{
  "scale": 1.0,

  "vertices": [
    [-28.0117, -29.0104, -76.7873],
    [  8.16839, -29.0104, -76.7873],
    [  8.16839,  11.28,   -76.7873],
    [-28.0117,  11.28,   -76.7873],
    [-28.0117, -29.0104,  37.1088],
    [  8.16839, -29.0104,  37.1088],
    [  8.16839,  11.28,    37.1088],
    [-28.0117,  11.28,    37.1088]
  ],

  "blocks": [
    "hex (0 1 2 3 4 5 6 7) (26 29 81) simpleGrading (1 1 1)"
  ],

  "edges": [],

  "defaultPatch": {},

  "boundary": {
    "world": {
      "type": "patch",
      "faces": [
        [0, 3, 2, 1],
        [4, 5, 6, 7],
        [0, 1, 5, 4],
        [3, 7, 6, 2],
        [0, 4, 7, 3],
        [1, 2, 6, 5]
      ]
    }
  },

  "mergePatchPairs": []
}