# Wavefront OBJ file
# Regions:
#     0    patch0
#
# points    : 2674
# triangles : 5300
#
v -2.486 -7.095 -0.1616
v -2.4131 -7.1023 -0.2926
v -2.4345 -7.277 -0.2801
v -2.4598 -6.8895 -0.1927
v -2.3952 -6.901 -0.3016
v -2.1242 -6.8592 0.3942
v -2.0751 -6.6103 0.3676
v -2.1471 -6.598 0.3898
v -2.1993 -6.8547 0.3942
v -2.2702 -6.5756 0.3612
v -2.0616 -6.8606 0.3698
v -2.3639 -6.6097 -0.3332
v -2.2373 -6.6374 -0.4318
v -2.1588 -7.0364 0.4291
v -2.0826 -7.0381 0.3979
v -2.2515 -7.0403 0.4088
v -2.3038 -6.8447 0.3587
v -2.1801 -7.1664 0.477
v -2.0954 -7.1603 0.4631
v -1.9616 -7.0233 0.3016
v -2.0128 -7.0347 0.3632
v -2.0196 -7.1618 0.421
v -1.8858 -6.8621 0.1778
v -1.9423 -6.8575 0.2719
v -2.1475 -7.0953 -0.3912
v -2.2959 -7.0989 -0.3971
v -2.285 -6.9177 -0.4004
v -1.9233 -7.0581 -0.1708
v -2.0151 -7.0762 -0.3002
v -1.9779 -6.9022 -0.298
v -2.1148 -6.9308 -0.3813
v -2.1482 -7.2308 -0.4
v -2.293 -7.2638 -0.3985
v -1.9222 -7.2068 -0.1551
v -2.0148 -7.2168 -0.2858
v -1.9072 -7.0178 0.2168
v -1.9477 -7.1678 0.3456
v -2.3505 -7.0468 0.3631
v -2.3632 -7.1985 0.4011
v -2.002 -6.8591 0.3437
v -2.2721 -7.1783 0.455
v -2.3721 -6.5805 0.2914
v -1.8627 -7.1682 0.1297
v -1.8745 -7.025 0.0977
v -1.8544 -6.8731 0.0646
v -1.8554 -7.1886 -0.011
v -1.8712 -7.0437 -0.0345
v -1.8487 -6.8856 -0.0625
v -2.4003 -6.8487 0.2803
v -2.4505 -7.0597 0.3232
v -1.8998 -6.8946 -0.1932
v -2.5938 -7.2603 0.0125
v -2.525 -7.2372 0.1861
v -2.5352 -7.0777 0.1752
v -2.478 -6.8652 0.1449
v -2.5031 -6.8768 -0.0158
v -2.5255 -7.078 0.0075
v -2.4685 -6.576 0.1382
v -2.4425 -7.2197 0.3207
v -2.5453 -7.2772 -0.1543
v -2.2966 -7.2993 0.5274
v -2.3252 -7.4236 0.6032
v -2.2234 -7.3879 0.6285
v -2.1077 -7.2667 0.5319
v -2.1199 -7.3652 0.6461
v -2.023 -7.378 0.6036
v -1.8379 -7.7673 0.3112
v -1.8799 -7.8309 0.1385
v -1.8738 -7.7151 0.1205
v -1.9408 -8.1404 1.915
v -1.9039 -8.204 1.7199
v -1.7811 -8.1201 1.6942
v -1.8835 -7.3587 0.3308
v -1.8561 -7.4768 0.4615
v -1.8186 -7.6512 0.3165
v -1.8839 -7.8757 -0.0738
v -1.9014 -7.9182 -0.3122
v -1.9176 -7.7799 -0.3383
v -1.8859 -7.9468 0.1566
v -1.8572 -7.8833 0.3059
v -1.9412 -8.0078 0.3151
v -1.9042 -7.9953 -0.0306
v -1.9482 -8.0421 0.2018
v -1.9222 -8.0337 -0.2872
v -1.9654 -8.0797 -0.0489
v -2.5519 -7.8893 -0.4291
v -2.333 -7.9154 -0.5616
v -2.3291 -8.0426 -0.4916
v -2.6376 -7.8996 -0.1585
v -2.5178 -8.0229 -0.3792
v -2.6607 -7.8951 0.0693
v -2.5924 -8.0386 -0.1535
v -2.6459 -7.8799 0.2676
v -2.6688 -8.025 0.0657
v -2.6014 -7.5031 -0.1423
v -2.6237 -7.764 -0.1488
v -2.6526 -7.7652 0.0728
v -2.4784 -7.4979 -0.2902
v -2.5541 -7.7576 -0.3634
v -2.3177 -7.4917 -0.4272
v -2.3326 -7.7794 -0.5232
v -1.8803 -7.7577 -0.1115
v -1.9302 -7.9395 1.9646
v -1.894 -7.8744 1.8181
v -2.0058 -7.8556 1.8407
v -1.9336 -7.4047 0.5725
v -2.424 -7.4777 0.5606
v -2.6303 -7.7345 0.3029
v -2.557 -7.4588 0.2303
v -1.9199 -7.4658 -0.1156
v -2.567 -8.046 1.7944
v -2.6456 -8.0475 1.6423
v -2.6405 -8.1039 1.6278
v -1.8634 -7.4427 0.0419
v -2.3271 -8.1659 0.1425
v -2.3282 -8.1361 0.2679
v -2.5124 -8.1409 0.2394
v -2.3131 -8.1849 -0.1362
v -2.5105 -8.1369 0.1082
v -2.3292 -8.1736 -0.3774
v -2.4969 -8.1444 -0.1552
v -1.8471 -7.9587 1.9215
v -2.0536 -8.0805 0.3114
v -2.0508 -8.096 0.1855
v -1.9631 -8.1288 -0.2253
v -2.056 -8.1697 -0.0946
v -2.1405 -7.8937 1.9638
v -2.1218 -7.8454 1.8351
v -2.2395 -7.8403 1.8104
v -2.6615 -8.0253 0.2324
v -2.4656 -8.1332 -0.3259
v -1.9918 -7.4735 -0.2827
v -2.0698 -7.7815 -0.5185
v -2.0422 -7.9356 -0.5424
v -2.0444 -8.1838 -0.3596
v -2.3255 -8.1765 1.6898
v -2.3101 -8.1421 1.8673
v -2.4736 -8.1166 1.8052
v -2.0429 -7.9189 1.9746
v -2.105 -8.1927 1.7309
v -2.1104 -8.1545 1.9202
v -2.3531 -7.8426 1.777
v -2.3421 -7.9044 1.9216
v -2.2468 -7.8883 1.9449
v -2.6508 -7.9912 1.6568
v -2.5619 -8.005 1.8201
v -2.5319 -7.9298 1.8311
v -2.5721 -8.0871 1.7687
v -2.5119 -8.1448 1.6512
v -2.4628 -7.8581 1.7398
v -2.4497 -7.9163 1.8852
v -1.8371 -8.0716 1.8977
v -1.768 -8.0658 1.7091
v -1.7549 -8.0114 1.724
v -1.7978 -7.9216 1.7696
v -1.835 -8.0324 1.9196
v -2.5742 -7.9002 1.6952
v -2.7446 -7.9693 1.4374
v -2.3804 -7.8562 1.5307
v -1.8623 -8.2097 1.3743
v -2.3283 -8.1931 1.3499
v -2.0862 -8.2206 1.3637
v -2.1206 -7.8339 1.5623
v -2.2449 -7.8452 1.5568
v -1.862 -7.8257 1.5398
v -2.731 -8.0371 1.4086
v -2.7173 -8.1048 1.3799
v -1.9982 -7.8252 1.5592
v -1.7239 -8.0981 1.3798
v -2.6453 -7.8957 1.4965
v -1.7518 -7.8612 1.4931
v -1.7095 -8.0311 1.401
v -1.695 -7.964 1.4221
v -2.5158 -7.863 1.5112
v -2.5614 -8.1624 1.3539
v -2.6665 -7.8544 1.2025
v -1.8611 -8.1705 1.097
v -1.7387 -8.0498 1.109
v -1.8484 -7.7192 1.2784
v -2.0119 -7.7136 1.3023
v -2.745 -8.0132 1.1053
v -2.7241 -8.0951 1.0746
v -2.1457 -7.7169 1.3088
v -2.279 -7.7594 1.2943
v -2.3362 -8.2049 1.0678
v -2.0785 -8.2059 1.0863
v -2.4098 -7.8213 1.2674
v -2.7373 -7.9329 1.136
v -2.5675 -8.1687 1.0515
v -2.5485 -7.822 1.2435
v -1.7199 -7.9791 1.1296
v -1.7012 -7.9082 1.1503
v -1.76 -7.7847 1.2371
v -2.3918 -7.7231 1.0223
v -1.8858 -8.1136 0.8297
v -1.8885 -7.6309 1.0445
v -2.0126 -7.6071 1.071
v -1.9403 -7.3061 0.412
v -2.1408 -7.6175 1.0772
v -2.3354 -8.1929 0.7841
v -2.6533 -7.7581 0.9278
v -2.7504 -7.9851 0.771
v -2.7311 -8.11 0.7465
v -1.7794 -7.9146 0.8401
v -1.7635 -7.8296 0.8507
v -1.7955 -7.9997 0.8295
v -2.7257 -7.8811 0.7956
v -1.8007 -7.7273 0.9515
v -2.0779 -8.1562 0.815
v -2.5209 -7.7334 0.9923
v -2.557 -8.1695 0.7547
v -2.3906 -7.3454 0.4538
v -2.4712 -7.3967 0.3657
v -2.2688 -7.6929 1.046
v -1.7999 -7.8342 0.5677
v -1.7846 -7.7157 0.5731
v -1.8452 -7.6101 0.6829
v -2.604 -7.6832 0.6481
v -1.9063 -8.07 0.5689
v -1.8152 -7.9526 0.5624
v -1.9245 -7.5295 0.7619
v -2.0207 -7.4843 0.808
v -2.6879 -7.9538 0.5034
v -2.6798 -8.0843 0.479
v -2.1326 -7.4997 0.8129
v -2.2475 -7.5314 0.7913
v -2.3335 -8.1781 0.5196
v -2.203 -7.2796 0.5345
v -2.0742 -8.1311 0.5515
v -2.0146 -8.0896 -0.4837
v -2.1234 -7.4778 -0.4287
v -2.3602 -7.569 0.7626
v -2.6961 -7.8233 0.5279
v -2.5273 -8.1568 0.491
v -2.475 -7.6093 0.7269
v -2.02 -7.2774 0.485
v -2.6675 -7.4933 0.0317
v -1.8973 -7.1659 0.2545
v -1.8404 -7.4217 0.1905
v -2.5126 -7.5701 0.4677
v -1.9496 -8.0331 1.9911
v -2.4521 -8.0122 1.9053
v -2.1661 -7.948 2.0158
v -2.1107 -8.0132 2.0034
v -2.3001 -8.004 1.9646
v -2.2448 -7.9442 2.0022
v -1.9452 -8.0867 1.9531
v -2.3051 -8.073 1.916
v -2.1105 -8.0838 1.9618
v -2.4629 -8.0643 1.8553
v -0.6399 5.2709 1.0241
v -1.0128 5.2761 0.9873
v -0.9216 5.0588 1.0931
v -1.2476 5.2501 0.9696
v -1.152 5.0232 1.051
v -1.4565 5.1687 0.9139
v -1.3522 4.9497 0.9769
v -1.5944 4.9699 0.8101
v -1.4902 4.7915 0.8533
v -0.7778 4.191 -0.4677
v -0.7485 4.0544 -0.4254
v -0.9483 4.0326 -0.3792
v -0.5672 4.2044 -0.4824
v -0.5466 4.072 -0.435
v -1.4617 4.4003 -0.3014
v -1.4915 4.5676 -0.3738
v -1.3388 4.644 -0.4921
v -1.1343 4.6947 -0.5626
v -1.0825 4.5025 -0.5324
v -0.244 5.2017 1.0165
v -0.2455 5.0163 1.0874
v 0 5.0065 1.0744
v -0.561 4.8794 1.1858
v -0.8365 4.8787 1.1813
v -0.7779 4.7042 1.2658
v -1.068 4.8502 1.1478
v -1.0131 4.6799 1.2367
v -1.2699 4.7635 1.0398
v -1.1986 4.5963 1.111
v -1.412 4.6585 0.8941
v -1.347 4.5005 0.9495
v -0.2468 4.8642 1.1508
v -0.523 4.7095 1.2607
v -1.2747 5.7316 0.1409
v -1.0809 5.7263 0.1288
v -1.0879 5.7501 -0.0287
v -1.2817 5.7546 -0.0465
v -1.0838 5.7275 -0.2056
v -1.2596 5.6825 -0.2664
v -1.0205 5.5886 -0.4172
v -0.8495 4.5237 -0.5811
v -0.8116 4.3443 -0.5273
v -1.0381 4.3197 -0.5002
v -1.1372 3.5257 -0.0153
v -1.1033 3.3904 0.0014
v -1.2267 3.3853 0.1746
v -0.6164 4.5372 -0.5542
v -0.5896 4.3604 -0.5193
v -1.2711 5.7223 0.3719
v -1.0497 5.6783 0.3259
v -1.5271 5.7787 0.1491
v -1.5191 5.7616 -0.0858
v -1.4798 5.6755 -0.3167
v -1.1805 5.5112 -0.4344
v -1.8771 5.7124 0.1329
v -1.4128 4.261 -0.2379
v -1.522 4.2267 -0.0203
v -1.8432 5.6831 -0.1197
v -1.8022 5.5986 -0.3342
v -1.3973 5.4945 -0.4366
v -2.1513 5.4739 0.1181
v -2.1079 5.4469 -0.1034
v -1.992 5.3825 -0.2971
v -1.6783 5.4538 -0.4196
v -0.5125 3.8423 -0.385
v -0.4972 3.7346 -0.3625
v -0.6787 3.7131 -0.3286
v -2.3298 5.2002 0.0978
v -2.2713 5.1913 -0.1042
v -2.1568 5.1395 -0.2784
v -1.8394 5.2657 -0.412
v -1.5579 4.6653 0.6769
v -1.4947 4.5485 0.7021
v -2.5506 4.7988 0.0849
v -2.4701 4.9634 0.0869
v -2.4073 4.9434 -0.1072
v -1.6814 4.406 -0.1195
v -1.7041 4.5075 0.1736
v -1.787 4.4117 0.1693
v -2.5027 4.7828 -0.1004
v -2.2866 4.923 -0.2563
v -2.3887 4.7384 -0.2347
v -2.1099 4.8639 -0.3447
v -2.6695 4.622 0.0951
v -1.7433 4.3232 -0.1002
v -1.9032 4.2713 0.1859
v -2.6219 4.5957 -0.0902
v -2.5187 4.5414 -0.217
v -2.2263 4.6852 -0.3168
v -1.1092 4.1498 1.3225
v -1.1352 4.2812 1.2682
v -1.2535 4.206 1.0835
v -1.6796 4.7724 0.6729
v 0 4.8523 1.1336
v -1.4432 4.4069 0.7452
v -1.533 5.7736 0.4095
v -1.8795 5.6996 0.4059
v -2.1452 5.4689 0.369
v -2.346 5.1995 0.3453
v -2.5449 4.7974 0.3545
v -2.4597 4.9526 0.3581
v -2.6509 4.6224 0.3729
v -1.5104 4.8471 -0.4579
v -1.3716 4.9272 -0.5238
v -0.2221 4.2848 1.4831
v -0.2339 4.4145 1.4061
v -0.4593 4.4098 1.4016
v -0.4375 4.2884 1.4746
v -0.7068 4.382 1.3908
v -0.688 4.2669 1.4485
v -0.9601 4.3543 1.3839
v -0.9331 4.2227 1.4474
v -2.0017 4.0143 -0.0585
v -2.0514 4.0611 0.2221
v -2.2384 3.836 0.2329
v -2.8987 4.2478 -0.0335
v -2.767 4.4034 -0.0624
v -2.6723 4.3482 -0.1901
v -2.8083 4.1853 -0.1727
v -2.5571 4.2711 -0.2848
v -2.9087 4.2851 0.4245
v -2.7863 4.4442 0.3882
v -2.8103 4.4379 0.1315
v -1.0844 3.9016 -0.2203
v -1.1333 4.0205 -0.2745
v -2.9377 4.2798 0.1416
v -2.9399 4.0504 -0.1498
v -2.7136 4.1053 -0.2748
v -3.0122 4.1439 0.4329
v -3.049 4.1424 0.1614
v -2.2233 3.8307 -0.0724
v -2.3702 3.6586 0.2409
v -3.0191 4.1106 -0.0132
v -0.5287 3.9525 -0.4087
v -0.6981 3.8245 -0.3499
v -0.7206 3.9378 -0.3775
v -0.8783 3.8039 -0.285
v -1.0189 3.6663 -0.167
v -1.0486 3.7827 -0.1884
v -1.2468 3.8811 -0.0895
v -1.2054 3.7624 -0.0583
v -1.347 3.7385 0.109
v -0.9147 5.6854 0.2824
v -0.961 5.7426 0.1018
v -0.9803 5.7612 -0.052
v -0.9811 5.7473 -0.2131
v -0.1683 3.5559 1.6722
v -0.1585 3.2504 1.6697
v 0 3.2558 1.6713
v 0 5.2054 1.0033
v 0 5.3529 0.9186
v -3.0624 3.9285 -0.0963
v -2.8541 3.9752 -0.2463
v -3.1055 4.0382 0.4495
v -1.2296 4.0729 1.1265
v -1.3507 4.1249 0.844
v -0.9905 3.5452 -0.1471
v -3.1388 4.0294 0.1952
v -2.5238 3.5507 -0.0294
v -2.3704 3.6794 -0.0618
v -3.1243 3.9925 0.0305
v -1.1704 3.646 -0.0322
v -1.2381 4.302 -0.3859
v -1.1826 4.1567 -0.3273
v -1.364 4.1222 -0.1932
v -1.8526 -1.827 -0.2152
v -1.6705 -1.8605 -0.3854
v -1.7079 -2.2994 -0.3089
v -1.2946 4.0041 -0.1269
v -1.4506 3.9606 0.0451
v -4.5158 2.3122 1.658
v -4.4322 2.4236 1.508
v -4.3546 2.323 1.4754
v -4.2218 2.6899 1.1287
v -4.1287 2.5753 1.0896
v -4.077 2.8191 0.9003
v -3.975 2.6977 0.8554
v -3.7813 2.8383 0.6177
v -3.4773 3.7101 0.4216
v -3.3658 3.8087 0.3086
v -3.4028 3.7073 0.1651
v -2.965 3.1717 0.1506
v -2.8594 3.26 0.0419
v -2.7643 3.2828 0.3038
v -3.5146 3.6002 0.29
v -3.3979 3.5986 0.0616
v -3.5146 3.493 0.1734
v -3.3604 3.4929 -0.0179
v -3.3499 3.7908 0.567
v -3.2534 3.8775 0.5036
v -3.914 2.9577 0.6637
v -3.7608 3.1035 0.4326
v -3.6198 2.9878 0.3863
v -2.6792 3.6506 -0.2352
v -2.529 3.7661 -0.2631
v -3.6164 3.2536 0.2233
v -3.4825 3.1315 0.1771
v -2.4341 -6.2148 -0.2648
v -2.4239 -5.7354 -0.2997
v -2.2896 -5.7494 -0.4688
v -3.0638 3.0529 0.3189
v -2.8593 3.1844 0.3761
v -3.668 3.4672 0.3994
v -3.6597 3.3625 0.2959
v -3.4778 3.3862 0.0907
v -3.491 3.6589 0.6537
v -2.697 3.8761 -0.285
v -3.3697 3.2505 0.0236
v -2.4515 -5.3207 -0.3457
v -2.2647 -5.3768 -0.5385
v -2.4501 -4.9382 -0.3671
v -2.2353 -4.9988 -0.5711
v -3.6258 3.5756 0.5135
v -3.8036 3.2074 0.5004
v -3.6506 3.4925 0.8118
v -2.362 3.9268 -0.28
v -2.6966 3.3983 -0.0309
v -2.6379 3.401 0.2364
v -2.3628 -4.5945 -0.3307
v -2.1498 -4.6377 -0.5367
v -3.7676 3.4033 0.6853
v -3.2093 2.9038 0.5318
v -2.9533 3.0983 0.5132
v -3.8012 3.3098 0.5901
v -3.7862 3.2927 1.0151
v -2.5461 4.025 -0.3081
v -2.1649 -4.1039 -0.232
v -2.0843 -3.9143 -0.1995
v -1.9434 -3.9552 -0.3805
v -3.9091 3.2325 0.908
v -3.3795 2.766 0.7701
v -3.0964 2.9615 0.7155
v -3.95 3.1461 0.8144
v -3.9515 3.055 0.7366
v -2.1816 4.108 -0.2726
v -2.8547 3.7535 -0.2788
v -2.9966 3.8497 -0.2195
v -2.0208 -3.7199 -0.1565
v -1.8869 -3.7694 -0.3169
v -4.0523 3.0631 1.1418
v -3.5665 2.6345 1.0179
v -3.2936 2.8357 0.9176
v -4.0975 2.996 1.047
v -4.1043 2.9074 0.9735
v -3.9303 3.1093 1.2384
v -4.1735 2.9092 1.3634
v -3.7435 2.5124 1.234
v -3.4853 2.7112 1.1305
v -4.2198 2.858 1.2715
v -4.2411 2.7783 1.2051
v -4.0673 2.9576 1.443
v -2.3737 4.1995 -0.3183
v -1.8545 4.1962 -0.0743
v -1.8516 4.4651 -0.2848
v -4.3565 2.6502 1.7063
v -3.9629 2.3051 1.5352
v -3.6625 2.5976 1.3241
v -4.4055 2.6081 1.6434
v -4.4446 2.5241 1.5739
v -4.2617 2.689 1.7725
v -1.993 4.3187 -0.2585
v -2.1758 4.4172 -0.3285
v -2.0356 4.5982 -0.3384
v -1.7492 4.6142 -0.3203
v -4.1399 2.1421 1.7961
v -3.8783 2.3911 1.6359
v -4.4748 2.4932 1.8016
v -4.5248 2.4091 1.7065
v -4.3329 2.5581 1.9122
v -2.3777 4.4814 -0.2995
v -4.4201 2.5291 1.8538
v -3.9647 2.6087 1.8072
v -4.1328 2.6787 1.823
v -4.2292 2.5548 1.9619
v -3.8731 2.4914 1.7275
v -4.0965 2.4604 1.9967
v -3.7408 2.8395 1.4781
v -3.5834 2.9741 1.2914
v -3.7801 3.101 1.2956
v -3.9271 2.9425 1.4914
v -3.6471 2.7055 1.4204
v -3.4801 2.8235 1.2326
v -3.2918 2.9585 1.0309
v -3.4043 3.1276 1.0975
v -3.6213 3.2812 1.0772
v -3.0884 3.0973 0.8503
v -3.2095 3.295 0.9235
v -2.9542 3.2404 0.6482
v -3.0606 3.4561 0.7673
v -2.897 3.3294 0.5086
v -2.9976 3.5467 0.6822
v -2.8537 3.4 0.4679
v -2.9569 3.6041 0.6419
v -2.862 3.4696 -0.1845
v -3.4642 3.4902 0.8951
v -3.0809 3.5413 -0.2188
v -3.0411 3.2906 -0.0741
v -3.3058 3.6478 0.743
v -3.2024 3.7198 0.6628
v -3.2027 3.6525 -0.1321
v -3.2458 3.7467 -0.04
v -2.4769 3.7261 0.4597
v -2.677 3.8835 0.618
v -2.7949 3.7339 0.599
v -0.9572 4.9655 -0.6315
v -0.8966 4.7264 -0.6099
v -0.7029 4.9617 -0.6542
v -0.6526 4.7339 -0.5868
v -1.9604 -3.4943 -0.1372
v -1.9255 -3.2597 -0.1304
v -1.7913 -3.2989 -0.2577
v -1.8425 -1.4135 -0.2421
v -1.6406 -1.4356 -0.4532
v -1.8363 -0.773 -0.2939
v -1.7771 -0.5313 -0.316
v -1.4863 -0.5885 -0.5547
v -1.1117 -0.0322 -0.8737
v -1.1058 -0.3746 -0.7407
v -1.3973 -0.3456 -0.6165
v -0.988 2.0257 -0.2485
v -1.0495 1.7674 -0.3708
v -1.2399 1.7665 -0.265
v -0.9631 3.41 -0.1293
v -0.936 3.2536 -0.1146
v -1.0585 3.2366 0.0229
v -0.9076 3.0667 -0.0995
v -0.8979 2.8355 -0.104
v -1.0206 2.821 0.0173
v -1.03 3.05 0.0267
v -1.2949 4.4587 -0.4439
v -1.5574 4.3337 -0.0749
v -1.5967 4.4338 -0.1634
v -1.1843 4.959 -0.5734
v -2.3432 3.8904 0.4724
v -2.5779 4.0592 0.6266
v -2.1606 4.1031 0.4665
v -2.4219 4.26 0.6192
v -1.8383 4.5044 0.4349
v -2.0982 4.6596 0.6383
v -2.2566 4.465 0.6242
v -1.7356 4.6491 0.4799
v -2.8866 4.0572 0.585
v -2.9889 3.9232 0.5801
v -1.9197 4.959 0.6676
v -1.9796 4.831 0.6368
v -2.7879 4.219 0.5892
v -2.6625 4.3934 0.5703
v -2.4117 4.7668 0.5287
v -2.5309 4.5862 0.5388
v -1.6197 5.3914 0.8438
v -1.7869 5.1829 0.737
v -2.196 5.1153 0.5636
v -2.3061 4.9184 0.5327
v -1.8025 5.6103 0.6705
v -2.0163 5.3683 0.6094
v -0.6451 3.4585 -0.2793
v -0.6291 3.2997 -0.2473
v -0.7895 3.2761 -0.2001
v -1.1677 3.2288 0.2059
v -0.4732 3.4818 -0.3102
v -0.4653 3.3194 -0.285
v -0.6199 3.1045 -0.2337
v -0.7696 3.086 -0.1805
v -1.1309 3.0438 0.2081
v -0.4615 3.1204 -0.2695
v -0.6176 2.8652 -0.2353
v -0.7627 2.851 -0.1828
v -1.1232 2.8181 0.1916
v -0.4636 2.8768 -0.2712
v -1.2753 2.8836 0.9914
v -1.0683 2.8678 1.2021
v -1.0737 3.1291 1.2382
v -0.9642 3.4296 1.4617
v -0.9142 3.1566 1.4103
v -0.7185 3.1864 1.5407
v -0.9003 2.8714 1.3781
v -0.7009 2.8787 1.5113
v -1.2571 3.1044 1.0017
v -1.1126 3.3791 1.2461
v -0.5125 3.2143 1.618
v -0.4956 2.8903 1.5962
v -0.3112 2.8986 1.6372
v -0.1523 2.8996 1.6501
v 0 2.8994 1.6521
v -1.1399 3.5718 1.2522
v -1.1665 3.7207 1.2453
v -1.2837 3.6495 0.9578
v -0.5393 3.4979 1.6281
v -0.3224 3.2382 1.6571
v -1.3519 5.4718 0.8523
v -0.7521 3.4774 1.5801
v -0.4718 2.5994 -0.2933
v -0.4827 2.3214 -0.3368
v -0.6397 2.3134 -0.3
v -0.6246 2.5907 -0.2559
v -0.7916 2.3037 -0.2475
v -0.9084 2.567 -0.1257
v -0.7698 2.5799 -0.2029
v -1.0854 2.2798 -0.0559
v -1.0385 2.5501 -0.0121
v -1.2219 2.2621 0.0983
v -1.3058 2.5411 0.9675
v -1.3576 2.2242 0.9576
v -1.1366 2.2224 1.1568
v -0.9343 2.2043 1.3081
v -0.9077 2.54 1.3436
v -1.0944 2.5466 1.1759
v -0.7125 2.1894 1.4283
v -0.6989 2.534 1.4741
v -0.495 2.1849 1.5141
v -0.4897 2.5364 1.5595
v -0.3051 2.1841 1.557
v -0.306 2.5377 1.6
v -1.1939 1.9373 1.1549
v -1.2266 1.6499 1.1121
v -0.9955 1.6041 1.2319
v -0.5104 1.8559 1.4641
v -0.5287 1.5411 1.4122
v -0.3262 1.5186 1.4662
v -0.9684 1.8994 1.2763
v -0.7589 1.5682 1.3272
v -1.3837 1.9719 0.9501
v -1.428 1.7074 0.9396
v -0.7375 1.8715 1.3838
v -0.4919 2.0546 -0.404
v -0.5146 1.8051 -0.4894
v -0.6892 1.7966 -0.473
v -0.6582 2.0455 -0.3734
v -0.868 1.7805 -0.4365
v -1.1605 2.0228 -0.137
v -1.448 1.7604 -0.0576
v -0.3942 -0.0551 -0.8952
v -0.3078 -0.4372 -0.6
v -0.4947 -0.4867 -0.6486
v -0.5858 -0.064 -0.9543
v -0.8076 -0.3923 -0.8061
v -1.363 -0.0288 -0.7225
v -1.6758 -0.3164 -0.3571
v -0.0456 0.3369 -0.864
v 0 0.3265 -0.799
v 0 -0.1571 -0.4506
v -0.4265 0.3648 -1.0424
v -0.2108 0.3607 -1.017
v -0.1801 -0.0814 -0.8459
v -0.1707 0.2398 1.2987
v 0 0.2063 1.2931
v 0 0.6259 1.4142
v -0.1376 -0.1156 1.1469
v 0 -0.1542 1.1483
v -0.6345 0.3725 -1.0903
v -0.8454 -0.0383 -0.9579
v -1.1451 0.3647 -0.9581
v -0.8827 0.3693 -1.0579
v -0.1174 1.5471 -0.5676
v 0 1.5349 -0.5625
v 0 1.2174 -0.6859
v -0.4913 1.5024 -0.6343
v -0.3035 1.5154 -0.6117
v -0.2836 1.2066 -0.7529
v -0.4791 1.203 -0.8051
v -0.6828 1.1958 -0.8351
v -0.6832 1.4923 -0.6362
v -0.9002 1.1885 -0.825
v -1.0812 1.4723 -0.5297
v -0.8805 1.482 -0.6065
v -1.32 1.1449 -0.5737
v -1.2927 1.483 -0.4337
v -1.4929 1.1333 -0.2654
v -0.3403 0.3079 1.3046
v -0.3567 0.7253 1.3993
v -0.5474 0.8123 1.3515
v -0.5396 0.3877 1.2806
v -0.796 0.8728 1.2637
v -0.811 0.4675 1.2297
v -1.0604 0.9306 1.1833
v -1.0794 0.5463 1.1901
v -1.3223 0.9888 1.1111
v -1.6579 0.6541 0.8903
v -1.3572 0.6038 1.1223
v -0.2698 -0.0752 1.1469
v -0.4874 0.003 1.1262
v -0.7943 0.1023 1.2028
v -1.1108 0.1761 1.2225
v -1.7177 0.2722 0.9012
v -1.38 0.359 -0.7554
v -1.6333 -0.024 -0.3913
v -0.1473 1.839 -0.4924
v 0 1.8469 -0.4889
v -0.3288 1.8148 -0.4997
v -1.789 4.9063 -0.4174
v -2.0037 5.042 -0.3771
v -1.4903 1.4739 -0.1819
v -4.0438 2.33 1.964
v -4.0648 2.2231 1.8823
v -1.657 5.0777 -0.4644
v -0.8091 3.4342 -0.2184
v -0.151 2.1813 1.5823
v -0.1504 2.5344 1.6183
v -0.8228 2.0353 -0.3249
v -1.3448 0.7617 -0.6719
v -1.5398 0.7381 -0.3443
v -1.5933 0.3379 -0.3933
v -0.8726 -0.482 1.1981
v -0.8195 -0.1931 1.1875
v -1.1533 -0.1116 1.2262
v -0.5262 -0.5726 1.0879
v -1.7859 -0.021 0.9527
v -1.8519 -0.3055 0.9858
v -1.5387 -0.344 1.2232
v -1.2114 -0.4093 1.2529
v -1.4786 -0.0451 1.1916
v -0.2382 -0.7136 0.5658
v -0.2091 -0.584 0.5645
v -0.2732 -0.4767 0.8401
v -0.2377 -0.7644 0.3607
v -0.2122 -0.6344 0.3762
v -0.279 -0.6142 -0.3576
v -0.4071 -0.7292 -0.3743
v -0.9672 -0.7427 -0.6513
v -1.0605 -0.9904 -0.6205
v -1.3242 -0.8953 -0.6223
v -1.5743 -0.8215 -0.5312
v -1.2136 -0.6509 -0.6394
v -0.9825 -1.089 1.1873
v -0.9239 -0.7824 1.1762
v -1.2655 -0.6739 1.2489
v -0.7338 -0.8411 -0.5275
v -0.8398 -1.1225 -0.4993
v -0.4377 -1.356 0.5675
v -0.3471 -1.0404 0.5698
v -0.4274 -0.9819 0.8358
v -1.3255 -0.9739 1.2496
v -1.6016 -0.5934 1.236
v -0.4414 -1.3727 0.3122
v -0.3263 -1.0886 0.3278
v -0.7034 -1.1928 1.0682
v -1.9062 -0.539 0.9781
v -1.9299 -0.7832 0.9693
v -1.6619 -0.8658 1.2267
v -0.5437 -0.9711 -0.3502
v -0.6518 -1.2263 -0.3606
v -0.5961 -1.9122 0.5524
v -0.661 -1.8569 0.8048
v -0.7587 -2.209 0.7974
v -0.5908 -1.9236 0.3136
v -0.6883 -2.2644 0.5481
v -0.6694 -2.2792 0.3211
v -0.6918 -2.2838 0.0979
v -1.395 -1.5065 -0.554
v -1.4594 -1.9267 -0.4791
v -2.7423 3.4915 0.4227
v -2.6176 3.5899 0.4374
v -1.5152 -3.6602 0.9236
v -1.4654 -3.3972 0.938
v -1.6499 -3.3501 0.8963
v -1.3 -3.4631 -0.3144
v -1.3296 -3.6729 -0.3209
v -1.4869 -3.6284 -0.3927
v -1.0672 -3.8048 0.497
v -1.0456 -3.573 0.4974
v -1.1314 -3.5263 0.6955
v -1.9836 4.3251 0.4329
v -1.6954 -3.6149 0.9013
v -1.8005 -3.3098 0.7869
v -1.0202 -3.8007 0.2815
v -0.9942 -3.5858 0.3182
v -1.3199 -3.7005 0.8601
v -1.926 -3.2785 0.6209
v -1.9737 -3.531 0.597
v -1.84 -3.5762 0.7861
v -1.1616 -3.5285 -0.1869
v -1.1918 -3.719 -0.2005
v -1.4598 -3.3944 -0.3675
v -1.6686 -3.5679 -0.3732
v -1.8266 -3.5315 -0.2729
v -1.6325 -3.3418 -0.3447
v -1.5763 -3.9273 0.8521
v -1.4078 -3.9934 0.7684
v -1.2713 -4.0596 0.6063
v -1.1704 -3.7637 0.6894
v -1.1705 -4.1023 0.4341
v -1.1532 -4.1178 0.2413
v -1.0322 -3.782 0.0969
v -1.1396 -4.1067 0.0524
v -1.1773 -4.0745 -0.1139
v -1.1053 -3.7538 -0.0537
v -1.2523 -4.0236 -0.2565
v -1.2322 -4.32 0.197
v -1.6272 -4.154 0.745
v -1.5033 -4.2006 0.6895
v -1.9974 -3.7637 0.5286
v -2.0563 -3.9744 0.4913
v -1.9025 -4.0435 0.69
v -1.2924 -4.2339 -0.2951
v -1.3995 -4.156 -0.427
v -1.5287 -3.8772 -0.4423
v -1.5706 -4.0829 -0.4935
v -1.7511 -4.0169 -0.4779
v -1.712 -3.8153 -0.4269
v -1.739 -3.8741 0.8365
v -1.3702 -3.9522 -0.376
v -1.2662 -4.3215 0.3763
v -1.7666 -4.0973 0.7495
v -1.877 -3.8263 0.749
v -2.007 -4.1307 -0.4153
v -1.6716 -4.3818 0.639
v -1.602 4.4852 0.1695
v -1.4308 -4.3798 -0.489
v -1.5981 -4.2934 -0.5528
v -1.3405 -4.5455 0.3404
v -1.366 -4.2828 0.5355
v -1.6005 4.5709 0.4551
v -1.5515 4.391 0.206
v -1.793 -4.3162 0.6618
v -1.275 -4.5525 0.1756
v -1.5629 -4.4374 0.5846
v -2.1005 -4.1802 0.4624
v -1.931 -4.2525 0.6311
v -1.311 -4.4653 -0.3463
v -1.7949 -4.223 -0.5333
v -1.5273 4.4647 0.4716
v -1.5257 4.2749 0.2446
v -1.4847 4.1481 0.2769
v -1.4436 4.2105 0.54
v -1.4464 4.0136 0.3036
v -1.4058 4.0611 0.5744
v -1.3863 3.9231 0.6001
v -1.4094 3.8844 0.3313
v -1.3737 3.7635 0.359
v -1.9336 -5.1333 0.5276
v -1.8882 -4.8225 0.5653
v -2.0371 -4.7451 0.5279
v -1.4993 -5.3265 0.1163
v -1.3992 -5.0526 0.1301
v -1.4948 -5.0375 0.2696
v -1.7645 -4.8921 0.5115
v -1.809 -5.193 0.4747
v -1.731 -5.2345 0.4207
v -2.2112 -4.6745 0.3988
v -2.2675 -5.0006 0.3795
v -2.0943 -5.0691 0.5019
v -1.3861 -4.9805 -0.4319
v -1.447 -5.2848 -0.4276
v -1.5655 -5.2319 -0.6083
v -1.6722 -4.8363 -0.6756
v -1.7562 -5.1607 -0.6804
v -2.0043 -5.081 -0.7269
v -1.9171 -4.7473 -0.6709
v -1.3533 3.6465 0.3848
v -1.3514 3.6871 0.6484
v -1.5003 -4.9176 -0.5951
v -1.5827 -5.306 0.2363
v -1.5869 -4.9991 0.3743
v -1.5519 -5.5945 -0.3948
v -1.655 -5.552 -0.5744
v -1.8213 -5.4937 -0.6376
v -2.0246 -5.4312 -0.6226
v -1.8603 -5.5171 0.4269
v -1.335 3.571 0.6685
v -1.6648 -5.6036 0.2162
v -1.6548 -5.2757 0.3457
v -1.2906 3.3958 0.4301
v -1.3177 3.4393 0.6865
v -1.9623 -5.4812 0.4708
v -1.6039 -5.6196 0.0991
v -1.7883 -5.5478 0.3858
v -2.317 -5.3637 0.3623
v -2.1179 -5.4344 0.4783
v -1.7399 -5.9276 0.2279
v -1.7242 -5.5761 0.3081
v -1.2505 3.2403 0.4395
v -2.0037 -5.8451 0.4229
v -1.6792 -5.9388 0.1143
v -1.9188 -5.8632 0.3895
v -1.8543 -5.8829 0.3542
v -2.3264 -5.7697 0.3319
v -2.1513 -5.8159 0.4337
v -1.6927 -5.908 -0.3396
v -1.7551 -5.8657 -0.4775
v -1.8804 -5.8243 -0.5681
v -2.0652 -5.783 -0.5541
v -1.2012 3.0618 0.4343
v -1.3322 3.0671 0.7171
v -1.3049 3.276 0.7029
v -2.3375 -6.2005 0.3196
v -2.2049 -6.1973 0.3929
v -1.7861 -6.2693 -0.2754
v -1.8663 -6.2445 -0.3941
v -1.9832 -6.2344 -0.4883
v -2.1716 -6.2475 -0.4924
v -2.3448 -6.2294 -0.3887
v -2.0047 -6.2438 0.369
v -1.1941 2.8683 0.425
v -1.3425 2.9004 0.7198
v -1.8283 -6.276 0.2329
v -1.7979 -5.9051 0.2968
v -2.0731 -6.2354 0.3966
v -1.7665 -6.2888 0.1206
v -1.9409 -6.2536 0.3416
v -1.3788 2.5308 0.7049
v -1.2492 2.5372 0.3876
v -1.3265 2.2538 0.3572
v -1.462 2.2394 0.6803
v -1.4427 2.0292 0.3016
v -1.5241 2.0034 0.6483
v -1.5349 1.7605 0.2328
v -1.9435 -6.6675 -0.3206
v -2.0821 -6.665 -0.3971
v -1.8661 -6.6626 -0.2219
v -1.7284 -6.2938 -0.0022
v -1.8109 -6.6354 0.0375
v -1.8045 -6.6534 -0.0874
v -1.8847 -6.262 0.2893
v -1.9534 -6.6201 0.3045
v -1.5499 1.7453 0.5956
v -1.6242 1.4608 0.131
v -1.6569 1.1195 0.0522
v -1.7628 1.1311 0.4638
v -1.6885 1.4643 0.5188
v -1.6896 0.7189 0.0076
v -1.787 0.6926 0.4373
v -1.7654 0.318 0.0367
v -1.6502 -5.9436 -0.0266
v -1.7388 -6.2847 -0.1368
v -1.9109 4.7554 -0.3731
v -1.6512 -5.9344 -0.1813
v -1.5301 -5.62 -0.2161
v -1.5644 -5.6254 -0.042
v -1.4301 -5.3378 -0.0411
v -1.6743 -4.9462 0.4595
v -1.3347 -5.0539 -0.0405
v -1.4024 -5.3187 -0.2437
v 1.7949 -4.223 -0.5333
v 2.007 -4.1307 -0.4153
v 2.1498 -4.6377 -0.5367
v -1.2521 -4.5132 -0.1858
v -1.2365 -4.2787 -0.1473
v -1.2018 -4.311 0.0269
v -1.4424 -4.5064 0.4742
v -1.2734 -3.4573 0.876
v -1.0661 -3.5682 -0.0394
v -0.9908 -3.5891 0.1129
v -1.8096 0.3003 0.4675
v -1.8086 -0.0503 0.0687
v -1.8932 -0.0414 0.5076
v -1.8728 -0.3059 0.1059
v -0.6193 -0.8799 1.0795
v -0.5212 -1.275 0.8241
v -0.4515 -0.3043 1.0418
v -0.3335 -0.6649 0.8371
v -1.5695 1.4262 0.9181
v -1.2698 1.3576 1.1058
v -0.3599 -1.1019 0.0683
v -0.456 -1.3525 0.0614
v -0.5481 -1.2999 -0.1428
v -0.338 -0.768 -0.1061
v -0.2781 -0.6667 -0.0759
v -0.2173 -0.6635 0.1644
v -0.4063 5.2485 -0.564
v -0.4228 5.0868 -0.5542
v -0.7913 5.2493 -0.5819
v -1.323 -5.0214 -0.2543
v 2.1649 -4.1039 -0.232
v 2.3628 -4.5945 -0.3307
v 2.4264 -4.587 -0.063
v -2.0904 -3.7117 0.0631
v -2.0439 -3.4863 0.0804
v -0.4434 -1.0449 -0.1335
v -0.4316 4.9114 -0.5615
v -0.4122 4.7201 -0.5595
v -0.3932 4.5373 -0.5359
v -0.3777 4.3682 -0.4951
v -0.2503 -0.7949 0.1332
v -1.4418 -1.5724 1.2087
v -1.7341 -1.4971 1.1759
v -1.7815 -1.8602 1.1057
v -1.1216 -1.6863 1.1763
v -1.5105 -1.9401 1.165
v -2.0176 -0.5104 0.5543
v -1.9544 -0.3048 0.5386
v -1.9763 -0.7484 0.1213
v -2.0526 -0.7574 0.5632
v -1.2424 -4.5441 0.0026
v 2.3631 -4.6065 0.2062
v 2.2356 -4.1032 0.0038
v 2.21 -4.1269 0.2524
v 2.1005 -4.1802 0.4624
v 2.2112 -4.6745 0.3988
v -1.9398 -2.9648 0.6721
v -1.2056 -2.0462 1.1431
v -1.5588 -2.3404 1.1173
v -1.7917 -2.2801 1.0419
v -1.9524 -2.236 0.8102
v -1.5244 -2.3601 -0.3954
v -1.3266 -2.4369 -0.3981
v -1.1456 -2.513 -0.3375
v -1.2493 -2.0156 -0.4837
v -0.9618 -2.5886 -0.2579
v -1.0586 -2.1081 -0.4203
v -0.8184 -2.655 -0.0818
v -0.8708 -2.1919 -0.2779
v -0.7462 -2.258 -0.1034
v -0.7764 -2.6729 0.1156
v -0.7852 -2.6642 0.3298
v -0.7982 -2.6385 0.5559
v -0.8665 -2.581 0.7951
v -1.0417 -2.4948 1.0156
v -1.2771 -2.4325 1.0989
v -0.9365 -2.13 1.0478
v -0.8452 -1.7829 1.0437
v 1.9524 -2.236 0.8102
v 1.7917 -2.2801 1.0419
v 1.7861 -3.0043 0.842
v -0.6849 -1.8927 -0.1235
v -0.6181 -1.9235 0.0809
v -0.7899 -1.8326 -0.3159
v -0.961 -1.7261 -0.4609
v -1.1596 -1.6112 -0.5492
v 2.0107 -2.2256 0.4691
v 1.9398 -2.9648 0.6721
v -1.4817 5.6777 0.6667
v -1.1232 5.4839 0.8429
v -2.4851 -6.2111 -0.0666
v -2.458 -6.2037 0.1342
v -2.4515 -5.7398 0.154
v -1.9646 -1.8129 0.8908
v 1.9962 -2.9496 0.3927
v 1.9722 -2.9519 0.1017
v 1.9926 -2.2277 0.1293
v 1.8861 -2.981 -0.1274
v 1.8659 -2.2559 -0.1642
v -0.3826 3.9157 1.6383
v -0.4065 4.0592 1.5855
v -0.6386 4.0307 1.5642
v -0.5738 3.7046 1.6257
v -0.8044 3.6556 1.6107
v -1.2186 5.6316 0.6163
v -0.8646 5.5107 0.8453
v -0.8331 5.6026 0.4538
v -0.9861 5.6031 0.5433
v -0.3639 4.2128 -0.4706
v -0.3516 4.0774 -0.4477
v -1.4933 5.1958 -0.5067
v -1.0476 5.2347 -0.5815
v -1.2809 5.2252 -0.5358
v -0.9904 4.1679 -0.4319
v -1.5062 4.0848 0.0111
v -0.5139 5.4072 0.9612
v -2.4477 -5.3179 0.1676
v -2.4905 -5.3018 -0.0937
v -2.479 -5.7313 -0.0811
v -2.4111 -4.9416 0.1844
v -1.3874 4.2655 0.7924
v -1.2868 4.353 1.0112
v -1.1514 4.4307 1.1865
v -0.9811 4.4829 1.3278
v -0.339 3.9592 -0.4293
v -0.3284 3.8536 -0.4087
v -0.239 4.5408 1.3297
v -0.252 4.7089 1.2235
v -0.9086 5.6629 -0.3884
v -0.3183 3.7478 -0.3855
v -2.3631 -4.6065 0.2062
v -2.4264 -4.587 -0.063
v -2.4781 -4.9191 -0.0881
v -0.1915 3.9267 1.6468
v -0.2031 4.0701 1.5944
v -1.0487 3.7835 1.4913
v -1.0612 3.9134 1.4251
v -1.1884 3.8436 1.2116
v -0.6609 3.5939 -0.3041
v -1.2988 3.7653 0.9358
v -0.8534 3.6899 -0.2623
v -0.3398 3.5347 1.661
v -0.3584 3.7537 1.6621
v -0.4841 3.617 -0.3371
v -1.3106 3.6289 0.1424
v 1.931 -4.2525 0.6311
v 2.0371 -4.7451 0.5279
v -0.85 3.8364 1.6192
v -0.8826 3.9874 1.5585
v -0.8304 3.5695 -0.2397
v -0.7395 4.5178 1.3413
v -0.4877 4.5285 1.33
v -0.6082 3.8793 1.6121
v -0.3032 3.4987 -0.333
v 1.793 -4.3162 0.6618
v 1.8882 -4.8225 0.5653
v -1.0118 3.6196 1.4821
v -0.1827 3.7699 1.6696
v -0.2997 3.3351 -0.3078
v -2.2356 -4.1032 0.0038
v -2.21 -4.1269 0.2524
v -2.1517 -3.9304 0.2741
v -1.2573 3.5144 0.9678
v -0.1604 1.5011 1.4878
v -0.154 1.8412 1.5362
v -0.3119 1.8477 1.5107
v -1.2077 3.9551 1.1676
v -1.3125 3.875 0.9061
v -2.0983 -3.7248 0.303
v -2.1512 -3.9119 0.0261
v -2.0591 -3.4902 0.3366
v -1.2741 3.5167 0.1505
v -0.2997 3.1326 -0.2923
v -0.3042 2.885 -0.295
v -1.0841 4.0301 1.3737
v -0.9068 4.1014 1.5053
v -0.6598 4.1449 1.5117
v -0.4223 4.1696 1.5304
v -0.2071 4.1815 1.5362
v -0.6953 5.4004 -0.5447
v -1.6333 4.7184 -0.371
v -0.1743 5.2205 -0.5446
v 0 5.2357 -0.5302
v 0 5.0519 -0.5423
v -0.1956 4.8837 -0.5459
v 0 4.8669 -0.5327
v 0 4.7043 -0.5255
v -0.1856 4.5355 -0.5119
v 0 4.5342 -0.5077
v 0 4.3664 -0.4874
v -0.1787 4.3667 -0.4899
v 0 4.2109 -0.4691
v -0.167 4.0763 -0.4529
v -0.1616 3.9619 -0.4363
v 0 3.9624 -0.4377
v 0 3.8601 -0.4189
v -0.1509 3.7553 -0.3939
v 0 3.7576 -0.3958
v 0 3.6457 -0.371
v -0.1439 3.5099 -0.3433
v -0.3096 3.6327 -0.3599
v 0 3.5138 -0.3464
v 0 3.3496 -0.3243
v -0.143 3.3457 -0.3201
v 0 3.1432 -0.3109
v -0.1443 3.1404 -0.306
v 0 2.891 -0.3152
v -0.1535 2.6075 -0.3348
v 0 2.6081 -0.3407
v 0 2.3305 -0.3832
v -0.1579 2.0679 -0.4328
v 0 2.0692 -0.4366
v -1.0217 1.2996 1.201
v -0.7806 1.2399 1.294
v -1.6188 1.0796 0.8979
v -1.1156 1.1643 -0.7155
v -0.8979 0.7991 -1.0061
v -1.1408 0.7841 -0.9009
v -1.4222 0.2291 1.1494
v -0.0551 -0.3428 -0.3294
v -0.1615 -0.3739 -0.5023
v -0.0578 -0.4359 -0.131
v -0.1184 -0.4847 -0.1924
v 0 -0.4043 -0.0757
v 0 -0.46 0.083
v -0.0769 -0.4627 0.2437
v -0.1362 -0.4646 0.2366
v -0.1166 -0.4778 0.0307
v 0 -0.453 0.2493
v 0 -0.4594 0.4271
v -0.0785 -0.4546 0.4288
v 0 -0.4555 0.6401
v -0.1034 -0.3752 0.8586
v -0.1779 -0.3469 0.8467
v -0.1342 -0.4152 0.6123
v -0.1247 -0.2494 1.053
v -0.2336 -0.2158 1.0603
v -0.6633 0.8093 -1.0236
v -0.4544 0.8035 -0.9697
v -0.548 1.192 1.381
v -0.3481 1.1421 1.4358
v -1.3455 2.0297 0.0251
v -0.9405 2.2928 -0.1705
v -0.3124 2.605 -0.3188
v -0.3203 2.3269 -0.3619
v -0.1578 2.3298 -0.3774
v -0.3237 2.0622 -0.4227
v -0.1724 1.1023 1.4558
v 0 1.0849 1.4613
v 0 1.4935 1.493
v -0.1783 0.6584 1.4071
v -0.2543 0.8053 -0.9184
v -0.096 1.2078 -0.7079
v -0.0579 0.8081 -0.8132
v 0 0.8017 -0.793
v -0.1308 -0.4439 0.4303
v -0.6055 5.0518 1.1133
v 0 4.2806 1.4879
v 0 4.4049 1.4071
v -0.2404 5.3677 0.9486
v -0.0489 -0.1213 -0.6068
v 0 2.1798 1.5953
v 0 2.5322 1.6258
v 0 4.5352 1.3279
v 0 4.7053 1.1906
v 0 3.936 1.6511
v 0 4.0853 1.5981
v 0 3.5652 1.6749
v 0 3.7818 1.6765
v 0 1.8386 1.5466
v 0 4.1878 1.537
v -0.1734 5.0541 -0.5572
v -0.1929 4.7094 -0.5322
v -0.1726 4.2111 -0.47
v 0 4.0763 -0.4533
v -0.1562 3.8587 -0.417
v -0.1465 3.6424 -0.3688
v -0.148 2.8896 -0.3097
v 0 -0.3362 -0.2207
v -0.0595 -0.4715 0.0569
v -0.0834 -0.4361 0.6242
v 0 -0.4029 0.8778
v 0 -0.2794 1.0513
v -1.4894 4.3512 0.5046
v -1.331 3.9922 0.8764
v -1.3671 3.8012 0.6249
v -1.246 3.335 0.9801
v 1.7079 -2.2994 -0.3089
v 1.5244 -2.3601 -0.3954
v 1.7591 -3.0225 -0.2662
v -1.9721 -1.4257 0.9368
v -2.0533 -1.3994 0.5448
v -2.029 -1.8021 0.5141
v -2.0107 -2.2256 0.4691
v -2.0257 -3.2537 0.3598
v 1.6716 -4.3818 0.639
v 1.7645 -4.8921 0.5115
v 1.5629 -4.4374 0.5846
v 1.6743 -4.9462 0.4595
v 1.5869 -4.9991 0.3743
v 1.4424 -4.5064 0.4742
v 1.3405 -4.5455 0.3404
v 1.4948 -5.0375 0.2696
v -2.0116 -3.241 0.0979
v -1.3843 -3.1032 0.924
v -1.6104 -3.0462 0.9423
v -1.9828 -1.8211 0.1444
v -1.8659 -2.2559 -0.1642
v -1.9722 -1.4165 0.1461
v 1.1181 -3.2558 -0.193
v 1.0042 -3.289 -0.044
v 0.8184 -2.655 -0.0818
v 0.9618 -2.5886 -0.2579
v 1.1456 -2.513 -0.3375
v 1.2651 -3.1942 -0.3178
v -1.9185 -0.5065 0.1192
v -1.1501 2.5234 0.1352
v -1.3152 3.5319 0.4066
v -1.3967 3.8475 0.0806
v -3.2762 3.8428 0.0743
v -3.2563 3.9055 0.2459
v -3.2624 3.3644 -0.1023
v -3.1539 3.1803 0.0595
v -3.2798 3.0541 0.2096
v -3.4208 2.9089 0.4101
v -3.5788 2.7613 0.6477
v -3.7723 2.603 0.9097
v -3.9622 2.4738 1.1413
v -4.1698 2.2845 1.4304
v -4.3239 2.1238 1.6675
v -3.1803 3.9504 0.469
v -3.0706 3.8327 0.6003
v -3.1415 3.7666 0.6252
v -2.8798 3.672 0.6099
v -1.9962 -2.9496 0.3927
v -1.9722 -2.9519 0.1017
v -1.7861 -3.0043 0.842
v -1.7591 -3.0225 -0.2662
v -1.4325 -3.1229 -0.3618
v -1.1181 -3.2558 -0.193
v -1.0042 -3.289 -0.044
v -0.9461 -3.304 0.1398
v -0.9591 -3.2996 0.357
v -0.9735 -3.2859 0.5341
v -1.0424 -3.2398 0.7246
v -1.2001 -3.1635 0.8789
v -1.2651 -3.1942 -0.3178
v -1.6016 -3.0719 -0.3368
v -1.8861 -2.981 -0.1274
v -0.9081 3.9189 -0.3184
v -1.9926 -2.2277 0.1293
v -2.5145 3.532 0.2477
v 1.3266 -2.4369 -0.3981
v 1.4325 -3.1229 -0.3618
v 1.6016 -3.0719 -0.3368
v -0.1558 5.4127 -0.5121
v -0.8293 5.8057 -0.1803
v -0.3712 5.4611 -0.5378
v -0.7643 5.7439 -0.3569
v -0.5993 5.5895 -0.4914
v 0 5.4126 -0.4986
v -0.1416 5.6103 -0.4502
v -0.6911 5.8889 -0.1271
v -0.3401 5.6733 -0.4654
v -0.5303 5.7768 -0.3965
v -0.641 5.8585 -0.2732
v 0 5.6034 -0.4406
v -0.1306 5.8 -0.3626
v -0.5828 5.9713 -0.058
v -0.307 5.8527 -0.3612
v -0.4528 5.9296 -0.2766
v -0.5335 5.9689 -0.1697
v 0 5.7848 -0.3368
v -0.1171 5.9826 -0.2641
v -0.5276 6.0841 0.0115
v -0.2775 6.0206 -0.2518
v -0.4133 6.072 -0.1789
v -0.4936 6.0917 -0.0987
v 0 5.9741 -0.2641
v -0.1161 6.1338 -0.2158
v -0.5124 6.1688 0.0523
v -0.2541 6.1457 -0.1994
v -0.3906 6.1615 -0.1473
v -0.4883 6.1734 -0.0409
v -0.2121 5.5243 0.8256
v -0.706 5.5448 0.7374
v -0.5586 5.5942 0.6089
v -0.4197 5.5359 0.7468
v 0 5.5033 0.7839
v -0.1788 5.6729 0.7369
v 0 5.6623 0.7345
v -0.6821 5.6529 0.4192
v -0.4814 5.6916 0.5314
v -0.3494 5.6764 0.6739
v -0.5741 5.7354 0.4003
v -0.4384 5.8247 0.5183
v -0.3243 5.8232 0.65
v -0.1687 5.8224 0.7019
v 0 5.8156 0.7341
v -0.1672 5.9551 0.6949
v 0 5.9454 0.7501
v -0.5 5.8457 0.3999
v -0.4267 5.9703 0.5137
v -0.3159 5.9637 0.6335
v -0.3147 6.0672 0.6315
v -0.1795 6.0591 0.7235
v 0 6.0567 0.7745
v -0.4767 5.9799 0.3948
v -0.4236 6.0871 0.5148
v -0.8091 5.7835 0.1147
v -0.7531 5.7216 0.2718
v -0.8313 5.8094 -0.0313
v -0.6496 5.8325 0.1412
v -0.6304 5.788 0.2715
v -0.6913 5.8738 0.0039
v -0.5752 5.9164 0.1527
v -0.5473 5.8726 0.2734
v -0.5949 5.9532 0.0436
v -0.5307 6.0298 0.1749
v -0.5139 6.0084 0.2673
v -0.5333 6.0611 0.0893
v -0.5017 6.1416 0.2063
v -0.4882 6.1264 0.2845
v -0.4644 6.1048 0.3902
v -0.5144 6.1537 0.129
v -2.4429 -6.6156 -0.2234
v -1.9021 -6.6289 0.2376
v -1.8478 -6.6327 0.1483
v -2.0125 -6.616 0.3421
v -2.4959 -6.5892 -0.0354
v -1.8393 -8.1106 1.8759
v 2.486 -7.095 -0.1616
v 2.5453 -7.2772 -0.1543
v 2.4345 -7.277 -0.2801
v 2.4598 -6.8895 -0.1927
v 2.4131 -7.1023 -0.2926
v 2.1242 -6.8592 0.3942
v 2.1993 -6.8547 0.3942
v 2.1471 -6.598 0.3898
v 2.3038 -6.8447 0.3587
v 2.2702 -6.5756 0.3612
v 2.0751 -6.6103 0.3676
v 2.0125 -6.616 0.3421
v 2.0616 -6.8606 0.3698
v 2.3952 -6.901 -0.3016
v 2.285 -6.9177 -0.4004
v 2.2373 -6.6374 -0.4318
v 2.0826 -7.0381 0.3979
v 2.1588 -7.0364 0.4291
v 2.2515 -7.0403 0.4088
v 2.3505 -7.0468 0.3631
v 2.1801 -7.1664 0.477
v 1.9616 -7.0233 0.3016
v 1.9477 -7.1678 0.3456
v 2.0196 -7.1618 0.421
v 1.8858 -6.8621 0.1778
v 1.9072 -7.0178 0.2168
v 2.1475 -7.0953 -0.3912
v 2.1148 -6.9308 -0.3813
v 1.9233 -7.0581 -0.1708
v 1.8998 -6.8946 -0.1932
v 1.9779 -6.9022 -0.298
v 2.0151 -7.0762 -0.3002
v 2.1482 -7.2308 -0.4
v 2.2959 -7.0989 -0.3971
v 1.9222 -7.2068 -0.1551
v 2.0148 -7.2168 -0.2858
v 1.8973 -7.1659 0.2545
v 2.293 -7.2638 -0.3985
v 2.2721 -7.1783 0.455
v 2.3632 -7.1985 0.4011
v 1.9423 -6.8575 0.2719
v 2.0128 -7.0347 0.3632
v 2.4003 -6.8487 0.2803
v 2.3721 -6.5805 0.2914
v 1.8627 -7.1682 0.1297
v 1.8745 -7.025 0.0977
v 1.8712 -7.0437 -0.0345
v 1.8544 -6.8731 0.0646
v 1.8487 -6.8856 -0.0625
v 2.0954 -7.1603 0.4631
v 2.002 -6.8591 0.3437
v 2.4425 -7.2197 0.3207
v 2.4505 -7.0597 0.3232
v 1.8554 -7.1886 -0.011
v 2.5938 -7.2603 0.0125
v 2.5255 -7.078 0.0075
v 2.5352 -7.0777 0.1752
v 2.478 -6.8652 0.1449
v 2.5031 -6.8768 -0.0158
v 2.4959 -6.5892 -0.0354
v 2.4685 -6.576 0.1382
v 2.525 -7.2372 0.1861
v 2.2966 -7.2993 0.5274
v 2.203 -7.2796 0.5345
v 2.2234 -7.3879 0.6285
v 2.1077 -7.2667 0.5319
v 2.02 -7.2774 0.485
v 2.023 -7.378 0.6036
v 1.8379 -7.7673 0.3112
v 1.8186 -7.6512 0.3165
v 1.8738 -7.7151 0.1205
v 1.9408 -8.1404 1.915
v 1.8393 -8.1106 1.8759
v 1.7811 -8.1201 1.6942
v 1.8835 -7.3587 0.3308
v 1.8404 -7.4217 0.1905
v 1.8839 -7.8757 -0.0738
v 1.8803 -7.7577 -0.1115
v 1.9176 -7.7799 -0.3383
v 1.8859 -7.9468 0.1566
v 1.9482 -8.0421 0.2018
v 1.9412 -8.0078 0.3151
v 1.9042 -7.9953 -0.0306
v 1.9654 -8.0797 -0.0489
v 1.9222 -8.0337 -0.2872
v 1.9631 -8.1288 -0.2253
v 2.5519 -7.8893 -0.4291
v 2.5178 -8.0229 -0.3792
v 2.3291 -8.0426 -0.4916
v 2.6376 -7.8996 -0.1585
v 2.5924 -8.0386 -0.1535
v 2.6607 -7.8951 0.0693
v 2.6688 -8.025 0.0657
v 2.6459 -7.8799 0.2676
v 2.6615 -8.0253 0.2324
v 2.6014 -7.5031 -0.1423
v 2.6675 -7.4933 0.0317
v 2.6526 -7.7652 0.0728
v 2.4784 -7.4979 -0.2902
v 2.6237 -7.764 -0.1488
v 2.3177 -7.4917 -0.4272
v 2.5541 -7.7576 -0.3634
v 1.8799 -7.8309 0.1385
v 1.9302 -7.9395 1.9646
v 2.0429 -7.9189 1.9746
v 2.0058 -7.8556 1.8407
v 1.9336 -7.4047 0.5725
v 1.9403 -7.3061 0.412
v 2.424 -7.4777 0.5606
v 2.3906 -7.3454 0.4538
v 2.557 -7.4588 0.2303
v 1.9199 -7.4658 -0.1156
v 1.9918 -7.4735 -0.2827
v 2.567 -8.046 1.7944
v 2.5721 -8.0871 1.7687
v 2.6405 -8.1039 1.6278
v 1.8634 -7.4427 0.0419
v 2.3271 -8.1659 0.1425
v 2.5105 -8.1369 0.1082
v 2.5124 -8.1409 0.2394
v 2.3131 -8.1849 -0.1362
v 2.4969 -8.1444 -0.1552
v 2.3292 -8.1736 -0.3774
v 2.4656 -8.1332 -0.3259
v 1.894 -7.8744 1.8181
v 1.7978 -7.9216 1.7696
v 1.8471 -7.9587 1.9215
v 2.0508 -8.096 0.1855
v 2.0536 -8.0805 0.3114
v 2.056 -8.1697 -0.0946
v 2.0444 -8.1838 -0.3596
v 2.1405 -7.8937 1.9638
v 2.2468 -7.8883 1.9449
v 2.2395 -7.8403 1.8104
v 2.1234 -7.4778 -0.4287
v 2.0698 -7.7815 -0.5185
v 2.0422 -7.9356 -0.5424
v 2.0146 -8.0896 -0.4837
v 2.3255 -8.1765 1.6898
v 2.5119 -8.1448 1.6512
v 2.4736 -8.1166 1.8052
v 2.1218 -7.8454 1.8351
v 2.3101 -8.1421 1.8673
v 2.1104 -8.1545 1.9202
v 2.105 -8.1927 1.7309
v 1.9039 -8.204 1.7199
v 2.3531 -7.8426 1.777
v 2.6508 -7.9912 1.6568
v 2.5742 -7.9002 1.6952
v 2.5319 -7.9298 1.8311
v 2.4628 -7.8581 1.7398
v 2.3421 -7.9044 1.9216
v 1.8371 -8.0716 1.8977
v 1.835 -8.0324 1.9196
v 1.7549 -8.0114 1.724
v 2.4497 -7.9163 1.8852
v 2.7446 -7.9693 1.4374
v 2.6453 -7.8957 1.4965
v 2.3804 -7.8562 1.5307
v 2.2449 -7.8452 1.5568
v 1.8623 -8.2097 1.3743
v 2.0862 -8.2206 1.3637
v 2.1206 -7.8339 1.5623
v 1.9982 -7.8252 1.5592
v 2.3283 -8.1931 1.3499
v 2.5614 -8.1624 1.3539
v 1.862 -7.8257 1.5398
v 1.7518 -7.8612 1.4931
v 2.6456 -8.0475 1.6423
v 2.7173 -8.1048 1.3799
v 1.7239 -8.0981 1.3798
v 2.5158 -7.863 1.5112
v 1.695 -7.964 1.4221
v 1.768 -8.0658 1.7091
v 2.6665 -7.8544 1.2025
v 2.5485 -7.822 1.2435
v 1.7387 -8.0498 1.109
v 2.0119 -7.7136 1.3023
v 2.731 -8.0371 1.4086
v 2.7241 -8.0951 1.0746
v 1.8484 -7.7192 1.2784
v 1.76 -7.7847 1.2371
v 2.279 -7.7594 1.2943
v 2.3362 -8.2049 1.0678
v 2.5675 -8.1687 1.0515
v 2.1457 -7.7169 1.3088
v 2.0785 -8.2059 1.0863
v 1.8611 -8.1705 1.097
v 2.4098 -7.8213 1.2674
v 2.7373 -7.9329 1.136
v 1.7095 -8.0311 1.401
v 1.7012 -7.9082 1.1503
v 2.3918 -7.7231 1.0223
v 2.2688 -7.6929 1.046
v 1.8858 -8.1136 0.8297
v 2.0779 -8.1562 0.815
v 2.0126 -7.6071 1.071
v 2.1408 -7.6175 1.0772
v 2.3354 -8.1929 0.7841
v 2.557 -8.1695 0.7547
v 2.6533 -7.7581 0.9278
v 2.5209 -7.7334 0.9923
v 1.8885 -7.6309 1.0445
v 1.8007 -7.7273 0.9515
v 2.745 -8.0132 1.1053
v 2.7311 -8.11 0.7465
v 1.7199 -7.9791 1.1296
v 1.7635 -7.8296 0.8507
v 1.7955 -7.9997 0.8295
v 2.7257 -7.8811 0.7956
v 2.5126 -7.5701 0.4677
v 2.4712 -7.3967 0.3657
v 1.7794 -7.9146 0.8401
v 1.7846 -7.7157 0.5731
v 1.8452 -7.6101 0.6829
v 2.604 -7.6832 0.6481
v 2.475 -7.6093 0.7269
v 1.8152 -7.9526 0.5624
v 2.0207 -7.4843 0.808
v 2.7504 -7.9851 0.771
v 2.6798 -8.0843 0.479
v 1.9245 -7.5295 0.7619
v 2.2475 -7.5314 0.7913
v 2.3335 -8.1781 0.5196
v 2.5273 -8.1568 0.491
v 2.1199 -7.3652 0.6461
v 2.1326 -7.4997 0.8129
v 2.0742 -8.1311 0.5515
v 2.3282 -8.1361 0.2679
v 2.333 -7.9154 -0.5616
v 2.3326 -7.7794 -0.5232
v 1.9063 -8.07 0.5689
v 2.3602 -7.569 0.7626
v 2.6961 -7.8233 0.5279
v 1.8561 -7.4768 0.4615
v 2.6303 -7.7345 0.3029
v 2.3252 -7.4236 0.6032
v 2.6879 -7.9538 0.5034
v 1.8572 -7.8833 0.3059
v 1.7999 -7.8342 0.5677
v 1.9496 -8.0331 1.9911
v 2.5619 -8.005 1.8201
v 2.1107 -8.0132 2.0034
v 2.2448 -7.9442 2.0022
v 2.1661 -7.948 2.0158
v 2.4521 -8.0122 1.9053
v 1.9452 -8.0867 1.9531
v 2.4629 -8.0643 1.8553
v 2.3051 -8.073 1.916
v 2.3001 -8.004 1.9646
v 0.6399 5.2709 1.0241
v 0.6055 5.0518 1.1133
v 0.9216 5.0588 1.0931
v 1.0128 5.2761 0.9873
v 1.152 5.0232 1.051
v 1.2476 5.2501 0.9696
v 1.3522 4.9497 0.9769
v 1.4565 5.1687 0.9139
v 1.4902 4.7915 0.8533
v 0.7778 4.191 -0.4677
v 0.9904 4.1679 -0.4319
v 0.9483 4.0326 -0.3792
v 0.5672 4.2044 -0.4824
v 0.7485 4.0544 -0.4254
v 1.4617 4.4003 -0.3014
v 1.2949 4.4587 -0.4439
v 1.3388 4.644 -0.4921
v 1.0825 4.5025 -0.5324
v 0.244 5.2017 1.0165
v 0.561 4.8794 1.1858
v 0.523 4.7095 1.2607
v 0.7779 4.7042 1.2658
v 0.8365 4.8787 1.1813
v 1.0131 4.6799 1.2367
v 1.068 4.8502 1.1478
v 1.1986 4.5963 1.111
v 1.2699 4.7635 1.0398
v 1.347 4.5005 0.9495
v 0.2468 4.8642 1.1508
v 0.252 4.7089 1.2235
v 1.2747 5.7316 0.1409
v 1.2817 5.7546 -0.0465
v 1.0879 5.7501 -0.0287
v 1.2596 5.6825 -0.2664
v 1.0838 5.7275 -0.2056
v 1.1805 5.5112 -0.4344
v 1.0205 5.5886 -0.4172
v 0.8495 4.5237 -0.5811
v 1.0381 4.3197 -0.5002
v 1.1372 3.5257 -0.0153
v 1.2741 3.5167 0.1505
v 1.2267 3.3853 0.1746
v 0.6164 4.5372 -0.5542
v 0.8116 4.3443 -0.5273
v 1.2711 5.7223 0.3719
v 1.0809 5.7263 0.1288
v 1.5271 5.7787 0.1491
v 1.5191 5.7616 -0.0858
v 1.4798 5.6755 -0.3167
v 1.3973 5.4945 -0.4366
v 1.8771 5.7124 0.1329
v 1.8432 5.6831 -0.1197
v 1.5574 4.3337 -0.0749
v 1.522 4.2267 -0.0203
v 1.8022 5.5986 -0.3342
v 1.6783 5.4538 -0.4196
v 2.1513 5.4739 0.1181
v 2.1079 5.4469 -0.1034
v 1.992 5.3825 -0.2971
v 1.8394 5.2657 -0.412
v 0.5125 3.8423 -0.385
v 0.6981 3.8245 -0.3499
v 0.6787 3.7131 -0.3286
v 2.3298 5.2002 0.0978
v 2.2713 5.1913 -0.1042
v 2.1568 5.1395 -0.2784
v 2.0037 5.042 -0.3771
v 1.5579 4.6653 0.6769
v 1.412 4.6585 0.8941
v 2.5506 4.7988 0.0849
v 2.5027 4.7828 -0.1004
v 2.4073 4.9434 -0.1072
v 1.6814 4.406 -0.1195
v 1.7433 4.3232 -0.1002
v 1.787 4.4117 0.1693
v 2.3887 4.7384 -0.2347
v 2.2866 4.923 -0.2563
v 2.2263 4.6852 -0.3168
v 2.1099 4.8639 -0.3447
v 2.6695 4.622 0.0951
v 2.6219 4.5957 -0.0902
v 1.8545 4.1962 -0.0743
v 1.9032 4.2713 0.1859
v 2.5187 4.5414 -0.217
v 2.3777 4.4814 -0.2995
v 1.1092 4.1498 1.3225
v 1.2296 4.0729 1.1265
v 1.2535 4.206 1.0835
v 1.5944 4.9699 0.8101
v 0.2455 5.0163 1.0874
v 1.4432 4.4069 0.7452
v 1.533 5.7736 0.4095
v 1.8795 5.6996 0.4059
v 2.1452 5.4689 0.369
v 2.346 5.1995 0.3453
v 2.5449 4.7974 0.3545
v 2.4701 4.9634 0.0869
v 2.6509 4.6224 0.3729
v 1.4915 4.5676 -0.3738
v 1.3716 4.9272 -0.5238
v 0.2221 4.2848 1.4831
v 0.4375 4.2884 1.4746
v 0.4593 4.4098 1.4016
v 0.688 4.2669 1.4485
v 0.7068 4.382 1.3908
v 0.9331 4.2227 1.4474
v 0.9601 4.3543 1.3839
v 1.1352 4.2812 1.2682
v 2.0017 4.0143 -0.0585
v 2.2233 3.8307 -0.0724
v 2.2384 3.836 0.2329
v 2.8987 4.2478 -0.0335
v 2.8083 4.1853 -0.1727
v 2.6723 4.3482 -0.1901
v 2.7136 4.1053 -0.2748
v 2.5571 4.2711 -0.2848
v 2.9087 4.2851 0.4245
v 2.9377 4.2798 0.1416
v 2.8103 4.4379 0.1315
v 1.0844 3.9016 -0.2203
v 0.9081 3.9189 -0.3184
v 2.767 4.4034 -0.0624
v 2.9399 4.0504 -0.1498
v 2.8541 3.9752 -0.2463
v 3.0122 4.1439 0.4329
v 3.049 4.1424 0.1614
v 3.0191 4.1106 -0.0132
v 2.3704 3.6794 -0.0618
v 2.3702 3.6586 0.2409
v 0.5287 3.9525 -0.4087
v 0.7206 3.9378 -0.3775
v 0.8783 3.8039 -0.285
v 1.0189 3.6663 -0.167
v 0.8534 3.6899 -0.2623
v 1.2468 3.8811 -0.0895
v 1.3967 3.8475 0.0806
v 1.347 3.7385 0.109
v 0.9147 5.6854 0.2824
v 1.0497 5.6783 0.3259
v 0.9803 5.7612 -0.052
v 0.1683 3.5559 1.6722
v 0.2404 5.3677 0.9486
v 3.0624 3.9285 -0.0963
v 2.9966 3.8497 -0.2195
v 3.1055 4.0382 0.4495
v 3.1388 4.0294 0.1952
v 1.331 3.9922 0.8764
v 1.3507 4.1249 0.844
v 1.1704 3.646 -0.0322
v 3.1243 3.9925 0.0305
v 2.5238 3.5507 -0.0294
v 2.5145 3.532 0.2477
v 1.0486 3.7827 -0.1884
v 1.2054 3.7624 -0.0583
v 1.2381 4.302 -0.3859
v 1.4128 4.261 -0.2379
v 1.364 4.1222 -0.1932
v 1.8526 -1.827 -0.2152
v 1.5062 4.0848 0.0111
v 1.4506 3.9606 0.0451
v 4.5158 2.3122 1.658
v 4.4431 2.2099 1.6373
v 4.3546 2.323 1.4754
v 4.4322 2.4236 1.508
v 4.1287 2.5753 1.0896
v 4.2218 2.6899 1.1287
v 3.975 2.6977 0.8554
v 3.7813 2.8383 0.6177
v 3.914 2.9577 0.6637
v 4.077 2.8191 0.9003
v 3.4773 3.7101 0.4216
v 3.5146 3.6002 0.29
v 3.4028 3.7073 0.1651
v 2.965 3.1717 0.1506
v 2.8593 3.1844 0.3761
v 2.7643 3.2828 0.3038
v 3.5146 3.493 0.1734
v 3.3979 3.5986 0.0616
v 3.4778 3.3862 0.0907
v 3.3604 3.4929 -0.0179
v 3.3499 3.7908 0.567
v 3.3658 3.8087 0.3086
v 3.6198 2.9878 0.3863
v 2.529 3.7661 -0.2631
v 3.7608 3.1035 0.4326
v 3.4825 3.1315 0.1771
v 2.4341 -6.2148 -0.2648
v 2.3448 -6.2294 -0.3887
v 2.2896 -5.7494 -0.4688
v 3.0638 3.0529 0.3189
v 2.9533 3.0983 0.5132
v 3.668 3.4672 0.3994
v 3.6597 3.3625 0.2959
v 3.6164 3.2536 0.2233
v 3.491 3.6589 0.6537
v 3.6258 3.5756 0.5135
v 3.3697 3.2505 0.0236
v 2.697 3.8761 -0.285
v 2.8547 3.7535 -0.2788
v 2.6792 3.6506 -0.2352
v 3.2624 3.3644 -0.1023
v 2.4239 -5.7354 -0.2997
v 2.2647 -5.3768 -0.5385
v 2.4515 -5.3207 -0.3457
v 2.2353 -4.9988 -0.5711
v 3.8036 3.2074 0.5004
v 3.6506 3.4925 0.8118
v 3.7676 3.4033 0.6853
v 2.362 3.9268 -0.28
v 2.8594 3.26 0.0419
v 2.6379 3.401 0.2364
v 2.4501 -4.9382 -0.3671
v 3.8012 3.3098 0.5901
v 3.2093 2.9038 0.5318
v 3.0964 2.9615 0.7155
v 3.7862 3.2927 1.0151
v 3.9091 3.2325 0.908
v 2.5461 4.025 -0.3081
v 1.9434 -3.9552 -0.3805
v 3.95 3.1461 0.8144
v 3.3795 2.766 0.7701
v 3.2936 2.8357 0.9176
v 3.9515 3.055 0.7366
v 2.1816 4.108 -0.2726
v 2.0843 -3.9143 -0.1995
v 1.8869 -3.7694 -0.3169
v 4.0523 3.0631 1.1418
v 4.0975 2.996 1.047
v 3.5665 2.6345 1.0179
v 3.4853 2.7112 1.1305
v 4.1043 2.9074 0.9735
v 3.9303 3.1093 1.2384
v 4.1735 2.9092 1.3634
v 4.2198 2.858 1.2715
v 3.7435 2.5124 1.234
v 3.6625 2.5976 1.3241
v 4.2411 2.7783 1.2051
v 4.0673 2.9576 1.443
v 2.3737 4.1995 -0.3183
v 2.0514 4.0611 0.2221
v 1.8516 4.4651 -0.2848
v 1.993 4.3187 -0.2585
v 4.3565 2.6502 1.7063
v 4.4055 2.6081 1.6434
v 3.9629 2.3051 1.5352
v 3.8783 2.3911 1.6359
v 4.4446 2.5241 1.5739
v 4.2617 2.689 1.7725
v 2.1758 4.4172 -0.3285
v 1.7492 4.6142 -0.3203
v 4.1399 2.1421 1.7961
v 4.0648 2.2231 1.8823
v 4.4748 2.4932 1.8016
v 4.5248 2.4091 1.7065
v 4.3329 2.5581 1.9122
v 4.4201 2.5291 1.8538
v 2.0356 4.5982 -0.3384
v 1.9109 4.7554 -0.3731
v 3.9647 2.6087 1.8072
v 4.0965 2.4604 1.9967
v 4.2292 2.5548 1.9619
v 3.8731 2.4914 1.7275
v 4.0438 2.33 1.964
v 4.1328 2.6787 1.823
v 3.9271 2.9425 1.4914
v 3.7408 2.8395 1.4781
v 3.5834 2.9741 1.2914
v 3.6471 2.7055 1.4204
v 3.4801 2.8235 1.2326
v 3.4043 3.1276 1.0975
v 3.2918 2.9585 1.0309
v 3.7801 3.101 1.2956
v 3.0884 3.0973 0.8503
v 2.9542 3.2404 0.6482
v 3.2095 3.295 0.9235
v 2.897 3.3294 0.5086
v 3.0606 3.4561 0.7673
v 2.8537 3.4 0.4679
v 2.9976 3.5467 0.6822
v 2.862 3.4696 -0.1845
v 3.0411 3.2906 -0.0741
v 3.6213 3.2812 1.0772
v 3.0809 3.5413 -0.2188
v 3.4642 3.4902 0.8951
v 3.3058 3.6478 0.743
v 3.2024 3.7198 0.6628
v 3.1415 3.7666 0.6252
v 2.9569 3.6041 0.6419
v 3.2027 3.6525 -0.1321
v 2.4769 3.7261 0.4597
v 2.6176 3.5899 0.4374
v 2.7949 3.7339 0.599
v 0.9572 4.9655 -0.6315
v 1.1843 4.959 -0.5734
v 1.1343 4.6947 -0.5626
v 0.7029 4.9617 -0.6542
v 0.8966 4.7264 -0.6099
v 1.9604 -3.4943 -0.1372
v 1.8266 -3.5315 -0.2729
v 1.7913 -3.2989 -0.2577
v 1.8425 -1.4135 -0.2421
v 1.6705 -1.8605 -0.3854
v 1.8363 -0.773 -0.2939
v 1.5743 -0.8215 -0.5312
v 1.4863 -0.5885 -0.5547
v 1.1117 -0.0322 -0.8737
v 1.363 -0.0288 -0.7225
v 1.3973 -0.3456 -0.6165
v 0.988 2.0257 -0.2485
v 1.1605 2.0228 -0.137
v 1.2399 1.7665 -0.265
v 0.9631 3.41 -0.1293
v 1.1033 3.3904 0.0014
v 1.0585 3.2366 0.0229
v 0.9076 3.0667 -0.0995
v 1.03 3.05 0.0267
v 1.0206 2.821 0.0173
v 0.936 3.2536 -0.1146
v 1.1826 4.1567 -0.3273
v 1.2946 4.0041 -0.1269
v 0.9905 3.5452 -0.1471
v 2.3432 3.8904 0.4724
v 2.677 3.8835 0.618
v 2.1606 4.1031 0.4665
v 2.5779 4.0592 0.6266
v 1.8383 4.5044 0.4349
v 1.9836 4.3251 0.4329
v 2.2566 4.465 0.6242
v 2.0982 4.6596 0.6383
v 1.9796 4.831 0.6368
v 1.7356 4.6491 0.4799
v 2.9889 3.9232 0.5801
v 1.9197 4.959 0.6676
v 1.6796 4.7724 0.6729
v 2.8866 4.0572 0.585
v 1.7869 5.1829 0.737
v 2.4219 4.26 0.6192
v 2.7879 4.219 0.5892
v 2.7863 4.4442 0.3882
v 2.5309 4.5862 0.5388
v 2.4117 4.7668 0.5287
v 2.3061 4.9184 0.5327
v 1.6197 5.3914 0.8438
v 1.3519 5.4718 0.8523
v 2.196 5.1153 0.5636
v 2.0163 5.3683 0.6094
v 0.6451 3.4585 -0.2793
v 0.8091 3.4342 -0.2184
v 0.7895 3.2761 -0.2001
v 1.1677 3.2288 0.2059
v 0.4732 3.4818 -0.3102
v 0.6291 3.2997 -0.2473
v 0.7696 3.086 -0.1805
v 1.1309 3.0438 0.2081
v 0.4653 3.3194 -0.285
v 0.6199 3.1045 -0.2337
v 0.7627 2.851 -0.1828
v 1.1232 2.8181 0.1916
v 0.4615 3.1204 -0.2695
v 0.6176 2.8652 -0.2353
v 1.2753 2.8836 0.9914
v 1.2571 3.1044 1.0017
v 1.0737 3.1291 1.2382
v 0.9642 3.4296 1.4617
v 0.7521 3.4774 1.5801
v 0.7185 3.1864 1.5407
v 0.9142 3.1566 1.4103
v 0.7009 2.8787 1.5113
v 1.246 3.335 0.9801
v 1.1126 3.3791 1.2461
v 0.5125 3.2143 1.618
v 0.3224 3.2382 1.6571
v 0.3112 2.8986 1.6372
v 0.1585 3.2504 1.6697
v 1.1399 3.5718 1.2522
v 1.2573 3.5144 0.9678
v 1.2837 3.6495 0.9578
v 0.5393 3.4979 1.6281
v 0.3398 3.5347 1.661
v 1.1232 5.4839 0.8429
v 0.9003 2.8714 1.3781
v 1.0683 2.8678 1.2021
v 0.4956 2.8903 1.5962
v 0.4718 2.5994 -0.2933
v 0.6246 2.5907 -0.2559
v 0.6397 2.3134 -0.3
v 0.7698 2.5799 -0.2029
v 0.7916 2.3037 -0.2475
v 0.9084 2.567 -0.1257
v 0.9405 2.2928 -0.1705
v 1.0854 2.2798 -0.0559
v 1.0385 2.5501 -0.0121
v 1.1501 2.5234 0.1352
v 1.2219 2.2621 0.0983
v 1.3058 2.5411 0.9675
v 1.0944 2.5466 1.1759
v 1.1366 2.2224 1.1568
v 0.9343 2.2043 1.3081
v 0.7125 2.1894 1.4283
v 0.9077 2.54 1.3436
v 0.495 2.1849 1.5141
v 0.6989 2.534 1.4741
v 0.3051 2.1841 1.557
v 0.4897 2.5364 1.5595
v 1.1939 1.9373 1.1549
v 0.9684 1.8994 1.2763
v 0.9955 1.6041 1.2319
v 0.5104 1.8559 1.4641
v 0.3119 1.8477 1.5107
v 0.3262 1.5186 1.4662
v 0.7375 1.8715 1.3838
v 0.7589 1.5682 1.3272
v 1.3837 1.9719 0.9501
v 1.2266 1.6499 1.1121
v 0.5287 1.5411 1.4122
v 1.3576 2.2242 0.9576
v 0.4919 2.0546 -0.404
v 0.6582 2.0455 -0.3734
v 0.6892 1.7966 -0.473
v 0.8228 2.0353 -0.3249
v 0.868 1.7805 -0.4365
v 1.3455 2.0297 0.0251
v 1.448 1.7604 -0.0576
v 0.3942 -0.0551 -0.8952
v 0.5858 -0.064 -0.9543
v 0.4947 -0.4867 -0.6486
v 0.8454 -0.0383 -0.9579
v 0.8076 -0.3923 -0.8061
v 1.6333 -0.024 -0.3913
v 1.6758 -0.3164 -0.3571
v 0.0456 0.3369 -0.864
v 0.0489 -0.1213 -0.6068
v 0.4265 0.3648 -1.0424
v 0.1801 -0.0814 -0.8459
v 0.6345 0.3725 -1.0903
v 0.1707 0.2398 1.2987
v 0.1783 0.6584 1.4071
v 0.1376 -0.1156 1.1469
v 0.8827 0.3693 -1.0579
v 1.1451 0.3647 -0.9581
v 0.1174 1.5471 -0.5676
v 0.096 1.2078 -0.7079
v 0.4913 1.5024 -0.6343
v 0.4791 1.203 -0.8051
v 0.2836 1.2066 -0.7529
v 0.6832 1.4923 -0.6362
v 0.6828 1.1958 -0.8351
v 0.8805 1.482 -0.6065
v 0.9002 1.1885 -0.825
v 1.0812 1.4723 -0.5297
v 1.1156 1.1643 -0.7155
v 1.32 1.1449 -0.5737
v 1.2927 1.483 -0.4337
v 1.4903 1.4739 -0.1819
v 1.4929 1.1333 -0.2654
v 0.3403 0.3079 1.3046
v 0.5396 0.3877 1.2806
v 0.5474 0.8123 1.3515
v 0.811 0.4675 1.2297
v 0.796 0.8728 1.2637
v 1.0794 0.5463 1.1901
v 1.0604 0.9306 1.1833
v 1.3572 0.6038 1.1223
v 1.3223 0.9888 1.1111
v 1.6579 0.6541 0.8903
v 1.6188 1.0796 0.8979
v 0.2698 -0.0752 1.1469
v 0.4874 0.003 1.1262
v 0.7943 0.1023 1.2028
v 1.1108 0.1761 1.2225
v 1.4222 0.2291 1.1494
v 1.7177 0.2722 0.9012
v 1.38 0.359 -0.7554
v 1.5933 0.3379 -0.3933
v 0.1473 1.839 -0.4924
v 0.5146 1.8051 -0.4894
v 0.3035 1.5154 -0.6117
v 1.789 4.9063 -0.4174
v 1.657 5.0777 -0.4644
v 1.0495 1.7674 -0.3708
v 1.4933 5.1958 -0.5067
v 0.8979 2.8355 -0.104
v 0.151 2.1813 1.5823
v 0.306 2.5377 1.6
v 1.5398 0.7381 -0.3443
v 1.3448 0.7617 -0.6719
v 1.1058 -0.3746 -0.7407
v 0.8726 -0.482 1.1981
v 1.2114 -0.4093 1.2529
v 1.1533 -0.1116 1.2262
v 0.8195 -0.1931 1.1875
v 0.4515 -0.3043 1.0418
v 0.5262 -0.5726 1.0879
v 1.7859 -0.021 0.9527
v 1.4786 -0.0451 1.1916
v 1.5387 -0.344 1.2232
v 0.2382 -0.7136 0.5658
v 0.3335 -0.6649 0.8371
v 0.2732 -0.4767 0.8401
v 0.2377 -0.7644 0.3607
v 0.2091 -0.584 0.5645
v 0.279 -0.6142 -0.3576
v 0.3078 -0.4372 -0.6
v 0.9672 -0.7427 -0.6513
v 1.2136 -0.6509 -0.6394
v 1.3242 -0.8953 -0.6223
v 0.9825 -1.089 1.1873
v 1.3255 -0.9739 1.2496
v 1.2655 -0.6739 1.2489
v 0.7338 -0.8411 -0.5275
v 1.0605 -0.9904 -0.6205
v 0.4377 -1.356 0.5675
v 0.5212 -1.275 0.8241
v 0.4274 -0.9819 0.8358
v 1.6619 -0.8658 1.2267
v 1.6016 -0.5934 1.236
v 0.4414 -1.3727 0.3122
v 0.3471 -1.0404 0.5698
v 0.9239 -0.7824 1.1762
v 0.6193 -0.8799 1.0795
v 0.7034 -1.1928 1.0682
v 1.9062 -0.539 0.9781
v 0.5437 -0.9711 -0.3502
v 0.8398 -1.1225 -0.4993
v 0.5961 -1.9122 0.5524
v 0.6883 -2.2644 0.5481
v 0.7587 -2.209 0.7974
v 0.5908 -1.9236 0.3136
v 0.6694 -2.2792 0.3211
v 0.6181 -1.9235 0.0809
v 0.6918 -2.2838 0.0979
v 1.6406 -1.4356 -0.4532
v 1.4594 -1.9267 -0.4791
v 1.5152 -3.6602 0.9236
v 1.6954 -3.6149 0.9013
v 1.6499 -3.3501 0.8963
v 1.3 -3.4631 -0.3144
v 1.4598 -3.3944 -0.3675
v 1.4869 -3.6284 -0.3927
v 1.0672 -3.8048 0.497
v 1.1704 -3.7637 0.6894
v 1.1314 -3.5263 0.6955
v 1.84 -3.5762 0.7861
v 1.8005 -3.3098 0.7869
v 1.0202 -3.8007 0.2815
v 1.0456 -3.573 0.4974
v 1.4654 -3.3972 0.938
v 1.2734 -3.4573 0.876
v 1.3199 -3.7005 0.8601
v 1.926 -3.2785 0.6209
v 1.1616 -3.5285 -0.1869
v 1.3296 -3.6729 -0.3209
v 1.6325 -3.3418 -0.3447
v 1.6686 -3.5679 -0.3732
v 1.4078 -3.9934 0.7684
v 1.1705 -4.1023 0.4341
v 1.2713 -4.0596 0.6063
v 1.1532 -4.1178 0.2413
v 1.0322 -3.782 0.0969
v 1.1396 -4.1067 0.0524
v 1.1053 -3.7538 -0.0537
v 1.1773 -4.0745 -0.1139
v 1.1918 -3.719 -0.2005
v 1.2322 -4.32 0.197
v 1.2662 -4.3215 0.3763
v 1.5763 -3.9273 0.8521
v 1.5033 -4.2006 0.6895
v 1.9974 -3.7637 0.5286
v 1.877 -3.8263 0.749
v 1.9025 -4.0435 0.69
v 1.2523 -4.0236 -0.2565
v 1.3702 -3.9522 -0.376
v 1.3995 -4.156 -0.427
v 1.5287 -3.8772 -0.4423
v 1.712 -3.8153 -0.4269
v 1.7511 -4.0169 -0.4779
v 1.6272 -4.154 0.745
v 1.7666 -4.0973 0.7495
v 1.739 -3.8741 0.8365
v 1.5706 -4.0829 -0.4935
v 1.366 -4.2828 0.5355
v 1.7041 4.5075 0.1736
v 1.6005 4.5709 0.4551
v 1.602 4.4852 0.1695
v 1.5981 -4.2934 -0.5528
v 1.5273 4.4647 0.4716
v 1.5515 4.391 0.206
v 1.275 -4.5525 0.1756
v 2.0563 -3.9744 0.4913
v 1.2924 -4.2339 -0.2951
v 1.4308 -4.3798 -0.489
v 1.4894 4.3512 0.5046
v 1.5257 4.2749 0.2446
v 1.4436 4.2105 0.54
v 1.4464 4.0136 0.3036
v 1.4847 4.1481 0.2769
v 1.3863 3.9231 0.6001
v 1.4094 3.8844 0.3313
v 1.3671 3.8012 0.6249
v 1.3737 3.7635 0.359
v 1.9336 -5.1333 0.5276
v 2.0943 -5.0691 0.5019
v 1.4993 -5.3265 0.1163
v 1.5827 -5.306 0.2363
v 1.731 -5.2345 0.4207
v 1.3861 -4.9805 -0.4319
v 1.5003 -4.9176 -0.5951
v 1.5655 -5.2319 -0.6083
v 1.6722 -4.8363 -0.6756
v 1.9171 -4.7473 -0.6709
v 2.0043 -5.081 -0.7269
v 1.809 -5.193 0.4747
v 1.3514 3.6871 0.6484
v 1.7562 -5.1607 -0.6804
v 1.6548 -5.2757 0.3457
v 1.447 -5.2848 -0.4276
v 1.655 -5.552 -0.5744
v 2.0246 -5.4312 -0.6226
v 1.8603 -5.5171 0.4269
v 1.9623 -5.4812 0.4708
v 1.335 3.571 0.6685
v 1.3152 3.5319 0.4066
v 1.3533 3.6465 0.3848
v 1.8213 -5.4937 -0.6376
v 1.6648 -5.6036 0.2162
v 1.7242 -5.5761 0.3081
v 1.2906 3.3958 0.4301
v 2.1179 -5.4344 0.4783
v 1.6039 -5.6196 0.0991
v 1.7883 -5.5478 0.3858
v 2.2675 -5.0006 0.3795
v 1.7399 -5.9276 0.2279
v 1.7979 -5.9051 0.2968
v 1.3177 3.4393 0.6865
v 1.3049 3.276 0.7029
v 1.2505 3.2403 0.4395
v 2.0037 -5.8451 0.4229
v 2.1513 -5.8159 0.4337
v 1.6792 -5.9388 0.1143
v 1.8543 -5.8829 0.3542
v 2.317 -5.3637 0.3623
v 1.5519 -5.5945 -0.3948
v 1.7551 -5.8657 -0.4775
v 2.0652 -5.783 -0.5541
v 1.9188 -5.8632 0.3895
v 1.2012 3.0618 0.4343
v 1.8804 -5.8243 -0.5681
v 2.3264 -5.7697 0.3319
v 2.2049 -6.1973 0.3929
v 1.6927 -5.908 -0.3396
v 1.8663 -6.2445 -0.3941
v 2.1716 -6.2475 -0.4924
v 2.0047 -6.2438 0.369
v 2.0731 -6.2354 0.3966
v 1.1941 2.8683 0.425
v 1.3322 3.0671 0.7171
v 1.9832 -6.2344 -0.4883
v 1.8283 -6.276 0.2329
v 1.8847 -6.262 0.2893
v 1.7665 -6.2888 0.1206
v 1.9409 -6.2536 0.3416
v 1.3788 2.5308 0.7049
v 1.462 2.2394 0.6803
v 1.3265 2.2538 0.3572
v 1.5241 2.0034 0.6483
v 1.4427 2.0292 0.3016
v 1.5499 1.7453 0.5956
v 1.5349 1.7605 0.2328
v 1.9435 -6.6675 -0.3206
v 1.8661 -6.6626 -0.2219
v 1.7861 -6.2693 -0.2754
v 1.7284 -6.2938 -0.0022
v 1.7388 -6.2847 -0.1368
v 1.8045 -6.6534 -0.0874
v 1.9021 -6.6289 0.2376
v 1.9534 -6.6201 0.3045
v 1.6885 1.4643 0.5188
v 1.6242 1.4608 0.131
v 1.6569 1.1195 0.0522
v 1.7628 1.1311 0.4638
v 1.787 0.6926 0.4373
v 1.6896 0.7189 0.0076
v 1.8096 0.3003 0.4675
v 1.7654 0.318 0.0367
v 1.6502 -5.9436 -0.0266
v 1.6512 -5.9344 -0.1813
v 1.5644 -5.6254 -0.042
v 1.4301 -5.3378 -0.0411
v 1.4024 -5.3187 -0.2437
v 1.5301 -5.62 -0.2161
v 1.3347 -5.0539 -0.0405
v 1.323 -5.0214 -0.2543
v 1.2521 -4.5132 -0.1858
v 1.2424 -4.5441 0.0026
v 1.2018 -4.311 0.0269
v 1.2365 -4.2787 -0.1473
v 0.9908 -3.5891 0.1129
v 1.8932 -0.0414 0.5076
v 1.8086 -0.0503 0.0687
v 1.9544 -0.3048 0.5386
v 1.8728 -0.3059 0.1059
v 1.428 1.7074 0.9396
v 1.2698 1.3576 1.1058
v 0.3288 1.8148 -0.4997
v 0.3237 2.0622 -0.4227
v 0.3599 -1.1019 0.0683
v 0.4434 -1.0449 -0.1335
v 0.5481 -1.2999 -0.1428
v 0.338 -0.768 -0.1061
v 0.2503 -0.7949 0.1332
v 0.2173 -0.6635 0.1644
v 0.4063 5.2485 -0.564
v 0.6953 5.4004 -0.5447
v 0.7913 5.2493 -0.5819
v 1.3992 -5.0526 0.1301
v 1.311 -4.4653 -0.3463
v 2.0208 -3.7199 -0.1565
v 2.0439 -3.4863 0.0804
v 1.0661 -3.5682 -0.0394
v 0.6518 -1.2263 -0.3606
v 0.2781 -0.6667 -0.0759
v 0.4071 -0.7292 -0.3743
v 0.6526 4.7339 -0.5868
v 0.4122 4.7201 -0.5595
v 0.3932 4.5373 -0.5359
v 0.5896 4.3604 -0.5193
v 0.3777 4.3682 -0.4951
v 0.2122 -0.6344 0.3762
v 0.3263 -1.0886 0.3278
v 0.456 -1.3525 0.0614
v 1.4418 -1.5724 1.2087
v 1.5105 -1.9401 1.165
v 1.7815 -1.8602 1.1057
v 1.1216 -1.6863 1.1763
v 1.2056 -2.0462 1.1431
v 0.9942 -3.5858 0.3182
v 2.0176 -0.5104 0.5543
v 1.9185 -0.5065 0.1192
v 1.9763 -0.7484 0.1213
v 2.4597 4.9526 0.3581
v 1.2771 -2.4325 1.0989
v 1.5588 -2.3404 1.1173
v 1.9646 -1.8129 0.8908
v 1.2493 -2.0156 -0.4837
v 1.0586 -2.1081 -0.4203
v 0.8708 -2.1919 -0.2779
v 0.7462 -2.258 -0.1034
v 0.7764 -2.6729 0.1156
v 0.7852 -2.6642 0.3298
v 0.7982 -2.6385 0.5559
v 0.8665 -2.581 0.7951
v 1.0417 -2.4948 1.0156
v 0.9365 -2.13 1.0478
v 0.8452 -1.7829 1.0437
v 0.6849 -1.8927 -0.1235
v 0.7899 -1.8326 -0.3159
v 0.961 -1.7261 -0.4609
v 1.1596 -1.6112 -0.5492
v 1.395 -1.5065 -0.554
v 1.8025 5.6103 0.6705
v 1.4817 5.6777 0.6667
v 1.2186 5.6316 0.6163
v 2.4851 -6.2111 -0.0666
v 2.479 -5.7313 -0.0811
v 2.4515 -5.7398 0.154
v 1.9721 -1.4257 0.9368
v 1.7341 -1.4971 1.1759
v 0.3826 3.9157 1.6383
v 0.6082 3.8793 1.6121
v 0.6386 4.0307 1.5642
v 0.8044 3.6556 1.6107
v 0.9861 5.6031 0.5433
v 0.8646 5.5107 0.8453
v 0.8331 5.6026 0.4538
v 0.706 5.5448 0.7374
v 0.3516 4.0774 -0.4477
v 0.3639 4.2128 -0.4706
v 1.2809 5.2252 -0.5358
v 0.5139 5.4072 0.9612
v 2.4477 -5.3179 0.1676
v 2.4905 -5.3018 -0.0937
v 2.4781 -4.9191 -0.0881
v 2.4111 -4.9416 0.1844
v 1.2868 4.353 1.0112
v 1.1514 4.4307 1.1865
v 0.9811 4.4829 1.3278
v 0.961 5.7426 0.1018
v 0.3284 3.8536 -0.4087
v 0.239 4.5408 1.3297
v 0.4877 4.5285 1.33
v 0.9811 5.7473 -0.2131
v 0.3183 3.7478 -0.3855
v 0.1915 3.9267 1.6468
v 0.4065 4.0592 1.5855
v 1.0487 3.7835 1.4913
v 1.1665 3.7207 1.2453
v 1.1884 3.8436 1.2116
v 0.6609 3.5939 -0.3041
v 0.8304 3.5695 -0.2397
v 1.2988 3.7653 0.9358
v 0.5738 3.7046 1.6257
v 0.4841 3.617 -0.3371
v 0.3096 3.6327 -0.3599
v 1.3106 3.6289 0.1424
v 0.85 3.8364 1.6192
v 1.0612 3.9134 1.4251
v 0.7395 4.5178 1.3413
v 1.3874 4.2655 0.7924
v 0.8826 3.9874 1.5585
v 0.3032 3.4987 -0.333
v 1.0118 3.6196 1.4821
v 0.3584 3.7537 1.6621
v 0.2997 3.3351 -0.3078
v 2.1512 -3.9119 0.0261
v 2.1517 -3.9304 0.2741
v 0.1604 1.5011 1.4878
v 1.3125 3.875 0.9061
v 1.5967 4.4338 -0.1634
v 1.6333 4.7184 -0.371
v 2.0983 -3.7248 0.303
v 2.0591 -3.4902 0.3366
v 2.0904 -3.7117 0.0631
v 1.1333 4.0205 -0.2745
v 0.4972 3.7346 -0.3625
v 0.2997 3.1326 -0.2923
v 0.4636 2.8768 -0.2712
v 0.3042 2.885 -0.295
v 1.2077 3.9551 1.1676
v 0.2339 4.4145 1.4061
v 1.0841 4.0301 1.3737
v 0.9068 4.1014 1.5053
v 0.6598 4.1449 1.5117
v 0.2031 4.0701 1.5944
v 0.4223 4.1696 1.5304
v 0.1827 3.7699 1.6696
v 1.0476 5.2347 -0.5815
v 0.9086 5.6629 -0.3884
v 1.5104 4.8471 -0.4579
v 0.1743 5.2205 -0.5446
v 0.1734 5.0541 -0.5572
v 0.1956 4.8837 -0.5459
v 0.1929 4.7094 -0.5322
v 0.1856 4.5355 -0.5119
v 0.1787 4.3667 -0.4899
v 0.1726 4.2111 -0.47
v 0.167 4.0763 -0.4529
v 0.1616 3.9619 -0.4363
v 0.1562 3.8587 -0.417
v 0.1509 3.7553 -0.3939
v 0.1465 3.6424 -0.3688
v 0.1439 3.5099 -0.3433
v 0.143 3.3457 -0.3201
v 0.1443 3.1404 -0.306
v 0.148 2.8896 -0.3097
v 0.1535 2.6075 -0.3348
v 0.1578 2.3298 -0.3774
v 0.154 1.8412 1.5362
v 0.1579 2.0679 -0.4328
v 1.0217 1.2996 1.201
v 0.7806 1.2399 1.294
v 1.1408 0.7841 -0.9009
v 0.8979 0.7991 -1.0061
v 0.0551 -0.3428 -0.3294
v 0.0578 -0.4359 -0.131
v 0.1615 -0.3739 -0.5023
v 0.0595 -0.4715 0.0569
v 0.0769 -0.4627 0.2437
v 0.1166 -0.4778 0.0307
v 0.0785 -0.4546 0.4288
v 0.0834 -0.4361 0.6242
v 0.1034 -0.3752 0.8586
v 0.1342 -0.4152 0.6123
v 0.1247 -0.2494 1.053
v 0.1779 -0.3469 0.8467
v 0.2336 -0.2158 1.0603
v 0.6633 0.8093 -1.0236
v 0.4544 0.8035 -0.9697
v 0.548 1.192 1.381
v 0.3481 1.1421 1.4358
v 0.4827 2.3214 -0.3368
v 0.3203 2.3269 -0.3619
v 0.1724 1.1023 1.4558
v 0.3567 0.7253 1.3993
v 0.2543 0.8053 -0.9184
v 0.2108 0.3607 -1.017
v 0.1184 -0.4847 -0.1924
v 0.1362 -0.4646 0.2366
v 0.1308 -0.4439 0.4303
v 0.1523 2.8996 1.6501
v 0.1504 2.5344 1.6183
v 0.2071 4.1815 1.5362
v 0.4228 5.0868 -0.5542
v 0.4316 4.9114 -0.5615
v 0.339 3.9592 -0.4293
v 0.3124 2.605 -0.3188
v 0.0579 0.8081 -0.8132
v 1.4947 4.5485 0.7021
v 1.4058 4.0611 0.5744
v 1.3425 2.9004 0.7198
v 1.5695 1.4262 0.9181
v 1.8519 -0.3055 0.9858
v 1.9299 -0.7832 0.9693
v 2.0526 -0.7574 0.5632
v 2.029 -1.8021 0.5141
v 1.9737 -3.531 0.597
v 1.9255 -3.2597 -0.1304
v 2.0116 -3.241 0.0979
v 1.6104 -3.0462 0.9423
v 1.9828 -1.8211 0.1444
v 1.9722 -1.4165 0.1461
v 1.2492 2.5372 0.3876
v 3.2458 3.7467 -0.04
v 3.2762 3.8428 0.0743
v 3.1539 3.1803 0.0595
v 3.2798 3.0541 0.2096
v 3.4208 2.9089 0.4101
v 3.5788 2.7613 0.6477
v 3.7723 2.603 0.9097
v 3.9622 2.4738 1.1413
v 4.1698 2.2845 1.4304
v 4.3239 2.1238 1.6675
v 3.2534 3.8775 0.5036
v 3.2563 3.9055 0.2459
v 3.0706 3.8327 0.6003
v 2.6625 4.3934 0.5703
v 2.458 -6.2037 0.1342
v 2.8798 3.672 0.6099
v 2.0257 -3.2537 0.3598
v 1.7771 -0.5313 -0.316
v 0.9461 -3.304 0.1398
v 0.9735 -3.2859 0.5341
v 1.2001 -3.1635 0.8789
v 1.3843 -3.1032 0.924
v 1.0424 -3.2398 0.7246
v 0.9591 -3.2996 0.357
v 0.5466 4.072 -0.435
v 2.0533 -1.3994 0.5448
v 2.7423 3.4915 0.4227
v 3.1803 3.9504 0.469
v 2.6966 3.3983 -0.0309
v 0.1558 5.4127 -0.5121
v 0.7643 5.7439 -0.3569
v 0.8293 5.8057 -0.1803
v 0.3712 5.4611 -0.5378
v 0.5993 5.5895 -0.4914
v 0.1416 5.6103 -0.4502
v 0.641 5.8585 -0.2732
v 0.6911 5.8889 -0.1271
v 0.3401 5.6733 -0.4654
v 0.5303 5.7768 -0.3965
v 0.1306 5.8 -0.3626
v 0.5335 5.9689 -0.1697
v 0.5828 5.9713 -0.058
v 0.307 5.8527 -0.3612
v 0.4528 5.9296 -0.2766
v 0.1171 5.9826 -0.2641
v 0.4936 6.0917 -0.0987
v 0.5276 6.0841 0.0115
v 0.2775 6.0206 -0.2518
v 0.4133 6.072 -0.1789
v 0 6.1292 -0.1817
v 0.1161 6.1338 -0.2158
v 0.4883 6.1734 -0.0409
v 0.5124 6.1688 0.0523
v 0.2541 6.1457 -0.1994
v 0.3906 6.1615 -0.1473
v 0.4197 5.5359 0.7468
v 0.2121 5.5243 0.8256
v 0.6821 5.6529 0.4192
v 0.5586 5.5942 0.6089
v 0.3494 5.6764 0.6739
v 0.1788 5.6729 0.7369
v 0.5741 5.7354 0.4003
v 0.4814 5.6916 0.5314
v 0.5 5.8457 0.3999
v 0.4384 5.8247 0.5183
v 0.3243 5.8232 0.65
v 0.1687 5.8224 0.7019
v 0.3159 5.9637 0.6335
v 0.1672 5.9551 0.6949
v 0.4767 5.9799 0.3948
v 0.4267 5.9703 0.5137
v 0.4236 6.0871 0.5148
v 0.3147 6.0672 0.6315
v 0.1795 6.0591 0.7235
v 0.4644 6.1048 0.3902
v 0.8313 5.8094 -0.0313
v 0.8091 5.7835 0.1147
v 0.7531 5.7216 0.2718
v 0.6913 5.8738 0.0039
v 0.6496 5.8325 0.1412
v 0.6304 5.788 0.2715
v 0.5949 5.9532 0.0436
v 0.5752 5.9164 0.1527
v 0.5473 5.8726 0.2734
v 0.5333 6.0611 0.0893
v 0.5307 6.0298 0.1749
v 0.5139 6.0084 0.2673
v 0.5144 6.1537 0.129
v 0.5017 6.1416 0.2063
v 0.4882 6.1264 0.2845
v 2.3639 -6.6097 -0.3332
v 2.0821 -6.665 -0.3971
v 1.8109 -6.6354 0.0375
v 1.8478 -6.6327 0.1483
v 2.4429 -6.6156 -0.2234
v 2.3375 -6.2005 0.3196
v 1.9014 -7.9182 -0.3122
v 2.1105 -8.0838 1.9618
v 0.661 -1.8569 0.8048
v -4.4431 2.2099 1.6373
g patch0
f 1 2 3
f 4 5 2
f 6 7 8
f 9 8 10
f 7 6 11
f 5 12 13
f 6 14 15
f 14 6 9
f 16 9 17
f 18 19 15
f 20 21 22
f 23 24 20
f 25 26 27
f 28 29 30
f 29 25 31
f 32 33 26
f 34 35 29
f 35 32 25
f 5 27 26
f 36 20 37
f 2 26 33
f 16 38 39
f 24 40 21
f 14 16 41
f 17 10 42
f 43 44 36
f 44 45 23
f 43 46 47
f 44 47 48
f 22 21 15
f 11 15 21
f 49 50 38
f 39 38 50
f 34 28 47
f 28 51 48
f 52 53 54
f 55 56 57
f 56 55 58
f 42 58 55
f 49 55 54
f 53 59 50
f 1 57 56
f 60 52 57
f 61 62 63
f 64 65 66
f 67 68 69
f 70 71 72
f 73 74 75
f 76 77 78
f 79 80 81
f 82 79 83
f 84 82 85
f 86 87 88
f 89 86 90
f 91 89 92
f 93 91 94
f 95 96 97
f 98 99 96
f 100 101 99
f 68 76 102
f 103 104 105
f 106 74 73
f 107 62 61
f 97 108 109
f 110 102 78
f 111 112 113
f 75 69 114
f 102 110 114
f 115 116 117
f 118 115 119
f 120 118 121
f 104 103 122
f 83 81 123
f 85 83 124
f 125 85 126
f 127 128 129
f 130 94 119
f 94 92 121
f 92 90 131
f 90 88 120
f 132 78 133
f 134 77 84
f 84 125 135
f 136 137 138
f 128 127 139
f 137 136 140
f 71 70 141
f 142 143 144
f 145 146 147
f 148 113 149
f 150 151 143
f 152 153 154
f 155 122 156
f 157 147 151
f 158 145 157
f 159 142 129
f 160 71 140
f 136 161 162
f 163 128 105
f 161 136 149
f 128 163 164
f 165 104 155
f 112 166 167
f 104 165 168
f 71 160 169
f 170 157 150
f 171 155 154
f 153 172 173
f 174 150 142
f 113 167 175
f 176 170 174
f 160 177 178
f 165 179 180
f 166 181 182
f 179 165 171
f 163 183 184
f 185 161 175
f 183 163 168
f 161 185 186
f 177 160 162
f 187 159 164
f 188 158 170
f 167 182 189
f 190 174 159
f 172 191 192
f 193 171 173
f 194 187 184
f 195 177 186
f 179 196 197
f 66 106 198
f 199 183 180
f 200 185 189
f 201 176 190
f 196 179 193
f 181 202 203
f 191 204 205
f 177 195 206
f 207 188 176
f 208 193 192
f 185 200 209
f 210 190 187
f 182 203 211
f 107 212 213
f 183 199 214
f 204 215 216
f 217 208 205
f 218 201 210
f 195 219 220
f 196 221 222
f 202 223 224
f 221 196 208
f 199 225 226
f 227 200 211
f 228 63 65
f 225 199 197
f 200 227 229
f 124 123 116
f 115 118 126
f 118 120 135
f 230 135 120
f 134 230 88
f 101 100 231
f 219 195 209
f 232 194 214
f 233 207 201
f 203 224 234
f 235 210 194
f 106 221 217
f 221 106 66
f 228 64 19
f 18 41 61
f 64 236 22
f 37 22 236
f 41 39 212
f 213 212 39
f 53 52 237
f 95 237 52
f 98 95 60
f 238 37 198
f 43 238 73
f 239 114 46
f 114 110 34
f 110 132 35
f 3 33 100
f 132 231 32
f 81 219 229
f 108 233 218
f 227 116 123
f 116 227 234
f 107 235 232
f 223 93 130
f 240 218 235
f 224 130 117
f 62 232 226
f 225 65 63
f 219 81 80
f 215 67 75
f 65 225 222
f 74 217 216
f 59 53 109
f 240 213 109
f 241 156 122
f 146 242 151
f 127 243 244
f 143 245 246
f 243 127 144
f 103 139 244
f 242 245 143
f 247 152 156
f 111 148 138
f 246 245 244
f 248 249 244
f 248 250 138
f 247 249 141
f 231 100 33
f 251 252 253
f 252 254 255
f 254 256 257
f 256 258 259
f 260 261 262
f 263 264 261
f 265 266 267
f 267 268 269
f 270 271 272
f 273 274 275
f 274 276 277
f 276 278 279
f 278 280 281
f 282 273 283
f 284 285 286
f 287 286 288
f 289 288 290
f 291 292 293
f 294 295 296
f 297 298 292
f 299 300 285
f 301 284 287
f 302 287 289
f 303 289 304
f 305 301 302
f 265 306 307
f 308 302 303
f 309 303 310
f 311 305 308
f 312 308 309
f 313 309 314
f 315 316 317
f 318 311 312
f 319 312 313
f 320 313 321
f 322 323 280
f 324 325 326
f 327 328 329
f 330 326 331
f 332 331 333
f 334 324 330
f 335 329 336
f 337 330 332
f 338 332 339
f 278 257 259
f 257 278 276
f 255 276 274
f 340 341 342
f 253 274 273
f 258 343 322
f 271 282 344
f 280 323 345
f 346 299 284
f 347 346 301
f 305 311 348
f 349 348 311
f 350 351 325
f 324 334 352
f 266 353 354
f 355 356 357
f 358 357 359
f 360 359 361
f 362 361 341
f 363 364 365
f 366 367 368
f 369 368 370
f 371 372 373
f 374 375 262
f 376 373 367
f 377 369 378
f 379 371 376
f 380 376 366
f 381 365 382
f 383 366 369
f 384 315 385
f 386 385 387
f 388 389 387
f 390 391 392
f 393 394 285
f 395 396 288
f 397 398 399
f 270 400 401
f 402 377 403
f 404 379 380
f 405 342 406
f 388 407 294
f 408 380 383
f 409 410 382
f 411 383 377
f 389 388 412
f 413 414 415
f 416 417 418
f 415 419 420
f 421 422 423
f 422 424 425
f 424 426 427
f 428 427 426
f 429 430 431
f 432 433 434
f 435 431 436
f 437 436 438
f 439 440 430
f 441 442 443
f 409 444 445
f 442 446 447
f 448 449 450
f 451 432 452
f 453 435 437
f 454 437 455
f 456 439 429
f 447 446 455
f 457 445 444
f 458 455 438
f 449 459 460
f 459 461 462
f 463 429 435
f 464 454 446
f 465 456 463
f 466 381 410
f 433 467 468
f 461 469 470
f 471 463 453
f 472 451 473
f 474 453 454
f 475 465 471
f 445 457 476
f 477 478 479
f 480 471 474
f 481 472 482
f 483 474 464
f 484 464 442
f 381 466 485
f 486 487 403
f 478 488 489
f 490 480 483
f 491 481 492
f 493 483 484
f 494 484 441
f 495 475 480
f 457 403 378
f 496 490 493
f 497 491 498
f 499 493 494
f 500 494 426
f 501 495 490
f 476 378 370
f 466 476 502
f 363 503 336
f 504 335 503
f 505 496 499
f 506 497 507
f 508 499 500
f 509 500 424
f 510 501 496
f 511 503 363
f 485 502 512
f 339 513 512
f 514 327 335
f 515 506 516
f 517 508 509
f 518 509 422
f 519 510 505
f 513 339 333
f 370 520 512
f 521 505 508
f 522 523 524
f 525 522 526
f 523 522 527
f 528 529 530
f 531 527 522
f 532 528 527
f 528 532 533
f 534 535 529
f 536 537 534
f 538 539 537
f 540 541 539
f 542 543 541
f 544 467 433
f 537 545 535
f 546 544 547
f 539 548 545
f 541 549 548
f 549 541 543
f 438 550 546
f 436 551 550
f 552 553 554
f 555 556 268
f 557 558 556
f 559 560 561
f 562 563 417
f 564 565 566
f 567 568 569
f 570 571 572
f 573 574 575
f 576 577 578
f 574 576 579
f 414 375 419
f 580 413 306
f 407 573 295
f 374 389 391
f 581 582 266
f 267 354 583
f 584 585 553
f 586 587 585
f 368 338 520
f 367 337 338
f 588 589 590
f 589 588 591
f 553 592 593
f 594 595 591
f 585 596 592
f 594 343 258
f 587 597 596
f 373 334 337
f 372 352 334
f 589 598 599
f 256 600 601
f 598 589 595
f 600 256 254
f 602 603 595
f 602 594 601
f 600 604 605
f 606 607 608
f 295 575 609
f 610 611 607
f 607 612 613
f 575 579 614
f 611 615 612
f 612 616 617
f 579 578 618
f 615 619 616
f 620 621 622
f 623 624 625
f 624 626 627
f 628 622 629
f 630 631 632
f 398 633 634
f 635 636 637
f 638 630 639
f 640 254 252
f 623 629 622
f 626 624 622
f 638 641 625
f 625 627 631
f 642 643 644
f 645 644 646
f 647 648 646
f 649 650 647
f 650 649 651
f 652 653 654
f 655 656 657
f 658 659 656
f 660 661 659
f 662 663 661
f 664 665 666
f 667 668 669
f 670 666 671
f 672 673 665
f 674 671 668
f 653 672 664
f 675 676 677
f 678 677 679
f 670 655 654
f 680 572 681
f 682 683 684
f 685 684 686
f 687 569 688
f 689 690 691
f 692 693 694
f 692 682 685
f 695 696 697
f 698 699 696
f 700 685 701
f 702 703 701
f 704 705 706
f 707 708 709
f 707 710 711
f 712 711 713
f 714 715 713
f 716 717 714
f 717 716 718
f 719 720 721
f 722 721 723
f 724 723 725
f 726 725 727
f 728 729 727
f 730 719 722
f 731 722 724
f 732 724 726
f 733 726 729
f 729 728 734
f 687 735 702
f 735 687 736
f 737 738 705
f 676 739 708
f 676 707 712
f 740 741 321
f 677 712 715
f 571 679 715
f 717 572 571
f 572 717 742
f 743 744 516
f 525 516 507
f 531 507 498
f 532 498 492
f 482 536 533
f 473 538 536
f 745 321 314
f 269 293 413
f 746 608 574
f 608 613 576
f 613 617 577
f 747 748 663
f 674 658 655
f 667 660 658
f 749 679 571
f 716 750 751
f 750 735 752
f 568 567 701
f 753 754 755
f 754 753 756
f 757 758 759
f 760 755 761
f 762 763 764
f 765 766 763
f 767 768 684
f 769 770 771
f 772 566 773
f 774 775 776
f 538 473 452
f 777 778 770
f 779 780 781
f 540 452 434
f 782 776 783
f 784 785 780
f 775 774 786
f 787 788 789
f 790 791 778
f 792 793 794
f 795 792 796
f 795 797 798
f 563 799 800
f 468 801 542
f 802 801 468
f 382 552 802
f 552 382 365
f 803 804 805
f 364 586 584
f 806 807 808
f 809 810 811
f 336 812 586
f 813 805 814
f 815 816 810
f 804 803 817
f 818 819 820
f 821 822 807
f 823 808 824
f 825 561 826
f 803 827 828
f 828 829 830
f 831 809 830
f 832 815 809
f 833 815 832
f 834 835 836
f 835 837 822
f 838 832 831
f 827 839 840
f 841 842 843
f 837 844 845
f 846 847 848
f 479 489 849
f 839 827 850
f 329 588 812
f 851 845 847
f 852 831 829
f 588 329 328
f 853 850 854
f 855 479 848
f 856 839 853
f 591 328 857
f 845 858 859
f 860 852 861
f 862 857 863
f 864 853 843
f 865 838 852
f 839 856 866
f 842 867 868
f 844 869 858
f 847 859 870
f 871 863 872
f 872 873 874
f 875 876 874
f 877 876 875
f 877 878 879
f 880 881 882
f 883 884 885
f 886 887 888
f 889 890 891
f 892 893 894
f 895 896 897
f 462 470 898
f 887 886 881
f 879 899 900
f 901 894 896
f 902 885 903
f 893 904 905
f 896 906 907
f 460 462 897
f 908 887 880
f 909 900 899
f 894 905 906
f 910 902 911
f 912 913 909
f 914 880 891
f 915 883 902
f 887 908 916
f 890 917 918
f 919 910 920
f 913 912 921
f 922 914 918
f 923 915 910
f 908 924 925
f 917 926 927
f 904 928 929
f 906 930 931
f 450 460 907
f 924 908 914
f 932 933 934
f 905 929 930
f 926 935 936
f 928 937 938
f 930 939 940
f 941 450 931
f 942 924 922
f 943 944 933
f 929 938 939
f 945 919 946
f 947 922 927
f 948 923 919
f 924 942 949
f 950 951 952
f 953 952 954
f 955 954 956
f 957 958 939
f 959 957 938
f 960 961 962
f 945 963 964
f 965 956 966
f 967 968 969
f 925 949 963
f 968 967 970
f 971 970 972
f 973 960 974
f 740 975 333
f 331 320 741
f 946 920 916
f 976 977 978
f 979 978 977
f 888 916 920
f 980 888 911
f 981 979 982
f 983 984 985
f 986 987 988
f 840 866 989
f 828 840 861
f 834 988 987
f 822 837 851
f 807 851 846
f 808 846 849
f 990 817 830
f 489 825 824
f 836 991 992
f 326 319 320
f 993 972 994
f 995 994 996
f 997 786 998
f 999 756 1000
f 673 1001 1002
f 739 676 675
f 1003 1004 1005
f 1006 1007 1008
f 1009 1010 1011
f 974 962 959
f 937 928 976
f 923 948 960
f 915 923 973
f 928 904 977
f 904 893 982
f 883 915 978
f 884 883 979
f 893 892 1012
f 984 1013 1014
f 1015 1014 1013
f 987 986 869
f 844 837 835
f 825 489 488
f 488 1016 1017
f 822 821 991
f 1018 1005 791
f 1007 1006 768
f 557 1019 1020
f 297 558 1020
f 297 1021 1022
f 1023 1008 766
f 785 784 1004
f 1024 1025 1026
f 1027 1024 1028
f 816 815 833
f 1029 1030 996
f 1031 1032 1029
f 832 838 988
f 838 865 1033
f 1034 1015 1035
f 1036 1037 1038
f 1039 818 814
f 325 318 319
f 351 349 318
f 1040 1028 1041
f 1028 1026 1042
f 1043 1042 1026
f 417 800 1044
f 1045 1044 800
f 1046 1045 1047
f 1048 1046 1049
f 1050 1048 1051
f 1052 798 1053
f 798 797 1054
f 797 796 1055
f 796 794 1056
f 1057 1056 794
f 1058 1057 1059
f 1040 1059 1060
f 794 793 1060
f 1061 1062 1063
f 1052 1064 1065
f 1051 1066 1064
f 1051 1049 1067
f 1049 1047 1068
f 1047 800 799
f 1069 1061 1070
f 604 600 640
f 1071 640 1072
f 1073 1074 1075
f 1076 1026 1025
f 1077 1078 1079
f 1078 1080 1081
f 1082 1083 1084
f 638 1085 1086
f 1087 1072 1088
f 1089 1090 1088
f 1022 1091 263
f 1092 264 263
f 1093 314 310
f 304 1094 1095
f 260 292 298
f 1096 293 292
f 293 1096 414
f 306 415 1097
f 1072 252 251
f 1088 251 1098
f 1099 1100 1101
f 1100 1099 1102
f 345 1103 1104
f 1105 279 281
f 279 1105 1106
f 394 395 286
f 384 1107 1108
f 1109 1110 283
f 396 1111 290
f 1112 316 315
f 1113 1114 1115
f 1116 1117 1083
f 1118 1119 1120
f 1121 606 746
f 343 591 862
f 636 1120 1122
f 407 388 1123
f 1124 1125 1085
f 872 307 1097
f 1126 610 606
f 1126 316 1112
f 391 412 1127
f 1037 1128 1129
f 385 317 1123
f 1130 1131 1119
f 1132 746 573
f 275 1133 1134
f 277 1106 1133
f 342 1104 1103
f 863 581 307
f 1135 1084 1131
f 1136 610 1126
f 1128 1137 1138
f 641 1086 1139
f 397 1140 1125
f 623 1139 635
f 610 1136 1141
f 1142 1143 1144
f 629 635 1145
f 1146 1147 1148
f 1120 1149 1150
f 582 327 514
f 1151 1016 1152
f 1153 1017 1016
f 581 863 857
f 327 582 857
f 412 294 1154
f 375 414 1096
f 317 1121 1132
f 316 1126 1121
f 611 1141 1155
f 615 1155 1156
f 1119 1157 1149
f 361 1106 1105
f 359 1133 1106
f 357 1134 1133
f 356 1109 1134
f 1139 1118 636
f 1131 1158 1157
f 1084 1159 1158
f 1083 1160 1159
f 1117 1161 1160
f 1085 1135 1130
f 1140 1116 1082
f 1086 1130 1118
f 1125 1082 1135
f 341 1105 1104
f 1094 304 290
f 1111 1162 1011
f 266 582 1163
f 268 556 291
f 558 297 291
f 1164 1165 1166
f 1167 1168 1169
f 1170 1021 1020
f 1170 1171 1172
f 1173 1172 1174
f 1175 1092 1091
f 1176 1177 1178
f 1179 1112 1108
f 1179 1180 1181
f 1182 1136 1183
f 1182 1184 1185
f 1186 1185 1187
f 1188 1187 1189
f 1190 1191 1192
f 1148 662 660
f 1147 747 662
f 1193 1194 738
f 1195 666 665
f 1196 671 666
f 1002 1001 1197
f 725 1195 1002
f 750 716 1198
f 1198 713 1199
f 735 750 1200
f 1200 1199 703
f 734 757 761
f 755 733 1201
f 1202 1203 694
f 1204 1205 1203
f 1204 1206 1207
f 1208 1209 1210
f 1208 1211 1212
f 1213 1212 1214
f 1215 1216 1217
f 1218 1219 1216
f 698 730 1219
f 1220 700 703
f 1221 692 700
f 711 1220 1199
f 710 1221 1220
f 723 1196 1195
f 721 1222 1196
f 1222 668 671
f 1223 669 668
f 649 680 1224
f 680 649 1225
f 570 1225 646
f 749 646 644
f 678 644 643
f 642 1226 1227
f 675 643 1227
f 1228 1193 1229
f 1230 1231 1232
f 720 1223 1222
f 1233 1230 1223
f 710 709 1234
f 1235 1236 1234
f 1221 1234 693
f 689 1236 1237
f 754 732 733
f 999 731 732
f 1203 683 682
f 1205 767 683
f 1210 1007 767
f 1209 1008 1007
f 1008 1209 1238
f 766 1238 1217
f 763 1217 1216
f 1219 999 764
f 1219 730 731
f 251 1239 271
f 344 282 1110
f 1239 273 282
f 1240 1241 356
f 1124 639 398
f 251 270 1242
f 639 632 633
f 693 689 1243
f 719 695 1233
f 730 698 695
f 708 704 1235
f 739 737 704
f 1244 1245 748
f 1246 1247 1110
f 1248 1249 1117
f 1250 1251 1140
f 1232 1252 1147
f 1241 1246 1109
f 1249 1253 1161
f 1251 1248 1116
f 1009 1164 1254
f 1019 1167 1255
f 1171 1170 1255
f 1021 1170 1173
f 1022 1173 1256
f 1257 1175 1256
f 1107 1176 1258
f 1180 1179 1258
f 1112 1179 1259
f 1184 1182 1259
f 1136 1182 1186
f 1141 1186 1188
f 1155 1188 1260
f 1226 1190 1228
f 1252 1244 747
f 1229 1193 737
f 1261 1202 1243
f 1206 1204 1202
f 1205 1204 1262
f 1211 1208 1262
f 1209 1208 1213
f 1238 1213 1263
f 1264 1215 1263
f 1265 1218 1215
f 699 698 1218
f 1192 1194 1193
f 1223 1230 1146
f 697 1231 1230
f 706 1237 1236
f 693 1234 1236
f 322 862 871
f 323 871 1266
f 345 1266 874
f 876 406 1103
f 1267 877 1268
f 900 1122 1150
f 1122 900 909
f 913 1145 637
f 1145 913 934
f 1269 934 933
f 628 933 944
f 652 950 953
f 653 953 955
f 672 955 965
f 673 965 969
f 968 1197 1001
f 1197 968 971
f 728 971 993
f 734 993 995
f 757 995 1030
f 787 1029 1032
f 1270 1081 1080
f 1271 1270 1272
f 1273 1274 1275
f 1076 1275 1276
f 818 1277 1153
f 819 1153 1151
f 819 841 854
f 841 1151 1144
f 842 1144 1143
f 1137 1278 1279
f 1278 1280 1281
f 889 1113 1102
f 1114 469 461
f 1282 1281 1280
f 1283 1284 1285
f 1152 478 477
f 1016 488 478
f 850 813 820
f 827 803 813
f 559 1017 1286
f 804 1287 1288
f 1289 416 1290
f 1291 562 416
f 1292 1293 1294
f 1295 1296 1297
f 1298 565 564
f 994 736 688
f 972 752 736
f 970 751 752
f 967 718 751
f 718 967 966
f 956 681 742
f 954 1224 681
f 952 651 1224
f 951 1299 651
f 618 943 932
f 614 932 921
f 912 296 609
f 296 912 1300
f 899 1127 1154
f 1127 899 879
f 878 1301 392
f 420 875 873
f 431 1302 551
f 430 1303 1302
f 1304 547 1305
f 458 1305 1306
f 447 1306 1307
f 443 1307 1308
f 428 1308 1309
f 427 1309 1310
f 425 1310 1311
f 423 1311 1312
f 440 1313 1303
f 1314 1313 440
f 432 1305 547
f 1305 432 451
f 472 1307 1306
f 481 1308 1307
f 491 1309 1308
f 497 1310 1309
f 506 1311 1310
f 1311 506 515
f 599 352 372
f 511 512 513
f 504 513 975
f 514 975 740
f 1163 740 745
f 353 745 1093
f 354 1093 1095
f 1094 555 583
f 1011 557 555
f 557 1011 1010
f 1254 1167 1019
f 1167 1254 1166
f 890 1102 1099
f 917 1099 1075
f 1074 935 926
f 300 1090 1089
f 299 1087 1090
f 346 1071 1087
f 347 604 1071
f 604 347 348
f 349 602 605
f 351 603 602
f 350 598 603
f 598 350 352
f 586 812 590
f 599 597 587
f 597 372 371
f 596 371 379
f 592 379 404
f 1314 1315 543
f 542 801 1316
f 439 549 1315
f 549 439 456
f 548 456 465
f 545 465 475
f 495 529 535
f 501 530 529
f 510 523 530
f 523 510 519
f 753 775 997
f 775 753 760
f 776 760 759
f 758 787 783
f 1030 1029 787
f 1017 1153 1277
f 1277 1317 1318
f 688 565 1298
f 569 566 565
f 566 569 568
f 686 769 773
f 684 777 769
f 768 790 777
f 1006 1018 790
f 1018 1006 1023
f 1003 1023 765
f 785 765 762
f 780 762 1000
f 781 1000 756
f 805 1288 1319
f 1317 1277 818
f 1320 561 560
f 1321 823 826
f 1322 821 806
f 991 1323 1324
f 816 1325 1326
f 811 1327 1328
f 1287 804 990
f 810 1326 1327
f 992 1324 1325
f 1323 991 821
f 1329 806 823
f 561 1320 1330
f 1286 1318 1331
f 1115 461 459
f 1100 459 449
f 448 1073 1101
f 1157 340 405
f 1161 355 358
f 1160 358 360
f 1159 360 362
f 1158 362 340
f 389 374 1332
f 1275 1289 1333
f 264 384 386
f 261 386 1332
f 419 390 1301
f 1274 1291 1289
f 1149 405 1267
f 375 374 390
f 264 1092 1107
f 1175 1257 1177
f 1253 1240 355
f 1092 1175 1176
f 406 876 877
f 875 420 1301
f 593 1314 1316
f 801 802 554
f 404 1313 1314
f 1313 404 408
f 1303 408 411
f 1302 411 402
f 551 402 487
f 550 487 486
f 546 486 444
f 409 467 544
f 467 409 1334
f 1296 1335 1336
f 1335 1271 1337
f 1165 1164 1338
f 1111 396 1339
f 1164 1009 1340
f 1162 1111 1341
f 1009 1162 1342
f 1343 1338 1344
f 1341 1339 1345
f 1338 1340 1346
f 1340 1342 1347
f 1342 1341 1348
f 1349 1344 1350
f 1348 1345 1351
f 1344 1346 1352
f 1346 1347 1353
f 1347 1348 1354
f 1355 1350 1356
f 1354 1351 1357
f 1350 1352 1358
f 1352 1353 1359
f 1353 1354 1360
f 1361 1356 1362
f 1360 1357 1363
f 1356 1358 1364
f 1358 1359 1365
f 1359 1360 1366
f 1098 1242 1367
f 1089 1368 1369
f 1368 1098 1370
f 1242 401 1371
f 1370 1367 1372
f 1367 1371 1373
f 1374 1369 1375
f 1369 1370 1376
f 1377 1375 1378
f 1375 1376 1379
f 1376 1372 1380
f 1372 1373 1381
f 1379 1380 1382
f 1380 1381 1383
f 1384 1378 1385
f 1378 1379 1386
f 1385 1386 1387
f 1386 1382 1388
f 1382 1383 1389
f 1390 1385 1391
f 395 394 1392
f 394 393 1393
f 1394 1392 1395
f 1392 1393 1396
f 1397 1395 1398
f 1395 1396 1399
f 1400 1398 1401
f 1398 1399 1402
f 1403 1401 1404
f 1401 1402 1405
f 1393 393 1089
f 1377 1396 1393
f 1384 1399 1396
f 1390 1402 1399
f 1406 1405 1402
f 1357 1403 1407
f 1351 1400 1403
f 1345 1397 1400
f 1339 1394 1397
f 395 1394 1339
f 4 1408 12
f 957 30 31
f 24 1409 964
f 23 1410 1409
f 959 51 30
f 958 31 27
f 48 962 961
f 40 964 1411
f 51 959 962
f 1410 23 45
f 4 56 1412
f 448 941 12
f 941 940 13
f 958 13 940
f 948 945 1409
f 949 1411 964
f 42 10 936
f 947 936 10
f 942 947 8
f 7 1411 949
f 948 1410 961
f 1074 1073 1412
f 935 1074 58
f 1073 448 1408
f 79 82 76
f 1413 72 153
f 206 220 215
f 99 101 87
f 245 242 250
f 72 169 172
f 169 178 191
f 82 84 77
f 96 99 86
f 220 80 67
f 145 158 166
f 178 206 204
f 188 207 202
f 133 78 77
f 146 111 250
f 158 188 181
f 146 145 112
f 233 108 93
f 241 244 249
f 207 233 223
f 80 79 68
f 108 97 91
f 133 134 87
f 137 141 249
f 70 1413 152
f 97 96 89
f 663 632 631
f 748 633 632
f 633 748 1245
f 1190 1260 1189
f 1260 1190 1226
f 1156 1226 642
f 619 642 645
f 616 645 648
f 647 577 617
f 650 578 577
f 578 650 1299
f 618 1299 951
f 950 944 943
f 944 950 652
f 620 652 657
f 656 626 621
f 659 627 626
f 627 659 661
f 1414 1415 1416
f 1417 1414 1418
f 1419 1420 1421
f 1420 1422 1423
f 1424 1425 1426
f 1427 1428 1429
f 1419 1426 1430
f 1431 1432 1420
f 1432 1433 1422
f 1434 1431 1430
f 1435 1436 1437
f 1438 1439 1435
f 1440 1441 1428
f 1442 1443 1444
f 1445 1444 1441
f 1446 1440 1447
f 1448 1442 1445
f 1449 1445 1440
f 1427 1418 1447
f 1439 1450 1436
f 1418 1416 1451
f 1432 1452 1453
f 1454 1435 1455
f 1431 1434 1452
f 1422 1456 1457
f 1458 1450 1439
f 1459 1439 1438
f 1458 1459 1460
f 1459 1461 1462
f 1437 1463 1430
f 1426 1464 1455
f 1456 1422 1433
f 1453 1465 1466
f 1448 1467 1460
f 1442 1460 1462
f 1468 1469 1470
f 1471 1470 1469
f 1472 1473 1474
f 1457 1456 1471
f 1456 1466 1470
f 1475 1470 1466
f 1414 1417 1472
f 1415 1414 1469
f 1476 1477 1478
f 1479 1480 1481
f 1482 1483 1484
f 1485 1486 1487
f 1488 1489 1483
f 1490 1491 1492
f 1493 1494 1495
f 1496 1497 1494
f 1498 1499 1497
f 1500 1501 1502
f 1503 1504 1501
f 1505 1506 1504
f 1507 1508 1506
f 1509 1510 1511
f 1512 1509 1513
f 1514 1512 1515
f 1516 1484 1491
f 1517 1518 1519
f 1520 1521 1488
f 1522 1523 1476
f 1511 1510 1524
f 1525 1526 1492
f 1527 1528 1529
f 1483 1489 1530
f 1491 1484 1530
f 1531 1532 1533
f 1534 1535 1532
f 1536 1537 1535
f 1538 1539 1540
f 1494 1541 1542
f 1497 1543 1541
f 1499 1544 1543
f 1545 1546 1547
f 1508 1533 1532
f 1506 1532 1535
f 1504 1535 1537
f 1501 1537 1536
f 1526 1548 1549
f 1550 1551 1498
f 1498 1551 1544
f 1552 1553 1554
f 1555 1519 1518
f 1556 1557 1558
f 1559 1558 1557
f 1560 1547 1546
f 1561 1562 1563
f 1528 1554 1553
f 1564 1560 1565
f 1566 1567 1568
f 1539 1568 1567
f 1562 1564 1569
f 1570 1571 1562
f 1572 1573 1547
f 1574 1575 1558
f 1552 1558 1575
f 1576 1577 1519
f 1578 1579 1553
f 1555 1547 1573
f 1580 1581 1539
f 1582 1529 1583
f 1538 1519 1577
f 1559 1487 1584
f 1571 1585 1564
f 1581 1586 1568
f 1587 1568 1586
f 1585 1572 1560
f 1529 1553 1579
f 1588 1589 1585
f 1574 1584 1590
f 1580 1577 1591
f 1592 1583 1593
f 1594 1595 1581
f 1576 1573 1596
f 1597 1598 1579
f 1599 1591 1577
f 1578 1575 1600
f 1601 1600 1575
f 1602 1596 1573
f 1603 1588 1571
f 1583 1579 1598
f 1589 1602 1572
f 1604 1586 1605
f 1595 1605 1586
f 1606 1607 1596
f 1608 1609 1600
f 1594 1591 1610
f 1481 1480 1521
f 1611 1610 1591
f 1612 1613 1598
f 1614 1615 1589
f 1616 1617 1595
f 1618 1593 1619
f 1620 1605 1621
f 1601 1590 1622
f 1623 1614 1588
f 1617 1621 1605
f 1597 1600 1609
f 1615 1606 1602
f 1593 1598 1613
f 1522 1624 1625
f 1599 1596 1607
f 1626 1621 1627
f 1628 1627 1621
f 1629 1630 1615
f 1608 1622 1631
f 1616 1610 1632
f 1633 1619 1634
f 1635 1628 1617
f 1611 1607 1636
f 1637 1638 1613
f 1477 1479 1639
f 1640 1632 1610
f 1612 1609 1641
f 1541 1531 1642
f 1531 1541 1543
f 1534 1543 1544
f 1551 1502 1536
f 1550 1643 1502
f 1644 1549 1548
f 1645 1641 1609
f 1646 1636 1607
f 1647 1629 1614
f 1619 1613 1638
f 1630 1646 1606
f 1520 1648 1628
f 1635 1632 1481
f 1477 1434 1463
f 1434 1477 1476
f 1479 1463 1437
f 1436 1521 1480
f 1452 1476 1523
f 1625 1465 1453
f 1475 1524 1510
f 1509 1415 1468
f 1512 1416 1415
f 1450 1488 1521
f 1458 1489 1488
f 1489 1458 1467
f 1530 1467 1448
f 1525 1448 1449
f 1416 1512 1514
f 1526 1449 1446
f 1495 1542 1641
f 1649 1624 1629
f 1637 1641 1542
f 1642 1533 1638
f 1522 1650 1646
f 1651 1634 1508
f 1624 1522 1630
f 1634 1638 1533
f 1650 1478 1636
f 1640 1636 1478
f 1645 1631 1652
f 1653 1627 1483
f 1639 1481 1632
f 1648 1483 1627
f 1465 1625 1524
f 1624 1649 1524
f 1654 1517 1540
f 1655 1563 1569
f 1545 1518 1656
f 1565 1546 1657
f 1658 1657 1546
f 1517 1654 1656
f 1659 1569 1565
f 1660 1654 1567
f 1527 1661 1554
f 1657 1658 1656
f 1662 1663 1656
f 1662 1556 1554
f 1660 1485 1557
f 1548 1446 1451
f 1664 1665 1666
f 1667 1666 1668
f 1669 1668 1670
f 1671 1670 1672
f 1673 1674 1675
f 1676 1673 1677
f 1678 1679 1680
f 1680 1679 1681
f 1682 400 272
f 1683 1684 1685
f 1686 1685 1687
f 1688 1687 1689
f 1690 1689 1691
f 1692 1693 1684
f 1694 1695 1696
f 1695 1697 1698
f 1697 1699 1700
f 1701 1681 1702
f 1703 1704 1705
f 1706 1701 1707
f 1708 1694 1709
f 1710 1711 1695
f 1711 1712 1697
f 1712 1713 1699
f 1714 1715 1711
f 1678 1716 1717
f 1715 1718 1712
f 1718 1719 1713
f 1720 1721 1715
f 1721 1722 1718
f 1722 1723 1719
f 1724 1725 1726
f 1727 1728 1721
f 1728 1729 1722
f 1729 1730 1723
f 1731 1672 1732
f 1733 1734 1735
f 1736 1737 1738
f 1734 1739 1740
f 1739 1741 1742
f 1743 1744 1734
f 1737 1745 1746
f 1744 1747 1739
f 1747 1748 1741
f 1690 1732 1672
f 1670 1668 1688
f 1668 1666 1686
f 1749 1750 1751
f 1666 1665 1683
f 1752 1672 1731
f 1753 272 344
f 1732 1691 1754
f 1755 1710 1694
f 1756 1714 1710
f 1714 1756 1757
f 1758 1727 1720
f 1759 1733 1760
f 1733 1759 1761
f 1762 1680 1763
f 1764 1765 1766
f 1765 1767 1768
f 1767 1769 1770
f 1769 1749 1771
f 1772 1773 1774
f 1775 1776 1777
f 1776 1778 1779
f 1780 1781 1782
f 1783 1784 1675
f 1781 1775 1785
f 1786 1787 1778
f 1788 1789 1781
f 1789 1790 1775
f 1773 1791 1792
f 1790 1786 1776
f 1793 1794 1725
f 1794 1784 1795
f 1796 1797 1795
f 1798 1799 1800
f 1801 1802 1709
f 1803 1696 1698
f 1804 1250 399
f 1682 1805 401
f 1806 1807 1787
f 1808 1809 1789
f 1750 1810 1811
f 1796 1812 1703
f 1809 1813 1790
f 1814 1815 1792
f 1813 1806 1786
f 1816 1817 1812
f 1818 1819 1820
f 1821 1081 1270
f 1820 1822 1823
f 1824 1825 1826
f 1827 1826 1828
f 1829 1828 1830
f 1831 1832 1833
f 1834 1835 1836
f 1837 1838 1839
f 1835 1840 1841
f 1840 1842 1843
f 1844 1834 1845
f 1832 1831 1846
f 1814 1791 1847
f 1848 1846 1849
f 1850 1851 1852
f 1853 1854 1838
f 1855 1856 1840
f 1856 1857 1842
f 1858 1859 1834
f 1849 1860 1842
f 1861 1862 1863
f 1860 1864 1843
f 1865 1852 1866
f 1867 1866 1868
f 1859 1855 1835
f 1869 1848 1857
f 1870 1871 1859
f 1872 1847 1791
f 1873 1839 1874
f 1875 1868 985
f 1871 1876 1855
f 1877 1878 1854
f 1876 1869 1856
f 1879 1880 1871
f 1847 1872 1881
f 1013 984 1882
f 1880 1883 1876
f 1884 1885 1878
f 1883 1886 1869
f 1886 1832 1848
f 1773 1772 1887
f 1862 1861 1787
f 1888 1882 1889
f 1890 1891 1883
f 1892 1893 1885
f 1891 1894 1886
f 1894 1833 1832
f 1895 1890 1880
f 1861 1881 1778
f 1896 1897 1891
f 1898 1899 1893
f 1897 1900 1894
f 1900 1829 1833
f 1901 1896 1890
f 1881 1902 1779
f 1872 1887 1902
f 1772 1903 1746
f 1904 1905 1745
f 1906 1907 1897
f 1908 1909 1899
f 1907 1910 1900
f 1910 1827 1829
f 1911 1906 1896
f 1905 1887 1772
f 1887 1905 1912
f 1741 1748 1912
f 1913 1904 1737
f 1914 1915 1909
f 1916 1917 1910
f 1917 1824 1827
f 1918 1919 1906
f 1920 1921 1742
f 1779 1902 1912
f 1919 1916 1907
f 1922 1923 1924
f 1925 1926 1923
f 1927 1928 1929
f 1930 1929 1928
f 1931 1925 1922
f 1932 1931 1929
f 1930 1933 1934
f 1933 1930 1935
f 1936 1934 1933
f 1937 1936 1938
f 1939 1937 1940
f 1941 1939 1942
f 1943 1944 1873
f 1938 1933 1945
f 1946 1864 1944
f 1940 1938 1947
f 1942 1940 1948
f 1949 1950 1951
f 1843 1864 1946
f 1841 1843 1952
f 1953 1954 1955
f 1956 1957 1958
f 1959 1956 1960
f 1961 1962 1963
f 1964 1821 1965
f 1966 1967 1968
f 1969 1970 1971
f 1972 1973 1974
f 1975 1976 1977
f 1978 1979 1980
f 1981 1977 1979
f 1982 1820 1983
f 1679 1678 1819
f 1984 1703 1976
f 1783 1798 1817
f 1716 1678 1762
f 1680 1958 1957
f 1985 1953 1986
f 1987 1985 1988
f 1777 1779 1748
f 1785 1777 1747
f 1989 1990 1991
f 1992 1993 1994
f 1986 1955 1995
f 1996 1997 1994
f 1988 1986 1998
f 1996 1999 1752
f 2000 1988 2001
f 1782 1785 1744
f 2002 1782 1743
f 1992 1991 2003
f 1671 1752 1999
f 2004 2005 1993
f 2006 2007 1669
f 2008 1996 1993
f 2008 2009 1999
f 2006 1999 2009
f 2010 2011 2012
f 1976 1705 2013
f 2014 2010 2015
f 2015 2012 2016
f 1977 2013 2017
f 2018 2015 2019
f 2019 2016 2020
f 1979 2017 2021
f 2022 2019 2023
f 2024 2025 2026
f 2027 2028 2029
f 2030 2029 2031
f 2025 2032 2033
f 2034 2035 2036
f 2037 399 634
f 2038 2039 2040
f 2041 2042 2035
f 2007 2043 1667
f 2027 2030 2026
f 2044 2045 2026
f 2041 2034 2029
f 2029 2034 2046
f 2047 2048 2049
f 2048 2050 2051
f 2052 2053 2051
f 2054 2053 2052
f 2055 2056 2057
f 2058 2059 2060
f 2061 2060 2059
f 2062 2061 2063
f 2064 2062 2065
f 2066 2064 2067
f 2068 2069 2070
f 2071 2072 2073
f 2069 2074 2075
f 2076 2068 2077
f 2074 2071 2078
f 2079 2060 2068
f 2080 2081 2082
f 2081 2083 2084
f 2069 2068 2060
f 1973 2085 2086
f 2087 2088 2089
f 2088 2090 2091
f 1970 2092 2093
f 2094 2095 691
f 2096 2087 2097
f 2096 2098 2088
f 2099 2100 697
f 2101 2099 696
f 2098 2102 2090
f 2103 1969 2090
f 2104 2105 706
f 2106 2107 2108
f 2106 2109 2110
f 2109 2111 2112
f 2113 2114 2112
f 2115 2114 2113
f 2116 2117 2118
f 2119 2120 2121
f 2120 2122 2123
f 2122 2124 2125
f 2124 2126 2127
f 2128 2129 2127
f 2130 2131 2120
f 2131 2132 2122
f 2132 2133 2124
f 2133 2134 2126
f 2126 2134 2135
f 1970 1969 2103
f 2136 2137 2092
f 2138 2104 705
f 2139 2106 2140
f 2139 2082 2109
f 2141 2142 1723
f 2082 2084 2111
f 2143 2113 2111
f 2116 2113 2143
f 1974 2086 2117
f 1926 1925 1909
f 1925 1931 1899
f 1931 1932 1893
f 1932 1934 1885
f 1878 1885 1934
f 1854 1878 1936
f 2142 2144 1719
f 1681 1679 1818
f 2011 1975 1981
f 2012 1981 1978
f 2016 1978 2145
f 2146 2066 2147
f 2074 2069 2061
f 2071 2074 2062
f 2083 1972 2143
f 2115 2118 2148
f 2149 2148 2137
f 2150 2091 2090
f 2151 2152 2153
f 2154 2155 2156
f 2157 2158 2159
f 2152 2159 2158
f 2160 2161 2162
f 2163 2160 2164
f 2165 2166 2089
f 2167 2168 2169
f 1967 2169 2168
f 2170 2171 2172
f 1937 1939 1838
f 2173 2167 2174
f 2175 2176 2177
f 1939 1941 1839
f 2171 2178 2179
f 2180 2175 2181
f 2182 2183 2184
f 2185 2179 2178
f 2186 2173 2187
f 2188 2189 2190
f 2191 2192 2189
f 2191 2193 2194
f 2195 1965 2196
f 1874 1839 1941
f 1954 1815 1874
f 1792 1815 1954
f 1953 1985 1774
f 2197 2198 2199
f 1903 1774 1985
f 2200 2201 2202
f 2203 2204 2205
f 1746 1903 1987
f 2198 2206 2207
f 2208 2203 2209
f 2210 2211 2212
f 2213 2207 2206
f 2214 2200 2215
f 2201 2216 2217
f 1962 2217 2216
f 2197 2212 2218
f 2218 2212 2204
f 2219 2220 2204
f 2221 2219 2203
f 2222 2223 2221
f 2223 2222 2224
f 2225 2224 2226
f 2227 2228 2219
f 2229 2218 2230
f 2231 2232 2233
f 2234 2235 2236
f 2237 2238 2239
f 1882 2239 2238
f 2240 2241 2242
f 1738 1746 1990
f 2235 2237 2243
f 2228 2244 2220
f 1989 1994 2245
f 2241 2233 2232
f 984 983 2239
f 1278 1137 2241
f 1994 2246 2247
f 2236 2243 2248
f 1284 1283 2244
f 2246 2249 2250
f 1137 1128 2233
f 2251 1284 2228
f 2240 2230 1280
f 2252 2233 1128
f 2253 2236 2254
f 2243 2239 983
f 2249 2255 2256
f 2256 2255 2257
f 2258 2259 2257
f 2260 2261 2258
f 2260 2262 2263
f 2264 2265 1129
f 2266 2267 1285
f 1279 1281 2268
f 1038 1129 2265
f 2269 2270 2271
f 2272 2273 2274
f 1868 2274 2273
f 2275 2264 1138
f 2263 2262 2276
f 2270 2272 2277
f 2267 2278 1282
f 2279 2271 2280
f 2277 2274 2281
f 1866 2281 2274
f 2282 2283 2264
f 2284 2285 2286
f 2271 2277 2287
f 2288 2289 2278
f 2290 2285 2284
f 2283 2291 2265
f 2292 2288 2267
f 2275 2268 2293
f 2294 2265 2291
f 2295 2296 2289
f 2297 2298 2299
f 2300 2301 2291
f 2302 2295 2288
f 2282 2293 2303
f 2304 2291 2301
f 2305 2280 2306
f 2287 2281 2307
f 1852 2307 2281
f 2308 2300 2283
f 2309 2299 2298
f 2280 2287 2310
f 2311 2301 2312
f 2313 2306 2314
f 2310 2307 2315
f 1851 2315 2307
f 2316 2317 2300
f 2318 2309 2319
f 2306 2310 2320
f 2321 2322 2296
f 2317 2312 2301
f 2323 2321 2295
f 2308 2303 2324
f 2325 2326 2327
f 2326 2328 2329
f 2328 2330 2331
f 2332 2314 2320
f 2333 2334 2314
f 2335 2336 2337
f 2321 2338 2339
f 2330 2340 2341
f 2342 2341 2340
f 2303 2296 2322
f 2343 2344 2345
f 2344 2346 2347
f 2348 2349 2336
f 2141 1730 1742
f 1740 1742 1730
f 2296 2303 2293
f 2349 2348 2350
f 2351 2352 2353
f 2268 2278 2289
f 1281 1282 2278
f 2354 2355 2352
f 2356 2357 2358
f 2230 2244 1283
f 2218 2220 2244
f 2223 2225 2359
f 2226 2215 2235
f 2215 2202 2237
f 2202 2217 2238
f 2211 2205 2204
f 1889 2238 2217
f 2224 2222 2360
f 1735 1740 1729
f 2346 2361 2362
f 2361 2363 2364
f 2183 2177 2176
f 2155 2162 2161
f 2365 2077 2366
f 2367 2368 2080
f 2369 2370 2371
f 2372 2373 2374
f 2375 2376 2377
f 2336 2334 2333
f 2334 2336 2349
f 2302 2348 2335
f 2292 2350 2348
f 2313 2349 2353
f 2305 2353 2352
f 2266 2351 2350
f 2378 2354 2351
f 2279 2352 2355
f 2359 2253 2379
f 2253 2359 2225
f 1962 1961 2380
f 2380 1961 2381
f 2226 2224 2382
f 2370 2186 2383
f 2384 2165 2385
f 1959 2386 2387
f 1706 2388 2387
f 1706 2389 2390
f 2373 2163 2391
f 2392 2369 2393
f 2394 2395 2396
f 2397 2398 2395
f 2399 2360 2222
f 2400 2401 2364
f 2402 2401 2400
f 2221 2223 2358
f 2227 2358 2357
f 1070 1063 2207
f 1760 1735 1728
f 2403 1760 1727
f 2398 2404 2405
f 2395 2405 1062
f 1061 2406 2396
f 1965 1270 1271
f 1335 2407 2196
f 1296 2408 2407
f 1295 2409 2408
f 1294 2410 2409
f 2410 1294 2411
f 2194 2411 2412
f 2192 2412 2413
f 2189 2413 2414
f 2415 2416 2190
f 2404 2398 2416
f 2398 2397 2417
f 2190 2416 2417
f 2410 2194 2193
f 2409 2410 2418
f 2409 2419 2420
f 2408 2420 2421
f 2407 2421 2422
f 2423 2424 2007
f 2424 2425 2043
f 2426 2427 2428
f 2406 2429 2430
f 2431 2432 2433
f 2041 2028 2434
f 2425 2435 2436
f 2437 2438 2436
f 2390 2389 1676
f 2439 2440 1676
f 2144 2441 1713
f 1699 1713 2441
f 1673 1676 2389
f 1674 1673 1707
f 1702 1818 1982
f 1819 1717 1822
f 2043 2436 1664
f 2436 2438 2442
f 2443 2428 2427
f 2444 2445 2446
f 1754 1691 2447
f 2448 2447 1691
f 1689 1687 2449
f 2450 1709 1696
f 1793 1724 2451
f 2452 2453 1684
f 2454 1698 1700
f 2455 2451 1724
f 1034 2446 2445
f 2456 2431 2457
f 2458 2459 2460
f 2461 2462 2011
f 1997 1731 2246
f 2459 2040 2463
f 1984 2462 1797
f 2042 2041 2464
f 2256 2259 1822
f 2465 2461 2010
f 2465 2466 2455
f 1817 1800 2467
f 1725 1795 1797
f 2468 2458 2469
f 2462 1984 1975
f 1685 1684 2453
f 1687 1685 2470
f 1751 1811 2471
f 2250 2256 1717
f 2432 2468 2472
f 2473 2466 2465
f 2028 2027 2474
f 1804 2042 2475
f 2027 2033 2038
f 2014 2018 2476
f 1035 2477 2478
f 2033 2032 2039
f 2479 2073 2072
f 2460 2463 2480
f 2481 2482 1913
f 2483 2478 2477
f 2484 2483 2485
f 1716 2481 2247
f 1736 2245 2247
f 1812 2467 1704
f 2486 1675 1674
f 1726 1797 2462
f 2487 1726 2461
f 2018 2022 2488
f 2022 2489 2490
f 2469 2460 2491
f 1770 1771 2448
f 1768 1770 2449
f 1766 1768 2470
f 2492 1766 2453
f 2474 2038 2459
f 2472 2469 2493
f 2433 2472 2494
f 2457 2433 2495
f 2496 2457 2497
f 2464 2434 2468
f 2498 2475 2431
f 2434 2474 2458
f 2475 2464 2432
f 1771 1751 2447
f 2499 2377 1700
f 2500 1700 2377
f 1762 2501 2482
f 1958 1681 1701
f 2386 1960 1701
f 2502 2503 1166
f 2504 2505 1169
f 2506 2505 2387
f 2506 2507 1172
f 2507 2508 1174
f 2509 2508 2440
f 2510 2511 1178
f 2512 2511 2451
f 2512 2513 1181
f 2514 2513 2466
f 2514 2515 1185
f 2515 2516 1187
f 2516 2517 1189
f 2518 2519 1192
f 2072 2071 2064
f 2520 2072 2066
f 2521 2138 738
f 2522 2366 2077
f 2523 2522 2070
f 2366 2127 2129
f 2125 2127 2366
f 2149 2524 2114
f 2114 2524 2525
f 2136 2103 2524
f 2524 2103 2102
f 2135 2134 2158
f 2153 2158 2134
f 2526 2095 2097
f 2527 2526 2528
f 2527 2529 1207
f 2530 2529 2531
f 2530 2532 1212
f 2532 2533 1214
f 2534 2533 2535
f 2536 2534 2537
f 2101 2536 2538
f 2539 2525 2102
f 2540 2539 2098
f 2110 2112 2525
f 2107 2110 2539
f 2123 2125 2522
f 2121 2123 2523
f 2541 2523 2075
f 2542 2541 2078
f 2054 2057 2085
f 1973 1972 2053
f 1972 2083 2051
f 2083 2081 2049
f 2081 2080 2543
f 2047 2543 2544
f 2080 2368 2544
f 2519 2544 2368
f 2545 2479 1232
f 2546 2121 2541
f 2100 2546 2542
f 2107 2540 2547
f 2105 2108 2547
f 2540 2096 2548
f 2094 690 1237
f 2154 2153 2133
f 2155 2154 2132
f 2528 2097 2087
f 2549 2528 2166
f 2531 2549 2165
f 2550 2531 2384
f 2374 2391 2551
f 2391 2164 2535
f 2164 2162 2537
f 2538 2537 2162
f 2538 2155 2131
f 1664 1682 1753
f 344 1247 1693
f 1665 1753 1692
f 1240 1764 2492
f 2042 1804 2037
f 1664 2442 1805
f 2035 2037 2552
f 2548 2097 2095
f 2119 2546 2100
f 2130 2119 2099
f 2140 2108 2105
f 2367 2140 2104
f 1244 2146 2553
f 1246 2452 1693
f 1248 2456 2496
f 1250 1804 2498
f 1232 2479 2520
f 1241 2492 2452
f 1249 2496 2554
f 1251 2498 2456
f 2375 2555 2503
f 2556 2387 2505
f 1171 1169 2505
f 2388 2390 2507
f 2390 2440 2508
f 1257 1174 2508
f 2557 2451 2511
f 1180 1178 2511
f 2455 2466 2513
f 1184 1181 2513
f 2473 2476 2515
f 2476 2488 2516
f 2488 2490 2517
f 2558 2544 2519
f 1252 2520 2146
f 2368 2367 2138
f 1261 691 2095
f 1206 1261 2526
f 2549 2531 2529
f 1211 1207 2529
f 2550 2551 2532
f 2551 2535 2533
f 1264 1214 2533
f 1265 1264 2534
f 699 1265 2536
f 1192 2519 2521
f 2542 2073 2479
f 697 2100 2545
f 706 2105 2559
f 2548 2094 2559
f 1731 2560 2249
f 2560 1754 2255
f 1754 2471 2257
f 2561 2257 2471
f 1810 2480 2262
f 2276 2262 2480
f 2463 2040 2284
f 2297 2284 2040
f 2039 2032 2298
f 2032 2025 2319
f 2025 2024 2562
f 2058 2079 2326
f 2079 2076 2328
f 2076 2365 2330
f 2365 2563 2340
f 2343 2340 2563
f 2129 2128 2344
f 2128 2135 2346
f 2135 2157 2361
f 2157 2564 2363
f 2185 2565 2566
f 2429 2406 2567
f 2406 1061 1069
f 2213 2568 2484
f 2568 2231 2483
f 2568 2206 2232
f 2231 2252 2478
f 2252 1037 1036
f 1038 2294 2446
f 1015 2445 1875
f 2477 1035 1013
f 2485 2477 1888
f 2242 2232 2206
f 2229 2242 2198
f 1961 2569 2570
f 2210 2199 2571
f 2572 1079 1081
f 2573 2572 1821
f 2401 2402 1966
f 2362 2364 2093
f 2347 2362 2092
f 2345 2347 2137
f 2342 2345 2148
f 2118 2117 2341
f 2331 2341 2117
f 2329 2331 2086
f 2327 2329 2085
f 2574 2327 2057
f 2021 2017 2309
f 2017 2013 2299
f 2290 2299 2013
f 1705 1704 2285
f 2286 2285 1704
f 2467 1800 2263
f 2261 2263 1800
f 1823 1822 2259
f 1836 1841 2575
f 1845 1836 2576
f 1864 1860 2577
f 1860 1849 2578
f 1849 1846 2579
f 1846 1831 2580
f 1831 1830 2581
f 1830 1828 2582
f 1828 1826 2583
f 1826 1825 2584
f 2585 1845 2586
f 2587 1950 2585
f 1837 1873 1944
f 2577 2578 1853
f 1877 1853 2578
f 1884 1877 2579
f 1892 1884 2580
f 1898 1892 2581
f 1908 1898 2582
f 2583 2584 1914
f 2003 2588 2002
f 1905 1904 1920
f 1904 1913 1921
f 1913 2482 2141
f 2482 2501 2142
f 2501 1763 2144
f 1763 1957 2441
f 2499 2441 1957
f 2377 2499 1956
f 1959 2556 2555
f 2503 2555 2556
f 2504 1168 1166
f 2294 2304 2443
f 2304 2311 2428
f 2589 2428 2311
f 1802 1801 2437
f 1708 1802 2435
f 1755 1708 2425
f 1756 1755 2424
f 2423 2009 1757
f 1758 1757 2009
f 2403 1758 2008
f 1759 2403 2005
f 2004 2003 1761
f 1987 2000 1991
f 2003 1991 2000
f 2588 2001 1780
f 2001 1998 1788
f 1998 1995 1808
f 2587 2590 1951
f 1941 1951 2590
f 1844 2585 1950
f 1949 1948 1858
f 1948 1947 1870
f 1947 1945 1879
f 1895 1879 1945
f 1901 1895 1935
f 1911 1901 1928
f 1927 1924 1918
f 2151 2156 2183
f 2182 2172 2152
f 2172 2179 2159
f 2564 2159 2179
f 2363 2564 2185
f 2381 2570 2591
f 2591 2570 1078
f 2093 2364 2401
f 1971 2093 2592
f 1968 2168 2150
f 2091 2150 2168
f 2089 2091 2167
f 2385 2089 2173
f 2372 2385 2186
f 2370 2369 2373
f 2369 2392 2163
f 2392 2181 2160
f 2181 2177 2161
f 2177 2183 2156
f 2199 2207 1063
f 1077 1070 2213
f 1272 1080 2569
f 1336 1337 2216
f 1292 1297 2200
f 2382 2360 2593
f 2399 2209 2594
f 2205 2211 2595
f 2596 2595 2211
f 2209 2205 2597
f 2360 2399 2598
f 1293 1292 2214
f 1297 1336 2201
f 1963 2216 1337
f 2570 2569 1080
f 2445 2444 1867
f 2444 2427 1865
f 1850 1865 2427
f 2493 2491 1750
f 2554 2497 1765
f 2497 2495 1767
f 2495 2494 1769
f 2494 2493 1749
f 1816 1795 1784
f 2567 1069 1079
f 2599 1677 1794
f 1677 1675 1784
f 1983 1823 1799
f 2600 2567 2572
f 2491 2480 1810
f 2486 1983 1798
f 2599 1793 2557
f 2509 2510 1177
f 1253 2554 1764
f 2439 2557 2510
f 1811 1810 2260
f 2258 2261 1799
f 1995 1955 2590
f 2601 2590 1955
f 1808 1995 2587
f 2602 2586 1809
f 2586 2576 1813
f 2576 2575 1806
f 2575 1952 1807
f 1952 1946 1862
f 1946 1943 1863
f 1814 1863 1943
f 2603 1874 1815
f 1165 1343 2604
f 2500 2605 2606
f 2502 2604 2607
f 2376 2608 2605
f 2375 2607 2608
f 1343 1349 2609
f 2605 2610 2611
f 2604 2609 2612
f 2607 2612 2613
f 2608 2613 2610
f 1349 1355 2614
f 2610 2615 2616
f 2609 2614 2617
f 2612 2617 2618
f 2613 2618 2615
f 1355 1361 2619
f 2615 2620 2621
f 2614 2619 2622
f 2617 2622 2623
f 2618 2623 2620
f 1361 2624 2625
f 2620 2626 2627
f 2619 2625 2628
f 2622 2628 2629
f 2623 2629 2626
f 2442 2630 2631
f 2437 2632 2633
f 2438 2633 2630
f 1805 2631 1371
f 2630 2634 2635
f 2631 2635 1373
f 2632 2636 2637
f 2633 2637 2634
f 2636 2638 2639
f 2637 2639 2640
f 2634 2640 2641
f 2635 2641 1381
f 2640 2642 2643
f 2641 2643 1383
f 2638 2644 2645
f 2639 2645 2642
f 2645 2646 2647
f 2642 2647 2648
f 2643 2648 1389
f 2644 2649 2646
f 1803 2650 2651
f 2450 2651 2652
f 2650 2653 2654
f 2651 2654 2655
f 2653 2656 2657
f 2654 2657 2658
f 2656 2659 2660
f 2657 2660 2661
f 2659 2662 2663
f 2660 2663 2664
f 2652 2632 2437
f 2636 2632 2652
f 2638 2636 2655
f 2644 2638 2658
f 2649 2644 2661
f 2621 2627 2662
f 2616 2621 2659
f 2611 2616 2656
f 2606 2611 2653
f 1803 2454 2606
f 1417 1427 2665
f 2332 2666 1441
f 1454 1464 2339
f 1438 1454 2338
f 2333 2332 1444
f 2666 1429 1428
f 1462 1461 2667
f 1464 1426 1425
f 1443 1462 2337
f 2668 2667 1461
f 1417 2669 1473
f 1850 2669 2665
f 1851 2665 1429
f 2666 2320 2315
f 2323 2668 2338
f 2324 2322 2339
f 1457 2670 2312
f 2317 1421 1423
f 2316 1424 1421
f 1424 2316 2324
f 2323 2335 2667
f 2589 1474 1473
f 2670 1457 1474
f 2426 1473 2669
f 1493 1516 1490
f 1486 1566 1587
f 1622 1626 1653
f 1515 1500 1643
f 1663 1662 1661
f 1487 1587 1604
f 1584 1604 1620
f 1496 1490 2671
f 1513 1503 1500
f 1631 1653 1482
f 1561 1582 1592
f 1590 1620 1626
f 1603 1618 1633
f 1549 1550 2671
f 1655 1659 1661
f 1570 1592 1618
f 1655 1527 1582
f 1647 1651 1507
f 1654 1660 2672
f 1623 1633 1651
f 1652 1482 1516
f 1649 1507 1505
f 1549 1644 1643
f 1556 1662 2672
f 1485 1660 1566
f 1511 1505 1503
f 2147 2067 2046
f 2553 2147 2036
f 2552 634 1245
f 2518 1191 1189
f 2517 2490 2558
f 2490 2489 2047
f 2489 2023 2048
f 2023 2020 2050
f 2052 2050 2020
f 2055 2052 2145
f 1980 2021 2056
f 2021 2318 2574
f 2325 2574 2318
f 2562 2024 2058
f 2024 2045 2059
f 2063 2059 2045
f 2065 2063 2044
f 2031 2046 2067
f 2248 983 2273
f 2270 2254 2248
f 2269 2379 2254
f 2379 2269 2355
f 2354 2357 2356
f 2357 2354 2378
f 1284 2251 2378
f 867 889 882
f 1143 1113 889
f 1142 1114 1113
f 1114 1142 477
f 855 470 469
f 470 855 870
f 859 895 898
f 858 901 895
f 869 892 901
f 892 869 986
f 1033 981 1012
f 981 1033 865
f 884 865 860
f 885 860 989
f 866 980 903
f 856 886 980
f 886 856 864
f 881 864 868
f 1062 2405 2571
f 2404 2596 2571
f 2596 2404 2415
f 2414 2597 2595
f 2413 2594 2597
f 2412 2598 2594
f 2411 2593 2598
f 1322 1048 1050
f 1066 791 1005
f 791 1066 1067
f 1048 1322 1329
f 1046 1329 1321
f 778 1067 1068
f 1045 1321 1330
f 1320 418 1044
f 770 1068 799
f 563 772 771
f 772 563 562
f 564 562 1291
f 418 1320 1331
f 1318 1333 1290
f 1317 1276 1333
f 1031 1291 1274
f 1032 1274 1273
f 1039 1043 1276
f 788 1273 1025
f 1043 1039 1319
f 1288 1041 1042
f 1024 782 789
f 1027 774 782
f 774 1027 1060
f 786 1060 793
f 792 779 998
f 795 784 779
f 1065 1004 784
f 1004 1065 1064
f 1323 1050 1053
f 1324 1053 1054
f 1325 1054 1055
f 1326 1055 1056
f 1327 1056 1057
f 1058 1287 1328
f 1287 1058 1041
f 2170 2397 2394
f 2171 2394 2430
f 2429 2565 2178
f 2397 2170 2184
f 2417 2184 2176
f 2175 2188 2673
f 2180 2191 2188
f 2393 2193 2191
f 2193 2393 2371
f 2383 2419 2418
f 2419 2383 2187
f 2420 2187 2174
f 2421 2174 2169
f 1967 2195 2422
f 2195 1967 1966
f 1964 1966 2402
f 2573 2402 2566
f 2600 2566 2565
f 2411 1294 1293
f 1 3 60
f 4 2 1
f 6 8 9
f 9 10 17
f 7 11 1411
f 5 13 27
f 6 15 11
f 14 9 16
f 16 17 38
f 18 15 14
f 20 22 37
f 23 20 36
f 25 27 31
f 28 30 51
f 29 31 30
f 32 26 25
f 34 29 28
f 35 25 29
f 5 26 2
f 36 37 238
f 2 33 3
f 16 39 41
f 24 21 20
f 14 41 18
f 17 42 49
f 43 36 238
f 44 23 36
f 43 47 44
f 44 48 45
f 22 15 19
f 11 21 40
f 49 38 17
f 39 50 59
f 34 47 46
f 28 48 47
f 52 54 57
f 55 57 54
f 56 58 1412
f 42 55 49
f 49 54 50
f 53 50 54
f 1 56 4
f 60 57 1
f 61 63 228
f 64 66 236
f 67 69 75
f 70 72 1413
f 73 75 239
f 76 78 102
f 79 81 83
f 82 83 85
f 84 85 125
f 86 88 90
f 89 90 92
f 91 92 94
f 93 94 130
f 95 97 237
f 98 96 95
f 100 99 98
f 68 102 69
f 103 105 139
f 106 73 198
f 107 61 212
f 97 109 237
f 110 78 132
f 111 113 148
f 75 114 239
f 102 114 69
f 115 117 119
f 118 119 121
f 120 121 131
f 104 122 155
f 83 123 124
f 85 124 126
f 125 126 135
f 127 129 144
f 130 119 117
f 94 121 119
f 92 131 121
f 90 120 131
f 132 133 231
f 134 84 230
f 84 135 230
f 136 138 149
f 128 139 105
f 137 140 141
f 71 141 140
f 142 144 129
f 145 147 157
f 148 149 138
f 150 143 142
f 152 154 156
f 155 156 154
f 157 151 150
f 158 157 170
f 159 129 164
f 160 140 162
f 136 162 140
f 163 105 168
f 161 149 175
f 128 164 129
f 165 155 171
f 112 167 113
f 104 168 105
f 71 169 72
f 170 150 174
f 171 154 173
f 153 173 154
f 174 142 159
f 113 175 149
f 176 174 190
f 160 178 169
f 165 180 168
f 166 182 167
f 179 171 193
f 163 184 164
f 185 175 189
f 183 168 180
f 161 186 162
f 177 162 186
f 187 164 184
f 188 170 176
f 167 189 175
f 190 159 187
f 172 192 173
f 193 173 192
f 194 184 214
f 195 186 209
f 179 197 180
f 66 198 236
f 199 180 197
f 200 189 211
f 201 190 210
f 196 193 208
f 181 203 182
f 191 205 192
f 177 206 178
f 207 176 201
f 208 192 205
f 185 209 186
f 210 187 194
f 182 211 189
f 107 213 240
f 183 214 184
f 204 216 205
f 217 205 216
f 218 210 235
f 195 220 206
f 196 222 197
f 202 224 203
f 221 208 217
f 199 226 214
f 227 211 234
f 228 65 64
f 225 197 222
f 200 229 209
f 124 116 115
f 115 126 124
f 118 135 126
f 230 120 88
f 134 88 87
f 101 231 133
f 219 209 229
f 232 214 226
f 233 201 218
f 203 234 211
f 235 194 232
f 106 217 74
f 221 66 222
f 228 19 18
f 18 61 228
f 64 22 19
f 37 236 198
f 41 212 61
f 213 39 59
f 53 237 109
f 95 52 60
f 98 60 3
f 238 198 73
f 43 73 239
f 239 46 43
f 114 34 46
f 110 35 34
f 3 100 98
f 132 32 35
f 81 229 123
f 108 218 240
f 227 123 229
f 116 234 117
f 107 232 62
f 223 130 224
f 240 235 107
f 224 117 234
f 62 226 63
f 225 63 226
f 219 80 220
f 215 75 216
f 65 222 66
f 74 216 75
f 59 109 213
f 240 109 108
f 241 122 103
f 146 151 147
f 127 244 139
f 143 246 144
f 243 144 246
f 103 244 241
f 242 143 151
f 247 156 241
f 111 138 250
f 246 244 243
f 248 244 245
f 248 138 137
f 247 141 70
f 231 33 32
f 251 253 1239
f 252 255 253
f 254 257 255
f 256 259 257
f 260 262 1096
f 263 261 260
f 265 267 580
f 267 269 580
f 270 272 400
f 273 275 283
f 274 277 275
f 276 279 277
f 278 281 279
f 282 283 1110
f 284 286 287
f 287 288 289
f 289 290 304
f 291 293 269
f 294 296 1154
f 297 292 291
f 299 285 284
f 301 287 302
f 302 289 303
f 303 304 310
f 305 302 308
f 265 307 581
f 308 303 309
f 309 310 314
f 311 308 312
f 312 309 313
f 313 314 321
f 315 317 385
f 318 312 319
f 319 313 320
f 320 321 741
f 322 280 259
f 324 326 330
f 327 329 335
f 330 331 332
f 332 333 339
f 334 330 337
f 335 336 503
f 337 332 338
f 338 339 520
f 278 259 280
f 257 276 255
f 255 274 253
f 340 342 405
f 253 273 1239
f 258 322 259
f 271 344 272
f 280 345 281
f 346 284 301
f 347 301 305
f 305 348 347
f 349 311 318
f 350 325 324
f 324 352 350
f 266 354 267
f 355 357 358
f 358 359 360
f 360 361 362
f 362 341 340
f 363 365 381
f 366 368 369
f 369 370 378
f 371 373 376
f 374 262 1332
f 376 367 366
f 377 378 403
f 379 376 380
f 380 366 383
f 381 382 410
f 383 369 377
f 384 385 386
f 386 387 1332
f 388 387 1123
f 390 392 1301
f 393 285 300
f 395 288 286
f 397 399 1250
f 270 401 1242
f 402 403 487
f 404 380 408
f 405 406 1267
f 388 294 412
f 408 383 411
f 409 382 1334
f 411 377 402
f 389 412 391
f 413 415 306
f 416 418 1290
f 415 420 1097
f 421 423 2674
f 422 425 423
f 424 427 425
f 428 426 441
f 429 431 435
f 432 434 452
f 435 436 437
f 437 438 455
f 439 430 429
f 441 443 428
f 409 445 410
f 442 447 443
f 448 450 941
f 451 452 473
f 453 437 454
f 454 455 446
f 456 429 463
f 447 455 458
f 457 444 486
f 458 438 1304
f 449 460 450
f 459 462 460
f 463 435 453
f 464 446 442
f 465 463 471
f 466 410 445
f 433 468 434
f 461 470 462
f 471 453 474
f 472 473 482
f 474 454 464
f 475 471 480
f 445 476 466
f 477 479 855
f 480 474 483
f 481 482 492
f 483 464 484
f 484 442 441
f 381 485 363
f 486 403 457
f 478 489 479
f 490 483 493
f 491 492 498
f 493 484 494
f 494 441 426
f 495 480 490
f 457 378 476
f 496 493 499
f 497 498 507
f 499 494 500
f 500 426 424
f 501 490 496
f 476 370 502
f 466 502 485
f 363 336 364
f 504 503 511
f 505 499 508
f 506 507 516
f 508 500 509
f 509 424 422
f 510 496 505
f 511 363 485
f 485 512 511
f 339 512 520
f 514 335 504
f 515 516 744
f 517 509 518
f 518 422 421
f 519 505 521
f 513 333 975
f 370 512 502
f 521 508 517
f 522 524 526
f 525 526 743
f 523 527 530
f 528 530 527
f 531 522 525
f 532 527 531
f 528 533 534
f 534 529 528
f 536 534 533
f 538 537 536
f 540 539 538
f 542 541 540
f 544 433 547
f 537 535 534
f 546 547 1304
f 539 545 537
f 541 548 539
f 549 543 1315
f 438 546 1304
f 436 550 438
f 552 554 802
f 555 268 583
f 557 556 555
f 559 561 825
f 562 417 416
f 564 566 772
f 567 569 687
f 570 572 680
f 573 575 295
f 576 578 579
f 574 579 575
f 414 419 415
f 580 306 265
f 407 295 294
f 374 391 390
f 581 266 265
f 267 583 268
f 584 553 552
f 586 585 584
f 368 520 370
f 367 338 368
f 588 590 812
f 589 591 595
f 553 593 554
f 594 591 343
f 585 592 553
f 594 258 601
f 587 596 585
f 373 337 367
f 372 334 373
f 589 599 590
f 256 601 258
f 598 595 603
f 600 254 640
f 602 595 594
f 602 601 605
f 600 605 601
f 606 608 746
f 295 609 296
f 610 607 606
f 607 613 608
f 575 614 609
f 611 612 607
f 612 617 613
f 579 618 614
f 615 616 612
f 620 622 628
f 623 625 641
f 624 627 625
f 628 629 1269
f 630 632 639
f 398 634 399
f 635 637 1145
f 638 639 1124
f 640 252 1072
f 623 622 624
f 626 622 621
f 638 625 630
f 625 631 630
f 642 644 645
f 645 646 648
f 647 646 1225
f 649 647 1225
f 650 651 1299
f 652 654 657
f 655 657 654
f 658 656 655
f 660 659 658
f 662 661 660
f 664 666 670
f 667 669 1148
f 670 671 674
f 672 665 664
f 674 668 667
f 653 664 654
f 675 677 678
f 678 679 749
f 670 654 664
f 680 681 1224
f 682 684 685
f 685 686 701
f 687 688 736
f 689 691 1243
f 692 694 682
f 692 685 700
f 695 697 1233
f 698 696 695
f 700 701 703
f 702 701 567
f 704 706 1235
f 707 709 710
f 707 711 712
f 712 713 715
f 714 713 1198
f 716 714 1198
f 717 718 742
f 719 721 722
f 722 723 724
f 724 725 726
f 726 727 729
f 728 727 1197
f 730 722 731
f 731 724 732
f 732 726 733
f 733 729 1201
f 729 734 1201
f 687 702 567
f 735 736 752
f 737 705 704
f 676 708 707
f 676 712 677
f 740 321 745
f 677 715 679
f 571 715 714
f 717 571 714
f 572 742 681
f 743 516 525
f 525 507 531
f 531 498 532
f 532 492 533
f 482 533 492
f 473 536 482
f 745 314 1093
f 269 413 580
f 746 574 573
f 608 576 574
f 613 577 576
f 747 663 662
f 674 655 670
f 667 658 674
f 749 571 570
f 716 751 718
f 750 752 751
f 568 701 686
f 753 755 760
f 754 756 999
f 757 759 761
f 760 761 759
f 762 764 1000
f 765 763 762
f 767 684 683
f 769 771 773
f 772 773 771
f 774 776 782
f 538 452 540
f 777 770 769
f 779 781 998
f 540 434 542
f 782 783 789
f 784 780 779
f 775 786 997
f 787 789 783
f 790 778 777
f 792 794 796
f 795 796 797
f 795 798 1065
f 563 800 417
f 468 542 434
f 802 468 1334
f 382 802 1334
f 552 365 584
f 803 805 813
f 364 584 365
f 806 808 823
f 809 811 830
f 336 586 364
f 813 814 820
f 815 810 809
f 804 817 990
f 818 820 814
f 821 807 806
f 823 824 826
f 825 826 824
f 803 828 817
f 828 830 817
f 831 830 829
f 832 809 831
f 833 832 834
f 834 836 833
f 835 822 836
f 838 831 852
f 827 840 828
f 841 843 854
f 837 845 851
f 846 848 849
f 479 849 848
f 839 850 853
f 329 812 336
f 851 847 846
f 852 829 861
f 588 328 591
f 853 854 843
f 855 848 870
f 856 853 864
f 591 857 862
f 845 859 847
f 860 861 989
f 862 863 871
f 864 843 868
f 865 852 860
f 839 866 840
f 842 868 843
f 844 858 845
f 847 870 848
f 871 872 1266
f 872 874 1266
f 875 874 873
f 877 875 878
f 877 879 1268
f 880 882 891
f 883 885 902
f 886 888 980
f 889 891 882
f 892 894 901
f 895 897 898
f 462 898 897
f 887 881 880
f 879 900 1268
f 901 896 895
f 902 903 911
f 893 905 894
f 896 907 897
f 460 897 907
f 908 880 914
f 909 899 1300
f 894 906 896
f 910 911 920
f 912 909 1300
f 914 891 918
f 915 902 910
f 887 916 888
f 890 918 891
f 919 920 946
f 913 921 934
f 922 918 927
f 923 910 919
f 908 925 916
f 917 927 918
f 904 929 905
f 906 931 907
f 450 907 931
f 924 914 922
f 932 934 921
f 905 930 906
f 926 936 927
f 928 938 929
f 930 940 931
f 941 931 940
f 942 922 947
f 943 933 932
f 929 939 930
f 945 946 963
f 947 927 936
f 948 919 945
f 924 949 925
f 950 952 953
f 953 954 955
f 955 956 965
f 957 939 938
f 959 938 937
f 960 962 974
f 945 964 1409
f 965 966 969
f 967 969 966
f 925 963 946
f 968 970 971
f 971 972 993
f 973 974 976
f 740 333 741
f 331 741 333
f 946 916 925
f 976 978 973
f 979 977 982
f 888 920 911
f 980 911 903
f 981 982 1012
f 983 985 2273
f 986 988 1033
f 840 989 861
f 828 861 829
f 834 987 835
f 822 851 807
f 807 846 808
f 808 849 824
f 990 830 811
f 489 824 849
f 836 992 833
f 326 320 331
f 993 994 995
f 995 996 1030
f 997 998 781
f 999 1000 764
f 673 1002 665
f 739 675 1229
f 1003 1005 1018
f 1006 1008 1023
f 1009 1011 1162
f 974 959 937
f 937 976 974
f 923 960 973
f 915 973 978
f 928 977 976
f 904 982 977
f 883 978 979
f 884 979 981
f 893 1012 982
f 984 1014 985
f 1015 1013 1035
f 987 869 844
f 844 835 987
f 825 488 559
f 488 1017 559
f 822 991 836
f 1018 791 790
f 1007 768 767
f 557 1020 558
f 297 1020 1021
f 297 1022 298
f 1023 766 765
f 785 1004 1003
f 1024 1026 1028
f 1027 1028 1040
f 816 833 992
f 1029 996 1298
f 1031 1029 1298
f 832 988 834
f 838 1033 988
f 1034 1035 1036
f 1036 1038 1034
f 1039 814 1319
f 325 319 326
f 351 318 325
f 1040 1041 1058
f 1028 1042 1041
f 1043 1026 1076
f 417 1044 418
f 1045 800 1047
f 1046 1047 1049
f 1048 1049 1051
f 1050 1051 1052
f 1052 1053 1050
f 798 1054 1053
f 797 1055 1054
f 796 1056 1055
f 1057 794 1059
f 1058 1059 1040
f 1040 1060 1027
f 794 1060 1059
f 1061 1063 1070
f 1052 1065 798
f 1051 1064 1052
f 1051 1067 1066
f 1049 1068 1067
f 1047 799 1068
f 1069 1070 1077
f 604 640 1071
f 1071 1072 1087
f 1073 1075 1101
f 1076 1025 1273
f 1077 1079 1069
f 1078 1081 1079
f 1082 1084 1135
f 638 1086 641
f 1087 1088 1090
f 1089 1088 1368
f 1022 263 298
f 1092 263 1091
f 1093 310 1095
f 304 1095 310
f 260 298 263
f 1096 292 260
f 293 414 413
f 306 1097 307
f 1072 251 1088
f 1088 1098 1368
f 1099 1101 1075
f 1100 1102 1115
f 345 1104 281
f 1105 281 1104
f 279 1106 277
f 394 286 285
f 384 1108 315
f 1109 283 1134
f 396 290 288
f 1112 315 1108
f 1113 1115 1102
f 1116 1083 1082
f 1118 1120 636
f 1121 746 1132
f 343 862 322
f 636 1122 637
f 407 1123 1132
f 1124 1085 638
f 872 1097 873
f 1126 606 1121
f 1126 1112 1183
f 391 1127 392
f 1037 1129 1038
f 385 1123 387
f 1130 1119 1118
f 1132 573 407
f 275 1134 283
f 277 1133 275
f 342 1103 406
f 863 307 872
f 1135 1131 1130
f 1136 1126 1183
f 1128 1138 1129
f 641 1139 623
f 397 1125 1124
f 623 635 629
f 610 1141 611
f 1142 1144 1152
f 629 1145 1269
f 1146 1148 669
f 1120 1150 1122
f 582 514 1163
f 1151 1152 1144
f 1153 1016 1151
f 581 857 582
f 327 857 328
f 412 1154 1127
f 375 1096 262
f 317 1132 1123
f 316 1121 317
f 611 1155 615
f 615 1156 619
f 1119 1149 1120
f 361 1105 341
f 359 1106 361
f 357 1133 359
f 356 1134 357
f 1139 636 635
f 1131 1157 1119
f 1084 1158 1131
f 1083 1159 1084
f 1117 1160 1083
f 1085 1130 1086
f 1140 1082 1125
f 1086 1118 1139
f 1125 1135 1085
f 341 1104 342
f 1094 290 1011
f 1111 1011 290
f 266 1163 353
f 268 291 269
f 558 291 556
f 1164 1166 1254
f 1167 1169 1255
f 1170 1020 1255
f 1170 1172 1173
f 1173 1174 1256
f 1175 1091 1256
f 1176 1178 1258
f 1179 1108 1258
f 1179 1181 1259
f 1182 1183 1259
f 1182 1185 1186
f 1186 1187 1188
f 1188 1189 1260
f 1190 1192 1228
f 1148 660 667
f 1147 662 1148
f 1193 738 737
f 1195 665 1002
f 1196 666 1195
f 1002 1197 727
f 725 1002 727
f 750 1198 1200
f 1198 1199 1200
f 735 1200 702
f 1200 703 702
f 734 761 1201
f 755 1201 761
f 1202 694 1243
f 1204 1203 1202
f 1204 1207 1262
f 1208 1210 1262
f 1208 1212 1213
f 1213 1214 1263
f 1215 1217 1263
f 1218 1216 1215
f 698 1219 1218
f 1220 703 1199
f 1221 700 1220
f 711 1199 713
f 710 1220 711
f 723 1195 725
f 721 1196 723
f 1222 671 1196
f 1223 668 1222
f 649 1224 651
f 680 1225 570
f 570 646 749
f 749 644 678
f 678 643 675
f 642 1227 643
f 675 1227 1229
f 1228 1229 1227
f 1230 1232 1146
f 720 1222 721
f 1233 1223 720
f 710 1234 1221
f 1235 1234 709
f 1221 693 692
f 689 1237 690
f 754 733 755
f 999 732 754
f 1203 682 694
f 1205 683 1203
f 1210 767 1205
f 1209 1007 1210
f 1008 1238 766
f 766 1217 763
f 763 1216 764
f 1219 764 1216
f 1219 731 999
f 251 271 270
f 344 1110 1247
f 1239 282 271
f 1240 356 355
f 1124 398 397
f 251 1242 1098
f 639 633 398
f 693 1243 694
f 719 1233 720
f 730 695 719
f 708 1235 709
f 739 704 708
f 1244 748 747
f 1246 1110 1109
f 1248 1117 1116
f 1250 1140 397
f 1232 1147 1146
f 1241 1109 356
f 1249 1161 1117
f 1251 1116 1140
f 1009 1254 1010
f 1019 1255 1020
f 1171 1255 1169
f 1021 1173 1022
f 1022 1256 1091
f 1257 1256 1174
f 1107 1258 1108
f 1180 1258 1178
f 1112 1259 1183
f 1184 1259 1181
f 1136 1186 1141
f 1141 1188 1155
f 1155 1260 1156
f 1226 1228 1227
f 1252 747 1147
f 1229 737 739
f 1261 1243 691
f 1206 1202 1261
f 1205 1262 1210
f 1211 1262 1207
f 1209 1213 1238
f 1238 1263 1217
f 1264 1263 1214
f 1265 1215 1264
f 699 1218 1265
f 1192 1193 1228
f 1223 1146 669
f 697 1230 1233
f 706 1236 1235
f 693 1236 689
f 322 871 323
f 323 1266 345
f 345 874 1103
f 876 1103 874
f 1267 1268 1150
f 900 1150 1268
f 1122 909 637
f 913 637 909
f 1145 934 1269
f 1269 933 628
f 628 944 620
f 652 953 653
f 653 955 672
f 672 965 673
f 673 969 1001
f 968 1001 969
f 1197 971 728
f 728 993 734
f 734 995 757
f 757 1030 758
f 787 1032 788
f 1270 1080 1272
f 1271 1272 1337
f 1273 1275 1076
f 1076 1276 1043
f 818 1153 819
f 819 1151 841
f 819 854 820
f 841 1144 842
f 842 1143 867
f 1137 1279 1138
f 1278 1281 1279
f 889 1102 890
f 1114 461 1115
f 1282 1280 1283
f 1283 1285 1282
f 1152 477 1142
f 1016 478 1152
f 850 820 854
f 827 813 850
f 559 1286 560
f 804 1288 805
f 1289 1290 1333
f 1291 416 1289
f 1292 1294 1295
f 1295 1297 1292
f 1298 564 1031
f 994 688 996
f 972 736 994
f 970 752 972
f 967 751 970
f 718 966 742
f 956 742 966
f 954 681 956
f 952 1224 954
f 951 651 952
f 618 932 614
f 614 921 609
f 912 609 921
f 296 1300 1154
f 899 1154 1300
f 1127 879 392
f 878 392 879
f 420 873 1097
f 431 551 436
f 430 1302 431
f 1304 1305 458
f 458 1306 447
f 447 1307 443
f 443 1308 428
f 428 1309 427
f 427 1310 425
f 425 1311 423
f 423 1312 2674
f 440 1303 430
f 1314 440 1315
f 432 547 433
f 1305 451 1306
f 472 1306 451
f 481 1307 472
f 491 1308 481
f 497 1309 491
f 506 1310 497
f 1311 515 1312
f 599 372 597
f 511 513 504
f 504 975 514
f 514 740 1163
f 1163 745 353
f 353 1093 354
f 354 1095 583
f 1094 583 1095
f 1011 555 1094
f 557 1010 1019
f 1254 1019 1010
f 1167 1166 1168
f 890 1099 917
f 917 1075 926
f 1074 926 1075
f 300 1089 393
f 299 1090 300
f 346 1087 299
f 347 1071 346
f 604 348 605
f 349 605 348
f 351 602 349
f 350 603 351
f 598 352 599
f 586 590 587
f 599 587 590
f 597 371 596
f 596 379 592
f 592 404 593
f 1314 543 1316
f 542 1316 543
f 439 1315 440
f 549 456 548
f 548 465 545
f 545 475 535
f 495 535 475
f 501 529 495
f 510 530 501
f 523 519 524
f 753 997 756
f 775 760 776
f 776 759 783
f 758 783 759
f 1030 787 758
f 1017 1277 1286
f 1277 1318 1286
f 688 1298 996
f 569 565 688
f 566 568 773
f 686 773 568
f 684 769 686
f 768 777 684
f 1006 790 768
f 1018 1023 1003
f 1003 765 785
f 785 762 780
f 780 1000 781
f 781 756 997
f 805 1319 814
f 1317 818 1039
f 1320 560 1331
f 1321 826 1330
f 1322 806 1329
f 991 1324 992
f 816 1326 810
f 811 1328 990
f 1287 990 1328
f 810 1327 811
f 992 1325 816
f 1323 821 1322
f 1329 823 1321
f 561 1330 826
f 1286 1331 560
f 1115 459 1100
f 1100 449 1101
f 448 1101 449
f 1157 405 1149
f 1161 358 1160
f 1160 360 1159
f 1159 362 1158
f 1158 340 1157
f 389 1332 387
f 1275 1333 1276
f 264 386 261
f 261 1332 262
f 419 1301 420
f 1274 1289 1275
f 1149 1267 1150
f 375 390 419
f 264 1107 384
f 1175 1177 1176
f 1253 355 1161
f 1092 1176 1107
f 406 877 1267
f 875 1301 878
f 593 1316 554
f 801 554 1316
f 404 1314 593
f 1313 408 1303
f 1303 411 1302
f 1302 402 551
f 551 487 550
f 550 486 546
f 546 444 544
f 409 544 444
f 467 1334 468
f 1296 1336 1297
f 1335 1337 1336
f 1165 1338 1343
f 1111 1339 1341
f 1164 1340 1338
f 1162 1341 1342
f 1009 1342 1340
f 1343 1344 1349
f 1341 1345 1348
f 1338 1346 1344
f 1340 1347 1346
f 1342 1348 1347
f 1349 1350 1355
f 1348 1351 1354
f 1344 1352 1350
f 1346 1353 1352
f 1347 1354 1353
f 1355 1356 1361
f 1354 1357 1360
f 1350 1358 1356
f 1352 1359 1358
f 1353 1360 1359
f 1361 1362 2624
f 1360 1363 1366
f 1356 1364 1362
f 1358 1365 1364
f 1359 1366 1365
f 1098 1367 1370
f 1089 1369 1374
f 1368 1370 1369
f 1242 1371 1367
f 1370 1372 1376
f 1367 1373 1372
f 1374 1375 1377
f 1369 1376 1375
f 1377 1378 1384
f 1375 1379 1378
f 1376 1380 1379
f 1372 1381 1380
f 1379 1382 1386
f 1380 1383 1382
f 1384 1385 1390
f 1378 1386 1385
f 1385 1387 1391
f 1386 1388 1387
f 1382 1389 1388
f 1390 1391 1406
f 395 1392 1394
f 394 1393 1392
f 1394 1395 1397
f 1392 1396 1395
f 1397 1398 1400
f 1395 1399 1398
f 1400 1401 1403
f 1398 1402 1401
f 1403 1404 1407
f 1401 1405 1404
f 1393 1089 1374
f 1377 1393 1374
f 1384 1396 1377
f 1390 1399 1384
f 1406 1402 1390
f 1357 1407 1363
f 1351 1403 1357
f 1345 1400 1351
f 1339 1397 1345
f 395 1339 396
f 4 12 5
f 957 31 958
f 24 964 40
f 23 1409 24
f 959 30 957
f 958 27 13
f 48 961 45
f 40 1411 11
f 51 962 48
f 1410 45 961
f 4 1412 1408
f 448 12 1408
f 941 13 12
f 958 940 939
f 948 1409 1410
f 949 964 963
f 42 936 935
f 947 10 8
f 942 8 7
f 7 949 942
f 948 961 960
f 1074 1412 58
f 935 58 42
f 1073 1408 1412
f 79 76 68
f 1413 153 152
f 206 215 204
f 99 87 86
f 245 250 248
f 72 172 153
f 169 191 172
f 82 77 76
f 96 86 89
f 220 67 215
f 145 166 112
f 178 204 191
f 188 202 181
f 133 77 134
f 146 250 242
f 158 181 166
f 146 112 111
f 233 93 223
f 241 249 247
f 207 223 202
f 80 68 67
f 108 91 93
f 133 87 101
f 137 249 248
f 70 152 247
f 97 89 91
f 663 631 661
f 748 632 663
f 633 1245 634
f 1190 1189 1191
f 1260 1226 1156
f 1156 642 619
f 619 645 616
f 616 648 617
f 647 617 648
f 650 577 647
f 578 1299 618
f 618 951 943
f 950 943 951
f 944 652 620
f 620 657 621
f 656 621 657
f 659 626 656
f 627 661 631
f 1414 1416 1418
f 1417 1418 1427
f 1419 1421 1424
f 1420 1423 1421
f 1424 1426 1419
f 1427 1429 2665
f 1419 1430 1431
f 1431 1420 1419
f 1432 1422 1420
f 1434 1430 1463
f 1435 1437 1455
f 1438 1435 1454
f 1440 1428 1447
f 1442 1444 1445
f 1445 1441 1440
f 1446 1447 1451
f 1448 1445 1449
f 1449 1440 1446
f 1427 1447 1428
f 1439 1436 1435
f 1418 1451 1447
f 1432 1453 1433
f 1454 1455 1464
f 1431 1452 1432
f 1422 1457 1423
f 1458 1439 1459
f 1459 1438 1461
f 1458 1460 1467
f 1459 1462 1460
f 1437 1430 1455
f 1426 1455 1430
f 1456 1433 1466
f 1453 1466 1433
f 1448 1460 1442
f 1442 1462 1443
f 1468 1470 1475
f 1471 1469 1472
f 1472 1474 1471
f 1457 1471 1474
f 1456 1470 1471
f 1475 1466 1465
f 1414 1472 1469
f 1415 1469 1468
f 1476 1478 1650
f 1479 1481 1639
f 1482 1484 1516
f 1485 1487 1559
f 1488 1483 1648
f 1490 1492 2671
f 1493 1495 1652
f 1496 1494 1493
f 1498 1497 1496
f 1500 1502 1643
f 1503 1501 1500
f 1505 1504 1503
f 1507 1506 1505
f 1509 1511 1513
f 1512 1513 1515
f 1514 1515 1644
f 1516 1491 1490
f 1517 1519 1538
f 1520 1488 1648
f 1522 1476 1650
f 1511 1524 1649
f 1525 1492 1491
f 1527 1529 1582
f 1483 1530 1484
f 1491 1530 1525
f 1531 1533 1642
f 1534 1532 1531
f 1536 1535 1534
f 1538 1540 1517
f 1494 1542 1495
f 1497 1541 1494
f 1499 1543 1497
f 1545 1547 1555
f 1508 1532 1506
f 1506 1535 1504
f 1504 1537 1501
f 1501 1536 1502
f 1526 1549 1492
f 1550 1498 2671
f 1498 1544 1499
f 1552 1554 1556
f 1555 1518 1545
f 1556 1558 1552
f 1559 1557 1485
f 1560 1546 1565
f 1561 1563 1655
f 1528 1553 1529
f 1564 1565 1569
f 1566 1568 1587
f 1539 1567 1540
f 1562 1569 1563
f 1570 1562 1561
f 1572 1547 1560
f 1574 1558 1559
f 1552 1575 1578
f 1576 1519 1555
f 1578 1553 1552
f 1555 1573 1576
f 1580 1539 1538
f 1582 1583 1592
f 1538 1577 1580
f 1559 1584 1574
f 1571 1564 1562
f 1581 1568 1539
f 1587 1586 1604
f 1585 1560 1564
f 1529 1579 1583
f 1588 1585 1571
f 1574 1590 1601
f 1580 1591 1594
f 1592 1593 1618
f 1594 1581 1580
f 1576 1596 1599
f 1597 1579 1578
f 1599 1577 1576
f 1578 1600 1597
f 1601 1575 1574
f 1602 1573 1572
f 1603 1571 1570
f 1583 1598 1593
f 1589 1572 1585
f 1604 1605 1620
f 1595 1586 1581
f 1606 1596 1602
f 1608 1600 1601
f 1594 1610 1616
f 1481 1521 1520
f 1611 1591 1599
f 1612 1598 1597
f 1614 1589 1588
f 1616 1595 1594
f 1618 1619 1633
f 1620 1621 1626
f 1601 1622 1608
f 1623 1588 1603
f 1617 1605 1595
f 1597 1609 1612
f 1615 1602 1589
f 1593 1613 1619
f 1522 1625 1523
f 1599 1607 1611
f 1626 1627 1653
f 1628 1621 1617
f 1629 1615 1614
f 1608 1631 1645
f 1616 1632 1635
f 1633 1634 1651
f 1635 1617 1616
f 1611 1636 1640
f 1637 1613 1612
f 1477 1639 1478
f 1640 1610 1611
f 1612 1641 1637
f 1541 1642 1542
f 1531 1543 1534
f 1534 1544 1536
f 1551 1536 1544
f 1550 1502 1551
f 1644 1548 1514
f 1645 1609 1608
f 1646 1607 1606
f 1647 1614 1623
f 1619 1638 1634
f 1630 1606 1615
f 1520 1628 1635
f 1635 1481 1520
f 1477 1463 1479
f 1434 1476 1452
f 1479 1437 1480
f 1436 1480 1437
f 1452 1523 1453
f 1625 1453 1523
f 1475 1510 1468
f 1509 1468 1510
f 1512 1415 1509
f 1450 1521 1436
f 1458 1488 1450
f 1489 1467 1530
f 1530 1448 1525
f 1525 1449 1526
f 1416 1514 1451
f 1526 1446 1548
f 1495 1641 1645
f 1649 1629 1647
f 1637 1542 1642
f 1642 1638 1637
f 1522 1646 1630
f 1651 1508 1507
f 1624 1630 1629
f 1634 1533 1508
f 1650 1636 1646
f 1640 1478 1639
f 1645 1652 1495
f 1653 1483 1482
f 1639 1632 1640
f 1648 1627 1628
f 1465 1524 1475
f 1624 1524 1625
f 1654 1540 1567
f 1655 1569 1659
f 1545 1656 1658
f 1565 1657 1663
f 1658 1546 1545
f 1517 1656 1518
f 1659 1565 1663
f 1660 1567 1566
f 1527 1554 1528
f 1657 1656 1663
f 1662 1656 2672
f 1662 1554 1661
f 1660 1557 2672
f 1548 1451 1514
f 1664 1666 1667
f 1667 1668 1669
f 1669 1670 1671
f 1671 1672 1752
f 1673 1675 1677
f 1676 1677 2599
f 1678 1680 1762
f 1680 1681 1958
f 1682 272 1753
f 1683 1685 1686
f 1686 1687 1688
f 1688 1689 1690
f 1690 1691 1732
f 1692 1684 1683
f 1694 1696 1709
f 1695 1698 1696
f 1697 1700 1698
f 1701 1702 1707
f 1703 1705 1976
f 1706 1707 2389
f 1708 1709 1802
f 1710 1695 1694
f 1711 1697 1695
f 1712 1699 1697
f 1714 1711 1710
f 1678 1717 1819
f 1715 1712 1711
f 1718 1713 1712
f 1720 1715 1714
f 1721 1718 1715
f 1722 1719 1718
f 1724 1726 2487
f 1727 1721 1720
f 1728 1722 1721
f 1729 1723 1722
f 1731 1732 2560
f 1733 1735 1760
f 1736 1738 2245
f 1734 1740 1735
f 1739 1742 1740
f 1743 1734 1733
f 1737 1746 1738
f 1744 1739 1734
f 1747 1741 1739
f 1690 1672 1670
f 1670 1688 1690
f 1668 1686 1688
f 1749 1751 1771
f 1666 1683 1686
f 1752 1731 1997
f 1753 344 1692
f 1732 1754 2560
f 1755 1694 1708
f 1756 1710 1755
f 1714 1757 1720
f 1758 1720 1757
f 1759 1760 2403
f 1733 1761 1743
f 1762 1763 2501
f 1764 1766 2492
f 1765 1768 1766
f 1767 1770 1768
f 1769 1771 1770
f 1772 1774 1903
f 1775 1777 1785
f 1776 1779 1777
f 1780 1782 2002
f 1783 1675 2486
f 1781 1785 1782
f 1786 1778 1776
f 1788 1781 1780
f 1789 1775 1781
f 1773 1792 1774
f 1790 1776 1775
f 1793 1725 1724
f 1794 1795 1725
f 1796 1795 1816
f 1798 1800 1817
f 1801 1709 2450
f 1803 1698 2454
f 1804 399 2037
f 1682 401 400
f 1806 1787 1786
f 1808 1789 1788
f 1750 1811 1751
f 1796 1703 1984
f 1809 1790 1789
f 1814 1792 1791
f 1813 1786 1790
f 1816 1812 1796
f 1818 1820 1982
f 1821 1270 1965
f 1820 1823 1983
f 1824 1826 1827
f 1827 1828 1829
f 1829 1830 1833
f 1831 1833 1830
f 1834 1836 1845
f 1837 1839 1873
f 1835 1841 1836
f 1840 1843 1841
f 1844 1845 2585
f 1832 1846 1848
f 1814 1847 1863
f 1848 1849 1857
f 1850 1852 1865
f 1853 1838 1837
f 1855 1840 1835
f 1856 1842 1840
f 1858 1834 1844
f 1849 1842 1857
f 1861 1863 1847
f 1860 1843 1842
f 1865 1866 1867
f 1867 1868 1875
f 1859 1835 1834
f 1869 1857 1856
f 1870 1859 1858
f 1872 1791 1773
f 1873 1874 2603
f 1875 985 1014
f 1871 1855 1859
f 1877 1854 1853
f 1876 1856 1855
f 1879 1871 1870
f 1847 1881 1861
f 1013 1882 1888
f 1880 1876 1871
f 1884 1878 1877
f 1883 1869 1876
f 1886 1848 1869
f 1773 1887 1872
f 1862 1787 1807
f 1888 1889 2380
f 1890 1883 1880
f 1892 1885 1884
f 1891 1886 1883
f 1894 1832 1886
f 1895 1880 1879
f 1861 1778 1787
f 1896 1891 1890
f 1898 1893 1892
f 1897 1894 1891
f 1900 1833 1894
f 1901 1890 1895
f 1881 1779 1778
f 1872 1902 1881
f 1772 1746 1745
f 1904 1745 1737
f 1906 1897 1896
f 1908 1899 1898
f 1907 1900 1897
f 1910 1829 1900
f 1911 1896 1901
f 1905 1772 1745
f 1887 1912 1902
f 1741 1912 1920
f 1913 1737 1736
f 1914 1909 1908
f 1916 1910 1907
f 1917 1827 1910
f 1918 1906 1911
f 1920 1742 1741
f 1779 1912 1748
f 1919 1907 1906
f 1922 1924 1927
f 1925 1923 1922
f 1927 1929 1922
f 1930 1928 1935
f 1931 1922 1929
f 1932 1929 1930
f 1930 1934 1932
f 1933 1935 1945
f 1936 1933 1938
f 1937 1938 1940
f 1939 1940 1942
f 1941 1942 1951
f 1943 1873 2603
f 1938 1945 1947
f 1946 1944 1943
f 1940 1947 1948
f 1942 1948 1949
f 1949 1951 1942
f 1843 1946 1952
f 1841 1952 2575
f 1953 1955 1986
f 1956 1958 1960
f 1959 1960 2386
f 1961 1963 2569
f 1964 1965 2195
f 1966 1968 2592
f 1969 1971 2150
f 1972 1974 2143
f 1975 1977 1981
f 1978 1980 2145
f 1981 1979 1978
f 1982 1983 2486
f 1679 1819 1818
f 1984 1976 1975
f 1783 1817 1816
f 1716 1762 2481
f 1680 1957 1763
f 1985 1986 1988
f 1987 1988 2000
f 1777 1748 1747
f 1785 1747 1744
f 1989 1991 1992
f 1992 1994 1989
f 1986 1995 1998
f 1996 1994 1993
f 1988 1998 2001
f 1996 1752 1997
f 2000 2001 2588
f 1782 1744 1743
f 2002 1743 1761
f 1992 2003 2004
f 1671 1999 2006
f 2004 1993 1992
f 2006 1669 1671
f 2008 1993 2005
f 2008 1999 1996
f 2006 2009 2423
f 2010 2012 2015
f 1976 2013 1977
f 2014 2015 2018
f 2015 2016 2019
f 1977 2017 1979
f 2018 2019 2022
f 2019 2020 2023
f 1979 2021 1980
f 2022 2023 2489
f 2024 2026 2045
f 2027 2029 2030
f 2030 2031 2044
f 2025 2033 2026
f 2034 2036 2046
f 2037 634 2552
f 2038 2040 2459
f 2041 2035 2034
f 2007 1667 1669
f 2027 2026 2033
f 2044 2026 2030
f 2041 2029 2028
f 2029 2046 2031
f 2047 2049 2543
f 2048 2051 2049
f 2052 2051 2050
f 2054 2052 2055
f 2055 2057 2054
f 2058 2060 2079
f 2061 2059 2063
f 2062 2063 2065
f 2064 2065 2067
f 2066 2067 2147
f 2068 2070 2077
f 2071 2073 2078
f 2069 2075 2070
f 2076 2077 2365
f 2074 2078 2075
f 2079 2068 2076
f 2080 2082 2139
f 2081 2084 2082
f 2069 2060 2061
f 1973 2086 1974
f 2087 2089 2166
f 2088 2091 2089
f 1970 2093 1971
f 2094 691 690
f 2096 2097 2548
f 2096 2088 2087
f 2099 697 696
f 2101 696 699
f 2098 2090 2088
f 2103 2090 2102
f 2104 706 705
f 2106 2108 2140
f 2106 2110 2107
f 2109 2112 2110
f 2113 2112 2111
f 2115 2113 2116
f 2116 2118 2115
f 2119 2121 2546
f 2120 2123 2121
f 2122 2125 2123
f 2124 2127 2125
f 2128 2127 2126
f 2130 2120 2119
f 2131 2122 2120
f 2132 2124 2122
f 2133 2126 2124
f 2126 2135 2128
f 1970 2103 2136
f 2136 2092 1970
f 2138 705 738
f 2139 2140 2367
f 2139 2109 2106
f 2141 1723 1730
f 2082 2111 2109
f 2143 2111 2084
f 2116 2143 1974
f 1974 2117 2116
f 1926 1909 1915
f 1925 1899 1909
f 1931 1893 1899
f 1932 1885 1893
f 1878 1934 1936
f 1854 1936 1937
f 2142 1719 1723
f 1681 1818 1702
f 2011 1981 2012
f 2012 1978 2016
f 2016 2145 2020
f 2146 2147 2553
f 2074 2061 2062
f 2071 2062 2064
f 2083 2143 2084
f 2115 2148 2149
f 2149 2137 2136
f 2150 2090 1969
f 2151 2153 2154
f 2154 2156 2151
f 2157 2159 2564
f 2152 2158 2153
f 2160 2162 2164
f 2163 2164 2391
f 2165 2089 2385
f 2167 2169 2174
f 1967 2168 1968
f 2170 2172 2182
f 1937 1838 1854
f 2173 2174 2187
f 2175 2177 2181
f 1939 1839 1838
f 2171 2179 2172
f 2180 2181 2392
f 2182 2184 2170
f 2185 2178 2565
f 2186 2187 2383
f 2188 2190 2673
f 2191 2189 2188
f 2191 2194 2192
f 2195 2196 2422
f 1874 1941 2601
f 1954 1874 2601
f 1792 1954 1953
f 1953 1774 1792
f 2197 2199 2210
f 1903 1985 1987
f 2200 2202 2215
f 2203 2205 2209
f 1746 1987 1990
f 2198 2207 2199
f 2208 2209 2399
f 2210 2212 2197
f 2213 2206 2568
f 2214 2215 2226
f 2201 2217 2202
f 1962 2216 1963
f 2197 2218 2229
f 2218 2204 2220
f 2219 2204 2203
f 2221 2203 2208
f 2222 2221 2208
f 2223 2224 2225
f 2225 2226 2234
f 2227 2219 2221
f 2229 2230 2240
f 2231 2233 2252
f 2234 2236 2253
f 2237 2239 2243
f 1882 2238 1889
f 2240 2242 2229
f 1738 1990 1989
f 2235 2243 2236
f 2228 2220 2219
f 1989 2245 1738
f 2241 2232 2242
f 984 2239 1882
f 1278 2241 2240
f 1994 2247 2245
f 2236 2248 2254
f 1284 2244 2228
f 2246 2250 2247
f 1137 2233 2241
f 2251 2228 2227
f 2240 1280 1278
f 2252 1128 1037
f 2253 2254 2379
f 2243 983 2248
f 2249 2256 2250
f 2256 2257 2259
f 2258 2257 2561
f 2260 2258 2561
f 2260 2263 2261
f 2264 1129 1138
f 2266 1285 2378
f 1279 2268 2275
f 1038 2265 2294
f 2269 2271 2279
f 2272 2274 2277
f 1868 2273 985
f 2275 1138 1279
f 2263 2276 2286
f 2270 2277 2271
f 2267 1282 1285
f 2279 2280 2305
f 2277 2281 2287
f 1866 2274 1868
f 2282 2264 2275
f 2284 2286 2276
f 2271 2287 2280
f 2288 2278 2267
f 2290 2284 2297
f 2283 2265 2264
f 2292 2267 2266
f 2275 2293 2282
f 2294 2291 2304
f 2295 2289 2288
f 2297 2299 2290
f 2300 2291 2283
f 2302 2288 2292
f 2282 2303 2308
f 2304 2301 2311
f 2305 2306 2313
f 2287 2307 2310
f 1852 2281 1866
f 2308 2283 2282
f 2309 2298 2319
f 2280 2310 2306
f 2311 2312 2670
f 2313 2314 2334
f 2310 2315 2320
f 1851 2307 1852
f 2316 2300 2308
f 2318 2319 2562
f 2306 2320 2314
f 2321 2296 2295
f 2317 2301 2300
f 2323 2295 2302
f 2308 2324 2316
f 2325 2327 2574
f 2326 2329 2327
f 2328 2331 2329
f 2332 2320 2666
f 2333 2314 2332
f 2335 2337 2667
f 2321 2339 2322
f 2330 2341 2331
f 2342 2340 2343
f 2303 2322 2324
f 2343 2345 2342
f 2344 2347 2345
f 2348 2336 2335
f 2141 1742 1921
f 1740 1730 1729
f 2296 2293 2289
f 2349 2350 2353
f 2351 2353 2350
f 2268 2289 2293
f 1281 2278 2268
f 2354 2352 2351
f 2356 2358 2359
f 2230 1283 1280
f 2218 2244 2230
f 2223 2359 2358
f 2226 2235 2234
f 2215 2237 2235
f 2202 2238 2237
f 2211 2204 2212
f 1889 2217 1962
f 2224 2360 2382
f 1735 1729 1728
f 2346 2362 2347
f 2361 2364 2362
f 2183 2176 2184
f 2155 2161 2156
f 2365 2366 2563
f 2367 2080 2139
f 2369 2371 2393
f 2372 2374 2384
f 2375 2377 2555
f 2336 2333 2337
f 2334 2349 2313
f 2302 2335 2323
f 2292 2348 2302
f 2313 2353 2305
f 2305 2352 2279
f 2266 2350 2292
f 2378 2351 2266
f 2279 2355 2269
f 2359 2379 2356
f 2253 2225 2234
f 1962 2380 1889
f 2380 2381 2485
f 2226 2382 2214
f 2370 2383 2371
f 2384 2385 2372
f 1959 2387 2556
f 1706 2387 2386
f 1706 2390 2388
f 2373 2391 2374
f 2392 2393 2180
f 2394 2396 2430
f 2397 2395 2394
f 2399 2222 2208
f 2400 2364 2363
f 2402 2400 2566
f 2221 2358 2227
f 2227 2357 2251
f 1070 2207 2213
f 1760 1728 1727
f 2403 1727 1758
f 2398 2405 2395
f 2395 1062 2396
f 1061 2396 1062
f 1965 1271 2196
f 1335 2196 1271
f 1296 2407 1335
f 1295 2408 1296
f 1294 2409 1295
f 2410 2411 2194
f 2194 2412 2192
f 2192 2413 2189
f 2189 2414 2190
f 2415 2190 2414
f 2404 2416 2415
f 2398 2417 2416
f 2190 2417 2673
f 2410 2193 2418
f 2409 2418 2419
f 2409 2420 2408
f 2408 2421 2407
f 2407 2422 2196
f 2423 2007 2006
f 2424 2043 2007
f 2426 2428 2589
f 2406 2430 2396
f 2431 2433 2457
f 2041 2434 2464
f 2425 2436 2043
f 2437 2436 2435
f 2390 1676 2440
f 2439 1676 2599
f 2144 1713 1719
f 1699 2441 2499
f 1673 2389 1707
f 1674 1707 1702
f 1702 1982 1674
f 1819 1822 1820
f 2043 1664 1667
f 2436 2442 1664
f 2443 2427 2444
f 2444 2446 2443
f 1754 2447 2471
f 2448 1691 1689
f 1689 2449 2448
f 2450 1696 1803
f 1793 2451 2557
f 2452 1684 1693
f 2454 1700 2500
f 2455 1724 2487
f 1034 2445 1015
f 2456 2457 2496
f 2458 2460 2469
f 2461 2011 2010
f 1997 2246 1994
f 2459 2463 2460
f 1984 1797 1796
f 2042 2464 2475
f 2256 1822 1717
f 2465 2010 2014
f 2465 2455 2487
f 1817 2467 1812
f 1725 1797 1726
f 2468 2469 2472
f 2462 1975 2011
f 1685 2453 2470
f 1687 2470 2449
f 1751 2471 2447
f 2250 1717 1716
f 2432 2472 2433
f 2473 2465 2014
f 2028 2474 2434
f 1804 2475 2498
f 2027 2038 2474
f 2014 2476 2473
f 1035 2478 1036
f 2033 2039 2038
f 2479 2072 2520
f 2460 2480 2491
f 2481 1913 1736
f 2483 2477 2485
f 2484 2485 2381
f 1716 2247 2250
f 1736 2247 2481
f 1812 1704 1703
f 2486 1674 1982
f 1726 2462 2461
f 2487 2461 2465
f 2018 2488 2476
f 2022 2490 2488
f 2469 2491 2493
f 1770 2448 2449
f 1768 2449 2470
f 1766 2470 2453
f 2492 2453 2452
f 2474 2459 2458
f 2472 2493 2494
f 2433 2494 2495
f 2457 2495 2497
f 2496 2497 2554
f 2464 2468 2432
f 2498 2431 2456
f 2434 2458 2468
f 2475 2432 2431
f 1771 2447 2448
f 2499 1700 1699
f 2500 2377 2376
f 1762 2482 2481
f 1958 1701 1960
f 2386 1701 1706
f 2502 1166 1165
f 2504 1169 1168
f 2506 2387 2388
f 2506 1172 1171
f 2507 1174 1172
f 2509 2440 2439
f 2510 1178 1177
f 2512 2451 2455
f 2512 1181 1180
f 2514 2466 2473
f 2514 1185 1184
f 2515 1187 1185
f 2516 1189 1187
f 2518 1192 1191
f 2072 2064 2066
f 2520 2066 2146
f 2521 738 1194
f 2522 2077 2070
f 2523 2070 2075
f 2366 2129 2563
f 2125 2366 2522
f 2149 2114 2115
f 2114 2525 2112
f 2136 2524 2149
f 2524 2102 2525
f 2135 2158 2157
f 2153 2134 2133
f 2526 2097 2528
f 2527 2528 2549
f 2527 1207 1206
f 2530 2531 2550
f 2530 1212 1211
f 2532 1214 1212
f 2534 2535 2537
f 2536 2537 2538
f 2101 2538 2130
f 2539 2102 2098
f 2540 2098 2096
f 2110 2525 2539
f 2107 2539 2540
f 2123 2522 2523
f 2121 2523 2541
f 2541 2075 2078
f 2542 2078 2073
f 2054 2085 1973
f 1973 2053 2054
f 1972 2051 2053
f 2083 2049 2051
f 2081 2543 2049
f 2047 2544 2558
f 2080 2544 2543
f 2519 2368 2521
f 2545 1232 1231
f 2546 2541 2542
f 2100 2542 2545
f 2107 2547 2108
f 2105 2547 2559
f 2540 2548 2547
f 2094 1237 2559
f 2154 2133 2132
f 2155 2132 2131
f 2528 2087 2166
f 2549 2166 2165
f 2531 2165 2384
f 2550 2384 2374
f 2374 2551 2550
f 2391 2535 2551
f 2164 2537 2535
f 2538 2162 2155
f 2538 2131 2130
f 1664 1753 1665
f 344 1693 1692
f 1665 1692 1683
f 1240 2492 1241
f 2042 2037 2035
f 1664 1805 1682
f 2035 2552 2036
f 2548 2095 2094
f 2119 2100 2099
f 2130 2099 2101
f 2140 2105 2104
f 2367 2104 2138
f 1244 2553 1245
f 1246 1693 1247
f 1248 2496 1249
f 1250 2498 1251
f 1232 2520 1252
f 1241 2452 1246
f 1249 2554 1253
f 1251 2456 1248
f 2375 2503 2502
f 2556 2505 2504
f 1171 2505 2506
f 2388 2507 2506
f 2390 2508 2507
f 1257 2508 2509
f 2557 2511 2510
f 1180 2511 2512
f 2455 2513 2512
f 1184 2513 2514
f 2473 2515 2514
f 2476 2516 2515
f 2488 2517 2516
f 2558 2519 2518
f 1252 2146 1244
f 2368 2138 2521
f 1261 2095 2526
f 1206 2526 2527
f 2549 2529 2527
f 1211 2529 2530
f 2550 2532 2530
f 2551 2533 2532
f 1264 2533 2534
f 1265 2534 2536
f 699 2536 2101
f 1192 2521 1194
f 2542 2479 2545
f 697 2545 1231
f 706 2559 1237
f 2548 2559 2547
f 1731 2249 2246
f 2560 2255 2249
f 1754 2257 2255
f 2561 2471 1811
f 1810 2262 2260
f 2276 2480 2463
f 2463 2284 2276
f 2297 2040 2039
f 2039 2298 2297
f 2032 2319 2298
f 2025 2562 2319
f 2058 2326 2325
f 2079 2328 2326
f 2076 2330 2328
f 2365 2340 2330
f 2343 2563 2129
f 2129 2344 2343
f 2128 2346 2344
f 2135 2361 2346
f 2157 2363 2361
f 2185 2566 2400
f 2429 2567 2600
f 2406 1069 2567
f 2213 2484 2591
f 2568 2483 2484
f 2568 2232 2231
f 2231 2478 2483
f 2252 1036 2478
f 1038 2446 1034
f 1015 1875 1014
f 2477 1013 1888
f 2485 1888 2380
f 2242 2206 2198
f 2229 2198 2197
f 1961 2570 2381
f 2210 2571 2596
f 2572 1081 1821
f 2573 1821 1964
f 2401 1966 2592
f 2362 2093 2092
f 2347 2092 2137
f 2345 2137 2148
f 2342 2148 2118
f 2118 2341 2342
f 2331 2117 2086
f 2329 2086 2085
f 2327 2085 2057
f 2574 2057 2056
f 2021 2309 2318
f 2017 2299 2309
f 2290 2013 1705
f 1705 2285 2290
f 2286 1704 2467
f 2467 2263 2286
f 2261 1800 1799
f 1823 2259 2258
f 1836 2575 2576
f 1845 2576 2586
f 1864 2577 1944
f 1860 2578 2577
f 1849 2579 2578
f 1846 2580 2579
f 1831 2581 2580
f 1830 2582 2581
f 1828 2583 2582
f 1826 2584 2583
f 2585 2586 2602
f 2587 2585 2602
f 1837 1944 2577
f 2577 1853 1837
f 1877 2578 2579
f 1884 2579 2580
f 1892 2580 2581
f 1898 2581 2582
f 1908 2582 2583
f 2583 1914 1908
f 2003 2002 1761
f 1905 1920 1912
f 1904 1921 1920
f 1913 2141 1921
f 2482 2142 2141
f 2501 2144 2142
f 1763 2441 2144
f 2499 1957 1956
f 2377 1956 1959
f 1959 2555 2377
f 2503 2556 2504
f 2504 1166 2503
f 2294 2443 2446
f 2304 2428 2443
f 2589 2311 2670
f 1802 2437 2435
f 1708 2435 2425
f 1755 2425 2424
f 1756 2424 2423
f 2423 1757 1756
f 1758 2009 2008
f 2403 2008 2005
f 1759 2005 2004
f 2004 1761 1759
f 1987 1991 1990
f 2003 2000 2588
f 2588 1780 2002
f 2001 1788 1780
f 1998 1808 1788
f 2587 1951 1950
f 1941 2590 2601
f 1844 1950 1949
f 1949 1858 1844
f 1948 1870 1858
f 1947 1879 1870
f 1895 1945 1935
f 1901 1935 1928
f 1911 1928 1927
f 1927 1918 1911
f 2151 2183 2182
f 2182 2152 2151
f 2172 2159 2152
f 2564 2179 2185
f 2363 2185 2400
f 2381 2591 2484
f 2591 1078 1077
f 2093 2401 2592
f 1971 2592 1968
f 1968 2150 1971
f 2091 2168 2167
f 2089 2167 2173
f 2385 2173 2186
f 2372 2186 2370
f 2370 2373 2372
f 2369 2163 2373
f 2392 2160 2163
f 2181 2161 2160
f 2177 2156 2161
f 2199 1063 2571
f 1077 2213 2591
f 1272 2569 1963
f 1336 2216 2201
f 1292 2200 2214
f 2382 2593 1293
f 2399 2594 2598
f 2205 2595 2597
f 2596 2211 2210
f 2209 2597 2594
f 2360 2598 2593
f 1293 2214 2382
f 1297 2201 2200
f 1963 1337 1272
f 2570 1080 1078
f 2445 1867 1875
f 2444 1865 1867
f 1850 2427 2426
f 2493 1750 1749
f 2554 1765 1764
f 2497 1767 1765
f 2495 1769 1767
f 2494 1749 1769
f 1816 1784 1783
f 2567 1079 2572
f 2599 1794 1793
f 1677 1784 1794
f 1983 1799 1798
f 2600 2572 2573
f 2491 1810 1750
f 2486 1798 1783
f 2599 2557 2439
f 2509 1177 1257
f 1253 1764 1240
f 2439 2510 2509
f 1811 2260 2561
f 2258 1799 1823
f 1995 2590 2587
f 2601 1955 1954
f 1808 2587 2602
f 2602 1809 1808
f 2586 1813 1809
f 2576 1806 1813
f 2575 1807 1806
f 1952 1862 1807
f 1946 1863 1862
f 1814 1943 2603
f 2603 1815 1814
f 1165 2604 2502
f 2500 2606 2454
f 2502 2607 2375
f 2376 2605 2500
f 2375 2608 2376
f 1343 2609 2604
f 2605 2611 2606
f 2604 2612 2607
f 2607 2613 2608
f 2608 2610 2605
f 1349 2614 2609
f 2610 2616 2611
f 2609 2617 2612
f 2612 2618 2613
f 2613 2615 2610
f 1355 2619 2614
f 2615 2621 2616
f 2614 2622 2617
f 2617 2623 2618
f 2618 2620 2615
f 1361 2625 2619
f 2620 2627 2621
f 2619 2628 2622
f 2622 2629 2623
f 2623 2626 2620
f 2442 2631 1805
f 2437 2633 2438
f 2438 2630 2442
f 1805 1371 401
f 2630 2635 2631
f 2631 1373 1371
f 2632 2637 2633
f 2633 2634 2630
f 2636 2639 2637
f 2637 2640 2634
f 2634 2641 2635
f 2635 1381 1373
f 2640 2643 2641
f 2641 1383 1381
f 2638 2645 2639
f 2639 2642 2640
f 2645 2647 2642
f 2642 2648 2643
f 2643 1389 1383
f 2644 2646 2645
f 1803 2651 2450
f 2450 2652 1801
f 2650 2654 2651
f 2651 2655 2652
f 2653 2657 2654
f 2654 2658 2655
f 2656 2660 2657
f 2657 2661 2658
f 2659 2663 2660
f 2660 2664 2661
f 2652 2437 1801
f 2636 2652 2655
f 2638 2655 2658
f 2644 2658 2661
f 2649 2661 2664
f 2621 2662 2659
f 2616 2659 2656
f 2611 2656 2653
f 2606 2653 2650
f 1803 2606 2650
f 1417 2665 2669
f 2332 1441 1444
f 1454 2339 2338
f 1438 2338 2668
f 2333 1444 1443
f 2666 1428 1441
f 1462 2667 2337
f 1464 1425 2339
f 1443 2337 2333
f 2668 1461 1438
f 1417 1473 1472
f 1850 2665 1851
f 1851 1429 2315
f 2666 2315 1429
f 2323 2338 2321
f 2324 2339 1425
f 1457 2312 1423
f 2317 1423 2312
f 2316 1421 2317
f 1424 2324 1425
f 2323 2667 2668
f 2589 1473 2426
f 2670 1474 2589
f 2426 2669 1850
f 1493 1490 1496
f 1486 1587 1487
f 1622 1653 1631
f 1515 1643 1644
f 1663 1661 1659
f 1487 1604 1584
f 1584 1620 1590
f 1496 2671 1498
f 1513 1500 1515
f 1631 1482 1652
f 1561 1592 1570
f 1590 1626 1622
f 1603 1633 1623
f 1549 2671 1492
f 1655 1661 1527
f 1570 1618 1603
f 1655 1582 1561
f 1647 1507 1649
f 1654 2672 1656
f 1623 1651 1647
f 1652 1516 1493
f 1649 1505 1511
f 1549 1643 1550
f 1556 2672 1557
f 1485 1566 1486
f 1511 1503 1513
f 2147 2046 2036
f 2553 2036 2552
f 2552 1245 2553
f 2518 1189 2517
f 2517 2558 2518
f 2490 2047 2558
f 2489 2048 2047
f 2023 2050 2048
f 2052 2020 2145
f 2055 2145 1980
f 1980 2056 2055
f 2021 2574 2056
f 2325 2318 2562
f 2562 2058 2325
f 2024 2059 2058
f 2063 2045 2044
f 2065 2044 2031
f 2031 2067 2065
f 2248 2273 2272
f 2270 2248 2272
f 2269 2254 2270
f 2379 2355 2356
f 2354 2356 2355
f 2357 2378 2251
f 1284 2378 1285
f 867 882 868
f 1143 889 867
f 1142 1113 1143
f 1114 477 469
f 855 469 477
f 470 870 898
f 859 898 870
f 858 895 859
f 869 901 858
f 892 986 1012
f 1033 1012 986
f 981 865 884
f 884 860 885
f 885 989 903
f 866 903 989
f 856 980 866
f 886 864 881
f 881 868 882
f 1062 2571 1063
f 2404 2571 2405
f 2596 2415 2595
f 2414 2595 2415
f 2413 2597 2414
f 2412 2594 2413
f 2411 2598 2412
f 1322 1050 1323
f 1066 1005 1064
f 791 1067 778
f 1048 1329 1046
f 1046 1321 1045
f 778 1068 770
f 1045 1330 1044
f 1320 1044 1330
f 770 799 771
f 563 771 799
f 772 562 564
f 564 1291 1031
f 418 1331 1290
f 1318 1290 1331
f 1317 1333 1318
f 1031 1274 1032
f 1032 1273 788
f 1039 1276 1317
f 788 1025 789
f 1043 1319 1042
f 1288 1042 1319
f 1024 789 1025
f 1027 782 1024
f 774 1060 786
f 786 793 998
f 792 998 793
f 795 779 792
f 1065 784 795
f 1004 1064 1005
f 1323 1053 1324
f 1324 1054 1325
f 1325 1055 1326
f 1326 1056 1327
f 1327 1057 1328
f 1058 1328 1057
f 1287 1041 1288
f 2170 2394 2171
f 2171 2430 2178
f 2429 2178 2430
f 2397 2184 2417
f 2417 2176 2673
f 2175 2673 2176
f 2180 2188 2175
f 2393 2191 2180
f 2193 2371 2418
f 2383 2418 2371
f 2419 2187 2420
f 2420 2174 2421
f 2421 2169 2422
f 1967 2422 2169
f 2195 1966 1964
f 1964 2402 2573
f 2573 2566 2600
f 2600 2565 2429
f 2411 1293 2593
