# Wavefront OBJ file
# Regions:
#     0    patch0
#
# points    : 13380
# triangles : 26756
#
v -0.3473 7.3383 1.4077
v -0.3492 7.3299 1.4076
v -0.311 7.3315 1.4107
v -0.3487 7.3574 1.4039
v -0.3481 7.3465 1.4062
v -0.3095 7.3456 1.4117
v -0.3824 7.3332 1.4005
v -0.3849 7.3413 1.3972
v -0.4154 7.331 1.385
v -0.3886 7.3508 1.393
v -0.4103 7.3242 1.3889
v -0.4363 7.3188 1.3727
v -0.423 7.339 1.3777
v -0.4295 7.3143 1.3781
v -0.4473 7.3085 1.3624
v -0.4462 7.3246 1.365
v -0.4392 7.305 1.369
v -0.4521 7.2991 1.3548
v -0.4582 7.3114 1.3514
v -0.4438 7.2978 1.3612
v -0.4531 7.2897 1.3462
v -0.4638 7.3001 1.342
v -0.4448 7.2899 1.355
v -0.4513 7.281 1.3462
v -0.4645 7.2899 1.3358
v -0.4428 7.2826 1.3539
v -0.4463 7.2714 1.3465
v -0.4631 7.2784 1.3355
v -0.4388 7.2753 1.3548
v -0.4406 7.2629 1.3495
v -0.4584 7.2665 1.3339
v -0.4331 7.2685 1.3583
v -0.3927 7.2332 1.3822
v -0.4142 7.2427 1.3697
v -0.4237 7.2315 1.363
v -0.3905 7.2421 1.3858
v -0.4106 7.2512 1.3741
v -0.2738 7.2367 1.3983
v -0.3109 7.2338 1.4028
v -0.3097 7.2215 1.3981
v -0.2696 7.224 1.3978
v -0.3161 7.2096 1.4009
v -0.2382 7.2423 1.392
v -0.2332 7.2327 1.3932
v -0.2708 7.2133 1.3995
v -0.2179 7.2467 1.3863
v -0.212 7.2385 1.3875
v -0.2322 7.2216 1.3934
v -0.2701 7.3295 1.4076
v -0.3096 7.3374 1.4127
v -0.2655 7.3477 1.408
v -0.308 7.3566 1.4103
v -0.2265 7.3319 1.4044
v -0.2682 7.3372 1.4082
v -0.2333 7.3164 1.3977
v -0.2725 7.3227 1.4055
v -0.1964 7.3135 1.402
v -0.2303 7.3232 1.4012
v -0.2067 7.3004 1.3967
v -0.2353 7.3097 1.3949
v -0.1788 7.2987 1.4006
v -0.2016 7.3061 1.3992
v -0.1899 7.29 1.3965
v -0.2093 7.2945 1.3918
v -0.1612 7.2762 1.3998
v -0.1678 7.2859 1.4006
v -0.174 7.284 1.3989
v -0.1717 7.2759 1.3885
v -0.1789 7.2826 1.3975
v -0.1817 7.2799 1.3835
v -0.1583 7.2656 1.3982
v -0.1676 7.2761 1.3942
v -0.1704 7.2676 1.3822
v -0.1752 7.2736 1.3807
v -0.1602 7.2545 1.3936
v -0.1651 7.2673 1.3918
v -0.1756 7.2598 1.3816
v -0.1757 7.2671 1.3781
v -0.4037 7.2032 1.3657
v -0.3976 7.2201 1.3774
v -0.1971 7.218 1.3871
v -0.2067 7.2296 1.3879
v -0.2245 7.2075 1.3934
v -0.2672 7.1966 1.398
v -0.3178 7.192 1.3967
v -0.3179 7.1697 1.3913
v -0.4639 7.2475 1.3245
v -0.4518 7.2551 1.3376
v -0.4701 7.2621 1.3223
v -0.4741 7.2764 1.3251
v -0.4747 7.2892 1.3264
v -0.4733 7.3013 1.3316
v -0.4678 7.3139 1.3414
v -0.4284 7.3444 1.3712
v -0.3499 7.3652 1.402
v -0.3073 7.3643 1.4084
v -0.3916 7.358 1.3859
v -0.2217 7.3393 1.4072
v -0.2627 7.3555 1.4077
v -0.4544 7.3279 1.3543
v -0.4351 7.3502 1.3646
v -0.1606 7.2896 1.404
v -0.1542 7.2773 1.4045
v -0.152 7.2646 1.4022
v -0.1718 7.3036 1.4033
v -0.1484 7.2937 1.4117
v -0.185 7.2941 1.3984
v -0.1952 7.2848 1.3878
v -0.1902 7.319 1.4045
v -0.1603 7.3103 1.4108
v -0.1424 7.3165 1.4256
v -0.1293 7.2967 1.4247
v -0.1422 7.2787 1.4114
v -0.123 7.2788 1.4229
v -0.1409 7.2631 1.4091
v -0.1225 7.2601 1.4202
v -0.1454 7.2447 1.3996
v -0.0925 7.3326 1.4701
v -0.1185 7.3232 1.4463
v -0.1055 7.3001 1.4449
v -0.0757 7.2801 1.4686
v -0.0994 7.2784 1.4428
v -0.1003 7.2567 1.4412
v -0.078 7.2537 1.4677
v -0.1089 7.23 1.4365
v -0.0812 7.3069 1.47
v -0.0635 7.3397 1.4918
v -0.055 7.312 1.491
v -0.0515 7.2837 1.4905
v -0.0546 7.2526 1.4908
v -0.0886 7.2217 1.4606
v -0.0325 7.3464 1.5046
v -0.0645 7.1705 1.5077
v -0.0332 7.1876 1.5278
v -0.032 7.227 1.5145
v -0.0285 7.3178 1.5032
v -0.0271 7.2876 1.5044
v -0.0286 7.2574 1.5094
v -0.0666 7.2112 1.4883
v 0 7.3512 1.5074
v 0 7.1963 1.5364
v 0 7.233 1.5223
v 0 7.3231 1.5057
v 0 7.2916 1.5075
v 0 7.2609 1.5139
v -0.3206 7.1429 1.401
v -0.2588 7.1514 1.4109
v -0.2058 7.1688 1.4096
v -0.2145 7.1901 1.3934
v -0.2625 7.176 1.3983
v -0.1743 7.1878 1.407
v -0.1851 7.2042 1.3889
v -0.4293 7.1566 1.3512
v -0.4129 7.1829 1.3539
v -0.4442 7.1992 1.3345
v -0.5057 7.2873 1.2995
v -0.4865 7.2885 1.3154
v -0.4841 7.3014 1.3195
v -0.5048 7.2491 1.2949
v -0.4841 7.2563 1.3099
v -0.4867 7.2742 1.3131
v -0.5023 7.3029 1.3045
v -0.4784 7.3149 1.3273
v -0.5062 7.2697 1.2954
v -0.4933 7.3189 1.3127
v -0.4636 7.3308 1.3402
v -0.4443 7.3569 1.3554
v -0.395 7.3657 1.3825
v -0.2503 7.3772 1.4203
v -0.2593 7.3638 1.4106
v -0.2157 7.3477 1.412
v -0.4008 7.3749 1.382
v -0.3502 7.3738 1.3999
v -0.3021 7.3866 1.413
v -0.3059 7.3734 1.4073
v -0.2023 7.359 1.4248
v -0.1821 7.3289 1.4127
v -0.3519 7.3856 1.4022
v -0.1654 7.338 1.4262
v -0.1115 7.3603 1.47
v -0.078 7.3703 1.4932
v -0.0382 7.3767 1.5049
v 0 7.382 1.5092
v -0.2048 7.4222 1.4612
v -0.2324 7.3982 1.4402
v -0.1783 7.3762 1.4482
v -0.2774 7.4333 1.4379
v -0.2928 7.409 1.4238
v -0.4139 7.4161 1.3779
v -0.4086 7.3923 1.3801
v -0.3522 7.4063 1.4055
v -0.4688 7.3916 1.3399
v -0.4578 7.3693 1.3463
v -0.35 7.4301 1.4111
v -0.1407 7.3489 1.446
v -0.1485 7.3935 1.4693
v -0.5579 7.2557 1.2486
v -0.5301 7.2637 1.2749
v -0.5289 7.2854 1.2797
v -0.5543 7.2842 1.2539
v -0.5241 7.3044 1.2854
v -0.5538 7.2253 1.2462
v -0.5283 7.2387 1.2727
v -0.5485 7.3092 1.2618
v -0.514 7.3239 1.2961
v -0.5349 7.3362 1.2779
v -0.4922 7.3462 1.3167
v -0.5087 7.3639 1.3054
v -0.4771 7.4194 1.3337
v -0.5244 7.3859 1.2923
v -0.2558 7.4685 1.4553
v -0.1615 7.4572 1.4891
v -0.5823 7.2474 1.217
v -0.5758 7.2838 1.2229
v -0.5814 7.2108 1.2177
v -0.5678 7.3179 1.2363
v -0.34 7.4636 1.4197
v -0.5763 7.1741 1.225
v -0.5467 7.1934 1.252
v -0.5501 7.3521 1.2581
v -0.4149 7.4468 1.3788
v -0.1063 7.41 1.4934
v -0.0493 7.4194 1.5109
v 0 7.4266 1.5172
v -0.4833 7.4515 1.3256
v -0.4188 7.4819 1.3766
v -0.3373 7.5016 1.4232
v -0.0682 7.4647 1.5153
v -0.1537 7.5145 1.5027
v -0.3382 7.5411 1.4241
v -0.2494 7.5124 1.4654
v -0.4918 7.4836 1.3153
v -0.0669 7.5153 1.5215
v 0 7.4664 1.5241
v -0.423 7.5184 1.3726
v -0.1475 7.558 1.5072
v -0.0636 7.5578 1.5258
v 0 7.5158 1.5294
v -0.5977 7.7181 1.1338
v -0.5776 7.6691 1.1867
v -0.4891 7.7355 1.2824
v -0.513 7.7996 1.2336
v -0.3787 7.7833 1.3533
v -0.3979 7.8535 1.3143
v -0.2693 7.8177 1.4145
v -0.6041 7.1961 1.1802
v -0.5999 7.2851 1.1877
v -0.6036 7.2411 1.1786
v -0.5645 7.371 1.2353
v -0.6007 7.1524 1.1912
v -0.5859 7.3265 1.2062
v -0.5766 7.3882 1.2082
v -0.534 7.4121 1.2771
v -0.6 7.3369 1.1691
v -0.6163 7.2857 1.1434
v -0.5411 7.4381 1.2573
v -0.6637 7.519 0.9597
v -0.6492 7.4938 1.0074
v -0.6246 7.5836 1.0922
v -0.6219 7.7734 1.0755
v -0.6671 7.665 0.9799
v -0.5518 7.6212 1.2279
v -0.6759 7.4083 0.8958
v -0.6802 7.5466 0.9105
v -0.5444 8.2459 0.343
v -0.5333 8.2829 0.6464
v -0.4128 8.3912 0.6644
v 0 6.9688 1.6689
v 0 7.0029 1.6522
v -0.0374 7.0011 1.6434
v -0.1224 6.9827 1.5822
v -0.0945 6.9913 1.6037
v -0.0938 7.016 1.5862
v -0.1419 6.9689 1.5522
v -0.115 7.0033 1.5569
v -0.0897 7.041 1.5597
v -0.1146 7.0251 1.5359
v -0.1397 6.9866 1.5353
v -0.0664 7.0244 1.6078
v -0.0674 6.9975 1.628
v 0 7.034 1.631
v 0 7.0665 1.608
v -0.0367 7.0608 1.5991
v -0.0637 7.0525 1.5817
v -0.0674 6.9707 1.6438
v -0.0348 6.9707 1.6595
v -0.0369 7.03 1.6221
v -0.1577 6.9774 1.4854
v -0.1811 6.9431 1.4736
v -0.171 6.9319 1.4881
v -0.0872 6.8778 1.6197
v -0.0645 6.861 1.616
v -0.0543 6.8607 1.6252
v -0.1584 6.8999 1.5424
v -0.1687 6.881 1.5072
v -0.1582 6.8652 1.5081
v -0.052 6.8851 1.6553
v -0.038 6.86 1.6294
v -0.0198 6.8565 1.6344
v -0.0524 6.8462 1.5955
v -0.0429 6.8396 1.6025
v 0 6.854 1.6405
v 0 6.8809 1.6678
v -0.0267 6.8828 1.6633
v -0.0289 6.8351 1.6014
v -0.0151 6.8304 1.6038
v -0.052 6.831 1.5753
v -0.0429 6.8234 1.577
v 0 6.8268 1.6033
v -0.0266 6.8159 1.5762
v -0.0125 6.811 1.574
v -0.0577 6.8206 1.5522
v -0.0534 6.8064 1.5529
v 0 6.8053 1.5732
v -0.1147 6.8247 1.5118
v -0.1191 6.808 1.5131
v -0.0824 6.8 1.5334
v -0.1394 6.8387 1.5004
v -0.1137 6.836 1.5145
v -0.0983 6.8722 1.6011
v -0.0878 6.8705 1.6079
v -0.1383 6.8643 1.5579
v -0.1217 6.8712 1.5804
v -0.1292 6.8845 1.5809
v -0.1395 6.8588 1.5234
v -0.1458 6.8725 1.5537
v -0.0701 6.8608 1.6082
v -0.0557 6.8528 1.5889
v -0.0575 6.8394 1.5716
v -0.0806 6.813 1.5317
v -0.0629 6.8328 1.551
v -0.0816 6.8281 1.5333
v -0.13 6.8468 1.5104
v -0.1512 6.8558 1.5226
v -0.1545 6.8867 1.5472
v 0 6.9385 1.6798
v -0.0334 6.9424 1.6716
v -0.0295 6.9138 1.674
v -0.1012 6.883 1.6111
v -0.1078 6.8985 1.6121
v -0.136 6.8975 1.5808
v -0.0959 6.9671 1.6192
v -0.159 6.9502 1.5261
v -0.1606 6.9375 1.5347
v -0.1705 6.9265 1.5018
v -0.1694 6.9232 1.5139
v -0.1509 6.8366 1.4881
v -0.2374 6.9129 1.4551
v -0.2881 6.9327 1.4479
v -0.3255 6.8759 1.4218
v -0.0306 6.7987 1.5627
v -0.0139 6.7923 1.5677
v 0 6.7894 1.5627
v -0.1227 6.8527 1.5189
v -0.1263 6.8633 1.5292
v -0.0575 6.8521 1.5634
v -0.0665 6.8417 1.5483
v -0.0834 6.8718 1.5892
v -0.0719 6.8678 1.5885
v -0.1265 6.8671 1.5518
v -0.0601 6.8636 1.5793
v -0.0972 6.87 1.5868
v -0.0818 6.8383 1.535
v -0.1105 6.8754 1.565
v -0.1095 6.8441 1.5203
v 0 6.7716 1.5585
v -0.2454 6.6823 1.4611
v -0.2731 6.6485 1.4294
v -0.2662 6.6353 1.4323
v -0.228 6.5663 1.4363
v -0.2293 6.5555 1.4342
v -0.1889 6.5242 1.465
v -0.0788 6.8862 1.6365
v -0.2484 6.5809 1.4202
v -0.2515 6.573 1.4189
v 0 6.696 1.5973
v 0 6.7216 1.5706
v -0.0177 6.7243 1.5742
v 0 6.7502 1.5635
v -0.0185 6.7749 1.565
v -0.0794 6.8554 1.545
v -0.0881 6.851 1.5367
v -0.1139 6.8699 1.5486
v -0.1014 6.8563 1.5318
v -0.1123 6.8622 1.5318
v -0.118 6.8663 1.536
v -0.0863 6.8735 1.5791
v -0.0805 6.8718 1.5752
v -0.0729 6.8685 1.5694
v -0.0945 6.8736 1.5739
v -0.0718 6.8621 1.5571
v -0.1041 6.8724 1.5641
v -0.0892 6.8736 1.5666
v -0.097 6.8722 1.5567
v -0.082 6.8713 1.5625
v -0.0856 6.8685 1.5537
v -0.105 6.8686 1.5441
v -0.093 6.8636 1.5421
v -0.2605 6.5474 1.4121
v -0.2348 6.5269 1.4279
v -0.1917 6.504 1.4544
v -0.2427 6.6597 1.4614
v -0.2599 6.6281 1.4354
v -0.0409 6.7588 1.5645
v -0.0185 6.7535 1.5689
v -0.2391 6.6458 1.4619
v -0.2343 6.6355 1.4617
v -0.2069 6.6549 1.4962
v -0.2296 6.6289 1.4632
v -0.2025 6.6447 1.4964
v -0.2243 6.6214 1.4612
v -0.2209 6.6155 1.4585
v -0.1906 6.6245 1.4879
v -0.2117 6.6149 1.4488
v -0.1846 6.6147 1.4854
v -0.2073 6.6171 1.4402
v -0.1728 6.6165 1.4685
v -0.2528 6.6087 1.4196
v -0.2589 6.6096 1.4172
v -0.2565 6.6022 1.4118
v -0.2494 6.6089 1.4192
v -0.2528 6.6048 1.4139
v -0.2428 6.6108 1.4115
v -0.2463 6.6094 1.4174
v -0.2464 6.6078 1.4142
v -0.2409 6.6143 1.399
v -0.2439 6.6095 1.4072
v -0.2197 6.5879 1.444
v -0.2379 6.5951 1.4249
v -0.2426 6.5891 1.423
v -0.2174 6.6082 1.4041
v -0.2313 6.6077 1.3948
v -0.2294 6.6068 1.4117
v -0.2538 6.6208 1.4374
v -0.2466 6.6167 1.4373
v -0.2335 6.6131 1.4352
v -0.2273 6.6132 1.4314
v -0.2745 6.6089 1.4133
v -0.2714 6.5934 1.4105
v -0.264 6.5973 1.4128
v -0.2148 6.5957 1.4419
v -0.2339 6.6002 1.4251
v -0.2107 6.6062 1.4261
v -0.2312 6.6041 1.4211
v -0.224 6.5787 1.4421
v -0.0459 6.7328 1.5767
v -0.0719 6.7401 1.5606
v -0.0799 6.7186 1.5853
v -0.1453 6.6894 1.5479
v -0.1782 6.6749 1.5289
v -0.1755 6.6645 1.5267
v -0.1381 6.6581 1.5424
v -0.168 6.647 1.5218
v -0.1626 6.6307 1.5184
v -0.0667 6.7636 1.553
v -0.0604 6.7836 1.5474
v -0.0889 6.7863 1.5351
v -0.1358 6.734 1.528
v -0.1731 6.7153 1.5094
v -0.1787 6.687 1.5235
v -0.0785 6.666 1.5776
v -0.1061 6.6645 1.5641
v -0.1045 6.6418 1.5566
v -0.0806 6.7047 1.588
v -0.1105 6.701 1.5703
v -0.1088 6.6885 1.5729
v -0.0515 6.6581 1.5828
v -0.077 6.6413 1.5657
v -0.0532 6.6957 1.5957
v -0.0803 6.6946 1.5905
v -0.0214 6.6509 1.586
v -0.05 6.6352 1.5722
v -0.023 6.6839 1.5992
v -0.0533 6.684 1.5955
v 0 6.6491 1.5887
v -0.0198 6.6295 1.5775
v 0 6.6826 1.6019
v -0.0233 6.6742 1.5981
v -0.1288 6.6148 1.5361
v -0.1014 6.6133 1.5452
v -0.0761 6.6127 1.5452
v -0.0466 6.6114 1.5488
v 0 6.6297 1.5778
v -0.0215 6.6095 1.5497
v -0.1438 6.7052 1.5442
v -0.0515 6.7093 1.5955
v -0.0224 6.6983 1.5975
v -0.1824 6.5773 1.4785
v -0.1638 6.6063 1.4586
v -0.2117 6.6017 1.437
v -0.1786 6.5903 1.4819
v -0.1865 6.5429 1.4728
v -0.1837 6.5617 1.4765
v -0.1296 6.5135 1.5116
v -0.1277 6.5406 1.5168
v -0.1234 6.5648 1.5253
v -0.1196 6.5797 1.5248
v -0.1151 6.5928 1.5173
v -0.1724 6.5999 1.4789
v -0.0517 6.571 1.5529
v -0.0528 6.5544 1.5535
v -0.0536 6.4841 1.5131
v -0.1311 6.4969 1.4946
v -0.1297 6.475 1.4831
v -0.0571 6.4953 1.5417
v -0.0544 6.5296 1.5489
v -0.0508 6.6011 1.5345
v -0.1107 6.6043 1.517
v -0.196 6.6324 1.4904
v -0.249 6.6067 1.4168
v -0.2391 6.6143 1.4354
v -0.1424 6.6786 1.5485
v 0 6.6712 1.6012
v -0.1044 6.607 1.5077
v -0.1587 6.6097 1.443
v -0.0511 6.5899 1.5419
v -0.0949 6.6198 1.5073
v -0.0734 6.6198 1.5117
v -0.0423 6.6183 1.508
v -0.1094 6.6193 1.5003
v -0.096 6.6069 1.492
v -0.18 6.6042 1.4117
v -0.019 6.6182 1.5076
v 0 6.6149 1.5144
v -0.2419 6.6201 1.3812
v -0.2441 6.612 1.3935
v -0.0181 6.6293 1.5068
v 0 6.6269 1.5109
v -0.206 6.6242 1.4296
v -0.2221 6.6167 1.4227
v -0.0932 6.6295 1.4988
v -0.0726 6.6296 1.5043
v -0.2395 6.606 1.3714
v -0.1087 6.5914 1.4663
v -0.1714 6.5851 1.3907
v -0.0432 6.629 1.5065
v -0.0508 6.6061 1.5312
v -0.2122 6.6045 1.388
v -0.1085 6.629 1.4911
v -0.1667 6.6268 1.4544
v -0.0156 6.6555 1.5042
v 0 6.6497 1.507
v -0.0641 6.6646 1.4964
v -0.0386 6.661 1.5013
v -0.0552 6.6022 1.5105
v -0.1004 6.6617 1.4764
v -0.0863 6.6632 1.4847
v -0.2293 6.59 1.3595
v -0.1935 6.6473 1.4142
v -0.2188 6.6233 1.4103
v -0.1564 6.653 1.4395
v -0.1658 6.5508 1.3916
v -0.2008 6.5821 1.3712
v -0.2469 6.6278 1.3634
v -0.2496 6.615 1.3739
v -0.1979 6.5513 1.3674
v -0.2483 6.6469 1.3563
v -0.256 6.6169 1.3576
v -0.0153 6.7031 1.5052
v 0 6.6996 1.5078
v -0.0613 6.7079 1.4968
v -0.037 6.7051 1.5031
v -0.1158 6.5529 1.4541
v -0.0638 6.5879 1.4881
v -0.0963 6.7072 1.4758
v -0.0826 6.7088 1.4842
v -0.2287 6.5644 1.3518
v -0.1866 6.6875 1.4128
v -0.2095 6.6433 1.3952
v -0.1537 6.6972 1.4363
v -0.1181 6.5138 1.4418
v -0.1605 6.521 1.3876
v -0.1598 6.4756 1.3583
v -0.195 6.5272 1.3617
v -0.2529 6.6678 1.3467
v -0.2608 6.6206 1.3457
v -0.015 6.747 1.4997
v 0 6.7438 1.4999
v -0.0583 6.7531 1.4915
v -0.0355 6.7511 1.4972
v -0.0618 6.5454 1.4851
v -0.0922 6.7507 1.4718
v -0.0785 6.7523 1.4802
v -0.2283 6.5462 1.3437
v -0.1817 6.7275 1.4092
v -0.2064 6.6797 1.3937
v -0.1462 6.736 1.4338
v -0.0824 6.238 0.6836
v 0 6.2249 0.6917
v 0 6.3045 0.6199
v -0.182 6.7751 1.3917
v -0.2044 6.7166 1.3895
v -0.1482 6.79 1.4128
v -0.0741 6.4084 1.021
v 0 6.3912 1.0281
v -0.0787 6.8088 1.4566
v -0.0576 6.8087 1.4671
v -0.1245 6.4617 1.3916
v -0.1239 6.4239 1.3224
v -0.1707 6.4336 1.2949
v -0.1967 6.4905 1.3374
v -0.0629 6.395 1.1847
v -0.265 6.694 1.3273
v -0.2661 6.6258 1.334
v -0.0139 6.7987 1.473
v 0 6.7929 1.4682
v 0 6.3689 1.1989
v -0.0609 6.4006 1.3471
v -0.0325 6.8049 1.4722
v -0.0588 6.5076 1.4783
v -0.0928 6.8064 1.4486
v -0.2324 6.5199 1.32
v -0.0117 6.8728 1.3849
v 0 6.8644 1.3795
v -0.0453 6.4514 1.4311
v 0 6.4527 1.4237
v -0.0589 6.8865 1.3799
v -0.0341 6.8815 1.3839
v -0.1008 6.8816 1.3669
v -0.0864 6.8853 1.3723
v -0.2526 6.499 1.2673
v -0.1958 6.8384 1.3303
v -0.2082 6.7604 1.373
v -0.1605 6.8586 1.3405
v 0 6.5078 1.4967
v -0.1914 6.4407 1.1698
v -0.211 6.4574 1.2795
v 0 6.5366 1.506
v -0.2915 6.7249 1.2797
v -0.2779 6.6315 1.3127
v -0.2319 6.4651 1.1622
v 0 6.5769 1.4964
v -0.3168 6.7538 1.1754
v -0.3041 6.6441 1.2665
v -0.0131 6.9423 1.24
v 0 6.9294 1.2385
v 0 6.6025 1.5086
v -0.067 6.9602 1.2344
v -0.0399 6.954 1.2373
v -0.1384 6.4141 1.1784
v -0.1108 6.9531 1.2282
v -0.0955 6.9582 1.2311
v -0.2722 6.4891 1.1623
v -0.2107 6.8989 1.2153
v -0.2273 6.8172 1.3175
v -0.1826 6.9165 1.2171
v 0 6.6057 1.5271
v -0.1495 6.4225 1.0159
v -0.1707 6.2753 0.7114
v -0.2452 6.3224 0.7469
v -0.2122 6.4361 1.009
v -0.2528 6.4658 1.0062
v 0 6.6014 1.5396
v -0.3579 6.7824 1.0112
v -0.3265 6.659 1.1653
v -0.0145 6.9713 1.038
v 0 6.9572 1.0474
v 0 6.5885 1.5512
v -0.0861 6.9937 1.0308
v -0.0501 6.9853 1.0334
v -0.1556 6.9802 1.0279
v -0.1223 6.9938 1.0301
v -0.2959 6.489 1.0158
v -0.2536 6.9334 1.0263
v -0.2453 6.8739 1.2113
v -0.2237 6.9525 1.0268
v 0 6.5736 1.5593
v -0.016 6.9401 0.8449
v 0 6.9265 0.8525
v 0 6.5563 1.5657
v -0.0834 6.9559 0.8306
v -0.0501 6.95 0.8341
v -0.148 6.941 0.8298
v -0.1179 6.9555 0.8294
v -0.298 6.4903 0.8227
v -0.2481 6.8989 0.8262
v -0.2892 6.9064 1.0237
v -0.2153 6.9194 0.8276
v 0 6.5271 1.5616
v -0.1129 6.3387 0.6082
v -0.1663 6.3775 0.61
v -0.2775 6.3915 0.8046
v 0 6.4885 1.5565
v -0.3602 6.7525 0.8097
v -0.3636 6.6746 1.0023
v -0.2162 6.8013 0.656
v -0.2866 6.8691 0.823
v -0.1812 6.8158 0.661
v -0.0933 6.8406 0.6676
v -0.0687 6.8409 0.6685
v -0.2076 6.4366 0.603
v -0.3223 6.7 0.633
v -0.3507 6.6645 0.8067
v -0.0169 6.8296 0.6777
v 0 6.8243 0.6889
v -0.0378 6.8363 0.6715
v -0.1199 6.8306 0.6701
v -0.215 6.5227 0.6022
v -0.1665 6.5672 0.5695
v -0.0824 6.5298 0.5788
v -0.1233 6.5326 0.5696
v -0.0649 6.3166 0.6148
v 0 6.5256 0.5873
v -0.1512 6.6758 0.5712
v -0.2557 6.7802 0.6489
v -0.1411 6.6967 0.5686
v -0.146 6.8211 0.6726
v -0.1497 6.5491 0.5734
v -0.2283 6.6487 0.5602
v -0.3085 6.644 0.6113
v -0.0174 6.684 0.5875
v 0 6.6804 0.589
v -0.0521 6.7037 0.5692
v -0.0315 6.701 0.5711
v -0.0445 6.5182 0.5744
v -0.0904 6.688 0.5716
v -0.0733 6.6881 0.5722
v -0.1141 6.7036 0.5674
v -0.2794 7.8928 1.3867
v -0.1623 7.8373 1.4528
v -0.0537 6.4311 1.4834
v -0.0534 6.4615 1.5001
v -0.3065 6.6044 1.397
v -0.3026 6.5761 1.3928
v -0.2886 6.5836 1.4023
v -0.2693 6.5259 1.4039
v -0.2374 6.5013 1.4219
v -0.2668 6.6089 1.4153
v -0.1923 6.4724 1.4401
v -0.0638 6.168 1.341
v -0.1443 6.1869 1.3181
v -0.1377 6.1857 1.2578
v -0.4745 6.4321 0.9384
v -0.5005 6.4694 0.9891
v -0.5378 6.5262 0.9089
v -0.4489 6.4929 0.5913
v -0.4884 6.5532 0.6252
v -0.5059 6.6051 0.5364
v -0.4069 6.3838 0.5431
v -0.4674 6.5281 0.5065
v -0.4071 6.248 0.4841
v -0.4411 6.4271 0.4679
v -0.4192 6.0961 0.412
v -0.4329 6.2985 0.4171
v -0.4582 5.9302 0.3306
v -0.4327 6.1222 0.3386
v -0.5318 5.7939 0.2605
v -0.4828 5.9669 0.2557
v -0.3857 6.3902 0.7128
v -0.431 6.433 0.7762
v -0.4631 6.4903 0.7063
v -0.3416 6.3137 0.6373
v -0.4192 6.434 0.6585
v -0.3353 6.1829 0.5737
v -0.3742 6.3577 0.586
v -0.3704 6.0409 0.5352
v -0.3792 6.2132 0.5413
v -0.4082 5.894 0.4662
v -0.3945 6.0668 0.4781
v -0.4802 5.7613 0.3913
v -0.4395 5.9111 0.4017
v -0.5123 6.4917 0.8663
v -0.5796 6.6127 0.8261
v -0.131 6.1866 1.1871
v -0.1238 6.1969 1.0977
v -0.0562 6.1744 1.1324
v -0.1103 6.1937 0.9846
v -0.052 6.1791 1.011
v -0.0815 6.1726 0.8335
v -0.0378 6.1645 0.8488
v -0.0653 6.0764 0.7335
v -0.0286 6.0729 0.7447
v -0.1589 5.9601 0.6541
v -0.1142 5.9453 0.6813
v -0.1098 6.0787 0.7234
v -0.0918 5.7879 0.6854
v -0.0733 5.9356 0.699
v -0.0339 5.9333 0.7084
v -0.0466 5.7833 0.6895
v -0.1924 5.8107 0.657
v -0.1375 5.8042 0.6658
v -0.1157 5.6458 0.6922
v -0.0575 5.631 0.6954
v -0.1529 6.0866 0.7036
v -0.1765 6.1908 0.7831
v -0.2164 6.2046 0.7584
v 0 5.7815 0.6917
v -0.2462 5.6667 0.6785
v -0.1805 5.6504 0.7008
v -0.4484 5.735 0.4631
v -0.3735 5.8714 0.5245
v -0.3305 6.0164 0.5724
v 0 6.1615 0.8517
v -0.4429 6.388 1.0012
v -0.4581 6.4145 1.0499
v -0.5021 5.773 0.3338
v -0.4881 6.5739 0.3906
v -0.4675 6.478 0.3607
v -0.4962 6.0001 0.178
v -0.5744 5.8344 0.1046
v -0.4482 6.1629 0.2527
v -0.4483 6.3518 0.3248
v -0.4861 6.6045 0.2563
v -0.4668 6.5086 0.234
v -0.4985 6.0347 0.0924
v -0.5903 5.8862 0.0187
v -0.4445 6.3874 0.2129
v -0.4614 6.211 0.1545
v -0.4612 6.6199 0.1174
v -0.4501 6.529 0.1027
v -0.4897 6.0744 -0.0012
v -0.566 5.9191 -0.0638
v -0.4497 6.413 0.084
v -0.459 6.2487 0.0492
v -0.4265 6.63 -0.0071
v -0.4218 6.5468 -0.0134
v -0.446 6.103 -0.0847
v -0.5111 5.9424 -0.1489
v -0.4175 6.4332 -0.0252
v -0.4217 6.2819 -0.0458
v -0.3563 6.6424 -0.0856
v -0.3475 6.5616 -0.085
v -0.3453 6.106 -0.1438
v -0.4087 5.9524 -0.207
v -0.3433 6.448 -0.0888
v -0.3438 6.2916 -0.1052
v -0.2494 6.6588 -0.1257
v -0.2393 6.5778 -0.1141
v -0.2494 6.1072 -0.168
v -0.3024 5.9559 -0.2392
v -0.2339 6.4691 -0.1099
v -0.2362 6.3079 -0.1234
v -0.054 6.685 -0.1354
v 0 6.6897 -0.1335
v 0 6.6028 -0.1097
v -0.0683 6.112 -0.1649
v 0 6.1063 -0.1395
v 0 5.9416 -0.2341
v -0.049 6.6005 -0.1164
v 0 6.4862 -0.0875
v -0.0461 6.4865 -0.0951
v 0 6.3199 -0.0989
v -0.0475 6.3253 -0.1061
v -0.4048 8.011 -0.2012
v -0.4443 8.2145 0.0034
v -0.3043 8.2673 -0.0299
v -0.279 8.0499 -0.2402
v -0.1696 8.2975 -0.045
v -0.5987 7.847 -0.0197
v -0.6387 7.9999 0.1434
v -0.5408 8.1168 0.0604
v -0.7314 7.5409 0.2698
v -0.7466 7.6047 0.3576
v -0.7313 7.7319 0.2937
v -0.5124 7.9446 -0.1382
v -0.7087 7.6416 0.1815
v -0.6888 7.8574 0.2221
v -0.6944 7.0747 0.831
v -0.6963 7.1793 0.8429
v -0.7011 7.1751 0.793
v -0.6875 7.2891 0.8658
v -0.6964 7.2945 0.8158
v -0.7073 7.9778 0.5941
v -0.7067 7.9505 0.4073
v -0.7443 7.7993 0.4428
v -0.6824 6.973 0.8292
v -0.6982 7.0655 0.7778
v -0.5529 7.0052 0.1373
v -0.5724 7.1039 0.1115
v -0.5306 7.1107 0.0056
v -0.6848 7.4204 0.8579
v -0.6385 8.1058 0.3765
v -0.6326 8.142 0.6218
v -0.4702 7.121 -0.101
v -0.4538 7.0034 -0.073
v -0.5537 6.5792 0.9688
v -0.5981 6.6629 0.8951
v -0.5103 6.6522 0.4254
v -0.5104 6.698 0.2849
v -0.4767 6.6956 0.1223
v -0.4283 6.6982 -0.0024
v -0.35 6.7098 -0.0919
v -0.5278 7.0229 1.2994
v -0.4954 7.0618 1.3262
v -0.5352 7.0969 1.2808
v -0.4784 7.2394 1.3125
v -0.4629 7.1764 1.3244
v -0.486 7.1506 1.3137
v -0.5223 7.2117 1.2758
v -0.5093 7.1826 1.2903
v -0.4867 7.2021 1.3059
v -0.4706 7.0947 1.3384
v -0.4495 7.126 1.3467
v -0.4751 7.3375 1.3299
v -0.1299 7.2378 1.416
v -0.5527 6.5791 0.7813
v -0.6364 6.7219 0.7674
v -0.6339 6.7604 0.8453
v 0 6.0719 0.7456
v 0 5.9307 0.7103
v 0 5.6374 0.6974
v -0.0649 6.1747 1.3653
v -0.2231 6.2312 1.3031
v -0.2907 6.2829 1.2487
v -0.2946 6.2688 1.2118
v -0.292 6.2577 1.1631
v -0.2158 6.2152 1.217
v -0.2224 6.2224 1.2696
v -0.3553 6.3161 1.156
v -0.3558 6.2998 1.1108
v -0.3135 6.2867 0.9835
v -0.2707 6.2766 0.8815
v -0.2275 6.2524 0.9168
v -0.1323 6.1799 0.8137
v -0.2482 5.8235 0.637
v -0.3113 5.674 0.6503
v -0.2048 5.9697 0.636
v -0.1924 6.1019 0.6761
v -0.2619 6.2578 1.0239
v -0.172 6.2211 0.9528
v -0.2808 6.2539 1.1008
v -0.2054 6.2166 1.1502
v -0.339 6.2914 1.0529
v -0.4562 6.4483 1.1001
v -0.5091 6.5107 1.0424
v -0.3297 6.3282 0.8026
v -0.3749 6.3561 0.8903
v -0.4001 6.3906 0.8362
v -0.2934 6.156 0.5989
v -0.2936 5.9969 0.5964
v -0.3469 5.8516 0.5834
v -0.4031 5.7128 0.5228
v -0.4398 6.4127 0.8904
v -0.4738 6.464 0.8222
v -0.5394 6.6144 0.6584
v -0.5406 6.6689 0.5704
v -0.4087 6.371 0.9502
v -0.5099 6.5342 0.7426
v -0.5362 6.7157 0.4753
v -0.729 7.4505 0.3421
v -0.7402 7.5018 0.4165
v -0.7278 7.3739 0.3993
v -0.7329 7.4072 0.4543
v -0.6924 6.9527 0.7108
v -0.6871 6.9589 0.7678
v -0.1497 8.0686 -0.2535
v 0 8.3209 -0.0432
v -0.6615 7.7449 0.0846
v -0.6072 6.7005 0.6967
v -0.6663 6.8461 0.7629
v -0.5283 7.5315 -0.1531
v -0.5616 7.6829 -0.1067
v -0.4796 7.7443 -0.2261
v -0.5402 6.7637 0.3836
v -0.0579 6.8029 -0.1661
v 0 6.8046 -0.1684
v 0 6.7598 -0.1515
v -0.1627 6.9047 -0.2003
v -0.1794 6.9939 -0.2456
v -0.0762 6.991 -0.2536
v -0.2706 6.9041 -0.1804
v -0.2851 6.9941 -0.2139
v -0.3541 6.768 -0.0985
v -0.2592 6.7787 -0.1467
v -0.2538 6.7217 -0.133
v -0.4363 6.7613 -0.0135
v -0.4852 6.7613 0.1028
v -0.519 6.7708 0.2394
v -0.1479 6.6761 -0.1324
v -0.5546 7.2321 -0.0295
v -0.491 7.2498 -0.1348
v -0.102 7.1154 -0.3205
v -0.1159 7.2609 -0.3713
v 0 7.2663 -0.3791
v -0.6032 7.2125 0.0747
v -0.3952 7.1288 -0.1905
v -0.4148 7.2647 -0.2306
v -0.3265 7.2684 -0.3031
v -0.6092 7.0964 0.197
v -0.6409 7.1844 0.1729
v -0.6705 7.3175 0.1632
v -0.692 7.4 0.1884
v -0.6513 7.4431 0.0729
v -0.5082 7.3928 -0.1662
v -0.4468 7.5647 -0.2584
v -0.5759 7.3667 -0.0559
v -0.5991 7.4904 -0.0452
v -0.1142 7.4354 -0.3882
v -0.126 7.6282 -0.3872
v 0 7.6357 -0.391
v -0.6288 7.3377 0.0561
v -0.4284 7.4129 -0.2642
v -0.3544 7.5913 -0.3295
v -0.7104 7.472 0.2224
v -0.6301 7.6164 0.0013
v -0.1389 7.8254 -0.3578
v 0 8.0801 -0.2604
v -0.6808 7.5439 0.1073
v -0.1196 8.3974 0.9698
v 0 8.4104 0.9715
v 0 8.4913 0.6961
v -0.5129 8.2441 0.8799
v -0.3856 8.3294 0.924
v -0.5406 7.8719 1.1777
v -0.4233 7.9395 1.2634
v -0.4425 8.0225 1.195
v -0.6467 7.8305 1.0103
v -0.6872 7.7052 0.9211
v -0.2708 8.4542 0.6879
v -0.3019 8.4243 0.3057
v -0.4362 8.3577 0.3138
v -0.3779 7.0057 -0.157
v -0.3079 7.1256 -0.2593
v -0.0627 7.9172 1.4416
v -0.0614 7.8478 1.4683
v 0 7.8495 1.4727
v -0.297 7.9828 1.3317
v -0.1569 7.9109 1.429
v -0.6613 7.8798 0.9444
v -0.5609 7.9428 1.1079
v -0.7051 7.7485 0.8607
v -0.209 7.1192 -0.305
v -0.7306 7.8074 0.6939
v -0.692 7.9616 0.7468
v -0.6182 8.1187 0.8167
v -0.5759 8.0001 1.0417
v -0.055 6.166 1.2186
v -0.1967 6.2261 1.0632
v -0.5729 6.7387 0.6068
v -0.5636 6.7716 0.5163
v -0.5637 6.8145 0.4445
v -0.5466 6.8114 0.3331
v -0.6253 7.0908 0.2769
v -0.6503 7.1656 0.2646
v -0.6826 7.2912 0.2601
v -0.7026 7.3519 0.2862
v -0.7175 7.408 0.3081
v -0.6769 7.9237 0.864
v -0.5975 8.0607 0.9572
v -0.7222 7.7849 0.7886
v 0 7.1164 -0.3296
v -0.4851 8.1678 1.0415
v -0.0796 8.2067 1.2477
v -0.0651 8.1239 1.3146
v 0 8.1256 1.3205
v -0.1372 6.477 -0.1098
v 0 8.4777 0.3158
v -0.1747 8.4575 0.3073
v -0.5698 6.9348 0.2576
v -0.5867 6.9589 0.3259
v -0.6041 7.0198 0.3002
v -0.2386 8.3787 0.9608
v -0.3535 8.2339 1.102
v -0.247 7.5533 1.4692
v -0.0616 8.0101 1.3911
v 0 8.0143 1.3948
v -0.2265 7.2627 -0.3541
v -0.1409 6.5933 -0.118
v -0.2621 7.813 -0.3436
v -0.0941 8.2749 1.1621
v 0 8.2895 1.1671
v -0.1587 6.1154 -0.1927
v -0.09 5.9493 -0.2313
v -0.2278 7.4298 -0.3715
v -0.2429 7.6127 -0.3705
v -0.0559 6.7532 -0.1475
v -0.1387 6.3132 -0.1207
v -0.1519 8.4771 0.6926
v -0.4583 8.0922 1.1298
v -0.3301 8.1536 1.1938
v -0.1292 6.4472 1.4675
v 0 6.4583 1.5032
v 0 6.4303 1.4908
v 0 6.1687 1.0302
v 0 6.1645 1.1405
v 0 6.1555 1.2306
v 0 6.1588 1.2949
v -0.059 6.1675 1.2867
v 0 6.1614 1.3455
v -0.1618 7.1705 1.4211
v -0.1505 7.1544 1.4326
v -0.1176 7.185 1.4415
v -0.3489 6.3506 1.2285
v -0.3521 6.3342 1.1948
v -0.2882 6.2966 1.276
v -0.2223 6.2432 1.3276
v -0.1472 6.1926 1.3453
v -0.1479 6.2047 1.3714
v -0.1592 6.9636 1.5117
v -0.2751 6.2464 0.6972
v -0.3554 6.3525 0.7607
v -0.3058 6.271 0.6628
v -0.6488 7.0933 0.34
v -0.6917 7.2526 0.3318
v -0.7068 7.3033 0.3482
v -0.1703 8.1089 1.3046
v -0.1595 7.9979 1.3813
v -0.3127 8.0778 1.265
v -0.1519 6.7401 -0.1436
v -0.2057 8.2615 1.147
v -0.379 7.7872 -0.2993
v -0.191 5.9516 -0.233
v -0.336 7.4254 -0.3279
v -0.1848 8.1866 1.2343
v -0.349 7.3309 1.3983
v -0.3487 7.3318 1.389
v -0.3114 7.3316 1.3973
v -0.4343 7.3011 1.3614
v -0.4337 7.3008 1.3734
v -0.4385 7.2937 1.3653
v -0.4287 7.3075 1.3664
v -0.4279 7.3066 1.3788
v -0.4104 7.3179 1.3778
v -0.4099 7.3169 1.3895
v -0.3833 7.325 1.39
v -0.3835 7.3242 1.4009
v -0.2723 7.3235 1.4007
v -0.197 7.2598 1.3673
v -0.1846 7.2588 1.3761
v -0.2018 7.2875 1.3795
v -0.2139 7.2883 1.3724
v -0.2087 7.2812 1.3697
v -0.1851 7.2669 1.3746
v -0.2244 7.2529 1.3785
v -0.2218 7.252 1.3842
v -0.21 7.2549 1.3795
v -0.1847 7.274 1.3768
v -0.276 7.2434 1.3936
v -0.276 7.2434 1.3986
v -0.241 7.2478 1.3915
v -0.3114 7.2398 1.3999
v -0.3109 7.2395 1.4046
v -0.2116 7.2952 1.3827
v -0.2353 7.3097 1.3898
v -0.4071 7.2569 1.3739
v -0.4086 7.257 1.3768
v -0.3865 7.2481 1.3873
v -0.4296 7.2711 1.3557
v -0.4295 7.2712 1.3613
v -0.4249 7.2677 1.3656
v -0.4377 7.2824 1.3492
v -0.4367 7.2823 1.355
v -0.4336 7.2755 1.3562
v -0.4394 7.2875 1.3509
v -0.4394 7.2874 1.358
v -0.4385 7.293 1.3556
v -0.3103 7.2467 1.3611
v -0.3109 7.2415 1.3928
v -0.276 7.2442 1.3879
v -0.4017 7.2566 1.3362
v -0.4009 7.2578 1.3647
v -0.3807 7.2493 1.3752
v -0.4322 7.2943 1.3154
v -0.434 7.2931 1.3409
v -0.435 7.2875 1.3389
v -0.3508 7.3255 1.3617
v -0.3806 7.3248 1.376
v -0.2178 7.2988 1.348
v -0.2194 7.2952 1.3751
v -0.2353 7.3097 1.3848
v -0.2774 7.2487 1.3573
v -0.2438 7.2496 1.38
v -0.4335 7.2877 1.3109
v -0.4342 7.283 1.3386
v -0.3846 7.3209 1.3522
v -0.4067 7.3159 1.3602
v -0.2146 7.2904 1.3461
v -0.2096 7.2827 1.3462
v -0.2293 7.256 1.3435
v -0.227 7.2537 1.3727
v -0.2178 7.2571 1.3676
v -0.4338 7.2816 1.3081
v -0.4316 7.275 1.3412
v -0.4066 7.317 1.3399
v -0.4238 7.3088 1.3476
v -0.2048 7.2754 1.3457
v -0.203 7.2751 1.369
v -0.43 7.2715 1.3132
v -0.4267 7.2712 1.3461
v -0.4202 7.2676 1.3512
v -0.4217 7.3084 1.3277
v -0.4297 7.3006 1.3437
v -0.2036 7.2715 1.3456
v -0.203 7.2683 1.3675
v -0.2706 7.3184 1.3657
v -0.272 7.3243 1.396
v -0.428 7.3019 1.3218
v -0.3141 7.325 1.368
v -0.2081 7.265 1.3445
v -0.2108 7.2625 1.366
v -0.2354 7.3088 1.3574
v -0.2253 7.3443 1.362
v -0.3018 7.1882 1.3688
v -0.42 7.222 1.337
v -0.3807 7.2519 1.3462
v -0.4476 7.3071 1.3146
v -0.3512 7.3748 1.3641
v -0.2005 7.3228 1.3508
v -0.2597 7.1949 1.3643
v -0.2404 7.2546 1.3471
v -0.4513 7.2931 1.3105
v -0.3865 7.3654 1.3528
v -0.1867 7.3036 1.3411
v -0.1794 7.2874 1.3326
v -0.2123 7.2149 1.3478
v -0.2222 7.2575 1.3421
v -0.4524 7.2794 1.3089
v -0.4347 7.2768 1.3077
v -0.4121 7.3522 1.3403
v -0.1765 7.2731 1.3271
v -0.4466 7.2544 1.3149
v -0.4254 7.2662 1.3187
v -0.4298 7.3367 1.329
v -0.1776 7.2597 1.3273
v -0.2632 7.364 1.3704
v -0.4407 7.3218 1.3209
v -0.3087 7.3751 1.371
v -0.1838 7.2438 1.3313
v -0.1645 7.254 1.3036
v -0.2545 7.4005 1.3335
v -0.4504 7.337 1.2885
v -0.3512 7.4102 1.3266
v -0.3044 7.4128 1.3329
v -0.1717 7.2316 1.3033
v -0.2124 7.375 1.3279
v -0.3007 7.1498 1.3276
v -0.4325 7.2013 1.2981
v -0.3939 7.205 1.3506
v -0.4582 7.3174 1.2822
v -0.1849 7.3449 1.3192
v -0.2524 7.16 1.3247
v -0.2294 7.2057 1.3554
v -0.4623 7.2984 1.278
v -0.3895 7.3968 1.3171
v -0.1703 7.3172 1.3112
v -0.164 7.2937 1.3074
v -0.2021 7.1897 1.3131
v -0.1983 7.2262 1.3405
v -0.4634 7.2793 1.2764
v -0.451 7.2665 1.31
v -0.418 7.378 1.3066
v -0.1625 7.2735 1.3056
v -0.4576 7.2448 1.281
v -0.4383 7.2406 1.3229
v -0.4377 7.3573 1.2966
v -0.3484 7.4299 1.2864
v -0.1768 7.3603 1.2838
v -0.2495 7.1417 1.2827
v -0.2209 7.1755 1.3185
v -0.466 7.3021 1.2474
v -0.3879 7.4151 1.2797
v -0.1612 7.3275 1.2792
v -0.1547 7.2993 1.2757
v -0.198 7.1752 1.2775
v -0.1864 7.2069 1.3081
v -0.4672 7.2793 1.2456
v -0.4617 7.2611 1.2775
v -0.4177 7.3942 1.2718
v -0.1536 7.2749 1.2735
v -0.4608 7.2386 1.248
v -0.4495 7.2261 1.2875
v -0.4388 7.371 1.2639
v -0.1564 7.2515 1.2725
v -0.2496 7.4215 1.2916
v -0.4527 7.3476 1.257
v -0.3004 7.4336 1.2908
v -0.1647 7.2245 1.2732
v -0.206 7.3944 1.2887
v -0.2991 7.1301 1.2827
v -0.436 7.19 1.259
v -0.4042 7.1763 1.31
v -0.4614 7.3248 1.2513
v -0.3444 7.437 1.2547
v -0.2975 7.4404 1.2575
v -0.1627 7.2217 1.2492
v -0.2055 7.4024 1.2571
v -0.2976 7.125 1.2478
v -0.434 7.1866 1.2293
v -0.4069 7.1613 1.2678
v -0.4598 7.329 1.2278
v -0.1758 7.3684 1.2551
v -0.2489 7.1364 1.2502
v -0.2176 7.159 1.2801
v -0.4648 7.3044 1.2243
v -0.3837 7.4225 1.25
v -0.1591 7.3342 1.2531
v -0.1518 7.3037 1.2515
v -0.198 7.1698 1.2499
v -0.1809 7.1953 1.2753
v -0.466 7.2795 1.2223
v -0.4652 7.2575 1.2459
v -0.4139 7.4016 1.2443
v -0.1505 7.2769 1.2503
v -0.459 7.2362 1.2229
v -0.4528 7.2176 1.252
v -0.4357 7.3779 1.2382
v -0.1536 7.2511 1.2495
v -0.2482 7.4286 1.2583
v -0.4505 7.3534 1.2326
v -0.4312 7.3809 1.2183
v -0.4563 7.3314 1.2101
v -0.4616 7.3061 1.2068
v -0.4637 7.2561 1.2219
v -0.4603 7.2565 1.2039
v -0.1629 7.2219 1.23
v -0.4508 7.2147 1.2251
v -0.4472 7.2153 1.2048
v -0.405 7.1572 1.2352
v -0.4017 7.1585 1.2103
v -0.2484 7.1373 1.2256
v -0.3403 7.4379 1.23
v -0.2176 7.1535 1.2503
v -0.218 7.1537 1.2277
v -0.2481 7.4292 1.2327
v -0.2073 7.4045 1.2328
v -0.1505 7.2794 1.2317
v -0.1605 7.3385 1.2324
v -0.1524 7.3074 1.2321
v -0.1987 7.1696 1.2286
v -0.1801 7.1906 1.2494
v -0.1779 7.3721 1.2326
v -0.2951 7.4406 1.2319
v -0.409 7.4043 1.2228
v -0.4305 7.1877 1.2068
v -0.4254 7.3817 1.1998
v -0.403 7.4044 1.2029
v -0.1642 7.3413 1.2128
v -0.1552 7.3105 1.2136
v -0.1819 7.3733 1.212
v -0.1999 7.1726 1.2087
v -0.2186 7.1574 1.2067
v -0.248 7.1419 1.2028
v -0.294 7.1317 1.1969
v -0.2488 7.4262 1.2097
v -0.2102 7.4033 1.211
v -0.4554 7.2583 1.187
v -0.4579 7.2821 1.1881
v -0.3788 7.4244 1.2269
v -0.3733 7.4232 1.2057
v -0.3362 7.4354 1.2077
v -0.4555 7.2365 1.204
v -0.4505 7.2388 1.1864
v -0.4465 7.3563 1.214
v -0.4411 7.3577 1.1967
v -0.2931 7.4373 1.2087
v -0.1527 7.2822 1.214
v -0.1553 7.2548 1.2134
v -0.3971 7.1631 1.1875
v -0.4256 7.1916 1.186
v -0.4511 7.3332 1.1935
v -0.1536 7.2523 1.2311
v -0.1645 7.2244 1.2117
v -0.4566 7.3079 1.1905
v -0.4422 7.2184 1.186
v -0.4628 7.2804 1.2047
v -0.4425 7.243 1.1669
v -0.4472 7.2614 1.1679
v -0.433 7.3573 1.1774
v -0.4173 7.3801 1.1792
v -0.2506 7.4194 1.1859
v -0.2148 7.3988 1.188
v -0.1599 7.2586 1.1929
v -0.1688 7.2291 1.1905
v -0.1578 7.2851 1.1935
v -0.3899 7.1715 1.1637
v -0.4178 7.1986 1.1637
v -0.443 7.3341 1.1749
v -0.332 7.429 1.1846
v -0.2919 7.4299 1.1848
v -0.1611 7.3126 1.1924
v -0.2207 7.1648 1.1835
v -0.2488 7.1508 1.1782
v -0.4483 7.3098 1.1717
v -0.1708 7.3423 1.191
v -0.1883 7.372 1.1898
v -0.4343 7.2238 1.1654
v -0.4495 7.2845 1.1691
v -0.395 7.4014 1.1813
v -0.3666 7.4185 1.1834
v -0.2028 7.1788 1.1864
v -0.2927 7.1419 1.1714
v -0.1699 7.288 1.1655
v -0.1715 7.2638 1.1649
v -0.3784 7.1864 1.1373
v -0.4041 7.2103 1.1382
v -0.4284 7.3326 1.1505
v -0.4192 7.3533 1.1525
v -0.3278 7.4157 1.1573
v -0.2925 7.4158 1.1569
v -0.174 7.3133 1.1641
v -0.2277 7.1783 1.1548
v -0.2537 7.1668 1.1491
v -0.4329 7.3104 1.1473
v -0.184 7.3404 1.1626
v -0.2004 7.3665 1.1618
v -0.4199 7.2324 1.1408
v -0.4339 7.287 1.1448
v -0.3834 7.3924 1.1548
v -0.358 7.4072 1.1566
v -0.2241 7.3892 1.1601
v -0.2112 7.1904 1.158
v -0.2931 7.1602 1.1428
v -0.432 7.2658 1.1438
v -0.4042 7.3734 1.1534
v -0.2558 7.4065 1.1577
v -0.4278 7.2493 1.1429
v -0.1799 7.2367 1.162
v -0.3434 7.2524 1.0903
v -0.3918 7.2447 1.1125
v -0.379 7.2281 1.1108
v -0.3983 7.2578 1.1136
v -0.3455 7.2619 1.0892
v -0.3452 7.2735 1.088
v -0.2454 7.3704 1.1258
v -0.2835 7.3492 1.1001
v -0.2757 7.3384 1.0971
v -0.3352 7.3399 1.0963
v -0.3796 7.358 1.1216
v -0.3917 7.3422 1.1205
v -0.2971 7.19 1.1141
v -0.3037 7.2178 1.0975
v -0.3237 7.2209 1.0968
v -0.3289 7.35 1.0997
v -0.2679 7.1944 1.117
v -0.3378 7.2421 1.0915
v -0.3595 7.2101 1.1106
v -0.2934 7.3575 1.1028
v -0.2694 7.3828 1.1252
v -0.2965 7.3902 1.1257
v -0.3403 7.3284 1.0933
v -0.3989 7.3257 1.1187
v -0.3174 7.3651 1.1066
v -0.3232 7.3906 1.1264
v -0.3447 7.384 1.1251
v -0.2758 7.2491 1.0906
v -0.2221 7.2258 1.1221
v -0.2091 7.2488 1.1234
v -0.2947 7.2247 1.0952
v -0.2475 7.2023 1.12
v -0.2684 7.2645 1.0897
v -0.2016 7.2709 1.1257
v -0.402 7.3077 1.1162
v -0.3441 7.3018 1.0885
v -0.3431 7.3156 1.0906
v -0.2816 7.2391 1.092
v -0.2344 7.2114 1.1216
v -0.3025 7.3647 1.1062
v -0.4026 7.2886 1.1143
v -0.2869 7.2318 1.0935
v -0.2638 7.2802 1.0899
v -0.2005 7.2908 1.1264
v -0.2137 7.3333 1.1254
v -0.2699 7.325 1.0941
v -0.2654 7.3101 1.0918
v -0.4014 7.2713 1.1138
v -0.3446 7.2873 1.0876
v -0.2269 7.3536 1.1259
v -0.3306 7.2311 1.0938
v -0.3329 7.1955 1.1119
v -0.263 7.2951 1.0906
v -0.2047 7.3115 1.1257
v -0.5599 7.1351 1.2453
v -0.5864 7.1073 1.2137
v -0.563 7.0636 1.2505
v -0.6656 6.8737 0.831
v -0.6705 6.8377 0.6827
v -0.6525 6.8231 0.5952
v -0.5333 7.1598 1.2713
v -0.508 7.1263 1.3006
v -0.4668 7.2202 1.3182
v -0.433 7.217 1.3521
v -0.4422 7.2435 1.3469
v -0.4313 7.2544 1.3572
v -0.425 7.2618 1.3647
v -1.1458 5.6281 0.3861
v -1.4854 5.7009 0.4304
v -1.4147 5.629 0.5973
v -1.8279 5.6297 0.4514
v -1.7436 5.5803 0.6205
v -2.0454 5.433 0.4469
v -1.9357 5.4027 0.6075
v -2.1812 5.2854 0.4275
v -2.0698 5.2479 0.557
v -2.2697 5.1741 0.4077
v -2.17 5.1371 0.5338
v -2.3195 5.075 0.3912
v -2.3698 4.9951 0.3797
v -2.2644 4.965 0.4923
v -2.4234 4.9079 0.3752
v -2.3071 4.882 0.4863
v -2.4919 4.8083 0.3771
v -2.3714 4.7905 0.4964
v -2.556 4.6816 0.3791
v -2.4517 4.663 0.5009
v -1.1027 5.5862 0.5304
v -1.3198 5.5422 0.7237
v -1.5842 5.4897 0.7269
v -1.769 5.3543 0.6999
v -1.899 5.2051 0.6451
v -1.9938 5.0928 0.6025
v -2.2211 5.0421 0.5104
v -2.1009 4.9212 0.554
v -2.1469 4.8432 0.5486
v -2.2096 4.7442 0.5574
v -2.2896 4.6217 0.5677
v -1.0064 5.3488 0.8939
v -1.2589 5.3046 0.8893
v -1.0963 5.201 0.9542
v -1.4565 5.2245 0.8566
v -1.3256 5.1312 0.9088
v -1.5915 5.108 0.7934
v -1.4686 5.0218 0.8345
v -1.6844 4.998 0.7181
v -1.5712 4.9218 0.7413
v -1.7362 4.9045 0.64
v -1.7773 4.8405 0.5673
v -1.6511 4.7806 0.5225
v -1.8164 4.7817 0.503
v -1.6775 4.7051 0.3767
v -1.8841 4.6915 0.4761
v -1.7643 4.645 0.3247
v -2.007 4.5364 0.4691
v -1.8854 4.5041 0.3204
v -0.4788 5.1876 0.9899
v -0.4828 5.0633 1.0449
v -0.2531 5.047 1.0353
v -0.7773 5.238 0.9696
v -0.9875 5.0879 1.0141
v -1.2232 5.023 0.9587
v -1.3826 4.9169 0.8732
v -1.4871 4.8248 0.7661
v -1.6193 4.8439 0.6373
v -1.5485 4.7022 0.5106
v -1.5653 4.6433 0.3581
v -1.6444 4.6032 0.1899
v -1.5733 4.5736 0.1894
v -1.8107 4.473 0.1606
v 0 5.0217 1.0242
v 0 5.1283 0.988
v -0.1115 5.1356 0.9866
v -0.7189 5.0995 1.041
v -0.9082 4.9832 1.0748
v -1.1491 4.9221 1.0159
v -1.3219 4.8229 0.9211
v -1.4185 4.7358 0.8037
v -1.5277 4.759 0.645
v -1.4739 4.6145 0.5249
v -1.4966 4.5695 0.3649
v -1.7209 4.5712 0.1721
v -1.7195 4.4917 0.034
v -1.6472 4.5226 0.0345
v -0.1109 5.0309 1.0294
v -0.2484 5.153 0.9901
v -0.6663 4.9882 1.1028
v -0.8448 4.875 1.1423
v -1.0991 4.8164 1.0883
v -1.2747 4.7176 0.985
v -1.3588 4.635 0.8591
v -1.4534 4.6688 0.6712
v -1.4139 4.5084 0.5613
v -1.4473 4.4697 0.391
v -1.5235 4.5165 0.1942
v -1.4857 4.4293 0.2095
v -0.6162 4.8702 1.1542
v -0.8051 4.7557 1.1984
v -1.0615 4.6927 1.155
v -1.233 4.5923 1.0586
v -1.2994 4.5138 0.9343
v -1.3884 4.5668 0.7181
v -1.3505 4.3776 0.6172
v -1.4014 4.3359 0.4345
v -1.4538 4.3057 0.2336
v 0 4.7192 1.1425
v -0.116 4.763 1.1401
v -0.1128 4.6322 1.193
v -0.5856 4.7668 1.2001
v -0.7666 4.6146 1.2622
v -1.0233 4.5577 1.2219
v -1.1837 4.4574 1.1453
v -1.2372 4.3582 1.0374
v -1.321 4.4491 0.7876
v -1.272 4.2084 0.6892
v -1.3602 4.1518 0.4899
v -1.4227 4.1293 0.2658
v 0 4.5723 1.2031
v -0.0706 4.3967 1.2853
v 0 4.9224 1.0629
v -0.1134 4.9256 1.0677
v -0.5396 5.5856 0.5004
v -1.1767 5.6457 0.2522
v -1.5132 5.7281 0.2635
v -1.8529 5.6398 0.268
v -2.0885 5.4436 0.2634
v -2.2172 5.2975 0.2559
v -2.2975 5.1891 0.249
v -2.3535 5.0911 0.2441
v -2.4127 5.0065 0.2413
v -2.4795 4.9137 0.2457
v -2.531 4.802 0.2457
v -2.5988 4.6789 0.2344
v -0.2474 4.9388 1.0714
v -0.2101 4.6719 1.1882
v -0.1826 4.4623 1.2714
v -0.6124 5.3568 0.9182
v -0.2327 4.8001 1.1346
v -0.4149 5.2997 0.9379
v -0.7813 5.4113 0.842
v -0.2468 5.5158 0.7787
v -0.1607 5.5059 0.7896
v -0.3326 5.5361 0.7395
v -0.8818 5.6041 0.3556
v -0.6542 5.6516 0.3435
v -0.7177 5.8268 -0.1401
v -0.237 5.8399 -0.3157
v -0.7589 5.796 -0.056
v -0.111 5.8324 -0.2981
v -0.3671 5.8427 -0.3271
v -0.7739 5.7679 0.0286
v -0.7422 5.7199 0.2011
v -0.5447 5.8062 0.1857
v -0.494 5.8395 -0.2996
v -0.769 5.7526 0.1148
v -0.6346 5.8452 -0.2243
v -0.9908 5.7049 0.0565
v -0.5931 5.7292 -0.3708
v -0.9687 5.6796 0.1573
v -0.7619 5.748 -0.2953
v -0.8746 5.7291 -0.21
v -0.9389 5.7177 -0.1257
v -0.2863 5.7218 -0.3921
v -0.9847 5.7208 -0.0378
v -0.4364 5.7266 -0.3964
v -0.1355 5.7087 -0.3601
v 0 5.8234 -0.2654
v -0.1611 5.5818 -0.4221
v 0 5.6958 -0.3435
v -1.0063 5.6557 -0.2786
v -0.8818 5.6505 -0.3534
v -0.7001 5.622 -0.4171
v -1.22 5.6942 0.1311
v -0.3405 5.5998 -0.4633
v -0.5183 5.6104 -0.4509
v -1.2191 5.6938 0.0097
v -1.1898 5.6969 -0.1029
v -1.1125 5.676 -0.1988
v -0.7488 5.5173 0.5396
v -0.6061 5.6219 0.4273
v -0.3389 5.4135 0.8763
v -0.2185 5.3934 0.8915
v -0.4531 5.4333 0.8199
v -0.403 5.5425 0.6597
v -0.6953 5.6802 0.2801
v -1.0353 5.5373 0.6586
v -0.8221 5.5537 0.4624
v -0.9323 5.6513 0.2561
v -0.5484 5.4443 0.7189
v -0.2466 5.2731 0.9528
v -0.0565 5.4729 0.7621
v 0 5.4775 0.7482
v -0.1013 5.3707 0.8769
v 0 5.3771 0.8359
v -0.1165 5.2563 0.951
v 0 5.248 0.9423
v -0.4604 4.9573 1.0859
v -0.436 4.8493 1.138
v -0.4027 4.7315 1.1882
v -0.3661 4.5748 1.2496
v -0.5546 4.6146 1.2645
v -0.1787 5.4486 -0.4669
v 0 5.5708 -0.4117
v -1.5026 5.7251 -0.0418
v -0.386 5.4722 -0.4981
v -0.592 5.4919 -0.483
v -1.4178 5.6691 -0.1728
v -1.2859 5.6211 -0.2744
v -1.1301 5.5738 -0.345
v -0.9587 5.5415 -0.4032
v -0.779 5.5129 -0.4524
v -1.5373 5.7422 0.1086
v -1.2508 5.4769 -0.408
v -1.0261 5.4289 -0.4565
v -0.8225 5.3933 -0.4954
v -1.8793 5.6465 0.0882
v -0.1739 5.3164 -0.4908
v 0 5.4312 -0.4523
v -1.8305 5.6384 -0.091
v -0.3976 5.34 -0.5186
v -0.6334 5.3698 -0.5117
v -1.664 5.5891 -0.2357
v -1.47 5.5413 -0.3424
v -1.0679 5.2956 -0.5041
v -1.0407 5.1416 -0.5437
v -1.2765 5.1646 -0.5047
v -0.8634 4.3925 -0.481
v -0.8253 4.2431 -0.4214
v -1.004 4.2307 -0.3931
v -1.0054 4.9858 -0.5789
v -1.2074 5.0053 -0.5246
v -0.9248 4.6727 -0.554
v -0.8885 4.5322 -0.5183
v -1.1094 4.5175 -0.5471
v -1.0652 4.3834 -0.4859
v -0.8298 5.2565 -0.5311
v -0.8141 5.1099 -0.559
v -0.6752 4.4088 -0.4445
v -0.6586 4.2518 -0.4221
v -0.7949 4.9624 -0.6077
v -0.7247 4.6808 -0.5247
v -0.692 4.5468 -0.4575
v -0.6079 5.2198 -0.4923
v -0.5833 5.0748 -0.4695
v -0.5189 4.4109 -0.4689
v -0.5093 4.256 -0.4451
v -0.569 4.9335 -0.4852
v -0.5397 4.675 -0.4943
v -0.5283 4.5484 -0.4855
v -0.3955 5.2006 -0.53
v -0.3904 5.0515 -0.5217
v -0.3615 4.4116 -0.4727
v -0.3604 4.258 -0.4467
v -0.3834 4.9118 -0.5292
v -0.3685 4.6679 -0.508
v -0.363 4.5457 -0.4886
v -0.1915 5.1794 -0.511
v -0.1977 5.034 -0.52
v -0.2015 4.4259 -0.4626
v -0.2023 4.2552 -0.4384
v -0.1974 4.8893 -0.5167
v -0.1936 4.6654 -0.4941
v -0.1956 4.5517 -0.4791
v 0 5.1639 -0.4977
v 0 5.0203 -0.5017
v 0 4.4326 -0.4382
v 0 4.253 -0.4075
v 0 4.8958 -0.4932
v 0 4.6726 -0.4711
v 0 4.5585 -0.4533
v -1.3763 5.3371 -0.4563
v 0 5.3002 -0.4817
v -2.093 5.4451 0.0744
v -2.0026 5.4596 -0.1072
v -1.8645 5.4557 -0.2671
v -1.8196 4.8598 -0.3706
v -1.7219 4.7859 -0.3647
v -1.7898 4.7234 -0.3372
v -2.226 5.3077 0.0707
v -1.2743 4.5153 -0.4221
v -1.2313 4.371 -0.3779
v -1.3746 4.3408 -0.2607
v -2.1405 5.3193 -0.1101
v -1.1808 4.2193 -0.3204
v -1.3233 4.1986 -0.2172
v -2.0139 5.3247 -0.2654
v -1.6517 5.4272 -0.3794
v -1.733 4.9766 -0.3954
v -1.6251 4.8963 -0.3983
v -1.4297 4.4891 -0.2976
v -1.5072 4.3858 -0.1377
v -1.5535 4.4525 -0.1285
v -1.4279 4.6732 -0.3794
v -1.5241 4.5352 -0.2525
v -2.3047 5.2036 0.0746
v -1.461 4.2828 -0.1194
v -2.2433 5.2067 -0.1072
v -1.41 4.1578 -0.0897
v -2.1079 5.2094 -0.2471
v -1.8285 5.3127 -0.3728
v -1.9453 5.1969 -0.3468
v -1.6225 5.2535 -0.4347
v -1.7718 5.155 -0.4035
v -1.4798 5.1383 -0.4667
v -1.525 4.6616 -0.3302
v -1.5913 4.5406 -0.2233
v -1.5972 4.4851 -0.1144
v -2.3646 5.1093 0.0798
v -2.2995 5.1128 -0.0915
v -2.1763 5.1094 -0.2341
v -2.0219 5.086 -0.3197
v -1.8681 5.045 -0.3725
v -1.6269 5.0723 -0.429
v -2.0049 4.8236 -0.3405
v -1.9438 4.9283 -0.349
v -1.6067 4.629 -0.295
v -1.6628 4.5143 -0.2018
v -1.6559 4.4797 -0.0995
v -2.4832 4.9195 0.0795
v -2.4186 5.0169 0.0819
v -2.3498 5.0166 -0.0808
v -1.5484 4.465 0.0266
v -2.4009 4.9096 -0.0764
v -2.2289 5.0065 -0.2159
v -1.5894 4.5102 0.0293
v -2.285 4.8919 -0.2028
v -2.0849 4.9743 -0.2983
v -2.1444 4.8641 -0.2903
v -2.0921 4.6936 -0.3058
v -1.8869 4.7752 -0.3516
v -1.6862 4.5839 -0.2698
v -1.7491 4.4567 -0.1841
v -1.7344 4.4361 -0.0815
v -2.5287 4.8019 0.0791
v -2.464 4.7949 -0.0837
v -2.3477 4.768 -0.2036
v -2.2172 4.7289 -0.274
v -2.3085 4.5791 -0.2659
v -2.1981 4.5377 -0.2997
v -1.9823 4.665 -0.3168
v -1.777 4.5144 -0.2492
v -1.848 4.3637 -0.1583
v -1.8222 4.3406 -0.0774
v -2.5914 4.675 0.0791
v -1.8088 4.4177 0.0459
v -2.5332 4.6615 -0.0789
v -2.4268 4.6222 -0.1961
v -1.5175 4.3895 0.0272
v -1.4804 4.2827 0.0406
v -1.5226 4.9591 -0.4327
v -2.0541 5.0016 0.5718
v -1.2541 4.2976 0.8895
v -1.8911 4.6298 -0.2964
v -2.0166 4.4814 -0.2831
v -1.2956 4.6823 -0.4514
v -1.4402 4.1375 0.0608
v -1.3846 4.999 -0.4763
v -1.9625 4.2193 -0.0583
v -2.6857 4.5356 0.0864
v -2.6528 4.5329 0.3895
v -2.5525 4.505 0.5128
v -1.9497 4.2525 0.0498
v -2.1516 4.2989 -0.2804
v -2.2336 4.3326 -0.2861
v -2.101 4.5088 -0.2902
v -2.6344 4.5162 -0.0674
v -2.4257 4.4518 0.5692
v -2.5314 4.4748 -0.1864
v -2.424 4.4194 -0.2524
v -2.3225 4.3691 -0.2932
v -2.6938 4.5419 0.2334
v -2.1552 4.3393 0.4783
v -2.038 4.3124 0.3484
v -1.8804 4.4118 -0.2272
v -1.9805 4.2287 -0.1447
v -1.9799 4.2816 0.1825
v -2.1194 4.0436 -0.0508
v -2.797 4.3884 0.103
v -2.6692 4.3438 0.5238
v -2.552 4.2606 0.5713
v -2.1145 4.0411 0.0465
v -2.7537 4.3634 -0.0522
v -2.1586 4.072 0.184
v -2.6624 4.3134 -0.1726
v -2.7976 4.3978 0.2588
v -2.5586 4.2543 -0.2484
v -2.3068 4.1609 0.4845
v -2.2313 4.1119 0.355
v -2.2969 4.1189 -0.2741
v -2.3802 4.1608 -0.2826
v -2.4646 4.2026 -0.2896
v -2.0258 4.2562 -0.1957
v -2.1342 4.0421 -0.1334
v -2.7627 4.3855 0.4209
v -2.2737 3.8736 0.0611
v -2.8793 4.2161 -0.0235
v -2.3086 3.9066 0.2036
v -2.7891 4.1676 -0.1473
v -2.9053 4.2671 0.2902
v -2.7035 4.108 -0.2271
v -2.4605 3.9737 0.4817
v -2.368 3.9489 0.3558
v -2.4553 3.9675 -0.2589
v -2.5365 4.0109 -0.2669
v -2.6144 4.0493 -0.2715
v -2.1768 4.0648 -0.1827
v -2.3019 3.8933 -0.1119
v -2.8751 4.247 0.4415
v -2.7831 4.1759 0.5425
v -2.2809 3.8824 -0.0387
v -2.9129 4.2469 0.1399
v -2.6851 4.0824 0.5857
v -2.4385 3.7492 0.2136
v -2.9157 4.0381 -0.1031
v -3.0057 4.1445 0.3208
v -2.8469 3.9781 -0.1875
v -2.5871 3.8162 0.4856
v -2.5092 3.7759 0.3592
v -2.6047 3.8381 -0.2357
v -2.6935 3.8775 -0.244
v -2.7683 3.9226 -0.2378
v -2.3353 3.9127 -0.1707
v -2.4293 3.7523 -0.107
v -2.9627 4.1214 0.4593
v -2.8676 4.0442 0.5584
v -2.407 3.7387 -0.038
v -3.0151 4.1221 0.179
v -2.7749 3.966 0.5855
v -2.3945 3.7273 0.0682
v -2.9934 4.0928 0.0283
v -0.7908 3.7674 1.5937
v -0.8026 3.7643 1.5911
v -0.8008 3.7433 1.5887
v -0.8271 3.8125 1.5792
v -0.8177 3.8196 1.5803
v -0.827 3.8384 1.5723
v -0.8146 3.7656 1.5883
v -0.8213 3.7456 1.5839
v -0.8061 3.8227 1.5818
v -0.807 3.8437 1.5752
v -0.825 3.7712 1.5849
v -0.8392 3.7552 1.5787
v -0.7943 3.8213 1.5846
v -0.7866 3.8414 1.5795
v -0.832 3.7802 1.5823
v -0.8514 3.7707 1.5748
v -0.7733 3.7958 1.5928
v -0.7748 3.7844 1.5941
v -0.7531 3.7779 1.5956
v -0.7839 3.8157 1.5876
v -0.7687 3.8317 1.584
v -0.8349 3.7912 1.5803
v -0.8565 3.7896 1.5721
v -0.7809 3.7744 1.5944
v -0.7636 3.7608 1.5958
v -0.7765 3.8068 1.5905
v -0.7505 3.7974 1.593
v -0.8332 3.8026 1.5793
v -0.8538 3.8091 1.5706
v -0.7804 3.7486 1.5931
v -0.756 3.8163 1.5895
v -0.8433 3.8263 1.5708
v -0.7961 3.6988 1.5802
v -0.8501 3.8926 1.5505
v -0.8375 3.7036 1.5681
v -0.8094 3.9034 1.5558
v -0.8743 3.7232 1.5573
v -0.7678 3.8986 1.5644
v -0.8999 3.7546 1.5533
v -0.6996 3.7693 1.5976
v -0.7312 3.879 1.5742
v -0.9102 3.7932 1.5494
v -0.7207 3.7344 1.5974
v -0.6943 3.8091 1.5927
v -0.9047 3.8329 1.5474
v -0.7548 3.7097 1.5901
v -0.7054 3.8476 1.5843
v -0.8834 3.8678 1.5477
v -0.794 4.0375 1.5046
v -0.8785 4.0163 1.4926
v -0.9266 3.695 1.5083
v -0.7068 4.029 1.5204
v -0.9837 3.752 1.4911
v -0.5665 3.7826 1.5883
v -0.6303 3.992 1.5386
v -1.004 3.8256 1.4839
v -0.6116 3.7156 1.5933
v -0.5543 3.8587 1.5741
v -0.9919 3.9017 1.4766
v -0.6838 3.6679 1.5862
v -0.5765 3.9322 1.5535
v -0.9483 3.9686 1.4874
v -0.7689 3.6466 1.5583
v -0.8558 3.6552 1.5367
v -0.9839 4.0437 1.4404
v -0.8935 4.1059 1.4513
v -0.909 4.2166 1.4042
v -0.751 3.6144 1.5416
v -0.8634 3.6235 1.5069
v -0.8685 3.5972 1.4613
v -0.7822 4.1335 1.4622
v -0.7709 4.2531 1.405
v -0.9608 3.6709 1.4533
v -0.9984 3.6495 1.3857
v -0.6677 4.1224 1.4785
v -0.6264 4.25 1.4163
v -1.0256 3.75 1.4332
v -1.086 3.752 1.3436
v -0.4689 3.9006 1.5475
v -0.4851 3.8016 1.5709
v -0.3826 3.8197 1.5371
v -0.5676 4.0743 1.4993
v -0.488 4.183 1.4381
v -1.0528 3.8576 1.4125
v -1.1016 3.8896 1.3314
v -0.545 3.7143 1.5826
v -0.4471 3.7122 1.5576
v -0.498 3.9964 1.5211
v -0.3627 3.942 1.5098
v -1.0392 3.9566 1.4127
v -1.0865 4.0115 1.3543
v -0.6255 3.6471 1.5768
v -0.5588 3.6201 1.5524
v -0.39 4.0705 1.471
v -1.0195 4.1189 1.3918
v -0.7253 3.5847 1.5201
v -0.7553 4.3683 1.3505
v -0.9386 4.323 1.347
v -1.0231 3.6217 1.317
v -0.5829 4.354 1.3652
v -1.137 3.7494 1.2261
v -0.2661 3.8271 1.4963
v -0.425 4.2847 1.3812
v -1.1453 3.9257 1.2267
v -0.3671 3.6843 1.5355
v -0.2371 3.9891 1.4534
v -1.1559 4.122 1.2462
v -0.4972 3.5885 1.5389
v -0.2845 4.1454 1.4131
v -1.0689 4.2357 1.3128
v -0.7051 3.5378 1.4892
v -0.8853 3.5564 1.4131
v -0.9902 4.4403 1.2882
v -0.9274 3.4748 1.3416
v -0.7429 4.5114 1.3011
v -1.0618 3.5846 1.2004
v -0.5626 4.4938 1.3123
v -1.1215 3.7589 1.0853
v -0.1476 3.8174 1.4848
v -0.3838 4.4071 1.3224
v -1.1658 3.9736 1.1083
v -0.2724 3.6315 1.5367
v -0.1233 4.022 1.4235
v -1.1947 4.2089 1.1406
v -0.4507 3.5262 1.5437
v -0.1703 4.2239 1.3608
v -1.1355 4.3458 1.2382
v -0.6946 3.4638 1.4852
v -0.0662 4.2142 1.359
v -0.0609 4.0123 1.4244
v -0.0885 3.803 1.4908
v 0 4.2119 1.3564
v 0 3.9785 1.4336
v 0 3.7996 1.494
v -0.1421 3.621 1.5438
v 0 4.3685 1.2956
v -1.2784 4.03 0.7541
v -4.5195 1.95 2.9073
v -4.516 1.9666 2.8845
v -4.5551 1.9733 2.8727
v -4.6124 1.8692 2.8165
v -4.6123 1.8871 2.8022
v -4.5956 1.855 2.7847
v -4.601 1.9381 2.8708
v -4.6014 1.9569 2.8486
v -4.6165 1.9215 2.8228
v -4.5762 2.0198 2.7337
v -4.5745 2.0353 2.7086
v -4.5888 2.0018 2.6731
v -4.5019 2.0421 2.7663
v -4.5025 2.0565 2.745
v -4.54 2.054 2.7338
v -4.5878 1.9507 2.6775
v -4.5796 1.9571 2.6384
v -4.5626 1.9102 2.6325
v -4.5087 1.8274 3.0339
v -4.511 1.8758 2.9815
v -4.555 1.8778 2.9757
v -4.5996 1.7572 2.9659
v -4.5986 1.7957 2.9125
v -4.579 1.7736 2.8901
v -4.5861 1.8189 3.0136
v -4.5907 1.863 2.961
v -4.6047 1.8276 2.9362
v -4.449 1.8797 2.9141
v -4.4646 1.8938 2.9296
v -4.4646 1.8516 2.9726
v -4.5964 1.9702 2.8264
v -4.6054 1.9362 2.7977
v -4.4481 1.9324 2.8552
v -4.4661 1.9566 2.8632
v -4.4677 1.9447 2.8794
v -4.4166 1.991 2.7381
v -4.4336 2.0131 2.7588
v -4.4414 1.9985 2.7835
v -4.5521 1.8813 2.7141
v -4.5848 1.9029 2.7176
v -4.5762 1.9178 2.6807
v -4.5496 1.7147 2.9435
v -4.5807 1.7323 2.9503
v -4.5399 1.9068 2.6522
v -4.5701 1.9204 2.6615
v -4.5563 1.8211 2.7918
v -4.5952 1.8428 2.7999
v -4.484 1.9027 2.9408
v -4.4866 1.8664 2.9792
v -4.4633 2.0315 2.7688
v -4.4692 2.0157 2.7915
v -4.4781 1.9964 2.8216
v -4.4545 1.9812 2.8169
v -4.513 1.9784 2.8638
v -4.551 1.9846 2.8523
v -4.606 1.9071 2.7794
v -4.5935 1.8744 2.7595
v -4.598 1.7062 3.0293
v -4.5983 1.6829 3.0522
v -4.5992 1.7229 3.0682
v -4.5863 1.7693 3.0723
v -4.5846 1.7541 3.0844
v -4.55 1.7676 3.1006
v -4.4768 1.6518 3.1709
v -4.4654 1.6981 3.1188
v -4.4715 1.7199 3.1134
v -4.4982 1.7752 3.0889
v -4.5022 1.758 3.1093
v -4.4806 1.7369 3.1118
v -4.6004 1.7403 3.0524
v -4.5123 1.7444 3.1277
v -4.5229 1.7287 3.1452
v -4.5074 1.6923 3.174
v -4.5186 1.6502 3.2063
v -4.5043 1.6539 3.1995
v -4.5749 1.6034 3.1006
v -4.593 1.5986 3.1435
v -4.5962 1.6295 3.1179
v -4.5209 1.6317 3.2147
v -4.5064 1.6322 3.2063
v -4.6009 1.6704 3.0814
v -4.5974 1.6638 3.0993
v -4.5938 1.7028 3.0944
v -4.5728 1.5883 3.1821
v -4.5693 1.5798 3.1768
v -4.5384 1.5908 3.1998
v -4.5814 1.741 3.0979
v -4.5766 1.7278 3.1094
v -4.5497 1.7374 3.1249
v -4.5974 1.7113 3.0848
v -4.5864 1.6907 3.101
v -4.5712 1.7175 3.1134
v -4.5437 1.7234 3.1312
v -4.5557 1.9592 2.8993
v -4.5419 2.0376 2.759
v -4.5496 1.832 3.0277
v -4.5021 1.794 2.832
v -4.4614 1.8119 2.8523
v -4.4583 1.7771 2.8974
v -4.4929 1.8396 2.7711
v -4.4603 1.8552 2.7991
v -4.4663 1.8487 2.8186
v -4.479 1.9121 2.6572
v -4.4393 1.9227 2.6818
v -4.4397 1.9078 2.7054
v -4.5406 1.5743 3.1412
v -4.4963 1.5881 3.1677
v -4.5895 1.6587 3.1111
v -4.4838 1.6914 3.156
v -4.5932 1.6002 3.1572
v -4.5921 1.6293 3.1321
v -4.4927 1.7156 3.1436
v -4.5276 1.7102 3.1519
v -4.5182 1.6845 3.1803
v -4.5124 1.594 3.0952
v -4.5025 1.6377 3.0426
v -4.4706 1.6551 3.0631
v -4.4676 1.7428 3.0882
v -4.4785 1.7595 3.0881
v -4.4593 1.7216 3.0866
v -4.5607 1.6263 3.0564
v -4.5886 1.6336 3.0824
v -4.5516 1.753 3.1133
v -4.599 1.7206 3.0102
v -4.5867 1.7813 3.0596
v -4.5484 1.7821 3.088
v -4.4981 1.6777 2.9967
v -4.5005 1.698 2.9764
v -4.4718 1.7158 2.9937
v -4.5816 2.008 2.7568
v -4.5935 1.9748 2.7207
v -4.5961 1.9579 2.76
v -4.4232 1.9751 2.7659
v -4.5585 1.8475 2.751
v -4.4885 1.9683 2.8648
v -4.5022 2.025 2.7913
v -4.5425 2.023 2.7828
v -4.5433 2.0077 2.8086
v -4.5916 1.9514 2.7015
v -4.5873 1.9925 2.7876
v -4.4779 1.8945 2.6849
v -4.4486 1.8849 2.7521
v -4.598 1.8946 2.9256
v -4.5999 1.9169 2.8951
v -4.6216 1.8792 2.8635
v -4.5506 1.6794 2.9878
v -4.5531 1.6522 3.0185
v -4.5773 1.6717 3.0195
v -4.6064 1.8321 2.8587
v -4.6101 1.8493 2.8365
v -4.5928 1.8279 2.8169
v -4.4577 1.752 3.0486
v -4.4595 1.769 3.0327
v -4.4686 1.7837 3.0439
v -4.4696 1.7942 3.0338
v -4.484 1.8056 3.0407
v -4.4812 1.7941 3.0511
v -4.4496 1.9109 2.8855
v -4.4664 1.9273 2.8966
v -4.4666 1.9136 2.9119
v -4.5051 1.8231 2.8056
v -4.4639 1.8388 2.8304
v -4.4625 1.8253 2.8404
v -4.5897 1.8115 2.8391
v -4.558 1.9117 2.9449
v -4.5583 1.9357 2.9213
v -4.5137 1.9114 2.9483
v -4.5175 1.934 2.927
v -4.5516 1.7922 2.8271
v -4.5023 1.8089 2.8186
v -4.4921 1.9407 2.9035
v -4.489 1.9253 2.9198
v -4.4971 1.7922 3.0694
v -4.5068 2.0051 2.8179
v -4.6016 1.7537 3.0389
v -4.6241 1.8994 2.8404
v -4.5021 1.7094 2.9646
v -4.4743 1.7267 2.9812
v -4.6141 1.8587 2.8891
v -4.5521 1.7581 2.8771
v -4.4602 1.7798 3.0228
v -4.4665 1.767 3.059
v -4.4497 1.8983 2.8988
v -4.5572 1.8311 2.7748
v -4.4352 1.9554 2.8062
v -4.5021 1.8313 2.7926
v -4.4914 1.9562 2.8828
v -4.596 1.9329 2.7397
v -4.488 1.8676 2.7274
v -4.4503 1.9235 2.87
v -4.5536 1.809 2.8064
v -4.5032 1.8146 3.0471
v -4.6004 1.7445 2.9815
v -4.5871 1.8026 3.034
v -4.6025 1.7902 2.9902
v -4.5504 1.7065 2.9553
v -4.5796 1.72 2.9642
v -4.5496 1.8175 3.0476
v -4.4855 1.8185 3.028
v -4.497 1.7528 2.8811
v -4.4717 1.7343 2.9672
v -4.4462 1.8318 2.9552
v -4.4697 1.8057 3.0222
v -4.4994 1.7158 2.9497
v -4.4588 1.7916 3.0118
v -4.4993 1.8029 3.059
v -4.5996 1.7328 2.9948
v -4.5874 1.7926 3.0483
v -4.603 1.7773 3.0116
v -4.549 1.6978 2.968
v -4.5771 1.7099 2.9776
v -4.5496 1.8063 3.0628
v -4.5834 1.6518 3.0488
v -4.4761 1.6096 3.123
v -4.4405 1.8446 2.8878
v -4.442 1.8022 2.9244
v -4.4405 1.8944 2.8321
v -4.4463 1.888 2.8484
v -4.4158 1.9545 2.7088
v -4.4195 1.9389 2.741
v -4.4618 1.6496 3.1257
v -4.5514 1.5996 3.2023
v -4.5176 1.6136 3.2088
v -4.4798 1.6221 3.1775
v -4.457 1.6828 3.0753
v -4.4288 1.9238 2.7862
v -4.4699 1.6959 3.0141
v -4.4583 1.7381 3.0131
v -4.446 1.8771 2.8619
v -4.443 1.8627 2.873
v -4.4597 1.7523 3.0004
v -4.4556 1.7605 2.986
v -4.525 1.8707 2.7159
v -4.5082 1.9027 2.648
v -4.5132 1.8952 2.6726
v -4.5236 1.7038 2.9568
v -4.5826 1.5815 3.1623
v -4.5631 1.5829 3.1185
v -4.5307 1.828 2.7808
v -4.5244 1.7527 2.8727
v -4.5391 1.6088 3.0699
v -4.5237 1.6389 3.0297
v -4.5287 1.7927 2.8291
v -4.5285 1.8433 2.7581
v -4.5295 1.8073 2.81
v -4.5853 1.5897 3.1655
v -4.5226 1.71 2.9432
v -4.5221 1.6766 2.9866
v -4.5235 1.695 2.9685
v -4.5295 1.8202 2.7971
v -4.5762 1.5988 3.1808
v -4.579 1.6872 3.1031
v -4.5623 1.7127 3.111
v -4.5289 1.6199 3.2146
v -4.5364 1.6252 3.2074
v -4.5568 1.609 3.2023
v -4.5836 1.6557 3.112
v -4.5254 1.6452 3.2017
v -4.5834 1.6035 3.1613
v -4.5829 1.6272 3.1375
v -4.5823 1.5981 3.1691
v -4.528 1.7041 3.1516
v -4.5213 1.6737 3.1776
v -4.5307 1.6351 3.2083
v -4.5434 1.7148 3.1296
v -4.5577 1.6177 3.1926
v -4.5615 1.6277 3.1898
v -4.5653 1.6535 3.1685
v -4.5668 1.6735 3.1502
v -4.5487 1.7949 3.0741
v -4.5764 1.6959 2.9931
v -4.4788 1.7807 3.064
v -4.6042 1.7656 3.0263
v -4.4573 1.7147 3.0307
v -4.7147 1.7238 2.7735
v -4.7105 1.7483 2.7573
v -4.7401 1.754 2.751
v -4.7977 1.6706 2.6759
v -4.7942 1.6923 2.6532
v -4.7705 1.659 2.6306
v -4.7836 1.7188 2.7413
v -4.7827 1.7457 2.7193
v -4.7981 1.7185 2.681
v -4.7316 1.8883 2.5793
v -4.7286 1.9068 2.56
v -4.7513 1.8833 2.5084
v -4.6363 1.878 2.6293
v -4.6005 1.9226 2.5922
v -4.6741 1.9232 2.5871
v -4.7304 1.8145 2.5215
v -4.7048 1.8492 2.463
v -4.6834 1.8084 2.4723
v -4.746 1.5639 2.9004
v -4.7246 1.6089 2.8586
v -4.7545 1.6107 2.8512
v -4.8073 1.5089 2.8094
v -4.795 1.5541 2.7656
v -4.7795 1.5316 2.7483
v -4.8048 1.5596 2.8647
v -4.7935 1.6083 2.8225
v -4.8044 1.5842 2.7925
v -4.6483 1.6195 2.803
v -4.6692 1.639 2.8183
v -4.6765 1.5891 2.8549
v -4.7738 1.7705 2.6963
v -4.7892 1.7413 2.6595
v -4.6339 1.7188 2.7212
v -4.6534 1.7432 2.7371
v -4.6589 1.7283 2.7498
v -4.558 1.815 2.5889
v -4.5774 1.8394 2.6152
v -4.5939 1.8097 2.6415
v -4.7026 1.7049 2.5465
v -4.7334 1.7328 2.5561
v -4.7241 1.7514 2.537
v -4.7629 1.4671 2.7827
v -4.7928 1.4898 2.7941
v -4.6689 1.7614 2.489
v -4.7054 1.7841 2.5021
v -4.7457 1.6228 2.6353
v -4.7749 1.6412 2.6498
v -4.6902 1.6475 2.8235
v -4.7001 1.6046 2.8585
v -4.5992 1.8578 2.6304
v -4.6206 1.8291 2.6586
v -4.6377 1.8096 2.6812
v -4.6113 1.7893 2.6721
v -4.7046 1.767 2.7377
v -4.7297 1.7728 2.7284
v -4.7835 1.7095 2.6334
v -4.765 1.6787 2.6141
v -4.8191 1.4454 2.8641
v -4.8265 1.4254 2.8858
v -4.8246 1.4502 2.9008
v -4.8122 1.4932 2.9152
v -4.8113 1.474 2.9272
v -4.7853 1.4855 2.9537
v -4.7398 1.3759 3.0306
v -4.7132 1.4034 2.9903
v -4.7325 1.4424 2.9889
v -4.7607 1.5031 2.9501
v -4.7667 1.4831 2.9686
v -4.7494 1.468 2.9794
v -4.8246 1.471 2.8867
v -4.7707 1.4672 2.9824
v -4.7748 1.451 2.992
v -4.7733 1.4249 3.0151
v -4.7874 1.3924 3.0343
v -4.7767 1.395 3.0352
v -4.8181 1.35 2.9187
v -4.8331 1.3382 2.9508
v -4.8306 1.3794 2.9278
v -4.7919 1.37 3.0451
v -4.7823 1.3651 3.0465
v -4.8302 1.4148 2.9014
v -4.8288 1.4048 2.9154
v -4.8244 1.4331 2.9184
v -4.8295 1.3277 2.9951
v -4.821 1.3128 2.9902
v -4.8074 1.3213 3.0214
v -4.813 1.4679 2.9331
v -4.8103 1.4568 2.939
v -4.789 1.4617 2.9679
v -4.8266 1.4427 2.9098
v -4.8174 1.4268 2.9273
v -4.8054 1.4455 2.9435
v -4.7862 1.449 2.9698
v -4.7401 1.7265 2.7681
v -4.6818 1.888 2.6125
v -4.7646 1.5643 2.8961
v -4.679 1.551 2.7168
v -4.6535 1.5691 2.7475
v -4.6683 1.5253 2.7849
v -4.6626 1.6462 2.6317
v -4.6328 1.6662 2.6623
v -4.6405 1.6557 2.6755
v -4.603 1.7532 2.4902
v -4.5595 1.7666 2.5214
v -4.5891 1.7349 2.5708
v -4.7846 1.3016 2.9651
v -4.7614 1.31 3.001
v -4.8249 1.4052 2.9245
v -4.7487 1.4075 3.0236
v -4.8355 1.3441 2.9648
v -4.8321 1.3744 2.9405
v -4.7566 1.445 2.9999
v -4.7762 1.4403 2.9924
v -4.7779 1.4197 3.0155
v -4.7475 1.3359 2.9176
v -4.7298 1.3844 2.8741
v -4.7027 1.3941 2.9032
v -4.7222 1.4773 2.9567
v -4.7391 1.4912 2.9569
v -4.7025 1.4537 2.9498
v -4.7969 1.3677 2.8888
v -4.8277 1.3868 2.9049
v -4.789 1.4762 2.9599
v -4.8153 1.4629 2.8483
v -4.8103 1.5061 2.906
v -4.7825 1.5045 2.9407
v -4.7156 1.419 2.843
v -4.713 1.4381 2.828
v -4.6883 1.4521 2.8535
v -4.7396 1.8548 2.6132
v -4.7596 1.8284 2.5776
v -4.7681 1.8001 2.6062
v -4.5796 1.7865 2.6218
v -4.7359 1.6535 2.6069
v -4.6769 1.7564 2.7402
v -4.6558 1.8428 2.6589
v -4.6983 1.8537 2.641
v -4.7056 1.8257 2.6685
v -4.747 1.79 2.553
v -4.7503 1.8239 2.6418
v -4.6207 1.7238 2.5435
v -4.5998 1.7149 2.6013
v -4.787 1.6479 2.7922
v -4.7838 1.6774 2.7701
v -4.7974 1.656 2.7366
v -4.7711 1.4263 2.8247
v -4.7795 1.4028 2.8505
v -4.8071 1.4257 2.8513
v -4.7906 1.599 2.7302
v -4.7912 1.6334 2.7046
v -4.7752 1.6157 2.6776
v -4.693 1.4838 2.9236
v -4.6893 1.4995 2.9095
v -4.7099 1.5179 2.9218
v -4.7052 1.5309 2.9094
v -4.7246 1.5423 2.9131
v -4.7296 1.5254 2.9272
v -4.6426 1.6918 2.7486
v -4.6628 1.7127 2.7647
v -4.6686 1.6847 2.7897
v -4.6698 1.6202 2.6575
v -4.6403 1.6394 2.6893
v -4.6406 1.6198 2.7071
v -4.7752 1.5793 2.7092
v -4.7465 1.6565 2.8136
v -4.746 1.6875 2.7898
v -4.7175 1.6548 2.8211
v -4.7173 1.6879 2.7971
v -4.7382 1.5517 2.6979
v -4.67 1.5954 2.6763
v -4.6873 1.7202 2.7726
v -4.6908 1.6894 2.7945
v -4.7563 1.517 2.9382
v -4.6707 1.8219 2.6783
v -4.8218 1.4845 2.873
v -4.7996 1.6899 2.7065
v -4.7126 1.4537 2.8174
v -4.6886 1.4692 2.8417
v -4.7994 1.6258 2.7619
v -4.7434 1.5082 2.7377
v -4.6876 1.5163 2.8951
v -4.7168 1.5039 2.9355
v -4.6425 1.6678 2.7695
v -4.7426 1.6384 2.6212
v -4.5964 1.7675 2.6574
v -4.6716 1.6352 2.6443
v -4.6822 1.7394 2.7566
v -4.7612 1.7662 2.5751
v -4.636 1.698 2.5693
v -4.6409 1.7046 2.7329
v -4.7469 1.5961 2.6608
v -4.7482 1.5464 2.915
v -4.8109 1.4915 2.8234
v -4.8099 1.5415 2.8799
v -4.8143 1.5336 2.8316
v -4.7653 1.4547 2.7976
v -4.7959 1.4746 2.8079
v -4.7676 1.5468 2.911
v -4.7194 1.5569 2.9011
v -4.6907 1.509 2.7584
v -4.6906 1.4851 2.8304
v -4.6599 1.5663 2.8388
v -4.7017 1.545 2.8982
v -4.7127 1.4694 2.8057
v -4.6853 1.5304 2.8837
v -4.7544 1.5318 2.9262
v -4.8135 1.4758 2.8367
v -4.8099 1.5212 2.8947
v -4.8198 1.5148 2.8459
v -4.7673 1.4406 2.8104
v -4.7986 1.4595 2.8208
v -4.7714 1.529 2.9234
v -4.8188 1.4002 2.8811
v -4.72 1.34 2.9531
v -4.6426 1.595 2.7797
v -4.658 1.5441 2.8145
v -4.6272 1.6975 2.7018
v -4.6355 1.6845 2.7135
v -4.5446 1.7952 2.5542
v -4.5778 1.7658 2.606
v -4.7083 1.3703 2.9807
v -4.818 1.3339 3.0208
v -4.79 1.3478 3.0428
v -4.7431 1.3432 3.0284
v -4.6925 1.4235 2.9327
v -4.5905 1.745 2.6381
v -4.6914 1.4322 2.8688
v -4.6789 1.4765 2.8853
v -4.6343 1.6693 2.729
v -4.6332 1.6479 2.7416
v -4.6793 1.4921 2.8727
v -4.6802 1.5096 2.8608
v -4.673 1.6908 2.5496
v -4.638 1.7567 2.4881
v -4.6596 1.7172 2.5278
v -4.7411 1.4502 2.802
v -4.8301 1.3221 2.9666
v -4.8068 1.3157 2.9437
v -4.7079 1.6291 2.6267
v -4.7184 1.4969 2.7397
v -4.7702 1.3408 2.9049
v -4.7571 1.3896 2.8576
v -4.7102 1.5412 2.6969
v -4.7024 1.6436 2.6114
v -4.7113 1.5866 2.6612
v -4.8328 1.3323 2.9807
v -4.7392 1.4631 2.7884
v -4.7467 1.4178 2.8279
v -4.7432 1.4344 2.8137
v -4.7082 1.614 2.64
v -4.8267 1.3336 2.9973
v -4.8131 1.4248 2.9286
v -4.802 1.4399 2.9464
v -4.8025 1.3515 3.0385
v -4.8076 1.3534 3.0292
v -4.8206 1.3431 3.0176
v -4.8225 1.4027 2.9304
v -4.7915 1.3821 3.0307
v -4.8325 1.346 2.9713
v -4.8276 1.3739 2.9507
v -4.83 1.3362 2.9858
v -4.7795 1.4352 2.991
v -4.7839 1.4103 3.0113
v -4.7988 1.3687 3.0367
v -4.7854 1.4443 2.9688
v -4.8199 1.3517 3.012
v -4.8175 1.366 3.0035
v -4.8118 1.3927 2.9828
v -4.8069 1.4163 2.9646
v -4.7775 1.5176 2.931
v -4.8013 1.4462 2.8321
v -4.7335 1.5121 2.9388
v -4.8202 1.4957 2.8602
v -4.6817 1.4569 2.9014
v -4.815 1.6766 2.5312
v -4.8126 1.6903 2.5204
v -4.8427 1.6928 2.5041
v -4.8836 1.6212 2.4272
v -4.8746 1.6399 2.4162
v -4.8609 1.6209 2.4009
v -4.8836 1.6618 2.4814
v -4.8738 1.6829 2.4692
v -4.8799 1.6595 2.4371
v -4.8153 1.8043 2.3939
v -4.8076 1.8305 2.3787
v -4.8253 1.8174 2.3331
v -4.7457 1.7931 2.4506
v -4.7107 1.8265 2.4273
v -4.7653 1.8347 2.4193
v -4.8154 1.7648 2.3216
v -4.8018 1.8164 2.2809
v -4.7411 1.7434 2.2661
v -4.8633 1.494 2.627
v -4.8476 1.5621 2.5873
v -4.8716 1.5607 2.5761
v -4.909 1.454 2.5326
v -4.8966 1.5143 2.4974
v -4.8837 1.4995 2.4828
v -4.9163 1.4849 2.577
v -4.9028 1.5513 2.5446
v -4.9046 1.529 2.5135
v -4.7575 1.6014 2.5331
v -4.775 1.6175 2.5493
v -4.7941 1.5416 2.5921
v -4.8633 1.7021 2.4577
v -4.8706 1.6796 2.4258
v -4.7364 1.6593 2.4954
v -4.7572 1.682 2.512
v -4.763 1.6653 2.522
v -4.6772 1.7315 2.4367
v -4.686 1.7467 2.4541
v -4.7097 1.7372 2.4661
v -4.7956 1.6628 2.3403
v -4.823 1.6873 2.3519
v -4.8076 1.7067 2.3293
v -4.873 1.4184 2.512
v -4.8984 1.4404 2.5214
v -4.7537 1.7022 2.2984
v -4.7827 1.7267 2.2982
v -4.8361 1.5813 2.3952
v -4.8674 1.6017 2.4105
v -4.8009 1.629 2.5568
v -4.8226 1.5545 2.5955
v -4.7099 1.7707 2.4586
v -4.7313 1.7612 2.4715
v -4.7514 1.7447 2.4855
v -4.725 1.7251 2.4786
v -4.8053 1.7068 2.5065
v -4.8317 1.7082 2.4905
v -4.8613 1.6624 2.4036
v -4.8501 1.6441 2.3899
v -4.9304 1.3692 2.5873
v -4.9399 1.3431 2.6076
v -4.9413 1.3679 2.6182
v -4.9324 1.4097 2.6281
v -4.9343 1.3917 2.6405
v -4.9131 1.3991 2.6688
v -4.8689 1.2738 2.7381
v -4.8396 1.3168 2.7066
v -4.8521 1.3434 2.7134
v -4.8823 1.4181 2.6739
v -4.8915 1.3913 2.6912
v -4.8736 1.3705 2.708
v -4.9354 1.3872 2.6019
v -4.9037 1.3646 2.7085
v -4.9104 1.3467 2.7177
v -4.9113 1.3134 2.7447
v -4.9229 1.2722 2.7569
v -4.9068 1.2781 2.7589
v -4.9321 1.2569 2.6326
v -4.9545 1.2372 2.6651
v -4.9525 1.2675 2.6476
v -4.9261 1.2499 2.7552
v -4.905 1.2526 2.7555
v -4.9457 1.3144 2.6248
v -4.9488 1.3027 2.6368
v -4.9421 1.3395 2.6352
v -4.9542 1.2225 2.7139
v -4.9403 1.2159 2.7026
v -4.9218 1.2221 2.7246
v -4.9364 1.3757 2.6503
v -4.9358 1.3631 2.6573
v -4.9184 1.3661 2.6879
v -4.9437 1.349 2.628
v -4.941 1.3318 2.643
v -4.9324 1.3539 2.6622
v -4.9164 1.3556 2.6909
v -4.8535 1.6769 2.5143
v -4.7817 1.8029 2.4292
v -4.8845 1.4946 2.6149
v -4.7803 1.5528 2.4242
v -4.7498 1.5644 2.458
v -4.7733 1.4853 2.5107
v -4.759 1.5985 2.3898
v -4.7285 1.6076 2.4231
v -4.7362 1.5992 2.435
v -4.7058 1.6805 2.3222
v -4.6693 1.6867 2.3665
v -4.682 1.673 2.3783
v -4.8969 1.2234 2.6704
v -4.8788 1.2316 2.6985
v -4.9538 1.2995 2.6445
v -4.8743 1.3054 2.7427
v -4.9627 1.2422 2.6781
v -4.9622 1.264 2.6598
v -4.8864 1.3336 2.7299
v -4.9133 1.3357 2.7193
v -4.9202 1.3053 2.7457
v -4.8684 1.2595 2.6338
v -4.8468 1.3153 2.5911
v -4.822 1.3244 2.617
v -4.8347 1.3888 2.6857
v -4.857 1.4062 2.6854
v -4.8197 1.3698 2.6756
v -4.9172 1.2879 2.607
v -4.9414 1.2868 2.6242
v -4.9173 1.3797 2.6812
v -4.9235 1.3911 2.5689
v -4.9298 1.4265 2.6177
v -4.9078 1.4201 2.6553
v -4.8398 1.3661 2.5558
v -4.8361 1.3848 2.5461
v -4.8112 1.3975 2.5698
v -4.8211 1.783 2.4094
v -4.8356 1.7657 2.3723
v -4.8459 1.7358 2.3916
v -4.6897 1.7151 2.4496
v -4.824 1.617 2.3759
v -4.784 1.6984 2.5161
v -4.7596 1.779 2.462
v -4.7876 1.7854 2.4414
v -4.802 1.7605 2.4555
v -4.8244 1.7363 2.3424
v -4.8328 1.7577 2.4225
v -4.7154 1.6615 2.3423
v -4.6939 1.6562 2.3894
v -4.8885 1.6169 2.5037
v -4.8856 1.639 2.4925
v -4.8904 1.618 2.4637
v -4.8801 1.3669 2.5487
v -4.8954 1.3348 2.5719
v -4.9179 1.3516 2.5775
v -4.8839 1.5779 2.455
v -4.8851 1.5996 2.4423
v -4.8699 1.5824 2.4238
v -4.8083 1.4055 2.6512
v -4.8055 1.4246 2.6376
v -4.8205 1.4374 2.6554
v -4.8177 1.4551 2.6456
v -4.8453 1.4657 2.6487
v -4.8477 1.4477 2.6597
v -4.7508 1.6363 2.5118
v -4.7674 1.6539 2.5292
v -4.7724 1.6361 2.5403
v -4.7726 1.5811 2.4039
v -4.7421 1.5928 2.4431
v -4.7482 1.5763 2.4511
v -4.8697 1.5627 2.4357
v -4.8601 1.6313 2.5343
v -4.8592 1.655 2.5232
v -4.8262 1.6348 2.5515
v -4.8193 1.6595 2.5412
v -4.8411 1.5499 2.4159
v -4.7794 1.5671 2.4146
v -4.7934 1.6675 2.5364
v -4.7977 1.6503 2.5463
v -4.8776 1.4385 2.6614
v -4.7762 1.7575 2.4743
v -4.932 1.4064 2.5905
v -4.8895 1.6388 2.4504
v -4.8288 1.3981 2.5373
v -4.8062 1.4085 2.5615
v -4.8916 1.5952 2.4756
v -4.8551 1.4778 2.4702
v -4.802 1.4425 2.6286
v -4.824 1.4191 2.6662
v -4.7553 1.6195 2.5228
v -4.8336 1.5978 2.3877
v -4.7022 1.6998 2.4614
v -4.7672 1.5889 2.3971
v -4.7899 1.6808 2.5278
v -4.8358 1.7061 2.3649
v -4.7282 1.6435 2.3563
v -4.7451 1.6456 2.505
v -4.8381 1.5631 2.4059
v -4.8682 1.4725 2.6406
v -4.915 1.4303 2.5463
v -4.9204 1.4633 2.5936
v -4.9154 1.4689 2.5471
v -4.8748 1.3985 2.5263
v -4.9026 1.418 2.5344
v -4.8905 1.4731 2.6273
v -4.8409 1.4887 2.6349
v -4.8028 1.4726 2.4786
v -4.7965 1.4248 2.5482
v -4.7765 1.5262 2.5791
v -4.8132 1.4785 2.6335
v -4.822 1.4128 2.5227
v -4.7944 1.4642 2.6191
v -4.8727 1.4544 2.652
v -4.92 1.409 2.5581
v -4.9267 1.4431 2.6072
v -4.922 1.4418 2.5637
v -4.8752 1.3833 2.537
v -4.9054 1.398 2.5457
v -4.898 1.4543 2.639
v -4.9339 1.3159 2.6041
v -4.8436 1.2685 2.6607
v -4.7448 1.5851 2.5021
v -4.7651 1.504 2.5469
v -4.723 1.6344 2.4674
v -4.7327 1.6239 2.4778
v -4.6646 1.7093 2.4151
v -4.6773 1.6954 2.4216
v -4.8341 1.2925 2.688
v -4.9408 1.228 2.7315
v -4.9093 1.2372 2.747
v -4.8689 1.2519 2.7245
v -4.8117 1.3444 2.6489
v -4.6897 1.678 2.4316
v -4.8119 1.3749 2.5817
v -4.7998 1.4125 2.6063
v -4.7395 1.6172 2.4847
v -4.7433 1.6 2.4936
v -4.7955 1.4254 2.5975
v -4.7854 1.4418 2.5821
v -4.764 1.6463 2.3431
v -4.7332 1.6872 2.3085
v -4.7484 1.6653 2.3279
v -4.8532 1.3945 2.528
v -4.9516 1.221 2.6843
v -4.9109 1.2291 2.6535
v -4.8027 1.5866 2.385
v -4.8318 1.472 2.469
v -4.8895 1.2641 2.6203
v -4.8672 1.3171 2.5808
v -4.8099 1.5504 2.4099
v -4.7929 1.6024 2.3757
v -4.805 1.5639 2.4013
v -4.9611 1.2255 2.6988
v -4.852 1.4133 2.5106
v -4.8587 1.3639 2.5495
v -4.8537 1.3814 2.54
v -4.8027 1.5767 2.392
v -4.9517 1.2337 2.7129
v -4.938 1.3272 2.6466
v -4.9242 1.3451 2.6642
v -4.9299 1.2389 2.7487
v -4.9341 1.2476 2.742
v -4.9437 1.2392 2.7277
v -4.9516 1.2995 2.6514
v -4.9263 1.278 2.7472
v -4.9619 1.2485 2.6877
v -4.9595 1.2677 2.6682
v -4.9579 1.2376 2.7039
v -4.9176 1.3319 2.7152
v -4.9217 1.3019 2.7385
v -4.9302 1.2592 2.7454
v -4.9145 1.3492 2.6911
v -4.9483 1.252 2.7245
v -4.9506 1.2665 2.7181
v -4.9475 1.2843 2.7074
v -4.9381 1.3111 2.6883
v -4.9023 1.4382 2.6464
v -4.9096 1.3792 2.5582
v -4.8509 1.4308 2.6702
v -4.9301 1.4242 2.5791
v -4.8006 1.3923 2.6188
v -4.8341 1.6187 2.2773
v -4.831 1.641 2.2717
v -4.8562 1.6405 2.2428
v -4.863 1.5823 2.19
v -4.8622 1.6036 2.178
v -4.8335 1.5759 2.1641
v -4.8727 1.6135 2.228
v -4.8698 1.6352 2.2173
v -4.8704 1.6195 2.1936
v -4.8262 1.7494 2.1665
v -4.8197 1.7801 2.1525
v -4.8147 1.7627 2.1274
v -4.7924 1.7579 2.2232
v -4.7838 1.7917 2.2218
v -4.8075 1.7909 2.1807
v -4.818 1.7021 2.1244
v -4.8059 1.7365 2.1107
v -4.7775 1.689 2.0942
v -4.8481 1.5092 2.3158
v -4.8413 1.5384 2.3035
v -4.8661 1.5362 2.2851
v -4.8749 1.4789 2.2364
v -4.8682 1.5118 2.2218
v -4.8485 1.4949 2.2066
v -4.883 1.5047 2.2768
v -4.88 1.5337 2.2634
v -4.8791 1.5229 2.239
v -4.7615 1.5407 2.2819
v -4.784 1.5552 2.3001
v -4.7917 1.5302 2.3115
v -4.8626 1.6532 2.2107
v -4.8638 1.6353 2.1852
v -4.7438 1.6106 2.2452
v -4.7668 1.6354 2.2728
v -4.7702 1.6161 2.2788
v -4.7187 1.6899 2.2267
v -4.74 1.702 2.2517
v -4.7398 1.6933 2.2512
v -4.7825 1.6129 2.131
v -4.8101 1.6309 2.1355
v -4.8019 1.6476 2.1252
v -4.837 1.4521 2.2142
v -4.8567 1.4641 2.2199
v -4.7659 1.6429 2.113
v -4.7941 1.6682 2.1124
v -4.8105 1.5418 2.1687
v -4.8379 1.5584 2.1749
v -4.8091 1.5647 2.3023
v -4.8143 1.5373 2.313
v -4.7666 1.7264 2.2471
v -4.7643 1.7088 2.2503
v -4.77 1.6891 2.2569
v -4.7456 1.6726 2.2547
v -4.8255 1.6603 2.261
v -4.8478 1.659 2.235
v -4.8569 1.6194 2.1703
v -4.8287 1.5936 2.154
v -4.8847 1.3977 2.2657
v -4.8868 1.3674 2.2768
v -4.8927 1.3886 2.2942
v -4.8914 1.4271 2.308
v -4.8916 1.405 2.317
v -4.88 1.4175 2.344
v -4.8376 1.3347 2.3845
v -4.8123 1.3586 2.3643
v -4.8282 1.3867 2.3697
v -4.8593 1.4399 2.3487
v -4.8589 1.4166 2.3575
v -4.842 1.4042 2.3657
v -4.8928 1.4117 2.2833
v -4.8628 1.3949 2.3634
v -4.8681 1.381 2.368
v -4.8624 1.3633 2.3823
v -4.8705 1.3404 2.3898
v -4.8615 1.3431 2.3905
v -4.8786 1.3097 2.2993
v -4.8895 1.3029 2.3155
v -4.8903 1.3191 2.3092
v -4.8732 1.3214 2.3887
v -4.8631 1.3224 2.3891
v -4.887 1.3513 2.2944
v -4.8898 1.3418 2.3058
v -4.8892 1.3612 2.3116
v -4.8955 1.2921 2.3448
v -4.887 1.2863 2.3412
v -4.8807 1.2898 2.3661
v -4.8861 1.3881 2.3236
v -4.8855 1.3777 2.3287
v -4.8772 1.3861 2.3507
v -4.8888 1.3713 2.3044
v -4.8902 1.358 2.3134
v -4.8855 1.3721 2.3318
v -4.8779 1.3793 2.3526
v -4.8586 1.6185 2.2524
v -4.816 1.7616 2.1897
v -4.8684 1.508 2.2994
v -4.7719 1.5101 2.2081
v -4.7589 1.5164 2.2287
v -4.7671 1.4876 2.2398
v -4.7487 1.5764 2.1793
v -4.7384 1.5855 2.1999
v -4.7429 1.5684 2.2074
v -4.7176 1.6377 2.1515
v -4.7089 1.6525 2.1782
v -4.7155 1.639 2.1815
v -4.858 1.2794 2.3275
v -4.845 1.2853 2.3551
v -4.8922 1.3389 2.3124
v -4.8424 1.3596 2.3837
v -4.8955 1.3056 2.3226
v -4.8959 1.32 2.316
v -4.8492 1.3796 2.3761
v -4.8718 1.3736 2.3687
v -4.8717 1.358 2.3821
v -4.8245 1.3071 2.3036
v -4.8068 1.363 2.272
v -4.7901 1.3714 2.2972
v -4.817 1.4202 2.3546
v -4.8359 1.4312 2.3543
v -4.7947 1.4 2.3424
v -4.8675 1.3318 2.2784
v -4.8838 1.3281 2.2941
v -4.8765 1.398 2.3467
v -4.8843 1.4319 2.2558
v -4.89 1.455 2.2969
v -4.8785 1.4351 2.3325
v -4.7984 1.4029 2.2511
v -4.7973 1.4175 2.2454
v -4.7816 1.4272 2.2697
v -4.8338 1.7191 2.1796
v -4.8369 1.7002 2.1564
v -4.8427 1.674 2.1664
v -4.7179 1.6704 2.2254
v -4.7993 1.5756 2.1497
v -4.7917 1.6523 2.2778
v -4.8012 1.7263 2.2313
v -4.8219 1.7284 2.2038
v -4.8309 1.6996 2.2148
v -4.8264 1.6752 2.1384
v -4.8432 1.6928 2.1914
v -4.7239 1.6268 2.1569
v -4.724 1.6219 2.1837
v -4.8754 1.5657 2.2514
v -4.8736 1.5899 2.2397
v -4.8733 1.5773 2.2165
v -4.8469 1.4083 2.2341
v -4.8522 1.3749 2.2521
v -4.8705 1.3859 2.2545
v -4.8635 1.5372 2.2096
v -4.8614 1.5624 2.1984
v -4.8409 1.5417 2.1844
v -4.7881 1.4365 2.3276
v -4.7884 1.4541 2.321
v -4.8087 1.4678 2.3351
v -4.8061 1.4828 2.3284
v -4.8253 1.4896 2.3308
v -4.8288 1.4748 2.3364
v -4.7525 1.5793 2.2653
v -4.7748 1.597 2.2856
v -4.7789 1.5785 2.2919
v -4.759 1.5427 2.1953
v -4.7481 1.55 2.2154
v -4.7534 1.5335 2.2228
v -4.8426 1.5213 2.1937
v -4.8618 1.568 2.2722
v -4.8591 1.5944 2.262
v -4.837 1.5683 2.2921
v -4.8345 1.593 2.2841
v -4.8167 1.5094 2.1875
v -4.7649 1.5271 2.2019
v -4.8004 1.6098 2.2905
v -4.8038 1.5886 2.2957
v -4.8578 1.4615 2.3356
v -4.8099 1.7011 2.2396
v -4.8913 1.4406 2.2721
v -4.8729 1.5999 2.204
v -4.7967 1.4342 2.2393
v -4.7823 1.4412 2.2629
v -4.8748 1.5495 2.2257
v -4.8264 1.4824 2.2006
v -4.7862 1.4682 2.3115
v -4.8104 1.4506 2.3419
v -4.7558 1.5628 2.2719
v -4.8041 1.5591 2.1587
v -4.7243 1.6463 2.2286
v -4.7539 1.5599 2.1868
v -4.7964 1.6318 2.2851
v -4.8319 1.6547 2.1475
v -4.7328 1.6124 2.1619
v -4.7476 1.594 2.2553
v -4.814 1.5273 2.1774
v -4.8513 1.4946 2.3224
v -4.8791 1.4624 2.2422
v -4.8855 1.4922 2.2824
v -4.8836 1.4924 2.2527
v -4.8396 1.4398 2.2197
v -4.8601 1.4492 2.2257
v -4.871 1.4944 2.3051
v -4.8212 1.5054 2.3258
v -4.7816 1.4791 2.2188
v -4.7802 1.4561 2.2569
v -4.7684 1.5118 2.2939
v -4.7999 1.4992 2.3227
v -4.7932 1.4481 2.235
v -4.7813 1.4828 2.3048
v -4.8549 1.4793 2.3284
v -4.8836 1.4491 2.2497
v -4.889 1.4756 2.2885
v -4.8871 1.4781 2.2586
v -4.843 1.4228 2.2271
v -4.8639 1.434 2.2319
v -4.8744 1.4791 2.3121
v -4.8785 1.349 2.2749
v -4.8061 1.3152 2.3281
v -4.7542 1.5249 2.2521
v -4.761 1.4988 2.2666
v -4.7367 1.596 2.2218
v -4.74 1.5782 2.229
v -4.7079 1.6716 2.2041
v -4.7146 1.6535 2.2042
v -4.8017 1.3338 2.3508
v -4.8896 1.2953 2.3666
v -4.8693 1.3036 2.383
v -4.834 1.3052 2.3776
v -4.7873 1.3841 2.3226
v -4.7227 1.634 2.2062
v -4.7822 1.4111 2.2775
v -4.779 1.4401 2.2978
v -4.7444 1.5609 2.2383
v -4.7488 1.5448 2.2454
v -4.7787 1.4524 2.2885
v -4.7759 1.4671 2.2805
v -4.7476 1.6033 2.1391
v -4.737 1.6333 2.1255
v -4.7433 1.6187 2.133
v -4.8176 1.4327 2.2243
v -4.8877 1.293 2.3247
v -4.8717 1.2964 2.3098
v -4.776 1.5541 2.1669
v -4.8024 1.4763 2.2055
v -4.8516 1.3211 2.2896
v -4.8335 1.3666 2.256
v -4.7933 1.5053 2.1937
v -4.7694 1.5705 2.1587
v -4.7877 1.5231 2.1841
v -4.8949 1.2969 2.3308
v -4.8135 1.4466 2.2181
v -4.8245 1.4032 2.236
v -4.8212 1.4178 2.2296
v -4.7825 1.5379 2.1757
v -4.8978 1.2996 2.3465
v -4.8881 1.353 2.3168
v -4.8847 1.3671 2.3331
v -4.8798 1.3087 2.3839
v -4.8848 1.3147 2.3798
v -4.8947 1.3048 2.3654
v -4.8914 1.3383 2.3157
v -4.8769 1.3348 2.3844
v -4.8954 1.3108 2.3274
v -4.8942 1.3205 2.3213
v -4.8974 1.3039 2.3352
v -4.8715 1.3666 2.3668
v -4.8718 1.3527 2.3789
v -4.881 1.3243 2.3843
v -4.8765 1.3742 2.3537
v -4.8929 1.3172 2.3581
v -4.8912 1.3245 2.355
v -4.8882 1.3373 2.35
v -4.8848 1.3543 2.3419
v -4.8757 1.4607 2.3192
v -4.8664 1.4158 2.2401
v -4.8313 1.4583 2.3432
v -4.8905 1.4625 2.2636
v -4.7798 1.4247 2.3063
v -3.9049 2.1185 2.6611
v -3.9118 2.1358 2.6379
v -3.9218 2.1751 2.6635
v -4.0172 2.1586 2.7183
v -4.0239 2.1768 2.6968
v -4.0829 2.128 2.6982
v -3.9569 2.1818 2.7126
v -3.9627 2.1976 2.6885
v -3.9713 2.0806 2.5761
v -3.9308 2.1162 2.5905
v -3.9216 2.0971 2.6181
v -4.0765 2.0843 2.6927
v -4.0696 2.1159 2.7164
v -3.9204 2.1537 2.6102
v -4.0419 2.0862 2.7871
v -4.0289 2.0813 2.8106
v -3.9888 2.111 2.7859
v -3.9481 2.1311 2.7539
v -3.9445 2.1201 2.7637
v -3.9065 2.0978 2.747
v -3.8936 1.9675 2.8148
v -3.9117 1.9716 2.7697
v -3.8736 2.0084 2.7484
v -3.9097 2.1104 2.7343
v -3.8766 2.0549 2.747
v -3.9964 2.1186 2.7718
v -3.903 2.0864 2.7592
v -3.9 2.0782 2.7709
v -3.8669 2.0342 2.7921
v -3.857 2.0121 2.8497
v -3.8547 1.9997 2.8191
v -4.0148 2.0401 2.8445
v -3.9931 2.0394 2.8713
v -3.9988 2.0783 2.8466
v -3.8726 1.9996 2.8744
v -3.8815 1.9753 2.8512
v -4.0148 2.0787 2.8302
v -3.9745 2.101 2.8093
v -3.9505 2.0183 2.9037
v -3.9702 2.0071 2.8797
v -3.9328 1.9815 2.8756
v -3.9411 2.1108 2.7721
v -3.9384 2.1031 2.7803
v -3.9814 2.1052 2.7982
v -3.9687 2.0958 2.8216
v -3.9367 2.0941 2.7869
v -3.8982 2.0741 2.7791
v -3.9153 2.1595 2.6862
v -4.0803 2.0884 2.6147
v -4.0355 2.0696 2.5865
v -4.0255 2.0544 2.6191
v -3.9931 2.0069 2.8482
v -3.9475 1.9736 2.8419
v -3.9794 2.0817 2.8556
v -3.862 2.0021 2.7831
v -3.967 2.0446 2.8923
v -3.869 2.0436 2.7708
v -3.869 2.036 2.8078
v -4.0126 2.0115 2.8088
v -4.0299 2.0215 2.7654
v -3.9869 1.9911 2.7447
v -3.888 2.0231 2.7202
v -3.8829 2.0677 2.725
v -3.9285 1.9859 2.7222
v -4.0311 2.0431 2.8151
v -4.0513 2.0925 2.7677
v -3.9507 2.1432 2.7464
v -4.0447 2.0345 2.7259
v -4.0524 2.0424 2.7037
v -4.0097 2.016 2.679
v -4.0603 2.0588 2.7488
v -4.0469 2.0491 2.7796
v -3.9431 2.0028 2.6813
v -3.9479 2.0118 2.6636
v -3.9033 2.0512 2.675
v -3.9078 2.062 2.6614
v -3.8995 2.1034 2.6791
v -3.8951 2.0922 2.6919
v -4.0349 2.1944 2.6671
v -4.095 2.1485 2.6642
v -3.9118 2.1227 2.7237
v -4.0031 2.1275 2.7607
v -4.0567 2.0492 2.6883
v -4.0131 2.0234 2.6599
v -3.932 2.1919 2.6316
v -3.9741 2.2132 2.66
v -4.0823 2.0967 2.6674
v -3.9513 2.0197 2.6501
v -3.8971 2.0393 2.693
v -4.0123 2.146 2.7361
v -3.953 2.1679 2.7279
v -4.0733 2.0745 2.7116
v -4.0648 2.105 2.7348
v -3.9128 2.145 2.702
v -4.072 2.0794 2.6517
v -4.0169 2.0327 2.6451
v -3.9605 2.0588 2.6073
v -3.9143 2.0771 2.6423
v -4.0604 2.0593 2.6722
v -3.9569 2.034 2.6326
v -4.0083 2.136 2.7474
v -3.9535 2.1531 2.7362
v -4.0687 2.0674 2.7277
v -4.0591 2.0991 2.7503
v -3.9145 2.1328 2.7126
v -3.9683 1.9766 2.7907
v -3.9148 2.0013 2.8978
v -4.0046 2.0104 2.694
v -4.0974 2.1146 2.6361
v -3.9439 2.0348 2.896
v -3.9697 2.0923 2.8212
v -3.9365 2.0874 2.792
v -3.8794 2.0137 2.8748
v -3.9084 2.0215 2.8893
v -3.9709 2.0744 2.8518
v -3.868 2.0166 2.8545
v -3.9553 2.0504 2.8865
v -3.899 2.0703 2.7802
v -3.8738 2.0376 2.8163
v -3.9085 2.0386 2.8772
v -3.9152 2.0616 2.8445
v -3.8896 2.0813 2.7064
v -4.4587 2.0499 2.7433
v -4.5906 1.9833 2.6977
v -4.5743 1.8934 2.6083
v -4.7519 1.8581 2.5468
v -4.6983 1.7969 2.4417
v -4.828 1.7915 2.3573
v -4.7499 1.7452 2.2397
v -4.8273 1.7297 2.1433
v -4.5471 1.901 2.6738
v -4.6898 1.7268 2.5256
v -4.7814 1.6794 2.3235
v -4.7734 1.6276 2.1228
v -4.8008 1.8711 2.351
v -4.8159 1.8617 2.2983
v -4.5944 1.777 2.4426
v -4.5464 1.7993 2.4046
v -4.5051 1.8137 2.4455
v -4.8016 1.8161 2.1348
v -4.6951 1.6736 2.1144
v -4.7222 1.6505 2.1158
v -4.7472 1.6609 2.099
v -4.5044 2.0753 2.7176
v -4.5331 2.0792 2.7123
v -4.4047 2.0052 2.6448
v -4.4132 2.0006 2.7059
v -4.4137 1.963 2.68
v -4.799 1.7943 2.1006
v -4.7875 1.7688 2.0914
v -4.7073 1.6532 2.1466
v -4.6956 1.669 2.1392
v -4.685 1.6855 2.1538
v -4.6611 1.7063 2.2677
v -4.6482 1.7121 2.2506
v -4.6149 1.7359 2.3035
v -4.4759 1.8545 2.497
v -4.4978 1.8487 2.5325
v -4.5316 1.7837 2.4896
v -4.725 1.9435 2.5248
v -4.4195 1.9701 2.6431
v -4.437 1.9396 2.6364
v -4.672 1.7065 2.195
v -4.6919 1.7055 2.2118
v -4.6982 1.6694 2.1699
v -4.4158 2.0428 2.7048
v -4.5863 1.7639 2.3486
v -4.6366 1.7561 2.3966
v -4.64 1.7202 2.3344
v -4.7439 1.9268 2.4746
v -4.5718 2.0579 2.6797
v -4.4545 2.0664 2.72
v -4.4249 2.0264 2.7309
v -4.7248 1.6839 2.082
v -4.7605 1.7114 2.0745
v -4.4681 1.9003 2.5865
v -4.4506 1.9124 2.5601
v -4.4262 1.947 2.6169
v -4.5945 2.0231 2.6399
v -4.5576 1.7834 2.3082
v -4.5236 1.826 2.3666
v -4.5055 1.8594 2.3301
v -4.4655 1.8864 2.3823
v -4.6487 1.7058 2.1592
v -4.7437 1.75 2.0529
v -4.7219 1.7897 2.0216
v -4.6773 1.7264 2.0428
v -4.4576 1.8818 2.4691
v -4.624 1.7357 2.2186
v -4.5993 1.7412 2.1754
v -4.5674 1.7784 2.2282
v -4.429 1.9251 2.5337
v -4.3986 1.9474 2.4978
v -4.3818 1.9859 2.5582
v -4.3714 1.98 2.4656
v -4.4331 1.9129 2.4331
v -4.6334 1.7082 2.1124
v -4.617 1.7186 2.0814
v -4.3556 2.0199 2.5375
v -4.338 2.0365 2.4255
v -4.3137 2.0573 2.4993
v -4.4899 1.8992 2.2957
v -4.4536 1.9233 2.3502
v -4.4649 2.1644 2.5985
v -4.5048 2.1172 2.6595
v -4.4277 2.0952 2.6703
v -4.411 1.9499 2.4057
v -4.7252 1.8913 2.3982
v -4.7519 1.8797 2.3914
v -4.5387 1.8008 2.0814
v -4.5152 1.8644 2.1499
v -4.5439 1.8138 2.1806
v -4.3858 2.0059 2.3626
v -4.5721 1.7584 2.1341
v -4.4685 1.9492 2.264
v -4.4278 1.9798 2.3128
v -4.7208 1.9393 2.0263
v -4.7404 1.9068 2.0609
v -4.7334 1.9341 2.1175
v -4.6798 2.0593 2.4159
v -4.6497 2.1271 2.3408
v -4.6639 2.0808 2.2904
v -4.7122 1.8815 1.9928
v -4.6859 2.0122 2.3644
v -4.684 2.0497 2.2347
v -4.714 2.035 2.1792
v -4.7341 1.9895 2.2403
v -4.7037 1.9903 2.3001
v -4.6467 1.9877 1.8794
v -4.6609 2.0278 1.9174
v -4.607 2.0985 1.8333
v -4.7135 2.0022 2.1246
v -4.7405 1.958 2.178
v -4.6589 2.0815 1.9684
v -4.6054 2.1711 1.8851
v -4.6252 2.0809 2.4586
v -4.5084 2.3132 2.1991
v -4.5551 2.2311 2.2934
v -4.5012 2.2692 2.3402
v -4.5598 2.2833 2.1543
v -4.5122 2.3638 2.0641
v -4.5443 2.3302 2.0233
v -4.6368 2.176 2.0335
v -4.6808 2.097 2.1117
v -4.6534 2.1245 2.1575
v -4.4502 2.3562 2.2437
v -4.4269 2.3132 2.3819
v -4.6392 2.0213 2.5161
v -4.5959 2.0546 2.5765
v -4.59 2.2479 2.1113
v -4.5676 2.2942 1.9854
v -4.6477 2.1302 1.9978
v -4.6858 2.0555 2.0686
v -4.605 2.2027 2.2487
v -4.7181 1.9698 2.4119
v -4.5841 2.1118 2.5068
v -4.563 2.1237 2.6035
v -4.754 1.8899 2.0922
v -4.7522 1.8969 2.1526
v -4.6045 2.1531 2.3905
v -4.7691 1.9123 2.2243
v -4.4967 1.8872 2.5977
v -4.5352 1.8945 2.6121
v -4.6321 1.7766 2.4546
v -4.5164 1.8558 2.5706
v -4.5495 1.8762 2.5921
v -4.6969 1.7026 2.2746
v -4.6575 1.7778 2.4617
v -4.653 1.7616 2.4245
v -4.7223 1.7052 2.2682
v -4.6717 1.7736 2.4467
v -4.709 1.7091 2.2273
v -4.7293 1.7119 2.2475
v -2.4981 3.6023 0.0753
v -3.0317 3.9211 -0.065
v -3.0903 4.0281 0.3437
v -2.9762 3.8589 -0.1544
v -2.6865 3.6914 0.4766
v -2.6108 3.6413 0.3576
v -2.7443 3.7259 -0.2231
v -2.8368 3.7624 -0.2199
v -2.91 3.8045 -0.1981
v -2.5367 3.6164 0.2226
v -2.5877 3.663 -0.1478
v -2.4623 3.7745 -0.1589
v -3.0445 4.0031 0.4665
v -2.9598 3.9399 0.5525
v -2.5482 3.6372 -0.1001
v -3.1021 4.009 0.2078
v -2.8646 3.8635 0.5727
v -2.5146 3.6188 -0.0302
v -3.0869 3.9744 0.0634
v -3.0387 3.6867 -0.1622
v -2.6788 3.5548 0.3556
v -2.6104 3.5239 0.2268
v -2.7094 3.5659 -0.1528
v -3.1204 3.9151 0.4805
v -3.0363 3.8576 0.5577
v -2.6615 3.5447 -0.1011
v -3.1907 3.9129 0.2308
v -2.9436 3.7792 0.5747
v -2.6146 3.5271 -0.03
v -3.1907 3.8703 0.0895
v -2.5882 3.5123 0.0776
v -3.1454 3.808 -0.0378
v -3.1707 3.9361 0.3663
v -3.0963 3.7429 -0.1204
v -2.7599 3.6069 0.4664
v -2.8861 3.6053 -0.1892
v -2.9752 3.6389 -0.1909
v -2.8128 3.4863 -0.1368
v -3.1784 3.8521 0.4967
v -3.0924 3.7987 0.5659
v -2.7511 3.4694 -0.0959
v -3.2602 3.842 0.2597
v -3.0038 3.716 0.5793
v -2.6966 3.4581 -0.0231
v -3.265 3.795 0.1204
v -2.6608 3.4504 0.0878
v -3.2275 3.7248 -0.0021
v -3.2346 3.8694 0.3931
v -3.1858 3.6535 -0.0825
v -2.8156 3.5459 0.4632
v -2.73 3.4949 0.3649
v -2.9846 3.515 -0.1585
v -3.0754 3.5441 -0.1675
v -3.135 3.5937 -0.1301
v -2.6693 3.4619 0.2371
v -2.8364 3.3977 -0.0745
v -3.3232 3.7824 0.2955
v -3.1455 3.7444 0.5788
v -3.0573 3.6646 0.5885
v -2.7807 3.3884 0.0006
v -3.3266 3.7303 0.1568
v -2.7368 3.3883 0.1083
v -3.3005 3.6521 0.0434
v -3.2937 3.8123 0.4265
v -3.264 3.5765 -0.0352
v -2.8681 3.4929 0.4713
v -2.7809 3.437 0.3778
v -3.07 3.4338 -0.1298
v -3.153 3.4653 -0.1395
v -3.2144 3.5152 -0.0886
v -2.7295 3.4004 0.2542
v -2.9062 3.4047 -0.1048
v -3.2318 3.7979 0.5211
v -3.0171 3.3069 -0.0286
v -3.2888 3.7456 0.5537
v -3.2005 3.6997 0.6086
v -2.947 3.2988 -0.0012
v -3.3842 3.7267 0.3346
v -3.1084 3.624 0.6091
v -2.8805 3.2999 0.0579
v -3.393 3.6629 0.2071
v -2.8282 3.3079 0.1478
v -3.3775 3.5802 0.1048
v -3.3511 3.7606 0.4604
v -3.3438 3.5008 0.0334
v -2.9206 3.4397 0.4959
v -2.8468 3.3662 0.4002
v -3.1658 3.344 -0.0578
v -3.2411 3.3745 -0.0696
v -3.2981 3.4326 -0.0185
v -2.8076 3.321 0.2828
v -3.0491 3.2045 0.1241
v -3.4773 3.6478 0.4113
v -3.2656 3.6567 0.6512
v -3.1586 3.5983 0.6565
v -2.9806 3.2064 0.1652
v -3.4985 3.5724 0.298
v -2.9256 3.2113 0.2374
v -3.4877 3.4871 0.1955
v -3.4334 3.6926 0.5167
v -3.4504 3.4012 0.1319
v -2.9628 3.3892 0.5528
v -2.9084 3.2916 0.4568
v -3.2661 3.2479 0.0577
v -3.3405 3.27 0.0485
v -3.4023 3.3295 0.0846
v -2.8909 3.2274 0.3418
v -3.1181 3.2136 0.088
v -3.3621 3.6866 0.6026
v -3.0808 3.0869 0.332
v -3.6247 3.4523 0.4205
v -3.0214 3.1015 0.3933
v -3.618 3.3587 0.3286
v -3.5343 3.5967 0.6027
v -3.5799 3.2706 0.2745
v -3.0208 3.3173 0.6663
v -2.9737 3.2123 0.5762
v -3.3841 3.1228 0.2026
v -3.4597 3.1522 0.2103
v -3.5286 3.2017 0.2304
v -2.9677 3.1301 0.4742
v -3.226 3.085 0.2449
v -3.4482 3.6092 0.6797
v -3.3401 3.6101 0.7241
v -3.1495 3.0798 0.2841
v -3.5945 3.5377 0.5163
v -3.2324 3.5541 0.7432
v -3.1655 2.9621 0.6178
v -3.7691 3.1991 0.5183
v -3.6621 3.4499 0.7587
v -3.7351 3.1184 0.4604
v -3.1564 3.1721 0.8447
v -3.1176 3.069 0.7761
v -3.5206 2.975 0.4129
v -3.5963 3.0102 0.4114
v -3.6808 3.0508 0.4207
v -3.1154 2.9937 0.6959
v -3.3638 2.9341 0.4522
v -3.5693 3.4744 0.8229
v -3.4608 3.4703 0.8676
v -3.2906 2.9324 0.4948
v -3.7272 3.3854 0.6869
v -3.357 3.4144 0.8876
v -3.226 2.9387 0.5423
v -3.7603 3.3009 0.6034
v -3.82 3.2555 0.9643
v -3.8879 2.9677 0.6943
v -3.349 3.0264 1.0392
v -3.313 2.9358 0.986
v -3.6774 2.8309 0.6508
v -3.7529 2.8597 0.6425
v -3.8445 2.8948 0.6449
v -3.3156 2.8687 0.9137
v -3.5259 2.7845 0.688
v -3.7246 3.2809 1.0146
v -3.6256 3.2704 1.0456
v -3.456 2.7885 0.7309
v -3.8846 3.2014 0.9002
v -3.5319 3.2199 1.0586
v -3.3966 2.8015 0.7772
v -3.9146 3.1317 0.8251
v -3.3486 2.8299 0.8459
v -3.9165 3.0461 0.7539
v -3.8669 2.6845 0.8942
v -3.9514 2.7173 0.8804
v -4.012 2.7658 0.8968
v -3.5096 2.8069 1.203
v -3.5141 2.7457 1.1399
v -3.7187 2.6311 0.9441
v -3.8898 3.078 1.2402
v -3.795 3.0751 1.2697
v -3.6439 2.6401 0.9737
v -4.0336 3.0276 1.1347
v -3.7083 3.0334 1.2724
v -3.5852 2.6696 1.0224
v -4.0698 2.9691 1.0612
v -3.5341 2.6979 1.0835
v -4.0726 2.8961 0.9953
v -3.9721 3.0653 1.1956
v -4.0504 2.8259 0.9305
v -3.5394 2.88 1.2479
v -3.8896 2.517 1.1515
v -4.0084 2.9297 1.4069
v -3.9285 2.926 1.4359
v -3.8189 2.5248 1.18
v -4.1382 2.8774 1.3088
v -3.8551 2.8909 1.4538
v -3.7586 2.5528 1.224
v -4.1724 2.8358 1.2524
v -3.7117 2.5895 1.2764
v -4.1835 2.7855 1.2006
v -4.0805 2.9118 1.3632
v -4.176 2.7317 1.1551
v -3.7157 2.7649 1.4284
v -3.6878 2.7001 1.3879
v -4.0465 2.57 1.1152
v -4.1174 2.6163 1.1142
v -4.1522 2.6759 1.1234
v -3.6889 2.642 1.3345
v -3.9557 2.4296 1.344
v -4.2133 2.7586 1.4665
v -4.0383 2.805 1.5811
v -3.9767 2.7816 1.6078
v -3.8991 2.4592 1.3902
v -4.2486 2.7274 1.4181
v -3.8562 2.5025 1.4436
v -4.269 2.6889 1.3716
v -4.1646 2.7851 1.5119
v -4.2745 2.6456 1.3318
v -3.8604 2.6731 1.5855
v -3.8384 2.6159 1.5468
v -4.1788 2.4856 1.2839
v -4.2263 2.5419 1.2826
v -4.2615 2.5967 1.3014
v -3.837 2.5597 1.5001
v -4.0227 2.4232 1.3127
v -4.1041 2.8042 1.5517
v -3.9992 2.3932 1.5189
v -4.3046 2.6423 1.5421
v -3.9682 2.447 1.5738
v -4.3291 2.6089 1.4995
v -4.2261 2.6903 1.6275
v -4.3418 2.571 1.4632
v -3.974 2.6092 1.6997
v -3.9581 2.5615 1.6641
v -4.2671 2.4215 1.4091
v -4.3088 2.4748 1.4135
v -4.3368 2.5264 1.4341
v -3.9572 2.5083 1.6252
v -4.1143 2.3463 1.4372
v -4.1772 2.7062 1.6643
v -4.1231 2.7093 1.6946
v -4.048 2.3562 1.4706
v -4.271 2.6668 1.5858
v -4.0647 2.6936 1.7232
v -4.0388 2.4051 1.6649
v -4.379 2.5307 1.5984
v -4.2868 2.6175 1.7207
v -4.3906 2.4938 1.5647
v -4.0556 2.5532 1.778
v -4.0365 2.5112 1.7459
v -4.337 2.3636 1.5042
v -4.3673 2.4093 1.5137
v -4.3874 2.4542 1.5371
v -4.032 2.462 1.7118
v -4.1801 2.2934 1.5256
v -4.2428 2.6359 1.7572
v -4.1933 2.6416 1.7878
v -4.1108 2.3087 1.5597
v -4.3223 2.5953 1.6831
v -4.1451 2.6286 1.8127
v -4.0643 2.3498 1.6098
v -4.3549 2.5664 1.6398
v -4.3379 2.5634 1.7934
v -4.4276 2.428 1.6439
v -4.0992 2.5109 1.8382
v -4.1289 2.4806 1.8917
v -4.1068 2.4442 1.8549
v -4.3907 2.3178 1.5641
v -4.4237 2.2672 1.6127
v -4.4497 2.2988 1.6431
v -4.4265 2.3915 1.6152
v -4.0809 2.4704 1.8063
v -4.0973 2.4066 1.8146
v -4.2162 2.2499 1.5769
v -4.2972 2.5828 1.8282
v -4.3393 2.5445 1.8896
v -4.2847 2.5572 1.9221
v -4.1448 2.2756 1.6148
v -4.37 2.5361 1.7567
v -4.2458 2.5902 1.8582
v -4.223 2.5553 1.9421
v -4.0996 2.3218 1.6691
v -4.3972 2.5028 1.716
v -4.0762 2.3783 1.7274
v -4.4173 2.465 1.6768
v -4.7458 1.9625 2.2777
v -4.6944 2.0347 2.4394
v -4.5422 2.1598 2.5648
v -4.7733 1.9223 2.3042
v -4.7496 1.9149 2.3401
v -4.7152 1.9437 2.353
v -4.7103 2.0033 2.4731
v -4.6798 1.9971 2.5134
v -4.7721 1.859 2.1082
v -4.7783 1.8249 2.0921
v -4.6171 1.969 2.5635
v -4.6748 1.9642 2.5577
v -4.5916 1.9976 2.609
v -4.7849 1.8347 2.1726
v -4.7699 1.8662 2.1405
v -4.7909 1.9032 2.2808
v -4.7308 1.9211 2.4356
v -4.7777 1.8361 2.2004
v -4.7581 1.8216 2.0594
v -4.7346 1.8455 2.0269
v -4.7907 1.8545 2.2526
v -4.5157 1.8647 2.2405
v -4.3197 2.5269 1.9894
v -4.2527 2.5284 2.0081
v -4.3771 2.5079 1.9545
v -3.9412 2.1351 2.5567
v -3.9319 2.17 2.5767
v -4.1142 2.1305 2.5957
v -3.98 2.1008 2.5367
v -4.0959 2.104 2.5751
v -4.0511 2.0873 2.545
v -4.0501 2.2209 2.6338
v -4.1111 2.1659 2.6237
v -3.9871 2.2306 2.6268
v -3.9425 2.2079 2.6019
v -4.0026 2.2489 2.5883
v -3.956 2.2225 2.5624
v -3.9844 2.1142 2.5078
v -3.9512 2.1495 2.5232
v -4.1287 2.1424 2.5608
v -3.9449 2.1845 2.5401
v -4.1083 2.1161 2.5445
v -4.0604 2.0978 2.519
v -4.0703 2.2349 2.5991
v -4.1274 2.1772 2.5891
v -4.0867 2.2512 2.569
v -4.1438 2.1861 2.5608
v -4.0138 2.2703 2.5493
v -3.9655 2.2345 2.523
v -3.9902 2.1223 2.4884
v -3.9566 2.1603 2.4939
v -4.1438 2.1519 2.5354
v -3.9537 2.1973 2.5059
v -4.1202 2.1246 2.522
v -4.0695 2.1047 2.5011
v -4.0012 2.1287 2.4658
v -4.1304 2.1296 2.5008
v -4.0783 2.1103 2.4829
v -4.1051 2.2678 2.5408
v -4.1625 2.1933 2.5367
v -4.0243 2.2944 2.5092
v -3.9761 2.2531 2.4862
v -3.967 2.169 2.4666
v -4.1602 2.1576 2.5138
v -3.9621 2.2107 2.4738
v -4.0071 2.1352 2.4468
v -3.981 2.1748 2.4321
v -4.182 2.1603 2.4938
v -3.9703 2.2237 2.4307
v -4.1488 2.135 2.4778
v -4.0914 2.1171 2.4609
v -4.1282 2.2864 2.511
v -4.1878 2.2082 2.5172
v -4.0441 2.3232 2.473
v -3.9851 2.2773 2.4418
v -4.0438 2.3512 2.4204
v -3.9937 2.3114 2.3856
v -4.065 2.13 2.3963
v -4.0061 2.1723 2.3755
v -4.225 2.1673 2.4895
v -3.9883 2.2369 2.3701
v -4.1842 2.1377 2.4586
v -4.1328 2.1263 2.43
v -4.1479 2.3138 2.4776
v -4.2364 2.2258 2.4995
v -4.0053 2.2448 2.2938
v -3.9974 2.3365 2.3152
v -4.032 2.167 2.3049
v -4.2526 2.0825 2.3709
v -4.3014 2.0584 2.2947
v -4.1824 2.1068 2.2038
v -4.1445 2.1158 2.2728
v -4.1009 2.1657 2.1351
v -4.0645 2.1608 2.2152
v -4.0745 2.2299 2.1001
v -4.3527 2.0482 2.238
v -4.2284 2.1007 2.1434
v -4.4001 2.0363 2.1888
v -4.2761 2.0904 2.0908
v -4.4295 1.9999 2.1368
v -4.3247 2.0745 2.0405
v -4.0961 2.4293 2.2748
v -4.1166 2.4454 2.1647
v -4.2035 2.4787 2.1869
v -4.4508 1.9443 2.0761
v -4.3561 2.0106 1.9873
v -4.4814 1.872 2.008
v -4.4116 1.9315 1.9358
v -4.5014 1.8534 1.8896
v -4.4278 1.9293 1.8459
v -4.3451 1.9898 1.8626
v -4.5456 1.8082 1.9379
v -4.1009 2.13 2.3403
v -4.497 1.915 2.2108
v -4.5341 1.8203 2.2743
v -4.6912 1.7009 2.0707
v -4.5988 2.2114 1.916
v -4.7139 1.9721 2.0746
v -4.5882 2.0572 2.6212
v -4.569 2.0929 2.6407
v -4.5368 2.0992 2.6699
v -4.7309 1.9672 2.4575
v -4.1752 2.1186 2.396
v -4.6993 1.9739 1.9839
v -4.6927 2.0152 2.0276
v -4.464 2.3959 2.108
v -4.4028 2.4315 2.1503
v -4.3628 2.4013 2.2809
v -4.5876 2.2541 1.9492
v -4.6137 2.2107 2.0723
v -4.6294 2.1608 2.2031
v -4.6594 1.7631 1.9938
v -4.5991 1.7478 2.0253
v -4.2771 2.0674 1.8974
v -4.2342 2.117 2.4471
v -4.2752 2.151 2.5171
v -4.2893 2.2203 2.5065
v -4.1951 2.3427 2.4364
v -4.0626 2.391 2.3565
v -4.2402 2.4415 2.2917
v -4.6035 1.9256 1.8622
v -4.4729 2.0197 1.7447
v -4.4581 1.9487 1.7868
v -4.5524 1.8762 1.8659
v -4.6093 1.8329 1.9141
v -4.6518 1.8783 1.9232
v -4.6953 1.8267 1.986
v -4.0144 2.3465 2.2137
v -4.0586 2.3344 2.0871
v -4.4208 2.4804 1.9147
v -4.4624 2.4288 1.9849
v -4.452 2.4488 1.877
v -4.4947 2.3961 1.9451
v -4.4754 2.4125 1.8404
v -4.5186 2.36 1.908
v -4.4933 2.3726 1.804
v -4.5368 2.3204 1.872
v -4.5041 2.331 1.77
v -4.5476 2.2789 1.8369
v -4.139 2.5512 1.8653
v -4.0131 2.6564 1.7236
v -4.0955 2.5936 1.8044
v -3.7805 2.8382 1.4498
v -3.9116 2.7338 1.6075
v -0.4759 5.5657 0.5827
v -0.361 5.6931 0.5912
v -0.3011 5.8325 0.614
v -0.2502 5.9843 0.6142
v -0.2289 6.1198 0.6447
v -0.2637 6.1397 0.6201
v -0.2498 6.2246 0.7236
v -0.3036 6.3007 0.8416
v -0.3488 6.3212 0.9364
v -0.377 6.3338 1.0023
v -0.4025 6.3443 1.0562
v -0.4109 6.3639 1.1033
v -0.4049 6.3886 1.145
v -0.3992 6.4105 1.1874
v -0.0648 6.944 1.6586
v -0.2795 6.5647 1.4033
v -0.2894 6.5526 1.3961
v -0.2614 6.5832 1.4147
v -0.2496 6.5956 1.4174
v -0.2562 6.5891 1.4165
v -0.2454 6.6 1.4194
v -0.2415 6.6034 1.421
v -0.2388 6.606 1.4176
v -0.2367 6.6081 1.4095
v -0.2377 6.6099 1.3942
v -0.2445 6.6105 1.3726
v -0.2427 6.6035 1.3585
v -0.2448 6.5925 1.3487
v -0.2472 6.586 1.3389
v -0.2552 6.5757 1.3164
v -0.2784 6.5716 1.2669
v -0.2994 6.574 1.1638
v -0.3297 6.5818 1.0091
v -0.3158 6.5835 0.8143
v -0.2617 6.5846 0.5995
v -0.1892 6.5904 0.5667
v -0.212 6.6136 0.5639
v -0.1975 6.659 0.5647
v -0.289 6.7401 0.641
v -0.3234 6.8108 0.8164
v -0.3235 6.8444 1.0174
v -0.281 6.8139 1.1934
v -0.2594 6.771 1.2986
v -0.2366 6.7272 1.3501
v -0.2286 6.6922 1.3681
v -0.2274 6.6633 1.375
v -0.2282 6.6356 1.3793
v -0.2304 6.6217 1.3957
v -0.2315 6.6155 1.4109
v -0.2351 6.612 1.4214
v -0.2399 6.6112 1.4263
v -0.2443 6.6116 1.4273
v -0.249 6.6119 1.4262
v -0.2575 6.6136 1.4252
v -0.2652 6.6148 1.422
v -0.2715 6.6198 1.4203
v -0.2863 6.6273 1.4142
v -0.288 6.6087 1.4086
v -0.2997 6.6336 1.4075
v -0.0949 6.9435 1.6321
v -0.1226 6.9613 1.5938
v -0.1216 6.9403 1.6052
v -0.6501 5.4769 0.6253
v -0.928 5.4778 0.751
v -1.1852 5.452 0.811
v -1.4188 5.4026 0.8138
v -1.6021 5.2992 0.7867
v -1.7392 5.1679 0.7287
v -1.8258 5.0542 0.6722
v -1.8772 4.9573 0.621
v -1.92 4.8828 0.5824
v -1.9623 4.8169 0.5602
v -2.0324 4.721 0.5595
v -2.1481 4.5786 0.5538
v -2.2944 4.3989 0.5531
v -2.4296 4.2052 0.5544
v -2.5785 4.0159 0.5719
v -2.6782 3.8848 0.5615
v -2.7726 3.7748 0.55
v -4.5047 2.2894 1.7362
v -4.5493 2.2434 1.797
v -4.4911 2.242 1.6951
v -4.5356 2.182 1.7478
v -0.0884 6.9178 1.6368
v -0.1145 6.9187 1.6104
v -0.1466 6.9329 1.5668
v -0.1446 6.9513 1.5632
v -0.1668 6.6692 0.5692
v -0.2815 6.6644 1.4263
v -0.1713 6.9033 1.509
v -0.1619 6.919 1.5348
v -0.6313 7.284 1.1039
v -0.6143 7.3462 1.132
v -0.6302 7.3541 1.0902
v -0.5906 7.4069 1.1789
v -0.6054 7.424 1.1442
v -0.5562 7.4629 1.2394
v -0.5714 7.4875 1.2133
v -0.5016 7.5142 1.3026
v -0.4284 7.5534 1.3656
v -0.4384 7.5899 1.3549
v -0.3415 7.5805 1.4212
v -0.3462 7.6214 1.4155
v -0.2474 7.5971 1.4697
v -0.2505 7.6438 1.4644
v -0.1529 7.605 1.5063
v -0.1546 7.6553 1.5029
v -0.0625 7.6057 1.5264
v -0.061 7.6578 1.5214
v 0 7.6081 1.5311
v 0 7.6611 1.5263
v -4.3561 2.4865 2.0651
v -4.4167 2.4593 2.027
v -4.4685 2.2064 1.6549
v -4.1886 2.5785 1.8773
v -4.1675 2.5211 1.9245
v -0.9682 4.8252 -0.5861
v -1.1604 4.851 -0.5279
v -0.7655 4.819 -0.5977
v -0.5545 4.8009 -0.4955
v -0.376 4.7876 -0.5217
v -0.1894 4.7746 -0.5068
v 0 4.783 -0.4785
v -1.4576 4.8268 -0.4179
v -1.5609 4.7807 -0.3741
v -1.6522 4.7132 -0.3381
v -1.7339 4.6515 -0.3079
v -1.8228 4.578 -0.2772
v -1.9354 4.4453 -0.2762
v -1.3267 4.8476 -0.4706
v -2.0814 4.2726 -0.2522
v -2.2309 4.0891 -0.2343
v -2.3884 3.9389 -0.2205
v -2.5233 3.8056 -0.1998
v -2.6534 3.6967 -0.19
v -2.7783 3.5911 -0.1843
v -2.8846 3.5046 -0.1533
v -2.9813 3.4178 -0.1214
v -3.0847 3.3269 -0.0514
v -3.1899 3.2279 0.0628
v -3.3121 3.0964 0.2134
v -3.4452 2.9438 0.4263
v -3.6041 2.7964 0.666
v -3.7887 2.6452 0.9147
v -3.9678 2.5336 1.1295
v -4.1025 2.4453 1.2932
v -4.1994 2.373 1.4194
v -4.2716 2.3179 1.5104
v -4.3732 2.1783 1.6369
v -4.5909 1.7615 2.2642
v -4.3787 2.0309 2.6219
v -4.4029 1.9643 2.5887
v -4.493 1.8471 2.4148
v -4.6796 1.6861 2.1164
v -4.4034 2.1374 2.6161
v -4.3929 2.0691 2.6573
v -4.3632 2.0459 2.5928
v -4.3492 2.0887 2.6078
v -4.3422 2.2025 2.5378
v -4.316 2.1256 2.5642
v -4.2413 2.3557 2.4121
v -4.4968 2.2202 2.4907
v -4.5543 2.185 2.4382
v -4.5996 2.0533 1.7952
v -4.5097 2.1476 1.6974
v -4.4082 2.133 1.6729
v -4.4162 2.2268 2.5273
v -4.3293 2.3416 2.4002
v -4.3001 2.0875 1.7491
v -4.2336 2.1661 1.7941
v -4.2941 2.17 1.6886
v -4.189 2.2201 1.8515
v -4.2196 2.2172 1.7357
v -4.1528 2.2622 1.9089
v -4.1743 2.2604 1.7941
v -4.1162 2.2806 1.9724
v -4.1481 2.3081 1.8525
v -4.1376 2.3455 1.9089
v -4.1171 2.3842 1.9908
v -4.142 2.4509 2.0616
v -4.3167 2.0351 1.7968
v -4.2414 2.1248 1.8357
v -4.2326 2.135 1.9463
v -4.1906 2.1597 1.9994
v -4.143 2.1691 2.061
v -4.1956 2.1882 1.8912
v -4.1595 2.216 1.9459
v -4.1147 2.2253 2.0087
v -1.1313 4.6825 -0.5223
v -4.3149 2.2761 1.5624
v -4.3142 2.4673 2.1855
v -4.1932 2.5011 2.0905
v -4.279 2.5026 2.0899
v -4.6865 1.9259 1.9475
v -3.4429 3.1427 1.0603
v -3.6285 2.9833 1.2677
v -3.2553 3.3065 0.8775
v -3.114 3.4451 0.7177
v -3.0509 3.4976 0.6173
v -3.0088 3.5335 0.563
v -2.9625 3.5748 0.5414
v -2.9108 3.6246 0.5387
v -2.8512 3.6882 0.5438
v -4.2839 2.0919 2.475
v -4.035 2.237 2.1949
v -4.1885 2.5024 1.998
v -4.1539 2.4581 1.9661
v -4.1328 2.4115 1.9146
v -4.1217 2.3803 1.8566
v -4.1265 2.3357 1.8095
v -4.1514 2.2853 1.7521
v -4.1952 2.2406 1.6937
v -4.273 2.2053 1.6486
v -4.3425 2.2309 1.6045
v -4.3813 2.5208 1.8528
v -4.4641 2.3774 1.7081
v -4.4122 2.3521 1.5861
v -4.4639 2.3395 1.6775
v -4.0721 2.4277 1.7736
v -4.2469 2.227 1.6148
v -4.171 2.2585 1.6557
v -4.4119 2.4908 1.8166
v -4.1254 2.3056 1.7111
v -4.4358 2.4553 1.779
v -4.1016 2.3601 1.7685
v -4.4538 2.4161 1.7415
v -0.3542 4.08 -0.4304
v -0.4953 4.0815 -0.4151
v -1.1213 4.046 -0.2584
v -1.252 4.0288 -0.159
v -0.6388 4.0827 -0.396
v -1.3373 3.9452 0.5505
v -1.3353 3.9962 -0.0437
v -1.377 3.9648 0.1009
v -1.3787 3.9397 0.3079
v -0.7934 4.0786 -0.3792
v 0 4.0596 -0.3773
v -0.1991 4.0747 -0.4069
v -0.9628 4.0638 -0.35
v -0.1753 3.896 -0.3613
v -0.3409 3.8946 -0.3989
v -1.3306 3.7365 0.355
v -1.3097 3.7615 0.5797
v 0 3.8817 -0.3363
v -0.7551 3.8951 -0.3212
v -0.9053 3.8786 -0.2665
v -1.066 3.8523 -0.1927
v -1.1893 3.8336 -0.0981
v -0.6092 3.8964 -0.3492
v -1.2633 3.7963 0.0137
v -0.4793 3.8937 -0.3885
v -1.3089 3.7649 0.1615
v -1.2682 3.8632 0.7823
v -1.2476 3.5466 0.2195
v -1.2759 3.5224 0.4098
v -0.1696 3.6925 -0.3226
v -0.3212 3.6958 -0.3502
v -1.2788 3.5435 0.6186
v 0 3.6687 -0.2769
v -0.7153 3.6758 -0.2639
v -0.8546 3.6544 -0.2105
v -1.0021 3.6218 -0.1357
v -1.1234 3.5984 -0.0449
v -0.5825 3.68 -0.3093
v -1.2039 3.5714 0.063
v -0.4596 3.6818 -0.3488
v -1.2425 3.6467 0.8156
v -1.1844 3.305 0.3019
v -1.2335 3.2999 0.4779
v -0.156 3.4588 -0.2771
v -0.2946 3.4452 -0.2776
v -1.2471 3.325 0.6652
v 0 3.4563 -0.2527
v -0.6681 3.422 -0.2177
v -0.7959 3.4004 -0.1692
v -0.9322 3.3716 -0.0888
v -1.054 3.3506 0.0158
v -0.548 3.4335 -0.2569
v -1.1241 3.3293 0.1702
v -0.4325 3.4419 -0.2873
v -1.213 3.3966 0.8538
v -1.1344 3.0728 0.3663
v -1.1707 3.0669 0.5293
v -0.1625 3.1917 -0.2197
v -0.2899 3.2002 -0.2345
v -1.2246 3.0931 0.7184
v 0 3.1814 -0.2148
v -0.6305 3.1779 -0.1742
v -0.7501 3.1656 -0.1332
v -0.8784 3.1409 -0.0507
v -0.987 3.1119 0.1014
v -0.5197 3.1878 -0.2051
v -1.0696 3.0912 0.229
v -0.4081 3.199 -0.2222
v -1.2012 3.153 0.9005
v -1.1107 2.8495 0.3949
v -1.1705 2.8545 0.5471
v -0.1579 2.9566 -0.1885
v -0.2792 2.9692 -0.1921
v -1.2034 2.8691 0.7355
v 0 2.9614 -0.1692
v -0.6208 2.9595 -0.1425
v -0.7361 2.9401 -0.0837
v -0.8469 2.9115 0.0218
v -0.9521 2.8887 0.1412
v -0.5115 2.9716 -0.183
v -1.0473 2.8672 0.2582
v -0.3964 2.9724 -0.1938
v -1.1923 2.9054 0.9153
v -1.2077 2.6576 0.716
v -1.207 2.6703 0.8972
v -1.1199 2.6485 0.3832
v -1.1871 2.6542 0.5241
v -0.1637 2.7513 -0.1906
v -0.2813 2.7563 -0.1852
v 0 2.7426 -0.1792
v -0.6142 2.7518 -0.1204
v -0.7295 2.7286 -0.0538
v -0.8375 2.7066 0.0541
v -0.9312 2.6818 0.17
v -0.5021 2.7654 -0.1581
v -1.0352 2.6632 0.271
v -0.3934 2.7681 -0.1799
v -0.2938 2.5733 -0.1984
v -0.3999 2.5859 -0.1882
v -1.2311 2.4983 0.6764
v -1.2164 2.499 0.8543
v -1.1518 2.4878 0.345
v -1.1985 2.4865 0.4894
v -0.1725 2.559 -0.1975
v 0 2.5569 -0.1935
v -0.6186 2.5711 -0.1153
v -0.7297 2.5459 -0.0242
v -0.8409 2.5307 0.0632
v -0.9632 2.5138 0.1485
v -0.5075 2.5847 -0.1646
v -1.0645 2.4997 0.2423
v -1.0943 2.3774 0.207
v -1.1328 2.2645 0.1682
v -1.2165 2.2629 0.2871
v -0.2923 2.4216 -0.233
v -0.4104 2.4362 -0.2025
v -1.2564 2.3655 0.6463
v -1.2946 2.2481 0.6192
v -1.2634 2.2358 0.7989
v -1.1765 2.375 0.3114
v -1.2742 2.2581 0.4356
v -0.1686 2.4023 -0.2427
v -1.2364 2.3718 0.4656
v 0 2.3833 -0.2245
v -0.6324 2.431 -0.1141
v -0.752 2.409 -0.041
v -0.5177 2.4401 -0.1675
v -1.1663 2.1382 0.1314
v -1.2685 2.138 0.2509
v -0.301 2.3027 -0.2568
v -0.2999 2.1842 -0.2946
v -0.4205 2.182 -0.2576
v -1.3425 2.1214 0.5969
v -1.304 2.1084 0.786
v -1.3152 2.1339 0.4034
v -0.1669 2.2953 -0.2744
v -0.1624 2.1855 -0.3041
v 0 2.2758 -0.2413
v 0 2.1733 -0.2599
v -0.6529 2.3001 -0.1354
v -0.6706 2.1703 -0.1857
v -0.806 2.1583 -0.1299
v -0.5329 2.3123 -0.1977
v -0.5426 2.1788 -0.2268
v -0.4186 2.3099 -0.2269
v -1.2272 4.1127 0.9289
v -1.1887 3.9273 0.9459
v -1.1732 3.7221 0.9663
v -1.1572 2.6736 1.0594
v -1.1964 2.5042 1.0256
v -1.0571 2.4872 1.1603
v -1.0284 2.6745 1.1899
v -1.0194 2.9497 1.2128
v -1.1191 2.932 1.074
v -0.2835 2.396 1.4722
v -0.2823 2.1965 1.4434
v -0.1187 2.2087 1.4572
v -1.0225 3.2371 1.2133
v -0.1324 2.4079 1.4841
v 0 2.2368 1.4434
v -0.8987 3.2334 1.3631
v -0.6947 3.2829 1.5009
v -0.4827 2.3786 1.4319
v -0.4752 2.181 1.4061
v -1.1199 3.2033 1.062
v -0.2988 2.9021 1.5719
v -0.2948 2.6509 1.5241
v -0.1318 2.6828 1.5375
v -0.874 2.9741 1.3451
v -0.6801 3.0305 1.4715
v -0.135 2.9377 1.5876
v 0 2.6869 1.5309
v -0.4783 2.8423 1.53
v -0.4798 2.6127 1.4779
v -0.2938 3.1627 1.614
v -0.1334 3.1978 1.6204
v 0 2.9525 1.5802
v -0.4747 3.1072 1.5789
v -0.874 2.6787 1.3209
v -0.6897 2.7346 1.4577
v -1.1513 3.4834 1.0222
v -0.4642 3.3587 1.5828
v -0.1487 3.4484 1.6002
v 0 3.2169 1.6111
v -0.3013 3.413 1.6008
v -0.8898 2.4881 1.29
v -0.6826 2.5399 1.4003
v 0 3.4426 1.5959
v -0.9027 2.3432 1.2742
v -0.9179 2.1994 1.249
v -0.6937 2.1894 1.3394
v -1.083 2.3516 1.1458
v -1.0967 2.215 1.1297
v -1.2126 2.3622 0.999
v -1.225 2.2307 0.9798
v -1.2367 2.3601 0.8232
v -1.0023 2.3834 0.1096
v -0.8845 2.3956 0.0278
v -0.0995 2.0246 1.4248
v -0.0587 1.97 1.3937
v 0 2.0021 1.3907
v -0.1418 1.8534 1.416
v -0.0895 1.8458 1.3982
v -0.1186 1.6568 1.4526
v -0.0758 1.7235 1.4059
v 0 1.5716 1.4268
v 0 1.6525 1.4129
v -0.0347 1.9166 1.4136
v 0 1.9353 1.4097
v -0.0534 1.8405 1.4046
v -0.0453 1.767 1.3971
v 0 1.7248 1.397
v 0 2.0688 1.3967
v -0.7026 2.0255 1.313
v -0.4942 2.0191 1.3835
v -0.9211 2.045 1.2277
v -1.2556 2.094 0.9729
v -1.1168 2.0712 1.1177
v -0.2899 2.0388 1.4275
v -0.9388 1.8791 1.2125
v -0.7211 1.8565 1.2972
v -1.143 1.9121 1.1071
v -1.2449 2.0044 0.0277
v -1.3417 1.9999 0.1906
v -1.2975 1.9426 0.9658
v -1.3877 1.9965 0.3727
v -0.5093 1.8367 1.3673
v -1.3627 1.9646 0.7744
v -1.4111 1.9814 0.5765
v -0.3107 1.8352 1.4078
v -0.7797 2.287 -0.0779
v 0 2.428 1.4713
v -0.6826 2.3604 1.3696
v -1.0366 2.2656 0.073
v -0.912 2.274 -0.0095
v -1.4235 1.7884 0.7578
v -1.3516 1.7628 0.9504
v -1.1918 1.7262 1.0932
v -0.9717 1.6829 1.1978
v -1.4734 1.8342 0.3384
v -1.4856 1.8124 0.5575
v -0.5287 1.6143 1.363
v -0.3284 1.6051 1.4211
v -0.7429 1.6502 1.2866
v -1.3281 1.8364 -0.0701
v -1.4155 1.8319 0.1249
v -1.1241 1.9973 -0.0657
v -1.0659 2.1343 0.0386
v -0.9414 2.1459 -0.0627
v -0.1533 2.0415 -0.3383
v -0.289 2.0294 -0.3375
v -0.686 2.0252 -0.2613
v -0.8316 2.0128 -0.2018
v -0.4186 2.0339 -0.3069
v -0.5441 2.0288 -0.2784
v 0 2.0357 -0.3031
v -0.54 1.8383 -0.3759
v -0.6957 1.8387 -0.3699
v -0.1393 1.8444 -0.3948
v -0.2767 1.8424 -0.4044
v -0.86 1.8334 -0.3313
v -0.4054 1.8385 -0.3893
v 0 1.8372 -0.3976
v -0.9834 2.0045 -0.1454
v -1.0273 1.8248 -0.2701
v -1.1872 1.8273 -0.1905
v 0 1.3801 -0.5799
v 0 1.1179 -0.6819
v -0.104 1.1322 -0.6971
v -0.689 1.385 -0.6738
v -0.6764 1.1479 -0.816
v -0.9001 1.1406 -0.799
v -0.5024 1.3777 -0.6429
v -0.481 1.1454 -0.7946
v -0.3507 1.3755 -0.6313
v -0.3233 1.1381 -0.7463
v -0.2292 1.3694 -0.619
v -0.2001 1.1323 -0.7157
v -1.064 1.599 -0.4112
v -1.0804 1.3762 -0.548
v -1.2669 1.3839 -0.4407
v -0.1153 1.3658 -0.6039
v -1.0925 1.1359 -0.6973
v -1.2813 1.1349 -0.548
v -0.6706 0.8768 -0.93
v -0.6624 0.6004 -1.0154
v -0.8862 0.5929 -0.9951
v -0.4367 0.8845 -0.8981
v -0.4089 0.5921 -0.9622
v -0.2763 0.8812 -0.8381
v -0.2527 0.5854 -0.9169
v -0.1559 0.8711 -0.7844
v -0.1325 0.5775 -0.8423
v -0.0767 0.8687 -0.7634
v -0.0681 0.5706 -0.7792
v 0 0.871 -0.7448
v 0 0.5639 -0.7609
v -0.6155 0.3575 -0.9993
v -0.8619 0.3482 -0.9672
v -0.3917 0.3569 -0.9664
v -1.1066 0.8652 -0.826
v -1.1056 0.5853 -0.8812
v -1.3059 0.5809 -0.6985
v -0.2385 0.349 -0.9222
v -0.1231 0.3422 -0.8368
v -0.0645 0.3433 -0.7543
v 0 0.3433 -0.7361
v 0 0.0948 -0.6131
v -0.0643 0.0833 -0.6754
v -0.5964 0.1224 -0.9501
v -0.8455 0.1168 -0.9346
v -0.3802 0.1179 -0.9217
v -1.0984 0.3369 -0.88
v -1.3159 0.3334 -0.7077
v -0.2268 0.1024 -0.8682
v -0.1249 0.0892 -0.7559
v 0 -0.1286 -0.4225
v -0.0626 -0.1508 -0.4974
v -0.5683 -0.1254 -0.8489
v -0.8219 -0.1102 -0.8724
v -0.3774 -0.11 -0.8112
v -1.092 0.1091 -0.8408
v -1.3258 0.1104 -0.6837
v -0.221 -0.1359 -0.72
v -0.1204 -0.1424 -0.6028
v -0.3528 -0.391 -0.5733
v -0.5509 -0.4585 -0.6099
v -1.0926 -0.1011 -0.7841
v -1.3482 -0.0889 -0.6353
v -0.2198 -0.3683 -0.5399
v -0.1344 -0.3364 -0.3683
v -0.0653 -0.3317 -0.2637
v 0 -0.3011 -0.2015
v -0.82 -0.366 -0.7394
v -0.6779 -0.6726 -0.5482
v -0.9006 -0.5766 -0.6489
v -1.125 -0.3062 -0.6944
v -1.3953 -0.2663 -0.5656
v -0.1561 -0.4392 -0.1798
v -0.2195 -0.5008 -0.2943
v -0.0816 -0.4101 -0.1004
v 0 -0.3663 -0.0631
v -1.4973 1.622 0.0712
v -1.5402 1.3887 0.0175
v -1.6339 1.3929 0.2657
v -1.5096 1.5831 0.7386
v -1.5944 1.3533 0.7191
v -1.4734 1.318 0.9035
v -1.5675 1.6243 0.3053
v -1.641 1.3747 0.5016
v -1.5775 1.6051 0.5341
v -1.3755 1.6138 -0.1595
v -1.4114 1.3845 -0.2284
v -1.4213 1.1315 -0.2935
v -1.5575 1.144 -0.0399
v -1.6631 1.1382 0.221
v -1.6362 1.1065 0.6927
v -1.5065 1.0731 0.8889
v -1.6735 1.1271 0.4631
v -1.4374 0.8644 -0.3654
v -1.4715 0.5901 -0.4229
v -1.6123 0.5911 -0.139
v -1.5812 0.8654 -0.098
v -1.7043 0.5841 0.1423
v -1.652 0.8402 0.6748
v -1.6723 0.5569 0.6698
v -1.5571 0.5278 0.896
v -1.6906 0.8674 0.1729
v -1.7157 0.5738 0.408
v -1.6964 0.8624 0.4228
v -1.4975 0.3437 -0.4374
v -1.6404 0.3394 -0.1511
v -1.7275 0.322 0.1414
v -1.7073 0.2976 0.6896
v -1.5844 0.258 0.921
v -1.7416 0.3086 0.4186
v -1.5246 0.1231 -0.4222
v -1.6648 0.1157 -0.1308
v -1.7472 0.1015 0.1649
v -1.7382 0.0932 0.7255
v -1.6091 0.0561 0.9472
v -1.7701 0.0985 0.4498
v -1.5669 -0.0694 -0.3811
v -1.7072 -0.0742 -0.0895
v -1.7814 -0.0799 0.2016
v -1.7663 -0.0791 0.7605
v -1.6419 -0.1057 0.9693
v -1.8099 -0.0752 0.4855
v -1.6119 -0.2353 -0.3316
v -1.747 -0.2348 -0.05
v -1.8194 -0.2401 0.2342
v -0.8356 -0.3781 1.1183
v -0.8925 -0.5481 1.1114
v -0.6214 -0.6179 1.0158
v -1.8493 -0.2401 0.5124
v -1.6727 -0.2646 0.9843
v -1.7067 -0.4123 0.9959
v -1.5219 -0.4425 1.1067
v -1.2393 1.6095 -0.3265
v -1.2926 0.859 -0.6511
v -0.3717 1.0085 1.3914
v -0.3741 0.6989 1.3542
v -0.1815 0.6349 1.3719
v -0.9854 1.4552 1.1794
v -1.0049 1.2057 1.1548
v -0.7771 1.1374 1.2427
v -0.7637 1.3954 1.2692
v -0.5699 1.0685 1.3334
v -0.5531 1.3437 1.3514
v -1.2167 1.5043 1.0686
v -1.2516 1.2675 1.0462
v -1.2999 1.0323 1.0472
v -1.029 0.9488 1.1389
v -0.7863 0.8668 1.2242
v -0.5754 0.7781 1.2899
v -0.1761 0.964 1.4202
v 0 0.6124 1.3794
v -1.3417 0.7601 1.059
v -1.3543 0.4828 1.0602
v -1.0796 0.4151 1.1511
v -0.7855 0.5862 1.1839
v -0.7933 0.3283 1.1746
v -0.5277 0.2189 1.1613
v -1.0548 0.6819 1.1409
v -0.1671 0.3277 1.2976
v -0.1503 0.0796 1.2115
v 0 0.0689 1.215
v -0.5616 0.4876 1.2432
v -0.3096 0.123 1.1942
v -1.3762 0.2172 1.0772
v -1.0938 0.1642 1.1598
v -0.7861 0.1033 1.157
v -0.4908 0.0179 1.0887
v -0.1351 -0.1107 1.1139
v 0 -0.1335 1.114
v -0.264 -0.0687 1.1108
v -1.404 0.0241 1.0886
v -1.0979 -0.0216 1.1554
v -0.7651 -0.0735 1.1379
v -0.4062 -0.1454 1.0405
v -0.1178 -0.2285 1.0266
v 0 -0.2498 1.0243
v -0.2325 -0.1915 1.0285
v -1.4432 -0.1326 1.0972
v -1.1191 -0.1774 1.1485
v -0.7853 -0.2309 1.1233
v -0.3535 0.3952 1.2916
v -0.0899 -0.3511 0.8421
v -0.0837 -0.4044 0.6178
v 0 -0.4159 0.6343
v -0.1843 -0.3131 0.8262
v -0.1495 -0.3791 0.602
v -0.2522 -0.3187 0.8126
v -0.2236 -0.4265 0.5816
v -0.148 1.2769 1.4498
v -0.3541 1.3051 1.4169
v 0 0.9426 1.4264
v 0 1.2677 1.449
v 0 1.5768 -0.5034
v -0.6932 1.604 -0.5084
v -0.8902 1.3837 -0.6505
v -0.5218 1.6002 -0.5063
v -0.3788 1.5994 -0.5078
v -0.2525 1.5942 -0.5098
v -0.1291 1.5782 -0.5124
v -1.3807 1.5465 0.9185
v -1.5361 0.8108 0.8918
v -0.8821 1.6064 -0.4913
v -0.8925 0.8694 -0.9161
v -1.8515 -0.369 0.257
v -1.6376 -0.3823 -0.3034
v -1.7713 -0.3681 -0.0264
v -1.429 -0.4355 -0.5079
v -1.8846 -0.3735 0.531
v -0.5573 -0.4303 1.0159
v -1.4801 -0.2895 1.1028
v -1.1582 -0.3313 1.1424
v -1.1706 -0.5004 -0.6079
v -0.2475 -0.6195 0.3723
v -0.207 -0.5121 0.3923
v -0.2644 -0.5552 0.5703
v -1.2046 -0.4955 1.1383
v -0.3149 -0.6929 0.5651
v -0.3241 -0.4468 0.8075
v -0.2955 -0.7557 0.3575
v -0.3767 -0.8453 0.5612
v -0.3843 -0.5791 0.807
v -0.3558 -0.9063 0.3416
v -1.7985 -0.2349 0.7822
v -1.8278 -0.3762 0.7935
v -0.3094 -0.5729 -0.3318
v -0.4295 -0.6818 -0.354
v -0.5303 -0.8151 -0.3602
v -0.4216 -1.076 0.3285
v -1.2535 -0.6717 1.1337
v -0.9815 -0.735 -0.6167
v -1.2257 -0.649 -0.5813
v -0.5977 -0.9643 -0.3636
v -0.7677 -0.8429 -0.5086
v -1.6698 -0.5135 -0.2934
v -1.796 -0.4924 -0.0158
v -1.7455 -0.5535 1.0034
v -1.5593 -0.5995 1.1082
v -1.4692 -0.5755 -0.4895
v -0.9509 -0.7497 1.1038
v -0.7019 -0.8376 1.0053
v -1.8749 -0.4925 0.2683
v -1.9105 -0.4962 0.5416
v -0.4414 -1.0259 0.5602
v -0.4476 -0.7406 0.8044
v -1.8626 -0.5086 0.8015
v -1.0447 -0.9282 -0.5905
v -1.2792 -0.8237 -0.5721
v -1.519 -0.7431 -0.4784
v -1.0271 -0.987 1.0924
v -1.9034 -0.6727 0.2703
v -0.8312 -1.0435 -0.4871
v -0.5125 -1.2583 0.5517
v -0.5216 -0.9469 0.799
v -1.9388 -0.6739 0.5406
v -1.3096 -0.8833 1.1295
v -1.7906 -0.7418 1.0043
v -0.4887 -1.2869 0.3173
v -1.7137 -0.6874 -0.283
v -1.8319 -0.669 -0.0093
v -0.7831 -1.0867 0.9837
v -1.9057 -0.6919 0.801
v -1.5955 -0.8025 1.1104
v -0.6503 -1.1419 -0.3529
v -1.1629 -1.6309 1.0822
v -0.9295 -1.7316 0.9443
v -0.8661 -1.3882 0.9592
v -0.7741 -1.8171 0.7429
v -0.6805 -1.483 0.7632
v -0.6882 -1.8784 0.5241
v -0.8508 -2.1727 0.7467
v -0.6529 -1.9099 0.3042
v -0.7753 -2.2309 0.5275
v -0.7323 -2.2674 0.3143
v -0.7332 -2.2739 0.1036
v -0.7115 -1.8851 -0.1063
v -0.6392 -1.5338 -0.1243
v -0.5516 -1.5754 0.0803
v -0.8093 -1.825 -0.2887
v -0.7201 -1.467 -0.3269
v -0.9692 -1.7193 -0.4254
v -0.8871 -1.349 -0.4676
v -1.156 -1.6059 -0.51
v -1.0805 -1.2227 -0.5676
v -1.377 -1.5032 -0.5154
v -1.322 -1.1228 -0.556
v -1.6167 -1.4332 -0.4163
v -1.4282 -1.899 -0.4496
v -1.7875 -1.3892 -0.234
v -1.7439 -0.995 -0.2598
v -1.9454 -2.6524 0.2562
v -1.9568 -2.2289 0.2703
v -1.9398 -2.2304 0.0831
v -1.1605 -2.5061 -0.304
v -1.2314 -2.9151 -0.283
v -1.3911 -2.849 -0.3234
v -0.9399 -2.9989 0.53
v -0.8527 -2.6192 0.5308
v -0.9134 -2.5661 0.7433
v -1.9593 -2.6662 0.4138
v -1.5871 -2.7508 0.9593
v -1.5343 -2.3181 1.0569
v -1.7483 -2.2626 1.0001
v -1.9005 -2.6677 0.7374
v -1.8827 -2.2284 0.8386
v -1.959 -2.2136 0.6355
v -0.9306 -3.0281 0.3391
v -0.8347 -2.6515 0.3235
v -1.8495 -2.2498 -0.1155
v -1.8646 -2.6957 -0.0843
v -1.9162 -2.6672 0.0934
v -1.2915 -2.4007 1.0317
v -1.3685 -2.8083 0.954
v -1.1378 -2.8828 0.8992
v -1.9615 -2.2238 0.4392
v -1.9532 -2.662 0.5741
v -1.7068 -2.2932 -0.261
v -1.7426 -2.7354 -0.2219
v -1.7637 -2.6917 0.8741
v -0.9768 -2.5815 -0.2263
v -1.0849 -2.9772 -0.175
v -1.3185 -2.4244 -0.3593
v -1.5661 -2.7825 -0.3179
v -1.4985 -2.3582 -0.3603
v -1.9474 -2.9289 0.3874
v -1.943 -2.9274 0.5321
v -1.7477 -3.0001 -0.2242
v -1.8644 -2.9703 -0.078
v -1.8953 -2.9374 0.6714
v -1.7837 -2.9733 0.7927
v -1.1363 -3.2436 -0.1663
v -1.2704 -3.1903 -0.2811
v -1.4171 -3.1159 -0.3234
v -1.5804 -3.0528 -0.2992
v -1.4153 -3.0616 0.8723
v -1.9469 -2.9318 0.2426
v -1.009 -3.2552 0.5211
v -0.9907 -2.9495 0.719
v -1.623 -3.005 0.8994
v -0.993 -3.2814 0.3491
v -1.9192 -2.9437 0.0873
v -1.2238 -3.1163 0.8377
v -1.4641 -3.2566 0.8842
v -1.9533 -3.1256 0.2243
v -1.2863 -3.3608 -0.2805
v -1.4277 -3.2932 -0.3245
v -1.0588 -3.4279 0.5024
v -1.0755 -3.2059 0.6895
v -1.9567 -3.1297 0.3691
v -1.6301 -3.2122 0.8729
v -1.8567 -3.1593 0.6374
v -1.0181 -3.4494 0.3332
v -1.8739 -3.1467 -0.096
v -1.9367 -3.1283 0.0691
v -1.2955 -3.3163 0.8353
v -1.9194 -3.1444 0.5059
v -1.7463 -3.1803 -0.2244
v -1.7708 -3.1769 0.7621
v -1.1658 -3.4081 -0.1584
v -1.5829 -3.2333 -0.2941
v -1.9839 -3.303 0.351
v -1.9408 -3.325 0.4903
v -1.7533 -3.3295 -0.2326
v -1.8837 -3.2929 -0.1143
v -1.8748 -3.3464 0.6244
v -1.778 -3.3704 0.7417
v -1.1848 -3.5468 -0.1605
v -1.3024 -3.4966 -0.2736
v -1.442 -3.4362 -0.3309
v -1.6073 -3.3778 -0.3157
v -1.4743 -3.4383 0.8862
v -1.9784 -3.2913 0.2062
v -1.0909 -3.5873 0.487
v -1.1392 -3.3843 0.6731
v -1.6482 -3.4016 0.8461
v -1.0393 -3.6036 0.3149
v -1.9672 -3.2815 0.051
v -1.3364 -3.4813 0.846
v -1.5094 -3.6058 0.876
v -1.9956 -3.4515 0.1855
v -1.3231 -3.627 -0.2779
v -1.4583 -3.5711 -0.3466
v -1.1 -3.7503 0.4715
v -1.1767 -3.5492 0.6625
v -2.0075 -3.4694 0.3329
v -1.683 -3.577 0.8568
v -1.9147 -3.5183 0.6167
v -1.0544 -3.7604 0.2976
v -1.8931 -3.4303 -0.1356
v -1.9814 -3.4346 0.0303
v -1.3661 -3.6419 0.8365
v -1.9664 -3.4962 0.4774
v -1.7627 -3.4658 -0.2465
v -1.8134 -3.5494 0.7444
v -1.2104 -3.6839 -0.1691
v -1.6262 -3.5137 -0.3333
v -1.5452 -3.7712 0.8448
v -1.4024 -3.8072 0.8049
v -2.0272 -3.637 0.3121
v -1.9692 -3.6692 0.4566
v -1.7828 -3.6138 -0.2697
v -1.9137 -3.584 -0.1572
v -1.9203 -3.6878 0.601
v -1.8352 -3.7157 0.7468
v -1.2394 -3.8395 -0.1967
v -1.3563 -3.7762 -0.2939
v -1.4894 -3.7197 -0.364
v -1.653 -3.6609 -0.3521
v -2.0224 -3.6169 0.1673
v -1.1304 -3.9215 0.4457
v -1.1944 -3.7141 0.6478
v -1.7156 -3.7412 0.8373
v -1.0986 -3.9261 0.2733
v -2.001 -3.5968 0.0095
v -1.5706 -3.949 0.8005
v -2.0602 -3.7813 0.1415
v -1.3846 -3.9567 -0.3438
v -1.5236 -3.8954 -0.4062
v -1.208 -4.1045 0.406
v -1.2401 -3.8817 0.6184
v -2.0644 -3.7934 0.2915
v -1.7362 -3.9036 0.7845
v -1.9264 -3.8463 0.5751
v -1.1959 -4.1048 0.2385
v -1.9586 -3.765 -0.1872
v -2.0599 -3.7625 -0.0213
v -1.4525 -3.9871 0.737
v -2.003 -3.8215 0.4359
v -1.8325 -3.789 -0.3086
v -1.8467 -3.8685 0.7065
v -1.2786 -4.0233 -0.2333
v -1.6944 -3.8353 -0.3915
v -1.9667 -3.9936 0.5467
v -1.2725 -4.3101 0.1906
v -2.0238 -3.945 -0.2368
v -2.1022 -3.9364 -0.0574
v -1.628 -4.1322 0.7137
v -1.5136 -4.1867 0.6526
v -2.1063 -3.9484 0.2709
v -2.0464 -3.9704 0.4153
v -1.8921 -3.9756 -0.3706
v -1.8682 -4.0269 0.6627
v -1.3172 -4.2351 -0.2746
v -1.4146 -4.1619 -0.3958
v -1.5645 -4.0913 -0.4547
v -1.7295 -4.0308 -0.442
v -2.1128 -3.9437 0.1132
v -1.3019 -4.3082 0.3618
v -1.3063 -4.0647 0.5681
v -1.7545 -4.0752 0.7165
v -1.9389 -4.16 -0.4208
v -1.6708 -4.3489 0.6105
v -2.1886 -4.1121 0.0851
v -1.4459 -4.3868 -0.458
v -1.5976 -4.3041 -0.5149
v -1.3638 -4.5342 0.3159
v -1.3877 -4.2675 0.5099
v -2.1561 -4.1225 0.2503
v -1.782 -4.2778 0.6335
v -1.9976 -4.1852 0.5092
v -1.3081 -4.5455 0.165
v -2.0837 -4.1157 -0.2837
v -2.1796 -4.1097 -0.0934
v -1.5667 -4.4157 0.5533
v -2.0883 -4.1549 0.4012
v -1.8956 -4.2167 0.6057
v -1.3366 -4.4683 -0.3274
v -1.7674 -4.2325 -0.4976
v -2.0391 -4.4148 0.4855
v -1.3509 -4.7874 0.1358
v -2.1751 -4.3334 -0.323
v -2.2793 -4.3247 -0.1292
v -1.7176 -4.5992 0.5275
v -1.6238 -4.6663 0.477
v -2.2339 -4.3392 0.2324
v -2.136 -4.3841 0.3732
v -2.0137 -4.3905 -0.4771
v -1.9286 -4.4563 0.5473
v -1.3585 -4.7018 -0.3966
v -1.4654 -4.6424 -0.5228
v -1.626 -4.5568 -0.5757
v -1.8212 -4.4721 -0.5685
v -2.2913 -4.3206 0.0622
v -1.4179 -4.7761 0.2798
v -1.454 -4.4918 0.4441
v -1.8167 -4.5259 0.5618
v -1.4111 -4.9759 -0.4129
v -1.5146 -4.9171 -0.5633
v -1.6709 -4.8405 -0.6366
v -1.8999 -4.7559 -0.6321
v -2.106 -4.6827 -0.5272
v -1.7626 -4.8815 0.4727
v -2.372 -4.5882 0.048
v -1.5103 -5.0229 0.2429
v -1.52 -4.732 0.3868
v -2.2997 -4.6109 0.2329
v -1.8554 -4.8146 0.5325
v -2.0767 -4.6995 0.4666
v -1.4233 -5.0421 0.1127
v -2.2855 -4.623 -0.3685
v -2.3819 -4.5965 -0.1694
v -1.6833 -4.9353 0.4263
v -2.1804 -4.6656 0.3625
v -1.9623 -4.7491 0.5102
v -2.4217 -4.9374 0.0622
v -2.327 -4.9654 0.2421
v -1.8929 -5.1337 0.491
v -2.1099 -5.0302 0.453
v -1.5226 -5.3152 0.098
v -2.3528 -4.961 -0.386
v -2.4348 -4.9328 -0.1741
v -1.8089 -5.1843 0.4362
v -1.7383 -5.2263 0.3856
v -2.2152 -5.0002 0.3663
v -2.1856 -5.0122 -0.5567
v -1.9991 -5.0753 0.4904
v -1.4717 -5.2758 -0.4104
v -1.5789 -5.2262 -0.5765
v -1.7518 -5.1588 -0.6409
v -1.9742 -5.0818 -0.6402
v -1.605 -5.2926 0.2172
v -1.6012 -4.9854 0.3458
v -1.5757 -5.5811 -0.3795
v -1.6678 -5.5411 -0.5439
v -1.8154 -5.4873 -0.5986
v -2.0052 -5.4275 -0.584
v -2.2008 -5.3617 -0.5377
v -1.8589 -5.5071 0.3884
v -2.4368 -5.3092 0.0823
v -1.6872 -5.5935 0.1956
v -1.6702 -5.2632 0.3179
v -2.3476 -5.3376 0.2553
v -1.9326 -5.4756 0.4276
v -2.1377 -5.389 0.4388
v -1.6291 -5.6107 0.0832
v -2.3763 -5.3115 -0.377
v -2.4414 -5.2935 -0.1296
v -1.7938 -5.5379 0.3508
v -2.2416 -5.3646 0.3775
v -2.0304 -5.4319 0.4496
v -1.763 -5.9371 0.1966
v -1.7433 -5.5663 0.2828
v -2.4218 -5.772 0.0773
v -2.356 -5.7836 0.2198
v -1.9924 -5.8611 0.3821
v -2.1693 -5.8177 0.3859
v -1.7132 -5.9514 0.0955
v -2.3593 -5.762 -0.3106
v -2.423 -5.7607 -0.1131
v -1.927 -5.8774 0.3535
v -1.8696 -5.8966 0.3203
v -2.261 -5.8018 0.3305
v -2.2269 -5.7846 -0.4496
v -2.0762 -5.8391 0.3989
v -1.7179 -5.9223 -0.3175
v -1.7843 -5.8886 -0.4419
v -1.8984 -5.8522 -0.5125
v -2.0591 -5.8166 -0.5089
v -2.1969 -7.5578 -0.4262
v -2.1947 -7.6705 -0.452
v -2.3397 -7.6765 -0.4396
v -1.9444 -7.4909 -0.0254
v -1.902 -7.4593 0.1504
v -1.9092 -7.5677 0.1379
v -2.5786 -7.5893 0.0507
v -2.5546 -7.6138 0.2119
v -2.5244 -7.5288 0.2351
v -2.5949 -7.486 0.0731
v -2.489 -7.418 0.2635
v -2.4944 -7.2583 0.199
v -2.5382 -7.2569 0.0679
v -2.5718 -7.3787 0.0853
v -2.4676 -7.0912 0.1512
v -2.4924 -7.1001 0.0561
v -2.4308 -6.8677 0.1316
v -2.4532 -6.8682 0.0433
v -2.3974 -6.3678 0.1647
v -2.4377 -6.3718 -0.0927
v -2.4606 -6.8545 -0.0722
v -2.388 -6.3789 -0.2389
v -2.4198 -6.859 -0.1825
v -2.46 -7.0931 -0.1604
v -2.2466 -6.3661 0.3317
v -2.1666 -6.3726 0.3539
v -2.1506 -6.8469 0.3553
v -2.0382 -6.3859 0.3374
v -2.097 -6.3789 0.3548
v -1.9281 -6.4201 -0.3405
v -1.994 -6.8991 -0.2692
v -2.1155 -6.9309 -0.3439
v -1.9905 -6.8484 0.2485
v -1.8697 -6.4002 0.2031
v -1.9257 -6.3945 0.268
v -2.3889 -6.8544 0.2326
v -2.2095 -6.8436 0.3549
v -1.9402 -6.8572 0.1619
v -1.8221 -6.4074 0.1145
v -2.0958 -6.8478 0.3336
v -2.3254 -6.3672 0.2695
v -2.3295 -6.8338 0.3056
v -2.301 -6.3945 -0.3518
v -2.3495 -6.8815 -0.29
v -1.8511 -6.4209 -0.2386
v -1.9288 -6.8906 -0.1743
v -2.0421 -6.4162 -0.4123
v -2.2583 -6.9095 -0.3622
v -2.1795 -6.4054 -0.4178
v -2.1589 -7.07 0.4045
v -2.1108 -7.0623 0.3791
v -2.4123 -7.0849 0.2613
v -2.3444 -7.0639 0.3254
v -2.4989 -7.2531 -0.1654
v -2.5518 -7.255 -0.059
v -2.5051 -7.1008 -0.0626
v -2.131 -7.4394 0.683
v -2.0684 -7.4331 0.6832
v -2.0524 -7.3172 0.4829
v -2.2214 -7.0704 0.3899
v -2.27 -6.8376 0.3358
v -0.1675 7.2576 1.3887
v -0.1553 7.2505 1.3949
v -0.4529 7.2326 1.3344
v -1.815 -7.9457 1.59
v -1.8139 -7.9396 1.557
v -1.8534 -7.8772 1.557
v -2.0453 -7.9603 1.6932
v -2.0395 -7.9698 1.7211
v -2.0035 -7.9271 1.7004
v -1.8936 -8.0168 1.9091
v -1.8896 -8.0472 1.8844
v -1.8527 -8.0108 1.8571
v -2.0307 -7.965 1.7621
v -2.0215 -7.958 1.7772
v -1.9959 -7.9436 1.7345
v -1.8588 -8.0988 1.823
v -1.83 -8.1082 1.7505
v -1.7928 -8.0541 1.7351
v -1.8286 -8.0996 1.6099
v -1.7946 -8.0372 1.6099
v -1.7733 -8.0519 1.6511
v -1.8089 -7.9473 1.6199
v -1.8621 -7.878 1.5903
v -1.8403 -8.0801 1.5513
v -1.8132 -8.0219 1.5454
v -1.8025 -8.0272 1.5832
v -1.8369 -8.0939 1.5775
v -1.8075 -7.9525 1.6477
v -1.864 -7.8846 1.6142
v -2.0087 -8.104 1.6101
v -1.9536 -8.1433 1.6089
v -1.9757 -8.1418 1.6506
v -1.9833 -8.093 1.5592
v -1.9384 -8.1294 1.5579
v -1.9459 -8.1389 1.5809
v -2.0392 -8.0817 1.8055
v -2.0431 -8.089 1.7531
v -2.0037 -8.1418 1.7665
v -2.0204 -8.0086 1.8848
v -2.027 -8.035 1.8682
v -1.9988 -8.0534 1.8818
v -1.9897 -8.0996 1.5812
v -2.0067 -7.9577 1.7853
v -1.9905 -7.9487 1.7435
v -2.0149 -7.9933 1.8772
v -2.0199 -7.9816 1.865
v -1.8987 -7.9978 1.8892
v -1.8721 -7.9925 1.8731
v -1.9896 -7.8968 1.575
v -1.987 -7.8918 1.5496
v -2.0149 -7.9355 1.5567
v -1.8667 -7.91 1.6924
v -1.8723 -7.9199 1.7124
v -1.8369 -7.9664 1.7384
v -1.8823 -7.9305 1.7396
v -1.8897 -7.9413 1.7504
v -1.8752 -7.9583 1.8017
v -1.9967 -7.9007 1.6096
v -2.0211 -7.9373 1.577
v -1.9976 -7.9013 1.6341
v -2.031 -7.9405 1.6078
v -1.8977 -7.9496 1.7554
v -1.8825 -7.9605 1.8041
v -1.9231 -8.028 1.9117
v -1.9238 -8.0587 1.8889
v -1.9033 -8.1211 1.8307
v -1.8778 -8.1461 1.7795
v -1.8705 -8.1517 1.6138
v -1.8134 -8.1066 1.6518
v -1.8715 -8.1214 1.5487
v -1.8755 -8.1389 1.5791
v -2.0474 -8.0593 1.6026
v -2.0258 -8.104 1.6505
v -2.0341 -8.0499 1.5585
v -2.0526 -8.0506 1.797
v -2.0536 -8.0527 1.7422
v -2.0317 -7.9912 1.8608
v -2.0413 -8.0149 1.8432
v -2.0403 -8.0514 1.578
v -1.9981 -8.0205 1.902
v -1.9957 -8.0053 1.896
v -1.9206 -8.0095 1.9017
v -1.8666 -7.8896 1.64
v -1.9366 -7.8986 1.6869
v -1.932 -7.8766 1.6422
v -2.2243 -7.979 1.7605
v -2.2213 -7.9797 1.7907
v -2.1931 -7.9513 1.7932
v -2.1128 -8.009 1.8966
v -2.1064 -8.0268 1.8901
v -2.0997 -8.0077 1.8638
v -2.2088 -7.9715 1.8266
v -2.203 -7.9742 1.8325
v -2.1902 -7.9614 1.8162
v -2.0878 -8.059 1.8337
v -2.0825 -8.0895 1.7458
v -2.077 -8.0134 1.7664
v -2.2218 -7.976 1.733
v -2.1927 -7.945 1.778
v -1.9064 -7.8427 -0.1129
v -1.9161 -7.7691 0.1
v -1.9231 -7.8639 0.0892
v -2.222 -8.0602 1.8358
v -2.2217 -8.0836 1.7412
v -2.1807 -8.1197 1.742
v -2.2046 -8.0084 1.8884
v -2.2102 -8.0231 1.8809
v -2.185 -8.0402 1.9012
v -2.1931 -7.9762 1.8371
v -2.1859 -7.9674 1.8218
v -2.1951 -7.9973 1.891
v -2.2008 -7.9903 1.874
v -2.1187 -7.999 1.8932
v -2.1065 -7.9969 1.872
v -1.8958 -7.9591 -0.1312
v -1.9292 -7.9623 0.0847
v -2.0896 -8.0768 1.6874
v -2.0802 -8.005 1.7216
v -2.2118 -8.075 1.6819
v -2.1808 -8.0967 1.6708
v -2.1157 -7.943 1.7812
v -2.1155 -7.9504 1.7966
v -2.0937 -7.961 1.7989
v -2.1196 -7.9607 1.814
v -2.1222 -7.9666 1.8197
v -2.1095 -7.9798 1.8325
v -2.1156 -7.9208 1.7582
v -2.0949 -7.946 1.7786
v -2.1267 -7.9713 1.8244
v -2.1207 -7.9794 1.8372
v -2.1323 -8.0174 1.9062
v -2.1294 -8.0405 1.9047
v -2.1161 -8.0898 1.8647
v -2.1194 -8.1232 1.7454
v -2.2324 -8.0257 1.8066
v -2.2313 -8.0366 1.7467
v -2.2079 -7.9986 1.8652
v -2.2152 -8.0042 1.8585
v -2.1809 -8.0176 1.9071
v -2.1829 -8.0067 1.8984
v -2.1297 -8.0059 1.9014
v -2.1249 -8.1041 1.6765
v -2.2248 -8.032 1.7014
v -0.1729 6.8944 1.489
v -0.1757 6.8899 1.4694
v -0.334 7.0395 1.4313
v -0.283 7.0134 1.4491
v -0.2136 7.0547 1.4478
v -0.1403 7.1364 1.4467
v -0.1297 7.1108 1.468
v -0.0974 7.1406 1.4862
v -0.0341 7.0978 1.5712
v -0.0347 7.141 1.5487
v -0.0643 7.1268 1.5321
v -0.1819 7.1079 1.4383
v -0.1678 7.083 1.4551
v -0.063 7.0869 1.556
v 0 7.1046 1.583
v 0 7.1485 1.5617
v -0.2425 7.0794 1.4417
v -0.1645 6.8614 1.4846
v -0.2505 7.1026 1.4335
v -0.1922 7.1282 1.4315
v -0.1969 7.1465 1.4224
v 0 7.7191 1.5139
v -0.0601 7.7176 1.5103
v -0.1581 7.7103 1.4952
v -0.2584 7.695 1.4579
v -0.3541 7.668 1.4028
v -0.1222 6.7908 1.5171
v -0.1857 6.8348 1.4708
v -0.164 6.8001 1.4923
v -0.0589 6.9167 1.6614
v -0.2499 6.7048 1.4565
v 0 6.909 1.6807
v -0.2012 7.2507 1.3821
v -0.1937 7.2438 1.3837
v -0.1764 7.2308 1.3853
v -0.1856 7.2391 1.3849
v -0.1493 7.2102 1.4061
v -0.1632 7.2214 1.3891
v -0.1362 7.004 1.5085
v -0.4513 7.6307 1.3389
v -0.2012 6.8982 1.4623
v -0.4995 7.2271 1.2985
v -0.327 7.0815 1.42
v -0.2546 7.1251 1.4238
v -0.2424 7.2487 1.3858
v -0.4342 7.275 1.3509
v -0.1807 7.1903 1.2291
v -0.1823 7.1928 1.21
v -0.1859 7.1983 1.1882
v -0.1958 7.2083 1.1595
v -0.3412 7.1672 1.1387
v -0.5313 7.5811 1.262
v -0.5148 7.5462 1.2847
v -0.0584 6.3945 1.4866
v 0 6.3877 1.4983
v -0.3236 7.1121 1.4116
v -0.1418 6.9154 1.5735
v -0.0374 6.7794 1.5593
v -0.6545 7.2113 1.045
v -0.6383 7.2218 1.0939
v -0.1309 6.4115 1.4639
v -0.2282 6.8445 1.4587
v -0.1941 6.4353 1.4294
v -0.2483 6.463 1.4034
v -0.2912 6.4928 1.3829
v -0.1712 6.9974 1.4719
v -0.2034 6.9603 1.4628
v -0.3194 6.522 1.3701
v -0.3301 6.5598 1.3716
v -0.3328 6.599 1.3782
v -0.3221 6.6394 1.3931
v -0.3005 6.6785 1.4164
v -0.2657 6.7257 1.4455
v -0.2744 6.858 1.4431
v -0.309 6.805 1.4232
v -0.3392 6.7543 1.4028
v -0.2948 6.7418 1.4282
v -0.105 7.1691 1.4622
v -0.5861 7.5163 1.1785
v -0.6221 7.4458 1.0994
v -0.6451 7.3655 1.0419
v -0.6617 7.2822 1.0035
v -0.6472 7.282 1.0577
v -0.6238 6.9059 1.0719
v -0.6306 6.8612 1.0068
v -0.5974 6.7871 1.0551
v -0.6684 7.2016 0.9904
v -0.6664 7.1234 0.9892
v -0.6539 7.1417 1.0447
v -0.6606 7.048 1.0028
v -0.6486 7.0748 1.0587
v -0.6478 6.9751 1.0308
v -0.6157 6.9493 1.1288
v -0.6369 7.0106 1.0872
v -0.5819 6.8923 1.1801
v -0.4451 6.482 1.1575
v -0.0721 6.2773 1.4686
v 0 6.2711 1.4828
v 0 6.3268 1.499
v -0.3827 6.6489 1.3511
v -0.3877 6.5884 1.3243
v -0.3607 6.5936 1.3544
v -0.0942 7.1055 1.5132
v -0.1467 6.2933 1.4487
v -0.1512 6.2503 1.4211
v -0.0759 6.2327 1.4424
v -0.3779 6.5276 1.3063
v -0.3541 6.5439 1.3431
v -0.3184 6.4208 1.3262
v -0.3314 6.3918 1.2939
v -0.2806 6.3387 1.3327
v -0.21 6.3279 1.4032
v -0.2198 6.2877 1.3779
v -0.2703 6.3698 1.3583
v -0.3546 6.4719 1.3073
v -0.4012 6.5127 1.2651
v -0.0717 6.2082 1.4229
v 0 6.2006 1.4344
v 0 6.2267 1.4548
v -0.3717 6.4489 1.269
v -0.1506 6.2287 1.3991
v -0.2197 6.265 1.3568
v -0.5673 6.9391 1.2261
v -0.6047 6.9888 1.1778
v -0.6586 6.9395 0.9698
v -0.6255 7.0434 1.1377
v -0.6351 7.1014 1.1077
v -0.1227 7.0806 1.4911
v -0.1531 7.0535 1.47
v -0.6387 7.1609 1.0956
v -0.6788 7.105 0.9307
v -0.6824 7.1932 0.9359
v -0.6905 7.187 0.8833
v -0.6757 7.2836 0.9518
v -0.6829 7.2872 0.903
v -0.6232 7.2322 1.1362
v -0.6248 7.1799 1.1372
v -0.6221 7.1277 1.15
v -0.6094 7.0755 1.1765
v -0.5853 7.0256 1.2159
v -0.5497 6.9821 1.2637
v -0.6718 7.0209 0.9421
v -0.6879 7.089 0.8745
v -0.0605 7.7675 1.4941
v 0 7.7705 1.4976
v -0.16 7.7672 1.4763
v -0.3674 7.722 1.387
v -0.2608 7.7507 1.4389
v -0.4688 7.6793 1.3165
v -0.6595 7.3793 0.9949
v -0.6675 7.3927 0.9465
v -0.6371 7.4697 1.0536
v -0.6063 7.5489 1.1373
v -0.6796 6.9961 0.8807
v -0.6613 6.9044 0.9022
v -0.632 6.8146 0.9334
v -0.6007 6.7262 0.9796
v -0.5905 6.8425 1.1234
v -0.5558 6.7241 1.1216
v -0.4203 6.6518 1.3134
v -0.4183 6.5831 1.2828
v -0.1362 6.3502 1.4619
v -0.3074 6.4555 1.3526
v -0.199 6.3798 1.4203
v -0.258 6.4162 1.3825
v -0.3371 6.497 1.3416
v -0.2822 6.316 1.3088
v -0.1908 7.023 1.4578
v -0.2384 6.9838 1.455
v -0.3489 6.9519 1.4254
v -0.3851 6.8959 1.3979
v -0.35 6.6443 1.3741
v -0.3253 6.6909 1.3973
v -0.342 6.3682 1.2606
v -0.388 6.4286 1.2295
v -0.4247 6.4983 1.2166
v -0.0671 6.186 1.3931
v 0 6.1769 1.403
v -0.4555 6.5769 1.2187
v -0.4984 6.5782 1.1305
v -0.6439 7.6209 1.0421
v -0.5552 6.651 1.0493
v 0 7.9191 1.4454
v -0.1339 7.1981 1.4261
v -0.5503 6.7903 1.1837
v -0.3642 6.702 1.3771
v -0.1416 7.0264 1.4881
v -0.1171 7.0511 1.514
v -0.0919 7.0715 1.5384
v -0.0676 6.3331 1.4894
v -0.2605 6.7911 1.4444
v -0.064 6.9013 -0.2039
v 0 6.8981 -0.2041
v 0 6.8467 -0.1843
v -0.1566 6.7957 -0.1603
v -0.1596 6.8457 -0.1787
v -0.0601 6.8474 -0.1831
v -0.2663 6.8354 -0.1629
v -0.3646 6.9074 -0.1303
v -0.4432 6.9044 -0.0508
v -0.3585 6.8314 -0.1106
v -0.4987 6.9081 0.0566
v -0.4374 6.8259 -0.0366
v -0.5392 6.9134 0.174
v -0.491 6.8269 0.0789
v -0.5313 6.837 0.2001
v -0.5715 6.8531 0.3925
v -0.5737 6.9028 0.3597
v -0.5565 6.8685 0.2919
v -0.4105 6.7113 1.3456
v -0.3904 6.768 1.3746
v -0.4396 6.7861 1.339
v -0.3629 6.8226 1.4008
v -0.4561 6.726 1.3001
v -0.4627 6.6568 1.2581
v 0 6.1683 1.3778
v -0.5396 6.8469 1.2375
v -0.5038 6.7494 1.2464
v -0.4415 6.9187 1.3619
v -0.4001 6.9741 1.3914
v -0.4689 6.9935 1.3472
v -0.4303 7.0406 1.3772
v -0.5072 6.6769 1.1904
v -0.4973 6.9449 1.317
v -0.411 7.0777 1.387
v -0.3942 7.1108 1.3816
v -0.38 7.1439 1.379
v -0.3698 7.1722 1.3779
v -0.3642 7.1937 1.3842
v -0.3597 7.2113 1.3915
v -0.3536 7.2243 1.3969
v -0.3477 7.1495 1.1659
v -0.3526 7.1395 1.1909
v -0.3563 7.1342 1.2152
v -0.3592 7.1327 1.2419
v -0.3611 7.1375 1.2768
v -0.3603 7.156 1.3217
v -0.3555 7.1918 1.3629
v -0.3528 7.2468 1.3554
v -0.3497 7.2428 1.3877
v -0.3519 7.2408 1.3967
v -0.3522 7.235 1.4001
v -0.3519 7.2406 1.4016
v -0.3634 7.3726 1.1231
v -0.3228 7.3581 1.103
v -0.2959 7.1263 1.2212
v -0.5174 6.8972 1.2747
v -0.4158 6.8411 1.3714
v -0.4929 6.8105 1.2936
v -0.4691 6.8653 1.3304
v -0.2297 6.7759 1.4643
v -0.2083 6.7215 1.483
v -0.2121 6.752 1.4771
v -0.2087 6.6897 1.4875
v -0.1018 6.7424 1.5479
v -0.1678 6.7546 1.5023
v 0 6.4872 1.5161
v -0.156 6.6146 1.5163
v -0.2108 6.667 1.4958
v -0.095 6.7665 1.538
v -0.1437 6.6183 1.4834
v -0.134 6.6383 1.5383
v -0.1291 6.7639 1.5213
v -0.1091 6.7162 1.5654
v -0.1419 6.629 1.4737
v -0.1293 6.6608 1.4602
v -0.1253 6.7047 1.4592
v -0.1234 6.7486 1.4534
v -0.122 6.8004 1.4259
v -0.1317 6.8717 1.3506
v -0.1498 6.9338 1.2219
v -0.1889 6.9669 1.0251
v -0.1814 6.9308 0.8245
v 0 7.5602 1.5335
v 0 7.8499 -0.3605
v -0.5853 7.0074 0.2297
v -0.7131 7.6112 0.7985
v -0.6951 7.5771 0.8545
v -0.7274 7.6428 0.7364
v -0.7407 7.8148 0.5784
v -0.749 7.6713 0.5736
v -0.7399 7.6635 0.661
v -0.74 7.5479 0.5746
v -0.7343 7.5406 0.6403
v -0.7095 7.4826 0.7575
v -0.6984 7.4427 0.807
v -0.7213 7.5164 0.7061
v -0.7322 7.4481 0.577
v -0.7281 7.4384 0.6269
v -0.7108 7.3681 0.7193
v -0.7048 7.2982 0.7574
v -0.7192 7.4112 0.6785
v -0.6042 6.8973 0.439
v -0.6108 6.9378 0.4058
v -0.6216 6.9859 0.3787
v -0.6328 7.036 0.3577
v -0.6226 6.8372 0.5262
v -0.6058 6.8684 0.4731
v -0.7429 7.5394 0.5052
v -0.7521 7.655 0.4809
v -0.702 7.0583 0.7287
v -0.7325 7.3479 0.4668
v -0.7054 7.1693 0.3865
v -0.666 7.1544 0.332
v -0.697 6.9594 0.6723
v -0.7964 7.2514 0.3992
v -0.8566 7.2535 0.3663
v -0.8565 7.2842 0.3853
v -0.6952 6.8252 0.5854
v -0.6511 6.9297 0.4734
v -0.7115 7.1913 0.6809
v -0.7141 7.1672 0.6576
v -0.7123 7.1093 0.654
v -0.6993 6.9424 0.482
v -0.7495 6.9175 0.4435
v -0.7617 6.9666 0.4108
v -0.7185 7.3321 0.6586
v -0.7036 7.05 0.6915
v -0.7037 7.1669 0.7447
v -0.7407 7.3221 0.544
v -0.7852 7.3438 0.5481
v -0.7514 7.3221 0.5774
v -0.7278 6.8229 0.5791
v -0.7442 6.8525 0.5724
v -0.7492 6.8572 0.5198
v -0.7335 7.3259 0.5839
v -0.7275 7.2882 0.6077
v -0.682 7.1006 0.3947
v -0.7137 6.8396 0.52
v -0.7432 6.8798 0.486
v -0.7148 7.2444 0.6682
v -0.7169 7.2151 0.6499
v -0.7847 7.2124 0.3902
v -0.8531 7.216 0.354
v -0.7374 7.3125 0.4435
v -0.7194 7.341 0.3701
v -0.7008 6.9657 0.6492
v -0.7084 6.9745 0.6333
v -0.7204 6.9045 0.6128
v -0.7175 7.0272 0.4364
v -0.7722 7.006 0.3907
v -0.7827 7.0454 0.3707
v -0.7397 7.2332 0.6156
v -0.7227 7.2537 0.6335
v -0.7381 6.8988 0.567
v -0.7296 7.0492 0.6189
v -0.7092 7.0446 0.6429
v -0.7671 6.9346 0.4569
v -0.7891 6.9884 0.4143
v -0.7783 7.3061 0.5789
v -0.7562 7.2641 0.602
v -0.7316 6.9908 0.617
v -0.8725 7.2053 0.3646
v -0.8793 7.2405 0.3754
v -0.7512 6.8967 0.529
v -0.7281 7.1954 0.6272
v -0.7213 7.1519 0.6305
v -0.8719 7.3089 0.421
v -0.8506 7.3134 0.4059
v -0.8535 7.157 0.3544
v -0.8355 7.1602 0.3442
v -0.8109 7.102 0.3558
v -0.8334 7.1048 0.36
v -0.7565 6.9091 0.4903
v -0.8789 7.2699 0.3923
v -0.726 6.9307 0.5986
v -0.805 7.3232 0.5506
v -0.8015 7.0233 0.3936
v -0.814 7.0583 0.3729
v -0.842 7.3293 0.483
v -0.8224 7.3475 0.4834
v -0.7199 7.1027 0.6275
v -0.8089 7.3035 0.5521
v -0.7818 7.2788 0.5755
v -0.8062 7.0324 0.4077
v -0.8208 7.0695 0.3863
v -0.8365 7.3162 0.4832
v -0.729 7.141 0.6129
v -0.728 7.0973 0.609
v -0.7732 6.955 0.4626
v -0.7484 7.2172 0.606
v -0.7385 6.927 0.56
v -0.7468 7.0476 0.6024
v -0.7939 7.0035 0.4252
v -0.7606 7.2472 0.5938
v -0.741 7.0062 0.5986
v -0.8637 7.1937 0.3785
v -0.8691 7.23 0.3885
v -0.7477 6.9204 0.5276
v -0.7368 7.181 0.6126
v -0.8666 7.2959 0.431
v -0.8577 7.1536 0.3749
v -0.8401 7.0993 0.3735
v -0.7591 6.9293 0.4949
v -0.8744 7.2613 0.4019
v -0.7284 6.9529 0.5871
v -0.7413 7.1706 0.6022
v -0.742 7.1631 0.5938
v -0.736 7.1289 0.5941
v -0.7473 6.9465 0.5254
v -0.7472 6.9595 0.5255
v -0.7587 6.9684 0.4991
v -0.8609 7.222 0.3992
v -0.8403 7.2183 0.4067
v -0.8597 7.2517 0.4219
v -0.7161 7.0153 0.5872
v -0.6989 7.0263 0.5791
v -0.6874 6.9946 0.5713
v -0.7742 7.2938 0.5415
v -0.7712 7.285 0.5345
v -0.7557 7.2667 0.5525
v -0.8004 7.0469 0.4232
v -0.7945 7.0498 0.4254
v -0.8042 7.0771 0.4098
v -0.7345 7.1335 0.6016
v -0.7257 7.0947 0.5897
v -0.7717 6.9758 0.4699
v -0.7709 6.9832 0.4736
v -0.7851 7.0278 0.4405
v -0.7596 7.276 0.5591
v -0.7466 7.2256 0.5753
v -0.8433 7.1895 0.3933
v -0.8415 7.1845 0.4009
v -0.739 6.9485 0.5557
v -0.7386 6.9659 0.5504
v -0.6985 7.0682 0.5785
v -0.7178 7.0609 0.582
v -0.6822 7.04 0.5712
v -0.8182 7.2694 0.4517
v -0.8234 7.279 0.444
v -0.8303 7.1344 0.407
v -0.8285 7.141 0.3996
v -0.8178 7.0964 0.4059
v -0.8174 7.0973 0.4123
v -0.816 7.2763 0.4878
v -0.8126 7.2892 0.4833
v -0.7714 6.9922 0.4746
v -0.7383 7.1872 0.5782
v -0.7425 7.1956 0.5865
v -0.7364 6.9848 0.5463
v -0.7053 7.0541 0.5089
v -0.722 7.0694 0.5021
v -0.7326 7.0623 0.4924
v -0.7399 7.1341 0.5631
v -0.7439 7.1263 0.5534
v -0.7333 7.1101 0.5545
v -0.783 7.1805 0.4906
v -0.8083 7.1983 0.4896
v -0.8162 7.191 0.4765
v -0.696 7.0637 0.5226
v -0.78 7.0944 0.4614
v -0.7909 7.0833 0.4564
v -0.7757 7.0653 0.4637
v -0.823 7.1639 0.4564
v -0.8051 7.1597 0.4673
v -0.8014 7.1683 0.4744
v -0.7896 7.1251 0.4553
v -0.8087 7.1191 0.4487
v -0.7995 7.1019 0.45
v -0.7142 7.0478 0.4924
v -0.7427 7.0597 0.4824
v -0.8215 7.1807 0.4659
v -0.7939 7.1753 0.4822
v -0.7059 7.0852 0.5203
v -0.6922 7.0764 0.5351
v -0.6926 7.0893 0.5454
v -0.7989 7.138 0.4584
v -0.8152 7.136 0.449
v -0.7807 7.2063 0.5254
v -0.7541 7.1791 0.5197
v -0.7394 7.1695 0.5242
v -0.7819 7.1107 0.455
v -0.8154 7.1153 0.4351
v -0.8096 7.0946 0.4406
v -0.8254 7.1361 0.4361
v -0.8197 7.2219 0.481
v -0.8301 7.2119 0.4665
v -0.7398 7.1428 0.5717
v -0.7314 7.1159 0.5646
v -0.7344 7.1664 0.5626
v -0.7013 7.0358 0.5178
v -0.8358 7.1702 0.443
v -0.6811 7.0668 0.5501
v -0.6865 7.0837 0.5632
v -0.7414 7.2236 0.5432
v -0.7563 7.1975 0.5378
v -0.7332 7.1734 0.5431
v -0.7794 7.0301 0.4828
v -0.7651 7.0497 0.4784
v -0.7109 7.1001 0.5688
v -0.6872 7.052 0.5323
v -0.7334 7.1519 0.553
v -0.7406 7.1965 0.5554
v -0.7676 7.022 0.4964
v -0.7324 7.1199 0.5738
v -0.7093 7.1014 0.5558
v -0.7986 7.2026 0.5045
v -0.7933 7.2306 0.4978
v -0.8001 7.0729 0.4509
v -0.7588 7.2327 0.5225
v -0.7519 7.2345 0.5848
v -0.7474 7.205 0.5964
v -0.7306 7.0954 0.5963
v 0 8.2119 1.2542
v 0 6.989 -0.2571
v -0.5109 6.9987 0.0314
v -0.7203 7.2832 0.6455
v -0.7104 6.9839 0.4567
v -0.7895 7.0232 0.4372
v -0.8354 7.1962 0.4529
v -0.7256 7.026 0.5066
v -0.74 7.044 0.4857
v -0.7899 7.0508 0.4655
v -0.7427 7.0565 0.586
v -0.7133 6.9817 0.5758
v -0.7744 7.0025 0.4791
v -0.7903 7.0381 0.4579
v -0.7556 7.257 0.548
v -0.7544 7.2478 0.5444
v -0.7417 7.208 0.562
v -0.8409 7.1817 0.4106
v -0.8434 7.1786 0.4207
v -0.8396 7.2103 0.4326
v -0.717 7.0067 0.5361
v -0.7491 6.9949 0.5247
v -0.7412 7.1567 0.5865
v -0.7401 7.1504 0.5795
v -0.7334 7.1229 0.5816
v -0.7481 6.9746 0.5258
v -0.7661 6.9928 0.5012
v -0.8378 7.2173 0.4164
v -0.8316 7.2376 0.4478
v -0.675 7.0536 0.5631
v -0.6816 7.0303 0.5493
v -0.7663 7.2745 0.5292
v -0.7695 7.2617 0.5278
v -0.7983 7.0515 0.4313
v -0.8016 7.0631 0.4412
v -0.8114 7.0876 0.423
v -0.735 7.1256 0.5878
v -0.7137 7.0979 0.5786
v -0.7356 7.1785 0.5709
v -0.789 7.0343 0.4442
v -0.7588 6.9551 0.4975
v -0.8216 7.0956 0.403
v -0.8118 7.0747 0.4087
v -0.7262 7.1511 0.5303
v -0.7018 7.0924 0.5258
v -0.7729 7.1837 0.5007
v -0.8356 7.1406 0.3948
v -0.856 7.2816 0.4393
v -0.8652 7.2552 0.4143
v -0.8104 7.3009 0.4833
v -0.7593 7.0655 0.4756
v -0.7712 7.0785 0.4675
v -0.7325 7.1375 0.5427
v -0.7139 7.0774 0.5125
v -0.7266 7.1375 0.5211
v -0.7088 7.1018 0.5407
v -0.7495 7.1281 0.533
v -0.7513 7.1202 0.5429
v -0.7374 7.107 0.541
v -0.7249 7.0971 0.53
v -0.7277 7.0927 0.5246
v -0.7343 7.0882 0.5182
v -0.7402 7.0839 0.5095
v -0.7471 7.079 0.5007
v -0.752 7.0737 0.4916
v -0.7548 7.0697 0.4849
v -0.7615 7.0775 0.4786
v -0.7665 7.0903 0.4715
v -0.7673 7.1052 0.4653
v -0.7651 7.1198 0.4601
v -0.7698 7.1323 0.4606
v -0.78 7.1548 0.4689
v -0.7749 7.1598 0.4762
v -0.7687 7.1637 0.4845
v -0.7625 7.1666 0.4938
v -0.7427 7.1649 0.5116
v -0.7341 7.1541 0.5151
v -0.7561 7.1087 0.4697
v -0.7523 7.1206 0.4674
v -0.733 7.1458 0.5048
v -0.7297 7.1302 0.5112
v -0.7656 7.0978 0.4803
v -0.761 7.085 0.4854
v -0.7521 7.1233 0.5227
v -0.7314 7.1254 0.4987
v -0.7422 7.1413 0.4856
v -0.7355 7.1225 0.4871
v -0.7523 7.1114 0.5282
v -0.752 7.1175 0.5074
v -0.7457 7.0973 0.5259
v -0.7572 7.1056 0.5133
v -0.7549 7.092 0.5051
v -0.7509 7.1136 0.4958
v -0.7599 7.1024 0.5012
v -0.7504 7.1108 0.4803
v -0.7361 7.1424 0.4947
v -0.7432 7.1213 0.4749
v -0.7484 7.1405 0.4764
v -0.7512 7.0941 0.5161
v -0.7553 7.1694 0.5018
v -0.7784 7.1425 0.4633
v -0.7572 7.1378 0.4682
v -0.7635 7.1013 0.4907
v -0.7581 7.0895 0.4944
v -0.6851 7.0758 0.5748
v -0.7193 7.0959 0.5843
v -0.8259 7.2495 0.4673
v -0.837 7.2465 0.4321
v -0.8243 7.1357 0.4157
v -0.8172 7.1095 0.4185
v -0.8103 7.0789 0.4162
v -0.8125 7.2614 0.4902
v -0.7613 6.9782 0.4998
v -0.744 7.2174 0.5684
v -0.6819 7.015 0.5616
v -0.7739 7.3232 0.4868
v -0.7966 7.3072 0.4397
v -0.7603 7.165 0.3903
v -0.7466 7.0992 0.4005
v -0.7065 7.0453 0.6631
v -0.7361 7.2546 0.4039
v -0.8046 7.2823 0.4097
v -0.7122 6.8928 0.6269
v -0.7058 6.8698 0.4887
v -0.7081 7.2287 0.7093
v -0.7098 7.1212 0.6763
v -0.7279 7.3134 0.6133
v -0.7309 7.3662 0.5311
v -0.731 7.3694 0.5817
v -0.7294 7.055 0.421
v -0.6691 6.8585 0.5442
v -0.7128 7.2911 0.6885
v -0.7239 7.2201 0.3929
v -0.6668 7.0124 0.4247
v -0.6578 6.9691 0.448
v -0.6904 6.8783 0.6416
v -0.6538 6.894 0.4989
v -0.7263 7.359 0.6186
v -0.7078 7.14 0.7061
v -0.6718 7.052 0.4073
v -0.738 7.2867 0.4201
v -0.7342 7.442 0.5247
v 0 7.442 -0.3916
v -1.925 -7.8557 1.5609
v -1.9139 -7.8357 1.4811
v -1.9709 -7.8625 1.486
v -1.7996 -8.0861 1.3967
v -1.7866 -8.0869 1.3521
v -1.7541 -8.0015 1.3613
v -2.007 -7.8841 1.4561
v -2.0059 -7.921 1.4962
v -1.8403 -8.1247 1.3959
v -1.9691 -8.0889 1.4763
v -1.983 -8.1209 1.4388
v -1.9503 -8.1462 1.402
v -2.014 -8.0439 1.5
v -1.7824 -7.9251 1.4333
v -1.7637 -7.9086 1.3743
v -1.8188 -7.8379 1.4052
v -1.7649 -8.0786 1.2728
v -1.8229 -8.1316 1.344
v -2.0086 -8.1281 1.4133
v -1.9998 -8.1676 1.3656
v -2.0085 -8.0331 1.4808
v -1.7588 -7.886 1.3069
v -1.8121 -7.8173 1.3286
v -1.7399 -7.9842 1.2814
v -2.0283 -7.8823 1.4121
v -1.969 -7.8433 1.4363
v -2.2048 -8.0626 1.6037
v -2.2021 -8.061 1.5832
v -2.1656 -8.0865 1.5703
v -2.0945 -7.9293 1.6678
v -2.0853 -7.923 1.6374
v -2.1052 -7.8865 1.658
v -2.0906 -8.0578 1.6113
v -2.0918 -8.0578 1.5834
v -2.0712 -7.9943 1.6003
v -2.0494 -7.6515 -0.376
v -2.0447 -7.7755 -0.42
v -2.2036 -7.7878 -0.4863
v -2.0606 -7.9029 -0.4716
v -2.1957 -7.9034 -0.5165
v -2.0935 -7.903 1.5524
v -2.1173 -7.8755 1.5493
v -2.1062 -7.8665 1.6015
v -2.0867 -8.0619 1.5475
v -2.0729 -7.9749 1.5579
v -2.0726 -7.9829 1.5792
v -2.0905 -8.0574 1.5628
v -2.1219 -8.0883 1.5507
v -2.118 -8.0918 1.5396
v -2.1923 -8.0622 1.5358
v -2.1598 -8.0909 1.534
v -2.1626 -8.087 1.5497
v -2.1986 -8.0594 1.5601
v -2.2273 -8.0101 1.5772
v -2.2166 -8.0082 1.5509
v -2.2251 -7.9429 1.6008
v -2.2038 -7.8816 1.5988
v -2.1881 -7.8864 1.55
v -2.2306 -8.0155 1.6027
v -2.124 -8.0867 1.5705
v -2.0855 -7.9165 1.5976
v -2.0677 -7.9988 -0.4523
v -2.1875 -7.997 -0.4949
v -2.0787 -8.0794 -0.4088
v -2.1933 -8.0729 -0.4506
v -2.2264 -7.9526 1.6349
v -2.2007 -7.8958 1.6539
v -2.2902 -8.0592 -0.4482
v -2.2986 -7.9875 -0.4888
v -2.3137 -7.8973 -0.4901
v -2.2292 -8.0195 1.6243
v -2.2234 -7.9565 1.6563
v -2.1843 -7.9067 1.6834
v -2.1249 -8.0855 1.5847
v -1.8861 -7.5209 0.32
v -1.9101 -7.4356 0.3229
v -1.9487 -7.4536 0.51
v -2.1969 -7.9265 1.4656
v -2.1996 -7.9344 1.4881
v -2.1769 -7.8856 1.4792
v -2.0581 -8.1125 1.4666
v -2.0672 -8.1008 1.4877
v -2.1034 -8.1125 1.4778
v -2.1928 -8.0846 1.4788
v -2.183 -8.0966 1.4526
v -2.1544 -8.1289 1.4341
v -2.2099 -8.0159 1.4984
v -2.0907 -7.8838 1.4846
v -2.0835 -7.8777 1.4533
v -2.11 -7.8677 1.4379
v -2.063 -7.5271 -0.3315
v -2.0484 -7.9844 1.5023
v -2.2108 -7.8973 1.4083
v -2.1786 -7.8788 1.4426
v -2.0339 -8.1232 1.4135
v -2.0968 -8.1299 1.4434
v -2.3309 -7.7878 -0.4649
v -1.9185 -7.7264 -0.084
v -2.2013 -8.0729 1.4257
v -2.1724 -8.1109 1.3724
v -2.2084 -8.0204 1.4816
v -2.0537 -7.8863 1.4184
v -2.0838 -7.8435 1.3603
v -2.0342 -7.9984 1.4653
v -2.3865 -7.998 1.6921
v -2.3833 -7.9969 1.7138
v -2.3463 -7.9411 1.7116
v -2.2713 -7.9919 1.7985
v -2.2663 -8.03 1.7877
v -2.2573 -8.0122 1.7766
v -2.371 -7.9778 1.7391
v -2.3635 -7.9769 1.7488
v -2.3382 -7.9653 1.7401
v -2.2532 -8.0606 1.7545
v -2.2468 -8.0843 1.6943
v -2.2385 -8.0541 1.6926
v -2.3871 -7.9958 1.6702
v -2.3479 -7.9372 1.6989
v -2.3687 -8.0556 1.7548
v -2.37 -8.0844 1.6895
v -2.3436 -8.1178 1.6934
v -2.3545 -7.9855 1.8034
v -2.3557 -8.0212 1.7915
v -2.3376 -8.0304 1.8076
v -2.3565 -7.9735 1.7501
v -2.3379 -7.9689 1.7436
v -2.3429 -7.974 1.7981
v -2.3464 -7.9737 1.7873
v -2.2812 -7.9776 1.7983
v -2.2658 -7.9834 1.7881
v -2.2533 -8.088 1.6512
v -2.2438 -8.0538 1.6628
v -2.3696 -8.0835 1.6366
v -2.3428 -8.1186 1.6323
v -2.284 -7.9387 1.6962
v -2.2832 -7.9443 1.7079
v -2.2493 -7.9818 1.7187
v -2.2855 -7.9592 1.7267
v -2.2929 -7.9624 1.738
v -2.271 -7.9729 1.741
v -2.2863 -7.9327 1.6752
v -2.2461 -7.9959 1.692
v -2.2967 -7.9667 1.742
v -2.2793 -7.9695 1.749
v -2.2908 -7.9989 1.8159
v -2.2909 -8.036 1.8061
v -2.2792 -8.0775 1.7719
v -2.2774 -8.1157 1.6976
v -2.3804 -8.0427 1.7424
v -2.3845 -8.0564 1.6882
v -2.3614 -7.9789 1.789
v -2.3671 -8.0049 1.772
v -2.3323 -7.9946 1.8201
v -2.3332 -7.9817 1.8134
v -2.2915 -7.9819 1.813
v -2.2832 -8.1196 1.6409
v -2.3826 -8.0513 1.6482
v -2.3684 -8.0741 1.5769
v -2.3695 -8.0732 1.5551
v -2.3341 -8.095 1.5468
v -2.2503 -7.9753 1.6172
v -2.2497 -7.9626 1.5953
v -2.2764 -7.9022 1.6089
v -2.2586 -8.0704 1.5771
v -2.2572 -8.0654 1.5604
v -2.2467 -8.0255 1.5783
v -2.2537 -7.9529 1.5271
v -2.2878 -7.8959 1.5198
v -2.2753 -7.8955 1.5595
v -2.2548 -8.062 1.535
v -2.2503 -8.0219 1.5336
v -2.2473 -8.0226 1.5565
v -2.2556 -8.0617 1.5464
v -2.2876 -8.0906 1.5383
v -2.2876 -8.0873 1.5281
v -2.3673 -8.0737 1.517
v -2.3308 -8.0904 1.5199
v -2.3328 -8.0916 1.5325
v -2.3689 -8.0719 1.5369
v -2.3854 -8.0151 1.542
v -2.3835 -8.0138 1.5179
v -2.3852 -7.9547 1.5619
v -2.3671 -7.9148 1.5549
v -2.352 -7.904 1.5196
v -2.3837 -8.0219 1.5673
v -2.2877 -8.0941 1.5512
v -2.2504 -7.9542 1.5646
v -2.3846 -7.9635 1.5924
v -2.3684 -7.9136 1.6045
v -2.3812 -8.029 1.5871
v -2.3828 -7.9723 1.6111
v -2.355 -7.9238 1.6323
v -2.2887 -8.0982 1.5638
v -2.3607 -7.9432 1.4113
v -2.362 -7.9452 1.4358
v -2.3409 -7.9093 1.429
v -2.2525 -8.0829 1.4725
v -2.2502 -8.0757 1.4921
v -2.2851 -8.1114 1.4618
v -2.3557 -8.0888 1.4514
v -2.3613 -8.0844 1.4127
v -2.3252 -8.1249 1.4075
v -2.3741 -8.0246 1.4467
v -2.2509 -7.9446 1.4639
v -2.2498 -7.9349 1.4449
v -2.2771 -7.8893 1.4083
v -2.2403 -8.0223 1.476
v -2.3672 -7.9235 1.3563
v -2.3366 -7.9042 1.399
v -2.2422 -8.0739 1.4243
v -2.2791 -8.1273 1.4296
v -2.3688 -8.0892 1.3714
v -2.334 -8.1461 1.327
v -2.3786 -8.0269 1.4303
v -2.2421 -7.9063 1.4014
v -2.2625 -7.8681 1.3395
v -2.2313 -8.0018 1.4542
v -2.5228 -7.9954 1.5709
v -2.5157 -7.9933 1.5888
v -2.4891 -7.9653 1.5882
v -2.4183 -7.9987 1.6589
v -2.4119 -8.0183 1.658
v -2.4074 -8.0093 1.6399
v -2.4992 -7.98 1.6111
v -2.4934 -7.9824 1.6165
v -2.4809 -7.9782 1.6104
v -2.4049 -8.0684 1.6322
v -2.3965 -8.0851 1.5602
v -2.3901 -8.0435 1.5731
v -2.5217 -7.9955 1.552
v -2.4917 -7.9619 1.5768
v -2.5247 -8.0461 1.623
v -2.5202 -8.0781 1.5607
v -2.4972 -8.1198 1.5586
v -2.4971 -7.9985 1.6524
v -2.5027 -8.0094 1.6498
v -2.4914 -8.0275 1.6645
v -2.4877 -7.9839 1.6269
v -2.4771 -7.9784 1.6167
v -2.4914 -7.9891 1.6509
v -2.4906 -7.9874 1.636
v -2.4221 -7.9908 1.656
v -2.4138 -7.9914 1.6441
v -2.4088 -8.0964 1.5163
v -2.3937 -8.0454 1.5442
v -2.5197 -8.0802 1.5191
v -2.4981 -8.1113 1.5017
v -2.4199 -7.9631 1.5777
v -2.4218 -7.9648 1.588
v -2.3928 -7.9973 1.5932
v -2.4268 -7.9705 1.6041
v -2.4292 -7.978 1.6093
v -2.4161 -7.9854 1.6162
v -2.4196 -7.9598 1.5631
v -2.3948 -7.9932 1.5786
v -2.4309 -7.9813 1.616
v -2.4221 -7.9857 1.6243
v -2.4311 -8.0056 1.6684
v -2.4256 -8.0244 1.6694
v -2.4306 -8.0903 1.646
v -2.4221 -8.1298 1.5549
v -2.5253 -8.0211 1.6036
v -2.5255 -8.0399 1.5631
v -2.4994 -7.9876 1.6351
v -2.5061 -7.9954 1.6315
v -2.4833 -8.0057 1.6661
v -2.4754 -7.9936 1.6608
v -2.4387 -7.9955 1.6623
v -2.429 -8.1216 1.5029
v -2.5224 -8.0443 1.5335
v -2.518 -8.0726 1.4845
v -2.5212 -8.0611 1.4428
v -2.4941 -8.1003 1.4317
v -2.4038 -7.9763 1.5138
v -2.4028 -7.9685 1.4709
v -2.4166 -7.9267 1.4825
v -2.4114 -8.0983 1.4715
v -2.406 -8.0821 1.4402
v -2.3926 -8.0352 1.455
v -2.4054 -7.9558 1.4249
v -2.4271 -7.9174 1.4164
v -2.4156 -7.9101 1.4477
v -2.4059 -8.0904 1.4176
v -2.3948 -8.0354 1.4274
v -2.3934 -8.0355 1.4412
v -2.4042 -8.079 1.4305
v -2.436 -8.11 1.4261
v -2.4365 -8.1119 1.4162
v -2.5256 -8.0559 1.4086
v -2.4912 -8.1043 1.4119
v -2.4956 -8.0991 1.4221
v -2.5258 -8.0554 1.4195
v -2.5307 -8.0182 1.4296
v -2.5351 -8.0185 1.4086
v -2.5193 -7.9641 1.4433
v -2.5062 -7.9223 1.45
v -2.4951 -7.9255 1.4127
v -2.5268 -8.0269 1.4549
v -2.4335 -8.107 1.4375
v -2.4018 -7.9697 1.443
v -2.5174 -7.9718 1.4759
v -2.5047 -7.9332 1.4794
v -2.519 -8.0359 1.4962
v -2.5123 -7.9771 1.5158
v -2.4938 -7.9441 1.5111
v -2.4329 -8.1139 1.4725
v -2.5179 -7.9753 1.3174
v -2.5156 -7.973 1.3455
v -2.4951 -7.9343 1.3433
v -2.4054 -8.1083 1.3703
v -2.407 -8.1044 1.3824
v -2.4304 -8.1233 1.3758
v -2.5169 -8.0802 1.3574
v -2.5106 -8.102 1.3261
v -2.4887 -8.1296 1.3297
v -2.531 -8.0201 1.3557
v -2.4019 -7.9466 1.3798
v -2.4022 -7.9481 1.3638
v -2.4298 -7.9046 1.3222
v -2.3964 -8.0448 1.3928
v -2.5193 -7.9376 1.2699
v -2.4961 -7.9368 1.31
v -2.3831 -8.0863 1.3564
v -2.4256 -8.1367 1.3459
v -2.5125 -8.1201 1.2832
v -2.4912 -8.1388 1.2557
v -2.5282 -8.0272 1.3347
v -2.3997 -7.9234 1.3378
v -2.4167 -7.8985 1.2728
v -2.3855 -8.0195 1.3897
v -2.6371 -7.936 1.2726
v -2.6487 -7.9324 1.2321
v -2.6719 -7.9823 1.2221
v -2.6622 -7.929 1.1625
v -2.157 -7.9661 1.8237
v -2.6138 -7.895 1.1723
v -2.6168 -7.8838 1.0781
v -2.6648 -7.925 1.0739
v -2.5882 -8.1288 1.2522
v -2.6069 -8.1139 1.2748
v -2.66 -8.083 1.2684
v -2.5398 -8.0381 1.3111
v -2.549 -8.0411 1.3279
v -2.5698 -8.1061 1.2988
v -2.6729 -8.0398 1.266
v -2.6815 -8.0544 1.2223
v -2.6507 -8.1085 1.2323
v -2.6632 -7.9821 1.2654
v -2.5486 -7.9746 1.2986
v -2.5342 -8.0291 1.3057
v -2.5571 -8.1138 1.2819
v -2.6921 -8.0598 1.1552
v -2.637 -8.125 1.1728
v -2.5436 -7.9373 1.2584
v -1.9094 -7.6757 0.119
v -1.9241 -7.6064 -0.0505
v -2.1846 -8.0944 1.865
v -2.15 -8.1214 1.7437
v -2.1191 -7.8974 1.6869
v -2.1515 -7.8902 1.686
v -2.1519 -7.9278 1.756
v -2.462 -7.9033 1.4501
v -2.1578 -7.9733 1.8395
v -2.1576 -7.983 1.8765
v -2.153 -7.8749 1.6594
v -2.3164 -7.8841 1.5183
v -2.3415 -7.95 1.7312
v -2.3124 -7.9639 1.7367
v -2.144 -7.8698 1.4725
v -2.0143 -8.0281 1.4528
v -2.0613 -8.1565 1.3788
v -2.192 -7.9217 1.7554
v -2.1542 -7.9406 1.7803
v -2.1944 -7.8554 1.3518
v -2.1412 -7.8619 1.427
v -2.2064 -8.002 1.4559
v -2.3764 -8.0122 1.4007
v -2.3935 -8.1519 1.3071
v -2.253 -8.1466 1.3738
v -2.5263 -8.0292 1.3086
v -2.1567 -8.0412 1.9045
v -2.3322 -8.0989 1.5599
v -2.3108 -8.0946 1.549
v -2.1125 -7.8735 1.476
v -2.1515 -7.8671 1.547
v -1.9555 -7.761 -0.2856
v -2.3523 -7.9367 1.6754
v -2.3119 -7.9362 1.6976
v -2.4218 -7.8918 -0.4499
v -2.4361 -7.7869 -0.4128
v -2.367 -7.4987 0.5968
v -2.3644 -7.3667 0.4543
v -2.4283 -7.378 0.386
v -2.5023 -7.3706 -0.165
v -2.4539 -7.5548 0.4858
v -2.4118 -7.5178 0.5467
v -2.1877 -7.4618 0.6804
v -2.1722 -7.3249 0.5414
v -2.2233 -7.3437 0.5359
v -2.5041 -7.8889 -0.3597
v -2.511 -7.7885 -0.3331
v -2.2825 -7.4874 0.655
v -2.2743 -7.3491 0.5263
v -2.3219 -7.3537 0.5078
v -2.2374 -7.4818 0.6718
v -2.2077 -7.2221 0.4576
v -2.2627 -7.2304 0.443
v -2.3145 -7.2321 0.4271
v -2.1539 -7.2058 0.4559
v -2.4887 -7.5865 -0.2348
v -2.5032 -7.4794 -0.1823
v -2.4349 -7.468 -0.2905
v -2.4336 -7.2468 0.3079
v -1.9763 -7.3804 0.507
v -2.0128 -7.4539 0.6909
v -2.3725 -7.2379 0.3729
v -1.8883 -7.7763 0.4387
v -1.8499 -7.8111 0.6092
v -1.8901 -7.8879 0.5799
v -1.8732 -7.7062 0.4626
v -2.5904 -7.3748 -0.0626
v -2.6124 -7.8594 0.6745
v -2.6491 -7.9615 0.6614
v -2.6974 -8.0369 0.9389
v -2.5567 -7.7889 0.6867
v -2.691 -7.9688 0.9493
v -2.6076 -7.8495 0.37
v -2.5891 -7.7808 0.1434
v -2.5915 -7.8717 0.1143
v -1.8966 -8.0236 0.7608
v -1.9389 -7.9603 0.5498
v -1.9933 -8.0353 0.7656
v -2.0166 -8.0057 0.5314
v -2.0759 -8.0642 0.7627
v -2.0967 -8.0447 0.5098
v -2.1653 -8.0657 0.7546
v -2.1754 -8.0662 0.4857
v -2.2357 -8.075 0.7315
v -2.309 -8.088 0.709
v -2.3235 -8.1082 0.4136
v -2.5789 -8.0266 0.0796
v -2.6012 -8.0771 0.3081
v -2.6112 -8.0032 0.3266
v -2.543 -8.096 0.0752
v -2.5208 -8.1197 0.3412
v -2.6459 -7.8729 0.9421
v -2.5917 -7.8229 0.957
v -2.5376 -7.7422 0.7135
v -2.5268 -7.8049 0.9716
v -2.4858 -7.6828 0.741
v -2.4652 -7.7856 0.9829
v -2.4353 -7.6648 0.7669
v -2.3709 -8.1007 0.6852
v -2.3882 -8.12 0.385
v -2.4301 -8.1051 0.6657
v -2.1389 -8.0913 1.5366
v -2.1282 -8.1138 1.4725
v -1.9904 -7.5123 -0.2032
v -2.386 -7.654 0.7908
v -2.4514 -8.1287 0.3615
v -2.4929 -8.1099 0.6523
v -2.5627 -8.1179 0.6495
v -2.6129 -8.0878 0.6517
v -2.5275 -8.0539 -0.2621
v -2.5582 -7.9834 -0.2611
v -2.4889 -7.9808 -0.389
v -2.6501 -8.0419 0.6536
v -2.6217 -7.9306 0.3453
v -2.4164 -7.7802 0.9912
v -2.3654 -7.7764 1.0148
v -2.2892 -7.6402 0.8387
v -2.332 -7.6517 0.8189
v -2.3186 -7.7698 1.0319
v -2.2704 -7.7485 1.036
v -2.2515 -7.6294 0.8484
v -2.2032 -7.6099 0.8578
v -2.168 -7.709 1.0565
v -2.154 -7.5918 0.8632
v -2.0962 -7.5719 0.8701
v -2.1139 -7.6891 1.0604
v -2.0563 -7.6767 1.0593
v -2.0354 -7.5607 0.8911
v -2.4043 -7.9819 -0.4683
v -2.3836 -8.0513 -0.4319
v -2.4641 -8.0505 -0.3825
v -2.5391 -7.5928 -0.0989
v -2.5992 -7.4858 -0.0776
v -2.4433 -7.6832 -0.3842
v -1.9502 -7.9997 -0.3539
v -1.9808 -7.573 0.9008
v -1.9189 -7.6667 1.0476
v -1.9267 -7.6257 0.8945
v -1.9739 -8.0805 -0.313
v -1.8579 -7.746 1.0164
v -1.8737 -7.7002 0.8652
v -2.014 -7.0442 0.3148
v -2.0674 -7.0476 0.3513
v -2.1047 -7.189 0.4233
v -1.9103 -7.808 0.2691
v -1.8933 -7.7231 0.2867
v -1.9266 -7.5299 0.5006
v -1.9269 -7.5515 0.6788
v -1.8746 -7.6327 0.662
v -2.4482 -7.5746 -0.3398
v -2.3402 -7.5633 -0.4156
v -2.1891 -7.4056 -0.3927
v -2.3374 -7.4353 -0.3925
v -2.3325 -7.3341 -0.3762
v -1.9006 -7.6121 0.4843
v -2.5053 -7.6895 -0.2909
v -2.0481 -7.1735 0.3843
v -2.1164 -7.3123 0.5187
v -1.9658 -7.1425 0.2441
v -1.9708 -7.6357 -0.2429
v -1.9959 -7.3878 -0.1731
v -2.0706 -7.3977 -0.2948
v -2.0711 -7.2895 -0.2771
v -2.1922 -7.306 -0.3807
v -2.1683 -7.0942 -0.3555
v -2.3137 -7.1118 -0.3552
v -1.9714 -7.0507 -0.1632
v -2.0413 -7.0639 -0.2657
v -1.8947 -6.8827 -0.0561
v -1.8008 -6.4175 -0.1152
v -1.7926 -6.4147 0.0067
v -2.5857 -7.7831 -0.0298
v -2.5645 -7.7829 -0.1896
v -2.5714 -7.8883 -0.2315
v -2.6058 -7.8795 -0.0741
v -2.6025 -7.9679 -0.1017
v -2.395 -7.1079 -0.2711
v -2.4236 -7.2451 -0.2631
v -2.3342 -7.2291 -0.3599
v -2.4271 -7.3595 -0.2668
v -2.1963 -7.2069 -0.3705
v -1.9908 -7.1635 -0.1574
v -2.0707 -7.1818 -0.2692
v -1.9485 -7.028 0.2028
v -2.2852 -7.0628 0.3727
v -1.9877 -7.275 -0.159
v -2.5548 -7.6962 0.0137
v -2.0424 -6.8469 0.312
v -1.8887 -7.6171 0.3073
v -1.9817 -6.3915 0.3106
v -2.5788 -7.7661 0.401
v -2.1136 -7.99 1.8753
v -1.9092 -7.8741 0.4052
v -1.9215 -7.9097 0.2462
v -2.5476 -7.7052 0.4285
v -1.9333 -7.3514 0.3141
v -1.952 -7.2575 0.2902
v -1.8947 -7.3513 0.1555
v -1.9129 -7.2489 0.1469
v -0.0917 -0.4048 0.4388
v 0 -0.4194 0.426
v -0.1519 -0.4101 0.4262
v -1.9308 -7.1384 0.1236
v -1.9325 -7.0309 0.0941
v -2.5418 -7.6897 -0.1359
v -2.5614 -7.7007 0.179
v -1.8138 -7.8303 0.9971
v -2.517 -8.1002 -0.0961
v -2.5757 -8.0415 -0.1078
v -2.4784 -8.105 -0.2436
v -2.5011 -7.6293 0.452
v -2.59 -7.9501 0.094
v -1.8228 -7.8871 0.8146
v -1.8363 -7.7787 0.8455
v -1.9085 -6.8714 0.058
v -2.5699 -7.9185 1.2738
v -2.5766 -7.9234 1.298
v -2.5526 -7.977 1.3181
v -2.5655 -7.9097 1.2172
v -2.6094 -7.9083 1.2833
v -2.6105 -7.9069 1.2482
v -2.4598 -8.0306 1.6667
v -2.4209 -7.9888 1.6436
v -2.4532 -7.9818 1.63
v -1.802 -7.9369 0.9843
v -1.814 -8.0417 0.9861
v -1.8521 -7.9689 0.7973
v -1.865 -8.0852 1.0063
v -1.9462 -8.1227 1.0238
v -2.0359 -8.1458 1.0385
v -2.1925 -7.9551 1.8119
v -2.1566 -7.9599 1.816
v -2.3999 -8.0437 1.4921
v -2.5136 -7.9594 1.4128
v -2.4082 -7.9902 1.6099
v -2.3905 -8.0437 1.6067
v -2.3974 -7.9904 1.5648
v -2.4636 -8.1164 1.5023
v -2.4626 -8.1236 1.4694
v -2.4653 -8.131 0.0925
v -1.922 -7.3675 -0.0066
v -1.9079 -7.2543 -0.002
v -1.9246 -7.145 -0.0136
v -1.9223 -7.0391 -0.0336
v -2.3261 -7.4927 0.6317
v -2.1174 -8.1391 1.0458
v -2.1953 -8.1292 1.0381
v -2.2902 -8.1194 1.0259
v -2.3521 -8.117 1.0069
v -1.9501 -7.9637 0.3678
v -2.0934 -8.0619 0.2962
v -2.025 -8.015 0.342
v -2.3227 -8.1316 0.1586
v -2.2297 -8.1184 0.2186
v -2.2541 -8.0853 0.4465
v -2.164 -8.0925 0.258
v -2.397 -8.1436 0.1142
v -2.2151 -8.1331 -0.3749
v -1.9565 -7.9946 0.224
v -2.3786 -8.1085 -0.3861
v -2.2993 -8.1216 -0.3936
v -2.0912 -8.1399 -0.331
v -2.4419 -8.0954 -0.3583
v -2.4518 -8.1235 -0.0791
v -2.4132 -8.1207 -0.2442
v -2.3318 -8.1436 -0.2224
v -2.2021 -8.1445 0.0189
v -2.1579 -8.1568 -0.1565
v -2.0731 -8.1499 -0.1003
v -2.3017 -8.1526 -0.0305
v -2.0545 -8.0743 0.1272
v -2.3811 -8.146 -0.0614
v -2.1278 -8.1241 0.0696
v -2.2611 -8.1528 -0.2022
v -2.0137 -8.0294 0.2256
v -2.0131 -8.1329 -0.2076
v -1.9294 -8.0249 -0.1119
v -1.9812 -8.0285 0.0901
v -1.9715 -8.0913 -0.0706
v -1.9725 -7.4927 0.6889
v -2.4116 -8.1184 0.9853
v -2.4575 -8.1146 1.3679
v -1.9625 -8.023 1.9074
v -1.9625 -8.0646 1.8934
v -1.9091 -7.7643 1.2985
v -1.9079 -7.8146 1.4226
v -1.8277 -7.8671 1.4594
v -1.9271 -7.8655 1.5926
v -1.9272 -7.8717 1.6184
v -2.0038 -7.9167 1.6811
v -2.0562 -8.0607 1.6502
v -1.9394 -7.9067 1.7037
v -1.9421 -7.922 1.7268
v -1.9423 -7.9339 1.734
v -1.9445 -7.9459 1.7464
v -1.9527 -7.959 1.7952
v -1.9569 -7.9943 1.8855
v -1.9557 -7.9816 1.8747
v -1.9615 -8.007 1.8995
v -1.8863 -7.9837 1.8803
v -1.8627 -7.9579 1.79
v -1.8168 -8.0445 1.7874
v -1.8153 -7.9614 1.6963
v -1.935 -8.1288 1.4534
v -1.8876 -8.1268 1.4231
v -1.905 -8.1254 1.5533
v -1.7769 -8.0143 1.4217
v -2.0033 -8.1158 1.8209
v -1.9407 -8.144 1.773
v -1.9015 -8.1516 1.3181
v -1.8866 -8.1389 1.3696
v -1.9107 -8.1389 1.58
v -1.9141 -8.1535 1.609
v -1.9227 -8.1516 1.6508
v -1.8696 -8.1614 1.651
v -1.9553 -8.1305 1.836
v -2.1298 -8.1638 1.3089
v -2.1262 -8.1295 1.4378
v -2.153 -8.115 1.4678
v -2.0563 -7.9759 1.5166
v -2.1423 -8.0877 1.5499
v -2.1448 -8.0866 1.5704
v -2.1446 -8.0853 1.5841
v -2.1528 -8.1004 1.6737
v -2.1509 -8.098 1.8696
v -2.1574 -8.0182 1.9082
v -2.1587 -8.008 1.899
v -2.1596 -7.9932 1.8956
v -2.1564 -7.9545 1.8106
v -2.1538 -7.9478 1.7953
v -2.1644 -8.085 1.5836
v -2.1548 -7.8597 1.5994
v -2.1353 -7.8316 1.3227
v -2.4672 -8.1236 0.966
v -2.5257 -8.133 0.9543
v -2.5952 -8.1444 0.9429
v -1.8528 -7.719 0.6368
v -2.6677 -8.1053 0.9392
v -1.8032 -8.1355 1.2769
v -2.299 -7.8725 1.3077
v -2.3092 -7.8859 1.3916
v -2.3109 -7.8877 1.4238
v -2.2778 -7.8984 1.439
v -2.3173 -7.8842 1.5569
v -2.3175 -7.8957 1.6087
v -2.318 -7.9072 1.6361
v -2.2484 -8.0338 1.6029
v -2.3165 -7.924 1.6776
v -2.3112 -7.9414 1.7099
v -2.3124 -7.9546 1.7291
v -2.3124 -7.9676 1.7413
v -2.3145 -7.9723 1.7565
v -2.3146 -7.9755 1.7958
v -2.3145 -7.9738 1.7861
v -2.3126 -7.982 1.8145
v -2.3142 -7.9996 1.8208
v -2.3155 -8.035 1.8142
v -2.2788 -7.9746 1.7898
v -2.259 -7.9792 1.7303
v -2.2435 -8.0451 1.7519
v -2.2488 -7.9953 1.6732
v -2.313 -8.119 1.6366
v -2.3105 -8.0986 1.5618
v -2.2456 -8.0254 1.4928
v -2.2098 -7.9373 1.5481
v -2.0748 -7.9976 1.6356
v -2.1039 -7.9756 1.8276
v -2.0808 -8.0153 1.8209
v -2.0945 -7.9423 1.7443
v -2.0398 -7.944 1.6334
v -2.379 -7.9508 1.5216
v -2.3092 -8.0889 1.5241
v -2.3041 -8.1089 1.4596
v -2.323 -8.1063 1.4572
v -2.3974 -8.0383 1.4029
v -2.4889 -8.1149 1.3593
v -2.4516 -7.882 1.2367
v -2.4625 -7.9015 1.3054
v -2.4671 -7.911 1.3444
v -2.4301 -7.9122 1.3539
v -2.4628 -8.1185 1.4157
v -2.4626 -7.9058 1.4155
v -2.4589 -7.9156 1.4841
v -2.4557 -7.9311 1.5145
v -2.4955 -8.1077 1.4743
v -2.4571 -7.9421 1.5667
v -2.4558 -7.9486 1.5802
v -2.4554 -7.9543 1.5904
v -2.4543 -7.9628 1.6062
v -2.4551 -7.9694 1.6139
v -2.4544 -7.978 1.6175
v -2.4536 -7.986 1.6422
v -2.4549 -7.9897 1.6529
v -2.4571 -7.9945 1.6616
v -2.4581 -8.0068 1.6674
v -2.4631 -8.0932 1.6484
v -2.4597 -8.1248 1.5568
v -2.4252 -7.9382 1.5105
v -2.4945 -7.9568 1.5635
v -2.4634 -8.1164 1.4368
v -2.4617 -8.118 1.4242
v -2.4557 -8.1438 1.337
v -2.4417 -8.1579 1.251
v -2.3115 -8.0837 1.7813
v -2.3105 -8.1168 1.6955
v -2.2877 -7.9143 1.6339
v -2.3102 -8.0911 1.5354
v -2.3021 -8.1261 1.4186
v -2.2834 -8.1538 1.3117
v -1.8179 -5.9165 0.2681
v -1.6831 -5.9454 -0.1735
v -1.5572 -5.6068 -0.2137
v -1.5914 -5.6141 -0.05
v -1.4566 -5.3254 -0.0501
v -1.3629 -5.045 -0.0476
v -1.4301 -5.3073 -0.2399
v -1.3098 -4.7818 -0.032
v -1.3518 -5.0145 -0.248
v -1.2733 -4.5399 0.0002
v -1.3088 -4.7483 -0.2231
v -1.2815 -4.5122 -0.1776
v -1.2673 -4.276 -0.136
v -1.2384 -4.3043 0.0277
v -1.1811 -4.0969 0.0579
v -1.2125 -4.0695 -0.0987
v -1.1692 -3.8847 -0.0577
v -1.1217 -3.9127 0.0953
v -1.1328 -3.7241 -0.029
v -1.0652 -3.7499 0.1086
v -1.0967 -3.5806 -0.0189
v -1.029 -3.6003 0.1237
v -1.0667 -3.4382 -0.0142
v -0.9987 -3.4515 0.1338
v -1.0272 -3.2777 -0.024
v -0.9738 -3.2873 0.147
v -0.9568 -3.029 -0.0328
v -0.9125 -3.0386 0.1426
v -1.041 -2.4903 0.9417
v -0.8486 -2.6456 -0.0612
v -0.8182 -2.6617 0.1191
v -1.8854 -1.3846 0.0284
v -1.8541 -0.9818 0.0022
v -1.9393 -1.3871 0.2742
v -1.9151 -1.7857 0.0559
v -1.9793 -1.3764 0.5141
v -1.9638 -0.9856 0.5272
v -1.9684 -1.3794 0.7593
v -1.9391 -1.0044 0.7807
v -0.6083 -1.1924 0.783
v -0.49 -0.2993 1.0068
v 0 -0.3662 0.8619
v -0.4243 -1.0969 0.102
v -0.4913 -1.2768 0.091
v -0.5625 -1.2251 -0.1217
v -0.3623 -0.9398 0.1184
v -0.499 -1.0502 -0.1165
v -0.4363 -0.9008 -0.1081
v -0.3719 -0.7644 -0.0962
v -0.3099 -0.7885 0.139
v -0.2951 -0.6398 -0.0722
v -0.2585 -0.6475 0.1661
v -0.2136 -0.5381 -0.0316
v -0.2086 -0.5197 0.2131
v -0.1605 -0.4327 0.235
v -0.082 -0.4225 0.2465
v -0.1409 -0.446 0.0331
v -0.0697 -0.4474 0.0615
v 0 -0.42 0.0856
v 0 -0.413 0.2482
v -2.0008 -7.9385 1.7263
v -1.9928 -7.8182 1.341
v -2.3361 -7.8887 1.3289
v -2.4818 -7.9696 1.6053
v -2.3433 -8.0744 1.7722
v -2.4995 -8.0832 1.6382
v -2.4902 -7.8953 1.2537
v -2.5771 -8.1036 1.3378
v -2.5813 -8.1052 1.306
v -2.6027 -8.1081 1.3371
v -2.6009 -8.107 1.2975
v -1.771 -7.9606 1.1328
v -1.7847 -7.8622 1.1556
v -2.7033 -7.9826 1.0673
v -1.8274 -7.7807 1.1683
v -1.9109 -7.7124 1.1982
v -1.9927 -7.7394 1.1981
v -2.0687 -7.7674 1.2135
v -2.127 -7.7746 1.2097
v -2.1779 -7.79 1.2119
v -2.2385 -7.8122 1.1982
v -2.287 -7.833 1.1769
v -2.3333 -7.8516 1.166
v -2.3938 -7.8432 1.1448
v -2.4381 -7.8353 1.1243
v -2.4845 -7.8592 1.113
v -2.6489 -8.1132 1.0778
v -2.7019 -8.0513 1.0654
v -1.7894 -8.0602 1.1295
v -1.8341 -8.1104 1.1416
v -1.9239 -8.1372 1.1709
v -2.0179 -8.1567 1.1988
v -2.092 -8.1476 1.2141
v -2.5088 -8.1355 1.1151
v -2.5739 -8.1374 1.0933
v -2.459 -8.1263 1.1318
v -2.3945 -8.1491 1.1624
v -2.3466 -8.128 1.1764
v -2.2794 -8.1297 1.1992
v -2.1534 -8.1571 1.1999
v -2.6515 -8.0031 1.4579
v -2.6495 -8.0091 1.4722
v -2.6286 -7.9871 1.4665
v -2.5635 -8.019 1.5388
v -2.5559 -8.0294 1.5399
v -2.5515 -8.0207 1.5206
v -2.6378 -8.0016 1.4894
v -2.6308 -8.0032 1.4932
v -2.6223 -8.0002 1.4755
v -2.5481 -8.0704 1.5098
v -2.5395 -8.0794 1.4459
v -2.528 -8.046 1.4643
v -2.6537 -8.0019 1.4461
v -2.632 -7.9827 1.4599
v -2.6568 -8.0596 1.4915
v -2.6662 -8.0723 1.4488
v -2.6471 -8.1 1.4425
v -2.6356 -8.0131 1.5277
v -2.6424 -8.0242 1.5257
v -2.6255 -8.0378 1.5473
v -2.6255 -8.0031 1.499
v -2.6182 -8.0022 1.4801
v -2.6247 -8.0124 1.5265
v -2.6276 -8.0068 1.513
v -2.5703 -8.0125 1.536
v -2.5597 -8.0149 1.5237
v -2.5405 -8.0833 1.4377
v -2.532 -8.0423 1.4433
v -2.6666 -8.0711 1.4341
v -2.6488 -8.0993 1.4318
v -2.564 -7.983 1.4653
v -2.5651 -7.9874 1.4728
v -2.5436 -8.013 1.4829
v -2.5635 -8.0029 1.4768
v -2.5665 -8.0042 1.4805
v -2.5602 -8.0095 1.501
v -2.5654 -7.9726 1.4561
v -2.5339 -8.0092 1.462
v -2.5681 -8.0059 1.484
v -2.567 -8.0054 1.504
v -2.5784 -8.0245 1.5524
v -2.5726 -8.0369 1.5564
v -2.5737 -8.0938 1.5174
v -2.5684 -8.1196 1.4378
v -2.6549 -8.0326 1.479
v -2.6623 -8.0341 1.4552
v -2.6354 -8.0065 1.5125
v -2.6423 -8.0125 1.5084
v -2.6217 -8.0241 1.5482
v -2.6167 -8.0157 1.5383
v -2.58 -8.0158 1.5448
v -2.5713 -8.1219 1.4277
v -2.6643 -8.0367 1.4417
v -2.6683 -8.0663 1.4249
v -2.6747 -8.0518 1.3984
v -2.6426 -8.0926 1.3852
v -2.5378 -7.9993 1.4346
v -2.5443 -7.9852 1.4109
v -2.5703 -7.9475 1.4221
v -2.5432 -8.0867 1.4251
v -2.546 -8.0789 1.3943
v -2.5393 -8.0328 1.4037
v -2.5498 -7.974 1.3701
v -2.5689 -7.9347 1.3692
v -2.5655 -7.9378 1.4011
v -2.5524 -8.0738 1.3585
v -2.5447 -8.0319 1.3695
v -2.5433 -8.0314 1.3788
v -2.5495 -8.073 1.3686
v -2.5706 -8.1134 1.3554
v -2.5739 -8.1106 1.3482
v -2.6774 -8.0502 1.3656
v -2.6395 -8.0839 1.3443
v -2.6403 -8.085 1.3554
v -2.6765 -8.0491 1.3726
v -2.6735 -8.011 1.3858
v -2.6781 -8.0132 1.3696
v -2.6564 -7.975 1.3995
v -2.6426 -7.9426 1.4085
v -2.6445 -7.9415 1.376
v -2.6684 -8.0225 1.4059
v -2.5705 -8.1234 1.3879
v -2.5477 -7.9821 1.3865
v -2.652 -7.9802 1.4177
v -2.6316 -7.957 1.4241
v -2.6632 -8.032 1.4307
v -2.6523 -7.9905 1.4338
v -2.6323 -7.964 1.4395
v -2.5732 -8.123 1.4177
v -2.6041 -7.9426 1.4045
v -2.5977 -8.0437 1.5615
v -2.5653 -8.0091 1.5255
v -2.5914 -8.0033 1.5038
v -2.5356 -8.041 1.4293
v -2.6592 -7.9668 1.376
v -2.6381 -7.9291 1.3444
v -2.5556 -8.0123 1.4978
v -2.5378 -8.0525 1.5
v -2.5345 -8.0057 1.4521
v -2.6043 -8.1285 1.4221
v -2.6056 -8.1306 1.4123
v -2.661 -7.964 1.3443
v -2.6759 -8.0126 1.3433
v -2.6785 -8.0483 1.3471
v -2.6405 -8.082 1.3373
v -2.6062 -8.1093 1.3438
v -2.5562 -8.0757 1.3469
v -2.5465 -8.0329 1.3582
v -2.607 -7.9312 1.3711
v -2.5992 -7.9466 1.4267
v -2.5975 -7.9626 1.4401
v -2.6503 -8.097 1.4215
v -2.5937 -7.9726 1.4529
v -2.5917 -7.9707 1.4618
v -2.5905 -7.9776 1.4678
v -2.5903 -8.0009 1.4714
v -2.5916 -8.0024 1.4766
v -2.5919 -8.0034 1.4814
v -2.5953 -8.0065 1.5192
v -2.5956 -8.0096 1.5312
v -2.5961 -8.0172 1.5434
v -2.5981 -8.0276 1.5533
v -2.6013 -8.093 1.5165
v -2.604 -8.1267 1.4291
v -2.5657 -7.9621 1.4419
v -2.6342 -7.9771 1.4526
v -2.6129 -8.1213 1.386
v -2.6066 -8.1128 1.3538
v -2.5501 -7.9746 1.3539
v -2.5779 -7.931 1.3389
v -2.6261 -7.9991 1.4708
v -2.6422 -8.0822 1.5038
v -2.6093 -7.9204 1.3412
v -2.5581 -7.8638 1.0969
v -1.9908 -7.6341 1.0591
v -2.2239 -7.7375 1.0445
v -2.541 -8.1232 1.2705
v -2.5622 -8.1408 1.2005
v -2.6942 -7.9876 1.1593
v -2.03 -8.1131 -0.0239
v -1.9439 -7.8783 -0.3204
v -1.6845 -5.955 -0.0308
v -1.8622 -1.4079 0.9667
v -1.9731 -1.7686 0.7212
v -1.6858 -1.4594 1.1147
v -1.6335 -1.1094 1.1095
v -1.8252 -1.0478 0.9875
v -1.3632 -1.1919 1.1233
v -1.4136 -1.5387 1.1274
v -1.708 -1.8419 1.0726
v -1.4661 -1.9048 1.1089
v -1.9241 -0.9852 0.268
v -1.5631 -1.0387 -0.4531
v -0.5626 -1.5721 0.3026
v -0.5803 -1.5459 0.5356
v -1.1018 -1.2846 1.077
v -1.2206 -1.9966 1.0671
v -1.8786 -1.7897 0.9277
v -1.9714 -1.7816 0.4872
v -1.9536 -1.7895 0.2751
v -1.8216 -1.7866 -0.1849
v -1.6598 -1.8329 -0.3458
v -1.2213 -1.9908 -0.4501
v -1.0409 -2.0913 -0.381
v -0.8882 -2.1847 -0.2482
v -0.7768 -2.2501 -0.084
v -0.9826 -2.0962 0.9566
v -0.6527 -1.9151 0.0874
v -0.3112 7.3315 1.404
v -0.1934 7.2802 1.3747
v -0.2123 7.256 1.3723
v -0.3848 7.2478 1.3835
v -0.4248 7.2676 1.3613
v 0.3473 7.3383 1.4077
v 0.3096 7.3374 1.4127
v 0.311 7.3315 1.4107
v 0.3487 7.3574 1.4039
v 0.308 7.3566 1.4103
v 0.3095 7.3456 1.4117
v 0.3824 7.3332 1.4005
v 0.3849 7.3413 1.3972
v 0.3481 7.3465 1.4062
v 0.3886 7.3508 1.393
v 0.4154 7.331 1.385
v 0.423 7.339 1.3777
v 0.4103 7.3242 1.3889
v 0.4363 7.3188 1.3727
v 0.4462 7.3246 1.365
v 0.4295 7.3143 1.3781
v 0.4473 7.3085 1.3624
v 0.4582 7.3114 1.3514
v 0.4392 7.305 1.369
v 0.4521 7.2991 1.3548
v 0.4638 7.3001 1.342
v 0.4438 7.2978 1.3612
v 0.4531 7.2897 1.3462
v 0.4645 7.2899 1.3358
v 0.4448 7.2899 1.355
v 0.4513 7.281 1.3462
v 0.4631 7.2784 1.3355
v 0.4428 7.2826 1.3539
v 0.4463 7.2714 1.3465
v 0.4584 7.2665 1.3339
v 0.4388 7.2753 1.3548
v 0.4406 7.2629 1.3495
v 0.4518 7.2551 1.3376
v 0.4331 7.2685 1.3583
v 0.3927 7.2332 1.3822
v 0.3976 7.2201 1.3774
v 0.4237 7.2315 1.363
v 0.3905 7.2421 1.3858
v 0.4142 7.2427 1.3697
v 0.2738 7.2367 1.3983
v 0.2696 7.224 1.3978
v 0.3097 7.2215 1.3981
v 0.2708 7.2133 1.3995
v 0.3161 7.2096 1.4009
v 0.2382 7.2423 1.392
v 0.2332 7.2327 1.3932
v 0.2322 7.2216 1.3934
v 0.2179 7.2467 1.3863
v 0.212 7.2385 1.3875
v 0.2067 7.2296 1.3879
v 0.2701 7.3295 1.4076
v 0.2725 7.3227 1.4055
v 0.2655 7.3477 1.408
v 0.2682 7.3372 1.4082
v 0.2265 7.3319 1.4044
v 0.2303 7.3232 1.4012
v 0.2333 7.3164 1.3977
v 0.2353 7.3097 1.3949
v 0.1964 7.3135 1.402
v 0.2016 7.3061 1.3992
v 0.2067 7.3004 1.3967
v 0.2093 7.2945 1.3918
v 0.1788 7.2987 1.4006
v 0.185 7.2941 1.3984
v 0.1899 7.29 1.3965
v 0.1952 7.2848 1.3878
v 0.1612 7.2762 1.3998
v 0.1676 7.2761 1.3942
v 0.174 7.284 1.3989
v 0.1717 7.2759 1.3885
v 0.1752 7.2736 1.3807
v 0.1817 7.2799 1.3835
v 0.1583 7.2656 1.3982
v 0.1651 7.2673 1.3918
v 0.1704 7.2676 1.3822
v 0.1757 7.2671 1.3781
v 0.1602 7.2545 1.3936
v 0.1675 7.2576 1.3887
v 0.1756 7.2598 1.3816
v 0.1846 7.2588 1.3761
v 0.4037 7.2032 1.3657
v 0.433 7.217 1.3521
v 0.1971 7.218 1.3871
v 0.2245 7.2075 1.3934
v 0.2672 7.1966 1.398
v 0.2625 7.176 1.3983
v 0.3179 7.1697 1.3913
v 0.4639 7.2475 1.3245
v 0.4701 7.2621 1.3223
v 0.4741 7.2764 1.3251
v 0.4747 7.2892 1.3264
v 0.4733 7.3013 1.3316
v 0.4678 7.3139 1.3414
v 0.4544 7.3279 1.3543
v 0.4284 7.3444 1.3712
v 0.3916 7.358 1.3859
v 0.3499 7.3652 1.402
v 0.3073 7.3643 1.4084
v 0.2627 7.3555 1.4077
v 0.2217 7.3393 1.4072
v 0.1902 7.319 1.4045
v 0.4636 7.3308 1.3402
v 0.4351 7.3502 1.3646
v 0.1606 7.2896 1.404
v 0.1542 7.2773 1.4045
v 0.152 7.2646 1.4022
v 0.1553 7.2505 1.3949
v 0.1718 7.3036 1.4033
v 0.1603 7.3103 1.4108
v 0.1484 7.2937 1.4117
v 0.1678 7.2859 1.4006
v 0.1789 7.2826 1.3975
v 0.1821 7.3289 1.4127
v 0.1424 7.3165 1.4256
v 0.1293 7.2967 1.4247
v 0.123 7.2788 1.4229
v 0.1422 7.2787 1.4114
v 0.1225 7.2601 1.4202
v 0.1409 7.2631 1.4091
v 0.1299 7.2378 1.416
v 0.1454 7.2447 1.3996
v 0.0925 7.3326 1.4701
v 0.0812 7.3069 1.47
v 0.1055 7.3001 1.4449
v 0.0757 7.2801 1.4686
v 0.078 7.2537 1.4677
v 0.1003 7.2567 1.4412
v 0.0886 7.2217 1.4606
v 0.1089 7.23 1.4365
v 0.0994 7.2784 1.4428
v 0.0635 7.3397 1.4918
v 0.055 7.312 1.491
v 0.0515 7.2837 1.4905
v 0.0546 7.2526 1.4908
v 0.0666 7.2112 1.4883
v 0.0325 7.3464 1.5046
v 0.0285 7.3178 1.5032
v 0.0645 7.1705 1.5077
v 0.032 7.227 1.5145
v 0.0271 7.2876 1.5044
v 0.0286 7.2574 1.5094
v 0.0332 7.1876 1.5278
v 0.2588 7.1514 1.4109
v 0.2058 7.1688 1.4096
v 0.1743 7.1878 1.407
v 0.2145 7.1901 1.3934
v 0.4293 7.1566 1.3512
v 0.4629 7.1764 1.3244
v 0.4442 7.1992 1.3345
v 0.5057 7.2873 1.2995
v 0.5023 7.3029 1.3045
v 0.4841 7.3014 1.3195
v 0.5048 7.2491 1.2949
v 0.5062 7.2697 1.2954
v 0.4867 7.2742 1.3131
v 0.4933 7.3189 1.3127
v 0.4784 7.3149 1.3273
v 0.4865 7.2885 1.3154
v 0.4751 7.3375 1.3299
v 0.4443 7.3569 1.3554
v 0.4008 7.3749 1.382
v 0.395 7.3657 1.3825
v 0.2503 7.3772 1.4203
v 0.2023 7.359 1.4248
v 0.2157 7.3477 1.412
v 0.3519 7.3856 1.4022
v 0.3502 7.3738 1.3999
v 0.3021 7.3866 1.413
v 0.2593 7.3638 1.4106
v 0.1654 7.338 1.4262
v 0.3059 7.3734 1.4073
v 0.1185 7.3232 1.4463
v 0.1407 7.3489 1.446
v 0.1115 7.3603 1.47
v 0.078 7.3703 1.4932
v 0.0382 7.3767 1.5049
v 0.2048 7.4222 1.4612
v 0.1485 7.3935 1.4693
v 0.1783 7.3762 1.4482
v 0.2774 7.4333 1.4379
v 0.2324 7.3982 1.4402
v 0.4139 7.4161 1.3779
v 0.35 7.4301 1.4111
v 0.3522 7.4063 1.4055
v 0.4688 7.3916 1.3399
v 0.4086 7.3923 1.3801
v 0.2928 7.409 1.4238
v 0.5579 7.2557 1.2486
v 0.5543 7.2842 1.2539
v 0.5289 7.2854 1.2797
v 0.5485 7.3092 1.2618
v 0.5241 7.3044 1.2854
v 0.5538 7.2253 1.2462
v 0.5301 7.2637 1.2749
v 0.5349 7.3362 1.2779
v 0.514 7.3239 1.2961
v 0.5087 7.3639 1.3054
v 0.4922 7.3462 1.3167
v 0.4578 7.3693 1.3463
v 0.4771 7.4194 1.3337
v 0.4149 7.4468 1.3788
v 0.5244 7.3859 1.2923
v 0.2558 7.4685 1.4553
v 0.1615 7.4572 1.4891
v 0.1063 7.41 1.4934
v 0.5823 7.2474 1.217
v 0.5758 7.2838 1.2229
v 0.5678 7.3179 1.2363
v 0.5814 7.2108 1.2177
v 0.5501 7.3521 1.2581
v 0.34 7.4636 1.4197
v 0.5763 7.1741 1.225
v 0.0493 7.4194 1.5109
v 0.4833 7.4515 1.3256
v 0.4188 7.4819 1.3766
v 0.3373 7.5016 1.4232
v 0.2494 7.5124 1.4654
v 0.1537 7.5145 1.5027
v 0.0669 7.5153 1.5215
v 0.0682 7.4647 1.5153
v 0.3382 7.5411 1.4241
v 0.247 7.5533 1.4692
v 0.4918 7.4836 1.3153
v 0.423 7.5184 1.3726
v 0.1475 7.558 1.5072
v 0.0636 7.5578 1.5258
v 0.5977 7.7181 1.1338
v 0.513 7.7996 1.2336
v 0.4891 7.7355 1.2824
v 0.3979 7.8535 1.3143
v 0.3787 7.7833 1.3533
v 0.2794 7.8928 1.3867
v 0.2693 7.8177 1.4145
v 0.6041 7.1961 1.1802
v 0.6036 7.2411 1.1786
v 0.5999 7.2851 1.1877
v 0.5859 7.3265 1.2062
v 0.5645 7.371 1.2353
v 0.534 7.4121 1.2771
v 0.6007 7.1524 1.1912
v 0.5766 7.3882 1.2082
v 0.5411 7.4381 1.2573
v 0.6 7.3369 1.1691
v 0.6163 7.2857 1.1434
v 0.6637 7.519 0.9597
v 0.6439 7.6209 1.0421
v 0.6246 7.5836 1.0922
v 0.6671 7.665 0.9799
v 0.5518 7.6212 1.2279
v 0.6063 7.5489 1.1373
v 0.6759 7.4083 0.8958
v 0.6848 7.4204 0.8579
v 0.6802 7.5466 0.9105
v 0.5444 8.2459 0.343
v 0.4362 8.3577 0.3138
v 0.4128 8.3912 0.6644
v 0.0348 6.9707 1.6595
v 0.0374 7.0011 1.6434
v 0.1224 6.9827 1.5822
v 0.115 7.0033 1.5569
v 0.0938 7.016 1.5862
v 0.1419 6.9689 1.5522
v 0.1397 6.9866 1.5353
v 0.0897 7.041 1.5597
v 0.1362 7.004 1.5085
v 0.1146 7.0251 1.5359
v 0.0664 7.0244 1.6078
v 0.0369 7.03 1.6221
v 0.0367 7.0608 1.5991
v 0.0674 6.9975 1.628
v 0.1577 6.9774 1.4854
v 0.1592 6.9636 1.5117
v 0.171 6.9319 1.4881
v 0.0637 7.0525 1.5817
v 0.0872 6.8778 1.6197
v 0.0788 6.8862 1.6365
v 0.0543 6.8607 1.6252
v 0.1584 6.8999 1.5424
v 0.1545 6.8867 1.5472
v 0.1582 6.8652 1.5081
v 0.052 6.8851 1.6553
v 0.0267 6.8828 1.6633
v 0.0198 6.8565 1.6344
v 0.0645 6.861 1.616
v 0.0429 6.8396 1.6025
v 0.038 6.86 1.6294
v 0.0151 6.8304 1.6038
v 0.0524 6.8462 1.5955
v 0.0429 6.8234 1.577
v 0.0289 6.8351 1.6014
v 0.0125 6.811 1.574
v 0.052 6.831 1.5753
v 0.0534 6.8064 1.5529
v 0.1147 6.8247 1.5118
v 0.0806 6.813 1.5317
v 0.0824 6.8 1.5334
v 0.1394 6.8387 1.5004
v 0.13 6.8468 1.5104
v 0.1137 6.836 1.5145
v 0.0983 6.8722 1.6011
v 0.1012 6.883 1.6111
v 0.1383 6.8643 1.5579
v 0.1458 6.8725 1.5537
v 0.1292 6.8845 1.5809
v 0.1395 6.8588 1.5234
v 0.1512 6.8558 1.5226
v 0.0701 6.8608 1.6082
v 0.0878 6.8705 1.6079
v 0.0557 6.8528 1.5889
v 0.0575 6.8394 1.5716
v 0.0577 6.8206 1.5522
v 0.0629 6.8328 1.551
v 0.0816 6.8281 1.5333
v 0.136 6.8975 1.5808
v 0.0295 6.9138 1.674
v 0.0959 6.9671 1.6192
v 0.1226 6.9613 1.5938
v 0.1446 6.9513 1.5632
v 0.1606 6.9375 1.5347
v 0.159 6.9502 1.5261
v 0.1694 6.9232 1.5139
v 0.1509 6.8366 1.4881
v 0.2374 6.9129 1.4551
v 0.2744 6.858 1.4431
v 0.3255 6.8759 1.4218
v 0.0266 6.8159 1.5762
v 0.0139 6.7923 1.5677
v 0.1263 6.8633 1.5292
v 0.1227 6.8527 1.5189
v 0.1095 6.8441 1.5203
v 0.0665 6.8417 1.5483
v 0.0719 6.8678 1.5885
v 0.1265 6.8671 1.5518
v 0.0601 6.8636 1.5793
v 0.0834 6.8718 1.5892
v 0.0818 6.8383 1.535
v 0.1105 6.8754 1.565
v 0.0575 6.8521 1.5634
v 0.0185 6.7749 1.565
v 0.2454 6.6823 1.4611
v 0.2427 6.6597 1.4614
v 0.2662 6.6353 1.4323
v 0.228 6.5663 1.4363
v 0.1865 6.5429 1.4728
v 0.1889 6.5242 1.465
v 0.1191 6.808 1.5131
v 0.1217 6.8712 1.5804
v 0.1078 6.8985 1.6121
v 0.0972 6.87 1.5868
v 0.2484 6.5809 1.4202
v 0.2293 6.5555 1.4342
v 0.0224 6.6983 1.5975
v 0.0177 6.7243 1.5742
v 0.0185 6.7535 1.5689
v 0.0881 6.851 1.5367
v 0.1139 6.8699 1.5486
v 0.118 6.8663 1.536
v 0.1014 6.8563 1.5318
v 0.0805 6.8718 1.5752
v 0.0729 6.8685 1.5694
v 0.1123 6.8622 1.5318
v 0.0945 6.8736 1.5739
v 0.1041 6.8724 1.5641
v 0.0718 6.8621 1.5571
v 0.0863 6.8735 1.5791
v 0.0794 6.8554 1.545
v 0.0892 6.8736 1.5666
v 0.097 6.8722 1.5567
v 0.105 6.8686 1.5441
v 0.082 6.8713 1.5625
v 0.0856 6.8685 1.5537
v 0.093 6.8636 1.5421
v 0.2515 6.573 1.4189
v 0.2348 6.5269 1.4279
v 0.1917 6.504 1.4544
v 0.2391 6.6458 1.4619
v 0.2599 6.6281 1.4354
v 0.0409 6.7588 1.5645
v 0.0374 6.7794 1.5593
v 0.2108 6.667 1.4958
v 0.2069 6.6549 1.4962
v 0.2343 6.6355 1.4617
v 0.2025 6.6447 1.4964
v 0.2243 6.6214 1.4612
v 0.196 6.6324 1.4904
v 0.1906 6.6245 1.4879
v 0.2209 6.6155 1.4585
v 0.1846 6.6147 1.4854
v 0.2117 6.6149 1.4488
v 0.1728 6.6165 1.4685
v 0.2528 6.6087 1.4196
v 0.2528 6.6048 1.4139
v 0.2565 6.6022 1.4118
v 0.2494 6.6089 1.4192
v 0.249 6.6067 1.4168
v 0.2428 6.6108 1.4115
v 0.2439 6.6095 1.4072
v 0.2464 6.6078 1.4142
v 0.2409 6.6143 1.399
v 0.2441 6.612 1.3935
v 0.2197 6.5879 1.444
v 0.224 6.5787 1.4421
v 0.2426 6.5891 1.423
v 0.2174 6.6082 1.4041
v 0.2107 6.6062 1.4261
v 0.2294 6.6068 1.4117
v 0.2538 6.6208 1.4374
v 0.2296 6.6289 1.4632
v 0.2466 6.6167 1.4373
v 0.2391 6.6143 1.4354
v 0.2273 6.6132 1.4314
v 0.2335 6.6131 1.4352
v 0.2073 6.6171 1.4402
v 0.2221 6.6167 1.4227
v 0.2745 6.6089 1.4133
v 0.2668 6.6089 1.4153
v 0.264 6.5973 1.4128
v 0.2148 6.5957 1.4419
v 0.2379 6.5951 1.4249
v 0.2117 6.6017 1.437
v 0.2312 6.6041 1.4211
v 0.0459 6.7328 1.5767
v 0.0515 6.7093 1.5955
v 0.0799 6.7186 1.5853
v 0.1453 6.6894 1.5479
v 0.1424 6.6786 1.5485
v 0.1755 6.6645 1.5267
v 0.1381 6.6581 1.5424
v 0.134 6.6383 1.5383
v 0.1626 6.6307 1.5184
v 0.0667 6.7636 1.553
v 0.095 6.7665 1.538
v 0.0889 6.7863 1.5351
v 0.1358 6.734 1.528
v 0.1438 6.7052 1.5442
v 0.1787 6.687 1.5235
v 0.0785 6.666 1.5776
v 0.077 6.6413 1.5657
v 0.1045 6.6418 1.5566
v 0.0806 6.7047 1.588
v 0.0803 6.6946 1.5905
v 0.1088 6.6885 1.5729
v 0.0515 6.6581 1.5828
v 0.05 6.6352 1.5722
v 0.0532 6.6957 1.5957
v 0.0533 6.684 1.5955
v 0.0214 6.6509 1.586
v 0.0198 6.6295 1.5775
v 0.023 6.6839 1.5992
v 0.0233 6.6742 1.5981
v 0.1288 6.6148 1.5361
v 0.0761 6.6127 1.5452
v 0.1014 6.6133 1.5452
v 0.0466 6.6114 1.5488
v 0.0215 6.6095 1.5497
v 0 6.6081 1.553
v 0.1782 6.6749 1.5289
v 0.1105 6.701 1.5703
v 0.1091 6.7162 1.5654
v 0.1824 6.5773 1.4785
v 0.1837 6.5617 1.4765
v 0.1638 6.6063 1.4586
v 0.1724 6.5999 1.4789
v 0.1786 6.5903 1.4819
v 0.1296 6.5135 1.5116
v 0.1234 6.5648 1.5253
v 0.1277 6.5406 1.5168
v 0.1196 6.5797 1.5248
v 0.1107 6.6043 1.517
v 0.1151 6.5928 1.5173
v 0.0517 6.571 1.5529
v 0.0528 6.5544 1.5535
v 0.0544 6.5296 1.5489
v 0.0536 6.4841 1.5131
v 0.0534 6.4615 1.5001
v 0.1297 6.475 1.4831
v 0.0508 6.6011 1.5345
v 0.0511 6.5899 1.5419
v 0.2463 6.6094 1.4174
v 0.2339 6.6002 1.4251
v 0.168 6.647 1.5218
v 0.1061 6.6645 1.5641
v 0.1587 6.6097 1.443
v 0.1044 6.607 1.5077
v 0.0508 6.6061 1.5312
v 0.0734 6.6198 1.5117
v 0.0423 6.6183 1.508
v 0.0949 6.6198 1.5073
v 0.18 6.6042 1.4117
v 0.019 6.6182 1.5076
v 0.2419 6.6201 1.3812
v 0.2496 6.615 1.3739
v 0.206 6.6242 1.4296
v 0.2188 6.6233 1.4103
v 0.0726 6.6296 1.5043
v 0.2395 6.606 1.3714
v 0.2122 6.6045 1.388
v 0.096 6.6069 1.492
v 0.1714 6.5851 1.3907
v 0.0181 6.6293 1.5068
v 0.0552 6.6022 1.5105
v 0.0432 6.629 1.5065
v 0.1094 6.6193 1.5003
v 0.0932 6.6295 1.4988
v 0.1667 6.6268 1.4544
v 0.0386 6.661 1.5013
v 0.0156 6.6555 1.5042
v 0.1087 6.5914 1.4663
v 0.0638 6.5879 1.4881
v 0.1085 6.629 1.4911
v 0.0863 6.6632 1.4847
v 0.2293 6.59 1.3595
v 0.2008 6.5821 1.3712
v 0.1935 6.6473 1.4142
v 0.2095 6.6433 1.3952
v 0.1564 6.653 1.4395
v 0.0641 6.6646 1.4964
v 0.1658 6.5508 1.3916
v 0.1158 6.5529 1.4541
v 0.2469 6.6278 1.3634
v 0.256 6.6169 1.3576
v 0.1979 6.5513 1.3674
v 0.2483 6.6469 1.3563
v 0.2608 6.6206 1.3457
v 0.037 6.7051 1.5031
v 0.0153 6.7031 1.5052
v 0.0618 6.5454 1.4851
v 0.1004 6.6617 1.4764
v 0.0826 6.7088 1.4842
v 0.2287 6.5644 1.3518
v 0.1866 6.6875 1.4128
v 0.2064 6.6797 1.3937
v 0.1537 6.6972 1.4363
v 0.0613 6.7079 1.4968
v 0.1605 6.521 1.3876
v 0.1598 6.4756 1.3583
v 0.1245 6.4617 1.3916
v 0.1181 6.5138 1.4418
v 0.195 6.5272 1.3617
v 0.2529 6.6678 1.3467
v 0.2661 6.6258 1.334
v 0.0355 6.7511 1.4972
v 0.015 6.747 1.4997
v 0.0588 6.5076 1.4783
v 0.0963 6.7072 1.4758
v 0.0785 6.7523 1.4802
v 0.2283 6.5462 1.3437
v 0.1817 6.7275 1.4092
v 0.2044 6.7166 1.3895
v 0.1462 6.736 1.4338
v 0.0824 6.238 0.6836
v 0.0649 6.3166 0.6148
v 0.0583 6.7531 1.4915
v 0.182 6.7751 1.3917
v 0.2082 6.7604 1.373
v 0.1482 6.79 1.4128
v 0.0741 6.4084 1.021
v 0.0576 6.8087 1.4671
v 0.1707 6.4336 1.2949
v 0.1967 6.4905 1.3374
v 0.0629 6.395 1.1847
v 0.265 6.694 1.3273
v 0.2779 6.6315 1.3127
v 0 6.4046 1.3379
v 0.0609 6.4006 1.3471
v 0.0325 6.8049 1.4722
v 0.0139 6.7987 1.473
v 0.0453 6.4514 1.4311
v 0.0922 6.7507 1.4718
v 0.0787 6.8088 1.4566
v 0.2324 6.5199 1.32
v 0.0341 6.8815 1.3839
v 0.0117 6.8728 1.3849
v 0.1239 6.4239 1.3224
v 0.0928 6.8064 1.4486
v 0.0864 6.8853 1.3723
v 0.2526 6.499 1.2673
v 0.211 6.4574 1.2795
v 0.1958 6.8384 1.3303
v 0.2273 6.8172 1.3175
v 0.1605 6.8586 1.3405
v 0.0589 6.8865 1.3799
v 0.1914 6.4407 1.1698
v 0.1384 6.4141 1.1784
v 0.2915 6.7249 1.2797
v 0.3041 6.6441 1.2665
v 0.2319 6.4651 1.1622
v 0.3168 6.7538 1.1754
v 0.3265 6.659 1.1653
v 0.0399 6.954 1.2373
v 0.0131 6.9423 1.24
v 0.1008 6.8816 1.3669
v 0.0955 6.9582 1.2311
v 0.2722 6.4891 1.1623
v 0.2107 6.8989 1.2153
v 0.2453 6.8739 1.2113
v 0.1826 6.9165 1.2171
v 0.067 6.9602 1.2344
v 0.2122 6.4361 1.009
v 0.1495 6.4225 1.0159
v 0.1707 6.2753 0.7114
v 0.2528 6.4658 1.0062
v 0.3579 6.7824 1.0112
v 0.3636 6.6746 1.0023
v 0.0501 6.9853 1.0334
v 0.0145 6.9713 1.038
v 0.1108 6.9531 1.2282
v 0.1223 6.9938 1.0301
v 0.2959 6.489 1.0158
v 0.2536 6.9334 1.0263
v 0.2892 6.9064 1.0237
v 0.2237 6.9525 1.0268
v 0.0861 6.9937 1.0308
v 0.0501 6.95 0.8341
v 0.016 6.9401 0.8449
v 0.1556 6.9802 1.0279
v 0.1179 6.9555 0.8294
v 0.298 6.4903 0.8227
v 0.2775 6.3915 0.8046
v 0.2481 6.8989 0.8262
v 0.2866 6.8691 0.823
v 0.2153 6.9194 0.8276
v 0.0834 6.9559 0.8306
v 0.1129 6.3387 0.6082
v 0.2452 6.3224 0.7469
v 0.3602 6.7525 0.8097
v 0.3507 6.6645 0.8067
v 0.2162 6.8013 0.656
v 0.2557 6.7802 0.6489
v 0.1812 6.8158 0.661
v 0.0687 6.8409 0.6685
v 0.2076 6.4366 0.603
v 0.1663 6.3775 0.61
v 0.3223 6.7 0.633
v 0.3085 6.644 0.6113
v 0.0378 6.8363 0.6715
v 0.0169 6.8296 0.6777
v 0.148 6.941 0.8298
v 0.0933 6.8406 0.6676
v 0.215 6.5227 0.6022
v 0.1665 6.5672 0.5695
v 0.1497 6.5491 0.5734
v 0.0824 6.5298 0.5788
v 0.0445 6.5182 0.5744
v 0.1512 6.6758 0.5712
v 0.1668 6.6692 0.5692
v 0.1411 6.6967 0.5686
v 0.146 6.8211 0.6726
v 0.1141 6.7036 0.5674
v 0.1233 6.5326 0.5696
v 0.2283 6.6487 0.5602
v 0.212 6.6136 0.5639
v 0.0315 6.701 0.5711
v 0.0174 6.684 0.5875
v 0.1199 6.8306 0.6701
v 0.0733 6.6881 0.5722
v 0.0904 6.688 0.5716
v 0.1569 7.9109 1.429
v 0.1623 7.8373 1.4528
v 0.0537 6.4311 1.4834
v 0.1292 6.4472 1.4675
v 0.3065 6.6044 1.397
v 0.288 6.6087 1.4086
v 0.2886 6.5836 1.4023
v 0.2605 6.5474 1.4121
v 0.2374 6.5013 1.4219
v 0.2589 6.6096 1.4172
v 0.0638 6.168 1.341
v 0.059 6.1675 1.2867
v 0.1377 6.1857 1.2578
v 0.4745 6.4321 0.9384
v 0.5123 6.4917 0.8663
v 0.5378 6.5262 0.9089
v 0.4489 6.4929 0.5913
v 0.4674 6.5281 0.5065
v 0.5059 6.6051 0.5364
v 0.4069 6.3838 0.5431
v 0.4411 6.4271 0.4679
v 0.4071 6.248 0.4841
v 0.4329 6.2985 0.4171
v 0.4192 6.0961 0.412
v 0.4327 6.1222 0.3386
v 0.4582 5.9302 0.3306
v 0.4828 5.9669 0.2557
v 0.5318 5.7939 0.2605
v 0.5447 5.8062 0.1857
v 0.3857 6.3902 0.7128
v 0.4192 6.434 0.6585
v 0.4631 6.4903 0.7063
v 0.3416 6.3137 0.6373
v 0.3742 6.3577 0.586
v 0.3353 6.1829 0.5737
v 0.3792 6.2132 0.5413
v 0.3704 6.0409 0.5352
v 0.3945 6.0668 0.4781
v 0.4082 5.894 0.4662
v 0.4395 5.9111 0.4017
v 0.4802 5.7613 0.3913
v 0.5021 5.773 0.3338
v 0.5527 6.5791 0.7813
v 0.5796 6.6127 0.8261
v 0.131 6.1866 1.1871
v 0.055 6.166 1.2186
v 0.0562 6.1744 1.1324
v 0.1238 6.1969 1.0977
v 0.052 6.1791 1.011
v 0.1103 6.1937 0.9846
v 0.0378 6.1645 0.8488
v 0.0815 6.1726 0.8335
v 0.0286 6.0729 0.7447
v 0.1589 5.9601 0.6541
v 0.1529 6.0866 0.7036
v 0.1098 6.0787 0.7234
v 0.0918 5.7879 0.6854
v 0.1375 5.8042 0.6658
v 0.1142 5.9453 0.6813
v 0.0653 6.0764 0.7335
v 0.0339 5.9333 0.7084
v 0.0733 5.9356 0.699
v 0.0466 5.7833 0.6895
v 0.1924 5.8107 0.657
v 0.0575 5.631 0.6954
v 0.1924 6.1019 0.6761
v 0.2164 6.2046 0.7584
v 0.2462 5.6667 0.6785
v 0.3735 5.8714 0.5245
v 0.4484 5.735 0.4631
v 0.3305 6.0164 0.5724
v 0.2934 6.156 0.5989
v 0.4429 6.388 1.0012
v 0.5005 6.4694 0.9891
v 0.6219 7.7734 1.0755
v 0.5406 7.8719 1.1777
v 0.4884 6.5532 0.6252
v 0.4675 6.478 0.3607
v 0.5744 5.8344 0.1046
v 0.4962 6.0001 0.178
v 0.4482 6.1629 0.2527
v 0.4483 6.3518 0.3248
v 0.4881 6.5739 0.3906
v 0.4668 6.5086 0.234
v 0.5903 5.8862 0.0187
v 0.4445 6.3874 0.2129
v 0.4614 6.211 0.1545
v 0.4985 6.0347 0.0924
v 0.4861 6.6045 0.2563
v 0.4501 6.529 0.1027
v 0.566 5.9191 -0.0638
v 0.4497 6.413 0.084
v 0.459 6.2487 0.0492
v 0.4897 6.0744 -0.0012
v 0.4612 6.6199 0.1174
v 0.4218 6.5468 -0.0134
v 0.5111 5.9424 -0.1489
v 0.4175 6.4332 -0.0252
v 0.4217 6.2819 -0.0458
v 0.446 6.103 -0.0847
v 0.4265 6.63 -0.0071
v 0.3475 6.5616 -0.085
v 0.4087 5.9524 -0.207
v 0.3433 6.448 -0.0888
v 0.3438 6.2916 -0.1052
v 0.3453 6.106 -0.1438
v 0.3563 6.6424 -0.0856
v 0.2393 6.5778 -0.1141
v 0.3024 5.9559 -0.2392
v 0.2339 6.4691 -0.1099
v 0.2362 6.3079 -0.1234
v 0.2494 6.1072 -0.168
v 0.054 6.685 -0.1354
v 0.049 6.6005 -0.1164
v 0.0683 6.112 -0.1649
v 0.09 5.9493 -0.2313
v 0.0461 6.4865 -0.0951
v 0.0475 6.3253 -0.1061
v 0.4048 8.011 -0.2012
v 0.279 8.0499 -0.2402
v 0.3043 8.2673 -0.0299
v 0.1497 8.0686 -0.2535
v 0.1696 8.2975 -0.045
v 0.5987 7.847 -0.0197
v 0.5124 7.9446 -0.1382
v 0.5408 8.1168 0.0604
v 0.7314 7.5409 0.2698
v 0.7087 7.6416 0.1815
v 0.7313 7.7319 0.2937
v 0.4443 8.2145 0.0034
v 0.6615 7.7449 0.0846
v 0.6888 7.8574 0.2221
v 0.6944 7.0747 0.831
v 0.6982 7.0655 0.7778
v 0.7011 7.1751 0.793
v 0.6963 7.1793 0.8429
v 0.6964 7.2945 0.8158
v 0.7073 7.9778 0.5941
v 0.7407 7.8148 0.5784
v 0.7443 7.7993 0.4428
v 0.6824 6.973 0.8292
v 0.6871 6.9589 0.7678
v 0.5529 7.0052 0.1373
v 0.5109 6.9987 0.0314
v 0.5306 7.1107 0.0056
v 0.6875 7.2891 0.8658
v 0.6385 8.1058 0.3765
v 0.5333 8.2829 0.6464
v 0.7067 7.9505 0.4073
v 0.6326 8.142 0.6218
v 0.4538 7.0034 -0.073
v 0.5537 6.5792 0.9688
v 0.5103 6.6522 0.4254
v 0.5104 6.698 0.2849
v 0.4767 6.6956 0.1223
v 0.4283 6.6982 -0.0024
v 0.35 6.7098 -0.0919
v 0.2494 6.6588 -0.1257
v 0.2538 6.7217 -0.133
v 0.5278 7.0229 1.2994
v 0.563 7.0636 1.2505
v 0.5352 7.0969 1.2808
v 0.4784 7.2394 1.3125
v 0.4995 7.2271 1.2985
v 0.4495 7.126 1.3467
v 0.486 7.1506 1.3137
v 0.5223 7.2117 1.2758
v 0.4867 7.2021 1.3059
v 0.5467 7.1934 1.252
v 0.4706 7.0947 1.3384
v 0.508 7.1263 1.3006
v 0.5283 7.2387 1.2727
v 0.6072 6.7005 0.6967
v 0.6364 6.7219 0.7674
v 0.5981 6.6629 0.8951
v 0.1443 6.1869 1.3181
v 0.1472 6.1926 1.3453
v 0.0649 6.1747 1.3653
v 0.2231 6.2312 1.3031
v 0.2224 6.2224 1.2696
v 0.2946 6.2688 1.2118
v 0.292 6.2577 1.1631
v 0.3553 6.3161 1.156
v 0.3521 6.3342 1.1948
v 0.2907 6.2829 1.2487
v 0.3135 6.2867 0.9835
v 0.2619 6.2578 1.0239
v 0.2275 6.2524 0.9168
v 0.1765 6.1908 0.7831
v 0.1323 6.1799 0.8137
v 0.1157 5.6458 0.6922
v 0.1805 5.6504 0.7008
v 0.2482 5.8235 0.637
v 0.2048 5.9697 0.636
v 0.1967 6.2261 1.0632
v 0.172 6.2211 0.9528
v 0.2808 6.2539 1.1008
v 0.2158 6.2152 1.217
v 0.4562 6.4483 1.1001
v 0.4581 6.4145 1.0499
v 0.3297 6.3282 0.8026
v 0.3554 6.3525 0.7607
v 0.4001 6.3906 0.8362
v 0.2637 6.1397 0.6201
v 0.2936 5.9969 0.5964
v 0.3469 5.8516 0.5834
v 0.4031 5.7128 0.5228
v 0.4398 6.4127 0.8904
v 0.431 6.433 0.7762
v 0.5394 6.6144 0.6584
v 0.4087 6.371 0.9502
v 0.3749 6.3561 0.8903
v 0.4738 6.464 0.8222
v 0.5362 6.7157 0.4753
v 0.5406 6.6689 0.5704
v 0.729 7.4505 0.3421
v 0.7466 7.6047 0.3576
v 0.7278 7.3739 0.3993
v 0.7402 7.5018 0.4165
v 0.6924 6.9527 0.7108
v 0.702 7.0583 0.7287
v 0.6387 7.9999 0.1434
v 0.6705 6.8377 0.6827
v 0.6663 6.8461 0.7629
v 0.5283 7.5315 -0.1531
v 0.4468 7.5647 -0.2584
v 0.4796 7.7443 -0.2261
v 0.5402 6.7637 0.3836
v 0.0579 6.8029 -0.1661
v 0.0559 6.7532 -0.1475
v 0.1627 6.9047 -0.2003
v 0.064 6.9013 -0.2039
v 0.0762 6.991 -0.2536
v 0.2706 6.9041 -0.1804
v 0.1794 6.9939 -0.2456
v 0.3541 6.768 -0.0985
v 0.4363 6.7613 -0.0135
v 0.4852 6.7613 0.1028
v 0.519 6.7708 0.2394
v 0.1479 6.6761 -0.1324
v 0.1519 6.7401 -0.1436
v 0.4702 7.121 -0.101
v 0.491 7.2498 -0.1348
v 0.102 7.1154 -0.3205
v 0.5724 7.1039 0.1115
v 0.5546 7.2321 -0.0295
v 0.3952 7.1288 -0.1905
v 0.3079 7.1256 -0.2593
v 0.3265 7.2684 -0.3031
v 0.6092 7.0964 0.197
v 0.6032 7.2125 0.0747
v 0.4148 7.2647 -0.2306
v 0.6705 7.3175 0.1632
v 0.6288 7.3377 0.0561
v 0.6513 7.4431 0.0729
v 0.5082 7.3928 -0.1662
v 0.4284 7.4129 -0.2642
v 0.5759 7.3667 -0.0559
v 0.1142 7.4354 -0.3882
v 0.5991 7.4904 -0.0452
v 0.336 7.4254 -0.3279
v 0.3544 7.5913 -0.3295
v 0.379 7.7872 -0.2993
v 0.7104 7.472 0.2224
v 0.6808 7.5439 0.1073
v 0.5616 7.6829 -0.1067
v 0.6301 7.6164 0.0013
v 0.1389 7.8254 -0.3578
v 0.1196 8.3974 0.9698
v 0.1519 8.4771 0.6926
v 0.5129 8.2441 0.8799
v 0.5609 7.9428 1.1079
v 0.4425 8.0225 1.195
v 0.6467 7.8305 1.0103
v 0.2708 8.4542 0.6879
v 0.3779 7.0057 -0.157
v 0.2851 6.9941 -0.2139
v 0.0627 7.9172 1.4416
v 0.3127 8.0778 1.265
v 0.297 7.9828 1.3317
v 0.0614 7.8478 1.4683
v 0.6613 7.8798 0.9444
v 0.5759 8.0001 1.0417
v 0.6872 7.7052 0.9211
v 0.209 7.1192 -0.305
v 0.7306 7.8074 0.6939
v 0.692 7.9616 0.7468
v 0.4583 8.0922 1.1298
v 0.2054 6.2166 1.1502
v 0.339 6.2914 1.0529
v 0.5099 6.5342 0.7426
v 0.5636 6.7716 0.5163
v 0.5729 6.7387 0.6068
v 0.5637 6.8145 0.4445
v 0.5466 6.8114 0.3331
v 0.6253 7.0908 0.2769
v 0.6409 7.1844 0.1729
v 0.6826 7.2912 0.2601
v 0.692 7.4 0.1884
v 0.7175 7.408 0.3081
v 0.6182 8.1187 0.8167
v 0.5975 8.0607 0.9572
v 0.6769 7.9237 0.864
v 0.7222 7.7849 0.7886
v 0.4851 8.1678 1.0415
v 0.0796 8.2067 1.2477
v 0.1372 6.477 -0.1098
v 0.1387 6.3132 -0.1207
v 0.1747 8.4575 0.3073
v 0.5698 6.9348 0.2576
v 0.5853 7.0074 0.2297
v 0.6041 7.0198 0.3002
v 0.2386 8.3787 0.9608
v 0.2057 8.2615 1.147
v 0.3535 8.2339 1.102
v 0.0651 8.1239 1.3146
v 0.1159 7.2609 -0.3713
v 0.3856 8.3294 0.924
v 0.1409 6.5933 -0.118
v 0.2621 7.813 -0.3436
v 0.0941 8.2749 1.1621
v 0.1587 6.1154 -0.1927
v 0.191 5.9516 -0.233
v 0.2278 7.4298 -0.3715
v 0.126 7.6282 -0.3872
v 0.1311 6.4969 1.4946
v 0.1923 6.4724 1.4401
v 0.0584 6.3945 1.4866
v 0.1618 7.1705 1.4211
v 0.1339 7.1981 1.4261
v 0.1176 7.185 1.4415
v 0.3489 6.3506 1.2285
v 0.2882 6.2966 1.276
v 0.2223 6.2432 1.3276
v 0.1479 6.2047 1.3714
v 0.0671 6.186 1.3931
v 0.1705 6.9265 1.5018
v 0.2751 6.2464 0.6972
v 0.3058 6.271 0.6628
v 0.6503 7.1656 0.2646
v 0.666 7.1544 0.332
v 0.6488 7.0933 0.34
v 0.6917 7.2526 0.3318
v 0.7026 7.3519 0.2862
v 0.0616 8.0101 1.3911
v 0.1595 7.9979 1.3813
v 0.1703 8.1089 1.3046
v 0.3019 8.4243 0.3057
v 0.2265 7.2627 -0.3541
v 0.2429 7.6127 -0.3705
v 0.1848 8.1866 1.2343
v 0.3301 8.1536 1.1938
v 0.349 7.3309 1.3983
v 0.3112 7.3315 1.404
v 0.3114 7.3316 1.3973
v 0.4343 7.3011 1.3614
v 0.4385 7.293 1.3556
v 0.4385 7.2937 1.3653
v 0.4287 7.3075 1.3664
v 0.4337 7.3008 1.3734
v 0.4104 7.3179 1.3778
v 0.4279 7.3066 1.3788
v 0.3833 7.325 1.39
v 0.4099 7.3169 1.3895
v 0.2723 7.3235 1.4007
v 0.197 7.2598 1.3673
v 0.1851 7.2669 1.3746
v 0.2018 7.2875 1.3795
v 0.1934 7.2802 1.3747
v 0.2087 7.2812 1.3697
v 0.1847 7.274 1.3768
v 0.2244 7.2529 1.3785
v 0.2123 7.256 1.3723
v 0.21 7.2549 1.3795
v 0.276 7.2434 1.3936
v 0.2424 7.2487 1.3858
v 0.241 7.2478 1.3915
v 0.2116 7.2952 1.3827
v 0.3114 7.2398 1.3999
v 0.276 7.2434 1.3986
v 0.2353 7.3097 1.3898
v 0.4071 7.2569 1.3739
v 0.3848 7.2478 1.3835
v 0.3865 7.2481 1.3873
v 0.4296 7.2711 1.3557
v 0.4248 7.2676 1.3613
v 0.4249 7.2677 1.3656
v 0.4377 7.2824 1.3492
v 0.4342 7.275 1.3509
v 0.4336 7.2755 1.3562
v 0.3835 7.3242 1.4009
v 0.4394 7.2875 1.3509
v 0.4367 7.2823 1.355
v 0.4394 7.2874 1.358
v 0.3103 7.2467 1.3611
v 0.2774 7.2487 1.3573
v 0.276 7.2442 1.3879
v 0.4017 7.2566 1.3362
v 0.3807 7.2519 1.3462
v 0.3807 7.2493 1.3752
v 0.4322 7.2943 1.3154
v 0.4335 7.2877 1.3109
v 0.435 7.2875 1.3389
v 0.3508 7.3255 1.3617
v 0.3846 7.3209 1.3522
v 0.3806 7.3248 1.376
v 0.2178 7.2988 1.348
v 0.2354 7.3088 1.3574
v 0.2353 7.3097 1.3848
v 0.2404 7.2546 1.3471
v 0.2438 7.2496 1.38
v 0.4338 7.2816 1.3081
v 0.4342 7.283 1.3386
v 0.4066 7.317 1.3399
v 0.4067 7.3159 1.3602
v 0.2139 7.2883 1.3724
v 0.2096 7.2827 1.3462
v 0.2146 7.2904 1.3461
v 0.2194 7.2952 1.3751
v 0.2293 7.256 1.3435
v 0.2222 7.2575 1.3421
v 0.2178 7.2571 1.3676
v 0.4347 7.2768 1.3077
v 0.4316 7.275 1.3412
v 0.4217 7.3084 1.3277
v 0.4238 7.3088 1.3476
v 0.2048 7.2754 1.3457
v 0.43 7.2715 1.3132
v 0.4254 7.2662 1.3187
v 0.4202 7.2676 1.3512
v 0.428 7.3019 1.3218
v 0.4297 7.3006 1.3437
v 0.2036 7.2715 1.3456
v 0.203 7.2751 1.369
v 0.2706 7.3184 1.3657
v 0.3141 7.325 1.368
v 0.434 7.2931 1.3409
v 0.3487 7.3318 1.389
v 0.2081 7.265 1.3445
v 0.203 7.2683 1.3675
v 0.272 7.3243 1.396
v 0.2253 7.3443 1.362
v 0.2632 7.364 1.3704
v 0.3018 7.1882 1.3688
v 0.2597 7.1949 1.3643
v 0.42 7.222 1.337
v 0.3939 7.205 1.3506
v 0.4476 7.3071 1.3146
v 0.4513 7.2931 1.3105
v 0.3512 7.3748 1.3641
v 0.3865 7.3654 1.3528
v 0.2005 7.3228 1.3508
v 0.2294 7.2057 1.3554
v 0.4524 7.2794 1.3089
v 0.4121 7.3522 1.3403
v 0.1794 7.2874 1.3326
v 0.1867 7.3036 1.3411
v 0.2123 7.2149 1.3478
v 0.1983 7.2262 1.3405
v 0.451 7.2665 1.31
v 0.4298 7.3367 1.329
v 0.1765 7.2731 1.3271
v 0.4466 7.2544 1.3149
v 0.4383 7.2406 1.3229
v 0.4407 7.3218 1.3209
v 0.1776 7.2597 1.3273
v 0.3087 7.3751 1.371
v 0.1838 7.2438 1.3313
v 0.1645 7.254 1.3036
v 0.1625 7.2735 1.3056
v 0.2545 7.4005 1.3335
v 0.3044 7.4128 1.3329
v 0.4504 7.337 1.2885
v 0.4582 7.3174 1.2822
v 0.1717 7.2316 1.3033
v 0.2124 7.375 1.3279
v 0.3007 7.1498 1.3276
v 0.2524 7.16 1.3247
v 0.4325 7.2013 1.2981
v 0.4042 7.1763 1.31
v 0.4623 7.2984 1.278
v 0.3512 7.4102 1.3266
v 0.3895 7.3968 1.3171
v 0.1849 7.3449 1.3192
v 0.2209 7.1755 1.3185
v 0.4634 7.2793 1.2764
v 0.418 7.378 1.3066
v 0.164 7.2937 1.3074
v 0.1703 7.3172 1.3112
v 0.2021 7.1897 1.3131
v 0.1864 7.2069 1.3081
v 0.4617 7.2611 1.2775
v 0.4377 7.3573 1.2966
v 0.4576 7.2448 1.281
v 0.4495 7.2261 1.2875
v 0.3484 7.4299 1.2864
v 0.3879 7.4151 1.2797
v 0.1768 7.3603 1.2838
v 0.206 7.3944 1.2887
v 0.2495 7.1417 1.2827
v 0.2176 7.159 1.2801
v 0.466 7.3021 1.2474
v 0.4672 7.2793 1.2456
v 0.4177 7.3942 1.2718
v 0.1547 7.2993 1.2757
v 0.1612 7.3275 1.2792
v 0.198 7.1752 1.2775
v 0.1809 7.1953 1.2753
v 0.4652 7.2575 1.2459
v 0.4388 7.371 1.2639
v 0.1536 7.2749 1.2735
v 0.4608 7.2386 1.248
v 0.4528 7.2176 1.252
v 0.4527 7.3476 1.257
v 0.1564 7.2515 1.2725
v 0.2496 7.4215 1.2916
v 0.3004 7.4336 1.2908
v 0.4614 7.3248 1.2513
v 0.1647 7.2245 1.2732
v 0.2991 7.1301 1.2827
v 0.436 7.19 1.259
v 0.4069 7.1613 1.2678
v 0.2975 7.4404 1.2575
v 0.1627 7.2217 1.2492
v 0.1536 7.2511 1.2495
v 0.2055 7.4024 1.2571
v 0.2482 7.4286 1.2583
v 0.2976 7.125 1.2478
v 0.2489 7.1364 1.2502
v 0.434 7.1866 1.2293
v 0.405 7.1572 1.2352
v 0.4598 7.329 1.2278
v 0.4648 7.3044 1.2243
v 0.3444 7.437 1.2547
v 0.3837 7.4225 1.25
v 0.1758 7.3684 1.2551
v 0.2176 7.1535 1.2503
v 0.466 7.2795 1.2223
v 0.4139 7.4016 1.2443
v 0.1518 7.3037 1.2515
v 0.1591 7.3342 1.2531
v 0.198 7.1698 1.2499
v 0.1801 7.1906 1.2494
v 0.4637 7.2561 1.2219
v 0.4357 7.3779 1.2382
v 0.1505 7.2769 1.2503
v 0.459 7.2362 1.2229
v 0.4508 7.2147 1.2251
v 0.4505 7.3534 1.2326
v 0.4312 7.3809 1.2183
v 0.4465 7.3563 1.214
v 0.4563 7.3314 1.2101
v 0.4616 7.3061 1.2068
v 0.4628 7.2804 1.2047
v 0.4603 7.2565 1.2039
v 0.1629 7.2219 1.23
v 0.1536 7.2523 1.2311
v 0.4555 7.2365 1.204
v 0.4472 7.2153 1.2048
v 0.4305 7.1877 1.2068
v 0.4017 7.1585 1.2103
v 0.2959 7.1263 1.2212
v 0.2484 7.1373 1.2256
v 0.3403 7.4379 1.23
v 0.3788 7.4244 1.2269
v 0.218 7.1537 1.2277
v 0.2073 7.4045 1.2328
v 0.1505 7.2794 1.2317
v 0.1524 7.3074 1.2321
v 0.1987 7.1696 1.2286
v 0.1807 7.1903 1.2291
v 0.1605 7.3385 1.2324
v 0.1779 7.3721 1.2326
v 0.2481 7.4292 1.2327
v 0.2951 7.4406 1.2319
v 0.409 7.4043 1.2228
v 0.403 7.4044 1.2029
v 0.1552 7.3105 1.2136
v 0.1642 7.3413 1.2128
v 0.2186 7.1574 1.2067
v 0.294 7.1317 1.1969
v 0.2102 7.4033 1.211
v 0.4579 7.2821 1.1881
v 0.3362 7.4354 1.2077
v 0.1819 7.3733 1.212
v 0.4554 7.2583 1.187
v 0.4254 7.3817 1.1998
v 0.3733 7.4232 1.2057
v 0.2488 7.4262 1.2097
v 0.1553 7.2548 1.2134
v 0.4256 7.1916 1.186
v 0.4411 7.3577 1.1967
v 0.1645 7.2244 1.2117
v 0.1527 7.2822 1.214
v 0.248 7.1419 1.2028
v 0.4511 7.3332 1.1935
v 0.2931 7.4373 1.2087
v 0.4422 7.2184 1.186
v 0.4566 7.3079 1.1905
v 0.4505 7.2388 1.1864
v 0.4472 7.2614 1.1679
v 0.4173 7.3801 1.1792
v 0.2148 7.3988 1.188
v 0.1688 7.2291 1.1905
v 0.1599 7.2586 1.1929
v 0.3971 7.1631 1.1875
v 0.4178 7.1986 1.1637
v 0.433 7.3573 1.1774
v 0.2919 7.4299 1.1848
v 0.1578 7.2851 1.1935
v 0.2488 7.1508 1.1782
v 0.443 7.3341 1.1749
v 0.1611 7.3126 1.1924
v 0.1708 7.3423 1.191
v 0.4343 7.2238 1.1654
v 0.4483 7.3098 1.1717
v 0.3666 7.4185 1.1834
v 0.1883 7.372 1.1898
v 0.1999 7.1726 1.2087
v 0.2207 7.1648 1.1835
v 0.2927 7.1419 1.1714
v 0.4495 7.2845 1.1691
v 0.332 7.429 1.1846
v 0.395 7.4014 1.1813
v 0.2506 7.4194 1.1859
v 0.1715 7.2638 1.1649
v 0.3899 7.1715 1.1637
v 0.4041 7.2103 1.1382
v 0.4192 7.3533 1.1525
v 0.2925 7.4158 1.1569
v 0.1699 7.288 1.1655
v 0.2537 7.1668 1.1491
v 0.4284 7.3326 1.1505
v 0.174 7.3133 1.1641
v 0.184 7.3404 1.1626
v 0.4199 7.2324 1.1408
v 0.4329 7.3104 1.1473
v 0.358 7.4072 1.1566
v 0.2004 7.3665 1.1618
v 0.2028 7.1788 1.1864
v 0.2277 7.1783 1.1548
v 0.2931 7.1602 1.1428
v 0.4339 7.287 1.1448
v 0.3278 7.4157 1.1573
v 0.3834 7.3924 1.1548
v 0.2558 7.4065 1.1577
v 0.4425 7.243 1.1669
v 0.432 7.2658 1.1438
v 0.4042 7.3734 1.1534
v 0.2241 7.3892 1.1601
v 0.1799 7.2367 1.162
v 0.3434 7.2524 1.0903
v 0.3378 7.2421 1.0915
v 0.379 7.2281 1.1108
v 0.3983 7.2578 1.1136
v 0.4014 7.2713 1.1138
v 0.3452 7.2735 1.088
v 0.2454 7.3704 1.1258
v 0.2269 7.3536 1.1259
v 0.2757 7.3384 1.0971
v 0.3352 7.3399 1.0963
v 0.3403 7.3284 1.0933
v 0.3917 7.3422 1.1205
v 0.2971 7.19 1.1141
v 0.3329 7.1955 1.1119
v 0.3237 7.2209 1.0968
v 0.3796 7.358 1.1216
v 0.3634 7.3726 1.1231
v 0.3289 7.35 1.0997
v 0.3037 7.2178 1.0975
v 0.2947 7.2247 1.0952
v 0.2679 7.1944 1.117
v 0.3306 7.2311 1.0938
v 0.3595 7.2101 1.1106
v 0.2934 7.3575 1.1028
v 0.3025 7.3647 1.1062
v 0.2965 7.3902 1.1257
v 0.3431 7.3156 1.0906
v 0.3989 7.3257 1.1187
v 0.3174 7.3651 1.1066
v 0.3228 7.3581 1.103
v 0.3447 7.384 1.1251
v 0.2758 7.2491 1.0906
v 0.2684 7.2645 1.0897
v 0.2091 7.2488 1.1234
v 0.2835 7.3492 1.1001
v 0.2694 7.3828 1.1252
v 0.2869 7.2318 1.0935
v 0.2475 7.2023 1.12
v 0.2638 7.2802 1.0899
v 0.2016 7.2709 1.1257
v 0.402 7.3077 1.1162
v 0.2816 7.2391 1.092
v 0.2221 7.2258 1.1221
v 0.3455 7.2619 1.0892
v 0.3918 7.2447 1.1125
v 0.3232 7.3906 1.1264
v 0.3441 7.3018 1.0885
v 0.3446 7.2873 1.0876
v 0.4026 7.2886 1.1143
v 0.2344 7.2114 1.1216
v 0.263 7.2951 1.0906
v 0.2005 7.2908 1.1264
v 0.2137 7.3333 1.1254
v 0.2047 7.3115 1.1257
v 0.2654 7.3101 1.0918
v 0.2699 7.325 1.0941
v 0.2112 7.1904 1.158
v 0.3412 7.1672 1.1387
v 0.3784 7.1864 1.1373
v 0.5599 7.1351 1.2453
v 0.6656 6.8737 0.831
v 0.6339 6.7604 0.8453
v 0.5333 7.1598 1.2713
v 0.5093 7.1826 1.2903
v 0.4668 7.2202 1.3182
v 0.4529 7.2326 1.3344
v 0.4422 7.2435 1.3469
v 0.4313 7.2544 1.3572
v 0.425 7.2618 1.3647
v 0.4106 7.2512 1.3741
v 0.4009 7.2578 1.3647
v 1.1458 5.6281 0.3861
v 1.1027 5.5862 0.5304
v 1.4147 5.629 0.5973
v 1.4854 5.7009 0.4304
v 1.7436 5.5803 0.6205
v 1.8279 5.6297 0.4514
v 1.9357 5.4027 0.6075
v 2.0454 5.433 0.4469
v 2.0698 5.2479 0.557
v 2.1812 5.2854 0.4275
v 2.17 5.1371 0.5338
v 2.3195 5.075 0.3912
v 2.2211 5.0421 0.5104
v 2.2644 4.965 0.4923
v 2.3698 4.9951 0.3797
v 2.3071 4.882 0.4863
v 2.4234 4.9079 0.3752
v 2.3714 4.7905 0.4964
v 2.4919 4.8083 0.3771
v 2.4517 4.663 0.5009
v 1.0353 5.5373 0.6586
v 1.3198 5.5422 0.7237
v 1.5842 5.4897 0.7269
v 1.769 5.3543 0.6999
v 1.899 5.2051 0.6451
v 1.9938 5.0928 0.6025
v 2.0541 5.0016 0.5718
v 2.1009 4.9212 0.554
v 2.1469 4.8432 0.5486
v 2.2096 4.7442 0.5574
v 2.2896 4.6217 0.5677
v 1.0064 5.3488 0.8939
v 0.7773 5.238 0.9696
v 1.0963 5.201 0.9542
v 1.2589 5.3046 0.8893
v 1.3256 5.1312 0.9088
v 1.4565 5.2245 0.8566
v 1.4686 5.0218 0.8345
v 1.5915 5.108 0.7934
v 1.5712 4.9218 0.7413
v 1.7362 4.9045 0.64
v 1.6193 4.8439 0.6373
v 1.6511 4.7806 0.5225
v 1.7773 4.8405 0.5673
v 1.6775 4.7051 0.3767
v 1.8164 4.7817 0.503
v 1.7643 4.645 0.3247
v 1.8841 4.6915 0.4761
v 1.8854 4.5041 0.3204
v 0.4788 5.1876 0.9899
v 0.2484 5.153 0.9901
v 0.2531 5.047 1.0353
v 0.7189 5.0995 1.041
v 0.9875 5.0879 1.0141
v 1.2232 5.023 0.9587
v 1.3826 4.9169 0.8732
v 1.4871 4.8248 0.7661
v 1.5277 4.759 0.645
v 1.5485 4.7022 0.5106
v 1.5653 4.6433 0.3581
v 1.5733 4.5736 0.1894
v 1.7209 4.5712 0.1721
v 1.8107 4.473 0.1606
v 0.1109 5.0309 1.0294
v 0.1115 5.1356 0.9866
v 0.6663 4.9882 1.1028
v 0.9082 4.9832 1.0748
v 1.1491 4.9221 1.0159
v 1.3219 4.8229 0.9211
v 1.4185 4.7358 0.8037
v 1.4534 4.6688 0.6712
v 1.4739 4.6145 0.5249
v 1.4966 4.5695 0.3649
v 1.6444 4.6032 0.1899
v 1.6472 4.5226 0.0345
v 0.6162 4.8702 1.1542
v 0.8448 4.875 1.1423
v 1.0991 4.8164 1.0883
v 1.2747 4.7176 0.985
v 1.3588 4.635 0.8591
v 1.3884 4.5668 0.7181
v 1.4139 4.5084 0.5613
v 1.4473 4.4697 0.391
v 1.4857 4.4293 0.2095
v 0.4828 5.0633 1.0449
v 0.5856 4.7668 1.2001
v 0.8051 4.7557 1.1984
v 1.0615 4.6927 1.155
v 1.233 4.5923 1.0586
v 1.2994 4.5138 0.9343
v 1.321 4.4491 0.7876
v 1.3505 4.3776 0.6172
v 1.4014 4.3359 0.4345
v 1.4538 4.3057 0.2336
v 0.1128 4.6322 1.193
v 0.5546 4.6146 1.2645
v 0.7666 4.6146 1.2622
v 1.0233 4.5577 1.2219
v 1.1837 4.4574 1.1453
v 1.2372 4.3582 1.0374
v 1.2541 4.2976 0.8895
v 1.272 4.2084 0.6892
v 1.3602 4.1518 0.4899
v 1.4227 4.1293 0.2658
v 0.0706 4.3967 1.2853
v 0.116 4.763 1.1401
v 0.1134 4.9256 1.0677
v 0.5396 5.5856 0.5004
v 0.6061 5.6219 0.4273
v 1.1767 5.6457 0.2522
v 1.5132 5.7281 0.2635
v 1.8529 5.6398 0.268
v 2.0885 5.4436 0.2634
v 2.2172 5.2975 0.2559
v 2.2697 5.1741 0.4077
v 2.3535 5.0911 0.2441
v 2.4127 5.0065 0.2413
v 2.4795 4.9137 0.2457
v 2.531 4.802 0.2457
v 2.556 4.6816 0.3791
v 0.2474 4.9388 1.0714
v 0.1826 4.4623 1.2714
v 0.6124 5.3568 0.9182
v 0.4149 5.2997 0.9379
v 0.2101 4.6719 1.1882
v 0.2327 4.8001 1.1346
v 0.2466 5.2731 0.9528
v 0.7813 5.4113 0.842
v 0.2468 5.5158 0.7787
v 0.3326 5.5361 0.7395
v 0.1607 5.5059 0.7896
v 0.403 5.5425 0.6597
v 0.3113 5.674 0.6503
v 0.8818 5.6041 0.3556
v 0.8221 5.5537 0.4624
v 0.6542 5.6516 0.3435
v 0.6953 5.6802 0.2801
v 0.7177 5.8268 -0.1401
v 0.6346 5.8452 -0.2243
v 0.237 5.8399 -0.3157
v 0.111 5.8324 -0.2981
v 0.7589 5.796 -0.056
v 0.3671 5.8427 -0.3271
v 0.7739 5.7679 0.0286
v 0.7422 5.7199 0.2011
v 0.769 5.7526 0.1148
v 0.494 5.8395 -0.2996
v 0.9908 5.7049 0.0565
v 0.9847 5.7208 -0.0378
v 0.5931 5.7292 -0.3708
v 0.4364 5.7266 -0.3964
v 0.9687 5.6796 0.1573
v 0.7619 5.748 -0.2953
v 0.8746 5.7291 -0.21
v 0.9389 5.7177 -0.1257
v 0.2863 5.7218 -0.3921
v 0.1355 5.7087 -0.3601
v 1.0063 5.6557 -0.2786
v 0.8818 5.6505 -0.3534
v 0.7001 5.622 -0.4171
v 0.5183 5.6104 -0.4509
v 1.22 5.6942 0.1311
v 1.2191 5.6938 0.0097
v 1.1898 5.6969 -0.1029
v 0.3405 5.5998 -0.4633
v 0.1611 5.5818 -0.4221
v 1.1125 5.676 -0.1988
v 0.7488 5.5173 0.5396
v 0.3389 5.4135 0.8763
v 0.4531 5.4333 0.8199
v 0.2185 5.3934 0.8915
v 0.5484 5.4443 0.7189
v 0.9323 5.6513 0.2561
v 0.0565 5.4729 0.7621
v 0.1165 5.2563 0.951
v 0.436 4.8493 1.138
v 0.4027 4.7315 1.1882
v 0.3661 4.5748 1.2496
v 0.4604 4.9573 1.0859
v 0.1013 5.3707 0.8769
v 0.1787 5.4486 -0.4669
v 1.5026 5.7251 -0.0418
v 1.4178 5.6691 -0.1728
v 0.592 5.4919 -0.483
v 1.2859 5.6211 -0.2744
v 0.386 5.4722 -0.4981
v 1.1301 5.5738 -0.345
v 0.9587 5.5415 -0.4032
v 0.779 5.5129 -0.4524
v 1.5373 5.7422 0.1086
v 1.2508 5.4769 -0.408
v 1.0261 5.4289 -0.4565
v 0.8225 5.3933 -0.4954
v 0.6334 5.3698 -0.5117
v 1.8793 5.6465 0.0882
v 1.8305 5.6384 -0.091
v 0.1739 5.3164 -0.4908
v 1.664 5.5891 -0.2357
v 1.47 5.5413 -0.3424
v 0.3976 5.34 -0.5186
v 1.0679 5.2956 -0.5041
v 1.3763 5.3371 -0.4563
v 1.2765 5.1646 -0.5047
v 0.8634 4.3925 -0.481
v 1.0652 4.3834 -0.4859
v 1.004 4.2307 -0.3931
v 1.0407 5.1416 -0.5437
v 1.2074 5.0053 -0.5246
v 0.9248 4.6727 -0.554
v 1.1313 4.6825 -0.5223
v 1.1094 4.5175 -0.5471
v 0.8885 4.5322 -0.5183
v 0.8298 5.2565 -0.5311
v 0.6752 4.4088 -0.4445
v 0.8253 4.2431 -0.4214
v 0.8141 5.1099 -0.559
v 1.0054 4.9858 -0.5789
v 0.7247 4.6808 -0.5247
v 0.692 4.5468 -0.4575
v 0.6079 5.2198 -0.4923
v 0.5189 4.4109 -0.4689
v 0.6586 4.2518 -0.4221
v 0.5833 5.0748 -0.4695
v 0.7949 4.9624 -0.6077
v 0.5397 4.675 -0.4943
v 0.5283 4.5484 -0.4855
v 0.3955 5.2006 -0.53
v 0.3615 4.4116 -0.4727
v 0.5093 4.256 -0.4451
v 0.3904 5.0515 -0.5217
v 0.569 4.9335 -0.4852
v 0.3685 4.6679 -0.508
v 0.363 4.5457 -0.4886
v 0.1915 5.1794 -0.511
v 0.2015 4.4259 -0.4626
v 0.3604 4.258 -0.4467
v 0.1977 5.034 -0.52
v 0.3834 4.9118 -0.5292
v 0.1936 4.6654 -0.4941
v 0.1956 4.5517 -0.4791
v 0.2023 4.2552 -0.4384
v 0.1974 4.8893 -0.5167
v 2.093 5.4451 0.0744
v 2.0026 5.4596 -0.1072
v 1.8645 5.4557 -0.2671
v 1.6517 5.4272 -0.3794
v 1.8196 4.8598 -0.3706
v 1.8869 4.7752 -0.3516
v 1.7898 4.7234 -0.3372
v 2.226 5.3077 0.0707
v 2.1405 5.3193 -0.1101
v 1.2743 4.5153 -0.4221
v 1.4297 4.4891 -0.2976
v 1.3746 4.3408 -0.2607
v 2.0139 5.3247 -0.2654
v 1.2313 4.371 -0.3779
v 1.3233 4.1986 -0.2172
v 1.8285 5.3127 -0.3728
v 1.733 4.9766 -0.3954
v 1.7219 4.7859 -0.3647
v 1.5241 4.5352 -0.2525
v 1.5535 4.4525 -0.1285
v 1.4279 4.6732 -0.3794
v 1.525 4.6616 -0.3302
v 2.3047 5.2036 0.0746
v 2.2433 5.2067 -0.1072
v 1.5072 4.3858 -0.1377
v 1.461 4.2828 -0.1194
v 2.1079 5.2094 -0.2471
v 1.41 4.1578 -0.0897
v 1.9453 5.1969 -0.3468
v 1.7718 5.155 -0.4035
v 1.6225 5.2535 -0.4347
v 1.6269 5.0723 -0.429
v 1.4798 5.1383 -0.4667
v 1.6067 4.629 -0.295
v 1.5913 4.5406 -0.2233
v 1.5972 4.4851 -0.1144
v 2.3646 5.1093 0.0798
v 2.2995 5.1128 -0.0915
v 2.1763 5.1094 -0.2341
v 2.0219 5.086 -0.3197
v 1.8681 5.045 -0.3725
v 2.0049 4.8236 -0.3405
v 1.6862 4.5839 -0.2698
v 1.6628 4.5143 -0.2018
v 1.6559 4.4797 -0.0995
v 2.4832 4.9195 0.0795
v 2.4009 4.9096 -0.0764
v 2.3498 5.0166 -0.0808
v 1.5484 4.465 0.0266
v 1.5894 4.5102 0.0293
v 2.285 4.8919 -0.2028
v 2.2289 5.0065 -0.2159
v 2.1444 4.8641 -0.2903
v 2.0849 4.9743 -0.2983
v 1.9438 4.9283 -0.349
v 2.0921 4.6936 -0.3058
v 1.9823 4.665 -0.3168
v 1.777 4.5144 -0.2492
v 1.7491 4.4567 -0.1841
v 1.7344 4.4361 -0.0815
v 2.5287 4.8019 0.0791
v 2.464 4.7949 -0.0837
v 1.7195 4.4917 0.034
v 2.3477 4.768 -0.2036
v 2.2172 4.7289 -0.274
v 2.3085 4.5791 -0.2659
v 2.1981 4.5377 -0.2997
v 2.101 4.5088 -0.2902
v 1.8804 4.4118 -0.2272
v 1.848 4.3637 -0.1583
v 1.8222 4.3406 -0.0774
v 2.5914 4.675 0.0791
v 2.5332 4.6615 -0.0789
v 1.8088 4.4177 0.0459
v 2.4268 4.6222 -0.1961
v 1.4804 4.2827 0.0406
v 1.5235 4.5165 0.1942
v 1.6251 4.8963 -0.3983
v 2.4186 5.0169 0.0819
v 2.2975 5.1891 0.249
v 1.6844 4.998 0.7181
v 2.5988 4.6789 0.2344
v 1.5175 4.3895 0.0272
v 1.8911 4.6298 -0.2964
v 2.0166 4.4814 -0.2831
v 1.2956 4.6823 -0.4514
v 1.4402 4.1375 0.0608
v 1.3846 4.999 -0.4763
v 1.9805 4.2287 -0.1447
v 1.9625 4.2193 -0.0583
v 2.6857 4.5356 0.0864
v 2.6344 4.5162 -0.0674
v 2.5525 4.505 0.5128
v 1.9497 4.2525 0.0498
v 2.1516 4.2989 -0.2804
v 2.5314 4.4748 -0.1864
v 2.4257 4.4518 0.5692
v 2.424 4.4194 -0.2524
v 2.6528 4.5329 0.3895
v 2.6938 4.5419 0.2334
v 2.3225 4.3691 -0.2932
v 2.2336 4.3326 -0.2861
v 2.007 4.5364 0.4691
v 2.038 4.3124 0.3484
v 2.0258 4.2562 -0.1957
v 1.9799 4.2816 0.1825
v 2.1342 4.0421 -0.1334
v 2.1194 4.0436 -0.0508
v 2.797 4.3884 0.103
v 2.7537 4.3634 -0.0522
v 2.552 4.2606 0.5713
v 2.1145 4.0411 0.0465
v 2.6624 4.3134 -0.1726
v 2.1586 4.072 0.184
v 2.5586 4.2543 -0.2484
v 2.7976 4.3978 0.2588
v 2.4646 4.2026 -0.2896
v 2.1552 4.3393 0.4783
v 2.2313 4.1119 0.355
v 2.2969 4.1189 -0.2741
v 2.3802 4.1608 -0.2826
v 2.1768 4.0648 -0.1827
v 2.7627 4.3855 0.4209
v 2.6692 4.3438 0.5238
v 2.2809 3.8824 -0.0387
v 2.2737 3.8736 0.0611
v 2.8793 4.2161 -0.0235
v 2.7891 4.1676 -0.1473
v 2.3086 3.9066 0.2036
v 2.7035 4.108 -0.2271
v 2.9053 4.2671 0.2902
v 2.9129 4.2469 0.1399
v 2.6144 4.0493 -0.2715
v 2.3068 4.1609 0.4845
v 2.368 3.9489 0.3558
v 2.4553 3.9675 -0.2589
v 2.5365 4.0109 -0.2669
v 2.3353 3.9127 -0.1707
v 2.3019 3.8933 -0.1119
v 2.8751 4.247 0.4415
v 2.7831 4.1759 0.5425
v 2.6851 4.0824 0.5857
v 2.3945 3.7273 0.0682
v 2.4385 3.7492 0.2136
v 2.9157 4.0381 -0.1031
v 2.8469 3.9781 -0.1875
v 3.0057 4.1445 0.3208
v 3.0151 4.1221 0.179
v 2.7683 3.9226 -0.2378
v 2.4605 3.9737 0.4817
v 2.5092 3.7759 0.3592
v 2.6047 3.8381 -0.2357
v 2.6935 3.8775 -0.244
v 2.4623 3.7745 -0.1589
v 2.4293 3.7523 -0.107
v 2.9627 4.1214 0.4593
v 2.8676 4.0442 0.5584
v 2.407 3.7387 -0.038
v 2.9934 4.0928 0.0283
v 2.7749 3.966 0.5855
v 0.7908 3.7674 1.5937
v 0.7804 3.7486 1.5931
v 0.8008 3.7433 1.5887
v 0.8271 3.8125 1.5792
v 0.8433 3.8263 1.5708
v 0.827 3.8384 1.5723
v 0.8026 3.7643 1.5911
v 0.8213 3.7456 1.5839
v 0.8061 3.8227 1.5818
v 0.8177 3.8196 1.5803
v 0.8146 3.7656 1.5883
v 0.8392 3.7552 1.5787
v 0.807 3.8437 1.5752
v 0.7866 3.8414 1.5795
v 0.825 3.7712 1.5849
v 0.8514 3.7707 1.5748
v 0.7733 3.7958 1.5928
v 0.7505 3.7974 1.593
v 0.7531 3.7779 1.5956
v 0.7943 3.8213 1.5846
v 0.7687 3.8317 1.584
v 0.832 3.7802 1.5823
v 0.8565 3.7896 1.5721
v 0.7748 3.7844 1.5941
v 0.7636 3.7608 1.5958
v 0.7765 3.8068 1.5905
v 0.756 3.8163 1.5895
v 0.8349 3.7912 1.5803
v 0.8538 3.8091 1.5706
v 0.7809 3.7744 1.5944
v 0.7839 3.8157 1.5876
v 0.8332 3.8026 1.5793
v 0.7548 3.7097 1.5901
v 0.7961 3.6988 1.5802
v 0.8834 3.8678 1.5477
v 0.8501 3.8926 1.5505
v 0.8375 3.7036 1.5681
v 0.8743 3.7232 1.5573
v 0.8094 3.9034 1.5558
v 0.7678 3.8986 1.5644
v 0.8999 3.7546 1.5533
v 0.6943 3.8091 1.5927
v 0.6996 3.7693 1.5976
v 0.7312 3.879 1.5742
v 0.9102 3.7932 1.5494
v 0.7207 3.7344 1.5974
v 0.7054 3.8476 1.5843
v 0.9047 3.8329 1.5474
v 0.8785 4.0163 1.4926
v 0.8558 3.6552 1.5367
v 0.9266 3.695 1.5083
v 0.794 4.0375 1.5046
v 0.7068 4.029 1.5204
v 0.9837 3.752 1.4911
v 0.5543 3.8587 1.5741
v 0.5665 3.7826 1.5883
v 0.6303 3.992 1.5386
v 1.004 3.8256 1.4839
v 0.6116 3.7156 1.5933
v 0.5765 3.9322 1.5535
v 0.9919 3.9017 1.4766
v 0.6838 3.6679 1.5862
v 0.9483 3.9686 1.4874
v 0.7689 3.6466 1.5583
v 0.9839 4.0437 1.4404
v 1.0195 4.1189 1.3918
v 0.909 4.2166 1.4042
v 0.751 3.6144 1.5416
v 0.7253 3.5847 1.5201
v 0.8685 3.5972 1.4613
v 0.7822 4.1335 1.4622
v 0.8935 4.1059 1.4513
v 0.8634 3.6235 1.5069
v 0.9984 3.6495 1.3857
v 0.7709 4.2531 1.405
v 0.6264 4.25 1.4163
v 0.9608 3.6709 1.4533
v 1.086 3.752 1.3436
v 0.4689 3.9006 1.5475
v 0.3627 3.942 1.5098
v 0.3826 3.8197 1.5371
v 0.6677 4.1224 1.4785
v 0.488 4.183 1.4381
v 1.0256 3.75 1.4332
v 1.1016 3.8896 1.3314
v 0.4851 3.8016 1.5709
v 0.4471 3.7122 1.5576
v 0.498 3.9964 1.5211
v 0.39 4.0705 1.471
v 1.0528 3.8576 1.4125
v 1.0865 4.0115 1.3543
v 0.545 3.7143 1.5826
v 0.5588 3.6201 1.5524
v 0.5676 4.0743 1.4993
v 1.0392 3.9566 1.4127
v 0.6255 3.6471 1.5768
v 0.9386 4.323 1.347
v 0.8853 3.5564 1.4131
v 1.0231 3.6217 1.317
v 0.7553 4.3683 1.3505
v 0.5829 4.354 1.3652
v 1.137 3.7494 1.2261
v 0.2371 3.9891 1.4534
v 0.2661 3.8271 1.4963
v 0.425 4.2847 1.3812
v 1.1453 3.9257 1.2267
v 0.3671 3.6843 1.5355
v 0.2845 4.1454 1.4131
v 1.1559 4.122 1.2462
v 0.4972 3.5885 1.5389
v 1.0689 4.2357 1.3128
v 0.7051 3.5378 1.4892
v 1.1355 4.3458 1.2382
v 0.9902 4.4403 1.2882
v 0.6946 3.4638 1.4852
v 0.9274 3.4748 1.3416
v 1.0618 3.5846 1.2004
v 0.7429 4.5114 1.3011
v 0.5626 4.4938 1.3123
v 1.1215 3.7589 1.0853
v 0.1233 4.022 1.4235
v 0.1476 3.8174 1.4848
v 0.3838 4.4071 1.3224
v 1.1658 3.9736 1.1083
v 0.2724 3.6315 1.5367
v 0.1703 4.2239 1.3608
v 1.1947 4.2089 1.1406
v 0.4507 3.5262 1.5437
v 0.0662 4.2142 1.359
v 0.0609 4.0123 1.4244
v 0.0885 3.803 1.4908
v 0.1421 3.621 1.5438
v 0 3.616 1.5502
v 1.2272 4.1127 0.9289
v 1.2784 4.03 0.7541
v 4.5195 1.95 2.9073
v 4.5557 1.9592 2.8993
v 4.5551 1.9733 2.8727
v 4.6124 1.8692 2.8165
v 4.5952 1.8428 2.7999
v 4.5956 1.855 2.7847
v 4.601 1.9381 2.8708
v 4.6241 1.8994 2.8404
v 4.6165 1.9215 2.8228
v 4.5762 2.0198 2.7337
v 4.5906 1.9833 2.6977
v 4.5888 2.0018 2.6731
v 4.5019 2.0421 2.7663
v 4.5419 2.0376 2.759
v 4.54 2.054 2.7338
v 4.5878 1.9507 2.6775
v 4.5701 1.9204 2.6615
v 4.5626 1.9102 2.6325
v 4.5087 1.8274 3.0339
v 4.5496 1.832 3.0277
v 4.555 1.8778 2.9757
v 4.5996 1.7572 2.9659
v 4.5807 1.7323 2.9503
v 4.579 1.7736 2.8901
v 4.5861 1.8189 3.0136
v 4.6025 1.7902 2.9902
v 4.6047 1.8276 2.9362
v 4.449 1.8797 2.9141
v 4.4462 1.8318 2.9552
v 4.4646 1.8516 2.9726
v 4.5964 1.9702 2.8264
v 4.6014 1.9569 2.8486
v 4.4481 1.9324 2.8552
v 4.4503 1.9235 2.87
v 4.4677 1.9447 2.8794
v 4.4166 1.991 2.7381
v 4.4232 1.9751 2.7659
v 4.4414 1.9985 2.7835
v 4.5521 1.8813 2.7141
v 4.5471 1.901 2.6738
v 4.5762 1.9178 2.6807
v 4.5496 1.7147 2.9435
v 4.5521 1.7581 2.8771
v 4.5399 1.9068 2.6522
v 4.5352 1.8945 2.6121
v 4.5563 1.8211 2.7918
v 4.5572 1.8311 2.7748
v 4.4646 1.8938 2.9296
v 4.4866 1.8664 2.9792
v 4.4336 2.0131 2.7588
v 4.4692 2.0157 2.7915
v 4.4781 1.9964 2.8216
v 4.513 1.9784 2.8638
v 4.516 1.9666 2.8845
v 4.606 1.9071 2.7794
v 4.6123 1.8871 2.8022
v 4.598 1.7062 3.0293
v 4.6004 1.7403 3.0524
v 4.5992 1.7229 3.0682
v 4.5863 1.7693 3.0723
v 4.5484 1.7821 3.088
v 4.55 1.7676 3.1006
v 4.4768 1.6518 3.1709
v 4.4838 1.6914 3.156
v 4.4715 1.7199 3.1134
v 4.4982 1.7752 3.0889
v 4.4785 1.7595 3.0881
v 4.4806 1.7369 3.1118
v 4.5846 1.7541 3.0844
v 4.5123 1.7444 3.1277
v 4.4927 1.7156 3.1436
v 4.5074 1.6923 3.174
v 4.5186 1.6502 3.2063
v 4.5182 1.6845 3.1803
v 4.5749 1.6034 3.1006
v 4.5886 1.6336 3.0824
v 4.5962 1.6295 3.1179
v 4.5209 1.6317 3.2147
v 4.5043 1.6539 3.1995
v 4.6009 1.6704 3.0814
v 4.5974 1.7113 3.0848
v 4.5938 1.7028 3.0944
v 4.5728 1.5883 3.1821
v 4.5514 1.5996 3.2023
v 4.5384 1.5908 3.1998
v 4.5814 1.741 3.0979
v 4.5516 1.753 3.1133
v 4.5497 1.7374 3.1249
v 4.5766 1.7278 3.1094
v 4.5712 1.7175 3.1134
v 4.5437 1.7234 3.1312
v 4.5745 2.0353 2.7086
v 4.5907 1.863 2.961
v 4.5021 1.794 2.832
v 4.497 1.7528 2.8811
v 4.4583 1.7771 2.8974
v 4.551 1.9846 2.8523
v 4.4929 1.8396 2.7711
v 4.5021 1.8313 2.7926
v 4.4663 1.8487 2.8186
v 4.479 1.9121 2.6572
v 4.4779 1.8945 2.6849
v 4.4397 1.9078 2.7054
v 4.5693 1.5798 3.1768
v 4.4963 1.5881 3.1677
v 4.5974 1.6638 3.0993
v 4.5864 1.6907 3.101
v 4.5064 1.6322 3.2063
v 4.593 1.5986 3.1435
v 4.5921 1.6293 3.1321
v 4.5229 1.7287 3.1452
v 4.5124 1.594 3.0952
v 4.4761 1.6096 3.123
v 4.4706 1.6551 3.0631
v 4.5983 1.6829 3.0522
v 4.4654 1.6981 3.1188
v 4.4676 1.7428 3.0882
v 4.5607 1.6263 3.0564
v 4.5834 1.6518 3.0488
v 4.5022 1.758 3.1093
v 4.599 1.7206 3.0102
v 4.6016 1.7537 3.0389
v 4.5867 1.7813 3.0596
v 4.5487 1.7949 3.0741
v 4.4981 1.6777 2.9967
v 4.4699 1.6959 3.0141
v 4.4718 1.7158 2.9937
v 4.5816 2.008 2.7568
v 4.5873 1.9925 2.7876
v 4.5961 1.9579 2.76
v 4.4352 1.9554 2.8062
v 4.4545 1.9812 2.8169
v 4.5585 1.8475 2.751
v 4.5848 1.9029 2.7176
v 4.4885 1.9683 2.8648
v 4.5022 2.025 2.7913
v 4.5068 2.0051 2.8179
v 4.5433 2.0077 2.8086
v 4.5916 1.9514 2.7015
v 4.596 1.9329 2.7397
v 4.5425 2.023 2.7828
v 4.488 1.8676 2.7274
v 4.4486 1.8849 2.7521
v 4.598 1.8946 2.9256
v 4.6141 1.8587 2.8891
v 4.6216 1.8792 2.8635
v 4.5506 1.6794 2.9878
v 4.5764 1.6959 2.9931
v 4.5773 1.6717 3.0195
v 4.6064 1.8321 2.8587
v 4.5897 1.8115 2.8391
v 4.5928 1.8279 2.8169
v 4.4577 1.752 3.0486
v 4.4665 1.767 3.059
v 4.4686 1.7837 3.0439
v 4.4696 1.7942 3.0338
v 4.4812 1.7941 3.0511
v 4.4496 1.9109 2.8855
v 4.4497 1.8983 2.8988
v 4.4666 1.9136 2.9119
v 4.5051 1.8231 2.8056
v 4.5023 1.8089 2.8186
v 4.4625 1.8253 2.8404
v 4.5986 1.7957 2.9125
v 4.558 1.9117 2.9449
v 4.5999 1.9169 2.8951
v 4.5137 1.9114 2.9483
v 4.5583 1.9357 2.9213
v 4.5516 1.7922 2.8271
v 4.5536 1.809 2.8064
v 4.4614 1.8119 2.8523
v 4.4664 1.9273 2.8966
v 4.489 1.9253 2.9198
v 4.4971 1.7922 3.0694
v 4.4788 1.7807 3.064
v 4.5021 1.7094 2.9646
v 4.5005 1.698 2.9764
v 4.511 1.8758 2.9815
v 4.4602 1.7798 3.0228
v 4.4595 1.769 3.0327
v 4.6101 1.8493 2.8365
v 4.484 1.9027 2.9408
v 4.5935 1.8744 2.7595
v 4.4661 1.9566 2.8632
v 4.6054 1.9362 2.7977
v 4.4639 1.8388 2.8304
v 4.4921 1.9407 2.9035
v 4.4914 1.9562 2.8828
v 4.4603 1.8552 2.7991
v 4.5175 1.934 2.927
v 4.5032 1.8146 3.0471
v 4.5496 1.8175 3.0476
v 4.6004 1.7445 2.9815
v 4.5796 1.72 2.9642
v 4.5871 1.8026 3.034
v 4.603 1.7773 3.0116
v 4.5504 1.7065 2.9553
v 4.4697 1.8057 3.0222
v 4.4855 1.8185 3.028
v 4.4994 1.7158 2.9497
v 4.4717 1.7343 2.9672
v 4.4588 1.7916 3.0118
v 4.484 1.8056 3.0407
v 4.4743 1.7267 2.9812
v 4.4993 1.8029 3.059
v 4.5496 1.8063 3.0628
v 4.5996 1.7328 2.9948
v 4.5771 1.7099 2.9776
v 4.5874 1.7926 3.0483
v 4.6042 1.7656 3.0263
v 4.549 1.6978 2.968
v 4.5531 1.6522 3.0185
v 4.5406 1.5743 3.1412
v 4.442 1.8022 2.9244
v 4.4463 1.888 2.8484
v 4.4393 1.9227 2.6818
v 4.4195 1.9389 2.741
v 4.4798 1.6221 3.1775
v 4.4618 1.6496 3.1257
v 4.5289 1.6199 3.2146
v 4.5176 1.6136 3.2088
v 4.457 1.6828 3.0753
v 4.4288 1.9238 2.7862
v 4.4573 1.7147 3.0307
v 4.4583 1.7381 3.0131
v 4.443 1.8627 2.873
v 4.4405 1.8446 2.8878
v 4.4405 1.8944 2.8321
v 4.446 1.8771 2.8619
v 4.4556 1.7605 2.986
v 4.4597 1.7523 3.0004
v 4.525 1.8707 2.7159
v 4.5285 1.8433 2.7581
v 4.5082 1.9027 2.648
v 4.5132 1.8952 2.6726
v 4.5236 1.7038 2.9568
v 4.5235 1.695 2.9685
v 4.5826 1.5815 3.1623
v 4.5307 1.828 2.7808
v 4.5295 1.8202 2.7971
v 4.5244 1.7527 2.8727
v 4.5226 1.71 2.9432
v 4.5391 1.6088 3.0699
v 4.5025 1.6377 3.0426
v 4.5287 1.7927 2.8291
v 4.5295 1.8073 2.81
v 4.5631 1.5829 3.1185
v 4.5853 1.5897 3.1655
v 4.5221 1.6766 2.9866
v 4.5762 1.5988 3.1808
v 4.5568 1.609 3.2023
v 4.5623 1.7127 3.111
v 4.5895 1.6587 3.1111
v 4.579 1.6872 3.1031
v 4.5254 1.6452 3.2017
v 4.5213 1.6737 3.1776
v 4.5932 1.6002 3.1572
v 4.5829 1.6272 3.1375
v 4.5834 1.6035 3.1613
v 4.5276 1.7102 3.1519
v 4.5307 1.6351 3.2083
v 4.5434 1.7148 3.1296
v 4.5823 1.5981 3.1691
v 4.5615 1.6277 3.1898
v 4.5577 1.6177 3.1926
v 4.5653 1.6535 3.1685
v 4.5668 1.6735 3.1502
v 4.5836 1.6557 3.112
v 4.528 1.7041 3.1516
v 4.4593 1.7216 3.0866
v 4.5237 1.6389 3.0297
v 4.7147 1.7238 2.7735
v 4.7401 1.7265 2.7681
v 4.7401 1.754 2.751
v 4.7977 1.6706 2.6759
v 4.7749 1.6412 2.6498
v 4.7705 1.659 2.6306
v 4.7836 1.7188 2.7413
v 4.7996 1.6899 2.7065
v 4.7981 1.7185 2.681
v 4.7316 1.8883 2.5793
v 4.7519 1.8581 2.5468
v 4.7513 1.8833 2.5084
v 4.6363 1.878 2.6293
v 4.6818 1.888 2.6125
v 4.6741 1.9232 2.5871
v 4.7304 1.8145 2.5215
v 4.7054 1.7841 2.5021
v 4.6834 1.8084 2.4723
v 4.746 1.5639 2.9004
v 4.7646 1.5643 2.8961
v 4.7545 1.6107 2.8512
v 4.8073 1.5089 2.8094
v 4.7928 1.4898 2.7941
v 4.7795 1.5316 2.7483
v 4.8048 1.5596 2.8647
v 4.8143 1.5336 2.8316
v 4.8044 1.5842 2.7925
v 4.6483 1.6195 2.803
v 4.6599 1.5663 2.8388
v 4.6765 1.5891 2.8549
v 4.7738 1.7705 2.6963
v 4.7827 1.7457 2.7193
v 4.6339 1.7188 2.7212
v 4.6409 1.7046 2.7329
v 4.6589 1.7283 2.7498
v 4.558 1.815 2.5889
v 4.5796 1.7865 2.6218
v 4.5939 1.8097 2.6415
v 4.7026 1.7049 2.5465
v 4.6898 1.7268 2.5256
v 4.7241 1.7514 2.537
v 4.7629 1.4671 2.7827
v 4.7434 1.5082 2.7377
v 4.6689 1.7614 2.489
v 4.6575 1.7778 2.4617
v 4.7457 1.6228 2.6353
v 4.7426 1.6384 2.6212
v 4.6692 1.639 2.8183
v 4.7001 1.6046 2.8585
v 4.5774 1.8394 2.6152
v 4.6206 1.8291 2.6586
v 4.6377 1.8096 2.6812
v 4.7046 1.767 2.7377
v 4.7105 1.7483 2.7573
v 4.7835 1.7095 2.6334
v 4.7942 1.6923 2.6532
v 4.8191 1.4454 2.8641
v 4.8246 1.471 2.8867
v 4.8246 1.4502 2.9008
v 4.8122 1.4932 2.9152
v 4.7825 1.5045 2.9407
v 4.7853 1.4855 2.9537
v 4.7398 1.3759 3.0306
v 4.7487 1.4075 3.0236
v 4.7325 1.4424 2.9889
v 4.7607 1.5031 2.9501
v 4.7391 1.4912 2.9569
v 4.7494 1.468 2.9794
v 4.8113 1.474 2.9272
v 4.7707 1.4672 2.9824
v 4.7566 1.445 2.9999
v 4.7733 1.4249 3.0151
v 4.7874 1.3924 3.0343
v 4.7779 1.4197 3.0155
v 4.8181 1.35 2.9187
v 4.8277 1.3868 2.9049
v 4.8306 1.3794 2.9278
v 4.7919 1.37 3.0451
v 4.7767 1.395 3.0352
v 4.8302 1.4148 2.9014
v 4.8266 1.4427 2.9098
v 4.8244 1.4331 2.9184
v 4.8295 1.3277 2.9951
v 4.818 1.3339 3.0208
v 4.8074 1.3213 3.0214
v 4.813 1.4679 2.9331
v 4.789 1.4762 2.9599
v 4.789 1.4617 2.9679
v 4.8103 1.4568 2.939
v 4.8054 1.4455 2.9435
v 4.7862 1.449 2.9698
v 4.7286 1.9068 2.56
v 4.7935 1.6083 2.8225
v 4.679 1.551 2.7168
v 4.6907 1.509 2.7584
v 4.6683 1.5253 2.7849
v 4.7297 1.7728 2.7284
v 4.6626 1.6462 2.6317
v 4.6716 1.6352 2.6443
v 4.6405 1.6557 2.6755
v 4.603 1.7532 2.4902
v 4.6207 1.7238 2.5435
v 4.5891 1.7349 2.5708
v 4.821 1.3128 2.9902
v 4.7614 1.31 3.001
v 4.8288 1.4048 2.9154
v 4.8174 1.4268 2.9273
v 4.7823 1.3651 3.0465
v 4.8331 1.3382 2.9508
v 4.8321 1.3744 2.9405
v 4.7748 1.451 2.992
v 4.7475 1.3359 2.9176
v 4.72 1.34 2.9531
v 4.7027 1.3941 2.9032
v 4.8265 1.4254 2.8858
v 4.7132 1.4034 2.9903
v 4.7222 1.4773 2.9567
v 4.7969 1.3677 2.8888
v 4.8188 1.4002 2.8811
v 4.7667 1.4831 2.9686
v 4.8153 1.4629 2.8483
v 4.8218 1.4845 2.873
v 4.8103 1.5061 2.906
v 4.7775 1.5176 2.931
v 4.7156 1.419 2.843
v 4.6914 1.4322 2.8688
v 4.6883 1.4521 2.8535
v 4.7396 1.8548 2.6132
v 4.7503 1.8239 2.6418
v 4.7681 1.8001 2.6062
v 4.5964 1.7675 2.6574
v 4.6113 1.7893 2.6721
v 4.7359 1.6535 2.6069
v 4.7334 1.7328 2.5561
v 4.6769 1.7564 2.7402
v 4.6558 1.8428 2.6589
v 4.6707 1.8219 2.6783
v 4.7056 1.8257 2.6685
v 4.747 1.79 2.553
v 4.7612 1.7662 2.5751
v 4.6983 1.8537 2.641
v 4.636 1.698 2.5693
v 4.5998 1.7149 2.6013
v 4.787 1.6479 2.7922
v 4.7994 1.6258 2.7619
v 4.7974 1.656 2.7366
v 4.7711 1.4263 2.8247
v 4.8013 1.4462 2.8321
v 4.8071 1.4257 2.8513
v 4.7906 1.599 2.7302
v 4.7752 1.5793 2.7092
v 4.7752 1.6157 2.6776
v 4.693 1.4838 2.9236
v 4.7168 1.5039 2.9355
v 4.7099 1.5179 2.9218
v 4.7052 1.5309 2.9094
v 4.7296 1.5254 2.9272
v 4.6426 1.6918 2.7486
v 4.6425 1.6678 2.7695
v 4.6686 1.6847 2.7897
v 4.6698 1.6202 2.6575
v 4.67 1.5954 2.6763
v 4.6406 1.6198 2.7071
v 4.795 1.5541 2.7656
v 4.7465 1.6565 2.8136
v 4.7838 1.6774 2.7701
v 4.7175 1.6548 2.8211
v 4.746 1.6875 2.7898
v 4.7382 1.5517 2.6979
v 4.7469 1.5961 2.6608
v 4.6535 1.5691 2.7475
v 4.6628 1.7127 2.7647
v 4.6908 1.6894 2.7945
v 4.7563 1.517 2.9382
v 4.7335 1.5121 2.9388
v 4.7126 1.4537 2.8174
v 4.713 1.4381 2.828
v 4.7246 1.6089 2.8586
v 4.6876 1.5163 2.8951
v 4.6893 1.4995 2.9095
v 4.7912 1.6334 2.7046
v 4.6902 1.6475 2.8235
v 4.765 1.6787 2.6141
v 4.6534 1.7432 2.7371
v 4.7892 1.7413 2.6595
v 4.6403 1.6394 2.6893
v 4.6873 1.7202 2.7726
v 4.6822 1.7394 2.7566
v 4.6328 1.6662 2.6623
v 4.7173 1.6879 2.7971
v 4.7482 1.5464 2.915
v 4.7676 1.5468 2.911
v 4.8109 1.4915 2.8234
v 4.7959 1.4746 2.8079
v 4.8099 1.5415 2.8799
v 4.8198 1.5148 2.8459
v 4.7653 1.4547 2.7976
v 4.7017 1.545 2.8982
v 4.7194 1.5569 2.9011
v 4.7127 1.4694 2.8057
v 4.6906 1.4851 2.8304
v 4.6853 1.5304 2.8837
v 4.7246 1.5423 2.9131
v 4.6886 1.4692 2.8417
v 4.7544 1.5318 2.9262
v 4.7714 1.529 2.9234
v 4.8135 1.4758 2.8367
v 4.7986 1.4595 2.8208
v 4.8099 1.5212 2.8947
v 4.8202 1.4957 2.8602
v 4.7673 1.4406 2.8104
v 4.7795 1.4028 2.8505
v 4.7846 1.3016 2.9651
v 4.658 1.5441 2.8145
v 4.6355 1.6845 2.7135
v 4.5595 1.7666 2.5214
v 4.5778 1.7658 2.606
v 4.7431 1.3432 3.0284
v 4.7083 1.3703 2.9807
v 4.8025 1.3515 3.0385
v 4.79 1.3478 3.0428
v 4.6925 1.4235 2.9327
v 4.5905 1.745 2.6381
v 4.6817 1.4569 2.9014
v 4.6789 1.4765 2.8853
v 4.6332 1.6479 2.7416
v 4.6426 1.595 2.7797
v 4.6272 1.6975 2.7018
v 4.6343 1.6693 2.729
v 4.6802 1.5096 2.8608
v 4.6793 1.4921 2.8727
v 4.673 1.6908 2.5496
v 4.7024 1.6436 2.6114
v 4.638 1.7567 2.4881
v 4.6596 1.7172 2.5278
v 4.7411 1.4502 2.802
v 4.7432 1.4344 2.8137
v 4.8301 1.3221 2.9666
v 4.7079 1.6291 2.6267
v 4.7082 1.614 2.64
v 4.7184 1.4969 2.7397
v 4.7392 1.4631 2.7884
v 4.7702 1.3408 2.9049
v 4.7298 1.3844 2.8741
v 4.7102 1.5412 2.6969
v 4.7113 1.5866 2.6612
v 4.8068 1.3157 2.9437
v 4.8328 1.3323 2.9807
v 4.7467 1.4178 2.8279
v 4.8267 1.3336 2.9973
v 4.8206 1.3431 3.0176
v 4.802 1.4399 2.9464
v 4.8249 1.4052 2.9245
v 4.8131 1.4248 2.9286
v 4.7915 1.3821 3.0307
v 4.7839 1.4103 3.0113
v 4.8355 1.3441 2.9648
v 4.8276 1.3739 2.9507
v 4.8325 1.346 2.9713
v 4.7762 1.4403 2.9924
v 4.7988 1.3687 3.0367
v 4.7854 1.4443 2.9688
v 4.83 1.3362 2.9858
v 4.8175 1.366 3.0035
v 4.8199 1.3517 3.012
v 4.8118 1.3927 2.9828
v 4.8069 1.4163 2.9646
v 4.8225 1.4027 2.9304
v 4.7795 1.4352 2.991
v 4.7025 1.4537 2.9498
v 4.7571 1.3896 2.8576
v 4.815 1.6766 2.5312
v 4.8535 1.6769 2.5143
v 4.8427 1.6928 2.5041
v 4.8836 1.6212 2.4272
v 4.8674 1.6017 2.4105
v 4.8609 1.6209 2.4009
v 4.8836 1.6618 2.4814
v 4.8895 1.6388 2.4504
v 4.8799 1.6595 2.4371
v 4.8153 1.8043 2.3939
v 4.828 1.7915 2.3573
v 4.8253 1.8174 2.3331
v 4.7457 1.7931 2.4506
v 4.7817 1.8029 2.4292
v 4.7653 1.8347 2.4193
v 4.8154 1.7648 2.3216
v 4.7827 1.7267 2.2982
v 4.7411 1.7434 2.2661
v 4.8633 1.494 2.627
v 4.8845 1.4946 2.6149
v 4.8716 1.5607 2.5761
v 4.909 1.454 2.5326
v 4.8984 1.4404 2.5214
v 4.8837 1.4995 2.4828
v 4.9163 1.4849 2.577
v 4.9154 1.4689 2.5471
v 4.9046 1.529 2.5135
v 4.7575 1.6014 2.5331
v 4.7765 1.5262 2.5791
v 4.7941 1.5416 2.5921
v 4.8633 1.7021 2.4577
v 4.8738 1.6829 2.4692
v 4.7364 1.6593 2.4954
v 4.7451 1.6456 2.505
v 4.763 1.6653 2.522
v 4.6772 1.7315 2.4367
v 4.6897 1.7151 2.4496
v 4.7097 1.7372 2.4661
v 4.7956 1.6628 2.3403
v 4.7814 1.6794 2.3235
v 4.8076 1.7067 2.3293
v 4.873 1.4184 2.512
v 4.8551 1.4778 2.4702
v 4.7537 1.7022 2.2984
v 4.7223 1.7052 2.2682
v 4.8361 1.5813 2.3952
v 4.8336 1.5978 2.3877
v 4.775 1.6175 2.5493
v 4.8226 1.5545 2.5955
v 4.686 1.7467 2.4541
v 4.7313 1.7612 2.4715
v 4.7514 1.7447 2.4855
v 4.8053 1.7068 2.5065
v 4.8126 1.6903 2.5204
v 4.8613 1.6624 2.4036
v 4.8746 1.6399 2.4162
v 4.9304 1.3692 2.5873
v 4.9354 1.3872 2.6019
v 4.9413 1.3679 2.6182
v 4.9324 1.4097 2.6281
v 4.9078 1.4201 2.6553
v 4.9131 1.3991 2.6688
v 4.8689 1.2738 2.7381
v 4.8743 1.3054 2.7427
v 4.8521 1.3434 2.7134
v 4.8823 1.4181 2.6739
v 4.857 1.4062 2.6854
v 4.8736 1.3705 2.708
v 4.9343 1.3917 2.6405
v 4.9037 1.3646 2.7085
v 4.8864 1.3336 2.7299
v 4.9113 1.3134 2.7447
v 4.9229 1.2722 2.7569
v 4.9202 1.3053 2.7457
v 4.9321 1.2569 2.6326
v 4.9414 1.2868 2.6242
v 4.9525 1.2675 2.6476
v 4.9261 1.2499 2.7552
v 4.9068 1.2781 2.7589
v 4.9457 1.3144 2.6248
v 4.9437 1.349 2.628
v 4.9421 1.3395 2.6352
v 4.9542 1.2225 2.7139
v 4.9408 1.228 2.7315
v 4.9218 1.2221 2.7246
v 4.9364 1.3757 2.6503
v 4.9173 1.3797 2.6812
v 4.9184 1.3661 2.6879
v 4.9358 1.3631 2.6573
v 4.9324 1.3539 2.6622
v 4.9164 1.3556 2.6909
v 4.8076 1.8305 2.3787
v 4.9028 1.5513 2.5446
v 4.7803 1.5528 2.4242
v 4.8028 1.4726 2.4786
v 4.7733 1.4853 2.5107
v 4.8317 1.7082 2.4905
v 4.759 1.5985 2.3898
v 4.7672 1.5889 2.3971
v 4.7362 1.5992 2.435
v 4.7058 1.6805 2.3222
v 4.7154 1.6615 2.3423
v 4.682 1.673 2.3783
v 4.9403 1.2159 2.7026
v 4.8788 1.2316 2.6985
v 4.9488 1.3027 2.6368
v 4.941 1.3318 2.643
v 4.905 1.2526 2.7555
v 4.9545 1.2372 2.6651
v 4.9622 1.264 2.6598
v 4.9104 1.3467 2.7177
v 4.8684 1.2595 2.6338
v 4.8436 1.2685 2.6607
v 4.822 1.3244 2.617
v 4.9399 1.3431 2.6076
v 4.8396 1.3168 2.7066
v 4.8347 1.3888 2.6857
v 4.9172 1.2879 2.607
v 4.9339 1.3159 2.6041
v 4.8915 1.3913 2.6912
v 4.9235 1.3911 2.5689
v 4.932 1.4064 2.5905
v 4.9298 1.4265 2.6177
v 4.9023 1.4382 2.6464
v 4.8398 1.3661 2.5558
v 4.8119 1.3749 2.5817
v 4.8112 1.3975 2.5698
v 4.8211 1.783 2.4094
v 4.8328 1.7577 2.4225
v 4.8459 1.7358 2.3916
v 4.7022 1.6998 2.4614
v 4.725 1.7251 2.4786
v 4.824 1.617 2.3759
v 4.823 1.6873 2.3519
v 4.784 1.6984 2.5161
v 4.7596 1.779 2.462
v 4.7762 1.7575 2.4743
v 4.802 1.7605 2.4555
v 4.8244 1.7363 2.3424
v 4.8358 1.7061 2.3649
v 4.7876 1.7854 2.4414
v 4.7282 1.6435 2.3563
v 4.6939 1.6562 2.3894
v 4.8885 1.6169 2.5037
v 4.8916 1.5952 2.4756
v 4.8904 1.618 2.4637
v 4.8801 1.3669 2.5487
v 4.9096 1.3792 2.5582
v 4.9179 1.3516 2.5775
v 4.8839 1.5779 2.455
v 4.8697 1.5627 2.4357
v 4.8699 1.5824 2.4238
v 4.8083 1.4055 2.6512
v 4.824 1.4191 2.6662
v 4.8205 1.4374 2.6554
v 4.8177 1.4551 2.6456
v 4.8477 1.4477 2.6597
v 4.7508 1.6363 2.5118
v 4.7553 1.6195 2.5228
v 4.7724 1.6361 2.5403
v 4.7726 1.5811 2.4039
v 4.7794 1.5671 2.4146
v 4.7482 1.5763 2.4511
v 4.8966 1.5143 2.4974
v 4.8601 1.6313 2.5343
v 4.8856 1.639 2.4925
v 4.8262 1.6348 2.5515
v 4.8592 1.655 2.5232
v 4.8411 1.5499 2.4159
v 4.8381 1.5631 2.4059
v 4.7498 1.5644 2.458
v 4.7674 1.6539 2.5292
v 4.7977 1.6503 2.5463
v 4.8776 1.4385 2.6614
v 4.8509 1.4308 2.6702
v 4.8288 1.3981 2.5373
v 4.8361 1.3848 2.5461
v 4.8476 1.5621 2.5873
v 4.802 1.4425 2.6286
v 4.8055 1.4246 2.6376
v 4.8851 1.5996 2.4423
v 4.8009 1.629 2.5568
v 4.8501 1.6441 2.3899
v 4.7572 1.682 2.512
v 4.8706 1.6796 2.4258
v 4.7421 1.5928 2.4431
v 4.7934 1.6675 2.5364
v 4.7899 1.6808 2.5278
v 4.7285 1.6076 2.4231
v 4.8193 1.6595 2.5412
v 4.8682 1.4725 2.6406
v 4.8905 1.4731 2.6273
v 4.915 1.4303 2.5463
v 4.9026 1.418 2.5344
v 4.9204 1.4633 2.5936
v 4.922 1.4418 2.5637
v 4.8748 1.3985 2.5263
v 4.8132 1.4785 2.6335
v 4.8409 1.4887 2.6349
v 4.822 1.4128 2.5227
v 4.7965 1.4248 2.5482
v 4.7944 1.4642 2.6191
v 4.8453 1.4657 2.6487
v 4.8062 1.4085 2.5615
v 4.8727 1.4544 2.652
v 4.898 1.4543 2.639
v 4.92 1.409 2.5581
v 4.9054 1.398 2.5457
v 4.9267 1.4431 2.6072
v 4.9301 1.4242 2.5791
v 4.8752 1.3833 2.537
v 4.8954 1.3348 2.5719
v 4.8969 1.2234 2.6704
v 4.7651 1.504 2.5469
v 4.7327 1.6239 2.4778
v 4.6693 1.6867 2.3665
v 4.6773 1.6954 2.4216
v 4.8689 1.2519 2.7245
v 4.8341 1.2925 2.688
v 4.9299 1.2389 2.7487
v 4.9093 1.2372 2.747
v 4.8117 1.3444 2.6489
v 4.6897 1.678 2.4316
v 4.8006 1.3923 2.6188
v 4.7998 1.4125 2.6063
v 4.7433 1.6 2.4936
v 4.7448 1.5851 2.5021
v 4.723 1.6344 2.4674
v 4.7395 1.6172 2.4847
v 4.7854 1.4418 2.5821
v 4.7955 1.4254 2.5975
v 4.764 1.6463 2.3431
v 4.7929 1.6024 2.3757
v 4.7332 1.6872 2.3085
v 4.7484 1.6653 2.3279
v 4.8532 1.3945 2.528
v 4.8537 1.3814 2.54
v 4.9516 1.221 2.6843
v 4.8027 1.5866 2.385
v 4.8027 1.5767 2.392
v 4.8318 1.472 2.469
v 4.852 1.4133 2.5106
v 4.8895 1.2641 2.6203
v 4.8468 1.3153 2.5911
v 4.8099 1.5504 2.4099
v 4.805 1.5639 2.4013
v 4.9109 1.2291 2.6535
v 4.9611 1.2255 2.6988
v 4.8587 1.3639 2.5495
v 4.9517 1.2337 2.7129
v 4.9437 1.2392 2.7277
v 4.9242 1.3451 2.6642
v 4.9538 1.2995 2.6445
v 4.938 1.3272 2.6466
v 4.9263 1.278 2.7472
v 4.9217 1.3019 2.7385
v 4.9627 1.2422 2.6781
v 4.9595 1.2677 2.6682
v 4.9619 1.2485 2.6877
v 4.9133 1.3357 2.7193
v 4.9302 1.2592 2.7454
v 4.9145 1.3492 2.6911
v 4.9579 1.2376 2.7039
v 4.9506 1.2665 2.7181
v 4.9483 1.252 2.7245
v 4.9475 1.2843 2.7074
v 4.9381 1.3111 2.6883
v 4.9516 1.2995 2.6514
v 4.9176 1.3319 2.7152
v 4.8197 1.3698 2.6756
v 4.8672 1.3171 2.5808
v 4.8341 1.6187 2.2773
v 4.8586 1.6185 2.2524
v 4.8562 1.6405 2.2428
v 4.863 1.5823 2.19
v 4.8379 1.5584 2.1749
v 4.8335 1.5759 2.1641
v 4.8727 1.6135 2.228
v 4.8729 1.5999 2.204
v 4.8704 1.6195 2.1936
v 4.8262 1.7494 2.1665
v 4.8273 1.7297 2.1433
v 4.8147 1.7627 2.1274
v 4.7924 1.7579 2.2232
v 4.816 1.7616 2.1897
v 4.8075 1.7909 2.1807
v 4.818 1.7021 2.1244
v 4.7941 1.6682 2.1124
v 4.7775 1.689 2.0942
v 4.8481 1.5092 2.3158
v 4.8684 1.508 2.2994
v 4.8661 1.5362 2.2851
v 4.8749 1.4789 2.2364
v 4.8567 1.4641 2.2199
v 4.8485 1.4949 2.2066
v 4.883 1.5047 2.2768
v 4.8836 1.4924 2.2527
v 4.8791 1.5229 2.239
v 4.7615 1.5407 2.2819
v 4.7684 1.5118 2.2939
v 4.7917 1.5302 2.3115
v 4.8626 1.6532 2.2107
v 4.8698 1.6352 2.2173
v 4.7438 1.6106 2.2452
v 4.7476 1.594 2.2553
v 4.7702 1.6161 2.2788
v 4.7187 1.6899 2.2267
v 4.7179 1.6704 2.2254
v 4.7398 1.6933 2.2512
v 4.7825 1.6129 2.131
v 4.7734 1.6276 2.1228
v 4.8019 1.6476 2.1252
v 4.837 1.4521 2.2142
v 4.8264 1.4824 2.2006
v 4.7659 1.6429 2.113
v 4.7472 1.6609 2.099
v 4.8105 1.5418 2.1687
v 4.8041 1.5591 2.1587
v 4.784 1.5552 2.3001
v 4.8143 1.5373 2.313
v 4.74 1.702 2.2517
v 4.7643 1.7088 2.2503
v 4.77 1.6891 2.2569
v 4.8255 1.6603 2.261
v 4.831 1.641 2.2717
v 4.8569 1.6194 2.1703
v 4.8622 1.6036 2.178
v 4.8847 1.3977 2.2657
v 4.8928 1.4117 2.2833
v 4.8927 1.3886 2.2942
v 4.8914 1.4271 2.308
v 4.8785 1.4351 2.3325
v 4.88 1.4175 2.344
v 4.8376 1.3347 2.3845
v 4.8424 1.3596 2.3837
v 4.8282 1.3867 2.3697
v 4.8593 1.4399 2.3487
v 4.8359 1.4312 2.3543
v 4.842 1.4042 2.3657
v 4.8916 1.405 2.317
v 4.8628 1.3949 2.3634
v 4.8492 1.3796 2.3761
v 4.8624 1.3633 2.3823
v 4.8705 1.3404 2.3898
v 4.8717 1.358 2.3821
v 4.8786 1.3097 2.2993
v 4.8838 1.3281 2.2941
v 4.8903 1.3191 2.3092
v 4.8732 1.3214 2.3887
v 4.8615 1.3431 2.3905
v 4.887 1.3513 2.2944
v 4.8888 1.3713 2.3044
v 4.8892 1.3612 2.3116
v 4.8955 1.2921 2.3448
v 4.8896 1.2953 2.3666
v 4.8807 1.2898 2.3661
v 4.8861 1.3881 2.3236
v 4.8765 1.398 2.3467
v 4.8772 1.3861 2.3507
v 4.8855 1.3777 2.3287
v 4.8855 1.3721 2.3318
v 4.8779 1.3793 2.3526
v 4.8197 1.7801 2.1525
v 4.88 1.5337 2.2634
v 4.7719 1.5101 2.2081
v 4.7816 1.4791 2.2188
v 4.7671 1.4876 2.2398
v 4.8478 1.659 2.235
v 4.7487 1.5764 2.1793
v 4.7539 1.5599 2.1868
v 4.7429 1.5684 2.2074
v 4.7176 1.6377 2.1515
v 4.7239 1.6268 2.1569
v 4.7155 1.639 2.1815
v 4.887 1.2863 2.3412
v 4.845 1.2853 2.3551
v 4.8898 1.3418 2.3058
v 4.8902 1.358 2.3134
v 4.8631 1.3224 2.3891
v 4.8895 1.3029 2.3155
v 4.8959 1.32 2.316
v 4.8681 1.381 2.368
v 4.8245 1.3071 2.3036
v 4.8061 1.3152 2.3281
v 4.7901 1.3714 2.2972
v 4.8868 1.3674 2.2768
v 4.8123 1.3586 2.3643
v 4.817 1.4202 2.3546
v 4.8675 1.3318 2.2784
v 4.8785 1.349 2.2749
v 4.8589 1.4166 2.3575
v 4.8843 1.4319 2.2558
v 4.8913 1.4406 2.2721
v 4.89 1.455 2.2969
v 4.8757 1.4607 2.3192
v 4.7984 1.4029 2.2511
v 4.7822 1.4111 2.2775
v 4.7816 1.4272 2.2697
v 4.8338 1.7191 2.1796
v 4.8432 1.6928 2.1914
v 4.8427 1.674 2.1664
v 4.7243 1.6463 2.2286
v 4.7456 1.6726 2.2547
v 4.7993 1.5756 2.1497
v 4.8101 1.6309 2.1355
v 4.7917 1.6523 2.2778
v 4.8012 1.7263 2.2313
v 4.8099 1.7011 2.2396
v 4.8309 1.6996 2.2148
v 4.8264 1.6752 2.1384
v 4.8319 1.6547 2.1475
v 4.8219 1.7284 2.2038
v 4.7328 1.6124 2.1619
v 4.724 1.6219 2.1837
v 4.8754 1.5657 2.2514
v 4.8748 1.5495 2.2257
v 4.8733 1.5773 2.2165
v 4.8469 1.4083 2.2341
v 4.8664 1.4158 2.2401
v 4.8705 1.3859 2.2545
v 4.8635 1.5372 2.2096
v 4.8426 1.5213 2.1937
v 4.8409 1.5417 2.1844
v 4.7881 1.4365 2.3276
v 4.8104 1.4506 2.3419
v 4.8087 1.4678 2.3351
v 4.8061 1.4828 2.3284
v 4.8288 1.4748 2.3364
v 4.7525 1.5793 2.2653
v 4.7558 1.5628 2.2719
v 4.7789 1.5785 2.2919
v 4.759 1.5427 2.1953
v 4.7649 1.5271 2.2019
v 4.7534 1.5335 2.2228
v 4.8682 1.5118 2.2218
v 4.8618 1.568 2.2722
v 4.8736 1.5899 2.2397
v 4.837 1.5683 2.2921
v 4.8591 1.5944 2.262
v 4.8167 1.5094 2.1875
v 4.814 1.5273 2.1774
v 4.7589 1.5164 2.2287
v 4.7748 1.597 2.2856
v 4.8038 1.5886 2.2957
v 4.8578 1.4615 2.3356
v 4.8313 1.4583 2.3432
v 4.7967 1.4342 2.2393
v 4.7973 1.4175 2.2454
v 4.8413 1.5384 2.3035
v 4.7862 1.4682 2.3115
v 4.7884 1.4541 2.321
v 4.8614 1.5624 2.1984
v 4.8091 1.5647 2.3023
v 4.8287 1.5936 2.154
v 4.7668 1.6354 2.2728
v 4.8638 1.6353 2.1852
v 4.7481 1.55 2.2154
v 4.8004 1.6098 2.2905
v 4.7964 1.6318 2.2851
v 4.7384 1.5855 2.1999
v 4.8345 1.593 2.2841
v 4.8513 1.4946 2.3224
v 4.871 1.4944 2.3051
v 4.8791 1.4624 2.2422
v 4.8601 1.4492 2.2257
v 4.8855 1.4922 2.2824
v 4.8871 1.4781 2.2586
v 4.8396 1.4398 2.2197
v 4.7999 1.4992 2.3227
v 4.8212 1.5054 2.3258
v 4.7932 1.4481 2.235
v 4.7802 1.4561 2.2569
v 4.7813 1.4828 2.3048
v 4.8253 1.4896 2.3308
v 4.7823 1.4412 2.2629
v 4.8549 1.4793 2.3284
v 4.8744 1.4791 2.3121
v 4.8836 1.4491 2.2497
v 4.8639 1.434 2.2319
v 4.889 1.4756 2.2885
v 4.8905 1.4625 2.2636
v 4.843 1.4228 2.2271
v 4.8522 1.3749 2.2521
v 4.858 1.2794 2.3275
v 4.761 1.4988 2.2666
v 4.74 1.5782 2.229
v 4.7089 1.6525 2.1782
v 4.7146 1.6535 2.2042
v 4.834 1.3052 2.3776
v 4.8017 1.3338 2.3508
v 4.8798 1.3087 2.3839
v 4.8693 1.3036 2.383
v 4.7873 1.3841 2.3226
v 4.7227 1.634 2.2062
v 4.7798 1.4247 2.3063
v 4.779 1.4401 2.2978
v 4.7488 1.5448 2.2454
v 4.7542 1.5249 2.2521
v 4.7367 1.596 2.2218
v 4.7444 1.5609 2.2383
v 4.7759 1.4671 2.2805
v 4.7787 1.4524 2.2885
v 4.7476 1.6033 2.1391
v 4.7694 1.5705 2.1587
v 4.737 1.6333 2.1255
v 4.7433 1.6187 2.133
v 4.8176 1.4327 2.2243
v 4.8212 1.4178 2.2296
v 4.8877 1.293 2.3247
v 4.776 1.5541 2.1669
v 4.7825 1.5379 2.1757
v 4.8024 1.4763 2.2055
v 4.8135 1.4466 2.2181
v 4.8516 1.3211 2.2896
v 4.8068 1.363 2.272
v 4.7933 1.5053 2.1937
v 4.7877 1.5231 2.1841
v 4.8717 1.2964 2.3098
v 4.8949 1.2969 2.3308
v 4.8245 1.4032 2.236
v 4.8978 1.2996 2.3465
v 4.8947 1.3048 2.3654
v 4.8847 1.3671 2.3331
v 4.8922 1.3389 2.3124
v 4.8881 1.353 2.3168
v 4.8769 1.3348 2.3844
v 4.8718 1.3527 2.3789
v 4.8955 1.3056 2.3226
v 4.8942 1.3205 2.3213
v 4.8954 1.3108 2.3274
v 4.8718 1.3736 2.3687
v 4.881 1.3243 2.3843
v 4.8765 1.3742 2.3537
v 4.8974 1.3039 2.3352
v 4.8912 1.3245 2.355
v 4.8929 1.3172 2.3581
v 4.8882 1.3373 2.35
v 4.8848 1.3543 2.3419
v 4.8914 1.3383 2.3157
v 4.8715 1.3666 2.3668
v 4.7947 1.4 2.3424
v 4.8335 1.3666 2.256
v 3.9049 2.1185 2.6611
v 3.9153 2.1595 2.6862
v 3.9218 2.1751 2.6635
v 4.0172 2.1586 2.7183
v 4.0696 2.1159 2.7164
v 4.0829 2.128 2.6982
v 3.9569 2.1818 2.7126
v 4.0239 2.1768 2.6968
v 3.9713 2.0806 2.5761
v 3.9605 2.0588 2.6073
v 3.9216 2.0971 2.6181
v 4.0765 2.0843 2.6927
v 4.0823 2.0967 2.6674
v 3.9308 2.1162 2.5905
v 3.9118 2.1358 2.6379
v 4.0419 2.0862 2.7871
v 3.9964 2.1186 2.7718
v 3.9888 2.111 2.7859
v 3.9481 2.1311 2.7539
v 3.9097 2.1104 2.7343
v 3.9065 2.0978 2.747
v 3.8936 1.9675 2.8148
v 3.862 2.0021 2.7831
v 3.8736 2.0084 2.7484
v 3.8829 2.0677 2.725
v 3.8766 2.0549 2.747
v 3.9445 2.1201 2.7637
v 3.903 2.0864 2.7592
v 3.869 2.0436 2.7708
v 3.8669 2.0342 2.7921
v 3.857 2.0121 2.8497
v 3.869 2.036 2.8078
v 4.0148 2.0401 2.8445
v 4.0148 2.0787 2.8302
v 3.9988 2.0783 2.8466
v 3.8726 1.9996 2.8744
v 3.8547 1.9997 2.8191
v 3.9814 2.1052 2.7982
v 3.9745 2.101 2.8093
v 3.9505 2.0183 2.9037
v 3.9148 2.0013 2.8978
v 3.9328 1.9815 2.8756
v 3.9411 2.1108 2.7721
v 3.9 2.0782 2.7709
v 3.9384 2.1031 2.7803
v 3.9367 2.0941 2.7869
v 3.8982 2.0741 2.7791
v 3.9627 2.1976 2.6885
v 4.0803 2.0884 2.6147
v 4.072 2.0794 2.6517
v 4.0255 2.0544 2.6191
v 3.9702 2.0071 2.8797
v 3.9475 1.9736 2.8419
v 3.9687 2.0958 2.8216
v 3.8815 1.9753 2.8512
v 3.9931 2.0394 2.8713
v 3.9794 2.0817 2.8556
v 4.0126 2.0115 2.8088
v 3.9683 1.9766 2.7907
v 3.9869 1.9911 2.7447
v 4.0289 2.0813 2.8106
v 3.9117 1.9716 2.7697
v 3.888 2.0231 2.7202
v 4.0311 2.0431 2.8151
v 4.0513 2.0925 2.7677
v 4.0031 2.1275 2.7607
v 3.9507 2.1432 2.7464
v 3.9118 2.1227 2.7237
v 4.0447 2.0345 2.7259
v 4.0046 2.0104 2.694
v 4.0097 2.016 2.679
v 4.0603 2.0588 2.7488
v 3.9431 2.0028 2.6813
v 3.8971 2.0393 2.693
v 3.9033 2.0512 2.675
v 3.9078 2.062 2.6614
v 3.8951 2.0922 2.6919
v 4.095 2.1485 2.6642
v 3.8896 2.0813 2.7064
v 4.0567 2.0492 2.6883
v 4.0524 2.0424 2.7037
v 3.932 2.1919 2.6316
v 4.0349 2.1944 2.6671
v 4.0974 2.1146 2.6361
v 3.9513 2.0197 2.6501
v 3.9479 2.0118 2.6636
v 3.9741 2.2132 2.66
v 3.8995 2.1034 2.6791
v 3.9128 2.145 2.702
v 4.0123 2.146 2.7361
v 4.0648 2.105 2.7348
v 3.953 2.1679 2.7279
v 4.0733 2.0745 2.7116
v 3.9143 2.0771 2.6423
v 4.0604 2.0593 2.6722
v 4.0169 2.0327 2.6451
v 3.9569 2.034 2.6326
v 4.0131 2.0234 2.6599
v 3.9145 2.1328 2.7126
v 4.0083 2.136 2.7474
v 4.0591 2.0991 2.7503
v 3.9535 2.1531 2.7362
v 4.0687 2.0674 2.7277
v 4.0469 2.0491 2.7796
v 3.9931 2.0069 2.8482
v 4.0355 2.0696 2.5865
v 3.9285 1.9859 2.7222
v 4.0299 2.0215 2.7654
v 3.967 2.0446 2.8923
v 3.9439 2.0348 2.896
v 3.9084 2.0215 2.8893
v 3.9365 2.0874 2.792
v 3.9697 2.0923 2.8212
v 3.868 2.0166 2.8545
v 3.8738 2.0376 2.8163
v 3.9709 2.0744 2.8518
v 3.9553 2.0504 2.8865
v 3.8794 2.0137 2.8748
v 3.899 2.0703 2.7802
v 3.9085 2.0386 2.8772
v 3.9152 2.0616 2.8445
v 4.4633 2.0315 2.7688
v 4.5025 2.0565 2.745
v 4.5796 1.9571 2.6384
v 4.5935 1.9748 2.7207
v 4.5992 1.8578 2.6304
v 4.6005 1.9226 2.5922
v 4.7048 1.8492 2.463
v 4.7596 1.8284 2.5776
v 4.7099 1.7707 2.4586
v 4.7107 1.8265 2.4273
v 4.8018 1.8164 2.2809
v 4.8356 1.7657 2.3723
v 4.7666 1.7264 2.2471
v 4.7838 1.7917 2.2218
v 4.8059 1.7365 2.1107
v 4.8369 1.7002 2.1564
v 4.4158 1.9545 2.7088
v 4.5364 1.6252 3.2074
v 4.5446 1.7952 2.5542
v 4.8076 1.3534 3.0292
v 4.6646 1.7093 2.4151
v 4.9341 1.2476 2.742
v 4.7079 1.6716 2.2041
v 4.8848 1.3147 2.3798
v 4.8159 1.8617 2.2983
v 4.5944 1.777 2.4426
v 4.5316 1.7837 2.4896
v 4.5051 1.8137 2.4455
v 4.8016 1.8161 2.1348
v 4.7849 1.8347 2.1726
v 4.6951 1.6736 2.1144
v 4.7248 1.6839 2.082
v 4.5331 2.0792 2.7123
v 4.4047 2.0052 2.6448
v 4.4195 1.9701 2.6431
v 4.4137 1.963 2.68
v 4.799 1.7943 2.1006
v 4.7875 1.7688 2.0914
v 4.7073 1.6532 2.1466
v 4.6982 1.6694 2.1699
v 4.685 1.6855 2.1538
v 4.7222 1.6505 2.1158
v 4.6956 1.669 2.1392
v 4.6611 1.7063 2.2677
v 4.64 1.7202 2.3344
v 4.6149 1.7359 2.3035
v 4.5044 2.0753 2.7176
v 4.4545 2.0664 2.72
v 4.4587 2.0499 2.7433
v 4.4759 1.8545 2.497
v 4.725 1.9435 2.5248
v 4.6748 1.9642 2.5577
v 4.4262 1.947 2.6169
v 4.437 1.9396 2.6364
v 4.672 1.7065 2.195
v 4.4132 2.0006 2.7059
v 4.4249 2.0264 2.7309
v 4.4158 2.0428 2.7048
v 4.5863 1.7639 2.3486
v 4.7439 1.9268 2.4746
v 4.5718 2.0579 2.6797
v 4.7605 1.7114 2.0745
v 4.4681 1.9003 2.5865
v 4.8008 1.8711 2.351
v 4.7519 1.8797 2.3914
v 4.5945 2.0231 2.6399
v 4.5576 1.7834 2.3082
v 4.5909 1.7615 2.2642
v 4.5236 1.826 2.3666
v 4.493 1.8471 2.4148
v 4.4655 1.8864 2.3823
v 4.6487 1.7058 2.1592
v 4.6796 1.6861 2.1164
v 4.7437 1.75 2.0529
v 4.6912 1.7009 2.0707
v 4.6773 1.7264 2.0428
v 4.4576 1.8818 2.4691
v 4.624 1.7357 2.2186
v 4.5674 1.7784 2.2282
v 4.429 1.9251 2.5337
v 4.4029 1.9643 2.5887
v 4.3818 1.9859 2.5582
v 4.3714 1.98 2.4656
v 4.411 1.9499 2.4057
v 4.4331 1.9129 2.4331
v 4.5993 1.7412 2.1754
v 4.5721 1.7584 2.1341
v 4.617 1.7186 2.0814
v 4.7907 1.8545 2.2526
v 4.3986 1.9474 2.4978
v 4.3556 2.0199 2.5375
v 4.3137 2.0573 2.4993
v 4.5055 1.8594 2.3301
v 4.4536 1.9233 2.3502
v 4.4649 2.1644 2.5985
v 4.4034 2.1374 2.6161
v 4.4277 2.0952 2.6703
v 4.7252 1.8913 2.3982
v 4.5387 1.8008 2.0814
v 4.5439 1.8138 2.1806
v 4.3858 2.0059 2.3626
v 4.4278 1.9798 2.3128
v 4.4899 1.8992 2.2957
v 4.7208 1.9393 2.0263
v 4.7139 1.9721 2.0746
v 4.7334 1.9341 2.1175
v 4.6798 2.0593 2.4159
v 4.6859 2.0122 2.3644
v 4.6639 2.0808 2.2904
v 4.7404 1.9068 2.0609
v 4.7346 1.8455 2.0269
v 4.7122 1.8815 1.9928
v 4.7037 1.9903 2.3001
v 4.684 2.0497 2.2347
v 4.714 2.035 2.1792
v 4.6467 1.9877 1.8794
v 4.5996 2.0533 1.7952
v 4.607 2.0985 1.8333
v 4.7135 2.0022 2.1246
v 4.7341 1.9895 2.2403
v 4.6609 2.0278 1.9174
v 4.6054 2.1711 1.8851
v 4.6497 2.1271 2.3408
v 4.6045 2.1531 2.3905
v 4.6252 2.0809 2.4586
v 4.5084 2.3132 2.1991
v 4.4502 2.3562 2.2437
v 4.5012 2.2692 2.3402
v 4.5598 2.2833 2.1543
v 4.59 2.2479 2.1113
v 4.5443 2.3302 2.0233
v 4.6368 2.176 2.0335
v 4.6137 2.2107 2.0723
v 4.6534 2.1245 2.1575
v 4.3628 2.4013 2.2809
v 4.4269 2.3132 2.3819
v 4.5841 2.1118 2.5068
v 4.5959 2.0546 2.5765
v 4.7308 1.9211 2.4356
v 4.5676 2.2942 1.9854
v 4.6477 2.1302 1.9978
v 4.6808 2.097 2.1117
v 4.5551 2.2311 2.2934
v 4.7181 1.9698 2.4119
v 4.7152 1.9437 2.353
v 4.5422 2.1598 2.5648
v 4.563 2.1237 2.6035
v 4.754 1.8899 2.0922
v 4.5543 2.185 2.4382
v 4.7405 1.958 2.178
v 4.7691 1.9123 2.2243
v 4.4967 1.8872 2.5977
v 4.6321 1.7766 2.4546
v 4.5164 1.8558 2.5706
v 4.6969 1.7026 2.2746
v 4.4978 1.8487 2.5325
v 4.5495 1.8762 2.5921
v 4.6366 1.7561 2.3966
v 4.653 1.7616 2.4245
v 4.709 1.7091 2.2273
v 4.6717 1.7736 2.4467
v 4.6919 1.7055 2.2118
v 4.7293 1.7119 2.2475
v 2.4981 3.6023 0.0753
v 2.5367 3.6164 0.2226
v 3.0317 3.9211 -0.065
v 2.9762 3.8589 -0.1544
v 3.0903 4.0281 0.3437
v 3.1021 4.009 0.2078
v 2.91 3.8045 -0.1981
v 2.5871 3.8162 0.4856
v 2.6108 3.6413 0.3576
v 2.8368 3.7624 -0.2199
v 2.5877 3.663 -0.1478
v 2.5482 3.6372 -0.1001
v 3.0445 4.0031 0.4665
v 2.9598 3.9399 0.5525
v 2.5146 3.6188 -0.0302
v 3.0869 3.9744 0.0634
v 2.8646 3.8635 0.5727
v 3.0387 3.6867 -0.1622
v 2.9752 3.6389 -0.1909
v 2.6104 3.5239 0.2268
v 2.7094 3.5659 -0.1528
v 2.6615 3.5447 -0.1011
v 3.1204 3.9151 0.4805
v 3.1707 3.9361 0.3663
v 3.0363 3.8576 0.5577
v 2.6146 3.5271 -0.03
v 3.1907 3.9129 0.2308
v 3.1907 3.8703 0.0895
v 2.9436 3.7792 0.5747
v 2.5882 3.5123 0.0776
v 3.1454 3.808 -0.0378
v 3.0963 3.7429 -0.1204
v 2.6865 3.6914 0.4766
v 2.6788 3.5548 0.3556
v 2.7443 3.7259 -0.2231
v 2.8128 3.4863 -0.1368
v 2.7511 3.4694 -0.0959
v 3.1784 3.8521 0.4967
v 3.2346 3.8694 0.3931
v 3.0924 3.7987 0.5659
v 2.6966 3.4581 -0.0231
v 3.2602 3.842 0.2597
v 3.265 3.795 0.1204
v 3.0038 3.716 0.5793
v 2.6608 3.4504 0.0878
v 3.2275 3.7248 -0.0021
v 2.6693 3.4619 0.2371
v 3.1858 3.6535 -0.0825
v 3.135 3.5937 -0.1301
v 2.7599 3.6069 0.4664
v 2.73 3.4949 0.3649
v 2.8861 3.6053 -0.1892
v 3.0754 3.5441 -0.1675
v 2.8364 3.3977 -0.0745
v 2.7807 3.3884 0.0006
v 3.3232 3.7824 0.2955
v 3.3266 3.7303 0.1568
v 3.0573 3.6646 0.5885
v 2.7368 3.3883 0.1083
v 3.3005 3.6521 0.0434
v 2.7295 3.4004 0.2542
v 3.264 3.5765 -0.0352
v 3.2937 3.8123 0.4265
v 3.2144 3.5152 -0.0886
v 2.8156 3.5459 0.4632
v 2.7809 3.437 0.3778
v 2.9846 3.515 -0.1585
v 3.153 3.4653 -0.1395
v 2.9062 3.4047 -0.1048
v 3.2318 3.7979 0.5211
v 3.1455 3.7444 0.5788
v 3.0171 3.3069 -0.0286
v 2.947 3.2988 -0.0012
v 3.2888 3.7456 0.5537
v 3.3511 3.7606 0.4604
v 3.2005 3.6997 0.6086
v 2.8805 3.2999 0.0579
v 3.3842 3.7267 0.3346
v 3.393 3.6629 0.2071
v 3.1084 3.624 0.6091
v 2.8282 3.3079 0.1478
v 3.3775 3.5802 0.1048
v 2.8076 3.321 0.2828
v 3.3438 3.5008 0.0334
v 3.2981 3.4326 -0.0185
v 2.8681 3.4929 0.4713
v 2.8468 3.3662 0.4002
v 3.07 3.4338 -0.1298
v 3.2411 3.3745 -0.0696
v 3.0491 3.2045 0.1241
v 2.9806 3.2064 0.1652
v 3.4773 3.6478 0.4113
v 3.4985 3.5724 0.298
v 3.1586 3.5983 0.6565
v 2.9256 3.2113 0.2374
v 3.4877 3.4871 0.1955
v 2.8909 3.2274 0.3418
v 3.4504 3.4012 0.1319
v 3.4334 3.6926 0.5167
v 3.4023 3.3295 0.0846
v 2.9206 3.4397 0.4959
v 2.9084 3.2916 0.4568
v 3.1658 3.344 -0.0578
v 3.3405 3.27 0.0485
v 3.1181 3.2136 0.088
v 3.3621 3.6866 0.6026
v 3.2656 3.6567 0.6512
v 3.0808 3.0869 0.332
v 3.0214 3.1015 0.3933
v 3.6247 3.4523 0.4205
v 3.618 3.3587 0.3286
v 2.9677 3.1301 0.4742
v 3.5799 3.2706 0.2745
v 3.5343 3.5967 0.6027
v 3.5945 3.5377 0.5163
v 3.5286 3.2017 0.2304
v 2.9628 3.3892 0.5528
v 2.9737 3.2123 0.5762
v 3.2661 3.2479 0.0577
v 3.4597 3.1522 0.2103
v 3.226 3.085 0.2449
v 3.1495 3.0798 0.2841
v 3.4482 3.6092 0.6797
v 3.3401 3.6101 0.7241
v 3.2324 3.5541 0.7432
v 3.1655 2.9621 0.6178
v 3.1154 2.9937 0.6959
v 3.7691 3.1991 0.5183
v 3.7351 3.1184 0.4604
v 3.6621 3.4499 0.7587
v 3.7272 3.3854 0.6869
v 3.6808 3.0508 0.4207
v 3.0208 3.3173 0.6663
v 3.1176 3.069 0.7761
v 3.3841 3.1228 0.2026
v 3.5963 3.0102 0.4114
v 3.3638 2.9341 0.4522
v 3.2906 2.9324 0.4948
v 3.5693 3.4744 0.8229
v 3.4608 3.4703 0.8676
v 3.226 2.9387 0.5423
v 3.7603 3.3009 0.6034
v 3.357 3.4144 0.8876
v 3.82 3.2555 0.9643
v 3.8846 3.2014 0.9002
v 3.8879 2.9677 0.6943
v 3.8445 2.8948 0.6449
v 3.1564 3.1721 0.8447
v 3.313 2.9358 0.986
v 3.5206 2.975 0.4129
v 3.7529 2.8597 0.6425
v 3.3156 2.8687 0.9137
v 3.5259 2.7845 0.688
v 3.456 2.7885 0.7309
v 3.7246 3.2809 1.0146
v 3.6256 3.2704 1.0456
v 3.3966 2.8015 0.7772
v 3.9146 3.1317 0.8251
v 3.5319 3.2199 1.0586
v 3.3486 2.8299 0.8459
v 3.9165 3.0461 0.7539
v 3.6774 2.8309 0.6508
v 3.9514 2.7173 0.8804
v 4.012 2.7658 0.8968
v 3.5141 2.7457 1.1399
v 3.7187 2.6311 0.9441
v 3.6439 2.6401 0.9737
v 3.8898 3.078 1.2402
v 3.9721 3.0653 1.1956
v 3.795 3.0751 1.2697
v 3.5852 2.6696 1.0224
v 4.0336 3.0276 1.1347
v 4.0698 2.9691 1.0612
v 3.7083 3.0334 1.2724
v 3.5341 2.6979 1.0835
v 4.0726 2.8961 0.9953
v 4.0504 2.8259 0.9305
v 3.349 3.0264 1.0392
v 3.5096 2.8069 1.203
v 3.8896 2.517 1.1515
v 3.8189 2.5248 1.18
v 4.0084 2.9297 1.4069
v 4.0805 2.9118 1.3632
v 3.9285 2.926 1.4359
v 3.7586 2.5528 1.224
v 4.1382 2.8774 1.3088
v 4.1724 2.8358 1.2524
v 3.8551 2.8909 1.4538
v 3.7117 2.5895 1.2764
v 4.1835 2.7855 1.2006
v 3.6889 2.642 1.3345
v 4.176 2.7317 1.1551
v 4.1522 2.6759 1.1234
v 3.5394 2.88 1.2479
v 3.6878 2.7001 1.3879
v 3.8669 2.6845 0.8942
v 4.1174 2.6163 1.1142
v 3.9557 2.4296 1.344
v 3.8991 2.4592 1.3902
v 4.2133 2.7586 1.4665
v 4.2486 2.7274 1.4181
v 3.9767 2.7816 1.6078
v 3.8562 2.5025 1.4436
v 4.269 2.6889 1.3716
v 3.837 2.5597 1.5001
v 4.2745 2.6456 1.3318
v 4.1646 2.7851 1.5119
v 4.2615 2.5967 1.3014
v 3.7157 2.7649 1.4284
v 3.8384 2.6159 1.5468
v 4.0465 2.57 1.1152
v 4.2263 2.5419 1.2826
v 4.0227 2.4232 1.3127
v 4.1041 2.8042 1.5517
v 4.0383 2.805 1.5811
v 3.9992 2.3932 1.5189
v 3.9682 2.447 1.5738
v 4.3046 2.6423 1.5421
v 4.3291 2.6089 1.4995
v 3.9572 2.5083 1.6252
v 4.3418 2.571 1.4632
v 4.2261 2.6903 1.6275
v 4.271 2.6668 1.5858
v 4.3368 2.5264 1.4341
v 3.8604 2.6731 1.5855
v 3.9581 2.5615 1.6641
v 4.1788 2.4856 1.2839
v 4.3088 2.4748 1.4135
v 4.1143 2.3463 1.4372
v 4.048 2.3562 1.4706
v 4.1772 2.7062 1.6643
v 4.1231 2.7093 1.6946
v 4.0647 2.6936 1.7232
v 4.0388 2.4051 1.6649
v 4.032 2.462 1.7118
v 4.379 2.5307 1.5984
v 4.3906 2.4938 1.5647
v 4.2868 2.6175 1.7207
v 4.3223 2.5953 1.6831
v 4.3874 2.4542 1.5371
v 3.974 2.6092 1.6997
v 4.0365 2.5112 1.7459
v 4.2671 2.4215 1.4091
v 4.3673 2.4093 1.5137
v 4.1801 2.2934 1.5256
v 4.1108 2.3087 1.5597
v 4.2428 2.6359 1.7572
v 4.1933 2.6416 1.7878
v 4.0643 2.3498 1.6098
v 4.3549 2.5664 1.6398
v 4.1451 2.6286 1.8127
v 4.3379 2.5634 1.7934
v 4.37 2.5361 1.7567
v 4.4276 2.428 1.6439
v 4.4265 2.3915 1.6152
v 4.0992 2.5109 1.8382
v 4.0809 2.4704 1.8063
v 4.1068 2.4442 1.8549
v 4.3907 2.3178 1.5641
v 4.4122 2.3521 1.5861
v 4.4497 2.2988 1.6431
v 4.0721 2.4277 1.7736
v 4.0973 2.4066 1.8146
v 4.2162 2.2499 1.5769
v 4.1448 2.2756 1.6148
v 4.2972 2.5828 1.8282
v 4.2458 2.5902 1.8582
v 4.2847 2.5572 1.9221
v 4.0996 2.3218 1.6691
v 4.3972 2.5028 1.716
v 4.1886 2.5785 1.8773
v 4.223 2.5553 1.9421
v 4.0762 2.3783 1.7274
v 4.4173 2.465 1.6768
v 4.7458 1.9625 2.2777
v 4.6392 2.0213 2.5161
v 4.5048 2.1172 2.6595
v 4.6944 2.0347 2.4394
v 4.7733 1.9223 2.3042
v 4.7103 2.0033 2.4731
v 4.7721 1.859 2.1082
v 4.6171 1.969 2.5635
v 4.5916 1.9976 2.609
v 4.7699 1.8662 2.1405
v 4.7522 1.8969 2.1526
v 4.7777 1.8361 2.2004
v 4.7909 1.9032 2.2808
v 4.7783 1.8249 2.0921
v 4.7581 1.8216 2.0594
v 4.5157 1.8647 2.2405
v 4.497 1.915 2.2108
v 4.5152 1.8644 2.1499
v 4.3197 2.5269 1.9894
v 4.3771 2.5079 1.9545
v 4.3393 2.5445 1.8896
v 3.9204 2.1537 2.6102
v 3.9319 2.17 2.5767
v 4.1142 2.1305 2.5957
v 4.1111 2.1659 2.6237
v 3.98 2.1008 2.5367
v 4.0511 2.0873 2.545
v 4.0501 2.2209 2.6338
v 3.9871 2.2306 2.6268
v 4.0959 2.104 2.5751
v 3.9425 2.2079 2.6019
v 3.9412 2.1351 2.5567
v 4.0026 2.2489 2.5883
v 3.956 2.2225 2.5624
v 3.9449 2.1845 2.5401
v 3.9512 2.1495 2.5232
v 4.1287 2.1424 2.5608
v 4.1274 2.1772 2.5891
v 3.9844 2.1142 2.5078
v 4.0604 2.0978 2.519
v 4.1083 2.1161 2.5445
v 4.0703 2.2349 2.5991
v 4.0867 2.2512 2.569
v 4.0138 2.2703 2.5493
v 4.1438 2.1861 2.5608
v 3.9655 2.2345 2.523
v 3.9537 2.1973 2.5059
v 3.9566 2.1603 2.4939
v 4.1438 2.1519 2.5354
v 3.9902 2.1223 2.4884
v 4.0695 2.1047 2.5011
v 4.1202 2.1246 2.522
v 4.0012 2.1287 2.4658
v 4.0783 2.1103 2.4829
v 4.1304 2.1296 2.5008
v 4.1602 2.1576 2.5138
v 4.1051 2.2678 2.5408
v 4.0243 2.2944 2.5092
v 4.1625 2.1933 2.5367
v 3.9761 2.2531 2.4862
v 3.9621 2.2107 2.4738
v 3.967 2.169 2.4666
v 3.981 2.1748 2.4321
v 4.182 2.1603 2.4938
v 4.1878 2.2082 2.5172
v 3.9703 2.2237 2.4307
v 4.0071 2.1352 2.4468
v 4.0914 2.1171 2.4609
v 4.1488 2.135 2.4778
v 4.1282 2.2864 2.511
v 4.0441 2.3232 2.473
v 3.9851 2.2773 2.4418
v 4.0438 2.3512 2.4204
v 3.9937 2.3114 2.3856
v 3.9883 2.2369 2.3701
v 4.0061 2.1723 2.3755
v 4.225 2.1673 2.4895
v 4.2364 2.2258 2.4995
v 4.065 2.13 2.3963
v 4.1328 2.1263 2.43
v 4.1842 2.1377 2.4586
v 4.1479 2.3138 2.4776
v 4.0053 2.2448 2.2938
v 4.032 2.167 2.3049
v 4.2526 2.0825 2.3709
v 4.1445 2.1158 2.2728
v 4.1824 2.1068 2.2038
v 4.0645 2.1608 2.2152
v 4.1009 2.1657 2.1351
v 4.035 2.237 2.1949
v 4.0745 2.2299 2.1001
v 4.3014 2.0584 2.2947
v 4.2284 2.1007 2.1434
v 4.3527 2.0482 2.238
v 4.2761 2.0904 2.0908
v 4.4001 2.0363 2.1888
v 4.3247 2.0745 2.0405
v 4.0961 2.4293 2.2748
v 4.2402 2.4415 2.2917
v 4.2035 2.4787 2.1869
v 4.4295 1.9999 2.1368
v 4.3561 2.0106 1.9873
v 4.4508 1.9443 2.0761
v 4.4116 1.9315 1.9358
v 4.5014 1.8534 1.8896
v 4.3451 1.9898 1.8626
v 4.5456 1.8082 1.9379
v 4.4814 1.872 2.008
v 4.5743 1.8934 2.6083
v 4.6983 1.7969 2.4417
v 4.4506 1.9124 2.5601
v 4.2839 2.0919 2.475
v 4.338 2.0365 2.4255
v 4.1009 2.13 2.3403
v 4.7499 1.7452 2.2397
v 4.6482 1.7121 2.2506
v 4.5341 1.8203 2.2743
v 4.5464 1.7993 2.4046
v 4.6334 1.7082 2.1124
v 4.6589 2.0815 1.9684
v 4.569 2.0929 2.6407
v 4.5882 2.0572 2.6212
v 4.5368 2.0992 2.6699
v 4.7309 1.9672 2.4575
v 4.1752 2.1186 2.396
v 4.6993 1.9739 1.9839
v 4.464 2.3959 2.108
v 4.4028 2.4315 2.1503
v 4.6858 2.0555 2.0686
v 4.6927 2.0152 2.0276
v 4.5988 2.2114 1.916
v 4.5876 2.2541 1.9492
v 4.3142 2.4673 2.1855
v 4.605 2.2027 2.2487
v 4.6294 2.1608 2.2031
v 4.5122 2.3638 2.0641
v 4.5991 1.7478 2.0253
v 4.2771 2.0674 1.8974
v 4.2326 2.135 1.9463
v 4.2342 2.117 2.4471
v 4.2752 2.151 2.5171
v 4.2893 2.2203 2.5065
v 4.1951 2.3427 2.4364
v 4.0626 2.391 2.3565
v 4.6035 1.9256 1.8622
v 4.5524 1.8762 1.8659
v 4.4581 1.9487 1.7868
v 4.6518 1.8783 1.9232
v 4.7219 1.7897 2.0216
v 4.0144 2.3465 2.2137
v 4.1166 2.4454 2.1647
v 4.4167 2.4593 2.027
v 4.4624 2.4288 1.9849
v 4.4208 2.4804 1.9147
v 4.4947 2.3961 1.9451
v 4.452 2.4488 1.877
v 4.5186 2.36 1.908
v 4.4754 2.4125 1.8404
v 4.5368 2.3204 1.872
v 4.4933 2.3726 1.804
v 4.5476 2.2789 1.8369
v 4.139 2.5512 1.8653
v 4.0955 2.5936 1.8044
v 4.0556 2.5532 1.778
v 4.0131 2.6564 1.7236
v 3.7805 2.8382 1.4498
v 0.4759 5.5657 0.5827
v 0.361 5.6931 0.5912
v 0.3011 5.8325 0.614
v 0.2502 5.9843 0.6142
v 0.2289 6.1198 0.6447
v 0.2498 6.2246 0.7236
v 0.3036 6.3007 0.8416
v 0.377 6.3338 1.0023
v 0.4109 6.3639 1.1033
v 0.3558 6.2998 1.1108
v 0.3992 6.4105 1.1874
v 0.0334 6.9424 1.6716
v 0.0648 6.944 1.6586
v 0.0674 6.9707 1.6438
v 0.2795 6.5647 1.4033
v 0.2693 6.5259 1.4039
v 0.2614 6.5832 1.4147
v 0.2496 6.5956 1.4174
v 0.2454 6.6 1.4194
v 0.2415 6.6034 1.421
v 0.2367 6.6081 1.4095
v 0.2377 6.6099 1.3942
v 0.2313 6.6077 1.3948
v 0.2445 6.6105 1.3726
v 0.2448 6.5925 1.3487
v 0.2472 6.586 1.3389
v 0.2552 6.5757 1.3164
v 0.2994 6.574 1.1638
v 0.3297 6.5818 1.0091
v 0.3158 6.5835 0.8143
v 0.2617 6.5846 0.5995
v 0.1975 6.659 0.5647
v 0.289 6.7401 0.641
v 0.3235 6.8444 1.0174
v 0.2594 6.771 1.2986
v 0.2366 6.7272 1.3501
v 0.2286 6.6922 1.3681
v 0.2282 6.6356 1.3793
v 0.2304 6.6217 1.3957
v 0.2351 6.612 1.4214
v 0.2399 6.6112 1.4263
v 0.2443 6.6116 1.4273
v 0.2575 6.6136 1.4252
v 0.2715 6.6198 1.4203
v 0.2863 6.6273 1.4142
v 0.0949 6.9435 1.6321
v 0.1216 6.9403 1.6052
v 0.6501 5.4769 0.6253
v 1.1852 5.452 0.811
v 1.4188 5.4026 0.8138
v 1.6021 5.2992 0.7867
v 1.7392 5.1679 0.7287
v 1.8772 4.9573 0.621
v 1.92 4.8828 0.5824
v 2.0324 4.721 0.5595
v 2.1481 4.5786 0.5538
v 2.2944 4.3989 0.5531
v 2.5785 4.0159 0.5719
v 2.6782 3.8848 0.5615
v 4.5041 2.331 1.77
v 4.5493 2.2434 1.797
v 4.5047 2.2894 1.7362
v 4.5356 2.182 1.7478
v 0.2707 6.2766 0.8815
v 0.3488 6.3212 0.9364
v 0.4025 6.3443 1.0562
v 0.4049 6.3886 1.145
v 0.0884 6.9178 1.6368
v 0.1466 6.9329 1.5668
v 0.1619 6.919 1.5348
v 0.2894 6.5526 1.3961
v 0.2714 6.5934 1.4105
v 0.2562 6.5891 1.4165
v 0.2388 6.606 1.4176
v 0.2427 6.6035 1.3585
v 0.2784 6.5716 1.2669
v 0.1892 6.5904 0.5667
v 0.3234 6.8108 0.8164
v 0.281 6.8139 1.1934
v 0.2274 6.6633 1.375
v 0.2315 6.6155 1.4109
v 0.249 6.6119 1.4262
v 0.2652 6.6148 1.422
v 0.2731 6.6485 1.4294
v 0.2997 6.6336 1.4075
v 0.1713 6.9033 1.509
v 0.6313 7.284 1.1039
v 0.6472 7.282 1.0577
v 0.6302 7.3541 1.0902
v 0.6143 7.3462 1.132
v 0.6054 7.424 1.1442
v 0.5906 7.4069 1.1789
v 0.5714 7.4875 1.2133
v 0.5016 7.5142 1.3026
v 0.5148 7.5462 1.2847
v 0.4384 7.5899 1.3549
v 0.4284 7.5534 1.3656
v 0.3462 7.6214 1.4155
v 0.3415 7.5805 1.4212
v 0.2505 7.6438 1.4644
v 0.2474 7.5971 1.4697
v 0.1546 7.6553 1.5029
v 0.1529 7.605 1.5063
v 0.061 7.6578 1.5214
v 0.928 5.4778 0.751
v 1.8258 5.0542 0.6722
v 1.9623 4.8169 0.5602
v 2.4296 4.2052 0.5544
v 2.7726 3.7748 0.55
v 4.3561 2.4865 2.0651
v 3.9116 2.7338 1.6075
v 4.4685 2.2064 1.6549
v 4.4237 2.2672 1.6127
v 4.1675 2.5211 1.9245
v 1.1604 4.851 -0.5279
v 0.9682 4.8252 -0.5861
v 0.7655 4.819 -0.5977
v 0.5545 4.8009 -0.4955
v 0.376 4.7876 -0.5217
v 0.1894 4.7746 -0.5068
v 1.5226 4.9591 -0.4327
v 1.5609 4.7807 -0.3741
v 1.6522 4.7132 -0.3381
v 1.7339 4.6515 -0.3079
v 1.8228 4.578 -0.2772
v 1.9354 4.4453 -0.2762
v 1.4576 4.8268 -0.4179
v 2.0814 4.2726 -0.2522
v 2.2309 4.0891 -0.2343
v 2.3884 3.9389 -0.2205
v 2.5233 3.8056 -0.1998
v 2.6534 3.6967 -0.19
v 2.7783 3.5911 -0.1843
v 2.8846 3.5046 -0.1533
v 2.9813 3.4178 -0.1214
v 3.0847 3.3269 -0.0514
v 3.1899 3.2279 0.0628
v 3.3121 3.0964 0.2134
v 3.4452 2.9438 0.4263
v 3.6041 2.7964 0.666
v 3.7887 2.6452 0.9147
v 3.9678 2.5336 1.1295
v 4.1025 2.4453 1.2932
v 4.1994 2.373 1.4194
v 4.337 2.3636 1.5042
v 4.2716 2.3179 1.5104
v 4.3149 2.2761 1.5624
v 4.3732 2.1783 1.6369
v 4.3425 2.2309 1.6045
v 4.3787 2.0309 2.6219
v 4.7496 1.9149 2.3401
v 4.6798 1.9971 2.5134
v 4.3492 2.0887 2.6078
v 4.3929 2.0691 2.6573
v 3.9974 2.3365 2.3152
v 4.3422 2.2025 2.5378
v 4.2413 2.3557 2.4121
v 4.3293 2.3416 2.4002
v 4.5097 2.1476 1.6974
v 4.4729 2.0197 1.7447
v 4.4082 2.133 1.6729
v 4.4162 2.2268 2.5273
v 4.4968 2.2202 2.4907
v 4.6093 1.8329 1.9141
v 4.4278 1.9293 1.8459
v 4.3001 2.0875 1.7491
v 4.2941 2.17 1.6886
v 4.2336 2.1661 1.7941
v 4.2196 2.2172 1.7357
v 4.189 2.2201 1.8515
v 4.1743 2.2604 1.7941
v 4.1528 2.2622 1.9089
v 4.1481 2.3081 1.8525
v 4.1162 2.2806 1.9724
v 4.1376 2.3455 1.9089
v 4.0586 2.3344 2.0871
v 4.1171 2.3842 1.9908
v 4.142 2.4509 2.0616
v 4.1932 2.5011 2.0905
v 4.3167 2.0351 1.7968
v 4.1906 2.1597 1.9994
v 4.2414 2.1248 1.8357
v 4.1956 2.1882 1.8912
v 4.1595 2.216 1.9459
v 4.143 2.1691 2.061
v 4.1147 2.2253 2.0087
v 4.6594 1.7631 1.9938
v 4.4685 1.9492 2.264
v 4.3632 2.0459 2.5928
v 4.316 2.1256 2.5642
v 1.3267 4.8476 -0.4706
v 4.279 2.5026 2.0899
v 4.6953 1.8267 1.986
v 4.6865 1.9259 1.9475
v 3.4429 3.1427 1.0603
v 3.114 3.4451 0.7177
v 3.0088 3.5335 0.563
v 2.9625 3.5748 0.5414
v 2.9108 3.6246 0.5387
v 2.8512 3.6882 0.5438
v 3.6285 2.9833 1.2677
v 3.2553 3.3065 0.8775
v 3.0509 3.4976 0.6173
v 4.1885 2.5024 1.998
v 4.1289 2.4806 1.8917
v 4.1539 2.4581 1.9661
v 4.1328 2.4115 1.9146
v 4.1265 2.3357 1.8095
v 4.1514 2.2853 1.7521
v 4.1952 2.2406 1.6937
v 4.273 2.2053 1.6486
v 4.2469 2.227 1.6148
v 4.2527 2.5284 2.0081
v 4.3813 2.5208 1.8528
v 4.4119 2.4908 1.8166
v 4.4641 2.3774 1.7081
v 4.4639 2.3395 1.6775
v 4.171 2.2585 1.6557
v 4.1254 2.3056 1.7111
v 4.4358 2.4553 1.779
v 4.1016 2.3601 1.7685
v 4.4538 2.4161 1.7415
v 4.1217 2.3803 1.8566
v 4.4911 2.242 1.6951
v 0.4953 4.0815 -0.4151
v 1.1808 4.2193 -0.3204
v 1.252 4.0288 -0.159
v 0.6388 4.0827 -0.396
v 1.377 3.9648 0.1009
v 1.3373 3.9452 0.5505
v 1.3353 3.9962 -0.0437
v 0.7934 4.0786 -0.3792
v 1.3787 3.9397 0.3079
v 0.1991 4.0747 -0.4069
v 0.9628 4.0638 -0.35
v 0.3542 4.08 -0.4304
v 0.3409 3.8946 -0.3989
v 1.3097 3.7615 0.5797
v 0.1753 3.896 -0.3613
v 0.9053 3.8786 -0.2665
v 1.1213 4.046 -0.2584
v 1.1893 3.8336 -0.0981
v 0.7551 3.8951 -0.3212
v 1.2633 3.7963 0.0137
v 0.6092 3.8964 -0.3492
v 1.3089 3.7649 0.1615
v 0.4793 3.8937 -0.3885
v 1.2682 3.8632 0.7823
v 1.3306 3.7365 0.355
v 1.2759 3.5224 0.4098
v 0.3212 3.6958 -0.3502
v 1.2788 3.5435 0.6186
v 0.1696 3.6925 -0.3226
v 0.8546 3.6544 -0.2105
v 1.066 3.8523 -0.1927
v 1.1234 3.5984 -0.0449
v 0.7153 3.6758 -0.2639
v 1.2039 3.5714 0.063
v 0.5825 3.68 -0.3093
v 1.2476 3.5466 0.2195
v 0.4596 3.6818 -0.3488
v 1.2425 3.6467 0.8156
v 1.2335 3.2999 0.4779
v 0.2946 3.4452 -0.2776
v 1.2471 3.325 0.6652
v 0.156 3.4588 -0.2771
v 0.7959 3.4004 -0.1692
v 1.0021 3.6218 -0.1357
v 1.054 3.3506 0.0158
v 0.6681 3.422 -0.2177
v 1.1241 3.3293 0.1702
v 0.548 3.4335 -0.2569
v 1.1844 3.305 0.3019
v 0.4325 3.4419 -0.2873
v 1.213 3.3966 0.8538
v 1.1707 3.0669 0.5293
v 0.2899 3.2002 -0.2345
v 1.2246 3.0931 0.7184
v 0.1625 3.1917 -0.2197
v 0.7501 3.1656 -0.1332
v 0.9322 3.3716 -0.0888
v 0.987 3.1119 0.1014
v 0.6305 3.1779 -0.1742
v 1.0696 3.0912 0.229
v 0.5197 3.1878 -0.2051
v 1.1344 3.0728 0.3663
v 0.4081 3.199 -0.2222
v 1.2012 3.153 0.9005
v 1.1705 2.8545 0.5471
v 0.2792 2.9692 -0.1921
v 1.2034 2.8691 0.7355
v 0.1579 2.9566 -0.1885
v 0.7361 2.9401 -0.0837
v 0.8784 3.1409 -0.0507
v 0.9521 2.8887 0.1412
v 0.6208 2.9595 -0.1425
v 1.0473 2.8672 0.2582
v 0.5115 2.9716 -0.183
v 1.1107 2.8495 0.3949
v 0.3964 2.9724 -0.1938
v 1.1923 2.9054 0.9153
v 1.207 2.6703 0.8972
v 1.1871 2.6542 0.5241
v 0.2813 2.7563 -0.1852
v 1.2077 2.6576 0.716
v 0.7295 2.7286 -0.0538
v 0.8469 2.9115 0.0218
v 0.9312 2.6818 0.17
v 0.6142 2.7518 -0.1204
v 1.0352 2.6632 0.271
v 0.5021 2.7654 -0.1581
v 1.1199 2.6485 0.3832
v 0.3934 2.7681 -0.1799
v 0.3999 2.5859 -0.1882
v 1.2164 2.499 0.8543
v 1.1985 2.4865 0.4894
v 0.1637 2.7513 -0.1906
v 0.2938 2.5733 -0.1984
v 1.2311 2.4983 0.6764
v 0.1725 2.559 -0.1975
v 0.7297 2.5459 -0.0242
v 0.8375 2.7066 0.0541
v 0.9632 2.5138 0.1485
v 0.6186 2.5711 -0.1153
v 1.0645 2.4997 0.2423
v 0.5075 2.5847 -0.1646
v 1.1518 2.4878 0.345
v 1.0943 2.3774 0.207
v 1.1765 2.375 0.3114
v 1.2165 2.2629 0.2871
v 0.4104 2.4362 -0.2025
v 1.2564 2.3655 0.6463
v 1.2367 2.3601 0.8232
v 1.2634 2.2358 0.7989
v 1.2364 2.3718 0.4656
v 1.2742 2.2581 0.4356
v 0.2923 2.4216 -0.233
v 1.2946 2.2481 0.6192
v 0.1686 2.4023 -0.2427
v 0.752 2.409 -0.041
v 0.6324 2.431 -0.1141
v 0.5177 2.4401 -0.1675
v 1.1328 2.2645 0.1682
v 1.2685 2.138 0.2509
v 0.301 2.3027 -0.2568
v 0.4186 2.3099 -0.2269
v 0.4205 2.182 -0.2576
v 1.304 2.1084 0.786
v 1.3152 2.1339 0.4034
v 0.1669 2.2953 -0.2744
v 0.2999 2.1842 -0.2946
v 1.3425 2.1214 0.5969
v 0.1624 2.1855 -0.3041
v 0.6529 2.3001 -0.1354
v 0.7797 2.287 -0.0779
v 0.806 2.1583 -0.1299
v 0.5329 2.3123 -0.1977
v 0.6706 2.1703 -0.1857
v 0.5426 2.1788 -0.2268
v 1.1887 3.9273 0.9459
v 1.1732 3.7221 0.9663
v 1.1572 2.6736 1.0594
v 1.0284 2.6745 1.1899
v 1.0571 2.4872 1.1603
v 1.1191 2.932 1.074
v 1.0194 2.9497 1.2128
v 1.1199 3.2033 1.062
v 0.2835 2.396 1.4722
v 0.1324 2.4079 1.4841
v 0.1187 2.2087 1.4572
v 1.0225 3.2371 1.2133
v 0.6947 3.2829 1.5009
v 0.4827 2.3786 1.4319
v 0.2823 2.1965 1.4434
v 1.1513 3.4834 1.0222
v 0.2988 2.9021 1.5719
v 0.135 2.9377 1.5876
v 0.1318 2.6828 1.5375
v 0.8987 3.2334 1.3631
v 0.6801 3.0305 1.4715
v 0.4783 2.8423 1.53
v 0.2948 2.6509 1.5241
v 0.2938 3.1627 1.614
v 0.1334 3.1978 1.6204
v 0.4747 3.1072 1.5789
v 0.874 2.9741 1.3451
v 0.6897 2.7346 1.4577
v 0.4642 3.3587 1.5828
v 0.3013 3.413 1.6008
v 0.1487 3.4484 1.6002
v 0.874 2.6787 1.3209
v 0.6826 2.5399 1.4003
v 0.9027 2.3432 1.2742
v 0.6826 2.3604 1.3696
v 0.6937 2.1894 1.3394
v 0.8898 2.4881 1.29
v 0.9179 2.1994 1.249
v 1.0967 2.215 1.1297
v 1.1964 2.5042 1.0256
v 1.2126 2.3622 0.999
v 1.083 2.3516 1.1458
v 1.225 2.2307 0.9798
v 0.4798 2.6127 1.4779
v 1.0023 2.3834 0.1096
v 0.8845 2.3956 0.0278
v 0.8409 2.5307 0.0632
v 0.0995 2.0246 1.4248
v 0.1418 1.8534 1.416
v 0.0587 1.97 1.3937
v 0.1186 1.6568 1.4526
v 0.0895 1.8458 1.3982
v 0.0758 1.7235 1.4059
v 0.0347 1.9166 1.4136
v 0.0534 1.8405 1.4046
v 0.0453 1.767 1.3971
v 0 1.8405 1.3615
v 0.4752 2.181 1.4061
v 0.4942 2.0191 1.3835
v 0.7026 2.0255 1.313
v 1.1168 2.0712 1.1177
v 0.9211 2.045 1.2277
v 0.2899 2.0388 1.4275
v 1.2556 2.094 0.9729
v 0.7211 1.8565 1.2972
v 0.9388 1.8791 1.2125
v 1.1663 2.1382 0.1314
v 1.3417 1.9999 0.1906
v 1.143 1.9121 1.1071
v 1.3877 1.9965 0.3727
v 0.5093 1.8367 1.3673
v 1.2975 1.9426 0.9658
v 1.3627 1.9646 0.7744
v 1.4111 1.9814 0.5765
v 0.3107 1.8352 1.4078
v 1.0366 2.2656 0.073
v 0.912 2.274 -0.0095
v 1.3516 1.7628 0.9504
v 0.9717 1.6829 1.1978
v 1.4856 1.8124 0.5575
v 0.3284 1.6051 1.4211
v 0.7429 1.6502 1.2866
v 1.2449 2.0044 0.0277
v 1.4155 1.8319 0.1249
v 1.1918 1.7262 1.0932
v 0.5287 1.6143 1.363
v 1.4235 1.7884 0.7578
v 1.4734 1.8342 0.3384
v 1.3281 1.8364 -0.0701
v 1.1872 1.8273 -0.1905
v 1.1241 1.9973 -0.0657
v 1.0659 2.1343 0.0386
v 0.289 2.0294 -0.3375
v 0.8316 2.0128 -0.2018
v 0.4186 2.0339 -0.3069
v 0.5441 2.0288 -0.2784
v 0.1533 2.0415 -0.3383
v 0.686 2.0252 -0.2613
v 0.6957 1.8387 -0.3699
v 0.2767 1.8424 -0.4044
v 0.86 1.8334 -0.3313
v 0.4054 1.8385 -0.3893
v 0.54 1.8383 -0.3759
v 0.1393 1.8444 -0.3948
v 0.1291 1.5782 -0.5124
v 0.9414 2.1459 -0.0627
v 0.9834 2.0045 -0.1454
v 0.2525 1.5942 -0.5098
v 0.1153 1.3658 -0.6039
v 0.104 1.1322 -0.6971
v 0.689 1.385 -0.6738
v 0.8902 1.3837 -0.6505
v 0.9001 1.1406 -0.799
v 0.5024 1.3777 -0.6429
v 0.6764 1.1479 -0.816
v 0.3507 1.3755 -0.6313
v 0.481 1.1454 -0.7946
v 0.2292 1.3694 -0.619
v 0.3233 1.1381 -0.7463
v 1.064 1.599 -0.4112
v 1.2393 1.6095 -0.3265
v 1.2669 1.3839 -0.4407
v 0.2001 1.1323 -0.7157
v 0.0767 0.8687 -0.7634
v 1.0804 1.3762 -0.548
v 1.2813 1.1349 -0.548
v 0.6706 0.8768 -0.93
v 0.8925 0.8694 -0.9161
v 0.8862 0.5929 -0.9951
v 0.4367 0.8845 -0.8981
v 0.6624 0.6004 -1.0154
v 0.2763 0.8812 -0.8381
v 0.4089 0.5921 -0.9622
v 0.1559 0.8711 -0.7844
v 0.2527 0.5854 -0.9169
v 0.1325 0.5775 -0.8423
v 0.0681 0.5706 -0.7792
v 0.8619 0.3482 -0.9672
v 0.6155 0.3575 -0.9993
v 1.1066 0.8652 -0.826
v 1.2926 0.859 -0.6511
v 1.3059 0.5809 -0.6985
v 0.3917 0.3569 -0.9664
v 0.2385 0.349 -0.9222
v 0.1231 0.3422 -0.8368
v 0.0645 0.3433 -0.7543
v 0.0643 0.0833 -0.6754
v 0.8455 0.1168 -0.9346
v 0.5964 0.1224 -0.9501
v 1.1056 0.5853 -0.8812
v 1.3159 0.3334 -0.7077
v 0.3802 0.1179 -0.9217
v 0.2268 0.1024 -0.8682
v 0.1249 0.0892 -0.7559
v 0.0626 -0.1508 -0.4974
v 0.8219 -0.1102 -0.8724
v 0.5683 -0.1254 -0.8489
v 1.0984 0.3369 -0.88
v 1.3258 0.1104 -0.6837
v 0.3774 -0.11 -0.8112
v 0.221 -0.1359 -0.72
v 0.1204 -0.1424 -0.6028
v 0.5509 -0.4585 -0.6099
v 1.092 0.1091 -0.8408
v 1.3482 -0.0889 -0.6353
v 0.3528 -0.391 -0.5733
v 0.2198 -0.3683 -0.5399
v 0.1344 -0.3364 -0.3683
v 0.0653 -0.3317 -0.2637
v 0.82 -0.366 -0.7394
v 0.9006 -0.5766 -0.6489
v 1.0926 -0.1011 -0.7841
v 1.3953 -0.2663 -0.5656
v 0.2195 -0.5008 -0.2943
v 0.1561 -0.4392 -0.1798
v 0.0816 -0.4101 -0.1004
v 1.4973 1.622 0.0712
v 1.5675 1.6243 0.3053
v 1.6339 1.3929 0.2657
v 1.5096 1.5831 0.7386
v 1.3807 1.5465 0.9185
v 1.4734 1.318 0.9035
v 1.5775 1.6051 0.5341
v 1.641 1.3747 0.5016
v 1.5944 1.3533 0.7191
v 1.3755 1.6138 -0.1595
v 1.5402 1.3887 0.0175
v 1.4114 1.3845 -0.2284
v 1.5575 1.144 -0.0399
v 1.6631 1.1382 0.221
v 1.5065 1.0731 0.8889
v 1.6735 1.1271 0.4631
v 1.6362 1.1065 0.6927
v 0 0.3116 1.3004
v 0.1671 0.3277 1.2976
v 0.1815 0.6349 1.3719
v 0.3535 0.3952 1.2916
v 1.4374 0.8644 -0.3654
v 1.5812 0.8654 -0.098
v 1.6123 0.5911 -0.139
v 1.6906 0.8674 0.1729
v 1.7043 0.5841 0.1423
v 1.652 0.8402 0.6748
v 1.5361 0.8108 0.8918
v 1.5571 0.5278 0.896
v 1.6964 0.8624 0.4228
v 1.7157 0.5738 0.408
v 1.6723 0.5569 0.6698
v 1.4715 0.5901 -0.4229
v 1.6404 0.3394 -0.1511
v 1.7275 0.322 0.1414
v 1.5844 0.258 0.921
v 1.7416 0.3086 0.4186
v 1.7073 0.2976 0.6896
v 1.4975 0.3437 -0.4374
v 1.6648 0.1157 -0.1308
v 1.7472 0.1015 0.1649
v 1.6091 0.0561 0.9472
v 1.7701 0.0985 0.4498
v 1.7382 0.0932 0.7255
v 1.5246 0.1231 -0.4222
v 1.7072 -0.0742 -0.0895
v 1.7814 -0.0799 0.2016
v 1.6419 -0.1057 0.9693
v 1.8099 -0.0752 0.4855
v 1.7663 -0.0791 0.7605
v 1.5669 -0.0694 -0.3811
v 1.747 -0.2348 -0.05
v 1.8194 -0.2401 0.2342
v 0.8356 -0.3781 1.1183
v 0.5573 -0.4303 1.0159
v 0.6214 -0.6179 1.0158
v 1.8493 -0.2401 0.5124
v 1.6727 -0.2646 0.9843
v 1.4801 -0.2895 1.1028
v 1.5219 -0.4425 1.1067
v 1.4213 1.1315 -0.2935
v 0.3741 0.6989 1.3542
v 0.5616 0.4876 1.2432
v 0.5754 0.7781 1.2899
v 0.7855 0.5862 1.1839
v 1.6119 -0.2353 -0.3316
v 0.3717 1.0085 1.3914
v 0.1761 0.964 1.4202
v 0.9854 1.4552 1.1794
v 0.7637 1.3954 1.2692
v 0.7771 1.1374 1.2427
v 0.5531 1.3437 1.3514
v 0.5699 1.0685 1.3334
v 0.3541 1.3051 1.4169
v 1.2167 1.5043 1.0686
v 1.0049 1.2057 1.1548
v 1.2516 1.2675 1.0462
v 1.029 0.9488 1.1389
v 0.7863 0.8668 1.2242
v 1.0548 0.6819 1.1409
v 1.3417 0.7601 1.059
v 1.0796 0.4151 1.1511
v 0.5277 0.2189 1.1613
v 0.7933 0.3283 1.1746
v 0.3096 0.123 1.1942
v 1.3543 0.4828 1.0602
v 1.0938 0.1642 1.1598
v 0.4908 0.0179 1.0887
v 0.7861 0.1033 1.157
v 0.1503 0.0796 1.2115
v 0.264 -0.0687 1.1108
v 1.3762 0.2172 1.0772
v 1.0979 -0.0216 1.1554
v 0.4062 -0.1454 1.0405
v 0.7651 -0.0735 1.1379
v 0.1351 -0.1107 1.1139
v 0.2325 -0.1915 1.0285
v 1.404 0.0241 1.0886
v 1.1191 -0.1774 1.1485
v 0.7853 -0.2309 1.1233
v 1.0925 1.1359 -0.6973
v 0.1178 -0.2285 1.0266
v 0.3788 1.5994 -0.5078
v 0.5218 1.6002 -0.5063
v 0.6932 1.604 -0.5084
v 1.0273 1.8248 -0.2701
v 0.0899 -0.3511 0.8421
v 0.0837 -0.4044 0.6178
v 0.1495 -0.3791 0.602
v 0.1843 -0.3131 0.8262
v 0.2236 -0.4265 0.5816
v 0.148 1.2769 1.4498
v 0.8821 1.6064 -0.4913
v 1.2999 1.0323 1.0472
v 1.4432 -0.1326 1.0972
v 1.125 -0.3062 -0.6944
v 0.49 -0.2993 1.0068
v 1.8515 -0.369 0.257
v 1.7713 -0.3681 -0.0264
v 1.6376 -0.3823 -0.3034
v 1.1582 -0.3313 1.1424
v 1.8846 -0.3735 0.531
v 1.429 -0.4355 -0.5079
v 1.1706 -0.5004 -0.6079
v 0.2475 -0.6195 0.3723
v 0.2644 -0.5552 0.5703
v 0.3241 -0.4468 0.8075
v 0.2522 -0.3187 0.8126
v 1.2046 -0.4955 1.1383
v 0.8925 -0.5481 1.1114
v 0.3149 -0.6929 0.5651
v 0.3843 -0.5791 0.807
v 0.2955 -0.7557 0.3575
v 0.3767 -0.8453 0.5612
v 0.4476 -0.7406 0.8044
v 0.3558 -0.9063 0.3416
v 1.7067 -0.4123 0.9959
v 1.8278 -0.3762 0.7935
v 1.7985 -0.2349 0.7822
v 0.3094 -0.5729 -0.3318
v 0.4295 -0.6818 -0.354
v 0.6779 -0.6726 -0.5482
v 0.4216 -1.076 0.3285
v 0.4414 -1.0259 0.5602
v 1.2535 -0.6717 1.1337
v 1.5593 -0.5995 1.1082
v 1.2257 -0.649 -0.5813
v 0.5303 -0.8151 -0.3602
v 0.7677 -0.8429 -0.5086
v 1.796 -0.4924 -0.0158
v 1.6698 -0.5135 -0.2934
v 1.7455 -0.5535 1.0034
v 1.8626 -0.5086 0.8015
v 1.4692 -0.5755 -0.4895
v 0.7019 -0.8376 1.0053
v 1.8749 -0.4925 0.2683
v 1.9105 -0.4962 0.5416
v 0.5216 -0.9469 0.799
v 0.9815 -0.735 -0.6167
v 0.9509 -0.7497 1.1038
v 1.2792 -0.8237 -0.5721
v 1.519 -0.7431 -0.4784
v 1.0271 -0.987 1.0924
v 1.3096 -0.8833 1.1295
v 1.9034 -0.6727 0.2703
v 1.8319 -0.669 -0.0093
v 1.0447 -0.9282 -0.5905
v 0.5125 -1.2583 0.5517
v 0.6083 -1.1924 0.783
v 1.9388 -0.6739 0.5406
v 1.5955 -0.8025 1.1104
v 1.7906 -0.7418 1.0043
v 1.9057 -0.6919 0.801
v 0.4887 -1.2869 0.3173
v 0.7831 -1.0867 0.9837
v 1.7137 -0.6874 -0.283
v 0.5977 -0.9643 -0.3636
v 0.8312 -1.0435 -0.4871
v 1.1629 -1.6309 1.0822
v 1.1018 -1.2846 1.077
v 0.8661 -1.3882 0.9592
v 0.7741 -1.8171 0.7429
v 0.9295 -1.7316 0.9443
v 0.6882 -1.8784 0.5241
v 0.7753 -2.2309 0.5275
v 0.8508 -2.1727 0.7467
v 0.6529 -1.9099 0.3042
v 0.7323 -2.2674 0.3143
v 0.6527 -1.9151 0.0874
v 0.7332 -2.2739 0.1036
v 0.7115 -1.8851 -0.1063
v 0.5516 -1.5754 0.0803
v 0.8093 -1.825 -0.2887
v 0.6392 -1.5338 -0.1243
v 0.7201 -1.467 -0.3269
v 0.8871 -1.349 -0.4676
v 0.9692 -1.7193 -0.4254
v 1.0805 -1.2227 -0.5676
v 1.156 -1.6059 -0.51
v 1.322 -1.1228 -0.556
v 1.6167 -1.4332 -0.4163
v 1.6598 -1.8329 -0.3458
v 1.4282 -1.899 -0.4496
v 1.5631 -1.0387 -0.4531
v 1.7439 -0.995 -0.2598
v 1.9454 -2.6524 0.2562
v 1.9162 -2.6672 0.0934
v 1.9398 -2.2304 0.0831
v 1.1605 -2.5061 -0.304
v 1.3185 -2.4244 -0.3593
v 1.3911 -2.849 -0.3234
v 0.9399 -2.9989 0.53
v 0.9907 -2.9495 0.719
v 0.9134 -2.5661 0.7433
v 1.9568 -2.2289 0.2703
v 1.9615 -2.2238 0.4392
v 1.9593 -2.6662 0.4138
v 1.5871 -2.7508 0.9593
v 1.7637 -2.6917 0.8741
v 1.7483 -2.2626 1.0001
v 1.9005 -2.6677 0.7374
v 1.9532 -2.662 0.5741
v 1.959 -2.2136 0.6355
v 0.9306 -3.0281 0.3391
v 0.8527 -2.6192 0.5308
v 1.8495 -2.2498 -0.1155
v 1.2915 -2.4007 1.0317
v 1.041 -2.4903 0.9417
v 1.1378 -2.8828 0.8992
v 1.7068 -2.2932 -0.261
v 1.8646 -2.6957 -0.0843
v 1.8827 -2.2284 0.8386
v 0.9768 -2.5815 -0.2263
v 1.2314 -2.9151 -0.283
v 1.4985 -2.3582 -0.3603
v 1.5661 -2.7825 -0.3179
v 1.7426 -2.7354 -0.2219
v 1.3685 -2.8083 0.954
v 1.5343 -2.3181 1.0569
v 1.943 -2.9274 0.5321
v 1.8644 -2.9703 -0.078
v 1.7837 -2.9733 0.7927
v 1.0849 -2.9772 -0.175
v 1.2704 -3.1903 -0.2811
v 1.5804 -3.0528 -0.2992
v 1.7477 -3.0001 -0.2242
v 1.4153 -3.0616 0.8723
v 1.623 -3.005 0.8994
v 1.9469 -2.9318 0.2426
v 1.9192 -2.9437 0.0873
v 1.4171 -3.1159 -0.3234
v 1.009 -3.2552 0.5211
v 1.0755 -3.2059 0.6895
v 1.9474 -2.9289 0.3874
v 1.8953 -2.9374 0.6714
v 0.993 -3.2814 0.3491
v 1.2238 -3.1163 0.8377
v 1.4641 -3.2566 0.8842
v 1.6301 -3.2122 0.8729
v 1.9533 -3.1256 0.2243
v 1.9367 -3.1283 0.0691
v 1.4277 -3.2932 -0.3245
v 1.0588 -3.4279 0.5024
v 1.1392 -3.3843 0.6731
v 1.9567 -3.1297 0.3691
v 1.7708 -3.1769 0.7621
v 1.8567 -3.1593 0.6374
v 1.9194 -3.1444 0.5059
v 1.0181 -3.4494 0.3332
v 1.2955 -3.3163 0.8353
v 1.8739 -3.1467 -0.096
v 1.1363 -3.2436 -0.1663
v 1.2863 -3.3608 -0.2805
v 1.5829 -3.2333 -0.2941
v 1.7463 -3.1803 -0.2244
v 1.9408 -3.325 0.4903
v 1.8837 -3.2929 -0.1143
v 1.778 -3.3704 0.7417
v 1.1658 -3.4081 -0.1584
v 1.3024 -3.4966 -0.2736
v 1.6073 -3.3778 -0.3157
v 1.7533 -3.3295 -0.2326
v 1.4743 -3.4383 0.8862
v 1.6482 -3.4016 0.8461
v 1.9784 -3.2913 0.2062
v 1.9672 -3.2815 0.051
v 1.442 -3.4362 -0.3309
v 1.0909 -3.5873 0.487
v 1.1767 -3.5492 0.6625
v 1.9839 -3.303 0.351
v 1.8748 -3.3464 0.6244
v 1.0393 -3.6036 0.3149
v 1.3364 -3.4813 0.846
v 1.5094 -3.6058 0.876
v 1.683 -3.577 0.8568
v 1.9956 -3.4515 0.1855
v 1.9814 -3.4346 0.0303
v 1.4583 -3.5711 -0.3466
v 1.1 -3.7503 0.4715
v 1.1944 -3.7141 0.6478
v 2.0075 -3.4694 0.3329
v 1.8134 -3.5494 0.7444
v 1.9147 -3.5183 0.6167
v 1.9664 -3.4962 0.4774
v 1.0544 -3.7604 0.2976
v 1.3661 -3.6419 0.8365
v 1.8931 -3.4303 -0.1356
v 1.1848 -3.5468 -0.1605
v 1.3231 -3.627 -0.2779
v 1.6262 -3.5137 -0.3333
v 1.7627 -3.4658 -0.2465
v 1.4024 -3.8072 0.8049
v 1.9692 -3.6692 0.4566
v 1.9137 -3.584 -0.1572
v 1.8352 -3.7157 0.7468
v 1.2104 -3.6839 -0.1691
v 1.3563 -3.7762 -0.2939
v 1.653 -3.6609 -0.3521
v 1.7828 -3.6138 -0.2697
v 1.5452 -3.7712 0.8448
v 1.7156 -3.7412 0.8373
v 2.0224 -3.6169 0.1673
v 2.001 -3.5968 0.0095
v 1.4894 -3.7197 -0.364
v 1.1304 -3.9215 0.4457
v 1.2401 -3.8817 0.6184
v 2.0272 -3.637 0.3121
v 1.9203 -3.6878 0.601
v 1.0986 -3.9261 0.2733
v 1.5706 -3.949 0.8005
v 1.7362 -3.9036 0.7845
v 2.0602 -3.7813 0.1415
v 2.0599 -3.7625 -0.0213
v 1.5236 -3.8954 -0.4062
v 1.208 -4.1045 0.406
v 1.3063 -4.0647 0.5681
v 2.0644 -3.7934 0.2915
v 1.8467 -3.8685 0.7065
v 1.9264 -3.8463 0.5751
v 2.003 -3.8215 0.4359
v 1.1959 -4.1048 0.2385
v 1.4525 -3.9871 0.737
v 1.9586 -3.765 -0.1872
v 1.2394 -3.8395 -0.1967
v 1.3846 -3.9567 -0.3438
v 1.6944 -3.8353 -0.3915
v 1.8325 -3.789 -0.3086
v 1.9667 -3.9936 0.5467
v 2.0464 -3.9704 0.4153
v 1.2725 -4.3101 0.1906
v 1.3019 -4.3082 0.3618
v 2.1022 -3.9364 -0.0574
v 1.5136 -4.1867 0.6526
v 2.0238 -3.945 -0.2368
v 1.8682 -4.0269 0.6627
v 1.2786 -4.0233 -0.2333
v 1.4146 -4.1619 -0.3958
v 1.7295 -4.0308 -0.442
v 1.8921 -3.9756 -0.3706
v 1.628 -4.1322 0.7137
v 1.7545 -4.0752 0.7165
v 2.1128 -3.9437 0.1132
v 1.5645 -4.0913 -0.4547
v 1.3877 -4.2675 0.5099
v 2.1063 -3.9484 0.2709
v 1.9389 -4.16 -0.4208
v 1.7674 -4.2325 -0.4976
v 1.6708 -4.3489 0.6105
v 1.782 -4.2778 0.6335
v 2.1886 -4.1121 0.0851
v 2.1796 -4.1097 -0.0934
v 1.5976 -4.3041 -0.5149
v 1.3638 -4.5342 0.3159
v 1.454 -4.4918 0.4441
v 2.1561 -4.1225 0.2503
v 1.8956 -4.2167 0.6057
v 1.9976 -4.1852 0.5092
v 2.0883 -4.1549 0.4012
v 1.3081 -4.5455 0.165
v 1.5667 -4.4157 0.5533
v 2.0837 -4.1157 -0.2837
v 1.3172 -4.2351 -0.2746
v 1.4459 -4.3868 -0.458
v 2.0391 -4.4148 0.4855
v 2.136 -4.3841 0.3732
v 1.3509 -4.7874 0.1358
v 1.4179 -4.7761 0.2798
v 2.2793 -4.3247 -0.1292
v 1.6238 -4.6663 0.477
v 2.1751 -4.3334 -0.323
v 1.9286 -4.4563 0.5473
v 1.3366 -4.4683 -0.3274
v 1.4654 -4.6424 -0.5228
v 1.8212 -4.4721 -0.5685
v 2.0137 -4.3905 -0.4771
v 1.7176 -4.5992 0.5275
v 1.8167 -4.5259 0.5618
v 2.2913 -4.3206 0.0622
v 1.626 -4.5568 -0.5757
v 1.52 -4.732 0.3868
v 2.2339 -4.3392 0.2324
v 1.3585 -4.7018 -0.3966
v 1.5146 -4.9171 -0.5633
v 1.8999 -4.7559 -0.6321
v 2.106 -4.6827 -0.5272
v 1.7626 -4.8815 0.4727
v 1.8554 -4.8146 0.5325
v 2.372 -4.5882 0.048
v 2.3819 -4.5965 -0.1694
v 1.6709 -4.8405 -0.6366
v 1.5103 -5.0229 0.2429
v 1.6012 -4.9854 0.3458
v 2.2997 -4.6109 0.2329
v 1.9623 -4.7491 0.5102
v 2.0767 -4.6995 0.4666
v 2.1804 -4.6656 0.3625
v 1.4233 -5.0421 0.1127
v 1.6833 -4.9353 0.4263
v 2.2855 -4.623 -0.3685
v 2.327 -4.9654 0.2421
v 1.8929 -5.1337 0.491
v 1.9991 -5.0753 0.4904
v 2.1099 -5.0302 0.453
v 2.2152 -5.0002 0.3663
v 1.5226 -5.3152 0.098
v 1.605 -5.2926 0.2172
v 2.4348 -4.9328 -0.1741
v 1.7383 -5.2263 0.3856
v 2.3528 -4.961 -0.386
v 1.4111 -4.9759 -0.4129
v 1.5789 -5.2262 -0.5765
v 1.9742 -5.0818 -0.6402
v 2.1856 -5.0122 -0.5567
v 1.8089 -5.1843 0.4362
v 2.4217 -4.9374 0.0622
v 1.7518 -5.1588 -0.6409
v 1.6702 -5.2632 0.3179
v 1.4717 -5.2758 -0.4104
v 1.6678 -5.5411 -0.5439
v 2.0052 -5.4275 -0.584
v 2.2008 -5.3617 -0.5377
v 1.8589 -5.5071 0.3884
v 1.9326 -5.4756 0.4276
v 2.4368 -5.3092 0.0823
v 2.4414 -5.2935 -0.1296
v 1.8154 -5.4873 -0.5986
v 1.6872 -5.5935 0.1956
v 1.7433 -5.5663 0.2828
v 2.3476 -5.3376 0.2553
v 2.0304 -5.4319 0.4496
v 2.1377 -5.389 0.4388
v 2.2416 -5.3646 0.3775
v 1.6291 -5.6107 0.0832
v 1.7938 -5.5379 0.3508
v 2.3763 -5.3115 -0.377
v 1.763 -5.9371 0.1966
v 1.8179 -5.9165 0.2681
v 2.356 -5.7836 0.2198
v 1.9924 -5.8611 0.3821
v 2.0762 -5.8391 0.3989
v 2.1693 -5.8177 0.3859
v 2.261 -5.8018 0.3305
v 1.7132 -5.9514 0.0955
v 2.423 -5.7607 -0.1131
v 1.8696 -5.8966 0.3203
v 2.3593 -5.762 -0.3106
v 1.5757 -5.5811 -0.3795
v 1.7843 -5.8886 -0.4419
v 2.0591 -5.8166 -0.5089
v 2.2269 -5.7846 -0.4496
v 1.927 -5.8774 0.3535
v 2.4218 -5.772 0.0773
v 1.8984 -5.8522 -0.5125
v 2.1969 -7.5578 -0.4262
v 2.3402 -7.5633 -0.4156
v 2.3397 -7.6765 -0.4396
v 1.9444 -7.4909 -0.0254
v 1.9241 -7.6064 -0.0505
v 1.9092 -7.5677 0.1379
v 2.5786 -7.5893 0.0507
v 2.5949 -7.486 0.0731
v 2.5244 -7.5288 0.2351
v 2.5718 -7.3787 0.0853
v 2.489 -7.418 0.2635
v 2.4944 -7.2583 0.199
v 2.4676 -7.0912 0.1512
v 2.5382 -7.2569 0.0679
v 2.4308 -6.8677 0.1316
v 2.4924 -7.1001 0.0561
v 2.4532 -6.8682 0.0433
v 2.4399 -6.3693 0.0514
v 2.3974 -6.3678 0.1647
v 2.4377 -6.3718 -0.0927
v 2.4606 -6.8545 -0.0722
v 2.4198 -6.859 -0.1825
v 2.388 -6.3789 -0.2389
v 2.5051 -7.1008 -0.0626
v 2.46 -7.0931 -0.1604
v 2.097 -6.3789 0.3548
v 2.1666 -6.3726 0.3539
v 2.0382 -6.3859 0.3374
v 1.9257 -6.3945 0.268
v 1.8697 -6.4002 0.2031
v 1.8221 -6.4074 0.1145
v 1.7926 -6.4147 0.0067
v 1.6845 -5.955 -0.0308
v 1.6831 -5.9454 -0.1735
v 1.8008 -6.4175 -0.1152
v 1.8511 -6.4209 -0.2386
v -2.4399 -6.3693 0.0514
v 2.2466 -6.3661 0.3317
v 1.7179 -5.9223 -0.3175
v 2.1506 -6.8469 0.3553
v 2.2095 -6.8436 0.3549
v 1.9281 -6.4201 -0.3405
v 2.0421 -6.4162 -0.4123
v 2.1155 -6.9309 -0.3439
v 1.9905 -6.8484 0.2485
v 2.0424 -6.8469 0.312
v 2.3254 -6.3672 0.2695
v 2.3889 -6.8544 0.2326
v 2.27 -6.8376 0.3358
v 1.9402 -6.8572 0.1619
v 1.9817 -6.3915 0.3106
v 2.0958 -6.8478 0.3336
v 2.3295 -6.8338 0.3056
v 2.301 -6.3945 -0.3518
v 1.994 -6.8991 -0.2692
v 2.1795 -6.4054 -0.4178
v 2.2583 -6.9095 -0.3622
v 2.3495 -6.8815 -0.29
v 2.1108 -7.0623 0.3791
v 2.3444 -7.0639 0.3254
v 2.4989 -7.2531 -0.1654
v 2.1589 -7.07 0.4045
v 2.2214 -7.0704 0.3899
v 2.131 -7.4394 0.683
v 2.1164 -7.3123 0.5187
v 2.0524 -7.3172 0.4829
v 2.4123 -7.0849 0.2613
v 2.2852 -7.0628 0.3727
v 0.4295 7.2712 1.3613
v 0.3109 7.2338 1.4028
v 0.2218 7.252 1.3842
v 0.4086 7.257 1.3768
v 0.4129 7.1829 1.3539
v 0.4841 7.2563 1.3099
v 0.3178 7.192 1.3967
v 0.1851 7.2042 1.3889
v 1.815 -7.9457 1.59
v 1.8621 -7.878 1.5903
v 1.8534 -7.8772 1.557
v 2.0453 -7.9603 1.6932
v 2.0038 -7.9167 1.6811
v 2.0035 -7.9271 1.7004
v 1.8936 -8.0168 1.9091
v 1.8721 -7.9925 1.8731
v 1.8527 -8.0108 1.8571
v 2.0307 -7.965 1.7621
v 2.0008 -7.9385 1.7263
v 1.9959 -7.9436 1.7345
v 1.8588 -8.0988 1.823
v 1.8168 -8.0445 1.7874
v 1.7928 -8.0541 1.7351
v 1.8286 -8.0996 1.6099
v 1.8134 -8.1066 1.6518
v 1.7733 -8.0519 1.6511
v 1.8089 -7.9473 1.6199
v 1.864 -7.8846 1.6142
v 1.8403 -8.0801 1.5513
v 1.8369 -8.0939 1.5775
v 1.8025 -8.0272 1.5832
v 1.7946 -8.0372 1.6099
v 1.8075 -7.9525 1.6477
v 1.8666 -7.8896 1.64
v 2.0087 -8.104 1.6101
v 2.0258 -8.104 1.6505
v 1.9757 -8.1418 1.6506
v 1.9833 -8.093 1.5592
v 1.9897 -8.0996 1.5812
v 1.9459 -8.1389 1.5809
v 2.0392 -8.0817 1.8055
v 2.0033 -8.1158 1.8209
v 2.0037 -8.1418 1.7665
v 2.0204 -8.0086 1.8848
v 1.9981 -8.0205 1.902
v 1.9988 -8.0534 1.8818
v 1.9536 -8.1433 1.6089
v 2.0215 -7.958 1.7772
v 1.9905 -7.9487 1.7435
v 2.0317 -7.9912 1.8608
v 2.0199 -7.9816 1.865
v 1.8987 -7.9978 1.8892
v 1.8863 -7.9837 1.8803
v 1.9896 -7.8968 1.575
v 2.0211 -7.9373 1.577
v 2.0149 -7.9355 1.5567
v 1.8667 -7.91 1.6924
v 1.8153 -7.9614 1.6963
v 1.8369 -7.9664 1.7384
v 1.8823 -7.9305 1.7396
v 1.8627 -7.9579 1.79
v 1.8752 -7.9583 1.8017
v 1.9967 -7.9007 1.6096
v 2.031 -7.9405 1.6078
v 1.9976 -7.9013 1.6341
v 2.0398 -7.944 1.6334
v 1.8897 -7.9413 1.7504
v 1.8825 -7.9605 1.8041
v 1.9231 -8.028 1.9117
v 1.8896 -8.0472 1.8844
v 1.9033 -8.1211 1.8307
v 1.83 -8.1082 1.7505
v 1.8705 -8.1517 1.6138
v 1.8696 -8.1614 1.651
v 1.8715 -8.1214 1.5487
v 1.8755 -8.1389 1.5791
v 2.0474 -8.0593 1.6026
v 2.0562 -8.0607 1.6502
v 2.0341 -8.0499 1.5585
v 2.0403 -8.0514 1.578
v 2.0526 -8.0506 1.797
v 2.0431 -8.089 1.7531
v 2.027 -8.035 1.8682
v 2.0149 -7.9933 1.8772
v 1.9206 -8.0095 1.9017
v 1.9366 -7.8986 1.6869
v 2.2243 -7.979 1.7605
v 2.1927 -7.945 1.778
v 2.1931 -7.9513 1.7932
v 2.1128 -8.009 1.8966
v 2.1065 -7.9969 1.872
v 2.0997 -8.0077 1.8638
v 2.2088 -7.9715 1.8266
v 2.1925 -7.9551 1.8119
v 2.1902 -7.9614 1.8162
v 2.0878 -8.059 1.8337
v 2.0808 -8.0153 1.8209
v 2.077 -8.0134 1.7664
v 2.2218 -7.976 1.733
v 2.192 -7.9217 1.7554
v 1.9064 -7.8427 -0.1129
v 1.8958 -7.9591 -0.1312
v 1.9231 -7.8639 0.0892
v 2.222 -8.0602 1.8358
v 2.1846 -8.0944 1.865
v 2.1807 -8.1197 1.742
v 2.2046 -8.0084 1.8884
v 2.1809 -8.0176 1.9071
v 2.185 -8.0402 1.9012
v 2.203 -7.9742 1.8325
v 2.1859 -7.9674 1.8218
v 2.2079 -7.9986 1.8652
v 2.2008 -7.9903 1.874
v 2.1187 -7.999 1.8932
v 2.1136 -7.99 1.8753
v 1.9294 -8.0249 -0.1119
v 1.9292 -7.9623 0.0847
v 2.0825 -8.0895 1.7458
v 2.0802 -8.005 1.7216
v 2.2217 -8.0836 1.7412
v 2.1808 -8.0967 1.6708
v 2.1157 -7.943 1.7812
v 2.0949 -7.946 1.7786
v 2.0937 -7.961 1.7989
v 2.1196 -7.9607 1.814
v 2.1039 -7.9756 1.8276
v 2.1095 -7.9798 1.8325
v 2.1156 -7.9208 1.7582
v 2.0945 -7.9423 1.7443
v 2.1222 -7.9666 1.8197
v 2.1207 -7.9794 1.8372
v 2.1323 -8.0174 1.9062
v 2.1064 -8.0268 1.8901
v 2.1161 -8.0898 1.8647
v 2.2324 -8.0257 1.8066
v 2.2102 -8.0231 1.8809
v 2.1951 -7.9973 1.891
v 2.1297 -8.0059 1.9014
v 2.1194 -8.1232 1.7454
v 2.0896 -8.0768 1.6874
v 2.2313 -8.0366 1.7467
v 2.2118 -8.075 1.6819
v 0.1729 6.8944 1.489
v 0.334 7.0395 1.4313
v 0.2425 7.0794 1.4417
v 0.2136 7.0547 1.4478
v 0.1403 7.1364 1.4467
v 0.105 7.1691 1.4622
v 0.0974 7.1406 1.4862
v 0.0341 7.0978 1.5712
v 0.063 7.0869 1.556
v 0.0643 7.1268 1.5321
v 0.1819 7.1079 1.4383
v 0.1297 7.1108 1.468
v 0.1687 6.881 1.5072
v 0.0347 7.141 1.5487
v 0.1678 7.083 1.4551
v 0.2505 7.1026 1.4335
v 0.2546 7.1251 1.4238
v 0.1969 7.1465 1.4224
v 0.0601 7.7176 1.5103
v 0.1581 7.7103 1.4952
v 0.2584 7.695 1.4579
v 0.0604 6.7836 1.5474
v 0.1222 6.7908 1.5171
v 0.1857 6.8348 1.4708
v 0.1645 6.8614 1.4846
v 0.0306 6.7987 1.5627
v 0.0589 6.9167 1.6614
v 0.0945 6.9913 1.6037
v 0.2815 6.6644 1.4263
v 0.2012 7.2507 1.3821
v 0.1937 7.2438 1.3837
v 0.1856 7.2391 1.3849
v 0.1764 7.2308 1.3853
v 0.1493 7.2102 1.4061
v 0.5864 7.1073 1.2137
v 0.3541 7.668 1.4028
v 0.1811 6.9431 1.4736
v 0.1757 6.8899 1.4694
v 0.327 7.0815 1.42
v 0.227 7.2537 1.3727
v 0.4267 7.2712 1.3461
v 0.1823 7.1928 1.21
v 0.1859 7.1983 1.1882
v 0.4278 7.2493 1.1429
v 0.1958 7.2083 1.1595
v 0.4513 7.6307 1.3389
v 0.1632 7.2214 1.3891
v 0.0721 6.2773 1.4686
v 0.0676 6.3331 1.4894
v 0.3236 7.1121 1.4116
v 0.1418 6.9154 1.5735
v 0.1145 6.9187 1.6104
v 0.6545 7.2113 1.045
v 0.1309 6.4115 1.4639
v 0.2282 6.8445 1.4587
v 0.1941 6.4353 1.4294
v 0.2483 6.463 1.4034
v 0.2912 6.4928 1.3829
v 0.1712 6.9974 1.4719
v 0.3194 6.522 1.3701
v 0.3301 6.5598 1.3716
v 0.3328 6.599 1.3782
v 0.3026 6.5761 1.3928
v 0.3221 6.6394 1.3931
v 0.3005 6.6785 1.4164
v 0.2657 6.7257 1.4455
v 0.2012 6.8982 1.4623
v 0.309 6.805 1.4232
v 0.2605 6.7911 1.4444
v 0.2948 6.7418 1.4282
v 0.2034 6.9603 1.4628
v 0.5861 7.5163 1.1785
v 0.5313 7.5811 1.262
v 0.1505 7.1544 1.4326
v 0.6221 7.4458 1.0994
v 0.6451 7.3655 1.0419
v 0.1922 7.1282 1.4315
v 0.6238 6.9059 1.0719
v 0.5905 6.8425 1.1234
v 0.5974 6.7871 1.0551
v 0.6684 7.2016 0.9904
v 0.6664 7.1234 0.9892
v 0.6539 7.1417 1.0447
v 0.6486 7.0748 1.0587
v 0.6606 7.048 1.0028
v 0.6369 7.0106 1.0872
v 0.6478 6.9751 1.0308
v 0.5819 6.8923 1.1801
v 0.0717 6.2082 1.4229
v 0.0759 6.2327 1.4424
v 0.3827 6.6489 1.3511
v 0.35 6.6443 1.3741
v 0.3607 6.5936 1.3544
v 0.0942 7.1055 1.5132
v 0.1467 6.2933 1.4487
v 0.3877 6.5884 1.3243
v 0.3541 6.5439 1.3431
v 0.3184 6.4208 1.3262
v 0.2703 6.3698 1.3583
v 0.2806 6.3387 1.3327
v 0.21 6.3279 1.4032
v 0.1512 6.2503 1.4211
v 0.2198 6.2877 1.3779
v 0.3546 6.4719 1.3073
v 0.3717 6.4489 1.269
v 0.4012 6.5127 1.2651
v 0.3314 6.3918 1.2939
v 0.1506 6.2287 1.3991
v 0.5673 6.9391 1.2261
v 0.6157 6.9493 1.1288
v 0.6306 6.8612 1.0068
v 0.6047 6.9888 1.1778
v 0.6255 7.0434 1.1377
v 0.1227 7.0806 1.4911
v 0.1531 7.0535 1.47
v 0.6351 7.1014 1.1077
v 0.6387 7.1609 1.0956
v 0.6788 7.105 0.9307
v 0.6879 7.089 0.8745
v 0.6905 7.187 0.8833
v 0.6824 7.1932 0.9359
v 0.6829 7.2872 0.903
v 0.6232 7.2322 1.1362
v 0.6248 7.1799 1.1372
v 0.6221 7.1277 1.15
v 0.6094 7.0755 1.1765
v 0.5853 7.0256 1.2159
v 0.6718 7.0209 0.9421
v 0.6796 6.9961 0.8807
v 0.0605 7.7675 1.4941
v 0.2608 7.7507 1.4389
v 0.5776 7.6691 1.1867
v 0.4688 7.6793 1.3165
v 0.3674 7.722 1.387
v 0.16 7.7672 1.4763
v 0.6675 7.3927 0.9465
v 0.6595 7.3793 0.9949
v 0.6492 7.4938 1.0074
v 0.6371 7.4697 1.0536
v 0.6586 6.9395 0.9698
v 0.6613 6.9044 0.9022
v 0.632 6.8146 0.9334
v 0.3206 7.1429 1.401
v 0.5503 6.7903 1.1837
v 0.5558 6.7241 1.1216
v 0.4203 6.6518 1.3134
v 0.1362 6.3502 1.4619
v 0.4183 6.5831 1.2828
v 0.3779 6.5276 1.3063
v 0.3074 6.4555 1.3526
v 0.258 6.4162 1.3825
v 0.199 6.3798 1.4203
v 0.3371 6.497 1.3416
v 0.2197 6.265 1.3568
v 0.1908 7.023 1.4578
v 0.2384 6.9838 1.455
v 0.283 7.0134 1.4491
v 0.3489 6.9519 1.4254
v 0.2881 6.9327 1.4479
v 0.3642 6.702 1.3771
v 0.3253 6.6909 1.3973
v 0.2822 6.316 1.3088
v 0.342 6.3682 1.2606
v 0.388 6.4286 1.2295
v 0.4247 6.4983 1.2166
v 0.4555 6.5769 1.2187
v 0.4984 6.5782 1.1305
v 0.5552 6.651 1.0493
v 0.6007 6.7262 0.9796
v 0.4233 7.9395 1.2634
v 0.5091 6.5107 1.0424
v 0.5396 6.8469 1.2375
v 0.1416 7.0264 1.4881
v 0.1171 7.0511 1.514
v 0.0919 7.0715 1.5384
v 0.2297 6.7759 1.4643
v 0.5562 7.4629 1.2394
v 0.0601 6.8474 -0.1831
v 0.1566 6.7957 -0.1603
v 0.2592 6.7787 -0.1467
v 0.1596 6.8457 -0.1787
v 0.3646 6.9074 -0.1303
v 0.3585 6.8314 -0.1106
v 0.2663 6.8354 -0.1629
v 0.4432 6.9044 -0.0508
v 0.4374 6.8259 -0.0366
v 0.4987 6.9081 0.0566
v 0.491 6.8269 0.0789
v 0.5392 6.9134 0.174
v 0.5313 6.837 0.2001
v 0.5565 6.8685 0.2919
v 0.5737 6.9028 0.3597
v 0.5715 6.8531 0.3925
v 0.4105 6.7113 1.3456
v 0.4561 6.726 1.3001
v 0.4396 6.7861 1.339
v 0.3904 6.768 1.3746
v 0.3392 6.7543 1.4028
v 0.4627 6.6568 1.2581
v 0.4451 6.482 1.1575
v 0.4929 6.8105 1.2936
v 0.5038 6.7494 1.2464
v 0.4415 6.9187 1.3619
v 0.4973 6.9449 1.317
v 0.4689 6.9935 1.3472
v 0.5072 6.6769 1.1904
v 0.4001 6.9741 1.3914
v 0.4303 7.0406 1.3772
v 0.3851 6.8959 1.3979
v 0.5497 6.9821 1.2637
v 0.4954 7.0618 1.3262
v 0.411 7.0777 1.387
v 0.38 7.1439 1.379
v 0.3942 7.1108 1.3816
v 0.3642 7.1937 1.3842
v 0.3698 7.1722 1.3779
v 0.3536 7.2243 1.3969
v 0.3597 7.2113 1.3915
v 0.3522 7.235 1.4001
v 0.6757 7.2836 0.9518
v 0.6617 7.2822 1.0035
v 0.3477 7.1495 1.1659
v 0.3526 7.1395 1.1909
v 0.3563 7.1342 1.2152
v 0.3592 7.1327 1.2419
v 0.3611 7.1375 1.2768
v 0.3603 7.156 1.3217
v 0.3555 7.1918 1.3629
v 0.3528 7.2468 1.3554
v 0.3497 7.2428 1.3877
v 0.3519 7.2408 1.3967
v 0.0625 7.6057 1.5264
v 0.3109 7.2415 1.3928
v 0.3519 7.2406 1.4016
v 0.2108 7.2625 1.366
v 0.4158 6.8411 1.3714
v 0.4691 6.8653 1.3304
v 0.5174 6.8972 1.2747
v 0.2121 6.752 1.4771
v 0.2499 6.7048 1.4565
v 0.2083 6.7215 1.483
v 0.2087 6.6897 1.4875
v 0.0719 6.7401 1.5606
v 0.1018 6.7424 1.5479
v 0.1731 6.7153 1.5094
v 0.0571 6.4953 1.5417
v 0.156 6.6146 1.5163
v 0.164 6.8001 1.4923
v 0.3629 6.8226 1.4008
v 0.1291 6.7639 1.5213
v 0.1437 6.6183 1.4834
v 0.1419 6.629 1.4737
v 0.1293 6.6608 1.4602
v 0.1253 6.7047 1.4592
v 0.1234 6.7486 1.4534
v 0.122 6.8004 1.4259
v 0.1317 6.8717 1.3506
v 0.1498 6.9338 1.2219
v 0.1889 6.9669 1.0251
v 0.1814 6.9308 0.8245
v 0.1678 6.7546 1.5023
v 0.0521 6.7037 0.5692
v 0.6383 7.2218 1.0939
v 0.7194 7.341 0.3701
v 0.7068 7.3033 0.3482
v 0.7051 7.7485 0.8607
v 0.6951 7.5771 0.8545
v 0.7274 7.6428 0.7364
v 0.7399 7.6635 0.661
v 0.749 7.6713 0.5736
v 0.7343 7.5406 0.6403
v 0.7131 7.6112 0.7985
v 0.6984 7.4427 0.807
v 0.7213 7.5164 0.7061
v 0.74 7.5479 0.5746
v 0.7281 7.4384 0.6269
v 0.7095 7.4826 0.7575
v 0.7048 7.2982 0.7574
v 0.7192 7.4112 0.6785
v 0.6108 6.9378 0.4058
v 0.5867 6.9589 0.3259
v 0.6328 7.036 0.3577
v 0.6058 6.8684 0.4731
v 0.6042 6.8973 0.439
v 0.6226 6.8372 0.5262
v 0.6525 6.8231 0.5952
v 0.7322 7.4481 0.577
v 0.7342 7.442 0.5247
v 0.7429 7.5394 0.5052
v 0.7521 7.655 0.4809
v 0.7037 7.1669 0.7447
v 0.7325 7.3479 0.4668
v 0.7374 7.3125 0.4435
v 0.7054 7.1693 0.3865
v 0.682 7.1006 0.3947
v 0.697 6.9594 0.6723
v 0.7036 7.05 0.6915
v 0.7964 7.2514 0.3992
v 0.8046 7.2823 0.4097
v 0.8565 7.2842 0.3853
v 0.6952 6.8252 0.5854
v 0.6904 6.8783 0.6416
v 0.6511 6.9297 0.4734
v 0.6538 6.894 0.4989
v 0.7115 7.1913 0.6809
v 0.7098 7.1212 0.6763
v 0.7123 7.1093 0.654
v 0.6993 6.9424 0.482
v 0.7104 6.9839 0.4567
v 0.7617 6.9666 0.4108
v 0.7185 7.3321 0.6586
v 0.7263 7.359 0.6186
v 0.7078 7.14 0.7061
v 0.7407 7.3221 0.544
v 0.7335 7.3259 0.5839
v 0.7514 7.3221 0.5774
v 0.7278 6.8229 0.5791
v 0.7137 6.8396 0.52
v 0.7492 6.8572 0.5198
v 0.7279 7.3134 0.6133
v 0.7275 7.2882 0.6077
v 0.6718 7.052 0.4073
v 0.7058 6.8698 0.4887
v 0.7432 6.8798 0.486
v 0.7148 7.2444 0.6682
v 0.7141 7.1672 0.6576
v 0.7847 7.2124 0.3902
v 0.8566 7.2535 0.3663
v 0.738 7.2867 0.4201
v 0.7008 6.9657 0.6492
v 0.7122 6.8928 0.6269
v 0.7204 6.9045 0.6128
v 0.7175 7.0272 0.4364
v 0.7294 7.055 0.421
v 0.7827 7.0454 0.3707
v 0.7397 7.2332 0.6156
v 0.7562 7.2641 0.602
v 0.7381 6.8988 0.567
v 0.726 6.9307 0.5986
v 0.7296 7.0492 0.6189
v 0.7199 7.1027 0.6275
v 0.7495 6.9175 0.4435
v 0.7891 6.9884 0.4143
v 0.7316 6.9908 0.617
v 0.7092 7.0446 0.6429
v 0.8531 7.216 0.354
v 0.8793 7.2405 0.3754
v 0.7442 6.8525 0.5724
v 0.7512 6.8967 0.529
v 0.7169 7.2151 0.6499
v 0.7213 7.1519 0.6305
v 0.8719 7.3089 0.421
v 0.8789 7.2699 0.3923
v 0.8535 7.157 0.3544
v 0.8334 7.1048 0.36
v 0.8109 7.102 0.3558
v 0.814 7.0583 0.3729
v 0.7565 6.9091 0.4903
v 0.7084 6.9745 0.6333
v 0.7852 7.3438 0.5481
v 0.7783 7.3061 0.5789
v 0.7722 7.006 0.3907
v 0.842 7.3293 0.483
v 0.8506 7.3134 0.4059
v 0.7671 6.9346 0.4569
v 0.805 7.3232 0.5506
v 0.7818 7.2788 0.5755
v 0.8015 7.0233 0.3936
v 0.8208 7.0695 0.3863
v 0.8365 7.3162 0.4832
v 0.8666 7.2959 0.431
v 0.728 7.0973 0.609
v 0.7732 6.955 0.4626
v 0.7591 6.9293 0.4949
v 0.7484 7.2172 0.606
v 0.7606 7.2472 0.5938
v 0.7385 6.927 0.56
v 0.7284 6.9529 0.5871
v 0.7468 7.0476 0.6024
v 0.7939 7.0035 0.4252
v 0.741 7.0062 0.5986
v 0.8725 7.2053 0.3646
v 0.8691 7.23 0.3885
v 0.7477 6.9204 0.5276
v 0.7281 7.1954 0.6272
v 0.729 7.141 0.6129
v 0.8744 7.2613 0.4019
v 0.8577 7.1536 0.3749
v 0.8401 7.0993 0.3735
v 0.7413 7.1706 0.6022
v 0.7345 7.1335 0.6016
v 0.736 7.1289 0.5941
v 0.7473 6.9465 0.5254
v 0.7588 6.9551 0.4975
v 0.7587 6.9684 0.4991
v 0.8609 7.222 0.3992
v 0.8652 7.2552 0.4143
v 0.8597 7.2517 0.4219
v 0.7161 7.0153 0.5872
v 0.7133 6.9817 0.5758
v 0.6874 6.9946 0.5713
v 0.7742 7.2938 0.5415
v 0.7596 7.276 0.5591
v 0.7557 7.2667 0.5525
v 0.8004 7.0469 0.4232
v 0.8118 7.0747 0.4087
v 0.8042 7.0771 0.4098
v 0.7306 7.0954 0.5963
v 0.7257 7.0947 0.5897
v 0.7717 6.9758 0.4699
v 0.7895 7.0232 0.4372
v 0.7851 7.0278 0.4405
v 0.7519 7.2345 0.5848
v 0.7466 7.2256 0.5753
v 0.8433 7.1895 0.3933
v 0.8403 7.2183 0.4067
v 0.739 6.9485 0.5557
v 0.7472 6.9595 0.5255
v 0.6985 7.0682 0.5785
v 0.7193 7.0959 0.5843
v 0.6822 7.04 0.5712
v 0.7178 7.0609 0.582
v 0.8182 7.2694 0.4517
v 0.837 7.2465 0.4321
v 0.8303 7.1344 0.407
v 0.8174 7.0973 0.4123
v 0.8178 7.0964 0.4059
v 0.8103 7.0789 0.4162
v 0.816 7.2763 0.4878
v 0.8234 7.279 0.444
v 0.7714 6.9922 0.4746
v 0.7613 6.9782 0.4998
v 0.7383 7.1872 0.5782
v 0.744 7.2174 0.5684
v 0.7364 6.9848 0.5463
v 0.6819 7.015 0.5616
v 0.7053 7.0541 0.5089
v 0.7142 7.0478 0.4924
v 0.7326 7.0623 0.4924
v 0.7399 7.1341 0.5631
v 0.7314 7.1159 0.5646
v 0.7333 7.1101 0.5545
v 0.783 7.1805 0.4906
v 0.7939 7.1753 0.4822
v 0.8162 7.191 0.4765
v 0.722 7.0694 0.5021
v 0.7139 7.0774 0.5125
v 0.696 7.0637 0.5226
v 0.78 7.0944 0.4614
v 0.7712 7.0785 0.4675
v 0.7757 7.0653 0.4637
v 0.823 7.1639 0.4564
v 0.8215 7.1807 0.4659
v 0.8014 7.1683 0.4744
v 0.7896 7.1251 0.4553
v 0.7819 7.1107 0.455
v 0.7995 7.1019 0.45
v 0.74 7.044 0.4857
v 0.7427 7.0597 0.4824
v 0.7059 7.0852 0.5203
v 0.7018 7.0924 0.5258
v 0.6926 7.0893 0.5454
v 0.7989 7.138 0.4584
v 0.8087 7.1191 0.4487
v 0.7807 7.2063 0.5254
v 0.7563 7.1975 0.5378
v 0.7394 7.1695 0.5242
v 0.7909 7.0833 0.4564
v 0.8096 7.0946 0.4406
v 0.8152 7.136 0.449
v 0.8154 7.1153 0.4351
v 0.8083 7.1983 0.4896
v 0.8301 7.2119 0.4665
v 0.7398 7.1428 0.5717
v 0.7324 7.1199 0.5738
v 0.7334 7.1519 0.553
v 0.7344 7.1664 0.5626
v 0.7013 7.0358 0.5178
v 0.7256 7.026 0.5066
v 0.8358 7.1702 0.443
v 0.8354 7.1962 0.4529
v 0.6922 7.0764 0.5351
v 0.6865 7.0837 0.5632
v 0.7414 7.2236 0.5432
v 0.7406 7.1965 0.5554
v 0.7332 7.1734 0.5431
v 0.7794 7.0301 0.4828
v 0.7899 7.0508 0.4655
v 0.7093 7.1014 0.5558
v 0.7109 7.1001 0.5688
v 0.6872 7.052 0.5323
v 0.7651 7.0497 0.4784
v 0.7676 7.022 0.4964
v 0.7986 7.2026 0.5045
v 0.8197 7.2219 0.481
v 0.8001 7.0729 0.4509
v 0.7588 7.2327 0.5225
v 0.8089 7.3035 0.5521
v 0.7474 7.205 0.5964
v 0.7368 7.181 0.6126
v 0.7427 7.0565 0.586
v 0.7108 7.3681 0.7193
v 0.6216 6.9859 0.3787
v 0.7203 7.2832 0.6455
v 0.7227 7.2537 0.6335
v 0.8062 7.0324 0.4077
v 0.742 7.1631 0.5938
v 0.7945 7.0498 0.4254
v 0.6811 7.0668 0.5501
v 0.789 7.0343 0.4442
v 0.7903 7.0381 0.4579
v 0.7556 7.257 0.548
v 0.7417 7.208 0.562
v 0.8409 7.1817 0.4106
v 0.8378 7.2173 0.4164
v 0.8396 7.2103 0.4326
v 0.7481 6.9746 0.5258
v 0.7491 6.9949 0.5247
v 0.7412 7.1567 0.5865
v 0.735 7.1256 0.5878
v 0.7334 7.1229 0.5816
v 0.7661 6.9928 0.5012
v 0.8316 7.2376 0.4478
v 0.6816 7.0303 0.5493
v 0.7663 7.2745 0.5292
v 0.7544 7.2478 0.5444
v 0.7983 7.0515 0.4313
v 0.8114 7.0876 0.423
v 0.7137 7.0979 0.5786
v 0.7401 7.1504 0.5795
v 0.8016 7.0631 0.4412
v 0.7386 6.9659 0.5504
v 0.7262 7.1511 0.5303
v 0.7088 7.1018 0.5407
v 0.7709 6.9832 0.4736
v 0.7729 7.1837 0.5007
v 0.6989 7.0263 0.5791
v 0.8285 7.141 0.3996
v 0.8216 7.0956 0.403
v 0.7425 7.1956 0.5865
v 0.8356 7.1406 0.3948
v 0.8126 7.2892 0.4833
v 0.856 7.2816 0.4393
v 0.8637 7.1937 0.3785
v 0.8104 7.3009 0.4833
v 0.7439 7.1263 0.5534
v 0.7325 7.1375 0.5427
v 0.7495 7.1281 0.533
v 0.7266 7.1375 0.5211
v 0.7513 7.1202 0.5429
v 0.7374 7.107 0.541
v 0.7277 7.0927 0.5246
v 0.7249 7.0971 0.53
v 0.7343 7.0882 0.5182
v 0.7471 7.079 0.5007
v 0.7402 7.0839 0.5095
v 0.752 7.0737 0.4916
v 0.7593 7.0655 0.4756
v 0.7615 7.0775 0.4786
v 0.7548 7.0697 0.4849
v 0.7673 7.1052 0.4653
v 0.7665 7.0903 0.4715
v 0.7698 7.1323 0.4606
v 0.7651 7.1198 0.4601
v 0.7784 7.1425 0.4633
v 0.78 7.1548 0.4689
v 0.8051 7.1597 0.4673
v 0.7749 7.1598 0.4762
v 0.7625 7.1666 0.4938
v 0.7687 7.1637 0.4845
v 0.7553 7.1694 0.5018
v 0.7427 7.1649 0.5116
v 0.7541 7.1791 0.5197
v 0.7341 7.1541 0.5151
v 0.7561 7.1087 0.4697
v 0.733 7.1458 0.5048
v 0.7933 7.2306 0.4978
v 0.8125 7.2614 0.4902
v 0.7695 7.2617 0.5278
v 0.7656 7.0978 0.4803
v 0.761 7.085 0.4854
v 0.7521 7.1233 0.5227
v 0.752 7.1175 0.5074
v 0.7314 7.1254 0.4987
v 0.7422 7.1413 0.4856
v 0.7361 7.1424 0.4947
v 0.7523 7.1114 0.5282
v 0.7572 7.1056 0.5133
v 0.7457 7.0973 0.5259
v 0.7512 7.0941 0.5161
v 0.7549 7.092 0.5051
v 0.7599 7.1024 0.5012
v 0.7509 7.1136 0.4958
v 0.7355 7.1225 0.4871
v 0.7635 7.1013 0.4907
v 0.7504 7.1108 0.4803
v 0.7297 7.1302 0.5112
v 0.7523 7.1206 0.4674
v 0.7484 7.1405 0.4764
v 0.7432 7.1213 0.4749
v 0.7572 7.1378 0.4682
v 0.7581 7.0895 0.4944
v 0.6851 7.0758 0.5748
v 0.675 7.0536 0.5631
v 0.8259 7.2495 0.4673
v 0.8243 7.1357 0.4157
v 0.8172 7.1095 0.4185
v 0.7744 7.0025 0.4791
v 0.7356 7.1785 0.5709
v 0.717 7.0067 0.5361
v 0.8415 7.1845 0.4009
v 0.7712 7.285 0.5345
v 0.8254 7.1361 0.4361
v 0.8434 7.1786 0.4207
v 0.8224 7.3475 0.4834
v 0.7966 7.3072 0.4397
v 0.8355 7.1602 0.3442
v 0.7466 7.0992 0.4005
v 0.7065 7.0453 0.6631
v 0.7361 7.2546 0.4039
v 0.7081 7.2287 0.7093
v 0.6578 6.9691 0.448
v 0.7309 7.3662 0.5311
v 0.731 7.3694 0.5817
v 0.6691 6.8585 0.5442
v 0.7128 7.2911 0.6885
v 0.7239 7.2201 0.3929
v 0.6668 7.0124 0.4247
v 0.7739 7.3232 0.4868
v 0.7603 7.165 0.3903
v 0.7329 7.4072 0.4543
v 1.925 -7.8557 1.5609
v 1.987 -7.8918 1.5496
v 1.9709 -7.8625 1.486
v 2.0059 -7.921 1.4962
v 1.7996 -8.0861 1.3967
v 1.7769 -8.0143 1.4217
v 1.7541 -8.0015 1.3613
v 2.007 -7.8841 1.4561
v 1.969 -7.8433 1.4363
v 1.7866 -8.0869 1.3521
v 1.8229 -8.1316 1.344
v 1.8403 -8.1247 1.3959
v 1.9691 -8.0889 1.4763
v 1.935 -8.1288 1.4534
v 1.9503 -8.1462 1.402
v 1.983 -8.1209 1.4388
v 2.0085 -8.0331 1.4808
v 2.014 -8.0439 1.5
v 1.7824 -7.9251 1.4333
v 1.8277 -7.8671 1.4594
v 1.8188 -7.8379 1.4052
v 1.7649 -8.0786 1.2728
v 1.8032 -8.1355 1.2769
v 1.9998 -8.1676 1.3656
v 2.0086 -8.1281 1.4133
v 2.0143 -8.0281 1.4528
v 1.7637 -7.9086 1.3743
v 1.8121 -7.8173 1.3286
v 1.7399 -7.9842 1.2814
v 2.0283 -7.8823 1.4121
v 1.9928 -7.8182 1.341
v 2.2048 -8.0626 1.6037
v 2.1644 -8.085 1.5836
v 2.1656 -8.0865 1.5703
v 2.0945 -7.9293 1.6678
v 2.1191 -7.8974 1.6869
v 2.1052 -7.8865 1.658
v 2.0906 -8.0578 1.6113
v 2.0748 -7.9976 1.6356
v 2.0712 -7.9943 1.6003
v 2.0494 -7.6515 -0.376
v 2.1947 -7.6705 -0.452
v 2.2036 -7.7878 -0.4863
v 2.0606 -7.9029 -0.4716
v 2.0447 -7.7755 -0.42
v 2.0935 -7.903 1.5524
v 2.0855 -7.9165 1.5976
v 2.1062 -7.8665 1.6015
v 2.0867 -8.0619 1.5475
v 2.0905 -8.0574 1.5628
v 2.0726 -7.9829 1.5792
v 2.118 -8.0918 1.5396
v 2.1923 -8.0622 1.5358
v 2.1986 -8.0594 1.5601
v 2.1626 -8.087 1.5497
v 2.2166 -8.0082 1.5509
v 2.2251 -7.9429 1.6008
v 2.2098 -7.9373 1.5481
v 2.1881 -7.8864 1.55
v 2.2021 -8.061 1.5832
v 2.2273 -8.0101 1.5772
v 2.0918 -8.0578 1.5834
v 2.1219 -8.0883 1.5507
v 2.0853 -7.923 1.6374
v 2.0677 -7.9988 -0.4523
v 2.1957 -7.9034 -0.5165
v 2.0787 -8.0794 -0.4088
v 2.1875 -7.997 -0.4949
v 2.2264 -7.9526 1.6349
v 2.2038 -7.8816 1.5988
v 2.1933 -8.0729 -0.4506
v 2.2986 -7.9875 -0.4888
v 2.3137 -7.8973 -0.4901
v 2.2306 -8.0155 1.6027
v 2.2292 -8.0195 1.6243
v 2.2007 -7.8958 1.6539
v 2.1843 -7.9067 1.6834
v 2.124 -8.0867 1.5705
v 2.1249 -8.0855 1.5847
v 1.8861 -7.5209 0.32
v 1.9266 -7.5299 0.5006
v 1.9487 -7.4536 0.51
v 2.1969 -7.9265 1.4656
v 2.1786 -7.8788 1.4426
v 2.1769 -7.8856 1.4792
v 2.0581 -8.1125 1.4666
v 2.0968 -8.1299 1.4434
v 2.1034 -8.1125 1.4778
v 2.1928 -8.0846 1.4788
v 2.153 -8.115 1.4678
v 2.1544 -8.1289 1.4341
v 2.183 -8.0966 1.4526
v 2.2084 -8.0204 1.4816
v 2.2099 -8.0159 1.4984
v 2.0907 -7.8838 1.4846
v 2.1125 -7.8735 1.476
v 2.11 -7.8677 1.4379
v 2.063 -7.5271 -0.3315
v 2.0672 -8.1008 1.4877
v 2.0563 -7.9759 1.5166
v 2.0484 -7.9844 1.5023
v 2.2108 -7.8973 1.4083
v 2.1944 -7.8554 1.3518
v 2.0339 -8.1232 1.4135
v 2.0613 -8.1565 1.3788
v 2.3309 -7.7878 -0.4649
v 1.9161 -7.7691 0.1
v 1.9094 -7.6757 0.119
v 1.9185 -7.7264 -0.084
v 2.1724 -8.1109 1.3724
v 2.2013 -8.0729 1.4257
v 2.2064 -8.002 1.4559
v 2.0835 -7.8777 1.4533
v 2.0838 -7.8435 1.3603
v 2.0342 -7.9984 1.4653
v 2.3865 -7.998 1.6921
v 2.3479 -7.9372 1.6989
v 2.3463 -7.9411 1.7116
v 2.2713 -7.9919 1.7985
v 2.2658 -7.9834 1.7881
v 2.2573 -8.0122 1.7766
v 2.371 -7.9778 1.7391
v 2.3415 -7.95 1.7312
v 2.3382 -7.9653 1.7401
v 2.2532 -8.0606 1.7545
v 2.2435 -8.0451 1.7519
v 2.2385 -8.0541 1.6926
v 2.3871 -7.9958 1.6702
v 2.3523 -7.9367 1.6754
v 2.3687 -8.0556 1.7548
v 2.3433 -8.0744 1.7722
v 2.3436 -8.1178 1.6934
v 2.3545 -7.9855 1.8034
v 2.3323 -7.9946 1.8201
v 2.3376 -8.0304 1.8076
v 2.3635 -7.9769 1.7488
v 2.3379 -7.9689 1.7436
v 2.3614 -7.9789 1.789
v 2.3464 -7.9737 1.7873
v 2.2812 -7.9776 1.7983
v 2.2788 -7.9746 1.7898
v 2.2468 -8.0843 1.6943
v 2.2438 -8.0538 1.6628
v 2.37 -8.0844 1.6895
v 2.3428 -8.1186 1.6323
v 2.284 -7.9387 1.6962
v 2.2461 -7.9959 1.692
v 2.2493 -7.9818 1.7187
v 2.2855 -7.9592 1.7267
v 2.259 -7.9792 1.7303
v 2.271 -7.9729 1.741
v 2.2863 -7.9327 1.6752
v 2.2488 -7.9953 1.6732
v 2.2929 -7.9624 1.738
v 2.2793 -7.9695 1.749
v 2.2908 -7.9989 1.8159
v 2.2663 -8.03 1.7877
v 2.2792 -8.0775 1.7719
v 2.3804 -8.0427 1.7424
v 2.3557 -8.0212 1.7915
v 2.3429 -7.974 1.7981
v 2.2915 -7.9819 1.813
v 2.2774 -8.1157 1.6976
v 2.2533 -8.088 1.6512
v 2.3845 -8.0564 1.6882
v 2.3696 -8.0835 1.6366
v 2.3684 -8.0741 1.5769
v 2.3322 -8.0989 1.5599
v 2.3341 -8.095 1.5468
v 2.2503 -7.9753 1.6172
v 2.2877 -7.9143 1.6339
v 2.2764 -7.9022 1.6089
v 2.2586 -8.0704 1.5771
v 2.2484 -8.0338 1.6029
v 2.2467 -8.0255 1.5783
v 2.2537 -7.9529 1.5271
v 2.2504 -7.9542 1.5646
v 2.2753 -7.8955 1.5595
v 2.2548 -8.062 1.535
v 2.2556 -8.0617 1.5464
v 2.2473 -8.0226 1.5565
v 2.2876 -8.0873 1.5281
v 2.3673 -8.0737 1.517
v 2.3689 -8.0719 1.5369
v 2.3328 -8.0916 1.5325
v 2.3835 -8.0138 1.5179
v 2.3852 -7.9547 1.5619
v 2.379 -7.9508 1.5216
v 2.352 -7.904 1.5196
v 2.3695 -8.0732 1.5551
v 2.3854 -8.0151 1.542
v 2.2572 -8.0654 1.5604
v 2.2876 -8.0906 1.5383
v 2.2497 -7.9626 1.5953
v 2.3846 -7.9635 1.5924
v 2.3671 -7.9148 1.5549
v 2.3837 -8.0219 1.5673
v 2.3812 -8.029 1.5871
v 2.3684 -7.9136 1.6045
v 2.355 -7.9238 1.6323
v 2.2877 -8.0941 1.5512
v 2.2887 -8.0982 1.5638
v 2.3607 -7.9432 1.4113
v 2.3366 -7.9042 1.399
v 2.3409 -7.9093 1.429
v 2.2525 -8.0829 1.4725
v 2.2791 -8.1273 1.4296
v 2.2851 -8.1114 1.4618
v 2.3557 -8.0888 1.4514
v 2.323 -8.1063 1.4572
v 2.3252 -8.1249 1.4075
v 2.3613 -8.0844 1.4127
v 2.3786 -8.0269 1.4303
v 2.3741 -8.0246 1.4467
v 2.2509 -7.9446 1.4639
v 2.2778 -7.8984 1.439
v 2.2771 -7.8893 1.4083
v 2.2502 -8.0757 1.4921
v 2.2456 -8.0254 1.4928
v 2.2403 -8.0223 1.476
v 2.3672 -7.9235 1.3563
v 2.3361 -7.8887 1.3289
v 2.2422 -8.0739 1.4243
v 2.253 -8.1466 1.3738
v 2.334 -8.1461 1.327
v 2.3688 -8.0892 1.3714
v 2.3764 -8.0122 1.4007
v 2.2498 -7.9349 1.4449
v 2.2625 -7.8681 1.3395
v 2.2313 -8.0018 1.4542
v 2.5228 -7.9954 1.5709
v 2.4917 -7.9619 1.5768
v 2.4891 -7.9653 1.5882
v 2.4183 -7.9987 1.6589
v 2.4138 -7.9914 1.6441
v 2.4074 -8.0093 1.6399
v 2.4992 -7.98 1.6111
v 2.4818 -7.9696 1.6053
v 2.4809 -7.9782 1.6104
v 2.4049 -8.0684 1.6322
v 2.3905 -8.0437 1.6067
v 2.3901 -8.0435 1.5731
v 2.5217 -7.9955 1.552
v 2.4945 -7.9568 1.5635
v 2.5247 -8.0461 1.623
v 2.4995 -8.0832 1.6382
v 2.4972 -8.1198 1.5586
v 2.4971 -7.9985 1.6524
v 2.4833 -8.0057 1.6661
v 2.4914 -8.0275 1.6645
v 2.4934 -7.9824 1.6165
v 2.4771 -7.9784 1.6167
v 2.4994 -7.9876 1.6351
v 2.4906 -7.9874 1.636
v 2.4221 -7.9908 1.656
v 2.4209 -7.9888 1.6436
v 2.3965 -8.0851 1.5602
v 2.3937 -8.0454 1.5442
v 2.5202 -8.0781 1.5607
v 2.4981 -8.1113 1.5017
v 2.4199 -7.9631 1.5777
v 2.3948 -7.9932 1.5786
v 2.3928 -7.9973 1.5932
v 2.4268 -7.9705 1.6041
v 2.4082 -7.9902 1.6099
v 2.4161 -7.9854 1.6162
v 2.4196 -7.9598 1.5631
v 2.3974 -7.9904 1.5648
v 2.4292 -7.978 1.6093
v 2.4221 -7.9857 1.6243
v 2.4311 -8.0056 1.6684
v 2.4119 -8.0183 1.658
v 2.4306 -8.0903 1.646
v 2.5253 -8.0211 1.6036
v 2.5027 -8.0094 1.6498
v 2.4914 -7.9891 1.6509
v 2.4387 -7.9955 1.6623
v 2.4221 -8.1298 1.5549
v 2.4088 -8.0964 1.5163
v 2.5255 -8.0399 1.5631
v 2.5197 -8.0802 1.5191
v 2.518 -8.0726 1.4845
v 2.4955 -8.1077 1.4743
v 2.4941 -8.1003 1.4317
v 2.4038 -7.9763 1.5138
v 2.4252 -7.9382 1.5105
v 2.4166 -7.9267 1.4825
v 2.4114 -8.0983 1.4715
v 2.3999 -8.0437 1.4921
v 2.3926 -8.0352 1.455
v 2.4054 -7.9558 1.4249
v 2.4018 -7.9697 1.443
v 2.4156 -7.9101 1.4477
v 2.4059 -8.0904 1.4176
v 2.4042 -8.079 1.4305
v 2.3934 -8.0355 1.4412
v 2.4365 -8.1119 1.4162
v 2.5256 -8.0559 1.4086
v 2.5258 -8.0554 1.4195
v 2.4956 -8.0991 1.4221
v 2.5351 -8.0185 1.4086
v 2.5193 -7.9641 1.4433
v 2.5136 -7.9594 1.4128
v 2.4951 -7.9255 1.4127
v 2.5212 -8.0611 1.4428
v 2.5307 -8.0182 1.4296
v 2.406 -8.0821 1.4402
v 2.436 -8.11 1.4261
v 2.4028 -7.9685 1.4709
v 2.5174 -7.9718 1.4759
v 2.5062 -7.9223 1.45
v 2.5268 -8.0269 1.4549
v 2.519 -8.0359 1.4962
v 2.5047 -7.9332 1.4794
v 2.4938 -7.9441 1.5111
v 2.4335 -8.107 1.4375
v 2.4329 -8.1139 1.4725
v 2.5179 -7.9753 1.3174
v 2.4961 -7.9368 1.31
v 2.4951 -7.9343 1.3433
v 2.4054 -8.1083 1.3703
v 2.4256 -8.1367 1.3459
v 2.4304 -8.1233 1.3758
v 2.5169 -8.0802 1.3574
v 2.4889 -8.1149 1.3593
v 2.4887 -8.1296 1.3297
v 2.5106 -8.102 1.3261
v 2.5282 -8.0272 1.3347
v 2.531 -8.0201 1.3557
v 2.4019 -7.9466 1.3798
v 2.4301 -7.9122 1.3539
v 2.4298 -7.9046 1.3222
v 2.407 -8.1044 1.3824
v 2.3974 -8.0383 1.4029
v 2.3964 -8.0448 1.3928
v 2.5193 -7.9376 1.2699
v 2.4902 -7.8953 1.2537
v 2.3831 -8.0863 1.3564
v 2.3935 -8.1519 1.3071
v 2.4912 -8.1388 1.2557
v 2.5125 -8.1201 1.2832
v 2.5263 -8.0292 1.3086
v 2.4022 -7.9481 1.3638
v 2.4167 -7.8985 1.2728
v 2.3855 -8.0195 1.3897
v 2.6371 -7.936 1.2726
v 2.6632 -7.9821 1.2654
v 2.6719 -7.9823 1.2221
v 2.6942 -7.9876 1.1593
v 2.6622 -7.929 1.1625
v 2.1566 -7.9599 1.816
v 2.157 -7.9661 1.8237
v 2.6138 -7.895 1.1723
v 2.6648 -7.925 1.0739
v 2.5882 -8.1288 1.2522
v 2.6507 -8.1085 1.2323
v 2.66 -8.083 1.2684
v 2.5398 -8.0381 1.3111
v 2.5571 -8.1138 1.2819
v 2.5698 -8.1061 1.2988
v 2.6729 -8.0398 1.266
v 2.6815 -8.0544 1.2223
v 2.549 -8.0411 1.3279
v 2.5526 -7.977 1.3181
v 2.5486 -7.9746 1.2986
v 2.5342 -8.0291 1.3057
v 2.541 -8.1232 1.2705
v 2.637 -8.125 1.1728
v 2.6921 -8.0598 1.1552
v 2.5436 -7.9373 1.2584
v 2.1509 -8.098 1.8696
v 2.15 -8.1214 1.7437
v 2.1519 -7.9278 1.756
v 2.4589 -7.9156 1.4841
v 2.462 -7.9033 1.4501
v 2.1576 -7.983 1.8765
v 2.1515 -7.8902 1.686
v 2.153 -7.8749 1.6594
v 2.3173 -7.8842 1.5569
v 2.3164 -7.8841 1.5183
v 2.3124 -7.9546 1.7291
v 2.3124 -7.9639 1.7367
v 2.1412 -7.8619 1.427
v 2.144 -7.8698 1.4725
v 2.1542 -7.9406 1.7803
v 2.1353 -7.8316 1.3227
v 2.1574 -8.0182 1.9082
v 2.1567 -8.0412 1.9045
v 2.3105 -8.0986 1.5618
v 2.3108 -8.0946 1.549
v 2.1173 -7.8755 1.5493
v 2.1515 -7.8671 1.547
v 2.1155 -7.9504 1.7966
v 2.1538 -7.9478 1.7953
v 1.9439 -7.8783 -0.3204
v 1.9555 -7.761 -0.2856
v 2.3165 -7.924 1.6776
v 2.3119 -7.9362 1.6976
v 2.4218 -7.8918 -0.4499
v 2.367 -7.4987 0.5968
v 2.4118 -7.5178 0.5467
v 2.4283 -7.378 0.386
v 2.5518 -7.255 -0.059
v 2.5904 -7.3748 -0.0626
v 2.5023 -7.3706 -0.165
v 2.1877 -7.4618 0.6804
v 2.2374 -7.4818 0.6718
v 2.2233 -7.3437 0.5359
v 2.5041 -7.8889 -0.3597
v 2.4361 -7.7869 -0.4128
v 2.2825 -7.4874 0.655
v 2.3261 -7.4927 0.6317
v 2.3219 -7.3537 0.5078
v 2.2743 -7.3491 0.5263
v 2.2077 -7.2221 0.4576
v 2.2627 -7.2304 0.443
v 2.4887 -7.5865 -0.2348
v 2.4482 -7.5746 -0.3398
v 2.4349 -7.468 -0.2905
v 1.9725 -7.4927 0.6889
v 2.0128 -7.4539 0.6909
v 2.4336 -7.2468 0.3079
v 1.8883 -7.7763 0.4387
v 1.9092 -7.8741 0.4052
v 1.8901 -7.8879 0.5799
v 1.8499 -7.8111 0.6092
v 1.8528 -7.719 0.6368
v 1.8732 -7.7062 0.4626
v 2.5992 -7.4858 -0.0776
v 2.5032 -7.4794 -0.1823
v 2.6124 -7.8594 0.6745
v 2.691 -7.9688 0.9493
v 2.6974 -8.0369 0.9389
v 2.5567 -7.7889 0.6867
v 2.6459 -7.8729 0.9421
v 2.6076 -7.8495 0.37
v 2.6217 -7.9306 0.3453
v 2.5915 -7.8717 0.1143
v 1.8966 -8.0236 0.7608
v 1.8521 -7.9689 0.7973
v 1.9933 -8.0353 0.7656
v 1.9389 -7.9603 0.5498
v 2.0759 -8.0642 0.7627
v 2.0166 -8.0057 0.5314
v 2.0967 -8.0447 0.5098
v 2.1754 -8.0662 0.4857
v 2.2541 -8.0853 0.4465
v 2.2357 -8.075 0.7315
v 2.3235 -8.1082 0.4136
v 2.5789 -8.0266 0.0796
v 2.59 -7.9501 0.094
v 2.6112 -8.0032 0.3266
v 2.543 -8.096 0.0752
v 2.6012 -8.0771 0.3081
v 2.5376 -7.7422 0.7135
v 2.5917 -7.8229 0.957
v 2.4858 -7.6828 0.741
v 2.5268 -7.8049 0.9716
v 2.4353 -7.6648 0.7669
v 2.3709 -8.1007 0.6852
v 2.309 -8.088 0.709
v 2.3882 -8.12 0.385
v 2.4514 -8.1287 0.3615
v 2.4301 -8.1051 0.6657
v 2.1578 -7.9733 1.8395
v 2.1423 -8.0877 1.5499
v 2.1389 -8.0913 1.5366
v 2.1262 -8.1295 1.4378
v 2.1282 -8.1138 1.4725
v 1.9708 -7.6357 -0.2429
v 1.9904 -7.5123 -0.2032
v 2.386 -7.654 0.7908
v 2.4164 -7.7802 0.9912
v 2.4652 -7.7856 0.9829
v 2.5208 -8.1197 0.3412
v 2.4929 -8.1099 0.6523
v 2.5627 -8.1179 0.6495
v 2.5275 -8.0539 -0.2621
v 2.4641 -8.0505 -0.3825
v 2.4889 -7.9808 -0.389
v 2.6501 -8.0419 0.6536
v 2.6129 -8.0878 0.6517
v 2.6491 -7.9615 0.6614
v 2.332 -7.6517 0.8189
v 2.3654 -7.7764 1.0148
v 2.2892 -7.6402 0.8387
v 2.3186 -7.7698 1.0319
v 2.2515 -7.6294 0.8484
v 2.2032 -7.6099 0.8578
v 2.2239 -7.7375 1.0445
v 2.2704 -7.7485 1.036
v 2.168 -7.709 1.0565
v 2.0962 -7.5719 0.8701
v 2.1139 -7.6891 1.0604
v 2.0354 -7.5607 0.8911
v 2.4043 -7.9819 -0.4683
v 2.3836 -8.0513 -0.4319
v 2.4433 -7.6832 -0.3842
v 1.9502 -7.9997 -0.3539
v 1.9808 -7.573 0.9008
v 1.9908 -7.6341 1.0591
v 2.0563 -7.6767 1.0593
v 1.9189 -7.6667 1.0476
v 2.0684 -7.4331 0.6832
v 1.9763 -7.3804 0.507
v 1.9739 -8.0805 -0.313
v 1.9267 -7.6257 0.8945
v 1.8737 -7.7002 0.8652
v 2.014 -7.0442 0.3148
v 2.0481 -7.1735 0.3843
v 2.1047 -7.189 0.4233
v 2.2902 -8.0592 -0.4482
v 1.9103 -7.808 0.2691
v 1.9006 -7.6121 0.4843
v 1.8746 -7.6327 0.662
v 1.9485 -7.028 0.2028
v 2.1891 -7.4056 -0.3927
v 2.1922 -7.306 -0.3807
v 2.3325 -7.3341 -0.3762
v 1.8887 -7.6171 0.3073
v 2.5053 -7.6895 -0.2909
v 2.511 -7.7885 -0.3331
v 1.9658 -7.1425 0.2441
v 1.952 -7.2575 0.2902
v 1.9959 -7.3878 -0.1731
v 2.0706 -7.3977 -0.2948
v 1.9877 -7.275 -0.159
v 2.0711 -7.2895 -0.2771
v 2.1683 -7.0942 -0.3555
v 1.9714 -7.0507 -0.1632
v 1.9288 -6.8906 -0.1743
v 2.0413 -7.0639 -0.2657
v 1.8947 -6.8827 -0.0561
v 1.9085 -6.8714 0.058
v 2.5857 -7.7831 -0.0298
v 2.6058 -7.8795 -0.0741
v 2.5714 -7.8883 -0.2315
v 2.6025 -7.9679 -0.1017
v 2.5582 -7.9834 -0.2611
v 2.5757 -8.0415 -0.1078
v 2.395 -7.1079 -0.2711
v 2.4236 -7.2451 -0.2631
v 2.4271 -7.3595 -0.2668
v 2.3374 -7.4353 -0.3925
v 2.1963 -7.2069 -0.3705
v 2.3137 -7.1118 -0.3552
v 1.9908 -7.1635 -0.1574
v 2.0707 -7.1818 -0.2692
v 2.3342 -7.2291 -0.3599
v 2.3145 -7.2321 0.4271
v 2.5391 -7.5928 -0.0989
v 2.5548 -7.6962 0.0137
v 2.5418 -7.6897 -0.1359
v 2.1539 -7.2058 0.4559
v 2.0674 -7.0476 0.3513
v 2.3725 -7.2379 0.3729
v 1.8933 -7.7231 0.2867
v 1.9101 -7.4356 0.3229
v 2.5788 -7.7661 0.401
v 2.1596 -7.9932 1.8956
v 1.9215 -7.9097 0.2462
v 2.5476 -7.7052 0.4285
v 1.9333 -7.3514 0.3141
v 1.8947 -7.3513 0.1555
v 1.902 -7.4593 0.1504
v 1.9129 -7.2489 0.1469
v 1.9308 -7.1384 0.1236
v 0.0917 -0.4048 0.4388
v 0.1519 -0.4101 0.4262
v 0.207 -0.5121 0.3923
v 2.5614 -7.7007 0.179
v 1.8363 -7.7787 0.8455
v 1.8138 -7.8303 0.9971
v 2.517 -8.1002 -0.0961
v 2.4784 -8.105 -0.2436
v 2.4419 -8.0954 -0.3583
v 2.5891 -7.7808 0.1434
v 2.5011 -7.6293 0.452
v 2.5645 -7.7829 -0.1896
v 1.8228 -7.8871 0.8146
v 1.802 -7.9369 0.9843
v 1.9325 -7.0309 0.0941
v 2.4539 -7.5548 0.4858
v 2.5699 -7.9185 1.2738
v 2.5655 -7.9097 1.2172
v 2.6094 -7.9083 1.2833
v 2.6487 -7.9324 1.2321
v 2.4581 -8.0068 1.6674
v 2.4598 -8.0306 1.6667
v 2.4536 -7.986 1.6422
v 2.4532 -7.9818 1.63
v 2.1249 -8.1041 1.6765
v 2.1528 -8.1004 1.6737
v 1.865 -8.0852 1.0063
v 1.814 -8.0417 0.9861
v 1.9462 -8.1227 1.0238
v 2.1564 -7.9545 1.8106
v 2.5546 -7.6138 0.2119
v 2.4877 -7.9839 1.6269
v 2.5061 -7.9954 1.6315
v 2.5157 -7.9933 1.5888
v 2.5224 -8.0443 1.5335
v 2.5123 -7.9771 1.5158
v 2.5156 -7.973 1.3455
v 2.4636 -8.1164 1.5023
v 2.429 -8.1216 1.5029
v 2.4653 -8.131 0.0925
v 1.922 -7.3675 -0.0066
v 1.9079 -7.2543 -0.002
v 1.9246 -7.145 -0.0136
v 1.9223 -7.0391 -0.0336
v 2.154 -7.5918 0.8632
v 2.0359 -8.1458 1.0385
v 2.1653 -8.0657 0.7546
v 2.1953 -8.1292 1.0381
v 2.1174 -8.1391 1.0458
v 2.2902 -8.1194 1.0259
v 1.9501 -7.9637 0.3678
v 2.025 -8.015 0.342
v 2.0934 -8.0619 0.2962
v 2.164 -8.0925 0.258
v 2.3227 -8.1316 0.1586
v 2.397 -8.1436 0.1142
v 2.2297 -8.1184 0.2186
v 2.2151 -8.1331 -0.3749
v 2.0912 -8.1399 -0.331
v 1.9812 -8.0285 0.0901
v 1.9565 -7.9946 0.224
v 2.3786 -8.1085 -0.3861
v 2.2993 -8.1216 -0.3936
v 2.0131 -8.1329 -0.2076
v 2.4518 -8.1235 -0.0791
v 2.3811 -8.146 -0.0614
v 2.3318 -8.1436 -0.2224
v 2.2021 -8.1445 0.0189
v 2.1278 -8.1241 0.0696
v 2.0731 -8.1499 -0.1003
v 2.3017 -8.1526 -0.0305
v 2.0545 -8.0743 0.1272
v 2.2611 -8.1528 -0.2022
v 2.1579 -8.1568 -0.1565
v 2.0137 -8.0294 0.2256
v 2.4132 -8.1207 -0.2442
v 1.9715 -8.0913 -0.0706
v 1.9269 -7.5515 0.6788
v 2.3521 -8.117 1.0069
v 2.4672 -8.1236 0.966
v 2.4116 -8.1184 0.9853
v 2.4557 -8.1438 1.337
v 2.4575 -8.1146 1.3679
v 1.9957 -8.0053 1.896
v 1.9615 -8.007 1.8995
v 1.9625 -8.023 1.9074
v 1.9625 -8.0646 1.8934
v 1.9091 -7.7643 1.2985
v 1.9079 -7.8146 1.4226
v 1.9271 -7.8655 1.5926
v 1.9272 -7.8717 1.6184
v 1.9394 -7.9067 1.7037
v 1.9421 -7.922 1.7268
v 1.9423 -7.9339 1.734
v 1.8977 -7.9496 1.7554
v 1.9527 -7.959 1.7952
v 2.0067 -7.9577 1.7853
v 1.9569 -7.9943 1.8855
v 1.9557 -7.9816 1.8747
v 1.8139 -7.9396 1.557
v 1.9384 -8.1294 1.5579
v 1.8876 -8.1268 1.4231
v 1.7588 -7.886 1.3069
v 1.9553 -8.1305 1.836
v 1.9407 -8.144 1.773
v 1.9015 -8.1516 1.3181
v 1.8866 -8.1389 1.3696
v 1.8132 -8.0219 1.5454
v 1.9107 -8.1389 1.58
v 1.9141 -8.1535 1.609
v 1.9227 -8.1516 1.6508
v 1.8778 -8.1461 1.7795
v 1.9238 -8.0587 1.8889
v 2.1298 -8.1638 1.3089
v 2.0729 -7.9749 1.5579
v 2.1448 -8.0866 1.5704
v 2.1446 -8.0853 1.5841
v 2.2234 -7.9565 1.6563
v 2.1294 -8.0405 1.9047
v 2.1587 -8.008 1.899
v 2.1931 -7.9762 1.8371
v 2.1267 -7.9713 1.8244
v 2.1548 -7.8597 1.5994
v 2.1598 -8.0909 1.534
v 1.905 -8.1254 1.5533
v 2.5257 -8.133 0.9543
v 2.1722 -7.3249 0.5414
v 2.3644 -7.3667 0.4543
v 2.5952 -8.1444 0.9429
v 2.6677 -8.1053 0.9392
v 2.299 -7.8725 1.3077
v 2.3092 -7.8859 1.3916
v 2.2878 -7.8959 1.5198
v 2.3175 -7.8957 1.6087
v 2.318 -7.9072 1.6361
v 2.3112 -7.9414 1.7099
v 2.2967 -7.9667 1.742
v 2.3145 -7.9723 1.7565
v 2.3565 -7.9735 1.7501
v 2.3146 -7.9755 1.7958
v 2.3126 -7.982 1.8145
v 2.3142 -7.9996 1.8208
v 2.2909 -8.036 1.8061
v 2.3145 -7.9738 1.7861
v 2.313 -8.119 1.6366
v 2.2832 -8.1196 1.6409
v 2.2503 -8.0219 1.5336
v 2.2421 -7.9063 1.4014
v 2.1996 -7.9344 1.4881
v 2.2248 -8.032 1.7014
v 2.2213 -7.9797 1.7907
v 2.2152 -8.0042 1.8585
v 2.0537 -7.8863 1.4184
v 2.0395 -7.9698 1.7211
v 2.0536 -8.0527 1.7422
v 2.0413 -8.0149 1.8432
v 2.3671 -8.0049 1.772
v 2.3833 -7.9969 1.7138
v 2.3826 -8.0513 1.6482
v 2.3828 -7.9723 1.6111
v 2.3092 -8.0889 1.5241
v 2.3308 -8.0904 1.5199
v 2.362 -7.9452 1.4358
v 2.3997 -7.9234 1.3378
v 2.4912 -8.1043 1.4119
v 2.4516 -7.882 1.2367
v 2.4625 -7.9015 1.3054
v 2.4628 -8.1185 1.4157
v 2.3948 -8.0354 1.4274
v 2.4557 -7.9311 1.5145
v 2.4571 -7.9421 1.5667
v 2.4554 -7.9543 1.5904
v 2.4543 -7.9628 1.6062
v 2.4551 -7.9694 1.6139
v 2.4309 -7.9813 1.616
v 2.4549 -7.9897 1.6529
v 2.4571 -7.9945 1.6616
v 2.4256 -8.0244 1.6694
v 2.4631 -8.0932 1.6484
v 2.4626 -8.1236 1.4694
v 2.4634 -8.1164 1.4368
v 2.4617 -8.118 1.4242
v 2.4271 -7.9174 1.4164
v 2.4626 -7.9058 1.4155
v 2.4671 -7.911 1.3444
v 2.4417 -8.1579 1.251
v 2.3115 -8.0837 1.7813
v 2.3102 -8.0911 1.5354
v 2.3109 -7.8877 1.4238
v 2.3021 -8.1261 1.4186
v 2.2834 -8.1538 1.3117
v 1.5914 -5.6141 -0.05
v 1.4566 -5.3254 -0.0501
v 1.4301 -5.3073 -0.2399
v 1.5572 -5.6068 -0.2137
v 1.3629 -5.045 -0.0476
v 1.3518 -5.0145 -0.248
v 1.3098 -4.7818 -0.032
v 1.3088 -4.7483 -0.2231
v 1.2733 -4.5399 0.0002
v 1.2815 -4.5122 -0.1776
v 1.2384 -4.3043 0.0277
v 1.1811 -4.0969 0.0579
v 1.2125 -4.0695 -0.0987
v 1.2673 -4.276 -0.136
v 1.1217 -3.9127 0.0953
v 1.1692 -3.8847 -0.0577
v 1.0652 -3.7499 0.1086
v 1.1328 -3.7241 -0.029
v 1.029 -3.6003 0.1237
v 1.0967 -3.5806 -0.0189
v 0.9987 -3.4515 0.1338
v 1.0667 -3.4382 -0.0142
v 0.9738 -3.2873 0.147
v 1.0272 -3.2777 -0.024
v 0.9125 -3.0386 0.1426
v 0.9568 -3.029 -0.0328
v 0.8182 -2.6617 0.1191
v 1.7875 -1.3892 -0.234
v 1.8541 -0.9818 0.0022
v 1.9393 -1.3871 0.2742
v 1.9536 -1.7895 0.2751
v 1.9151 -1.7857 0.0559
v 1.9241 -0.9852 0.268
v 1.9638 -0.9856 0.5272
v 1.9793 -1.3764 0.5141
v 1.9391 -1.0044 0.7807
v 0.4243 -1.0969 0.102
v 0.499 -1.0502 -0.1165
v 0.5625 -1.2251 -0.1217
v 0.3623 -0.9398 0.1184
v 0.4363 -0.9008 -0.1081
v 0.3099 -0.7885 0.139
v 0.3719 -0.7644 -0.0962
v 0.2585 -0.6475 0.1661
v 0.2951 -0.6398 -0.0722
v 0.2086 -0.5197 0.2131
v 0.1605 -0.4327 0.235
v 0.1409 -0.446 0.0331
v 0.2136 -0.5381 -0.0316
v 0.082 -0.4225 0.2465
v 0.0697 -0.4474 0.0615
v 1.9445 -7.9459 1.7464
v 1.8723 -7.9199 1.7124
v 1.932 -7.8766 1.6422
v 1.9139 -7.8357 1.4811
v 2.3124 -7.9676 1.7413
v 2.1829 -8.0067 1.8984
v 2.3155 -8.035 1.8142
v 2.4754 -7.9936 1.6608
v 2.4218 -7.9648 1.588
v 2.4558 -7.9486 1.5802
v 2.2832 -7.9443 1.7079
v 2.3105 -8.1168 1.6955
v 2.3332 -7.9817 1.8134
v 2.3041 -8.1089 1.4596
v 2.4597 -8.1248 1.5568
v 2.5771 -8.1036 1.3378
v 2.5562 -8.0757 1.3469
v 2.4544 -7.978 1.6175
v 2.5766 -7.9234 1.298
v 2.6105 -7.9069 1.2482
v 2.6027 -8.1081 1.3371
v 2.5813 -8.1052 1.306
v 1.771 -7.9606 1.1328
v 2.7033 -7.9826 1.0673
v 1.7847 -7.8622 1.1556
v 1.9109 -7.7124 1.1982
v 1.8579 -7.746 1.0164
v 1.9927 -7.7394 1.1981
v 2.127 -7.7746 1.2097
v 2.2385 -7.8122 1.1982
v 2.3333 -7.8516 1.166
v 2.3938 -7.8432 1.1448
v 2.4381 -7.8353 1.1243
v 2.6489 -8.1132 1.0778
v 1.7894 -8.0602 1.1295
v 1.9239 -8.1372 1.1709
v 2.0179 -8.1567 1.1988
v 2.5088 -8.1355 1.1151
v 2.459 -8.1263 1.1318
v 2.3466 -8.128 1.1764
v 2.2794 -8.1297 1.1992
v 2.1534 -8.1571 1.1999
v 2.6515 -8.0031 1.4579
v 2.632 -7.9827 1.4599
v 2.6286 -7.9871 1.4665
v 2.5635 -8.019 1.5388
v 2.5597 -8.0149 1.5237
v 2.5515 -8.0207 1.5206
v 2.6378 -8.0016 1.4894
v 2.6261 -7.9991 1.4708
v 2.6223 -8.0002 1.4755
v 2.5481 -8.0704 1.5098
v 2.5378 -8.0525 1.5
v 2.528 -8.046 1.4643
v 2.6537 -8.0019 1.4461
v 2.6342 -7.9771 1.4526
v 2.6568 -8.0596 1.4915
v 2.6422 -8.0822 1.5038
v 2.6471 -8.1 1.4425
v 2.6356 -8.0131 1.5277
v 2.6217 -8.0241 1.5482
v 2.6255 -8.0378 1.5473
v 2.6308 -8.0032 1.4932
v 2.6182 -8.0022 1.4801
v 2.6354 -8.0065 1.5125
v 2.6276 -8.0068 1.513
v 2.5703 -8.0125 1.536
v 2.5653 -8.0091 1.5255
v 2.5395 -8.0794 1.4459
v 2.532 -8.0423 1.4433
v 2.6662 -8.0723 1.4488
v 2.6488 -8.0993 1.4318
v 2.564 -7.983 1.4653
v 2.5339 -8.0092 1.462
v 2.5436 -8.013 1.4829
v 2.5635 -8.0029 1.4768
v 2.5556 -8.0123 1.4978
v 2.5602 -8.0095 1.501
v 2.5654 -7.9726 1.4561
v 2.5345 -8.0057 1.4521
v 2.5665 -8.0042 1.4805
v 2.567 -8.0054 1.504
v 2.5784 -8.0245 1.5524
v 2.5559 -8.0294 1.5399
v 2.5737 -8.0938 1.5174
v 2.6549 -8.0326 1.479
v 2.6424 -8.0242 1.5257
v 2.6247 -8.0124 1.5265
v 2.58 -8.0158 1.5448
v 2.5684 -8.1196 1.4378
v 2.5405 -8.0833 1.4377
v 2.6623 -8.0341 1.4552
v 2.6666 -8.0711 1.4341
v 2.6683 -8.0663 1.4249
v 2.6503 -8.097 1.4215
v 2.6426 -8.0926 1.3852
v 2.5378 -7.9993 1.4346
v 2.5657 -7.9621 1.4419
v 2.5703 -7.9475 1.4221
v 2.5432 -8.0867 1.4251
v 2.5356 -8.041 1.4293
v 2.5393 -8.0328 1.4037
v 2.5498 -7.974 1.3701
v 2.5477 -7.9821 1.3865
v 2.5655 -7.9378 1.4011
v 2.5524 -8.0738 1.3585
v 2.5495 -8.073 1.3686
v 2.5433 -8.0314 1.3788
v 2.5739 -8.1106 1.3482
v 2.6774 -8.0502 1.3656
v 2.6765 -8.0491 1.3726
v 2.6403 -8.085 1.3554
v 2.6781 -8.0132 1.3696
v 2.6564 -7.975 1.3995
v 2.6592 -7.9668 1.376
v 2.6445 -7.9415 1.376
v 2.6747 -8.0518 1.3984
v 2.6735 -8.011 1.3858
v 2.546 -8.0789 1.3943
v 2.5706 -8.1134 1.3554
v 2.5443 -7.9852 1.4109
v 2.652 -7.9802 1.4177
v 2.6426 -7.9426 1.4085
v 2.6684 -8.0225 1.4059
v 2.6632 -8.032 1.4307
v 2.6316 -7.957 1.4241
v 2.6323 -7.964 1.4395
v 2.5705 -8.1234 1.3879
v 2.5732 -8.123 1.4177
v 2.5992 -7.9466 1.4267
v 2.6041 -7.9426 1.4045
v 2.5981 -8.0276 1.5533
v 2.5977 -8.0437 1.5615
v 2.5953 -8.0065 1.5192
v 2.5914 -8.0033 1.5038
v 2.6255 -8.0031 1.499
v 2.6423 -8.0125 1.5084
v 2.6495 -8.0091 1.4722
v 2.6643 -8.0367 1.4417
v 2.6523 -7.9905 1.4338
v 2.661 -7.964 1.3443
v 2.6381 -7.9291 1.3444
v 2.6043 -8.1285 1.4221
v 2.5713 -8.1219 1.4277
v 2.6759 -8.0126 1.3433
v 2.6785 -8.0483 1.3471
v 2.6395 -8.0839 1.3443
v 2.6062 -8.1093 1.3438
v 2.5447 -8.0319 1.3695
v 2.5975 -7.9626 1.4401
v 2.5937 -7.9726 1.4529
v 2.5905 -7.9776 1.4678
v 2.5903 -8.0009 1.4714
v 2.5916 -8.0024 1.4766
v 2.5681 -8.0059 1.484
v 2.5956 -8.0096 1.5312
v 2.5961 -8.0172 1.5434
v 2.5726 -8.0369 1.5564
v 2.6013 -8.093 1.5165
v 2.6056 -8.1306 1.4123
v 2.6129 -8.1213 1.386
v 2.6066 -8.1128 1.3538
v 2.5501 -7.9746 1.3539
v 2.5465 -8.0329 1.3582
v 2.5689 -7.9347 1.3692
v 2.607 -7.9312 1.3711
v 2.6093 -7.9204 1.3412
v 2.5779 -7.931 1.3389
v 2.6167 -8.0157 1.5383
v 2.5651 -7.9874 1.4728
v 2.5917 -7.9707 1.4618
v 2.604 -8.1267 1.4291
v 2.5919 -8.0034 1.4814
v 2.6405 -8.082 1.3373
v 2.6069 -8.1139 1.2748
v 2.5581 -7.8638 1.0969
v 2.6168 -7.8838 1.0781
v 2.6009 -8.107 1.2975
v 2.5739 -8.1374 1.0933
v 1.8274 -7.7807 1.1683
v 2.0687 -7.7674 1.2135
v 2.1779 -7.79 1.2119
v 2.287 -7.833 1.1769
v 2.4845 -7.8592 1.113
v 2.7019 -8.0513 1.0654
v 1.8341 -8.1104 1.1416
v 2.092 -8.1476 1.2141
v 2.3945 -8.1491 1.1624
v 2.5622 -8.1408 1.2005
v 2.03 -8.1131 -0.0239
v 0.8486 -2.6456 -0.0612
v 1.8622 -1.4079 0.9667
v 1.8786 -1.7897 0.9277
v 1.9731 -1.7686 0.7212
v 1.8252 -1.0478 0.9875
v 1.6335 -1.1094 1.1095
v 0.6503 -1.1419 -0.3529
v 0.4913 -1.2768 0.091
v 1.3632 -1.1919 1.1233
v 1.4136 -1.5387 1.1274
v 1.4661 -1.9048 1.1089
v 1.708 -1.8419 1.0726
v 1.2206 -1.9966 1.0671
v 0.8347 -2.6515 0.3235
v 0.5626 -1.5721 0.3026
v 0.5803 -1.5459 0.5356
v 0.6805 -1.483 0.7632
v 1.9714 -1.7816 0.4872
v 1.8216 -1.7866 -0.1849
v 1.2213 -1.9908 -0.4501
v 1.0409 -2.0913 -0.381
v 0.8882 -2.1847 -0.2482
v 0.7768 -2.2501 -0.084
v 0.9826 -2.0962 0.9566
v 1.377 -1.5032 -0.5154
v 1.8854 -1.3846 0.0284
v 1.9684 -1.3794 0.7593
v 1.6858 -1.4594 1.1147
v 0.3492 7.3299 1.4076
v 0.3109 7.2395 1.4046
g patch0
f 1 2 3
f 4 5 6
f 7 1 5
f 8 5 4
f 9 8 10
f 11 7 8
f 12 9 13
f 14 11 9
f 15 12 16
f 17 14 12
f 18 15 19
f 20 17 15
f 21 18 22
f 23 20 18
f 24 21 25
f 26 23 21
f 27 24 28
f 29 26 24
f 30 27 31
f 32 29 27
f 33 34 35
f 36 37 34
f 38 39 40
f 41 40 42
f 43 38 41
f 44 41 45
f 46 43 44
f 47 44 48
f 49 50 3
f 51 52 6
f 53 51 54
f 55 49 56
f 57 53 58
f 59 55 60
f 61 57 62
f 63 59 64
f 65 66 67
f 68 69 70
f 71 65 72
f 73 68 74
f 75 71 76
f 77 73 78
f 79 80 35
f 81 82 48
f 83 48 45
f 84 85 86
f 87 88 31
f 89 31 28
f 90 28 25
f 91 25 22
f 92 22 19
f 93 19 16
f 94 13 10
f 95 4 52
f 96 52 51
f 97 10 4
f 98 53 57
f 99 51 53
f 100 94 101
f 102 66 65
f 103 65 71
f 104 71 75
f 105 102 106
f 66 61 107
f 69 63 108
f 109 105 110
f 111 110 106
f 112 106 113
f 114 113 115
f 116 115 117
f 118 119 120
f 121 122 123
f 124 123 125
f 126 120 122
f 127 118 126
f 128 126 121
f 129 121 124
f 130 124 131
f 132 127 128
f 133 134 135
f 136 128 129
f 137 129 130
f 138 130 139
f 140 132 136
f 134 141 142
f 143 136 137
f 144 137 138
f 145 138 135
f 86 146 147
f 148 149 150
f 151 152 149
f 153 154 155
f 156 157 158
f 159 160 161
f 162 158 163
f 164 161 157
f 165 163 166
f 167 101 168
f 169 170 171
f 172 168 173
f 174 175 170
f 176 171 177
f 178 173 175
f 111 179 177
f 166 101 167
f 119 118 180
f 118 127 181
f 127 132 182
f 132 140 183
f 184 185 186
f 187 188 185
f 189 190 191
f 192 193 190
f 194 191 188
f 195 180 196
f 197 198 199
f 200 199 201
f 202 203 198
f 204 201 205
f 206 205 207
f 193 192 208
f 209 192 189
f 192 209 210
f 211 187 184
f 212 184 196
f 213 197 200
f 214 200 204
f 215 202 197
f 216 204 206
f 217 194 187
f 218 219 202
f 220 206 208
f 221 189 194
f 180 181 222
f 181 182 223
f 182 183 224
f 225 209 221
f 226 221 217
f 227 217 211
f 228 223 224
f 229 212 228
f 230 227 231
f 212 222 223
f 232 225 226
f 233 228 234
f 235 226 227
f 236 229 233
f 237 233 238
f 239 240 241
f 242 241 243
f 244 243 245
f 246 215 213
f 247 214 216
f 248 213 214
f 249 220 210
f 250 218 215
f 251 216 220
f 252 249 253
f 254 251 249
f 255 247 251
f 225 253 210
f 225 232 256
f 257 258 259
f 239 260 261
f 262 240 259
f 263 257 264
f 265 266 267
f 268 269 270
f 271 272 273
f 274 271 275
f 276 277 275
f 278 275 277
f 279 280 270
f 281 282 283
f 283 284 279
f 280 285 286
f 269 281 287
f 288 289 290
f 284 276 273
f 291 292 293
f 294 295 296
f 297 298 299
f 292 300 301
f 302 303 304
f 298 305 306
f 300 307 308
f 309 302 299
f 305 310 311
f 307 312 313
f 314 309 306
f 315 316 317
f 318 315 319
f 320 321 291
f 322 323 324
f 325 322 326
f 292 291 321
f 300 292 327
f 307 300 328
f 312 307 329
f 330 312 331
f 315 330 332
f 318 333 325
f 296 334 326
f 335 326 324
f 336 337 338
f 339 340 341
f 342 272 271
f 274 343 344
f 343 345 346
f 347 318 334
f 348 349 350
f 310 351 352
f 353 314 311
f 333 354 355
f 354 333 319
f 329 356 357
f 321 358 359
f 360 322 325
f 327 359 361
f 320 362 358
f 331 357 363
f 364 323 322
f 365 319 332
f 328 361 356
f 366 353 352
f 367 368 369
f 370 371 372
f 330 317 313
f 316 315 318
f 323 320 339
f 291 373 340
f 323 364 362
f 374 375 371
f 376 377 378
f 379 366 380
f 357 381 382
f 383 360 355
f 384 365 363
f 354 385 386
f 358 387 388
f 359 388 389
f 385 354 365
f 390 362 364
f 361 389 391
f 362 390 387
f 356 391 381
f 392 364 360
f 393 390 392
f 394 392 383
f 395 393 394
f 396 394 397
f 393 388 387
f 383 386 385
f 385 384 398
f 398 384 382
f 396 398 381
f 395 396 391
f 393 395 389
f 375 399 400
f 371 400 401
f 402 369 403
f 404 405 380
f 406 407 408
f 407 409 410
f 411 412 413
f 412 414 415
f 414 416 417
f 418 419 420
f 421 418 422
f 423 424 425
f 426 423 427
f 428 429 430
f 431 432 433
f 434 407 406
f 409 407 434
f 411 409 435
f 414 412 436
f 416 414 437
f 438 439 440
f 441 442 429
f 443 433 444
f 374 370 445
f 446 447 448
f 449 450 451
f 452 453 454
f 455 456 457
f 458 459 460
f 461 462 463
f 464 465 466
f 467 461 468
f 469 464 470
f 471 467 472
f 473 469 474
f 475 471 476
f 477 473 478
f 479 480 463
f 468 463 480
f 472 468 481
f 476 472 482
f 483 476 484
f 485 460 450
f 465 464 448
f 486 448 464
f 469 473 487
f 376 487 473
f 488 428 445
f 489 443 490
f 491 441 428
f 370 492 493
f 494 495 493
f 488 493 495
f 491 488 496
f 497 498 499
f 489 499 498
f 500 497 496
f 501 496 495
f 502 503 504
f 494 505 506
f 507 508 498
f 409 411 509
f 424 421 510
f 412 411 511
f 490 444 442
f 512 451 453
f 470 466 462
f 474 470 461
f 478 474 467
f 513 478 471
f 499 490 441
f 508 514 515
f 516 498 497
f 514 508 507
f 480 517 518
f 481 518 519
f 479 520 517
f 514 521 522
f 431 443 489
f 484 523 524
f 482 519 523
f 525 426 526
f 523 527 528
f 529 416 530
f 517 531 532
f 533 432 431
f 521 534 535
f 519 536 527
f 521 514 537
f 518 532 536
f 538 431 515
f 520 539 531
f 416 529 540
f 527 541 542
f 532 543 544
f 536 544 541
f 534 521 545
f 539 546 547
f 548 533 538
f 549 529 550
f 529 549 551
f 531 547 543
f 552 535 534
f 553 538 522
f 554 525 555
f 556 553 535
f 557 554 558
f 541 559 560
f 543 561 562
f 544 562 559
f 563 534 564
f 546 565 566
f 567 548 553
f 568 549 569
f 549 568 570
f 547 566 561
f 563 571 572
f 573 572 571
f 574 556 552
f 575 557 576
f 559 577 578
f 561 579 580
f 562 580 577
f 571 563 581
f 565 582 583
f 584 567 556
f 585 568 586
f 568 585 587
f 588 589 590
f 566 583 579
f 591 585 592
f 585 591 593
f 594 595 589
f 583 596 597
f 598 599 600
f 601 574 572
f 595 594 602
f 603 575 604
f 577 605 606
f 607 602 608
f 579 597 609
f 580 609 605
f 598 571 610
f 582 611 596
f 612 584 574
f 605 613 614
f 608 615 616
f 597 617 618
f 609 618 613
f 599 598 615
f 611 619 620
f 621 612 601
f 622 591 623
f 591 622 624
f 625 616 615
f 596 620 617
f 626 600 599
f 627 601 573
f 610 581 628
f 629 603 630
f 631 627 600
f 581 564 632
f 633 629 634
f 613 635 636
f 564 545 637
f 617 638 639
f 618 639 635
f 640 599 608
f 619 641 642
f 643 621 627
f 644 622 645
f 622 644 646
f 545 537 647
f 620 642 638
f 626 640 648
f 649 650 651
f 652 631 626
f 537 507 653
f 654 633 655
f 635 656 657
f 507 516 658
f 638 659 660
f 639 660 656
f 648 640 602
f 641 661 662
f 663 643 631
f 664 644 665
f 644 664 666
f 667 658 516
f 642 662 659
f 656 668 669
f 500 501 670
f 659 671 672
f 660 672 668
f 649 648 594
f 661 673 674
f 675 663 652
f 676 664 677
f 664 676 678
f 501 506 679
f 662 674 671
f 680 681 650
f 682 652 651
f 683 679 506
f 684 654 685
f 686 676 687
f 676 686 688
f 674 689 690
f 691 682 650
f 692 684 693
f 668 694 695
f 671 690 696
f 672 696 694
f 680 649 588
f 673 697 689
f 698 675 682
f 699 698 691
f 700 701 681
f 702 590 703
f 704 686 705
f 686 704 706
f 707 688 706
f 708 691 681
f 709 692 710
f 694 711 712
f 690 713 714
f 696 714 711
f 680 702 715
f 697 716 717
f 717 713 690
f 716 718 706
f 699 708 704
f 719 245 720
f 721 722 504
f 723 724 725
f 399 726 727
f 728 440 420
f 727 729 401
f 730 731 732
f 733 734 735
f 736 737 738
f 739 736 740
f 741 739 742
f 743 741 744
f 745 743 746
f 747 745 748
f 749 750 751
f 752 749 753
f 754 752 755
f 756 754 757
f 758 756 759
f 760 758 761
f 762 735 763
f 764 765 766
f 765 767 768
f 767 769 770
f 769 771 772
f 773 774 775
f 776 777 774
f 771 777 778
f 777 776 779
f 780 781 774
f 777 771 775
f 776 782 783
f 784 785 786
f 778 779 787
f 788 789 781
f 758 760 790
f 756 758 791
f 754 756 792
f 768 770 793
f 794 795 734
f 260 239 242
f 737 736 753
f 736 739 755
f 739 741 757
f 741 743 759
f 743 745 761
f 745 747 796
f 740 797 798
f 748 799 800
f 746 801 799
f 744 802 801
f 742 798 802
f 797 803 804
f 799 805 806
f 798 804 807
f 802 807 808
f 801 808 805
f 803 809 810
f 805 811 812
f 804 810 813
f 807 813 814
f 808 814 811
f 809 815 816
f 811 817 818
f 810 816 819
f 813 819 820
f 814 820 817
f 815 821 822
f 817 823 824
f 816 822 825
f 819 825 826
f 820 826 823
f 821 827 828
f 823 829 830
f 822 828 831
f 825 831 832
f 826 832 829
f 833 834 835
f 836 837 838
f 839 835 840
f 841 840 842
f 843 842 837
f 844 845 846
f 847 846 848
f 849 850 851
f 852 853 854
f 855 851 845
f 856 854 857
f 858 859 860
f 859 861 862
f 863 864 865
f 866 858 867
f 868 869 870
f 861 263 871
f 872 873 266
f 864 863 873
f 870 874 875
f 876 877 763
f 740 738 878
f 803 797 878
f 809 803 879
f 815 809 880
f 821 815 881
f 827 821 882
f 883 884 885
f 886 160 159
f 153 887 888
f 889 890 891
f 889 203 202
f 892 893 888
f 885 884 892
f 894 167 193
f 156 162 201
f 111 112 120
f 159 164 198
f 169 176 186
f 114 116 123
f 178 174 188
f 165 894 207
f 112 114 122
f 164 156 199
f 176 179 195
f 174 169 185
f 167 172 190
f 119 195 179
f 162 165 205
f 172 178 191
f 116 895 125
f 896 763 897
f 877 898 897
f 770 772 899
f 900 899 772
f 779 783 901
f 731 730 902
f 903 904 905
f 906 907 908
f 909 905 904
f 909 910 906
f 911 912 913
f 775 914 785
f 771 769 914
f 776 781 789
f 915 916 788
f 917 915 780
f 773 784 918
f 919 913 920
f 921 922 907
f 921 923 911
f 924 925 734
f 926 927 928
f 929 792 930
f 792 791 931
f 791 790 932
f 933 934 750
f 935 936 738
f 937 933 928
f 935 938 896
f 934 938 751
f 939 878 738
f 940 941 853
f 942 943 941
f 944 945 867
f 946 848 947
f 948 857 850
f 949 897 950
f 951 952 953
f 954 879 878
f 955 956 957
f 958 959 960
f 961 962 959
f 963 964 965
f 966 963 882
f 967 966 881
f 968 967 880
f 969 827 965
f 870 970 971
f 972 973 974
f 869 975 970
f 976 977 978
f 979 980 975
f 874 971 977
f 981 982 983
f 984 951 985
f 986 987 951
f 988 989 990
f 991 983 987
f 992 985 993
f 953 855 844
f 994 852 856
f 952 849 855
f 995 948 849
f 996 946 997
f 998 856 948
f 999 1000 1001
f 1002 1003 267
f 1004 1005 1006
f 1007 1008 261
f 1007 260 1004
f 1009 1010 1011
f 874 976 1012
f 976 1013 962
f 1014 1015 1016
f 1006 1005 1017
f 1018 720 1015
f 1019 1007 1020
f 1019 1021 1008
f 962 1013 1022
f 1023 1024 863
f 1024 1025 873
f 1026 1020 1006
f 732 764 1027
f 959 1022 972
f 919 1028 922
f 906 910 923
f 733 762 934
f 949 1029 936
f 794 733 933
f 737 751 938
f 762 896 938
f 1030 939 936
f 1031 954 939
f 1032 968 879
f 1033 1034 980
f 1035 1036 982
f 1037 940 852
f 1024 1038 1039
f 1024 1023 1040
f 960 972 1041
f 1025 1039 1042
f 1043 1044 1045
f 1046 841 843
f 1001 1047 1048
f 1049 1050 1051
f 1052 1003 1053
f 1054 231 229
f 1044 1055 1056
f 1022 1057 973
f 1003 1002 1042
f 1058 839 841
f 1059 847 946
f 1025 1002 266
f 1060 1061 1000
f 1062 836 1063
f 969 833 839
f 1064 1065 989
f 834 833 1066
f 1067 843 836
f 1052 999 1068
f 1069 1070 1053
f 211 212 229
f 372 401 504
f 1071 504 401
f 502 722 1072
f 722 721 1073
f 903 908 731
f 908 907 732
f 764 732 907
f 922 1028 765
f 767 765 1028
f 766 768 1074
f 1027 766 1075
f 1076 1077 1078
f 1077 1079 730
f 902 730 1079
f 1080 1081 1082
f 1083 1084 904
f 1085 904 903
f 1086 903 1087
f 1088 1087 902
f 343 1089 290
f 1090 926 1091
f 750 749 1091
f 749 752 1092
f 913 912 786
f 920 913 785
f 769 767 920
f 1090 1092 929
f 752 754 929
f 1034 1033 1093
f 1094 1095 1036
f 982 994 998
f 1055 1044 1096
f 1097 1096 1098
f 833 969 1099
f 1068 1048 1010
f 831 1046 1067
f 999 1052 1100
f 1013 978 1057
f 828 1058 1046
f 1101 844 847
f 829 1062 1102
f 827 969 1058
f 1103 993 1065
f 832 1067 1062
f 1003 1052 1009
f 1043 1060 1100
f 1104 1100 1053
f 1105 1106 1107
f 1108 1109 1110
f 1111 1112 1109
f 1113 1114 1112
f 1115 1116 1114
f 1117 56 3
f 1118 1119 78
f 1120 1121 1122
f 1123 78 74
f 1124 1125 1126
f 1127 74 70
f 1128 1129 1130
f 1120 108 64
f 1131 1132 1129
f 1133 64 60
f 1134 60 56
f 1135 1136 1137
f 1138 1139 1140
f 1141 1142 1143
f 1105 2 1116
f 1144 1145 1142
f 1146 1110 1145
f 1147 1148 1149
f 1150 1151 1152
f 1153 1154 1155
f 1156 1106 1157
f 1158 1159 1160
f 1161 1149 1162
f 1163 1155 1164
f 1165 1157 1166
f 1121 1167 1168
f 1167 1121 1159
f 1169 1170 1171
f 1172 1164 1173
f 1174 1166 1175
f 1176 1177 1122
f 1178 1179 1180
f 1181 1175 1182
f 1183 1184 1177
f 1185 1186 1107
f 1187 1182 1154
f 1106 1156 1188
f 1189 1190 1184
f 1191 1160 1186
f 1192 1191 1185
f 1193 1147 1161
f 1194 1150 1195
f 1196 1153 1163
f 1197 1156 1165
f 1198 1158 1191
f 1199 1161 1200
f 1201 1163 1172
f 1202 1165 1174
f 1167 1203 1204
f 1203 1167 1158
f 1205 1169 1206
f 1207 1172 1208
f 1209 1174 1181
f 1210 1176 1168
f 1211 1178 1212
f 1213 1181 1187
f 1214 1183 1176
f 1215 1185 1188
f 1216 1187 1153
f 1156 1197 1217
f 1218 1189 1183
f 1219 1214 1210
f 1220 1215 1217
f 1221 1216 1196
f 1197 1222 1223
f 1224 1218 1214
f 1225 1192 1215
f 1226 1193 1199
f 1227 1194 1228
f 1229 1196 1201
f 1222 1197 1202
f 1230 1198 1192
f 1231 1199 1232
f 1233 1201 1207
f 1234 1202 1209
f 1203 1235 1236
f 1235 1203 1198
f 1237 1205 1238
f 1239 1207 1240
f 1241 1209 1213
f 1242 1210 1204
f 1243 1211 1244
f 1245 1213 1216
f 1246 1222 1234
f 1247 1230 1225
f 1248 1231 1249
f 1250 1233 1239
f 1251 1234 1241
f 1235 1252 1253
f 1252 1235 1230
f 1254 1237 1255
f 1256 1239 1257
f 1258 1241 1245
f 1259 1242 1236
f 1260 1243 1261
f 1262 1245 1221
f 1263 1219 1242
f 1264 1220 1223
f 1265 1221 1229
f 1222 1246 1266
f 1267 1224 1219
f 1268 1225 1220
f 1269 1226 1231
f 1270 1227 1271
f 1272 1229 1233
f 1246 1273 1274
f 1275 1267 1263
f 1276 1268 1264
f 1277 1269 1248
f 1278 1270 1279
f 1280 1272 1250
f 1273 1246 1251
f 1281 1247 1268
f 1282 1248 1283
f 1284 1250 1256
f 1285 1251 1258
f 1252 1286 1287
f 1286 1252 1247
f 1288 1254 1289
f 1290 1256 1291
f 1292 1258 1262
f 1293 1259 1253
f 1294 1260 1295
f 1296 1262 1265
f 1297 1263 1259
f 1298 1264 1266
f 1299 1265 1272
f 1300 1296 1299
f 1299 1280 1301
f 1280 1284 1302
f 1290 1303 1304
f 1305 1275 1297
f 1294 1306 1307
f 1278 1308 1309
f 1277 1282 1310
f 1311 1273 1285
f 1282 1312 1313
f 1298 1314 1315
f 1302 1284 1290
f 1297 1293 1316
f 1286 1317 1318
f 1293 1287 1318
f 1319 1288 1320
f 1286 1281 1321
f 1281 1276 1315
f 1298 1274 1322
f 1311 1322 1274
f 1285 1292 1323
f 1292 1296 1300
f 1306 1278 1324
f 1270 1278 1306
f 1227 1270 1295
f 1261 1244 1194
f 1300 1325 1326
f 1317 1327 1328
f 1321 1329 1327
f 1319 1330 1331
f 1310 1332 1333
f 1314 1334 1335
f 1304 1336 1337
f 1338 1339 1340
f 1315 1335 1329
f 1341 1342 1336
f 1343 1344 1325
f 1323 1326 1339
f 1322 1345 1334
f 1316 1346 1347
f 1309 1348 1349
f 1301 1350 1344
f 1351 1347 1352
f 1318 1328 1346
f 1313 1331 1332
f 1302 1353 1350
f 1311 1340 1345
f 1324 1349 1354
f 1355 1337 1353
f 1342 1356 1357
f 1344 1358 1359
f 1334 1360 1361
f 1347 1362 1363
f 1346 1364 1362
f 1348 1365 1366
f 1350 1367 1358
f 1340 1368 1369
f 1328 1370 1364
f 1331 1371 1372
f 1353 1373 1367
f 1327 1374 1370
f 1329 1375 1374
f 1349 1366 1376
f 1337 1377 1373
f 1326 1378 1379
f 1335 1361 1375
f 1330 1380 1371
f 1332 1372 1381
f 1336 1357 1377
f 1339 1379 1368
f 1325 1359 1378
f 1345 1369 1360
f 1364 1382 1383
f 1365 1384 1385
f 1367 1386 1387
f 1368 1388 1389
f 1370 1390 1382
f 1371 1391 1392
f 1373 1393 1386
f 1374 1394 1390
f 1375 1395 1394
f 1366 1385 1396
f 1377 1397 1393
f 1378 1398 1399
f 1361 1400 1395
f 1380 1401 1391
f 1372 1392 1402
f 1357 1403 1397
f 1379 1399 1388
f 1359 1404 1398
f 1369 1389 1405
f 1356 1406 1403
f 1358 1387 1404
f 1360 1405 1400
f 1362 1383 1407
f 1408 1409 1410
f 1411 1412 1413
f 1414 1415 1416
f 1417 1418 1419
f 1420 1421 1422
f 1418 1417 1423
f 1421 1420 1424
f 1425 1410 1426
f 1427 1428 1429
f 1430 1419 1431
f 1432 1433 1434
f 1435 1436 1437
f 1415 1414 1428
f 1438 1424 1439
f 1440 1437 1441
f 1442 1443 1444
f 1445 1446 1436
f 1412 1411 1409
f 1433 1432 1447
f 1443 1442 1448
f 1446 1445 1449
f 1450 1441 1451
f 1452 1453 1454
f 1455 1413 1456
f 1457 1416 1453
f 1458 1426 1459
f 1460 1451 1461
f 1433 1388 1399
f 1403 1455 1448
f 1424 1392 1391
f 1400 1414 1457
f 1434 1399 1398
f 1401 1446 1439
f 1442 1393 1397
f 1420 1402 1392
f 1395 1457 1452
f 1394 1452 1461
f 1411 1406 1396
f 1393 1442 1431
f 1409 1396 1385
f 1451 1382 1390
f 1388 1433 1429
f 1402 1420 1459
f 1419 1387 1386
f 1410 1385 1384
f 1441 1383 1382
f 1462 1463 1464
f 1465 950 897
f 1466 1467 1029
f 1468 1462 885
f 1469 888 890
f 888 887 891
f 1470 891 887
f 1471 35 1472
f 1473 1472 35
f 1474 1473 34
f 1135 1151 1180
f 1151 1150 1212
f 1150 1194 1244
f 1475 1476 1477
f 1476 1478 1479
f 1478 1480 1481
f 1480 1482 1483
f 1482 1484 1485
f 1486 1487 1488
f 1487 1489 1490
f 1489 1491 1492
f 1491 1493 1494
f 1495 1477 1496
f 1477 1479 1497
f 1479 1481 1498
f 1481 1483 1499
f 1483 1485 1500
f 1501 1488 1502
f 1488 1490 1503
f 1490 1492 1504
f 1492 1494 1505
f 1506 1507 1508
f 1507 1509 1510
f 1509 1511 1512
f 1511 1513 1514
f 1515 1516 1517
f 1516 1518 1519
f 1518 1520 1521
f 1520 1522 1523
f 1524 1525 1526
f 1527 1508 1528
f 1508 1510 1529
f 1510 1512 1530
f 1512 1514 1531
f 1532 1517 1533
f 1517 1519 1534
f 1519 1535 1536
f 1521 1523 1537
f 1538 1539 1540
f 1541 1528 1542
f 1528 1529 1543
f 1529 1530 1544
f 1530 1531 1545
f 1546 1533 1547
f 1533 1534 1548
f 1549 1550 1551
f 1552 1540 1553
f 1554 1542 1555
f 1542 1543 1556
f 1543 1544 1557
f 1544 1545 1558
f 1559 1547 1560
f 1547 1548 1561
f 1548 1562 1563
f 1527 1541 1525
f 1564 1555 1565
f 1555 1556 1566
f 1556 1557 1567
f 1557 1558 1568
f 1569 1560 1570
f 1560 1561 1571
f 1561 1563 1572
f 1573 1574 1575
f 1576 1565 1577
f 1565 1566 1578
f 1566 1567 1579
f 1567 1568 1580
f 1581 1570 1582
f 1570 1571 1583
f 1571 1572 1584
f 1585 1575 1586
f 1587 1588 1574
f 1538 1552 1588
f 1589 932 790
f 1590 1591 1476
f 1591 1592 1478
f 1592 1593 1480
f 1593 1594 1482
f 1594 1595 1484
f 1596 1597 1487
f 1597 1598 1489
f 1598 1599 1491
f 1599 1600 1493
f 1552 1526 1601
f 1575 1602 1603
f 1604 1527 1524
f 1574 1605 1602
f 1588 1601 1605
f 1606 1524 1553
f 1607 1506 1527
f 1608 789 788
f 1609 782 789
f 1610 788 916
f 1611 1475 1495
f 1612 760 796
f 1613 812 818
f 1614 1102 1063
f 1615 806 812
f 1616 1063 838
f 1102 1614 1617
f 1618 800 806
f 1619 747 1620
f 1621 824 830
f 1622 1620 800
f 1623 818 824
f 1624 1622 1618
f 1625 1621 1617
f 1626 1619 1622
f 1627 1623 1621
f 1628 1613 1623
f 1629 1615 1613
f 1630 1614 1616
f 1631 1618 1615
f 1614 1630 1632
f 1633 1616 1634
f 1635 1633 1636
f 1637 1628 1627
f 1638 1627 1625
f 1639 1625 1632
f 1640 1626 1624
f 1630 1641 1642
f 1643 1624 1631
f 1641 1630 1633
f 1644 1631 1629
f 1645 1629 1628
f 1646 1589 1647
f 1648 1608 1610
f 1649 1609 1608
f 1650 1610 1651
f 760 1612 1647
f 1611 1612 1652
f 1653 1646 1654
f 1619 1626 1655
f 1475 1611 1655
f 1604 1650 1656
f 1612 1611 1654
f 1657 1649 1648
f 1606 1648 1650
f 1626 1640 1590
f 1619 1652 796
f 783 1658 1659
f 1658 1660 1661
f 1660 1662 1663
f 1662 1540 1539
f 1601 1664 1665
f 1605 1665 1666
f 1602 1666 1667
f 1526 1525 1664
f 1609 1658 783
f 1660 1658 1609
f 1649 1657 1662
f 1657 1553 1540
f 1525 1541 1554
f 1666 1576 1668
f 1665 1564 1576
f 1664 1554 1564
f 1669 1635 1670
f 1671 1643 1644
f 1641 1672 1673
f 1674 1644 1645
f 1672 1641 1635
f 1675 1645 1637
f 1676 1637 1638
f 1677 1638 1639
f 1678 1639 1642
f 1679 1640 1643
f 1680 1676 1677
f 1681 1677 1678
f 1682 1678 1673
f 1683 1679 1671
f 1684 1669 1685
f 1686 1671 1674
f 1672 1687 1688
f 1689 1674 1675
f 1687 1672 1669
f 1690 1675 1676
f 1691 1692 1693
f 1694 1695 1696
f 1692 1697 1698
f 1699 1700 1701
f 1700 1694 1702
f 1703 1704 1692
f 1705 1706 1695
f 1704 1707 1697
f 1708 1709 1700
f 1709 1705 1694
f 1710 1711 1704
f 1712 1713 1706
f 1711 1714 1707
f 1715 1716 1709
f 1716 1712 1705
f 1717 1718 1711
f 1719 1720 1713
f 1718 1721 1714
f 1722 1723 1716
f 1723 1719 1712
f 1724 1725 1718
f 1726 1727 1720
f 1725 1728 1721
f 1729 1730 1723
f 1730 1726 1719
f 1731 1732 1725
f 1733 1734 1727
f 1732 1735 1728
f 1736 1737 1730
f 1737 1733 1726
f 1738 1680 1681
f 1691 1681 1682
f 1703 1682 1688
f 1687 1717 1710
f 1717 1687 1684
f 1724 1684 1739
f 1592 1591 1679
f 1591 1590 1640
f 1740 1683 1686
f 1741 1686 1689
f 1742 1689 1690
f 1743 1744 1745
f 1746 1740 1741
f 1747 1748 1749
f 1750 1741 1742
f 1748 1751 1752
f 1753 1742 1754
f 1755 1756 1744
f 1757 1758 1759
f 1760 1757 1761
f 1762 1746 1750
f 1757 1749 1763
f 1764 1750 1753
f 1749 1752 1765
f 1766 1753 1767
f 1768 1767 1769
f 1770 1769 1771
f 1772 1761 1773
f 1761 1759 1774
f 1775 1762 1764
f 1776 1764 1766
f 1777 1766 1768
f 1778 1768 1770
f 1779 1770 1780
f 1781 1782 1743
f 1783 1773 1784
f 1773 1774 1785
f 1786 1787 1788
f 1789 1562 1536
f 1790 1788 1791
f 1785 1774 1792
f 1793 1791 1794
f 1795 1794 1782
f 1796 1781 1797
f 1798 1784 1799
f 1784 1785 1800
f 1801 1786 1790
f 1785 1551 1550
f 1802 1790 1793
f 1521 1549 1535
f 1803 1793 1795
f 1804 1795 1781
f 1805 1804 1796
f 1806 1796 1807
f 1808 1799 1809
f 1799 1800 1810
f 1811 1801 1802
f 1800 1550 1812
f 1813 1802 1803
f 1550 1549 1537
f 1814 1803 1804
f 1563 1815 1816
f 1536 1535 1551
f 1536 1562 1548
f 1789 1815 1563
f 1780 1817 1756
f 1787 1775 1776
f 1788 1776 1777
f 1759 1789 1792
f 1791 1777 1778
f 1794 1778 1779
f 1782 1779 1755
f 1545 1559 1569
f 1514 1532 1546
f 1484 1486 1501
f 1595 1596 1486
f 1531 1546 1559
f 1485 1501 1818
f 1513 1515 1532
f 1568 1581 1819
f 1558 1569 1581
f 1758 1815 1789
f 1593 1592 1683
f 1594 1593 1740
f 1746 1762 1595
f 1596 1595 1762
f 1775 1787 1597
f 1787 1786 1598
f 1599 1598 1786
f 1801 1811 1600
f 1815 1758 1763
f 1797 1745 1820
f 1807 1820 1821
f 1822 1747 1757
f 1816 1763 1765
f 1816 1823 1584
f 1824 1817 1780
f 1809 1810 1825
f 1826 1811 1813
f 1493 1827 1828
f 1810 1812 1829
f 1830 1831 1832
f 1833 1813 1814
f 1494 1828 1834
f 1835 1814 1805
f 1827 1493 1600
f 1836 1805 1806
f 1837 1806 1832
f 1838 1600 1811
f 1522 1839 1840
f 1841 1809 1842
f 1523 1840 1843
f 1812 1537 1843
f 1842 1825 1844
f 1845 1826 1833
f 1828 1846 1847
f 1825 1829 1848
f 1849 1833 1835
f 1829 1843 1850
f 1851 1835 1836
f 1852 1838 1826
f 1853 1836 1837
f 1839 1854 1855
f 1856 1857 1831
f 1858 1837 1831
f 1840 1855 1850
f 1859 1842 1860
f 1861 1827 1838
f 1827 1861 1846
f 1844 1848 1862
f 1863 1849 1851
f 1848 1850 1864
f 1865 1851 1853
f 1866 1852 1845
f 1867 1853 1858
f 1854 1868 1869
f 1870 1871 1857
f 1872 1858 1857
f 1855 1869 1864
f 1873 1860 1874
f 1875 1861 1852
f 1861 1875 1876
f 1860 1844 1877
f 1878 1845 1849
f 1846 1876 1879
f 1862 1864 1880
f 1881 1865 1867
f 1882 1866 1878
f 1883 1867 1872
f 1868 1884 1885
f 1886 1887 1871
f 1888 1872 1871
f 1869 1885 1880
f 1889 1874 1890
f 1891 1875 1866
f 1875 1891 1892
f 1874 1877 1893
f 1894 1878 1863
f 1876 1892 1895
f 1877 1862 1896
f 1897 1863 1865
f 1898 1899 1900
f 1901 1902 1903
f 1899 1904 1905
f 1906 1907 1903
f 1904 1908 1909
f 1906 1910 1911
f 1908 1912 1913
f 1914 1915 1916
f 1910 1917 1918
f 1912 1919 1920
f 1915 1921 1922
f 1923 1914 1924
f 1919 1925 1926
f 1921 1898 1927
f 1917 1923 1928
f 1925 1901 1929
f 1901 1910 1906
f 1925 1917 1910
f 1919 1923 1917
f 1912 1914 1923
f 1914 1912 1908
f 1915 1908 1904
f 1921 1904 1899
f 1927 1900 1930
f 1929 1903 1931
f 1900 1905 1932
f 1907 1933 1931
f 1905 1909 1934
f 1907 1911 1935
f 1909 1913 1936
f 1924 1916 1937
f 1911 1918 1938
f 1913 1920 1939
f 1916 1922 1940
f 1928 1924 1941
f 1920 1926 1942
f 1922 1927 1943
f 1918 1928 1944
f 1926 1929 1945
f 1933 1946 1947
f 1932 1934 1948
f 1933 1935 1949
f 1934 1936 1950
f 1941 1937 1951
f 1935 1938 1952
f 1936 1939 1953
f 1937 1940 1954
f 1944 1941 1955
f 1939 1942 1956
f 1940 1943 1957
f 1938 1944 1958
f 1942 1945 1959
f 1943 1930 1960
f 1945 1931 1947
f 1930 1932 1961
f 1962 1963 1964
f 1965 1966 1967
f 1968 1969 1964
f 1966 1970 1971
f 1968 1972 1973
f 1970 1974 1975
f 1976 1977 1978
f 1972 1979 1980
f 1974 1981 1982
f 1977 1983 1984
f 1985 1976 1986
f 1981 1987 1988
f 1983 1989 1990
f 1979 1985 1991
f 1987 1962 1992
f 1989 1965 1993
f 1969 1994 1995
f 1967 1971 1996
f 1969 1973 1997
f 1971 1975 1998
f 1986 1978 1999
f 1973 1980 2000
f 1975 1982 2001
f 1978 1984 2002
f 1991 1986 2003
f 1982 1988 2004
f 1984 1990 2005
f 1980 1991 2006
f 1988 1992 2007
f 1990 1993 2008
f 1992 1964 1995
f 1993 1967 2009
f 2007 1995 2010
f 2008 2009 2011
f 1994 2012 2010
f 2009 1996 2013
f 1994 1997 2014
f 1996 1998 2015
f 2003 1999 2016
f 1997 2000 2017
f 1998 2001 2018
f 1999 2002 2019
f 2006 2003 2020
f 2001 2004 2021
f 2002 2005 2022
f 2000 2006 2023
f 2004 2007 2024
f 2005 2008 2025
f 1959 1947 1963
f 1960 1961 1966
f 1946 1968 1963
f 1961 1948 1970
f 1946 1949 1972
f 1948 1950 1974
f 1955 1951 1977
f 1949 1952 1979
f 1950 1953 1981
f 1951 1954 1983
f 1958 1955 1976
f 1953 1956 1987
f 1954 1957 1989
f 1952 1958 1985
f 1956 1959 1962
f 1957 1960 1965
f 2010 2012 1577
f 2024 2010 1578
f 2012 2014 1668
f 1667 1668 2014
f 1603 1667 2017
f 2026 2023 2020
f 2027 2020 2016
f 2028 2016 2019
f 2029 2026 2027
f 2030 2027 2028
f 2031 2028 2032
f 2033 1586 2026
f 1586 1603 2023
f 1579 1580 2021
f 1819 1582 2034
f 2035 2036 2037
f 2038 2039 2040
f 2041 2042 2043
f 2044 2045 2046
f 2047 2048 2049
f 2050 2051 2052
f 2053 2054 2055
f 2056 2057 2058
f 2059 2060 2061
f 2062 2063 2064
f 2065 2066 2043
f 2067 2068 2069
f 2070 2071 2072
f 2073 2074 2075
f 2076 2077 2058
f 2078 2079 2052
f 2080 2081 2040
f 2063 2082 2083
f 2071 2084 2085
f 2086 2087 2072
f 2088 2089 2037
f 2090 2091 2040
f 2092 2093 2094
f 2095 2096 2097
f 2098 2099 2100
f 2101 2102 2103
f 2104 2094 2096
f 2105 2106 2107
f 2108 2109 2107
f 2110 2111 2112
f 2113 2114 2109
f 2115 2116 2117
f 2118 2119 2120
f 2121 2122 2123
f 2124 2117 2122
f 2117 2125 2126
f 2122 2126 2127
f 2128 2037 2042
f 2129 2049 2045
f 2130 2055 2060
f 2131 2132 2133
f 2089 2065 2042
f 2134 2135 2136
f 2137 2138 2139
f 2119 2140 2141
f 2116 2142 2125
f 2114 2098 2143
f 2111 2144 2145
f 2109 2143 2146
f 2106 2147 2148
f 2149 2150 2151
f 2100 2152 2153
f 2093 2115 2124
f 2099 2154 2152
f 2094 2124 2121
f 2155 2110 2156
f 2096 2121 2157
f 2102 2105 2146
f 2158 2092 2104
f 2159 2095 2160
f 2161 2162 2163
f 2164 2165 2166
f 2167 2072 2087
f 2168 2091 2074
f 2169 2068 2087
f 2170 2171 2172
f 2173 2075 2074
f 2171 2164 2174
f 2175 2139 2176
f 2177 2178 2179
f 2180 2181 2182
f 2183 2184 2185
f 2186 2187 2188
f 2189 2190 2191
f 2192 2193 2194
f 2195 2196 2197
f 2057 2183 2198
f 2199 2200 2178
f 2201 2202 2200
f 2172 2174 2065
f 2203 2198 2185
f 2204 2197 2132
f 2193 2205 2206
f 2207 2101 2153
f 2208 2172 2089
f 2209 2104 2095
f 2178 2041 2210
f 2211 2212 2163
f 2054 2201 2199
f 2060 2177 2213
f 2214 2058 2198
f 2215 2189 2188
f 2216 2188 2191
f 2184 2038 2081
f 2194 2206 2082
f 2217 2194 2063
f 2055 2199 2177
f 2218 2040 2091
f 2219 2087 2068
f 2174 2166 2066
f 2220 2136 2196
f 2069 2221 2205
f 2222 2074 2091
f 2221 2069 2068
f 2223 2176 2135
f 2224 2069 2193
f 2202 2035 2128
f 2200 2128 2041
f 2225 2185 2081
f 2226 2053 2130
f 2227 2056 2077
f 2228 2059 2229
f 2230 2231 2077
f 2232 2130 2059
f 2064 2083 2233
f 2234 2133 2235
f 2236 2064 2237
f 2237 2233 2190
f 2238 2235 2212
f 2239 2237 2189
f 2240 2226 2232
f 2241 2227 2231
f 2242 2228 2243
f 2244 2245 2231
f 2246 2232 2228
f 2181 2155 2247
f 2140 2149 2248
f 2143 2100 2103
f 2132 2249 2250
f 2135 2251 2252
f 2138 2253 2254
f 2141 2248 2255
f 2256 2120 2257
f 2120 2141 2258
f 2248 2151 2259
f 2139 2254 2260
f 2261 2163 2262
f 2196 2263 2264
f 2212 2265 2262
f 2197 2264 2249
f 2176 2260 2251
f 2136 2252 2263
f 2133 2250 2266
f 2235 2266 2265
f 2267 2223 2134
f 2268 2137 2175
f 2269 2175 2223
f 2270 2211 2162
f 2271 2272 2140
f 2273 2220 2195
f 2274 2234 2238
f 2275 2276 2150
f 2277 2131 2234
f 2278 2134 2220
f 2279 2204 2131
f 2272 2275 2149
f 2280 2271 2119
f 2281 2238 2211
f 2282 2283 2162
f 2284 2195 2204
f 2285 2118 2256
f 2125 2286 2287
f 2288 2289 2290
f 2142 2291 2286
f 2292 2108 2148
f 2144 2293 2294
f 2280 2295 2293
f 2147 2296 2297
f 2298 2113 2108
f 2126 2287 2299
f 2295 2300 2301
f 2298 2292 2301
f 2292 2297 2302
f 2301 2302 2294
f 2303 2287 2286
f 2303 2302 2297
f 2241 2158 2209
f 2242 2159 2304
f 2150 2161 2261
f 2244 2180 2305
f 2154 2186 2216
f 2240 2207 2306
f 2307 2209 2159
f 2152 2216 2306
f 2151 2261 2308
f 2276 2282 2161
f 2309 2310 2311
f 2312 2313 2314
f 2315 2316 2317
f 2318 2319 2320
f 2321 2322 2323
f 2324 2325 2326
f 2327 2328 2329
f 2330 2331 2332
f 2333 2334 2335
f 2336 2337 2338
f 2339 2340 2317
f 2341 2342 2343
f 2344 2345 2346
f 2347 2348 2349
f 2350 2351 2332
f 2352 2353 2326
f 2354 2355 2314
f 2337 2356 2357
f 2345 2358 2359
f 2360 2361 2346
f 2362 2363 2311
f 2364 2365 2314
f 2366 2367 2368
f 2369 2370 2371
f 2372 2373 2374
f 2375 2376 2377
f 2378 2368 2370
f 2379 2380 2381
f 2382 2383 2381
f 2384 2385 2386
f 2387 2388 2383
f 2389 2390 2391
f 2392 2393 2394
f 2395 2396 2397
f 2398 2391 2396
f 2391 2399 2400
f 2396 2400 2401
f 2402 2311 2316
f 2403 2323 2319
f 2404 2329 2334
f 2405 2406 2407
f 2363 2339 2316
f 2408 2409 2410
f 2411 2412 2413
f 2393 2414 2415
f 2390 2416 2399
f 2388 2372 2417
f 2385 2418 2419
f 2383 2417 2420
f 2380 2421 2422
f 2423 2424 2425
f 2374 2426 2427
f 2367 2389 2398
f 2373 2428 2426
f 2368 2398 2395
f 2429 2384 2430
f 2370 2395 2431
f 2376 2379 2420
f 2432 2366 2378
f 2433 2369 2434
f 2435 2436 2437
f 2438 2439 2440
f 2441 2346 2361
f 2442 2365 2348
f 2443 2342 2361
f 2444 2445 2446
f 2447 2349 2348
f 2445 2438 2448
f 2449 2413 2450
f 2451 2452 2453
f 2454 2455 2456
f 2457 2458 2459
f 2460 2461 2462
f 2463 2464 2465
f 2466 2467 2468
f 2469 2470 2471
f 2331 2457 2472
f 2473 2474 2452
f 2475 2476 2474
f 2446 2448 2339
f 2477 2472 2459
f 2478 2471 2406
f 2467 2479 2480
f 2481 2375 2427
f 2482 2446 2363
f 2483 2378 2369
f 2452 2315 2484
f 2485 2486 2437
f 2328 2475 2473
f 2334 2451 2487
f 2488 2332 2472
f 2489 2463 2462
f 2490 2462 2465
f 2458 2312 2355
f 2468 2480 2356
f 2491 2468 2337
f 2329 2473 2451
f 2492 2314 2365
f 2493 2361 2342
f 2448 2440 2340
f 2494 2410 2470
f 2343 2495 2479
f 2496 2348 2365
f 2495 2343 2342
f 2497 2450 2409
f 2498 2343 2467
f 2476 2309 2402
f 2474 2402 2315
f 2499 2459 2355
f 2500 2327 2404
f 2501 2330 2351
f 2502 2333 2503
f 2504 2505 2351
f 2506 2404 2333
f 2338 2357 2507
f 2508 2407 2509
f 2510 2338 2511
f 2511 2507 2464
f 2512 2509 2486
f 2513 2511 2463
f 2514 2500 2506
f 2515 2501 2505
f 2516 2502 2517
f 2518 2519 2505
f 2520 2506 2502
f 2455 2429 2521
f 2414 2423 2522
f 2417 2374 2377
f 2406 2523 2524
f 2409 2525 2526
f 2412 2527 2528
f 2415 2522 2529
f 2530 2394 2531
f 2394 2415 2532
f 2522 2425 2533
f 2413 2528 2534
f 2535 2437 2536
f 2470 2537 2538
f 2486 2539 2536
f 2471 2538 2523
f 2450 2534 2525
f 2410 2526 2537
f 2407 2524 2540
f 2509 2540 2539
f 2541 2497 2408
f 2542 2411 2449
f 2543 2449 2497
f 2544 2485 2436
f 2545 2546 2414
f 2547 2494 2469
f 2548 2508 2512
f 2549 2550 2424
f 2551 2405 2508
f 2552 2408 2494
f 2553 2478 2405
f 2546 2549 2423
f 2554 2545 2393
f 2555 2512 2485
f 2556 2557 2436
f 2558 2469 2478
f 2559 2392 2530
f 2399 2560 2561
f 2562 2563 2564
f 2416 2565 2560
f 2566 2382 2422
f 2418 2567 2568
f 2554 2569 2567
f 2421 2570 2571
f 2572 2387 2382
f 2400 2561 2573
f 2569 2574 2575
f 2572 2566 2575
f 2566 2571 2576
f 2575 2576 2568
f 2577 2561 2560
f 2577 2576 2571
f 2515 2432 2483
f 2516 2433 2578
f 2424 2435 2535
f 2518 2454 2579
f 2428 2460 2490
f 2514 2481 2580
f 2581 2483 2433
f 2426 2490 2580
f 2425 2535 2582
f 2550 2556 2435
f 2583 2584 2585
f 2586 2587 2588
f 2589 2590 2591
f 2592 2593 2594
f 2595 2596 2597
f 2598 2599 2600
f 2601 2602 2603
f 2604 2605 2606
f 2607 2608 2609
f 2610 2611 2612
f 2613 2614 2591
f 2615 2616 2617
f 2618 2619 2620
f 2621 2622 2623
f 2624 2625 2606
f 2626 2627 2600
f 2628 2629 2588
f 2611 2630 2631
f 2619 2632 2633
f 2634 2635 2620
f 2636 2637 2585
f 2638 2639 2588
f 2640 2641 2642
f 2643 2644 2645
f 2646 2647 2648
f 2649 2650 2651
f 2652 2642 2644
f 2653 2654 2655
f 2656 2657 2655
f 2658 2659 2660
f 2661 2662 2657
f 2663 2664 2665
f 2666 2667 2668
f 2669 2670 2671
f 2672 2665 2670
f 2665 2673 2674
f 2670 2674 2675
f 2676 2585 2590
f 2677 2597 2593
f 2678 2603 2608
f 2679 2680 2681
f 2637 2613 2590
f 2682 2683 2684
f 2685 2686 2687
f 2667 2688 2689
f 2664 2690 2673
f 2662 2646 2691
f 2659 2692 2693
f 2657 2691 2694
f 2654 2695 2696
f 2697 2698 2699
f 2648 2700 2701
f 2641 2663 2672
f 2647 2702 2700
f 2642 2672 2669
f 2703 2658 2704
f 2644 2669 2705
f 2650 2653 2694
f 2706 2640 2652
f 2707 2643 2708
f 2709 2710 2711
f 2712 2713 2714
f 2715 2620 2635
f 2716 2639 2622
f 2717 2616 2635
f 2718 2719 2720
f 2721 2623 2622
f 2719 2712 2722
f 2723 2687 2724
f 2725 2726 2727
f 2728 2729 2730
f 2731 2732 2733
f 2734 2735 2736
f 2737 2738 2739
f 2740 2741 2742
f 2743 2744 2745
f 2605 2731 2746
f 2747 2748 2726
f 2749 2750 2748
f 2720 2722 2613
f 2751 2746 2733
f 2752 2745 2680
f 2741 2753 2754
f 2755 2649 2701
f 2756 2720 2637
f 2757 2652 2643
f 2726 2589 2758
f 2759 2760 2711
f 2602 2749 2747
f 2608 2725 2761
f 2762 2606 2746
f 2763 2737 2736
f 2764 2736 2739
f 2732 2586 2629
f 2742 2754 2630
f 2765 2742 2611
f 2603 2747 2725
f 2766 2588 2639
f 2767 2635 2616
f 2722 2714 2614
f 2768 2684 2744
f 2617 2769 2753
f 2770 2622 2639
f 2769 2617 2616
f 2771 2724 2683
f 2772 2617 2741
f 2750 2583 2676
f 2748 2676 2589
f 2773 2733 2629
f 2774 2601 2678
f 2775 2604 2625
f 2776 2607 2777
f 2778 2779 2625
f 2780 2678 2607
f 2612 2631 2781
f 2782 2681 2783
f 2784 2612 2785
f 2785 2781 2738
f 2786 2783 2760
f 2787 2785 2737
f 2788 2774 2780
f 2789 2775 2779
f 2790 2776 2791
f 2792 2793 2779
f 2794 2780 2776
f 2729 2703 2795
f 2688 2697 2796
f 2691 2648 2651
f 2680 2797 2798
f 2683 2799 2800
f 2686 2801 2802
f 2689 2796 2803
f 2804 2668 2805
f 2668 2689 2806
f 2796 2699 2807
f 2687 2802 2808
f 2809 2711 2810
f 2744 2811 2812
f 2760 2813 2810
f 2745 2812 2797
f 2724 2808 2799
f 2684 2800 2811
f 2681 2798 2814
f 2783 2814 2813
f 2815 2771 2682
f 2816 2685 2723
f 2817 2723 2771
f 2818 2759 2710
f 2819 2820 2688
f 2821 2768 2743
f 2822 2782 2786
f 2823 2824 2698
f 2825 2679 2782
f 2826 2682 2768
f 2827 2752 2679
f 2820 2823 2697
f 2828 2819 2667
f 2829 2786 2759
f 2830 2831 2710
f 2832 2743 2752
f 2833 2666 2804
f 2673 2834 2835
f 2836 2837 2838
f 2690 2839 2834
f 2840 2656 2696
f 2692 2841 2842
f 2828 2843 2841
f 2695 2844 2845
f 2846 2661 2656
f 2674 2835 2847
f 2843 2848 2849
f 2846 2840 2849
f 2840 2845 2850
f 2849 2850 2842
f 2851 2835 2834
f 2851 2850 2845
f 2789 2706 2757
f 2790 2707 2852
f 2698 2709 2809
f 2792 2728 2853
f 2702 2734 2764
f 2788 2755 2854
f 2855 2757 2707
f 2700 2764 2854
f 2699 2809 2856
f 2824 2830 2709
f 2857 2858 2859
f 2860 2861 2862
f 2863 2864 2865
f 2866 2867 2868
f 2869 2870 2871
f 2872 2873 2874
f 2875 2876 2877
f 2878 2879 2880
f 2881 2882 2883
f 2884 2885 2886
f 2887 2888 2865
f 2889 2890 2891
f 2892 2893 2894
f 2895 2896 2897
f 2898 2899 2880
f 2900 2901 2874
f 2902 2903 2862
f 2885 2904 2905
f 2893 2906 2907
f 2908 2909 2894
f 2910 2911 2859
f 2912 2913 2862
f 2914 2915 2916
f 2917 2918 2919
f 2920 2921 2922
f 2923 2924 2925
f 2926 2916 2918
f 2927 2928 2929
f 2930 2931 2929
f 2932 2933 2934
f 2935 2936 2931
f 2937 2938 2939
f 2940 2941 2942
f 2943 2944 2945
f 2946 2939 2944
f 2939 2947 2948
f 2944 2948 2949
f 2950 2859 2864
f 2951 2871 2867
f 2952 2877 2882
f 2953 2954 2955
f 2911 2887 2864
f 2956 2957 2958
f 2959 2960 2961
f 2941 2962 2963
f 2938 2964 2947
f 2936 2920 2965
f 2933 2966 2967
f 2931 2965 2968
f 2928 2969 2970
f 2971 2972 2973
f 2922 2974 2975
f 2915 2937 2946
f 2921 2976 2974
f 2916 2946 2943
f 2977 2932 2978
f 2918 2943 2979
f 2924 2927 2968
f 2980 2914 2926
f 2981 2917 2982
f 2983 2984 2985
f 2986 2987 2988
f 2989 2894 2909
f 2990 2913 2896
f 2991 2890 2909
f 2992 2993 2994
f 2995 2897 2896
f 2993 2986 2996
f 2997 2961 2998
f 2999 3000 3001
f 3002 3003 3004
f 3005 3006 3007
f 3008 3009 3010
f 3011 3012 3013
f 3014 3015 3016
f 3017 3018 3019
f 2879 3005 3020
f 3021 3022 3000
f 3023 3024 3022
f 2994 2996 2887
f 3025 3020 3007
f 3026 3019 2954
f 3015 3027 3028
f 3029 2923 2975
f 3030 2994 2911
f 3031 2926 2917
f 3000 2863 3032
f 3033 3034 2985
f 2876 3023 3021
f 2882 2999 3035
f 3036 2880 3020
f 3037 3011 3010
f 3038 3010 3013
f 3006 2860 2903
f 3016 3028 2904
f 3039 3016 2885
f 2877 3021 2999
f 3040 2862 2913
f 3041 2909 2890
f 2996 2988 2888
f 3042 2958 3018
f 2891 3043 3027
f 3044 2896 2913
f 3043 2891 2890
f 3045 2998 2957
f 3046 2891 3015
f 3024 2857 2950
f 3022 2950 2863
f 3047 3007 2903
f 3048 2875 2952
f 3049 2878 2899
f 3050 2881 3051
f 3052 3053 2899
f 3054 2952 2881
f 2886 2905 3055
f 3056 2955 3057
f 3058 2886 3059
f 3059 3055 3012
f 3060 3057 3034
f 3061 3059 3011
f 3062 3048 3054
f 3063 3049 3053
f 3064 3050 3065
f 3066 3067 3053
f 3068 3054 3050
f 3003 2977 3069
f 2962 2971 3070
f 2965 2922 2925
f 2954 3071 3072
f 2957 3073 3074
f 2960 3075 3076
f 2963 3070 3077
f 3078 2942 3079
f 2942 2963 3080
f 3070 2973 3081
f 2961 3076 3082
f 3083 2985 3084
f 3018 3085 3086
f 3034 3087 3084
f 3019 3086 3071
f 2998 3082 3073
f 2958 3074 3085
f 2955 3072 3088
f 3057 3088 3087
f 3089 3045 2956
f 3090 2959 2997
f 3091 2997 3045
f 3092 3033 2984
f 3093 3094 2962
f 3095 3042 3017
f 3096 3056 3060
f 3097 3098 2972
f 3099 2953 3056
f 3100 2956 3042
f 3101 3026 2953
f 3094 3097 2971
f 3102 3093 2941
f 3103 3060 3033
f 3104 3105 2984
f 3106 3017 3026
f 3107 2940 3078
f 2947 3108 3109
f 3110 3111 3112
f 2964 3113 3108
f 3114 2930 2970
f 2966 3115 3116
f 3102 3117 3115
f 2969 3118 3119
f 3120 2935 2930
f 2948 3109 3121
f 3117 3122 3123
f 3120 3114 3123
f 3114 3119 3124
f 3123 3124 3116
f 3125 3109 3108
f 3125 3124 3119
f 3063 2980 3031
f 3064 2981 3126
f 2972 2983 3083
f 3066 3002 3127
f 2976 3008 3038
f 3062 3029 3128
f 3129 3031 2981
f 2974 3038 3128
f 2973 3083 3130
f 3098 3104 2983
f 3131 3132 3133
f 3134 3135 3136
f 3137 3138 3135
f 3139 3140 3141
f 3142 3143 3136
f 3140 3144 3132
f 3145 3146 3147
f 3148 3149 3150
f 3151 3152 3153
f 3154 3150 3155
f 3156 3147 3149
f 3157 3158 3159
f 3160 3161 3159
f 3162 3163 3164
f 3165 3166 3161
f 3167 3164 3168
f 3169 3170 3171
f 3172 3173 3158
f 3174 3168 3173
f 3168 3175 3176
f 3173 3176 3177
f 3178 3133 3138
f 3179 3180 3181
f 3170 3182 3183
f 3164 3184 3175
f 3166 3151 3185
f 3163 3186 3184
f 3161 3185 3187
f 3158 3177 3188
f 3189 3190 3191
f 3153 3192 3193
f 3146 3167 3174
f 3152 3194 3192
f 3147 3174 3172
f 3195 3162 3167
f 3149 3172 3157
f 3150 3157 3187
f 3196 3145 3156
f 3197 3148 3154
f 3198 3199 3200
f 3201 3202 3145
f 3203 3204 3205
f 3206 3207 3208
f 3135 3209 3210
f 3211 3154 3193
f 3212 3156 3148
f 3213 3214 3200
f 3132 3144 3215
f 3138 3216 3209
f 3217 3136 3210
f 3218 3206 3205
f 3219 3205 3208
f 3133 3215 3216
f 3207 3131 3178
f 3220 3134 3143
f 3221 3137 3134
f 3222 3223 3143
f 3224 3178 3137
f 3141 3132 3131
f 3225 3181 3226
f 3227 3141 3228
f 3228 3131 3207
f 3229 3226 3214
f 3230 3228 3206
f 3208 3207 3224
f 3231 3220 3223
f 3232 3221 3220
f 3233 3234 3223
f 3235 3224 3221
f 3202 3195 3146
f 3182 3189 3236
f 3185 3153 3155
f 3180 3139 3227
f 3183 3236 3152
f 3237 3171 3166
f 3171 3183 3151
f 3236 3191 3194
f 3238 3200 3204
f 3214 3218 3204
f 3181 3227 3230
f 3226 3230 3218
f 3222 3213 3199
f 3163 3162 3182
f 3217 3225 3229
f 3195 3202 3190
f 3239 3179 3225
f 3162 3195 3189
f 3186 3163 3170
f 3142 3229 3213
f 3201 3233 3199
f 3240 3169 3237
f 3175 3241 3242
f 3165 3243 3244
f 3184 3245 3241
f 3246 3160 3188
f 3186 3247 3245
f 3169 3240 3247
f 3177 3248 3249
f 3243 3165 3160
f 3176 3242 3248
f 3240 3244 3250
f 3243 3246 3250
f 3246 3249 3251
f 3250 3251 3245
f 3251 3242 3241
f 3242 3251 3249
f 3234 3196 3212
f 3232 3197 3211
f 3190 3198 3238
f 3233 3201 3196
f 3194 3203 3219
f 3235 3211 3252
f 3231 3212 3197
f 3192 3219 3252
f 3191 3238 3203
f 3202 3201 3198
f 2205 2221 2036
f 2210 2043 2039
f 2084 3253 2048
f 3254 2046 2051
f 2233 2083 2054
f 2229 2061 2057
f 2169 2088 2036
f 2066 2090 2039
f 2182 2247 2093
f 2160 2097 2102
f 2157 2123 2106
f 2156 2112 2116
f 2112 2145 2142
f 2123 2127 2147
f 2247 2156 2115
f 2097 2157 2105
f 2305 2182 2092
f 2085 2170 2208
f 2165 2173 2222
f 2213 2179 2184
f 2061 2213 2183
f 2082 2206 2202
f 2304 2160 2101
f 2086 2208 2088
f 2083 2082 2201
f 2179 2210 2038
f 2166 2222 2090
f 2206 2205 2035
f 2190 2233 2053
f 2243 2229 2056
f 2191 2190 2226
f 2307 2243 2227
f 2145 2294 2291
f 2127 2299 2296
f 2302 2303 2291
f 2287 2303 2296
f 2245 2305 2158
f 2246 2304 2207
f 2479 2495 2310
f 2484 2317 2313
f 2358 3255 2322
f 3256 2320 2325
f 2507 2357 2328
f 2503 2335 2331
f 2443 2362 2310
f 2340 2364 2313
f 2456 2521 2367
f 2434 2371 2376
f 2431 2397 2380
f 2430 2386 2390
f 2386 2419 2416
f 2397 2401 2421
f 2521 2430 2389
f 2371 2431 2379
f 2579 2456 2366
f 2359 2444 2482
f 2439 2447 2496
f 2487 2453 2458
f 2335 2487 2457
f 2356 2480 2476
f 2578 2434 2375
f 2360 2482 2362
f 2357 2356 2475
f 2453 2484 2312
f 2440 2496 2364
f 2480 2479 2309
f 2464 2507 2327
f 2517 2503 2330
f 2465 2464 2500
f 2581 2517 2501
f 2419 2568 2565
f 2401 2573 2570
f 2576 2577 2565
f 2561 2577 2570
f 2519 2579 2432
f 2520 2578 2481
f 2753 2769 2584
f 2758 2591 2587
f 2632 3257 2596
f 3258 2594 2599
f 2781 2631 2602
f 2777 2609 2605
f 2717 2636 2584
f 2614 2638 2587
f 2730 2795 2641
f 2708 2645 2650
f 2705 2671 2654
f 2704 2660 2664
f 2660 2693 2690
f 2671 2675 2695
f 2795 2704 2663
f 2645 2705 2653
f 2853 2730 2640
f 2633 2718 2756
f 2713 2721 2770
f 2761 2727 2732
f 2609 2761 2731
f 2630 2754 2750
f 2852 2708 2649
f 2634 2756 2636
f 2631 2630 2749
f 2727 2758 2586
f 2714 2770 2638
f 2754 2753 2583
f 2738 2781 2601
f 2791 2777 2604
f 2739 2738 2774
f 2855 2791 2775
f 2693 2842 2839
f 2675 2847 2844
f 2850 2851 2839
f 2835 2851 2844
f 2793 2853 2706
f 2794 2852 2755
f 3027 3043 2858
f 3032 2865 2861
f 2906 3259 2870
f 3260 2868 2873
f 3055 2905 2876
f 3051 2883 2879
f 2991 2910 2858
f 2888 2912 2861
f 3004 3069 2915
f 2982 2919 2924
f 2979 2945 2928
f 2978 2934 2938
f 2934 2967 2964
f 2945 2949 2969
f 3069 2978 2937
f 2919 2979 2927
f 3127 3004 2914
f 2907 2992 3030
f 2987 2995 3044
f 3035 3001 3006
f 2883 3035 3005
f 2904 3028 3024
f 3126 2982 2923
f 2908 3030 2910
f 2905 2904 3023
f 3001 3032 2860
f 2988 3044 2912
f 3028 3027 2857
f 3012 3055 2875
f 3065 3051 2878
f 3013 3012 3048
f 3129 3065 3049
f 2967 3116 3113
f 2949 3121 3118
f 3124 3125 3113
f 3109 3125 3118
f 3067 3127 2980
f 3068 3126 3029
f 2249 2062 2236
f 2251 2067 2224
f 2253 2070 2167
f 2258 2255 2099
f 2288 2257 2114
f 2257 2258 2098
f 2255 2259 2154
f 2254 2167 2219
f 2308 2262 2187
f 2263 2192 2217
f 2265 2215 2187
f 2264 2217 2062
f 2260 2219 2067
f 2252 2224 2192
f 2250 2236 2239
f 2266 2239 2215
f 2073 2267 2278
f 2078 2268 2269
f 3261 2269 2267
f 2230 2270 2283
f 2111 2110 2272
f 2218 2273 2284
f 2214 2274 2281
f 2155 2181 2276
f 2203 2277 2274
f 2168 2278 2273
f 2225 2279 2277
f 2110 2155 2275
f 2144 2111 2271
f 2076 2281 2270
f 2180 2244 2283
f 2080 2284 2279
f 2118 2285 2295
f 2289 2288 2113
f 2285 2290 2300
f 2289 2298 2300
f 2259 2308 2186
f 2181 2180 2282
f 2523 2336 2510
f 2525 2341 2498
f 2527 2344 2441
f 2532 2529 2373
f 2562 2531 2388
f 2531 2532 2372
f 2529 2533 2428
f 2528 2441 2493
f 2582 2536 2461
f 2537 2466 2491
f 2539 2489 2461
f 2538 2491 2336
f 2534 2493 2341
f 2526 2498 2466
f 2524 2510 2513
f 2540 2513 2489
f 2347 2541 2552
f 2352 2542 2543
f 3262 2543 2541
f 2504 2544 2557
f 2385 2384 2546
f 2492 2547 2558
f 2488 2548 2555
f 2429 2455 2550
f 2477 2551 2548
f 2442 2552 2547
f 2499 2553 2551
f 2384 2429 2549
f 2418 2385 2545
f 2350 2555 2544
f 2454 2518 2557
f 2354 2558 2553
f 2392 2559 2569
f 2563 2562 2387
f 2559 2564 2574
f 2563 2572 2574
f 2533 2582 2460
f 2455 2454 2556
f 2797 2610 2784
f 2799 2615 2772
f 2801 2618 2715
f 2806 2803 2647
f 2836 2805 2662
f 2805 2806 2646
f 2803 2807 2702
f 2802 2715 2767
f 2856 2810 2735
f 2811 2740 2765
f 2813 2763 2735
f 2812 2765 2610
f 2808 2767 2615
f 2800 2772 2740
f 2798 2784 2787
f 2814 2787 2763
f 2621 2815 2826
f 2626 2816 2817
f 3263 2817 2815
f 2778 2818 2831
f 2659 2658 2820
f 2766 2821 2832
f 2762 2822 2829
f 2703 2729 2824
f 2751 2825 2822
f 2716 2826 2821
f 2773 2827 2825
f 2658 2703 2823
f 2692 2659 2819
f 2624 2829 2818
f 2728 2792 2831
f 2628 2832 2827
f 2666 2833 2843
f 2837 2836 2661
f 2833 2838 2848
f 2837 2846 2848
f 2807 2856 2734
f 2729 2728 2830
f 3071 2884 3058
f 3073 2889 3046
f 3075 2892 2989
f 3080 3077 2921
f 3110 3079 2936
f 3079 3080 2920
f 3077 3081 2976
f 3076 2989 3041
f 3130 3084 3009
f 3085 3014 3039
f 3087 3037 3009
f 3086 3039 2884
f 3082 3041 2889
f 3074 3046 3014
f 3072 3058 3061
f 3088 3061 3037
f 2895 3089 3100
f 2900 3090 3091
f 3264 3091 3089
f 3052 3092 3105
f 2933 2932 3094
f 3040 3095 3106
f 3036 3096 3103
f 2977 3003 3098
f 3025 3099 3096
f 2990 3100 3095
f 3047 3101 3099
f 2932 2977 3097
f 2966 2933 3093
f 2898 3103 3092
f 3002 3066 3105
f 2902 3106 3101
f 2940 3107 3117
f 3111 3110 2935
f 3107 3112 3122
f 3111 3120 3122
f 3081 3130 3008
f 3003 3002 3104
f 2593 3265 3266
f 3267 3268 3269
f 3270 2867 2871
f 3271 3272 3273
f 2048 3274 3275
f 3276 3277 3278
f 2867 3270 3279
f 3280 2873 2868
f 3281 3282 3283
f 3272 3271 3282
f 3284 3285 3286
f 3274 2048 3253
f 3287 3288 3289
f 3290 2319 2323
f 3291 3278 3292
f 3293 3294 3295
f 3277 3276 3296
f 3297 3298 3299
f 2319 3290 3300
f 3301 2045 2049
f 3302 3253 3303
f 3304 3273 2874
f 2873 3280 3305
f 3306 3307 3308
f 3265 2593 2597
f 2045 3301 3309
f 3310 3297 3286
f 3311 3312 3313
f 3314 3293 3283
f 3315 3316 3317
f 3318 3287 3269
f 3319 3320 3321
f 3322 3323 3324
f 3325 3323 3326
f 3320 3327 3328
f 2599 2594 3266
f 3325 3329 3324
f 3325 3330 3331
f 3312 3332 3333
f 3334 3335 3336
f 3337 3326 3313
f 3338 3339 2597
f 3340 3341 3342
f 3343 3337 3333
f 3344 3342 3321
f 3332 3345 3346
f 3347 3348 3349
f 3350 3351 3352
f 3348 3347 3353
f 3354 3352 3355
f 3356 3357 3358
f 3359 3360 3361
f 3362 3363 3357
f 3360 3364 3365
f 3351 3350 3366
f 3367 3368 3369
f 3370 3371 3372
f 3373 3374 3375
f 3376 3369 3377
f 3366 3378 3379
f 2325 2320 3300
f 3380 3372 3381
f 3382 3383 3374
f 3370 3384 3368
f 3385 3354 3358
f 3386 3379 3387
f 3388 3389 3349
f 3390 3366 3386
f 3349 3389 3391
f 2164 2044 3254
f 2170 2047 2129
f 2173 2050 2079
f 3277 3303 2071
f 3261 2075 2079
f 3303 3253 2084
f 2171 2129 2044
f 3306 3292 2138
f 3292 3278 2253
f 3392 3306 2137
f 2085 2084 2047
f 2165 3254 2050
f 3278 3277 2070
f 3393 3392 2268
f 3394 3267 2411
f 2444 2321 2403
f 2447 2324 2353
f 3262 2349 2353
f 3263 2623 2627
f 3395 3396 2345
f 3397 3284 2685
f 3299 3298 2801
f 3267 3289 2412
f 2719 2677 2592
f 3288 3395 2344
f 2439 3256 2324
f 2721 2598 2627
f 2359 2358 2321
f 2718 2595 2677
f 3398 3394 2542
f 3289 3288 2527
f 3295 3294 3075
f 2445 2403 2318
f 3396 3255 2358
f 3298 3399 2618
f 2438 2318 3256
f 3400 3397 2816
f 3281 3295 2960
f 3399 3401 2619
f 2986 2866 3260
f 3402 3403 2893
f 2992 2869 2951
f 2713 3258 2598
f 3401 3257 2632
f 2712 2592 3258
f 2633 2632 2595
f 3284 3299 2686
f 2987 3260 2872
f 2993 2951 2866
f 3294 3402 2892
f 3272 3281 2959
f 2907 2906 2869
f 3273 3272 3090
f 3403 3259 2906
f 2995 2872 2901
f 3264 2897 2901
f 3404 1896 1880
f 3405 1881 1883
f 3406 1882 1894
f 3407 1883 1888
f 1884 3408 3409
f 1886 3410 3411
f 3412 1888 1887
f 1885 3409 3413
f 3414 3415 1890
f 3416 1891 1882
f 1891 3416 3417
f 3418 1890 1893
f 3419 1894 1897
f 1892 3417 3420
f 3421 1893 1896
f 3422 1897 1881
f 3423 3412 3411
f 3409 3424 3425
f 3426 3414 3418
f 3427 3416 3406
f 3416 3427 3428
f 3429 3418 3421
f 3430 3419 3422
f 3417 3428 3431
f 3432 3421 3404
f 3433 3422 3405
f 3434 3404 3413
f 3435 3405 3407
f 3436 3406 3419
f 3437 3407 3412
f 3408 3438 3424
f 3410 3439 3440
f 3441 3426 3429
f 3442 3427 3436
f 3427 3442 3443
f 3444 3429 3432
f 3445 3430 3433
f 3428 3443 3446
f 3447 3432 3434
f 3448 3433 3435
f 3449 3434 3425
f 3450 3435 3437
f 3451 3436 3430
f 3452 3437 3423
f 3438 3453 3454
f 3439 3455 3456
f 3457 3423 3440
f 3424 3454 3458
f 3459 3444 3447
f 3460 3445 3448
f 3443 3461 3462
f 3463 3447 3449
f 3464 3448 3450
f 3465 3449 3458
f 3466 3450 3452
f 3467 3451 3445
f 3468 3452 3457
f 3453 3469 3470
f 3455 3471 3472
f 3473 3457 3456
f 3454 3470 3474
f 3475 3441 3444
f 3476 3442 3451
f 3442 3476 3461
f 3477 3475 3459
f 3478 3476 3467
f 3476 3478 3479
f 3480 3459 3463
f 3481 3460 3464
f 3461 3479 3482
f 3483 3463 3465
f 3484 3464 3466
f 3485 3465 3474
f 3486 3466 3468
f 3487 3467 3460
f 3488 3468 3473
f 3469 3489 3490
f 3471 3491 3492
f 3493 3473 3472
f 3470 3490 3494
f 3495 3480 3483
f 3496 3481 3484
f 3479 3497 3498
f 3499 3483 3485
f 3500 3484 3486
f 3501 3485 3494
f 3502 3486 3488
f 3503 3487 3481
f 3504 3488 3493
f 3489 3505 3506
f 3491 3507 3508
f 3509 3493 3492
f 3490 3506 3510
f 3511 3477 3480
f 3512 3478 3487
f 3478 3512 3497
f 3513 3499 3501
f 3514 3500 3502
f 3515 3501 3510
f 3516 3502 3504
f 3517 3503 3496
f 3518 3504 3509
f 3505 3519 3520
f 3507 3521 3522
f 3523 3509 3508
f 3506 3520 3524
f 3525 3511 3495
f 3526 3512 3503
f 3512 3526 3527
f 3528 3495 3499
f 3529 3496 3500
f 3497 3527 3530
f 3531 3515 3524
f 3532 3516 3518
f 3533 3517 3529
f 3534 3518 3523
f 3519 3535 3536
f 3521 3537 3538
f 3539 3523 3522
f 3520 3536 3540
f 3541 3525 3528
f 3542 3526 3517
f 3526 3542 3543
f 3544 3528 3513
f 3545 3529 3514
f 3527 3543 3546
f 3547 3513 3515
f 3548 3514 3516
f 3549 3533 3545
f 3550 3534 3539
f 3535 3551 3552
f 3537 3553 3554
f 3555 3539 3538
f 3536 3552 3556
f 3557 3541 3544
f 3558 3542 3533
f 3542 3558 3559
f 3560 3544 3547
f 3561 3545 3548
f 3543 3559 3562
f 3563 3547 3531
f 3564 3548 3532
f 3565 3531 3540
f 3566 3532 3534
f 3553 3567 3568
f 3569 3555 3554
f 3552 3570 3571
f 3572 3557 3560
f 3573 3558 3549
f 3558 3573 3574
f 3575 3560 3563
f 3576 3561 3564
f 3559 3574 3577
f 3578 3563 3565
f 3579 3564 3566
f 3580 3565 3556
f 3581 3566 3550
f 3582 3549 3561
f 3583 3550 3555
f 3551 3584 3570
f 3585 3572 3575
f 3586 3573 3582
f 3573 3586 3587
f 3588 3575 3578
f 3589 3576 3579
f 3574 3587 3590
f 3591 3578 3580
f 3592 3579 3581
f 3593 3580 3571
f 3594 3581 3583
f 3595 3582 3576
f 3596 3583 3569
f 3584 3597 3598
f 3567 3599 3600
f 3601 3569 3568
f 3570 3598 3602
f 3603 3588 3591
f 3604 3589 3592
f 3587 3605 3606
f 3607 3591 3593
f 3608 3592 3594
f 3609 3593 3602
f 3610 3594 3596
f 3611 3595 3589
f 3612 3596 3601
f 3597 3613 3614
f 3599 3615 3616
f 3617 3601 3600
f 3598 3614 3618
f 3619 3585 3588
f 3620 3586 3595
f 3586 3620 3605
f 3621 3607 3609
f 3622 3608 3610
f 3623 3609 3618
f 3624 3610 3612
f 3625 3611 3604
f 3626 3612 3617
f 3613 3627 3628
f 3615 3629 3630
f 3631 3617 3616
f 3614 3628 3632
f 3633 3619 3603
f 3634 3620 3611
f 3620 3634 3635
f 3636 3603 3607
f 3637 3604 3608
f 3605 3635 3638
f 3639 3623 3632
f 3640 3624 3626
f 3641 3625 3637
f 3642 3626 3631
f 3627 3643 3644
f 3629 3645 3646
f 3647 3631 3630
f 3628 3644 3648
f 3649 3633 3636
f 3650 3634 3625
f 3634 3650 3651
f 3652 3636 3621
f 3653 3637 3622
f 3635 3651 3654
f 3655 3621 3623
f 3656 3622 3624
f 3657 3641 3653
f 3658 3642 3647
f 3659 3660 3661
f 3662 3663 3664
f 3665 3647 3646
f 3666 3661 3667
f 3668 3649 3652
f 3669 3650 3641
f 3669 3670 3671
f 3672 3652 3655
f 3673 3653 3656
f 3674 3671 3675
f 3676 3655 3639
f 3677 3656 3640
f 3678 3639 3648
f 3679 3640 3642
f 3363 3391 3680
f 3350 3681 3378
f 3335 3334 3682
f 3681 3350 3354
f 3683 3684 3685
f 3686 3687 3378
f 3357 3680 3685
f 3688 3689 3279
f 3690 3691 2323
f 2051 2046 3309
f 2322 3255 2052
f 2051 3692 3690
f 3270 3693 3694
f 3389 3694 3693
f 2596 3257 2326
f 3680 3391 3695
f 2325 3696 3338
f 3391 3389 3697
f 3388 3698 3689
f 3348 3699 3698
f 3697 3693 2871
f 2599 3700 3697
f 2870 3259 2600
f 3688 3694 3389
f 3701 3342 3341
f 3702 3703 3675
f 3704 3702 3671
f 3140 3705 3706
f 3707 3239 3210
f 3708 3139 3180
f 3179 3709 3710
f 3711 3209 3216
f 3712 3210 3209
f 3709 3179 3239
f 3713 3216 3215
f 3139 3708 3705
f 3714 3215 3144
f 3715 3713 3714
f 3716 3714 3706
f 3708 3717 3718
f 3719 3707 3712
f 3705 3718 3720
f 3717 3708 3710
f 3709 3721 3722
f 3721 3709 3707
f 3723 3711 3713
f 3724 3712 3711
f 3725 3723 3715
f 3726 3724 3723
f 3727 3715 3716
f 3728 3716 3720
f 3717 3729 3730
f 3731 3719 3724
f 3718 3730 3732
f 3729 3717 3722
f 3721 3733 3734
f 3733 3721 3719
f 3735 3729 3734
f 3733 3736 3737
f 3736 3733 3731
f 3738 3725 3727
f 3739 3726 3725
f 3740 3727 3728
f 3741 3728 3732
f 3729 3735 3742
f 3743 3731 3726
f 3730 3742 3744
f 3735 3745 3746
f 3747 3743 3739
f 3742 3746 3748
f 3745 3735 3737
f 3736 3749 3750
f 3749 3736 3743
f 3751 3738 3740
f 3752 3739 3738
f 3753 3740 3741
f 3754 3741 3744
f 3755 3753 3754
f 3756 3754 3748
f 3745 3757 3758
f 3759 3747 3752
f 3746 3758 3760
f 3757 3745 3750
f 3749 3761 3762
f 3761 3749 3747
f 3763 3751 3753
f 3764 3752 3751
f 3765 3766 3756
f 3767 3765 3760
f 3768 3769 3770
f 3771 3770 3772
f 3773 3772 3774
f 3769 3775 3776
f 3775 3777 3778
f 3777 3779 3780
f 3781 3782 3783
f 3779 3784 3785
f 3784 3786 3787
f 3788 3789 3790
f 3791 3788 3787
f 3393 2052 3255
f 3398 2326 3257
f 3392 3393 3396
f 3395 3288 3306
f 3288 3287 3307
f 3322 3307 3287
f 3331 3330 3768
f 3337 3343 3330
f 3792 3767 3758
f 3394 3398 3401
f 3399 3298 3267
f 3400 2600 3259
f 3397 3400 3403
f 3402 3294 3284
f 3294 3293 3285
f 3319 3285 3293
f 3701 3332 3312
f 3793 3345 3332
f 3342 3701 3794
f 3310 3794 3312
f 3268 3267 3298
f 3327 3795 3317
f 3382 3796 3365
f 3363 3362 3797
f 3387 3379 3798
f 3387 3799 3800
f 3681 3385 3801
f 3699 3316 3315
f 3802 3792 3757
f 3803 3804 3364
f 3805 3367 3376
f 3383 3382 3364
f 3796 3382 3373
f 3806 3376 3807
f 3384 3370 3380
f 3808 3373 3809
f 3371 3370 3367
f 3810 3380 3809
f 3317 3811 3812
f 3785 3787 3790
f 3344 3328 3812
f 3780 3785 3813
f 3814 3802 3762
f 3761 3759 3815
f 3816 3815 3759
f 3817 3816 3764
f 3763 3755 3818
f 3807 3819 3783
f 3820 3821 3822
f 3823 3824 3825
f 3353 3826 3316
f 3827 3828 3782
f 3704 3829 3830
f 3829 3831 3832
f 3831 3833 3834
f 3833 3835 3836
f 3835 3837 3838
f 3839 3659 3643
f 3840 3841 3643
f 3842 3843 3613
f 3844 3845 932
f 3845 3846 931
f 3846 3847 930
f 3847 3848 3849
f 3848 3850 1090
f 3850 3851 926
f 3851 3852 927
f 3853 3852 911
f 3853 3854 794
f 3855 3854 910
f 3855 3856 924
f 3857 3856 1084
f 268 286 337
f 3858 337 286
f 3859 3860 726
f 3861 3859 399
f 3862 3863 374
f 3864 3862 430
f 3865 3864 429
f 3865 3866 425
f 3867 3866 444
f 3868 3867 433
f 3869 3868 432
f 3869 3870 558
f 3871 3870 548
f 3872 3871 567
f 3872 3873 630
f 3873 3874 634
f 3875 3874 621
f 3876 3875 643
f 3876 3877 693
f 3877 3878 710
f 3878 3879 3880
f 3881 3879 699
f 3881 3882 692
f 3882 3883 684
f 3884 3883 687
f 3884 3885 633
f 3886 3885 665
f 3887 3886 645
f 3887 3888 575
f 3888 3889 557
f 3890 3889 586
f 3891 3890 569
f 3891 3892 426
f 3893 3892 530
f 3894 3893 437
f 3895 3894 436
f 3895 3896 418
f 3897 3896 435
f 3897 3898 728
f 3899 3900 3901
f 3900 3902 723
f 342 3903 3858
f 342 3904 3905
f 3906 3844 1589
f 3906 3907 1607
f 3908 3907 1653
f 3909 3908 1496
f 3910 3909 1497
f 3911 3910 1498
f 3911 3912 1513
f 3913 3912 1500
f 3913 3914 1516
f 3914 3915 1518
f 3916 3915 1503
f 3916 3917 1522
f 3917 3918 1839
f 3918 3919 1854
f 3920 3919 1847
f 3920 3921 1884
f 3921 3922 3408
f 3837 3923 3924
f 3923 3925 3926
f 1651 916 3845
f 916 915 3846
f 915 917 3847
f 917 918 3848
f 918 786 3850
f 786 912 3851
f 912 911 3852
f 937 927 3852
f 923 910 3854
f 795 794 3854
f 909 1084 3856
f 3927 3928 340
f 3929 3905 3904
f 3929 3930 344
f 725 724 3860
f 439 725 3859
f 420 440 3863
f 422 420 3862
f 510 422 3864
f 442 444 3866
f 427 425 3866
f 526 427 3867
f 555 526 3868
f 533 548 3870
f 576 558 3870
f 604 576 3871
f 584 612 3873
f 612 621 3874
f 655 634 3874
f 685 655 3875
f 663 675 3877
f 675 698 3878
f 698 699 3879
f 709 3880 3879
f 3931 705 3882
f 705 687 3883
f 654 684 3883
f 677 665 3885
f 629 633 3885
f 603 629 3886
f 623 592 3888
f 592 586 3889
f 554 557 3889
f 525 554 3890
f 550 530 3892
f 423 426 3892
f 424 423 3893
f 421 424 3894
f 511 435 3896
f 419 418 3896
f 434 403 3898
f 369 368 3900
f 368 3932 3902
f 3933 3934 344
f 3935 3936 3937
f 3936 3938 3939
f 3938 3940 3941
f 3942 3943 3944
f 3943 3945 3946
f 3945 3947 3948
f 3947 3949 3950
f 3949 3951 3952
f 3951 3953 3954
f 1656 1651 3844
f 1646 1653 3907
f 1506 1607 3907
f 1507 1506 3908
f 1509 1507 3909
f 1511 1509 3910
f 1499 1500 3912
f 1515 1513 3912
f 1818 1502 3914
f 1502 1503 3915
f 1520 1518 3915
f 1504 1505 3917
f 1505 1834 3918
f 1834 1847 3919
f 1868 1854 3919
f 1879 1895 3921
f 1895 3420 3922
f 3805 3806 3955
f 3371 3805 3956
f 3830 3832 3372
f 3832 3834 3381
f 3808 3381 3834
f 3627 3613 3843
f 3796 3808 3836
f 3838 3924 3365
f 3957 3925 3664
f 3958 3675 3959
f 3638 3654 3841
f 1697 3960 3961
f 1707 3962 3960
f 1714 3963 3962
f 1721 3964 3963
f 1728 3965 3964
f 1735 3966 3965
f 1817 3967 3968
f 1756 3968 3969
f 1744 3969 3970
f 1745 3970 3971
f 1820 3971 3972
f 1824 3973 3967
f 1821 3972 3974
f 1830 3974 3975
f 1856 3975 3976
f 1870 3976 3977
f 3410 1886 3977
f 3439 3410 3978
f 3455 3439 3979
f 3471 3455 3980
f 3491 3471 3981
f 3507 3491 3982
f 3521 3507 3983
f 3537 3521 3984
f 3553 3537 3985
f 3567 3553 3986
f 3599 3567 3987
f 3615 3599 3988
f 3629 3615 3989
f 3645 3629 3990
f 3662 3645 3991
f 3992 3957 3663
f 3361 3365 3924
f 3695 3391 3700
f 3794 3310 3993
f 3994 3276 3995
f 3683 3695 3266
f 3265 3339 3684
f 3268 3311 3996
f 3685 3684 3339
f 3327 3314 3997
f 3276 3291 3308
f 3338 3696 3385
f 3801 3385 3696
f 3686 3801 3300
f 3290 3691 3687
f 3326 3318 3996
f 3285 3319 3993
f 3271 3304 3795
f 3378 3687 3691
f 3307 3322 3995
f 3690 3692 3379
f 3798 3379 3692
f 3799 3798 3309
f 3271 3997 3283
f 3301 3275 3800
f 3335 3800 3275
f 3274 3302 3336
f 3998 3336 3999
f 3994 4000 4001
f 3304 3305 3315
f 3698 3315 3305
f 3280 3279 3689
f 3302 3296 3999
f 3323 3322 3318
f 3320 3319 3314
f 3297 3310 3311
f 3755 3756 3766
f 4002 4003 3815
f 4004 4002 3816
f 3682 4005 4006
f 3819 3807 3377
f 4007 3361 3926
f 3781 4004 3817
f 4007 4008 4009
f 4010 4005 3682
f 4005 4010 4011
f 4011 4010 4002
f 3334 3998 4002
f 4006 4005 3377
f 3390 4006 3369
f 3788 3791 3824
f 3823 3822 3789
f 4012 3821 4009
f 4013 4012 4014
f 4015 4013 4016
f 4017 4015 4018
f 4019 4017 4020
f 3828 4019 4021
f 3782 3828 4022
f 3783 3782 4023
f 4012 4024 3822
f 3774 3828 3827
f 4013 4025 4024
f 3822 4024 3790
f 3778 3780 4026
f 4027 4028 3776
f 3813 3790 4024
f 4025 4029 4026
f 4029 4030 4027
f 4030 4031 4028
f 4015 4029 4025
f 4030 4029 4015
f 4017 4019 4031
f 3776 4028 3772
f 4028 4031 3774
f 3774 4031 4019
f 3316 3826 3811
f 3351 3390 3368
f 3384 3810 3352
f 3810 3375 3355
f 3356 3355 3375
f 3362 3356 3374
f 3797 3362 3383
f 3347 3797 3804
f 3811 3826 3825
f 3824 3791 3812
f 3340 3812 3791
f 3786 3784 3341
f 3793 3341 3784
f 3779 3777 3345
f 3777 3775 3346
f 3343 3346 3775
f 3769 3768 3330
f 3994 3999 3296
f 3329 3331 4001
f 3994 3324 3329
f 3998 4001 4003
f 3960 1699 4032
f 3962 1708 1699
f 3963 1715 1708
f 3964 1722 1715
f 3965 1729 1722
f 3966 1736 1729
f 3967 1760 1772
f 3968 1772 1783
f 3969 1783 1798
f 3970 1798 1808
f 3971 1808 1841
f 3973 1822 1760
f 3972 1841 1859
f 3974 1859 1873
f 3975 1873 1889
f 3976 1889 3415
f 3820 3359 4007
f 3978 3977 3415
f 3979 3978 3414
f 3980 3979 3426
f 3981 3980 3441
f 3982 3981 3475
f 3983 3982 3477
f 3984 3983 3511
f 3985 3984 3525
f 3986 3985 3541
f 3987 3986 3557
f 3988 3987 3572
f 3989 3988 3585
f 3990 3989 3619
f 3991 3990 3633
f 4033 3991 3649
f 4034 3783 4035
f 3806 4034 4036
f 3826 3353 4037
f 3820 3825 4037
f 3803 4037 3353
f 3359 4037 3803
f 4038 4039 3584
f 4038 4040 3546
f 4041 4040 3535
f 4041 4042 3498
f 4043 4042 3505
f 4044 4043 3489
f 4045 4044 3469
f 4046 4045 3453
f 3562 3577 4039
f 3551 3535 4040
f 3530 3546 4040
f 3519 3505 4042
f 3482 3498 4042
f 3462 3482 4043
f 3446 3462 4044
f 3431 3446 4045
f 4039 3842 3597
f 3840 3843 3606
f 3922 4046 3438
f 3577 3590 3842
f 3420 3431 4046
f 3590 3606 3843
f 4004 3781 3819
f 3814 3815 4003
f 4047 3768 3802
f 3768 3771 3792
f 3771 3773 3767
f 3773 4048 3765
f 4048 3827 3766
f 3827 3781 3818
f 4049 4050 3660
f 4050 4051 3661
f 4051 4052 3667
f 4053 4052 4021
f 4054 4053 4020
f 4055 4054 4018
f 4056 4055 4016
f 4056 3992 4057
f 3703 4049 3959
f 4058 3657 3673
f 4059 3658 3665
f 3643 3659 3666
f 3645 3662 4060
f 4061 3665 4060
f 3644 3666 4062
f 4063 3668 3672
f 3670 3669 3657
f 3650 3669 3674
f 4064 3672 3676
f 4065 3673 3677
f 3651 3674 3958
f 4066 3676 3678
f 4067 3677 3679
f 4068 3678 4062
f 4069 3679 3658
f 3959 3660 3659
f 3654 3958 3839
f 3663 3662 4033
f 4057 4033 3668
f 4009 4008 3957
f 3670 4058 3829
f 4066 4068 4053
f 3956 3955 3702
f 4022 4021 4052
f 3955 4036 3703
f 4061 3664 3925
f 4036 4035 4049
f 4067 4069 3835
f 4059 4061 3923
f 4023 4022 4051
f 4063 4064 4055
f 4065 4067 3833
f 4069 4059 3837
f 4014 4009 3992
f 4068 3667 4052
f 4058 4065 3831
f 4008 3926 3925
f 4064 4066 4054
f 4035 4023 4050
f 4001 3331 4047
f 1720 4070 4071
f 1751 4072 4073
f 1713 4071 4074
f 1583 4075 2034
f 1765 4076 4077
f 1584 4078 4075
f 1752 4073 4076
f 1706 4074 4079
f 1823 4077 4078
f 1734 4080 4081
f 1695 4079 4082
f 1727 4081 4070
f 4081 4083 4084
f 4078 4085 4086
f 4080 4087 4083
f 4079 4088 4089
f 4072 4090 4091
f 4074 4092 4088
f 4073 4091 4093
f 4071 4094 4092
f 4076 4093 4095
f 4070 4084 4094
f 4075 4086 4096
f 4077 4095 4085
f 4095 4097 4098
f 4083 4099 4100
f 4085 4098 4101
f 4087 4102 4099
f 4088 4103 4104
f 4090 4105 4106
f 4092 4107 4103
f 4091 4106 4108
f 4094 4109 4107
f 4093 4108 4097
f 4084 4100 4109
f 4086 4101 4110
f 4097 4111 4112
f 4099 4113 4114
f 4098 4112 4115
f 4102 4116 4113
f 4103 4117 4118
f 4105 4119 4120
f 4107 4121 4117
f 4106 4120 4122
f 4109 4123 4121
f 4108 4122 4111
f 4100 4114 4123
f 4101 4115 4124
f 4111 4125 4126
f 4113 4127 4128
f 4112 4126 4129
f 4116 4130 4127
f 4117 4131 4132
f 4119 4133 4134
f 4121 4135 4131
f 4120 4134 4136
f 4123 4137 4135
f 4122 4136 4125
f 4114 4128 4137
f 4115 4129 4138
f 4125 4139 4140
f 4127 4141 4142
f 4126 4140 4143
f 4130 4144 4141
f 4131 4145 4146
f 4133 4147 4148
f 4135 4149 4145
f 4134 4148 4150
f 4137 4151 4149
f 4136 4150 4139
f 4128 4142 4151
f 4129 4143 4152
f 4143 4153 4154
f 4139 4155 4156
f 4141 4157 4158
f 4140 4156 4153
f 4144 4159 4157
f 4145 4160 4161
f 4147 4162 4163
f 4149 4164 4160
f 4148 4163 4165
f 4151 4166 4164
f 4150 4165 4155
f 4142 4158 4166
f 4158 4167 4168
f 4153 4169 4170
f 4155 4171 4172
f 4157 4173 4167
f 4156 4172 4169
f 4159 4174 4173
f 4160 4175 4176
f 4162 4177 4178
f 4164 4179 4175
f 4163 4178 4180
f 4166 4168 4179
f 4165 4180 4171
f 4181 4182 4183
f 4167 4184 4185
f 4186 4187 4188
f 4189 4183 4190
f 4173 4191 4184
f 4192 4190 4187
f 4174 4193 4191
f 4175 4194 4195
f 4179 4196 4194
f 4168 4185 4196
f 4182 4197 4198
f 4199 4200 4201
f 4187 4202 4203
f 4183 4198 4204
f 4205 4206 4200
f 4190 4204 4202
f 4207 4208 4206
f 1690 1680 1738
f 4209 4210 4211
f 4212 4213 4210
f 4214 4201 4213
f 4215 2021 1580
f 2018 2021 4215
f 2034 4096 4216
f 4096 4110 4217
f 2015 2018 4216
f 4218 4219 4220
f 4152 4154 4218
f 4218 4221 4222
f 4138 4152 4223
f 4224 4225 4226
f 4223 4222 4227
f 4228 4226 4229
f 2011 4230 4231
f 4232 4233 4225
f 4124 4138 4234
f 4235 4236 4237
f 4230 4238 4239
f 4234 4227 2013
f 4240 4237 4241
f 4242 4243 4236
f 4244 4235 4240
f 4245 4240 4246
f 4247 4242 4235
f 4238 4248 4249
f 4110 4124 4250
f 4251 4247 4244
f 4252 4245 4253
f 4254 4244 4245
f 4248 4255 4256
f 2013 2015 4217
f 2022 4251 4254
f 2032 4252 4257
f 2019 4254 4252
f 4258 4259 4260
f 2011 2013 4227
f 4238 4230 4227
f 4248 4238 4222
f 4248 4221 4220
f 4258 4261 4262
f 4154 4170 4219
f 4263 4264 4262
f 4265 4188 4264
f 2022 2025 4231
f 4231 4239 4247
f 4242 4247 4239
f 4243 4242 4249
f 4232 4243 4256
f 4266 4181 4180
f 4267 4266 4178
f 4268 4269 4270
f 4271 4272 4269
f 4273 4274 4272
f 4275 4276 4274
f 4269 4277 4278
f 4272 4279 4277
f 4274 4280 4279
f 4276 4281 4280
f 4278 4277 4279
f 4279 4280 4281
f 4268 4282 4229
f 4260 4283 4284
f 4259 4285 4283
f 4264 4286 4287
f 4262 4287 4285
f 4233 4284 4288
f 4188 4203 4286
f 4226 4225 4288
f 4285 4289 4290
f 4287 4291 4289
f 4197 4292 4293
f 4286 4294 4291
f 4198 4293 4295
f 4283 4290 4296
f 4203 4297 4294
f 4202 4298 4297
f 4204 4295 4298
f 4284 4296 4299
f 4288 4299 4271
f 4180 4181 4189
f 4169 4186 4265
f 4171 4189 4192
f 4172 4192 4186
f 4184 4199 4214
f 4191 4205 4199
f 4193 4207 4205
f 4194 4209 4300
f 4196 4212 4209
f 4185 4214 4212
f 4236 4224 4228
f 4237 4228 4301
f 4243 4232 4224
f 4255 4258 4302
f 4255 4220 4261
f 4219 4263 4261
f 4170 4265 4263
f 4233 4232 4302
f 4303 4182 4181
f 4304 4303 4266
f 4297 4305 4306
f 4291 4307 4308
f 4295 4309 4310
f 4296 4311 4312
f 4299 4312 4273
f 4289 4308 4313
f 4292 4314 4315
f 4294 4306 4307
f 4290 4313 4311
f 4298 4310 4305
f 4293 4315 4309
f 4314 4292 4316
f 4292 4197 4317
f 4197 4182 4303
f 4304 4318 4317
f 4206 4319 4320
f 4210 4321 4322
f 4200 4320 4323
f 4201 4323 4324
f 4208 4325 4319
f 4213 4324 4321
f 4324 4326 4327
f 4319 4328 4329
f 4321 4327 4330
f 4320 4329 4331
f 4323 4331 4326
f 4325 4332 4328
f 4318 4333 4316
f 4333 4334 4335
f 4336 4337 4338
f 4339 4340 4341
f 4342 4343 4340
f 4344 4345 4343
f 4346 4347 4345
f 4348 4349 4350
f 4351 4338 4347
f 4349 4352 4353
f 4354 4355 4356
f 4357 4358 4355
f 4359 4360 4358
f 4361 4362 4360
f 4363 4364 4362
f 4365 4366 4364
f 4355 4367 4368
f 4358 4369 4367
f 4370 4371 4372
f 4360 4373 4369
f 4362 4374 4373
f 4364 4375 4374
f 4366 4376 4375
f 4376 4377 4378
f 4367 4379 4380
f 4369 4381 4379
f 4371 4382 4383
f 4373 4384 4381
f 4374 4385 4384
f 4375 4378 4385
f 4377 4386 4387
f 4379 4388 4389
f 4381 4390 4388
f 4382 4391 4392
f 4384 4393 4390
f 4385 4394 4393
f 4378 4387 4394
f 4390 4395 4396
f 4391 4397 4398
f 4393 4399 4395
f 4394 4400 4399
f 4387 4401 4400
f 4386 4402 4401
f 4388 4396 4403
f 4396 4404 4405
f 4397 4406 4407
f 4400 4408 4409
f 4401 4410 4408
f 4402 4411 4410
f 4412 4413 4414
f 4415 4416 4417
f 4418 4414 4419
f 4420 4419 4416
f 4421 4422 4413
f 4422 4423 4424
f 4413 4424 4425
f 4416 4426 4427
f 4414 4425 4428
f 4419 4428 4426
f 4429 4430 4431
f 4432 4431 4433
f 4434 4435 4436
f 4437 4433 4438
f 4439 4438 4435
f 4430 4440 4441
f 4431 4441 4442
f 4435 4443 4444
f 4433 4442 4445
f 4438 4445 4443
f 4440 4446 4447
f 4441 4447 4448
f 4443 4449 4450
f 4442 4448 4451
f 4445 4451 4449
f 4446 4452 4453
f 4447 4453 4454
f 4449 4455 4456
f 4448 4454 4457
f 4451 4457 4455
f 4452 4458 4459
f 4453 4459 4460
f 4461 4462 4463
f 4454 4460 4464
f 4465 4466 4467
f 4421 4468 4350
f 4350 4353 4423
f 4469 4372 4430
f 4372 4383 4440
f 4383 4392 4446
f 4392 4398 4452
f 4398 4407 4458
f 4470 4471 4472
f 4473 4474 4475
f 4476 4475 4477
f 4478 4477 4470
f 4479 4480 4474
f 4480 4481 4482
f 4475 4483 4484
f 4474 4482 4483
f 4485 4472 4486
f 4477 4484 4471
f 4487 4488 4489
f 4490 4491 4492
f 4493 4489 4491
f 4494 4495 4496
f 4497 4492 4498
f 4488 4499 4500
f 4491 4501 4502
f 4489 4500 4501
f 4495 4503 4504
f 4492 4502 4505
f 4499 4506 4507
f 4501 4508 4509
f 4500 4507 4508
f 4503 4510 4511
f 4502 4509 4512
f 4506 4513 4514
f 4507 4514 4515
f 4516 4498 4495
f 4498 4505 4503
f 4505 4512 4510
f 4517 4518 4519
f 4517 4520 4521
f 4520 4522 4523
f 4524 4525 4470
f 4485 4526 4527
f 4528 4336 4351
f 4529 4339 4530
f 4531 4342 4339
f 4532 4344 4342
f 1754 1738 1769
f 4533 4346 4344
f 4534 4351 4346
f 4436 4444 4499
f 4417 4427 4481
f 4535 4417 4480
f 4450 4456 4513
f 4536 4436 4488
f 4444 4450 4506
f 1738 1693 1771
f 1693 1698 1824
f 3973 1824 1698
f 1822 3973 3961
f 4032 1701 1747
f 1701 1702 1748
f 1702 1696 1751
f 4072 1751 1696
f 4082 4089 4090
f 4089 4104 4105
f 4104 4118 4119
f 4118 4132 4133
f 4132 4146 4147
f 4146 4161 4162
f 4161 4176 4177
f 4267 4177 4176
f 4195 4300 4304
f 4300 4211 4318
f 4211 4322 4333
f 4322 4330 4334
f 4537 4530 4349
f 4530 4341 4352
f 4538 4356 4371
f 4356 4368 4382
f 4368 4380 4391
f 4380 4389 4397
f 4406 4397 4389
f 4509 4508 4515
f 4539 4460 4459
f 4458 4540 4541
f 4407 4542 4540
f 4461 4515 4514
f 4460 4539 4543
f 4542 4407 4406
f 4515 4461 4544
f 4456 4465 4545
f 4546 4514 4513
f 4403 4405 4547
f 4548 4549 4523
f 4550 4523 4522
f 4551 4546 4545
f 4462 4461 4546
f 4552 4550 4553
f 4554 4548 4550
f 4555 4552 4556
f 4557 4554 4552
f 4466 4465 4558
f 4558 4465 4456
f 4455 4457 4464
f 4559 4558 4464
f 4409 4560 4395
f 4560 4561 4396
f 4561 4562 4404
f 4563 4557 4555
f 4564 4551 4467
f 4405 4565 4566
f 4562 4567 4568
f 4540 4569 4570
f 4466 4571 4572
f 4542 4573 4569
f 4571 4466 4559
f 4573 4542 4547
f 4462 4574 4575
f 4576 4539 4541
f 4539 4576 4577
f 4578 4555 4579
f 4404 4568 4565
f 4543 4577 4580
f 4574 4462 4551
f 4565 4581 4582
f 4583 4573 4566
f 4584 4574 4564
f 4585 4576 4570
f 4568 4586 4581
f 4587 4578 4588
f 4576 4585 4589
f 4590 4564 4572
f 4591 4571 4580
f 4592 4563 4578
f 4569 4593 4594
f 4574 4584 4595
f 4577 4589 4596
f 4573 4583 4593
f 4571 4591 4597
f 4567 4598 4586
f 4599 4600 4601
f 4602 4603 4601
f 4604 4602 4605
f 4606 4604 4607
f 4606 4608 4609
f 4610 4611 4612
f 4613 4614 4611
f 4613 4615 4616
f 4615 4617 4618
f 4617 4619 4620
f 4621 4619 4622
f 4621 4623 4624
f 4625 4626 4627
f 4628 4629 4630
f 4631 4632 4633
f 4626 4625 4634
f 4635 4636 4637
f 4638 4639 4640
f 4641 4642 4632
f 4643 4644 4645
f 4646 4647 4648
f 4649 4634 4650
f 4651 4652 4644
f 4639 4638 4653
f 4654 4655 4629
f 4656 4630 4657
f 4652 4651 4658
f 4647 4646 4636
f 4634 4659 4660
f 4652 4661 4662
f 4638 4663 4664
f 4655 4665 4666
f 4630 4667 4668
f 4661 4652 4657
f 4669 4647 4635
f 4670 4625 4645
f 4629 4666 4667
f 4671 4631 4672
f 4625 4670 4659
f 4673 4635 4653
f 4663 4638 4650
f 4674 4641 4631
f 4644 4662 4675
f 4647 4669 4676
f 4677 4669 4673
f 4678 4670 4675
f 4666 4679 4680
f 4681 4671 4682
f 4670 4678 4683
f 4684 4673 4664
f 4685 4663 4660
f 4686 4674 4671
f 4662 4687 4688
f 4669 4677 4689
f 4659 4683 4690
f 4661 4691 4687
f 4663 4685 4692
f 4665 4693 4679
f 4667 4680 4694
f 4691 4661 4668
f 4683 4695 4696
f 4691 4697 4698
f 4685 4699 4700
f 4693 4701 4702
f 4680 4703 4704
f 4697 4691 4694
f 4705 4677 4684
f 4706 4678 4688
f 4679 4702 4703
f 4707 4681 4708
f 4678 4706 4695
f 4709 4684 4692
f 4699 4685 4690
f 4710 4686 4681
f 4687 4698 4711
f 4677 4705 4712
f 4713 4705 4709
f 4714 4706 4711
f 4702 4715 4716
f 4717 4707 4718
f 4706 4714 4719
f 4720 4709 4700
f 4721 4699 4696
f 4722 4710 4707
f 4698 4723 4724
f 4705 4713 4725
f 4695 4719 4726
f 4697 4727 4723
f 4699 4721 4728
f 4701 4729 4715
f 4703 4716 4730
f 4727 4697 4704
f 4713 4731 4732
f 4719 4733 4734
f 4727 4735 4736
f 4721 4737 4738
f 4729 4739 4740
f 4716 4741 4742
f 4735 4727 4730
f 4731 4713 4720
f 4743 4714 4724
f 4715 4740 4741
f 4744 4717 4745
f 4714 4743 4733
f 4746 4720 4728
f 4737 4721 4726
f 4747 4722 4717
f 4723 4736 4748
f 4749 4731 4746
f 4750 4743 4748
f 4740 4751 4752
f 4753 4744 4754
f 4743 4750 4755
f 4756 4746 4738
f 4757 4737 4734
f 4758 4747 4744
f 4736 4759 4760
f 4731 4749 4761
f 4733 4755 4762
f 4735 4763 4759
f 4737 4757 4764
f 4739 4765 4751
f 4741 4752 4766
f 4763 4735 4742
f 4767 4757 4762
f 4768 4758 4753
f 4759 4769 4770
f 4749 4771 4772
f 4755 4773 4774
f 4763 4775 4769
f 4757 4767 4776
f 4765 4777 4778
f 4752 4779 4780
f 4775 4763 4766
f 4771 4749 4756
f 4781 4750 4760
f 4751 4778 4779
f 4782 4753 4783
f 4750 4781 4773
f 4784 4756 4764
f 4785 4775 4780
f 4786 4771 4784
f 4787 4781 4770
f 4778 4788 4789
f 4790 4782 4791
f 4781 4787 4792
f 4793 4784 4776
f 4794 4767 4774
f 4795 4768 4782
f 4769 4796 4797
f 4771 4786 4798
f 4773 4792 4799
f 4775 4785 4796
f 4767 4794 4800
f 4777 4801 4788
f 4779 4789 4802
f 4803 4794 4799
f 4804 4795 4790
f 4796 4805 4806
f 4786 4807 4808
f 4792 4809 4810
f 4785 4811 4805
f 4794 4803 4812
f 4801 4813 4814
f 4789 4815 4816
f 4811 4785 4802
f 4807 4786 4793
f 4817 4787 4797
f 4788 4814 4815
f 4818 4790 4819
f 4787 4817 4809
f 4820 4793 4800
f 4813 4821 4822
f 4815 4823 4824
f 4825 4811 4816
f 4826 4807 4820
f 4827 4817 4806
f 4814 4822 4823
f 4828 4818 4829
f 4817 4827 4830
f 4831 4820 4812
f 4832 4803 4810
f 4833 4804 4818
f 4805 4834 4835
f 4807 4826 4836
f 4809 4830 4837
f 4811 4825 4834
f 4803 4832 4838
f 4827 4839 4840
f 4841 4831 4838
f 4842 4832 4837
f 4843 4833 4828
f 4834 4844 4845
f 4826 4846 4847
f 4830 4840 4848
f 4825 4849 4844
f 4832 4842 4850
f 4821 4851 4852
f 4823 4853 4854
f 4849 4825 4824
f 4846 4826 4831
f 4839 4827 4835
f 4822 4852 4853
f 4855 4828 4856
f 4851 4857 4858
f 4853 4859 4860
f 4861 4849 4854
f 4862 4846 4841
f 4863 4839 4845
f 4852 4858 4859
f 4864 4855 4865
f 4839 4863 4866
f 4867 4841 4850
f 4868 4842 4848
f 4869 4843 4855
f 4844 4870 4871
f 4846 4862 4872
f 4840 4866 4873
f 4849 4861 4870
f 4842 4868 4874
f 4875 4864 4876
f 4863 4877 4878
f 4879 4867 4874
f 4880 4868 4873
f 4881 4869 4864
f 4870 4882 4883
f 4862 4884 4885
f 4866 4878 4886
f 4861 4887 4882
f 4868 4880 4888
f 4857 4889 4890
f 4859 4891 4892
f 4887 4861 4860
f 4884 4862 4867
f 4877 4863 4871
f 4858 4890 4891
f 4893 4894 4895
f 4896 4897 4898
f 4899 4900 4901
f 4902 4901 4903
f 4904 4905 4906
f 4907 4908 4905
f 4909 4910 4908
f 4910 4909 4911
f 4912 4913 4910
f 4913 4912 4914
f 4913 4915 4916
f 4880 4917 4918
f 4919 4920 4921
f 4922 4923 4924
f 4925 4926 4927
f 4911 4909 4928
f 4929 4921 4918
f 4930 4931 4926
f 4908 4910 4913
f 4920 4919 4932
f 4933 4928 4934
f 4935 4936 4915
f 4937 4938 4923
f 4939 4924 4940
f 4936 4935 4941
f 4919 4942 4943
f 4928 4944 4945
f 4946 4947 4948
f 4942 4919 4929
f 4949 4950 4951
f 4909 4907 4944
f 4952 4929 4953
f 5 1 50
f 1116 2 1
f 1114 1116 7
f 1112 1114 11
f 1109 1112 14
f 1110 1109 17
f 1145 1110 20
f 1142 1145 23
f 1143 1142 26
f 1139 1143 29
f 1137 1136 37
f 1129 1132 39
f 1130 1129 38
f 1125 1130 43
f 54 6 50
f 58 54 49
f 62 58 55
f 107 62 59
f 72 67 69
f 76 72 68
f 4954 76 73
f 67 107 63
f 1140 1474 37
f 175 96 99
f 163 93 100
f 149 83 84
f 154 79 1471
f 101 94 97
f 113 103 104
f 115 104 4955
f 16 13 94
f 157 91 92
f 57 61 105
f 161 90 91
f 155 1471 4956
f 886 87 89
f 106 102 103
f 168 97 95
f 173 95 96
f 61 66 102
f 171 98 109
f 158 92 93
f 45 42 85
f 170 99 98
f 152 81 83
f 160 89 90
f 4957 4958 4959
f 4960 4961 4962
f 4963 4964 4965
f 4966 4967 4968
f 4969 4970 4971
f 4972 4973 4974
f 4975 4957 4976
f 4977 4978 4979
f 4980 4979 4973
f 4981 4975 4982
f 4983 4984 4985
f 4986 4987 4988
f 4989 4990 4991
f 4992 4993 4994
f 4995 4988 4984
f 4967 4996 4997
f 4992 4998 4999
f 5000 4963 5001
f 5002 5003 5004
f 5005 5006 5007
f 5008 5009 5010
f 5011 5002 5012
f 5013 5011 5014
f 5009 5015 5016
f 5017 5018 4964
f 5019 5020 4970
f 5021 4972 5022
f 5023 4977 4980
f 5024 4980 4972
f 5025 4983 5026
f 5027 4986 4995
f 5028 5029 4990
f 5030 5031 4993
f 5032 4995 4983
f 5033 5034 4998
f 5035 5017 4963
f 4981 5036 5005
f 5037 5038 5013
f 5039 5040 5041
f 5042 5043 5044
f 5045 5046 5047
f 5048 5049 5050
f 5051 5039 5052
f 5053 5054 5055
f 5056 5057 5058
f 5059 5060 5061
f 5046 5062 5063
f 5059 5064 5065
f 5066 5042 5067
f 5068 5055 5069
f 5049 5070 5071
f 5057 5072 5073
f 5074 5075 5076
f 5077 5078 5079
f 5080 5074 5081
f 5078 5082 5083
f 5084 5085 5043
f 5086 5087 5049
f 5088 5089 5057
f 5090 5091 5060
f 5092 5093 5064
f 5094 5084 5042
f 5087 5095 5070
f 5089 5096 5072
f 1473 30 88
f 5097 3933 346
f 290 5098 5097
f 5099 5100 5101
f 5102 5103 5104
f 5105 5106 5107
f 5108 5109 5103
f 5105 5110 284
f 295 294 3934
f 5111 5112 5106
f 5111 5105 283
f 5113 5101 5109
f 295 5114 347
f 5115 5116 5117
f 3952 3954 5118
f 3950 3952 5119
f 3948 3950 5120
f 5121 5122 3946
f 313 317 457
f 5123 457 317
f 5124 5125 347
f 308 313 351
f 301 308 310
f 293 301 305
f 298 297 373
f 373 297 5126
f 285 280 272
f 367 5127 3932
f 297 304 338
f 5128 338 304
f 1474 32 30
f 5129 46 47
f 5130 47 82
f 5131 5132 82
f 4956 1472 88
f 5133 5134 152
f 1462 1468 219
f 1463 1462 218
f 343 274 278
f 1089 278 5135
f 5122 5136 3944
f 289 5137 5098
f 271 274 3930
f 1465 866 945
f 1470 886 5138
f 203 889 5138
f 890 889 219
f 5139 5099 5113
f 1466 950 945
f 148 147 5140
f 5141 1130 1125
f 5142 1143 1139
f 1200 1162 1170
f 1208 1173 1179
f 1232 1200 1169
f 1240 1208 1178
f 1249 1232 1205
f 1257 1240 1211
f 1283 1249 1237
f 1291 1257 1243
f 1312 1283 1254
f 1303 1291 1260
f 1303 1294 1341
f 1313 1312 1288
f 5143 5144 1330
f 1307 1354 1342
f 1354 1376 1356
f 5144 5145 1380
f 5145 5146 1401
f 1376 1396 1406
f 1437 1407 1383
f 1414 1400 1405
f 1418 1404 1387
f 1406 1411 1455
f 1426 1384 5147
f 1436 5146 1407
f 1446 1401 5146
f 5136 5148 5149
f 1140 1139 32
f 1126 1125 46
f 1470 4956 87
f 5134 5131 81
f 5150 5151 1073
f 5152 5139 5115
f 5153 294 335
f 280 279 273
f 341 340 3928
f 5154 351 313
f 5155 5156 3935
f 5124 5114 5097
f 351 5154 380
f 721 1071 5157
f 5098 5137 5158
f 5159 5157 1071
f 729 727 5160
f 5161 5160 727
f 5126 338 337
f 3927 5126 3858
f 3903 3905 3928
f 5153 3928 3905
f 3929 3934 294
f 5162 5163 289
f 5114 295 3933
f 5164 5161 726
f 3860 724 5165
f 5166 5165 724
f 5167 5166 723
f 3902 3932 5168
f 3932 5127 5169
f 5137 348 5170
f 5171 5172 5173
f 5137 289 5163
f 1082 5174 139
f 3941 5149 5148
f 5175 5176 3939
f 1081 5102 5174
f 5176 5177 3937
f 5177 5178 5179
f 5116 5108 5102
f 5180 5181 5182
f 5179 5178 5183
f 5184 5185 5155
f 5185 5184 5186
f 5187 5186 5188
f 5180 5189 5190
f 5191 5189 5180
f 3857 5192 924
f 5193 5194 5195
f 141 134 5106
f 134 133 5107
f 5196 5197 5198
f 5199 5107 133
f 5200 5201 5202
f 5197 5203 5204
f 5205 5206 5207
f 5208 5209 5201
f 5210 5207 5209
f 5211 5203 5212
f 5213 5214 5215
f 5211 5216 5206
f 5201 5217 5213
f 5209 5218 5217
f 5219 5220 5189
f 5188 5221 5181
f 5220 5222 5190
f 5222 5223 5187
f 5224 5199 5104
f 5103 5109 5225
f 5223 5226 5185
f 5226 5156 5155
f 5227 5228 5229
f 5228 5230 5231
f 248 247 255
f 246 248 5232
f 250 246 5233
f 5234 5235 1463
f 5235 5236 1464
f 5236 5237 883
f 5238 5227 5239
f 1015 5240 5241
f 720 5242 5240
f 243 5243 5244
f 240 262 5245
f 241 5245 5243
f 245 5244 5242
f 5231 5230 5246
f 5247 5246 5248
f 258 5248 5249
f 5250 5251 5221
f 5251 5252 5181
f 5252 5253 5182
f 146 5152 5140
f 5254 5182 5255
f 5202 5215 5194
f 5256 5257 5197
f 5258 5200 5193
f 5257 5212 5203
f 5259 5205 5210
f 5260 5208 5200
f 5261 5210 5208
f 5262 5204 5203
f 5262 5211 5205
f 5207 5263 5218
f 5264 5225 5109
f 5265 5264 5101
f 5266 349 5265
f 5266 5267 350
f 5196 5268 5269
f 5206 5270 5263
f 5216 5271 5270
f 5216 5212 5272
f 5273 5274 5214
f 5212 5257 5275
f 5276 5192 5272
f 5255 5182 5253
f 1004 242 244
f 1005 244 719
f 264 257 5277
f 240 239 5277
f 5247 258 257
f 1017 719 1018
f 5239 5229 859
f 5229 5231 861
f 5250 5239 858
f 5231 5247 263
f 5278 5253 877
f 5253 5252 898
f 1055 1014 5279
f 1097 1018 1014
f 5251 1465 898
f 5251 5250 866
f 876 735 734
f 5270 1083 1085
f 148 5117 1080
f 151 1080 5280
f 5113 5108 5116
f 133 139 5174
f 5191 5254 5281
f 5173 5172 5282
f 349 348 5163
f 5168 5269 5268
f 5268 5198 5166
f 5264 5265 5163
f 5162 5283 5225
f 5198 5204 5165
f 5204 5262 5164
f 5135 5283 5162
f 5262 5259 5161
f 5283 5284 5224
f 5160 5161 5259
f 5135 277 5284
f 5285 5284 277
f 5110 5285 276
f 5285 5199 5224
f 5199 5285 5110
f 5159 5160 5261
f 5157 5159 5260
f 5258 5286 5150
f 5286 5195 5151
f 5287 5173 5169
f 5149 3941 3940
f 5288 5289 5290
f 5291 5292 5293
f 964 5294 5292
f 5295 961 5294
f 5296 5295 5297
f 5298 5296 5299
f 5300 5298 5301
f 1049 5300 5302
f 1032 5303 5304
f 5297 5294 964
f 5293 5290 956
f 5302 5301 967
f 5305 5302 968
f 1099 5291 955
f 5299 5297 963
f 5301 5299 966
f 965 964 5291
f 954 1031 5303
f 5169 5173 5269
f 5306 5307 5308
f 5196 5282 5306
f 5307 5306 5282
f 5171 5309 5307
f 5306 5310 5311
f 5311 5275 5257
f 5263 1085 1086
f 5218 1086 1088
f 5217 1088 5273
f 5271 3857 1083
f 5271 5272 5192
f 902 5312 5274
f 925 924 5192
f 5313 5281 5314
f 5315 5316 5317
f 5276 5275 5311
f 5316 5099 5318
f 5276 5319 5255
f 5266 5316 5315
f 5099 5316 5266
f 5319 5314 5281
f 925 5276 5278
f 5310 5314 5319
f 5117 5116 1081
f 5314 5310 5308
f 5320 5317 883
f 884 883 5317
f 5318 5321 892
f 5321 5322 893
f 153 893 5322
f 5323 5324 154
f 79 154 5324
f 5325 5326 80
f 33 80 5326
f 36 33 5327
f 5186 5238 5221
f 5186 5184 5227
f 5184 5183 5228
f 5230 5228 5183
f 5246 5230 5178
f 5248 5246 5177
f 5249 5248 5176
f 1428 1405 1389
f 1384 1365 5328
f 1365 1348 5329
f 5330 5329 1348
f 5331 5330 1309
f 1308 1279 5332
f 1279 1271 5333
f 1271 1228 5334
f 1228 1195 5335
f 1195 1152 5336
f 5337 5336 1152
f 5338 5339 1137
f 5175 5148 262
f 5245 262 5148
f 5243 5245 5136
f 5244 5243 5122
f 5121 5120 5242
f 5120 5119 5240
f 5119 5118 5241
f 1404 1418 5340
f 5147 5328 1381
f 1363 1407 5146
f 5321 5318 5099
f 5139 5152 5322
f 5323 5322 5152
f 146 86 5324
f 5280 1082 131
f 5133 5280 125
f 5134 5133 895
f 5341 1434 5340
f 1432 5341 1427
f 5341 1423 1415
f 1423 1417 1416
f 1417 1430 1453
f 1430 1444 1454
f 1460 1454 1444
f 1443 1456 1450
f 1440 1450 1456
f 1435 1440 1413
f 1445 1435 1412
f 1408 1425 1449
f 1425 1458 1438
f 1421 1438 1458
f 5328 5329 1333
f 5342 1333 5329
f 5330 5331 1277
f 1269 1277 5331
f 5332 5333 1226
f 5333 5334 1193
f 1147 1193 5334
f 1148 1147 5335
f 1131 1148 5336
f 39 1132 5339
f 5338 5327 40
f 5327 5326 42
f 85 42 5326
f 5325 5324 86
f 5131 5134 117
f 4955 75 5132
f 5130 5132 75
f 5129 5130 4954
f 77 1119 1126
f 1118 1190 1171
f 1206 1171 1190
f 1238 1206 1189
f 1218 1224 1255
f 1289 1255 1224
f 1267 1275 1320
f 1275 1305 5143
f 5144 5143 1305
f 1352 1363 5145
f 5313 5343 5219
f 5307 5309 5344
f 5345 5308 5344
f 5345 5346 5343
f 5347 5169 5127
f 5348 5349 5127
f 5350 402 406
f 486 487 378
f 3901 725 439
f 404 455 447
f 448 447 5351
f 459 5352 5348
f 505 494 503
f 492 372 503
f 505 502 5353
f 3863 3861 375
f 3898 3899 438
f 440 439 3861
f 403 369 3899
f 5348 367 402
f 413 415 5354
f 509 413 454
f 453 451 410
f 408 410 451
f 5355 408 450
f 5350 5355 460
f 5347 5349 5125
f 5348 5352 5125
f 5124 5158 5287
f 5158 5170 5171
f 5170 350 5309
f 350 5267 5344
f 5267 5315 5346
f 5343 5346 5315
f 5320 5237 5219
f 377 379 405
f 446 378 405
f 447 455 5356
f 5154 456 455
f 5354 5357 520
f 462 452 5358
f 5359 458 5351
f 466 512 452
f 5360 485 449
f 5351 458 485
f 465 449 512
f 5354 479 5358
f 5357 5361 539
f 5361 5362 546
f 5362 5363 565
f 5363 5364 582
f 5364 5365 611
f 5365 5366 619
f 5366 5367 641
f 5367 5368 661
f 5368 5369 673
f 5369 707 697
f 707 718 716
f 5352 459 458
f 5125 5123 316
f 5125 5352 5359
f 5356 457 5123
f 708 701 716
f 701 700 717
f 717 711 714
f 700 715 711
f 715 703 712
f 678 688 707
f 5369 5368 666
f 5368 5367 646
f 5367 5366 624
f 5366 5365 593
f 587 593 5365
f 5364 5363 570
f 5363 5362 551
f 5362 5361 540
f 5361 5357 417
f 415 417 5357
f 5220 5219 5237
f 5222 5220 5236
f 5223 5222 5235
f 5226 5223 5234
f 5156 5226 5233
f 3935 5156 5232
f 255 254 3936
f 254 252 3938
f 252 256 3940
f 3942 3940 256
f 232 235 3943
f 235 230 3945
f 230 1054 3947
f 1054 236 3949
f 236 237 3951
f 237 5370 3953
f 985 953 1101
f 987 995 952
f 989 996 5371
f 983 998 995
f 1036 1037 994
f 1065 1059 996
f 993 1101 1059
f 942 940 1037
f 1037 1036 1095
f 5372 979 869
f 1051 1033 979
f 1021 5373 5374
f 5375 1040 1023
f 5376 5377 5378
f 5377 5379 5380
f 5373 5381 5382
f 5383 5375 5378
f 5379 5384 5385
f 5381 5386 5387
f 5388 5383 5380
f 5303 5389 5390
f 1050 5391 5392
f 1030 5393 5394
f 5389 5303 1031
f 1030 1029 1467
f 1093 1033 1051
f 862 871 5382
f 5374 5382 871
f 5384 5379 5395
f 5376 865 5396
f 5396 5395 5379
f 264 261 1008
f 860 862 5387
f 5397 867 860
f 5398 943 942
f 5399 5400 1093
f 5401 944 5397
f 5402 5403 5404
f 5405 1467 1466
f 5406 5389 5394
f 5407 5408 5409
f 5410 5411 5412
f 5413 5388 5385
f 5414 5397 5415
f 5416 5417 5418
f 5419 5420 5421
f 5422 5418 5423
f 5424 1093 5392
f 5425 5421 5426
f 5427 5428 5408
f 5429 5430 5403
f 5431 942 5432
f 5433 5434 5435
f 5436 5437 5438
f 5439 5440 5423
f 5441 5420 5435
f 5442 5443 5409
f 5411 5444 5445
f 5418 5446 5447
f 5448 5434 5443
f 5430 5449 5450
f 5420 5441 5451
f 5428 5452 5453
f 5454 5455 5404
f 5456 5457 5458
f 5459 5458 5438
f 5421 5451 5460
f 5403 5450 5461
f 5434 5448 5462
f 5417 5463 5446
f 5437 5464 5465
f 5466 5467 5455
f 5408 5453 5468
f 5444 5411 5426
f 5463 5469 5470
f 5464 5471 5472
f 5473 5466 5454
f 5453 5474 5475
f 5476 5444 5460
f 5477 5439 5447
f 5478 5441 5462
f 5479 5442 5468
f 5444 5476 5480
f 5446 5470 5481
f 5482 5448 5442
f 5449 5483 5484
f 5441 5478 5485
f 5452 5486 5474
f 5487 5454 5461
f 5488 5456 5459
f 5489 5459 5465
f 5451 5485 5490
f 5450 5484 5491
f 5448 5482 5492
f 5493 5494 5495
f 5496 5497 5498
f 5499 5500 5501
f 5502 5503 5504
f 5505 5506 5507
f 5508 5509 5510
f 5511 5495 5512
f 5513 5514 5515
f 5516 5507 5517
f 5518 5519 5500
f 5520 5521 5497
f 5522 5523 5512
f 5524 5503 5523
f 5525 5526 5501
f 5527 5528 5529
f 5530 5529 5510
f 5531 5532 5526
f 5533 5514 5498
f 5534 5535 5517
f 5536 5521 5504
f 5537 5538 5539
f 5540 5541 5542
f 5543 5544 5545
f 5538 5537 5546
f 5547 5548 5549
f 5550 5551 5552
f 5553 5554 5555
f 5556 5539 5557
f 5558 5552 5559
f 5560 5561 5562
f 5563 5564 5554
f 5565 5566 5567
f 5548 5547 5568
f 5554 5569 5570
f 5564 5571 5569
f 5544 5572 5573
f 5574 5540 5575
f 5540 5574 5576
f 5577 5537 5556
f 5578 5550 5558
f 5561 5579 5580
f 5581 5582 5583
f 5584 5585 5549
f 5562 5580 5586
f 5537 5577 5587
f 5588 5576 5589
f 5585 5584 5590
f 5591 5575 5592
f 5593 5594 5572
f 5595 5548 5555
f 5596 5565 5582
f 5505 5516 5470
f 5516 5597 5481
f 5477 5481 5597
f 5486 5477 5598
f 5493 5511 5474
f 5511 5599 5475
f 5479 5475 5599
f 5292 958 5288
f 5294 961 958
f 1038 1019 1026
f 1038 1040 1021
f 1039 1026 1069
f 1060 1043 5600
f 5305 5304 1050
f 1006 1098 1070
f 1044 1043 1104
f 1096 1104 1070
f 960 5601 5289
f 1012 962 961
f 875 1012 5295
f 5602 875 5296
f 868 5602 5298
f 5372 868 5300
f 1040 5375 5373
f 5375 5383 5381
f 5383 5388 5386
f 5304 5390 5391
f 5603 5440 5428
f 5604 5412 5437
f 5440 5439 5452
f 5412 5445 5464
f 5445 5480 5471
f 5439 5477 5486
f 5598 5535 5494
f 5605 5515 5509
f 5579 5561 5546
f 5606 5558 5545
f 5607 5556 5608
f 5548 5595 5609
f 5482 5479 5610
f 5502 5611 5492
f 5533 5612 5613
f 5614 5615 5616
f 5617 5618 5619
f 5536 5620 5621
f 5622 5623 5624
f 5625 5621 5626
f 5627 5619 5628
f 5524 5629 5630
f 5631 5632 5615
f 5633 5634 5635
f 5636 5624 5637
f 5534 5638 5623
f 5639 5613 5634
f 5521 5520 5611
f 5478 5492 5611
f 5520 5496 5485
f 5496 5640 5490
f 5476 5490 5640
f 5513 5605 5480
f 5529 5641 5642
f 5471 5480 5605
f 5582 5567 5643
f 5644 5562 5592
f 5514 5513 5640
f 5645 5593 5544
f 5503 5502 5610
f 5528 5646 5641
f 5508 5642 5472
f 5526 5647 5648
f 5489 5472 5642
f 5535 5598 5597
f 5523 5610 5599
f 5488 5489 5641
f 5532 5649 5647
f 5518 5499 5484
f 5499 5648 5491
f 5487 5491 5648
f 5473 5487 5647
f 5585 5650 5651
f 5541 5540 5588
f 5652 5588 5583
f 5561 5560 5653
f 5652 5643 5654
f 5575 5542 5655
f 5541 5652 5656
f 5657 5658 5542
f 5658 5659 5655
f 5644 5655 5659
f 5560 5644 5660
f 5661 5662 5653
f 5538 5653 5662
f 5663 5664 5539
f 5664 5665 5557
f 5650 5557 5665
f 5650 5585 5608
f 5666 5667 5651
f 5547 5651 5667
f 5668 5669 5568
f 5553 5568 5669
f 5563 5553 5670
f 5671 5672 5552
f 5672 5673 5559
f 5543 5559 5673
f 5645 5543 5674
f 5675 5676 5567
f 5676 5654 5643
f 5677 5678 5669
f 5679 5680 5654
f 5594 5596 5632
f 5681 5677 5668
f 5682 5681 5667
f 5594 5593 5565
f 5683 5680 5684
f 5685 5686 5684
f 5675 5566 5645
f 5687 5683 5688
f 5689 5687 5690
f 5691 5662 5661
f 5690 5688 5692
f 5593 5645 5566
f 5688 5684 5686
f 5693 5692 5694
f 5695 5684 5680
f 5656 5654 5680
f 5657 5656 5683
f 5658 5657 5687
f 5694 5696 5678
f 5697 5696 5686
f 5698 5690 5693
f 5699 5674 5695
f 5674 5673 5685
f 5692 5686 5696
f 5689 5660 5659
f 5700 5670 5701
f 5697 5685 5673
f 5701 5678 5696
f 5691 5693 5702
f 5670 5669 5678
f 5703 5702 5681
f 5702 5694 5677
f 5703 5663 5662
f 5698 5661 5660
f 5666 5665 5664
f 5682 5664 5663
f 5704 5522 5705
f 5629 5524 5522
f 5706 5525 5707
f 5708 5527 5530
f 5709 5530 5710
f 5711 5531 5525
f 5612 5533 5712
f 5638 5534 5713
f 5620 5536 5714
f 5514 5533 5639
f 5507 5614 5713
f 5519 5617 5627
f 5521 5536 5625
f 5494 5622 5636
f 5497 5625 5712
f 5500 5627 5707
f 5503 5524 5714
f 5506 5631 5614
f 5509 5633 5710
f 5495 5636 5705
f 5535 5534 5622
f 5515 5639 5633
f 5638 5616 5589
f 5623 5638 5576
f 5574 5591 5624
f 5591 5586 5637
f 5704 5637 5586
f 5629 5704 5580
f 5579 5587 5630
f 5620 5630 5587
f 5577 5607 5621
f 5607 5590 5626
f 5612 5626 5590
f 5584 5609 5613
f 5634 5613 5609
f 5595 5570 5635
f 5709 5635 5570
f 5708 5709 5569
f 5578 5606 5619
f 5606 5573 5628
f 5706 5628 5573
f 5711 5706 5572
f 5596 5581 5615
f 5581 5589 5616
f 5467 5715 5716
f 5457 5717 5718
f 5434 5433 5719
f 5720 5402 5721
f 5420 5419 5722
f 5411 5410 5723
f 5473 5649 5505
f 5724 5407 5725
f 5406 5410 5604
f 5440 5603 5726
f 5443 5719 5725
f 5727 5416 5422
f 5405 5419 5425
f 5728 5422 5726
f 5649 5532 5506
f 5458 5718 5729
f 5730 5425 5723
f 5731 5427 5407
f 5732 5429 5402
f 5455 5716 5721
f 5401 5433 5722
f 5733 5436 5729
f 5413 5603 5427
f 5734 5604 5436
f 5715 5398 5431
f 5717 5399 5424
f 5433 5401 5414
f 5419 5405 5735
f 5410 5406 5736
f 5603 5413 5737
f 5719 5414 5738
f 5718 5424 5739
f 5716 5431 5740
f 5671 5551 5563
f 1095 5720 5740
f 5631 5506 5532
f 5387 5724 5738
f 5389 5406 5734
f 5741 5727 5728
f 1467 5405 5730
f 5384 5728 5737
f 5631 5531 5711
f 5393 5730 5736
f 5386 5731 5724
f 1094 5732 5720
f 944 5401 5735
f 5391 5733 5739
f 5388 5413 5731
f 5390 5734 5733
f 5701 5697 5672
f 5699 5679 5676
f 5564 5563 5551
f 5571 5564 5550
f 5578 5618 5708
f 5527 5708 5618
f 5617 5519 5528
f 5646 5528 5519
f 5488 5646 5518
f 5456 5488 5483
f 5449 5430 5457
f 5717 5457 5430
f 5399 5717 5429
f 5732 1094 5400
f 1094 1035 1034
f 980 1034 1035
f 981 991 975
f 991 986 970
f 5469 5463 5466
f 5467 5466 5463
f 5715 5467 5417
f 5398 5715 5416
f 5727 5741 943
f 941 943 5741
f 853 941 5395
f 854 853 5396
f 857 854 865
f 850 857 864
f 851 850 872
f 845 851 265
f 846 845 1011
f 848 846 1010
f 947 848 1048
f 986 984 971
f 984 992 977
f 992 1103 978
f 1057 978 1103
f 1064 988 973
f 988 5742 974
f 5743 5744 5745
f 5004 5003 5745
f 5746 5747 5748
f 5749 5750 5745
f 5747 5746 5751
f 5752 5753 5754
f 5753 5752 5755
f 5756 5757 5758
f 5759 5747 5760
f 5753 5761 5762
f 5761 5753 5763
f 5757 5764 5765
f 5747 5759 5766
f 5767 5749 5768
f 5769 5770 5771
f 5772 5773 5774
f 5775 5776 5777
f 5778 5779 5780
f 5781 5782 5780
f 5783 5784 5785
f 5786 5787 5788
f 5789 5790 5791
f 5792 5793 5794
f 5795 5796 5797
f 5798 5799 5800
f 5770 5801 5796
f 5795 5794 5771
f 5776 5802 5790
f 5789 5788 5777
f 5803 5785 5774
f 5804 5805 5782
f 5806 5807 5805
f 5808 5809 5799
f 5807 5810 5811
f 5805 5811 5812
f 5770 5769 5813
f 5808 5814 5815
f 5776 5775 5816
f 5817 5818 5819
f 5820 5821 5822
f 5823 5824 5825
f 5826 5827 5828
f 5827 5826 5829
f 5830 5831 5832
f 5833 5778 4894
f 5824 5823 5834
f 5835 5820 5836
f 5837 5823 5838
f 5782 5812 5839
f 5054 5053 5840
f 5827 5841 5842
f 5841 5827 5843
f 5831 5844 5845
f 5823 5837 5846
f 5847 5848 5849
f 5850 5851 5852
f 5853 5854 5855
f 5856 5857 5858
f 5859 5847 5860
f 5861 5862 5863
f 5864 5865 5866
f 5854 5867 5868
f 5864 5869 5870
f 5871 5850 5872
f 5857 5873 5874
f 5862 5875 5876
f 5877 5878 5879
f 5880 5881 5882
f 5883 5877 5884
f 5881 5885 5886
f 5887 5888 5851
f 5889 5890 5857
f 5891 5892 5862
f 5893 5894 5865
f 5895 5896 5869
f 5897 5887 5850
f 5890 5898 5873
f 5892 5899 5875
f 5900 5901 5902
f 5903 5904 5905
f 5906 5907 5908
f 5909 5910 5911
f 5912 5913 5914
f 5915 5916 5917
f 5918 5919 5920
f 5921 5922 5923
f 5924 5925 5926
f 5901 5927 5922
f 5921 5920 5902
f 5907 5928 5916
f 5915 5914 5908
f 5929 5911 5905
f 5930 5931 5925
f 5901 5900 5932
f 5930 5933 5934
f 5907 5906 5935
f 5936 5937 5938
f 5939 5940 5941
f 5942 5943 5944
f 5943 5942 5945
f 5946 5947 5948
f 5940 5939 5949
f 5950 5936 5951
f 5952 5939 5953
f 5943 5954 5955
f 5954 5943 5956
f 5947 5957 5958
f 5939 5952 5959
f 5960 5961 5962
f 5963 5964 5965
f 5966 5967 5968
f 5969 5970 5971
f 5972 5960 5973
f 5974 5975 5976
f 5977 5978 5979
f 5967 5980 5981
f 5977 5982 5983
f 5984 5963 5985
f 5970 5986 5987
f 5975 5988 5989
f 5990 5991 5992
f 5993 5994 5995
f 5996 5990 5997
f 5994 5998 5999
f 6000 6001 5964
f 6002 6003 5970
f 6004 6005 5975
f 6006 6007 5978
f 6008 6009 5982
f 6010 6000 5963
f 6003 6011 5986
f 6005 6012 5988
f 6013 6014 6015
f 6016 6017 6018
f 6019 6020 6021
f 6022 6023 6024
f 6025 6026 6027
f 6028 6029 6030
f 6031 6032 6033
f 6034 6035 6036
f 6037 6038 6039
f 6014 6040 6035
f 6034 6033 6015
f 6020 6041 6029
f 6028 6027 6021
f 6042 6024 6018
f 6043 6044 6038
f 6014 6013 6045
f 6043 6046 6047
f 6020 6019 6048
f 6049 6050 6051
f 6052 6053 6054
f 6055 6056 6057
f 6056 6055 6058
f 6059 6060 6061
f 6053 6052 6062
f 6063 6049 6064
f 6065 6052 6066
f 6056 6067 6068
f 6067 6056 6069
f 6060 6070 6071
f 6052 6065 6072
f 6073 6074 6075
f 6075 6074 6076
f 5047 5063 6077
f 6078 6079 6080
f 6081 6082 6083
f 6084 6085 6086
f 6087 6088 6089
f 6088 6087 6090
f 6085 6084 6091
f 6092 6084 6093
f 6088 6094 6095
f 6094 6088 6075
f 6084 6092 6096
f 6097 5840 6098
f 6099 5058 6100
f 6101 6102 6103
f 6018 6024 6104
f 5083 6105 6106
f 6101 5774 6107
f 5911 5910 6108
f 6109 5855 6110
f 5836 5822 6111
f 5761 6112 5846
f 5837 6113 5762
f 6114 5052 6115
f 6116 5836 6117
f 5841 6118 5959
f 5954 6119 6072
f 6065 6120 5955
f 5952 6121 5842
f 6122 6063 6096
f 6067 6122 6092
f 5092 5061 6123
f 6124 5902 6125
f 6126 6111 6127
f 5075 5074 6115
f 5781 5779 6128
f 6129 5860 6130
f 6131 6132 5839
f 6133 6134 6135
f 4947 4946 6136
f 4903 6137 6138
f 6139 6140 6141
f 6142 6143 6132
f 4905 4908 4948
f 6144 6145 6146
f 4906 4905 4947
f 6145 6144 6147
f 6148 6149 6145
f 6149 6150 6146
f 6148 6151 4943
f 6152 6153 6154
f 4904 6155 4944
f 5819 6156 6157
f 6155 6158 4945
f 6159 6160 6161
f 6160 6159 6162
f 6163 6136 6153
f 6164 6165 6166
f 6167 6164 6168
f 6169 6170 6171
f 6172 6173 6161
f 6174 6175 6173
f 6176 6177 6175
f 6176 6178 6179
f 6179 6178 6180
f 6180 6181 6182
f 6183 6184 6185
f 6186 6187 6184
f 6188 6189 6190
f 6189 6191 6192
f 6191 6193 6194
f 6195 6196 6182
f 6196 6195 6197
f 5083 5082 6077
f 5794 5793 6198
f 5838 5825 6199
f 5778 5833 6200
f 6201 6194 6193
f 6187 6202 6197
f 6203 6204 6184
f 6204 6205 6185
f 6206 6207 6208
f 6209 6210 6185
f 6169 6210 6209
f 6201 6211 6212
f 6213 6214 6212
f 6215 6216 6217
f 6218 6217 6216
f 6219 6220 6218
f 6221 6220 6219
f 6222 6223 6224
f 6225 6208 6142
f 6226 6227 6208
f 6152 6228 6229
f 6230 4895 5839
f 6231 5804 5781
f 6232 6224 6223
f 6233 6234 6232
f 4950 6157 6156
f 6235 5806 5804
f 6233 6236 6237
f 6238 6239 6240
f 5811 6225 6131
f 5810 6226 6225
f 6241 6242 6162
f 6243 6244 6245
f 6246 6247 4895
f 4930 4925 6238
f 6248 6249 6250
f 5817 6243 6251
f 6152 6246 6230
f 6252 6230 6132
f 6253 6240 6254
f 6255 6253 4951
f 5778 6256 6128
f 6257 6200 5833
f 6257 6258 6259
f 6258 6248 6260
f 6261 6262 4940
f 6263 6264 4923
f 6264 6261 4924
f 6265 6266 6267
f 6268 6269 6270
f 6271 6270 6207
f 6272 6207 6206
f 6273 4916 4915
f 6274 6275 6250
f 6154 6276 6250
f 6277 6275 6262
f 6278 6279 6264
f 6279 6277 6261
f 6274 4946 4916
f 4936 4940 6262
f 6280 6238 6253
f 4902 4906 6163
f 6273 6262 6275
f 6259 6260 6277
f 4952 6281 6150
f 6282 6259 6279
f 6249 6247 6246
f 4899 4902 6229
f 6249 6248 4893
f 6283 4899 6228
f 6260 6250 6275
f 4903 6135 6155
f 6141 6140 6151
f 4925 6284 6239
f 4942 4952 6149
f 6135 6134 6158
f 6276 6136 4946
f 5054 6097 6285
f 6097 4898 5817
f 6284 4927 6286
f 4953 4918 4917
f 4898 4897 5818
f 6287 6169 6165
f 5066 6288 6106
f 6159 6289 6290
f 6291 6287 6164
f 6292 5818 4897
f 6293 6292 6294
f 6255 6293 6295
f 4518 6296 6297
f 4518 4521 6298
f 4521 4523 4549
f 6156 6292 6293
f 5819 5818 6292
f 6299 6300 6280
f 6252 6301 6228
f 6291 4900 6302
f 6153 6136 6276
f 6258 5833 4893
f 6237 6236 6303
f 6304 6305 6206
f 6143 6269 6301
f 6306 6206 6227
f 6208 6207 6270
f 6170 6268 6271
f 6307 6291 6167
f 6271 6272 6308
f 6287 6302 6170
f 6307 6137 4903
f 6183 6308 6272
f 6268 6283 6301
f 6186 6183 6305
f 6309 6310 6303
f 6300 6311 4930
f 6251 6162 6242
f 6162 6251 6245
f 6190 6192 6137
f 6270 6269 6143
f 6312 6313 6314
f 6091 6096 6315
f 5825 5791 6198
f 6316 6317 6074
f 6008 5979 6318
f 6319 5999 6320
f 5095 5087 6100
f 6321 6322 6323
f 6324 6172 6323
f 6192 6194 6138
f 6133 6138 6194
f 6308 6185 6210
f 6049 6063 6122
f 6133 6201 6214
f 6174 6172 6324
f 6325 6326 6176
f 6327 5047 6328
f 4900 6291 6307
f 4894 5780 5839
f 5980 5967 6006
f 6007 6006 5967
f 5961 5960 6005
f 6012 6005 5960
f 5987 6329 6016
f 6046 6043 6040
f 6043 6037 6035
f 6037 6330 6036
f 6330 6039 6051
f 5995 5999 6319
f 6331 5995 5985
f 6332 5971 5997
f 6333 5997 5971
f 6019 6329 5987
f 5986 6011 6048
f 6334 6335 6048
f 6329 6021 6017
f 6021 6027 6042
f 6027 6026 6022
f 6330 6050 6058
f 6031 6036 6058
f 6050 6049 6069
f 6187 6186 6336
f 4897 4896 6337
f 6294 6337 6338
f 6295 6338 6339
f 6299 6339 6340
f 6300 6340 6265
f 4900 4899 6283
f 6302 6283 6268
f 6144 6341 6214
f 6213 6217 6147
f 6139 6147 6217
f 6220 4949 6139
f 6326 6342 6178
f 6180 6178 6342
f 6343 6344 6181
f 6344 6345 6195
f 4950 4949 6220
f 6221 6224 6157
f 6346 6173 6175
f 6177 6347 6348
f 6347 6177 6179
f 6349 6182 6196
f 6350 6351 6182
f 6351 6350 6352
f 6353 6196 6202
f 6289 6161 6173
f 6354 5807 5806
f 5069 6290 6355
f 6356 6226 5810
f 5807 6354 6357
f 6358 5806 6235
f 6290 6289 6346
f 6359 6227 6226
f 6360 6361 6362
f 6363 6364 6365
f 6366 6349 6353
f 6367 6347 6352
f 6363 6350 6349
f 5069 5055 6241
f 6336 6360 6368
f 6350 6363 6369
f 6370 6366 6368
f 6364 6363 6366
f 6347 6367 6371
f 6356 6357 6362
f 6242 6241 5055
f 6304 6360 6336
f 6356 6361 6306
f 6346 6348 6371
f 6304 6306 6361
f 6358 6372 6365
f 6354 6358 6364
f 6373 5069 6374
f 6373 6375 6372
f 6370 6362 6357
f 6243 5819 6376
f 6376 6157 6224
f 6376 6232 6234
f 6345 6377 6197
f 6203 6197 6377
f 6066 6054 6378
f 5034 5033 6379
f 5033 4994 6380
f 6381 6382 5758
f 6382 5744 6383
f 5755 5027 5004
f 4986 5027 5755
f 6384 5743 5003
f 6385 6384 5002
f 6385 5038 5036
f 4960 6386 5013
f 6387 5029 4960
f 6388 5037 6386
f 6389 6390 5009
f 6390 6391 5015
f 6392 6391 4997
f 6393 6394 4999
f 6393 6395 5035
f 6392 4996 4999
f 5010 5016 6396
f 6397 5010 5001
f 6398 4971 6399
f 4990 5029 6387
f 5026 4985 4991
f 4975 4981 4974
f 4973 4979 4957
f 4979 4978 4958
f 5752 6400 4987
f 6401 6402 4987
f 6403 5748 5757
f 5764 5757 5748
f 6404 4991 6405
f 6406 6407 5754
f 6407 6401 6400
f 4977 5023 5751
f 5746 6403 4978
f 6408 6402 5023
f 6409 6408 5024
f 6410 6409 5021
f 6410 6405 4991
f 4970 5020 6411
f 6412 6405 5020
f 6379 6380 5018
f 6395 6379 5017
f 6411 5020 6405
f 4985 4984 6409
f 6413 6414 5828
f 6414 6199 6415
f 5824 6416 5787
f 6417 6198 5791
f 6418 6417 5790
f 6419 6418 5802
f 5051 6114 5815
f 6420 6100 5058
f 6421 6100 5087
f 6422 6123 5085
f 6423 6422 5084
f 6424 6423 5094
f 6424 6106 5065
f 5062 5046 5090
f 5079 5083 6288
f 6105 5062 5065
f 6105 6077 5063
f 6328 6077 5082
f 6425 6328 5078
f 6426 6115 5052
f 6103 6115 5074
f 5813 5096 5051
f 5072 5096 5813
f 5769 6427 5073
f 6102 6107 5809
f 6107 6428 5799
f 6428 6127 5800
f 5786 5791 5825
f 6199 6198 5793
f 5826 6415 5793
f 6117 6111 6126
f 6429 6117 5832
f 4984 4988 6408
f 4988 4987 6402
f 5760 5751 6401
f 6430 6431 6204
f 6431 6432 6205
f 6234 6237 6245
f 6433 6245 6237
f 6140 6139 4949
f 6151 6140 6254
f 6240 6239 4943
f 4932 4943 6239
f 4934 4945 6281
f 6150 6281 4945
f 6158 6134 6146
f 6134 6133 6341
f 6160 6433 6310
f 6309 6323 6161
f 6432 6434 6209
f 6165 6209 6434
f 6435 5760 6407
f 5751 5023 6402
f 5016 6392 6394
f 6436 6437 5948
f 6437 6438 6439
f 5946 6439 5910
f 6440 6108 5926
f 6441 6440 5925
f 6442 6441 5931
f 5874 6443 5903
f 6444 6130 5877
f 6445 6130 5860
f 6446 6110 5881
f 6110 6447 5885
f 6448 6447 5868
f 6449 6450 5870
f 6449 6451 5897
f 6451 6452 5887
f 6452 6453 5888
f 6450 6454 5886
f 5882 5886 6454
f 6455 5882 5872
f 6456 5858 5884
f 6457 5884 5858
f 5906 6443 5874
f 5873 5898 5935
f 6458 6459 5935
f 6443 5908 5904
f 5908 5914 5929
f 5914 5913 5909
f 5913 6460 5946
f 5940 6460 5913
f 5912 5917 5941
f 5947 5946 6460
f 5949 5959 5957
f 5835 5957 5959
f 5820 5835 6118
f 5821 5820 5843
f 5792 5797 5829
f 5829 5797 6461
f 6461 5800 5822
f 5798 6461 5797
f 5808 5798 5796
f 5814 5808 5801
f 6419 5816 5095
f 5070 5095 5816
f 5775 6462 5071
f 5096 5089 5039
f 5040 5039 5089
f 5091 5090 5046
f 6463 5079 5067
f 6464 5050 5081
f 6465 5081 5050
f 5071 6462 5772
f 5772 6101 5080
f 6102 5815 6114
f 6462 5777 5773
f 5777 5788 5803
f 5788 5787 5783
f 5787 6416 5830
f 5830 6126 5784
f 6111 5822 5800
f 5831 5830 6416
f 5834 5846 5844
f 5767 5844 5846
f 6112 5763 5749
f 5750 5749 5763
f 6403 5756 4958
f 5756 6383 4959
f 5012 5004 5027
f 5014 5012 5032
f 5025 6387 6466
f 5022 4974 4971
f 4974 4981 6399
f 4961 4960 5029
f 5031 5030 4967
f 4996 4967 5030
f 5867 5854 5893
f 5894 5893 5854
f 5848 5847 5892
f 5899 5892 5847
f 5900 6124 5876
f 5875 5899 5932
f 5859 5933 5932
f 5933 5930 5927
f 5930 5924 5922
f 5924 6467 5923
f 6468 6469 5941
f 5942 6470 5919
f 5918 5923 5945
f 5937 5936 5956
f 5936 5950 6119
f 6072 6119 5950
f 6062 6072 6070
f 6060 6059 6471
f 6055 6472 6032
f 6473 6474 6061
f 6474 6475 6476
f 6477 6378 6054
f 6025 6030 6054
f 6053 6471 6026
f 6104 6478 6039
f 6479 6104 6038
f 6480 6479 6044
f 6013 6481 5989
f 5988 6012 6045
f 6012 5972 6046
f 6482 6483 5990
f 6484 6483 5973
f 6485 6486 5994
f 6486 6487 5998
f 6320 6487 5981
f 6488 6320 5980
f 6489 6488 5983
f 6489 6490 6010
f 6490 6491 6000
f 6491 6318 6001
f 6492 6493 6003
f 6334 6493 5976
f 6016 6494 5996
f 5972 6495 6047
f 6482 5996 6494
f 6335 6496 6041
f 6496 6497 6029
f 6497 6477 6030
f 6022 6026 6471
f 6059 6476 6023
f 6478 6023 6476
f 6498 6378 6472
f 6499 6498 6057
f 6500 6501 5890
f 6458 6501 5863
f 5859 6129 5934
f 5903 6502 5883
f 6444 5883 6502
f 6459 6125 5928
f 6125 6503 5916
f 6503 6468 5917
f 5923 6467 5937
f 6467 5926 5938
f 6108 5910 6439
f 6504 6469 6470
f 6505 6504 5944
f 4998 5034 6395
f 5000 6396 6394
f 6506 4876 4872
f 6507 6508 6509
f 6510 6509 6508
f 4847 4872 4876
f 4836 4847 4865
f 4808 4836 4856
f 6511 6510 6512
f 6513 6511 6514
f 4798 4808 4829
f 6515 6513 6516
f 6517 6518 6519
f 4772 4798 4819
f 4761 4772 4791
f 6520 6519 6518
f 6521 6522 6523
f 4732 4761 4783
f 4725 4732 4754
f 4712 4725 4745
f 6522 6524 6525
f 6524 6526 6527
f 6526 6528 6529
f 6528 6530 6531
f 6530 6532 6533
f 4689 4712 4718
f 4676 4689 4708
f 4648 4676 4682
f 4672 4633 6534
f 6532 6535 6536
f 4623 6537 6538
f 6539 6537 6540
f 6539 6541 6542
f 6541 6543 6544
f 4575 4595 6545
f 4463 4575 4588
f 4544 4463 4579
f 6546 4544 4556
f 4509 6546 4553
f 4512 4509 4522
f 4510 4512 4520
f 4517 6547 4511
f 6548 6549 6550
f 6551 6548 6552
f 6553 6554 6555
f 6554 6556 6557
f 6556 6558 6559
f 6560 6559 6558
f 6561 6560 6562
f 6563 6564 6565
f 5016 5015 6391
f 4968 4997 6391
f 6566 4968 6390
f 5006 5005 5037
f 5011 5013 5038
f 4982 4976 6384
f 4976 4959 5743
f 5768 5745 5744
f 6567 5768 6382
f 4959 6383 5744
f 5005 5036 5038
f 6427 6419 6420
f 6427 5771 6418
f 5876 6124 6459
f 5886 5885 6447
f 5774 5785 6428
f 5785 5784 6127
f 5064 5093 6423
f 5771 5794 6417
f 6113 5838 6414
f 5093 5092 6422
f 5895 5866 6453
f 5902 5920 6503
f 6129 6444 6442
f 6009 6008 6491
f 5991 5990 6483
f 6568 5951 6437
f 5878 5877 6130
f 6569 5968 6486
f 6121 5953 6504
f 6570 5863 6501
f 6502 5905 6441
f 5926 6108 6438
f 5871 6454 6450
f 5951 5938 6438
f 5982 6009 6490
f 5870 6450 6448
f 6481 6015 6496
f 5869 5896 6451
f 6495 5973 6483
f 6120 6066 6498
f 6015 6033 6497
f 5898 5890 6501
f 6033 6032 6477
f 5896 5895 6452
f 5920 5919 6468
f 5953 5941 6469
f 5919 6470 6469
f 5855 5868 6447
f 5905 5911 6440
f 6024 6023 6478
f 6494 6018 6479
f 6571 5976 6493
f 6032 6472 6378
f 6495 6482 6480
f 6572 6064 6474
f 5989 6481 6335
f 6064 6051 6475
f 5984 6319 6488
f 6573 6574 6086
f 5968 5981 6487
f 6011 6003 6493
f 6039 6478 6475
f 5999 5998 6487
f 6313 6312 6317
f 6575 6576 6574
f 5950 6568 6071
f 5835 6116 5958
f 5767 6567 5845
f 6577 6578 5764
f 6579 6080 6188
f 6578 6580 5765
f 6581 6580 6236
f 6581 6582 6567
f 6582 6583 5845
f 6584 6583 6223
f 6584 6585 6116
f 6586 6585 6219
f 6586 6587 6436
f 6588 6587 6216
f 6588 6589 6071
f 6589 6590 6473
f 6590 6591 6572
f 6592 6593 6166
f 6594 6577 5766
f 6594 6595 6324
f 6596 6595 6435
f 6596 6597 6326
f 6597 6598 6342
f 6599 6600 6432
f 6601 6599 6431
f 6601 6602 6120
f 6603 6602 6377
f 5842 6121 6505
f 6604 6603 6345
f 6605 6604 6344
f 6605 6598 6113
f 6606 6607 6608
f 5076 5075 5077
f 6609 6610 6611
f 6464 5076 6463
f 6612 6613 6614
f 5048 6464 5044
f 5043 5085 5086
f 6615 6616 6617
f 6618 6606 6619
f 6421 5086 5085
f 6620 6621 6622
f 6123 5061 6099
f 6623 6624 6625
f 6613 6626 6627
f 6623 6628 6629
f 6630 6609 6631
f 6616 6632 6633
f 6621 6634 6635
f 6636 6637 6638
f 5056 6099 5061
f 6639 6640 6641
f 5060 5091 5088
f 6642 6636 6643
f 6640 6644 6645
f 5091 5045 5040
f 6646 6647 6610
f 5045 6327 5041
f 6648 6649 6616
f 6426 5041 6327
f 6650 6651 6621
f 6425 5077 5075
f 6652 6653 6624
f 6654 6655 6628
f 6656 6646 6609
f 6649 6657 6632
f 6651 6658 6634
f 6659 6660 6661
f 6662 6663 6664
f 6665 6666 6667
f 6668 6669 6670
f 6671 6672 6673
f 6674 6675 6676
f 6677 6678 6679
f 6680 6681 6682
f 6683 6684 6685
f 6660 6686 6681
f 6680 6679 6661
f 6666 6687 6675
f 6674 6673 6667
f 6688 6670 6664
f 6689 6690 6684
f 6660 6659 6691
f 6689 6692 6693
f 6666 6665 6694
f 6664 6670 6695
f 6389 5008 5006
f 6654 6625 6696
f 6697 6645 6698
f 6626 6613 6652
f 6653 6652 6613
f 5007 5006 5008
f 6398 5007 6397
f 6607 6606 6651
f 6658 6651 6606
f 6633 6699 6662
f 6692 6689 6686
f 6689 6683 6681
f 6683 6700 6682
f 6700 6685 6701
f 6641 6645 6697
f 6702 6641 6631
f 4969 6398 4965
f 4964 5018 5019
f 6703 6617 6643
f 6704 6643 6617
f 6665 6699 6633
f 6632 6657 6694
f 6705 6706 6694
f 6699 6667 6663
f 6667 6673 6688
f 6673 6672 6668
f 6700 6707 6708
f 6677 6682 6708
f 6709 6710 6678
f 6711 6575 6573
f 6671 6676 6573
f 6712 6713 6672
f 6695 6714 6685
f 6715 6695 6684
f 6716 6715 6690
f 6659 6717 6635
f 6634 6658 6691
f 6658 6618 6692
f 6718 6719 6636
f 6720 6719 6619
f 6412 5019 5018
f 6380 4994 6404
f 6721 6722 6640
f 6722 6723 6644
f 6698 6723 6627
f 6724 6698 6626
f 6725 6724 6629
f 6725 6726 6656
f 6726 6727 6646
f 6727 6696 6647
f 4989 6404 4994
f 4993 5031 5028
f 6728 6729 6649
f 6705 6729 6622
f 6662 6730 6642
f 6618 6731 6693
f 6718 6642 6730
f 6706 6732 6687
f 6732 6733 6675
f 6733 6711 6676
f 6668 6672 6713
f 6734 6735 6669
f 6714 6669 6735
f 6655 6654 6727
f 6637 6636 6719
f 6736 6614 6722
f 6628 6655 6726
f 6717 6661 6732
f 6731 6619 6719
f 6661 6679 6733
f 6679 6678 6711
f 6670 6669 6714
f 6730 6664 6715
f 6737 6622 6729
f 6678 6710 6575
f 6731 6718 6716
f 6635 6717 6706
f 6630 6697 6724
f 5031 4966 4961
f 4966 6566 4962
f 6614 6627 6723
f 6388 4962 6566
f 6657 6649 6729
f 6685 6714 6738
f 6645 6644 6723
f 6738 6735 6313
f 6316 6073 6701
f 6735 6734 6314
f 6085 6314 6734
f 6713 6712 6086
f 6073 6090 6707
f 6708 6707 6090
f 6087 6083 6709
f 6710 6709 6083
f 6317 6078 6076
f 6312 6315 6078
f 6739 6591 6193
f 6079 6739 6191
f 6080 6079 6189
f 6576 6575 6710
f 6082 6086 6574
f 6093 6086 6082
f 6315 6739 6079
f 6600 6592 6434
f 6321 6303 6578
f 6303 6236 6580
f 6381 5765 6580
f 6233 6740 6582
f 6740 6223 6583
f 6429 5845 6583
f 6222 6219 6585
f 5958 6116 6585
f 6741 6216 6587
f 6568 6436 6587
f 6215 6212 6589
f 6212 6211 6590
f 6211 6193 6591
f 6168 6166 6593
f 6322 6321 6577
f 5759 6435 6595
f 6325 6324 6595
f 6406 5762 6597
f 5762 6113 6598
f 6742 6743 6068
f 6499 6068 6599
f 6430 6377 6602
f 5955 6120 6602
f 6505 5955 6603
f 6413 6505 6604
f 6343 6342 6598
f 6063 6572 6315
f 6739 6315 6572
f 6744 6076 6080
f 6094 6744 6579
f 6593 6592 6095
f 6742 6093 6081
f 6089 6095 6743
f 6068 6743 6600
f 6743 6095 6592
f 6372 6375 6745
f 6355 6371 6367
f 6369 6365 6745
f 6374 6367 6745
f 6235 6231 5068
f 6231 6746 5053
f 6746 6128 5840
f 6128 6256 6098
f 6256 6200 4896
f 6337 4896 6200
f 6338 6337 6257
f 6339 6338 6282
f 6278 6263 6340
f 6263 4938 6265
f 4938 4937 6266
f 4931 4930 6311
f 4869 4881 6747
f 4889 4857 6508
f 4857 4851 6512
f 4843 4869 6509
f 4833 4843 6510
f 4851 4821 6514
f 4821 4813 6516
f 4813 4801 6517
f 6518 6517 4801
f 4777 4765 6521
f 6522 6521 4765
f 4739 4729 6524
f 4729 4701 6526
f 4701 4693 6528
f 6530 6528 4693
f 4665 4655 6532
f 4655 4654 6535
f 6748 6543 6749
f 6748 6750 6751
f 4591 4596 6544
f 6752 6751 4597
f 6552 6550 4598
f 4567 4562 6553
f 6554 6553 4562
f 6556 6554 4561
f 4560 4409 6558
f 6562 6558 4409
f 6563 6562 4408
f 6564 6563 4410
f 6561 6565 6297
f 6296 6298 6560
f 6298 4549 6559
f 6557 6559 4549
f 6555 6557 4548
f 6551 6555 4554
f 4557 4563 6548
f 4563 4592 6549
f 4590 4597 6751
f 4584 4590 6753
f 6754 6750 6755
f 4599 6754 6756
f 4642 4641 6533
f 6531 6533 4641
f 4674 4686 6529
f 6527 6529 4686
f 4710 4722 6525
f 6523 6525 4722
f 4747 4758 6520
f 4758 4768 6519
f 4768 4795 6515
f 4795 4804 6513
f 4804 4833 6511
f 6446 5880 5878
f 6445 5849 6109
f 5853 6109 5849
f 5879 5878 5880
f 6456 5879 6455
f 5856 6456 5852
f 5851 5888 5889
f 6500 5889 5888
f 6453 5866 6570
f 5861 6570 5866
f 5865 5894 5891
f 5894 5853 5848
f 6485 5993 5991
f 6484 5962 6569
f 5966 6569 5962
f 6007 5966 5961
f 5978 6007 6004
f 5974 6571 5979
f 6318 5979 6571
f 6492 6002 6001
f 5964 6001 6002
f 5969 6332 5965
f 6332 5992 6331
f 5992 5991 5993
f 6638 6637 6639
f 6703 6638 6702
f 6615 6703 6611
f 6610 6647 6648
f 6728 6648 6647
f 6696 6625 6737
f 6620 6737 6625
f 6624 6653 6650
f 6653 6612 6607
f 6612 6736 6608
f 6720 6608 6736
f 6721 6639 6637
f 6542 6544 4596
f 6757 6542 4589
f 4585 4594 6538
f 4624 6538 4594
f 6758 4624 4593
f 4583 4582 4620
f 4618 4620 4582
f 4616 4618 4581
f 4614 4616 4586
f 4598 6550 4611
f 4612 4611 6550
f 6549 4592 6759
f 4592 4587 6760
f 4587 6545 4603
f 4601 4603 6545
f 6761 4601 4595
f 6762 6756 4636
f 6756 6755 4637
f 4639 4637 6755
f 6763 6749 4640
f 4649 4640 6749
f 4626 4649 6764
f 6765 6540 4627
f 4643 4627 6540
f 4651 4643 6766
f 6767 4622 4658
f 4656 4658 4622
f 4628 4656 6768
f 4654 4628 6769
f 6535 4654 6770
f 6771 4609 6536
f 4609 4608 4642
f 4608 4607 4632
f 4607 4605 4633
f 6534 4633 4605
f 4646 6534 6772
f 6762 6772 4600
f 4605 4602 4600
f 6760 4603 4602
f 6759 6760 4604
f 6759 4606 6773
f 6771 4610 6773
f 6770 4613 4610
f 6770 6769 4615
f 6769 6768 4617
f 6768 4622 4619
f 6758 4620 4619
f 6767 6766 4623
f 6766 6540 6537
f 6757 6538 6537
f 6765 6764 6541
f 6764 6749 6543
f 6752 6544 6543
f 6763 6755 6750
f 6753 6751 6750
f 6761 6753 6754
f 2 1105 6774
f 1182 1108 1146
f 1175 1111 1108
f 1166 1113 1111
f 1157 1115 1113
f 1186 1117 6774
f 1190 1118 1123
f 108 1120 6775
f 1184 1123 1127
f 1170 1124 6776
f 1177 1127 6775
f 1149 1128 5141
f 1121 1120 1133
f 1148 1131 1128
f 1159 1133 1134
f 1160 1134 1117
f 1151 1135 6777
f 1179 1138 6778
f 1164 1141 5142
f 1106 1105 1115
f 1155 1144 1141
f 1154 1146 1144
f 1136 1135 6778
f 1162 5141 1124
f 1173 5142 1138
f 5339 5337 6777
f 1132 1131 5337
f 1119 1118 6776
f 6779 6780 6781
f 6782 6783 6784
f 6785 6786 6787
f 6786 6788 6782
f 6789 6790 6788
f 6791 6789 6786
f 6792 6793 6790
f 6794 6792 6789
f 6795 6796 6793
f 6797 6795 6792
f 6798 6799 6796
f 6800 6798 6795
f 6801 6802 6799
f 6803 6801 6798
f 6804 6805 6802
f 6806 6804 6801
f 6807 6808 6805
f 6809 6807 6804
f 6810 6811 6808
f 6812 6810 6807
f 6813 6814 6815
f 6816 6813 6817
f 6818 6819 6820
f 6819 6821 6822
f 6823 6824 6819
f 6824 6825 6821
f 6826 6827 6824
f 6827 6828 6825
f 6829 6830 6781
f 6831 6832 6784
f 6833 6834 6832
f 6835 6836 6830
f 6837 6838 6834
f 6839 6840 6836
f 6841 6842 6838
f 6843 6844 6840
f 6845 6846 6847
f 6848 6849 6850
f 6851 6852 6846
f 6853 6854 6849
f 6855 6856 6852
f 6857 6858 6854
f 6859 6860 6815
f 6861 6862 6825
f 6862 6863 6821
f 6863 6864 6865
f 6866 6867 6808
f 6867 6868 6805
f 6868 6869 6802
f 6869 6870 6799
f 6870 6871 6796
f 6871 6872 6793
f 6873 6874 6788
f 6875 6876 6783
f 6876 6877 6831
f 6874 6875 6782
f 6878 6879 6837
f 6877 6878 6833
f 6872 6880 6881
f 6882 6883 6845
f 6883 6884 6851
f 6884 6885 6855
f 6886 6887 6888
f 6889 6847 6842
f 6890 6850 6844
f 6879 6891 6887
f 6892 6893 6888
f 6893 6894 6895
f 6894 6896 6897
f 6896 6898 6899
f 6900 6901 6902
f 6903 6904 6905
f 6904 6906 6907
f 6901 6903 6908
f 6909 6910 6901
f 6910 6911 6903
f 6911 6912 6904
f 6912 6913 6906
f 6914 6915 6910
f 6916 6913 6917
f 6915 6918 6911
f 6918 6919 6912
f 6919 6917 6913
f 140 143 6915
f 6920 6917 142
f 143 144 6918
f 144 145 6919
f 145 142 6917
f 6865 6864 6921
f 6922 6921 6864
f 6923 6922 6924
f 6925 6926 6927
f 6928 6929 6930
f 6931 6932 6933
f 6929 6934 6935
f 6932 6928 6936
f 6934 6937 6880
f 6938 6939 6940
f 6941 6942 6943
f 6939 6944 6945
f 6946 6941 6947
f 6942 6948 6891
f 6944 6946 6949
f 6892 6887 6891
f 6880 6937 6938
f 6950 6951 6952
f 6900 6952 6953
f 6909 6953 6954
f 6914 6954 183
f 6955 6956 6957
f 6958 6955 6959
f 6960 6961 6962
f 6963 6960 6964
f 6961 6958 6965
f 6951 6957 6956
f 6966 6967 6968
f 6967 6969 6970
f 6971 6966 6972
f 6969 6973 6974
f 6973 6975 6976
f 6977 6976 6975
f 6978 6979 6960
f 6963 6975 6980
f 6981 6982 6955
f 6982 6983 6956
f 6984 6985 6967
f 6985 6986 6969
f 6987 6984 6966
f 6986 6988 6973
f 6989 6981 6958
f 6990 6987 6971
f 6988 6980 6975
f 6979 6989 6961
f 6952 6956 6983
f 6953 6983 6991
f 6954 6991 224
f 6992 6993 6979
f 6993 6994 6989
f 6994 6995 6981
f 6996 6997 6998
f 6999 7000 6995
f 6982 6998 6991
f 7001 7002 6993
f 6997 238 234
f 7002 6999 6994
f 7003 7004 6997
f 7004 5370 238
f 7005 7006 7007
f 7006 7008 7009
f 7008 7010 7011
f 7012 7013 6984
f 7014 7015 6986
f 7013 7014 6985
f 7016 7017 6980
f 7018 7012 6987
f 7015 7016 6988
f 7019 7020 7017
f 7021 7019 7016
f 7022 7021 7015
f 6992 6978 6980
f 6992 7017 7020
f 7023 7024 7025
f 7005 7024 7026
f 7027 7028 7025
f 7029 7030 7031
f 7032 7033 7034
f 268 7035 7036
f 7037 7038 7039
f 7040 7041 7038
f 7042 7039 7038
f 7041 7043 7044
f 7045 7046 7036
f 281 7046 7047
f 7047 7046 7045
f 7048 7036 7035
f 269 7036 7046
f 7049 7050 7051
f 7052 7045 7039
f 7053 7054 7055
f 7056 7057 7058
f 7059 7060 7061
f 7062 7055 7063
f 302 7061 7060
f 7064 7061 7065
f 7066 7063 7067
f 309 7065 7061
f 7068 7065 7069
f 7070 7067 7071
f 314 7069 7065
f 7072 7073 7074
f 7075 7076 7077
f 7078 7079 7053
f 7080 7081 7082
f 7083 7084 7081
f 7062 7085 7086
f 7066 7087 7085
f 7070 7088 7087
f 7089 7090 7088
f 7073 7091 7090
f 7072 7077 7091
f 7075 7084 7083
f 7058 7057 7081
f 7057 7092 7082
f 336 5128 7093
f 7079 7082 7092
f 7094 7095 7037
f 7040 7096 7097
f 7098 7097 7099
f 7100 7058 7084
f 7101 7102 7103
f 7104 7069 7105
f 353 7105 7069
f 7076 7083 7106
f 7107 7108 7077
f 7088 7090 7109
f 7086 7085 7110
f 7111 7106 7083
f 7085 7087 7112
f 7078 7086 7113
f 7090 7091 7114
f 7115 7111 7080
f 7108 7114 7091
f 7087 7088 7116
f 366 7117 7105
f 7118 7119 7120
f 7121 7122 7123
f 7073 7089 7071
f 7124 7100 7075
f 7125 7082 7079
f 7053 7079 7126
f 7125 7078 7127
f 7128 7121 7129
f 376 7130 7131
f 379 7132 7117
f 7109 7114 7133
f 7134 7135 7106
f 7136 7133 7114
f 7107 7106 7135
f 7113 7110 7137
f 7110 7112 7138
f 7139 7136 7108
f 7140 7141 7115
f 7112 7116 7142
f 7127 7113 7143
f 7116 7109 7144
f 7141 7134 7111
f 7145 7146 7141
f 7146 7147 7134
f 7148 7149 7146
f 7149 7150 7147
f 7145 7140 7143
f 7134 7147 7139
f 7139 7147 7150
f 7150 7144 7133
f 7149 7142 7144
f 7148 7138 7142
f 7145 7137 7138
f 7151 7129 7152
f 7129 7123 7153
f 7119 7154 7155
f 7156 7157 7117
f 7154 7158 7159
f 7160 7159 7161
f 7162 7163 7164
f 7165 7164 7166
f 7167 7166 7168
f 7169 7170 7171
f 7172 7173 7170
f 7174 7175 7176
f 7177 7178 7175
f 7179 7180 7181
f 7182 7183 7184
f 7185 7155 7154
f 7186 7187 7185
f 7162 7188 7187
f 7167 7189 7190
f 7191 7192 7189
f 7193 7194 7195
f 7196 7179 7197
f 7183 7198 7199
f 7128 7181 7180
f 7200 7201 7202
f 7203 7204 7205
f 7206 7207 7208
f 7209 7210 7211
f 7212 7213 7214
f 7215 7216 7217
f 7218 7219 7220
f 7221 7222 7216
f 7223 7224 7219
f 7225 7226 7222
f 7227 7228 7224
f 475 483 7226
f 477 513 7228
f 7229 7207 7217
f 7216 7230 7231
f 7222 7232 7230
f 7226 7233 7232
f 483 7234 7233
f 7213 7203 7235
f 7236 7237 7202
f 7201 7223 7218
f 7223 7201 7130
f 376 477 7227
f 7238 7239 7180
f 7240 7241 7198
f 7242 7238 7179
f 7121 7180 7239
f 7243 7122 7239
f 7238 7244 7245
f 7242 7246 7244
f 7246 7242 7241
f 7240 7247 7248
f 7249 7250 7244
f 7250 7251 7245
f 7252 7253 7254
f 7243 7245 7251
f 7255 7256 7248
f 7186 7161 7163
f 7257 7176 7173
f 7165 7190 7188
f 7198 7196 7258
f 7204 7206 7259
f 7219 7215 7260
f 7224 7221 7215
f 7228 7225 7221
f 513 475 7225
f 7241 7242 7196
f 7247 7240 7261
f 7256 7249 7246
f 7262 7263 7255
f 7231 7230 7264
f 7230 7232 7265
f 7229 7231 7266
f 7262 7261 7267
f 7182 7261 7240
f 7233 7234 524
f 7232 7233 7268
f 7269 7270 7178
f 7263 647 653
f 7271 7272 7192
f 7266 7264 7273
f 7274 7275 7182
f 7276 7267 7277
f 7265 7268 7278
f 7276 7279 7263
f 7264 7265 7280
f 7275 7267 7261
f 7281 7266 7282
f 7191 7168 7283
f 7273 7280 7284
f 7280 7278 7285
f 7286 7287 7279
f 7288 7282 7289
f 7290 7291 7275
f 7292 7293 7272
f 7271 7283 7294
f 7282 7273 7295
f 7296 7297 7286
f 7291 7277 7267
f 7298 7299 7270
f 7300 7296 7277
f 7301 7302 7299
f 7285 542 560
f 7295 7284 7303
f 7284 7285 7304
f 7297 7305 7287
f 7306 7289 7307
f 7308 7300 7291
f 7309 7310 7293
f 7292 7294 7311
f 7289 7295 7312
f 7297 7296 7313
f 7314 7315 7316
f 7317 7313 7296
f 7318 7319 7302
f 7304 560 578
f 7312 7303 7320
f 7303 7304 7321
f 7316 7322 7305
f 7323 7307 7324
f 7325 7317 7300
f 7326 7327 7310
f 7309 7311 7328
f 7329 7330 590
f 7307 7312 7331
f 7332 7333 7327
f 7326 7328 7334
f 7335 7329 589
f 7324 7331 7336
f 7315 7314 7337
f 7338 7314 7313
f 595 607 7339
f 7340 7341 7319
f 7321 578 606
f 607 7342 7343
f 7331 7320 7344
f 7320 7321 7345
f 7315 7346 7322
f 7347 7324 7348
f 7349 7338 7317
f 7345 606 614
f 7343 7342 616
f 7336 7344 7350
f 7344 7345 7351
f 7352 7343 7346
f 7353 7348 7354
f 7355 7356 7338
f 7357 7358 7333
f 7332 7334 7359
f 625 7322 7346
f 7348 7336 7360
f 7361 7362 7352
f 7356 7337 7314
f 7322 625 628
f 7363 7364 7341
f 7365 7361 7337
f 7305 628 632
f 7366 7367 7364
f 7351 614 636
f 7287 632 637
f 7360 7350 7368
f 7350 7351 7369
f 7362 7339 7343
f 7370 7354 7371
f 7372 7365 7356
f 7373 7374 7358
f 7357 7359 7375
f 7354 7360 7376
f 7361 7377 7378
f 7379 7378 7377
f 7380 7377 7361
f 7250 670 679
f 7381 7382 7367
f 7369 636 657
f 7376 7368 7383
f 7368 7369 7384
f 7378 7335 7339
f 7385 7371 7386
f 7387 7380 7365
f 7388 7389 7374
f 7373 7375 7390
f 667 7249 7256
f 7371 7376 7391
f 7384 657 669
f 7391 7383 7392
f 7383 7384 7393
f 7379 7329 7335
f 7394 7386 7395
f 7396 7397 7380
f 7398 7399 7389
f 7388 7390 7400
f 7386 7391 7401
f 7402 7379 7403
f 7397 7403 7377
f 7252 5353 1072
f 7404 7405 7382
f 7406 7407 7399
f 7398 7400 7408
f 7395 7401 7409
f 7410 7411 7403
f 7412 7413 7405
f 7393 669 695
f 7401 7392 7414
f 7392 7393 7415
f 7402 7330 7329
f 7416 7395 7417
f 7418 7410 7397
f 7419 7420 7410
f 7421 7402 7411
f 7330 7422 703
f 7423 7424 7407
f 7406 7408 7425
f 7426 7427 7425
f 7420 7428 7411
f 7429 7430 7413
f 7415 695 712
f 7409 7414 7431
f 7414 7415 7432
f 7402 7421 7422
f 7433 7417 7434
f 7434 7417 7409
f 7435 7423 7425
f 7419 7424 7423
f 7010 7436 7437
f 7438 7439 7254
f 7440 7441 7442
f 7443 7152 7444
f 7194 7445 7171
f 7444 7152 7153
f 7446 7447 7448
f 7449 7450 7451
f 7452 7453 7454
f 7455 7456 7453
f 7457 7458 7456
f 7459 7460 7458
f 7461 7462 7460
f 7463 7464 7462
f 7465 7466 7467
f 7468 7469 7466
f 7470 7471 7469
f 7472 7473 7471
f 7474 7475 7473
f 7476 7477 7475
f 7450 7478 7479
f 7480 7481 7482
f 7483 7482 7484
f 7485 7484 7486
f 7487 7486 7488
f 7489 7490 7491
f 7492 7493 7494
f 7495 7488 7496
f 7497 7496 7498
f 7499 7489 7494
f 7497 7494 7491
f 7492 7498 7500
f 7490 7501 7502
f 7496 900 787
f 7503 7499 7493
f 7474 7504 7505
f 7472 7506 7504
f 7470 7507 7506
f 7484 1074 793
f 7508 7449 7509
f 7510 7511 7006
f 7512 7467 7466
f 7452 7466 7469
f 7455 7469 7471
f 7457 7471 7473
f 7459 7473 7475
f 7461 7475 7477
f 7453 7456 7513
f 7462 7464 7514
f 7460 7462 7515
f 7458 7460 7516
f 7456 7458 7517
f 7518 7513 7519
f 7515 7514 7520
f 7513 7517 7521
f 7517 7516 7522
f 7516 7515 7523
f 7524 7519 7525
f 7523 7520 7526
f 7519 7521 7527
f 7521 7522 7528
f 7522 7523 7529
f 7530 7525 7531
f 7529 7526 7532
f 7525 7527 7533
f 7527 7528 7534
f 7528 7529 7535
f 7536 7531 7537
f 7535 7532 7538
f 7531 7533 7539
f 7533 7534 7540
f 7534 7535 7541
f 7542 7537 7543
f 7541 7538 7544
f 7537 7539 7545
f 7539 7540 7546
f 7540 7541 7547
f 7548 7549 835
f 7550 7551 838
f 7549 7552 840
f 7552 7553 842
f 7553 7550 837
f 7554 7555 7556
f 7555 7557 7558
f 7559 7560 7561
f 7562 7563 7564
f 7560 7554 7565
f 7563 7566 7567
f 7568 7569 7570
f 7571 7570 7572
f 7573 7574 7575
f 7576 7577 7569
f 7578 7579 7580
f 7581 7572 7030
f 7582 7032 7583
f 7584 7582 7585
f 7580 7579 7586
f 7587 7451 7479
f 7453 7518 7588
f 7524 7589 7588
f 7530 7590 7589
f 7536 7591 7590
f 7542 7592 7591
f 7593 7594 7592
f 7595 7596 7597
f 7598 7599 6931
f 6925 7600 7601
f 7602 7599 7603
f 7602 7604 6971
f 7605 7606 7601
f 7597 7606 7605
f 6937 6976 6977
f 6928 6968 6970
f 6892 6950 6902
f 6931 7607 6972
f 6941 6959 6957
f 6894 6908 6905
f 6944 6962 6965
f 6934 6974 6976
f 6893 6902 6908
f 6932 6972 6968
f 6942 6957 6951
f 6946 6965 6959
f 6938 6977 6964
f 6950 6892 6948
f 6929 6970 6974
f 6939 6964 6962
f 6896 6905 6907
f 7478 7608 7609
f 7610 7479 7609
f 7486 793 899
f 900 7496 7488
f 7498 787 901
f 7611 7612 7613
f 7614 7615 7616
f 7617 7616 7615
f 7618 7619 7620
f 7618 7616 7617
f 7621 7622 7623
f 7491 7490 7624
f 7495 7491 7625
f 7492 7626 7627
f 7628 7499 7503
f 7629 7489 7499
f 7489 7629 7501
f 7622 7630 7631
f 7632 7617 7633
f 7632 7622 7621
f 7634 7635 7509
f 7636 7637 7638
f 7507 7639 7640
f 7506 7640 7641
f 7504 7641 7642
f 7643 7638 7644
f 7645 7512 7454
f 7646 7647 7638
f 7645 7608 7478
f 7648 7644 7467
f 7649 7650 7454
f 7651 7562 7652
f 7653 7651 7654
f 7655 7656 7569
f 7557 997 947
f 7566 7559 7657
f 7608 7658 7659
f 7660 7661 7662
f 7663 7649 7588
f 7664 7665 957
f 7666 7667 7668
f 7669 7666 7670
f 7671 7592 7594
f 7672 7591 7592
f 7673 7590 7591
f 7674 7589 7590
f 7675 7676 7594
f 7580 7677 7678
f 7679 1041 974
f 7680 7580 7681
f 7682 7683 7684
f 7685 7680 7686
f 7677 7682 7687
f 7688 7689 7690
f 7691 7692 7661
f 7693 7691 7660
f 7694 5742 990
f 7689 7693 7695
f 7692 7696 7697
f 7662 7698 7554
f 7699 7700 7563
f 7701 7662 7560
f 7702 7701 7559
f 7703 5371 997
f 7700 7702 7566
f 7704 7705 1001
f 7706 7583 7034
f 7511 7707 7708
f 7709 7510 7026
f 7709 7707 7511
f 7710 7034 7033
f 7677 7586 7711
f 7682 7711 7712
f 7713 5279 1016
f 7708 7714 7715
f 7436 7713 7716
f 7717 7718 7707
f 7717 7709 7719
f 7712 7670 7720
f 7721 7574 7573
f 7722 7573 7585
f 7718 7723 7708
f 7448 7447 7481
f 7670 7668 7679
f 7622 7632 7724
f 7617 7632 7725
f 7449 7643 7648
f 7608 7645 7650
f 7508 7646 7643
f 7512 7645 7726
f 7450 7648 7726
f 7727 7728 7650
f 7729 7727 7649
f 7730 7663 7589
f 7731 7685 7732
f 7733 7688 7734
f 7735 7699 7562
f 7722 7736 7737
f 7722 7738 7739
f 7668 5601 1041
f 7736 7706 7740
f 7741 5600 1045
f 7742 7743 7553
f 1001 7705 7744
f 7745 7746 7747
f 7748 7749 7750
f 7000 7003 6996
f 7751 1045 1056
f 7720 7679 7752
f 7753 7750 7740
f 7754 7742 7552
f 7755 7703 7557
f 7736 7585 7583
f 7756 7704 1000
f 7757 7758 7551
f 7675 7754 7549
f 7759 7694 7760
f 834 957 7665
f 7743 7757 7550
f 7748 7710 7705
f 7723 7740 7750
f 6981 6995 6996
f 7123 7761 7254
f 7439 7762 7153
f 7763 7438 1073
f 7614 7612 7611
f 7615 7611 7448
f 7480 7724 7633
f 7724 7480 7483
f 7485 7631 7630
f 7482 1075 1074
f 7481 1076 1075
f 1076 7481 7447
f 1077 7447 7446
f 7613 5312 1079
f 7764 7765 7766
f 7767 7768 7620
f 7768 7769 7614
f 7769 7770 7612
f 7770 7771 7613
f 7098 7772 7051
f 7773 7774 7637
f 7644 7638 7637
f 7465 7637 7774
f 7623 7624 7502
f 7631 7625 7624
f 7487 7625 7631
f 7773 7639 7507
f 7468 7774 7507
f 7775 7776 7777
f 7778 7733 7779
f 7734 7690 7700
f 7780 7781 7782
f 7781 7715 7714
f 7548 7665 7676
f 7705 7710 7783
f 7545 7546 7743
f 7704 7756 7749
f 7683 7720 7784
f 7543 7545 7742
f 7698 7755 7555
f 7547 7544 7758
f 7593 7543 7754
f 7696 7759 7785
f 7546 7547 7757
f 7753 7034 7710
f 7741 7786 7749
f 7786 7787 7750
f 7788 7789 7790
f 7791 7792 7793
f 7794 7791 7795
f 7796 7794 7797
f 7798 7796 7799
f 7800 7789 6781
f 7801 7802 6854
f 7803 7804 7805
f 7802 7806 6849
f 7807 7808 7809
f 7806 7804 6850
f 7810 7811 7812
f 7803 7813 6840
f 7814 7810 7815
f 7813 7816 6836
f 7816 7800 6830
f 7817 7818 7819
f 7820 7821 7822
f 7823 7824 7825
f 7788 7798 7826
f 7827 7823 7828
f 7792 7827 7829
f 7830 7831 7832
f 7833 7834 7835
f 7836 7837 7838
f 7839 7840 7841
f 7842 7843 7844
f 7831 7845 7846
f 7837 7847 7848
f 7840 7849 7850
f 7851 7805 7852
f 7853 7842 7854
f 7855 7856 7857
f 7847 7858 7859
f 7849 7860 7861
f 7862 7852 7805
f 7863 7864 7865
f 7860 7866 7867
f 7868 7862 7869
f 7870 7871 7790
f 7866 7836 7872
f 7873 7790 7871
f 7874 7868 7875
f 7843 7870 7876
f 7877 7878 7870
f 7879 7880 7831
f 7881 7882 7834
f 7883 7884 7837
f 7885 7886 7840
f 7887 7877 7843
f 7880 7888 7845
f 7884 7889 7847
f 7886 7890 7849
f 7853 7852 7891
f 7892 7887 7842
f 7893 7894 7856
f 7889 7895 7858
f 7890 7896 7860
f 7897 7891 7852
f 7898 7899 7864
f 7896 7900 7866
f 7901 7897 7862
f 7878 7902 7871
f 7900 7883 7836
f 7839 7871 7902
f 7903 7901 7868
f 7904 7905 7897
f 7906 7907 7902
f 7908 7909 7883
f 7885 7902 7907
f 7910 7904 7901
f 7911 7906 7878
f 7912 7913 7880
f 7914 7915 7882
f 7909 7916 7884
f 7917 7918 7886
f 7919 7911 7877
f 7913 7920 7888
f 7916 7921 7889
f 7918 7922 7890
f 7892 7891 7923
f 7924 7919 7887
f 7925 7926 7894
f 7921 7927 7895
f 7922 7928 7896
f 7905 7923 7891
f 7929 7930 7899
f 7928 7908 7900
f 7931 7932 7918
f 7933 7934 7911
f 7935 7936 7920
f 7937 7938 7921
f 7932 7939 7922
f 7924 7923 7940
f 7941 7933 7919
f 7942 7943 7926
f 7938 7944 7927
f 7939 7945 7928
f 7946 7940 7923
f 7947 7948 7930
f 7945 7949 7908
f 7950 7946 7905
f 7951 7952 7907
f 7949 7953 7909
f 7917 7907 7952
f 7954 7950 7904
f 7934 7951 7906
f 7955 7935 7913
f 7956 7957 7915
f 7953 7937 7916
f 7931 7952 7958
f 7959 7960 7950
f 7961 7962 7951
f 7963 7964 7935
f 7965 7966 7957
f 7967 7968 7937
f 7969 7970 7932
f 7971 7961 7934
f 7964 7972 7936
f 7968 7973 7938
f 7970 7974 7939
f 7941 7940 7975
f 7976 7971 7933
f 7977 7978 7943
f 7973 7979 7944
f 7974 7980 7945
f 7981 7975 7940
f 7982 7983 7948
f 7980 7984 7949
f 7960 7981 7946
f 7962 7958 7952
f 7984 7967 7953
f 7985 7986 7984
f 7984 7986 7987
f 7967 7987 7988
f 7973 7989 7990
f 7991 7992 7960
f 7982 7993 7994
f 7965 7995 7996
f 7963 7997 7998
f 7999 8000 7970
f 7964 7998 8001
f 7962 7961 8002
f 7988 7989 7973
f 7960 7992 8003
f 7976 7975 8004
f 7981 8003 8004
f 8005 8006 7978
f 7976 8007 8008
f 7971 8008 8002
f 7962 8009 8010
f 7999 7969 7958
f 7970 8000 8011
f 7974 8011 7985
f 7983 7994 7995
f 7956 7948 7983
f 7914 7930 7948
f 7930 7914 7881
f 7985 8011 8012
f 8007 8004 8013
f 8008 8007 8014
f 8005 8001 8015
f 7998 7997 8016
f 8009 8002 8017
f 7990 7989 8018
f 8000 7999 8019
f 8002 8008 8020
f 7993 7990 8021
f 7986 7985 8022
f 8011 8000 8023
f 8010 8009 8024
f 8003 7992 8025
f 7996 7995 8026
f 7987 7986 8027
f 7992 7991 8028
f 8004 8003 8029
f 8001 7998 8030
f 7988 7987 8031
f 7999 8010 8032
f 7995 7994 8033
f 7989 7988 8034
f 8035 8021 8036
f 8027 8022 8037
f 8024 8017 8038
f 8025 8028 8039
f 8029 8025 8040
f 8041 8026 8042
f 8031 8027 8043
f 8019 8032 8044
f 8013 8029 8045
f 8015 8030 8046
f 8034 8031 8047
f 8014 8013 8048
f 8020 8014 8049
f 8026 8033 8050
f 8018 8034 8051
f 8012 8023 8052
f 8017 8020 8053
f 8054 8015 8055
f 8030 8016 8056
f 8021 8018 8057
f 8023 8019 8058
f 8022 8012 8059
f 8032 8024 8060
f 8045 8040 8061
f 8062 8042 8063
f 8047 8043 8064
f 8058 8044 8065
f 8048 8045 8066
f 8055 8046 8067
f 8051 8047 8068
f 8049 8048 8069
f 8053 8049 8070
f 8042 8050 8071
f 8057 8051 8072
f 8059 8052 8073
f 8038 8053 8074
f 8075 8055 8076
f 8046 8056 8077
f 8036 8057 8078
f 8052 8058 8079
f 8037 8059 8080
f 8044 8060 8081
f 8082 8036 8083
f 8043 8037 8084
f 8060 8038 8085
f 8040 8039 8086
f 8087 8088 8089
f 8090 8091 8092
f 8093 8094 8095
f 8096 8097 8098
f 8099 8100 8101
f 8102 8103 8104
f 8105 8106 8107
f 8088 8108 8109
f 8110 8111 8112
f 8097 8113 8114
f 8115 8116 8117
f 8118 8119 8120
f 8121 8110 8122
f 8106 8123 8124
f 8119 8125 8126
f 8127 8114 8113
f 8128 8118 8129
f 8130 8087 8131
f 8132 8112 8111
f 8133 8134 8135
f 8136 8124 8123
f 8125 8137 8138
f 8139 8140 8141
f 8091 8135 8134
f 8094 8139 8142
f 8108 8101 8100
f 8137 8141 8140
f 8132 8117 8073
f 8083 8078 8135
f 8107 8124 8076
f 8085 8074 8094
f 8117 8103 8080
f 8143 8076 8124
f 8127 8135 8078
f 8099 8107 8067
f 8074 8070 8139
f 8070 8069 8140
f 8090 8131 8071
f 8072 8068 8114
f 8131 8089 8063
f 8138 8140 8069
f 8079 8065 8112
f 8077 8144 8100
f 8098 8114 8068
f 8089 8109 8145
f 8126 8138 8066
f 8146 7597 7596
f 8147 8148 7609
f 7658 7608 7728
f 8149 7606 7597
f 7606 8149 8150
f 7601 8150 7603
f 8151 6927 6926
f 6860 8152 8153
f 8154 6817 6815
f 8155 8156 6817
f 7817 7821 7865
f 8157 7865 7864
f 7833 7864 7899
f 8158 8159 8160
f 8161 8160 8162
f 8163 8162 8164
f 8165 8164 8166
f 8167 8166 8168
f 8169 8170 8171
f 8172 8171 8173
f 8174 8173 8175
f 8176 8175 8177
f 8159 8178 8179
f 8160 8179 8180
f 8162 8180 8181
f 8164 8181 8182
f 8166 8182 8183
f 8170 8184 8185
f 8171 8185 8186
f 8173 8186 8187
f 8175 8187 8188
f 8189 8190 8191
f 8192 8191 8193
f 8194 8193 8195
f 8196 8195 8197
f 8198 8199 8200
f 8201 8200 8202
f 8203 8202 8204
f 8205 8204 8206
f 8207 8208 8209
f 8190 8210 8211
f 8191 8211 8212
f 8193 8212 8213
f 8195 8213 8214
f 8199 8215 8216
f 8200 8216 8217
f 8202 8217 8218
f 8204 8219 8220
f 1538 8221 8222
f 8210 8223 8224
f 8211 8224 8225
f 8212 8225 8226
f 8213 8226 8227
f 8215 8228 8229
f 8216 8229 8230
f 8219 8231 8232
f 8221 8209 8208
f 8223 8233 8234
f 8224 8234 8235
f 8225 8235 8236
f 8226 8236 8237
f 8228 8238 8239
f 8229 8239 8240
f 8230 8240 8241
f 8190 8207 8242
f 8233 8243 8244
f 8234 8244 8245
f 8235 8245 8246
f 8236 8246 8247
f 8238 8248 8249
f 8239 8249 8250
f 8240 8250 8251
f 1573 1585 8252
f 8243 8253 8254
f 8244 8254 8255
f 8245 8255 8256
f 8246 8256 8257
f 8248 8258 8259
f 8249 8259 8260
f 8250 8260 8261
f 1585 2033 8262
f 1587 1573 8263
f 1538 1587 8264
f 8265 8266 7505
f 8267 8158 8161
f 8268 8161 8163
f 8269 8163 8165
f 8270 8165 8167
f 8271 8167 8272
f 8273 8169 8172
f 8274 8172 8174
f 8275 8174 8176
f 8276 8176 8277
f 8221 8264 8278
f 8252 8262 8279
f 8280 8281 8207
f 8263 8252 8282
f 8264 8263 8283
f 8281 8284 8208
f 8285 8280 8190
f 8286 8287 7503
f 8288 8286 7627
f 8287 8289 8290
f 8291 8292 8159
f 8293 8294 7477
f 8295 8296 7532
f 8297 8298 7551
f 8299 8295 7526
f 8298 1634 838
f 7758 7544 8300
f 8301 8299 7520
f 8302 8303 7464
f 8304 8300 7544
f 8303 8301 7514
f 8296 8304 7538
f 8305 8306 8301
f 8307 8308 8300
f 8309 8305 8303
f 8310 8307 8304
f 8311 8310 8296
f 8312 8311 8295
f 8313 8314 8298
f 8306 8312 8299
f 8297 8300 8308
f 8314 1636 1634
f 8315 8316 8310
f 8316 8317 8307
f 8317 8318 8308
f 8319 8320 8305
f 8313 8308 8318
f 8320 8321 8306
f 8322 8323 8314
f 8321 8324 8312
f 8324 8315 8311
f 8325 8292 8266
f 8326 8327 8287
f 8328 8326 8286
f 8327 8329 8289
f 7476 7505 8266
f 8291 8330 8294
f 8178 8159 8292
f 8302 8294 8330
f 8158 8267 8330
f 8280 8285 8329
f 8293 8266 8292
f 8284 8281 8326
f 8281 8280 8327
f 8309 8330 8267
f 8302 7463 7477
f 7500 901 1659
f 8331 1659 1661
f 8332 1663 1539
f 8278 8283 8333
f 8283 8282 8334
f 8282 8279 8335
f 8209 8278 8336
f 8288 7626 7500
f 8337 8328 8288
f 8328 8337 8332
f 8284 8332 8222
f 8242 8336 8223
f 8334 8335 8253
f 8333 8334 8243
f 8336 8333 8233
f 8338 1685 1670
f 8339 8340 8321
f 8322 8318 8341
f 8340 8342 8324
f 8343 8338 8323
f 8342 8344 8315
f 8344 8345 8316
f 8345 8346 8317
f 8346 8341 8318
f 8347 8339 8320
f 8348 8349 8345
f 8349 8350 8346
f 8350 8351 8341
f 8352 8353 8339
f 8354 1739 1685
f 8353 8355 8340
f 8343 8341 8351
f 8355 8356 8342
f 8357 8354 8338
f 8356 8348 8344
f 8358 8359 8360
f 8361 8362 8363
f 8364 8360 8365
f 8366 8367 8368
f 8369 8368 8362
f 8370 8358 8364
f 8371 8361 8372
f 8373 8364 8374
f 8375 8366 8369
f 8376 8369 8361
f 8377 8370 8373
f 8378 8371 8379
f 8380 8373 8381
f 8382 8375 8376
f 8383 8376 8371
f 8384 8377 8380
f 8385 8378 8386
f 8387 8380 8388
f 8389 8382 8383
f 8390 8383 8378
f 8391 8384 8387
f 8392 8385 8393
f 8394 8387 8395
f 8396 8389 8390
f 8397 8390 8385
f 1731 8391 8394
f 1733 8392 8398
f 1732 8394 8399
f 1736 8396 8397
f 1737 8397 8392
f 8359 8358 8349
f 8358 8370 8350
f 8370 8377 8351
f 8357 8351 8377
f 8384 8391 8354
f 8391 1731 1739
f 8269 8352 8347
f 8268 8347 8319
f 8400 8401 8353
f 8401 8402 8355
f 8402 8403 8356
f 8404 8405 8406
f 8407 8408 8401
f 8409 8410 8411
f 8408 8412 8402
f 8413 8411 8414
f 8412 8415 8403
f 8416 8404 8417
f 8410 8418 8419
f 8420 8421 8418
f 8422 8423 8408
f 8410 8424 8425
f 8423 8426 8412
f 8411 8425 8427
f 8426 8428 8415
f 8428 8429 8430
f 8429 8431 8432
f 8421 8433 8434
f 8418 8434 8435
f 8436 8437 8423
f 8437 8438 8426
f 8438 8439 8428
f 8439 8440 8429
f 8440 8416 8431
f 8441 8405 8404
f 8433 8442 8443
f 8434 8443 8444
f 8445 8446 8447
f 8448 8449 8218
f 8446 8450 8451
f 8444 8232 8449
f 8450 8452 8453
f 8452 8441 8454
f 8455 8456 8405
f 8442 8457 8458
f 8443 8458 8459
f 8460 8461 8446
f 8444 8459 8462
f 8461 8463 8450
f 8204 8202 8231
f 8463 8464 8452
f 8464 8455 8441
f 8465 8466 8455
f 8466 8467 8456
f 8457 8468 8469
f 8458 8469 8470
f 8471 8472 8461
f 8459 8470 8473
f 8472 8474 8463
f 8462 8473 8220
f 8474 8465 8464
f 8241 8251 8475
f 8218 8449 8232
f 8218 8217 8230
f 8448 8476 8241
f 8431 8416 8477
f 8478 8447 8437
f 8447 8451 8438
f 8419 8435 8449
f 8451 8453 8439
f 8453 8454 8440
f 8454 8404 8416
f 8227 8237 8238
f 8197 8214 8215
f 8272 8168 8170
f 8479 8272 8169
f 8214 8227 8228
f 8168 8183 8184
f 8480 8197 8199
f 8247 8257 8258
f 8237 8247 8248
f 8424 8419 8448
f 8270 8400 8352
f 8271 8407 8400
f 8407 8271 8479
f 8273 8436 8422
f 8436 8273 8274
f 8478 8274 8275
f 8276 8460 8445
f 8460 8276 8481
f 8482 8475 8425
f 8405 8456 8483
f 8456 8467 8484
f 8485 8420 8410
f 8475 8486 8427
f 8475 8251 8261
f 8487 8432 8431
f 8469 8488 8489
f 8490 8491 8472
f 8277 8177 8492
f 8470 8489 8493
f 8494 8484 8467
f 8491 8495 8474
f 8177 8188 8496
f 8495 8497 8465
f 8498 8499 8481
f 8497 8500 8466
f 8500 8501 8467
f 8499 8490 8471
f 8502 8206 8503
f 8468 8504 8488
f 8206 8220 8505
f 8473 8493 8505
f 8488 8506 8507
f 8508 8509 8491
f 8492 8496 8510
f 8489 8507 8511
f 8509 8512 8495
f 8493 8511 8513
f 8512 8514 8497
f 8515 8508 8490
f 8514 8516 8500
f 8517 8503 8518
f 8519 8494 8501
f 8516 8520 8501
f 8503 8505 8513
f 8504 8521 8506
f 8522 8515 8499
f 8498 8492 8523
f 8507 8524 8525
f 8526 8527 8512
f 8511 8525 8528
f 8527 8529 8514
f 8530 8531 8508
f 8529 8532 8516
f 8533 8518 8534
f 8535 8519 8520
f 8532 8536 8520
f 8518 8513 8528
f 8521 8537 8538
f 8539 8530 8515
f 8522 8523 8540
f 8506 8538 8524
f 8531 8526 8509
f 8523 8510 8541
f 8525 8542 8543
f 8544 8545 8529
f 8546 8547 8531
f 8545 8548 8532
f 8549 8534 8550
f 8551 8535 8536
f 8548 8552 8536
f 8534 8528 8543
f 8537 8553 8554
f 8555 8546 8530
f 8539 8540 8556
f 8538 8554 8557
f 8547 8558 8526
f 8540 8541 8559
f 8524 8557 8542
f 8558 8544 8527
f 8560 8561 8562
f 8563 8564 8565
f 8566 8562 8567
f 8568 8569 8565
f 8570 8567 8571
f 8568 8572 8573
f 8574 8571 8575
f 8576 8577 8578
f 8579 8573 8580
f 8581 8575 8582
f 8583 8578 8584
f 8585 8586 8577
f 8587 8582 8588
f 8589 8584 8561
f 8590 8580 8586
f 8591 8588 8564
f 8563 8569 8568
f 8591 8563 8579
f 8587 8591 8590
f 8581 8587 8585
f 8576 8583 8574
f 8583 8589 8570
f 8589 8560 8566
f 8561 8592 8593
f 8564 8594 8595
f 8562 8593 8596
f 8572 8565 8595
f 8567 8596 8597
f 8572 8598 8599
f 8571 8597 8600
f 8577 8601 8602
f 8573 8599 8603
f 8575 8600 8604
f 8578 8602 8605
f 8586 8606 8601
f 8582 8604 8607
f 8584 8605 8592
f 8580 8603 8606
f 8588 8607 8594
f 8598 8595 8608
f 8596 8609 8610
f 8598 8611 8612
f 8597 8610 8613
f 8601 8614 8615
f 8599 8612 8616
f 8600 8613 8617
f 8602 8615 8618
f 8606 8619 8614
f 8604 8617 8620
f 8605 8618 8621
f 8603 8616 8619
f 8607 8620 8622
f 8592 8621 8623
f 8594 8622 8608
f 8593 8623 8609
f 8624 8625 8626
f 8627 8628 8629
f 8630 8631 8626
f 8632 8629 8633
f 8630 8634 8635
f 8636 8633 8637
f 8638 8639 8640
f 8641 8635 8642
f 8643 8637 8644
f 8645 8640 8646
f 8647 8648 8639
f 8649 8644 8650
f 8651 8646 8652
f 8653 8642 8648
f 8654 8650 8625
f 8655 8652 8628
f 8634 8626 8656
f 8629 8657 8658
f 8634 8659 8660
f 8633 8658 8661
f 8639 8662 8663
f 8635 8660 8664
f 8637 8661 8665
f 8640 8663 8666
f 8648 8667 8662
f 8644 8665 8668
f 8646 8666 8669
f 8642 8664 8667
f 8650 8668 8670
f 8652 8669 8671
f 8625 8670 8656
f 8628 8671 8657
f 8670 8672 8673
f 8671 8674 8675
f 8659 8656 8673
f 8657 8675 8676
f 8659 8677 8678
f 8658 8676 8679
f 8662 8680 8681
f 8660 8678 8682
f 8661 8679 8683
f 8663 8681 8684
f 8667 8685 8680
f 8665 8683 8686
f 8666 8684 8687
f 8664 8682 8685
f 8668 8686 8672
f 8669 8687 8674
f 8622 8624 8631
f 8623 8627 8632
f 8611 8608 8631
f 8609 8632 8636
f 8611 8630 8641
f 8610 8636 8643
f 8614 8638 8645
f 8612 8641 8653
f 8613 8643 8649
f 8615 8645 8651
f 8619 8647 8638
f 8617 8649 8654
f 8618 8651 8655
f 8616 8653 8647
f 8620 8654 8624
f 8621 8655 8627
f 8673 8255 8254
f 8672 8256 8255
f 8677 8254 8253
f 8335 8682 8678
f 8279 8685 8682
f 8688 8689 8680
f 8689 8690 8681
f 8690 8691 8684
f 2029 2030 8689
f 2030 2031 8690
f 2031 8692 8691
f 2033 2029 8688
f 8262 8688 8685
f 8256 8672 8686
f 8258 8693 8694
f 8695 8696 8697
f 8698 8699 8700
f 8701 8702 8703
f 8704 8705 8706
f 8707 8708 8709
f 8710 8711 8712
f 8713 8714 8715
f 8716 8717 8718
f 8719 8720 8721
f 8722 8723 8724
f 8725 8726 8703
f 8727 8728 8729
f 8730 8731 8732
f 8733 8734 8735
f 8736 8737 8718
f 8738 8739 8712
f 8740 8741 8700
f 8742 8724 8743
f 8744 8732 8745
f 8746 8745 8732
f 8747 8748 8697
f 8749 8750 8700
f 8751 8752 8753
f 8754 8755 8756
f 8757 8758 8759
f 8760 8761 8762
f 8752 8754 8763
f 8764 8765 8766
f 8767 8768 8766
f 8769 8770 8771
f 8772 8767 8773
f 8774 8775 8776
f 8777 8778 8779
f 8780 8781 8782
f 8775 8780 8783
f 8776 8783 8784
f 8783 8782 8785
f 8696 8701 8726
f 8708 8704 8786
f 8714 8719 8787
f 8788 8789 8790
f 8791 8697 8726
f 8792 8793 8794
f 8795 8796 8797
f 8798 8779 8799
f 8800 8776 8801
f 8802 8773 8758
f 8803 8771 8804
f 8773 8766 8765
f 8805 8766 8768
f 8806 8807 8808
f 8759 8762 8761
f 8809 8753 8775
f 8810 8759 8811
f 8753 8763 8780
f 8812 8813 8770
f 8763 8756 8781
f 8814 8762 8765
f 8815 8816 8752
f 8817 8818 8755
f 8819 8820 8821
f 8822 8823 8824
f 8731 8825 8826
f 8827 8733 8828
f 8829 8746 8826
f 8830 8831 8832
f 8833 8834 8828
f 8835 8832 8823
f 8796 8836 8837
f 8838 8839 8840
f 8841 8842 8843
f 8844 8845 8846
f 8847 8848 8849
f 8850 8849 8851
f 8852 8853 8854
f 8855 8856 8857
f 8858 8718 8845
f 8859 8838 8860
f 8861 8859 8862
f 8832 8791 8725
f 8863 8864 8846
f 8856 8788 8865
f 8866 8854 8867
f 8868 8869 8761
f 8831 8747 8791
f 8816 8817 8754
f 8860 8840 8702
f 8870 8871 8821
f 8872 8715 8859
f 8787 8721 8839
f 8737 8863 8845
f 8873 8874 8849
f 8848 8869 8851
f 8875 8846 8699
f 8854 8742 8876
f 8853 8722 8742
f 8715 8787 8838
f 8741 8827 8877
f 8825 8727 8878
f 8823 8725 8879
f 8793 8855 8880
f 8729 8866 8881
f 8834 8749 8877
f 8882 8829 8878
f 8836 8792 8883
f 8728 8852 8866
f 8884 8862 8696
f 8862 8860 8701
f 8864 8740 8699
f 8885 8886 8714
f 8887 8888 8717
f 8889 8890 8720
f 8891 8736 8717
f 8886 8889 8719
f 8724 8892 8893
f 8789 8894 8895
f 8723 8896 8892
f 8892 8850 8897
f 8894 8870 8898
f 8896 8873 8850
f 8899 8900 8886
f 8901 8902 8888
f 8903 8904 8890
f 8905 8891 8888
f 8900 8903 8889
f 8906 8843 8813
f 8907 8799 8807
f 8758 8765 8762
f 8865 8790 8908
f 8883 8794 8909
f 8910 8797 8911
f 8799 8912 8913
f 8778 8914 8915
f 8779 8915 8912
f 8807 8913 8916
f 8797 8837 8917
f 8820 8918 8919
f 8880 8857 8920
f 8898 8821 8919
f 8857 8865 8921
f 8837 8883 8922
f 8794 8880 8923
f 8790 8895 8924
f 8895 8898 8925
f 8926 8927 8792
f 8928 8929 8796
f 8929 8926 8836
f 8930 8931 8871
f 8932 8798 8907
f 8933 8934 8855
f 8935 8936 8894
f 8937 8806 8938
f 8939 8935 8789
f 8927 8933 8793
f 8940 8939 8788
f 8941 8907 8806
f 8942 8777 8798
f 8936 8930 8870
f 8943 8819 8871
f 8934 8940 8856
f 8944 8945 8778
f 8801 8784 8946
f 8914 8778 8945
f 8947 8801 8948
f 8949 8950 8768
f 8951 8804 8952
f 8942 8951 8953
f 8954 8768 8950
f 8955 8949 8767
f 8784 8785 8956
f 8957 8953 8958
f 8955 8959 8958
f 8949 8958 8960
f 8958 8953 8952
f 8961 8962 8948
f 8961 8963 8950
f 8901 8904 8816
f 8903 8900 8818
f 8938 8808 8820
f 8905 8902 8842
f 8964 8811 8848
f 8899 8851 8869
f 8904 8903 8817
f 8811 8761 8869
f 8808 8916 8918
f 8965 8938 8819
f 8966 8967 8968
f 8969 8970 8971
f 8972 8973 8974
f 8975 8976 8977
f 8978 8979 8980
f 8981 8982 8983
f 8984 8985 8986
f 8987 8988 8989
f 8990 8991 8992
f 8993 8994 8995
f 8996 8997 8974
f 8998 8999 9000
f 9001 9002 9003
f 9004 9005 9006
f 9007 9008 8989
f 9009 9010 8983
f 9011 9012 8971
f 9013 8995 9014
f 9015 9003 9016
f 9017 9016 9003
f 9018 9019 8968
f 9020 9021 8971
f 9022 9023 9024
f 9025 9026 9027
f 9028 9029 9030
f 9031 9032 9033
f 9023 9025 9034
f 9035 9036 9037
f 9038 9039 9037
f 9040 9041 9042
f 9043 9038 9044
f 9045 9046 9047
f 9048 9049 9050
f 9051 9052 9053
f 9046 9051 9054
f 9047 9054 9055
f 9054 9053 9056
f 8967 8972 8997
f 8979 8975 9057
f 8985 8990 9058
f 9059 9060 9061
f 9062 8968 8997
f 9063 9064 9065
f 9066 9067 9068
f 9069 9050 9070
f 9071 9047 9072
f 9073 9044 9029
f 9074 9042 9075
f 9044 9037 9036
f 9076 9037 9039
f 9077 9078 9079
f 9030 9033 9032
f 9080 9024 9046
f 9081 9030 9082
f 9024 9034 9051
f 9083 9084 9041
f 9034 9027 9052
f 9085 9033 9036
f 9086 9087 9023
f 9088 9089 9026
f 9090 9091 9092
f 9093 9094 9095
f 9002 9096 9097
f 9098 9004 9099
f 9100 9017 9097
f 9101 9102 9103
f 9104 9105 9099
f 9106 9103 9094
f 9067 9107 9108
f 9109 9110 9111
f 9112 9113 9114
f 9115 9116 9117
f 9118 9119 9120
f 9121 9120 9122
f 9123 9124 9125
f 9126 9127 9128
f 9129 8989 9116
f 9130 9109 9131
f 9132 9130 9133
f 9103 9062 8996
f 9134 9135 9117
f 9127 9059 9136
f 9137 9125 9138
f 9139 9140 9032
f 9102 9018 9062
f 9087 9088 9025
f 9131 9111 8973
f 9141 9142 9092
f 9143 8986 9130
f 9058 8992 9110
f 9008 9134 9116
f 9144 9145 9120
f 9119 9140 9122
f 9146 9117 8970
f 9125 9013 9147
f 9124 8993 9013
f 8986 9058 9109
f 9012 9098 9148
f 9096 8998 9149
f 9094 8996 9150
f 9064 9126 9151
f 9000 9137 9152
f 9105 9020 9148
f 9153 9100 9149
f 9107 9063 9154
f 8999 9123 9137
f 9155 9133 8967
f 9133 9131 8972
f 9135 9011 8970
f 9156 9157 8985
f 9158 9159 8988
f 9160 9161 8991
f 9162 9007 8988
f 9157 9160 8990
f 8995 9163 9164
f 9060 9165 9166
f 8994 9167 9163
f 9163 9121 9168
f 9165 9141 9169
f 9167 9144 9121
f 9170 9171 9157
f 9172 9173 9159
f 9174 9175 9161
f 9176 9162 9159
f 9171 9174 9160
f 9177 9114 9084
f 9178 9070 9078
f 9029 9036 9033
f 9136 9061 9179
f 9154 9065 9180
f 9181 9068 9182
f 9070 9183 9184
f 9049 9185 9186
f 9050 9186 9183
f 9078 9184 9187
f 9068 9108 9188
f 9091 9189 9190
f 9151 9128 9191
f 9169 9092 9190
f 9128 9136 9192
f 9108 9154 9193
f 9065 9151 9194
f 9061 9166 9195
f 9166 9169 9196
f 9197 9198 9063
f 9199 9200 9067
f 9200 9197 9107
f 9201 9202 9142
f 9203 9069 9178
f 9204 9205 9126
f 9206 9207 9165
f 9208 9077 9209
f 9210 9206 9060
f 9198 9204 9064
f 9211 9210 9059
f 9212 9178 9077
f 9213 9048 9069
f 9207 9201 9141
f 9214 9090 9142
f 9205 9211 9127
f 9215 9216 9049
f 9072 9055 9217
f 9185 9049 9216
f 9218 9072 9219
f 9220 9221 9039
f 9222 9075 9223
f 9213 9222 9224
f 9225 9039 9221
f 9226 9220 9038
f 9055 9056 9227
f 9228 9224 9229
f 9226 9230 9229
f 9220 9229 9231
f 9229 9224 9223
f 9232 9233 9219
f 9232 9234 9221
f 9172 9175 9087
f 9174 9171 9089
f 9209 9079 9091
f 9176 9173 9113
f 9235 9082 9119
f 9170 9122 9140
f 9175 9174 9088
f 9082 9032 9140
f 9079 9187 9189
f 9236 9209 9090
f 9237 9238 9239
f 9240 9241 9242
f 9243 9244 9245
f 9246 9247 9248
f 9249 9250 9251
f 9252 9253 9254
f 9255 9256 9257
f 9258 9259 9260
f 9261 9262 9263
f 9264 9265 9266
f 9267 9268 9245
f 9269 9270 9271
f 9272 9273 9274
f 9275 9276 9277
f 9278 9279 9260
f 9280 9281 9254
f 9282 9283 9242
f 9284 9266 9285
f 9286 9274 9287
f 9288 9287 9274
f 9289 9290 9239
f 9291 9292 9242
f 9293 9294 9295
f 9296 9297 9298
f 9299 9300 9301
f 9302 9303 9304
f 9294 9296 9305
f 9306 9307 9308
f 9309 9310 9308
f 9311 9312 9313
f 9314 9309 9315
f 9316 9317 9318
f 9319 9320 9321
f 9322 9323 9324
f 9317 9322 9325
f 9318 9325 9326
f 9325 9324 9327
f 9238 9243 9268
f 9250 9246 9328
f 9256 9261 9329
f 9330 9331 9332
f 9333 9239 9268
f 9334 9335 9336
f 9337 9338 9339
f 9340 9321 9341
f 9342 9318 9343
f 9344 9315 9300
f 9345 9313 9346
f 9315 9308 9307
f 9347 9308 9310
f 9348 9349 9350
f 9301 9304 9303
f 9351 9295 9317
f 9352 9301 9353
f 9295 9305 9322
f 9354 9355 9312
f 9305 9298 9323
f 9356 9304 9307
f 9357 9358 9294
f 9359 9360 9297
f 9361 9362 9363
f 9364 9365 9366
f 9273 9367 9368
f 9369 9275 9370
f 9371 9288 9368
f 9372 9373 9374
f 9375 9376 9370
f 9377 9374 9365
f 9338 9378 9379
f 9380 9381 9382
f 9383 9384 9385
f 9386 9387 9388
f 9389 9390 9391
f 9392 9391 9393
f 9394 9395 9396
f 9397 9398 9399
f 9400 9260 9387
f 9401 9380 9402
f 9403 9401 9404
f 9374 9333 9267
f 9405 9406 9388
f 9398 9330 9407
f 9408 9396 9409
f 9410 9411 9303
f 9373 9289 9333
f 9358 9359 9296
f 9402 9382 9244
f 9412 9413 9363
f 9414 9257 9401
f 9329 9263 9381
f 9279 9405 9387
f 9415 9416 9391
f 9390 9411 9393
f 9417 9388 9241
f 9396 9284 9418
f 9395 9264 9284
f 9257 9329 9380
f 9283 9369 9419
f 9367 9269 9420
f 9365 9267 9421
f 9335 9397 9422
f 9271 9408 9423
f 9376 9291 9419
f 9424 9371 9420
f 9378 9334 9425
f 9270 9394 9408
f 9426 9404 9238
f 9404 9402 9243
f 9406 9282 9241
f 9427 9428 9256
f 9429 9430 9259
f 9431 9432 9262
f 9433 9278 9259
f 9428 9431 9261
f 9266 9434 9435
f 9331 9436 9437
f 9265 9438 9434
f 9434 9392 9439
f 9436 9412 9440
f 9438 9415 9392
f 9441 9442 9428
f 9443 9444 9430
f 9445 9446 9432
f 9447 9433 9430
f 9442 9445 9431
f 9448 9385 9355
f 9449 9341 9349
f 9300 9307 9304
f 9407 9332 9450
f 9425 9336 9451
f 9452 9339 9453
f 9341 9454 9455
f 9320 9456 9457
f 9321 9457 9454
f 9349 9455 9458
f 9339 9379 9459
f 9362 9460 9461
f 9422 9399 9462
f 9440 9363 9461
f 9399 9407 9463
f 9379 9425 9464
f 9336 9422 9465
f 9332 9437 9466
f 9437 9440 9467
f 9468 9469 9334
f 9470 9471 9338
f 9471 9468 9378
f 9472 9473 9413
f 9474 9340 9449
f 9475 9476 9397
f 9477 9478 9436
f 9479 9348 9480
f 9481 9477 9331
f 9469 9475 9335
f 9482 9481 9330
f 9483 9449 9348
f 9484 9319 9340
f 9478 9472 9412
f 9485 9361 9413
f 9476 9482 9398
f 9486 9487 9320
f 9343 9326 9488
f 9456 9320 9487
f 9489 9343 9490
f 9491 9492 9310
f 9493 9346 9494
f 9484 9493 9495
f 9496 9310 9492
f 9497 9491 9309
f 9326 9327 9498
f 9499 9495 9500
f 9497 9501 9500
f 9491 9500 9502
f 9500 9495 9494
f 9503 9504 9490
f 9503 9505 9492
f 9443 9446 9358
f 9445 9442 9360
f 9480 9350 9362
f 9447 9444 9384
f 9506 9353 9390
f 9441 9393 9411
f 9446 9445 9359
f 9353 9303 9411
f 9350 9458 9460
f 9507 9480 9361
f 9508 9509 9510
f 9511 9512 9513
f 9514 9515 9516
f 9517 9518 9519
f 9520 9521 9522
f 9523 9524 9525
f 9526 9527 9528
f 9529 9530 9531
f 9532 9533 9534
f 9535 9536 9537
f 9538 9539 9516
f 9540 9541 9542
f 9543 9544 9545
f 9546 9547 9548
f 9549 9550 9531
f 9551 9552 9525
f 9553 9554 9513
f 9555 9537 9556
f 9557 9545 9558
f 9559 9558 9545
f 9560 9561 9510
f 9562 9563 9513
f 9564 9565 9566
f 9567 9568 9569
f 9570 9571 9572
f 9573 9574 9575
f 9565 9567 9576
f 9577 9578 9579
f 9580 9581 9579
f 9582 9583 9584
f 9585 9580 9586
f 9587 9588 9589
f 9590 9591 9592
f 9593 9594 9595
f 9588 9593 9596
f 9589 9596 9597
f 9596 9595 9598
f 9509 9514 9539
f 9521 9517 9599
f 9527 9532 9600
f 9601 9602 9603
f 9604 9510 9539
f 9605 9606 9607
f 9608 9609 9610
f 9611 9592 9612
f 9613 9589 9614
f 9615 9586 9571
f 9616 9584 9617
f 9586 9579 9578
f 9618 9579 9581
f 9619 9620 9621
f 9572 9575 9574
f 9622 9566 9588
f 9623 9572 9624
f 9566 9576 9593
f 9625 9626 9583
f 9576 9569 9594
f 9627 9575 9578
f 9628 9629 9565
f 9630 9631 9568
f 9632 9633 9634
f 9635 9636 9637
f 9544 9638 9639
f 9640 9546 9641
f 9642 9559 9639
f 9643 9644 9645
f 9646 9647 9641
f 9648 9645 9636
f 9609 9649 9650
f 9651 9652 9653
f 9654 9655 9656
f 9657 9658 9659
f 9660 9661 9662
f 9663 9662 9664
f 9665 9666 9667
f 9668 9669 9670
f 9671 9531 9658
f 9672 9651 9673
f 9674 9672 9675
f 9645 9604 9538
f 9676 9677 9659
f 9669 9601 9678
f 9679 9667 9680
f 9681 9682 9574
f 9644 9560 9604
f 9629 9630 9567
f 9673 9653 9515
f 9683 9684 9634
f 9685 9528 9672
f 9600 9534 9652
f 9550 9676 9658
f 9686 9687 9662
f 9661 9682 9664
f 9688 9659 9512
f 9667 9555 9689
f 9666 9535 9555
f 9528 9600 9651
f 9554 9640 9690
f 9638 9540 9691
f 9636 9538 9692
f 9606 9668 9693
f 9542 9679 9694
f 9647 9562 9690
f 9695 9642 9691
f 9649 9605 9696
f 9541 9665 9679
f 9697 9675 9509
f 9675 9673 9514
f 9677 9553 9512
f 9698 9699 9527
f 9700 9701 9530
f 9702 9703 9533
f 9704 9549 9530
f 9699 9702 9532
f 9537 9705 9706
f 9602 9707 9708
f 9536 9709 9705
f 9705 9663 9710
f 9707 9683 9711
f 9709 9686 9663
f 9712 9713 9699
f 9714 9715 9701
f 9716 9717 9703
f 9718 9704 9701
f 9713 9716 9702
f 9719 9656 9626
f 9720 9612 9620
f 9571 9578 9575
f 9678 9603 9721
f 9696 9607 9722
f 9723 9610 9724
f 9612 9725 9726
f 9591 9727 9728
f 9592 9728 9725
f 9620 9726 9729
f 9610 9650 9730
f 9633 9731 9732
f 9693 9670 9733
f 9711 9634 9732
f 9670 9678 9734
f 9650 9696 9735
f 9607 9693 9736
f 9603 9708 9737
f 9708 9711 9738
f 9739 9740 9605
f 9741 9742 9609
f 9742 9739 9649
f 9743 9744 9684
f 9745 9611 9720
f 9746 9747 9668
f 9748 9749 9707
f 9750 9619 9751
f 9752 9748 9602
f 9740 9746 9606
f 9753 9752 9601
f 9754 9720 9619
f 9755 9590 9611
f 9749 9743 9683
f 9756 9632 9684
f 9747 9753 9669
f 9757 9758 9591
f 9614 9597 9759
f 9727 9591 9758
f 9760 9614 9761
f 9762 9763 9581
f 9764 9617 9765
f 9755 9764 9766
f 9767 9581 9763
f 9768 9762 9580
f 9597 9598 9769
f 9770 9766 9771
f 9768 9772 9771
f 9762 9771 9773
f 9771 9766 9765
f 9774 9775 9761
f 9774 9776 9763
f 9714 9717 9629
f 9716 9713 9631
f 9751 9621 9633
f 9718 9715 9655
f 9777 9624 9661
f 9712 9664 9682
f 9717 9716 9630
f 9624 9574 9682
f 9621 9729 9731
f 9778 9751 9632
f 9779 9780 9781
f 9782 9783 9784
f 9785 9782 9786
f 9787 9788 9789
f 9790 9791 9784
f 9792 9789 9793
f 9794 9795 9796
f 9797 9798 9799
f 9800 9801 9802
f 9798 9803 9804
f 9795 9797 9805
f 9806 9807 9808
f 9809 9810 9808
f 9811 9812 9813
f 9814 9809 9815
f 9812 9816 9817
f 9818 9819 9820
f 9821 9806 9822
f 9816 9821 9823
f 9817 9823 9824
f 9823 9822 9825
f 9780 9785 9826
f 9827 9828 9829
f 9830 9820 9831
f 9813 9817 9832
f 9833 9815 9801
f 9834 9813 9835
f 9815 9808 9807
f 9822 9808 9810
f 9836 9837 9838
f 9802 9804 9803
f 9839 9796 9816
f 9840 9802 9841
f 9796 9805 9821
f 9842 9839 9812
f 9805 9799 9806
f 9799 9804 9807
f 9843 9844 9795
f 9845 9846 9798
f 9847 9848 9849
f 9850 9843 9794
f 9851 9852 9853
f 9854 9853 9855
f 9786 9784 9856
f 9846 9857 9803
f 9844 9845 9797
f 9858 9859 9849
f 9793 9781 9860
f 9826 9786 9861
f 9791 9862 9856
f 9863 9864 9853
f 9852 9857 9855
f 9781 9826 9865
f 9866 9867 9780
f 9868 9869 9783
f 9870 9868 9782
f 9871 9790 9783
f 9867 9870 9785
f 9789 9872 9779
f 9828 9873 9874
f 9788 9875 9872
f 9872 9854 9866
f 9873 9858 9876
f 9875 9863 9854
f 9855 9877 9867
f 9878 9879 9869
f 9880 9878 9868
f 9881 9871 9869
f 9877 9880 9870
f 9882 9794 9839
f 9883 9831 9837
f 9801 9807 9804
f 9884 9829 9788
f 9831 9800 9840
f 9819 9814 9833
f 9820 9833 9800
f 9837 9840 9885
f 9848 9851 9864
f 9876 9849 9864
f 9829 9874 9875
f 9874 9876 9863
f 9871 9881 9859
f 9834 9830 9883
f 9791 9790 9873
f 9842 9836 9886
f 9862 9791 9828
f 9811 9883 9836
f 9887 9818 9830
f 9790 9871 9858
f 9850 9847 9859
f 9888 9889 9819
f 9832 9824 9890
f 9814 9819 9889
f 9835 9832 9891
f 9892 9893 9810
f 9887 9835 9894
f 9818 9887 9895
f 9825 9810 9893
f 9896 9892 9809
f 9824 9825 9897
f 9888 9895 9898
f 9896 9889 9898
f 9892 9898 9899
f 9898 9895 9894
f 9899 9894 9891
f 9890 9897 9893
f 9879 9878 9844
f 9880 9877 9846
f 9886 9838 9848
f 9881 9879 9843
f 9885 9841 9852
f 9877 9855 9857
f 9878 9880 9845
f 9841 9803 9857
f 9838 9885 9851
f 9882 9886 9847
f 8881 8695 8748
f 8702 8698 8750
f 9900 8707 9901
f 8705 8710 9902
f 8893 8713 8872
f 8720 8716 8858
f 8829 8882 8748
f 8879 8703 8750
f 8843 8751 8809
f 8755 8760 8814
f 8781 8764 8805
f 8770 8774 8800
f 8771 8800 8947
f 8782 8805 8954
f 8813 8809 8774
f 8756 8814 8764
f 8842 8815 8751
f 8745 8746 8831
f 9903 8824 8834
f 8839 8844 8875
f 8721 8858 8844
f 8876 8861 8884
f 8818 8868 8760
f 8746 8829 8747
f 8743 8872 8861
f 8840 8875 8698
f 8824 8879 8749
f 8867 8884 8695
f 8897 8885 8713
f 8890 8887 8716
f 8851 8899 8885
f 8904 8901 8887
f 8804 8947 8962
f 8785 8954 8963
f 8960 8952 8962
f 8946 8956 8963
f 8902 8901 8815
f 8900 8899 8868
f 9152 8966 9019
f 8973 8969 9021
f 9904 8978 9905
f 8976 8981 9906
f 9164 8984 9143
f 8991 8987 9129
f 9100 9153 9019
f 9150 8974 9021
f 9114 9022 9080
f 9026 9031 9085
f 9052 9035 9076
f 9041 9045 9071
f 9042 9071 9218
f 9053 9076 9225
f 9084 9080 9045
f 9027 9085 9035
f 9113 9086 9022
f 9016 9017 9102
f 9907 9095 9105
f 9110 9115 9146
f 8992 9129 9115
f 9147 9132 9155
f 9089 9139 9031
f 9017 9100 9018
f 9014 9143 9132
f 9111 9146 8969
f 9095 9150 9020
f 9138 9155 8966
f 9168 9156 8984
f 9161 9158 8987
f 9122 9170 9156
f 9175 9172 9158
f 9075 9218 9233
f 9056 9225 9234
f 9231 9223 9233
f 9217 9227 9234
f 9173 9172 9086
f 9171 9170 9139
f 9423 9237 9290
f 9244 9240 9292
f 9908 9249 9909
f 9247 9252 9910
f 9435 9255 9414
f 9262 9258 9400
f 9371 9424 9290
f 9421 9245 9292
f 9385 9293 9351
f 9297 9302 9356
f 9323 9306 9347
f 9312 9316 9342
f 9313 9342 9489
f 9324 9347 9496
f 9355 9351 9316
f 9298 9356 9306
f 9384 9357 9293
f 9287 9288 9373
f 9911 9366 9376
f 9381 9386 9417
f 9263 9400 9386
f 9418 9403 9426
f 9360 9410 9302
f 9288 9371 9289
f 9285 9414 9403
f 9382 9417 9240
f 9366 9421 9291
f 9409 9426 9237
f 9439 9427 9255
f 9432 9429 9258
f 9393 9441 9427
f 9446 9443 9429
f 9346 9489 9504
f 9327 9496 9505
f 9502 9494 9504
f 9488 9498 9505
f 9444 9443 9357
f 9442 9441 9410
f 9694 9508 9561
f 9515 9511 9563
f 9912 9520 9913
f 9518 9523 9914
f 9706 9526 9685
f 9533 9529 9671
f 9642 9695 9561
f 9692 9516 9563
f 9656 9564 9622
f 9568 9573 9627
f 9594 9577 9618
f 9583 9587 9613
f 9584 9613 9760
f 9595 9618 9767
f 9626 9622 9587
f 9569 9627 9577
f 9655 9628 9564
f 9558 9559 9644
f 9915 9637 9647
f 9652 9657 9688
f 9534 9671 9657
f 9689 9674 9697
f 9631 9681 9573
f 9559 9642 9560
f 9556 9685 9674
f 9653 9688 9511
f 9637 9692 9562
f 9680 9697 9508
f 9710 9698 9526
f 9703 9700 9529
f 9664 9712 9698
f 9717 9714 9700
f 9617 9760 9775
f 9598 9767 9776
f 9773 9765 9775
f 9759 9769 9776
f 9715 9714 9628
f 9713 9712 9681
f 8921 8908 8723
f 8922 8909 8728
f 9916 8911 8731
f 8912 8757 8810
f 8914 8772 8802
f 8915 8802 8757
f 8913 8810 8964
f 8911 8917 8825
f 8918 8847 8874
f 8923 8920 8853
f 8925 8919 8874
f 8920 8921 8722
f 8917 8922 8727
f 8909 8923 8852
f 8908 8924 8896
f 8924 8925 8873
f 8733 8827 8927
f 8738 8734 8929
f 8734 8733 8926
f 8891 8905 8931
f 8803 8932 8941
f 8741 8740 8934
f 8737 8736 8936
f 8812 8937 8965
f 8863 8737 8935
f 8827 8741 8933
f 8864 8863 8939
f 8769 8941 8937
f 8951 8942 8932
f 8736 8891 8930
f 8841 8943 8931
f 8740 8864 8940
f 8777 8942 8957
f 9917 8955 8772
f 8944 8957 8959
f 9917 8945 8959
f 8916 8964 8847
f 8906 8965 8943
f 9192 9179 8994
f 9193 9180 8999
f 9918 9182 9002
f 9183 9028 9081
f 9185 9043 9073
f 9186 9073 9028
f 9184 9081 9235
f 9182 9188 9096
f 9189 9118 9145
f 9194 9191 9124
f 9196 9190 9145
f 9191 9192 8993
f 9188 9193 8998
f 9180 9194 9123
f 9179 9195 9167
f 9195 9196 9144
f 9004 9098 9198
f 9009 9005 9200
f 9005 9004 9197
f 9162 9176 9202
f 9074 9203 9212
f 9012 9011 9205
f 9008 9007 9207
f 9083 9208 9236
f 9134 9008 9206
f 9098 9012 9204
f 9135 9134 9210
f 9040 9212 9208
f 9222 9213 9203
f 9007 9162 9201
f 9112 9214 9202
f 9011 9135 9211
f 9048 9213 9228
f 9919 9226 9043
f 9215 9228 9230
f 9919 9216 9230
f 9187 9235 9118
f 9177 9236 9214
f 9463 9450 9265
f 9464 9451 9270
f 9920 9453 9273
f 9454 9299 9352
f 9456 9314 9344
f 9457 9344 9299
f 9455 9352 9506
f 9453 9459 9367
f 9460 9389 9416
f 9465 9462 9395
f 9467 9461 9416
f 9462 9463 9264
f 9459 9464 9269
f 9451 9465 9394
f 9450 9466 9438
f 9466 9467 9415
f 9275 9369 9469
f 9280 9276 9471
f 9276 9275 9468
f 9433 9447 9473
f 9345 9474 9483
f 9283 9282 9476
f 9279 9278 9478
f 9354 9479 9507
f 9405 9279 9477
f 9369 9283 9475
f 9406 9405 9481
f 9311 9483 9479
f 9493 9484 9474
f 9278 9433 9472
f 9383 9485 9473
f 9282 9406 9482
f 9319 9484 9499
f 9921 9497 9314
f 9486 9499 9501
f 9921 9487 9501
f 9458 9506 9389
f 9448 9507 9485
f 9734 9721 9536
f 9735 9722 9541
f 9922 9724 9544
f 9725 9570 9623
f 9727 9585 9615
f 9728 9615 9570
f 9726 9623 9777
f 9724 9730 9638
f 9731 9660 9687
f 9736 9733 9666
f 9738 9732 9687
f 9733 9734 9535
f 9730 9735 9540
f 9722 9736 9665
f 9721 9737 9709
f 9737 9738 9686
f 9546 9640 9740
f 9551 9547 9742
f 9547 9546 9739
f 9704 9718 9744
f 9616 9745 9754
f 9554 9553 9747
f 9550 9549 9749
f 9625 9750 9778
f 9676 9550 9748
f 9640 9554 9746
f 9677 9676 9752
f 9582 9754 9750
f 9764 9755 9745
f 9549 9704 9743
f 9654 9756 9744
f 9553 9677 9753
f 9590 9755 9770
f 9923 9768 9585
f 9757 9770 9772
f 9923 9758 9772
f 9729 9777 9660
f 9719 9778 9756
f 9328 9248 9924
f 9925 9926 9927
f 9928 9929 9522
f 9930 9931 9552
f 9901 8709 9932
f 9933 9934 9935
f 9599 9519 9936
f 9937 9936 9519
f 9938 9939 9940
f 9941 9938 9942
f 9943 9944 9945
f 9946 9947 9948
f 9949 9927 9926
f 9950 9951 8980
f 9934 9952 9953
f 9954 9940 9939
f 9955 9956 9957
f 9958 9945 9944
f 9057 8977 9959
f 9960 9932 8709
f 9947 9957 9956
f 9931 9961 9525
f 9914 9525 9961
f 9962 9953 9952
f 9963 9964 9251
f 8786 8706 9965
f 9966 9967 9945
f 9968 9969 9970
f 9971 9972 9940
f 9973 9974 9975
f 9976 9969 9927
f 9977 9967 9978
f 9979 9980 9981
f 9982 9983 9984
f 9985 9986 9987
f 9910 9988 9924
f 9982 9989 9981
f 9982 9990 9991
f 9992 9970 9993
f 9994 9995 9996
f 9983 9993 9970
f 9997 9909 9251
f 9998 9986 9999
f 10000 10001 9993
f 9986 9985 9978
f 10002 9993 10001
f 10003 10004 10005
f 10006 10007 10008
f 10009 10010 10011
f 10007 10012 10013
f 10014 10013 10012
f 10015 10016 10017
f 10018 10014 10019
f 10020 10017 10021
f 10022 10023 10024
f 10025 10026 10027
f 10028 10029 10030
f 10031 10032 10033
f 10026 10034 10035
f 10024 10036 10037
f 9906 10038 9959
f 10029 10032 10039
f 10040 10031 10041
f 10028 10025 10042
f 10043 10044 10012
f 10036 10045 10046
f 10047 10009 10005
f 10023 10048 10036
f 10005 10049 10050
f 8822 9903 8705
f 8830 8835 8708
f 8833 8735 8711
f 9955 8730 8744
f 8734 8738 8711
f 9956 8744 9900
f 8835 8822 8704
f 9962 8795 8910
f 9953 8910 9916
f 10051 8928 8795
f 8745 8830 8707
f 9903 8833 8710
f 9935 9916 8730
f 8739 8738 8928
f 10052 9199 9066
f 9101 9106 8979
f 9104 9006 8982
f 9005 9009 8982
f 9276 9280 9253
f 10053 9001 9015
f 10054 9470 9337
f 9944 9452 9920
f 9925 9066 9181
f 9377 9364 9246
f 10055 9918 9001
f 9907 9104 8981
f 9375 9277 9253
f 9016 9101 8978
f 9372 9377 9250
f 9010 9009 9199
f 9926 9181 9918
f 9939 9723 9922
f 9106 9093 8975
f 10056 9015 9904
f 10057 9920 9272
f 9093 9907 8976
f 9281 9280 9470
f 9938 9608 9723
f 10058 9272 9286
f 9635 9915 9518
f 10059 9543 9557
f 9643 9648 9521
f 9911 9375 9252
f 10060 9286 9908
f 9364 9911 9247
f 9287 9372 9249
f 9943 9337 9452
f 9915 9646 9523
f 9648 9635 9517
f 10061 9922 9543
f 9941 9741 9608
f 9558 9643 9520
f 9552 9551 9741
f 10062 9557 9912
f 9646 9548 9524
f 9547 9551 9524
f 10063 10064 8543
f 10065 10066 8545
f 10067 10068 8547
f 10066 10069 8548
f 10070 8550 10071
f 8551 8552 10072
f 10069 10072 8552
f 8550 8543 10064
f 10073 10074 8554
f 10075 10067 8546
f 8555 8556 10076
f 10074 10077 8557
f 10068 10078 8558
f 8556 8559 10079
f 10077 10063 8542
f 10078 10065 8544
f 10080 10081 10072
f 10071 10064 10082
f 10083 10084 10074
f 10085 10086 10067
f 10075 10076 10087
f 10084 10088 10077
f 10089 10090 10078
f 10076 10079 10091
f 10088 10092 10063
f 10090 10093 10065
f 10092 10082 10064
f 10093 10094 10066
f 10086 10089 10068
f 10094 10080 10069
f 10095 10071 10096
f 10097 10072 10081
f 10098 10099 10084
f 10100 10101 10086
f 10085 10087 10102
f 10099 10103 10088
f 10104 10105 10090
f 10087 10091 10106
f 10103 10107 10092
f 10105 10108 10093
f 10107 10109 10082
f 10108 10110 10094
f 10101 10104 10089
f 10110 10111 10080
f 10112 10096 10113
f 10114 10081 10115
f 10111 10115 10081
f 10096 10082 10109
f 10116 10117 10103
f 10118 10119 10105
f 10102 10106 10120
f 10117 10121 10107
f 10119 10122 10108
f 10121 10123 10109
f 10122 10124 10110
f 10125 10118 10104
f 10124 10126 10111
f 10127 10113 10128
f 10129 10115 10130
f 10126 10130 10115
f 10113 10109 10123
f 10131 10116 10099
f 10132 10125 10101
f 10100 10102 10133
f 10134 10135 10116
f 10136 10137 10125
f 10132 10133 10138
f 10135 10139 10117
f 10140 10141 10119
f 10133 10120 10142
f 10139 10143 10121
f 10141 10144 10122
f 10143 10145 10123
f 10144 10146 10124
f 10137 10140 10118
f 10146 10147 10126
f 10148 10128 10149
f 10150 10130 10151
f 10147 10151 10130
f 10128 10123 10145
f 10152 10153 10139
f 10154 10155 10141
f 10138 10142 10156
f 10153 10157 10143
f 10155 10158 10144
f 10157 10159 10145
f 10158 10160 10146
f 10161 10154 10140
f 10160 10162 10147
f 10163 10149 10164
f 10165 10151 10166
f 10162 10166 10151
f 10149 10145 10159
f 10167 10152 10135
f 10168 10161 10137
f 10136 10138 10169
f 10170 10171 10157
f 10172 10173 10158
f 10171 10174 10159
f 10173 10175 10160
f 10176 10177 10154
f 10175 10178 10162
f 10179 10164 10180
f 10181 10166 10182
f 10178 10182 10166
f 10164 10159 10174
f 10183 10184 10152
f 10185 10176 10161
f 10168 10169 10186
f 10184 10170 10153
f 10177 10172 10155
f 10169 10156 10187
f 10188 10189 10174
f 10190 10191 10175
f 10192 10193 10177
f 10191 10194 10178
f 10195 10180 10196
f 10197 10182 10198
f 10194 10198 10182
f 10180 10174 10189
f 10199 10200 10184
f 10201 10192 10176
f 10185 10186 10202
f 10200 10203 10170
f 10193 10204 10172
f 10186 10187 10205
f 10203 10188 10171
f 10204 10190 10173
f 10206 10207 10193
f 10208 10209 10194
f 10210 10196 10211
f 10212 10198 10213
f 10209 10213 10198
f 10196 10189 10214
f 10215 10216 10200
f 10217 10206 10192
f 10201 10202 10218
f 10216 10219 10203
f 10207 10220 10204
f 10202 10205 10221
f 10219 10222 10188
f 10220 10223 10190
f 10222 10214 10189
f 10223 10208 10191
f 10224 10213 10225
f 10226 10225 10213
f 10211 10214 10227
f 10228 10229 10216
f 10230 10231 10206
f 10217 10218 10232
f 10229 10233 10219
f 10234 10235 10220
f 10218 10221 10236
f 10233 10237 10222
f 10235 10238 10223
f 10237 10227 10214
f 10238 10239 10208
f 10231 10234 10207
f 10239 10226 10209
f 10240 10211 10241
f 10242 10243 10229
f 10244 10245 10231
f 10230 10232 10246
f 10243 10247 10233
f 10248 10249 10235
f 10232 10236 10250
f 10247 10251 10237
f 10249 10252 10238
f 10251 10253 10227
f 10252 10254 10239
f 10245 10248 10234
f 10254 10255 10226
f 10256 10241 10257
f 10258 10225 10259
f 10255 10259 10225
f 10241 10227 10253
f 10260 10261 10247
f 10262 10263 10249
f 10246 10250 10264
f 10261 10265 10251
f 10263 10266 10252
f 10265 10267 10253
f 10266 10268 10254
f 10269 10262 10248
f 10268 10270 10255
f 10271 10257 10272
f 10273 10259 10274
f 10270 10274 10259
f 10257 10253 10267
f 10275 10260 10243
f 10276 10269 10245
f 10244 10246 10277
f 10278 10279 10265
f 10280 10281 10266
f 10279 10282 10267
f 10281 10283 10268
f 10284 10285 10262
f 10283 10286 10270
f 10287 10272 10288
f 10289 10274 10290
f 10286 10290 10274
f 10272 10267 10282
f 10291 10292 10260
f 10293 10284 10269
f 10276 10277 10294
f 10292 10278 10261
f 10285 10280 10263
f 10277 10264 10295
f 10296 10297 10282
f 10298 10299 10283
f 10300 10301 10285
f 10299 10302 10286
f 10303 10288 10304
f 10305 10290 10306
f 10302 10306 10290
f 10288 10282 10297
f 10307 10308 10292
f 10309 10300 10284
f 10293 10294 10310
f 10308 10311 10278
f 10301 10312 10280
f 10294 10295 10313
f 10311 10296 10279
f 10312 10298 10281
f 10314 10315 10301
f 10316 10317 10302
f 10318 10319 10320
f 10321 10322 10323
f 10317 10322 10306
f 10319 10324 10325
f 10326 10327 10308
f 10328 10314 10300
f 10328 10329 10330
f 10327 10331 10311
f 10315 10332 10312
f 10329 10333 10334
f 10331 10335 10296
f 10332 10336 10298
f 10335 10324 10297
f 10336 10316 10299
f 10049 10019 10337
f 10006 10024 10338
f 10339 10046 10045
f 10340 10043 10007
f 10341 10337 10044
f 10342 10340 10338
f 10019 10012 10044
f 10343 9928 9936
f 10344 9905 8980
f 9902 10345 9965
f 9905 9902 8712
f 9902 9905 10344
f 9928 10343 10346
f 10347 10348 9929
f 9909 9906 8983
f 10337 10341 10349
f 9906 9909 9997
f 10050 9988 10348
f 10047 10343 10350
f 10009 10047 10351
f 10348 9913 9522
f 9910 9913 10348
f 9913 9910 9254
f 10343 10047 10347
f 10352 10353 10354
f 10355 10330 10334
f 10356 10357 10330
f 9792 10358 10359
f 10360 10361 9856
f 10362 10363 9884
f 9827 9884 10363
f 10364 10365 9865
f 10361 10364 9861
f 10366 10360 9862
f 10365 10367 9860
f 9787 9792 10368
f 10367 10359 10358
f 10369 10370 10367
f 10370 10371 10359
f 10362 10368 10372
f 10373 10374 10361
f 10368 10359 10371
f 10375 10376 10363
f 10366 10363 10376
f 10377 10373 10360
f 10378 10369 10365
f 10374 10378 10364
f 10379 10380 10369
f 10381 10379 10378
f 10380 10382 10370
f 10382 10383 10371
f 10375 10372 10384
f 10385 10381 10374
f 10372 10371 10383
f 10386 10387 10376
f 10377 10376 10387
f 10388 10385 10373
f 10389 10390 10387
f 10388 10387 10390
f 10391 10392 10385
f 10393 10394 10380
f 10395 10393 10379
f 10394 10396 10382
f 10396 10397 10383
f 10386 10384 10398
f 10392 10395 10381
f 10384 10383 10397
f 10389 10398 10399
f 10400 10401 10395
f 10398 10397 10402
f 10403 10404 10390
f 10391 10390 10404
f 10405 10400 10392
f 10406 10407 10394
f 10401 10406 10393
f 10407 10408 10396
f 10408 10402 10397
f 10409 10410 10408
f 10410 10411 10402
f 10403 10399 10412
f 10413 10414 10401
f 10399 10402 10411
f 10415 10416 10404
f 10405 10404 10416
f 10417 10413 10400
f 10418 10409 10407
f 10414 10418 10406
f 10419 10411 10410
f 10420 10412 10411
f 10421 10422 10423
f 10422 10424 10425
f 10424 10426 10427
f 10428 10423 10429
f 10430 10429 10431
f 10432 10431 10433
f 10434 10435 10436
f 10437 10433 10438
f 10439 10438 10440
f 10441 10440 10442
f 10443 10444 10440
f 8739 10056 10445
f 9010 10060 10446
f 10051 10053 10056
f 10053 10051 9962
f 10055 9962 10447
f 9979 9976 9949
f 9991 10448 10421
f 9983 9982 10449
f 10450 10415 10412
f 10052 10058 10060
f 10058 10052 9925
f 9281 10062 10451
f 10054 10059 10062
f 10059 10054 9943
f 10061 9943 10452
f 9977 9971 9954
f 10352 10453 9992
f 10353 10352 10002
f 9999 9978 10453
f 9966 9968 9992
f 10454 9958 10057
f 10455 9987 9975
f 10040 10456 10021
f 10049 10005 10004
f 10046 10457 10458
f 10046 10339 10459
f 10340 10342 10460
f 10010 10351 9973
f 10461 10416 10415
f 10462 10020 10456
f 10463 10464 10026
f 10465 10466 10456
f 10467 10468 10031
f 10464 10469 10034
f 10470 10471 10029
f 10468 10039 10032
f 10472 10463 10025
f 10471 10033 10032
f 9975 9987 10473
f 10438 10474 10442
f 9986 9998 10473
f 10433 10475 10474
f 10476 10417 10416
f 10417 10476 10477
f 10478 10414 10413
f 10479 10418 10414
f 10418 10479 10480
f 10034 10469 10436
f 10481 10482 10483
f 10482 10481 10484
f 10011 10010 10485
f 10486 10434 10487
f 10356 10488 10489
f 10490 10489 10491
f 10492 10491 10493
f 10494 10493 10495
f 10496 10495 10497
f 10498 10499 10500
f 10501 10303 10500
f 10502 10271 10287
f 10503 8265 7642
f 10504 7642 7641
f 10505 7641 7640
f 10506 7640 7639
f 10507 7639 7773
f 10508 7773 7636
f 10509 7636 7647
f 10510 7725 7621
f 10510 7646 7508
f 10511 7618 10512
f 10511 7635 7634
f 10513 7767 7619
f 268 336 10514
f 10515 10516 7035
f 10517 7443 10518
f 10519 7151 7443
f 10520 7181 7128
f 10521 7197 7181
f 10522 7258 7197
f 10522 7173 7176
f 10523 7184 7199
f 10524 10525 7184
f 10526 7274 10525
f 10526 7270 7299
f 10527 7308 7290
f 10528 7325 7308
f 10528 7319 7341
f 10529 7341 7364
f 10530 7372 7355
f 10531 7387 7372
f 10531 7382 7405
f 10532 7405 7413
f 10533 7413 7430
f 10534 7424 7419
f 10534 7429 7412
f 10535 7412 7404
f 10536 7389 7399
f 10536 7381 7366
f 10537 7358 7374
f 10538 7333 7358
f 10538 7340 7318
f 10539 7318 7301
f 10540 7293 7310
f 10541 7272 7293
f 10541 7269 7177
f 10542 7189 7192
f 10543 7190 7189
f 10544 7188 7190
f 10544 7172 7169
f 10545 7185 7187
f 10545 7445 7194
f 10546 7193 7441
f 10547 7441 7440
f 7094 10516 10515
f 7094 10548 10549
f 10550 8325 8265
f 10550 8329 8285
f 10551 8179 8178
f 10552 8180 8179
f 10553 8181 8180
f 10554 8182 8181
f 10554 8196 8480
f 10555 8184 8183
f 10555 8198 8201
f 10556 8201 8203
f 10557 8187 8186
f 10557 8205 8502
f 10558 8502 8517
f 10559 8517 8533
f 10560 8541 8510
f 10560 8549 10070
f 10561 10070 10095
f 10562 10497 10563
f 10564 10563 10565
f 8289 10503 10504
f 8290 10504 10505
f 7628 10505 10506
f 7629 10506 10507
f 7501 10507 10508
f 7502 10508 10509
f 10566 10509 10567
f 7646 10510 10567
f 7725 10510 10568
f 7635 10511 10568
f 7618 10511 10569
f 10570 7054 7126
f 10571 7096 7095
f 10571 10572 7097
f 7442 10517 10573
f 10574 10519 10517
f 7171 10520 10575
f 7170 10521 10520
f 7173 10522 10521
f 7258 10522 10576
f 7175 10523 10576
f 7178 10524 10523
f 7270 10526 10524
f 7274 10526 10577
f 7302 10527 10577
f 7319 10528 10527
f 7325 10528 10529
f 7349 10529 10578
f 7367 10530 10578
f 7382 10531 10530
f 7387 10531 10532
f 7396 10532 10533
f 7418 10533 10579
f 7429 10534 10579
f 7424 10534 10535
f 7407 10535 10580
f 7381 10536 10580
f 7389 10536 10581
f 7363 10537 10581
f 7340 10538 10537
f 7333 10538 10539
f 7327 10539 10582
f 7298 10540 10582
f 7269 10541 10540
f 7272 10541 10583
f 7174 10542 10583
f 7257 10543 10542
f 7172 10544 10543
f 7188 10544 10584
f 7445 10545 10584
f 7185 10545 10585
f 7120 10546 10547
f 10586 10547 10587
f 10588 7099 7097
f 10589 10590 10591
f 10592 10591 10593
f 10594 10593 10595
f 10596 10597 10598
f 10599 10598 10600
f 10601 10600 10602
f 10603 10602 10604
f 10605 10604 10606
f 8329 10550 10503
f 8325 10550 10607
f 8189 10551 10607
f 8192 10552 10551
f 8194 10553 10552
f 8196 10554 10553
f 8182 10554 10608
f 8198 10555 10608
f 8184 10555 10556
f 8185 10556 10609
f 8205 10557 10609
f 8187 10557 10558
f 8188 10558 10559
f 8496 10559 10610
f 8549 10560 10610
f 8541 10560 10561
f 8559 10561 10611
f 10463 10488 10612
f 10472 10489 10488
f 10489 10472 10030
f 10491 10030 10039
f 10468 10495 10493
f 10303 10501 10613
f 10467 10497 10495
f 10497 10467 10021
f 10614 10615 10323
f 10333 10498 10616
f 10295 10501 10499
f 8374 8365 10617
f 8381 8374 10618
f 8388 8381 10619
f 8395 8388 10620
f 8399 8395 10621
f 1735 8399 10622
f 10623 8477 10624
f 8477 8417 10625
f 8417 8406 10626
f 8406 8483 10627
f 8483 8484 10628
f 8487 10623 10629
f 8484 8494 10630
f 8494 8519 10631
f 8519 8535 10632
f 8535 8551 10633
f 10097 10634 10633
f 10114 10635 10634
f 10129 10636 10635
f 10150 10637 10636
f 10165 10638 10637
f 10181 10639 10638
f 10197 10640 10639
f 10212 10641 10640
f 10224 10642 10641
f 10258 10643 10642
f 10273 10644 10643
f 10289 10645 10644
f 10305 10646 10645
f 10647 10648 10646
f 10321 10649 10648
f 10650 10651 10615
f 10017 10565 10563
f 10349 9924 9988
f 10453 9978 9967
f 10652 9981 9980
f 10341 9963 9924
f 9963 10341 10653
f 10454 9927 9969
f 10044 9997 9964
f 10455 9974 9972
f 9933 9980 9952
f 9997 10044 10043
f 10460 9959 10038
f 10342 9950 9959
f 9950 10342 10654
f 9984 9970 9969
f 10452 9945 9967
f 9930 9972 9974
f 10338 10344 9951
f 10447 9952 9980
f 10344 10338 10037
f 10458 9965 10345
f 10457 9960 9965
f 9930 9942 9940
f 9960 10457 10459
f 10339 9946 9932
f 9946 10339 9996
f 9995 10655 10656
f 10652 10656 10655
f 9931 9974 9973
f 10351 9937 9961
f 9937 10351 10350
f 9947 9996 10656
f 9989 9984 9976
f 9985 10455 9971
f 9958 10454 9968
f 10409 10480 10657
f 10658 10478 10477
f 10659 10479 10478
f 10045 10036 10048
f 10435 10660 10035
f 10016 10661 10565
f 10434 10480 10479
f 10016 10662 10663
f 10664 9994 10045
f 10665 10035 10660
f 10660 10659 10658
f 9994 10664 10658
f 10048 10027 10035
f 10023 10042 10027
f 10441 10482 10666
f 10482 10441 10667
f 10668 10669 10663
f 10670 10671 10669
f 10672 10673 10671
f 10674 10675 10673
f 10676 10677 10675
f 10678 10679 10677
f 10487 10680 10679
f 10436 10681 10680
f 10668 10662 10483
f 10427 10426 10486
f 10670 10668 10682
f 10483 10667 10442
f 10431 10683 10475
f 10683 10431 10429
f 10474 10684 10682
f 10684 10474 10475
f 10685 10475 10683
f 10686 10683 10687
f 10672 10670 10684
f 10686 10674 10672
f 10674 10686 10688
f 10429 10423 10425
f 10687 10425 10427
f 10427 10678 10676
f 10485 9975 10689
f 10022 10470 10042
f 10470 10022 10008
f 10471 10008 10013
f 10014 10041 10033
f 10018 10465 10041
f 10004 10466 10465
f 10003 10462 10466
f 10689 10666 10484
f 10666 10689 10473
f 9998 10444 10443
f 10444 9998 10354
f 10353 10437 10439
f 10437 10353 10690
f 10432 10690 10001
f 10000 10428 10430
f 10428 10000 10449
f 10652 9933 9957
f 9990 10691 10655
f 10652 10691 9990
f 9995 10658 10692
f 10618 10617 8367
f 10619 10618 8366
f 10620 10619 8375
f 10621 10620 8382
f 10622 10621 8389
f 3966 10622 8396
f 10629 10624 8421
f 10624 10625 8433
f 10625 10626 8442
f 10626 10627 8457
f 10627 10628 8468
f 10693 10629 8420
f 10628 10630 8504
f 10630 10631 8521
f 10631 10632 8537
f 10632 10633 8553
f 10481 10662 10016
f 10634 10073 8553
f 10635 10083 10073
f 10636 10098 10083
f 10637 10131 10098
f 10638 10134 10131
f 10639 10167 10134
f 10640 10183 10167
f 10641 10199 10183
f 10642 10215 10199
f 10643 10228 10215
f 10644 10242 10228
f 10645 10275 10242
f 10646 10291 10275
f 10648 10307 10291
f 10649 10326 10307
f 10469 10694 10681
f 10464 10612 10694
f 10695 10484 10696
f 10481 10015 10696
f 10462 10003 10011
f 10015 10020 10462
f 10697 10240 10256
f 10697 10221 10205
f 10698 10195 10210
f 10698 10187 10156
f 10699 10163 10179
f 10700 10148 10163
f 10701 10127 10148
f 10702 10112 10127
f 10221 10697 10703
f 10240 10697 10704
f 10187 10698 10704
f 10195 10698 10705
f 10142 10699 10705
f 10120 10700 10699
f 10106 10701 10700
f 10091 10702 10701
f 10703 10256 10271
f 10501 10295 10264
f 10611 10095 10112
f 10236 10703 10502
f 10079 10611 10702
f 10250 10502 10613
f 10659 10660 10435
f 10476 10448 10692
f 10448 10476 10461
f 10421 10461 10450
f 10422 10450 10420
f 10424 10420 10419
f 10426 10419 10657
f 10486 10657 10480
f 10706 10616 10707
f 10708 10707 10320
f 10709 10320 10325
f 10710 10675 10677
f 10711 10673 10675
f 10712 10671 10673
f 10713 10669 10671
f 10713 10714 10651
f 10715 10334 10616
f 10716 10717 10315
f 10718 10719 10317
f 10500 10304 10319
f 10647 10306 10322
f 10719 10323 10322
f 10304 10297 10324
f 10714 10720 10327
f 10357 10716 10314
f 10309 10310 10329
f 10720 10721 10331
f 10717 10722 10332
f 10310 10313 10333
f 10721 10723 10335
f 10722 10724 10336
f 10723 10325 10324
f 10724 10718 10316
f 10616 10498 10318
f 10313 10499 10498
f 10615 10651 10649
f 10651 10714 10326
f 10663 10650 10614
f 10357 10356 10490
f 10721 10711 10710
f 10488 10356 10355
f 10679 10709 10725
f 10612 10355 10715
f 10719 10564 10726
f 10694 10715 10706
f 10722 10494 10496
f 10718 10562 10564
f 10680 10708 10709
f 10714 10713 10712
f 10717 10492 10494
f 10724 10496 10562
f 10669 10713 10650
f 10723 10710 10725
f 10716 10490 10492
f 10661 10614 10726
f 10720 10712 10711
f 10681 10706 10708
f 10655 10692 10448
f 8393 8386 10727
f 10728 8414 10729
f 8386 8379 10730
f 8260 8259 8694
f 8427 8486 10731
f 8261 8260 10732
f 8414 8427 10733
f 8379 8372 10734
f 8486 8261 10735
f 1734 8398 10736
f 8372 8363 10737
f 8398 8393 10738
f 10736 10738 10739
f 10735 10732 10740
f 4080 10736 10741
f 10734 10737 10742
f 10743 10729 10744
f 10730 10734 10745
f 10729 10733 10746
f 10727 10730 10747
f 10733 10731 10748
f 10738 10727 10749
f 10732 8694 10750
f 10731 10735 10751
f 10748 10751 10752
f 10741 10739 10753
f 10751 10740 10754
f 4087 10741 10755
f 10745 10742 10756
f 10757 10744 10758
f 10747 10745 10759
f 10744 10746 10760
f 10749 10747 10761
f 10746 10748 10762
f 10739 10749 10763
f 10740 10750 10764
f 10762 10752 10765
f 10755 10753 10766
f 10752 10754 10767
f 4102 10755 10768
f 10759 10756 10769
f 10770 10758 10771
f 10761 10759 10772
f 10758 10760 10773
f 10763 10761 10774
f 10760 10762 10775
f 10753 10763 10776
f 10754 10764 10777
f 10775 10765 10778
f 10768 10766 10779
f 10765 10767 10780
f 4116 10768 10781
f 10772 10769 10782
f 10783 10771 10784
f 10774 10772 10785
f 10771 10773 10786
f 10776 10774 10787
f 10773 10775 10788
f 10766 10776 10789
f 10767 10777 10790
f 10788 10778 10791
f 10781 10779 10792
f 10778 10780 10793
f 4130 10781 10794
f 10785 10782 10795
f 10796 10784 10797
f 10787 10785 10798
f 10784 10786 10799
f 10789 10787 10800
f 10786 10788 10801
f 10779 10789 10802
f 10780 10790 10803
f 10793 10803 10804
f 10801 10791 10805
f 10794 10792 10806
f 10791 10793 10807
f 10798 10795 10808
f 10809 10797 10810
f 10800 10798 10811
f 10797 10799 10812
f 10802 10800 10813
f 10799 10801 10814
f 10792 10802 10815
f 10806 10815 10816
f 10807 10804 10817
f 10814 10805 10818
f 10819 10806 10820
f 10805 10807 10821
f 4159 10819 10822
f 10811 10808 10823
f 10824 10810 10825
f 10813 10811 10826
f 10810 10812 10827
f 10815 10813 10828
f 10812 10814 10829
f 10830 10831 10832
f 10820 10816 10833
f 10834 10835 10836
f 10831 10837 10838
f 10822 10820 10839
f 10837 10834 10840
f 4174 10822 10841
f 10826 10823 10842
f 10828 10826 10843
f 10816 10828 10844
f 10845 10832 10846
f 10847 10848 10849
f 10840 10836 10850
f 10832 10838 10851
f 10852 10847 10853
f 10838 10840 10854
f 4207 10852 10855
f 8356 8403 8359
f 10856 10857 10858
f 10859 10856 10860
f 10848 10859 10861
f 8693 8258 8257
f 8683 10862 8693
f 8694 8693 10862
f 10750 10862 10863
f 8679 10863 10862
f 10864 10865 10866
f 10803 10867 10864
f 10864 10867 10868
f 10790 10869 10867
f 10870 10871 10872
f 10867 10869 10873
f 10871 4301 4229
f 8675 8674 10874
f 10875 10870 10876
f 10777 10877 10869
f 10878 10879 10880
f 10881 10874 10882
f 10869 10877 8676
f 10879 4246 4241
f 10883 10878 10884
f 10885 10886 10879
f 10886 4253 4246
f 10887 10885 10878
f 10888 10882 10889
f 10764 10863 10877
f 10890 10891 10885
f 10892 4257 4253
f 10891 10892 10886
f 10893 10889 10894
f 8676 10877 10863
f 8687 8684 10891
f 8684 8691 10892
f 10895 10896 10897
f 8675 10881 10873
f 10888 10868 10873
f 10893 10865 10868
f 10893 10898 10866
f 10895 10899 10900
f 10804 10864 10901
f 10902 10903 10900
f 10835 10902 10904
f 8687 10890 10874
f 10874 10890 10887
f 10883 10889 10882
f 10905 10894 10889
f 10875 10896 10894
f 10906 10825 10827
f 10907 10908 10825
f 10909 4282 4270
f 10910 10909 10911
f 10912 10910 10913
f 4275 10912 10914
f 10913 10911 10915
f 10914 10913 10916
f 4276 10914 10917
f 4278 10918 10916
f 10916 10918 4281
f 10909 10872 4229
f 10897 10919 10920
f 10899 10897 10921
f 10904 10900 10922
f 10900 10899 10923
f 10919 10876 10924
f 10836 10904 10925
f 10872 10909 10924
f 10923 10921 10926
f 10922 10923 10927
f 10928 10846 10929
f 10925 10922 10930
f 10846 10851 10931
f 10921 10920 10932
f 10850 10925 10933
f 10854 10850 10934
f 10851 10854 10935
f 10920 10924 10936
f 10924 10909 10910
f 10827 10829 10831
f 10821 10817 10835
f 10829 10818 10837
f 10818 10821 10834
f 10839 10833 10848
f 10841 10839 10847
f 4193 10841 10852
f 10843 10842 10857
f 10844 10843 10856
f 10833 10844 10859
f 10884 10880 10871
f 10880 4241 4301
f 10905 10884 10870
f 10898 10894 10896
f 10898 10895 10903
f 10901 10866 10903
f 10817 10901 10902
f 10919 10897 10896
f 10937 10906 10830
f 10938 10907 10906
f 10934 10933 10939
f 10930 10927 10940
f 10931 10935 10941
f 10932 10936 10942
f 10936 10910 10912
f 10927 10926 10943
f 10944 10929 10945
f 10933 10930 10946
f 10926 10932 10947
f 10935 10934 10948
f 10929 10931 10949
f 4273 4524 4527
f 4524 4273 4312
f 4525 4312 4311
f 4478 4311 4313
f 4476 4313 4308
f 4473 4308 4307
f 4306 4535 4479
f 4305 4415 4535
f 4415 4305 4310
f 4309 4418 4420
f 4337 4365 4363
f 4418 4309 4315
f 10950 10951 10952
f 10944 10952 10953
f 10928 10953 10937
f 10938 10937 10953
f 10855 10853 10954
f 10860 10858 10955
f 10853 10849 10956
f 10849 10861 10957
f 4208 10855 10958
f 10861 10860 10959
f 10957 10959 10960
f 10958 10954 10961
f 10959 10955 10962
f 10954 10956 10963
f 10956 10957 10964
f 4325 10958 10965
f 4314 4421 4412
f 4421 4314 4335
f 4468 4335 4334
f 4330 4537 4348
f 4327 4529 4537
f 4326 4531 4529
f 4331 4532 4531
f 4329 4533 4532
f 4328 4534 4533
f 4332 4528 4534
f 4332 10965 10966
f 10966 10965 10961
f 10967 10953 10952
f 10968 10952 10951
f 10969 10961 10963
f 4336 10970 10971
f 10972 10973 10974
f 10975 10972 10976
f 10977 10975 10978
f 10979 10977 10980
f 10981 10982 10983
f 10970 10979 10984
f 4337 10971 10985
f 10986 10983 10987
f 10985 10971 10984
f 4338 4363 4361
f 4347 4361 4359
f 4345 4359 4357
f 4343 4357 4354
f 4340 4354 4538
f 4341 4538 4370
f 4469 4353 4352
f 4353 4469 4429
f 4423 4429 4432
f 4437 4425 4424
f 4425 4437 4439
f 10988 10989 10990
f 10991 10988 10992
f 4434 4426 4428
f 10993 10991 10994
f 10995 10993 10996
f 10985 10995 10997
f 4365 10985 10998
f 10992 10990 10999
f 10994 10992 11000
f 11001 11002 11003
f 10996 10994 11004
f 10997 10996 11005
f 10998 10997 11006
f 4366 10998 11007
f 4376 11007 11008
f 11000 10999 11009
f 11004 11000 11010
f 11011 11003 11012
f 11005 11004 11013
f 11006 11005 11014
f 11007 11006 11015
f 4377 11008 11016
f 11010 11009 11017
f 11013 11010 11018
f 11019 11012 11020
f 11014 11013 11021
f 11015 11014 11022
f 11008 11015 11023
f 11021 11018 11024
f 11025 11020 11026
f 11022 11021 11027
f 11023 11022 11028
f 11016 11023 11029
f 4386 11016 11030
f 11018 11017 11031
f 11024 11031 11032
f 11033 11026 11034
f 11029 11028 11035
f 11030 11029 11036
f 4402 11030 11037
f 11038 11039 11040
f 11041 11042 11043
f 11039 11044 11045
f 11044 11041 11046
f 11047 11038 11048
f 11049 11048 11050
f 11048 11040 11051
f 11046 11043 11052
f 11040 11045 11053
f 11045 11046 11054
f 4426 4434 4536
f 4427 4536 4487
f 4493 4482 4481
f 4490 4483 4482
f 4497 4484 4483
f 4516 4471 4484
f 4494 4472 4471
f 4472 4494 11055
f 11056 11057 4486
f 11057 11056 11058
f 11059 11060 11061
f 11060 11062 11063
f 11064 11065 11066
f 11062 11067 11068
f 11067 11064 11069
f 11070 11061 11071
f 11061 11063 11072
f 11069 11066 11073
f 11063 11068 11074
f 11068 11069 11075
f 11076 11071 11077
f 11071 11072 11078
f 11075 11073 11079
f 11072 11074 11080
f 11074 11075 11081
f 11082 11077 11083
f 11077 11078 11084
f 11081 11079 11085
f 11078 11080 11086
f 11080 11081 11087
f 11088 11083 11089
f 11083 11084 11090
f 11091 11092 11093
f 11084 11086 11094
f 11095 11096 11097
f 11047 11049 10983
f 10983 11049 11098
f 11099 11058 11100
f 11101 11100 11102
f 11002 11059 11070
f 11003 11070 11076
f 11012 11076 11082
f 11020 11082 11088
f 11026 11088 11103
f 11104 11105 11057
f 11106 11107 11108
f 11107 11109 11110
f 11109 11111 11104
f 11112 11106 11113
f 11114 11113 11115
f 11108 11110 11101
f 11113 11108 11116
f 11105 4526 4486
f 11110 11104 11099
f 11116 11102 11117
f 11115 11117 11118
f 11118 11065 11052
f 11064 11054 11052
f 11054 11064 11067
f 11062 11051 11053
f 11051 11062 11060
f 11059 11098 11050
f 11002 10987 11098
f 10987 11002 11001
f 11118 11117 11119
f 11102 11100 11120
f 11117 11102 11121
f 11056 11055 4496
f 11100 11058 11122
f 11123 11119 11124
f 11121 11120 11125
f 11119 11121 11126
f 11127 4496 4504
f 11120 11122 11128
f 11129 11124 11130
f 11126 11125 11131
f 11124 11126 11132
f 11133 4504 4511
f 11125 11128 11134
f 11135 11130 11136
f 11130 11132 11137
f 10974 11138 11001
f 11058 11056 11127
f 11122 11127 11133
f 11128 11133 11139
f 11140 10963 10964
f 11141 10964 10960
f 11142 10960 10962
f 10962 11143 10981
f 10951 10982 10981
f 10950 11047 10982
f 11047 10950 10945
f 10949 11039 11038
f 11144 6547 4519
f 11144 11145 11146
f 11147 11146 11148
f 11149 11105 11104
f 11105 11149 4527
f 4528 10966 10970
f 11142 11150 10973
f 11141 11142 10972
f 11140 11141 10975
f 8403 8415 8430
f 10969 11140 10977
f 11039 10949 10941
f 10966 10969 10979
f 10948 11041 11044
f 11041 10948 10939
f 11042 10939 10946
f 10940 11106 11112
f 10943 11107 11106
f 10947 11109 11107
f 11066 11123 11129
f 10988 10976 10974
f 11043 11114 11151
f 11042 11112 11114
f 11079 11135 11152
f 10942 11111 11109
f 10991 10978 10976
f 11065 11118 11123
f 11073 11129 11135
f 8359 8430 8432
f 8360 8432 8487
f 10693 10617 8365
f 8485 8367 10617
f 8367 8485 8409
f 8368 8409 8413
f 8362 8413 10728
f 10743 10737 8363
f 10737 10743 10757
f 10742 10757 10770
f 10756 10770 10783
f 10769 10783 10796
f 10782 10796 10809
f 10795 10809 10824
f 10808 10824 10908
f 10907 10842 10823
f 10842 10907 10938
f 10857 10938 10967
f 10858 10967 10968
f 10955 10968 11143
f 10912 11149 11111
f 11149 10912 4275
f 11150 10981 10986
f 10973 10986 11138
f 10993 10980 10978
f 10995 10984 10980
f 10989 11001 11011
f 10990 11011 11019
f 10999 11019 11025
f 11009 11025 11033
f 11153 11031 11017
f 11131 11154 11137
f 11155 11156 11089
f 11103 11089 11156
f 11034 11103 11157
f 11091 11158 11136
f 11090 11094 11159
f 11160 11161 11153
f 11137 11154 11092
f 11085 11152 11096
f 11158 11096 11152
f 11031 11153 11161
f 11162 11163 11148
f 11163 11164 11165
f 11166 11097 11096
f 11167 11166 11158
f 11168 11169 11164
f 11170 11168 11163
f 11171 11172 11169
f 11173 11171 11168
f 11174 11175 11176
f 11176 11087 11085
f 11087 11176 11094
f 11175 11159 11094
f 11035 11028 11027
f 11177 11027 11024
f 11178 11024 11179
f 11180 11181 11171
f 11182 11183 11097
f 11032 11161 11184
f 11185 11179 11186
f 11157 11156 11187
f 11174 11097 11183
f 11160 11157 11188
f 11189 11190 11175
f 11191 11184 11161
f 11167 11093 11192
f 11193 11187 11156
f 11155 11159 11194
f 11181 11195 11172
f 11179 11032 11196
f 11159 11175 11190
f 11197 11182 11166
f 11196 11184 11198
f 11199 11198 11184
f 11200 11201 11182
f 11202 11203 11187
f 11186 11196 11204
f 11205 11206 11195
f 11193 11194 11207
f 11201 11208 11183
f 11209 11210 11190
f 11211 11205 11181
f 11188 11187 11203
f 11197 11192 11212
f 11194 11190 11210
f 11191 11188 11213
f 11189 11183 11208
f 11214 11186 11215
f 11216 11217 11218
f 11219 11220 11218
f 11221 11222 11223
f 11224 11225 11222
f 11224 11226 11227
f 11228 11226 11229
f 11230 11228 11231
f 11230 11232 11233
f 11234 11233 11235
f 11236 11235 11237
f 11238 11239 11240
f 11238 11241 11242
f 11243 11244 11245
f 11246 11247 11248
f 11249 11250 11251
f 11252 11253 11254
f 11255 11256 11257
f 11258 11259 11260
f 11261 11249 11262
f 11263 11245 11244
f 11264 11265 11266
f 11253 11260 11259
f 11267 11263 11268
f 11269 11257 11256
f 11270 11246 11271
f 11247 11272 11273
f 11274 11273 11272
f 11275 11255 11276
f 11254 11259 11277
f 11274 11268 11278
f 11258 11256 11279
f 11280 11271 11281
f 11248 11273 11282
f 11283 11282 11273
f 11284 11285 11255
f 11286 11287 11244
f 11271 11248 11288
f 11289 11290 11250
f 11243 11254 11291
f 11285 11279 11256
f 11292 11277 11259
f 11293 11289 11249
f 11268 11244 11287
f 11275 11266 11294
f 11295 11296 11285
f 11297 11298 11287
f 11281 11288 11299
f 11300 11301 11290
f 11286 11291 11302
f 11296 11303 11279
f 11304 11305 11277
f 11306 11300 11289
f 11278 11287 11298
f 11284 11294 11307
f 11291 11277 11305
f 11283 11278 11308
f 11292 11279 11303
f 11309 11281 11310
f 11288 11282 11311
f 11312 11311 11282
f 11302 11305 11313
f 11312 11308 11314
f 11304 11303 11315
f 11316 11310 11317
f 11299 11311 11318
f 11319 11318 11311
f 11320 11321 11296
f 11322 11323 11298
f 11310 11299 11324
f 11325 11326 11301
f 11297 11302 11327
f 11321 11315 11303
f 11328 11313 11305
f 11329 11325 11300
f 11308 11298 11323
f 11295 11307 11330
f 11331 11332 11321
f 11333 11334 11323
f 11317 11324 11335
f 11336 11337 11326
f 11322 11327 11338
f 11332 11339 11315
f 11340 11341 11313
f 11342 11336 11325
f 11314 11323 11334
f 11320 11330 11343
f 11327 11313 11341
f 11319 11314 11344
f 11328 11315 11339
f 11345 11317 11346
f 11324 11318 11347
f 11348 11347 11318
f 11331 11343 11349
f 11338 11341 11350
f 11348 11344 11351
f 11340 11339 11352
f 11353 11346 11354
f 11335 11347 11355
f 11356 11355 11347
f 11357 11358 11332
f 11359 11360 11334
f 11346 11335 11361
f 11362 11363 11337
f 11333 11338 11364
f 11358 11352 11339
f 11365 11350 11341
f 11366 11362 11336
f 11344 11334 11360
f 11367 11368 11358
f 11369 11370 11360
f 11354 11361 11371
f 11372 11373 11363
f 11359 11364 11374
f 11368 11375 11352
f 11376 11377 11350
f 11378 11372 11362
f 11351 11360 11370
f 11357 11349 11379
f 11364 11350 11377
f 11356 11351 11380
f 11365 11352 11375
f 11381 11354 11382
f 11361 11355 11383
f 11384 11383 11355
f 11385 11386 11377
f 11387 11388 11372
f 11380 11370 11389
f 11367 11379 11390
f 11374 11377 11386
f 11384 11380 11391
f 11376 11375 11392
f 11393 11382 11394
f 11371 11383 11395
f 11396 11395 11383
f 11397 11398 11368
f 11399 11389 11370
f 11382 11371 11400
f 11388 11401 11373
f 11369 11374 11402
f 11398 11392 11375
f 11403 11404 11395
f 11405 11406 11398
f 11407 11408 11389
f 11394 11400 11409
f 11410 11411 11401
f 11399 11402 11412
f 11406 11413 11392
f 11414 11415 11386
f 11416 11410 11388
f 11391 11389 11408
f 11397 11390 11417
f 11402 11386 11415
f 11396 11391 11418
f 11385 11392 11413
f 11419 11394 11420
f 11400 11395 11404
f 11421 11422 11415
f 11423 11424 11410
f 11418 11408 11425
f 11405 11417 11426
f 11412 11415 11422
f 11403 11418 11427
f 11414 11413 11428
f 11429 11420 11430
f 11409 11404 11431
f 11432 11431 11404
f 11433 11434 11406
f 11435 11425 11408
f 11420 11409 11436
f 11424 11437 11411
f 11407 11412 11438
f 11434 11428 11413
f 11439 11430 11440
f 11436 11431 11441
f 11442 11441 11431
f 11443 11444 11434
f 11445 11446 11425
f 11430 11436 11447
f 11448 11449 11437
f 11435 11438 11450
f 11444 11451 11428
f 11452 11453 11422
f 11454 11448 11424
f 11427 11425 11446
f 11433 11426 11455
f 11438 11422 11453
f 11432 11427 11456
f 11421 11428 11451
f 11445 11450 11457
f 11458 11459 11451
f 11460 11461 11453
f 11462 11463 11448
f 11456 11446 11464
f 11443 11455 11465
f 11450 11453 11461
f 11442 11456 11466
f 11452 11451 11459
f 11467 11440 11468
f 11447 11441 11469
f 11470 11469 11441
f 11471 11458 11444
f 11472 11464 11446
f 11440 11447 11473
f 11463 11474 11449
f 11475 11468 11476
f 11473 11469 11477
f 11478 11477 11469
f 11479 11480 11458
f 11481 11482 11464
f 11468 11473 11483
f 11484 11485 11474
f 11472 11457 11486
f 11480 11487 11459
f 11488 11489 11461
f 11490 11484 11463
f 11466 11464 11482
f 11471 11465 11491
f 11457 11461 11489
f 11470 11466 11492
f 11460 11459 11487
f 11493 11494 11485
f 11481 11486 11495
f 11496 11497 11487
f 11498 11499 11489
f 11500 11493 11484
f 11492 11482 11501
f 11479 11491 11502
f 11486 11489 11499
f 11478 11492 11503
f 11488 11487 11497
f 11504 11476 11505
f 11483 11477 11506
f 11507 11506 11477
f 11508 11496 11480
f 11509 11501 11482
f 11476 11483 11510
f 4882 4914 4912
f 4887 4935 4914
f 4935 4887 4892
f 4891 4939 4941
f 4890 4922 4939
f 4889 4937 4922
f 6507 6266 4937
f 6266 6507 6747
f 6267 6747 4881
f 4917 4880 4886
f 4878 4911 4933
f 4931 4881 4875
f 4926 4875 6506
f 4927 6506 4885
f 4884 4920 6286
f 11511 11512 11513
f 11514 11515 11516
f 11517 11518 11519
f 11518 11520 11521
f 11522 11521 11520
f 11523 11522 11524
f 11525 11523 11526
f 11527 11528 11529
f 11530 11528 11527
f 11531 11532 11533
f 11531 11534 11535
f 4920 4884 4879
f 4921 4879 4888
f 11496 11536 11537
f 11508 11538 11536
f 11538 11508 11502
f 11502 11494 11539
f 11493 11540 11539
f 11500 11541 11540
f 11542 11541 11500
f 11543 11544 11545
f 11546 11545 11544
f 4877 11547 4911
f 11547 4877 4883
f 11548 11498 11497
f 11546 11549 11505
f 11550 11551 11536
f 11552 11553 11554
f 11555 11556 11539
f 11529 11557 11558
f 11551 11559 11537
f 11560 11555 11540
f 11526 11534 11531
f 11538 11561 11562
f 11557 11548 11563
f 11564 11533 11532
f 11546 11552 11565
f 11553 11566 11567
f 11568 11567 11566
f 11550 11562 11569
f 11558 11563 11570
f 11571 11535 11534
f 11572 11573 11551
f 11574 11575 11576
f 11525 11558 11577
f 11573 11578 11559
f 6787 6784 6780
f 7826 6785 6779
f 7799 6791 6785
f 7797 6794 6791
f 7795 6797 6794
f 7793 6800 6797
f 7829 6803 6800
f 7828 6806 6803
f 7825 6809 6806
f 11579 6812 6809
f 7819 6816 8156
f 7815 6818 11580
f 7812 6823 6818
f 11581 6826 6823
f 6832 6829 6780
f 6834 6835 6829
f 6838 6839 6835
f 6842 6843 6839
f 6846 6848 6890
f 6852 6853 6848
f 6856 6857 6853
f 6847 6890 6843
f 7822 11582 8156
f 6949 6947 6877
f 6935 6880 6872
f 6924 6864 6863
f 11583 6927 6860
f 6881 6940 6874
f 6895 6897 6884
f 6897 6899 6885
f 6793 6872 6873
f 6936 6930 6870
f 6837 6879 6886
f 6933 6936 6869
f 6927 8151 8152
f 7598 11584 6867
f 6888 6895 6883
f 6940 6945 6875
f 6945 6949 6876
f 6841 6886 6882
f 6943 6891 6879
f 6930 6935 6871
f 6821 6863 11585
f 6947 6943 6878
f 11586 6924 6862
f 11584 6933 6868
f 11587 11588 11589
f 11590 11591 11592
f 11593 11594 11595
f 11596 11597 11598
f 11599 11600 11601
f 11602 11603 11604
f 11605 11606 11588
f 11607 11608 11609
f 11608 11602 11610
f 11611 11612 11606
f 11613 11614 11615
f 11616 11617 11618
f 11619 11620 11621
f 11622 11623 11624
f 11617 11613 11625
f 11626 11598 11627
f 11622 11628 11629
f 11630 11631 11594
f 11632 11633 11634
f 11635 11636 11637
f 11638 11639 11640
f 11641 11642 11633
f 11643 11644 11642
f 11645 11640 11646
f 11647 11593 11648
f 11649 11599 11650
f 11651 11652 11603
f 11653 11654 11608
f 11654 11651 11602
f 11655 11656 11614
f 11657 11658 11617
f 11659 11619 11660
f 11628 11622 11661
f 11658 11655 11613
f 11623 11622 11662
f 11663 11630 11593
f 11611 11636 11635
f 11664 11591 11643
f 11665 11666 11667
f 11668 11669 11670
f 11671 11672 11673
f 11674 11675 11676
f 11677 11678 11666
f 11679 11680 11681
f 11682 11683 11684
f 11685 11686 11687
f 11688 11673 11689
f 11685 11690 11691
f 11692 11693 11669
f 11680 11694 11695
f 11696 11676 11697
f 11698 11684 11699
f 11700 11701 11702
f 11703 11704 11705
f 11706 11707 11701
f 11708 11705 11709
f 11552 11505 11510
f 11710 11668 11711
f 11712 11674 11696
f 11713 11682 11698
f 11690 11685 11714
f 11686 11685 11715
f 11716 11692 11668
f 11717 11696 11718
f 11719 11698 11720
f 8154 8153 6811
f 11721 7772 7099
f 7051 7772 11721
f 11722 11723 11724
f 11725 11726 11727
f 11728 11729 11730
f 11731 11725 11732
f 11728 7047 7052
f 11733 10588 10572
f 5111 11728 11734
f 5111 282 7047
f 11723 11731 11735
f 11733 7058 7100
f 11736 11737 11738
f 10606 11739 5118
f 10604 11740 11739
f 10602 11741 11740
f 11741 10602 10600
f 7071 11742 7211
f 11743 7124 7074
f 11744 11745 7100
f 7067 7104 11746
f 7063 7068 7104
f 7055 7064 7068
f 7064 7055 7054
f 7054 10570 11747
f 10516 7094 11748
f 7118 10586 11749
f 7059 11747 7093
f 5128 303 7060
f 8155 8154 6810
f 11750 11751 6827
f 11751 11752 6828
f 11753 6861 6828
f 8152 6866 6811
f 11754 6923 11586
f 8146 6990 7604
f 11755 7018 6990
f 7098 7050 7041
f 7050 7049 7043
f 11756 10600 10598
f 11757 7051 11758
f 7037 7095 7096
f 8147 7659 7577
f 8151 7603 7599
f 7607 6931 7599
f 8150 8149 7604
f 11759 11736 11723
f 7658 7655 7577
f 6922 11738 11737
f 7811 7807 11581
f 7824 7820 11579
f 7845 7855 11760
f 7858 7863 11761
f 7888 7893 7855
f 7895 7898 7863
f 7920 7925 7893
f 7927 7929 7898
f 7936 7942 7925
f 7944 7947 7929
f 7972 7977 7942
f 7979 7982 7947
f 7979 7990 7993
f 8001 8005 7977
f 8006 8005 8054
f 7994 7993 8035
f 8033 8035 8082
f 11762 8054 8075
f 11763 8075 8143
f 8050 8082 11764
f 8120 8126 8061
f 8093 8122 8081
f 8102 8098 8064
f 11764 8083 8091
f 8109 8100 8144
f 8129 8120 8086
f 8136 8129 11765
f 11766 10598 10597
f 7822 8155 6812
f 7809 11750 6826
f 8151 7598 6866
f 11767 11586 6861
f 11768 11769 5195
f 11770 11737 11736
f 11771 7092 7057
f 7048 11748 7039
f 7092 11771 11772
f 7157 11742 7071
f 11773 10590 10589
f 11744 11758 11721
f 11746 7105 7117
f 7438 7763 11774
f 11758 11744 11775
f 11776 7762 7439
f 7762 11776 11777
f 11778 10518 7444
f 11747 10515 10514
f 10570 10548 10515
f 10548 10570 11772
f 11771 10571 10549
f 10571 11771 7056
f 11779 7049 11757
f 11745 11721 10588
f 11780 10573 10518
f 10573 11780 11781
f 11782 7440 11783
f 11784 10587 7440
f 10587 11784 11785
f 11749 11785 11786
f 11787 11775 7102
f 11788 11789 11790
f 11787 7101 11791
f 7766 6906 6913
f 10595 11792 11793
f 11792 10595 10593
f 11794 7766 11726
f 11795 10593 10591
f 11796 10591 10590
f 11797 11794 11725
f 11798 11799 11800
f 10590 11773 11801
f 11802 11801 11773
f 11803 11804 11805
f 11804 11806 11807
f 11798 11807 11806
f 11808 11799 11798
f 10513 10569 7634
f 11809 11810 5215
f 141 5112 11734
f 6920 11734 11730
f 11811 11812 11813
f 11814 11727 6916
f 11815 11768 11810
f 11816 11813 11817
f 11818 11819 11820
f 11821 11815 11822
f 11819 11821 11823
f 11824 11825 11826
f 7613 7771 5274
f 11824 11818 11827
f 11822 11810 11809
f 11823 11822 11828
f 11829 11808 11830
f 11807 11798 11831
f 11832 11830 11806
f 11833 11806 11804
f 11834 11732 11727
f 11732 11834 11835
f 11836 11804 11803
f 11837 11803 11773
f 11838 11839 11840
f 11841 11840 11842
f 7013 11843 7022
f 7012 11844 11843
f 7018 11845 11844
f 11845 7018 11755
f 11846 11755 7596
f 11847 7596 7595
f 11848 11849 11839
f 7716 1016 5241
f 7437 7716 11850
f 7009 7011 11851
f 11852 7007 11853
f 7007 7009 11854
f 7011 7437 11855
f 11842 11856 11857
f 11856 11858 11859
f 11858 7025 7028
f 11849 11848 11860
f 11861 11860 11831
f 11862 11831 11800
f 11863 6921 11737
f 11799 11864 11865
f 11866 11811 11816
f 11867 11769 11768
f 11868 11816 11869
f 11870 11871 11819
f 11872 11867 11815
f 11871 11872 11821
f 11873 11824 11869
f 11873 11870 11818
f 11820 11823 11874
f 11875 11724 11735
f 11876 11877 11724
f 11878 11877 11876
f 11878 11879 7103
f 11811 11880 11881
f 11827 11820 11882
f 11825 11827 11883
f 11825 11884 11885
f 11826 11885 11886
f 11887 11886 11885
f 11865 11888 11889
f 7511 11890 7008
f 11890 7715 7010
f 7031 7026 7024
f 11852 7025 7024
f 11856 7029 7023
f 7715 7781 7436
f 11839 7568 7571
f 11840 7571 7581
f 11849 7576 7568
f 11842 7581 7029
f 11888 7587 7610
f 11889 7610 8148
f 7780 1056 5279
f 7781 7780 7713
f 11861 11862 8148
f 11861 8147 7576
f 7587 11891 7509
f 11883 11882 7768
f 6922 6923 7764
f 6923 11754 7765
f 11723 11736 11797
f 6916 11727 11726
f 11808 11892 11864
f 11790 11881 11880
f 11879 11876 11791
f 11785 11784 11812
f 11812 11784 11782
f 11875 11779 11791
f 11779 11875 11835
f 11813 11782 11781
f 11817 11781 11780
f 7043 7049 11779
f 11873 11780 11778
f 11893 11835 11834
f 11777 11871 11870
f 7043 11893 11894
f 11895 7042 7044
f 11729 7052 7042
f 11895 11894 11834
f 11814 11730 11729
f 11776 11872 11871
f 11774 11867 11872
f 11867 11774 7763
f 11789 11896 11786
f 10597 10596 11897
f 7667 11898 5290
f 11899 7664 11898
f 11900 11899 11901
f 11902 11903 11904
f 11905 11906 11903
f 11907 11908 11906
f 11909 11910 11908
f 7745 11911 11910
f 7730 11911 11912
f 11903 7671 11900
f 11898 7664 956
f 11910 7674 7673
f 11911 7730 7674
f 7676 7665 7664
f 11906 7672 7671
f 11908 7673 7672
f 7594 7676 11899
f 7663 7730 11913
f 11786 11785 11881
f 11914 11915 11916
f 11811 11866 11914
f 11917 11918 11880
f 11788 11918 11917
f 11914 11866 11919
f 11919 11866 11868
f 11882 11874 7769
f 11874 11828 7770
f 11828 11809 7771
f 11884 11883 7767
f 11884 10513 11920
f 11891 11887 11920
f 11892 11921 11922
f 11923 11924 11925
f 11887 11926 11919
f 11927 11925 11928
f 11887 11888 11865
f 11878 11929 11923
f 11722 11877 11878
f 11926 11865 11864
f 11891 7587 11888
f 11915 11919 11926
f 11738 7764 11794
f 11922 11921 11916
f 11924 11930 7595
f 11931 11928 11925
f 11928 11931 7605
f 11932 7605 7600
f 6925 11933 11934
f 11933 6925 11583
f 6859 11935 11936
f 11935 6859 6814
f 6813 11937 11938
f 6816 11939 11937
f 11805 11807 11860
f 11805 11848 11838
f 11802 11838 11841
f 11940 11941 11801
f 11857 11796 11941
f 11859 11795 11796
f 7028 11792 11795
f 8122 8112 8065
f 8145 8144 11942
f 8062 11942 11943
f 11944 7996 8041
f 11945 7966 7996
f 7966 11945 11946
f 7957 11946 11947
f 7915 11947 11948
f 7882 11948 11949
f 7834 11949 11950
f 11951 7818 7835
f 11939 6816 7819
f 11792 7028 7027
f 11853 11766 11793
f 11854 11756 11766
f 11851 11741 11756
f 11741 11851 11855
f 11740 11855 11850
f 7004 11952 3953
f 8084 8080 8103
f 8144 8077 8056
f 8039 11763 11765
f 11932 11759 11722
f 11759 11932 11934
f 11933 11863 11770
f 11863 11933 11936
f 7765 6907 6906
f 11754 6898 6907
f 11767 6899 6898
f 8116 8104 8103
f 8115 8111 8110
f 8116 8110 8121
f 8104 8121 8095
f 8096 8095 8142
f 8097 8142 8141
f 8137 8133 8113
f 8133 8137 8125
f 8119 8092 8134
f 8118 8130 8092
f 8128 8087 8130
f 8087 8128 8123
f 8088 8123 8106
f 8105 8101 8108
f 11942 8056 8016
f 7997 11944 11943
f 11944 7997 7963
f 7955 11946 11945
f 11946 7955 7912
f 11947 7912 7879
f 7830 11949 11948
f 11953 11950 11949
f 7814 11951 11950
f 11580 11939 11954
f 11939 11580 6820
f 11937 6820 6822
f 11585 11935 11938
f 11935 11585 6865
f 11753 6885 6899
f 6885 11753 11752
f 11751 6856 6855
f 11750 6857 6856
f 6857 11750 7809
f 7801 7808 7857
f 7856 7874 11955
f 7894 7903 7874
f 7903 7894 7926
f 7943 7954 7910
f 7954 7943 7978
f 7959 7978 8006
f 11762 8028 7991
f 8028 11762 11763
f 11892 11808 11829
f 11917 11916 11956
f 11921 11957 11956
f 11921 11892 11958
f 11896 11959 11960
f 11961 7118 11960
f 11962 7158 7154
f 7201 7200 7131
f 7441 7193 10574
f 7156 7200 11963
f 7202 7237 11964
f 11965 11962 11961
f 11966 7252 7761
f 7122 7243 7761
f 10575 7128 7151
f 10585 7194 7193
f 7195 10575 10519
f 7155 10585 10546
f 11961 11962 7119
f 7164 7208 11967
f 7163 7259 7208
f 7259 7163 7161
f 7159 7235 7205
f 7158 7214 7235
f 11962 11965 7214
f 11896 11744 11968
f 11961 11959 11968
f 11744 11896 11789
f 11775 11789 11788
f 7102 11788 11969
f 7103 11969 11956
f 11929 11956 11957
f 11958 11924 11923
f 11924 11958 11829
f 377 7131 7132
f 7200 7156 7132
f 11963 11964 7210
f 7157 7156 7209
f 11967 7229 7281
f 7260 7217 7207
f 11970 7210 11964
f 7220 7260 7206
f 7237 7236 7203
f 11964 7237 7213
f 7236 7220 7204
f 11967 7208 7207
f 11971 7281 7288
f 11972 7288 7306
f 11973 7306 7323
f 11974 7323 7347
f 11975 7347 7353
f 11976 7353 7370
f 11977 7370 7385
f 11978 7385 7394
f 11979 7394 7416
f 11980 7416 7433
f 7426 7433 7435
f 11981 11970 7212
f 11968 7100 7124
f 11968 11743 11970
f 7210 11970 11743
f 7420 7423 7435
f 7428 7435 7434
f 7434 11982 7431
f 7421 7434 7432
f 7422 7432 712
f 7400 11980 7426
f 11980 7400 7390
f 11979 7390 7375
f 11978 7375 7359
f 11977 7359 7334
f 7328 11975 11976
f 11975 7328 7311
f 11974 7311 7294
f 11973 7294 7283
f 11972 7283 7168
f 7166 11967 11971
f 11832 11847 11930
f 11833 11846 11847
f 11836 11845 11846
f 11837 11844 11845
f 11983 11843 11844
f 10589 7022 11843
f 7022 10589 10592
f 7021 10592 10594
f 7019 10594 11897
f 10596 7001 7020
f 7001 10596 10599
f 7002 10599 10601
f 6999 10601 10603
f 7000 10603 10605
f 7003 10605 11952
f 7661 7697 7698
f 7695 7660 7701
f 7760 990 5371
f 7690 7695 7702
f 7779 7734 7699
f 7785 7760 7703
f 7697 7785 7755
f 7653 11984 7735
f 7735 11984 11985
f 7746 7578 7680
f 7747 7746 7685
f 11986 7719 11987
f 11988 11989 7721
f 7574 7721 11989
f 11990 11989 11991
f 11992 11987 11993
f 11994 11991 11989
f 11995 11991 11996
f 11997 11993 11998
f 11999 11996 11991
f 11913 11912 12000
f 12001 7747 12002
f 7727 7729 12003
f 12004 12003 7729
f 7727 12005 12006
f 7777 12002 7747
f 7572 11998 11993
f 11987 7031 7030
f 12007 12008 12009
f 7574 11990 12010
f 12010 11990 11995
f 7031 11987 7719
f 7570 12011 11998
f 7656 12011 7570
f 12012 12013 7653
f 12014 12015 7777
f 12016 12017 7656
f 12018 12019 12020
f 12021 12022 7658
f 12023 12024 12003
f 12025 12026 12027
f 12028 12029 12030
f 12031 12032 11996
f 12017 12033 12011
f 12034 12035 12036
f 12037 12038 12039
f 12035 12040 12041
f 12015 12042 12002
f 12038 12043 12044
f 12045 12025 12046
f 12047 12018 12048
f 12013 12049 11984
f 12050 12051 12052
f 12053 12054 12055
f 12056 12057 12041
f 12058 12059 12052
f 12060 12061 12027
f 12062 12030 12063
f 12036 12041 12057
f 12064 12060 12065
f 12066 12048 12067
f 12068 12039 12069
f 12070 12046 12071
f 12072 12073 12020
f 12074 12075 12076
f 12075 12077 12055
f 12039 12044 12078
f 12048 12020 12073
f 12079 12052 12059
f 12080 12036 12081
f 12082 12055 12077
f 12083 12072 12084
f 12046 12027 12061
f 12085 12078 12044
f 12086 12081 12087
f 12088 12077 12089
f 12090 12091 12072
f 12071 12061 12092
f 12093 12094 12078
f 12095 12096 12057
f 12097 12098 12059
f 12099 12092 12061
f 12085 12063 12100
f 12081 12057 12096
f 12101 12099 12060
f 12102 12067 12103
f 12058 12069 12104
f 12105 12071 12106
f 12091 12107 12073
f 12108 12109 12075
f 12109 12089 12077
f 12069 12078 12094
f 12067 12073 12107
f 12064 12059 12098
f 12110 12111 12112
f 12113 12114 12115
f 12116 12117 12118
f 12119 12120 12121
f 12122 12123 12124
f 12125 12126 12127
f 12111 12128 12129
f 12130 12131 12132
f 12123 12133 12134
f 12135 12116 12136
f 12137 12113 12138
f 12139 12140 12129
f 12141 12139 12142
f 12143 12144 12118
f 12145 12146 12147
f 12146 12148 12127
f 12149 12143 12150
f 12151 12152 12115
f 12153 12154 12134
f 12155 12156 12121
f 12157 12158 12159
f 12160 12161 12162
f 12163 12164 12165
f 12166 12167 12168
f 12169 12170 12171
f 12172 12173 12174
f 12175 12176 12177
f 12158 12178 12179
f 12173 12165 12164
f 12180 12181 12182
f 12183 12175 12184
f 12185 12186 12187
f 12188 12177 12176
f 12184 12177 12189
f 12190 12184 12191
f 12192 12165 12193
f 12194 12195 12161
f 12160 12196 12197
f 12198 12199 12158
f 12200 12201 12173
f 12202 12182 12203
f 12204 12205 12206
f 12207 12208 12171
f 12182 12209 12210
f 12157 12168 12211
f 12196 12206 12205
f 12212 12178 12213
f 12195 12210 12209
f 12214 12192 12215
f 12216 12189 12177
f 12217 12204 12186
f 12122 12218 12087
f 12123 12087 12096
f 12095 12219 12133
f 12220 12110 12219
f 12110 12220 12106
f 12111 12106 12092
f 12099 12221 12128
f 11901 11898 7667
f 11904 11901 7666
f 7738 7737 7718
f 7738 7717 11986
f 7737 7740 7723
f 7756 1061 5600
f 11911 7745 12001
f 7708 7723 7787
f 7751 7782 7786
f 7782 7714 7787
f 7668 7667 5289
f 7711 11902 7669
f 7586 11905 11902
f 7579 11907 11905
f 7578 11909 11907
f 7746 7745 11909
f 7739 11986 11992
f 11988 11992 11997
f 11994 11997 12222
f 11912 12001 12223
f 12224 12045 12070
f 12029 12053 12082
f 12225 12070 12105
f 12030 12082 12088
f 12063 12088 12226
f 12056 12105 12220
f 12219 12110 12227
f 12131 12125 12228
f 12229 12211 12168
f 12201 12193 12165
f 12199 12213 12178
f 12188 12171 12208
f 12101 12119 12221
f 12119 12101 12098
f 12151 12230 12231
f 12232 12154 12233
f 12234 12235 12236
f 12155 12237 12238
f 12239 12240 12241
f 12237 12152 12242
f 12235 12144 12243
f 12141 12156 12244
f 12245 12232 12246
f 12247 12148 12248
f 12240 12140 12249
f 12153 12239 12250
f 12230 12247 12251
f 12252 12121 12120
f 12097 12137 12120
f 12137 12097 12104
f 12113 12104 12094
f 12093 12130 12114
f 12130 12093 12100
f 12147 12127 12126
f 12226 12125 12131
f 12186 12206 12253
f 12181 12254 12209
f 12255 12115 12114
f 12256 12163 12192
f 12257 12142 12221
f 12258 12147 12259
f 12125 12226 12089
f 12150 12118 12117
f 12109 12259 12126
f 12260 12134 12133
f 12142 12129 12128
f 12108 12261 12259
f 12262 12150 12263
f 12135 12264 12103
f 12116 12103 12107
f 12091 12263 12117
f 12090 12265 12263
f 12212 12171 12170
f 12266 12267 12196
f 12267 12253 12206
f 12202 12168 12167
f 12267 12268 12269
f 12161 12209 12254
f 12266 12270 12268
f 12270 12266 12162
f 12271 12162 12254
f 12181 12272 12273
f 12180 12274 12272
f 12274 12180 12167
f 12166 12275 12276
f 12275 12166 12159
f 12277 12159 12179
f 12278 12279 12280
f 12278 12179 12178
f 12279 12278 12170
f 12169 12281 12282
f 12281 12169 12176
f 12175 12283 12284
f 12183 12285 12283
f 12286 12287 12174
f 12288 12174 12164
f 12163 12289 12290
f 12256 12291 12289
f 12292 12293 12187
f 12294 12187 12253
f 12295 12281 12284
f 12296 12294 12269
f 12297 12298 12299
f 12300 12282 12281
f 12301 12279 12282
f 12297 12217 12185
f 12302 12303 12304
f 12305 12306 12304
f 12292 12291 12256
f 12307 12308 12303
f 12309 12310 12308
f 12311 12310 12274
f 12308 12312 12313
f 12214 12185 12293
f 12303 12313 12314
f 12312 12315 12316
f 12306 12296 12317
f 12268 12302 12317
f 12270 12307 12302
f 12271 12309 12307
f 12316 12295 12318
f 12319 12305 12314
f 12310 12311 12312
f 12291 12296 12306
f 12289 12306 12305
f 12313 12316 12320
f 12309 12271 12273
f 12285 12286 12321
f 12319 12288 12290
f 12321 12319 12320
f 12311 12322 12315
f 12283 12321 12318
f 12322 12301 12300
f 12315 12300 12295
f 12322 12311 12276
f 12310 12309 12272
f 12279 12301 12277
f 12301 12322 12275
f 12323 12249 12140
f 12324 12323 12139
f 12325 12243 12144
f 12326 12327 12146
f 12327 12248 12148
f 12298 12325 12143
f 12328 12242 12152
f 12329 12233 12154
f 12330 12244 12156
f 12255 12132 12230
f 12124 12134 12154
f 12331 12136 12235
f 12252 12138 12237
f 12227 12112 12240
f 12138 12115 12152
f 12136 12118 12144
f 12257 12121 12156
f 12332 12124 12232
f 12228 12127 12148
f 12112 12129 12140
f 12260 12227 12239
f 12132 12228 12247
f 12329 12197 12205
f 12250 12194 12197
f 12194 12250 12241
f 12195 12241 12249
f 12323 12203 12210
f 12324 12229 12203
f 12229 12324 12244
f 12330 12198 12211
f 12198 12330 12238
f 12199 12238 12242
f 12328 12207 12213
f 12207 12328 12231
f 12251 12216 12208
f 12216 12251 12248
f 12327 12191 12189
f 12326 12333 12191
f 12200 12334 12236
f 12201 12236 12243
f 12325 12215 12193
f 12298 12297 12215
f 12217 12299 12246
f 12204 12246 12233
f 12335 12084 12336
f 12337 12076 12338
f 12079 12065 12339
f 12340 12049 12019
f 12068 12052 12051
f 12062 12044 12043
f 12090 12218 12122
f 12341 12033 12026
f 12023 12342 12029
f 12225 12041 12040
f 12065 12027 12026
f 12343 12344 12035
f 12021 12345 12038
f 12344 12032 12040
f 12265 12122 12332
f 12076 12055 12054
f 12345 12024 12043
f 12346 12341 12025
f 12347 12340 12018
f 12084 12020 12019
f 12016 12022 12051
f 12348 12042 12054
f 12031 12346 12045
f 12342 12348 12053
f 12349 12336 12013
f 12350 12338 12015
f 12050 12339 12017
f 12037 12051 12022
f 12028 12043 12024
f 12224 12040 12032
f 12339 12026 12033
f 12338 12054 12042
f 12336 12019 12049
f 12286 12285 12183
f 11985 11984 12049
f 12245 12149 12262
f 11998 12011 12033
f 12004 12000 12342
f 12008 12007 12344
f 12006 12005 12345
f 12007 11996 12032
f 12245 12299 12298
f 12005 12003 12024
f 12222 11998 12341
f 7778 11985 12340
f 7655 7658 12022
f 12223 12002 12042
f 11999 12222 12346
f 12000 12223 12348
f 12321 12286 12288
f 12291 12292 12294
f 12190 12172 12287
f 12333 12200 12172
f 12200 12333 12326
f 12145 12234 12334
f 12234 12145 12258
f 12261 12135 12331
f 12108 12264 12135
f 12074 12102 12264
f 12102 12074 12337
f 12350 12047 12066
f 12014 12347 12047
f 12347 12014 7776
f 7778 7776 7775
f 7732 7688 7733
f 7688 7732 7686
f 7689 7686 7681
f 12218 12090 12083
f 12335 12080 12086
f 12349 12034 12080
f 12012 12343 12034
f 12343 12012 12351
f 7654 12009 12008
f 7652 12010 12009
f 7564 7575 12010
f 7567 7584 7575
f 7657 7582 7584
f 7561 7032 7582
f 7565 7033 7032
f 7556 7783 7033
f 7558 7744 7783
f 947 1047 7744
f 7693 7681 7678
f 7691 7678 7687
f 7692 7687 7684
f 7784 7759 7696
f 7759 7784 7752
f 7694 7752 974
f 12352 12353 12354
f 11634 12355 12354
f 12356 12357 12358
f 12359 12360 12354
f 12361 12362 12363
f 12364 12365 12366
f 12367 12368 12369
f 12370 12371 12372
f 12373 12374 12362
f 12367 12366 12375
f 12376 12377 12368
f 12378 12372 12379
f 12361 12358 12380
f 12381 12382 12360
f 12383 12384 12385
f 12386 12387 12388
f 12389 12390 12391
f 12392 12393 12394
f 12395 12396 12394
f 12397 12398 12399
f 12400 12401 12402
f 12401 12400 12403
f 12404 12405 12406
f 12405 12404 12407
f 12408 12409 12410
f 12411 12405 12412
f 12405 12411 12385
f 12413 12401 12414
f 12401 12413 12391
f 12398 12415 12388
f 12416 12395 12417
f 12418 12416 12419
f 12420 12408 12421
f 12422 12419 12423
f 12419 12417 12424
f 12411 12425 12426
f 12420 12427 12428
f 12413 12429 12430
f 11553 11510 11506
f 12431 12432 12433
f 12434 12435 12436
f 12437 12438 12439
f 11507 11564 11566
f 12440 12441 12442
f 12443 12444 12445
f 12446 12447 12448
f 12449 11511 12393
f 12450 12451 12452
f 12453 12454 12435
f 12455 12456 12438
f 12417 12394 12457
f 12458 12459 12460
f 12443 12442 12461
f 12462 12463 12444
f 12464 12448 12465
f 12437 12452 12466
f 12467 12468 12469
f 12470 12471 12472
f 12473 12474 12475
f 12476 12477 12478
f 12479 12480 12468
f 12481 12482 12483
f 12484 12485 12486
f 12487 12475 12488
f 12484 12489 12490
f 12491 12492 12471
f 12493 12478 12494
f 12495 12483 12496
f 12497 12498 12499
f 12500 12501 12502
f 12503 12504 12498
f 12505 12502 12506
f 12507 12470 12508
f 12509 12476 12493
f 12510 12481 12495
f 12489 12484 12511
f 12485 12484 12512
f 12513 12491 12470
f 12514 12493 12515
f 12516 12495 12517
f 12518 12519 12520
f 12521 12522 12523
f 12524 12525 12526
f 12527 12528 12529
f 12530 12531 12532
f 12531 12530 12533
f 12534 12535 12536
f 12535 12534 12537
f 12538 12539 12540
f 12541 12535 12542
f 12535 12541 12520
f 12543 12531 12544
f 12531 12543 12526
f 12528 12545 12523
f 12546 12538 12547
f 12541 12548 12549
f 12546 12550 12551
f 12543 12552 12553
f 12554 12555 12556
f 12557 12558 12559
f 12560 12561 12562
f 12563 12564 12565
f 12566 12567 12568
f 12569 12570 12571
f 12572 12573 12555
f 12574 12575 12558
f 12563 12562 12576
f 12577 12578 12564
f 12579 12568 12580
f 12557 12571 12581
f 12582 12583 12584
f 12585 12586 12587
f 12588 12589 12590
f 12591 12592 12593
f 12594 12595 12583
f 12596 12597 12598
f 12599 12600 12601
f 12602 12590 12603
f 12599 12604 12605
f 12606 12607 12586
f 12608 12593 12609
f 12610 12598 12611
f 12612 12613 12614
f 12615 12616 12617
f 12618 12619 12613
f 12620 12617 12621
f 12622 12585 12623
f 12624 12591 12608
f 12625 12596 12610
f 12604 12599 12626
f 12600 12599 12627
f 12628 12606 12585
f 12629 12608 12630
f 12631 12610 12632
f 12633 12634 12635
f 12636 12637 12638
f 12639 12640 12641
f 12642 12643 12644
f 12645 12646 12647
f 12646 12645 12648
f 12649 12650 12651
f 12650 12649 12652
f 12653 12654 12655
f 12656 12650 12657
f 12650 12656 12635
f 12658 12646 12659
f 12646 12658 12641
f 12643 12660 12638
f 12661 12653 12662
f 12656 12663 12664
f 12661 12665 12666
f 12658 12667 12668
f 12669 12670 12671
f 12672 12673 12674
f 12675 12676 12677
f 12678 12679 12680
f 12681 12682 12683
f 12684 12685 12686
f 12687 12688 12670
f 12689 12690 12673
f 12678 12677 12691
f 12692 12693 12679
f 12694 12683 12695
f 12672 12686 12696
f 12697 12698 12699
f 12699 12700 12701
f 11673 12702 12703
f 12704 12701 12705
f 12706 12707 12708
f 12709 12710 12711
f 12712 12708 12707
f 12713 12699 12698
f 12714 12715 12716
f 12717 12718 12710
f 12713 12707 12719
f 12720 12700 12699
f 12709 12716 12721
f 12459 11516 11515
f 11683 12722 12723
f 12387 11706 12724
f 12638 12725 12726
f 11709 11693 12727
f 12387 12728 12729
f 12529 12730 12731
f 12474 12732 12733
f 12435 12734 12735
f 12376 12455 12466
f 12455 12376 12375
f 11678 12724 12736
f 12454 12737 12734
f 12462 12574 12581
f 12577 12689 12696
f 12689 12577 12576
f 12574 12462 12461
f 12693 12717 12721
f 12692 12718 12717
f 11686 12738 12739
f 11564 11507 11503
f 12519 12740 12741
f 12447 12742 12743
f 12744 12745 12736
f 12395 12746 12747
f 12480 12748 12749
f 12750 12424 12457
f 12751 12752 12753
f 12754 12755 12756
f 11521 12753 12752
f 12757 12758 12759
f 12760 12750 12761
f 11524 12754 11534
f 12762 12763 12764
f 11520 12755 12754
f 12765 12759 12758
f 12766 12759 12765
f 12767 12765 12764
f 12766 11572 11569
f 12768 12769 12770
f 11522 11523 11577
f 12433 12771 12772
f 12773 11577 11570
f 12774 12775 12776
f 12777 12778 12779
f 12755 12780 12781
f 12782 12783 12784
f 12785 12786 12783
f 12787 12788 12789
f 12790 12791 12776
f 12792 12790 12793
f 12794 12792 12795
f 12794 12796 12797
f 12797 12798 12799
f 12799 12798 12800
f 12801 12802 12803
f 12804 12801 12805
f 12786 12785 12806
f 12807 12806 12808
f 12809 12808 12810
f 12811 12812 12800
f 12813 12814 12815
f 11709 12816 12703
f 12406 12817 12818
f 12438 12819 12820
f 12392 12821 12822
f 12823 12824 12825
f 12826 12827 12815
f 12827 12826 12805
f 12828 12805 12803
f 12829 12830 12831
f 12832 12833 12803
f 12787 12834 12832
f 12823 12835 12836
f 12837 12838 12836
f 12838 12837 12839
f 12840 12841 12842
f 12843 12841 12840
f 12844 12845 12843
f 12845 12844 12846
f 12847 12750 12760
f 12848 12847 12831
f 12768 12781 12780
f 12849 12761 12457
f 12850 12746 12395
f 12851 12852 12853
f 12854 12852 12851
f 12855 11576 12856
f 12857 12850 12416
f 12854 12858 12859
f 12860 12861 12862
f 12423 12424 12750
f 12863 12423 12847
f 12864 12774 12779
f 12432 12865 12866
f 12769 12849 11513
f 11560 12867 12860
f 12868 12869 12870
f 12431 12871 12865
f 12768 12872 12849
f 12872 12873 12761
f 12861 11576 11575
f 12874 12875 11576
f 12392 12396 12747
f 12876 12877 12449
f 12876 12878 12879
f 12877 12879 12869
f 12880 11554 11567
f 12881 12882 11565
f 12883 11565 11554
f 11533 11503 11501
f 12884 12885 11542
f 12886 12887 12888
f 12887 12889 12890
f 12889 12891 12829
f 12892 11568 11532
f 12893 12894 12870
f 12770 12895 12870
f 12896 12880 12897
f 12898 12881 12883
f 12899 12883 12880
f 12893 12892 11535
f 11568 12892 12897
f 12867 12874 12861
f 11518 12780 12755
f 12892 12893 12900
f 12879 12899 12896
f 11573 12767 12901
f 12878 12898 12899
f 12895 12770 12769
f 11517 12902 12780
f 12895 11512 11511
f 12903 12904 12902
f 12869 12896 12900
f 11521 11522 12773
f 12759 12766 12905
f 11555 12860 12906
f 11572 12766 12767
f 12753 12773 12907
f 12894 12893 11571
f 12458 12908 12871
f 12459 12871 12431
f 11556 11562 11561
f 11559 11563 11548
f 11516 12431 12909
f 12910 12782 12834
f 11692 12911 12727
f 12774 12864 12912
f 12913 12785 12782
f 12914 12915 12916
f 12875 12917 12915
f 12874 12918 12917
f 11145 4519 6297
f 11145 12919 12920
f 11146 12920 12921
f 12856 11576 12875
f 12433 12856 12914
f 12918 12874 12867
f 12872 12768 12902
f 12913 12910 12922
f 12781 12770 12894
f 12877 12868 11511
f 12859 12923 12924
f 12925 12926 12829
f 12873 12872 12904
f 12926 12927 12830
f 12831 12760 12888
f 12928 12789 12887
f 12929 12806 12785
f 12887 12789 12802
f 12910 12787 12928
f 12929 11519 11521
f 12801 12891 12889
f 12886 12930 12904
f 12804 12925 12891
f 12931 12932 12924
f 12933 12867 11560
f 12865 12871 12908
f 12779 12778 12866
f 12806 12929 12934
f 12888 12760 12873
f 12935 12716 12715
f 12716 12935 12936
f 12439 12820 12818
f 12937 12697 12938
f 12600 12939 12940
f 12607 12941 12942
f 12943 12944 12723
f 12932 12931 12791
f 12945 12946 12791
f 12808 12934 12752
f 12751 12823 12810
f 12802 12789 12788
f 12669 12679 12693
f 12751 12763 12835
f 12792 12947 12945
f 12947 12792 12794
f 11672 12948 12702
f 12949 11519 12929
f 12393 11513 12457
f 12950 12605 12604
f 12951 12588 12602
f 12952 12625 12631
f 12953 12594 12582
f 12609 12619 12636
f 12954 12664 12663
f 12661 12663 12657
f 12653 12657 12652
f 12654 12955 12671
f 12617 12586 12607
f 12616 12587 12586
f 12592 12614 12613
f 12619 12609 12593
f 12639 12630 12609
f 12630 12639 12668
f 12956 12957 12668
f 12640 12636 12660
f 12641 12660 12643
f 12647 12643 12642
f 12654 12652 12680
f 12649 12675 12680
f 12955 12680 12679
f 12826 12814 12958
f 12916 12915 12959
f 12915 12917 12960
f 12917 12918 12961
f 12918 12933 12962
f 12933 12885 12884
f 12949 12922 12903
f 12922 12928 12886
f 12762 12837 12835
f 12837 12762 12758
f 12757 12840 12839
f 12963 12840 12757
f 12964 12794 12965
f 12799 12966 12967
f 12966 12799 12812
f 12968 12812 12811
f 12855 12844 12963
f 12844 12855 12772
f 12969 12970 12795
f 12796 12795 12970
f 12971 12972 12797
f 12973 12974 12813
f 12975 12973 12800
f 12798 12797 12972
f 12974 12958 12814
f 12775 12969 12793
f 12976 12977 12418
f 11695 12978 12979
f 12980 12981 12863
f 12422 12863 12981
f 12977 12982 12857
f 12912 12979 12969
f 12927 12980 12848
f 12983 12984 12985
f 12986 12987 12988
f 12989 12984 12974
f 12990 12987 12972
f 12986 12989 12973
f 11695 12912 12864
f 12958 12974 12984
f 12975 12972 12987
f 12991 12985 12984
f 12992 12991 12989
f 12971 12970 12993
f 12980 12994 12985
f 12908 12458 11681
f 12925 12804 12958
f 12980 12927 12926
f 12969 12979 12993
f 12925 12983 12994
f 12977 12992 12988
f 12976 12991 12992
f 11694 12995 12978
f 11694 12857 12982
f 12991 12976 12981
f 12432 12996 12771
f 12771 12851 12846
f 12771 12996 12858
f 12997 12811 12815
f 12827 12998 12999
f 12673 13000 13001
f 13002 13003 13004
f 11623 13004 13005
f 13006 12379 12372
f 13007 12372 12371
f 12369 12355 11634
f 11616 12364 12369
f 13008 11632 12353
f 13009 11641 11632
f 13009 11606 11612
f 11590 11644 11643
f 11656 11644 11590
f 13010 11592 11591
f 13011 11638 11645
f 13012 11645 13013
f 13014 13015 11627
f 13016 11662 11629
f 13016 11630 11663
f 13014 13017 11629
f 11640 11594 11631
f 11639 11595 11594
f 11600 11637 11636
f 11660 11614 11656
f 11614 11660 11621
f 11605 11610 11604
f 11610 11605 11587
f 11609 11587 13018
f 12364 11616 13019
f 13020 12365 13019
f 12357 12370 12378
f 13021 12380 12358
f 11620 13022 13023
f 13024 12375 12366
f 13025 12366 12365
f 11607 12356 12363
f 12356 11607 13026
f 13027 11654 11653
f 13028 11651 11654
f 13029 11652 11651
f 13029 11615 11621
f 11650 11603 11652
f 13022 11649 13030
f 13004 11647 13031
f 13003 11663 11647
f 11652 13029 13023
f 11615 13029 13028
f 13032 12461 12442
f 12819 12442 12441
f 12450 12400 13033
f 12817 12414 12403
f 13034 12429 12414
f 13035 12430 12429
f 11677 13036 12428
f 12944 11699 11684
f 12722 11712 11717
f 12738 11710 13037
f 13038 11716 11710
f 12911 11692 11716
f 12911 11715 11691
f 13039 11691 11690
f 11705 11669 11693
f 12816 12727 11691
f 12816 13039 11689
f 12702 11708 13040
f 12948 11703 11708
f 12745 11667 11666
f 12724 11706 11700
f 12426 13036 11677
f 11720 12383 12426
f 12383 11720 11699
f 12728 12428 12427
f 12729 12427 12421
f 13041 12421 12410
f 12400 12450 12439
f 12820 12441 13042
f 12440 12404 13042
f 12734 12448 12447
f 12737 12465 12448
f 11625 13028 13027
f 11618 13027 13043
f 12362 13025 13020
f 12998 12827 12828
f 13044 12828 12833
f 12858 12996 12866
f 12778 12923 12859
f 13045 11575 11574
f 12905 12862 11575
f 12862 12905 11569
f 11562 11556 12906
f 11563 11559 11578
f 12901 12907 11570
f 12907 12901 12764
f 13046 12764 12763
f 12777 12931 12923
f 12931 12777 12776
f 13047 12833 12832
f 12834 12784 13048
f 12374 13024 13025
f 12363 13020 13043
f 11646 11631 13017
f 13049 12580 12568
f 13050 12568 12567
f 12566 12527 13051
f 12730 12547 12540
f 13052 12550 12547
f 13053 12551 12550
f 12494 12504 12521
f 12748 12503 12497
f 13054 12469 12468
f 12732 12500 12505
f 12733 12505 13055
f 13056 13057 12488
f 13058 12512 12490
f 13058 12491 12513
f 13059 12513 12507
f 13060 12507 13061
f 13062 13056 12506
f 12502 12471 12492
f 12501 12472 12471
f 12477 12499 12498
f 12504 12494 12478
f 12524 12515 12494
f 12515 12524 12553
f 13063 13064 12553
f 12525 12521 12545
f 12526 12545 12528
f 12532 12528 12527
f 13065 12527 12566
f 12569 12530 13065
f 12530 12569 12559
f 12579 12571 12570
f 12571 12579 13066
f 12453 12463 12581
f 12434 12444 12463
f 13067 12445 12444
f 12404 12440 12445
f 12445 13067 12409
f 12409 13067 12436
f 12408 12412 12407
f 12420 12425 12412
f 13036 12426 12425
f 13035 12944 12943
f 11718 12389 12430
f 12389 11718 11697
f 13068 11677 11665
f 13069 11713 11719
f 13070 11671 11688
f 11704 11670 11669
f 11675 11702 11701
f 11707 11697 11676
f 11697 11707 12386
f 12386 11707 11706
f 12728 12724 11678
f 12390 12386 12415
f 12391 12415 12398
f 12402 12398 12397
f 13033 12397 12446
f 12446 12397 12742
f 12735 12743 12410
f 12464 12452 12451
f 12452 12464 13071
f 12381 12377 12466
f 12377 12381 12359
f 12355 12369 12368
f 12357 13026 13018
f 12370 13018 11589
f 11633 11658 11657
f 11642 11655 11658
f 11655 11642 11644
f 11603 11650 11601
f 11604 11601 11636
f 13072 11659 13073
f 13074 11596 11626
f 13015 11629 11628
f 13057 12490 12489
f 13075 12473 12487
f 13076 12510 12516
f 13077 12479 12467
f 12518 12517 12496
f 12517 12518 12549
f 12479 13077 12549
f 13078 12549 12548
f 12546 12548 12542
f 12538 12542 12537
f 13079 12533 12559
f 12560 12534 13080
f 12534 12560 12565
f 13081 12565 12564
f 12554 12564 12578
f 12696 13082 12572
f 12686 12694 13082
f 12694 12686 12685
f 12675 12649 13083
f 13084 12695 12683
f 13085 12683 12682
f 13086 12648 12674
f 12645 12684 12674
f 12684 12645 13087
f 12726 12662 12655
f 12725 12665 12662
f 13088 12666 12665
f 12633 12632 12611
f 12632 12633 12664
f 12953 12664 12954
f 13089 12618 12612
f 13090 12584 12583
f 13091 12615 12620
f 13092 12620 13093
f 12942 12950 12603
f 12941 12605 12950
f 13094 12627 12605
f 13094 12606 12628
f 13095 12628 12622
f 12939 12622 13096
f 13097 12624 12629
f 12956 12611 12598
f 12636 12619 12618
f 12594 12954 12666
f 13089 13088 12637
f 13098 12668 12667
f 13099 12667 12659
f 13100 12659 12648
f 12642 12681 12685
f 12681 12642 13101
f 13102 13103 12682
f 13000 12677 12676
f 13104 12691 12677
f 13105 12509 12514
f 13063 12496 12483
f 12479 13078 12551
f 12521 12504 12503
f 12748 13053 12522
f 12740 12553 12552
f 12741 12552 12544
f 13106 12544 12533
f 12537 12565 13081
f 12539 13081 12556
f 12731 13107 12567
f 13108 12562 12561
f 13109 12576 12562
f 11662 13016 13003
f 11630 13016 13017
f 11494 11502 11491
f 11544 11543 13110
f 13111 13112 13113
f 11465 11474 11485
f 11455 11449 11474
f 11426 11437 11449
f 13114 13115 13112
f 13116 13117 13115
f 11417 11411 11437
f 13118 13119 13117
f 13119 13118 13120
f 11390 11401 11411
f 11379 11373 11401
f 13121 13122 13123
f 13122 13121 13124
f 11349 11363 11373
f 11343 11337 11363
f 11330 11326 11337
f 13125 13124 13126
f 13127 13126 13128
f 13129 13128 13130
f 13131 13130 13132
f 13133 13132 13134
f 11307 11301 11326
f 11294 11290 11301
f 11266 11250 11290
f 11250 11266 11265
f 13135 13134 13136
f 13137 11242 13138
f 13139 13140 13141
f 13139 13142 13143
f 13144 13143 13145
f 11192 11195 11206
f 11093 11172 11195
f 11092 11169 11172
f 11154 11164 11169
f 11131 11165 11164
f 11134 11147 11165
f 11139 11144 11147
f 11144 11139 4511
f 13146 13147 13148
f 13149 13150 13147
f 13150 13149 13151
f 13152 13151 13153
f 13154 13153 13155
f 13156 13157 13158
f 13159 13160 13157
f 13160 13159 6565
f 11646 13014 13161
f 11598 13012 13161
f 11597 13011 13012
f 13162 13010 11664
f 11641 13009 13163
f 11606 13009 13008
f 11588 13008 12352
f 12360 13007 13164
f 12382 13006 13007
f 11589 12352 13164
f 11635 11664 13163
f 12384 11699 12944
f 12384 13035 13034
f 12496 13063 12740
f 12506 13056 13165
f 12388 12729 13041
f 12399 13041 12743
f 11715 12911 13038
f 12385 13034 12817
f 12456 13032 12819
f 13166 13038 12738
f 12485 13060 13167
f 12520 12741 13106
f 12480 12551 13053
f 13168 13095 12939
f 13169 13090 13170
f 12573 13049 13050
f 13171 13054 12749
f 12589 13091 13092
f 12575 13109 13108
f 12482 13105 13172
f 12522 13053 13052
f 12540 12556 13107
f 12491 13058 13062
f 12555 13050 13107
f 12627 13094 13095
f 12490 13057 13056
f 12634 13098 13099
f 12512 13058 13059
f 12595 13089 13170
f 12690 13104 13000
f 12635 13099 13100
f 13064 13063 13172
f 12651 13100 13086
f 13173 13059 13060
f 12536 13106 13079
f 12558 13108 13174
f 13080 13079 13174
f 12475 12733 13165
f 12523 13052 12730
f 12644 12726 13102
f 12637 13088 12725
f 12597 13097 13175
f 13083 13086 13001
f 12595 12666 13088
f 12688 13084 13085
f 12611 12956 13098
f 12670 13085 13103
f 12606 13094 12941
f 13176 13177 12711
f 12590 13092 13178
f 12957 12956 13175
f 12655 12671 13103
f 12621 12942 13178
f 13179 12937 13180
f 13181 13176 13182
f 12572 13082 12695
f 12453 13066 12580
f 12381 13071 12465
f 13183 12380 13021
f 13184 12783 12786
f 13185 13021 12379
f 13186 12854 13187
f 13186 13006 12382
f 13188 12382 12465
f 13189 12845 12853
f 13189 12737 12454
f 13190 12841 12843
f 13190 12580 13049
f 13191 12838 12842
f 13191 12573 12695
f 13192 12695 13084
f 13193 13084 12688
f 13194 13048 12784
f 13195 12373 12380
f 13195 12946 12945
f 13196 13024 12374
f 13196 12947 12964
f 13197 12964 12967
f 13198 13044 13047
f 13199 12998 13044
f 13199 13104 12690
f 13200 12997 12999
f 12461 13032 13109
f 13201 12968 12997
f 13202 12966 12968
f 13202 13032 12456
f 13203 13204 13205
f 11702 11704 11703
f 13206 13207 13208
f 11675 11670 11704
f 13209 13210 13211
f 11674 11711 11670
f 11711 11674 11712
f 13212 13213 13214
f 13215 13216 13204
f 12722 12739 13037
f 13217 13218 13219
f 12739 12722 11683
f 13220 13221 13222
f 13223 13211 13224
f 13220 13225 13226
f 13227 13228 13207
f 13229 13214 13230
f 13231 13219 13232
f 13233 13234 13235
f 11682 11714 11687
f 13236 13237 13238
f 11714 11682 11713
f 13239 13240 13234
f 13241 13238 13242
f 13070 11713 13069
f 13243 13206 13244
f 11671 13069 11667
f 13245 13212 13229
f 12745 12948 11672
f 13246 13217 13231
f 12948 12745 12744
f 13225 13220 13247
f 13221 13220 13248
f 13249 13227 13206
f 13250 13229 13251
f 13252 13231 13253
f 13254 13255 13256
f 13257 13258 13259
f 13260 13261 13262
f 13263 13264 13265
f 13266 13267 13268
f 13267 13266 13269
f 13270 13271 13272
f 13271 13270 13273
f 13274 13275 13276
f 13277 13271 13278
f 13271 13277 13256
f 13279 13267 13280
f 13267 13279 13262
f 13264 13281 13259
f 13282 13274 13283
f 13277 13284 13285
f 13282 13286 13287
f 13279 13288 13289
f 13259 13290 13291
f 13011 13010 13162
f 13221 13292 13293
f 13228 13294 13295
f 13296 13226 13225
f 13297 13209 13223
f 11637 11639 11638
f 11600 11595 11639
f 13298 13246 13252
f 13299 13215 13203
f 13230 13240 13257
f 13300 13285 13284
f 13282 13284 13278
f 13274 13278 13273
f 13275 13301 13302
f 13238 13207 13228
f 13237 13208 13207
f 11599 11648 11595
f 11648 11599 11649
f 13213 13235 13234
f 13240 13230 13214
f 13260 13251 13230
f 13251 13260 13289
f 13303 13304 13289
f 13261 13257 13281
f 13262 13281 13264
f 13268 13264 13263
f 13275 13273 13305
f 13270 13306 13305
f 13306 13270 13307
f 13308 13269 13176
f 13266 13177 13176
f 13177 13266 13309
f 13291 13283 13276
f 13290 13286 13283
f 13310 13287 13286
f 13254 13253 13232
f 13253 13254 13285
f 13299 13285 13300
f 13311 13239 13233
f 13312 13205 13204
f 13022 13005 13031
f 13005 13022 11620
f 13313 13236 13241
f 13314 13241 13315
f 13295 13296 13224
f 13294 13226 13296
f 13316 13248 13226
f 13316 13227 13249
f 13317 13249 13243
f 13292 13243 13318
f 11619 11661 11624
f 11661 11619 11659
f 13319 13245 13250
f 13303 13232 13219
f 13257 13240 13239
f 13215 13300 13287
f 13311 13310 13258
f 13320 13289 13288
f 13321 13288 13280
f 13322 13280 13269
f 13263 13323 13324
f 13323 13263 13325
f 13326 13327 13328
f 13329 13317 13292
f 13330 13312 13331
f 13210 13313 13314
f 13248 13316 13317
f 13255 13320 13321
f 13216 13311 13331
f 13256 13321 13322
f 13272 13322 13308
f 13265 13291 13326
f 13258 13310 13290
f 13218 13319 13332
f 13307 13308 13181
f 13216 13287 13310
f 13232 13303 13320
f 13227 13316 13294
f 13074 11659 13072
f 11596 13072 11592
f 13211 13314 13333
f 13010 13011 11597
f 13304 13303 13332
f 13276 13302 13327
f 13242 13295 13333
f 13327 12937 13179
f 12937 13327 13302
f 13328 13179 12715
f 12714 13324 13323
f 13324 12714 12711
f 12697 13302 13301
f 13305 12712 12698
f 12712 13305 13306
f 13334 13335 12708
f 13180 12938 12701
f 12935 13180 12704
f 13336 12809 12825
f 13337 12807 12809
f 12705 12786 12807
f 13338 13335 13334
f 13335 13338 13182
f 12710 12706 13335
f 12936 12704 13337
f 13339 13047 13048
f 12932 13183 13185
f 12924 13185 13340
f 13006 13186 13340
f 12854 13186 13188
f 12852 13188 13341
f 12737 13189 13341
f 12845 13189 13342
f 12580 13190 13342
f 12841 13190 13343
f 12573 13191 13343
f 12838 13191 13192
f 12836 13192 13193
f 12824 13193 13344
f 12783 13184 13345
f 12946 13195 13183
f 12373 13195 13346
f 12947 13196 13346
f 13024 13196 13197
f 12375 13197 13347
f 12718 12692 12691
f 13104 13199 13198
f 12998 13199 13348
f 12576 13200 13348
f 13109 13201 13200
f 13032 13202 13201
f 12966 13202 13347
f 12687 12721 12936
f 13336 13344 12688
f 12700 13184 12705
f 12720 13345 13184
f 13345 12720 12719
f 12718 13349 12706
f 12707 12706 13349
f 12691 13198 13339
f 13349 13339 13194
f 12982 12988 13350
f 12979 12978 12990
f 12987 12990 13350
f 12978 12995 13350
f 12857 11694 11680
f 12850 11680 11679
f 12746 11679 12460
f 12747 12460 11515
f 12821 11515 11514
f 12959 12876 12822
f 12960 12878 12876
f 12961 12898 12878
f 12898 12961 12962
f 12881 12962 12884
f 12882 12884 11545
f 11541 11542 12885
f 11509 11528 11530
f 11528 11509 11495
f 11529 11495 11499
f 11498 11548 11557
f 11490 13110 11543
f 11549 11544 13113
f 11504 13113 13112
f 11462 13111 13110
f 11454 13114 13111
f 11475 13112 13115
f 11467 13115 13117
f 11439 13117 13119
f 13123 11419 11429
f 11419 13123 13122
f 13125 11381 11393
f 11381 13125 13127
f 11353 13127 13129
f 11345 13129 13131
f 13133 11309 11316
f 11309 13133 13135
f 11280 13135 13351
f 13352 13353 13354
f 13352 13355 13356
f 11209 13355 13145
f 13355 11209 11208
f 13147 11214 13357
f 11214 13147 13150
f 13152 11178 11185
f 13154 11177 11178
f 11177 13154 13158
f 13157 11036 11035
f 13160 11037 11036
f 6564 4411 11037
f 13159 12919 6297
f 12919 13159 13156
f 12920 13156 13155
f 13153 11162 12921
f 13151 11170 11162
f 13149 11173 11170
f 11173 13149 13146
f 11180 13146 13358
f 11201 13359 13356
f 11200 11217 13359
f 13360 13361 13362
f 11216 13363 13361
f 13364 13136 13134
f 13132 11293 11261
f 11293 13132 13130
f 13128 11329 11306
f 11329 13128 13126
f 13124 11366 11342
f 11366 13124 13121
f 11378 13121 13120
f 11387 13120 13118
f 11416 13118 13116
f 11423 13116 13114
f 12732 13054 13171
f 13054 12732 12474
f 12473 13076 12469
f 12499 12501 12500
f 12477 12472 12501
f 12476 12508 12472
f 12508 12476 12509
f 13105 13167 13061
f 13167 13105 12482
f 12481 12511 12486
f 12511 12481 12510
f 13075 12510 13076
f 13091 13090 13169
f 13090 13091 12589
f 12588 12952 12584
f 12951 12625 12952
f 12626 12596 12625
f 12596 12626 12601
f 12940 13097 12597
f 13097 12940 13096
f 12623 12591 12624
f 12591 12623 12587
f 12592 12587 12616
f 12614 12616 12615
f 13235 13237 13236
f 13213 13208 13237
f 13212 13244 13208
f 13244 13212 13245
f 13319 13293 13318
f 13293 13319 13218
f 13217 13247 13222
f 13247 13217 13246
f 13297 13246 13298
f 13209 13298 13205
f 13312 13313 13210
f 13313 13312 13330
f 13143 11207 11210
f 13142 11202 11207
f 11202 13142 13138
f 11242 11213 11203
f 11241 11199 11213
f 11199 11241 11237
f 11235 11204 11198
f 11233 11215 11204
f 11232 13357 11215
f 13357 11232 11231
f 11229 13358 13148
f 13358 11229 13365
f 11211 13365 13366
f 11205 13366 13367
f 11218 11212 11206
f 11217 11200 11212
f 13363 11264 11276
f 13361 11276 11257
f 11269 13353 13362
f 13353 11269 11260
f 11253 13368 13354
f 11252 13140 13368
f 13140 11252 11245
f 11263 13369 13141
f 11267 11239 13369
f 11239 11267 11272
f 11247 13370 11240
f 11246 13371 13370
f 11270 13372 13371
f 13351 13373 13372
f 13373 13351 13136
f 11227 13136 13364
f 11225 13364 11262
f 11222 11262 11251
f 11265 13374 11223
f 11264 13363 13374
f 13363 11216 11220
f 11223 13374 11220
f 13366 11221 11219
f 13365 11224 11221
f 13365 11229 11226
f 13373 11227 11226
f 13372 13373 11228
f 13372 11230 11234
f 13371 11234 11236
f 13370 11236 13375
f 11241 11238 13375
f 11239 11238 13137
f 13369 13137 13376
f 13142 13139 13376
f 13140 13139 13144
f 13368 13144 13377
f 13355 13352 13377
f 13353 13352 13378
f 13359 13360 13378
f 11217 11216 13360
f 13379 6781 7789
f 7867 7872 7792
f 7861 7867 7791
f 7850 7861 7794
f 7841 7850 7796
f 7876 7790 7789
f 11955 7875 7802
f 6844 6850 7804
f 7875 7869 7806
f 11760 7857 7808
f 7869 7805 7804
f 7832 7846 7811
f 7851 7854 7813
f 11953 7832 7810
f 7854 7844 7816
f 7844 7876 7800
f 8157 7835 7818
f 11761 7865 7821
f 7848 7859 7824
f 7873 7841 7798
f 7838 7848 7823
f 7872 7838 7827
f 11582 7822 7821
f 7846 11760 7807
f 7859 11761 7820
f 11954 7819 7818
f 13380 11954 11951
f 6858 7809 7808
f 11952 10606 3954
f 6998 234 224
f 7279 637 647
f 7255 653 658
f 7249 667 670
f 683 11966 7251
f 11966 683 5353
f 7253 1072 1073
f 11769 7763 5151
f 11810 11768 5194
f 7771 11809 5214
f 8337 1661 1663
f 8691 8692 4257
f 10911 4270 4278
f 11739 11850 5241
f 4144 10794 10819
f 8323 1670 1636
f 7278 528 542
f 7268 524 528
f 1 3 50
f 4 6 52
f 7 5 8
f 8 4 10
f 9 10 13
f 11 8 9
f 12 13 16
f 14 9 12
f 15 16 19
f 17 12 15
f 18 19 22
f 20 15 18
f 21 22 25
f 23 18 21
f 24 25 28
f 26 21 24
f 27 28 31
f 29 24 27
f 30 31 88
f 32 27 30
f 33 35 80
f 36 34 33
f 38 40 41
f 41 42 45
f 43 41 44
f 44 45 48
f 46 44 47
f 47 48 82
f 49 3 56
f 51 6 54
f 53 54 58
f 55 56 60
f 57 58 62
f 59 60 64
f 61 62 107
f 63 64 108
f 65 67 72
f 68 70 74
f 71 72 76
f 73 74 78
f 75 76 4954
f 77 78 1119
f 79 35 1471
f 81 48 83
f 83 45 84
f 84 86 150
f 87 31 89
f 89 28 90
f 90 25 91
f 91 22 92
f 92 19 93
f 93 16 100
f 94 10 97
f 95 52 96
f 96 51 99
f 97 4 95
f 98 57 109
f 99 53 98
f 100 101 166
f 102 65 103
f 103 71 104
f 104 75 4955
f 105 106 110
f 66 107 67
f 69 108 70
f 109 110 177
f 111 106 112
f 112 113 114
f 114 115 116
f 116 117 895
f 118 120 126
f 121 123 124
f 124 125 131
f 126 122 121
f 127 126 128
f 128 121 129
f 129 124 130
f 130 131 139
f 132 128 136
f 133 135 139
f 136 129 137
f 137 130 138
f 138 139 135
f 140 136 143
f 134 142 135
f 143 137 144
f 144 138 145
f 145 135 142
f 86 147 150
f 148 150 147
f 151 149 148
f 153 155 887
f 156 158 162
f 159 161 164
f 162 163 165
f 164 157 156
f 165 166 894
f 167 168 172
f 169 171 176
f 172 173 178
f 174 170 169
f 176 177 179
f 178 175 174
f 111 177 110
f 166 167 894
f 119 180 195
f 118 181 180
f 127 182 181
f 132 183 182
f 184 186 196
f 187 185 184
f 189 191 194
f 192 190 189
f 194 188 187
f 195 196 186
f 197 199 200
f 200 201 204
f 202 198 197
f 204 205 206
f 206 207 208
f 193 208 207
f 209 189 221
f 192 210 208
f 211 184 212
f 212 196 222
f 213 200 214
f 214 204 216
f 215 197 213
f 216 206 220
f 217 187 211
f 218 202 215
f 220 208 210
f 221 194 217
f 180 222 196
f 181 223 222
f 182 224 223
f 225 221 226
f 226 217 227
f 227 211 231
f 228 224 234
f 229 228 233
f 230 231 1054
f 212 223 228
f 232 226 235
f 233 234 238
f 235 227 230
f 236 233 237
f 237 238 5370
f 239 241 242
f 242 243 244
f 244 245 719
f 246 213 248
f 247 216 251
f 248 214 247
f 249 210 253
f 250 215 246
f 251 220 249
f 252 253 256
f 254 249 252
f 255 251 254
f 225 210 209
f 225 256 253
f 257 259 5277
f 239 261 5277
f 262 259 5249
f 263 264 871
f 265 267 1011
f 268 270 286
f 271 273 275
f 274 275 278
f 276 275 273
f 278 277 5135
f 279 270 287
f 281 283 287
f 283 279 287
f 280 286 270
f 269 287 270
f 288 290 1089
f 284 273 279
f 291 293 373
f 294 296 335
f 297 299 304
f 292 301 293
f 302 304 299
f 298 306 299
f 300 308 301
f 309 299 306
f 305 311 306
f 307 313 308
f 314 306 311
f 315 317 330
f 318 319 333
f 320 291 339
f 322 324 326
f 325 326 334
f 292 321 327
f 300 327 328
f 307 328 329
f 312 329 331
f 330 331 332
f 315 332 319
f 318 325 334
f 296 326 335
f 335 324 341
f 336 338 5128
f 339 341 324
f 342 271 3904
f 274 344 3930
f 343 346 344
f 347 334 296
f 348 350 5170
f 310 352 311
f 353 311 352
f 333 355 325
f 354 319 365
f 329 357 331
f 321 359 327
f 360 325 355
f 327 361 328
f 320 358 321
f 331 363 332
f 364 322 360
f 365 332 363
f 328 356 329
f 366 352 380
f 367 369 402
f 370 372 492
f 330 313 312
f 316 318 347
f 323 339 324
f 291 340 339
f 323 362 320
f 374 371 370
f 376 378 487
f 379 380 405
f 357 382 363
f 383 355 386
f 384 363 382
f 354 386 355
f 358 388 359
f 359 389 361
f 385 365 384
f 390 364 392
f 361 391 356
f 362 387 358
f 356 381 357
f 392 360 383
f 393 392 394
f 394 383 397
f 395 394 396
f 396 397 398
f 393 387 390
f 383 385 397
f 385 398 397
f 398 382 381
f 396 381 391
f 395 391 389
f 393 389 388
f 375 400 371
f 371 401 372
f 402 403 406
f 404 380 5154
f 406 408 5355
f 407 410 408
f 411 413 509
f 412 415 413
f 414 417 415
f 418 420 422
f 421 422 510
f 423 425 427
f 426 427 526
f 428 430 445
f 431 433 443
f 434 406 403
f 409 434 435
f 411 435 511
f 414 436 437
f 416 437 530
f 438 440 728
f 441 429 428
f 443 444 490
f 374 445 430
f 446 448 486
f 449 451 512
f 452 454 5358
f 455 457 5356
f 458 460 485
f 461 463 468
f 464 466 470
f 467 468 472
f 469 470 474
f 471 472 476
f 473 474 478
f 475 476 483
f 477 478 513
f 479 463 5358
f 468 480 481
f 472 481 482
f 476 482 484
f 483 484 7234
f 485 450 449
f 465 448 5360
f 486 464 469
f 469 487 486
f 376 473 477
f 488 445 493
f 489 490 499
f 491 428 488
f 370 493 445
f 494 493 492
f 488 495 496
f 491 496 497
f 497 499 491
f 489 498 508
f 500 496 501
f 501 495 506
f 502 504 722
f 494 506 495
f 507 498 516
f 409 509 410
f 424 510 425
f 412 511 436
f 490 442 441
f 512 453 452
f 470 462 461
f 474 461 467
f 478 467 471
f 513 471 475
f 499 441 491
f 508 515 489
f 516 497 500
f 514 507 537
f 480 518 481
f 481 519 482
f 479 517 480
f 514 522 515
f 431 489 515
f 484 524 7234
f 482 523 484
f 525 526 555
f 523 528 524
f 529 530 550
f 517 532 518
f 533 431 538
f 521 535 522
f 519 527 523
f 521 537 545
f 518 536 519
f 538 515 522
f 520 531 517
f 416 540 417
f 527 542 528
f 532 544 536
f 536 541 527
f 534 545 564
f 539 547 531
f 548 538 553
f 549 550 569
f 529 551 540
f 531 543 532
f 552 534 563
f 553 522 535
f 554 555 558
f 556 535 552
f 557 558 576
f 541 560 542
f 543 562 544
f 544 559 541
f 563 564 581
f 546 566 547
f 567 553 556
f 568 569 586
f 549 570 551
f 547 561 543
f 563 572 552
f 573 571 598
f 574 552 572
f 575 576 604
f 559 578 560
f 561 580 562
f 562 577 559
f 571 581 610
f 565 583 566
f 584 556 574
f 585 586 592
f 568 587 570
f 588 590 702
f 566 579 561
f 591 592 623
f 585 593 587
f 594 589 588
f 583 597 579
f 598 600 573
f 601 572 573
f 595 602 607
f 603 604 630
f 577 606 578
f 607 608 7342
f 579 609 580
f 580 605 577
f 598 610 615
f 582 596 583
f 612 574 601
f 605 614 606
f 608 616 7342
f 597 618 609
f 609 613 605
f 599 615 608
f 611 620 596
f 621 601 627
f 622 623 645
f 591 624 593
f 625 615 610
f 596 617 597
f 626 599 640
f 627 573 600
f 610 628 625
f 629 630 634
f 631 600 626
f 581 632 628
f 633 634 655
f 613 636 614
f 564 637 632
f 617 639 618
f 618 635 613
f 640 608 602
f 619 642 620
f 643 627 631
f 644 645 665
f 622 646 624
f 545 647 637
f 620 638 617
f 626 648 651
f 649 651 648
f 652 626 651
f 537 653 647
f 654 655 685
f 635 657 636
f 507 658 653
f 638 660 639
f 639 656 635
f 648 602 594
f 641 662 642
f 663 631 652
f 664 665 677
f 644 666 646
f 667 516 500
f 642 659 638
f 656 669 657
f 500 670 667
f 659 672 660
f 660 668 656
f 649 594 588
f 661 674 662
f 675 652 682
f 676 677 687
f 664 678 666
f 501 679 670
f 662 671 659
f 680 650 649
f 682 651 650
f 683 506 505
f 684 685 693
f 686 687 705
f 676 688 678
f 674 690 671
f 691 650 681
f 692 693 710
f 668 695 669
f 671 696 672
f 672 694 668
f 680 588 702
f 673 689 674
f 698 682 691
f 699 691 708
f 700 681 680
f 702 703 715
f 704 705 3931
f 686 706 688
f 707 706 718
f 708 681 701
f 709 710 3880
f 694 712 695
f 690 714 696
f 696 711 694
f 680 715 700
f 697 717 689
f 717 690 689
f 716 706 704
f 699 704 3931
f 719 720 1018
f 721 504 1071
f 723 725 3901
f 399 727 400
f 728 420 419
f 727 401 400
f 730 732 1078
f 733 735 762
f 736 738 740
f 739 740 742
f 741 742 744
f 743 744 746
f 745 746 748
f 747 748 1620
f 749 751 753
f 752 753 755
f 754 755 757
f 756 757 759
f 758 759 761
f 760 761 796
f 762 763 896
f 764 766 1027
f 765 768 766
f 767 770 768
f 769 772 770
f 773 775 784
f 776 774 781
f 771 778 772
f 777 779 778
f 780 774 773
f 777 775 774
f 776 783 779
f 784 786 918
f 778 787 900
f 788 781 780
f 758 790 791
f 756 791 792
f 754 792 929
f 768 793 1074
f 794 734 733
f 260 242 1004
f 737 753 751
f 736 755 753
f 739 757 755
f 741 759 757
f 743 761 759
f 745 796 761
f 740 798 742
f 748 800 1620
f 746 799 748
f 744 801 746
f 742 802 744
f 797 804 798
f 799 806 800
f 798 807 802
f 802 808 801
f 801 805 799
f 803 810 804
f 805 812 806
f 804 813 807
f 807 814 808
f 808 811 805
f 809 816 810
f 811 818 812
f 810 819 813
f 813 820 814
f 814 817 811
f 815 822 816
f 817 824 818
f 816 825 819
f 819 826 820
f 820 823 817
f 821 828 822
f 823 830 824
f 822 831 825
f 825 832 826
f 826 829 823
f 833 835 839
f 836 838 1063
f 839 840 841
f 841 842 843
f 843 837 836
f 844 846 847
f 847 848 946
f 849 851 855
f 852 854 856
f 855 845 844
f 856 857 948
f 858 860 867
f 859 862 860
f 863 865 5376
f 866 867 945
f 868 870 5602
f 861 871 862
f 872 266 265
f 864 873 872
f 870 875 5602
f 876 763 735
f 740 878 797
f 803 878 879
f 809 879 880
f 815 880 881
f 821 881 882
f 827 882 965
f 883 885 1464
f 886 159 5138
f 153 888 893
f 889 891 5138
f 889 202 219
f 892 888 1469
f 885 892 1469
f 894 193 207
f 156 201 199
f 111 120 119
f 159 198 203
f 169 186 185
f 114 123 122
f 178 188 191
f 165 207 205
f 112 122 120
f 164 199 198
f 176 195 186
f 174 185 188
f 167 190 193
f 119 179 111
f 162 205 201
f 172 191 190
f 116 125 123
f 896 897 949
f 877 897 763
f 770 899 793
f 900 772 778
f 779 901 787
f 731 902 1087
f 903 905 908
f 906 908 905
f 909 904 1084
f 909 906 905
f 911 913 919
f 775 785 784
f 771 914 775
f 776 789 782
f 915 788 780
f 917 780 773
f 773 918 917
f 919 920 1028
f 921 907 906
f 921 911 919
f 924 734 795
f 926 928 1091
f 929 930 3849
f 792 931 930
f 791 932 931
f 933 750 928
f 935 738 737
f 937 928 927
f 935 896 949
f 934 751 750
f 939 738 936
f 940 853 852
f 942 941 940
f 944 867 5397
f 946 947 997
f 948 850 849
f 949 950 1466
f 951 953 985
f 954 878 939
f 955 957 1066
f 958 960 5288
f 961 959 958
f 963 965 882
f 966 882 881
f 967 881 880
f 968 880 879
f 969 965 1099
f 870 971 874
f 972 974 1041
f 869 970 870
f 976 978 1013
f 979 975 869
f 874 977 976
f 981 983 991
f 984 985 992
f 986 951 984
f 988 990 5742
f 991 987 986
f 992 993 1103
f 953 844 1101
f 994 856 998
f 952 855 953
f 995 849 952
f 996 997 5371
f 998 948 995
f 999 1001 1068
f 1002 267 266
f 1004 1006 1020
f 1007 261 260
f 1007 1004 1020
f 1009 1011 267
f 874 1012 875
f 976 962 1012
f 1014 1016 5279
f 1006 1017 1098
f 1018 1015 1014
f 1019 1020 1026
f 1019 1008 1007
f 962 1022 959
f 1023 863 5376
f 1024 873 863
f 1026 1006 1069
f 732 1027 1078
f 959 972 960
f 919 922 921
f 906 923 921
f 733 934 933
f 949 936 935
f 794 933 937
f 737 938 935
f 762 938 934
f 1030 936 1029
f 1031 939 1030
f 1032 879 954
f 1033 980 979
f 1035 982 981
f 1037 852 994
f 1024 1039 1025
f 1024 1040 1038
f 960 1041 5601
f 1025 1042 1002
f 1043 1045 5600
f 1046 843 1067
f 1001 1048 1068
f 1049 1051 5372
f 1052 1053 1100
f 1054 229 236
f 1044 1056 1045
f 1022 973 972
f 1003 1042 1053
f 1058 841 1046
f 1059 946 996
f 1025 266 873
f 1060 1000 999
f 1062 1063 1102
f 969 839 1058
f 1064 989 988
f 834 1066 957
f 1067 836 1062
f 1052 1068 1009
f 1069 1053 1042
f 211 229 231
f 372 504 503
f 1071 401 729
f 502 1072 5353
f 722 1073 1072
f 903 731 1087
f 908 732 731
f 764 907 922
f 922 765 764
f 767 1028 920
f 766 1074 1075
f 1027 1075 1076
f 1076 1078 1027
f 1077 730 1078
f 902 1079 5312
f 1080 1082 5280
f 1083 904 1085
f 1085 903 1086
f 1086 1087 1088
f 1088 902 5273
f 343 290 345
f 1090 1091 1092
f 750 1091 928
f 749 1092 1091
f 913 786 785
f 920 785 914
f 769 920 914
f 1090 929 3849
f 752 929 1092
f 1034 1093 5400
f 1094 1036 1035
f 982 998 983
f 1055 1096 1097
f 1097 1098 1017
f 833 1099 1066
f 1068 1010 1009
f 831 1067 832
f 999 1100 1060
f 1013 1057 1022
f 828 1046 831
f 1101 847 1059
f 829 1102 830
f 827 1058 828
f 1103 1065 1064
f 832 1062 829
f 1003 1009 267
f 1043 1100 1104
f 1104 1053 1070
f 1105 1107 6774
f 1108 1110 1146
f 1111 1109 1108
f 1113 1112 1111
f 1115 1114 1113
f 1117 3 6774
f 1118 78 1123
f 1120 1122 6775
f 1123 74 1127
f 1124 1126 6776
f 1127 70 6775
f 1128 1130 5141
f 1120 64 1133
f 1131 1129 1128
f 1133 60 1134
f 1134 56 1117
f 1135 1137 6777
f 1138 1140 6778
f 1141 1143 5142
f 1105 1116 1115
f 1144 1142 1141
f 1146 1145 1144
f 1147 1149 1161
f 1150 1152 1195
f 1153 1155 1163
f 1156 1157 1165
f 1158 1160 1191
f 1161 1162 1200
f 1163 1164 1172
f 1165 1166 1174
f 1121 1168 1122
f 1167 1159 1158
f 1169 1171 1206
f 1172 1173 1208
f 1174 1175 1181
f 1176 1122 1168
f 1178 1180 1212
f 1181 1182 1187
f 1183 1177 1176
f 1185 1107 1188
f 1187 1154 1153
f 1106 1188 1107
f 1189 1184 1183
f 1191 1186 1185
f 1192 1185 1215
f 1193 1161 1199
f 1194 1195 1228
f 1196 1163 1201
f 1197 1165 1202
f 1198 1191 1192
f 1199 1200 1232
f 1201 1172 1207
f 1202 1174 1209
f 1167 1204 1168
f 1203 1158 1198
f 1205 1206 1238
f 1207 1208 1240
f 1209 1181 1213
f 1210 1168 1204
f 1211 1212 1244
f 1213 1187 1216
f 1214 1176 1210
f 1215 1188 1217
f 1216 1153 1196
f 1156 1217 1188
f 1218 1183 1214
f 1219 1210 1242
f 1220 1217 1223
f 1221 1196 1229
f 1197 1223 1217
f 1224 1214 1219
f 1225 1215 1220
f 1226 1199 1231
f 1227 1228 1271
f 1229 1201 1233
f 1222 1202 1234
f 1230 1192 1225
f 1231 1232 1249
f 1233 1207 1239
f 1234 1209 1241
f 1203 1236 1204
f 1235 1198 1230
f 1237 1238 1255
f 1239 1240 1257
f 1241 1213 1245
f 1242 1204 1236
f 1243 1244 1261
f 1245 1216 1221
f 1246 1234 1251
f 1247 1225 1268
f 1248 1249 1283
f 1250 1239 1256
f 1251 1241 1258
f 1235 1253 1236
f 1252 1230 1247
f 1254 1255 1289
f 1256 1257 1291
f 1258 1245 1262
f 1259 1236 1253
f 1260 1261 1295
f 1262 1221 1265
f 1263 1242 1259
f 1264 1223 1266
f 1265 1229 1272
f 1222 1266 1223
f 1267 1219 1263
f 1268 1220 1264
f 1269 1231 1248
f 1270 1271 1279
f 1272 1233 1250
f 1246 1274 1266
f 1275 1263 1297
f 1276 1264 1298
f 1277 1248 1282
f 1278 1279 1308
f 1280 1250 1284
f 1273 1251 1285
f 1281 1268 1276
f 1282 1283 1312
f 1284 1256 1290
f 1285 1258 1292
f 1252 1287 1253
f 1286 1247 1281
f 1288 1289 1320
f 1290 1291 1303
f 1292 1262 1296
f 1293 1253 1287
f 1294 1295 1306
f 1296 1265 1299
f 1297 1259 1293
f 1298 1266 1274
f 1299 1272 1280
f 1300 1299 1343
f 1299 1301 1343
f 1280 1302 1301
f 1290 1304 1355
f 1305 1297 1351
f 1294 1307 1341
f 1278 1309 1324
f 1277 1310 5342
f 1311 1285 1338
f 1282 1313 1310
f 1298 1315 1276
f 1302 1290 1355
f 1297 1316 1351
f 1286 1318 1287
f 1293 1318 1316
f 1319 1320 5143
f 1286 1321 1317
f 1281 1315 1321
f 1298 1322 1314
f 1311 1274 1273
f 1285 1323 1338
f 1292 1300 1323
f 1306 1324 1307
f 1270 1306 1295
f 1227 1295 1261
f 1261 1194 1227
f 1300 1326 1323
f 1317 1328 1318
f 1321 1327 1317
f 1319 1331 1313
f 1310 1333 5342
f 1314 1335 1315
f 1304 1337 1355
f 1338 1340 1311
f 1315 1329 1321
f 1341 1336 1304
f 1343 1325 1300
f 1323 1339 1338
f 1322 1334 1314
f 1316 1347 1351
f 1309 1349 1324
f 1301 1344 1343
f 1351 1352 1305
f 1318 1346 1316
f 1313 1332 1310
f 1302 1350 1301
f 1311 1345 1322
f 1324 1354 1307
f 1355 1353 1302
f 1342 1357 1336
f 1344 1359 1325
f 1334 1361 1335
f 1347 1363 1352
f 1346 1362 1347
f 1348 1366 1349
f 1350 1358 1344
f 1340 1369 1345
f 1328 1364 1346
f 1331 1372 1332
f 1353 1367 1350
f 1327 1370 1328
f 1329 1374 1327
f 1349 1376 1354
f 1337 1373 1353
f 1326 1379 1339
f 1335 1375 1329
f 1330 1371 1331
f 1332 1381 1333
f 1336 1377 1337
f 1339 1368 1340
f 1325 1378 1326
f 1345 1360 1334
f 1364 1383 1362
f 1365 1385 1366
f 1367 1387 1358
f 1368 1389 1369
f 1370 1382 1364
f 1371 1392 1372
f 1373 1386 1367
f 1374 1390 1370
f 1375 1394 1374
f 1366 1396 1376
f 1377 1393 1373
f 1378 1399 1379
f 1361 1395 1375
f 1380 1391 1371
f 1372 1402 1381
f 1357 1397 1377
f 1379 1388 1368
f 1359 1398 1378
f 1369 1405 1360
f 1356 1403 1357
f 1358 1404 1359
f 1360 1400 1361
f 1362 1407 1363
f 1408 1410 1425
f 1411 1413 1455
f 1414 1416 1457
f 1417 1419 1430
f 1420 1422 1459
f 1418 1423 5340
f 1421 1424 1438
f 1425 1426 1458
f 1427 1429 1447
f 1430 1431 1444
f 1432 1434 5341
f 1435 1437 1440
f 1415 1428 1427
f 1438 1439 1449
f 1440 1441 1450
f 1442 1444 1431
f 1445 1436 1435
f 1412 1409 1408
f 1433 1447 1429
f 1443 1448 1456
f 1446 1449 1439
f 1450 1451 1460
f 1452 1454 1461
f 1455 1456 1448
f 1457 1453 1452
f 1458 1459 1422
f 1460 1461 1454
f 1433 1399 1434
f 1403 1448 1397
f 1424 1391 1439
f 1400 1457 1395
f 1434 1398 5340
f 1401 1439 1391
f 1442 1397 1448
f 1420 1392 1424
f 1395 1452 1394
f 1394 1461 1390
f 1411 1396 1409
f 1393 1431 1386
f 1409 1385 1410
f 1451 1390 1461
f 1388 1429 1389
f 1402 1459 5147
f 1419 1386 1431
f 1410 1384 1426
f 1441 1382 1451
f 1462 1464 885
f 1465 897 898
f 1466 1029 949
f 1468 885 1469
f 1469 890 1468
f 888 891 890
f 1470 887 155
f 1471 1472 4956
f 1473 35 34
f 1474 34 37
f 1135 1180 6778
f 1151 1212 1180
f 1150 1244 1212
f 1475 1477 1495
f 1476 1479 1477
f 1478 1481 1479
f 1480 1483 1481
f 1482 1485 1483
f 1486 1488 1501
f 1487 1490 1488
f 1489 1492 1490
f 1491 1494 1492
f 1495 1496 1653
f 1477 1497 1496
f 1479 1498 1497
f 1481 1499 1498
f 1483 1500 1499
f 1501 1502 1818
f 1488 1503 1502
f 1490 1504 1503
f 1492 1505 1504
f 1506 1508 1527
f 1507 1510 1508
f 1509 1512 1510
f 1511 1514 1512
f 1515 1517 1532
f 1516 1519 1517
f 1518 1521 1519
f 1520 1523 1521
f 1524 1526 1553
f 1527 1528 1541
f 1508 1529 1528
f 1510 1530 1529
f 1512 1531 1530
f 1532 1533 1546
f 1517 1534 1533
f 1519 1536 1534
f 1521 1537 1549
f 1538 1540 1552
f 1541 1542 1554
f 1528 1543 1542
f 1529 1544 1543
f 1530 1545 1544
f 1546 1547 1559
f 1533 1548 1547
f 1549 1551 1535
f 1552 1553 1526
f 1554 1555 1564
f 1542 1556 1555
f 1543 1557 1556
f 1544 1558 1557
f 1559 1560 1569
f 1547 1561 1560
f 1548 1563 1561
f 1527 1525 1524
f 1564 1565 1576
f 1555 1566 1565
f 1556 1567 1566
f 1557 1568 1567
f 1569 1570 1581
f 1560 1571 1570
f 1561 1572 1571
f 1573 1575 1585
f 1576 1577 1668
f 1565 1578 1577
f 1566 1579 1578
f 1567 1580 1579
f 1581 1582 1819
f 1570 1583 1582
f 1571 1584 1583
f 1585 1586 2033
f 1587 1574 1573
f 1538 1588 1587
f 1589 790 1647
f 1590 1476 1475
f 1591 1478 1476
f 1592 1480 1478
f 1593 1482 1480
f 1594 1484 1482
f 1596 1487 1486
f 1597 1489 1487
f 1598 1491 1489
f 1599 1493 1491
f 1552 1601 1588
f 1575 1603 1586
f 1604 1524 1606
f 1574 1602 1575
f 1588 1605 1574
f 1606 1553 1657
f 1607 1527 1604
f 1608 788 1610
f 1609 789 1608
f 1610 916 1651
f 1611 1495 1654
f 1612 796 1652
f 1613 818 1623
f 1614 1063 1616
f 1615 812 1613
f 1616 838 1634
f 1102 1617 830
f 1618 806 1615
f 1619 1620 1622
f 1621 830 1617
f 1622 800 1618
f 1623 824 1621
f 1624 1618 1631
f 1625 1617 1632
f 1626 1622 1624
f 1627 1621 1625
f 1628 1623 1627
f 1629 1613 1628
f 1630 1616 1633
f 1631 1615 1629
f 1614 1632 1617
f 1633 1634 1636
f 1635 1636 1670
f 1637 1627 1638
f 1638 1625 1639
f 1639 1632 1642
f 1640 1624 1643
f 1630 1642 1632
f 1643 1631 1644
f 1641 1633 1635
f 1644 1629 1645
f 1645 1628 1637
f 1646 1647 1654
f 1648 1610 1650
f 1649 1608 1648
f 1650 1651 1656
f 760 1647 790
f 1611 1652 1655
f 1653 1654 1495
f 1619 1655 1652
f 1475 1655 1590
f 1604 1656 1607
f 1612 1654 1647
f 1657 1648 1606
f 1606 1650 1604
f 1626 1590 1655
f 1619 796 747
f 783 1659 901
f 1658 1661 1659
f 1660 1663 1661
f 1662 1539 1663
f 1601 1665 1605
f 1605 1666 1602
f 1602 1667 1603
f 1526 1664 1601
f 1609 783 782
f 1660 1609 1649
f 1649 1662 1660
f 1657 1540 1662
f 1525 1554 1664
f 1666 1668 1667
f 1665 1576 1666
f 1664 1564 1665
f 1669 1670 1685
f 1671 1644 1674
f 1641 1673 1642
f 1674 1645 1675
f 1672 1635 1669
f 1675 1637 1676
f 1676 1638 1677
f 1677 1639 1678
f 1678 1642 1673
f 1679 1643 1671
f 1680 1677 1681
f 1681 1678 1682
f 1682 1673 1688
f 1683 1671 1686
f 1684 1685 1739
f 1686 1674 1689
f 1672 1688 1673
f 1689 1675 1690
f 1687 1669 1684
f 1690 1676 1680
f 1691 1693 1738
f 1694 1696 1702
f 1692 1698 1693
f 1699 1701 4032
f 1700 1702 1701
f 1703 1692 1691
f 1705 1695 1694
f 1704 1697 1692
f 1708 1700 1699
f 1709 1694 1700
f 1710 1704 1703
f 1712 1706 1705
f 1711 1707 1704
f 1715 1709 1708
f 1716 1705 1709
f 1717 1711 1710
f 1719 1713 1712
f 1718 1714 1711
f 1722 1716 1715
f 1723 1712 1716
f 1724 1718 1717
f 1726 1720 1719
f 1725 1721 1718
f 1729 1723 1722
f 1730 1719 1723
f 1731 1725 1724
f 1733 1727 1726
f 1732 1728 1725
f 1736 1730 1729
f 1737 1726 1730
f 1738 1681 1691
f 1691 1682 1703
f 1703 1688 1710
f 1687 1710 1688
f 1717 1684 1724
f 1724 1739 1731
f 1592 1679 1683
f 1591 1640 1679
f 1740 1686 1741
f 1741 1689 1742
f 1742 1690 1754
f 1743 1745 1797
f 1746 1741 1750
f 1747 1749 1757
f 1750 1742 1753
f 1748 1752 1749
f 1753 1754 1767
f 1755 1744 1743
f 1757 1759 1761
f 1760 1761 1772
f 1762 1750 1764
f 1757 1763 1758
f 1764 1753 1766
f 1749 1765 1763
f 1766 1767 1768
f 1768 1769 1770
f 1770 1771 1780
f 1772 1773 1783
f 1761 1774 1773
f 1775 1764 1776
f 1776 1766 1777
f 1777 1768 1778
f 1778 1770 1779
f 1779 1780 1755
f 1781 1743 1797
f 1783 1784 1798
f 1773 1785 1784
f 1786 1788 1790
f 1789 1536 1792
f 1790 1791 1793
f 1785 1792 1551
f 1793 1794 1795
f 1795 1782 1781
f 1796 1797 1807
f 1798 1799 1808
f 1784 1800 1799
f 1801 1790 1802
f 1785 1550 1800
f 1802 1793 1803
f 1521 1535 1519
f 1803 1795 1804
f 1804 1781 1796
f 1805 1796 1806
f 1806 1807 1832
f 1808 1809 1841
f 1799 1810 1809
f 1811 1802 1813
f 1800 1812 1810
f 1813 1803 1814
f 1550 1537 1812
f 1814 1804 1805
f 1563 1816 1572
f 1536 1551 1792
f 1536 1548 1534
f 1789 1563 1562
f 1780 1756 1755
f 1787 1776 1788
f 1788 1777 1791
f 1759 1792 1774
f 1791 1778 1794
f 1794 1779 1782
f 1782 1755 1743
f 1545 1569 1558
f 1514 1546 1531
f 1484 1501 1485
f 1595 1486 1484
f 1531 1559 1545
f 1485 1818 1500
f 1513 1532 1514
f 1568 1819 1580
f 1558 1581 1568
f 1758 1789 1759
f 1593 1683 1740
f 1594 1740 1746
f 1746 1595 1594
f 1596 1762 1775
f 1775 1597 1596
f 1787 1598 1597
f 1599 1786 1801
f 1801 1600 1599
f 1815 1763 1816
f 1797 1820 1807
f 1807 1821 1832
f 1822 1757 1760
f 1816 1765 1823
f 1816 1584 1572
f 1824 1780 1771
f 1809 1825 1842
f 1826 1813 1833
f 1493 1828 1494
f 1810 1829 1825
f 1830 1832 1821
f 1833 1814 1835
f 1494 1834 1505
f 1835 1805 1836
f 1827 1600 1838
f 1836 1806 1837
f 1837 1832 1831
f 1838 1811 1826
f 1522 1840 1523
f 1841 1842 1859
f 1523 1843 1537
f 1812 1843 1829
f 1842 1844 1860
f 1845 1833 1849
f 1828 1847 1834
f 1825 1848 1844
f 1849 1835 1851
f 1829 1850 1848
f 1851 1836 1853
f 1852 1826 1845
f 1853 1837 1858
f 1839 1855 1840
f 1856 1831 1830
f 1858 1831 1857
f 1840 1850 1843
f 1859 1860 1873
f 1861 1838 1852
f 1827 1846 1828
f 1844 1862 1877
f 1863 1851 1865
f 1848 1864 1862
f 1865 1853 1867
f 1866 1845 1878
f 1867 1858 1872
f 1854 1869 1855
f 1870 1857 1856
f 1872 1857 1871
f 1855 1864 1850
f 1873 1874 1889
f 1875 1852 1866
f 1861 1876 1846
f 1860 1877 1874
f 1878 1849 1863
f 1846 1879 1847
f 1862 1880 1896
f 1881 1867 1883
f 1882 1878 1894
f 1883 1872 1888
f 1868 1885 1869
f 1886 1871 1870
f 1888 1871 1887
f 1869 1880 1864
f 1889 1890 3415
f 1891 1866 1882
f 1875 1892 1876
f 1874 1893 1890
f 1894 1863 1897
f 1876 1895 1879
f 1877 1896 1893
f 1897 1865 1881
f 1898 1900 1927
f 1901 1903 1929
f 1899 1905 1900
f 1906 1903 1902
f 1904 1909 1905
f 1906 1911 1907
f 1908 1913 1909
f 1914 1916 1924
f 1910 1918 1911
f 1912 1920 1913
f 1915 1922 1916
f 1923 1924 1928
f 1919 1926 1920
f 1921 1927 1922
f 1917 1928 1918
f 1925 1929 1926
f 1901 1906 1902
f 1925 1910 1901
f 1919 1917 1925
f 1912 1923 1919
f 1914 1908 1915
f 1915 1904 1921
f 1921 1899 1898
f 1927 1930 1943
f 1929 1931 1945
f 1900 1932 1930
f 1907 1931 1903
f 1905 1934 1932
f 1907 1935 1933
f 1909 1936 1934
f 1924 1937 1941
f 1911 1938 1935
f 1913 1939 1936
f 1916 1940 1937
f 1928 1941 1944
f 1920 1942 1939
f 1922 1943 1940
f 1918 1944 1938
f 1926 1945 1942
f 1933 1947 1931
f 1932 1948 1961
f 1933 1949 1946
f 1934 1950 1948
f 1941 1951 1955
f 1935 1952 1949
f 1936 1953 1950
f 1937 1954 1951
f 1944 1955 1958
f 1939 1956 1953
f 1940 1957 1954
f 1938 1958 1952
f 1942 1959 1956
f 1943 1960 1957
f 1945 1947 1959
f 1930 1961 1960
f 1962 1964 1992
f 1965 1967 1993
f 1968 1964 1963
f 1966 1971 1967
f 1968 1973 1969
f 1970 1975 1971
f 1976 1978 1986
f 1972 1980 1973
f 1974 1982 1975
f 1977 1984 1978
f 1985 1986 1991
f 1981 1988 1982
f 1983 1990 1984
f 1979 1991 1980
f 1987 1992 1988
f 1989 1993 1990
f 1969 1995 1964
f 1967 1996 2009
f 1969 1997 1994
f 1971 1998 1996
f 1986 1999 2003
f 1973 2000 1997
f 1975 2001 1998
f 1978 2002 1999
f 1991 2003 2006
f 1982 2004 2001
f 1984 2005 2002
f 1980 2006 2000
f 1988 2007 2004
f 1990 2008 2005
f 1992 1995 2007
f 1993 2009 2008
f 2007 2010 2024
f 2008 2011 2025
f 1994 2010 1995
f 2009 2013 2011
f 1994 2014 2012
f 1996 2015 2013
f 2003 2016 2020
f 1997 2017 2014
f 1998 2018 2015
f 1999 2019 2016
f 2006 2020 2023
f 2001 2021 2018
f 2002 2022 2019
f 2000 2023 2017
f 2004 2024 2021
f 2005 2025 2022
f 1959 1963 1962
f 1960 1966 1965
f 1946 1963 1947
f 1961 1970 1966
f 1946 1972 1968
f 1948 1974 1970
f 1955 1977 1976
f 1949 1979 1972
f 1950 1981 1974
f 1951 1983 1977
f 1958 1976 1985
f 1953 1987 1981
f 1954 1989 1983
f 1952 1985 1979
f 1956 1962 1987
f 1957 1965 1989
f 2010 1577 1578
f 2024 1578 1579
f 2012 1668 1577
f 1667 2014 2017
f 1603 2017 2023
f 2026 2020 2027
f 2027 2016 2028
f 2028 2019 2032
f 2029 2027 2030
f 2030 2028 2031
f 2031 2032 8692
f 2033 2026 2029
f 1586 2023 2026
f 1579 2021 2024
f 1819 2034 4215
f 2035 2037 2128
f 2038 2040 2081
f 2041 2043 2210
f 2044 2046 3254
f 2047 2049 2129
f 2050 2052 2079
f 2053 2055 2130
f 2056 2058 2077
f 2059 2061 2229
f 2062 2064 2236
f 2065 2043 2042
f 2067 2069 2224
f 2070 2072 2167
f 2073 2075 3261
f 2076 2058 2214
f 2078 2052 3393
f 2080 2040 2218
f 2063 2083 2064
f 2071 2085 2072
f 2086 2072 2085
f 2088 2037 2036
f 2090 2040 2039
f 2092 2094 2104
f 2095 2097 2160
f 2098 2100 2143
f 2101 2103 2153
f 2104 2096 2095
f 2105 2107 2146
f 2108 2107 2148
f 2110 2112 2156
f 2113 2109 2108
f 2115 2117 2124
f 2118 2120 2256
f 2121 2123 2157
f 2124 2122 2121
f 2117 2126 2122
f 2122 2127 2123
f 2128 2042 2041
f 2129 2045 2044
f 2130 2060 2059
f 2131 2133 2234
f 2089 2042 2037
f 2134 2136 2220
f 2137 2139 2175
f 2119 2141 2120
f 2116 2125 2117
f 2114 2143 2109
f 2111 2145 2112
f 2109 2146 2107
f 2106 2148 2107
f 2149 2151 2248
f 2100 2153 2103
f 2093 2124 2094
f 2099 2152 2100
f 2094 2121 2096
f 2155 2156 2247
f 2096 2157 2097
f 2102 2146 2103
f 2158 2104 2209
f 2159 2160 2304
f 2161 2163 2261
f 2164 2166 2174
f 2167 2087 2219
f 2168 2074 2073
f 2169 2087 2086
f 2170 2172 2208
f 2173 2074 2222
f 2171 2174 2172
f 2175 2176 2223
f 2177 2179 2213
f 2180 2182 2305
f 2183 2185 2198
f 2186 2188 2216
f 2189 2191 2188
f 2192 2194 2217
f 2195 2197 2204
f 2057 2198 2058
f 2199 2178 2177
f 2201 2200 2199
f 2172 2065 2089
f 2203 2185 2225
f 2204 2132 2131
f 2193 2206 2194
f 2207 2153 2306
f 2208 2089 2088
f 2209 2095 2159
f 2178 2210 2179
f 2211 2163 2162
f 2054 2199 2055
f 2060 2213 2061
f 2214 2198 2203
f 2215 2188 2187
f 2216 2191 2306
f 2184 2081 2185
f 2194 2082 2063
f 2217 2063 2062
f 2055 2177 2060
f 2218 2091 2168
f 2219 2068 2067
f 2174 2066 2065
f 2220 2196 2195
f 2069 2205 2193
f 2222 2091 2090
f 2221 2068 2169
f 2223 2135 2134
f 2224 2193 2192
f 2202 2128 2200
f 2200 2041 2178
f 2225 2081 2080
f 2226 2130 2232
f 2227 2077 2231
f 2228 2229 2243
f 2230 2077 2076
f 2232 2059 2228
f 2064 2233 2237
f 2234 2235 2238
f 2236 2237 2239
f 2237 2190 2189
f 2238 2212 2211
f 2239 2189 2215
f 2240 2232 2246
f 2241 2231 2245
f 2242 2243 2307
f 2244 2231 2230
f 2246 2228 2242
f 2181 2247 2182
f 2140 2248 2141
f 2143 2103 2146
f 2132 2250 2133
f 2135 2252 2136
f 2138 2254 2139
f 2141 2255 2258
f 2256 2257 2288
f 2120 2258 2257
f 2248 2259 2255
f 2139 2260 2176
f 2261 2262 2308
f 2196 2264 2197
f 2212 2262 2163
f 2197 2249 2132
f 2176 2251 2135
f 2136 2263 2196
f 2133 2266 2235
f 2235 2265 2212
f 2267 2134 2278
f 2268 2175 2269
f 2269 2223 2267
f 2270 2162 2283
f 2271 2140 2119
f 2273 2195 2284
f 2274 2238 2281
f 2275 2150 2149
f 2277 2234 2274
f 2278 2220 2273
f 2279 2131 2277
f 2272 2149 2140
f 2280 2119 2118
f 2281 2211 2270
f 2282 2162 2161
f 2284 2204 2279
f 2285 2256 2290
f 2125 2287 2126
f 2288 2290 2256
f 2142 2286 2125
f 2292 2148 2297
f 2144 2294 2145
f 2280 2293 2144
f 2147 2297 2148
f 2298 2108 2292
f 2126 2299 2127
f 2295 2301 2293
f 2298 2301 2300
f 2292 2302 2301
f 2301 2294 2293
f 2303 2286 2291
f 2303 2297 2296
f 2241 2209 2307
f 2242 2304 2246
f 2150 2261 2151
f 2244 2305 2245
f 2154 2216 2152
f 2240 2306 2191
f 2307 2159 2242
f 2152 2306 2153
f 2151 2308 2259
f 2276 2161 2150
f 2309 2311 2402
f 2312 2314 2355
f 2315 2317 2484
f 2318 2320 3256
f 2321 2323 2403
f 2324 2326 2353
f 2327 2329 2404
f 2330 2332 2351
f 2333 2335 2503
f 2336 2338 2510
f 2339 2317 2316
f 2341 2343 2498
f 2344 2346 2441
f 2347 2349 3262
f 2350 2332 2488
f 2352 2326 3398
f 2354 2314 2492
f 2337 2357 2338
f 2345 2359 2346
f 2360 2346 2359
f 2362 2311 2310
f 2364 2314 2313
f 2366 2368 2378
f 2369 2371 2434
f 2372 2374 2417
f 2375 2377 2427
f 2378 2370 2369
f 2379 2381 2420
f 2382 2381 2422
f 2384 2386 2430
f 2387 2383 2382
f 2389 2391 2398
f 2392 2394 2530
f 2395 2397 2431
f 2398 2396 2395
f 2391 2400 2396
f 2396 2401 2397
f 2402 2316 2315
f 2403 2319 2318
f 2404 2334 2333
f 2405 2407 2508
f 2363 2316 2311
f 2408 2410 2494
f 2411 2413 2449
f 2393 2415 2394
f 2390 2399 2391
f 2388 2417 2383
f 2385 2419 2386
f 2383 2420 2381
f 2380 2422 2381
f 2423 2425 2522
f 2374 2427 2377
f 2367 2398 2368
f 2373 2426 2374
f 2368 2395 2370
f 2429 2430 2521
f 2370 2431 2371
f 2376 2420 2377
f 2432 2378 2483
f 2433 2434 2578
f 2435 2437 2535
f 2438 2440 2448
f 2441 2361 2493
f 2442 2348 2347
f 2443 2361 2360
f 2444 2446 2482
f 2447 2348 2496
f 2445 2448 2446
f 2449 2450 2497
f 2451 2453 2487
f 2454 2456 2579
f 2457 2459 2472
f 2460 2462 2490
f 2463 2465 2462
f 2466 2468 2491
f 2469 2471 2478
f 2331 2472 2332
f 2473 2452 2451
f 2475 2474 2473
f 2446 2339 2363
f 2477 2459 2499
f 2478 2406 2405
f 2467 2480 2468
f 2481 2427 2580
f 2482 2363 2362
f 2483 2369 2433
f 2452 2484 2453
f 2485 2437 2436
f 2328 2473 2329
f 2334 2487 2335
f 2488 2472 2477
f 2489 2462 2461
f 2490 2465 2580
f 2458 2355 2459
f 2468 2356 2337
f 2491 2337 2336
f 2329 2451 2334
f 2492 2365 2442
f 2493 2342 2341
f 2448 2340 2339
f 2494 2470 2469
f 2343 2479 2467
f 2496 2365 2364
f 2495 2342 2443
f 2497 2409 2408
f 2498 2467 2466
f 2476 2402 2474
f 2474 2315 2452
f 2499 2355 2354
f 2500 2404 2506
f 2501 2351 2505
f 2502 2503 2517
f 2504 2351 2350
f 2506 2333 2502
f 2338 2507 2511
f 2508 2509 2512
f 2510 2511 2513
f 2511 2464 2463
f 2512 2486 2485
f 2513 2463 2489
f 2514 2506 2520
f 2515 2505 2519
f 2516 2517 2581
f 2518 2505 2504
f 2520 2502 2516
f 2455 2521 2456
f 2414 2522 2415
f 2417 2377 2420
f 2406 2524 2407
f 2409 2526 2410
f 2412 2528 2413
f 2415 2529 2532
f 2530 2531 2562
f 2394 2532 2531
f 2522 2533 2529
f 2413 2534 2450
f 2535 2536 2582
f 2470 2538 2471
f 2486 2536 2437
f 2471 2523 2406
f 2450 2525 2409
f 2410 2537 2470
f 2407 2540 2509
f 2509 2539 2486
f 2541 2408 2552
f 2542 2449 2543
f 2543 2497 2541
f 2544 2436 2557
f 2545 2414 2393
f 2547 2469 2558
f 2548 2512 2555
f 2549 2424 2423
f 2551 2508 2548
f 2552 2494 2547
f 2553 2405 2551
f 2546 2423 2414
f 2554 2393 2392
f 2555 2485 2544
f 2556 2436 2435
f 2558 2478 2553
f 2559 2530 2564
f 2399 2561 2400
f 2562 2564 2530
f 2416 2560 2399
f 2566 2422 2571
f 2418 2568 2419
f 2554 2567 2418
f 2421 2571 2422
f 2572 2382 2566
f 2400 2573 2401
f 2569 2575 2567
f 2572 2575 2574
f 2566 2576 2575
f 2575 2568 2567
f 2577 2560 2565
f 2577 2571 2570
f 2515 2483 2581
f 2516 2578 2520
f 2424 2535 2425
f 2518 2579 2519
f 2428 2490 2426
f 2514 2580 2465
f 2581 2433 2516
f 2426 2580 2427
f 2425 2582 2533
f 2550 2435 2424
f 2583 2585 2676
f 2586 2588 2629
f 2589 2591 2758
f 2592 2594 3258
f 2595 2597 2677
f 2598 2600 2627
f 2601 2603 2678
f 2604 2606 2625
f 2607 2609 2777
f 2610 2612 2784
f 2613 2591 2590
f 2615 2617 2772
f 2618 2620 2715
f 2621 2623 3263
f 2624 2606 2762
f 2626 2600 3400
f 2628 2588 2766
f 2611 2631 2612
f 2619 2633 2620
f 2634 2620 2633
f 2636 2585 2584
f 2638 2588 2587
f 2640 2642 2652
f 2643 2645 2708
f 2646 2648 2691
f 2649 2651 2701
f 2652 2644 2643
f 2653 2655 2694
f 2656 2655 2696
f 2658 2660 2704
f 2661 2657 2656
f 2663 2665 2672
f 2666 2668 2804
f 2669 2671 2705
f 2672 2670 2669
f 2665 2674 2670
f 2670 2675 2671
f 2676 2590 2589
f 2677 2593 2592
f 2678 2608 2607
f 2679 2681 2782
f 2637 2590 2585
f 2682 2684 2768
f 2685 2687 2723
f 2667 2689 2668
f 2664 2673 2665
f 2662 2691 2657
f 2659 2693 2660
f 2657 2694 2655
f 2654 2696 2655
f 2697 2699 2796
f 2648 2701 2651
f 2641 2672 2642
f 2647 2700 2648
f 2642 2669 2644
f 2703 2704 2795
f 2644 2705 2645
f 2650 2694 2651
f 2706 2652 2757
f 2707 2708 2852
f 2709 2711 2809
f 2712 2714 2722
f 2715 2635 2767
f 2716 2622 2621
f 2717 2635 2634
f 2718 2720 2756
f 2721 2622 2770
f 2719 2722 2720
f 2723 2724 2771
f 2725 2727 2761
f 2728 2730 2853
f 2731 2733 2746
f 2734 2736 2764
f 2737 2739 2736
f 2740 2742 2765
f 2743 2745 2752
f 2605 2746 2606
f 2747 2726 2725
f 2749 2748 2747
f 2720 2613 2637
f 2751 2733 2773
f 2752 2680 2679
f 2741 2754 2742
f 2755 2701 2854
f 2756 2637 2636
f 2757 2643 2707
f 2726 2758 2727
f 2759 2711 2710
f 2602 2747 2603
f 2608 2761 2609
f 2762 2746 2751
f 2763 2736 2735
f 2764 2739 2854
f 2732 2629 2733
f 2742 2630 2611
f 2765 2611 2610
f 2603 2725 2608
f 2766 2639 2716
f 2767 2616 2615
f 2722 2614 2613
f 2768 2744 2743
f 2617 2753 2741
f 2770 2639 2638
f 2769 2616 2717
f 2771 2683 2682
f 2772 2741 2740
f 2750 2676 2748
f 2748 2589 2726
f 2773 2629 2628
f 2774 2678 2780
f 2775 2625 2779
f 2776 2777 2791
f 2778 2625 2624
f 2780 2607 2776
f 2612 2781 2785
f 2782 2783 2786
f 2784 2785 2787
f 2785 2738 2737
f 2786 2760 2759
f 2787 2737 2763
f 2788 2780 2794
f 2789 2779 2793
f 2790 2791 2855
f 2792 2779 2778
f 2794 2776 2790
f 2729 2795 2730
f 2688 2796 2689
f 2691 2651 2694
f 2680 2798 2681
f 2683 2800 2684
f 2686 2802 2687
f 2689 2803 2806
f 2804 2805 2836
f 2668 2806 2805
f 2796 2807 2803
f 2687 2808 2724
f 2809 2810 2856
f 2744 2812 2745
f 2760 2810 2711
f 2745 2797 2680
f 2724 2799 2683
f 2684 2811 2744
f 2681 2814 2783
f 2783 2813 2760
f 2815 2682 2826
f 2816 2723 2817
f 2817 2771 2815
f 2818 2710 2831
f 2819 2688 2667
f 2821 2743 2832
f 2822 2786 2829
f 2823 2698 2697
f 2825 2782 2822
f 2826 2768 2821
f 2827 2679 2825
f 2820 2697 2688
f 2828 2667 2666
f 2829 2759 2818
f 2830 2710 2709
f 2832 2752 2827
f 2833 2804 2838
f 2673 2835 2674
f 2836 2838 2804
f 2690 2834 2673
f 2840 2696 2845
f 2692 2842 2693
f 2828 2841 2692
f 2695 2845 2696
f 2846 2656 2840
f 2674 2847 2675
f 2843 2849 2841
f 2846 2849 2848
f 2840 2850 2849
f 2849 2842 2841
f 2851 2834 2839
f 2851 2845 2844
f 2789 2757 2855
f 2790 2852 2794
f 2698 2809 2699
f 2792 2853 2793
f 2702 2764 2700
f 2788 2854 2739
f 2855 2707 2790
f 2700 2854 2701
f 2699 2856 2807
f 2824 2709 2698
f 2857 2859 2950
f 2860 2862 2903
f 2863 2865 3032
f 2866 2868 3260
f 2869 2871 2951
f 2872 2874 2901
f 2875 2877 2952
f 2878 2880 2899
f 2881 2883 3051
f 2884 2886 3058
f 2887 2865 2864
f 2889 2891 3046
f 2892 2894 2989
f 2895 2897 3264
f 2898 2880 3036
f 2900 2874 3273
f 2902 2862 3040
f 2885 2905 2886
f 2893 2907 2894
f 2908 2894 2907
f 2910 2859 2858
f 2912 2862 2861
f 2914 2916 2926
f 2917 2919 2982
f 2920 2922 2965
f 2923 2925 2975
f 2926 2918 2917
f 2927 2929 2968
f 2930 2929 2970
f 2932 2934 2978
f 2935 2931 2930
f 2937 2939 2946
f 2940 2942 3078
f 2943 2945 2979
f 2946 2944 2943
f 2939 2948 2944
f 2944 2949 2945
f 2950 2864 2863
f 2951 2867 2866
f 2952 2882 2881
f 2953 2955 3056
f 2911 2864 2859
f 2956 2958 3042
f 2959 2961 2997
f 2941 2963 2942
f 2938 2947 2939
f 2936 2965 2931
f 2933 2967 2934
f 2931 2968 2929
f 2928 2970 2929
f 2971 2973 3070
f 2922 2975 2925
f 2915 2946 2916
f 2921 2974 2922
f 2916 2943 2918
f 2977 2978 3069
f 2918 2979 2919
f 2924 2968 2925
f 2980 2926 3031
f 2981 2982 3126
f 2983 2985 3083
f 2986 2988 2996
f 2989 2909 3041
f 2990 2896 2895
f 2991 2909 2908
f 2992 2994 3030
f 2995 2896 3044
f 2993 2996 2994
f 2997 2998 3045
f 2999 3001 3035
f 3002 3004 3127
f 3005 3007 3020
f 3008 3010 3038
f 3011 3013 3010
f 3014 3016 3039
f 3017 3019 3026
f 2879 3020 2880
f 3021 3000 2999
f 3023 3022 3021
f 2994 2887 2911
f 3025 3007 3047
f 3026 2954 2953
f 3015 3028 3016
f 3029 2975 3128
f 3030 2911 2910
f 3031 2917 2981
f 3000 3032 3001
f 3033 2985 2984
f 2876 3021 2877
f 2882 3035 2883
f 3036 3020 3025
f 3037 3010 3009
f 3038 3013 3128
f 3006 2903 3007
f 3016 2904 2885
f 3039 2885 2884
f 2877 2999 2882
f 3040 2913 2990
f 3041 2890 2889
f 2996 2888 2887
f 3042 3018 3017
f 2891 3027 3015
f 3044 2913 2912
f 3043 2890 2991
f 3045 2957 2956
f 3046 3015 3014
f 3024 2950 3022
f 3022 2863 3000
f 3047 2903 2902
f 3048 2952 3054
f 3049 2899 3053
f 3050 3051 3065
f 3052 2899 2898
f 3054 2881 3050
f 2886 3055 3059
f 3056 3057 3060
f 3058 3059 3061
f 3059 3012 3011
f 3060 3034 3033
f 3061 3011 3037
f 3062 3054 3068
f 3063 3053 3067
f 3064 3065 3129
f 3066 3053 3052
f 3068 3050 3064
f 3003 3069 3004
f 2962 3070 2963
f 2965 2925 2968
f 2954 3072 2955
f 2957 3074 2958
f 2960 3076 2961
f 2963 3077 3080
f 3078 3079 3110
f 2942 3080 3079
f 3070 3081 3077
f 2961 3082 2998
f 3083 3084 3130
f 3018 3086 3019
f 3034 3084 2985
f 3019 3071 2954
f 2998 3073 2957
f 2958 3085 3018
f 2955 3088 3057
f 3057 3087 3034
f 3089 2956 3100
f 3090 2997 3091
f 3091 3045 3089
f 3092 2984 3105
f 3093 2962 2941
f 3095 3017 3106
f 3096 3060 3103
f 3097 2972 2971
f 3099 3056 3096
f 3100 3042 3095
f 3101 2953 3099
f 3094 2971 2962
f 3102 2941 2940
f 3103 3033 3092
f 3104 2984 2983
f 3106 3026 3101
f 3107 3078 3112
f 2947 3109 2948
f 3110 3112 3078
f 2964 3108 2947
f 3114 2970 3119
f 2966 3116 2967
f 3102 3115 2966
f 2969 3119 2970
f 3120 2930 3114
f 2948 3121 2949
f 3117 3123 3115
f 3120 3123 3122
f 3114 3124 3123
f 3123 3116 3115
f 3125 3108 3113
f 3125 3119 3118
f 3063 3031 3129
f 3064 3126 3068
f 2972 3083 2973
f 3066 3127 3067
f 2976 3038 2974
f 3062 3128 3013
f 3129 2981 3064
f 2974 3128 2975
f 2973 3130 3081
f 3098 2983 2972
f 3131 3133 3178
f 3134 3136 3143
f 3137 3135 3134
f 3139 3141 3227
f 3142 3136 3217
f 3140 3132 3141
f 3145 3147 3156
f 3148 3150 3154
f 3151 3153 3185
f 3154 3155 3193
f 3156 3149 3148
f 3157 3159 3187
f 3160 3159 3188
f 3162 3164 3167
f 3165 3161 3160
f 3167 3168 3174
f 3169 3171 3237
f 3172 3158 3157
f 3174 3173 3172
f 3168 3176 3173
f 3173 3177 3158
f 3178 3138 3137
f 3179 3181 3225
f 3170 3183 3171
f 3164 3175 3168
f 3166 3185 3161
f 3163 3184 3164
f 3161 3187 3159
f 3158 3188 3159
f 3189 3191 3236
f 3153 3193 3155
f 3146 3174 3147
f 3152 3192 3153
f 3147 3172 3149
f 3195 3167 3146
f 3149 3157 3150
f 3150 3187 3155
f 3196 3156 3212
f 3197 3154 3211
f 3198 3200 3238
f 3201 3145 3196
f 3203 3205 3219
f 3206 3208 3205
f 3135 3210 3136
f 3211 3193 3252
f 3212 3148 3197
f 3213 3200 3199
f 3132 3215 3133
f 3138 3209 3135
f 3217 3210 3239
f 3218 3205 3204
f 3219 3208 3252
f 3133 3216 3138
f 3207 3178 3224
f 3220 3143 3223
f 3221 3134 3220
f 3222 3143 3142
f 3224 3137 3221
f 3141 3131 3228
f 3225 3226 3229
f 3227 3228 3230
f 3228 3207 3206
f 3229 3214 3213
f 3230 3206 3218
f 3208 3224 3235
f 3231 3223 3234
f 3232 3220 3231
f 3233 3223 3222
f 3235 3221 3232
f 3202 3146 3145
f 3182 3236 3183
f 3185 3155 3187
f 3180 3227 3181
f 3183 3152 3151
f 3237 3166 3165
f 3171 3151 3166
f 3236 3194 3152
f 3238 3204 3203
f 3214 3204 3200
f 3181 3230 3226
f 3226 3218 3214
f 3222 3199 3233
f 3163 3182 3170
f 3217 3229 3142
f 3195 3190 3189
f 3239 3225 3217
f 3162 3189 3182
f 3186 3170 3169
f 3142 3213 3222
f 3201 3199 3198
f 3240 3237 3244
f 3175 3242 3176
f 3165 3244 3237
f 3184 3241 3175
f 3246 3188 3249
f 3186 3245 3184
f 3169 3247 3186
f 3177 3249 3188
f 3243 3160 3246
f 3176 3248 3177
f 3240 3250 3247
f 3243 3250 3244
f 3246 3251 3250
f 3250 3245 3247
f 3251 3241 3245
f 3242 3249 3248
f 3234 3212 3231
f 3232 3211 3235
f 3190 3238 3191
f 3233 3196 3234
f 3194 3219 3192
f 3235 3252 3208
f 3231 3197 3232
f 3192 3252 3193
f 3191 3203 3194
f 3202 3198 3190
f 2205 2036 2035
f 2210 2039 2038
f 2084 2048 2047
f 3254 2051 2050
f 2233 2054 2053
f 2229 2057 2056
f 2169 2036 2221
f 2066 2039 2043
f 2182 2093 2092
f 2160 2102 2101
f 2157 2106 2105
f 2156 2116 2115
f 2112 2142 2116
f 2123 2147 2106
f 2247 2115 2093
f 2097 2105 2102
f 2305 2092 2158
f 2085 2208 2086
f 2165 2222 2166
f 2213 2184 2183
f 2061 2183 2057
f 2082 2202 2201
f 2304 2101 2207
f 2086 2088 2169
f 2083 2201 2054
f 2179 2038 2184
f 2166 2090 2066
f 2206 2035 2202
f 2190 2053 2226
f 2243 2056 2227
f 2191 2226 2240
f 2307 2227 2241
f 2145 2291 2142
f 2127 2296 2147
f 2302 2291 2294
f 2287 2296 2299
f 2245 2158 2241
f 2246 2207 2240
f 2479 2310 2309
f 2484 2313 2312
f 2358 2322 2321
f 3256 2325 2324
f 2507 2328 2327
f 2503 2331 2330
f 2443 2310 2495
f 2340 2313 2317
f 2456 2367 2366
f 2434 2376 2375
f 2431 2380 2379
f 2430 2390 2389
f 2386 2416 2390
f 2397 2421 2380
f 2521 2389 2367
f 2371 2379 2376
f 2579 2366 2432
f 2359 2482 2360
f 2439 2496 2440
f 2487 2458 2457
f 2335 2457 2331
f 2356 2476 2475
f 2578 2375 2481
f 2360 2362 2443
f 2357 2475 2328
f 2453 2312 2458
f 2440 2364 2340
f 2480 2309 2476
f 2464 2327 2500
f 2517 2330 2501
f 2465 2500 2514
f 2581 2501 2515
f 2419 2565 2416
f 2401 2570 2421
f 2576 2565 2568
f 2561 2570 2573
f 2519 2432 2515
f 2520 2481 2514
f 2753 2584 2583
f 2758 2587 2586
f 2632 2596 2595
f 3258 2599 2598
f 2781 2602 2601
f 2777 2605 2604
f 2717 2584 2769
f 2614 2587 2591
f 2730 2641 2640
f 2708 2650 2649
f 2705 2654 2653
f 2704 2664 2663
f 2660 2690 2664
f 2671 2695 2654
f 2795 2663 2641
f 2645 2653 2650
f 2853 2640 2706
f 2633 2756 2634
f 2713 2770 2714
f 2761 2732 2731
f 2609 2731 2605
f 2630 2750 2749
f 2852 2649 2755
f 2634 2636 2717
f 2631 2749 2602
f 2727 2586 2732
f 2714 2638 2614
f 2754 2583 2750
f 2738 2601 2774
f 2791 2604 2775
f 2739 2774 2788
f 2855 2775 2789
f 2693 2839 2690
f 2675 2844 2695
f 2850 2839 2842
f 2835 2844 2847
f 2793 2706 2789
f 2794 2755 2788
f 3027 2858 2857
f 3032 2861 2860
f 2906 2870 2869
f 3260 2873 2872
f 3055 2876 2875
f 3051 2879 2878
f 2991 2858 3043
f 2888 2861 2865
f 3004 2915 2914
f 2982 2924 2923
f 2979 2928 2927
f 2978 2938 2937
f 2934 2964 2938
f 2945 2969 2928
f 3069 2937 2915
f 2919 2927 2924
f 3127 2914 2980
f 2907 3030 2908
f 2987 3044 2988
f 3035 3006 3005
f 2883 3005 2879
f 2904 3024 3023
f 3126 2923 3029
f 2908 2910 2991
f 2905 3023 2876
f 3001 2860 3006
f 2988 2912 2888
f 3028 2857 3024
f 3012 2875 3048
f 3065 2878 3049
f 3013 3048 3062
f 3129 3049 3063
f 2967 3113 2964
f 2949 3118 2969
f 3124 3113 3116
f 3109 3118 3121
f 3067 2980 3063
f 3068 3029 3062
f 2249 2236 2250
f 2251 2224 2252
f 2253 2167 2254
f 2258 2099 2098
f 2288 2114 2113
f 2257 2098 2114
f 2255 2154 2099
f 2254 2219 2260
f 2308 2187 2186
f 2263 2217 2264
f 2265 2187 2262
f 2264 2062 2249
f 2260 2067 2251
f 2252 2192 2263
f 2250 2239 2266
f 2266 2215 2265
f 2073 2278 2168
f 2078 2269 3261
f 3261 2267 2073
f 2230 2283 2244
f 2111 2272 2271
f 2218 2284 2080
f 2214 2281 2076
f 2155 2276 2275
f 2203 2274 2214
f 2168 2273 2218
f 2225 2277 2203
f 2110 2275 2272
f 2144 2271 2280
f 2076 2270 2230
f 2180 2283 2282
f 2080 2279 2225
f 2118 2295 2280
f 2289 2113 2298
f 2285 2300 2295
f 2289 2300 2290
f 2259 2186 2154
f 2181 2282 2276
f 2523 2510 2524
f 2525 2498 2526
f 2527 2441 2528
f 2532 2373 2372
f 2562 2388 2387
f 2531 2372 2388
f 2529 2428 2373
f 2528 2493 2534
f 2582 2461 2460
f 2537 2491 2538
f 2539 2461 2536
f 2538 2336 2523
f 2534 2341 2525
f 2526 2466 2537
f 2524 2513 2540
f 2540 2489 2539
f 2347 2552 2442
f 2352 2543 3262
f 3262 2541 2347
f 2504 2557 2518
f 2385 2546 2545
f 2492 2558 2354
f 2488 2555 2350
f 2429 2550 2549
f 2477 2548 2488
f 2442 2547 2492
f 2499 2551 2477
f 2384 2549 2546
f 2418 2545 2554
f 2350 2544 2504
f 2454 2557 2556
f 2354 2553 2499
f 2392 2569 2554
f 2563 2387 2572
f 2559 2574 2569
f 2563 2574 2564
f 2533 2460 2428
f 2455 2556 2550
f 2797 2784 2798
f 2799 2772 2800
f 2801 2715 2802
f 2806 2647 2646
f 2836 2662 2661
f 2805 2646 2662
f 2803 2702 2647
f 2802 2767 2808
f 2856 2735 2734
f 2811 2765 2812
f 2813 2735 2810
f 2812 2610 2797
f 2808 2615 2799
f 2800 2740 2811
f 2798 2787 2814
f 2814 2763 2813
f 2621 2826 2716
f 2626 2817 3263
f 3263 2815 2621
f 2778 2831 2792
f 2659 2820 2819
f 2766 2832 2628
f 2762 2829 2624
f 2703 2824 2823
f 2751 2822 2762
f 2716 2821 2766
f 2773 2825 2751
f 2658 2823 2820
f 2692 2819 2828
f 2624 2818 2778
f 2728 2831 2830
f 2628 2827 2773
f 2666 2843 2828
f 2837 2661 2846
f 2833 2848 2843
f 2837 2848 2838
f 2807 2734 2702
f 2729 2830 2824
f 3071 3058 3072
f 3073 3046 3074
f 3075 2989 3076
f 3080 2921 2920
f 3110 2936 2935
f 3079 2920 2936
f 3077 2976 2921
f 3076 3041 3082
f 3130 3009 3008
f 3085 3039 3086
f 3087 3009 3084
f 3086 2884 3071
f 3082 2889 3073
f 3074 3014 3085
f 3072 3061 3088
f 3088 3037 3087
f 2895 3100 2990
f 2900 3091 3264
f 3264 3089 2895
f 3052 3105 3066
f 2933 3094 3093
f 3040 3106 2902
f 3036 3103 2898
f 2977 3098 3097
f 3025 3096 3036
f 2990 3095 3040
f 3047 3099 3025
f 2932 3097 3094
f 2966 3093 3102
f 2898 3092 3052
f 3002 3105 3104
f 2902 3101 3047
f 2940 3117 3102
f 3111 2935 3120
f 3107 3122 3117
f 3111 3122 3112
f 3081 3008 2976
f 3003 3104 3098
f 2593 3266 2594
f 3267 3269 3289
f 3270 2871 3693
f 3271 3273 3304
f 2048 3275 2049
f 3276 3278 3291
f 2867 3279 2868
f 3280 2868 3279
f 3281 3283 3295
f 3272 3282 3281
f 3284 3286 3299
f 3274 3253 3302
f 3287 3289 3269
f 3290 2323 3691
f 3291 3292 3308
f 3293 3295 3283
f 3277 3296 3303
f 3297 3299 3286
f 2319 3300 2320
f 3301 2049 3275
f 3302 3303 3296
f 3304 2874 3305
f 2873 3305 2874
f 3306 3308 3292
f 3265 2597 3339
f 2045 3309 2046
f 3310 3286 3993
f 3311 3313 3996
f 3314 3283 3997
f 3315 3317 3795
f 3318 3269 3996
f 3319 3321 3993
f 3322 3324 3995
f 3325 3326 3337
f 3320 3328 3344
f 2599 3266 3700
f 3325 3324 3323
f 3325 3331 3329
f 3312 3333 3313
f 3334 3336 3998
f 3337 3313 3333
f 3338 2597 2596
f 3340 3342 3344
f 3343 3333 3346
f 3344 3321 3320
f 3332 3346 3333
f 3347 3349 3797
f 3350 3352 3354
f 3348 3353 3699
f 3354 3355 3358
f 3356 3358 3355
f 3359 3361 4007
f 3362 3357 3356
f 3360 3365 3361
f 3351 3366 3390
f 3367 3369 3376
f 3370 3372 3380
f 3373 3375 3809
f 3376 3377 3807
f 3366 3379 3386
f 2325 3300 3696
f 3380 3381 3809
f 3382 3374 3373
f 3370 3368 3367
f 3385 3358 3685
f 3386 3387 3682
f 3388 3349 3348
f 3390 3386 4006
f 3349 3391 3363
f 2164 3254 2165
f 2170 2129 2171
f 2173 2079 2075
f 3277 2071 2070
f 3261 2079 2078
f 3303 2084 2071
f 2171 2044 2164
f 3306 2138 2137
f 3292 2253 2138
f 3392 2137 2268
f 2085 2047 2170
f 2165 2050 2173
f 3278 2070 2253
f 3393 2268 2078
f 3394 2411 2542
f 2444 2403 2445
f 2447 2353 2349
f 3262 2353 2352
f 3263 2627 2626
f 3395 2345 2344
f 3397 2685 2816
f 3299 2801 2686
f 3267 2412 2411
f 2719 2592 2712
f 3288 2344 2527
f 2439 2324 2447
f 2721 2627 2623
f 2359 2321 2444
f 2718 2677 2719
f 3398 2542 2352
f 3289 2527 2412
f 3295 3075 2960
f 2445 2318 2438
f 3396 2358 2345
f 3298 2618 2801
f 2438 3256 2439
f 3400 2816 2626
f 3281 2960 2959
f 3399 2619 2618
f 2986 3260 2987
f 3402 2893 2892
f 2992 2951 2993
f 2713 2598 2721
f 3401 2632 2619
f 2712 3258 2713
f 2633 2595 2718
f 3284 2686 2685
f 2987 2872 2995
f 2993 2866 2986
f 3294 2892 3075
f 3272 2959 3090
f 2907 2869 2992
f 3273 3090 2900
f 3403 2906 2893
f 2995 2901 2897
f 3264 2901 2900
f 3404 1880 3413
f 3405 1883 3407
f 3406 1894 3419
f 3407 1888 3412
f 1884 3409 1885
f 1886 3411 1887
f 3412 1887 3411
f 1885 3413 1880
f 3414 1890 3418
f 3416 1882 3406
f 1891 3417 1892
f 3418 1893 3421
f 3419 1897 3422
f 1892 3420 1895
f 3421 1896 3404
f 3422 1881 3405
f 3423 3411 3440
f 3409 3425 3413
f 3426 3418 3429
f 3427 3406 3436
f 3416 3428 3417
f 3429 3421 3432
f 3430 3422 3433
f 3417 3431 3420
f 3432 3404 3434
f 3433 3405 3435
f 3434 3413 3425
f 3435 3407 3437
f 3436 3419 3430
f 3437 3412 3423
f 3408 3424 3409
f 3410 3440 3411
f 3441 3429 3444
f 3442 3436 3451
f 3427 3443 3428
f 3444 3432 3447
f 3445 3433 3448
f 3428 3446 3431
f 3447 3434 3449
f 3448 3435 3450
f 3449 3425 3458
f 3450 3437 3452
f 3451 3430 3445
f 3452 3423 3457
f 3438 3454 3424
f 3439 3456 3440
f 3457 3440 3456
f 3424 3458 3425
f 3459 3447 3463
f 3460 3448 3464
f 3443 3462 3446
f 3463 3449 3465
f 3464 3450 3466
f 3465 3458 3474
f 3466 3452 3468
f 3467 3445 3460
f 3468 3457 3473
f 3453 3470 3454
f 3455 3472 3456
f 3473 3456 3472
f 3454 3474 3458
f 3475 3444 3459
f 3476 3451 3467
f 3442 3461 3443
f 3477 3459 3480
f 3478 3467 3487
f 3476 3479 3461
f 3480 3463 3483
f 3481 3464 3484
f 3461 3482 3462
f 3483 3465 3485
f 3484 3466 3486
f 3485 3474 3494
f 3486 3468 3488
f 3487 3460 3481
f 3488 3473 3493
f 3469 3490 3470
f 3471 3492 3472
f 3493 3472 3492
f 3470 3494 3474
f 3495 3483 3499
f 3496 3484 3500
f 3479 3498 3482
f 3499 3485 3501
f 3500 3486 3502
f 3501 3494 3510
f 3502 3488 3504
f 3503 3481 3496
f 3504 3493 3509
f 3489 3506 3490
f 3491 3508 3492
f 3509 3492 3508
f 3490 3510 3494
f 3511 3480 3495
f 3512 3487 3503
f 3478 3497 3479
f 3513 3501 3515
f 3514 3502 3516
f 3515 3510 3524
f 3516 3504 3518
f 3517 3496 3529
f 3518 3509 3523
f 3505 3520 3506
f 3507 3522 3508
f 3523 3508 3522
f 3506 3524 3510
f 3525 3495 3528
f 3526 3503 3517
f 3512 3527 3497
f 3528 3499 3513
f 3529 3500 3514
f 3497 3530 3498
f 3531 3524 3540
f 3532 3518 3534
f 3533 3529 3545
f 3534 3523 3539
f 3519 3536 3520
f 3521 3538 3522
f 3539 3522 3538
f 3520 3540 3524
f 3541 3528 3544
f 3542 3517 3533
f 3526 3543 3527
f 3544 3513 3547
f 3545 3514 3548
f 3527 3546 3530
f 3547 3515 3531
f 3548 3516 3532
f 3549 3545 3561
f 3550 3539 3555
f 3535 3552 3536
f 3537 3554 3538
f 3555 3538 3554
f 3536 3556 3540
f 3557 3544 3560
f 3558 3533 3549
f 3542 3559 3543
f 3560 3547 3563
f 3561 3548 3564
f 3543 3562 3546
f 3563 3531 3565
f 3564 3532 3566
f 3565 3540 3556
f 3566 3534 3550
f 3553 3568 3554
f 3569 3554 3568
f 3552 3571 3556
f 3572 3560 3575
f 3573 3549 3582
f 3558 3574 3559
f 3575 3563 3578
f 3576 3564 3579
f 3559 3577 3562
f 3578 3565 3580
f 3579 3566 3581
f 3580 3556 3571
f 3581 3550 3583
f 3582 3561 3576
f 3583 3555 3569
f 3551 3570 3552
f 3585 3575 3588
f 3586 3582 3595
f 3573 3587 3574
f 3588 3578 3591
f 3589 3579 3592
f 3574 3590 3577
f 3591 3580 3593
f 3592 3581 3594
f 3593 3571 3602
f 3594 3583 3596
f 3595 3576 3589
f 3596 3569 3601
f 3584 3598 3570
f 3567 3600 3568
f 3601 3568 3600
f 3570 3602 3571
f 3603 3591 3607
f 3604 3592 3608
f 3587 3606 3590
f 3607 3593 3609
f 3608 3594 3610
f 3609 3602 3618
f 3610 3596 3612
f 3611 3589 3604
f 3612 3601 3617
f 3597 3614 3598
f 3599 3616 3600
f 3617 3600 3616
f 3598 3618 3602
f 3619 3588 3603
f 3620 3595 3611
f 3586 3605 3587
f 3621 3609 3623
f 3622 3610 3624
f 3623 3618 3632
f 3624 3612 3626
f 3625 3604 3637
f 3626 3617 3631
f 3613 3628 3614
f 3615 3630 3616
f 3631 3616 3630
f 3614 3632 3618
f 3633 3603 3636
f 3634 3611 3625
f 3620 3635 3605
f 3636 3607 3621
f 3637 3608 3622
f 3605 3638 3606
f 3639 3632 3648
f 3640 3626 3642
f 3641 3637 3653
f 3642 3631 3647
f 3627 3644 3628
f 3629 3646 3630
f 3647 3630 3646
f 3628 3648 3632
f 3649 3636 3652
f 3650 3625 3641
f 3634 3651 3635
f 3652 3621 3655
f 3653 3622 3656
f 3635 3654 3638
f 3655 3623 3639
f 3656 3624 3640
f 3657 3653 3673
f 3658 3647 3665
f 3659 3661 3666
f 3662 3664 4060
f 3665 3646 4060
f 3666 3667 4062
f 3668 3652 3672
f 3669 3641 3657
f 3669 3671 3674
f 3672 3655 3676
f 3673 3656 3677
f 3674 3675 3958
f 3676 3639 3678
f 3677 3640 3679
f 3678 3648 4062
f 3679 3642 3658
f 3363 3680 3357
f 3350 3378 3366
f 3335 3682 3387
f 3681 3354 3385
f 3683 3685 3680
f 3686 3378 3681
f 3357 3685 3358
f 3688 3279 3270
f 3690 2323 2322
f 2051 3309 3692
f 2322 2052 2051
f 2051 3690 2322
f 3270 3694 3688
f 3389 3693 3697
f 2596 2326 2325
f 3680 3695 3683
f 2325 3338 2596
f 3391 3697 3700
f 3388 3689 3688
f 3348 3698 3388
f 3697 2871 2870
f 2599 3697 2870
f 2870 2600 2599
f 3688 3389 3388
f 3701 3341 3793
f 3702 3675 3671
f 3704 3671 3670
f 3140 3706 3144
f 3707 3210 3712
f 3708 3180 3710
f 3179 3710 3180
f 3711 3216 3713
f 3712 3209 3711
f 3709 3239 3707
f 3713 3215 3714
f 3139 3705 3140
f 3714 3144 3706
f 3715 3714 3716
f 3716 3706 3720
f 3708 3718 3705
f 3719 3712 3724
f 3705 3720 3706
f 3717 3710 3722
f 3709 3722 3710
f 3721 3707 3719
f 3723 3713 3715
f 3724 3711 3723
f 3725 3715 3727
f 3726 3723 3725
f 3727 3716 3728
f 3728 3720 3732
f 3717 3730 3718
f 3731 3724 3726
f 3718 3732 3720
f 3729 3722 3734
f 3721 3734 3722
f 3733 3719 3731
f 3735 3734 3737
f 3733 3737 3734
f 3736 3731 3743
f 3738 3727 3740
f 3739 3725 3738
f 3740 3728 3741
f 3741 3732 3744
f 3729 3742 3730
f 3743 3726 3739
f 3730 3744 3732
f 3735 3746 3742
f 3747 3739 3752
f 3742 3748 3744
f 3745 3737 3750
f 3736 3750 3737
f 3749 3743 3747
f 3751 3740 3753
f 3752 3738 3751
f 3753 3741 3754
f 3754 3744 3748
f 3755 3754 3756
f 3756 3748 3760
f 3745 3758 3746
f 3759 3752 3764
f 3746 3760 3748
f 3757 3750 3762
f 3749 3762 3750
f 3761 3747 3759
f 3763 3753 3755
f 3764 3751 3763
f 3765 3756 3760
f 3767 3760 3758
f 3768 3770 3771
f 3771 3772 3773
f 3773 3774 4048
f 3769 3776 3770
f 3775 3778 3776
f 3777 3780 3778
f 3781 3783 3819
f 3779 3785 3780
f 3784 3787 3785
f 3788 3790 3787
f 3791 3787 3786
f 3393 3255 3396
f 3398 3257 3401
f 3392 3396 3395
f 3395 3306 3392
f 3288 3307 3306
f 3322 3287 3318
f 3331 3768 4047
f 3337 3330 3325
f 3792 3758 3757
f 3394 3401 3399
f 3399 3267 3394
f 3400 3259 3403
f 3397 3403 3402
f 3402 3284 3397
f 3294 3285 3284
f 3319 3293 3314
f 3701 3312 3794
f 3793 3332 3701
f 3342 3794 3321
f 3310 3312 3311
f 3268 3298 3297
f 3327 3317 3328
f 3382 3365 3364
f 3363 3797 3349
f 3387 3798 3799
f 3387 3800 3335
f 3681 3801 3686
f 3699 3315 3698
f 3802 3757 3762
f 3803 3364 3360
f 3805 3376 3806
f 3383 3364 3804
f 3796 3373 3808
f 3806 3807 4034
f 3384 3380 3810
f 3808 3809 3381
f 3371 3367 3805
f 3810 3809 3375
f 3317 3812 3328
f 3785 3790 3813
f 3344 3812 3340
f 3780 3813 4026
f 3814 3762 3761
f 3761 3815 3814
f 3816 3759 3764
f 3817 3764 3763
f 3763 3818 3817
f 3807 3783 4034
f 3820 3822 3823
f 3823 3825 3820
f 3353 3316 3699
f 3827 3782 3781
f 3704 3830 3956
f 3829 3832 3830
f 3831 3834 3832
f 3833 3836 3834
f 3835 3838 3836
f 3839 3643 3841
f 3840 3643 3627
f 3842 3613 3597
f 3844 932 1589
f 3845 931 932
f 3846 930 931
f 3847 3849 930
f 3848 1090 3849
f 3850 926 1090
f 3851 927 926
f 3853 911 923
f 3853 794 937
f 3855 910 909
f 3855 924 795
f 3857 1084 1083
f 268 337 336
f 3858 286 285
f 3859 726 399
f 3861 399 375
f 3862 374 430
f 3864 430 429
f 3865 429 442
f 3865 425 510
f 3867 444 433
f 3868 433 432
f 3869 432 533
f 3869 558 555
f 3871 548 567
f 3872 567 584
f 3872 630 604
f 3873 634 630
f 3875 621 643
f 3876 643 663
f 3876 693 685
f 3877 710 693
f 3878 3880 710
f 3881 699 3931
f 3881 692 709
f 3882 684 692
f 3884 687 677
f 3884 633 654
f 3886 665 645
f 3887 645 623
f 3887 575 603
f 3888 557 575
f 3890 586 569
f 3891 569 550
f 3891 426 525
f 3893 530 437
f 3894 437 436
f 3895 436 511
f 3895 418 421
f 3897 435 434
f 3897 728 419
f 3899 3901 438
f 3900 723 3901
f 342 3858 285
f 342 3905 3903
f 3906 1589 1646
f 3906 1607 1656
f 3908 1653 1496
f 3909 1496 1497
f 3910 1497 1498
f 3911 1498 1499
f 3911 1513 1511
f 3913 1500 1818
f 3913 1516 1515
f 3914 1518 1516
f 3916 1503 1504
f 3916 1522 1520
f 3917 1839 1522
f 3918 1854 1839
f 3920 1847 1879
f 3920 1884 1868
f 3921 3408 1884
f 3837 3924 3838
f 3923 3926 3924
f 1651 3845 3844
f 916 3846 3845
f 915 3847 3846
f 917 3848 3847
f 918 3850 3848
f 786 3851 3850
f 912 3852 3851
f 937 3852 3853
f 923 3854 3853
f 795 3854 3855
f 909 3856 3855
f 3927 340 373
f 3929 3904 3930
f 3929 344 3934
f 725 3860 3859
f 439 3859 3861
f 420 3863 3862
f 422 3862 3864
f 510 3864 3865
f 442 3866 3865
f 427 3866 3867
f 526 3867 3868
f 555 3868 3869
f 533 3870 3869
f 576 3870 3871
f 604 3871 3872
f 584 3873 3872
f 612 3874 3873
f 655 3874 3875
f 685 3875 3876
f 663 3877 3876
f 675 3878 3877
f 698 3879 3878
f 709 3879 3881
f 3931 3882 3881
f 705 3883 3882
f 654 3883 3884
f 677 3885 3884
f 629 3885 3886
f 603 3886 3887
f 623 3888 3887
f 592 3889 3888
f 554 3889 3890
f 525 3890 3891
f 550 3892 3891
f 423 3892 3893
f 424 3893 3894
f 421 3894 3895
f 511 3896 3895
f 419 3896 3897
f 434 3898 3897
f 369 3900 3899
f 368 3902 3900
f 3933 344 346
f 3935 3937 5179
f 3936 3939 3937
f 3938 3941 3939
f 3942 3944 5149
f 3943 3946 3944
f 3945 3948 3946
f 3947 3950 3948
f 3949 3952 3950
f 3951 3954 3952
f 1656 3844 3906
f 1646 3907 3906
f 1506 3907 3908
f 1507 3908 3909
f 1509 3909 3910
f 1511 3910 3911
f 1499 3912 3911
f 1515 3912 3913
f 1818 3914 3913
f 1502 3915 3914
f 1520 3915 3916
f 1504 3917 3916
f 1505 3918 3917
f 1834 3919 3918
f 1868 3919 3920
f 1879 3921 3920
f 1895 3922 3921
f 3805 3955 3956
f 3371 3956 3830
f 3830 3372 3371
f 3832 3381 3372
f 3808 3834 3836
f 3627 3843 3840
f 3796 3836 3838
f 3838 3365 3796
f 3957 3664 3663
f 3958 3959 3839
f 3638 3841 3840
f 1697 3961 1698
f 1707 3960 1697
f 1714 3962 1707
f 1721 3963 1714
f 1728 3964 1721
f 1735 3965 1728
f 1817 3968 1756
f 1756 3969 1744
f 1744 3970 1745
f 1745 3971 1820
f 1820 3972 1821
f 1824 3967 1817
f 1821 3974 1830
f 1830 3975 1856
f 1856 3976 1870
f 1870 3977 1886
f 3410 3977 3978
f 3439 3978 3979
f 3455 3979 3980
f 3471 3980 3981
f 3491 3981 3982
f 3507 3982 3983
f 3521 3983 3984
f 3537 3984 3985
f 3553 3985 3986
f 3567 3986 3987
f 3599 3987 3988
f 3615 3988 3989
f 3629 3989 3990
f 3645 3990 3991
f 3662 3991 4033
f 3992 3663 4057
f 3361 3924 3926
f 3695 3700 3266
f 3794 3993 3321
f 3994 3995 3324
f 3683 3266 3265
f 3265 3684 3683
f 3268 3996 3269
f 3685 3339 3338
f 3327 3997 3795
f 3276 3308 3995
f 3338 3385 3685
f 3801 3696 3300
f 3686 3300 3290
f 3290 3687 3686
f 3326 3996 3313
f 3285 3993 3286
f 3271 3795 3997
f 3378 3691 3690
f 3307 3995 3308
f 3690 3379 3378
f 3798 3692 3309
f 3799 3309 3301
f 3271 3283 3282
f 3301 3800 3799
f 3335 3275 3274
f 3274 3336 3335
f 3998 3999 4001
f 3994 4001 3999
f 3304 3315 3795
f 3698 3305 3280
f 3280 3689 3698
f 3302 3999 3336
f 3323 3318 3326
f 3320 3314 3327
f 3297 3311 3268
f 3755 3766 3818
f 4002 3815 3816
f 4004 3816 3817
f 3682 4006 3386
f 3819 3377 4011
f 4007 3926 4008
f 3781 3817 3818
f 4007 4009 3821
f 4010 3682 3334
f 4005 4011 3377
f 4011 4002 4004
f 3334 4002 4010
f 4006 3377 3369
f 3390 3369 3368
f 3788 3824 3823
f 3823 3789 3788
f 4012 4009 4014
f 4013 4014 4016
f 4015 4016 4018
f 4017 4018 4020
f 4019 4020 4021
f 3828 4021 4022
f 3782 4022 4023
f 3783 4023 4035
f 4012 3822 3821
f 3774 3827 4048
f 4013 4024 4012
f 3822 3790 3789
f 3778 4026 4027
f 4027 3776 3778
f 3813 4024 4025
f 4025 4026 3813
f 4029 4027 4026
f 4030 4028 4027
f 4015 4025 4013
f 4030 4015 4017
f 4017 4031 4030
f 3776 3772 3770
f 4028 3774 3772
f 3774 4019 3828
f 3316 3811 3317
f 3351 3368 3384
f 3384 3352 3351
f 3810 3355 3352
f 3356 3375 3374
f 3362 3374 3383
f 3797 3383 3804
f 3347 3804 3803
f 3811 3825 3824
f 3824 3812 3811
f 3340 3791 3786
f 3786 3341 3340
f 3793 3784 3779
f 3779 3345 3793
f 3777 3346 3345
f 3343 3775 3769
f 3769 3330 3343
f 3994 3296 3276
f 3329 4001 4000
f 3994 3329 4000
f 3998 4003 4002
f 3960 4032 3961
f 3962 1699 3960
f 3963 1708 3962
f 3964 1715 3963
f 3965 1722 3964
f 3966 1729 3965
f 3967 1772 3968
f 3968 1783 3969
f 3969 1798 3970
f 3970 1808 3971
f 3971 1841 3972
f 3973 1760 3967
f 3972 1859 3974
f 3974 1873 3975
f 3975 1889 3976
f 3976 3415 3977
f 3820 4007 3821
f 3978 3415 3414
f 3979 3414 3426
f 3980 3426 3441
f 3981 3441 3475
f 3982 3475 3477
f 3983 3477 3511
f 3984 3511 3525
f 3985 3525 3541
f 3986 3541 3557
f 3987 3557 3572
f 3988 3572 3585
f 3989 3585 3619
f 3990 3619 3633
f 3991 3633 3649
f 4033 3649 3668
f 4034 4035 4036
f 3806 4036 3955
f 3826 4037 3825
f 3820 4037 3359
f 3803 3353 3347
f 3359 3803 3360
f 4038 3584 3551
f 4038 3546 3562
f 4041 3535 3519
f 4041 3498 3530
f 4043 3505 3489
f 4044 3489 3469
f 4045 3469 3453
f 4046 3453 3438
f 3562 4039 4038
f 3551 4040 4038
f 3530 4040 4041
f 3519 4042 4041
f 3482 4042 4043
f 3462 4043 4044
f 3446 4044 4045
f 3431 4045 4046
f 4039 3597 3584
f 3840 3606 3638
f 3922 3438 3408
f 3577 3842 4039
f 3420 4046 3922
f 3590 3843 3842
f 4004 3819 4011
f 3814 4003 4047
f 4047 3802 3814
f 3768 3792 3802
f 3771 3767 3792
f 3773 3765 3767
f 4048 3766 3765
f 3827 3818 3766
f 4049 3660 3959
f 4050 3661 3660
f 4051 3667 3661
f 4053 4021 4020
f 4054 4020 4018
f 4055 4018 4016
f 4056 4016 4014
f 4056 4057 4063
f 3703 3959 3675
f 4058 3673 4065
f 4059 3665 4061
f 3643 3666 3644
f 3645 4060 3646
f 4061 4060 3664
f 3644 4062 3648
f 4063 3672 4064
f 3670 3657 4058
f 3650 3674 3651
f 4064 3676 4066
f 4065 3677 4067
f 3651 3958 3654
f 4066 3678 4068
f 4067 3679 4069
f 4068 4062 3667
f 4069 3658 4059
f 3959 3659 3839
f 3654 3839 3841
f 3663 4033 4057
f 4057 3668 4063
f 4009 3957 3992
f 3670 3829 3704
f 4066 4053 4054
f 3956 3702 3704
f 4022 4052 4051
f 3955 3703 3702
f 4061 3925 3923
f 4036 4049 3703
f 4067 3835 3833
f 4059 3923 3837
f 4023 4051 4050
f 4063 4055 4056
f 4065 3833 3831
f 4069 3837 3835
f 4014 3992 4056
f 4068 4052 4053
f 4058 3831 3829
f 4008 3925 3957
f 4064 4054 4055
f 4035 4050 4049
f 4001 4047 4003
f 1720 4071 1713
f 1751 4073 1752
f 1713 4074 1706
f 1583 2034 1582
f 1765 4077 1823
f 1584 4075 1583
f 1752 4076 1765
f 1706 4079 1695
f 1823 4078 1584
f 1734 4081 1727
f 1695 4082 1696
f 1727 4070 1720
f 4081 4084 4070
f 4078 4086 4075
f 4080 4083 4081
f 4079 4089 4082
f 4072 4091 4073
f 4074 4088 4079
f 4073 4093 4076
f 4071 4092 4074
f 4076 4095 4077
f 4070 4094 4071
f 4075 4096 2034
f 4077 4085 4078
f 4095 4098 4085
f 4083 4100 4084
f 4085 4101 4086
f 4087 4099 4083
f 4088 4104 4089
f 4090 4106 4091
f 4092 4103 4088
f 4091 4108 4093
f 4094 4107 4092
f 4093 4097 4095
f 4084 4109 4094
f 4086 4110 4096
f 4097 4112 4098
f 4099 4114 4100
f 4098 4115 4101
f 4102 4113 4099
f 4103 4118 4104
f 4105 4120 4106
f 4107 4117 4103
f 4106 4122 4108
f 4109 4121 4107
f 4108 4111 4097
f 4100 4123 4109
f 4101 4124 4110
f 4111 4126 4112
f 4113 4128 4114
f 4112 4129 4115
f 4116 4127 4113
f 4117 4132 4118
f 4119 4134 4120
f 4121 4131 4117
f 4120 4136 4122
f 4123 4135 4121
f 4122 4125 4111
f 4114 4137 4123
f 4115 4138 4124
f 4125 4140 4126
f 4127 4142 4128
f 4126 4143 4129
f 4130 4141 4127
f 4131 4146 4132
f 4133 4148 4134
f 4135 4145 4131
f 4134 4150 4136
f 4137 4149 4135
f 4136 4139 4125
f 4128 4151 4137
f 4129 4152 4138
f 4143 4154 4152
f 4139 4156 4140
f 4141 4158 4142
f 4140 4153 4143
f 4144 4157 4141
f 4145 4161 4146
f 4147 4163 4148
f 4149 4160 4145
f 4148 4165 4150
f 4151 4164 4149
f 4150 4155 4139
f 4142 4166 4151
f 4158 4168 4166
f 4153 4170 4154
f 4155 4172 4156
f 4157 4167 4158
f 4156 4169 4153
f 4159 4173 4157
f 4160 4176 4161
f 4162 4178 4163
f 4164 4175 4160
f 4163 4180 4165
f 4166 4179 4164
f 4165 4171 4155
f 4181 4183 4189
f 4167 4185 4168
f 4186 4188 4265
f 4189 4190 4192
f 4173 4184 4167
f 4192 4187 4186
f 4174 4191 4173
f 4175 4195 4176
f 4179 4194 4175
f 4168 4196 4179
f 4182 4198 4183
f 4199 4201 4214
f 4187 4203 4188
f 4183 4204 4190
f 4205 4200 4199
f 4190 4202 4187
f 4207 4206 4205
f 1690 1738 1754
f 4209 4211 4300
f 4212 4210 4209
f 4214 4213 4212
f 4215 1580 1819
f 2018 4215 4216
f 2034 4216 4215
f 4096 4217 4216
f 2015 4216 4217
f 4218 4220 4221
f 4152 4218 4223
f 4218 4222 4223
f 4138 4223 4234
f 4224 4226 4228
f 4223 4227 4234
f 4228 4229 4301
f 2011 4231 2025
f 4232 4225 4224
f 4124 4234 4250
f 4235 4237 4240
f 4230 4239 4231
f 4234 2013 4250
f 4240 4241 4246
f 4242 4236 4235
f 4244 4240 4245
f 4245 4246 4253
f 4247 4235 4244
f 4238 4249 4239
f 4110 4250 4217
f 4251 4244 4254
f 4252 4253 4257
f 4254 4245 4252
f 4248 4256 4249
f 2013 4217 4250
f 2022 4254 2019
f 2032 4257 8692
f 2019 4252 2032
f 4258 4260 4302
f 2011 4227 4230
f 4238 4227 4222
f 4248 4222 4221
f 4248 4220 4255
f 4258 4262 4259
f 4154 4219 4218
f 4263 4262 4261
f 4265 4264 4263
f 2022 4231 4251
f 4231 4247 4251
f 4242 4239 4249
f 4243 4249 4256
f 4232 4256 4302
f 4266 4180 4178
f 4267 4178 4177
f 4268 4270 4282
f 4271 4269 4268
f 4273 4272 4271
f 4275 4274 4273
f 4269 4278 4270
f 4272 4277 4269
f 4274 4279 4272
f 4276 4280 4274
f 4278 4279 10918
f 4279 4281 10918
f 4268 4229 4226
f 4260 4284 4233
f 4259 4283 4260
f 4264 4287 4262
f 4262 4285 4259
f 4233 4288 4225
f 4188 4286 4264
f 4226 4288 4268
f 4285 4290 4283
f 4287 4289 4285
f 4197 4293 4198
f 4286 4291 4287
f 4198 4295 4204
f 4283 4296 4284
f 4203 4294 4286
f 4202 4297 4203
f 4204 4298 4202
f 4284 4299 4288
f 4288 4271 4268
f 4180 4189 4171
f 4169 4265 4170
f 4171 4192 4172
f 4172 4186 4169
f 4184 4214 4185
f 4191 4199 4184
f 4193 4205 4191
f 4194 4300 4195
f 4196 4209 4194
f 4185 4212 4196
f 4236 4228 4237
f 4237 4301 4241
f 4243 4224 4236
f 4255 4302 4256
f 4255 4261 4258
f 4219 4261 4220
f 4170 4263 4219
f 4233 4302 4260
f 4303 4181 4266
f 4304 4266 4267
f 4297 4306 4294
f 4291 4308 4289
f 4295 4310 4298
f 4296 4312 4299
f 4299 4273 4271
f 4289 4313 4290
f 4292 4315 4293
f 4294 4307 4291
f 4290 4311 4296
f 4298 4305 4297
f 4293 4309 4295
f 4314 4316 4335
f 4292 4317 4316
f 4197 4303 4317
f 4304 4317 4303
f 4206 4320 4200
f 4210 4322 4211
f 4200 4323 4201
f 4201 4324 4213
f 4208 4319 4206
f 4213 4321 4210
f 4324 4327 4321
f 4319 4329 4320
f 4321 4330 4322
f 4320 4331 4323
f 4323 4326 4324
f 4325 4328 4319
f 4318 4316 4317
f 4333 4335 4316
f 4336 4338 4351
f 4339 4341 4530
f 4342 4340 4339
f 4344 4343 4342
f 4346 4345 4344
f 4348 4350 4468
f 4351 4347 4346
f 4349 4353 4350
f 4354 4356 4538
f 4357 4355 4354
f 4359 4358 4357
f 4361 4360 4359
f 4363 4362 4361
f 4365 4364 4363
f 4355 4368 4356
f 4358 4367 4355
f 4370 4372 4469
f 4360 4369 4358
f 4362 4373 4360
f 4364 4374 4362
f 4366 4375 4364
f 4376 4378 4375
f 4367 4380 4368
f 4369 4379 4367
f 4371 4383 4372
f 4373 4381 4369
f 4374 4384 4373
f 4375 4385 4374
f 4377 4387 4378
f 4379 4389 4380
f 4381 4388 4379
f 4382 4392 4383
f 4384 4390 4381
f 4385 4393 4384
f 4378 4394 4385
f 4390 4396 4388
f 4391 4398 4392
f 4393 4395 4390
f 4394 4399 4393
f 4387 4400 4394
f 4386 4401 4387
f 4388 4403 4389
f 4396 4405 4403
f 4397 4407 4398
f 4400 4409 4399
f 4401 4408 4400
f 4402 4410 4401
f 4412 4414 4418
f 4415 4417 4535
f 4418 4419 4420
f 4420 4416 4415
f 4421 4413 4412
f 4422 4424 4413
f 4413 4425 4414
f 4416 4427 4417
f 4414 4428 4419
f 4419 4426 4416
f 4429 4431 4432
f 4432 4433 4437
f 4434 4436 4536
f 4437 4438 4439
f 4439 4435 4434
f 4430 4441 4431
f 4431 4442 4433
f 4435 4444 4436
f 4433 4445 4438
f 4438 4443 4435
f 4440 4447 4441
f 4441 4448 4442
f 4443 4450 4444
f 4442 4451 4445
f 4445 4449 4443
f 4446 4453 4447
f 4447 4454 4448
f 4449 4456 4450
f 4448 4457 4451
f 4451 4455 4449
f 4452 4459 4453
f 4453 4460 4454
f 4461 4463 4544
f 4454 4464 4457
f 4465 4467 4545
f 4421 4350 4422
f 4350 4423 4422
f 4469 4430 4429
f 4372 4440 4430
f 4383 4446 4440
f 4392 4452 4446
f 4398 4458 4452
f 4470 4472 4485
f 4473 4475 4476
f 4476 4477 4478
f 4478 4470 4525
f 4479 4474 4473
f 4480 4482 4474
f 4475 4484 4477
f 4474 4483 4475
f 4485 4486 4526
f 4477 4471 4470
f 4487 4489 4493
f 4490 4492 4497
f 4493 4491 4490
f 4494 4496 11055
f 4497 4498 4516
f 4488 4500 4489
f 4491 4502 4492
f 4489 4501 4491
f 4495 4504 4496
f 4492 4505 4498
f 4499 4507 4500
f 4501 4509 4502
f 4500 4508 4501
f 4503 4511 4504
f 4502 4512 4505
f 4506 4514 4507
f 4507 4515 4508
f 4516 4495 4494
f 4498 4503 4495
f 4505 4510 4503
f 4517 4519 6547
f 4517 4521 4518
f 4520 4523 4521
f 4524 4470 4485
f 4485 4527 4524
f 4528 4351 4534
f 4529 4530 4537
f 4531 4339 4529
f 4532 4342 4531
f 1754 1769 1767
f 4533 4344 4532
f 4534 4346 4533
f 4436 4499 4488
f 4417 4481 4480
f 4535 4480 4479
f 4450 4513 4506
f 4536 4488 4487
f 4444 4506 4499
f 1738 1771 1769
f 1693 1824 1771
f 3973 1698 3961
f 1822 3961 4032
f 4032 1747 1822
f 1701 1748 1747
f 1702 1751 1748
f 4072 1696 4082
f 4082 4090 4072
f 4089 4105 4090
f 4104 4119 4105
f 4118 4133 4119
f 4132 4147 4133
f 4146 4162 4147
f 4161 4177 4162
f 4267 4176 4195
f 4195 4304 4267
f 4300 4318 4304
f 4211 4333 4318
f 4322 4334 4333
f 4537 4349 4348
f 4530 4352 4349
f 4538 4371 4370
f 4356 4382 4371
f 4368 4391 4382
f 4380 4397 4391
f 4406 4389 4403
f 4509 4515 6546
f 4539 4459 4541
f 4458 4541 4459
f 4407 4540 4458
f 4461 4514 4546
f 4460 4543 4464
f 4542 4406 4547
f 4515 4544 6546
f 4456 4545 4513
f 4546 4513 4545
f 4403 4547 4406
f 4548 4523 4550
f 4550 4522 4553
f 4551 4545 4467
f 4462 4546 4551
f 4552 4553 4556
f 4554 4550 4552
f 4555 4556 4579
f 4557 4552 4555
f 4466 4558 4559
f 4558 4456 4455
f 4455 4464 4558
f 4559 4464 4543
f 4409 4395 4399
f 4560 4396 4395
f 4561 4404 4396
f 4563 4555 4578
f 4564 4467 4572
f 4405 4566 4547
f 4562 4568 4404
f 4540 4570 4541
f 4466 4572 4467
f 4542 4569 4540
f 4571 4559 4580
f 4573 4547 4566
f 4462 4575 4463
f 4576 4541 4570
f 4539 4577 4543
f 4578 4579 4588
f 4404 4565 4405
f 4543 4580 4559
f 4574 4551 4564
f 4565 4582 4566
f 4583 4566 4582
f 4584 4564 4590
f 4585 4570 4594
f 4568 4581 4565
f 4587 4588 6545
f 4576 4589 4577
f 4590 4572 4597
f 4591 4580 4596
f 4592 4578 4587
f 4569 4594 4570
f 4574 4595 4575
f 4577 4596 4580
f 4573 4593 4569
f 4571 4597 4572
f 4567 4586 4568
f 4599 4601 6761
f 4602 4601 4600
f 4604 4605 4607
f 4606 4607 4608
f 4606 4609 6773
f 4610 4612 6773
f 4613 4611 4610
f 4613 4616 4614
f 4615 4618 4616
f 4617 4620 4618
f 4621 4622 6767
f 4621 4624 6758
f 4625 4627 4645
f 4628 4630 4656
f 4631 4633 4672
f 4626 4634 4649
f 4635 4637 4653
f 4638 4640 4650
f 4641 4632 4631
f 4643 4645 4627
f 4646 4648 6534
f 4649 4650 4640
f 4651 4644 4643
f 4639 4653 4637
f 4654 4629 4628
f 4656 4657 4658
f 4652 4658 4657
f 4647 4636 4635
f 4634 4660 4650
f 4652 4662 4644
f 4638 4664 4653
f 4655 4666 4629
f 4630 4668 4657
f 4661 4657 4668
f 4669 4635 4673
f 4670 4645 4675
f 4629 4667 4630
f 4671 4672 4682
f 4625 4659 4634
f 4673 4653 4664
f 4663 4650 4660
f 4674 4631 4671
f 4644 4675 4645
f 4647 4676 4648
f 4677 4673 4684
f 4678 4675 4688
f 4666 4680 4667
f 4681 4682 4708
f 4670 4683 4659
f 4684 4664 4692
f 4685 4660 4690
f 4686 4671 4681
f 4662 4688 4675
f 4669 4689 4676
f 4659 4690 4660
f 4661 4687 4662
f 4663 4692 4664
f 4665 4679 4666
f 4667 4694 4668
f 4691 4668 4694
f 4683 4696 4690
f 4691 4698 4687
f 4685 4700 4692
f 4693 4702 4679
f 4680 4704 4694
f 4697 4694 4704
f 4705 4684 4709
f 4706 4688 4711
f 4679 4703 4680
f 4707 4708 4718
f 4678 4695 4683
f 4709 4692 4700
f 4699 4690 4696
f 4710 4681 4707
f 4687 4711 4688
f 4677 4712 4689
f 4713 4709 4720
f 4714 4711 4724
f 4702 4716 4703
f 4717 4718 4745
f 4706 4719 4695
f 4720 4700 4728
f 4721 4696 4726
f 4722 4707 4717
f 4698 4724 4711
f 4705 4725 4712
f 4695 4726 4696
f 4697 4723 4698
f 4699 4728 4700
f 4701 4715 4702
f 4703 4730 4704
f 4727 4704 4730
f 4713 4732 4725
f 4719 4734 4726
f 4727 4736 4723
f 4721 4738 4728
f 4729 4740 4715
f 4716 4742 4730
f 4735 4730 4742
f 4731 4720 4746
f 4743 4724 4748
f 4715 4741 4716
f 4744 4745 4754
f 4714 4733 4719
f 4746 4728 4738
f 4737 4726 4734
f 4747 4717 4744
f 4723 4748 4724
f 4749 4746 4756
f 4750 4748 4760
f 4740 4752 4741
f 4753 4754 4783
f 4743 4755 4733
f 4756 4738 4764
f 4757 4734 4762
f 4758 4744 4753
f 4736 4760 4748
f 4731 4761 4732
f 4733 4762 4734
f 4735 4759 4736
f 4737 4764 4738
f 4739 4751 4740
f 4741 4766 4742
f 4763 4742 4766
f 4767 4762 4774
f 4768 4753 4782
f 4759 4770 4760
f 4749 4772 4761
f 4755 4774 4762
f 4763 4769 4759
f 4757 4776 4764
f 4765 4778 4751
f 4752 4780 4766
f 4775 4766 4780
f 4771 4756 4784
f 4781 4760 4770
f 4751 4779 4752
f 4782 4783 4791
f 4750 4773 4755
f 4784 4764 4776
f 4785 4780 4802
f 4786 4784 4793
f 4787 4770 4797
f 4778 4789 4779
f 4790 4791 4819
f 4781 4792 4773
f 4793 4776 4800
f 4794 4774 4799
f 4795 4782 4790
f 4769 4797 4770
f 4771 4798 4772
f 4773 4799 4774
f 4775 4796 4769
f 4767 4800 4776
f 4777 4788 4778
f 4779 4802 4780
f 4803 4799 4810
f 4804 4790 4818
f 4796 4806 4797
f 4786 4808 4798
f 4792 4810 4799
f 4785 4805 4796
f 4794 4812 4800
f 4801 4814 4788
f 4789 4816 4802
f 4811 4802 4816
f 4807 4793 4820
f 4817 4797 4806
f 4788 4815 4789
f 4818 4819 4829
f 4787 4809 4792
f 4820 4800 4812
f 4813 4822 4814
f 4815 4824 4816
f 4825 4816 4824
f 4826 4820 4831
f 4827 4806 4835
f 4814 4823 4815
f 4828 4829 4856
f 4817 4830 4809
f 4831 4812 4838
f 4832 4810 4837
f 4833 4818 4828
f 4805 4835 4806
f 4807 4836 4808
f 4809 4837 4810
f 4811 4834 4805
f 4803 4838 4812
f 4827 4840 4830
f 4841 4838 4850
f 4842 4837 4848
f 4843 4828 4855
f 4834 4845 4835
f 4826 4847 4836
f 4830 4848 4837
f 4825 4844 4834
f 4832 4850 4838
f 4821 4852 4822
f 4823 4854 4824
f 4849 4824 4854
f 4846 4831 4841
f 4839 4835 4845
f 4822 4853 4823
f 4855 4856 4865
f 4851 4858 4852
f 4853 4860 4854
f 4861 4854 4860
f 4862 4841 4867
f 4863 4845 4871
f 4852 4859 4853
f 4864 4865 4876
f 4839 4866 4840
f 4867 4850 4874
f 4868 4848 4873
f 4869 4855 4864
f 4844 4871 4845
f 4846 4872 4847
f 4840 4873 4848
f 4849 4870 4844
f 4842 4874 4850
f 4875 4876 6506
f 4863 4878 4866
f 4879 4874 4888
f 4880 4873 4886
f 4881 4864 4875
f 4870 4883 4871
f 4862 4885 4872
f 4866 4886 4873
f 4861 4882 4870
f 4868 4888 4874
f 4857 4890 4858
f 4859 4892 4860
f 4887 4860 4892
f 4884 4867 4879
f 4877 4871 4883
f 4858 4891 4859
f 4893 4895 6247
f 4896 4898 6098
f 4899 4901 4902
f 4902 4903 4906
f 4904 4906 4903
f 4907 4905 4904
f 4909 4908 4907
f 4910 4911 11547
f 4912 4910 11547
f 4913 4914 4915
f 4913 4916 4948
f 4880 4918 4888
f 4919 4921 4929
f 4922 4924 4939
f 4925 4927 6284
f 4911 4928 4933
f 4929 4918 4953
f 4930 4926 4925
f 4908 4913 4948
f 4920 4932 6286
f 4933 4934 4917
f 4935 4915 4914
f 4937 4923 4922
f 4939 4940 4941
f 4936 4941 4940
f 4919 4943 4932
f 4928 4945 4934
f 4946 4948 4916
f 4942 4929 4952
f 4949 4951 6254
f 4909 4944 4928
f 4952 4953 6281
f 5 50 6
f 1116 1 7
f 1114 7 11
f 1112 11 14
f 1109 14 17
f 1110 17 20
f 1145 20 23
f 1142 23 26
f 1143 26 29
f 1139 29 32
f 1137 37 36
f 1129 39 38
f 1130 38 43
f 1125 43 46
f 54 50 49
f 58 49 55
f 62 55 59
f 107 59 63
f 72 69 68
f 76 68 73
f 4954 73 77
f 67 63 69
f 1140 37 1136
f 175 99 170
f 163 100 166
f 149 84 150
f 154 1471 155
f 101 97 168
f 113 104 115
f 115 4955 117
f 16 94 100
f 157 92 158
f 57 105 109
f 161 91 157
f 155 4956 1470
f 886 89 160
f 106 103 113
f 168 95 173
f 173 96 175
f 61 102 105
f 171 109 177
f 158 93 163
f 45 85 84
f 170 98 171
f 152 83 149
f 160 90 161
f 4957 4959 4976
f 4960 4962 6386
f 4963 4965 5001
f 4966 4968 6566
f 4969 4971 6398
f 4972 4974 5022
f 4975 4976 4982
f 4977 4979 4980
f 4980 4973 4972
f 4981 4982 5036
f 4983 4985 5026
f 4986 4988 4995
f 4989 4991 6404
f 4992 4994 5033
f 4995 4984 4983
f 4967 4997 4968
f 4992 4999 5030
f 5000 5001 6396
f 5002 5004 5012
f 5005 5007 6399
f 5008 5010 6397
f 5011 5012 5014
f 5013 5014 6466
f 5009 5016 5010
f 5017 4964 4963
f 5019 4970 4969
f 5021 5022 6411
f 5023 4980 5024
f 5024 4972 5021
f 5025 5026 6387
f 5027 4995 5032
f 5028 4990 4989
f 5030 4993 4992
f 5032 4983 5025
f 5033 4998 4992
f 5035 4963 5000
f 4981 5005 6399
f 5037 5013 6386
f 5039 5041 5052
f 5042 5044 5067
f 5045 5047 6327
f 5048 5050 6464
f 5051 5052 6114
f 5053 5055 5068
f 5056 5058 6099
f 5059 5061 5092
f 5046 5063 5047
f 5059 5065 5090
f 5066 5067 6288
f 5068 5069 6373
f 5049 5071 5050
f 5057 5073 5058
f 5074 5076 5081
f 5077 5079 6463
f 5080 5081 6465
f 5078 5083 5079
f 5084 5043 5042
f 5086 5049 5048
f 5088 5057 5056
f 5090 5060 5059
f 5092 5064 5059
f 5094 5042 5066
f 5087 5070 5049
f 5089 5072 5057
f 1473 88 1472
f 5097 346 345
f 290 5097 345
f 5099 5101 5113
f 5102 5104 5174
f 5105 5107 5110
f 5108 5103 5102
f 5105 284 283
f 295 3934 3933
f 5111 5106 5105
f 5111 283 282
f 5113 5109 5108
f 295 347 296
f 5115 5117 5140
f 3952 5118 5119
f 3950 5119 5120
f 3948 5120 5121
f 5121 3946 3948
f 313 457 456
f 5123 317 316
f 5124 347 5114
f 308 351 310
f 301 310 305
f 293 305 298
f 298 373 293
f 373 5126 3927
f 285 272 342
f 367 3932 368
f 297 338 5126
f 5128 304 303
f 1474 30 1473
f 5129 47 5130
f 5130 82 5132
f 5131 82 81
f 4956 88 87
f 5133 152 151
f 1462 219 218
f 1463 218 250
f 343 278 1089
f 1089 5135 288
f 5122 3944 3946
f 289 5098 290
f 271 3930 3904
f 1465 945 950
f 1470 5138 891
f 203 5138 159
f 890 219 1468
f 5139 5113 5115
f 1466 945 944
f 148 5140 5117
f 5141 1125 1124
f 5142 1139 1138
f 1200 1170 1169
f 1208 1179 1178
f 1232 1169 1205
f 1240 1178 1211
f 1249 1205 1237
f 1257 1211 1243
f 1283 1237 1254
f 1291 1243 1260
f 1312 1254 1288
f 1303 1260 1294
f 1303 1341 1304
f 1313 1288 1319
f 5143 1330 1319
f 1307 1342 1341
f 1354 1356 1342
f 5144 1380 1330
f 5145 1401 1380
f 1376 1406 1356
f 1437 1383 1441
f 1414 1405 1428
f 1418 1387 1419
f 1406 1455 1403
f 1426 5147 1459
f 1436 1407 1437
f 1446 5146 1436
f 5136 5149 3944
f 1140 32 1474
f 1126 46 5129
f 1470 87 886
f 5134 81 152
f 5150 1073 721
f 5152 5115 5140
f 5153 335 341
f 280 273 272
f 341 3928 5153
f 5154 313 456
f 5155 3935 5179
f 5124 5097 5098
f 351 380 352
f 721 5157 5150
f 5098 5158 5124
f 5159 1071 729
f 729 5160 5159
f 5161 727 726
f 5126 337 3858
f 3927 3858 3903
f 3903 3928 3927
f 5153 3905 3929
f 3929 294 5153
f 5162 289 288
f 5114 3933 5097
f 5164 726 3860
f 3860 5165 5164
f 5166 724 723
f 5167 723 3902
f 3902 5168 5167
f 3932 5169 5168
f 5137 5170 5158
f 5171 5173 5287
f 5137 5163 348
f 1082 139 131
f 3941 5148 5175
f 5175 3939 3941
f 1081 5174 1082
f 5176 3937 3939
f 5177 5179 3937
f 5116 5102 1081
f 5180 5182 5254
f 5179 5183 5155
f 5184 5155 5183
f 5185 5186 5187
f 5187 5188 5190
f 5180 5190 5188
f 5191 5180 5254
f 3857 924 3856
f 5193 5195 5286
f 141 5106 5112
f 134 5107 5106
f 5196 5198 5268
f 5199 133 5104
f 5200 5202 5193
f 5197 5204 5198
f 5205 5207 5210
f 5208 5201 5200
f 5210 5209 5208
f 5211 5212 5216
f 5213 5215 5202
f 5211 5206 5205
f 5201 5213 5202
f 5209 5217 5201
f 5219 5189 5191
f 5188 5181 5180
f 5220 5190 5189
f 5222 5187 5190
f 5224 5104 5103
f 5103 5225 5224
f 5223 5185 5187
f 5226 5155 5185
f 5227 5229 5239
f 5228 5231 5229
f 248 255 5232
f 246 5232 5233
f 250 5233 5234
f 5234 1463 250
f 5235 1464 1463
f 5236 883 1464
f 5238 5239 5250
f 1015 5241 1016
f 720 5240 1015
f 243 5244 245
f 240 5245 241
f 241 5243 243
f 245 5242 720
f 5231 5246 5247
f 5247 5248 258
f 258 5249 259
f 5250 5221 5238
f 5251 5181 5221
f 5252 5182 5181
f 146 5140 147
f 5254 5255 5281
f 5202 5194 5193
f 5256 5197 5196
f 5258 5193 5286
f 5257 5203 5197
f 5259 5210 5261
f 5260 5200 5258
f 5261 5208 5260
f 5262 5203 5211
f 5262 5205 5259
f 5207 5218 5209
f 5264 5109 5101
f 5265 5101 5100
f 5266 5265 5100
f 5266 350 349
f 5196 5269 5282
f 5206 5263 5207
f 5216 5270 5206
f 5216 5272 5271
f 5273 5214 5213
f 5212 5275 5272
f 5276 5272 5275
f 5255 5253 5278
f 1004 244 1005
f 1005 719 1017
f 264 5277 261
f 240 5277 259
f 5247 257 263
f 1017 1018 1097
f 5239 859 858
f 5229 861 859
f 5250 858 866
f 5231 263 861
f 5278 877 876
f 5253 898 877
f 1055 5279 1056
f 1097 1014 1055
f 5251 898 5252
f 5251 866 1465
f 876 734 925
f 5270 1085 5263
f 148 1080 151
f 151 5280 5133
f 5113 5116 5115
f 133 5174 5104
f 5191 5281 5313
f 5173 5282 5269
f 349 5163 5265
f 5168 5268 5167
f 5268 5166 5167
f 5264 5163 5162
f 5162 5225 5264
f 5198 5165 5166
f 5204 5164 5165
f 5135 5162 288
f 5262 5161 5164
f 5283 5224 5225
f 5160 5259 5261
f 5135 5284 5283
f 5285 277 276
f 5110 276 284
f 5285 5224 5284
f 5199 5110 5107
f 5159 5261 5260
f 5157 5260 5258
f 5258 5150 5157
f 5286 5151 5150
f 5287 5169 5347
f 5149 3940 3942
f 5288 5290 5293
f 5291 5293 955
f 964 5292 5291
f 5295 5294 5297
f 5296 5297 5299
f 5298 5299 5301
f 5300 5301 5302
f 1049 5302 5305
f 1032 5304 5305
f 5297 964 963
f 5293 956 955
f 5302 967 968
f 5305 968 1032
f 1099 955 1066
f 5299 963 966
f 5301 966 967
f 965 5291 1099
f 954 5303 1032
f 5169 5269 5168
f 5306 5308 5310
f 5196 5306 5256
f 5307 5282 5172
f 5171 5307 5172
f 5306 5311 5256
f 5311 5257 5256
f 5263 1086 5218
f 5218 1088 5217
f 5217 5273 5213
f 5271 1083 5270
f 5271 5192 3857
f 902 5274 5273
f 925 5192 5276
f 5313 5314 5345
f 5315 5317 5320
f 5276 5311 5319
f 5316 5318 5317
f 5276 5255 5278
f 5266 5315 5267
f 5099 5266 5100
f 5319 5281 5255
f 925 5278 876
f 5310 5319 5311
f 5117 1081 1080
f 5314 5308 5345
f 5320 883 5237
f 884 5317 5318
f 5318 892 884
f 5321 893 892
f 153 5322 5323
f 5323 154 153
f 79 5324 5325
f 5325 80 79
f 33 5326 5327
f 36 5327 5338
f 5186 5221 5188
f 5186 5227 5238
f 5184 5228 5227
f 5230 5183 5178
f 5246 5178 5177
f 5248 5177 5176
f 5249 5176 5175
f 1428 1389 1429
f 1384 5328 5147
f 1365 5329 5328
f 5330 1348 1309
f 5331 1309 1308
f 1308 5332 5331
f 1279 5333 5332
f 1271 5334 5333
f 1228 5335 5334
f 1195 5336 5335
f 5337 1152 6777
f 5338 1137 36
f 5175 262 5249
f 5245 5148 5136
f 5243 5136 5122
f 5244 5122 5121
f 5121 5242 5244
f 5120 5240 5242
f 5119 5241 5240
f 1404 5340 1398
f 5147 1381 1402
f 1363 5146 5145
f 5321 5099 5139
f 5139 5322 5321
f 5323 5152 146
f 146 5324 5323
f 5280 131 125
f 5133 125 895
f 5134 895 117
f 5341 5340 1423
f 1432 1427 1447
f 5341 1415 1427
f 1423 1416 1415
f 1417 1453 1416
f 1430 1454 1453
f 1460 1444 1443
f 1443 1450 1460
f 1440 1456 1413
f 1435 1413 1412
f 1445 1412 1408
f 1408 1449 1445
f 1425 1438 1449
f 1421 1458 1422
f 5328 1333 1381
f 5342 5329 5330
f 5330 1277 5342
f 1269 5331 5332
f 5332 1226 1269
f 5333 1193 1226
f 1147 5334 5335
f 1148 5335 5336
f 1131 5336 5337
f 39 5339 5338
f 5338 40 39
f 5327 42 40
f 85 5326 5325
f 5325 86 85
f 5131 117 4955
f 4955 5132 5131
f 5130 75 4954
f 5129 4954 77
f 77 1126 5129
f 1118 1171 6776
f 1206 1190 1189
f 1238 1189 1218
f 1218 1255 1238
f 1289 1224 1267
f 1267 1320 1289
f 1275 5143 1320
f 5144 1305 1352
f 1352 5145 5144
f 5313 5219 5191
f 5307 5344 5308
f 5345 5344 5346
f 5345 5343 5313
f 5347 5127 5349
f 5348 5127 367
f 5350 406 5355
f 486 378 446
f 3901 439 438
f 404 447 446
f 448 5351 5360
f 459 5348 5350
f 505 503 502
f 492 503 494
f 505 5353 683
f 3863 375 374
f 3898 438 728
f 440 3861 3863
f 403 3899 3898
f 5348 402 5350
f 413 5354 454
f 509 454 453
f 453 410 509
f 408 451 450
f 5355 450 460
f 5350 460 459
f 5347 5125 5124
f 5348 5125 5349
f 5124 5287 5347
f 5158 5171 5287
f 5170 5309 5171
f 350 5344 5309
f 5267 5346 5344
f 5343 5315 5320
f 5320 5219 5343
f 377 405 378
f 446 405 404
f 447 5356 5351
f 5154 455 404
f 5354 520 479
f 462 5358 463
f 5359 5351 5356
f 466 452 462
f 5360 449 465
f 5351 485 5360
f 465 512 466
f 5354 5358 454
f 5357 539 520
f 5361 546 539
f 5362 565 546
f 5363 582 565
f 5364 611 582
f 5365 619 611
f 5366 641 619
f 5367 661 641
f 5368 673 661
f 5369 697 673
f 707 716 697
f 5352 458 5359
f 5125 316 347
f 5125 5359 5123
f 5356 5123 5359
f 708 716 704
f 701 717 716
f 717 714 713
f 700 711 717
f 715 712 711
f 678 707 5369
f 5369 666 678
f 5368 646 666
f 5367 624 646
f 5366 593 624
f 587 5365 5364
f 5364 570 587
f 5363 551 570
f 5362 540 551
f 5361 417 540
f 415 5357 5354
f 5220 5237 5236
f 5222 5236 5235
f 5223 5235 5234
f 5226 5234 5233
f 5156 5233 5232
f 3935 5232 255
f 255 3936 3935
f 254 3938 3936
f 252 3940 3938
f 3942 256 232
f 232 3943 3942
f 235 3945 3943
f 230 3947 3945
f 1054 3949 3947
f 236 3951 3949
f 237 3953 3951
f 985 1101 993
f 987 952 951
f 989 5371 990
f 983 995 987
f 1036 994 982
f 1065 996 989
f 993 1059 1065
f 942 1037 5432
f 1037 1095 5432
f 5372 869 868
f 1051 979 5372
f 1021 5374 1008
f 5375 1023 5378
f 5376 5378 1023
f 5377 5380 5378
f 5373 5382 5374
f 5383 5378 5380
f 5379 5385 5380
f 5381 5387 5382
f 5388 5380 5385
f 5303 5390 5304
f 1050 5392 1051
f 1030 5394 1031
f 5389 1031 5394
f 1030 1467 5393
f 1093 1051 5392
f 862 5382 5387
f 5374 871 264
f 5384 5395 5741
f 5376 5396 5377
f 5396 5379 5377
f 264 1008 5374
f 860 5387 5415
f 5397 860 5415
f 5398 942 5431
f 5399 1093 5424
f 5401 5397 5414
f 5402 5404 5721
f 5405 1466 5735
f 5406 5394 5736
f 5407 5409 5725
f 5410 5412 5604
f 5413 5385 5737
f 5414 5415 5738
f 5416 5418 5422
f 5419 5421 5425
f 5422 5423 5726
f 5424 5392 5739
f 5425 5426 5723
f 5427 5408 5407
f 5429 5403 5402
f 5431 5432 5740
f 5433 5435 5722
f 5436 5438 5729
f 5439 5423 5447
f 5441 5435 5462
f 5442 5409 5468
f 5411 5445 5412
f 5418 5447 5423
f 5448 5443 5442
f 5430 5450 5403
f 5420 5451 5421
f 5428 5453 5408
f 5454 5404 5461
f 5456 5458 5459
f 5459 5438 5465
f 5421 5460 5426
f 5403 5461 5404
f 5434 5462 5435
f 5417 5446 5418
f 5437 5465 5438
f 5466 5455 5454
f 5408 5468 5409
f 5444 5426 5460
f 5463 5470 5446
f 5464 5472 5465
f 5473 5454 5487
f 5453 5475 5468
f 5476 5460 5490
f 5477 5447 5481
f 5478 5462 5492
f 5479 5468 5475
f 5444 5480 5445
f 5446 5481 5447
f 5482 5442 5479
f 5449 5484 5450
f 5441 5485 5451
f 5452 5474 5453
f 5487 5461 5491
f 5488 5459 5489
f 5489 5465 5472
f 5451 5490 5460
f 5450 5491 5461
f 5448 5492 5462
f 5493 5495 5511
f 5496 5498 5640
f 5499 5501 5648
f 5502 5504 5611
f 5505 5507 5516
f 5508 5510 5642
f 5511 5512 5599
f 5513 5515 5605
f 5516 5517 5597
f 5518 5500 5499
f 5520 5497 5496
f 5522 5512 5705
f 5524 5523 5522
f 5525 5501 5707
f 5527 5529 5530
f 5530 5510 5710
f 5531 5526 5525
f 5533 5498 5712
f 5534 5517 5713
f 5536 5504 5714
f 5537 5539 5556
f 5540 5542 5575
f 5543 5545 5559
f 5538 5546 5653
f 5547 5549 5651
f 5550 5552 5558
f 5553 5555 5568
f 5556 5557 5608
f 5558 5559 5545
f 5560 5562 5644
f 5563 5554 5553
f 5565 5567 5582
f 5548 5568 5555
f 5554 5570 5555
f 5564 5569 5554
f 5544 5573 5545
f 5574 5575 5591
f 5540 5576 5588
f 5577 5556 5607
f 5578 5558 5606
f 5561 5580 5562
f 5581 5583 5589
f 5584 5549 5609
f 5562 5586 5592
f 5537 5587 5546
f 5588 5589 5583
f 5585 5590 5608
f 5591 5592 5586
f 5593 5572 5544
f 5595 5555 5570
f 5596 5582 5581
f 5505 5470 5469
f 5516 5481 5470
f 5477 5597 5598
f 5486 5598 5493
f 5493 5474 5486
f 5511 5475 5474
f 5479 5599 5610
f 5292 5288 5293
f 5294 958 5292
f 1038 1026 1039
f 1038 1021 1019
f 1039 1069 1042
f 1060 5600 1061
f 5305 1050 1049
f 1006 1070 1069
f 1044 1104 1096
f 1096 1070 1098
f 960 5289 5288
f 1012 961 5295
f 875 5295 5296
f 5602 5296 5298
f 868 5298 5300
f 5372 5300 1049
f 1040 5373 1021
f 5375 5381 5373
f 5383 5386 5381
f 5304 5391 1050
f 5603 5428 5427
f 5604 5437 5436
f 5440 5452 5428
f 5412 5464 5437
f 5445 5471 5464
f 5439 5486 5452
f 5598 5494 5493
f 5605 5509 5508
f 5579 5546 5587
f 5606 5545 5573
f 5607 5608 5590
f 5548 5609 5549
f 5482 5610 5502
f 5502 5492 5482
f 5533 5613 5639
f 5614 5616 5713
f 5617 5619 5627
f 5536 5621 5625
f 5622 5624 5636
f 5625 5626 5712
f 5627 5628 5707
f 5524 5630 5714
f 5631 5615 5614
f 5633 5635 5710
f 5636 5637 5705
f 5534 5623 5622
f 5639 5634 5633
f 5521 5611 5504
f 5478 5611 5520
f 5520 5485 5478
f 5496 5490 5485
f 5476 5640 5513
f 5513 5480 5476
f 5529 5642 5510
f 5471 5605 5508
f 5582 5643 5583
f 5644 5592 5655
f 5514 5640 5498
f 5645 5544 5543
f 5503 5610 5523
f 5528 5641 5529
f 5508 5472 5471
f 5526 5648 5501
f 5489 5642 5641
f 5535 5597 5517
f 5523 5599 5512
f 5488 5641 5646
f 5532 5647 5526
f 5518 5484 5483
f 5499 5491 5484
f 5487 5648 5647
f 5473 5647 5649
f 5585 5651 5549
f 5541 5588 5652
f 5652 5583 5643
f 5561 5653 5546
f 5652 5654 5656
f 5575 5655 5592
f 5541 5656 5657
f 5657 5542 5541
f 5658 5655 5542
f 5644 5659 5660
f 5560 5660 5661
f 5661 5653 5560
f 5538 5662 5663
f 5663 5539 5538
f 5664 5557 5539
f 5650 5665 5666
f 5650 5608 5557
f 5666 5651 5650
f 5547 5667 5668
f 5668 5568 5547
f 5553 5669 5670
f 5563 5670 5700
f 5671 5552 5551
f 5672 5559 5552
f 5543 5673 5674
f 5645 5674 5699
f 5675 5567 5566
f 5676 5643 5567
f 5677 5669 5668
f 5679 5654 5676
f 5594 5632 5711
f 5681 5668 5667
f 5682 5667 5666
f 5594 5565 5596
f 5683 5684 5688
f 5685 5684 5695
f 5675 5645 5699
f 5687 5688 5690
f 5689 5690 5698
f 5691 5661 5698
f 5690 5692 5693
f 5593 5566 5565
f 5688 5686 5692
f 5693 5694 5702
f 5695 5680 5679
f 5656 5680 5683
f 5657 5683 5687
f 5658 5687 5689
f 5694 5678 5677
f 5697 5686 5685
f 5698 5693 5691
f 5699 5695 5679
f 5674 5685 5695
f 5692 5696 5694
f 5689 5659 5658
f 5700 5701 5671
f 5697 5673 5672
f 5701 5696 5697
f 5691 5702 5703
f 5670 5678 5701
f 5703 5681 5682
f 5702 5677 5681
f 5703 5662 5691
f 5698 5660 5689
f 5666 5664 5682
f 5682 5663 5703
f 5704 5705 5637
f 5629 5522 5704
f 5706 5707 5628
f 5708 5530 5709
f 5709 5710 5635
f 5711 5525 5706
f 5612 5712 5626
f 5638 5713 5616
f 5620 5714 5630
f 5514 5639 5515
f 5507 5713 5517
f 5519 5627 5500
f 5521 5625 5497
f 5494 5636 5495
f 5497 5712 5498
f 5500 5707 5501
f 5503 5714 5504
f 5506 5614 5507
f 5509 5710 5510
f 5495 5705 5512
f 5535 5622 5494
f 5515 5633 5509
f 5638 5589 5576
f 5623 5576 5574
f 5574 5624 5623
f 5591 5637 5624
f 5704 5586 5580
f 5629 5580 5579
f 5579 5630 5629
f 5620 5587 5577
f 5577 5621 5620
f 5607 5626 5621
f 5612 5590 5584
f 5584 5613 5612
f 5634 5609 5595
f 5595 5635 5634
f 5709 5570 5569
f 5708 5569 5571
f 5578 5619 5618
f 5606 5628 5619
f 5706 5573 5572
f 5711 5572 5594
f 5596 5615 5632
f 5581 5616 5615
f 5467 5716 5455
f 5457 5718 5458
f 5434 5719 5443
f 5720 5721 5740
f 5420 5722 5435
f 5411 5723 5426
f 5473 5505 5469
f 5724 5725 5738
f 5406 5604 5734
f 5440 5726 5423
f 5443 5725 5409
f 5727 5422 5728
f 5405 5425 5730
f 5728 5726 5737
f 5649 5506 5505
f 5458 5729 5438
f 5730 5723 5736
f 5731 5407 5724
f 5732 5402 5720
f 5455 5721 5404
f 5401 5722 5735
f 5733 5729 5739
f 5413 5427 5731
f 5734 5436 5733
f 5715 5431 5716
f 5717 5424 5718
f 5433 5414 5719
f 5419 5735 5722
f 5410 5736 5723
f 5603 5737 5726
f 5719 5738 5725
f 5718 5739 5729
f 5716 5740 5721
f 5671 5563 5700
f 1095 5740 5432
f 5631 5532 5531
f 5387 5738 5415
f 5389 5734 5390
f 5741 5728 5384
f 1467 5730 5393
f 5384 5737 5385
f 5631 5711 5632
f 5393 5736 5394
f 5386 5724 5387
f 1094 5720 1095
f 944 5735 1466
f 5391 5739 5392
f 5388 5731 5386
f 5390 5733 5391
f 5701 5672 5671
f 5699 5676 5675
f 5564 5551 5550
f 5571 5550 5578
f 5578 5708 5571
f 5527 5618 5617
f 5617 5528 5527
f 5646 5519 5518
f 5488 5518 5483
f 5456 5483 5449
f 5449 5457 5456
f 5717 5430 5429
f 5399 5429 5732
f 5732 5400 5399
f 1094 1034 5400
f 980 1035 981
f 981 975 980
f 991 970 975
f 5469 5466 5473
f 5467 5463 5417
f 5715 5417 5416
f 5398 5416 5727
f 5727 943 5398
f 941 5741 5395
f 853 5395 5396
f 854 5396 865
f 857 865 864
f 850 864 872
f 851 872 265
f 845 265 1011
f 846 1011 1010
f 848 1010 1048
f 947 1048 1047
f 986 971 970
f 984 977 971
f 992 978 977
f 1057 1103 1064
f 1064 973 1057
f 988 974 973
f 5743 5745 5003
f 5004 5745 5750
f 5746 5748 6403
f 5749 5745 5768
f 5747 5751 5760
f 5752 5754 6400
f 5753 5755 5763
f 5756 5758 6383
f 5759 5760 6435
f 5753 5762 5754
f 5761 5763 6112
f 5757 5765 5758
f 5747 5766 5748
f 5767 5768 6567
f 5769 5771 6427
f 5772 5774 6101
f 5775 5777 6462
f 5778 5780 4894
f 5781 5780 5779
f 5783 5785 5803
f 5786 5788 5789
f 5789 5791 5786
f 5792 5794 5795
f 5795 5797 5792
f 5798 5800 6461
f 5770 5796 5795
f 5795 5771 5770
f 5776 5790 5789
f 5789 5777 5776
f 5803 5774 5773
f 5804 5782 5781
f 5806 5805 5804
f 5808 5799 5798
f 5807 5811 5805
f 5805 5812 5782
f 5770 5813 5801
f 5808 5815 5809
f 5776 5816 5802
f 5817 5819 6243
f 5820 5822 5836
f 5823 5825 5838
f 5826 5828 6415
f 5827 5829 5843
f 5830 5832 6126
f 5833 4894 4893
f 5824 5834 6416
f 5835 5836 6116
f 5837 5838 6113
f 5782 5839 5780
f 5054 5840 6097
f 5827 5842 5828
f 5841 5843 6118
f 5831 5845 5832
f 5823 5846 5834
f 5847 5849 5860
f 5850 5852 5872
f 5853 5855 6109
f 5856 5858 6456
f 5859 5860 6129
f 5861 5863 6570
f 5864 5866 5895
f 5854 5868 5855
f 5864 5870 5893
f 5871 5872 6454
f 5857 5874 5858
f 5862 5876 5863
f 5877 5879 5884
f 5880 5882 6455
f 5883 5884 6457
f 5881 5886 5882
f 5887 5851 5850
f 5889 5857 5856
f 5891 5862 5861
f 5893 5865 5864
f 5895 5869 5864
f 5897 5850 5871
f 5890 5873 5857
f 5892 5875 5862
f 5900 5902 6124
f 5903 5905 6502
f 5906 5908 6443
f 5909 5911 5929
f 5912 5914 5915
f 5915 5917 5912
f 5918 5920 5921
f 5921 5923 5918
f 5924 5926 6467
f 5901 5922 5921
f 5921 5902 5901
f 5907 5916 5915
f 5915 5908 5907
f 5929 5905 5904
f 5930 5925 5924
f 5901 5932 5927
f 5930 5934 5931
f 5907 5935 5928
f 5936 5938 5951
f 5939 5941 5953
f 5942 5944 6470
f 5943 5945 5956
f 5946 5948 6439
f 5940 5949 6460
f 5950 5951 6568
f 5952 5953 6121
f 5943 5955 5944
f 5954 5956 6119
f 5947 5958 5948
f 5939 5959 5949
f 5960 5962 5973
f 5963 5965 5985
f 5966 5968 6569
f 5969 5971 6332
f 5972 5973 6495
f 5974 5976 6571
f 5977 5979 6008
f 5967 5981 5968
f 5977 5983 6006
f 5984 5985 6319
f 5970 5987 5971
f 5975 5989 5976
f 5990 5992 5997
f 5993 5995 6331
f 5996 5997 6333
f 5994 5999 5995
f 6000 5964 5963
f 6002 5970 5969
f 6004 5975 5974
f 6006 5978 5977
f 6008 5982 5977
f 6010 5963 5984
f 6003 5986 5970
f 6005 5988 5975
f 6013 6015 6481
f 6016 6018 6494
f 6019 6021 6329
f 6022 6024 6042
f 6025 6027 6028
f 6028 6030 6025
f 6031 6033 6034
f 6034 6036 6031
f 6037 6039 6330
f 6014 6035 6034
f 6034 6015 6014
f 6020 6029 6028
f 6028 6021 6020
f 6042 6018 6017
f 6043 6038 6037
f 6014 6045 6040
f 6043 6047 6044
f 6020 6048 6041
f 6049 6051 6064
f 6052 6054 6066
f 6055 6057 6472
f 6056 6058 6069
f 6059 6061 6476
f 6053 6062 6471
f 6063 6064 6572
f 6065 6066 6120
f 6056 6068 6057
f 6067 6069 6122
f 6060 6071 6061
f 6052 6072 6062
f 6073 6075 6090
f 6075 6076 6744
f 5047 6077 6328
f 6078 6080 6076
f 6081 6083 6089
f 6084 6086 6093
f 6087 6089 6083
f 6088 6090 6075
f 6085 6091 6314
f 6092 6093 6742
f 6088 6095 6089
f 6094 6075 6744
f 6084 6096 6091
f 6097 6098 4898
f 6099 6100 6421
f 6101 6103 5080
f 6018 6104 6479
f 5083 6106 6288
f 6101 6107 6102
f 5911 6108 6440
f 6109 6110 6446
f 5836 6111 6117
f 5761 5846 5837
f 5837 5762 5761
f 6114 6115 6103
f 6116 6117 6429
f 5841 5959 5952
f 5954 6072 6065
f 6065 5955 5954
f 5952 5842 5841
f 6122 6096 6092
f 6067 6092 6742
f 5092 6123 6422
f 6124 6125 6459
f 6126 6127 5784
f 5075 6115 6426
f 5781 6128 6746
f 6129 6130 6444
f 6131 5839 5812
f 6133 6135 6138
f 4947 6136 6163
f 4903 6138 6135
f 6139 6141 6147
f 6142 6132 6131
f 4905 4948 4947
f 6144 6146 6341
f 4906 4947 6163
f 6145 6147 6141
f 6148 6145 6141
f 6149 6146 6145
f 6148 4943 4942
f 6152 6154 6246
f 4904 4944 4907
f 5819 6157 6376
f 6155 4945 4944
f 6159 6161 6289
f 6160 6162 6433
f 6163 6153 6229
f 6164 6166 6168
f 6167 6168 6188
f 6169 6171 6210
f 6172 6161 6323
f 6174 6173 6172
f 6176 6175 6174
f 6176 6179 6177
f 6179 6180 6351
f 6180 6182 6351
f 6183 6185 6308
f 6186 6184 6183
f 6188 6190 6167
f 6189 6192 6190
f 6191 6194 6192
f 6195 6182 6181
f 6196 6197 6202
f 5083 6077 6105
f 5794 6198 6417
f 5838 6199 6414
f 5778 6200 6256
f 6201 6193 6211
f 6187 6197 6203
f 6203 6184 6187
f 6204 6185 6184
f 6206 6208 6227
f 6209 6185 6205
f 6169 6209 6165
f 6201 6212 6214
f 6213 6212 6215
f 6215 6217 6213
f 6218 6216 6741
f 6219 6218 6741
f 6221 6219 6222
f 6222 6224 6221
f 6225 6142 6131
f 6226 6208 6225
f 6152 6229 6153
f 6230 5839 6132
f 6231 5781 6746
f 6232 6223 6740
f 6233 6232 6740
f 4950 6156 4951
f 6235 5804 6231
f 6233 6237 6234
f 6238 6240 6253
f 5811 6131 5812
f 5810 6225 5811
f 6241 6162 6159
f 6243 6245 6251
f 6246 4895 6230
f 4930 6238 6280
f 6248 6250 6260
f 5817 6251 6285
f 6152 6230 6252
f 6252 6132 6143
f 6253 6254 4951
f 6255 4951 6293
f 5778 6128 5779
f 6257 5833 6258
f 6257 6259 6282
f 6258 6260 6259
f 6261 4940 4924
f 6263 4923 4938
f 6264 4924 4923
f 6265 6267 6311
f 6268 6270 6271
f 6271 6207 6272
f 6272 6206 6305
f 6273 4915 4936
f 6274 6250 6276
f 6154 6250 6249
f 6277 6262 6261
f 6278 6264 6263
f 6279 6261 6264
f 6274 4916 6273
f 4936 6262 6273
f 6280 6253 6255
f 4902 6163 6229
f 6273 6275 6274
f 6259 6277 6279
f 4952 6150 6149
f 6282 6279 6278
f 6249 6246 6154
f 4899 6229 6228
f 6249 4893 6247
f 6283 6228 6301
f 6260 6275 6277
f 4903 6155 4904
f 6141 6151 6148
f 4925 6239 6238
f 4942 6149 6148
f 6135 6158 6155
f 6276 4946 6274
f 5054 6285 6242
f 6097 5817 6285
f 6284 6286 4932
f 4953 4917 4934
f 4898 5818 5817
f 6287 6165 6164
f 5066 6106 6424
f 6159 6290 6241
f 6291 6164 6167
f 6292 4897 6294
f 6293 6294 6295
f 6255 6295 6299
f 4518 6297 4519
f 4518 6298 6296
f 4521 4549 6298
f 6156 6293 4951
f 5819 6292 6156
f 6299 6280 6255
f 6252 6228 6152
f 6291 6302 6287
f 6153 6276 6154
f 6258 4893 6248
f 6237 6303 6310
f 6304 6206 6306
f 6143 6301 6252
f 6306 6227 6359
f 6208 6270 6142
f 6170 6271 6171
f 6307 6167 6190
f 6271 6308 6171
f 6287 6170 6169
f 6307 4903 4901
f 6183 6272 6305
f 6268 6301 6269
f 6186 6305 6304
f 6309 6303 6321
f 6300 4930 6280
f 6251 6242 6285
f 6162 6245 6433
f 6190 6137 6307
f 6270 6143 6142
f 6312 6314 6091
f 6091 6315 6312
f 5825 6198 6199
f 6316 6074 6073
f 6008 6318 6491
f 6319 6320 6488
f 5095 6100 6420
f 6321 6323 6309
f 6324 6323 6322
f 6192 6138 6137
f 6133 6194 6201
f 6308 6210 6171
f 6049 6122 6069
f 6133 6214 6341
f 6174 6324 6325
f 6325 6176 6174
f 6327 6328 6425
f 4900 6307 4901
f 4894 5839 4895
f 5980 6006 5983
f 6007 5967 5966
f 5961 6005 6004
f 6012 5960 5972
f 5987 6016 6333
f 6046 6040 6045
f 6043 6035 6040
f 6037 6036 6035
f 6330 6051 6050
f 5995 6319 5985
f 6331 5985 5965
f 6332 5997 5992
f 6333 5971 5987
f 6019 5987 5986
f 5986 6048 6019
f 6334 6048 6011
f 6329 6017 6016
f 6021 6042 6017
f 6027 6022 6042
f 6330 6058 6036
f 6031 6058 6055
f 6050 6069 6058
f 6187 6336 6202
f 4897 6337 6294
f 6294 6338 6295
f 6295 6339 6299
f 6299 6340 6300
f 6300 6265 6311
f 4900 6283 6302
f 6302 6268 6170
f 6144 6214 6213
f 6213 6147 6144
f 6139 6217 6218
f 6220 6139 6218
f 6326 6178 6176
f 6180 6342 6343
f 6343 6181 6180
f 6344 6195 6181
f 4950 6220 6221
f 6221 6157 4950
f 6346 6175 6348
f 6177 6348 6175
f 6347 6179 6352
f 6349 6196 6353
f 6350 6182 6349
f 6351 6352 6179
f 6353 6202 6336
f 6289 6173 6346
f 6354 5806 6358
f 5069 6355 6374
f 6356 5810 6357
f 5807 6357 5810
f 6358 6235 6372
f 6290 6346 6355
f 6359 6226 6356
f 6360 6362 6368
f 6363 6365 6369
f 6366 6353 6368
f 6367 6352 6369
f 6363 6349 6366
f 5069 6241 6290
f 6336 6368 6353
f 6350 6369 6352
f 6370 6368 6362
f 6364 6366 6370
f 6347 6371 6348
f 6356 6362 6361
f 6242 5055 5054
f 6304 6336 6186
f 6356 6306 6359
f 6346 6371 6355
f 6304 6361 6360
f 6358 6365 6364
f 6354 6364 6370
f 6373 6374 6375
f 6373 6372 6235
f 6370 6357 6354
f 6243 6376 6244
f 6376 6224 6232
f 6376 6234 6244
f 6345 6197 6195
f 6203 6377 6430
f 6066 6378 6498
f 5034 6379 6395
f 5033 6380 6379
f 6381 5758 5765
f 6382 6383 5758
f 5755 5004 5750
f 4986 5755 5752
f 6384 5003 5002
f 6385 5002 5011
f 6385 5036 4982
f 4960 5013 6466
f 6387 4960 6466
f 6388 6386 4962
f 6389 5009 5008
f 6390 5015 5009
f 6392 4997 4996
f 6393 4999 4998
f 6393 5035 5000
f 6392 4999 6394
f 5010 6396 5001
f 6397 5001 4965
f 6398 6399 5007
f 4990 6387 5026
f 5026 4991 4990
f 4975 4974 4973
f 4973 4957 4975
f 4979 4958 4957
f 5752 4987 4986
f 6401 4987 6400
f 6403 5757 5756
f 5764 5748 5766
f 6404 6405 6412
f 6406 5754 5762
f 6407 6400 5754
f 4977 5751 5746
f 5746 4978 4977
f 6408 5023 5024
f 6409 5024 5021
f 6410 5021 6411
f 6410 4991 4985
f 4970 6411 5022
f 6412 5020 5019
f 6379 5018 5017
f 6395 5017 5035
f 6411 6405 6410
f 4985 6409 6410
f 6413 5828 5842
f 6414 6415 5828
f 5824 5787 5786
f 6417 5791 5790
f 6418 5790 5802
f 6419 5802 5816
f 5051 5815 5814
f 6420 5058 5073
f 6421 5087 5086
f 6422 5085 5084
f 6423 5084 5094
f 6424 5094 5066
f 6424 5065 5064
f 5062 5090 5065
f 5079 6288 5067
f 6105 5065 6106
f 6105 5063 5062
f 6328 5082 5078
f 6425 5078 5077
f 6426 5052 5041
f 6103 5074 5080
f 5813 5051 5814
f 5072 5813 5769
f 5769 5073 5072
f 6102 5809 5815
f 6107 5799 5809
f 6428 5800 5799
f 5786 5825 5824
f 6199 5793 6415
f 5826 5793 5792
f 6117 6126 5832
f 6429 5832 5845
f 4984 6408 6409
f 4988 6402 6408
f 5760 6401 6407
f 6430 6204 6203
f 6431 6205 6204
f 6234 6245 6244
f 6433 6237 6310
f 6140 4949 6254
f 6151 6254 6240
f 6240 4943 6151
f 4932 6239 6284
f 4934 6281 4953
f 6150 4945 6158
f 6158 6146 6150
f 6134 6341 6146
f 6160 6310 6309
f 6309 6161 6160
f 6432 6209 6205
f 6165 6434 6166
f 6435 6407 6406
f 5751 6402 6401
f 5016 6394 6396
f 6436 5948 5958
f 6437 6439 5948
f 5946 5910 5909
f 6440 5926 5925
f 6441 5925 5931
f 6442 5931 5934
f 5874 5903 6457
f 6444 5877 5883
f 6445 5860 5849
f 6446 5881 5880
f 6110 5885 5881
f 6448 5868 5867
f 6449 5870 5869
f 6449 5897 5871
f 6451 5887 5897
f 6452 5888 5887
f 6450 5886 6448
f 5882 6454 5872
f 6455 5872 5852
f 6456 5884 5879
f 6457 5858 5874
f 5906 5874 5873
f 5873 5935 5906
f 6458 5935 5898
f 6443 5904 5903
f 5908 5929 5904
f 5914 5909 5929
f 5913 5946 5909
f 5940 5913 5912
f 5912 5941 5940
f 5947 6460 5949
f 5949 5957 5947
f 5835 5959 6118
f 5820 6118 5843
f 5821 5843 5829
f 5792 5829 5826
f 5829 6461 5821
f 6461 5822 5821
f 5798 5797 5796
f 5808 5796 5801
f 5814 5801 5813
f 6419 5095 6420
f 5070 5816 5775
f 5775 5071 5070
f 5096 5039 5051
f 5040 5089 5088
f 5091 5046 5045
f 6463 5067 5044
f 6464 5081 5076
f 6465 5050 5071
f 5071 5772 6465
f 5772 5080 6465
f 6102 6114 6103
f 6462 5773 5772
f 5777 5803 5773
f 5788 5783 5803
f 5787 5830 5783
f 5830 5784 5783
f 6111 5800 6127
f 5831 6416 5834
f 5834 5844 5831
f 5767 5846 6112
f 6112 5749 5767
f 5750 5763 5755
f 6403 4958 4978
f 5756 4959 4958
f 5012 5027 5032
f 5014 5032 5025
f 5025 6466 5014
f 5022 4971 4970
f 4974 6399 4971
f 4961 5029 5028
f 5031 4967 4966
f 4996 5030 4999
f 5867 5893 5870
f 5894 5854 5853
f 5848 5892 5891
f 5899 5847 5859
f 5900 5876 5875
f 5875 5932 5900
f 5859 5932 5899
f 5933 5927 5932
f 5930 5922 5927
f 5924 5923 5922
f 6468 5941 5917
f 5942 5919 5918
f 5918 5945 5942
f 5937 5956 5945
f 5936 6119 5956
f 6072 5950 6070
f 6062 6070 6060
f 6060 6471 6062
f 6055 6032 6031
f 6473 6061 6071
f 6474 6476 6061
f 6477 6054 6030
f 6025 6054 6053
f 6053 6026 6025
f 6104 6039 6038
f 6479 6038 6044
f 6480 6044 6047
f 6013 5989 5988
f 5988 6045 6013
f 6012 6046 6045
f 6482 5990 5996
f 6484 5973 5962
f 6485 5994 5993
f 6486 5998 5994
f 6320 5981 5980
f 6488 5980 5983
f 6489 5983 5982
f 6489 6010 5984
f 6490 6000 6010
f 6491 6001 6000
f 6492 6003 6002
f 6334 5976 5989
f 6016 5996 6333
f 5972 6047 6046
f 6482 6494 6480
f 6335 6041 6048
f 6496 6029 6041
f 6497 6030 6029
f 6022 6471 6059
f 6059 6023 6022
f 6478 6476 6475
f 6498 6472 6057
f 6499 6057 6068
f 6500 5890 5889
f 6458 5863 5876
f 5859 5934 5933
f 5903 5883 6457
f 6444 6502 6442
f 6459 5928 5935
f 6125 5916 5928
f 6503 5917 5916
f 5923 5937 5945
f 6467 5938 5937
f 6108 6439 6438
f 6504 6470 5944
f 6505 5944 5955
f 4998 6395 6393
f 5000 6394 6393
f 6506 4872 4885
f 6507 6509 6747
f 6510 6508 6512
f 4847 4876 4865
f 4836 4865 4856
f 4808 4856 4829
f 6511 6512 6514
f 6513 6514 6516
f 4798 4829 4819
f 6515 6516 6517
f 6517 6519 6515
f 4772 4819 4791
f 4761 4791 4783
f 6520 6518 6521
f 6521 6523 6520
f 4732 4783 4754
f 4725 4754 4745
f 4712 4745 4718
f 6522 6525 6523
f 6524 6527 6525
f 6526 6529 6527
f 6528 6531 6529
f 6530 6533 6531
f 4689 4718 4708
f 4676 4708 4682
f 4648 4682 4672
f 4672 6534 4648
f 6532 6536 6533
f 4623 6538 4624
f 6539 6540 6765
f 6539 6542 6757
f 6541 6544 6542
f 4575 6545 4588
f 4463 4588 4579
f 4544 4579 4556
f 6546 4556 4553
f 4509 4553 4522
f 4512 4522 4520
f 4510 4520 4517
f 4517 4511 4510
f 6548 6550 6552
f 6551 6552 6553
f 6553 6555 6551
f 6554 6557 6555
f 6556 6559 6557
f 6560 6558 6562
f 6561 6562 6563
f 6563 6565 6561
f 5016 6391 6392
f 4968 6391 6390
f 6566 6390 6389
f 5006 5037 6388
f 5011 5038 6385
f 4982 6384 6385
f 4976 5743 6384
f 5768 5744 6382
f 6567 6382 6381
f 4959 5744 5743
f 5005 5038 5037
f 6427 6420 5073
f 6427 6418 6419
f 5876 6459 6458
f 5886 6447 6448
f 5774 6428 6107
f 5785 6127 6428
f 5064 6423 6424
f 5771 6417 6418
f 6113 6414 6413
f 5093 6422 6423
f 5895 6453 6452
f 5902 6503 6125
f 6129 6442 5934
f 6009 6491 6490
f 5991 6483 6484
f 6568 6437 6436
f 5878 6130 6445
f 6569 6486 6485
f 6121 6504 6505
f 6570 6501 6500
f 6502 6441 6442
f 5926 6438 5938
f 5871 6450 6449
f 5951 6438 6437
f 5982 6490 6489
f 5870 6448 5867
f 6481 6496 6335
f 5869 6451 6449
f 6495 6483 6482
f 6120 6498 6499
f 6015 6497 6496
f 5898 6501 6458
f 6033 6477 6497
f 5896 6452 6451
f 5920 6468 6503
f 5953 6469 6504
f 5919 6469 6468
f 5855 6447 6110
f 5905 6440 6441
f 6024 6478 6104
f 6494 6479 6480
f 6571 6493 6492
f 6032 6378 6477
f 6495 6480 6047
f 6572 6474 6473
f 5989 6335 6334
f 6064 6475 6474
f 5984 6488 6489
f 6573 6086 6712
f 5968 6487 6486
f 6011 6493 6334
f 6039 6475 6051
f 5999 6487 6320
f 6313 6317 6316
f 6575 6574 6573
f 5950 6071 6070
f 5835 5958 5957
f 5767 5845 5844
f 6577 5764 5766
f 6579 6188 6168
f 6578 5765 5764
f 6581 6236 6233
f 6581 6567 6381
f 6582 5845 6567
f 6584 6223 6222
f 6584 6116 6429
f 6586 6219 6741
f 6586 6436 5958
f 6588 6216 6215
f 6588 6071 6568
f 6589 6473 6071
f 6590 6572 6473
f 6592 6166 6434
f 6594 5766 5759
f 6594 6324 6322
f 6596 6435 6406
f 6596 6326 6325
f 6597 6342 6326
f 6599 6432 6431
f 6601 6431 6430
f 6601 6120 6499
f 6603 6377 6345
f 5842 6505 6413
f 6604 6345 6344
f 6605 6344 6343
f 6605 6113 6413
f 6606 6608 6619
f 5076 5077 6463
f 6609 6611 6631
f 6464 6463 5044
f 6612 6614 6736
f 5048 5044 5043
f 5043 5086 5048
f 6615 6617 6703
f 6618 6619 6731
f 6421 5085 6123
f 6620 6622 6737
f 6123 6099 6421
f 6623 6625 6654
f 6613 6627 6614
f 6623 6629 6652
f 6630 6631 6697
f 6616 6633 6617
f 6621 6635 6622
f 6636 6638 6643
f 5056 5061 5060
f 6639 6641 6702
f 5060 5088 5056
f 6642 6643 6704
f 6640 6645 6641
f 5091 5040 5088
f 6646 6610 6609
f 5045 5041 5040
f 6648 6616 6615
f 6426 6327 6425
f 6650 6621 6620
f 6425 5075 6426
f 6652 6624 6623
f 6654 6628 6623
f 6656 6609 6630
f 6649 6632 6616
f 6651 6634 6621
f 6659 6661 6717
f 6662 6664 6730
f 6665 6667 6699
f 6668 6670 6688
f 6671 6673 6674
f 6674 6676 6671
f 6677 6679 6680
f 6680 6682 6677
f 6683 6685 6700
f 6660 6681 6680
f 6680 6661 6660
f 6666 6675 6674
f 6674 6667 6666
f 6688 6664 6663
f 6689 6684 6683
f 6660 6691 6686
f 6689 6693 6690
f 6666 6694 6687
f 6664 6695 6715
f 6389 5006 6388
f 6654 6696 6727
f 6697 6698 6724
f 6626 6652 6629
f 6653 6613 6612
f 5007 5008 6397
f 6398 6397 4965
f 6607 6651 6650
f 6658 6606 6618
f 6633 6662 6704
f 6692 6686 6691
f 6689 6681 6686
f 6683 6682 6681
f 6700 6701 6707
f 6641 6697 6631
f 6702 6631 6611
f 4969 4965 4964
f 4964 5019 4969
f 6703 6643 6638
f 6704 6617 6633
f 6665 6633 6632
f 6632 6694 6665
f 6705 6694 6657
f 6699 6663 6662
f 6667 6688 6663
f 6673 6668 6688
f 6700 6708 6682
f 6677 6708 6709
f 6709 6678 6677
f 6711 6573 6676
f 6671 6573 6712
f 6712 6672 6671
f 6695 6685 6684
f 6715 6684 6690
f 6716 6690 6693
f 6659 6635 6634
f 6634 6691 6659
f 6658 6692 6691
f 6718 6636 6642
f 6720 6619 6608
f 6412 5018 6380
f 6380 6404 6412
f 6721 6640 6639
f 6722 6644 6640
f 6698 6627 6626
f 6724 6626 6629
f 6725 6629 6628
f 6725 6656 6630
f 6726 6646 6656
f 6727 6647 6646
f 4989 4994 4993
f 4993 5028 4989
f 6728 6649 6648
f 6705 6622 6635
f 6662 6642 6704
f 6618 6693 6692
f 6718 6730 6716
f 6706 6687 6694
f 6732 6675 6687
f 6733 6676 6675
f 6668 6713 6734
f 6734 6669 6668
f 6714 6735 6738
f 6655 6727 6726
f 6637 6719 6720
f 6736 6722 6721
f 6628 6726 6725
f 6717 6732 6706
f 6731 6719 6718
f 6661 6733 6732
f 6679 6711 6733
f 6670 6714 6695
f 6730 6715 6716
f 6737 6729 6728
f 6678 6575 6711
f 6731 6716 6693
f 6635 6706 6705
f 6630 6724 6725
f 5031 4961 5028
f 4966 4962 4961
f 6614 6723 6722
f 6388 6566 6389
f 6657 6729 6705
f 6685 6738 6701
f 6645 6723 6698
f 6738 6313 6316
f 6316 6701 6738
f 6735 6314 6313
f 6085 6734 6713
f 6713 6086 6085
f 6073 6707 6701
f 6708 6090 6087
f 6087 6709 6708
f 6710 6083 6082
f 6317 6076 6074
f 6312 6078 6317
f 6739 6193 6191
f 6079 6191 6189
f 6080 6189 6188
f 6576 6710 6082
f 6082 6574 6576
f 6093 6082 6081
f 6315 6079 6078
f 6600 6434 6432
f 6321 6578 6577
f 6303 6580 6578
f 6381 6580 6581
f 6233 6582 6581
f 6740 6583 6582
f 6429 6583 6584
f 6222 6585 6584
f 5958 6585 6586
f 6741 6587 6586
f 6568 6587 6588
f 6215 6589 6588
f 6212 6590 6589
f 6211 6591 6590
f 6168 6593 6579
f 6322 6577 6594
f 5759 6595 6594
f 6325 6595 6596
f 6406 6597 6596
f 5762 6598 6597
f 6742 6068 6067
f 6499 6599 6601
f 6430 6602 6601
f 5955 6602 6603
f 6505 6603 6604
f 6413 6604 6605
f 6343 6598 6605
f 6063 6315 6096
f 6739 6572 6591
f 6744 6080 6579
f 6094 6579 6593
f 6593 6095 6094
f 6742 6081 6743
f 6089 6743 6081
f 6068 6600 6599
f 6743 6592 6600
f 6372 6745 6365
f 6355 6367 6374
f 6369 6745 6367
f 6374 6745 6375
f 6235 5068 6373
f 6231 5053 5068
f 6746 5840 5053
f 6128 6098 5840
f 6256 4896 6098
f 6337 6200 6257
f 6338 6257 6282
f 6339 6282 6278
f 6278 6340 6339
f 6263 6265 6340
f 4938 6266 6265
f 4931 6311 6267
f 4869 6747 6509
f 4889 6508 6507
f 4857 6512 6508
f 4843 6509 6510
f 4833 6510 6511
f 4851 6514 6512
f 4821 6516 6514
f 4813 6517 6516
f 6518 4801 4777
f 4777 6521 6518
f 6522 4765 4739
f 4739 6524 6522
f 4729 6526 6524
f 4701 6528 6526
f 6530 4693 4665
f 4665 6532 6530
f 4655 6535 6532
f 6748 6749 6763
f 6748 6751 6752
f 4591 6544 6752
f 6752 4597 4591
f 6552 4598 4567
f 4567 6553 6552
f 6554 4562 4561
f 6556 4561 4560
f 4560 6558 6556
f 6562 4409 4408
f 6563 4408 4410
f 6564 4410 4411
f 6561 6297 6296
f 6296 6560 6561
f 6298 6559 6560
f 6557 4549 4548
f 6555 4548 4554
f 6551 4554 4557
f 4557 6548 6551
f 4563 6549 6548
f 4590 6751 6753
f 4584 6753 6761
f 6754 6755 6756
f 4599 6756 6762
f 4642 6533 6536
f 6531 4641 4674
f 4674 6529 6531
f 6527 4686 4710
f 4710 6525 6527
f 6523 4722 4747
f 4747 6520 6523
f 4758 6519 6520
f 4768 6515 6519
f 4795 6513 6515
f 4804 6511 6513
f 6446 5878 6445
f 6445 6109 6446
f 5853 5849 5848
f 5879 5880 6455
f 6456 6455 5852
f 5856 5852 5851
f 5851 5889 5856
f 6500 5888 6453
f 6453 6570 6500
f 5861 5866 5865
f 5865 5891 5861
f 5894 5848 5891
f 6485 5991 6484
f 6484 6569 6485
f 5966 5962 5961
f 6007 5961 6004
f 5978 6004 5974
f 5974 5979 5978
f 6318 6571 6492
f 6492 6001 6318
f 5964 6002 5969
f 5969 5965 5964
f 6332 6331 5965
f 5992 5993 6331
f 6638 6639 6702
f 6703 6702 6611
f 6615 6611 6610
f 6610 6648 6615
f 6728 6647 6696
f 6696 6737 6728
f 6620 6625 6624
f 6624 6650 6620
f 6653 6607 6650
f 6612 6608 6607
f 6720 6736 6721
f 6721 6637 6720
f 6542 4596 4589
f 6757 4589 4585
f 4585 6538 6757
f 4624 4594 4593
f 6758 4593 4583
f 4583 4620 6758
f 4618 4582 4581
f 4616 4581 4586
f 4614 4586 4598
f 4598 4611 4614
f 4612 6550 6549
f 6549 6759 4612
f 4592 6760 6759
f 4587 4603 6760
f 4601 6545 4595
f 6761 4595 4584
f 6762 4636 4646
f 6756 4637 4636
f 4639 6755 6763
f 6763 4640 4639
f 4649 6749 6764
f 4626 6764 6765
f 6765 4627 4626
f 4643 6540 6766
f 4651 6766 6767
f 6767 4658 4651
f 4656 4622 6768
f 4628 6768 6769
f 4654 6769 6770
f 6535 6770 6771
f 6771 6536 6535
f 4609 4642 6536
f 4608 4632 4642
f 4607 4633 4632
f 6534 4605 6772
f 4646 6772 6762
f 6762 4600 4599
f 4605 4600 6772
f 6760 4602 4604
f 6759 4604 4606
f 6759 6773 4612
f 6771 6773 4609
f 6770 4610 6771
f 6770 4615 4613
f 6769 4617 4615
f 6768 4619 4617
f 6758 4619 4621
f 6767 4623 4621
f 6766 6537 4623
f 6757 6537 6539
f 6765 6541 6539
f 6764 6543 6541
f 6752 6543 6748
f 6763 6750 6748
f 6753 6750 6754
f 6761 6754 4599
f 2 6774 3
f 1182 1146 1154
f 1175 1108 1182
f 1166 1111 1175
f 1157 1113 1166
f 1186 6774 1107
f 1190 1123 1184
f 108 6775 70
f 1184 1127 1177
f 1170 6776 1171
f 1177 6775 1122
f 1149 5141 1162
f 1121 1133 1159
f 1148 1128 1149
f 1159 1134 1160
f 1160 1117 1186
f 1151 6777 1152
f 1179 6778 1180
f 1164 5142 1173
f 1106 1115 1157
f 1155 1141 1164
f 1154 1144 1155
f 1136 6778 1140
f 1162 1124 1170
f 1173 1138 1179
f 5339 6777 1137
f 1132 5337 5339
f 1119 6776 1126
f 6779 6781 13379
f 6782 6784 6787
f 6785 6787 6779
f 6786 6782 6787
f 6789 6788 6786
f 6791 6786 6785
f 6792 6790 6789
f 6794 6789 6791
f 6795 6793 6792
f 6797 6792 6794
f 6798 6796 6795
f 6800 6795 6797
f 6801 6799 6798
f 6803 6798 6800
f 6804 6802 6801
f 6806 6801 6803
f 6807 6805 6804
f 6809 6804 6806
f 6810 6808 6807
f 6812 6807 6809
f 6813 6815 6817
f 6816 6817 8156
f 6818 6820 11580
f 6819 6822 6820
f 6823 6819 6818
f 6824 6821 6819
f 6826 6824 6823
f 6827 6825 6824
f 6829 6781 6780
f 6831 6784 6783
f 6833 6832 6831
f 6835 6830 6829
f 6837 6834 6833
f 6839 6836 6835
f 6841 6838 6837
f 6843 6840 6839
f 6845 6847 6889
f 6848 6850 6890
f 6851 6846 6845
f 6853 6849 6848
f 6855 6852 6851
f 6857 6854 6853
f 6859 6815 6814
f 6861 6825 6828
f 6862 6821 6825
f 6863 6865 11585
f 6866 6808 6811
f 6867 6805 6808
f 6868 6802 6805
f 6869 6799 6802
f 6870 6796 6799
f 6871 6793 6796
f 6873 6788 6790
f 6875 6783 6782
f 6876 6831 6783
f 6874 6782 6788
f 6878 6837 6833
f 6877 6833 6831
f 6872 6881 6873
f 6882 6845 6889
f 6883 6851 6845
f 6884 6855 6851
f 6886 6888 6882
f 6889 6842 6841
f 6890 6844 6843
f 6879 6887 6886
f 6892 6888 6887
f 6893 6895 6888
f 6894 6897 6895
f 6896 6899 6897
f 6900 6902 6950
f 6903 6905 6908
f 6904 6907 6905
f 6901 6908 6902
f 6909 6901 6900
f 6910 6903 6901
f 6911 6904 6903
f 6912 6906 6904
f 6914 6910 6909
f 6916 6917 6920
f 6915 6911 6910
f 6918 6912 6911
f 6919 6913 6912
f 140 6915 6914
f 6920 142 141
f 143 6918 6915
f 144 6919 6918
f 145 6917 6919
f 6865 6921 11863
f 6922 6864 6924
f 6923 6924 11586
f 6925 6927 11583
f 6928 6930 6936
f 6931 6933 11584
f 6929 6935 6930
f 6932 6936 6933
f 6934 6880 6935
f 6938 6940 6881
f 6941 6943 6947
f 6939 6945 6940
f 6946 6947 6949
f 6942 6891 6943
f 6944 6949 6945
f 6892 6891 6948
f 6880 6938 6881
f 6950 6952 6900
f 6900 6953 6909
f 6909 6954 6914
f 6914 183 140
f 6955 6957 6959
f 6958 6959 6965
f 6960 6962 6964
f 6963 6964 6977
f 6961 6965 6962
f 6951 6956 6952
f 6966 6968 6972
f 6967 6970 6968
f 6971 6972 7607
f 6969 6974 6970
f 6973 6976 6974
f 6977 6975 6963
f 6978 6960 6963
f 6963 6980 6978
f 6981 6955 6958
f 6982 6956 6955
f 6984 6967 6966
f 6985 6969 6967
f 6987 6966 6971
f 6986 6973 6969
f 6989 6958 6961
f 6990 6971 7604
f 6988 6975 6973
f 6979 6961 6960
f 6952 6983 6953
f 6953 6991 6954
f 6954 224 183
f 6992 6979 6978
f 6993 6989 6979
f 6994 6981 6989
f 6996 6998 6982
f 6999 6995 6994
f 6982 6991 6983
f 7001 6993 6992
f 6997 234 6998
f 7002 6994 6993
f 7003 6997 6996
f 7004 238 6997
f 7005 7007 11852
f 7006 7009 7007
f 7008 7011 7009
f 7012 6984 6987
f 7014 6986 6985
f 7013 6985 6984
f 7016 6980 6988
f 7018 6987 6990
f 7015 6988 6986
f 7019 7017 7016
f 7021 7016 7015
f 7022 7015 7014
f 6992 6980 7017
f 6992 7020 7001
f 7023 7025 11858
f 7005 7026 7510
f 7027 7025 11852
f 7029 7031 7023
f 7032 7034 7583
f 268 7036 269
f 7037 7039 11748
f 7040 7038 7037
f 7042 7038 7044
f 7041 7044 7038
f 7045 7036 7048
f 281 7047 282
f 7047 7045 7052
f 7048 7035 10516
f 269 7046 281
f 7049 7051 11757
f 7052 7039 7042
f 7053 7055 7062
f 7056 7058 11733
f 7059 7061 7064
f 7062 7063 7066
f 302 7060 303
f 7064 7065 7068
f 7066 7067 7070
f 309 7061 302
f 7068 7069 7104
f 7070 7071 7089
f 314 7065 309
f 7072 7074 7124
f 7075 7077 7072
f 7078 7053 7086
f 7080 7082 7125
f 7083 7081 7080
f 7062 7086 7053
f 7066 7085 7062
f 7070 7087 7066
f 7089 7088 7070
f 7073 7090 7089
f 7072 7091 7073
f 7075 7083 7076
f 7058 7081 7084
f 7057 7082 7081
f 336 7093 10514
f 7079 7092 7126
f 7094 7037 11748
f 7040 7097 7098
f 7098 7099 7772
f 7100 7084 7075
f 7101 7103 11879
f 7104 7105 11746
f 353 7069 314
f 7076 7106 7107
f 7107 7077 7076
f 7088 7109 7116
f 7086 7110 7113
f 7111 7083 7080
f 7085 7112 7110
f 7078 7113 7127
f 7090 7114 7109
f 7115 7080 7125
f 7108 7091 7077
f 7087 7116 7112
f 366 7105 353
f 7118 7120 10586
f 7121 7123 7129
f 7073 7071 7074
f 7124 7075 7072
f 7125 7079 7078
f 7053 7126 7054
f 7125 7127 7115
f 7128 7129 7151
f 376 7131 377
f 379 7117 366
f 7109 7133 7144
f 7134 7106 7111
f 7136 7114 7108
f 7107 7135 7139
f 7113 7137 7143
f 7110 7138 7137
f 7139 7108 7107
f 7140 7115 7127
f 7112 7142 7138
f 7127 7143 7140
f 7116 7144 7142
f 7141 7111 7115
f 7145 7141 7140
f 7146 7134 7141
f 7148 7146 7145
f 7149 7147 7146
f 7145 7143 7137
f 7134 7139 7135
f 7139 7150 7136
f 7150 7133 7136
f 7149 7144 7150
f 7148 7142 7149
f 7145 7138 7148
f 7151 7152 7443
f 7129 7153 7152
f 7119 7155 7120
f 7156 7117 7132
f 7154 7159 7160
f 7160 7161 7186
f 7162 7164 7165
f 7165 7166 7167
f 7167 7168 7191
f 7169 7171 7445
f 7172 7170 7169
f 7174 7176 7257
f 7177 7175 7174
f 7179 7181 7197
f 7182 7184 10525
f 7185 7154 7160
f 7186 7185 7160
f 7162 7187 7186
f 7167 7190 7165
f 7191 7189 7167
f 7193 7195 10574
f 7196 7197 7258
f 7183 7199 7184
f 7128 7180 7121
f 7200 7202 11963
f 7203 7205 7235
f 7206 7208 7259
f 7209 7211 11742
f 7212 7214 11965
f 7215 7217 7260
f 7218 7220 7236
f 7221 7216 7215
f 7223 7219 7218
f 7225 7222 7221
f 7227 7224 7223
f 475 7226 7225
f 477 7228 7227
f 7229 7217 7231
f 7216 7231 7217
f 7222 7230 7216
f 7226 7232 7222
f 483 7233 7226
f 7213 7235 7214
f 7236 7202 7218
f 7201 7218 7202
f 7223 7130 7227
f 376 7227 7130
f 7238 7180 7179
f 7240 7198 7183
f 7242 7179 7196
f 7121 7239 7122
f 7243 7239 7245
f 7238 7245 7239
f 7242 7244 7238
f 7246 7241 7248
f 7240 7248 7241
f 7249 7244 7246
f 7250 7245 7244
f 7252 7254 7761
f 7243 7251 11966
f 7255 7248 7247
f 7186 7163 7162
f 7257 7173 7172
f 7165 7188 7162
f 7198 7258 7199
f 7204 7259 7205
f 7219 7260 7220
f 7224 7215 7219
f 7228 7221 7224
f 513 7225 7228
f 7241 7196 7198
f 7247 7261 7262
f 7256 7246 7248
f 7262 7255 7247
f 7231 7264 7266
f 7230 7265 7264
f 7229 7266 7281
f 7262 7267 7276
f 7182 7240 7183
f 7233 524 7268
f 7232 7268 7265
f 7269 7178 7177
f 7263 653 7255
f 7271 7192 7191
f 7266 7273 7282
f 7274 7182 10525
f 7276 7277 7286
f 7265 7278 7280
f 7276 7263 7262
f 7264 7280 7273
f 7275 7261 7182
f 7281 7282 7288
f 7191 7283 7271
f 7273 7284 7295
f 7280 7285 7284
f 7286 7279 7276
f 7288 7289 7306
f 7290 7275 7274
f 7292 7272 7271
f 7271 7294 7292
f 7282 7295 7289
f 7296 7286 7277
f 7291 7267 7275
f 7298 7270 7269
f 7300 7277 7291
f 7301 7299 7298
f 7285 560 7304
f 7295 7303 7312
f 7284 7304 7303
f 7297 7287 7286
f 7306 7307 7323
f 7308 7291 7290
f 7309 7293 7292
f 7292 7311 7309
f 7289 7312 7307
f 7297 7313 7316
f 7314 7316 7313
f 7317 7296 7300
f 7318 7302 7301
f 7304 578 7321
f 7312 7320 7331
f 7303 7321 7320
f 7316 7305 7297
f 7323 7324 7347
f 7325 7300 7308
f 7326 7310 7309
f 7309 7328 7326
f 7329 590 589
f 7307 7331 7324
f 7332 7327 7326
f 7326 7334 7332
f 7335 589 595
f 7324 7336 7348
f 7315 7337 7352
f 7338 7313 7317
f 595 7339 7335
f 7340 7319 7318
f 7321 606 7345
f 607 7343 7339
f 7331 7344 7336
f 7320 7345 7344
f 7315 7322 7316
f 7347 7348 7353
f 7349 7317 7325
f 7345 614 7351
f 7343 616 7346
f 7336 7350 7360
f 7344 7351 7350
f 7352 7346 7315
f 7353 7354 7370
f 7355 7338 7349
f 7357 7333 7332
f 7332 7359 7357
f 625 7346 616
f 7348 7360 7354
f 7361 7352 7337
f 7356 7314 7338
f 7322 628 7305
f 7363 7341 7340
f 7365 7337 7356
f 7305 632 7287
f 7366 7364 7363
f 7351 636 7369
f 7287 637 7279
f 7360 7368 7376
f 7350 7369 7368
f 7362 7343 7352
f 7370 7371 7385
f 7372 7356 7355
f 7373 7358 7357
f 7357 7375 7373
f 7354 7376 7371
f 7361 7378 7362
f 7379 7377 7403
f 7380 7361 7365
f 7250 679 7251
f 7381 7367 7366
f 7369 657 7384
f 7376 7383 7391
f 7368 7384 7383
f 7378 7339 7362
f 7385 7386 7394
f 7387 7365 7372
f 7388 7374 7373
f 7373 7390 7388
f 667 7256 658
f 7371 7391 7386
f 7384 669 7393
f 7391 7392 7401
f 7383 7393 7392
f 7379 7335 7378
f 7394 7395 7416
f 7396 7380 7387
f 7398 7389 7388
f 7388 7400 7398
f 7386 7401 7395
f 7402 7403 7411
f 7397 7377 7380
f 7252 1072 7253
f 7404 7382 7381
f 7406 7399 7398
f 7398 7408 7406
f 7395 7409 7417
f 7410 7403 7397
f 7412 7405 7404
f 7393 695 7415
f 7401 7414 7409
f 7392 7415 7414
f 7402 7329 7379
f 7416 7417 7433
f 7418 7397 7396
f 7419 7410 7418
f 7421 7411 7428
f 7330 703 590
f 7423 7407 7406
f 7406 7425 7423
f 7426 7425 7408
f 7420 7411 7410
f 7429 7413 7412
f 7415 712 7432
f 7409 7431 11982
f 7414 7432 7431
f 7402 7422 7330
f 7433 7434 7435
f 7434 7409 11982
f 7435 7425 7427
f 7419 7423 7420
f 7010 7437 7011
f 7438 7254 7253
f 7440 7442 11783
f 7443 7444 10518
f 7194 7171 7195
f 7444 7153 7762
f 7446 7448 7611
f 7449 7451 7509
f 7452 7454 7512
f 7455 7453 7452
f 7457 7456 7455
f 7459 7458 7457
f 7461 7460 7459
f 7463 7462 7461
f 7465 7467 7644
f 7468 7466 7465
f 7470 7469 7468
f 7472 7471 7470
f 7474 7473 7472
f 7476 7475 7474
f 7450 7479 7451
f 7480 7482 7483
f 7483 7484 7485
f 7485 7486 7487
f 7487 7488 7495
f 7489 7491 7494
f 7492 7494 7497
f 7495 7496 7497
f 7497 7498 7492
f 7499 7494 7493
f 7497 7491 7495
f 7492 7500 7626
f 7490 7502 7624
f 7496 787 7498
f 7503 7493 7627
f 7474 7505 7476
f 7472 7504 7474
f 7470 7506 7472
f 7484 793 7486
f 7508 7509 7635
f 7510 7006 7005
f 7512 7466 7452
f 7452 7469 7455
f 7455 7471 7457
f 7457 7473 7459
f 7459 7475 7461
f 7461 7477 7463
f 7453 7513 7518
f 7462 7514 7515
f 7460 7515 7516
f 7458 7516 7517
f 7456 7517 7513
f 7518 7519 7524
f 7515 7520 7523
f 7513 7521 7519
f 7517 7522 7521
f 7516 7523 7522
f 7524 7525 7530
f 7523 7526 7529
f 7519 7527 7525
f 7521 7528 7527
f 7522 7529 7528
f 7530 7531 7536
f 7529 7532 7535
f 7525 7533 7531
f 7527 7534 7533
f 7528 7535 7534
f 7536 7537 7542
f 7535 7538 7541
f 7531 7539 7537
f 7533 7540 7539
f 7534 7541 7540
f 7542 7543 7593
f 7541 7544 7547
f 7537 7545 7543
f 7539 7546 7545
f 7540 7547 7546
f 7548 835 834
f 7550 838 837
f 7549 840 835
f 7552 842 840
f 7553 837 842
f 7554 7556 7565
f 7555 7558 7556
f 7559 7561 7657
f 7562 7564 7652
f 7560 7565 7561
f 7563 7567 7564
f 7568 7570 7571
f 7571 7572 7581
f 7573 7575 7584
f 7576 7569 7568
f 7578 7580 7680
f 7581 7030 7029
f 7582 7583 7585
f 7584 7585 7573
f 7580 7586 7677
f 7587 7479 7610
f 7453 7588 7454
f 7524 7588 7518
f 7530 7589 7524
f 7536 7590 7530
f 7542 7591 7536
f 7593 7592 7542
f 7595 7597 11931
f 7598 6931 11584
f 6925 7601 6926
f 7602 7603 8150
f 7602 6971 7607
f 7605 7601 7600
f 7597 7605 11931
f 6937 6977 6938
f 6928 6970 6929
f 6892 6902 6893
f 6931 6972 6932
f 6941 6957 6942
f 6894 6905 6896
f 6944 6965 6946
f 6934 6976 6937
f 6893 6908 6894
f 6932 6968 6928
f 6942 6951 6948
f 6946 6959 6941
f 6938 6964 6939
f 6950 6948 6951
f 6929 6974 6934
f 6939 6962 6944
f 6896 6907 6898
f 7478 7609 7479
f 7610 7609 8148
f 7486 899 7488
f 900 7488 899
f 7498 901 7500
f 7611 7613 7446
f 7614 7616 7620
f 7617 7615 7633
f 7618 7620 7616
f 7618 7617 10512
f 7621 7623 10566
f 7491 7624 7625
f 7495 7625 7487
f 7492 7627 7493
f 7628 7503 8290
f 7629 7499 7628
f 7489 7501 7490
f 7622 7631 7623
f 7632 7633 7724
f 7632 7621 7725
f 7634 7509 11891
f 7636 7638 7647
f 7507 7640 7506
f 7506 7641 7504
f 7504 7642 7505
f 7643 7644 7648
f 7645 7454 7650
f 7646 7638 7643
f 7645 7478 7726
f 7648 7467 7726
f 7649 7454 7588
f 7651 7652 7654
f 7653 7654 12351
f 7655 7569 7577
f 7557 947 7558
f 7566 7657 7567
f 7608 7659 7609
f 7660 7662 7701
f 7663 7588 7589
f 7664 957 956
f 7666 7668 7670
f 7669 7670 7712
f 7671 7594 11900
f 7672 7592 7671
f 7673 7591 7672
f 7674 7590 7673
f 7675 7594 7593
f 7580 7678 7681
f 7679 974 7752
f 7680 7681 7686
f 7682 7684 7687
f 7685 7686 7732
f 7677 7687 7678
f 7688 7690 7734
f 7691 7661 7660
f 7693 7660 7695
f 7694 990 7760
f 7689 7695 7690
f 7692 7697 7661
f 7662 7554 7560
f 7699 7563 7562
f 7701 7560 7559
f 7702 7559 7566
f 7703 997 7557
f 7700 7566 7563
f 7704 1001 1000
f 7706 7034 7753
f 7511 7708 11890
f 7709 7026 7719
f 7709 7511 7510
f 7710 7033 7783
f 7677 7711 7682
f 7682 7712 7683
f 7713 1016 7716
f 7708 7715 11890
f 7436 7716 7437
f 7717 7707 7709
f 7717 7719 11986
f 7712 7720 7683
f 7721 7573 7722
f 7722 7585 7736
f 7718 7708 7707
f 7448 7481 7480
f 7670 7679 7720
f 7622 7724 7630
f 7617 7725 10512
f 7449 7648 7450
f 7608 7650 7728
f 7508 7643 7449
f 7512 7726 7467
f 7450 7726 7478
f 7727 7650 7649
f 7729 7649 7663
f 7730 7589 7674
f 7731 7732 7775
f 7733 7734 7779
f 7735 7562 7651
f 7722 7737 7738
f 7722 7739 7721
f 7668 1041 7679
f 7736 7740 7737
f 7741 1045 7751
f 7742 7553 7552
f 1001 7744 1047
f 7745 7747 12001
f 7748 7750 7753
f 7000 6996 6995
f 7751 1056 7780
f 7720 7752 7784
f 7753 7740 7706
f 7754 7552 7549
f 7755 7557 7555
f 7736 7583 7706
f 7756 1000 1061
f 7757 7551 7550
f 7675 7549 7548
f 7759 7760 7785
f 834 7665 7548
f 7743 7550 7553
f 7748 7705 7704
f 7723 7750 7787
f 6981 6996 6982
f 7123 7254 7153
f 7439 7153 7254
f 7763 1073 5151
f 7614 7611 7615
f 7615 7448 7633
f 7480 7633 7448
f 7724 7483 7630
f 7485 7630 7483
f 7482 1074 7484
f 7481 1075 7482
f 1076 7447 1077
f 1077 7446 1079
f 7613 1079 7446
f 7764 7766 11794
f 7767 7620 7619
f 7768 7614 7620
f 7769 7612 7614
f 7770 7613 7612
f 7098 7051 7050
f 7773 7637 7636
f 7644 7637 7465
f 7465 7774 7468
f 7623 7502 10566
f 7631 7624 7623
f 7487 7631 7485
f 7773 7507 7774
f 7468 7507 7470
f 7775 7777 7731
f 7778 7779 11985
f 7734 7700 7699
f 7780 7782 7751
f 7781 7714 7782
f 7548 7676 7675
f 7705 7783 7744
f 7545 7743 7742
f 7704 7749 7748
f 7683 7784 7684
f 7543 7742 7754
f 7698 7555 7554
f 7547 7758 7757
f 7593 7754 7675
f 7696 7785 7697
f 7546 7757 7743
f 7753 7710 7748
f 7741 7749 7756
f 7786 7750 7749
f 7788 7790 7873
f 7791 7793 7795
f 7794 7795 7797
f 7796 7797 7799
f 7798 7799 7826
f 7800 6781 6830
f 7801 6854 6858
f 7803 7805 7851
f 7802 6849 6854
f 7807 7809 11581
f 7806 6850 6849
f 7810 7812 7815
f 7803 6840 6844
f 7814 7815 13380
f 7813 6836 6840
f 7816 6830 6836
f 7817 7819 11582
f 7820 7822 11579
f 7823 7825 7828
f 7788 7826 13379
f 7827 7828 7829
f 7792 7829 7793
f 7830 7832 11953
f 7833 7835 8157
f 7836 7838 7872
f 7839 7841 7873
f 7842 7844 7854
f 7831 7846 7832
f 7837 7848 7838
f 7840 7850 7841
f 7851 7852 7853
f 7853 7854 7851
f 7855 7857 11760
f 7847 7859 7848
f 7849 7861 7850
f 7862 7805 7869
f 7863 7865 11761
f 7860 7867 7861
f 7868 7869 7875
f 7870 7790 7876
f 7866 7872 7867
f 7873 7871 7839
f 7874 7875 11955
f 7843 7876 7844
f 7877 7870 7843
f 7879 7831 7830
f 7881 7834 7833
f 7883 7837 7836
f 7885 7840 7839
f 7887 7843 7842
f 7880 7845 7831
f 7884 7847 7837
f 7886 7849 7840
f 7853 7891 7892
f 7892 7842 7853
f 7893 7856 7855
f 7889 7858 7847
f 7890 7860 7849
f 7897 7852 7862
f 7898 7864 7863
f 7896 7866 7860
f 7901 7862 7868
f 7878 7871 7870
f 7900 7836 7866
f 7839 7902 7885
f 7903 7868 7874
f 7904 7897 7901
f 7906 7902 7878
f 7908 7883 7900
f 7885 7907 7917
f 7910 7901 7903
f 7911 7878 7877
f 7912 7880 7879
f 7914 7882 7881
f 7909 7884 7883
f 7917 7886 7885
f 7919 7877 7887
f 7913 7888 7880
f 7916 7889 7884
f 7918 7890 7886
f 7892 7923 7924
f 7924 7887 7892
f 7925 7894 7893
f 7921 7895 7889
f 7922 7896 7890
f 7905 7891 7897
f 7929 7899 7898
f 7928 7900 7896
f 7931 7918 7917
f 7933 7911 7919
f 7935 7920 7913
f 7937 7921 7916
f 7932 7922 7918
f 7924 7940 7941
f 7941 7919 7924
f 7942 7926 7925
f 7938 7927 7921
f 7939 7928 7922
f 7946 7923 7905
f 7947 7930 7929
f 7945 7908 7928
f 7950 7905 7904
f 7951 7907 7906
f 7949 7909 7908
f 7917 7952 7931
f 7954 7904 7910
f 7934 7906 7911
f 7955 7913 7912
f 7956 7915 7914
f 7953 7916 7909
f 7931 7958 7969
f 7959 7950 7954
f 7961 7951 7934
f 7963 7935 7955
f 7965 7957 7956
f 7967 7937 7953
f 7969 7932 7931
f 7971 7934 7933
f 7964 7936 7935
f 7968 7938 7937
f 7970 7939 7932
f 7941 7975 7976
f 7976 7933 7941
f 7977 7943 7942
f 7973 7944 7938
f 7974 7945 7939
f 7981 7940 7946
f 7982 7948 7947
f 7980 7949 7945
f 7960 7946 7950
f 7962 7952 7951
f 7984 7953 7949
f 7985 7984 7980
f 7984 7987 7967
f 7967 7988 7968
f 7973 7990 7979
f 7991 7960 7959
f 7982 7994 7983
f 7965 7996 7966
f 7963 7998 7964
f 7999 7970 7969
f 7964 8001 7972
f 7962 8002 8009
f 7988 7973 7968
f 7960 8003 7981
f 7976 8004 8007
f 7981 8004 7975
f 8005 7978 7977
f 7976 8008 7971
f 7971 8002 7961
f 7962 8010 7958
f 7999 7958 8010
f 7970 8011 7974
f 7974 7985 7980
f 7983 7995 7965
f 7956 7983 7965
f 7914 7948 7956
f 7930 7881 7899
f 7985 8012 8022
f 8007 8013 8014
f 8008 8014 8020
f 8005 8015 8054
f 7998 8016 8030
f 8009 8017 8024
f 7990 8018 8021
f 8000 8019 8023
f 8002 8020 8017
f 7993 8021 8035
f 7986 8022 8027
f 8011 8023 8012
f 8010 8024 8032
f 8003 8025 8029
f 7996 8026 8041
f 7987 8027 8031
f 7992 8028 8025
f 8004 8029 8013
f 8001 8030 8015
f 7988 8031 8034
f 7999 8032 8019
f 7995 8033 8026
f 7989 8034 8018
f 8035 8036 8082
f 8027 8037 8043
f 8024 8038 8060
f 8025 8039 8040
f 8029 8040 8045
f 8041 8042 8062
f 8031 8043 8047
f 8019 8044 8058
f 8013 8045 8048
f 8015 8046 8055
f 8034 8047 8051
f 8014 8048 8049
f 8020 8049 8053
f 8026 8050 8042
f 8018 8051 8057
f 8012 8052 8059
f 8017 8053 8038
f 8054 8055 8075
f 8030 8056 8046
f 8021 8057 8036
f 8023 8058 8052
f 8022 8059 8037
f 8032 8060 8044
f 8045 8061 8066
f 8062 8063 8145
f 8047 8064 8068
f 8058 8065 8079
f 8048 8066 8069
f 8055 8067 8076
f 8051 8068 8072
f 8049 8069 8070
f 8053 8070 8074
f 8042 8071 8063
f 8057 8072 8078
f 8059 8073 8080
f 8038 8074 8085
f 8075 8076 8143
f 8046 8077 8067
f 8036 8078 8083
f 8052 8079 8073
f 8037 8080 8084
f 8044 8081 8065
f 8082 8083 11764
f 8043 8084 8064
f 8060 8085 8081
f 8040 8086 8061
f 8087 8089 8131
f 8090 8092 8130
f 8093 8095 8121
f 8096 8098 8102
f 8099 8101 8105
f 8102 8104 8096
f 8105 8107 8099
f 8088 8109 8089
f 8110 8112 8122
f 8097 8114 8098
f 8115 8117 8132
f 8118 8120 8129
f 8121 8122 8093
f 8106 8124 8107
f 8119 8126 8120
f 8127 8113 8133
f 8128 8129 8136
f 8130 8131 8090
f 8132 8111 8115
f 8133 8135 8127
f 8136 8123 8128
f 8125 8138 8126
f 8139 8141 8142
f 8091 8134 8092
f 8094 8142 8095
f 8108 8100 8109
f 8137 8140 8138
f 8132 8073 8079
f 8083 8135 8091
f 8107 8076 8067
f 8085 8094 8093
f 8117 8080 8073
f 8143 8124 8136
f 8127 8078 8072
f 8099 8067 8077
f 8074 8139 8094
f 8070 8140 8139
f 8090 8071 11764
f 8072 8114 8127
f 8131 8063 8071
f 8138 8069 8066
f 8079 8112 8132
f 8077 8100 8099
f 8098 8068 8064
f 8089 8145 8063
f 8126 8066 8061
f 8146 7596 11755
f 8147 7609 7659
f 7658 7728 12006
f 8149 7597 8146
f 7606 8150 7601
f 7601 7603 6926
f 8151 6926 7603
f 6860 8153 6815
f 8154 6815 8153
f 8155 6817 8154
f 7817 7865 8157
f 8157 7864 7833
f 7833 7899 7881
f 8158 8160 8161
f 8161 8162 8163
f 8163 8164 8165
f 8165 8166 8167
f 8167 8168 8272
f 8169 8171 8172
f 8172 8173 8174
f 8174 8175 8176
f 8176 8177 8277
f 8159 8179 8160
f 8160 8180 8162
f 8162 8181 8164
f 8164 8182 8166
f 8166 8183 8168
f 8170 8185 8171
f 8171 8186 8173
f 8173 8187 8175
f 8175 8188 8177
f 8189 8191 8192
f 8192 8193 8194
f 8194 8195 8196
f 8196 8197 8480
f 8198 8200 8201
f 8201 8202 8203
f 8203 8204 8205
f 8205 8206 8502
f 8207 8209 8242
f 8190 8211 8191
f 8191 8212 8193
f 8193 8213 8195
f 8195 8214 8197
f 8199 8216 8200
f 8200 8217 8202
f 8202 8218 8231
f 8204 8220 8206
f 1538 8222 1539
f 8210 8224 8211
f 8211 8225 8212
f 8212 8226 8213
f 8213 8227 8214
f 8215 8229 8216
f 8216 8230 8217
f 8219 8232 8462
f 8221 8208 8222
f 8223 8234 8224
f 8224 8235 8225
f 8225 8236 8226
f 8226 8237 8227
f 8228 8239 8229
f 8229 8240 8230
f 8230 8241 8476
f 8190 8242 8210
f 8233 8244 8234
f 8234 8245 8235
f 8235 8246 8236
f 8236 8247 8237
f 8238 8249 8239
f 8239 8250 8240
f 8240 8251 8241
f 1573 8252 8263
f 8243 8254 8244
f 8244 8255 8245
f 8245 8256 8246
f 8246 8257 8247
f 8248 8259 8249
f 8249 8260 8250
f 8250 8261 8251
f 1585 8262 8252
f 1587 8263 8264
f 1538 8264 8221
f 8265 7505 7642
f 8267 8161 8268
f 8268 8163 8269
f 8269 8165 8270
f 8270 8167 8271
f 8271 8272 8479
f 8273 8172 8274
f 8274 8174 8275
f 8275 8176 8276
f 8276 8277 8481
f 8221 8278 8209
f 8252 8279 8282
f 8280 8207 8190
f 8263 8282 8283
f 8264 8283 8278
f 8281 8208 8207
f 8285 8190 8189
f 8286 7503 7627
f 8288 7627 7626
f 8287 8290 7503
f 8291 8159 8158
f 8293 7477 7476
f 8295 7532 7526
f 8297 7551 7758
f 8299 7526 7520
f 8298 838 7551
f 7758 8300 8297
f 8301 7520 7514
f 8302 7464 7463
f 8304 7544 7538
f 8303 7514 7464
f 8296 7538 7532
f 8305 8301 8303
f 8307 8300 8304
f 8309 8303 8302
f 8310 8304 8296
f 8311 8296 8295
f 8312 8295 8299
f 8313 8298 8297
f 8306 8299 8301
f 8297 8308 8313
f 8314 1634 8298
f 8315 8310 8311
f 8316 8307 8310
f 8317 8308 8307
f 8319 8305 8309
f 8313 8318 8322
f 8320 8306 8305
f 8322 8314 8313
f 8321 8312 8306
f 8324 8311 8312
f 8325 8266 8265
f 8326 8287 8286
f 8328 8286 8288
f 8327 8289 8287
f 7476 8266 8293
f 8291 8294 8293
f 8178 8292 8325
f 8302 8330 8309
f 8158 8330 8291
f 8280 8329 8327
f 8293 8292 8291
f 8284 8326 8328
f 8281 8327 8326
f 8309 8267 8319
f 8302 7477 8294
f 7500 1659 8331
f 8331 1661 8337
f 8332 1539 8222
f 8278 8333 8336
f 8283 8334 8333
f 8282 8335 8334
f 8209 8336 8242
f 8288 7500 8331
f 8337 8288 8331
f 8328 8332 8284
f 8284 8222 8208
f 8242 8223 8210
f 8334 8253 8243
f 8333 8243 8233
f 8336 8233 8223
f 8338 1670 8323
f 8339 8321 8320
f 8322 8341 8343
f 8340 8324 8321
f 8343 8323 8322
f 8342 8315 8324
f 8344 8316 8315
f 8345 8317 8316
f 8346 8318 8317
f 8347 8320 8319
f 8348 8345 8344
f 8349 8346 8345
f 8350 8341 8346
f 8352 8339 8347
f 8354 1685 8338
f 8353 8340 8339
f 8343 8351 8357
f 8355 8342 8340
f 8357 8338 8343
f 8356 8344 8342
f 8358 8360 8364
f 8361 8363 8372
f 8364 8365 8374
f 8366 8368 8369
f 8369 8362 8361
f 8370 8364 8373
f 8371 8372 8379
f 8373 8374 8381
f 8375 8369 8376
f 8376 8361 8371
f 8377 8373 8380
f 8378 8379 8386
f 8380 8381 8388
f 8382 8376 8383
f 8383 8371 8378
f 8384 8380 8387
f 8385 8386 8393
f 8387 8388 8395
f 8389 8383 8390
f 8390 8378 8385
f 8391 8387 8394
f 8392 8393 8398
f 8394 8395 8399
f 8396 8390 8397
f 8397 8385 8392
f 1731 8394 1732
f 1733 8398 1734
f 1732 8399 1735
f 1736 8397 1737
f 1737 8392 1733
f 8359 8349 8348
f 8358 8350 8349
f 8370 8351 8350
f 8357 8377 8384
f 8384 8354 8357
f 8391 1739 8354
f 8269 8347 8268
f 8268 8319 8267
f 8400 8353 8352
f 8401 8355 8353
f 8402 8356 8355
f 8404 8406 8417
f 8407 8401 8400
f 8409 8411 8413
f 8408 8402 8401
f 8413 8414 10728
f 8412 8403 8402
f 8416 8417 8477
f 8410 8419 8424
f 8420 8418 8410
f 8422 8408 8407
f 8410 8425 8411
f 8423 8412 8408
f 8411 8427 8414
f 8426 8415 8412
f 8428 8430 8415
f 8429 8432 8430
f 8421 8434 8418
f 8418 8435 8419
f 8436 8423 8422
f 8437 8426 8423
f 8438 8428 8426
f 8439 8429 8428
f 8440 8431 8429
f 8441 8404 8454
f 8433 8443 8434
f 8434 8444 8435
f 8445 8447 8478
f 8448 8218 8476
f 8446 8451 8447
f 8444 8449 8435
f 8450 8453 8451
f 8452 8454 8453
f 8455 8405 8441
f 8442 8458 8443
f 8443 8459 8444
f 8460 8446 8445
f 8444 8462 8232
f 8461 8450 8446
f 8204 8231 8219
f 8463 8452 8450
f 8464 8441 8452
f 8465 8455 8464
f 8466 8456 8455
f 8457 8469 8458
f 8458 8470 8459
f 8471 8461 8460
f 8459 8473 8462
f 8472 8463 8461
f 8462 8220 8219
f 8474 8464 8463
f 8241 8475 8482
f 8218 8232 8231
f 8218 8230 8476
f 8448 8241 8482
f 8431 8477 10623
f 8478 8437 8436
f 8447 8438 8437
f 8419 8449 8448
f 8451 8439 8438
f 8453 8440 8439
f 8454 8416 8440
f 8227 8238 8228
f 8197 8215 8199
f 8272 8170 8169
f 8479 8169 8273
f 8214 8228 8215
f 8168 8184 8170
f 8480 8199 8198
f 8247 8258 8248
f 8237 8248 8238
f 8424 8448 8482
f 8270 8352 8269
f 8271 8400 8270
f 8407 8479 8422
f 8273 8422 8479
f 8436 8274 8478
f 8478 8275 8445
f 8276 8445 8275
f 8460 8481 8471
f 8482 8425 8424
f 8405 8483 8406
f 8456 8484 8483
f 8485 8410 8409
f 8475 8427 8425
f 8475 8261 8486
f 8487 8431 10623
f 8469 8489 8470
f 8490 8472 8471
f 8277 8492 8498
f 8470 8493 8473
f 8494 8467 8501
f 8491 8474 8472
f 8177 8496 8492
f 8495 8465 8474
f 8498 8481 8277
f 8497 8466 8465
f 8500 8467 8466
f 8499 8471 8481
f 8502 8503 8517
f 8468 8488 8469
f 8206 8505 8503
f 8473 8505 8220
f 8488 8507 8489
f 8508 8491 8490
f 8492 8510 8523
f 8489 8511 8493
f 8509 8495 8491
f 8493 8513 8505
f 8512 8497 8495
f 8515 8490 8499
f 8514 8500 8497
f 8517 8518 8533
f 8519 8501 8520
f 8516 8501 8500
f 8503 8513 8518
f 8504 8506 8488
f 8522 8499 8498
f 8498 8523 8522
f 8507 8525 8511
f 8526 8512 8509
f 8511 8528 8513
f 8527 8514 8512
f 8530 8508 8515
f 8529 8516 8514
f 8533 8534 8549
f 8535 8520 8536
f 8532 8520 8516
f 8518 8528 8534
f 8521 8538 8506
f 8539 8515 8522
f 8522 8540 8539
f 8506 8524 8507
f 8531 8509 8508
f 8523 8541 8540
f 8525 8543 8528
f 8544 8529 8527
f 8546 8531 8530
f 8545 8532 8529
f 8549 8550 10070
f 8551 8536 8552
f 8548 8536 8532
f 8534 8543 8550
f 8537 8554 8538
f 8555 8530 8539
f 8539 8556 8555
f 8538 8557 8524
f 8547 8526 8531
f 8540 8559 8556
f 8524 8542 8525
f 8558 8527 8526
f 8560 8562 8566
f 8563 8565 8569
f 8566 8567 8570
f 8568 8565 8572
f 8570 8571 8574
f 8568 8573 8579
f 8574 8575 8581
f 8576 8578 8583
f 8579 8580 8590
f 8581 8582 8587
f 8583 8584 8589
f 8585 8577 8576
f 8587 8588 8591
f 8589 8561 8560
f 8590 8586 8585
f 8591 8564 8563
f 8563 8568 8579
f 8591 8579 8590
f 8587 8590 8585
f 8581 8585 8576
f 8576 8574 8581
f 8583 8570 8574
f 8589 8566 8570
f 8561 8593 8562
f 8564 8595 8565
f 8562 8596 8567
f 8572 8595 8598
f 8567 8597 8571
f 8572 8599 8573
f 8571 8600 8575
f 8577 8602 8578
f 8573 8603 8580
f 8575 8604 8582
f 8578 8605 8584
f 8586 8601 8577
f 8582 8607 8588
f 8584 8592 8561
f 8580 8606 8586
f 8588 8594 8564
f 8598 8608 8611
f 8596 8610 8597
f 8598 8612 8599
f 8597 8613 8600
f 8601 8615 8602
f 8599 8616 8603
f 8600 8617 8604
f 8602 8618 8605
f 8606 8614 8601
f 8604 8620 8607
f 8605 8621 8592
f 8603 8619 8606
f 8607 8622 8594
f 8592 8623 8593
f 8594 8608 8595
f 8593 8609 8596
f 8624 8626 8631
f 8627 8629 8632
f 8630 8626 8634
f 8632 8633 8636
f 8630 8635 8641
f 8636 8637 8643
f 8638 8640 8645
f 8641 8642 8653
f 8643 8644 8649
f 8645 8646 8651
f 8647 8639 8638
f 8649 8650 8654
f 8651 8652 8655
f 8653 8648 8647
f 8654 8625 8624
f 8655 8628 8627
f 8634 8656 8659
f 8629 8658 8633
f 8634 8660 8635
f 8633 8661 8637
f 8639 8663 8640
f 8635 8664 8642
f 8637 8665 8644
f 8640 8666 8646
f 8648 8662 8639
f 8644 8668 8650
f 8646 8669 8652
f 8642 8667 8648
f 8650 8670 8625
f 8652 8671 8628
f 8625 8656 8626
f 8628 8657 8629
f 8670 8673 8656
f 8671 8675 8657
f 8659 8673 8677
f 8657 8676 8658
f 8659 8678 8660
f 8658 8679 8661
f 8662 8681 8663
f 8660 8682 8664
f 8661 8683 8665
f 8663 8684 8666
f 8667 8680 8662
f 8665 8686 8668
f 8666 8687 8669
f 8664 8685 8667
f 8668 8672 8670
f 8669 8674 8671
f 8622 8631 8608
f 8623 8632 8609
f 8611 8631 8630
f 8609 8636 8610
f 8611 8641 8612
f 8610 8643 8613
f 8614 8645 8615
f 8612 8653 8616
f 8613 8649 8617
f 8615 8651 8618
f 8619 8638 8614
f 8617 8654 8620
f 8618 8655 8621
f 8616 8647 8619
f 8620 8624 8622
f 8621 8627 8623
f 8673 8254 8677
f 8672 8255 8673
f 8677 8253 8678
f 8335 8678 8253
f 8279 8682 8335
f 8688 8680 8685
f 8689 8681 8680
f 8690 8684 8681
f 2029 8689 8688
f 2030 8690 8689
f 2031 8691 8690
f 2033 8688 8262
f 8262 8685 8279
f 8256 8686 8257
f 8258 8694 8259
f 8695 8697 8748
f 8698 8700 8750
f 8701 8703 8726
f 8704 8706 8786
f 8707 8709 9901
f 8710 8712 9902
f 8713 8715 8872
f 8716 8718 8858
f 8719 8721 8787
f 8722 8724 8742
f 8725 8703 8879
f 8727 8729 8878
f 8730 8732 8744
f 8733 8735 8828
f 8736 8718 8717
f 8738 8712 8711
f 8740 8700 8699
f 8742 8743 8876
f 8744 8745 9900
f 8746 8732 8826
f 8747 8697 8791
f 8749 8700 8877
f 8751 8753 8809
f 8754 8756 8763
f 8757 8759 8810
f 8760 8762 8814
f 8752 8763 8753
f 8764 8766 8805
f 8767 8766 8773
f 8769 8771 8803
f 8772 8773 8802
f 8774 8776 8800
f 8777 8779 8798
f 8780 8782 8783
f 8775 8783 8776
f 8776 8784 8801
f 8783 8785 8784
f 8696 8726 8697
f 8708 8786 8709
f 8714 8787 8715
f 8788 8790 8865
f 8791 8726 8725
f 8792 8794 8883
f 8795 8797 8910
f 8798 8799 8907
f 8800 8801 8947
f 8802 8758 8757
f 8803 8804 8951
f 8773 8765 8758
f 8805 8768 8954
f 8806 8808 8938
f 8759 8761 8811
f 8809 8775 8774
f 8810 8811 8964
f 8753 8780 8775
f 8812 8770 8769
f 8763 8781 8780
f 8814 8765 8764
f 8815 8752 8751
f 8817 8755 8754
f 8819 8821 8871
f 8822 8824 9903
f 8731 8826 8732
f 8827 8828 8877
f 8829 8826 8878
f 8830 8832 8835
f 8833 8828 8735
f 8835 8823 8822
f 8796 8837 8797
f 8838 8840 8860
f 8841 8843 8906
f 8844 8846 8875
f 8847 8849 8874
f 8850 8851 8897
f 8852 8854 8866
f 8855 8857 8880
f 8858 8845 8844
f 8859 8860 8862
f 8861 8862 8884
f 8832 8725 8823
f 8863 8846 8845
f 8856 8865 8857
f 8866 8867 8881
f 8868 8761 8760
f 8831 8791 8832
f 8816 8754 8752
f 8860 8702 8701
f 8870 8821 8898
f 8872 8859 8861
f 8787 8839 8838
f 8737 8845 8718
f 8873 8849 8850
f 8848 8851 8849
f 8875 8699 8698
f 8854 8876 8867
f 8853 8742 8854
f 8715 8838 8859
f 8741 8877 8700
f 8825 8878 8826
f 8823 8879 8824
f 8793 8880 8794
f 8729 8881 8882
f 8834 8877 8828
f 8882 8878 8729
f 8836 8883 8837
f 8728 8866 8729
f 8884 8696 8695
f 8862 8701 8696
f 8864 8699 8846
f 8885 8714 8713
f 8887 8717 8716
f 8889 8720 8719
f 8891 8717 8888
f 8886 8719 8714
f 8724 8893 8743
f 8789 8895 8790
f 8723 8892 8724
f 8892 8897 8893
f 8894 8898 8895
f 8896 8850 8892
f 8899 8886 8885
f 8901 8888 8887
f 8903 8890 8889
f 8905 8888 8902
f 8900 8889 8886
f 8906 8813 8812
f 8907 8807 8806
f 8758 8762 8759
f 8865 8908 8921
f 8883 8909 8922
f 8910 8911 9916
f 8799 8913 8807
f 8778 8915 8779
f 8779 8912 8799
f 8807 8916 8808
f 8797 8917 8911
f 8820 8919 8821
f 8880 8920 8923
f 8898 8919 8925
f 8857 8921 8920
f 8837 8922 8917
f 8794 8923 8909
f 8790 8924 8908
f 8895 8925 8924
f 8926 8792 8836
f 8928 8796 8795
f 8929 8836 8796
f 8930 8871 8870
f 8932 8907 8941
f 8933 8855 8793
f 8935 8894 8789
f 8937 8938 8965
f 8939 8789 8788
f 8927 8793 8792
f 8940 8788 8856
f 8941 8806 8937
f 8942 8798 8932
f 8936 8870 8894
f 8943 8871 8931
f 8934 8856 8855
f 8944 8778 8777
f 8801 8946 8948
f 8914 8945 9917
f 8947 8948 8962
f 8949 8768 8767
f 8951 8952 8953
f 8942 8953 8957
f 8954 8950 8963
f 8955 8767 8772
f 8784 8956 8946
f 8957 8958 8959
f 8955 8958 8949
f 8949 8960 8950
f 8958 8952 8960
f 8961 8948 8946
f 8961 8950 8960
f 8901 8816 8815
f 8903 8818 8817
f 8938 8820 8819
f 8905 8842 8841
f 8964 8848 8847
f 8899 8869 8868
f 8904 8817 8816
f 8811 8869 8848
f 8808 8918 8820
f 8965 8819 8943
f 8966 8968 9019
f 8969 8971 9021
f 8972 8974 8997
f 8975 8977 9057
f 8978 8980 9905
f 8981 8983 9906
f 8984 8986 9143
f 8987 8989 9129
f 8990 8992 9058
f 8993 8995 9013
f 8996 8974 9150
f 8998 9000 9149
f 9001 9003 9015
f 9004 9006 9099
f 9007 8989 8988
f 9009 8983 8982
f 9011 8971 8970
f 9013 9014 9147
f 9015 9016 9904
f 9017 9003 9097
f 9018 8968 9062
f 9020 8971 9148
f 9022 9024 9080
f 9025 9027 9034
f 9028 9030 9081
f 9031 9033 9085
f 9023 9034 9024
f 9035 9037 9076
f 9038 9037 9044
f 9040 9042 9074
f 9043 9044 9073
f 9045 9047 9071
f 9048 9050 9069
f 9051 9053 9054
f 9046 9054 9047
f 9047 9055 9072
f 9054 9056 9055
f 8967 8997 8968
f 8979 9057 8980
f 8985 9058 8986
f 9059 9061 9136
f 9062 8997 8996
f 9063 9065 9154
f 9066 9068 9181
f 9069 9070 9178
f 9071 9072 9218
f 9073 9029 9028
f 9074 9075 9222
f 9044 9036 9029
f 9076 9039 9225
f 9077 9079 9209
f 9030 9032 9082
f 9080 9046 9045
f 9081 9082 9235
f 9024 9051 9046
f 9083 9041 9040
f 9034 9052 9051
f 9085 9036 9035
f 9086 9023 9022
f 9088 9026 9025
f 9090 9092 9142
f 9093 9095 9907
f 9002 9097 9003
f 9098 9099 9148
f 9100 9097 9149
f 9101 9103 9106
f 9104 9099 9006
f 9106 9094 9093
f 9067 9108 9068
f 9109 9111 9131
f 9112 9114 9177
f 9115 9117 9146
f 9118 9120 9145
f 9121 9122 9168
f 9123 9125 9137
f 9126 9128 9151
f 9129 9116 9115
f 9130 9131 9133
f 9132 9133 9155
f 9103 8996 9094
f 9134 9117 9116
f 9127 9136 9128
f 9137 9138 9152
f 9139 9032 9031
f 9102 9062 9103
f 9087 9025 9023
f 9131 8973 8972
f 9141 9092 9169
f 9143 9130 9132
f 9058 9110 9109
f 9008 9116 8989
f 9144 9120 9121
f 9119 9122 9120
f 9146 8970 8969
f 9125 9147 9138
f 9124 9013 9125
f 8986 9109 9130
f 9012 9148 8971
f 9096 9149 9097
f 9094 9150 9095
f 9064 9151 9065
f 9000 9152 9153
f 9105 9148 9099
f 9153 9149 9000
f 9107 9154 9108
f 8999 9137 9000
f 9155 8967 8966
f 9133 8972 8967
f 9135 8970 9117
f 9156 8985 8984
f 9158 8988 8987
f 9160 8991 8990
f 9162 8988 9159
f 9157 8990 8985
f 8995 9164 9014
f 9060 9166 9061
f 8994 9163 8995
f 9163 9168 9164
f 9165 9169 9166
f 9167 9121 9163
f 9170 9157 9156
f 9172 9159 9158
f 9174 9161 9160
f 9176 9159 9173
f 9171 9160 9157
f 9177 9084 9083
f 9178 9078 9077
f 9029 9033 9030
f 9136 9179 9192
f 9154 9180 9193
f 9181 9182 9918
f 9070 9184 9078
f 9049 9186 9050
f 9050 9183 9070
f 9078 9187 9079
f 9068 9188 9182
f 9091 9190 9092
f 9151 9191 9194
f 9169 9190 9196
f 9128 9192 9191
f 9108 9193 9188
f 9065 9194 9180
f 9061 9195 9179
f 9166 9196 9195
f 9197 9063 9107
f 9199 9067 9066
f 9200 9107 9067
f 9201 9142 9141
f 9203 9178 9212
f 9204 9126 9064
f 9206 9165 9060
f 9208 9209 9236
f 9210 9060 9059
f 9198 9064 9063
f 9211 9059 9127
f 9212 9077 9208
f 9213 9069 9203
f 9207 9141 9165
f 9214 9142 9202
f 9205 9127 9126
f 9215 9049 9048
f 9072 9217 9219
f 9185 9216 9919
f 9218 9219 9233
f 9220 9039 9038
f 9222 9223 9224
f 9213 9224 9228
f 9225 9221 9234
f 9226 9038 9043
f 9055 9227 9217
f 9228 9229 9230
f 9226 9229 9220
f 9220 9231 9221
f 9229 9223 9231
f 9232 9219 9217
f 9232 9221 9231
f 9172 9087 9086
f 9174 9089 9088
f 9209 9091 9090
f 9176 9113 9112
f 9235 9119 9118
f 9170 9140 9139
f 9175 9088 9087
f 9082 9140 9119
f 9079 9189 9091
f 9236 9090 9214
f 9237 9239 9290
f 9240 9242 9292
f 9243 9245 9268
f 9246 9248 9328
f 9249 9251 9909
f 9252 9254 9910
f 9255 9257 9414
f 9258 9260 9400
f 9261 9263 9329
f 9264 9266 9284
f 9267 9245 9421
f 9269 9271 9420
f 9272 9274 9286
f 9275 9277 9370
f 9278 9260 9259
f 9280 9254 9253
f 9282 9242 9241
f 9284 9285 9418
f 9286 9287 9908
f 9288 9274 9368
f 9289 9239 9333
f 9291 9242 9419
f 9293 9295 9351
f 9296 9298 9305
f 9299 9301 9352
f 9302 9304 9356
f 9294 9305 9295
f 9306 9308 9347
f 9309 9308 9315
f 9311 9313 9345
f 9314 9315 9344
f 9316 9318 9342
f 9319 9321 9340
f 9322 9324 9325
f 9317 9325 9318
f 9318 9326 9343
f 9325 9327 9326
f 9238 9268 9239
f 9250 9328 9251
f 9256 9329 9257
f 9330 9332 9407
f 9333 9268 9267
f 9334 9336 9425
f 9337 9339 9452
f 9340 9341 9449
f 9342 9343 9489
f 9344 9300 9299
f 9345 9346 9493
f 9315 9307 9300
f 9347 9310 9496
f 9348 9350 9480
f 9301 9303 9353
f 9351 9317 9316
f 9352 9353 9506
f 9295 9322 9317
f 9354 9312 9311
f 9305 9323 9322
f 9356 9307 9306
f 9357 9294 9293
f 9359 9297 9296
f 9361 9363 9413
f 9364 9366 9911
f 9273 9368 9274
f 9369 9370 9419
f 9371 9368 9420
f 9372 9374 9377
f 9375 9370 9277
f 9377 9365 9364
f 9338 9379 9339
f 9380 9382 9402
f 9383 9385 9448
f 9386 9388 9417
f 9389 9391 9416
f 9392 9393 9439
f 9394 9396 9408
f 9397 9399 9422
f 9400 9387 9386
f 9401 9402 9404
f 9403 9404 9426
f 9374 9267 9365
f 9405 9388 9387
f 9398 9407 9399
f 9408 9409 9423
f 9410 9303 9302
f 9373 9333 9374
f 9358 9296 9294
f 9402 9244 9243
f 9412 9363 9440
f 9414 9401 9403
f 9329 9381 9380
f 9279 9387 9260
f 9415 9391 9392
f 9390 9393 9391
f 9417 9241 9240
f 9396 9418 9409
f 9395 9284 9396
f 9257 9380 9401
f 9283 9419 9242
f 9367 9420 9368
f 9365 9421 9366
f 9335 9422 9336
f 9271 9423 9424
f 9376 9419 9370
f 9424 9420 9271
f 9378 9425 9379
f 9270 9408 9271
f 9426 9238 9237
f 9404 9243 9238
f 9406 9241 9388
f 9427 9256 9255
f 9429 9259 9258
f 9431 9262 9261
f 9433 9259 9430
f 9428 9261 9256
f 9266 9435 9285
f 9331 9437 9332
f 9265 9434 9266
f 9434 9439 9435
f 9436 9440 9437
f 9438 9392 9434
f 9441 9428 9427
f 9443 9430 9429
f 9445 9432 9431
f 9447 9430 9444
f 9442 9431 9428
f 9448 9355 9354
f 9449 9349 9348
f 9300 9304 9301
f 9407 9450 9463
f 9425 9451 9464
f 9452 9453 9920
f 9341 9455 9349
f 9320 9457 9321
f 9321 9454 9341
f 9349 9458 9350
f 9339 9459 9453
f 9362 9461 9363
f 9422 9462 9465
f 9440 9461 9467
f 9399 9463 9462
f 9379 9464 9459
f 9336 9465 9451
f 9332 9466 9450
f 9437 9467 9466
f 9468 9334 9378
f 9470 9338 9337
f 9471 9378 9338
f 9472 9413 9412
f 9474 9449 9483
f 9475 9397 9335
f 9477 9436 9331
f 9479 9480 9507
f 9481 9331 9330
f 9469 9335 9334
f 9482 9330 9398
f 9483 9348 9479
f 9484 9340 9474
f 9478 9412 9436
f 9485 9413 9473
f 9476 9398 9397
f 9486 9320 9319
f 9343 9488 9490
f 9456 9487 9921
f 9489 9490 9504
f 9491 9310 9309
f 9493 9494 9495
f 9484 9495 9499
f 9496 9492 9505
f 9497 9309 9314
f 9326 9498 9488
f 9499 9500 9501
f 9497 9500 9491
f 9491 9502 9492
f 9500 9494 9502
f 9503 9490 9488
f 9503 9492 9502
f 9443 9358 9357
f 9445 9360 9359
f 9480 9362 9361
f 9447 9384 9383
f 9506 9390 9389
f 9441 9411 9410
f 9446 9359 9358
f 9353 9411 9390
f 9350 9460 9362
f 9507 9361 9485
f 9508 9510 9561
f 9511 9513 9563
f 9514 9516 9539
f 9517 9519 9599
f 9520 9522 9913
f 9523 9525 9914
f 9526 9528 9685
f 9529 9531 9671
f 9532 9534 9600
f 9535 9537 9555
f 9538 9516 9692
f 9540 9542 9691
f 9543 9545 9557
f 9546 9548 9641
f 9549 9531 9530
f 9551 9525 9524
f 9553 9513 9512
f 9555 9556 9689
f 9557 9558 9912
f 9559 9545 9639
f 9560 9510 9604
f 9562 9513 9690
f 9564 9566 9622
f 9567 9569 9576
f 9570 9572 9623
f 9573 9575 9627
f 9565 9576 9566
f 9577 9579 9618
f 9580 9579 9586
f 9582 9584 9616
f 9585 9586 9615
f 9587 9589 9613
f 9590 9592 9611
f 9593 9595 9596
f 9588 9596 9589
f 9589 9597 9614
f 9596 9598 9597
f 9509 9539 9510
f 9521 9599 9522
f 9527 9600 9528
f 9601 9603 9678
f 9604 9539 9538
f 9605 9607 9696
f 9608 9610 9723
f 9611 9612 9720
f 9613 9614 9760
f 9615 9571 9570
f 9616 9617 9764
f 9586 9578 9571
f 9618 9581 9767
f 9619 9621 9751
f 9572 9574 9624
f 9622 9588 9587
f 9623 9624 9777
f 9566 9593 9588
f 9625 9583 9582
f 9576 9594 9593
f 9627 9578 9577
f 9628 9565 9564
f 9630 9568 9567
f 9632 9634 9684
f 9635 9637 9915
f 9544 9639 9545
f 9640 9641 9690
f 9642 9639 9691
f 9643 9645 9648
f 9646 9641 9548
f 9648 9636 9635
f 9609 9650 9610
f 9651 9653 9673
f 9654 9656 9719
f 9657 9659 9688
f 9660 9662 9687
f 9663 9664 9710
f 9665 9667 9679
f 9668 9670 9693
f 9671 9658 9657
f 9672 9673 9675
f 9674 9675 9697
f 9645 9538 9636
f 9676 9659 9658
f 9669 9678 9670
f 9679 9680 9694
f 9681 9574 9573
f 9644 9604 9645
f 9629 9567 9565
f 9673 9515 9514
f 9683 9634 9711
f 9685 9672 9674
f 9600 9652 9651
f 9550 9658 9531
f 9686 9662 9663
f 9661 9664 9662
f 9688 9512 9511
f 9667 9689 9680
f 9666 9555 9667
f 9528 9651 9672
f 9554 9690 9513
f 9638 9691 9639
f 9636 9692 9637
f 9606 9693 9607
f 9542 9694 9695
f 9647 9690 9641
f 9695 9691 9542
f 9649 9696 9650
f 9541 9679 9542
f 9697 9509 9508
f 9675 9514 9509
f 9677 9512 9659
f 9698 9527 9526
f 9700 9530 9529
f 9702 9533 9532
f 9704 9530 9701
f 9699 9532 9527
f 9537 9706 9556
f 9602 9708 9603
f 9536 9705 9537
f 9705 9710 9706
f 9707 9711 9708
f 9709 9663 9705
f 9712 9699 9698
f 9714 9701 9700
f 9716 9703 9702
f 9718 9701 9715
f 9713 9702 9699
f 9719 9626 9625
f 9720 9620 9619
f 9571 9575 9572
f 9678 9721 9734
f 9696 9722 9735
f 9723 9724 9922
f 9612 9726 9620
f 9591 9728 9592
f 9592 9725 9612
f 9620 9729 9621
f 9610 9730 9724
f 9633 9732 9634
f 9693 9733 9736
f 9711 9732 9738
f 9670 9734 9733
f 9650 9735 9730
f 9607 9736 9722
f 9603 9737 9721
f 9708 9738 9737
f 9739 9605 9649
f 9741 9609 9608
f 9742 9649 9609
f 9743 9684 9683
f 9745 9720 9754
f 9746 9668 9606
f 9748 9707 9602
f 9750 9751 9778
f 9752 9602 9601
f 9740 9606 9605
f 9753 9601 9669
f 9754 9619 9750
f 9755 9611 9745
f 9749 9683 9707
f 9756 9684 9744
f 9747 9669 9668
f 9757 9591 9590
f 9614 9759 9761
f 9727 9758 9923
f 9760 9761 9775
f 9762 9581 9580
f 9764 9765 9766
f 9755 9766 9770
f 9767 9763 9776
f 9768 9580 9585
f 9597 9769 9759
f 9770 9771 9772
f 9768 9771 9762
f 9762 9773 9763
f 9771 9765 9773
f 9774 9761 9759
f 9774 9763 9773
f 9714 9629 9628
f 9716 9631 9630
f 9751 9633 9632
f 9718 9655 9654
f 9777 9661 9660
f 9712 9682 9681
f 9717 9630 9629
f 9624 9682 9661
f 9621 9731 9633
f 9778 9632 9756
f 9779 9781 9793
f 9782 9784 9786
f 9785 9786 9826
f 9787 9789 9792
f 9790 9784 9783
f 9792 9793 10358
f 9794 9796 9839
f 9797 9799 9805
f 9800 9802 9840
f 9798 9804 9799
f 9795 9805 9796
f 9806 9808 9822
f 9809 9808 9815
f 9811 9813 9834
f 9814 9815 9833
f 9812 9817 9813
f 9818 9820 9830
f 9821 9822 9823
f 9816 9823 9817
f 9817 9824 9832
f 9823 9825 9824
f 9780 9826 9781
f 9827 9829 9884
f 9830 9831 9883
f 9813 9832 9835
f 9833 9801 9800
f 9834 9835 9887
f 9815 9807 9801
f 9822 9810 9825
f 9836 9838 9886
f 9802 9803 9841
f 9839 9816 9812
f 9840 9841 9885
f 9796 9821 9816
f 9842 9812 9811
f 9805 9806 9821
f 9799 9807 9806
f 9843 9795 9794
f 9845 9798 9797
f 9847 9849 9859
f 9850 9794 9882
f 9851 9853 9864
f 9854 9855 9866
f 9786 9856 9861
f 9846 9803 9798
f 9844 9797 9795
f 9858 9849 9876
f 9793 9860 10358
f 9826 9861 9865
f 9791 9856 9784
f 9863 9853 9854
f 9852 9855 9853
f 9781 9865 9860
f 9866 9780 9779
f 9868 9783 9782
f 9870 9782 9785
f 9871 9783 9869
f 9867 9785 9780
f 9789 9779 9793
f 9828 9874 9829
f 9788 9872 9789
f 9872 9866 9779
f 9873 9876 9874
f 9875 9854 9872
f 9855 9867 9866
f 9878 9869 9868
f 9880 9868 9870
f 9881 9869 9879
f 9877 9870 9867
f 9882 9839 9842
f 9883 9837 9836
f 9801 9804 9802
f 9884 9788 9787
f 9831 9840 9837
f 9819 9833 9820
f 9820 9800 9831
f 9837 9885 9838
f 9848 9864 9849
f 9876 9864 9863
f 9829 9875 9788
f 9874 9863 9875
f 9871 9859 9858
f 9834 9883 9811
f 9791 9873 9828
f 9842 9886 9882
f 9862 9828 9827
f 9811 9836 9842
f 9887 9830 9834
f 9790 9858 9873
f 9850 9859 9881
f 9888 9819 9818
f 9832 9890 9891
f 9814 9889 9896
f 9835 9891 9894
f 9892 9810 9809
f 9887 9894 9895
f 9818 9895 9888
f 9825 9893 9897
f 9896 9809 9814
f 9824 9897 9890
f 9888 9898 9889
f 9896 9898 9892
f 9892 9899 9893
f 9898 9894 9899
f 9899 9891 9890
f 9890 9893 9899
f 9879 9844 9843
f 9880 9846 9845
f 9886 9848 9847
f 9881 9843 9850
f 9885 9852 9851
f 9877 9857 9846
f 9878 9845 9844
f 9841 9857 9852
f 9838 9851 9848
f 9882 9847 9850
f 8881 8748 8882
f 8702 8750 8703
f 9900 9901 9948
f 8705 9902 8706
f 8893 8872 8743
f 8720 8858 8721
f 8829 8748 8747
f 8879 8750 8749
f 8843 8809 8813
f 8755 8814 8756
f 8781 8805 8782
f 8770 8800 8771
f 8771 8947 8804
f 8782 8954 8785
f 8813 8774 8770
f 8756 8764 8781
f 8842 8751 8843
f 8745 8831 8830
f 9903 8834 8833
f 8839 8875 8840
f 8721 8844 8839
f 8876 8884 8867
f 8818 8760 8755
f 8746 8747 8831
f 8743 8861 8876
f 8840 8698 8702
f 8824 8749 8834
f 8867 8695 8881
f 8897 8713 8893
f 8890 8716 8720
f 8851 8885 8897
f 8904 8887 8890
f 8804 8962 8952
f 8785 8963 8956
f 8960 8962 8961
f 8946 8963 8961
f 8902 8815 8842
f 8900 8868 8818
f 9152 9019 9153
f 8973 9021 8974
f 9904 9905 10445
f 8976 9906 8977
f 9164 9143 9014
f 8991 9129 8992
f 9100 9019 9018
f 9150 9021 9020
f 9114 9080 9084
f 9026 9085 9027
f 9052 9076 9053
f 9041 9071 9042
f 9042 9218 9075
f 9053 9225 9056
f 9084 9045 9041
f 9027 9035 9052
f 9113 9022 9114
f 9016 9102 9101
f 9907 9105 9104
f 9110 9146 9111
f 8992 9115 9110
f 9147 9155 9138
f 9089 9031 9026
f 9017 9018 9102
f 9014 9132 9147
f 9111 8969 8973
f 9095 9020 9105
f 9138 8966 9152
f 9168 8984 9164
f 9161 8987 8991
f 9122 9156 9168
f 9175 9158 9161
f 9075 9233 9223
f 9056 9234 9227
f 9231 9233 9232
f 9217 9234 9232
f 9173 9086 9113
f 9171 9139 9089
f 9423 9290 9424
f 9244 9292 9245
f 9908 9909 10446
f 9247 9910 9248
f 9435 9414 9285
f 9262 9400 9263
f 9371 9290 9289
f 9421 9292 9291
f 9385 9351 9355
f 9297 9356 9298
f 9323 9347 9324
f 9312 9342 9313
f 9313 9489 9346
f 9324 9496 9327
f 9355 9316 9312
f 9298 9306 9323
f 9384 9293 9385
f 9287 9373 9372
f 9911 9376 9375
f 9381 9417 9382
f 9263 9386 9381
f 9418 9426 9409
f 9360 9302 9297
f 9288 9289 9373
f 9285 9403 9418
f 9382 9240 9244
f 9366 9291 9376
f 9409 9237 9423
f 9439 9255 9435
f 9432 9258 9262
f 9393 9427 9439
f 9446 9429 9432
f 9346 9504 9494
f 9327 9505 9498
f 9502 9504 9503
f 9488 9505 9503
f 9444 9357 9384
f 9442 9410 9360
f 9694 9561 9695
f 9515 9563 9516
f 9912 9913 10451
f 9518 9914 9519
f 9706 9685 9556
f 9533 9671 9534
f 9642 9561 9560
f 9692 9563 9562
f 9656 9622 9626
f 9568 9627 9569
f 9594 9618 9595
f 9583 9613 9584
f 9584 9760 9617
f 9595 9767 9598
f 9626 9587 9583
f 9569 9577 9594
f 9655 9564 9656
f 9558 9644 9643
f 9915 9647 9646
f 9652 9688 9653
f 9534 9657 9652
f 9689 9697 9680
f 9631 9573 9568
f 9559 9560 9644
f 9556 9674 9689
f 9653 9511 9515
f 9637 9562 9647
f 9680 9508 9694
f 9710 9526 9706
f 9703 9529 9533
f 9664 9698 9710
f 9717 9700 9703
f 9617 9775 9765
f 9598 9776 9769
f 9773 9775 9774
f 9759 9776 9774
f 9715 9628 9655
f 9713 9681 9631
f 8921 8723 8722
f 8922 8728 8727
f 9916 8731 8730
f 8912 8810 8913
f 8914 8802 8915
f 8915 8757 8912
f 8913 8964 8916
f 8911 8825 8731
f 8918 8874 8919
f 8923 8853 8852
f 8925 8874 8873
f 8920 8722 8853
f 8917 8727 8825
f 8909 8852 8728
f 8908 8896 8723
f 8924 8873 8896
f 8733 8927 8926
f 8738 8929 8928
f 8734 8926 8929
f 8891 8931 8930
f 8803 8941 8769
f 8741 8934 8933
f 8737 8936 8935
f 8812 8965 8906
f 8863 8935 8939
f 8827 8933 8927
f 8864 8939 8940
f 8769 8937 8812
f 8951 8932 8803
f 8736 8930 8936
f 8841 8931 8905
f 8740 8940 8934
f 8777 8957 8944
f 9917 8772 8914
f 8944 8959 8945
f 9917 8959 8955
f 8916 8847 8918
f 8906 8943 8841
f 9192 8994 8993
f 9193 8999 8998
f 9918 9002 9001
f 9183 9081 9184
f 9185 9073 9186
f 9186 9028 9183
f 9184 9235 9187
f 9182 9096 9002
f 9189 9145 9190
f 9194 9124 9123
f 9196 9145 9144
f 9191 8993 9124
f 9188 8998 9096
f 9180 9123 8999
f 9179 9167 8994
f 9195 9144 9167
f 9004 9198 9197
f 9009 9200 9199
f 9005 9197 9200
f 9162 9202 9201
f 9074 9212 9040
f 9012 9205 9204
f 9008 9207 9206
f 9083 9236 9177
f 9134 9206 9210
f 9098 9204 9198
f 9135 9210 9211
f 9040 9208 9083
f 9222 9203 9074
f 9007 9201 9207
f 9112 9202 9176
f 9011 9211 9205
f 9048 9228 9215
f 9919 9043 9185
f 9215 9230 9216
f 9919 9230 9226
f 9187 9118 9189
f 9177 9214 9112
f 9463 9265 9264
f 9464 9270 9269
f 9920 9273 9272
f 9454 9352 9455
f 9456 9344 9457
f 9457 9299 9454
f 9455 9506 9458
f 9453 9367 9273
f 9460 9416 9461
f 9465 9395 9394
f 9467 9416 9415
f 9462 9264 9395
f 9459 9269 9367
f 9451 9394 9270
f 9450 9438 9265
f 9466 9415 9438
f 9275 9469 9468
f 9280 9471 9470
f 9276 9468 9471
f 9433 9473 9472
f 9345 9483 9311
f 9283 9476 9475
f 9279 9478 9477
f 9354 9507 9448
f 9405 9477 9481
f 9369 9475 9469
f 9406 9481 9482
f 9311 9479 9354
f 9493 9474 9345
f 9278 9472 9478
f 9383 9473 9447
f 9282 9482 9476
f 9319 9499 9486
f 9921 9314 9456
f 9486 9501 9487
f 9921 9501 9497
f 9458 9389 9460
f 9448 9485 9383
f 9734 9536 9535
f 9735 9541 9540
f 9922 9544 9543
f 9725 9623 9726
f 9727 9615 9728
f 9728 9570 9725
f 9726 9777 9729
f 9724 9638 9544
f 9731 9687 9732
f 9736 9666 9665
f 9738 9687 9686
f 9733 9535 9666
f 9730 9540 9638
f 9722 9665 9541
f 9721 9709 9536
f 9737 9686 9709
f 9546 9740 9739
f 9551 9742 9741
f 9547 9739 9742
f 9704 9744 9743
f 9616 9754 9582
f 9554 9747 9746
f 9550 9749 9748
f 9625 9778 9719
f 9676 9748 9752
f 9640 9746 9740
f 9677 9752 9753
f 9582 9750 9625
f 9764 9745 9616
f 9549 9743 9749
f 9654 9744 9718
f 9553 9753 9747
f 9590 9770 9757
f 9923 9585 9727
f 9757 9772 9758
f 9923 9772 9768
f 9729 9660 9731
f 9719 9756 9654
f 9328 9924 9963
f 9925 9927 10454
f 9928 9522 9599
f 9930 9552 9941
f 9901 9932 9946
f 9933 9935 9955
f 9599 9936 9928
f 9937 9519 9914
f 9938 9940 9942
f 9941 9942 9930
f 9943 9945 10452
f 9946 9948 9901
f 9949 9926 10055
f 9950 8980 9057
f 9934 9953 9935
f 9954 9939 10061
f 9955 9957 9933
f 9958 9944 10057
f 9057 9959 9950
f 9960 8709 8786
f 9947 9956 9948
f 9931 9525 9552
f 9914 9961 9937
f 9962 9952 10447
f 9963 9251 9328
f 8786 9965 9960
f 9966 9945 9958
f 9968 9970 9992
f 9971 9940 9954
f 9973 9975 10485
f 9976 9927 9949
f 9977 9978 9985
f 9979 9981 9989
f 9982 9984 9989
f 9985 9987 10455
f 9910 9924 9248
f 9982 9981 9990
f 9982 9991 10449
f 9992 9993 10002
f 9994 9996 10339
f 9983 9970 9984
f 9997 9251 9964
f 9998 9999 10354
f 10000 9993 9983
f 9986 9978 9999
f 10002 10001 10690
f 10003 10005 10009
f 10006 10008 10022
f 10009 10011 10003
f 10007 10013 10008
f 10014 10012 10019
f 10015 10017 10020
f 10018 10019 10049
f 10020 10021 10456
f 10022 10024 10006
f 10025 10027 10042
f 10028 10030 10472
f 10031 10033 10041
f 10026 10035 10027
f 10024 10037 10338
f 9906 9959 8977
f 10029 10039 10030
f 10040 10041 10465
f 10028 10042 10470
f 10043 10012 10007
f 10036 10046 10037
f 10047 10005 10347
f 10023 10036 10024
f 10005 10050 10347
f 8822 8705 8704
f 8830 8708 8707
f 8833 8711 8710
f 9955 8744 9956
f 8734 8711 8735
f 9956 9900 9948
f 8835 8704 8708
f 9962 8910 9953
f 9953 9916 9935
f 10051 8795 9962
f 8745 8707 9900
f 9903 8710 8705
f 9935 8730 9955
f 8739 8928 10051
f 10052 9066 9925
f 9101 8979 8978
f 9104 8982 8981
f 9005 8982 9006
f 9276 9253 9277
f 10053 9015 10056
f 10054 9337 9943
f 9944 9920 10057
f 9925 9181 9926
f 9377 9246 9250
f 10055 9001 10053
f 9907 8981 8976
f 9375 9253 9252
f 9016 8978 9904
f 9372 9250 9249
f 9010 9199 10052
f 9926 9918 10055
f 9939 9922 10061
f 9106 8975 8979
f 10056 9904 10445
f 10057 9272 10058
f 9093 8976 8975
f 9281 9470 10054
f 9938 9723 9939
f 10058 9286 10060
f 9635 9518 9517
f 10059 9557 10062
f 9643 9521 9520
f 9911 9252 9247
f 10060 9908 10446
f 9364 9247 9246
f 9287 9249 9908
f 9943 9452 9944
f 9915 9523 9518
f 9648 9517 9521
f 10061 9543 10059
f 9941 9608 9938
f 9558 9520 9912
f 9552 9741 9941
f 10062 9912 10451
f 9646 9524 9523
f 9547 9524 9548
f 10063 8543 8542
f 10065 8545 8544
f 10067 8547 8546
f 10066 8548 8545
f 10070 10071 10095
f 8551 10072 10097
f 10069 8552 8548
f 8550 10064 10071
f 10073 8554 8553
f 10075 8546 8555
f 8555 10076 10075
f 10074 8557 8554
f 10068 8558 8547
f 8556 10079 10076
f 10077 8542 8557
f 10078 8544 8558
f 10080 10072 10069
f 10071 10082 10096
f 10083 10074 10073
f 10085 10067 10075
f 10075 10087 10085
f 10084 10077 10074
f 10089 10078 10068
f 10076 10091 10087
f 10088 10063 10077
f 10090 10065 10078
f 10092 10064 10063
f 10093 10066 10065
f 10086 10068 10067
f 10094 10069 10066
f 10095 10096 10112
f 10097 10081 10114
f 10098 10084 10083
f 10100 10086 10085
f 10085 10102 10100
f 10099 10088 10084
f 10104 10090 10089
f 10087 10106 10102
f 10103 10092 10088
f 10105 10093 10090
f 10107 10082 10092
f 10108 10094 10093
f 10101 10089 10086
f 10110 10080 10094
f 10112 10113 10127
f 10114 10115 10129
f 10111 10081 10080
f 10096 10109 10113
f 10116 10103 10099
f 10118 10105 10104
f 10102 10120 10133
f 10117 10107 10103
f 10119 10108 10105
f 10121 10109 10107
f 10122 10110 10108
f 10125 10104 10101
f 10124 10111 10110
f 10127 10128 10148
f 10129 10130 10150
f 10126 10115 10111
f 10113 10123 10128
f 10131 10099 10098
f 10132 10101 10100
f 10100 10133 10132
f 10134 10116 10131
f 10136 10125 10132
f 10132 10138 10136
f 10135 10117 10116
f 10140 10119 10118
f 10133 10142 10138
f 10139 10121 10117
f 10141 10122 10119
f 10143 10123 10121
f 10144 10124 10122
f 10137 10118 10125
f 10146 10126 10124
f 10148 10149 10163
f 10150 10151 10165
f 10147 10130 10126
f 10128 10145 10149
f 10152 10139 10135
f 10154 10141 10140
f 10138 10156 10169
f 10153 10143 10139
f 10155 10144 10141
f 10157 10145 10143
f 10158 10146 10144
f 10161 10140 10137
f 10160 10147 10146
f 10163 10164 10179
f 10165 10166 10181
f 10162 10151 10147
f 10149 10159 10164
f 10167 10135 10134
f 10168 10137 10136
f 10136 10169 10168
f 10170 10157 10153
f 10172 10158 10155
f 10171 10159 10157
f 10173 10160 10158
f 10176 10154 10161
f 10175 10162 10160
f 10179 10180 10195
f 10181 10182 10197
f 10178 10166 10162
f 10164 10174 10180
f 10183 10152 10167
f 10185 10161 10168
f 10168 10186 10185
f 10184 10153 10152
f 10177 10155 10154
f 10169 10187 10186
f 10188 10174 10171
f 10190 10175 10173
f 10192 10177 10176
f 10191 10178 10175
f 10195 10196 10210
f 10197 10198 10212
f 10194 10182 10178
f 10180 10189 10196
f 10199 10184 10183
f 10201 10176 10185
f 10185 10202 10201
f 10200 10170 10184
f 10193 10172 10177
f 10186 10205 10202
f 10203 10171 10170
f 10204 10173 10172
f 10206 10193 10192
f 10208 10194 10191
f 10210 10211 10240
f 10212 10213 10224
f 10209 10198 10194
f 10196 10214 10211
f 10215 10200 10199
f 10217 10192 10201
f 10201 10218 10217
f 10216 10203 10200
f 10207 10204 10193
f 10202 10221 10218
f 10219 10188 10203
f 10220 10190 10204
f 10222 10189 10188
f 10223 10191 10190
f 10224 10225 10258
f 10226 10213 10209
f 10211 10227 10241
f 10228 10216 10215
f 10230 10206 10217
f 10217 10232 10230
f 10229 10219 10216
f 10234 10220 10207
f 10218 10236 10232
f 10233 10222 10219
f 10235 10223 10220
f 10237 10214 10222
f 10238 10208 10223
f 10231 10207 10206
f 10239 10209 10208
f 10240 10241 10256
f 10242 10229 10228
f 10244 10231 10230
f 10230 10246 10244
f 10243 10233 10229
f 10248 10235 10234
f 10232 10250 10246
f 10247 10237 10233
f 10249 10238 10235
f 10251 10227 10237
f 10252 10239 10238
f 10245 10234 10231
f 10254 10226 10239
f 10256 10257 10271
f 10258 10259 10273
f 10255 10225 10226
f 10241 10253 10257
f 10260 10247 10243
f 10262 10249 10248
f 10246 10264 10277
f 10261 10251 10247
f 10263 10252 10249
f 10265 10253 10251
f 10266 10254 10252
f 10269 10248 10245
f 10268 10255 10254
f 10271 10272 10287
f 10273 10274 10289
f 10270 10259 10255
f 10257 10267 10272
f 10275 10243 10242
f 10276 10245 10244
f 10244 10277 10276
f 10278 10265 10261
f 10280 10266 10263
f 10279 10267 10265
f 10281 10268 10266
f 10284 10262 10269
f 10283 10270 10268
f 10287 10288 10303
f 10289 10290 10305
f 10286 10274 10270
f 10272 10282 10288
f 10291 10260 10275
f 10293 10269 10276
f 10276 10294 10293
f 10292 10261 10260
f 10285 10263 10262
f 10277 10295 10294
f 10296 10282 10279
f 10298 10283 10281
f 10300 10285 10284
f 10299 10286 10283
f 10303 10304 10500
f 10305 10306 10647
f 10302 10290 10286
f 10288 10297 10304
f 10307 10292 10291
f 10309 10284 10293
f 10293 10310 10309
f 10308 10278 10292
f 10301 10280 10285
f 10294 10313 10310
f 10311 10279 10278
f 10312 10281 10280
f 10314 10301 10300
f 10316 10302 10299
f 10318 10320 10707
f 10321 10323 10615
f 10317 10306 10302
f 10319 10325 10320
f 10326 10308 10307
f 10328 10300 10309
f 10328 10330 10357
f 10327 10311 10308
f 10315 10312 10301
f 10329 10334 10330
f 10331 10296 10311
f 10332 10298 10312
f 10335 10297 10296
f 10336 10299 10298
f 10049 10337 10050
f 10006 10338 10340
f 10339 10045 9994
f 10340 10007 10006
f 10341 10044 10653
f 10342 10338 10654
f 10019 10044 10337
f 10343 9936 10350
f 10344 8980 9951
f 9902 9965 8706
f 9905 8712 10445
f 9902 10344 10345
f 9928 10346 9929
f 10347 9929 10346
f 9909 8983 10446
f 10337 10349 10050
f 9906 9997 10038
f 10050 10348 10347
f 10047 10350 10351
f 10009 10351 10010
f 10348 9522 9929
f 9910 10348 9988
f 9913 9254 10451
f 10343 10347 10346
f 10352 10354 9999
f 10355 10334 10715
f 10356 10330 10355
f 9792 10359 10368
f 10360 9856 9862
f 10362 9884 9787
f 9827 10363 10366
f 10364 9865 9861
f 10361 9861 9856
f 10366 9862 9827
f 10365 9860 9865
f 9787 10368 10362
f 10367 10358 9860
f 10369 10367 10365
f 10370 10359 10367
f 10362 10372 10375
f 10373 10361 10360
f 10368 10371 10372
f 10375 10363 10362
f 10366 10376 10377
f 10377 10360 10366
f 10378 10365 10364
f 10374 10364 10361
f 10379 10369 10378
f 10381 10378 10374
f 10380 10370 10369
f 10382 10371 10370
f 10375 10384 10386
f 10385 10374 10373
f 10372 10383 10384
f 10386 10376 10375
f 10377 10387 10388
f 10388 10373 10377
f 10389 10387 10386
f 10388 10390 10391
f 10391 10385 10388
f 10393 10380 10379
f 10395 10379 10381
f 10394 10382 10380
f 10396 10383 10382
f 10386 10398 10389
f 10392 10381 10385
f 10384 10397 10398
f 10389 10399 10403
f 10400 10395 10392
f 10398 10402 10399
f 10403 10390 10389
f 10391 10404 10405
f 10405 10392 10391
f 10406 10394 10393
f 10401 10393 10395
f 10407 10396 10394
f 10408 10397 10396
f 10409 10408 10407
f 10410 10402 10408
f 10403 10412 10415
f 10413 10401 10400
f 10399 10411 10412
f 10415 10404 10403
f 10405 10416 10417
f 10417 10400 10405
f 10418 10407 10406
f 10414 10406 10401
f 10419 10410 10657
f 10420 10411 10419
f 10421 10423 10428
f 10422 10425 10423
f 10424 10427 10425
f 10428 10429 10430
f 10430 10431 10432
f 10432 10433 10437
f 10434 10436 10487
f 10437 10438 10439
f 10439 10440 10444
f 10441 10442 10667
f 10443 10440 10441
f 8739 10445 8712
f 9010 10446 8983
f 10051 10056 8739
f 10053 9962 10055
f 10055 10447 9949
f 9979 9949 10447
f 9991 10421 10449
f 9983 10449 10000
f 10450 10412 10420
f 10052 10060 9010
f 10058 9925 10057
f 9281 10451 9254
f 10054 10062 9281
f 10059 9943 10061
f 10061 10452 9954
f 9977 9954 10452
f 10352 9992 10002
f 10353 10002 10690
f 9999 10453 10352
f 9966 9992 10453
f 10454 10057 9925
f 10455 9975 9974
f 10040 10021 10467
f 10049 10004 10018
f 10046 10458 10037
f 10046 10459 10457
f 10340 10460 10043
f 10010 9973 10485
f 10461 10415 10450
f 10462 10456 10466
f 10463 10026 10025
f 10465 10456 10040
f 10467 10031 10040
f 10464 10034 10026
f 10470 10029 10028
f 10468 10032 10031
f 10472 10025 10028
f 10471 10032 10029
f 9975 10473 10689
f 10438 10442 10440
f 9986 10473 9987
f 10433 10474 10438
f 10476 10416 10461
f 10417 10477 10413
f 10478 10413 10477
f 10479 10414 10478
f 10418 10480 10409
f 10034 10436 10435
f 10481 10483 10662
f 10482 10484 10666
f 10011 10485 10695
f 10486 10487 10678
f 10356 10489 10490
f 10490 10491 10492
f 10492 10493 10494
f 10494 10495 10496
f 10496 10497 10562
f 10498 10500 10318
f 10501 10500 10499
f 10502 10287 10613
f 10503 7642 10504
f 10504 7641 10505
f 10505 7640 10506
f 10506 7639 10507
f 10507 7773 10508
f 10508 7636 10509
f 10509 7647 10567
f 10510 7621 10567
f 10510 7508 10568
f 10511 10512 10568
f 10511 7634 10569
f 10513 7619 10569
f 268 10514 7035
f 10515 7035 10514
f 10517 10518 10573
f 10519 7443 10517
f 10520 7128 10575
f 10521 7181 10520
f 10522 7197 10521
f 10522 7176 10576
f 10523 7199 10576
f 10524 7184 10523
f 10526 10525 10524
f 10526 7299 10577
f 10527 7290 10577
f 10528 7308 10527
f 10528 7341 10529
f 10529 7364 10578
f 10530 7355 10578
f 10531 7372 10530
f 10531 7405 10532
f 10532 7413 10533
f 10533 7430 10579
f 10534 7419 10579
f 10534 7412 10535
f 10535 7404 10580
f 10536 7399 10580
f 10536 7366 10581
f 10537 7374 10581
f 10538 7358 10537
f 10538 7318 10539
f 10539 7301 10582
f 10540 7310 10582
f 10541 7293 10540
f 10541 7177 10583
f 10542 7192 10583
f 10543 7189 10542
f 10544 7190 10543
f 10544 7169 10584
f 10545 7187 10584
f 10545 7194 10585
f 10546 7441 10547
f 10547 7440 10587
f 7094 10515 10548
f 7094 10549 7095
f 10550 8265 10503
f 10550 8285 10607
f 10551 8178 10607
f 10552 8179 10551
f 10553 8180 10552
f 10554 8181 10553
f 10554 8480 10608
f 10555 8183 10608
f 10555 8201 10556
f 10556 8203 10609
f 10557 8186 10609
f 10557 8502 10558
f 10558 8517 10559
f 10559 8533 10610
f 10560 8510 10610
f 10560 10070 10561
f 10561 10095 10611
f 10562 10563 10564
f 10564 10565 10726
f 8289 10504 8290
f 8290 10505 7628
f 7628 10506 7629
f 7629 10507 7501
f 7501 10508 7502
f 7502 10509 10566
f 10566 10567 7621
f 7646 10567 7647
f 7725 10568 10512
f 7635 10568 7508
f 7618 10569 7619
f 10570 7126 11772
f 10571 7095 10549
f 10571 7097 7096
f 7442 10573 11783
f 10574 10517 7442
f 7171 10575 7195
f 7170 10520 7171
f 7173 10521 7170
f 7258 10576 7199
f 7175 10576 7176
f 7178 10523 7175
f 7270 10524 7178
f 7274 10577 7290
f 7302 10577 7299
f 7319 10527 7302
f 7325 10529 7349
f 7349 10578 7355
f 7367 10578 7364
f 7382 10530 7367
f 7387 10532 7396
f 7396 10533 7418
f 7418 10579 7419
f 7429 10579 7430
f 7424 10535 7407
f 7407 10580 7399
f 7381 10580 7404
f 7389 10581 7374
f 7363 10581 7366
f 7340 10537 7363
f 7333 10539 7327
f 7327 10582 7310
f 7298 10582 7301
f 7269 10540 7298
f 7272 10583 7192
f 7174 10583 7177
f 7257 10542 7174
f 7172 10543 7257
f 7188 10584 7187
f 7445 10584 7169
f 7185 10585 7155
f 7120 10547 10586
f 10586 10587 11749
f 10588 7097 10572
f 10589 10591 10592
f 10592 10593 10594
f 10594 10595 11897
f 10596 10598 10599
f 10599 10600 10601
f 10601 10602 10603
f 10603 10604 10605
f 10605 10606 11952
f 8329 10503 8289
f 8325 10607 8178
f 8189 10607 8285
f 8192 10551 8189
f 8194 10552 8192
f 8196 10553 8194
f 8182 10608 8183
f 8198 10608 8480
f 8184 10556 8185
f 8185 10609 8186
f 8205 10609 8203
f 8187 10558 8188
f 8188 10559 8496
f 8496 10610 8510
f 8549 10610 8533
f 8541 10561 8559
f 8559 10611 10079
f 10463 10612 10464
f 10472 10488 10463
f 10489 10030 10491
f 10491 10039 10493
f 10468 10493 10039
f 10303 10613 10287
f 10467 10495 10468
f 10497 10021 10563
f 10614 10323 10726
f 10333 10616 10334
f 10295 10499 10313
f 8374 10617 10618
f 8381 10618 10619
f 8388 10619 10620
f 8395 10620 10621
f 8399 10621 10622
f 1735 10622 3966
f 10623 10624 10629
f 8477 10625 10624
f 8417 10626 10625
f 8406 10627 10626
f 8483 10628 10627
f 8487 10629 10693
f 8484 10630 10628
f 8494 10631 10630
f 8519 10632 10631
f 8535 10633 10632
f 10097 10633 8551
f 10114 10634 10097
f 10129 10635 10114
f 10150 10636 10129
f 10165 10637 10150
f 10181 10638 10165
f 10197 10639 10181
f 10212 10640 10197
f 10224 10641 10212
f 10258 10642 10224
f 10273 10643 10258
f 10289 10644 10273
f 10305 10645 10289
f 10647 10646 10305
f 10321 10648 10647
f 10650 10615 10614
f 10017 10563 10021
f 10349 9988 10050
f 10453 9967 9966
f 10652 9980 9933
f 10341 9924 10349
f 9963 10653 9964
f 10454 9969 9968
f 10044 9964 10653
f 10455 9972 9971
f 9933 9952 9934
f 9997 10043 10038
f 10460 10038 10043
f 10342 9959 10460
f 9950 10654 9951
f 9984 9969 9976
f 10452 9967 9977
f 9930 9974 9931
f 10338 9951 10654
f 10447 9980 9979
f 10344 10037 10345
f 10458 10345 10037
f 10457 9965 10458
f 9930 9940 9972
f 9960 10459 9932
f 10339 9932 10459
f 9946 9996 9947
f 9995 10656 9996
f 10652 10655 10691
f 9931 9973 9961
f 10351 9961 9973
f 9937 10350 9936
f 9947 10656 9957
f 9989 9976 9979
f 9985 9971 9977
f 9958 9968 9966
f 10409 10657 10410
f 10658 10477 10692
f 10659 10478 10658
f 10045 10048 10665
f 10435 10035 10034
f 10016 10565 10017
f 10434 10479 10659
f 10016 10663 10661
f 10664 10045 10665
f 10665 10660 10664
f 10660 10658 10664
f 9994 10658 9995
f 10048 10035 10665
f 10023 10027 10048
f 10441 10666 10443
f 10482 10667 10483
f 10668 10663 10662
f 10670 10669 10668
f 10672 10671 10670
f 10674 10673 10672
f 10676 10675 10674
f 10678 10677 10676
f 10487 10679 10678
f 10436 10680 10487
f 10668 10483 10682
f 10427 10486 10678
f 10670 10682 10684
f 10483 10442 10682
f 10431 10475 10433
f 10683 10429 10687
f 10474 10682 10442
f 10684 10475 10685
f 10685 10683 10686
f 10686 10687 10688
f 10672 10684 10685
f 10686 10672 10685
f 10674 10688 10676
f 10429 10425 10687
f 10687 10427 10688
f 10427 10676 10688
f 10485 10689 10695
f 10022 10042 10023
f 10470 10008 10471
f 10471 10013 10033
f 10014 10033 10013
f 10018 10041 10014
f 10004 10465 10018
f 10003 10466 10004
f 10689 10484 10695
f 10666 10473 10443
f 9998 10443 10473
f 10444 10354 10439
f 10353 10439 10354
f 10437 10690 10432
f 10432 10001 10430
f 10000 10430 10001
f 10428 10449 10421
f 10652 9957 10656
f 9990 10655 9991
f 10652 9990 9981
f 9995 10692 10655
f 10618 8367 8366
f 10619 8366 8375
f 10620 8375 8382
f 10621 8382 8389
f 10622 8389 8396
f 3966 8396 1736
f 10629 8421 8420
f 10624 8433 8421
f 10625 8442 8433
f 10626 8457 8442
f 10627 8468 8457
f 10693 8420 8485
f 10628 8504 8468
f 10630 8521 8504
f 10631 8537 8521
f 10632 8553 8537
f 10481 10016 10015
f 10634 8553 10633
f 10635 10073 10634
f 10636 10083 10635
f 10637 10098 10636
f 10638 10131 10637
f 10639 10134 10638
f 10640 10167 10639
f 10641 10183 10640
f 10642 10199 10641
f 10643 10215 10642
f 10644 10228 10643
f 10645 10242 10644
f 10646 10275 10645
f 10648 10291 10646
f 10649 10307 10648
f 10469 10681 10436
f 10464 10694 10469
f 10695 10696 10011
f 10481 10696 10484
f 10462 10011 10696
f 10015 10462 10696
f 10697 10256 10703
f 10697 10205 10704
f 10698 10210 10704
f 10698 10156 10705
f 10699 10179 10705
f 10700 10163 10699
f 10701 10148 10700
f 10702 10127 10701
f 10221 10703 10236
f 10240 10704 10210
f 10187 10704 10205
f 10195 10705 10179
f 10142 10705 10156
f 10120 10699 10142
f 10106 10700 10120
f 10091 10701 10106
f 10703 10271 10502
f 10501 10264 10613
f 10611 10112 10702
f 10236 10502 10250
f 10079 10702 10091
f 10250 10613 10264
f 10659 10435 10434
f 10476 10692 10477
f 10448 10461 10421
f 10421 10450 10422
f 10422 10420 10424
f 10424 10419 10426
f 10426 10657 10486
f 10486 10480 10434
f 10706 10707 10708
f 10708 10320 10709
f 10709 10325 10725
f 10710 10677 10725
f 10711 10675 10710
f 10712 10673 10711
f 10713 10671 10712
f 10713 10651 10650
f 10715 10616 10706
f 10716 10315 10314
f 10718 10317 10316
f 10500 10319 10318
f 10647 10322 10321
f 10719 10322 10317
f 10304 10324 10319
f 10714 10327 10326
f 10357 10314 10328
f 10309 10329 10328
f 10720 10331 10327
f 10717 10332 10315
f 10310 10333 10329
f 10721 10335 10331
f 10722 10336 10332
f 10723 10324 10335
f 10724 10316 10336
f 10616 10318 10707
f 10313 10498 10333
f 10615 10649 10321
f 10651 10326 10649
f 10663 10614 10661
f 10357 10490 10716
f 10721 10710 10723
f 10488 10355 10612
f 10679 10725 10677
f 10612 10715 10694
f 10719 10726 10323
f 10694 10706 10681
f 10722 10496 10724
f 10718 10564 10719
f 10680 10709 10679
f 10714 10712 10720
f 10717 10494 10722
f 10724 10562 10718
f 10669 10650 10663
f 10723 10725 10325
f 10716 10492 10717
f 10661 10726 10565
f 10720 10711 10721
f 10681 10708 10680
f 10655 10448 9991
f 8393 10727 10738
f 10728 10729 10743
f 8386 10730 10727
f 8260 8694 10732
f 8427 10731 10733
f 8261 10732 10735
f 8414 10733 10729
f 8379 10734 10730
f 8486 10735 10731
f 1734 10736 4080
f 8372 10737 10734
f 8398 10738 10736
f 10736 10739 10741
f 10735 10740 10751
f 4080 10741 4087
f 10734 10742 10745
f 10743 10744 10757
f 10730 10745 10747
f 10729 10746 10744
f 10727 10747 10749
f 10733 10748 10746
f 10738 10749 10739
f 10732 10750 10740
f 10731 10751 10748
f 10748 10752 10762
f 10741 10753 10755
f 10751 10754 10752
f 4087 10755 4102
f 10745 10756 10759
f 10757 10758 10770
f 10747 10759 10761
f 10744 10760 10758
f 10749 10761 10763
f 10746 10762 10760
f 10739 10763 10753
f 10740 10764 10754
f 10762 10765 10775
f 10755 10766 10768
f 10752 10767 10765
f 4102 10768 4116
f 10759 10769 10772
f 10770 10771 10783
f 10761 10772 10774
f 10758 10773 10771
f 10763 10774 10776
f 10760 10775 10773
f 10753 10776 10766
f 10754 10777 10767
f 10775 10778 10788
f 10768 10779 10781
f 10765 10780 10778
f 4116 10781 4130
f 10772 10782 10785
f 10783 10784 10796
f 10774 10785 10787
f 10771 10786 10784
f 10776 10787 10789
f 10773 10788 10786
f 10766 10789 10779
f 10767 10790 10780
f 10788 10791 10801
f 10781 10792 10794
f 10778 10793 10791
f 4130 10794 4144
f 10785 10795 10798
f 10796 10797 10809
f 10787 10798 10800
f 10784 10799 10797
f 10789 10800 10802
f 10786 10801 10799
f 10779 10802 10792
f 10780 10803 10793
f 10793 10804 10807
f 10801 10805 10814
f 10794 10806 10819
f 10791 10807 10805
f 10798 10808 10811
f 10809 10810 10824
f 10800 10811 10813
f 10797 10812 10810
f 10802 10813 10815
f 10799 10814 10812
f 10792 10815 10806
f 10806 10816 10820
f 10807 10817 10821
f 10814 10818 10829
f 10819 10820 10822
f 10805 10821 10818
f 4159 10822 4174
f 10811 10823 10826
f 10824 10825 10908
f 10813 10826 10828
f 10810 10827 10825
f 10815 10828 10816
f 10812 10829 10827
f 10830 10832 10845
f 10820 10833 10839
f 10834 10836 10840
f 10831 10838 10832
f 10822 10839 10841
f 10837 10840 10838
f 4174 10841 4193
f 10826 10842 10843
f 10828 10843 10844
f 10816 10844 10833
f 10845 10846 10928
f 10847 10849 10853
f 10840 10850 10854
f 10832 10851 10846
f 10852 10853 10855
f 10838 10854 10851
f 4207 10855 4208
f 8356 8359 8348
f 10856 10858 10860
f 10859 10860 10861
f 10848 10861 10849
f 8693 8257 8686
f 8683 8693 8686
f 8694 10862 10750
f 10750 10863 10764
f 8679 10862 8683
f 10864 10866 10901
f 10803 10864 10804
f 10864 10868 10865
f 10790 10867 10803
f 10870 10872 10876
f 10867 10873 10868
f 10871 4229 10872
f 8675 10874 10881
f 10875 10876 10919
f 10777 10869 10790
f 10878 10880 10884
f 10881 10882 10888
f 10869 8676 10873
f 10879 4241 10880
f 10883 10884 10905
f 10885 10879 10878
f 10886 4246 10879
f 10887 10878 10883
f 10888 10889 10893
f 10764 10877 10777
f 10890 10885 10887
f 10892 4253 10886
f 10891 10886 10885
f 10893 10894 10898
f 8676 10863 8679
f 8687 10891 10890
f 8684 10892 10891
f 10895 10897 10899
f 8675 10873 8676
f 10888 10873 10881
f 10893 10868 10888
f 10893 10866 10865
f 10895 10900 10903
f 10804 10901 10817
f 10902 10900 10904
f 10835 10904 10836
f 8687 10874 8674
f 10874 10887 10882
f 10883 10882 10887
f 10905 10889 10883
f 10875 10894 10905
f 10906 10827 10830
f 10907 10825 10906
f 10909 4270 10911
f 10910 10911 10913
f 10912 10913 10914
f 4275 10914 4276
f 10913 10915 10916
f 10914 10916 10917
f 4276 10917 4281
f 4278 10916 10915
f 10916 4281 10917
f 10909 4229 4282
f 10897 10920 10921
f 10899 10921 10923
f 10904 10922 10925
f 10900 10923 10922
f 10919 10924 10920
f 10836 10925 10850
f 10872 10924 10876
f 10923 10926 10927
f 10922 10927 10930
f 10928 10929 10944
f 10925 10930 10933
f 10846 10931 10929
f 10921 10932 10926
f 10850 10933 10934
f 10854 10934 10935
f 10851 10935 10931
f 10920 10936 10932
f 10924 10910 10936
f 10827 10831 10830
f 10821 10835 10834
f 10829 10837 10831
f 10818 10834 10837
f 10839 10848 10847
f 10841 10847 10852
f 4193 10852 4207
f 10843 10857 10856
f 10844 10856 10859
f 10833 10859 10848
f 10884 10871 10870
f 10880 4301 10871
f 10905 10870 10875
f 10898 10896 10895
f 10898 10903 10866
f 10901 10903 10902
f 10817 10902 10835
f 10919 10896 10875
f 10937 10830 10845
f 10938 10906 10937
f 10934 10939 10948
f 10930 10940 10946
f 10931 10941 10949
f 10932 10942 10947
f 10936 10912 10942
f 10927 10943 10940
f 10944 10945 10950
f 10933 10946 10939
f 10926 10947 10943
f 10935 10948 10941
f 10929 10949 10945
f 4273 4527 4275
f 4524 4312 4525
f 4525 4311 4478
f 4478 4313 4476
f 4476 4308 4473
f 4473 4307 4479
f 4306 4479 4307
f 4305 4535 4306
f 4415 4310 4420
f 4309 4420 4310
f 4337 4363 4338
f 4418 4315 4412
f 10950 10952 10944
f 10944 10953 10928
f 10928 10937 10845
f 10938 10953 10967
f 10855 10954 10958
f 10860 10955 10959
f 10853 10956 10954
f 10849 10957 10956
f 4208 10958 4325
f 10861 10959 10957
f 10957 10960 10964
f 10958 10961 10965
f 10959 10962 10960
f 10954 10963 10961
f 10956 10964 10963
f 4325 10965 4332
f 4314 4412 4315
f 4421 4335 4468
f 4468 4334 4348
f 4330 4348 4334
f 4327 4537 4330
f 4326 4529 4327
f 4331 4531 4326
f 4329 4532 4331
f 4328 4533 4329
f 4332 4534 4328
f 4332 10966 4528
f 10966 10961 10969
f 10967 10952 10968
f 10968 10951 11143
f 10969 10963 11140
f 4336 10971 4337
f 10972 10974 10976
f 10975 10976 10978
f 10977 10978 10980
f 10979 10980 10984
f 10981 10983 10986
f 10970 10984 10971
f 4337 10985 4365
f 10986 10987 11138
f 10985 10984 10995
f 4338 4361 4347
f 4347 4359 4345
f 4345 4357 4343
f 4343 4354 4340
f 4340 4538 4341
f 4341 4370 4352
f 4469 4352 4370
f 4353 4429 4423
f 4423 4432 4424
f 4437 4424 4432
f 4425 4439 4428
f 10988 10990 10992
f 10991 10992 10994
f 4434 4428 4439
f 10993 10994 10996
f 10995 10996 10997
f 10985 10997 10998
f 4365 10998 4366
f 10992 10999 11000
f 10994 11000 11004
f 11001 11003 11011
f 10996 11004 11005
f 10997 11005 11006
f 10998 11006 11007
f 4366 11007 4376
f 4376 11008 4377
f 11000 11009 11010
f 11004 11010 11013
f 11011 11012 11019
f 11005 11013 11014
f 11006 11014 11015
f 11007 11015 11008
f 4377 11016 4386
f 11010 11017 11018
f 11013 11018 11021
f 11019 11020 11025
f 11014 11021 11022
f 11015 11022 11023
f 11008 11023 11016
f 11021 11024 11027
f 11025 11026 11033
f 11022 11027 11028
f 11023 11028 11029
f 11016 11029 11030
f 4386 11030 4402
f 11018 11031 11024
f 11024 11032 11179
f 11033 11034 11153
f 11029 11035 11036
f 11030 11036 11037
f 4402 11037 4411
f 11038 11040 11048
f 11041 11043 11046
f 11039 11045 11040
f 11044 11046 11045
f 11047 11048 11049
f 11049 11050 11098
f 11048 11051 11050
f 11046 11052 11054
f 11040 11053 11051
f 11045 11054 11053
f 4426 4536 4427
f 4427 4487 4481
f 4493 4481 4487
f 4490 4482 4493
f 4497 4483 4490
f 4516 4484 4497
f 4494 4471 4516
f 4472 11055 4486
f 11056 4486 11055
f 11057 11058 11099
f 11059 11061 11070
f 11060 11063 11061
f 11064 11066 11069
f 11062 11068 11063
f 11067 11069 11068
f 11070 11071 11076
f 11061 11072 11071
f 11069 11073 11075
f 11063 11074 11072
f 11068 11075 11074
f 11076 11077 11082
f 11071 11078 11077
f 11075 11079 11081
f 11072 11080 11078
f 11074 11081 11080
f 11082 11083 11088
f 11077 11084 11083
f 11081 11085 11087
f 11078 11086 11084
f 11080 11087 11086
f 11088 11089 11103
f 11083 11090 11089
f 11091 11093 11167
f 11084 11094 11090
f 11095 11097 11174
f 11047 10983 10982
f 10983 11098 10987
f 11099 11100 11101
f 11101 11102 11116
f 11002 11070 11003
f 11003 11076 11012
f 11012 11082 11020
f 11020 11088 11026
f 11026 11103 11034
f 11104 11057 11099
f 11106 11108 11113
f 11107 11110 11108
f 11109 11104 11110
f 11112 11113 11114
f 11114 11115 11151
f 11108 11101 11116
f 11113 11116 11115
f 11105 4486 11057
f 11110 11099 11101
f 11116 11117 11115
f 11115 11118 11151
f 11118 11052 11151
f 11064 11052 11065
f 11054 11067 11053
f 11062 11053 11067
f 11051 11060 11050
f 11059 11050 11060
f 11002 11098 11059
f 10987 11001 11138
f 11118 11119 11123
f 11102 11120 11121
f 11117 11121 11119
f 11056 4496 11127
f 11100 11122 11120
f 11123 11124 11129
f 11121 11125 11126
f 11119 11126 11124
f 11127 4504 11133
f 11120 11128 11125
f 11129 11130 11135
f 11126 11131 11132
f 11124 11132 11130
f 11133 4511 11139
f 11125 11134 11131
f 11135 11136 11152
f 11130 11137 11136
f 10974 11001 10989
f 11058 11127 11122
f 11122 11133 11128
f 11128 11139 11134
f 11140 10964 11141
f 11141 10960 11142
f 11142 10962 11150
f 10962 10981 11150
f 10951 10981 11143
f 10950 10982 10951
f 11047 10945 11038
f 10949 11038 10945
f 11144 4519 11145
f 11144 11146 11147
f 11147 11148 11165
f 11149 11104 11111
f 11105 4527 4526
f 4528 10970 4336
f 11142 10973 10972
f 11141 10972 10975
f 11140 10975 10977
f 8403 8430 8359
f 10969 10977 10979
f 11039 10941 11044
f 10966 10979 10970
f 10948 11044 10941
f 11041 10939 11042
f 11042 10946 11112
f 10940 11112 10946
f 10943 11106 10940
f 10947 11107 10943
f 11066 11129 11073
f 10988 10974 10989
f 11043 11151 11052
f 11042 11114 11043
f 11079 11152 11085
f 10942 11109 10947
f 10991 10976 10988
f 11065 11123 11066
f 11073 11135 11079
f 8359 8432 8360
f 8360 8487 8365
f 10693 8365 8487
f 8485 10617 10693
f 8367 8409 8368
f 8368 8413 8362
f 8362 10728 8363
f 10743 8363 10728
f 10737 10757 10742
f 10742 10770 10756
f 10756 10783 10769
f 10769 10796 10782
f 10782 10809 10795
f 10795 10824 10808
f 10808 10908 10823
f 10907 10823 10908
f 10842 10938 10857
f 10857 10967 10858
f 10858 10968 10955
f 10955 11143 10962
f 10912 11111 10942
f 11149 4275 4527
f 11150 10986 10973
f 10973 11138 10974
f 10993 10978 10991
f 10995 10980 10993
f 10989 11011 10990
f 10990 11019 10999
f 10999 11025 11009
f 11009 11033 11017
f 11153 11017 11033
f 11131 11137 11132
f 11155 11089 11090
f 11103 11156 11157
f 11034 11157 11160
f 11091 11136 11137
f 11090 11159 11155
f 11160 11153 11034
f 11137 11092 11091
f 11085 11096 11095
f 11158 11152 11136
f 11031 11161 11032
f 11162 11148 12921
f 11163 11165 11148
f 11166 11096 11158
f 11167 11158 11091
f 11168 11164 11163
f 11170 11163 11162
f 11171 11169 11168
f 11173 11168 11170
f 11174 11176 11095
f 11176 11085 11095
f 11087 11094 11086
f 11175 11094 11176
f 11035 11027 11177
f 11177 11024 11178
f 11178 11179 11185
f 11180 11171 11173
f 11182 11097 11166
f 11032 11184 11196
f 11185 11186 11214
f 11157 11187 11188
f 11174 11183 11189
f 11160 11188 11191
f 11189 11175 11174
f 11191 11161 11160
f 11167 11192 11197
f 11193 11156 11155
f 11155 11194 11193
f 11181 11172 11171
f 11179 11196 11186
f 11159 11190 11194
f 11197 11166 11167
f 11196 11198 11204
f 11199 11184 11191
f 11200 11182 11197
f 11202 11187 11193
f 11186 11204 11215
f 11205 11195 11181
f 11193 11207 11202
f 11201 11183 11182
f 11209 11190 11189
f 11211 11181 11180
f 11188 11203 11213
f 11197 11212 11200
f 11194 11210 11207
f 11191 11213 11199
f 11189 11208 11209
f 11214 11215 13357
f 11216 11218 11220
f 11219 11218 13367
f 11221 11223 11219
f 11224 11222 11221
f 11224 11227 11225
f 11228 11229 11231
f 11230 11231 11232
f 11230 11233 11234
f 11234 11235 11236
f 11236 11237 13375
f 11238 11240 13375
f 11238 11242 13137
f 11243 11245 11252
f 11246 11248 11271
f 11249 11251 11262
f 11252 11254 11243
f 11255 11257 11276
f 11258 11260 11269
f 11261 11262 13364
f 11263 11244 11268
f 11264 11266 11275
f 11253 11259 11254
f 11267 11268 11274
f 11269 11256 11258
f 11270 11271 11280
f 11247 11273 11248
f 11274 11272 11267
f 11275 11276 11264
f 11254 11277 11291
f 11274 11278 11283
f 11258 11279 11292
f 11280 11281 11309
f 11248 11282 11288
f 11283 11273 11274
f 11284 11255 11275
f 11286 11244 11243
f 11271 11288 11281
f 11289 11250 11249
f 11243 11291 11286
f 11285 11256 11255
f 11292 11259 11258
f 11293 11249 11261
f 11268 11287 11278
f 11275 11294 11284
f 11295 11285 11284
f 11297 11287 11286
f 11281 11299 11310
f 11300 11290 11289
f 11286 11302 11297
f 11296 11279 11285
f 11304 11277 11292
f 11306 11289 11293
f 11278 11298 11308
f 11284 11307 11295
f 11291 11305 11302
f 11283 11308 11312
f 11292 11303 11304
f 11309 11310 11316
f 11288 11311 11299
f 11312 11282 11283
f 11302 11313 11327
f 11312 11314 11319
f 11304 11315 11328
f 11316 11317 11345
f 11299 11318 11324
f 11319 11311 11312
f 11320 11296 11295
f 11322 11298 11297
f 11310 11324 11317
f 11325 11301 11300
f 11297 11327 11322
f 11321 11303 11296
f 11328 11305 11304
f 11329 11300 11306
f 11308 11323 11314
f 11295 11330 11320
f 11331 11321 11320
f 11333 11323 11322
f 11317 11335 11346
f 11336 11326 11325
f 11322 11338 11333
f 11332 11315 11321
f 11340 11313 11328
f 11342 11325 11329
f 11314 11334 11344
f 11320 11343 11331
f 11327 11341 11338
f 11319 11344 11348
f 11328 11339 11340
f 11345 11346 11353
f 11324 11347 11335
f 11348 11318 11319
f 11331 11349 11357
f 11338 11350 11364
f 11348 11351 11356
f 11340 11352 11365
f 11353 11354 11381
f 11335 11355 11361
f 11356 11347 11348
f 11357 11332 11331
f 11359 11334 11333
f 11346 11361 11354
f 11362 11337 11336
f 11333 11364 11359
f 11358 11339 11332
f 11365 11341 11340
f 11366 11336 11342
f 11344 11360 11351
f 11367 11358 11357
f 11369 11360 11359
f 11354 11371 11382
f 11372 11363 11362
f 11359 11374 11369
f 11368 11352 11358
f 11376 11350 11365
f 11378 11362 11366
f 11351 11370 11380
f 11357 11379 11367
f 11364 11377 11374
f 11356 11380 11384
f 11365 11375 11376
f 11381 11382 11393
f 11361 11383 11371
f 11384 11355 11356
f 11385 11377 11376
f 11387 11372 11378
f 11380 11389 11391
f 11367 11390 11397
f 11374 11386 11402
f 11384 11391 11396
f 11376 11392 11385
f 11393 11394 11419
f 11371 11395 11400
f 11396 11383 11384
f 11397 11368 11367
f 11399 11370 11369
f 11382 11400 11394
f 11388 11373 11372
f 11369 11402 11399
f 11398 11375 11368
f 11403 11395 11396
f 11405 11398 11397
f 11407 11389 11399
f 11394 11409 11420
f 11410 11401 11388
f 11399 11412 11407
f 11406 11392 11398
f 11414 11386 11385
f 11416 11388 11387
f 11391 11408 11418
f 11397 11417 11405
f 11402 11415 11412
f 11396 11418 11403
f 11385 11413 11414
f 11419 11420 11429
f 11400 11404 11409
f 11421 11415 11414
f 11423 11410 11416
f 11418 11425 11427
f 11405 11426 11433
f 11412 11422 11438
f 11403 11427 11432
f 11414 11428 11421
f 11429 11430 11439
f 11409 11431 11436
f 11432 11404 11403
f 11433 11406 11405
f 11435 11408 11407
f 11420 11436 11430
f 11424 11411 11410
f 11407 11438 11435
f 11434 11413 11406
f 11439 11440 11467
f 11436 11441 11447
f 11442 11431 11432
f 11443 11434 11433
f 11445 11425 11435
f 11430 11447 11440
f 11448 11437 11424
f 11435 11450 11445
f 11444 11428 11434
f 11452 11422 11421
f 11454 11424 11423
f 11427 11446 11456
f 11433 11455 11443
f 11438 11453 11450
f 11432 11456 11442
f 11421 11451 11452
f 11445 11457 11472
f 11458 11451 11444
f 11460 11453 11452
f 11462 11448 11454
f 11456 11464 11466
f 11443 11465 11471
f 11450 11461 11457
f 11442 11466 11470
f 11452 11459 11460
f 11467 11468 11475
f 11447 11469 11473
f 11470 11441 11442
f 11471 11444 11443
f 11472 11446 11445
f 11440 11473 11468
f 11463 11449 11448
f 11475 11476 11504
f 11473 11477 11483
f 11478 11469 11470
f 11479 11458 11471
f 11481 11464 11472
f 11468 11483 11476
f 11484 11474 11463
f 11472 11486 11481
f 11480 11459 11458
f 11488 11461 11460
f 11490 11463 11462
f 11466 11482 11492
f 11471 11491 11479
f 11457 11489 11486
f 11470 11492 11478
f 11460 11487 11488
f 11493 11485 11484
f 11481 11495 11509
f 11496 11487 11480
f 11498 11489 11488
f 11500 11484 11490
f 11492 11501 11503
f 11479 11502 11508
f 11486 11499 11495
f 11478 11503 11507
f 11488 11497 11498
f 11504 11505 11549
f 11483 11506 11510
f 11507 11477 11478
f 11508 11480 11479
f 11509 11482 11481
f 11476 11510 11505
f 4882 4912 4883
f 4887 4914 4882
f 4935 4892 4941
f 4891 4941 4892
f 4890 4939 4891
f 4889 4922 4890
f 6507 4937 4889
f 6266 6747 6267
f 6267 4881 4931
f 4917 4886 4933
f 4878 4933 4886
f 4931 4875 4926
f 4926 6506 4927
f 4927 4885 6286
f 4884 6286 4885
f 11511 11513 12393
f 11514 11516 12916
f 11517 11519 12949
f 11518 11521 11519
f 11522 11520 11524
f 11523 11524 11526
f 11525 11526 11527
f 11527 11529 11525
f 11530 11527 11531
f 11531 11533 11530
f 11531 11535 11532
f 4920 4879 4921
f 4921 4888 4918
f 11496 11537 11497
f 11508 11536 11496
f 11538 11502 11561
f 11502 11539 11561
f 11493 11539 11494
f 11500 11540 11493
f 11542 11500 11543
f 11543 11545 11542
f 11546 11544 11549
f 4877 4911 4878
f 11547 4883 4912
f 11548 11497 11537
f 11546 11505 11552
f 11550 11536 11538
f 11552 11554 11565
f 11555 11539 11540
f 11529 11558 11525
f 11551 11537 11536
f 11560 11540 11541
f 11526 11531 11527
f 11538 11562 11550
f 11557 11563 11558
f 11564 11532 11568
f 11546 11565 12882
f 11553 11567 11554
f 11568 11566 11564
f 11550 11569 11572
f 11558 11570 11577
f 11571 11534 12754
f 11572 11551 11550
f 11574 11576 12855
f 11525 11577 11523
f 11573 11559 11551
f 6787 6780 6779
f 7826 6779 13379
f 7799 6785 7826
f 7797 6791 7799
f 7795 6794 7797
f 7793 6797 7795
f 7829 6800 7793
f 7828 6803 7829
f 7825 6806 7828
f 11579 6809 7825
f 7819 8156 11582
f 7815 11580 13380
f 7812 6818 7815
f 11581 6823 7812
f 6832 6780 6784
f 6834 6829 6832
f 6838 6835 6834
f 6842 6839 6838
f 6846 6890 6847
f 6852 6848 6846
f 6856 6853 6852
f 6847 6843 6842
f 7822 8156 8155
f 6949 6877 6876
f 6935 6872 6871
f 6924 6863 6862
f 11583 6860 6859
f 6881 6874 6873
f 6895 6884 6883
f 6897 6885 6884
f 6793 6873 6790
f 6936 6870 6869
f 6837 6886 6841
f 6933 6869 6868
f 6927 8152 6860
f 7598 6867 6866
f 6888 6883 6882
f 6940 6875 6874
f 6945 6876 6875
f 6841 6882 6889
f 6943 6879 6878
f 6930 6871 6870
f 6821 11585 6822
f 6947 6878 6877
f 11586 6862 6861
f 11584 6868 6867
f 11587 11589 13018
f 11590 11592 13072
f 11593 11595 11648
f 11596 11598 11626
f 11599 11601 11650
f 11602 11604 11610
f 11605 11588 11587
f 11607 11609 13026
f 11608 11610 11609
f 11611 11606 11605
f 11613 11615 11625
f 11616 11618 13019
f 11619 11621 11660
f 11622 11624 11661
f 11617 11625 11618
f 11626 11627 13015
f 11622 11629 11662
f 11630 11594 11593
f 11632 11634 12353
f 11635 11637 13162
f 11638 11640 11645
f 11641 11633 11632
f 11643 11642 11641
f 11645 11646 13013
f 11647 11648 13031
f 11649 11650 13030
f 11651 11603 11602
f 11653 11608 11607
f 11654 11602 11608
f 11655 11614 11613
f 11657 11617 11616
f 11659 11660 13073
f 11628 11661 13074
f 11658 11613 11617
f 11623 11662 13002
f 11663 11593 11647
f 11611 11635 11612
f 11664 11643 13163
f 11665 11667 13069
f 11668 11670 11711
f 11671 11673 11688
f 11674 11676 11696
f 11677 11666 11665
f 11679 11681 12458
f 11682 11684 11698
f 11685 11687 11714
f 11688 11689 13039
f 11685 11691 11715
f 11692 11669 11668
f 11680 11695 11681
f 11696 11697 11718
f 11698 11699 11720
f 11700 11702 12744
f 11703 11705 11708
f 11706 11701 11700
f 11708 11709 13040
f 11552 11510 11553
f 11710 11711 13037
f 11712 11696 11717
f 11713 11698 11719
f 11690 11714 13070
f 11686 11715 13166
f 11716 11668 11710
f 11717 11718 12943
f 11719 11720 13068
f 8154 6811 6810
f 11721 7099 10588
f 7051 11721 11758
f 11722 11724 11877
f 11725 11727 11732
f 11728 11730 11734
f 11731 11732 11735
f 11728 7052 11729
f 11733 10572 7056
f 5111 11734 5112
f 5111 7047 11728
f 11723 11735 11724
f 11733 7100 11745
f 11736 11738 11797
f 10606 5118 3954
f 10604 11739 10606
f 10602 11740 10604
f 11741 10600 11756
f 7071 7211 7074
f 11743 7074 7211
f 11744 7100 11968
f 7067 11746 7071
f 7063 7104 7067
f 7055 7068 7063
f 7064 7054 7059
f 7054 11747 7059
f 10516 11748 7048
f 7118 11749 11960
f 7059 7093 7060
f 5128 7060 7093
f 8155 6810 6812
f 11750 6827 6826
f 11751 6828 6827
f 11753 6828 11752
f 8152 6811 8153
f 11754 11586 11767
f 8146 7604 8149
f 11755 6990 8146
f 7098 7041 7040
f 7050 7043 7041
f 11756 10598 11766
f 11757 11758 11787
f 7037 7096 7040
f 8147 7577 7576
f 8151 7599 7598
f 7607 7599 7602
f 8150 7604 7602
f 11759 11723 11722
f 7658 7577 7659
f 6922 11737 6921
f 7811 11581 7812
f 7824 11579 7825
f 7845 11760 7846
f 7858 11761 7859
f 7888 7855 7845
f 7895 7863 7858
f 7920 7893 7888
f 7927 7898 7895
f 7936 7925 7920
f 7944 7929 7927
f 7972 7942 7936
f 7979 7947 7944
f 7979 7993 7982
f 8001 7977 7972
f 8006 8054 11762
f 7994 8035 8033
f 8033 8082 8050
f 11762 8075 11763
f 11763 8143 11765
f 8050 11764 8071
f 8120 8061 8086
f 8093 8081 8085
f 8102 8064 8084
f 11764 8091 8090
f 8109 8144 8145
f 8129 8086 11765
f 8136 11765 8143
f 11766 10597 11793
f 7822 6812 11579
f 7809 6826 11581
f 8151 6866 8152
f 11767 6861 11753
f 11768 5195 5194
f 11770 11736 11759
f 11771 7057 7056
f 7048 7039 7045
f 7092 11772 7126
f 7157 7071 11746
f 11773 10589 11983
f 11744 11721 11745
f 11746 7117 7157
f 7438 11774 7439
f 11758 11775 11787
f 11776 7439 11774
f 7762 11777 7444
f 11778 7444 11777
f 11747 10514 7093
f 10570 10515 11747
f 10548 11772 10549
f 11771 10549 11772
f 10571 7056 10572
f 11779 11757 11791
f 11745 10588 11733
f 11780 10518 11778
f 10573 11781 11783
f 11782 11783 11781
f 11784 7440 11782
f 10587 11785 11749
f 11749 11786 11960
f 11787 7102 7101
f 11788 11790 11918
f 11787 11791 11757
f 7766 6913 11726
f 10595 11793 10597
f 11792 10593 11795
f 11794 11726 11725
f 11795 10591 11796
f 11796 10590 11941
f 11797 11725 11731
f 11798 11800 11831
f 10590 11801 11941
f 11802 11773 11803
f 11803 11805 11802
f 11804 11807 11805
f 11798 11806 11830
f 11808 11798 11830
f 10513 7634 11920
f 11809 5215 5214
f 141 11734 6920
f 6920 11730 6916
f 11811 11813 11816
f 11814 6916 11730
f 11815 11810 11822
f 11816 11817 11869
f 11818 11820 11827
f 11821 11822 11823
f 11819 11823 11820
f 11824 11826 11869
f 7613 5274 5312
f 11824 11827 11825
f 11822 11809 11828
f 11823 11828 11874
f 11829 11830 11832
f 11807 11831 11860
f 11832 11806 11833
f 11833 11804 11836
f 11834 11727 11814
f 11732 11835 11735
f 11836 11803 11837
f 11837 11773 11983
f 11838 11840 11841
f 11841 11842 11940
f 7013 7022 7014
f 7012 11843 7013
f 7018 11844 7012
f 11845 11755 11846
f 11846 7596 11847
f 11847 7595 11930
f 11848 11839 11838
f 7716 5241 11850
f 7437 11850 11855
f 7009 11851 11854
f 11852 11853 7027
f 7007 11854 11853
f 7011 11855 11851
f 11842 11857 11940
f 11856 11859 11857
f 11858 7028 11859
f 11849 11860 11861
f 11861 11831 11862
f 11862 11800 11889
f 11863 11737 11770
f 11799 11865 11800
f 11866 11816 11868
f 11867 11768 11815
f 11868 11869 11826
f 11870 11819 11818
f 11872 11815 11821
f 11871 11821 11819
f 11873 11869 11817
f 11873 11818 11824
f 11820 11874 11882
f 11875 11735 11835
f 11876 11724 11875
f 11878 11876 11879
f 11878 7103 11929
f 11811 11881 11812
f 11827 11882 11883
f 11825 11883 11884
f 11825 11885 11826
f 11826 11886 11868
f 11887 11885 11920
f 11865 11889 11800
f 7511 7008 7006
f 11890 7010 7008
f 7031 7024 7023
f 11852 7024 7005
f 11856 7023 11858
f 7715 7436 7010
f 11839 7571 11840
f 11840 7581 11842
f 11849 7568 11839
f 11842 7029 11856
f 11888 7610 11889
f 11889 8148 11862
f 7780 5279 7713
f 7781 7713 7436
f 11861 8148 8147
f 11861 7576 11849
f 7587 7509 7451
f 11883 7768 7767
f 6922 7764 11738
f 6923 7765 7764
f 11723 11797 11731
f 6916 11726 6913
f 11808 11864 11799
f 11790 11880 11918
f 11879 11791 7101
f 11785 11812 11881
f 11812 11782 11813
f 11875 11791 11876
f 11779 11835 11893
f 11813 11781 11817
f 11817 11780 11873
f 7043 11779 11893
f 11873 11778 11870
f 11893 11834 11894
f 11777 11870 11778
f 7043 11894 7044
f 11895 7044 11894
f 11729 7042 11895
f 11895 11834 11814
f 11814 11729 11895
f 11776 11871 11777
f 11774 11872 11776
f 11867 7763 11769
f 11789 11786 11790
f 10597 11897 10595
f 7667 5290 5289
f 11899 11898 11901
f 11900 11901 11904
f 11902 11904 7669
f 11905 11903 11902
f 11907 11906 11905
f 11909 11908 11907
f 7745 11910 11909
f 7730 11912 11913
f 11903 11900 11904
f 11898 956 5290
f 11910 7673 11908
f 11911 7674 11910
f 7676 7664 11899
f 11906 7671 11903
f 11908 7672 11906
f 7594 11899 11900
f 7663 11913 7729
f 11786 11881 11790
f 11914 11916 11917
f 11811 11914 11880
f 11917 11880 11914
f 11788 11917 11969
f 11914 11919 11915
f 11919 11868 11886
f 11882 7769 7768
f 11874 7770 7769
f 11828 7771 7770
f 11884 7767 10513
f 11884 11920 11885
f 11891 11920 7634
f 11892 11922 11864
f 11923 11925 11927
f 11887 11919 11886
f 11927 11928 11722
f 11887 11865 11926
f 11878 11923 11927
f 11722 11878 11927
f 11926 11864 11922
f 11891 11888 11887
f 11915 11926 11922
f 11738 11794 11797
f 11922 11916 11915
f 11924 7595 11925
f 11931 11925 7595
f 11928 7605 11932
f 11932 7600 11934
f 6925 11934 7600
f 11933 11583 11936
f 6859 11936 11583
f 11935 6814 11938
f 6813 11938 6814
f 6816 11937 6813
f 11805 11860 11848
f 11805 11838 11802
f 11802 11841 11801
f 11940 11801 11841
f 11857 11941 11940
f 11859 11796 11857
f 7028 11795 11859
f 8122 8065 8081
f 8145 11942 8062
f 8062 11943 8041
f 11944 8041 11943
f 11945 7996 11944
f 7966 11946 7957
f 7957 11947 7915
f 7915 11948 7882
f 7882 11949 7834
f 7834 11950 7835
f 11951 7835 11950
f 11939 7819 11954
f 11792 7027 11793
f 11853 11793 7027
f 11854 11766 11853
f 11851 11756 11854
f 11741 11855 11740
f 11740 11850 11739
f 7004 3953 5370
f 8084 8103 8102
f 8144 8056 11942
f 8039 11765 8086
f 11932 11722 11928
f 11759 11934 11770
f 11933 11770 11934
f 11863 11936 6865
f 7765 6906 7766
f 11754 6907 7765
f 11767 6898 11754
f 8116 8103 8117
f 8115 8110 8116
f 8116 8121 8104
f 8104 8095 8096
f 8096 8142 8097
f 8097 8141 8113
f 8137 8113 8141
f 8133 8125 8134
f 8119 8134 8125
f 8118 8092 8119
f 8128 8130 8118
f 8087 8123 8088
f 8088 8106 8108
f 8105 8108 8106
f 11942 8016 11943
f 7997 11943 8016
f 11944 7963 11945
f 7955 11945 7963
f 11946 7912 11947
f 11947 7879 11948
f 7830 11948 7879
f 11953 11949 7830
f 7814 11950 11953
f 11580 11954 13380
f 11939 6820 11937
f 11937 6822 11938
f 11585 11938 6822
f 11935 6865 11936
f 11753 6899 11767
f 6885 11752 6855
f 11751 6855 11752
f 11750 6856 11751
f 6857 7809 6858
f 7801 7857 11955
f 7856 11955 7857
f 7894 7874 7856
f 7903 7926 7910
f 7943 7910 7926
f 7954 7978 7959
f 7959 8006 7991
f 11762 7991 8006
f 8028 11763 8039
f 11892 11829 11958
f 11917 11956 11969
f 11921 11956 11916
f 11921 11958 11957
f 11896 11960 11786
f 11961 11960 11959
f 11962 7154 7119
f 7201 7131 7130
f 7441 10574 7442
f 7156 11963 7209
f 7202 11964 11963
f 11965 11961 11981
f 11966 7761 7243
f 7122 7761 7123
f 10575 7151 10519
f 10585 7193 10546
f 7195 10519 10574
f 7155 10546 7120
f 11961 7119 7118
f 7164 11967 7166
f 7163 7208 7164
f 7259 7161 7205
f 7159 7205 7161
f 7158 7235 7159
f 11962 7214 7158
f 11896 11968 11959
f 11961 11968 11981
f 11744 11789 11775
f 11775 11788 7102
f 7102 11969 7103
f 7103 11956 11929
f 11929 11957 11923
f 11958 11923 11957
f 11924 11829 11930
f 377 7132 379
f 7200 7132 7131
f 11963 7210 7209
f 7157 7209 11742
f 11967 7281 11971
f 7260 7207 7206
f 11970 11964 7212
f 7220 7206 7204
f 7237 7203 7213
f 11964 7213 7212
f 7236 7204 7203
f 11967 7207 7229
f 11971 7288 11972
f 11972 7306 11973
f 11973 7323 11974
f 11974 7347 11975
f 11975 7353 11976
f 11976 7370 11977
f 11977 7385 11978
f 11978 7394 11979
f 11979 7416 11980
f 11980 7433 7426
f 7426 7435 7427
f 11981 7212 11965
f 11968 7124 11743
f 11968 11970 11981
f 7210 11743 7211
f 7420 7435 7428
f 7428 7434 7421
f 7434 7431 7432
f 7421 7432 7422
f 7422 712 703
f 7400 7426 7408
f 11980 7390 11979
f 11979 7375 11978
f 11978 7359 11977
f 11977 7334 11976
f 7328 11976 7334
f 11975 7311 11974
f 11974 7294 11973
f 11973 7283 11972
f 11972 7168 11971
f 7166 11971 7168
f 11832 11930 11829
f 11833 11847 11832
f 11836 11846 11833
f 11837 11845 11836
f 11983 11844 11837
f 10589 11843 11983
f 7022 10592 7021
f 7021 10594 7019
f 7019 11897 7020
f 10596 7020 11897
f 7001 10599 7002
f 7002 10601 6999
f 6999 10603 7000
f 7000 10605 7003
f 7003 11952 7004
f 7661 7698 7662
f 7695 7701 7702
f 7760 5371 7703
f 7690 7702 7700
f 7779 7699 7735
f 7785 7703 7755
f 7697 7755 7698
f 7653 7735 7651
f 7735 11985 7779
f 7746 7680 7685
f 7747 7685 7731
f 11986 11987 11992
f 11988 7721 7739
f 7574 11989 11990
f 11990 11991 11995
f 11992 11993 11997
f 11994 11989 11988
f 11995 11996 12007
f 11997 11998 12222
f 11999 11991 11994
f 11913 12000 12004
f 12001 12002 12223
f 7727 12003 12005
f 12004 7729 11913
f 7727 12006 7728
f 7777 7747 7731
f 7572 11993 7030
f 11987 7030 11993
f 12007 12009 11995
f 7574 12010 7575
f 12010 11995 12009
f 7031 7719 7026
f 7570 11998 7572
f 7656 7570 7569
f 12012 7653 12351
f 12014 7777 7776
f 12016 7656 7655
f 12018 12020 12048
f 12021 7658 12006
f 12023 12003 12004
f 12025 12027 12046
f 12028 12030 12062
f 12031 11996 11999
f 12017 12011 7656
f 12034 12036 12080
f 12037 12039 12068
f 12035 12041 12036
f 12015 12002 7777
f 12038 12044 12039
f 12045 12046 12070
f 12047 12048 12066
f 12013 11984 7653
f 12050 12052 12079
f 12053 12055 12082
f 12056 12041 12225
f 12058 12052 12068
f 12060 12027 12065
f 12062 12063 12085
f 12036 12057 12081
f 12064 12065 12079
f 12066 12067 12102
f 12068 12069 12058
f 12070 12071 12105
f 12072 12020 12084
f 12074 12076 12337
f 12075 12055 12076
f 12039 12078 12069
f 12048 12073 12067
f 12079 12059 12064
f 12080 12081 12086
f 12082 12077 12088
f 12083 12084 12335
f 12046 12061 12071
f 12085 12044 12062
f 12086 12087 12218
f 12088 12089 12226
f 12090 12072 12083
f 12071 12092 12106
f 12093 12078 12085
f 12095 12057 12056
f 12097 12059 12058
f 12099 12061 12060
f 12085 12100 12093
f 12081 12096 12087
f 12101 12060 12064
f 12102 12103 12264
f 12058 12104 12097
f 12105 12106 12220
f 12091 12073 12072
f 12108 12075 12074
f 12109 12077 12075
f 12069 12094 12104
f 12067 12107 12103
f 12064 12098 12101
f 12110 12112 12227
f 12113 12115 12138
f 12116 12118 12136
f 12119 12121 12257
f 12122 12124 12332
f 12125 12127 12228
f 12111 12129 12112
f 12130 12132 12255
f 12123 12134 12124
f 12135 12136 12331
f 12137 12138 12252
f 12139 12129 12142
f 12141 12142 12257
f 12143 12118 12150
f 12145 12147 12258
f 12146 12127 12147
f 12149 12150 12262
f 12151 12115 12255
f 12153 12134 12260
f 12155 12121 12252
f 12157 12159 12166
f 12160 12162 12266
f 12163 12165 12192
f 12166 12168 12157
f 12169 12171 12188
f 12172 12174 12287
f 12175 12177 12184
f 12158 12179 12159
f 12173 12164 12174
f 12180 12182 12202
f 12183 12184 12190
f 12185 12187 12293
f 12188 12176 12169
f 12184 12189 12191
f 12190 12191 12333
f 12192 12193 12215
f 12194 12161 12160
f 12160 12197 12194
f 12198 12158 12157
f 12200 12173 12172
f 12202 12203 12229
f 12204 12206 12186
f 12207 12171 12212
f 12182 12210 12203
f 12157 12211 12198
f 12196 12205 12197
f 12212 12213 12207
f 12195 12209 12161
f 12214 12215 12297
f 12216 12177 12188
f 12217 12186 12185
f 12122 12087 12123
f 12123 12096 12133
f 12095 12133 12096
f 12220 12219 12095
f 12110 12106 12111
f 12111 12092 12128
f 12099 12128 12092
f 11901 7667 7666
f 11904 7666 7669
f 7738 7718 7717
f 7738 11986 7739
f 7737 7723 7718
f 7756 5600 7741
f 11911 12001 11912
f 7708 7787 7714
f 7751 7786 7741
f 7782 7787 7786
f 7668 5289 5601
f 7711 7669 7712
f 7586 11902 7711
f 7579 11905 7586
f 7578 11907 7579
f 7746 11909 7578
f 7739 11992 11988
f 11988 11997 11994
f 11994 12222 11999
f 11912 12223 12000
f 12224 12070 12225
f 12029 12082 12030
f 12225 12105 12056
f 12030 12088 12063
f 12063 12226 12100
f 12056 12220 12095
f 12219 12227 12260
f 12131 12228 12132
f 12229 12168 12202
f 12201 12165 12173
f 12199 12178 12158
f 12188 12208 12216
f 12101 12221 12099
f 12119 12098 12120
f 12151 12231 12328
f 12232 12233 12246
f 12234 12236 12334
f 12155 12238 12330
f 12239 12241 12250
f 12237 12242 12238
f 12235 12243 12236
f 12141 12244 12324
f 12245 12246 12299
f 12247 12248 12251
f 12240 12249 12241
f 12153 12250 12329
f 12230 12251 12231
f 12252 12120 12137
f 12097 12120 12098
f 12137 12104 12113
f 12113 12094 12114
f 12093 12114 12094
f 12130 12100 12131
f 12147 12126 12259
f 12226 12131 12100
f 12186 12253 12187
f 12181 12209 12182
f 12255 12114 12130
f 12256 12192 12214
f 12257 12221 12119
f 12258 12259 12261
f 12125 12089 12126
f 12150 12117 12263
f 12109 12126 12089
f 12260 12133 12219
f 12142 12128 12221
f 12108 12259 12109
f 12262 12263 12265
f 12135 12103 12116
f 12116 12107 12117
f 12091 12117 12107
f 12090 12263 12091
f 12212 12170 12278
f 12266 12196 12160
f 12267 12206 12196
f 12202 12167 12180
f 12267 12269 12253
f 12161 12254 12162
f 12266 12268 12267
f 12270 12162 12271
f 12271 12254 12273
f 12181 12273 12254
f 12180 12272 12181
f 12274 12167 12276
f 12166 12276 12167
f 12275 12159 12277
f 12277 12179 12280
f 12278 12280 12179
f 12278 12178 12212
f 12279 12170 12282
f 12169 12282 12170
f 12281 12176 12284
f 12175 12284 12176
f 12183 12283 12175
f 12286 12174 12288
f 12288 12164 12290
f 12163 12290 12164
f 12256 12289 12163
f 12292 12187 12294
f 12294 12253 12269
f 12295 12284 12318
f 12296 12269 12317
f 12297 12299 12217
f 12300 12281 12295
f 12301 12282 12300
f 12297 12185 12214
f 12302 12304 12317
f 12305 12304 12314
f 12292 12256 12293
f 12307 12303 12302
f 12309 12308 12307
f 12311 12274 12276
f 12308 12313 12303
f 12214 12293 12256
f 12303 12314 12304
f 12312 12316 12313
f 12306 12317 12304
f 12268 12317 12269
f 12270 12302 12268
f 12271 12307 12270
f 12316 12318 12320
f 12319 12314 12320
f 12310 12312 12308
f 12291 12306 12289
f 12289 12305 12290
f 12313 12320 12314
f 12309 12273 12272
f 12285 12321 12283
f 12319 12290 12305
f 12321 12320 12318
f 12311 12315 12312
f 12283 12318 12284
f 12322 12300 12315
f 12315 12295 12316
f 12322 12276 12275
f 12310 12272 12274
f 12279 12277 12280
f 12301 12275 12277
f 12323 12140 12139
f 12324 12139 12141
f 12325 12144 12143
f 12326 12146 12145
f 12327 12148 12146
f 12298 12143 12149
f 12328 12152 12151
f 12329 12154 12153
f 12330 12156 12155
f 12255 12230 12151
f 12124 12154 12232
f 12331 12235 12234
f 12252 12237 12155
f 12227 12240 12239
f 12138 12152 12237
f 12136 12144 12235
f 12257 12156 12141
f 12332 12232 12245
f 12228 12148 12247
f 12112 12140 12240
f 12260 12239 12153
f 12132 12247 12230
f 12329 12205 12233
f 12250 12197 12329
f 12194 12241 12195
f 12195 12249 12210
f 12323 12210 12249
f 12324 12203 12323
f 12229 12244 12211
f 12330 12211 12244
f 12198 12238 12199
f 12199 12242 12213
f 12328 12213 12242
f 12207 12231 12208
f 12251 12208 12231
f 12216 12248 12189
f 12327 12189 12248
f 12326 12191 12327
f 12200 12236 12201
f 12201 12243 12193
f 12325 12193 12243
f 12298 12215 12325
f 12217 12246 12204
f 12204 12233 12205
f 12335 12336 12349
f 12337 12338 12350
f 12079 12339 12050
f 12340 12019 12018
f 12068 12051 12037
f 12062 12043 12028
f 12090 12122 12265
f 12341 12026 12025
f 12023 12029 12028
f 12225 12040 12224
f 12065 12026 12339
f 12343 12035 12034
f 12021 12038 12037
f 12344 12040 12035
f 12265 12332 12262
f 12076 12054 12338
f 12345 12043 12038
f 12346 12025 12045
f 12347 12018 12047
f 12084 12019 12336
f 12016 12051 12050
f 12348 12054 12053
f 12031 12045 12224
f 12342 12053 12029
f 12349 12013 12012
f 12350 12015 12014
f 12050 12017 12016
f 12037 12022 12021
f 12028 12024 12023
f 12224 12032 12031
f 12339 12033 12017
f 12338 12042 12015
f 12336 12049 12013
f 12286 12183 12287
f 11985 12049 12340
f 12245 12262 12332
f 11998 12033 12341
f 12004 12342 12023
f 12008 12344 12343
f 12006 12345 12021
f 12007 12032 12344
f 12245 12298 12149
f 12005 12024 12345
f 12222 12341 12346
f 7778 12340 12347
f 7655 12022 12016
f 12223 12042 12348
f 11999 12346 12031
f 12000 12348 12342
f 12321 12288 12319
f 12291 12294 12296
f 12190 12287 12183
f 12333 12172 12190
f 12200 12326 12334
f 12145 12334 12326
f 12234 12258 12331
f 12261 12331 12258
f 12108 12135 12261
f 12074 12264 12108
f 12102 12337 12066
f 12350 12066 12337
f 12014 12047 12350
f 12347 7776 7778
f 7778 7775 7733
f 7732 7733 7775
f 7688 7686 7689
f 7689 7681 7693
f 12218 12083 12086
f 12335 12086 12083
f 12349 12080 12335
f 12012 12034 12349
f 12343 12351 12008
f 7654 12008 12351
f 7652 12009 7654
f 7564 12010 7652
f 7567 7575 7564
f 7657 7584 7567
f 7561 7582 7657
f 7565 7032 7561
f 7556 7033 7565
f 7558 7783 7556
f 947 7744 7558
f 7693 7678 7691
f 7691 7687 7692
f 7692 7684 7696
f 7784 7696 7684
f 7759 7752 7694
f 7694 974 5742
f 12352 12354 13164
f 11634 12354 12353
f 12356 12358 12361
f 12359 12354 12355
f 12361 12363 12356
f 12364 12366 12367
f 12367 12369 12364
f 12370 12372 12378
f 12373 12362 12361
f 12367 12375 12376
f 12376 12368 12367
f 12378 12379 13021
f 12361 12380 12373
f 12381 12360 12359
f 12383 12385 12411
f 12386 12388 12415
f 12389 12391 12413
f 12392 12394 12396
f 12395 12394 12417
f 12397 12399 12742
f 12400 12402 13033
f 12401 12403 12414
f 12404 12406 13042
f 12405 12407 12412
f 12408 12410 12421
f 12411 12412 12425
f 12405 12385 12406
f 12413 12414 12429
f 12401 12391 12402
f 12398 12388 12399
f 12416 12417 12419
f 12418 12419 12422
f 12420 12421 12427
f 12422 12423 12863
f 12419 12424 12423
f 12411 12426 12383
f 12420 12428 13036
f 12413 12430 12389
f 11553 11506 11566
f 12431 12433 12909
f 12434 12436 13067
f 12437 12439 12450
f 11507 11566 11506
f 12440 12442 12443
f 12443 12445 12440
f 12446 12448 12464
f 12449 12393 12392
f 12450 12452 12437
f 12453 12435 12434
f 12455 12438 12437
f 12417 12457 12424
f 12458 12460 11679
f 12443 12461 12462
f 12462 12444 12443
f 12464 12465 13071
f 12437 12466 12455
f 12467 12469 13076
f 12470 12472 12508
f 12473 12475 12487
f 12476 12478 12493
f 12479 12468 12467
f 12481 12483 12495
f 12484 12486 12511
f 12487 12488 13057
f 12484 12490 12512
f 12491 12471 12470
f 12493 12494 12515
f 12495 12496 12517
f 12497 12499 13171
f 12500 12502 12505
f 12503 12498 12497
f 12505 12506 13055
f 12507 12508 13061
f 12509 12493 12514
f 12510 12495 12516
f 12489 12511 13075
f 12485 12512 13173
f 12513 12470 12507
f 12514 12515 13064
f 12516 12517 13077
f 12518 12520 12541
f 12521 12523 12545
f 12524 12526 12543
f 12527 12529 13051
f 12530 12532 13065
f 12531 12533 12544
f 12534 12536 13080
f 12535 12537 12542
f 12538 12540 12547
f 12541 12542 12548
f 12535 12520 12536
f 12543 12544 12552
f 12531 12526 12532
f 12528 12523 12529
f 12546 12547 12550
f 12541 12549 12518
f 12546 12551 13078
f 12543 12553 12524
f 12554 12556 13081
f 12557 12559 12569
f 12560 12562 12563
f 12563 12565 12560
f 12566 12568 12579
f 12569 12571 12557
f 12572 12555 12554
f 12574 12558 12557
f 12563 12576 12577
f 12577 12564 12563
f 12579 12580 13066
f 12557 12581 12574
f 12582 12584 12952
f 12585 12587 12623
f 12588 12590 12602
f 12591 12593 12608
f 12594 12583 12582
f 12596 12598 12610
f 12599 12601 12626
f 12602 12603 12950
f 12599 12605 12627
f 12606 12586 12585
f 12608 12609 12630
f 12610 12611 12632
f 12612 12614 13169
f 12615 12617 12620
f 12618 12613 12612
f 12620 12621 13093
f 12622 12623 13096
f 12624 12608 12629
f 12625 12610 12631
f 12604 12626 12951
f 12600 12627 13168
f 12628 12585 12622
f 12629 12630 12957
f 12631 12632 12953
f 12633 12635 12656
f 12636 12638 12660
f 12639 12641 12658
f 12642 12644 13101
f 12645 12647 13087
f 12646 12648 12659
f 12649 12651 13083
f 12650 12652 12657
f 12653 12655 12662
f 12656 12657 12663
f 12650 12635 12651
f 12658 12659 12667
f 12646 12641 12647
f 12643 12638 12644
f 12661 12662 12665
f 12656 12664 12633
f 12661 12666 12954
f 12658 12668 12639
f 12669 12671 12955
f 12672 12674 12684
f 12675 12677 12678
f 12678 12680 12675
f 12681 12683 12694
f 12684 12686 12672
f 12687 12670 12669
f 12689 12673 12672
f 12678 12691 12692
f 12692 12679 12678
f 12694 12695 13082
f 12672 12696 12689
f 12697 12699 12938
f 12699 12701 12938
f 11673 12703 11689
f 12704 12705 13337
f 12706 12708 13335
f 12709 12711 12714
f 12712 12707 12713
f 12713 12698 12712
f 12714 12716 12709
f 12717 12710 12709
f 12713 12719 12720
f 12720 12699 12713
f 12709 12721 12717
f 12459 11515 12460
f 11683 12723 11684
f 12387 12724 12728
f 12638 12726 12644
f 11709 12727 12816
f 12387 12729 12388
f 12529 12731 13051
f 12474 12733 12475
f 12435 12735 12436
f 12376 12466 12377
f 12455 12375 12456
f 11678 12736 11666
f 12454 12734 12435
f 12462 12581 12463
f 12577 12696 12578
f 12689 12576 12690
f 12574 12461 12575
f 12693 12721 12687
f 12692 12717 12693
f 11686 12739 11687
f 11564 11503 11533
f 12519 12741 12520
f 12447 12743 12735
f 12744 12736 11700
f 12395 12747 12396
f 12480 12749 12468
f 12750 12457 12761
f 12751 12753 13046
f 12754 12756 11571
f 11521 12752 12934
f 12757 12759 13045
f 12760 12761 12873
f 11524 11534 11526
f 12762 12764 12765
f 11520 12754 11524
f 12765 12758 12762
f 12766 12765 12767
f 12767 12764 12901
f 12766 11569 12905
f 12768 12770 12781
f 11522 11577 12773
f 12433 12772 12856
f 12773 11570 12907
f 12774 12776 12777
f 12777 12779 12774
f 12755 12781 12756
f 12782 12784 12834
f 12785 12783 12782
f 12787 12789 12928
f 12790 12776 12793
f 12792 12793 12795
f 12794 12795 12796
f 12794 12797 12965
f 12797 12799 12965
f 12799 12800 12812
f 12801 12803 12805
f 12804 12805 12826
f 12786 12806 12807
f 12807 12808 12809
f 12809 12810 12825
f 12811 12800 12813
f 12813 12815 12811
f 11709 12703 13040
f 12406 12818 13042
f 12438 12820 12439
f 12392 12822 12449
f 12823 12825 12810
f 12826 12815 12814
f 12827 12805 12828
f 12828 12803 12833
f 12829 12831 12890
f 12832 12803 12788
f 12787 12832 12788
f 12823 12836 12824
f 12837 12836 12835
f 12838 12839 12842
f 12840 12842 12839
f 12843 12840 12963
f 12844 12843 12963
f 12845 12846 12853
f 12847 12760 12831
f 12848 12831 12830
f 12768 12780 12902
f 12849 12457 11513
f 12850 12395 12416
f 12851 12853 12846
f 12854 12851 12858
f 12855 12856 12772
f 12857 12416 12418
f 12854 12859 13187
f 12860 12862 12906
f 12423 12750 12847
f 12863 12847 12848
f 12864 12779 12908
f 12432 12866 12996
f 12769 11513 11512
f 11560 12860 11555
f 12868 12870 12895
f 12431 12865 12432
f 12768 12849 12769
f 12872 12761 12849
f 12861 11575 12862
f 12874 11576 12861
f 12392 12747 12821
f 12876 12449 12822
f 12876 12879 12877
f 12877 12869 12868
f 12880 11567 12897
f 12881 11565 12883
f 12883 11554 12880
f 11533 11501 11530
f 12884 11542 11545
f 12886 12888 12930
f 12887 12890 12888
f 12889 12829 12890
f 12892 11532 11535
f 12893 12870 12900
f 12770 12870 12894
f 12896 12897 12900
f 12898 12883 12899
f 12899 12880 12896
f 12893 11535 11571
f 11568 12897 11567
f 12867 12861 12860
f 11518 12755 11520
f 12892 12900 12897
f 12879 12896 12869
f 11573 12901 11578
f 12878 12899 12879
f 12895 12769 11512
f 11517 12780 11518
f 12895 11511 12868
f 12903 12902 11517
f 12869 12900 12870
f 11521 12773 12753
f 12759 12905 13045
f 11555 12906 11556
f 11572 12767 11573
f 12753 12907 13046
f 12894 11571 12756
f 12458 12871 12459
f 12459 12431 11516
f 11556 11561 11539
f 11559 11548 11537
f 11516 12909 12916
f 12910 12834 12787
f 11692 12727 11693
f 12774 12912 12775
f 12913 12782 12910
f 12914 12916 12909
f 12875 12915 12914
f 12874 12917 12875
f 11145 6297 12919
f 11145 12920 11146
f 11146 12921 11148
f 12856 12875 12914
f 12433 12914 12909
f 12918 12867 12933
f 12872 12902 12904
f 12913 12922 12949
f 12781 12894 12756
f 12877 11511 12449
f 12859 12924 13187
f 12925 12829 12891
f 12873 12904 12930
f 12926 12830 12829
f 12831 12888 12890
f 12928 12887 12886
f 12929 12785 12913
f 12887 12802 12889
f 12910 12928 12922
f 12929 11521 12934
f 12801 12889 12802
f 12886 12904 12903
f 12804 12891 12801
f 12931 12924 12923
f 12933 11560 12885
f 12865 12908 12779
f 12779 12866 12865
f 12806 12934 12808
f 12888 12873 12930
f 12935 12715 13179
f 12716 12936 12721
f 12439 12818 12403
f 12937 12938 13180
f 12600 12940 12601
f 12607 12942 12621
f 12943 12723 11717
f 12932 12791 12946
f 12945 12791 12790
f 12808 12752 12810
f 12751 12810 12752
f 12802 12788 12803
f 12669 12693 12687
f 12751 12835 12823
f 12792 12945 12790
f 12947 12794 12964
f 11672 12702 11673
f 12949 12929 12913
f 12393 12457 12394
f 12950 12604 12602
f 12951 12602 12604
f 12952 12631 12582
f 12953 12582 12631
f 12609 12636 12640
f 12954 12663 12661
f 12661 12657 12653
f 12653 12652 12654
f 12654 12671 12655
f 12617 12607 12621
f 12616 12586 12617
f 12592 12613 12593
f 12619 12593 12613
f 12639 12609 12640
f 12630 12668 12957
f 12956 12668 13098
f 12640 12660 12641
f 12641 12643 12647
f 12647 12642 13087
f 12654 12680 12955
f 12649 12680 12652
f 12955 12679 12669
f 12826 12958 12804
f 12916 12959 11514
f 12915 12960 12959
f 12917 12961 12960
f 12918 12962 12961
f 12933 12884 12962
f 12949 12903 11517
f 12922 12886 12903
f 12762 12835 12763
f 12837 12758 12839
f 12757 12839 12758
f 12963 12757 11574
f 12964 12965 12967
f 12799 12967 12965
f 12966 12812 12968
f 12968 12811 12997
f 12855 12963 11574
f 12844 12772 12846
f 12969 12795 12793
f 12796 12970 12971
f 12971 12797 12796
f 12973 12813 12800
f 12975 12800 12798
f 12798 12972 12975
f 12974 12814 12813
f 12775 12793 12776
f 12976 12418 12422
f 11695 12979 12912
f 12980 12863 12848
f 12422 12981 12976
f 12977 12857 12418
f 12912 12969 12775
f 12927 12848 12830
f 12983 12985 12994
f 12986 12988 12992
f 12989 12974 12973
f 12990 12972 12971
f 12986 12973 12975
f 11695 12864 11681
f 12958 12984 12983
f 12975 12987 12986
f 12991 12984 12989
f 12992 12989 12986
f 12971 12993 12990
f 12980 12985 12981
f 12908 11681 12864
f 12925 12958 12983
f 12980 12926 12994
f 12969 12993 12970
f 12925 12994 12926
f 12977 12988 12982
f 12976 12992 12977
f 11694 12978 11695
f 11694 12982 12995
f 12991 12981 12985
f 12432 12771 12433
f 12771 12846 12772
f 12771 12858 12851
f 12997 12815 12999
f 12827 12999 12815
f 12673 13001 12674
f 13002 13004 11623
f 11623 13005 11624
f 13006 12372 13007
f 13007 12371 13164
f 12369 11634 11657
f 11616 12369 11657
f 13008 12353 12352
f 13009 11632 13008
f 13009 11612 13163
f 11590 11643 11591
f 11656 11590 13073
f 13010 11591 11664
f 13011 11645 13012
f 13012 13013 13161
f 13014 11627 13161
f 13016 11629 13017
f 13016 11663 13003
f 13014 11629 13015
f 11640 11631 11646
f 11639 11594 11640
f 11600 11636 11601
f 11660 11656 13073
f 11614 11621 11615
f 11605 11604 11611
f 11610 11587 11609
f 11609 13018 13026
f 12364 13019 12365
f 13020 13019 13043
f 12357 12378 12358
f 13021 12358 12378
f 11620 13023 11621
f 13024 12366 13025
f 13025 12365 13020
f 11607 12363 11653
f 12356 13026 12357
f 13027 11653 13043
f 13028 11654 13027
f 13029 11651 13028
f 13029 11621 13023
f 11650 11652 13030
f 13022 13030 13023
f 13004 13031 13005
f 13003 11647 13004
f 11652 13023 13030
f 11615 13028 11625
f 13032 12442 12819
f 12819 12441 12820
f 12450 13033 12451
f 12817 12403 12818
f 13034 12414 12817
f 13035 12429 13034
f 11677 12428 11678
f 12944 11684 12723
f 12722 11717 12723
f 12738 13037 12739
f 13038 11710 12738
f 12911 11716 13038
f 12911 11691 12727
f 13039 11690 11688
f 11705 11693 11709
f 12816 11691 13039
f 12816 11689 12703
f 12702 13040 12703
f 12948 11708 12702
f 12745 11666 12736
f 12724 11700 12736
f 12426 11677 13068
f 11720 12426 13068
f 12383 11699 12384
f 12728 12427 12729
f 12729 12421 13041
f 13041 12410 12743
f 12400 12439 12403
f 12820 13042 12818
f 12440 13042 12441
f 12734 12447 12735
f 12737 12448 12734
f 11625 13027 11618
f 11618 13043 13019
f 12362 13020 12363
f 12998 12828 13044
f 13044 12833 13047
f 12858 12866 12859
f 12778 12859 12866
f 13045 11574 12757
f 12905 11575 13045
f 12862 11569 12906
f 11562 12906 11569
f 11563 11578 11570
f 12901 11570 11578
f 12907 12764 13046
f 13046 12763 12751
f 12777 12923 12778
f 12931 12776 12791
f 13047 12832 13048
f 12834 13048 12832
f 12374 13025 12362
f 12363 13043 11653
f 11646 13017 13014
f 13049 12568 13050
f 13050 12567 13107
f 12566 13051 12567
f 12730 12540 12731
f 13052 12547 12730
f 13053 12550 13052
f 12494 12521 12525
f 12748 12497 12749
f 13054 12468 12749
f 12732 12505 12733
f 12733 13055 13165
f 13056 12488 13165
f 13058 12490 13062
f 13058 12513 13059
f 13059 12507 13060
f 13060 13061 13167
f 13062 12506 12492
f 12502 12492 12506
f 12501 12471 12502
f 12477 12498 12478
f 12504 12478 12498
f 12524 12494 12525
f 12515 12553 13064
f 13063 12553 12740
f 12525 12545 12526
f 12526 12528 12532
f 12532 12527 13065
f 13065 12566 12570
f 12569 13065 12570
f 12530 12559 12533
f 12579 12570 12566
f 12571 13066 12581
f 12453 12581 13066
f 12434 12463 12453
f 13067 12444 12434
f 12404 12445 12407
f 12445 12409 12407
f 12409 12436 12410
f 12408 12407 12409
f 12420 12412 12408
f 13036 12425 12420
f 13035 12943 12430
f 11718 12430 12943
f 12389 11697 12390
f 13068 11665 11719
f 13069 11719 11665
f 13070 11688 11690
f 11704 11669 11705
f 11675 11701 11676
f 11707 11676 11701
f 11697 12386 12390
f 12386 11706 12387
f 12728 11678 12428
f 12390 12415 12391
f 12391 12398 12402
f 12402 12397 13033
f 13033 12446 12451
f 12446 12742 12447
f 12735 12410 12436
f 12464 12451 12446
f 12452 13071 12466
f 12381 12466 13071
f 12377 12359 12368
f 12355 12368 12359
f 12357 13018 12370
f 12370 11589 12371
f 11633 11657 11634
f 11642 11658 11633
f 11655 11644 11656
f 11603 11601 11604
f 11604 11636 11611
f 13072 13073 11590
f 13074 11626 11628
f 13015 11628 11626
f 13057 12489 12487
f 13075 12487 12489
f 13076 12516 12467
f 13077 12467 12516
f 12518 12496 12519
f 12517 12549 13077
f 12479 12549 13078
f 13078 12548 12546
f 12546 12542 12538
f 12538 12537 12539
f 13079 12559 13174
f 12560 13080 12561
f 12534 12565 12537
f 13081 12564 12554
f 12554 12578 12572
f 12696 12572 12578
f 12686 13082 12696
f 12694 12685 12681
f 12675 13083 12676
f 13084 12683 13085
f 13085 12682 13103
f 13086 12674 13001
f 12645 12674 12648
f 12684 13087 12685
f 12726 12655 13102
f 12725 12662 12726
f 13088 12665 12725
f 12633 12611 12634
f 12632 12664 12953
f 12953 12954 12594
f 13089 12612 13170
f 13090 12583 13170
f 13091 12620 13092
f 13092 13093 13178
f 12942 12603 13178
f 12941 12950 12942
f 13094 12605 12941
f 13094 12628 13095
f 13095 12622 12939
f 12939 13096 12940
f 13097 12629 13175
f 12956 12598 13175
f 12636 12618 12637
f 12594 12666 12595
f 13089 12637 12618
f 13098 12667 13099
f 13099 12659 13100
f 13100 12648 13086
f 12642 12685 13087
f 12681 13101 12682
f 13102 12682 13101
f 13000 12676 13001
f 13104 12677 13000
f 13105 12514 13172
f 13063 12483 13172
f 12479 12551 12480
f 12521 12503 12522
f 12748 12522 12503
f 12740 12552 12741
f 12741 12544 13106
f 13106 12533 13079
f 12537 13081 12539
f 12539 12556 12540
f 12731 12567 13051
f 13108 12561 13174
f 13109 12562 13108
f 11662 13003 13002
f 11630 13017 11631
f 11494 11491 11485
f 11544 13110 13113
f 13111 13113 13110
f 11465 11485 11491
f 11455 11474 11465
f 11426 11449 11455
f 13114 13112 13111
f 13116 13115 13114
f 11417 11437 11426
f 13118 13117 13116
f 13119 13120 13123
f 11390 11411 11417
f 11379 11401 11390
f 13121 13123 13120
f 13122 13124 13125
f 11349 11373 11379
f 11343 11363 11349
f 11330 11337 11343
f 13125 13126 13127
f 13127 13128 13129
f 13129 13130 13131
f 13131 13132 13133
f 13133 13134 13135
f 11307 11326 11330
f 11294 11301 11307
f 11266 11290 11294
f 11250 11265 11251
f 13135 13136 13351
f 13137 13138 13376
f 13139 13141 13376
f 13139 13143 13144
f 13144 13145 13377
f 11192 11206 11212
f 11093 11195 11192
f 11092 11172 11093
f 11154 11169 11092
f 11131 11164 11154
f 11134 11165 11131
f 11139 11147 11134
f 11144 4511 6547
f 13146 13148 13358
f 13149 13147 13146
f 13150 13151 13152
f 13152 13153 13154
f 13154 13155 13158
f 13156 13158 13155
f 13159 13157 13156
f 13160 6565 6564
f 11646 13161 13013
f 11598 13161 11627
f 11597 13012 11598
f 13162 11664 11635
f 11641 13163 11643
f 11606 13008 11588
f 11588 12352 11589
f 12360 13164 12354
f 12382 13007 12360
f 11589 13164 12371
f 11635 13163 11612
f 12384 12944 13035
f 12384 13034 12385
f 12496 12740 12519
f 12506 13165 13055
f 12388 13041 12399
f 12399 12743 12742
f 11715 13038 13166
f 12385 12817 12406
f 12456 12819 12438
f 13166 12738 11686
f 12485 13167 12486
f 12520 13106 12536
f 12480 13053 12748
f 13168 12939 12600
f 13169 13170 12612
f 12573 13050 12555
f 13171 12749 12497
f 12589 13092 12590
f 12575 13108 12558
f 12482 13172 12483
f 12522 13052 12523
f 12540 13107 12731
f 12491 13062 12492
f 12555 13107 12556
f 12627 13095 13168
f 12490 13056 13062
f 12634 13099 12635
f 12512 13059 13173
f 12595 13170 12583
f 12690 13000 12673
f 12635 13100 12651
f 13064 13172 12514
f 12651 13086 13083
f 13173 13060 12485
f 12536 13079 13080
f 12558 13174 12559
f 13080 13174 12561
f 12475 13165 12488
f 12523 12730 12529
f 12644 13102 13101
f 12637 12725 12638
f 12597 13175 12598
f 13083 13001 12676
f 12595 13088 13089
f 12688 13085 12670
f 12611 13098 12634
f 12670 13103 12671
f 12606 12941 12607
f 13176 12711 13182
f 12590 13178 12603
f 12957 13175 12629
f 12655 13103 13102
f 12621 13178 13093
f 13179 13180 12935
f 13181 13182 13338
f 12572 12695 12573
f 12453 12580 12454
f 12381 12465 12382
f 13183 13021 13185
f 13184 12786 12705
f 13185 12379 13340
f 13186 13187 13340
f 13186 12382 13188
f 13188 12465 13341
f 13189 12853 13341
f 13189 12454 13342
f 13190 12843 13342
f 13190 13049 13343
f 13191 12842 13343
f 13191 12695 13192
f 13192 13084 13193
f 13193 12688 13344
f 13194 12784 13345
f 13195 12380 13183
f 13195 12945 13346
f 13196 12374 13346
f 13196 12964 13197
f 13197 12967 13347
f 13198 13047 13339
f 13199 13044 13198
f 13199 12690 13348
f 13200 12999 13348
f 12461 13109 12575
f 13201 12997 13200
f 13202 12968 13201
f 13202 12456 13347
f 13203 13205 13298
f 11702 11703 12744
f 13206 13208 13244
f 11675 11704 11702
f 13209 13211 13223
f 11674 11670 11675
f 11711 11712 13037
f 13212 13214 13229
f 13215 13204 13203
f 12722 13037 11712
f 13217 13219 13231
f 12739 11683 11687
f 13220 13222 13247
f 13223 13224 13296
f 13220 13226 13248
f 13227 13207 13206
f 13229 13230 13251
f 13231 13232 13253
f 13233 13235 13330
f 11682 11687 11683
f 13236 13238 13241
f 11714 11713 13070
f 13239 13234 13233
f 13241 13242 13315
f 13070 13069 11671
f 13243 13244 13318
f 11671 11667 11672
f 13245 13229 13250
f 12745 11672 11667
f 13246 13231 13252
f 12948 12744 11703
f 13225 13247 13297
f 13221 13248 13329
f 13249 13206 13243
f 13250 13251 13304
f 13252 13253 13299
f 13254 13256 13277
f 13257 13259 13281
f 13260 13262 13279
f 13263 13265 13325
f 13266 13268 13309
f 13267 13269 13280
f 13270 13272 13307
f 13271 13273 13278
f 13274 13276 13283
f 13277 13278 13284
f 13271 13256 13272
f 13279 13280 13288
f 13267 13262 13268
f 13264 13259 13265
f 13282 13283 13286
f 13277 13285 13254
f 13282 13287 13300
f 13279 13289 13260
f 13259 13291 13265
f 13011 13162 11638
f 13221 13293 13222
f 13228 13295 13242
f 13296 13225 13223
f 13297 13223 13225
f 11637 11638 13162
f 11600 11639 11637
f 13298 13252 13203
f 13299 13203 13252
f 13230 13257 13261
f 13300 13284 13282
f 13282 13278 13274
f 13274 13273 13275
f 13275 13302 13276
f 13238 13228 13242
f 13237 13207 13238
f 11599 11595 11600
f 11648 11649 13031
f 13213 13234 13214
f 13240 13214 13234
f 13260 13230 13261
f 13251 13289 13304
f 13303 13289 13320
f 13261 13281 13262
f 13262 13264 13268
f 13268 13263 13309
f 13275 13305 13301
f 13270 13305 13273
f 13306 13307 13334
f 13308 13176 13181
f 13266 13176 13269
f 13177 13309 13324
f 13291 13276 13326
f 13290 13283 13291
f 13310 13286 13290
f 13254 13232 13255
f 13253 13285 13299
f 13299 13300 13215
f 13311 13233 13331
f 13312 13204 13331
f 13022 13031 11649
f 13005 11620 11624
f 13313 13241 13314
f 13314 13315 13333
f 13295 13224 13333
f 13294 13296 13295
f 13316 13226 13294
f 13316 13249 13317
f 13317 13243 13292
f 13292 13318 13293
f 11619 11624 11620
f 11661 11659 13074
f 13319 13250 13332
f 13303 13219 13332
f 13257 13239 13258
f 13215 13287 13216
f 13311 13258 13239
f 13320 13288 13321
f 13321 13280 13322
f 13322 13269 13308
f 13263 13324 13309
f 13323 13325 13328
f 13326 13328 13325
f 13329 13292 13221
f 13330 13331 13233
f 13210 13314 13211
f 13248 13317 13329
f 13255 13321 13256
f 13216 13331 13204
f 13256 13322 13272
f 13272 13308 13307
f 13265 13326 13325
f 13258 13290 13259
f 13218 13332 13219
f 13307 13181 13334
f 13216 13310 13311
f 13232 13320 13255
f 13227 13294 13228
f 13074 13072 11596
f 11596 11592 11597
f 13211 13333 13224
f 13010 11597 11592
f 13304 13332 13250
f 13276 13327 13326
f 13242 13333 13315
f 13327 13179 13328
f 12937 13302 12697
f 13328 12715 13323
f 12714 13323 12715
f 13324 12711 13177
f 12697 13301 12698
f 13305 12698 13301
f 12712 13306 12708
f 13334 12708 13306
f 13180 12701 12704
f 12935 12704 12936
f 13336 12825 13344
f 13337 12809 13336
f 12705 12807 13337
f 13338 13334 13181
f 13335 13182 12711
f 12710 13335 12711
f 12936 13337 13336
f 13339 13048 13194
f 12932 13185 12924
f 12924 13340 13187
f 13006 13340 12379
f 12854 13188 12852
f 12852 13341 12853
f 12737 13341 12465
f 12845 13342 12843
f 12580 13342 12454
f 12841 13343 12842
f 12573 13343 13049
f 12838 13192 12836
f 12836 13193 12824
f 12824 13344 12825
f 12783 13345 12784
f 12946 13183 12932
f 12373 13346 12374
f 12947 13346 12945
f 13024 13197 12375
f 12375 13347 12456
f 12718 12691 13349
f 13104 13198 12691
f 12998 13348 12999
f 12576 13348 12690
f 13109 13200 12576
f 13032 13201 13109
f 12966 13347 12967
f 12687 12936 12688
f 13336 12688 12936
f 12700 12705 12701
f 12720 13184 12700
f 13345 12719 13194
f 12718 12706 12710
f 12707 13349 12719
f 12691 13339 13349
f 13349 13194 12719
f 12982 13350 12995
f 12979 12990 12993
f 12987 13350 12988
f 12978 13350 12990
f 12857 11680 12850
f 12850 11679 12746
f 12746 12460 12747
f 12747 11515 12821
f 12821 11514 12822
f 12959 12822 11514
f 12960 12876 12959
f 12961 12878 12960
f 12898 12962 12881
f 12881 12884 12882
f 12882 11545 11546
f 11541 12885 11560
f 11509 11530 11501
f 11528 11495 11529
f 11529 11499 11557
f 11498 11557 11499
f 11490 11543 11500
f 11549 13113 11504
f 11504 13112 11475
f 11462 13110 11490
f 11454 13111 11462
f 11475 13115 11467
f 11467 13117 11439
f 11439 13119 11429
f 13123 11429 13119
f 11419 13122 11393
f 13125 11393 13122
f 11381 13127 11353
f 11353 13129 11345
f 11345 13131 11316
f 13133 11316 13131
f 11309 13135 11280
f 11280 13351 11270
f 13352 13354 13377
f 13352 13356 13378
f 11209 13145 11210
f 13355 11208 13356
f 13147 13357 13148
f 11214 13150 11185
f 13152 11185 13150
f 13154 11178 13152
f 11177 13158 11035
f 13157 11035 13158
f 13160 11036 13157
f 6564 11037 13160
f 13159 6297 6565
f 12919 13156 12920
f 12920 13155 12921
f 13153 12921 13155
f 13151 11162 13153
f 13149 11170 13151
f 11173 13146 11180
f 11180 13358 11211
f 11201 13356 11208
f 11200 13359 11201
f 13360 13362 13378
f 11216 13361 13360
f 13364 13134 11261
f 13132 11261 13134
f 11293 13130 11306
f 13128 11306 13130
f 11329 13126 11342
f 13124 11342 13126
f 11366 13121 11378
f 11378 13120 11387
f 11387 13118 11416
f 11416 13116 11423
f 11423 13114 11454
f 12732 13171 12500
f 13054 12474 12469
f 12473 12469 12474
f 12499 12500 13171
f 12477 12501 12499
f 12476 12472 12477
f 12508 12509 13061
f 13105 13061 12509
f 13167 12482 12486
f 12481 12486 12482
f 12511 12510 13075
f 13075 13076 12473
f 13091 13169 12615
f 13090 12589 12584
f 12588 12584 12589
f 12951 12952 12588
f 12626 12625 12951
f 12596 12601 12597
f 12940 12597 12601
f 13097 13096 12624
f 12623 12624 13096
f 12591 12587 12592
f 12592 12616 12614
f 12614 12615 13169
f 13235 13236 13330
f 13213 13237 13235
f 13212 13208 13213
f 13244 13245 13318
f 13319 13318 13245
f 13293 13218 13222
f 13217 13222 13218
f 13247 13246 13297
f 13297 13298 13209
f 13209 13205 13210
f 13312 13210 13205
f 13313 13330 13236
f 13143 11210 13145
f 13142 11207 13143
f 11202 13138 11203
f 11242 11203 13138
f 11241 11213 11242
f 11199 11237 11198
f 11235 11198 11237
f 11233 11204 11235
f 11232 11215 11233
f 13357 11231 13148
f 11229 13148 11231
f 13358 13365 11211
f 11211 13366 11205
f 11205 13367 11206
f 11218 11206 13367
f 11217 11212 11218
f 13363 11276 13361
f 13361 11257 13362
f 11269 13362 11257
f 13353 11260 13354
f 11253 13354 11260
f 11252 13368 11253
f 13140 11245 13141
f 11263 13141 11245
f 11267 13369 11263
f 11239 11272 11240
f 11247 11240 11272
f 11246 13370 11247
f 11270 13371 11246
f 13351 13372 11270
f 13373 13136 11227
f 11227 13364 11225
f 11225 11262 11222
f 11222 11251 11223
f 11265 11223 11251
f 11264 13374 11265
f 13363 11220 13374
f 11223 11220 11219
f 13366 11219 13367
f 13365 11221 13366
f 13365 11226 11224
f 13373 11226 11228
f 13372 11228 11230
f 13372 11234 13371
f 13371 11236 13370
f 13370 13375 11240
f 11241 13375 11237
f 11239 13137 13369
f 13369 13376 13141
f 13142 13376 13138
f 13140 13144 13368
f 13368 13377 13354
f 13355 13377 13145
f 13353 13378 13362
f 13359 13378 13356
f 11217 13360 13359
f 13379 7789 7788
f 7867 7792 7791
f 7861 7791 7794
f 7850 7794 7796
f 7841 7796 7798
f 7876 7789 7800
f 11955 7802 7801
f 6844 7804 7803
f 7875 7806 7802
f 11760 7808 7807
f 7869 7804 7806
f 7832 7811 7810
f 7851 7813 7803
f 11953 7810 7814
f 7854 7816 7813
f 7844 7800 7816
f 8157 7818 7817
f 11761 7821 7820
f 7848 7824 7823
f 7873 7798 7788
f 7838 7823 7827
f 7872 7827 7792
f 11582 7821 7817
f 7846 7807 7811
f 7859 7820 7824
f 11954 7818 11951
f 13380 11951 7814
f 6858 7808 7801
f 11952 3954 3953
f 6998 224 6991
f 7279 647 7263
f 7255 658 7256
f 7249 670 7250
f 683 7251 679
f 11966 5353 7252
f 7253 1073 7438
f 11769 5151 5195
f 11810 5194 5215
f 7771 5214 5274
f 8337 1663 8332
f 8691 4257 10892
f 10911 4278 10915
f 11739 5241 5118
f 4144 10819 4159
f 8323 1636 8314
f 7278 542 7285
f 7268 528 7278
