face_id,zone_id,jos3_name,area_m2,cx_m,cy_m,cz_m
0,8,RShoulder,0.0207562842433,4.2989325,2.6042275,1.54547
1,8,RShoulder,0.0179325630527,4.261855,2.6008225,1.6786625
2,8,RShoulder,0.0429259510022,4.2898225,2.47222,1.5503225
3,8,RShoulder,0.00739181240675,4.2794,2.485885,1.70631
4,13,LFoot,0.0239789378212,-1.86845,-7.94279,1.1980775
5,13,LFoot,0.0254507539267,-1.89054,-8.0634,1.18513
6,13,LFoot,0.00415517762856,-1.9249975,-8.0405275,1.288095
7,16,RFoot,0.0254507539267,1.89054,-8.0634,1.18513
8,16,RFoot,0.00415517762856,1.9249975,-8.0405275,1.288095
9,13,LFoot,0.00137361630896,-1.9260075,-7.96927,1.30116
10,16,RFoot,0.0239789378212,1.86845,-7.94279,1.1980775
11,16,RFoot,0.00137361630896,1.9260075,-7.96927,1.30116
12,5,LShoulder,0.0389789729464,-4.166725,2.375045,1.5633175
13,5,LShoulder,0.0121204030268,-4.151855,2.4540725,1.73787
14,8,RShoulder,0.0389789729464,4.166725,2.375045,1.5633175
15,8,RShoulder,0.0121204030268,4.151855,2.4540725,1.73787
16,13,LFoot,0.0220790656246,-2.5632775,-7.429045,0.0814848925
17,6,LArm,0.0195454255047,-1.951365,-0.93155225,0.56122975
18,5,LShoulder,0.0312656433982,-3.47923,3.6203,0.56391925
19,0,Head,0.0214332639947,-0.43898725,6.569245,0.60590775
20,13,LFoot,0.0232163107325,-1.827325,-7.94201,1.0439845
21,4,Pelvis,0.0221614642913,0.42430025,0.43860325,-0.96475775
22,16,RFoot,0.0176556326616,2.550495,-7.5591425,-0.0781297075
23,16,RFoot,0.0259543656679,2.5501325,-7.428355,-0.0735751075
24,13,LFoot,0.012603507356,-1.8096575,-6.45881,-0.06740611275
25,16,RFoot,0.0126119296266,1.80971,-6.4588925,-0.067476231
26,16,RFoot,0.0200441615692,2.5648375,-7.5659925,0.0693290425
27,16,RFoot,0.019042647554,1.928635,-7.059475,0.0693480175
28,5,LShoulder,0.0164215243372,-1.681445,0.94684125,0.438896
29,8,RShoulder,0.0164046741827,1.6822225,0.9465885,0.43900075
30,2,Chest,0.0196389854219,-2.5368775,4.045225,0.54191175
31,2,Chest,0.0159443501855,-2.43788,4.438865,0.55336925
32,2,Chest,0.0159443501855,2.43788,4.438865,0.55336925
33,0,Head,0.0178831700011,-0.66309375,7.04245,0.42792125
34,0,Head,0.0178831700011,0.66309375,7.04245,0.42792125
35,13,LFoot,0.0245973023352,-1.854525,-7.957745,0.92276875
36,16,RFoot,0.0245973023352,1.854525,-7.957745,0.92276875
37,2,Chest,0.0135311082412,-1.17171,3.56099,0.97124
38,2,Chest,0.0135311082412,1.17171,3.56099,0.97124
39,0,Head,0.0251433774755,-0.6570155,6.9108875,0.5545285
40,0,Head,0.0214332639947,0.43898725,6.569245,0.60590775
41,0,Head,0.0251433774755,0.6570155,6.9108875,0.5545285
42,16,RFoot,0.0232163107325,1.827325,-7.94201,1.0439845
43,12,LLeg,0.0189688660506,-1.43437,-2.0695225,1.0801625
44,5,LShoulder,0.0317291094031,-4.0409425,2.4102475,1.41774
45,8,RShoulder,0.0289486373616,4.0409425,2.4102475,1.41774
46,0,Head,0.0325019048484,-0.061901125,6.980495,1.478555
47,0,Head,0.0203409431366,0.091347875,6.980495,1.478555
48,0,Head,0.0189135138043,-0.060841925,7.093515,1.5074675
49,3,Back,0.0137804360754,-0.31379425,4.169135,-0.43300925
50,4,Pelvis,0.0214025156704,0.6595835,-1.947915,0.18965375
51,8,RShoulder,0.0272306999437,2.503315,3.63117,0.0677026675
52,12,LLeg,0.0239928839219,-1.95932,-1.4370425,0.70641775
53,2,Chest,0.0231106477166,-1.352355,2.08615,0.56386275
54,2,Chest,0.0150588679327,1.2993725,2.2159925,0.5649485
55,8,RShoulder,0.0266839920568,3.0647475,3.6924225,0.57800625
56,0,Head,0.023236217858,-0.30828875,6.5588375,0.61330225
57,13,LFoot,0.027215065643,-2.593145,-8.050095,1.06815875
58,16,RFoot,0.027215065643,2.593145,-8.050095,1.06815875
59,0,Head,0.015182342768,-0.455575,6.7173875,1.0685875
60,0,Head,0.00906952503525,-0.443299,7.1657225,1.23355
61,0,Head,0.0124361002649,0.527433,7.229095,1.177575
62,8,RShoulder,0.03072698913,4.1596275,2.57392,1.7396975
63,4,Pelvis,0.0257031522906,-0.81367,-0.3403615,-0.7400015
64,4,Pelvis,0.01529920764,-0.809218,-0.4719875,-0.67217825
65,4,Pelvis,0.01529920764,0.809218,-0.4719875,-0.67217825
66,16,RFoot,0.0150690593035,2.5383,-7.30244,-0.06168796425
67,3,Back,0.0201780252944,0.16807862,2.679728,-0.190373
68,5,LShoulder,0.0229846890301,-2.8137525,3.68295,-0.1969235
69,5,LShoulder,0.018345805736,-2.95394,3.6884525,-0.178893
70,8,RShoulder,0.018345805736,2.95394,3.6884525,-0.178893
71,3,Back,0.0137804360754,0.31379425,4.169135,-0.43300925
72,0,Head,0.0242453241649,0.1819435,5.965575,-0.2376885
73,0,Head,0.0138790391218,-0.177251,6.093065,-0.1803645
74,0,Head,0.0138790391218,0.177251,6.093065,-0.1803645
75,13,LFoot,0.0148762926002,-1.92358,-7.182905,0.057863985
76,13,LFoot,0.0111060759507,-2.18751,-7.1611475,0.4204975
77,16,RFoot,0.0111060759507,2.18751,-7.1611475,0.4204975
78,12,LLeg,0.01267137021,-0.69113475,-2.0841425,0.18836225
79,5,LShoulder,0.0368166935129,-3.004086,3.143402,0.4525448
80,2,Chest,0.0166274138406,-3.0671725,3.8260425,0.5449525
81,5,LShoulder,0.0159224201887,-2.93762,3.812885,0.56516175
82,2,Chest,0.020774646433,-2.8254675,3.9451625,0.5621725
83,2,Chest,0.0219053545781,-2.6800175,3.9258875,0.5528445
84,2,Chest,0.0131480832594,1.30849,3.66671,0.438018
85,2,Chest,0.0219053545781,2.6800175,3.9258875,0.5528445
86,8,RShoulder,0.0159224201887,2.93762,3.812885,0.56516175
87,2,Chest,0.020774646433,2.8254675,3.9451625,0.5621725
88,2,Chest,0.0166274138406,3.0671725,3.8260425,0.5449525
89,2,Chest,0.023317676536,-2.6854425,4.0607225,0.56568525
90,2,Chest,0.0208183889658,-2.5516725,4.1844775,0.557123
91,3,Back,0.0111330707221,3.032865,4.0888275,0.31404425
92,1,Neck,0.016252397552,2.307315,4.559665,0.55696425
93,0,Head,0.0134850213786,0.73034025,7.205015,0.4489215
94,13,LFoot,0.0331642809973,-2.0543425,-7.50225,0.72824275
95,12,LLeg,0.0131282690622,-1.43121,-2.2076825,1.0621875
96,15,RLeg,0.0131282690622,1.43121,-2.2076825,1.0621875
97,2,Chest,0.0231084796096,1.3523475,2.086165,0.56386825
98,1,Neck,0.027675461061,-1.188145,5.3399975,0.866086
99,1,Neck,0.0264364888108,1.18579,5.492365,0.7348135
100,1,Neck,0.027675461061,1.188145,5.3399975,0.866086
101,0,Head,0.0222288242492,-0.3086535,6.4327775,0.6064175
102,0,Head,0.0222288242492,0.3086535,6.4327775,0.6064175
103,0,Head,0.0162427214158,-0.68071475,6.915435,0.6974465
104,0,Head,0.023236217858,0.30828875,6.5588375,0.61330225
105,0,Head,0.0162427214158,0.68071475,6.915435,0.6974465
106,13,LFoot,0.0127388921594,-1.9889825,-7.9186675,1.3024675
107,16,RFoot,0.0127388921594,1.9889825,-7.9186675,1.3024675
108,2,Chest,0.0160848017482,0.19138025,1.3105075,1.438475
109,2,Chest,0.0186264391983,0.053778098,1.330986,1.44475
110,2,Chest,0.0193425566435,-0.174863525,1.698525,1.426945
111,2,Chest,0.0224446363178,-0.18745725,1.5657375,1.4388925
112,2,Chest,0.0197715807749,0.186793525,1.691845,1.4275475
113,8,RShoulder,0.0204134310232,4.2852725,2.56681,1.4109625
114,0,Head,0.0235457539156,-0.446987,6.788465,1.10937
115,0,Head,0.0319403804342,-0.4204285,6.847555,1.1852
116,0,Head,0.0202372191015,-0.404672666667,6.88935,1.28534333333
117,0,Head,0.00955727060528,-0.178600666667,6.91540666667,1.42695
118,0,Head,0.015182342768,0.455575,6.7173875,1.0685875
119,0,Head,0.0235457539156,0.446987,6.788465,1.10937
120,0,Head,0.0319403804342,0.4204285,6.847555,1.1852
121,0,Head,0.00955727060528,0.178600666667,6.91540666667,1.42695
122,0,Head,0.0202372191015,0.404672666667,6.88935,1.28534333333
123,0,Head,0.0124361002649,-0.527433,7.229095,1.177575
124,0,Head,0.0185173189881,-0.531782,7.3076975,1.15164
125,0,Head,0.0129203334442,-0.51688,7.38443,1.1798175
126,0,Head,0.0110016191685,-0.42064225,7.4388975,1.2413975
127,0,Head,0.0105260795009,-0.42949325,7.11793,1.29274
128,0,Head,0.00906952503525,0.443299,7.1657225,1.23355
129,0,Head,0.0110016191685,0.42064225,7.4388975,1.2413975
130,0,Head,0.0105260795009,0.42949325,7.11793,1.29274
131,0,Head,0.0104393629882,0.2672845,7.438575,1.3238575
132,0,Head,0.0185173189881,0.531782,7.3076975,1.15164
133,0,Head,0.0129203334442,0.51688,7.38443,1.1798175
134,5,LShoulder,0.03072698913,-4.1596275,2.57392,1.7396975
135,13,LFoot,0.00430327799157,-2.52791,-8.0212375,1.2175
136,16,RFoot,0.00430327799157,2.52791,-8.0212375,1.2175
137,4,Pelvis,0.0220320435546,-0.94297725,0.5638725,-0.95201575
138,4,Pelvis,0.022084467136,-0.42697025,0.5618525,-0.95922175
139,4,Pelvis,0.0137147734786,0.57024775,0.55863775,-0.99233875
140,16,RFoot,0.0269622807431,2.067524,-7.958512,-0.4299514
141,12,LLeg,0.0136258059324,-1.9428575,-5.9289925,-0.489021
142,15,RLeg,0.01259319266,2.05724,-5.9297075,-0.4870425
143,15,RLeg,0.0264059044518,1.56663,-5.455924,-0.434934
144,12,LLeg,0.0247647210449,-1.433286,-4.957004,-0.435779
145,12,LLeg,0.0150049589036,-1.93453,-4.43657,-0.516255
146,12,LLeg,0.0231875859859,-1.441925,-4.4389325,-0.434976
147,15,RLeg,0.0137654751357,1.5660175,-4.4337225,-0.522399
148,15,RLeg,0.0281984095142,2.064122,-4.416056,-0.4410586
149,12,LLeg,0.0223159434155,-1.4408325,-1.9406075,-0.4245655
150,12,LLeg,0.0160632433589,-1.4309975,-1.4355125,-0.4941155
151,12,LLeg,0.0239020872528,-0.92447075,-1.436295,-0.454611
152,15,RLeg,0.0148323285323,1.0689175,-1.4360375,-0.51601
153,15,RLeg,0.0230755261959,1.55745,-1.45626,-0.4338418
154,11,LThigh,0.0140105037237,-1.4348675,-0.938985,-0.5100585
155,11,LThigh,0.00956039104168,-0.91446175,-0.95063775,-0.538699
156,14,RThigh,0.0215406514675,1.558505,-0.9405495,-0.43378575
157,11,LThigh,0.0237584688925,-1.4600625,-0.4390115,-0.4730065
158,5,LShoulder,0.0229423130093,-1.4835825,0.061667845,-0.47676125
159,5,LShoulder,0.0234706480734,-1.454155,0.5603495,-0.45208825
160,3,Back,0.0263766137676,-0.952726666667,1.58769333333,-0.468246666667
161,3,Back,0.0120590592838,-0.437125,1.5788575,-0.52048625
162,3,Back,0.0123297967376,0.0624995,1.57522,-0.5084715
163,3,Back,0.0117080734051,0.56223025,1.581225,-0.52180425
164,1,Neck,0.0151848724658,-0.937025,4.561945,-0.52898
165,1,Neck,0.015563429717,-0.4374065,4.563145,-0.48953625
166,1,Neck,0.0155199028386,0.062619,4.56464,-0.463415
167,1,Neck,0.0157842337964,0.562484,4.563095,-0.48041975
168,1,Neck,0.0138635257747,1.05767875,4.56669,-0.5325965
169,1,Neck,0.0137916202744,-1.42825,5.0658525,-0.47061875
170,1,Neck,0.0159496554795,-0.437288,5.06255,-0.51055825
171,1,Neck,0.0156990418119,0.062497,5.062525,-0.505242
172,1,Neck,0.0150128268134,0.55982375,5.0629,-0.49587275
173,1,Neck,0.0146243641953,1.07219675,5.0643325,-0.5480895
174,1,Neck,0.0225240001612,1.557804,5.043502,-0.4380348
175,1,Neck,0.0241018699939,-0.43864525,5.5786575,-0.45518225
176,1,Neck,0.0235853460826,0.55995075,5.575875,-0.4492605
177,13,LFoot,0.0109871384288,-1.946575,-7.9930875,0.06185366775
178,13,LFoot,0.011427314413,-1.92025,-7.9103975,0.063336129
179,16,RFoot,0.0201804695947,2.58104,-7.966892,0.067971808
180,13,LFoot,0.0204724681704,-1.923185,-7.43933,0.047695575
181,13,LFoot,0.0220313936312,-2.44914,-6.94266,0.091101832334
182,13,LFoot,0.0188079339992,-1.9239925,-6.933235,0.07527078
183,13,LFoot,0.0147377565775,-1.8190225,-6.44978,0.05987138725
184,15,RLeg,0.0248902355737,1.569105,-5.4454125,0.0665911325
185,12,LLeg,0.0156254526578,-1.3694075,-4.93346,0.055525668
186,15,RLeg,0.0140618946884,2.1134225,-3.9428025,0.0651342825
187,12,LLeg,0.0234291014345,-1.967136,-3.440084,0.033554932
188,15,RLeg,0.0241013162799,1.0416525,-3.43616,0.047133375
189,12,LLeg,0.0268632856111,-0.916131,-2.951025,0.047113235
190,4,Pelvis,0.0215288609247,0.5500908,-1.42923,0.03815479
191,4,Pelvis,0.0144165547303,-0.3821005,-0.9310145,0.06968495
192,8,RShoulder,0.0100057188018,1.66864,0.57458175,0.0346060575
193,8,RShoulder,0.0241980836463,1.600724,1.05918,0.0328547
194,5,LShoulder,0.0147071795108,-1.50642,1.5621475,0.0651451125
195,3,Back,0.0098748555373,1.0718125,2.08391,-0.0160902
196,3,Back,0.0248278450353,-0.936998,3.040916,0.06527918
197,3,Back,0.0292503154625,-2.97652333333,4.09267,0.0402555983333
198,1,Neck,0.0132312789268,1.5784375,4.4971475,0.059129064
199,1,Neck,0.0107542397061,2.6401725,4.5826075,0.06885412
200,1,Neck,0.0249340388389,-1.94609,5.563484,0.042617772
201,0,Head,0.0156940153479,-0.494106,6.063085,0.0660382525
202,0,Head,0.022152479877,-0.43293875,6.5626175,0.054002975
203,0,Head,0.0118576145236,-0.53069575,7.0504975,0.050329415
204,0,Head,0.0131132037544,0.646944,7.562905,0.046308512
205,0,Head,0.0222973765267,0.54930625,8.06954,0.0528872
206,13,LFoot,0.0119092604711,-1.963175,-7.9770475,0.560121
207,13,LFoot,0.0119499094067,-1.90218,-7.9056475,0.560775
208,16,RFoot,0.0112762500256,2.0454125,-8.02534,0.560107
209,16,RFoot,0.0125292472515,2.63099,-7.937705,0.5610315
210,16,RFoot,0.0313434533768,2.042044,-7.410098,0.5759928
211,12,LLeg,0.0265417396055,-1.937476,-3.919034,0.5631578
212,12,LLeg,0.0213369701849,-0.94418025,-2.944355,0.56681475
213,12,LLeg,0.0234940908889,-1.9444625,-2.4393425,0.5866255
214,12,LLeg,0.0115385657091,-0.834173,-2.448335,0.57371275
215,12,LLeg,0.014346029933,-1.9682525,-1.93733,0.55611775
216,12,LLeg,0.0141959920788,-1.9750225,-1.43755,0.55677375
217,4,Pelvis,0.024663593868,-0.426544166667,-0.948987833333,0.572498166667
218,8,RShoulder,0.0142395774647,1.6597075,1.064915,0.56568025
219,8,RShoulder,0.0253575142861,1.566124,1.562604,0.5796004
220,2,Chest,0.0100731930642,1.17555,3.0463225,0.53747025
221,8,RShoulder,0.0209396815911,3.0439775,3.558405,0.59428975
222,1,Neck,0.0245455734307,-1.439102,4.56776,0.5775206
223,1,Neck,0.0130693358683,-1.93255,5.068045,0.621634
224,1,Neck,0.0201363377943,2.07068,5.0627325,0.56809325
225,1,Neck,0.0255060840395,-1.44263,5.606945,0.5889725
226,1,Neck,0.0252120136487,-0.458300666667,5.59263166667,0.583065
227,1,Neck,0.023033249169,1.0426108,5.56546,0.5582442
228,1,Neck,0.0228078275721,1.565205,5.59984,0.58943625
229,0,Head,0.00576224164812,-0.45203625,6.492955,0.54279675
230,0,Head,0.0106560163645,-0.49308875,6.5723625,0.5391755
231,0,Head,0.0154930404327,0.062172,6.5620725,0.58285875
232,0,Head,0.0145019937111,0.6865965,7.0304425,0.55168575
233,0,Head,0.0109224138171,0.65657175,8.0800425,0.56304
234,13,LFoot,0.00985303553215,-2.4453325,-7.8330575,1.0888475
235,16,RFoot,0.0186680391079,2.60626,-7.9225275,1.0749425
236,16,RFoot,0.0101953978411,2.5381675,-7.8585,1.075945
237,12,LLeg,0.0129104734257,-1.43736,-1.9292925,1.0964975
238,15,RLeg,0.0203452208029,1.58451,-1.929938,1.082638
239,12,LLeg,0.0155342753638,-1.4368075,-1.4375075,1.12204
240,15,RLeg,0.0142466927048,1.5558375,-1.437515,1.11908
241,11,LThigh,0.0153178259099,-1.436995,-0.93787775,1.1211775
242,11,LThigh,0.022876293733,-0.938139,-0.9563234,1.063356
243,14,RThigh,0.0148984163938,1.0683825,-0.934784,1.0991475
244,14,RThigh,0.0152756823715,1.558605,-0.9394555,1.1107075
245,11,LThigh,0.0146348618296,-1.43186,-0.4392285,1.1138725
246,11,LThigh,0.0149337358585,-0.9409335,-0.4365785,1.12171
247,14,RThigh,0.0153504361972,1.0617325,-0.43802975,1.1301575
248,14,RThigh,0.0241259983796,1.563304,-0.4183298,1.071424
249,4,Pelvis,0.0156994967843,-0.9375305,0.062482463875,1.15265
250,4,Pelvis,0.0155004149056,-0.4411515,0.06200278,1.1226575
251,4,Pelvis,0.0156923575587,0.5635675,0.0627116655,1.1121375
252,4,Pelvis,0.0165027285363,1.0670375,0.063100698875,1.1501875
253,4,Pelvis,0.014944831487,-0.94147425,0.55974625,1.15852
254,4,Pelvis,0.0155552493019,1.0629025,0.562264,1.1401075
255,4,Pelvis,0.0120907517988,-0.962098,1.05982225,1.16648
256,4,Pelvis,0.0143657260334,1.06238,1.06147625,1.12761
257,2,Chest,0.0116862947412,1.0787525,1.5625625,1.13924
258,2,Chest,0.0231932379919,1.111604,2.058068,1.107258
259,2,Chest,0.024183744367,1.1087225,2.563405,1.104785
260,5,LShoulder,0.026241309375,-3.96107,3.0837,1.060601
261,5,LShoulder,0.0262153601571,-3.438164,3.083536,1.07668
262,2,Chest,0.0227633653992,1.09977,3.06306,1.09067
263,8,RShoulder,0.0111202789423,3.5503925,3.0755075,1.1584275
264,2,Chest,0.0138115698507,1.12499,3.5647825,1.07099
265,0,Head,0.0118618708369,0.066912625,6.97235,1.06025
266,0,Head,0.0140862950677,0.64261975,7.060135,1.0664975
267,0,Head,0.0130498202096,0.63071425,7.5618975,1.067475
268,0,Head,0.0238589398366,-0.4792378,8.073444,1.103368
269,5,LShoulder,0.0253509538029,-3.910036,2.536826,1.567122
270,2,Chest,0.0238765909378,-0.4356722,3.044634,1.567768
271,2,Chest,0.0145073945725,0.06234075,3.06875,1.59863
272,15,RLeg,0.0230683445953,1.957398,-5.5582,-0.5658294
273,12,LLeg,0.0219273608211,-2.056422,-5.454494,-0.5622686
274,12,LLeg,0.0227866604177,-2.077545,-5.062125,-0.59466575
275,12,LLeg,0.013038980004,-1.9309,-5.4285675,-0.591412
276,12,LLeg,0.0157480993369,-1.93528,-5.06295,-0.63220225
277,12,LLeg,0.0120038605648,-1.519155,-5.060145,-0.53212075
278,12,LLeg,0.0113052385057,-1.5944725,-5.059165,-0.587549
279,15,RLeg,0.013038980004,1.9309,-5.4285675,-0.591412
280,15,RLeg,0.0113052385057,1.5944725,-5.059165,-0.587549
281,15,RLeg,0.0157480993369,1.93528,-5.06295,-0.63220225
282,15,RLeg,0.0219271061877,2.056422,-5.454494,-0.5622686
283,15,RLeg,0.0227868161075,2.077545,-5.062125,-0.59466575
284,12,LLeg,0.0222106479596,-2.0745775,-4.935775,-0.58496675
285,12,LLeg,0.0144204373141,-1.932295,-4.93833,-0.628092
286,12,LLeg,0.0267628532654,-1.55536,-4.94949,-0.5631358
287,15,RLeg,0.0267573964122,1.55536,-4.94949,-0.5631358
288,15,RLeg,0.0144204373141,1.932295,-4.93833,-0.628092
289,15,RLeg,0.0222139911535,2.0745775,-4.935775,-0.58496675
290,11,LThigh,0.0215612183238,-1.05128575,-1.06610975,-0.55857875
291,11,LThigh,0.0198642977598,-1.0313604,-0.9297692,-0.572195
292,11,LThigh,0.014431949518,-1.057558,-0.5641455,-0.62474975
293,11,LThigh,0.0139083249001,-0.93603525,-0.57041825,-0.64088525
294,14,RThigh,0.0139083249001,0.93603525,-0.57041825,-0.64088525
295,14,RThigh,0.014431949518,1.057558,-0.5641455,-0.62474975
296,11,LThigh,0.0137247638752,-1.0614555,-0.44998325,-0.65352975
297,11,LThigh,0.0141484658327,-0.93883425,-0.4667835,-0.6738515
298,4,Pelvis,0.0227072970099,-0.0571159983333,-0.0800800601667,-0.5736705
299,4,Pelvis,0.026636119777,0.420519,-0.4347168,-0.5569762
300,4,Pelvis,0.011478536956,0.0653188,-0.05287346525,-0.6087895
301,4,Pelvis,0.00943965056029,0.067119775,-0.121611975,-0.55594125
302,14,RThigh,0.0141484658327,0.93883425,-0.4667835,-0.6738515
303,14,RThigh,0.0137247638752,1.0614555,-0.44998325,-0.65352975
304,4,Pelvis,0.0234738697198,-0.9362786,0.4185868,-0.947784
305,4,Pelvis,0.0116736532663,-0.04580815,0.05423945975,-0.64314125
306,4,Pelvis,0.0143992533824,0.03469825,0.05423945975,-0.64314125
307,3,Back,0.0239508678993,-0.562735,1.463345,-0.59891125
308,3,Back,0.0244491639763,-0.436249,1.45392,-0.592747
309,3,Back,0.0224618518459,-0.0625045,1.44743,-0.56151125
310,3,Back,0.0224618518459,0.0625045,1.44743,-0.56151125
311,3,Back,0.0244491639763,0.436249,1.45392,-0.592747
312,3,Back,0.0239508678993,0.562735,1.463345,-0.59891125
313,3,Back,0.0288013872753,0.9578318,1.439354,-0.568981
314,1,Neck,0.0182840260893,0.95465,4.939345,-0.58105625
315,1,Neck,0.0201916298395,0.9450615,5.0664775,-0.564635
316,13,LFoot,0.0315247661567,-2.46823833333,-8.10250166667,-0.0646279683333
317,13,LFoot,0.0284242010676,-2.038486,-8.098888,-0.0756992766
318,16,RFoot,0.0284242010676,2.038486,-8.098888,-0.0756992766
319,16,RFoot,0.0316490834117,2.46823833333,-8.10250166667,-0.0646279683333
320,13,LFoot,0.0212084728584,-2.5796875,-7.9632725,-0.06039344
321,13,LFoot,0.0106779438948,-1.9491425,-7.546655,-0.086920025
322,13,LFoot,0.0105100480668,-1.9324775,-8.0044575,-0.05960008225
323,13,LFoot,0.0114942196796,-1.9102575,-7.9161325,-0.055007371
324,16,RFoot,0.0105100480668,1.9324775,-8.0044575,-0.05960008225
325,16,RFoot,0.0114942196796,1.9102575,-7.9161325,-0.055007371
326,16,RFoot,0.0212069895331,2.5796875,-7.9632725,-0.06039344
327,13,LFoot,0.0115152190005,-1.95788,-7.4347975,-0.082737925
328,13,LFoot,0.0205514508671,-1.942165,-7.0634375,-0.0703469825
329,16,RFoot,0.0205815245791,1.942165,-7.0634375,-0.0703469825
330,16,RFoot,0.0148243954131,2.48549,-7.0648825,-0.05693938705
331,13,LFoot,0.0225616617993,-2.452528,-6.942528,-0.093587967666
332,13,LFoot,0.0207396666641,-2.4344,-6.56294,-0.07505456
333,13,LFoot,0.0204272493682,-1.924702,-6.930346,-0.093722976
334,13,LFoot,0.0142367481258,-1.8321,-6.5657175,-0.05945996775
335,16,RFoot,0.0204646173497,1.924702,-6.930346,-0.093722976
336,16,RFoot,0.0142275046783,1.83211,-6.5657525,-0.0594351435
337,16,RFoot,0.0225638115994,2.452528,-6.942528,-0.093587967666
338,16,RFoot,0.0207396666641,2.4344,-6.56294,-0.07505456
339,13,LFoot,0.0241159665435,-2.087478,-6.057488,-0.4611072
340,13,LFoot,0.0252376299898,-1.917426,-6.059284,-0.4472204
341,16,RFoot,0.0244114675768,1.923656,-6.060046,-0.4470322
342,12,LLeg,0.00873807398023,-1.46585,-5.0732,-0.460539
343,12,LLeg,0.015000827793,-1.3740625,-5.054515,-0.0664237375
344,15,RLeg,0.015000827793,1.3740625,-5.054515,-0.0664237375
345,12,LLeg,0.0146751089066,-1.34478,-4.937395,-0.064556082
346,15,RLeg,0.024764720499,1.433286,-4.957004,-0.435779
347,15,RLeg,0.0264294055325,1.4317725,-4.5605525,-0.44616475
348,15,RLeg,0.0146751089066,1.34478,-4.937395,-0.064556082
349,15,RLeg,0.0234743447162,2.093482,-4.563322,-0.4772618
350,12,LLeg,0.0281881483202,-2.064122,-4.416056,-0.4410586
351,12,LLeg,0.0150414187614,-2.1454725,-4.05242,-0.0609704625
352,12,LLeg,0.0218231557197,-1.5572875,-4.0575125,-0.43029125
353,15,RLeg,0.0150414187614,2.1454725,-4.05242,-0.0609704625
354,12,LLeg,0.0254185696409,-2.08249333333,-3.92263333333,-0.0765672783333
355,12,LLeg,0.0255233900433,-1.952304,-3.540396,-0.066520588
356,15,RLeg,0.0255233900433,1.952304,-3.540396,-0.066520588
357,15,RLeg,0.0254320689448,2.08249333333,-3.92263333333,-0.0765672783333
358,12,LLeg,0.0234412005693,-1.02435425,-3.0680725,-0.0786211825
359,15,RLeg,0.0234452885694,1.02435425,-3.0680725,-0.0786211825
360,12,LLeg,0.0218285037845,-1.0073166,-2.947934,-0.107454986
361,12,LLeg,0.0131466965849,-0.852787,-2.573005,-0.0682828
362,15,RLeg,0.0131466965849,0.852787,-2.573005,-0.0682828
363,15,RLeg,0.0241794824289,0.9409106,-1.579922,-0.4337462
364,4,Pelvis,0.0128532115429,-0.486031,-1.07015975,-0.0692661
365,11,LThigh,0.0215408449453,-1.558505,-0.9405495,-0.43378575
366,4,Pelvis,0.0268608139422,-0.433450666667,-0.571791333333,-0.439364
367,4,Pelvis,0.0268542576983,0.433450666667,-0.571791333333,-0.439364
368,4,Pelvis,0.0242208737548,0.4408638,-0.9538318,-0.06018436
369,14,RThigh,0.0237363203631,1.4618575,-0.5601595,-0.4716975
370,5,LShoulder,0.0132936052063,-1.652335,0.43840125,-0.06836006
371,8,RShoulder,0.0132936052063,1.652335,0.43840125,-0.06836006
372,5,LShoulder,0.0134063188792,-1.6397125,0.56297675,-0.0603822175
373,5,LShoulder,0.0254815240541,-1.574262,0.9584272,-0.066989974
374,8,RShoulder,0.0134063188792,1.6397125,0.56297675,-0.0603822175
375,8,RShoulder,0.0254835516098,1.574308,0.9584324,-0.066988972
376,8,RShoulder,0.00940160357981,1.54345,1.07522,-0.090159025
377,8,RShoulder,0.0234654741325,1.46891,1.432672,-0.090233408
378,3,Back,0.0203444621835,-1.070446,1.98533,-0.11072044
379,8,RShoulder,0.0277105916877,1.434482,1.582144,-0.06329639
380,3,Back,0.0203444621835,1.070446,1.98533,-0.11072044
381,3,Back,0.0142456489259,-0.57711525,2.438725,-0.14470175
382,3,Back,0.0271730786116,0.956631833333,2.08957833333,-0.09181905
383,3,Back,0.0142456489259,0.57711525,2.438725,-0.14470175
384,3,Back,0.0244885454148,-0.611462166667,2.56430166667,-0.110338883333
385,3,Back,0.0159703344535,-0.57063125,2.9318775,-0.15597025
386,3,Back,0.0116646752363,-0.46356275,2.572705,-0.1740445
387,3,Back,0.0133575520284,-0.4502675,2.92585,-0.18317475
388,3,Back,0.00972529125525,-0.053318575,2.917845,-0.1772215
389,3,Back,0.0116646752363,0.46356275,2.572705,-0.1740445
390,3,Back,0.00972529125525,0.053318575,2.917845,-0.1772215
391,3,Back,0.0133575520284,0.4502675,2.92585,-0.18317475
392,3,Back,0.0242473026264,0.611462166667,2.56430166667,-0.110338883333
393,3,Back,0.0159703344535,0.57063125,2.9318775,-0.15597025
394,5,LShoulder,0.0284179283558,-3.065915,3.4227875,-0.096431925
395,5,LShoulder,0.028118789834,-2.9386075,3.4228975,-0.09041410825
396,3,Back,0.0130227438974,-0.57826775,3.0513075,-0.169751
397,3,Back,0.0130227438974,0.57826775,3.0513075,-0.169751
398,3,Back,0.0267093755114,0.955437,3.42245666667,-0.0829961333333
399,8,RShoulder,0.0280519337481,2.9386075,3.4228975,-0.09041410825
400,8,RShoulder,0.0284180160064,3.065915,3.4227875,-0.096431925
401,5,LShoulder,0.0155208934449,-3.074505,3.573785,-0.1453685
402,5,LShoulder,0.0158287859003,-2.9405,3.56725,-0.1688345
403,3,Back,0.0263640462526,-1.0586716,3.545068,-0.0588707
404,3,Back,0.0133924035633,-0.946949,3.5635225,-0.140307325
405,3,Back,0.0133924035633,0.946949,3.5635225,-0.140307325
406,3,Back,0.0263581835259,1.0586716,3.545068,-0.0588707
407,8,RShoulder,0.0158287859003,2.9405,3.56725,-0.1688345
408,3,Back,0.0293459895055,2.97080166667,3.95673,-0.088752985
409,8,RShoulder,0.0155208934449,3.074505,3.573785,-0.1453685
410,3,Back,0.0101001146431,-2.584505,4.44846,-0.15282945
411,3,Back,0.0208520356468,-0.0691564,4.414114,-0.4430714
412,3,Back,0.0208520356468,0.0691564,4.414114,-0.4430714
413,3,Back,0.024080058152,1.053249,4.40797,-0.4784344
414,3,Back,0.012693070062,1.5241075,4.4115275,-0.06232754225
415,3,Back,0.0101001146431,2.584505,4.44846,-0.15282945
416,1,Neck,0.0292445179622,-2.576715,4.57418833333,-0.06661802
417,1,Neck,0.0242786776222,-1.44813,4.92740333333,-0.4451695
418,1,Neck,0.0242769669867,1.44813,4.92740333333,-0.4451695
419,1,Neck,0.0292422031183,2.576715,4.57418833333,-0.06661802
420,1,Neck,0.0106920303281,-1.94825,5.5140725,-0.0753622875
421,1,Neck,0.0244061645541,-1.081988,5.436914,-0.4424804
422,1,Neck,0.023364403918,0.93625725,5.4509625,-0.45201075
423,1,Neck,0.00945755764223,2.0166975,5.453885,-0.0736536375
424,1,Neck,0.0106920303281,1.94825,5.5140725,-0.0753622875
425,1,Neck,0.024101999351,0.43864525,5.5786575,-0.45518225
426,0,Head,0.0113711236088,0.52751175,5.9641575,-0.0592055275
427,0,Head,0.0309474309657,-0.443709666667,6.07755333333,-0.0697739316667
428,0,Head,0.0119020997798,-0.0542985,6.092455,-0.16954825
429,0,Head,0.015841543161,-0.06150954,6.43819,-0.102486175
430,0,Head,0.0119020997798,0.0542985,6.092455,-0.16954825
431,0,Head,0.0298757884683,0.443709666667,6.07755333333,-0.0697739316667
432,0,Head,0.0158015477747,0.06169946,6.43819,-0.102486175
433,0,Head,0.0153734974219,-0.0611196825,6.5620875,-0.10943705
434,0,Head,0.0150625219528,0.0624108175,6.5620875,-0.10943705
435,0,Head,0.0238881063935,0.4295404,6.916726,-0.059171778
436,0,Head,0.023735790517,-0.570357,7.41782,-0.0662946318
437,0,Head,0.0241626626722,-0.4546615,7.0587,-0.07861826
438,0,Head,0.0241617638289,0.4546615,7.0587,-0.07861826
439,0,Head,0.0237346748593,0.570357,7.41782,-0.0662946318
440,0,Head,0.021654926484,-0.57717725,7.564015,-0.074984113
441,0,Head,0.011971214246,0.5265895,7.9493175,-0.083388825
442,0,Head,0.0216548782815,0.57717725,7.564015,-0.074984113
443,0,Head,0.0283275438284,-0.4530685,8.07648833333,-0.0831329666667
444,0,Head,0.0283275438284,0.4530685,8.07648833333,-0.0831329666667
445,13,LFoot,0.0100031671607,-2.5296575,-8.075465,0.0502762475
446,13,LFoot,0.0164437585754,-2.4323325,-8.125335,0.0617945225
447,13,LFoot,0.024047327093,-2.05495,-8.078765,0.06044440425
448,13,LFoot,0.0141402818794,-2.4312225,-8.1163725,0.4375515
449,16,RFoot,0.024047327093,2.05495,-8.078765,0.06044440425
450,16,RFoot,0.0100031671607,2.5296575,-8.075465,0.0502762475
451,16,RFoot,0.0164437585754,2.4323325,-8.125335,0.0617945225
452,16,RFoot,0.0141402818794,2.4312225,-8.1163725,0.4375515
453,13,LFoot,0.0201804695947,-2.58104,-7.966892,0.067971808
454,13,LFoot,0.0128593219138,-2.6227475,-7.937925,0.43760625
455,13,LFoot,0.0223697112139,-2.466342,-7.531874,0.4343492
456,13,LFoot,0.0214466648434,-1.922168,-7.566768,0.038709644
457,13,LFoot,0.0229564122025,-1.948952,-7.93287,0.450374
458,13,LFoot,0.0148076206767,-1.90435,-7.5696425,0.43391325
459,16,RFoot,0.0109871384288,1.946575,-7.9930875,0.06185366775
460,16,RFoot,0.011427314413,1.92025,-7.9103975,0.063336129
461,16,RFoot,0.0229564122025,1.948952,-7.93287,0.450374
462,16,RFoot,0.0148076206767,1.90435,-7.5696425,0.43391325
463,16,RFoot,0.0222964200152,2.466342,-7.531874,0.4343492
464,16,RFoot,0.0128593219138,2.6227475,-7.937925,0.43760625
465,13,LFoot,0.0190279098334,-1.928635,-7.059475,0.0693480175
466,16,RFoot,0.0244683014327,1.946904,-7.43801,0.456521
467,16,RFoot,0.0150178645021,2.4836225,-7.065595,0.05771686295
468,13,LFoot,0.0200488860774,-2.4286575,-6.56361,0.06958244
469,13,LFoot,0.013824409035,-1.8417375,-6.56414,0.05507878225
470,16,RFoot,0.0188145375345,1.9239925,-6.933235,0.07527078
471,16,RFoot,0.0138218043536,1.84174,-6.56414,0.0550903565
472,16,RFoot,0.022031353054,2.44914,-6.94266,0.091101832334
473,16,RFoot,0.0200486379211,2.4286575,-6.56361,0.06958244
474,16,RFoot,0.0147588318568,1.8190475,-6.4496975,0.059843019
475,12,LLeg,0.0231848103652,-2.0749475,-5.06183,0.45073125
476,12,LLeg,0.0248902355737,-1.569105,-5.4454125,0.0665911325
477,12,LLeg,0.0141936904743,-1.9358725,-5.061305,0.49184325
478,12,LLeg,0.0260461058831,-1.42364833333,-5.07308333333,0.073301925
479,15,RLeg,0.0260531059774,1.42364833333,-5.07308333333,0.073301925
480,15,RLeg,0.0141936904743,1.9358725,-5.061305,0.49184325
481,15,RLeg,0.0231848103652,2.0749475,-5.06183,0.45073125
482,12,LLeg,0.0238076352877,-2.0720775,-4.9373325,0.45206725
483,12,LLeg,0.0236771762692,-2.064365,-4.5636025,0.44785475
484,12,LLeg,0.0153292087309,-1.9318275,-4.56257,0.52739975
485,12,LLeg,0.0268984779876,-1.54650833333,-4.580715,0.463915666667
486,15,RLeg,0.0156254526578,1.3694075,-4.93346,0.055525668
487,15,RLeg,0.0131112157785,1.9354825,-4.93509,0.50505375
488,15,RLeg,0.0153292087309,1.9318275,-4.56257,0.52739975
489,15,RLeg,0.0238089314496,2.0720775,-4.9373325,0.45206725
490,15,RLeg,0.0236771762692,2.064365,-4.5636025,0.44785475
491,12,LLeg,0.0114420909215,-2.15224,-4.0422775,0.0637002875
492,12,LLeg,0.0244985426475,-2.064635,-4.4411775,0.4432625
493,12,LLeg,0.0122540396813,-1.5542275,-4.4502475,0.52696425
494,15,RLeg,0.0270581679008,1.44051,-4.461328,0.4364078
495,15,RLeg,0.0117799212817,1.94688,-4.4399075,0.532164
496,15,RLeg,0.00972555784967,2.02691,-4.0591025,0.45911675
497,15,RLeg,0.0114420909215,2.15224,-4.0422775,0.0637002875
498,12,LLeg,0.0140618946884,-2.1134225,-3.9428025,0.0651342825
499,12,LLeg,0.0243582109451,-1.058382,-3.57943,0.06443598
500,15,RLeg,0.0157276328228,2.0024,-3.562005,0.067265415
501,15,RLeg,0.0140886184924,2.01583,-3.936185,0.447389
502,15,RLeg,0.024178207434,1.9719775,-3.5612575,0.45134575
503,12,LLeg,0.010334242568,-0.94878875,-3.080235,0.0508810925
504,12,LLeg,0.0253479645346,-1.04994666667,-3.44988166667,0.450229
505,12,LLeg,0.0105500609428,-0.95427525,-3.0843875,0.4478845
506,15,RLeg,0.0236930616224,1.9623625,-3.4362225,0.45333125
507,12,LLeg,0.0121278330862,-0.832046,-2.5758225,0.4491825
508,15,RLeg,0.0209222908666,0.9221176,-2.959254,0.42892
509,15,RLeg,0.0121278330862,0.832046,-2.5758225,0.4491825
510,15,RLeg,0.022391833572,1.943775,-2.945515,0.452747333333
511,15,RLeg,0.0142070623117,1.9575,-2.5620475,0.4329245
512,15,RLeg,0.0145119459746,1.958535,-2.437175,0.43334875
513,15,RLeg,0.0152271579108,1.9640825,-2.0624225,0.43745625
514,4,Pelvis,0.0233478849073,-0.57672275,-1.57012,0.05690084
515,4,Pelvis,0.0233348443732,0.57672275,-1.57012,0.05690084
516,15,RLeg,0.0152440402618,1.965725,-1.9375775,0.43758125
517,15,RLeg,0.0145809098055,1.9693975,-1.5627225,0.441899
518,4,Pelvis,0.0249277480597,-0.437372,-1.0580836,0.04774536
519,4,Pelvis,0.0227300127561,-0.4346854,-1.0601442,0.4540828
520,4,Pelvis,0.0227296161076,0.4346854,-1.0601442,0.4540828
521,15,RLeg,0.0144395606234,1.96821,-1.437725,0.44274375
522,9,RArm,0.019970951163,1.95004,-1.0725466,0.4158868
523,6,LArm,0.0204445979289,-1.94405,-0.93442075,0.4305415
524,4,Pelvis,0.01430223328,-0.3857735,-0.93531,0.4337665
525,4,Pelvis,0.0144165547303,0.3821005,-0.9310145,0.06968495
526,4,Pelvis,0.01430223328,0.3857735,-0.93531,0.4337665
527,9,RArm,0.0204445896106,1.94405,-0.93442075,0.4305415
528,5,LShoulder,0.0100057188018,-1.66864,0.57458175,0.0346060575
529,5,LShoulder,0.0161491134213,-1.635235,0.937767,0.0658254325
530,8,RShoulder,0.0161438670443,1.6350875,0.93774075,0.06585081
531,5,LShoulder,0.0170771042176,-1.67192,1.0696075,0.44113225
532,5,LShoulder,0.0138215717943,-1.6245425,1.429255,0.437298
533,8,RShoulder,0.0113167276834,1.5341775,1.44952,0.051001015
534,8,RShoulder,0.0169777831291,1.672485,1.06964,0.44124525
535,8,RShoulder,0.0138196868162,1.624545,1.4292525,0.4372965
536,5,LShoulder,0.0231595313384,-1.5782975,1.5779675,0.4374365
537,8,RShoulder,0.0231939209719,1.57839,1.5780375,0.4374755
538,2,Chest,0.0100611615605,-1.155015,2.5743575,0.4199035
539,2,Chest,0.0138207960066,-1.13825,2.9375875,0.4373735
540,2,Chest,0.0100611615605,1.155015,2.5743575,0.4199035
541,2,Chest,0.0138207960066,1.13825,2.9375875,0.4373735
542,5,LShoulder,0.0227296133857,-3.6094925,3.4589375,0.43031925
543,5,LShoulder,0.0242882520851,-2.891642,3.440098,0.4713164
544,3,Back,0.0232299573271,-1.087876,3.43661,0.03297096
545,2,Chest,0.0131809013752,-1.153215,3.0571825,0.43357325
546,2,Chest,0.0131809013752,1.153215,3.0571825,0.43357325
547,8,RShoulder,0.0242882520851,2.891642,3.440098,0.4713164
548,8,RShoulder,0.0214750196197,3.55854,3.026128,0.3886282
549,8,RShoulder,0.0227296133857,3.6094925,3.4589375,0.43031925
550,2,Chest,0.0321710311263,-3.070128,3.94832,0.4621796
551,2,Chest,0.0181744815172,-2.9471025,3.94543,0.5389595
552,2,Chest,0.0256580274368,-2.516306,3.92308,0.4763252
553,8,RShoulder,0.0138906478221,2.92134,3.5613425,0.5218845
554,2,Chest,0.0181744815172,2.9471025,3.94543,0.5389595
555,8,RShoulder,0.0234416370813,3.4962475,3.61518,0.4256595
556,2,Chest,0.0320013081496,3.070128,3.94832,0.4621796
557,2,Chest,0.0271051622106,-2.604,4.449028,0.4776288
558,2,Chest,0.0280214470316,-2.40438666667,4.036345,0.460002166667
559,2,Chest,0.0239086343545,-2.059746,4.416134,0.4307398
560,3,Back,0.0119975759707,1.5170025,4.4186225,0.06259370775
561,2,Chest,0.0239086343545,2.059746,4.416134,0.4307398
562,3,Back,0.0292503154625,2.97652333333,4.09267,0.0402555983333
563,2,Chest,0.0293246363696,2.96460833333,4.08877,0.447002666667
564,2,Chest,0.0271051622106,2.604,4.449028,0.4776288
565,1,Neck,0.0107542397061,-2.6401725,4.5826075,0.06885412
566,1,Neck,0.0269524983308,-2.55989,4.585728,0.4313786
567,1,Neck,0.0226481378287,-2.022852,4.553608,0.4744354
568,1,Neck,0.0181067522646,2.433915,4.5602475,0.5290035
569,1,Neck,0.0273730874686,-2.0684,5.44359,0.041424558
570,1,Neck,0.0259549451366,1.984524,5.47267,0.4355878
571,1,Neck,0.0152744724183,-1.5687225,5.671995,0.45048025
572,1,Neck,0.0163774357119,-1.440065,5.6730275,0.4454005
573,1,Neck,0.0149823383462,-1.0648325,5.6065975,0.43069875
574,1,Neck,0.0212191774162,-0.571222,5.611348,0.4749066
575,0,Head,0.0136409763962,0.535151,5.9533425,0.0646384725
576,1,Neck,0.0224891616198,0.9425232,5.578062,0.4625206
577,1,Neck,0.0149823383462,1.0648325,5.6065975,0.43069875
578,1,Neck,0.0163774357119,1.440065,5.6730275,0.4454005
579,1,Neck,0.0152744724183,1.5687225,5.671995,0.45048025
580,0,Head,0.0225945593984,0.446416333333,6.42665,0.443989666667
581,0,Head,0.0185378816518,-0.6041536,6.896702,0.4252486
582,0,Head,0.0153540644264,0.50445325,6.9348375,0.0612260025
583,0,Head,0.014046346029,0.4852405,6.563755,0.43006675
584,0,Head,0.0185680477563,0.6041536,6.896702,0.4252486
585,0,Head,0.0149055437821,-0.63925925,7.4384525,0.05376981025
586,0,Head,0.0149055437821,0.63925925,7.4384525,0.05376981025
587,0,Head,0.0131132037544,-0.646944,7.562905,0.046308512
588,0,Head,0.0224649036707,0.595298,7.935004,0.032678982638
589,0,Head,0.0222973765267,-0.54930625,8.06954,0.0528872
590,0,Head,0.0108663526711,-0.65157125,8.0783075,0.43819825
591,0,Head,0.0129064148442,-0.0562184,8.475975,0.44408475
592,0,Head,0.0128667565652,0.0563946,8.475975,0.44408475
593,0,Head,0.0108663526711,0.65157125,8.0783075,0.43819825
594,13,LFoot,0.0141421722232,-2.431135,-8.1099175,0.562533
595,13,LFoot,0.0143838120764,-2.4311475,-8.119265,0.93758375
596,13,LFoot,0.0147417139628,-2.0707525,-8.110725,0.9417725
597,16,RFoot,0.0141421722232,2.431135,-8.1099175,0.562533
598,16,RFoot,0.0147417139628,2.0707525,-8.110725,0.9417725
599,16,RFoot,0.0143838120764,2.4311475,-8.119265,0.93758375
600,13,LFoot,0.0125292472515,-2.63099,-7.937705,0.5610315
601,13,LFoot,0.0177848195101,-2.64119,-7.9123675,0.930814
602,16,RFoot,0.0119092604711,1.963175,-7.9770475,0.560121
603,16,RFoot,0.0119499094067,1.90218,-7.9056475,0.560775
604,16,RFoot,0.0237819362593,1.928096,-7.538498,0.5538494
605,16,RFoot,0.0257107323785,2.430536,-7.561826,0.577924
606,16,RFoot,0.0177848195101,2.64119,-7.9123675,0.930814
607,13,LFoot,0.03054830148,-2.042044,-7.410098,0.5759928
608,12,LLeg,0.0238460950846,-1.93507,-4.0640775,0.57075475
609,12,LLeg,0.0111155366012,-1.4219225,-4.0799675,0.65219825
610,15,RLeg,0.0111155366012,1.4219225,-4.0799675,0.65219825
611,15,RLeg,0.0238478516512,1.93507,-4.0640775,0.57075475
612,15,RLeg,0.026559723043,1.937476,-3.919034,0.5631578
613,12,LLeg,0.0152165888557,-0.97551925,-3.073495,0.56176075
614,12,LLeg,0.0236057454138,-1.9413975,-2.56226,0.58377
615,12,LLeg,0.015419387249,-1.556195,-2.560965,0.99522975
616,12,LLeg,0.0153097294684,-1.4364625,-2.5612375,1.00369775
617,12,LLeg,0.0141208045118,-0.853906,-2.564165,0.55961275
618,15,RLeg,0.0225940082484,0.945138,-2.9434775,0.57034125
619,15,RLeg,0.0141208045118,0.853906,-2.564165,0.55961275
620,15,RLeg,0.0153097294684,1.4364625,-2.5612375,1.00369775
621,15,RLeg,0.0236055893776,1.9413975,-2.56226,0.58377
622,15,RLeg,0.015419387249,1.556195,-2.560965,0.99522975
623,12,LLeg,0.0140420955134,-1.55771,-2.4411125,1.0189845
624,12,LLeg,0.0245235958863,-1.03507775,-2.0676275,0.9634365
625,15,RLeg,0.0115385657091,0.834173,-2.448335,0.57371275
626,15,RLeg,0.0142846667272,1.43587,-2.4430525,1.028165
627,15,RLeg,0.0234940670239,1.9444625,-2.4393425,0.5866255
628,15,RLeg,0.0141399994768,1.96499,-2.0613075,0.55571275
629,12,LLeg,0.0257594090535,-1.0245826,-1.933376,0.972677
630,12,LLeg,0.0128652910048,-1.041065,-1.5650125,1.02575925
631,12,LLeg,0.0220489320195,-0.92248875,-1.563735,0.949203
632,15,RLeg,0.0220489320195,0.92248875,-1.563735,0.949203
633,15,RLeg,0.0128652910048,1.041065,-1.5650125,1.02575925
634,15,RLeg,0.0142609817956,1.97332,-1.5625575,0.55671725
635,12,LLeg,0.0127599310518,-1.03608725,-1.4414525,1.0352275
636,4,Pelvis,0.0126377958278,-0.46856375,-1.0749075,0.57162675
637,12,LLeg,0.0227142760085,-0.91161175,-1.442705,0.962825
638,11,LThigh,0.010768927398,-0.915765,-1.072847,1.0370775
639,15,RLeg,0.0227126499555,0.91161175,-1.442705,0.962825
640,14,RThigh,0.010768927398,0.915765,-1.072847,1.0370775
641,9,RArm,0.0124771700108,1.9610275,-1.0699825,0.55969975
642,4,Pelvis,0.0238245621474,-0.5485964,-0.5868922,0.951935
643,4,Pelvis,0.0246716495521,0.426544166667,-0.948987833333,0.572498166667
644,4,Pelvis,0.0238207828107,0.5485964,-0.5868922,0.951935
645,5,LShoulder,0.0240591492366,-1.5919,-0.05785379025,0.97073075
646,4,Pelvis,0.0246991922122,-0.5271898,-0.4362282,0.976356
647,8,RShoulder,0.0240592581403,1.5919,-0.05785379025,0.97073075
648,5,LShoulder,0.0245252426847,-1.5761825,0.06252995975,0.94911275
649,8,RShoulder,0.0100657081107,1.4662425,0.07535590475,1.03803
650,8,RShoulder,0.0212273857984,1.4710625,0.4415355,0.97551225
651,8,RShoulder,0.024516091257,1.5761825,0.06252995975,0.94911275
652,5,LShoulder,0.0152616730779,-1.6664725,0.93720275,0.5647635
653,8,RShoulder,0.0216178606135,1.46459,0.56388125,0.96752725
654,8,RShoulder,0.0254453147484,1.4469275,0.93645825,0.94710975
655,8,RShoulder,0.0161097313864,1.6666475,0.937993,0.5667745
656,5,LShoulder,0.0138659852594,-1.659675,1.064005,0.56367075
657,5,LShoulder,0.0140992089437,-1.61339,1.4297325,0.55480775
658,8,RShoulder,0.0240609491957,1.43869,1.0819036,0.9395638
659,8,RShoulder,0.0140970809855,1.6133975,1.4297225,0.55479725
660,5,LShoulder,0.0254002469481,-1.565952,1.562722,0.5794918
661,2,Chest,0.0122485062042,-1.1678375,2.93711,0.5405015
662,2,Chest,0.0103808531181,-1.171435,2.946815,0.9643355
663,2,Chest,0.0122485062042,1.1678375,2.93711,0.5405015
664,2,Chest,0.0103808531181,1.171435,2.946815,0.9643355
665,8,RShoulder,0.024217468114,3.442645,2.8922575,0.5325025
666,8,RShoulder,0.0128819486987,4.02299,2.9357075,0.93012125
667,5,LShoulder,0.0312088585575,-3.6209925,3.4810575,0.55749525
668,5,LShoulder,0.0270304715042,-3.959802,3.065774,0.9156526
669,5,LShoulder,0.021658759048,-3.022036,3.435744,0.6083188
670,2,Chest,0.0100731930642,-1.17555,3.0463225,0.53747025
671,2,Chest,0.0125143326241,-1.1689675,3.064175,0.9668515
672,2,Chest,0.0137026966701,-1.1699225,3.43632,0.967575
673,2,Chest,0.0125143326241,1.1689675,3.064175,0.9668515
674,2,Chest,0.0137026966701,1.1699225,3.43632,0.967575
675,8,RShoulder,0.0217651972798,3.022036,3.435744,0.6083188
676,8,RShoulder,0.0269835370639,3.959802,3.065774,0.9156526
677,1,Neck,0.0219552473512,-2.070205,4.9366325,0.558443
678,1,Neck,0.0230846645152,-1.934445,4.9270775,0.5835745
679,1,Neck,0.0102888838717,-1.0701725,4.9524875,1.03497
680,1,Neck,0.00909408106228,-0.05301695,4.969505,1.0479575
681,1,Neck,0.00909408106228,0.05301695,4.969505,1.0479575
682,1,Neck,0.0102888838717,1.0701725,4.9524875,1.03497
683,1,Neck,0.0230369460897,1.934445,4.9270775,0.5835745
684,1,Neck,0.0219552473512,2.070205,4.9366325,0.558443
685,1,Neck,0.020133856975,-2.07068,5.0627325,0.56809325
686,1,Neck,0.0204107065476,-1.93171,5.42287333333,0.551326666667
687,1,Neck,0.0140805426406,-1.05713,5.058075,1.00251075
688,1,Neck,0.0108032311166,-0.57537,5.528255,0.583746
689,1,Neck,0.0109072270423,-0.56050625,5.0825525,1.040715
690,1,Neck,0.0137678731514,-0.061439,5.0615675,1.01406625
691,1,Neck,0.0105246935933,0.43626525,5.081685,1.033085
692,1,Neck,0.00945266474905,0.924336,5.5374375,0.5827135
693,1,Neck,0.0126731811881,0.93763625,5.0682275,1.02619
694,1,Neck,0.0130693358683,1.93255,5.068045,0.621634
695,1,Neck,0.0204107065476,1.93171,5.42287333333,0.551326666667
696,1,Neck,0.0228073776069,-1.565205,5.59984,0.58943625
697,1,Neck,0.0252650817019,0.458300666667,5.59263166667,0.583065
698,1,Neck,0.0254536997918,1.44263,5.606945,0.5889725
699,0,Head,0.0156355103818,-0.062061,6.4383425,0.596142
700,0,Head,0.0156355103818,0.062061,6.4383425,0.596142
701,0,Head,0.017413287844,-0.65594425,6.93363,0.94229525
702,0,Head,0.0154930404327,-0.062172,6.5620725,0.58285875
703,0,Head,0.017413287844,0.65594425,6.93363,0.94229525
704,0,Head,0.0145019937111,-0.6865965,7.0304425,0.55168575
705,0,Head,0.0159313616533,-0.670157,7.06195,0.95003775
706,0,Head,0.013778887455,-0.662951,7.4375475,0.9627005
707,0,Head,0.0159313616533,0.670157,7.06195,0.95003775
708,0,Head,0.013778887455,0.662951,7.4375475,0.9627005
709,0,Head,0.0139338186479,-0.66517675,7.5601775,0.96301725
710,0,Head,0.0163664296846,-0.63703575,7.9400175,0.94059375
711,0,Head,0.0139338186479,0.66517675,7.5601775,0.96301725
712,0,Head,0.0163664296846,0.63703575,7.9400175,0.94059375
713,0,Head,0.0109224138171,-0.65657175,8.0800425,0.56304
714,0,Head,0.0255530892694,-0.575242,8.07743333333,0.950612333333
715,0,Head,0.0134682380737,-0.0564420635,8.48059,0.5610995
716,0,Head,0.025558140572,0.575242,8.07743333333,0.950612333333
717,13,LFoot,0.014098106198,-2.431015,-8.1250275,1.061467
718,13,LFoot,0.0139972383486,-2.069155,-8.1357175,1.06384
719,13,LFoot,0.0322537275596,-1.921226,-8.092118,1.063332
720,16,RFoot,0.0297804285104,1.921226,-8.092118,1.063332
721,16,RFoot,0.0139972383486,2.069155,-8.1357175,1.06384
722,16,RFoot,0.014098106198,2.431015,-8.1250275,1.061467
723,13,LFoot,0.0186680391079,-2.60626,-7.9225275,1.0749425
724,13,LFoot,0.0101953978411,-2.5381675,-7.8585,1.075945
725,16,RFoot,0.00985303553215,2.4453325,-7.8330575,1.0888475
726,12,LLeg,0.0216491643202,-1.56455,-2.066905,1.068825
727,15,RLeg,0.0189693522569,1.43437,-2.0695225,1.0801625
728,15,RLeg,0.0216508738686,1.56455,-2.066905,1.068825
729,12,LLeg,0.0203433907308,-1.58451,-1.929938,1.082638
730,12,LLeg,0.0143210695425,-1.5558525,-1.562365,1.1134625
731,12,LLeg,0.0153724738146,-1.43748,-1.5624425,1.11793
732,15,RLeg,0.0129104734257,1.43736,-1.9292925,1.0964975
733,15,RLeg,0.0153724738146,1.43748,-1.5624425,1.11793
734,15,RLeg,0.0143210695425,1.5558525,-1.562365,1.1134625
735,12,LLeg,0.0142466927048,-1.5558375,-1.437515,1.11908
736,11,LThigh,0.0140546856955,-1.5561375,-1.06366,1.1138475
737,11,LThigh,0.0154257067424,-1.437505,-1.062725,1.12058
738,11,LThigh,0.0220408188446,-1.0390114,-1.056097,1.077958
739,15,RLeg,0.0153961111294,1.437405,-1.437465,1.122145
740,14,RThigh,0.0220424030892,1.0390114,-1.056097,1.077958
741,14,RThigh,0.0154257067424,1.437505,-1.062725,1.12058
742,14,RThigh,0.0140546856955,1.5561375,-1.06366,1.1138475
743,11,LThigh,0.0152756823715,-1.558605,-0.9394555,1.1107075
744,11,LThigh,0.0225732940068,-1.57419,-0.56238175,1.079645
745,11,LThigh,0.0148984163938,-1.0683825,-0.934784,1.0991475
746,11,LThigh,0.0140731660155,-1.43184,-0.56353975,1.117375
747,11,LThigh,0.0153293121756,-1.0622725,-0.5627705,1.1234475
748,11,LThigh,0.0143405695179,-0.94367425,-0.56088575,1.1127825
749,14,RThigh,0.0228753609411,0.938139,-0.9563234,1.063356
750,14,RThigh,0.0143405695179,0.94367425,-0.56088575,1.1127825
751,14,RThigh,0.0153178259099,1.436995,-0.93787775,1.1211775
752,14,RThigh,0.0153293121756,1.0622725,-0.5627705,1.1234475
753,14,RThigh,0.0140731660155,1.43184,-0.56353975,1.117375
754,14,RThigh,0.0225742629523,1.57419,-0.56238175,1.079645
755,11,LThigh,0.0241215732553,-1.563304,-0.4183298,1.071424
756,11,LThigh,0.0153504361972,-1.0617325,-0.43802975,1.1301575
757,4,Pelvis,0.0168742478982,-1.0663905,-0.061853051125,1.1466925
758,4,Pelvis,0.0156780778221,-0.93749075,-0.062517286125,1.1441375
759,4,Pelvis,0.0150318162414,-0.56607925,-0.0574418345,1.0908675
760,4,Pelvis,0.0225358777267,-0.4438326,-0.086257576,1.06941
761,4,Pelvis,0.0117341914652,-0.06188225,-0.078560025,1.135735
762,4,Pelvis,0.0117341914652,0.06188225,-0.078560025,1.135735
763,4,Pelvis,0.0225358777267,0.4438326,-0.086257576,1.06941
764,14,RThigh,0.0149337358585,0.9409335,-0.4365785,1.12171
765,4,Pelvis,0.0150318162414,0.56607925,-0.0574418345,1.0908675
766,4,Pelvis,0.0156780778221,0.93749075,-0.062517286125,1.1441375
767,14,RThigh,0.0146348618296,1.43186,-0.4392285,1.1138725
768,4,Pelvis,0.0168742478982,1.0663905,-0.061853051125,1.1466925
769,8,RShoulder,0.0240393505192,1.439366,-0.0426612602,1.068334
770,4,Pelvis,0.0165027285363,-1.0670375,0.063100698875,1.1501875
771,4,Pelvis,0.0156338512851,-1.06238,0.43737725,1.145445
772,4,Pelvis,0.0156923575587,-0.5635675,0.0627116655,1.1121375
773,4,Pelvis,0.0152924119267,-0.93888825,0.43632425,1.1602775
774,4,Pelvis,0.0155004149056,0.4411515,0.06200278,1.1226575
775,4,Pelvis,0.0156994967843,0.9375305,0.062482463875,1.15265
776,4,Pelvis,0.0152889568766,0.938877,0.43631425,1.1602775
777,4,Pelvis,0.0156421148872,1.0623775,0.437379,1.145445
778,4,Pelvis,0.0154930580684,-1.0627875,0.56212,1.140145
779,4,Pelvis,0.0141683411631,-1.0619175,0.9370215,1.12823
780,4,Pelvis,0.0128160445782,-0.960235,0.93612425,1.1621025
781,4,Pelvis,0.0149468654649,0.94146875,0.55973925,1.15852
782,4,Pelvis,0.012584525804,0.96060425,0.9374415,1.164965
783,4,Pelvis,0.0146148485414,1.064215,0.93673025,1.1298825
784,4,Pelvis,0.0141071562643,-1.061455,1.061767,1.1279
785,2,Chest,0.0121280041958,-1.07558,1.4382375,1.1339725
786,2,Chest,0.0175097399117,-0.03853192,1.42915,1.443464
787,4,Pelvis,0.012112197473,0.9621705,1.05979075,1.1664525
788,2,Chest,0.0121321475222,1.0755525,1.43824,1.13393
789,2,Chest,0.0116691286817,-1.07883,1.5625625,1.139425
790,2,Chest,0.0134035946384,-1.0806775,1.9356225,1.1378525
791,2,Chest,0.0183648944225,-0.050361515,1.568665,1.4358775
792,2,Chest,0.0134027799056,1.080675,1.9356225,1.137855
793,2,Chest,0.0232703325296,-1.111604,2.058068,1.107258
794,2,Chest,0.0231345424948,-1.1068875,2.436165,1.110955
795,2,Chest,0.023855845542,-0.447155333333,2.429425,1.44697333333
796,2,Chest,0.0155542737378,-0.0611945125,2.4365825,1.482605
797,2,Chest,0.0153229593868,0.0621419875,2.4365825,1.482605
798,2,Chest,0.02385212537,0.447155333333,2.429425,1.44697333333
799,2,Chest,0.0231344677159,1.1068875,2.436165,1.110955
800,5,LShoulder,0.0246667685084,-4.0627825,2.9408175,1.0555
801,5,LShoulder,0.0253698913346,-3.4149875,2.94147,1.08632125
802,2,Chest,0.0242009376325,-1.1087225,2.563405,1.104785
803,2,Chest,0.0245632473954,-1.1028425,2.93718,1.089055
804,2,Chest,0.0143920379267,-0.5595365,2.935055,1.5127675
805,2,Chest,0.0148608778867,-0.06070475,2.55739,1.50645
806,2,Chest,0.0123084094104,-0.44951775,2.925145,1.5460475
807,2,Chest,0.0144957860561,0.4330585,2.566775,1.477975
808,2,Chest,0.0123084094104,0.44951775,2.925145,1.5460475
809,2,Chest,0.0237802362818,0.569959666667,2.55487,1.44089166667
810,2,Chest,0.0143920379267,0.5595365,2.935055,1.5127675
811,2,Chest,0.0245632629188,1.1028425,2.93718,1.089055
812,8,RShoulder,0.0250430294679,3.4149875,2.94147,1.08632125
813,5,LShoulder,0.0111202789423,-3.5503925,3.0755075,1.1584275
814,2,Chest,0.0227633264737,-1.09977,3.06306,1.09067
815,2,Chest,0.0229891415173,-1.104176,3.442222,1.10346
816,2,Chest,0.0133376014216,-0.56936375,3.0601425,1.5263575
817,2,Chest,0.0134848498964,-0.56919875,3.4362925,1.5240725
818,2,Chest,0.0134848498964,0.56919875,3.4362925,1.5240725
819,2,Chest,0.0229891424055,1.104176,3.442222,1.10346
820,8,RShoulder,0.0262153601571,3.438164,3.083536,1.07668
821,8,RShoulder,0.0259269816399,3.96107,3.0837,1.060601
822,2,Chest,0.0138115698507,-1.12499,3.5647825,1.07099
823,2,Chest,0.0109467234686,-1.16293,3.9255525,1.082465
824,2,Chest,0.0152298462248,-0.56342275,3.5529875,1.5291825
825,2,Chest,0.0155518849353,-0.5612615,3.950875,1.5417525
826,2,Chest,0.0139983335647,-0.0614533675,3.5926125,1.5543925
827,2,Chest,0.0169134528811,-0.43308825,3.9410225,1.5217775
828,2,Chest,0.0218169115349,-0.06135025,3.948685,1.4444475
829,2,Chest,0.0148451029767,0.43756925,3.57076,1.5430525
830,2,Chest,0.0218168784718,0.06135025,3.948685,1.4444475
831,2,Chest,0.0169134528811,0.43308825,3.9410225,1.5217775
832,2,Chest,0.0155518849353,0.5612615,3.950875,1.5417525
833,2,Chest,0.0245361528055,0.95288825,3.93739,1.4698875
834,2,Chest,0.0109467234686,1.16293,3.9255525,1.082465
835,2,Chest,0.0147860269393,-0.5618955,4.0609925,1.499775
836,2,Chest,0.0222698680982,0.4407264,4.092194,1.467426
837,2,Chest,0.0243155572678,0.94141275,4.069115,1.4375825
838,1,Neck,0.0244515887205,-0.560459,4.95738,1.1026325
839,1,Neck,0.0233651207226,-0.4362495,4.9559725,1.089705
840,1,Neck,0.0233637141802,0.4362495,4.9559725,1.089705
841,1,Neck,0.0244512621137,0.560459,4.95738,1.1026325
842,1,Neck,0.0253979070479,0.956395,4.939118,1.07685
843,0,Head,0.0148986813577,-0.62814825,6.9363725,1.0636625
844,0,Head,0.0103332669231,-0.07632655,6.9009875,1.39462
845,0,Head,0.0132120299677,0.05965395,6.9009875,1.39462
846,0,Head,0.0148986813577,0.62814825,6.9363725,1.0636625
847,0,Head,0.0140862950677,-0.64261975,7.060135,1.0664975
848,0,Head,0.0136029457582,-0.63128525,7.4411525,1.0709425
849,0,Head,0.0153718409967,-0.056409555,7.4368,1.50448
850,0,Head,0.015009039045,0.057796445,7.4368,1.50448
851,0,Head,0.0136029457582,0.63128525,7.4411525,1.0709425
852,0,Head,0.0130498202096,-0.63071425,7.5618975,1.067475
853,0,Head,0.0252603755026,-0.5661974,7.961076,1.066676
854,0,Head,0.0141107716383,-0.0543210325,7.5630425,1.520085
855,0,Head,0.0252596388436,0.5661974,7.961076,1.066676
856,0,Head,0.0238601669905,0.4792378,8.073444,1.103368
857,5,LShoulder,0.0221102715516,-4.0148275,2.4118625,1.56293
858,2,Chest,0.0212137194925,-0.061638,2.9264625,1.5777375
859,2,Chest,0.0212137214438,0.061638,2.9264625,1.5777375
860,8,RShoulder,0.0251909144334,3.910036,2.536826,1.567122
861,2,Chest,0.0145073945725,-0.06234075,3.06875,1.59863
862,2,Chest,0.0224207772199,-0.0615957175,3.4512875,1.5867625
863,2,Chest,0.0221121004259,0.0624522825,3.4512875,1.5867625
864,2,Chest,0.0217852342231,0.44200025,3.441505,1.5574975
865,4,Pelvis,0.0146477057756,-0.3013,0.1846335,-0.90885875
866,4,Pelvis,0.0301171732543,-0.290943833333,0.040839005,-0.8485415
867,4,Pelvis,0.0283372976982,0.1783034,0.16289894,-0.8236314
868,4,Pelvis,0.0254964226697,1.06364,0.04284977,-0.8269448
869,4,Pelvis,0.0133890149775,-0.804434,0.561903,-0.992794
870,4,Pelvis,0.0228647360271,-0.9312092,0.7047836,-0.9361566
871,4,Pelvis,0.0135682250598,-0.80545275,0.67915575,-0.97749325
872,4,Pelvis,0.0126920652869,-0.30960325,0.6886935,-0.90475775
873,4,Pelvis,0.0220707732981,-0.430932,0.69536575,-0.938305
874,4,Pelvis,0.0248661949243,0.1736862,0.6858755,-0.83920375
875,4,Pelvis,0.0148643267305,0.68782475,0.5609915,-1.00090175
876,4,Pelvis,0.0215960587134,0.5695542,0.7114958,-0.9656458
877,4,Pelvis,0.0149745264884,0.68791925,0.6805215,-0.98357275
878,4,Pelvis,0.0245242877652,1.1048125,0.5663465,-0.862187
879,13,LFoot,0.0221590071004,-2.331065,-7.8143425,-0.455659
880,13,LFoot,0.024748640173,-2.4797475,-7.8090725,-0.34131225
881,16,RFoot,0.0120186198959,2.187755,-7.9327125,-0.48996225
882,16,RFoot,0.0244128142369,2.075798,-7.794768,-0.4193066
883,16,RFoot,0.0165885999292,1.96111,-7.93813,-0.318653
884,16,RFoot,0.0118345871697,2.190015,-7.8196875,-0.47927225
885,16,RFoot,0.0149081309912,1.972075,-7.809345,-0.316108
886,13,LFoot,0.0136303270907,-2.3020975,-7.312915,-0.364044
887,13,LFoot,0.0103327809182,-2.3815625,-7.3101175,-0.318051
888,16,RFoot,0.0228839222729,2.1681075,-7.31162,-0.3351205
889,13,LFoot,0.0228397595596,-2.308545,-6.8112625,-0.308522
890,16,RFoot,0.0138633586952,2.18661,-6.81167,-0.36695725
891,13,LFoot,0.0265267732431,-2.3130725,-6.312605,-0.31398
892,13,LFoot,0.0266365734268,-1.928438,-6.464914,-0.3113772
893,16,RFoot,0.0140897692011,2.181455,-6.317035,-0.41180375
894,12,LLeg,0.0243632498503,-2.3288375,-5.8118525,-0.31823275
895,12,LLeg,0.0248372337536,-1.823406,-5.953896,-0.4243252
896,12,LLeg,0.0143228275721,-1.94127,-5.8119525,-0.51698875
897,12,LLeg,0.0264130786341,-1.791082,-5.809334,-0.4601694
898,12,LLeg,0.0112226790203,-1.73431,-5.9481975,-0.31867925
899,15,RLeg,0.0251453803462,1.68202,-5.823275,-0.319465333333
900,15,RLeg,0.0210480411512,2.1919875,-5.933055,-0.43897575
901,15,RLeg,0.0142856806655,2.0564425,-5.8125225,-0.503164
902,15,RLeg,0.0231464876378,2.19374,-5.8122575,-0.44543975
903,12,LLeg,0.0273009438023,-2.3565225,-5.3144925,-0.34439075
904,15,RLeg,0.0238218637271,1.529676,-5.308622,-0.4617222
905,15,RLeg,0.0142073966719,1.500845,-5.4309775,-0.30758175
906,15,RLeg,0.0131954585006,1.4609125,-5.32277,-0.3137155
907,15,RLeg,0.0258111864444,2.2172725,-5.4429625,-0.48447275
908,15,RLeg,0.0253689607853,2.22997,-5.31551,-0.495397
909,12,LLeg,0.0240070320504,-2.3345025,-4.8135375,-0.32303125
910,12,LLeg,0.0237808226393,-1.4207925,-4.8113825,-0.443186
911,12,LLeg,0.0161196337152,-1.364775,-4.93678,-0.306627
912,15,RLeg,0.0240775427065,2.22809,-4.9332825,-0.4885125
913,15,RLeg,0.0229814595083,2.211895,-4.8104725,-0.47273225
914,12,LLeg,0.0140252059181,-1.8120725,-4.4273975,-0.5427705
915,12,LLeg,0.0267365599255,-1.94973166667,-4.29874166667,-0.458377666667
916,12,LLeg,0.0158358015867,-1.8078625,-4.3152675,-0.5086935
917,12,LLeg,0.0239037210705,-1.451422,-4.294102,-0.4250756
918,12,LLeg,0.0102397784272,-1.3490575,-4.43888,-0.33507325
919,15,RLeg,0.0139976454377,1.68385,-4.42526,-0.5476505
920,15,RLeg,0.0153998825713,1.56951,-4.3144,-0.49613825
921,15,RLeg,0.014544494809,1.6864625,-4.3134225,-0.518883
922,12,LLeg,0.0266181084098,-1.810934,-3.790672,-0.3141392
923,15,RLeg,0.0151323436182,1.680785,-3.8153225,-0.37648875
924,12,LLeg,0.0150843984106,-1.314035,-2.3110825,-0.37566725
925,15,RLeg,0.0150133356296,1.195005,-2.307655,-0.3620855
926,15,RLeg,0.0226518682161,1.5712825,-2.437445,-0.3164965
927,12,LLeg,0.019302374226,-1.3117775,-1.9452425,-0.44935275
928,12,LLeg,0.0216672794933,-1.449665,-1.807975,-0.4386955
929,12,LLeg,0.0128411022376,-1.3074825,-1.805105,-0.47263075
930,15,RLeg,0.0136353629896,1.19407,-1.8040975,-0.470598
931,15,RLeg,0.0253635855182,1.68824,-1.831558,-0.3089982
932,15,RLeg,0.0248566314996,1.605504,-1.93334,-0.3560506
933,12,LLeg,0.0152308899476,-1.31116,-1.436895,-0.5221945
934,12,LLeg,0.0151703097961,-1.4307175,-1.3112725,-0.5001915
935,12,LLeg,0.0154580874309,-1.3123125,-1.313145,-0.5319055
936,12,LLeg,0.0100527615007,-0.787433,-1.32414,-0.402458
937,12,LLeg,0.0250583450533,-0.907878,-1.308734,-0.4739998
938,12,LLeg,0.021386093815,-0.7642696,-1.435218,-0.3521832
939,15,RLeg,0.0274967621005,0.690027833333,-1.31829333333,-0.3116765
940,15,RLeg,0.0155915497116,1.1878625,-1.4376075,-0.5291695
941,15,RLeg,0.0150517979631,1.065865,-1.313615,-0.53574975
942,15,RLeg,0.0154422237847,1.1877175,-1.314825,-0.54497025
943,15,RLeg,0.0241392523273,1.7045575,-1.311635,-0.3174895
944,15,RLeg,0.0211837276132,1.56231,-1.3105325,-0.43193375
945,11,LThigh,0.0137906210878,-1.3293275,-0.9378695,-0.549663
946,11,LThigh,0.0149523050788,-1.438285,-0.81535275,-0.509065
947,11,LThigh,0.0131779364983,-1.3332975,-0.813108,-0.5486815
948,4,Pelvis,0.0238469178281,-0.7775874,-0.9373094,-0.4780562
949,4,Pelvis,0.0127581363285,-0.79914875,-0.826682,-0.52692075
950,4,Pelvis,0.0252705760158,0.5719498,-0.95828,-0.3068442
951,14,RThigh,0.0243596980931,1.68223,-0.7968234,-0.3131138
952,14,RThigh,0.0252945629833,1.560664,-0.7963742,-0.4320256
953,14,RThigh,0.0210138323985,1.687315,-0.939949,-0.3142
954,11,LThigh,0.00979767216632,-1.3403825,-0.45216825,-0.550404
955,5,LShoulder,0.0247124953832,-1.468265,-0.31431725,-0.476925
956,4,Pelvis,0.0279564730182,-0.296915166667,-0.453678666667,-0.450487
957,4,Pelvis,0.010039055169,0.106036025,-0.331888,-0.32182025
958,5,LShoulder,0.0245360156964,-1.4824575,0.1875205,-0.46778
959,8,RShoulder,0.022848428877,1.570262,0.2051238,-0.3123898
960,5,LShoulder,0.024486237513,-1.436506,0.70503,-0.4358858
961,5,LShoulder,0.011054701767,-1.521285,0.56169975,-0.32744425
962,5,LShoulder,0.0142327357491,-1.502705,0.68454525,-0.31705275
963,5,LShoulder,0.0118821743192,-1.3866825,1.1868425,-0.33154025
964,4,Pelvis,0.0229033672268,-1.343898,1.057503,-0.4643128
965,3,Back,0.0258029716393,-1.315146,1.209682,-0.4405734
966,3,Back,0.0120412937878,-0.8098175,1.5806025,-0.516536
967,3,Back,0.0115456144943,-0.31208775,1.579155,-0.51904225
968,3,Back,0.0227498970191,-0.43845475,1.70218,-0.4557805
969,3,Back,0.0232452402025,-0.31271175,1.7036375,-0.4602265
970,3,Back,0.011566874849,0.1875105,1.578585,-0.51509175
971,3,Back,0.0235309868887,0.0625155,1.70718,-0.4529045
972,3,Back,0.0231657719502,0.187262,1.7059175,-0.45890525
973,3,Back,0.0114232075607,0.6864195,1.581945,-0.52214075
974,3,Back,0.0227146601334,0.56255075,1.700165,-0.451265
975,3,Back,0.0223375509605,0.6856445,1.697475,-0.4479485
976,3,Back,0.0258842264576,1.07538416667,1.70315833333,-0.3320615
977,3,Back,0.0243782912721,-0.3125995,3.6696975,-0.3357955
978,3,Back,0.0231600412816,0.16755284,3.68895,-0.3191292
979,3,Back,0.0138681693601,-0.81217125,4.1806175,-0.40099525
980,3,Back,0.014810526174,0.18714375,4.1770925,-0.4221165
981,3,Back,0.0156576733057,0.68819875,4.1835575,-0.41074725
982,1,Neck,0.0219026292829,-1.808865,4.67549,-0.31759
983,1,Neck,0.0163048795095,-0.8123935,4.5615,-0.50462
984,1,Neck,0.0142995054503,-0.938047,4.6734375,-0.5512155
985,1,Neck,0.0134158442965,-0.81026875,4.67289,-0.540676
986,1,Neck,0.0155816733415,-0.31259925,4.56324,-0.48818025
987,1,Neck,0.0157577210667,-0.43741175,4.68743,-0.50357625
988,1,Neck,0.0157946914813,-0.3125065,4.6874825,-0.504737
989,1,Neck,0.0155713389179,0.1877195,4.5637675,-0.477934
990,1,Neck,0.0157992882168,0.0625265,4.6877425,-0.47853275
991,1,Neck,0.0157966409515,0.18753475,4.6875875,-0.493685
992,1,Neck,0.0161007509019,0.6874735,4.56261,-0.4808815
993,1,Neck,0.0157161906115,0.562084,4.6874725,-0.49684225
994,1,Neck,0.0162787403404,0.68680225,4.68374,-0.51398525
995,1,Neck,0.0241955529177,1.211884,4.571556,-0.4697892
996,1,Neck,0.0145177105563,1.064195,4.68495,-0.54190625
997,1,Neck,0.0164801449399,1.1821475,4.690105,-0.501607
998,1,Neck,0.0226777380522,1.6887375,4.6768525,-0.315788
999,1,Neck,0.0152699059216,-1.8076925,5.1851725,-0.3859515
1000,1,Neck,0.0234659622777,-1.950185,5.06134,-0.34096975
1001,1,Neck,0.0151104914445,-1.3105025,5.06372,-0.49735475
1002,1,Neck,0.0132479494273,-1.42881,5.180975,-0.4692985
1003,1,Neck,0.0143052683769,-1.3103425,5.1815725,-0.490644
1004,1,Neck,0.0144013176913,-0.93661475,5.1945825,-0.53666625
1005,1,Neck,0.015571726343,-0.81215275,5.192485,-0.53266375
1006,1,Neck,0.0156648654754,-0.31249325,5.0625175,-0.5215625
1007,1,Neck,0.0159074831968,-0.4373985,5.1876225,-0.51291875
1008,1,Neck,0.0157064204789,-0.31250975,5.1875225,-0.51759025
1009,1,Neck,0.0156813661941,0.18749225,5.0625275,-0.514903
1010,1,Neck,0.0156377454552,0.0625325,5.1871,-0.49817425
1011,1,Neck,0.0156524190791,0.18755275,5.1873175,-0.50730725
1012,1,Neck,0.0146165032046,0.67454475,5.0614225,-0.5194735
1013,1,Neck,0.0156795671532,0.56216225,5.18753,-0.4979545
1014,1,Neck,0.0168353402754,0.68660925,5.1858025,-0.51007275
1015,1,Neck,0.0153434613327,1.1900075,5.0628925,-0.524692
1016,1,Neck,0.0160799822276,1.061413,5.1870725,-0.526819
1017,1,Neck,0.0150674616368,1.187255,5.1841975,-0.51052675
1018,1,Neck,0.0138524068112,1.6969375,5.18755,-0.41563275
1019,1,Neck,0.0237400359062,1.559348,5.206832,-0.4431936
1020,1,Neck,0.0250640626144,-1.456554,5.554904,-0.3094812
1021,1,Neck,0.0283170565056,-0.8356952,5.685636,-0.3099508
1022,1,Neck,0.0118895922108,-0.31117175,5.69638,-0.40036475
1023,1,Neck,0.0261404132485,-0.2920926,5.566006,-0.4487416
1024,1,Neck,0.0148059437917,0.186807,5.68721,-0.383237
1025,1,Neck,0.0270703420387,0.68846275,5.71424,-0.33570475
1026,1,Neck,0.0242875702148,0.706178,5.561138,-0.4385844
1027,1,Neck,0.0213706981361,0.5594366,5.739876,-0.3578334
1028,0,Head,0.0243336584529,0.2077112,7.186204,-0.3193918
1029,0,Head,0.021655909628,-0.32182125,7.685255,-0.32369025
1030,0,Head,0.0138410846403,0.182494,7.68535,-0.37027625
1031,13,LFoot,0.0126914858725,-2.535525,-8.10019,0.43762625
1032,13,LFoot,0.0130264238905,-2.605335,-8.035905,0.43761825
1033,16,RFoot,0.0126914858725,2.535525,-8.10019,0.43762625
1034,16,RFoot,0.0130264238905,2.605335,-8.035905,0.43761825
1035,13,LFoot,0.0139215976643,-1.9164525,-7.8075125,0.0644692625
1036,13,LFoot,0.0106594321433,-1.92563,-7.905995,0.18744475
1037,13,LFoot,0.0121327994108,-1.962425,-7.98478,0.18671975
1038,16,RFoot,0.0217663677359,2.578735,-7.7953075,0.0625610625
1039,16,RFoot,0.0130591999226,2.5971325,-7.9359525,0.18974025
1040,13,LFoot,0.0143403996059,-2.54267,-7.3038775,0.07138153575
1041,13,LFoot,0.0117464720735,-2.52492,-7.4335075,0.19871
1042,13,LFoot,0.014377203302,-2.5046775,-7.3122825,0.18892375
1043,13,LFoot,0.0238183654124,-1.9185375,-7.3096175,0.049084325
1044,13,LFoot,0.0133951986988,-1.90825,-7.445655,0.19091075
1045,13,LFoot,0.0117285811746,-2.39124,-6.8112,0.20747475
1046,13,LFoot,0.0208103991461,-2.4340925,-6.81217,0.0831026801675
1047,13,LFoot,0.022234961874,-1.909552,-6.807898,0.089699672
1048,16,RFoot,0.0122739610872,1.961275,-6.93864,0.20059225
1049,16,RFoot,0.00969667684958,1.95913,-6.8247675,0.2078095
1050,13,LFoot,0.0249216458888,-2.3498875,-6.3119025,0.21573375
1051,13,LFoot,0.0260357217636,-1.89872,-6.44077,0.20761625
1052,12,LLeg,0.0227620934466,-2.346595,-5.8128425,0.2133325
1053,12,LLeg,0.0233079478529,-2.34788,-5.9364875,0.21418575
1054,12,LLeg,0.0237028299047,-1.768484,-5.812278,0.2292914
1055,12,LLeg,0.010974195263,-1.710295,-5.9501775,0.070327015
1056,12,LLeg,0.0240258399913,-1.781935,-5.9398975,0.2024345
1057,12,LLeg,0.0262123811198,-2.357795,-5.3124975,0.212778
1058,15,RLeg,0.010211493719,1.6069775,-5.32262,0.2054825
1059,15,RLeg,0.0235257379546,1.52676,-5.309382,0.090423668
1060,12,LLeg,0.0234623426702,-2.326855,-4.8143175,0.194058
1061,12,LLeg,0.0137243027309,-1.3409325,-4.815725,0.0621423605
1062,12,LLeg,0.0264149184248,-1.441876,-4.955306,0.1836568
1063,12,LLeg,0.0242521150224,-1.405664,-4.808838,0.2127788
1064,12,LLeg,0.0148675231684,-1.262095,-4.310245,0.1820665
1065,12,LLeg,0.0148867121256,-1.2685875,-4.43242,0.05777856
1066,12,LLeg,0.0148181807557,-1.2466225,-4.312885,0.06075179725
1067,12,LLeg,0.0247816828446,-1.29998333333,-4.448585,0.198481
1068,15,RLeg,0.0234036892387,2.218888,-4.318994,0.2156572
1069,15,RLeg,0.0115874568264,2.2695175,-4.30909,0.06123926
1070,15,RLeg,0.0137268475309,2.2668925,-4.43612,0.195624
1071,15,RLeg,0.013489244749,1.082635,-3.8242,0.1867135
1072,15,RLeg,0.0244880696358,2.069738,-3.81381,0.038373632
1073,15,RLeg,0.0134649521116,2.1099075,-3.9435975,0.1814305
1074,12,LLeg,0.0217759273265,-1.9507025,-3.31154,0.04916425
1075,12,LLeg,0.0148471316868,-1.9951,-3.438225,0.1904895
1076,12,LLeg,0.0142044948121,-1.978685,-3.314385,0.19301275
1077,15,RLeg,0.0251351983337,1.022531,-3.3099,0.0299089444
1078,15,RLeg,0.0138495023551,1.00381975,-3.43498,0.1931405
1079,15,RLeg,0.0146116215028,0.9834975,-3.3131125,0.19088975
1080,12,LLeg,0.0120122033912,-1.931035,-2.812175,0.16394725
1081,12,LLeg,0.0151825466344,-0.86972375,-2.810825,0.06881486
1082,12,LLeg,0.0146304696031,-0.8917105,-2.9297775,0.19034525
1083,12,LLeg,0.0239348286789,-1.9412975,-2.31235,0.1652452
1084,12,LLeg,0.0155627216648,-0.743405,-2.3121225,0.1878025
1085,12,LLeg,0.0135423668884,-0.78016925,-2.428875,0.071008125
1086,12,LLeg,0.0143490666995,-0.75379675,-2.3111225,0.069553075
1087,12,LLeg,0.0140310338023,-0.77222775,-2.430025,0.1878285
1088,12,LLeg,0.0230560231928,-1.9393925,-1.9391975,0.167752425
1089,12,LLeg,0.0246493574199,-1.937864,-1.794112,0.18466446
1090,4,Pelvis,0.0136108398887,0.62416925,-1.8082825,0.188991
1091,4,Pelvis,0.0248393643097,0.6758322,-1.935708,0.044700874
1092,12,LLeg,0.0130304921681,-1.913705,-1.31276,0.16898275
1093,4,Pelvis,0.0151020654854,0.51293075,-1.31172,0.0683265875
1094,4,Pelvis,0.0136160443025,0.5259545,-1.4300975,0.18975325
1095,4,Pelvis,0.0147241872425,0.49768475,-1.3152725,0.1884535
1096,11,LThigh,0.0149096752068,-1.88946,-0.810954,0.18071525
1097,4,Pelvis,0.0135333720585,-0.34541875,-0.82320775,0.06282544
1098,4,Pelvis,0.0136272255353,-0.36301075,-0.934417,0.1888305
1099,5,LShoulder,0.0228230271802,-1.817758,-0.295102,0.18979922
1100,4,Pelvis,0.0116359188871,0.19008175,-0.5000205,0.062993161
1101,4,Pelvis,0.011667031788,0.19316425,-0.49613125,0.18734925
1102,14,RThigh,0.0106053708574,1.7997625,-0.4250235,0.03978337
1103,8,RShoulder,0.0136727326633,1.78452,-0.30994525,0.0518511575
1104,8,RShoulder,0.0149940568036,1.73967,0.18683425,0.1908815
1105,8,RShoulder,0.0150023722963,1.72752,0.05994948325,0.0696657
1106,8,RShoulder,0.0222277244496,1.706548,0.181643,0.03902564
1107,8,RShoulder,0.0154593326898,1.75257,0.06275021825,0.18864125
1108,8,RShoulder,0.0212364305181,1.68714,0.6851195,0.169152725
1109,8,RShoulder,0.0108290385438,1.6550775,0.68899375,0.0371791175
1110,8,RShoulder,0.023957213526,1.5835325,1.1869625,0.04546695
1111,8,RShoulder,0.0148685178801,1.65612,1.0643375,0.19065975
1112,5,LShoulder,0.0255425947298,-1.447295,1.69686,0.0531673003333
1113,5,LShoulder,0.011175946941,-1.542225,1.5772125,0.17375775
1114,5,LShoulder,0.0148142865075,-1.504445,1.6829875,0.18947175
1115,3,Back,0.0120583846881,-0.95123875,2.20117,-0.0202005
1116,3,Back,0.0271757719847,1.18262666667,2.19176833333,0.186196166667
1117,3,Back,0.027141595849,1.17854833333,2.06945833333,0.06491138
1118,3,Back,0.0263077699337,1.0663505,2.19331666667,0.0657192166667
1119,3,Back,0.0113454950732,1.2657375,2.0764975,0.17805025
1120,3,Back,0.0246219702202,-0.824117,2.565015,0.03866285
1121,3,Back,0.0212257779558,-0.96197325,2.566895,0.1633126
1122,3,Back,0.00717862176848,0.71735975,2.5644025,-0.043292575
1123,5,LShoulder,0.023954470505,-3.3129475,3.1644925,0.157412525
1124,5,LShoulder,0.0263025151986,-3.4436875,3.182795,0.1979777
1125,3,Back,0.0118408643722,-0.84395475,3.0469825,-0.0296276
1126,3,Back,0.022707447964,-0.9724256,3.1906,0.03720848
1127,3,Back,0.0110109037912,-1.019513,3.0515825,0.16715875
1128,8,RShoulder,0.0234221944165,3.190325,3.1556725,0.164726325
1129,5,LShoulder,0.026043388296,-3.336138,3.69899,0.16335578
1130,5,LShoulder,0.0280968546193,-3.324912,3.582086,0.053444354
1131,5,LShoulder,0.0263134459586,-3.42606,3.5653525,0.183760475
1132,3,Back,0.0138150722363,1.2796325,3.6771675,0.18901275
1133,3,Back,0.0254438271262,1.174452,3.546612,0.07005768
1134,3,Back,0.023342209398,1.217462,3.688058,0.037852826
1135,3,Back,0.0149749679417,1.2434575,3.56556,0.1948985
1136,8,RShoulder,0.0239532049778,2.51428,3.6512825,0.20132775
1137,8,RShoulder,0.0222585125827,3.244748,3.6987,0.017023094
1138,3,Back,0.0117179074301,-3.0318425,4.08942,0.186807
1139,3,Back,0.0207798134231,-1.4369125,4.1836325,0.194805
1140,1,Neck,0.021918910191,-1.78566666667,4.532805,0.208579
1141,1,Neck,0.00858283154269,1.685465,4.5943325,0.2062955
1142,1,Neck,0.0229599968933,1.68206666667,4.53290333333,0.0940916091667
1143,1,Neck,0.0252551652524,1.577465,4.55316,0.194487833333
1144,1,Neck,0.025223174317,2.567836,4.688882,0.047067772
1145,1,Neck,0.00970994210558,2.65767,4.58426,0.18985575
1146,1,Neck,0.0239492669141,-2.3556825,5.0941525,0.0660750775
1147,1,Neck,0.0105964203084,2.28787,5.2066575,0.19064575
1148,1,Neck,0.0111709932176,2.27987,5.212445,0.06647190975
1149,1,Neck,0.0172985164854,-1.8263475,5.6461025,0.065674895
1150,1,Neck,0.0220040301248,-1.945728,5.569222,0.209303
1151,1,Neck,0.0232626526365,-1.302355,5.691155,0.196356833333
1152,1,Neck,0.0133905906882,-1.437005,5.724005,0.067390725
1153,1,Neck,0.013922368265,-1.3150275,5.70713,0.063092875
1154,1,Neck,0.0134835793668,-1.4404125,5.72133,0.17878325
1155,1,Neck,0.0256535357559,-0.8340538,5.698556,0.1905322
1156,1,Neck,0.0228319119855,-0.9340822,5.708158,0.090955048
1157,1,Neck,0.00979778556627,-0.9506655,5.6676775,0.215616
1158,1,Neck,0.0155828903404,-0.81332825,5.7526075,0.0587176125
1159,1,Neck,0.0234024097877,0.6900874,5.728168,0.2193026
1160,1,Neck,0.00972800952026,0.7042035,5.7877325,0.076457885
1161,1,Neck,0.0108695468899,0.5910055,5.78607,0.2032595
1162,1,Neck,0.0214715840591,1.06257325,5.692675,0.0824244475
1163,1,Neck,0.0110769437931,1.0627825,5.6618775,0.21490175
1164,1,Neck,0.0210215352097,1.192436,5.692096,0.089848632
1165,1,Neck,0.0216075800277,1.682594,5.690954,0.2046142
1166,1,Neck,0.013021932611,1.554075,5.7223925,0.0686935
1167,1,Neck,0.0218247648829,1.682192,5.690704,0.047284534
1168,1,Neck,0.0127199748161,1.555315,5.7223825,0.1802385
1169,0,Head,0.021704041483,-0.454279,6.184798,0.039839516
1170,0,Head,0.0148411572524,-0.4811465,6.0624275,0.18378175
1171,0,Head,0.0140712474399,-0.4622665,6.18707,0.1851785
1172,0,Head,0.0218524810783,-0.443123,6.68461,0.0512953
1173,0,Head,0.0142021292201,-0.46927275,6.563355,0.1944755
1174,0,Head,0.0142009620861,-0.489517,6.685575,0.1911165
1175,0,Head,0.0238255460714,0.572194,7.165164,0.05868691
1176,0,Head,0.0245026936433,0.579944,7.05007166667,0.175273616667
1177,0,Head,0.0237056401916,0.696046,7.706168,0.1869844
1178,0,Head,0.0143639534784,0.646947,7.6872825,0.0524843125
1179,0,Head,0.0288740602994,-0.442477,8.195918,0.035788524
1180,0,Head,0.0126045841801,-0.32677225,8.2874725,0.04555564
1181,0,Head,0.0236681255743,-0.4784854,8.237648,0.1798168
1182,0,Head,0.0247773093645,0.5920816,8.089622,0.1914118
1183,13,LFoot,0.0120243644725,-2.5354975,-8.1004075,0.56050225
1184,13,LFoot,0.0136775347724,-2.61164,-8.0386025,0.55895975
1185,13,LFoot,0.00853619110964,-2.5213925,-8.1254625,0.93387025
1186,13,LFoot,0.0270876545099,-2.614035,-8.0459675,0.92751175
1187,13,LFoot,0.0188345553657,-1.954576,-8.074432,0.910233
1188,16,RFoot,0.0188009903561,1.954576,-8.074432,0.910233
1189,16,RFoot,0.0120243644725,2.5354975,-8.1004075,0.56050225
1190,16,RFoot,0.0136775347724,2.61164,-8.0386025,0.55895975
1191,16,RFoot,0.00853619110964,2.5213925,-8.1254625,0.93387025
1192,16,RFoot,0.0270876545099,2.614035,-8.0459675,0.92751175
1193,13,LFoot,0.0145026132629,-1.8709825,-7.8061025,0.5622685
1194,13,LFoot,0.0119381736316,-1.878295,-7.9208825,0.6777155
1195,13,LFoot,0.0141519100317,-1.9508975,-7.99396,0.6799595
1196,16,RFoot,0.00963058635909,2.0423475,-8.0356675,0.6753385
1197,16,RFoot,0.0232475362394,2.579515,-7.8025525,0.562447
1198,16,RFoot,0.0146396967327,2.6348125,-7.93645,0.68328375
1199,16,RFoot,0.0235835683358,2.5714975,-7.798525,0.68601
1200,16,RFoot,0.0205045368624,2.1936475,-7.396685,0.60069675
1201,12,LLeg,0.0237868207173,-1.824005,-4.4406075,0.56683175
1202,15,RLeg,0.0228650403329,1.665936,-4.434506,0.5698746
1203,15,RLeg,0.0273550445752,1.55042166667,-4.32552166667,0.583102666667
1204,12,LLeg,0.0274323393125,-1.83103,-3.8106775,0.703186
1205,12,LLeg,0.0278272074628,-1.812914,-3.958966,0.7007486
1206,12,LLeg,0.0266113723042,-1.305018,-3.83739,0.6944516
1207,12,LLeg,0.0235180084578,-1.274758,-3.946004,0.6001598
1208,12,LLeg,0.0278921939273,-1.41797166667,-3.95731333333,0.714330666667
1209,12,LLeg,0.0143598682497,-1.422915,-3.8278075,0.7819155
1210,15,RLeg,0.0145587023044,1.562835,-3.943175,0.77801725
1211,15,RLeg,0.0129843581025,1.686765,-3.940955,0.77712325
1212,12,LLeg,0.0229294353562,-1.8187625,-3.312415,0.6901185
1213,15,RLeg,0.0226899499491,1.1583075,-3.3151025,0.70614675
1214,15,RLeg,0.0236609446812,1.05949,-3.33266,0.5591848
1215,15,RLeg,0.0266853655459,1.185078,-3.456228,0.6881234
1216,12,LLeg,0.0252279929187,-1.861282,-2.811994,0.7278716
1217,12,LLeg,0.0216976427122,-0.9179898,-2.806142,0.5851274
1218,15,RLeg,0.0228195535114,1.0165374,-2.937232,0.7287658
1219,15,RLeg,0.0110318965395,0.96697175,-2.82524,0.71223
1220,12,LLeg,0.00885797396966,-1.9249,-2.3230625,0.713771
1221,12,LLeg,0.022974800269,-1.95066,-2.30753,0.5921424
1222,12,LLeg,0.0256569535271,-0.8934112,-2.434812,0.7227626
1223,12,LLeg,0.014346369921,-1.97079,-1.81256,0.556289
1224,12,LLeg,0.0219823646368,-1.9463075,-1.938575,0.69971475
1225,12,LLeg,0.0231122999953,-1.952925,-1.8134825,0.702737
1226,12,LLeg,0.0237078970915,-0.7729466,-1.81075,0.7269506
1227,12,LLeg,0.012050451766,-0.72544575,-1.94606,0.5689365
1228,12,LLeg,0.0237680926076,-0.79063575,-1.939065,0.70329325
1229,12,LLeg,0.0142295872495,-1.9720075,-1.312655,0.5569945
1230,12,LLeg,0.0233293066866,-1.9566475,-1.31113,0.70666525
1231,4,Pelvis,0.0122267924697,0.6027335,-1.32264,0.6977515
1232,6,LArm,0.014817699823,-1.9294025,-0.8030845,0.69067775
1233,6,LArm,0.0213111522153,-1.9397225,-0.93516075,0.6952135
1234,4,Pelvis,0.014964390262,-0.37128025,-0.817289,0.558226
1235,4,Pelvis,0.01226351772,0.476239,-0.95023025,0.6985145
1236,5,LShoulder,0.0244232626749,-1.82904666667,-0.301689833333,0.699318
1237,4,Pelvis,0.0104033085085,-0.23069575,-0.463141,0.57249375
1238,4,Pelvis,0.0236274723099,-0.281411333333,-0.4659895,0.703340333333
1239,4,Pelvis,0.0140089420907,0.179765,-0.38572275,0.68249225
1240,8,RShoulder,0.0230735998455,1.705632,0.1818484,0.712327
1241,8,RShoulder,0.0141517997817,1.763525,0.068466245,0.56433575
1242,8,RShoulder,0.0144285016097,1.7432,0.18671125,0.5592515
1243,8,RShoulder,0.0155371576403,1.7442525,0.0640025975,0.686692
1244,8,RShoulder,0.0216667069973,1.691656,0.5806824,0.5604694
1245,8,RShoulder,0.0109271873852,1.6783275,0.6975405,0.58305225
1246,8,RShoulder,0.0131687125644,1.6574475,0.56483425,0.692413
1247,8,RShoulder,0.0136683772747,1.65035,1.18854,0.55871075
1248,8,RShoulder,0.02464413499,1.604814,1.058488,0.7198074
1249,8,RShoulder,0.0251940106846,1.598755,1.1896425,0.70554075
1250,5,LShoulder,0.0119175895316,-1.522675,1.6951375,0.559831
1251,5,LShoulder,0.0125093985484,-1.525115,1.5749375,0.6959865
1252,5,LShoulder,0.0227137802272,-1.472068,1.68286,0.7150312
1253,2,Chest,0.0146488311372,1.2936125,2.20595,0.693839
1254,2,Chest,0.0145292751411,1.20302,2.6832925,0.69372625
1255,2,Chest,0.0218828977908,1.19378,2.554884,0.5401486
1256,2,Chest,0.0228091670858,1.181016,2.705148,0.564597
1257,2,Chest,0.0142713383843,1.2158275,2.55932,0.69119475
1258,5,LShoulder,0.025829670867,-3.823575,3.19192,0.67712475
1259,2,Chest,0.0142629323911,1.22648,3.1896975,0.68493125
1260,8,RShoulder,0.0120123633394,2.983345,3.20775,0.5706365
1261,8,RShoulder,0.0283891687273,3.1387675,3.02564,0.69323125
1262,8,RShoulder,0.0230603914971,3.05215,3.179094,0.6809396
1263,8,RShoulder,0.0107593850333,3.7786325,3.063185,0.5425665
1264,8,RShoulder,0.013421796467,3.776,3.1851,0.55329325
1265,5,LShoulder,0.0255467793625,-3.443375,3.5770025,0.70814225
1266,5,LShoulder,0.0281291047796,-3.32584,3.6979425,0.57071125
1267,2,Chest,0.0155770621863,1.2771225,3.6886325,0.685104
1268,2,Chest,0.0152474317022,1.28219,3.5596325,0.5626725
1269,2,Chest,0.015066616115,1.29868,3.679135,0.563477
1270,2,Chest,0.0146405030425,1.266015,3.5622425,0.68176675
1271,8,RShoulder,0.0238011897586,3.1946075,3.70995,0.5858435
1272,8,RShoulder,0.0220661484791,3.18261,3.5658925,0.6814365
1273,2,Chest,0.0229566807899,-1.329905,4.063675,0.57421675
1274,2,Chest,0.0117003540531,1.2823525,4.184745,0.711101
1275,2,Chest,0.0131073534705,1.28806,4.0637725,0.70968925
1276,1,Neck,0.0117997306204,-1.508875,4.6834775,0.565008
1277,1,Neck,0.0129092170767,-1.8301175,5.063315,0.66286225
1278,1,Neck,0.0153131927451,-1.9356975,5.186325,0.62499625
1279,1,Neck,0.0249351917427,1.707765,5.1893875,0.73708175
1280,1,Neck,0.0125550462341,1.5802875,5.061995,0.781819
1281,1,Neck,0.0284818090973,1.695574,5.038256,0.7154358
1282,1,Neck,0.010197865551,1.5796775,5.1869175,0.7980895
1283,1,Neck,0.026337583904,2.062398,5.207024,0.5561152
1284,1,Neck,0.0264221891895,-1.3133525,5.5999475,0.57865275
1285,1,Neck,0.0236725950274,0.194617666667,5.69814833333,0.682452166667
1286,1,Neck,0.0161543017199,0.0614245,5.5643,0.7312145
1287,1,Neck,0.0150420948647,0.18352775,5.56773,0.74176775
1288,1,Neck,0.0143568877716,0.0585365,5.68404,0.69811575
1289,1,Neck,0.021362418236,1.187005,5.5829875,0.56962
1290,1,Neck,0.0315262093449,1.71351,5.57464,0.576074
1291,0,Head,0.0104454348961,0.21145775,6.0555125,0.64796525
1292,0,Head,0.0162149518578,0.0858013025,6.04221,0.70511175
1293,0,Head,0.0292871087739,0.0695670275,6.1779575,0.68574375
1294,0,Head,0.011949966936,-0.535507,6.6719775,0.5455425
1295,0,Head,0.0145656112935,0.1823715,6.56093,0.590092
1296,0,Head,0.0156447516588,0.0590532625,6.6839075,0.60094075
1297,0,Head,0.0128870593604,0.714107,7.1952075,0.68410525
1298,0,Head,0.0191568986502,0.721148666667,7.15592833333,0.565322666667
1299,0,Head,0.0139545906776,0.733318,7.6857625,0.68030775
1300,0,Head,0.0155412067974,0.7406,7.562405,0.56195425
1301,0,Head,0.01528445765,0.74399,7.686775,0.5618705
1302,0,Head,0.0145284128643,0.728389,7.5623625,0.68120175
1303,0,Head,0.0243435972389,0.584063,8.1996675,0.56244325
1304,0,Head,0.0123984105641,0.65533875,8.0688575,0.6870755
1305,0,Head,0.0235457633263,0.581086,8.1958975,0.68503875
1306,13,LFoot,0.00808157632339,-2.5219275,-8.126715,1.05733875
1307,16,RFoot,0.00808157632339,2.5219275,-8.126715,1.05733875
1308,13,LFoot,0.0131154713114,-2.4318625,-7.870215,1.18534
1309,13,LFoot,0.0153446893496,-1.851965,-7.7947775,1.05404225
1310,16,RFoot,0.0247016963511,2.209278,-7.798228,1.185518
1311,16,RFoot,0.0120011911105,2.1967375,-7.7322775,1.070505
1312,16,RFoot,0.0197839384866,2.0723175,-7.7724925,1.20772
1313,16,RFoot,0.00263033275606,2.5731725,-7.9627125,1.1705225
1314,16,RFoot,0.0101436043453,2.530065,-7.9044725,1.1703075
1315,16,RFoot,0.00645259569945,2.5302075,-7.963605,1.21836
1316,12,LLeg,0.0215874800973,-1.286146,-1.92946,1.078788
1317,12,LLeg,0.0148112497643,-1.4374675,-1.811025,1.1044225
1318,15,RLeg,0.0147101062224,1.5558875,-1.81005,1.097225
1319,12,LLeg,0.0146301275287,-1.31718,-1.437265,1.11206
1320,12,LLeg,0.0156015044018,-1.4368825,-1.312345,1.1214625
1321,15,RLeg,0.0235669202058,1.695395,-1.4372475,1.0735575
1322,15,RLeg,0.0142511986651,1.5558525,-1.3124975,1.1172575
1323,11,LThigh,0.0158483243079,-1.31233,-0.93776525,1.122635
1324,11,LThigh,0.0149639532621,-1.4352375,-0.81291125,1.1204075
1325,11,LThigh,0.02204607775,-0.915268,-0.806038,1.078158
1326,14,RThigh,0.0152230989239,1.1880875,-0.93723025,1.1134175
1327,14,RThigh,0.0145933318795,1.0662125,-0.810877,1.108645
1328,14,RThigh,0.0224792685611,1.685928,-0.9210338,1.06456
1329,14,RThigh,0.0239687768076,1.59303,-0.8174778,1.092064
1330,11,LThigh,0.0152873657406,-1.3131025,-0.43764475,1.1258
1331,5,LShoulder,0.0240998936264,-1.466608,-0.3157226,1.091466
1332,4,Pelvis,0.0230649195598,-0.7859716,-0.4327896,1.090956
1333,4,Pelvis,0.0153531588665,-0.93863925,-0.311881,1.128865
1334,14,RThigh,0.0161839917337,1.187695,-0.4380945,1.13352
1335,4,Pelvis,0.0153363997511,1.06138975,-0.313326,1.13695
1336,4,Pelvis,0.0242988559795,-1.342282,0.05881332,1.09145
1337,4,Pelvis,0.0156919767508,-0.812518,0.062411365425,1.1483625
1338,4,Pelvis,0.0156256328039,-0.93762325,0.187448,1.157305
1339,4,Pelvis,0.0258656305083,-0.32338,0.175511783333,1.20520666667
1340,4,Pelvis,0.0121750534854,-0.32393375,0.0525004625,1.150735
1341,4,Pelvis,0.0121343116281,-0.4535885,0.171213,1.1636725
1342,4,Pelvis,0.0146541829754,0.1831515,0.193431,1.24416
1343,4,Pelvis,0.0231510673994,0.06032025,0.050620725,1.197165
1344,4,Pelvis,0.0243354382053,0.2038196,0.065695042,1.186072
1345,4,Pelvis,0.0136903778221,0.0612965,0.19068525,1.2548
1346,4,Pelvis,0.0160094484718,0.68778125,0.062528535925,1.1309175
1347,4,Pelvis,0.0149626998438,0.56733575,0.18276425,1.1465575
1348,4,Pelvis,0.0139264044722,1.1887525,0.06235094,1.13288
1349,4,Pelvis,0.0163289796679,1.06508,0.1872895,1.1511025
1350,4,Pelvis,0.0236992301225,-0.8094978,0.6705222,1.18897
1351,4,Pelvis,0.0119592268812,-0.825543,0.551294,1.17394
1352,4,Pelvis,0.0148473728624,-0.94802125,0.68642125,1.156455
1353,4,Pelvis,0.0111502395015,-0.4518455,0.5500905,1.28994
1354,4,Pelvis,0.0143331166442,0.681474,0.69151375,1.2370125
1355,4,Pelvis,0.0156205327367,0.5616115,0.56446625,1.25714
1356,4,Pelvis,0.023535172428,0.6974195,0.552673666667,1.20531166667
1357,4,Pelvis,0.0129249060507,0.575876,0.68607725,1.2743325
1358,4,Pelvis,0.0148412262871,1.18134,0.5623135,1.113145
1359,4,Pelvis,0.0153662410531,1.06448,0.687052,1.136925
1360,2,Chest,0.02257416798,-0.8423168,1.192736,1.22088
1361,2,Chest,0.0104263783257,-0.96356425,1.17605,1.170555
1362,4,Pelvis,0.0224715584472,-0.8308505,1.060839,1.217025
1363,2,Chest,0.0110260159856,0.71204675,1.188315,1.27682
1364,4,Pelvis,0.0113979819489,0.70461275,1.06356325,1.2687
1365,4,Pelvis,0.0224538315949,1.203155,1.06363125,1.0760575
1366,2,Chest,0.0147533215435,1.06103,1.18631,1.129795
1367,2,Chest,0.0138661178042,-0.81138025,1.68674,1.2598225
1368,2,Chest,0.0235974599842,-0.95023025,1.5626325,1.1977825
1369,2,Chest,0.0140509095486,-0.811141,1.56251,1.2564275
1370,2,Chest,0.0240386865071,-0.95150975,1.6874775,1.20094
1371,2,Chest,0.0120725872167,0.7129825,1.68498,1.29715
1372,2,Chest,0.0124721421898,0.71173175,1.561565,1.2942725
1373,2,Chest,0.0223830535516,1.195535,1.5624975,1.06951
1374,2,Chest,0.011251767587,1.0801375,1.6874275,1.1429675
1375,2,Chest,0.0111580064677,-0.8292935,2.183885,1.2830425
1376,2,Chest,0.0232838920371,-0.95125025,2.061825,1.208155
1377,2,Chest,0.0119324942213,-0.824576,2.0622,1.270195
1378,2,Chest,0.0233557558708,-0.95325175,2.18575,1.2176925
1379,2,Chest,0.0220527222139,1.1038975,2.1887275,1.10743
1380,2,Chest,0.0223188358355,-0.9752295,2.5618875,1.2283875
1381,2,Chest,0.0221308122288,-0.980013,2.68661,1.2306175
1382,2,Chest,0.0233552231322,1.1085525,2.6885375,1.098085
1383,8,RShoulder,0.0280741416853,3.6511475,2.6474975,1.1896325
1384,8,RShoulder,0.0295349192904,4.07807,2.557166,1.168716
1385,5,LShoulder,0.0246426209617,-3.9431125,3.063665,1.1931275
1386,5,LShoulder,0.0250960446729,-3.8184675,3.1891275,1.069004
1387,2,Chest,0.0219778010767,-0.99006925,3.059685,1.2346325
1388,2,Chest,0.0220545741633,-0.9921904,3.190398,1.241956
1389,2,Chest,0.0225127401786,1.09819,3.1872375,1.0910925
1390,8,RShoulder,0.0261020126282,3.541244,3.188254,1.078512
1391,8,RShoulder,0.0267389972358,3.6852575,3.2125925,1.088914
1392,2,Chest,0.0140807108682,1.130545,3.688165,1.0662625
1393,2,Chest,0.0230838927558,1.06326,3.544824,1.189288
1394,2,Chest,0.0252039769483,1.186532,4.044118,1.064699
1395,2,Chest,0.0111765351572,1.16174,4.0606325,1.1981925
1396,2,Chest,0.0239440013087,1.2000575,4.18851,1.0824835
1397,1,Neck,0.0243835390209,-0.810638,4.7070675,1.2109275
1398,1,Neck,0.0142680979439,-0.93131175,4.5573225,1.247255
1399,1,Neck,0.0127076983366,-0.81151375,4.5688175,1.268035
1400,1,Neck,0.0244953136157,-0.9515556,4.686848,1.187478
1401,1,Neck,0.0246848284998,-0.2938836,4.688836,1.191278
1402,1,Neck,0.0129580096799,-0.4387815,4.568095,1.2638125
1403,1,Neck,0.015163751372,-0.3132005,4.5603925,1.2484475
1404,1,Neck,0.023729062213,-0.43919575,4.703745,1.2052325
1405,1,Neck,0.0108503558894,0.0606205,4.71336,1.1531
1406,1,Neck,0.0227607669837,0.060668,4.5862925,1.2059875
1407,1,Neck,0.0243815847938,0.68791825,4.70895,1.22206
1408,1,Neck,0.0105706659294,0.5632295,4.5795575,1.27312
1409,1,Neck,0.0102901304857,0.6869245,4.5804675,1.275925
1410,1,Neck,0.0242742040184,0.562799,4.70737,1.2186375
1411,1,Neck,0.0284275392654,1.197376,4.58202,1.0717034
1412,1,Neck,0.0217239407693,1.100166,4.695582,1.115864
1413,1,Neck,0.0271530785918,1.057909,4.580254,1.18482
1414,0,Head,0.00316457623246,-0.3572155,6.7224425,1.01394525
1415,0,Head,0.00424873091668,-0.4281215,7.2259325,1.1716575
1416,0,Head,0.0203858836397,0.2126495,7.20537,1.20351833333
1417,0,Head,0.00983758366031,0.1633735,6.964595,1.0534525
1418,0,Head,0.0107478673534,0.0539338,6.9604,1.16578
1419,0,Head,0.0147580572564,0.64332175,7.185245,1.072
1420,0,Head,0.0216406008668,0.5817368,7.070852,1.203692
1421,0,Head,0.0134563115447,0.53796025,7.158215,1.226225
1422,0,Head,0.0147429274792,0.62646275,7.68612,1.0692525
1423,0,Head,0.0205598123944,0.5674416,7.556598,1.196896
1424,0,Head,0.0236563913331,0.5574212,7.706604,1.187642
1425,0,Head,0.0228243477198,-0.414354,8.19348,1.065255
1426,0,Head,0.0106508779379,-0.322359,8.2648725,1.0691225
1427,0,Head,0.0282967203267,0.2084834,8.19816,1.198956
1428,0,Head,0.022273017997,0.059076035,8.221135,1.2199725
1429,5,LShoulder,0.0362679841642,-3.924794,2.704568,1.592472
1430,8,RShoulder,0.015103187686,4.180645,2.691675,1.6732575
1431,8,RShoulder,0.0146976173883,4.06194,2.7791275,1.5858175
1432,8,RShoulder,0.0113663529219,3.985875,2.554915,1.6835875
1433,8,RShoulder,0.0112575980174,4.0503925,2.5713925,1.7355175
1434,8,RShoulder,0.0226776075506,4.20152,2.72159,1.562465
1435,8,RShoulder,0.0255715019004,4.039906,2.678448,1.68261
1436,2,Chest,0.0135970263547,-0.304517,3.0703575,1.5954825
1437,2,Chest,0.0221279196636,-0.449109,3.188065,1.5773925
1438,2,Chest,0.014068078276,0.18574075,3.06944,1.6025
1439,2,Chest,0.0153648025356,0.06248125,3.187565,1.608965
1440,2,Chest,0.0211728475843,0.560197,3.68003,1.55969
1441,12,LLeg,0.0227785793072,-1.796202,-5.559146,-0.5654036
1442,15,RLeg,0.0227785793072,1.796202,-5.559146,-0.5654036
1443,12,LLeg,0.0213764115041,-2.069735,-5.312055,-0.5793005
1444,12,LLeg,0.0218324315547,-2.075295,-5.189125,-0.59071475
1445,12,LLeg,0.0134283369593,-1.8175875,-5.4288175,-0.5953695
1446,12,LLeg,0.0139025149652,-1.93079,-5.31056,-0.607743
1447,12,LLeg,0.0251595414941,-1.691718,-5.455532,-0.5545568
1448,12,LLeg,0.0146461875037,-1.9330375,-5.1883025,-0.624806
1449,12,LLeg,0.0153509130779,-1.8126,-5.0623275,-0.6393425
1450,12,LLeg,0.0145032876079,-1.6947925,-5.061205,-0.62212325
1451,15,RLeg,0.0134283369593,1.8175875,-5.4288175,-0.5953695
1452,15,RLeg,0.0139025149652,1.93079,-5.31056,-0.607743
1453,15,RLeg,0.0145032876079,1.6947925,-5.061205,-0.62212325
1454,15,RLeg,0.0146461875037,1.9330375,-5.1883025,-0.624806
1455,15,RLeg,0.0153509130779,1.8126,-5.0623275,-0.6393425
1456,15,RLeg,0.0213764115041,2.069735,-5.312055,-0.5793005
1457,15,RLeg,0.0218337552059,2.075295,-5.189125,-0.59071475
1458,12,LLeg,0.0237673420165,-2.05994,-4.793278,-0.5674922
1459,12,LLeg,0.0153062127048,-1.81227,-4.937695,-0.63753175
1460,12,LLeg,0.0148435385416,-1.9293075,-4.8168825,-0.6182045
1461,12,LLeg,0.0144803939989,-1.69422,-4.9374825,-0.62559475
1462,12,LLeg,0.0224186106169,-1.5572525,-4.813795,-0.56979225
1463,12,LLeg,0.024776072202,-1.83451,-4.563174,-0.5766414
1464,15,RLeg,0.0144803939989,1.69422,-4.9374825,-0.62559475
1465,15,RLeg,0.0153062127048,1.81227,-4.937695,-0.63753175
1466,15,RLeg,0.0148435385416,1.9293075,-4.8168825,-0.6182045
1467,15,RLeg,0.0257732007742,1.950495,-4.67598,-0.582415
1468,15,RLeg,0.0246882770616,1.83451,-4.563174,-0.5766414
1469,15,RLeg,0.0237673420165,2.05994,-4.793278,-0.5674922
1470,14,RThigh,0.0191177503329,1.1930275,-1.06222325,-0.5680305
1471,11,LThigh,0.018515023485,-1.19787,-0.93326525,-0.57502
1472,11,LThigh,0.0141778106374,-1.0599575,-0.809671,-0.59665425
1473,11,LThigh,0.013824526606,-1.058235,-0.68584125,-0.60995625
1474,11,LThigh,0.0151402838322,-0.942683,-0.6823845,-0.61268
1475,4,Pelvis,0.0129692018225,-0.812018,-0.57191625,-0.6296085
1476,4,Pelvis,0.0254433179138,0.671394666667,-0.5828805,-0.580360833333
1477,14,RThigh,0.0151402838322,0.942683,-0.6823845,-0.61268
1478,4,Pelvis,0.0129692018225,0.812018,-0.57191625,-0.6296085
1479,14,RThigh,0.018515023485,1.19787,-0.93326525,-0.57502
1480,14,RThigh,0.0141778106374,1.0599575,-0.809671,-0.59665425
1481,14,RThigh,0.013824526606,1.058235,-0.68584125,-0.60995625
1482,14,RThigh,0.0226669072229,1.20258,-0.5643535,-0.58595425
1483,14,RThigh,0.022146493024,1.2017675,-0.68719825,-0.58061425
1484,4,Pelvis,0.0249621278108,-0.9522485,-0.078220155,-0.836698
1485,4,Pelvis,0.0233299518616,-0.6676314,-0.1872612,-0.8186304
1486,4,Pelvis,0.0226641265643,-0.68473575,-0.33762275,-0.72689875
1487,4,Pelvis,0.0132732856226,-0.683688,-0.46294125,-0.6481695
1488,4,Pelvis,0.025565280886,-0.4136648,-0.069552082,-0.833486
1489,4,Pelvis,0.0103926329483,-0.424801,-0.33714175,-0.64981725
1490,4,Pelvis,0.0302259863028,-0.290399166667,-0.336772833333,-0.579705166667
1491,4,Pelvis,0.0284484419753,-0.2848086,-0.1962072,-0.6977624
1492,4,Pelvis,0.0255670615191,0.4136648,-0.069552082,-0.833486
1493,4,Pelvis,0.0103926329483,0.424801,-0.33714175,-0.64981725
1494,4,Pelvis,0.0233326336877,0.6676314,-0.1872612,-0.8186304
1495,4,Pelvis,0.024597651118,0.5675174,-0.09523569,-0.8516502
1496,4,Pelvis,0.0226639641443,0.68473575,-0.33762275,-0.72689875
1497,4,Pelvis,0.0132732856226,0.683688,-0.46294125,-0.6481695
1498,14,RThigh,0.0233473144712,1.217234,-0.4377684,-0.6058038
1499,4,Pelvis,0.0235264765305,1.2047025,-0.0663892175,-0.72593425
1500,4,Pelvis,0.023359274869,-1.311836,0.16902642,-0.686419
1501,4,Pelvis,0.0238633551366,-1.363718,0.064912192,-0.622929
1502,4,Pelvis,0.0214720675005,-1.3172525,0.3140115,-0.68524575
1503,4,Pelvis,0.0283371022785,-0.1783034,0.16289894,-0.8236314
1504,4,Pelvis,0.0151471447572,-0.285405,0.31120025,-0.92332475
1505,4,Pelvis,0.0242627091511,-0.16077715,0.3112095,-0.8411055
1506,4,Pelvis,0.022426368738,-0.0475102,0.173248633333,-0.707662
1507,4,Pelvis,0.0146477057756,0.3013,0.1846335,-0.90885875
1508,4,Pelvis,0.0242627032686,0.16077715,0.3112095,-0.8411055
1509,4,Pelvis,0.0151471447572,0.285405,0.31120025,-0.92332475
1510,4,Pelvis,0.0216998786049,0.42612975,0.3159035,-0.95808825
1511,4,Pelvis,0.0259218643946,1.10012,0.43798925,-0.866712
1512,4,Pelvis,0.0256136254993,-1.0560458,0.951296,-0.801193
1513,4,Pelvis,0.0263070564785,-1.309292,0.956725,-0.5629024
1514,4,Pelvis,0.0278913156484,-1.194618,0.9554684,-0.6964744
1515,4,Pelvis,0.0215960587134,-0.5695542,0.7114958,-0.9656458
1516,4,Pelvis,0.0248661949243,-0.1736862,0.6858755,-0.83920375
1517,4,Pelvis,0.0150946676583,-0.320065,0.808603,-0.87443925
1518,4,Pelvis,0.025510988309,-0.303673333333,0.9460475,-0.820449833333
1519,4,Pelvis,0.025283744141,-0.1903558,0.8289674,-0.8135506
1520,4,Pelvis,0.0126920652869,0.30960325,0.6886935,-0.90475775
1521,4,Pelvis,0.0254168522204,0.1906364,0.8290792,-0.812898
1522,4,Pelvis,0.0150946676583,0.320065,0.808603,-0.87443925
1523,4,Pelvis,0.0209093013279,1.225895,0.8129705,-0.72269
1524,4,Pelvis,0.0282648018174,1.19642,0.9572784,-0.6984678
1525,3,Back,0.0117068930087,-1.0760575,1.2040625,-0.65820775
1526,3,Back,0.0288889108434,-1.191274,1.211262,-0.5704308
1527,3,Back,0.0263045719367,-1.074955,1.32503666667,-0.579886333333
1528,4,Pelvis,0.0240802641999,-0.56491175,1.077626,-0.83015475
1529,3,Back,0.0249083962557,-0.8335328,1.313182,-0.6975108
1530,3,Back,0.0114452666823,-0.95163375,1.3243525,-0.652872
1531,3,Back,0.0239851986525,-0.81205125,1.463415,-0.6006895
1532,3,Back,0.0220073459917,-0.68765325,1.4724125,-0.60133275
1533,3,Back,0.0237079617425,-0.442214,1.228264,-0.7293744
1534,3,Back,0.0243584381484,-0.16960526,1.18758,-0.687473
1535,4,Pelvis,0.0220937303515,-0.06851666,1.0886314,-0.7006884
1536,3,Back,0.0103520793099,-0.053595825,1.2113025,-0.65564425
1537,3,Back,0.00885777075351,-0.42605375,1.337335,-0.66156725
1538,3,Back,0.0234824606414,-0.3113545,1.4538425,-0.58440775
1539,3,Back,0.0149551815658,-0.06250825,1.3102225,-0.617678
1540,3,Back,0.0234918951443,-0.18735575,1.45169,-0.573976
1541,4,Pelvis,0.0249028035992,0.4218036,1.0583624,-0.8090402
1542,3,Back,0.0103520793099,0.053595825,1.2113025,-0.65564425
1543,3,Back,0.0149551815658,0.06250825,1.3102225,-0.617678
1544,3,Back,0.0234920653975,0.18735575,1.45169,-0.573976
1545,3,Back,0.00885777075351,0.42605375,1.337335,-0.66156725
1546,3,Back,0.0234840893002,0.3113545,1.4538425,-0.58440775
1547,4,Pelvis,0.0260934445048,0.9520188,1.0583468,-0.8037298
1548,3,Back,0.0220073431551,0.68765325,1.4724125,-0.60133275
1549,3,Back,0.0249589725152,0.8335328,1.313182,-0.6975108
1550,3,Back,0.0114452666823,0.95163375,1.3243525,-0.652872
1551,3,Back,0.0239864690168,0.81205125,1.463415,-0.6006895
1552,4,Pelvis,0.0245796751997,1.08392666667,1.08504433333,-0.721068666667
1553,4,Pelvis,0.0230053631376,1.230044,1.070178,-0.611825
1554,3,Back,0.0117062889394,1.0760725,1.20408,-0.658248
1555,3,Back,0.0287857681481,1.191282,1.211498,-0.5704578
1556,1,Neck,0.0188967182632,-0.791516,4.93945,-0.57609525
1557,1,Neck,0.0235247519565,-0.79925275,4.804105,-0.56941275
1558,1,Neck,0.0240932383064,0.9467145,4.80419,-0.57103025
1559,1,Neck,0.0188967182632,0.791516,4.93945,-0.57609525
1560,1,Neck,0.0210256270143,-0.80233825,5.0634575,-0.557337
1561,1,Neck,0.0210286184604,0.80233825,5.0634575,-0.557337
1562,13,LFoot,0.0253944229322,-2.321785,-8.056715,-0.41523125
1563,13,LFoot,0.0125489695703,-2.4170475,-8.1078175,-0.30059575
1564,13,LFoot,0.0113327467644,-2.497335,-8.04867,-0.2959595
1565,13,LFoot,0.0222784122845,-2.169544,-8.052412,-0.4295872
1566,13,LFoot,0.0126922874695,-2.084125,-8.1190925,-0.30977525
1567,13,LFoot,0.0148287139796,-1.997285,-8.0579875,-0.3104215
1568,13,LFoot,0.0136279541981,-2.416945,-8.1238675,-0.18531775
1569,13,LFoot,0.0137009809022,-2.5131775,-8.069095,-0.1878725
1570,13,LFoot,0.0143539673193,-2.306835,-8.1481375,-0.06220173485
1571,13,LFoot,0.01647094433,-2.0770925,-8.135425,-0.189567
1572,13,LFoot,0.0154469322286,-1.9774075,-8.0735075,-0.1903105
1573,13,LFoot,0.0140358893699,-2.1943725,-8.148675,-0.06279722435
1574,16,RFoot,0.0126922874695,2.084125,-8.1190925,-0.30977525
1575,16,RFoot,0.0148287139796,1.997285,-8.0579875,-0.3104215
1576,16,RFoot,0.0125489695703,2.4170475,-8.1078175,-0.30059575
1577,16,RFoot,0.0113327467644,2.497335,-8.04867,-0.2959595
1578,16,RFoot,0.01647094433,2.0770925,-8.135425,-0.189567
1579,16,RFoot,0.0154469322286,1.9774075,-8.0735075,-0.1903105
1580,16,RFoot,0.0140358893699,2.1943725,-8.148675,-0.06279722435
1581,16,RFoot,0.0136279541981,2.416945,-8.1238675,-0.18531775
1582,16,RFoot,0.0137009809022,2.5131775,-8.069095,-0.1878725
1583,16,RFoot,0.0143539673193,2.306835,-8.1481375,-0.06220173485
1584,13,LFoot,0.0230752828067,-2.562415,-7.951475,-0.19218375
1585,13,LFoot,0.0198396639691,-2.57683,-7.795705,-0.0587141875
1586,13,LFoot,0.0209462760619,-2.5558325,-7.8034825,-0.18821275
1587,13,LFoot,0.0269367262263,-2.065436,-7.54133,-0.3068098
1588,13,LFoot,0.0145450022526,-1.98083,-7.5590175,-0.18995575
1589,13,LFoot,0.0112416728666,-1.9525075,-7.6766825,-0.19912725
1590,13,LFoot,0.0261312428963,-1.925422,-7.951674,-0.1748874
1591,13,LFoot,0.0127070754134,-1.914085,-7.81025,-0.0537572375
1592,13,LFoot,0.0204210585033,-1.929224,-7.79146,-0.1821302
1593,13,LFoot,0.0241995182,-1.92770833333,-7.675505,-0.0735371083333
1594,16,RFoot,0.0249047818968,1.925422,-7.951674,-0.1748874
1595,16,RFoot,0.0127070754134,1.914085,-7.81025,-0.0537572375
1596,16,RFoot,0.0276622474657,2.42874,-7.540204,-0.3117764
1597,16,RFoot,0.0128640066015,2.5065475,-7.5548175,-0.19447675
1598,16,RFoot,0.0121360251487,2.54949,-7.6654025,-0.0702764475
1599,16,RFoot,0.013345868488,2.52838,-7.6751975,-0.184992
1600,16,RFoot,0.0230752828067,2.562415,-7.951475,-0.19218375
1601,16,RFoot,0.0198403113297,2.57683,-7.795705,-0.0587141875
1602,13,LFoot,0.0228837143024,-2.1681075,-7.31162,-0.3351205
1603,13,LFoot,0.0121135324056,-2.296525,-7.1872975,-0.35205925
1604,13,LFoot,0.0107015400993,-2.37251,-7.1879225,-0.30873225
1605,13,LFoot,0.0220333692061,-2.1697675,-7.1876925,-0.327128
1606,13,LFoot,0.0116885207456,-1.9494725,-7.3130175,-0.075737175
1607,13,LFoot,0.0240541470212,-2.437134,-7.044298,-0.1842732
1608,13,LFoot,0.0139400939589,-1.9453475,-7.1922,-0.063767265
1609,16,RFoot,0.0136303270907,2.3020975,-7.312915,-0.364044
1610,16,RFoot,0.0103327809182,2.3815625,-7.3101175,-0.318051
1611,16,RFoot,0.0220317990188,2.1697675,-7.1876925,-0.327128
1612,16,RFoot,0.0121135324056,2.296525,-7.1872975,-0.35205925
1613,16,RFoot,0.0107015400993,2.37251,-7.1879225,-0.30873225
1614,16,RFoot,0.0210781669456,2.468918,-7.435866,-0.2280756
1615,16,RFoot,0.0221131408927,2.46405,-7.3076875,-0.20779025
1616,16,RFoot,0.0142836379167,2.5164775,-7.18893,-0.05517381575
1617,13,LFoot,0.0138633586952,-2.18661,-6.81167,-0.36695725
1618,13,LFoot,0.0237199383431,-2.30795,-6.68712,-0.309901
1619,13,LFoot,0.0127181014361,-2.18767,-6.6857025,-0.3787325
1620,13,LFoot,0.0238162105928,-2.0476325,-6.6865175,-0.3372395
1621,13,LFoot,0.0105911447255,-2.40001,-6.81005,-0.20934625
1622,13,LFoot,0.0203522632761,-2.006142,-6.947312,-0.2443472
1623,13,LFoot,0.0109305798455,-2.3992325,-6.687525,-0.20664425
1624,13,LFoot,0.0201255601879,-2.43476,-6.6915375,-0.0842597608
1625,13,LFoot,0.0144148074609,-1.8891325,-6.80961,-0.05927366
1626,13,LFoot,0.013935290163,-1.8595725,-6.6854175,-0.057279625
1627,16,RFoot,0.0144148074609,1.8891325,-6.80961,-0.05927366
1628,16,RFoot,0.0139345438516,1.8595725,-6.6854175,-0.0572755975
1629,16,RFoot,0.0228397595596,2.308545,-6.8112625,-0.308522
1630,16,RFoot,0.012716498802,2.1876725,-6.6857075,-0.37873225
1631,16,RFoot,0.0237189448415,2.30795,-6.6871225,-0.30990075
1632,16,RFoot,0.0105911447255,2.40001,-6.81005,-0.20934625
1633,16,RFoot,0.0213491106205,2.4386775,-6.811445,-0.0861335698325
1634,16,RFoot,0.0109305798455,2.3992325,-6.687525,-0.20664425
1635,16,RFoot,0.020125474441,2.43476,-6.6915375,-0.0842597608
1636,13,LFoot,0.0142032692483,-2.18301,-6.315525,-0.41057125
1637,13,LFoot,0.0268930110005,-2.313685,-6.1884425,-0.31809925
1638,13,LFoot,0.014284397088,-2.1902725,-6.19136,-0.4207275
1639,13,LFoot,0.0135804661356,-2.405305,-6.311675,-0.1866685
1640,13,LFoot,0.0124088624879,-2.40284,-6.1871925,-0.19086575
1641,13,LFoot,0.0297774486024,-1.79587166667,-6.07800833333,-0.3339585
1642,13,LFoot,0.0231928290142,-1.8080625,-6.319445,-0.19869375
1643,13,LFoot,0.0146937819591,-1.83855,-6.4506625,-0.18956075
1644,13,LFoot,0.0126566933703,-1.71684,-6.075525,-0.060583345
1645,13,LFoot,0.0146567457444,-1.73034,-6.07473,-0.1866995
1646,13,LFoot,0.0124208719679,-1.7401575,-6.1797075,-0.06260811
1647,16,RFoot,0.0145743968436,1.83902,-6.4515425,-0.189888
1648,16,RFoot,0.0267512800164,2.3131825,-6.3131525,-0.31592125
1649,16,RFoot,0.0139956459565,2.1871125,-6.1992375,-0.424331
1650,16,RFoot,0.0212838731705,2.19223,-6.0656525,-0.4331915
1651,16,RFoot,0.0273847798999,2.3142975,-6.1891125,-0.32047725
1652,16,RFoot,0.013550523509,2.4051175,-6.3116725,-0.18646925
1653,16,RFoot,0.0122872074697,2.4022925,-6.1872625,-0.19078
1654,12,LLeg,0.0251001547151,-2.3351975,-5.6875875,-0.32102475
1655,12,LLeg,0.0147654957812,-2.402395,-5.8125875,-0.18079275
1656,12,LLeg,0.0134857747155,-2.405345,-5.688325,-0.1846435
1657,12,LLeg,0.0251250766104,-1.68200333333,-5.82323333333,-0.319478
1658,12,LLeg,0.013794558106,-1.6153175,-5.69561,-0.307001
1659,12,LLeg,0.0247649287609,-1.562248,-5.559812,-0.3302674
1660,12,LLeg,0.0140648935869,-1.6442775,-5.8047175,-0.183839
1661,12,LLeg,0.0133597165773,-1.60521,-5.6980075,-0.18473125
1662,15,RLeg,0.0137932502968,1.615315,-5.695605,-0.30699675
1663,15,RLeg,0.0247649287609,1.562248,-5.559812,-0.3302674
1664,15,RLeg,0.0140690708781,1.6442825,-5.80473,-0.183839
1665,15,RLeg,0.0133587966041,1.60521,-5.698005,-0.18472775
1666,15,RLeg,0.0245020054849,2.3293675,-5.8125225,-0.3183545
1667,15,RLeg,0.0251206400054,2.3352175,-5.687595,-0.320985
1668,15,RLeg,0.0147795058331,2.4022075,-5.8125425,-0.18079325
1669,15,RLeg,0.013474052477,2.405355,-5.68829,-0.18461725
1670,12,LLeg,0.0252945909864,-2.3558225,-5.186715,-0.34611925
1671,12,LLeg,0.0139780800634,-2.41955,-5.3138075,-0.20057725
1672,12,LLeg,0.0152923288018,-2.418595,-5.1871375,-0.1961595
1673,12,LLeg,0.0140232348523,-1.482935,-5.1898875,-0.44748825
1674,12,LLeg,0.0151366482928,-1.4917325,-5.4344675,-0.1874585
1675,12,LLeg,0.0130371783462,-1.4641675,-5.322035,-0.064258415
1676,12,LLeg,0.0130599637523,-1.4500975,-5.33214,-0.190553
1677,12,LLeg,0.0232269444009,-1.402668,-5.055294,-0.3422812
1678,12,LLeg,0.013109987494,-1.3641025,-5.053405,-0.18501325
1679,12,LLeg,0.0255096766676,-1.422958,-5.187596,-0.041315508
1680,15,RLeg,0.013109987494,1.3641025,-5.053405,-0.18501325
1681,15,RLeg,0.0254809955868,1.422958,-5.187596,-0.041315508
1682,15,RLeg,0.0273010766897,2.3565225,-5.3144925,-0.34439075
1683,15,RLeg,0.025294454716,2.3558225,-5.186715,-0.34611925
1684,15,RLeg,0.0139780800634,2.41955,-5.3138075,-0.20057725
1685,15,RLeg,0.0152923288018,2.418595,-5.1871375,-0.1961595
1686,12,LLeg,0.0278702447932,-2.314074,-4.666148,-0.3114562
1687,12,LLeg,0.0142318358193,-2.399285,-4.813705,-0.17976225
1688,12,LLeg,0.0152458552693,-2.3781625,-4.69118,-0.17999375
1689,12,LLeg,0.0276865866334,-1.42058,-4.68672,-0.44859025
1690,12,LLeg,0.00986050109308,-1.34142,-4.562505,-0.33417725
1691,12,LLeg,0.0148071297094,-1.340835,-4.9383875,-0.186499
1692,12,LLeg,0.0143966249839,-1.3232075,-4.8243125,-0.0600711395
1693,12,LLeg,0.0129859942018,-1.2789275,-4.5542475,-0.0601406475
1694,12,LLeg,0.022249845389,-1.3032775,-4.5581975,-0.2068205
1695,15,RLeg,0.0161196337152,1.364775,-4.93678,-0.306627
1696,15,RLeg,0.00986050109308,1.34142,-4.562505,-0.33417725
1697,15,RLeg,0.0148071297094,1.340835,-4.9383875,-0.186499
1698,15,RLeg,0.0124950854071,1.324355,-4.83146,-0.0603781395
1699,15,RLeg,0.0247376986373,1.301616,-4.691068,-0.040013636
1700,15,RLeg,0.0240070320504,2.3345025,-4.8135375,-0.32303125
1701,15,RLeg,0.0216648018383,2.239036,-4.55314,-0.3541478
1702,15,RLeg,0.0278702447932,2.314074,-4.666148,-0.3114562
1703,15,RLeg,0.0142318358193,2.399285,-4.813705,-0.17976225
1704,15,RLeg,0.0152458552693,2.3781625,-4.69118,-0.17999375
1705,12,LLeg,0.0267251464197,-2.21854333333,-4.29329,-0.204403333333
1706,12,LLeg,0.0298108815537,-2.08353333333,-4.04278333333,-0.204387333333
1707,12,LLeg,0.0210607039795,-1.539364,-4.195844,-0.4549476
1708,12,LLeg,0.0136325075854,-1.2645925,-4.43529,-0.05790519
1709,12,LLeg,0.0142570201672,-1.2509025,-4.3129125,-0.05632670275
1710,12,LLeg,0.0255155476828,-1.2880325,-4.1892575,-0.20529625
1711,12,LLeg,0.0110225811031,-1.2102825,-4.0764725,-0.0699516425
1712,12,LLeg,0.0259025628981,-1.278495,-4.0650675,-0.20627275
1713,12,LLeg,0.0139013650822,-1.23074,-4.1912525,-0.05848763275
1714,15,RLeg,0.0102397784272,1.3490575,-4.43888,-0.33507325
1715,15,RLeg,0.0267365599255,1.94973166667,-4.29874166667,-0.458377666667
1716,15,RLeg,0.0232392074045,1.709588,-4.06443,-0.4455784
1717,15,RLeg,0.0294714562001,1.960495,-4.03904166667,-0.338910333333
1718,15,RLeg,0.0267251464197,2.21854333333,-4.29329,-0.204403333333
1719,15,RLeg,0.0117405052948,2.2830225,-4.4216375,-0.200858
1720,15,RLeg,0.0135512886741,2.2717275,-4.3042025,-0.06245699
1721,15,RLeg,0.0247872025375,2.318968,-4.436316,-0.085823114
1722,15,RLeg,0.0298108815537,2.08353333333,-4.04278333333,-0.204387333333
1723,12,LLeg,0.0151323436182,-1.680785,-3.8153225,-0.37648875
1724,12,LLeg,0.0204769038488,-1.596622,-3.568754,-0.3327298
1725,12,LLeg,0.0212761718268,-1.852822,-3.679868,-0.2392804
1726,12,LLeg,0.0219954864451,-1.2754475,-3.68833,-0.22617775
1727,12,LLeg,0.0218977350917,-1.27134,-3.5651175,-0.2315215
1728,12,LLeg,0.0249136719434,-1.14805,-3.56566,-0.094816225
1729,15,RLeg,0.0257508184765,1.422245,-3.9354825,-0.34730625
1730,15,RLeg,0.0208875995293,1.4228775,-3.56667,-0.3167335
1731,15,RLeg,0.0266181084098,1.810934,-3.790672,-0.3141392
1732,15,RLeg,0.0252200271147,1.701445,-3.67436333333,-0.3282835
1733,15,RLeg,0.0110030310459,2.023375,-3.91881,-0.19789075
1734,15,RLeg,0.0122527213304,2.035215,-3.79468,-0.0786819075
1735,15,RLeg,0.0295817203278,1.95332833333,-3.80035666667,-0.202234
1736,15,RLeg,0.0247115505165,1.979166,-3.687318,-0.096167246
1737,12,LLeg,0.0230662213558,-1.26987,-3.436244,-0.2400994
1738,12,LLeg,0.0282943371573,-1.18898,-3.334006,-0.1898566
1739,15,RLeg,0.0282944257329,1.18898,-3.334006,-0.1898566
1740,15,RLeg,0.0207833074062,1.139496,-3.435466,-0.1154433
1741,15,RLeg,0.0262016291849,1.0486582,-3.208572,-0.0646205156
1742,15,RLeg,0.0255534842683,1.84999,-3.0602125,-0.08249569
1743,12,LLeg,0.0215690402557,-1.5699775,-2.561905,-0.30874125
1744,12,LLeg,0.0240901870759,-1.309072,-2.705762,-0.318165
1745,12,LLeg,0.0236296056966,-1.037587,-2.682882,-0.2179476
1746,12,LLeg,0.0269190578395,-0.936732,-2.832716,-0.063811192
1747,12,LLeg,0.02677026568,-0.9448998,-2.58348,-0.1785602
1748,12,LLeg,0.0238091575202,-0.9050172,-2.68427,-0.08657644
1749,15,RLeg,0.026917556845,0.936732,-2.832716,-0.063811192
1750,15,RLeg,0.02677026568,0.9448998,-2.58348,-0.1785602
1751,15,RLeg,0.0238091575202,0.9050172,-2.68427,-0.08657644
1752,15,RLeg,0.0263186681092,1.7043375,-2.9398475,-0.22730575
1753,15,RLeg,0.0225578556671,1.7198875,-2.68698,-0.21992125
1754,15,RLeg,0.0223933994519,1.7213475,-2.5627325,-0.220935
1755,12,LLeg,0.0253097814117,-1.850955,-2.06466,-0.08859874
1756,12,LLeg,0.0150133356296,-1.195005,-2.307655,-0.3620855
1757,12,LLeg,0.0149986412834,-1.31248,-2.1912625,-0.401832
1758,12,LLeg,0.0147145452093,-1.19136,-2.1879775,-0.3919455
1759,12,LLeg,0.0224609726658,-0.8226354,-2.451814,-0.05309366
1760,12,LLeg,0.0229875778745,-0.804996,-2.3103575,-0.070845925
1761,12,LLeg,0.00955723426572,-0.83758075,-2.0782125,-0.21834
1762,12,LLeg,0.0244911483807,-0.7627096,-2.06393,-0.098117718
1763,15,RLeg,0.0268998004868,0.938565,-2.085236,-0.3085832
1764,15,RLeg,0.025890944852,0.93033525,-2.437905,-0.20222175
1765,15,RLeg,0.00955723426572,0.83758075,-2.0782125,-0.21834
1766,15,RLeg,0.0150843984106,1.314035,-2.3110825,-0.37566725
1767,15,RLeg,0.0147145452093,1.19136,-2.1879775,-0.3919455
1768,15,RLeg,0.0149986412834,1.31248,-2.1912625,-0.401832
1769,15,RLeg,0.0255591645751,1.582145,-2.0665175,-0.352754
1770,15,RLeg,0.0224291725297,1.7253025,-2.31435,-0.22852275
1771,12,LLeg,0.0253688954667,-1.68824,-1.831558,-0.3089982
1772,12,LLeg,0.0248566314996,-1.605504,-1.93334,-0.3560506
1773,12,LLeg,0.0248527759822,-1.84978,-1.932778,-0.098803366
1774,12,LLeg,0.0232741483038,-1.849116,-1.567854,-0.089242178
1775,12,LLeg,0.022983012088,-1.037153,-1.680918,-0.4544746
1776,12,LLeg,0.0269673649782,-0.8161606,-1.70888,-0.3098434
1777,12,LLeg,0.0234092860791,-0.7724204,-1.810684,-0.2271426
1778,12,LLeg,0.0131891772047,-0.71826225,-1.9513775,-0.0741410325
1779,12,LLeg,0.0102301830972,-0.72712,-1.69818,-0.2071875
1780,15,RLeg,0.0266172770876,0.92082025,-1.941035,-0.3330615
1781,15,RLeg,0.0269938302625,0.8161606,-1.70888,-0.3098434
1782,15,RLeg,0.023642117055,1.6913175,-1.686075,-0.31570375
1783,15,RLeg,0.0241813959416,1.801858,-1.832086,-0.1844674
1784,15,RLeg,0.0100119887118,1.7936125,-1.5518325,-0.2077305
1785,15,RLeg,0.0220000748124,1.80647,-1.66756,-0.1792822
1786,12,LLeg,0.0211837276132,-1.56231,-1.3105325,-0.43193375
1787,12,LLeg,0.023714464873,-1.69971,-1.1874225,-0.3156115
1788,12,LLeg,0.0217758220635,-1.5615175,-1.1873075,-0.43233875
1789,12,LLeg,0.027567454254,-0.690027833333,-1.31829333333,-0.3116765
1790,4,Pelvis,0.0234884815835,-0.797234,-1.0622825,-0.458065
1791,12,LLeg,0.0124754076984,-0.6973805,-1.18504,-0.37087225
1792,4,Pelvis,0.0126773477896,-0.632866,-1.1879725,-0.29446425
1793,4,Pelvis,0.0135828636769,-0.617644,-1.3126175,-0.19364325
1794,4,Pelvis,0.0242647617531,-0.5632928,-1.331666,-0.06300479
1795,4,Pelvis,0.00899435203037,-0.59398575,-1.2003,-0.20677325
1796,4,Pelvis,0.0256338618486,-0.548447166667,-1.07457466667,-0.1973725
1797,4,Pelvis,0.0236501268411,-0.5348694,-1.183258,-0.08888956
1798,15,RLeg,0.0100527615007,0.787433,-1.32414,-0.402458
1799,15,RLeg,0.0124754076984,0.6973805,-1.18504,-0.37087225
1800,4,Pelvis,0.0126773477896,0.632866,-1.1879725,-0.29446425
1801,4,Pelvis,0.0135828636769,0.617644,-1.3126175,-0.19364325
1802,4,Pelvis,0.0242663074904,0.5632928,-1.331666,-0.06300479
1803,4,Pelvis,0.00899435203037,0.59398575,-1.2003,-0.20677325
1804,4,Pelvis,0.0256347026986,0.548447166667,-1.07457466667,-0.1973725
1805,4,Pelvis,0.0236500814897,0.5348694,-1.183258,-0.08888956
1806,15,RLeg,0.023714464873,1.69971,-1.1874225,-0.3156115
1807,14,RThigh,0.0225905456204,1.6930625,-1.06257525,-0.31522
1808,15,RLeg,0.0113192960829,1.7904025,-1.3111575,-0.2054645
1809,15,RLeg,0.0111259425387,1.793395,-1.434755,-0.20677225
1810,15,RLeg,0.0234931018708,1.8477475,-1.4357775,-0.077942005
1811,15,RLeg,0.0115270362601,1.782925,-1.1863025,-0.2041535
1812,14,RThigh,0.012308008875,1.77339,-1.061568,-0.20335075
1813,11,LThigh,0.0243596980931,-1.68223,-0.7968234,-0.3131138
1814,11,LThigh,0.0252913302906,-1.560664,-0.7963742,-0.4320256
1815,4,Pelvis,0.0131676050332,-0.4943785,-0.936344,-0.19297975
1816,4,Pelvis,0.00778881140142,-0.46257475,-0.836693,-0.212794
1817,4,Pelvis,0.0272283445482,-0.317181,-0.5596728,-0.3240018
1818,4,Pelvis,0.0232430352081,-0.4002038,-0.81471,-0.094034848
1819,4,Pelvis,0.0110070836989,-0.34388775,-0.717528,-0.07531336
1820,4,Pelvis,0.0211726530503,-0.272825,-0.6090966,-0.057661494
1821,4,Pelvis,0.0232430352081,0.4002038,-0.81471,-0.094034848
1822,4,Pelvis,0.0110070836989,0.34388775,-0.717528,-0.07531336
1823,4,Pelvis,0.0211506966951,0.272825,-0.6090966,-0.057661494
1824,14,RThigh,0.0260738100643,1.473712,-0.6919356,-0.4791352
1825,14,RThigh,0.0146725914612,1.76033,-0.815148,-0.195097
1826,14,RThigh,0.0125766376599,1.76534,-0.9384295,-0.2013965
1827,14,RThigh,0.0219615029305,1.82,-0.938991,-0.070453125
1828,14,RThigh,0.0234030180329,1.815418,-0.7957182,-0.062124968
1829,14,RThigh,0.0264211756034,1.728046,-0.690909,-0.227148
1830,14,RThigh,0.0132841571016,1.78061,-0.55817,-0.07417501
1831,14,RThigh,0.011284306487,1.79356,-0.675856,-0.0885952
1832,11,LThigh,0.0221546297627,-1.5994675,-0.435968,-0.3431455
1833,5,LShoulder,0.0232163768601,-1.687956,-0.2933638,-0.1837588
1834,5,LShoulder,0.0102226116766,-1.649635,-0.0608316285,-0.2069575
1835,4,Pelvis,0.010039055169,-0.106036025,-0.331888,-0.32182025
1836,8,RShoulder,0.0232163768601,1.687956,-0.2933638,-0.1837588
1837,14,RThigh,0.0145160179754,1.7647275,-0.437238,-0.06010038
1838,14,RThigh,0.0215763689628,1.7019525,-0.437241,-0.193927
1839,8,RShoulder,0.0153626455763,1.7469625,-0.31330175,-0.0587031175
1840,8,RShoulder,0.0102226116766,1.649635,-0.0608316285,-0.2069575
1841,8,RShoulder,0.0229982970728,1.699675,-0.062872835,-0.0788340275
1842,8,RShoulder,0.0237971835299,1.71574,-0.1921226,-0.09085554
1843,5,LShoulder,0.0222318753645,-1.5787425,0.0616285215,-0.322197
1844,5,LShoulder,0.022848428877,-1.570262,0.2051238,-0.3123898
1845,5,LShoulder,0.012986186444,-1.640945,0.0620881215,-0.19446475
1846,5,LShoulder,0.0243155263724,-1.687218,0.080642732,-0.06288694
1847,5,LShoulder,0.0104758802746,-1.6701125,0.19891925,-0.08574315
1848,5,LShoulder,0.0119044310307,-1.6619975,0.31400775,-0.079777575
1849,8,RShoulder,0.025237380777,1.4787225,0.314014,-0.4597915
1850,8,RShoulder,0.0107195844307,1.5368325,0.4414895,-0.33174875
1851,8,RShoulder,0.0095290896263,1.5478575,0.323949,-0.33673375
1852,8,RShoulder,0.012986186444,1.640945,0.0620881215,-0.19446475
1853,8,RShoulder,0.0243155263724,1.687218,0.080642732,-0.06288694
1854,8,RShoulder,0.0104758802746,1.6701125,0.19891925,-0.08574315
1855,8,RShoulder,0.0237294031183,1.596895,0.440562,-0.20524725
1856,8,RShoulder,0.0119044310307,1.6619975,0.31400775,-0.079777575
1857,5,LShoulder,0.0146327072181,-1.62217,0.6865665,-0.0600583575
1858,5,LShoulder,0.0229244277338,-1.589056,0.8065234,-0.09017007
1859,8,RShoulder,0.024486237513,1.436506,0.70503,-0.4358858
1860,8,RShoulder,0.024703099055,1.445122,0.9581346,-0.3167374
1861,8,RShoulder,0.0140340623304,1.5128375,0.93870025,-0.1979205
1862,8,RShoulder,0.00952783489066,1.5299275,0.821464,-0.2090025
1863,8,RShoulder,0.0146327072181,1.62217,0.6865665,-0.0600583575
1864,8,RShoulder,0.0250706644524,1.564032,0.7055724,-0.1873898
1865,8,RShoulder,0.0229241175415,1.589068,0.8065246,-0.090182592
1866,3,Back,0.0225854136319,-1.34868,1.307188,-0.3466276
1867,8,RShoulder,0.0118749154459,1.386785,1.186845,-0.331547
1868,3,Back,0.0250205920414,1.1976875,1.4468475,-0.43374725
1869,3,Back,0.0218940782767,1.227386,1.317688,-0.4805996
1870,3,Back,0.0225852304632,1.34868,1.307188,-0.3466276
1871,8,RShoulder,0.0100793358796,1.525525,1.187835,-0.08363805
1872,8,RShoulder,0.0143267979781,1.5093425,1.3114625,-0.0695178425
1873,3,Back,0.0276625193157,-1.20054,1.943426,-0.059568714
1874,3,Back,0.0232999433167,-0.8067662,1.842028,-0.3401498
1875,3,Back,0.0133846316994,-0.68526675,1.824115,-0.37593225
1876,3,Back,0.012850295524,-0.31236825,1.8336375,-0.4037
1877,3,Back,0.0124285088281,-0.18627475,1.836925,-0.40320025
1878,3,Back,0.0205046465918,-0.06615852,1.96957,-0.3443564
1879,3,Back,0.0124699632482,0.1864795,1.8369725,-0.4033565
1880,3,Back,0.0126710067479,0.3118485,1.8334525,-0.40322375
1881,3,Back,0.0222043956005,0.4332574,1.963678,-0.3341142
1882,3,Back,0.013432880447,0.68489475,1.8225275,-0.37414025
1883,3,Back,0.0250283354538,0.7050468,1.936912,-0.3024894
1884,3,Back,0.0233901231999,0.8064814,1.841058,-0.3390704
1885,3,Back,0.0262356219075,0.9601104,1.947102,-0.2004586
1886,3,Back,0.0193328834453,0.8189428,1.98194,-0.2363098
1887,3,Back,0.0276490576764,1.20054,1.943426,-0.059568714
1888,3,Back,0.0113210403998,-0.82863925,2.089745,-0.159004
1889,3,Back,0.00994669885187,-0.58990125,2.330015,-0.16398925
1890,3,Back,0.0262427430932,0.70165,2.085545,-0.215886166667
1891,3,Back,0.0247612933961,0.579084833333,2.20652833333,-0.2074825
1892,3,Back,0.0113210403998,0.82863925,2.089745,-0.159004
1893,3,Back,0.0257406920131,0.832695666667,2.20860833333,-0.0892738166667
1894,3,Back,0.00994669885187,0.58990125,2.330015,-0.16398925
1895,3,Back,0.0218261322401,0.6964734,2.457392,-0.07235352
1896,3,Back,0.0145718197965,-0.57294625,2.6901975,-0.13219375
1897,3,Back,0.0139957952879,-0.569556,2.81008,-0.1413975
1898,3,Back,0.0156925853688,-0.453524,2.6878425,-0.1690525
1899,3,Back,0.0201780252944,-0.16807862,2.679728,-0.190373
1900,3,Back,0.0206034904583,-0.06967061,2.58356,-0.1975056
1901,3,Back,0.0104325906136,-0.053898025,2.7074675,-0.185054
1902,3,Back,0.017928366502,-0.4430155,2.8091175,-0.17261825
1903,3,Back,0.0146309795847,-0.06206425,2.8140025,-0.18112725
1904,3,Back,0.0104325906136,0.053898025,2.7074675,-0.185054
1905,3,Back,0.0194358325029,0.3186455,2.68665,-0.187318
1906,3,Back,0.0156925853688,0.453524,2.6878425,-0.1690525
1907,3,Back,0.0146309795847,0.06206425,2.8140025,-0.18112725
1908,3,Back,0.017928366502,0.4430155,2.8091175,-0.17261825
1909,3,Back,0.0145718197965,0.57294625,2.6901975,-0.13219375
1910,3,Back,0.0139957952879,0.569556,2.81008,-0.1413975
1911,3,Back,0.0224469473575,0.70955025,2.932175,-0.0860674
1912,5,LShoulder,0.0289032056202,-2.8035575,3.4487125,-0.06906393325
1913,3,Back,0.0247695657387,-0.7259952,3.061498,-0.10566594
1914,3,Back,0.0129578275138,-0.8270705,3.4250025,-0.1576755
1915,3,Back,0.0231061559192,0.446070166667,3.05551166667,-0.197872833333
1916,3,Back,0.0247695657387,0.7259952,3.061498,-0.10566594
1917,3,Back,0.0129578275138,0.8270705,3.4250025,-0.1576755
1918,8,RShoulder,0.0289032056202,2.8035575,3.4487125,-0.06906393325
1919,8,RShoulder,0.0247661636258,3.2030675,3.43338,-0.06348845
1920,5,LShoulder,0.0245681028034,-3.108194,3.691588,-0.10956696
1921,3,Back,0.0259551029596,-3.074738,3.838808,-0.067966094
1922,5,LShoulder,0.0141022264938,-2.808595,3.55678,-0.15942525
1923,5,LShoulder,0.0317942420491,-2.541482,3.663578,-0.091273866
1924,5,LShoulder,0.0209883074996,-2.8248775,3.8175275,-0.2099695
1925,5,LShoulder,0.0155474976957,-2.9638675,3.817435,-0.1602955
1926,3,Back,0.0271098820901,-2.817968,3.96175,-0.1925342
1927,5,LShoulder,0.0323893123862,-2.413486,3.787916,-0.093780438
1928,3,Back,0.0284346255776,-2.29018,3.909478,-0.093529848
1929,3,Back,0.0226511991758,-1.0910538,3.686384,-0.09837414
1930,3,Back,0.0264905836329,-1.07878866667,3.92082166667,-0.2140335
1931,3,Back,0.0123911076144,-1.077315,3.7950325,-0.157954
1932,3,Back,0.0236813582803,-1.228504,3.92617,-0.10393458
1933,3,Back,0.022613168501,-0.8435422,3.689196,-0.2236538
1934,3,Back,0.00864291435239,-0.964735,3.672345,-0.1699095
1935,3,Back,0.0231643249348,-0.16755284,3.68895,-0.3191292
1936,3,Back,0.0142524909923,-0.31351475,3.81983,-0.371293
1937,3,Back,0.0149099672515,-0.189959,3.819605,-0.351693
1938,3,Back,0.0243782912721,0.3125995,3.6696975,-0.3357955
1939,3,Back,0.0149099672515,0.189959,3.819605,-0.351693
1940,3,Back,0.0142524909923,0.31351475,3.81983,-0.371293
1941,3,Back,0.0226164402574,0.8435422,3.689196,-0.2236538
1942,3,Back,0.00864291435239,0.964735,3.672345,-0.1699095
1943,3,Back,0.0264627962892,0.955485666667,3.794895,-0.217138666667
1944,3,Back,0.0226511991758,1.0910538,3.686384,-0.09837414
1945,3,Back,0.0265231579656,1.07878866667,3.92082166667,-0.2140335
1946,3,Back,0.0123911076144,1.077315,3.7950325,-0.157954
1947,3,Back,0.0236813582803,1.228504,3.92617,-0.10393458
1948,3,Back,0.0299360100233,2.41967666667,3.91641666667,-0.2066005
1949,8,RShoulder,0.0323893123862,2.413486,3.787916,-0.093780438
1950,8,RShoulder,0.0232466535559,2.664618,3.690314,-0.182981
1951,8,RShoulder,0.0329072300189,2.677654,3.544842,-0.08703341
1952,8,RShoulder,0.0320385989418,2.541482,3.663578,-0.091273866
1953,8,RShoulder,0.0229846890301,2.8137525,3.68295,-0.1969235
1954,8,RShoulder,0.0141022264938,2.808595,3.55678,-0.15942525
1955,8,RShoulder,0.0155474976957,2.9638675,3.817435,-0.1602955
1956,8,RShoulder,0.0250037632384,3.201984,3.591272,-0.070757506
1957,8,RShoulder,0.0244411673425,3.108194,3.691588,-0.10956696
1958,3,Back,0.0259974391781,3.074738,3.838808,-0.067966094
1959,3,Back,0.0277876572045,-2.823794,4.212596,-0.072558847
1960,3,Back,0.0105046541982,-2.1039625,4.1693025,-0.191645
1961,3,Back,0.00971848834433,-1.9199475,4.352615,-0.19701275
1962,3,Back,0.028418969972,-1.919638,4.289846,-0.085300004
1963,3,Back,0.0237556545233,-1.7869475,4.4056075,-0.061716265
1964,3,Back,0.0269510083284,-1.311234,4.16285,-0.1874584
1965,3,Back,0.0243679225438,-1.357128,4.299844,-0.236058
1966,3,Back,0.0156576733057,-0.68819875,4.1835575,-0.41074725
1967,3,Back,0.00887516318407,-0.6894045,4.28878,-0.429044
1968,3,Back,0.0220283875517,-0.5781534,4.313856,-0.4431396
1969,3,Back,0.0210201614696,-0.6877215,4.40574666667,-0.4504195
1970,3,Back,0.014810526174,-0.18714375,4.1770925,-0.4221165
1971,3,Back,0.0138681693601,0.81217125,4.1806175,-0.40099525
1972,3,Back,0.00887516318407,0.6894045,4.28878,-0.429044
1973,3,Back,0.0220283897777,0.5781534,4.313856,-0.4431396
1974,3,Back,0.0292378383027,1.1923425,4.4302925,-0.430206
1975,3,Back,0.0291070210833,1.32907333333,4.04430333333,-0.077108965
1976,3,Back,0.0243677710063,1.357128,4.299844,-0.236058
1977,3,Back,0.00971848834433,1.9199475,4.352615,-0.19701275
1978,3,Back,0.0283517906301,1.919638,4.289846,-0.085300004
1979,3,Back,0.0237690676009,1.7869475,4.4056075,-0.061716265
1980,3,Back,0.0105046541982,2.1039625,4.1693025,-0.191645
1981,3,Back,0.0214327160807,2.869602,4.07385,-0.1132555
1982,3,Back,0.0260908947226,2.6679125,4.44512,-0.0596737
1983,1,Neck,0.0215024393509,-2.482134,4.692462,-0.096878864
1984,1,Neck,0.0277441676094,-2.314688,4.83303,-0.1881262
1985,1,Neck,0.0226777380522,-1.6887375,4.6768525,-0.315788
1986,1,Neck,0.0131101769024,-1.80552,4.8192075,-0.36080025
1987,1,Neck,0.0145371233077,-1.6876325,4.8171325,-0.369712
1988,1,Neck,0.0219026292829,1.808865,4.67549,-0.31759
1989,1,Neck,0.0145371233077,1.6876325,4.8171325,-0.369712
1990,1,Neck,0.0131101769024,1.80552,4.8192075,-0.36080025
1991,1,Neck,0.0285833277699,2.441174,4.583304,-0.1889202
1992,1,Neck,0.0215028375249,2.482134,4.692462,-0.096878864
1993,1,Neck,0.0206738698272,2.35713,4.93985,-0.097793384
1994,1,Neck,0.029397829769,-2.3095725,5.0768625,-0.0692101725
1995,1,Neck,0.0138524068112,-1.6969375,5.18755,-0.41563275
1996,1,Neck,0.0272577408855,-1.83112333333,5.32965166667,-0.342170666667
1997,1,Neck,0.0160418473472,-1.690395,5.313555,-0.3973815
1998,1,Neck,0.0229909138884,-0.1913446,5.466084,-0.4609852
1999,1,Neck,0.02369316148,0.8076538,5.46479,-0.4638662
2000,1,Neck,0.0247293200992,1.454514,5.313052,-0.4407606
2001,1,Neck,0.0152699059216,1.8076925,5.1851725,-0.3859515
2002,1,Neck,0.0160418473472,1.690395,5.313555,-0.3973815
2003,1,Neck,0.0273350342436,1.83112333333,5.32965166667,-0.342170666667
2004,1,Neck,0.025744732959,1.953604,5.431596,-0.1821216
2005,1,Neck,0.0237415535757,1.823446,5.476824,-0.238806
2006,1,Neck,0.0333009119091,-1.83393166667,5.58864,-0.0823818866667
2007,1,Neck,0.0136997128018,-1.69605,5.6599725,-0.0731969075
2008,1,Neck,0.0234299226981,-1.578446,5.688068,-0.05783044
2009,1,Neck,0.0264345132343,-1.0646405,5.5849275,-0.33485575
2010,1,Neck,0.0133933519162,-1.4361875,5.6421975,-0.203186
2011,1,Neck,0.022008234173,-1.4363775,5.694995,-0.072820275
2012,1,Neck,0.0138467946908,-1.05986375,5.7081625,-0.0602355525
2013,1,Neck,0.022233367141,-1.0812144,5.681426,-0.1842216
2014,1,Neck,0.027073176568,-0.68846275,5.71424,-0.33570475
2015,1,Neck,0.0141440012833,-0.8226835,5.758945,-0.18195525
2016,1,Neck,0.0143685006763,-0.93647275,5.730165,-0.06176644
2017,1,Neck,0.0224074284258,-0.9338216,5.703188,-0.2108482
2018,1,Neck,0.0137618300806,-0.82398825,5.7670125,-0.0615266375
2019,1,Neck,0.0245740043507,-0.6957505,5.81374,-0.19373025
2020,1,Neck,0.0148059437917,-0.186807,5.68721,-0.383237
2021,1,Neck,0.0223269358418,-0.31165175,5.8189825,-0.32812675
2022,1,Neck,0.0247277131158,-0.16792258,5.809122,-0.3159752
2023,1,Neck,0.0118895922108,0.31117175,5.69638,-0.40036475
2024,1,Neck,0.0247300739846,0.16792258,5.809122,-0.3159752
2025,1,Neck,0.0223269358418,0.31165175,5.8189825,-0.32812675
2026,0,Head,0.0298229265901,0.4558726,5.949064,-0.1857574
2027,0,Head,0.0219196479332,0.31180675,5.9701225,-0.2278385
2028,1,Neck,0.0282433057831,0.8356952,5.685636,-0.3099508
2029,1,Neck,0.0141440012833,0.8226835,5.758945,-0.18195525
2030,1,Neck,0.0143685006763,0.93647275,5.730165,-0.06176644
2031,1,Neck,0.0224039905984,0.9338216,5.703188,-0.2108482
2032,1,Neck,0.0137618300806,0.82398825,5.7670125,-0.0615266375
2033,1,Neck,0.0245740043507,0.6957505,5.81374,-0.19373025
2034,1,Neck,0.0138467946908,1.05986375,5.7081625,-0.0602355525
2035,1,Neck,0.0222351571449,1.0812144,5.681426,-0.1842216
2036,1,Neck,0.021568045998,1.181958,5.692036,-0.090833768
2037,1,Neck,0.0133933519162,1.4361875,5.6421975,-0.203186
2038,1,Neck,0.022001402896,1.4363775,5.694995,-0.072820275
2039,1,Neck,0.0136997128018,1.69605,5.6599725,-0.0731969075
2040,1,Neck,0.0234156113983,1.578446,5.688068,-0.05783044
2041,0,Head,0.0139288598458,-0.310858,6.08741,-0.1573495
2042,0,Head,0.013719286722,-0.05717025,6.1979225,-0.13613875
2043,0,Head,0.0223851568081,-0.3241715,6.4391575,-0.0743521
2044,0,Head,0.0147899116786,-0.0610823575,6.314565,-0.113653375
2045,0,Head,0.0146745789386,-0.18237,6.43778,-0.11226575
2046,0,Head,0.013719286722,0.05717025,6.1979225,-0.13613875
2047,0,Head,0.0139288598458,0.310858,6.08741,-0.1573495
2048,0,Head,0.0150572386989,0.0599811425,6.314565,-0.113653375
2049,0,Head,0.0146745789386,0.18237,6.43778,-0.11226575
2050,0,Head,0.0226487625438,-0.32250775,6.5613675,-0.072764775
2051,0,Head,0.014329623296,-0.181786,6.5609025,-0.1153905
2052,0,Head,0.0148375283703,-0.0618148575,6.6804575,-0.1317845
2053,0,Head,0.0130841249581,-0.327956,6.9237,-0.15338275
2054,0,Head,0.0132466768779,-0.0618553815,6.78887,-0.1621905
2055,0,Head,0.014329623296,0.181786,6.5609025,-0.1153905
2056,0,Head,0.0147036788205,0.0623676425,6.6804575,-0.1317845
2057,0,Head,0.0226481386171,0.32250775,6.5613675,-0.072764775
2058,0,Head,0.0210925327723,0.061566101,6.9165925,-0.217452
2059,0,Head,0.0132219336455,0.0619991185,6.78887,-0.1621905
2060,0,Head,0.0240364827271,0.2081206,6.93221,-0.2039296
2061,0,Head,0.0130841249581,0.327956,6.9237,-0.15338275
2062,0,Head,0.0243968705964,-0.3104264,7.294794,-0.3071982
2063,0,Head,0.0146738086302,-0.1847765,7.31614,-0.362566
2064,0,Head,0.0146738086302,0.1847765,7.31614,-0.362566
2065,0,Head,0.0237085352078,0.4819088,7.1855,-0.10609863
2066,0,Head,0.011526789738,0.53254425,7.2981375,-0.09108855
2067,0,Head,0.0214784702088,-0.5764865,7.6869325,-0.0742741875
2068,0,Head,0.0235123994932,-0.5675164,7.832332,-0.063373981362
2069,0,Head,0.0138410846403,-0.182494,7.68535,-0.37027625
2070,0,Head,0.0222878620601,-0.315214,7.8182125,-0.30348225
2071,0,Head,0.0216365663837,-0.1800158,7.83852,-0.3364356
2072,0,Head,0.0222332102757,-0.080707048,7.934838,-0.3159292
2073,0,Head,0.021655909628,0.32182125,7.685255,-0.32369025
2074,0,Head,0.0216365663837,0.1800158,7.83852,-0.3364356
2075,0,Head,0.0222878620601,0.315214,7.8182125,-0.30348225
2076,0,Head,0.0230249006234,0.468313,7.56306,-0.217433
2077,0,Head,0.0227111901744,0.4671915,7.6865225,-0.21687725
2078,0,Head,0.0214784702088,0.5764865,7.6869325,-0.0742741875
2079,0,Head,0.0239021195822,-0.064048255,8.2377125,-0.1088303
2080,0,Head,0.024168290299,0.063584245,8.2377125,-0.1088303
2081,0,Head,0.0254792072694,0.18951625,8.2302075,-0.089681615
2082,13,LFoot,0.0147493453195,-2.30954,-8.1409675,0.06337126515
2083,13,LFoot,0.0157145672855,-2.4324425,-8.124305,0.1880685
2084,13,LFoot,0.0139909096838,-2.19491,-8.13388,0.06120127565
2085,13,LFoot,0.0239767633849,-2.067412,-8.059554,0.2053816
2086,13,LFoot,0.0138579258963,-2.4305625,-8.1234175,0.313743
2087,13,LFoot,0.0148353573687,-2.3169075,-8.10392,0.437276
2088,16,RFoot,0.0139909096838,2.19491,-8.13388,0.06120127565
2089,16,RFoot,0.0239767633849,2.067412,-8.059554,0.2053816
2090,16,RFoot,0.0147493453195,2.30954,-8.1409675,0.06337126515
2091,16,RFoot,0.0157145672855,2.4324425,-8.124305,0.1880685
2092,16,RFoot,0.0138579258963,2.4305625,-8.1234175,0.313743
2093,16,RFoot,0.0148353573687,2.3169075,-8.10392,0.437276
2094,13,LFoot,0.0217663677359,-2.578735,-7.7953075,0.0625610625
2095,13,LFoot,0.0130591999226,-2.5971325,-7.9359525,0.18974025
2096,13,LFoot,0.0228489454488,-2.5801475,-7.7961525,0.18817675
2097,13,LFoot,0.0125380411354,-2.61064,-7.9368475,0.31374075
2098,13,LFoot,0.0247434619308,-2.5819725,-7.7964725,0.438186
2099,13,LFoot,0.023743925816,-2.58232,-7.79434,0.31324175
2100,13,LFoot,0.0148507514954,-1.914445,-7.689175,0.0664822375
2101,13,LFoot,0.0147102024381,-1.9042525,-7.5645325,0.19017275
2102,13,LFoot,0.0225368424902,-1.95407,-7.938092,0.3002866
2103,13,LFoot,0.0145565005723,-1.89053,-7.805725,0.43742
2104,13,LFoot,0.0145642257133,-1.898635,-7.5665625,0.31111825
2105,13,LFoot,0.0153699995772,-1.88659,-7.6883425,0.436913
2106,16,RFoot,0.0139215976643,1.9164525,-7.8075125,0.0644692625
2107,16,RFoot,0.0106594321433,1.92563,-7.905995,0.18744475
2108,16,RFoot,0.0121327994108,1.962425,-7.98478,0.18671975
2109,16,RFoot,0.0148507514954,1.914445,-7.689175,0.0664822375
2110,16,RFoot,0.0147102024381,1.9042525,-7.5645325,0.19017275
2111,16,RFoot,0.0225948491065,1.95407,-7.938092,0.3002866
2112,16,RFoot,0.0145565005723,1.89053,-7.805725,0.43742
2113,16,RFoot,0.0145642257133,1.898635,-7.5665625,0.31111825
2114,16,RFoot,0.0153699995772,1.88659,-7.6883425,0.436913
2115,16,RFoot,0.0109020012981,2.5590225,-7.670245,0.0593390525
2116,16,RFoot,0.0143224848639,2.54298,-7.55921,0.1964495
2117,16,RFoot,0.0102991870465,2.55654,-7.666465,0.18933375
2118,16,RFoot,0.0164088101841,2.5129675,-7.5578675,0.3117595
2119,16,RFoot,0.0115326973954,2.5260625,-7.664755,0.4363145
2120,16,RFoot,0.0111659153369,2.54324,-7.65985,0.31240475
2121,16,RFoot,0.0125380411354,2.61064,-7.9368475,0.31374075
2122,16,RFoot,0.0247333082223,2.5819725,-7.7964725,0.438186
2123,16,RFoot,0.023743925816,2.58232,-7.79434,0.31324175
2124,13,LFoot,0.0240550644142,-2.438156,-7.042886,0.1863988
2125,13,LFoot,0.0240838083636,-2.46128,-7.192886,0.2129208
2126,13,LFoot,0.0136446480747,-1.95423,-7.059085,0.19181075
2127,13,LFoot,0.0146795366071,-1.9404625,-7.176015,0.1883685
2128,13,LFoot,0.0309298117209,-2.041096,-7.296154,0.447478
2129,13,LFoot,0.0122022926781,-1.9612025,-7.29101,0.32673625
2130,13,LFoot,0.0215096991108,-2.1865075,-7.270315,0.48540275
2131,13,LFoot,0.0245982634372,-2.34022,-7.181718,0.3606156
2132,13,LFoot,0.0161866417749,-1.9894675,-7.1834575,0.3076055
2133,13,LFoot,0.0213340095002,-1.922062,-7.415548,0.3076172
2134,16,RFoot,0.0238183654124,1.9185375,-7.3096175,0.049084325
2135,16,RFoot,0.0133951986988,1.90825,-7.445655,0.19091075
2136,16,RFoot,0.0222871227847,1.923028,-7.31474,0.2111198
2137,16,RFoot,0.0213690185396,1.922062,-7.415548,0.3076172
2138,16,RFoot,0.0151455280936,2.5143625,-7.18982,0.05882268425
2139,16,RFoot,0.0240546046108,2.438156,-7.042886,0.1863988
2140,16,RFoot,0.024090961943,2.46128,-7.192886,0.2129208
2141,16,RFoot,0.0234526186844,2.46551,-7.440892,0.3395098
2142,16,RFoot,0.02696108063,2.433016,-7.29193,0.314617
2143,16,RFoot,0.0283069449065,2.325784,-7.311848,0.4498088
2144,16,RFoot,0.0245982634372,2.34022,-7.181718,0.3606156
2145,13,LFoot,0.0229639135793,-2.35382,-6.69206,0.2375336
2146,13,LFoot,0.0195202301873,-2.4296425,-6.692455,0.0802707392
2147,13,LFoot,0.0245037710771,-2.3553275,-6.56226,0.22265825
2148,13,LFoot,0.0232248811883,-2.301316,-6.794292,0.2989972
2149,13,LFoot,0.0132347625627,-2.1869375,-6.81429,0.3494945
2150,13,LFoot,0.0215282813932,-2.048025,-6.5623575,0.31842375
2151,13,LFoot,0.0156449745509,-1.870715,-6.68626,0.056496375
2152,13,LFoot,0.0249951174433,-1.9125725,-6.5614925,0.19629825
2153,16,RFoot,0.0221976195127,1.909552,-6.807898,0.089699672
2154,16,RFoot,0.0156448484881,1.870715,-6.68626,0.0564969025
2155,16,RFoot,0.0249965802011,1.9125725,-6.5614925,0.196299
2156,16,RFoot,0.02535120869,1.930596,-6.70743,0.186405
2157,16,RFoot,0.0117285811746,2.39124,-6.8112,0.20747475
2158,16,RFoot,0.0229691875001,2.35382,-6.69206,0.2375336
2159,16,RFoot,0.0195202432009,2.4296425,-6.692455,0.0802707392
2160,16,RFoot,0.0245037710771,2.3553275,-6.56226,0.22265825
2161,16,RFoot,0.0132347625627,2.1869375,-6.81429,0.3494945
2162,16,RFoot,0.0232261476512,2.301316,-6.794292,0.2989972
2163,16,RFoot,0.021353034811,2.218814,-6.692454,0.331979
2164,13,LFoot,0.0248617739515,-2.3484225,-6.18724,0.21780375
2165,13,LFoot,0.0211691915784,-2.0429875,-6.4393,0.32327325
2166,13,LFoot,0.0152646045784,-1.7329225,-6.065715,0.059869155
2167,13,LFoot,0.0226708402231,-1.774516,-6.181568,0.093725512
2168,16,RFoot,0.0260603207421,1.8987425,-6.440695,0.20759875
2169,16,RFoot,0.0236545146593,1.888832,-6.31182,0.233925
2170,16,RFoot,0.0245194066914,1.929855,-6.06114,0.3129695
2171,16,RFoot,0.0250588123845,2.34889,-6.3113575,0.2149685
2172,16,RFoot,0.0250211151651,2.3455425,-6.1868075,0.21616625
2173,16,RFoot,0.0242472708686,2.34589,-6.0619475,0.214345
2174,16,RFoot,0.0228276609281,2.2048975,-6.31155,0.327094
2175,16,RFoot,0.022443920244,2.2086,-6.4366925,0.327355
2176,16,RFoot,0.0230342407503,2.20167,-6.18718,0.33308175
2177,16,RFoot,0.0250435178136,2.2029275,-6.0623375,0.33633375
2178,12,LLeg,0.0233074156374,-2.3482275,-5.6892425,0.21432975
2179,12,LLeg,0.0102899337462,-1.72314,-5.69887,0.210002
2180,12,LLeg,0.0270681350152,-1.816916,-5.70907,0.3074694
2181,12,LLeg,0.0258271282144,-1.805875,-5.5623575,0.3267805
2182,15,RLeg,0.0240165797226,1.7820125,-5.9398925,0.202441
2183,15,RLeg,0.0270566469881,1.816916,-5.70907,0.3074694
2184,15,RLeg,0.0228992202138,2.3459325,-5.813295,0.21283825
2185,15,RLeg,0.0227877536805,2.3466575,-5.93699,0.211976
2186,15,RLeg,0.0233074157244,2.3482275,-5.6892425,0.21432975
2187,15,RLeg,0.0234152862441,2.35155,-5.5641525,0.21736175
2188,15,RLeg,0.0264580676037,2.2035475,-5.81296,0.34386275
2189,15,RLeg,0.0276108220343,2.20448,-5.6885,0.35157225
2190,12,LLeg,0.0271750426626,-2.3561525,-5.1860175,0.20295375
2191,12,LLeg,0.0266104627492,-2.22119,-5.3108375,0.364629
2192,12,LLeg,0.021419359595,-2.0658725,-5.31316,0.44400225
2193,12,LLeg,0.020839323341,-2.0771225,-5.1827775,0.446005
2194,12,LLeg,0.010211493719,-1.6069775,-5.32262,0.2054825
2195,12,LLeg,0.0224239199909,-1.654976,-5.43294,0.218189
2196,12,LLeg,0.0124126077412,-1.470505,-5.202945,0.074761535
2197,12,LLeg,0.0214235121259,-1.519302,-5.067202,0.2219066
2198,12,LLeg,0.0252410153343,-1.551872,-5.210296,0.1887344
2199,12,LLeg,0.0139137397329,-1.801815,-5.3162,0.39961
2200,12,LLeg,0.0253924329635,-1.785762,-5.435812,0.3499832
2201,12,LLeg,0.0265067572766,-1.694692,-5.33282,0.3053218
2202,12,LLeg,0.00846344517236,-1.787625,-5.1997875,0.41944575
2203,12,LLeg,0.02064314567,-1.902116,-5.181228,0.4620442
2204,12,LLeg,0.0261812933373,-1.80674,-5.08421,0.4532506
2205,12,LLeg,0.0256006897533,-1.676565,-5.1883875,0.3305035
2206,15,RLeg,0.0265067572766,1.694692,-5.33282,0.3053218
2207,15,RLeg,0.0139137397329,1.801815,-5.3162,0.39961
2208,15,RLeg,0.0219764220269,1.92075,-5.3176525,0.4420065
2209,15,RLeg,0.0256006897533,1.676565,-5.1883875,0.3305035
2210,15,RLeg,0.00846344517236,1.787625,-5.1997875,0.41944575
2211,15,RLeg,0.0205307598587,1.902116,-5.181228,0.4620442
2212,15,RLeg,0.0261812933373,1.80674,-5.08421,0.4532506
2213,15,RLeg,0.0262123811179,2.357795,-5.3124975,0.212778
2214,15,RLeg,0.027175048899,2.3561525,-5.1860175,0.20295375
2215,15,RLeg,0.0261931832251,2.3483725,-5.06179,0.20044925
2216,15,RLeg,0.0265953736207,2.22119,-5.3108375,0.364629
2217,15,RLeg,0.021419359595,2.0658725,-5.31316,0.44400225
2218,15,RLeg,0.0228049018715,2.2294575,-5.1859575,0.355537
2219,15,RLeg,0.020839323341,2.0771225,-5.1827775,0.446005
2220,12,LLeg,0.0245937437416,-2.317844,-4.666652,0.1853152
2221,12,LLeg,0.0238197960815,-2.0690925,-4.8124425,0.450388
2222,12,LLeg,0.024572302825,-2.213225,-4.68687,0.328849
2223,12,LLeg,0.0238546620333,-2.06667,-4.6875225,0.44894925
2224,12,LLeg,0.0234838805878,-1.78535,-4.932114,0.4714298
2225,12,LLeg,0.0145837782303,-1.931395,-4.68798,0.52008925
2226,12,LLeg,0.0147200640639,-1.8126875,-4.5699525,0.54438675
2227,12,LLeg,0.0145285305591,-1.816875,-4.6871125,0.5269805
2228,12,LLeg,0.0153176620514,-1.686725,-4.572935,0.52695925
2229,12,LLeg,0.0238113921251,-1.658,-4.685802,0.4760886
2230,12,LLeg,0.0117536532212,-1.3204525,-4.70467,0.07833625
2231,12,LLeg,0.024374167708,-1.29527333333,-4.573055,0.0743873183333
2232,12,LLeg,0.0112563970289,-1.32891,-4.577495,0.200791
2233,12,LLeg,0.0261387164546,-1.407554,-4.562682,0.3415908
2234,15,RLeg,0.0137243027309,1.3409325,-4.815725,0.0621423605
2235,15,RLeg,0.0264212184936,1.441876,-4.955306,0.1836568
2236,15,RLeg,0.0117536532212,1.3204525,-4.70467,0.07833625
2237,15,RLeg,0.0243730776619,1.29527333333,-4.573055,0.0743873183333
2238,15,RLeg,0.0112563970289,1.32891,-4.577495,0.200791
2239,15,RLeg,0.0261387164546,1.407554,-4.562682,0.3415908
2240,15,RLeg,0.0234720115403,1.78535,-4.932114,0.4714298
2241,15,RLeg,0.0140876643819,1.9323575,-4.8117275,0.5131385
2242,15,RLeg,0.0161523446465,1.8180375,-4.810565,0.50703375
2243,15,RLeg,0.0153176620514,1.686725,-4.572935,0.52695925
2244,15,RLeg,0.0238113921251,1.658,-4.685802,0.4760886
2245,15,RLeg,0.0145837782303,1.931395,-4.68798,0.52008925
2246,15,RLeg,0.0147200640639,1.8126875,-4.5699525,0.54438675
2247,15,RLeg,0.0145285305591,1.816875,-4.6871125,0.5269805
2248,15,RLeg,0.0234632379847,2.326855,-4.8143175,0.194058
2249,15,RLeg,0.00867124162492,2.2899975,-4.5497875,0.20846725
2250,15,RLeg,0.0245936025477,2.317844,-4.666652,0.1853152
2251,15,RLeg,0.0221441750493,2.21497,-4.8131925,0.3392665
2252,15,RLeg,0.0245718130382,2.213225,-4.68687,0.328849
2253,15,RLeg,0.0238550925781,2.06667,-4.6875225,0.44894925
2254,12,LLeg,0.0234036892387,-2.218888,-4.318994,0.2156572
2255,12,LLeg,0.0126558451456,-2.1453725,-4.0513925,0.1813495
2256,12,LLeg,0.0276364591955,-2.062152,-4.29378,0.4400546
2257,12,LLeg,0.0114871841364,-1.22829,-4.207875,0.1855665
2258,12,LLeg,0.0136729789771,-1.2198475,-4.2024975,0.06111336725
2259,12,LLeg,0.0257630512469,-1.30065333333,-4.32542333333,0.3235325
2260,12,LLeg,0.0124749344193,-1.346055,-4.4534175,0.324682
2261,12,LLeg,0.0147070493898,-1.23971,-4.1961575,0.309702
2262,12,LLeg,0.0129752749109,-1.2251,-4.07525,0.44275025
2263,12,LLeg,0.0281504170686,-1.30240333333,-4.200945,0.447549833333
2264,15,RLeg,0.0247816828446,1.29998333333,-4.448585,0.198481
2265,15,RLeg,0.0257986727765,1.30065333333,-4.32542333333,0.3235325
2266,15,RLeg,0.0124749344193,1.346055,-4.4534175,0.324682
2267,15,RLeg,0.0235905419851,1.400248,-4.320934,0.4749284
2268,15,RLeg,0.0281650322502,1.30240333333,-4.200945,0.447549833333
2269,15,RLeg,0.00889078257521,1.9661625,-4.3241275,0.5319985
2270,15,RLeg,0.00974969139621,2.03159,-4.1746975,0.46703025
2271,15,RLeg,0.0236557248125,2.303865,-4.4305825,0.0722336075
2272,15,RLeg,0.0250238631195,2.18324,-4.17925,0.1925905
2273,15,RLeg,0.0126558451456,2.1453725,-4.0513925,0.1813495
2274,15,RLeg,0.0226402622057,2.2118775,-4.1746725,0.06088326
2275,15,RLeg,0.0276397725763,2.062152,-4.29378,0.4400546
2276,15,RLeg,0.0250937057156,2.0959875,-4.0601975,0.33228125
2277,12,LLeg,0.0134649521116,-2.1099075,-3.9435975,0.1814305
2278,12,LLeg,0.0229734887266,-2.070454,-3.816406,0.2064046
2279,12,LLeg,0.013489244749,-1.082635,-3.8242,0.1867135
2280,12,LLeg,0.0131811525092,-1.0247175,-3.554535,0.1914485
2281,12,LLeg,0.022908112375,-1.053536,-3.685778,0.16587016
2282,12,LLeg,0.0138051954864,-1.0845175,-3.8218675,0.31124075
2283,12,LLeg,0.0210294008078,-1.045444,-3.554908,0.3409096
2284,12,LLeg,0.023750584829,-1.0639175,-3.69469,0.32341425
2285,15,RLeg,0.0138051954864,1.0845175,-3.8218675,0.31124075
2286,15,RLeg,0.013552057474,2.0316425,-3.67844,0.0631319425
2287,15,RLeg,0.0150437159016,2.0123275,-3.5613875,0.18856275
2288,15,RLeg,0.0143671407821,2.035175,-3.67864,0.18619275
2289,15,RLeg,0.023452627461,1.98301,-3.815106,0.4677884
2290,15,RLeg,0.0116157125091,2.04601,-3.79989,0.3234085
2291,15,RLeg,0.0141274350199,2.008635,-3.5618125,0.305744
2292,15,RLeg,0.0232978385595,1.9771725,-3.68633,0.45275375
2293,15,RLeg,0.0149625284231,2.0259025,-3.68511,0.306556
2294,15,RLeg,0.025358303115,2.073788,-3.918528,0.3151398
2295,12,LLeg,0.0152157291224,-0.9758495,-3.19225,0.0641469805
2296,12,LLeg,0.0142990673132,-0.961195,-3.1982875,0.1867965
2297,12,LLeg,0.0154501899523,-1.01573975,-3.4345875,0.309271
2298,12,LLeg,0.0148959604573,-1.0088885,-3.3084825,0.430262
2299,12,LLeg,0.0148191012111,-0.99295225,-3.3123725,0.3107195
2300,12,LLeg,0.0139932285403,-0.98038775,-3.19019,0.435365
2301,12,LLeg,0.0142477364811,-0.96891,-3.19744,0.31423625
2302,12,LLeg,0.0240772625865,-0.9281766,-3.061396,0.16664042
2303,15,RLeg,0.0137700529826,1.9601125,-3.1929175,0.1956465
2304,15,RLeg,0.0140989358553,1.9960125,-3.4375825,0.30578125
2305,15,RLeg,0.0234003076211,1.949,-3.3143275,0.451998
2306,15,RLeg,0.0138495773514,1.98177,-3.314025,0.3060435
2307,15,RLeg,0.0204454665786,1.94882666667,-3.063595,0.349658333333
2308,15,RLeg,0.0232727749324,1.941108,-3.17125,0.4401118
2309,15,RLeg,0.0141959253483,1.9646075,-3.191235,0.30923175
2310,12,LLeg,0.0108955395923,-1.9302825,-2.696715,0.16489375
2311,12,LLeg,0.014084943468,-0.8399,-2.6973925,0.0659742
2312,12,LLeg,0.02369084772,-0.8120136,-2.558482,0.04774794
2313,12,LLeg,0.0200982304463,-0.80442825,-2.569925,0.189212
2314,12,LLeg,0.0143168788221,-0.90317925,-2.929435,0.310918
2315,12,LLeg,0.0144553904987,-0.88672025,-2.8088125,0.43342625
2316,12,LLeg,0.0150967212483,-0.8583625,-2.68981,0.4381585
2317,15,RLeg,0.0151825466344,0.86972375,-2.810825,0.06881486
2318,15,RLeg,0.0146304696031,0.8917105,-2.9297775,0.19034525
2319,15,RLeg,0.014084943468,0.8399,-2.6973925,0.0659742
2320,15,RLeg,0.0143168788221,0.90317925,-2.929435,0.310918
2321,15,RLeg,0.0144553904987,0.88672025,-2.8088125,0.43342625
2322,15,RLeg,0.0150967212483,0.8583625,-2.68981,0.4381585
2323,15,RLeg,0.0120122033912,1.931035,-2.812175,0.16394725
2324,15,RLeg,0.0108955395923,1.9302825,-2.696715,0.16489375
2325,15,RLeg,0.0216774193738,1.936814,-2.578804,0.19084008
2326,15,RLeg,0.0130327383918,1.950545,-2.80723,0.433306
2327,15,RLeg,0.0140927874037,1.9530275,-2.5597,0.318899
2328,15,RLeg,0.0136468994787,1.95492,-2.6857625,0.4338495
2329,15,RLeg,0.0208929464285,1.946692,-2.680388,0.2888546
2330,12,LLeg,0.0149402328738,-0.7153145,-2.1926075,0.187519
2331,12,LLeg,0.0139538561474,-0.701852,-2.075615,0.0639148525
2332,12,LLeg,0.0144331610594,-0.7260575,-2.189905,0.068060535
2333,12,LLeg,0.0151480822314,-0.749374,-2.3107325,0.31050225
2334,12,LLeg,0.014321617338,-0.77838125,-2.4290275,0.30744175
2335,12,LLeg,0.014745181551,-0.76780875,-2.30771,0.43057875
2336,12,LLeg,0.0149806416346,-0.7229485,-2.1920925,0.312304
2337,12,LLeg,0.0147695191768,-0.71835025,-2.07336,0.43882175
2338,12,LLeg,0.0133758630637,-0.69942575,-2.082895,0.31383275
2339,12,LLeg,0.0148842016621,-0.74388575,-2.1895575,0.435248
2340,15,RLeg,0.0242190712455,0.801673666667,-2.44588333333,0.4461025
2341,15,RLeg,0.0239774754837,1.9416725,-2.062615,0.16514415
2342,15,RLeg,0.0142125692781,1.955005,-2.4362775,0.318066
2343,15,RLeg,0.0148256069836,1.959445,-2.3121525,0.43518675
2344,15,RLeg,0.0144077228826,1.9566775,-2.3121625,0.318079
2345,15,RLeg,0.0144996420385,1.9586625,-2.06269,0.31844625
2346,15,RLeg,0.0151558637129,1.96143,-2.1872825,0.4368605
2347,15,RLeg,0.0145007520893,1.9579475,-2.1874175,0.31822325
2348,12,LLeg,0.0109939391337,-1.929565,-1.6749675,0.16274925
2349,4,Pelvis,0.0136108398887,-0.62416925,-1.8082825,0.188991
2350,4,Pelvis,0.0121130926212,-0.5958125,-1.7074025,0.187994
2351,4,Pelvis,0.020914702681,-0.560806,-1.5733975,0.18915875
2352,4,Pelvis,0.013931364797,-0.632109,-1.8073975,0.311225
2353,4,Pelvis,0.0145308788252,-0.60203675,-1.696645,0.311667
2354,4,Pelvis,0.0121130926212,0.5958125,-1.7074025,0.187994
2355,4,Pelvis,0.020914702681,0.560806,-1.5733975,0.18915875
2356,4,Pelvis,0.013931364797,0.632109,-1.8073975,0.311225
2357,4,Pelvis,0.0145308788252,0.60203675,-1.696645,0.311667
2358,15,RLeg,0.0109939391337,1.929565,-1.6749675,0.16274925
2359,15,RLeg,0.0143278819453,1.958465,-1.9386525,0.318801
2360,15,RLeg,0.0151891576474,1.9666575,-1.8127225,0.43818525
2361,15,RLeg,0.0144077753981,1.9572,-1.8150025,0.31955675
2362,15,RLeg,0.0209661210936,1.9493175,-1.560805,0.30022625
2363,15,RLeg,0.0148748375133,1.9683925,-1.6878375,0.439966
2364,15,RLeg,0.0214007115937,1.950906,-1.693484,0.2896956
2365,12,LLeg,0.0143922835057,-1.9105175,-1.188325,0.1770365
2366,4,Pelvis,0.014505929871,-0.48068625,-1.196715,0.0666738
2367,4,Pelvis,0.0127338949249,-0.4657255,-1.207835,0.18853725
2368,4,Pelvis,0.0141894256082,-0.52933825,-1.429325,0.30771525
2369,4,Pelvis,0.0146676123408,-0.5091995,-1.31102,0.43298875
2370,4,Pelvis,0.0145125410558,-0.499252,-1.31427,0.310841
2371,4,Pelvis,0.0144772013137,-0.4772105,-1.19741,0.43639975
2372,4,Pelvis,0.0132077012561,-0.46818375,-1.206785,0.31233025
2373,4,Pelvis,0.0221431254624,-0.41594025,-1.07250575,0.18954125
2374,4,Pelvis,0.0222484581619,-0.421444,-1.07281275,0.31175625
2375,4,Pelvis,0.0221430979981,0.41594025,-1.07250575,0.18954125
2376,4,Pelvis,0.0222484581619,0.421444,-1.07281275,0.31175625
2377,15,RLeg,0.0130304921681,1.913705,-1.31276,0.16898275
2378,15,RLeg,0.0143922835057,1.9105175,-1.188325,0.1770365
2379,15,RLeg,0.014301063111,1.96447,-1.313685,0.44306925
2380,15,RLeg,0.0205727900619,1.9399225,-1.31394,0.3031595
2381,15,RLeg,0.0141517423813,1.95926,-1.19091,0.4440815
2382,15,RLeg,0.022108023599,1.937032,-1.171454,0.3153292
2383,11,LThigh,0.0146768960609,-1.879695,-0.68653875,0.184735
2384,6,LArm,0.017168390409,-1.91525,-0.81045925,0.30497275
2385,6,LArm,0.0164724114107,-1.904195,-0.68272825,0.30480225
2386,4,Pelvis,0.0123274967708,-0.241921,-0.579622,0.0643210325
2387,4,Pelvis,0.0232954444587,-0.3003602,-0.6925254,0.041369284
2388,4,Pelvis,0.0110620827841,-0.23426025,-0.57792575,0.18868475
2389,4,Pelvis,0.0140721217503,-0.36950275,-0.93607175,0.311536
2390,4,Pelvis,0.0127921917893,-0.34572575,-0.83299075,0.43869975
2391,4,Pelvis,0.0126455122838,-0.240992,-0.566661,0.4331835
2392,4,Pelvis,0.0109764969135,-0.231722,-0.577582,0.31165425
2393,4,Pelvis,0.0135333720585,0.34541875,-0.82320775,0.06282544
2394,4,Pelvis,0.0136272255353,0.36301075,-0.934417,0.1888305
2395,4,Pelvis,0.0140721217503,0.36950275,-0.93607175,0.311536
2396,4,Pelvis,0.0127921917893,0.34572575,-0.83299075,0.43869975
2397,14,RThigh,0.0149096752068,1.88946,-0.810954,0.18071525
2398,14,RThigh,0.0146768960609,1.879695,-0.68653875,0.184735
2399,9,RArm,0.017168390409,1.91525,-0.81045925,0.30497275
2400,9,RArm,0.0164724114107,1.904195,-0.68272825,0.30480225
2401,5,LShoulder,0.0138852380794,-1.847445,-0.320914,0.31959775
2402,5,LShoulder,0.0225126873615,-1.815368,-0.19184864,0.2958912
2403,8,RShoulder,0.0228191177018,1.817758,-0.295102,0.18979922
2404,8,RShoulder,0.0123490957979,1.791795,-0.1767205,0.17682825
2405,8,RShoulder,0.0145314957363,1.7456575,-0.06332376675,0.0677572225
2406,8,RShoulder,0.015222786427,1.76674,-0.18692825,0.063530825
2407,8,RShoulder,0.015872797361,1.771955,-0.06037203175,0.18715275
2408,8,RShoulder,0.0138852380794,1.847445,-0.320914,0.31959775
2409,8,RShoulder,0.0142173386269,1.79527,-0.041768175,0.4398665
2410,8,RShoulder,0.0144555404864,1.7886925,-0.052037305,0.3120755
2411,8,RShoulder,0.0225126847381,1.815368,-0.19184864,0.2958912
2412,8,RShoulder,0.014345200522,1.7303075,0.310964,0.19355775
2413,8,RShoulder,0.0234266823593,1.690802,0.4566688,0.063143032
2414,8,RShoulder,0.0147156637936,1.7190275,0.435545,0.19416975
2415,8,RShoulder,0.0156017078693,1.75073,0.187665,0.312705
2416,8,RShoulder,0.0154017420385,1.7718925,0.0692358,0.4396665
2417,8,RShoulder,0.0153773831413,1.767565,0.065067745,0.3122385
2418,8,RShoulder,0.0155353499682,1.75237,0.18853075,0.43782325
2419,8,RShoulder,0.0155277691092,1.7376025,0.312246,0.31296375
2420,8,RShoulder,0.0147732491459,1.723165,0.435785,0.4339235
2421,8,RShoulder,0.0152961469352,1.72496,0.43695325,0.31343425
2422,8,RShoulder,0.015415536011,1.7366675,0.311906,0.43614625
2423,5,LShoulder,0.0108290385438,-1.6550775,0.68899375,0.0371791175
2424,5,LShoulder,0.0229506413513,-1.680765,0.81663125,0.17952005
2425,5,LShoulder,0.0133477715006,-1.64713,0.811674,0.0533549625
2426,5,LShoulder,0.014767583605,-1.6708375,0.947108,0.18763975
2427,5,LShoulder,0.0200775041223,-1.697516,0.6780392,0.459575
2428,5,LShoulder,0.0184731890939,-1.6961925,0.8190685,0.3127275
2429,5,LShoulder,0.0132176096245,-1.6845625,0.9549225,0.31131175
2430,8,RShoulder,0.0229063200355,1.6809,0.81647025,0.1795173
2431,8,RShoulder,0.0133474487784,1.647115,0.81167025,0.05335881
2432,8,RShoulder,0.0148313268329,1.6711175,0.9469595,0.187634
2433,8,RShoulder,0.0128064973301,1.70582,0.68007975,0.314365
2434,8,RShoulder,0.01437657119,1.7113725,0.55890075,0.431423
2435,8,RShoulder,0.0146375661984,1.714225,0.56097925,0.3143465
2436,8,RShoulder,0.0200775041223,1.697516,0.6780392,0.459575
2437,8,RShoulder,0.0183954729076,1.6965,0.81874625,0.31271375
2438,8,RShoulder,0.0133488800937,1.685405,0.95460025,0.3115595
2439,5,LShoulder,0.0239575007768,-1.583535,1.18696,0.04548245
2440,5,LShoulder,0.0148494200358,-1.6559475,1.064325,0.190664
2441,5,LShoulder,0.0251708939956,-1.566056,1.330272,0.063537946
2442,5,LShoulder,0.0258049549266,-1.58172333333,1.44892833333,0.17576235
2443,5,LShoulder,0.0148705109417,-1.67325,1.0692475,0.3112215
2444,5,LShoulder,0.0155155234772,-1.661065,1.191045,0.43905975
2445,5,LShoulder,0.0150139640761,-1.6197,1.429605,0.31650975
2446,5,LShoulder,0.0153402460474,-1.647345,1.311875,0.4372395
2447,8,RShoulder,0.0258082166695,1.58172333333,1.44892833333,0.17576235
2448,8,RShoulder,0.0149501852151,1.67383,1.0692475,0.31148225
2449,8,RShoulder,0.0155155234772,1.661065,1.191045,0.43905975
2450,8,RShoulder,0.0150137762885,1.6197,1.429605,0.316509
2451,8,RShoulder,0.0153412964619,1.647345,1.3118775,0.43724125
2452,8,RShoulder,0.0260860950854,1.433556,1.809154,0.1690451
2453,3,Back,0.0279235316597,1.34220333333,1.96452,0.16971535
2454,8,RShoulder,0.00967576516094,1.53152,1.7070225,0.43753175
2455,8,RShoulder,0.0123587076387,1.5254275,1.6962475,0.3123095
2456,8,RShoulder,0.0238399163876,1.4627225,1.825455,0.31376075
2457,3,Back,0.0271793703148,-1.18262666667,2.19176833333,0.186196166667
2458,3,Back,0.0271434698584,-1.17854833333,2.06945833333,0.06491138
2459,3,Back,0.0263033482426,-1.0663505,2.19331666667,0.0657192166667
2460,2,Chest,0.0239300908328,-1.19216,2.44830166667,0.427642666667
2461,3,Back,0.0281439855661,0.956676833333,2.32782666667,0.0501299166667
2462,3,Back,0.0144607298243,1.258705,2.1949325,0.3160015
2463,2,Chest,0.0127922902144,1.285345,2.2105725,0.4361845
2464,3,Back,0.0267880571207,1.18850333333,2.32176666667,0.3043415
2465,3,Back,0.0226256929349,1.110158,2.444696,0.2737992
2466,2,Chest,0.0239310135174,1.19216,2.44830166667,0.427642666667
2467,2,Chest,0.0146345415532,1.244865,2.315265,0.44144075
2468,2,Chest,0.0131626694842,-1.1411575,2.68926,0.431523
2469,2,Chest,0.0145955900585,-1.1346075,2.8131025,0.43857175
2470,3,Back,0.0216016794572,0.9722198,2.938542,0.14741112
2471,3,Back,0.0214622407986,0.958196,2.810215,0.16636525
2472,3,Back,0.023523144096,1.08242,2.56629,0.301246
2473,2,Chest,0.0131626694842,1.1411575,2.68926,0.431523
2474,2,Chest,0.0145955900585,1.1346075,2.8131025,0.43857175
2475,5,LShoulder,0.0267287459573,-3.6856725,3.0554875,0.45482675
2476,5,LShoulder,0.0238127955225,-3.559585,3.440645,0.30931025
2477,5,LShoulder,0.0097618330693,-3.668245,3.3228525,0.42370975
2478,5,LShoulder,0.0234221944165,-3.190325,3.1556725,0.164726325
2479,5,LShoulder,0.0257158536627,-2.9284125,3.300335,0.04872814175
2480,5,LShoulder,0.0246064042551,-2.77609,3.382365,0.06083481675
2481,3,Back,0.0242422433573,-1.092918,3.065364,0.2853116
2482,2,Chest,0.00999869201085,-1.1731825,3.162865,0.421167
2483,3,Back,0.0242305402495,1.092918,3.065364,0.2853116
2484,2,Chest,0.00999869201085,1.1731825,3.162865,0.421167
2485,2,Chest,0.0147937056057,1.2560525,3.4412425,0.43983025
2486,3,Back,0.0149311246856,1.236555,3.4452025,0.31834475
2487,2,Chest,0.0226177685286,1.216152,3.287574,0.4412878
2488,8,RShoulder,0.0258818792442,2.9284125,3.300335,0.04872814175
2489,8,RShoulder,0.0246686786932,2.77609,3.382365,0.06083481675
2490,8,RShoulder,0.023954470505,3.3129475,3.1644925,0.157412525
2491,8,RShoulder,0.0228366360314,3.4646825,3.433515,0.1678513
2492,8,RShoulder,0.0279929881715,3.456988,3.059936,0.3096638
2493,8,RShoulder,0.0273456337312,3.696274,3.20883,0.435946
2494,8,RShoulder,0.0238127955225,3.559585,3.440645,0.30931025
2495,8,RShoulder,0.0097618330693,3.668245,3.3228525,0.42370975
2496,3,Back,0.0243432688208,-3.2320175,3.84609,0.18355525
2497,3,Back,0.0222995010231,-3.1148225,3.9852325,0.18590325
2498,5,LShoulder,0.0220131209344,-3.3617,3.7331,0.3053345
2499,5,LShoulder,0.0263619252687,-3.3562425,3.7413575,0.43181375
2500,3,Back,0.0234117448405,-3.23747,3.86211,0.312368
2501,3,Back,0.0237755263407,-3.1164175,3.9896375,0.31675875
2502,5,LShoulder,0.0172686825,-2.80708,3.80557,0.55217475
2503,5,LShoulder,0.0228645598909,-2.56562,3.787582,0.4275222
2504,5,LShoulder,0.0116176858814,-2.474785,3.795625,0.32712625
2505,5,LShoulder,0.016941756433,-2.6800025,3.8005175,0.51567275
2506,5,LShoulder,0.0249008223335,-2.384455,3.7662875,0.0666694525
2507,3,Back,0.0235498111472,-2.2689175,3.89722,0.06458519
2508,3,Back,0.026025356434,-2.298092,3.927954,0.2101682
2509,3,Back,0.0257953620502,-2.39704,3.90639666667,0.33904
2510,3,Back,0.0122166522034,1.278855,3.7962425,0.0513786575
2511,3,Back,0.026959823714,1.33264,3.92157333333,0.048820065
2512,3,Back,0.0130162371568,1.3018925,3.6656675,0.31214225
2513,2,Chest,0.0149837125726,1.28331,3.557765,0.43793975
2514,3,Back,0.0146885254058,1.2707375,3.5598275,0.3143705
2515,8,RShoulder,0.0249008223335,2.384455,3.7662875,0.0666694525
2516,3,Back,0.0235502754828,2.2689175,3.89722,0.06458519
2517,8,RShoulder,0.0157959846376,2.9318875,3.6876125,0.552436
2518,8,RShoulder,0.0162893022896,2.809395,3.6868375,0.5189095
2519,8,RShoulder,0.0228723128749,2.56562,3.787582,0.4275222
2520,8,RShoulder,0.016941756433,2.6800025,3.8005175,0.51567275
2521,8,RShoulder,0.0172686825,2.80708,3.80557,0.55217475
2522,8,RShoulder,0.0260041601401,3.336138,3.69899,0.16335578
2523,3,Back,0.0243339108058,3.2320175,3.84609,0.18355525
2524,3,Back,0.0222994671542,3.1148225,3.9852325,0.18590325
2525,3,Back,0.0259842481504,3.1849525,3.825065,0.0508697325
2526,8,RShoulder,0.0220004999894,3.3617,3.7331,0.3053345
2527,8,RShoulder,0.022407367825,3.4785675,3.5900375,0.3086925
2528,8,RShoulder,0.0263619252687,3.3562425,3.7413575,0.43181375
2529,3,Back,0.0234117448405,3.23747,3.86211,0.312368
2530,3,Back,0.0237749220139,3.1164175,3.9896375,0.31675875
2531,3,Back,0.0226176907935,-2.845215,4.33283,0.18461375
2532,3,Back,0.0236140754023,-2.7216,4.46686,0.067375
2533,3,Back,0.0223424911626,-2.733085,4.47923,0.18811375
2534,2,Chest,0.0215186054636,-2.697035,4.1975425,0.54358125
2535,3,Back,0.0250134923419,-2.834874,4.329112,0.3265844
2536,2,Chest,0.0212545663367,-2.5766775,4.325505,0.53904225
2537,3,Back,0.0107359524169,-1.9802275,4.293805,0.19684775
2538,2,Chest,0.0288860160553,-2.28897666667,4.168375,0.453471
2539,3,Back,0.0261939687351,-2.167975,4.168375,0.328529833333
2540,2,Chest,0.0204288635069,-2.4337575,4.311215,0.55070675
2541,2,Chest,0.01737077197,-2.3060875,4.432885,0.55037225
2542,2,Chest,0.0162744331295,-2.3012925,4.3060025,0.52392075
2543,2,Chest,0.017231207041,-2.17975,4.4318125,0.5131405
2544,3,Back,0.0277661519219,-2.051425,4.29725333333,0.321556
2545,2,Chest,0.0272031886597,-2.169405,4.297345,0.4451955
2546,3,Back,0.024236226269,-1.921978,4.305352,0.085247396
2547,3,Back,0.0264869717343,-1.805302,4.433444,0.082471588
2548,3,Back,0.0214103530101,-1.891728,4.399182,0.1918314
2549,3,Back,0.0237370411901,-1.9488675,4.4288775,0.31751525
2550,3,Back,0.0143652303553,-1.412765,4.184805,0.32239375
2551,3,Back,0.0102150627732,-1.4256725,4.297665,0.33641625
2552,3,Back,0.0133871414561,1.4821275,4.316955,0.064035305
2553,3,Back,0.0149039863999,1.4970075,4.432605,0.18219225
2554,3,Back,0.0203170658178,1.459062,4.318904,0.2129142
2555,3,Back,0.0143652303553,1.412765,4.184805,0.32239375
2556,3,Back,0.0102150627732,1.4256725,4.297665,0.33641625
2557,3,Back,0.024236226269,1.921978,4.305352,0.085247396
2558,3,Back,0.0264875363963,1.805302,4.433444,0.082471588
2559,3,Back,0.0214111352104,1.891728,4.399182,0.1918314
2560,3,Back,0.0261902389346,2.167975,4.168375,0.328529833333
2561,2,Chest,0.0165906389711,2.419305,4.17664,0.53137775
2562,2,Chest,0.017231207041,2.17975,4.4318125,0.5131405
2563,2,Chest,0.0204288635069,2.4337575,4.311215,0.55070675
2564,2,Chest,0.01737077197,2.3060875,4.432885,0.55037225
2565,2,Chest,0.0162744331295,2.3012925,4.3060025,0.52392075
2566,3,Back,0.0226184351948,2.845215,4.33283,0.18461375
2567,2,Chest,0.0168350175306,2.8344475,4.0798075,0.5410595
2568,3,Back,0.0255500340288,2.947374,4.191786,0.3288636
2569,2,Chest,0.0328901255847,2.84538666667,4.216445,0.453194333333
2570,2,Chest,0.0212545663367,2.5766775,4.325505,0.53904225
2571,2,Chest,0.0322521641497,2.72522333333,4.34605166667,0.4578975
2572,3,Back,0.0250134923419,2.834874,4.329112,0.3265844
2573,1,Neck,0.0251962995,-2.567836,4.688882,0.047067772
2574,1,Neck,0.00970994210558,-2.65767,4.58426,0.18985575
2575,1,Neck,0.0121999569859,-2.64739,4.576215,0.31080725
2576,1,Neck,0.0291253437599,-2.564848,4.69078,0.330099
2577,1,Neck,0.0171773115569,-2.1755225,4.553625,0.5419
2578,1,Neck,0.0186856674524,-2.0480825,4.6748525,0.531541
2579,1,Neck,0.018369548188,-2.1780075,4.6820625,0.55115
2580,1,Neck,0.0281616827688,-2.318004,4.961054,0.4367518
2581,1,Neck,0.028837206284,-2.34967,4.814718,0.4718338
2582,1,Neck,0.0168272871626,-2.05952,4.80485,0.5499825
2583,1,Neck,0.0138761632036,-2.1957825,4.9403775,0.52081425
2584,1,Neck,0.0153693877036,-2.1856725,4.814305,0.540624
2585,1,Neck,0.00858283154269,-1.685465,4.5943325,0.2062955
2586,1,Neck,0.0252554311329,-1.577465,4.55316,0.194487833333
2587,1,Neck,0.0200687996525,-1.798798,4.63812,0.3523826
2588,1,Neck,0.024388012427,-1.679534,4.66499,0.334701
2589,1,Neck,0.0262404717351,-1.58003833333,4.68261666667,0.4448715
2590,1,Neck,0.0141498586193,-1.9312325,4.7871725,0.533656
2591,1,Neck,0.0195867922636,-1.815232,4.760366,0.4820514
2592,1,Neck,0.0191638614681,-1.694208,4.763654,0.4814256
2593,1,Neck,0.021918910191,1.78566666667,4.532805,0.208579
2594,1,Neck,0.0241328152821,1.679534,4.66499,0.334701
2595,1,Neck,0.0200806248652,1.798798,4.63812,0.3523826
2596,1,Neck,0.0141498586193,1.9312325,4.7871725,0.533656
2597,1,Neck,0.0129156397945,2.50764,4.8173125,0.06692522
2598,1,Neck,0.0248199682552,2.452678,4.940028,0.2104472
2599,1,Neck,0.0106346519642,2.51827,4.830615,0.18642975
2600,1,Neck,0.029716641358,2.45945833333,4.70685333333,0.453971333333
2601,1,Neck,0.0199030283339,2.31352,4.689135,0.534408
2602,1,Neck,0.0168272871626,2.05952,4.80485,0.5499825
2603,1,Neck,0.0138761632036,2.1957825,4.9403775,0.52081425
2604,1,Neck,0.0153693877036,2.1856725,4.814305,0.540624
2605,1,Neck,0.0121999569859,2.64739,4.576215,0.31080725
2606,1,Neck,0.0214154595069,-2.07329,5.4539275,0.1874215
2607,1,Neck,0.0251523352467,-2.184066,5.30932,0.3265678
2608,1,Neck,0.025753269114,-2.066358,5.437286,0.3291338
2609,1,Neck,0.0250966823089,-2.09621666667,5.33636,0.454655333333
2610,1,Neck,0.0106665856593,-1.968255,5.5293825,0.32369325
2611,1,Neck,0.0106665856593,1.968255,5.5293825,0.32369325
2612,1,Neck,0.0239492669141,2.3556825,5.0941525,0.0660750775
2613,1,Neck,0.0221809908697,2.2015075,5.3158475,0.18758375
2614,1,Neck,0.0214147693207,2.07329,5.4539275,0.1874215
2615,1,Neck,0.0276403610901,2.191062,5.312856,0.0427726098
2616,1,Neck,0.0132000045167,2.271995,5.19777,0.31071075
2617,1,Neck,0.0240152481523,2.231768,5.059684,0.4714126
2618,1,Neck,0.0251523352467,2.184066,5.30932,0.3265678
2619,1,Neck,0.0257525439972,2.066358,5.437286,0.3291338
2620,1,Neck,0.021607577617,-1.682594,5.690954,0.2046142
2621,1,Neck,0.013021932611,-1.554075,5.7223925,0.0686935
2622,1,Neck,0.0127199748161,-1.555315,5.7223825,0.1802385
2623,1,Neck,0.0162165082419,-1.689505,5.65215,0.44113475
2624,1,Neck,0.0214695074098,-1.06257325,5.692675,0.0824244475
2625,1,Neck,0.0110769437931,-1.0627825,5.6618775,0.21490175
2626,1,Neck,0.0210215352097,-1.192436,5.692096,0.089848632
2627,1,Neck,0.0145753817676,-1.310225,5.6520425,0.43228325
2628,1,Neck,0.0143196846381,-1.0628175,5.634815,0.31657975
2629,1,Neck,0.0141155136636,-1.187885,5.6266975,0.43158025
2630,1,Neck,0.0232915728777,-0.6900874,5.728168,0.2193026
2631,1,Neck,0.00972800952026,-0.7042035,5.7877325,0.076457885
2632,1,Neck,0.0108695468899,-0.5910055,5.78607,0.2032595
2633,1,Neck,0.0153163233066,-0.93951875,5.6304675,0.3144485
2634,1,Neck,0.0232822926696,-0.6907845,5.583385,0.45215925
2635,0,Head,0.0245353280446,-0.4400854,5.830852,0.4330068
2636,0,Head,0.0149138019311,0.511366,5.9421175,0.1866625
2637,0,Head,0.00860373164799,0.53634475,5.8431475,0.2008815
2638,0,Head,0.0233972362107,0.4609942,5.93345,0.34
2639,0,Head,0.0245487761786,0.4400854,5.830852,0.4330068
2640,0,Head,0.0137251427294,0.50612,5.8234575,0.30833325
2641,1,Neck,0.0256532409444,0.8340538,5.698556,0.1905322
2642,1,Neck,0.0228317724011,0.9340822,5.708158,0.090955048
2643,1,Neck,0.00979778556627,0.9506655,5.6676775,0.215616
2644,1,Neck,0.0155828903404,0.81332825,5.7526075,0.0587176125
2645,0,Head,0.0232254254162,0.602059333333,5.84844333333,0.08003138
2646,1,Neck,0.0153163233066,0.93951875,5.6304675,0.3144485
2647,1,Neck,0.0224807856773,0.8118955,5.570465,0.452
2648,1,Neck,0.0232564572892,1.302355,5.691155,0.196356833333
2649,1,Neck,0.0133905906882,1.437005,5.724005,0.067390725
2650,1,Neck,0.013922368265,1.3150275,5.70713,0.063092875
2651,1,Neck,0.0134835793668,1.4404125,5.72133,0.17878325
2652,1,Neck,0.0143196846381,1.0628175,5.634815,0.31657975
2653,1,Neck,0.0141155136636,1.187885,5.6266975,0.43158025
2654,1,Neck,0.0145753817676,1.310225,5.6520425,0.43228325
2655,1,Neck,0.0234512949988,1.420662,5.69889,0.3059782
2656,1,Neck,0.0172985164854,1.8263475,5.6461025,0.065674895
2657,1,Neck,0.0220040907434,1.945728,5.569222,0.209303
2658,1,Neck,0.0162165082419,1.689505,5.65215,0.44113475
2659,0,Head,0.0143002886065,0.45428975,6.439175,0.19373875
2660,0,Head,0.0142189564547,0.45186875,6.3133525,0.189333
2661,0,Head,0.01472089965,0.4585135,6.4424025,0.309297
2662,0,Head,0.0221897364502,-0.5781022,6.935846,0.2901376
2663,0,Head,0.0238556743812,0.4608386,6.814376,0.0339384
2664,0,Head,0.0126668525546,0.54188075,6.9226125,0.1733395
2665,0,Head,0.0158534462816,0.515898,6.8071775,0.185724
2666,0,Head,0.0146587875443,0.48187075,6.56352,0.3108335
2667,0,Head,0.0147041611569,0.52036625,6.67843,0.43117875
2668,0,Head,0.0147549402317,0.50768725,6.6807575,0.30931375
2669,0,Head,0.0104420490776,0.5519985,6.7831925,0.419887
2670,0,Head,0.0146312771756,0.53828125,6.7967,0.30646275
2671,0,Head,0.0221954858516,0.5781022,6.935846,0.2901376
2672,0,Head,0.0245026936433,-0.579944,7.05007166667,0.175273616667
2673,0,Head,0.0143450465543,-0.62934625,7.0615975,0.3100435
2674,0,Head,0.0231513581007,0.6884112,7.420566,0.1914157
2675,0,Head,0.0143450465543,0.62934625,7.0615975,0.3100435
2676,0,Head,0.0149009321057,0.73340425,7.439105,0.439516
2677,0,Head,0.0140120748707,0.72253025,7.4421625,0.32080325
2678,0,Head,0.0176333109113,0.734412,7.315075,0.4455865
2679,0,Head,0.0237056401916,-0.696046,7.706168,0.1869844
2680,0,Head,0.0143639534784,-0.646947,7.6872825,0.0524843125
2681,0,Head,0.0164629475854,-0.63535125,7.8128675,0.0603438482975
2682,0,Head,0.0147801513513,-0.65413425,7.939865,0.1781295
2683,0,Head,0.0224473500247,-0.6973365,7.9498525,0.439802
2684,0,Head,0.0164629475854,0.63535125,7.8128675,0.0603438482975
2685,0,Head,0.0147801513513,0.65413425,7.939865,0.1781295
2686,0,Head,0.014845695679,0.73264125,7.6851,0.319031
2687,0,Head,0.0155008963559,0.742971,7.562315,0.4383055
2688,0,Head,0.0138411898043,0.73378025,7.56234,0.32009425
2689,0,Head,0.015126917882,0.7452635,7.6864625,0.4389405
2690,0,Head,0.0224470549542,0.6973365,7.9498525,0.439802
2691,0,Head,0.013660179621,0.73425825,7.8049425,0.44109875
2692,0,Head,0.0247773093704,-0.5920816,8.089622,0.1914118
2693,0,Head,0.0145951859628,-0.63793025,8.0672225,0.31447025
2694,0,Head,0.0229234962503,-0.57876275,8.19627,0.4398885
2695,0,Head,0.0269194142209,-0.327350833333,8.34262,0.169099116667
2696,0,Head,0.0141030375549,-0.1844685,8.394045,0.18114825
2697,0,Head,0.0158533171021,-0.3168205,8.39952,0.312523
2698,0,Head,0.0126045841801,0.32677225,8.2874725,0.04555564
2699,0,Head,0.0236934465235,0.4784854,8.237648,0.1798168
2700,0,Head,0.0141030375549,0.1844685,8.394045,0.18114825
2701,0,Head,0.0269194142209,0.327350833333,8.34262,0.169099116667
2702,0,Head,0.0216654314417,0.20200775,8.45069,0.441235
2703,0,Head,0.0225221076088,0.19010175,8.433775,0.307083
2704,0,Head,0.0158533171021,0.3168205,8.39952,0.312523
2705,0,Head,0.0280764807931,0.4377416,8.318462,0.2922614
2706,0,Head,0.0145951859628,0.63793025,8.0672225,0.31447025
2707,0,Head,0.0229234962503,0.57876275,8.19627,0.4398885
2708,13,LFoot,0.0148363477434,-2.3166825,-8.0966075,0.5626585
2709,13,LFoot,0.0142014414631,-2.43097,-8.1084825,0.687584
2710,13,LFoot,0.0143204318541,-2.430975,-8.112965,0.8125905
2711,13,LFoot,0.0154438972637,-2.3121525,-8.1145,0.93768725
2712,13,LFoot,0.0230190641499,-2.05466333333,-8.06454833333,0.8019905
2713,13,LFoot,0.0152630186501,-2.18949,-8.11385,0.93911575
2714,16,RFoot,0.0213274906749,2.1731675,-8.0653725,0.5608815
2715,16,RFoot,0.0148363477434,2.3166825,-8.0966075,0.5626585
2716,16,RFoot,0.0142014414631,2.43097,-8.1084825,0.687584
2717,16,RFoot,0.0152630186501,2.18949,-8.11385,0.93911575
2718,16,RFoot,0.0143204318541,2.430975,-8.112965,0.8125905
2719,16,RFoot,0.0154438972637,2.3121525,-8.1145,0.93768725
2720,13,LFoot,0.0232460570049,-2.579515,-7.8025525,0.562447
2721,13,LFoot,0.0146396967327,-2.6348125,-7.93645,0.68328375
2722,13,LFoot,0.0235835683358,-2.5714975,-7.798525,0.68601
2723,13,LFoot,0.0146148054277,-2.6430875,-7.930705,0.802325
2724,13,LFoot,0.0239173728921,-2.5511825,-7.8205475,0.94549
2725,13,LFoot,0.0214369322557,-2.1972775,-7.5124425,0.734814
2726,13,LFoot,0.0215616231756,-2.432538,-7.76905,0.968808
2727,13,LFoot,0.0113333145863,-2.45152,-7.70917,0.825099
2728,13,LFoot,0.0120543386439,-2.32613,-7.723395,0.95306225
2729,13,LFoot,0.0253867171326,-2.32937,-7.65450833333,0.838521666667
2730,13,LFoot,0.0128593644847,-2.1934225,-7.59667,0.845918
2731,13,LFoot,0.0236600491747,-2.202985,-7.66995833333,0.956784
2732,13,LFoot,0.0148350804615,-1.8733575,-7.691255,0.56056975
2733,13,LFoot,0.02395170189,-1.9275125,-7.5704375,0.6977545
2734,13,LFoot,0.0205326896572,-1.86865,-7.9438325,0.799731
2735,13,LFoot,0.010469596737,-1.9439075,-8.0269325,0.79413525
2736,13,LFoot,0.01653024295,-1.84102,-7.80025,0.93352375
2737,13,LFoot,0.0112544723009,-1.8861275,-7.697355,0.93471175
2738,16,RFoot,0.0145026132629,1.8709825,-7.8061025,0.5622685
2739,16,RFoot,0.0119381736316,1.878295,-7.9208825,0.6777155
2740,16,RFoot,0.0141519100317,1.9508975,-7.99396,0.6799595
2741,16,RFoot,0.0148350804615,1.8733575,-7.691255,0.56056975
2742,16,RFoot,0.0239524760912,1.9275125,-7.5704375,0.6977545
2743,16,RFoot,0.0205326896572,1.86865,-7.9438325,0.799731
2744,16,RFoot,0.010469596737,1.9439075,-8.0269325,0.79413525
2745,16,RFoot,0.01653024295,1.84102,-7.80025,0.93352375
2746,16,RFoot,0.0112544723009,1.8861275,-7.697355,0.93471175
2747,16,RFoot,0.0129384356379,2.51081,-7.67252,0.55985525
2748,16,RFoot,0.0272297187242,2.331994,-7.553704,0.6941348
2749,16,RFoot,0.0215632859414,2.432538,-7.76905,0.968808
2750,16,RFoot,0.0113333145863,2.45152,-7.70917,0.825099
2751,16,RFoot,0.0120543386439,2.32613,-7.723395,0.95306225
2752,16,RFoot,0.0128593644847,2.1934225,-7.59667,0.845918
2753,16,RFoot,0.02366003911,2.202985,-7.66995833333,0.956784
2754,16,RFoot,0.0253898457906,2.32937,-7.65450833333,0.838521666667
2755,16,RFoot,0.0146148054277,2.6430875,-7.930705,0.802325
2756,13,LFoot,0.0205304795365,-2.1936475,-7.396685,0.60069675
2757,12,LLeg,0.0110662848751,-1.821535,-4.0784225,0.67113375
2758,12,LLeg,0.0142545492435,-1.5574825,-4.2005125,0.65488
2759,12,LLeg,0.0269419320101,-1.532538,-4.069496,0.7124492
2760,12,LLeg,0.0262048626848,-1.319642,-4.083058,0.5552906
2761,15,RLeg,0.0279608338226,1.42301333333,-4.20326,0.575446833333
2762,15,RLeg,0.0262084354852,1.319642,-4.083058,0.5552906
2763,15,RLeg,0.0142545492435,1.5574825,-4.2005125,0.65488
2764,15,RLeg,0.0269557886804,1.532538,-4.069496,0.7124492
2765,15,RLeg,0.0280781421194,1.707006,-4.06622,0.719545
2766,15,RLeg,0.0110662848751,1.821535,-4.0784225,0.67113375
2767,12,LLeg,0.0145587023044,-1.562835,-3.943175,0.77801725
2768,12,LLeg,0.0129843581025,-1.686765,-3.940955,0.77712325
2769,12,LLeg,0.0251159679086,-1.842525,-3.6864325,0.70211225
2770,12,LLeg,0.0113077417597,-1.6644525,-3.6800925,0.8437675
2771,12,LLeg,0.0226341574893,-1.27757,-3.6938,0.7282095
2772,12,LLeg,0.0203520385275,-1.256738,-3.567984,0.7424838
2773,15,RLeg,0.0235182376717,1.274758,-3.946004,0.6001598
2774,15,RLeg,0.0278454231042,1.41797166667,-3.95731333333,0.714330666667
2775,15,RLeg,0.0143598682497,1.422915,-3.8278075,0.7819155
2776,15,RLeg,0.0274081197199,1.83103,-3.8106775,0.703186
2777,15,RLeg,0.0278272778935,1.812914,-3.958966,0.7007486
2778,15,RLeg,0.0251147355352,1.842525,-3.6864325,0.70211225
2779,15,RLeg,0.0254403433679,1.84118,-3.5625375,0.69841725
2780,15,RLeg,0.0238411834449,1.69697,-3.80012,0.8110582
2781,15,RLeg,0.0113077417597,1.6644525,-3.6800925,0.8437675
2782,15,RLeg,0.0100303429128,1.746055,-3.6839525,0.80886575
2783,12,LLeg,0.0229772651713,-1.8197025,-3.1874125,0.6921435
2784,12,LLeg,0.0239752820467,-1.6897575,-3.187605,0.82336775
2785,12,LLeg,0.0227018696531,-1.1583075,-3.3151025,0.70614675
2786,12,LLeg,0.0266848548235,-1.185078,-3.456228,0.6881234
2787,12,LLeg,0.0214417335458,-1.134386,-3.197252,0.7357892
2788,12,LLeg,0.0235420748117,-1.0248248,-3.188426,0.5895386
2789,12,LLeg,0.028483250725,-1.0494904,-3.088774,0.6940502
2790,12,LLeg,0.0221325370102,-1.3056325,-3.3107475,0.81795375
2791,12,LLeg,0.0234988314749,-1.286406,-3.183814,0.829865
2792,15,RLeg,0.0214284861655,1.134386,-3.197252,0.7357892
2793,15,RLeg,0.0235599346416,1.0248248,-3.188426,0.5895386
2794,15,RLeg,0.0293057626596,1.0493964,-3.087408,0.694571
2795,15,RLeg,0.0221468224616,1.3056325,-3.3107475,0.81795375
2796,15,RLeg,0.0229328184388,1.8187625,-3.312415,0.6901185
2797,15,RLeg,0.0229767642313,1.8197025,-3.1874125,0.6921435
2798,15,RLeg,0.0227364191132,1.68661,-3.3125,0.813007
2799,15,RLeg,0.0223305269111,1.68879,-3.4374475,0.8110565
2800,15,RLeg,0.0239753408851,1.6897575,-3.187605,0.82336775
2801,12,LLeg,0.0122440281592,-1.902275,-2.6876975,0.70643125
2802,12,LLeg,0.0281413205999,-1.81539,-2.709388,0.8143628
2803,12,LLeg,0.0108368391279,-1.7092625,-2.7000125,0.90477125
2804,12,LLeg,0.021829891514,-1.588428,-2.680834,0.95619
2805,12,LLeg,0.024062441895,-1.0158652,-2.9393,0.7254238
2806,12,LLeg,0.0232582423556,-1.296024,-2.809414,0.938108
2807,12,LLeg,0.0134337606925,-1.1774975,-2.826765,0.9116045
2808,12,LLeg,0.030620670172,-1.0568036,-2.8389,0.82376
2809,12,LLeg,0.0134749343453,-1.4354075,-2.6795,0.97901825
2810,12,LLeg,0.0148202029634,-1.316435,-2.5600525,0.99678475
2811,12,LLeg,0.0137776460177,-1.3194675,-2.67895,0.97243925
2812,12,LLeg,0.0216937154387,-1.166606,-2.557714,0.9655032
2813,12,LLeg,0.0151382467786,-0.880794,-2.6862225,0.55643825
2814,12,LLeg,0.0237689385433,-0.91073375,-2.56495,0.703526
2815,15,RLeg,0.0219483313395,0.918756,-2.80544,0.5879486
2816,15,RLeg,0.0151382467786,0.880794,-2.6862225,0.55643825
2817,15,RLeg,0.0237689809141,0.91073375,-2.56495,0.703526
2818,15,RLeg,0.0246306572128,0.931793,-2.707226,0.6873886
2819,15,RLeg,0.0134337606925,1.1774975,-2.826765,0.9116045
2820,15,RLeg,0.0204167040987,1.435695,-2.8201325,0.94332825
2821,15,RLeg,0.0216937154387,1.166606,-2.557714,0.9655032
2822,15,RLeg,0.0217061770628,1.193102,-2.705256,0.9433464
2823,15,RLeg,0.0134749343453,1.4354075,-2.6795,0.97901825
2824,15,RLeg,0.0148202029634,1.316435,-2.5600525,0.99678475
2825,15,RLeg,0.0137776460177,1.3194675,-2.67895,0.97243925
2826,15,RLeg,0.0250032469555,1.861282,-2.811994,0.7278716
2827,15,RLeg,0.0247574954488,1.8489675,-2.94241,0.70677275
2828,15,RLeg,0.0122440281592,1.902275,-2.6876975,0.70643125
2829,15,RLeg,0.0219485577022,1.93799,-2.6857975,0.576703
2830,15,RLeg,0.0235085873368,1.729962,-2.811568,0.861318
2831,15,RLeg,0.0108368391279,1.7092625,-2.7000125,0.90477125
2832,15,RLeg,0.0218542616835,1.588428,-2.680834,0.95619
2833,15,RLeg,0.0250353500087,1.686118,-2.581562,0.9422168
2834,12,LLeg,0.0209432046564,-1.94043,-2.0611275,0.69537525
2835,12,LLeg,0.0221383800219,-1.938368,-2.204636,0.6849218
2836,12,LLeg,0.0255469374745,-1.85679,-2.3163625,0.8340945
2837,12,LLeg,0.0227317492134,-1.70185,-2.43892,0.958443
2838,12,LLeg,0.0171918817361,-1.5607025,-2.3221375,1.0381275
2839,12,LLeg,0.0256837783532,-1.7145475,-2.319215,0.97196725
2840,12,LLeg,0.0247313639864,-1.8623125,-2.1903175,0.844714
2841,12,LLeg,0.0171140665265,-1.558395,-2.19872,1.0542125
2842,12,LLeg,0.0171560743773,-1.7009425,-2.0639175,1.0226335
2843,12,LLeg,0.0294885418424,-1.72603,-2.179172,0.9866808
2844,12,LLeg,0.0109433957228,-0.96467175,-2.4491525,0.843288
2845,12,LLeg,0.0143666636426,-1.19177,-2.4361425,0.99295
2846,12,LLeg,0.0236499116933,-1.05374575,-2.310835,0.93754525
2847,12,LLeg,0.0130187429648,-1.1865175,-2.31428,1.00624475
2848,12,LLeg,0.0159382725577,-1.3080075,-2.1984275,1.0504475
2849,12,LLeg,0.0233594717146,-1.04536075,-2.1899475,0.95192
2850,12,LLeg,0.0149953773015,-1.17585,-2.0655075,1.0363225
2851,12,LLeg,0.0159520745373,-1.186215,-2.190275,1.02214575
2852,12,LLeg,0.016050534647,-0.75035025,-2.063705,0.559074
2853,12,LLeg,0.0239832976563,-0.8100356,-2.082178,0.687837
2854,15,RLeg,0.025636184346,0.8934112,-2.434812,0.7227626
2855,15,RLeg,0.0152054259506,1.3105575,-2.44043,1.0181375
2856,15,RLeg,0.0152734141632,1.4329,-2.3243875,1.04762
2857,15,RLeg,0.0168353573599,1.3045775,-2.320445,1.03429
2858,15,RLeg,0.0233594760509,1.04536075,-2.1899475,0.95192
2859,15,RLeg,0.0149953773015,1.17585,-2.0655075,1.0363225
2860,15,RLeg,0.0159520745373,1.186215,-2.190275,1.02214575
2861,15,RLeg,0.0159382725577,1.3080075,-2.1984275,1.0504475
2862,15,RLeg,0.00885797396966,1.9249,-2.3230625,0.713771
2863,15,RLeg,0.0146382395198,1.96141,-2.185685,0.55584225
2864,15,RLeg,0.0209432729664,1.94043,-2.0611275,0.69537525
2865,15,RLeg,0.0221419203433,1.938368,-2.204636,0.6849218
2866,15,RLeg,0.0255493367203,1.85679,-2.3163625,0.8340945
2867,15,RLeg,0.0171140665265,1.558395,-2.19872,1.0542125
2868,15,RLeg,0.00845822131673,1.78742,-2.0747575,0.96407
2869,15,RLeg,0.0171560743773,1.7009425,-2.0639175,1.0226335
2870,15,RLeg,0.0293282544969,1.72603,-2.179172,0.9866808
2871,15,RLeg,0.0247307549314,1.8623125,-2.1903175,0.844714
2872,12,LLeg,0.0232403338351,-1.956715,-1.56335,0.70552775
2873,12,LLeg,0.0228844742701,-1.9556375,-1.6879275,0.7044675
2874,12,LLeg,0.0107855227582,-1.91727,-1.8125225,0.83108325
2875,12,LLeg,0.0134868393719,-1.7106275,-1.94764,1.03518
2876,12,LLeg,0.0115600837248,-1.9204925,-1.68799,0.837492
2877,12,LLeg,0.0228437009241,-1.8376225,-1.563155,0.958966
2878,12,LLeg,0.0108077852242,-1.1607775,-1.948385,1.04374
2879,12,LLeg,0.0143741820037,-1.0571425,-1.80987,1.0045885
2880,12,LLeg,0.0124521111578,-1.0479385,-1.6872825,1.01384475
2881,12,LLeg,0.0121308970151,-0.72419,-1.700445,0.711948
2882,12,LLeg,0.022232579793,-0.93177775,-1.685,0.933609
2883,12,LLeg,0.0217530381578,-0.784757,-1.56444,0.83403
2884,15,RLeg,0.0237685135612,0.79063575,-1.939065,0.70329325
2885,15,RLeg,0.0237768167395,0.9429046,-1.829642,0.924801
2886,15,RLeg,0.0238408047004,0.8074276,-1.706444,0.8153946
2887,15,RLeg,0.0222317738388,0.93177775,-1.685,0.933609
2888,15,RLeg,0.0124521111578,1.0479385,-1.6872825,1.01384475
2889,15,RLeg,0.0143036757657,1.972085,-1.6875875,0.55650825
2890,15,RLeg,0.0232403192668,1.956715,-1.56335,0.70552775
2891,15,RLeg,0.02288449147,1.9556375,-1.6879275,0.7044675
2892,15,RLeg,0.0107855227582,1.91727,-1.8125225,0.83108325
2893,15,RLeg,0.0115600837248,1.9204925,-1.68799,0.837492
2894,15,RLeg,0.0228437009241,1.8376225,-1.563155,0.958966
2895,15,RLeg,0.0238450542387,1.83728,-1.686725,0.9523515
2896,6,LArm,0.0215440229044,-1.9461825,-1.06587,0.70412375
2897,12,LLeg,0.0228785749841,-1.9503975,-1.1871475,0.70594375
2898,12,LLeg,0.0126248881841,-1.91943,-1.309805,0.844366
2899,12,LLeg,0.0126133207524,-1.9135575,-1.1857675,0.841853
2900,12,LLeg,0.0106696821789,-1.034401,-1.3250675,1.0453625
2901,4,Pelvis,0.0122267924697,-0.6027335,-1.32264,0.6977515
2902,4,Pelvis,0.0158178837068,-0.50205,-1.18701,0.55842225
2903,4,Pelvis,0.0244673471547,-0.5287548,-1.062644,0.7186436
2904,4,Pelvis,0.022283397156,-0.5611032,-1.20724,0.6852282
2905,12,LLeg,0.0106357522959,-0.782009,-1.3263075,0.90235025
2906,12,LLeg,0.0210372847741,-0.7654656,-1.437458,0.8530664
2907,12,LLeg,0.0260138017081,-0.6883104,-1.332748,0.8084964
2908,12,LLeg,0.0145500953302,-0.9250545,-1.1896925,1.02136925
2909,4,Pelvis,0.0247625478608,-0.779717,-1.0599576,0.9703866
2910,12,LLeg,0.0243466840112,-0.8035896,-1.210206,0.948189
2911,4,Pelvis,0.0237162742094,-0.6638155,-1.19055,0.83168475
2912,15,RLeg,0.0260138613685,0.6883104,-1.332748,0.8084964
2913,15,RLeg,0.0106357522959,0.782009,-1.3263075,0.90235025
2914,15,RLeg,0.0249892464342,0.8974592,-1.312246,0.980892
2915,4,Pelvis,0.0237162742094,0.6638155,-1.19055,0.83168475
2916,15,RLeg,0.0145500953302,0.9250545,-1.1896925,1.02136925
2917,4,Pelvis,0.0246335910337,0.779717,-1.0599576,0.9703866
2918,15,RLeg,0.024347658371,0.8035896,-1.210206,0.948189
2919,15,RLeg,0.0233293903517,1.9566475,-1.31113,0.70666525
2920,15,RLeg,0.0139873935583,1.9656575,-1.1886175,0.5578345
2921,9,RArm,0.0215440255413,1.9461825,-1.06587,0.70412375
2922,15,RLeg,0.0228785757938,1.9503975,-1.1871475,0.70594375
2923,15,RLeg,0.0126248881841,1.91943,-1.309805,0.844366
2924,15,RLeg,0.023845805069,1.838215,-1.4368825,0.96072475
2925,15,RLeg,0.0228181111669,1.8345175,-1.3106275,0.95814875
2926,15,RLeg,0.0115799672475,1.9154975,-1.186025,0.83841175
2927,6,LArm,0.0156442694805,-1.9152875,-0.67906925,0.69366675
2928,6,LArm,0.0162513543211,-1.8989225,-0.81215925,0.80935475
2929,11,LThigh,0.0106185046088,-1.7150425,-0.802322,1.044395
2930,11,LThigh,0.0165891121851,-1.881715,-0.6846775,0.81332525
2931,11,LThigh,0.0142329740457,-1.7188575,-0.68276575,1.02978025
2932,4,Pelvis,0.0230102062132,-0.5201934,-0.8102954,0.8391596
2933,4,Pelvis,0.0242284825647,-0.6686235,-0.81591525,0.96631875
2934,4,Pelvis,0.0146718961871,-0.66191675,-0.567306,1.03110275
2935,4,Pelvis,0.0255037432698,-0.6421678,-0.6880424,0.9860482
2936,4,Pelvis,0.0223130308212,-0.2816728,-0.5610698,0.5889416
2937,4,Pelvis,0.00952906138899,-0.33568675,-0.5798315,0.70845475
2938,4,Pelvis,0.0238791090726,-0.417487,-0.56692125,0.82621275
2939,4,Pelvis,0.014964390262,0.37128025,-0.817289,0.558226
2940,4,Pelvis,0.0254774173376,0.426936333333,-0.821668,0.694160666667
2941,4,Pelvis,0.0223352836783,0.2816728,-0.5610698,0.5889416
2942,4,Pelvis,0.00952906138899,0.33568675,-0.5798315,0.70845475
2943,4,Pelvis,0.0238791090726,0.417487,-0.56692125,0.82621275
2944,4,Pelvis,0.0149405982731,0.8012715,-0.940236,1.01648925
2945,4,Pelvis,0.0106409683799,0.793748,-0.82356575,1.037105
2946,4,Pelvis,0.0146718961871,0.66191675,-0.567306,1.03110275
2947,4,Pelvis,0.0255037432698,0.6421678,-0.6880424,0.9860482
2948,9,RArm,0.014817699823,1.9294025,-0.8030845,0.69067775
2949,9,RArm,0.0213111522153,1.9397225,-0.93516075,0.6952135
2950,9,RArm,0.0156442694805,1.9152875,-0.67906925,0.69366675
2951,9,RArm,0.0162513543211,1.8989225,-0.81215925,0.80935475
2952,14,RThigh,0.0248878190847,1.8150375,-0.8134555,0.94594075
2953,14,RThigh,0.0243310162625,1.73822,-0.5637388,0.9801876
2954,14,RThigh,0.0142329740457,1.7188575,-0.68276575,1.02978025
2955,14,RThigh,0.0165891121851,1.881715,-0.6846775,0.81332525
2956,5,LShoulder,0.011132336961,-1.59204,-0.2991115,1.038401
2957,5,LShoulder,0.0274639738271,-1.69491,-0.2901796,0.9432006
2958,5,LShoulder,0.0238815696868,-1.617556,-0.1851406,0.9878474
2959,4,Pelvis,0.0108012092582,-0.6603165,-0.45015775,1.0494675
2960,4,Pelvis,0.0131452575005,-0.548518,-0.322732,1.0235025
2961,4,Pelvis,0.0140089420907,-0.179765,-0.38572275,0.68249225
2962,4,Pelvis,0.0222917811022,-0.302652,-0.351027,0.8422492
2963,4,Pelvis,0.0227517527495,-0.3842696,-0.449655,0.852637
2964,4,Pelvis,0.0253122141343,-0.1864775,-0.326907,0.82347325
2965,4,Pelvis,0.0114073843181,-0.42772725,-0.207094,1.01697
2966,4,Pelvis,0.0208133844341,-0.1859348,-0.227564,0.9813154
2967,4,Pelvis,0.0236274723099,0.281411333333,-0.4659895,0.703340333333
2968,4,Pelvis,0.0253122141343,0.1864775,-0.326907,0.82347325
2969,4,Pelvis,0.022213431944,0.302652,-0.351027,0.8422492
2970,4,Pelvis,0.0275350368551,0.420673666667,-0.327160333333,0.945740833333
2971,4,Pelvis,0.0208257775495,0.1859348,-0.227564,0.9813154
2972,4,Pelvis,0.0114073843181,0.42772725,-0.207094,1.01697
2973,4,Pelvis,0.0211244081499,0.3185706,-0.225789,0.9662944
2974,8,RShoulder,0.0244121868431,1.82904666667,-0.301689833333,0.699318
2975,8,RShoulder,0.01232763248,1.798895,-0.1718695,0.69818575
2976,8,RShoulder,0.0148166364653,1.789785,-0.04753768,0.566033
2977,8,RShoulder,0.0157835249454,1.77227,-0.0561374025,0.6890335
2978,8,RShoulder,0.0129242447871,1.7824925,-0.30022525,0.82774925
2979,14,RThigh,0.025028863689,1.71181,-0.43561575,0.96315825
2980,8,RShoulder,0.0257100548721,1.738048,-0.1840506,0.8460306
2981,8,RShoulder,0.0239884511222,1.617556,-0.1851406,0.9878474
2982,8,RShoulder,0.0215271830693,1.7144425,-0.0551169675,0.82888475
2983,5,LShoulder,0.0230735998455,-1.705632,0.1818484,0.712327
2984,5,LShoulder,0.0109795509916,-1.668675,0.44927425,0.704702
2985,5,LShoulder,0.0241102667661,-1.563,0.2072254,0.9330188
2986,5,LShoulder,0.0253592096408,-1.59434,0.44168925,0.83611625
2987,8,RShoulder,0.0126660780264,1.4629025,0.1909235,1.01949825
2988,8,RShoulder,0.0214823189832,1.485112,0.3106078,0.984367
2989,8,RShoulder,0.0234544426914,1.690086,0.3318492,0.6864592
2990,8,RShoulder,0.0210641048867,1.704766,0.4320358,0.5843986
2991,8,RShoulder,0.0109796509733,1.668675,0.44927475,0.704702
2992,8,RShoulder,0.0150364593675,1.7254125,0.30992225,0.55640975
2993,8,RShoulder,0.0241102667661,1.563,0.2072254,0.9330188
2994,8,RShoulder,0.0224005170555,1.687504,0.082488426,0.8123206
2995,8,RShoulder,0.0253535510772,1.59435,0.441682,0.8361105
2996,5,LShoulder,0.0109271873852,-1.6783275,0.6975405,0.58305225
2997,5,LShoulder,0.0131689753092,-1.6574475,0.56483375,0.69241375
2998,5,LShoulder,0.0138415196867,-1.6725075,0.8134355,0.57292825
2999,5,LShoulder,0.0162248966903,-1.63472,0.937226,0.683042
3000,5,LShoulder,0.0245792830211,-1.58454,0.56464925,0.827715
3001,5,LShoulder,0.0240380438214,-1.448835,0.8136545,0.96261825
3002,4,Pelvis,0.0118221117363,-1.3279975,0.939838,1.0343175
3003,4,Pelvis,0.0102326916826,-1.33167,0.82506975,1.04568
3004,8,RShoulder,0.0216700279325,1.46045,0.6872445,0.96298375
3005,8,RShoulder,0.0234509099034,1.4523925,0.81126675,0.95967525
3006,4,Pelvis,0.0103470713797,1.3294475,0.947681,1.034055
3007,8,RShoulder,0.0138153751239,1.67265,0.81331575,0.57292975
3008,8,RShoulder,0.0159136929477,1.63201,0.93755525,0.68468875
3009,8,RShoulder,0.023744122114,1.565518,0.9557896,0.8109728
3010,5,LShoulder,0.0136695646469,-1.65035,1.1885425,0.55871325
3011,5,LShoulder,0.0251730469101,-1.606942,1.059054,0.719119
3012,5,LShoulder,0.0140284851633,-1.63642,1.3109675,0.554931
3013,5,LShoulder,0.0235454643025,-1.565256,1.456146,0.6829288
3014,5,LShoulder,0.0241403298881,-1.58628,1.31336,0.699276
3015,2,Chest,0.0218923069369,-1.3413275,1.4402425,0.96833675
3016,2,Chest,0.0209490198057,-1.348125,1.316505,0.98054575
3017,8,RShoulder,0.0114137883745,1.534115,1.0723075,0.8445035
3018,4,Pelvis,0.0122208659526,1.3320025,1.0643045,1.01949575
3019,8,RShoulder,0.0251519211982,1.47232,1.43978,0.84165575
3020,8,RShoulder,0.0140238436115,1.636425,1.31096,0.554919
3021,5,LShoulder,0.0225932570216,-1.4334275,1.816545,0.693276
3022,5,LShoulder,0.00884070474971,-1.40665,1.69773,0.82993075
3023,5,LShoulder,0.0253241039695,-1.449616,1.585338,0.813509
3024,5,LShoulder,0.013881883937,-1.388785,1.810445,0.815878
3025,8,RShoulder,0.0234162901316,1.436118,1.807238,0.7035916
3026,8,RShoulder,0.0237468026083,1.4565075,1.56217,0.8212065
3027,2,Chest,0.013653014403,1.28299,1.95187,0.953087
3028,8,RShoulder,0.0118987350912,1.390005,1.8186975,0.81623125
3029,2,Chest,0.026404564211,1.34269833333,1.95257,0.827130666667
3030,2,Chest,0.0252515494153,1.323268,1.831598,0.934124
3031,2,Chest,0.0258200005399,-1.231914,2.064152,0.9758146
3032,2,Chest,0.0226313253118,-1.215415,2.1932525,0.9591745
3033,2,Chest,0.0240670605732,-1.19758,2.4374525,0.9549205
3034,2,Chest,0.0148840367145,1.2608675,2.320775,0.69051275
3035,2,Chest,0.0149008480817,1.2278875,2.437105,0.5665165
3036,2,Chest,0.0150060760729,1.2625975,2.322935,0.5648855
3037,2,Chest,0.0149238408395,1.23478,2.438545,0.68807875
3038,2,Chest,0.0151233071983,1.2708875,2.1955725,0.8134905
3039,2,Chest,0.0258215563568,1.231914,2.064148,0.9758136
3040,2,Chest,0.0119852306814,1.29936,2.0824625,0.82871625
3041,2,Chest,0.014032537902,1.24577,2.315935,0.808865
3042,2,Chest,0.0240695312528,1.19758,2.4374525,0.9549205
3043,2,Chest,0.0142118106552,1.2281075,2.43769,0.8062405
3044,2,Chest,0.0234521370116,1.2050375,2.312795,0.9546325
3045,5,LShoulder,0.0280949926555,-3.94906,2.956824,0.8073654
3046,5,LShoulder,0.0264048727289,-3.304235,2.91767,0.54888525
3047,5,LShoulder,0.0252361373409,-3.3112975,2.9310525,0.942208
3048,5,LShoulder,0.0240166913373,-3.2725175,2.90502,0.813406
3049,2,Chest,0.0228077281531,-1.181016,2.705148,0.564597
3050,2,Chest,0.0111939432699,-1.1686875,2.82268,0.5408265
3051,2,Chest,0.022697651123,-1.19304,2.5640025,0.95010525
3052,2,Chest,0.0199132437952,-1.1881575,2.6878125,0.94384725
3053,2,Chest,0.0205912494474,1.191836,2.806172,0.6642236
3054,2,Chest,0.0111939432699,1.1686875,2.82268,0.5408265
3055,2,Chest,0.019789735762,1.1937875,2.9372375,0.6710475
3056,2,Chest,0.0139324586389,1.207285,2.685445,0.80728525
3057,2,Chest,0.0226974009808,1.19304,2.5640025,0.95010525
3058,2,Chest,0.0142557892291,1.2149175,2.5615125,0.80617525
3059,2,Chest,0.0199138858348,1.1881575,2.6878125,0.94384725
3060,2,Chest,0.0140359446024,1.202345,2.809835,0.80837675
3061,2,Chest,0.0214561407701,1.198452,2.931312,0.8423886
3062,2,Chest,0.021586422153,1.182456,2.829634,0.9349846
3063,8,RShoulder,0.026604588829,3.4269875,2.7924325,0.9345525
3064,8,RShoulder,0.0270139110822,3.705324,2.812464,0.6867612
3065,8,RShoulder,0.0310822323704,3.704402,2.940954,0.5534806
3066,8,RShoulder,0.0301792076001,3.950526,2.698158,0.936768
3067,8,RShoulder,0.0104519431004,4.0244,2.8182975,0.91802075
3068,8,RShoulder,0.026900614465,3.93546,2.8057925,0.82736525
3069,5,LShoulder,0.0252479742362,-3.7406475,3.3447075,0.683046
3070,5,LShoulder,0.0278786532109,-3.60257,3.4891725,0.6932985
3071,5,LShoulder,0.0245108760491,-3.852305,3.2073725,0.81337675
3072,5,LShoulder,0.0256735391937,-3.6963025,3.318655,0.9433085
3073,5,LShoulder,0.0117958418789,-2.97684,3.319905,0.575577
3074,5,LShoulder,0.022313869766,-3.151198,3.44219,0.7332912
3075,5,LShoulder,0.0254970057576,-3.31342,3.206802,0.9471096
3076,5,LShoulder,0.0237951745755,-3.16824,3.189815,0.831206
3077,5,LShoulder,0.0114462770208,-3.303485,3.320555,0.89675025
3078,5,LShoulder,0.0249567924691,-3.413752,3.312616,0.9537658
3079,5,LShoulder,0.0250418150766,-3.290398,3.437884,0.826
3080,5,LShoulder,0.0265728360461,-3.190474,3.330202,0.812466
3081,2,Chest,0.012951759397,-1.1668725,3.1883725,0.96604725
3082,2,Chest,0.0227440368831,-1.2106025,3.3126475,0.82783975
3083,2,Chest,0.0126792390657,-1.16647,3.3122875,0.9649695
3084,2,Chest,0.0137525142824,1.2398875,3.31426,0.68265175
3085,2,Chest,0.0152704170892,1.262535,3.43838,0.56296925
3086,2,Chest,0.0159057912088,1.241465,3.3154575,0.5641245
3087,2,Chest,0.0143703250755,1.252825,3.437615,0.68106275
3088,2,Chest,0.0230917523764,1.2084475,3.188375,0.83023325
3089,2,Chest,0.012951759397,1.1668725,3.1883725,0.96604725
3090,2,Chest,0.0227436551303,1.2106025,3.3126475,0.82783975
3091,2,Chest,0.0126792390657,1.16647,3.3122875,0.9649695
3092,8,RShoulder,0.022313869766,3.151198,3.44219,0.7332912
3093,8,RShoulder,0.0237951745755,3.16824,3.189815,0.831206
3094,8,RShoulder,0.0114850847567,3.4297,3.195965,1.0222655
3095,8,RShoulder,0.0265696917945,3.190474,3.330202,0.812466
3096,8,RShoulder,0.0114462770208,3.303485,3.320555,0.89675025
3097,8,RShoulder,0.0258755037567,3.42986,3.464055,0.845759
3098,8,RShoulder,0.0248856215022,3.413752,3.312616,0.9537658
3099,8,RShoulder,0.025829670867,3.823575,3.19192,0.67712475
3100,8,RShoulder,0.0251728395111,3.7406475,3.3447075,0.683046
3101,8,RShoulder,0.02743583001,3.60257,3.4891725,0.6932985
3102,8,RShoulder,0.0244872254035,3.852305,3.2073725,0.81337675
3103,8,RShoulder,0.0264814093482,3.841475,3.2181525,0.9353475
3104,8,RShoulder,0.0256314812073,3.72446,3.3560925,0.8105915
3105,8,RShoulder,0.0277664852768,3.57229,3.4477525,0.82560075
3106,5,LShoulder,0.0256680571985,-3.0647475,3.6924225,0.57800625
3107,5,LShoulder,0.0238011897586,-3.1946075,3.70995,0.5858435
3108,5,LShoulder,0.0220661484791,-3.18261,3.5658925,0.6814365
3109,2,Chest,0.0109999607121,-1.1729175,3.678445,0.969063
3110,2,Chest,0.0215763495763,-1.19764,3.944456,0.9582834
3111,2,Chest,0.0141212078695,1.2859575,3.8138675,0.69632
3112,2,Chest,0.0129424331185,1.290295,3.93753,0.7073755
3113,2,Chest,0.0239924800819,1.226456,3.69378,0.8419734
3114,2,Chest,0.0109999607121,1.1729175,3.678445,0.969063
3115,2,Chest,0.0159598533399,1.24757,3.815005,0.810744
3116,2,Chest,0.0215630569463,1.19764,3.944456,0.9582834
3117,2,Chest,0.0150679601751,1.2521225,3.939065,0.813491
3118,2,Chest,0.0225173700406,1.190902,3.79454,0.939689
3119,8,RShoulder,0.0245878302009,3.30762,3.585465,0.71469175
3120,2,Chest,0.0254236036077,-1.34016,4.42194333333,0.701234166667
3121,2,Chest,0.0229566807899,1.329905,4.063675,0.57421675
3122,2,Chest,0.0107270129589,1.2950525,4.2946825,0.71369875
3123,2,Chest,0.0141873624278,1.2594825,4.185765,0.81892475
3124,2,Chest,0.0147894943689,1.22187,4.0654975,0.93034775
3125,2,Chest,0.0151605090087,1.25607,4.0633125,0.81616125
3126,2,Chest,0.0139121639744,1.2373375,4.1883425,0.9323675
3127,2,Chest,0.0152059968466,1.2746925,4.3070375,0.819892
3128,2,Chest,0.0136144945109,1.276485,4.4332925,0.933686
3129,2,Chest,0.011497567027,1.30223,4.421465,0.8279055
3130,2,Chest,0.0139277715368,1.25395,4.3114325,0.933255
3131,1,Neck,0.0233534241969,-1.819,4.914945,0.5979175
3132,1,Neck,0.0252988985146,-1.59248333333,4.78467166667,0.5887165
3133,1,Neck,0.0248617564766,-1.700074,4.88674,0.6196552
3134,1,Neck,0.0275235996037,-1.58724333333,4.91736666667,0.7183655
3135,1,Neck,0.0228744809197,-1.490578,4.80198,0.7320588
3136,1,Neck,0.0227958628082,-1.3637325,4.6824675,0.844849
3137,1,Neck,0.0248555318224,-1.246196,4.685192,0.999292
3138,1,Neck,0.0235966197712,-1.373202,4.814176,0.861544
3139,1,Neck,0.0230702127867,-1.2049925,4.940235,0.975323
3140,1,Neck,0.0229326642044,1.490578,4.80198,0.7320588
3141,1,Neck,0.0141862678436,1.285975,4.5579125,0.95321425
3142,1,Neck,0.0248555318224,1.246196,4.685192,0.999292
3143,1,Neck,0.0228957166482,1.3637325,4.6824675,0.844849
3144,1,Neck,0.0230764023402,1.2049925,4.940235,0.975323
3145,1,Neck,0.0258762940908,1.2258775,4.8195725,0.988329
3146,1,Neck,0.0235966197712,1.373202,4.814176,0.861544
3147,1,Neck,0.0247785462155,1.700074,4.88674,0.6196552
3148,1,Neck,0.0273154993614,1.58724333333,4.91736666667,0.7183655
3149,1,Neck,0.0233534241969,1.819,4.914945,0.5979175
3150,1,Neck,0.0263640658096,-2.062398,5.207024,0.5561152
3151,1,Neck,0.0249351916184,-1.707765,5.1893875,0.73708175
3152,1,Neck,0.0125550462341,-1.5802875,5.061995,0.781819
3153,1,Neck,0.010197865551,-1.5796775,5.1869175,0.7980895
3154,1,Neck,0.0243842319182,-1.5642625,5.459975,0.721212
3155,1,Neck,0.0133580491855,-1.572545,5.3102775,0.7856055
3156,1,Neck,0.0262386986567,-1.0577225,5.4901625,0.72378575
3157,1,Neck,0.0264556229869,-1.18579,5.492365,0.7348135
3158,1,Neck,0.0126507300648,-1.308295,5.1823875,0.900346
3159,1,Neck,0.0114467681252,-1.19978,5.1967975,0.9254755
3160,1,Neck,0.0245889439294,-1.18731,5.080142,0.9537318
3161,1,Neck,0.0240478541392,-1.080638,5.185384,0.9535594
3162,1,Neck,0.0232259368165,-1.311735,5.329415,0.85266525
3163,1,Neck,0.012373893379,-0.6894275,5.5111825,0.57769275
3164,1,Neck,0.0222214280958,-0.5575402,5.46335,0.7107178
3165,1,Neck,0.0206347082368,-0.68669975,5.4575575,0.702318
3166,1,Neck,0.0108188598542,-0.68803075,5.0841275,1.044285
3167,1,Neck,0.0236692017963,-0.56177,5.2071025,0.982786
3168,1,Neck,0.0250998729647,-0.68956875,5.2074775,0.98185775
3169,1,Neck,0.0244332638357,-0.81390075,5.3640025,0.86176475
3170,1,Neck,0.0260859010925,-0.688405,5.359935,0.86020575
3171,1,Neck,0.0237640740015,-0.3128625,5.20856,0.97390675
3172,1,Neck,0.0129466408885,-0.187039,5.06986,1.01938575
3173,1,Neck,0.0236097697027,-0.06044825,5.2029475,0.95627475
3174,1,Neck,0.0249302352337,-0.185818,5.20616,0.96720025
3175,1,Neck,0.00959708261657,-0.313249,5.3329275,0.920507
3176,1,Neck,0.025795966784,-0.31134025,5.44498,0.8282715
3177,1,Neck,0.0126608514522,-0.18563475,5.33583,0.91067475
3178,1,Neck,0.0271348598245,-0.164957,5.443002,0.8262174
3179,1,Neck,0.0104260574636,0.313114,5.08081,1.0247875
3180,1,Neck,0.0236729440164,0.4369725,5.208525,0.97823025
3181,1,Neck,0.0237643339661,0.3128625,5.20856,0.97390675
3182,1,Neck,0.0126608514522,0.18563475,5.33583,0.91067475
3183,1,Neck,0.00959708261657,0.313249,5.3329275,0.920507
3184,1,Neck,0.0221400505263,0.5575402,5.46335,0.7107178
3185,1,Neck,0.020634742048,0.68669975,5.4575575,0.702318
3186,1,Neck,0.0112749303992,0.81043225,5.517805,0.57821775
3187,1,Neck,0.0242711888736,0.934762,5.480265,0.7148365
3188,1,Neck,0.0239969248852,0.8114205,5.4680025,0.70725575
3189,1,Neck,0.0251053906599,0.68956875,5.2074775,0.98185775
3190,1,Neck,0.0108773848472,0.814052,5.0803425,1.03916
3191,1,Neck,0.0235515024976,0.93634125,5.2012175,0.96837475
3192,1,Neck,0.0236524517599,0.81448725,5.2075975,0.975514
3193,1,Neck,0.0260859010925,0.688405,5.359935,0.86020575
3194,1,Neck,0.0244332638357,0.81390075,5.3640025,0.86176475
3195,1,Neck,0.0262370007147,1.0577225,5.4901625,0.72378575
3196,1,Neck,0.0262926346479,1.4436275,5.4770225,0.73839075
3197,1,Neck,0.0268020967642,1.3156075,5.4910175,0.741429
3198,1,Neck,0.0114467681252,1.19978,5.1967975,0.9254755
3199,1,Neck,0.0245863727093,1.18731,5.080142,0.9537318
3200,1,Neck,0.0126507300648,1.308295,5.1823875,0.900346
3201,1,Neck,0.0232259368165,1.311735,5.329415,0.85266525
3202,1,Neck,0.0129092170767,1.8301175,5.063315,0.66286225
3203,1,Neck,0.0153131927451,1.9356975,5.186325,0.62499625
3204,1,Neck,0.0242329457506,1.706875,5.314925,0.7262425
3205,1,Neck,0.0133580491855,1.572545,5.3102775,0.7856055
3206,1,Neck,0.0250219156907,1.967744,5.30629,0.5862846
3207,1,Neck,0.0261863238582,1.823574,5.467388,0.6071254
3208,1,Neck,0.0315156333057,-1.71351,5.57464,0.576074
3209,1,Neck,0.0213604621031,-1.187005,5.5829875,0.56962
3210,1,Neck,0.0236725950274,-0.194617666667,5.69814833333,0.682452166667
3211,1,Neck,0.0161543017199,-0.0614245,5.5643,0.7312145
3212,1,Neck,0.0150420948647,-0.18352775,5.56773,0.74176775
3213,1,Neck,0.0143568877716,-0.0585365,5.68404,0.69811575
3214,0,Head,0.0272488051328,-0.3226364,5.926122,0.5651964
3215,0,Head,0.0110710527167,-0.205055,5.939785,0.6440275
3216,0,Head,0.0212622333393,-0.0819855,5.9384225,0.68933725
3217,1,Neck,0.0211941588459,-0.087246,5.805908,0.6829948
3218,0,Head,0.0110710527167,0.205055,5.939785,0.6440275
3219,0,Head,0.0212629695318,0.0819855,5.9384225,0.68933725
3220,1,Neck,0.0211941588459,0.087246,5.805908,0.6829948
3221,0,Head,0.0272488051328,0.3226364,5.926122,0.5651964
3222,1,Neck,0.0264184825864,1.3133525,5.5999475,0.57865275
3223,0,Head,0.0104454348961,-0.21145775,6.0555125,0.64796525
3224,0,Head,0.0160167559845,-0.0870331975,6.04221,0.70511175
3225,0,Head,0.0291249841441,-0.0707989225,6.1779575,0.68574375
3226,0,Head,0.0131571290605,-0.055751725,6.32376,0.6319345
3227,0,Head,0.0108777327723,-0.16853625,6.445655,0.60842975
3228,0,Head,0.0131571290605,0.055751725,6.32376,0.6319345
3229,0,Head,0.0108777327723,0.16853625,6.445655,0.60842975
3230,0,Head,0.0157774603308,-0.6740935,6.92681,0.8162715
3231,0,Head,0.0134681921108,-0.63023975,6.8137875,0.939512
3232,0,Head,0.0145656112935,-0.1823715,6.56093,0.590092
3233,0,Head,0.0150698612779,-0.0613142375,6.6839075,0.60094075
3234,0,Head,0.0158457750047,-0.0592062375,6.803095,0.62923325
3235,0,Head,0.0180569437722,-0.0556011,6.873955,0.6943345
3236,0,Head,0.00970679631949,-0.0440706,6.90812,0.7806905
3237,0,Head,0.007164643022,-0.36012075,6.7203025,0.9324615
3238,0,Head,0.00996251886169,-0.34214075,6.790755,0.93732225
3239,0,Head,0.0197883484682,-0.2629262,6.891296,0.9339126
3240,0,Head,0.0164953358844,0.0569452625,6.803095,0.62923325
3241,0,Head,0.0155687946311,0.0639519,6.873955,0.6943345
3242,0,Head,0.00674647146885,0.06393155,6.90812,0.7806905
3243,0,Head,0.007164643022,0.36012075,6.7203025,0.9324615
3244,0,Head,0.00996251886169,0.34214075,6.790755,0.93732225
3245,0,Head,0.01978596745,0.2629262,6.891296,0.9339126
3246,0,Head,0.0156604026974,0.59493775,6.6971225,0.9380015
3247,0,Head,0.0157774603308,0.6740935,6.92681,0.8162715
3248,0,Head,0.0134681921108,0.63023975,6.8137875,0.939512
3249,0,Head,0.0145499519006,-0.6720175,7.1884375,0.9603305
3250,0,Head,0.0144443482887,-0.66780975,7.3144075,0.96218175
3251,0,Head,0.0140283084677,0.71715475,7.3143125,0.6807045
3252,0,Head,0.0152359698639,0.7325155,7.4379575,0.56201325
3253,0,Head,0.0148247813307,0.7366235,7.312095,0.5689025
3254,0,Head,0.0144399629624,0.7205475,7.4378075,0.6806825
3255,0,Head,0.0197669405243,0.69450075,7.19272,0.82168475
3256,0,Head,0.0145499519006,0.6720175,7.1884375,0.9603305
3257,0,Head,0.0204208144825,0.689835,7.06134,0.81804075
3258,0,Head,0.0212699860243,0.6938545,7.3141225,0.821453
3259,0,Head,0.0144443482887,0.66780975,7.3144075,0.96218175
3260,0,Head,0.023094406038,-0.70151925,7.9509425,0.561804
3261,0,Head,0.0221530342815,-0.705971,7.68571,0.82359075
3262,0,Head,0.0144434601611,-0.667801,7.6864,0.96338675
3263,0,Head,0.0236206062194,-0.6999856,7.829996,0.8110466
3264,0,Head,0.0135365906433,-0.67107525,7.95186,0.82462275
3265,0,Head,0.0156793507528,-0.661306,7.814605,0.95381275
3266,0,Head,0.013566255407,0.72675275,7.8047425,0.679544
3267,0,Head,0.0138446012439,0.73611025,7.8051225,0.561066
3268,0,Head,0.023592188676,0.6969704,7.936444,0.704453
3269,0,Head,0.0221530353768,0.705971,7.68571,0.82359075
3270,0,Head,0.0144434601611,0.667801,7.6864,0.96338675
3271,0,Head,0.0236192101955,0.6999856,7.829996,0.8110466
3272,0,Head,0.0135365906433,0.67107525,7.95186,0.82462275
3273,0,Head,0.0156793507528,0.661306,7.814605,0.95381275
3274,0,Head,0.0243432938165,-0.584063,8.1996675,0.56244325
3275,0,Head,0.0123984105641,-0.65533875,8.0688575,0.6870755
3276,0,Head,0.0153242841278,-0.63316525,8.062895,0.8115305
3277,0,Head,0.0265140039523,-0.5579008,8.18488,0.8296382
3278,0,Head,0.0128654942098,-0.328613,8.411865,0.69047575
3279,0,Head,0.0241244232281,-0.20908225,8.4534275,0.56086825
3280,0,Head,0.0136387382336,-0.056902845,8.4777125,0.68060325
3281,0,Head,0.0151647209494,-0.31356975,8.3874275,0.81444425
3282,0,Head,0.026900392692,-0.325621333333,8.32936833333,0.950845666667
3283,0,Head,0.0097164925143,-0.20316775,8.4156,0.82869425
3284,0,Head,0.0128654942098,0.328613,8.411865,0.69047575
3285,0,Head,0.024512159625,0.4527095,8.33971,0.56201575
3286,0,Head,0.0242643971873,0.44985125,8.335645,0.68719325
3287,0,Head,0.0231851821602,0.4753786,8.226474,0.9419364
3288,0,Head,0.0097164925143,0.20316775,8.4156,0.82869425
3289,0,Head,0.0151647209494,0.31356975,8.3874275,0.81444425
3290,0,Head,0.026900392692,0.325621333333,8.32936833333,0.950845666667
3291,0,Head,0.0153242841278,0.63316525,8.062895,0.8115305
3292,0,Head,0.0265140039523,0.5579008,8.18488,0.8296382
3293,13,LFoot,0.0154137782106,-2.311935,-8.12471,1.0620245
3294,13,LFoot,0.0164166193923,-2.4284325,-8.111155,1.179845
3295,13,LFoot,0.0154291189654,-2.188065,-8.1300325,1.0624225
3296,13,LFoot,0.0148172360968,-2.0798375,-8.1341475,1.17966
3297,13,LFoot,0.0175181755283,-2.428382,-8.037648,1.273352
3298,13,LFoot,0.0122050980687,-2.0997575,-8.08358,1.2896925
3299,13,LFoot,0.0102037049849,-1.9700975,-8.138955,1.1744625
3300,13,LFoot,0.0182284336571,-1.992135,-8.0927375,1.278965
3301,16,RFoot,0.0102037049849,1.9700975,-8.138955,1.1744625
3302,16,RFoot,0.0182284336571,1.992135,-8.0927375,1.278965
3303,16,RFoot,0.0154291189654,2.188065,-8.1300325,1.0624225
3304,16,RFoot,0.0148172360968,2.0798375,-8.1341475,1.17966
3305,16,RFoot,0.0154137782106,2.311935,-8.12471,1.0620245
3306,16,RFoot,0.0164166193923,2.4284325,-8.111155,1.179845
3307,16,RFoot,0.0122050980687,2.0997575,-8.08358,1.2896925
3308,13,LFoot,0.00263033275606,-2.5731725,-7.9627125,1.1705225
3309,13,LFoot,0.0101436043453,-2.530065,-7.9044725,1.1703075
3310,13,LFoot,0.00645259569945,-2.5302075,-7.963605,1.21836
3311,13,LFoot,0.0247201084549,-2.209278,-7.798228,1.185518
3312,13,LFoot,0.0120011911105,-2.1967375,-7.7322775,1.070505
3313,13,LFoot,0.0197422233479,-2.0723175,-7.7724925,1.20772
3314,13,LFoot,0.0224068399209,-2.08663,-7.683618,1.0587096
3315,13,LFoot,0.00954793981897,-2.41819,-7.9121975,1.275165
3316,13,LFoot,0.0140619925095,-2.087202,-7.91996,1.318106
3317,13,LFoot,0.0240050512931,-1.939274,-7.694574,1.0469176
3318,16,RFoot,0.0153446893496,1.851965,-7.7947775,1.05404225
3319,16,RFoot,0.0240050512931,1.939274,-7.694574,1.0469176
3320,16,RFoot,0.0131154713114,2.4318625,-7.870215,1.18534
3321,16,RFoot,0.00954793981897,2.41819,-7.9121975,1.275165
3322,16,RFoot,0.00574467323391,2.4670075,-7.9648625,1.2742
3323,12,LLeg,0.020854117585,-1.305265,-2.06725,1.067015
3324,15,RLeg,0.020854117585,1.305265,-2.06725,1.067015
3325,12,LLeg,0.0147101062224,-1.5558875,-1.81005,1.097225
3326,12,LLeg,0.0141754976263,-1.55558,-1.6862775,1.10328
3327,12,LLeg,0.015266358849,-1.4374875,-1.68721,1.110415
3328,12,LLeg,0.0144948439208,-1.318835,-1.5623225,1.1090325
3329,15,RLeg,0.0215892087009,1.286146,-1.92946,1.078788
3330,15,RLeg,0.0148112497643,1.4374675,-1.811025,1.1044225
3331,15,RLeg,0.015266358849,1.4374875,-1.68721,1.110415
3332,15,RLeg,0.0144948439208,1.318835,-1.5623225,1.1090325
3333,15,RLeg,0.0141754976263,1.55558,-1.6862775,1.10328
3334,15,RLeg,0.0234667661578,1.698268,-1.575092,1.072168
3335,15,RLeg,0.0103894072035,1.7410225,-1.6848575,1.0533275
3336,12,LLeg,0.0143329833417,-1.55622,-1.3123725,1.1172375
3337,12,LLeg,0.0142916046365,-1.5564975,-1.1874875,1.1148075
3338,12,LLeg,0.0225387790055,-1.1712275,-1.439595,1.079725
3339,12,LLeg,0.0153595838537,-1.437575,-1.1874175,1.12056
3340,11,LThigh,0.0157913816372,-1.31281,-1.062615,1.11962
3341,12,LLeg,0.0233953396804,-1.0609776,-1.207392,1.06665
3342,11,LThigh,0.0146554163017,-1.19087,-1.06096175,1.1076675
3343,15,RLeg,0.0147683006063,1.317895,-1.4372,1.1121875
3344,15,RLeg,0.0154077273783,1.4374025,-1.31236,1.1215725
3345,15,RLeg,0.023394088317,1.0609776,-1.207392,1.06665
3346,14,RThigh,0.0146554163017,1.19087,-1.06096175,1.1076675
3347,15,RLeg,0.0153544540196,1.4374975,-1.187475,1.120565
3348,14,RThigh,0.0157913816372,1.31281,-1.062615,1.11962
3349,15,RLeg,0.014267212849,1.55613,-1.1876125,1.1148275
3350,14,RThigh,0.0217422380814,1.69031,-1.0642125,1.0663025
3351,11,LThigh,0.0224792730132,-1.685928,-0.9210338,1.06456
3352,11,LThigh,0.0240037189581,-1.59303,-0.8174778,1.092064
3353,11,LThigh,0.0229117357117,-1.580305,-0.6846215,1.0865875
3354,11,LThigh,0.0152230989239,-1.1880875,-0.93723025,1.1134175
3355,11,LThigh,0.0145933318795,-1.0662125,-0.810877,1.108645
3356,11,LThigh,0.0145509046883,-1.4331325,-0.687749,1.1190975
3357,11,LThigh,0.0153397383715,-1.3136875,-0.56253075,1.127935
3358,11,LThigh,0.0151755301239,-1.0634575,-0.68726625,1.11643
3359,11,LThigh,0.0161296963639,-1.187945,-0.562953,1.13095
3360,11,LThigh,0.0147578583554,-0.94468725,-0.68486525,1.101165
3361,4,Pelvis,0.0217577405928,-0.8010875,-0.563498,1.0797325
3362,14,RThigh,0.0220289229679,0.915268,-0.806038,1.078158
3363,14,RThigh,0.0147578583554,0.94468725,-0.68486525,1.101165
3364,14,RThigh,0.0158483243079,1.31233,-0.93776525,1.122635
3365,14,RThigh,0.0149639532621,1.4352375,-0.81291125,1.1204075
3366,14,RThigh,0.0151755301239,1.0634575,-0.68726625,1.11643
3367,14,RThigh,0.0161296963639,1.187945,-0.562953,1.13095
3368,14,RThigh,0.0145509046883,1.4331325,-0.687749,1.1190975
3369,14,RThigh,0.0153397383715,1.3136875,-0.56253075,1.127935
3370,14,RThigh,0.0229109655741,1.580305,-0.6846215,1.0865875
3371,11,LThigh,0.0161839917337,-1.187695,-0.4380945,1.13352
3372,4,Pelvis,0.0153363997511,-1.06138975,-0.313326,1.13695
3373,4,Pelvis,0.0147237625055,-1.30703,-0.063971275,1.113035
3374,4,Pelvis,0.0161194900011,-1.06393525,-0.188165,1.1426125
3375,4,Pelvis,0.0148067025785,-1.1907125,-0.06195806,1.1349175
3376,4,Pelvis,0.0155845192812,-0.9376855,-0.187327,1.1362625
3377,4,Pelvis,0.0155639855484,-0.81274225,-0.062266134575,1.13749
3378,4,Pelvis,0.0155291710573,-0.6891225,-0.060819214075,1.1187425
3379,4,Pelvis,0.0237797333052,-0.314504,-0.0793532125,1.08172
3380,4,Pelvis,0.0263957922245,-0.0863494,-0.1851406,1.0546408
3381,4,Pelvis,0.0236023791857,-0.1865922,-0.099301098,1.098838
3382,4,Pelvis,0.0235632661693,0.1865922,-0.099301098,1.098838
3383,4,Pelvis,0.0237797333052,0.314504,-0.0793532125,1.08172
3384,4,Pelvis,0.0153531588665,0.93863925,-0.311881,1.128865
3385,4,Pelvis,0.0155291710573,0.6891225,-0.060819214075,1.1187425
3386,4,Pelvis,0.0155845192812,0.9376855,-0.187327,1.1362625
3387,4,Pelvis,0.0155639855484,0.81274225,-0.062266134575,1.13749
3388,14,RThigh,0.0152873657406,1.3131025,-0.43764475,1.1258
3389,8,RShoulder,0.0240998936264,1.466608,-0.3157226,1.091466
3390,4,Pelvis,0.0161194900011,1.06393525,-0.188165,1.1426125
3391,4,Pelvis,0.0148067025785,1.1907125,-0.06195806,1.1349175
3392,8,RShoulder,0.0221107129917,1.45201,-0.18532275,1.079165
3393,4,Pelvis,0.0147237625055,1.30703,-0.063971275,1.113035
3394,4,Pelvis,0.0139264044722,-1.1887525,0.06235094,1.13288
3395,4,Pelvis,0.0163289796679,-1.06508,0.1872895,1.1511025
3396,4,Pelvis,0.0156112277432,-1.0623125,0.31244925,1.14906
3397,4,Pelvis,0.0149202315179,-1.181245,0.43735575,1.1183225
3398,4,Pelvis,0.0160094484718,-0.68778125,0.062528535925,1.1309175
3399,4,Pelvis,0.0149626998438,-0.56733575,0.18276425,1.1465575
3400,4,Pelvis,0.0156047680048,-0.93786575,0.31222575,1.1595075
3401,4,Pelvis,0.0156964225086,-0.81459125,0.43485375,1.1715725
3402,4,Pelvis,0.0109818151791,-0.579927,0.2957915,1.1743675
3403,4,Pelvis,0.0108342797869,-0.70119725,0.42382875,1.1780675
3404,4,Pelvis,0.0257341019896,-0.576863166667,0.424087833333,1.211255
3405,4,Pelvis,0.0146541829754,-0.1831515,0.193431,1.24416
3406,4,Pelvis,0.0243356045607,-0.2038196,0.065695042,1.186072
3407,4,Pelvis,0.0136903778221,-0.0612965,0.19068525,1.2548
3408,4,Pelvis,0.0153996978565,-0.31079575,0.3130705,1.2640475
3409,4,Pelvis,0.0150025990966,-0.4379155,0.43686125,1.2669125
3410,4,Pelvis,0.011491358408,-0.324942,0.42340475,1.296315
3411,4,Pelvis,0.0128858921146,-0.187214,0.297749,1.2810925
3412,4,Pelvis,0.0105472876265,-0.06179075,0.2836195,1.28713
3413,4,Pelvis,0.0237535242492,-0.06080425,0.41841325,1.3249825
3414,4,Pelvis,0.0258653437893,0.32338,0.175511783333,1.20520666667
3415,4,Pelvis,0.0121750534854,0.32393375,0.0525004625,1.150735
3416,4,Pelvis,0.0121343116281,0.4535885,0.171213,1.1636725
3417,4,Pelvis,0.0128849092655,0.18722625,0.29772375,1.281135
3418,4,Pelvis,0.0105454535047,0.06179125,0.2836075,1.2871425
3419,4,Pelvis,0.0153978080606,0.3108075,0.31305725,1.2640775
3420,4,Pelvis,0.0149776010499,0.43809875,0.43667975,1.2679525
3421,4,Pelvis,0.0114041273299,0.32533275,0.42273175,1.2974475
3422,4,Pelvis,0.0156919767508,0.812518,0.062411365425,1.1483625
3423,4,Pelvis,0.0156256328039,0.93762325,0.187448,1.157305
3424,4,Pelvis,0.0109818151791,0.579927,0.2957915,1.1743675
3425,4,Pelvis,0.0108342797869,0.70119725,0.42382875,1.1780675
3426,4,Pelvis,0.0258276712465,0.576861166667,0.424091333333,1.21165333333
3427,4,Pelvis,0.0156035846071,0.93786325,0.3122235,1.1595075
3428,4,Pelvis,0.0156959874844,0.81459,0.43485275,1.1715725
3429,4,Pelvis,0.0242988559795,1.342282,0.05881332,1.09145
3430,4,Pelvis,0.0156087566977,1.062305,0.31244225,1.1490625
3431,4,Pelvis,0.0149746369892,1.1813325,0.43749125,1.118295
3432,4,Pelvis,0.0223288333122,1.320325,0.43806025,1.06442
3433,4,Pelvis,0.0145496338179,-1.180745,0.561201,1.11336
3434,4,Pelvis,0.0151148901704,-1.063625,0.6866735,1.1346375
3435,4,Pelvis,0.0145498586277,-1.0633,0.811622,1.1303325
3436,4,Pelvis,0.0142918874858,-0.68136275,0.69165775,1.2349775
3437,4,Pelvis,0.015680629511,-0.5611935,0.56482475,1.2549525
3438,4,Pelvis,0.023806971323,-0.698041166667,0.552909333333,1.20436
3439,4,Pelvis,0.0130258968003,-0.5752445,0.6864745,1.272105
3440,4,Pelvis,0.0215193376695,-0.8216605,0.81364125,1.2006075
3441,4,Pelvis,0.012842825526,-0.9562225,0.812289,1.1570675
3442,4,Pelvis,0.0143626905971,-0.6837255,0.813021,1.2514175
3443,4,Pelvis,0.0101244919423,-0.58688725,0.80184875,1.2866025
3444,4,Pelvis,0.0134141322991,-0.69212325,0.9380625,1.2615525
3445,4,Pelvis,0.0242502918231,-0.5614298,0.9195356,1.31179
3446,4,Pelvis,0.0147935561363,-0.30538375,0.692204,1.3599775
3447,4,Pelvis,0.0150598185845,-0.185471,0.6896465,1.37572
3448,4,Pelvis,0.0146925195741,-0.3082505,0.8147095,1.377305
3449,4,Pelvis,0.0157109732561,-0.18724925,0.8125655,1.3932825
3450,4,Pelvis,0.0112260260362,0.4521605,0.5493335,1.29302
3451,4,Pelvis,0.0150424722803,0.185462,0.68965475,1.37593
3452,4,Pelvis,0.0147979753549,0.30538825,0.692196,1.3602325
3453,4,Pelvis,0.0157089097972,0.18725775,0.81255975,1.39328
3454,4,Pelvis,0.0146913013314,0.3082545,0.814707,1.377305
3455,4,Pelvis,0.0234845264036,0.809732,0.6690954,1.193936
3456,4,Pelvis,0.0121736771929,0.82448,0.551071,1.1743325
3457,4,Pelvis,0.0144566573239,0.94946025,0.685028,1.1631525
3458,4,Pelvis,0.0143104739113,0.683709,0.8130115,1.2524175
3459,4,Pelvis,0.0100653214002,0.5870975,0.80181525,1.28724
3460,4,Pelvis,0.0134144741137,0.69212175,0.9380625,1.2615525
3461,4,Pelvis,0.0222722888328,0.82300875,0.8135655,1.2076125
3462,4,Pelvis,0.0132936079978,0.9579675,0.81223375,1.16665
3463,4,Pelvis,0.0149891353552,1.0655125,0.81183725,1.1345575
3464,4,Pelvis,0.0224125316232,1.211574,0.9321364,1.083618
3465,2,Chest,0.0147267702773,-1.0609375,1.1863375,1.129835
3466,2,Chest,0.0140881444835,-1.0669125,1.3126275,1.13161
3467,2,Chest,0.0110219771915,-0.71206225,1.188315,1.276815
3468,4,Pelvis,0.0113963423976,-0.70461875,1.06356325,1.2686975
3469,2,Chest,0.0149176596892,-0.81069825,1.314485,1.2429225
3470,2,Chest,0.0224911559716,-0.947276,1.439395,1.19253
3471,2,Chest,0.0238891475317,-0.9372822,1.294336,1.187774
3472,2,Chest,0.013957014887,-0.810474,1.4387725,1.2511025
3473,2,Chest,0.010742802948,-0.71675675,1.31308,1.2833175
3474,2,Chest,0.0114433346476,-0.71532,1.437315,1.2898925
3475,2,Chest,0.0146104042175,-0.3169495,1.18393,1.412725
3476,2,Chest,0.0124783338771,-0.2028835,1.17267,1.4311925
3477,2,Chest,0.0132685420695,-0.329525,1.31054,1.4168075
3478,2,Chest,0.0117560546426,-0.0624284025,1.3174475,1.4479425
3479,2,Chest,0.0149421939397,0.196599,1.1834975,1.4327575
3480,2,Chest,0.020800158708,0.0667221725,1.18106,1.4417675
3481,2,Chest,0.0154437092996,0.31454,1.1872675,1.413465
3482,2,Chest,0.0153986235975,0.3148185,1.3126525,1.4192925
3483,2,Chest,0.0225740079569,0.8423168,1.192736,1.22088
3484,2,Chest,0.0104312651149,0.96357425,1.17604,1.17055
3485,4,Pelvis,0.0224715584472,0.8308505,1.060839,1.217025
3486,2,Chest,0.0107492449771,0.71673,1.3130775,1.283325
3487,2,Chest,0.0115246178926,0.71473525,1.4373075,1.2892875
3488,2,Chest,0.0149176596892,0.81069825,1.314485,1.2429225
3489,2,Chest,0.0224352889024,0.94727575,1.4394,1.1920825
3490,2,Chest,0.013995933425,0.81049725,1.438775,1.250665
3491,4,Pelvis,0.0232104140899,0.574796,1.0643825,1.32217
3492,2,Chest,0.0244056358977,0.579119,1.43713,1.3394
3493,2,Chest,0.0140887369398,1.06691,1.3126275,1.13161
3494,2,Chest,0.0222075853607,1.195525,1.4374425,1.066915
3495,2,Chest,0.0112369703843,-1.08019,1.68743,1.1431075
3496,2,Chest,0.011366211252,-1.07826,1.811455,1.14303
3497,2,Chest,0.0236648295217,-1.189266,1.956386,1.057205
3498,2,Chest,0.012023167855,-0.7129785,1.6852625,1.2973275
3499,2,Chest,0.0124514295784,-0.7122965,1.5618525,1.29506
3500,2,Chest,0.0145637310347,-0.81085975,1.812375,1.261945
3501,2,Chest,0.0236691267359,-0.95045525,1.812475,1.2021625
3502,2,Chest,0.0136019439575,-0.81615775,1.9385575,1.2638125
3503,2,Chest,0.0107895021331,-0.7131585,1.803105,1.2987125
3504,2,Chest,0.0236938460143,-0.576609,1.56202,1.3440025
3505,2,Chest,0.0166384830733,-0.31725475,1.6880475,1.415295
3506,2,Chest,0.0150425194187,-0.31890075,1.8125725,1.4076525
3507,2,Chest,0.0180108197626,-0.177432775,1.814295,1.4131025
3508,2,Chest,0.0151221423616,0.319943,1.6907,1.41479
3509,2,Chest,0.0184312767312,0.176847775,1.81352,1.412445
3510,2,Chest,0.0150141512973,0.31934975,1.812485,1.407565
3511,2,Chest,0.0138865358384,0.81138875,1.68674,1.259525
3512,2,Chest,0.0141149014038,0.81117275,1.5625125,1.2556925
3513,2,Chest,0.0107895021331,0.7131585,1.803105,1.2987125
3514,2,Chest,0.0145637310347,0.81085975,1.812375,1.261945
3515,2,Chest,0.0230697757938,0.95010925,1.937065,1.2035025
3516,2,Chest,0.0236692249994,0.95045525,1.812475,1.2021625
3517,2,Chest,0.0136019439575,0.81615775,1.9385575,1.2638125
3518,2,Chest,0.0113645623893,1.078255,1.811455,1.143035
3519,2,Chest,0.0235854057432,1.189152,1.95647,1.0572898
3520,2,Chest,0.0220574591851,-1.1038975,2.1887275,1.10743
3521,2,Chest,0.0234714170256,-1.10594,2.3106725,1.109205
3522,2,Chest,0.00972773612457,-0.83453475,2.30059,1.2963825
3523,2,Chest,0.0233700626905,-0.965054,2.4369525,1.2301175
3524,2,Chest,0.0126268851841,-0.32655225,2.17516,1.4331425
3525,2,Chest,0.0180902122052,-0.049764508,2.186786,1.438732
3526,2,Chest,0.0146079098667,-0.3074215,2.44225,1.475195
3527,2,Chest,0.0159331530739,-0.0613318975,2.3134375,1.462775
3528,2,Chest,0.0150548104403,-0.18533975,2.4377125,1.48675
3529,2,Chest,0.0137472325695,-0.1836285,2.3206125,1.468
3530,2,Chest,0.0215936231258,0.2058298,2.192882,1.4485
3531,2,Chest,0.0126268851841,0.32655225,2.17516,1.4331425
3532,2,Chest,0.0154831404209,0.0631341025,2.3134375,1.462775
3533,2,Chest,0.0150548104403,0.18533975,2.4377125,1.48675
3534,2,Chest,0.0137472325695,0.1836285,2.3206125,1.468
3535,2,Chest,0.0146079098667,0.3074215,2.44225,1.475195
3536,2,Chest,0.0111580064677,0.8292935,2.183885,1.2830425
3537,2,Chest,0.023285273229,0.95125025,2.061825,1.208155
3538,2,Chest,0.0119324942213,0.824576,2.0622,1.270195
3539,2,Chest,0.00972773612457,0.83453475,2.30059,1.2963825
3540,2,Chest,0.023364004367,0.965054,2.4369525,1.2301175
3541,2,Chest,0.0251060476049,0.95698025,2.31097,1.2278275
3542,2,Chest,0.0219872111089,0.7028565,2.1840475,1.3319475
3543,2,Chest,0.0214602922393,0.696277,2.0633275,1.31906
3544,2,Chest,0.0226821077908,0.7171908,2.314858,1.34516
3545,2,Chest,0.0234713972606,1.10594,2.3106725,1.109205
3546,8,RShoulder,0.0326145113208,4.205332,2.42253,1.402956
3547,5,LShoulder,0.0341321523122,-4.05708,2.671752,1.0548978
3548,5,LShoulder,0.0243518209791,-4.076605,2.9447575,1.1889825
3549,5,LShoulder,0.026535153764,-4.22596,2.72636,1.4401325
3550,5,LShoulder,0.0263614068614,-4.0618225,2.92616,1.318105
3551,5,LShoulder,0.0326271665133,-4.085394,2.847744,1.447512
3552,5,LShoulder,0.0280741416853,-3.6511475,2.6474975,1.1896325
3553,5,LShoulder,0.0257872726665,-3.550598,2.962226,1.211152
3554,5,LShoulder,0.0285811750264,-3.537854,2.789252,1.192198
3555,5,LShoulder,0.024264672639,-3.7954075,2.544605,1.31624
3556,5,LShoulder,0.0248173354231,-3.67997,2.6748725,1.32257
3557,5,LShoulder,0.0241229591649,-3.9349475,2.9808725,1.3423825
3558,5,LShoulder,0.0274062731722,-3.65684,2.807305,1.341735
3559,5,LShoulder,0.0276904650869,-3.6772575,2.94466,1.3094475
3560,5,LShoulder,0.0275803220961,-3.45455,2.8102475,1.0676165
3561,2,Chest,0.0233550912745,-1.1085525,2.6885375,1.098085
3562,2,Chest,0.0247114725626,-1.105775,2.811545,1.0930875
3563,2,Chest,0.0232008941469,-0.98650325,2.936075,1.2353225
3564,2,Chest,0.0224410632606,-0.98297225,2.8106275,1.2344775
3565,2,Chest,0.0239128523522,-0.8343615,2.6880625,1.3421475
3566,2,Chest,0.014419591936,-0.55348125,2.692865,1.478195
3567,2,Chest,0.0218282583607,-0.84548375,2.812185,1.348235
3568,2,Chest,0.0141580341816,-0.55611225,2.8131075,1.499215
3569,2,Chest,0.0230429917741,-0.69575875,2.9374325,1.44896
3570,2,Chest,0.0222798267989,-0.69359825,2.814395,1.4429625
3571,2,Chest,0.0158110186895,-0.18603825,2.55732,1.5095675
3572,2,Chest,0.014429240526,-0.06055125,2.6752425,1.5311175
3573,2,Chest,0.015596476552,-0.18653475,2.675725,1.53292
3574,2,Chest,0.0156948785992,-0.44021175,2.8083975,1.527025
3575,2,Chest,0.0159102362196,-0.31545125,2.7978975,1.5461
3576,2,Chest,0.0134830649154,-0.0610225,2.787605,1.5535325
3577,2,Chest,0.0142866667887,-0.1864325,2.7885525,1.55502
3578,2,Chest,0.0150854780246,0.31240875,2.560545,1.49829
3579,2,Chest,0.014477806814,0.4382365,2.6858225,1.5026725
3580,2,Chest,0.0156377028911,0.316064,2.67895,1.522275
3581,2,Chest,0.0134830649154,0.0610225,2.787605,1.5535325
3582,2,Chest,0.0142866667887,0.1864325,2.7885525,1.55502
3583,2,Chest,0.0156948785992,0.44021175,2.8083975,1.527025
3584,2,Chest,0.0159102362196,0.31545125,2.7978975,1.5461
3585,2,Chest,0.0223176549748,0.9752295,2.5618875,1.2283875
3586,2,Chest,0.0231988619043,0.98650325,2.936075,1.2353225
3587,2,Chest,0.0224410234221,0.98297225,2.8106275,1.2344775
3588,2,Chest,0.0239128523522,0.8343615,2.6880625,1.3421475
3589,2,Chest,0.0141580341816,0.55611225,2.8131075,1.499215
3590,2,Chest,0.023043287709,0.69575875,2.9374325,1.44896
3591,2,Chest,0.0222798241703,0.69359825,2.814395,1.4429625
3592,2,Chest,0.0218282584403,0.84548375,2.812185,1.348235
3593,2,Chest,0.0246964660556,1.105775,2.811545,1.0930875
3594,8,RShoulder,0.0275803220961,3.45455,2.8102475,1.0676165
3595,8,RShoulder,0.0248173354231,3.67997,2.6748725,1.32257
3596,8,RShoulder,0.0260869704907,3.7770475,2.6845525,1.4663725
3597,8,RShoulder,0.0270772898262,3.65684,2.807305,1.341735
3598,8,RShoulder,0.0277680676606,3.9299975,2.855295,1.488145
3599,8,RShoulder,0.0241838537242,4.09847,2.8140025,1.04673125
3600,8,RShoulder,0.0262699523975,4.22596,2.72636,1.4401325
3601,8,RShoulder,0.0259465085737,4.0618225,2.92616,1.318105
3602,8,RShoulder,0.0334851812691,4.085394,2.847744,1.447512
3603,5,LShoulder,0.0267389972358,-3.6852575,3.2125925,1.088914
3604,5,LShoulder,0.0255094530247,-3.663454,3.074696,1.212768
3605,2,Chest,0.0225127966477,-1.09819,3.1872375,1.0910925
3606,2,Chest,0.0224957651433,-1.10048,3.30979,1.0927775
3607,2,Chest,0.0238460715816,-0.8688028,3.189466,1.365294
3608,2,Chest,0.0234636313098,-0.698864,3.061435,1.45914
3609,2,Chest,0.0114380894747,-0.5779305,3.1869575,1.5376425
3610,2,Chest,0.0132905888682,-0.840575,3.3122275,1.401135
3611,2,Chest,0.0118947445838,-0.57789225,3.313765,1.5357975
3612,2,Chest,0.0220545741633,0.9921904,3.190398,1.241956
3613,2,Chest,0.0104916501448,1.033595,3.4280375,1.2144075
3614,2,Chest,0.0130919644029,1.022827,3.3109775,1.215515
3615,2,Chest,0.023463807949,0.698864,3.061435,1.45914
3616,2,Chest,0.0238460715816,0.8688028,3.189466,1.365294
3617,2,Chest,0.0118947445838,0.57789225,3.313765,1.5357975
3618,2,Chest,0.0227235845958,0.7156976,3.442954,1.466184
3619,2,Chest,0.0252055679673,0.70900575,3.3110725,1.4748575
3620,2,Chest,0.0132905888682,0.840575,3.3122275,1.401135
3621,2,Chest,0.0224956976496,1.10048,3.30979,1.0927775
3622,8,RShoulder,0.0246426209617,3.9431125,3.063665,1.1931275
3623,8,RShoulder,0.0250960446729,3.8184675,3.1891275,1.069004
3624,8,RShoulder,0.0241757350841,3.811135,3.0989125,1.21345
3625,2,Chest,0.0140807108682,-1.130545,3.688165,1.0662625
3626,2,Chest,0.0220823979114,-1.087002,3.685824,1.215134
3627,2,Chest,0.0142728822775,-1.14494,3.8105875,1.07155
3628,2,Chest,0.0128393320728,-1.1503975,3.9366375,1.184885
3629,2,Chest,0.0132175181636,-0.68546175,3.5471475,1.5047775
3630,2,Chest,0.0118926736924,-0.807204,3.9498675,1.5337975
3631,2,Chest,0.0112662161389,-0.68705425,3.9604675,1.54388
3632,2,Chest,0.0139621413246,-0.18812175,3.5919425,1.5514975
3633,2,Chest,0.0146850779,-0.062356216,3.7010975,1.522165
3634,2,Chest,0.0141640585203,-0.18751575,3.6999675,1.5208125
3635,2,Chest,0.016553377082,-0.4227705,3.81432,1.543685
3636,2,Chest,0.0149005417829,-0.31073825,3.934825,1.488865
3637,2,Chest,0.0145172394971,-0.3051155,3.81467,1.51091
3638,2,Chest,0.0142500394605,-0.062684566,3.810185,1.4883825
3639,2,Chest,0.0221870803498,-0.1923942,3.961008,1.452664
3640,2,Chest,0.0144585322842,-0.187263,3.8121325,1.4915075
3641,2,Chest,0.0130826135003,0.31326,3.58615,1.547725
3642,2,Chest,0.0149315375177,0.426815,3.6893625,1.5452825
3643,2,Chest,0.0138197821415,0.30785575,3.6954975,1.52784
3644,2,Chest,0.014161621817,0.063080434,3.810185,1.4883825
3645,2,Chest,0.0221870803498,0.1923942,3.961008,1.452664
3646,2,Chest,0.0144585322842,0.187263,3.8121325,1.4915075
3647,2,Chest,0.016553377082,0.4227705,3.81432,1.543685
3648,2,Chest,0.0149005417829,0.31073825,3.934825,1.488865
3649,2,Chest,0.0145172394971,0.3051155,3.81467,1.51091
3650,2,Chest,0.0241549301361,0.959156,3.567062,1.340342
3651,2,Chest,0.011183671141,1.0296795,3.667935,1.3365
3652,2,Chest,0.0112662161389,0.68705425,3.9604675,1.54388
3653,2,Chest,0.0294570522104,0.96842525,3.81146,1.4739475
3654,2,Chest,0.0118926736924,0.807204,3.9498675,1.5337975
3655,2,Chest,0.0142728822775,1.14494,3.8105875,1.07155
3656,2,Chest,0.0128393320728,1.1503975,3.9366375,1.184885
3657,2,Chest,0.0252039769483,-1.186532,4.044118,1.064699
3658,2,Chest,0.0111765351572,-1.16174,4.0606325,1.1981925
3659,2,Chest,0.0248440887625,-1.21188,4.43448,1.07509125
3660,2,Chest,0.024127981046,-1.0794765,4.43924,1.220785
3661,2,Chest,0.0107581434633,-0.94453775,4.45227,1.28743
3662,2,Chest,0.00987123494162,-0.8229335,4.2110125,1.417385
3663,2,Chest,0.0223970878132,-0.8053336,4.090438,1.475168
3664,2,Chest,0.0151753233378,-0.6869995,4.0591325,1.5031375
3665,2,Chest,0.0237558423757,-0.5430212,4.18649,1.439014
3666,2,Chest,0.0239006219869,-0.7078372,4.187064,1.44086
3667,2,Chest,0.0149517012195,-0.8091485,4.308175,1.3722625
3668,2,Chest,0.0135824437411,-0.686857,4.3148375,1.3800725
3669,2,Chest,0.0105747876564,-0.3007715,4.4609875,1.2879975
3670,2,Chest,0.0129739618274,-0.06187775,4.4524575,1.26288
3671,2,Chest,0.0126278046465,-0.1846865,4.456885,1.274055
3672,2,Chest,0.0140780765051,-0.30941,4.19928,1.3954925
3673,2,Chest,0.0233063310579,-0.2919222,4.064232,1.443712
3674,2,Chest,0.014703161771,-0.18647525,4.1882625,1.37879
3675,2,Chest,0.0222894650075,-0.3157734,4.34118,1.339094
3676,2,Chest,0.0244132809725,-0.4193534,4.438534,1.313648
3677,2,Chest,0.0218770253007,-0.1849745,4.3259425,1.32602
3678,2,Chest,0.0129739618274,0.06187775,4.4524575,1.26288
3679,2,Chest,0.0126278046465,0.1846865,4.456885,1.274055
3680,2,Chest,0.0105747876564,0.3007715,4.4609875,1.2879975
3681,2,Chest,0.014703161771,0.18647525,4.1882625,1.37879
3682,2,Chest,0.0140780765051,0.30941,4.19928,1.3954925
3683,2,Chest,0.0233087341884,0.2919222,4.064232,1.443712
3684,2,Chest,0.0218770253007,0.1849745,4.3259425,1.32602
3685,2,Chest,0.0222894650075,0.3157734,4.34118,1.339094
3686,2,Chest,0.0107581434633,0.94453775,4.45227,1.28743
3687,2,Chest,0.00987123494162,0.8229335,4.2110125,1.417385
3688,2,Chest,0.0223976010801,0.8053336,4.090438,1.475168
3689,2,Chest,0.0135824437411,0.686857,4.3148375,1.3800725
3690,2,Chest,0.022887516078,0.5641865,4.4521175,1.322385
3691,2,Chest,0.022999537597,0.6857945,4.45296,1.3233825
3692,2,Chest,0.0149517012195,0.8091485,4.308175,1.3722625
3693,2,Chest,0.0247862047817,1.21188,4.43448,1.07509125
3694,2,Chest,0.0241324123063,1.0794765,4.43924,1.220785
3695,2,Chest,0.0252282180183,1.20753,4.31161,1.08146175
3696,2,Chest,0.0252328728295,1.1023,4.312304,1.243332
3697,2,Chest,0.0294824999099,1.0605118,4.208554,1.313058
3698,1,Neck,0.0217101042368,-1.100166,4.695582,1.115864
3699,1,Neck,0.0271594395014,-1.057909,4.580254,1.18482
3700,1,Neck,0.0243814115397,-0.68791825,4.70895,1.22206
3701,1,Neck,0.0105706659294,-0.5632295,4.5795575,1.27312
3702,1,Neck,0.0102901304857,-0.6869245,4.5804675,1.275925
3703,1,Neck,0.0242746163723,-0.562799,4.70737,1.2186375
3704,1,Neck,0.0131086022096,-0.932401,4.81958,1.13844
3705,1,Neck,0.0104798243057,-0.56280675,4.8331075,1.162425
3706,1,Neck,0.0253715939655,-0.6879525,4.9588325,1.107265
3707,1,Neck,0.0108503558894,-0.0606205,4.71336,1.1531
3708,1,Neck,0.0227606920988,-0.060668,4.5862925,1.2059875
3709,1,Neck,0.0106803473109,-0.4382335,4.830665,1.1474325
3710,1,Neck,0.0245372263241,-0.16889196,4.940734,1.068986
3711,1,Neck,0.0246848869335,0.2938836,4.688836,1.191278
3712,1,Neck,0.0129580096799,0.4387815,4.568095,1.2638125
3713,1,Neck,0.015163751372,0.3132005,4.5603925,1.2484475
3714,1,Neck,0.0237291363696,0.43919575,4.703745,1.2052325
3715,1,Neck,0.0226413403058,0.06819236,4.84766,1.098344
3716,1,Neck,0.0106803473109,0.4382335,4.830665,1.1474325
3717,1,Neck,0.0233845192861,0.3142025,4.9538875,1.07787
3718,1,Neck,0.0243831729124,0.810638,4.7070675,1.2109275
3719,1,Neck,0.0142680979439,0.93131175,4.5573225,1.247255
3720,1,Neck,0.0127076983366,0.81151375,4.5688175,1.268035
3721,1,Neck,0.0244953136157,0.9515556,4.686848,1.187478
3722,1,Neck,0.0104798243057,0.56280675,4.8331075,1.162425
3723,1,Neck,0.0131086022096,0.932401,4.81958,1.13844
3724,1,Neck,0.0233963000437,0.81283775,4.9543675,1.1007425
3725,1,Neck,0.0252527842583,1.0636516,4.837762,1.080716
3726,0,Head,0.0101334216703,-0.57215675,6.7063975,1.0468825
3727,0,Head,0.019853428244,-0.593944,6.817326,1.081386
3728,0,Head,0.0239992869619,-0.5715842,6.924708,1.192216
3729,0,Head,0.00621920666998,-0.33695675,6.78976,1.0349175
3730,0,Head,0.018016091576,-0.260544,6.890148,1.0625782
3731,0,Head,0.0162253600015,-0.07138968,6.921164,1.278528
3732,0,Head,0.00316457623246,0.3572155,6.7224425,1.01394525
3733,0,Head,0.00621920666998,0.33695675,6.78976,1.0349175
3734,0,Head,0.0180188930647,0.260544,6.890148,1.0625782
3735,0,Head,0.0200823372085,0.06128716,6.921164,1.278528
3736,0,Head,0.00990083839239,0.2124455,6.9693975,1.4665825
3737,0,Head,0.0153603242796,0.4674502,6.969878,1.335002
3738,0,Head,0.0198518827302,0.593944,6.817326,1.081386
3739,0,Head,0.0239992869619,0.5715842,6.924708,1.192216
3740,0,Head,0.0147580572564,-0.64332175,7.185245,1.072
3741,0,Head,0.0214447563689,-0.5817368,7.070852,1.203692
3742,0,Head,0.0134563115447,-0.53796025,7.158215,1.226225
3743,0,Head,0.0158207616133,-0.636756,7.3147,1.0752025
3744,0,Head,0.0081916609164,-0.59551375,7.45987,1.1614175
3745,0,Head,0.0137183526307,-0.5263155,7.462145,1.223725
3746,0,Head,0.0203898558972,-0.2126495,7.20537,1.20351833333
3747,0,Head,0.00831387544659,-0.413572,7.3011125,1.1484475
3748,0,Head,0.00586743624921,-0.40615775,7.3774825,1.1835675
3749,0,Head,0.0226226333425,-0.118712204,7.194116,1.4583
3750,0,Head,0.0315479942168,-0.111292868,7.31906,1.439844
3751,0,Head,0.0115915308531,-0.1836815,7.3803925,1.3998275
3752,0,Head,0.0110201568263,-0.16194325,7.452585,1.4802775
3753,0,Head,0.00424873091668,0.4281215,7.2259325,1.1716575
3754,0,Head,0.00831387544659,0.413572,7.3011125,1.1484475
3755,0,Head,0.00586743624921,0.40615775,7.3774825,1.1835675
3756,0,Head,0.0175296632089,0.317723333333,7.41102833333,1.21098333333
3757,0,Head,0.00809930000369,0.500221,7.048955,1.3147875
3758,0,Head,0.0333897114191,0.106770732,7.31906,1.439844
3759,0,Head,0.0115915308531,0.1836815,7.3803925,1.3998275
3760,0,Head,0.0132131314119,0.2367915,7.45548,1.4267175
3761,0,Head,0.0110201568263,0.16194325,7.452585,1.4802775
3762,0,Head,0.0158207616133,0.636756,7.3147,1.0752025
3763,0,Head,0.0081916609164,0.59551375,7.45987,1.1614175
3764,0,Head,0.0137183526307,0.5263155,7.462145,1.223725
3765,0,Head,0.0147429274792,-0.62646275,7.68612,1.0692525
3766,0,Head,0.0205686457386,-0.5674416,7.556598,1.196896
3767,0,Head,0.0229923306271,-0.5954486,7.810032,1.096296
3768,0,Head,0.0112490100988,-0.3367355,7.6911175,1.4041575
3769,0,Head,0.0245768111945,-0.2079542,7.553872,1.474848
3770,0,Head,0.0127367595514,-0.056774475,7.6840125,1.51071
3771,0,Head,0.024085386482,-0.3548668,7.809746,1.355902
3772,0,Head,0.0287880551243,0.454893,7.964338,1.204302
3773,0,Head,0.0213240204972,0.4913212,7.817842,1.236608
3774,0,Head,0.0112490100988,0.3367355,7.6911175,1.4041575
3775,0,Head,0.00720363523957,0.4903765,7.5843175,1.3028225
3776,0,Head,0.0259564261676,0.445256833333,7.696805,1.31884333333
3777,0,Head,0.0227073693359,0.0587372375,7.83327,1.467345
3778,0,Head,0.024085386482,0.3548668,7.809746,1.355902
3779,0,Head,0.0277770502072,0.3136092,7.958992,1.319922
3780,0,Head,0.0229850074092,0.5954486,7.810032,1.096296
3781,0,Head,0.0219368520534,-0.060048465,8.221135,1.2199725
3782,0,Head,0.0224991728427,-0.0599369475,8.080515,1.3386975
3783,0,Head,0.0228243477198,0.414354,8.19348,1.065255
3784,0,Head,0.0106508779379,0.322359,8.2648725,1.0691225
3785,0,Head,0.0225150823613,0.0600940525,8.080515,1.3386975
3786,5,LShoulder,0.0137768713654,-4.026616,2.453942,1.684534
3787,5,LShoulder,0.015103187686,-4.180645,2.691675,1.6732575
3788,5,LShoulder,0.0146976173883,-4.06194,2.7791275,1.5858175
3789,5,LShoulder,0.0112575980174,-4.0503925,2.5713925,1.7355175
3790,2,Chest,0.0213219262465,-0.1852435,2.92767,1.5800975
3791,2,Chest,0.0213219262465,0.1852435,2.92767,1.5800975
3792,2,Chest,0.0226492475602,0.329004,2.941072,1.57057
3793,8,RShoulder,0.0364573396208,3.924794,2.704568,1.592472
3794,2,Chest,0.014068078276,-0.18574075,3.06944,1.6025
3795,2,Chest,0.0153648025356,-0.06248125,3.187565,1.608965
3796,2,Chest,0.0143581944341,-0.06251475,3.3059925,1.6079575
3797,2,Chest,0.0228552217479,-0.18730275,3.4512025,1.5867225
3798,2,Chest,0.0135970263547,0.304517,3.0703575,1.5954825
3799,2,Chest,0.0143581944341,0.06251475,3.3059925,1.6079575
3800,2,Chest,0.0228552217479,0.18730275,3.4512025,1.5867225
3801,2,Chest,0.0215632791081,0.44842125,3.30991,1.57521
3802,2,Chest,0.0210885161384,0.30975475,3.4485175,1.580105
3803,13,LFoot,0.0124329220189,-2.5350525,-8.10273,0.3157145
3804,13,LFoot,0.0119116021823,-2.5973725,-8.0351525,0.31567225
3805,16,RFoot,0.0267819361193,2.55251666667,-8.054715,0.183461466667
3806,16,RFoot,0.0124329220189,2.5350525,-8.10273,0.3157145
3807,16,RFoot,0.0119116021823,2.5973725,-8.0351525,0.31567225
3808,13,LFoot,0.0126127533737,-2.536065,-8.1058025,0.68550425
3809,13,LFoot,0.0156582083385,-2.61685,-8.04684,0.68125625
3810,13,LFoot,0.00981739411947,-2.5289575,-8.1144225,0.80973275
3811,13,LFoot,0.017649495079,-2.616045,-8.0507325,0.8024865
3812,16,RFoot,0.0126127533737,2.536065,-8.1058025,0.68550425
3813,16,RFoot,0.0156582083385,2.61685,-8.04684,0.68125625
3814,16,RFoot,0.00981739411947,2.5289575,-8.1144225,0.80973275
3815,16,RFoot,0.017649495079,2.616045,-8.0507325,0.8024865
3816,13,LFoot,0.0101267296707,-2.522495,-8.0828475,1.164575
3817,13,LFoot,0.0033451311376,-2.56866,-8.0393325,1.167185
3818,16,RFoot,0.0101267296707,2.522495,-8.0828475,1.164575
3819,16,RFoot,0.0033451311376,2.56866,-8.0393325,1.167185
3820,4,Pelvis,0.0152517745099,-0.935132,0.0636205925,-0.88537575
3821,4,Pelvis,0.0226438464792,-0.43200975,0.180746125,-0.93628825
3822,4,Pelvis,0.014914190245,-0.43846475,0.0542239975,-0.900371
3823,4,Pelvis,0.021158169615,0.5651975,0.175321675,-0.9516925
3824,4,Pelvis,0.0115477357542,0.563973,0.0440993125,-0.9141895
3825,4,Pelvis,0.0261169294297,-0.9520202,1.058344,-0.8037962
3826,4,Pelvis,0.0250497147696,-0.42127,1.05871,-0.8100418
3827,4,Pelvis,0.024059612112,0.564913,1.077636,-0.82996175
3828,13,LFoot,0.0244645458234,-2.33505,-7.9310725,-0.46473325
3829,13,LFoot,0.0279969139505,-2.491822,-7.948668,-0.3486528
3830,16,RFoot,0.0174569121309,2.059985,-6.4412075,-0.39514925
3831,12,LLeg,0.0264081756601,-1.56663,-5.455924,-0.434934
3832,12,LLeg,0.0257518755829,-1.422245,-3.9354825,-0.34730625
3833,15,RLeg,0.0217935169974,1.5572875,-4.0575125,-0.43029125
3834,15,RLeg,0.0132218320533,1.5671925,-3.9283825,-0.40891925
3835,12,LLeg,0.0214806065135,-1.4286225,-3.4374475,-0.314211
3836,15,RLeg,0.0210531427879,1.5781525,-3.4347225,-0.3163195
3837,12,LLeg,0.0140898176977,-1.4322425,-2.4368675,-0.3554195
3838,12,LLeg,0.0266205844659,-0.92082025,-1.941035,-0.3330615
3839,15,RLeg,0.0239250855226,1.171044,-1.934414,-0.4420316
3840,15,RLeg,0.0237308689693,1.0648054,-1.829378,-0.435691
3841,15,RLeg,0.011191920398,1.0551375,-1.9490225,-0.410028
3842,14,RThigh,0.0221548097358,1.5994675,-0.435968,-0.3431455
3843,8,RShoulder,0.0222317168466,1.5787425,0.0616285215,-0.322197
3844,8,RShoulder,0.0234706534619,1.454155,0.5603495,-0.45208825
3845,3,Back,0.0106005747253,1.0779875,1.587945,-0.409731
3846,3,Back,0.0263698075117,-0.949249666667,4.04944333333,-0.33048
3847,3,Back,0.0147909620754,-0.4375175,4.0573775,-0.4167485
3848,3,Back,0.0157894167592,0.062402,4.0616475,-0.38364425
3849,3,Back,0.0152133305053,0.56209725,4.0605575,-0.40056325
3850,1,Neck,0.0277398237372,-1.44824166667,4.5544,-0.312862333333
3851,1,Neck,0.0207416041124,-0.9360706,5.608388,-0.3528916
3852,1,Neck,0.0233914916578,0.0610565,5.4578375,-0.44757325
3853,1,Neck,0.0106461087152,0.0605915,5.5898675,-0.405048
3854,1,Neck,0.0264344051635,1.0646405,5.5849275,-0.33485575
3855,0,Head,0.015826048517,0.064435817,7.5623725,-0.3889345
3856,13,LFoot,0.0163026913795,-2.42656,-6.4325075,0.06357292425
3857,12,LLeg,0.0174626649905,-2.413135,-5.935795,0.06773223275
3858,12,LLeg,0.0179979719849,-2.419,-5.439335,0.070630123
3859,12,LLeg,0.01454860151,-2.4069075,-4.9374775,0.05551570575
3860,12,LLeg,0.0236291534571,-2.303865,-4.4305825,0.0722336075
3861,15,RLeg,0.0140553078062,1.136595,-3.930275,0.0699385875
3862,15,RLeg,0.0234581689621,1.967136,-3.440084,0.033554932
3863,12,LLeg,0.0124322029503,-1.9106775,-2.9326925,0.06128645
3864,12,LLeg,0.0110031846704,-1.9090375,-2.43733,0.04542295
3865,12,LLeg,0.0217366833615,-1.938705,-2.43615,0.17330485
3866,12,LLeg,0.0101746427243,-1.90959,-1.9371075,0.0365712175
3867,12,LLeg,0.0136553406181,-1.8944325,-1.4378925,0.063167245
3868,4,Pelvis,0.0215288609247,-0.5500908,-1.42923,0.03815479
3869,11,LThigh,0.0136446626871,-1.8680875,-0.93796575,0.066564625
3870,8,RShoulder,0.0147071795108,1.50642,1.5621475,0.0651451125
3871,3,Back,0.0158265517846,-1.39763,4.0545525,0.0649856025
3872,3,Back,0.0222841613265,-1.442578,4.190122,0.043713486
3873,3,Back,0.0236382270648,2.1508075,4.0282025,0.06348699325
3874,3,Back,0.0230474900436,2.03206,4.166805,0.06403701575
3875,3,Back,0.0272827544538,3.080554,3.950706,0.040430024
3876,1,Neck,0.0273758269016,2.0684,5.44359,0.041424558
3877,1,Neck,0.0249295788597,1.94609,5.563484,0.042617772
3878,0,Head,0.0156940153479,0.494106,6.063085,0.0660382525
3879,0,Head,0.02215419654,0.43293875,6.5626175,0.054002975
3880,0,Head,0.0118576145236,0.53069575,7.0504975,0.050329415
3881,13,LFoot,0.0273626756479,-2.323458,-7.434476,0.5589696
3882,13,LFoot,0.0244683014327,-1.946904,-7.43801,0.456521
3883,13,LFoot,0.0237819362593,-1.928096,-7.538498,0.5538494
3884,12,LLeg,0.0131112157785,-1.9354825,-4.93509,0.50505375
3885,12,LLeg,0.0117799212817,-1.94688,-4.4399075,0.532164
3886,12,LLeg,0.0270894403715,-1.44051,-4.461328,0.4364078
3887,15,RLeg,0.0122540396813,1.5542275,-4.4502475,0.52696425
3888,15,RLeg,0.0244985426475,2.064635,-4.4411775,0.4432625
3889,12,LLeg,0.0236907045052,-1.9623625,-3.4362225,0.45333125
3890,12,LLeg,0.010566875003,-1.912915,-3.4361675,0.58301925
3891,15,RLeg,0.0253476658904,1.04994666667,-3.44988166667,0.450229
3892,15,RLeg,0.0121209672247,1.1017025,-3.4504825,0.57359525
3893,12,LLeg,0.0109712631,-1.922355,-2.9508675,0.5755405
3894,12,LLeg,0.0224866160776,-1.935332,-2.82942,0.5594388
3895,15,RLeg,0.014346029933,1.9682525,-1.93733,0.55611775
3896,4,Pelvis,0.0248314170552,0.546643666667,-1.44800333333,0.448003
3897,4,Pelvis,0.0124626632954,0.581556,-1.45271,0.57979675
3898,4,Pelvis,0.0250376187599,0.548269666667,-1.32367833333,0.575413
3899,15,RLeg,0.0141959920788,1.9750225,-1.43755,0.55677375
3900,9,RArm,0.019545425865,1.951365,-0.93155225,0.56122975
3901,11,LThigh,0.0160684118243,-1.8853025,-0.43306575,0.561044
3902,4,Pelvis,0.0150756569264,0.05933775,-0.4066225,0.5637415
3903,5,LShoulder,0.0138906478221,-2.92134,3.5613425,0.5218845
3904,5,LShoulder,0.0209396815911,-3.0439775,3.558405,0.59428975
3905,2,Chest,0.0293246363696,-2.96460833333,4.08877,0.447002666667
3906,1,Neck,0.0181067522646,-2.433915,4.5602475,0.5290035
3907,1,Neck,0.0269524983308,2.55989,4.585728,0.4313786
3908,1,Neck,0.0224891616198,-0.9425232,5.578062,0.4625206
3909,1,Neck,0.00945266474905,-0.924336,5.5374375,0.5827135
3910,1,Neck,0.023033249169,-1.0426108,5.56546,0.5582442
3911,1,Neck,0.0212191774162,0.571222,5.611348,0.4749066
3912,1,Neck,0.0108032311166,0.57537,5.528255,0.583746
3913,0,Head,0.0224482346972,-0.31916475,6.0622975,0.5617635
3914,0,Head,0.0106560163645,0.49308875,6.5723625,0.5391755
3915,0,Head,0.0136686702455,0.0556004365,8.48059,0.5610995
3916,12,LLeg,0.0142846667272,-1.43587,-2.4430525,1.028165
3917,15,RLeg,0.0140420955134,1.55771,-2.4411125,1.0189845
3918,15,RLeg,0.0127599310518,1.03608725,-1.4414525,1.0352275
3919,15,RLeg,0.0225752892636,1.171345,-1.4395725,1.0797475
3920,4,Pelvis,0.024573630646,0.5271898,-0.4362282,0.976356
3921,5,LShoulder,0.0100657081107,-1.4662425,0.07535590475,1.03803
3922,5,LShoulder,0.0240393505192,-1.439366,-0.0426612602,1.068334
3923,4,Pelvis,0.0212695125921,-1.316555,0.56073275,1.05975
3924,5,LShoulder,0.0243035482798,-1.438882,1.0816108,0.9399452
3925,5,LShoulder,0.0105312638278,-3.9326875,2.597595,1.0413925
3926,5,LShoulder,0.0222435152605,-3.940105,2.52339,1.16272
3927,8,RShoulder,0.032813709208,4.05708,2.671752,1.0548978
3928,1,Neck,0.0126731811881,-0.93763625,5.0682275,1.02619
3929,1,Neck,0.0254017700908,-0.956395,4.939118,1.07685
3930,1,Neck,0.0105246935933,-0.43626525,5.081685,1.033085
3931,1,Neck,0.0137678731514,0.061439,5.0615675,1.01406625
3932,1,Neck,0.0109072270423,0.56050625,5.0825525,1.040715
3933,1,Neck,0.0140805426406,1.05713,5.058075,1.00251075
3934,0,Head,0.0101334216703,0.57215675,6.7063975,1.0468825
3935,2,Chest,0.0144957860561,-0.4330585,2.566775,1.477975
3936,2,Chest,0.0148608778867,0.06070475,2.55739,1.50645
3937,2,Chest,0.0133376014216,0.56936375,3.0601425,1.5263575
3938,2,Chest,0.0238767148359,0.4356722,3.044634,1.567768
3939,2,Chest,0.0148451029767,-0.43756925,3.57076,1.5430525
3940,2,Chest,0.0217852342231,-0.44200025,3.441505,1.5574975
3941,2,Chest,0.0136300319164,0.0631151325,3.5926125,1.5543925
3942,2,Chest,0.0152298462248,0.56342275,3.5529875,1.5291825
3943,2,Chest,0.0222698680982,-0.4407264,4.092194,1.467426
3944,2,Chest,0.0147860269393,0.5618955,4.0609925,1.499775
3945,0,Head,0.0138858554157,0.0552834675,7.5630425,1.520085
3946,4,Pelvis,0.0142229157117,-0.56911925,0.437803,-0.9924745
3947,4,Pelvis,0.0221614290645,-0.42430025,0.43860325,-0.96475775
3948,4,Pelvis,0.0142229157117,0.56911925,0.437803,-0.9924745
3949,4,Pelvis,0.0234738697198,0.9362786,0.4185868,-0.947784
3950,4,Pelvis,0.0137147734786,-0.57024775,0.55863775,-0.99233875
3951,4,Pelvis,0.022086770882,0.42697025,0.5618525,-0.95922175
3952,4,Pelvis,0.0220327310067,0.94297725,0.5638725,-0.95201575
3953,13,LFoot,0.0269294705009,-2.067524,-7.958512,-0.4299514
3954,16,RFoot,0.0207127190926,2.0663375,-6.0694975,-0.467251
3955,12,LLeg,0.0135376547096,-2.056915,-5.92948,-0.48626175
3956,12,LLeg,0.0230705577663,-1.9574,-5.558204,-0.5658288
3957,12,LLeg,0.0111826148097,-2.0709575,-5.57548,-0.537943
3958,15,RLeg,0.0139699858266,1.9443125,-5.92956,-0.48740525
3959,15,RLeg,0.0111777403705,2.0709475,-5.575465,-0.537948
3960,15,RLeg,0.0120038605648,1.519155,-5.060145,-0.53212075
3961,12,LLeg,0.0234535580503,-2.093482,-4.563322,-0.4772618
3962,12,LLeg,0.0106551054276,-1.950875,-4.546925,-0.5442355
3963,12,LLeg,0.011336393583,-1.5521075,-4.5483425,-0.54114825
3964,12,LLeg,0.0236345755589,-1.566498,-4.670316,-0.5651644
3965,12,LLeg,0.0241216805282,-1.665512,-4.56473,-0.574774
3966,12,LLeg,0.0264312304892,-1.4317725,-4.5605525,-0.44616475
3967,15,RLeg,0.011336393583,1.5521075,-4.5483425,-0.54114825
3968,15,RLeg,0.0236393155293,1.566498,-4.670316,-0.5651644
3969,15,RLeg,0.0240388966057,1.665512,-4.56473,-0.574774
3970,15,RLeg,0.0106551054276,1.950875,-4.546925,-0.5442355
3971,12,LLeg,0.0137654751357,-1.5660175,-4.4337225,-0.522399
3972,15,RLeg,0.0231875859859,1.441925,-4.4389325,-0.434976
3973,15,RLeg,0.0150049589036,1.93453,-4.43657,-0.516255
3974,12,LLeg,0.0155395636064,-1.069755,-1.5600175,-0.491887
3975,12,LLeg,0.0241937275331,-0.9409106,-1.579922,-0.4337462
3976,15,RLeg,0.0223159434155,1.4408325,-1.9406075,-0.4245655
3977,15,RLeg,0.0155395636064,1.069755,-1.5600175,-0.491887
3978,15,RLeg,0.0242007147751,1.46522,-1.557522,-0.4675812
3979,12,LLeg,0.0230746633817,-1.55745,-1.45626,-0.4338418
3980,11,LThigh,0.0219468137445,-1.5601425,-1.06289,-0.433093
3981,12,LLeg,0.0148323285323,-1.0689175,-1.4360375,-0.51601
3982,11,LThigh,0.0148936972669,-1.4336975,-1.06291,-0.508268
3983,11,LThigh,0.0125538934667,-0.929963,-1.06439,-0.52514825
3984,15,RLeg,0.0239020872528,0.92447075,-1.436295,-0.454611
3985,14,RThigh,0.0215612445316,1.05128575,-1.06610975,-0.55857875
3986,14,RThigh,0.0125538934667,0.929963,-1.06439,-0.52514825
3987,15,RLeg,0.0160632433589,1.4309975,-1.4355125,-0.4941155
3988,14,RThigh,0.0148936972669,1.4336975,-1.06291,-0.508268
3989,14,RThigh,0.0219468137445,1.5601425,-1.06289,-0.433093
3990,11,LThigh,0.0247681160978,-0.925497,-0.823956666667,-0.572553833333
3991,4,Pelvis,0.0234775875362,-0.5638508,-0.4743468,-0.5995326
3992,4,Pelvis,0.0106355764813,-0.54907125,-0.58297225,-0.51666675
3993,4,Pelvis,0.0254433179138,-0.671394666667,-0.5828805,-0.580360833333
3994,4,Pelvis,0.0266226917629,-0.420519,-0.4347168,-0.5569762
3995,14,RThigh,0.0198642977598,1.0313604,-0.9297692,-0.572195
3996,14,RThigh,0.00956039104168,0.91446175,-0.95063775,-0.538699
3997,14,RThigh,0.0247489226013,0.925497,-0.823956666667,-0.572553833333
3998,4,Pelvis,0.0234775875362,0.5638508,-0.4743468,-0.5995326
3999,4,Pelvis,0.0106355764813,0.54907125,-0.58297225,-0.51666675
4000,14,RThigh,0.0140105037237,1.4348675,-0.938985,-0.5100585
4001,4,Pelvis,0.0229066671149,-1.357025,-0.066616285,-0.61195325
4002,4,Pelvis,0.0245622985569,-0.5675174,-0.09523569,-0.8516502
4003,4,Pelvis,0.0061428353945,0.0080135525,-0.066632225,-0.5495525
4004,4,Pelvis,0.02495708458,0.9522485,-0.078220155,-0.836698
4005,14,RThigh,0.0237499169418,1.4600625,-0.4390115,-0.4730065
4006,8,RShoulder,0.0220439550073,1.4840025,-0.062643405,-0.47968525
4007,4,Pelvis,0.0229066671149,1.357025,-0.066616285,-0.61195325
4008,4,Pelvis,0.0254955324532,-1.06364,0.04284977,-0.8269448
4009,4,Pelvis,0.025929579299,-1.10012,0.43798925,-0.866712
4010,5,LShoulder,0.0111801875609,-1.3937525,0.4367745,-0.58049125
4011,4,Pelvis,0.021158221604,-0.5651975,0.175321675,-0.9516925
4012,4,Pelvis,0.0115477357542,-0.563973,0.0440993125,-0.9141895
4013,4,Pelvis,0.0226511941661,0.43200975,0.180746125,-0.93628825
4014,4,Pelvis,0.014914190245,0.43846475,0.0542239975,-0.900371
4015,4,Pelvis,0.0152517745099,0.935132,0.0636205925,-0.88537575
4016,8,RShoulder,0.0229444969414,1.4835825,0.061667845,-0.47676125
4017,4,Pelvis,0.0238211280405,1.363718,0.064912192,-0.622929
4018,8,RShoulder,0.0243163247314,1.468005,0.43842875,-0.4566415
4019,8,RShoulder,0.0111801875609,1.3937525,0.4367745,-0.58049125
4020,4,Pelvis,0.0245242578624,-1.1048125,0.5663465,-0.862187
4021,5,LShoulder,0.0123285298819,-1.3816775,0.56008575,-0.57754625
4022,4,Pelvis,0.0142344606309,-0.9312175,0.93201925,-0.8699045
4023,4,Pelvis,0.0136293260524,-0.56142075,0.93552,-0.89199925
4024,4,Pelvis,0.0146594812112,-0.4415565,0.93142625,-0.87119475
4025,4,Pelvis,0.0146704504987,0.44180075,0.93122175,-0.870382
4026,4,Pelvis,0.0136506848034,0.56142475,0.93552625,-0.89179775
4027,4,Pelvis,0.0142369859297,0.93120675,0.932012,-0.86979625
4028,8,RShoulder,0.0123285298819,1.3816775,0.56008575,-0.57754625
4029,4,Pelvis,0.0265343689627,1.310702,0.957531,-0.5640376
4030,3,Back,0.0288008104593,-0.9578318,1.439354,-0.568981
4031,3,Back,0.0206417179272,-1.069592,1.476816,-0.4862108
4032,3,Back,0.020641956898,1.069592,1.476816,-0.4862108
4033,3,Back,0.0263045719367,1.074955,1.32503666667,-0.579886333333
4034,3,Back,0.0116482391222,-0.5622325,1.5812275,-0.522256
4035,3,Back,0.0123297967376,-0.0624995,1.57522,-0.5084715
4036,3,Back,0.0121179244135,0.4371245,1.578855,-0.52000725
4037,3,Back,0.0263778970789,0.952663833333,1.58762333333,-0.468051333333
4038,3,Back,0.0241148340771,-1.053249,4.40797,-0.4784344
4039,3,Back,0.0155674796332,-0.937792,4.4435175,-0.497916
4040,3,Back,0.0144910158724,-0.5594065,4.44326,-0.46479775
4041,3,Back,0.014160858282,-0.43643525,4.44422,-0.47439175
4042,3,Back,0.014160858282,0.43643525,4.44422,-0.47439175
4043,3,Back,0.0144910158724,0.5594065,4.44326,-0.46479775
4044,3,Back,0.0155674796332,0.937792,4.4435175,-0.497916
4045,1,Neck,0.0138635257747,-1.05767875,4.56669,-0.5325965
4046,1,Neck,0.0182840260893,-0.95465,4.939345,-0.58105625
4047,1,Neck,0.0129350594626,-1.08332,4.9392575,-0.55424475
4048,1,Neck,0.0157842337964,-0.562484,4.563095,-0.48041975
4049,1,Neck,0.0142578268231,-0.55636475,4.9384725,-0.50388
4050,1,Neck,0.0155199028386,-0.062619,4.56464,-0.463415
4051,1,Neck,0.0158727191306,-0.43721275,4.9374975,-0.5132265
4052,1,Neck,0.0157611869936,-0.0625,4.9375,-0.50255025
4053,1,Neck,0.015563429717,0.4374065,4.563145,-0.48953625
4054,1,Neck,0.0157611869936,0.0625,4.9375,-0.50255025
4055,1,Neck,0.0158727191306,0.43721275,4.9374975,-0.5132265
4056,1,Neck,0.0151848724658,0.937025,4.561945,-0.52898
4057,1,Neck,0.0142578268231,0.55636475,4.9384725,-0.50388
4058,1,Neck,0.0129350594626,1.08332,4.9392575,-0.55424475
4059,1,Neck,0.0225278041128,-1.557804,5.043502,-0.4380348
4060,1,Neck,0.0201916298395,-0.9450615,5.0664775,-0.564635
4061,1,Neck,0.0146243641953,-1.07219675,5.0643325,-0.5480895
4062,1,Neck,0.0150128268134,-0.55982375,5.0629,-0.49587275
4063,1,Neck,0.0233641325982,-0.93625725,5.4509625,-0.45201075
4064,1,Neck,0.0141802288986,-0.56130175,5.4302075,-0.49851475
4065,1,Neck,0.0156990418119,-0.062497,5.062525,-0.505242
4066,1,Neck,0.0139297189925,-0.43877,5.4298425,-0.50132475
4067,1,Neck,0.0233914931067,-0.0610565,5.4578375,-0.44757325
4068,1,Neck,0.0159496554795,0.437288,5.06255,-0.51055825
4069,1,Neck,0.0139297189925,0.43877,5.4298425,-0.50132475
4070,1,Neck,0.0141802288986,0.56130175,5.4302075,-0.49851475
4071,1,Neck,0.0137916202744,1.42825,5.0658525,-0.47061875
4072,1,Neck,0.0244062245307,1.081988,5.436914,-0.4424804
4073,1,Neck,0.0235853460826,-0.55995075,5.575875,-0.4492605
4074,13,LFoot,0.0110548399698,-2.43827,-8.04943,-0.37508125
4075,13,LFoot,0.0101583314739,-2.0644725,-8.0633075,-0.38821575
4076,16,RFoot,0.0222784122845,2.169544,-8.052412,-0.4295872
4077,16,RFoot,0.0101583314739,2.0644725,-8.0633075,-0.38821575
4078,16,RFoot,0.0253944229322,2.321785,-8.056715,-0.41523125
4079,16,RFoot,0.0110548399698,2.43827,-8.04943,-0.37508125
4080,16,RFoot,0.0106779438948,1.9491425,-7.546655,-0.086920025
4081,16,RFoot,0.0214857143415,1.922168,-7.566768,0.038709644
4082,16,RFoot,0.0241960679541,1.92770833333,-7.675505,-0.0735371083333
4083,16,RFoot,0.0244648466635,2.33505,-7.9310725,-0.46473325
4084,16,RFoot,0.0288652543298,2.491822,-7.948668,-0.3486528
4085,13,LFoot,0.0148243954131,-2.48549,-7.0648825,-0.05693938705
4086,16,RFoot,0.0115152190005,1.95788,-7.4347975,-0.082737925
4087,16,RFoot,0.0204724681704,1.923185,-7.43933,0.047695575
4088,13,LFoot,0.0258153375578,-2.029236,-6.56085,-0.3537552
4089,13,LFoot,0.0172534391476,-2.060495,-6.4417,-0.39564125
4090,13,LFoot,0.0178628107027,-2.4242225,-6.0610075,-0.0718016535
4091,16,RFoot,0.0263436753157,1.928416,-6.465094,-0.3113766
4092,16,RFoot,0.0178033337818,2.42303,-6.061135,-0.07262488475
4093,12,LLeg,0.0165916754663,-2.4230175,-5.93627,-0.06717676725
4094,12,LLeg,0.0176298189454,-2.427545,-5.565425,-0.07080901225
4095,12,LLeg,0.0230215567856,-1.524752,-5.46732,-0.068833794
4096,12,LLeg,0.0249352133936,-1.552092,-5.565286,-0.1655199
4097,12,LLeg,0.0096156663749,-1.5827775,-5.5902925,-0.05097264
4098,15,RLeg,0.0096156663749,1.5827775,-5.5902925,-0.05097264
4099,15,RLeg,0.0166396282647,2.4222525,-5.936485,-0.0673670215
4100,15,RLeg,0.0176298189454,2.427545,-5.565425,-0.07080901225
4101,12,LLeg,0.0178545428834,-2.432475,-5.440515,-0.071237127
4102,12,LLeg,0.0151784706736,-2.4333725,-5.061225,-0.0604752755
4103,15,RLeg,0.00873807398023,1.46585,-5.0732,-0.460539
4104,15,RLeg,0.023219666413,1.402668,-5.055294,-0.3422812
4105,15,RLeg,0.0230201745367,1.524752,-5.46732,-0.068833794
4106,15,RLeg,0.0178545428834,2.432475,-5.440515,-0.071237127
4107,15,RLeg,0.0151784706736,2.4333725,-5.061225,-0.0604752755
4108,12,LLeg,0.0151069858137,-2.4252175,-4.9365575,-0.06122904425
4109,12,LLeg,0.0142291662131,-2.3648,-4.571305,-0.06213359
4110,15,RLeg,0.0151069858137,2.4252175,-4.9365575,-0.06122904425
4111,15,RLeg,0.0142291662131,2.3648,-4.571305,-0.06213359
4112,12,LLeg,0.0247872025375,-2.318968,-4.436316,-0.085823114
4113,12,LLeg,0.0294072958855,-1.960495,-4.03904166667,-0.338910333333
4114,12,LLeg,0.0246909225927,-1.4098525,-4.0602725,-0.35312925
4115,15,RLeg,0.0246909225927,1.4098525,-4.0602725,-0.35312925
4116,12,LLeg,0.0132218320533,-1.5671925,-3.9283825,-0.40891925
4117,12,LLeg,0.0208995483374,-1.4228775,-3.56667,-0.3167335
4118,12,LLeg,0.0240203684196,-1.185374,-3.955236,-0.05725503
4119,15,RLeg,0.0240203684196,1.185374,-3.955236,-0.05725503
4120,15,RLeg,0.0249217980207,1.14805,-3.56566,-0.094816225
4121,15,RLeg,0.0204769038488,1.596622,-3.568754,-0.3327298
4122,12,LLeg,0.0210531427879,-1.5781525,-3.4347225,-0.3163195
4123,12,LLeg,0.0115690939919,-1.9125075,-3.4232625,-0.09258835
4124,12,LLeg,0.0255527167084,-1.84999,-3.0602125,-0.08249569
4125,12,LLeg,0.0241013129583,-1.0416525,-3.43616,0.047133375
4126,12,LLeg,0.0207495681375,-1.139496,-3.435466,-0.1154433
4127,15,RLeg,0.0214806065135,1.4286225,-3.4374475,-0.314211
4128,15,RLeg,0.0115690939919,1.9125075,-3.4232625,-0.09258835
4129,12,LLeg,0.0254058691404,-1.844795,-2.936915,-0.07805405
4130,12,LLeg,0.0248323068492,-1.8410925,-2.5629375,-0.0786310775
4131,12,LLeg,0.0133798726171,-1.4349425,-2.5601025,-0.3434725
4132,15,RLeg,0.0218285037845,1.0073166,-2.947934,-0.107454986
4133,15,RLeg,0.0133798726171,1.4349425,-2.5601025,-0.3434725
4134,15,RLeg,0.0215685998679,1.5699775,-2.561905,-0.30874125
4135,15,RLeg,0.0254058691404,1.844795,-2.936915,-0.07805405
4136,15,RLeg,0.0248323068492,1.8410925,-2.5629375,-0.0786310775
4137,12,LLeg,0.0226520829988,-1.5712825,-2.437445,-0.3164965
4138,12,LLeg,0.0255593236406,-1.582145,-2.0665175,-0.352754
4139,12,LLeg,0.0248852413767,-1.842235,-2.4381125,-0.0811594
4140,12,LLeg,0.013772637503,-1.4329275,-2.0720025,-0.40955775
4141,12,LLeg,0.0151682652511,-1.066395,-2.0648925,-0.38608975
4142,12,LLeg,0.0268998906436,-0.938565,-2.085236,-0.3085832
4143,15,RLeg,0.0140898176977,1.4322425,-2.4368675,-0.3554195
4144,15,RLeg,0.0151682652511,1.066395,-2.0648925,-0.38608975
4145,15,RLeg,0.013772637503,1.4329275,-2.0720025,-0.40955775
4146,15,RLeg,0.0248852413767,1.842235,-2.4381125,-0.0811594
4147,15,RLeg,0.0253097814117,1.850955,-2.06466,-0.08859874
4148,12,LLeg,0.0242030380206,-1.46522,-1.557522,-0.4675812
4149,12,LLeg,0.00907114408428,-1.5854625,-1.574465,-0.41358425
4150,12,LLeg,0.0239247741924,-1.171044,-1.934414,-0.4420316
4151,12,LLeg,0.011191920398,-1.0551375,-1.9490225,-0.410028
4152,4,Pelvis,0.014304580702,-0.618671,-1.5617675,-0.06817516
4153,4,Pelvis,0.014304580702,0.618671,-1.5617675,-0.06817516
4154,15,RLeg,0.00907114408428,1.5854625,-1.574465,-0.41358425
4155,15,RLeg,0.0247725689096,1.84978,-1.932778,-0.098803366
4156,15,RLeg,0.023274327331,1.849116,-1.567854,-0.089242178
4157,12,LLeg,0.0234931018708,-1.8477475,-1.4357775,-0.077942005
4158,11,LThigh,0.0228734339596,-1.82711,-1.06181525,-0.0728957
4159,4,Pelvis,0.00987590164314,-0.59769175,-1.44684,-0.0819386
4160,4,Pelvis,0.0242209397824,-0.4408638,-0.9538318,-0.06018436
4161,4,Pelvis,0.0128532115429,0.486031,-1.07015975,-0.0692661
4162,4,Pelvis,0.0249328100895,0.437372,-1.0580836,0.04774536
4163,4,Pelvis,0.00987590164314,0.59769175,-1.44684,-0.0819386
4164,14,RThigh,0.0228734339596,1.82711,-1.06181525,-0.0728957
4165,11,LThigh,0.0237265170612,-1.4618575,-0.5601595,-0.4716975
4166,11,LThigh,0.0219813414939,-1.608545,-0.554819,-0.35574975
4167,11,LThigh,0.0219615029305,-1.82,-0.938991,-0.070453125
4168,14,RThigh,0.0219813414939,1.608545,-0.554819,-0.35574975
4169,5,LShoulder,0.0220436883615,-1.4840025,-0.062643405,-0.47968525
4170,5,LShoulder,0.0235675185021,-1.5861125,-0.0614909785,-0.3281785
4171,4,Pelvis,0.0138583513438,-0.0430406,-0.38813225,-0.0716676025
4172,4,Pelvis,0.0138583513438,0.0430406,-0.38813225,-0.0716676025
4173,8,RShoulder,0.0235675185021,1.5861125,-0.0614909785,-0.3281785
4174,5,LShoulder,0.0243165843222,-1.468005,0.43842875,-0.4566415
4175,5,LShoulder,0.0138981015486,-1.3808675,0.93742775,-0.44424675
4176,5,LShoulder,0.0246699643001,-1.444654,0.9579704,-0.316453
4177,8,RShoulder,0.0139049462051,1.3821175,0.9378265,-0.44476525
4178,5,LShoulder,0.00940045983883,-1.5433,1.07519,-0.09013865
4179,5,LShoulder,0.0242115897002,-1.600828,1.059202,0.032817776
4180,5,LShoulder,0.0234654741325,-1.46891,1.432672,-0.090233408
4181,4,Pelvis,0.023015453511,1.34493,1.0581442,-0.4649414
4182,5,LShoulder,0.0275984407424,-1.435386,1.58222,-0.06385921
4183,3,Back,0.0105921542405,-1.07804,1.5880025,-0.4098795
4184,3,Back,0.0209384397067,-0.5614665,1.949405,-0.320135
4185,3,Back,0.0209379645392,0.5614665,1.949405,-0.320135
4186,3,Back,0.0271730786116,-0.956631833333,2.08957833333,-0.09181905
4187,3,Back,0.0098748555373,-1.0718125,2.08391,-0.0160902
4188,3,Back,0.0267093755114,-0.955437,3.42245666667,-0.0829961333333
4189,3,Back,0.0232292044124,1.087876,3.43661,0.03297096
4190,3,Back,0.0292249568937,-2.97080166667,3.95673,-0.088752985
4191,3,Back,0.0272827544538,-3.080554,3.950706,0.040430024
4192,3,Back,0.0167129050725,-0.56105025,3.938915,-0.37402125
4193,3,Back,0.0153866434076,-0.43643725,3.93801,-0.39679425
4194,3,Back,0.0156906685803,-0.062698,3.9395975,-0.35763725
4195,3,Back,0.0156906685803,0.062698,3.9395975,-0.35763725
4196,3,Back,0.0153866434076,0.43643725,3.93801,-0.39679425
4197,3,Back,0.0167129050725,0.56105025,3.938915,-0.37402125
4198,3,Back,0.0214466135135,-2.869602,4.07385,-0.1132555
4199,3,Back,0.0279748523357,-2.033112,4.166988,-0.0832051874
4200,3,Back,0.012693070062,-1.5241075,4.4115275,-0.06232754225
4201,3,Back,0.0118959973997,-1.5854675,4.4763675,-0.063750686
4202,3,Back,0.0152133305053,-0.56209725,4.0605575,-0.40056325
4203,3,Back,0.0157894167592,-0.062402,4.0616475,-0.38364425
4204,3,Back,0.0147909620754,0.4375175,4.0573775,-0.4167485
4205,3,Back,0.0263829672302,0.949249666667,4.04944333333,-0.33048
4206,3,Back,0.0118959973997,1.5854675,4.4763675,-0.063750686
4207,1,Neck,0.0239183458108,-2.440298,4.932548,0.044773696
4208,1,Neck,0.0206738698272,-2.35713,4.93985,-0.097793384
4209,1,Neck,0.0121848397375,-1.57641,4.9254225,-0.41221275
4210,1,Neck,0.0121848397375,1.57641,4.9254225,-0.41221275
4211,1,Neck,0.0224011445632,1.9512925,4.938965,-0.34250375
4212,1,Neck,0.0239175562575,2.440298,4.932548,0.044773696
4213,1,Neck,0.0268895343609,2.43825,4.831076,-0.060447704
4214,1,Neck,0.00945755764223,-2.0166975,5.453885,-0.0736536375
4215,1,Neck,0.0221546318851,-2.114902,5.35567,-0.070615412
4216,1,Neck,0.0248043954055,-1.560716,5.46702,-0.3556904
4217,1,Neck,0.0247293200992,-1.454514,5.313052,-0.4407606
4218,1,Neck,0.0139833336951,-1.437335,5.44851,-0.39427325
4219,1,Neck,0.0139833336951,1.437335,5.44851,-0.39427325
4220,1,Neck,0.0234666101652,1.950185,5.06134,-0.34096975
4221,1,Neck,0.029397829769,2.3095725,5.0768625,-0.0692101725
4222,1,Neck,0.0221546318851,2.114902,5.35567,-0.070615412
4223,0,Head,0.0113711236088,-0.52751175,5.9641575,-0.0592055275
4224,0,Head,0.0102962164913,-0.58811175,5.900625,-0.06198903
4225,1,Neck,0.0106461087152,-0.0605915,5.5898675,-0.405048
4226,1,Neck,0.0209675378728,0.9360706,5.608388,-0.3528916
4227,0,Head,0.0102962164913,0.58811175,5.900625,-0.06198903
4228,1,Neck,0.0250602381918,1.456554,5.554904,-0.3094812
4229,1,Neck,0.0333214993769,1.83393166667,5.58864,-0.0823818866667
4230,0,Head,0.0221453542278,0.429445,6.4386125,0.05049015
4231,0,Head,0.0223851568081,0.3241715,6.4391575,-0.0743521
4232,0,Head,0.0238626546707,-0.4295404,6.916726,-0.059171778
4233,0,Head,0.0161620060271,-0.06327395325,7.437185,-0.3862865
4234,0,Head,0.0159446227698,0.06413854675,7.437185,-0.3862865
4235,0,Head,0.011971214246,-0.5265895,7.9493175,-0.083388825
4236,0,Head,0.0224922339817,-0.595298,7.935004,0.032678982638
4237,0,Head,0.0160694271656,-0.063458683,7.5623725,-0.3889345
4238,0,Head,0.0216776192225,0.082154152,7.934838,-0.3159292
4239,0,Head,0.0235073320783,0.5675164,7.832332,-0.063373981362
4240,13,LFoot,0.0111801872471,-2.0442175,-8.0210825,0.43967175
4241,13,LFoot,0.0223273305019,-2.1718175,-8.067975,0.43895825
4242,16,RFoot,0.0111801872471,2.0442175,-8.0210825,0.43967175
4243,16,RFoot,0.0223273305019,2.1718175,-8.067975,0.43895825
4244,13,LFoot,0.0150178645021,-2.4836225,-7.065595,0.05771686295
4245,13,LFoot,0.00865369743824,-2.3997,-7.417965,0.45729175
4246,13,LFoot,0.0291393567506,-2.0496,-7.07302,0.3253968
4247,16,RFoot,0.00865369743824,2.3997,-7.417965,0.45729175
4248,13,LFoot,0.0243188143181,-2.059375,-6.9381725,0.3068095
4249,16,RFoot,0.0215282813932,2.048025,-6.5623575,0.31842375
4250,13,LFoot,0.017643038976,-2.4164,-6.0607,0.0683935965
4251,13,LFoot,0.0124901285379,-2.0628425,-6.06124,0.3726775
4252,13,LFoot,0.0247010536327,-1.929765,-6.0612025,0.31424575
4253,16,RFoot,0.0163026819427,2.42656,-6.4325075,0.0635729685
4254,16,RFoot,0.0172352575782,2.4143475,-6.06093,0.06616611525
4255,16,RFoot,0.0211661369376,2.0429875,-6.4393025,0.323249
4256,16,RFoot,0.0125580902673,2.06281,-6.0612425,0.37066775
4257,12,LLeg,0.0177993588485,-2.4156875,-5.56455,0.06902973775
4258,12,LLeg,0.0129192380475,-2.061205,-5.9369975,0.3828815
4259,12,LLeg,0.0140072185612,-2.0590275,-5.56614,0.42398025
4260,12,LLeg,0.0140530632649,-1.61274,-5.57404,0.059194985
4261,12,LLeg,0.0235998782103,-1.925395,-5.93826,0.3316475
4262,12,LLeg,0.0143025182567,-1.9438525,-5.5629275,0.40878075
4263,15,RLeg,0.0140530632649,1.61274,-5.57404,0.059194985
4264,15,RLeg,0.0235542302733,1.925375,-5.93826,0.3312775
4265,15,RLeg,0.0143025182567,1.9438525,-5.5629275,0.40878075
4266,15,RLeg,0.0173720893599,2.411575,-5.9364275,0.0671787285
4267,15,RLeg,0.0177993588485,2.4156875,-5.56455,0.06902973775
4268,15,RLeg,0.012932521293,2.061215,-5.9369975,0.38201475
4269,15,RLeg,0.0140072185612,2.0590275,-5.56614,0.42398025
4270,12,LLeg,0.0143215102452,-2.417605,-5.06246,0.0553454745
4271,12,LLeg,0.0137267637859,-1.93618,-5.446785,0.426303
4272,12,LLeg,0.0219764220269,-1.92075,-5.3176525,0.4420065
4273,15,RLeg,0.0137267637859,1.93618,-5.446785,0.426303
4274,15,RLeg,0.0179979719849,2.419,-5.439335,0.070630123
4275,15,RLeg,0.0143215102452,2.417605,-5.06246,0.0553454745
4276,12,LLeg,0.0215358693939,-2.337084,-4.569576,0.090608328
4277,15,RLeg,0.0268946369612,1.54650833333,-4.580715,0.463915666667
4278,15,RLeg,0.01454860151,2.4069075,-4.9374775,0.05551570575
4279,15,RLeg,0.021532539352,2.337084,-4.569576,0.090608328
4280,12,LLeg,0.00972555784967,-2.02691,-4.0591025,0.45911675
4281,12,LLeg,0.0250853853476,-2.0959875,-4.0601975,0.33228125
4282,12,LLeg,0.0157276328228,-2.0024,-3.562005,0.067265415
4283,12,LLeg,0.0140886184924,-2.01583,-3.936185,0.447389
4284,12,LLeg,0.0253290228821,-2.073788,-3.918528,0.3151398
4285,12,LLeg,0.0241776867103,-1.9719775,-3.5612575,0.45134575
4286,12,LLeg,0.0140553078062,-1.136595,-3.930275,0.0699385875
4287,12,LLeg,0.00919948125395,-1.0798275,-3.5768725,0.46256
4288,15,RLeg,0.0243566332934,1.058382,-3.57943,0.06443598
4289,15,RLeg,0.0269949429182,1.169175,-3.95065,0.447080333333
4290,15,RLeg,0.00919948125395,1.0798275,-3.5768725,0.46256
4291,12,LLeg,0.022844801227,-1.935736,-3.170432,0.068536428
4292,12,LLeg,0.0112774521926,-1.917495,-3.0489075,0.053628835
4293,12,LLeg,0.0234170071103,-1.94245666667,-3.05283166667,0.17764785
4294,12,LLeg,0.00855375300921,-1.934265,-3.06414,0.467226
4295,12,LLeg,0.020922560612,-0.9221176,-2.959254,0.42892
4296,12,LLeg,0.0225447996709,-0.9370744,-3.059616,0.3324584
4297,15,RLeg,0.010334242568,0.94878875,-3.080235,0.0508810925
4298,15,RLeg,0.0268632856111,0.916131,-2.951025,0.047113235
4299,15,RLeg,0.0240612526231,0.9281766,-3.061396,0.16664042
4300,15,RLeg,0.0105500609428,0.95427525,-3.0843875,0.4478845
4301,15,RLeg,0.022544810089,0.9370744,-3.059616,0.3324584
4302,15,RLeg,0.0228446805489,1.935736,-3.170432,0.068536428
4303,15,RLeg,0.0112774521926,1.917495,-3.0489075,0.053628835
4304,15,RLeg,0.0234112210814,1.94245666667,-3.05283166667,0.17764785
4305,15,RLeg,0.00855375300921,1.934265,-3.06414,0.467226
4306,12,LLeg,0.0223890390016,-1.943775,-2.945515,0.452747333333
4307,12,LLeg,0.0142070623117,-1.9575,-2.5620475,0.4329245
4308,12,LLeg,0.0134801023383,-1.907565,-2.5620875,0.0590662725
4309,12,LLeg,0.0216776481571,-1.936814,-2.578804,0.19084008
4310,15,RLeg,0.0124322029503,1.9106775,-2.9326925,0.06128645
4311,15,RLeg,0.0134801023383,1.907565,-2.5620875,0.0590662725
4312,12,LLeg,0.0145119459746,-1.958535,-2.437175,0.43334875
4313,12,LLeg,0.0152271579108,-1.9640825,-2.0624225,0.43745625
4314,12,LLeg,0.00942225745602,-1.91337,-2.0619675,0.03580241
4315,12,LLeg,0.0239774582324,-1.9416725,-2.062615,0.16514415
4316,15,RLeg,0.0110031846704,1.9090375,-2.43733,0.04542295
4317,15,RLeg,0.00942225745602,1.91337,-2.0619675,0.03580241
4318,12,LLeg,0.0152440402618,-1.965725,-1.9375775,0.43758125
4319,12,LLeg,0.0145809098055,-1.9693975,-1.5627225,0.441899
4320,12,LLeg,0.0139384122751,-1.8999275,-1.562645,0.0602422775
4321,12,LLeg,0.0227034802673,-0.6880942,-1.932568,0.4546458
4322,4,Pelvis,0.0248314170552,-0.546643666667,-1.44800333333,0.448003
4323,4,Pelvis,0.0224079284014,-0.5651834,-1.558576,0.32825
4324,4,Pelvis,0.0126449651757,-0.5818565,-1.578215,0.446668
4325,15,RLeg,0.022700934299,0.6880942,-1.932568,0.4546458
4326,4,Pelvis,0.0224062234136,0.5651834,-1.558576,0.32825
4327,4,Pelvis,0.0126449651757,0.5818565,-1.578215,0.446668
4328,15,RLeg,0.0101746427243,1.90959,-1.9371075,0.0365712175
4329,15,RLeg,0.0139384122751,1.8999275,-1.562645,0.0602422775
4330,12,LLeg,0.0144395606234,-1.96821,-1.437725,0.44274375
4331,6,LArm,0.019970951163,-1.95004,-1.0725466,0.4158868
4332,11,LThigh,0.0141488522208,-1.87594,-1.0621285,0.0668313
4333,15,RLeg,0.0136553406181,1.8944325,-1.4378925,0.063167245
4334,14,RThigh,0.0141488522208,1.87594,-1.0621285,0.0668313
4335,6,LArm,0.0152911211646,-1.9057125,-0.5547995,0.431539
4336,14,RThigh,0.0136446626871,1.8680875,-0.93796575,0.066564625
4337,14,RThigh,0.0231219105722,1.824588,-0.5414026,0.059663372
4338,9,RArm,0.0152911211646,1.9057125,-0.5547995,0.431539
4339,11,LThigh,0.0148837221001,-1.88485,-0.43390675,0.434542
4340,4,Pelvis,0.0140250336805,-0.05509775,-0.41384225,0.43812875
4341,4,Pelvis,0.0140250336805,0.05509775,-0.41384225,0.43812875
4342,14,RThigh,0.0148837221001,1.88485,-0.43390675,0.434542
4343,5,LShoulder,0.0113167276834,-1.5341775,1.44952,0.051001015
4344,5,LShoulder,0.0128721168536,-1.4083375,1.9631,0.435519
4345,8,RShoulder,0.023721647919,1.473665,1.82974,0.436819
4346,8,RShoulder,0.0128786535333,1.4083425,1.9630925,0.43554025
4347,2,Chest,0.0216793460588,-1.3444625,2.08575,0.43406625
4348,3,Back,0.0281439855661,-0.956676833333,2.32782666667,0.0501299166667
4349,3,Back,0.0207809970163,-0.9866652,2.447858,0.13957664
4350,3,Back,0.0207778428427,0.9866652,2.447858,0.13957664
4351,2,Chest,0.0216790916364,1.3444625,2.08575,0.4340655
4352,5,LShoulder,0.0216015741673,-3.55854,3.026128,0.3886282
4353,5,LShoulder,0.0204479480432,-3.56109,2.90173,0.52763975
4354,5,LShoulder,0.012622582309,-3.4405125,2.96726,0.412995
4355,5,LShoulder,0.0243030854065,-3.442645,2.8922575,0.5325025
4356,3,Back,0.0246219702202,0.824117,2.565015,0.03866285
4357,3,Back,0.0212250572376,0.96197325,2.566895,0.1633126
4358,3,Back,0.0248278450353,0.936998,3.040916,0.06527918
4359,8,RShoulder,0.012622582309,3.4405125,2.96726,0.412995
4360,8,RShoulder,0.0204479480432,3.56109,2.90173,0.52763975
4361,5,LShoulder,0.0208715398377,-3.33929,3.4391125,0.02873615
4362,5,LShoulder,0.0228212663951,-3.4646825,3.433515,0.1678513
4363,5,LShoulder,0.0238402760712,-3.167485,3.01766,0.4337955
4364,8,RShoulder,0.0362638616872,3.004086,3.143402,0.4525448
4365,5,LShoulder,0.0234416370813,-3.4962475,3.61518,0.4256595
4366,2,Chest,0.0132208154853,-1.359205,3.9444275,0.4308245
4367,2,Chest,0.0132208154853,1.359205,3.9444275,0.4308245
4368,2,Chest,0.0256037319756,2.516306,3.92308,0.4763252
4369,2,Chest,0.0280214470316,2.40438666667,4.036345,0.460002166667
4370,3,Back,0.0257953620502,2.39704,3.90639666667,0.33904
4371,8,RShoulder,0.0280888113468,3.324912,3.582086,0.053444354
4372,3,Back,0.0119975759707,-1.5170025,4.4186225,0.06259370775
4373,1,Neck,0.0132312789268,-1.5784375,4.4971475,0.059129064
4374,2,Chest,0.0144017089451,-1.371715,4.0628675,0.431595
4375,2,Chest,0.0112226559296,-1.416195,4.4145,0.453301
4376,3,Back,0.0158265517846,1.39763,4.0545525,0.0649856025
4377,3,Back,0.0222884967371,1.442578,4.190122,0.043713486
4378,2,Chest,0.0144017089451,1.371715,4.0628675,0.431595
4379,1,Neck,0.0222755982663,1.470496,4.534838,0.4313448
4380,3,Back,0.0253813427491,1.457255,4.423985,0.325205
4381,2,Chest,0.0112226559296,1.416195,4.4145,0.453301
4382,3,Back,0.0237370411901,1.9488675,4.4288775,0.31751525
4383,1,Neck,0.0212851803791,-1.886496,4.546864,0.3523356
4384,1,Neck,0.0277737427581,-1.91008333333,4.65882833333,0.460400333333
4385,1,Neck,0.0222737518645,-1.470496,4.534838,0.4313448
4386,1,Neck,0.026257717111,1.58003833333,4.68261666667,0.4448715
4387,1,Neck,0.0225939532259,2.022852,4.553608,0.4744354
4388,1,Neck,0.0212906702467,1.886496,4.546864,0.3523356
4389,1,Neck,0.0278652265317,1.91008333333,4.65882833333,0.460400333333
4390,1,Neck,0.0281963115574,2.318004,4.961054,0.4367518
4391,1,Neck,0.0259390249705,-1.984524,5.47267,0.4355878
4392,1,Neck,0.0250966823089,2.09621666667,5.33636,0.454655333333
4393,1,Neck,0.0291257911579,-1.825956,5.584336,0.4649184
4394,0,Head,0.0136409763962,-0.535151,5.9533425,0.0646384725
4395,0,Head,0.0232122728684,-0.602059333333,5.84844333333,0.08003138
4396,0,Head,0.00930276888894,-0.40885825,5.948045,0.45875075
4397,0,Head,0.00930276888894,0.40885825,5.948045,0.45875075
4398,1,Neck,0.0291257911579,1.825956,5.584336,0.4649184
4399,0,Head,0.022143398346,-0.429445,6.4386125,0.05049015
4400,0,Head,0.0226125685149,-0.446416333333,6.42665,0.443989666667
4401,0,Head,0.0111655877523,-0.40524125,6.0637525,0.45770875
4402,0,Head,0.0219020854357,0.4457075,6.063425,0.327595
4403,0,Head,0.0111655877523,0.40524125,6.0637525,0.45770875
4404,0,Head,0.0153540644264,-0.50445325,6.9348375,0.0612260025
4405,0,Head,0.014046346029,-0.4852405,6.563755,0.43006675
4406,0,Head,0.023638987054,0.060892855,8.34133,0.0408402
4407,0,Head,0.0226765553584,0.44929625,8.333795,0.4394685
4408,13,LFoot,0.0112762500256,-2.0454125,-8.02534,0.560107
4409,13,LFoot,0.0213279487554,-2.1731675,-8.0653725,0.5608815
4410,13,LFoot,0.0257266495732,-2.430536,-7.561826,0.577924
4411,13,LFoot,0.0117564956703,-2.06784,-7.61594,0.949319
4412,13,LFoot,0.0104648758375,-1.9583975,-7.6295025,0.94222275
4413,16,RFoot,0.0104648758375,1.9583975,-7.6295025,0.94222275
4414,16,RFoot,0.0117564956703,2.06784,-7.61594,0.949319
4415,16,RFoot,0.0273626915992,2.323458,-7.434476,0.5589696
4416,12,LLeg,0.0228797256849,-1.665936,-4.434506,0.5698746
4417,12,LLeg,0.0112580486263,-1.9248975,-3.56132,0.581393
4418,12,LLeg,0.0131745984307,-1.56043,-3.559845,0.86709675
4419,12,LLeg,0.0246038836195,-1.145162,-3.562368,0.597958
4420,12,LLeg,0.0246068220744,-1.40574,-3.558654,0.8423794
4421,15,RLeg,0.0246038836195,1.145162,-3.562368,0.597958
4422,15,RLeg,0.0246068220744,1.40574,-3.558654,0.8423794
4423,15,RLeg,0.0112580486263,1.9248975,-3.56132,0.581393
4424,15,RLeg,0.0131745984307,1.56043,-3.559845,0.86709675
4425,12,LLeg,0.0129995761881,-1.90658,-3.065315,0.56456325
4426,12,LLeg,0.0141426064279,-1.5575675,-3.43676,0.86946825
4427,12,LLeg,0.0137648345426,-1.555805,-3.0647125,0.8904715
4428,12,LLeg,0.0121209672247,-1.1017025,-3.4504825,0.57359525
4429,12,LLeg,0.0155476321389,-1.4424275,-3.43679,0.869559
4430,12,LLeg,0.0149144977788,-1.4383175,-3.0652675,0.88172925
4431,15,RLeg,0.0152165888557,0.97551925,-3.073495,0.56176075
4432,15,RLeg,0.0155476321389,1.4424275,-3.43679,0.869559
4433,15,RLeg,0.0149144977788,1.4383175,-3.0652675,0.88172925
4434,15,RLeg,0.010566875003,1.912915,-3.4361675,0.58301925
4435,15,RLeg,0.0129995761881,1.90658,-3.065315,0.56456325
4436,15,RLeg,0.0141426064279,1.5575675,-3.43676,0.86946825
4437,15,RLeg,0.0137648345426,1.555805,-3.0647125,0.8904715
4438,12,LLeg,0.0143462928435,-1.5599425,-2.94615,0.906049
4439,12,LLeg,0.0224577824896,-1.5698,-2.8168425,0.92967025
4440,12,LLeg,0.0130121050235,-1.4371225,-2.9548175,0.90455425
4441,12,LLeg,0.0255405978175,-1.0679804,-2.456594,0.9324878
4442,12,LLeg,0.0249916226576,-1.0187564,-2.562664,0.8704562
4443,15,RLeg,0.0130121050235,1.4371225,-2.9548175,0.90455425
4444,15,RLeg,0.0255396583745,1.0679804,-2.456594,0.9324878
4445,15,RLeg,0.0248641998146,1.0187564,-2.562664,0.8704562
4446,15,RLeg,0.0109712631,1.922355,-2.9508675,0.5755405
4447,15,RLeg,0.0224717827247,1.935332,-2.82942,0.5594388
4448,15,RLeg,0.0143462928435,1.5599425,-2.94615,0.906049
4449,12,LLeg,0.0141399994768,-1.96499,-2.0613075,0.55571275
4450,12,LLeg,0.0223774868081,-0.89813275,-2.06598,0.8402585
4451,15,RLeg,0.0245236188731,1.03507775,-2.0676275,0.9634365
4452,15,RLeg,0.0223774868081,0.89813275,-2.06598,0.8402585
4453,12,LLeg,0.0142609817956,-1.97332,-1.5625575,0.55671725
4454,4,Pelvis,0.0170415151866,-0.61060075,-1.568975,0.56466725
4455,12,LLeg,0.0206758097824,-0.8919282,-1.935572,0.8584194
4456,4,Pelvis,0.0170415151866,0.61060075,-1.568975,0.56466725
4457,15,RLeg,0.0257594090535,1.0245826,-1.933376,0.972677
4458,15,RLeg,0.0206917828349,0.8919282,-1.935572,0.8584194
4459,6,LArm,0.0124771700108,-1.9610275,-1.0699825,0.55969975
4460,12,LLeg,0.023845805069,-1.838215,-1.4368825,0.96072475
4461,11,LThigh,0.0232999142537,-1.82745,-1.0627105,0.94950275
4462,4,Pelvis,0.0124626632954,-0.581556,-1.45271,0.57979675
4463,4,Pelvis,0.0126377958278,0.46856375,-1.0749075,0.57162675
4464,14,RThigh,0.0243657519138,1.82939,-1.062968,0.9460615
4465,6,LArm,0.017318346598,-1.908975,-0.55370675,0.56227825
4466,11,LThigh,0.0253381383816,-1.8211975,-0.9387895,0.94527325
4467,4,Pelvis,0.0269115359913,-0.558047,-0.9590984,0.8160016
4468,4,Pelvis,0.0269075848663,0.558047,-0.9590984,0.8160016
4469,4,Pelvis,0.0251605578514,0.6827994,-0.9585914,0.937491
4470,9,RArm,0.017318346598,1.908975,-0.55370675,0.56227825
4471,14,RThigh,0.0253381383922,1.8211975,-0.9387895,0.94527325
4472,4,Pelvis,0.0150756569264,-0.05933775,-0.4066225,0.5637415
4473,4,Pelvis,0.0227626426951,0.3842696,-0.449655,0.852637
4474,14,RThigh,0.0160684118243,1.8853025,-0.43306575,0.561044
4475,5,LShoulder,0.0212044256881,-1.471035,0.441456,0.9755405
4476,5,LShoulder,0.0215056195848,-1.464255,0.5631335,0.96784275
4477,5,LShoulder,0.0249569907618,-1.44787,0.9366135,0.94699875
4478,5,LShoulder,0.0244340980555,-1.568576,0.9571358,0.8121942
4479,8,RShoulder,0.0245693604731,1.584575,0.5646345,0.82768875
4480,2,Chest,0.0212412115097,1.340745,1.4393525,0.9694825
4481,5,LShoulder,0.0237939474575,-1.4664625,1.82543,0.5606675
4482,5,LShoulder,0.0140670369594,-1.407555,1.9595775,0.56373825
4483,2,Chest,0.0236238059587,-1.335935,1.563425,0.95303625
4484,8,RShoulder,0.0242560155415,1.4662225,1.8256,0.5622185
4485,8,RShoulder,0.0140708501563,1.4075075,1.95963,0.563841
4486,2,Chest,0.0219910449144,1.3357875,1.5617925,0.96037275
4487,5,LShoulder,0.0128819486987,-4.02299,2.9357075,0.93012125
4488,5,LShoulder,0.0303082161855,-3.950526,2.698158,0.936768
4489,8,RShoulder,0.0246667685084,4.0627825,2.9408175,1.0555
4490,5,LShoulder,0.0277664852768,-3.57229,3.4477525,0.82560075
4491,5,LShoulder,0.0268161757922,-3.5591925,3.3379875,0.963541
4492,5,LShoulder,0.0256876764584,-3.42986,3.464055,0.845759
4493,8,RShoulder,0.0271025249273,3.5591925,3.3379875,0.963541
4494,2,Chest,0.0210125509606,-1.326545,3.9409375,0.57245825
4495,2,Chest,0.0210125509606,1.326545,3.9409375,0.57245825
4496,2,Chest,0.0148315438274,-1.386465,4.42786,0.56358675
4497,1,Neck,0.0245467917878,1.439102,4.56776,0.5775206
4498,2,Chest,0.0148315438274,1.386465,4.42786,0.56358675
4499,1,Neck,0.024095314273,1.449672,4.91709,0.8202838
4500,1,Neck,0.0261074358233,-0.4533702,5.432458,0.804383
4501,1,Neck,0.0262557583772,0.4533702,5.432458,0.804383
4502,1,Neck,0.0230741173864,1.4538575,5.06178,0.84329075
4503,0,Head,0.00839084359108,-0.41624175,6.41267,0.55124975
4504,0,Head,0.0224482346972,0.31916475,6.0622975,0.5617635
4505,0,Head,0.00576224164812,0.45203625,6.492955,0.54279675
4506,0,Head,0.00839084359108,0.41624175,6.41267,0.55124975
4507,0,Head,0.0156604480132,-0.59493775,6.6971225,0.9380015
4508,0,Head,0.013964508286,-0.059826575,6.96734,0.9449225
4509,0,Head,0.0146307433257,0.057808925,6.96734,0.9449225
4510,0,Head,0.024512159625,-0.4527095,8.33971,0.56201575
4511,0,Head,0.0237800139165,-0.084965294,8.444464,0.8133236
4512,0,Head,0.013493507309,-0.0653130275,8.404505,0.9450275
4513,0,Head,0.024221249786,0.083801506,8.444464,0.8133236
4514,0,Head,0.0145473509034,0.0604639725,8.404505,0.9450275
4515,16,RFoot,0.0224068039249,2.08663,-7.683618,1.0587096
4516,12,LLeg,0.022729972672,-1.174355,-1.5636675,1.074315
4517,15,RLeg,0.022729972672,1.174355,-1.5636675,1.074315
4518,4,Pelvis,0.0222669877266,-1.3202275,0.43784825,1.06447
4519,4,Pelvis,0.0237799079245,0.0608,0.41844325,1.32544
4520,4,Pelvis,0.0143428864381,-0.06118675,0.56960325,1.3632925
4521,4,Pelvis,0.0154198288461,-0.43053475,0.939807,1.36365
4522,4,Pelvis,0.015357920979,-0.062728462675,0.93511575,1.42038
4523,4,Pelvis,0.0142986349859,0.061182,0.569645,1.3637425
4524,4,Pelvis,0.0153733170456,0.062767287325,0.935207,1.4203825
4525,4,Pelvis,0.0154285700718,0.43052175,0.9398295,1.3636575
4526,4,Pelvis,0.0242495507597,0.5614282,0.9195338,1.31179
4527,4,Pelvis,0.021696794401,1.3173325,0.56246125,1.0592825
4528,4,Pelvis,0.0232043733179,-0.57481975,1.06438,1.3221625
4529,2,Chest,0.024512211041,-0.57999575,1.43714,1.3407225
4530,4,Pelvis,0.0145540874016,-0.4305125,1.0636625,1.3756125
4531,4,Pelvis,0.0144832703266,-0.065966986175,1.05160525,1.4315775
4532,2,Chest,0.0214825115765,-0.084009862,1.191304,1.442318
4533,2,Chest,0.0139688295341,-0.43435975,1.43751,1.3909975
4534,4,Pelvis,0.0149846092252,0.064726763825,1.052715,1.4316775
4535,4,Pelvis,0.0145563337916,0.430481,1.06372,1.3756275
4536,2,Chest,0.011184058421,0.076439175,1.4470125,1.4417
4537,2,Chest,0.0146795966039,0.43084175,1.43755,1.390605
4538,2,Chest,0.0145451169409,-0.5581855,1.939135,1.3567425
4539,2,Chest,0.0141382011719,-0.4331425,1.5628475,1.3910225
4540,2,Chest,0.0152809773868,-0.4430395,1.935715,1.3877025
4541,2,Chest,0.0155484027886,-0.0588044975,1.93409,1.3989125
4542,2,Chest,0.0146424797731,0.43076375,1.5625575,1.39084
4543,2,Chest,0.0156871490023,0.0582440025,1.934025,1.398895
4544,2,Chest,0.0152820249795,0.44305575,1.9357025,1.3877
4545,2,Chest,0.0235381422695,0.57581325,1.5616775,1.34284
4546,2,Chest,0.0145441250288,0.55818975,1.939135,1.3567425
4547,2,Chest,0.0136731857389,-0.55999125,2.06248,1.36702
4548,2,Chest,0.0237802362818,-0.569959666667,2.55487,1.44089166667
4549,2,Chest,0.0122935911937,-0.57666575,2.4255275,1.4123775
4550,2,Chest,0.0153564485347,-0.4458915,2.0590425,1.39748
4551,2,Chest,0.0151062803709,-0.0627514975,2.05611,1.4163825
4552,2,Chest,0.0152369650584,0.0622310025,2.05611,1.4163825
4553,2,Chest,0.0153564485347,0.4458915,2.0590425,1.39748
4554,2,Chest,0.0136731857389,0.55999125,2.06248,1.36702
4555,2,Chest,0.0122935911937,0.57666575,2.4255275,1.4123775
4556,5,LShoulder,0.0277680676606,-3.9299975,2.855295,1.488145
4557,8,RShoulder,0.0105312638278,3.9326875,2.597595,1.0413925
4558,8,RShoulder,0.0241229591649,3.9349475,2.9808725,1.3423825
4559,2,Chest,0.0235442034669,0.939381,3.4396625,1.316015
4560,2,Chest,0.0245439386096,-0.95288825,3.93739,1.4698875
4561,2,Chest,0.0246830076289,-1.0914575,3.939045,1.3249475
4562,2,Chest,0.0250474257378,-0.821204,3.54615333333,1.450725
4563,2,Chest,0.0282516582298,0.9403016,3.662716,1.443346
4564,2,Chest,0.0246830076289,1.0914575,3.939045,1.3249475
4565,2,Chest,0.0242699616522,-0.94141275,4.069115,1.4375825
4566,2,Chest,0.0275286513641,-1.0821085,4.06096,1.3233125
4567,2,Chest,0.022887516078,-0.5641865,4.4521175,1.322385
4568,2,Chest,0.0130799550683,-0.060499,4.08472,1.4008475
4569,2,Chest,0.0130799550683,0.060499,4.08472,1.4008475
4570,2,Chest,0.0244132105579,0.4193534,4.438534,1.313648
4571,2,Chest,0.0275286513641,1.0821085,4.06096,1.3233125
4572,1,Neck,0.02522147221,-1.0636516,4.837762,1.080716
4573,1,Neck,0.0226364436874,-0.06819236,4.84766,1.098344
4574,0,Head,0.0152782374708,-0.051641875,6.97235,1.06025
4575,0,Head,0.0115263680989,-0.42097975,7.054375,1.34508
4576,0,Head,0.0115263680989,0.42097975,7.054375,1.34508
4577,0,Head,0.00732727835202,-0.42349475,7.5939425,1.36089
4578,0,Head,0.0110955545325,-0.060982395,7.9645425,1.4132675
4579,0,Head,0.0229862839129,-0.0579997625,7.83327,1.467345
4580,0,Head,0.00732727835202,0.42349475,7.5939425,1.36089
4581,0,Head,0.0110453105815,0.060999105,7.9645425,1.4132675
4582,0,Head,0.0215471022649,-0.062890125,8.335885,1.07598825
4583,0,Head,0.0236242355113,0.057265375,8.335885,1.07598825
4584,8,RShoulder,0.0221102715516,4.0148275,2.4118625,1.56293
4585,2,Chest,0.0226485826779,-0.329004,2.941072,1.57057
4586,2,Chest,0.0212682781974,-0.560197,3.68003,1.55969
4587,2,Chest,0.0219107991608,-0.55851,3.821605,1.56979
4588,4,Pelvis,0.0236845669325,-0.832696,-0.1844916,-0.8211742
4589,4,Pelvis,0.0251607970437,1.0825,-0.3121766,-0.7012542
4590,4,Pelvis,0.0225111827905,-0.82023825,0.181463775,-0.93925325
4591,4,Pelvis,0.0157088399501,-0.8149555,0.05217152,-0.91184825
4592,4,Pelvis,0.0124622774501,-0.945995,0.1850295,-0.908473
4593,4,Pelvis,0.0301171732543,0.290943833333,0.040839005,-0.8485415
4594,4,Pelvis,0.0217154614098,0.14074996,0.0504995478,-0.7402548
4595,4,Pelvis,0.022426368738,0.0475102,0.173248633333,-0.707662
4596,4,Pelvis,0.0215661008822,0.684147,0.175948075,-0.954549
4597,4,Pelvis,0.0123925654435,0.6871895,0.04180168,-0.91924125
4598,4,Pelvis,0.023030101013,1.0827245,0.1843185,-0.8463635
4599,4,Pelvis,0.0133381616988,1.2129825,0.18580525,-0.771855
4600,4,Pelvis,0.0232095174721,1.230188,0.063921846,-0.7387572
4601,4,Pelvis,0.0224095466294,-1.308366,0.5809786,-0.6778134
4602,4,Pelvis,0.0131772556363,-0.2910005,0.56542875,-0.92188075
4603,4,Pelvis,0.0247742855159,0.161594775,0.5629205,-0.84770575
4604,4,Pelvis,0.0111212429734,0.040789775,0.56202475,-0.77259275
4605,4,Pelvis,0.0115989185075,0.0434852,0.6869715,-0.7714195
4606,4,Pelvis,0.0229222046114,1.243802,0.6861202,-0.7322528
4607,4,Pelvis,0.0245336619173,1.0909915,0.691329,-0.851292
4608,4,Pelvis,0.0228650540661,0.9312092,0.7047836,-0.9361566
4609,4,Pelvis,0.0131608284629,1.2217825,0.56406775,-0.77390275
4610,4,Pelvis,0.023557048476,-0.81003,1.07746475,-0.83219075
4611,3,Back,0.0117368748669,-0.80960875,1.2062875,-0.768162
4612,3,Back,0.0242189783518,-0.3117555,1.206235,-0.71108425
4613,4,Pelvis,0.0114187983777,-0.302724,1.068745,-0.7709465
4614,3,Back,0.0242699947131,0.16963786,1.18758,-0.6869884
4615,4,Pelvis,0.0220224921276,0.06854446,1.0885952,-0.700086
4616,4,Pelvis,0.0152174554001,0.18838875,1.057224,-0.737491
4617,3,Back,0.00997979391995,0.687392,1.2080525,-0.772296
4618,4,Pelvis,0.0248620587044,0.68744225,1.0812935,-0.8350085
4619,3,Back,0.0118667942363,0.5644525,1.207265,-0.76381475
4620,4,Pelvis,0.0257061508159,1.0563958,0.9515726,-0.8015574
4621,13,LFoot,0.0244156758238,-2.075798,-7.794768,-0.4193066
4622,13,LFoot,0.0165885999292,-1.96111,-7.93813,-0.318653
4623,13,LFoot,0.0149081309912,-1.972075,-7.809345,-0.316108
4624,13,LFoot,0.0149208684881,-2.30937,-7.435345,-0.38024125
4625,13,LFoot,0.00924987761226,-2.393835,-7.423355,-0.32871375
4626,16,RFoot,0.0247428344306,2.155628,-7.441036,-0.347182
4627,16,RFoot,0.0269367262263,2.065436,-7.54133,-0.3068098
4628,16,RFoot,0.0237513751636,2.024884,-7.44026,-0.2178068
4629,16,RFoot,0.0254405813979,2.028255,-7.3112825,-0.20568625
4630,13,LFoot,0.0232723071597,-2.315585,-6.9358625,-0.30428425
4631,16,RFoot,0.0135555710496,2.1897725,-6.9378925,-0.35685025
4632,16,RFoot,0.028081835826,2.057414,-6.834856,-0.3175998
4633,16,RFoot,0.00848154392863,2.1042425,-6.951665,-0.3299515
4634,16,RFoot,0.0203522632761,2.006142,-6.947312,-0.2443472
4635,13,LFoot,0.0257573059528,-2.31213,-6.4374275,-0.31109975
4636,13,LFoot,0.0253302694741,-1.907855,-6.322795,-0.33770375
4637,16,RFoot,0.0142614845136,2.1826625,-6.4368725,-0.3984615
4638,16,RFoot,0.0169983349512,2.0508975,-6.324165,-0.415958
4639,12,LLeg,0.0273946045771,-2.32309,-5.93897,-0.321563
4640,15,RLeg,0.028092594391,1.69228,-5.710802,-0.4335746
4641,15,RLeg,0.0116246750547,1.7346325,-5.9497675,-0.3192165
4642,12,LLeg,0.0259599731946,-2.3521825,-5.441585,-0.33551575
4643,12,LLeg,0.0238218637271,-1.529676,-5.308622,-0.4617222
4644,12,LLeg,0.0142073966719,-1.500845,-5.4309775,-0.30758175
4645,12,LLeg,0.0131954585006,-1.4609125,-5.32277,-0.3137155
4646,12,LLeg,0.0246552218136,-1.42873,-5.1946025,-0.32595825
4647,12,LLeg,0.026564328044,-2.3481575,-4.9359625,-0.33656025
4648,12,LLeg,0.0240773427072,-2.22809,-4.9332825,-0.4885125
4649,12,LLeg,0.0137807751837,-1.347135,-4.81411,-0.30773275
4650,12,LLeg,0.0117600338928,-1.35789,-4.3137275,-0.3360375
4651,12,LLeg,0.0248057458295,-1.29554,-4.31325,-0.20598625
4652,12,LLeg,0.0241888528355,-1.298515,-4.4373375,-0.20686425
4653,15,RLeg,0.0284873640173,2.199712,-4.411902,-0.3166942
4654,15,RLeg,0.0245313147857,2.105216,-4.301778,-0.352802
4655,12,LLeg,0.0255219765859,-1.84548,-3.933338,-0.3573812
4656,12,LLeg,0.00892620035698,-1.9615875,-3.9164,-0.273692
4657,12,LLeg,0.024810423341,-1.42595,-3.8120275,-0.335411
4658,12,LLeg,0.0221814376061,-1.2776075,-3.8118575,-0.222102
4659,12,LLeg,0.0249794889654,-1.2766825,-3.9381525,-0.2139165
4660,15,RLeg,0.0134076789917,1.6859325,-3.92867,-0.40963525
4661,15,RLeg,0.0134143142285,1.567175,-3.8126925,-0.385535
4662,12,LLeg,0.0169601398769,-1.3148325,-3.3133,-0.2830835
4663,15,RLeg,0.0241633666769,1.726108,-3.313634,-0.236648
4664,15,RLeg,0.0133156160118,1.699475,-3.4343425,-0.2776265
4665,15,RLeg,0.0158493404955,1.5717625,-3.3062075,-0.30103125
4666,12,LLeg,0.011307993924,-1.2982675,-2.8227275,-0.305893
4667,12,LLeg,0.0138478508888,-1.3085,-2.93781,-0.30144075
4668,15,RLeg,0.0160405944168,1.1863725,-2.8143125,-0.27069925
4669,15,RLeg,0.0255166615282,1.7125025,-2.813745,-0.223391
4670,15,RLeg,0.0207551615819,1.56484,-2.81511,-0.30076975
4671,15,RLeg,0.0136123277741,1.55817,-2.946135,-0.299926
4672,12,LLeg,0.0152339299245,-1.31624,-2.4344575,-0.352009
4673,12,LLeg,0.0142865997771,-1.43104,-2.3125925,-0.37269
4674,12,LLeg,0.0258902227552,-0.93033525,-2.437905,-0.20222175
4675,12,LLeg,0.0244943168044,-0.9138,-2.314625,-0.22156125
4676,15,RLeg,0.0244801061998,1.17655333333,-2.44820166667,-0.322629
4677,15,RLeg,0.0241249008103,1.0652414,-2.332106,-0.316552
4678,15,RLeg,0.0105449053696,1.05371,-2.4505225,-0.2859705
4679,15,RLeg,0.0230541847101,1.5714725,-2.313525,-0.32823875
4680,15,RLeg,0.0223572132385,1.723425,-2.4380125,-0.2236145
4681,12,LLeg,0.0241654877173,-1.801858,-1.832086,-0.1844674
4682,12,LLeg,0.0228430228136,-0.8994772,-1.811024,-0.3541922
4683,12,LLeg,0.0237309056923,-1.0648054,-1.829378,-0.435691
4684,12,LLeg,0.0257993776123,-0.7905946,-1.96311,-0.1951798
4685,15,RLeg,0.0122543654744,1.57953,-1.81124,-0.38734575
4686,15,RLeg,0.0194565714149,1.747826,-1.942206,-0.2471746
4687,12,LLeg,0.0241392523273,-1.7045575,-1.311635,-0.3174895
4688,12,LLeg,0.0249451134887,-0.813188,-1.206396,-0.4416628
4689,15,RLeg,0.021386093815,0.7642696,-1.435218,-0.3521832
4690,4,Pelvis,0.0228183368611,0.6573472,-1.433236,-0.2134512
4691,15,RLeg,0.0262881894797,1.7015475,-1.43706,-0.32225175
4692,4,Pelvis,0.0272709788607,-0.4350788,-0.6914548,-0.3279396
4693,4,Pelvis,0.0262671449445,0.6711205,-0.827839,-0.458361666667
4694,4,Pelvis,0.00997845595924,0.65978025,-0.95279225,-0.4065885
4695,4,Pelvis,0.0247565705017,0.534338,-0.8171178,-0.3387154
4696,4,Pelvis,0.0276360931261,0.168012916667,-0.3332855,-0.449599333333
4697,4,Pelvis,0.0262725416329,0.192526,-0.432393,-0.3264252
4698,4,Pelvis,0.0113795746899,0.043125975,-0.2719225,-0.3247215
4699,8,RShoulder,0.0248168233156,1.5949025,-0.312794,-0.33421875
4700,8,RShoulder,0.0247311423114,1.468265,-0.31431725,-0.476925
4701,8,RShoulder,0.011054701767,1.521285,0.56169975,-0.32744425
4702,8,RShoulder,0.0231565030687,1.5826425,0.5615255,-0.19949
4703,8,RShoulder,0.0142327357491,1.502705,0.68454525,-0.31705275
4704,5,LShoulder,0.00936829487137,-1.40934,1.073185,-0.337395
4705,5,LShoulder,0.0238395435414,-1.475822,1.05993,-0.220237
4706,3,Back,0.0280781212168,-1.317924,1.458524,-0.3180152
4707,3,Back,0.0244753495287,-0.8306816,1.686818,-0.4396336
4708,3,Back,0.0117924755693,-0.94668375,1.6973575,-0.39352875
4709,3,Back,0.0214966393445,1.235046,1.698674,-0.2413362
4710,3,Back,0.0299728710507,1.206485,1.58678,-0.340084166667
4711,3,Back,0.0153099504164,-0.31496225,2.200345,-0.2798905
4712,3,Back,0.0230885037406,-0.3337902,2.061394,-0.3173712
4713,3,Back,0.0222043956005,-0.4332574,1.963678,-0.3341142
4714,3,Back,0.0109573741632,-0.450345,2.084465,-0.283185
4715,3,Back,0.0155153797766,-0.43762825,2.1916575,-0.25349025
4716,3,Back,0.0234556204263,0.16587872,2.063526,-0.3259014
4717,3,Back,0.01656844377,0.18525525,2.20266,-0.289557
4718,3,Back,0.0205046465918,0.06615852,1.96957,-0.3443564
4719,3,Back,0.0101563061787,0.0502759,2.089715,-0.29917675
4720,3,Back,0.0148681908807,0.05877475,2.1963675,-0.27329525
4721,3,Back,0.0130121415904,0.5619115,2.07897,-0.25971575
4722,3,Back,0.0194358325029,-0.3186455,2.68665,-0.187318
4723,3,Back,0.0201449734697,-0.336473,2.552344,-0.196811
4724,3,Back,0.0210517142128,0.06860863,2.58356,-0.1975056
4725,3,Back,0.0141347666032,0.18661225,2.5528125,-0.204804
4726,3,Back,0.0150965924133,-0.3107255,3.189695,-0.22766825
4727,3,Back,0.0231061559192,-0.446070166667,3.05551166667,-0.197872833333
4728,3,Back,0.0138002351224,-0.30850425,3.071115,-0.2082295
4729,3,Back,0.0143241205858,-0.429987,3.19294,-0.22102225
4730,3,Back,0.0155509717327,0.18739025,3.18898,-0.22400075
4731,3,Back,0.0143221130009,0.1882145,3.0698975,-0.20505875
4732,3,Back,0.01538449839,0.06254625,3.18972,-0.2164745
4733,3,Back,0.0250630162184,-0.8138576,3.544264,-0.194017
4734,3,Back,0.0247017128179,-0.43469275,3.6642675,-0.336997
4735,3,Back,0.011171445138,-0.31161675,3.53351,-0.3017575
4736,3,Back,0.015043680214,0.0614615,3.5577875,-0.27566175
4737,3,Back,0.0142319955608,0.18542225,3.5506425,-0.29229175
4738,3,Back,0.0102259531043,0.0520088,3.664515,-0.29155575
4739,3,Back,0.0125319985345,0.69691675,3.6854,-0.2733575
4740,3,Back,0.025459491826,0.5705255,3.6755375,-0.31024575
4741,3,Back,0.0129071211526,0.5607185,3.5478425,-0.281974
4742,3,Back,0.0154514697167,0.681013,3.566265,-0.248323
4743,3,Back,0.0141362580903,-2.3165675,4.1915025,-0.278174
4744,3,Back,0.0171972438712,-2.437705,4.06262,-0.26537675
4745,3,Back,0.0144374241528,-2.4359425,4.186285,-0.27927825
4746,3,Back,0.0149371103295,-0.807311,4.0682575,-0.3677425
4747,3,Back,0.0141448356187,-0.9336095,4.1818025,-0.38738025
4748,3,Back,0.014876661719,-0.312336,4.0572125,-0.417254
4749,3,Back,0.012942422214,-0.438136,4.168185,-0.4331005
4750,3,Back,0.0200738466817,-0.436997,4.3039725,-0.453584
4751,3,Back,0.0154575352624,0.18721675,4.05955,-0.40164725
4752,3,Back,0.0150739132136,0.06205925,4.1825325,-0.40538875
4753,3,Back,0.0147644640744,0.685322,4.06508,-0.3834865
4754,3,Back,0.0146022726996,0.561911,4.1761125,-0.422677
4755,3,Back,0.0261235695307,1.07687316667,4.1701,-0.3395135
4756,3,Back,0.0259718003846,1.20222166667,4.28795,-0.344
4757,3,Back,0.0120441785735,1.1990575,4.171985,-0.2796095
4758,3,Back,0.0121141180442,1.078375,4.04807,-0.280964
4759,3,Back,0.0149626055968,2.19658,4.19137,-0.2528605
4760,3,Back,0.0246143746446,2.183915,4.08649,-0.1836775
4761,3,Back,0.0274750064535,2.686992,4.206506,-0.1881842
4762,3,Back,0.0137968998025,2.560065,4.062,-0.26552175
4763,3,Back,0.0233679739017,2.714974,4.058792,-0.2172156
4764,3,Back,0.0156552913795,2.5554925,4.1829075,-0.25657325
4765,1,Neck,0.0243223016447,-2.338544,4.682016,-0.2180206
4766,1,Neck,0.0165460563685,-2.307315,4.560455,-0.262788
4767,1,Neck,0.0222104560131,-1.9394975,4.6796775,-0.3171045
4768,1,Neck,0.012893316327,-1.9373775,4.5538725,-0.288758
4769,1,Neck,0.0121572460238,-1.8140925,4.545775,-0.26692825
4770,1,Neck,0.0104612029071,-1.3324425,4.5565125,-0.39114275
4771,1,Neck,0.0242792148799,-1.312694,4.669802,-0.4334684
4772,1,Neck,0.0145641362112,-1.44557,4.6909775,-0.3748155
4773,1,Neck,0.0231184753311,1.55771,4.66642,-0.3220424
4774,1,Neck,0.0144977892353,2.1862575,4.6846225,-0.28525
4775,1,Neck,0.0160510627224,2.06248,4.5621,-0.2974375
4776,1,Neck,0.0152100136602,2.1874175,4.561415,-0.290786
4777,1,Neck,0.0223224990428,1.9394975,4.6796775,-0.3171045
4778,1,Neck,0.0148216513317,2.07074,4.6850425,-0.30909525
4779,1,Neck,0.0137945188203,-1.80654,5.06093,-0.3859035
4780,1,Neck,0.0255862040928,-1.940912,5.209264,-0.3315534
4781,1,Neck,0.014294310759,1.6967625,5.0601825,-0.4102705
4782,1,Neck,0.0137713018641,2.0858575,5.0626875,-0.28574425
4783,1,Neck,0.028457757267,2.199056,5.085386,-0.1981744
4784,1,Neck,0.0237816987884,-1.311825,5.5640925,-0.31639425
4785,1,Neck,0.0102838032271,-0.82546975,5.5864175,-0.405406
4786,1,Neck,0.0242867323489,-0.706178,5.561138,-0.4385844
4787,1,Neck,0.0114493386375,-0.437797,5.710405,-0.3967085
4788,1,Neck,0.00975107897057,0.173983,5.5918025,-0.421057
4789,1,Neck,0.0229981095404,0.1913446,5.466084,-0.4609852
4790,1,Neck,0.0222922755146,0.06704558,5.71719,-0.341688
4791,1,Neck,0.0262630817169,1.19082,5.5721475,-0.32382925
4792,1,Neck,0.0248017960914,1.560716,5.46702,-0.3556904
4793,1,Neck,0.0244014808459,1.559362,5.601428,-0.2270134
4794,0,Head,0.0243499811828,-0.2077112,7.186204,-0.3193918
4795,0,Head,0.0228353388464,-0.352779,7.180494,-0.2376508
4796,0,Head,0.0229817952518,0.0626362675,7.169085,-0.33839675
4797,0,Head,0.0126518619365,0.0632822675,7.03874,-0.28035075
4798,0,Head,0.0148083201958,0.1862485,7.05086,-0.26703375
4799,0,Head,0.0231061766503,-0.3246075,7.5629475,-0.3269405
4800,0,Head,0.0230249084524,-0.468313,7.56306,-0.217433
4801,0,Head,0.0146097442264,0.1853495,7.5627325,-0.37724875
4802,0,Head,0.0157859502834,0.06333247075,7.687275,-0.38053825
4803,0,Head,0.0240423728958,0.0644554225,8.0892925,-0.22914825
4804,0,Head,0.0244113291988,0.18819625,8.0809,-0.21772
4805,13,LFoot,0.0272197917295,-2.55251666667,-8.054715,0.183461466667
4806,13,LFoot,0.0144819608649,-1.9122875,-7.80636,0.18771575
4807,16,RFoot,0.0228497728765,2.5801475,-7.7961525,0.18817675
4808,13,LFoot,0.0222875588895,-1.923028,-7.31474,0.2111198
4809,16,RFoot,0.0143403996059,2.54267,-7.3038775,0.07138153575
4810,16,RFoot,0.0117464720735,2.52492,-7.4335075,0.19871
4811,16,RFoot,0.014377203302,2.5046775,-7.3122825,0.18892375
4812,13,LFoot,0.00913092873714,-2.40799,-6.9261575,0.20809625
4813,13,LFoot,0.0122739610872,-1.961275,-6.93864,0.20059225
4814,13,LFoot,0.00969667684958,-1.95913,-6.8247675,0.2078095
4815,16,RFoot,0.0208103711381,2.4340925,-6.81217,0.0831026801675
4816,13,LFoot,0.0170126356591,-2.422895,-6.309865,0.06623951175
4817,13,LFoot,0.0267778885179,-2.353215,-6.43803,0.21408425
4818,13,LFoot,0.0265985980615,-1.7982275,-6.31902,0.0738582375
4819,13,LFoot,0.0236901020588,-1.888622,-6.311922,0.2340556
4820,12,LLeg,0.0168072494987,-2.4105275,-5.8127425,0.06711721625
4821,15,RLeg,0.0246971394281,1.683014,-5.83052,0.06199688
4822,15,RLeg,0.0236940140385,1.768484,-5.812278,0.229292
4823,15,RLeg,0.0240054188616,1.685474,-5.937008,-0.043713354
4824,15,RLeg,0.0109843050436,1.71037,-5.9501725,0.0703278325
4825,12,LLeg,0.0163707120419,-2.4241125,-5.3130175,0.06320334825
4826,12,LLeg,0.0233423468268,-2.35438,-5.43905,0.22026625
4827,12,LLeg,0.0235274529692,-1.52676,-5.309382,0.090423668
4828,15,RLeg,0.0224236231032,1.654976,-5.43294,0.218189
4829,15,RLeg,0.02524094775,1.551872,-5.210296,0.1887344
4830,12,LLeg,0.0144505311319,-2.39051,-4.8137,0.05498268725
4831,12,LLeg,0.025424504787,-2.3386575,-4.9375425,0.19773925
4832,12,LLeg,0.0115874568264,-2.2695175,-4.30909,0.06123926
4833,12,LLeg,0.0137268475309,-2.2668925,-4.43612,0.195624
4834,15,RLeg,0.0148675231684,1.262095,-4.310245,0.1820665
4835,15,RLeg,0.0148867121256,1.2685875,-4.43242,0.05777856
4836,15,RLeg,0.0148181807557,1.2466225,-4.312885,0.06075179725
4837,15,RLeg,0.0145459889585,1.1072875,-3.8149275,0.0689903275
4838,15,RLeg,0.0136488768356,1.1160725,-3.9308575,0.18755325
4839,15,RLeg,0.0229062715083,1.053536,-3.685778,0.16587016
4840,15,RLeg,0.0229744436227,2.070454,-3.816406,0.2064046
4841,12,LLeg,0.0251351983337,-1.022531,-3.3099,0.0299089444
4842,12,LLeg,0.0138495023551,-1.00381975,-3.43498,0.1931405
4843,12,LLeg,0.0146116215028,-0.9834975,-3.3131125,0.19088975
4844,15,RLeg,0.0148471316868,1.9951,-3.438225,0.1904895
4845,15,RLeg,0.0142044948121,1.978685,-3.314385,0.19301275
4846,12,LLeg,0.0128599133187,-1.9082275,-2.8123375,0.063094975
4847,12,LLeg,0.0106859791475,-1.933185,-2.923885,0.162011
4848,12,LLeg,0.020501799669,-1.946488,-2.941296,0.286795
4849,12,LLeg,0.0197909551994,-1.9454825,-2.81098,0.296495
4850,12,LLeg,0.0144606469644,-0.86204675,-2.813735,0.18951625
4851,12,LLeg,0.00913608004805,-1.91376,-2.31255,0.036856825
4852,15,RLeg,0.0155627216648,0.743405,-2.3121225,0.1878025
4853,15,RLeg,0.0135423668884,0.78016925,-2.428875,0.071008125
4854,15,RLeg,0.0143490666995,0.75379675,-2.3111225,0.069553075
4855,15,RLeg,0.0140310338023,0.77222775,-2.430025,0.1878285
4856,15,RLeg,0.0217366833615,1.938705,-2.43615,0.17330485
4857,15,RLeg,0.0239348286789,1.9412975,-2.31235,0.1652452
4858,12,LLeg,0.0131158674087,-1.9075825,-1.8105325,0.04653158
4859,4,Pelvis,0.0140759927995,0.63447325,-1.8064225,0.069183075
4860,15,RLeg,0.0230560231928,1.9393925,-1.9391975,0.167752425
4861,12,LLeg,0.0136372452547,-1.8889925,-1.312375,0.064981525
4862,12,LLeg,0.0130525938189,-1.91888,-1.43686,0.16697025
4863,4,Pelvis,0.0151020654854,-0.51293075,-1.31172,0.0683265875
4864,4,Pelvis,0.0136160443025,-0.5259545,-1.4300975,0.18975325
4865,4,Pelvis,0.0147241872425,-0.49768475,-1.3152725,0.1884535
4866,11,LThigh,0.0143882102021,-1.86024,-0.814259,0.06658689
4867,6,LArm,0.0147944794915,-1.89692,-0.93488,0.17770725
4868,4,Pelvis,0.0129039733318,-0.32748675,-0.8346815,0.1855315
4869,4,Pelvis,0.0227143147075,-0.28176075,-0.703208,0.1864695
4870,11,LThigh,0.0221668676022,-1.837546,-0.4432406,0.1641306
4871,11,LThigh,0.0106053708574,-1.7997625,-0.4250235,0.03978337
4872,5,LShoulder,0.0136727326633,-1.78452,-0.30994525,0.0518511575
4873,4,Pelvis,0.00923150311391,0.1343362,-0.44283925,0.1888885
4874,4,Pelvis,0.0124915112658,0.0496562,-0.42268575,0.1890595
4875,5,LShoulder,0.0149940568036,-1.73967,0.18683425,0.1908815
4876,5,LShoulder,0.0150023722963,-1.72752,0.05994948325,0.0696657
4877,5,LShoulder,0.022227654281,-1.706548,0.181643,0.03902564
4878,5,LShoulder,0.0154593326898,-1.75257,0.06275021825,0.18864125
4879,5,LShoulder,0.0212364305181,-1.68714,0.6851195,0.169152725
4880,8,RShoulder,0.0223637405882,1.699264,0.557277,0.15983122
4881,8,RShoulder,0.0147382377351,1.6400325,1.18595,0.194019
4882,8,RShoulder,0.0254156441258,1.44500666667,1.69599833333,0.0538000533333
4883,8,RShoulder,0.0111758596268,1.5421675,1.5771875,0.17377875
4884,8,RShoulder,0.0259013840764,1.572472,1.564748,0.2926242
4885,8,RShoulder,0.0148452828198,1.50371,1.68293,0.1895605
4886,3,Back,0.0113454950732,-1.2657375,2.0764975,0.17805025
4887,3,Back,0.0230677127368,-0.8263515,2.68928,0.0422096
4888,3,Back,0.0218303683997,-0.95443025,2.6879025,0.17069575
4889,5,LShoulder,0.0272258400114,-3.32712,3.306995,0.0568688
4890,3,Back,0.0256395404731,1.07054333333,3.17761,0.179105766667
4891,3,Back,0.0110109037912,1.019513,3.0515825,0.16715875
4892,8,RShoulder,0.0243444861169,3.06452,3.2717825,0.031177575
4893,8,RShoulder,0.0242024727043,3.056715,3.1799575,0.17824925
4894,8,RShoulder,0.0266790546122,3.1931575,3.2857725,0.022051975
4895,5,LShoulder,0.0252657796717,-2.408644,3.796512,0.2163362
4896,3,Back,0.0138150722363,-1.2796325,3.6771675,0.18901275
4897,3,Back,0.0245185289096,-1.323082,3.812324,0.1679209
4898,3,Back,0.0254358556701,-1.174452,3.546612,0.07005768
4899,3,Back,0.0233251243021,-1.217462,3.688058,0.037852826
4900,3,Back,0.0149749679417,-1.2434575,3.56556,0.1948985
4901,8,RShoulder,0.0241244975621,2.6332475,3.5104925,0.2027565
4902,8,RShoulder,0.0263108040702,3.42606,3.5653525,0.183760475
4903,3,Back,0.0119492231544,-2.907565,4.2038225,0.04582471625
4904,3,Back,0.0237447922182,-2.951466,4.190396,0.16608736
4905,3,Back,0.0230474181239,-2.03206,4.166805,0.06403701575
4906,3,Back,0.0138759461098,-1.4097275,4.056655,0.189543
4907,3,Back,0.0207798134231,1.4369125,4.1836325,0.194805
4908,3,Back,0.025951437416,2.183538,4.060366,0.2052192
4909,3,Back,0.0256303021266,2.068482,4.192232,0.2033288
4910,3,Back,0.0117179074301,3.0318425,4.08942,0.186807
4911,1,Neck,0.02317497683,2.58644,4.70364,0.1865465
4912,3,Back,0.0236139824658,2.7216,4.46686,0.067375
4913,3,Back,0.0223426232129,2.733085,4.47923,0.18811375
4914,1,Neck,0.0242309580863,-2.3614075,5.0917325,0.1918035
4915,1,Neck,0.0105964203084,-2.28787,5.2066575,0.19064575
4916,1,Neck,0.0111709932176,-2.27987,5.212445,0.06647190975
4917,1,Neck,0.0162794021188,-1.826205,5.646495,0.1897625
4918,1,Neck,0.0102319229241,1.17467,5.6670725,0.21164225
4919,0,Head,0.0216959292744,0.454279,6.184798,0.039839516
4920,0,Head,0.0148411572524,0.4811465,6.0624275,0.18378175
4921,0,Head,0.0140712474399,0.4622665,6.18707,0.1851785
4922,0,Head,0.0142021292201,0.46927275,6.563355,0.1944755
4923,0,Head,0.0142009620861,0.489517,6.685575,0.1911165
4924,0,Head,0.0160179310771,0.63144975,7.185005,0.18738825
4925,0,Head,0.0217089437158,-0.69781075,7.561815,0.178742875
4926,0,Head,0.0217089518782,0.69781075,7.561815,0.178742875
4927,0,Head,0.0288765543329,0.442477,8.195918,0.035788524
4928,13,LFoot,0.0160618158402,-1.8546675,-7.8079375,0.68395025
4929,13,LFoot,0.0272263905412,-2.331994,-7.553704,0.6941348
4930,16,RFoot,0.0331441424357,2.0543425,-7.50225,0.72824275
4931,16,RFoot,0.0215013563768,2.1865075,-7.270315,0.48540275
4932,16,RFoot,0.021436947788,2.1972775,-7.5124425,0.734814
4933,12,LLeg,0.0140876643819,-1.9323575,-4.8117275,0.5131385
4934,12,LLeg,0.0161523446465,-1.8180375,-4.810565,0.50703375
4935,15,RLeg,0.0238197960815,2.0690925,-4.8124425,0.450388
4936,12,LLeg,0.0235787494448,-1.8466,-4.304866,0.5940994
4937,12,LLeg,0.00889078257521,-1.9661625,-4.3241275,0.5319985
4938,12,LLeg,0.0235959179434,-1.400248,-4.320934,0.4749284
4939,12,LLeg,0.0273132932523,-1.55042166667,-4.32552166667,0.583102666667
4940,12,LLeg,0.0279525922791,-1.42301333333,-4.20326,0.575446833333
4941,15,RLeg,0.0143338066262,1.6883225,-4.30493,0.62543325
4942,12,LLeg,0.00893342198986,-1.920185,-3.800345,0.58379925
4943,15,RLeg,0.0279914718348,1.185626,-3.834324,0.5613554
4944,15,RLeg,0.0266115217624,1.305018,-3.83739,0.6944516
4945,12,LLeg,0.0108664733375,-1.8968375,-3.31311,0.58088975
4946,12,LLeg,0.0244499254404,-1.8294975,-3.4375075,0.6928825
4947,12,LLeg,0.0236609446812,-1.05949,-3.33266,0.5591848
4948,12,LLeg,0.0247574954488,-1.8489675,-2.94241,0.70677275
4949,12,LLeg,0.0119435955629,-0.966014,-2.8261175,0.7087035
4950,12,LLeg,0.0083982378084,-1.9189875,-2.44035,0.7146855
4951,12,LLeg,0.0229312885453,-0.8090084,-2.330556,0.5612394
4952,12,LLeg,0.0150646594857,-0.8575005,-2.3142075,0.70011675
4953,15,RLeg,0.0229787219795,1.95066,-2.30753,0.5921424
4954,15,RLeg,0.0225017503424,0.692052,-1.829528,0.5581286
4955,15,RLeg,0.0236654279647,0.7729466,-1.81075,0.7269506
4956,15,RLeg,0.012050451766,0.72544575,-1.94606,0.5689365
4957,15,RLeg,0.014346369921,1.97079,-1.81256,0.556289
4958,15,RLeg,0.021982371627,1.9463075,-1.938575,0.69971475
4959,15,RLeg,0.0231121673205,1.952925,-1.8134825,0.702737
4960,4,Pelvis,0.0250650909189,-0.548269666667,-1.32367833333,0.575413
4961,4,Pelvis,0.0242691926187,0.6526034,-1.436712,0.7199664
4962,15,RLeg,0.0142295872495,1.9720075,-1.312655,0.5569945
4963,15,RLeg,0.023992883935,1.95932,-1.4370425,0.70641775
4964,4,Pelvis,0.0254782953595,-0.426936333333,-0.821668,0.694160666667
4965,4,Pelvis,0.01226351772,-0.476239,-0.95023025,0.6985145
4966,4,Pelvis,0.0218540339957,-0.32547875,-0.69216475,0.56652175
4967,5,LShoulder,0.0142258125056,-1.8584675,-0.31845775,0.5579
4968,11,LThigh,0.0141835292484,-1.8675575,-0.4374735,0.68443625
4969,4,Pelvis,0.0104516978498,0.16535,-0.409042,0.57398175
4970,4,Pelvis,0.0249688041632,0.173907166667,-0.457069,0.442202166667
4971,4,Pelvis,0.0104033085085,0.23069575,-0.463141,0.57249375
4972,4,Pelvis,0.0141806028679,0.060407,-0.38847,0.6818025
4973,5,LShoulder,0.0141517997817,-1.763525,0.068466245,0.56433575
4974,5,LShoulder,0.0144285016097,-1.7432,0.18671125,0.5592515
4975,5,LShoulder,0.0155371576403,-1.7442525,0.0640025975,0.686692
4976,5,LShoulder,0.0216676046478,-1.691656,0.5806824,0.5604694
4977,8,RShoulder,0.0146321909193,1.6493475,0.68835275,0.685043
4978,8,RShoulder,0.0123072585168,1.5226125,1.69522,0.56154475
4979,8,RShoulder,0.0245683767068,1.565032,1.45483,0.683757
4980,8,RShoulder,0.0110686624066,1.527515,1.5732675,0.69339175
4981,8,RShoulder,0.0141756773637,1.4931975,1.68134,0.6806215
4982,2,Chest,0.0231766029688,-1.337736,2.069094,0.7116244
4983,2,Chest,0.0146488311372,-1.2936125,2.20595,0.693839
4984,2,Chest,0.0145292751411,-1.20302,2.6832925,0.69372625
4985,2,Chest,0.0142713383843,-1.2158275,2.55932,0.69119475
4986,8,RShoulder,0.0217216755739,3.56407,2.797845,0.68162925
4987,5,LShoulder,0.0236204765858,-3.8546275,3.060255,0.66598
4988,5,LShoulder,0.0107593850333,-3.7786325,3.063185,0.5425665
4989,5,LShoulder,0.013421796467,-3.776,3.1851,0.55329325
4990,5,LShoulder,0.0120123633394,-2.983345,3.20775,0.5706365
4991,2,Chest,0.0142629323911,-1.22648,3.1896975,0.68493125
4992,2,Chest,0.0202664437834,-1.203916,3.065958,0.658989
4993,2,Chest,0.0253501179691,1.20519,3.17168166667,0.547345833333
4994,2,Chest,0.0202857717214,1.203916,3.065958,0.658989
4995,5,LShoulder,0.0244865426746,-3.30762,3.585465,0.71469175
4996,5,LShoulder,0.0157959846376,-2.9318875,3.6876125,0.552436
4997,5,LShoulder,0.0162893022896,-2.809395,3.6868375,0.5189095
4998,2,Chest,0.0155770621863,-1.2771225,3.6886325,0.685104
4999,2,Chest,0.0152474317022,-1.28219,3.5596325,0.5626725
5000,2,Chest,0.015066616115,-1.29868,3.679135,0.563477
5001,2,Chest,0.0214857804561,-1.313685,3.8099275,0.5674535
5002,2,Chest,0.0146405030425,-1.266015,3.5622425,0.68176675
5003,8,RShoulder,0.0255467793625,3.443375,3.5770025,0.70814225
5004,2,Chest,0.0168350175306,-2.8344475,4.0798075,0.5410595
5005,2,Chest,0.0324099823054,-2.84538666667,4.216445,0.453194333333
5006,2,Chest,0.0165906389711,-2.419305,4.17664,0.53137775
5007,2,Chest,0.0216150893207,-1.330375,4.1858225,0.5772045
5008,2,Chest,0.0117003540531,-1.2823525,4.184745,0.711101
5009,2,Chest,0.0131073534705,-1.28806,4.0637725,0.70968925
5010,2,Chest,0.0215186054636,2.697035,4.1975425,0.54358125
5011,1,Neck,0.0293450820933,-2.45945833333,4.70685333333,0.453971333333
5012,1,Neck,0.0199030283339,-2.31352,4.689135,0.534408
5013,1,Neck,0.0120801864388,-1.3920825,4.5542725,0.69207225
5014,1,Neck,0.0234011019489,-1.446184,4.665354,0.6842806
5015,1,Neck,0.0117997306204,1.508875,4.6834775,0.565008
5016,1,Neck,0.0252940372043,1.59248333333,4.78467166667,0.5887165
5017,1,Neck,0.0171773115569,2.1755225,4.553625,0.5419
5018,1,Neck,0.0186856674524,2.0480825,4.6748525,0.531541
5019,1,Neck,0.018369548188,2.1780075,4.6820625,0.55115
5020,1,Neck,0.0305665936879,2.194212,5.21022,0.437442
5021,1,Neck,0.0261556444619,-1.823574,5.467388,0.6071254
5022,1,Neck,0.0263127821501,-1.4436275,5.4770225,0.73839075
5023,1,Neck,0.0268166903899,-1.3156075,5.4910175,0.741429
5024,1,Neck,0.0224807856773,-0.8118955,5.570465,0.452
5025,1,Neck,0.0112749303992,-0.81043225,5.517805,0.57821775
5026,1,Neck,0.0242722242998,-0.934762,5.480265,0.7148365
5027,1,Neck,0.023998057717,-0.8114205,5.4680025,0.70725575
5028,1,Neck,0.0218500693498,-0.345402333333,5.7046,0.600336
5029,1,Neck,0.0264843909274,-0.320665666667,5.58328666667,0.694961
5030,1,Neck,0.0123364712781,-0.443764,5.51069,0.6904415
5031,1,Neck,0.0232822926696,0.6907845,5.583385,0.45215925
5032,1,Neck,0.012373893379,0.6894275,5.5111825,0.57769275
5033,1,Neck,0.0244077483156,1.5642625,5.459975,0.721212
5034,1,Neck,0.0243952834133,1.6973375,5.4497375,0.68684375
5035,0,Head,0.0205270151997,-0.3371878,6.19134,0.5717832
5036,0,Head,0.00854192307961,-0.2905385,6.6819275,0.63731975
5037,0,Head,0.00626220340132,-0.33445575,6.6957825,0.712151
5038,0,Head,0.0191300602948,0.188821,6.6853625,0.6042095
5039,0,Head,0.0214415287538,0.575566,6.690468,0.6597224
5040,0,Head,0.011949966936,0.535507,6.6719775,0.5455425
5041,0,Head,0.0128870593604,-0.714107,7.1952075,0.68410525
5042,0,Head,0.0191568986502,-0.721148666667,7.15592833333,0.565322666667
5043,0,Head,0.0212771127999,0.7003582,7.064044,0.671197
5044,0,Head,0.0139545906776,-0.733318,7.6857625,0.68030775
5045,0,Head,0.0155412067974,-0.7406,7.562405,0.56195425
5046,0,Head,0.01528445765,-0.74399,7.686775,0.5618705
5047,0,Head,0.0145284128643,-0.728389,7.5623625,0.68120175
5048,0,Head,0.0230958483744,0.70151925,7.9509425,0.561804
5049,0,Head,0.0241244218865,0.20908225,8.4534275,0.56086825
5050,0,Head,0.0136220191853,0.056957155,8.4777125,0.68060325
5051,0,Head,0.0271336345482,0.1940102,8.44662,0.7090632
5052,13,LFoot,0.0253311521466,-2.32607833333,-7.79043666667,1.07797433333
5053,13,LFoot,0.0100426657713,-2.32373,-7.8455625,1.1964475
5054,16,RFoot,0.0239173728921,2.5511825,-7.8205475,0.94549
5055,12,LLeg,0.0204167040987,-1.435695,-2.8201325,0.94332825
5056,15,RLeg,0.0224577824896,1.5698,-2.8168425,0.92967025
5057,12,LLeg,0.0152054259506,-1.3105575,-2.44043,1.0181375
5058,12,LLeg,0.0152734141632,-1.4329,-2.3243875,1.04762
5059,12,LLeg,0.0168353573599,-1.3045775,-2.320445,1.03429
5060,15,RLeg,0.0143666636426,1.19177,-2.4361425,0.99295
5061,15,RLeg,0.0236486807541,1.05374575,-2.310835,0.93754525
5062,15,RLeg,0.0130187429648,1.1865175,-2.31428,1.00624475
5063,15,RLeg,0.0227297353513,1.70185,-2.43892,0.958443
5064,15,RLeg,0.0171918817361,1.5607025,-2.3221375,1.0381275
5065,15,RLeg,0.0256837811335,1.7145475,-2.319215,0.97196725
5066,12,LLeg,0.0145116626726,-1.319395,-1.8096,1.0937325
5067,12,LLeg,0.0237768167395,-0.9429046,-1.829642,0.924801
5068,15,RLeg,0.0232997604991,1.187582,-1.829816,1.059378
5069,15,RLeg,0.0108077852242,1.1607775,-1.948385,1.04374
5070,15,RLeg,0.0143741820037,1.0571425,-1.80987,1.0045885
5071,15,RLeg,0.0245153806266,1.687495,-1.81553666667,1.06228833333
5072,15,RLeg,0.0134868393719,1.7106275,-1.94764,1.03518
5073,12,LLeg,0.0235669202058,-1.695395,-1.4372475,1.0735575
5074,12,LLeg,0.0228181111669,-1.8345175,-1.3106275,0.95814875
5075,12,LLeg,0.0151138858055,-1.3152125,-1.311935,1.1131975
5076,12,LLeg,0.0250951142551,-0.8974592,-1.312246,0.980892
5077,15,RLeg,0.0225856179266,1.16073,-1.308082,1.083556
5078,15,RLeg,0.0106696821789,1.034401,-1.3250675,1.0453625
5079,15,RLeg,0.0227292333593,1.69315,-1.3119175,1.070925
5080,11,LThigh,0.0248878190847,-1.8150375,-0.8134555,0.94594075
5081,11,LThigh,0.0159284734306,-1.3118325,-0.81296625,1.12524
5082,4,Pelvis,0.0149405982731,-0.8012715,-0.940236,1.01648925
5083,4,Pelvis,0.0106409683799,-0.793748,-0.82356575,1.037105
5084,14,RThigh,0.015388109927,1.1866825,-0.81291725,1.11971
5085,14,RThigh,0.0106185046088,1.7150425,-0.802322,1.044395
5086,4,Pelvis,0.0148168823012,-1.3112575,-0.3127585,1.1222525
5087,4,Pelvis,0.0157946968653,-0.815971,-0.3097545,1.112985
5088,4,Pelvis,0.0275350368551,-0.420673666667,-0.327160333333,0.945740833333
5089,4,Pelvis,0.0263920199088,0.0863494,-0.1851406,1.0546408
5090,4,Pelvis,0.0108012092582,0.6603165,-0.45015775,1.0494675
5091,4,Pelvis,0.0230731647194,0.7859716,-0.4327896,1.090956
5092,4,Pelvis,0.0243380554637,0.675543,-0.321041166667,1.07238166667
5093,4,Pelvis,0.0131452575005,0.548518,-0.322732,1.0235025
5094,4,Pelvis,0.0241501816733,0.553779833333,-0.195631333333,1.06063833333
5095,4,Pelvis,0.0162297526772,1.18749,-0.313397,1.135215
5096,8,RShoulder,0.011132336961,1.59204,-0.2991115,1.038401
5097,8,RShoulder,0.0274639738271,1.69491,-0.2901796,0.9432006
5098,4,Pelvis,0.0237687211529,-1.329965,0.1905185,1.0815725
5099,5,LShoulder,0.0126660780264,-1.4629025,0.1909235,1.01949825
5100,4,Pelvis,0.015586014962,-0.812737,0.18722525,1.15701
5101,4,Pelvis,0.0156676874989,0.68871725,0.186257,1.1491275
5102,4,Pelvis,0.0143756985406,1.1847225,0.18694025,1.1301125
5103,4,Pelvis,0.0231341279985,-1.307778,0.7062852,1.060922
5104,4,Pelvis,0.0145183849158,1.1809925,0.6862215,1.107235
5105,4,Pelvis,0.012582167656,-1.330955,1.062646,1.01982925
5106,4,Pelvis,0.0227018683836,-1.201445,1.0627455,1.0764375
5107,2,Chest,0.0206141558342,-1.36197,1.183826,0.9872198
5108,2,Chest,0.0235447483581,1.201575,1.1867675,1.0699125
5109,2,Chest,0.022406728245,-1.195715,1.5625175,1.0698225
5110,2,Chest,0.0225412142884,-1.1963075,1.68667,1.07234
5111,2,Chest,0.0225281152225,1.196105,1.6866825,1.072065
5112,2,Chest,0.0235150292139,0.9501965,1.5626375,1.1970575
5113,2,Chest,0.0240087534875,0.95147625,1.6874775,1.2006625
5114,2,Chest,0.0226250306465,1.215415,2.1932525,0.9591745
5115,2,Chest,0.0233561128303,0.95325175,2.18575,1.2176925
5116,5,LShoulder,0.0107945021305,-3.816785,2.5807225,1.0533525
5117,5,LShoulder,0.0288169588548,-3.8083725,2.5476925,1.1771075
5118,2,Chest,0.0221308378494,0.980013,2.68661,1.2306175
5119,8,RShoulder,0.0268388124917,3.6622425,2.6345575,1.066213
5120,8,RShoulder,0.0280156886074,3.537854,2.789252,1.192198
5121,8,RShoulder,0.0329594315771,4.19306,2.536062,1.29284
5122,5,LShoulder,0.0240206842736,-3.811135,3.0989125,1.21345
5123,5,LShoulder,0.0259743063972,-3.288375,3.0628025,0.9586365
5124,5,LShoulder,0.0114850847567,-3.4297,3.195965,1.0222655
5125,5,LShoulder,0.0261020126282,-3.541244,3.188254,1.078512
5126,2,Chest,0.021977077685,0.99006925,3.059685,1.2346325
5127,8,RShoulder,0.0255083958763,3.663454,3.074696,1.212768
5128,8,RShoulder,0.0256974116421,3.550598,2.962226,1.211152
5129,8,RShoulder,0.0243518209791,4.076605,2.9447575,1.1889825
5130,2,Chest,0.0221058774598,1.087002,3.685824,1.215134
5131,2,Chest,0.0105259757137,1.1580675,4.188885,1.2138925
5132,1,Neck,0.0286307058484,-1.197376,4.58202,1.0717034
5133,1,Neck,0.00970617923185,0.175909,4.7153975,1.16595
5134,1,Neck,0.0227560606646,0.1913162,4.59545,1.217924
5135,1,Neck,0.0108773848472,-0.814052,5.0803425,1.03916
5136,1,Neck,0.023396264085,-0.81283775,4.9543675,1.1007425
5137,1,Neck,0.0235517938376,-0.93634125,5.2012175,0.96837475
5138,1,Neck,0.0236504246893,-0.81448725,5.2075975,0.975514
5139,1,Neck,0.0104260574636,-0.313114,5.08081,1.0247875
5140,1,Neck,0.0233842410355,-0.3142025,4.9538875,1.07787
5141,1,Neck,0.02367339448,-0.4369725,5.208525,0.97823025
5142,1,Neck,0.0129466408885,0.187039,5.06986,1.01938575
5143,1,Neck,0.0245374034876,0.16889196,4.940734,1.068986
5144,1,Neck,0.0236045480729,0.06044825,5.2029475,0.95627475
5145,1,Neck,0.0249301881811,0.185818,5.20616,0.96720025
5146,1,Neck,0.0108188598542,0.68803075,5.0841275,1.044285
5147,1,Neck,0.0253715939655,0.6879525,4.9588325,1.107265
5148,1,Neck,0.023669176565,0.56177,5.2071025,0.982786
5149,1,Neck,0.0240462910909,1.080638,5.185384,0.9535594
5150,0,Head,0.0100095846927,-0.31301225,7.1947,1.1372175
5151,0,Head,0.00903915721972,-0.3111925,7.14772,1.2023225
5152,0,Head,0.00764958056073,-0.38545175,7.179925,1.17892
5153,0,Head,0.00874304777909,0.60884125,7.16712,1.1664475
5154,0,Head,0.0104765291935,-0.32569225,8.19867,1.1428625
5155,0,Head,0.0267634344796,-0.337559833333,8.090105,1.22251
5156,0,Head,0.0282969190834,-0.2084834,8.19816,1.198956
5157,5,LShoulder,0.0227370258954,-4.20152,2.72159,1.562465
5158,5,LShoulder,0.0222777371293,-3.8184025,2.563395,1.444245
5159,5,LShoulder,0.0113663529219,-3.985875,2.554915,1.6835875
5160,5,LShoulder,0.0262803635327,-3.7770475,2.6845525,1.4663725
5161,5,LShoulder,0.025853255809,-4.039906,2.678448,1.68261
5162,2,Chest,0.0150854780246,-0.31240875,2.560545,1.49829
5163,2,Chest,0.014477806814,-0.4382365,2.6858225,1.5026725
5164,2,Chest,0.0156377028911,-0.316064,2.67895,1.522275
5165,2,Chest,0.0158110186895,0.18603825,2.55732,1.5095675
5166,2,Chest,0.014429240526,0.06055125,2.6752425,1.5311175
5167,2,Chest,0.015596476552,0.18653475,2.675725,1.53292
5168,2,Chest,0.014419591936,0.55348125,2.692865,1.478195
5169,2,Chest,0.0137761003935,-0.30529375,3.188625,1.6054725
5170,2,Chest,0.0151320453986,0.18674675,3.1876725,1.612075
5171,2,Chest,0.0114380894747,0.5779305,3.1869575,1.5376425
5172,2,Chest,0.0221279196636,0.449109,3.188065,1.5773925
5173,2,Chest,0.0245018162194,0.70526025,3.18526,1.472415
5174,2,Chest,0.0240083127942,-0.81629275,3.6799525,1.5396075
5175,2,Chest,0.0130826135003,-0.31326,3.58615,1.547725
5176,2,Chest,0.0210882817395,-0.30975475,3.4485175,1.580105
5177,2,Chest,0.0149315375177,-0.426815,3.6893625,1.5452825
5178,2,Chest,0.0138197821415,-0.30785575,3.6954975,1.52784
5179,2,Chest,0.0139621413246,0.18812175,3.5919425,1.5514975
5180,2,Chest,0.0144077171754,0.063557284,3.7010975,1.522165
5181,2,Chest,0.0141640585203,0.18751575,3.6999675,1.5208125
5182,2,Chest,0.0183833721658,0.68783175,3.672935,1.5612875
5183,2,Chest,0.0132175181636,0.68546175,3.5471475,1.5047775
5184,2,Chest,0.0151753233378,0.6869995,4.0591325,1.5031375
5185,2,Chest,0.023900830471,0.7078372,4.187064,1.44086
5186,0,Head,0.0206714402067,0.1959382,7.087546,1.447652
5187,0,Head,0.0291360341284,0.093884596,7.194116,1.4583
5188,0,Head,0.0246504187818,0.2079542,7.553872,1.474848
5189,0,Head,0.0134380058192,0.053805525,7.6840125,1.51071
5190,0,Head,0.0230396624587,0.2039625,7.68435,1.46698
5191,4,Pelvis,0.0148308951202,-0.80609125,0.43986925,-0.9838825
5192,4,Pelvis,0.0214398769466,-0.8376034,0.3197346,-0.959613
5193,4,Pelvis,0.0131400548821,-0.5690435,0.3193735,-0.981804
5194,4,Pelvis,0.0150812190999,-0.68658825,0.4384325,-0.99628275
5195,4,Pelvis,0.013622674187,-0.68436575,0.31994875,-0.983087
5196,4,Pelvis,0.0216996478316,-0.42612975,0.3159035,-0.95808825
5197,4,Pelvis,0.0224998361858,0.82023825,0.181463775,-0.93925325
5198,4,Pelvis,0.0131400548821,0.5690435,0.3193735,-0.981804
5199,4,Pelvis,0.0150812190999,0.68658825,0.4384325,-0.99628275
5200,4,Pelvis,0.013622674187,0.68436575,0.31994875,-0.983087
5201,4,Pelvis,0.0148308951202,0.80609125,0.43986925,-0.9838825
5202,4,Pelvis,0.0148643267305,-0.68782475,0.5609915,-1.00090175
5203,4,Pelvis,0.0149745264884,-0.68791925,0.6805215,-0.98357275
5204,4,Pelvis,0.0238088639214,-0.666374,0.8135374,-0.9414446
5205,4,Pelvis,0.0220707732981,0.430932,0.69536575,-0.938305
5206,4,Pelvis,0.0133890149775,0.804434,0.561903,-0.992794
5207,4,Pelvis,0.0135682250598,0.80545275,0.67915575,-0.97749325
5208,4,Pelvis,0.0238911369159,0.8315574,0.8094186,-0.9341116
5209,13,LFoot,0.0120186198959,-2.187755,-7.9327125,-0.48996225
5210,13,LFoot,0.0118345871697,-2.190015,-7.8196875,-0.47927225
5211,16,RFoot,0.0219501188943,2.3178725,-7.6847625,-0.43210475
5212,12,LLeg,0.0236344145851,-2.183604,-5.955214,-0.4416608
5213,12,LLeg,0.0139910089284,-2.05568,-5.811395,-0.503147
5214,12,LLeg,0.0226222020998,-2.19249,-5.8105575,-0.44507475
5215,12,LLeg,0.0138562276421,-2.0587325,-5.6914575,-0.521648
5216,12,LLeg,0.024218460021,-2.19741,-5.6882225,-0.455654
5217,12,LLeg,0.0138830885,-1.9412625,-5.6981225,-0.54206775
5218,12,LLeg,0.0157882693761,-1.8155325,-5.69876,-0.52967775
5219,12,LLeg,0.0256257900565,-1.653634,-5.568358,-0.4764636
5220,15,RLeg,0.0143854363482,1.9414675,-5.812025,-0.51672425
5221,15,RLeg,0.0264134486731,1.791126,-5.809312,-0.460152
5222,15,RLeg,0.0251912080368,1.691718,-5.455532,-0.5545568
5223,15,RLeg,0.0256257900565,1.653634,-5.568358,-0.4764636
5224,15,RLeg,0.0138841374916,1.9412575,-5.6981075,-0.542071
5225,15,RLeg,0.0157809107403,1.8155225,-5.6987375,-0.52968425
5226,15,RLeg,0.0138950075758,2.058785,-5.691535,-0.521617
5227,15,RLeg,0.0247057703062,2.2043925,-5.5662,-0.469481
5228,15,RLeg,0.0242746875456,2.19747,-5.6883425,-0.45560775
5229,12,LLeg,0.0258092049942,-2.2172725,-5.4429625,-0.48447275
5230,12,LLeg,0.0253689883068,-2.22997,-5.31551,-0.495397
5231,12,LLeg,0.0144380944117,-1.815845,-5.3099175,-0.613247
5232,12,LLeg,0.0230228523535,-1.664322,-5.306412,-0.5777688
5233,12,LLeg,0.0250447677402,-1.57120833333,-5.19183166667,-0.547987166667
5234,12,LLeg,0.0152647581843,-1.8134025,-5.186815,-0.6309975
5235,12,LLeg,0.0154028998737,-1.694705,-5.18554,-0.61396
5236,15,RLeg,0.0229806722328,1.664322,-5.306412,-0.5777688
5237,15,RLeg,0.0249496928383,1.57120833333,-5.19183166667,-0.547987166667
5238,15,RLeg,0.0144380944117,1.815845,-5.3099175,-0.613247
5239,15,RLeg,0.0154028998737,1.694705,-5.18554,-0.61396
5240,15,RLeg,0.0152647581843,1.8134025,-5.186815,-0.6309975
5241,15,RLeg,0.0255212177863,2.233915,-5.06075,-0.49907375
5242,15,RLeg,0.0246738556045,2.234415,-5.1879675,-0.4992145
5243,12,LLeg,0.022983850083,-2.211895,-4.8104725,-0.47273225
5244,12,LLeg,0.0257732007742,-1.950495,-4.67598,-0.582415
5245,12,LLeg,0.0126778427975,-2.0750775,-4.67351,-0.530516
5246,12,LLeg,0.014550511064,-1.810715,-4.815005,-0.631455
5247,12,LLeg,0.0138249882053,-1.6946525,-4.814415,-0.622469
5248,12,LLeg,0.0144786506906,-1.810395,-4.6956,-0.61377225
5249,12,LLeg,0.0135141220533,-1.6934425,-4.695615,-0.606048
5250,15,RLeg,0.0224186106169,1.5572525,-4.813795,-0.56979225
5251,15,RLeg,0.0237786634751,1.4207925,-4.8113825,-0.443186
5252,15,RLeg,0.0276601723594,1.42058,-4.68672,-0.44859025
5253,15,RLeg,0.0138249882053,1.6946525,-4.814415,-0.622469
5254,15,RLeg,0.014550511064,1.810715,-4.815005,-0.631455
5255,15,RLeg,0.0135141220533,1.6934425,-4.695615,-0.606048
5256,15,RLeg,0.0144786506906,1.810395,-4.6956,-0.61377225
5257,15,RLeg,0.0126778427975,2.0750775,-4.67351,-0.530516
5258,15,RLeg,0.0291088115243,2.193118,-4.662844,-0.447068
5259,12,LLeg,0.0139976454377,-1.68385,-4.42526,-0.5476505
5260,12,LLeg,0.0153998825713,-1.56951,-4.3144,-0.49613825
5261,12,LLeg,0.014544494809,-1.6864625,-4.3134225,-0.518883
5262,12,LLeg,0.014080856304,-1.68692,-4.1961575,-0.48632225
5263,15,RLeg,0.0238757475456,1.451422,-4.294102,-0.4250756
5264,15,RLeg,0.0140252059181,1.8120725,-4.4273975,-0.5427705
5265,15,RLeg,0.0158358015867,1.8078625,-4.3152675,-0.5086935
5266,15,RLeg,0.0210604277198,1.539364,-4.195844,-0.4549476
5267,15,RLeg,0.014080856304,1.68692,-4.1961575,-0.48632225
5268,15,RLeg,0.0253691003322,1.82532333333,-4.174735,-0.459053666667
5269,12,LLeg,0.0136353629896,-1.19407,-1.8040975,-0.470598
5270,12,LLeg,0.0238246637303,-1.4551525,-1.68844,-0.4530935
5271,12,LLeg,0.0149995045455,-1.308975,-1.561525,-0.5088045
5272,12,LLeg,0.0144110447374,-1.3071975,-1.6862575,-0.49075375
5273,12,LLeg,0.0153959765134,-1.18873,-1.56178,-0.51066975
5274,12,LLeg,0.0145715769304,-1.1911375,-1.68504,-0.49052175
5275,15,RLeg,0.01930246098,1.3117775,-1.9452425,-0.44935275
5276,15,RLeg,0.0216669577941,1.449665,-1.807975,-0.4386955
5277,15,RLeg,0.0128411022376,1.3074825,-1.805105,-0.47263075
5278,15,RLeg,0.022983012088,1.037153,-1.680918,-0.4544746
5279,15,RLeg,0.0153959765134,1.18873,-1.56178,-0.51066975
5280,15,RLeg,0.0145715769304,1.1911375,-1.68504,-0.49052175
5281,15,RLeg,0.0238243440266,1.4551525,-1.68844,-0.4530935
5282,15,RLeg,0.0149995045455,1.308975,-1.561525,-0.5088045
5283,15,RLeg,0.0144110447374,1.3071975,-1.6862575,-0.49075375
5284,12,LLeg,0.0155915497116,-1.1878625,-1.4376075,-0.5291695
5285,12,LLeg,0.0150517979631,-1.065865,-1.313615,-0.53574975
5286,12,LLeg,0.0154422237847,-1.1877175,-1.314825,-0.54497025
5287,12,LLeg,0.0153394929922,-1.4319225,-1.1875725,-0.504709
5288,11,LThigh,0.019118141991,-1.1930275,-1.06222325,-0.5680305
5289,11,LThigh,0.0151828855616,-1.319965,-1.0613285,-0.5475095
5290,12,LLeg,0.016562592372,-1.31238,-1.18727,-0.54161125
5291,12,LLeg,0.0150242323848,-1.1878775,-1.1932825,-0.55852425
5292,12,LLeg,0.0159964025221,-0.9415445,-1.1886075,-0.51274375
5293,15,RLeg,0.0250583450533,0.907878,-1.308734,-0.4739998
5294,15,RLeg,0.0159964025221,0.9415445,-1.1886075,-0.51274375
5295,15,RLeg,0.0152308899476,1.31116,-1.436895,-0.5221945
5296,15,RLeg,0.0151703097961,1.4307175,-1.3112725,-0.5001915
5297,15,RLeg,0.0154580874309,1.3123125,-1.313145,-0.5319055
5298,15,RLeg,0.0150242323848,1.1878775,-1.1932825,-0.55852425
5299,15,RLeg,0.0153394929922,1.4319225,-1.1875725,-0.504709
5300,14,RThigh,0.0151828855616,1.319965,-1.0613285,-0.5475095
5301,15,RLeg,0.016562592372,1.31238,-1.18727,-0.54161125
5302,15,RLeg,0.0217753379509,1.5615175,-1.1873075,-0.43233875
5303,11,LThigh,0.0215774207138,-1.19998,-0.81155175,-0.5793065
5304,11,LThigh,0.0226652223404,-1.20258,-0.5643535,-0.58595425
5305,11,LThigh,0.0118781518907,-1.3352375,-0.56542475,-0.54192075
5306,11,LThigh,0.022146493024,-1.2017675,-0.68719825,-0.58061425
5307,11,LThigh,0.0116173645907,-1.33391,-0.688477,-0.5442115
5308,4,Pelvis,0.0253219633329,-0.8027235,-0.698716333333,-0.575308833333
5309,4,Pelvis,0.0126540367256,-0.67532,-0.70058675,-0.52416725
5310,4,Pelvis,0.0238451257387,0.7775874,-0.9373094,-0.4780562
5311,4,Pelvis,0.0127581363285,0.79914875,-0.826682,-0.52692075
5312,4,Pelvis,0.0126540367256,0.67532,-0.70058675,-0.52416725
5313,4,Pelvis,0.0253219704458,0.8027235,-0.698716333333,-0.575308833333
5314,14,RThigh,0.0215749628669,1.19998,-0.81155175,-0.5793065
5315,14,RThigh,0.0137906210878,1.3293275,-0.9378695,-0.549663
5316,14,RThigh,0.0149523050788,1.438285,-0.81535275,-0.509065
5317,14,RThigh,0.0131779364983,1.3332975,-0.813108,-0.5486815
5318,14,RThigh,0.0118781518907,1.3352375,-0.56542475,-0.54192075
5319,14,RThigh,0.0116173645907,1.33391,-0.688477,-0.5442115
5320,4,Pelvis,0.0109408716188,-1.0745775,-0.0755343175,-0.79250725
5321,4,Pelvis,0.0138013698396,-1.0597625,-0.184866,-0.76168625
5322,4,Pelvis,0.0235263919428,-1.2047025,-0.0663892175,-0.72593425
5323,11,LThigh,0.0262398948682,-1.320094,-0.336018,-0.5840712
5324,11,LThigh,0.0233532507686,-1.217234,-0.4377684,-0.6058038
5325,4,Pelvis,0.012774759496,-1.1975125,-0.324974,-0.65084975
5326,4,Pelvis,0.0251742327392,-1.0825,-0.3121766,-0.7012542
5327,4,Pelvis,0.0246599981859,-1.342145,-0.1881585,-0.6014675
5328,4,Pelvis,0.0244328363576,-1.184634,-0.2064748,-0.6964048
5329,4,Pelvis,0.0263905050565,-0.5396184,-0.320302,-0.7025112
5330,4,Pelvis,0.0146905300197,-0.81328525,-0.059481505,-0.877715
5331,4,Pelvis,0.0103872129895,-0.9499115,-0.19955925,-0.79049425
5332,4,Pelvis,0.0146894173369,-0.68886675,-0.061058395,-0.88187925
5333,4,Pelvis,0.0107279729578,-0.54928775,-0.21366725,-0.78158075
5334,4,Pelvis,0.0227699906123,-0.9422875,-0.329519,-0.7330135
5335,4,Pelvis,0.0236245473205,-0.4350408,-0.2294598,-0.7360288
5336,4,Pelvis,0.0118212310465,-0.29573075,-0.084517575,-0.786372
5337,4,Pelvis,0.0276314988404,-0.168012916667,-0.3332855,-0.449599333333
5338,4,Pelvis,0.0280975065438,-0.18063132,-0.0894029522,-0.6958362
5339,4,Pelvis,0.0269240238942,-0.161563033333,-0.209258,-0.580969666667
5340,4,Pelvis,0.0236313085286,0.4350408,-0.2294598,-0.7360288
5341,4,Pelvis,0.0118212310465,0.29573075,-0.084517575,-0.786372
5342,4,Pelvis,0.0302259863028,0.290399166667,-0.336772833333,-0.579705166667
5343,4,Pelvis,0.0269072963337,0.161563033333,-0.209258,-0.580969666667
5344,4,Pelvis,0.0279678602323,0.296915166667,-0.453678666667,-0.450487
5345,4,Pelvis,0.0280956893686,0.18063132,-0.0894029522,-0.6958362
5346,4,Pelvis,0.0284489914676,0.2848086,-0.1962072,-0.6977624
5347,4,Pelvis,0.0240145558017,0.0522483333333,-0.202174,-0.454687
5348,4,Pelvis,0.0236845669325,0.832696,-0.1844916,-0.8211742
5349,4,Pelvis,0.0256738942962,0.81367,-0.3403615,-0.7400015
5350,4,Pelvis,0.0146894173369,0.68886675,-0.061058395,-0.88187925
5351,4,Pelvis,0.0107279729578,0.54928775,-0.21366725,-0.78158075
5352,4,Pelvis,0.0146905300197,0.81328525,-0.059481505,-0.877715
5353,4,Pelvis,0.0103872129895,0.9499115,-0.19955925,-0.79049425
5354,4,Pelvis,0.0263890859391,0.5396184,-0.320302,-0.7025112
5355,4,Pelvis,0.0227699906189,0.9422875,-0.329519,-0.7330135
5356,4,Pelvis,0.0109408716188,1.0745775,-0.0755343175,-0.79250725
5357,4,Pelvis,0.0138013698396,1.0597625,-0.184866,-0.76168625
5358,4,Pelvis,0.012774759496,1.1975125,-0.324974,-0.65084975
5359,4,Pelvis,0.0244328363576,1.184634,-0.2064748,-0.6964048
5360,14,RThigh,0.0262444025088,1.320094,-0.336018,-0.5840712
5361,14,RThigh,0.00979767216632,1.3403825,-0.45216825,-0.550404
5362,4,Pelvis,0.0246900782025,1.342145,-0.1881585,-0.6014675
5363,8,RShoulder,0.0222851826836,1.48062,-0.187203,-0.47802775
5364,4,Pelvis,0.0230299617245,-1.0827245,0.1843185,-0.8463635
5365,4,Pelvis,0.0133381616988,-1.2129825,0.18580525,-0.771855
5366,4,Pelvis,0.0262623123599,-1.0917025,0.30811,-0.86014175
5367,4,Pelvis,0.012664439941,-1.2187075,0.3109405,-0.7815735
5368,4,Pelvis,0.0122695351702,-1.2220975,0.43716225,-0.78202225
5369,5,LShoulder,0.0126039387711,-1.400135,0.189884,-0.58818725
5370,4,Pelvis,0.023210835728,-1.230188,0.063921846,-0.7387572
5371,4,Pelvis,0.0209530137377,-1.314105,0.43575775,-0.6847885
5372,5,LShoulder,0.0110684567423,-1.40174,0.3146725,-0.582315
5373,4,Pelvis,0.0215661008822,-0.684147,0.175948075,-0.954549
5374,4,Pelvis,0.0123925654435,-0.6871895,0.04180168,-0.91924125
5375,4,Pelvis,0.010564158706,-0.960159,0.2987845,-0.922765
5376,4,Pelvis,0.0234892882582,-0.151940225,0.4374725,-0.846226
5377,4,Pelvis,0.0114761403479,-0.040631475,0.4358255,-0.766251
5378,4,Pelvis,0.0133803868933,-0.0452314,0.306399,-0.7555575
5379,4,Pelvis,0.0217078159578,-0.14074996,0.0504995478,-0.7402548
5380,4,Pelvis,0.0234921827423,0.151940225,0.4374725,-0.846226
5381,4,Pelvis,0.0114761403479,0.040631475,0.4358255,-0.766251
5382,4,Pelvis,0.0133803868933,0.0452314,0.306399,-0.7555575
5383,4,Pelvis,0.0157088399501,0.8149555,0.05217152,-0.91184825
5384,4,Pelvis,0.0124622774501,0.945995,0.1850295,-0.908473
5385,4,Pelvis,0.021435824159,0.8376034,0.3197346,-0.959613
5386,4,Pelvis,0.010564158706,0.960159,0.2987845,-0.922765
5387,4,Pelvis,0.0233715628952,1.311836,0.16902642,-0.686419
5388,4,Pelvis,0.0262596775507,1.0917025,0.30811,-0.86014175
5389,4,Pelvis,0.012664439941,1.2187075,0.3109405,-0.7815735
5390,4,Pelvis,0.0122695351702,1.2220975,0.43716225,-0.78202225
5391,4,Pelvis,0.0214706967929,1.3172525,0.3140115,-0.68524575
5392,4,Pelvis,0.0209530127964,1.314105,0.43575775,-0.6847885
5393,8,RShoulder,0.0126039387711,1.400135,0.189884,-0.58818725
5394,8,RShoulder,0.0245415931957,1.4824575,0.1875205,-0.46778
5395,8,RShoulder,0.0110684567423,1.40174,0.3146725,-0.582315
5396,4,Pelvis,0.0229239023795,-1.243802,0.6861202,-0.7322528
5397,4,Pelvis,0.0245401981814,-1.0909915,0.691329,-0.851292
5398,4,Pelvis,0.0131608284629,-1.2217825,0.56406775,-0.77390275
5399,4,Pelvis,0.0236998810127,-1.07541,0.81174975,-0.83532425
5400,4,Pelvis,0.0209213385347,-1.2256625,0.81295575,-0.722456
5401,4,Pelvis,0.0227337862226,-1.35116,0.6831244,-0.596399
5402,4,Pelvis,0.0225808429882,-1.33718,0.81295675,-0.577215
5403,4,Pelvis,0.023919812084,-0.8315658,0.809474,-0.9341844
5404,4,Pelvis,0.0108691939386,-0.94392675,0.82254075,-0.90235775
5405,4,Pelvis,0.012763686513,-0.812493,0.94176925,-0.891683
5406,4,Pelvis,0.0106736137136,-0.548893,0.8364765,-0.92647175
5407,4,Pelvis,0.012859549141,-0.68593725,0.94342525,-0.8960355
5408,4,Pelvis,0.0247742855159,-0.161594775,0.5629205,-0.84770575
5409,4,Pelvis,0.0111212429734,-0.040789775,0.56202475,-0.77259275
5410,4,Pelvis,0.0115989185075,-0.0434852,0.6869715,-0.7714195
5411,4,Pelvis,0.0134871814755,-0.43589525,0.8216095,-0.90744275
5412,4,Pelvis,0.016068791475,-0.0619615,0.9357965,-0.742903
5413,4,Pelvis,0.0142572095149,-0.05353575,0.811867,-0.76401275
5414,4,Pelvis,0.0122076522033,-0.176147,0.9471205,-0.7729045
5415,4,Pelvis,0.0131772556363,0.2910005,0.56542875,-0.92188075
5416,4,Pelvis,0.0160809417724,0.06197575,0.93577325,-0.74221225
5417,4,Pelvis,0.0142573667219,0.05354725,0.8118565,-0.76398575
5418,4,Pelvis,0.0254236157923,0.304895833333,0.945288,-0.817851666667
5419,4,Pelvis,0.0122339440348,0.177381,0.946345,-0.7693295
5420,4,Pelvis,0.0134871814755,0.43589525,0.8216095,-0.90744275
5421,4,Pelvis,0.023799003938,0.666375,0.8134876,-0.9413852
5422,4,Pelvis,0.0106737493985,0.54889575,0.83647275,-0.92646325
5423,4,Pelvis,0.0129001866312,0.68593675,0.9433675,-0.89561925
5424,4,Pelvis,0.0108685595622,0.94391775,0.82253,-0.9023325
5425,4,Pelvis,0.0128003688347,0.81247775,0.9417055,-0.89125825
5426,4,Pelvis,0.0224095466294,1.308366,0.5809786,-0.6778134
5427,4,Pelvis,0.0237016792571,1.0754875,0.81175525,-0.8354065
5428,4,Pelvis,0.0227337862313,1.35116,0.6831244,-0.596399
5429,4,Pelvis,0.0225899992878,1.3374325,0.81296775,-0.5773665
5430,4,Pelvis,0.0247186008856,-1.08301333333,1.08393416667,-0.71996
5431,4,Pelvis,0.0231995201563,-1.22861,1.068308,-0.6100112
5432,3,Back,0.0262724259226,-0.953831166667,1.21189,-0.720652166667
5433,3,Back,0.0250205920414,-1.1976875,1.4468475,-0.43374725
5434,3,Back,0.0220373499411,-1.227386,1.317688,-0.4805996
5435,4,Pelvis,0.0248993150017,-0.687444,1.081289,-0.8353505
5436,3,Back,0.00997979391995,-0.687392,1.2080525,-0.772296
5437,3,Back,0.0118667942363,-0.5644525,1.207265,-0.76381475
5438,3,Back,0.021830213828,-0.68747,1.32187,-0.70222975
5439,3,Back,0.0238535434719,-0.543827,1.313436,-0.692981
5440,4,Pelvis,0.0151163125126,-0.18746475,1.05813925,-0.740856
5441,3,Back,0.0102017600221,-0.31053225,1.332635,-0.6484785
5442,3,Back,0.0134934682708,-0.18788575,1.3184775,-0.63520825
5443,3,Back,0.0242072564811,0.31181725,1.2062125,-0.7104305
5444,4,Pelvis,0.0115799512638,0.304036,1.067645,-0.76789525
5445,3,Back,0.0236972309658,0.4422564,1.22822,-0.7292646
5446,3,Back,0.0134934682708,0.18788575,1.3184775,-0.63520825
5447,3,Back,0.0102017600221,0.31053225,1.332635,-0.6484785
5448,3,Back,0.0117368748669,0.80960875,1.2062875,-0.768162
5449,4,Pelvis,0.023518510122,0.81002525,1.07747025,-0.831857
5450,3,Back,0.0262724259226,0.953831166667,1.21189,-0.720652166667
5451,3,Back,0.021830213828,0.68747,1.32187,-0.70222975
5452,3,Back,0.0238534752984,0.543827,1.313436,-0.692981
5453,3,Back,0.0257191915487,1.31522,1.209904,-0.4405702
5454,3,Back,0.0113336082622,-0.6864195,1.5819425,-0.52274725
5455,3,Back,0.0228020693795,-0.562652,1.700985,-0.45272075
5456,3,Back,0.0226091601033,-0.6860165,1.69906,-0.450347
5457,3,Back,0.0115706312557,-0.1875105,1.578585,-0.51505475
5458,3,Back,0.0235308329184,-0.0625155,1.70718,-0.4529045
5459,3,Back,0.0230846327103,-0.18705725,1.70587,-0.458712
5460,3,Back,0.0115662587978,0.31208775,1.579155,-0.51886925
5461,3,Back,0.0229175215525,0.43764675,1.7015025,-0.45410775
5462,3,Back,0.0229242545329,0.312192,1.7034525,-0.45957725
5463,3,Back,0.0121028344252,0.809725,1.5805,-0.51581925
5464,3,Back,0.0147596509234,-0.81388325,4.44394,-0.477133
5465,3,Back,0.0219969371008,-0.796917,4.315692,-0.439788
5466,3,Back,0.014239649951,-0.31351225,4.4442425,-0.47201375
5467,3,Back,0.0144397744565,-0.19027925,4.44473,-0.4619295
5468,3,Back,0.0223110469202,-0.1697276,4.315884,-0.4412704
5469,3,Back,0.0144397744565,0.19027925,4.44473,-0.4619295
5470,3,Back,0.0223110497317,0.1697276,4.315884,-0.4412704
5471,3,Back,0.014239649951,0.31351225,4.4442425,-0.47201375
5472,3,Back,0.0211094141693,0.6877215,4.40574666667,-0.4504195
5473,3,Back,0.022687391024,0.9553532,4.311834,-0.4432772
5474,3,Back,0.0147596509234,0.81388325,4.44394,-0.477133
5475,1,Neck,0.0241809259624,-1.211884,4.571556,-0.4697892
5476,1,Neck,0.0145177105563,-1.064195,4.68495,-0.54190625
5477,1,Neck,0.0164801449399,-1.1821475,4.690105,-0.501607
5478,1,Neck,0.015892211432,-1.3086925,4.9404425,-0.4884955
5479,1,Neck,0.0228925653492,-1.337052,4.819258,-0.457585
5480,1,Neck,0.0240932383064,-0.9467145,4.80419,-0.57103025
5481,1,Neck,0.0144842827817,-1.075635,4.8103675,-0.54781725
5482,1,Neck,0.0151713948137,-1.1903525,4.93827,-0.52363375
5483,1,Neck,0.0150320994779,-1.18609,4.814255,-0.5128005
5484,1,Neck,0.0161007509019,-0.6874735,4.56261,-0.4808815
5485,1,Neck,0.0157161906115,-0.562084,4.6874725,-0.49684225
5486,1,Neck,0.0162787403404,-0.68680225,4.68374,-0.51398525
5487,1,Neck,0.0148751712981,-0.558237,4.81301,-0.50677275
5488,1,Neck,0.0133345506111,-0.66067125,4.940325,-0.53229025
5489,1,Neck,0.0163913687267,-0.67208875,4.8109025,-0.5345545
5490,1,Neck,0.0155713389179,-0.1877195,4.5637675,-0.477934
5491,1,Neck,0.0157992882168,-0.0625265,4.6877425,-0.47853275
5492,1,Neck,0.0157966409515,-0.18753475,4.6875875,-0.493685
5493,1,Neck,0.0157734672338,-0.43727525,4.8124475,-0.51262625
5494,1,Neck,0.0156451717451,-0.31250325,4.9375,-0.5231305
5495,1,Neck,0.0157101968832,-0.3124995,4.812495,-0.5178535
5496,1,Neck,0.0158586903275,-0.06249925,4.8125,-0.49184475
5497,1,Neck,0.0156988613291,-0.1875,4.9375,-0.51525675
5498,1,Neck,0.0157865478256,-0.1874975,4.812495,-0.5070325
5499,1,Neck,0.0155816733415,0.31259925,4.56324,-0.48818025
5500,1,Neck,0.0157577210667,0.43741175,4.68743,-0.50357625
5501,1,Neck,0.0157946914813,0.3125065,4.6874825,-0.504737
5502,1,Neck,0.0158586903275,0.06249925,4.8125,-0.49184475
5503,1,Neck,0.0156988613291,0.1875,4.9375,-0.51525675
5504,1,Neck,0.0157865478256,0.1874975,4.812495,-0.5070325
5505,1,Neck,0.0157734672338,0.43727525,4.8124475,-0.51262625
5506,1,Neck,0.0156451717451,0.31250325,4.9375,-0.5231305
5507,1,Neck,0.0157101968832,0.3124995,4.812495,-0.5178535
5508,1,Neck,0.0163048795095,0.8123935,4.5615,-0.50462
5509,1,Neck,0.0142995054503,0.938047,4.6734375,-0.5512155
5510,1,Neck,0.0134158442965,0.81026875,4.67289,-0.540676
5511,1,Neck,0.0148751712981,0.558237,4.81301,-0.50677275
5512,1,Neck,0.0133345506111,0.66067125,4.940325,-0.53229025
5513,1,Neck,0.0235049087227,0.79925275,4.804105,-0.56941275
5514,1,Neck,0.0163913687267,0.67208875,4.8109025,-0.5345545
5515,1,Neck,0.0242605340441,1.312694,4.669802,-0.4334684
5516,1,Neck,0.0144842827817,1.075635,4.8103675,-0.54781725
5517,1,Neck,0.0151713948137,1.1903525,4.93827,-0.52363375
5518,1,Neck,0.0150320994779,1.18609,4.814255,-0.5128005
5519,1,Neck,0.015892211432,1.3086925,4.9404425,-0.4884955
5520,1,Neck,0.0228925653492,1.337052,4.819258,-0.457585
5521,1,Neck,0.0237376808354,-1.559348,5.206832,-0.4431936
5522,1,Neck,0.0153434613327,-1.1900075,5.0628925,-0.524692
5523,1,Neck,0.0160799822276,-1.061413,5.1870725,-0.526819
5524,1,Neck,0.0150674616368,-1.187255,5.1841975,-0.51052675
5525,1,Neck,0.0233388892949,-1.3119925,5.331285,-0.453098
5526,1,Neck,0.0155859631778,-1.06108075,5.306765,-0.496063
5527,1,Neck,0.0238580173399,-1.183214,5.342114,-0.4681
5528,1,Neck,0.0146165032046,-0.67454475,5.0614225,-0.5194735
5529,1,Neck,0.0156795671532,-0.56216225,5.18753,-0.4979545
5530,1,Neck,0.0168353402754,-0.68660925,5.1858025,-0.51007275
5531,1,Neck,0.0143549501964,-0.935889,5.3077525,-0.5086915
5532,1,Neck,0.02369316148,-0.8076538,5.46479,-0.4638662
5533,1,Neck,0.0148305489803,-0.81145275,5.3106375,-0.51267075
5534,1,Neck,0.0155265161175,-0.562302,5.311995,-0.50745975
5535,1,Neck,0.0154275984015,-0.68554725,5.4309125,-0.490605
5536,1,Neck,0.0153229012824,-0.68675875,5.31164,-0.50808925
5537,1,Neck,0.0156813661941,-0.18749225,5.0625275,-0.514903
5538,1,Neck,0.0156377454552,-0.0625325,5.1871,-0.49817425
5539,1,Neck,0.0156524190791,-0.18755275,5.1873175,-0.50730725
5540,1,Neck,0.0155167185574,-0.43764575,5.31204,-0.5134815
5541,1,Neck,0.0152431057129,-0.31422875,5.430685,-0.49060975
5542,1,Neck,0.0154958568875,-0.31305525,5.3112,-0.50824325
5543,1,Neck,0.0148818746912,-0.06276825,5.307375,-0.48216675
5544,1,Neck,0.0151975084707,-0.188153,5.30922,-0.49333575
5545,1,Neck,0.0156648654754,0.31249325,5.0625175,-0.5215625
5546,1,Neck,0.0159074831968,0.4373985,5.1876225,-0.51291875
5547,1,Neck,0.0157064204789,0.31250975,5.1875225,-0.51759025
5548,1,Neck,0.0148818746912,0.06276825,5.307375,-0.48216675
5549,1,Neck,0.0151975084707,0.188153,5.30922,-0.49333575
5550,1,Neck,0.0155167185574,0.43764575,5.31204,-0.5134815
5551,1,Neck,0.0152431057129,0.31422875,5.430685,-0.49060975
5552,1,Neck,0.0154958568875,0.31305525,5.3112,-0.50824325
5553,1,Neck,0.0144013176913,0.93661475,5.1945825,-0.53666625
5554,1,Neck,0.015571726343,0.81215275,5.192485,-0.53266375
5555,1,Neck,0.0155265161175,0.562302,5.311995,-0.50745975
5556,1,Neck,0.0154275984015,0.68554725,5.4309125,-0.490605
5557,1,Neck,0.0153229012824,0.68675875,5.31164,-0.50808925
5558,1,Neck,0.0143549501964,0.935889,5.3077525,-0.5086915
5559,1,Neck,0.0148305489803,0.81145275,5.3106375,-0.51267075
5560,1,Neck,0.0151104914445,1.3105025,5.06372,-0.49735475
5561,1,Neck,0.0132479494273,1.42881,5.180975,-0.4692985
5562,1,Neck,0.0143052683769,1.3103425,5.1815725,-0.490644
5563,1,Neck,0.0155859631778,1.06108075,5.306765,-0.496063
5564,1,Neck,0.0238580173399,1.183214,5.342114,-0.4681
5565,1,Neck,0.0233388892949,1.3119925,5.331285,-0.453098
5566,1,Neck,0.0261343936386,0.2920926,5.566006,-0.4487416
5567,13,LFoot,0.0139657963962,-2.3076575,-8.131015,-0.30735475
5568,13,LFoot,0.0145031732271,-2.1936,-8.1337725,-0.3101465
5569,13,LFoot,0.0136819541389,-2.30548,-8.1447975,-0.1864935
5570,13,LFoot,0.0135090900259,-2.1949325,-8.1506625,-0.1866275
5571,16,RFoot,0.0145031732271,2.1936,-8.1337725,-0.3101465
5572,16,RFoot,0.0139657963962,2.3076575,-8.131015,-0.30735475
5573,16,RFoot,0.0135090900259,2.1949325,-8.1506625,-0.1866275
5574,16,RFoot,0.0136819541389,2.30548,-8.1447975,-0.1864935
5575,13,LFoot,0.0276634935125,-2.42874,-7.540204,-0.3117764
5576,13,LFoot,0.0277386924599,-2.452,-7.68742,-0.32565125
5577,13,LFoot,0.0128640066015,-2.5065475,-7.5548175,-0.19447675
5578,13,LFoot,0.0121360251487,-2.54949,-7.6654025,-0.0702764475
5579,13,LFoot,0.013345868488,-2.52838,-7.6751975,-0.184992
5580,13,LFoot,0.0219586540694,-2.3178725,-7.6847625,-0.43210475
5581,13,LFoot,0.0149337626509,-2.3120725,-7.5530325,-0.40487225
5582,13,LFoot,0.021580617787,-2.172148,-7.692964,-0.434649
5583,13,LFoot,0.027727699402,-2.034832,-7.692278,-0.337084
5584,13,LFoot,0.0154963585893,-2.18962,-7.5551725,-0.397778
5585,16,RFoot,0.0204210585033,1.929224,-7.79146,-0.1821302
5586,16,RFoot,0.0145450022526,1.98083,-7.5590175,-0.18995575
5587,16,RFoot,0.0112416728666,1.9525075,-7.6766825,-0.19912725
5588,16,RFoot,0.0221597749069,2.331065,-7.8143425,-0.455659
5589,16,RFoot,0.0247482730853,2.4797475,-7.8090725,-0.34131225
5590,16,RFoot,0.0215928678291,2.172148,-7.692964,-0.434649
5591,16,RFoot,0.0282223513338,2.034832,-7.692278,-0.337084
5592,16,RFoot,0.0154963585893,2.18962,-7.5551725,-0.397778
5593,16,RFoot,0.0277296595362,2.452,-7.68742,-0.32565125
5594,16,RFoot,0.0149337626509,2.3120725,-7.5530325,-0.40487225
5595,16,RFoot,0.020945789676,2.5558325,-7.8034825,-0.18821275
5596,13,LFoot,0.0210757030486,-2.468918,-7.435866,-0.2280756
5597,13,LFoot,0.0221106237828,-2.46405,-7.3076875,-0.20779025
5598,13,LFoot,0.0142836379167,-2.5164775,-7.18893,-0.05517381575
5599,13,LFoot,0.0247428344306,-2.155628,-7.441036,-0.347182
5600,13,LFoot,0.0236991724409,-2.024884,-7.44026,-0.2178068
5601,13,LFoot,0.0254422061405,-2.028255,-7.3112825,-0.20568625
5602,13,LFoot,0.0251279384764,-2.32572,-7.07496,-0.3135302
5603,13,LFoot,0.024366774656,-2.454995,-7.189215,-0.1940005
5604,13,LFoot,0.0225032718024,-2.16159,-7.052132,-0.332195
5605,13,LFoot,0.0238959164057,-2.0235775,-7.0657625,-0.218911
5606,13,LFoot,0.0267047269118,-2.0288075,-7.1876025,-0.2034565
5607,16,RFoot,0.0116885207456,1.9494725,-7.3130175,-0.075737175
5608,16,RFoot,0.0239148876363,2.0235775,-7.0657625,-0.218911
5609,16,RFoot,0.0139400939589,1.9453475,-7.1922,-0.063767265
5610,16,RFoot,0.0149208684881,2.30937,-7.435345,-0.38024125
5611,16,RFoot,0.00924987761226,2.393835,-7.423355,-0.32871375
5612,16,RFoot,0.0225032718024,2.16159,-7.052132,-0.332195
5613,16,RFoot,0.0267047603655,2.0288075,-7.1876025,-0.2034565
5614,16,RFoot,0.0251279384764,2.32572,-7.07496,-0.3135302
5615,16,RFoot,0.0240611065871,2.437134,-7.044298,-0.1842732
5616,16,RFoot,0.024360670134,2.454995,-7.189215,-0.1940005
5617,13,LFoot,0.0213491106205,-2.4386775,-6.811445,-0.0861335698325
5618,13,LFoot,0.0135555710496,-2.1897725,-6.9378925,-0.35685025
5619,13,LFoot,0.028081835826,-2.057414,-6.834856,-0.3175998
5620,13,LFoot,0.00848154392863,-2.1042425,-6.951665,-0.3299515
5621,13,LFoot,0.0245666467117,-2.309695,-6.5622725,-0.3092625
5622,13,LFoot,0.0136894939455,-2.1847,-6.5612775,-0.38755125
5623,13,LFoot,0.00941661437155,-2.4086675,-6.92611,-0.2105835
5624,13,LFoot,0.0127225802799,-2.40295,-6.5639675,-0.1955505
5625,13,LFoot,0.0253052776076,-1.88776,-6.56268,-0.2188132
5626,13,LFoot,0.0242359597629,-1.91091,-6.686705,-0.20229125
5627,13,LFoot,0.0278837925597,-1.936082,-6.834124,-0.19091
5628,16,RFoot,0.0252675137638,1.887778,-6.562774,-0.2187972
5629,16,RFoot,0.0263768837486,2.02924,-6.560826,-0.3537638
5630,16,RFoot,0.0278837925597,1.936082,-6.834124,-0.19091
5631,16,RFoot,0.0242357400354,1.9109125,-6.6867075,-0.2022885
5632,16,RFoot,0.0232723071597,2.315585,-6.9358625,-0.30428425
5633,16,RFoot,0.0238139500417,2.0476375,-6.6865225,-0.33724025
5634,16,RFoot,0.0136932994946,2.1846975,-6.5612725,-0.387551
5635,16,RFoot,0.0245678673586,2.309695,-6.562275,-0.309259
5636,16,RFoot,0.00941661437155,2.4086675,-6.92611,-0.2105835
5637,16,RFoot,0.0127220193362,2.40295,-6.5639675,-0.195548
5638,13,LFoot,0.0143149431519,-2.182695,-6.43673,-0.3983925
5639,13,LFoot,0.017425486287,-2.05447,-6.32357,-0.4187345
5640,13,LFoot,0.0272811407018,-2.316545,-6.06547,-0.32342725
5641,13,LFoot,0.00986753865209,-2.2031475,-6.0735075,-0.42693825
5642,13,LFoot,0.015198931033,-2.40688,-6.4380025,-0.18403775
5643,13,LFoot,0.0164303217303,-2.4302775,-6.3097275,-0.06817973825
5644,13,LFoot,0.0124050468122,-2.4018675,-6.06224,-0.1900895
5645,13,LFoot,0.0179211132353,-2.4266275,-6.18607,-0.07268090575
5646,13,LFoot,0.0284312326134,-1.89568,-6.19738,-0.3780236
5647,13,LFoot,0.0231087868788,-1.777138,-6.183614,-0.2188242
5648,12,LLeg,0.0240143498265,-1.685522,-5.93719,-0.043564188
5649,12,LLeg,0.0241802286501,-1.693228,-5.93641,-0.2059214
5650,16,RFoot,0.0238221370482,1.901422,-6.317898,-0.3392892
5651,16,RFoot,0.0263252927308,1.828062,-6.208864,-0.3064902
5652,16,RFoot,0.0159717188837,1.93323,-6.2045175,-0.4111245
5653,16,RFoot,0.0265349798294,1.795952,-6.058664,-0.337823
5654,15,RLeg,0.0250169166098,1.824562,-5.954908,-0.424313
5655,16,RFoot,0.0231767182688,1.806508,-6.31189,-0.2058612
5656,16,RFoot,0.022343037036,1.77666,-6.3223675,-0.0699919525
5657,16,RFoot,0.0140527305608,1.75854,-6.1804375,-0.180304
5658,16,RFoot,0.0129386951839,1.71685,-6.0755875,-0.0614787725
5659,16,RFoot,0.0130239557467,1.72883,-6.0728325,-0.18439625
5660,15,RLeg,0.0241954997913,1.6933,-5.936542,-0.206136
5661,16,RFoot,0.0128131523669,1.7402675,-6.180105,-0.064854555
5662,16,RFoot,0.0257845198238,2.31216,-6.4374925,-0.31137625
5663,16,RFoot,0.0269845275358,2.3214875,-6.0629175,-0.31982
5664,16,RFoot,0.0151966352209,2.40688,-6.438,-0.1840185
5665,16,RFoot,0.0164808743153,2.4298825,-6.3095075,-0.068125529
5666,16,RFoot,0.0122958177768,2.4010675,-6.0623175,-0.19037925
5667,16,RFoot,0.0177785271679,2.425595,-6.1858525,-0.0732597575
5668,12,LLeg,0.0257429921858,-2.3445675,-5.5640325,-0.32564
5669,12,LLeg,0.0247133817146,-2.2043975,-5.566225,-0.4694765
5670,12,LLeg,0.0135281168829,-2.4020025,-5.9374325,-0.18530625
5671,12,LLeg,0.0151952798917,-2.422335,-5.8126375,-0.06272378375
5672,12,LLeg,0.0123249389824,-2.41223,-5.564145,-0.188734
5673,12,LLeg,0.0162321378864,-2.4232975,-5.689605,-0.06675687675
5674,12,LLeg,0.0280903463151,-1.692284,-5.71081,-0.4335738
5675,12,LLeg,0.0137452502386,-1.64662,-5.8043975,-0.068003
5676,12,LLeg,0.0141227210986,-1.6137,-5.68962,-0.0644152225
5677,15,RLeg,0.0249341372483,1.552092,-5.565286,-0.1655199
5678,15,RLeg,0.0137467759262,1.64662,-5.8044025,-0.06800175
5679,15,RLeg,0.0141225462606,1.6137,-5.68962,-0.0644144475
5680,15,RLeg,0.0243326337233,2.3280125,-5.9368725,-0.317397
5681,15,RLeg,0.0257351714202,2.34457,-5.5640125,-0.32563625
5682,15,RLeg,0.0135041575531,2.401365,-5.937425,-0.185522
5683,15,RLeg,0.01521188847,2.422125,-5.81273,-0.0627178235
5684,15,RLeg,0.012322998361,2.41223,-5.56414,-0.18873
5685,15,RLeg,0.0162315160666,2.4232975,-5.689605,-0.06675437675
5686,12,LLeg,0.0255212938859,-2.233915,-5.06075,-0.49907375
5687,12,LLeg,0.0248064565646,-2.3541525,-5.0622775,-0.34571625
5688,12,LLeg,0.0246734794865,-2.234415,-5.1879675,-0.4992145
5689,12,LLeg,0.0129749488298,-2.4176875,-5.4399475,-0.19355125
5690,12,LLeg,0.0178104449752,-2.4176025,-5.0619525,-0.18896475
5691,12,LLeg,0.0230037891117,-1.4053475,-5.19692,-0.1882585
5692,15,RLeg,0.0246552218136,1.42873,-5.1946025,-0.32595825
5693,15,RLeg,0.0140232348523,1.482935,-5.1898875,-0.44748825
5694,15,RLeg,0.0151366482928,1.4917325,-5.4344675,-0.1874585
5695,15,RLeg,0.0130371783462,1.4641675,-5.322035,-0.064258415
5696,15,RLeg,0.0230037891117,1.4053475,-5.19692,-0.1882585
5697,15,RLeg,0.0130599637523,1.4500975,-5.33214,-0.190553
5698,15,RLeg,0.0259599731946,2.3521825,-5.441585,-0.33551575
5699,15,RLeg,0.024806199817,2.3541525,-5.0622775,-0.34571625
5700,15,RLeg,0.0129749488298,2.4176875,-5.4399475,-0.19355125
5701,15,RLeg,0.0178104449752,2.4176025,-5.0619525,-0.18896475
5702,12,LLeg,0.0291012077944,-2.193118,-4.662844,-0.447068
5703,12,LLeg,0.0216648018383,-2.239036,-4.55314,-0.3541478
5704,12,LLeg,0.0160249226512,-2.4135375,-4.936945,-0.18457375
5705,12,LLeg,0.0154673465681,-2.4097825,-4.81276,-0.06252931275
5706,12,LLeg,0.0258868735587,-2.331555,-4.54903833333,-0.200762833333
5707,12,LLeg,0.0144353063266,-2.39139,-4.6905175,-0.0616255325
5708,12,LLeg,0.012112950667,-1.3379325,-4.689595,-0.32201925
5709,12,LLeg,0.0238266734933,-1.31123,-4.69199,-0.199329
5710,12,LLeg,0.0144754731547,-1.323925,-4.82272,-0.18945925
5711,12,LLeg,0.0227952029987,-1.300698,-4.68535,-0.039768036
5712,15,RLeg,0.0137807751837,1.347135,-4.81411,-0.30773275
5713,15,RLeg,0.012112950667,1.3379325,-4.689595,-0.32201925
5714,15,RLeg,0.0124668675456,1.3250725,-4.8298675,-0.18976625
5715,15,RLeg,0.0257847263963,1.3123775,-4.6991375,-0.199636
5716,15,RLeg,0.0129859942018,1.2789275,-4.5542475,-0.0601406475
5717,15,RLeg,0.0222445147137,1.3032775,-4.5581975,-0.2068205
5718,15,RLeg,0.026564328044,2.3481575,-4.9359625,-0.33656025
5719,15,RLeg,0.0258868735587,2.331555,-4.54903833333,-0.200762833333
5720,15,RLeg,0.0160249226512,2.4135375,-4.936945,-0.18457375
5721,15,RLeg,0.0154673465681,2.4097825,-4.81276,-0.06252931275
5722,15,RLeg,0.0144353063266,2.39139,-4.6905175,-0.0616255325
5723,12,LLeg,0.0284808332951,-2.199712,-4.411902,-0.3166942
5724,12,LLeg,0.0245322334658,-2.105216,-4.301778,-0.352802
5725,12,LLeg,0.027538773528,-2.06308,-4.16233,-0.3136798
5726,12,LLeg,0.0117405052948,-2.2830225,-4.4216375,-0.200858
5727,12,LLeg,0.0135512886741,-2.2717275,-4.3042025,-0.06245699
5728,12,LLeg,0.0265977350727,-2.205878,-4.184648,-0.084293392
5729,12,LLeg,0.0115597319071,-2.156865,-4.1705925,-0.200126
5730,12,LLeg,0.0123275608071,-1.949715,-4.1715675,-0.4089995
5731,12,LLeg,0.0253634205298,-1.82532333333,-4.174735,-0.459053666667
5732,12,LLeg,0.0132855863061,-1.8292525,-4.0440125,-0.41504075
5733,12,LLeg,0.0232390268336,-1.709588,-4.06443,-0.4455784
5734,12,LLeg,0.0216313241453,-1.397698,-4.191844,-0.3626162
5735,12,LLeg,0.0253818948357,-1.180218,-4.0631,0.044814056
5736,15,RLeg,0.0117600338928,1.35789,-4.3137275,-0.3360375
5737,15,RLeg,0.0216312103039,1.397698,-4.191844,-0.3626162
5738,15,RLeg,0.0259026001012,1.278495,-4.0650675,-0.20627275
5739,15,RLeg,0.0248020687307,1.29554,-4.31325,-0.20598625
5740,15,RLeg,0.0136325075854,1.2645925,-4.43529,-0.05790519
5741,15,RLeg,0.0241881666972,1.298515,-4.4373375,-0.20686425
5742,15,RLeg,0.0142570201672,1.2509025,-4.3129125,-0.05632670275
5743,15,RLeg,0.0255027465347,1.2880325,-4.1892575,-0.20529625
5744,15,RLeg,0.0110225811031,1.2102825,-4.0764725,-0.0699516425
5745,15,RLeg,0.0253818948357,1.180218,-4.0631,0.044814056
5746,15,RLeg,0.0139013650822,1.23074,-4.1912525,-0.05848763275
5747,15,RLeg,0.0123275608071,1.949715,-4.1715675,-0.4089995
5748,15,RLeg,0.0132855863061,1.8292525,-4.0440125,-0.41504075
5749,15,RLeg,0.0275342857994,2.06308,-4.16233,-0.3136798
5750,15,RLeg,0.0115597319071,2.156865,-4.1705925,-0.200126
5751,15,RLeg,0.026502465216,2.205878,-4.184648,-0.084293392
5752,12,LLeg,0.0110030310459,-2.023375,-3.91881,-0.19789075
5753,12,LLeg,0.0122527213304,-2.035215,-3.79468,-0.0786819075
5754,12,LLeg,0.0244487654895,-2.069738,-3.81381,0.038373632
5755,12,LLeg,0.0293965779555,-1.95332833333,-3.80035666667,-0.202234
5756,12,LLeg,0.0247825249272,-1.979166,-3.687318,-0.096167246
5757,12,LLeg,0.0134076789917,-1.6859325,-3.92867,-0.40963525
5758,12,LLeg,0.0134143142285,-1.567175,-3.8126925,-0.385535
5759,12,LLeg,0.0252181925478,-1.701445,-3.67436333333,-0.3282835
5760,12,LLeg,0.0143202484613,-1.5658775,-3.6896275,-0.361196
5761,12,LLeg,0.00872958515193,-1.7111475,-3.548155,-0.29418275
5762,12,LLeg,0.0262190662281,-1.831475,-3.55833,-0.211261
5763,12,LLeg,0.0230878349861,-1.4259225,-3.68812,-0.3235635
5764,12,LLeg,0.0232324912945,-1.171485,-3.8113575,-0.0727501725
5765,12,LLeg,0.0249661159815,-1.157655,-3.69014,-0.0799933725
5766,15,RLeg,0.0248060786669,1.42595,-3.8120275,-0.335411
5767,15,RLeg,0.0230767981585,1.4259225,-3.68812,-0.3235635
5768,15,RLeg,0.0232324912945,1.171485,-3.8113575,-0.0727501725
5769,15,RLeg,0.0221829213437,1.2776075,-3.8118575,-0.222102
5770,15,RLeg,0.0250007505073,1.2766825,-3.9381525,-0.2139165
5771,15,RLeg,0.0219959978213,1.2754475,-3.68833,-0.22617775
5772,15,RLeg,0.0249661962842,1.157655,-3.69014,-0.0799933725
5773,15,RLeg,0.0218985149637,1.27134,-3.5651175,-0.2315215
5774,15,RLeg,0.0255219765859,1.84548,-3.933338,-0.3573812
5775,15,RLeg,0.00892620035698,1.9615875,-3.9164,-0.273692
5776,15,RLeg,0.0143202484613,1.5658775,-3.6896275,-0.361196
5777,15,RLeg,0.00872958515193,1.7111475,-3.548155,-0.29418275
5778,15,RLeg,0.0212782861615,1.852822,-3.679868,-0.2392804
5779,15,RLeg,0.0262137470083,1.831475,-3.55833,-0.211261
5780,12,LLeg,0.0241949209283,-1.726108,-3.313634,-0.236648
5781,12,LLeg,0.0133156160118,-1.699475,-3.4343425,-0.2776265
5782,12,LLeg,0.0158493404955,-1.5717625,-3.3062075,-0.30103125
5783,12,LLeg,0.0149539637656,-1.5640875,-3.065255,-0.294872
5784,12,LLeg,0.0153159979638,-1.572615,-3.1866325,-0.29122025
5785,12,LLeg,0.0254887408545,-1.70951,-3.0633425,-0.22554975
5786,12,LLeg,0.0262497399294,-1.815184,-3.414104,-0.193259
5787,12,LLeg,0.0230024090863,-1.865304,-3.312692,-0.1183326
5788,12,LLeg,0.0249615794093,-1.857665,-3.183655,-0.09567499
5789,12,LLeg,0.0229496788043,-1.71711,-3.1849425,-0.2256115
5790,12,LLeg,0.01261219505,-1.3155275,-3.18629,-0.293109
5791,12,LLeg,0.0124593902133,-1.30965,-3.0636575,-0.2969165
5792,12,LLeg,0.0274453807965,-1.1815175,-3.18593,-0.2073115
5793,12,LLeg,0.0259096428609,-1.1753,-3.063785,-0.2216245
5794,12,LLeg,0.00968326957341,-1.0938375,-3.325055,-0.0911606
5795,12,LLeg,0.0261974948701,-1.0486582,-3.208572,-0.0646205156
5796,15,RLeg,0.0169601398769,1.3148325,-3.3133,-0.2830835
5797,15,RLeg,0.0230662213558,1.26987,-3.436244,-0.2400994
5798,15,RLeg,0.0274453807965,1.1815175,-3.18593,-0.2073115
5799,15,RLeg,0.01261219505,1.3155275,-3.18629,-0.293109
5800,15,RLeg,0.0124593902133,1.30965,-3.0636575,-0.2969165
5801,15,RLeg,0.00968326957341,1.0938375,-3.325055,-0.0911606
5802,15,RLeg,0.0259099389355,1.1753,-3.063785,-0.2216245
5803,15,RLeg,0.0229508933131,1.71711,-3.1849425,-0.2256115
5804,15,RLeg,0.0149539637656,1.5640875,-3.065255,-0.294872
5805,15,RLeg,0.0153159979638,1.572615,-3.1866325,-0.29122025
5806,15,RLeg,0.0254877900516,1.70951,-3.0633425,-0.22554975
5807,15,RLeg,0.0262497465073,1.815184,-3.414104,-0.193259
5808,15,RLeg,0.0231246123132,1.865304,-3.312692,-0.1183326
5809,15,RLeg,0.0217759155944,1.9507025,-3.31154,0.04916425
5810,15,RLeg,0.024976284859,1.857665,-3.183655,-0.09567499
5811,12,LLeg,0.0207551615819,-1.56484,-2.81511,-0.30076975
5812,12,LLeg,0.0136123277741,-1.55817,-2.946135,-0.299926
5813,12,LLeg,0.0196014980531,-1.56921,-2.6829175,-0.30260775
5814,12,LLeg,0.0256033765245,-1.8432375,-2.81272,-0.076452275
5815,12,LLeg,0.0255159271326,-1.7125025,-2.813745,-0.223391
5816,12,LLeg,0.0263163965825,-1.7043375,-2.9398475,-0.22730575
5817,12,LLeg,0.0253874004454,-1.8425375,-2.6877,-0.076885
5818,12,LLeg,0.0225578496014,-1.7198875,-2.68698,-0.21992125
5819,12,LLeg,0.0223934582993,-1.7213475,-2.5627325,-0.220935
5820,12,LLeg,0.0160405944168,-1.1863725,-2.8143125,-0.27069925
5821,12,LLeg,0.0266354756664,-1.155612,-2.935868,-0.2293862
5822,12,LLeg,0.0272194108895,-1.0585882,-2.834162,-0.1896156
5823,12,LLeg,0.0124970208461,-1.4376475,-2.679335,-0.33349475
5824,12,LLeg,0.0220356225914,-1.285022,-2.555916,-0.3277438
5825,12,LLeg,0.0118342348778,-1.173515,-2.6900575,-0.28537925
5826,12,LLeg,0.0146316939969,-1.0628075,-2.5656175,-0.26328525
5827,12,LLeg,0.00956903002644,-1.16067,-2.5753725,-0.294711
5828,12,LLeg,0.0244712906983,-1.17655333333,-2.44820166667,-0.322629
5829,15,RLeg,0.0272301658872,1.0585882,-2.834162,-0.1896156
5830,15,RLeg,0.0224609726658,0.8226354,-2.451814,-0.05309366
5831,15,RLeg,0.0236906869377,0.8120136,-2.558482,0.04774794
5832,15,RLeg,0.023784244623,1.037587,-2.682882,-0.2179476
5833,15,RLeg,0.011307993924,1.2982675,-2.8227275,-0.305893
5834,15,RLeg,0.0138478508888,1.3085,-2.93781,-0.30144075
5835,15,RLeg,0.0240901529141,1.309072,-2.705762,-0.318165
5836,15,RLeg,0.0118342348778,1.173515,-2.6900575,-0.28537925
5837,15,RLeg,0.0146316939969,1.0628075,-2.5656175,-0.26328525
5838,15,RLeg,0.00956903002644,1.16067,-2.5753725,-0.294711
5839,15,RLeg,0.0124970208461,1.4376475,-2.679335,-0.33349475
5840,15,RLeg,0.0220362580434,1.285022,-2.555916,-0.3277438
5841,15,RLeg,0.0267053919954,1.155612,-2.935868,-0.2293862
5842,15,RLeg,0.0195999269753,1.56921,-2.6829175,-0.30260775
5843,15,RLeg,0.0256033765245,1.8432375,-2.81272,-0.076452275
5844,15,RLeg,0.0253873878535,1.8425375,-2.6877,-0.076885
5845,12,LLeg,0.0230562116938,-1.5714725,-2.313525,-0.32823875
5846,12,LLeg,0.0237504053276,-1.5726975,-2.1903925,-0.3428215
5847,12,LLeg,0.0250635229617,-1.8470525,-2.3134325,-0.082945625
5848,12,LLeg,0.022429461309,-1.7253025,-2.31435,-0.22852275
5849,12,LLeg,0.0223572195573,-1.723425,-2.4380125,-0.2236145
5850,12,LLeg,0.0235238494626,-1.7286775,-2.1913775,-0.23633625
5851,12,LLeg,0.0254699111199,-1.85044,-2.18901,-0.0849135225
5852,12,LLeg,0.0225172270415,-1.7384625,-2.0682925,-0.24261025
5853,12,LLeg,0.0241249008103,-1.0652414,-2.332106,-0.316552
5854,12,LLeg,0.0105449053696,-1.05371,-2.4505225,-0.2859705
5855,12,LLeg,0.0139181246353,-1.430935,-2.1899725,-0.392549
5856,12,LLeg,0.012880145639,-1.313775,-2.08049,-0.42477225
5857,12,LLeg,0.0234229702606,-1.0381978,-2.182636,-0.339555
5858,12,LLeg,0.014769940561,-1.18821,-2.07424,-0.4177955
5859,12,LLeg,0.0207445354531,-0.892693,-2.18587,-0.2388202
5860,12,LLeg,0.0255949732455,-0.7844075,-2.1888625,-0.081020465
5861,15,RLeg,0.0229875778745,0.804996,-2.3103575,-0.070845925
5862,15,RLeg,0.0244947810836,0.9138,-2.314625,-0.22156125
5863,15,RLeg,0.0244913311651,0.7627096,-2.06393,-0.098117718
5864,15,RLeg,0.0255948856043,0.7844075,-2.1888625,-0.081020465
5865,15,RLeg,0.0207688833076,0.892693,-2.18587,-0.2388202
5866,15,RLeg,0.0152339299245,1.31624,-2.4344575,-0.352009
5867,15,RLeg,0.0142865997771,1.43104,-2.3125925,-0.37269
5868,15,RLeg,0.0234229702606,1.0381978,-2.182636,-0.339555
5869,15,RLeg,0.014769940561,1.18821,-2.07424,-0.4177955
5870,15,RLeg,0.0139181246353,1.430935,-2.1899725,-0.392549
5871,15,RLeg,0.012880145639,1.313775,-2.08049,-0.42477225
5872,15,RLeg,0.0235237813955,1.7286775,-2.1913775,-0.23633625
5873,15,RLeg,0.023750379315,1.5726975,-2.1903925,-0.3428215
5874,15,RLeg,0.0225198035058,1.7384625,-2.0682925,-0.24261025
5875,15,RLeg,0.0250636525671,1.8470525,-2.3134325,-0.082945625
5876,15,RLeg,0.0254700163166,1.85044,-2.18901,-0.0849135225
5877,12,LLeg,0.0122543654744,-1.57953,-1.81124,-0.38734575
5878,12,LLeg,0.0236400871523,-1.6913175,-1.686075,-0.31570375
5879,12,LLeg,0.0220045733769,-1.80647,-1.66756,-0.1792822
5880,12,LLeg,0.0265097232732,-1.69613,-1.56323,-0.32126075
5881,12,LLeg,0.00989640267437,-1.58314,-1.688705,-0.40079
5882,12,LLeg,0.015203212858,-1.8698875,-1.812175,-0.058553245
5883,12,LLeg,0.0194565782646,-1.747826,-1.942206,-0.2471746
5884,12,LLeg,0.0152579131151,-1.866965,-1.68807,-0.0562635
5885,12,LLeg,0.0100119887118,-1.7936125,-1.5518325,-0.2077305
5886,12,LLeg,0.0102653903146,-0.9178455,-1.697635,-0.396236
5887,12,LLeg,0.0253171341554,-0.7920345,-1.5619925,-0.331326
5888,4,Pelvis,0.024839377597,-0.6758322,-1.935708,0.044700874
5889,4,Pelvis,0.0243542819984,-0.6842032,-1.829658,-0.06080196
5890,4,Pelvis,0.0237804279146,-0.6843982,-1.582422,-0.1882434
5891,4,Pelvis,0.0241412710005,-0.6596006,-1.681356,-0.087898348
5892,15,RLeg,0.0234092860791,0.7724204,-1.810684,-0.2271426
5893,15,RLeg,0.0228430228136,0.8994772,-1.811024,-0.3541922
5894,15,RLeg,0.0258025909374,0.7905946,-1.96311,-0.1951798
5895,15,RLeg,0.0102653903146,0.9178455,-1.697635,-0.396236
5896,15,RLeg,0.0253183867739,0.7920345,-1.5619925,-0.331326
5897,4,Pelvis,0.0243534892729,0.6842032,-1.829658,-0.06080196
5898,15,RLeg,0.0131891772047,0.71826225,-1.9513775,-0.0741410325
5899,4,Pelvis,0.024154487673,0.6596006,-1.681356,-0.087898348
5900,15,RLeg,0.0102301830972,0.72712,-1.69818,-0.2071875
5901,4,Pelvis,0.0237809550483,0.6843982,-1.582422,-0.1882434
5902,15,RLeg,0.00989640267437,1.58314,-1.688705,-0.40079
5903,15,RLeg,0.0265097232732,1.69613,-1.56323,-0.32126075
5904,15,RLeg,0.015203212858,1.8698875,-1.812175,-0.058553245
5905,15,RLeg,0.0152579131151,1.866965,-1.68807,-0.0562635
5906,12,LLeg,0.0262880655288,-1.7015475,-1.43706,-0.32225175
5907,11,LThigh,0.0228534616284,-1.693645,-1.06281,-0.31389675
5908,12,LLeg,0.0113192960829,-1.7904025,-1.3111575,-0.2054645
5909,12,LLeg,0.0236578570331,-1.8422875,-1.31115,-0.075971225
5910,12,LLeg,0.0111259425387,-1.793395,-1.434755,-0.20677225
5911,12,LLeg,0.0233335359302,-1.8350225,-1.1862175,-0.074783575
5912,12,LLeg,0.0115270362601,-1.782925,-1.1863025,-0.2041535
5913,11,LThigh,0.0118987340542,-1.7739725,-1.06180275,-0.2020275
5914,4,Pelvis,0.0115582917776,-0.67189425,-1.065415,-0.3839755
5915,4,Pelvis,0.0112657343241,-0.60957925,-1.0760125,-0.31219525
5916,4,Pelvis,0.0252682585052,-0.5719498,-0.95828,-0.3068442
5917,4,Pelvis,0.0228177657619,-0.6573472,-1.433236,-0.2134512
5918,15,RLeg,0.0249468490772,0.813188,-1.206396,-0.4416628
5919,4,Pelvis,0.0115582917776,0.67189425,-1.065415,-0.3839755
5920,4,Pelvis,0.0234874833042,0.797234,-1.0622825,-0.458065
5921,4,Pelvis,0.0112657343241,0.60957925,-1.0760125,-0.31219525
5922,15,RLeg,0.0236578520835,1.8422875,-1.31115,-0.075971225
5923,15,RLeg,0.0233334269954,1.8350225,-1.1862175,-0.074783575
5924,11,LThigh,0.0214262341975,-1.6878975,-0.94018375,-0.31287675
5925,11,LThigh,0.0206526456652,-1.618782,-0.6825812,-0.3699448
5926,11,LThigh,0.0259845743304,-1.473712,-0.6919356,-0.4791352
5927,11,LThigh,0.0234025108051,-1.815418,-0.7957182,-0.062124968
5928,11,LThigh,0.0146725914612,-1.76033,-0.815148,-0.195097
5929,11,LThigh,0.0122731980428,-1.7659225,-0.93866425,-0.20007325
5930,11,LThigh,0.0264088026596,-1.728046,-0.690909,-0.227148
5931,11,LThigh,0.0132841571016,-1.78061,-0.55817,-0.07417501
5932,11,LThigh,0.0231217975365,-1.824588,-0.5414026,0.059663372
5933,11,LThigh,0.0229237729762,-1.715765,-0.556544,-0.208638
5934,11,LThigh,0.011284306487,-1.79356,-0.675856,-0.0885952
5935,4,Pelvis,0.0262671449445,-0.6711205,-0.827839,-0.458361666667
5936,4,Pelvis,0.00997845595924,-0.65978025,-0.95279225,-0.4065885
5937,4,Pelvis,0.0247565705017,-0.534338,-0.8171178,-0.3387154
5938,4,Pelvis,0.0272893604985,-0.552202166667,-0.699509333333,-0.441760666667
5939,4,Pelvis,0.0199601352663,-0.394549,-0.7339124,-0.18846
5940,4,Pelvis,0.021508147318,-0.28643225,-0.591972,-0.18493925
5941,4,Pelvis,0.0242372193561,-0.15406288,-0.4737222,-0.0521599712
5942,4,Pelvis,0.0228689698242,-0.16347875,-0.4554185,-0.185652
5943,4,Pelvis,0.0272781684441,0.4350788,-0.6914548,-0.3279396
5944,4,Pelvis,0.0272893604985,0.552202166667,-0.699509333333,-0.441760666667
5945,4,Pelvis,0.0272129410633,0.317181,-0.5596728,-0.3240018
5946,4,Pelvis,0.0131676050332,0.4943785,-0.936344,-0.19297975
5947,4,Pelvis,0.00778881140142,0.46257475,-0.836693,-0.212794
5948,4,Pelvis,0.0242372193561,0.15406288,-0.4737222,-0.0521599712
5949,4,Pelvis,0.0215120832758,0.28643225,-0.591972,-0.18493925
5950,4,Pelvis,0.0199352267211,0.394549,-0.7339124,-0.18846
5951,14,RThigh,0.0206526456652,1.618782,-0.6825812,-0.3699448
5952,14,RThigh,0.0229259864804,1.715765,-0.556544,-0.208638
5953,14,RThigh,0.0227103487806,1.839452,-0.6929184,0.034852772
5954,5,LShoulder,0.0248044008962,-1.5949025,-0.312794,-0.33421875
5955,11,LThigh,0.0215764809789,-1.7019525,-0.437241,-0.193927
5956,5,LShoulder,0.0245234108893,-1.5925925,-0.186041,-0.329528
5957,5,LShoulder,0.0222850324201,-1.48062,-0.187203,-0.47802775
5958,11,LThigh,0.0145160179754,-1.7647275,-0.437238,-0.06010038
5959,5,LShoulder,0.0153626455763,-1.7469625,-0.31330175,-0.0587031175
5960,5,LShoulder,0.0229981390638,-1.699675,-0.062872835,-0.0788340275
5961,5,LShoulder,0.0237971835299,-1.71574,-0.1921226,-0.09085554
5962,5,LShoulder,0.0090808430874,-1.662355,-0.17540475,-0.21024925
5963,4,Pelvis,0.0237943526338,-0.0537032333333,-0.202174,-0.454687
5964,4,Pelvis,0.0262808710743,-0.192526,-0.432393,-0.3264252
5965,4,Pelvis,0.0125919908712,-0.037825575,-0.2719225,-0.3247215
5966,4,Pelvis,0.018707397306,-0.0446457666667,-0.332797333333,-0.204365833333
5967,4,Pelvis,0.0228825617164,0.16347875,-0.4554185,-0.185652
5968,4,Pelvis,0.018707397306,0.0446457666667,-0.332797333333,-0.204365833333
5969,8,RShoulder,0.0245214546903,1.5925925,-0.186041,-0.329528
5970,8,RShoulder,0.0090808430874,1.662355,-0.17540475,-0.21024925
5971,5,LShoulder,0.0252374076086,-1.4787225,0.314014,-0.4597915
5972,5,LShoulder,0.0237294050124,-1.596895,0.440562,-0.20524725
5973,5,LShoulder,0.0107195844307,-1.5368325,0.4414895,-0.33174875
5974,5,LShoulder,0.0095290896263,-1.5478575,0.323949,-0.33673375
5975,5,LShoulder,0.0151995159333,-1.631785,0.186999,-0.187593
5976,5,LShoulder,0.0240626811622,-1.605384,0.3081964,-0.2198566
5977,5,LShoulder,0.0234266845604,-1.690802,0.4566688,0.063143032
5978,5,LShoulder,0.0214140493264,-1.70047,0.312672,0.051621925
5979,8,RShoulder,0.0240627819277,1.605384,0.3081964,-0.2198566
5980,8,RShoulder,0.0151995159333,1.631785,0.186999,-0.187593
5981,8,RShoulder,0.0214140461666,1.70047,0.312672,0.051621925
5982,5,LShoulder,0.0231565030687,-1.5826425,0.5615255,-0.19949
5983,5,LShoulder,0.0250706644524,-1.564032,0.7055724,-0.1873898
5984,5,LShoulder,0.0140310271338,-1.5125625,0.9386115,-0.197809
5985,5,LShoulder,0.00953146138164,-1.529895,0.82146275,-0.208987
5986,5,LShoulder,0.00961687150538,-1.4012575,0.82189825,-0.45534075
5987,5,LShoulder,0.0234690494885,-1.464778,0.8064076,-0.3388578
5988,8,RShoulder,0.00959425445451,1.4014325,0.821908,-0.4554185
5989,8,RShoulder,0.0234699098463,1.464852,0.8064138,-0.3389202
5990,5,LShoulder,0.0100830923157,-1.52548,1.1878325,-0.08362205
5991,5,LShoulder,0.0232212122479,-1.458665,1.1872725,-0.2056555
5992,5,LShoulder,0.0143267979781,-1.5093425,1.3114625,-0.0695178425
5993,5,LShoulder,0.0249550637817,-1.440732,1.331236,-0.1878152
5994,5,LShoulder,0.010110973829,-1.3990975,1.446845,-0.20858725
5995,8,RShoulder,0.00932141021995,1.4097925,1.0733325,-0.33762775
5996,8,RShoulder,0.0238433515061,1.476042,1.060016,-0.220373
5997,8,RShoulder,0.0232258942526,1.4587,1.187275,-0.20566075
5998,3,Back,0.0280734519581,1.317924,1.458524,-0.3180152
5999,8,RShoulder,0.0249575454286,1.440732,1.331236,-0.1878152
6000,8,RShoulder,0.010110973829,1.3990975,1.446845,-0.20858725
6001,8,RShoulder,0.0251714822111,1.566056,1.330272,0.063537946
6002,3,Back,0.03005197257,-1.20588333333,1.58732333333,-0.339869833333
6003,3,Back,0.0259028823193,-1.07559083333,1.70338166667,-0.332839
6004,3,Back,0.0251040497811,-1.19385,1.8168025,-0.175047
6005,3,Back,0.0217652560369,-1.065987,1.847824,-0.2297524
6006,3,Back,0.021131339744,-1.230552,1.69942,-0.2377612
6007,3,Back,0.0283278545028,-1.33700666667,1.58188333333,-0.2151825
6008,3,Back,0.0207287210182,-1.358872,1.694948,-0.1020328436
6009,3,Back,0.025719213862,-1.3043775,1.8201925,-0.069410417
6010,3,Back,0.0262355900345,-0.9601104,1.947102,-0.2004586
6011,3,Back,0.0261705619257,-0.9548132,1.808526,-0.3091674
6012,3,Back,0.025027156531,-0.7050468,1.936912,-0.3024894
6013,3,Back,0.0193328834453,-0.8189428,1.98194,-0.2363098
6014,3,Back,0.0125331697868,-0.56142125,1.8263575,-0.38486425
6015,3,Back,0.012731013718,-0.437748,1.830115,-0.3932895
6016,3,Back,0.0145042915488,-0.3115435,1.93556,-0.36445075
6017,3,Back,0.0121105475873,-0.0617335,1.838685,-0.396638
6018,3,Back,0.014609668808,-0.1868775,1.9374575,-0.36717575
6019,3,Back,0.0121105475873,0.0617335,1.838685,-0.396638
6020,3,Back,0.014609668808,0.1868775,1.9374575,-0.36717575
6021,3,Back,0.0128955674829,0.4369405,1.82944,-0.39209575
6022,3,Back,0.0145042915488,0.3115435,1.93556,-0.36445075
6023,3,Back,0.0242822000144,0.8303228,1.685766,-0.4379808
6024,3,Back,0.0117924755693,0.94668375,1.6973575,-0.39352875
6025,3,Back,0.0126140795055,0.56132225,1.82554,-0.38386025
6026,3,Back,0.0262305378081,0.9549532,1.808502,-0.3090932
6027,3,Back,0.0275518530418,1.33912166667,1.58100333333,-0.216857166667
6028,3,Back,0.0258048786467,1.1962925,1.8170175,-0.177246
6029,3,Back,0.0203131422553,1.360588,1.69399,-0.1044783
6030,3,Back,0.0216833736792,1.065963,1.847636,-0.2293184
6031,3,Back,0.0264732937999,1.3054325,1.81948,-0.0713710125
6032,3,Back,0.0130121415904,-0.5619115,2.07897,-0.25971575
6033,3,Back,0.0247612933961,-0.579084833333,2.20652833333,-0.2074825
6034,3,Back,0.0257404209736,-0.832695666667,2.20860833333,-0.0892738166667
6035,3,Back,0.0262199902044,-0.70165,2.085545,-0.215886166667
6036,3,Back,0.012501201625,-0.70359425,2.20572,-0.15548
6037,3,Back,0.0218325241743,-0.6964734,2.457392,-0.07235352
6038,3,Back,0.023027177563,-0.847945,2.437432,0.02587516
6039,3,Back,0.0228122498772,-0.7205756,2.314166,-0.09928074
6040,3,Back,0.0113264911814,-0.83726575,2.32897,-0.028135225
6041,3,Back,0.0226134732627,-0.4387744,2.456726,-0.19116
6042,3,Back,0.0227838078876,-0.465901,2.311364,-0.2128192
6043,3,Back,0.01656844377,-0.18525525,2.20266,-0.289557
6044,3,Back,0.0234556332343,-0.16587872,2.063526,-0.3259014
6045,3,Back,0.0101563061787,-0.0502759,2.089715,-0.29917675
6046,3,Back,0.0148681908807,-0.05877475,2.1963675,-0.27329525
6047,3,Back,0.0144136076698,-0.31100875,2.31628,-0.24904625
6048,3,Back,0.0146242079316,-0.306773,2.4344,-0.22139975
6049,3,Back,0.0156300704126,-0.18598225,2.3195775,-0.258832
6050,3,Back,0.0146845876057,-0.063388895,2.4337925,-0.22274675
6051,3,Back,0.0149116697203,-0.0606941575,2.3158,-0.247128
6052,3,Back,0.0148360446718,-0.18645975,2.4356825,-0.22943825
6053,3,Back,0.0153099504164,0.31496225,2.200345,-0.2798905
6054,3,Back,0.0230885234143,0.3337902,2.061394,-0.3173712
6055,3,Back,0.0109573741632,0.450345,2.084465,-0.283185
6056,3,Back,0.0155153797766,0.43762825,2.1916575,-0.25349025
6057,3,Back,0.0156300704126,0.18598225,2.3195775,-0.258832
6058,3,Back,0.0151870426976,0.061269605,2.4337925,-0.22274675
6059,3,Back,0.0151074814814,0.0599023425,2.3158,-0.247128
6060,3,Back,0.0148360446718,0.18645975,2.4356825,-0.22943825
6061,3,Back,0.0144136076698,0.31100875,2.31628,-0.24904625
6062,3,Back,0.022620527013,0.4387744,2.456726,-0.19116
6063,3,Back,0.0227838078876,0.465901,2.311364,-0.2128192
6064,3,Back,0.0146242079316,0.306773,2.4344,-0.22139975
6065,3,Back,0.012501201625,0.70359425,2.20572,-0.15548
6066,3,Back,0.0120583846881,0.95123875,2.20117,-0.0202005
6067,3,Back,0.0227977290402,0.7205756,2.314166,-0.09928074
6068,3,Back,0.023027177563,0.847945,2.437432,0.02587516
6069,3,Back,0.0113264911814,0.83726575,2.32897,-0.028135225
6070,3,Back,0.0214982185309,-0.691559,2.671994,-0.06481494
6071,3,Back,0.00717862176848,-0.71735975,2.5644025,-0.043292575
6072,3,Back,0.0224470292427,-0.70955025,2.932175,-0.0860674
6073,3,Back,0.021343203861,-0.85764,2.937106,0.02410638
6074,3,Back,0.0216709631928,-0.69979275,2.8122325,-0.073521425
6075,3,Back,0.0141347666032,-0.18661225,2.5528125,-0.204804
6076,3,Back,0.0203894446754,-0.3286216,2.945468,-0.193034
6077,3,Back,0.0136260521178,-0.31094775,2.810995,-0.18574675
6078,3,Back,0.0204397357036,-0.16812666,2.944142,-0.1891502
6079,3,Back,0.0201449734697,0.336473,2.552344,-0.196811
6080,3,Back,0.0207019336288,0.06878946,3.039058,-0.1920608
6081,3,Back,0.020382101755,0.3286216,2.945468,-0.193034
6082,3,Back,0.0136260521178,0.31094775,2.810995,-0.18574675
6083,3,Back,0.0214996014103,0.691559,2.671994,-0.06481494
6084,3,Back,0.0230580697516,0.8263515,2.68928,0.0422096
6085,3,Back,0.0216709881735,0.69979275,2.8122325,-0.073521425
6086,3,Back,0.021343203861,0.85764,2.937106,0.02410638
6087,3,Back,0.0214399573015,0.836467,2.810575,0.038491825
6088,5,LShoulder,0.0251210700212,-3.2030675,3.43338,-0.06348845
6089,5,LShoulder,0.0268491144084,-3.1931575,3.2857725,0.022051975
6090,5,LShoulder,0.0328174340355,-2.677654,3.544842,-0.08703341
6091,3,Back,0.0253372973461,-1.0497584,3.294362,0.07316732
6092,3,Back,0.0229136675429,-0.561888,3.169636,-0.1923902
6093,3,Back,0.0161257344868,-0.559358,3.4373475,-0.2540435
6094,3,Back,0.0265675175205,-0.8255424,3.163288,-0.07967372
6095,3,Back,0.0146600801703,-0.70020625,3.1850825,-0.15190525
6096,3,Back,0.0257194826281,-0.850214,3.311776,-0.10810576
6097,3,Back,0.00945328789839,-0.96568625,3.2967225,-0.0248807
6098,3,Back,0.0249607839075,-0.700639166667,3.42515,-0.207620333333
6099,3,Back,0.0226387082107,-0.587757,3.316412,-0.2161752
6100,3,Back,0.00950910416782,-0.709461,3.29885,-0.175915
6101,3,Back,0.0155509717327,-0.18739025,3.18898,-0.22400075
6102,3,Back,0.0207019336288,-0.06878946,3.039058,-0.1920608
6103,3,Back,0.0143221130009,-0.1882145,3.0698975,-0.20505875
6104,3,Back,0.01538449839,-0.06254625,3.18972,-0.2164745
6105,3,Back,0.01573314517,-0.312073,3.3124025,-0.2514385
6106,3,Back,0.014819819456,-0.43651025,3.4334575,-0.275798
6107,3,Back,0.0149110121709,-0.433468,3.31433,-0.24604325
6108,3,Back,0.015057321295,-0.31236825,3.43268,-0.27788725
6109,3,Back,0.0159029072361,-0.18746325,3.31237,-0.246614
6110,3,Back,0.015735124339,-0.06239275,3.436545,-0.25741875
6111,3,Back,0.0158349857152,-0.06249675,3.31263,-0.23668825
6112,3,Back,0.0153597994996,-0.1872555,3.4347275,-0.27014425
6113,3,Back,0.0150965924133,0.3107255,3.189695,-0.22766825
6114,3,Back,0.0138002351224,0.30850425,3.071115,-0.2082295
6115,3,Back,0.0143241205858,0.429987,3.19294,-0.22102225
6116,3,Back,0.0159029072361,0.18746325,3.31237,-0.246614
6117,3,Back,0.015735124339,0.06239275,3.436545,-0.25741875
6118,3,Back,0.0158349857152,0.06249675,3.31263,-0.23668825
6119,3,Back,0.0153597994996,0.1872555,3.4347275,-0.27014425
6120,3,Back,0.01573314517,0.312073,3.3124025,-0.2514385
6121,3,Back,0.014819819456,0.43651025,3.4334575,-0.275798
6122,3,Back,0.0149110121709,0.433468,3.31433,-0.24604325
6123,3,Back,0.015057321295,0.31236825,3.43268,-0.27788725
6124,3,Back,0.0161257344868,0.559358,3.4373475,-0.2540435
6125,3,Back,0.0226388693407,0.587757,3.316412,-0.2161752
6126,3,Back,0.0249608910885,0.700639166667,3.42515,-0.207620333333
6127,3,Back,0.0229123006584,0.561888,3.169636,-0.1923902
6128,3,Back,0.0146600801703,0.70020625,3.1850825,-0.15190525
6129,3,Back,0.0118408643722,0.84395475,3.0469825,-0.0296276
6130,3,Back,0.0265613428929,0.8255424,3.163288,-0.07967372
6131,3,Back,0.0227110535502,0.9724256,3.1906,0.03720848
6132,3,Back,0.00950910416782,0.709461,3.29885,-0.175915
6133,3,Back,0.0256332409089,0.850214,3.311776,-0.10810576
6134,3,Back,0.00945328789839,0.96568625,3.2967225,-0.0248807
6135,3,Back,0.0253200618662,1.0497584,3.294362,0.07316732
6136,8,RShoulder,0.0208715398377,3.33929,3.4391125,0.02873615
6137,8,RShoulder,0.0268496940866,3.32712,3.306995,0.0568688
6138,5,LShoulder,0.0250053466122,-3.201984,3.591272,-0.070757506
6139,5,LShoulder,0.022258434555,-3.244748,3.6987,0.017023094
6140,5,LShoulder,0.023247184579,-2.664618,3.690314,-0.182981
6141,5,LShoulder,0.0126040218057,-2.6841675,3.8198725,-0.2285665
6142,3,Back,0.0155731477667,-2.5653875,3.939645,-0.249154
6143,5,LShoulder,0.0266029779334,-2.55055333333,3.79755666667,-0.196276166667
6144,3,Back,0.0147462295878,-2.683505,3.9386225,-0.24147275
6145,3,Back,0.0302596358234,-2.41967666667,3.91641666667,-0.2066005
6146,3,Back,0.0262142762977,-2.31473,4.033242,-0.221325
6147,3,Back,0.0259431779337,-2.15152,4.0272925,-0.06463850675
6148,3,Back,0.0290326457535,-1.32907333333,4.04430333333,-0.077108965
6149,3,Back,0.0270877614908,-1.33264,3.92157333333,0.048820065
6150,3,Back,0.0281969724878,-1.188278,3.784184,-0.062409374
6151,3,Back,0.0125319985345,-0.69691675,3.6854,-0.2733575
6152,3,Back,0.025459491826,-0.5705255,3.6755375,-0.31024575
6153,3,Back,0.0129071211526,-0.5607185,3.5478425,-0.281974
6154,3,Back,0.0154514697167,-0.681013,3.566265,-0.248323
6155,3,Back,0.0243395704047,-0.829699,3.936032,-0.3153738
6156,3,Back,0.0138746691367,-0.81491425,3.7979825,-0.270187
6157,3,Back,0.0126477060736,-0.9466695,3.9251675,-0.27580075
6158,3,Back,0.0218307034766,-0.5896324,3.817794,-0.3378822
6159,3,Back,0.0228895154619,-0.683442,3.908694,-0.3388108
6160,3,Back,0.00774245873317,-0.7116445,3.7855375,-0.2961395
6161,3,Back,0.0264628907362,-0.955485666667,3.794895,-0.217138666667
6162,3,Back,0.015043680214,-0.0614615,3.5577875,-0.27566175
6163,3,Back,0.0142319955608,-0.18542225,3.5506425,-0.29229175
6164,3,Back,0.021456092316,-0.06842204,3.78831,-0.3230714
6165,3,Back,0.0102259531043,-0.0520088,3.664515,-0.29155575
6166,3,Back,0.0137098555165,-0.433968,3.8204575,-0.37425625
6167,3,Back,0.0157399459067,-0.31259125,3.93751,-0.39577175
6168,3,Back,0.01586541887,-0.187819,3.9384275,-0.3767125
6169,3,Back,0.0247017128179,0.43469275,3.6642675,-0.336997
6170,3,Back,0.011171445138,0.31161675,3.53351,-0.3017575
6171,3,Back,0.0214420973538,0.06842204,3.78831,-0.3230714
6172,3,Back,0.01586541887,0.187819,3.9384275,-0.3767125
6173,3,Back,0.0137098555165,0.433968,3.8204575,-0.37425625
6174,3,Back,0.0157399459067,0.31259125,3.93751,-0.39577175
6175,3,Back,0.0250595840569,0.8138576,3.544264,-0.194017
6176,3,Back,0.0218290447335,0.5896324,3.817794,-0.3378822
6177,3,Back,0.0228933162695,0.683442,3.908694,-0.3388108
6178,3,Back,0.00774245873317,0.7116445,3.7855375,-0.2961395
6179,3,Back,0.0138746691367,0.81491425,3.7979825,-0.270187
6180,3,Back,0.0243254221799,0.829699,3.936032,-0.3153738
6181,3,Back,0.0126477060736,0.9466695,3.9251675,-0.27580075
6182,3,Back,0.0281969724878,1.188278,3.784184,-0.062409374
6183,3,Back,0.0282674102024,1.2022,4.04582333333,-0.2025425
6184,3,Back,0.0284198236082,2.29018,3.909478,-0.093529848
6185,3,Back,0.0259431779337,2.15152,4.0272925,-0.06463850675
6186,8,RShoulder,0.0126040218057,2.6841675,3.8198725,-0.2285665
6187,3,Back,0.0155731477667,2.5653875,3.939645,-0.249154
6188,8,RShoulder,0.0266049828662,2.55055333333,3.79755666667,-0.196276166667
6189,3,Back,0.0147462295878,2.683505,3.9386225,-0.24147275
6190,8,RShoulder,0.0209776359723,2.8248775,3.8175275,-0.2099695
6191,3,Back,0.0271175216112,2.817968,3.96175,-0.1925342
6192,3,Back,0.0274557320062,-2.686992,4.206506,-0.1881842
6193,3,Back,0.0137968998025,-2.560065,4.062,-0.26552175
6194,3,Back,0.0156552913795,-2.5554925,4.1829075,-0.25657325
6195,3,Back,0.0233679739017,-2.714974,4.058792,-0.2172156
6196,3,Back,0.0260215660669,-2.6679125,4.44512,-0.0596737
6197,3,Back,0.0233459510401,-2.723226,4.31754,-0.10197032
6198,3,Back,0.0265231829485,-2.57627166667,4.325515,-0.208264166667
6199,3,Back,0.0149626055968,-2.19658,4.19137,-0.2528605
6200,3,Back,0.0248854577832,-2.183915,4.08649,-0.1836775
6201,3,Back,0.0148701387069,-2.3123675,4.3122775,-0.2843625
6202,3,Back,0.024063456066,-2.465364,4.432306,-0.2249752
6203,3,Back,0.0169928176529,-2.4345575,4.3103375,-0.26685375
6204,3,Back,0.0146408403918,-2.308285,4.4351125,-0.280033
6205,3,Back,0.0171601521904,-2.18898,4.312265,-0.2769145
6206,3,Back,0.017454257029,-2.0622025,4.4368325,-0.2784045
6207,3,Back,0.0336657475006,-2.03751333333,4.28644,-0.213995666667
6208,3,Back,0.0146756838152,-2.189465,4.43906,-0.28913775
6209,3,Back,0.0153959395924,-1.93894,4.44174,-0.2573615
6210,3,Back,0.0286437868517,-1.818752,4.439834,-0.19361
6211,3,Back,0.0290266253931,-1.463625,4.41240333333,-0.2053045
6212,1,Neck,0.0230224721807,-1.566864,4.526522,-0.2100438
6213,3,Back,0.0270031684874,-1.45963333333,4.294045,-0.0769368133333
6214,3,Back,0.0116503656759,-1.6721525,4.4827975,-0.06004833625
6215,1,Neck,0.0248803540892,-1.694542,4.527348,-0.2035646
6216,3,Back,0.0120441785735,-1.1990575,4.171985,-0.2796095
6217,3,Back,0.0261235695307,-1.07687316667,4.1701,-0.3395135
6218,3,Back,0.0121141180442,-1.078375,4.04807,-0.280964
6219,3,Back,0.0282537311941,-1.2022,4.04582333333,-0.2025425
6220,3,Back,0.0259718003846,-1.20222166667,4.28795,-0.344
6221,3,Back,0.0292378383027,-1.1923425,4.4302925,-0.430206
6222,3,Back,0.0280914030836,-1.33478333333,4.42403333333,-0.330898
6223,3,Back,0.0109914218157,-1.067289,4.284565,-0.40661925
6224,3,Back,0.0226873910254,-0.9553532,4.311834,-0.4432772
6225,3,Back,0.0131738214728,-1.4066725,4.171685,-0.07446862
6226,3,Back,0.0147644640744,-0.685322,4.06508,-0.3834865
6227,3,Back,0.0146022726996,-0.561911,4.1761125,-0.422677
6228,3,Back,0.0154575352624,-0.18721675,4.05955,-0.40164725
6229,3,Back,0.0150739132136,-0.06205925,4.1825325,-0.40538875
6230,3,Back,0.0104746241611,-0.05307575,4.289915,-0.4218675
6231,3,Back,0.014876661719,0.312336,4.0572125,-0.417254
6232,3,Back,0.012942422214,0.438136,4.168185,-0.4331005
6233,3,Back,0.0200738516955,0.436997,4.3039725,-0.453584
6234,3,Back,0.0104746241611,0.05307575,4.289915,-0.4218675
6235,3,Back,0.0149371103295,0.807311,4.0682575,-0.3677425
6236,3,Back,0.0141448356187,0.9336095,4.1818025,-0.38738025
6237,3,Back,0.022011853411,0.796917,4.315692,-0.439788
6238,3,Back,0.0269501021625,1.311234,4.16285,-0.1874584
6239,3,Back,0.0109914218157,1.067289,4.284565,-0.40661925
6240,3,Back,0.0280914030836,1.33478333333,4.42403333333,-0.330898
6241,3,Back,0.0290152479873,1.463625,4.41240333333,-0.2053045
6242,1,Neck,0.0278359694196,1.44824166667,4.5544,-0.312862333333
6243,3,Back,0.0131738214728,1.4066725,4.171685,-0.07446862
6244,3,Back,0.0270031684874,1.45963333333,4.294045,-0.0769368133333
6245,3,Back,0.0153959395924,1.93894,4.44174,-0.2573615
6246,3,Back,0.0279559732933,2.033112,4.166988,-0.0832051874
6247,1,Neck,0.0231354282437,1.566864,4.526522,-0.2100438
6248,3,Back,0.0116503656759,1.6721525,4.4827975,-0.06004833625
6249,3,Back,0.02920502448,1.818752,4.439834,-0.19361
6250,1,Neck,0.0244882900378,1.694542,4.527348,-0.2035646
6251,3,Back,0.0141362580903,2.3165675,4.1915025,-0.278174
6252,3,Back,0.0171972438712,2.437705,4.06262,-0.26537675
6253,3,Back,0.0257457185365,2.31473,4.033242,-0.221325
6254,3,Back,0.0144374241528,2.4359425,4.186285,-0.27927825
6255,3,Back,0.0171601521904,2.18898,4.312265,-0.2769145
6256,3,Back,0.017454257029,2.0622025,4.4368325,-0.2784045
6257,3,Back,0.0146756838152,2.189465,4.43906,-0.28913775
6258,3,Back,0.0148701387069,2.3123675,4.3122775,-0.2843625
6259,3,Back,0.0240582399194,2.465364,4.432306,-0.2249752
6260,3,Back,0.0169928176529,2.4345575,4.3103375,-0.26685375
6261,3,Back,0.0146408403918,2.308285,4.4351125,-0.280033
6262,3,Back,0.0336657475006,2.03751333333,4.28644,-0.213995666667
6263,3,Back,0.0277877112392,2.823794,4.212596,-0.072558847
6264,3,Back,0.0265448337345,2.57627166667,4.325515,-0.208264166667
6265,3,Back,0.023342359242,2.723226,4.31754,-0.10197032
6266,1,Neck,0.0285684278466,-2.441174,4.583304,-0.1889202
6267,1,Neck,0.0269107546524,-2.43825,4.831076,-0.060447704
6268,1,Neck,0.0144977892353,-2.1862575,4.6846225,-0.28525
6269,1,Neck,0.0160510627224,-2.06248,4.5621,-0.2974375
6270,1,Neck,0.0152100136602,-2.1874175,4.561415,-0.290786
6271,1,Neck,0.0148216513317,-2.07074,4.6850425,-0.30909525
6272,1,Neck,0.0161020790345,-2.187795,4.810705,-0.2703095
6273,1,Neck,0.0113686095799,-2.08388,4.93675,-0.301202
6274,1,Neck,0.0224011445632,-1.9512925,4.938965,-0.34250375
6275,1,Neck,0.0243304665664,-2.218824,4.932126,-0.2253606
6276,1,Neck,0.0231184753311,-1.55771,4.66642,-0.3220424
6277,1,Neck,0.0141199018312,-1.8062675,4.9377525,-0.376335
6278,1,Neck,0.0146599385605,-1.56691,4.8122675,-0.38333175
6279,1,Neck,0.0150952196711,-1.69025,4.9358025,-0.3941725
6280,1,Neck,0.010531718393,-1.4612975,4.800825,-0.40738025
6281,1,Neck,0.0104612029071,1.3324425,4.5565125,-0.39114275
6282,1,Neck,0.0145641362112,1.44557,4.6909775,-0.3748155
6283,1,Neck,0.010531718393,1.4612975,4.800825,-0.40738025
6284,1,Neck,0.012893316327,1.9373775,4.5538725,-0.288758
6285,1,Neck,0.0121572460238,1.8140925,4.545775,-0.26692825
6286,1,Neck,0.0146599385605,1.56691,4.8122675,-0.38333175
6287,1,Neck,0.0150952196711,1.69025,4.9358025,-0.3941725
6288,1,Neck,0.022093173115,1.948825,4.8162675,-0.339422
6289,1,Neck,0.0141199018312,1.8062675,4.9377525,-0.376335
6290,1,Neck,0.0243223016447,2.338544,4.682016,-0.2180206
6291,1,Neck,0.0165460563685,2.307315,4.560455,-0.262788
6292,1,Neck,0.0161020790345,2.187795,4.810705,-0.2703095
6293,1,Neck,0.0113686095799,2.08388,4.93675,-0.301202
6294,1,Neck,0.0243301717679,2.218824,4.932126,-0.2253606
6295,1,Neck,0.0277707173777,2.314688,4.83303,-0.1881262
6296,1,Neck,0.0137713018641,-2.0858575,5.0626875,-0.28574425
6297,1,Neck,0.0284384861751,-2.199056,5.085386,-0.1981744
6298,1,Neck,0.0283665426858,-2.110068,5.188328,-0.2316594
6299,1,Neck,0.0262815662521,-2.22304333333,5.215795,-0.0794287435
6300,1,Neck,0.0260424619697,-2.051155,5.32282,-0.1965915
6301,1,Neck,0.014294310759,-1.6967625,5.0601825,-0.4102705
6302,1,Neck,0.025785046919,-1.953604,5.431596,-0.1821216
6303,1,Neck,0.0116930550846,-1.95302,5.3248325,-0.2845125
6304,1,Neck,0.0267497809123,-1.71221,5.44314,-0.325973
6305,1,Neck,0.0237415535757,-1.823446,5.476824,-0.238806
6306,1,Neck,0.0110410009459,-1.5757925,5.32471,-0.42258025
6307,1,Neck,0.00935370713127,-1.3133525,5.4592025,-0.4051805
6308,1,Neck,0.00880725452605,-1.200325,5.462695,-0.417977
6309,1,Neck,0.00880725452605,1.200325,5.462695,-0.417977
6310,1,Neck,0.00935370713127,1.3133525,5.4592025,-0.4051805
6311,1,Neck,0.0137945188203,1.80654,5.06093,-0.3859035
6312,1,Neck,0.0255960866993,1.940912,5.209264,-0.3315534
6313,1,Neck,0.0110410009459,1.5757925,5.32471,-0.42258025
6314,1,Neck,0.0267497809123,1.71221,5.44314,-0.325973
6315,1,Neck,0.0116930550846,1.95302,5.3248325,-0.2845125
6316,1,Neck,0.0283665426858,2.110068,5.188328,-0.2316594
6317,1,Neck,0.0262759563038,2.22304333333,5.215795,-0.0794287435
6318,1,Neck,0.0260424619697,2.051155,5.32282,-0.1965915
6319,1,Neck,0.0244014808459,-1.559362,5.601428,-0.2270134
6320,1,Neck,0.0287588532171,-1.710916,5.574378,-0.2000886
6321,1,Neck,0.0218247648829,-1.682192,5.690704,0.047284534
6322,1,Neck,0.0262630731268,-1.19082,5.5721475,-0.32382925
6323,1,Neck,0.010482805442,-1.31373,5.6542875,-0.20661675
6324,1,Neck,0.0218103385061,-1.3140975,5.69012,-0.080176375
6325,1,Neck,0.00947278501781,-1.1989475,5.6625575,-0.20865025
6326,1,Neck,0.0215878117875,-1.181958,5.692036,-0.090833768
6327,1,Neck,0.0212925395472,-0.5594366,5.739876,-0.3578334
6328,0,Head,0.0224974113928,-0.5661396,5.861114,-0.2174258
6329,0,Head,0.0296805526271,-0.4558726,5.949064,-0.1857574
6330,0,Head,0.0253765377306,-0.6933144,5.827462,-0.038493728
6331,1,Neck,0.00975107897057,-0.173983,5.5918025,-0.421057
6332,1,Neck,0.0222930576304,-0.06704558,5.71719,-0.341688
6333,1,Neck,0.0278154798604,-0.458546,5.81771,-0.3161466
6334,0,Head,0.0219332439889,-0.31180675,5.9701225,-0.2278385
6335,0,Head,0.0219239580378,-0.05744725,5.9579425,-0.22732075
6336,0,Head,0.00927935069634,-0.051672975,5.831945,-0.28087175
6337,0,Head,0.0242520742506,-0.1819435,5.965575,-0.2376885
6338,1,Neck,0.0114493386375,0.437797,5.710405,-0.3967085
6339,0,Head,0.0219247490403,0.05744725,5.9579425,-0.22732075
6340,0,Head,0.00927935069634,0.051672975,5.831945,-0.28087175
6341,1,Neck,0.0277795590234,0.458546,5.81771,-0.3161466
6342,1,Neck,0.0102838032271,0.82546975,5.5864175,-0.405406
6343,0,Head,0.0224974113928,0.5661396,5.861114,-0.2174258
6344,0,Head,0.0255674208813,0.6933144,5.827462,-0.038493728
6345,1,Neck,0.0237817072172,1.311825,5.5640925,-0.31639425
6346,1,Neck,0.00947278501781,1.1989475,5.6625575,-0.20865025
6347,1,Neck,0.010482805442,1.31373,5.6542875,-0.20661675
6348,1,Neck,0.0218103385061,1.3140975,5.69012,-0.080176375
6349,1,Neck,0.0289640307695,1.710916,5.574378,-0.2000886
6350,0,Head,0.0272008434636,-0.3458866,6.19008,-0.09348812
6351,0,Head,0.0161263525732,-0.18077175,6.19883,-0.1477115
6352,0,Head,0.0233502319625,-0.331913,6.31872,-0.0793917
6353,0,Head,0.0148456316543,-0.1830325,6.3165975,-0.1239165
6354,0,Head,0.0161263525732,0.18077175,6.19883,-0.1477115
6355,0,Head,0.0277739692164,0.3458866,6.19008,-0.09348812
6356,0,Head,0.0148456316543,0.1830325,6.3165975,-0.1239165
6357,0,Head,0.0233403979252,0.331913,6.31872,-0.0793917
6358,0,Head,0.0209824617735,0.436305,6.315775,0.04949505
6359,0,Head,0.0212120381341,-0.061229899,6.9165925,-0.217452
6360,0,Head,0.0230771966144,-0.32506075,6.68169,-0.08079345
6361,0,Head,0.0142172108426,-0.1830275,6.681615,-0.13147275
6362,0,Head,0.0265627434768,-0.3418766,6.811808,-0.10070044
6363,0,Head,0.0238556743812,-0.4608386,6.814376,0.0339384
6364,0,Head,0.0240349711551,-0.2081206,6.93221,-0.2039296
6365,0,Head,0.0147293390764,-0.185772,6.7979025,-0.15895875
6366,0,Head,0.0142172108426,0.1830275,6.681615,-0.13147275
6367,0,Head,0.0230764526362,0.32506075,6.68169,-0.08079345
6368,0,Head,0.0218562854463,0.443123,6.68461,0.0512953
6369,0,Head,0.0147293390764,0.185772,6.7979025,-0.15895875
6370,0,Head,0.0264988930886,0.3418766,6.811808,-0.10070044
6371,0,Head,0.0261003438856,0.3180858,7.037916,-0.2026848
6372,0,Head,0.0237225478261,-0.4819088,7.1855,-0.10609863
6373,0,Head,0.0238267712055,-0.572194,7.165164,0.05868691
6374,0,Head,0.0240667502993,-0.465444,7.438675,-0.209782
6375,0,Head,0.011526789738,-0.53254425,7.2981375,-0.09108855
6376,0,Head,0.0247286247974,-0.602959,7.314436,0.0285906126
6377,0,Head,0.0229917601053,-0.0625852325,7.169085,-0.33839675
6378,0,Head,0.0130428276708,-0.0613852325,7.03874,-0.28035075
6379,0,Head,0.0148083201958,-0.1862485,7.05086,-0.26703375
6380,0,Head,0.0216994768362,-0.32258425,7.438855,-0.32261575
6381,0,Head,0.015031457315,-0.063060019,7.3144175,-0.37752075
6382,0,Head,0.0146283907887,-0.18555325,7.438115,-0.37341725
6383,0,Head,0.0261003438856,-0.3180858,7.037916,-0.2026848
6384,0,Head,0.0273442602732,-0.4441944,7.290502,-0.1966
6385,0,Head,0.0244080901776,0.3104264,7.294794,-0.3071982
6386,0,Head,0.0228353388464,0.352779,7.180494,-0.2376508
6387,0,Head,0.0152051880086,0.062335481,7.3144175,-0.37752075
6388,0,Head,0.0146283907887,0.18555325,7.438115,-0.37341725
6389,0,Head,0.0216994768362,0.32258425,7.438855,-0.32261575
6390,0,Head,0.0240667445292,0.465444,7.438675,-0.209782
6391,0,Head,0.0273442602732,0.4441944,7.290502,-0.1966
6392,0,Head,0.0247286247974,0.602959,7.314436,0.0285906126
6393,0,Head,0.0227111872423,-0.4671915,7.6865225,-0.21687725
6394,0,Head,0.0269999042634,-0.4312008,7.956356,-0.1831422
6395,0,Head,0.0255893334202,-0.4562745,7.8096125,-0.2072435
6396,0,Head,0.0146097442264,-0.1853495,7.5627325,-0.37724875
6397,0,Head,0.016009267018,-0.06244852925,7.687275,-0.38053825
6398,0,Head,0.0140735881618,-0.31028575,7.945945,-0.2654285
6399,0,Head,0.0148184011613,-0.060785248,7.808375,-0.3597025
6400,0,Head,0.0104210462398,-0.1982675,7.9595675,-0.29119825
6401,0,Head,0.0231061766503,0.3246075,7.5629475,-0.3269405
6402,0,Head,0.0145938522772,0.061723252,7.808375,-0.3597025
6403,0,Head,0.0104210462398,0.1982675,7.9595675,-0.29119825
6404,0,Head,0.0269959154494,0.4312008,7.956356,-0.1831422
6405,0,Head,0.025587275565,0.4562745,7.8096125,-0.2072435
6406,0,Head,0.0140735881618,0.31028575,7.945945,-0.2654285
6407,0,Head,0.0253327855129,-0.0611135775,8.0892925,-0.22914825
6408,0,Head,0.0257576883882,-0.331071,8.063026,-0.1856528
6409,0,Head,0.0281111034094,-0.3334306,8.196066,-0.067550748
6410,0,Head,0.0244123711895,-0.18819625,8.0809,-0.21772
6411,0,Head,0.0254764830357,-0.18951625,8.2302075,-0.089681615
6412,0,Head,0.0228359686001,-0.063432645,8.34133,0.0408402
6413,0,Head,0.0257576883882,0.331071,8.063026,-0.1856528
6414,0,Head,0.0281070403276,0.3334306,8.196066,-0.067550748
6415,13,LFoot,0.0149597436545,-2.3125575,-8.1292,0.18766275
6416,13,LFoot,0.0151257869871,-2.1947475,-8.1124275,0.185206
6417,13,LFoot,0.0150286988833,-2.3151575,-8.1161525,0.31204475
6418,13,LFoot,0.0233220376907,-2.160592,-8.079996,0.3075578
6419,13,LFoot,0.00949221604306,-2.0415675,-8.029935,0.32381325
6420,16,RFoot,0.0151257869871,2.1947475,-8.1124275,0.185206
6421,16,RFoot,0.0149597436545,2.3125575,-8.1292,0.18766275
6422,16,RFoot,0.0233186060723,2.160592,-8.079996,0.3075578
6423,16,RFoot,0.00949221604306,2.0415675,-8.029935,0.32381325
6424,16,RFoot,0.0150286988833,2.3151575,-8.1161525,0.31204475
6425,13,LFoot,0.0109020012981,-2.5590225,-7.670245,0.0593390525
6426,13,LFoot,0.0143224848639,-2.54298,-7.55921,0.1964495
6427,13,LFoot,0.0102991870465,-2.55654,-7.666465,0.18933375
6428,13,LFoot,0.0164088101841,-2.5129675,-7.5578675,0.3117595
6429,13,LFoot,0.0115326973954,-2.5260625,-7.664755,0.4363145
6430,13,LFoot,0.0111659153369,-2.54324,-7.65985,0.31240475
6431,13,LFoot,0.0152744672958,-1.90389,-7.68727,0.188473
6432,13,LFoot,0.0144781990305,-1.9031175,-7.80587,0.3124245
6433,13,LFoot,0.0153387123565,-1.89422,-7.687355,0.31240425
6434,16,RFoot,0.0144819608649,1.9122875,-7.80636,0.18771575
6435,16,RFoot,0.0152744672958,1.90389,-7.68727,0.188473
6436,16,RFoot,0.0144781990305,1.9031175,-7.80587,0.3124245
6437,16,RFoot,0.0153387123565,1.89422,-7.687355,0.31240425
6438,13,LFoot,0.0151455280936,-2.5143625,-7.18982,0.05882268425
6439,13,LFoot,0.0234526186844,-2.46551,-7.440892,0.3395098
6440,13,LFoot,0.026966517863,-2.433016,-7.29193,0.314617
6441,13,LFoot,0.0283069449065,-2.325784,-7.311848,0.4498088
6442,13,LFoot,0.0260655735255,-2.3227275,-7.059465,0.3268765
6443,13,LFoot,0.0124089379387,-2.074515,-7.1703425,0.392841
6444,13,LFoot,0.0126418934324,-2.18815,-7.0588575,0.390716
6445,16,RFoot,0.0136446480747,1.95423,-7.059085,0.19181075
6446,16,RFoot,0.0146795366071,1.9404625,-7.176015,0.1883685
6447,16,RFoot,0.0309298117209,2.041096,-7.296154,0.447478
6448,16,RFoot,0.0122022926781,1.9612025,-7.29101,0.32673625
6449,16,RFoot,0.028819736998,2.0496,-7.07302,0.3253968
6450,16,RFoot,0.0161866417749,1.9894675,-7.1834575,0.3076055
6451,16,RFoot,0.0124089379387,2.074515,-7.1703425,0.392841
6452,16,RFoot,0.0126418934324,2.18815,-7.0588575,0.390716
6453,16,RFoot,0.0260654569092,2.3227275,-7.059465,0.3268765
6454,13,LFoot,0.0234454999975,-2.3147775,-6.9379325,0.30469225
6455,13,LFoot,0.0125545468984,-2.186865,-6.93836,0.3647195
6456,13,LFoot,0.0233199803553,-2.0576075,-6.81424,0.3007605
6457,13,LFoot,0.0215051342932,-2.218814,-6.692454,0.331979
6458,13,LFoot,0.0217617975799,-2.2121225,-6.5603425,0.33002475
6459,13,LFoot,0.0236261718588,-2.051965,-6.6881725,0.307957
6460,13,LFoot,0.0253506582874,-1.930596,-6.70743,0.186405
6461,16,RFoot,0.0243188143181,2.059375,-6.9381725,0.3068095
6462,16,RFoot,0.023322043171,2.0576075,-6.81424,0.3007605
6463,16,RFoot,0.00913092873714,2.40799,-6.9261575,0.20809625
6464,16,RFoot,0.0125545468984,2.186865,-6.93836,0.3647195
6465,16,RFoot,0.0234455027659,2.3147775,-6.9379325,0.30469225
6466,16,RFoot,0.0236204650798,2.051965,-6.6881725,0.307957
6467,16,RFoot,0.0217617359336,2.2121225,-6.5603425,0.33002475
6468,13,LFoot,0.0176856058735,-2.4198175,-6.1858275,0.06739734425
6469,13,LFoot,0.0240618515375,-2.3483325,-6.061785,0.21693275
6470,13,LFoot,0.0229138271864,-2.2052825,-6.3117675,0.3286915
6471,13,LFoot,0.0224463253331,-2.2086,-6.43669,0.32737925
6472,13,LFoot,0.0216370655676,-2.031104,-6.308544,0.332679
6473,13,LFoot,0.0237368228909,-2.2033225,-6.1871925,0.334642
6474,13,LFoot,0.0251126918449,-2.203975,-6.0623,0.3379605
6475,13,LFoot,0.0135044083591,-2.06274,-6.1858675,0.36018125
6476,13,LFoot,0.0101239744971,-1.839645,-6.2008975,0.21528025
6477,13,LFoot,0.0256945303609,-1.799554,-6.083702,0.1884112
6478,13,LFoot,0.0257506902154,-1.94036,-6.20858,0.3019364
6479,16,RFoot,0.0265752170386,1.798385,-6.31894,0.0736435475
6480,16,RFoot,0.0152846981876,1.7331275,-6.06568,0.0597929775
6481,16,RFoot,0.0226258926633,1.774716,-6.181552,0.093263756
6482,16,RFoot,0.0256744073829,1.799848,-6.083614,0.1880652
6483,16,RFoot,0.0102072943798,1.84004,-6.20079,0.21472775
6484,16,RFoot,0.0255509373699,1.940536,-6.208496,0.3010758
6485,16,RFoot,0.0171005506216,2.422095,-6.3094425,0.066023721
6486,16,RFoot,0.0267792437933,2.353215,-6.43803,0.21408425
6487,16,RFoot,0.017335960405,2.41805,-6.185305,0.0653322425
6488,16,RFoot,0.021713588683,2.031142,-6.308574,0.33183
6489,16,RFoot,0.0135014605572,2.0627525,-6.1859075,0.35769525
6490,12,LLeg,0.0173882614062,-2.411745,-5.689725,0.06727987325
6491,12,LLeg,0.0234152862363,-2.35155,-5.5641525,0.21736175
6492,12,LLeg,0.0264073867883,-2.2038675,-5.8127125,0.34439125
6493,12,LLeg,0.0260010085279,-2.2045125,-5.937125,0.33992875
6494,12,LLeg,0.0133277148804,-2.05871,-5.811435,0.39460325
6495,12,LLeg,0.0276108220343,-2.20448,-5.6885,0.35157225
6496,12,LLeg,0.0271225411303,-2.2097325,-5.565695,0.359271
6497,12,LLeg,0.0135296126043,-2.05635,-5.6869525,0.40935525
6498,12,LLeg,0.0246983645138,-1.683014,-5.830518,0.06199542
6499,12,LLeg,0.0251710766579,-1.679974,-5.582528,0.1863686
6500,12,LLeg,0.0229246842018,-1.659514,-5.683226,0.090062622
6501,12,LLeg,0.0247288275625,-1.909524,-5.809518,0.3470096
6502,12,LLeg,0.016016858306,-1.94359,-5.68676,0.3881025
6503,15,RLeg,0.022898387852,1.659514,-5.683226,0.090062642
6504,15,RLeg,0.0251815538134,1.679974,-5.582528,0.1863686
6505,15,RLeg,0.0102899337462,1.72314,-5.69887,0.210002
6506,15,RLeg,0.0246715703467,1.90952,-5.80952,0.346927
6507,15,RLeg,0.0258271282144,1.805875,-5.5623575,0.3267805
6508,15,RLeg,0.016016858306,1.94359,-5.68676,0.3881025
6509,15,RLeg,0.0168603653758,2.4100525,-5.813045,0.0669419265
6510,15,RLeg,0.0173882614062,2.411745,-5.689725,0.06727987325
6511,15,RLeg,0.0259261009349,2.2044125,-5.9372025,0.3377605
6512,15,RLeg,0.0133378653283,2.0587175,-5.8114375,0.39429725
6513,15,RLeg,0.0135296126043,2.05635,-5.6869525,0.40935525
6514,15,RLeg,0.027118760649,2.2097325,-5.565695,0.359271
6515,12,LLeg,0.0139972518144,-2.424455,-5.187075,0.0553608365
6516,12,LLeg,0.0261931489561,-2.3483725,-5.06179,0.20044925
6517,12,LLeg,0.0300241275436,-2.212985,-5.4394425,0.367064
6518,12,LLeg,0.0228049018715,-2.2294575,-5.1859575,0.355537
6519,12,LLeg,0.0223636750772,-2.2260575,-5.062015,0.3511505
6520,12,LLeg,0.0274567371068,-1.559086,-4.959498,0.3162814
6521,12,LLeg,0.0236016762568,-1.647982,-5.060848,0.3523454
6522,15,RLeg,0.0124126077412,1.470505,-5.202945,0.074761535
6523,15,RLeg,0.0214235121259,1.519302,-5.067202,0.2219066
6524,15,RLeg,0.0253924329635,1.785762,-5.435812,0.3499832
6525,15,RLeg,0.0236016762568,1.647982,-5.060848,0.3523454
6526,15,RLeg,0.0163707120419,2.4241125,-5.3130175,0.06320334825
6527,15,RLeg,0.0233423453288,2.35438,-5.43905,0.22026625
6528,15,RLeg,0.0139972518144,2.424455,-5.187075,0.0553608365
6529,15,RLeg,0.0300241786548,2.212985,-5.4394425,0.367064
6530,15,RLeg,0.0223635626808,2.2260575,-5.062015,0.3511505
6531,12,LLeg,0.0155015143804,-2.3721025,-4.689385,0.0563917175
6532,12,LLeg,0.00867124162492,-2.2899975,-4.5497875,0.20846725
6533,12,LLeg,0.0221441656735,-2.21497,-4.8131925,0.3392665
6534,12,LLeg,0.0224036833392,-2.2206975,-4.93756,0.34573375
6535,12,LLeg,0.0237223394792,-2.2071925,-4.56239,0.317731
6536,12,LLeg,0.0106538426147,-1.6634375,-4.949555,0.404995
6537,12,LLeg,0.025821368491,-1.685012,-4.832858,0.4468456
6538,12,LLeg,0.0223472542079,-1.525682,-4.810298,0.3518938
6539,12,LLeg,0.00958666629447,-1.53638,-4.70387,0.407577
6540,12,LLeg,0.0150162309978,-1.353085,-4.69217,0.188087
6541,12,LLeg,0.0274444013524,-1.439888,-4.712044,0.312117
6542,15,RLeg,0.024103523166,1.405664,-4.808838,0.2127788
6543,15,RLeg,0.0150162309978,1.353085,-4.69217,0.188087
6544,15,RLeg,0.0274568000649,1.559086,-4.959498,0.3162814
6545,15,RLeg,0.0274444013524,1.439888,-4.712044,0.312117
6546,15,RLeg,0.0106538426147,1.6634375,-4.949555,0.404995
6547,15,RLeg,0.0223591048168,1.525682,-4.810298,0.3518938
6548,15,RLeg,0.025837668389,1.685012,-4.832858,0.4468456
6549,15,RLeg,0.00958666629447,1.53638,-4.70387,0.407577
6550,15,RLeg,0.0144505311319,2.39051,-4.8137,0.05498268725
6551,15,RLeg,0.0254247436688,2.3386575,-4.9375425,0.19773925
6552,15,RLeg,0.0155015143804,2.3721025,-4.689385,0.0563917175
6553,15,RLeg,0.0224036833392,2.2206975,-4.93756,0.34573375
6554,15,RLeg,0.023722974816,2.2071925,-4.56239,0.317731
6555,12,LLeg,0.0248610660819,-2.18324,-4.17925,0.1925905
6556,12,LLeg,0.0226402622057,-2.2118775,-4.1746725,0.06088326
6557,12,LLeg,0.024672221158,-2.189264,-4.418554,0.3085776
6558,12,LLeg,0.0102541046395,-2.1479775,-4.3015475,0.3342465
6559,12,LLeg,0.0241622148984,-2.109992,-4.188998,0.3560452
6560,12,LLeg,0.00974969139621,-2.03159,-4.1746975,0.46703025
6561,12,LLeg,0.0230927054387,-1.1727325,-4.0740725,0.187311
6562,12,LLeg,0.0246529442344,-1.180146,-4.062132,0.3289878
6563,12,LLeg,0.0269609862197,-1.169175,-3.95065,0.447080333333
6564,15,RLeg,0.0231003527898,1.1727325,-4.0740725,0.187311
6565,15,RLeg,0.0114871841364,1.22829,-4.207875,0.1855665
6566,15,RLeg,0.0136729789771,1.2198475,-4.2024975,0.06111336725
6567,15,RLeg,0.0246529479093,1.180146,-4.062132,0.3289878
6568,15,RLeg,0.0147070493898,1.23971,-4.1961575,0.309702
6569,15,RLeg,0.0129752749109,1.2251,-4.07525,0.44275025
6570,15,RLeg,0.0246709922605,2.189264,-4.418554,0.3085776
6571,15,RLeg,0.0102541046395,2.1479775,-4.3015475,0.3342465
6572,15,RLeg,0.0241622148984,2.109992,-4.188998,0.3560452
6573,12,LLeg,0.013552057474,-2.0316425,-3.67844,0.0631319425
6574,12,LLeg,0.0150437159016,-2.0123275,-3.5613875,0.18856275
6575,12,LLeg,0.0143671407821,-2.035175,-3.67864,0.18619275
6576,12,LLeg,0.0234693429597,-1.98301,-3.815106,0.4677884
6577,12,LLeg,0.0116157125091,-2.04601,-3.79989,0.3234085
6578,12,LLeg,0.0141274350199,-2.008635,-3.5618125,0.305744
6579,12,LLeg,0.0232984383532,-1.9771725,-3.68633,0.45275375
6580,12,LLeg,0.0149625284231,-2.0259025,-3.68511,0.306556
6581,12,LLeg,0.0145459889585,-1.1072875,-3.8149275,0.0689903275
6582,12,LLeg,0.0136488768356,-1.1160725,-3.9308575,0.18755325
6583,12,LLeg,0.0115250571753,-1.085875,-3.700685,0.0547650775
6584,12,LLeg,0.0151240779864,-1.1201975,-3.931105,0.308422
6585,12,LLeg,0.0150502909407,-1.109115,-3.8118325,0.4326525
6586,12,LLeg,0.0116689587956,-1.09041,-3.6902425,0.4467925
6587,15,RLeg,0.0131811525092,1.0247175,-3.554535,0.1914485
6588,15,RLeg,0.0210294008078,1.045444,-3.554908,0.3409096
6589,15,RLeg,0.0115250571753,1.085875,-3.700685,0.0547650775
6590,15,RLeg,0.0151240779864,1.1201975,-3.931105,0.308422
6591,15,RLeg,0.0150502909407,1.109115,-3.8118325,0.4326525
6592,15,RLeg,0.0237710677027,1.0639175,-3.69469,0.32341425
6593,15,RLeg,0.0116689587956,1.09041,-3.6902425,0.4467925
6594,12,LLeg,0.0137700529826,-1.9601125,-3.1929175,0.1956465
6595,12,LLeg,0.0140989358553,-1.9960125,-3.4375825,0.30578125
6596,12,LLeg,0.0234003129728,-1.949,-3.3143275,0.451998
6597,12,LLeg,0.0138495773514,-1.98177,-3.314025,0.3060435
6598,12,LLeg,0.0204454665786,-1.94882666667,-3.063595,0.349658333333
6599,12,LLeg,0.0232742044002,-1.941108,-3.17125,0.4401118
6600,12,LLeg,0.0141959253483,-1.9646075,-3.191235,0.30923175
6601,15,RLeg,0.0152157291224,0.9758495,-3.19225,0.0641469805
6602,15,RLeg,0.0142990673132,0.961195,-3.1982875,0.1867965
6603,15,RLeg,0.0154501899523,1.01573975,-3.4345875,0.309271
6604,15,RLeg,0.0148959604573,1.0088885,-3.3084825,0.430262
6605,15,RLeg,0.0148191012111,0.99295225,-3.3123725,0.3107195
6606,15,RLeg,0.0139932285403,0.98038775,-3.19019,0.435365
6607,15,RLeg,0.0142477364811,0.96891,-3.19744,0.31423625
6608,12,LLeg,0.0130327383918,-1.950545,-2.80723,0.433306
6609,12,LLeg,0.0140927874037,-1.9530275,-2.5597,0.318899
6610,12,LLeg,0.0136468994787,-1.95492,-2.6857625,0.4338495
6611,12,LLeg,0.0208948491287,-1.946692,-2.680388,0.2888546
6612,12,LLeg,0.0139535549439,-1.907475,-2.6879325,0.0643905
6613,12,LLeg,0.012959046789,-0.835312,-2.7047,0.18936025
6614,12,LLeg,0.0151567385099,-0.87449275,-2.8131425,0.31228075
6615,12,LLeg,0.0147449187536,-0.846126,-2.6979875,0.313746
6616,12,LLeg,0.0228719443331,-0.8134734,-2.559,0.3297776
6617,12,LLeg,0.0242190712455,-0.801673666667,-2.44588333333,0.4461025
6618,15,RLeg,0.0144606469644,0.86204675,-2.813735,0.18951625
6619,15,RLeg,0.0200982304463,0.80442825,-2.569925,0.189212
6620,15,RLeg,0.012959046789,0.835312,-2.7047,0.18936025
6621,15,RLeg,0.0151567385099,0.87449275,-2.8131425,0.31228075
6622,15,RLeg,0.0228729448267,0.8134734,-2.559,0.3297776
6623,15,RLeg,0.0147449187536,0.846126,-2.6979875,0.313746
6624,15,RLeg,0.0128599133187,1.9082275,-2.8123375,0.063094975
6625,15,RLeg,0.0106859791475,1.933185,-2.923885,0.162011
6626,15,RLeg,0.0205004088784,1.946488,-2.941296,0.286795
6627,15,RLeg,0.0197913540081,1.9454825,-2.81098,0.296495
6628,15,RLeg,0.0139535549439,1.907475,-2.6879325,0.0643905
6629,12,LLeg,0.0142125692781,-1.955005,-2.4362775,0.318066
6630,12,LLeg,0.0148256069836,-1.959445,-2.3121525,0.43518675
6631,12,LLeg,0.0144077228826,-1.9566775,-2.3121625,0.318079
6632,12,LLeg,0.0144996420385,-1.9586625,-2.06269,0.31844625
6633,12,LLeg,0.0151558637129,-1.96143,-2.1872825,0.4368605
6634,12,LLeg,0.0145007520893,-1.9579475,-2.1874175,0.31822325
6635,12,LLeg,0.00888017790185,-1.9162325,-2.18748,0.0356632275
6636,12,LLeg,0.0242378276147,-1.9430375,-2.187495,0.16410925
6637,4,Pelvis,0.0220123117197,-0.66756025,-1.9471375,0.312578
6638,15,RLeg,0.0149402328738,0.7153145,-2.1926075,0.187519
6639,15,RLeg,0.0139538561474,0.701852,-2.075615,0.0639148525
6640,15,RLeg,0.0144331610594,0.7260575,-2.189905,0.068060535
6641,15,RLeg,0.0151480822314,0.749374,-2.3107325,0.31050225
6642,15,RLeg,0.014321617338,0.77838125,-2.4290275,0.30744175
6643,15,RLeg,0.014745181551,0.76780875,-2.30771,0.43057875
6644,15,RLeg,0.0149806416346,0.7229485,-2.1920925,0.312304
6645,15,RLeg,0.0147695191768,0.71835025,-2.07336,0.43882175
6646,15,RLeg,0.0133758630637,0.69942575,-2.082895,0.31383275
6647,4,Pelvis,0.0220123117197,0.66756025,-1.9471375,0.312578
6648,15,RLeg,0.0148842016621,0.74388575,-2.1895575,0.435248
6649,15,RLeg,0.00913608004805,1.91376,-2.31255,0.036856825
6650,15,RLeg,0.00888017790185,1.9162325,-2.18748,0.0356632275
6651,15,RLeg,0.0242378276147,1.9430375,-2.187495,0.16410925
6652,12,LLeg,0.0143278819453,-1.958465,-1.9386525,0.318801
6653,12,LLeg,0.0151891576474,-1.9666575,-1.8127225,0.43818525
6654,12,LLeg,0.0144077753981,-1.9572,-1.8150025,0.31955675
6655,12,LLeg,0.0148748375133,-1.9683925,-1.6878375,0.439966
6656,12,LLeg,0.0140597878427,-1.904995,-1.68522,0.0570285
6657,12,LLeg,0.0126560648565,-1.9249325,-1.559865,0.16545925
6658,12,LLeg,0.0209661244588,-1.9493175,-1.560805,0.30022625
6659,12,LLeg,0.0214051891361,-1.950906,-1.693484,0.2896956
6660,4,Pelvis,0.0140759927995,-0.63447325,-1.8064225,0.069183075
6661,4,Pelvis,0.0130903563019,-0.6039895,-1.6979075,0.066749315
6662,4,Pelvis,0.0138627058637,-0.6487505,-1.8051,0.43044875
6663,4,Pelvis,0.0150338577006,-0.6152235,-1.6905425,0.43505875
6664,4,Pelvis,0.0130903563019,0.6039895,-1.6979075,0.066749315
6665,4,Pelvis,0.0138627058637,0.6487505,-1.8051,0.43044875
6666,4,Pelvis,0.0150338577006,0.6152235,-1.6905425,0.43505875
6667,15,RLeg,0.0131158674087,1.9075825,-1.8105325,0.04653158
6668,15,RLeg,0.0246494960501,1.937864,-1.794112,0.18466446
6669,15,RLeg,0.0140597878427,1.904995,-1.68522,0.0570285
6670,15,RLeg,0.0126560648565,1.9249325,-1.559865,0.16545925
6671,12,LLeg,0.0211291117959,-1.944895,-1.4370975,0.301829
6672,12,LLeg,0.014301063111,-1.96447,-1.313685,0.44306925
6673,12,LLeg,0.0205727865969,-1.9399225,-1.31394,0.3031595
6674,12,LLeg,0.0141517423813,-1.95926,-1.19091,0.4440815
6675,12,LLeg,0.022108046587,-1.937032,-1.171454,0.3153292
6676,12,LLeg,0.0140892148361,-1.88319,-1.187215,0.066725675
6677,6,LArm,0.0155689460194,-1.90491,-1.06135125,0.17985125
6678,6,LArm,0.0118074758786,-1.9284725,-1.0529635,0.28956875
6679,4,Pelvis,0.014505929871,0.48068625,-1.196715,0.0666738
6680,4,Pelvis,0.0127338949249,0.4657255,-1.207835,0.18853725
6681,4,Pelvis,0.0141894256082,0.52933825,-1.429325,0.30771525
6682,4,Pelvis,0.0146676123408,0.5091995,-1.31102,0.43298875
6683,4,Pelvis,0.0145125410558,0.499252,-1.31427,0.310841
6684,4,Pelvis,0.0144772013137,0.4772105,-1.19741,0.43639975
6685,4,Pelvis,0.0132077012561,0.46818375,-1.206785,0.31233025
6686,15,RLeg,0.0136372452547,1.8889925,-1.312375,0.064981525
6687,15,RLeg,0.0130525938189,1.91888,-1.43686,0.16697025
6688,15,RLeg,0.0211290762572,1.944895,-1.4370975,0.301829
6689,15,RLeg,0.0140892148361,1.88319,-1.187215,0.066725675
6690,9,RArm,0.0155689460194,1.90491,-1.06135125,0.17985125
6691,9,RArm,0.0118074758786,1.9284725,-1.0529635,0.28956875
6692,11,LThigh,0.0227104478143,-1.839452,-0.6929184,0.034852772
6693,11,LThigh,0.0147306963563,-1.864635,-0.5633375,0.19030825
6694,6,LArm,0.0154877177101,-1.922795,-0.93544225,0.297417
6695,6,LArm,0.0149525188369,-1.9339275,-0.80279075,0.4316275
6696,11,LThigh,0.0149650061096,-1.8890375,-0.55883325,0.3092095
6697,6,LArm,0.0156807479234,-1.9220525,-0.6790655,0.4294025
6698,4,Pelvis,0.0116359188871,-0.19008175,-0.5000205,0.062993161
6699,4,Pelvis,0.011667031788,-0.19316425,-0.49613125,0.18734925
6700,4,Pelvis,0.0128173724339,-0.33038625,-0.83684125,0.3141115
6701,4,Pelvis,0.023552831007,-0.28009475,-0.7048315,0.31435425
6702,4,Pelvis,0.0216938091978,-0.292337,-0.7000575,0.43692075
6703,4,Pelvis,0.0249688041632,-0.173907166667,-0.457069,0.442202166667
6704,4,Pelvis,0.0113105857371,-0.19429375,-0.49414825,0.30965775
6705,4,Pelvis,0.0129039733318,0.32748675,-0.8346815,0.1855315
6706,4,Pelvis,0.0227143147744,0.28176075,-0.703208,0.1864695
6707,4,Pelvis,0.0123274967708,0.241921,-0.579622,0.0643210325
6708,4,Pelvis,0.0233024732447,0.3003602,-0.6925254,0.041369284
6709,4,Pelvis,0.0110620827841,0.23426025,-0.57792575,0.18868475
6710,4,Pelvis,0.0128173724339,0.33038625,-0.83684125,0.3141115
6711,4,Pelvis,0.02355245447,0.28009475,-0.7048315,0.31435425
6712,4,Pelvis,0.0126455122838,0.240992,-0.566661,0.4331835
6713,4,Pelvis,0.0109764969135,0.231722,-0.577582,0.31165425
6714,4,Pelvis,0.0113105857371,0.19429375,-0.49414825,0.30965775
6715,4,Pelvis,0.0216937924986,0.292337,-0.7000575,0.43692075
6716,14,RThigh,0.0143882102021,1.86024,-0.814259,0.06658689
6717,9,RArm,0.0147944794915,1.89692,-0.93488,0.17770725
6718,14,RThigh,0.0147306963563,1.864635,-0.5633375,0.19030825
6719,9,RArm,0.0154877177101,1.922795,-0.93544225,0.297417
6720,9,RArm,0.0149525188369,1.9339275,-0.80279075,0.4316275
6721,14,RThigh,0.0149650061096,1.8890375,-0.55883325,0.3092095
6722,9,RArm,0.0156807479234,1.9220525,-0.6790655,0.4294025
6723,5,LShoulder,0.0123490957979,-1.791795,-0.1767205,0.17682825
6724,5,LShoulder,0.0145314957363,-1.7456575,-0.06332376675,0.0677572225
6725,5,LShoulder,0.015222786427,-1.76674,-0.18692825,0.063530825
6726,5,LShoulder,0.015872797361,-1.771955,-0.06037203175,0.18715275
6727,11,LThigh,0.0142488075862,-1.870545,-0.43877075,0.31565925
6728,5,LShoulder,0.013498235878,-1.8603875,-0.319012,0.43690675
6729,5,LShoulder,0.0215290399002,-1.8272625,-0.179303725,0.43833575
6730,5,LShoulder,0.0142173386269,-1.79527,-0.041768175,0.4398665
6731,5,LShoulder,0.0144555404864,-1.7886925,-0.052037305,0.3120755
6732,4,Pelvis,0.00923150311391,-0.1343362,-0.44283925,0.1888885
6733,4,Pelvis,0.0124915112658,-0.0496562,-0.42268575,0.1890595
6734,4,Pelvis,0.00983046442941,-0.13595445,-0.43514475,0.31062725
6735,4,Pelvis,0.0123197232365,-0.04949795,-0.4166515,0.312888
6736,4,Pelvis,0.00983046442941,0.13595445,-0.43514475,0.31062725
6737,4,Pelvis,0.0123197232365,0.04949795,-0.4166515,0.312888
6738,14,RThigh,0.0221668676022,1.837546,-0.4432406,0.1641306
6739,14,RThigh,0.0142488075862,1.870545,-0.43877075,0.31565925
6740,8,RShoulder,0.013498235878,1.8603875,-0.319012,0.43690675
6741,8,RShoulder,0.0215290642896,1.8272625,-0.179303725,0.43833575
6742,5,LShoulder,0.014345200522,-1.7303075,0.310964,0.19355775
6743,5,LShoulder,0.0147156637936,-1.7190275,0.435545,0.19416975
6744,5,LShoulder,0.0156017078693,-1.75073,0.187665,0.312705
6745,5,LShoulder,0.0154017420385,-1.7718925,0.0692358,0.4396665
6746,5,LShoulder,0.0153773831413,-1.767565,0.065067745,0.3122385
6747,5,LShoulder,0.0155353499682,-1.75237,0.18853075,0.43782325
6748,5,LShoulder,0.0155277691092,-1.7376025,0.312246,0.31296375
6749,5,LShoulder,0.0147732491459,-1.723165,0.435785,0.4339235
6750,5,LShoulder,0.0152961469352,-1.72496,0.43695325,0.31343425
6751,5,LShoulder,0.015415536011,-1.7366675,0.311906,0.43614625
6752,5,LShoulder,0.022391349309,-1.699264,0.557277,0.15983122
6753,5,LShoulder,0.0128064973301,-1.70582,0.68007975,0.314365
6754,5,LShoulder,0.01437657119,-1.7113725,0.55890075,0.431423
6755,5,LShoulder,0.0146375661984,-1.714225,0.56097925,0.3143465
6756,5,LShoulder,0.0208321609932,-1.6901525,0.81582,0.44280625
6757,5,LShoulder,0.0147332164597,-1.640005,1.18595,0.19402025
6758,5,LShoulder,0.0152139045494,-1.62185,1.307765,0.1959215
6759,5,LShoulder,0.0149460893964,-1.6602025,1.1894925,0.31230975
6760,5,LShoulder,0.0147959112506,-1.644965,1.310195,0.31486925
6761,8,RShoulder,0.0152139045494,1.62185,1.307765,0.1959215
6762,8,RShoulder,0.0149471517634,1.6602475,1.1894925,0.312309
6763,8,RShoulder,0.0147959112506,1.644965,1.310195,0.31486925
6764,5,LShoulder,0.0259009299382,-1.57248,1.56473,0.2926152
6765,5,LShoulder,0.0260440834214,-1.434706,1.80936,0.16920834
6766,5,LShoulder,0.00966823707938,-1.53131,1.70694,0.437405
6767,5,LShoulder,0.0122985625074,-1.5258725,1.6962025,0.312301
6768,5,LShoulder,0.0236649799215,-1.47354,1.82974,0.4367125
6769,3,Back,0.0210210419242,-1.364004,1.853058,0.0547916264
6770,3,Back,0.0279323999107,-1.34220333333,1.96452,0.16971535
6771,3,Back,0.0116081804062,-1.27848,1.96638,0.0467696325
6772,5,LShoulder,0.0238721207303,-1.4631575,1.8254325,0.31376425
6773,5,LShoulder,0.0133727848729,-1.3939375,1.958335,0.31337175
6774,3,Back,0.0209236956589,1.362122,1.851972,0.05512471
6775,3,Back,0.0116081804062,1.27848,1.96638,0.0467696325
6776,8,RShoulder,0.0133727848729,1.3939375,1.958335,0.31337175
6777,3,Back,0.0258881970773,-1.084795,2.33132333333,0.167191933333
6778,3,Back,0.0268102070813,-1.18850333333,2.32176666667,0.3043415
6779,3,Back,0.0226251910058,-1.110158,2.444696,0.2737992
6780,3,Back,0.0144607298243,-1.258705,2.1949325,0.3160015
6781,3,Back,0.0237479895107,-1.321306,2.070156,0.2903422
6782,2,Chest,0.0127922902144,-1.285345,2.2105725,0.4361845
6783,2,Chest,0.0146345415532,-1.244865,2.315265,0.44144075
6784,3,Back,0.0258881970773,1.084795,2.33132333333,0.167191933333
6785,3,Back,0.023747585319,1.321306,2.070156,0.2903422
6786,5,LShoulder,0.0280124930033,-3.456988,3.059936,0.3096638
6787,5,LShoulder,0.0116625152715,-3.3148675,2.9648925,0.4281645
6788,5,LShoulder,0.0220089045996,-3.314285,3.04259,0.3051805
6789,3,Back,0.023523144096,-1.08242,2.56629,0.301246
6790,3,Back,0.0234145936497,-1.0753425,2.93546,0.301876
6791,3,Back,0.0216016794572,-0.9722198,2.938542,0.14741112
6792,3,Back,0.0224768873932,-1.06505,2.8121575,0.3080325
6793,3,Back,0.0224378073108,-1.06675,2.6882375,0.3088395
6794,2,Chest,0.0218872791157,-1.19378,2.554884,0.5401486
6795,3,Back,0.021440031879,-0.836467,2.810575,0.038491825
6796,3,Back,0.0214626696085,-0.958196,2.810215,0.16636525
6797,3,Back,0.0218303683997,0.95443025,2.6879025,0.17069575
6798,3,Back,0.0234145936497,1.0753425,2.93546,0.301876
6799,3,Back,0.0224378073108,1.06675,2.6882375,0.3088395
6800,3,Back,0.0224768873932,1.06505,2.8121575,0.3080325
6801,8,RShoulder,0.0238402760712,3.167485,3.01766,0.4337955
6802,8,RShoulder,0.0116625152715,3.3148675,2.9648925,0.4281645
6803,8,RShoulder,0.0267287459573,3.6856725,3.0554875,0.45482675
6804,5,LShoulder,0.027336625423,-3.696274,3.20883,0.435946
6805,5,LShoulder,0.027453122222,-3.568554,3.167916,0.3015592
6806,5,LShoulder,0.0228810144017,-3.5880375,3.3104625,0.300631
6807,5,LShoulder,0.0243783262374,-3.06452,3.2717825,0.031177575
6808,5,LShoulder,0.0242024727043,-3.056715,3.1799575,0.17824925
6809,5,LShoulder,0.02310658114,-3.1849725,3.065545,0.309058
6810,5,LShoulder,0.0233444298454,-3.461275,3.31307,0.157049775
6811,5,LShoulder,0.0236123030474,-3.03087,3.135975,0.305196
6812,5,LShoulder,0.0243996065903,-2.903455,3.2600525,0.18088475
6813,5,LShoulder,0.0246676833174,-2.7584725,3.3800275,0.19051325
6814,5,LShoulder,0.0271376425631,-2.8879325,3.263245,0.30551925
6815,5,LShoulder,0.0283589112406,-2.783622,3.41865,0.3395616
6816,5,LShoulder,0.0280551128759,-2.79642666667,3.55073666667,0.447686166667
6817,5,LShoulder,0.0257830331505,-2.6737,3.55221,0.3384492
6818,3,Back,0.0256396843723,-1.07054333333,3.17761,0.179105766667
6819,3,Back,0.0119285717723,-1.1281675,3.3087675,0.18674325
6820,3,Back,0.0250415743832,-1.18203833333,3.431955,0.183245216667
6821,3,Back,0.0149502499857,-1.1401675,3.1789325,0.3128465
6822,2,Chest,0.0253501124558,-1.20519,3.17168166667,0.547345833333
6823,3,Back,0.0236158434637,-1.182592,3.317554,0.2962388
6824,2,Chest,0.0147937056057,-1.2560525,3.4412425,0.43983025
6825,3,Back,0.0149311246856,-1.236555,3.4452025,0.31834475
6826,2,Chest,0.0226177532112,-1.216152,3.287574,0.4412878
6827,3,Back,0.0119285717723,1.1281675,3.3087675,0.18674325
6828,3,Back,0.0250529197414,1.18203833333,3.431955,0.183245216667
6829,3,Back,0.0149502499857,1.1401675,3.1789325,0.3128465
6830,3,Back,0.0235898381981,1.182592,3.317554,0.2962388
6831,8,RShoulder,0.0243996065903,2.903455,3.2600525,0.18088475
6832,8,RShoulder,0.0246676833174,2.7584725,3.3800275,0.19051325
6833,8,RShoulder,0.0271376425631,2.8879325,3.263245,0.30551925
6834,8,RShoulder,0.028359246891,2.783622,3.41865,0.3395616
6835,8,RShoulder,0.0282114593009,2.79642666667,3.55073666667,0.447686166667
6836,8,RShoulder,0.0262312078987,3.4436875,3.182795,0.1979777
6837,8,RShoulder,0.0220187394648,3.314285,3.04259,0.3051805
6838,8,RShoulder,0.0233444298454,3.461275,3.31307,0.157049775
6839,8,RShoulder,0.02310658114,3.1849725,3.065545,0.309058
6840,8,RShoulder,0.0236123030474,3.03087,3.135975,0.305196
6841,8,RShoulder,0.027453122222,3.568554,3.167916,0.3015592
6842,8,RShoulder,0.0228798400426,3.5880375,3.3104625,0.300631
6843,5,LShoulder,0.022407367825,-3.4785675,3.5900375,0.3086925
6844,3,Back,0.0259842481504,-3.1849525,3.825065,0.0508697325
6845,2,Chest,0.0306320958733,-3.198524,3.840096,0.4616734
6846,5,LShoulder,0.0241244975621,-2.6332475,3.5104925,0.2027565
6847,5,LShoulder,0.0239489902221,-2.51428,3.6512825,0.20132775
6848,5,LShoulder,0.0248682404767,-2.561668,3.687948,0.3324972
6849,5,LShoulder,0.0257710057009,-2.67535166667,3.67403,0.439617833333
6850,3,Back,0.0236382270648,-2.1508075,4.0282025,0.06348699325
6851,3,Back,0.0148815602211,-1.37558,3.943045,0.19228275
6852,3,Back,0.0122166522034,-1.278855,3.7962425,0.0513786575
6853,3,Back,0.0130162371568,-1.3018925,3.6656675,0.31214225
6854,3,Back,0.0224374886728,-1.3392325,3.8017325,0.312999
6855,2,Chest,0.0149837125726,-1.28331,3.557765,0.43793975
6856,3,Back,0.0146885254058,-1.2707375,3.5598275,0.3143705
6857,3,Back,0.013937873045,-1.37486,3.9445775,0.31356275
6858,3,Back,0.0245185289096,1.323082,3.812324,0.1679209
6859,3,Back,0.0148815602211,1.37558,3.943045,0.19228275
6860,3,Back,0.0224374886728,1.3392325,3.8017325,0.312999
6861,3,Back,0.013937873045,1.37486,3.9445775,0.31356275
6862,2,Chest,0.0208326506842,1.334725,3.8027275,0.43450325
6863,8,RShoulder,0.0252657930498,2.408644,3.796512,0.2163362
6864,3,Back,0.0260258086097,2.298092,3.927954,0.2101682
6865,8,RShoulder,0.0248776230849,2.561668,3.687948,0.3324972
6866,8,RShoulder,0.0116176858814,2.474785,3.795625,0.32712625
6867,8,RShoulder,0.0257871934885,2.6737,3.55221,0.3384492
6868,8,RShoulder,0.0257515477947,2.67535166667,3.67403,0.439617833333
6869,2,Chest,0.0297613128062,3.198524,3.840096,0.4616734
6870,3,Back,0.025559737803,-2.947374,4.191786,0.3288636
6871,3,Back,0.0268242517072,-2.824806,4.313106,0.040411033
6872,3,Back,0.0281345061226,-2.72012,4.460446,0.33571
6873,2,Chest,0.0328903243369,-2.72522333333,4.34605166667,0.4578975
6874,3,Back,0.0259530640481,-2.183538,4.060366,0.2052192
6875,3,Back,0.0256309412137,-2.068482,4.192232,0.2033288
6876,3,Back,0.0268277760103,-2.28454833333,4.03830166667,0.333269166667
6877,3,Back,0.0133871414561,-1.4821275,4.316955,0.064035305
6878,1,Neck,0.0229877498255,-1.68206666667,4.53290333333,0.0940916091667
6879,3,Back,0.0149039863999,-1.4970075,4.432605,0.18219225
6880,3,Back,0.0203170658178,-1.459062,4.318904,0.2129142
6881,3,Back,0.0253876953033,-1.457255,4.423985,0.325205
6882,3,Back,0.0160666379545,-1.3973275,4.0621875,0.312215
6883,2,Chest,0.014604484569,-1.381625,4.1859725,0.4359595
6884,2,Chest,0.0146733892811,-1.39599,4.306155,0.44269125
6885,3,Back,0.0138759461098,1.4097275,4.056655,0.189543
6886,3,Back,0.0160666379545,1.3973275,4.0621875,0.312215
6887,2,Chest,0.014604484569,1.381625,4.1859725,0.4359595
6888,2,Chest,0.0146733892811,1.39599,4.306155,0.44269125
6889,3,Back,0.0107359524169,1.9802275,4.293805,0.19684775
6890,3,Back,0.0277661519219,2.051425,4.29725333333,0.321556
6891,2,Chest,0.0287173284373,2.28897666667,4.168375,0.453471
6892,2,Chest,0.0273512518141,2.169405,4.297345,0.4451955
6893,3,Back,0.0268276831455,2.28454833333,4.03830166667,0.333269166667
6894,3,Back,0.0119492231544,2.907565,4.2038225,0.04582471625
6895,3,Back,0.0237431064755,2.951466,4.190396,0.16608736
6896,3,Back,0.0268242517072,2.824806,4.313106,0.040411033
6897,3,Back,0.0279568746233,2.72012,4.460446,0.33571
6898,1,Neck,0.02317497683,-2.58644,4.70364,0.1865465
6899,1,Neck,0.0129156397945,-2.50764,4.8173125,0.06692522
6900,1,Neck,0.0248730209861,-2.452678,4.940028,0.2104472
6901,1,Neck,0.0106346519642,-2.51827,4.830615,0.18642975
6902,1,Neck,0.0106604741063,-2.4124225,4.9553175,0.32749175
6903,1,Neck,0.0267304039473,-2.47446,4.842905,0.331062333333
6904,1,Neck,0.0114632418653,-1.5761425,4.6191875,0.3163
6905,1,Neck,0.0115617981381,-1.509625,4.54871,0.31753875
6906,1,Neck,0.0114632418653,1.5761425,4.6191875,0.3163
6907,1,Neck,0.0115617981381,1.509625,4.54871,0.31753875
6908,1,Neck,0.0191638614681,1.694208,4.763654,0.4814256
6909,1,Neck,0.0201614459249,1.815232,4.760366,0.4820514
6910,1,Neck,0.0268361821614,2.47446,4.842905,0.331062333333
6911,1,Neck,0.0106604741063,2.4124225,4.9553175,0.32749175
6912,1,Neck,0.0283779746633,2.34967,4.814718,0.4718338
6913,1,Neck,0.0290775661452,2.564848,4.69078,0.330099
6914,1,Neck,0.0221809908697,-2.2015075,5.3158475,0.18758375
6915,1,Neck,0.0276392229131,-2.191062,5.312856,0.0427726098
6916,1,Neck,0.0262603422936,-2.337092,5.068338,0.336248
6917,1,Neck,0.0132000045167,-2.271995,5.19777,0.31071075
6918,1,Neck,0.0247409878463,-2.231768,5.059684,0.4714126
6919,1,Neck,0.0305482349098,-2.194212,5.21022,0.437442
6920,1,Neck,0.0242309818085,2.3614075,5.0917325,0.1918035
6921,1,Neck,0.0262603422936,2.337092,5.068338,0.336248
6922,1,Neck,0.0257889415937,-1.851832,5.61048,0.3095818
6923,1,Neck,0.0121450558475,-1.699625,5.6735525,0.321676
6924,1,Neck,0.0218772829196,-1.583286,5.701066,0.3071198
6925,1,Neck,0.0102319229241,-1.17467,5.6670725,0.21164225
6926,1,Neck,0.0117954650133,-1.3000625,5.6688925,0.32240025
6927,1,Neck,0.0234560275776,-1.420662,5.69889,0.3059782
6928,1,Neck,0.0147985275427,-1.18501,5.6474725,0.31675975
6929,0,Head,0.0149138019311,-0.511366,5.9421175,0.1866625
6930,0,Head,0.00860373164799,-0.53634475,5.8431475,0.2008815
6931,1,Neck,0.0138070673607,-0.81517575,5.6354275,0.3214785
6932,1,Neck,0.00890782194239,-0.702007,5.6519,0.33377675
6933,1,Neck,0.0252436387801,-0.5904575,5.71474333333,0.327749666667
6934,1,Neck,0.0215455851175,-0.4776116,5.695132,0.469288
6935,0,Head,0.0233972362107,-0.4609942,5.93345,0.34
6936,0,Head,0.0137251427294,-0.50612,5.8234575,0.30833325
6937,1,Neck,0.00890782194239,0.702007,5.6519,0.33377675
6938,1,Neck,0.0252409452583,0.5904575,5.71474333333,0.327749666667
6939,1,Neck,0.0138070673607,0.81517575,5.6354275,0.3214785
6940,1,Neck,0.0147985275427,1.18501,5.6474725,0.31675975
6941,1,Neck,0.0117954650133,1.3000625,5.6688925,0.32240025
6942,1,Neck,0.0162794021188,1.826205,5.646495,0.1897625
6943,1,Neck,0.0121450558475,1.699625,5.6735525,0.321676
6944,1,Neck,0.021879628193,1.583286,5.701066,0.3071198
6945,1,Neck,0.0257742274775,1.851832,5.61048,0.3095818
6946,0,Head,0.0209861786302,-0.436305,6.315775,0.04949505
6947,0,Head,0.0143002886065,-0.45428975,6.439175,0.19373875
6948,0,Head,0.0142189564547,-0.45186875,6.3133525,0.189333
6949,0,Head,0.0219020854357,-0.4457075,6.063425,0.327595
6950,0,Head,0.020789751879,-0.44112025,6.185735,0.32314175
6951,0,Head,0.01472089965,-0.4585135,6.4424025,0.309297
6952,0,Head,0.0212465087739,-0.443166,6.319,0.3351034
6953,0,Head,0.0128066768345,-0.40926375,6.183005,0.4563545
6954,0,Head,0.0113304578307,-0.42098825,6.29852,0.45782425
6955,0,Head,0.0207879370178,0.44112025,6.185735,0.32314175
6956,0,Head,0.0128066768345,0.40926375,6.183005,0.4563545
6957,0,Head,0.0212465087215,0.443166,6.319,0.3351034
6958,0,Head,0.0113304578307,0.42098825,6.29852,0.45782425
6959,0,Head,0.0126668525546,-0.54188075,6.9226125,0.1733395
6960,0,Head,0.0158534462816,-0.515898,6.8071775,0.185724
6961,0,Head,0.0146587875443,-0.48187075,6.56352,0.3108335
6962,0,Head,0.0147041611569,-0.52036625,6.67843,0.43117875
6963,0,Head,0.0147549402317,-0.50768725,6.6807575,0.30931375
6964,0,Head,0.0104420490776,-0.5519985,6.7831925,0.419887
6965,0,Head,0.0229578571847,-0.589382,6.78508333333,0.545408666667
6966,0,Head,0.0146312771756,-0.53828125,6.7967,0.30646275
6967,0,Head,0.0230063012899,0.589382,6.78508333333,0.545408666667
6968,0,Head,0.0160179310771,-0.63144975,7.185005,0.18738825
6969,0,Head,0.0231513581007,-0.6884112,7.420566,0.1914157
6970,0,Head,0.013016451902,-0.66174025,7.301405,0.17601175
6971,0,Head,0.0115035750541,-0.66269525,7.1733825,0.29747125
6972,0,Head,0.00530392997929,-0.69500625,7.1928325,0.3641645
6973,0,Head,0.0230573877325,-0.697074333333,7.30398333333,0.302142833333
6974,0,Head,0.0149009321057,-0.73340425,7.439105,0.439516
6975,0,Head,0.0140120748707,-0.72253025,7.4421625,0.32080325
6976,0,Head,0.0176333109113,-0.734412,7.315075,0.4455865
6977,0,Head,0.013016451902,0.66174025,7.301405,0.17601175
6978,0,Head,0.0230573877325,0.697074333333,7.30398333333,0.302142833333
6979,0,Head,0.0115035750541,0.66269525,7.1733825,0.29747125
6980,0,Head,0.00530392997929,0.69500625,7.1928325,0.3641645
6981,0,Head,0.0106414027026,-0.67465425,7.8246,0.1652855
6982,0,Head,0.0216447816886,-0.682252,7.943945,0.30759
6983,0,Head,0.014845695679,-0.73264125,7.6851,0.319031
6984,0,Head,0.0155008963559,-0.742971,7.562315,0.4383055
6985,0,Head,0.0138411898043,-0.73378025,7.56234,0.32009425
6986,0,Head,0.015126917882,-0.7452635,7.6864625,0.4389405
6987,0,Head,0.0214773076382,-0.7104598,7.805352,0.2886536
6988,0,Head,0.013660179621,-0.73425825,7.8049425,0.44109875
6989,0,Head,0.0106414027026,0.67465425,7.8246,0.1652855
6990,0,Head,0.0214773076382,0.7104598,7.805352,0.2886536
6991,0,Head,0.0216468834443,0.682252,7.943945,0.30759
6992,0,Head,0.0261465703178,-0.5603448,8.186446,0.2947834
6993,0,Head,0.0226765553584,-0.44929625,8.333795,0.4394685
6994,0,Head,0.0240453746641,-0.2076426,8.333032,0.060222048
6995,0,Head,0.0280739604194,-0.4377416,8.318462,0.2922614
6996,0,Head,0.0126252219071,-0.0603033875,8.4017775,0.1703725
6997,0,Head,0.0216322395133,-0.0579134465,8.450525,0.3006105
6998,0,Head,0.0111634336958,-0.33334625,8.412675,0.43832625
6999,0,Head,0.0216651853373,-0.20200775,8.45069,0.441235
7000,0,Head,0.0225199333536,-0.19010175,8.433775,0.307083
7001,0,Head,0.0240478693857,0.2076426,8.333032,0.060222048
7002,0,Head,0.0122499043255,0.0619891125,8.4017775,0.1703725
7003,0,Head,0.020891879908,0.0599900535,8.450525,0.3006105
7004,0,Head,0.0111634336958,0.33334625,8.412675,0.43832625
7005,0,Head,0.0261484326241,0.5603448,8.186446,0.2947834
7006,13,LFoot,0.0151120893976,-2.31475,-8.0943375,0.68781075
7007,13,LFoot,0.0221828899403,-2.161732,-8.06766,0.6925176
7008,13,LFoot,0.00963058635909,-2.0423475,-8.0356675,0.6753385
7009,13,LFoot,0.0155390483165,-2.3129025,-8.1022575,0.81281
7010,13,LFoot,0.0154710820355,-2.1917525,-8.0901725,0.8150915
7011,16,RFoot,0.0221850913443,2.161732,-8.06766,0.6925176
7012,16,RFoot,0.0230252943648,2.05466333333,-8.06454833333,0.8019905
7013,16,RFoot,0.0151120893976,2.31475,-8.0943375,0.68781075
7014,16,RFoot,0.0154710820355,2.1917525,-8.0901725,0.8150915
7015,16,RFoot,0.0155390483165,2.3129025,-8.1022575,0.81281
7016,13,LFoot,0.0129384356379,-2.51081,-7.67252,0.55985525
7017,13,LFoot,0.0271510550242,-2.45482833333,-7.65688833333,0.70024
7018,13,LFoot,0.0226934938718,-2.5624825,-7.79892,0.8068675
7019,13,LFoot,0.0148920585127,-1.869555,-7.6872675,0.68731575
7020,13,LFoot,0.0181537451398,-1.8451,-7.80448,0.8072755
7021,13,LFoot,0.0130700359757,-1.878055,-7.6877225,0.81385625
7022,13,LFoot,0.0140167368335,-1.9407225,-7.6048625,0.8358785
7023,16,RFoot,0.0160618158402,1.8546675,-7.8079375,0.68395025
7024,16,RFoot,0.0148920585127,1.869555,-7.6872675,0.68731575
7025,16,RFoot,0.0181537451398,1.8451,-7.80448,0.8072755
7026,16,RFoot,0.0130700359757,1.878055,-7.6877225,0.81385625
7027,16,RFoot,0.0140167368335,1.9407225,-7.6048625,0.8358785
7028,16,RFoot,0.0271510550242,2.45482833333,-7.65688833333,0.70024
7029,16,RFoot,0.0226934938718,2.5624825,-7.79892,0.8068675
7030,15,RLeg,0.0239425861765,1.824005,-4.4406075,0.56683175
7031,12,LLeg,0.0269243145157,-1.936416,-4.206232,0.5605864
7032,12,LLeg,0.0143338066262,-1.6883225,-4.30493,0.62543325
7033,12,LLeg,0.0159901537104,-1.80802,-4.1920525,0.645735
7034,12,LLeg,0.0280787659654,-1.707006,-4.06622,0.719545
7035,12,LLeg,0.0129701678692,-1.6846475,-4.20146,0.6706085
7036,15,RLeg,0.0234408730196,1.8466,-4.304866,0.5940994
7037,15,RLeg,0.0269245777962,1.936416,-4.206232,0.5605864
7038,15,RLeg,0.0129701678692,1.6846475,-4.20146,0.6706085
7039,15,RLeg,0.0159901537104,1.80802,-4.1920525,0.645735
7040,12,LLeg,0.0108262968065,-1.9237525,-3.68607,0.58141025
7041,12,LLeg,0.0254403429722,-1.84118,-3.5625375,0.69841725
7042,12,LLeg,0.0238411834449,-1.69697,-3.80012,0.8110582
7043,12,LLeg,0.0223398012777,-1.543736,-3.811308,0.8203242
7044,12,LLeg,0.0100303429128,-1.746055,-3.6839525,0.80886575
7045,12,LLeg,0.0232445976903,-1.697584,-3.574478,0.820096
7046,12,LLeg,0.0127920699891,-1.5621825,-3.6796575,0.8549335
7047,12,LLeg,0.0279836425854,-1.185626,-3.834324,0.5613554
7048,12,LLeg,0.0245982782779,-1.1582375,-3.689975,0.5785045
7049,12,LLeg,0.0265593919982,-1.433902,-3.709228,0.8240884
7050,12,LLeg,0.0259907355253,-1.312304,-3.455856,0.8076694
7051,15,RLeg,0.0245973951859,1.1582375,-3.689975,0.5785045
7052,15,RLeg,0.0226361855816,1.27757,-3.6938,0.7282095
7053,15,RLeg,0.0203518975918,1.256738,-3.567984,0.7424838
7054,15,RLeg,0.026551977636,1.433902,-3.709228,0.8240884
7055,15,RLeg,0.00893342198986,1.920185,-3.800345,0.58379925
7056,15,RLeg,0.0108262968065,1.9237525,-3.68607,0.58141025
7057,15,RLeg,0.0223303268913,1.543736,-3.811308,0.8203242
7058,15,RLeg,0.0127920699891,1.5621825,-3.6796575,0.8549335
7059,15,RLeg,0.0231862557624,1.697584,-3.574478,0.820096
7060,12,LLeg,0.0132331625857,-1.894315,-3.1872975,0.57012275
7061,12,LLeg,0.0243401265945,-1.8319475,-3.0634925,0.69704
7062,12,LLeg,0.0227360972549,-1.68661,-3.3125,0.813007
7063,12,LLeg,0.0223305269111,-1.68879,-3.4374475,0.8110565
7064,12,LLeg,0.0142862767691,-1.5564225,-3.312295,0.87414575
7065,12,LLeg,0.0250999668631,-1.6951925,-3.063375,0.8355275
7066,12,LLeg,0.0140687333709,-1.5558625,-3.187715,0.88148425
7067,12,LLeg,0.0142478147751,-1.4433825,-3.3108875,0.87216975
7068,12,LLeg,0.0149448446239,-1.44044,-3.187035,0.87269875
7069,12,LLeg,0.015357796841,-1.31768,-3.062825,0.8681375
7070,12,LLeg,0.0281996883965,-1.17798833333,-3.07031833333,0.819722833333
7071,15,RLeg,0.0259920981955,1.312304,-3.455856,0.8076694
7072,15,RLeg,0.0142478147751,1.4433825,-3.3108875,0.87216975
7073,15,RLeg,0.0268062148391,1.184386,-3.08414,0.814811
7074,15,RLeg,0.0234988314749,1.286406,-3.183814,0.829865
7075,15,RLeg,0.0149448446239,1.44044,-3.187035,0.87269875
7076,15,RLeg,0.015357796841,1.31768,-3.062825,0.8681375
7077,15,RLeg,0.0108664733375,1.8968375,-3.31311,0.58088975
7078,15,RLeg,0.0244499291265,1.8294975,-3.4375075,0.6928825
7079,15,RLeg,0.0132331625857,1.894315,-3.1872975,0.57012275
7080,15,RLeg,0.0243401265945,1.8319475,-3.0634925,0.69704
7081,15,RLeg,0.0142862767691,1.5564225,-3.312295,0.87414575
7082,15,RLeg,0.0140687333709,1.5558625,-3.187715,0.88148425
7083,15,RLeg,0.0251002785529,1.6951925,-3.063375,0.8355275
7084,12,LLeg,0.0219485577022,-1.93799,-2.6857975,0.576703
7085,12,LLeg,0.00876585043513,-1.91401,-2.56165,0.71149925
7086,12,LLeg,0.0235085681996,-1.729962,-2.811568,0.861318
7087,12,LLeg,0.0256509780253,-1.7062575,-2.94019,0.8496915
7088,12,LLeg,0.0263249338942,-1.832735,-2.560605,0.82426125
7089,12,LLeg,0.0250380137851,-1.686118,-2.581562,0.9422168
7090,12,LLeg,0.013687719989,-1.314555,-2.94744,0.901027
7091,12,LLeg,0.00880259497107,-1.1043125,-2.953345,0.8306455
7092,12,LLeg,0.0145583317733,-1.193115,-2.9403925,0.879965
7093,12,LLeg,0.0217061770628,-1.193102,-2.705256,0.9433464
7094,12,LLeg,0.026382641833,-1.0382115,-2.6905425,0.84836475
7095,12,LLeg,0.0246305744469,-0.931793,-2.707226,0.6873886
7096,15,RLeg,0.026382641833,1.0382115,-2.6905425,0.84836475
7097,15,RLeg,0.0247671911347,1.15559,-2.938284,0.8545108
7098,15,RLeg,0.0306212963317,1.0568036,-2.8389,0.82376
7099,15,RLeg,0.013687719989,1.314555,-2.94744,0.901027
7100,15,RLeg,0.0232582423556,1.296024,-2.809414,0.938108
7101,15,RLeg,0.00876585043513,1.91401,-2.56165,0.71149925
7102,15,RLeg,0.0256509780253,1.7062575,-2.94019,0.8496915
7103,15,RLeg,0.0281413834476,1.81539,-2.709388,0.8143628
7104,15,RLeg,0.0263146013349,1.832735,-2.560605,0.82426125
7105,12,LLeg,0.0146382395198,-1.96141,-2.185685,0.55584225
7106,12,LLeg,0.0242834419998,-1.846485,-2.438985,0.828146
7107,12,LLeg,0.0232503394259,-1.864104,-2.059404,0.8649262
7108,12,LLeg,0.00845822131673,-1.78742,-2.0747575,0.96407
7109,12,LLeg,0.0245956804156,-1.819006,-1.95676,0.9443608
7110,12,LLeg,0.0220347345179,-0.789415,-2.183466,0.5870776
7111,12,LLeg,0.0109991722189,-0.84120225,-2.1987575,0.70937175
7112,12,LLeg,0.0225767811265,-0.9279326,-2.332258,0.819047
7113,12,LLeg,0.0224589847914,-0.91076725,-2.18903,0.82959225
7114,15,RLeg,0.0229312885453,0.8090084,-2.330556,0.5612394
7115,15,RLeg,0.0150646594857,0.8575005,-2.3142075,0.70011675
7116,15,RLeg,0.016050534647,0.75035025,-2.063705,0.559074
7117,15,RLeg,0.0220365127218,0.789415,-2.183466,0.5870776
7118,15,RLeg,0.0239820202354,0.8100356,-2.082178,0.687837
7119,15,RLeg,0.0109991722189,0.84120225,-2.1987575,0.70937175
7120,15,RLeg,0.0109433957228,0.96467175,-2.4491525,0.843288
7121,15,RLeg,0.0225767650848,0.9279326,-2.332258,0.819047
7122,15,RLeg,0.0224589847914,0.91076725,-2.18903,0.82959225
7123,15,RLeg,0.0083982378084,1.9189875,-2.44035,0.7146855
7124,15,RLeg,0.0242812503963,1.846485,-2.438985,0.828146
7125,15,RLeg,0.0233153452031,1.864104,-2.059404,0.8649262
7126,15,RLeg,0.0245963342135,1.819006,-1.95676,0.9443608
7127,12,LLeg,0.0143036757657,-1.972085,-1.6875875,0.55650825
7128,12,LLeg,0.0137828078953,-1.9020775,-1.9381875,0.83490775
7129,12,LLeg,0.0254832538387,-1.8311725,-1.8100325,0.94728575
7130,12,LLeg,0.0126511466947,-1.9198625,-1.563745,0.843085
7131,12,LLeg,0.0238450592216,-1.83728,-1.686725,0.9523515
7132,12,LLeg,0.0225155682503,-0.692052,-1.829528,0.5581286
7133,4,Pelvis,0.0240084717415,-0.679679,-1.585724,0.694168
7134,4,Pelvis,0.0229704561398,-0.6601678,-1.686556,0.5891378
7135,12,LLeg,0.0107635403908,-0.85437225,-1.8223575,0.8351645
7136,12,LLeg,0.0238408047004,-0.8074276,-1.706444,0.8153946
7137,15,RLeg,0.0121308970151,0.72419,-1.700445,0.711948
7138,4,Pelvis,0.022963742837,0.6601678,-1.686556,0.5891378
7139,4,Pelvis,0.0240085297143,0.679679,-1.585724,0.694168
7140,15,RLeg,0.0107635403908,0.85437225,-1.8223575,0.8351645
7141,15,RLeg,0.0217530381578,0.784757,-1.56444,0.83403
7142,15,RLeg,0.0137828078953,1.9020775,-1.9381875,0.83490775
7143,15,RLeg,0.0254829942965,1.8311725,-1.8100325,0.94728575
7144,15,RLeg,0.0126511466947,1.9198625,-1.563745,0.843085
7145,12,LLeg,0.0139873935583,-1.9656575,-1.1886175,0.5578345
7146,6,LArm,0.0118165468801,-1.9108075,-1.0617855,0.835432
7147,12,LLeg,0.0226108426998,-1.8294375,-1.1866675,0.95495025
7148,4,Pelvis,0.0242861838425,-0.6526034,-1.436712,0.7199664
7149,4,Pelvis,0.0207427323962,-0.639954,-1.0693784,0.8588054
7150,4,Pelvis,0.0251605578348,-0.6827994,-0.9585914,0.937491
7151,4,Pelvis,0.0158178837068,0.50205,-1.18701,0.55842225
7152,4,Pelvis,0.0244673471547,0.5287548,-1.062644,0.7186436
7153,4,Pelvis,0.0222853444517,0.5611032,-1.20724,0.6852282
7154,15,RLeg,0.0210372847741,0.7654656,-1.437458,0.8530664
7155,4,Pelvis,0.0207427323962,0.639954,-1.0693784,0.8588054
7156,9,RArm,0.0108776416225,1.9127475,-1.062043,0.83199075
7157,15,RLeg,0.0234850805485,1.8313775,-1.186925,0.951509
7158,6,LArm,0.0179496396913,-1.9270025,-0.67753725,0.56180775
7159,6,LArm,0.0146340584742,-1.8944525,-0.555954,0.6905685
7160,6,LArm,0.0134630412912,-1.908185,-0.93787175,0.81789625
7161,11,LThigh,0.0229866713437,-1.842202,-0.5636876,0.8392816
7162,11,LThigh,0.0225759195449,-1.811354,-0.6665838,0.9333514
7163,11,LThigh,0.0244287635497,-1.73822,-0.5637388,0.9801876
7164,4,Pelvis,0.0107008247742,-0.5333305,-0.7013965,0.90012625
7165,4,Pelvis,0.0133686523606,-0.37089525,-0.685371,0.6885375
7166,4,Pelvis,0.0244176268791,-0.4477162,-0.7049248,0.8005006
7167,4,Pelvis,0.0218540339957,0.32547875,-0.69216475,0.56652175
7168,4,Pelvis,0.0133686523606,0.37089525,-0.685371,0.6885375
7169,4,Pelvis,0.0244176268791,0.4477162,-0.7049248,0.8005006
7170,4,Pelvis,0.0230182381084,0.5201934,-0.8102954,0.8391596
7171,4,Pelvis,0.0242221675373,0.6686235,-0.81591525,0.96631875
7172,4,Pelvis,0.0107008247742,0.5333305,-0.7013965,0.90012625
7173,9,RArm,0.0179496396913,1.9270025,-0.67753725,0.56180775
7174,9,RArm,0.0146340584742,1.8944525,-0.555954,0.6905685
7175,9,RArm,0.0134630412912,1.908185,-0.93787175,0.81789625
7176,14,RThigh,0.0229958421531,1.842202,-0.5636876,0.8392816
7177,14,RThigh,0.0225773725892,1.811354,-0.6665838,0.9333514
7178,5,LShoulder,0.0230059663182,-1.822902,-0.19008954,0.5805886
7179,5,LShoulder,0.01232763248,-1.798895,-0.1718695,0.69818575
7180,5,LShoulder,0.0148166364653,-1.789785,-0.04753768,0.566033
7181,5,LShoulder,0.0157835249454,-1.77227,-0.0561374025,0.6890335
7182,11,LThigh,0.0230191954247,-1.81824,-0.4171298,0.8130258
7183,5,LShoulder,0.0129242447871,-1.7824925,-0.30022525,0.82774925
7184,11,LThigh,0.025030067578,-1.71181,-0.43561575,0.96315825
7185,5,LShoulder,0.0257159185014,-1.738048,-0.1840506,0.8460306
7186,5,LShoulder,0.0215271830693,-1.7144425,-0.0551169675,0.82888475
7187,4,Pelvis,0.0104516978498,-0.16535,-0.409042,0.57398175
7188,4,Pelvis,0.0141806028679,-0.060407,-0.38847,0.6818025
7189,4,Pelvis,0.0211244081499,-0.3185706,-0.225789,0.9662944
7190,4,Pelvis,0.0240325121013,-0.06499265,-0.33844725,0.83146475
7191,4,Pelvis,0.0104947937184,-0.0661614,-0.27755825,0.9619355
7192,4,Pelvis,0.026991101679,0.05779585,-0.33844725,0.83146475
7193,4,Pelvis,0.0114765494394,0.0589646,-0.27755825,0.9619355
7194,8,RShoulder,0.0142258125056,1.8584675,-0.31845775,0.5579
7195,14,RThigh,0.0141835292484,1.8675575,-0.4374735,0.68443625
7196,8,RShoulder,0.0230059656595,1.822902,-0.19008954,0.5805886
7197,14,RThigh,0.0230192277522,1.81824,-0.4171298,0.8130258
7198,5,LShoulder,0.0234544426914,-1.690086,0.3318492,0.6864592
7199,5,LShoulder,0.0210609425813,-1.704766,0.4320358,0.5843986
7200,5,LShoulder,0.0150364593675,-1.7254125,0.30992225,0.55640975
7201,5,LShoulder,0.0224005170555,-1.687504,0.082488426,0.8123206
7202,5,LShoulder,0.010879100404,-1.64746,0.19745575,0.8315365
7203,5,LShoulder,0.0244665420525,-1.605512,0.3109556,0.8565276
7204,5,LShoulder,0.0214831428721,-1.485112,0.3106078,0.984367
7205,8,RShoulder,0.010879100404,1.64746,0.19745575,0.8315365
7206,8,RShoulder,0.0244783809057,1.605512,0.3109556,0.8565276
7207,5,LShoulder,0.0146333521359,-1.6493475,0.688354,0.68504675
7208,5,LShoulder,0.0139356224886,-1.642025,0.8123325,0.683043
7209,5,LShoulder,0.0243791745647,-1.578215,0.6881695,0.82302375
7210,5,LShoulder,0.0240639638584,-1.45588,0.68848025,0.96680375
7211,5,LShoulder,0.0230982486848,-1.5732225,0.81085725,0.81843175
7212,8,RShoulder,0.014059920525,1.641145,0.8123405,0.68310325
7213,8,RShoulder,0.0243678347257,1.5782775,0.68817125,0.82297
7214,8,RShoulder,0.0229767730123,1.57231,0.81089375,0.81843875
7215,5,LShoulder,0.0251941613183,-1.598755,1.189645,0.70554325
7216,5,LShoulder,0.0112053875416,-1.535375,1.0734825,0.845488
7217,5,LShoulder,0.0245738839472,-1.4732625,1.4421875,0.83933925
7218,5,LShoulder,0.02454877694,-1.48299,1.3189575,0.8612855
7219,5,LShoulder,0.0241294441521,-1.491622,1.185772,0.8757406
7220,8,RShoulder,0.0241335086455,1.491618,1.185764,0.875745
7221,2,Chest,0.0205647121237,1.361956,1.183974,0.9872116
7222,8,RShoulder,0.0235691959121,1.4828125,1.317115,0.86234725
7223,2,Chest,0.0209741826807,1.34812,1.316555,0.98053525
7224,8,RShoulder,0.0236451696154,1.586105,1.311435,0.7003395
7225,5,LShoulder,0.0141350241854,-1.391175,1.94469,0.68775325
7226,2,Chest,0.0237265447477,-1.33049,1.686215,0.94441325
7227,2,Chest,0.0267425212432,-1.34288333333,1.952115,0.826951666667
7228,2,Chest,0.0246128460203,-1.321684,1.831532,0.9343918
7229,2,Chest,0.0136367669988,-1.28311,1.9518025,0.9530155
7230,8,RShoulder,0.0140601446538,1.3908075,1.94535,0.6882715
7231,8,RShoulder,0.0234139987533,1.430052,1.70232,0.8035298
7232,2,Chest,0.023374940071,1.3330025,1.6854175,0.950324
7233,2,Chest,0.0148840367145,-1.2608675,2.320775,0.69051275
7234,2,Chest,0.0149008480817,-1.2278875,2.437105,0.5665165
7235,2,Chest,0.0150060760729,-1.2625975,2.322935,0.5648855
7236,2,Chest,0.0149238408395,-1.23478,2.438545,0.68807875
7237,2,Chest,0.0151233071983,-1.2708875,2.1955725,0.8134905
7238,2,Chest,0.0119849271492,-1.29936,2.0824675,0.82871575
7239,2,Chest,0.014032537902,-1.24577,2.315935,0.808865
7240,2,Chest,0.0142118106552,-1.2281075,2.43769,0.8062405
7241,2,Chest,0.0234522129001,-1.2050375,2.312795,0.9546325
7242,2,Chest,0.0231621980963,1.337714,2.069134,0.7116514
7243,5,LShoulder,0.0104519431004,-4.0244,2.8182975,0.91802075
7244,5,LShoulder,0.0241326356649,-4.09847,2.8140025,1.04673125
7245,5,LShoulder,0.0270144015897,-3.705324,2.812464,0.6867612
7246,5,LShoulder,0.0217216755739,-3.56407,2.797845,0.68162925
7247,5,LShoulder,0.0310822323704,-3.704402,2.940954,0.5534806
7248,5,LShoulder,0.0295629812807,-3.826104,2.914852,0.6681298
7249,5,LShoulder,0.023444623276,-3.8126475,2.6554125,0.9238005
7250,5,LShoulder,0.0222789378779,-3.806372,2.778274,0.7637766
7251,5,LShoulder,0.026900614465,-3.93546,2.8057925,0.82736525
7252,5,LShoulder,0.0297622772737,-3.67569,2.667685,0.925993
7253,5,LShoulder,0.0142394081272,-3.6840725,2.7265175,0.80123375
7254,5,LShoulder,0.0120153699742,-3.55132,2.7042525,0.93364475
7255,5,LShoulder,0.012453665504,-3.56486,2.7288825,0.81674775
7256,5,LShoulder,0.024040594122,-3.2828725,2.8905125,0.6902215
7257,5,LShoulder,0.0232779323048,-3.4354125,2.82219,0.686573
7258,5,LShoulder,0.0283891687273,-3.1387675,3.02564,0.69323125
7259,5,LShoulder,0.0265517185208,-3.4269875,2.7924325,0.9345525
7260,5,LShoulder,0.0232360592231,-3.4268375,2.7912375,0.8163155
7261,5,LShoulder,0.0268316737397,-3.1801025,3.050835,0.821761
7262,2,Chest,0.0205912494474,-1.191836,2.806172,0.6642236
7263,2,Chest,0.019789735762,-1.1937875,2.9372375,0.6710475
7264,2,Chest,0.0139324586389,-1.207285,2.685445,0.80728525
7265,2,Chest,0.0142557892291,-1.2149175,2.5615125,0.80617525
7266,2,Chest,0.0140359446024,-1.202345,2.809835,0.80837675
7267,2,Chest,0.0214561407701,-1.198452,2.931312,0.8423886
7268,2,Chest,0.0215724478439,-1.182456,2.829634,0.9349846
7269,8,RShoulder,0.0231597869623,3.4354125,2.82219,0.686573
7270,8,RShoulder,0.0264760860555,3.304235,2.91767,0.54888525
7271,8,RShoulder,0.0240903777432,3.2828725,2.8905125,0.6902215
7272,8,RShoulder,0.0252361373409,3.3112975,2.9310525,0.942208
7273,8,RShoulder,0.0240166913373,3.2725175,2.90502,0.813406
7274,8,RShoulder,0.0232774000544,3.4268375,2.7912375,0.8163155
7275,8,RShoulder,0.0301106875441,3.826104,2.914852,0.6681298
7276,8,RShoulder,0.0281889254539,3.94906,2.956824,0.8073654
7277,8,RShoulder,0.0294925275518,3.67569,2.667685,0.925993
7278,8,RShoulder,0.0142394081272,3.6840725,2.7265175,0.80123375
7279,8,RShoulder,0.0120153699742,3.55132,2.7042525,0.93364475
7280,8,RShoulder,0.012453665504,3.56486,2.7288825,0.81674775
7281,8,RShoulder,0.0234577968717,3.8126475,2.6554125,0.9238005
7282,8,RShoulder,0.0222759368813,3.806372,2.778274,0.7637766
7283,5,LShoulder,0.0257494731872,-3.719496,3.318006,0.535153
7284,5,LShoulder,0.0102990700989,-3.9196325,3.0739375,0.801898
7285,5,LShoulder,0.0264814093482,-3.841475,3.2181525,0.9353475
7286,5,LShoulder,0.0258989627029,-3.72446,3.3560925,0.8105915
7287,5,LShoulder,0.0227680347144,-3.05215,3.179094,0.6809396
7288,5,LShoulder,0.0260760962664,-3.061516,3.335138,0.687854
7289,2,Chest,0.0137525142824,-1.2398875,3.31426,0.68265175
7290,2,Chest,0.0152704170892,-1.262535,3.43838,0.56296925
7291,2,Chest,0.0159057912088,-1.241465,3.3154575,0.5641245
7292,2,Chest,0.0143703250755,-1.252825,3.437615,0.68106275
7293,2,Chest,0.0230917523764,-1.2084475,3.188375,0.83023325
7294,2,Chest,0.0218505257073,-1.2047625,3.063845,0.8334165
7295,2,Chest,0.0233576915022,-1.2161825,3.4362725,0.8272855
7296,2,Chest,0.0218505257073,1.2047625,3.063845,0.8334165
7297,2,Chest,0.0233574083851,1.2161825,3.4362725,0.8272855
7298,8,RShoulder,0.0117958418789,2.97684,3.319905,0.575577
7299,8,RShoulder,0.0260760962664,3.061516,3.335138,0.687854
7300,8,RShoulder,0.0263892848151,3.1801025,3.050835,0.821761
7301,8,RShoulder,0.0257450319434,3.288375,3.0628025,0.9586365
7302,8,RShoulder,0.0254926744654,3.31342,3.206802,0.9471096
7303,8,RShoulder,0.0250550182198,3.290398,3.437884,0.826
7304,8,RShoulder,0.0236204765858,3.8546275,3.060255,0.66598
7305,8,RShoulder,0.0257571069977,3.719496,3.318006,0.535153
7306,8,RShoulder,0.0102990700989,3.9196325,3.0739375,0.801898
7307,8,RShoulder,0.0256735391937,3.6963025,3.318655,0.9433085
7308,2,Chest,0.0141212078695,-1.2859575,3.8138675,0.69632
7309,2,Chest,0.0129424331185,-1.290295,3.93753,0.7073755
7310,2,Chest,0.0239966809321,-1.226456,3.69378,0.8419734
7311,2,Chest,0.0159598533399,-1.24757,3.815005,0.810744
7312,2,Chest,0.0150679601751,-1.2521225,3.939065,0.813491
7313,2,Chest,0.0225168828137,-1.190902,3.79454,0.939689
7314,2,Chest,0.0214857804561,1.313685,3.8099275,0.5674535
7315,8,RShoulder,0.0281291047796,3.32584,3.6979425,0.57071125
7316,2,Chest,0.0219922892192,-1.343198,4.311676,0.5915736
7317,2,Chest,0.0107270129589,-1.2950525,4.2946825,0.71369875
7318,2,Chest,0.0141873624278,-1.2594825,4.185765,0.81892475
7319,2,Chest,0.0147894943689,-1.22187,4.0654975,0.93034775
7320,2,Chest,0.0151605090087,-1.25607,4.0633125,0.81616125
7321,2,Chest,0.0139121639744,-1.2373375,4.1883425,0.9323675
7322,2,Chest,0.0152059968466,-1.2746925,4.3070375,0.819892
7323,2,Chest,0.0136144945109,-1.276485,4.4332925,0.933686
7324,2,Chest,0.011497567027,-1.30223,4.421465,0.8279055
7325,2,Chest,0.0139277715368,-1.25395,4.3114325,0.933255
7326,2,Chest,0.0216179226348,1.330375,4.1858225,0.5772045
7327,2,Chest,0.0219749653446,1.343198,4.311676,0.5915736
7328,2,Chest,0.0254218544857,1.34016,4.42194333333,0.701234166667
7329,1,Neck,0.0284821989413,-1.695574,5.038256,0.7154358
7330,1,Neck,0.0240631088583,-1.449672,4.91709,0.8202838
7331,1,Neck,0.0262217166008,-1.339194,4.539984,0.8178436
7332,1,Neck,0.0141862678436,-1.285975,4.5579125,0.95321425
7333,1,Neck,0.0137103374065,-1.33773,4.93851,0.89791575
7334,1,Neck,0.025799878748,-1.2258775,4.8195725,0.988329
7335,1,Neck,0.0120801864388,1.3920825,4.5542725,0.69207225
7336,1,Neck,0.0234225010346,1.446184,4.665354,0.6842806
7337,1,Neck,0.0262319238912,1.339194,4.539984,0.8178436
7338,1,Neck,0.0137103374065,1.33773,4.93851,0.89791575
7339,1,Neck,0.025118495929,-1.967744,5.30629,0.5862846
7340,1,Neck,0.0113507688097,-1.8341775,5.3123075,0.66716225
7341,1,Neck,0.0242363047321,-1.706875,5.314925,0.7262425
7342,1,Neck,0.0243952834133,-1.6973375,5.4497375,0.68684375
7343,1,Neck,0.0230741173864,-1.4538575,5.06178,0.84329075
7344,1,Neck,0.0227734760981,-1.451855,5.1821225,0.84980625
7345,1,Neck,0.0137900449523,-1.321165,5.06323,0.9055005
7346,1,Neck,0.0259118374406,-1.4466325,5.31852,0.823847
7347,1,Neck,0.02551820671,-1.05997025,5.3524425,0.86809025
7348,1,Neck,0.0234184495577,-0.93699425,5.3606725,0.86699025
7349,1,Neck,0.0261946134485,-0.5555376,5.365298,0.8635186
7350,1,Neck,0.0127394719882,-0.43386875,5.33863,0.9112245
7351,1,Neck,0.0202554738211,-0.0628544,5.36493,0.8623408
7352,1,Neck,0.00949922567068,-0.050641,5.46696,0.77976325
7353,1,Neck,0.0202029011009,0.0628544,5.36493,0.8623408
7354,1,Neck,0.0270724599975,0.164957,5.443002,0.8262174
7355,1,Neck,0.00949922567068,0.050641,5.46696,0.77976325
7356,1,Neck,0.0127394719882,0.43386875,5.33863,0.9112245
7357,1,Neck,0.0258172469205,0.31134025,5.44498,0.8282715
7358,1,Neck,0.0261357295424,0.5555376,5.365298,0.8635186
7359,1,Neck,0.0234151649806,0.93699425,5.3606725,0.86699025
7360,1,Neck,0.0137900449523,1.321165,5.06323,0.9055005
7361,1,Neck,0.0227701410812,1.451855,5.1821225,0.84980625
7362,1,Neck,0.0254877260181,1.05997025,5.3524425,0.86809025
7363,1,Neck,0.0258863369142,1.4466325,5.31852,0.823847
7364,1,Neck,0.0113507688097,1.8341775,5.3123075,0.66716225
7365,1,Neck,0.0129295615064,-0.29528775,5.8158175,0.61599275
7366,1,Neck,0.0123049020374,-0.3685365,5.8139025,0.548865
7367,0,Head,0.0100154807897,-0.20555425,5.824865,0.6531705
7368,1,Neck,0.0214234045204,0.345402333333,5.7046,0.600336
7369,1,Neck,0.0214860790197,0.4776116,5.695132,0.469288
7370,1,Neck,0.0264568640834,0.320665666667,5.58328666667,0.694961
7371,1,Neck,0.0123364712781,0.443764,5.51069,0.6904415
7372,0,Head,0.0100154807897,0.20555425,5.824865,0.6531705
7373,1,Neck,0.0129295615064,0.29528775,5.8158175,0.61599275
7374,1,Neck,0.0123049020374,0.3685365,5.8139025,0.548865
7375,0,Head,0.0109832228145,-0.38452175,6.30332,0.5444485
7376,0,Head,0.0203718199295,0.3371878,6.19134,0.5717832
7377,0,Head,0.0109832228145,0.38452175,6.30332,0.5444485
7378,0,Head,0.0214416159074,-0.575566,6.690468,0.6597224
7379,0,Head,0.0133313178946,-0.639319,6.80034,0.68695475
7380,0,Head,0.0214700621841,-0.600874,6.68658,0.80839
7381,0,Head,0.0151683302964,-0.64677475,6.8097925,0.814226
7382,0,Head,0.0204211987975,-0.689835,7.06134,0.81804075
7383,0,Head,0.0191300602948,-0.188821,6.6853625,0.6042095
7384,0,Head,0.0102150181347,-0.17357025,6.787755,0.650028
7385,0,Head,0.0109914190835,-0.17347525,6.8491075,0.71499775
7386,0,Head,0.0215303129279,-0.281684666667,6.78193333333,0.7154595
7387,0,Head,0.0070139242485,-0.35199925,6.717195,0.82000725
7388,0,Head,0.00862825839819,-0.33291775,6.78581,0.828634
7389,0,Head,0.00941872507524,-0.2805365,6.8512375,0.82675275
7390,0,Head,0.0089819330181,-0.052093975,6.943935,0.84779725
7391,0,Head,0.0231570219222,-0.172529383333,6.915885,0.830571666667
7392,0,Head,0.0103377273203,-0.1626445,6.9614125,0.9495415
7393,0,Head,0.00854192307961,0.2905385,6.6819275,0.63731975
7394,0,Head,0.00626220340132,0.33445575,6.6957825,0.712151
7395,0,Head,0.0102150181347,0.17357025,6.787755,0.650028
7396,0,Head,0.0109914190835,0.17347525,6.8491075,0.71499775
7397,0,Head,0.0070139242485,0.35199925,6.717195,0.82000725
7398,0,Head,0.0231568387027,0.172529383333,6.915885,0.830571666667
7399,0,Head,0.00853134893357,0.053817175,6.943935,0.84779725
7400,0,Head,0.0103377273203,0.1626445,6.9614125,0.9495415
7401,0,Head,0.00862825839819,0.33291775,6.78581,0.828634
7402,0,Head,0.00941872507524,0.2805365,6.8512375,0.82675275
7403,0,Head,0.0215272569595,0.281684666667,6.78193333333,0.7154595
7404,0,Head,0.0133313178946,0.639319,6.80034,0.68695475
7405,0,Head,0.0214497985145,0.600874,6.68658,0.80839
7406,0,Head,0.0151683302964,0.64677475,6.8097925,0.814226
7407,0,Head,0.0212792278786,-0.7003582,7.064044,0.671197
7408,0,Head,0.0140283084677,-0.71715475,7.3143125,0.6807045
7409,0,Head,0.0152359698639,-0.7325155,7.4379575,0.56201325
7410,0,Head,0.0148247813307,-0.7366235,7.312095,0.5689025
7411,0,Head,0.0144399629624,-0.7205475,7.4378075,0.6806825
7412,0,Head,0.0197670851116,-0.69450075,7.19272,0.82168475
7413,0,Head,0.0212699860243,-0.6938545,7.3141225,0.821453
7414,0,Head,0.0212932603038,-0.69421225,7.4376425,0.822842
7415,0,Head,0.0212933645152,0.69421225,7.4376425,0.822842
7416,0,Head,0.013566255407,-0.72675275,7.8047425,0.679544
7417,0,Head,0.0138446012439,-0.73611025,7.8051225,0.561066
7418,0,Head,0.023592309472,-0.6969704,7.936444,0.704453
7419,0,Head,0.0218094538632,-0.70054825,7.561235,0.82392925
7420,0,Head,0.0218094538632,0.70054825,7.561235,0.82392925
7421,0,Head,0.0235457924113,-0.581086,8.1958975,0.68503875
7422,0,Head,0.0242643971873,-0.44985125,8.335645,0.68719325
7423,0,Head,0.0231851821602,-0.4753786,8.226474,0.9419364
7424,0,Head,0.0097481562084,-0.34143975,8.416015,0.561591
7425,0,Head,0.0271052461267,-0.1940102,8.44662,0.7090632
7426,0,Head,0.0257895492009,-0.4385196,8.31177,0.8328546
7427,0,Head,0.0147896564205,-0.186443,8.386205,0.93372175
7428,0,Head,0.0097481562084,0.34143975,8.416015,0.561591
7429,0,Head,0.0147896564205,0.186443,8.386205,0.93372175
7430,0,Head,0.025789555819,0.4385196,8.31177,0.8328546
7431,13,LFoot,0.0144294210274,-2.31176,-8.1366875,1.18202
7432,13,LFoot,0.0131762736551,-2.196525,-8.1274975,1.18137
7433,13,LFoot,0.0166638419467,-2.302332,-8.064924,1.2935
7434,13,LFoot,0.014707916967,-2.2020775,-8.0798825,1.2847
7435,16,RFoot,0.0131762736551,2.196525,-8.1274975,1.18137
7436,16,RFoot,0.0144294210274,2.31176,-8.1366875,1.18202
7437,16,RFoot,0.014707916967,2.2020775,-8.0798825,1.2847
7438,13,LFoot,0.00574467323391,-2.4670075,-7.9648625,1.2742
7439,13,LFoot,0.019927861146,-2.324606,-7.924952,1.29639
7440,13,LFoot,0.0263329303917,-2.19627,-7.913505,1.3031975
7441,16,RFoot,0.025323655276,2.32607833333,-7.79043666667,1.07797433333
7442,16,RFoot,0.0100426657713,2.32373,-7.8455625,1.1964475
7443,12,LLeg,0.0257539520839,-1.687495,-1.81553666667,1.06228833333
7444,12,LLeg,0.0234809443091,-1.698268,-1.575092,1.072168
7445,12,LLeg,0.0103894072035,-1.7410225,-1.6848575,1.0533275
7446,12,LLeg,0.0116705189498,-1.6604675,-1.68462,1.089165
7447,12,LLeg,0.0233142327277,-1.187582,-1.829816,1.059378
7448,12,LLeg,0.0142594277614,-1.31927,-1.6862775,1.102255
7449,12,LLeg,0.0216616767977,-1.177695,-1.68669,1.0657425
7450,15,RLeg,0.0145116626726,1.319395,-1.8096,1.0937325
7451,15,RLeg,0.021661591315,1.177695,-1.68669,1.0657425
7452,15,RLeg,0.0142594277614,1.31927,-1.6862775,1.102255
7453,15,RLeg,0.0116705189498,1.6604675,-1.68462,1.089165
7454,12,LLeg,0.0226881373655,-1.69344,-1.31185,1.07091
7455,11,LThigh,0.0217421896196,-1.69031,-1.0642125,1.0663025
7456,12,LLeg,0.0223393326807,-1.6918375,-1.1875475,1.06784
7457,12,LLeg,0.0225612255408,-1.160636,-1.3081,1.083538
7458,12,LLeg,0.015575092854,-1.313895,-1.1871775,1.1158675
7459,12,LLeg,0.0148618647932,-1.193255,-1.1851175,1.0994625
7460,15,RLeg,0.0152191370945,1.3159275,-1.31187,1.113325
7461,15,RLeg,0.0148618647932,1.193255,-1.1851175,1.0994625
7462,15,RLeg,0.015575092854,1.313895,-1.1871775,1.1158675
7463,15,RLeg,0.022427310957,1.6915475,-1.187615,1.067855
7464,11,LThigh,0.015388109927,-1.1866825,-0.81291725,1.11971
7465,11,LThigh,0.0157663379713,-1.3126375,-0.6877135,1.1274125
7466,11,LThigh,0.0158490549165,-1.1871525,-0.68803675,1.12632
7467,4,Pelvis,0.0227160479437,-0.8156212,-0.7056674,1.06389
7468,4,Pelvis,0.0227160435829,0.8156212,-0.7056674,1.06389
7469,4,Pelvis,0.0217576920285,0.8010875,-0.563498,1.0797325
7470,14,RThigh,0.0159284734306,1.3118325,-0.81296625,1.12524
7471,14,RThigh,0.0158490549165,1.1871525,-0.68803675,1.12632
7472,14,RThigh,0.0157663379713,1.3126375,-0.6877135,1.1274125
7473,5,LShoulder,0.0221107129917,-1.45201,-0.18532275,1.079165
7474,4,Pelvis,0.0162297526772,-1.18749,-0.313397,1.135215
7475,4,Pelvis,0.014345568782,-1.30873,-0.1881295,1.1183625
7476,4,Pelvis,0.0158478049603,-1.1897925,-0.18791875,1.1356275
7477,4,Pelvis,0.0243380554637,-0.675543,-0.321041166667,1.07238166667
7478,4,Pelvis,0.0241579708391,-0.553779833333,-0.195631333333,1.06063833333
7479,4,Pelvis,0.0151358411109,-0.81437175,-0.18569625,1.1260525
7480,4,Pelvis,0.0151332488659,-0.69325875,-0.18173625,1.1031725
7481,4,Pelvis,0.0231510382894,-0.06032025,0.050620725,1.197165
7482,4,Pelvis,0.0157946968653,0.815971,-0.3097545,1.112985
7483,4,Pelvis,0.0151332488659,0.69325875,-0.18173625,1.1031725
7484,4,Pelvis,0.0151358411109,0.81437175,-0.18569625,1.1260525
7485,4,Pelvis,0.0148168823012,1.3112575,-0.3127585,1.1222525
7486,4,Pelvis,0.0158478049603,1.1897925,-0.18791875,1.1356275
7487,4,Pelvis,0.014345568782,1.30873,-0.1881295,1.1183625
7488,4,Pelvis,0.0143756985406,-1.1847225,0.18694025,1.1301125
7489,4,Pelvis,0.0231972312399,-1.3246225,0.313871,1.07277
7490,4,Pelvis,0.0149016479926,-1.1812275,0.3124815,1.1249675
7491,4,Pelvis,0.0156676874989,-0.68871725,0.186257,1.1491275
7492,4,Pelvis,0.0152080901948,-0.813946,0.311054,1.1652825
7493,4,Pelvis,0.0148938491557,-0.69149975,0.308589,1.166545
7494,4,Pelvis,0.0266781182541,-0.451849666667,0.298096166667,1.21414833333
7495,4,Pelvis,0.0249857886198,-0.2049002,0.436238,1.316878
7496,4,Pelvis,0.0266776478206,0.451849666667,0.298096166667,1.21414833333
7497,4,Pelvis,0.0250776120374,0.2052676,0.4356988,1.31842
7498,4,Pelvis,0.015586014962,0.812737,0.18722525,1.15701
7499,4,Pelvis,0.0148938491557,0.69149975,0.308589,1.166545
7500,4,Pelvis,0.0152080294484,0.813946,0.31105375,1.1652825
7501,4,Pelvis,0.0237679975322,1.329965,0.1905185,1.0815725
7502,4,Pelvis,0.0149015168911,1.1812225,0.31247525,1.12497
7503,4,Pelvis,0.023196682228,1.3246225,0.31386975,1.07277
7504,4,Pelvis,0.0151499379097,-1.18104,0.6854465,1.1064775
7505,4,Pelvis,0.0219687636358,-1.2004725,0.939807,1.0846175
7506,4,Pelvis,0.0222384827348,-1.2122,0.8076834,1.089952
7507,4,Pelvis,0.023004414686,-0.82685175,0.936249,1.210865
7508,4,Pelvis,0.025063522795,-0.32304,0.552278166667,1.325835
7509,4,Pelvis,0.0249304014457,-0.439204,0.6686012,1.318584
7510,4,Pelvis,0.0144629535396,-0.1824465,0.570915,1.3523975
7511,4,Pelvis,0.0155749558323,-0.0622965,0.68804725,1.3865625
7512,4,Pelvis,0.0229077877068,-0.4629324,0.8191226,1.335846
7513,4,Pelvis,0.0154419851422,-0.31132475,0.93796175,1.3926
7514,4,Pelvis,0.0157800670395,-0.0625779765,0.81211125,1.4044425
7515,4,Pelvis,0.0156489303748,-0.187897,0.93645625,1.409905
7516,4,Pelvis,0.0144937632221,0.18269175,0.5707475,1.3538325
7517,4,Pelvis,0.0155747625044,0.0622965,0.688047,1.3865675
7518,4,Pelvis,0.0249663790964,0.323271833333,0.551559333333,1.32794833333
7519,4,Pelvis,0.0250522182125,0.4394642,0.6681098,1.320412
7520,4,Pelvis,0.0157792035798,0.0625882735,0.81210775,1.40444
7521,4,Pelvis,0.0156887254777,0.18786925,0.93663125,1.40992
7522,4,Pelvis,0.0229197865695,0.4630768,0.8191048,1.336002
7523,4,Pelvis,0.0154742692507,0.31128425,0.93807025,1.39262
7524,4,Pelvis,0.0223884257291,0.8269785,0.937581,1.2125075
7525,4,Pelvis,0.0209247925271,1.3152725,0.68560825,1.0553275
7526,4,Pelvis,0.0149823234578,1.18081,0.81006025,1.1010175
7527,4,Pelvis,0.0224435818636,1.30586,0.8299378,1.053624
7528,2,Chest,0.0236194735282,-1.2015125,1.1866475,1.069955
7529,2,Chest,0.0222063211907,-1.1955275,1.43747,1.066935
7530,2,Chest,0.0227415166277,-1.1972425,1.312065,1.067085
7531,2,Chest,0.0246185334648,-0.57984175,1.187595,1.329875
7532,2,Chest,0.0253058398992,-0.58238175,1.312425,1.33551
7533,4,Pelvis,0.0152987069326,-0.313242,1.0614895,1.40459
7534,2,Chest,0.0146848281156,-0.431699,1.187345,1.383095
7535,4,Pelvis,0.0143933666167,-0.191469,1.0569995,1.4223375
7536,2,Chest,0.0143039765972,-0.43336275,1.3121725,1.388715
7537,2,Chest,0.0118052718932,-0.33411625,1.4374475,1.4176325
7538,2,Chest,0.0193219656163,-0.2030135,1.4346725,1.4392625
7539,2,Chest,0.0240182986057,-0.1898546,1.295522,1.439144
7540,4,Pelvis,0.0147256302301,0.1911055,1.05895025,1.422555
7541,4,Pelvis,0.0155461366531,0.312913,1.0623855,1.4047175
7542,2,Chest,0.0148120125876,0.431129,1.1875475,1.3833025
7543,2,Chest,0.0147812056738,0.431055,1.3125125,1.3888825
7544,2,Chest,0.0149592644932,0.31598125,1.43768,1.4200525
7545,2,Chest,0.0238884010435,0.9372802,1.294336,1.187774
7546,2,Chest,0.0246501736155,0.57972125,1.187625,1.3299175
7547,2,Chest,0.0253294942651,0.582114,1.3124675,1.335305
7548,2,Chest,0.022732895296,1.197235,1.3120425,1.06709
7549,2,Chest,0.0243162747075,-1.1971225,1.8110675,1.06531375
7550,2,Chest,0.0230698784313,-0.95010925,1.937065,1.2035025
7551,2,Chest,0.022692086012,-0.57954625,1.6863475,1.34376
7552,2,Chest,0.0229240400536,-0.6855374,1.921102,1.311732
7553,2,Chest,0.0221926230856,-0.5902276,1.818466,1.341214
7554,2,Chest,0.0146247641217,-0.32133175,1.5604375,1.41901
7555,2,Chest,0.0148369601336,-0.43583975,1.6886525,1.3881325
7556,2,Chest,0.0117539771193,-0.04805469,1.7004525,1.4144875
7557,2,Chest,0.0145684257592,-0.4404305,1.8127275,1.38459
7558,2,Chest,0.0167283057737,-0.31694025,1.933735,1.4096725
7559,2,Chest,0.0115105217367,-0.049534275,1.814295,1.3948075
7560,2,Chest,0.0166612039219,-0.1839735,1.93326,1.416935
7561,2,Chest,0.0158923642949,0.05531461,1.691095,1.4157025
7562,2,Chest,0.0147540105328,0.318022,1.56378,1.4191525
7563,2,Chest,0.0149675922846,0.43541225,1.6885925,1.3882625
7564,2,Chest,0.0113851978441,0.048687775,1.813695,1.3941925
7565,2,Chest,0.0167026834475,0.183926,1.9331375,1.4169125
7566,2,Chest,0.0145000244031,0.44063575,1.8128125,1.38454
7567,2,Chest,0.01675202872,0.31694475,1.933665,1.409665
7568,2,Chest,0.0228436201932,0.57947125,1.68603,1.343675
7569,2,Chest,0.0221886862689,0.5902418,1.818464,1.34121
7570,2,Chest,0.0229240400536,0.6855374,1.921102,1.311732
7571,2,Chest,0.0243051109092,1.1969625,1.811195,1.06543225
7572,5,LShoulder,0.0294516426769,-4.07807,2.557166,1.168716
7573,5,LShoulder,0.0326153895333,-4.205332,2.42253,1.402956
7574,5,LShoulder,0.0156805354446,-3.93416,2.464475,1.306695
7575,2,Chest,0.0251052781539,-0.95698025,2.31097,1.2278275
7576,2,Chest,0.0219872110643,-0.7028565,2.1840475,1.3319475
7577,2,Chest,0.0214602922393,-0.696277,2.0633275,1.31906
7578,2,Chest,0.0139894968784,-0.56437575,2.184415,1.380385
7579,2,Chest,0.0226821723811,-0.7171908,2.314858,1.34516
7580,2,Chest,0.0233323883895,-0.8119572,2.41894,1.319594
7581,2,Chest,0.015209134184,-0.5683505,2.3077,1.39607
7582,2,Chest,0.0152515015954,-0.685789,2.4366,1.376485
7583,2,Chest,0.0170450844863,-0.317591,2.0584175,1.4212875
7584,2,Chest,0.0159749517401,-0.4470445,2.18185,1.4106125
7585,2,Chest,0.01468740401,-0.18764325,2.05327,1.4312375
7586,2,Chest,0.0215936231258,-0.2058298,2.192882,1.4485
7587,2,Chest,0.0178430942855,0.050448292,2.186786,1.438732
7588,2,Chest,0.012941974091,-0.45362875,2.2994225,1.424595
7589,2,Chest,0.0232402251427,-0.321793166667,2.304865,1.450155
7590,2,Chest,0.01468740401,0.18764325,2.05327,1.4312375
7591,2,Chest,0.0170450844863,0.317591,2.0584175,1.4212875
7592,2,Chest,0.0159749517401,0.4470445,2.18185,1.4106125
7593,2,Chest,0.0232392271676,0.321793166667,2.304865,1.450155
7594,2,Chest,0.012941974091,0.45362875,2.2994225,1.424595
7595,2,Chest,0.0139894968784,0.56437575,2.184415,1.380385
7596,2,Chest,0.015209134184,0.5683505,2.3077,1.39607
7597,2,Chest,0.0152515015954,0.685789,2.4366,1.376485
7598,2,Chest,0.0233303204617,0.8119572,2.41894,1.319594
7599,8,RShoulder,0.0221626298022,3.940105,2.52339,1.16272
7600,8,RShoulder,0.0156805354446,3.93416,2.464475,1.306695
7601,5,LShoulder,0.0325325236326,-4.19306,2.536062,1.29284
7602,5,LShoulder,0.0118678298062,-4.1603175,2.8125275,1.193235
7603,5,LShoulder,0.0279669787403,-4.21317,2.7077475,1.2983475
7604,5,LShoulder,0.014063031383,-4.16005,2.8317525,1.309955
7605,5,LShoulder,0.0252976228024,-3.81179,2.968605,1.352885
7606,5,LShoulder,0.0255758029238,-3.795435,2.8229625,1.450375
7607,2,Chest,0.0239779233872,-0.82313325,2.5635275,1.3313325
7608,2,Chest,0.0232342995541,-0.6784378,2.67197,1.428434
7609,2,Chest,0.0113485062293,-0.6916895,2.5538125,1.3969375
7610,2,Chest,0.0224558887478,-0.84924,2.936565,1.3525475
7611,2,Chest,0.0113485062293,0.6916895,2.5538125,1.3969375
7612,2,Chest,0.0232327930861,0.6784378,2.67197,1.428434
7613,2,Chest,0.0239792982709,0.82313325,2.5635275,1.3313325
7614,2,Chest,0.0224560000669,0.84924,2.936565,1.3525475
7615,8,RShoulder,0.0107945021305,3.816785,2.5807225,1.0533525
7616,8,RShoulder,0.0284498408098,3.8083725,2.5476925,1.1771075
7617,8,RShoulder,0.022228537015,3.8184025,2.563395,1.444245
7618,8,RShoulder,0.024429949978,3.7954075,2.544605,1.31624
7619,8,RShoulder,0.0276749425271,3.6772575,2.94466,1.3094475
7620,8,RShoulder,0.0254206998223,3.81179,2.968605,1.352885
7621,8,RShoulder,0.0261323278561,3.795435,2.8229625,1.450375
7622,8,RShoulder,0.0118678298062,4.1603175,2.8125275,1.193235
7623,8,RShoulder,0.014063031383,4.16005,2.8317525,1.309955
7624,2,Chest,0.0104916501448,-1.033595,3.4280375,1.2144075
7625,2,Chest,0.0230838927558,-1.06326,3.544824,1.189288
7626,2,Chest,0.0130919644029,-1.022827,3.3109775,1.215515
7627,2,Chest,0.0235442751815,-0.939381,3.4396625,1.316015
7628,2,Chest,0.0220823276459,-0.85432975,3.0589025,1.3570775
7629,2,Chest,0.024501713014,-0.70526025,3.18526,1.472415
7630,2,Chest,0.0221438350993,-0.9379952,3.294408,1.313644
7631,2,Chest,0.0101163105507,-0.8342775,3.43015,1.40434
7632,2,Chest,0.022702751894,-0.7156976,3.442954,1.466184
7633,2,Chest,0.0252064688189,-0.70900575,3.3110725,1.4748575
7634,2,Chest,0.0220819578527,0.85432975,3.0589025,1.3570775
7635,2,Chest,0.0221438350993,0.9379952,3.294408,1.313644
7636,2,Chest,0.0101163105507,0.8342775,3.43015,1.40434
7637,2,Chest,0.0251059055456,0.821204,3.54615333333,1.450725
7638,2,Chest,0.0165336045748,-1.1291875,3.80767,1.185545
7639,2,Chest,0.0241549301361,-0.959156,3.567062,1.340342
7640,2,Chest,0.0282578879004,-0.9403016,3.662716,1.443346
7641,2,Chest,0.0290932915766,-1.082278,3.784266,1.319602
7642,2,Chest,0.011183671141,-1.0296795,3.667935,1.3365
7643,2,Chest,0.0292005123696,-0.96842525,3.81146,1.4739475
7644,2,Chest,0.0165336045748,1.1291875,3.80767,1.185545
7645,2,Chest,0.0290932915766,1.082278,3.784266,1.319602
7646,2,Chest,0.0239407687144,-1.2000575,4.18851,1.0824835
7647,2,Chest,0.0105259757137,-1.1580675,4.188885,1.2138925
7648,2,Chest,0.0252282180183,-1.20753,4.31161,1.08146175
7649,2,Chest,0.0253408532997,-1.1023,4.312304,1.243332
7650,2,Chest,0.0294574196232,-1.0605118,4.208554,1.313058
7651,2,Chest,0.0139420424467,-0.93413525,4.196455,1.3942025
7652,2,Chest,0.0252682230751,-0.946681166667,4.32637166667,1.33310666667
7653,2,Chest,0.0244256939678,-0.8292234,4.437402,1.314966
7654,2,Chest,0.0134099431228,-0.5639415,4.3148575,1.3795025
7655,2,Chest,0.0229996093468,-0.6857945,4.45296,1.3233825
7656,2,Chest,0.0110716548647,-0.42565025,4.2118375,1.411475
7657,2,Chest,0.0111566483738,-0.1759635,4.0860325,1.41237
7658,2,Chest,0.0133820750422,-0.061850518,4.1871225,1.3667475
7659,2,Chest,0.0153422675528,-0.43869225,4.3109025,1.369255
7660,2,Chest,0.0222862462923,-0.062074018,4.321305,1.316415
7661,2,Chest,0.0111566483738,0.1759635,4.0860325,1.41237
7662,2,Chest,0.0133539132284,0.061981982,4.1871225,1.3667475
7663,2,Chest,0.0110716548647,0.42565025,4.2118375,1.411475
7664,2,Chest,0.0237558423757,0.5430212,4.18649,1.439014
7665,2,Chest,0.0222391161831,0.062205482,4.321305,1.316415
7666,2,Chest,0.0153422675528,0.43869225,4.3109025,1.369255
7667,2,Chest,0.0139420424467,0.93413525,4.196455,1.3942025
7668,2,Chest,0.0134099431228,0.5639415,4.3148575,1.3795025
7669,2,Chest,0.0244272075218,0.8292234,4.437402,1.314966
7670,2,Chest,0.0252682230751,0.946681166667,4.32637166667,1.33310666667
7671,1,Neck,0.00914027906207,-0.810589,4.833465,1.15792
7672,1,Neck,0.00982818787275,-0.68785175,4.83468,1.1669875
7673,1,Neck,0.00970617923185,-0.175909,4.7153975,1.16595
7674,1,Neck,0.0227561140873,-0.1913162,4.59545,1.217924
7675,1,Neck,0.0132405306597,-0.313668,4.8180075,1.1363825
7676,1,Neck,0.0153088884726,-0.187865,4.8110475,1.12544
7677,1,Neck,0.0153088884726,0.187865,4.8110475,1.12544
7678,1,Neck,0.0132405306597,0.313668,4.8180075,1.1363825
7679,1,Neck,0.00982818787275,0.68785175,4.83468,1.1669875
7680,1,Neck,0.00914027906207,0.810589,4.833465,1.15792
7681,0,Head,0.0153603242796,-0.4674502,6.969878,1.335002
7682,0,Head,0.0219155417416,-0.171336016667,6.92987666667,1.17276666667
7683,0,Head,0.00983758366031,-0.1633735,6.964595,1.0534525
7684,0,Head,0.0108324110329,-0.05306975,6.9604,1.16578
7685,0,Head,0.0214632219731,-0.18284775,6.897415,1.320535
7686,0,Head,0.0219138131273,0.171336016667,6.92987666667,1.17276666667
7687,0,Head,0.0214632219731,0.18284775,6.897415,1.320535
7688,0,Head,0.00874304777909,-0.60884125,7.16712,1.1664475
7689,0,Head,0.00809930000369,-0.500221,7.048955,1.3147875
7690,0,Head,0.0184857592259,-0.31537925,7.302335,1.12557
7691,0,Head,0.0175205184616,-0.317723333333,7.41102833333,1.21098333333
7692,0,Head,0.00909646488033,-0.210757,7.30366,1.149265
7693,0,Head,0.00689879812047,-0.16634575,7.300265,1.2149325
7694,0,Head,0.0105843440604,-0.212001,7.368085,1.20544
7695,0,Head,0.0127128251998,-0.30958575,7.1340175,1.3025675
7696,0,Head,0.0207145769855,-0.32214,7.062265,1.390585
7697,0,Head,0.0206636129199,-0.1959382,7.087546,1.447652
7698,0,Head,0.0132131314119,-0.2367915,7.45548,1.4267175
7699,0,Head,0.0102784868164,-0.18651425,7.2952025,1.305025
7700,0,Head,0.00710720127072,-0.20868125,7.3731675,1.2928825
7701,0,Head,0.0100095846927,0.31301225,7.1947,1.1372175
7702,0,Head,0.00903915721972,0.3111925,7.14772,1.2023225
7703,0,Head,0.00764958056073,0.38545175,7.179925,1.17892
7704,0,Head,0.00909646488033,0.210757,7.30366,1.149265
7705,0,Head,0.00689879812047,0.16634575,7.300265,1.2149325
7706,0,Head,0.0105843440604,0.212001,7.368085,1.20544
7707,0,Head,0.0184857592259,0.31537925,7.302335,1.12557
7708,0,Head,0.0127128251998,0.30958575,7.1340175,1.3025675
7709,0,Head,0.0207145769855,0.32214,7.062265,1.390585
7710,0,Head,0.0102784868164,0.18651425,7.2952025,1.305025
7711,0,Head,0.00710720127072,0.20868125,7.3731675,1.2928825
7712,0,Head,0.0236563913331,-0.5574212,7.706604,1.187642
7713,0,Head,0.0287879644734,-0.454893,7.964338,1.204302
7714,0,Head,0.0213186969972,-0.4913212,7.817842,1.236608
7715,0,Head,0.00720363523957,-0.4903765,7.5843175,1.3028225
7716,0,Head,0.0259564261676,-0.445256833333,7.696805,1.31884333333
7717,0,Head,0.0111919887054,-0.34133,7.5777975,1.4140125
7718,0,Head,0.0230398207136,-0.2039625,7.68435,1.46698
7719,0,Head,0.0277745754139,-0.3136092,7.958992,1.319922
7720,0,Head,0.0266375030887,-0.1936805,7.8206625,1.437045
7721,0,Head,0.0133418947779,-0.18311275,7.9466475,1.393
7722,0,Head,0.0111919887054,0.34133,7.5777975,1.4140125
7723,0,Head,0.0133418947779,0.18311275,7.9466475,1.393
7724,0,Head,0.0266375030887,0.1936805,7.8206625,1.437045
7725,0,Head,0.0279329737591,-0.206924,8.313414,1.061297
7726,0,Head,0.0271958013834,-0.204504,8.061502,1.313464
7727,0,Head,0.0104765291935,0.32569225,8.19867,1.1428625
7728,0,Head,0.0267697718233,0.337559833333,8.090105,1.22251
7729,0,Head,0.027926947256,0.206924,8.313414,1.061297
7730,0,Head,0.0271958648132,0.204504,8.061502,1.313464
7731,8,RShoulder,0.0138093773325,4.026616,2.453942,1.684534
7732,2,Chest,0.0215632791081,-0.44842125,3.30991,1.57521
7733,2,Chest,0.0151320453986,-0.18674675,3.1876725,1.612075
7734,2,Chest,0.0129580464258,-0.30556375,3.3057025,1.6035175
7735,2,Chest,0.0141498312898,-0.186881,3.305895,1.6097725
7736,2,Chest,0.0137761003935,0.30529375,3.188625,1.6054725
7737,2,Chest,0.0141498312898,0.186881,3.305895,1.6097725
7738,2,Chest,0.0129580464258,0.30556375,3.3057025,1.6035175
7739,2,Chest,0.0183842314524,-0.68783175,3.672935,1.5612875
7740,2,Chest,0.0232054744159,-0.81707975,3.8271675,1.5610425
7741,2,Chest,0.0187891146756,-0.6878415,3.83348,1.5772125
7742,2,Chest,0.0219107991608,0.55851,3.821605,1.56979
7743,2,Chest,0.0240083127942,0.81629275,3.6799525,1.5396075
7744,2,Chest,0.0187891146756,0.6878415,3.83348,1.5772125
7745,2,Chest,0.0232054744159,0.81707975,3.8271675,1.5610425
7746,16,RFoot,0.0220790656246,2.5632775,-7.429045,0.0814848925
7747,4,Pelvis,0.0104353417642,0.1261886,-0.44752725,0.0609722185
7748,4,Pelvis,0.0129899204105,0.0447856,-0.41771325,0.0601473975
7749,8,RShoulder,0.0262159390331,2.6313925,3.5003975,0.0660952375
7750,8,RShoulder,0.0307403888188,3.14488,3.0076375,0.56172375
7751,8,RShoulder,0.0136555022136,3.0300025,3.1121175,0.5721975
7752,8,RShoulder,0.0309509161398,3.6209925,3.4810575,0.55749525
7753,8,RShoulder,0.0312656433982,3.47923,3.6203,0.56391925
7754,2,Chest,0.0196389854219,2.5368775,4.045225,0.54191175
7755,0,Head,0.0133209027952,-0.4597805,6.67555,1.022748
7756,0,Head,0.0145079555705,0.074105575,7.093515,1.5074675
7757,13,LFoot,0.0176556326616,-2.550495,-7.5591425,-0.0781297075
7758,13,LFoot,0.0259543656679,-2.5501325,-7.428355,-0.0735751075
7759,13,LFoot,0.0156928830181,-2.4340875,-6.432065,-0.06490932575
7760,16,RFoot,0.015691288581,2.4340875,-6.4320675,-0.0649057815
7761,13,LFoot,0.0200441615692,-2.5648375,-7.5659925,0.0693290425
7762,12,LLeg,0.0156699877072,-2.058045,-5.445875,0.4376345
7763,15,RLeg,0.0156699877072,2.058045,-5.445875,0.4376345
7764,4,Pelvis,0.0104353417642,-0.1261886,-0.44752725,0.0609722185
7765,4,Pelvis,0.0129899204105,-0.0447856,-0.41771325,0.0601473975
7766,5,LShoulder,0.0262104289605,-2.6313925,3.5003975,0.0660952375
7767,5,LShoulder,0.0272306999437,-2.503315,3.63117,0.0677026675
7768,5,LShoulder,0.03031558731,-3.14488,3.0076375,0.56172375
7769,5,LShoulder,0.0136555022136,-3.0300025,3.1121175,0.5721975
7770,0,Head,0.025186049345,-0.46698125,6.66158,0.9353745
7771,0,Head,0.025186049345,0.46698125,6.66158,0.9353745
7772,13,LFoot,0.00172757612833,-2.1066,-8.0203575,1.3453875
7773,13,LFoot,0.00731648786145,-2.00822,-8.0197625,1.329915
7774,16,RFoot,0.00731648786145,2.00822,-8.0197625,1.329915
7775,16,RFoot,0.00172757612833,2.1066,-8.0203575,1.3453875
7776,16,RFoot,0.0180637794739,2.428382,-8.037648,1.273352
7777,13,LFoot,0.00567115341969,-2.40044,-7.9682475,1.316655
7778,13,LFoot,0.00611729689174,-2.005675,-7.976735,1.3281575
7779,16,RFoot,0.00611729689174,2.005675,-7.976735,1.3281575
7780,16,RFoot,0.0140739603339,2.087202,-7.91996,1.318106
7781,16,RFoot,0.00567115341969,2.40044,-7.9682475,1.316655
7782,2,Chest,0.0156898484907,0.073928985,1.5643725,1.43754
7783,5,LShoulder,0.018115501906,-3.913145,2.4696025,1.4356925
7784,8,RShoulder,0.018115501906,3.913145,2.4696025,1.4356925
7785,0,Head,0.0133209027952,0.4597805,6.67555,1.022748
7786,12,LLeg,0.0165598756671,-1.4398425,-3.306965,-0.31172475
7787,12,LLeg,0.0208132887544,-1.416444,-2.805172,-0.3212728
7788,12,LLeg,0.0166464973174,-1.431235,-2.9443775,-0.313151
7789,3,Back,0.00942775239809,-0.43729,3.5279625,-0.301327
7790,3,Back,0.0208040393717,-0.31485825,4.3048525,-0.451924
7791,6,LArm,0.0153228900396,-1.9389075,-0.7950975,0.56146775
7792,2,Chest,0.0150588679327,-1.2993725,2.2159925,0.5649485
7793,2,Chest,0.023317676536,2.6854425,4.0607225,0.56568525
7794,2,Chest,0.0208183889658,2.5516725,4.1844775,0.557123
7795,1,Neck,0.016252397552,-2.307315,4.559665,0.55696425
7796,1,Neck,0.011663526353,-1.839205,5.18747,0.6719585
7797,0,Head,0.0205983190892,0.208583475,6.1787925,0.6535515
7798,0,Head,0.0276773951856,-0.43859575,6.641225,0.691523
7799,13,LFoot,0.039839031305,-1.93749,-7.81108,1.18655
7800,8,RShoulder,0.0115892288635,3.5344775,2.71309,1.06439575
7801,8,RShoulder,0.0175756790048,4.160205,2.687365,1.172305
7802,8,RShoulder,0.0292130267295,4.21317,2.7077475,1.2983475
7803,12,LLeg,0.0150036162136,-1.06326425,-1.1950225,-0.55018925
7804,15,RLeg,0.0150036162136,1.06326425,-1.1950225,-0.55018925
7805,4,Pelvis,0.0151369185833,-0.2794425,0.43939625,-0.926741
7806,4,Pelvis,0.0151369185833,0.2794425,0.43939625,-0.926741
7807,13,LFoot,0.0150690593035,-2.5383,-7.30244,-0.06168796425
7808,13,LFoot,0.0192510741454,-2.064235,-6.2032925,-0.44209475
7809,13,LFoot,0.0218277874715,-1.7765775,-6.3222175,-0.0683635125
7810,16,RFoot,0.016973200767,2.06049,-6.21102,-0.4407795
7811,12,LLeg,0.0190078327076,-2.435235,-5.3141875,-0.07384440175
7812,12,LLeg,0.0173428343965,-2.4355375,-5.1872075,-0.0685901635
7813,15,RLeg,0.0190078327076,2.435235,-5.3141875,-0.07384440175
7814,15,RLeg,0.0173428343965,2.4355375,-5.1872075,-0.0685901635
7815,12,LLeg,0.0181950946457,-1.4312825,-3.06588,-0.3092515
7816,12,LLeg,0.0172449027334,-1.4385925,-3.1869025,-0.30827675
7817,15,RLeg,0.0165598756671,1.4398425,-3.306965,-0.31172475
7818,15,RLeg,0.0181950946457,1.4312825,-3.06588,-0.3092515
7819,15,RLeg,0.0172449027334,1.4385925,-3.1869025,-0.30827675
7820,15,RLeg,0.0208408294871,1.416444,-2.805172,-0.3212728
7821,15,RLeg,0.0166464973174,1.431235,-2.9443775,-0.313151
7822,3,Back,0.0138474095689,-0.18711825,2.8126875,-0.18670875
7823,3,Back,0.0204643990587,0.16812666,2.944142,-0.1891502
7824,3,Back,0.0138474095689,0.18711825,2.8126875,-0.18670875
7825,3,Back,0.00942775239809,0.43729,3.5279625,-0.301327
7826,3,Back,0.0208042237834,0.31485825,4.3048525,-0.451924
7827,1,Neck,0.0130451269162,-2.0837975,4.81161,-0.309713
7828,1,Neck,0.0220940803289,-1.948825,4.8162675,-0.339422
7829,1,Neck,0.0130451269162,2.0837975,4.81161,-0.309713
7830,16,RFoot,0.0148762926002,1.92358,-7.182905,0.057863985
7831,4,Pelvis,0.0214025156704,-0.6595835,-1.947915,0.18965375
7832,15,RLeg,0.01267137021,0.69113475,-2.0841425,0.18836225
7833,8,RShoulder,0.0207500844852,1.690365,0.81553475,0.442798
7834,5,LShoulder,0.0276846326985,-2.918555,3.29734,0.451302
7835,8,RShoulder,0.0289069170796,2.918555,3.29734,0.451302
7836,2,Chest,0.0131480832594,-1.30849,3.66671,0.438018
7837,2,Chest,0.020833279117,-1.334725,3.8027275,0.43450325
7838,3,Back,0.0111330707221,-3.032865,4.0888275,0.31404425
7839,0,Head,0.0134850213786,-0.73034025,7.205015,0.4489215
7840,0,Head,0.00960085117347,-0.70320025,7.1311575,0.44561625
7841,0,Head,0.00960085117347,0.70320025,7.1311575,0.44561625
7842,13,LFoot,0.0173531234139,-2.05732,-7.573755,0.85716925
7843,16,RFoot,0.0173531234139,2.05732,-7.573755,0.85716925
7844,12,LLeg,0.0133078804396,-1.9218,-1.436685,0.84486525
7845,15,RLeg,0.0133078804396,1.9218,-1.436685,0.84486525
7846,9,RArm,0.0153228900396,1.9389075,-0.7950975,0.56146775
7847,2,Chest,0.0241068100351,-1.22343,3.5612325,0.82981825
7848,2,Chest,0.024106618711,1.22343,3.5612325,0.82981825
7849,1,Neck,0.011663526353,1.839205,5.18747,0.6719585
7850,0,Head,0.0205983190892,-0.208583475,6.1787925,0.6535515
7851,0,Head,0.0186114878072,-0.30707025,6.3070625,0.60973975
7852,0,Head,0.0215303855512,-0.182240725,6.318165,0.6357875
7853,0,Head,0.0215303855512,0.182240725,6.318165,0.6357875
7854,0,Head,0.0186114878072,0.30707025,6.3070625,0.60973975
7855,0,Head,0.0298189167763,-0.4610845,6.652385,0.8145605
7856,0,Head,0.0276773951856,0.43859575,6.641225,0.691523
7857,0,Head,0.0298189167763,0.4610845,6.652385,0.8145605
7858,13,LFoot,0.00650993128486,-2.198775,-8.0199825,1.3367575
7859,16,RFoot,0.00650993128486,2.198775,-8.0199825,1.3367575
7860,16,RFoot,0.0166811763431,2.302332,-8.064924,1.2935
7861,16,RFoot,0.0396931635705,1.93749,-7.81108,1.18655
7862,16,RFoot,0.0263209195962,2.19627,-7.913505,1.3031975
7863,16,RFoot,0.0205248068741,2.324606,-7.924952,1.29639
7864,2,Chest,0.0172243702523,0.19084675,1.437765,1.4398575
7865,2,Chest,0.0157731176353,0.19939925,1.5650225,1.44042
7866,5,LShoulder,0.0166480058237,-4.061385,2.4598025,1.2835275
7867,8,RShoulder,0.0166480058237,4.061385,2.4598025,1.2835275
7868,5,LShoulder,0.0175756790048,-4.160205,2.687365,1.172305
7869,5,LShoulder,0.0204134310232,-4.2852725,2.56681,1.4109625
7870,5,LShoulder,0.026930534878,-3.6622425,2.6345575,1.066213
7871,5,LShoulder,0.0115892288635,-3.5344775,2.71309,1.06439575
7872,0,Head,0.00904790153167,-0.2662985,6.85658,1.1639425
7873,0,Head,0.0266947803404,-0.295235,6.88422,1.315825
7874,0,Head,0.0109794927793,-0.33584225,6.95689,1.4185825
7875,0,Head,0.00986563400244,-0.2124455,6.9693975,1.4665825
7876,0,Head,0.00904790153167,0.2662985,6.85658,1.1639425
7877,0,Head,0.0266947803404,0.295235,6.88422,1.315825
7878,0,Head,0.0109794927793,0.33584225,6.95689,1.4185825
7879,0,Head,0.0149480198321,-0.2171635,7.153325,1.3411525
7880,0,Head,0.0114409922925,-0.187462,7.21511,1.330305
7881,0,Head,0.0147922696587,-0.43576325,7.516615,1.3135075
7882,0,Head,0.0104393629882,-0.2672845,7.438575,1.3238575
7883,0,Head,0.0165058644874,-0.33755425,7.482205,1.33838
7884,0,Head,0.0149480198321,0.2171635,7.153325,1.3411525
7885,0,Head,0.0114409922925,0.187462,7.21511,1.330305
7886,0,Head,0.0147922696587,0.43576325,7.516615,1.3135075
7887,0,Head,0.0165058644874,0.33755425,7.482205,1.33838
7888,5,LShoulder,0.0153864451213,-4.1644975,2.41343,1.6945975
7889,8,RShoulder,0.0153864451213,4.1644975,2.41343,1.6945975
7890,5,LShoulder,0.0207562842433,-4.2989325,2.6042275,1.54547
7891,5,LShoulder,0.0179325630527,-4.261855,2.6008225,1.6786625
7892,5,LShoulder,0.0429259510022,-4.2898225,2.47222,1.5503225
7893,5,LShoulder,0.00739181240675,-4.2794,2.485885,1.70631
