/*--------------------------------*- C++ -*----------------------------------*\
  =========                 |
  \\      /  F ield         | OpenFOAM: The Open Source CFD Toolbox
   \\    /   O peration     | Website:  https://openfoam.org
    \\  /    A nd           | Version:  13
     \\/     M anipulation  |
\*---------------------------------------------------------------------------*/
FoamFile
{
    format      ascii;
    class       labelList;
    note        "nPoints:24040  nCells:19031  nFaces:60614  nInternalFaces:52720";
    location    "constant/polyMesh";
    object      neighbour;
}
// * * * * * * * * * * * * * * * * * * * * * * * * * * * * * * * * * * * * * //


52720
(
480
2872
2873
2874
486
506
2879
2880
496
515
2886
2887
2888
2906
2907
2908
591
600
2932
2933
2934
597
607
2940
2941
2942
438
604
614
2949
2950
2951
2956
2957
2958
444
611
627
2963
2964
2965
447
619
637
15392
15393
15394
641
2971
2972
449
628
651
2975
2976
2977
451
634
655
2982
2983
2984
642
665
2989
2990
2991
648
668
2995
2996
656
676
2999
3000
3001
662
679
3005
3030
3031
3032
743
764
3049
3050
3051
749
768
3056
3057
756
779
3062
3063
3064
784
3069
3070
769
794
3074
3075
3076
775
797
3081
3082
3083
458
785
816
3093
3094
3095
791
823
3100
3101
798
3105
3106
3107
462
804
834
15398
15399
15400
466
810
3111
3119
3120
3121
472
817
846
15405
15406
15407
476
824
3128
15413
15414
15415
835
3138
3139
3140
482
863
3112
15419
15420
15422
16100
16101
16104
487
841
3145
3147
15419
16121
16122
16125
18863
18866
18867
18868
492
847
3144
15426
15427
15428
498
3129
3151
15433
15434
15436
16149
16150
16153
502
853
871
873
4946
4947
4950
6877
6878
6881
6882
15433
864
3161
3162
3163
507
881
15420
15440
15441
15443
511
3145
3167
3168
3170
15440
16184
16185
16188
516
3152
3167
3174
3175
3177
5038
5039
5042
521
3174
15434
15447
15448
15450
525
871
889
5071
5072
5075
6922
6923
6926
6927
15447
16595
16596
16599
16600
528
895
901
904
5097
5098
5101
15441
16604
16605
16608
16616
16617
16620
16621
532
901
911
3168
5120
5121
5124
16630
16631
16634
16635
16637
16638
16641
16642
536
908
3175
15455
15456
15457
540
915
922
925
5161
5162
5165
15448
16651
16652
16655
16656
544
888
922
15462
15463
15464
902
3186
3187
909
937
3192
3193
3194
916
942
3199
3200
3201
923
947
3206
3207
3208
1044
1086
3246
3247
3248
1050
1093
3253
3254
3255
1056
1100
3260
3261
3262
1062
1107
3267
3268
3269
1068
1114
3274
3275
3276
1087
1136
3287
3288
3289
547
1094
1141
3294
3295
3296
1101
1147
3301
3302
3303
1108
1154
3308
3309
3310
1115
1161
3315
3316
3317
1121
1168
3322
3323
3324
1175
3329
3330
1155
1189
3339
3340
1169
1196
3348
3349
555
1242
1248
3365
3366
3367
559
1250
3371
3372
561
1245
1260
3375
3376
3377
565
1264
3381
3382
566
1251
3385
3386
3387
1257
1272
3391
3392
572
1265
1278
3395
3396
3397
576
1273
3402
3403
580
1276
1285
3406
584
1282
1289
3408
3409
3410
592
1288
1294
3418
3419
598
1292
1297
3423
3424
3425
605
1296
1300
3434
3435
3436
612
1299
1303
15469
15470
15471
621
1302
1306
15476
15477
15478
630
3446
3447
635
1305
1315
15483
15484
15485
644
1310
1321
1326
8964
8965
8968
8969
17031
17032
17035
17059
17060
17063
17064
17065
17068
17069
649
1313
1325
3454
3455
658
1316
1332
15490
15491
15492
663
1319
1334
15497
15498
15499
670
1326
1343
1346
9055
9056
9059
9071
9072
9075
9076
17085
17086
17089
17090
674
1331
1346
3459
3460
3461
681
1335
1356
1360
1361
9115
9116
9119
9141
9142
9145
9146
17080
17081
17084
685
1340
1360
3466
3467
3468
688
1347
1369
3473
3474
3475
692
1353
1370
15504
15505
15506
696
1361
1381
1387
1389
9235
9236
9239
9240
16422
16423
16426
17136
17137
17140
700
1367
1386
3483
3484
1371
3487
3488
3489
703
1377
1393
1399
1401
6054
6055
6058
9285
9286
9289
9290
17115
17116
17119
1382
3494
3495
3496
709
1387
1405
1414
6099
6100
6103
9338
9339
9342
9343
17176
17177
17180
17181
713
1399
1417
1424
1426
6143
6144
6147
17192
17193
17196
17204
17205
17208
17209
1423
3504
3505
719
1406
1433
15511
15512
15513
723
1413
1437
15518
15519
15520
727
1424
1449
3513
3514
3516
6261
6262
6265
17248
17249
17252
731
1430
3513
3521
3522
3523
735
1438
1458
3527
3528
3530
6309
6310
6313
9492
9493
9496
17227
17228
17231
739
1444
3527
15525
15526
15527
745
1467
3514
3540
3541
3543
17269
17270
17273
750
1455
3540
3548
3549
3550
758
1477
3528
3558
3559
3561
9589
9590
9593
16464
16465
16468
762
1462
3558
15532
15533
15534
771
1487
3541
15538
15539
15541
17318
17319
17322
776
1473
1494
1496
9656
9657
9660
9661
15538
16471
16472
16475
17283
17284
17287
1478
3570
3571
3572
787
1504
3559
15545
15546
15548
792
1482
15545
15553
15554
15555
800
1516
3580
3581
3583
15539
17353
17354
17357
806
1494
1522
1524
3580
17372
17373
17376
17377
811
1500
1521
3587
3588
819
1505
1531
15560
15561
15562
826
1535
3590
3591
3593
15546
830
1511
3590
15567
15568
15569
837
1546
3581
3599
3600
3602
9811
9812
9815
1522
3114
3599
15573
15574
15576
843
1528
15573
15581
15582
15583
1536
1555
3131
15587
15588
15590
17430
17431
17434
855
3591
3612
3613
3615
15587
859
1542
3612
3620
3621
3622
866
1564
1568
1569
1571
3600
9892
9893
9896
16562
16563
16566
1568
3626
3627
3629
15422
15574
1550
3147
3626
15594
15595
15597
1556
3154
15594
15601
15602
15604
17437
17438
17441
3633
3634
3636
15436
15588
15601
873
1575
1578
3613
3633
9925
9926
9929
9930
877
1561
1575
3641
3642
3643
883
1569
1585
15609
15610
15611
1589
3627
3647
3648
3650
9976
9977
9980
15443
3170
3647
15595
18926
18927
18929
3177
15602
18926
18933
18934
18936
3634
3654
3655
3657
15450
18933
889
1576
3654
3662
3663
3664
893
1582
1596
3669
3670
897
1590
1606
15616
15617
15618
904
1609
3648
15622
15623
15625
911
15622
15629
15630
15632
18927
918
15629
15636
15637
15639
18934
925
3655
15636
15643
15644
15646
930
1597
1617
1619
15643
17505
17506
17509
17510
1603
1616
3673
3674
934
1610
3677
3678
3679
938
1626
3683
3684
3686
15623
16674
16675
16678
943
3683
15630
15650
15651
15653
948
15637
15650
15657
15658
15660
953
3690
3691
3693
15644
15657
957
1617
1633
3690
7119
7120
7123
10050
10051
10054
10055
15304
15305
15308
15309
960
1637
3684
3698
3699
3700
963
1640
3704
3705
3707
7147
7148
7151
15651
17542
17543
17546
967
3704
3711
3712
3714
7176
7177
7180
15658
971
3691
3711
15665
15666
15667
1632
1646
3719
3720
3721
976
1656
3705
15672
15673
15674
980
1662
3712
15679
15680
15681
984
1647
1669
3731
3732
3733
3740
3741
3742
991
1663
1694
1701
1702
1704
7278
7279
7282
17591
17592
17595
17647
17648
17651
995
1670
1701
1708
1709
1711
7306
7307
7310
17612
17613
17616
999
1676
1708
15686
15687
15688
1005
1689
1733
15693
15694
15695
1011
1695
1744
15699
15700
15701
1015
1702
3753
3760
3761
3763
7420
7421
7424
1019
1709
3760
3767
3768
3770
7451
7452
7455
1023
1716
3767
3775
3777
7476
7477
7480
17668
17669
17672
18870
18873
18874
18876
1027
1722
3774
3782
3783
3784
1033
1727
1752
3795
3796
3797
1738
3802
3803
1036
1743
1762
15707
15708
15709
1046
1773
3754
15713
15714
15716
16737
16738
16741
17738
17739
17742
1052
3761
15713
15720
15721
15723
16758
16759
16762
1058
3768
15720
15727
15728
15730
16779
16780
16783
1064
3775
15727
15734
15735
15737
16800
16801
16804
1069
1748
15734
15742
15743
15744
1076
1753
1783
15749
15750
15751
1079
1767
1794
15756
15757
15758
1082
1772
1796
3820
3821
3822
1089
1774
1802
15762
15763
15764
1096
3826
15714
15769
15770
15772
1103
15721
15769
15776
15777
15779
1110
15728
15776
15783
15784
15786
1117
15735
15783
15790
15791
15793
1123
1778
3834
3836
15790
18877
18880
18881
18883
1127
3833
3841
3842
3843
1131
1784
1807
18941
18942
18943
1134
1790
1812
3846
3847
1137
1803
1819
18948
18949
18950
1143
1822
1829
1832
3827
10847
10848
10851
18982
18983
18986
18987
1150
1829
1836
1839
15770
17841
17842
17845
17846
1157
1836
15283
15284
15286
15777
1164
15283
15290
15291
15293
15784
1171
1843
1844
1846
15290
15791
1177
1843
1850
1853
3834
17869
17870
17873
17874
1181
1808
1850
3852
3853
3854
1185
1813
1857
3859
3860
3861
1823
3865
3866
1187
1830
1866
3869
3870
3871
1190
1837
1868
3876
3877
3878
1192
1871
15284
15798
15799
15800
1197
1874
1881
1883
15291
16947
16948
16951
17918
17919
17922
17923
1201
1844
1880
3882
3883
3884
1203
1851
1886
3888
3889
3890
1205
1858
1889
3894
3895
3896
1206
1875
3901
3902
3903
1209
1881
1894
15805
15806
15807
1895
3908
3909
3910
1215
1901
1907
3915
3916
3917
1219
1908
3922
3923
3924
1223
1915
1925
1933
1935
8337
8338
8341
11181
11182
11185
11186
17969
17970
17973
1229
1926
1942
15812
15813
15814
1233
1933
1946
1954
1956
16989
16990
16993
18016
18017
18020
18021
1237
1939
1953
3932
3933
1238
1947
1963
3937
3938
3939
1240
1954
1965
15819
15820
15821
1960
1969
3943
1253
1974
1980
3951
3952
3953
1258
1982
3957
3958
1267
1989
3961
3962
3963
1271
1992
3948
3967
3968
1284
1993
3971
1373
1999
3978
1379
2001
2005
3982
3983
3984
1389
2003
2008
3989
3990
3991
1401
2007
2012
4000
4001
4002
1414
2011
2016
4012
4013
4014
1426
2014
2020
15826
15827
15828
1431
2024
4023
1440
2017
2029
4025
4026
4027
1445
2019
2031
15833
15834
15835
1451
2021
4032
4033
2025
2038
2044
3516
11760
11761
11764
11765
18081
18082
18085
18086
18087
18090
18091
1456
2028
2043
4036
4037
2032
2051
3530
15840
15841
15842
1463
2035
2053
15847
15848
15849
1469
2039
4041
4042
4043
2044
2065
2070
2071
3543
11897
11898
11901
11902
1475
2050
2070
4048
4049
4050
2054
2079
2082
2083
3561
11946
11947
11950
11969
11970
11973
11974
18102
18103
18106
1483
2061
2082
2090
11997
11998
12001
12002
12011
12012
12015
12016
1489
2066
4056
4057
4058
2071
2094
2099
2100
12062
12063
12066
12067
15541
1496
2077
2099
15854
15855
15856
2083
2110
2115
2116
12139
12140
12143
12144
15548
18109
18110
18113
1512
2090
2115
2123
12167
12168
12171
12172
12181
12182
12185
12186
1518
2095
4068
4069
2100
2127
2131
2132
3583
18116
18117
18120
18128
18129
18132
18133
1524
2106
2131
2139
12249
12250
12253
12254
12256
12257
12260
12261
1529
2138
4072
1538
2111
2145
4075
4076
4077
2116
2147
2153
2154
3593
12324
12325
12328
12329
1543
2123
2153
15861
15862
15863
2132
2164
2168
2169
3602
12377
12378
12381
12403
12404
12407
12408
2139
2168
2175
2176
12417
12418
12421
12422
15576
1552
2144
2175
4086
4087
4088
2148
2186
2191
2192
12464
12465
12468
12489
12490
12493
12494
15590
18144
18145
18148
2154
2191
2198
2199
3615
18205
18206
18209
18210
1562
2161
2198
4097
4098
4099
1571
2169
2208
2211
12551
12552
12555
12568
12569
12572
12573
18219
18220
18223
18224
2176
2211
2218
2219
3629
18240
18241
18244
18245
2182
2218
4103
4104
15597
18884
18887
18888
18890
2187
4103
4110
4111
4113
15604
18193
18194
18197
2192
2225
2226
3636
4110
12589
12590
12593
12594
1578
2199
2225
2232
2233
18289
18290
18293
18294
1583
2205
2232
4118
4119
4120
1592
2212
2241
15868
15869
15870
2219
2243
2250
2251
3650
18317
18318
18321
18322
2250
4104
4124
4125
4127
18929
4111
4124
4131
4132
4134
18936
2226
2257
2258
2260
3657
4131
1599
2233
2257
2265
18345
18346
18349
18350
18359
18360
18363
18364
1604
2239
2264
4138
4139
4140
1612
2244
2272
15875
15876
15877
2251
2274
4142
4143
15625
18898
18901
18902
18904
4125
4142
15632
15881
15882
15884
4132
15639
15881
15888
15889
15891
2258
4149
4150
4152
15646
15888
1619
2265
2281
4149
12728
12729
12732
12733
18366
18367
18370
18371
1623
2271
2280
4156
4157
1628
2275
2287
4160
4161
4162
2288
3686
4143
4166
4167
4169
4166
15653
15882
15895
15896
15898
15660
15889
15895
15902
15903
15905
3693
4150
4173
4174
4176
15902
1633
2281
4173
12785
12786
12789
12790
12798
12799
12802
12803
18380
18381
18384
18385
1636
2286
2292
1642
2296
4167
4182
4183
4185
12823
12824
12827
3707
4182
15896
15909
15910
15912
3714
15903
15909
15916
15917
15919
1648
4174
4189
4190
4192
15916
1652
2293
4189
4197
4198
4199
1658
2308
2312
2315
4183
10155
10156
10159
12906
12907
12910
18387
18388
18391
18392
1665
2312
15910
15923
15924
15926
1672
15917
15923
15930
15931
15933
1677
2319
2320
2322
4190
15930
1681
2300
2319
4204
4205
4206
1686
2306
2334
15938
15939
15940
1697
2313
2341
15945
15946
15947
1704
2345
15924
15951
15952
15954
1711
15931
15951
15958
15959
15961
1718
2320
2353
2355
15958
18443
18444
18447
18448
1723
2326
2352
4213
4214
1731
2331
2362
4225
4226
4227
1735
2338
4231
4232
2346
2370
3756
4235
4236
13110
13111
13114
18912
18915
18916
18918
3763
4235
15952
15965
15966
15968
3770
15959
15965
15972
15973
15975
2353
3777
4242
4243
4245
15972
1749
2359
4242
4250
4251
4252
1759
2363
4256
4257
2378
4236
4262
4263
4265
13163
13164
13167
15716
4262
4269
4270
4272
15723
15966
4269
4276
4277
4279
15730
15973
4243
4276
4283
4284
4286
15737
1780
2374
4283
4291
4292
4293
3829
4298
4299
2388
2393
2394
2396
4263
15772
18487
18488
18491
2393
2400
2401
2403
4270
15779
2400
2407
2408
4277
15786
18513
18514
18517
18518
2407
2414
2415
2417
4284
15793
2382
2414
3836
15980
15981
15982
1825
2386
2429
4303
4304
1832
2389
2430
15987
15988
15989
1839
2394
2433
2437
13358
13359
13362
13363
13372
13373
13376
13377
18536
18537
18540
2401
2437
2442
13390
13391
13394
13395
15286
15325
15326
15329
15330
2408
2442
2447
13411
13412
13415
13416
15293
15339
15340
15343
15344
1846
2415
2447
2452
13432
13433
13436
13437
13446
13447
13450
13451
1853
2422
2452
15994
15995
15996
1860
2426
2457
4307
4308
4309
1865
2428
2461
4313
1869
2434
2464
4314
1877
2443
4315
1883
2448
2466
4319
4320
4321
1890
2458
4325
1893
2462
2470
4326
1903
2469
2471
4329
4330
4331
1910
4334
4335
1917
2473
2476
4338
4339
1928
2477
2486
16001
16002
16003
1935
2481
2490
16008
16009
16010
1940
2484
2497
4343
4344
1949
2491
2507
2511
2512
13655
13656
13659
18604
18605
18608
18609
1956
2498
2511
2518
2519
2521
1961
2504
2518
4349
4350
4351
1966
2512
2528
16015
16016
16017
1970
2519
2530
13723
13724
13727
13728
18639
18640
18643
18644
18646
18647
18650
18651
1973
2525
2534
4355
4356
1985
2539
2545
4360
4361
1988
2541
2546
4364
4365
1995
2543
2547
4368
4369
4370
1997
2548
4359
4374
2073
2550
2553
4375
4376
2092
2552
2556
4379
2102
2555
2559
4381
4382
2125
2558
2563
4386
4387
2134
2561
2567
4389
4390
2141
2569
4392
2156
2564
2573
4393
4394
2162
2566
2575
4396
4397
2171
2570
2579
4398
4399
2178
2572
2580
4401
4402
2201
2576
2589
4405
4406
2206
2578
2592
2221
2583
2595
4410
4411
2585
2597
4106
4414
4415
2587
2600
4113
4418
4419
4420
2228
2590
2603
4424
4425
2235
2593
2606
4427
4428
2253
2598
2610
4433
4434
2601
2612
4127
4437
4438
4439
2604
2615
4134
4444
4445
4446
2260
2607
2618
4451
4452
4453
2267
2609
2621
4457
4458
2613
2625
4145
4461
4462
2616
2627
15884
16022
16023
16024
2619
2630
15891
16029
16030
16031
2622
2634
4152
4466
4467
4468
2283
2624
2637
4472
4473
2628
2641
4169
4476
4477
4478
2631
2643
15898
16036
16037
16038
2635
2646
15905
16043
16044
16045
2638
2650
4176
4483
4484
4485
2294
2640
2653
4489
4490
2644
2658
4185
4493
4494
4495
2647
2660
15912
16050
16051
16052
2651
2663
15919
16057
16058
16059
2654
2668
4192
4500
4501
4502
2301
2656
2673
4506
2315
2661
2684
4514
4515
4516
2664
2686
2691
2692
14469
14470
14473
14474
15926
18760
18761
18764
18788
18789
18792
2669
2691
2698
2699
14497
14498
14501
14502
15933
2322
2674
2698
16064
16065
16066
2327
2676
2705
4520
2336
2680
4526
4527
2340
2683
2717
2348
2687
2718
4531
4532
4533
2692
2720
2725
2726
14640
14641
14644
14645
15954
2699
2725
2732
2733
14668
14669
14672
14673
15961
2355
2706
2732
2740
14696
14697
14700
14701
14710
14711
14714
14715
2360
2710
2739
4537
2367
2712
2745
4538
4539
2721
2747
4238
4543
4544
4545
2726
2749
2755
2756
14771
14772
14775
14776
15968
2733
2755
2762
2763
14799
14800
14803
14804
15975
2740
2762
2770
4245
14827
14828
14831
14832
14834
14835
14838
14839
2375
2744
2769
4549
4550
2750
2776
4265
16071
16072
16073
2756
2778
4272
16078
16079
16080
2763
2783
4279
16085
16086
16087
2770
2787
4286
14968
14969
14972
14973
14982
14983
14986
14987
18816
18817
18820
18821
18822
18825
18826
2383
2775
2791
4552
4553
4554
2396
2779
2797
4558
4559
4560
2403
2784
2798
4565
4566
4567
2410
2788
2801
4571
4572
4573
2417
2792
2803
4577
4578
4579
2424
2796
2805
4583
4584
4585
2493
2809
2814
4588
4589
4590
2500
2816
4595
4596
4597
2505
2813
2821
4601
4602
2514
2817
2827
4605
4606
4607
2521
2822
2829
16092
16093
16094
2526
2826
2833
4611
4612
2532
2830
4614
4615
2536
2834
2838
4619
4620
4621
2682
2842
4625
2716
2841
2845
4627
4628
4629
2728
4633
4634
2735
2844
2846
4636
4637
438
604
4642
441
608
4643
438
614
4644
439
446
615
4645
4646
4647
447
619
4651
4652
448
620
4654
4655
444
627
4659
4660
449
628
4662
4663
445
450
629
4665
4666
4668
451
634
4669
447
637
4670
4671
4672
641
4674
4675
4683
4684
451
655
4686
4687
4695
454
770
4696
458
785
4697
797
4698
4699
456
460
799
4701
4702
462
804
4705
4706
459
473
818
4711
4712
4714
4715
476
824
4717
4718
462
834
4721
4722
464
478
836
4728
4729
4730
4741
4742
466
3111
4746
4747
482
3112
4751
4752
4753
467
483
3113
4758
4759
4760
4765
487
841
4768
4769
4770
488
842
4774
472
846
4778
492
847
4780
474
493
848
4784
4785
4786
4797
4798
476
3128
4802
4803
498
3129
4807
4808
4809
477
499
3130
4814
4815
4816
4820
4821
502
853
4826
4827
4828
482
863
4842
4843
4844
484
504
865
4853
4854
4855
4866
4867
486
506
4872
4873
4874
16099
16100
16101
487
15419
16106
16107
16108
507
15420
16113
16114
16115
489
508
4871
4874
4876
4877
15421
16105
16108
16110
16111
16112
16115
16117
16118
16127
16128
16130
4880
4881
16120
16121
16122
492
3144
4887
4888
511
3145
16127
16128
16129
494
512
3146
4893
4894
4895
496
515
4907
4908
4912
4913
498
3151
16134
16135
16136
516
3152
4918
4919
4920
500
517
3153
16141
16142
16143
4930
4931
4932
520
4937
4938
16148
16149
16150
502
15433
16155
16156
16157
521
4929
4932
4934
4935
15434
16141
16142
16144
16147
16150
16152
16153
16161
16164
16166
16167
503
522
15435
16162
16163
16164
4945
4946
4947
525
871
4955
4956
4957
507
881
4973
4974
4975
509
527
882
4982
4983
4984
4989
4990
4991
508
2871
2874
2876
2877
4973
4975
4977
16113
16115
16117
16168
16170
16172
16174
511
4988
4991
4993
4994
15440
16175
16177
16179
16181
16183
16185
16187
528
15441
16169
16170
16171
513
529
15442
16176
16177
16178
16183
16184
16185
516
3167
5013
5014
5015
532
3168
16190
16191
16192
518
533
3169
5020
5021
5022
5027
5028
5037
5038
5039
521
3174
16197
16198
16199
536
3175
5044
5045
5046
523
537
3176
16204
16205
16206
5051
5052
5053
522
2885
2888
2890
2891
16197
16199
16201
16210
16212
16214
16216
525
5050
5053
5055
5056
5070
5072
5074
15447
16162
16164
16166
16217
16219
16221
16223
540
15448
16211
16212
16213
526
541
15449
16218
16219
16220
5070
5071
5072
544
888
5080
5081
5082
528
895
5088
5089
5090
5096
5097
5098
532
901
5103
5104
5105
902
5110
5111
534
903
5114
5115
5119
5120
5121
536
908
5126
5127
5128
909
5131
5132
538
910
5134
5135
5139
5140
5141
540
915
5145
5146
5147
916
5151
5152
542
917
5154
5155
5160
5161
5162
544
922
5167
5168
5169
923
5174
5175
924
5179
5180
5182
5183
5184
547
1094
5187
5188
548
1116
5190
5191
5193
1168
5194
555
1242
5201
5202
556
1243
5204
5205
561
1245
5213
5214
562
1246
5216
5217
555
1248
5219
5220
5223
5224
5225
5240
5241
5242
559
1250
5247
5248
5249
566
1251
5254
5255
5256
567
1252
5261
5262
5263
5267
5268
561
1260
5271
5272
5292
5293
5294
565
1264
5299
5300
5301
572
1265
5306
5307
5308
573
1266
5313
5314
5315
5319
5320
5329
5330
5331
1272
5336
5337
5338
576
1273
5343
5344
5345
570
577
1274
5350
5351
5352
580
1276
574
582
1279
5363
5364
5365
1281
5370
5371
5372
584
1282
5377
5378
5379
585
1283
5384
5385
5386
5400
5401
580
1285
5405
5406
5407
1286
5412
5413
581
589
1287
16225
16226
16227
5416
592
1288
5418
5419
584
1289
5421
586
595
1290
5423
5424
5435
5436
5437
1291
5442
5443
598
1292
16232
16233
16234
1293
5447
5448
591
600
5458
592
1294
16239
16240
16241
593
602
1295
16246
16247
16248
5469
5473
5474
605
1296
5478
5479
5480
597
607
5487
598
1297
5491
5492
599
609
1298
5496
5497
5498
5505
5506
16253
16254
16255
612
1299
16260
16261
16262
5520
5521
5522
604
614
5529
5530
5531
605
1300
16267
16268
16269
606
616
1301
16274
16275
16276
5545
5546
5547
5557
5558
5559
621
1302
16281
16282
16283
5573
5574
5575
611
627
5585
5586
5587
612
1303
5596
5597
5598
613
631
1304
16288
16289
16290
5610
5611
5612
16295
16296
16297
635
1305
16302
16303
16304
5627
5628
5629
619
637
5636
5637
5638
621
1306
16309
16310
16311
623
639
1307
16316
16317
16318
5651
5652
5653
16323
16324
16325
641
5658
5659
5660
18955
18956
18957
1309
5665
5666
5667
644
1310
5671
5674
5676
5677
16316
16317
16319
16322
16325
16327
16328
17030
17031
17033
18954
18957
18959
18960
625
645
1311
5672
5673
5674
649
1313
5680
5681
632
653
1314
5685
5686
5689
5690
5691
5696
5697
5698
634
655
16330
16331
16332
5703
5704
5705
635
1315
18962
18963
18964
658
1316
5710
5711
5712
636
659
1317
5709
5712
5714
5715
16329
16332
16334
16335
16344
16345
16347
17044
17045
17047
18961
18964
18966
18967
5719
5720
5721
16337
16338
16339
663
1319
16344
16345
16346
5736
5737
5738
642
665
5744
5745
644
1321
16351
16352
16353
646
666
1322
16358
16359
16360
5758
5759
5760
5765
5766
5767
648
668
5772
5773
5774
646
15391
15394
15396
15397
16351
16353
16355
16364
16366
16368
16370
649
1325
16365
16366
16367
647
670
1326
5764
5767
5769
5770
16358
16359
16361
650
671
1327
5771
5774
5776
5777
5785
5786
5788
16364
16367
16369
16370
17072
17073
17075
5778
5779
5781
5782
674
1331
5785
5786
5787
5791
5792
656
676
5794
5795
658
1332
5797
5798
660
677
1333
5801
5802
5803
16372
16373
16374
5808
5809
5810
662
679
5815
5816
5817
16379
16380
16381
661
663
1334
16371
16374
16376
16377
16378
16380
16382
16384
16386
16388
16390
661
681
1335
5801
5802
5804
5807
5810
5812
5813
16378
16381
16383
16384
17079
17080
17082
664
682
1336
5814
5817
5819
5820
16393
16394
16396
5824
5825
16386
16387
16388
685
1340
16393
16394
16395
5838
670
1343
5844
5845
5846
672
687
1344
5850
5851
5855
5856
5857
5867
5868
5869
671
2988
2991
2993
2994
5844
5846
5848
16399
16401
16403
16405
673
674
1346
5854
5857
5859
5860
5876
5878
5880
688
1347
16400
16401
16402
675
689
1348
5866
5869
5871
5872
5883
5884
5886
16399
16402
16404
16405
16414
16415
16417
5876
5877
5878
692
1353
5883
5884
5885
5889
5890
681
1356
5895
5896
5897
683
694
1357
5902
5903
5904
5909
5910
5911
5916
5917
5918
682
683
2998
3001
3003
3004
5895
5897
5899
685
1360
5908
5911
5913
5914
5929
5931
5933
16406
16408
16410
16412
696
1361
5902
5903
5905
5915
5918
5920
5921
16406
16409
16411
16412
16421
16422
16424
686
697
1362
16407
16408
16409
5929
5930
5931
700
1367
5936
5937
688
1369
5948
5949
5950
692
1370
16414
16415
16416
1371
5955
5956
693
701
1372
5960
5961
5962
5969
5970
5971
703
1377
5978
5979
5980
696
1381
5993
5994
5995
698
706
1383
6002
6003
6004
16421
16422
16423
700
1386
6014
6015
6016
709
1387
6021
6022
6023
1388
6028
6029
703
1393
6037
6038
6039
704
711
1394
6046
6047
6048
6053
6054
6055
713
1399
6063
6064
6065
714
1400
6070
6071
709
1405
6079
6080
6081
719
1406
6086
6087
710
720
1407
6091
6092
6093
6098
6099
6100
723
1413
6108
6109
6110
713
1417
6122
6123
6124
715
725
1418
6131
6132
6133
6142
6143
6144
1423
6149
6150
727
1424
6155
6156
6157
717
728
1425
6162
6163
6164
731
1430
6169
6170
721
733
1434
6172
6173
6180
6181
723
1437
6186
6187
6188
735
1438
6193
6194
6195
724
736
1439
6200
6201
6202
6209
6210
6211
739
1444
6218
6219
6220
727
1449
6233
6234
6235
729
741
1450
6242
6243
6244
6260
6261
6262
731
3513
6267
6268
6269
745
3514
16428
16429
16430
732
746
3515
16435
16436
16437
6274
6275
6276
750
1455
6279
6280
6281
735
1458
6285
6286
6287
737
753
1459
6290
6291
6292
6308
6309
6310
739
3527
6315
6316
6317
758
3528
16442
16443
16444
740
759
3529
16449
16450
16451
6324
6325
6326
762
1462
6333
6334
6335
745
1467
6352
6353
6354
747
766
1468
6362
6363
6364
6376
6377
6378
749
768
6383
6384
6385
747
3029
3032
3034
3035
6352
6354
6356
16428
16430
16432
16455
16457
16459
16461
750
3540
16456
16457
16458
748
771
3541
6362
6363
6365
6375
6378
6380
6381
751
772
3542
6382
6385
6387
6388
6402
6403
6405
16455
16458
16460
16461
6390
6394
6395
6396
776
1473
6402
6403
6404
756
779
6414
758
1477
6419
6420
6421
760
781
1479
6429
6430
6431
6436
6437
6438
6443
6444
6445
784
6450
6451
6452
16463
16464
16465
761
762
3558
6435
6438
6440
6441
6461
6463
6465
16449
16451
16453
16462
16464
16466
16468
761
787
3559
6429
6430
6432
6442
6445
6447
6448
16462
16465
16467
16468
763
788
3560
6449
6452
6454
6455
6471
6472
6474
6461
6462
6463
792
1482
6471
6472
6473
6481
6482
769
794
6486
6487
771
1487
6493
6494
6495
773
795
1488
6502
6503
6504
6509
6510
6511
6516
6517
6518
775
797
6523
6524
6525
772
773
3048
3051
3053
3054
6493
6495
6497
774
776
6508
6511
6513
6514
15538
16470
16472
16474
774
800
6502
6503
6505
6515
6518
6520
6521
15539
777
801
6522
6525
6527
6528
15540
16477
16478
16480
6531
6532
6533
16470
16471
16472
806
1494
16477
16478
16479
807
1495
6545
6546
6547
6551
6552
785
816
6558
6559
6560
787
1504
16484
16485
16486
819
1505
6570
6571
6572
789
820
1506
16491
16492
16493
6576
6577
6578
6583
6584
6585
791
823
6590
6591
6592
788
789
3061
3064
3066
3067
16484
16486
16488
790
792
6575
6578
6580
6581
6602
6604
6606
15545
790
826
6582
6585
6587
6588
15546
16491
16492
16494
793
827
6589
6592
6594
6595
6611
6612
6614
15547
6597
6598
6602
6603
6604
830
1511
6611
6612
6613
6620
6621
800
1516
6629
6630
6631
802
832
1517
6636
6637
6638
6643
6644
6645
6650
6651
6652
804
834
6657
6658
6659
801
802
3073
3076
3078
3079
6629
6631
6633
803
806
3580
6642
6645
6647
6648
803
837
3581
6636
6637
6639
6649
6652
6654
6655
808
838
3582
6656
6659
6661
6662
6669
6670
6671
810
3111
6676
6677
6678
808
3080
3083
3085
3086
6682
6684
6686
6688
16477
16479
16481
811
1521
6683
6684
6685
1522
3114
6668
6671
6673
6674
16497
16500
16502
16503
812
1523
3115
16498
16499
16500
6689
6692
843
1528
6693
6694
6695
817
846
6698
819
1531
6701
821
849
1532
6702
6703
6704
6708
6709
6710
6715
6716
6717
824
3128
6722
6723
6724
6729
6730
6731
822
826
1535
6707
6710
6712
6713
6728
6730
6732
6734
16491
16493
16495
1536
3131
16505
16506
16507
828
1537
3132
6721
6724
6726
6727
16504
16507
16509
16510
6736
6737
6738
6743
6744
6745
852
6750
6751
6752
827
828
3092
3095
3097
3098
829
830
3590
6735
6738
6740
6741
6759
6761
6763
829
855
3591
6742
6745
6747
6748
831
856
3592
6749
6752
6754
6755
6768
6769
6771
6759
6760
6761
859
1542
6768
6769
6770
837
1546
6779
6780
6781
839
861
1547
6785
6786
6787
16512
16513
16514
6791
6792
6793
840
863
3112
4729
4730
4733
6790
6792
6794
6796
16511
16513
16515
16517
838
3104
3107
3109
3110
6779
6781
6783
16518
16520
16522
16524
840
3114
3599
16511
16514
16516
16517
866
3600
16519
16520
16521
867
3116
3601
16518
16521
16523
16524
844
3113
3118
3120
3122
3124
4769
4770
4773
6800
6802
6804
6806
847
3144
6801
6802
6803
3115
16526
16527
16528
1550
3117
3147
16525
16528
16530
16531
16532
16535
16537
16538
850
1551
3148
16533
16534
16535
6814
6815
6816
6821
6822
6823
851
3129
3151
4785
4786
4789
6813
6815
6817
6819
6820
6822
6824
6826
1555
3131
16540
16541
16542
1556
3154
16547
16548
16549
1557
3133
3155
16539
16542
16544
16545
16546
16549
16551
16552
6834
6835
6836
857
3130
4827
4828
4831
6840
6842
6844
6846
15412
15414
15416
15418
870
6841
6842
6843
856
857
3132
15412
15415
15417
15418
859
3612
6833
6836
6838
6839
6850
6852
6854
16553
16555
16557
16559
873
3134
3613
16553
16556
16558
16559
860
874
3614
16554
16555
16556
6850
6851
6852
877
1561
6856
6857
6858
866
1564
6863
6864
6865
868
879
1565
6867
6868
865
867
3137
3138
3141
3142
4843
4844
4847
6871
6872
6873
869
881
4854
4855
4858
6870
6872
6874
6876
15420
16561
16562
16563
869
1568
15422
16560
16562
16564
16566
883
1569
16568
16569
16570
884
1570
9919
9920
9922
15424
16567
16570
16572
16573
6878
6879
6880
875
4956
4957
4960
6884
6886
6888
6890
15435
887
6885
6886
6887
875
15437
16574
16576
16578
16580
877
1575
16575
16576
16577
889
1576
9926
9927
9929
15439
16581
16584
16586
16587
878
890
1577
16582
16583
16584
6891
6892
6893
893
1582
6895
6896
883
1585
6898
6899
885
1586
6901
884
3160
3161
3164
3165
4974
4975
4978
16588
16589
16592
16593
895
15441
16589
16590
16591
6909
6910
6911
886
1589
6908
6910
6912
6914
9975
9976
9978
15443
897
1590
6916
6917
6918
898
1591
6915
6918
6920
6921
15445
16588
16591
16593
16594
6923
6924
6925
15449
16596
16597
16598
891
3662
3663
3665
6935
6937
6939
6941
15451
893
1596
6936
6937
6938
930
1597
6942
6945
6947
6948
15453
16595
16598
16600
16601
894
931
1598
6943
6944
6945
6949
6950
1603
6952
16603
16604
16605
902
6956
6957
6958
6963
6964
6965
904
1609
6962
6964
6966
6968
16602
16605
16607
16608
16609
16611
16613
16615
934
1610
6970
6971
906
935
1611
16610
16611
16612
905
5104
5105
5108
15442
16623
16624
16627
16628
16617
16618
16619
909
937
16624
16625
16626
905
906
15445
907
911
15446
15622
907
938
15623
16610
16611
16613
16616
16619
16621
16622
16673
16674
16676
913
939
15624
16623
16626
16628
16629
3169
16631
16632
16633
16638
16639
16640
916
942
6976
6977
6978
912
913
3172
914
918
3173
15629
16630
16633
16635
16636
914
943
15630
16637
16640
16642
16643
920
944
6975
6978
6980
6981
15631
919
3176
5146
5147
5150
15454
15455
15458
15459
16644
16645
16648
16649
6983
6984
6985
923
947
16645
16646
16647
919
920
3179
15454
15457
15459
15460
921
925
3180
15636
921
948
6982
6985
6987
6988
15637
927
949
15638
16644
16647
16649
16650
926
5168
5169
5172
15449
15463
15464
15467
16658
16659
16662
16663
16652
16653
16654
929
952
16659
16660
16661
926
927
15452
928
930
15453
15643
928
953
15644
16651
16654
16656
16657
932
954
15645
16658
16661
16663
16664
16666
16667
16669
16708
16709
16711
6994
6995
6996
7002
7004
7006
7008
15461
15464
15466
15467
16665
16667
16669
16671
1616
7003
7004
7005
957
1617
16666
16667
16668
958
1618
7010
7011
7018
938
1626
7022
7023
7024
940
1627
7030
7031
7035
7036
7037
16673
16674
16675
943
3683
7034
7037
7039
7040
7054
7056
7058
7060
16672
16674
16676
16678
960
3684
7048
7049
7050
945
961
3685
7055
7056
7057
7062
7063
7064
944
3191
3194
3196
3197
16679
16681
16683
16685
948
7061
7064
7066
7067
15650
16686
16688
16690
16692
963
15651
16680
16681
16682
950
964
15652
16687
16688
16689
7077
7078
7079
949
3198
3201
3203
3204
16693
16695
16697
16699
953
7076
7079
7081
7082
15657
16700
16702
16704
16706
967
15658
16694
16695
16696
955
968
15659
16701
16702
16703
7092
7093
3205
3208
3210
3211
7103
7105
7107
7109
16707
16709
16711
16713
957
3690
16708
16709
16710
971
3691
7104
7105
7106
959
972
3692
7111
7112
7113
7118
7119
7120
1631
7124
1632
7128
7129
7133
963
1640
7135
7136
7137
965
974
1641
7141
7142
7146
7147
7148
967
3704
7153
7154
7155
976
3705
7160
7161
7162
969
977
3706
7167
7168
7169
7175
7176
7177
971
3711
7182
7183
7184
980
3712
7189
7190
7191
973
981
3713
7196
7197
7198
7202
7203
7204
1646
7208
984
1647
7210
7211
976
1656
7213
978
988
1657
7215
7216
7219
7220
980
1662
7224
7225
7226
991
1663
7229
7230
982
992
1664
7233
7234
7238
7239
7240
984
1669
7244
7245
995
1670
7248
7249
985
996
1671
7252
7253
7256
999
1676
7258
7259
987
1004
1685
7261
1005
1689
7262
991
1694
7264
7265
1011
1695
7268
993
1012
1696
7270
7271
7272
7277
7278
7279
995
1701
7284
7285
7286
1015
1702
7291
7292
7293
997
1016
1703
7298
7299
7300
7305
7306
7307
999
1708
7312
7313
7314
1019
1709
7319
7320
7321
1000
1020
1710
7326
7327
7328
7332
7333
1023
1716
7337
7338
7339
1024
1717
7343
1003
1030
1725
7345
1033
1727
7346
1005
1733
7347
7348
7351
7352
1738
7359
7360
1008
1034
1739
7364
7365
7366
1036
1743
7370
7371
7372
1011
1744
7373
1013
1041
1745
7374
7375
7376
7384
7385
1015
3753
7389
7390
7391
1046
3754
7396
7397
7398
1017
1047
3755
7403
7404
7405
7419
7420
7421
1019
3760
7426
7427
7428
1052
3761
16715
16716
16717
1021
1053
3762
7433
7434
7435
7450
7451
7452
1023
3767
7457
7458
7459
1058
3768
7464
7465
7466
1025
1059
3769
16722
16723
16724
7475
7476
7477
1027
3774
7482
7483
1064
3775
7487
7488
7489
1028
1065
3776
7494
7495
7496
7500
1069
1748
7501
7502
7503
1031
1073
1751
7505
7506
7507
1033
1752
7513
7514
1076
1753
7517
7518
7519
1754
7524
7525
7528
7529
1036
1762
7534
7535
7536
1037
1078
1763
7540
7541
7545
7546
7547
1079
1767
7557
7558
7559
1039
1080
1768
7564
7565
7566
1082
1772
7570
7571
7572
1044
1086
7577
7578
1046
1773
7585
7586
7587
1089
1774
7592
7593
7594
1048
1090
1775
16729
16730
16731
7602
7603
7604
1050
1093
7609
7610
7611
16736
16737
16738
1052
15713
16743
16744
16745
1096
7601
7604
7606
7607
15714
16729
16730
16732
16735
16738
16740
16741
16749
16752
16754
16755
1054
1097
15715
16750
16751
16752
7619
7620
7621
1056
1100
7626
7627
16757
16758
16759
1058
15720
16764
16765
16766
1103
7618
7621
7623
7624
15721
16750
16751
16753
16756
16759
16761
16762
16770
16773
16775
16776
1060
1104
15722
16771
16772
16773
7636
7637
1062
1107
7642
7643
7644
16778
16779
16780
1064
15727
16785
16786
16787
1110
15728
16792
16793
16794
1066
1111
7641
7644
7646
7647
15729
16784
16787
16789
16790
16791
16794
16796
16797
16813
16814
16816
7653
7654
7655
1068
1114
7659
7660
7661
16799
16800
16801
1069
15734
16806
16807
16808
1117
15735
16813
16814
16815
1070
1118
7658
7661
7663
7664
15736
16805
16808
16810
16811
16812
16815
16817
16818
16820
16821
16823
7666
7667
7672
7673
7674
1123
1778
16820
16821
16822
1124
1779
7682
7683
7684
1074
1128
1782
7687
7688
7689
1076
1783
7697
7698
7699
1131
1784
7704
7705
7706
1077
1132
1785
7711
7712
7713
7718
7719
7720
1134
1790
7726
7727
1079
1794
7731
7732
7733
1082
1796
7737
7738
7739
1084
1135
1798
7748
7749
7750
7765
7766
7767
1089
1802
7772
7773
7774
1137
1803
7779
7780
7781
1091
1138
1804
16827
16828
16829
7786
7787
7788
7793
7794
1094
1141
7799
7800
7801
16834
16835
16836
1092
1096
3826
7785
7788
7790
7791
16729
16731
16733
16833
16835
16837
16839
1143
3827
16841
16842
16843
1098
1144
3828
7798
7801
7803
7804
16840
16843
16845
16846
7806
7807
7808
7813
7814
7815
1101
1147
7820
7821
7822
1097
1098
3245
3248
3250
3251
1099
1103
7805
7808
7810
7811
15769
16750
16752
16754
1099
1150
7812
7815
7817
7818
15770
1105
1151
7819
7822
7824
7825
15771
7827
7828
7829
7834
7835
7836
1108
1154
7841
7842
7843
1104
1105
3252
3255
3257
3258
1106
1110
7826
7829
7831
7832
15776
16771
16773
16775
1106
1157
7833
7836
7838
7839
15777
1112
1158
7840
7843
7845
7846
15778
7848
7849
7850
7855
7856
7857
1115
1161
7862
7863
7864
1111
1112
3259
3262
3264
3265
16792
16794
16796
1113
1117
7847
7850
7852
7853
15783
1113
1164
7854
7857
7859
7860
15784
1119
1165
7861
7864
7866
7867
15785
7869
7870
7871
7876
7877
7878
1121
1168
7883
7884
7885
1118
1119
3266
3269
3271
3272
16813
16815
16817
1120
1123
7868
7871
7873
7874
15790
1120
1171
7875
7878
7880
7881
15791
1125
1172
7882
7885
7887
7888
15792
7895
7896
7897
1175
7902
7903
1125
3273
3276
3278
3279
16820
16822
16824
16847
16849
16851
16853
1127
3833
16848
16849
16850
1177
3834
7894
7897
7899
7900
16854
16857
16859
16860
1129
1178
3835
16855
16856
16857
7918
7919
7920
1131
1807
7925
7926
7927
1181
1808
16862
16863
16864
1133
1182
1809
7932
7933
7934
7939
7940
7941
1134
1812
7946
7947
7948
1185
1813
7952
7953
7954
1137
1819
7963
7964
7965
7972
7973
7982
7983
7984
1143
1822
16869
16870
16871
1823
7989
7990
7991
1145
1186
1824
16876
16877
16878
7996
7997
7998
1148
8009
8010
1144
3286
3289
3291
3292
16841
16843
16845
16869
16871
16873
16882
16884
16886
16888
1150
1829
7995
7998
8000
8001
16889
16891
16893
16895
1187
1830
16883
16884
16885
1152
1188
1831
16890
16891
16892
8015
8016
8017
8022
8023
8024
1155
1189
8029
8030
8031
1151
1152
3293
3296
3298
3299
1153
1157
1836
8014
8017
8019
8020
1153
1190
1837
8021
8024
8026
8027
8173
8174
8176
16890
16891
16893
17842
17843
17845
1159
1191
1838
8028
8031
8033
8034
16925
16926
16928
8036
8037
8038
8043
8044
8045
1162
8050
8051
8052
1158
1159
3300
3303
3305
3306
1160
1164
8035
8038
8040
8041
15283
1160
1192
8042
8045
8047
8048
15284
16932
16933
16935
1166
1193
8049
8052
8054
8055
15285
16939
16940
16942
8057
8058
8059
8064
8065
8066
1169
1196
8071
8072
8073
1165
1166
3307
3310
3312
3313
1167
1171
8056
8059
8061
8062
15290
1167
1197
8063
8066
8068
8069
15291
16946
16947
16949
1173
1198
8070
8073
8075
8076
15292
16953
16954
16956
8078
8079
8080
8085
8086
8087
1176
8092
8093
8094
1172
1173
3314
3317
3319
3320
1174
1177
1843
8077
8080
8082
8083
1174
1201
1844
8084
8087
8089
8090
16960
16961
16963
1179
1202
1845
8091
8094
8096
8097
8230
8231
8233
16897
16898
16900
17856
17857
17859
8099
8100
8101
8106
8107
1178
3321
3324
3326
3327
16896
16898
16900
16902
1181
1850
8098
8101
8103
8104
16855
16857
16859
16903
16905
16907
16909
16911
16913
16915
1203
1851
16897
16898
16899
1183
1204
1852
16904
16905
16906
16911
16912
16913
1185
1857
8127
8128
8129
1205
1858
16918
16919
16920
1859
8134
8135
8136
8140
8141
8142
1187
1866
8150
8151
8152
8156
8157
8158
1190
1868
8161
8162
8163
8168
8169
8173
8174
8175
1192
1871
16925
16926
16927
16932
16933
16934
1197
1874
16939
16940
16941
1206
1875
8191
8192
8193
1199
1207
1876
8198
8199
8200
8205
8206
16946
16947
16948
1201
1880
16953
16954
16955
1209
1881
8213
8214
8215
1210
1882
8220
8221
8222
16960
16961
16962
1203
1886
8230
8231
8232
8242
8243
8244
1205
1889
8248
8249
8250
8253
8254
8255
8258
1209
1894
8260
8261
1211
1212
1896
8265
8266
8268
8269
1900
8271
1215
1901
8273
8274
1215
1907
8280
8281
1219
1908
8283
1216
1220
1909
8285
8286
8287
8290
8291
1223
1915
8295
8296
8297
1224
1916
8300
1221
1228
1922
8311
8312
1223
1925
8316
8317
8318
1229
1926
8323
8324
8325
1225
1230
1927
16967
16968
16969
8336
8337
8338
1932
8343
8344
1233
1933
16974
16975
16976
1227
1234
1934
8348
8349
8350
1237
1939
1229
1942
8354
8365
8366
8367
1233
1946
16981
16982
16983
1238
1947
8372
8373
8374
1235
1239
1948
8379
8380
8381
16988
16989
16990
1237
1953
8392
8393
8394
1240
1954
8399
8400
8401
1241
1955
8406
8407
8408
8412
8414
1240
1965
8417
8418
8419
8422
8423
8424
1969
8427
8430
8431
1250
8433
8434
1253
1974
3362
8436
8437
8441
8442
1264
8444
8445
1268
1977
3363
8449
8450
8452
8453
1253
1980
3362
8455
8456
8459
8460
8461
8466
8467
8468
1257
1272
8473
8474
8475
8480
8481
8482
1258
1982
8487
8488
8489
1983
8494
8495
8496
1259
1275
1984
8501
8502
8503
8507
8508
8510
8511
1277
1987
8513
8514
8516
8517
1265
1278
8519
8520
1267
1989
8522
8523
1269
1280
1990
8525
8526
8529
8530
8531
8536
8537
8538
1281
8543
8544
8545
8550
8551
8552
1271
1992
8557
8558
8559
1284
1993
8564
8565
8566
1994
8571
8572
8573
3363
8577
8578
8581
8582
8583
8588
8589
8590
1276
1285
8595
8596
8597
1277
1998
8608
8609
8610
8620
8621
8622
1282
1289
1284
8624
8626
8627
8628
8633
8634
8635
1291
8640
8641
8642
8647
8648
8649
8666
8667
8668
8673
8674
1288
1294
8678
8679
8680
8694
8695
8697
1292
1297
8698
8699
8702
8703
8707
8708
8709
8714
8715
8729
8730
8731
1296
1300
8740
8741
8742
8754
8755
8756
8762
8763
1299
1303
8766
8767
8768
8779
8780
8781
16995
16996
16997
1302
1306
17002
17003
17004
8811
8812
8813
8827
8828
8829
1305
1315
8837
8838
8839
17009
17010
17011
17016
17017
17018
1310
1321
17023
17024
17025
1312
1323
8875
8876
8880
8881
17030
17031
17032
1313
1325
8885
8886
8887
1328
8898
8899
8900
1316
1332
17037
17038
17039
8906
8907
8908
1319
1334
17044
17045
17046
1320
1337
8921
8922
8923
17051
17052
17053
1341
8940
8941
17058
17059
17060
1326
1343
8948
8949
8950
1328
8955
8956
1329
1345
8960
8961
17065
17066
17067
8948
8950
8952
8976
8977
8980
8981
17071
17073
17075
17077
1331
1346
17072
17073
17074
8965
8966
8967
1349
8977
8978
8979
1350
8984
8985
8989
8990
8991
8995
8996
1335
1356
8998
8999
9000
1336
9009
9010
9013
9014
15489
15490
15493
15494
15498
15499
15502
17045
17046
17049
17079
17080
17081
1340
1360
9022
9023
9026
9027
9034
9036
9038
17078
17080
17082
17084
1341
9010
9011
9012
1363
9017
9018
1342
1364
9023
9024
9025
9034
9035
9036
9044
9045
1368
9049
9050
9054
9055
9056
1347
1369
9061
9062
1349
9065
9066
1348
3460
3461
3464
9078
9079
9082
9083
17073
17074
17077
17086
17087
17088
1353
1370
9093
9095
9097
17085
17087
17089
17091
17092
17093
17096
17097
9072
9073
9074
1354
9079
9080
9081
1373
1999
9086
9087
9088
1355
1374
2000
17093
17094
17095
9093
9094
9095
9102
9103
1379
2001
9106
9107
9108
9114
9115
9116
1361
1381
9123
9124
9125
1363
9130
9131
1365
1384
2002
9135
9136
9137
3467
3468
3471
9148
9149
9152
9153
17099
17100
17103
17104
9123
9125
9127
17099
17101
17103
17105
17106
17107
17110
17111
1367
1386
17100
17101
17102
9142
9143
9144
1368
9149
9150
9151
1389
2003
17107
17108
17109
1390
2004
9156
9157
9158
9164
9165
9168
9169
9174
9175
1372
1374
3472
3473
3476
3477
15505
15506
15509
16415
16416
16419
9179
9180
9181
1376
1377
1393
5961
5962
5965
9178
9180
9182
9184
17114
17116
17118
9186
9187
9188
1376
1379
2005
9185
9187
9189
9191
11444
11445
11447
17093
17095
17097
17121
17123
17125
1395
9193
9194
9195
1380
1396
2006
9192
9195
9197
9198
11455
11456
11458
17128
17129
17131
17114
17115
17116
1398
9204
9205
17121
17122
17123
1401
2007
17128
17129
17130
17135
17136
17137
9220
9221
1387
1405
17142
17143
17144
1389
2008
17149
17150
17151
1391
1409
2009
17156
17157
17158
9236
9237
9238
1391
6022
6023
6026
9242
9244
9246
9248
17142
17144
17146
1412
9243
9244
9245
1391
3989
3990
3992
9249
9251
9253
9255
17107
17109
17111
17149
17151
17153
2010
9250
9251
9252
1414
2011
9256
9259
9261
9262
11501
11502
11504
17156
17157
17159
1415
9257
9258
9259
1396
3486
3487
3490
3491
6038
6039
6042
17162
17163
17166
17167
1399
1417
17163
17164
17165
9272
9273
9274
1401
2012
9271
9273
9275
9277
11518
11519
11521
17169
17171
17173
17175
1403
1420
2013
17170
17171
17172
9286
9287
9288
1403
6064
6065
6068
9292
9294
9296
9298
17163
17165
17167
1423
9293
9294
9295
1403
4000
4001
4003
9299
9301
9303
9305
17128
17130
17132
9300
9301
9302
1426
2014
9306
9309
9311
9312
11549
11550
11552
17170
17171
17173
1427
2015
9307
9308
9309
1407
1409
3493
3494
3497
3498
6080
6081
6084
17143
17144
17147
9318
9319
9320
1411
1413
1437
6092
6093
6096
9317
9319
9321
9323
17177
17179
17181
9325
9326
9327
1411
1414
2016
9324
9326
9328
9330
11571
11572
11574
17156
17158
17160
1440
2017
9332
9333
9334
1416
1441
2018
9331
9334
9336
9337
11584
11585
11587
17184
17185
17187
9339
9340
9341
17177
17178
17179
4012
4013
4015
9352
9354
9356
9358
17183
17185
17187
17189
9353
9354
9355
1445
2019
17184
17185
17186
17191
17192
17193
1424
1449
17198
17199
17200
9372
9373
9374
1422
1426
2020
9371
9373
9375
9377
17170
17172
17174
17190
17193
17195
17196
18052
18053
18055
1451
2021
9379
9380
9381
1428
1452
2022
9378
9381
9383
9384
17197
17200
17202
17203
18059
18060
18062
17205
17206
17207
1428
6156
6157
6160
17198
17200
17202
17211
17213
17215
17217
1430
3513
17212
17213
17214
1428
9385
9387
9389
9391
15826
15827
15829
1431
2024
9386
9387
9388
2025
3516
17218
17221
17223
17224
1432
2026
3517
17219
17220
17221
9392
9393
9394
9397
9398
1456
2028
9400
9401
9404
9405
1438
1458
9407
9408
9409
1440
2029
9412
9413
1442
1460
2030
9415
9416
1439
1441
6187
6188
6191
15510
15511
15514
15515
15519
15520
15523
17226
17227
17228
1443
1444
3527
6201
6202
6205
17225
17227
17229
17231
17240
17242
17244
9420
9421
9422
1443
1445
2031
9419
9421
9423
9425
18066
18067
18069
2032
3530
17233
17234
17235
1447
2033
3531
17232
17235
17237
17238
17240
17241
17242
1447
9435
9437
9439
9441
15517
15520
15522
15523
15833
15834
15836
17184
17186
17188
9436
9437
9438
1463
2035
9442
9445
9447
9448
17239
17242
17244
17245
18073
18074
18076
1464
2036
9443
9444
9445
17247
17248
17249
1467
3514
17254
17255
17256
9456
9457
9458
1454
2038
3516
9455
9457
9459
9461
17246
17249
17251
17252
18080
18081
18083
1469
2039
9463
9464
9465
1470
2040
3518
9462
9465
9467
9468
17253
17256
17258
17259
3515
9470
9471
9472
3517
9477
9478
9479
1475
2050
3519
9484
9485
9486
9491
9492
9493
1477
3528
9498
9499
9500
2051
3530
9505
9506
9507
1480
2052
3532
9512
9513
9514
3529
17261
17262
17263
1465
3531
9530
9532
9534
9536
15524
15527
15529
15530
15847
15848
15850
2060
9531
9532
9533
1483
2061
3533
9537
9540
9542
9543
17260
17263
17265
17266
1484
2062
9538
9539
9540
17268
17269
17270
1487
3541
17275
17276
17277
9549
9550
9551
1472
2065
3543
9548
9550
9552
9554
17267
17270
17272
17273
1489
2066
9556
9557
9558
1490
2067
3545
9555
9558
9560
9561
17274
17277
17279
17280
3542
17282
17283
17284
1493
9567
9568
3544
9572
9573
9574
1496
2077
3546
17289
17290
17291
9588
9589
9590
9595
9596
1504
3559
17296
17297
17298
2079
3561
9604
9605
9606
1508
2080
3563
17303
17304
17305
3560
17310
17311
17312
1485
3562
9625
9627
9629
9631
15531
15534
15536
15537
2089
9626
9627
9628
1512
2090
3564
9632
9635
9637
9638
17309
17312
17314
17315
1513
2091
9633
9634
9635
17317
17318
17319
1516
15539
17324
17325
17326
9644
9645
9646
2094
9643
9645
9647
9649
15541
17316
17319
17321
17322
17330
17332
17334
17336
1518
2095
9651
9652
1519
2096
15543
17331
17332
17333
9657
9658
9659
1498
9663
9665
9667
9669
15540
16478
16479
16482
1500
1521
9664
9665
9666
1498
9670
9672
9674
9676
15542
15854
15855
15857
17289
17291
17293
9671
9672
9673
1524
2106
9677
9680
9682
9683
15544
1501
1525
2107
9678
9679
9680
9684
1529
9685
1505
1531
9686
1509
1533
9687
1506
1508
3569
3570
3573
3574
16485
16486
16489
17297
17298
17301
9689
9690
9691
1510
1535
9688
9690
9692
9694
15546
16492
16493
16496
9696
9697
9698
1510
2110
9695
9697
9699
9701
15548
17303
17305
17307
18108
18109
18111
1538
2111
9703
9704
9705
1539
2112
9702
9705
9707
9708
15550
15547
17338
17339
17340
9717
9719
9721
9723
15549
15552
15555
15557
15558
17344
17346
17348
17350
2122
9718
9719
9720
1543
2123
15551
17345
17346
17347
1544
2124
9725
9726
17352
17353
17354
1546
3581
9735
9736
9737
9742
2127
3583
17359
17360
17361
1548
2128
3585
17366
17367
17368
17373
17374
17375
1523
1526
3582
1527
1528
9750
9752
9754
15573
16499
16500
16503
17372
17374
17376
17378
1526
3584
17379
17381
17383
17385
1529
2138
17380
17381
17382
1527
2139
3586
15576
1530
2140
9760
9761
9763
15577
17379
17382
17384
17385
18136
18137
18139
9750
9751
9752
9756
9757
1552
2144
9760
9761
9762
9766
9767
1536
1555
9770
9771
9772
1538
2145
9776
9777
1540
1558
2146
9780
9781
9782
1537
1539
15559
15560
15563
15564
1537
1540
9770
9772
9774
15559
15561
15563
15565
16506
16507
16510
1541
3591
15587
17387
17388
17389
1541
2147
3593
17386
17388
17390
17392
1541
2148
9780
9781
9783
15590
17386
17389
17391
17392
18143
18144
18146
2149
3595
15591
3592
9791
9792
9793
3594
17394
17395
17396
2160
9802
1562
2161
3596
17401
17402
17403
9810
9811
9812
1564
3600
9817
9818
9819
2164
3602
9828
9829
9830
1566
2165
3604
9837
9838
9839
1553
15575
15580
15582
15584
15586
17407
17409
17411
17413
1556
15594
17408
17409
17410
15577
17415
17416
17417
2182
15579
15597
17414
17417
17419
17420
17421
17424
17426
17427
1559
2183
15598
17422
17423
17424
17429
17430
17431
17436
17437
17438
1560
15588
15601
17428
17430
17432
17434
17435
17437
17439
17441
2186
15590
17443
17444
17445
2187
15604
17450
17451
17452
2188
15592
15605
17442
17445
17447
17448
17449
17452
17454
17455
3614
9864
9865
9866
3616
9871
9872
9873
1583
2205
3618
9882
9883
9884
9891
9892
9893
1569
1585
9898
9899
9900
1571
2208
9905
9906
9907
1573
1587
2209
9912
9913
9914
1572
3601
9918
9919
9922
9923
1573
9898
9900
9902
9918
9920
9922
9924
15609
15611
15613
16569
16570
16573
1589
3627
9919
9920
9921
1572
1573
3604
9905
9907
9909
1574
2211
3605
3629
1574
1592
2212
9912
9913
9915
18220
18221
18223
1593
2213
3631
9918
9921
9923
9924
1577
1579
3614
3642
3643
3646
16576
16577
16580
3635
9926
9927
9928
1581
1582
1596
9925
9927
9929
9931
9933
9935
9937
16583
16584
16587
17471
17473
17475
1579
1580
3617
3637
1581
1583
2232
3618
9940
9942
9944
1581
1599
2233
3639
9925
9928
9930
9931
1584
1600
2234
9947
9948
9950
18283
18284
18286
9933
9934
9935
9940
9941
9942
1604
2239
9947
9948
9949
9954
9955
1590
1606
9959
9960
1592
2241
9963
9964
9965
1594
1607
2242
9970
9971
9975
9976
9977
17457
17458
17459
1595
1609
3648
9974
9976
9978
9980
17456
17458
17460
17462
1593
9963
9965
9967
15608
15611
15613
15614
15868
15869
15871
17463
17465
17467
17469
1595
2243
3650
9974
9977
9979
9980
1612
2244
17464
17465
17466
1613
2245
3652
17463
17466
17468
17469
17471
17472
17473
1601
3656
3661
3663
3665
3667
17477
17479
17481
17483
1603
1616
17478
17479
17480
1600
1601
3658
3661
3664
3666
3667
1604
2264
9986
9988
9990
17470
17473
17475
17476
17484
17486
17488
17490
18346
18347
18349
1619
2265
3660
17484
17487
17489
17490
1605
1620
2266
17485
17486
17487
9982
9983
9986
9987
9988
1623
2271
9993
9994
9997
9998
1612
2272
10003
10004
1614
1625
2273
10006
10007
1611
1613
15615
15616
15619
15620
10010
10011
10012
1615
1626
10009
10011
10013
10015
15623
16611
16612
16615
17492
17493
17494
1615
2274
15625
17491
17493
17495
17497
1628
2275
17499
17500
17501
1629
2276
15627
17498
17501
17503
17504
17506
17507
17508
1621
10016
10018
10020
10022
15645
16667
16668
16671
1631
10017
10018
10019
1621
15647
17512
17514
17516
17518
1623
2280
17513
17514
17515
1633
2281
15649
17519
17522
17524
17525
1624
1634
2282
17520
17521
17522
10026
10027
1636
2286
10029
10030
1628
2287
10032
1629
3676
3677
3680
3681
7023
7024
7027
15297
15298
15301
15302
1637
3684
15298
15299
15300
10038
10039
10040
2288
3686
10037
10039
10041
10043
17526
17528
17530
17532
1638
2289
3688
17527
17528
17529
10051
10052
10053
3692
15305
15306
15307
3694
10061
10063
10065
10067
17533
17535
17537
17539
1636
2292
10062
10063
10064
1652
2293
3696
17534
17535
17536
10074
10076
10077
10078
1642
2296
10085
10086
10087
1644
1654
2297
10092
10093
10094
3685
17541
17542
17543
1656
3705
17548
17549
17550
1643
3688
3697
3700
3702
3703
10085
10087
10089
17554
17556
17558
17560
1645
3689
3707
4182
17540
17543
17545
17546
1658
4183
17555
17556
17557
1659
3709
4184
17547
17550
17552
17553
17554
17557
17559
17560
3692
10105
10106
10107
3713
17562
17563
17564
1649
1650
3695
3715
15664
15667
15669
15670
1652
3696
4189
10104
10107
10109
10110
10120
10122
10124
17568
17570
17572
17574
1677
3717
4190
17561
17564
17566
17567
17568
17571
17573
17574
1653
1678
4191
17569
17570
17571
10120
10121
10122
1681
2300
10129
10130
10131
1658
2308
10134
10135
1660
1692
2309
10137
10138
10141
10142
10143
1663
1694
17576
17577
17578
10154
10155
10156
1661
1665
2312
10140
10143
10145
10146
10153
10155
10157
10159
1697
2313
10161
10162
10163
1667
1698
2314
10160
10163
10165
10166
17575
17578
17580
17581
3706
17583
17584
17585
17590
17591
17592
1670
1701
17597
17598
17599
1666
1667
3709
15671
15674
15676
15677
1668
1672
3710
15923
17582
17585
17587
17588
1668
1704
15924
17589
17592
17594
17595
1674
1705
15925
17596
17599
17601
17602
3713
17604
17605
17606
17611
17612
17613
1676
1708
17618
17619
17620
1673
1674
3716
15678
15681
15683
15684
1675
1677
3717
15930
17603
17606
17608
17609
1675
1711
15931
17610
17613
17615
17616
1679
1712
15932
17617
17620
17622
17623
17625
17626
17627
1679
3730
3733
3735
3736
10179
10181
10183
10185
1681
2319
10180
10181
10182
1718
2320
10186
10189
10191
10192
17624
17627
17629
17630
1682
1719
2321
10187
10188
10189
10193
10194
1723
2326
10196
10197
1686
2334
10199
10200
1687
2335
10203
10204
1689
1733
10215
10216
10217
10222
10223
10224
1735
2338
17632
17633
17634
1690
1736
2339
17639
17640
17641
10234
10235
10236
1740
10239
10240
1695
1744
10244
10245
1697
2341
10248
10249
1699
1746
2342
10252
10253
10254
17646
17647
17648
10259
10260
10261
1702
3753
17653
17654
17655
17660
17661
17662
1700
1704
2345
17645
17648
17650
17651
17659
17661
17663
17665
1700
2346
3756
10252
10253
10255
10258
10261
10263
10264
17659
17662
17664
17665
1706
2347
3757
17652
17655
17657
17658
1703
1705
7285
7286
7289
17598
17599
17602
1703
1706
7292
7293
7296
17653
17655
17657
1707
1709
3760
7299
7300
7303
1705
1706
1707
1711
15951
1707
3763
15952
1713
3764
15953
1710
1712
7313
7314
7317
15687
15688
15691
17619
17620
17623
1710
1713
7320
7321
7324
1714
1716
3767
7327
7328
7331
17667
17669
17671
1712
1713
1714
1718
15958
1714
3770
15959
1720
3771
15960
10266
10267
10268
17667
17668
17669
1722
3774
10273
10274
10275
1720
15685
15688
15690
15691
17673
17675
17677
17679
1723
2352
17674
17675
17676
1721
2353
3777
17666
17669
17671
17672
1724
2354
3778
10272
10275
10277
10278
10287
10288
10290
17673
17676
17678
17679
10279
10280
10283
10284
1749
2359
10287
10288
10289
1727
1752
10293
10294
10295
1729
1755
10298
10299
10305
10306
10307
1731
2362
10324
10325
10326
1759
2363
17681
17682
17683
1732
1760
2364
17688
17689
17690
10330
10331
2366
10334
10335
10338
10339
10340
1738
10345
10346
10350
10351
1740
2369
10355
10356
10357
1741
10362
10363
17695
17696
17697
1743
1762
17702
17703
17704
10373
10374
10375
1764
10384
10385
10386
1765
10391
10392
10393
10397
10398
10399
10404
10405
10406
1773
3754
10414
10415
10416
2370
3756
10421
10422
10423
1776
2371
3758
10432
10433
10434
3776
10439
10440
10441
3778
10449
10450
10451
1780
2374
3780
10456
10457
10458
1753
1783
10466
10467
10468
17709
17710
17711
17716
17717
17718
1758
1789
17723
17724
17725
1759
10477
10478
10479
1791
10484
10485
10486
1761
1792
10491
10492
10493
10502
10503
10507
10508
10509
2377
10514
10515
10519
10520
17730
17731
17732
1767
1794
10526
10527
10528
10533
10534
1769
10539
10540
10541
1770
1795
10547
10548
19018
19019
19020
1772
1796
10559
10560
10561
10566
10567
1799
10573
10574
10575
1800
10580
10581
10585
10586
10587
17737
17738
17739
10590
10591
10592
3826
10589
10591
10593
10595
15714
16730
16731
16734
17736
17738
17740
17742
17750
17751
17754
17755
2378
15716
17744
17745
17746
2379
3830
15718
17751
17752
17753
10611
10613
10615
10617
15736
15741
15743
15745
15747
16821
16822
16825
17764
17765
17768
17769
3833
10612
10613
10614
15738
17758
17759
17760
2382
3836
15740
17765
17766
17767
1784
1807
10627
10628
10629
17772
17773
17774
10632
10633
10634
1790
1812
19025
19026
19027
1791
10640
10641
1815
10646
10647
1793
1816
10652
10653
10654
10659
10660
10665
10666
10667
10674
10675
10676
10681
10682
1818
10687
10688
10693
10694
1799
10696
18969
18970
18971
10699
10700
10701
1803
1819
7749
7750
7753
10698
10700
10702
10704
10724
10725
10728
10729
10822
10824
10826
18968
18970
18972
18974
10706
10707
10708
10713
10714
10715
1805
1821
2385
10725
10726
10727
10732
10733
10734
3819
3821
3823
3825
7780
7781
7784
10744
10745
10748
10749
17778
17780
17782
17784
18948
18950
18952
1822
3827
17779
17780
17781
1825
2386
10745
10746
10747
1826
2387
3831
10752
10753
10754
10759
10760
10761
3835
17786
17787
17788
1813
1857
7933
7934
7937
10758
10760
10762
10764
10779
10780
10783
10784
17785
17787
17789
17791
18997
18999
19001
1860
2426
3839
10773
10774
10775
1817
1861
2427
10780
10781
10782
17793
17794
17795
3859
3861
3863
7953
7954
7957
10786
10788
10790
10792
10807
10808
10811
10812
18940
18942
18944
18946
10787
10788
10789
10794
10795
10796
1818
10801
10802
10803
1865
2428
10808
10809
10810
10819
10822
10823
10824
1823
10829
10830
1825
2429
10835
10836
10837
10846
10847
10848
17800
17801
17802
1830
1866
10853
10854
10855
17807
17808
17809
1832
2430
18976
18977
18978
2431
10860
10861
10862
1834
1867
2432
17814
17815
17816
1833
3828
17820
17821
17824
17825
18983
18984
18985
1837
1868
17821
17822
17823
1833
3831
15987
15988
15990
17827
17829
17831
17833
18976
18978
18980
1839
2433
3832
17834
17836
17838
17840
18535
18536
18538
1869
2434
17828
17829
17830
1841
1870
2435
17835
17836
17837
1838
1840
15771
17842
17843
17844
1871
10939
10941
10943
15284
17841
17843
17845
17847
17848
17849
17852
17853
1840
10866
10868
10870
10872
15774
2437
15286
15775
17848
17850
17852
17854
1872
2438
10867
10868
10869
1873
2439
15288
17849
17850
17851
1847
15792
17855
17856
17859
17860
3882
3884
3886
15292
17855
17857
17859
17861
17862
17863
17866
17867
1851
1886
17856
17857
17858
1847
15294
15795
17862
17864
17866
17868
1853
2452
10873
10875
10877
10879
15796
1887
2453
15296
17863
17864
17865
1855
1888
2454
10874
10875
10876
1854
3835
3853
3854
3857
18989
18990
18993
18994
17870
17871
17872
1858
1889
18990
18991
18992
1854
3838
15994
15995
15997
17876
17878
17880
17882
1860
2457
3839
17883
17885
17887
17889
18542
18543
18545
19004
19006
19008
1890
2458
17877
17878
17879
1862
1891
2459
17884
17885
17886
18997
18998
18999
10881
10882
10883
1864
1892
17891
17892
17893
19004
19005
19006
1865
2461
17898
17899
17900
1893
2462
17905
17906
17907
2463
10888
10889
10890
10897
10898
10902
10903
10904
10914
10915
10916
1869
2464
10922
10923
10926
10927
10928
10931
10932
1872
2465
10935
10936
10939
10940
10941
10946
10947
1877
10949
10950
1876
1878
15285
15797
15798
15801
15802
16940
16941
16944
10954
10955
10956
1881
1894
8199
8200
8203
10953
10955
10957
10959
17911
17912
17915
17916
17933
17935
17937
15288
15312
15313
15314
1883
2466
13508
13509
13511
15289
15311
15313
15315
15317
17911
17913
17915
17917
1885
1897
2467
17912
17913
17914
15292
17919
17920
17921
8214
8215
8218
10967
10969
10971
10973
15805
15807
15809
17925
17926
17929
17930
1900
10968
10969
10970
4319
4320
4322
15295
15318
15320
15322
15324
17925
17927
17929
17931
1887
2468
15296
15319
15320
15321
1903
2469
17926
17927
17928
10982
10983
10984
10988
10989
1890
10992
10993
10996
10997
10998
11002
11003
1893
2470
11005
11006
11009
11010
11012
11013
17933
17934
17935
11019
11020
11021
1901
1907
11026
11027
11028
1903
2471
17940
17941
17942
1910
11039
11040
1904
1911
2472
11045
11046
11047
11052
11053
11054
11059
11060
11061
1914
11066
11067
11068
17947
17948
17949
1917
2473
11079
11080
11081
1918
11086
11087
1912
1923
2474
11091
11093
11094
11095
11100
11101
11102
1915
1925
17954
17955
17956
11107
11108
11109
1917
2476
11114
11115
11116
1928
2477
11121
11122
11123
1919
1929
2478
17961
17962
17963
11128
11129
11130
17968
17969
17970
1932
11135
11136
11137
11142
11143
11144
2480
11149
11150
11151
1935
2481
17975
17976
17977
1921
1936
2482
11156
11157
11158
1940
2484
11162
1926
1942
11166
11167
1928
2486
11170
11171
1930
1944
2487
11175
11176
11177
1927
1929
3921
3922
3925
3926
8317
8318
8321
17955
17956
17959
17982
17983
17984
1931
1933
1946
16968
16969
16972
17981
17983
17985
17987
17989
17990
17991
1931
1935
2490
17961
17963
17965
17988
17990
17992
17994
18549
18550
18552
1931
1949
2491
11175
11176
11178
17981
17984
17986
17987
17988
17991
17993
17994
1937
1950
2492
11182
11183
11184
1937
16975
16976
16979
17995
17997
17999
18001
1939
1953
17996
17997
17998
1937
16008
16009
16011
17975
17977
17979
18002
18004
18006
18008
1940
2497
18003
18004
18005
1938
1956
2498
1941
1957
2499
11197
11198
11200
17995
17998
18000
18001
18002
18005
18007
18008
11188
11189
11192
11193
1961
2504
11197
11198
11199
11204
11205
1947
1963
11208
11209
1949
2507
11212
11213
11214
1951
1964
2508
11219
11220
11221
1948
1950
15811
15812
15815
15816
16982
16983
16986
18010
18011
18012
1952
1954
1965
8380
8381
8384
18009
18011
18013
18015
18031
18033
18035
1950
1951
11212
11214
11216
15811
15814
15816
15817
1952
1956
2511
1952
1966
2512
11219
11220
11222
18009
18012
18014
18015
18038
18039
18041
1958
1967
2513
18017
18018
18019
1958
8400
8401
8404
15819
15821
15823
18023
18025
18027
18029
1960
1969
18024
18025
18026
1957
1958
1959
1961
2518
11229
11231
11233
18016
18019
18021
18022
1959
1970
2519
1962
1971
2520
11236
11237
11239
18023
18026
18028
18029
18045
18046
18048
11225
11226
11229
11230
11231
1973
2525
11236
11237
11238
11242
1966
2528
11243
11244
18031
18032
18033
18038
18039
18040
1970
2530
11255
11257
11259
11261
18030
18033
18035
18036
18037
18039
18041
18043
1972
2531
11256
11257
11258
11263
11264
11265
11274
11276
11278
11280
15818
15821
15823
15824
18044
18046
18048
18050
1973
2534
18045
18046
18047
2535
11275
11276
11277
11285
11286
3944
11288
11289
1985
2539
3945
11293
11294
1986
2540
3946
11296
11297
1992
3948
11301
11302
1995
2543
3947
11304
11305
1996
2544
3949
11307
11308
3944
11310
11311
1985
2545
3945
11313
11314
11317
11318
11319
11324
11325
1987
1998
11330
11331
11332
11337
11338
11339
1988
2546
11344
11345
11346
11355
11356
3946
11358
11359
11363
11364
1993
11366
11367
1995
2547
3947
11369
11370
11375
11376
11377
11382
11383
11384
11389
11390
11395
11396
11397
1997
2548
11402
11403
11404
3949
11413
11414
11416
11421
11422
2001
2005
11424
11425
11426
11429
11430
2003
2008
11431
11432
11435
11436
11437
2010
11440
11441
11444
11445
11446
2007
2012
11455
11456
11457
11469
11470
11471
11480
11481
11482
2011
2016
11488
11489
11490
11497
11501
11502
11503
11518
11519
11520
2014
2020
11529
11530
11531
11549
11550
11551
2024
11556
11557
11558
11571
11572
11573
11578
11579
11580
2019
2031
11584
11585
11586
11604
11605
11606
18052
18053
18054
11623
11624
2025
2038
18059
18060
18061
2027
2041
11635
11636
11637
11641
11642
11643
11647
11649
11651
11653
11663
11664
11667
11668
15825
15827
15829
15831
18059
18061
18063
2028
2043
11648
11649
11650
2046
11664
11665
11666
11676
11677
11679
2032
2051
11680
11681
18066
18067
18068
11684
11685
11686
2035
2053
11683
11685
11687
11689
11705
11706
11709
11710
18065
18067
18069
18071
18073
18075
18077
2037
2057
11706
11707
11708
18073
18074
18075
2060
11718
11719
2063
11728
11729
11730
18080
18081
18082
11736
11737
11738
2044
2065
11735
11737
11739
11741
11753
11754
11757
11758
18079
18081
18083
18085
2046
11745
11746
11747
2048
2068
2549
11754
11755
11756
3517
18087
18088
18089
3518
11774
11775
11778
11779
18093
18095
18097
18099
2050
2070
3519
18094
18095
18096
11761
11762
11763
11768
11769
11770
2073
2550
11775
11776
11777
2074
11782
11783
11784
11788
11789
11790
11797
11798
2054
2079
11801
11802
11803
2055
3531
11817
11818
11821
11822
15839
15840
15843
15844
15848
15849
15852
3532
18101
18102
18103
2061
2082
3533
11831
11832
11835
11836
18100
18102
18104
18106
11811
11812
11813
2063
11818
11819
11820
2085
11825
11826
11827
2064
2086
2551
11832
11833
11834
11839
11840
11843
11845
11847
11849
11859
11860
11863
11864
15846
15848
15850
15852
2089
11844
11845
11846
11851
11852
11853
2092
2552
11860
11861
11862
2067
4040
4041
4044
4045
11879
11880
11883
11884
11869
11870
11871
2071
2094
11868
11870
11872
11874
11890
11891
11894
11895
2073
2553
11880
11881
11882
2075
2097
2554
11891
11892
11893
2072
3544
4049
4050
4053
11904
11905
11908
11909
18095
18096
18099
2072
3545
11911
11912
11915
11916
2077
2099
3546
11918
11919
11922
11923
11927
11929
11931
11898
11899
11900
11905
11906
11907
2102
2555
11912
11913
11914
2078
2103
11919
11920
11921
11927
11928
11929
2108
11940
11941
11945
11946
11947
2083
2110
11955
11956
11957
2087
2113
11965
11966
2084
3562
11976
11977
11980
11981
2084
3563
11955
11957
11959
11983
11984
11987
11988
2090
2115
3564
11990
11991
11994
11995
11970
11971
11972
2092
2556
11977
11978
11979
2118
11984
11985
11986
2093
2119
2557
11991
11992
11993
11998
11999
12000
12004
12006
12008
12010
12022
12023
12026
12027
2122
12005
12006
12007
12012
12013
12014
2125
2558
12023
12024
12025
2096
4055
4056
4059
4060
12044
12045
12048
12049
12034
12035
12036
2100
2127
12033
12035
12037
12039
12055
12056
12059
12060
17332
17333
17336
18115
18117
18119
2102
2559
12045
12046
12047
2104
2129
2560
12056
12057
12058
2101
12069
12070
12073
12074
15542
15855
15856
15859
2101
12076
12077
12080
12081
15543
2106
2131
12083
12084
12087
12088
15544
12063
12064
12065
2108
12070
12071
12072
2134
2561
12077
12078
12079
2109
2135
2562
12084
12085
12086
12095
12097
12099
12101
12108
12109
12112
12113
15853
15855
15857
15859
2138
12096
12097
12098
12103
12104
2141
12109
12110
12111
18108
18109
18110
12118
12119
12120
2116
2147
12117
12119
12121
12123
12132
12133
12136
12137
18107
18109
18111
18113
2118
12126
12127
2120
2150
12133
12134
12135
2117
12146
12147
12150
12151
15549
2117
12153
12154
12157
12158
15550
2123
2153
12160
12161
12164
12165
15551
12140
12141
12142
2125
2563
12147
12148
12149
2156
2564
12154
12155
12156
2126
2157
2565
12161
12162
12163
12168
12169
12170
12174
12176
12178
12180
12192
12193
12196
12197
15861
15863
15865
17346
17347
17350
2160
12175
12176
12177
12182
12183
12184
2162
2566
12193
12194
12195
18115
18116
18117
2132
2164
18122
18123
18124
2134
2567
12212
12213
12214
2136
2166
2568
12222
12223
12224
2133
3584
12228
12229
12232
12233
2133
3585
12235
12236
12239
12240
18122
18124
18126
2139
2168
3586
12242
12243
12246
12247
18129
18130
18131
2141
2569
12229
12230
12231
2171
2570
12236
12237
12238
2142
2172
2571
12243
12244
12245
12250
12251
12252
12269
12270
12273
12274
18135
18137
18139
18141
2144
2175
18136
18137
18138
12257
12258
12259
2178
2572
12270
12271
12272
2179
12277
12278
12282
12283
12284
12289
2148
2186
12291
12292
12293
2149
4074
4075
4078
4079
12304
12305
12308
12309
18143
18144
18145
2154
2191
12317
12318
12321
12322
18142
18144
18146
18148
2156
2573
12305
12306
12307
2194
12312
12313
2158
2195
2574
12318
12319
12320
2155
3594
15862
15863
15866
18149
18150
18153
18154
2155
3595
12331
12332
12335
12336
2161
2198
3596
12338
12339
12342
12343
18157
18159
18161
12325
12326
12327
2162
2575
18150
18151
18152
2201
2576
12332
12333
12334
2163
2202
2577
12339
12340
12341
12346
12347
18157
18158
18159
12355
12356
12357
2206
2578
12366
12367
12368
12376
12377
12378
2169
2208
12384
12385
12386
2171
2579
12392
12393
12394
2173
2210
12399
12400
2170
3603
18163
18164
18167
18168
2170
3604
12384
12386
12388
12410
12411
12414
12415
2176
2211
3605
18170
18171
18174
18175
12404
12405
12406
2178
2580
18164
18165
18166
2214
2581
12411
12412
12413
2180
2215
2582
18171
18172
18173
2177
4087
4088
4091
12424
12425
12428
12429
15577
18137
18138
18141
2177
15578
18177
18178
18181
18182
2182
2218
12431
12432
12435
12436
15579
12418
12419
12420
12425
12426
12427
2221
2583
18178
18179
18180
2184
2222
2584
12432
12433
12434
4085
4087
4089
4091
12448
12449
12452
12453
18184
18186
18188
18190
2187
4103
18185
18186
18187
2585
4106
12449
12450
12451
2189
2586
4107
12456
12457
12458
12463
12464
12465
18192
18193
18194
2192
4110
12462
12464
12466
12468
12482
12483
12486
12487
18191
18193
18195
18197
2587
4113
12476
12477
12478
2196
2588
4114
12483
12484
12485
2193
12496
12497
12500
12501
15591
2193
12503
12504
12507
12508
15592
2199
2225
15593
18198
18199
18202
18203
12490
12491
12492
2201
2589
12497
12498
12499
2228
2590
12504
12505
12506
2203
2229
2591
18199
18200
18201
2200
3616
4098
4099
4102
12510
12511
12514
12515
2200
3617
18212
18213
18216
18217
2205
2232
3618
12517
12518
12521
12522
12529
12531
12533
18206
18207
18208
2206
2592
12511
12512
12513
2235
2593
18213
18214
18215
2207
2236
2594
12518
12519
12520
12529
12530
12531
12537
12538
12539
2240
12545
12546
12550
12551
12552
2212
2241
12557
12558
12559
2214
12562
12563
2213
18226
18227
18230
18231
18220
18221
18222
2219
2243
18219
18221
18223
18225
18233
18234
18237
18238
12569
12570
12571
2221
2595
18227
18228
18229
2246
12576
12577
12578
2223
2247
2596
18234
18235
18236
2220
3630
12582
12583
12586
12587
2220
3631
18247
18248
18251
18252
2250
3632
4104
18254
18255
18258
18259
18241
18242
18243
2597
4106
12583
12584
12585
2253
2598
18248
18249
18250
2254
2599
4108
18255
18256
18257
2227
3637
18261
18262
18265
18266
2227
3638
4112
18268
18269
18272
18273
2233
2257
3639
18275
18276
18279
18280
4114
12590
12591
12592
2235
2606
18262
18263
18264
2260
2607
4116
18269
18270
18271
2237
2261
2608
18276
18277
18278
4119
4120
4123
12596
12597
12600
12601
18282
18283
18286
18287
18282
18284
18286
18288
18296
18297
18300
18301
2239
2264
18283
18284
18285
18290
18291
18292
2240
12597
12598
12599
2267
2609
18297
18298
18299
2268
12604
12605
12606
12611
12612
12613
12616
12617
12622
12623
12624
2244
2272
12626
12627
2245
15867
15868
15871
15872
18310
18311
18314
18315
18304
18305
18306
2251
2274
12647
12648
12651
12652
18303
18305
18307
18309
12634
12635
12636
2253
2610
18311
18312
18313
2277
12641
12642
12643
2255
2278
2611
12648
12649
12650
2252
2254
3651
2252
3652
18324
18325
18328
18329
2256
3653
4125
4142
18318
18319
18320
2256
2612
4127
14008
14009
14011
18255
18257
18259
18317
18319
18321
18323
2613
4145
18325
18326
18327
2614
4129
4146
14020
14021
14023
18324
18327
18329
18330
2259
3658
18331
18332
18335
18336
2259
2262
3659
4133
2265
3660
4149
18338
18339
18342
18343
2262
4135
4451
4452
4454
18269
18271
18273
18331
18333
18335
18337
2267
2621
18332
18333
18334
2622
4137
4152
14090
14091
14093
18338
18341
18343
18344
2269
2623
4153
18339
18340
18341
18346
18347
18348
12661
12662
12665
12666
18352
18354
18356
18358
2271
2280
18353
18354
18355
18360
18361
18362
12655
12656
12657
2283
2624
12662
12663
12664
2284
12669
12670
12671
12675
12676
12682
12683
2275
2287
12685
12686
2276
12701
12702
12705
12706
15874
15875
15878
15879
12689
12690
12691
2288
4143
12688
12690
12692
12694
12714
12715
12718
12719
12696
12697
2625
4145
12702
12703
12704
2290
2626
4147
12715
12716
12717
18367
18368
18369
4151
12721
12723
12725
12727
12741
12742
12745
12746
2286
2292
12722
12723
12724
4153
12729
12730
12731
12736
12737
2294
2640
4155
12742
12743
12744
12754
12755
4159
4160
4163
4164
12768
12769
12772
12773
18373
18374
18377
18378
2296
4167
18374
18375
18376
2641
4169
12769
12770
12771
2298
2642
4171
12779
12780
12781
12786
12787
12788
4175
18381
18382
18383
4177
12799
12800
12801
2301
2656
4179
12812
12813
12814
12822
12823
12824
2308
4183
12829
12830
12831
2658
4185
12836
12837
12838
2310
2659
4187
12843
12844
12845
4191
12852
12853
12854
4193
12859
12860
12861
2327
2676
4195
12866
12867
12868
2306
2334
12874
12875
2336
2680
12882
12883
12884
2307
2337
2681
12889
12890
12891
12895
12896
2340
2683
12899
12900
12901
12905
12906
12907
2313
2341
12912
12913
2315
2684
12917
12918
12919
2317
2343
2685
12924
12925
2314
2316
4184
18388
18389
18390
2318
2345
15924
18387
18389
18391
18393
2316
4187
4514
4515
4517
12917
12919
12921
18394
18396
18398
18400
2318
2686
4188
15926
18787
18788
18790
2348
2687
18395
18396
18397
2349
2688
15928
18394
18397
18399
18400
2323
4191
4205
4206
4209
10181
10182
10185
18401
18402
18405
18406
2324
15932
18401
18403
18405
18407
2326
2352
18402
18403
18404
2323
2324
4194
15934
16064
16065
16067
2327
2705
4195
12935
12937
12939
14526
14527
14529
18408
18410
18412
18414
2355
2706
15936
18408
18411
18413
18414
2328
2356
2707
18409
18410
18411
12930
12931
12935
12936
12937
2360
2710
12942
12943
2331
2362
12947
12948
2332
2365
2711
12951
12952
12953
12957
12958
2367
2712
12966
12967
12968
2368
2713
12973
12974
12975
12980
12981
12982
2338
12987
12988
12992
2340
2717
18416
18417
18418
18423
18424
18425
2369
13007
13008
13013
13014
13015
13028
13029
2346
2370
13034
13035
13036
2348
2718
13041
13042
2350
2372
2719
13046
13047
2347
2349
15944
15945
15948
15949
2347
13034
13036
13038
15944
15946
15948
15950
18436
18437
18440
18441
2351
4235
15952
18430
18431
18432
2351
2720
15954
18429
18431
18433
18435
2721
4238
18437
18438
18439
2722
4239
15956
18436
18439
18441
18442
18444
18445
18446
2354
2357
15960
2359
4242
13051
13053
13055
18443
18445
18447
18449
18457
18458
18461
18462
2357
15962
18450
18452
18454
18456
2360
2739
18451
18452
18453
2740
4245
15964
18457
18460
18462
18463
2361
2741
4246
18458
18459
18460
13051
13052
13053
13058
13059
2375
2744
13063
13064
18465
18466
18467
13068
13069
2366
2377
18472
18473
18474
2367
2745
13076
13077
13078
13091
13092
18479
18480
18481
2746
13096
13104
13105
13109
13110
13111
2378
4236
13118
13119
13120
2747
4238
13125
13126
2380
2748
4240
13130
13131
13132
4244
13137
13138
13139
4246
13146
13147
2383
2775
4248
13151
13152
13153
13157
13158
13162
13163
13164
2388
4263
13172
13173
13174
2776
4265
13179
13180
13181
2391
2777
4267
13186
13187
13188
4285
13195
13196
13197
4287
13205
13206
13207
2424
2796
4289
13212
13213
13214
2386
2429
13218
2389
2430
13219
13220
13221
3830
18486
18487
18488
3831
13223
13224
13225
2394
2433
3832
13222
13224
13226
13228
13241
13242
13245
13246
18485
18487
18489
18491
18535
18537
18539
2396
2797
13232
13233
13234
2398
2436
13242
13243
13244
2395
2397
4264
15773
2395
15774
18492
18493
18496
18497
2401
2437
15775
18499
18500
18503
18504
2397
4267
4558
4559
4561
13232
13234
13236
18492
18494
18496
18498
2403
2798
4268
15013
15014
15016
18499
18501
18503
18505
2440
2799
18493
18494
18495
2405
2441
2800
18500
18501
18502
2402
4271
15780
18506
18507
18510
18511
2402
13248
13249
13252
13253
15781
2408
2442
13255
13256
13259
13260
15782
4274
4565
4566
4568
13248
13250
13252
13254
18506
18508
18510
18512
2410
2801
4275
18507
18508
18509
2445
2802
13249
13250
13251
2412
2446
13256
13257
13258
2409
2411
4278
15787
2409
13262
13263
13266
13267
15788
2415
2447
13269
13270
13273
13274
15789
4281
18514
18515
18516
2417
2803
4282
13269
13271
13273
13275
15037
15038
15040
18513
18515
18517
18519
2450
13263
13264
13265
2419
2451
2804
13270
13271
13272
2416
2418
4285
15794
15981
15982
15985
2416
15795
18520
18521
18524
18525
2422
2452
15796
18527
18528
18531
18532
2418
4288
4577
4578
4580
18520
18522
18524
18526
2424
2805
4289
13290
13292
13294
15050
15051
15053
18527
18529
18531
18533
2455
2806
18521
18522
18523
2425
2456
2807
18528
18529
18530
3837
13277
13278
3838
13282
13284
13286
13288
13298
13299
13302
13303
15979
15981
15983
15985
15994
15996
15998
2426
2457
3839
13283
13284
13285
13290
13291
13292
2460
13299
13300
13301
13308
13309
13310
2428
2461
13311
13312
13314
13315
13316
13320
13321
2434
2464
13324
13325
13326
18535
18536
18537
13331
13332
13333
2438
2465
13338
13339
13340
2440
13349
13350
13351
13365
13366
13369
13370
13379
13380
13383
13384
13359
13360
13361
2443
13366
13367
13368
13373
13374
13375
2445
13380
13381
13382
13397
13398
13401
13402
15287
15332
15333
15336
15337
15288
15326
15327
15328
2448
2466
15289
15333
15334
15335
13391
13392
13393
2450
13398
13399
13400
13418
13419
13422
13423
15294
15346
15347
15350
15351
15295
15340
15341
15342
2453
2468
15296
15347
15348
15349
13412
13413
13414
2455
13419
13420
13421
13439
13440
13443
13444
13453
13454
13457
13458
15995
15996
15999
13433
13434
13435
2458
13440
13441
13442
13447
13448
13449
2460
13454
13455
13456
18542
18543
18544
13465
13466
13467
2462
2470
13472
13473
13474
13479
13480
13481
13492
13493
13496
13497
13498
13502
13503
13505
13506
13508
13509
13510
2469
2471
13516
13517
13518
13521
13524
13525
13526
13531
13532
13533
13534
2473
2476
13539
13540
13544
13545
2477
2486
13550
13551
2479
2488
2808
13555
13556
13558
13559
15354
15355
15356
2481
2490
13561
13562
13563
2493
2809
13568
13569
13570
13574
13575
13578
13579
13580
2484
2497
15361
15362
15363
2485
2501
2811
13586
13587
13588
13591
13592
2505
2813
13596
13597
13600
13601
2491
2507
13606
13607
13608
2493
2814
13613
13614
2495
2509
2815
13618
13619
18549
18550
18551
2492
13606
13608
13610
16000
16002
16004
16006
18562
18563
18566
18567
2498
2511
18548
18550
18552
18554
18569
18570
18573
18574
18556
18557
18558
2500
2816
13623
13624
13625
2514
2817
18563
18564
18565
2502
2515
2818
18570
18571
18572
18577
18578
18579
2499
16007
16009
16011
16013
18590
18591
18594
18595
2504
2518
13637
13639
13641
18576
18578
18580
18582
18597
18598
18601
18602
13630
13631
13632
2505
2821
18584
18585
18586
2521
2822
18591
18592
18593
2506
2522
2823
18598
18599
18600
13637
13638
13639
13644
13645
2526
2826
13649
13650
13654
13655
13656
2512
2528
13661
13662
13663
2514
2827
13668
13669
2516
2529
2828
13673
13674
2513
2515
2513
13661
13663
13665
16015
16017
16019
18611
18612
18615
18616
2517
2519
2530
18605
18606
18607
2517
2521
2829
18570
18572
18574
18604
18606
18608
18610
18829
18830
18832
2532
2830
18612
18613
18614
2523
2533
2831
18611
18614
18616
18617
18633
18634
18636
18836
18837
18839
2520
4350
4351
4354
18618
18619
18622
18623
2520
2523
2525
2534
13677
13679
13681
18625
18626
18629
18630
18640
18642
18644
2523
16092
16093
16095
18591
18593
18595
18618
18620
18622
18624
2526
2833
18619
18620
18621
2536
2834
18625
18628
18630
18631
18647
18648
18650
18843
18844
18846
2527
2537
2835
18626
18627
18628
13677
13678
13679
13684
13685
2538
2837
13689
13690
13692
13693
2532
13695
13701
13702
13705
13706
16014
16015
16018
16019
18632
18633
18636
18637
2535
13702
13703
13704
13709
13710
13711
2536
2838
18633
18634
18635
18640
18641
18642
13724
13725
13726
18647
18648
18649
2538
2839
13735
13736
13737
13749
4358
13751
13752
2541
2546
13754
13755
3946
13761
2543
2547
3947
13763
13765
13766
2548
4359
13768
13769
4358
13775
13777
13778
13779
13790
13791
13795
13796
2550
2553
13804
2552
2556
13805
13806
2555
2559
13808
13809
13812
13813
13817
13818
2558
2563
13822
13823
13825
13826
13828
13829
2561
2567
13831
13832
13836
13837
2569
13839
13840
13842
13843
13845
13846
2566
2575
13848
13849
13851
13852
13854
13855
2570
2579
13856
13857
13858
13860
13861
2572
2580
13863
13864
13866
13867
13869
2576
2589
13870
13871
13873
13874
13876
13877
2578
2592
13879
13880
13882
13883
13884
13886
13887
2583
2595
13889
13890
13893
13894
2585
2597
13896
13897
13899
2587
2600
13900
13901
13902
13903
2590
2603
13904
13905
13906
13908
13909
2593
2606
13911
13912
13914
13915
13917
13918
13920
13921
13923
13924
2598
2610
13928
13929
13931
13932
13934
13935
2601
2612
13937
13938
13939
4107
13942
13943
13944
4108
13949
13950
13951
2604
2615
4109
13956
13957
13958
4114
13965
13966
4115
13969
13970
13971
2607
2618
4116
13976
13977
13978
13984
13985
13987
13988
13989
2609
2621
13991
13992
13996
13997
14001
14002
2613
2625
14004
14005
14008
14009
14010
14015
14016
2616
2627
14020
14021
14022
4128
14028
14029
14030
4129
14035
14036
14037
2619
2630
4130
18654
18655
18656
4135
14057
14058
14059
4136
18661
18662
18663
2622
2634
4137
14064
14065
14066
14086
14087
14090
14091
14092
2624
2637
14097
14098
14104
14105
14108
14109
2628
2641
14111
14112
4146
14115
14116
14117
4147
14122
14123
14124
2631
2643
4148
14129
14130
14131
15885
18668
18669
18670
15886
18675
18676
18677
2635
2646
15887
19011
19012
19013
2649
14153
14154
14155
15892
18682
18683
18684
15893
18689
18690
18691
2638
2650
15894
18696
18697
18698
4153
14178
14179
4154
14183
14184
14185
2640
2653
4155
14190
14191
14192
14200
14201
14203
14204
2644
2658
14206
14207
4170
14210
14211
14212
4171
14217
14218
14219
2647
2660
4172
14224
14225
14226
15899
18703
18704
18705
15900
18710
18711
18712
2651
2663
15901
18717
18718
18719
14240
14241
15906
18724
18725
18726
15907
18731
18732
18733
2654
2668
15908
18738
18739
18740
4177
14269
14270
14271
4178
14276
14277
14278
2656
2673
4179
14283
14284
14285
14294
14295
2679
2840
14297
14298
2661
2684
14299
4186
14301
14302
14303
4187
14308
14309
14310
2664
2686
4188
18745
18746
18747
15913
18752
18753
18754
15914
18759
18760
18761
2669
2691
14339
14340
14343
14344
15915
18751
18753
18755
18757
18758
18760
18762
18764
2694
14334
14335
2671
2695
14340
14341
14342
15920
18766
18767
18768
14356
14357
14360
14361
15921
16056
16058
16060
16062
18772
18774
18776
18778
2674
2698
15922
18773
18774
18775
2701
14357
14358
14359
2702
14364
14365
4193
14370
14371
14372
4194
18780
18781
18782
2676
2705
4195
14377
14378
14379
14392
2716
2841
14393
2680
14397
14398
2682
2842
14401
14402
14403
14413
14414
14415
2683
2717
14420
14421
14422
14427
14428
14429
14442
14443
2687
2718
14444
18787
18788
18789
14446
14447
14448
2692
2720
14445
14447
14449
14451
14462
14463
14466
14467
18786
18788
18790
18792
2694
14455
14456
2696
2723
14463
14464
14465
2693
14476
14477
14480
14481
15927
2693
14483
14484
14487
14488
15928
2699
2725
14490
14491
14494
14495
15929
14470
14471
14472
2701
14477
14478
14479
2728
14484
14485
14486
2703
2729
2843
14491
14492
14493
2700
14504
14505
14508
14509
15934
16065
16066
16069
18774
18775
18778
2700
14511
14512
14515
14516
15935
2706
2732
14518
14519
14522
14523
15936
14498
14499
14500
2708
14505
14506
14507
2735
2844
14512
14513
14514
2709
2736
14519
14520
14521
14526
14527
14528
14532
14534
14536
14538
14547
14548
14551
14552
16063
16065
16067
16069
2710
2739
14533
14534
14535
14540
14541
2742
14548
14549
14550
14556
2712
2745
14557
14565
14566
14567
2715
2746
14572
14573
14574
2716
2845
14580
14581
14582
14594
14595
14598
14599
14600
14607
14608
14611
2721
2747
14612
2722
4530
4531
4534
4535
14622
14623
14626
14627
14614
14615
14616
2726
2749
14613
14615
14617
14619
14633
14634
14637
14638
2728
14623
14624
14625
2730
2752
14634
14635
14636
2727
14647
14648
14651
14652
15955
2727
14654
14655
14658
14659
15956
2733
2755
14661
14662
14665
14666
15957
14641
14642
14643
2735
2846
14648
14649
14650
2758
2847
14655
14656
14657
2737
2759
2848
14662
14663
14664
2734
14675
14676
14679
14680
15962
2734
14682
14683
14686
14687
15963
2740
2762
14689
14690
14693
14694
15964
14669
14670
14671
2742
2849
14676
14677
14678
2765
2850
14683
14684
14685
2743
2766
2851
14690
14691
14692
14697
14698
14699
14703
14705
14707
14709
14719
14720
14723
14724
2744
2769
14704
14705
14706
14711
14712
14713
2772
14720
14721
14722
14730
14731
14732
14735
14736
2750
2776
14738
14739
2751
4239
4542
4543
4546
4547
14750
14751
14754
14755
4240
18794
18795
18796
2756
2778
4241
14764
14765
14768
14769
18793
18795
18797
18799
2758
14751
14752
14753
2781
14758
14759
14760
2760
2782
14765
14766
14767
2757
14778
14779
14782
14783
15969
2757
14785
14786
14789
14790
15970
16078
16080
16082
2763
2783
14792
14793
14796
14797
15971
18808
18810
18812
14772
14773
14774
2765
14779
14780
14781
2786
14786
14787
14788
2767
14793
14794
14795
2764
14806
14807
14810
14811
15976
2764
14813
14814
14817
14818
15977
16085
16087
16089
2770
2787
14820
14821
14824
14825
15978
18815
18817
18819
14800
14801
14802
2772
14807
14808
14809
14814
14815
14816
2773
2790
14821
14822
14823
4246
14828
14829
14830
4247
14848
14849
14852
14853
18800
18802
18804
18806
2775
2791
4248
18801
18802
18803
14835
14836
14837
2794
14849
14850
14851
2795
14856
14857
14858
14862
14863
14867
14868
14869
2779
2797
14872
14873
14874
4266
14886
14887
14890
14891
14898
14899
14902
14903
16070
16071
16074
16075
16079
16080
16083
4267
14880
14881
14882
2784
2798
4268
14887
14888
14889
14894
14895
2786
14899
14900
14901
4273
18808
18809
18810
4274
14913
14914
14915
2788
2801
4275
14920
14921
14922
14927
14928
4280
18815
18816
18817
4281
14941
14942
14943
2792
2803
4282
14948
14949
14950
2794
14959
14960
4287
18822
18823
18824
4288
14969
14970
14971
2796
2805
4289
14976
14977
14978
14983
14984
14985
14990
14991
15001
15002
15003
15008
15009
15010
15013
15014
15015
15019
15020
2802
15022
15023
15025
15026
15027
15030
15031
15037
15038
15039
2806
15046
15047
15050
15051
15052
15056
15057
15059
15060
2809
2814
15064
15065
15066
15067
15068
2812
2819
15073
15074
2813
2821
15078
15079
15080
2824
15082
15083
15087
15088
15089
15090
2817
2827
15092
15093
15095
15096
15097
15101
15102
15103
2822
2829
15106
15107
15108
2824
15114
15115
15116
2825
2832
15119
15120
15121
15124
15125
15126
15130
15131
15132
2826
2833
15136
15137
15138
15141
15142
15143
2836
15148
15149
15150
15153
15154
15155
15156
2830
15158
18829
18830
18831
15160
15161
15162
2834
2838
18836
18837
18838
2836
15171
15172
15173
15186
15187
15188
18843
18844
18845
2837
2839
15193
15194
15195
15200
15201
15202
15218
15220
15221
15222
15230
15231
2842
15238
15239
15241
15242
15245
15246
15247
2844
2846
15252
15253
15255
15256
15257
15259
15260
2850
15262
15263
15265
15266
15268
15269
15271
15272
2854
2855
2856
4859
4865
16098
2855
2856
4735
4834
16099
4862
4868
4736
4863
16102
4835
4869
16103
2860
2861
4878
4879
16119
2861
4860
4880
2860
2861
4764
4861
16120
16123
4864
4882
16124
4899
4904
4911
2866
2867
2868
4924
4929
16147
2866
2868
4900
4930
2867
2868
4791
4901
16148
4926
4933
4792
4927
16151
4903
4934
16152
2870
4925
4945
4928
4943
4949
2875
2876
2877
4988
4995
2875
2876
4866
4989
2875
2877
2876
2877
4867
4965
4992
4997
4870
4993
4966
4998
2881
2882
5005
5007
16182
2882
4990
2881
2882
4881
4991
16183
4883
5006
16186
4994
5009
16187
2884
5026
5031
5036
4905
5029
5040
2889
2890
2891
5050
5057
2889
2890
4931
5051
2889
2891
5027
2890
2891
4932
5028
5054
5059
4935
5055
5030
5060
2893
4942
5053
5070
5056
5068
5074
2895
4996
5096
4999
5094
5099
5008
5093
5119
2898
5058
5137
5160
5061
5158
5163
2902
2903
2904
5222
5229
5239
2902
2903
5195
5223
2903
2904
5196
5240
5226
5231
5197
5227
5243
5232
5244
2909
2910
2911
5275
5281
5291
2909
2910
5207
5276
2909
2911
2910
2911
5208
5292
5278
5283
5209
5279
5295
5284
5296
2913
5322
5324
5328
5233
5323
5332
2915
5356
5358
5362
5285
5357
5366
2917
5390
5393
5399
5325
5391
5402
2919
2920
5426
5428
5434
5359
5427
5438
5430
5439
2922
5451
5455
5461
5394
5453
5463
2924
5452
5473
5454
5470
5475
2927
2928
5502
5504
16252
2927
2928
5429
5484
16253
5431
5503
16256
5485
5507
16257
2930
5519
5526
5535
5456
5524
5537
2935
2936
2937
5543
5544
5556
2935
2936
2935
2937
5521
5545
2936
2937
5469
5522
5557
5548
5471
5560
5525
5549
5561
5572
5579
5591
2943
2944
2945
5607
5609
16294
2943
2944
5505
2943
2945
5574
5610
2944
2945
5506
5575
16295
5613
5508
5608
16298
5578
5614
16299
2947
5626
5633
5642
5527
5631
5644
2952
2953
2954
5650
16322
18954
2952
2953
4646
5546
5651
2952
2954
4647
5628
16323
2953
2954
5547
5629
18955
4648
5654
16326
5550
5655
18958
5632
16327
18959
2959
2960
2961
5688
5695
5702
2959
2960
4657
5580
5689
2959
2961
5696
2960
2961
5581
5703
4658
5692
5699
5583
5693
5706
5700
5707
2966
2967
2968
5716
5718
16336
2966
2967
5611
2966
2968
4668
5690
5719
2967
2968
5612
5691
16337
5722
5615
5717
16340
5694
5723
16341
2970
5735
5742
5749
5634
5740
5751
2973
5759
5778
2973
5678
5760
5781
5763
5780
5783
2978
2979
2980
5807
16371
16378
2978
2979
4683
5697
16372
2978
2980
4684
5791
5808
2979
2980
5698
5792
16379
4685
5811
16375
5701
16376
16382
5793
5812
16383
2985
2986
2987
5821
5823
16385
2985
2986
5720
2985
2987
4695
5824
16373
2986
2987
5721
16374
16386
5826
5724
5822
16389
5827
16377
16390
2992
2993
2994
5854
5861
2992
2993
5766
5855
2992
2994
2993
2994
5767
5838
5858
5863
5770
5859
5840
5864
2997
5856
2997
5779
5857
5876
5860
5874
5880
3002
3003
3004
5908
5915
3002
3003
5809
5909
3002
3004
5889
5916
3003
3004
5810
5890
5912
5919
5813
5913
5891
5920
3006
3007
5825
5911
5929
5828
5932
5914
5927
5933
3009
5940
5947
5865
5942
5951
3011
5873
5941
5969
5943
5967
5973
3014
3015
6008
6010
16420
3014
3015
5918
5986
16421
5921
6009
16424
5987
6012
16425
5966
6032
6053
6011
6074
6098
6116
6139
6146
6174
6207
6213
3022
3023
6248
6251
6259
3022
3023
6138
6226
6260
6140
6249
6263
6227
6253
6264
3025
3026
6295
6299
6307
6297
6311
6301
6312
3028
6206
6296
6324
6298
6322
6328
3033
3034
3035
6368
6375
3033
3034
6369
3033
3035
6376
3034
3035
6252
6342
6372
6379
6254
6373
6343
6380
3037
6273
6371
6394
6374
6391
6398
3042
3043
3044
6435
6442
16462
3042
3043
6436
3042
3044
6443
3043
3044
6300
6411
16463
6439
6446
6302
6440
16466
6412
6447
16467
3047
6456
6460
3047
6321
6438
6461
6441
6458
6465
3052
3053
3054
6508
6515
3052
3053
6377
6509
3052
3054
6481
6516
3053
3054
6378
6482
6512
6519
6381
6513
6484
6520
3058
3059
6529
6530
16469
3059
6510
6531
3058
3059
6390
6511
16470
6392
16473
6514
6535
16474
6550
6555
6564
3065
3066
3067
6575
6582
3065
3066
6444
6576
3065
3067
6551
6583
3066
3067
6445
6552
6579
6586
6448
6580
6554
6587
3071
3072
6596
6601
3072
6577
6597
3071
3072
6457
6578
6602
6459
6605
6581
6599
6606
3077
3078
3079
6642
6649
3077
3078
6517
6643
3077
3079
6620
6650
3078
3079
6518
6621
6646
6653
6521
6647
6623
6654
3084
3085
3086
6663
6668
3084
3085
6532
3084
3086
4704
6644
6669
3085
3086
6533
6645
6665
6672
6536
6666
6648
6673
3089
3090
3091
6707
6714
6728
3090
3091
6729
6711
6718
6556
6712
6732
6719
6733
3096
3097
3098
6735
6742
3096
3097
4714
6584
6736
3096
3098
4715
6709
6743
3097
3098
6585
6710
4716
6739
6746
6588
6740
6713
6747
3102
3103
6758
3103
6737
3102
3103
6598
6738
6759
6600
6762
6741
6757
6763
3108
3109
3110
6790
16511
3108
3109
6651
16512
3108
3110
6791
3109
3110
6652
6774
4720
6794
16515
6655
16516
6775
6795
18849
18850
18851
3113
3116
4752
4753
4756
15399
15401
15403
15404
3117
4759
4760
4763
15419
18850
18852
18854
18855
3115
3116
15400
15402
15403
15404
3117
15573
16498
16500
16502
16526
16528
16530
18851
18853
18854
18855
3117
15422
15574
15423
15575
3122
3123
3124
6797
16525
3122
3123
3122
3124
4765
18850
3123
3124
6689
16526
18851
4766
6798
6691
6799
16529
16530
18854
3126
3127
6813
6820
6827
6817
6824
6818
6830
18856
18857
18858
3130
3133
4808
4809
4812
15406
15408
15410
15411
3134
4815
4816
4819
15433
18857
18859
18861
18862
3132
3133
15407
15409
15410
15411
16505
16507
16509
16540
16542
16544
3134
15587
18858
18860
18861
18862
3134
15436
15588
15437
15589
3136
6756
6836
6850
6839
6848
6854
3141
3142
3143
6870
16560
3141
3142
4839
6792
3141
3143
6871
3142
3143
6793
6861
16561
4840
6874
6796
16564
6862
6875
16565
18863
18864
18865
3146
3149
15421
16128
16129
16132
3150
3152
3167
4894
4895
4898
18864
18866
18868
18869
3148
3149
15423
3150
3154
15594
16533
16535
16537
18865
18867
18868
18869
3150
3170
15425
15595
3156
3171
15596
3153
3155
15426
15429
15430
15431
16135
16136
16139
3153
3156
4919
4920
4923
15427
15429
15431
15432
3157
3174
15434
16142
16143
16146
3155
3156
15428
15430
15431
15432
16547
16549
16551
3157
15436
15601
3157
3177
15602
3178
15438
15603
3159
6847
6880
6891
6883
6894
3164
3165
3166
6902
6908
3164
3165
4969
6872
3164
3166
3165
3166
6873
6909
4971
6905
6876
6912
6906
6913
3169
3171
5014
5015
5018
3169
3172
15442
16191
16192
16195
3173
3175
5021
5022
5025
16631
16633
16635
3171
3172
15444
3173
3177
18926
3173
15446
18927
3179
18928
3176
3178
16198
16199
16202
3176
3179
5045
5046
5049
15455
15457
15459
3180
15448
16205
16206
16209
3178
3179
3180
15450
18933
3180
18934
15452
18935
3183
3184
6953
6962
16602
3183
3184
6903
16603
16606
6907
6966
16607
3188
3189
3190
7034
7041
16672
3188
3189
7035
16618
3189
3190
7015
16619
16673
7038
7039
16622
16676
7017
7042
16677
3195
3196
3197
7061
7068
3195
3196
7062
16639
3195
3197
7036
3196
3197
7037
16640
7065
7066
16643
7040
7070
3202
3203
3204
7076
7083
3202
3203
6984
7077
3202
3204
7063
3203
3204
6985
7064
7080
6988
7081
7067
7085
3209
3210
3211
7091
7097
3209
3210
7092
16653
3209
3211
7078
3210
3211
7079
16654
7094
7095
16657
7082
7099
3213
3214
6996
7093
7118
6999
7121
7096
7122
7071
7144
7149
7086
7173
7178
3218
7409
7410
7418
7378
7412
7423
7439
7441
7449
7440
7471
7479
3223
3224
7597
7601
16735
3223
3224
16736
7379
7599
16739
7574
7606
16740
3227
3228
7614
7618
16756
3227
3228
7411
7598
16757
7413
7616
16760
7600
7623
16761
3231
3232
7631
7635
16777
3231
3232
7442
7615
16778
7444
7633
16781
7617
7639
16782
3235
3236
7648
7652
16798
3235
3236
7470
7632
16799
7472
7650
16802
7634
7656
16803
7651
7668
7676
3239
7754
7756
7764
7758
7769
3242
3243
3244
7785
7792
16833
3243
3244
16834
7789
7795
7575
7790
16837
7755
7796
16838
3249
3250
3251
7805
7812
3249
3250
7603
7806
3249
3251
7787
7813
3250
3251
7604
7788
7809
7816
7607
7810
7791
7817
3256
3257
3258
7826
7833
3256
3257
7620
7827
3256
3258
7807
7834
3257
3258
7621
7808
7830
7837
7624
7831
7811
7838
3263
3264
3265
7847
7854
3263
3264
7636
7848
3263
3265
7828
7855
3264
3265
7637
7829
7851
7858
7640
7852
7832
7859
3270
3271
3272
7868
7875
3270
3271
7654
7869
3270
3272
7849
7876
3271
3272
7655
7850
7872
7879
7657
7873
7853
7880
3277
3278
3279
7889
7894
3277
3278
7666
3277
3279
7870
7895
3278
3279
7667
7871
7891
7898
7669
7892
7874
7899
3281
7907
7909
7917
7893
7911
7922
3284
3285
7971
7976
7981
3284
3285
7757
7982
7759
7974
7985
7986
3290
3291
3292
7995
8002
3290
3291
7793
7996
3290
3292
7972
8003
3291
3292
7794
7973
7999
8005
7797
8000
7975
8006
3297
3298
3299
8014
8021
3297
3298
5193
7814
8015
3297
3299
7997
8022
3298
3299
7815
7998
8018
8025
7818
8019
8001
8026
3304
3305
3306
8035
8042
3304
3305
7835
8036
3304
3306
8016
8043
3305
3306
7836
8017
8039
8046
7839
8040
8020
8047
3311
3312
3313
8056
8063
3311
3312
7856
8057
3311
3313
8037
8064
3312
3313
7857
8038
8060
8067
7860
8061
8041
8068
3318
3319
3320
8077
8084
3318
3319
7877
8078
3318
3320
8058
8085
3319
3320
7878
8059
8081
8088
7881
8082
8062
8089
3325
3326
3327
8098
8105
3325
3326
7896
8099
3325
3327
8079
8106
3326
3327
7897
8080
8102
8108
7900
8103
8083
8109
3331
3332
8117
8121
16910
3332
8100
3331
3332
7910
8101
16911
7912
8119
16914
8104
8123
16915
3334
8004
8156
8007
8155
8159
3337
8167
8172
3337
8024
8154
8173
8027
8170
8176
3341
3342
8183
8187
16931
3341
8044
3341
3342
8045
8169
16932
8048
8185
16935
8171
8188
16936
3345
3346
8204
8209
16945
3345
3346
8066
8184
16946
8069
8207
16949
8186
16950
3350
3351
8226
16959
3350
8086
3350
3351
8087
8206
16960
8090
8228
16963
8208
16964
3353
8107
8227
8242
8110
8241
8245
3355
8329
8335
8303
8331
8340
3357
8356
8360
8364
8305
8358
8368
3360
3361
8385
8387
16987
3360
3361
8330
8357
16988
8332
8386
16991
8359
8389
16992
3944
15368
3948
15370
3368
3369
3370
8458
8465
8479
3368
3369
5241
8430
8459
3368
3370
5242
8452
8466
3369
3370
8431
8453
8480
5245
8462
8469
8432
8463
8483
8454
8470
8484
3373
5268
8460
8507
3373
8461
8510
8464
8509
8512
3378
3379
3380
8528
8535
8549
3378
3379
5293
8441
8529
3378
3380
5294
8516
8536
3379
3380
8442
8517
8550
5297
8532
8539
8443
8533
8553
8518
8540
8554
3383
5320
8530
3383
8531
8577
15369
8534
8579
3388
3389
3390
8580
8587
8601
3388
3389
5330
8467
8581
3388
3390
5331
8588
3389
3390
8468
8602
5334
8584
8591
8471
8585
8604
8592
8605
3393
8582
3393
8508
8583
8620
8586
3398
3399
3400
8625
8632
8646
3398
3399
5364
8537
8626
3398
3400
5365
8621
8633
3399
3400
8538
8622
8647
5368
8629
8636
8541
8630
8650
8623
8637
8651
3404
3405
8665
8672
8684
3404
3405
5400
8589
8666
3404
5401
8673
5403
8669
8675
8593
8670
8685
5416
8667
8694
3411
3412
3413
8701
8706
8718
3411
3412
5436
8634
8702
3411
3413
5437
8697
8707
3412
3413
8635
8719
5440
8704
8710
8638
8705
8720
8711
8721
3416
3417
8728
8735
3416
3417
5462
8674
8729
5464
8732
8737
8676
8733
3420
3421
5474
8730
8754
3421
8695
8731
5476
8757
8734
8758
3426
3427
3428
8774
8778
8789
3426
3427
8708
8775
16254
3426
3428
8762
8779
16255
3427
3428
8709
8763
8790
8776
8782
16258
8712
8777
8791
8765
8783
8792
3431
3432
8797
16994
3431
3432
5536
8736
16995
5538
8799
16998
8738
16999
3437
3438
3439
8810
3437
3438
5558
8755
3437
3439
5559
8811
16996
3438
3439
8756
8820
16997
5562
8809
8814
8759
8815
8821
17000
5594
8830
8834
3443
3444
8865
17015
3443
3444
5643
8798
17016
5645
8867
17019
8800
17020
3448
3449
8905
8912
17036
3448
3449
5704
8833
17037
3448
5705
8906
5708
8909
17040
8835
17041
3452
3453
8944
17057
3452
3453
5750
8866
17058
5752
8946
17061
8868
17062
3456
5782
8989
17066
3456
17067
8992
17070
5842
8945
9054
3462
3463
3464
9092
9101
3462
3463
5877
8990
3462
3464
5878
9093
3463
3464
8991
9102
5881
9096
9097
9104
3469
3470
3471
9163
3469
3470
5930
9035
9162
3469
3471
5931
9164
3470
3471
9036
9168
5934
9166
9039
9170
9167
9171
3476
3477
3478
9178
9185
3476
3477
5949
17087
3476
3478
5950
9174
9179
3477
3478
9175
9186
17088
5953
9182
9189
17091
9176
9183
9190
3481
3482
9219
9225
17134
3481
3482
5990
9120
17135
5991
9222
17138
9121
9227
17139
3485
9237
3485
9165
9238
9263
9241
3490
3491
3492
9264
9271
3490
3491
6033
9180
3490
3492
9265
3491
3492
9181
9272
6035
9268
9184
9275
9269
9276
3497
3498
3499
9317
9324
3497
3498
6076
9220
3497
3499
9318
3498
3499
9221
9325
6077
9321
9224
9328
9322
9329
3502
3503
9366
9371
17190
3502
3503
6119
9266
17191
6120
9369
17194
9270
9375
17195
3506
6168
9392
17206
3506
9313
9397
17207
9395
9399
17210
3510
3511
3512
9449
9455
17246
3510
3511
6230
9367
17247
3511
3512
9368
9456
6231
9452
17250
9370
9459
17251
9453
9460
3515
3517
3522
3523
3526
6268
6269
6272
17213
17214
17217
3515
3518
16429
16430
16433
17254
17256
17258
3519
3540
9470
9472
9474
16436
16437
16440
3517
3518
3519
9477
9479
9481
17219
17221
17223
18087
18088
18090
3519
3543
3544
9484
9485
9487
18094
18095
18097
3524
3525
3526
9469
9476
3524
3525
6275
9393
3524
3526
6276
9470
3525
3526
9394
9477
6278
9473
9396
9480
9474
9481
3529
3531
6316
6317
6320
15526
15527
15530
3529
3532
9498
9500
9502
16443
16444
16447
3533
3558
16450
16451
16454
17261
17263
17265
3531
3532
9505
9507
9509
15840
15841
15843
17233
17235
17237
3533
3533
3561
9512
9513
9515
18101
18102
18104
3562
3537
3538
3539
9544
9548
17267
3537
3538
6349
9450
17268
3538
3539
9451
9549
6350
9546
17271
9454
9552
17272
9553
3542
3544
3549
3550
3553
16457
16458
16461
3542
3545
17275
17277
17279
3546
15538
17282
17284
17286
3544
3545
3546
9572
9574
9576
3546
15541
15542
17289
17290
17292
3551
3552
3553
9562
9571
17281
3551
3552
6395
9471
9563
3551
3553
6396
17282
3552
3553
9472
9572
6399
9564
17285
9475
9565
9575
9576
17286
3556
3557
9587
9594
9599
3556
3557
9588
6417
9591
9597
9592
9601
3560
3562
15533
15534
15537
3560
3563
17296
17298
17300
3564
15545
17310
17312
17314
3562
3563
9604
9606
9608
3564
3564
15548
17303
17304
17306
15549
3567
3568
9639
9643
17316
3567
3568
6490
9545
17317
6491
9641
17320
9547
9647
17321
3573
3574
3575
9688
9695
3573
3574
6565
9595
3573
3575
6566
9689
3574
3575
9596
9696
6568
9692
9598
9699
9693
9700
3578
3579
9730
9741
17351
3578
3579
6626
9640
17352
6627
9732
17355
9642
9743
17356
3582
3584
15540
3582
3585
9735
9737
9739
3586
3599
3584
3585
15543
17359
17361
17363
3586
15544
3586
3602
17366
17367
17369
3603
3589
6692
9750
17374
3589
9684
9756
17375
9754
9758
17378
3592
3594
15547
15568
15569
15572
3592
3595
3596
3612
9791
9793
9795
3594
3595
15550
3596
15551
17394
17396
17398
3596
3615
3616
17401
17402
17404
3598
9809
9823
9733
9814
9825
3601
3603
3601
3604
9817
9819
9821
16520
16521
16524
3605
15574
3603
3604
9828
9830
9832
3605
15576
3605
9837
9838
9840
15578
3609
3610
3611
9855
17428
17435
3609
3610
6828
17429
3609
3611
6829
9845
17436
6832
17432
17439
9858
17433
9848
9859
17440
3614
3616
3621
3622
3625
3614
3617
15589
3618
9864
9866
9868
16555
16556
16559
3616
3617
15591
3618
9871
9873
9875
3618
15593
9882
9883
9885
3623
3624
3625
9861
9863
9870
3623
3624
6851
9792
3623
3625
6852
9864
3624
3625
9793
9871
6855
9867
9796
9862
9874
9868
9875
3628
3630
15423
15575
3628
3631
9919
9921
9923
15424
3632
3647
15425
15595
3630
3631
15578
3632
15579
15597
3632
3650
3651
15599
3635
3637
15437
15589
3635
3638
15438
15603
3639
3654
9926
9928
9930
15439
3637
3638
15592
15605
3639
15593
3639
3657
15607
3658
3644
3645
3646
9932
9939
3644
3645
6892
9865
3644
3646
6893
9933
3645
3646
9866
9940
9936
9869
9943
9937
9944
3649
3651
15444
3649
3652
15445
3653
15446
15622
18927
3651
3652
3653
18929
3653
15625
15626
18931
3656
3658
3663
3664
3667
15451
3656
3659
15452
18935
3660
15453
15643
3658
3659
18937
3660
3660
15646
18939
15647
3665
3666
3667
17470
3665
3666
9927
17471
3665
3667
3666
3667
9928
17474
9931
17475
3671
3672
9981
9985
3672
6950
9982
17472
3671
3672
9935
9986
17473
9938
9989
9984
9990
17476
3675
10023
17507
3675
9983
10026
17508
10025
10028
17511
3680
3681
3682
10033
10037
3680
3681
7018
10011
3680
3682
3681
3682
10012
10038
7020
10034
10015
10041
10035
10042
3685
3687
15624
3685
3688
3698
3700
3702
7049
7050
7053
15298
15300
15302
3689
7056
7057
7060
15651
17541
17543
17545
3687
3688
15627
3689
4166
15628
15653
3689
4167
17527
17528
17530
4168
15655
3692
3694
15645
16709
16710
16713
3692
3695
7105
7106
7109
15659
15665
15667
15669
3696
7112
7113
7116
10105
10107
10109
15305
15307
15309
3694
3695
15648
15661
3696
4173
15649
3696
4174
15663
4175
17534
17535
17537
3701
3702
3703
10097
17540
3701
3702
7133
17541
3701
3703
10077
10098
3702
3703
10078
7134
10101
17544
17545
10080
10102
3706
3708
7154
7155
7158
15652
3706
3709
7161
7162
7165
15672
15674
15676
17548
17550
17552
3710
3712
7168
7169
7172
17583
17585
17587
3708
3709
15655
3710
3714
15656
15909
3710
15910
3716
15911
3713
3715
7183
7184
7187
15659
15666
15667
15670
3713
3716
7190
7191
7194
15679
15681
15683
3717
7197
7198
7201
17562
17564
17566
17604
17606
17608
3715
3716
15662
3717
15663
15916
3717
15917
15918
3722
3723
10119
3722
15306
3723
10106
3722
3723
10107
10120
15307
10123
15310
10110
10118
10124
3727
3728
3729
10140
10147
10153
3727
3728
10099
10141
3728
3729
10100
10154
10144
10150
10103
10145
10157
10151
10158
3734
3735
3736
10167
17624
3734
3735
10168
17563
3734
3736
7256
17605
17625
3735
3736
17564
17606
7257
10170
17628
10171
17567
17609
17629
3738
10206
10208
10221
10212
10226
3743
3744
3745
10258
17645
17659
3743
3744
10148
17646
3743
3745
10259
3744
3745
10149
17660
7263
10262
17649
10152
17650
17663
10243
10263
17664
10271
10281
10285
3748
10302
10304
10317
10309
10321
3752
10337
10349
3752
10209
10338
3752
10210
10350
10213
10342
10352
3755
3757
7390
7391
7394
15699
15702
15703
15705
17654
17655
17658
3755
3758
7397
7398
7401
10414
10416
10418
15700
15702
15704
15705
3759
3761
7404
7405
7408
15713
3757
3758
10421
10423
10425
15701
15703
15704
15705
3759
3763
4235
3759
4236
10432
10433
10435
15716
3765
4237
15717
3762
3764
7427
7428
7431
3762
3765
16716
16717
16720
3766
3768
7434
7435
7438
15720
3764
3765
3766
3770
15965
3766
15723
15966
3772
15724
15967
3769
3771
7458
7459
7462
3769
3772
7465
7466
7469
3773
3775
15727
16723
16724
16727
3771
3772
3773
3777
15972
3773
15730
15973
3779
15731
15974
18870
18871
18872
3776
3779
7488
7489
7492
3780
7495
7496
7499
10439
10441
10443
15734
18871
18873
18875
18876
3778
3779
3780
4242
10449
10451
10453
18872
18874
18875
18876
3780
4243
15737
4244
10456
10457
10459
15738
3785
3786
3787
10438
10448
3785
3786
3785
3787
7500
10439
18871
3786
3787
10280
10449
18872
10442
10282
10452
10443
10453
18875
3791
3792
3793
10472
17708
17715
3791
3792
7509
17709
3791
3793
7510
17716
7511
17712
17719
10473
17713
10474
17720
3798
3799
3800
10497
10501
10506
3798
3799
7528
10306
10498
3798
3800
7529
10502
17710
3799
3800
10307
10507
17711
10504
10310
10500
10510
10505
10511
17714
3804
3805
3806
10523
10532
17729
3804
3805
7531
17696
17730
3805
3806
10533
17697
7532
10524
17733
10535
17700
17734
10536
3810
3811
3812
10589
10596
17736
3810
3811
7582
10411
17737
3810
3812
10590
7583
10593
17740
10412
10598
17741
10594
3816
3817
3818
10631
10638
17771
3816
3817
7692
17772
3816
3818
7693
10632
7695
10635
17775
17776
10636
3823
3824
3825
10731
10737
3823
3824
7766
10586
10732
3823
3825
7767
18970
3824
3825
10587
10738
18971
7770
10735
10740
18974
3828
3830
15762
15765
15766
15768
3828
3831
15763
15765
15767
15768
16842
16843
16846
17779
17781
17783
3832
15770
15371
15372
15373
3832
15372
15374
15376
15377
15772
17751
17753
17755
18486
18487
18489
3832
10752
10753
10755
13223
13224
13226
15373
15375
15376
15377
15774
18877
18878
18879
3835
3838
15792
3839
16856
16857
16860
17786
17788
17790
18878
18880
18882
18883
3838
15379
15381
15383
15384
15794
15980
15981
15983
17765
17767
17769
15378
15379
15380
3839
15796
10773
10774
10776
13283
13284
13286
15380
15382
15383
15384
3844
3845
10758
10765
17785
3844
7919
10759
3844
3845
7920
17786
18878
3845
18879
7923
10762
17789
10767
17790
18882
3848
17794
3848
10667
10819
17795
10820
17798
3850
7962
10700
10822
10704
10826
10833
3855
3856
3857
10880
18996
19003
3855
3856
16912
17787
18997
3855
3857
10881
16913
3856
3857
17788
19004
10884
16916
19000
17791
19001
19007
10885
19008
3862
3863
3864
10896
10901
3862
3863
8141
10894
3862
3864
8142
10897
18998
3863
3864
10902
18999
8145
10899
10895
10905
10900
10906
19002
3867
8149
10914
17801
3867
17802
10918
10921
17805
3872
3873
3874
3872
3873
8157
10926
18984
3872
3874
8158
10915
3873
3874
10916
10931
18985
8160
10929
10930
10933
18988
10919
10934
3879
3880
10938
3879
3880
8174
10939
17843
3879
8175
10927
3880
10928
10946
17844
8178
10942
10943
10948
17847
3885
3886
3887
10981
3885
3886
10982
16961
3885
3887
10987
16962
17920
3886
3887
10988
17921
10985
16965
10986
10990
10991
17924
3891
3892
8243
10996
17871
3891
8244
10983
3892
10984
11002
17872
8247
10999
11000
11004
17875
3897
3898
3899
3897
3898
8254
10882
11009
3897
3899
8255
10997
3898
3899
10883
10998
11012
10886
11011
11014
11001
11015
3904
3905
3906
11018
11032
17932
3904
3905
8258
10955
17933
3904
3906
11019
3905
3906
10956
11033
8259
11022
17936
10959
11035
17937
11023
11036
3911
3912
3913
11092
11099
11106
3911
3912
8278
11020
11093
3911
3913
11100
3912
3913
11021
11107
8279
11096
11103
11024
11097
11110
11104
11111
3918
3919
3920
11127
11141
17967
3918
3919
8290
11060
11128
3918
3920
8291
11094
17968
3919
3920
11061
11095
11142
8292
11131
17971
11064
11132
11145
11098
11146
17972
3925
3926
3927
17981
17988
3925
3926
8311
11101
3925
3927
8312
11163
17982
3926
3927
11102
11164
17989
8314
17985
11105
17992
11165
17986
17993
3930
11183
11188
3930
11184
11192
11187
11190
11194
3934
3935
11228
3935
8412
11225
18018
3934
3935
11189
11229
18019
11191
11232
11227
11233
18022
3940
3941
3942
11246
18030
18037
3940
3941
8414
18011
18031
3940
3942
3941
3942
11242
18012
18038
8416
18034
18015
18035
18041
18042
11226
11265
11285
15385
4358
15386
15387
4359
15388
3954
3955
3956
11316
11323
11336
3954
3955
8481
11288
11317
3954
3956
8482
11310
11324
3955
3956
11289
11311
11337
8485
11320
11326
11290
11321
11340
11312
11327
11341
3959
8511
11318
11355
3959
11319
11358
11322
11357
11360
3964
3965
3966
11374
11381
11394
3964
3965
8551
11299
11375
3964
3966
8552
11363
11382
3965
3966
11364
11395
8555
11378
11385
11300
11379
11398
11365
11386
11399
3969
8578
11376
3969
11377
11413
15387
11380
11415
8603
11325
11416
8648
11383
11417
3973
9073
11418
9077
11420
11423
3976
9143
11433
3976
9144
11435
9147
11434
11438
3979
3980
11443
11450
3979
3980
9187
11422
11444
9191
11447
11452
11448
3985
3986
11468
3985
11430
17122
3985
3986
11445
11469
17123
3986
11446
11467
11472
17126
11449
11473
9228
11483
11486
3992
3993
3994
11496
11500
11511
3992
3993
11436
11497
3992
3994
11481
11501
3993
3994
11437
11482
11498
11504
11439
11499
11484
11505
11512
3997
3998
11517
11524
3997
3998
9273
11451
11518
9277
11521
11526
11453
11522
4003
4004
4005
11543
11548
11561
4003
4004
11470
11544
4003
4005
11519
11549
4004
4005
11471
11520
11562
11546
11552
11474
11547
11563
11523
11553
11564
4009
4010
11570
11577
4009
4010
9326
11485
11571
4009
9327
11578
9330
11574
11581
11575
4015
4016
4017
11599
11603
11614
4015
4016
11502
11600
4015
4017
11572
11604
4016
4017
11503
11573
11615
11601
11607
11506
11602
11616
11576
11608
11617
4021
4022
11622
18051
4021
4022
9373
11525
18052
4021
9374
11623
9377
11625
18055
11527
18056
9398
11642
11676
4028
4029
4030
11683
11690
18065
4028
4029
9421
11579
18066
4028
4030
9422
11679
11684
4029
4030
11580
9425
11687
18069
11582
11691
18070
11688
11692
4034
4035
11735
11742
18079
4034
4035
9457
11624
18080
4034
9458
11736
9461
11739
18083
11626
11743
18084
4038
4039
9479
11788
18088
4039
11677
18089
9482
11791
11792
11794
18092
4044
4045
4046
11868
11875
4044
4045
9550
11737
4044
4046
9551
11869
4045
4046
11738
9554
11872
11741
11877
11873
4051
4052
4053
11926
4051
4052
9573
11789
4051
4053
9574
11927
4052
4053
11790
11936
9577
11925
11930
11793
11931
11938
9602
11948
11952
4059
4060
4061
12033
12040
4059
4060
9645
11870
4059
4061
9646
12034
4060
4061
11871
9649
12037
11874
12042
12038
4065
4066
12117
12124
18107
4065
4066
9697
11951
18108
4065
9698
12118
9701
12121
18111
11953
18112
4070
4071
12203
12207
18114
4070
4071
9742
12035
18115
4071
12036
9744
12205
18118
12039
12209
18119
4073
9757
12251
12282
12255
12286
4078
4079
4080
12298
18142
4078
4079
12119
17388
4078
4080
12289
17389
18143
4079
4080
12120
12299
17392
18146
12123
12301
12290
12302
18147
4083
4084
12375
4083
4084
9824
12204
12376
9826
12379
12382
12206
12380
12390
4089
4090
4091
12438
12442
4089
4090
12283
17416
4089
4091
17417
4090
4091
12284
12443
12440
17420
12445
4094
4095
12462
12469
18191
4094
4095
9857
12439
18192
9860
12466
18195
12441
12470
18196
4100
4101
4102
12524
12528
12536
4100
4101
9872
12525
18158
4100
4102
9873
12529
4101
4102
12537
18159
9876
12526
12532
12527
12540
18162
12533
12541
4105
4107
15598
18186
18187
18190
4105
4108
15599
4109
4111
4124
15600
18884
18885
18886
4109
4113
12456
12458
12460
13942
13943
13945
18885
18887
18889
18890
4109
4127
13949
13950
13952
18255
18256
18258
18886
18888
18889
18890
4115
4128
13956
13957
13959
4112
15605
18891
18894
18895
18897
4112
4115
15606
4116
4131
15607
4115
4418
4419
4421
12476
12478
12480
18892
18894
18896
18897
18891
18892
18893
4116
4134
13969
13970
13972
4135
13976
13977
13979
18269
18270
18272
18893
18895
18896
18897
4121
4122
4123
12610
4121
4122
9941
12530
4121
4123
9942
12611
4122
4123
12531
12616
9945
12614
12534
12618
12615
12619
4126
4128
18930
4126
4129
18931
4130
4132
15881
18932
4128
4129
4437
4438
4440
4130
4134
14028
14029
14031
4130
14035
14036
14038
15884
4136
15885
18654
18655
18657
4133
4135
18937
4133
4136
18938
4137
15888
18939
4135
4136
4444
4445
4447
4137
14057
14058
14060
4137
15891
18661
18662
18664
14064
14065
14067
15892
9987
12612
4141
9988
12675
18347
4141
12613
12678
18348
12677
12679
18351
4144
4146
15626
4144
4147
15627
4148
4166
15628
15882
18898
18899
18900
4148
14115
14116
14118
15884
18899
18901
18903
18904
4148
4169
12715
12716
12718
14122
14123
14125
18900
18902
18903
18904
4170
14129
14130
14132
15886
4151
15647
18905
18908
18909
18911
4151
4154
15648
15890
4155
4173
15649
4154
4466
4467
4469
15892
18906
18908
18910
18911
18905
18906
18907
4155
4176
14183
14184
14186
15894
4177
12742
12743
12745
14190
14191
14193
18907
18909
18910
18911
4158
10027
12754
18368
4158
12676
18369
12756
18372
4163
4164
4165
12757
12763
4163
4164
10039
12690
4163
4165
10040
12758
4164
4165
12691
12764
10043
12760
12694
12766
12761
4168
4170
4168
4171
18374
18376
18378
4172
4182
15896
4170
4171
4476
4477
4479
12769
12771
12773
4172
14210
14211
14213
15898
4172
4185
12779
12780
12782
14217
14218
14220
4186
14224
14225
14227
15900
4175
4177
4175
4178
15904
4179
4189
18381
18383
18385
4177
4178
4483
4484
4486
15906
4179
12799
12801
12803
14269
14270
14272
4179
4192
14276
14277
14279
15908
4193
12812
12813
12815
14283
14284
14286
4181
10082
12759
12822
12762
12826
4184
4186
4184
4187
12829
12831
12833
17556
17557
17560
4188
15910
4186
4187
4493
4494
4496
12836
12838
12840
4188
14301
14302
14304
15912
4188
12843
12844
12846
14308
14309
14311
15914
18745
18746
18748
4191
4193
4198
4199
4202
4191
4194
15918
4195
12852
12854
12856
17570
17571
17574
4193
4194
4500
4501
4503
15920
4195
12859
12861
12863
14370
14371
14373
4195
15922
18780
18781
18783
12866
12867
12869
14377
14378
14380
4200
4201
4202
12851
12858
4200
4201
10121
12849
18382
4200
4202
10122
12852
4201
4202
12859
18383
10125
12855
12850
12862
18386
12856
12863
4207
4208
4209
12929
12934
4207
4208
12853
4207
4209
10194
12930
4208
4209
12854
12935
12857
12938
12932
12939
4211
12979
12991
12872
12984
12993
4215
4216
4217
13050
13057
4215
4217
10284
13051
18445
4216
4217
12931
13058
18446
13054
12933
13060
13055
13061
18449
4221
4222
4223
13067
13073
18464
4221
4222
10318
18465
4221
4223
10319
13068
10322
13070
18468
13074
18469
13071
4228
4229
4230
13088
13090
18478
4228
4229
10330
12957
4228
4230
10331
13091
18466
4229
4230
12958
18467
18479
10333
13093
12960
13089
18482
13094
18470
18483
4233
4234
10351
13104
18424
4234
18425
10353
13106
13107
18428
4237
4239
4237
4240
13118
13120
13122
4241
4262
15966
18912
18913
18914
4241
15968
18913
18915
18917
18918
4241
4265
13130
13131
13133
18794
18795
18797
18914
18916
18917
18918
4266
15970
4244
4251
4252
4255
18919
18922
18923
18925
4244
4247
15974
4248
4283
13137
13139
13141
4247
15976
18920
18922
18924
18925
18919
18920
18921
4248
4286
15978
4287
13151
13152
13154
18801
18802
18804
18921
18923
18924
18925
4253
4254
4255
13136
13145
4253
4254
10450
13052
4253
4255
10451
13137
4254
4255
13053
13146
10454
13140
13056
13148
13141
13149
4258
4259
10508
13069
13157
4258
10509
10512
13159
13072
13160
4261
10597
13115
13162
10599
13165
13169
4264
4266
15717
4264
4267
13172
13174
13176
15718
4268
4270
15719
4266
4267
13179
13181
13183
16071
16072
16074
4268
4272
4268
13186
13187
13189
14880
14881
14883
4274
14887
14888
14890
4271
4273
15724
15967
4271
4274
15725
4275
4277
15726
4273
4274
15970
16078
16079
16081
4275
4279
15971
18808
18809
18811
4275
14913
14914
14916
4281
14920
14921
14923
18507
18508
18510
4278
4280
15731
15974
4278
4281
15732
4282
4284
15733
4280
4281
15977
16085
16086
16088
4282
4286
15978
18815
18816
18818
4282
14941
14942
14944
18514
18515
18517
4288
14948
14949
14951
4285
4287
4292
4293
4296
15738
4285
4288
15739
4289
13195
13197
13199
15740
4287
4288
4289
13205
13207
13209
18822
18823
18825
4289
14969
14970
14972
13212
13213
13215
14976
14977
14979
4294
4295
4296
13194
13204
4294
4295
13138
13192
17759
4294
4296
13195
17760
4295
4296
13139
13205
13193
13198
17763
13142
13208
13199
13209
4300
4301
4302
13222
13229
18485
4300
4301
13168
15372
18486
4300
4302
13223
15373
13226
15376
18489
13170
13230
18490
13227
4305
13218
13314
17808
4305
13312
13320
17809
13317
13322
17812
4310
4311
4312
13495
4310
4311
13309
13492
19005
4310
4312
13496
18543
19006
4311
4312
13310
18544
13494
13499
19009
13500
18547
10904
13493
10932
13332
13506
4316
4317
13508
15313
15327
13511
13515
15317
13512
15331
4322
4323
4324
4322
4323
13521
15341
4322
4324
13509
13524
4323
4324
13510
15342
13522
13527
13523
15345
13513
13528
11003
13466
13531
11013
13497
4328
11034
13514
13532
11037
13535
13538
4332
13525
13542
17948
4332
4333
13533
13544
17949
4333
13526
13534
13543
13546
17952
13536
4336
11108
13537
13558
4336
4337
11109
15354
11112
13560
15357
13549
13567
15358
4340
11143
13545
13574
4340
11144
13559
13578
11147
13576
13581
13577
13593
13595
4345
4346
4347
13636
13643
4345
4347
11193
13637
18578
4346
4347
13592
13644
18579
11195
13640
13646
13641
13647
18582
4352
4353
4354
13676
13683
4352
4353
11230
13638
4352
4354
11231
13677
4353
4354
13639
13684
11234
13680
13642
13686
13681
13687
4357
11286
18641
4357
13679
13749
18642
13750
18645
15389
15390
4362
4363
11338
13751
13777
4363
13752
13775
13784
11342
13780
13753
13781
13785
4366
11359
13778
13788
4366
13761
13779
13789
13782
4371
4372
4373
4371
4372
11396
13765
13795
4371
4373
11397
13790
13799
4372
4373
13766
13791
13800
11400
13797
13767
13798
13801
13792
13796
15390
4377
11899
13804
4377
11900
13806
13812
11903
13811
13814
11975
13819
13821
4380
12014
13818
13825
12017
13827
4383
12064
13813
13834
4383
12065
13829
13836
12068
13835
13838
4385
12141
13820
13842
12145
13844
13847
4388
12183
13826
4388
12184
13843
13851
12187
13853
4391
13837
13857
18130
4391
13855
13860
18131
13859
13862
18134
12259
13858
13866
4395
12326
13846
13873
4395
12327
13869
13876
12330
13875
13878
12356
13852
12357
13874
13882
4400
12405
13861
13883
4400
12406
13886
12409
13885
13888
4403
12419
13867
4403
12420
13884
13893
12423
13892
13895
12495
13907
13910
4407
13877
13914
18207
4407
13906
13917
18208
13916
13919
18211
4409
12570
13887
13923
12574
13925
13927
4412
13894
13931
18242
4412
13924
13934
18243
13933
13936
18246
4416
13941
13948
4416
13899
13942
18885
4416
13932
13949
18886
13945
13952
18889
4421
4422
4423
13964
13968
4421
4422
13903
13965
4421
4423
13943
13969
4422
4423
13944
13967
13972
13947
13973
4426
12591
13909
13984
4426
12592
13966
13987
12595
13986
13990
4429
13918
13994
18291
4429
13985
13996
18292
13995
13998
18295
4431
12635
13926
14001
12639
14003
4435
14007
14014
4435
13935
14008
18319
4435
14002
14015
18320
14011
14017
18323
4440
4441
4442
14027
14034
14041
4440
4441
13950
14028
4440
4442
14009
14035
4441
4442
13951
14010
14031
14038
13954
14032
14042
14013
14039
14043
4447
4448
4449
14056
14070
18660
4447
4448
13970
14057
4447
4449
14029
18661
4448
4449
13971
14030
14071
14060
18664
13974
14061
14072
14033
14073
18665
4454
4455
4456
14085
14089
4454
4455
13988
14086
4454
4456
14058
14090
4455
4456
13989
14059
14088
14093
14062
14094
4459
13997
14102
18361
4459
14087
14104
18362
14103
14106
18365
4463
4464
14114
14121
4463
4464
14016
14115
18899
4463
14109
14122
18900
14118
14125
18903
14018
14119
4469
4470
4471
14177
14182
4469
4470
14091
14178
4469
4471
14183
18683
4470
4471
14092
14196
18684
14180
14186
14095
14181
14187
14197
18687
4474
12730
14105
4474
12731
14179
14200
12734
14202
4479
4480
4481
14209
14216
4479
4480
14123
14210
4479
4481
14204
14217
4480
4481
14124
14213
14220
14127
14214
14221
4486
4487
4488
14268
14275
4486
4487
14184
14269
4486
4488
14276
18725
4487
4488
14185
14289
18726
14272
14279
14188
14273
14280
14290
18729
4491
12800
14201
4491
12801
14270
14294
12804
14296
4496
4497
4498
14300
14307
4496
4497
14218
14301
4496
4498
14298
14308
4497
4498
14219
14304
14311
14222
14305
14312
4503
4504
4505
14369
14383
18779
4503
4504
14277
14370
4503
4505
18767
18780
4504
4505
14278
14384
18768
14373
18783
14281
14374
14385
14386
18771
18784
12861
14371
14392
4510
4511
4512
14410
14412
14426
4510
4512
12878
14394
14413
4511
4512
14395
14427
12879
14411
14416
14430
14396
14417
14431
4517
4518
4519
14445
14452
18786
4517
4518
14309
18787
4517
4519
14443
14446
4518
4519
14310
14449
18790
14313
14453
18791
14450
12937
14527
14556
4522
14558
14564
14578
12962
14561
14568
4525
14559
14594
4525
14560
14598
14563
14596
14602
4528
4529
12992
14414
14607
4529
14415
12994
14609
14418
14610
4534
4535
4536
14613
14620
4534
4535
14447
18431
4534
4536
14611
14614
18432
4535
4536
14448
14617
18435
14451
14621
14618
13059
14698
14730
4540
4541
14566
14731
18480
4540
18481
14733
18484
14570
14734
4546
4547
4548
14743
18793
4546
4547
14615
18913
4546
4548
14735
18794
18914
4547
4548
14616
14736
14744
18797
18917
14619
14747
14737
14748
18798
4551
13147
14829
14862
4551
14830
14833
14864
4555
13206
4555
4556
13207
15001
18823
4556
14863
15006
18824
13210
15004
15005
15007
18827
4561
4562
4563
15012
4561
4562
14881
15013
4561
4563
15009
15019
4562
4563
14882
15010
15016
15021
14885
15017
4568
4569
4570
4568
4569
14914
15025
4568
4570
15014
15030
4569
4570
14915
15015
15028
15032
14918
15029
15018
4574
4575
14942
15037
18515
4574
15026
15043
18516
4575
14943
15027
15040
15045
18519
14946
15041
4580
4581
4582
15049
4580
4581
14970
15050
4580
4582
15038
15056
4581
4582
14971
15039
15053
15058
14974
15054
15042
13291
15002
13292
15051
15062
15003
15052
13566
15063
15066
13594
15076
15087
4591
4592
15067
15095
18557
4591
4593
15089
15101
18558
4592
4593
15068
15090
15112
15098
15104
18561
15069
15099
15113
15091
4598
4599
4600
4598
4599
13631
15124
4598
4600
13632
15096
15130
4599
4600
15097
15141
13635
15127
15133
15077
15128
15144
15100
15134
15145
4603
13645
15125
15153
4603
15088
15126
15129
4608
4609
4610
15159
15166
18828
4608
4609
15102
18606
18829
4608
4610
15155
15160
18607
4609
4610
15103
15156
15167
15163
18610
18832
15105
15168
18833
15157
15164
15169
4613
13685
15187
15218
4613
15154
15188
15191
4616
4617
13710
15161
15220
4616
13711
13714
15223
15165
15224
4622
4623
4624
4622
4623
15230
18648
18844
4622
4624
15221
15234
18649
4623
4624
15222
15236
18845
15232
15235
18652
15233
15237
18848
15225
14429
15246
4630
4631
4632
4630
4631
14599
15241
4630
4632
14600
15255
4631
4632
15242
14603
15243
4635
14642
15251
15256
4635
14643
15259
14646
15258
15261
4638
14670
15253
15265
4638
14671
15257
15268
14674
15267
15270
14749
15275
15276
4641
14837
15280
14840
15279
15281
4646
5546
4659
5586
4645
4647
5628
4651
5636
4648
4649
4648
4651
4650
4653
4650
5651
4656
5654
4653
16323
4653
4655
4671
16324
4656
16326
4656
5658
4656
4674
5659
5661
4658
4659
4661
4664
4661
5689
4661
4665
4668
5690
4667
5692
4664
5696
4664
4666
4683
5697
4667
5699
4667
4669
16330
4667
4686
16331
16333
4669
5719
4672
5737
4673
4674
15392
4673
4677
15393
4676
4679
15395
4676
5758
4676
4680
5759
4682
5761
4679
5765
4679
4681
5766
4682
5768
4682
5772
4682
5773
5775
4685
4686
4685
4689
4688
4691
4688
16372
4688
4692
4695
16373
4694
16375
4691
5808
4691
4693
5809
4694
5811
4694
5815
4694
5816
5818
4698
6524
4714
6584
4700
6643
4700
4701
4704
6644
4703
6646
4703
4705
6657
4703
4721
6658
6660
4705
4707
6669
4707
4708
4741
6670
6672
4746
6677
4711
4715
6709
4712
4797
6716
4713
4717
6722
4713
4802
6723
6725
4716
4716
4717
4719
4719
6743
4719
4820
6744
6746
4724
4726
4724
16512
4723
4724
4729
4742
16513
4731
4743
4733
16515
4726
4730
4839
6792
4733
6794
4731
4732
4733
4731
4732
4751
4842
4731
4733
4752
4732
4733
4843
4754
4845
4736
4737
4750
4736
4751
4739
4755
4739
4757
4739
4758
4764
4861
4762
4863
4743
4744
4745
4750
4744
4746
15398
4743
4744
4752
15399
4754
4749
4756
15401
4748
4749
4757
4749
18849
4748
4749
4759
4765
18850
4761
4763
18852
4754
4755
4756
4757
4754
4755
16099
4754
4756
4755
4756
4760
16100
4762
16102
4763
4761
4762
4763
4761
4762
4768
16106
4761
4763
4769
4762
4763
16107
4771
16109
4768
4766
4769
4773
4771
4772
4773
4771
4772
16120
4771
4773
4772
4773
4774
16121
4775
16123
4776
4775
4776
4887
6802
4889
6804
4784
4791
4901
4779
4785
4798
6815
4789
6817
4781
4782
4786
4912
6822
4788
4914
4789
6824
4787
4788
4789
4787
4788
4807
16134
4787
4789
4808
4788
4789
16135
4810
16137
4792
4793
4806
4792
4807
4795
4811
4795
4813
4795
4814
4925
4818
4927
4799
4800
4801
4806
4800
4802
15405
4799
4800
4808
15406
4810
4805
4812
15408
4804
4805
4813
4805
18856
4804
4805
4815
4821
18857
4817
4822
4819
18859
4810
4811
4812
4813
4810
4811
16148
4810
4812
4811
4812
4816
16149
4818
16151
4819
4817
4818
4819
4817
4818
4826
16155
4817
4819
4827
4818
4819
16156
4829
16158
4823
15413
4822
4823
4827
15414
4829
4824
4831
15416
4833
6837
4829
4830
4831
4829
4830
4945
4829
4831
4830
4831
4832
4946
4948
4833
4833
4952
6842
6844
4835
4842
4837
4846
4837
4853
4867
4965
4856
4869
4840
4841
4848
4840
4843
4847
4851
4845
4846
4847
4852
4845
4846
16099
4845
4847
4846
4847
4854
16101
4856
16103
4858
4850
4851
4852
4850
4851
4855
4969
6872
4857
4970
4858
6874
4856
4857
4858
4856
4857
4973
16113
4856
4858
16114
4857
4858
4974
16116
4976
4862
4863
4864
4871
16105
4862
4864
4872
4863
4864
16106
4875
16109
4876
16110
4868
4869
4870
4871
16112
4868
4870
4873
4869
4870
16113
4875
16116
4877
16117
4875
4876
4877
4875
4876
4880
4875
4877
4989
4876
4877
4881
4991
4882
4993
4884
4886
4882
4883
4884
16126
4882
4882
4883
16127
16130
4885
16131
4885
4892
4897
5006
4889
4890
4891
4892
16119
4889
4891
16121
18863
4890
4891
4894
4913
18864
16123
4896
4898
16125
18866
4896
4897
4898
16126
4896
4897
4918
5013
4896
4898
4919
4897
4898
5014
16129
4921
5016
16131
16132
4902
4903
4906
16133
4903
4907
4902
4903
16134
16137
4909
16138
4905
4906
4917
4910
4922
4909
4910
16140
4909
4930
4909
4910
4932
5028
16141
4934
16144
5029
16145
4914
4915
4916
4917
16133
4914
4916
15426
16135
4915
4916
4919
15427
16137
4921
4923
15429
16139
4921
4922
4923
16140
4921
4922
5037
4921
4923
4922
4923
5038
16143
5040
16145
16146
4926
4927
4928
4936
16154
4927
4928
16155
4939
16158
4940
16159
4933
4934
4935
4936
4933
4934
4933
4935
4937
4934
4935
4939
4941
4939
4940
4941
16161
4939
4941
5051
4940
4941
4942
5053
16162
4943
16165
5055
16166
4943
4955
4958
4948
4949
4950
4951
4954
4948
4949
16155
4948
4950
4952
4949
4950
4956
16157
4958
16159
4953
4960
4953
4961
4953
6878
4964
6881
4958
4959
4960
4961
4958
4959
5070
16162
4958
4960
16163
4959
4960
4962
5071
16165
4963
5073
4964
4963
4964
4963
4964
5076
6886
5077
6888
4966
4973
4968
4977
4968
4982
4996
4985
4998
4970
4971
4974
4976
4978
4980
4976
4977
4978
4981
4976
4977
4976
4978
4977
4978
4983
4985
4987
4980
4984
6903
4987
6905
4985
4986
4987
4985
4986
5088
16169
4985
4987
16170
16589
4986
4987
5089
16590
16172
16592
4992
4993
4994
5000
4992
4993
4992
4994
4993
4994
5002
5003
4997
4998
4999
5000
16168
4998
4999
16169
5002
16172
5004
16173
5002
5003
5004
16175
5003
5004
5008
5093
16176
5009
16179
5094
16180
5006
5011
5012
5016
5009
5010
5011
16189
5009
5010
16190
16193
16194
5019
5016
5017
5018
5019
16182
5016
5017
5037
5016
5018
16184
5017
5018
5021
5039
16186
5023
5041
5025
16188
5023
5024
5025
16189
5023
5024
5044
5126
5023
5025
5045
5024
5025
5127
16192
5047
5129
16194
16195
5029
5030
5032
16196
5030
5029
5030
16197
16200
5034
16201
5032
5043
5034
5035
16203
5034
5035
5058
5137
16204
5060
16207
16208
5040
5041
5042
5043
16196
5040
5041
5040
5042
16198
5041
5042
5045
16200
5047
5049
16202
5047
5048
5049
16203
5047
5048
5139
5047
5049
5048
5049
5140
16206
5142
16208
16209
5054
5055
5056
5062
5054
5055
5054
5056
5055
5056
5064
5065
5059
5060
5061
5062
16210
5060
5061
16211
5064
16214
5066
16215
5064
5065
5066
16217
5065
5066
5067
5157
16218
5068
16221
5158
16222
5068
5080
5083
5073
5074
5075
5079
5073
5074
5073
5075
5076
5074
5075
5081
5077
5083
5078
5085
5077
5078
6923
5087
6926
5083
5084
5085
5083
5084
5182
16218
5083
5085
16219
16596
5084
5085
5086
5183
16597
16221
5087
16599
5087
6930
6932
5096
5091
16603
5091
5092
5098
16604
16606
5110
6956
5094
5103
5106
5099
5100
5101
5102
5109
5099
5100
16169
5099
5101
5104
16171
5100
5101
5110
5106
16173
5108
5112
5106
5107
5108
5113
5106
5107
5119
16176
5106
5108
16178
5107
5108
5114
5121
16180
5116
5123
5117
5112
5113
5112
16617
5112
5115
16618
5117
16620
5116
5117
5116
5117
5131
16624
5117
16625
16627
5122
5123
5124
5125
5122
5123
16190
5122
5124
5127
16192
5123
5124
5131
5129
16194
5130
5133
5129
5130
5129
5139
5129
5130
16631
5130
5134
5141
16632
5136
16634
5133
16638
5133
5135
16639
5136
16641
5136
5151
6976
5136
6977
6979
5145
5142
5143
5144
5142
5142
5143
5146
15455
5143
5151
15456
5148
5150
5153
15458
5148
5149
5150
5148
5149
5160
16204
5148
5150
16206
5149
5150
5154
5162
16208
5164
5156
5153
6983
5153
5155
6984
5156
6986
5156
5174
16645
5156
16646
16648
5158
5167
5170
5163
5164
5165
5166
5173
5163
5164
16211
5163
5165
5168
16213
5164
5165
5174
5170
16215
5176
5172
5177
5170
5171
5172
5178
5170
5171
5182
16218
5170
5172
16220
5171
5172
5179
5184
16222
5181
5176
5177
5178
5176
5177
16652
5177
5180
16653
5181
16655
5181
5181
5186
16659
5181
16660
16662
5185
15462
5185
5186
15463
15465
6994
5189
7813
5189
5193
7814
7816
5192
7883
5192
5194
7884
7886
8078
5197
5198
5197
5201
5200
5203
5200
5223
5200
5204
5225
5206
5227
5203
5240
5203
5205
5241
8430
5206
5243
5206
5247
5206
5248
8433
5250
5209
5210
5209
5213
5212
5215
5212
5276
5212
5216
5277
5218
5279
5215
5292
5215
5217
5293
8441
5218
5295
5218
5299
5218
5300
8444
5302
5221
5240
5221
5242
8452
5244
5226
5227
5228
5234
5246
5226
5227
5226
5228
5227
5228
5247
5236
5250
5237
5251
5231
5232
5233
5234
5253
5232
5233
5254
5236
5257
5238
5258
5236
5237
5238
5260
5237
5238
5261
5264
5265
5323
5243
5244
5245
5246
5253
5243
5244
5243
5245
5248
5244
5245
5255
5250
5257
5252
5259
5250
5251
5252
5260
5250
5251
5267
5250
5252
8459
5251
5252
5262
5268
8460
5264
5269
5266
8462
5257
5258
5259
5260
5257
5258
5329
5257
5259
8466
5258
5259
5263
5330
8467
5265
5332
5266
8469
5264
5265
5266
5264
5265
5336
5264
5266
5270
8473
5265
5266
5337
8474
5339
8476
5269
5269
5270
8507
5273
5292
5273
5274
5294
8516
5296
5307
8519
5278
5279
5280
5286
5298
5278
5279
5279
5280
5299
5288
5302
5289
5303
5283
5284
5285
5286
5305
5284
5285
5306
5288
5309
5290
5310
5288
5289
5290
5312
5289
5290
5313
5316
5317
5357
5295
5296
5297
5298
5305
5295
5296
5295
5297
5300
5296
5297
5307
5302
5309
5304
5311
5302
5303
5304
5312
5302
5303
5319
5302
5304
8529
5303
5304
5314
5320
8530
5316
5321
5318
8532
5309
5310
5311
5312
5309
5310
5363
5309
5311
8536
5310
5311
5315
5364
8537
5317
5366
5318
8539
5316
5317
5318
5316
5317
5370
5316
5318
8543
5317
5318
5371
8544
5373
8546
5321
5321
5323
5326
5335
5339
5325
5326
5342
5327
5347
5327
5349
5354
5391
5332
5333
5334
5335
5342
5332
5333
5332
5334
5337
5333
5334
5344
5339
5346
5341
5348
5339
5340
5341
5349
5339
5340
5339
5341
8581
5340
5341
5351
8582
5353
5355
8584
5346
5347
5348
5349
5346
5347
5346
5348
8588
5347
5348
5352
5400
8589
5354
5402
5355
8591
5353
5354
5355
5353
5354
5405
5353
5355
8595
5354
5355
5406
8596
5408
8598
5357
5360
5369
5373
5359
5360
5376
5361
5381
5361
5383
5388
5427
5366
5367
5368
5369
5376
5366
5367
5366
5368
5371
5367
5368
5378
5373
5380
5375
5382
5373
5374
5375
5383
5373
5374
5373
5375
8626
5374
5375
5385
8627
5387
5389
8629
5380
5381
5382
5383
5380
5381
5435
5380
5382
8633
5381
5382
5386
5436
8634
5388
5438
5389
8636
5387
5388
5389
5387
5388
5387
5389
8640
5388
5389
5442
8641
5444
8643
5391
5392
5395
5404
5408
5397
5409
5394
5395
5411
5398
5414
5397
5398
16224
5397
5398
5452
16225
16228
5453
16229
5402
5403
5404
5411
5402
5403
5406
5403
5412
5408
5410
5415
5408
5409
5410
16224
5408
5409
5408
5410
8666
5409
5410
5416
8667
16226
5417
16228
8669
16230
5414
5415
16224
5415
8673
5414
5415
5462
8674
16227
5463
16229
8675
16230
5417
5419
5420
5420
5473
16225
5420
8694
16226
16228
5422
5424
5437
8697
5425
5439
5425
5491
16232
5425
8698
16233
16235
5427
5432
5441
5444
5430
5431
5432
16231
5430
5431
16232
16235
5433
16236
5433
5446
5449
5503
5438
5439
5440
5441
16231
5438
5439
5438
5440
5442
5439
5440
16233
5444
16235
5445
16237
5444
5445
5446
5444
5445
8702
5445
5447
8703
5450
8704
5449
5450
16231
5450
8714
5449
5450
5512
8715
16234
5513
16236
8716
16237
5453
5454
5457
16238
5453
5454
16239
16242
5459
16243
5456
5457
5465
5460
5467
5459
5460
16245
5459
5460
5469
5522
16246
5470
16249
5524
16250
5463
5464
5465
16238
5463
5464
16240
16242
5468
16244
5467
5468
16245
5467
5468
5536
8736
16248
5537
16250
8737
16251
5470
5471
5478
5481
5482
5475
5476
5477
5475
16239
5475
5476
5479
16241
5481
16243
5483
5481
5482
5483
5481
5482
5557
16246
5481
5483
8754
16247
5482
5483
5558
8755
16249
5560
8757
5485
5491
5488
5493
5488
5489
5495
5488
5489
5496
5506
5575
5499
5507
5500
5577
5493
5494
5495
5493
16253
5493
5494
5497
8762
16255
5499
16257
5501
8764
5499
5500
5501
5499
5500
5596
16260
5499
5501
8766
16261
5500
5501
5597
8767
16263
5599
8769
5503
5509
5511
5513
5507
5508
5509
16259
5508
5507
5508
16260
16263
5510
16264
5510
5515
5517
5608
5513
5514
5515
16252
5513
5514
8775
16254
16256
5518
8776
16258
5517
5518
16259
5517
5518
5619
8786
16262
5620
16264
8787
16265
5523
5524
5525
5528
16266
5523
5524
5523
5525
5529
5524
5525
16267
5532
16270
5533
16271
5527
5528
5539
5534
5541
5532
5533
5534
16273
5532
5533
5545
5532
5534
5627
5533
5534
5547
5629
16274
5549
16277
5631
16278
5537
5538
5539
16266
5537
5538
16268
16270
5542
16272
5541
5542
16273
5541
5542
5643
8798
16276
5644
16278
8799
16279
5551
5563
5548
5549
5550
5551
16280
5548
5549
5548
5550
5552
5549
5550
16281
5554
16284
5555
16285
5554
5555
5567
5554
5555
5651
5555
5568
5653
5570
5655
5560
5561
5562
5563
16280
5560
5561
16267
5560
5562
5564
5561
5562
16269
16282
5565
16271
16284
5566
16286
5565
5566
5567
5565
5566
5571
8809
5570
5571
16280
5570
5665
5570
5571
5666
8817
16283
5668
16285
8818
16286
5576
5577
5578
5584
5595
5576
5577
5576
5578
5585
5577
5578
5596
5588
5599
5589
5600
5582
5583
5584
5602
5582
5583
5586
5583
5603
5588
5590
5605
5588
5589
5590
16287
5588
5589
5610
5588
5590
5689
5589
5590
5612
5691
16288
5614
16291
5693
16292
5593
5594
5595
5602
5593
5594
5597
5599
5601
5606
5599
5600
5601
16287
5599
5600
16295
5599
5601
8827
5600
5601
8828
16289
16297
16291
16299
8830
16293
5605
5606
16287
5605
5703
5605
5606
5704
8833
16290
5706
16292
8834
16293
5608
5616
5618
5620
5613
5614
5615
5616
16301
5613
5614
5613
5615
5614
5615
16302
16305
5617
16306
5617
5622
5624
5717
5620
5621
5622
16294
5620
5621
8850
16296
16298
5625
8851
16300
5624
5625
16301
5624
5625
5728
8854
16304
5729
16306
8855
16307
5630
5631
5632
5635
16308
5630
5631
5630
5632
5636
5631
5632
16309
5639
16312
5640
16313
5634
5635
5646
5641
5648
5639
5640
5641
16315
5639
5640
16323
5639
5641
5736
5640
5641
5738
16316
16325
16319
16327
5740
16320
5644
5645
5646
16308
5644
5645
16310
16312
5649
16314
5648
5649
16315
5648
5649
5750
8866
16318
5751
16320
8867
16321
5654
5655
5656
5657
5664
5654
5655
5654
5656
5658
5655
5656
5665
5661
5668
5662
5669
5661
5662
5663
5671
16322
5661
5662
5661
5663
5758
16324
5662
5663
5672
5678
5760
16326
5675
5679
5676
5762
16328
5668
5669
5670
5671
18954
5668
5669
5668
5670
8880
18956
5669
5670
5673
8881
18958
5675
5677
8882
18960
5675
5676
5677
5675
5676
5680
16365
5675
5677
5681
8885
5676
5677
8886
16366
5682
16368
8888
5679
5680
5682
5682
5781
5682
5684
5685
5698
5792
5687
5700
5687
5710
5797
5687
5711
5713
5692
5693
5694
16329
18961
5692
5693
5692
5694
16330
5693
5694
18962
16333
18965
16334
18966
5699
5700
5701
5709
16329
5699
5700
5699
5701
16331
5700
5701
5710
16333
5713
5714
16335
5706
5707
5708
5709
18961
5706
5707
5706
5708
18963
5707
5708
5711
18965
5713
5715
18967
5713
5714
5715
5713
5714
16379
5713
5715
8906
5714
5715
8907
16380
16382
8909
5717
5725
5727
5729
5722
5723
5724
5725
16343
5722
5723
16330
5722
5724
5723
5724
16332
16344
16334
16347
5726
16348
5726
5731
5733
5822
5729
5730
5731
16336
5729
5730
8927
16338
16340
5734
8928
16342
5733
5734
16343
5733
5734
5831
8931
16346
5832
16348
8932
16349
5739
5740
5741
5743
16350
5739
5740
5739
5741
5744
15393
5740
5741
15394
16351
5746
16354
5747
15397
16355
5743
5753
5746
5747
5748
16357
5746
5747
5765
5747
5748
5767
5838
16358
5769
16361
5839
16362
5751
5752
5753
16350
5751
5752
16352
16354
5756
16356
5755
5756
16357
5755
5756
5842
8945
16360
16362
8946
16363
5761
5762
5763
5771
15391
16364
5761
5762
15392
5761
5763
5772
5762
5763
16365
5775
15395
15396
16368
5776
16369
5768
5769
5770
5771
15391
5768
5769
15393
5768
5770
5773
5769
5770
5775
15395
15397
5777
5775
5776
5777
5775
5776
5778
5775
5777
5855
5776
5777
5779
5857
5780
5859
5780
5780
5785
5788
5783
16365
5783
5786
16367
5788
16369
5788
5789
5790
5788
5789
5876
5788
5790
8989
5789
5790
5877
8990
5879
5793
5794
5793
5797
5796
5799
5796
5808
5796
5801
5810
5890
5804
5812
5799
16379
5799
5802
8995
16381
5804
16383
5804
5805
5806
5804
5805
5895
5804
5806
8998
5805
5806
5896
8999
5898
5811
5812
5813
5814
5811
5812
5811
5813
5816
5812
5813
5818
5820
5818
5819
5820
16371
5818
5819
5824
16373
5818
5820
5909
5819
5820
5825
5911
16375
5827
16377
5913
5822
5829
5830
5832
5826
5827
5828
5829
16392
5826
5827
5827
5828
16393
16396
16397
5834
5832
5833
5834
16385
5832
5833
9030
16387
16389
5837
9031
16391
5836
5837
16392
5836
5837
5935
9041
16395
16397
9042
16398
5839
5840
5844
5847
5841
5848
5852
5864
5845
5847
5848
5849
5847
5848
16358
5847
5849
9054
16360
5848
5849
5851
9055
16362
5852
5853
9057
5852
16400
5852
5853
9061
16401
16403
9063
5858
5859
5860
5866
5858
5859
5858
5860
5867
5859
5860
5870
5871
5863
5864
5865
5866
16399
5864
5865
16400
5870
16403
5872
16404
5870
5871
5872
5870
5871
5870
5872
5871
5872
5873
5941
5874
5942
5874
5883
5886
5879
5880
5881
5882
5879
5880
5879
5881
5880
5881
5884
5886
5888
5886
5887
5888
5886
5887
5969
5886
5888
9093
5887
5888
5970
9094
5972
9096
5891
5891
5895
5893
5899
5893
5902
5918
5986
5905
5920
5898
5899
5900
5901
5898
5899
5898
5900
9114
5899
5900
5903
9115
5905
5907
9117
5905
5906
5907
5905
5906
5993
5905
5907
9123
5906
5907
5994
9124
5996
9126
5912
5913
5914
5922
5912
5913
5912
5914
5913
5914
5924
5925
5919
5920
5921
5922
5919
5920
5919
5921
5920
5921
5924
5926
5924
5925
5926
16406
5925
5926
16407
5927
16410
6009
16411
5938
5932
5933
5934
5932
5933
16393
5932
5934
5935
16395
5933
5934
5937
16397
5938
5939
9162
5938
16407
5938
5939
9164
16408
16410
9166
5942
5943
5944
16413
5942
5943
16414
16417
5946
16418
5946
5959
5946
5960
5966
6032
5963
5967
5951
5952
5953
5954
16413
5951
5952
16400
5951
5953
16402
16415
5952
5953
5955
16404
16417
5958
16419
5957
5958
5959
5958
9179
5957
5958
5962
6033
9180
5964
6034
5965
9182
5963
5964
5965
16413
5963
5964
5978
6037
5963
5965
5979
16416
5964
5965
6038
5981
16418
6040
16419
5967
5978
5981
5972
5973
5974
5977
5972
5973
16414
5972
5974
5975
15504
5973
5974
5979
15505
16416
5981
16418
5976
5983
15507
5976
9200
5985
9201
5981
5982
5983
5981
5982
6053
5981
5983
17114
5982
5983
5984
6054
17115
6056
5985
17117
5985
6060
9204
9206
5987
5993
5989
5997
5989
6002
6011
6074
6005
6012
5991
5994
5998
6000
5996
5997
5998
6001
5996
5997
16421
5996
5998
17135
5997
5998
6003
16423
17136
6005
16425
6007
17138
6000
6004
6076
9220
6007
9222
6005
6006
6007
6005
6006
6021
6079
6005
6007
6022
17142
6006
6007
6080
17143
6024
6082
17145
6009
6013
6017
6012
6020
6012
6021
6024
6017
6018
6019
6027
16420
6017
6018
16407
6017
6019
9236
16409
16422
6018
6019
6028
9237
16411
16424
6031
9239
16426
6024
6025
6026
6027
16420
6024
6025
6098
6024
6026
16423
6025
6026
6029
6099
16425
6030
6101
6031
16426
6030
6031
6031
9243
6030
6031
6104
9244
6105
9246
6037
6034
6035
6038
6040
6042
6044
6040
6041
6042
6045
6040
6041
6053
6040
6042
6041
6042
6047
6055
6049
6057
6051
6044
6048
6119
9266
6051
9268
6049
6050
6051
6049
6050
6063
6122
6049
6051
6064
17163
6050
6051
6123
17164
6066
6125
17166
6056
6057
6058
6059
6062
6056
6057
6056
6058
6060
6057
6058
6064
6066
6061
6068
6061
6069
6061
9286
6073
9289
6066
6067
6068
6069
6066
6067
6142
6066
6068
6067
6068
6071
6143
6072
6145
6073
6072
6073
6073
9293
6072
6073
6149
9294
6151
9296
6079
6077
6078
6085
6077
6080
6084
6089
6082
6083
6084
6090
6082
6083
6098
6082
6084
6083
6084
6092
6100
6094
6102
6096
6088
6089
6090
6089
9318
6088
6089
6093
6180
9319
6095
6182
6096
9321
6094
6095
6096
6094
6095
6108
6186
6094
6096
6109
6095
6096
6187
6111
6189
6101
6102
6103
6107
6101
6102
6101
6103
6104
6102
6103
6109
6105
6111
6106
6113
6105
6106
9339
6115
9342
6111
6112
6113
6111
6112
6209
6111
6113
17177
6112
6113
6114
6210
17178
6212
6115
17180
6115
6215
9347
9349
6118
6126
6118
6131
6138
6226
6134
6139
6120
6123
6127
6129
6125
6126
6127
6130
6125
6126
6142
6125
6127
17191
6126
6127
6132
6144
17192
6134
6146
6136
17194
6129
6133
6230
9367
6136
9369
6134
6135
6136
6134
6135
6155
6233
6134
6136
6156
17198
6135
6136
6234
17199
6158
6236
17201
6139
6140
6154
6139
6140
6155
6158
6159
6145
6146
6147
6148
6154
6145
6146
6145
6147
6149
6146
6147
6156
6151
6158
6153
6160
6151
6152
6153
6161
6151
6153
17205
6152
6153
6163
6168
17206
6165
6167
17208
6158
6159
6160
6161
6158
6159
6260
6158
6160
6159
6160
6164
6261
6166
6263
6167
6165
6166
6167
6165
6166
6169
6267
6165
6167
6170
17212
6166
6167
6268
17213
6270
17215
6170
6274
9392
6173
6181
9404
6193
6285
6194
9407
6177
6190
6177
6178
6199
6177
6178
6200
6206
6296
6203
6207
6204
6297
6182
6183
6184
6185
6192
6182
6184
6187
15511
6183
6184
6194
15512
6189
6196
6191
6198
15514
6189
6190
6191
6199
6189
6190
6209
6189
6191
6190
6191
6201
6211
6203
6213
6205
6196
6197
6198
6199
6196
6197
6308
6196
6198
17226
6197
6198
6202
6309
17227
6204
6311
6205
17229
6203
6204
6205
6203
6204
6218
6315
6203
6205
6219
6204
6205
6316
6221
6318
6207
6218
6221
6212
6213
6214
6217
6212
6213
6212
6214
6215
15518
6213
6214
6219
15519
6221
6216
6223
15521
6216
9427
6225
9428
6221
6222
6223
6221
6222
6324
6221
6223
17240
6222
6223
6224
6325
17241
6327
6225
17243
6225
6330
9431
9433
6227
6233
6229
6237
6229
6242
6252
6342
6245
6253
6231
6234
6238
6240
6236
6237
6238
6241
6236
6237
6260
6236
6238
17247
6237
6238
6243
6262
17248
6245
6264
6247
17250
6240
6244
6349
9450
6247
9452
6245
6246
6247
6245
6246
6352
16428
6245
6247
16429
17254
6246
6247
6353
17255
16431
6355
17257
6249
6250
6255
6266
6270
6257
6271
6253
6254
6255
16427
6253
6254
16428
16431
6258
16432
6257
6258
16434
6257
6258
6273
6371
16435
16438
6373
16439
6263
6264
6265
6266
16427
6263
6264
6263
6265
6268
6264
6265
16429
6270
16431
6272
16433
6270
6271
6272
16434
6270
6271
6274
6270
6272
6271
6272
6276
16436
6277
16438
16440
6279
6277
6278
6277
6278
6280
6282
6283
6282
6394
16435
6282
6283
9470
16436
6283
6395
9471
16438
9473
6290
6300
6411
6288
6308
6289
9491
6288
6289
6291
6310
9492
6293
6312
6294
9494
6293
6419
16442
6293
6294
9498
16443
6294
6420
9499
16445
9501
6297
6298
6303
6314
6297
6298
6315
6318
6305
6319
6301
6302
6303
16441
6301
6302
16442
16445
6306
16446
6305
6306
16448
6305
6306
6321
6438
16449
6322
16452
6440
16453
6311
6312
6313
6314
16441
6311
6312
6311
6313
6316
6312
6313
16443
6318
16445
6320
16447
6318
6319
6320
16448
6318
6319
6324
6318
6320
6319
6320
6326
16450
6328
16452
16454
6322
6333
6336
6327
6328
6329
6332
6327
6328
6327
6329
6330
15525
6328
6329
6334
15526
6336
6331
6338
15528
6331
9519
6340
9521
6336
6337
6338
6336
6337
6461
16449
6336
6338
16450
17261
6337
6338
6339
6462
17262
16452
6464
6340
17264
6340
6468
9525
9527
6343
6344
6351
6343
6352
6346
6356
6346
6347
6361
6346
6347
6362
6378
6482
6365
6380
6366
6483
6350
6351
6358
6350
6353
6357
6360
6355
6356
6357
6361
6355
6356
6355
6357
17268
6356
6357
6363
17269
6365
6367
17271
6360
6361
6360
6364
6490
9545
6367
9546
6365
6366
6367
6365
6366
6493
6365
6367
17275
6366
6367
6494
17276
6496
17278
6372
6373
6374
6382
16455
6372
6373
6372
6374
6383
6373
6374
16456
6386
16459
6387
16460
6379
6380
6381
6382
6379
6380
6379
6381
6384
6380
6381
6386
6388
6386
6387
6388
6386
6387
6386
6388
6509
6387
6388
6390
6511
6391
6513
6391
6392
6401
6391
6392
6402
6405
6406
6397
6398
6399
6401
6397
6398
16456
6397
6399
6398
6399
6403
16458
6405
16460
6400
6407
6410
9564
6405
6406
6407
6405
6406
16470
6405
6407
17282
6406
6407
6408
16471
17283
6409
16473
6410
17285
6409
6410
6540
9567
6542
9569
6412
6419
6415
6423
6415
6416
6428
6415
6416
6429
6445
6552
6432
6447
6433
6553
6424
6427
6422
6423
6424
6428
6422
6423
16463
6422
6424
9588
6423
6424
6430
9589
16465
6432
16467
6434
9591
6426
6427
6431
6565
9595
6433
6567
6434
9597
6432
6433
6434
6432
6433
16484
6432
6434
17296
6433
6434
16485
17297
16487
17299
6439
6440
6441
6449
6439
6440
6439
6441
6450
6440
6441
6453
6454
6446
6447
6448
6449
6446
6447
6446
6448
6451
6447
6448
6453
6455
6453
6454
6455
6453
6454
6453
6455
6576
6454
6455
6457
6578
6458
6580
6458
6459
6470
6458
6459
6471
6474
6475
6464
6465
6466
6467
6470
6464
6465
6464
6466
6468
15532
6465
6466
6472
15533
6474
6469
6476
15535
6469
6477
6469
9616
6479
9618
6474
6475
6476
6477
6474
6475
6602
6474
6476
17310
6475
6476
6478
6603
17311
6605
6479
17313
6479
6479
6608
9622
9623
6483
6484
6485
6492
6484
6486
6483
6484
6493
6496
6488
6497
6488
6489
6501
6488
6516
6488
6489
6502
6518
6621
6505
6520
6506
6622
6491
6494
6498
6500
6496
6497
6498
6501
6496
6497
6496
6498
17317
6497
6498
6503
17318
6505
6507
17320
6500
6504
6626
9640
6507
9641
6505
6506
6507
6505
6506
6629
6505
6507
17324
6506
6507
6630
17325
6632
17327
6512
6513
6514
6522
6512
6513
6512
6514
6523
6513
6514
6526
6527
6519
6520
6521
6522
6519
6520
6519
6521
6524
6520
6521
6526
6528
6526
6527
6528
6526
6527
6531
6526
6528
6643
6527
6528
6533
6645
6535
6647
6537
6539
6534
6535
6536
6537
16476
6534
6535
6534
6536
6535
6536
16477
16480
6538
16481
6538
6544
6548
6666
6542
6543
6544
16469
6542
6543
9657
16471
6543
6546
9658
16473
6549
9660
16475
6548
6549
16476
6548
6683
6549
9664
6548
6549
6684
9665
16479
6686
16481
9667
16482
6553
6554
6557
16483
6554
6558
6553
6554
16484
16487
6562
16488
6556
6557
6569
6563
6573
6561
6562
6563
16490
6561
6562
6583
6561
6563
6708
6562
6563
6585
6710
16491
6587
16494
6712
16495
6567
6568
6569
16483
6567
6568
16485
6568
6571
16487
6574
16489
6573
6574
16490
6573
6729
6574
9689
6573
6574
6730
9690
16493
6732
16495
9692
16496
6579
6580
6581
6589
6579
6580
6579
6581
6590
6580
6581
6593
6594
6586
6587
6588
6589
6586
6587
6586
6588
6591
6587
6588
6593
6595
6593
6594
6595
6593
6594
6597
6593
6595
6736
6594
6595
6598
6738
6599
6740
6599
6600
6610
6599
6599
6600
6611
6614
6615
6605
6606
6607
6610
6605
6606
6605
6607
6608
15553
6606
6607
6612
15554
6614
6609
6616
15556
6609
9710
6618
9711
6614
6615
6616
6614
6615
6759
6614
6616
17338
6615
6616
6617
6760
17339
6762
6618
17341
6618
6765
9714
9715
6622
6623
6628
6623
6622
6623
6629
6632
6625
6633
6625
6636
6652
6774
6639
6654
6627
6630
6634
6632
6633
6634
6635
6632
6633
6632
6634
17352
6633
6634
6637
17353
6639
6641
17355
6639
6640
6641
6639
6640
6779
6639
6641
9735
6640
6641
6780
9736
6782
9738
6646
6647
6648
6656
6646
6647
6646
6648
6657
6647
6648
6660
6661
6653
6654
6655
6656
6653
6654
6653
6655
6658
6654
6655
6660
6662
6660
6661
6662
6660
6661
6669
6660
6662
16512
6661
6662
6671
16514
6673
16516
6665
6666
6667
6675
6682
6666
6667
6683
6679
6686
6680
6687
6672
6673
6674
6675
6672
6673
6672
6674
6677
15398
6673
6674
15400
6679
6681
15402
6679
6680
6681
16497
6679
6680
6679
6681
18849
6680
6681
6689
16498
18851
6690
16501
16502
18853
6686
6687
6688
16497
6686
6687
6686
6688
17373
6687
6688
6692
16499
17374
16501
16503
17376
6690
6691
6693
6696
6697
6694
6696
6697
16498
16526
6696
9750
16499
6697
9751
16527
16501
16529
6699
6700
6702
6717
6816
6705
6719
6706
6818
6703
6731
9766
6705
6706
16505
16540
6705
9770
16506
6706
9771
16541
16508
16543
6711
6712
6713
6721
6711
6712
6711
6713
6722
6712
6713
6725
6726
6718
6719
6720
6721
16504
6718
6719
6718
6720
6723
15405
6719
6720
15407
16505
6725
16508
6727
15409
16509
6725
6726
6727
6725
6726
6743
6725
6727
18856
6726
6727
6745
18858
6747
18860
6732
6733
6734
16504
6732
6733
6732
6734
15560
6733
6734
15561
16506
16508
15563
16510
6739
6740
6741
6749
6739
6740
6739
6741
6750
6740
6741
6753
6754
6746
6747
6748
6749
6746
6747
6746
6748
6751
15413
6747
6748
15415
6753
6755
15417
6753
6754
6755
6753
6754
6753
6755
6834
6754
6755
6756
6836
6757
6838
6757
6768
6771
6762
6763
6764
6767
6762
6763
6762
6764
6765
15567
6763
6764
6769
15568
6771
6766
6773
15570
6766
9787
9788
6771
6772
6773
6771
6772
6850
6771
6773
9791
6772
6773
6851
9792
6853
9794
6775
6779
6777
6783
6777
6785
6793
6861
6788
6795
6782
6783
6784
6782
6783
6782
6784
9810
6783
6784
6786
9811
6788
6789
9813
6788
6863
16519
6788
6789
9817
16520
6789
6864
9818
16522
9820
6794
6795
6796
16518
6794
6795
6794
6796
6795
6796
16519
16522
16523
6798
6799
6800
6807
6804
6810
6804
6805
6806
16532
6804
6805
6804
6806
18863
6805
6806
6823
16533
18865
6825
16536
16537
18867
6810
6811
6812
16525
16532
6810
6812
9844
16527
6811
6812
6829
9845
16534
16529
16536
9846
16531
16538
6817
6818
6819
16539
6817
6818
6817
6819
15406
6818
6819
15407
16540
16543
15410
16544
6824
6825
6826
16546
6824
6825
6824
6826
15426
6825
6826
15428
16547
16550
15430
16551
6830
6831
6832
16539
16546
6830
6832
16541
6831
6832
16548
16543
16550
16545
16552
6837
6838
6839
6840
15412
6837
6838
15413
6837
6839
6841
6838
6839
6844
15416
15417
6845
6844
6845
6846
16553
6844
6845
6844
6846
6878
6845
6846
6847
6880
16554
6848
16557
6882
16558
6848
6856
6859
6853
6854
6855
6853
6854
6853
6855
6854
6855
6857
6859
6860
6859
6891
16554
6859
6860
9864
16555
6860
6892
9865
16557
9867
6862
6863
6866
6866
16561
9891
6866
6868
9892
16563
6869
16565
6869
6898
16568
6869
9898
16569
16571
6874
6875
6876
16567
6874
6875
6874
6876
6875
6876
16568
16571
16572
6881
6882
6883
6884
16574
6881
6882
6881
6883
6885
6882
6883
16575
6888
16578
6889
16579
6888
6889
6890
16581
6888
6889
6888
6890
6923
6889
6890
6925
16582
16585
6927
16586
6894
16575
6894
6896
16577
6897
16579
6897
6949
16582
6897
9933
16583
16585
6900
6909
6900
6901
6911
9954
6913
6917
9959
6905
6906
6907
6915
16588
6905
6907
16590
6906
6907
6916
16592
6919
6920
16594
6912
6913
6914
6915
6912
6913
16568
6912
6914
15609
16570
6913
6914
6917
15610
16572
6919
6921
15612
6919
6920
6921
6919
6920
6963
6919
6921
17457
6920
6921
6964
17458
6966
17460
6926
6927
6928
6929
6935
6926
6927
6926
6928
6927
6928
6936
6932
6939
6933
6940
6932
6933
6934
6942
16595
6932
6934
6990
16597
6933
6934
6943
16599
6946
6947
6992
16601
6939
6940
6941
6942
6939
6940
6949
16582
6939
6941
16584
17471
6940
6941
6944
6950
17472
16586
6946
6951
6948
17474
6946
6947
6948
6946
6947
7003
6946
6948
6952
17478
6947
6948
7004
17479
7006
17481
6951
6951
6952
9982
6954
6955
6969
6961
6973
6959
6960
6961
16602
16609
6959
6960
16604
16617
6959
6961
6960
6961
7015
16610
16619
16606
16608
16613
16621
7016
16614
6966
6967
6968
6969
6966
6967
6966
6968
15616
6967
6968
6970
15617
6972
6974
15619
6972
6973
6974
16609
6972
6974
10010
6973
6974
7018
10011
16612
7019
16614
10013
16615
6979
6980
6981
16630
16637
6979
6980
6983
16632
6979
6981
7062
16639
6980
6981
6985
7064
16634
16641
6987
16636
7066
16643
6986
6987
6988
15454
16644
6986
6987
15456
6986
6988
16646
6987
6988
15458
16648
15460
16650
6991
6992
7000
7002
15461
6991
6992
15462
15465
7006
15466
6997
6998
6999
7000
15461
16665
6997
6998
15463
16659
6997
6999
6998
6999
16661
16666
15465
15467
16663
16669
7001
16670
7001
7009
7013
7006
7007
7008
7009
7006
7007
7006
7008
17506
7007
7008
7010
17507
7012
7014
17509
7012
7013
7014
16665
7012
7014
10017
7013
7014
7124
10018
16668
7125
16670
10020
16671
7016
7017
7022
7025
7026
7019
7020
7023
7025
7027
7028
7025
7026
7027
7029
7025
7026
16610
16673
7025
7027
16612
7026
7027
7030
16675
16614
7032
16677
7033
7033
10034
7032
7033
7032
7033
7049
15298
7033
15299
7051
15301
7038
7039
7040
7043
7038
7039
16625
7038
7040
7039
7040
16626
16629
7045
7042
7043
7047
7051
7045
7046
7054
7045
7046
7055
7069
7058
7070
7059
7051
7052
7053
7054
16672
7051
7052
7051
7053
16675
7052
7053
7057
7133
16677
7059
7060
16678
7058
7059
7060
7058
7059
7135
16680
7058
7060
16681
7059
7060
7136
16683
7138
7065
7066
7067
7072
7065
7066
7065
7067
7066
7067
7074
7070
7071
7072
16679
7070
7071
16680
16683
7075
16684
7074
7075
16686
7074
7075
7084
16687
7085
16690
7144
16691
7080
7081
7082
7087
7080
7081
16646
7080
7082
7081
7082
16647
16650
7089
7085
7086
7087
16693
7085
7086
16694
16697
7090
16698
7089
7090
16700
7089
7090
7098
16701
7099
16704
7173
16705
7094
7095
7096
7101
16707
7094
7095
16660
7095
7096
16661
16708
16664
16711
7102
16712
7099
7100
7101
7103
7099
7100
7104
7107
7108
7102
7110
7114
7107
7108
7109
7110
7107
7108
7202
16701
7107
7109
16702
7108
7109
7113
7203
16704
7115
7205
7116
7114
7115
7116
16707
7114
7115
7114
7116
7128
16710
7115
7116
7208
7130
16712
16713
7121
7122
7123
7127
7121
7122
16666
16708
7121
7123
7124
16668
7122
7123
7128
16710
7125
16670
7130
16712
7126
7131
7125
7126
10051
7132
10054
7130
7131
7130
7131
15305
7131
15306
7132
15308
10058
7134
7136
7140
7138
7139
7146
7138
7140
17541
7139
7140
7141
7148
17542
7150
7143
17544
7143
7161
17548
7143
17549
17551
7156
7149
7150
7151
7152
7159
7149
7150
16680
7149
7151
7154
16682
7150
7151
7161
7156
16684
7163
7158
7165
7156
7157
7158
7166
7156
7157
7175
16687
7156
7158
16689
7157
7158
7168
7177
16691
7170
7179
7172
7163
7164
7165
7166
7163
7164
7163
7165
7164
7165
7169
7219
7171
7221
7172
7170
7171
7172
7170
7171
7189
7224
7170
7172
7190
7171
7172
7225
7192
7227
7185
7178
7179
7180
7181
7188
7178
7179
16694
7178
7180
7183
16696
7179
7180
7190
7185
16698
7192
7187
7194
7185
7186
7187
7195
7185
7186
7202
16701
7185
7187
16703
7186
7187
7197
7204
16705
7199
7206
7201
7192
7193
7194
7195
7192
7193
7238
7192
7194
7193
7194
7198
7239
7200
7241
7201
7199
7200
7201
7199
7200
7199
7201
7210
7200
7201
7244
7246
7205
7206
7205
7207
7208
15665
7206
7207
7210
15666
7209
7212
15668
7209
10105
10108
7212
17562
7212
17563
17565
7214
7215
7220
10142
7217
10144
7217
7229
17576
7217
7264
17577
17579
7221
7222
7223
7221
7222
7225
15672
7222
7229
15673
7227
7228
7232
15675
7227
7228
7227
7238
7227
7228
17583
7228
7233
7240
17584
7236
17586
7232
17590
7231
7232
7234
7278
17591
7235
7280
7236
17593
7236
7248
17597
7235
7236
7285
17598
7287
17600
7241
7242
7243
7241
7241
7242
7244
15679
7242
7248
15680
7246
7247
7251
15682
7246
7247
7246
7247
17604
7247
7252
7256
17605
7255
17607
7251
17611
7250
7251
7253
7306
17612
7254
7308
7255
17614
7255
7258
17618
7254
7255
7313
17619
7315
17621
7257
7258
7260
7260
17625
7260
7332
17626
17628
7347
10216
7351
10235
7267
7269
7267
17646
7266
7267
7271
7279
17647
7273
7281
7275
17649
7269
7272
7384
10260
7275
10262
7273
7274
7291
7389
7273
7275
7292
17653
7274
7275
7390
17654
7294
7392
17656
7280
7281
7282
7283
7290
7280
7281
7280
7282
7285
7281
7282
7292
7287
7294
7289
7296
7287
7288
7289
7297
7287
7288
7305
7287
7289
7288
7289
7299
7307
7301
7309
7303
7294
7295
7296
7297
7294
7295
7419
7294
7296
7295
7296
7300
7420
7302
7422
7303
7301
7302
7303
7301
7302
7319
7426
7301
7303
7320
7302
7303
7427
7322
7429
7308
7309
7310
7311
7318
7308
7309
7308
7310
7313
7309
7310
7320
7315
7322
7317
7324
7315
7316
7317
7325
7315
7316
7315
7317
7316
7317
7327
7333
7329
7334
7331
7322
7323
7324
7325
7322
7323
7450
7322
7324
7323
7324
7328
7451
7330
7453
7331
7329
7330
7331
7329
7330
7337
7457
7329
7331
7338
7330
7331
7458
7340
7460
7335
15686
7334
7335
7338
15687
7340
7336
7342
15689
7344
10269
7340
7341
7475
7340
7342
17667
7341
7342
7343
7476
17668
7478
7344
17670
7344
7482
10274
10276
7513
10294
7528
10306
10338
7349
7352
10339
7359
10345
7353
7354
7358
7353
7355
15693
7353
7359
15694
7357
7362
15696
7357
7363
7357
10367
7357
7365
10368
7369
10369
7361
7362
7363
7362
17695
7361
7362
7366
7531
17696
7368
7369
17698
7367
7368
7369
7367
7368
7370
7534
7367
7369
7371
17702
7368
7369
7535
17703
7537
17705
7545
10397
7546
10398
7375
7385
10405
7396
7585
7377
7397
10414
7377
7586
10415
10417
7381
7393
7382
7400
7381
7382
7403
7411
7598
7406
7412
7407
7599
7386
7387
7388
7395
7386
7387
7390
15699
7387
7397
15700
7392
7394
7401
15702
7392
7393
7394
7402
7392
7393
7419
7392
7394
7393
7394
7404
7421
7406
7423
7408
7399
7400
7401
7402
7399
7400
16736
7399
7401
7400
7401
7405
16737
7407
16739
7408
7406
7407
7408
7406
7407
16715
16743
7406
7408
16716
7407
7408
16744
16718
16746
7414
7425
7412
7413
7414
16714
7412
7413
16715
16718
7417
16719
7416
7417
7432
7416
7417
7433
7442
7615
7436
7443
7437
7616
7422
7423
7424
7425
16714
7422
7423
7422
7424
7427
7423
7424
16716
7429
16718
7431
16720
7429
7430
7431
7432
7429
7430
7450
7429
7431
7430
7431
7434
7452
7436
7454
7438
7436
7437
7438
16714
7436
7437
7464
16764
7436
7438
7465
7437
7438
16717
16765
7467
16719
16767
16720
7440
7445
7456
7447
7461
7443
7444
7445
7463
7443
7444
7464
7467
7448
7468
7447
7448
16721
7447
7448
7470
7632
16722
7471
16725
7633
16726
7453
7454
7455
7456
7463
7453
7454
7453
7455
7458
7454
7455
7465
7460
7467
7462
7469
7460
7461
7462
16721
7460
7461
7475
7460
7462
7461
7462
7477
16723
7479
16725
16727
7467
7468
7469
16721
7467
7468
16778
7467
7469
7468
7469
16724
16779
16726
16781
16727
7471
7472
7487
7490
7473
7491
7498
7650
7478
7479
7480
7481
7486
7478
7479
7478
7480
7482
7479
7480
7488
7484
7490
7485
7492
7484
7485
7493
7484
7485
18870
7485
7495
7500
18871
7499
18873
7490
7491
7492
7493
7490
7491
16722
16799
7490
7492
16723
7491
7492
7496
16800
16725
7498
16802
7499
7497
7498
7499
7497
7498
7501
16806
7497
7499
7502
7498
7499
16807
16809
7502
7672
7504
10439
7504
7673
10440
10442
7517
7697
7518
10466
7698
10467
7511
7512
7516
7511
7513
7511
7518
7515
7522
7515
7523
7515
17709
7515
7524
7529
17710
7527
17712
7520
7521
7522
7523
7520
7521
7718
7520
7522
17716
7521
7522
7525
7719
17717
7526
7721
7527
17719
7526
7527
7527
7530
17723
7526
7527
7724
17724
17726
7530
10502
7532
7535
7539
7537
7538
7539
7537
7538
7545
7537
7539
17730
7538
7539
7540
7547
17731
7542
7549
7543
17733
7542
7543
7558
10526
7543
10527
7560
10529
7548
7549
7550
7551
7556
7548
7549
7548
7550
7552
15707
7549
7550
7558
15708
7554
7560
7555
7562
15710
7554
7555
7563
7554
7555
10553
7555
7565
10554
7569
10555
7560
7561
7562
7563
7560
7561
7731
7560
7562
19018
7561
7562
7566
7732
19019
7568
7734
7569
19021
7567
7568
7569
7567
7568
7570
7737
7567
7569
7571
10559
7568
7569
7738
10560
7740
10562
7573
7765
10585
7573
7766
10586
7768
7579
7589
7580
7595
7579
7580
16728
7580
7786
7579
7580
7604
7788
16729
7606
16732
7790
16733
7583
7584
7591
7583
7586
7590
7596
7588
7589
7590
16728
7588
7589
16736
7588
7590
17737
7589
7590
16730
16738
17738
16732
16740
16734
17740
7595
7596
16728
7595
16834
7596
10590
7595
7596
10591
16731
16835
16733
16837
10593
16734
7599
7600
7608
16742
7599
7600
16743
16746
7612
16747
7605
7606
7607
7608
7605
7606
7605
7607
7610
7606
7607
7613
7612
7613
16749
7612
7619
7613
7806
7612
7613
7621
7808
16750
7623
16753
7810
16754
7616
7617
7625
16763
7616
7617
16764
16767
7629
16768
7622
7623
7624
7625
7622
7623
7622
7624
7626
7623
7624
7628
7630
7628
7629
7630
16770
7628
7630
7827
7629
7630
7637
7829
16771
7639
16774
7831
16775
7633
7634
7641
16784
7633
7634
16785
16788
7646
16789
7638
7639
7640
7641
16791
7638
7640
7643
7639
7640
16792
7645
16795
7647
16796
7645
7646
7647
7645
7646
7653
7645
7647
7848
7646
7647
7655
7850
7656
7852
7650
7651
7658
16805
7650
7651
16806
16809
7663
16810
7656
7657
7658
16812
7656
7657
7660
7656
7657
16813
16816
7664
16817
7662
7663
7664
7662
7663
7662
7664
7869
7663
7664
7667
7871
7668
7873
7668
7669
16819
7669
7668
7669
16820
16823
7670
16824
7685
7892
7675
7676
7677
7678
16819
7675
7676
16806
7675
7677
7679
15742
7676
7677
15743
16808
16821
16810
16823
7680
15745
16825
7680
7681
7680
10606
7686
10608
7685
7686
16819
7685
16848
7686
10612
7685
7686
10613
16822
16849
16824
16851
10615
16825
7690
7704
7925
7705
10627
7690
7926
10628
7928
7694
7695
7696
7703
7694
7695
7698
7695
7705
7700
7702
7709
7700
7701
7702
7710
7700
7701
7718
7700
7702
17772
7701
7702
7712
7720
17773
7714
7722
7716
17775
7707
7708
7709
7710
7707
7708
7939
7707
7709
10632
7708
7709
7713
7940
10633
7715
7942
7716
10635
7714
7715
7716
7714
7715
7946
7714
7716
7726
19025
7715
7716
7947
19026
7728
7949
19028
7721
7722
7723
7721
7722
7721
7723
7724
15749
7722
7723
7726
15750
7728
7725
7729
15752
7725
10659
10661
7728
7729
10665
7729
10666
10668
7734
7735
7736
7743
7734
7734
7735
7738
15756
7735
7744
15757
7740
7742
7746
15759
7740
7741
7742
7747
7740
7741
7765
7740
7742
18969
7741
7742
7749
7767
18970
7751
7769
7753
18972
7746
7747
7746
10699
7746
7750
7962
10700
7753
10702
7751
7752
7753
7751
7752
7779
7963
7751
7753
7780
7752
7753
7964
7782
7966
7755
7760
7771
7762
7776
7758
7759
7760
7778
7758
7759
7779
7782
7763
7783
7762
7763
16826
7762
7763
7794
7973
16827
7796
16830
7974
16831
7768
7769
7770
7771
7778
7768
7769
7768
7770
7773
7769
7770
7780
7775
7782
7777
7784
7775
7776
7777
16826
7775
7776
16834
7775
7777
10732
7776
7777
10733
16828
16836
16830
16838
10735
16832
7782
7783
7784
16826
7782
7783
7982
7782
7784
7783
7784
7983
16829
7985
16831
16832
7789
7790
7791
7798
7789
7790
7789
7791
7799
7790
7791
7802
7803
7795
7796
7797
7798
16840
7795
7797
7800
7796
7797
16841
7802
16844
7804
16845
7802
7803
7804
7802
7803
7813
7802
7804
7996
7803
7804
7815
7998
7817
8000
7809
7810
7811
7819
7809
7810
7809
7811
7820
7810
7811
7823
7824
7816
7817
7818
7819
7816
7817
7816
7818
7821
7817
7818
7823
7825
7823
7824
7825
7823
7824
7834
7823
7825
8015
7824
7825
7836
8017
7838
8019
7830
7831
7832
7840
7830
7831
7830
7832
7841
7831
7832
7844
7845
7837
7838
7839
7840
7837
7838
7837
7839
7842
7838
7839
7844
7846
7844
7845
7846
7844
7845
7855
7844
7846
8036
7845
7846
7857
8038
7859
8040
7851
7852
7853
7861
7851
7852
7851
7853
7862
7852
7853
7865
7866
7858
7859
7860
7861
7858
7859
7858
7860
7863
7859
7860
7865
7867
7865
7866
7867
7865
7866
7876
7865
7867
8057
7866
7867
7878
8059
7880
8061
7872
7873
7874
7882
7872
7873
7872
7874
7883
7873
7874
7886
7887
7879
7880
7881
7882
7879
7880
7879
7881
7884
7880
7881
7886
7888
7886
7887
7888
7886
7887
7895
7886
7888
8078
7887
7888
7897
8080
7899
8082
7891
7892
7893
7901
16847
7892
7893
16848
7904
16851
7905
16852
7898
7899
7900
7901
7898
7899
7898
7900
7902
7899
7900
7904
7906
7904
7905
7906
16854
7904
7906
8099
7905
7906
7910
8101
16855
7911
16858
8103
16859
7908
7913
7924
7915
7929
7911
7912
7913
16861
7911
7912
16862
16865
7916
16866
7915
7916
7931
7915
7916
7932
8118
7935
7936
8119
7921
7922
7923
7924
16861
7921
7922
16848
7921
7923
7926
7922
7923
16850
16863
7928
16852
16865
7930
16867
7928
7929
7930
7931
7928
7929
7939
7928
7930
10759
7929
7930
7933
7941
10760
7935
7943
7937
10762
7935
7936
7937
16861
7935
7936
7952
8127
7935
7937
7953
7936
7937
8128
16864
7955
8130
16866
16867
7942
7943
7944
7945
7951
7942
7943
7942
7944
7947
18941
7943
7944
7953
18942
7949
7955
7950
7957
18944
7949
7950
7958
7949
7949
7950
17793
7950
7959
17794
7961
17796
7955
7956
7957
7958
7955
7956
8140
7955
7957
7956
7957
7960
8141
8143
7961
7961
7961
10787
7961
8146
10788
10790
7964
7966
7967
7982
7966
7968
10822
7967
7968
7969
7984
10823
7970
7986
10825
7970
7990
10829
7992
7974
7975
7977
16868
7975
7974
7975
16869
16872
7979
16873
7977
7988
7979
7980
16875
7979
7980
8004
16876
8006
16879
16880
7985
7986
7987
7988
16868
7985
7986
7985
7987
16870
18948
7986
7987
7990
18949
16872
7992
7994
16874
18951
7992
7993
7994
16875
7992
7993
7992
7994
17800
7993
7994
8149
16878
17801
16880
16881
17803
7999
8000
8001
8008
7999
8000
7999
8001
8009
8000
8001
8011
8012
8005
8006
8007
8008
16882
8005
8006
8006
8007
16883
8011
16886
8013
16887
8011
8012
8013
16889
8011
8012
8022
8012
8013
8024
8154
16890
8026
16893
8155
16894
8018
8019
8020
8028
8018
8019
8018
8020
8029
8019
8020
8032
8033
8025
8026
8027
8028
8025
8026
8025
8027
8030
8026
8027
8032
8034
8032
8033
8034
8032
8033
8043
8032
8034
8168
8033
8034
8045
8169
8047
8170
8039
8040
8041
8049
8039
8040
8039
8041
8050
8040
8041
8053
8054
8046
8047
8048
8049
8046
8047
8046
8048
8051
8047
8048
8053
8055
8053
8054
8055
8053
8054
8064
8053
8055
8054
8055
8066
8184
8068
8185
8060
8061
8062
8070
8060
8061
8060
8062
8071
8061
8062
8074
8075
8067
8068
8069
8070
8067
8068
8067
8069
8072
8068
8069
8074
8076
8074
8075
8076
8074
8075
8085
8074
8076
8205
8075
8076
8087
8206
8089
8207
8081
8082
8083
8091
8081
8082
8081
8083
8092
8082
8083
8095
8096
8088
8089
8090
8091
8088
8089
8088
8090
8093
8089
8090
8095
8097
8095
8096
8097
8095
8096
8106
8095
8097
8096
8097
8107
8227
8109
8228
8102
8103
8104
8111
8102
8103
8102
8104
8112
8103
8104
8114
8115
8108
8109
8110
8111
16896
8108
8109
8109
8110
16897
8114
16900
8116
16901
8114
8115
8116
16903
8114
8115
8115
8116
8122
8240
16904
8123
16907
8241
16908
8119
8120
8125
8126
8119
8120
8127
8130
8131
8123
8124
8125
16917
8123
8124
16918
16921
16922
8133
8130
8131
8132
8133
16910
8130
8131
8140
8130
8132
16912
18997
8131
8132
8135
8142
18998
16914
8137
8144
8139
16916
19000
8137
8138
8139
16917
8137
8138
8137
8139
8147
17891
8138
8139
8257
16920
17892
8148
16922
16923
17894
8143
8144
8143
8145
8146
8144
8145
8147
8148
10894
8148
10897
8151
8153
8156
16876
8153
10914
16878
8158
10915
16880
8155
8161
8164
8159
16883
8159
8160
8162
16885
8160
8164
16887
8166
8164
8165
8173
16890
8164
8166
10926
16892
8165
8166
8175
10927
16894
8177
10929
8170
8171
16924
8170
8170
8171
16925
16928
16929
8176
8177
8178
16924
8176
8177
8176
8178
16926
8177
8178
16928
16930
8181
8182
16924
8181
8182
8192
10945
16927
8194
16929
16930
8185
8186
8189
16938
8185
8186
16939
16942
16943
8188
8189
8190
8194
8197
8194
8195
8196
8197
16931
8194
8195
8194
8196
10954
16934
8195
8196
8200
8258
10955
16936
8202
8203
10957
16937
8201
8202
8203
16938
8201
8202
8213
8201
8203
8214
16941
8202
8203
8260
8216
16943
16944
8207
8208
8210
16952
8207
8207
8208
16953
16956
8211
16957
8210
8212
8211
8219
8223
8216
8217
8218
8219
16945
8216
8217
8216
8218
16948
8217
8218
8222
8268
16950
8224
8225
16951
8223
8224
8225
16952
8223
8224
8223
8225
8237
10968
16955
8224
8225
8271
10969
8238
16957
10971
16958
8228
8229
8228
8230
8233
8233
8234
8235
16959
8233
8234
8242
8233
8235
10982
16961
8234
8235
8244
10983
16963
8246
10985
16965
8238
8239
16959
8238
8239
10987
16962
16964
16965
8241
8248
8251
8245
8246
16897
8245
8247
8249
16899
8246
8247
8251
16901
8252
8251
8253
16904
8251
8252
10996
16906
8252
8255
10997
16908
10999
8256
16918
8256
8257
16920
16922
11009
8259
8260
8262
8264
8262
17933
8262
8265
8269
17934
8267
17936
8264
8266
8278
11020
8267
11022
8267
8273
11026
8267
8280
11027
11029
8270
8271
15805
8270
8273
15806
8272
8275
15808
8272
11052
8277
11055
8275
11059
8275
8276
8290
11060
8277
11062
8277
8293
11067
11069
8279
8280
8282
8284
8282
11093
8282
8286
8291
11094
8289
11096
8284
8287
8311
11101
8289
11103
8288
8295
8316
8289
8296
17954
8288
8289
8317
17955
8319
17957
8292
8293
8292
8296
8294
8299
8294
11128
8301
11131
8298
8336
8299
17968
8298
8299
8300
8337
17969
8339
8301
17971
8301
8343
11136
11138
8303
8306
8315
8308
8320
8305
8306
8322
8309
8327
8308
8309
16966
8308
8309
8330
8357
16967
8331
16970
8358
16971
8313
8314
8315
8322
8313
8314
8317
8314
8324
8319
8321
8328
8319
8320
8321
16966
8319
8320
8336
8319
8321
8320
8321
8338
16968
8340
16970
16972
8326
8327
8328
16966
8326
8327
8365
8326
8328
17982
8327
8328
8366
16969
17983
8368
16971
16972
17985
8331
8332
8333
16973
8331
8332
16974
16977
8334
16978
8334
8347
8352
8386
8339
8340
8341
8342
16973
8339
8340
8339
8341
8343
8340
8341
16975
8345
16977
8346
16979
8345
8346
8347
8345
8346
11182
8346
8349
11183
8353
11185
8351
8352
8353
16973
8351
8352
8392
8351
8353
17996
8352
8353
8393
16976
17997
8395
16978
16979
17999
8355
8367
11204
8373
11208
8358
8359
8361
16980
8358
8359
16981
16984
8363
16985
8361
8371
8363
8378
8363
8379
8388
8382
8389
8368
8369
8370
8371
16980
8368
8369
8368
8370
15812
16982
8369
8370
8373
15813
16984
8375
8377
15815
16986
8375
8376
8377
8378
8375
8376
8375
8377
18010
8376
8377
8381
8414
18011
8383
8415
8384
18013
8382
8383
8384
16980
8382
8383
8399
8417
8382
8384
8400
16983
8383
8384
8418
8402
16985
8420
16986
8386
8390
8391
8395
8389
8390
8398
8389
8399
8402
8405
8395
8396
8397
8405
16987
8395
8396
8395
8397
16989
18017
8396
8397
8407
8412
18018
16991
8409
8411
16993
18020
8402
8403
8404
8405
16987
8402
8403
8422
8402
8404
16990
8403
8404
8408
8423
16992
8410
8425
8411
16993
8409
8410
8411
8409
8410
8409
8411
8413
18024
8410
8411
8427
18025
8428
18027
8413
11225
8415
8416
8418
8420
8421
8420
8422
8420
8421
18031
8421
8424
18032
18034
8425
8425
8426
8427
15819
8426
15820
8428
8429
15822
8428
8429
11263
11266
8432
8433
8432
8436
15367
8435
8438
8435
8459
8435
8461
8440
8463
8438
8480
15368
8438
8439
8481
11288
8440
8483
8440
8488
11291
8490
8443
8444
8443
8446
8448
8446
8529
8446
8449
8531
15369
8451
8533
8448
8450
8551
11299
8451
8553
8451
8557
15370
8451
8558
11301
8560
8454
8454
8455
15367
8457
8457
8480
15368
8457
8482
11310
8484
8462
8463
8464
8472
8486
8462
8463
8462
8464
8473
8463
8464
8487
8476
8490
8477
8491
8469
8470
8471
8472
8493
8469
8470
8469
8471
8474
8470
8471
8494
8476
8497
8478
8498
8476
8477
8478
8500
8476
8477
8507
8476
8478
8581
8477
8478
8501
8508
8583
8504
8509
8505
8585
8483
8484
8485
8486
8493
8483
8484
8483
8485
8488
8484
8485
8495
8490
8497
8492
8499
8490
8491
8492
8500
8490
8491
8510
8490
8492
11317
8491
8492
8502
8511
11318
8504
8512
8506
11320
8497
8498
8499
8500
8497
8498
8602
8497
8499
11324
8498
8499
8503
8603
11325
8505
8604
8506
11326
8504
8505
8506
8504
8505
8513
8608
8504
8506
8514
11330
8505
8506
8609
11331
8515
8611
11333
8509
8509
8513
8515
8512
8512
8514
8515
8515
8620
8515
11355
8518
8519
8518
8522
8521
8524
8521
8536
8521
8525
8538
8622
8527
8540
8524
8550
8524
8526
8552
11363
8527
8554
8527
8564
8624
8527
8565
11366
8567
8532
8533
8534
8542
8556
8532
8533
8532
8534
8543
8533
8534
8557
8546
8560
8547
8561
8539
8540
8541
8542
8563
8539
8540
8539
8541
8544
8540
8541
8564
8546
8567
8548
8568
8546
8547
8548
8570
8546
8547
8546
8548
8626
8547
8548
8571
8628
8574
8575
8630
8553
8554
8555
8556
8563
8553
8554
8553
8555
8558
8554
8555
8565
8560
8567
8562
8569
8560
8561
8562
8570
8560
8561
8577
8560
8562
11375
8561
8562
8572
8578
11376
8574
8579
8576
11378
8567
8568
8569
8570
8567
8568
8647
8567
8569
11382
8568
8569
8573
8648
11383
8575
8650
8576
11385
8574
8575
8576
8574
8575
8654
8574
8576
11389
8575
8576
8655
11390
8656
11391
8579
15370
8579
8584
8585
8586
8594
8607
8584
8585
8584
8586
8595
8585
8586
8608
8598
8611
8599
8612
8591
8592
8593
8594
8614
8591
8592
8591
8593
8596
8592
8593
8598
8600
8615
8598
8599
8600
8616
8598
8599
8598
8600
8666
8599
8600
8617
8668
8618
8619
8670
8604
8605
8606
8607
8614
8604
8605
8604
8606
8609
8611
8613
8611
8612
8613
8616
8611
8612
8620
8611
8613
11416
8612
8613
8618
8615
8616
8619
8685
8618
8619
8618
8619
8687
8688
8623
8623
8624
8647
8629
8630
8631
8639
8653
8629
8630
8629
8631
8640
8630
8631
8654
8643
8656
8644
8657
8636
8637
8638
8639
8659
8636
8637
8636
8638
8641
8637
8638
8660
8643
8661
8645
8662
8643
8644
8645
8663
8643
8644
8643
8645
8702
8644
8645
8664
8705
8650
8651
8652
8653
8659
8650
8651
8650
8652
8655
8651
8652
8656
8661
8658
8656
8657
8658
8663
8656
8657
8656
8658
11417
8661
8662
8663
8661
8662
8719
8664
8720
8664
8723
8669
8670
8671
8677
8686
8669
8670
8669
8671
8678
8670
8671
8687
8681
8688
8682
8689
8675
8676
8677
8675
8675
8676
8679
8681
8683
8681
8682
8683
8690
8681
8682
8694
16226
8681
8683
8729
16227
8682
8683
8691
8695
8731
16230
8692
8696
8693
8733
8685
8686
8688
8688
8689
8690
8688
8689
8692
8692
8693
8692
8693
8747
8748
8696
8696
8698
8700
8707
8700
8709
8763
8711
8704
8705
8713
8722
8704
8705
8704
8714
8716
8723
8710
8711
8712
8713
8724
8710
8711
16233
8710
8712
8715
16234
8711
8712
8725
8716
16237
8726
8717
8727
8716
8717
8716
8716
8717
8775
8777
8720
8721
8722
8724
8720
8721
8723
8726
8723
8726
8727
8726
8727
8790
8791
8732
8733
8734
8739
8746
8732
8733
16240
8732
8734
8740
16241
8733
8734
8747
8743
16244
8748
8744
8749
8737
8738
8739
8737
8738
8741
8743
8745
8743
8744
8745
8750
8743
8744
8754
16247
8743
8745
16248
16995
8744
8745
8751
8756
16997
16251
8752
8758
8753
16999
8748
8749
8750
8748
8749
8752
8752
8753
8752
8753
8760
8802
8761
8803
8757
8758
8757
8759
8758
8759
8760
8761
8761
8820
8764
8765
8766
8765
8769
8770
8769
8770
8779
8769
8771
8827
8770
8771
8772
8781
8829
8773
8783
8831
8773
8794
8843
8795
8776
8777
8785
8776
8777
8787
8782
8783
8784
8785
8793
8782
8783
16261
8782
8784
8786
15469
16262
8783
8784
8794
15471
8787
16265
8795
8788
8796
15473
8787
8788
8787
8788
8850
8852
8791
8792
8793
8791
8792
8795
8795
8796
8795
8796
8858
8859
8799
8800
17001
8799
8800
17003
17005
17007
8803
8804
8805
16994
8803
8804
8820
16997
16999
8807
8821
17000
8807
8808
17001
8807
8808
8823
8870
17004
8824
17006
8872
17007
8818
8814
8815
8816
8822
8814
8815
16282
17002
8814
8816
8817
15476
16283
8815
8816
8823
15478
17004
8818
16286
8824
17006
8819
8825
15480
8818
8819
8880
8883
8821
8824
8824
8825
8824
8825
8892
8894
8830
8831
8832
8836
8830
8831
8830
8832
8837
15470
8831
8832
8843
15471
8840
8841
8844
15474
8834
8835
8838
8840
8842
8840
8841
8842
8845
8840
8841
16289
17009
8840
8842
16290
17037
8841
8842
8846
17011
17039
16293
8847
17013
8848
17041
8844
8858
8847
8860
8847
8848
8847
8848
8862
8914
8863
8916
8851
8852
8853
15468
8851
8852
15469
8855
15472
15473
8855
8856
17008
8855
8856
8927
17010
17012
8929
17014
8859
8860
8861
15468
8859
8860
15471
15473
8863
15474
8863
8864
17008
8863
8864
8935
17011
17013
8937
17014
8867
8868
17022
8867
8868
17024
17026
17028
8872
8873
8874
17015
8872
8873
8892
17018
8873
8876
8893
17020
8877
8895
17021
8877
8878
17022
8877
8878
8898
8955
17025
8877
8899
8901
17027
8957
17028
8882
8883
8884
8896
15475
8882
8883
15476
8882
8885
8888
15479
15480
8888
8889
8890
8903
17029
8888
8889
8888
8890
17031
17065
8889
8890
17067
17033
8904
17035
17069
8894
8895
8896
8897
15475
8894
8895
15478
8895
8899
15480
8901
15481
8903
8901
8902
8903
17029
8901
8902
8965
17032
8901
8902
8966
17034
8904
8968
17035
8904
8973
8909
8910
8911
8918
17043
8909
8910
8909
8911
15490
17045
8910
8911
15492
17047
8919
15494
17049
8913
8918
8916
8917
8920
17036
8916
8917
8935
17039
8917
8922
8936
17041
8924
8938
17042
8919
8920
8925
9006
8924
8925
17043
8924
8925
8940
9010
17046
8924
8941
8925
9011
8942
17048
9013
17049
8928
8929
8930
15482
8928
8929
15483
8932
15486
15487
8932
8933
17050
8932
8933
9030
17052
17054
9032
17056
8937
8938
8939
15482
8937
8938
15485
8938
8941
15487
8942
15488
8942
8943
17050
8942
8943
9044
17053
8942
17055
9046
17056
8946
8947
8946
8949
8951
8951
8952
8953
8959
17057
8951
8952
16359
17059
8951
8953
9054
16360
8952
8953
8960
9056
16363
17061
8962
17063
8963
9058
8957
8958
8959
17057
8957
8958
8965
17060
8958
8961
8967
17062
8962
8969
17063
8962
8963
8962
8963
8977
9065
8962
8978
8980
9067
8968
8969
8970
8971
8976
8968
8969
8968
8970
8969
8970
8978
8973
8980
8975
8982
8973
8974
8975
8983
17064
8973
8974
17067
17069
8986
17070
8988
8980
8981
8982
8983
8980
8981
9072
8980
8982
8981
8982
8985
9073
8987
9075
8988
8986
8987
8988
17071
8986
8987
8993
9079
17074
8987
8988
9080
8994
17076
9082
17077
8992
17072
8992
8993
17074
8994
17076
8994
9102
8997
8998
15491
8997
15492
9001
15495
9001
17079
9114
9001
9002
9116
17081
9003
17083
9003
9017
9130
9019
9006
9007
9008
9009
9016
15489
9006
9007
15492
9013
15494
9019
15495
9015
9021
9013
9014
9015
9022
9013
9014
9044
9013
9015
9014
9015
9024
9045
9026
9047
9028
9019
9020
9021
9022
17078
9019
9020
9142
17081
9020
9021
9025
9143
17083
9027
9145
17084
9028
9026
9027
9028
9026
9027
9049
9149
9026
9028
9050
9027
9028
9150
9051
9152
9031
9032
9040
15496
9031
9032
15497
9042
15500
15501
9037
9038
9039
9040
9048
15496
9037
9038
15498
16394
9037
9039
9041
16395
9038
9039
9049
9042
15500
16398
9051
15502
9052
9042
9042
9162
9046
9047
9048
15496
9046
9047
15499
9047
9050
15501
9051
15502
9051
9052
9051
9052
9168
9051
9170
9057
9058
9059
9060
9057
9058
9057
9059
9061
9058
9059
9065
9063
9067
9064
9068
9063
9064
9063
9064
17086
9064
9069
9175
17088
9070
17090
9067
9068
9072
9068
9074
9070
9076
9070
9086
9177
9089
9075
9076
9077
9078
9085
9075
9076
9075
9077
9080
9076
9077
9087
9082
9089
9084
9091
9082
9083
9084
17092
9082
9083
9102
9082
9084
11418
9083
9084
9103
11419
17094
9104
17096
11420
17098
9089
9090
9091
17085
17092
9089
9090
9186
17088
9089
9091
11421
9090
9091
9187
11422
17095
17090
9189
17091
17097
11423
17098
9096
9097
9098
9105
9096
9097
9096
9098
9099
15504
9097
9098
9106
15506
9109
9100
9110
15508
9100
9200
9112
9202
9104
9105
9104
9104
9107
9109
9109
9110
9111
9109
9110
17093
17121
9109
9111
11429
17094
9110
9111
11430
17122
17096
9112
17124
9211
9117
9118
9119
9122
9129
9117
9118
9117
9119
9123
9118
9119
9130
9126
9127
9132
9121
9124
9128
9133
9126
9127
9128
9134
9126
9127
9126
9128
17135
9127
9128
9135
17137
9138
9139
17139
9132
9134
9132
9142
9132
9136
9144
9138
9146
9139
9227
9138
9139
9140
9138
9139
17107
17149
9138
9140
11431
17108
9139
9140
11432
17150
17110
17152
9145
9146
9147
9148
17106
9145
9146
9145
9147
9150
9146
9147
17108
9152
17110
9154
17112
9152
9153
9154
9155
9152
9153
9168
9152
9154
11433
9153
9154
9157
9169
9159
9171
9161
11434
9159
9160
9161
17099
17106
9159
9160
9172
9250
17102
9159
9161
11440
9160
9161
9251
11441
17109
9173
17104
9253
17105
17111
11442
17112
9166
9167
9166
9167
17100
9167
9172
17102
9173
17104
9170
9171
9171
9173
9173
9263
9176
9176
9177
9186
9182
9183
9184
9192
9182
9183
9182
9184
9183
9184
9193
9196
9197
9189
9190
9191
9192
9189
9190
9189
9191
9190
9191
9194
9196
9198
9196
9197
9198
9196
9197
9272
9196
9198
9197
9198
9273
11451
9275
11452
9201
9202
9203
9209
15503
9201
9202
15504
9206
15507
9211
15508
9206
9207
9208
9213
17113
9206
9208
9286
17115
9207
9208
9214
9288
17117
9216
9217
9290
17119
9211
9212
9213
17120
9211
9212
17122
17124
9218
11467
17126
9216
9217
9218
17127
9216
9217
9300
9217
9218
9301
11475
17130
9303
17132
11476
17133
9222
9223
9224
9229
17141
9222
9224
17143
9223
9224
9230
17145
9232
9233
17147
9227
9228
9229
17148
9227
9228
17150
17152
9234
17154
9232
9233
9234
17155
9232
9233
9325
9233
9234
9326
11485
17158
9328
17160
11486
17161
9239
9240
9241
9242
9249
9239
9240
17101
9239
9241
9243
9240
9241
9250
17102
9246
9253
17105
9247
9254
9246
9247
9248
9256
9246
9247
9246
9248
9339
9247
9248
9257
9341
9260
9261
9343
9253
9254
9255
9256
9253
9254
9263
9253
9255
11497
9254
9255
9258
9260
9262
11498
9260
9261
9262
9260
9261
9353
9260
9262
9261
9262
9354
11508
9356
11509
9268
9269
9270
9278
17162
9268
9269
9268
9270
17164
9269
9270
9279
17166
9282
9283
17168
9275
9276
9277
9278
9275
9276
9275
9277
9276
9277
9280
9282
9284
9282
9283
9284
17169
9282
9283
9372
9282
9284
9283
9284
9373
11525
17172
9375
17174
11526
17175
9289
9290
9291
9292
9299
9289
9290
9289
9291
9293
9290
9291
9300
9296
9303
9297
9304
9296
9297
9298
9306
9296
9297
9296
9298
17205
9297
9298
9307
9313
17207
9310
9311
17209
9303
9304
9305
9306
9303
9304
9303
9305
11544
9304
9305
9308
11545
9310
9312
11546
9310
9311
9312
9310
9311
9314
9386
9310
9312
11556
9311
9312
9387
11557
9389
11559
9314
9397
9316
9320
9405
9332
9412
9321
9322
9323
9331
9321
9322
9321
9323
15511
9322
9323
9332
15513
9335
9336
15515
9328
9329
9330
9331
9328
9329
9328
9330
9329
9330
9333
9335
9337
9335
9336
9337
9335
9336
9420
9335
9337
11578
9336
9337
9421
11579
9423
11581
9342
9343
9344
9345
9352
9342
9343
9342
9344
9346
9343
9344
9353
9349
9356
9350
9357
9349
9350
9351
9359
17176
9349
9350
9349
9351
9427
17178
9350
9351
9360
17180
9363
9364
9429
17182
9356
9357
9358
9359
9356
9357
9356
9358
11600
9357
9358
9361
9363
9365
11601
9363
9364
9365
17183
9363
9364
9436
9363
9365
9364
9365
9437
11611
17186
9439
17188
11612
17189
9369
9370
9378
17197
9369
9370
17199
9370
9379
17201
9383
17203
9375
9376
9377
9378
9375
9376
9375
9377
9376
9377
9380
9382
9384
9382
9383
9384
9382
9383
9456
9382
9384
11623
9383
9384
9457
11624
9459
11625
9389
9390
9391
17204
17218
9389
9390
9397
17207
9389
9391
11641
9390
9391
9398
11642
17220
17209
9399
17210
17222
11644
17224
9395
17212
9396
9395
9396
9400
17214
9402
17216
9403
9399
9399
9401
9402
9402
9403
9477
17219
9402
11676
17220
17222
9480
9406
9407
15512
9406
9412
15513
9410
9414
15516
9410
17226
9411
9491
9410
9411
9415
9493
17228
9417
17230
9418
9495
9414
9420
9414
9416
9422
11679
9417
9424
9417
9418
9505
17233
9417
11680
17234
17236
9508
9423
9424
9425
15510
17232
9423
9424
15513
9423
9425
9424
9425
17234
15515
15516
17236
17238
9428
9429
9430
9435
15517
9428
9429
15518
9433
15521
9439
15522
9433
9434
9442
17239
9433
9434
9519
17241
9434
9443
9520
17243
9447
9522
17245
9439
9440
9441
9442
9439
9440
9439
9441
11713
9440
9441
9444
11714
9446
9448
11715
9446
9447
9448
9446
9447
9531
9446
9448
11718
9447
9448
9532
11719
9534
11720
9452
9453
9454
9462
17253
9452
9454
17255
9453
9454
9463
17257
9466
9467
17259
9459
9460
9461
9462
9459
9460
9459
9461
9460
9461
9464
9466
9468
9466
9467
9468
9466
9467
9549
9466
9468
11736
9467
9468
9550
11737
9552
11739
9473
9474
9475
9483
9473
9474
9473
9475
9474
9475
9484
9487
9488
9480
9481
9482
9483
9480
9481
9480
9482
9481
9482
9485
9487
9489
9487
9488
9489
9487
9488
9572
9487
9489
11788
9488
9489
9573
11789
9575
11791
9494
9495
9496
9497
9504
9494
9495
9494
9496
9498
9495
9496
9505
9501
9508
9502
9509
9501
9502
9503
9511
9501
9502
9501
9503
9588
9502
9503
9512
9590
9515
9516
9592
9508
9509
9510
9511
9508
9509
9508
9510
9509
9510
9513
11797
9515
9517
11799
9515
9516
9517
9515
9516
9604
9515
9517
11801
9516
9517
9605
11802
9607
11804
9521
9522
9523
9524
9530
15524
9521
9522
15525
9522
9523
9531
9527
15528
9534
15529
9528
9535
9527
9528
9529
9537
17260
9527
9529
9616
17262
9528
9529
9538
9617
17264
9541
9542
9619
17266
9534
9535
9536
9537
9534
9535
9534
9536
11839
9535
9536
9539
11840
9541
9543
11841
9541
9542
9543
9541
9542
9626
9541
9543
11844
9542
9543
9627
11845
9629
11847
9546
9547
9555
17274
9546
9547
17276
17278
9560
17280
9552
9553
9554
9555
9552
9553
9552
9554
9553
9554
9557
9559
9561
9559
9560
9561
9559
9560
9644
9559
9561
11869
9560
9561
9645
11870
9647
11872
9564
9565
9566
9578
9564
9565
9569
9580
9569
9570
9582
17281
9569
9570
9657
17283
9570
9583
9659
17285
9585
9661
17287
9575
9576
9577
9578
17288
9575
9576
9575
9577
9579
9576
9577
17290
9580
17292
9581
17294
9580
9581
9582
9580
9581
9586
11925
9585
9586
17288
9585
9671
9585
9586
9672
11933
17291
9674
17293
11934
17294
9591
9592
9593
9603
17295
9591
9592
9591
9593
17296
9592
9593
9604
17299
9607
9608
17300
9597
9598
9610
17295
9597
9598
17297
9598
9611
17299
9613
17301
9601
9602
9603
9610
9601
9602
9605
9607
9609
9614
9607
9608
9609
17302
9607
9608
9607
9609
11945
9608
9609
11946
17304
17306
11948
17308
9613
9614
17302
9613
9696
9613
9614
9697
11951
17305
9699
17307
11952
17308
9618
9619
9620
9621
9625
15531
9618
9619
15532
9619
9620
9626
9623
15535
9629
15536
9630
9623
9624
9632
17309
9623
9624
9710
17311
17313
9637
9712
17315
9629
9630
9631
9632
9629
9630
9629
9631
11998
9630
9631
9634
11999
9636
9638
12001
9636
9637
9638
9636
9637
9718
9636
9638
12005
9637
9638
9719
12006
9721
12008
9641
9642
9650
17323
9641
9642
17325
17327
9654
17329
9647
9648
9649
9650
9647
9648
9647
9649
9648
9649
9651
9653
9655
9653
9654
9655
17330
9653
9655
12034
9654
9655
9742
12035
17333
9743
17335
12037
17336
9660
9661
9662
9663
9670
9660
9661
9660
9662
9664
9661
9662
9671
9667
9674
9668
9675
9667
9668
9669
9677
9667
9668
9667
9669
17373
9668
9669
9678
9684
17375
9681
9682
17377
9674
9675
9676
9677
9674
9675
9674
9676
12091
9675
9676
9679
12092
9681
9683
12093
9681
9682
9683
9681
9682
9685
17380
9681
9683
12096
9682
9683
12097
17381
17383
12099
9685
9756
9687
9691
9767
9703
9776
9692
9693
9694
9702
9692
9693
9692
9694
15560
9693
9694
9703
15562
9706
9707
15564
9699
9700
9701
9702
9699
9700
9699
9701
9700
9701
9704
9706
9708
9706
9707
9708
9706
9707
17387
9706
9708
12118
9707
9708
12119
17388
17390
12121
9711
9712
9713
9717
15552
9711
9712
15553
9715
15556
9721
15557
9715
9716
9724
17337
9715
9716
9787
17339
17341
9728
9789
17343
9721
9722
9723
9724
9721
9722
9721
9723
12168
9722
9723
9725
12169
9727
9729
12171
9727
9728
9729
17344
9727
9729
12175
9728
9729
9802
12176
17347
9803
17349
12178
17350
9732
9733
9734
9745
9732
9733
9736
9738
9740
9747
9738
9739
9740
17351
17365
9738
9739
17353
9738
9740
9810
9739
9740
9812
17366
17355
17357
17369
9814
17370
9743
9744
9745
17358
9743
9744
17360
17362
9748
17364
9747
9748
17365
9747
9748
9824
12204
17368
9825
17370
12205
17371
9753
9754
9755
9759
9753
9754
9753
9755
15581
9754
9755
9760
15583
9763
9764
15585
9758
17380
9758
9761
17382
9763
17384
9763
9764
9765
9763
9764
17415
9763
9765
12282
9764
9765
12283
17416
17418
12285
9768
9770
15561
9768
9776
15562
9774
9778
15565
9773
9774
9775
9779
9773
9774
9773
9775
17429
9774
9775
9780
17431
9783
9784
17433
9778
17387
9778
9781
12289
17389
9783
17391
9783
9784
9785
9783
9784
17443
9783
9785
12291
9784
9785
12292
17444
17446
12294
9788
9789
9797
9801
15566
9788
9789
15567
9799
15570
9803
15571
9794
9795
9796
9797
15566
17400
9794
9795
15568
9794
9796
9798
9795
9796
17401
9799
15570
15572
17404
9800
17405
9799
9800
9805
9799
9800
9807
9862
9803
9804
9805
17393
9803
9804
12346
17395
17397
9808
12348
17399
9807
9808
17400
9807
9808
9878
12351
17403
9879
17405
12352
17406
9813
9814
9815
9816
9827
9813
9814
9813
9815
9817
9814
9815
9828
9820
9831
9821
9832
9820
9821
9822
9836
9820
9821
9820
9822
9891
9821
9822
9837
9893
9840
9841
9895
9825
9826
9827
9834
9825
9826
9829
9831
9833
9835
9831
9832
9833
9836
9831
9832
17366
9831
9833
12376
17368
9832
9833
9838
12377
17370
9840
9842
12379
9835
9836
9842
12382
9840
9841
9842
9840
9841
9905
9840
9842
12384
9841
9842
9906
12385
9908
12387
9846
9847
9848
9849
15580
17407
9846
9847
15581
9846
9848
17408
15584
17411
9852
15585
9853
17412
9852
9853
9854
17414
17421
9852
9854
17416
9853
9854
9857
12439
17423
17418
9859
17425
12440
17420
17427
9858
9859
9860
17442
17449
9858
9860
17444
9859
9860
17451
17446
17453
17448
17455
9862
9877
9879
9867
9868
9869
9881
9867
9868
9867
9869
9868
9869
9882
9885
9886
9874
9875
9876
9877
9881
9874
9875
17401
9874
9876
9878
17403
9875
9876
9883
9879
17405
9885
9880
9887
9879
9880
9888
9879
9880
12525
9889
12526
9885
9886
9887
9888
9885
9886
9940
9885
9887
12529
9886
9887
9941
12530
9943
9889
12532
9889
12535
9894
9895
9896
9897
9904
9894
9895
9894
9896
9898
9895
9896
9905
9901
9908
9902
9909
9901
9902
9903
9911
9901
9902
9901
9903
9902
9903
9912
9955
9915
9916
9956
9908
9909
9910
9911
9908
9909
9908
9910
12550
9909
9910
9913
12551
9915
9917
12553
9915
9916
9917
9915
9916
9963
9915
9917
12557
9916
9917
9964
12558
9966
12560
9922
9923
9924
9922
9923
9922
9924
9975
9923
9924
9977
9979
9929
9930
9931
9929
9930
9929
9931
9930
9931
9936
9937
9938
9946
9936
9937
9936
9938
9937
9938
9947
9950
9951
9943
9944
9945
9946
9943
9944
9943
9945
9944
9945
9948
9950
9952
9950
9951
9952
9950
9951
9986
9950
9952
12611
9951
9952
9987
12612
9989
12614
9956
9957
9958
9962
9957
9959
15610
9956
9957
9963
15611
9966
9961
9967
15614
9961
9969
9961
17457
9961
9970
9998
17459
9972
17461
9966
9967
9968
9969
9966
9967
9966
9968
12622
9967
9968
9971
12623
9972
9973
9972
9973
9972
10003
17464
9972
9973
12626
17465
17467
9978
9979
9980
15608
9978
9979
15609
9978
9980
9979
9980
15612
15613
9984
9992
9984
17478
9984
9993
17480
9995
17482
9989
9990
9991
9992
9989
9990
9989
9991
9990
9991
9994
9995
9996
9995
9996
9995
10026
17485
9995
9996
12675
17486
17488
9999
10000
15617
9999
10003
15618
10002
10005
15621
10002
10010
10002
10006
10012
10008
10014
10005
17492
10005
10007
12682
17494
10008
17496
10008
10032
17499
10008
12685
17500
17502
10013
10014
10015
15615
17498
10013
10014
15617
10013
10015
10014
10015
17499
15619
15621
17502
17503
10020
10021
10022
17505
17519
10020
10021
10023
17507
10020
10022
10051
10021
10022
10024
10053
17520
17509
10025
17511
17523
10055
17524
10025
10025
10029
10031
10028
17513
10028
10030
17515
10031
17517
10031
10074
17520
10031
12754
17521
17523
10038
10034
10035
10036
10044
15297
15301
10047
10048
15303
10041
10042
10043
10044
10041
10042
17499
10041
10043
17501
10042
10043
10045
17503
10047
10049
10047
10048
10049
17526
10047
10049
12758
10048
10049
10082
12759
17529
10083
17531
12760
17532
10054
10055
10056
10057
10061
10054
10055
10054
10056
10055
10056
10062
10058
10065
10059
10066
10058
10059
10060
10068
15304
15308
10071
10072
15310
10065
10066
10067
10068
10065
10066
10074
17520
10065
10067
12786
17522
10066
10067
10069
12787
17524
10071
10073
12789
10071
10072
10073
17533
10071
10073
12793
10072
10073
10126
12794
17536
10127
17538
12795
17539
10079
10080
10084
10079
15299
10080
10079
10080
10085
15300
10088
15303
10081
10089
10095
10102
10083
10086
10088
10088
10089
10090
10091
10088
10089
17527
10088
10090
12822
17529
10089
10090
10093
12823
17531
10095
10096
12825
10095
10096
10095
10134
17555
10095
10096
12829
17556
10096
12830
17558
12832
10101
10102
10103
17547
17554
10101
10102
10101
10103
17549
10102
10103
17555
17551
17558
17553
17559
10108
10109
10110
10111
15664
10108
10109
15665
10108
10110
10112
10109
10110
10115
15668
15669
10116
10115
10116
10117
17561
17568
10115
10116
10115
10117
10168
17563
10116
10117
10169
17569
17565
10118
17572
10171
17567
17573
10132
10123
10124
10125
10128
10123
10124
17534
10123
10125
10126
17536
10124
10125
10130
10127
17538
10132
10133
10127
12849
10132
10133
10132
10193
17569
10132
10133
12852
17570
10133
12853
17572
12855
10136
10154
10136
10138
10156
12906
10139
10158
10139
10161
10248
10139
10162
12912
10164
10144
10145
10146
17575
10144
10145
17549
10144
10146
15673
17576
10145
10146
15674
17550
17579
17553
15677
17580
10150
10151
10152
10160
17575
10150
10152
17577
10151
10152
10161
17579
10164
10165
17581
10157
10158
10159
10160
10157
10158
17555
10157
10159
17557
10158
10159
10162
17559
10164
10166
10164
10165
10166
10164
10165
17660
10164
10166
18388
10165
10166
17661
18389
17663
18391
10170
10171
10172
10173
10179
10170
10171
10171
10172
10180
10176
10183
10177
10184
10176
10177
10178
10186
17624
10176
10178
10266
17626
10177
10178
10187
10268
17628
10190
10191
10270
17630
10183
10184
10185
10186
10183
10184
10193
17569
10183
10185
17571
10184
10185
10188
10194
17573
10190
10195
10192
10190
10191
10192
10190
10191
10196
17674
10190
10192
10197
18402
10191
10192
17675
18403
10198
17677
18405
10195
10195
10197
10198
10198
10283
10198
12930
10202
12980
10201
10202
10204
10224
12981
10205
10226
12983
10205
17632
10205
12987
17633
17635
10207
10214
10228
10219
10232
10211
10212
10213
10214
17631
10211
10213
10216
10212
10213
17632
10218
17635
10220
17636
10218
10219
10220
17638
10218
10219
10234
10218
10220
10338
10219
10220
10236
10340
17639
10237
17642
10342
17643
10225
10226
10227
10228
17631
10225
10226
10225
10227
10229
15938
10226
10227
15939
17633
10231
17635
10233
15941
17637
10231
10232
10233
17638
10231
10233
13001
10232
10233
13002
17640
17642
13003
17644
10237
10238
15693
10237
10238
10239
15695
10241
10242
15697
10241
10242
10373
17639
10241
17640
17642
10376
10246
10250
10246
10259
10246
10247
10252
10261
10406
10255
10263
10256
10408
10250
17660
10250
10253
13028
17662
10255
17664
10255
10256
10257
10255
10256
10421
10255
10257
13034
10256
10257
10422
13035
10424
13037
10262
10263
10264
17652
10262
10263
10262
10264
15699
17654
10263
10264
15701
17656
15703
17658
10269
10270
10271
10272
15685
17673
10269
10270
15686
10269
10271
10273
10270
10271
17674
10276
15689
15690
17677
10277
17678
10276
10277
10278
17666
10276
10277
10279
10276
10278
17668
18870
10277
10278
10280
18872
17670
10281
17672
18874
10281
10281
10282
10287
10290
10291
10285
17674
10285
10288
17676
10290
17678
10290
10291
10292
10290
10291
10449
10290
10292
13051
10291
10292
10450
13052
10452
13054
10296
10305
10297
17709
10296
10297
10298
10307
17711
10300
10309
10301
17713
10300
10301
10477
17681
10300
17682
17684
10480
10303
10311
10323
10315
10328
10308
10309
10310
10311
17680
10308
10309
10308
10310
10312
10309
10310
17681
10314
17684
10316
17685
10314
10315
10316
17687
10314
10316
10498
10315
10316
10499
17688
17691
10500
17692
10320
10321
10322
10323
17680
10320
10322
10325
10321
10322
17682
10327
17684
10329
17686
10327
10328
10329
17687
10327
10328
10327
10329
18465
10328
10329
10331
17689
18466
10332
17691
17693
18468
10333
10332
10333
10335
10336
10336
17688
10336
13091
17689
17691
10341
10342
10343
10344
10354
10341
10342
10341
10343
10345
15694
10342
10343
10355
15695
10347
10358
10348
10359
15698
10347
10348
10361
10347
10348
17695
10348
10362
17697
10364
17699
10352
10353
10354
10352
17632
10352
10353
10356
17634
10358
17636
10360
10358
10359
10360
10361
10358
10359
10373
17639
10358
10360
13104
17641
10359
10360
10363
10375
13105
17643
10364
10377
10365
13106
10364
10365
10364
10384
10364
10365
10385
10387
10369
10370
10371
10379
15692
17701
10369
10370
15693
10369
10371
17702
15696
17705
10380
15697
10381
17706
10376
10377
10378
10379
10383
15692
10376
10377
15695
10376
10378
10377
10378
10385
10380
15697
10387
15698
10382
10389
10380
10381
10382
10390
10394
10396
10387
10388
10389
10390
17694
10387
10388
10533
17697
10387
10389
10388
10389
10393
10534
17699
10395
10535
17700
10396
10394
10395
10396
17701
10394
10395
10402
10539
17704
10394
10396
10395
10396
10540
17706
10542
17707
10400
17702
10401
15707
10400
10401
10402
15709
17704
17706
15711
10566
10407
10408
10409
10413
10420
10407
10408
10407
10409
10414
15700
10408
10409
10421
15701
10417
10424
10418
10425
15704
10412
10413
10427
10412
10415
10419
10429
10417
10418
10419
10431
10417
10418
10417
10419
17737
10418
10419
10432
17739
10435
10436
17741
10424
10425
10426
10431
10424
10425
10424
10426
13109
10425
10426
10433
13110
10435
10437
13112
10429
10430
10431
10429
10430
10434
10597
13115
10436
10598
10437
13116
10435
10436
10437
10435
10436
17744
10435
10437
13118
10436
10437
13119
17745
17747
13121
10442
10443
10444
10445
10455
10442
10443
10442
10444
10446
15742
10443
10444
10456
15744
10459
10447
10460
15746
10447
10462
10447
10606
10464
10609
10452
10453
10454
10455
10452
10453
10452
10454
10453
10454
10457
10459
10461
10459
10460
10461
10462
10459
10460
17758
10459
10461
13137
10460
10461
10463
13138
17759
10464
17761
10465
13140
10464
10465
10464
10465
10619
13143
10620
13144
10469
17716
10470
17772
10469
10470
10471
17718
17774
17720
17776
10484
10640
10473
10474
10475
10476
10483
10480
10487
10482
10489
10480
10481
10482
10490
17708
10480
10481
10507
17711
10480
10482
10481
10482
10492
10509
17713
10494
10511
17714
10496
10487
10488
10489
10490
17715
10487
10488
10674
17718
10487
10489
10488
10489
10493
10675
17720
10495
10677
17721
10496
10494
10495
10496
17722
10494
10495
10519
10681
17725
10494
10496
10520
10495
10496
10682
10521
17727
10683
17728
10500
10513
10500
10500
10514
10516
10504
10505
10518
10504
10505
17723
10505
10519
17725
10521
17727
10510
10511
10512
10513
10518
10510
10511
17681
10510
10512
10515
17683
10511
10512
10520
10516
17685
10521
10517
10522
10516
10517
10516
17688
10516
10517
13157
17690
17692
13159
10521
10522
10521
10521
10522
10524
10525
10545
10529
10529
10530
10531
10546
17729
10529
10530
17731
19018
10529
10531
10530
10531
10547
10694
19020
17733
10549
17735
19022
10550
10535
10536
10537
10538
10545
10535
10536
10535
10537
10540
10542
10544
10542
10543
10544
10546
17729
10542
10543
10566
17732
10542
10544
10543
10544
10548
10567
17734
10549
10569
17735
10551
10546
10549
10550
10551
10549
10550
10573
10696
10549
10551
10574
10576
10555
10556
10557
10558
10571
15706
10555
10556
15707
10555
10557
10559
10562
15710
15711
10563
10562
10563
10564
10579
19017
10562
10563
10585
10562
10564
18969
19019
10563
10564
10580
10587
18971
19021
10582
10583
18973
19023
10568
10569
10570
10571
10572
15706
10568
10569
15709
10569
10570
10574
15711
10576
15712
10578
10579
10576
10577
10578
10579
19017
10576
10577
10706
19020
10576
10578
10577
10578
10581
10707
19022
10583
10709
19023
10584
10582
10583
10584
10582
10583
10588
10713
10583
10584
10714
10716
10588
10738
10593
10594
10595
10600
10593
10594
10593
10595
15762
10594
10595
10601
15764
10603
15766
10598
10599
10600
17743
10598
10599
17745
17747
10604
17749
10603
10604
17750
10603
15371
10603
10604
13168
15372
17753
15374
17755
13169
17756
10608
10609
10610
10611
10618
15741
10608
10609
15742
10608
10610
10612
10615
15745
10620
15746
10616
10615
10616
10617
10622
10615
10616
10615
10617
18877
10616
10617
10623
18879
10625
18881
10620
10621
10622
17757
10620
10621
13192
17759
17761
10626
13193
17763
10625
10626
17764
10625
15378
10625
10626
13201
15379
17767
15381
17769
13202
17770
10632
10759
10630
10634
10761
10646
10769
10635
10636
10637
10645
19024
10635
10636
10635
10637
18941
19026
10636
10637
10646
18943
19028
10648
10649
18945
19030
10639
10645
10642
10643
10644
10651
17771
10642
10643
10674
17774
10643
10644
10653
10676
17776
10655
10678
17777
10657
10648
10649
10650
10651
10648
10649
10794
10649
10650
10654
10795
10656
10797
10657
10655
10656
10657
19024
10655
10656
10687
10801
19027
10655
10657
10688
10656
10657
10802
10689
19029
10804
19030
10661
10662
10663
10671
10680
15748
10661
10662
15749
17724
10662
10663
10681
17725
10672
15752
10683
15753
17728
10684
10668
10669
10670
10671
10686
15748
10668
10669
15750
19025
10668
10670
10669
10670
10687
19027
10672
15752
10689
15754
19029
10690
10672
10692
10677
10678
10679
10680
10686
15748
10677
10678
15751
10677
10679
10682
10678
10679
10688
10683
15753
10689
15754
10685
10691
10683
10684
10685
10692
10683
10684
10683
10685
10689
10690
10691
10692
10689
10690
10819
10689
10691
10695
15757
10695
10696
15758
10697
15761
10697
10706
10710
10702
10703
10704
10719
15755
10702
10703
15757
10702
10704
10703
10704
15759
10721
15761
10722
10709
10710
10711
10712
10719
15755
10709
10710
15758
10709
10711
10714
10710
10711
10716
15760
10721
15761
10718
10723
10716
10717
10718
10724
18968
10716
10717
10738
18971
10716
10718
10717
10718
10726
10739
18973
10728
10740
18974
10730
10721
10722
10723
10724
10722
10723
10727
10729
10833
10730
10728
10729
10730
10728
10729
10745
10835
10728
10730
10746
10729
10730
10836
10748
10838
10735
10736
10741
17778
10735
10735
10736
15763
17779
10736
15764
17782
10743
15767
17783
10740
10741
10744
10740
10740
10746
10748
10743
10751
10743
10753
15373
10755
15375
10748
10749
10750
10751
10748
10749
17807
10748
10750
10749
10750
10754
13218
17808
10756
17810
10757
10755
10756
10757
17778
10755
10756
17781
18976
10755
10757
13219
10756
10757
13220
18977
17783
17784
18979
10762
10763
10764
10768
10762
10763
10762
10764
18942
10763
10764
10769
18943
10771
18946
10767
10768
10772
10767
10774
15380
10776
15382
10771
10779
10771
10794
10771
10781
10796
10783
10798
10776
10777
10778
10779
17785
10776
10777
17788
19004
10776
10778
13308
10777
10778
10782
13309
19005
17790
10784
17791
19007
10785
10783
10784
10785
10783
10784
10808
17898
10783
10785
10809
10784
10785
13311
17899
10811
17901
10790
10791
10792
10814
17792
10790
10791
17794
10790
10792
10894
10791
10792
17796
10816
17798
10817
10895
10797
10798
10799
10800
10807
18940
10797
10798
18943
10797
10799
10802
10798
10799
10809
10804
18945
10811
18946
10806
10813
10804
10805
10806
10814
17792
10804
10805
10819
17795
10804
10806
10805
10806
17797
10816
10820
17798
10818
10811
10812
10813
10814
10811
10812
10902
10811
10813
10812
10813
10815
10903
10817
10905
10818
10816
10817
10818
10817
10818
10908
10820
10825
10826
10827
10828
10834
10825
10826
10825
10827
10829
18949
10826
10827
10835
18950
10831
10838
10832
10839
18953
10831
10832
10841
10831
10832
17800
10832
10842
17802
10844
17804
10838
10838
10839
10840
10841
10838
10839
17807
10838
10840
10839
10840
10843
13312
17809
10844
17811
10844
10844
10860
10844
10861
10863
10849
10850
10851
10852
18947
18975
10849
10850
16870
17780
18948
10849
10851
10853
16871
10850
10851
17781
18976
10856
16874
18951
17784
18952
18979
10857
18980
10856
10857
10858
17799
17813
10856
10857
16877
18983
10856
10858
10914
16878
17801
10857
10858
10916
17814
18985
16881
17803
17817
18987
10918
17805
17818
10863
10864
10865
17799
17806
17813
10863
10864
17802
10863
10865
13320
17809
10864
10865
10920
13321
17816
17804
17811
10921
17805
17818
13322
17812
17819
10870
10871
10872
17841
17848
10870
10871
10946
17835
17844
10870
10872
13359
17836
10871
10872
10947
13360
17851
17838
17846
10948
17847
17853
13362
17854
10877
10878
10879
17855
17862
10877
10878
10992
17858
17877
10877
10879
13440
17878
10878
10879
10993
13441
17865
17860
17880
10994
17861
17867
13443
17868
10884
10885
10886
17890
17904
10884
10885
16919
18990
10884
10886
16920
17892
10885
10886
17905
18992
16923
17894
17908
18994
17896
17909
10891
10892
10893
17890
17897
17904
10891
10892
10910
17893
10891
10893
10911
13502
17900
10892
10893
11016
13503
17907
10912
17895
17902
11017
17896
17909
13504
17903
17910
10895
10908
10899
10900
10909
10899
10900
17891
10900
10910
17893
10912
17895
10905
10906
10907
10909
10905
10906
17898
10905
10907
10906
10907
10911
17900
10908
10912
17902
10912
10912
10912
10917
10918
10919
10917
10918
10917
10919
10918
10919
10922
10924
10925
10921
10923
10924
10924
10925
10931
17814
10924
13505
17816
17818
10934
10929
10930
17822
10929
10930
10935
17823
10937
17826
10933
10934
17828
10933
10936
17830
10937
17832
10937
10946
17835
10937
13506
17837
17839
10942
10943
10944
10942
10943
16926
10942
10944
10945
15799
16927
10943
10944
10949
15800
16930
10951
10952
15803
10954
10948
10948
10950
10951
10951
10952
15312
17849
10951
17851
17853
15316
10957
10958
10959
10960
15797
10957
10958
15799
10957
10959
10958
10959
10961
15801
10964
15803
10965
10964
10965
10966
15311
17911
10964
10965
11033
10964
10966
15314
10965
10966
11034
13514
17914
15316
11035
17916
13515
15317
17917
10971
10972
10973
10974
17918
10971
10972
10987
17920
10971
10973
11052
10972
10973
10975
11054
17922
10978
17924
10979
11056
10978
10979
10980
15318
17925
10978
10979
11073
10978
10980
15321
10979
10980
11074
13529
17928
15323
11075
17930
13530
15324
17931
10985
10986
10985
10986
17857
10985
10986
10992
17858
10994
17861
10990
10991
15319
17863
10990
10993
17865
10994
17867
15323
10994
11002
10994
10999
11000
11001
10999
11000
18991
10999
11001
11000
11001
11005
18992
11007
18995
11008
11004
17877
11004
11006
17879
11007
17881
11007
11008
11012
17884
11007
13531
17886
17888
11015
11011
17892
11011
17893
11017
17896
11014
11015
17905
11014
11016
17907
11017
17909
11017
11022
11023
11024
11025
11038
11022
11023
11022
11024
11027
11023
11024
11039
11029
11041
11031
11042
11029
11030
11031
11044
17932
11029
11030
11059
17934
11029
11031
11093
11030
11031
11045
11061
11095
17936
11048
11063
17938
11049
11097
11035
11036
11037
11038
17939
11035
11036
11035
11037
17941
17943
11041
11043
17945
11041
11042
11043
11044
11041
11042
11107
11042
11043
11047
11108
13537
11049
11110
11050
13538
11048
11049
11050
17939
11048
11049
11079
11114
11048
11050
11080
13539
17942
11049
11050
11115
13540
11082
17944
11117
13541
17945
11055
11056
11057
11065
11072
15804
11055
11056
15805
11055
11057
11066
11056
11057
11073
11069
15808
11075
15809
11070
11076
11062
11063
11064
11065
11078
15804
11062
11063
15806
11062
11064
11067
11063
11064
11079
11069
15808
11082
15810
11071
11083
11069
11070
11071
11085
11069
11070
11069
11071
11128
11070
11071
11086
11130
11088
11089
11132
11075
11076
11077
11085
17946
11075
11076
11075
11077
13542
17948
17950
11088
11090
13543
17952
11082
11083
11084
11085
17946
11082
11083
11142
11082
11084
13544
17949
11083
11084
11087
11143
13545
17951
11089
11145
11090
13546
17952
11088
11089
11090
11088
11089
11149
11089
11090
11150
13547
11152
13548
11121
11170
11096
11097
11098
11113
17953
11096
11097
11096
11098
17954
11097
11098
11114
17957
11117
11118
17958
11103
11104
11105
11120
17953
11103
11104
11103
11105
17955
11104
11105
11121
17957
11124
11125
17959
11110
11111
11112
11113
11120
11110
11111
11110
11112
11115
11111
11112
11122
11117
11124
11119
11126
11117
11118
11119
17960
11117
11118
11142
11117
11119
13558
11118
11119
11144
13559
17962
11146
17964
13560
17966
11124
11125
11126
17960
11124
11125
17989
11124
11126
15354
11125
11126
15355
17963
17990
17965
17992
15357
17966
11131
11132
11133
11134
11148
11131
11132
11131
11133
11135
11132
11133
11149
11138
11152
11139
11153
11138
11139
11140
11155
17967
11138
11139
11138
11140
11182
17969
11139
11140
11156
11184
17971
11159
11160
11186
17973
11145
11146
11147
11148
17974
11145
11146
11145
11147
11150
11146
11147
17976
11152
17978
11154
17980
11152
11153
11154
11155
11152
11153
11152
11154
13574
11153
11154
11157
13575
11159
11161
13576
11159
11160
11161
17974
11159
11160
11162
18003
11159
11161
15361
11160
11161
15362
17977
18004
17979
18006
15364
17980
11192
11165
11166
11165
11170
11168
11172
11168
17982
11168
11169
11175
11205
17984
11178
17986
11179
11206
11172
17989
11172
11173
11176
13600
17991
11178
17993
11180
13602
11178
11179
11180
11178
11179
11212
11178
11180
13606
11179
11180
11213
13607
11215
13609
11185
11186
11187
17995
18002
11185
11186
11185
11187
17996
11186
11187
18003
17999
18006
18000
18007
11190
17996
11190
11191
11197
17998
11200
18000
11201
11194
18003
11194
11195
11198
18005
11200
18007
11202
11200
11201
11202
11200
11201
11229
11200
11202
13637
11201
11202
11230
13638
11232
13640
11206
11207
11211
11207
11208
15813
11206
11207
11212
15814
11215
11210
11216
15817
11210
18010
11210
11219
11242
18012
11222
18014
11215
11216
11217
11218
11215
11216
11215
11217
13654
11216
11217
11220
13655
11222
11224
13657
11222
11223
11224
11222
11223
11243
11222
11224
13661
11223
11224
13662
13664
11227
18024
11227
11236
18026
11239
18028
11232
11233
11234
11235
11232
11233
11232
11234
11233
11234
11237
11239
11241
11239
11240
11241
11239
11240
11285
11239
11241
13677
11240
11241
13678
13680
11243
11245
18038
11245
13692
18040
18042
11247
11251
11249
11250
11255
18030
11249
11250
11270
18032
18034
11259
11272
18036
11253
11254
11255
18037
11253
11254
13698
18040
18042
11261
13699
18043
11259
11260
11261
11259
11260
11275
11259
11261
11276
13702
11260
11261
13703
11278
13705
11266
11267
11268
11273
15818
18044
11266
11267
15819
18025
11266
11268
11267
11268
18026
18045
15822
15823
18029
18048
18049
11271
11272
11273
11274
15818
11271
11272
15820
15822
11278
15824
11281
11278
11279
11280
11281
11278
11279
11278
11280
13724
11279
11280
13725
11284
13727
11283
11284
18044
11283
11284
13731
18047
18049
13732
18050
11287
18045
11287
18047
18049
11290
11291
11290
11293
15385
11292
11295
11292
11317
11298
11321
11295
11337
15386
11295
11297
11338
13751
11298
11340
11298
11344
11298
11345
13754
11347
11300
11301
11303
11306
11303
11375
11303
11307
11377
15387
11309
11379
11306
11395
11306
11308
11396
13765
11309
11398
11309
11402
15388
11309
11403
13768
11405
11312
11312
11313
15385
11315
11315
11337
15386
11315
11339
11341
11320
11321
11322
11329
11343
11320
11321
11320
11322
11330
11321
11322
11344
11333
11347
11334
11348
11326
11327
11328
11329
11350
11326
11327
11326
11328
11331
11333
11335
11333
11334
11335
11351
11333
11334
11355
11333
11335
11416
11334
11335
11356
11353
11357
11340
11341
11342
11343
11350
11340
11341
11340
11342
11345
11341
11342
11347
11349
11347
11348
11349
11351
11347
11348
11358
11347
11349
13777
11348
11349
11352
11359
13778
11353
11360
11354
13780
11351
11353
11354
11353
11354
11361
13783
11362
11357
11357
11362
11360
11360
11361
11362
11362
13788
11365
11366
11365
11369
11368
11371
11368
11382
11368
11384
11373
11386
11371
11395
11371
11372
11397
13790
11373
11399
11373
11409
13793
11410
11378
11379
11380
11388
11401
11378
11379
11378
11380
11389
11379
11380
11402
11391
11405
11392
11406
11385
11386
11387
11388
11408
11385
11386
11385
11387
11390
11386
11387
11391
11410
11393
11391
11392
11393
11412
11391
11392
11391
11393
11417
11398
11399
11400
11401
11408
11398
11399
11398
11400
11403
11399
11400
11409
11405
11410
11407
11411
11405
11406
11407
11412
11405
11406
11413
11405
11407
13795
11406
11407
11414
11415
13797
11410
11411
11412
11410
11411
13799
11415
15388
11415
11420
11420
11424
11427
11423
11423
11425
11427
11427
11429
17094
11427
11428
11444
17095
11428
11446
17098
11448
11435
11480
11434
11442
11438
17108
11438
11439
11441
17109
11439
11442
17112
11442
11442
11497
11447
11448
11449
11454
11461
11447
11448
11447
11449
11455
11448
11449
11458
11459
11462
11452
11453
11454
11452
11453
11456
11458
11460
11458
11459
11460
11463
11458
11459
11469
11458
11460
11518
11459
11460
11464
11471
11520
11465
11473
11466
11522
11462
11463
11465
11465
11466
11465
11466
11477
11536
11478
11537
11476
11472
11473
11474
11472
11473
17129
11472
11474
11475
17130
11473
11474
11477
11476
17133
11478
11476
11544
11478
11562
11483
11484
11487
11483
17150
11483
11484
11488
17151
11484
11491
17154
11492
11486
11489
11491
11491
11492
11493
11491
11492
11501
17157
11491
11493
11571
17158
11492
11493
11494
11503
11573
17161
11495
11505
11575
11495
11514
11591
11515
11498
11499
11507
11498
11499
11509
11504
11505
11506
11507
11513
11504
11505
11504
11506
11508
11505
11506
11514
11509
11515
11510
11516
11509
11510
11509
11510
11600
11602
11512
11513
11515
11515
11516
11515
11516
11615
11616
11521
11522
11523
11528
11535
11521
11522
11521
11523
11529
11522
11523
11536
11532
11537
11533
11538
11526
11527
11528
11526
11527
11530
11532
11534
11532
11533
11534
11539
11532
11533
11549
17171
11532
11534
17172
18052
11533
11534
11540
11551
18054
17175
11541
11553
11542
18056
11537
11538
11539
11537
11538
11562
11541
11564
11541
11542
11541
11542
11566
11628
11567
11630
11546
11547
11555
11546
11547
11546
11556
11559
11552
11553
11554
11555
11565
11552
11553
11552
11554
11557
15826
11553
11554
11566
15828
11559
11567
11560
11568
15830
11559
11560
11559
11559
11560
11641
11560
11643
11569
11645
11563
11564
11565
11563
11564
11567
11567
11568
11567
11568
11655
11569
11657
11661
11574
11575
11576
11583
11590
11574
11575
11574
11576
11584
11575
11576
11591
11587
11592
11588
11593
11581
11582
11583
11581
11581
11582
11585
11582
11587
11589
11594
11587
11588
11589
11595
11587
11588
11604
11587
11589
18066
11588
11589
11596
11606
18068
11597
11608
11598
18070
11592
11593
11595
11592
11593
11615
11597
11617
11598
11691
11597
11598
11597
11598
11619
11694
11620
11696
11601
11602
11610
11601
11602
11612
11607
11608
11609
11610
11618
11607
11608
17185
11607
11609
11611
15833
17186
11608
11609
11619
15835
11612
17189
11620
11613
11621
15837
11612
11613
11612
11613
11713
11716
11616
11617
11618
11616
11617
11620
11620
11621
11620
11621
11723
11725
11625
11626
11632
18058
11625
11625
11626
18060
18062
11633
18064
11630
11631
11634
18051
11630
11631
11655
18054
11631
11636
11656
18056
11638
11658
18057
11633
11634
11639
11743
11638
11639
18058
11638
11639
11664
11745
18061
11638
11665
11639
11746
11667
18063
11748
18064
11644
11645
11646
11647
11660
15825
11644
11645
15826
11644
11646
11648
11645
11646
11651
15829
11661
15830
11652
11662
11651
11652
11653
11670
11651
11652
11676
17220
11651
11653
17221
18087
11652
11653
11671
11677
18089
17224
11673
11678
11674
18091
11657
11658
11659
11660
11663
15825
11657
11658
15828
11658
11659
11665
11661
15830
11667
15831
11669
11661
11662
11670
11673
11667
11668
11669
11670
11667
11668
11761
11667
11669
11668
11669
11672
11762
11674
11764
11675
11673
11674
11675
11673
11674
11768
11674
11675
11769
11771
11678
11678
11680
11682
11684
11682
11686
11798
11688
11687
11688
11689
11699
11687
11688
17234
11687
11689
15840
17235
11688
11689
11700
15842
17238
11702
11703
15844
11691
11692
11693
11699
11696
11702
11696
11697
11698
11705
18065
11696
11697
11723
18068
11697
11698
11707
11724
18070
11709
11726
18071
11711
11702
11703
11704
11705
11702
11703
11811
11703
11704
11708
11812
11710
11814
11711
11709
11710
11711
11709
11710
11728
11818
11709
11711
11729
11710
11711
11819
11731
11821
11715
11716
11717
15832
11715
11716
15833
11715
11718
11720
15836
15837
11720
11721
11733
18072
11720
11720
11721
11839
18074
18076
11734
11842
18078
11725
11726
11727
15832
11725
11726
15835
11726
11729
15837
11731
15838
11731
11732
11733
18072
11731
11732
11851
18075
11731
11732
11852
18077
11734
11854
18078
11734
11858
11739
11740
11741
11751
11739
11740
11739
11741
11740
11741
11752
11743
11744
11751
11748
11748
11749
11750
11753
18079
11748
11749
11761
18082
11748
11750
11749
11750
11755
11763
18084
11757
11765
18085
11759
11752
11753
11758
11877
11757
11758
11759
11757
11758
11775
11880
11757
11759
11776
11758
11759
11881
11778
11883
11764
11765
11766
11767
11774
11764
11765
11764
11766
11769
11765
11766
11776
11771
11778
11773
11780
11771
11772
11773
11781
18086
11771
11772
18089
11771
11773
11772
11773
11783
18091
11785
11794
18092
11787
11778
11779
11780
11781
11778
11779
11898
11778
11780
11779
11780
11784
11899
13804
11786
11901
11787
11785
11786
11787
18093
11785
11786
11795
11905
18096
11785
11787
11786
11787
11906
11796
18098
11908
18099
11791
11792
18094
11791
11793
11792
11793
11795
18096
11796
18098
11796
11796
11936
11799
11800
11801
15841
11800
15842
11804
11805
11807
15845
11804
11805
18101
11804
11806
11945
11805
11806
11808
11947
18103
11809
18105
11949
11809
11815
11809
11825
11961
11828
11814
11815
11816
11817
11824
15839
11814
11815
15842
11814
11816
11819
11815
11816
11826
11821
15844
11828
15845
11823
11830
11821
11822
11823
11831
11821
11822
11851
11821
11823
11822
11823
11833
11853
11835
11855
11837
11828
11829
11830
11831
18100
11828
11829
11970
18103
11828
11830
11829
11830
11834
11971
18105
11836
11973
18106
11837
11835
11836
11837
11835
11836
11860
11977
11835
11837
11861
11836
11837
11978
13805
11863
11980
11841
11842
11843
11857
15846
11841
11842
15847
11841
11844
11847
15850
11858
15851
11847
11848
11849
11866
11847
11848
11847
11849
11998
11848
11849
12000
11867
12002
11854
11855
11856
11857
11859
15846
11854
11855
15849
11854
11856
11855
11856
11861
11858
15851
11863
15852
11865
11858
11866
11863
11864
11865
11866
11863
11864
12012
11863
11865
11864
11865
12013
11867
12015
11867
12020
11872
11873
11874
11886
11872
11873
11872
11874
11873
11874
11888
11877
11878
11879
11886
11877
11878
11881
11883
11885
11889
11883
11884
11885
11890
11883
11884
11898
11883
11885
11884
11885
11892
11900
13806
11894
11902
11896
13807
11888
11889
11890
11888
11889
11893
12041
11895
12042
11896
11894
11895
11896
11894
11895
11912
12045
11894
11896
11913
13808
11895
11896
12046
13809
11915
12048
13810
11901
11902
11903
11904
11911
11901
11902
11901
11903
11906
11902
11903
11913
11908
11915
11910
11917
11908
11909
11910
11918
11908
11909
11936
11908
11910
11909
11910
11920
11937
11922
11938
11924
13811
11915
11916
11917
11918
11915
11916
12063
11915
11917
13812
11916
11917
11921
12064
13813
11923
12066
11924
13814
11922
11923
11924
11922
11923
11940
12070
11922
11924
11941
11923
11924
12071
13815
11942
12073
13816
11934
11930
11931
11932
11939
11930
11931
17290
11930
11932
11933
15854
17291
11931
11932
11940
15856
11934
17294
11942
11935
11943
15858
11934
11935
12091
12094
11938
11938
11941
11942
11942
11943
11942
11943
12103
11942
12105
11948
11949
11950
11954
11948
11949
11948
11950
11955
11949
11950
11961
11958
11959
11963
11952
11953
11956
11958
11960
11958
11959
11960
11964
11958
11959
17304
11958
11960
17305
18108
11959
11960
11965
18110
17308
11967
11968
18112
11963
11970
11963
11966
11972
11967
11974
11967
11968
11967
11968
11984
12126
11967
11985
11987
12128
11973
11974
11975
11976
11983
11973
11974
11973
11975
11978
11974
11975
11985
11980
11987
11982
11989
11980
11981
11982
11990
11980
11981
12012
11980
11982
13817
11981
11982
11992
12014
13818
11994
12016
11996
13819
11987
11988
11989
11990
11987
11988
12140
11987
11989
11988
11989
11993
12141
13820
11995
12143
11996
13821
11994
11995
11996
11994
11995
12023
12147
11994
11996
12024
13822
11995
11996
12148
13823
12026
12150
13824
12001
12002
12003
12004
12018
12001
12002
12001
12003
12005
12002
12003
12008
12020
12009
12008
12009
12010
12029
12008
12009
12008
12010
12168
12009
12010
12170
12031
12172
12015
12016
12017
12018
12022
12015
12016
12015
12017
12019
12016
12017
12024
12020
12026
12021
12028
12020
12021
12029
12020
12021
12032
12026
12027
12028
12029
12026
12027
12182
12026
12028
13825
12027
12028
12030
12183
13826
12031
12185
12032
13827
12031
12032
12031
12032
12189
12190
12037
12038
12039
12051
12037
12038
12037
12039
12038
12039
12053
12042
12043
12044
12051
12042
12043
12046
12048
12050
12054
12048
12049
12050
12055
12048
12049
12063
12048
12050
13828
12049
12050
12057
12065
13829
12059
12067
12061
13830
12053
12054
12055
12053
12054
12058
12208
12060
12209
12061
12059
12060
12061
12059
12060
12077
12212
12059
12061
12078
13831
12060
12061
12213
13832
12080
12215
13833
12066
12067
12068
12069
12076
12066
12067
12066
12068
12071
12067
12068
12078
12073
12080
12075
12082
12073
12074
12075
12083
12073
12074
12103
12073
12075
13834
12074
12075
12085
12104
12087
12106
12089
13835
12080
12081
12082
12083
12080
12081
18129
12080
12082
13836
12081
12082
12086
13837
18130
12088
18132
12089
13838
12087
12088
12089
12087
12088
12109
12229
12087
12089
12110
13839
12088
12089
12230
13840
12112
12232
13841
12093
12094
12095
12107
15853
12093
12094
15854
12093
12096
12099
15857
15858
12099
12100
12101
12115
12099
12100
12099
12101
12250
12100
12101
12252
12116
12254
12105
12106
12107
12108
15853
12105
12106
15856
12106
12110
15858
12112
15859
12115
12112
12113
12114
12115
12112
12113
12257
12112
12114
12113
12114
12258
12116
12260
12116
12266
12121
12122
12123
12130
12121
12122
12121
12123
12122
12123
12131
12125
12130
12128
12129
12132
18107
12128
12129
12140
18110
12129
12134
12142
18112
12136
12144
18113
12131
12132
12137
12301
12136
12137
12138
12136
12137
12154
12305
12136
12138
12155
12137
12138
12306
12157
12308
12143
12144
12145
12146
12153
12143
12144
12143
12145
12148
12144
12145
12155
12150
12157
12152
12159
12150
12151
12152
12160
12150
12151
12182
12150
12152
13842
12151
12152
12162
12184
13843
12164
12186
12166
13844
12157
12158
12159
12160
12157
12158
12325
12157
12159
13845
12158
12159
12163
12326
13846
12165
12328
12166
13847
12164
12165
12166
12164
12165
12193
18150
12164
12166
12194
13848
12165
12166
13849
18151
12196
18153
13850
12171
12172
12173
12174
12188
12171
12172
12171
12173
12175
12172
12173
12178
12190
12179
12178
12179
12180
12199
12178
12179
12178
12180
12346
12179
12180
12347
12201
12349
12185
12186
12187
12188
12192
12185
12186
12185
12187
12189
12186
12187
12194
12190
12196
12191
12198
12190
12191
12199
12190
12191
12202
12196
12197
12198
12199
12196
12197
12355
12196
12198
13851
12197
12198
12200
12356
13852
12201
12358
12202
13853
12201
12202
12201
12202
12362
12363
12205
12206
12218
18121
12205
12206
18123
18125
12219
18127
12209
12210
12211
12218
12209
12210
12213
12215
12217
12220
12215
12216
12217
12221
18114
12215
12216
18117
18129
12215
12217
13854
12216
12217
12223
13855
18131
18119
12225
18120
18133
12227
12219
12220
12221
12226
12390
12227
12225
12226
12227
18121
12225
12226
12236
12392
18124
12225
12227
12237
13856
12226
12227
12393
12239
18126
12395
18127
12232
12233
12234
12242
18128
12232
12233
12257
12232
12234
13857
18130
12233
12234
12244
12259
13858
18132
12246
12261
12248
13859
18134
12239
12240
12241
12242
18128
12239
12240
12404
12239
12241
13860
18131
12240
12241
12245
12405
13861
18133
12247
12407
12248
13862
18134
12246
12247
12248
12246
12247
12270
18164
12246
12248
12271
13863
12247
12248
13864
18165
12273
18167
13865
12253
12254
12255
12263
18135
12253
12254
17381
12253
12255
17382
18136
12254
12255
12264
17385
18139
12266
12267
18140
12260
12261
12262
12263
12269
12260
12261
12260
12262
12265
12261
12262
12271
12266
12273
12268
12275
12266
12267
12268
12276
12266
12267
12266
12268
12279
12281
12273
12274
12275
12276
12273
12274
12418
12273
12275
13866
12274
12275
12278
12419
13867
12280
12421
12281
13868
12279
12280
12281
18135
12279
12280
12287
12425
18138
12280
12281
12426
12288
18140
12428
18141
12285
12286
18136
12285
12286
12287
18138
12288
18140
12288
12443
12290
12291
12295
12294
12295
18143
12294
12463
12295
12296
12465
18145
12297
18147
12297
12312
12472
12314
12301
12302
12303
12304
12311
12301
12302
12301
12303
12306
12308
12314
12310
12316
12308
12309
12310
12317
12308
12309
12325
12308
12310
12309
12310
12319
12327
13869
12321
12329
12323
12314
12315
12316
12317
18142
12314
12315
12490
18145
12315
12316
12320
12491
18147
12322
12493
18148
12323
12321
12322
12323
12321
12322
12332
12497
12321
12323
12333
13870
12322
12323
12498
13871
12335
12500
13872
12328
12329
12330
12331
18149
12328
12329
12328
12330
18151
12329
12330
12333
18153
12335
12337
18155
12335
12336
12337
12338
12335
12336
18206
12335
12337
13876
12336
12337
12341
13877
18207
12343
18209
12344
13878
12342
12343
12344
18149
12342
12343
12366
12511
12342
12344
12367
13879
18152
12343
12344
12512
13880
12369
18154
12514
13881
18155
12348
12349
12350
12361
15860
12348
12349
15861
12349
12352
15864
12363
15865
12352
12353
12372
18156
12352
12353
12525
18158
18160
12373
12527
18162
12358
12359
12360
12361
12365
15860
12358
12359
15863
18150
12358
12360
12362
12359
12360
12367
18152
12363
15865
12369
15866
18154
12364
12371
12363
12364
12372
12363
12364
12374
12369
12370
12371
12372
18156
12369
12370
12537
18159
12369
12371
13882
12370
12371
12538
18161
12373
12540
18162
12374
12373
12374
12543
12379
12380
12381
12383
12391
12379
12380
18123
12379
12381
12384
12380
12381
12392
18124
12387
12395
18127
12388
12396
12387
12387
12388
12389
12398
12387
12388
12387
12389
12550
12388
12389
12399
12552
12401
12402
12554
12395
12395
12396
12397
12398
12395
12396
12404
12395
12397
12396
12397
12400
12406
12401
12408
12401
12402
12401
12402
12411
12562
12401
12412
12414
12564
12407
12408
12409
12410
18163
12407
12408
12407
12409
18165
12408
12409
12412
18167
12414
12416
18169
12414
12415
12416
18170
12414
12415
12569
12414
12416
13886
12415
12416
12570
13887
18173
12572
18175
13888
18176
12421
12422
12423
12424
18177
12421
12422
18164
12421
12423
12426
12422
12423
18166
18179
12428
18168
18181
12430
18183
12428
12429
12430
12431
12428
12429
12443
12428
12430
12429
12430
12433
12444
12435
12445
12437
13892
12435
12436
12437
18177
12435
12436
12449
12583
12435
12437
12450
13896
12436
12437
12584
13897
18180
12452
12586
18182
13898
18183
12440
12441
12446
18184
12440
12441
18185
18188
12447
18189
12445
12446
12448
12445
12445
12450
12452
12447
12455
12459
12470
12452
12453
12454
12455
12452
12453
18884
12452
12454
12453
12454
12458
13899
18885
12460
18887
12461
12459
12460
12461
18184
12459
12460
12476
18187
12459
12461
12477
13900
12460
12461
13901
12479
18189
18190
12466
12467
12468
12471
12466
12467
17444
12466
12468
17445
12467
12468
12472
17448
12474
12470
12471
12475
12479
12474
12482
12474
12490
12474
12484
12492
12486
12494
12479
12480
12481
12482
18191
12479
12480
18194
12479
12481
13902
12480
12481
12485
13903
18196
12487
18197
12488
12486
12487
12488
12486
12487
12504
18891
12486
12488
12505
12487
12488
13904
18892
12507
18894
12493
12494
12495
12496
12503
12493
12494
12493
12495
12498
12494
12495
12505
12500
12507
12502
12509
12500
12501
12502
18198
12500
12501
18206
12500
12502
13905
12501
12502
13906
18200
18208
18202
18210
13907
18204
12507
12508
12509
18198
12507
12508
12590
12507
12509
13908
12508
12509
12591
13909
18201
12593
18203
13910
18204
12514
12515
12516
12517
18205
12514
12515
12537
12514
12516
13914
18207
12515
12516
12519
12539
13915
18209
12521
12541
12523
13916
18211
12521
12522
12523
18212
12521
12522
12545
12597
12521
12523
12546
13920
12522
12523
12598
13921
18215
12547
12600
18217
13922
18218
12526
12527
12526
12527
12535
12543
12532
12533
12534
12544
12532
12533
12532
12534
12533
12534
12545
12535
12547
12548
12540
12541
12542
12544
12540
12541
12540
12542
12541
12542
12546
12543
12547
12547
12548
12547
12548
12616
12547
12618
12553
12554
12555
12556
12553
12554
12553
12555
12557
12554
12555
12562
12560
12564
12561
12565
12560
12561
12560
12561
18220
12560
12622
12561
12566
12624
18222
12567
18224
12564
12565
12569
12565
12571
12567
12573
12567
12576
12629
12579
12572
12573
12574
12575
18226
12572
12573
12572
12574
18228
12573
12574
12577
18230
12579
12581
18232
12579
12580
12581
18219
18233
12579
12580
12634
18222
12579
12581
12580
12581
12635
13926
18236
18224
12637
18225
18238
13927
18239
12586
12587
12588
18240
18254
12586
12587
18884
12586
12588
13931
18242
12587
12588
13932
18256
18886
18244
18258
18888
13933
18246
18260
12593
12594
12595
18261
18268
12593
12594
18891
12593
12595
18263
12594
12595
18270
18893
18265
18272
18895
18267
18274
12600
12601
12602
12603
18289
12600
12601
12616
12600
12602
13994
18291
12601
12602
12605
12617
18293
12607
12619
12609
13995
18295
12607
12608
12609
18282
18296
12607
12608
12620
12655
18285
12607
12609
12608
12609
12656
13999
18299
12621
18287
12658
18288
18301
14000
18302
12614
12615
12614
12615
18283
12614
12615
12620
18285
12621
18287
12618
12619
12619
12621
12621
12678
12625
12626
15869
12625
12629
15870
12628
12630
15873
12628
18304
12628
12631
12683
18306
12632
18308
12630
12634
12632
12638
12632
12641
12644
12637
12638
12639
12640
15867
18310
12637
12638
15870
12637
12639
18312
12638
12639
12642
15872
18314
12644
15873
12646
18316
12644
12645
12646
12647
18303
12644
12645
12696
18306
12644
12646
12645
12646
12650
12697
18308
12652
12698
18309
12653
12651
12652
12653
18310
12651
12652
12702
18325
12651
12653
14004
18313
18326
12652
12653
12703
14005
18315
18328
12705
14006
18316
12658
12659
12660
12668
18345
18359
12658
12659
12678
18348
12658
12660
14102
18361
12659
12660
12670
18350
18363
12672
12679
18351
12674
14103
18365
12665
12666
12667
12668
18359
12665
12666
12729
18339
12665
12667
14104
18340
18362
12666
12667
12671
12730
14105
18342
18364
12673
12732
12674
14106
18365
12672
12673
12674
18352
12672
12673
12680
12736
18355
12672
12674
12673
12674
12737
12681
18357
12738
18358
14107
12677
18353
12677
12680
18355
12681
18357
12679
12681
12681
12684
12685
15876
12684
15877
12687
15880
12687
12689
12687
12691
12693
12692
12693
12694
12708
15874
12692
12693
15876
17500
12692
12694
17501
12693
12694
12709
15878
17504
12711
15880
12712
12698
12699
12700
12701
12708
15874
12698
12699
15877
12698
12700
12703
12705
15879
12711
15880
12707
12713
12705
12706
12707
12714
12705
12706
18898
12705
12707
14108
12706
12707
12716
14109
18900
12718
18902
12720
14110
12711
12712
12713
12714
12711
12712
12764
12712
12713
12717
12765
12719
12766
12720
12718
12719
12720
12718
12719
12769
12718
12720
14111
12719
12720
12770
14112
12772
14113
12725
12726
12727
12748
18366
12725
12726
12754
17521
18368
12725
12727
12786
17522
12726
12727
12749
12755
12788
17525
18370
12751
12756
18372
12752
12790
12732
12733
12734
12735
12741
12732
12733
18905
12732
12734
12737
12733
12734
12743
18907
12738
12745
18909
12740
12747
12738
12739
12740
12748
18366
12738
12739
18369
12738
12740
18371
12751
18372
12753
12745
12746
12747
12748
12745
12746
12799
12745
12747
14200
12746
12747
12750
12800
14201
12752
12802
12753
14202
12751
12752
12753
12751
12752
12806
12752
12753
12807
12808
12756
12756
12760
12761
12762
12775
18373
12760
12761
12760
12762
18375
18377
12776
18379
12766
12767
12768
12775
12766
12766
12767
12770
12772
12774
12777
12772
12773
12774
12778
12772
12773
12772
12774
14203
12773
12774
12780
14204
12782
12784
14205
12776
12777
12778
12783
12784
12782
12783
12784
18373
12782
12783
12836
18376
12782
12784
14206
12783
12784
12837
14207
18378
12839
18379
14208
12789
12790
12791
12792
12805
12789
12790
12789
12791
12793
12790
12791
12806
12795
12808
12796
12809
12795
12796
12797
12818
18380
12795
12796
12795
12797
12849
18382
18384
12819
12850
18386
12802
12803
12804
12805
12811
12802
12803
12802
12804
12807
12803
12804
12813
12808
12815
12810
12817
12808
12809
12810
12818
12808
12809
12808
12810
12820
12815
12816
12817
12818
18380
12815
12816
12859
18383
12815
12817
14294
12816
12817
12860
14295
18385
12819
12862
18386
12820
14296
12819
12820
12825
12826
12827
12828
12835
12825
12826
18375
12825
12827
12829
12826
12827
12836
18376
12832
12839
18379
12833
12840
12832
12833
12834
12842
12832
12833
12832
12834
12905
12833
12834
12843
12907
12846
12847
12909
12839
12840
12841
12842
12839
12840
12839
12841
12840
12841
12844
14298
12846
12848
12846
12847
12848
12846
12847
12917
12846
12848
14299
12847
12848
12918
12920
12850
12855
12856
12857
12865
12855
12856
12855
12857
12856
12857
12866
12869
12870
12862
12863
12864
12865
12862
12863
12862
12864
12863
12864
12867
12869
12871
12869
12870
12871
12869
12870
12935
12869
12871
14392
12870
12871
12936
12938
12877
12886
12876
12877
12888
12877
12980
12876
12877
12889
12896
12982
12892
12897
12893
12984
12879
12883
12880
12887
12894
14411
12885
12886
12887
12888
12885
12886
12885
12887
14413
12886
12887
12891
12992
14414
12893
12993
12894
14416
12892
12893
12894
12892
12893
12899
18416
12892
12894
12900
14420
12893
12894
14421
18417
12902
18419
14423
12898
15938
12897
12898
12899
15940
12902
12903
15942
12902
12903
13013
12902
14442
12903
13014
13016
12908
12909
12910
12911
12916
12908
12909
12908
12910
12912
12909
12910
12917
12920
12914
12921
12914
12915
12923
12914
18388
12914
12915
12924
13029
18390
12926
18392
12927
13031
12920
12921
12922
12923
12920
12921
12920
12922
12921
12922
12925
14443
12926
12928
12926
12927
12928
12926
12927
13041
18395
12926
12928
14444
18396
18398
13043
12932
12933
12941
12932
18402
12932
12933
12942
18404
12944
18406
12945
12938
12939
12940
12941
12938
12939
12938
12940
12939
12940
12943
12944
12946
12944
12945
12946
12944
12945
13058
18409
12944
12946
14556
18410
18412
13060
12950
18465
12949
12950
12951
12958
18467
12954
12959
12955
18469
12954
12955
12966
13076
12954
12967
14557
12955
13077
12969
13079
12959
12960
12965
12960
12959
12960
12966
12969
12961
12970
12977
13089
12964
12971
12964
12974
14559
12978
14561
12969
12970
12971
12972
12969
12970
18479
12969
12971
14565
12970
12971
12975
14566
18480
12977
18482
12978
14568
12976
12977
12978
12976
12977
12976
12978
14572
12977
12978
13096
14573
13097
14575
12983
12984
12985
12986
18415
12983
12984
12983
12985
12987
15939
12984
12985
15940
18416
12989
18419
12990
15943
18420
12989
12990
12995
12989
12990
18423
12990
12996
18425
12998
18427
12993
12994
18415
12993
12994
18417
18419
18421
12998
12999
18415
12998
13022
12998
12999
13023
18418
13024
18420
18421
13003
13004
13005
13006
13019
15937
13003
13004
15938
13003
13005
13007
13009
15941
13020
15942
13010
13009
13010
13011
13026
18422
13009
13010
17640
13009
13011
13104
17641
18424
17644
18426
13107
18428
13016
13017
13018
13019
13021
15937
13016
13017
15940
18416
13016
13018
13017
13018
13023
18418
13020
15942
13024
15943
18420
13020
13026
13024
13025
13026
18422
13024
13025
18425
13024
18427
18428
13030
13031
13032
13033
13040
13030
13032
13034
15946
13031
13032
13041
15947
13037
13043
13038
13044
15950
13037
13038
13039
13045
13037
13038
13037
13039
13109
13038
13039
13046
13111
13048
13049
13113
13043
13044
13045
13043
13044
18430
13044
13047
14611
18432
13048
18434
13048
13049
13048
13049
13125
18437
13048
14612
18438
18440
13127
13054
13055
13056
13062
13054
13055
13054
13056
13055
13056
13063
13065
13066
13060
13061
13062
13060
13061
18451
13061
13064
18453
13065
18455
13065
13066
13065
13066
13146
18458
13065
14730
18459
18461
13148
13070
13071
13072
13082
18471
13070
13071
17682
13070
13072
17683
18473
17686
18475
18477
13074
13075
13082
13079
13079
13080
13081
13083
18464
13079
13080
18467
18479
13079
13081
13080
13081
13085
18481
18469
13086
18470
18483
13083
13086
13087
18471
13086
13087
13100
18474
13086
13101
13102
18476
18477
13089
13095
13097
13093
13094
13099
13093
13094
18472
13094
13100
18474
13102
18476
13097
13098
18478
13097
13098
14731
18480
18482
14733
18484
13102
13103
18478
13102
13102
13103
18481
18483
18484
13106
13107
13106
13112
13113
13114
13117
13124
13112
13113
13112
13114
13118
13113
13114
13125
13121
13127
13122
13128
13116
13119
13121
13121
13122
13123
13129
13121
13122
13121
13123
13162
13122
13123
13130
13164
13133
13134
13166
13127
13128
13129
13127
13128
18912
13128
13131
14735
18914
13133
18916
13133
13134
13135
13133
13134
13179
13133
13135
14738
13134
13135
13180
13182
13140
13141
13142
13150
13140
13141
13140
13142
13143
13141
13142
13151
13144
13154
13155
13144
13192
13148
13149
13150
13148
13149
18919
13149
13152
18921
13154
18923
13154
13155
13156
13154
13155
13205
13154
13156
14862
13155
13156
13206
13208
13159
13160
18473
13160
18474
18477
13165
13166
13167
13171
13178
13165
13166
17745
13165
13167
13172
17746
13166
13167
13179
13175
17749
13182
13176
13183
13169
13170
13173
13175
13177
13175
13176
13177
13185
13175
13176
17752
13175
13177
17753
18486
13176
13177
13186
18488
17756
13189
13190
18490
13182
13183
13184
13185
13182
13183
13182
13184
14867
13183
13184
13187
14868
13189
13191
14870
13189
13190
13191
13189
13190
13232
13189
13191
14872
13190
13191
13233
14873
13235
14875
13193
13202
13198
13199
13200
13211
13198
13199
17766
13198
13200
13201
15980
17767
13199
13200
13212
15982
13202
17770
13215
13203
13216
15984
13202
13203
13277
13280
13208
13209
13210
13211
13208
13209
13208
13210
13209
13210
13213
13215
13217
13215
13216
13217
13215
13216
13290
13215
13217
15001
13216
13217
13291
15002
13293
15004
13220
13223
13314
13225
13316
13226
13227
13228
13238
13226
13227
13226
13228
15987
13227
13228
13239
15989
13240
15991
13230
13231
13238
13235
13235
13236
13237
13241
18485
13235
13236
18488
13235
13237
15008
13236
13237
13243
15009
18490
13245
18491
13247
13240
13241
13240
13345
13246
13346
13245
13246
13247
13245
13246
13349
18493
13245
13247
15011
18494
13246
13247
13350
18496
13352
13252
13253
13254
13255
13252
13253
13391
18500
13252
13254
15030
18501
13253
13254
13258
13392
15031
18503
13260
13394
13261
15032
13259
13260
13261
18506
13259
13260
13263
13398
13259
13261
13264
15033
18509
13260
13261
13399
15034
13266
18511
13401
15035
18512
13266
13267
13268
13269
18513
13266
13267
13412
13266
13268
15043
18516
13267
13268
13272
13413
15044
18518
13274
13415
13275
15045
18519
13273
13274
13275
13273
13274
13419
18521
13273
13275
15046
18522
13274
13275
13420
15047
18524
13422
15048
13279
13280
13281
13282
13296
15979
13279
13280
15379
15980
13279
13281
13283
15380
13286
15383
15983
13297
15984
13287
13286
13287
13288
13305
13286
13287
13308
13286
13288
18542
13287
13288
13306
13310
18544
13307
18546
13293
13294
13295
13296
13298
15979
13293
13294
15982
13293
13295
13294
13295
13300
13297
15984
13302
15985
13304
13297
13305
13302
13303
13304
13305
13302
13303
13479
18528
13302
13304
15062
18529
13303
13304
13480
18531
13307
13482
13307
13307
13485
13486
13311
13492
13317
13318
13319
13323
13317
13318
18977
13317
13319
13324
15988
18978
13318
13319
15989
13327
18981
13328
15992
13322
13322
13325
13327
13327
13328
13329
13327
13328
13331
17815
13327
13329
13505
17816
13328
13329
13333
17819
13335
13334
13335
13336
13337
13354
15986
13334
13335
15988
17829
13334
13336
13339
17830
13335
13336
13341
15990
17833
13355
15992
13343
13341
13342
13343
13356
18534
13341
13342
13359
17836
18536
13341
13343
13506
17837
13342
13343
13361
17840
18538
13357
13363
18540
13346
13347
13348
13354
15986
13346
13347
15989
13352
15991
13355
15992
13352
13353
13356
18534
13352
13353
13373
18537
13352
13353
13375
18539
13357
13377
18540
13355
13356
13357
13387
13362
13363
13364
13365
13386
13362
13363
13362
13364
13367
13363
13364
13369
13387
13371
13369
13370
13371
13388
13369
13370
15326
17850
13369
13371
17851
13370
13371
15328
17854
13389
15330
13376
13377
13378
13379
13386
13376
13377
18493
13376
13378
13381
18495
13377
13378
13383
18497
13387
13385
13383
13384
13385
13388
13383
13384
13391
18500
13383
13385
18502
13384
13385
13393
18504
13389
13395
13387
13388
13389
13406
13394
13395
13396
13397
13404
13394
13395
13394
13396
13399
13395
13396
13401
13406
13403
13401
13402
13403
13408
13401
13402
13412
13401
13403
13402
13403
13414
13409
13416
13406
13407
13408
15325
13406
13407
15328
15330
13410
15331
13409
13410
15332
13426
15337
15338
13415
13416
13417
13418
13425
13415
13416
13415
13417
13420
13416
13417
13422
13426
13424
13422
13423
13424
13428
13422
13423
13447
13422
13424
13423
13424
13449
13430
13451
13426
13427
13428
15339
15344
13431
15345
13430
13431
15346
13430
13431
15349
13461
15351
15352
13436
13437
13438
13439
13460
13436
13437
15347
17864
13436
13438
13441
17865
13437
13438
15349
13443
17868
13461
15351
13445
13443
13444
13445
13462
13443
13444
13465
13443
13445
13444
13445
13467
13463
13469
13450
13451
13452
13453
13460
13450
13451
18521
13450
13452
13455
18523
13451
13452
13457
18525
13461
13459
13457
13458
13459
13462
13457
13458
13479
18528
13457
13459
18530
13458
13459
13481
18532
13463
13483
13461
13462
13463
13489
13468
13469
13470
13471
13488
15993
13468
13469
15995
17878
13468
13470
13473
17879
13469
13470
13475
15997
17882
13489
15999
13477
13475
13476
13477
13490
18541
13475
13476
13496
17885
18543
13475
13477
13531
17886
13476
13477
13498
17889
18545
13491
13500
18547
13482
13483
13484
13488
15993
13482
13483
15996
13482
13483
13486
15998
13489
15999
13486
13487
13490
18541
13486
13487
18544
18546
13491
18547
13489
13490
13491
13494
17899
13494
13502
17900
13504
17903
13499
13500
13501
13499
13500
17906
13499
13501
13503
17907
13500
13501
13504
17910
13504
13504
13511
13512
13513
13511
13512
15334
13511
13513
13516
13512
13513
15335
13519
15338
13520
13515
13517
13519
13519
13520
13524
17913
13519
13532
17914
13520
13526
13534
17917
13528
13522
13523
15320
15348
13530
15324
15352
13527
13528
17927
13527
13529
17928
13528
13530
17931
13530
13542
13535
17941
13535
13536
13539
17942
13536
13541
17945
13538
13540
13541
13541
13544
13541
13558
13543
13548
13546
13546
13547
13548
13548
13574
13552
13554
13552
15354
13552
13555
13601
15356
13557
15358
13554
13556
13566
15063
13557
13567
13557
13568
13613
13557
13569
15064
13571
13560
13560
13561
13564
13564
13578
17962
13564
13565
15355
17963
18549
13565
13580
18551
15357
17966
13573
15359
18553
13567
13569
13571
13571
13572
15356
18556
13571
15066
13572
15067
18557
15358
13573
15359
18559
13626
13576
13576
13577
15361
15364
13584
15365
13581
17976
13581
13582
15362
16008
17977
13582
16010
15364
17980
13585
15366
16012
13584
13587
13594
15076
13589
13595
13590
13633
13589
13590
13596
15363
18584
13589
13597
15078
13590
15079
18585
13598
15365
15366
18587
13593
15361
13593
13596
15363
13598
15365
13595
13597
13598
13598
13644
13598
15087
13602
13603
13604
13605
13612
13602
13604
13606
16002
13603
13604
13613
16003
13609
13615
13610
13616
16006
13609
13610
13611
13617
13609
13610
13609
13611
13654
13610
13611
13618
13656
13620
13621
13658
13615
13616
13617
13615
13616
18556
13616
13619
15089
18558
13620
18560
13620
13621
13620
13621
13668
18563
13620
15092
18564
18566
13670
13626
13627
13628
18548
18555
18569
13626
13627
13630
18551
13626
13628
15095
18557
13627
13628
13632
15096
18571
18553
18559
13634
18554
18573
15098
18561
18575
13633
13634
13635
16007
18583
18590
13633
13634
16010
13633
13635
18585
13634
13635
18592
16012
18587
16013
18594
18589
18596
13640
13641
13642
13648
13640
13641
13640
13642
13641
13642
13649
13651
13652
13646
13647
13648
13646
13647
18584
13647
13650
18586
13651
18588
13651
13652
13651
13652
13684
18598
13651
15153
18599
18601
13686
13657
13658
13659
13660
13667
13657
13658
13657
13659
13661
13658
13659
13668
13664
13670
13665
13671
13664
13665
13666
13672
13664
13665
13664
13666
13665
13666
13673
13693
13675
13670
13671
13672
13670
13671
18605
13671
13674
15155
18607
13675
18609
13675
13675
13695
18612
13675
15158
18613
18615
13680
13681
13682
13688
13680
13681
13680
13682
13681
13682
13689
13691
13686
13687
13688
13686
13687
18619
13687
13690
18621
13691
18623
13691
13691
13749
18626
13691
15218
18627
18629
13694
16016
13694
13695
16017
13696
16020
13696
13709
13713
13699
13700
13701
13715
16014
13699
13700
16016
13705
16018
13716
16020
13705
13706
13707
13718
13705
13706
13724
13705
13707
13706
13707
13719
13726
13721
13728
13712
13713
13714
13715
16014
18632
13712
13713
16017
18612
13712
13714
18614
18634
13713
13714
16019
18616
18636
13716
16020
13717
18638
13716
13717
13718
13722
13721
13722
18632
13721
13742
13721
13722
13743
15226
18635
13744
18637
15227
18638
13727
13728
13729
13730
13741
13727
13728
13727
13729
13728
13729
13742
13732
13744
13732
13733
13746
18639
13732
13733
18641
18643
13747
18645
13738
13739
13740
13746
18639
18646
13738
13739
13749
18626
18642
13738
13740
15230
18628
18648
13739
13740
15231
18630
18644
18650
13747
13750
18645
13748
15232
18652
13744
13745
13746
18646
13744
13744
13745
15234
18649
18651
13748
15235
18652
13747
13748
13750
13753
13754
13753
13757
15389
13756
13758
13756
13777
13756
13759
13761
13779
13760
13781
13758
13784
13760
13785
13760
13762
13786
13787
13762
13789
13764
13766
13791
13771
13794
13767
13768
13767
13771
13770
13772
13770
13795
13770
13773
13796
15390
13774
13798
13772
13800
13774
13801
13774
13802
13803
15389
13780
13781
13782
13780
13781
13780
13782
13783
13781
13782
13786
13787
13788
13785
13787
13787
13789
13792
13793
13792
13794
13799
13800
13797
13798
13798
13802
13803
13801
13803
13803
13817
13807
13808
13810
13810
13812
13810
13828
13816
13814
13814
13815
13816
13816
13834
13819
13819
13822
13824
13821
13823
13824
13824
13825
13824
13842
13827
13827
13830
13830
13831
13833
13833
13836
13833
13854
13835
13841
13838
13838
13840
13841
13841
13841
13857
13844
13844
13848
13850
13847
13847
13849
13850
13850
13851
13850
13873
13853
13853
13856
13860
13859
13859
13863
13865
13862
13862
13864
13865
13865
13866
13865
13883
13868
13868
13870
13872
13876
13872
13905
13875
18151
13875
13879
18152
13881
18155
13878
13878
13880
13881
13881
13882
13881
13914
13885
18165
13885
13889
18166
13891
18169
13888
13888
13890
13891
13891
13893
18172
13891
13923
18173
18176
13898
13895
18179
13895
13897
18180
13898
18183
13898
13898
13931
13901
13902
13942
13904
13965
13907
13907
13911
13913
13910
13910
13912
13913
13913
13917
18200
13913
13984
18201
18204
13916
13916
13920
13922
13919
18214
13919
13921
18215
13922
18218
13922
13922
13994
13925
18228
13925
13928
18229
13930
18232
13927
13929
13930
13930
13934
18235
13930
14001
18236
18239
13933
13933
13937
13940
13936
18249
13936
13938
18250
13940
18253
13940
13949
18256
13940
14008
18257
13951
14010
18260
13945
13946
13947
13955
13945
13946
13945
13947
13956
13946
13947
13959
13960
13952
13953
13954
13955
13952
13953
13952
13954
13957
13953
13954
13959
13961
13959
13960
13961
13959
13960
13969
13959
13961
14028
13960
13961
13962
13971
14030
13973
13963
14032
13963
13982
14045
14046
13967
13975
13967
18892
13967
13976
18893
13979
18896
13972
13973
13974
13975
13972
13973
13972
13974
13977
13973
13974
13982
13979
13981
13983
13979
13980
13981
13979
13980
13987
13979
13981
14057
13980
13981
13989
14059
14061
13983
14071
14072
13986
18263
13986
13991
18264
13993
18267
13990
18270
13990
13992
18271
13993
18274
13993
13996
18277
13993
14086
18278
18281
13995
14000
13998
18298
13998
13999
18299
14000
18302
14000
14102
14003
18312
14003
14004
18313
14006
18316
14006
14015
14006
14108
14011
14012
14013
14019
14011
14012
14011
14013
14020
14012
14013
14023
14024
14017
14018
14019
14017
18326
14017
14018
14021
18327
14023
18330
14025
14023
14024
14025
14023
14024
14035
14023
14025
14115
14024
14025
14026
14037
14117
14039
14119
14049
14135
14031
14032
14033
14044
18653
14031
14032
14031
14033
18654
14032
14033
14045
18657
14046
14047
18658
14038
14039
14040
14048
18653
14038
14039
14038
14040
16022
18655
14039
14040
14049
16024
18657
14050
14051
16026
18659
14042
14043
14044
14048
14046
14050
14046
14047
14052
14046
14047
14071
14054
14073
14050
14051
14052
14050
14051
14140
14055
14141
14054
14055
18653
14054
14055
14078
14144
18656
14079
18658
14146
18659
14060
14061
14062
14063
14074
14060
14061
14060
14062
14064
14061
14062
14067
14075
14068
14076
14067
14068
14069
14081
18660
14067
14068
14090
14067
14069
18662
18682
14068
14069
14082
14092
18684
18664
14083
14094
14084
18666
18686
14072
14073
14074
14077
14072
14073
14075
14079
14075
14076
14081
14083
14079
14080
14081
18660
14079
14080
14160
18663
18665
14084
14162
18666
14083
14084
14083
14084
14101
14165
14166
14088
14096
14088
18333
14088
14097
18334
14099
18337
14093
14094
14095
14096
14093
14094
14093
14095
14098
14094
14095
14101
14099
14100
14099
14100
14099
14104
18340
14099
14100
14178
18341
18344
14181
14196
14103
14107
14106
14106
14107
14110
14110
14111
14113
14113
14122
14113
14203
14118
14119
14120
14128
14118
14119
14118
14120
14129
16023
14119
14120
14135
16024
14132
14133
14136
16027
14125
14126
14127
14128
14125
14126
14125
14127
14130
14126
14127
14132
14134
14132
14133
14134
14132
14133
18675
14132
14134
14210
14133
14134
14137
14212
18677
14138
18679
14214
14136
14140
14138
14142
14138
14149
14230
14150
14141
14142
14143
14148
16021
14141
14142
16024
14146
16026
14150
16027
14146
14147
14152
18667
14146
14147
14160
18670
14147
14154
14161
18672
14156
14163
18673
14150
14151
14152
18674
14150
14151
14236
18677
18679
14157
14237
18680
14156
14157
14158
19010
14156
14157
14169
14240
19013
14156
14158
14170
14157
14158
14241
14171
19015
14242
19016
14162
14163
14164
14168
16028
14162
14163
16031
14163
14170
14166
16033
14171
16034
14166
14167
14173
18681
14166
14167
14196
18684
18686
14175
14197
18687
14171
14172
14173
18688
14171
14172
14253
18691
14171
18693
14176
14254
18694
14175
14176
18695
14175
14176
14198
14257
18698
14199
18700
14258
18701
14180
14181
14189
14180
14181
18906
14180
14190
18907
14193
18910
14186
14187
14188
14189
14186
14187
18696
14186
14188
14191
14187
14188
14198
18698
14193
14199
18700
14195
14193
14194
14195
14193
14194
14200
14193
14195
14269
14194
14195
14271
14273
14197
14199
14199
14289
14202
14202
14205
14205
14206
14208
14208
14217
14208
14213
14214
14215
14223
14213
14214
14213
14215
14224
16037
14214
14215
14230
16038
14227
14228
14231
16041
14220
14221
14222
14223
14220
14221
14220
14222
14225
14221
14222
14227
14229
14227
14228
14229
14227
14228
18710
14227
14229
14301
14228
14229
14232
14303
18712
14233
18714
14234
14305
14231
14236
14233
14238
14233
14234
14245
14315
14246
14316
14237
14238
14239
14244
16035
14237
14238
16038
14242
16040
14246
16041
14242
14243
14248
18702
14242
14243
14253
18705
14242
18707
14250
14255
18708
14246
14247
14248
18709
14246
14247
14324
18712
18714
14251
14325
18715
14250
14251
18716
14250
14251
14261
14328
18719
14262
18721
14330
18722
14254
14255
14256
14260
16042
14254
14255
16045
14258
16047
14262
16048
14258
14259
14264
18723
14258
14259
14289
18726
18728
14266
14290
18729
14262
14263
14264
18730
14262
14263
14347
18733
18735
14267
14349
18736
14266
14267
18737
14266
14267
14291
14353
18740
14292
18742
14354
18743
14272
14273
14274
14282
14272
14273
14272
14274
14283
14273
14274
14286
14287
14279
14280
14281
14282
14279
14280
18738
14279
14281
14284
14280
14281
14291
18740
14286
14292
18742
14288
14293
14286
14287
14288
14286
14287
14294
14286
14288
14370
14287
14288
14372
14374
14290
14292
14292
14293
14384
14385
14296
14296
14402
15238
14299
14308
14304
14305
14306
14314
18744
14304
14305
14304
14306
16051
18745
14305
14306
14315
16052
18748
14316
14317
16055
18749
14311
14312
14313
18744
14311
14312
14311
14313
18746
14312
14313
18748
14318
18750
14316
14317
14319
14316
14317
14324
14321
14326
14322
14453
14321
14322
18744
14321
14322
14334
14455
18747
14336
18749
14457
18750
14325
14326
14327
14333
16049
14325
14326
16052
14330
16054
14336
16055
14330
14331
14332
14339
18751
14330
14331
14347
18754
14331
14332
14341
18756
14343
14350
18757
14345
14336
14337
14338
14339
18758
14336
14337
14470
18761
14337
14338
14342
14471
18763
14344
14473
18764
14345
14343
14344
14345
14343
14344
14357
14477
14343
14345
14358
14344
14345
14478
14360
14480
14349
14350
14351
14352
14356
16056
14349
14350
16059
14350
14351
14358
14354
16061
14360
16062
14362
14354
14355
14363
18765
14354
14355
14384
18768
18770
14366
14386
18771
14360
14361
14362
14363
14360
14361
14498
14360
14362
14361
14362
14365
14499
14367
14501
14368
14366
14367
14368
18772
14366
14367
14388
14505
18775
14367
14368
14506
14389
18777
14508
18778
14373
14374
14375
14376
14373
14374
14373
14375
14377
14374
14375
14380
14381
14380
14381
14382
18779
14380
14381
14392
14380
14382
14526
18781
14381
14382
14528
18783
14391
14530
18785
14385
14386
14387
14385
14386
14389
14389
14390
18779
14389
14390
14540
18782
18784
14391
14542
18785
14546
14599
15241
14396
14397
14396
14401
14399
14405
14399
14413
14399
14407
14415
14409
14417
14404
14405
14406
14404
14405
14427
14404
14406
15245
14405
14406
14408
14429
15246
14409
14431
15248
14409
14435
14409
14436
14437
14411
14419
14433
14423
14416
14417
14418
14419
14434
14416
14417
14416
14418
14421
14417
14418
14435
14423
14437
14425
14438
14423
14424
14425
14440
14423
14424
14442
14423
14425
14607
14424
14425
14441
14610
14430
14431
14432
14433
14434
14430
14431
14430
14432
14431
14432
14436
14437
14439
14440
14437
14438
14439
14440
14437
14438
14437
14439
14441
14441
14444
14446
14449
14450
14451
14460
14449
14450
18396
14449
14451
18397
14450
14451
18400
14461
14453
14454
14460
14457
14457
14458
14459
14462
18786
14457
14458
14470
18789
14458
14459
14464
14472
18791
14466
14474
18792
14468
14461
14462
14467
14621
14466
14467
14468
14466
14467
14484
14623
14466
14468
14485
14467
14468
14624
14487
14626
14473
14474
14475
14476
14483
14473
14474
14473
14475
14478
14474
14475
14485
14480
14487
14482
14489
14480
14481
14482
14490
14480
14481
14498
14480
14482
14481
14482
14492
14500
14494
14502
14496
14487
14488
14489
14490
14487
14488
14641
14487
14489
14488
14489
14493
14642
15251
14495
14644
14496
14494
14495
14496
14494
14495
14512
14648
14494
14496
14513
14495
14496
14649
15252
14515
14651
14501
14502
14503
14504
14511
14501
14502
14501
14503
14506
14502
14503
14513
14508
14515
14510
14517
14508
14509
14510
14518
14508
14509
14540
14508
14510
14509
14510
14520
14541
14522
14543
14524
14515
14516
14517
14518
14515
14516
14669
14515
14517
14516
14517
14521
14670
15253
14523
14672
14524
14522
14523
14524
14522
14523
14548
14676
14522
14524
14549
14523
14524
14677
15254
14551
14679
14529
14530
14531
14532
14545
16063
14529
14530
16064
14529
14531
14533
14530
14531
14536
16067
14546
16068
14537
14536
14537
14538
14554
14536
14537
14556
18410
14536
14538
14697
18411
14537
14538
14699
18414
14555
14701
14542
14543
14544
14545
14547
16063
14542
14543
16066
14543
14544
14549
14546
16068
14551
16069
14553
14546
14554
14551
14552
14553
14554
14551
14552
14711
14551
14553
14552
14553
14712
14555
14714
14555
14718
14565
14561
14562
14563
14571
14579
14561
14563
14572
14562
14563
14580
14575
14583
14576
14584
14568
14569
14570
14571
14586
14568
14569
14568
14570
14573
14569
14570
14575
14577
14587
14575
14576
14577
14588
14575
14576
14594
14575
14577
14731
14576
14577
14589
14595
14732
14591
14596
14592
14734
14579
14586
14583
14584
14585
14588
14583
14584
14598
14583
14585
14584
14585
14590
14600
15255
14591
14602
14593
14587
14588
14592
14591
14592
14593
14591
14592
14604
14591
14593
14605
14606
14596
14596
14604
14606
14601
14602
14603
14601
14602
14601
14603
14602
14603
14605
14606
14606
14606
14609
14610
18417
14609
18418
18421
14612
14614
14617
14618
14619
14629
14617
14618
18438
14617
14619
18439
14618
14619
14630
18442
14631
14632
14621
14622
14629
14626
14626
14627
14628
14633
14626
14627
14641
14626
14628
14627
14628
14635
14643
14637
14645
14639
14631
14632
14633
14631
14632
14744
14638
14747
14637
14638
14639
14637
14638
14655
14751
14637
14639
14656
14638
14639
14752
14658
14754
14644
14645
14646
14647
14654
14644
14645
14644
14646
14649
14645
14646
14656
14651
14658
14653
14660
14651
14652
14653
14661
14651
14652
14669
14651
14653
15256
14652
14653
14663
14671
15257
14665
14673
14667
15258
14658
14659
14660
14661
14658
14659
14772
14658
14660
15259
14659
14660
14664
14773
15260
14666
14775
14667
15261
14665
14666
14667
14665
14666
14683
14779
14665
14667
14684
15262
14666
14667
14780
15263
14686
14782
15264
14672
14673
14674
14675
14682
14672
14673
14672
14674
14677
14673
14674
14684
14679
14686
14681
14688
14679
14680
14681
14689
14679
14680
14711
14679
14681
15265
14680
14681
14691
14713
15266
14693
14715
14695
15267
14686
14687
14688
14689
14686
14687
14800
14686
14688
15268
14687
14688
14692
14801
15269
14694
14803
14695
15270
14693
14694
14695
14693
14694
14720
14807
14693
14695
14721
15271
14694
14695
14808
15272
14723
14810
15273
14700
14701
14702
14703
14717
14700
14701
18452
14700
14702
14704
18453
14701
14702
14707
18456
14718
14708
14707
14708
14709
14726
14707
14708
14730
18459
14707
14709
14828
18460
14708
14709
14727
14830
18463
14728
14729
14832
14714
14715
14716
14717
14719
14714
14715
14714
14716
14715
14716
14721
14718
14723
14725
14718
14726
14723
14724
14725
14726
14723
14724
14835
14723
14725
14724
14725
14836
14729
14838
14728
14729
14728
14729
14842
14845
14733
14734
14734
14737
14738
14737
14740
14740
18794
14740
14741
14869
18796
14742
18798
14742
14758
14877
14761
14747
14748
14749
14750
14757
14747
14748
14747
14749
14752
14748
14749
14759
14754
14761
14756
14763
14754
14755
14756
14764
14754
14755
14772
14754
14756
14755
14756
14766
14774
15274
14768
14776
14770
15275
14761
14762
14763
14764
18793
14761
14762
14894
18796
14761
14763
14762
14763
14767
14895
18798
14769
14896
18799
14770
15276
14768
14769
14770
14768
14769
14786
14899
14768
14770
14787
15277
14769
14770
14900
14789
14902
15278
14775
14776
14777
14778
14785
14775
14776
14775
14777
14780
14776
14777
14787
14782
14789
14784
14791
14782
14783
14784
14792
14782
14783
14800
14782
14784
14783
14784
14794
14802
14796
14804
14798
14789
14790
14791
14792
14789
14790
14927
14789
14791
14790
14791
14795
14928
14797
14929
14798
14796
14797
14798
14796
14797
14814
14932
14796
14798
14815
14797
14798
14817
14933
14803
14804
14805
14806
14813
14803
14804
14803
14805
14808
14804
14805
14815
14810
14817
14812
14819
14810
14811
14812
14820
14810
14811
14835
14810
14812
14811
14812
14822
14837
14824
14839
14826
14817
14818
14819
14820
14817
14818
14955
14817
14819
14818
14819
14823
14825
14956
14826
14824
14825
14826
14824
14825
14849
14959
14824
14826
14850
14825
14826
14960
14852
14961
14831
14832
14833
14841
18800
14831
14832
18920
14831
14833
18801
18921
14832
14833
14842
18804
18924
14845
14846
18805
14838
14839
14840
14841
14848
14838
14839
14838
14840
14843
14839
14840
14850
14845
14852
14847
14854
14845
14846
14847
14855
14845
14846
14845
14847
14846
14847
14857
14859
14861
15279
14852
14853
14854
14855
14852
14853
14983
14852
14854
15280
14853
14854
14858
14984
14860
14986
14861
15281
14859
14860
14861
18800
14859
14860
14865
14990
18803
14859
14861
14860
14861
14991
14866
18805
14992
18806
15282
14864
18801
14864
14865
18803
14866
18805
14866
15006
14870
14870
14871
14872
16072
14871
14877
16073
14875
14876
14878
16076
14875
14876
14880
14875
15008
14876
14882
15010
14884
14878
14894
14897
14883
14884
14885
14886
14905
16070
14883
14884
16072
14883
14885
14888
14884
14885
14890
16074
14906
16076
14892
14907
14890
14891
14892
14908
14890
14891
14913
14890
14892
15013
14891
14892
14909
14915
15015
14910
14917
14911
15017
14896
14897
14898
14905
16070
14896
14897
16073
14896
14900
14902
16075
14906
16076
14902
14903
14904
14908
14902
14903
14927
14902
14904
14903
14904
14910
14930
14906
14907
14908
14911
14910
14911
14910
14911
14936
14937
14916
14917
14918
14919
14935
16077
14916
14917
16079
14916
14918
14921
14917
14918
14936
14923
16081
14937
16083
14925
14923
14924
14925
14938
18807
14923
14924
14941
18809
14923
14925
15025
14924
14925
14943
15027
18811
14939
14945
18813
15029
14929
14930
14931
14935
16077
14929
14930
16080
14929
14933
16082
14937
16083
14933
14934
14938
18807
14933
14934
14955
18810
18812
14939
14957
18813
14937
14938
14937
14939
14964
14944
14945
14946
14947
14963
16084
14944
14945
16086
14944
14946
14949
14945
14946
14951
16088
14964
16090
14953
14951
14952
14953
14965
18814
14951
14952
14969
18816
14951
14953
15037
14952
14953
14966
14971
15039
18818
14967
14973
18820
15041
14956
14957
14958
14963
16084
14956
14957
16087
14961
16089
14964
16090
14961
14962
14965
18814
14961
14962
14983
18817
14961
18819
14967
14987
18820
14964
14965
14967
14967
14995
14996
14972
14973
14974
14975
14994
14972
14973
14972
14974
14977
14973
14974
14995
14979
14996
14981
14997
14979
14980
14981
14998
18821
14979
14980
15001
18823
14979
14981
15050
14980
14981
15003
15052
18825
14999
15005
18827
15000
15054
14986
14987
14988
14989
14994
14986
14987
14986
14988
14991
14987
14988
14992
14996
14992
14993
14998
18821
14992
14993
15006
18824
14992
18826
14999
15007
18827
14996
14997
14998
14996
14997
15000
14999
15000
15004
15005
15004
15005
15007
15011
15019
15016
15017
15018
15016
15017
15016
15018
15022
15017
15018
15024
15021
18494
15021
15023
18495
15024
18498
15024
15030
18501
15024
18502
18505
15028
15029
18508
15028
15033
18509
15029
15035
18512
15032
15032
15034
15035
15035
15043
15035
15040
15041
15042
15040
15041
15040
15042
15046
15041
15042
15048
15045
15045
15047
15048
15048
15056
15048
15053
15054
15055
15053
15054
15053
15055
15059
15054
15055
15061
15058
18522
15058
15060
18523
15061
18526
15061
15062
18529
15061
18530
18533
15064
15066
15068
15090
15069
15069
15071
15070
15072
15075
15099
15072
15112
15075
15113
15075
15082
15114
15075
15115
15117
15078
15081
15084
15087
15081
15124
15081
15085
15088
15126
15086
15128
15084
15141
15084
15142
15086
15144
15086
15146
15147
15091
15092
15091
15101
15103
15156
15098
15099
15100
15098
15099
15098
15100
15106
15099
15100
15114
15109
15117
15110
15118
15104
18564
15104
15105
15107
18565
15105
15109
18568
15111
15109
15110
15130
18571
15109
15111
18572
18829
15110
15111
15119
15132
18831
18575
15122
15134
15123
18833
15113
15117
15117
15118
15141
15117
15118
15120
15143
15122
15145
15122
15123
15148
15171
15122
15149
15123
15172
15151
15174
15127
15128
18585
15127
15129
15136
18586
15128
15129
15146
15139
18589
15147
15133
15134
18592
15133
15135
15137
16092
18593
15134
15135
15148
16094
15139
18596
15151
15140
15152
16096
15139
15153
18599
15139
15140
15186
18600
15140
15154
15188
18603
15190
15144
15145
15144
15145
15149
15147
15151
15147
15151
15152
15200
15151
15152
15201
15203
15157
15158
15157
15160
15163
15164
15165
15177
18835
15163
15164
18613
15163
15165
18614
18837
15164
15165
18617
18839
15178
18841
15168
15169
15170
15177
15168
15169
15174
15174
15175
15176
15179
18828
15174
15175
15200
18831
15174
15176
15175
15176
15181
15202
18833
15182
15204
18834
15184
15178
15179
15183
15182
15183
15184
18835
15182
15183
15211
15228
18838
15182
15184
15212
15213
18840
15229
18841
15189
15190
15191
15192
15206
16091
15189
15190
16092
18620
15189
15191
15193
18621
15190
15191
15207
15196
16095
18624
15208
16096
15197
15209
15196
15197
15198
15216
18842
15196
15197
15218
18627
15196
15198
15230
18628
18844
15197
15198
18631
18846
15217
15233
18848
15203
15204
15205
15206
15210
16091
15203
15204
16094
15203
15205
15204
15205
15212
15208
16096
15213
16097
15215
15208
15209
15216
15208
15209
15213
15214
15215
15216
18842
15213
15214
15236
18845
15213
15215
18847
15217
15237
18848
15217
15223
15224
15225
15223
15224
18634
18837
15223
15225
15226
18635
15224
15225
15228
18838
15227
18638
15229
18841
15227
15234
15229
15236
15232
15233
15232
15235
15237
15240
15245
15240
15247
15249
15243
15243
15248
15249
15250
15248
15249
15248
15250
15249
15250
15252
15256
15254
15265
15258
15258
15262
15264
15261
15261
15263
15264
15264
15268
15264
15267
15267
15271
15273
15270
15270
15272
15273
15273
15273
15275
15277
15278
15278
15278
15282
15281
15282
15285
15287
15778
15285
15288
15798
15800
15802
15289
15291
15287
15288
15781
15289
15293
15782
15289
15312
15313
15315
15326
15327
15329
17849
17850
17852
15295
15333
15334
15336
15292
15294
15785
15292
15295
15296
17919
17921
17923
15294
15295
15788
15296
15789
15296
15340
15341
15343
15319
15320
15322
15347
15348
15350
17863
17864
17866
15301
15302
15303
17526
15301
15302
15301
15303
15302
15303
17527
17530
17531
15308
15309
15310
17533
15308
15309
15308
15310
15309
15310
17534
17537
17538
15315
15316
15317
15797
15315
15316
15800
15315
15317
15316
15317
15802
15803
15322
15323
15324
17918
15322
15323
17921
15322
15324
15323
15324
17923
17924
15329
15330
15331
15332
15329
15330
15329
15331
15334
15330
15331
15336
15338
15336
15337
15338
15336
15337
15340
15336
15338
15337
15338
15342
15344
15343
15344
15345
15346
15343
15344
15343
15345
15348
15344
15345
15350
15352
15350
15351
15352
15350
15351
15350
15352
15351
15352
15357
15358
15359
15357
15358
15357
15359
16001
15358
15359
16003
16005
15364
15365
15366
15364
15365
15364
15366
18577
15365
15366
18579
18581
15368
15370
15374
15375
15764
15374
15376
15375
15376
15377
15766
15377
15767
15377
15768
15381
15382
18879
15381
15383
15382
15383
15384
18881
15384
18882
15384
18883
15386
15388
15395
15396
15397
15395
15396
16324
15395
15397
15396
15397
16325
16328
15401
15402
18849
15401
15403
16513
15402
15403
16514
15404
18852
15404
18853
15404
16517
18855
15408
15409
18856
15408
15410
15409
15410
15411
18859
15411
18860
15411
18862
15416
15417
15418
15416
15417
15416
15418
18857
15417
15418
18858
18861
15421
15423
16107
16108
16111
15421
15424
16114
16115
16118
15425
15440
15423
15424
15425
15425
15443
15444
15429
15430
15429
15432
18864
15430
15432
18865
15431
15431
15432
18869
15435
15437
16156
16157
16160
15435
15438
15439
15447
16163
16164
16167
15437
15438
15439
15439
15450
15451
15442
15444
15442
15445
16170
16171
16174
16589
16591
16593
15446
16177
16178
16181
15444
15445
15446
15446
15449
15451
15449
15452
16212
16213
16216
15453
16219
16220
16223
16596
16598
16600
15451
15452
15453
15453
15458
15459
15460
15458
15459
15458
15460
16632
15459
15460
16633
16636
15465
15466
15467
15465
15466
16597
15465
15467
15466
15467
16598
16601
15472
15473
15474
17008
15472
15473
16296
15472
15474
16297
17009
15473
15474
16300
17012
17013
15479
15480
15481
17029
15479
15480
18956
15479
15481
17017
17030
18957
15480
15481
17018
17033
18960
17021
17034
15486
15487
15488
17050
15486
15487
16338
17010
15486
15488
16339
17038
17051
15487
15488
17011
17039
16342
17054
17014
17042
17055
15493
15494
15495
17078
15493
15494
16380
15493
15495
16381
17079
15494
15495
16384
17082
17083
15500
15501
15502
15500
15501
16387
17052
15500
15502
16388
15501
15502
17053
16391
17056
15507
15508
15509
17113
17120
15507
15508
15507
15509
17114
15508
15509
17121
17117
17124
17118
17125
15514
15515
15516
17225
15514
15515
15514
15516
17226
15515
15516
17229
17230
15521
15522
15523
17239
15521
15522
17178
15521
15523
17240
15522
15523
17179
17243
17182
17244
15528
15529
15530
17260
15528
15529
17241
15528
15530
17261
15529
15530
17242
17264
17245
17265
15535
15536
15537
17309
15535
15536
17262
15535
15537
17310
15536
15537
17263
17313
17266
17314
15540
15542
15540
15543
17324
17326
17328
15544
15542
15543
15544
15544
17331
17332
17334
15547
15549
15554
15555
15558
15547
15550
15551
17338
17340
17342
15549
15550
15551
15551
17345
17346
17348
15556
15557
15558
17337
15556
15557
17311
15556
15558
17338
15557
15558
17312
17341
17315
17342
15563
15564
15565
17386
15563
15564
15563
15565
15564
15565
17387
17390
17391
15570
15571
15572
17393
15570
15571
17339
15570
15572
15571
15572
17340
17394
17343
17397
17398
15575
15577
15582
15583
15586
15575
15578
15579
15577
15578
15579
17415
17417
17419
15579
15584
15585
15586
17414
15584
15585
16527
15584
15586
16528
15585
15586
17415
16531
17418
17419
15589
15591
15589
15592
15593
15591
15592
17443
17445
17447
15593
15593
15596
15598
17409
17410
17413
15596
15599
15600
15602
18926
15598
15599
15600
15604
17422
17424
17426
15600
18929
15606
18930
15603
15605
15603
15606
15607
18933
15605
15606
17450
17452
17454
15607
15607
18936
18937
15612
15613
15614
17456
15612
15613
15612
15614
17457
15613
15614
17460
17461
15619
15620
15621
17491
15619
15620
17458
15619
15621
15620
15621
17459
17492
17462
17495
17496
15624
15626
15624
15627
15628
15630
15626
15627
15628
15632
15628
15634
15631
15633
18928
15631
15634
15635
15637
15650
15633
15634
18931
15635
15639
15881
18932
15635
15653
15882
15641
15654
15883
15638
15640
18935
15638
15641
15642
15644
15657
15640
15641
18938
15642
15646
15888
18939
15642
15660
15889
15648
15661
15890
15645
15647
15645
15648
15649
15647
15648
15649
15649
15652
15654
15652
15655
16681
16682
16685
15656
15658
16688
16689
16692
15654
15655
15656
15660
15895
15656
15896
15662
15897
15659
15661
15659
15662
16695
16696
16699
15663
16702
16703
16706
15661
15662
15663
15902
15663
15903
15904
15668
15669
15670
17561
15668
15669
15668
15670
17562
15669
15670
17565
17566
15675
15676
15677
17582
17589
15675
15676
17583
15675
15677
17590
15676
15677
17586
17593
17587
17594
15682
15683
15684
17603
17610
15682
15683
17604
15682
15684
17584
17611
15683
15684
17585
17607
17614
17608
17588
17615
15689
15690
15691
17666
15689
15690
17626
15689
15691
17667
15690
15691
17627
17670
17630
17671
15696
15697
15698
17694
15696
15697
15696
15698
17695
15697
15698
17698
17699
15702
15703
15702
15704
15703
15704
15705
15705
15705
15710
15711
15712
19017
15710
15711
15710
15712
17731
19018
15711
15712
17732
19021
17735
19022
15715
15717
16744
16745
16748
15715
15718
15719
15721
15769
16751
16752
16755
15717
15718
17744
17746
17748
15719
15723
15719
15772
17751
17752
17754
15725
15773
15722
15724
16765
16766
16769
15722
15725
15726
15728
15776
16772
16773
16776
15724
15725
15726
15730
15726
15779
15732
15780
15729
15731
16786
16787
16790
15729
15732
16793
16794
16797
15733
15735
15783
15731
15732
15733
15737
15733
15786
15739
15787
15736
15738
15743
15744
15747
16807
16808
16811
15736
15739
16814
16815
16818
15740
15790
15738
15739
15740
17758
17760
17762
15740
15793
15794
17765
17766
17768
15745
15746
15747
17757
15745
15746
15745
15747
15746
15747
17758
17761
17762
15752
15753
15754
15752
15753
17717
15752
15754
17773
15753
15754
17718
17774
17721
17777
15759
15760
15761
18968
15759
15760
18969
19019
15759
15761
15760
15761
19020
18972
18973
19023
15765
15766
16835
15765
15767
16836
15766
15767
15768
16839
15768
15768
15771
15773
15771
15774
15775
15777
15773
15774
15775
15779
15775
15781
15778
15780
15778
15781
15782
15784
15780
15781
15782
15786
15782
15788
15785
15787
15785
15788
15789
15791
15787
15788
15789
15793
15789
15795
15792
15794
15792
15795
15796
15794
15795
15796
15796
15801
15802
15803
15801
15802
16933
15801
15803
16934
15802
15803
16937
15808
15809
15810
17946
15808
15809
15808
15810
17934
15809
15810
17935
17947
17950
17938
17951
15815
15816
15817
18009
15815
15816
17983
15815
15817
18010
15816
15817
17984
18013
17987
18014
15822
15823
15824
15822
15823
15822
15824
18032
15823
15824
18033
18036
15829
15830
15831
15829
15830
15829
15831
18053
15830
15831
18054
18057
15836
15837
15838
18072
15836
15837
15836
15838
18067
18073
15837
15838
18068
18076
18071
18077
15843
15844
15845
18100
15843
15844
15843
15845
18101
15844
15845
18104
18105
15850
15851
15852
15850
15851
18074
15850
15852
15851
15852
18075
18078
15857
15858
15859
15857
15858
15857
15859
15858
15859
15864
15865
15866
18156
15864
15865
17395
15864
15866
17396
18157
15865
15866
17399
18160
18161
15871
15872
15873
18303
15871
15872
18221
15871
15873
18304
15872
15873
18222
18307
18225
18308
15878
15879
15880
15878
15879
17493
18305
15878
15880
17494
15879
15880
18306
17497
18309
15883
15885
15883
15886
15887
15889
15895
15885
15886
16022
16023
16025
15887
15891
18668
18669
18671
15887
15898
18675
18676
18678
15893
15899
19011
19012
19014
15890
15892
15890
15893
15894
15902
15892
15893
16029
16030
16032
15894
18682
18683
18685
15894
15905
18689
18690
18692
15906
18696
18697
18699
15897
15899
15897
15900
15901
15903
15909
15899
15900
16036
16037
16039
15901
15905
18703
18704
18706
15901
15912
18710
18711
18713
15907
15913
18717
18718
18720
15904
15906
15904
15907
15908
15916
15906
15907
16043
16044
16046
15908
18724
18725
18727
15908
15919
18731
18732
18734
15920
18738
18739
18741
15911
15913
15911
15914
15915
15917
15923
15913
15914
16050
16051
16053
15915
15919
18752
18753
18755
15915
15926
18759
18760
18762
15921
15927
15918
15920
15918
15921
15922
15930
15920
15921
16057
16058
16060
15922
18766
18767
18769
15922
15933
15934
18773
18774
18776
15925
15927
15925
15928
15929
15931
15951
15927
15928
15929
15933
15929
15954
15935
15955
15932
15934
15932
15935
15936
15958
15934
15935
15936
15936
15961
15962
15941
15942
15943
18422
15941
15942
15941
15943
18423
15942
15943
18426
18427
15948
15949
15950
18429
15948
15949
17661
18389
15948
15950
17662
15949
15950
18390
18430
17665
18393
18433
18434
15953
15955
15953
15956
15957
15959
15965
15955
15956
15957
15961
15957
15968
15963
15969
15960
15962
15960
15963
15964
15972
15962
15963
15964
15964
15975
15976
15967
15969
15967
15970
15971
15973
15969
15970
15971
15975
15971
15977
15974
15976
15974
15977
15978
15976
15977
15978
15978
15983
15984
15985
15983
15984
15983
15985
15984
15985
15990
15991
15992
18534
15990
15991
18535
15990
15992
15991
15992
18538
18539
15997
15998
15999
18541
15997
15998
18542
15997
15999
15998
15999
18545
18546
16004
16005
16006
18548
18555
16004
16005
17990
18549
16004
16006
17991
16005
16006
18556
17994
18552
18553
18559
18560
16011
16012
16013
18576
16011
16012
18577
16011
16013
18550
16012
16013
18551
18580
18581
18554
16018
16019
16020
16018
16019
18039
16018
16020
18040
16019
16020
18043
16025
16026
16027
18667
18674
16025
16026
18668
16025
16027
18675
16026
16027
18671
18678
18672
18679
16032
16033
16034
18681
18688
16032
16033
18662
18682
16032
16034
18669
18689
16033
16034
18663
18670
18685
18692
18666
18686
18673
18693
16039
16040
16041
18702
18709
16039
16040
18676
18703
16039
16041
18710
16040
16041
18677
18706
18713
18680
18707
18714
16046
16047
16048
18723
18730
16046
16047
18690
18724
16046
16048
18704
18731
16047
16048
18691
18705
18727
18734
18694
18728
18708
18735
16053
16054
16055
18751
18758
16053
16054
18711
18752
16053
16055
18759
16054
16055
18712
18755
18762
18715
18756
18763
16060
16061
16062
18765
16060
16061
18732
18766
16060
16062
18753
16061
16062
18733
18754
18769
18736
18770
18757
16067
16068
16069
16067
16068
18781
16067
16069
16068
16069
18782
18785
16074
16075
16076
16074
16075
18795
16074
16076
16075
16076
18796
18799
16081
16082
16083
18807
16081
16082
18808
16081
16083
16082
16083
18811
18812
16088
16089
16090
18814
16088
16089
18815
16088
16090
18809
16089
16090
18810
18818
18819
18813
16095
16096
16097
18842
16095
16096
16095
16097
18830
18843
16096
16097
18831
18846
18834
18847
16102
16103
16104
16105
16112
16102
16103
16102
16104
16107
16103
16104
16114
16109
16116
16111
16118
16109
16110
16111
16109
16110
16120
16109
16111
16110
16111
16122
16124
16116
16117
16118
16116
16117
16116
16118
16117
16118
16123
16124
16125
16126
16123
16124
16123
16125
16124
16125
16128
16130
16132
16130
16131
16132
16130
16131
16183
16130
16132
16131
16132
16184
16186
16137
16138
16139
16140
16137
16138
16148
16137
16139
16138
16139
16142
16150
16144
16152
16146
16144
16145
16146
16144
16145
16197
16144
16146
16145
16146
16198
16200
16151
16152
16153
16154
16151
16152
16151
16153
16156
16152
16153
16158
16160
16158
16159
16160
16161
16158
16159
16158
16160
16159
16160
16163
16165
16167
16165
16166
16167
16165
16166
16165
16167
16166
16167
16172
16173
16174
16175
16172
16173
16172
16174
16173
16174
16178
16180
16181
16179
16180
16181
16179
16180
16190
16179
16181
16191
16180
16181
16193
16186
16187
16188
16189
16186
16187
16186
16188
16187
16188
16191
16193
16195
16193
16194
16195
16193
16194
16193
16195
16194
16195
16200
16201
16202
16203
16200
16201
16200
16202
16201
16202
16205
16207
16209
16207
16208
16209
16207
16208
16211
16207
16209
16212
16208
16209
16214
16214
16215
16216
16217
16214
16215
16214
16216
16215
16216
16220
16222
16223
16221
16222
16223
16221
16222
16221
16223
16222
16223
16228
16229
16230
16228
16229
16239
16228
16230
16229
16230
16240
16242
16235
16236
16237
16235
16236
16253
16235
16237
16236
16237
16254
16256
16242
16243
16244
16245
16242
16243
16242
16244
16243
16244
16247
16249
16251
16249
16250
16251
16249
16250
16267
16249
16251
16250
16251
16268
16270
16256
16257
16258
16259
16256
16257
16256
16258
16257
16258
16261
16263
16265
16263
16264
16265
16263
16264
16295
16263
16265
16264
16265
16296
16298
16270
16271
16272
16273
16270
16271
16270
16272
16995
16271
16272
16275
16996
16277
16279
16998
16277
16278
16279
16277
16278
16281
16309
16277
16279
16282
17002
16278
16279
16310
17003
16284
16312
17005
16284
16285
16286
16284
16285
18955
16284
16286
16285
16286
18956
18958
16291
16292
16293
16291
16292
16302
18962
16291
16293
16303
16292
16293
18963
16305
18965
16298
16299
16300
16301
16298
16299
16298
16300
16299
16300
16303
16305
16307
16305
16306
16307
16305
16306
16337
16305
16307
17009
16306
16307
16338
17010
16340
17012
16312
16313
16314
16315
16312
16313
18955
16312
16314
17016
16313
16314
16317
17017
18957
16319
18959
16321
17019
16319
16320
16321
16319
16320
16351
16319
16321
17023
16320
16321
16352
17024
16354
17026
16326
16327
16328
16326
16327
16326
16328
16327
16328
16333
16334
16335
16333
16334
16333
16335
16372
16334
16335
16374
16376
16340
16341
16342
16343
16340
16341
18962
16340
16342
16341
16342
16345
18964
16347
18966
16349
16347
16348
16349
16347
16348
16386
16347
16349
17051
16348
16349
16387
17052
16389
17054
16354
16355
16356
16357
16354
16355
16354
16356
17058
16355
16356
16359
17059
16361
16363
17061
16361
16362
16363
16361
16362
16361
16363
16362
16363
16368
16369
16370
16368
16369
16368
16370
17065
16369
16370
17066
17068
16375
16376
16377
16375
16376
16375
16377
16376
16377
16382
16383
16384
16382
16383
16382
16384
16383
16384
16389
16390
16391
16392
16389
16390
16389
16391
16390
16391
16394
16396
16398
16396
16397
16398
16396
16397
16396
16398
16397
16398
16403
16404
16405
16403
16404
16403
16405
17086
16404
16405
17087
17089
16410
16411
16412
16410
16411
16410
16412
17100
16411
16412
17101
17103
16417
16418
16419
16417
16418
16417
16419
16418
16419
16424
16425
16426
16424
16425
16424
16426
16425
16426
16431
16432
16433
16434
16431
16432
16431
16433
16432
16433
16437
16439
16440
16438
16439
16440
16438
16439
16456
16438
16440
16439
16440
16457
16459
16445
16446
16447
16448
16445
16446
16463
16445
16447
16446
16447
16451
16464
16453
16466
16454
16452
16453
16454
16452
16453
16452
16454
16453
16454
16459
16460
16461
16459
16460
16459
16461
16460
16461
16466
16467
16468
16466
16467
16466
16468
16467
16468
16473
16474
16475
16476
16473
16474
16473
16475
16474
16475
16478
16480
16482
16480
16481
16482
16480
16481
16480
16482
16481
16482
16487
16488
16489
16490
16487
16488
16487
16489
16488
16489
16492
16494
16496
16494
16495
16496
16494
16495
16494
16496
16495
16496
16501
16502
16503
16501
16502
16501
16503
16502
16503
16508
16509
16510
16508
16509
16508
16510
16509
16510
16515
16516
16517
16515
16516
16515
16517
16516
16517
16522
16523
16524
16522
16523
16561
16522
16524
16523
16524
16562
16564
16529
16530
16531
16529
16530
16529
16531
16530
16531
16536
16537
16538
16536
16537
16547
16536
16538
16548
17408
16537
16538
17409
16550
17411
16543
16544
16545
16543
16544
16543
16545
17429
16544
16545
17430
17432
16550
16551
16552
16550
16551
16550
16552
17436
16551
16552
17437
17439
16557
16558
16559
16557
16558
16575
16557
16559
16558
16559
16576
16578
16564
16565
16566
16567
16564
16565
16564
16566
16565
16566
16569
16571
16573
16571
16572
16573
16571
16572
16571
16573
16572
16573
16578
16579
16580
16581
16578
16579
16578
16580
16579
16580
16583
16585
16587
16585
16586
16587
16585
16586
16585
16587
16586
16587
16592
16593
16594
16592
16593
16592
16594
16603
16593
16594
16605
16607
16599
16600
16601
16599
16600
16599
16601
16600
16601
16606
16607
16608
16606
16607
16606
16608
16607
16608
16613
16614
16615
16613
16614
16613
16615
16614
16615
16620
16621
16622
16623
16620
16621
16620
16622
16625
16621
16622
16627
16629
16627
16628
16629
16627
16628
16638
16627
16629
16628
16629
16640
16642
16634
16635
16636
16634
16635
16634
16636
16635
16636
16641
16642
16643
16641
16642
16641
16643
16642
16643
16648
16649
16650
16648
16649
16652
16648
16650
16649
16650
16654
16656
16655
16656
16657
16658
16655
16656
16655
16657
16660
16656
16657
16662
16664
16662
16663
16664
16662
16663
16662
16664
16663
16664
16669
16670
16671
16669
16670
16669
16671
16670
16671
16676
16677
16678
16676
16677
16676
16678
16677
16678
16683
16684
16685
16686
16683
16684
16683
16685
16684
16685
16689
16691
16692
16690
16691
16692
16690
16691
16694
16690
16692
16695
16691
16692
16697
16697
16698
16699
16700
16697
16698
16697
16699
16698
16699
16703
16705
16706
16704
16705
16706
16704
16705
16704
16706
16705
16706
16711
16712
16713
16711
16712
16711
16713
16712
16713
16718
16719
16720
16718
16719
16757
16718
16720
16719
16720
16758
16760
16725
16726
16727
16725
16726
16785
16725
16727
16726
16727
16786
16788
16732
16733
16734
16732
16733
16732
16734
16733
16734
16739
16740
16741
16742
16739
16740
16739
16741
16744
16740
16741
16746
16748
16746
16747
16748
16749
16746
16747
16757
16746
16748
16747
16748
16751
16759
16753
16761
16755
16753
16754
16755
16753
16754
16753
16755
16754
16755
16760
16761
16762
16763
16760
16761
16760
16762
16765
16761
16762
16767
16769
16767
16768
16769
16770
16767
16768
16778
16767
16769
16768
16769
16772
16780
16774
16782
16776
16774
16775
16776
16774
16775
16792
16774
16776
16793
16775
16776
16795
16781
16782
16783
16784
16791
16781
16782
16781
16783
16786
16782
16783
16793
16788
16795
16790
16797
16788
16789
16790
16788
16789
16799
16788
16790
16789
16790
16801
16803
16795
16796
16797
16795
16796
16795
16797
16796
16797
16802
16803
16804
16805
16812
16802
16803
16802
16804
16807
16803
16804
16814
16809
16816
16811
16818
16809
16810
16811
16809
16810
16809
16811
16810
16811
16816
16817
16818
16816
16817
16816
16818
16817
16818
16823
16824
16825
16823
16824
16823
16825
16824
16825
16830
16831
16832
16830
16831
16841
16869
16830
16832
16842
17779
16831
16832
16870
17780
16844
16872
17782
16837
16838
16839
16840
16837
16838
16837
16839
16838
16839
16842
16844
16846
16844
16845
16846
16844
16845
16844
16846
16845
16846
16851
16852
16853
16854
16851
16852
16851
16853
18877
16852
16853
16856
18878
16858
16860
18880
16858
16859
16860
16858
16859
16862
16858
16860
16863
16859
16860
16865
16865
16866
16867
16865
16866
16911
16865
16867
17786
16866
16867
16912
17787
16914
17789
16872
16873
16874
16875
16872
16873
16872
16874
16873
16874
16877
16879
16881
16879
16880
16881
16879
16880
16883
16879
16881
16884
16880
16881
16886
16886
16887
16888
16889
16886
16887
16886
16888
18983
16887
16888
16892
18984
16894
16895
18986
16893
16894
16895
16893
16894
16893
16895
17821
16894
16895
17822
17824
16900
16901
16902
16903
16900
16901
16900
16902
17870
16901
16902
16906
17871
16908
16909
17873
16907
16908
16909
16907
16908
16918
16907
16909
16919
18990
16908
16909
18991
16921
18993
16914
16915
16916
16917
16914
16915
16914
16916
16915
16916
16919
16921
16923
16921
16922
16923
16921
16922
16921
16923
16922
16923
16928
16929
16930
16928
16929
16932
16928
16930
16929
16930
16934
16936
16935
16936
16937
16938
16935
16936
16935
16937
16940
16936
16937
16942
16944
16942
16943
16944
16942
16943
16946
16942
16944
16943
16944
16948
16950
16949
16950
16951
16952
16949
16950
16949
16951
16954
16950
16951
16956
16958
16956
16957
16958
16956
16957
16960
16956
16958
17919
16957
16958
16962
17920
16964
17922
16963
16964
16965
16963
16964
16963
16965
16964
16965
16970
16971
16972
16970
16971
16974
16981
16970
16972
16975
16971
16972
16982
16977
16984
16977
16978
16979
16977
16978
16988
16977
16979
16978
16979
16989
16991
16984
16985
16986
16984
16985
16988
16984
16986
16985
16986
16990
16992
16991
16992
16993
16991
16992
16991
16993
16992
16993
16998
16999
17000
17001
16998
16999
16998
17000
17002
16999
17000
17005
17006
17005
17006
17007
17005
17006
17005
17007
17016
17006
17007
17018
17020
17012
17013
17014
17012
17013
17012
17014
17013
17014
17019
17020
17021
17022
17019
17020
17019
17021
17023
17020
17021
17026
17027
17026
17027
17028
17026
17027
17030
17026
17028
17058
17027
17028
17032
17060
17034
17062
17033
17034
17035
17033
17034
17033
17035
17034
17035
17040
17041
17042
17043
17040
17041
18963
17040
17042
17044
18964
17041
17042
17047
18967
17048
17047
17048
17049
17047
17048
17051
17047
17049
17048
17049
17053
17055
17054
17055
17056
17054
17055
17054
17056
17055
17056
17061
17062
17063
17061
17062
17061
17063
17062
17063
17068
17069
17070
17071
17068
17069
17068
17070
17072
17069
17070
17075
17076
17075
17076
17077
17075
17076
17075
17077
17076
17077
17082
17083
17084
17082
17083
17082
17084
17083
17084
17089
17090
17091
17089
17090
17089
17091
17090
17091
17096
17097
17098
17096
17097
17096
17098
17097
17098
17103
17104
17105
17103
17104
17103
17105
17104
17105
17110
17111
17112
17110
17111
17110
17112
17111
17112
17117
17118
17119
17127
17117
17118
17117
17119
17118
17119
17128
17131
17132
17124
17125
17126
17127
17124
17125
17124
17126
17125
17126
17129
17131
17133
17131
17132
17133
17131
17132
17131
17133
17132
17133
17138
17139
17140
17141
17148
17138
17139
17138
17140
17142
17139
17140
17149
17145
17152
17146
17153
17145
17146
17147
17155
17145
17146
17145
17147
17146
17147
17156
17159
17160
17152
17153
17154
17155
17152
17153
17152
17154
17153
17154
17157
17159
17161
17159
17160
17161
17159
17160
17159
17161
17160
17161
17166
17167
17168
17169
17166
17167
17166
17168
17191
17167
17168
17170
17193
17173
17174
17195
17173
17174
17175
17173
17174
17173
17175
17174
17175
17180
17181
17182
17183
17180
17181
17180
17182
17181
17182
17184
17187
17188
17187
17188
17189
17187
17188
17187
17189
17188
17189
17194
17195
17196
17197
17194
17195
17194
17196
17198
17195
17196
17201
17202
17201
17202
17203
17201
17202
17201
17203
17247
17202
17203
17249
17251
17208
17209
17210
17211
17208
17209
17208
17210
17212
17209
17210
17215
17216
17215
17216
17217
17218
17215
17216
17215
17217
17216
17217
17219
17222
17223
17222
17223
17224
17222
17223
17222
17224
17223
17224
17229
17230
17231
17232
17229
17230
17229
17231
17230
17231
17233
17236
17237
17236
17237
17238
17236
17237
17236
17238
17237
17238
17243
17244
17245
17243
17244
17243
17245
17244
17245
17250
17251
17252
17253
17250
17251
17250
17252
17254
17251
17252
17257
17258
17257
17258
17259
17257
17258
17257
17259
17268
17258
17259
17270
17272
17264
17265
17266
17264
17265
17264
17266
17265
17266
17271
17272
17273
17274
17271
17272
17271
17273
17275
17272
17273
17278
17279
17278
17279
17280
17278
17279
17278
17280
17317
17279
17280
17319
17321
17285
17286
17287
17288
17285
17286
17285
17287
17286
17287
17289
17292
17293
17292
17293
17294
17292
17293
17292
17294
17293
17294
17299
17300
17301
17302
17299
17300
17299
17301
17300
17301
17303
17306
17307
17306
17307
17308
17306
17307
17306
17308
17307
17308
17313
17314
17315
17313
17314
17313
17315
17314
17315
17320
17321
17322
17323
17320
17321
17320
17322
17324
17321
17322
17327
17328
17327
17328
17329
17330
17327
17328
17327
17329
17352
17328
17329
17331
17354
17334
17335
17356
17334
17335
17336
17334
17335
17359
17334
17336
17335
17336
17360
17362
17341
17342
17343
17344
17341
17342
17341
17343
17342
17343
17345
17348
17349
17348
17349
17350
17348
17349
17394
17348
17350
17349
17350
17395
17397
17355
17356
17357
17358
17355
17356
17355
17357
17356
17357
17359
17362
17363
17362
17363
17364
17365
17362
17363
17362
17364
18115
17363
17364
17367
18116
17369
17371
18118
17369
17370
17371
17369
17370
17369
17371
18122
17370
17371
18123
18125
17376
17377
17378
17379
17376
17377
17376
17378
17377
17378
17380
17383
17384
17383
17384
17385
17383
17384
17383
17385
17384
17385
17390
17391
17392
17390
17391
17390
17392
17391
17392
17397
17398
17399
17400
17397
17398
17397
17399
17398
17399
17402
17404
17406
17404
17405
17406
17404
17405
17404
17406
18157
17405
17406
18158
18160
17411
17412
17413
17421
17411
17412
17436
17411
17413
17412
17413
17422
17438
17425
17440
17426
17418
17419
17420
17418
17419
17418
17420
17419
17420
17425
17426
17427
17425
17426
17450
17425
17427
17451
18185
17426
17427
18186
17453
18188
17432
17433
17434
17442
17432
17433
17432
17434
17433
17434
17443
17446
17447
17439
17440
17441
17449
17439
17440
17439
17441
17440
17441
17450
17453
17454
17446
17447
17448
17446
17447
17446
17448
17447
17448
17453
17454
17455
17453
17454
17453
17455
18192
17454
17455
18193
18195
17460
17461
17462
17463
17460
17461
17460
17462
17461
17462
17464
17467
17468
17467
17468
17469
17467
17468
17492
17467
17469
18304
17468
17469
17493
18305
17495
18307
17474
17475
17476
17477
17474
17475
17474
17476
17478
17475
17476
17481
17482
17481
17482
17483
17484
17481
17482
17481
17483
17506
17482
17483
17485
17508
17488
17489
17510
17488
17489
17490
17488
17489
17513
17488
17490
18353
17489
17490
17514
18354
17516
18356
17495
17496
17497
17498
17495
17496
17495
17497
17496
17497
17500
17502
17504
17502
17503
17504
17502
17503
17502
17504
17503
17504
17509
17510
17511
17512
17509
17510
17509
17511
17510
17511
17513
17516
17517
17516
17517
17518
17519
17516
17517
17516
17518
18367
17517
17518
17521
18368
17523
17525
18370
17523
17524
17525
17523
17524
17523
17525
17524
17525
17530
17531
17532
17530
17531
17530
17532
18374
17531
17532
18375
18377
17537
17538
17539
17537
17538
17537
17539
18381
17538
17539
18382
18384
17544
17545
17546
17547
17544
17545
17544
17546
17548
17545
17546
17551
17552
17551
17552
17553
17551
17552
17551
17553
17552
17553
17558
17559
17560
17558
17559
17558
17560
17559
17560
17565
17566
17567
17565
17566
17565
17567
17566
17567
17572
17573
17574
17572
17573
17572
17574
17573
17574
17579
17580
17581
17579
17580
17590
17579
17581
17646
17580
17581
17592
17648
17594
17650
17586
17587
17588
17596
17586
17587
17586
17588
17597
17587
17588
17600
17601
17593
17594
17595
17596
17593
17594
17593
17595
17598
17594
17595
17600
17602
17600
17601
17602
17600
17601
17611
17600
17602
17601
17602
17613
17615
17607
17608
17609
17617
17607
17608
17607
17609
17618
17608
17609
17621
17622
17614
17615
17616
17617
17614
17615
17614
17616
17619
17615
17616
17621
17623
17621
17622
17623
17621
17622
17625
17621
17623
17622
17623
17627
17629
17628
17629
17630
17628
17629
17628
17630
17629
17630
17635
17636
17637
17638
17635
17636
17635
17637
18423
17636
17637
17641
18424
17643
17644
18426
17642
17643
17644
17642
17643
17642
17644
17643
17644
17649
17650
17651
17652
17649
17650
17649
17651
17653
17650
17651
17656
17657
17656
17657
17658
17656
17657
17656
17658
17657
17658
17663
17664
17665
17663
17664
17663
17665
17664
17665
17670
17671
17672
17670
17671
17670
17672
17671
17672
17677
17678
17679
17677
17678
17677
17679
18444
17678
17679
18445
18447
17684
17685
17686
17687
17684
17685
17684
17686
17685
17686
17690
17692
17693
17691
17692
17693
17691
17692
17691
17693
18472
17692
17693
18473
18475
17698
17699
17700
17701
17698
17699
17698
17700
17703
17699
17700
17705
17707
17705
17706
17707
17705
17706
17705
17707
17730
17706
17707
17732
17734
17712
17713
17714
17722
17712
17713
17712
17714
17723
17713
17714
17726
17727
17719
17720
17721
17722
17719
17720
17719
17721
17724
17720
17721
17726
17728
17726
17727
17728
17726
17727
17726
17728
17727
17728
17733
17734
17735
17733
17734
17733
17735
17734
17735
17740
17741
17742
17743
17740
17741
17740
17742
17741
17742
17744
17747
17748
17747
17748
17749
17750
17747
17748
17747
17749
17748
17749
17752
17754
17756
17754
17755
17756
17754
17755
17754
17756
17755
17756
17761
17762
17763
17764
17761
17762
17761
17763
17762
17763
17766
17768
17770
17768
17769
17770
17768
17769
17768
17770
17769
17770
17775
17776
17777
19024
17775
17776
17775
17777
19025
17776
17777
19028
19029
17782
17783
17784
17782
17783
17782
17784
17783
17784
17789
17790
17791
17789
17790
17789
17791
17790
17791
17796
17797
17798
18940
17796
17797
18941
19026
17796
17798
17797
17798
19027
18944
18945
19030
17803
17804
17805
18947
17803
17804
18949
17803
17805
17804
17805
18951
18953
17810
17811
17812
18947
18975
17810
17811
18950
17810
17812
18977
17811
17812
18952
18979
18953
18981
17817
17818
17819
18975
17817
17818
17828
17817
17819
17829
18978
17818
17819
17831
18980
18981
17824
17825
17826
17834
18982
17824
17825
17842
17824
17826
18984
17825
17826
17835
17844
18986
17838
17846
17839
18988
17831
17832
17833
17834
18982
17831
17832
18985
17831
17833
17832
17833
17837
18987
17839
18988
17840
17838
17839
17840
17838
17839
17838
17840
17839
17840
17845
17846
17847
17845
17846
17845
17847
17846
17847
17852
17853
17854
17852
17853
17852
17854
17853
17854
17859
17860
17861
17859
17860
17870
17859
17861
17860
17861
17872
17874
17866
17867
17868
17866
17867
17866
17868
17867
17868
17873
17874
17875
17876
18989
17873
17874
17873
17875
18991
17874
17875
17877
18993
17880
17881
18995
17880
17881
17882
17883
17880
17881
17880
17882
17881
17882
17886
17888
17889
17887
17888
17889
18989
17887
17888
17905
18992
17887
17889
17906
17888
17889
17908
18994
18995
17894
17895
17896
18996
17894
17895
18998
17894
17896
17895
17896
19000
19002
17901
17902
17903
18996
19003
17901
17902
18999
17901
17903
19005
17902
17903
19001
19007
19002
19009
17908
17909
17910
19003
17908
17909
17908
17910
19006
17909
17910
19008
19009
17915
17916
17917
17915
17916
17926
17940
17915
17917
17927
17916
17917
17941
17929
17943
17922
17923
17924
17922
17923
17922
17924
17923
17924
17929
17930
17931
17929
17930
17947
17929
17931
17930
17931
17948
17950
17936
17937
17938
17939
17936
17937
17936
17938
17937
17938
17940
17943
17944
17943
17944
17945
17943
17944
17947
17943
17945
17944
17945
17949
17951
17950
17951
17952
17950
17951
17950
17952
17951
17952
17957
17958
17959
17960
17957
17958
17968
17957
17959
17958
17959
17961
17970
17964
17972
17965
17964
17965
17966
17964
17965
17975
17964
17966
17976
17965
17966
17978
17971
17972
17973
17974
17971
17972
17971
17973
17972
17973
17975
17978
17979
17978
17979
17980
17978
17979
17978
17980
17979
17980
17985
17986
17987
17985
17986
17985
17987
17986
17987
17992
17993
17994
17992
17993
17992
17994
17993
17994
17999
18000
18001
17999
18000
17999
18001
18017
18000
18001
18019
18021
18006
18007
18008
18006
18007
18006
18008
18577
18007
18008
18578
18580
18013
18014
18015
18013
18014
18013
18015
18014
18015
18020
18021
18022
18023
18020
18021
18020
18022
18024
18021
18022
18027
18028
18027
18028
18029
18027
18028
18027
18029
18028
18029
18034
18035
18036
18034
18035
18034
18036
18035
18036
18041
18042
18043
18041
18042
18041
18043
18042
18043
18048
18049
18050
18048
18049
18048
18050
18640
18049
18050
18641
18643
18055
18056
18057
18058
18055
18056
18055
18057
18059
18056
18057
18062
18063
18062
18063
18064
18062
18063
18062
18064
18080
18063
18064
18082
18084
18069
18070
18071
18069
18070
18069
18071
18070
18071
18076
18077
18078
18076
18077
18076
18078
18077
18078
18083
18084
18085
18083
18084
18083
18085
18084
18085
18090
18091
18092
18093
18090
18091
18090
18092
18094
18091
18092
18097
18098
18097
18098
18099
18097
18098
18097
18099
18098
18099
18104
18105
18106
18104
18105
18104
18106
18105
18106
18111
18112
18113
18111
18112
18111
18113
18112
18113
18118
18119
18120
18121
18118
18119
18118
18120
18122
18119
18120
18125
18126
18125
18126
18127
18125
18126
18125
18127
18126
18127
18132
18133
18134
18132
18133
18132
18134
18133
18134
18139
18140
18141
18139
18140
18139
18141
18140
18141
18146
18147
18148
18146
18147
18146
18148
18147
18148
18153
18154
18155
18153
18154
18153
18155
18154
18155
18160
18161
18162
18160
18161
18160
18162
18161
18162
18167
18168
18169
18170
18167
18168
18167
18169
18168
18169
18172
18174
18176
18174
18175
18176
18174
18175
18178
18227
18174
18176
18179
18175
18176
18228
18181
18230
18181
18182
18183
18181
18182
18241
18181
18183
18182
18183
18242
18244
18188
18189
18190
18188
18189
18192
18188
18190
18189
18190
18194
18196
18195
18196
18197
18195
18196
18195
18197
18196
18197
18202
18203
18204
18202
18203
18213
18262
18202
18204
18214
18203
18204
18263
18216
18265
18209
18210
18211
18212
18209
18210
18209
18211
18210
18211
18214
18216
18218
18216
18217
18218
18216
18217
18290
18216
18218
18217
18218
18291
18293
18223
18224
18225
18223
18224
18223
18225
18224
18225
18230
18231
18232
18233
18230
18231
18241
18230
18232
18231
18232
18235
18243
18237
18245
18239
18237
18238
18239
18237
18238
18248
18311
18237
18239
18249
18238
18239
18312
18251
18314
18244
18245
18246
18247
18244
18245
18244
18246
18245
18246
18249
18251
18253
18251
18252
18253
18254
18251
18252
18318
18251
18253
18252
18253
18257
18319
18259
18321
18260
18258
18259
18260
18258
18259
18258
18260
18259
18260
18265
18266
18267
18275
18265
18266
18290
18265
18267
18266
18267
18277
18292
18279
18294
18281
18272
18273
18274
18275
18272
18273
18272
18274
18273
18274
18278
18280
18281
18279
18280
18281
18279
18280
18297
18332
18279
18281
18298
18280
18281
18333
18300
18335
18286
18287
18288
18286
18287
18286
18288
18346
18287
18288
18348
18350
18293
18294
18295
18296
18293
18294
18293
18295
18294
18295
18298
18300
18302
18300
18301
18302
18300
18301
18360
18300
18302
18301
18302
18361
18363
18307
18308
18309
18307
18308
18307
18309
18308
18309
18314
18315
18316
18314
18315
18318
18314
18316
18315
18316
18320
18322
18321
18322
18323
18324
18321
18322
18321
18323
18322
18323
18326
18328
18330
18328
18329
18330
18328
18329
18898
18328
18330
18329
18330
18899
18901
18335
18336
18337
18338
18335
18336
18360
18335
18337
18336
18337
18340
18362
18342
18364
18344
18342
18343
18344
18342
18343
18905
18342
18344
18343
18344
18906
18908
18349
18350
18351
18352
18349
18350
18349
18351
18353
18350
18351
18356
18357
18356
18357
18358
18356
18357
18356
18358
18367
18357
18358
18369
18371
18363
18364
18365
18363
18364
18363
18365
18364
18365
18370
18371
18372
18370
18371
18370
18372
18371
18372
18377
18378
18379
18377
18378
18377
18379
18378
18379
18384
18385
18386
18384
18385
18384
18386
18385
18386
18391
18392
18393
18394
18391
18392
18391
18393
18392
18393
18395
18398
18399
18398
18399
18400
18398
18399
18430
18398
18400
18399
18400
18431
18433
18405
18406
18407
18408
18405
18406
18405
18407
18444
18406
18407
18409
18446
18412
18413
18448
18412
18413
18414
18412
18413
18451
18412
18414
18413
18414
18452
18454
18419
18420
18421
18419
18420
18419
18421
18420
18421
18426
18427
18428
18426
18427
18426
18428
18427
18428
18433
18434
18435
18436
18433
18434
18433
18435
18434
18435
18438
18440
18442
18440
18441
18442
18440
18441
18912
18440
18442
18441
18442
18913
18915
18447
18448
18449
18450
18447
18448
18447
18449
18448
18449
18451
18454
18455
18454
18455
18456
18457
18454
18455
18454
18456
18455
18456
18459
18461
18463
18461
18462
18463
18461
18462
18919
18461
18463
18462
18463
18920
18922
18468
18469
18470
18471
18468
18469
18468
18470
18472
18469
18470
18475
18476
18475
18476
18477
18475
18476
18475
18477
18476
18477
18482
18483
18484
18482
18483
18482
18484
18483
18484
18489
18490
18491
18489
18490
18489
18491
18490
18491
18496
18497
18498
18499
18496
18497
18496
18498
18497
18498
18502
18504
18505
18503
18504
18505
18503
18504
18503
18505
18504
18505
18510
18511
18512
18510
18511
18514
18510
18512
18511
18512
18516
18518
18517
18518
18519
18517
18518
18517
18519
18518
18519
18524
18525
18526
18527
18524
18525
18524
18526
18525
18526
18530
18532
18533
18531
18532
18533
18531
18532
18531
18533
18532
18533
18538
18539
18540
18538
18539
18538
18540
18539
18540
18545
18546
18547
18545
18546
18545
18547
18546
18547
18552
18553
18554
18552
18553
18552
18554
18553
18554
18559
18560
18561
18562
18559
18560
18559
18561
18560
18561
18564
18566
18568
18566
18567
18568
18569
18566
18567
18605
18566
18568
18567
18568
18572
18606
18574
18608
18575
18573
18574
18575
18573
18574
18591
18573
18575
18592
18574
18575
18594
18580
18581
18582
18583
18580
18581
18580
18582
18581
18582
18584
18587
18588
18587
18588
18589
18597
18587
18588
18587
18589
18588
18589
18599
18601
18603
18594
18595
18596
18597
18594
18595
18594
18596
18595
18596
18600
18602
18603
18601
18602
18603
18601
18602
18619
18601
18603
18602
18603
18620
18622
18608
18609
18610
18611
18608
18609
18608
18610
18609
18610
18613
18615
18617
18615
18616
18617
18615
18616
18615
18617
18616
18617
18622
18623
18624
18625
18622
18623
18622
18624
18623
18624
18627
18629
18631
18629
18630
18631
18629
18630
18629
18631
18630
18631
18636
18637
18638
18636
18637
18647
18636
18638
18637
18638
18649
18651
18643
18644
18645
18643
18644
18643
18645
18644
18645
18650
18651
18652
18650
18651
18650
18652
18651
18652
18657
18658
18659
18657
18658
18661
18657
18659
18668
18658
18659
18663
18670
18665
18672
18664
18665
18666
18664
18665
18664
18666
18665
18666
18671
18672
18673
19010
18671
18672
18671
18673
19011
18672
18673
19014
19015
18678
18679
18680
19010
18678
18679
18678
18680
19012
18679
18680
19014
19016
18685
18686
18687
18695
18685
18686
18685
18687
18696
18686
18687
18699
18700
18692
18693
18694
18695
18692
18693
19011
18692
18694
18697
18693
18694
19013
18699
19015
18701
18699
18700
18701
18699
18700
18699
18701
18724
18700
18701
18726
18728
18706
18707
18708
18716
18706
18707
19012
18706
18708
18717
18707
18708
19013
18720
19016
18721
18713
18714
18715
18716
18713
18714
18713
18715
18718
18714
18715
18720
18722
18720
18721
18722
18720
18721
18731
18720
18722
18752
18721
18722
18733
18754
18735
18756
18727
18728
18729
18737
18727
18728
18727
18729
18738
18728
18729
18741
18742
18734
18735
18736
18737
18734
18735
18734
18736
18739
18735
18736
18741
18743
18741
18742
18743
18741
18742
18741
18743
18766
18742
18743
18768
18770
18748
18749
18750
18748
18749
18759
18748
18750
18787
18749
18750
18761
18789
18763
18791
18755
18756
18757
18755
18756
18755
18757
18756
18757
18762
18763
18764
18762
18763
18762
18764
18763
18764
18769
18770
18771
18772
18769
18770
18769
18771
18773
18770
18771
18776
18777
18776
18777
18778
18776
18777
18780
18776
18778
18777
18778
18782
18784
18783
18784
18785
18783
18784
18783
18785
18784
18785
18790
18791
18792
18790
18791
18790
18792
18791
18792
18797
18798
18799
18797
18798
18797
18799
18798
18799
18804
18805
18806
18804
18805
18804
18806
18822
18805
18806
18824
18826
18811
18812
18813
18811
18812
18811
18813
18812
18813
18818
18819
18820
18818
18819
18818
18820
18819
18820
18825
18826
18827
18825
18826
18825
18827
18826
18827
18832
18833
18834
18835
18832
18833
18832
18834
18836
18833
18834
18839
18840
18839
18840
18841
18839
18840
18843
18839
18841
18840
18841
18845
18847
18846
18847
18848
18846
18847
18846
18848
18847
18848
18852
18853
18852
18854
18853
18854
18855
18855
18855
18859
18860
18859
18861
18860
18861
18862
18862
18862
18866
18867
18866
18869
18867
18869
18868
18868
18869
18873
18874
18873
18875
18874
18875
18876
18876
18876
18880
18881
18880
18882
18881
18882
18883
18883
18883
18887
18888
18887
18889
18888
18889
18890
18890
18890
18894
18895
18894
18896
18895
18896
18897
18897
18897
18901
18902
18901
18903
18902
18903
18904
18904
18904
18908
18909
18908
18910
18909
18910
18911
18911
18911
18915
18916
18915
18917
18916
18917
18918
18918
18918
18922
18923
18922
18924
18923
18924
18925
18925
18925
18928
18930
18928
18931
18932
18934
18930
18931
18932
18936
18932
18938
18935
18937
18935
18938
18939
18937
18938
18939
18939
18944
18945
18946
18944
18945
18944
18946
18945
18946
18951
18952
18953
18951
18952
18951
18953
18952
18953
18958
18959
18960
18958
18959
18958
18960
18959
18960
18965
18966
18967
18965
18966
18965
18967
18966
18967
18972
18973
18974
18972
18973
18972
18974
18973
18974
18979
18980
18981
18979
18980
18979
18981
18980
18981
18986
18987
18988
18986
18987
18986
18988
18987
18988
18993
18994
18995
18993
18994
18993
18995
18994
18995
19000
19001
19002
19000
19001
19000
19002
19001
19002
19007
19008
19009
19007
19008
19007
19009
19008
19009
19014
19015
19016
19014
19015
19014
19016
19015
19016
19021
19022
19023
19021
19022
19021
19023
19022
19023
19028
19029
19030
19028
19029
19028
19030
19029
19030
)


// ************************************************************************* //
