/*--------------------------------*- C++ -*----------------------------------*\
  =========                 |
  \\      /  F ield         | OpenFOAM: The Open Source CFD Toolbox
   \\    /   O peration     | Website:  https://openfoam.org
    \\  /    A nd           | Version:  13
     \\/     M anipulation  |
\*---------------------------------------------------------------------------*/
FoamFile
{
    format      ascii;
    class       labelList;
    note        "nPoints:24040  nCells:19031  nFaces:60614  nInternalFaces:52720";
    location    "constant/polyMesh";
    object      owner;
}
// * * * * * * * * * * * * * * * * * * * * * * * * * * * * * * * * * * * * * //


60614
(
0
0
0
0
1
1
1
1
2
2
2
2
2
3
3
3
4
4
4
4
4
5
5
5
5
5
6
6
6
6
6
6
7
7
7
8
8
8
8
8
8
9
9
9
9
9
9
10
10
10
11
11
11
11
11
11
12
12
12
12
12
12
13
13
13
13
13
14
14
14
14
15
15
15
15
15
16
16
16
17
17
17
18
18
18
18
18
19
19
19
19
20
20
20
20
20
21
21
21
22
22
22
22
22
23
23
23
23
23
24
24
24
24
24
24
25
25
25
25
26
26
26
26
27
27
27
27
27
27
28
28
28
28
28
28
29
29
29
29
29
29
30
30
30
30
30
30
31
31
31
31
32
32
32
32
32
32
32
32
32
33
33
33
33
33
33
33
33
33
33
33
33
34
34
34
34
34
34
35
35
35
35
35
35
35
35
35
36
36
36
36
36
36
36
36
36
36
36
36
37
37
37
37
38
38
38
38
38
38
39
39
39
39
39
39
39
39
39
40
40
40
40
40
40
40
40
40
41
41
41
41
41
41
42
42
42
42
42
42
42
42
42
42
42
42
42
42
42
43
43
43
43
43
43
43
43
43
43
43
43
43
43
43
44
44
44
44
44
44
44
44
44
44
44
44
44
44
44
45
45
45
45
45
45
46
46
46
46
46
46
46
46
46
46
46
46
47
47
47
47
47
47
48
48
48
49
49
49
49
49
50
50
50
50
50
51
51
51
51
51
52
52
52
52
52
53
53
53
53
53
54
54
54
54
54
55
55
55
55
55
56
56
56
56
56
57
57
57
57
57
58
58
58
58
58
58
59
59
59
59
59
60
60
60
60
60
61
61
61
61
61
62
62
62
62
62
63
63
63
64
64
64
64
65
65
65
65
66
66
66
66
66
66
67
67
67
67
68
68
68
68
68
68
69
69
69
69
70
70
70
70
70
71
71
71
71
72
72
72
72
72
72
73
73
73
73
74
74
74
74
75
75
75
75
75
75
76
76
76
76
76
77
77
77
77
77
77
78
78
78
78
78
78
79
79
79
79
79
79
80
80
80
80
80
80
81
81
81
82
82
82
82
82
82
83
83
83
83
83
83
83
83
83
83
83
83
83
83
83
83
83
83
84
84
84
84
84
85
85
85
85
85
85
86
86
86
86
86
86
87
87
87
87
87
87
87
87
87
87
87
87
87
87
87
88
88
88
88
88
88
89
89
89
89
89
89
89
89
89
89
89
89
89
89
89
90
90
90
90
90
90
91
91
91
91
91
91
92
92
92
92
92
92
93
93
93
93
93
93
93
93
93
93
93
93
93
93
93
94
94
94
94
94
95
95
95
95
96
96
96
96
96
96
96
96
96
96
96
96
96
96
96
97
97
97
97
98
98
98
98
98
98
98
98
98
98
98
98
98
98
98
99
99
99
99
99
99
99
99
99
99
99
99
99
99
99
100
100
100
101
101
101
101
101
101
102
102
102
102
102
102
103
103
103
103
103
103
103
103
103
103
103
103
104
104
104
104
104
104
105
105
105
105
105
105
105
105
105
105
105
105
105
105
105
106
106
106
106
106
106
107
107
107
107
107
107
107
107
107
108
108
108
108
108
108
109
109
109
109
109
109
109
109
109
109
109
109
110
110
110
110
110
110
111
111
111
111
111
111
111
111
111
112
112
112
112
112
112
112
112
112
112
112
112
112
112
112
113
113
113
113
114
114
114
114
114
114
115
115
115
115
115
115
116
116
116
116
116
116
116
116
116
117
117
117
117
117
117
117
117
117
118
118
118
118
118
119
119
119
119
119
119
120
120
120
120
120
120
121
121
121
121
121
121
122
122
122
122
122
122
122
122
122
123
123
123
123
123
123
124
124
124
124
124
124
125
125
125
125
125
125
125
125
125
126
126
126
126
126
126
127
127
127
127
127
127
128
128
128
128
128
128
128
128
128
128
128
128
129
129
129
129
129
129
130
130
130
130
130
130
131
131
131
131
131
131
131
131
131
132
132
132
132
132
132
133
133
133
133
133
133
133
133
133
134
134
134
134
134
134
135
135
135
135
135
135
136
136
136
136
136
136
136
136
136
137
137
137
137
137
137
138
138
138
138
138
138
139
139
139
139
139
139
140
140
140
140
140
140
141
141
141
141
141
142
142
142
142
142
142
143
143
143
143
143
143
144
144
144
144
144
144
145
145
145
145
145
145
146
146
146
146
146
146
147
147
147
147
147
147
147
147
147
148
148
148
148
149
149
149
149
149
150
150
150
150
150
150
150
150
150
151
151
151
151
151
151
152
152
152
152
152
152
153
153
153
153
153
153
154
154
154
154
154
154
154
154
154
154
154
154
154
154
154
155
155
155
155
155
155
156
156
156
156
156
156
156
156
156
156
156
156
157
157
157
157
157
157
157
157
157
158
158
158
158
158
158
159
159
159
159
159
160
160
160
160
160
160
161
161
161
161
161
161
162
162
162
162
162
162
163
163
163
164
164
164
164
164
164
164
164
164
164
164
164
164
164
164
165
165
165
165
165
165
165
165
165
165
165
165
166
166
166
166
166
166
167
167
167
167
167
167
168
168
168
168
168
168
169
169
169
169
169
169
169
169
169
170
170
170
170
170
170
170
170
170
171
171
171
171
171
171
171
171
171
171
171
171
171
171
171
172
172
172
172
172
172
173
173
173
173
173
173
174
174
174
175
175
175
175
175
175
176
176
176
176
176
176
176
176
176
176
176
176
177
177
177
177
177
177
177
177
177
178
178
178
178
178
178
178
178
178
179
179
179
179
179
179
179
179
179
180
180
180
180
180
180
181
181
181
181
181
181
182
182
182
182
182
182
183
183
183
183
183
183
184
184
184
184
184
184
185
185
185
185
185
185
186
186
186
186
186
186
187
187
187
187
187
187
188
188
188
188
188
188
189
189
189
189
189
189
189
189
189
190
190
190
190
190
191
191
191
191
191
191
192
192
192
192
192
193
193
193
193
193
193
194
194
194
194
194
194
194
194
194
194
194
194
195
195
195
195
195
195
195
195
195
196
196
196
196
196
196
197
197
197
197
197
197
198
198
198
198
198
198
199
199
199
199
199
199
199
199
199
200
200
200
200
200
200
201
201
201
201
201
201
202
202
202
203
203
203
203
203
203
204
204
204
204
204
204
205
205
205
205
205
205
206
206
206
206
206
206
206
206
206
206
206
206
207
207
207
207
207
207
208
208
208
208
208
208
209
209
209
209
209
209
210
210
210
210
210
211
211
211
211
211
211
212
212
212
212
213
213
213
213
213
213
214
214
214
214
214
215
215
215
215
215
215
215
215
215
215
215
215
215
215
215
216
216
216
216
216
216
217
217
217
217
217
217
217
217
217
217
217
217
218
218
218
218
218
219
219
219
219
219
219
220
220
220
220
220
220
221
221
221
222
222
222
222
222
222
223
223
223
223
224
224
224
224
224
225
225
225
225
225
226
226
226
227
227
227
228
228
228
228
228
228
229
229
229
229
229
229
230
230
230
230
230
230
231
231
231
231
231
231
232
232
232
232
232
232
233
233
233
234
234
234
234
234
234
235
235
235
235
235
235
236
236
236
236
237
237
237
237
237
237
237
237
237
237
237
237
237
237
237
238
238
238
238
238
239
239
239
239
239
239
240
240
240
240
240
240
241
241
241
241
241
242
242
242
242
242
242
242
242
242
243
243
243
243
243
243
244
244
244
244
244
244
244
244
244
244
244
244
244
244
244
245
245
245
245
245
245
245
245
245
245
245
245
246
246
246
246
246
247
247
247
247
247
247
247
247
247
248
248
248
248
248
248
249
249
249
249
249
249
249
249
249
249
249
249
250
250
250
250
250
250
250
250
250
250
250
250
251
251
251
251
252
252
252
252
252
252
252
252
252
252
252
252
253
253
253
253
253
253
253
253
253
253
253
253
254
254
254
255
255
255
255
255
255
256
256
256
256
256
256
256
256
256
257
257
257
257
257
257
258
258
258
258
258
258
258
258
258
258
258
258
259
259
259
259
259
259
259
259
259
260
260
260
260
260
260
261
261
261
261
261
261
261
261
261
261
261
261
261
261
261
262
262
262
262
262
262
262
262
262
263
263
263
263
263
263
264
264
264
264
264
264
264
264
264
264
264
264
264
264
264
265
265
265
265
265
265
265
265
265
266
266
266
266
266
266
266
266
266
267
267
267
267
267
267
267
267
267
268
268
268
268
268
268
268
268
268
269
269
269
269
269
269
269
269
269
270
270
270
270
270
270
271
271
271
271
271
271
272
272
272
272
272
272
272
272
272
273
273
273
273
273
273
274
274
274
274
274
274
275
275
275
275
275
275
276
276
276
276
276
276
276
276
276
276
276
276
277
277
277
277
277
277
278
278
278
278
278
278
279
279
279
279
279
279
279
279
279
280
280
280
280
280
280
281
281
281
281
281
281
282
282
282
282
282
282
283
283
283
283
283
283
283
283
283
283
283
283
284
284
284
284
284
285
285
285
285
285
285
286
286
286
286
286
286
287
287
287
287
287
287
288
288
288
288
288
288
289
289
289
289
289
289
290
290
290
290
290
290
290
290
290
290
290
290
290
290
290
291
291
291
292
292
292
292
292
292
292
292
292
293
293
293
293
293
293
294
294
294
294
294
294
295
295
295
295
295
295
296
296
296
296
296
296
297
297
297
297
297
297
297
297
297
297
297
297
297
297
297
298
298
298
298
298
298
299
299
299
299
299
299
300
300
300
300
300
300
301
301
301
301
301
301
302
302
302
302
302
302
303
303
303
303
303
303
304
304
304
304
304
304
305
305
305
305
305
305
306
306
306
306
306
306
306
306
306
307
307
307
307
307
308
308
308
308
308
308
309
309
309
309
310
310
310
310
310
310
310
310
310
310
310
310
311
311
311
311
311
311
312
312
312
312
312
312
313
313
313
313
313
313
314
314
314
314
314
314
315
315
315
315
316
316
316
316
316
316
316
316
316
317
317
317
317
317
317
318
318
318
318
318
318
319
319
319
319
319
319
320
320
320
320
320
320
321
321
321
322
322
322
322
322
322
322
322
322
323
323
323
323
323
323
324
324
324
324
324
324
324
324
324
325
325
325
325
325
325
326
326
326
326
326
326
327
327
327
327
327
328
328
328
328
328
328
329
329
329
329
329
329
329
329
329
329
329
329
329
329
329
330
330
330
330
330
330
330
330
330
330
330
330
331
331
331
331
331
331
331
331
331
331
331
331
332
332
332
332
332
332
332
332
332
332
332
332
333
333
333
333
333
333
334
334
334
334
334
334
335
335
335
335
336
336
336
336
337
337
337
338
338
338
338
338
338
339
339
339
340
340
340
340
341
341
341
341
341
341
342
342
342
343
343
343
343
343
344
344
344
344
344
344
345
345
345
345
345
345
346
346
346
346
346
347
347
347
347
347
347
347
347
347
347
347
347
348
348
348
348
348
348
349
349
349
349
349
349
350
350
350
350
350
350
351
351
351
351
351
351
351
351
351
351
351
351
351
351
351
352
352
352
352
352
353
353
353
353
353
354
354
354
354
354
355
355
355
355
355
355
356
356
356
356
357
357
357
357
357
358
358
358
358
359
359
359
359
359
360
360
360
360
360
361
361
361
361
361
362
362
362
363
363
363
363
363
364
364
364
364
364
365
365
365
365
365
366
366
366
366
366
367
367
367
367
367
368
368
368
369
369
369
369
369
370
370
370
370
370
371
371
371
371
371
371
372
372
372
372
372
373
373
373
373
373
374
374
374
374
374
375
375
375
375
375
375
376
376
376
376
376
376
377
377
377
377
377
377
378
378
378
378
378
379
379
379
379
379
380
380
380
380
380
380
381
381
381
381
381
381
382
382
382
382
382
382
383
383
383
383
383
384
384
384
384
384
384
385
385
385
385
385
385
386
386
386
386
386
386
387
387
387
387
387
387
388
388
388
388
388
389
389
389
389
389
389
390
390
390
390
390
390
391
391
391
391
391
391
392
392
392
392
392
392
393
393
393
393
394
394
394
394
394
394
395
395
395
395
395
395
395
395
395
395
395
395
395
395
395
396
396
396
396
396
396
396
396
396
397
397
397
397
397
397
398
398
398
398
399
399
399
399
400
400
400
401
401
401
401
401
401
402
402
402
402
402
402
402
402
402
403
403
403
403
403
403
403
403
403
404
404
404
404
404
404
404
404
404
404
404
404
405
405
405
405
406
406
406
406
406
407
407
407
407
407
407
408
408
408
408
408
408
408
408
408
409
409
409
409
409
409
409
409
409
410
410
410
410
410
410
410
410
410
410
410
410
411
411
411
411
411
412
412
412
412
412
412
413
413
413
413
413
413
414
414
414
414
414
414
415
415
415
415
415
415
415
415
415
415
415
415
415
415
415
415
415
415
416
416
416
416
416
416
417
417
417
417
417
417
418
418
418
418
418
418
419
419
419
419
419
419
420
420
420
420
420
420
421
421
421
421
421
421
422
422
422
422
422
422
423
423
423
423
423
424
424
424
424
424
425
425
425
425
425
425
426
426
426
426
426
426
427
427
427
427
427
428
428
428
428
429
429
429
429
429
429
430
430
430
431
431
431
431
431
431
432
432
432
433
433
433
433
433
434
434
434
435
435
435
436
436
436
437
437
437
437
438
438
439
439
439
439
440
440
440
440
441
441
441
441
442
442
442
442
443
443
443
443
443
444
445
445
445
446
446
446
447
447
448
448
448
449
449
450
450
450
450
451
452
452
452
453
453
453
454
454
454
455
455
455
455
455
456
456
456
456
457
457
457
457
457
458
458
459
459
459
459
460
460
460
460
461
461
461
461
461
461
462
462
463
463
463
463
464
464
464
464
464
465
465
465
465
465
465
466
467
467
467
467
467
468
468
468
469
469
469
470
470
470
471
471
471
471
471
471
472
472
473
473
473
473
474
474
474
474
474
475
475
475
475
475
475
476
476
477
477
477
477
477
478
478
478
478
478
479
479
479
479
479
479
480
480
481
481
481
481
481
482
482
482
483
483
483
483
483
484
484
484
484
484
485
485
485
485
485
485
485
485
485
485
485
485
485
485
485
485
485
485
486
486
487
487
487
488
488
488
488
489
489
489
489
489
490
490
490
490
490
490
491
491
491
491
492
492
493
493
493
493
493
494
494
494
494
494
495
495
495
495
495
495
496
496
496
497
497
497
498
498
498
499
499
499
499
499
500
500
500
500
500
500
500
500
500
500
500
500
500
500
500
500
500
501
501
501
501
501
501
502
502
502
503
503
503
503
503
504
504
504
504
504
505
505
505
505
505
505
506
506
506
507
507
507
507
507
507
507
507
507
507
507
507
507
507
507
508
508
508
508
508
508
508
508
508
508
508
508
508
509
509
509
509
509
510
510
510
510
510
510
511
511
511
512
512
512
512
512
513
513
513
513
513
514
514
514
514
514
514
515
515
516
516
516
517
517
517
517
517
518
518
518
518
518
519
519
519
519
519
519
520
520
520
521
521
521
521
521
521
521
521
521
521
521
521
522
522
522
522
522
522
522
522
522
522
522
522
522
522
522
522
523
523
523
523
523
524
524
524
524
524
524
525
525
525
526
526
526
526
526
527
527
527
527
527
528
528
528
529
529
529
529
529
530
530
530
531
531
531
531
532
532
532
533
533
533
533
533
534
534
534
535
535
535
535
536
536
536
537
537
537
537
537
538
538
538
539
539
539
539
540
540
540
541
541
541
541
541
542
542
542
543
543
543
544
544
544
545
545
545
545
546
546
546
546
547
548
548
549
549
549
549
550
550
550
550
551
551
551
551
552
552
552
552
553
553
553
553
554
554
554
555
555
555
556
556
556
556
556
557
557
557
557
557
558
558
558
558
558
559
559
560
560
560
560
561
561
561
562
562
562
562
562
563
563
563
563
563
564
564
564
564
564
565
565
566
566
566
567
567
567
567
568
568
568
568
568
569
569
569
569
569
569
570
570
571
571
571
572
572
572
573
573
573
573
574
574
574
574
574
575
575
575
575
575
576
576
577
577
577
577
577
578
578
578
579
579
579
579
579
579
580
581
581
581
581
582
582
582
583
583
583
583
583
584
584
584
585
585
585
586
586
586
586
586
587
587
587
588
588
588
589
589
589
589
589
590
590
590
590
590
590
591
592
592
593
593
593
593
593
594
594
594
595
595
595
595
596
596
596
596
596
596
597
597
598
598
598
599
599
599
599
599
600
600
600
601
601
601
601
601
602
602
602
602
602
603
603
603
603
603
603
604
604
604
605
605
605
606
606
606
606
606
607
607
607
608
608
608
608
608
609
609
609
609
609
610
610
610
610
610
610
611
611
611
612
612
612
613
613
613
613
613
614
614
614
615
615
615
615
615
616
616
616
616
616
617
617
617
617
617
617
618
618
618
619
619
619
620
620
620
620
621
621
621
622
622
622
622
623
623
623
623
623
623
623
623
623
623
623
623
623
623
623
623
623
623
623
623
624
624
624
624
624
624
625
625
625
625
626
626
626
626
626
627
627
627
628
628
628
629
629
629
629
629
630
630
630
631
631
631
631
631
632
632
632
632
632
633
633
633
633
633
633
633
633
633
633
633
633
633
633
633
633
633
633
633
633
633
634
634
634
635
635
635
636
636
636
636
636
637
637
637
638
638
638
638
639
639
639
639
639
640
640
640
640
640
640
641
641
641
642
642
642
643
643
643
643
643
644
644
644
644
644
644
644
644
644
644
644
644
645
645
645
645
645
646
646
646
646
646
646
646
646
646
646
647
647
647
647
647
647
647
647
647
647
647
647
647
647
647
647
647
648
648
649
649
650
650
650
650
650
651
651
652
652
652
652
653
653
653
653
654
654
654
654
654
654
655
655
655
656
656
656
657
657
657
657
657
658
658
658
659
659
659
659
659
659
659
659
659
659
659
659
659
659
660
660
660
660
660
660
660
660
660
660
660
660
660
660
660
660
660
661
661
661
661
661
661
661
661
661
661
662
662
663
663
663
664
664
664
664
664
665
666
666
666
666
666
667
667
667
667
667
668
668
668
669
669
669
670
670
670
670
670
670
670
670
670
670
670
670
671
671
671
671
671
671
671
671
671
671
672
672
672
672
672
673
673
673
673
673
673
673
673
673
673
673
673
673
673
673
673
673
674
674
674
675
675
675
675
675
676
676
677
677
677
677
677
678
678
678
678
678
678
679
679
679
680
680
680
681
681
681
681
681
681
681
681
681
682
682
682
682
682
682
682
682
682
682
682
682
682
683
683
683
683
683
683
683
683
683
683
683
683
683
683
683
683
684
684
684
684
684
684
685
685
685
686
686
686
686
687
687
688
688
688
689
689
689
689
689
690
690
690
691
691
691
691
691
691
692
692
692
693
693
693
693
693
694
694
694
694
694
695
695
695
695
695
695
696
696
696
697
697
697
697
697
698
698
698
698
698
699
699
699
701
701
701
701
701
702
702
702
702
702
702
703
703
703
704
704
704
704
704
705
705
705
705
706
706
706
706
706
707
707
707
707
708
708
708
708
708
708
709
709
709
710
710
710
710
710
711
711
711
711
711
712
712
712
712
712
712
713
713
713
714
714
714
715
715
715
715
715
716
716
716
716
716
716
717
717
717
717
718
718
718
718
718
719
719
720
720
720
720
720
721
721
721
721
721
722
722
722
722
722
722
723
723
723
724
724
724
724
724
725
725
725
725
725
726
726
726
726
726
726
727
727
727
728
728
728
728
728
729
729
729
729
729
730
730
730
730
730
730
731
731
731
732
732
732
732
732
733
733
733
733
733
734
734
734
734
734
734
735
735
735
736
736
736
736
736
737
737
737
737
737
738
738
738
738
738
738
739
739
739
740
740
740
740
740
741
741
741
741
741
742
742
742
742
742
742
743
743
743
744
744
744
744
744
745
745
745
745
745
745
745
745
745
745
745
745
745
745
745
746
746
746
746
746
747
747
747
747
747
747
747
747
747
747
748
748
748
748
748
748
748
748
748
748
748
748
748
748
749
750
750
750
751
751
751
751
751
752
752
752
753
753
753
753
753
754
754
754
754
754
754
755
755
755
756
756
756
757
757
757
757
758
758
758
759
759
759
759
759
759
759
759
759
759
759
759
759
759
759
759
759
760
760
760
760
760
760
760
760
760
760
760
760
760
760
761
761
761
761
761
761
761
761
761
761
762
762
762
763
763
763
763
763
764
764
765
765
765
765
766
766
766
766
766
767
767
767
767
767
767
768
768
768
769
769
769
770
770
770
770
770
771
771
771
771
771
771
771
771
771
772
772
772
772
772
772
772
772
772
772
773
773
773
773
773
773
773
773
773
773
774
774
774
774
774
774
774
774
774
774
775
775
775
776
776
776
777
777
777
777
777
778
778
778
778
778
779
779
780
780
780
780
780
781
781
781
781
781
782
782
782
782
782
783
783
783
783
783
783
784
784
784
785
785
785
786
786
786
786
786
787
787
787
787
787
787
787
787
787
788
788
788
788
788
788
788
788
788
788
789
789
789
789
789
789
789
789
789
789
790
790
790
790
790
790
790
790
790
790
791
791
792
792
792
793
793
793
793
793
794
794
795
795
795
795
795
796
796
796
796
796
796
797
797
797
798
798
798
799
799
799
799
799
800
800
800
800
800
800
800
800
800
801
801
801
801
801
801
801
802
802
802
802
802
802
802
802
802
802
803
803
803
803
803
803
803
804
804
804
805
805
805
805
805
806
806
806
806
806
806
806
806
806
806
806
806
807
807
807
807
807
808
808
808
808
808
808
808
808
808
808
809
809
809
809
809
809
810
811
812
812
812
812
812
813
813
813
814
814
814
815
815
815
815
815
815
816
816
816
817
817
817
818
818
818
818
818
819
819
819
820
820
820
820
820
820
820
820
820
820
820
820
820
820
821
821
821
821
821
822
822
822
822
822
822
822
822
822
822
822
823
823
823
824
824
824
825
825
825
825
826
826
826
826
826
826
827
827
827
827
827
827
827
827
827
827
828
828
828
828
828
828
828
829
829
829
829
829
829
829
829
829
829
830
830
830
831
831
831
831
831
832
832
832
832
832
833
833
833
833
833
833
834
834
834
835
835
835
836
836
836
836
836
836
836
836
836
836
836
836
836
836
837
837
837
837
837
837
837
837
837
837
837
837
838
838
838
838
838
838
838
839
839
839
839
839
840
840
840
840
840
840
840
841
841
841
841
841
841
841
841
841
841
841
841
841
842
842
842
842
842
843
843
843
843
844
844
844
844
844
844
844
844
844
844
844
845
845
845
845
845
845
846
846
846
847
847
847
848
848
848
848
848
848
848
848
848
848
848
848
848
848
849
849
849
849
849
850
850
850
850
850
851
851
851
851
851
851
851
851
851
851
851
852
852
852
853
853
853
853
853
853
853
853
853
853
853
853
853
854
854
854
854
855
855
855
855
855
855
855
856
856
856
856
856
856
856
856
856
856
856
856
856
857
857
857
857
857
857
857
858
858
858
858
858
858
859
859
859
860
860
860
860
860
861
861
861
861
861
862
862
862
862
862
863
863
863
863
863
863
863
863
863
864
864
864
865
865
865
865
865
865
865
865
865
865
866
866
866
867
867
867
867
867
867
867
868
868
868
868
868
869
869
869
869
869
869
869
869
869
869
870
870
870
871
871
871
871
871
871
871
871
871
872
872
872
872
873
873
873
873
873
873
874
874
874
874
874
875
875
875
875
875
875
875
875
875
875
876
876
876
876
876
876
877
877
877
878
878
878
878
879
879
879
879
880
880
880
881
881
881
881
881
881
881
881
881
881
881
881
882
882
882
882
882
883
883
883
884
884
884
884
884
884
884
884
884
884
885
885
885
885
885
886
886
886
886
886
886
886
886
886
886
886
887
887
887
888
888
888
888
889
889
889
889
889
889
889
889
889
890
890
890
890
890
891
891
891
891
891
891
891
891
891
891
891
892
892
892
892
892
892
893
893
894
894
895
895
895
896
896
896
896
897
897
897
898
898
898
898
898
898
898
898
898
898
898
898
898
898
899
899
899
899
900
900
900
900
900
900
901
901
901
901
901
901
901
901
901
902
902
902
903
903
903
903
903
904
904
904
905
905
905
905
906
906
906
906
906
906
906
906
906
906
906
906
906
907
907
907
907
907
907
907
908
908
908
908
909
909
909
910
910
910
910
910
911
911
911
912
912
912
912
912
912
912
912
913
913
913
913
913
913
913
914
914
914
914
914
914
914
915
915
915
915
915
915
915
915
915
915
915
915
915
916
916
916
917
917
917
917
917
918
918
918
918
918
918
918
919
919
919
919
920
920
920
920
920
920
920
921
921
921
921
921
921
921
922
922
922
922
922
922
922
922
922
922
922
922
923
923
923
924
924
924
924
924
925
925
925
926
926
926
926
927
927
927
927
927
927
927
928
928
928
928
928
928
928
928
928
928
928
928
928
929
929
929
930
930
930
930
930
930
930
930
930
930
930
930
931
931
931
931
932
932
932
932
932
933
933
933
933
934
935
935
935
935
935
936
936
936
936
937
937
937
938
938
938
939
939
939
939
939
939
939
939
939
939
939
939
939
939
940
940
940
940
940
941
941
941
941
941
941
942
942
942
943
943
943
943
943
943
943
943
943
944
944
944
944
944
944
944
944
944
944
945
945
945
945
945
946
946
946
946
946
946
947
947
947
948
948
948
948
948
948
948
948
948
949
949
949
949
949
949
949
949
949
949
950
950
950
950
950
951
951
951
951
951
951
952
952
953
953
953
953
953
953
953
953
953
953
953
953
954
954
954
954
954
955
955
955
955
955
956
956
956
956
956
956
957
957
957
958
958
959
959
959
960
961
961
961
961
961
962
962
962
962
962
963
963
963
964
964
964
964
964
965
965
965
965
965
966
966
966
966
966
966
967
967
967
968
968
968
968
968
969
969
969
969
969
970
970
970
970
970
970
971
971
971
972
972
973
973
973
973
974
974
974
975
975
975
975
975
976
976
977
977
977
977
977
978
978
978
978
979
979
979
979
979
980
980
980
981
981
981
981
982
982
982
982
983
983
983
983
983
984
985
985
985
985
986
986
986
986
987
987
987
988
988
988
988
989
989
989
990
990
990
990
990
990
991
991
991
992
992
992
992
992
993
993
993
993
993
994
994
994
994
994
994
995
995
995
996
996
996
996
996
997
997
997
997
997
998
998
998
998
998
998
999
999
1000
1000
1000
1000
1000
1001
1001
1001
1002
1002
1002
1002
1003
1003
1003
1004
1004
1004
1004
1005
1005
1006
1006
1006
1007
1007
1007
1007
1007
1007
1008
1008
1008
1008
1008
1009
1009
1009
1010
1010
1010
1010
1010
1010
1011
1011
1012
1012
1012
1012
1012
1013
1013
1013
1013
1013
1014
1014
1014
1014
1014
1014
1015
1015
1015
1016
1016
1016
1016
1016
1017
1017
1017
1017
1017
1018
1018
1018
1018
1018
1018
1019
1019
1019
1020
1020
1020
1020
1020
1021
1021
1021
1021
1021
1022
1022
1022
1022
1022
1022
1023
1023
1023
1024
1024
1024
1024
1025
1025
1025
1025
1025
1026
1026
1026
1026
1026
1026
1027
1028
1028
1028
1028
1028
1029
1029
1029
1029
1029
1029
1030
1030
1030
1030
1031
1031
1031
1031
1031
1032
1032
1032
1033
1033
1034
1034
1034
1034
1034
1035
1035
1035
1035
1035
1036
1036
1036
1037
1037
1037
1037
1037
1038
1038
1038
1038
1038
1038
1039
1039
1039
1039
1039
1040
1040
1040
1040
1041
1041
1041
1041
1041
1042
1042
1042
1042
1042
1043
1043
1043
1043
1043
1043
1044
1044
1044
1045
1045
1045
1045
1045
1046
1046
1046
1047
1047
1047
1047
1047
1048
1048
1048
1048
1048
1048
1048
1048
1048
1048
1048
1048
1048
1048
1048
1048
1048
1049
1049
1049
1049
1049
1049
1050
1050
1050
1051
1051
1051
1051
1052
1052
1052
1053
1053
1053
1053
1053
1054
1054
1054
1054
1054
1054
1054
1054
1054
1054
1054
1054
1054
1054
1054
1054
1054
1055
1055
1055
1055
1055
1055
1056
1056
1057
1057
1057
1057
1057
1058
1058
1058
1059
1059
1059
1059
1059
1060
1060
1060
1060
1060
1061
1061
1061
1061
1061
1061
1061
1061
1061
1061
1061
1061
1061
1061
1061
1061
1061
1061
1062
1062
1062
1063
1063
1063
1063
1063
1064
1064
1064
1065
1065
1065
1065
1065
1066
1066
1066
1066
1066
1067
1067
1067
1067
1067
1067
1067
1067
1067
1067
1067
1067
1067
1067
1067
1067
1067
1067
1068
1068
1069
1069
1069
1070
1070
1070
1070
1070
1071
1071
1071
1071
1071
1072
1072
1072
1072
1072
1072
1073
1073
1073
1073
1073
1074
1074
1074
1074
1074
1075
1075
1075
1075
1075
1075
1076
1076
1076
1077
1077
1077
1077
1078
1078
1079
1079
1079
1080
1080
1080
1080
1080
1081
1081
1081
1081
1081
1081
1082
1082
1082
1083
1083
1083
1083
1083
1084
1084
1084
1084
1084
1085
1085
1085
1085
1085
1085
1086
1086
1086
1087
1087
1088
1088
1088
1088
1088
1089
1089
1089
1090
1090
1090
1090
1090
1090
1090
1090
1090
1090
1090
1090
1090
1090
1091
1091
1091
1091
1091
1092
1092
1092
1092
1092
1092
1092
1092
1092
1092
1092
1093
1093
1093
1094
1094
1094
1095
1095
1095
1095
1095
1096
1096
1096
1096
1096
1096
1097
1097
1097
1097
1097
1097
1097
1097
1097
1097
1098
1098
1098
1098
1098
1098
1098
1099
1099
1099
1099
1099
1099
1099
1100
1100
1100
1101
1101
1101
1102
1102
1102
1102
1102
1103
1103
1103
1103
1103
1103
1104
1104
1104
1104
1104
1104
1104
1104
1104
1104
1105
1105
1105
1105
1105
1105
1105
1106
1106
1106
1106
1106
1106
1106
1107
1107
1107
1108
1108
1108
1109
1109
1109
1109
1109
1110
1110
1110
1110
1110
1110
1110
1110
1110
1111
1111
1111
1111
1111
1111
1111
1112
1112
1112
1112
1112
1112
1112
1113
1113
1113
1113
1113
1113
1113
1114
1114
1114
1115
1115
1115
1116
1116
1116
1116
1116
1117
1117
1117
1117
1117
1117
1117
1117
1117
1118
1118
1118
1118
1118
1118
1118
1119
1119
1119
1119
1119
1119
1119
1120
1120
1120
1120
1120
1120
1120
1121
1121
1121
1122
1122
1122
1123
1123
1123
1123
1123
1123
1123
1123
1123
1123
1123
1123
1124
1124
1124
1124
1124
1125
1125
1125
1125
1125
1125
1125
1125
1125
1125
1126
1126
1126
1126
1126
1126
1127
1127
1127
1128
1128
1128
1128
1128
1129
1129
1129
1129
1129
1130
1130
1130
1130
1130
1130
1131
1131
1131
1132
1132
1132
1132
1132
1133
1133
1133
1133
1133
1135
1135
1135
1135
1135
1136
1136
1137
1137
1137
1138
1138
1138
1138
1138
1139
1139
1139
1139
1140
1140
1140
1140
1140
1140
1141
1141
1141
1142
1142
1142
1143
1143
1143
1143
1143
1143
1143
1143
1143
1143
1143
1143
1143
1143
1143
1144
1144
1144
1144
1144
1144
1144
1144
1144
1144
1145
1145
1145
1145
1145
1146
1146
1146
1146
1146
1146
1147
1147
1147
1148
1148
1148
1149
1149
1149
1149
1149
1150
1150
1150
1150
1150
1150
1151
1151
1151
1151
1151
1151
1151
1152
1152
1152
1152
1152
1152
1152
1152
1152
1152
1152
1152
1152
1152
1152
1152
1153
1153
1153
1153
1153
1153
1153
1153
1153
1153
1154
1154
1154
1155
1155
1155
1156
1156
1156
1156
1157
1157
1157
1157
1157
1157
1158
1158
1158
1158
1158
1158
1158
1159
1159
1159
1159
1159
1159
1159
1159
1159
1159
1160
1160
1160
1160
1160
1160
1160
1160
1160
1160
1161
1161
1161
1162
1162
1162
1163
1163
1163
1163
1163
1164
1164
1164
1164
1164
1164
1165
1165
1165
1165
1165
1165
1165
1166
1166
1166
1166
1166
1166
1166
1166
1166
1166
1167
1167
1167
1167
1167
1167
1167
1167
1167
1167
1168
1168
1168
1169
1169
1169
1170
1170
1170
1170
1171
1171
1171
1171
1171
1171
1172
1172
1172
1172
1172
1172
1172
1173
1173
1173
1173
1173
1173
1173
1173
1173
1173
1174
1174
1174
1174
1174
1174
1174
1174
1174
1174
1174
1174
1174
1174
1174
1174
1175
1175
1175
1176
1176
1177
1177
1177
1177
1177
1177
1177
1177
1177
1178
1178
1178
1178
1178
1178
1178
1178
1178
1178
1178
1178
1178
1178
1178
1178
1179
1179
1179
1179
1179
1180
1180
1180
1180
1180
1180
1181
1181
1181
1182
1182
1182
1182
1182
1183
1183
1183
1183
1183
1184
1184
1184
1184
1185
1185
1185
1186
1186
1186
1186
1186
1187
1187
1187
1188
1188
1188
1188
1188
1189
1189
1190
1190
1190
1191
1191
1191
1191
1191
1192
1192
1192
1193
1193
1193
1193
1193
1194
1194
1194
1194
1194
1195
1195
1195
1195
1195
1195
1196
1196
1197
1197
1197
1198
1198
1198
1198
1198
1199
1199
1199
1199
1199
1200
1200
1200
1200
1200
1201
1201
1201
1202
1202
1202
1202
1202
1203
1203
1203
1204
1204
1204
1204
1204
1205
1205
1205
1206
1207
1207
1207
1207
1208
1208
1208
1208
1208
1209
1209
1210
1210
1211
1211
1211
1211
1212
1212
1212
1212
1213
1213
1213
1214
1214
1214
1214
1214
1214
1215
1215
1216
1216
1216
1216
1216
1217
1217
1217
1218
1218
1218
1219
1219
1220
1220
1220
1220
1220
1221
1221
1221
1221
1221
1222
1222
1222
1222
1222
1222
1223
1223
1223
1224
1224
1224
1225
1225
1225
1225
1225
1226
1226
1226
1226
1226
1226
1227
1227
1228
1228
1228
1229
1229
1229
1230
1230
1230
1230
1230
1231
1231
1231
1231
1231
1232
1232
1232
1232
1232
1232
1233
1233
1233
1234
1234
1234
1234
1234
1235
1235
1235
1235
1235
1236
1236
1236
1236
1236
1237
1238
1239
1239
1239
1239
1239
1240
1240
1240
1241
1241
1242
1242
1243
1243
1243
1244
1244
1244
1244
1244
1245
1245
1246
1246
1246
1247
1247
1247
1247
1247
1248
1248
1249
1249
1249
1249
1249
1250
1250
1250
1251
1251
1251
1252
1252
1252
1252
1252
1253
1253
1253
1254
1254
1254
1254
1254
1255
1255
1255
1255
1256
1256
1256
1256
1256
1256
1257
1257
1258
1258
1259
1259
1259
1259
1260
1260
1261
1261
1261
1261
1262
1262
1262
1262
1263
1263
1263
1263
1263
1264
1264
1264
1265
1265
1265
1266
1266
1266
1266
1267
1267
1267
1268
1268
1268
1268
1268
1269
1269
1269
1269
1269
1270
1270
1270
1270
1271
1271
1271
1272
1272
1272
1273
1273
1273
1274
1274
1274
1274
1274
1275
1275
1275
1275
1275
1277
1278
1278
1279
1279
1280
1280
1281
1281
1281
1282
1282
1282
1283
1283
1283
1283
1284
1284
1284
1285
1285
1285
1286
1286
1287
1287
1287
1287
1287
1288
1288
1289
1290
1290
1290
1290
1291
1291
1292
1292
1292
1293
1293
1294
1294
1294
1295
1295
1295
1295
1295
1296
1296
1296
1297
1297
1298
1298
1298
1298
1298
1299
1299
1299
1300
1300
1300
1301
1301
1301
1301
1301
1302
1302
1302
1303
1303
1303
1304
1304
1304
1304
1304
1305
1305
1305
1306
1306
1306
1307
1307
1307
1307
1307
1308
1308
1308
1308
1309
1309
1310
1310
1310
1311
1311
1311
1311
1311
1312
1312
1312
1312
1314
1314
1315
1315
1315
1316
1316
1316
1317
1317
1317
1317
1317
1318
1318
1318
1318
1318
1319
1319
1319
1320
1320
1320
1321
1321
1321
1322
1322
1322
1322
1322
1323
1323
1323
1324
1324
1324
1324
1325
1325
1325
1326
1326
1326
1326
1326
1326
1326
1326
1326
1326
1326
1327
1327
1327
1327
1327
1328
1328
1328
1329
1329
1329
1329
1330
1330
1330
1331
1331
1331
1332
1332
1333
1333
1333
1333
1333
1334
1334
1334
1334
1334
1334
1334
1334
1334
1334
1334
1334
1334
1334
1334
1335
1335
1335
1336
1336
1336
1336
1336
1336
1336
1336
1336
1336
1336
1336
1336
1337
1337
1337
1337
1338
1338
1338
1339
1339
1339
1339
1339
1340
1340
1340
1341
1341
1342
1342
1342
1343
1343
1343
1344
1344
1344
1344
1345
1345
1345
1346
1346
1346
1346
1346
1346
1346
1346
1346
1346
1346
1347
1347
1347
1348
1348
1348
1348
1348
1348
1348
1348
1348
1348
1348
1348
1348
1349
1349
1349
1350
1350
1350
1350
1351
1351
1351
1351
1351
1352
1352
1352
1352
1352
1352
1353
1353
1353
1354
1354
1355
1355
1355
1355
1355
1356
1356
1356
1357
1357
1357
1357
1357
1358
1358
1358
1359
1359
1359
1359
1359
1359
1360
1360
1360
1360
1360
1360
1360
1360
1360
1360
1360
1361
1361
1361
1361
1361
1361
1361
1361
1361
1361
1361
1362
1362
1362
1362
1362
1363
1363
1363
1364
1364
1364
1364
1365
1365
1365
1365
1365
1366
1366
1366
1366
1366
1367
1367
1368
1368
1369
1369
1370
1370
1370
1370
1370
1370
1370
1370
1370
1370
1370
1370
1371
1371
1371
1372
1372
1372
1372
1372
1372
1372
1372
1372
1372
1372
1372
1372
1373
1373
1373
1374
1374
1374
1374
1374
1374
1374
1374
1374
1374
1374
1374
1374
1374
1374
1374
1375
1375
1375
1375
1376
1376
1376
1376
1376
1376
1376
1376
1376
1376
1376
1376
1376
1377
1377
1377
1378
1378
1378
1379
1379
1379
1380
1380
1380
1380
1380
1381
1381
1381
1382
1382
1383
1383
1383
1383
1383
1384
1384
1384
1384
1384
1385
1385
1385
1385
1385
1385
1386
1386
1386
1387
1387
1387
1387
1387
1387
1387
1387
1387
1387
1387
1388
1388
1388
1388
1389
1389
1389
1389
1389
1389
1389
1389
1389
1389
1389
1389
1389
1389
1390
1390
1390
1390
1391
1391
1391
1391
1391
1391
1391
1391
1391
1391
1391
1391
1392
1392
1392
1392
1393
1393
1393
1393
1393
1393
1393
1393
1393
1393
1393
1393
1394
1394
1394
1394
1394
1395
1395
1395
1396
1396
1396
1396
1396
1396
1396
1396
1396
1396
1396
1396
1396
1397
1397
1397
1397
1397
1397
1398
1398
1398
1399
1399
1399
1399
1399
1399
1399
1399
1399
1399
1399
1400
1400
1400
1400
1401
1401
1401
1401
1401
1401
1401
1401
1401
1401
1401
1402
1402
1402
1403
1403
1403
1403
1403
1403
1403
1403
1403
1403
1403
1403
1404
1404
1404
1404
1404
1405
1405
1405
1405
1405
1405
1405
1405
1405
1405
1405
1405
1406
1406
1406
1407
1407
1407
1407
1407
1407
1407
1407
1407
1407
1407
1407
1407
1408
1408
1408
1409
1409
1409
1409
1409
1409
1409
1409
1409
1409
1409
1409
1409
1410
1410
1410
1410
1410
1411
1411
1411
1411
1411
1411
1411
1411
1411
1411
1411
1411
1411
1412
1412
1412
1413
1413
1413
1414
1414
1414
1414
1414
1414
1414
1414
1414
1414
1414
1415
1415
1415
1416
1416
1416
1416
1416
1417
1417
1417
1418
1418
1418
1418
1418
1419
1419
1419
1420
1420
1420
1420
1420
1420
1420
1420
1420
1420
1420
1420
1420
1420
1420
1420
1420
1421
1421
1421
1421
1421
1422
1422
1422
1422
1422
1422
1422
1422
1422
1422
1422
1422
1422
1422
1423
1423
1423
1424
1424
1424
1424
1424
1424
1424
1424
1424
1424
1424
1425
1425
1425
1425
1425
1426
1426
1426
1426
1426
1426
1426
1426
1427
1427
1427
1427
1427
1428
1428
1428
1428
1428
1428
1429
1429
1429
1429
1429
1429
1430
1430
1430
1431
1431
1432
1432
1432
1432
1433
1433
1434
1434
1434
1434
1434
1435
1435
1435
1435
1436
1436
1436
1436
1436
1437
1437
1437
1437
1437
1437
1437
1437
1437
1437
1437
1437
1438
1438
1438
1439
1439
1439
1439
1439
1439
1439
1439
1439
1439
1439
1439
1439
1440
1440
1440
1441
1441
1441
1441
1441
1441
1441
1441
1441
1441
1442
1442
1442
1442
1442
1443
1443
1443
1443
1443
1443
1443
1444
1444
1444
1445
1445
1445
1445
1445
1445
1445
1445
1445
1445
1445
1445
1445
1445
1445
1446
1446
1446
1447
1447
1447
1447
1447
1447
1447
1447
1447
1447
1447
1447
1447
1448
1448
1448
1448
1448
1449
1449
1449
1450
1450
1450
1450
1450
1451
1451
1451
1452
1452
1452
1452
1452
1452
1452
1452
1452
1452
1452
1452
1452
1452
1453
1453
1453
1453
1453
1454
1454
1454
1454
1454
1454
1454
1454
1454
1454
1454
1455
1455
1455
1455
1456
1456
1456
1456
1457
1457
1457
1457
1457
1457
1458
1458
1458
1459
1459
1459
1459
1459
1460
1460
1460
1460
1460
1461
1461
1461
1461
1461
1461
1462
1462
1462
1462
1463
1463
1463
1463
1463
1463
1463
1463
1463
1463
1463
1463
1463
1464
1464
1464
1464
1465
1465
1465
1465
1465
1465
1465
1465
1465
1465
1465
1466
1466
1466
1466
1466
1467
1467
1467
1468
1468
1468
1468
1468
1469
1469
1469
1470
1470
1470
1470
1470
1470
1470
1470
1470
1470
1470
1471
1471
1471
1471
1471
1472
1472
1472
1472
1472
1472
1472
1472
1472
1472
1472
1473
1473
1473
1473
1474
1474
1474
1475
1475
1475
1475
1476
1476
1476
1476
1476
1476
1477
1477
1477
1478
1478
1479
1479
1479
1479
1479
1480
1480
1480
1480
1480
1481
1481
1481
1481
1481
1481
1482
1482
1482
1482
1483
1483
1483
1483
1483
1483
1483
1483
1483
1483
1484
1484
1484
1484
1485
1485
1485
1485
1485
1485
1485
1485
1485
1485
1485
1486
1486
1486
1486
1486
1487
1487
1487
1488
1488
1488
1488
1488
1489
1489
1489
1490
1490
1490
1490
1490
1490
1490
1490
1490
1490
1490
1490
1490
1490
1491
1491
1491
1491
1492
1492
1492
1492
1492
1492
1493
1493
1493
1494
1494
1494
1494
1494
1494
1494
1494
1494
1495
1495
1495
1495
1495
1496
1496
1496
1496
1496
1496
1496
1496
1496
1496
1496
1496
1497
1497
1497
1498
1498
1498
1498
1498
1498
1498
1499
1499
1499
1499
1499
1499
1500
1501
1501
1502
1502
1502
1503
1503
1503
1504
1504
1504
1504
1504
1504
1504
1504
1504
1504
1504
1504
1505
1505
1505
1506
1506
1506
1506
1506
1506
1506
1506
1506
1506
1507
1507
1507
1508
1508
1508
1508
1508
1508
1508
1508
1508
1508
1508
1508
1508
1509
1509
1509
1509
1509
1510
1510
1510
1510
1510
1510
1510
1511
1511
1511
1511
1512
1512
1512
1512
1512
1512
1512
1512
1512
1512
1512
1512
1512
1513
1513
1513
1513
1514
1514
1514
1514
1514
1514
1515
1515
1515
1515
1516
1516
1516
1517
1517
1517
1517
1517
1518
1519
1519
1519
1519
1519
1520
1520
1520
1520
1520
1520
1521
1521
1521
1522
1522
1522
1523
1523
1523
1523
1523
1523
1523
1523
1523
1523
1523
1523
1523
1524
1524
1524
1524
1524
1524
1525
1525
1525
1525
1525
1526
1526
1526
1526
1527
1527
1527
1527
1527
1527
1527
1527
1527
1527
1527
1527
1527
1528
1528
1528
1529
1529
1530
1530
1530
1530
1530
1531
1531
1532
1532
1532
1532
1532
1533
1533
1533
1533
1534
1534
1534
1534
1534
1534
1535
1535
1535
1535
1535
1535
1536
1536
1536
1536
1536
1536
1536
1536
1536
1536
1536
1536
1537
1537
1537
1538
1538
1538
1539
1539
1539
1539
1539
1539
1539
1540
1540
1540
1540
1540
1540
1540
1540
1540
1540
1540
1540
1540
1541
1541
1541
1542
1542
1542
1542
1543
1543
1543
1543
1544
1544
1545
1545
1545
1545
1545
1545
1546
1546
1546
1547
1547
1547
1547
1547
1548
1548
1548
1548
1548
1549
1549
1549
1549
1549
1549
1550
1550
1550
1550
1550
1550
1550
1550
1550
1550
1551
1551
1551
1551
1551
1552
1552
1552
1552
1553
1553
1553
1553
1553
1553
1553
1553
1553
1553
1553
1554
1554
1554
1554
1554
1554
1555
1555
1555
1556
1556
1556
1557
1557
1557
1557
1557
1557
1557
1557
1557
1557
1557
1558
1558
1558
1558
1558
1559
1559
1559
1559
1559
1560
1560
1560
1560
1560
1560
1560
1560
1560
1560
1560
1561
1561
1561
1561
1562
1562
1562
1562
1563
1563
1563
1563
1563
1563
1564
1564
1564
1565
1565
1565
1565
1565
1566
1566
1566
1566
1566
1567
1567
1567
1567
1567
1567
1568
1568
1568
1568
1568
1568
1569
1569
1569
1569
1569
1569
1569
1569
1569
1569
1569
1569
1569
1569
1570
1570
1570
1570
1570
1571
1571
1571
1571
1571
1571
1572
1572
1572
1572
1573
1573
1573
1573
1573
1573
1573
1573
1573
1574
1574
1574
1574
1574
1574
1574
1575
1575
1575
1575
1575
1575
1575
1575
1575
1576
1576
1576
1576
1577
1577
1577
1577
1577
1577
1577
1577
1577
1577
1577
1577
1577
1577
1577
1577
1578
1578
1578
1578
1579
1579
1579
1579
1579
1579
1579
1580
1580
1580
1580
1580
1580
1580
1580
1581
1581
1581
1581
1581
1581
1581
1581
1581
1582
1582
1582
1583
1583
1583
1584
1584
1584
1584
1584
1585
1585
1586
1586
1586
1586
1587
1587
1587
1587
1587
1588
1588
1588
1588
1588
1589
1589
1589
1590
1590
1590
1591
1591
1591
1591
1591
1591
1591
1591
1591
1591
1591
1592
1592
1592
1592
1592
1592
1592
1592
1592
1592
1592
1592
1592
1592
1592
1593
1593
1593
1593
1593
1593
1593
1594
1594
1594
1594
1594
1595
1595
1595
1595
1595
1595
1595
1596
1596
1596
1597
1597
1597
1597
1597
1597
1597
1597
1597
1597
1598
1598
1598
1598
1598
1599
1599
1599
1599
1599
1599
1599
1600
1600
1600
1600
1600
1600
1600
1600
1600
1600
1600
1600
1600
1600
1600
1600
1601
1601
1601
1601
1601
1601
1601
1602
1602
1602
1602
1602
1602
1603
1603
1604
1604
1604
1605
1605
1605
1605
1606
1606
1607
1607
1607
1607
1608
1608
1608
1608
1608
1609
1609
1609
1609
1609
1609
1610
1610
1610
1611
1611
1611
1611
1611
1611
1611
1611
1611
1611
1612
1612
1612
1613
1613
1613
1613
1613
1613
1613
1614
1614
1614
1614
1614
1615
1615
1615
1615
1615
1615
1615
1616
1616
1616
1617
1617
1617
1617
1617
1617
1617
1617
1617
1618
1618
1618
1618
1619
1619
1619
1619
1619
1619
1620
1620
1620
1620
1620
1621
1621
1621
1621
1621
1621
1621
1622
1622
1622
1622
1622
1622
1623
1623
1624
1624
1624
1624
1625
1625
1625
1626
1626
1626
1626
1626
1626
1626
1626
1626
1626
1626
1626
1627
1627
1627
1627
1627
1628
1628
1628
1629
1629
1629
1629
1629
1629
1629
1629
1629
1629
1630
1630
1630
1630
1630
1630
1631
1631
1631
1632
1632
1632
1632
1633
1633
1633
1633
1633
1633
1633
1633
1633
1634
1634
1634
1634
1634
1635
1635
1635
1635
1635
1635
1636
1637
1637
1637
1638
1638
1638
1638
1638
1639
1639
1639
1639
1639
1639
1640
1640
1640
1640
1641
1641
1641
1641
1641
1642
1642
1642
1642
1642
1642
1642
1642
1642
1642
1642
1642
1642
1643
1643
1643
1643
1643
1643
1643
1643
1644
1644
1644
1644
1644
1645
1645
1645
1645
1645
1645
1645
1645
1645
1645
1645
1646
1646
1646
1646
1647
1647
1647
1647
1648
1648
1648
1648
1648
1648
1648
1648
1649
1649
1649
1649
1649
1649
1649
1649
1649
1649
1649
1649
1649
1649
1650
1650
1650
1650
1650
1650
1650
1650
1650
1650
1650
1651
1651
1651
1651
1651
1651
1652
1652
1652
1653
1653
1653
1653
1653
1654
1654
1654
1654
1655
1655
1655
1655
1655
1656
1656
1656
1657
1657
1657
1657
1657
1658
1658
1658
1659
1659
1659
1659
1659
1659
1659
1659
1659
1659
1659
1660
1660
1660
1660
1660
1661
1661
1661
1661
1661
1661
1661
1661
1661
1661
1661
1662
1662
1662
1662
1663
1663
1663
1664
1664
1664
1664
1664
1665
1665
1665
1665
1665
1665
1665
1666
1666
1666
1666
1666
1666
1666
1666
1667
1667
1667
1667
1667
1667
1667
1668
1668
1668
1668
1668
1668
1668
1669
1669
1669
1669
1670
1670
1670
1671
1671
1671
1671
1671
1672
1672
1672
1672
1672
1672
1672
1673
1673
1673
1673
1673
1673
1673
1673
1674
1674
1674
1674
1674
1674
1674
1675
1675
1675
1675
1675
1675
1675
1676
1676
1676
1677
1677
1677
1677
1677
1677
1677
1677
1677
1678
1678
1678
1678
1678
1679
1679
1679
1679
1679
1679
1679
1679
1679
1679
1680
1680
1680
1680
1680
1680
1681
1681
1682
1682
1682
1682
1683
1683
1683
1683
1684
1684
1684
1684
1685
1685
1685
1685
1685
1686
1686
1686
1687
1687
1687
1687
1687
1688
1688
1688
1688
1688
1688
1689
1689
1689
1690
1690
1690
1691
1691
1691
1691
1692
1692
1692
1692
1693
1693
1693
1693
1693
1693
1694
1694
1694
1695
1695
1695
1696
1696
1696
1696
1696
1697
1697
1697
1698
1698
1698
1698
1698
1698
1698
1698
1698
1698
1698
1699
1699
1699
1699
1699
1699
1699
1699
1699
1699
1699
1699
1699
1699
1700
1700
1700
1700
1700
1700
1700
1701
1701
1701
1701
1701
1701
1701
1701
1702
1702
1702
1702
1702
1702
1702
1702
1703
1703
1703
1703
1703
1703
1704
1704
1705
1705
1705
1706
1706
1706
1707
1707
1707
1708
1708
1708
1708
1708
1708
1708
1708
1708
1708
1708
1709
1709
1709
1709
1709
1710
1710
1710
1710
1710
1710
1710
1710
1710
1711
1711
1712
1712
1712
1713
1713
1713
1714
1714
1714
1715
1715
1715
1716
1716
1716
1717
1717
1717
1717
1717
1718
1718
1718
1718
1718
1718
1718
1718
1718
1719
1719
1719
1719
1719
1720
1720
1720
1720
1720
1720
1720
1721
1721
1721
1721
1721
1721
1721
1721
1721
1721
1721
1721
1721
1721
1722
1722
1723
1723
1724
1724
1724
1724
1724
1725
1725
1725
1725
1725
1726
1726
1726
1726
1727
1727
1727
1728
1728
1728
1728
1728
1729
1729
1729
1729
1729
1730
1730
1730
1730
1730
1730
1731
1731
1732
1732
1732
1733
1733
1733
1734
1734
1734
1735
1735
1736
1736
1736
1736
1736
1737
1737
1737
1738
1738
1738
1739
1739
1739
1739
1739
1740
1740
1740
1741
1741
1741
1741
1742
1742
1742
1742
1743
1743
1743
1744
1744
1744
1745
1745
1745
1745
1745
1746
1746
1746
1746
1746
1747
1747
1747
1747
1747
1747
1748
1748
1748
1748
1749
1749
1749
1749
1750
1750
1750
1750
1750
1750
1751
1751
1751
1751
1751
1752
1752
1752
1753
1753
1753
1754
1754
1754
1754
1754
1755
1755
1755
1755
1756
1756
1756
1756
1757
1757
1757
1757
1757
1758
1758
1759
1759
1759
1760
1760
1760
1761
1761
1762
1762
1762
1763
1763
1763
1763
1763
1764
1764
1765
1765
1765
1765
1766
1766
1766
1766
1767
1767
1767
1768
1768
1768
1768
1768
1769
1769
1770
1770
1770
1770
1771
1771
1771
1772
1772
1772
1773
1773
1773
1774
1774
1774
1775
1775
1775
1775
1775
1775
1775
1775
1775
1775
1775
1775
1775
1775
1775
1775
1775
1776
1776
1776
1776
1776
1777
1777
1777
1777
1777
1777
1778
1778
1778
1778
1778
1778
1778
1778
1778
1778
1778
1778
1778
1778
1778
1778
1779
1779
1779
1779
1780
1780
1780
1780
1781
1781
1781
1781
1781
1781
1782
1782
1782
1782
1782
1783
1783
1783
1784
1784
1784
1785
1785
1785
1785
1785
1786
1786
1786
1787
1787
1787
1788
1788
1788
1788
1788
1789
1789
1790
1790
1790
1791
1791
1791
1792
1792
1793
1793
1793
1794
1794
1795
1795
1796
1796
1796
1797
1797
1797
1798
1798
1798
1798
1798
1798
1798
1798
1798
1798
1798
1798
1798
1798
1798
1798
1798
1798
1798
1798
1799
1799
1799
1800
1800
1800
1801
1801
1801
1801
1801
1801
1802
1802
1802
1803
1803
1803
1803
1803
1803
1803
1803
1803
1803
1803
1803
1803
1803
1803
1803
1803
1803
1804
1804
1804
1804
1804
1805
1805
1805
1805
1805
1806
1806
1806
1806
1806
1806
1807
1807
1807
1808
1808
1808
1808
1809
1809
1809
1809
1809
1809
1809
1809
1809
1809
1809
1809
1809
1809
1809
1809
1809
1809
1809
1809
1810
1810
1810
1810
1810
1810
1811
1811
1811
1811
1811
1811
1812
1812
1812
1813
1813
1813
1813
1813
1813
1813
1813
1813
1813
1813
1813
1813
1813
1813
1813
1813
1813
1814
1814
1814
1815
1815
1815
1816
1816
1816
1816
1817
1817
1817
1817
1817
1818
1819
1819
1819
1820
1820
1820
1821
1821
1821
1821
1821
1822
1822
1822
1823
1823
1823
1824
1824
1824
1824
1824
1825
1825
1825
1826
1826
1826
1826
1826
1827
1827
1827
1827
1828
1828
1828
1828
1828
1828
1829
1829
1829
1829
1829
1829
1830
1830
1830
1831
1831
1831
1831
1831
1832
1832
1832
1832
1832
1832
1832
1832
1832
1832
1832
1832
1833
1833
1833
1833
1833
1833
1833
1833
1833
1833
1834
1834
1834
1834
1834
1835
1835
1835
1835
1835
1835
1836
1836
1836
1837
1837
1837
1838
1838
1838
1838
1838
1838
1838
1838
1838
1838
1838
1838
1838
1839
1839
1839
1839
1839
1839
1840
1840
1840
1840
1840
1840
1840
1841
1841
1841
1841
1841
1842
1842
1842
1842
1842
1842
1843
1843
1843
1843
1843
1843
1844
1844
1844
1844
1844
1844
1844
1844
1844
1844
1844
1844
1845
1845
1845
1845
1845
1846
1846
1846
1846
1846
1846
1846
1847
1847
1847
1847
1847
1847
1847
1848
1848
1848
1848
1848
1848
1849
1849
1849
1849
1849
1849
1850
1850
1850
1850
1850
1850
1850
1850
1850
1851
1851
1851
1852
1852
1852
1852
1852
1853
1853
1853
1853
1853
1853
1853
1853
1853
1854
1854
1854
1854
1854
1854
1854
1854
1854
1854
1854
1854
1854
1855
1855
1855
1855
1855
1856
1856
1856
1856
1856
1856
1857
1857
1857
1858
1858
1858
1859
1859
1859
1859
1859
1860
1860
1860
1861
1861
1861
1861
1861
1862
1862
1862
1862
1862
1863
1863
1863
1863
1864
1864
1865
1865
1865
1866
1866
1866
1867
1867
1867
1867
1868
1868
1868
1869
1869
1870
1870
1870
1870
1871
1871
1871
1872
1872
1873
1873
1873
1874
1874
1874
1874
1874
1874
1874
1874
1874
1874
1875
1875
1875
1876
1876
1876
1876
1876
1876
1876
1876
1876
1876
1876
1876
1876
1876
1876
1876
1877
1877
1877
1877
1878
1878
1878
1878
1878
1878
1878
1878
1878
1878
1878
1878
1878
1878
1879
1879
1879
1879
1879
1879
1880
1880
1880
1880
1881
1881
1881
1881
1881
1881
1881
1881
1881
1881
1881
1881
1881
1881
1882
1882
1882
1882
1883
1883
1883
1883
1883
1883
1883
1883
1883
1883
1883
1883
1884
1884
1884
1884
1884
1884
1885
1885
1885
1885
1885
1886
1886
1886
1887
1887
1888
1888
1888
1889
1889
1889
1890
1890
1891
1891
1891
1891
1892
1892
1893
1893
1894
1894
1894
1895
1895
1895
1896
1896
1896
1896
1896
1897
1897
1897
1897
1897
1898
1898
1898
1899
1899
1899
1899
1899
1899
1900
1900
1900
1901
1901
1901
1902
1902
1902
1902
1903
1903
1903
1904
1904
1904
1904
1904
1905
1905
1905
1906
1906
1906
1906
1907
1907
1907
1908
1908
1908
1909
1909
1909
1909
1909
1910
1910
1910
1911
1911
1911
1911
1911
1912
1912
1912
1912
1912
1913
1913
1913
1913
1913
1913
1914
1914
1914
1915
1915
1915
1916
1916
1916
1916
1917
1917
1917
1918
1918
1918
1918
1919
1919
1919
1919
1919
1920
1920
1920
1920
1920
1920
1921
1921
1921
1922
1922
1922
1922
1923
1923
1923
1923
1924
1924
1924
1924
1924
1924
1925
1925
1925
1925
1925
1925
1925
1925
1925
1925
1925
1925
1926
1926
1926
1927
1927
1927
1927
1927
1927
1927
1927
1927
1927
1928
1928
1928
1929
1929
1929
1929
1929
1929
1929
1929
1929
1929
1929
1929
1929
1930
1930
1930
1930
1930
1930
1930
1930
1930
1930
1930
1930
1930
1930
1931
1931
1931
1932
1932
1932
1933
1933
1933
1933
1933
1933
1933
1933
1934
1934
1934
1934
1934
1935
1935
1935
1935
1935
1935
1935
1935
1935
1935
1935
1936
1936
1936
1936
1936
1937
1937
1937
1938
1938
1938
1938
1938
1938
1938
1938
1938
1938
1938
1938
1938
1938
1939
1939
1940
1940
1941
1941
1941
1941
1941
1942
1942
1943
1943
1943
1943
1944
1944
1944
1944
1944
1945
1945
1945
1945
1945
1945
1946
1946
1946
1946
1946
1946
1946
1946
1946
1947
1947
1947
1948
1948
1948
1948
1948
1948
1948
1948
1948
1948
1948
1948
1948
1949
1949
1949
1949
1949
1949
1949
1949
1949
1950
1950
1950
1951
1951
1951
1951
1951
1951
1951
1951
1951
1951
1951
1951
1951
1952
1952
1952
1953
1953
1953
1954
1954
1954
1954
1954
1954
1954
1954
1954
1954
1954
1955
1955
1955
1955
1955
1956
1956
1957
1957
1957
1957
1957
1957
1957
1957
1957
1957
1958
1958
1958
1959
1959
1959
1959
1959
1959
1959
1959
1959
1959
1959
1959
1959
1960
1960
1961
1961
1961
1962
1962
1962
1962
1962
1963
1964
1964
1964
1964
1965
1965
1965
1966
1966
1966
1967
1967
1967
1967
1967
1967
1967
1967
1967
1967
1967
1967
1967
1967
1968
1968
1968
1968
1968
1969
1969
1969
1970
1970
1970
1970
1970
1970
1970
1970
1970
1970
1970
1970
1971
1971
1971
1971
1971
1972
1972
1972
1972
1973
1973
1974
1974
1974
1975
1975
1975
1975
1975
1976
1976
1976
1976
1976
1977
1977
1977
1977
1978
1978
1978
1978
1978
1979
1979
1979
1979
1979
1980
1980
1980
1981
1981
1981
1981
1981
1982
1982
1982
1983
1983
1984
1984
1984
1984
1984
1985
1985
1985
1986
1986
1986
1986
1986
1987
1987
1988
1988
1988
1989
1989
1990
1990
1990
1991
1991
1991
1991
1991
1992
1992
1992
1993
1993
1993
1994
1994
1995
1995
1995
1996
1996
1996
1996
1996
1997
1997
1997
1998
1999
1999
2000
2000
2000
2000
2000
2001
2001
2002
2002
2002
2002
2003
2003
2003
2004
2004
2004
2005
2005
2005
2006
2006
2006
2006
2006
2007
2007
2007
2008
2008
2008
2009
2009
2009
2009
2009
2010
2011
2011
2011
2012
2012
2012
2013
2013
2013
2013
2013
2014
2014
2014
2015
2015
2015
2015
2016
2016
2016
2017
2017
2017
2018
2018
2018
2018
2018
2019
2019
2019
2020
2020
2020
2021
2021
2022
2022
2022
2022
2022
2023
2023
2023
2023
2023
2024
2024
2024
2025
2025
2025
2025
2025
2025
2025
2025
2025
2025
2025
2025
2025
2025
2025
2026
2026
2026
2026
2026
2027
2027
2027
2027
2028
2028
2029
2030
2030
2030
2030
2031
2031
2031
2032
2032
2032
2033
2033
2033
2033
2033
2033
2033
2033
2033
2033
2033
2033
2033
2033
2033
2033
2033
2034
2034
2034
2034
2034
2035
2035
2035
2036
2036
2036
2037
2037
2037
2037
2038
2038
2038
2039
2039
2039
2040
2040
2040
2040
2040
2040
2040
2040
2040
2040
2040
2040
2040
2040
2041
2041
2041
2041
2042
2042
2042
2042
2042
2042
2043
2043
2043
2043
2044
2044
2044
2044
2044
2044
2044
2044
2044
2045
2045
2045
2045
2045
2045
2046
2046
2046
2047
2047
2047
2048
2048
2048
2048
2048
2049
2049
2049
2049
2050
2050
2050
2051
2051
2052
2052
2052
2052
2052
2053
2053
2053
2053
2053
2053
2053
2053
2053
2053
2053
2053
2053
2054
2054
2054
2054
2055
2055
2055
2055
2055
2055
2055
2055
2055
2055
2055
2056
2056
2056
2057
2057
2057
2057
2058
2058
2058
2058
2059
2059
2059
2059
2059
2059
2060
2060
2061
2061
2061
2061
2061
2061
2061
2061
2061
2061
2061
2061
2062
2062
2062
2062
2063
2063
2063
2064
2064
2064
2064
2064
2065
2065
2065
2065
2065
2065
2065
2065
2065
2066
2066
2066
2067
2067
2067
2067
2067
2067
2067
2067
2067
2067
2068
2068
2068
2068
2068
2069
2069
2069
2069
2069
2069
2070
2070
2070
2070
2070
2070
2070
2070
2070
2070
2070
2070
2071
2071
2071
2071
2071
2071
2072
2072
2072
2072
2072
2072
2072
2072
2072
2072
2073
2073
2073
2074
2074
2074
2075
2075
2075
2075
2075
2076
2076
2076
2076
2076
2077
2077
2077
2078
2078
2078
2079
2079
2079
2080
2080
2080
2080
2080
2081
2081
2081
2081
2082
2082
2082
2082
2082
2082
2083
2083
2083
2083
2083
2083
2083
2083
2083
2084
2084
2084
2084
2084
2084
2084
2085
2085
2085
2086
2086
2086
2086
2086
2087
2087
2087
2087
2088
2088
2088
2088
2088
2088
2089
2089
2089
2090
2090
2090
2090
2090
2090
2090
2090
2091
2091
2091
2091
2092
2092
2092
2093
2093
2093
2093
2093
2094
2094
2094
2094
2094
2094
2094
2094
2094
2095
2095
2095
2096
2096
2096
2096
2096
2096
2096
2096
2096
2096
2096
2096
2096
2096
2096
2096
2097
2097
2097
2097
2097
2098
2098
2098
2098
2098
2098
2099
2099
2099
2099
2099
2099
2099
2099
2099
2100
2100
2100
2100
2100
2100
2101
2101
2101
2101
2101
2101
2101
2102
2102
2102
2103
2103
2103
2103
2104
2104
2104
2104
2104
2105
2105
2105
2105
2105
2105
2106
2106
2106
2106
2106
2106
2106
2106
2106
2106
2106
2106
2107
2107
2107
2107
2108
2108
2109
2109
2109
2109
2110
2110
2110
2111
2111
2111
2112
2112
2112
2112
2112
2112
2112
2112
2112
2112
2112
2112
2112
2112
2113
2113
2113
2114
2114
2114
2114
2114
2115
2115
2115
2115
2115
2115
2116
2116
2116
2116
2116
2116
2117
2117
2117
2117
2117
2117
2117
2118
2118
2118
2119
2119
2119
2119
2119
2120
2120
2120
2120
2120
2121
2121
2121
2121
2121
2121
2122
2122
2122
2123
2123
2123
2123
2123
2123
2123
2123
2123
2123
2123
2123
2123
2123
2124
2124
2124
2124
2125
2125
2125
2126
2126
2126
2126
2126
2127
2127
2127
2128
2128
2128
2128
2128
2129
2129
2129
2129
2129
2130
2130
2130
2130
2130
2130
2131
2131
2131
2131
2131
2131
2132
2132
2132
2132
2132
2132
2132
2132
2132
2133
2133
2133
2133
2133
2133
2133
2134
2134
2134
2135
2135
2135
2135
2135
2136
2136
2136
2136
2136
2137
2137
2137
2137
2137
2137
2138
2138
2138
2139
2139
2139
2139
2139
2139
2139
2139
2140
2140
2140
2140
2140
2141
2141
2141
2142
2142
2142
2142
2142
2143
2143
2143
2144
2144
2144
2145
2146
2146
2146
2146
2146
2147
2147
2147
2147
2147
2147
2147
2147
2147
2148
2148
2148
2149
2149
2149
2149
2149
2149
2149
2149
2149
2149
2150
2150
2150
2150
2150
2151
2151
2151
2152
2152
2152
2152
2152
2152
2153
2153
2153
2153
2153
2153
2153
2153
2153
2154
2154
2154
2154
2154
2154
2155
2155
2155
2155
2155
2155
2155
2155
2155
2155
2156
2156
2156
2157
2157
2157
2157
2157
2158
2158
2158
2158
2158
2159
2159
2159
2159
2159
2159
2160
2160
2161
2161
2161
2162
2162
2162
2163
2163
2163
2163
2163
2164
2164
2164
2165
2165
2165
2165
2165
2166
2166
2166
2166
2166
2167
2167
2167
2167
2168
2168
2168
2168
2168
2168
2169
2169
2169
2169
2169
2169
2169
2169
2169
2170
2170
2170
2170
2170
2170
2170
2171
2171
2171
2172
2172
2172
2172
2172
2173
2173
2173
2173
2173
2174
2174
2174
2174
2174
2174
2175
2175
2175
2175
2175
2175
2175
2175
2175
2175
2175
2175
2176
2176
2176
2176
2176
2176
2177
2177
2177
2177
2177
2177
2177
2178
2178
2178
2179
2179
2179
2180
2180
2180
2180
2180
2181
2181
2181
2181
2181
2181
2182
2182
2182
2182
2182
2182
2182
2182
2182
2182
2182
2182
2183
2183
2183
2183
2183
2184
2184
2184
2184
2184
2185
2185
2185
2185
2185
2185
2186
2186
2186
2187
2187
2187
2188
2188
2188
2188
2188
2188
2188
2188
2188
2188
2188
2188
2188
2188
2189
2189
2189
2189
2189
2190
2190
2190
2190
2190
2190
2191
2191
2191
2191
2191
2191
2192
2192
2192
2192
2192
2192
2193
2193
2193
2193
2193
2193
2193
2194
2194
2194
2195
2195
2195
2195
2195
2196
2196
2196
2196
2196
2197
2197
2197
2197
2197
2197
2198
2198
2198
2198
2198
2198
2198
2198
2198
2199
2199
2199
2199
2199
2199
2200
2200
2200
2200
2200
2200
2200
2200
2200
2200
2201
2201
2201
2202
2202
2202
2202
2202
2203
2203
2203
2203
2203
2204
2204
2204
2204
2204
2204
2205
2205
2205
2206
2206
2206
2207
2207
2207
2208
2208
2208
2209
2209
2209
2209
2209
2210
2210
2210
2211
2211
2211
2211
2211
2212
2212
2212
2213
2213
2213
2213
2213
2213
2213
2213
2213
2213
2214
2214
2214
2215
2215
2215
2215
2215
2216
2216
2216
2216
2217
2217
2217
2217
2217
2217
2218
2218
2218
2218
2218
2218
2219
2219
2219
2219
2219
2219
2220
2220
2220
2220
2220
2220
2220
2221
2221
2221
2222
2222
2222
2222
2222
2223
2223
2223
2223
2223
2224
2224
2224
2224
2224
2224
2225
2225
2225
2225
2225
2225
2226
2226
2226
2226
2226
2226
2226
2227
2227
2227
2227
2227
2227
2227
2228
2228
2228
2228
2229
2229
2229
2229
2229
2230
2230
2230
2230
2230
2230
2231
2231
2231
2231
2231
2231
2232
2232
2232
2232
2232
2232
2232
2232
2232
2232
2232
2233
2233
2233
2233
2233
2233
2233
2233
2234
2234
2234
2234
2234
2235
2235
2235
2236
2236
2236
2236
2237
2237
2237
2237
2237
2238
2238
2238
2238
2239
2239
2239
2240
2240
2241
2241
2241
2242
2242
2242
2242
2243
2243
2243
2243
2243
2243
2243
2243
2243
2244
2244
2244
2245
2245
2245
2245
2245
2245
2245
2245
2245
2245
2246
2246
2246
2247
2247
2247
2247
2247
2248
2248
2248
2248
2249
2249
2249
2249
2249
2249
2250
2250
2250
2251
2251
2251
2251
2251
2251
2252
2252
2252
2252
2253
2253
2253
2254
2254
2254
2254
2254
2254
2254
2254
2254
2254
2254
2254
2254
2255
2255
2255
2255
2255
2256
2256
2256
2256
2256
2256
2256
2256
2256
2256
2257
2257
2257
2257
2257
2257
2258
2258
2258
2258
2259
2259
2259
2259
2259
2259
2259
2260
2260
2260
2260
2260
2260
2260
2260
2260
2260
2260
2260
2261
2261
2261
2261
2261
2262
2262
2262
2262
2262
2262
2262
2262
2262
2262
2263
2263
2263
2263
2263
2263
2264
2264
2264
2265
2265
2265
2265
2265
2265
2265
2265
2266
2266
2266
2266
2266
2267
2267
2267
2268
2268
2268
2269
2269
2269
2269
2269
2270
2270
2270
2270
2271
2271
2272
2272
2273
2273
2273
2273
2274
2274
2274
2274
2274
2274
2274
2274
2274
2275
2275
2275
2276
2276
2276
2276
2276
2276
2276
2276
2276
2276
2277
2277
2278
2278
2278
2278
2278
2279
2279
2279
2279
2279
2279
2280
2280
2280
2281
2281
2281
2281
2281
2281
2281
2281
2281
2282
2282
2282
2282
2282
2283
2283
2283
2283
2284
2284
2285
2285
2285
2285
2285
2285
2286
2286
2288
2288
2288
2288
2288
2288
2288
2288
2288
2288
2288
2288
2289
2289
2289
2289
2289
2290
2290
2290
2290
2290
2291
2291
2291
2291
2291
2291
2292
2292
2292
2293
2293
2293
2293
2294
2294
2294
2294
2295
2295
2295
2295
2295
2295
2296
2296
2296
2297
2297
2297
2297
2297
2298
2298
2298
2298
2298
2299
2299
2299
2299
2299
2299
2300
2300
2300
2300
2301
2301
2301
2301
2302
2302
2302
2302
2302
2302
2303
2303
2303
2303
2304
2304
2304
2304
2304
2305
2305
2305
2305
2305
2305
2306
2306
2307
2307
2307
2307
2307
2308
2308
2308
2309
2309
2309
2309
2310
2310
2310
2310
2310
2311
2311
2311
2311
2311
2312
2312
2312
2313
2313
2313
2314
2314
2314
2314
2314
2314
2314
2315
2315
2315
2315
2315
2315
2315
2315
2315
2315
2315
2315
2316
2316
2316
2316
2316
2316
2316
2317
2317
2317
2317
2317
2318
2318
2318
2318
2318
2318
2318
2319
2319
2319
2319
2319
2319
2319
2319
2319
2319
2319
2319
2320
2320
2320
2320
2320
2320
2321
2321
2321
2321
2321
2322
2322
2322
2322
2322
2322
2322
2323
2323
2323
2323
2323
2323
2323
2323
2323
2323
2323
2323
2323
2324
2324
2324
2324
2324
2324
2324
2325
2325
2325
2325
2325
2325
2326
2326
2327
2327
2327
2328
2328
2328
2328
2329
2329
2329
2329
2330
2330
2330
2330
2330
2330
2331
2331
2332
2332
2332
2332
2332
2333
2333
2333
2333
2333
2334
2334
2334
2335
2335
2335
2336
2337
2337
2337
2337
2337
2338
2338
2338
2339
2339
2339
2340
2340
2340
2341
2341
2342
2342
2342
2342
2342
2343
2343
2343
2343
2344
2344
2344
2344
2344
2345
2345
2345
2345
2345
2345
2346
2346
2346
2346
2346
2346
2346
2346
2346
2346
2346
2346
2347
2347
2347
2348
2348
2348
2349
2349
2349
2349
2349
2349
2349
2350
2350
2350
2350
2350
2351
2351
2351
2351
2351
2351
2351
2352
2352
2352
2353
2353
2353
2354
2354
2354
2354
2354
2354
2354
2354
2354
2354
2354
2354
2354
2355
2355
2355
2355
2355
2355
2356
2356
2356
2356
2356
2357
2357
2357
2357
2357
2357
2357
2358
2358
2358
2358
2358
2358
2359
2359
2359
2360
2360
2361
2361
2361
2361
2362
2362
2362
2363
2363
2364
2364
2364
2364
2364
2365
2365
2365
2365
2365
2366
2366
2367
2367
2367
2368
2368
2369
2369
2370
2370
2370
2371
2371
2371
2371
2371
2372
2372
2372
2372
2373
2373
2373
2373
2373
2373
2374
2374
2374
2374
2375
2375
2375
2376
2376
2376
2376
2376
2376
2377
2377
2378
2378
2378
2379
2379
2379
2379
2379
2380
2380
2380
2380
2380
2381
2381
2381
2381
2381
2381
2382
2382
2382
2382
2383
2383
2383
2383
2384
2384
2384
2384
2384
2384
2385
2385
2386
2387
2387
2387
2387
2387
2388
2388
2388
2388
2389
2389
2389
2389
2390
2390
2390
2390
2390
2390
2390
2390
2390
2390
2390
2390
2390
2390
2390
2390
2390
2390
2391
2391
2391
2391
2391
2392
2392
2392
2392
2392
2393
2393
2393
2393
2394
2394
2394
2394
2394
2394
2395
2395
2395
2395
2395
2395
2395
2396
2396
2396
2396
2396
2396
2396
2396
2396
2396
2396
2396
2397
2397
2397
2397
2397
2397
2397
2397
2397
2397
2398
2398
2398
2398
2398
2399
2399
2399
2399
2399
2399
2400
2400
2400
2400
2400
2400
2400
2401
2401
2401
2401
2401
2401
2402
2402
2402
2402
2402
2402
2402
2403
2403
2403
2403
2403
2403
2403
2403
2403
2403
2403
2403
2404
2404
2404
2404
2404
2404
2405
2405
2405
2405
2405
2406
2406
2406
2406
2406
2407
2407
2407
2407
2408
2408
2408
2408
2408
2408
2409
2409
2409
2409
2409
2409
2409
2410
2410
2410
2410
2411
2411
2411
2411
2411
2411
2411
2411
2411
2411
2411
2411
2411
2411
2412
2412
2412
2412
2413
2413
2413
2413
2413
2413
2414
2414
2414
2414
2414
2414
2414
2415
2415
2415
2415
2415
2415
2416
2416
2416
2416
2416
2416
2416
2417
2417
2417
2417
2417
2417
2417
2417
2417
2418
2418
2418
2418
2418
2418
2418
2418
2418
2418
2418
2418
2418
2419
2419
2419
2419
2419
2420
2420
2420
2420
2420
2420
2421
2421
2421
2422
2422
2422
2422
2422
2422
2422
2422
2422
2422
2422
2422
2422
2422
2422
2422
2423
2423
2423
2423
2423
2423
2424
2424
2424
2425
2425
2425
2425
2426
2426
2426
2427
2427
2427
2429
2430
2430
2430
2431
2431
2432
2432
2432
2432
2432
2433
2433
2433
2434
2434
2434
2435
2435
2435
2435
2435
2436
2436
2436
2436
2437
2437
2437
2437
2437
2437
2437
2437
2438
2438
2438
2439
2439
2439
2439
2440
2440
2440
2441
2441
2441
2441
2442
2442
2442
2442
2442
2442
2442
2442
2442
2443
2443
2443
2443
2444
2444
2444
2444
2444
2444
2445
2445
2445
2446
2446
2446
2446
2447
2447
2447
2447
2447
2447
2447
2447
2447
2448
2448
2448
2448
2449
2449
2449
2449
2449
2449
2450
2450
2450
2451
2451
2451
2451
2452
2452
2452
2452
2452
2452
2452
2452
2452
2452
2452
2453
2453
2453
2454
2454
2454
2454
2455
2455
2455
2456
2456
2456
2456
2457
2457
2457
2458
2458
2458
2459
2459
2459
2459
2459
2460
2460
2460
2461
2461
2462
2462
2462
2463
2463
2464
2465
2466
2466
2466
2467
2467
2467
2467
2467
2468
2469
2469
2469
2470
2471
2471
2471
2472
2472
2472
2472
2473
2473
2474
2474
2474
2474
2475
2475
2475
2475
2475
2476
2476
2477
2477
2477
2478
2478
2478
2478
2478
2479
2479
2479
2479
2479
2480
2480
2481
2481
2481
2482
2482
2482
2482
2482
2483
2483
2483
2483
2483
2483
2484
2484
2485
2485
2485
2485
2486
2486
2487
2487
2487
2487
2487
2488
2488
2488
2488
2489
2489
2489
2489
2489
2490
2490
2490
2491
2491
2491
2491
2491
2491
2491
2491
2491
2491
2491
2491
2492
2492
2492
2492
2492
2492
2492
2492
2492
2492
2493
2493
2493
2494
2494
2494
2494
2494
2495
2495
2495
2495
2495
2496
2496
2496
2496
2496
2496
2497
2497
2497
2498
2498
2498
2498
2498
2498
2498
2498
2498
2499
2499
2499
2499
2499
2499
2499
2499
2499
2499
2499
2499
2499
2500
2500
2500
2501
2501
2501
2501
2501
2502
2502
2502
2502
2502
2503
2503
2503
2503
2503
2503
2504
2504
2504
2505
2505
2506
2506
2506
2506
2507
2507
2507
2508
2508
2508
2508
2508
2509
2509
2509
2509
2510
2510
2510
2510
2510
2511
2511
2512
2512
2512
2512
2512
2512
2512
2512
2512
2512
2512
2513
2513
2513
2514
2514
2514
2515
2515
2515
2515
2515
2515
2515
2515
2515
2515
2515
2515
2515
2516
2516
2516
2516
2516
2517
2517
2517
2517
2517
2517
2517
2517
2517
2517
2517
2517
2517
2518
2518
2518
2518
2518
2518
2518
2518
2519
2519
2520
2520
2520
2520
2520
2520
2520
2520
2520
2520
2520
2520
2521
2521
2521
2521
2521
2521
2521
2521
2521
2521
2521
2522
2522
2522
2522
2522
2523
2523
2523
2523
2523
2523
2523
2523
2523
2523
2523
2523
2524
2524
2524
2524
2524
2524
2525
2525
2525
2526
2526
2527
2527
2527
2527
2528
2528
2529
2529
2530
2530
2530
2530
2530
2530
2530
2530
2530
2530
2530
2530
2531
2531
2531
2531
2532
2532
2532
2533
2533
2533
2533
2533
2534
2534
2534
2535
2535
2535
2536
2536
2536
2537
2537
2537
2537
2537
2538
2539
2539
2539
2540
2540
2540
2540
2541
2541
2542
2542
2542
2542
2543
2543
2544
2544
2544
2544
2545
2545
2546
2546
2546
2547
2547
2548
2548
2549
2549
2550
2551
2551
2551
2553
2554
2554
2554
2554
2555
2555
2556
2556
2557
2557
2557
2557
2558
2558
2559
2559
2560
2560
2560
2560
2561
2561
2562
2562
2562
2563
2563
2564
2564
2565
2565
2565
2565
2566
2566
2567
2567
2568
2568
2568
2569
2569
2570
2570
2571
2571
2571
2571
2572
2572
2573
2574
2574
2574
2574
2575
2575
2576
2576
2577
2577
2577
2577
2578
2580
2580
2581
2581
2582
2582
2582
2582
2583
2583
2584
2584
2584
2584
2585
2586
2586
2586
2586
2587
2587
2588
2588
2588
2589
2589
2590
2590
2591
2591
2591
2591
2592
2592
2593
2593
2594
2594
2595
2595
2596
2596
2596
2596
2597
2597
2598
2598
2599
2599
2599
2599
2599
2600
2600
2600
2600
2601
2601
2601
2601
2602
2602
2602
2602
2602
2602
2603
2603
2603
2604
2604
2604
2604
2605
2605
2605
2605
2605
2605
2606
2606
2607
2607
2607
2608
2608
2608
2608
2609
2609
2610
2610
2611
2611
2611
2611
2612
2612
2612
2613
2613
2614
2614
2614
2614
2614
2615
2615
2615
2615
2616
2616
2616
2616
2617
2617
2617
2617
2617
2617
2618
2618
2618
2618
2619
2619
2619
2619
2620
2620
2620
2620
2620
2620
2621
2621
2622
2622
2622
2623
2623
2623
2623
2624
2624
2625
2625
2626
2626
2626
2626
2627
2627
2627
2627
2628
2628
2628
2628
2629
2629
2629
2629
2629
2629
2630
2630
2630
2630
2631
2631
2631
2631
2632
2632
2632
2632
2632
2632
2633
2633
2633
2633
2634
2634
2634
2634
2635
2635
2635
2635
2636
2636
2636
2636
2636
2636
2637
2637
2637
2638
2638
2638
2638
2639
2639
2639
2639
2639
2639
2640
2640
2641
2641
2642
2642
2642
2642
2643
2643
2643
2643
2644
2644
2644
2644
2645
2645
2645
2645
2645
2645
2646
2646
2646
2646
2647
2647
2647
2647
2648
2648
2648
2648
2648
2648
2649
2649
2650
2650
2650
2650
2651
2651
2651
2651
2652
2652
2652
2652
2652
2652
2653
2653
2653
2653
2654
2654
2654
2654
2655
2655
2655
2655
2655
2655
2656
2656
2657
2657
2657
2658
2659
2659
2659
2660
2660
2660
2660
2661
2661
2661
2661
2662
2662
2662
2662
2662
2662
2663
2663
2663
2663
2664
2664
2664
2664
2665
2665
2665
2665
2665
2665
2665
2665
2665
2665
2665
2665
2665
2665
2665
2666
2666
2666
2667
2667
2667
2667
2667
2668
2668
2668
2668
2669
2669
2669
2669
2669
2669
2669
2669
2669
2669
2669
2669
2669
2670
2670
2670
2670
2670
2670
2671
2671
2671
2671
2672
2672
2672
2673
2673
2673
2673
2674
2674
2674
2674
2675
2675
2675
2675
2675
2675
2676
2677
2677
2677
2678
2678
2678
2679
2679
2679
2679
2679
2680
2680
2680
2681
2681
2681
2681
2681
2682
2682
2682
2683
2684
2685
2685
2685
2686
2686
2686
2687
2687
2687
2688
2688
2688
2688
2688
2688
2688
2688
2688
2688
2688
2688
2688
2688
2689
2689
2689
2690
2690
2690
2690
2690
2691
2691
2691
2691
2691
2691
2692
2692
2692
2692
2692
2692
2693
2693
2693
2693
2693
2693
2693
2694
2694
2694
2695
2695
2695
2695
2696
2696
2696
2696
2697
2697
2697
2697
2697
2697
2698
2698
2698
2698
2698
2698
2698
2698
2698
2698
2698
2698
2699
2699
2699
2699
2699
2699
2700
2700
2700
2700
2700
2700
2700
2701
2701
2701
2702
2702
2702
2702
2703
2703
2703
2703
2703
2704
2704
2704
2704
2704
2705
2705
2705
2706
2706
2706
2706
2706
2706
2706
2706
2706
2706
2706
2706
2707
2707
2707
2707
2707
2708
2708
2709
2709
2709
2709
2710
2711
2711
2711
2712
2712
2712
2713
2713
2713
2713
2713
2714
2714
2714
2714
2714
2715
2715
2716
2716
2716
2717
2717
2718
2719
2719
2719
2720
2720
2720
2720
2720
2720
2720
2720
2720
2721
2721
2721
2722
2722
2722
2722
2722
2722
2722
2722
2722
2722
2723
2723
2723
2723
2724
2724
2724
2724
2724
2725
2725
2725
2725
2725
2725
2726
2726
2726
2726
2726
2726
2727
2727
2727
2727
2727
2727
2727
2728
2728
2728
2729
2729
2729
2729
2729
2730
2730
2730
2730
2730
2731
2731
2731
2731
2731
2731
2732
2732
2732
2732
2732
2732
2733
2733
2733
2733
2733
2733
2734
2734
2734
2734
2734
2734
2734
2735
2735
2735
2736
2736
2736
2736
2736
2737
2737
2737
2737
2737
2738
2738
2738
2738
2738
2738
2739
2739
2739
2740
2740
2740
2740
2740
2740
2740
2740
2741
2741
2741
2741
2741
2742
2742
2742
2743
2743
2743
2743
2744
2746
2746
2747
2747
2748
2748
2748
2748
2749
2749
2749
2749
2749
2749
2749
2749
2749
2749
2750
2750
2750
2750
2751
2751
2751
2751
2751
2751
2751
2751
2751
2751
2751
2752
2752
2752
2752
2753
2753
2753
2753
2754
2754
2754
2754
2754
2755
2755
2755
2755
2755
2755
2756
2756
2756
2756
2756
2756
2756
2756
2756
2757
2757
2757
2757
2757
2757
2757
2757
2757
2757
2758
2758
2758
2759
2759
2759
2759
2760
2760
2760
2760
2761
2761
2761
2761
2762
2762
2762
2762
2762
2762
2763
2763
2763
2763
2763
2763
2763
2763
2763
2764
2764
2764
2764
2764
2764
2764
2764
2764
2764
2765
2765
2765
2766
2766
2766
2766
2767
2767
2767
2768
2768
2768
2768
2768
2769
2769
2769
2769
2770
2770
2770
2770
2770
2770
2770
2770
2770
2771
2771
2771
2771
2771
2771
2772
2772
2772
2773
2773
2773
2773
2774
2774
2774
2774
2775
2775
2776
2776
2776
2777
2777
2777
2777
2777
2778
2778
2778
2778
2778
2778
2778
2778
2778
2778
2778
2778
2778
2778
2778
2778
2779
2779
2779
2779
2780
2780
2780
2780
2780
2780
2781
2781
2782
2782
2782
2782
2783
2783
2783
2783
2784
2784
2784
2784
2785
2785
2785
2785
2785
2785
2786
2786
2787
2787
2787
2787
2788
2788
2788
2788
2789
2789
2789
2789
2789
2789
2790
2790
2790
2791
2791
2791
2791
2792
2792
2792
2792
2793
2793
2793
2793
2793
2793
2794
2794
2794
2795
2795
2796
2796
2796
2797
2797
2797
2798
2798
2798
2799
2799
2800
2800
2800
2801
2801
2801
2802
2802
2803
2803
2803
2804
2804
2804
2805
2805
2805
2806
2806
2807
2807
2808
2808
2808
2808
2809
2809
2809
2810
2810
2810
2810
2811
2811
2811
2811
2811
2812
2812
2812
2813
2813
2814
2814
2815
2815
2815
2815
2816
2816
2816
2817
2817
2817
2818
2818
2818
2818
2818
2819
2819
2819
2819
2820
2820
2820
2820
2820
2821
2821
2821
2822
2822
2822
2823
2823
2823
2823
2823
2824
2824
2824
2825
2825
2825
2825
2826
2826
2827
2827
2828
2828
2829
2829
2829
2830
2830
2830
2831
2831
2831
2831
2831
2832
2832
2832
2832
2833
2833
2833
2834
2834
2834
2835
2835
2835
2835
2835
2836
2836
2836
2837
2838
2838
2838
2839
2839
2840
2840
2840
2841
2841
2842
2842
2842
2843
2843
2843
2844
2845
2846
2846
2847
2847
2848
2848
2848
2849
2849
2850
2850
2851
2851
2852
2852
2852
2852
2852
2852
2853
2853
2853
2853
2853
2854
2854
2855
2855
2855
2856
2856
2856
2857
2857
2857
2857
2857
2858
2858
2858
2859
2859
2859
2859
2859
2860
2861
2861
2861
2862
2862
2862
2863
2863
2863
2863
2863
2863
2864
2864
2864
2864
2865
2865
2865
2865
2865
2866
2866
2867
2867
2867
2868
2868
2868
2869
2869
2869
2870
2870
2870
2871
2871
2871
2871
2871
2872
2872
2872
2872
2873
2873
2874
2874
2874
2874
2875
2875
2876
2876
2877
2877
2878
2878
2878
2878
2878
2879
2879
2880
2880
2880
2880
2880
2881
2881
2881
2882
2882
2882
2883
2883
2883
2883
2884
2884
2884
2885
2885
2885
2885
2885
2886
2886
2886
2886
2887
2887
2887
2888
2888
2888
2888
2889
2889
2890
2890
2891
2891
2892
2892
2892
2892
2893
2893
2893
2894
2894
2894
2895
2895
2895
2896
2896
2896
2897
2897
2897
2897
2898
2898
2898
2899
2899
2899
2899
2899
2899
2900
2900
2900
2900
2901
2901
2901
2901
2902
2902
2903
2903
2903
2904
2904
2905
2905
2905
2905
2905
2905
2906
2906
2906
2906
2907
2907
2908
2908
2908
2908
2909
2909
2910
2910
2910
2911
2911
2912
2912
2912
2912
2913
2913
2913
2914
2914
2914
2914
2915
2915
2915
2916
2916
2916
2916
2917
2917
2917
2918
2918
2918
2918
2918
2919
2919
2919
2920
2920
2921
2921
2921
2921
2922
2922
2922
2923
2923
2923
2924
2924
2924
2925
2925
2925
2925
2925
2926
2926
2926
2926
2926
2927
2927
2927
2928
2928
2928
2929
2929
2929
2929
2930
2930
2930
2931
2931
2931
2931
2931
2931
2932
2932
2933
2933
2933
2933
2934
2934
2934
2934
2934
2935
2936
2936
2937
2937
2937
2938
2938
2938
2939
2939
2939
2939
2939
2939
2940
2940
2940
2941
2941
2941
2941
2942
2942
2942
2942
2942
2943
2944
2944
2944
2945
2945
2945
2946
2946
2946
2946
2947
2947
2947
2948
2948
2948
2948
2948
2948
2949
2949
2949
2949
2949
2950
2950
2950
2950
2950
2951
2951
2951
2951
2951
2952
2952
2952
2953
2953
2953
2954
2954
2954
2955
2955
2955
2955
2955
2955
2956
2956
2956
2956
2956
2957
2957
2957
2958
2958
2958
2958
2959
2959
2959
2960
2960
2960
2961
2961
2962
2962
2962
2962
2962
2962
2963
2963
2963
2964
2964
2964
2964
2964
2965
2965
2965
2965
2965
2966
2967
2967
2967
2968
2968
2968
2969
2969
2969
2969
2970
2970
2970
2971
2971
2971
2972
2972
2972
2972
2973
2973
2973
2974
2974
2974
2974
2974
2974
2975
2975
2975
2975
2975
2976
2976
2976
2976
2976
2977
2977
2977
2977
2977
2978
2978
2978
2979
2979
2979
2980
2980
2980
2981
2981
2981
2981
2981
2981
2982
2982
2982
2983
2983
2983
2983
2983
2984
2984
2984
2984
2984
2985
2986
2986
2986
2987
2987
2987
2988
2988
2988
2988
2988
2989
2989
2989
2989
2990
2990
2991
2991
2991
2991
2992
2992
2993
2993
2994
2994
2995
2995
2996
2996
2996
2996
2997
2997
2997
2998
2998
2998
2998
2998
2999
2999
2999
2999
3000
3000
3000
3000
3001
3001
3001
3001
3002
3002
3003
3003
3004
3004
3005
3005
3005
3005
3005
3006
3006
3007
3007
3007
3008
3008
3008
3009
3009
3009
3010
3010
3010
3010
3011
3011
3011
3012
3012
3012
3012
3012
3013
3013
3013
3013
3013
3014
3014
3014
3015
3015
3015
3016
3016
3016
3017
3017
3017
3018
3018
3018
3019
3019
3019
3020
3020
3020
3020
3020
3021
3021
3021
3021
3021
3022
3022
3022
3023
3023
3023
3024
3024
3024
3024
3024
3025
3025
3026
3026
3027
3027
3027
3027
3028
3028
3028
3029
3029
3029
3029
3029
3030
3030
3030
3031
3031
3031
3032
3032
3032
3032
3033
3033
3034
3034
3035
3035
3036
3036
3036
3036
3037
3037
3037
3038
3038
3038
3038
3038
3038
3039
3039
3039
3040
3040
3040
3041
3041
3041
3041
3041
3042
3042
3043
3043
3043
3044
3044
3044
3045
3045
3045
3046
3046
3046
3046
3047
3047
3047
3048
3048
3048
3048
3048
3049
3049
3049
3049
3050
3050
3050
3050
3051
3051
3051
3051
3052
3052
3053
3053
3054
3054
3055
3055
3055
3055
3055
3056
3056
3056
3057
3057
3057
3057
3057
3058
3058
3059
3059
3059
3060
3060
3060
3061
3061
3061
3061
3061
3062
3062
3062
3062
3063
3063
3063
3063
3064
3064
3064
3064
3065
3065
3066
3066
3067
3067
3068
3068
3068
3068
3069
3069
3069
3070
3070
3070
3070
3070
3071
3071
3072
3072
3072
3073
3073
3073
3073
3073
3074
3074
3074
3074
3075
3075
3075
3075
3076
3076
3076
3076
3077
3077
3078
3078
3079
3079
3080
3080
3080
3080
3080
3081
3081
3081
3082
3082
3082
3082
3082
3083
3083
3083
3083
3084
3084
3085
3085
3086
3086
3087
3087
3087
3087
3087
3087
3088
3088
3088
3089
3089
3090
3090
3090
3091
3091
3092
3092
3092
3092
3092
3093
3093
3093
3093
3093
3094
3094
3094
3094
3094
3095
3095
3095
3095
3096
3096
3096
3097
3097
3098
3098
3099
3099
3099
3100
3100
3101
3101
3101
3101
3101
3102
3102
3103
3103
3103
3104
3104
3104
3104
3104
3105
3105
3105
3105
3106
3106
3106
3107
3107
3107
3107
3108
3108
3108
3109
3109
3110
3110
3111
3111
3111
3112
3112
3112
3112
3112
3112
3112
3112
3112
3113
3113
3113
3113
3113
3113
3113
3113
3113
3114
3114
3114
3114
3114
3114
3115
3115
3115
3115
3115
3115
3115
3115
3115
3115
3115
3115
3116
3116
3116
3117
3117
3118
3118
3118
3118
3118
3119
3119
3120
3120
3120
3120
3121
3121
3121
3121
3121
3122
3122
3123
3123
3123
3124
3124
3125
3125
3125
3125
3125
3126
3126
3127
3127
3128
3128
3128
3129
3129
3129
3129
3129
3129
3129
3129
3129
3130
3130
3130
3130
3130
3130
3130
3130
3130
3131
3131
3131
3131
3131
3131
3131
3131
3131
3131
3131
3131
3132
3132
3132
3132
3132
3132
3133
3133
3133
3134
3134
3135
3135
3135
3135
3136
3136
3136
3137
3137
3137
3137
3137
3138
3138
3138
3138
3139
3139
3139
3140
3140
3140
3140
3140
3141
3141
3142
3142
3143
3143
3143
3144
3144
3144
3145
3145
3145
3145
3145
3145
3146
3146
3146
3146
3146
3146
3146
3146
3146
3146
3147
3147
3147
3148
3148
3148
3148
3148
3148
3148
3148
3148
3148
3149
3149
3149
3149
3150
3150
3150
3151
3151
3151
3151
3151
3151
3151
3151
3151
3152
3152
3152
3152
3152
3152
3152
3152
3152
3153
3153
3153
3153
3153
3153
3154
3154
3154
3154
3154
3154
3154
3154
3154
3155
3155
3155
3156
3156
3156
3157
3157
3157
3158
3158
3158
3158
3159
3159
3160
3160
3160
3160
3160
3161
3161
3161
3161
3162
3162
3163
3163
3163
3163
3164
3164
3165
3165
3166
3166
3167
3167
3167
3167
3167
3168
3168
3168
3168
3168
3168
3169
3169
3169
3169
3169
3169
3169
3169
3170
3170
3170
3171
3171
3171
3172
3172
3172
3173
3173
3174
3174
3174
3174
3174
3175
3175
3175
3175
3175
3175
3175
3175
3176
3176
3176
3176
3176
3177
3177
3178
3178
3178
3179
3179
3180
3180
3181
3181
3181
3181
3181
3182
3182
3182
3182
3183
3184
3184
3184
3185
3185
3185
3185
3185
3185
3186
3186
3186
3186
3187
3187
3187
3187
3187
3188
3189
3189
3189
3190
3190
3190
3191
3191
3191
3191
3191
3192
3192
3192
3192
3193
3193
3193
3194
3194
3194
3194
3195
3196
3196
3197
3197
3198
3198
3198
3198
3198
3199
3199
3199
3199
3200
3200
3200
3201
3201
3201
3201
3202
3203
3203
3204
3204
3205
3205
3205
3205
3205
3206
3206
3206
3206
3207
3207
3207
3208
3208
3208
3208
3209
3210
3210
3211
3211
3212
3212
3212
3212
3212
3213
3213
3214
3214
3215
3215
3215
3216
3216
3216
3217
3217
3217
3217
3218
3218
3218
3219
3219
3219
3220
3220
3220
3221
3221
3221
3221
3221
3222
3222
3222
3223
3223
3223
3224
3224
3224
3225
3225
3225
3225
3225
3226
3226
3226
3226
3226
3227
3227
3227
3228
3228
3228
3229
3229
3229
3229
3229
3230
3230
3230
3230
3230
3231
3231
3231
3232
3232
3232
3233
3233
3233
3233
3233
3234
3234
3234
3234
3234
3235
3235
3235
3236
3236
3236
3237
3237
3237
3238
3238
3238
3238
3239
3239
3240
3240
3240
3240
3240
3240
3241
3241
3241
3242
3242
3243
3243
3243
3244
3244
3244
3245
3245
3245
3245
3245
3246
3246
3246
3246
3247
3247
3247
3247
3248
3248
3248
3248
3249
3249
3250
3250
3251
3251
3252
3252
3252
3252
3252
3253
3253
3253
3253
3254
3254
3254
3254
3255
3255
3255
3255
3256
3256
3257
3257
3258
3258
3259
3259
3259
3259
3259
3260
3260
3260
3260
3261
3261
3261
3261
3262
3262
3262
3262
3263
3263
3264
3264
3265
3265
3266
3266
3266
3266
3266
3267
3267
3267
3267
3268
3268
3268
3268
3269
3269
3269
3269
3270
3270
3271
3271
3272
3272
3273
3273
3273
3273
3273
3274
3274
3274
3275
3275
3275
3275
3276
3276
3276
3276
3277
3277
3278
3278
3279
3279
3280
3280
3280
3280
3281
3281
3281
3282
3282
3282
3282
3282
3283
3283
3283
3283
3284
3284
3284
3285
3286
3286
3286
3286
3286
3287
3287
3287
3287
3288
3288
3288
3288
3289
3289
3289
3289
3290
3290
3291
3291
3292
3292
3293
3293
3293
3293
3293
3294
3294
3294
3294
3294
3295
3295
3295
3295
3296
3296
3296
3296
3297
3297
3298
3298
3299
3299
3300
3300
3300
3300
3300
3301
3301
3301
3301
3302
3302
3302
3302
3303
3303
3303
3303
3304
3304
3305
3305
3306
3306
3307
3307
3307
3307
3307
3308
3308
3308
3308
3309
3309
3309
3309
3310
3310
3310
3310
3311
3311
3312
3312
3313
3313
3314
3314
3314
3314
3314
3315
3315
3315
3315
3316
3316
3316
3316
3317
3317
3317
3317
3318
3318
3319
3319
3320
3320
3321
3321
3321
3321
3321
3322
3322
3322
3322
3323
3323
3323
3323
3324
3324
3324
3324
3325
3325
3326
3326
3327
3327
3328
3328
3328
3328
3328
3329
3329
3330
3330
3330
3330
3330
3331
3331
3331
3332
3332
3332
3333
3333
3333
3334
3334
3334
3335
3335
3335
3336
3336
3336
3336
3337
3337
3337
3338
3338
3338
3338
3338
3339
3339
3340
3340
3340
3340
3340
3341
3341
3341
3342
3342
3342
3343
3343
3343
3343
3343
3344
3344
3344
3344
3344
3345
3345
3345
3346
3346
3347
3347
3347
3347
3348
3348
3349
3349
3349
3349
3349
3350
3350
3350
3351
3351
3352
3352
3352
3352
3353
3353
3353
3354
3354
3354
3355
3355
3355
3356
3356
3356
3356
3357
3357
3357
3358
3358
3358
3358
3358
3359
3359
3359
3359
3359
3360
3360
3360
3361
3361
3361
3362
3362
3363
3363
3364
3364
3364
3364
3364
3364
3365
3365
3365
3365
3365
3366
3366
3366
3366
3366
3367
3367
3367
3367
3367
3368
3368
3368
3369
3369
3369
3370
3370
3370
3371
3371
3371
3371
3372
3372
3372
3373
3373
3373
3374
3374
3374
3374
3374
3374
3375
3375
3375
3375
3375
3376
3376
3376
3376
3376
3377
3377
3377
3377
3377
3378
3378
3378
3379
3379
3379
3380
3380
3380
3381
3381
3381
3382
3382
3382
3382
3383
3383
3384
3384
3384
3384
3384
3384
3385
3385
3385
3385
3385
3386
3386
3386
3386
3387
3387
3387
3387
3388
3388
3388
3389
3389
3389
3390
3390
3391
3391
3392
3392
3392
3392
3393
3394
3394
3394
3394
3394
3394
3395
3395
3395
3395
3395
3396
3396
3396
3396
3396
3397
3397
3397
3397
3397
3398
3398
3398
3399
3399
3399
3400
3400
3400
3401
3401
3401
3401
3401
3402
3402
3402
3402
3402
3403
3403
3403
3404
3404
3404
3405
3405
3405
3406
3406
3406
3407
3407
3407
3407
3407
3407
3408
3408
3408
3408
3408
3409
3409
3409
3409
3409
3410
3410
3410
3410
3411
3411
3411
3412
3412
3412
3413
3413
3414
3414
3414
3414
3415
3415
3415
3415
3415
3416
3416
3416
3417
3417
3418
3418
3418
3418
3418
3419
3419
3419
3420
3420
3421
3421
3422
3422
3422
3422
3422
3422
3423
3423
3423
3423
3423
3424
3424
3424
3424
3424
3425
3425
3425
3425
3425
3426
3426
3426
3427
3427
3427
3428
3428
3428
3429
3429
3429
3429
3430
3430
3430
3430
3430
3431
3431
3431
3432
3432
3433
3433
3433
3433
3434
3434
3434
3434
3435
3435
3435
3435
3435
3436
3436
3436
3436
3436
3437
3437
3437
3438
3439
3439
3439
3440
3440
3440
3441
3441
3441
3441
3442
3442
3442
3442
3442
3443
3443
3443
3444
3444
3445
3445
3445
3445
3445
3446
3446
3446
3446
3446
3447
3447
3447
3448
3448
3448
3449
3449
3450
3450
3450
3450
3451
3451
3451
3451
3451
3452
3452
3452
3453
3453
3454
3454
3454
3454
3455
3455
3456
3456
3457
3457
3457
3458
3458
3458
3458
3458
3459
3459
3459
3459
3460
3460
3460
3460
3461
3461
3461
3461
3462
3462
3464
3464
3465
3465
3465
3465
3466
3466
3466
3466
3466
3467
3467
3467
3467
3468
3468
3468
3468
3469
3469
3470
3470
3471
3471
3472
3472
3472
3472
3472
3473
3473
3473
3473
3474
3474
3474
3474
3474
3475
3475
3475
3475
3475
3476
3476
3477
3477
3478
3478
3478
3479
3479
3479
3479
3479
3480
3480
3480
3480
3480
3481
3481
3481
3482
3482
3482
3483
3483
3484
3484
3484
3484
3485
3486
3486
3486
3486
3486
3487
3487
3487
3487
3488
3488
3488
3489
3489
3489
3489
3490
3490
3491
3491
3492
3492
3493
3493
3493
3493
3493
3494
3494
3494
3494
3495
3495
3495
3496
3496
3496
3496
3497
3497
3498
3498
3499
3499
3500
3500
3500
3500
3500
3501
3501
3501
3501
3501
3502
3502
3502
3503
3503
3503
3504
3504
3504
3504
3505
3505
3505
3505
3506
3506
3506
3507
3507
3507
3507
3507
3507
3508
3508
3508
3508
3508
3509
3509
3509
3509
3510
3510
3510
3511
3511
3511
3512
3512
3513
3513
3513
3513
3513
3513
3513
3513
3513
3513
3513
3514
3514
3514
3514
3514
3514
3514
3514
3515
3515
3515
3515
3515
3515
3515
3515
3516
3516
3517
3517
3517
3517
3517
3517
3517
3517
3517
3517
3518
3518
3519
3519
3519
3519
3519
3519
3519
3520
3520
3520
3520
3520
3521
3521
3521
3521
3522
3522
3522
3522
3523
3523
3523
3523
3524
3524
3525
3525
3526
3526
3527
3527
3527
3527
3527
3527
3527
3527
3528
3528
3528
3528
3528
3528
3528
3528
3529
3529
3529
3529
3529
3529
3529
3529
3530
3530
3530
3530
3530
3530
3530
3530
3530
3530
3530
3531
3532
3532
3532
3532
3532
3532
3532
3532
3533
3534
3534
3534
3534
3534
3534
3535
3535
3535
3535
3535
3536
3536
3536
3536
3537
3537
3537
3538
3538
3538
3539
3540
3540
3540
3540
3540
3540
3540
3540
3541
3541
3541
3541
3541
3542
3542
3542
3542
3542
3543
3543
3544
3544
3544
3544
3545
3545
3546
3546
3546
3546
3547
3547
3547
3547
3547
3547
3548
3548
3548
3548
3548
3549
3549
3549
3549
3550
3550
3550
3550
3551
3551
3551
3552
3552
3552
3553
3553
3554
3554
3554
3554
3554
3555
3555
3555
3556
3556
3556
3557
3557
3558
3558
3558
3558
3558
3559
3559
3559
3559
3559
3560
3560
3560
3560
3560
3561
3561
3561
3561
3561
3562
3563
3563
3563
3563
3563
3564
3565
3565
3565
3565
3565
3566
3566
3566
3566
3566
3567
3567
3567
3568
3568
3568
3569
3569
3569
3569
3569
3570
3570
3570
3570
3571
3571
3571
3571
3572
3572
3572
3572
3573
3573
3574
3574
3575
3575
3576
3576
3576
3576
3576
3577
3577
3577
3577
3577
3578
3578
3578
3579
3579
3579
3580
3580
3580
3581
3581
3581
3581
3581
3582
3582
3583
3583
3583
3583
3583
3583
3584
3584
3585
3585
3585
3585
3585
3586
3587
3587
3587
3587
3588
3588
3588
3588
3589
3589
3589
3590
3590
3590
3590
3590
3590
3591
3591
3592
3592
3592
3592
3592
3593
3593
3593
3594
3594
3594
3594
3594
3595
3595
3596
3596
3596
3596
3597
3597
3597
3598
3598
3598
3599
3599
3600
3600
3600
3600
3600
3600
3600
3600
3601
3601
3602
3602
3602
3602
3602
3603
3603
3604
3604
3604
3604
3605
3606
3606
3606
3606
3606
3606
3607
3607
3607
3607
3608
3608
3608
3608
3608
3609
3609
3609
3610
3610
3611
3611
3611
3612
3612
3612
3612
3612
3613
3613
3613
3614
3614
3614
3614
3614
3614
3614
3615
3615
3615
3616
3616
3616
3616
3617
3617
3618
3618
3618
3619
3619
3619
3619
3619
3619
3620
3620
3620
3620
3621
3621
3621
3621
3622
3622
3622
3622
3623
3623
3624
3624
3624
3625
3625
3626
3626
3626
3626
3627
3627
3627
3627
3627
3627
3628
3628
3628
3628
3629
3629
3629
3630
3630
3630
3631
3631
3632
3632
3633
3633
3633
3633
3634
3634
3634
3634
3635
3635
3635
3635
3635
3635
3636
3636
3636
3636
3637
3637
3638
3638
3638
3639
3640
3640
3640
3640
3640
3641
3641
3641
3641
3642
3642
3642
3642
3643
3643
3643
3643
3644
3645
3645
3646
3646
3647
3647
3647
3648
3648
3648
3649
3649
3649
3649
3650
3650
3651
3651
3652
3652
3653
3653
3654
3654
3654
3654
3654
3654
3655
3655
3655
3655
3656
3656
3656
3657
3657
3657
3658
3659
3659
3659
3660
3661
3661
3661
3661
3662
3662
3662
3662
3663
3663
3664
3664
3664
3665
3666
3666
3668
3668
3668
3668
3669
3669
3669
3669
3670
3670
3670
3670
3670
3671
3671
3672
3672
3672
3673
3673
3673
3674
3674
3674
3674
3675
3675
3675
3676
3676
3676
3676
3676
3677
3677
3677
3677
3678
3678
3679
3679
3679
3679
3680
3680
3681
3681
3682
3682
3683
3683
3683
3684
3684
3684
3684
3684
3684
3684
3684
3684
3684
3684
3685
3685
3685
3685
3685
3685
3685
3685
3686
3686
3686
3687
3687
3687
3687
3688
3688
3688
3688
3688
3689
3689
3690
3690
3690
3690
3690
3690
3691
3691
3691
3691
3691
3691
3691
3691
3691
3692
3692
3692
3692
3692
3692
3692
3692
3692
3692
3693
3693
3693
3693
3694
3694
3694
3695
3695
3695
3696
3696
3696
3696
3697
3697
3697
3697
3697
3698
3698
3698
3698
3699
3699
3699
3699
3700
3700
3700
3701
3701
3701
3702
3703
3703
3704
3704
3704
3704
3704
3704
3705
3705
3705
3705
3705
3705
3705
3705
3705
3705
3705
3706
3706
3706
3706
3706
3706
3706
3706
3707
3707
3707
3708
3708
3708
3708
3709
3709
3710
3710
3711
3711
3711
3711
3711
3711
3711
3711
3711
3712
3712
3712
3712
3712
3712
3712
3712
3713
3713
3713
3713
3713
3713
3713
3713
3713
3713
3714
3714
3714
3715
3715
3715
3716
3716
3717
3718
3718
3718
3719
3719
3720
3720
3721
3721
3721
3721
3721
3722
3722
3723
3723
3723
3724
3724
3724
3724
3724
3724
3725
3725
3725
3725
3726
3726
3726
3726
3727
3727
3728
3728
3728
3729
3729
3730
3730
3730
3730
3730
3731
3731
3731
3731
3732
3732
3732
3732
3732
3733
3733
3733
3733
3734
3734
3734
3735
3735
3736
3736
3737
3737
3737
3737
3738
3738
3739
3739
3739
3739
3739
3739
3740
3740
3740
3740
3741
3741
3741
3742
3742
3742
3742
3743
3743
3743
3744
3744
3744
3745
3745
3745
3746
3746
3746
3747
3747
3747
3747
3748
3748
3749
3749
3749
3750
3750
3750
3751
3751
3751
3752
3752
3752
3753
3753
3753
3753
3753
3753
3753
3753
3753
3753
3753
3753
3754
3754
3754
3754
3754
3754
3754
3754
3754
3754
3754
3754
3755
3755
3755
3755
3755
3755
3756
3756
3756
3756
3756
3756
3756
3756
3756
3757
3757
3757
3758
3758
3758
3758
3758
3758
3759
3759
3759
3760
3760
3760
3760
3760
3761
3761
3761
3761
3761
3762
3762
3762
3762
3762
3762
3763
3763
3764
3764
3764
3765
3765
3765
3766
3766
3766
3767
3767
3767
3767
3767
3768
3768
3768
3768
3768
3769
3769
3769
3769
3769
3769
3770
3770
3771
3771
3771
3772
3772
3772
3773
3773
3773
3774
3774
3774
3775
3775
3775
3775
3775
3776
3776
3776
3776
3776
3776
3776
3776
3776
3776
3776
3776
3777
3777
3778
3778
3778
3778
3778
3778
3778
3778
3778
3779
3779
3779
3780
3780
3780
3780
3780
3781
3781
3781
3781
3781
3782
3782
3783
3783
3783
3783
3783
3784
3784
3784
3784
3784
3785
3786
3786
3787
3787
3787
3788
3788
3788
3788
3788
3788
3789
3789
3789
3789
3790
3790
3790
3790
3791
3791
3791
3792
3792
3793
3793
3794
3794
3794
3794
3794
3794
3795
3795
3795
3795
3795
3796
3796
3796
3796
3796
3797
3797
3797
3797
3797
3798
3799
3799
3799
3800
3800
3800
3801
3801
3801
3801
3801
3801
3802
3802
3802
3802
3802
3803
3803
3803
3803
3804
3804
3804
3805
3805
3805
3806
3807
3807
3807
3807
3807
3807
3808
3808
3808
3808
3808
3809
3809
3809
3810
3810
3810
3811
3811
3811
3812
3813
3813
3813
3813
3813
3813
3814
3814
3814
3814
3815
3815
3815
3815
3816
3816
3816
3817
3818
3819
3819
3819
3819
3819
3820
3820
3820
3820
3820
3821
3821
3821
3821
3822
3822
3822
3822
3822
3823
3823
3825
3825
3826
3826
3826
3826
3826
3826
3827
3827
3827
3827
3827
3827
3827
3827
3827
3827
3827
3827
3828
3828
3829
3829
3829
3830
3830
3830
3830
3830
3830
3830
3830
3830
3830
3830
3830
3831
3831
3831
3831
3831
3831
3831
3831
3831
3831
3831
3832
3833
3833
3833
3834
3834
3834
3835
3835
3835
3835
3835
3835
3835
3835
3835
3835
3835
3836
3836
3836
3836
3836
3836
3836
3836
3836
3836
3836
3836
3837
3837
3837
3838
3838
3839
3839
3839
3839
3839
3839
3839
3839
3839
3839
3840
3840
3840
3840
3840
3841
3841
3841
3842
3842
3842
3842
3842
3843
3843
3844
3844
3844
3845
3845
3845
3846
3846
3847
3847
3847
3847
3848
3848
3849
3849
3849
3849
3850
3850
3850
3851
3851
3851
3851
3851
3851
3852
3852
3852
3852
3852
3853
3853
3853
3853
3854
3854
3854
3854
3855
3855
3855
3856
3856
3856
3857
3857
3858
3858
3858
3858
3858
3859
3859
3859
3859
3860
3860
3860
3860
3860
3861
3861
3861
3861
3862
3862
3863
3863
3864
3864
3864
3865
3865
3865
3865
3866
3866
3867
3867
3867
3868
3868
3868
3869
3869
3869
3869
3869
3870
3870
3870
3870
3871
3871
3871
3871
3871
3872
3872
3873
3873
3873
3874
3874
3875
3875
3875
3876
3876
3876
3876
3876
3877
3877
3877
3878
3878
3878
3878
3879
3879
3880
3880
3880
3881
3881
3881
3881
3882
3882
3882
3882
3883
3883
3883
3883
3883
3884
3884
3884
3884
3885
3885
3886
3886
3887
3887
3888
3888
3888
3888
3888
3889
3889
3889
3890
3890
3890
3890
3891
3891
3892
3892
3892
3893
3893
3893
3894
3894
3894
3894
3894
3895
3895
3895
3895
3896
3896
3896
3896
3896
3898
3898
3898
3899
3899
3900
3900
3900
3900
3900
3900
3901
3901
3901
3901
3901
3902
3902
3902
3903
3903
3903
3903
3904
3904
3904
3905
3905
3905
3906
3906
3907
3907
3907
3907
3907
3907
3908
3908
3908
3908
3908
3909
3909
3909
3910
3910
3910
3910
3911
3911
3911
3912
3912
3912
3913
3913
3914
3914
3914
3914
3914
3914
3915
3915
3915
3915
3915
3916
3916
3916
3916
3916
3917
3917
3917
3917
3917
3918
3918
3918
3919
3919
3919
3920
3920
3920
3921
3921
3921
3921
3921
3922
3922
3922
3922
3923
3923
3923
3923
3923
3924
3924
3924
3924
3924
3925
3925
3926
3926
3927
3927
3927
3928
3928
3928
3929
3929
3929
3930
3930
3930
3931
3931
3931
3932
3932
3932
3932
3933
3933
3933
3933
3933
3934
3934
3935
3935
3935
3936
3936
3936
3936
3936
3936
3937
3937
3937
3937
3937
3938
3938
3939
3939
3939
3939
3939
3940
3940
3941
3941
3941
3942
3943
3943
3943
3944
3945
3945
3948
3949
3949
3950
3950
3950
3950
3950
3950
3951
3951
3951
3951
3951
3952
3952
3952
3952
3952
3953
3953
3953
3953
3953
3954
3954
3954
3955
3955
3955
3956
3956
3956
3957
3957
3957
3957
3958
3958
3958
3959
3959
3959
3960
3960
3960
3960
3960
3960
3961
3961
3961
3961
3961
3962
3962
3962
3962
3962
3963
3963
3963
3963
3964
3964
3964
3965
3965
3965
3966
3966
3966
3967
3967
3967
3968
3968
3968
3968
3969
3969
3970
3970
3970
3971
3971
3971
3972
3972
3972
3973
3973
3973
3974
3974
3974
3975
3975
3975
3976
3976
3976
3977
3977
3977
3977
3978
3978
3978
3978
3978
3979
3979
3979
3980
3981
3981
3981
3982
3982
3982
3983
3983
3983
3983
3983
3984
3984
3985
3985
3985
3986
3986
3987
3987
3987
3988
3988
3988
3988
3988
3988
3989
3989
3989
3989
3990
3990
3990
3990
3991
3991
3991
3991
3992
3992
3993
3993
3994
3994
3994
3995
3995
3995
3995
3996
3996
3996
3996
3996
3997
3997
3997
3998
3998
3999
3999
3999
3999
3999
3999
4000
4000
4000
4000
4001
4001
4001
4001
4002
4002
4002
4002
4002
4003
4003
4004
4004
4004
4005
4005
4005
4006
4006
4006
4006
4007
4007
4007
4007
4007
4008
4008
4008
4009
4009
4009
4010
4011
4011
4011
4011
4011
4011
4012
4012
4012
4012
4013
4013
4013
4013
4014
4014
4014
4014
4014
4015
4015
4016
4016
4016
4017
4017
4017
4018
4018
4018
4018
4019
4019
4019
4019
4019
4020
4020
4020
4021
4021
4021
4022
4022
4023
4023
4023
4024
4024
4024
4024
4024
4024
4025
4025
4025
4025
4025
4026
4026
4026
4026
4026
4027
4027
4027
4028
4028
4028
4029
4029
4029
4030
4030
4031
4031
4031
4031
4031
4032
4032
4032
4032
4032
4033
4033
4033
4034
4034
4034
4035
4035
4035
4036
4036
4036
4036
4036
4037
4037
4037
4038
4038
4039
4039
4039
4040
4040
4040
4040
4040
4041
4041
4041
4041
4042
4042
4042
4042
4043
4043
4043
4044
4044
4045
4045
4046
4047
4047
4047
4047
4048
4048
4048
4048
4049
4049
4049
4049
4050
4050
4050
4050
4051
4051
4051
4052
4053
4053
4054
4054
4054
4055
4055
4055
4055
4055
4056
4056
4056
4056
4057
4057
4057
4057
4058
4058
4058
4059
4059
4060
4060
4061
4062
4062
4062
4062
4062
4063
4063
4063
4063
4063
4064
4064
4064
4065
4065
4065
4066
4066
4067
4067
4067
4067
4067
4068
4068
4068
4068
4068
4069
4069
4070
4070
4070
4071
4071
4071
4072
4072
4072
4072
4073
4073
4074
4074
4074
4074
4074
4075
4075
4075
4075
4076
4076
4076
4076
4076
4077
4077
4077
4077
4078
4078
4079
4079
4080
4080
4080
4081
4081
4081
4082
4082
4082
4082
4082
4083
4083
4083
4084
4084
4084
4085
4085
4085
4085
4085
4086
4086
4086
4086
4087
4087
4087
4088
4088
4088
4088
4089
4089
4091
4092
4092
4092
4092
4092
4093
4093
4093
4093
4093
4094
4094
4094
4095
4095
4095
4096
4096
4096
4096
4096
4096
4097
4097
4097
4097
4097
4098
4098
4098
4098
4099
4099
4099
4099
4100
4100
4100
4101
4101
4101
4102
4102
4103
4103
4103
4103
4103
4103
4104
4104
4104
4105
4105
4105
4105
4106
4106
4106
4107
4107
4107
4107
4107
4107
4107
4107
4107
4107
4107
4107
4108
4108
4108
4108
4108
4108
4108
4108
4108
4108
4108
4108
4109
4109
4109
4109
4109
4110
4110
4110
4110
4110
4110
4111
4111
4111
4112
4112
4112
4113
4113
4113
4113
4113
4113
4113
4113
4113
4113
4113
4114
4114
4114
4115
4115
4115
4115
4115
4116
4116
4116
4116
4116
4116
4116
4116
4116
4116
4116
4117
4117
4117
4117
4118
4118
4118
4118
4119
4119
4119
4119
4120
4120
4120
4120
4121
4121
4122
4122
4123
4123
4124
4124
4124
4125
4125
4125
4126
4126
4126
4126
4127
4127
4127
4127
4127
4128
4128
4128
4128
4128
4129
4129
4129
4129
4129
4130
4130
4130
4130
4130
4131
4131
4131
4132
4132
4132
4133
4133
4133
4134
4134
4134
4134
4134
4135
4135
4135
4135
4136
4136
4136
4136
4136
4137
4137
4137
4137
4138
4138
4139
4139
4139
4139
4140
4140
4140
4140
4141
4141
4141
4142
4142
4142
4143
4143
4143
4144
4144
4144
4144
4145
4145
4145
4146
4146
4146
4146
4146
4146
4146
4146
4146
4147
4147
4147
4147
4147
4147
4147
4147
4147
4147
4147
4147
4148
4148
4148
4148
4148
4149
4149
4149
4149
4149
4149
4150
4150
4150
4150
4151
4151
4151
4152
4152
4152
4152
4152
4152
4152
4152
4152
4153
4153
4153
4154
4154
4154
4154
4154
4154
4155
4155
4155
4155
4155
4155
4155
4155
4155
4155
4155
4156
4156
4156
4156
4157
4157
4157
4158
4158
4159
4159
4159
4159
4159
4160
4160
4160
4160
4161
4161
4161
4161
4162
4162
4162
4162
4163
4163
4164
4164
4165
4166
4166
4167
4167
4167
4167
4167
4168
4168
4168
4169
4169
4169
4169
4169
4169
4169
4169
4170
4170
4170
4170
4170
4171
4171
4171
4171
4171
4171
4171
4171
4172
4172
4172
4172
4172
4173
4173
4174
4174
4174
4175
4175
4175
4175
4175
4176
4176
4176
4176
4176
4176
4177
4177
4177
4177
4177
4177
4177
4178
4178
4178
4178
4178
4178
4179
4179
4179
4179
4179
4179
4179
4180
4180
4180
4180
4181
4181
4182
4182
4183
4183
4183
4183
4183
4183
4183
4183
4184
4184
4185
4185
4185
4185
4185
4185
4185
4185
4186
4186
4186
4186
4186
4187
4187
4187
4187
4187
4187
4187
4188
4188
4188
4188
4189
4189
4189
4189
4189
4190
4190
4190
4191
4191
4191
4191
4191
4191
4191
4192
4192
4192
4192
4192
4192
4193
4193
4193
4193
4193
4193
4193
4194
4194
4194
4194
4194
4195
4195
4195
4195
4195
4195
4196
4196
4196
4196
4196
4197
4197
4197
4197
4197
4198
4198
4198
4198
4199
4199
4199
4199
4200
4200
4201
4201
4201
4202
4202
4203
4203
4203
4203
4203
4204
4204
4204
4205
4205
4205
4205
4206
4206
4206
4206
4208
4208
4209
4209
4210
4210
4210
4211
4211
4211
4212
4212
4212
4212
4212
4213
4213
4213
4213
4213
4214
4214
4214
4214
4214
4215
4216
4216
4217
4217
4217
4218
4218
4218
4218
4218
4218
4219
4219
4219
4219
4220
4220
4220
4220
4221
4221
4221
4222
4222
4223
4224
4224
4224
4224
4224
4224
4225
4225
4225
4225
4226
4226
4226
4226
4226
4227
4227
4227
4227
4227
4228
4228
4229
4229
4229
4230
4230
4230
4231
4231
4231
4231
4231
4232
4232
4233
4233
4234
4234
4235
4235
4236
4236
4236
4236
4236
4237
4237
4237
4238
4238
4238
4239
4239
4239
4239
4239
4239
4240
4240
4240
4240
4240
4240
4240
4240
4240
4240
4240
4240
4241
4241
4242
4242
4242
4242
4242
4242
4242
4242
4243
4243
4243
4244
4244
4244
4244
4244
4245
4245
4245
4245
4245
4245
4246
4246
4246
4247
4247
4247
4248
4248
4248
4248
4248
4248
4248
4248
4248
4248
4248
4249
4249
4249
4249
4249
4250
4250
4250
4250
4251
4251
4251
4251
4252
4252
4252
4252
4253
4253
4254
4254
4255
4255
4256
4256
4256
4256
4256
4257
4257
4258
4258
4259
4259
4260
4260
4260
4260
4261
4261
4261
4262
4262
4262
4263
4263
4263
4263
4263
4263
4264
4264
4264
4265
4265
4265
4265
4265
4265
4265
4265
4266
4266
4267
4267
4267
4267
4267
4267
4267
4268
4268
4268
4268
4269
4269
4269
4269
4270
4270
4270
4271
4271
4271
4272
4272
4272
4272
4272
4272
4273
4273
4273
4273
4273
4273
4274
4274
4274
4274
4275
4275
4275
4275
4275
4275
4275
4276
4276
4276
4276
4277
4277
4277
4278
4278
4278
4279
4279
4279
4279
4279
4279
4280
4280
4280
4280
4280
4280
4281
4281
4281
4281
4281
4281
4281
4282
4282
4282
4282
4283
4283
4283
4283
4283
4283
4284
4284
4284
4285
4285
4285
4285
4285
4286
4286
4287
4287
4287
4287
4287
4287
4287
4288
4288
4288
4288
4289
4289
4289
4289
4289
4289
4290
4290
4290
4290
4290
4291
4291
4291
4291
4291
4292
4292
4292
4292
4293
4293
4293
4293
4294
4294
4294
4295
4295
4296
4296
4297
4297
4297
4297
4297
4297
4298
4298
4298
4298
4298
4299
4299
4299
4299
4300
4300
4300
4301
4301
4301
4302
4303
4303
4303
4303
4304
4304
4304
4304
4305
4305
4305
4306
4306
4306
4306
4307
4307
4307
4307
4307
4308
4308
4308
4308
4308
4309
4309
4309
4309
4310
4310
4310
4312
4312
4313
4313
4314
4314
4314
4315
4315
4315
4315
4315
4316
4316
4316
4317
4317
4318
4318
4318
4319
4319
4319
4319
4320
4320
4320
4320
4321
4321
4321
4321
4322
4322
4323
4323
4324
4324
4325
4325
4325
4326
4326
4327
4327
4327
4327
4328
4328
4328
4329
4329
4329
4329
4330
4330
4330
4330
4330
4331
4331
4331
4332
4332
4332
4333
4334
4334
4334
4334
4335
4335
4335
4335
4336
4336
4336
4337
4337
4337
4338
4338
4338
4338
4339
4339
4339
4339
4340
4340
4340
4341
4341
4341
4342
4342
4342
4342
4342
4343
4343
4343
4343
4343
4344
4344
4344
4344
4344
4345
4345
4346
4347
4347
4347
4348
4348
4348
4348
4348
4349
4349
4349
4349
4350
4350
4350
4350
4351
4351
4351
4351
4352
4352
4353
4353
4354
4354
4355
4355
4355
4356
4356
4356
4356
4357
4357
4358
4359
4360
4360
4360
4360
4360
4361
4361
4361
4361
4362
4362
4363
4363
4363
4364
4364
4364
4364
4365
4365
4365
4365
4366
4367
4367
4367
4368
4368
4368
4368
4368
4369
4369
4369
4369
4369
4370
4370
4370
4370
4370
4371
4371
4372
4372
4372
4373
4374
4374
4375
4375
4375
4376
4376
4376
4376
4377
4377
4377
4378
4378
4378
4379
4379
4379
4379
4380
4380
4381
4381
4381
4381
4382
4382
4382
4382
4383
4383
4383
4384
4384
4384
4384
4385
4385
4385
4386
4386
4386
4387
4387
4387
4387
4388
4388
4389
4389
4389
4389
4390
4390
4390
4390
4391
4391
4391
4392
4392
4392
4393
4393
4393
4393
4394
4394
4394
4394
4395
4395
4395
4396
4396
4397
4397
4397
4398
4398
4398
4398
4399
4399
4399
4400
4400
4400
4401
4401
4401
4402
4402
4402
4402
4403
4403
4403
4404
4404
4404
4405
4405
4405
4405
4406
4406
4406
4406
4407
4407
4407
4408
4408
4408
4408
4409
4409
4409
4410
4410
4410
4410
4411
4411
4411
4411
4412
4412
4412
4413
4413
4413
4414
4414
4414
4414
4415
4415
4415
4415
4416
4416
4416
4417
4417
4417
4417
4417
4418
4418
4418
4418
4419
4419
4419
4419
4420
4420
4420
4421
4421
4423
4423
4424
4424
4424
4424
4425
4425
4425
4425
4426
4426
4426
4427
4427
4427
4427
4428
4428
4428
4428
4429
4429
4429
4430
4430
4430
4430
4431
4431
4432
4432
4432
4433
4433
4433
4433
4434
4434
4434
4434
4435
4435
4435
4436
4436
4436
4436
4436
4436
4437
4437
4437
4437
4438
4438
4438
4438
4439
4439
4439
4439
4440
4440
4441
4441
4441
4442
4442
4442
4443
4443
4443
4443
4443
4443
4444
4444
4444
4444
4445
4445
4445
4445
4446
4446
4446
4446
4446
4447
4447
4448
4448
4448
4449
4449
4449
4450
4450
4450
4450
4450
4451
4451
4451
4451
4452
4452
4452
4452
4453
4453
4453
4453
4454
4454
4456
4456
4457
4457
4457
4457
4458
4458
4458
4458
4459
4459
4459
4460
4460
4460
4460
4461
4461
4461
4461
4461
4462
4462
4462
4462
4463
4463
4463
4464
4464
4465
4465
4465
4465
4465
4466
4466
4466
4466
4467
4467
4467
4467
4468
4468
4468
4468
4468
4469
4469
4470
4470
4471
4471
4471
4472
4472
4472
4473
4473
4473
4473
4474
4474
4475
4475
4475
4475
4475
4476
4476
4476
4476
4477
4477
4477
4477
4478
4478
4478
4479
4479
4480
4480
4481
4482
4482
4482
4482
4482
4483
4483
4483
4483
4484
4484
4484
4484
4485
4485
4485
4485
4485
4486
4486
4487
4487
4488
4488
4488
4489
4489
4489
4490
4490
4490
4490
4491
4491
4492
4492
4492
4492
4492
4493
4493
4493
4493
4494
4494
4494
4494
4495
4495
4495
4496
4496
4497
4497
4498
4499
4499
4499
4499
4499
4499
4500
4500
4500
4500
4501
4501
4501
4501
4502
4502
4502
4502
4502
4503
4503
4504
4504
4504
4505
4505
4505
4506
4506
4506
4507
4507
4507
4507
4507
4507
4508
4508
4508
4508
4508
4509
4509
4509
4509
4510
4510
4510
4511
4512
4512
4512
4513
4513
4513
4513
4513
4513
4514
4514
4514
4514
4515
4515
4515
4515
4516
4516
4516
4517
4517
4518
4518
4518
4519
4520
4520
4520
4521
4521
4521
4521
4522
4522
4522
4523
4523
4523
4524
4524
4524
4525
4525
4525
4526
4526
4526
4526
4526
4527
4527
4528
4528
4529
4529
4530
4530
4530
4530
4530
4531
4531
4531
4531
4532
4532
4532
4532
4532
4533
4533
4533
4534
4534
4535
4535
4536
4537
4537
4537
4538
4538
4538
4538
4538
4539
4539
4540
4540
4541
4541
4542
4542
4542
4542
4542
4543
4543
4543
4543
4544
4544
4544
4544
4544
4545
4545
4545
4545
4545
4546
4546
4547
4547
4548
4548
4548
4549
4549
4549
4549
4550
4550
4551
4551
4552
4552
4553
4553
4553
4553
4553
4554
4554
4554
4554
4555
4555
4556
4556
4556
4557
4557
4557
4557
4558
4558
4558
4558
4559
4559
4559
4559
4560
4560
4560
4560
4561
4561
4562
4562
4564
4564
4564
4565
4565
4565
4565
4566
4566
4566
4566
4567
4567
4567
4567
4568
4568
4569
4569
4570
4571
4571
4571
4571
4571
4572
4572
4572
4572
4573
4573
4573
4574
4574
4574
4575
4575
4576
4576
4576
4576
4577
4577
4577
4577
4578
4578
4578
4578
4579
4579
4579
4579
4580
4580
4581
4581
4582
4583
4583
4584
4584
4584
4585
4585
4586
4586
4586
4587
4587
4587
4588
4588
4588
4588
4588
4589
4589
4589
4589
4589
4590
4590
4590
4590
4590
4591
4591
4591
4592
4592
4592
4593
4594
4594
4594
4595
4595
4595
4595
4596
4596
4596
4596
4596
4597
4597
4597
4597
4598
4598
4598
4599
4599
4599
4600
4600
4600
4601
4601
4601
4601
4602
4602
4602
4603
4604
4604
4604
4604
4604
4604
4605
4605
4605
4605
4605
4606
4606
4606
4606
4606
4607
4607
4607
4607
4607
4608
4608
4608
4609
4609
4609
4610
4610
4610
4611
4611
4611
4611
4612
4612
4612
4613
4614
4614
4614
4614
4614
4615
4615
4616
4616
4617
4617
4618
4618
4618
4619
4619
4619
4619
4619
4620
4620
4620
4620
4620
4621
4621
4621
4621
4621
4622
4622
4622
4623
4623
4623
4624
4625
4625
4626
4626
4626
4627
4627
4627
4627
4628
4628
4628
4628
4629
4629
4629
4630
4631
4633
4633
4633
4633
4634
4634
4634
4635
4635
4635
4636
4636
4636
4636
4637
4637
4637
4637
4638
4638
4638
4639
4639
4639
4640
4640
4640
4641
4641
4641
4642
4642
4643
4643
4644
4644
4644
4645
4645
4646
4646
4647
4647
4648
4648
4649
4649
4650
4650
4651
4651
4652
4652
4652
4652
4653
4653
4654
4654
4655
4655
4655
4656
4657
4657
4658
4658
4659
4659
4660
4660
4660
4660
4661
4661
4662
4662
4663
4663
4663
4663
4664
4664
4665
4665
4665
4666
4666
4666
4667
4668
4669
4670
4670
4671
4671
4671
4672
4672
4672
4673
4673
4673
4674
4674
4675
4675
4675
4676
4676
4677
4677
4678
4678
4678
4679
4679
4680
4680
4681
4681
4682
4683
4683
4684
4684
4685
4685
4686
4686
4687
4687
4687
4687
4688
4688
4689
4689
4690
4690
4690
4691
4691
4692
4692
4693
4693
4694
4696
4696
4697
4697
4698
4698
4699
4699
4699
4699
4700
4700
4701
4701
4701
4702
4702
4702
4703
4704
4705
4705
4706
4706
4706
4706
4707
4708
4708
4709
4709
4709
4710
4710
4710
4711
4711
4711
4712
4712
4712
4713
4714
4715
4715
4716
4717
4717
4718
4718
4718
4719
4720
4720
4721
4721
4722
4722
4722
4722
4722
4723
4723
4724
4724
4725
4725
4725
4725
4726
4726
4727
4727
4727
4728
4728
4728
4728
4729
4729
4729
4730
4730
4730
4731
4732
4734
4734
4734
4735
4735
4736
4736
4737
4737
4738
4738
4738
4738
4739
4739
4740
4740
4740
4740
4741
4741
4741
4742
4742
4742
4742
4743
4744
4744
4744
4745
4745
4745
4746
4746
4747
4747
4747
4747
4747
4748
4749
4749
4750
4750
4750
4750
4751
4751
4751
4752
4752
4753
4753
4753
4753
4755
4755
4756
4757
4757
4757
4758
4758
4758
4758
4759
4759
4759
4760
4760
4760
4761
4762
4764
4765
4765
4766
4767
4767
4767
4768
4768
4768
4769
4769
4770
4770
4770
4770
4772
4772
4773
4774
4774
4774
4774
4775
4776
4777
4777
4777
4778
4778
4778
4778
4779
4779
4780
4780
4780
4780
4780
4781
4781
4782
4782
4783
4783
4783
4784
4784
4784
4784
4785
4785
4785
4786
4786
4786
4787
4788
4790
4790
4790
4791
4791
4792
4792
4793
4793
4794
4794
4794
4795
4795
4796
4796
4796
4796
4797
4797
4797
4798
4798
4798
4798
4799
4800
4800
4800
4801
4801
4801
4802
4802
4803
4803
4803
4803
4803
4804
4804
4805
4805
4806
4806
4806
4806
4807
4807
4807
4808
4808
4809
4809
4809
4809
4811
4811
4812
4813
4813
4813
4814
4814
4814
4814
4815
4815
4815
4816
4816
4816
4817
4818
4820
4820
4821
4821
4821
4821
4822
4823
4823
4823
4824
4824
4825
4825
4825
4826
4826
4826
4827
4827
4828
4828
4828
4828
4830
4831
4832
4832
4832
4833
4834
4834
4835
4835
4836
4836
4836
4836
4837
4837
4838
4838
4838
4839
4839
4840
4840
4841
4841
4841
4841
4842
4842
4842
4843
4843
4844
4844
4844
4844
4846
4846
4847
4848
4848
4848
4849
4849
4849
4849
4849
4850
4850
4851
4851
4852
4852
4852
4853
4853
4853
4853
4854
4854
4854
4855
4855
4855
4856
4857
4859
4859
4859
4859
4859
4860
4860
4860
4861
4861
4861
4862
4863
4864
4864
4865
4865
4865
4865
4865
4866
4866
4866
4867
4867
4867
4868
4869
4870
4870
4871
4871
4871
4872
4872
4872
4873
4873
4873
4874
4874
4874
4874
4876
4877
4878
4878
4879
4879
4879
4879
4880
4881
4881
4881
4882
4883
4883
4884
4884
4885
4885
4886
4886
4886
4886
4886
4887
4887
4887
4887
4888
4888
4888
4888
4888
4889
4890
4891
4891
4891
4892
4892
4892
4892
4893
4893
4893
4893
4894
4894
4894
4895
4895
4895
4895
4896
4897
4897
4898
4899
4899
4899
4899
4900
4900
4901
4901
4901
4902
4903
4903
4904
4904
4904
4905
4905
4906
4906
4906
4907
4907
4908
4908
4908
4908
4908
4909
4909
4910
4910
4911
4911
4911
4911
4911
4912
4912
4912
4912
4913
4913
4913
4913
4914
4915
4916
4916
4916
4917
4917
4917
4917
4918
4918
4918
4919
4919
4920
4920
4920
4920
4922
4922
4923
4924
4924
4924
4924
4924
4925
4925
4925
4926
4927
4928
4928
4929
4929
4929
4929
4930
4930
4931
4931
4931
4932
4932
4933
4935
4936
4936
4936
4936
4937
4937
4937
4938
4938
4938
4938
4938
4940
4940
4941
4941
4942
4942
4943
4944
4944
4944
4944
4944
4945
4945
4945
4946
4946
4946
4947
4947
4947
4947
4949
4949
4950
4950
4951
4951
4952
4952
4953
4953
4954
4954
4954
4954
4955
4955
4955
4955
4956
4956
4956
4957
4957
4957
4957
4958
4959
4959
4960
4961
4961
4962
4962
4962
4962
4963
4964
4965
4965
4966
4966
4967
4967
4967
4968
4968
4969
4969
4969
4970
4971
4971
4972
4972
4972
4972
4973
4973
4974
4974
4975
4975
4975
4977
4978
4979
4979
4979
4980
4980
4981
4981
4981
4982
4982
4982
4982
4983
4983
4983
4983
4984
4984
4984
4984
4985
4987
4988
4988
4988
4988
4989
4989
4990
4990
4991
4991
4992
4994
4995
4995
4995
4995
4995
4996
4996
4996
4997
4998
4999
4999
5000
5000
5000
5000
5001
5001
5001
5001
5001
5003
5003
5004
5004
5005
5005
5005
5006
5007
5007
5007
5007
5008
5008
5008
5009
5010
5011
5012
5012
5012
5012
5012
5013
5013
5013
5014
5014
5014
5015
5015
5015
5015
5016
5017
5017
5018
5018
5019
5019
5019
5019
5020
5020
5020
5020
5021
5021
5021
5022
5022
5022
5022
5023
5024
5024
5025
5026
5026
5026
5026
5027
5028
5028
5028
5029
5030
5030
5031
5031
5032
5032
5032
5033
5033
5033
5033
5033
5034
5034
5035
5036
5036
5036
5036
5036
5037
5037
5038
5038
5038
5039
5039
5039
5040
5041
5042
5042
5043
5043
5043
5043
5044
5044
5044
5045
5045
5046
5046
5046
5046
5048
5048
5049
5050
5050
5050
5050
5051
5051
5052
5052
5053
5053
5054
5056
5057
5057
5057
5057
5057
5058
5058
5058
5059
5060
5061
5061
5062
5062
5062
5062
5063
5063
5063
5063
5063
5065
5065
5066
5066
5067
5067
5068
5069
5069
5069
5069
5070
5070
5071
5071
5071
5072
5072
5072
5073
5074
5075
5075
5076
5076
5076
5078
5078
5079
5079
5079
5080
5080
5080
5080
5081
5081
5081
5081
5082
5082
5082
5082
5082
5083
5085
5085
5086
5086
5087
5088
5089
5089
5090
5090
5090
5090
5091
5092
5092
5093
5093
5094
5095
5095
5095
5095
5095
5096
5096
5096
5097
5097
5097
5097
5098
5098
5098
5099
5099
5101
5101
5102
5102
5102
5102
5103
5103
5103
5103
5104
5104
5104
5105
5105
5105
5105
5106
5107
5107
5108
5109
5109
5110
5110
5111
5111
5111
5112
5112
5113
5113
5114
5114
5114
5114
5115
5115
5117
5118
5118
5118
5118
5119
5119
5119
5120
5120
5120
5120
5121
5121
5121
5122
5122
5124
5124
5125
5125
5126
5126
5127
5127
5127
5128
5128
5128
5128
5130
5130
5131
5131
5132
5132
5132
5133
5133
5134
5134
5134
5135
5135
5136
5137
5138
5138
5138
5139
5140
5140
5140
5140
5141
5141
5141
5142
5143
5143
5143
5144
5144
5144
5145
5145
5145
5145
5146
5146
5146
5147
5147
5147
5147
5148
5149
5150
5151
5151
5152
5152
5152
5153
5153
5154
5154
5154
5155
5155
5156
5157
5157
5158
5159
5159
5159
5159
5159
5160
5160
5160
5161
5161
5161
5161
5162
5162
5162
5163
5163
5164
5165
5165
5166
5166
5166
5166
5167
5167
5167
5167
5168
5168
5168
5169
5169
5169
5169
5170
5172
5173
5173
5173
5174
5174
5174
5175
5175
5175
5177
5177
5178
5179
5179
5179
5180
5180
5181
5183
5183
5184
5184
5184
5185
5186
5187
5187
5188
5188
5188
5189
5190
5190
5191
5191
5191
5192
5194
5195
5195
5196
5196
5197
5197
5198
5198
5199
5199
5199
5200
5200
5201
5201
5202
5202
5202
5202
5203
5203
5204
5204
5205
5205
5205
5206
5207
5207
5208
5208
5209
5209
5210
5210
5211
5211
5211
5212
5212
5213
5213
5214
5214
5214
5214
5215
5215
5216
5216
5217
5217
5217
5218
5219
5219
5220
5220
5220
5221
5222
5222
5222
5222
5222
5223
5223
5224
5224
5225
5225
5225
5226
5227
5228
5228
5229
5229
5229
5229
5229
5230
5230
5230
5231
5232
5233
5233
5234
5234
5234
5234
5235
5235
5235
5237
5238
5238
5239
5239
5239
5239
5239
5240
5240
5241
5241
5241
5242
5242
5242
5243
5244
5245
5245
5246
5246
5246
5246
5247
5247
5247
5248
5248
5248
5249
5249
5249
5249
5249
5251
5251
5252
5252
5253
5253
5253
5253
5254
5254
5254
5255
5255
5255
5256
5256
5256
5256
5256
5258
5258
5259
5259
5260
5260
5260
5261
5261
5261
5262
5262
5262
5262
5263
5263
5263
5263
5265
5266
5267
5268
5268
5270
5271
5271
5272
5272
5272
5272
5273
5274
5274
5275
5275
5275
5275
5275
5276
5276
5277
5277
5277
5278
5279
5280
5280
5281
5281
5281
5281
5281
5282
5282
5282
5283
5284
5285
5285
5286
5286
5286
5286
5287
5287
5287
5289
5290
5290
5291
5291
5291
5291
5291
5292
5292
5293
5293
5293
5294
5294
5294
5295
5296
5297
5297
5298
5298
5298
5298
5299
5299
5299
5300
5300
5300
5301
5301
5301
5301
5301
5303
5303
5304
5304
5305
5305
5305
5305
5306
5306
5306
5307
5307
5307
5308
5308
5308
5308
5308
5310
5310
5311
5311
5312
5312
5312
5313
5313
5313
5314
5314
5314
5315
5315
5315
5315
5317
5318
5319
5320
5322
5322
5322
5323
5324
5324
5324
5325
5325
5326
5326
5327
5327
5328
5328
5328
5328
5328
5329
5329
5330
5330
5330
5331
5331
5331
5332
5333
5334
5334
5335
5335
5335
5335
5336
5336
5337
5337
5337
5338
5338
5338
5338
5340
5341
5341
5342
5342
5342
5342
5343
5343
5344
5344
5344
5345
5345
5345
5345
5345
5347
5347
5348
5348
5349
5349
5349
5350
5350
5350
5351
5351
5351
5352
5352
5352
5352
5354
5355
5356
5356
5356
5357
5358
5358
5358
5359
5359
5360
5360
5361
5361
5362
5362
5362
5362
5362
5363
5363
5364
5364
5364
5365
5365
5365
5366
5367
5368
5368
5369
5369
5369
5369
5370
5370
5371
5371
5371
5372
5372
5372
5372
5374
5375
5375
5376
5376
5376
5376
5377
5377
5377
5378
5378
5378
5379
5379
5379
5379
5379
5381
5381
5382
5382
5383
5383
5383
5384
5384
5385
5385
5385
5386
5386
5386
5386
5388
5389
5390
5390
5390
5390
5391
5392
5392
5393
5393
5393
5394
5394
5395
5395
5395
5396
5396
5396
5396
5397
5398
5398
5399
5399
5399
5399
5400
5400
5400
5401
5401
5402
5403
5403
5404
5404
5404
5404
5405
5405
5406
5406
5406
5407
5407
5407
5407
5407
5409
5409
5410
5410
5411
5411
5411
5412
5412
5413
5413
5413
5413
5413
5414
5414
5415
5415
5416
5416
5417
5418
5418
5418
5419
5419
5419
5420
5421
5421
5421
5421
5422
5422
5423
5423
5423
5424
5424
5424
5425
5426
5426
5426
5427
5428
5428
5428
5428
5429
5429
5429
5430
5431
5431
5432
5432
5433
5433
5434
5434
5434
5434
5434
5435
5435
5436
5436
5436
5437
5437
5437
5438
5439
5440
5440
5441
5441
5441
5442
5442
5442
5443
5443
5443
5445
5445
5446
5446
5446
5447
5447
5448
5448
5448
5448
5448
5449
5449
5450
5450
5451
5451
5451
5451
5452
5452
5452
5453
5454
5454
5455
5455
5455
5456
5456
5457
5457
5457
5458
5458
5458
5458
5458
5459
5459
5460
5460
5461
5461
5461
5461
5462
5462
5462
5463
5464
5464
5465
5465
5465
5466
5466
5466
5466
5466
5467
5467
5468
5468
5469
5469
5469
5470
5471
5472
5472
5472
5473
5473
5474
5474
5474
5474
5475
5475
5476
5477
5477
5477
5478
5478
5478
5478
5479
5479
5479
5479
5480
5480
5480
5480
5481
5482
5483
5484
5484
5485
5485
5486
5486
5486
5487
5487
5487
5487
5487
5488
5488
5489
5489
5490
5490
5490
5491
5491
5492
5492
5492
5492
5492
5493
5493
5494
5494
5495
5495
5495
5496
5496
5496
5496
5497
5497
5497
5497
5498
5498
5498
5498
5499
5500
5501
5502
5502
5502
5503
5504
5504
5504
5504
5505
5506
5506
5506
5507
5508
5508
5509
5509
5510
5510
5511
5511
5511
5511
5512
5512
5512
5512
5513
5514
5514
5514
5515
5515
5515
5516
5516
5516
5516
5516
5517
5517
5518
5518
5519
5519
5519
5519
5519
5520
5520
5521
5521
5521
5522
5522
5522
5523
5524
5525
5525
5526
5526
5526
5527
5527
5528
5528
5528
5528
5529
5529
5529
5530
5530
5530
5531
5531
5531
5531
5531
5533
5533
5534
5534
5535
5535
5535
5535
5536
5536
5536
5537
5538
5538
5539
5539
5539
5540
5540
5540
5540
5540
5541
5541
5542
5542
5543
5543
5544
5544
5544
5544
5544
5545
5545
5546
5546
5546
5547
5547
5547
5548
5549
5550
5550
5551
5551
5551
5552
5552
5552
5553
5553
5553
5555
5555
5556
5556
5556
5556
5556
5557
5557
5557
5558
5558
5558
5559
5559
5559
5559
5560
5561
5561
5562
5562
5563
5563
5563
5564
5564
5566
5566
5567
5567
5567
5568
5568
5569
5569
5569
5569
5569
5570
5570
5571
5571
5572
5572
5572
5572
5572
5573
5573
5574
5574
5574
5575
5575
5575
5576
5577
5578
5578
5579
5579
5579
5579
5580
5580
5580
5581
5581
5582
5583
5583
5584
5584
5584
5584
5585
5585
5585
5586
5586
5586
5587
5587
5587
5587
5587
5589
5589
5590
5590
5591
5591
5591
5591
5592
5592
5592
5593
5594
5594
5595
5595
5595
5595
5596
5596
5596
5597
5597
5597
5598
5598
5598
5598
5598
5600
5600
5601
5601
5602
5602
5602
5603
5603
5604
5604
5604
5604
5604
5605
5605
5606
5606
5607
5607
5607
5608
5609
5609
5609
5609
5609
5610
5610
5611
5611
5612
5612
5612
5614
5615
5615
5616
5616
5617
5617
5618
5618
5618
5618
5619
5619
5619
5619
5620
5621
5621
5621
5622
5622
5622
5623
5623
5623
5623
5623
5624
5624
5625
5625
5626
5626
5626
5626
5626
5627
5627
5628
5628
5628
5629
5629
5629
5630
5631
5632
5632
5633
5633
5633
5634
5634
5635
5635
5635
5635
5636
5636
5636
5637
5637
5637
5638
5638
5638
5638
5638
5640
5640
5641
5641
5642
5642
5642
5642
5643
5643
5643
5644
5645
5645
5646
5646
5646
5647
5647
5647
5647
5647
5648
5648
5649
5649
5650
5650
5650
5650
5650
5651
5651
5652
5652
5652
5653
5653
5653
5654
5655
5656
5656
5657
5657
5657
5657
5657
5658
5658
5659
5659
5659
5659
5660
5660
5660
5660
5660
5661
5662
5662
5663
5663
5663
5664
5664
5664
5664
5664
5665
5665
5666
5666
5666
5666
5667
5667
5667
5667
5668
5669
5670
5670
5670
5671
5671
5671
5672
5672
5672
5672
5673
5673
5673
5673
5674
5674
5674
5674
5675
5676
5677
5678
5678
5679
5680
5680
5681
5683
5683
5683
5683
5684
5684
5685
5685
5685
5686
5686
5687
5688
5688
5688
5688
5688
5689
5689
5690
5690
5690
5691
5691
5691
5692
5693
5694
5694
5695
5695
5695
5695
5695
5696
5696
5697
5697
5697
5698
5698
5698
5699
5700
5701
5701
5702
5702
5702
5702
5702
5703
5703
5704
5704
5704
5705
5705
5705
5706
5707
5708
5708
5709
5709
5709
5710
5710
5710
5711
5711
5711
5712
5712
5712
5712
5714
5715
5716
5716
5716
5717
5718
5718
5718
5718
5718
5719
5719
5719
5720
5720
5721
5721
5721
5721
5723
5723
5724
5724
5725
5725
5726
5726
5727
5727
5727
5727
5728
5728
5728
5728
5729
5730
5730
5730
5731
5731
5731
5732
5732
5732
5732
5732
5733
5733
5734
5734
5735
5735
5735
5735
5735
5736
5736
5737
5737
5737
5737
5738
5738
5738
5738
5739
5740
5741
5741
5741
5742
5742
5743
5743
5743
5743
5744
5744
5744
5745
5745
5745
5745
5745
5747
5747
5748
5748
5749
5749
5749
5749
5750
5750
5750
5751
5752
5752
5753
5753
5753
5754
5754
5754
5754
5754
5755
5756
5756
5757
5757
5757
5757
5757
5757
5758
5758
5758
5759
5759
5759
5760
5760
5760
5761
5761
5762
5762
5763
5763
5764
5764
5764
5764
5764
5765
5765
5765
5766
5766
5766
5767
5767
5768
5768
5769
5770
5771
5771
5771
5772
5772
5772
5773
5773
5773
5774
5774
5774
5774
5776
5777
5778
5779
5779
5780
5781
5781
5782
5782
5782
5783
5783
5784
5784
5784
5785
5785
5785
5786
5786
5786
5787
5787
5787
5787
5789
5791
5791
5792
5792
5793
5793
5794
5794
5795
5795
5795
5795
5796
5796
5797
5797
5798
5798
5798
5798
5799
5799
5800
5800
5800
5801
5801
5801
5802
5802
5802
5803
5803
5803
5803
5805
5807
5807
5807
5807
5808
5808
5809
5809
5809
5810
5810
5811
5813
5814
5814
5814
5814
5815
5815
5815
5815
5816
5816
5816
5817
5817
5817
5817
5818
5819
5819
5820
5821
5821
5821
5822
5823
5823
5823
5823
5823
5824
5824
5825
5825
5825
5827
5828
5829
5830
5830
5830
5830
5831
5831
5831
5831
5832
5833
5833
5833
5834
5834
5834
5835
5835
5835
5835
5835
5836
5837
5837
5838
5838
5838
5839
5840
5840
5841
5841
5842
5843
5843
5843
5844
5844
5844
5845
5845
5845
5845
5846
5846
5846
5846
5847
5848
5849
5849
5850
5850
5851
5851
5851
5851
5852
5853
5854
5854
5854
5854
5855
5855
5856
5856
5856
5857
5857
5858
5860
5861
5861
5861
5861
5861
5862
5862
5862
5863
5864
5865
5865
5866
5866
5866
5867
5867
5868
5868
5869
5869
5869
5869
5871
5872
5873
5873
5874
5875
5875
5875
5875
5876
5876
5877
5877
5878
5878
5878
5880
5881
5882
5882
5882
5883
5883
5883
5884
5884
5884
5885
5885
5885
5885
5887
5888
5889
5890
5890
5891
5891
5892
5892
5892
5892
5893
5893
5894
5894
5894
5894
5895
5895
5896
5896
5896
5897
5897
5897
5897
5899
5900
5900
5901
5901
5901
5902
5902
5902
5903
5903
5903
5904
5904
5904
5904
5906
5907
5908
5908
5908
5908
5909
5909
5910
5910
5911
5911
5912
5914
5915
5915
5915
5915
5916
5916
5917
5917
5918
5918
5919
5921
5922
5922
5922
5922
5923
5923
5923
5925
5925
5926
5926
5927
5928
5928
5928
5929
5929
5929
5930
5930
5930
5930
5931
5931
5931
5932
5933
5934
5935
5936
5936
5937
5937
5937
5937
5938
5939
5940
5940
5940
5940
5941
5941
5941
5942
5943
5943
5944
5944
5945
5945
5945
5945
5946
5946
5947
5947
5947
5947
5947
5948
5948
5948
5949
5949
5949
5949
5950
5950
5950
5951
5951
5953
5953
5954
5954
5954
5955
5955
5956
5956
5956
5956
5956
5957
5957
5958
5958
5959
5959
5959
5959
5960
5960
5960
5960
5961
5961
5961
5961
5962
5962
5962
5963
5963
5964
5965
5966
5966
5967
5968
5968
5968
5968
5969
5969
5969
5970
5970
5970
5970
5971
5971
5971
5971
5971
5973
5973
5974
5974
5974
5975
5975
5976
5976
5977
5977
5977
5978
5978
5978
5979
5979
5979
5980
5980
5980
5980
5980
5982
5983
5983
5984
5984
5984
5985
5986
5986
5987
5987
5988
5988
5988
5988
5989
5989
5990
5990
5991
5991
5992
5992
5992
5992
5993
5993
5993
5994
5994
5994
5995
5995
5995
5995
5995
5997
5997
5998
5998
5999
5999
5999
5999
6000
6000
6001
6001
6001
6002
6002
6002
6002
6003
6003
6003
6003
6004
6004
6004
6004
6005
6006
6007
6008
6008
6009
6010
6010
6011
6011
6012
6013
6013
6013
6013
6013
6014
6014
6014
6015
6015
6015
6015
6015
6016
6016
6016
6016
6017
6017
6019
6019
6019
6020
6020
6020
6020
6020
6021
6021
6021
6022
6022
6022
6023
6023
6023
6023
6024
6025
6025
6026
6026
6027
6027
6028
6028
6029
6029
6029
6029
6030
6031
6032
6033
6033
6033
6034
6035
6035
6036
6036
6036
6036
6037
6037
6037
6038
6038
6039
6039
6039
6039
6041
6041
6042
6043
6043
6043
6043
6044
6044
6045
6045
6045
6046
6046
6046
6046
6047
6047
6047
6047
6048
6048
6048
6048
6049
6050
6051
6052
6052
6052
6052
6052
6053
6053
6054
6054
6054
6055
6055
6055
6057
6058
6058
6059
6059
6060
6060
6061
6061
6062
6062
6062
6062
6063
6063
6063
6064
6064
6065
6065
6065
6065
6067
6067
6068
6069
6069
6070
6070
6071
6071
6071
6071
6072
6073
6074
6075
6075
6075
6076
6076
6077
6077
6078
6078
6078
6078
6079
6079
6079
6080
6080
6081
6081
6081
6081
6083
6083
6084
6085
6085
6085
6086
6086
6087
6087
6087
6087
6087
6088
6088
6089
6089
6090
6090
6090
6091
6091
6091
6091
6092
6092
6092
6093
6093
6093
6094
6095
6097
6097
6097
6097
6098
6098
6099
6099
6099
6100
6100
6100
6101
6102
6103
6103
6104
6104
6104
6106
6106
6107
6107
6107
6108
6108
6108
6109
6109
6109
6110
6110
6110
6110
6110
6112
6113
6113
6114
6114
6114
6115
6116
6116
6117
6117
6117
6117
6118
6118
6119
6119
6120
6120
6121
6121
6121
6121
6122
6122
6122
6123
6123
6123
6124
6124
6124
6124
6124
6126
6126
6127
6127
6128
6128
6128
6128
6129
6129
6130
6130
6130
6131
6131
6131
6131
6132
6132
6132
6132
6133
6133
6133
6133
6134
6135
6136
6137
6137
6137
6138
6138
6138
6139
6140
6141
6141
6141
6141
6141
6142
6142
6143
6143
6143
6144
6144
6144
6145
6146
6147
6147
6148
6148
6148
6148
6149
6149
6149
6150
6150
6150
6150
6150
6152
6153
6153
6154
6154
6154
6154
6155
6155
6155
6156
6156
6157
6157
6157
6157
6159
6159
6160
6161
6161
6161
6162
6162
6162
6162
6163
6163
6163
6163
6164
6164
6164
6164
6166
6167
6168
6169
6170
6171
6171
6171
6172
6172
6173
6173
6174
6174
6175
6175
6175
6176
6176
6176
6176
6176
6177
6177
6178
6178
6179
6179
6179
6179
6179
6180
6180
6180
6180
6181
6181
6181
6181
6182
6183
6184
6184
6184
6185
6185
6185
6185
6186
6186
6186
6187
6187
6188
6188
6188
6188
6190
6190
6191
6192
6192
6192
6192
6193
6193
6193
6194
6194
6194
6195
6195
6195
6195
6195
6197
6197
6198
6198
6199
6199
6199
6200
6200
6200
6200
6201
6201
6201
6202
6202
6202
6203
6204
6206
6206
6207
6208
6208
6208
6208
6209
6209
6210
6210
6210
6210
6211
6211
6211
6211
6213
6214
6214
6214
6215
6215
6216
6216
6217
6217
6217
6218
6218
6218
6219
6219
6219
6220
6220
6220
6220
6220
6222
6223
6223
6224
6224
6224
6225
6226
6226
6227
6227
6228
6228
6228
6228
6229
6229
6230
6230
6231
6231
6232
6232
6232
6232
6233
6233
6233
6234
6234
6234
6235
6235
6235
6235
6235
6237
6237
6238
6238
6239
6239
6239
6239
6240
6240
6241
6241
6241
6242
6242
6242
6242
6243
6243
6243
6243
6244
6244
6244
6244
6245
6246
6247
6248
6248
6248
6248
6249
6250
6250
6251
6251
6251
6251
6252
6252
6252
6253
6254
6254
6255
6255
6255
6256
6256
6256
6256
6256
6257
6258
6258
6259
6259
6259
6259
6259
6260
6260
6261
6261
6261
6262
6262
6262
6263
6264
6265
6265
6266
6266
6266
6266
6267
6267
6267
6268
6268
6269
6269
6269
6269
6271
6271
6272
6273
6274
6275
6276
6276
6276
6277
6278
6279
6279
6279
6280
6280
6280
6280
6281
6281
6281
6282
6283
6284
6284
6284
6285
6285
6286
6286
6287
6287
6287
6287
6287
6288
6288
6289
6289
6290
6290
6290
6291
6291
6291
6291
6292
6292
6292
6293
6294
6295
6295
6295
6295
6296
6296
6296
6297
6298
6298
6299
6299
6299
6299
6300
6300
6300
6301
6302
6302
6303
6303
6303
6304
6304
6304
6304
6304
6305
6305
6306
6306
6307
6307
6307
6307
6307
6308
6308
6309
6309
6309
6310
6310
6310
6311
6312
6313
6313
6314
6314
6314
6314
6315
6315
6315
6316
6316
6317
6317
6317
6317
6319
6319
6320
6321
6321
6322
6323
6323
6323
6323
6324
6324
6325
6325
6325
6325
6326
6326
6326
6326
6328
6329
6329
6329
6330
6330
6331
6331
6332
6332
6332
6333
6333
6333
6333
6334
6334
6334
6334
6335
6335
6335
6335
6335
6336
6337
6338
6338
6339
6339
6339
6340
6341
6341
6341
6342
6342
6343
6343
6344
6344
6344
6345
6345
6345
6345
6345
6346
6346
6347
6347
6348
6348
6348
6349
6349
6350
6350
6351
6351
6351
6351
6352
6352
6353
6353
6353
6354
6354
6354
6354
6356
6357
6357
6358
6358
6359
6359
6359
6359
6360
6360
6361
6361
6361
6362
6362
6362
6363
6363
6363
6364
6364
6364
6364
6366
6367
6368
6368
6368
6368
6368
6369
6369
6370
6370
6370
6371
6371
6371
6372
6373
6374
6374
6375
6375
6375
6375
6376
6376
6377
6377
6377
6378
6378
6379
6381
6382
6382
6382
6383
6383
6384
6384
6384
6385
6385
6385
6385
6387
6388
6389
6389
6389
6390
6390
6390
6391
6392
6393
6393
6393
6393
6394
6394
6394
6395
6395
6396
6396
6396
6396
6398
6398
6399
6399
6400
6400
6401
6401
6401
6402
6402
6402
6403
6403
6403
6404
6404
6404
6404
6404
6406
6406
6407
6407
6408
6408
6408
6408
6409
6410
6411
6411
6412
6412
6413
6413
6413
6414
6414
6414
6414
6414
6415
6415
6416
6416
6417
6417
6418
6418
6418
6418
6419
6419
6419
6420
6420
6420
6421
6421
6421
6421
6421
6423
6423
6424
6424
6425
6425
6425
6425
6425
6426
6426
6427
6427
6428
6428
6428
6429
6429
6429
6430
6430
6430
6431
6431
6431
6431
6433
6434
6435
6435
6435
6435
6436
6436
6437
6437
6437
6438
6438
6439
6441
6442
6442
6442
6442
6443
6443
6444
6444
6444
6445
6445
6446
6448
6449
6449
6449
6450
6450
6451
6451
6451
6452
6452
6452
6452
6454
6455
6456
6456
6456
6457
6457
6457
6458
6459
6460
6460
6460
6460
6460
6461
6461
6462
6462
6462
6462
6463
6463
6463
6463
6465
6466
6466
6466
6467
6467
6468
6468
6469
6469
6470
6470
6470
6470
6471
6471
6471
6472
6472
6472
6473
6473
6473
6473
6473
6475
6476
6476
6477
6478
6478
6478
6479
6480
6480
6480
6480
6481
6481
6482
6482
6482
6483
6484
6484
6485
6485
6485
6486
6486
6487
6487
6487
6487
6487
6488
6488
6489
6489
6490
6490
6491
6491
6492
6492
6492
6492
6493
6493
6494
6494
6494
6495
6495
6495
6495
6497
6498
6498
6499
6499
6499
6499
6500
6500
6501
6501
6501
6502
6502
6502
6503
6503
6503
6504
6504
6504
6504
6506
6507
6508
6508
6508
6508
6509
6509
6510
6510
6510
6511
6511
6512
6514
6515
6515
6515
6515
6516
6516
6517
6517
6517
6518
6518
6519
6521
6522
6522
6522
6523
6523
6523
6524
6524
6524
6525
6525
6525
6525
6527
6528
6529
6529
6530
6530
6530
6530
6530
6531
6531
6532
6532
6533
6533
6533
6535
6536
6536
6537
6537
6538
6538
6539
6539
6539
6539
6540
6540
6540
6540
6541
6541
6541
6542
6543
6543
6543
6544
6544
6544
6545
6545
6546
6546
6547
6547
6547
6547
6547
6548
6548
6549
6549
6550
6550
6550
6550
6551
6551
6552
6552
6552
6553
6554
6554
6555
6555
6555
6556
6556
6557
6557
6557
6557
6558
6558
6558
6559
6559
6559
6560
6560
6560
6560
6560
6562
6562
6563
6563
6564
6564
6564
6564
6565
6565
6565
6566
6566
6567
6568
6568
6569
6569
6569
6570
6570
6571
6571
6572
6572
6572
6572
6572
6573
6573
6574
6574
6575
6575
6575
6575
6576
6576
6577
6577
6577
6578
6578
6579
6581
6582
6582
6582
6582
6583
6583
6584
6584
6584
6585
6585
6586
6588
6589
6589
6589
6590
6590
6590
6591
6591
6591
6592
6592
6592
6592
6594
6595
6596
6596
6596
6597
6598
6598
6598
6599
6600
6601
6601
6601
6601
6602
6602
6603
6603
6603
6603
6604
6604
6604
6604
6606
6607
6607
6607
6608
6608
6609
6609
6610
6610
6610
6611
6611
6611
6612
6612
6612
6613
6613
6613
6613
6613
6615
6616
6616
6617
6617
6617
6618
6619
6619
6619
6620
6621
6621
6621
6622
6623
6623
6624
6624
6624
6624
6625
6625
6626
6626
6627
6628
6628
6628
6628
6629
6629
6630
6630
6630
6631
6631
6631
6631
6633
6634
6634
6635
6635
6635
6636
6636
6636
6637
6637
6637
6638
6638
6638
6638
6640
6641
6642
6642
6642
6642
6643
6643
6644
6644
6644
6645
6645
6646
6648
6649
6649
6649
6649
6650
6650
6651
6651
6651
6652
6652
6653
6655
6656
6656
6656
6657
6657
6657
6658
6658
6658
6659
6659
6659
6659
6661
6662
6663
6663
6663
6663
6663
6664
6664
6664
6665
6666
6667
6667
6668
6668
6668
6668
6669
6669
6670
6670
6670
6670
6671
6671
6671
6672
6674
6674
6675
6675
6675
6675
6676
6676
6677
6677
6677
6678
6678
6678
6678
6678
6680
6680
6681
6681
6682
6682
6682
6682
6683
6683
6684
6684
6684
6685
6685
6685
6685
6685
6687
6688
6688
6689
6689
6689
6690
6691
6692
6693
6693
6693
6693
6694
6694
6694
6695
6695
6695
6696
6697
6698
6698
6698
6698
6698
6699
6699
6700
6700
6701
6701
6701
6702
6702
6702
6702
6703
6703
6703
6704
6704
6704
6705
6706
6707
6707
6707
6707
6708
6708
6709
6709
6709
6710
6710
6711
6713
6714
6714
6714
6714
6714
6715
6715
6716
6716
6716
6716
6717
6717
6717
6717
6718
6719
6720
6720
6720
6721
6721
6721
6722
6722
6722
6723
6723
6723
6724
6724
6724
6724
6726
6727
6728
6728
6728
6728
6729
6729
6730
6730
6730
6731
6731
6731
6731
6733
6734
6734
6735
6735
6735
6735
6736
6736
6737
6737
6737
6738
6738
6739
6741
6742
6742
6742
6742
6743
6743
6744
6744
6744
6744
6745
6745
6745
6746
6748
6748
6749
6749
6749
6750
6750
6751
6751
6751
6752
6752
6752
6752
6754
6755
6756
6756
6757
6758
6758
6758
6758
6759
6759
6760
6760
6760
6760
6761
6761
6761
6761
6763
6764
6764
6764
6765
6765
6766
6767
6767
6767
6768
6768
6768
6769
6769
6769
6770
6770
6770
6770
6772
6773
6774
6774
6775
6775
6776
6776
6776
6776
6777
6777
6778
6778
6778
6779
6779
6780
6780
6780
6781
6781
6781
6781
6783
6784
6784
6785
6785
6785
6786
6786
6786
6786
6787
6787
6787
6788
6789
6790
6790
6790
6790
6791
6791
6792
6792
6793
6793
6793
6795
6796
6797
6797
6797
6797
6798
6799
6800
6800
6800
6800
6801
6801
6802
6802
6802
6803
6803
6803
6803
6803
6805
6805
6806
6806
6807
6807
6807
6807
6807
6808
6808
6808
6808
6809
6809
6809
6809
6809
6810
6811
6812
6812
6812
6813
6813
6813
6813
6814
6814
6815
6815
6815
6816
6816
6816
6816
6818
6819
6819
6820
6820
6820
6820
6821
6821
6822
6822
6822
6823
6823
6823
6823
6825
6826
6826
6827
6827
6827
6827
6827
6828
6828
6828
6829
6829
6829
6830
6831
6832
6832
6833
6833
6833
6833
6833
6834
6834
6834
6835
6835
6835
6836
6836
6837
6837
6838
6839
6840
6840
6840
6840
6841
6841
6842
6842
6842
6843
6843
6843
6843
6843
6845
6845
6846
6846
6847
6847
6848
6849
6849
6849
6850
6850
6851
6851
6852
6852
6852
6854
6855
6856
6856
6856
6857
6857
6857
6857
6858
6858
6858
6859
6860
6861
6861
6862
6863
6863
6864
6865
6865
6865
6865
6866
6866
6867
6867
6867
6868
6868
6868
6869
6870
6870
6870
6870
6871
6871
6872
6872
6873
6873
6873
6875
6876
6877
6877
6877
6877
6877
6878
6878
6879
6879
6879
6880
6880
6880
6881
6882
6883
6883
6884
6884
6884
6884
6885
6885
6886
6886
6886
6887
6887
6887
6887
6889
6890
6890
6891
6891
6893
6893
6893
6894
6894
6895
6895
6895
6896
6896
6896
6897
6898
6898
6899
6899
6899
6899
6900
6901
6901
6902
6902
6902
6902
6902
6903
6903
6903
6904
6904
6904
6905
6906
6907
6907
6908
6908
6908
6908
6909
6909
6909
6910
6910
6910
6910
6911
6911
6911
6911
6912
6913
6914
6914
6915
6915
6915
6916
6916
6916
6917
6917
6917
6918
6918
6918
6918
6920
6921
6922
6922
6922
6922
6922
6923
6923
6924
6924
6925
6925
6925
6926
6927
6928
6928
6929
6929
6929
6929
6929
6930
6930
6930
6930
6931
6931
6931
6932
6933
6934
6934
6934
6935
6935
6935
6935
6936
6936
6936
6936
6937
6937
6937
6937
6938
6938
6938
6938
6938
6939
6940
6940
6941
6941
6942
6942
6942
6943
6943
6943
6944
6944
6944
6944
6945
6945
6945
6945
6947
6948
6949
6950
6950
6952
6953
6953
6953
6954
6954
6955
6955
6955
6955
6955
6956
6956
6956
6956
6957
6957
6958
6958
6958
6958
6958
6959
6960
6960
6960
6961
6961
6962
6962
6962
6962
6963
6963
6964
6964
6964
6965
6965
6965
6965
6967
6968
6968
6969
6969
6969
6969
6970
6970
6970
6971
6971
6971
6971
6971
6973
6973
6974
6974
6975
6975
6975
6975
6975
6976
6976
6976
6976
6977
6977
6977
6977
6978
6978
6978
6978
6979
6979
6980
6980
6981
6981
6982
6982
6982
6982
6982
6983
6983
6983
6984
6984
6984
6985
6985
6986
6986
6987
6988
6989
6989
6989
6989
6989
6990
6990
6990
6991
6992
6992
6993
6993
6993
6993
6993
6993
6994
6994
6994
6994
6995
6995
6996
6996
6996
6996
6997
6998
6998
6998
6999
6999
7000
7000
7001
7002
7002
7002
7002
7003
7003
7004
7004
7004
7005
7005
7005
7005
7007
7008
7008
7009
7009
7009
7009
7010
7010
7010
7011
7011
7011
7011
7011
7013
7013
7014
7014
7015
7015
7015
7016
7017
7018
7018
7018
7019
7020
7020
7021
7021
7021
7021
7022
7022
7022
7022
7023
7023
7023
7024
7024
7024
7024
7025
7026
7026
7027
7028
7028
7029
7029
7030
7030
7030
7030
7031
7031
7032
7033
7034
7034
7034
7034
7035
7035
7035
7036
7036
7037
7037
7037
7039
7040
7041
7041
7041
7042
7043
7043
7043
7044
7044
7044
7044
7045
7045
7046
7047
7047
7047
7047
7047
7048
7048
7049
7049
7049
7050
7050
7050
7050
7051
7052
7053
7053
7054
7054
7054
7055
7055
7055
7055
7056
7056
7056
7057
7057
7057
7058
7059
7061
7061
7061
7061
7062
7062
7063
7063
7064
7064
7067
7068
7068
7068
7068
7069
7069
7069
7070
7071
7071
7072
7072
7072
7073
7073
7073
7073
7074
7074
7075
7075
7076
7076
7076
7076
7077
7077
7077
7078
7078
7079
7079
7079
7081
7082
7083
7083
7083
7083
7084
7084
7084
7085
7086
7086
7087
7087
7087
7088
7088
7088
7088
7089
7089
7090
7090
7091
7091
7091
7091
7091
7092
7092
7092
7093
7093
7093
7093
7095
7095
7096
7096
7097
7097
7097
7097
7098
7098
7098
7099
7100
7101
7101
7102
7103
7103
7103
7103
7104
7104
7104
7104
7105
7105
7105
7106
7106
7106
7106
7107
7108
7108
7109
7110
7110
7110
7110
7111
7111
7112
7112
7112
7112
7113
7113
7113
7114
7114
7116
7117
7117
7117
7117
7118
7118
7118
7118
7119
7119
7119
7119
7120
7120
7120
7120
7121
7121
7122
7122
7123
7123
7124
7124
7124
7126
7126
7127
7127
7128
7128
7128
7129
7129
7131
7131
7132
7133
7133
7134
7135
7135
7135
7136
7136
7136
7137
7137
7137
7137
7137
7139
7140
7140
7141
7141
7141
7142
7142
7143
7144
7145
7145
7145
7145
7145
7146
7146
7146
7147
7147
7147
7147
7148
7148
7148
7149
7149
7150
7151
7151
7152
7152
7152
7152
7153
7153
7153
7153
7154
7154
7154
7155
7155
7155
7155
7156
7157
7157
7158
7159
7159
7159
7159
7160
7160
7161
7161
7162
7162
7162
7162
7164
7164
7165
7166
7166
7166
7167
7167
7167
7167
7168
7168
7168
7169
7169
7169
7170
7171
7173
7174
7174
7174
7174
7174
7175
7175
7175
7176
7176
7176
7176
7177
7177
7177
7178
7178
7179
7180
7180
7181
7181
7181
7181
7182
7182
7182
7182
7183
7183
7183
7184
7184
7184
7184
7185
7186
7186
7187
7188
7188
7188
7188
7189
7189
7189
7190
7190
7191
7191
7191
7191
7193
7193
7194
7195
7195
7195
7196
7196
7197
7197
7197
7198
7198
7198
7200
7202
7202
7203
7203
7203
7203
7204
7204
7204
7204
7207
7207
7207
7208
7208
7209
7210
7210
7211
7211
7212
7213
7213
7213
7213
7214
7214
7215
7215
7215
7216
7216
7216
7217
7218
7218
7218
7219
7219
7219
7219
7220
7220
7220
7221
7222
7222
7222
7223
7223
7224
7224
7225
7225
7225
7226
7226
7226
7226
7228
7228
7229
7229
7230
7230
7230
7230
7230
7231
7231
7232
7232
7233
7233
7233
7234
7234
7234
7234
7235
7236
7237
7237
7237
7238
7239
7239
7239
7239
7240
7240
7240
7241
7242
7242
7242
7243
7243
7244
7244
7244
7245
7245
7245
7245
7247
7247
7248
7248
7249
7249
7249
7249
7249
7250
7250
7251
7251
7252
7252
7252
7253
7253
7253
7253
7254
7255
7256
7256
7257
7258
7258
7259
7259
7259
7260
7261
7261
7262
7262
7263
7263
7264
7264
7265
7265
7265
7265
7265
7266
7266
7267
7267
7268
7268
7268
7268
7269
7269
7270
7270
7270
7270
7271
7271
7271
7271
7272
7272
7272
7272
7273
7274
7275
7276
7276
7276
7276
7276
7277
7277
7278
7278
7278
7279
7279
7279
7280
7281
7282
7282
7283
7283
7283
7283
7284
7284
7284
7285
7285
7286
7286
7286
7286
7288
7288
7289
7290
7290
7290
7290
7291
7291
7291
7292
7292
7293
7293
7293
7293
7295
7295
7296
7297
7297
7297
7298
7298
7298
7298
7299
7299
7299
7300
7300
7300
7301
7302
7304
7304
7304
7304
7304
7305
7305
7306
7306
7306
7307
7307
7307
7308
7309
7310
7310
7311
7311
7311
7311
7312
7312
7313
7313
7314
7314
7314
7314
7316
7316
7317
7318
7318
7318
7318
7319
7319
7319
7320
7320
7321
7321
7321
7321
7323
7323
7324
7325
7325
7325
7326
7326
7326
7326
7327
7327
7327
7328
7328
7328
7329
7330
7332
7332
7333
7333
7333
7333
7334
7335
7335
7335
7336
7336
7337
7337
7337
7338
7338
7338
7339
7339
7339
7339
7339
7341
7342
7342
7343
7343
7343
7344
7345
7345
7346
7346
7347
7348
7348
7348
7349
7349
7350
7350
7350
7351
7351
7351
7352
7352
7352
7353
7353
7353
7354
7354
7355
7355
7356
7356
7356
7357
7357
7358
7358
7358
7359
7359
7360
7360
7360
7360
7360
7361
7362
7362
7363
7363
7363
7364
7364
7364
7364
7365
7365
7365
7365
7366
7366
7366
7366
7368
7369
7370
7371
7372
7372
7373
7373
7373
7374
7374
7375
7375
7375
7376
7376
7376
7377
7378
7378
7379
7379
7380
7380
7380
7380
7380
7381
7381
7382
7382
7383
7383
7383
7383
7384
7384
7384
7384
7385
7385
7385
7386
7387
7387
7387
7388
7388
7388
7388
7389
7389
7389
7390
7390
7391
7391
7391
7391
7393
7393
7394
7395
7395
7395
7395
7396
7396
7396
7397
7397
7398
7398
7398
7398
7400
7400
7401
7402
7402
7402
7403
7403
7403
7403
7404
7404
7404
7405
7405
7405
7406
7407
7409
7409
7410
7410
7410
7410
7411
7411
7411
7412
7413
7413
7414
7414
7414
7415
7415
7415
7415
7415
7416
7416
7417
7417
7418
7418
7418
7418
7418
7419
7419
7420
7420
7420
7421
7421
7421
7422
7423
7424
7424
7425
7425
7425
7425
7426
7426
7426
7427
7427
7428
7428
7428
7428
7430
7430
7431
7432
7432
7432
7432
7433
7433
7433
7433
7434
7434
7434
7435
7435
7435
7435
7436
7437
7437
7438
7439
7439
7439
7440
7440
7441
7441
7441
7441
7442
7442
7442
7443
7444
7444
7445
7445
7445
7446
7446
7446
7446
7446
7447
7447
7448
7448
7449
7449
7449
7449
7449
7450
7450
7451
7451
7451
7452
7452
7452
7453
7454
7455
7455
7456
7456
7456
7456
7457
7457
7457
7458
7458
7459
7459
7459
7459
7461
7461
7462
7463
7463
7463
7463
7464
7464
7464
7465
7465
7466
7466
7466
7466
7468
7468
7469
7470
7470
7470
7471
7472
7472
7473
7473
7474
7474
7474
7474
7474
7475
7475
7476
7476
7476
7477
7477
7477
7478
7479
7480
7480
7481
7481
7481
7482
7482
7482
7483
7483
7483
7483
7485
7485
7486
7486
7486
7486
7487
7487
7487
7487
7488
7488
7488
7489
7489
7489
7489
7490
7491
7491
7492
7493
7493
7493
7494
7494
7494
7494
7495
7495
7495
7496
7496
7496
7498
7500
7501
7502
7502
7503
7503
7503
7504
7505
7505
7506
7506
7507
7507
7508
7508
7508
7509
7509
7510
7510
7511
7511
7512
7512
7513
7513
7514
7514
7514
7514
7515
7515
7516
7516
7516
7516
7517
7517
7517
7518
7518
7518
7519
7519
7519
7519
7519
7521
7521
7522
7522
7523
7523
7524
7524
7524
7525
7525
7525
7525
7527
7529
7530
7531
7531
7532
7533
7533
7533
7534
7534
7534
7535
7535
7535
7536
7536
7536
7536
7536
7538
7538
7539
7539
7540
7540
7540
7540
7541
7541
7542
7543
7544
7544
7544
7544
7544
7545
7545
7546
7546
7546
7546
7547
7547
7547
7547
7548
7549
7550
7550
7550
7551
7551
7551
7552
7552
7552
7553
7553
7553
7555
7555
7556
7556
7556
7556
7557
7557
7557
7558
7558
7558
7559
7559
7559
7559
7559
7561
7561
7562
7562
7563
7563
7563
7564
7564
7564
7564
7565
7565
7565
7565
7566
7566
7566
7566
7568
7569
7570
7570
7571
7572
7572
7572
7573
7574
7574
7575
7575
7576
7576
7576
7577
7577
7578
7578
7578
7578
7578
7579
7579
7580
7580
7581
7581
7581
7582
7582
7583
7583
7584
7584
7584
7584
7585
7585
7585
7586
7586
7586
7587
7587
7587
7587
7587
7589
7589
7590
7590
7591
7591
7591
7592
7592
7593
7593
7594
7594
7594
7594
7594
7595
7595
7596
7596
7597
7597
7597
7597
7598
7598
7598
7599
7600
7600
7601
7601
7601
7601
7602
7602
7603
7603
7603
7604
7604
7607
7608
7608
7608
7609
7609
7610
7610
7611
7611
7611
7611
7611
7612
7612
7613
7613
7614
7614
7614
7614
7615
7615
7615
7616
7617
7617
7618
7618
7618
7618
7619
7619
7620
7620
7620
7621
7621
7622
7624
7625
7625
7625
7625
7626
7626
7626
7627
7627
7627
7627
7627
7629
7629
7630
7630
7631
7631
7631
7631
7632
7632
7632
7633
7634
7634
7635
7635
7635
7635
7635
7636
7636
7636
7637
7637
7637
7638
7639
7640
7640
7641
7641
7641
7642
7642
7642
7643
7643
7643
7644
7644
7644
7644
7646
7647
7648
7648
7648
7648
7649
7649
7649
7650
7651
7651
7652
7652
7652
7652
7653
7654
7654
7655
7655
7655
7656
7657
7657
7658
7658
7658
7659
7659
7660
7660
7660
7661
7661
7661
7661
7663
7664
7665
7665
7665
7666
7667
7667
7667
7668
7669
7669
7670
7670
7671
7671
7671
7671
7671
7672
7672
7672
7673
7673
7673
7673
7674
7674
7674
7674
7674
7676
7676
7677
7677
7677
7678
7678
7679
7679
7680
7680
7681
7681
7681
7682
7682
7683
7683
7684
7684
7684
7684
7684
7685
7685
7686
7686
7687
7687
7687
7688
7688
7689
7689
7689
7690
7691
7691
7691
7691
7692
7692
7692
7693
7693
7694
7695
7695
7696
7696
7696
7696
7697
7697
7697
7698
7698
7698
7699
7699
7699
7699
7699
7701
7701
7702
7702
7703
7703
7703
7703
7704
7704
7704
7705
7705
7705
7706
7706
7706
7706
7706
7708
7708
7709
7709
7710
7710
7710
7711
7711
7711
7712
7712
7712
7712
7713
7713
7713
7713
7714
7715
7716
7717
7717
7717
7718
7718
7719
7719
7719
7719
7720
7720
7720
7720
7722
7723
7723
7723
7724
7724
7725
7726
7726
7726
7727
7727
7729
7730
7730
7730
7730
7731
7732
7732
7732
7732
7733
7733
7733
7734
7735
7735
7735
7736
7736
7736
7736
7737
7737
7737
7738
7738
7738
7739
7739
7739
7739
7739
7741
7741
7742
7742
7743
7743
7744
7744
7745
7745
7745
7745
7746
7746
7747
7747
7747
7748
7748
7748
7748
7749
7749
7749
7750
7750
7750
7751
7752
7754
7754
7754
7755
7755
7756
7756
7756
7756
7757
7757
7757
7758
7759
7759
7760
7760
7760
7761
7761
7761
7761
7761
7762
7762
7763
7763
7764
7764
7764
7764
7764
7765
7765
7766
7766
7766
7767
7767
7767
7768
7769
7770
7770
7771
7771
7771
7771
7772
7772
7772
7773
7773
7773
7774
7774
7774
7774
7774
7776
7776
7777
7777
7778
7778
7778
7778
7779
7779
7779
7780
7780
7781
7781
7781
7781
7783
7783
7784
7785
7785
7785
7785
7786
7786
7787
7787
7787
7788
7788
7789
7791
7792
7792
7792
7792
7792
7793
7793
7793
7794
7794
7794
7795
7796
7797
7797
7798
7798
7798
7799
7799
7799
7800
7800
7800
7801
7801
7801
7801
7803
7804
7805
7805
7805
7805
7806
7806
7807
7807
7807
7808
7808
7809
7811
7812
7812
7812
7812
7813
7813
7814
7814
7814
7815
7815
7816
7818
7819
7819
7819
7820
7820
7820
7821
7821
7821
7822
7822
7822
7822
7824
7825
7826
7826
7826
7826
7827
7827
7828
7828
7828
7829
7829
7830
7832
7833
7833
7833
7833
7834
7834
7835
7835
7835
7836
7836
7837
7839
7840
7840
7840
7841
7841
7841
7842
7842
7842
7843
7843
7843
7843
7845
7846
7847
7847
7847
7847
7848
7848
7849
7849
7849
7850
7850
7851
7853
7854
7854
7854
7854
7855
7855
7856
7856
7856
7857
7857
7858
7860
7861
7861
7861
7862
7862
7862
7863
7863
7863
7864
7864
7864
7864
7866
7867
7868
7868
7868
7868
7869
7869
7870
7870
7870
7871
7871
7872
7874
7875
7875
7875
7875
7876
7876
7877
7877
7877
7878
7878
7879
7881
7882
7882
7882
7883
7883
7883
7884
7884
7884
7885
7885
7885
7885
7887
7888
7889
7889
7889
7889
7889
7890
7890
7890
7891
7892
7893
7893
7894
7894
7894
7894
7895
7895
7896
7896
7896
7897
7897
7898
7900
7901
7901
7901
7901
7902
7902
7902
7903
7903
7903
7903
7903
7905
7905
7906
7906
7907
7907
7907
7908
7908
7909
7909
7909
7909
7910
7910
7910
7911
7912
7912
7913
7913
7913
7914
7914
7914
7914
7915
7916
7916
7917
7917
7917
7917
7917
7918
7918
7918
7919
7919
7919
7920
7920
7920
7920
7921
7922
7922
7923
7923
7924
7924
7924
7924
7925
7925
7925
7926
7926
7926
7927
7927
7927
7927
7927
7929
7929
7930
7930
7931
7931
7931
7931
7932
7932
7932
7932
7933
7933
7933
7934
7934
7934
7934
7935
7936
7936
7937
7938
7938
7938
7938
7938
7939
7939
7940
7940
7940
7940
7941
7941
7941
7941
7942
7943
7944
7944
7944
7945
7945
7945
7946
7947
7947
7947
7948
7948
7948
7950
7950
7951
7951
7951
7951
7952
7952
7952
7953
7953
7954
7954
7954
7954
7956
7957
7958
7959
7959
7960
7960
7960
7961
7962
7963
7963
7963
7964
7964
7964
7965
7965
7965
7965
7965
7967
7967
7968
7969
7969
7969
7970
7971
7971
7971
7971
7972
7973
7973
7973
7974
7975
7975
7976
7976
7977
7977
7977
7978
7978
7978
7978
7979
7979
7980
7981
7981
7981
7981
7981
7982
7982
7983
7983
7983
7983
7984
7984
7984
7984
7985
7986
7987
7987
7987
7988
7988
7988
7988
7989
7989
7990
7990
7990
7991
7991
7991
7991
7991
7993
7994
7994
7995
7995
7995
7995
7996
7996
7997
7997
7997
7998
7998
7999
8001
8002
8002
8002
8002
8002
8003
8003
8004
8004
8004
8005
8006
8007
8007
8008
8008
8008
8008
8009
8009
8009
8010
8010
8010
8010
8010
8012
8012
8013
8013
8014
8014
8014
8014
8015
8015
8016
8016
8016
8017
8017
8018
8020
8021
8021
8021
8021
8022
8022
8023
8023
8023
8024
8024
8025
8027
8028
8028
8028
8029
8029
8029
8030
8030
8030
8031
8031
8031
8031
8033
8034
8035
8035
8035
8035
8036
8036
8037
8037
8037
8038
8038
8039
8041
8042
8042
8042
8042
8043
8043
8044
8044
8044
8045
8045
8046
8048
8049
8049
8049
8050
8050
8050
8051
8051
8052
8052
8052
8052
8054
8055
8056
8056
8056
8056
8057
8057
8058
8058
8058
8059
8059
8060
8062
8063
8063
8063
8063
8064
8064
8065
8065
8065
8066
8066
8067
8069
8070
8070
8070
8071
8071
8071
8072
8072
8072
8073
8073
8073
8073
8075
8076
8077
8077
8077
8077
8078
8078
8079
8079
8079
8080
8080
8081
8083
8084
8084
8084
8084
8085
8085
8086
8086
8086
8087
8087
8088
8090
8091
8091
8091
8092
8092
8092
8093
8093
8094
8094
8094
8094
8096
8097
8098
8098
8098
8098
8099
8099
8100
8100
8100
8101
8101
8102
8104
8105
8105
8105
8105
8105
8106
8106
8107
8107
8107
8108
8109
8110
8110
8111
8111
8111
8111
8112
8112
8113
8113
8113
8113
8113
8115
8115
8116
8116
8117
8117
8117
8117
8118
8118
8118
8119
8120
8121
8121
8121
8121
8122
8122
8122
8123
8124
8125
8126
8126
8126
8126
8126
8127
8127
8127
8128
8128
8128
8128
8129
8129
8129
8129
8129
8130
8131
8131
8132
8132
8132
8133
8133
8133
8133
8134
8134
8135
8135
8135
8135
8136
8136
8136
8136
8136
8137
8138
8139
8139
8140
8140
8141
8141
8141
8142
8142
8142
8144
8146
8147
8147
8149
8150
8150
8150
8151
8151
8151
8152
8152
8153
8154
8154
8155
8156
8156
8157
8157
8157
8157
8158
8159
8159
8160
8161
8161
8161
8161
8162
8162
8162
8162
8163
8163
8163
8163
8164
8165
8166
8167
8167
8167
8168
8169
8169
8169
8170
8171
8172
8172
8172
8172
8173
8173
8174
8174
8174
8175
8175
8176
8178
8179
8179
8179
8180
8180
8180
8180
8180
8181
8181
8182
8183
8183
8183
8183
8184
8184
8184
8185
8186
8187
8187
8187
8188
8189
8190
8190
8190
8190
8190
8191
8191
8192
8192
8192
8192
8193
8193
8193
8193
8193
8194
8195
8196
8196
8196
8197
8197
8197
8197
8198
8198
8198
8199
8199
8199
8199
8200
8200
8200
8201
8201
8203
8204
8204
8204
8204
8205
8206
8206
8206
8207
8208
8208
8209
8209
8210
8210
8211
8212
8212
8212
8212
8212
8213
8213
8214
8214
8214
8215
8215
8215
8215
8216
8217
8218
8218
8219
8219
8219
8219
8220
8220
8221
8221
8221
8221
8221
8222
8222
8222
8222
8223
8223
8225
8225
8226
8226
8227
8227
8228
8229
8229
8229
8229
8230
8230
8230
8231
8231
8231
8231
8232
8232
8232
8232
8233
8234
8235
8235
8236
8236
8236
8237
8237
8237
8237
8238
8239
8240
8240
8241
8242
8242
8242
8243
8243
8243
8243
8244
8244
8245
8245
8247
8248
8248
8248
8249
8249
8249
8249
8250
8250
8250
8251
8252
8253
8253
8254
8254
8254
8256
8257
8258
8258
8259
8259
8260
8260
8261
8261
8261
8261
8262
8262
8263
8263
8263
8263
8264
8264
8265
8265
8265
8266
8266
8266
8267
8268
8268
8268
8269
8269
8269
8270
8270
8270
8271
8271
8272
8272
8273
8273
8274
8274
8274
8274
8275
8275
8276
8276
8276
8277
8278
8278
8279
8279
8280
8280
8281
8281
8281
8281
8282
8282
8283
8283
8283
8283
8284
8284
8285
8285
8285
8286
8286
8286
8287
8287
8287
8287
8288
8289
8290
8290
8291
8291
8292
8292
8293
8293
8294
8294
8295
8295
8296
8296
8297
8297
8297
8297
8297
8298
8299
8299
8300
8300
8300
8301
8302
8302
8302
8303
8303
8304
8304
8304
8305
8305
8306
8306
8306
8307
8307
8307
8307
8307
8308
8308
8309
8309
8310
8310
8310
8310
8311
8311
8311
8312
8312
8313
8314
8314
8315
8315
8315
8315
8316
8316
8316
8317
8317
8318
8318
8318
8318
8320
8320
8321
8322
8322
8322
8322
8323
8323
8323
8324
8324
8324
8325
8325
8325
8325
8325
8327
8327
8328
8328
8329
8329
8329
8329
8330
8330
8330
8331
8332
8332
8333
8333
8334
8334
8335
8335
8335
8335
8335
8336
8336
8337
8337
8337
8338
8338
8338
8339
8340
8341
8341
8342
8342
8342
8343
8343
8343
8344
8344
8344
8346
8346
8347
8347
8347
8347
8348
8348
8348
8349
8349
8349
8350
8350
8350
8350
8350
8352
8352
8353
8353
8354
8354
8354
8355
8355
8356
8356
8356
8356
8357
8357
8357
8358
8359
8359
8360
8360
8361
8361
8362
8362
8362
8363
8363
8364
8364
8364
8364
8364
8365
8365
8366
8366
8366
8366
8367
8367
8367
8367
8368
8369
8370
8370
8370
8371
8371
8371
8371
8372
8372
8373
8373
8373
8374
8374
8374
8374
8374
8376
8376
8377
8377
8378
8378
8378
8378
8379
8379
8379
8379
8380
8380
8380
8380
8381
8381
8381
8382
8382
8383
8384
8385
8385
8385
8386
8387
8387
8387
8388
8388
8389
8390
8391
8391
8391
8391
8391
8392
8392
8393
8393
8393
8393
8394
8394
8394
8394
8394
8395
8396
8397
8397
8397
8398
8398
8398
8398
8398
8399
8399
8399
8400
8400
8400
8401
8401
8401
8401
8402
8403
8403
8404
8404
8405
8405
8405
8406
8406
8407
8407
8407
8407
8408
8408
8408
8408
8410
8411
8412
8413
8414
8414
8414
8415
8416
8417
8417
8418
8418
8418
8419
8419
8419
8421
8422
8423
8423
8423
8423
8424
8424
8425
8426
8426
8427
8427
8427
8429
8430
8430
8431
8431
8431
8432
8432
8433
8433
8434
8434
8435
8435
8436
8436
8436
8437
8437
8437
8437
8438
8438
8439
8439
8439
8440
8441
8441
8442
8443
8443
8444
8444
8445
8445
8445
8445
8446
8446
8447
8447
8447
8447
8448
8448
8449
8449
8449
8450
8450
8450
8451
8452
8453
8453
8453
8454
8455
8455
8455
8456
8456
8456
8457
8458
8458
8458
8458
8458
8459
8459
8460
8460
8460
8461
8461
8461
8462
8463
8464
8464
8465
8465
8465
8465
8465
8466
8466
8467
8467
8467
8468
8468
8468
8469
8470
8471
8471
8472
8472
8472
8472
8473
8473
8473
8474
8474
8474
8475
8475
8475
8475
8475
8477
8477
8478
8478
8479
8479
8479
8479
8479
8480
8480
8481
8481
8481
8482
8482
8482
8483
8484
8485
8485
8486
8486
8486
8486
8487
8487
8487
8488
8488
8488
8489
8489
8489
8489
8489
8491
8491
8492
8492
8493
8493
8493
8493
8494
8494
8494
8495
8495
8495
8496
8496
8496
8496
8496
8498
8498
8499
8499
8500
8500
8500
8501
8501
8501
8501
8502
8502
8502
8502
8503
8503
8503
8503
8504
8505
8506
8507
8508
8508
8509
8510
8511
8511
8512
8513
8513
8514
8514
8516
8516
8517
8517
8518
8518
8519
8519
8520
8520
8520
8520
8521
8521
8522
8522
8523
8523
8523
8523
8524
8524
8525
8525
8525
8526
8526
8526
8527
8528
8528
8528
8528
8528
8529
8529
8530
8530
8530
8531
8531
8531
8532
8533
8534
8534
8535
8535
8535
8535
8535
8536
8536
8537
8537
8537
8538
8538
8538
8539
8540
8541
8541
8542
8542
8542
8542
8543
8543
8544
8544
8544
8545
8545
8545
8545
8547
8548
8548
8549
8549
8549
8549
8549
8550
8550
8551
8551
8551
8552
8552
8552
8553
8554
8555
8555
8556
8556
8556
8556
8557
8557
8557
8558
8558
8558
8559
8559
8559
8559
8559
8561
8561
8562
8562
8563
8563
8563
8563
8564
8564
8564
8565
8565
8565
8566
8566
8566
8566
8566
8568
8568
8569
8569
8570
8570
8570
8571
8571
8571
8572
8572
8572
8573
8573
8573
8573
8575
8576
8577
8577
8578
8580
8580
8580
8580
8580
8581
8581
8582
8582
8582
8583
8583
8583
8584
8585
8586
8586
8587
8587
8587
8587
8587
8588
8588
8589
8589
8589
8590
8590
8591
8593
8593
8594
8594
8594
8594
8595
8595
8596
8596
8596
8597
8597
8597
8597
8599
8600
8600
8601
8601
8601
8601
8601
8602
8602
8603
8603
8603
8604
8606
8607
8607
8607
8607
8608
8608
8608
8609
8609
8609
8610
8610
8612
8614
8614
8615
8615
8616
8616
8617
8617
8617
8619
8621
8622
8622
8624
8625
8625
8625
8625
8625
8626
8626
8627
8627
8627
8628
8628
8628
8629
8630
8631
8631
8632
8632
8632
8632
8632
8633
8633
8634
8634
8634
8635
8635
8635
8636
8637
8638
8638
8639
8639
8639
8639
8640
8640
8641
8641
8641
8642
8642
8645
8645
8646
8646
8646
8646
8646
8647
8647
8648
8648
8648
8649
8649
8650
8651
8652
8653
8653
8653
8653
8654
8654
8655
8655
8655
8659
8659
8659
8660
8660
8660
8662
8662
8663
8664
8665
8665
8665
8665
8665
8666
8666
8667
8667
8667
8668
8668
8668
8669
8670
8671
8671
8672
8672
8672
8673
8674
8674
8674
8675
8676
8677
8677
8677
8677
8678
8678
8678
8678
8679
8679
8679
8679
8680
8680
8680
8680
8680
8681
8682
8682
8683
8683
8684
8684
8685
8686
8686
8686
8687
8687
8689
8690
8690
8691
8691
8691
8693
8694
8695
8697
8698
8698
8699
8699
8699
8700
8701
8701
8701
8701
8702
8702
8703
8703
8704
8705
8706
8706
8706
8706
8706
8707
8707
8707
8708
8708
8708
8708
8709
8709
8709
8710
8710
8711
8712
8712
8713
8713
8714
8715
8715
8715
8717
8718
8718
8718
8718
8719
8719
8720
8721
8722
8724
8724
8725
8725
8725
8727
8728
8728
8728
8728
8728
8729
8729
8729
8730
8730
8730
8730
8731
8731
8731
8732
8732
8733
8734
8734
8735
8735
8735
8736
8736
8736
8737
8738
8739
8739
8739
8739
8740
8740
8740
8740
8741
8741
8741
8741
8742
8742
8742
8742
8742
8743
8744
8744
8745
8745
8746
8746
8746
8747
8747
8749
8750
8750
8751
8751
8751
8751
8752
8753
8754
8754
8755
8755
8756
8756
8756
8758
8760
8760
8762
8762
8762
8763
8764
8765
8766
8766
8766
8767
8767
8767
8768
8768
8768
8768
8768
8770
8770
8771
8772
8772
8772
8773
8774
8774
8774
8775
8775
8776
8778
8778
8778
8778
8778
8779
8779
8779
8780
8780
8780
8780
8780
8781
8781
8781
8781
8782
8782
8783
8784
8784
8784
8785
8785
8786
8786
8786
8788
8789
8789
8789
8790
8790
8792
8793
8793
8794
8794
8794
8796
8797
8797
8797
8798
8798
8798
8799
8800
8801
8801
8801
8801
8802
8802
8802
8802
8803
8804
8804
8804
8805
8805
8805
8806
8806
8806
8806
8806
8807
8807
8808
8808
8809
8810
8810
8810
8810
8811
8811
8811
8811
8812
8812
8812
8812
8812
8813
8813
8813
8813
8813
8814
8814
8815
8815
8816
8816
8816
8817
8817
8817
8819
8820
8821
8822
8822
8823
8823
8823
8825
8826
8826
8826
8826
8827
8827
8828
8828
8828
8828
8829
8829
8829
8829
8830
8832
8832
8832
8833
8833
8833
8834
8835
8836
8836
8836
8836
8837
8837
8837
8837
8838
8838
8838
8838
8839
8839
8839
8839
8839
8840
8841
8841
8842
8842
8843
8843
8844
8844
8845
8845
8846
8846
8846
8846
8847
8848
8849
8849
8849
8849
8850
8850
8850
8851
8851
8852
8853
8853
8853
8854
8854
8854
8854
8855
8856
8856
8857
8857
8857
8857
8858
8858
8858
8859
8860
8860
8861
8861
8861
8862
8862
8862
8862
8863
8864
8864
8865
8865
8865
8866
8866
8866
8867
8868
8869
8869
8869
8869
8870
8870
8870
8870
8871
8871
8871
8872
8873
8873
8873
8874
8874
8874
8875
8875
8875
8875
8875
8876
8876
8877
8877
8878
8878
8879
8879
8879
8879
8879
8880
8880
8880
8881
8881
8882
8882
8883
8884
8884
8884
8884
8884
8885
8885
8886
8886
8886
8886
8887
8887
8887
8888
8890
8890
8890
8891
8891
8891
8891
8891
8892
8892
8892
8893
8893
8894
8895
8895
8896
8897
8897
8897
8897
8898
8898
8898
8898
8899
8900
8900
8901
8902
8902
8902
8903
8904
8905
8905
8905
8905
8905
8906
8906
8907
8907
8907
8907
8908
8908
8908
8909
8911
8911
8911
8912
8912
8913
8913
8913
8913
8914
8914
8914
8914
8915
8915
8915
8916
8917
8917
8917
8918
8918
8919
8919
8920
8920
8920
8921
8921
8921
8921
8921
8922
8922
8923
8923
8924
8924
8925
8925
8926
8926
8926
8926
8927
8927
8927
8928
8928
8929
8930
8930
8930
8931
8931
8931
8931
8932
8933
8933
8934
8934
8934
8934
8935
8935
8935
8936
8936
8937
8938
8938
8939
8939
8939
8940
8940
8940
8940
8941
8942
8943
8943
8944
8944
8945
8945
8946
8947
8947
8947
8947
8947
8948
8948
8948
8948
8949
8949
8949
8949
8950
8950
8950
8950
8951
8951
8952
8952
8953
8953
8954
8954
8954
8954
8955
8955
8955
8955
8956
8956
8956
8957
8958
8958
8958
8959
8959
8960
8960
8960
8960
8961
8961
8962
8963
8964
8964
8964
8964
8964
8965
8965
8966
8966
8967
8967
8967
8968
8969
8970
8970
8971
8971
8971
8971
8971
8972
8972
8972
8973
8974
8974
8975
8976
8976
8976
8976
8977
8977
8977
8978
8978
8979
8979
8979
8979
8981
8981
8982
8983
8983
8983
8983
8984
8984
8984
8984
8984
8985
8985
8985
8986
8986
8987
8987
8989
8989
8991
8991
8991
8992
8992
8993
8993
8995
8995
8995
8996
8996
8997
8997
8998
8998
8999
9000
9000
9000
9000
9001
9001
9002
9002
9002
9003
9004
9004
9004
9004
9004
9004
9005
9005
9005
9006
9006
9007
9007
9008
9008
9009
9009
9009
9009
9010
9010
9010
9011
9011
9012
9012
9012
9012
9014
9014
9015
9016
9016
9016
9016
9016
9017
9017
9017
9017
9018
9018
9018
9018
9019
9020
9020
9020
9021
9022
9022
9022
9023
9023
9023
9023
9024
9024
9024
9025
9025
9025
9026
9027
9029
9029
9029
9029
9030
9030
9030
9031
9031
9032
9033
9033
9033
9033
9033
9033
9034
9034
9034
9034
9035
9035
9035
9035
9036
9036
9036
9037
9037
9037
9038
9038
9039
9040
9041
9041
9043
9043
9043
9043
9044
9044
9044
9045
9045
9046
9047
9047
9048
9048
9049
9049
9049
9050
9052
9053
9053
9053
9053
9054
9054
9055
9055
9055
9056
9056
9056
9057
9058
9059
9059
9060
9060
9061
9061
9061
9062
9062
9062
9062
9064
9064
9065
9065
9065
9066
9066
9068
9068
9069
9069
9069
9070
9071
9071
9071
9071
9071
9072
9072
9073
9073
9073
9074
9074
9074
9075
9076
9077
9077
9078
9078
9078
9078
9079
9079
9079
9080
9080
9080
9081
9081
9081
9081
9081
9083
9083
9084
9084
9085
9085
9085
9085
9085
9086
9086
9086
9086
9087
9087
9087
9088
9088
9088
9088
9088
9089
9090
9090
9090
9091
9091
9092
9092
9092
9092
9093
9093
9094
9094
9094
9094
9095
9095
9095
9095
9097
9098
9098
9098
9099
9099
9100
9100
9101
9101
9102
9103
9103
9104
9105
9105
9105
9106
9106
9106
9106
9107
9107
9107
9107
9108
9108
9108
9108
9109
9110
9110
9112
9113
9113
9113
9113
9113
9114
9114
9115
9115
9115
9116
9116
9116
9117
9119
9119
9120
9120
9121
9121
9122
9122
9122
9122
9123
9123
9124
9124
9124
9125
9125
9125
9125
9127
9128
9128
9129
9129
9130
9130
9131
9131
9131
9132
9132
9133
9133
9134
9134
9134
9135
9135
9135
9135
9136
9136
9136
9136
9137
9137
9137
9137
9138
9139
9141
9141
9141
9141
9141
9142
9142
9143
9143
9143
9144
9144
9144
9145
9146
9147
9147
9148
9148
9148
9148
9149
9149
9149
9150
9150
9150
9151
9151
9151
9151
9153
9153
9154
9154
9155
9155
9155
9155
9155
9156
9156
9156
9156
9156
9157
9157
9157
9158
9158
9158
9158
9158
9159
9159
9160
9160
9160
9161
9161
9163
9163
9164
9164
9164
9165
9165
9165
9167
9167
9168
9168
9169
9171
9172
9172
9174
9175
9175
9177
9178
9178
9178
9178
9179
9179
9180
9180
9181
9181
9181
9183
9184
9185
9185
9185
9185
9186
9186
9187
9187
9188
9188
9188
9190
9191
9192
9192
9192
9193
9193
9193
9194
9194
9195
9195
9195
9195
9197
9198
9199
9199
9199
9199
9199
9200
9200
9200
9201
9201
9202
9202
9203
9203
9203
9203
9203
9204
9204
9204
9204
9205
9205
9205
9205
9206
9207
9208
9208
9208
9209
9209
9209
9209
9210
9210
9210
9211
9212
9212
9212
9213
9213
9213
9213
9214
9214
9214
9215
9215
9215
9215
9215
9217
9217
9218
9218
9219
9219
9219
9219
9219
9220
9220
9220
9221
9221
9221
9222
9223
9224
9224
9225
9225
9225
9225
9226
9226
9226
9227
9228
9228
9229
9229
9229
9229
9230
9230
9230
9231
9231
9231
9231
9231
9233
9233
9234
9234
9235
9235
9235
9235
9235
9236
9236
9236
9237
9237
9237
9238
9238
9238
9238
9239
9240
9240
9241
9241
9242
9242
9242
9242
9243
9243
9244
9244
9244
9245
9245
9245
9245
9247
9248
9248
9249
9249
9249
9249
9250
9250
9250
9251
9251
9251
9252
9252
9252
9254
9255
9255
9256
9256
9256
9257
9257
9257
9258
9258
9259
9259
9259
9259
9261
9262
9264
9264
9264
9264
9264
9265
9265
9266
9266
9266
9267
9267
9267
9268
9269
9270
9270
9271
9271
9271
9271
9272
9272
9273
9273
9274
9274
9274
9276
9277
9278
9278
9278
9278
9279
9279
9279
9280
9280
9281
9281
9281
9281
9281
9283
9283
9284
9284
9285
9285
9285
9285
9285
9286
9286
9287
9287
9287
9288
9288
9288
9289
9290
9291
9291
9292
9292
9292
9292
9293
9293
9294
9294
9294
9295
9295
9295
9295
9295
9297
9298
9298
9299
9299
9299
9299
9300
9300
9301
9301
9301
9302
9302
9302
9302
9304
9305
9305
9306
9306
9306
9307
9307
9307
9307
9308
9308
9308
9309
9309
9309
9309
9311
9312
9313
9314
9315
9315
9315
9316
9316
9317
9317
9317
9317
9318
9318
9319
9319
9319
9320
9320
9320
9320
9322
9323
9323
9324
9324
9324
9324
9325
9325
9326
9326
9327
9327
9327
9329
9330
9331
9331
9331
9332
9332
9332
9333
9333
9333
9334
9334
9334
9334
9336
9337
9338
9338
9338
9338
9338
9339
9339
9340
9340
9340
9341
9341
9341
9342
9343
9344
9344
9345
9345
9345
9345
9345
9346
9346
9347
9347
9347
9347
9348
9348
9348
9349
9350
9351
9351
9351
9352
9352
9352
9352
9353
9353
9354
9354
9354
9355
9355
9355
9357
9358
9358
9359
9359
9359
9359
9360
9360
9360
9361
9361
9362
9362
9362
9362
9362
9364
9364
9365
9365
9366
9366
9366
9366
9367
9367
9367
9368
9368
9369
9370
9370
9371
9371
9371
9371
9372
9372
9373
9373
9374
9374
9374
9376
9377
9378
9378
9378
9379
9379
9379
9380
9380
9380
9381
9381
9381
9381
9383
9384
9385
9385
9385
9385
9385
9386
9386
9386
9386
9387
9387
9387
9388
9388
9388
9388
9388
9389
9390
9390
9390
9391
9391
9392
9392
9393
9394
9394
9394
9394
9395
9395
9396
9397
9398
9398
9399
9400
9400
9400
9400
9401
9401
9401
9402
9403
9404
9404
9404
9405
9405
9405
9406
9406
9406
9407
9407
9408
9408
9409
9409
9409
9409
9409
9410
9410
9411
9411
9412
9412
9413
9413
9413
9413
9414
9414
9415
9415
9415
9415
9416
9416
9416
9417
9418
9419
9419
9419
9419
9419
9420
9420
9420
9421
9421
9422
9422
9422
9423
9424
9424
9425
9426
9426
9426
9426
9426
9427
9427
9427
9428
9428
9429
9429
9430
9430
9430
9430
9431
9431
9431
9431
9432
9432
9432
9433
9434
9434
9434
9435
9435
9435
9435
9436
9436
9437
9437
9437
9438
9438
9438
9438
9440
9441
9441
9442
9442
9442
9443
9443
9443
9444
9444
9444
9445
9445
9445
9445
9447
9448
9449
9449
9449
9449
9449
9450
9450
9450
9451
9451
9451
9452
9453
9454
9454
9455
9455
9455
9455
9456
9456
9457
9457
9458
9458
9458
9460
9461
9462
9462
9462
9463
9463
9463
9464
9464
9464
9465
9465
9465
9465
9467
9468
9469
9469
9469
9469
9470
9470
9471
9471
9472
9472
9472
9474
9475
9476
9476
9476
9476
9477
9477
9478
9478
9479
9479
9479
9481
9482
9483
9483
9483
9484
9484
9484
9485
9485
9485
9486
9486
9486
9486
9488
9489
9490
9490
9490
9490
9490
9491
9491
9492
9492
9492
9493
9493
9493
9494
9495
9496
9496
9497
9497
9497
9497
9498
9498
9499
9499
9499
9500
9500
9500
9500
9502
9503
9503
9504
9504
9504
9504
9505
9505
9506
9506
9507
9507
9507
9507
9509
9510
9510
9511
9511
9511
9512
9512
9512
9513
9513
9513
9514
9514
9514
9514
9516
9517
9518
9518
9518
9518
9518
9518
9519
9519
9519
9520
9520
9520
9521
9521
9522
9522
9523
9523
9524
9524
9524
9524
9524
9525
9525
9525
9525
9526
9526
9526
9526
9527
9528
9529
9529
9529
9530
9530
9530
9530
9531
9531
9532
9532
9532
9533
9533
9533
9533
9535
9536
9536
9537
9537
9537
9538
9538
9538
9539
9539
9539
9540
9540
9540
9540
9542
9543
9544
9544
9544
9544
9545
9545
9545
9546
9547
9547
9548
9548
9548
9548
9549
9549
9550
9550
9551
9551
9551
9553
9554
9555
9555
9555
9556
9556
9556
9557
9557
9557
9558
9558
9558
9558
9560
9561
9562
9562
9562
9562
9563
9563
9564
9565
9566
9566
9566
9566
9567
9567
9567
9567
9568
9568
9568
9569
9570
9570
9570
9571
9571
9571
9571
9571
9572
9572
9573
9573
9573
9574
9574
9574
9575
9576
9577
9577
9578
9578
9578
9579
9579
9581
9581
9582
9582
9582
9583
9583
9584
9584
9584
9584
9584
9585
9585
9586
9586
9587
9587
9587
9587
9587
9588
9588
9589
9589
9589
9590
9590
9590
9591
9592
9593
9593
9594
9594
9594
9594
9595
9595
9595
9596
9596
9597
9598
9598
9599
9599
9599
9599
9600
9600
9600
9601
9602
9602
9603
9603
9603
9603
9604
9604
9605
9605
9605
9606
9606
9606
9606
9608
9609
9609
9610
9610
9610
9611
9611
9612
9612
9612
9612
9612
9613
9613
9614
9614
9615
9615
9615
9615
9615
9615
9616
9616
9616
9617
9617
9617
9618
9618
9619
9619
9620
9621
9621
9621
9621
9622
9622
9622
9622
9623
9624
9624
9624
9625
9625
9625
9625
9626
9626
9627
9627
9627
9628
9628
9628
9628
9630
9631
9631
9632
9632
9632
9633
9633
9633
9634
9634
9634
9635
9635
9635
9635
9637
9638
9639
9639
9639
9639
9640
9640
9640
9641
9642
9642
9643
9643
9643
9643
9644
9644
9645
9645
9646
9646
9646
9648
9649
9650
9650
9650
9650
9651
9651
9651
9652
9652
9652
9652
9652
9654
9654
9655
9655
9656
9656
9656
9656
9656
9657
9657
9658
9658
9658
9659
9659
9659
9660
9661
9662
9662
9663
9663
9663
9663
9664
9664
9665
9665
9665
9666
9666
9666
9666
9666
9668
9669
9669
9670
9670
9670
9670
9671
9671
9672
9672
9672
9673
9673
9673
9673
9675
9676
9676
9677
9677
9677
9678
9678
9678
9678
9679
9679
9679
9680
9680
9680
9680
9682
9683
9684
9685
9686
9686
9686
9687
9687
9688
9688
9688
9688
9689
9689
9690
9690
9690
9691
9691
9691
9691
9693
9694
9694
9695
9695
9695
9695
9696
9696
9697
9697
9698
9698
9698
9700
9701
9702
9702
9702
9703
9703
9703
9704
9704
9704
9705
9705
9705
9705
9707
9708
9709
9709
9709
9709
9709
9710
9710
9710
9711
9711
9712
9712
9713
9713
9713
9713
9714
9714
9714
9714
9715
9716
9716
9716
9717
9717
9717
9717
9718
9718
9719
9719
9719
9720
9720
9720
9720
9722
9723
9723
9724
9724
9724
9724
9725
9725
9725
9726
9726
9726
9726
9726
9728
9728
9729
9729
9730
9730
9730
9730
9731
9731
9731
9732
9733
9733
9734
9734
9734
9734
9734
9735
9735
9735
9736
9736
9736
9737
9737
9737
9737
9738
9739
9739
9740
9740
9741
9741
9741
9741
9742
9742
9742
9743
9744
9744
9745
9745
9745
9746
9746
9746
9746
9746
9747
9747
9748
9748
9749
9749
9749
9749
9750
9750
9751
9751
9751
9752
9752
9752
9752
9754
9755
9755
9756
9756
9757
9757
9757
9758
9758
9759
9759
9759
9760
9760
9760
9761
9761
9761
9762
9762
9762
9762
9764
9765
9766
9766
9766
9767
9767
9767
9768
9768
9768
9769
9769
9769
9769
9770
9770
9771
9771
9771
9772
9772
9772
9772
9774
9775
9775
9776
9776
9777
9777
9777
9777
9778
9778
9779
9779
9779
9780
9780
9780
9781
9781
9781
9782
9782
9782
9782
9784
9785
9786
9786
9786
9786
9786
9787
9787
9787
9788
9788
9789
9789
9790
9790
9790
9790
9790
9790
9791
9791
9791
9792
9792
9792
9793
9793
9793
9794
9794
9795
9795
9796
9796
9797
9797
9797
9798
9798
9800
9800
9801
9801
9801
9801
9802
9802
9802
9802
9803
9804
9804
9804
9805
9805
9805
9806
9806
9806
9806
9806
9807
9807
9808
9808
9809
9809
9809
9809
9809
9810
9810
9811
9811
9811
9812
9812
9812
9813
9814
9815
9815
9816
9816
9816
9816
9817
9817
9818
9818
9818
9819
9819
9819
9819
9821
9822
9822
9823
9823
9823
9823
9824
9824
9824
9825
9826
9826
9827
9827
9827
9827
9828
9828
9828
9829
9829
9829
9829
9830
9830
9830
9830
9831
9832
9833
9833
9834
9834
9835
9835
9836
9836
9836
9837
9837
9837
9838
9838
9838
9839
9839
9839
9839
9841
9842
9843
9843
9843
9843
9843
9843
9844
9844
9844
9845
9845
9845
9846
9846
9847
9847
9848
9848
9849
9849
9849
9849
9849
9850
9850
9850
9851
9851
9851
9851
9851
9852
9853
9853
9854
9854
9854
9855
9855
9855
9855
9855
9856
9856
9856
9857
9857
9857
9858
9859
9860
9860
9861
9861
9862
9863
9863
9863
9863
9864
9864
9865
9865
9866
9866
9866
9868
9869
9870
9870
9870
9870
9870
9871
9871
9871
9872
9872
9872
9872
9873
9873
9873
9874
9874
9875
9876
9876
9877
9877
9877
9878
9878
9878
9880
9880
9881
9881
9881
9881
9882
9882
9882
9883
9883
9883
9884
9884
9884
9884
9886
9887
9887
9888
9889
9890
9890
9890
9890
9890
9891
9891
9892
9892
9892
9893
9893
9893
9894
9895
9896
9896
9897
9897
9897
9897
9898
9898
9899
9899
9900
9900
9900
9900
9902
9903
9903
9904
9904
9904
9904
9905
9905
9906
9906
9906
9907
9907
9907
9907
9909
9910
9910
9911
9911
9911
9912
9912
9912
9913
9913
9913
9914
9914
9914
9914
9916
9917
9918
9918
9918
9919
9919
9920
9920
9920
9921
9921
9921
9924
9925
9925
9925
9926
9926
9927
9927
9928
9928
9932
9932
9932
9932
9933
9933
9934
9934
9935
9935
9935
9937
9938
9939
9939
9939
9939
9940
9940
9941
9941
9942
9942
9942
9944
9945
9946
9946
9946
9947
9947
9947
9948
9948
9948
9949
9949
9949
9949
9951
9952
9953
9953
9953
9953
9954
9954
9954
9955
9955
9955
9955
9956
9957
9957
9957
9958
9958
9959
9959
9960
9960
9960
9960
9961
9961
9962
9962
9962
9962
9963
9963
9964
9964
9964
9965
9965
9965
9965
9967
9968
9969
9969
9970
9970
9970
9971
9971
9971
9971
9972
9974
9974
9974
9974
9975
9975
9975
9976
9976
9977
9977
9978
9979
9981
9981
9982
9982
9983
9983
9983
9984
9984
9985
9985
9985
9985
9986
9986
9987
9987
9988
9988
9988
9990
9991
9992
9992
9993
9993
9993
9994
9994
9994
9994
9995
9997
9997
9997
9998
9998
9998
9999
9999
9999
10000
10000
10001
10001
10001
10002
10002
10003
10003
10004
10004
10004
10004
10005
10005
10006
10006
10006
10007
10007
10007
10008
10009
10009
10009
10009
10009
10010
10010
10010
10011
10011
10012
10012
10012
10013
10014
10014
10015
10016
10016
10016
10016
10016
10017
10017
10017
10017
10018
10018
10018
10019
10019
10019
10019
10019
10020
10021
10021
10021
10022
10022
10023
10024
10024
10025
10026
10026
10027
10027
10027
10028
10028
10029
10029
10029
10030
10030
10030
10031
10032
10033
10033
10033
10033
10033
10034
10035
10036
10036
10037
10037
10037
10037
10038
10038
10038
10039
10039
10039
10040
10040
10040
10041
10042
10043
10044
10044
10044
10044
10045
10045
10045
10046
10046
10046
10046
10046
10048
10048
10049
10049
10050
10050
10050
10050
10050
10051
10051
10052
10052
10053
10053
10053
10054
10055
10056
10056
10057
10057
10057
10057
10057
10058
10059
10060
10060
10061
10061
10061
10061
10062
10062
10062
10062
10063
10063
10063
10063
10064
10064
10064
10064
10065
10066
10067
10067
10068
10068
10068
10068
10069
10069
10069
10070
10070
10070
10070
10070
10072
10072
10073
10073
10075
10075
10075
10076
10076
10077
10078
10078
10078
10078
10079
10079
10080
10080
10081
10081
10082
10082
10083
10084
10084
10084
10084
10085
10085
10085
10086
10086
10086
10086
10087
10087
10087
10087
10088
10089
10090
10090
10091
10091
10092
10092
10092
10093
10093
10093
10093
10094
10094
10095
10096
10097
10097
10097
10097
10097
10098
10098
10099
10099
10099
10100
10100
10100
10101
10102
10103
10103
10104
10104
10104
10104
10104
10105
10105
10105
10106
10106
10106
10107
10107
10108
10108
10109
10110
10111
10111
10111
10111
10111
10112
10112
10113
10113
10113
10113
10114
10114
10114
10114
10115
10116
10116
10117
10117
10117
10118
10119
10119
10119
10119
10120
10120
10120
10121
10121
10121
10121
10122
10122
10122
10123
10123
10124
10125
10126
10126
10128
10128
10129
10129
10129
10130
10130
10130
10130
10131
10131
10132
10133
10134
10134
10135
10135
10135
10135
10136
10136
10137
10137
10137
10138
10138
10138
10139
10140
10140
10140
10140
10141
10141
10141
10142
10142
10142
10142
10143
10143
10143
10143
10144
10145
10146
10146
10147
10147
10147
10147
10147
10148
10148
10148
10149
10149
10149
10150
10151
10152
10152
10153
10153
10153
10153
10154
10154
10154
10155
10155
10155
10156
10156
10156
10157
10158
10159
10160
10160
10160
10161
10161
10161
10162
10162
10162
10163
10163
10163
10163
10165
10166
10167
10167
10167
10167
10167
10168
10168
10169
10169
10169
10170
10171
10172
10172
10173
10173
10173
10173
10173
10174
10174
10174
10174
10175
10175
10175
10175
10176
10177
10178
10178
10178
10179
10179
10179
10179
10180
10180
10180
10180
10181
10181
10181
10182
10182
10182
10182
10183
10184
10184
10185
10186
10186
10186
10187
10187
10187
10187
10188
10188
10188
10188
10189
10189
10189
10189
10190
10191
10192
10193
10194
10194
10195
10196
10196
10197
10197
10199
10199
10200
10200
10200
10200
10200
10201
10201
10202
10203
10203
10204
10204
10204
10205
10206
10206
10206
10207
10207
10208
10208
10208
10208
10208
10209
10209
10209
10210
10210
10210
10211
10212
10213
10213
10214
10214
10214
10214
10215
10215
10215
10216
10216
10216
10217
10217
10217
10217
10217
10219
10219
10220
10220
10221
10221
10221
10221
10221
10222
10222
10223
10223
10223
10223
10224
10224
10224
10224
10225
10226
10227
10227
10227
10228
10228
10228
10228
10229
10229
10229
10230
10230
10230
10230
10232
10233
10233
10234
10235
10235
10236
10236
10236
10236
10237
10238
10238
10239
10239
10239
10239
10240
10240
10241
10242
10243
10243
10244
10244
10245
10245
10245
10245
10245
10246
10246
10247
10247
10248
10248
10249
10249
10249
10249
10250
10250
10251
10251
10251
10252
10252
10252
10253
10253
10253
10254
10254
10254
10254
10256
10257
10258
10258
10258
10258
10259
10259
10260
10260
10260
10260
10261
10261
10261
10262
10264
10264
10265
10265
10265
10265
10265
10265
10266
10266
10266
10267
10267
10267
10268
10268
10268
10269
10269
10270
10270
10271
10271
10272
10272
10272
10272
10273
10273
10273
10274
10274
10274
10274
10275
10275
10275
10275
10276
10277
10278
10278
10279
10280
10280
10280
10281
10282
10283
10283
10284
10284
10284
10285
10285
10286
10286
10286
10287
10287
10287
10288
10288
10288
10289
10289
10289
10289
10291
10292
10293
10293
10294
10294
10295
10295
10295
10295
10295
10296
10296
10297
10297
10298
10298
10298
10298
10299
10299
10300
10301
10302
10302
10302
10303
10303
10304
10304
10304
10304
10304
10305
10305
10306
10306
10306
10307
10307
10307
10308
10309
10310
10310
10311
10311
10311
10311
10312
10312
10312
10313
10313
10313
10313
10315
10316
10316
10317
10317
10317
10317
10317
10318
10318
10318
10319
10319
10319
10320
10321
10322
10322
10323
10323
10323
10323
10324
10324
10325
10325
10325
10326
10326
10326
10326
10326
10328
10328
10329
10329
10330
10331
10331
10331
10332
10334
10334
10335
10335
10335
10336
10337
10337
10337
10337
10337
10338
10338
10339
10339
10339
10339
10340
10340
10340
10340
10341
10342
10343
10343
10343
10344
10344
10344
10345
10345
10345
10346
10346
10346
10348
10348
10349
10349
10349
10350
10350
10351
10351
10351
10351
10352
10352
10353
10354
10354
10354
10354
10355
10355
10355
10355
10356
10356
10356
10356
10357
10357
10357
10357
10357
10358
10359
10359
10360
10360
10361
10361
10362
10362
10363
10363
10363
10364
10366
10366
10366
10366
10366
10366
10367
10367
10367
10368
10368
10368
10369
10369
10370
10370
10371
10371
10372
10372
10372
10372
10372
10372
10373
10373
10373
10374
10374
10375
10375
10375
10376
10376
10377
10377
10378
10378
10379
10379
10379
10379
10381
10382
10383
10383
10383
10383
10383
10384
10384
10384
10384
10385
10385
10386
10386
10386
10386
10387
10388
10388
10388
10389
10390
10390
10390
10390
10391
10391
10391
10391
10391
10392
10392
10393
10393
10393
10394
10395
10395
10397
10397
10398
10398
10399
10399
10399
10399
10399
10400
10401
10402
10403
10403
10403
10403
10403
10404
10404
10405
10405
10405
10405
10406
10406
10406
10406
10407
10408
10409
10409
10409
10410
10410
10410
10411
10411
10412
10412
10413
10413
10413
10413
10414
10414
10415
10415
10415
10416
10416
10416
10416
10418
10419
10419
10420
10420
10420
10420
10421
10421
10422
10422
10422
10423
10423
10423
10423
10425
10426
10426
10427
10427
10427
10428
10428
10428
10428
10428
10429
10429
10430
10430
10431
10431
10431
10432
10432
10432
10433
10433
10433
10434
10434
10434
10434
10436
10437
10438
10438
10438
10438
10438
10439
10439
10440
10440
10440
10440
10441
10441
10441
10441
10443
10444
10444
10444
10445
10445
10446
10446
10447
10447
10448
10448
10448
10448
10449
10449
10450
10450
10451
10451
10451
10453
10454
10455
10455
10455
10455
10456
10456
10456
10457
10457
10457
10458
10458
10458
10458
10458
10460
10460
10461
10461
10462
10462
10463
10463
10463
10463
10464
10465
10466
10466
10467
10467
10468
10468
10468
10468
10468
10469
10470
10471
10471
10472
10472
10472
10472
10472
10473
10474
10475
10475
10476
10476
10476
10476
10476
10477
10477
10477
10477
10478
10478
10479
10479
10479
10479
10480
10481
10481
10481
10482
10483
10483
10483
10483
10483
10484
10484
10484
10484
10485
10485
10486
10486
10486
10486
10487
10488
10488
10488
10489
10490
10490
10490
10490
10491
10491
10491
10491
10491
10492
10492
10492
10493
10493
10493
10494
10494
10495
10495
10497
10497
10498
10499
10499
10500
10501
10501
10501
10502
10502
10502
10503
10503
10503
10505
10505
10506
10506
10506
10506
10506
10507
10507
10507
10508
10508
10508
10508
10509
10509
10509
10510
10510
10511
10512
10512
10513
10513
10514
10514
10515
10515
10515
10515
10516
10517
10518
10518
10519
10520
10520
10523
10523
10523
10524
10525
10525
10525
10525
10525
10526
10526
10526
10526
10527
10527
10528
10528
10528
10528
10528
10529
10530
10530
10530
10531
10532
10532
10532
10532
10532
10533
10533
10534
10534
10534
10535
10537
10538
10538
10538
10538
10538
10539
10539
10539
10539
10540
10540
10541
10541
10541
10541
10542
10543
10543
10543
10544
10545
10546
10546
10546
10547
10547
10547
10547
10548
10548
10548
10549
10552
10552
10552
10552
10552
10552
10553
10553
10553
10554
10554
10554
10555
10555
10556
10557
10558
10558
10558
10558
10558
10559
10559
10559
10560
10560
10560
10560
10561
10561
10561
10561
10561
10562
10563
10564
10564
10564
10565
10565
10565
10565
10565
10565
10566
10566
10566
10567
10567
10567
10568
10569
10569
10570
10571
10572
10572
10572
10572
10572
10573
10573
10573
10573
10574
10574
10575
10575
10575
10575
10576
10577
10577
10577
10578
10579
10579
10579
10580
10580
10580
10580
10581
10581
10581
10583
10587
10588
10589
10589
10589
10589
10590
10590
10591
10591
10591
10592
10592
10592
10592
10595
10595
10596
10596
10596
10596
10597
10597
10597
10598
10599
10599
10600
10600
10600
10601
10601
10602
10602
10602
10602
10602
10603
10603
10604
10604
10605
10605
10605
10605
10605
10605
10606
10606
10606
10607
10607
10607
10608
10608
10609
10609
10610
10611
10611
10611
10611
10612
10612
10613
10613
10613
10614
10614
10614
10614
10617
10617
10618
10618
10618
10618
10619
10619
10619
10619
10620
10621
10621
10621
10622
10622
10622
10623
10623
10624
10624
10624
10624
10624
10625
10625
10626
10626
10627
10628
10629
10629
10629
10630
10630
10631
10631
10631
10631
10631
10632
10632
10633
10633
10633
10633
10634
10634
10634
10634
10635
10636
10637
10637
10637
10638
10638
10639
10639
10639
10639
10639
10640
10640
10640
10640
10641
10641
10641
10641
10642
10643
10643
10643
10644
10645
10645
10645
10645
10646
10646
10646
10647
10647
10647
10647
10649
10649
10650
10651
10651
10651
10651
10652
10652
10652
10652
10652
10653
10653
10653
10654
10654
10654
10655
10655
10656
10656
10658
10658
10658
10658
10658
10658
10659
10659
10659
10659
10660
10660
10660
10660
10661
10661
10662
10662
10662
10663
10664
10664
10664
10664
10664
10664
10665
10665
10665
10665
10666
10666
10667
10667
10667
10667
10668
10668
10669
10669
10669
10670
10671
10671
10673
10673
10673
10673
10673
10673
10674
10674
10674
10675
10675
10675
10676
10676
10676
10677
10677
10678
10678
10679
10679
10680
10680
10680
10680
10681
10681
10682
10682
10686
10686
10686
10686
10687
10687
10687
10688
10688
10693
10693
10694
10694
10694
10695
10695
10696
10696
10697
10698
10698
10698
10698
10698
10699
10699
10699
10700
10700
10701
10701
10702
10703
10703
10704
10705
10705
10705
10705
10705
10705
10706
10706
10706
10707
10707
10707
10708
10708
10709
10709
10710
10710
10711
10711
10712
10712
10712
10712
10712
10713
10713
10713
10713
10714
10714
10715
10715
10715
10715
10716
10717
10717
10717
10718
10719
10719
10719
10719
10720
10720
10720
10722
10722
10723
10724
10724
10724
10725
10725
10725
10725
10726
10726
10726
10727
10727
10727
10728
10729
10731
10731
10731
10731
10732
10733
10733
10733
10733
10734
10734
10735
10736
10736
10736
10737
10737
10737
10738
10739
10739
10740
10741
10741
10742
10742
10742
10743
10743
10744
10744
10744
10744
10745
10745
10745
10746
10746
10747
10747
10747
10747
10747
10749
10749
10750
10751
10751
10751
10751
10752
10752
10752
10752
10753
10753
10753
10754
10754
10754
10754
10755
10756
10756
10758
10758
10758
10758
10759
10759
10760
10760
10760
10761
10761
10761
10761
10764
10764
10765
10765
10765
10766
10766
10766
10767
10767
10768
10768
10769
10769
10770
10770
10770
10771
10771
10772
10772
10772
10772
10772
10773
10773
10773
10773
10774
10774
10774
10775
10775
10775
10775
10775
10776
10777
10777
10777
10778
10779
10779
10779
10780
10780
10780
10780
10781
10781
10781
10782
10782
10782
10782
10783
10784
10786
10786
10786
10786
10786
10787
10787
10787
10788
10788
10788
10789
10789
10790
10791
10791
10792
10792
10793
10793
10793
10793
10793
10793
10794
10794
10794
10795
10795
10795
10796
10796
10796
10797
10797
10798
10798
10799
10799
10800
10800
10800
10800
10800
10801
10801
10801
10801
10802
10802
10803
10803
10804
10805
10805
10805
10806
10807
10807
10807
10807
10808
10808
10808
10809
10809
10810
10810
10810
10810
10812
10812
10813
10814
10814
10814
10815
10815
10817
10819
10821
10821
10821
10821
10821
10822
10822
10823
10823
10823
10823
10824
10824
10824
10824
10825
10826
10827
10827
10827
10828
10828
10828
10829
10829
10829
10830
10830
10830
10832
10832
10833
10834
10834
10834
10834
10835
10835
10835
10836
10836
10837
10837
10837
10837
10837
10839
10839
10841
10842
10842
10843
10843
10844
10845
10845
10845
10845
10845
10845
10846
10846
10846
10846
10846
10847
10847
10847
10847
10848
10848
10848
10848
10849
10849
10849
10850
10850
10850
10851
10851
10852
10852
10852
10852
10852
10853
10853
10853
10853
10854
10854
10854
10854
10854
10855
10855
10855
10855
10855
10856
10856
10857
10857
10858
10858
10858
10859
10859
10859
10859
10859
10859
10860
10860
10860
10861
10861
10861
10861
10862
10862
10862
10862
10862
10863
10863
10864
10864
10864
10865
10865
10865
10866
10866
10866
10866
10866
10867
10867
10867
10867
10867
10868
10868
10868
10868
10869
10869
10869
10869
10869
10870
10870
10871
10871
10871
10872
10872
10873
10873
10873
10873
10873
10874
10874
10874
10874
10874
10875
10875
10875
10875
10876
10876
10876
10876
10876
10877
10877
10878
10878
10878
10879
10879
10880
10880
10880
10880
10880
10881
10881
10881
10881
10882
10882
10882
10882
10883
10883
10883
10883
10884
10884
10885
10885
10886
10886
10887
10887
10887
10887
10887
10887
10888
10888
10888
10888
10889
10889
10889
10889
10889
10890
10890
10890
10890
10890
10891
10891
10891
10892
10892
10892
10893
10893
10893
10894
10895
10896
10896
10896
10897
10897
10897
10898
10898
10898
10900
10900
10901
10901
10901
10901
10902
10902
10902
10903
10903
10904
10904
10904
10904
10905
10906
10906
10909
10910
10911
10913
10913
10913
10914
10914
10915
10915
10916
10916
10916
10918
10919
10920
10920
10921
10922
10922
10922
10922
10923
10923
10923
10924
10925
10926
10926
10926
10927
10928
10928
10928
10930
10930
10931
10931
10931
10932
10932
10932
10933
10933
10935
10935
10935
10936
10936
10936
10937
10938
10938
10938
10939
10939
10939
10940
10940
10940
10940
10940
10941
10941
10941
10941
10942
10943
10944
10944
10945
10946
10947
10947
10948
10949
10949
10949
10949
10950
10950
10951
10952
10953
10953
10953
10953
10953
10954
10954
10954
10955
10955
10956
10956
10956
10957
10958
10958
10959
10960
10960
10960
10960
10960
10961
10961
10961
10962
10962
10962
10963
10963
10963
10963
10963
10964
10965
10965
10966
10966
10966
10967
10967
10967
10967
10967
10968
10968
10968
10968
10969
10969
10969
10970
10970
10970
10970
10971
10972
10972
10973
10973
10974
10974
10974
10974
10974
10975
10975
10975
10976
10976
10976
10977
10977
10977
10977
10977
10978
10979
10979
10980
10980
10980
10981
10981
10982
10982
10982
10983
10984
10984
10984
10986
10986
10988
10988
10988
10988
10989
10989
10989
10990
10990
10991
10992
10992
10993
10995
10995
10995
10996
10996
10996
10997
10997
10998
10998
10998
10998
11000
11000
11001
11002
11002
11003
11003
11003
11004
11004
11005
11005
11005
11005
11006
11006
11006
11007
11008
11009
11009
11010
11010
11011
11011
11012
11012
11012
11013
11013
11013
11014
11014
11016
11018
11018
11018
11018
11018
11019
11019
11020
11020
11020
11021
11021
11021
11022
11023
11024
11024
11025
11025
11025
11025
11025
11026
11026
11026
11026
11027
11027
11027
11028
11028
11028
11028
11028
11029
11030
11030
11030
11031
11031
11032
11032
11032
11032
11032
11033
11033
11034
11034
11034
11035
11036
11037
11037
11038
11038
11038
11038
11039
11039
11039
11040
11040
11040
11040
11040
11042
11042
11043
11043
11044
11044
11044
11044
11045
11045
11045
11045
11046
11046
11046
11046
11046
11047
11047
11047
11047
11048
11048
11049
11050
11050
11051
11051
11051
11051
11051
11051
11052
11052
11052
11053
11053
11053
11054
11054
11054
11055
11055
11056
11056
11057
11057
11058
11058
11058
11058
11058
11058
11059
11059
11059
11060
11060
11060
11061
11061
11061
11062
11062
11063
11063
11064
11064
11065
11065
11065
11065
11066
11066
11067
11067
11067
11068
11068
11068
11068
11070
11071
11071
11072
11072
11072
11072
11072
11073
11073
11074
11074
11074
11074
11075
11076
11077
11077
11077
11078
11078
11078
11078
11078
11079
11079
11079
11080
11080
11080
11080
11081
11081
11081
11081
11081
11082
11083
11083
11084
11084
11084
11085
11085
11085
11086
11086
11086
11087
11087
11087
11087
11089
11090
11091
11091
11092
11092
11092
11092
11092
11093
11093
11094
11094
11094
11095
11095
11095
11096
11097
11098
11098
11099
11099
11099
11099
11099
11100
11100
11101
11101
11101
11102
11102
11102
11103
11104
11105
11105
11106
11106
11106
11106
11106
11107
11107
11108
11108
11108
11109
11109
11109
11110
11111
11112
11112
11113
11113
11113
11113
11114
11114
11114
11115
11115
11115
11116
11116
11116
11116
11116
11118
11118
11119
11119
11120
11120
11120
11120
11121
11121
11121
11122
11122
11122
11123
11123
11123
11123
11123
11125
11125
11126
11126
11127
11127
11127
11127
11127
11128
11128
11129
11129
11129
11130
11130
11130
11131
11132
11133
11133
11134
11134
11134
11134
11134
11135
11135
11136
11136
11136
11136
11137
11137
11137
11137
11138
11139
11140
11140
11140
11141
11141
11141
11141
11141
11142
11142
11143
11143
11143
11144
11144
11144
11145
11146
11147
11147
11148
11148
11148
11148
11149
11149
11150
11150
11150
11151
11151
11151
11151
11153
11154
11154
11155
11155
11155
11155
11156
11156
11156
11156
11157
11157
11157
11158
11158
11158
11158
11158
11160
11160
11161
11161
11162
11163
11163
11164
11164
11165
11165
11166
11166
11167
11167
11167
11167
11167
11168
11168
11169
11169
11170
11170
11171
11171
11171
11171
11171
11172
11172
11173
11173
11174
11174
11174
11175
11175
11175
11176
11176
11176
11177
11177
11177
11177
11179
11180
11181
11181
11181
11181
11181
11182
11182
11183
11183
11183
11184
11184
11184
11185
11186
11187
11187
11188
11188
11189
11189
11189
11189
11190
11190
11191
11192
11192
11193
11193
11193
11193
11194
11194
11195
11196
11196
11196
11197
11197
11197
11198
11198
11198
11199
11199
11199
11199
11201
11202
11203
11203
11203
11204
11204
11204
11205
11205
11205
11205
11206
11207
11207
11207
11208
11208
11209
11209
11209
11209
11210
11210
11211
11211
11211
11211
11212
11212
11213
11213
11213
11214
11214
11214
11214
11216
11217
11217
11218
11218
11218
11219
11219
11219
11220
11220
11220
11221
11221
11221
11224
11225
11225
11226
11226
11226
11227
11227
11228
11228
11228
11228
11229
11229
11230
11230
11231
11231
11231
11233
11234
11235
11235
11235
11236
11236
11236
11237
11237
11237
11238
11238
11238
11241
11242
11243
11243
11244
11244
11244
11245
11246
11246
11247
11247
11247
11247
11248
11248
11248
11248
11249
11250
11250
11250
11251
11251
11251
11251
11252
11252
11252
11252
11253
11254
11254
11254
11255
11255
11255
11256
11256
11256
11257
11257
11257
11257
11258
11258
11258
11259
11261
11262
11262
11262
11262
11262
11262
11263
11263
11263
11263
11264
11264
11265
11265
11265
11265
11266
11267
11267
11267
11268
11269
11269
11269
11269
11269
11270
11270
11270
11271
11272
11272
11273
11274
11274
11274
11274
11275
11275
11276
11276
11276
11277
11277
11277
11280
11280
11281
11281
11281
11282
11282
11282
11282
11283
11284
11284
11285
11285
11286
11286
11287
11288
11288
11289
11289
11289
11290
11290
11291
11291
11292
11292
11293
11293
11293
11294
11294
11294
11294
11295
11295
11296
11296
11297
11297
11297
11298
11299
11299
11300
11300
11301
11301
11302
11302
11302
11302
11303
11303
11304
11304
11305
11305
11305
11305
11306
11306
11307
11307
11307
11308
11308
11308
11309
11310
11311
11311
11311
11312
11313
11313
11313
11314
11314
11315
11316
11316
11316
11316
11316
11317
11317
11318
11318
11318
11319
11319
11319
11320
11321
11322
11322
11323
11323
11323
11323
11323
11324
11324
11325
11325
11325
11326
11328
11329
11329
11329
11329
11330
11330
11330
11331
11331
11331
11332
11332
11332
11334
11334
11336
11336
11336
11336
11336
11337
11337
11338
11338
11338
11339
11339
11340
11342
11343
11343
11343
11343
11344
11344
11344
11345
11345
11345
11346
11346
11346
11346
11346
11348
11348
11349
11349
11350
11351
11351
11352
11352
11352
11352
11353
11355
11356
11357
11358
11359
11359
11360
11361
11361
11363
11363
11364
11364
11365
11365
11366
11366
11367
11367
11368
11368
11369
11369
11370
11370
11370
11370
11371
11371
11372
11372
11372
11373
11374
11374
11374
11374
11374
11375
11375
11376
11376
11376
11377
11377
11377
11378
11379
11380
11380
11381
11381
11381
11381
11381
11382
11382
11383
11383
11383
11384
11384
11385
11386
11387
11388
11388
11388
11388
11389
11389
11390
11390
11390
11394
11394
11394
11394
11394
11395
11395
11396
11396
11396
11397
11397
11397
11398
11399
11400
11400
11401
11401
11401
11401
11402
11402
11402
11403
11403
11403
11404
11404
11404
11406
11407
11408
11408
11408
11409
11409
11409
11413
11413
11414
11418
11419
11419
11420
11421
11422
11422
11423
11424
11424
11424
11425
11425
11425
11425
11426
11426
11427
11428
11431
11432
11433
11434
11435
11435
11436
11436
11436
11436
11437
11438
11438
11440
11441
11441
11443
11443
11443
11443
11443
11444
11444
11445
11445
11445
11446
11446
11447
11449
11449
11450
11450
11450
11451
11451
11451
11452
11453
11454
11454
11454
11454
11455
11455
11455
11456
11456
11456
11457
11457
11457
11457
11457
11459
11459
11460
11460
11461
11461
11462
11463
11463
11464
11464
11464
11464
11465
11466
11467
11468
11468
11468
11469
11469
11469
11470
11470
11470
11470
11471
11471
11471
11472
11472
11473
11475
11475
11477
11477
11479
11479
11479
11480
11480
11481
11481
11481
11481
11482
11483
11483
11484
11485
11485
11486
11487
11487
11487
11488
11488
11488
11488
11489
11489
11489
11489
11490
11490
11490
11490
11490
11491
11492
11492
11493
11494
11494
11494
11495
11496
11496
11496
11497
11497
11498
11500
11500
11500
11500
11500
11501
11501
11502
11502
11502
11503
11503
11503
11504
11505
11506
11506
11507
11507
11508
11508
11508
11510
11511
11511
11512
11513
11513
11514
11514
11514
11516
11517
11517
11517
11517
11517
11518
11518
11519
11519
11519
11520
11520
11520
11521
11522
11523
11523
11524
11524
11524
11525
11525
11525
11526
11527
11528
11528
11528
11528
11529
11529
11529
11529
11530
11530
11530
11530
11531
11531
11531
11531
11531
11532
11533
11533
11534
11534
11535
11535
11535
11536
11536
11536
11538
11538
11539
11539
11540
11540
11540
11540
11541
11542
11543
11543
11543
11544
11544
11545
11545
11546
11548
11548
11548
11548
11548
11549
11549
11550
11550
11550
11550
11551
11551
11551
11551
11552
11553
11554
11554
11554
11555
11555
11556
11557
11557
11557
11558
11558
11560
11560
11561
11561
11561
11562
11562
11564
11565
11565
11566
11566
11566
11568
11568
11569
11570
11570
11570
11570
11570
11571
11571
11572
11572
11572
11573
11573
11573
11574
11575
11576
11576
11577
11577
11577
11578
11579
11579
11579
11580
11581
11582
11582
11583
11583
11583
11583
11584
11584
11584
11585
11585
11585
11586
11586
11586
11586
11586
11588
11588
11589
11589
11590
11590
11590
11591
11591
11591
11593
11593
11594
11594
11595
11595
11596
11596
11596
11596
11597
11598
11599
11599
11599
11600
11600
11601
11603
11603
11603
11603
11603
11604
11604
11604
11605
11605
11605
11605
11605
11606
11606
11606
11606
11607
11607
11608
11609
11609
11609
11610
11610
11611
11611
11611
11613
11614
11614
11614
11615
11615
11617
11618
11618
11619
11619
11619
11621
11622
11622
11622
11622
11623
11624
11624
11624
11625
11626
11626
11627
11627
11627
11627
11628
11628
11628
11628
11629
11629
11629
11630
11631
11631
11631
11632
11632
11633
11633
11634
11634
11634
11635
11635
11635
11635
11635
11636
11636
11637
11637
11638
11638
11639
11639
11640
11640
11640
11640
11640
11640
11641
11641
11641
11642
11642
11642
11643
11643
11644
11644
11645
11645
11646
11646
11647
11647
11647
11647
11648
11648
11648
11648
11649
11649
11649
11649
11650
11650
11650
11650
11650
11651
11652
11652
11653
11653
11654
11654
11654
11654
11654
11654
11655
11655
11655
11656
11656
11656
11657
11657
11658
11658
11659
11660
11660
11660
11662
11663
11663
11663
11663
11664
11664
11664
11665
11665
11666
11666
11666
11666
11668
11668
11669
11670
11670
11670
11671
11671
11671
11672
11672
11672
11674
11676
11677
11679
11680
11680
11681
11681
11681
11682
11683
11683
11683
11683
11684
11684
11684
11685
11685
11685
11685
11686
11686
11686
11686
11687
11688
11689
11689
11690
11690
11690
11690
11691
11692
11693
11693
11693
11693
11693
11694
11694
11694
11694
11695
11695
11695
11695
11696
11697
11697
11697
11698
11699
11699
11699
11699
11700
11700
11700
11701
11701
11701
11701
11703
11703
11704
11705
11705
11705
11706
11706
11706
11706
11707
11707
11707
11708
11708
11708
11709
11710
11712
11712
11712
11712
11713
11713
11713
11714
11714
11715
11715
11716
11717
11717
11717
11717
11718
11719
11719
11719
11719
11720
11721
11721
11721
11722
11722
11722
11722
11723
11723
11723
11724
11724
11725
11726
11726
11727
11727
11727
11727
11728
11728
11728
11728
11729
11730
11730
11731
11732
11732
11732
11733
11734
11735
11735
11735
11735
11736
11736
11737
11737
11738
11738
11741
11742
11742
11742
11743
11744
11744
11744
11744
11744
11745
11745
11745
11745
11746
11746
11747
11747
11747
11747
11748
11749
11749
11749
11750
11751
11751
11752
11752
11753
11753
11753
11754
11754
11754
11754
11755
11755
11755
11756
11756
11756
11757
11758
11760
11760
11760
11760
11760
11761
11761
11762
11762
11762
11763
11763
11763
11764
11765
11766
11766
11767
11767
11767
11767
11767
11768
11768
11768
11769
11769
11770
11770
11770
11771
11772
11772
11772
11773
11774
11774
11774
11774
11775
11775
11775
11776
11776
11777
11777
11777
11777
11777
11779
11779
11780
11781
11781
11781
11781
11782
11782
11782
11782
11782
11783
11783
11784
11784
11784
11785
11785
11786
11786
11788
11788
11788
11789
11789
11790
11790
11790
11790
11792
11792
11794
11795
11795
11797
11797
11797
11797
11798
11798
11799
11800
11800
11800
11801
11801
11801
11802
11802
11802
11803
11803
11803
11803
11803
11805
11805
11806
11807
11807
11808
11808
11808
11809
11810
11810
11810
11810
11810
11810
11811
11811
11811
11812
11812
11812
11813
11813
11813
11814
11814
11815
11815
11816
11816
11817
11817
11817
11817
11818
11818
11818
11819
11819
11820
11820
11820
11820
11822
11822
11823
11824
11824
11824
11824
11824
11825
11825
11825
11825
11826
11826
11827
11827
11827
11827
11828
11829
11829
11829
11830
11831
11831
11831
11832
11832
11832
11832
11833
11833
11833
11834
11834
11834
11834
11835
11836
11838
11838
11838
11838
11838
11839
11839
11839
11840
11840
11841
11841
11842
11842
11843
11843
11843
11843
11844
11844
11845
11845
11845
11846
11846
11846
11849
11849
11850
11850
11850
11850
11850
11850
11851
11851
11851
11852
11852
11853
11853
11853
11854
11854
11855
11855
11856
11857
11857
11859
11859
11859
11859
11860
11860
11860
11861
11861
11862
11862
11862
11864
11864
11866
11867
11868
11868
11868
11868
11869
11869
11870
11870
11871
11871
11874
11875
11875
11875
11875
11876
11876
11876
11877
11878
11878
11879
11879
11879
11879
11880
11880
11880
11881
11881
11882
11882
11882
11882
11882
11884
11884
11885
11885
11886
11886
11886
11887
11887
11887
11887
11888
11888
11889
11890
11890
11890
11891
11891
11891
11891
11892
11892
11892
11892
11893
11893
11893
11893
11894
11895
11896
11897
11897
11897
11897
11897
11898
11898
11899
11899
11899
11900
11900
11900
11901
11902
11903
11903
11904
11904
11904
11904
11905
11905
11905
11906
11906
11907
11907
11907
11907
11909
11909
11910
11910
11911
11911
11911
11911
11912
11912
11912
11913
11913
11913
11914
11914
11914
11914
11914
11916
11916
11917
11917
11918
11918
11918
11919
11919
11919
11919
11920
11920
11920
11921
11921
11921
11921
11922
11923
11924
11925
11926
11926
11926
11926
11927
11927
11927
11928
11928
11928
11928
11928
11929
11929
11929
11929
11930
11930
11931
11932
11932
11932
11933
11933
11933
11935
11936
11937
11937
11938
11939
11939
11940
11940
11940
11941
11943
11944
11944
11944
11944
11945
11945
11946
11946
11946
11947
11947
11947
11948
11950
11950
11951
11951
11951
11952
11953
11954
11954
11954
11954
11955
11955
11955
11956
11956
11956
11956
11957
11957
11957
11957
11958
11959
11960
11960
11961
11961
11962
11962
11962
11963
11963
11964
11964
11965
11965
11965
11965
11966
11966
11967
11968
11969
11969
11969
11969
11969
11970
11970
11971
11971
11971
11972
11972
11972
11973
11974
11975
11975
11976
11976
11976
11976
11977
11977
11977
11978
11978
11978
11979
11979
11979
11979
11979
11981
11981
11982
11982
11983
11983
11983
11983
11984
11984
11984
11985
11985
11986
11986
11986
11986
11986
11988
11988
11989
11989
11990
11990
11990
11991
11991
11991
11991
11992
11992
11992
11992
11993
11993
11993
11993
11994
11995
11996
11997
11997
11997
11997
11997
11998
11998
11999
11999
11999
12000
12000
12001
12002
12003
12004
12004
12004
12004
12005
12005
12006
12006
12006
12007
12007
12007
12010
12010
12011
12011
12011
12011
12011
12012
12012
12013
12013
12013
12014
12014
12014
12015
12016
12017
12017
12018
12018
12018
12019
12019
12021
12022
12022
12022
12022
12023
12023
12023
12024
12024
12024
12025
12025
12025
12025
12025
12027
12027
12028
12028
12029
12029
12030
12030
12030
12031
12033
12033
12033
12033
12034
12034
12035
12035
12036
12036
12039
12040
12040
12040
12040
12041
12041
12041
12042
12043
12043
12044
12044
12044
12044
12045
12045
12045
12046
12046
12046
12047
12047
12047
12047
12047
12049
12049
12050
12050
12051
12051
12051
12052
12052
12052
12052
12053
12053
12054
12055
12055
12055
12056
12056
12056
12056
12057
12057
12057
12057
12058
12058
12058
12058
12059
12060
12061
12062
12062
12062
12062
12062
12063
12063
12064
12064
12064
12065
12065
12065
12066
12067
12068
12068
12069
12069
12069
12069
12070
12070
12070
12071
12071
12071
12072
12072
12072
12072
12074
12074
12075
12075
12076
12076
12076
12076
12077
12077
12077
12078
12078
12078
12079
12079
12079
12079
12079
12081
12081
12082
12082
12083
12083
12083
12084
12084
12084
12084
12085
12085
12085
12085
12086
12086
12086
12086
12087
12088
12089
12090
12090
12090
12090
12090
12091
12091
12091
12092
12092
12093
12093
12094
12095
12095
12095
12095
12096
12096
12097
12097
12097
12098
12098
12098
12101
12101
12102
12102
12102
12102
12102
12103
12103
12103
12104
12104
12105
12106
12106
12107
12108
12108
12108
12108
12109
12109
12109
12110
12110
12111
12111
12111
12113
12113
12115
12116
12117
12117
12117
12117
12118
12118
12119
12119
12120
12120
12123
12124
12124
12125
12125
12125
12125
12126
12126
12126
12126
12127
12127
12127
12128
12129
12129
12129
12130
12130
12131
12131
12132
12132
12132
12133
12133
12133
12133
12134
12134
12134
12135
12135
12135
12136
12137
12139
12139
12139
12139
12139
12140
12140
12141
12141
12141
12142
12142
12142
12143
12144
12145
12145
12146
12146
12146
12146
12147
12147
12147
12148
12148
12148
12149
12149
12149
12149
12149
12151
12151
12152
12152
12153
12153
12153
12153
12154
12154
12154
12155
12155
12155
12156
12156
12156
12156
12156
12158
12158
12159
12159
12160
12160
12160
12161
12161
12161
12161
12162
12162
12162
12162
12163
12163
12163
12163
12164
12165
12166
12167
12167
12167
12167
12167
12168
12168
12169
12169
12169
12170
12170
12171
12172
12173
12174
12174
12174
12174
12175
12175
12176
12176
12176
12177
12177
12177
12180
12180
12181
12181
12181
12181
12181
12182
12182
12183
12183
12183
12184
12184
12184
12185
12186
12187
12187
12188
12188
12188
12189
12189
12191
12192
12192
12192
12192
12193
12193
12193
12194
12194
12194
12195
12195
12195
12195
12195
12197
12197
12198
12198
12199
12199
12200
12200
12200
12201
12203
12203
12203
12203
12204
12204
12204
12205
12206
12206
12207
12207
12207
12207
12208
12208
12208
12209
12210
12210
12211
12211
12211
12211
12211
12212
12212
12212
12212
12213
12213
12213
12214
12214
12214
12214
12214
12215
12216
12216
12216
12217
12218
12218
12218
12219
12219
12220
12221
12221
12221
12221
12222
12222
12222
12222
12222
12223
12223
12223
12223
12224
12224
12224
12225
12225
12226
12226
12228
12228
12228
12228
12228
12229
12229
12229
12230
12230
12230
12230
12231
12231
12231
12231
12231
12232
12233
12233
12234
12234
12234
12235
12235
12235
12235
12235
12236
12236
12236
12237
12237
12237
12237
12238
12238
12238
12238
12238
12239
12240
12240
12241
12241
12241
12242
12242
12242
12243
12243
12243
12243
12244
12244
12244
12244
12245
12245
12245
12245
12246
12247
12248
12249
12249
12249
12249
12249
12250
12250
12250
12251
12251
12251
12251
12252
12252
12252
12253
12253
12254
12255
12255
12256
12256
12256
12256
12256
12257
12257
12258
12258
12258
12259
12259
12259
12260
12261
12262
12262
12263
12263
12263
12263
12264
12264
12265
12265
12267
12268
12269
12269
12269
12269
12270
12270
12270
12271
12271
12271
12272
12272
12272
12272
12272
12274
12274
12275
12275
12276
12276
12276
12276
12277
12277
12277
12277
12277
12278
12278
12278
12279
12279
12280
12280
12282
12282
12282
12283
12284
12284
12284
12286
12286
12287
12287
12289
12289
12290
12291
12291
12291
12292
12292
12293
12293
12293
12293
12295
12295
12296
12296
12296
12297
12298
12298
12298
12298
12298
12299
12299
12300
12300
12300
12301
12302
12303
12303
12304
12304
12304
12304
12305
12305
12305
12306
12306
12307
12307
12307
12307
12307
12309
12309
12310
12311
12311
12311
12311
12311
12312
12312
12312
12312
12313
12313
12313
12313
12314
12315
12315
12315
12316
12317
12317
12317
12318
12318
12318
12318
12319
12319
12319
12319
12320
12320
12320
12320
12321
12322
12323
12324
12324
12324
12324
12324
12325
12325
12326
12326
12326
12327
12327
12327
12328
12329
12330
12330
12331
12331
12331
12331
12332
12332
12332
12333
12333
12333
12334
12334
12334
12334
12334
12336
12336
12337
12337
12338
12338
12338
12338
12339
12339
12339
12339
12340
12340
12340
12340
12340
12341
12341
12341
12341
12342
12342
12343
12344
12344
12345
12345
12345
12345
12345
12346
12346
12346
12347
12348
12348
12349
12349
12350
12350
12350
12350
12351
12351
12351
12351
12352
12353
12353
12353
12354
12354
12354
12354
12354
12354
12355
12355
12355
12355
12356
12356
12356
12357
12357
12357
12357
12358
12358
12359
12359
12359
12360
12360
12361
12361
12361
12362
12362
12364
12365
12365
12365
12365
12365
12366
12366
12366
12366
12367
12367
12367
12368
12368
12368
12369
12370
12370
12370
12371
12372
12372
12373
12375
12375
12375
12375
12375
12376
12376
12376
12377
12377
12377
12378
12378
12378
12378
12379
12380
12380
12381
12381
12382
12383
12383
12383
12383
12384
12384
12385
12385
12385
12386
12386
12386
12386
12388
12389
12389
12390
12391
12391
12391
12391
12392
12392
12392
12393
12393
12394
12394
12394
12394
12396
12396
12398
12398
12399
12399
12399
12399
12400
12400
12401
12402
12403
12403
12403
12403
12403
12404
12404
12405
12405
12405
12406
12406
12406
12407
12408
12409
12409
12410
12410
12410
12410
12411
12411
12411
12412
12412
12412
12413
12413
12413
12413
12413
12415
12415
12416
12416
12417
12417
12417
12417
12417
12418
12418
12418
12419
12419
12419
12420
12420
12420
12420
12421
12422
12422
12423
12423
12424
12424
12424
12424
12425
12425
12425
12426
12426
12427
12427
12427
12427
12429
12429
12430
12430
12431
12431
12431
12431
12432
12432
12432
12432
12433
12433
12433
12433
12434
12434
12434
12434
12434
12435
12436
12436
12437
12437
12438
12438
12438
12438
12439
12439
12439
12440
12441
12441
12442
12442
12442
12443
12444
12444
12445
12446
12446
12447
12447
12448
12448
12448
12448
12449
12449
12449
12450
12450
12451
12451
12451
12451
12451
12453
12453
12454
12455
12455
12455
12455
12456
12456
12456
12456
12457
12457
12457
12457
12458
12458
12458
12459
12459
12460
12462
12462
12462
12462
12463
12463
12463
12464
12464
12464
12465
12465
12465
12466
12468
12469
12469
12469
12470
12471
12471
12472
12472
12473
12473
12473
12474
12474
12475
12475
12475
12475
12475
12476
12476
12476
12477
12477
12477
12478
12478
12478
12478
12479
12480
12480
12481
12482
12482
12482
12483
12483
12483
12483
12484
12484
12484
12485
12485
12485
12485
12486
12487
12489
12489
12489
12489
12489
12490
12490
12491
12491
12491
12492
12492
12492
12493
12494
12495
12495
12496
12496
12496
12496
12497
12497
12497
12498
12498
12498
12499
12499
12499
12499
12499
12501
12501
12502
12502
12503
12503
12503
12503
12504
12504
12504
12505
12505
12505
12506
12506
12506
12506
12506
12508
12508
12509
12509
12510
12510
12510
12510
12510
12511
12511
12511
12512
12512
12512
12512
12513
12513
12513
12513
12513
12514
12515
12515
12516
12516
12516
12517
12517
12517
12517
12518
12518
12518
12518
12519
12519
12519
12519
12520
12520
12520
12520
12520
12521
12522
12522
12523
12523
12524
12524
12525
12525
12526
12527
12528
12528
12528
12528
12529
12529
12530
12530
12531
12531
12531
12532
12533
12534
12536
12536
12536
12536
12537
12537
12538
12538
12539
12539
12539
12540
12541
12544
12544
12545
12545
12545
12546
12548
12549
12549
12549
12549
12550
12550
12551
12551
12551
12552
12552
12552
12553
12554
12555
12555
12556
12556
12557
12557
12557
12558
12558
12559
12559
12559
12559
12561
12561
12562
12562
12562
12563
12563
12565
12565
12566
12566
12566
12567
12568
12568
12568
12568
12568
12569
12569
12570
12570
12570
12571
12571
12571
12572
12573
12574
12574
12575
12575
12575
12575
12575
12576
12576
12576
12576
12577
12577
12578
12578
12578
12578
12578
12579
12580
12580
12580
12581
12581
12582
12582
12582
12582
12582
12583
12583
12583
12584
12584
12584
12584
12585
12585
12585
12585
12585
12586
12587
12587
12588
12588
12588
12589
12589
12589
12589
12589
12590
12590
12590
12591
12591
12591
12592
12592
12592
12592
12593
12594
12594
12595
12595
12596
12596
12596
12596
12596
12597
12597
12597
12598
12598
12598
12598
12599
12599
12599
12599
12600
12601
12601
12602
12602
12602
12603
12603
12603
12603
12603
12604
12604
12604
12604
12604
12605
12605
12606
12606
12606
12606
12606
12607
12607
12608
12608
12608
12609
12609
12610
12610
12611
12611
12611
12612
12613
12613
12613
12615
12615
12616
12616
12617
12619
12620
12620
12623
12623
12623
12624
12624
12624
12625
12625
12625
12626
12626
12627
12627
12627
12627
12628
12628
12629
12629
12630
12630
12631
12631
12632
12633
12633
12633
12633
12633
12633
12634
12634
12634
12635
12635
12635
12636
12636
12636
12637
12637
12638
12638
12639
12639
12640
12640
12640
12640
12640
12641
12641
12641
12641
12642
12642
12643
12643
12643
12643
12644
12645
12645
12645
12646
12647
12647
12647
12647
12648
12648
12648
12648
12649
12649
12649
12649
12649
12650
12650
12650
12650
12651
12651
12652
12653
12653
12654
12654
12654
12654
12654
12654
12655
12655
12655
12655
12656
12656
12656
12656
12657
12657
12657
12658
12658
12659
12659
12659
12660
12660
12660
12661
12661
12661
12661
12661
12662
12662
12662
12662
12663
12663
12663
12663
12663
12664
12664
12664
12664
12664
12665
12665
12666
12666
12667
12667
12667
12668
12668
12668
12668
12669
12669
12669
12669
12669
12670
12670
12671
12671
12671
12672
12672
12673
12673
12674
12675
12675
12676
12676
12676
12677
12677
12678
12679
12680
12682
12682
12682
12683
12683
12684
12684
12685
12685
12686
12686
12687
12688
12688
12688
12688
12688
12689
12689
12689
12689
12690
12690
12690
12691
12691
12691
12692
12692
12693
12693
12694
12695
12695
12695
12695
12695
12695
12696
12696
12696
12697
12697
12697
12698
12698
12699
12699
12700
12700
12701
12701
12701
12701
12702
12702
12702
12703
12703
12703
12704
12704
12704
12704
12704
12706
12706
12707
12707
12708
12708
12708
12708
12709
12709
12709
12710
12710
12710
12710
12712
12712
12713
12714
12714
12714
12715
12715
12715
12716
12716
12716
12717
12717
12717
12717
12719
12720
12721
12721
12721
12721
12721
12722
12722
12722
12722
12722
12723
12723
12723
12723
12724
12724
12724
12724
12724
12725
12725
12726
12726
12726
12727
12727
12728
12728
12728
12728
12728
12729
12729
12729
12730
12730
12730
12731
12731
12731
12731
12732
12733
12733
12734
12734
12735
12735
12735
12735
12735
12736
12736
12736
12737
12737
12738
12739
12739
12740
12741
12741
12741
12741
12742
12742
12742
12743
12743
12743
12744
12744
12744
12744
12744
12746
12746
12747
12747
12748
12748
12748
12749
12749
12749
12750
12750
12750
12752
12754
12755
12757
12757
12757
12757
12757
12758
12758
12759
12759
12759
12760
12762
12762
12763
12763
12763
12763
12764
12765
12765
12765
12766
12767
12767
12768
12768
12768
12768
12769
12769
12770
12770
12770
12771
12771
12771
12771
12773
12774
12774
12775
12775
12775
12776
12777
12778
12778
12778
12778
12779
12779
12779
12779
12780
12780
12780
12781
12781
12781
12781
12782
12783
12783
12784
12785
12785
12785
12785
12785
12786
12786
12787
12787
12787
12788
12788
12788
12789
12790
12791
12791
12792
12792
12792
12792
12792
12793
12793
12794
12794
12794
12794
12795
12797
12797
12797
12798
12798
12798
12798
12798
12799
12799
12800
12800
12800
12801
12801
12801
12802
12803
12804
12804
12805
12805
12805
12805
12806
12806
12807
12807
12810
12811
12811
12811
12811
12811
12812
12812
12812
12812
12813
12813
12813
12814
12814
12814
12814
12815
12816
12816
12816
12817
12817
12818
12818
12821
12821
12821
12821
12821
12822
12822
12822
12823
12823
12823
12824
12824
12824
12824
12825
12826
12826
12827
12827
12828
12828
12828
12828
12829
12829
12830
12830
12830
12831
12831
12831
12831
12833
12834
12834
12835
12835
12835
12835
12836
12836
12837
12837
12838
12838
12838
12838
12840
12841
12842
12842
12842
12843
12843
12843
12844
12844
12844
12845
12845
12845
12847
12849
12851
12851
12851
12851
12852
12852
12853
12853
12854
12854
12854
12856
12857
12858
12858
12858
12858
12859
12859
12860
12860
12861
12861
12861
12863
12864
12865
12865
12865
12866
12866
12866
12867
12867
12867
12868
12868
12868
12870
12872
12872
12873
12873
12873
12874
12874
12875
12875
12875
12875
12875
12876
12876
12877
12877
12878
12878
12879
12879
12880
12880
12881
12881
12881
12881
12882
12882
12883
12883
12883
12884
12884
12884
12884
12884
12886
12886
12887
12887
12888
12888
12888
12889
12889
12889
12889
12890
12890
12890
12890
12891
12891
12891
12891
12892
12893
12894
12895
12895
12896
12896
12896
12896
12897
12898
12898
12899
12899
12899
12900
12900
12901
12901
12903
12904
12904
12904
12904
12904
12905
12905
12906
12906
12906
12907
12907
12907
12909
12910
12910
12911
12911
12911
12912
12912
12913
12913
12913
12913
12913
12914
12914
12915
12915
12916
12916
12916
12916
12917
12917
12918
12918
12919
12919
12919
12919
12921
12922
12923
12923
12923
12924
12924
12924
12924
12925
12925
12925
12925
12926
12927
12929
12929
12929
12930
12930
12931
12931
12931
12931
12932
12932
12933
12934
12934
12934
12934
12935
12935
12936
12936
12937
12937
12937
12939
12940
12941
12941
12941
12942
12942
12942
12942
12943
12943
12943
12943
12944
12945
12947
12947
12948
12948
12948
12948
12948
12949
12949
12950
12950
12951
12951
12951
12951
12952
12952
12952
12953
12953
12954
12955
12956
12956
12956
12957
12958
12958
12958
12959
12960
12960
12961
12961
12962
12962
12963
12963
12963
12964
12964
12965
12965
12965
12965
12966
12966
12966
12967
12967
12967
12968
12968
12968
12968
12968
12970
12970
12971
12971
12972
12972
12972
12973
12973
12974
12974
12974
12975
12975
12975
12975
12977
12978
12979
12979
12979
12979
12979
12980
12980
12981
12981
12981
12981
12982
12982
12982
12982
12983
12984
12985
12985
12985
12986
12986
12986
12987
12987
12987
12988
12988
12988
12990
12990
12991
12991
12991
12992
12992
12992
12993
12994
12995
12995
12995
12996
12996
12997
12997
12997
12997
12998
12998
12999
13000
13000
13000
13000
13000
13000
13001
13001
13001
13002
13002
13002
13003
13003
13004
13004
13005
13006
13006
13006
13006
13006
13007
13007
13007
13008
13008
13008
13008
13008
13009
13009
13011
13011
13012
13012
13012
13012
13012
13012
13013
13013
13013
13013
13014
13014
13015
13015
13015
13015
13016
13016
13017
13017
13017
13019
13019
13021
13021
13021
13021
13022
13022
13022
13023
13024
13025
13027
13027
13027
13027
13027
13028
13028
13028
13028
13029
13029
13029
13029
13030
13031
13032
13032
13032
13033
13033
13033
13033
13034
13034
13035
13035
13035
13036
13036
13036
13036
13038
13039
13039
13040
13040
13040
13041
13041
13041
13042
13042
13042
13042
13044
13044
13045
13045
13046
13046
13046
13046
13047
13047
13047
13048
13049
13050
13050
13050
13050
13051
13051
13052
13052
13053
13053
13053
13055
13056
13057
13057
13057
13058
13058
13058
13059
13059
13059
13061
13061
13062
13062
13063
13063
13063
13063
13064
13064
13064
13065
13066
13067
13067
13067
13067
13067
13068
13068
13068
13069
13069
13069
13069
13070
13070
13072
13073
13073
13073
13074
13075
13075
13075
13075
13075
13076
13076
13076
13076
13077
13077
13078
13078
13078
13078
13079
13080
13080
13080
13082
13083
13083
13083
13084
13084
13084
13084
13085
13085
13086
13086
13087
13088
13088
13089
13090
13090
13090
13091
13091
13091
13092
13092
13092
13094
13094
13095
13095
13095
13096
13096
13096
13096
13097
13098
13098
13099
13099
13099
13100
13101
13101
13101
13102
13103
13104
13104
13105
13108
13108
13108
13108
13108
13109
13109
13110
13110
13110
13111
13111
13111
13112
13113
13114
13114
13115
13115
13116
13117
13117
13117
13117
13118
13118
13119
13119
13119
13120
13120
13120
13120
13122
13123
13123
13124
13124
13124
13125
13125
13125
13126
13126
13126
13126
13128
13128
13129
13129
13129
13130
13130
13130
13131
13131
13131
13132
13132
13132
13134
13136
13136
13136
13136
13137
13137
13138
13138
13138
13139
13139
13139
13140
13141
13142
13143
13143
13145
13145
13145
13146
13146
13146
13147
13147
13147
13149
13149
13150
13150
13150
13151
13151
13151
13152
13152
13152
13153
13153
13153
13155
13157
13157
13157
13158
13158
13160
13161
13161
13161
13161
13161
13162
13162
13162
13163
13163
13163
13163
13164
13164
13164
13165
13165
13166
13167
13167
13168
13168
13168
13169
13170
13171
13171
13171
13171
13172
13172
13172
13173
13173
13173
13173
13174
13174
13174
13174
13175
13176
13177
13177
13178
13178
13178
13178
13179
13179
13180
13180
13180
13181
13181
13181
13181
13183
13184
13184
13185
13185
13185
13186
13186
13186
13187
13187
13187
13188
13188
13188
13188
13190
13191
13192
13193
13194
13194
13194
13194
13195
13195
13195
13196
13196
13196
13196
13196
13197
13197
13197
13197
13198
13198
13199
13200
13200
13200
13201
13201
13201
13203
13204
13204
13204
13204
13205
13205
13206
13206
13207
13207
13207
13209
13210
13211
13211
13211
13212
13212
13212
13213
13213
13213
13214
13214
13214
13214
13216
13217
13218
13219
13220
13221
13221
13222
13222
13222
13222
13223
13223
13224
13224
13224
13225
13225
13225
13225
13228
13228
13229
13229
13229
13230
13231
13231
13231
13231
13231
13232
13232
13232
13233
13233
13233
13234
13234
13234
13234
13235
13236
13236
13237
13238
13238
13239
13239
13240
13240
13241
13241
13241
13242
13242
13242
13242
13243
13243
13243
13243
13244
13244
13244
13245
13246
13248
13248
13248
13248
13249
13249
13249
13249
13250
13250
13250
13250
13251
13251
13251
13251
13251
13252
13253
13253
13254
13254
13255
13255
13255
13255
13256
13256
13256
13256
13257
13257
13257
13257
13257
13258
13258
13258
13258
13259
13259
13260
13261
13261
13262
13262
13262
13262
13262
13263
13263
13263
13264
13264
13264
13264
13265
13265
13265
13265
13265
13266
13267
13267
13268
13268
13268
13269
13269
13269
13270
13270
13270
13270
13271
13271
13271
13271
13272
13272
13272
13272
13273
13274
13275
13276
13276
13276
13276
13276
13276
13277
13277
13277
13277
13278
13278
13278
13278
13279
13279
13279
13280
13280
13281
13282
13282
13282
13282
13283
13283
13283
13284
13284
13284
13285
13285
13285
13285
13285
13288
13288
13289
13289
13289
13289
13289
13289
13290
13290
13290
13291
13291
13292
13292
13292
13293
13293
13294
13294
13295
13296
13296
13298
13298
13298
13298
13299
13299
13299
13299
13300
13300
13300
13300
13301
13301
13301
13302
13303
13303
13305
13306
13306
13307
13309
13311
13313
13313
13313
13313
13314
13314
13314
13315
13315
13315
13315
13315
13316
13316
13316
13317
13317
13319
13319
13320
13321
13321
13322
13323
13323
13323
13324
13324
13324
13324
13325
13325
13325
13325
13326
13326
13326
13327
13328
13330
13330
13330
13330
13330
13330
13331
13331
13331
13331
13332
13332
13332
13332
13333
13333
13334
13334
13334
13335
13335
13336
13337
13337
13337
13337
13337
13338
13338
13338
13338
13338
13339
13339
13339
13339
13340
13340
13340
13341
13341
13342
13342
13342
13344
13344
13344
13344
13344
13345
13345
13345
13346
13346
13347
13347
13348
13348
13348
13348
13349
13349
13349
13349
13350
13351
13351
13352
13353
13353
13353
13354
13354
13356
13357
13358
13358
13358
13358
13358
13359
13359
13360
13360
13360
13361
13361
13362
13363
13364
13365
13365
13365
13365
13366
13366
13366
13366
13367
13367
13367
13368
13368
13368
13369
13370
13370
13372
13372
13372
13372
13372
13373
13373
13373
13374
13374
13374
13374
13375
13375
13376
13376
13377
13378
13379
13379
13379
13379
13380
13380
13380
13380
13381
13381
13381
13382
13382
13382
13383
13384
13384
13386
13386
13388
13389
13390
13390
13390
13390
13390
13391
13391
13392
13392
13392
13393
13393
13394
13395
13396
13397
13397
13397
13397
13398
13398
13398
13399
13399
13400
13400
13400
13402
13402
13404
13404
13404
13404
13405
13405
13405
13406
13407
13407
13408
13408
13408
13409
13409
13410
13411
13411
13411
13411
13411
13412
13412
13413
13413
13413
13414
13414
13415
13416
13417
13418
13418
13418
13418
13419
13419
13419
13420
13420
13421
13421
13421
13423
13423
13425
13425
13425
13425
13426
13427
13427
13428
13428
13428
13429
13429
13429
13430
13430
13431
13432
13432
13432
13432
13432
13433
13433
13433
13433
13434
13434
13434
13434
13435
13435
13435
13436
13436
13437
13437
13438
13439
13439
13439
13439
13440
13440
13440
13441
13441
13442
13442
13442
13444
13444
13446
13446
13446
13446
13446
13447
13447
13447
13448
13448
13448
13448
13449
13449
13450
13450
13451
13452
13453
13453
13453
13453
13454
13454
13454
13454
13455
13455
13455
13456
13456
13456
13457
13458
13458
13460
13460
13462
13463
13464
13464
13464
13464
13464
13464
13465
13465
13465
13465
13466
13466
13466
13466
13467
13467
13468
13468
13468
13469
13469
13470
13471
13471
13471
13471
13471
13472
13472
13472
13472
13472
13473
13473
13473
13473
13474
13474
13474
13475
13475
13476
13476
13476
13478
13478
13478
13478
13478
13479
13479
13479
13480
13481
13482
13482
13483
13483
13484
13484
13484
13484
13485
13485
13485
13486
13487
13487
13488
13488
13490
13492
13492
13493
13493
13493
13494
13494
13495
13495
13495
13496
13496
13496
13497
13497
13497
13497
13498
13498
13499
13499
13502
13503
13507
13507
13507
13508
13508
13508
13509
13509
13509
13510
13510
13510
13511
13512
13513
13514
13514
13515
13516
13516
13516
13516
13517
13517
13517
13518
13518
13518
13519
13520
13521
13521
13521
13521
13522
13522
13523
13524
13524
13524
13525
13525
13525
13526
13527
13527
13529
13529
13532
13532
13533
13533
13533
13533
13534
13535
13535
13537
13537
13538
13539
13539
13540
13540
13542
13543
13544
13545
13545
13546
13547
13547
13549
13549
13550
13550
13551
13551
13551
13551
13552
13552
13553
13553
13553
13553
13554
13554
13555
13555
13555
13556
13556
13556
13557
13558
13559
13559
13560
13561
13561
13561
13562
13562
13562
13562
13562
13563
13563
13563
13564
13564
13565
13565
13565
13566
13566
13567
13568
13568
13568
13568
13569
13569
13570
13570
13570
13571
13572
13572
13572
13573
13574
13575
13575
13575
13576
13577
13577
13578
13578
13579
13579
13579
13579
13579
13580
13580
13581
13581
13582
13582
13582
13583
13583
13583
13583
13584
13584
13585
13585
13586
13586
13586
13586
13586
13587
13587
13587
13588
13588
13588
13589
13589
13590
13590
13591
13591
13592
13592
13592
13593
13593
13594
13594
13595
13596
13596
13597
13597
13599
13599
13599
13599
13599
13600
13600
13600
13600
13601
13601
13601
13601
13602
13603
13604
13604
13604
13605
13605
13605
13605
13606
13606
13607
13607
13607
13608
13608
13608
13608
13610
13611
13611
13612
13612
13612
13613
13613
13613
13614
13614
13614
13614
13616
13616
13617
13617
13618
13618
13618
13618
13619
13619
13619
13620
13621
13622
13622
13622
13622
13622
13622
13623
13623
13623
13623
13624
13624
13624
13624
13625
13625
13625
13625
13625
13626
13626
13627
13627
13627
13628
13628
13628
13629
13629
13629
13629
13629
13629
13630
13630
13630
13631
13631
13631
13632
13632
13632
13633
13633
13634
13634
13635
13635
13636
13636
13636
13636
13637
13637
13638
13638
13639
13639
13639
13641
13642
13643
13643
13643
13644
13644
13644
13645
13645
13645
13647
13647
13648
13648
13649
13649
13649
13649
13650
13650
13650
13651
13652
13653
13653
13653
13653
13653
13654
13654
13655
13655
13655
13656
13656
13656
13657
13658
13659
13659
13660
13660
13660
13660
13661
13661
13662
13662
13663
13663
13663
13663
13665
13667
13667
13667
13668
13668
13668
13669
13669
13669
13669
13671
13671
13672
13673
13673
13673
13674
13674
13674
13675
13676
13676
13676
13676
13677
13677
13678
13678
13679
13679
13679
13681
13683
13683
13683
13684
13684
13684
13685
13685
13685
13687
13687
13688
13689
13689
13689
13690
13690
13690
13691
13692
13692
13693
13693
13693
13694
13694
13695
13695
13696
13697
13697
13697
13697
13697
13698
13698
13698
13699
13699
13700
13700
13701
13701
13701
13701
13702
13702
13702
13703
13703
13704
13704
13704
13704
13706
13706
13708
13708
13708
13708
13708
13708
13709
13709
13709
13709
13710
13710
13710
13710
13711
13711
13712
13712
13712
13713
13713
13714
13714
13715
13715
13715
13717
13718
13718
13718
13719
13719
13720
13720
13720
13720
13720
13721
13721
13722
13722
13723
13723
13723
13723
13723
13724
13724
13725
13725
13726
13726
13726
13727
13728
13730
13730
13730
13730
13731
13731
13731
13732
13733
13733
13734
13734
13734
13734
13734
13734
13735
13735
13735
13735
13735
13736
13736
13736
13736
13736
13737
13737
13737
13738
13738
13738
13739
13739
13739
13740
13740
13740
13741
13741
13741
13741
13742
13743
13743
13743
13743
13744
13745
13745
13745
13746
13746
13749
13751
13751
13752
13752
13752
13753
13753
13754
13754
13755
13755
13755
13755
13756
13756
13757
13757
13758
13758
13759
13759
13759
13760
13761
13762
13763
13763
13763
13764
13764
13765
13765
13766
13766
13767
13767
13768
13768
13769
13769
13769
13769
13770
13770
13771
13771
13772
13772
13773
13773
13774
13775
13776
13776
13776
13777
13777
13778
13778
13778
13779
13779
13779
13781
13783
13784
13785
13786
13786
13790
13790
13791
13791
13793
13794
13795
13795
13796
13796
13798
13800
13801
13802
13805
13806
13806
13807
13808
13808
13809
13809
13811
13812
13813
13813
13814
13815
13815
13817
13818
13818
13819
13820
13820
13821
13822
13822
13823
13823
13825
13826
13828
13829
13829
13830
13831
13831
13832
13832
13834
13835
13836
13837
13837
13838
13839
13840
13840
13842
13843
13843
13844
13845
13846
13846
13847
13848
13848
13849
13849
13851
13852
13855
13856
13857
13858
13858
13859
13860
13861
13861
13862
13863
13863
13864
13864
13866
13867
13869
13870
13870
13871
13871
13873
13873
13874
13874
13874
13875
13875
13876
13877
13877
13878
13879
13879
13880
13880
13883
13883
13884
13884
13884
13885
13885
13886
13887
13887
13888
13889
13889
13889
13890
13890
13890
13891
13892
13893
13893
13894
13894
13894
13895
13895
13896
13897
13897
13899
13900
13901
13903
13904
13905
13906
13906
13907
13908
13909
13909
13910
13911
13911
13911
13912
13912
13912
13913
13914
13915
13915
13916
13917
13917
13918
13918
13918
13919
13919
13920
13921
13921
13923
13923
13924
13924
13924
13925
13925
13926
13926
13927
13928
13928
13928
13929
13929
13929
13930
13931
13932
13932
13933
13934
13934
13935
13935
13935
13936
13936
13937
13937
13937
13938
13938
13938
13939
13939
13940
13941
13941
13941
13941
13942
13942
13943
13943
13943
13944
13944
13945
13947
13948
13948
13948
13948
13949
13949
13950
13950
13950
13951
13951
13952
13954
13955
13955
13955
13956
13956
13956
13957
13957
13957
13958
13958
13958
13958
13958
13960
13961
13961
13962
13962
13962
13963
13964
13964
13965
13965
13966
13966
13966
13967
13967
13968
13968
13968
13968
13969
13969
13970
13970
13970
13971
13971
13971
13972
13974
13974
13975
13975
13975
13976
13976
13976
13977
13977
13977
13978
13978
13978
13978
13981
13982
13982
13983
13984
13984
13985
13985
13985
13986
13986
13987
13987
13988
13988
13988
13990
13990
13991
13991
13991
13992
13992
13992
13993
13994
13995
13996
13996
13997
13997
13997
13998
13998
13999
13999
14001
14001
14002
14002
14002
14003
14003
14004
14004
14005
14005
14007
14007
14007
14007
14008
14008
14009
14009
14009
14010
14010
14011
14013
14014
14014
14014
14015
14015
14016
14016
14016
14016
14017
14017
14018
14019
14019
14019
14020
14020
14020
14021
14021
14021
14022
14022
14022
14022
14022
14024
14025
14026
14026
14027
14027
14027
14027
14027
14028
14028
14029
14029
14029
14030
14030
14030
14031
14032
14033
14033
14034
14034
14034
14034
14034
14035
14035
14036
14036
14036
14036
14037
14037
14037
14037
14038
14039
14040
14040
14040
14041
14041
14041
14041
14042
14043
14044
14044
14044
14045
14045
14045
14047
14047
14048
14048
14048
14049
14049
14049
14051
14051
14052
14052
14052
14053
14053
14053
14053
14053
14054
14054
14055
14055
14056
14056
14056
14056
14056
14057
14057
14058
14058
14058
14059
14059
14060
14061
14062
14062
14063
14063
14063
14063
14063
14064
14064
14064
14065
14065
14065
14065
14066
14066
14066
14066
14066
14067
14068
14068
14069
14069
14069
14070
14070
14070
14070
14071
14071
14072
14073
14074
14074
14074
14076
14077
14077
14077
14077
14078
14078
14078
14078
14079
14080
14080
14080
14081
14081
14082
14082
14082
14082
14084
14085
14085
14086
14086
14087
14087
14087
14088
14088
14089
14089
14089
14089
14090
14090
14091
14091
14091
14092
14092
14092
14093
14095
14096
14096
14097
14097
14097
14098
14098
14098
14098
14099
14100
14101
14102
14103
14104
14105
14106
14108
14109
14109
14110
14111
14111
14112
14112
14114
14114
14114
14114
14115
14115
14116
14116
14116
14116
14117
14117
14117
14117
14118
14120
14120
14120
14121
14121
14121
14121
14122
14122
14123
14123
14123
14124
14124
14125
14127
14128
14128
14128
14129
14129
14129
14130
14130
14130
14131
14131
14131
14131
14131
14133
14133
14134
14135
14135
14136
14136
14137
14137
14137
14138
14139
14139
14139
14139
14139
14140
14140
14140
14141
14141
14142
14142
14143
14143
14143
14143
14144
14144
14144
14144
14145
14145
14145
14146
14147
14147
14147
14148
14148
14148
14148
14149
14149
14149
14149
14150
14151
14151
14151
14152
14152
14152
14152
14153
14153
14153
14153
14153
14154
14154
14154
14155
14155
14155
14156
14156
14157
14157
14159
14159
14159
14159
14159
14160
14160
14160
14161
14161
14162
14162
14163
14163
14164
14164
14164
14164
14165
14165
14165
14165
14166
14167
14167
14167
14168
14168
14168
14168
14169
14169
14169
14169
14170
14171
14172
14172
14172
14173
14173
14173
14174
14174
14174
14174
14174
14175
14175
14176
14176
14177
14177
14177
14178
14178
14178
14179
14179
14179
14180
14180
14182
14182
14182
14182
14183
14183
14183
14184
14184
14184
14185
14185
14185
14185
14186
14187
14187
14188
14189
14189
14189
14190
14190
14190
14191
14191
14191
14192
14192
14192
14195
14196
14197
14198
14198
14200
14201
14203
14204
14204
14205
14206
14206
14207
14209
14209
14209
14209
14210
14210
14211
14211
14211
14211
14212
14212
14212
14212
14213
14215
14215
14215
14216
14216
14216
14216
14217
14217
14218
14218
14218
14219
14219
14220
14222
14223
14223
14223
14224
14224
14224
14225
14225
14225
14226
14226
14226
14226
14226
14228
14228
14229
14229
14230
14230
14231
14231
14232
14232
14232
14232
14233
14234
14235
14235
14235
14235
14235
14236
14236
14236
14237
14237
14238
14238
14239
14239
14239
14239
14240
14240
14240
14240
14241
14242
14243
14243
14243
14244
14244
14244
14244
14245
14245
14245
14245
14246
14247
14247
14247
14248
14248
14248
14249
14249
14249
14249
14249
14250
14250
14251
14251
14252
14252
14252
14252
14252
14253
14253
14253
14254
14254
14255
14255
14256
14256
14256
14256
14257
14257
14257
14257
14258
14259
14259
14259
14260
14260
14260
14260
14261
14261
14261
14261
14262
14263
14263
14263
14264
14264
14264
14265
14265
14265
14265
14265
14266
14266
14267
14267
14268
14268
14268
14268
14269
14269
14270
14270
14270
14271
14271
14272
14274
14275
14275
14275
14275
14276
14276
14276
14277
14277
14277
14278
14278
14278
14278
14279
14280
14280
14281
14281
14282
14282
14282
14283
14283
14283
14284
14284
14284
14285
14285
14285
14288
14289
14290
14291
14291
14291
14293
14294
14295
14297
14297
14298
14299
14300
14300
14300
14300
14300
14301
14301
14302
14302
14302
14302
14303
14303
14303
14303
14304
14305
14306
14306
14306
14307
14307
14307
14307
14308
14308
14309
14309
14309
14310
14310
14311
14313
14313
14314
14314
14314
14315
14315
14315
14317
14317
14318
14318
14319
14319
14319
14320
14320
14320
14320
14320
14321
14321
14322
14322
14323
14323
14323
14323
14323
14324
14324
14324
14325
14325
14326
14326
14327
14327
14327
14327
14327
14328
14328
14328
14328
14329
14329
14329
14330
14331
14331
14331
14332
14333
14333
14333
14333
14333
14334
14334
14334
14334
14335
14335
14335
14335
14336
14337
14337
14337
14338
14339
14339
14339
14340
14340
14340
14340
14341
14341
14341
14342
14342
14342
14343
14344
14346
14346
14346
14346
14346
14346
14347
14347
14347
14348
14348
14348
14349
14349
14350
14350
14351
14352
14352
14352
14352
14353
14353
14353
14353
14354
14355
14355
14355
14356
14356
14356
14356
14357
14357
14357
14358
14358
14359
14359
14359
14359
14361
14361
14362
14363
14363
14363
14363
14364
14364
14364
14364
14364
14365
14365
14365
14366
14366
14367
14367
14369
14369
14369
14369
14370
14370
14371
14371
14371
14372
14372
14373
14375
14376
14376
14376
14376
14377
14377
14377
14378
14378
14378
14378
14379
14379
14379
14380
14382
14382
14382
14383
14383
14383
14384
14384
14386
14387
14387
14387
14388
14388
14388
14388
14389
14390
14390
14390
14391
14393
14393
14394
14394
14395
14395
14396
14396
14397
14397
14398
14398
14398
14399
14399
14400
14400
14400
14401
14401
14401
14402
14402
14402
14403
14403
14403
14403
14403
14405
14405
14406
14407
14407
14408
14408
14409
14410
14410
14410
14411
14412
14412
14412
14412
14412
14413
14413
14414
14414
14414
14415
14415
14415
14416
14417
14418
14418
14419
14419
14419
14419
14420
14420
14420
14421
14421
14421
14422
14422
14425
14425
14426
14426
14426
14426
14426
14427
14427
14428
14428
14429
14429
14429
14431
14432
14433
14434
14434
14434
14434
14435
14435
14436
14436
14438
14440
14443
14444
14445
14445
14445
14445
14446
14446
14446
14447
14447
14447
14448
14448
14449
14451
14452
14452
14452
14453
14454
14454
14454
14454
14454
14455
14455
14455
14455
14456
14456
14456
14456
14457
14458
14458
14458
14459
14460
14460
14461
14461
14462
14462
14462
14463
14463
14463
14463
14464
14464
14464
14465
14465
14465
14466
14467
14469
14469
14469
14469
14469
14470
14470
14471
14471
14471
14472
14472
14472
14473
14474
14475
14475
14476
14476
14476
14476
14477
14477
14477
14478
14478
14479
14479
14479
14479
14481
14481
14482
14483
14483
14483
14483
14484
14484
14484
14485
14485
14486
14486
14486
14486
14486
14488
14488
14489
14490
14490
14490
14491
14491
14491
14491
14492
14492
14492
14493
14493
14493
14493
14494
14495
14497
14497
14497
14497
14497
14498
14498
14499
14499
14499
14500
14500
14500
14501
14502
14503
14503
14504
14504
14504
14504
14505
14505
14505
14506
14506
14507
14507
14507
14507
14509
14509
14510
14511
14511
14511
14511
14512
14512
14512
14513
14513
14514
14514
14514
14514
14514
14516
14516
14517
14518
14518
14518
14519
14519
14519
14519
14520
14520
14520
14521
14521
14521
14521
14522
14523
14525
14525
14525
14525
14525
14525
14526
14526
14526
14527
14527
14527
14528
14528
14529
14529
14530
14530
14531
14532
14532
14532
14532
14533
14533
14533
14533
14534
14534
14534
14534
14535
14535
14535
14536
14538
14538
14539
14539
14539
14539
14539
14539
14540
14540
14540
14541
14541
14541
14542
14542
14543
14543
14544
14545
14545
14547
14547
14547
14547
14548
14548
14548
14549
14549
14550
14550
14550
14552
14552
14554
14555
14557
14558
14558
14558
14558
14558
14559
14559
14559
14560
14560
14560
14561
14562
14563
14563
14564
14564
14564
14564
14564
14565
14565
14566
14566
14566
14567
14567
14568
14570
14570
14571
14571
14571
14571
14572
14572
14572
14573
14573
14573
14574
14574
14574
14574
14574
14576
14576
14577
14577
14578
14578
14579
14579
14579
14579
14580
14580
14580
14581
14581
14582
14582
14582
14582
14582
14584
14584
14585
14586
14586
14587
14588
14588
14588
14589
14589
14589
14590
14590
14590
14591
14594
14595
14595
14596
14597
14597
14597
14598
14598
14599
14599
14600
14600
14600
14602
14604
14605
14607
14607
14607
14608
14608
14609
14611
14612
14613
14613
14613
14613
14614
14614
14614
14615
14615
14615
14616
14616
14616
14617
14618
14619
14620
14620
14620
14621
14622
14622
14622
14622
14623
14623
14623
14624
14624
14625
14625
14625
14625
14627
14627
14628
14629
14629
14629
14630
14630
14630
14632
14632
14633
14633
14633
14634
14634
14634
14634
14635
14635
14635
14636
14636
14636
14637
14638
14640
14640
14640
14640
14640
14641
14641
14642
14642
14642
14643
14643
14643
14644
14645
14646
14646
14647
14647
14647
14647
14648
14648
14648
14649
14649
14649
14650
14650
14650
14650
14650
14652
14652
14653
14653
14654
14654
14654
14654
14655
14655
14655
14656
14656
14656
14657
14657
14657
14657
14657
14659
14659
14660
14660
14661
14661
14661
14662
14662
14662
14662
14663
14663
14663
14663
14664
14664
14664
14664
14665
14666
14667
14668
14668
14668
14668
14668
14669
14669
14670
14670
14670
14671
14671
14671
14672
14673
14674
14674
14675
14675
14675
14675
14676
14676
14676
14677
14677
14677
14678
14678
14678
14678
14678
14680
14680
14681
14681
14682
14682
14682
14682
14683
14683
14683
14684
14684
14684
14685
14685
14685
14685
14685
14687
14687
14688
14688
14689
14689
14689
14690
14690
14690
14690
14691
14691
14691
14691
14692
14692
14692
14692
14693
14694
14695
14696
14696
14696
14696
14696
14697
14697
14697
14698
14698
14698
14698
14699
14699
14700
14700
14701
14702
14703
14703
14703
14703
14704
14704
14704
14704
14705
14705
14705
14705
14706
14706
14706
14706
14707
14708
14709
14709
14710
14710
14710
14710
14710
14711
14711
14712
14712
14713
14713
14713
14714
14715
14716
14717
14717
14719
14719
14719
14719
14720
14720
14720
14721
14721
14722
14722
14722
14724
14724
14726
14726
14727
14727
14727
14729
14731
14731
14732
14735
14735
14736
14737
14738
14738
14739
14739
14739
14739
14740
14740
14741
14741
14741
14742
14743
14743
14743
14743
14743
14744
14744
14745
14745
14745
14746
14746
14746
14747
14748
14749
14749
14750
14750
14750
14750
14751
14751
14751
14752
14752
14753
14753
14753
14753
14753
14755
14755
14756
14756
14757
14757
14757
14757
14757
14758
14758
14758
14758
14759
14759
14760
14760
14760
14760
14761
14762
14762
14762
14763
14763
14764
14764
14764
14765
14765
14765
14765
14766
14766
14766
14766
14767
14767
14767
14768
14769
14770
14771
14771
14771
14771
14771
14772
14772
14773
14773
14773
14774
14774
14774
14775
14776
14777
14777
14778
14778
14778
14778
14779
14779
14779
14780
14780
14781
14781
14781
14781
14783
14783
14784
14785
14785
14785
14785
14786
14786
14786
14787
14787
14788
14788
14788
14788
14790
14790
14791
14792
14792
14792
14793
14793
14793
14793
14794
14794
14794
14795
14795
14796
14797
14799
14799
14799
14799
14799
14800
14800
14801
14801
14801
14802
14802
14802
14803
14804
14805
14805
14806
14806
14806
14806
14807
14807
14807
14808
14808
14809
14809
14809
14809
14811
14811
14812
14813
14813
14813
14813
14814
14814
14814
14815
14815
14816
14816
14816
14818
14818
14819
14820
14820
14820
14821
14821
14821
14821
14822
14822
14822
14823
14823
14823
14824
14825
14827
14827
14827
14827
14827
14828
14828
14828
14829
14829
14829
14829
14830
14830
14830
14831
14831
14832
14833
14833
14834
14834
14834
14834
14834
14835
14835
14836
14836
14836
14837
14837
14837
14838
14839
14840
14840
14841
14841
14841
14841
14842
14842
14843
14843
14844
14844
14844
14846
14847
14847
14848
14848
14848
14848
14849
14849
14849
14850
14850
14850
14851
14851
14851
14851
14853
14853
14854
14854
14855
14855
14855
14855
14856
14856
14856
14856
14856
14857
14857
14858
14858
14858
14859
14859
14860
14860
14861
14862
14862
14863
14863
14863
14864
14864
14865
14865
14867
14868
14868
14868
14868
14869
14869
14869
14870
14871
14871
14871
14872
14872
14872
14873
14873
14874
14874
14874
14876
14877
14877
14878
14879
14879
14879
14879
14879
14879
14880
14880
14880
14881
14881
14881
14882
14882
14883
14883
14884
14884
14885
14885
14886
14886
14886
14886
14887
14887
14887
14888
14888
14888
14889
14889
14889
14889
14889
14891
14891
14892
14892
14893
14893
14893
14893
14893
14894
14894
14894
14895
14895
14896
14896
14897
14897
14898
14898
14898
14898
14899
14899
14899
14900
14900
14901
14901
14903
14903
14905
14905
14905
14907
14908
14908
14909
14909
14909
14910
14912
14912
14912
14912
14912
14912
14913
14913
14913
14914
14914
14914
14915
14915
14915
14916
14916
14917
14917
14918
14919
14919
14919
14919
14919
14920
14920
14920
14920
14921
14921
14921
14922
14922
14922
14922
14923
14924
14924
14924
14925
14926
14926
14926
14926
14926
14927
14927
14927
14928
14929
14929
14930
14930
14931
14931
14931
14931
14932
14932
14932
14932
14933
14934
14934
14934
14935
14935
14936
14938
14939
14940
14940
14940
14940
14940
14940
14941
14941
14941
14942
14942
14942
14943
14943
14944
14944
14945
14945
14946
14947
14947
14947
14947
14947
14948
14948
14948
14948
14949
14949
14949
14950
14950
14950
14950
14950
14951
14952
14952
14952
14953
14954
14954
14954
14954
14954
14955
14955
14955
14956
14956
14957
14957
14958
14958
14958
14958
14959
14959
14959
14959
14960
14961
14962
14962
14962
14963
14963
14965
14966
14966
14967
14968
14968
14968
14968
14968
14969
14969
14970
14970
14970
14971
14971
14971
14972
14973
14974
14974
14975
14975
14975
14975
14975
14976
14976
14976
14976
14977
14977
14977
14978
14978
14978
14978
14979
14980
14980
14980
14981
14981
14982
14982
14982
14982
14982
14983
14983
14984
14984
14984
14985
14985
14986
14987
14989
14989
14989
14989
14990
14990
14990
14990
14991
14992
14993
14993
14993
14994
14994
14994
14995
14995
14997
14998
14998
15001
15001
15002
15003
15006
15009
15011
15012
15012
15012
15013
15013
15014
15014
15014
15015
15015
15016
15019
15019
15020
15020
15020
15021
15021
15022
15022
15022
15023
15023
15024
15025
15025
15025
15026
15026
15026
15027
15028
15028
15030
15031
15031
15032
15033
15033
15034
15036
15036
15036
15037
15037
15038
15038
15038
15039
15039
15040
15043
15044
15044
15045
15046
15046
15047
15049
15049
15049
15050
15050
15051
15051
15051
15052
15052
15053
15056
15056
15057
15057
15057
15058
15058
15059
15059
15059
15060
15060
15061
15063
15064
15065
15065
15067
15068
15068
15069
15069
15070
15070
15071
15071
15072
15072
15073
15073
15073
15074
15074
15075
15076
15077
15077
15078
15079
15079
15080
15080
15080
15080
15081
15081
15082
15082
15083
15083
15084
15084
15085
15085
15086
15089
15089
15090
15092
15093
15093
15094
15094
15094
15095
15095
15096
15096
15096
15097
15097
15097
15098
15099
15100
15100
15101
15101
15102
15102
15102
15102
15103
15104
15104
15105
15106
15106
15106
15106
15107
15107
15107
15107
15108
15108
15108
15108
15108
15109
15110
15110
15111
15111
15112
15113
15114
15114
15114
15115
15116
15116
15116
15118
15118
15119
15119
15119
15119
15120
15120
15121
15121
15122
15123
15124
15124
15124
15125
15125
15125
15125
15126
15126
15126
15127
15127
15128
15130
15130
15130
15131
15131
15131
15131
15131
15132
15132
15132
15132
15133
15133
15134
15135
15135
15135
15136
15136
15136
15137
15137
15137
15137
15138
15138
15138
15139
15140
15141
15141
15142
15143
15143
15144
15145
15146
15148
15148
15148
15149
15150
15150
15152
15155
15155
15156
15158
15159
15159
15159
15159
15159
15160
15160
15160
15161
15161
15161
15161
15162
15162
15163
15163
15165
15165
15166
15166
15166
15166
15167
15167
15168
15170
15170
15170
15170
15170
15171
15171
15171
15171
15172
15172
15173
15173
15173
15173
15174
15175
15175
15175
15176
15177
15177
15178
15179
15179
15179
15179
15180
15180
15180
15180
15180
15181
15181
15181
15182
15182
15183
15183
15185
15185
15185
15185
15185
15185
15186
15186
15186
15186
15187
15187
15187
15187
15188
15188
15188
15189
15189
15189
15190
15190
15191
15191
15192
15192
15192
15192
15192
15193
15193
15193
15193
15194
15194
15194
15194
15194
15195
15195
15196
15196
15198
15198
15198
15199
15199
15199
15199
15199
15199
15200
15200
15200
15201
15201
15202
15202
15202
15203
15203
15204
15204
15205
15206
15206
15206
15207
15207
15210
15210
15210
15210
15210
15211
15211
15211
15211
15212
15212
15213
15214
15214
15214
15216
15219
15219
15219
15220
15220
15220
15220
15221
15221
15221
15221
15222
15222
15222
15222
15223
15223
15224
15224
15226
15226
15228
15228
15230
15230
15231
15234
15236
15238
15238
15239
15239
15240
15241
15242
15244
15244
15244
15245
15245
15246
15246
15247
15247
15251
15252
15253
15254
15256
15257
15257
15258
15259
15260
15260
15261
15262
15262
15263
15265
15266
15266
15267
15268
15269
15269
15270
15271
15272
15274
15274
15275
15276
15277
15279
15280
15281
15283
15283
15283
15284
15284
15284
15284
15284
15285
15285
15286
15286
15286
15287
15287
15287
15288
15288
15288
15288
15288
15288
15288
15288
15288
15288
15289
15289
15289
15289
15290
15290
15290
15291
15291
15292
15292
15292
15292
15293
15293
15293
15294
15294
15295
15295
15295
15295
15296
15296
15296
15296
15296
15296
15296
15296
15296
15297
15297
15297
15297
15298
15298
15299
15299
15300
15300
15300
15302
15303
15304
15304
15304
15304
15305
15305
15306
15306
15307
15307
15307
15309
15310
15311
15311
15311
15311
15312
15312
15312
15313
15313
15314
15314
15315
15316
15318
15318
15318
15318
15319
15319
15319
15320
15320
15321
15321
15322
15323
15325
15325
15325
15325
15326
15326
15327
15327
15327
15328
15328
15329
15331
15332
15332
15332
15333
15333
15333
15334
15334
15335
15335
15335
15337
15339
15339
15339
15339
15340
15340
15341
15341
15341
15342
15342
15343
15345
15346
15346
15346
15347
15347
15348
15348
15349
15349
15353
15353
15353
15354
15354
15355
15355
15355
15356
15356
15356
15359
15360
15360
15360
15361
15361
15362
15362
15362
15363
15363
15363
15366
15367
15369
15371
15371
15371
15372
15372
15373
15373
15374
15374
15375
15375
15376
15377
15378
15378
15378
15379
15379
15380
15380
15381
15381
15382
15382
15383
15384
15385
15387
15391
15391
15391
15392
15392
15392
15393
15393
15394
15394
15394
15396
15398
15398
15398
15399
15399
15399
15400
15400
15400
15401
15401
15402
15402
15403
15403
15404
15405
15405
15405
15406
15406
15407
15407
15408
15408
15409
15409
15410
15411
15412
15412
15412
15413
15413
15414
15414
15414
15415
15415
15415
15418
15419
15419
15419
15419
15419
15420
15420
15420
15420
15420
15421
15421
15422
15422
15423
15424
15424
15425
15426
15426
15427
15427
15427
15428
15428
15428
15429
15430
15431
15432
15433
15433
15433
15433
15433
15434
15434
15435
15435
15435
15435
15435
15436
15436
15437
15438
15438
15439
15440
15440
15441
15441
15441
15441
15441
15441
15441
15441
15442
15442
15442
15442
15443
15443
15444
15445
15447
15447
15448
15448
15448
15448
15448
15449
15449
15449
15449
15449
15449
15449
15450
15450
15451
15452
15454
15454
15454
15455
15455
15456
15456
15456
15457
15457
15457
15460
15461
15461
15461
15462
15462
15462
15463
15463
15464
15464
15464
15466
15468
15468
15468
15468
15469
15469
15469
15470
15470
15470
15470
15471
15471
15472
15472
15474
15475
15475
15475
15475
15476
15476
15476
15477
15477
15477
15477
15477
15478
15478
15478
15479
15479
15481
15481
15482
15482
15482
15482
15483
15483
15483
15483
15484
15484
15484
15484
15484
15485
15485
15485
15485
15486
15486
15487
15488
15488
15489
15489
15489
15489
15490
15490
15490
15491
15491
15491
15491
15492
15492
15493
15493
15495
15496
15496
15496
15497
15497
15497
15497
15498
15498
15498
15499
15499
15499
15500
15501
15503
15503
15503
15503
15503
15504
15504
15505
15505
15505
15506
15506
15506
15507
15508
15509
15509
15510
15510
15510
15510
15511
15511
15512
15512
15512
15513
15513
15514
15516
15517
15517
15517
15517
15518
15518
15518
15519
15519
15519
15520
15520
15520
15521
15522
15523
15524
15524
15524
15524
15525
15525
15525
15526
15526
15526
15527
15527
15527
15528
15529
15530
15531
15531
15531
15531
15532
15532
15532
15533
15533
15533
15534
15534
15534
15535
15536
15537
15538
15538
15539
15539
15539
15539
15539
15540
15541
15541
15542
15543
15543
15543
15543
15545
15545
15545
15545
15545
15546
15546
15547
15547
15547
15547
15548
15548
15549
15550
15551
15551
15551
15552
15552
15552
15552
15553
15553
15553
15554
15554
15554
15555
15555
15555
15556
15557
15558
15559
15559
15559
15559
15560
15560
15561
15561
15562
15562
15562
15564
15565
15566
15566
15566
15566
15567
15567
15567
15568
15568
15569
15569
15569
15569
15571
15571
15572
15573
15573
15573
15573
15573
15574
15574
15575
15576
15576
15577
15577
15577
15577
15578
15580
15580
15580
15580
15581
15581
15581
15582
15582
15582
15583
15583
15583
15584
15585
15586
15587
15587
15588
15588
15589
15590
15590
15590
15590
15590
15591
15592
15594
15594
15594
15594
15594
15595
15595
15596
15596
15596
15597
15597
15598
15598
15598
15598
15598
15599
15599
15600
15600
15601
15601
15602
15602
15603
15603
15604
15604
15604
15604
15604
15605
15606
15606
15607
15608
15608
15608
15608
15609
15609
15610
15610
15610
15611
15611
15612
15614
15615
15615
15615
15615
15616
15616
15616
15617
15617
15618
15618
15618
15618
15620
15620
15621
15622
15622
15623
15623
15624
15624
15625
15625
15626
15626
15627
15628
15629
15629
15629
15630
15630
15631
15631
15631
15632
15632
15632
15633
15633
15633
15633
15634
15634
15634
15635
15635
15635
15636
15636
15636
15637
15637
15638
15638
15638
15639
15639
15639
15640
15640
15640
15640
15641
15641
15641
15642
15642
15642
15643
15643
15644
15644
15645
15646
15646
15647
15648
15650
15650
15651
15651
15651
15651
15651
15652
15652
15652
15652
15652
15653
15653
15654
15654
15654
15655
15655
15656
15656
15657
15657
15658
15658
15658
15658
15658
15659
15659
15659
15659
15660
15660
15661
15661
15662
15662
15663
15664
15664
15664
15664
15665
15665
15666
15666
15666
15667
15667
15668
15670
15671
15671
15671
15671
15671
15672
15672
15672
15673
15673
15673
15674
15674
15675
15675
15676
15677
15678
15678
15678
15678
15678
15679
15679
15679
15680
15680
15680
15680
15681
15681
15681
15682
15682
15683
15684
15684
15685
15685
15685
15685
15686
15686
15686
15687
15687
15687
15688
15688
15688
15689
15690
15691
15692
15692
15692
15692
15693
15693
15694
15694
15694
15695
15695
15696
15698
15699
15699
15700
15700
15701
15701
15702
15703
15704
15706
15706
15706
15706
15707
15707
15708
15708
15708
15708
15709
15709
15709
15710
15712
15712
15713
15713
15713
15713
15713
15714
15714
15715
15715
15715
15715
15715
15715
15716
15716
15716
15716
15716
15717
15717
15718
15718
15718
15718
15718
15719
15719
15720
15720
15720
15720
15720
15721
15721
15722
15722
15722
15722
15722
15722
15723
15723
15724
15724
15725
15725
15726
15726
15727
15727
15727
15727
15727
15728
15728
15728
15728
15728
15729
15729
15729
15730
15730
15731
15731
15732
15732
15733
15733
15734
15734
15734
15734
15734
15734
15734
15734
15735
15735
15735
15735
15735
15736
15736
15737
15737
15738
15738
15738
15738
15739
15739
15740
15740
15740
15740
15741
15741
15741
15741
15742
15742
15743
15743
15744
15744
15744
15746
15747
15748
15748
15748
15749
15749
15749
15750
15750
15750
15751
15751
15751
15751
15753
15754
15755
15755
15755
15755
15756
15756
15756
15756
15757
15757
15758
15758
15758
15759
15760
15760
15762
15762
15762
15763
15763
15763
15764
15764
15765
15765
15766
15767
15769
15769
15770
15770
15771
15771
15772
15772
15773
15773
15774
15775
15776
15776
15777
15777
15778
15778
15779
15779
15780
15780
15781
15782
15783
15783
15784
15784
15785
15785
15786
15786
15787
15787
15788
15789
15790
15790
15791
15791
15792
15793
15793
15794
15795
15797
15797
15797
15798
15798
15798
15799
15799
15799
15800
15800
15801
15804
15804
15804
15804
15805
15805
15806
15806
15806
15807
15807
15807
15807
15809
15810
15810
15811
15811
15811
15811
15812
15812
15812
15813
15813
15813
15814
15814
15814
15815
15816
15817
15818
15818
15818
15819
15819
15820
15820
15820
15821
15821
15821
15824
15825
15825
15825
15826
15826
15827
15827
15827
15828
15828
15828
15831
15832
15832
15832
15832
15833
15833
15834
15834
15834
15834
15835
15835
15835
15836
15838
15838
15839
15839
15839
15839
15840
15840
15841
15841
15841
15842
15842
15843
15845
15846
15846
15846
15847
15847
15847
15848
15848
15849
15849
15849
15851
15853
15853
15853
15854
15854
15855
15855
15856
15856
15860
15860
15860
15860
15861
15861
15861
15862
15862
15862
15862
15863
15863
15864
15864
15866
15867
15867
15867
15867
15868
15868
15868
15869
15869
15869
15870
15870
15870
15871
15872
15873
15874
15874
15874
15875
15875
15875
15875
15876
15876
15876
15877
15877
15877
15878
15879
15881
15881
15882
15882
15883
15883
15883
15884
15884
15884
15884
15884
15885
15885
15885
15885
15885
15886
15886
15886
15886
15886
15887
15887
15887
15887
15887
15888
15888
15889
15889
15890
15890
15891
15891
15891
15891
15891
15892
15892
15892
15892
15893
15893
15893
15893
15893
15894
15894
15894
15894
15895
15895
15896
15896
15897
15897
15897
15898
15898
15898
15898
15898
15899
15899
15899
15899
15899
15900
15900
15900
15900
15900
15901
15901
15901
15901
15901
15902
15902
15903
15903
15904
15904
15905
15905
15905
15905
15905
15906
15906
15906
15906
15907
15907
15907
15907
15907
15908
15908
15908
15908
15909
15909
15910
15910
15911
15911
15911
15912
15912
15912
15912
15912
15913
15913
15913
15913
15913
15914
15914
15914
15914
15914
15915
15915
15916
15916
15917
15917
15918
15918
15919
15919
15919
15919
15919
15920
15920
15920
15920
15921
15921
15922
15922
15922
15922
15923
15923
15924
15924
15925
15925
15925
15926
15926
15927
15927
15928
15928
15929
15929
15930
15930
15931
15931
15932
15932
15933
15933
15934
15935
15935
15936
15937
15937
15937
15937
15938
15938
15939
15939
15939
15940
15940
15941
15943
15944
15944
15944
15944
15945
15945
15945
15945
15946
15946
15946
15947
15947
15947
15947
15948
15949
15949
15950
15951
15951
15952
15952
15953
15953
15953
15954
15954
15955
15955
15956
15956
15957
15957
15958
15958
15959
15959
15960
15960
15961
15961
15962
15963
15963
15964
15965
15965
15966
15966
15967
15967
15968
15968
15969
15969
15970
15971
15972
15972
15973
15973
15974
15975
15975
15976
15977
15979
15979
15979
15980
15980
15981
15981
15982
15982
15986
15986
15986
15986
15987
15987
15987
15988
15988
15989
15989
15990
15991
15993
15993
15993
15993
15994
15994
15994
15995
15995
15996
15996
15997
15998
16000
16000
16000
16000
16000
16001
16001
16001
16001
16002
16002
16002
16003
16003
16003
16004
16004
16005
16005
16006
16007
16007
16007
16007
16008
16008
16008
16009
16009
16009
16010
16010
16010
16011
16012
16013
16014
16014
16014
16015
16015
16015
16016
16016
16016
16017
16017
16018
16021
16021
16021
16021
16021
16022
16022
16022
16023
16023
16023
16024
16024
16025
16025
16026
16027
16028
16028
16028
16028
16028
16029
16029
16029
16029
16030
16030
16030
16030
16031
16031
16031
16031
16032
16032
16033
16033
16034
16034
16035
16035
16035
16035
16035
16036
16036
16036
16036
16037
16037
16037
16038
16038
16038
16039
16039
16040
16040
16041
16042
16042
16042
16042
16042
16043
16043
16043
16043
16044
16044
16044
16044
16045
16045
16045
16045
16046
16046
16047
16047
16048
16048
16049
16049
16049
16049
16049
16050
16050
16050
16050
16051
16051
16051
16052
16052
16052
16053
16053
16054
16054
16055
16056
16056
16056
16056
16057
16057
16057
16057
16058
16058
16058
16059
16059
16059
16059
16060
16061
16061
16062
16063
16063
16063
16064
16064
16064
16065
16065
16066
16066
16066
16068
16070
16070
16070
16071
16071
16071
16072
16072
16073
16073
16073
16075
16077
16077
16077
16077
16078
16078
16078
16079
16079
16080
16080
16081
16082
16084
16084
16084
16084
16085
16085
16085
16086
16086
16086
16087
16087
16087
16088
16089
16090
16091
16091
16091
16091
16092
16092
16093
16093
16093
16093
16094
16094
16094
16095
16097
16097
16098
16098
16098
16098
16098
16099
16099
16100
16100
16100
16101
16101
16101
16102
16103
16104
16104
16105
16105
16105
16106
16106
16106
16107
16107
16108
16108
16108
16110
16112
16112
16112
16113
16113
16114
16114
16115
16115
16119
16119
16119
16119
16120
16120
16121
16121
16122
16122
16122
16124
16125
16126
16126
16126
16127
16127
16127
16128
16128
16129
16129
16129
16131
16133
16133
16133
16133
16134
16134
16134
16135
16135
16136
16136
16136
16136
16138
16138
16139
16140
16140
16140
16141
16141
16141
16142
16142
16143
16143
16143
16145
16147
16147
16147
16147
16148
16148
16149
16149
16149
16150
16150
16151
16153
16154
16154
16154
16154
16155
16155
16156
16156
16157
16157
16157
16159
16160
16161
16161
16161
16162
16162
16163
16163
16164
16164
16168
16168
16168
16168
16169
16169
16170
16170
16171
16171
16171
16173
16174
16175
16175
16175
16176
16176
16176
16177
16177
16177
16178
16178
16179
16182
16182
16182
16182
16183
16183
16184
16184
16185
16185
16185
16187
16188
16189
16189
16189
16190
16190
16191
16191
16192
16192
16196
16196
16196
16196
16197
16197
16198
16198
16199
16199
16199
16201
16202
16203
16203
16203
16204
16204
16204
16205
16205
16205
16206
16206
16207
16210
16210
16210
16210
16211
16211
16212
16212
16213
16213
16213
16215
16216
16217
16217
16217
16218
16218
16219
16219
16220
16220
16224
16224
16224
16225
16225
16225
16226
16226
16227
16227
16227
16229
16231
16231
16231
16232
16232
16232
16233
16233
16234
16234
16234
16236
16238
16238
16238
16238
16239
16239
16240
16240
16241
16241
16241
16243
16244
16245
16245
16245
16246
16246
16246
16247
16247
16248
16248
16248
16250
16252
16252
16252
16252
16253
16253
16254
16254
16255
16255
16255
16257
16258
16259
16259
16259
16260
16260
16260
16261
16261
16262
16262
16262
16264
16266
16266
16266
16266
16267
16267
16268
16268
16268
16269
16269
16269
16269
16271
16272
16272
16273
16273
16273
16274
16274
16274
16274
16275
16275
16275
16275
16276
16276
16276
16276
16277
16278
16279
16280
16280
16280
16281
16281
16281
16282
16282
16283
16283
16283
16285
16287
16287
16287
16288
16288
16288
16288
16289
16289
16289
16290
16290
16290
16291
16292
16294
16294
16294
16294
16295
16295
16296
16296
16297
16297
16297
16299
16300
16301
16301
16301
16302
16302
16302
16303
16303
16303
16304
16304
16304
16304
16306
16307
16308
16308
16308
16308
16309
16309
16309
16310
16310
16310
16311
16311
16311
16311
16311
16313
16313
16314
16314
16315
16315
16315
16316
16316
16316
16317
16317
16317
16318
16318
16318
16318
16320
16321
16322
16322
16322
16323
16323
16324
16324
16325
16325
16329
16329
16329
16330
16330
16331
16331
16331
16332
16332
16332
16335
16336
16336
16336
16336
16337
16337
16337
16338
16338
16339
16339
16339
16339
16341
16341
16342
16343
16343
16343
16344
16344
16344
16345
16345
16345
16346
16346
16346
16346
16348
16349
16350
16350
16350
16350
16351
16351
16352
16352
16352
16353
16353
16353
16353
16355
16356
16356
16357
16357
16357
16358
16358
16359
16359
16360
16360
16364
16364
16364
16365
16365
16366
16366
16366
16367
16367
16367
16370
16371
16371
16371
16372
16372
16373
16373
16374
16374
16378
16378
16378
16379
16379
16380
16380
16381
16381
16385
16385
16385
16385
16386
16386
16387
16387
16388
16388
16388
16390
16391
16392
16392
16392
16393
16393
16394
16394
16395
16395
16399
16399
16399
16400
16400
16401
16401
16401
16402
16402
16402
16405
16406
16406
16406
16407
16407
16408
16408
16408
16409
16409
16409
16412
16413
16413
16413
16414
16414
16415
16415
16416
16416
16420
16420
16420
16421
16421
16422
16422
16423
16423
16427
16427
16427
16427
16428
16428
16429
16429
16430
16430
16430
16432
16433
16434
16434
16434
16435
16435
16435
16436
16436
16437
16437
16437
16439
16441
16441
16441
16441
16442
16442
16442
16443
16443
16444
16444
16444
16444
16446
16446
16447
16448
16448
16448
16449
16449
16450
16450
16451
16451
16455
16455
16455
16456
16456
16457
16457
16458
16458
16462
16462
16462
16463
16463
16464
16464
16465
16465
16469
16469
16469
16469
16470
16470
16471
16471
16472
16472
16472
16474
16475
16476
16476
16476
16477
16477
16478
16478
16479
16479
16483
16483
16483
16483
16484
16484
16485
16485
16486
16486
16486
16488
16489
16490
16490
16490
16491
16491
16492
16492
16493
16493
16497
16497
16497
16498
16498
16499
16499
16500
16500
16504
16504
16504
16505
16505
16506
16506
16507
16507
16511
16511
16511
16512
16512
16513
16513
16514
16514
16518
16518
16518
16519
16519
16519
16520
16520
16521
16521
16521
16523
16525
16525
16525
16526
16526
16527
16527
16528
16528
16532
16532
16532
16533
16533
16533
16534
16534
16534
16534
16535
16535
16535
16536
16538
16539
16539
16539
16540
16540
16541
16541
16541
16542
16542
16542
16545
16546
16546
16546
16547
16547
16548
16548
16548
16549
16549
16549
16552
16553
16553
16553
16554
16554
16554
16555
16555
16556
16556
16556
16558
16560
16560
16560
16560
16561
16561
16562
16562
16563
16563
16563
16565
16566
16567
16567
16567
16568
16568
16569
16569
16570
16570
16574
16574
16574
16574
16575
16575
16576
16576
16577
16577
16577
16579
16580
16581
16581
16581
16582
16582
16583
16583
16584
16584
16588
16588
16588
16589
16589
16590
16590
16590
16591
16591
16591
16594
16595
16595
16595
16596
16596
16597
16597
16598
16598
16602
16602
16602
16603
16603
16604
16604
16605
16605
16609
16609
16609
16610
16610
16611
16611
16612
16612
16616
16616
16616
16616
16617
16617
16618
16618
16618
16619
16619
16620
16622
16623
16623
16623
16624
16624
16624
16625
16625
16626
16626
16626
16628
16630
16630
16630
16631
16631
16632
16632
16633
16633
16637
16637
16637
16638
16638
16639
16639
16640
16640
16644
16644
16644
16645
16645
16645
16646
16646
16647
16647
16647
16649
16651
16651
16651
16651
16652
16652
16653
16653
16653
16654
16654
16655
16657
16658
16658
16658
16659
16659
16660
16660
16661
16661
16665
16665
16665
16666
16666
16667
16667
16668
16668
16672
16672
16672
16673
16673
16674
16674
16675
16675
16679
16679
16679
16679
16680
16680
16681
16681
16682
16682
16682
16684
16685
16686
16686
16686
16687
16687
16687
16688
16688
16688
16689
16689
16690
16693
16693
16693
16693
16694
16694
16695
16695
16696
16696
16696
16698
16699
16700
16700
16700
16701
16701
16702
16702
16703
16703
16707
16707
16707
16708
16708
16709
16709
16710
16710
16714
16714
16714
16715
16715
16715
16716
16716
16717
16717
16717
16719
16721
16721
16721
16722
16722
16722
16723
16723
16724
16724
16724
16726
16728
16728
16728
16729
16729
16730
16730
16731
16731
16735
16735
16735
16735
16736
16736
16737
16737
16737
16738
16738
16739
16741
16742
16742
16742
16742
16743
16743
16743
16744
16744
16745
16745
16745
16745
16747
16747
16748
16749
16749
16749
16750
16750
16751
16751
16752
16752
16756
16756
16756
16756
16757
16757
16758
16758
16758
16759
16759
16760
16762
16763
16763
16763
16763
16764
16764
16764
16765
16765
16766
16766
16766
16766
16768
16768
16769
16770
16770
16770
16771
16771
16771
16772
16772
16772
16773
16773
16774
16777
16777
16777
16777
16777
16778
16778
16779
16779
16779
16780
16780
16780
16781
16782
16783
16783
16784
16784
16784
16785
16785
16785
16786
16786
16787
16787
16787
16789
16791
16791
16791
16792
16792
16793
16793
16794
16794
16798
16798
16798
16798
16798
16799
16799
16800
16800
16800
16801
16801
16801
16802
16803
16804
16804
16805
16805
16805
16806
16806
16807
16807
16808
16808
16812
16812
16812
16813
16813
16814
16814
16815
16815
16819
16819
16819
16820
16820
16821
16821
16822
16822
16826
16826
16826
16827
16827
16827
16827
16828
16828
16828
16828
16829
16829
16829
16829
16830
16831
16832
16833
16833
16833
16833
16834
16834
16835
16835
16836
16836
16836
16838
16839
16840
16840
16840
16841
16841
16842
16842
16843
16843
16847
16847
16847
16847
16848
16848
16849
16849
16849
16850
16850
16850
16850
16852
16853
16853
16854
16854
16854
16855
16855
16855
16856
16856
16856
16857
16857
16858
16861
16861
16861
16862
16862
16862
16863
16863
16863
16864
16864
16864
16864
16866
16867
16868
16868
16868
16868
16869
16869
16870
16870
16871
16871
16871
16873
16874
16875
16875
16875
16876
16876
16876
16877
16877
16877
16878
16878
16879
16882
16882
16882
16882
16883
16883
16884
16884
16884
16885
16885
16885
16885
16887
16888
16888
16889
16889
16889
16890
16890
16891
16891
16891
16892
16892
16892
16895
16896
16896
16896
16896
16897
16897
16898
16898
16898
16899
16899
16899
16899
16901
16902
16902
16903
16903
16903
16904
16904
16904
16905
16905
16905
16905
16906
16906
16906
16907
16909
16910
16910
16910
16910
16911
16911
16912
16912
16913
16913
16913
16915
16916
16917
16917
16917
16918
16918
16919
16919
16920
16920
16924
16924
16924
16925
16925
16925
16926
16926
16927
16927
16927
16929
16931
16931
16931
16931
16932
16932
16933
16933
16933
16934
16934
16935
16937
16938
16938
16938
16939
16939
16939
16940
16940
16941
16941
16941
16943
16945
16945
16945
16945
16946
16946
16947
16947
16947
16948
16948
16949
16951
16952
16952
16952
16953
16953
16953
16954
16954
16954
16955
16955
16955
16955
16957
16958
16959
16959
16959
16960
16960
16961
16961
16962
16962
16966
16966
16966
16967
16967
16967
16967
16968
16968
16968
16969
16969
16969
16970
16971
16973
16973
16973
16974
16974
16974
16975
16975
16976
16976
16976
16978
16980
16980
16980
16981
16981
16981
16982
16982
16983
16983
16983
16985
16987
16987
16987
16988
16988
16989
16989
16990
16990
16994
16994
16994
16994
16995
16995
16996
16996
16996
16997
16997
16998
17000
17001
17001
17001
17002
17002
17003
17003
17003
17004
17004
17004
17007
17008
17008
17008
17009
17009
17010
17010
17011
17011
17015
17015
17015
17015
17016
17016
17017
17017
17017
17018
17018
17019
17021
17022
17022
17022
17023
17023
17023
17024
17024
17024
17025
17025
17025
17025
17027
17028
17029
17029
17029
17030
17030
17031
17031
17032
17032
17036
17036
17036
17036
17037
17037
17037
17038
17038
17038
17038
17039
17039
17040
17040
17042
17043
17043
17043
17044
17044
17044
17045
17045
17046
17046
17046
17048
17050
17050
17050
17051
17051
17052
17052
17053
17053
17057
17057
17057
17058
17058
17059
17059
17060
17060
17064
17064
17064
17064
17065
17065
17066
17066
17066
17067
17067
17068
17070
17071
17071
17071
17072
17072
17073
17073
17074
17074
17078
17078
17078
17079
17079
17080
17080
17081
17081
17085
17085
17085
17086
17086
17087
17087
17088
17088
17092
17092
17092
17093
17093
17094
17094
17095
17095
17099
17099
17099
17100
17100
17101
17101
17102
17102
17106
17106
17106
17107
17107
17108
17108
17109
17109
17113
17113
17113
17113
17114
17114
17115
17115
17116
17116
17116
17118
17119
17120
17120
17120
17120
17121
17121
17122
17122
17123
17123
17123
17125
17126
17127
17127
17127
17128
17128
17129
17129
17130
17130
17134
17134
17134
17134
17134
17135
17135
17136
17136
17136
17137
17137
17137
17138
17139
17140
17140
17141
17141
17141
17141
17142
17142
17143
17143
17144
17144
17144
17146
17147
17148
17148
17148
17148
17149
17149
17150
17150
17151
17151
17151
17153
17154
17155
17155
17155
17156
17156
17157
17157
17158
17158
17162
17162
17162
17162
17163
17163
17164
17164
17164
17165
17165
17165
17165
17167
17168
17168
17169
17169
17169
17170
17170
17171
17171
17172
17172
17176
17176
17176
17176
17177
17177
17178
17178
17179
17179
17179
17181
17182
17183
17183
17183
17184
17184
17185
17185
17186
17186
17190
17190
17190
17190
17191
17191
17192
17192
17192
17193
17193
17194
17196
17197
17197
17197
17198
17198
17199
17199
17199
17200
17200
17200
17203
17204
17204
17204
17204
17205
17205
17206
17206
17206
17207
17207
17208
17210
17211
17211
17211
17211
17212
17212
17213
17213
17214
17214
17214
17216
17217
17218
17218
17218
17219
17219
17220
17220
17221
17221
17225
17225
17225
17225
17226
17226
17227
17227
17228
17228
17228
17230
17231
17232
17232
17232
17233
17233
17234
17234
17235
17235
17239
17239
17239
17240
17240
17241
17241
17242
17242
17246
17246
17246
17246
17247
17247
17248
17248
17248
17249
17249
17250
17252
17253
17253
17253
17254
17254
17255
17255
17255
17256
17256
17256
17259
17260
17260
17260
17261
17261
17262
17262
17263
17263
17267
17267
17267
17267
17268
17268
17269
17269
17269
17270
17270
17271
17273
17274
17274
17274
17275
17275
17276
17276
17276
17277
17277
17277
17280
17281
17281
17281
17281
17282
17282
17283
17283
17284
17284
17284
17286
17287
17288
17288
17288
17289
17289
17290
17290
17291
17291
17295
17295
17295
17295
17296
17296
17297
17297
17298
17298
17298
17300
17301
17302
17302
17302
17303
17303
17304
17304
17305
17305
17309
17309
17309
17310
17310
17311
17311
17312
17312
17316
17316
17316
17316
17317
17317
17318
17318
17318
17319
17319
17320
17322
17323
17323
17323
17323
17324
17324
17325
17325
17325
17326
17326
17326
17326
17328
17329
17329
17330
17330
17330
17331
17331
17331
17332
17332
17333
17333
17333
17335
17337
17337
17337
17337
17338
17338
17339
17339
17340
17340
17340
17342
17343
17344
17344
17344
17345
17345
17345
17346
17346
17347
17347
17347
17349
17351
17351
17351
17351
17352
17352
17353
17353
17354
17354
17354
17356
17357
17358
17358
17358
17358
17359
17359
17360
17360
17360
17361
17361
17361
17361
17363
17364
17364
17365
17365
17365
17366
17366
17367
17367
17367
17368
17368
17368
17371
17372
17372
17372
17372
17373
17373
17374
17374
17375
17375
17375
17377
17378
17379
17379
17379
17380
17380
17381
17381
17382
17382
17386
17386
17386
17387
17387
17388
17388
17389
17389
17393
17393
17393
17393
17394
17394
17395
17395
17396
17396
17396
17398
17399
17400
17400
17400
17401
17401
17402
17402
17402
17403
17403
17403
17406
17407
17407
17407
17407
17408
17408
17408
17409
17409
17410
17410
17410
17410
17412
17412
17413
17414
17414
17414
17415
17415
17416
17416
17417
17417
17421
17421
17421
17422
17422
17422
17423
17423
17423
17423
17424
17424
17424
17425
17427
17428
17428
17428
17428
17429
17429
17430
17430
17431
17431
17431
17433
17434
17435
17435
17435
17435
17436
17436
17437
17437
17438
17438
17438
17440
17441
17442
17442
17442
17443
17443
17444
17444
17445
17445
17449
17449
17449
17450
17450
17451
17451
17451
17452
17452
17452
17455
17456
17456
17456
17456
17457
17457
17458
17458
17459
17459
17459
17461
17462
17463
17463
17463
17464
17464
17464
17465
17465
17465
17466
17466
17466
17466
17468
17469
17470
17470
17470
17470
17471
17471
17472
17472
17472
17473
17473
17474
17476
17477
17477
17477
17477
17478
17478
17479
17479
17479
17480
17480
17480
17480
17482
17483
17483
17484
17484
17484
17485
17485
17485
17486
17486
17486
17487
17487
17487
17487
17489
17490
17491
17491
17491
17491
17492
17492
17493
17493
17494
17494
17494
17496
17497
17498
17498
17498
17499
17499
17500
17500
17501
17501
17505
17505
17505
17505
17506
17506
17507
17507
17508
17508
17508
17510
17511
17512
17512
17512
17512
17513
17513
17514
17514
17514
17515
17515
17515
17515
17517
17518
17518
17519
17519
17519
17520
17520
17521
17521
17522
17522
17526
17526
17526
17527
17527
17528
17528
17528
17529
17529
17529
17532
17533
17533
17533
17534
17534
17535
17535
17535
17536
17536
17536
17539
17540
17540
17540
17540
17541
17541
17542
17542
17542
17543
17543
17544
17546
17547
17547
17547
17548
17548
17549
17549
17550
17550
17554
17554
17554
17555
17555
17556
17556
17557
17557
17561
17561
17561
17562
17562
17563
17563
17564
17564
17568
17568
17568
17569
17569
17570
17570
17571
17571
17575
17575
17575
17576
17576
17576
17577
17577
17577
17578
17578
17578
17578
17580
17581
17582
17582
17582
17582
17583
17583
17584
17584
17584
17585
17585
17586
17588
17589
17589
17589
17589
17590
17590
17591
17591
17591
17592
17592
17593
17595
17596
17596
17596
17597
17597
17597
17598
17598
17599
17599
17599
17601
17603
17603
17603
17603
17604
17604
17605
17605
17605
17606
17606
17607
17609
17610
17610
17610
17610
17611
17611
17612
17612
17612
17613
17613
17614
17616
17617
17617
17617
17618
17618
17618
17619
17619
17620
17620
17620
17622
17624
17624
17624
17625
17625
17626
17626
17627
17627
17631
17631
17631
17631
17632
17632
17633
17633
17633
17634
17634
17634
17634
17636
17637
17637
17638
17638
17638
17639
17639
17640
17640
17641
17641
17645
17645
17645
17645
17646
17646
17647
17647
17647
17648
17648
17649
17651
17652
17652
17652
17653
17653
17654
17654
17655
17655
17659
17659
17659
17660
17660
17661
17661
17662
17662
17666
17666
17666
17667
17667
17668
17668
17669
17669
17673
17673
17673
17674
17674
17675
17675
17675
17676
17676
17676
17679
17680
17680
17680
17680
17681
17681
17682
17682
17683
17683
17683
17685
17686
17687
17687
17687
17688
17688
17689
17689
17689
17690
17690
17690
17693
17694
17694
17694
17694
17695
17695
17696
17696
17696
17697
17697
17698
17700
17701
17701
17701
17702
17702
17703
17703
17703
17704
17704
17704
17707
17708
17708
17708
17708
17709
17709
17710
17710
17710
17711
17711
17712
17714
17715
17715
17715
17715
17716
17716
17717
17717
17717
17718
17718
17719
17721
17722
17722
17722
17723
17723
17724
17724
17725
17725
17729
17729
17729
17730
17730
17731
17731
17732
17732
17736
17736
17736
17736
17737
17737
17738
17738
17739
17739
17739
17741
17742
17743
17743
17743
17743
17744
17744
17745
17745
17746
17746
17746
17748
17749
17750
17750
17750
17751
17751
17752
17752
17753
17753
17757
17757
17757
17757
17758
17758
17759
17759
17760
17760
17760
17762
17763
17764
17764
17764
17765
17765
17766
17766
17767
17767
17771
17771
17771
17771
17772
17772
17773
17773
17773
17774
17774
17775
17777
17778
17778
17778
17779
17779
17780
17780
17781
17781
17785
17785
17785
17786
17786
17787
17787
17788
17788
17792
17792
17792
17792
17793
17793
17793
17793
17794
17794
17795
17795
17795
17796
17797
17797
17799
17799
17799
17799
17800
17800
17800
17801
17801
17802
17802
17803
17804
17806
17806
17806
17806
17806
17807
17807
17807
17808
17808
17808
17809
17809
17810
17810
17811
17812
17813
17813
17813
17813
17814
17814
17814
17815
17815
17815
17815
17816
17816
17817
17817
17819
17820
17820
17820
17820
17820
17821
17821
17821
17822
17822
17822
17823
17823
17823
17823
17824
17825
17825
17826
17826
17827
17827
17827
17827
17827
17828
17828
17828
17829
17829
17830
17830
17830
17831
17832
17832
17833
17834
17834
17834
17835
17835
17836
17836
17837
17837
17841
17841
17841
17842
17842
17843
17843
17844
17844
17848
17848
17848
17849
17849
17850
17850
17851
17851
17855
17855
17855
17856
17856
17856
17857
17857
17858
17858
17858
17860
17862
17862
17862
17863
17863
17864
17864
17865
17865
17869
17869
17869
17869
17869
17870
17870
17871
17871
17871
17872
17872
17872
17873
17874
17875
17875
17876
17876
17876
17876
17877
17877
17878
17878
17879
17879
17879
17881
17882
17883
17883
17883
17883
17884
17884
17884
17884
17885
17885
17885
17886
17886
17887
17887
17888
17890
17890
17890
17890
17891
17891
17891
17892
17892
17893
17893
17894
17895
17897
17897
17897
17897
17897
17898
17898
17898
17899
17899
17899
17900
17900
17901
17901
17902
17903
17904
17904
17904
17904
17905
17905
17906
17906
17906
17907
17907
17908
17910
17911
17911
17911
17912
17912
17912
17912
17913
17913
17913
17914
17914
17914
17915
17916
17918
17918
17918
17919
17919
17920
17920
17921
17921
17925
17925
17925
17926
17926
17926
17927
17927
17928
17928
17928
17930
17932
17932
17932
17932
17933
17933
17934
17934
17935
17935
17935
17937
17938
17939
17939
17939
17940
17940
17940
17941
17941
17942
17942
17942
17944
17946
17946
17946
17947
17947
17948
17948
17949
17949
17953
17953
17953
17953
17954
17954
17954
17955
17955
17956
17956
17956
17956
17958
17958
17959
17960
17960
17960
17961
17961
17961
17962
17962
17962
17963
17963
17964
17967
17967
17967
17967
17968
17968
17969
17969
17970
17970
17970
17972
17973
17974
17974
17974
17975
17975
17976
17976
17977
17977
17981
17981
17981
17982
17982
17983
17983
17984
17984
17988
17988
17988
17989
17989
17990
17990
17991
17991
17995
17995
17995
17996
17996
17997
17997
17997
17998
17998
17998
18001
18002
18002
18002
18003
18003
18004
18004
18004
18005
18005
18005
18008
18009
18009
18009
18010
18010
18011
18011
18012
18012
18016
18016
18016
18016
18017
18017
18018
18018
18018
18019
18019
18020
18022
18023
18023
18023
18024
18024
18025
18025
18026
18026
18030
18030
18030
18031
18031
18032
18032
18033
18033
18037
18037
18037
18038
18038
18039
18039
18040
18040
18044
18044
18044
18045
18045
18046
18046
18046
18047
18047
18047
18050
18051
18051
18051
18051
18052
18052
18053
18053
18053
18054
18054
18055
18057
18058
18058
18058
18059
18059
18060
18060
18060
18061
18061
18061
18064
18065
18065
18065
18066
18066
18067
18067
18068
18068
18072
18072
18072
18073
18073
18074
18074
18075
18075
18079
18079
18079
18080
18080
18081
18081
18082
18082
18086
18086
18086
18086
18087
18087
18088
18088
18088
18089
18089
18090
18092
18093
18093
18093
18094
18094
18095
18095
18096
18096
18100
18100
18100
18101
18101
18102
18102
18103
18103
18107
18107
18107
18108
18108
18109
18109
18110
18110
18114
18114
18114
18114
18115
18115
18116
18116
18116
18117
18117
18118
18120
18121
18121
18121
18122
18122
18123
18123
18124
18124
18128
18128
18128
18129
18129
18130
18130
18131
18131
18135
18135
18135
18136
18136
18137
18137
18138
18138
18142
18142
18142
18143
18143
18144
18144
18145
18145
18149
18149
18149
18150
18150
18151
18151
18152
18152
18156
18156
18156
18157
18157
18158
18158
18159
18159
18163
18163
18163
18163
18164
18164
18165
18165
18166
18166
18166
18168
18169
18170
18170
18170
18171
18171
18171
18171
18172
18172
18172
18173
18173
18173
18174
18175
18177
18177
18177
18178
18178
18178
18179
18179
18180
18180
18180
18182
18184
18184
18184
18185
18185
18185
18186
18186
18187
18187
18187
18189
18191
18191
18191
18192
18192
18193
18193
18194
18194
18198
18198
18198
18199
18199
18199
18199
18200
18200
18200
18201
18201
18201
18202
18203
18205
18205
18205
18205
18206
18206
18207
18207
18208
18208
18208
18210
18211
18212
18212
18212
18213
18213
18213
18214
18214
18215
18215
18215
18217
18219
18219
18219
18220
18220
18221
18221
18222
18222
18226
18226
18226
18226
18227
18227
18227
18228
18228
18229
18229
18229
18229
18231
18231
18232
18233
18233
18233
18234
18234
18234
18234
18235
18235
18235
18236
18236
18236
18237
18238
18240
18240
18240
18240
18241
18241
18242
18242
18243
18243
18243
18245
18246
18247
18247
18247
18247
18248
18248
18248
18249
18249
18250
18250
18250
18250
18252
18252
18253
18254
18254
18254
18255
18255
18256
18256
18257
18257
18261
18261
18261
18261
18262
18262
18262
18263
18263
18264
18264
18264
18264
18266
18266
18267
18268
18268
18268
18268
18269
18269
18270
18270
18271
18271
18271
18273
18274
18275
18275
18275
18276
18276
18276
18276
18277
18277
18277
18278
18278
18278
18279
18280
18282
18282
18282
18283
18283
18284
18284
18284
18285
18285
18285
18288
18289
18289
18289
18289
18290
18290
18291
18291
18292
18292
18292
18294
18295
18296
18296
18296
18297
18297
18297
18298
18298
18299
18299
18299
18301
18303
18303
18303
18304
18304
18305
18305
18306
18306
18310
18310
18310
18311
18311
18311
18312
18312
18313
18313
18313
18315
18317
18317
18317
18317
18318
18318
18319
18319
18320
18320
18320
18322
18323
18324
18324
18324
18325
18325
18325
18326
18326
18327
18327
18327
18329
18331
18331
18331
18331
18332
18332
18332
18333
18333
18334
18334
18334
18334
18336
18336
18337
18338
18338
18338
18339
18339
18339
18340
18340
18341
18341
18341
18343
18345
18345
18345
18345
18346
18346
18347
18347
18347
18348
18348
18349
18351
18352
18352
18352
18353
18353
18354
18354
18354
18355
18355
18355
18358
18359
18359
18359
18360
18360
18361
18361
18362
18362
18366
18366
18366
18367
18367
18368
18368
18369
18369
18373
18373
18373
18374
18374
18375
18375
18376
18376
18380
18380
18380
18381
18381
18382
18382
18383
18383
18387
18387
18387
18387
18388
18388
18389
18389
18390
18390
18390
18392
18393
18394
18394
18394
18395
18395
18395
18396
18396
18397
18397
18397
18399
18401
18401
18401
18401
18402
18402
18403
18403
18403
18404
18404
18404
18404
18406
18407
18407
18408
18408
18408
18409
18409
18409
18410
18410
18411
18411
18411
18413
18415
18415
18415
18416
18416
18417
18417
18418
18418
18422
18422
18422
18423
18423
18424
18424
18425
18425
18429
18429
18429
18429
18430
18430
18431
18431
18432
18432
18432
18434
18435
18436
18436
18436
18437
18437
18437
18438
18438
18439
18439
18439
18441
18443
18443
18443
18443
18444
18444
18445
18445
18446
18446
18446
18448
18449
18450
18450
18450
18450
18451
18451
18452
18452
18453
18453
18453
18455
18456
18457
18457
18457
18458
18458
18458
18459
18459
18460
18460
18460
18462
18464
18464
18464
18464
18465
18465
18466
18466
18466
18467
18467
18468
18470
18471
18471
18471
18472
18472
18473
18473
18474
18474
18478
18478
18478
18479
18479
18480
18480
18481
18481
18485
18485
18485
18486
18486
18487
18487
18488
18488
18492
18492
18492
18492
18493
18493
18494
18494
18495
18495
18495
18497
18498
18499
18499
18499
18500
18500
18501
18501
18502
18502
18506
18506
18506
18507
18507
18507
18508
18508
18509
18509
18509
18511
18513
18513
18513
18514
18514
18515
18515
18516
18516
18520
18520
18520
18520
18521
18521
18522
18522
18523
18523
18523
18525
18526
18527
18527
18527
18528
18528
18529
18529
18530
18530
18534
18534
18534
18535
18535
18536
18536
18537
18537
18541
18541
18541
18542
18542
18543
18543
18544
18544
18548
18548
18548
18549
18549
18550
18550
18551
18551
18555
18555
18555
18555
18556
18556
18557
18557
18558
18558
18558
18560
18561
18562
18562
18562
18562
18563
18563
18563
18564
18564
18565
18565
18565
18565
18567
18567
18568
18569
18569
18569
18570
18570
18570
18571
18571
18571
18572
18572
18573
18576
18576
18576
18576
18577
18577
18578
18578
18579
18579
18579
18581
18582
18583
18583
18583
18583
18584
18584
18585
18585
18586
18586
18586
18588
18589
18590
18590
18590
18590
18591
18591
18592
18592
18593
18593
18593
18595
18596
18597
18597
18597
18598
18598
18598
18599
18599
18600
18600
18600
18602
18604
18604
18604
18604
18605
18605
18606
18606
18607
18607
18607
18609
18610
18611
18611
18611
18612
18612
18613
18613
18614
18614
18618
18618
18618
18618
18619
18619
18620
18620
18621
18621
18621
18623
18624
18625
18625
18625
18626
18626
18627
18627
18628
18628
18632
18632
18632
18633
18633
18633
18634
18634
18635
18635
18635
18637
18639
18639
18639
18640
18640
18641
18641
18642
18642
18646
18646
18646
18647
18647
18648
18648
18649
18649
18653
18653
18653
18654
18654
18654
18655
18655
18655
18656
18656
18656
18656
18658
18659
18660
18660
18660
18661
18661
18662
18662
18663
18663
18667
18667
18667
18667
18668
18668
18669
18669
18669
18670
18670
18671
18673
18674
18674
18674
18674
18675
18675
18676
18676
18676
18677
18677
18678
18680
18681
18681
18681
18681
18682
18682
18683
18683
18683
18684
18684
18685
18687
18688
18688
18688
18688
18689
18689
18689
18690
18690
18690
18691
18691
18691
18692
18693
18694
18695
18695
18695
18696
18696
18697
18697
18697
18698
18698
18698
18701
18702
18702
18702
18702
18703
18703
18703
18704
18704
18704
18705
18705
18705
18706
18707
18708
18709
18709
18709
18709
18710
18710
18711
18711
18711
18712
18712
18713
18715
18716
18716
18716
18717
18717
18717
18718
18718
18718
18719
18719
18719
18719
18721
18722
18723
18723
18723
18723
18724
18724
18725
18725
18725
18726
18726
18727
18729
18730
18730
18730
18730
18731
18731
18732
18732
18732
18733
18733
18734
18736
18737
18737
18737
18738
18738
18739
18739
18739
18740
18740
18740
18743
18744
18744
18744
18745
18745
18745
18746
18746
18746
18747
18747
18747
18747
18749
18750
18751
18751
18751
18752
18752
18753
18753
18754
18754
18758
18758
18758
18759
18759
18760
18760
18761
18761
18765
18765
18765
18765
18766
18766
18767
18767
18767
18768
18768
18769
18771
18772
18772
18772
18773
18773
18773
18774
18774
18775
18775
18775
18777
18779
18779
18779
18780
18780
18781
18781
18782
18782
18786
18786
18786
18787
18787
18788
18788
18789
18789
18793
18793
18793
18794
18794
18795
18795
18796
18796
18800
18800
18800
18801
18801
18802
18802
18802
18803
18803
18803
18806
18807
18807
18807
18808
18808
18809
18809
18810
18810
18814
18814
18814
18815
18815
18816
18816
18817
18817
18821
18821
18821
18822
18822
18823
18823
18824
18824
18828
18828
18828
18828
18829
18829
18830
18830
18830
18831
18831
18832
18834
18835
18835
18835
18836
18836
18836
18837
18837
18838
18838
18838
18840
18842
18842
18842
18843
18843
18844
18844
18845
18845
18849
18849
18850
18850
18851
18851
18852
18853
18854
18856
18856
18857
18857
18858
18858
18859
18860
18861
18863
18863
18864
18864
18865
18865
18866
18867
18868
18870
18870
18871
18871
18872
18872
18873
18874
18875
18877
18877
18878
18878
18879
18879
18880
18881
18882
18884
18884
18885
18885
18886
18886
18887
18888
18889
18891
18891
18892
18892
18893
18893
18894
18895
18896
18898
18898
18899
18899
18900
18900
18901
18902
18903
18905
18905
18906
18906
18907
18907
18908
18909
18910
18912
18912
18913
18913
18914
18914
18915
18916
18917
18919
18919
18920
18920
18921
18921
18922
18923
18924
18926
18926
18927
18927
18928
18928
18929
18929
18930
18930
18931
18932
18933
18933
18934
18934
18935
18936
18936
18937
18938
18940
18940
18940
18941
18941
18942
18942
18943
18943
18947
18947
18947
18948
18948
18949
18949
18950
18950
18954
18954
18954
18955
18955
18956
18956
18957
18957
18961
18961
18961
18962
18962
18963
18963
18964
18964
18968
18968
18968
18969
18969
18970
18970
18971
18971
18975
18975
18975
18976
18976
18977
18977
18978
18978
18982
18982
18982
18983
18983
18984
18984
18985
18985
18989
18989
18989
18990
18990
18991
18991
18992
18992
18996
18996
18996
18997
18997
18998
18998
18999
18999
19003
19003
19003
19004
19004
19005
19005
19006
19006
19010
19010
19010
19011
19011
19012
19012
19013
19013
19017
19017
19017
19018
19018
19019
19019
19020
19020
19024
19024
19024
19025
19025
19026
19026
19027
19027
4627
4631
15241
15243
4365
13761
13762
13763
13764
13789
13791
13794
15238
15240
15241
15243
70
251
309
342
354
491
564
573
592
595
1266
1279
1588
1605
1765
1770
1788
1923
1940
1988
1991
2372
2375
2474
2480
2484
2547
2550
2657
2677
2810
2812
2819
3225
3557
3790
4058
4180
4200
4257
4334
4358
4359
4586
4593
4603
4631
4740
4741
4802
5372
7237
7350
7352
7514
7631
8217
8260
8268
8595
8616
8659
9475
10230
10363
10385
10386
10393
10454
10486
10492
10493
10520
10540
10541
10681
10802
11195
11332
11776
11833
12849
13356
13470
13488
13537
13547
13551
13574
13592
13789
13794
14168
14170
14239
14241
14252
14599
15066
15068
15071
15074
15076
15078
15080
15083
15085
15091
15092
15093
15103
15112
15129
15138
15146
15152
15153
15154
15249
15389
15390
0
1
2
3
4
5
7
10
13
14
15
16
17
18
19
20
21
22
23
25
26
31
37
48
49
50
51
52
53
54
55
56
57
59
60
61
62
63
64
65
67
67
69
71
73
74
76
81
84
94
95
97
100
113
118
141
148
149
159
163
174
190
192
202
210
212
214
218
221
223
223
224
225
226
227
233
236
238
241
246
254
284
291
307
315
321
327
335
336
337
339
340
342
342
343
346
352
353
356
356
357
358
359
360
361
362
363
364
365
366
367
368
369
370
372
373
374
378
379
383
388
393
398
399
400
405
406
411
423
424
427
428
430
432
433
435
436
437
438
439
440
440
441
442
443
444
445
446
447
448
449
450
451
452
454
455
456
457
459
460
462
468
469
470
470
473
476
480
488
492
531
534
535
538
539
542
543
546
548
549
550
551
552
553
558
559
559
560
560
565
567
570
571
575
576
578
580
581
582
583
585
587
588
591
594
620
625
626
649
651
652
653
662
665
667
669
686
687
690
699
700
705
707
714
717
718
752
778
794
810
813
814
825
862
878
879
880
893
894
931
933
936
958
959
962
972
973
974
975
976
978
979
981
982
983
984
985
986
987
988
999
1001
1002
1003
1004
1005
1009
1011
1024
1027
1030
1032
1033
1035
1051
1056
1068
1071
1077
1078
1087
1122
1134
1139
1142
1170
1184
1184
1196
1200
1206
1207
1208
1209
1210
1211
1212
1215
1217
1218
1219
1224
1227
1228
1236
1237
1238
1241
1242
1242
1243
1244
1245
1246
1246
1247
1248
1249
1255
1257
1258
1259
1260
1260
1262
1263
1270
1271
1276
1280
1283
1286
1288
1289
1290
1291
1293
1297
1308
1309
1312
1313
1314
1318
1320
1323
1324
1329
1330
1332
1337
1339
1341
1342
1344
1345
1350
1358
1364
1366
1367
1369
1378
1388
1390
1392
1400
1402
1404
1415
1432
1435
1436
1446
1448
1464
1466
1474
1478
1484
1486
1500
1501
1503
1513
1515
1518
1529
1531
1533
1544
1585
1586
1603
1607
1608
1618
1623
1624
1625
1636
1654
1655
1681
1682
1684
1690
1691
1692
1723
1726
1731
1732
1737
1741
1742
1755
1757
1760
1761
1766
1769
1771
1779
1787
1789
1792
1793
1794
1795
1800
1816
1820
1863
1867
1869
1870
1873
1882
1888
1890
1891
1893
1905
1906
1916
1918
1921
1922
1939
1942
1960
1963
1964
1968
1972
1973
1974
1975
1976
1977
1978
1979
1980
1981
1989
1989
1990
1994
1997
1998
1999
2001
2002
2004
2010
2015
2021
2023
2027
2028
2029
2030
2034
2036
2037
2041
2049
2051
2057
2060
2062
2074
2076
2078
2081
2087
2091
2103
2107
2108
2109
2113
2114
2124
2143
2145
2151
2167
2179
2207
2210
2236
2238
2240
2242
2268
2270
2271
2272
2273
2284
2286
2287
2309
2311
2326
2328
2329
2333
2335
2336
2339
2341
2343
2344
2360
2361
2363
2368
2385
2386
2392
2406
2412
2425
2427
2428
2429
2431
2436
2439
2441
2446
2451
2454
2456
2461
2463
2464
2468
2470
2472
2473
2475
2476
2485
2486
2488
2489
2505
2506
2509
2510
2526
2527
2528
2529
2531
2538
2539
2540
2541
2542
2543
2544
2545
2545
2548
2549
2551
2552
2553
2554
2555
2556
2557
2558
2559
2560
2561
2562
2563
2564
2565
2566
2567
2568
2569
2570
2571
2572
2573
2574
2575
2576
2577
2578
2579
2580
2582
2583
2584
2585
2586
2587
2588
2589
2590
2591
2592
2593
2594
2595
2596
2597
2598
2603
2606
2608
2609
2610
2611
2613
2621
2623
2624
2625
2626
2633
2637
2640
2641
2642
2649
2656
2658
2659
2666
2667
2671
2672
2676
2678
2683
2684
2685
2690
2695
2696
2702
2704
2708
2709
2710
2711
2717
2718
2719
2723
2724
2743
2744
2745
2746
2747
2748
2752
2754
2759
2760
2761
2766
2767
2768
2773
2774
2775
2782
2790
2795
2800
2802
2804
2806
2807
2808
2810
2812
2813
2814
2815
2820
2825
2826
2827
2828
2832
2837
2839
2840
2843
2844
2845
2846
2848
2850
2851
2857
2860
2862
2869
2872
2873
2875
2878
2879
2883
2886
2887
2889
2892
2902
2904
2906
2907
2908
2909
2911
2912
2912
2914
2916
2918
2921
2923
2925
2929
2932
2933
2935
2936
2938
2940
2941
2943
2946
2957
2958
2961
2963
2966
2969
2971
2972
2982
2985
2989
2990
2992
2995
2996
2999
3000
3002
3008
3012
3020
3024
3027
3030
3031
3033
3042
3045
3046
3049
3050
3052
3055
3056
3058
3060
3062
3063
3065
3068
3069
3074
3075
3077
3081
3084
3088
3099
3100
3102
3105
3106
3119
3125
3139
3159
3162
3163
3166
3181
3182
3183
3186
3192
3193
3195
3199
3200
3202
3206
3207
3209
3214
3217
3219
3221
3229
3233
3238
3246
3247
3249
3253
3254
3256
3260
3261
3263
3267
3268
3270
3274
3275
3277
3280
3282
3283
3287
3288
3290
3295
3297
3301
3302
3304
3308
3309
3311
3315
3316
3318
3322
3323
3325
3328
3329
3333
3335
3338
3339
3343
3347
3348
3351
3354
3356
3358
3362
3362
3363
3363
3371
3372
3372
3381
3382
3386
3387
3390
3391
3392
3401
3403
3406
3410
3413
3414
3419
3429
3432
3433
3434
3438
3441
3445
3447
3450
3454
3455
3456
3458
3459
3462
3463
3465
3469
3470
3479
3483
3484
3488
3489
3492
3495
3496
3499
3500
3504
3505
3512
3520
3521
3524
3525
3536
3539
3554
3555
3565
3571
3572
3575
3576
3587
3588
3597
3607
3610
3620
3623
3640
3641
3644
3645
3668
3669
3673
3674
3678
3679
3682
3699
3718
3719
3720
3722
3725
3726
3731
3737
3738
3740
3741
3742
3747
3749
3750
3751
3781
3782
3785
3786
3793
3798
3803
3812
3824
3840
3841
3843
3846
3847
3849
3858
3862
3865
3866
3868
3870
3872
3874
3875
3877
3878
3879
3881
3885
3887
3889
3890
3891
3893
3895
3897
3899
3902
3903
3906
3909
3910
3913
3928
3929
3931
3932
3938
3940
3942
3943
3944
3944
3945
3945
3946
3947
3948
3948
3949
3949
3957
3958
3958
3963
3967
3968
3969
3971
3972
3974
3975
3977
3980
3981
3982
3984
3986
3991
3993
3995
4006
4008
4010
4018
4023
4027
4030
4031
4033
4037
4042
4043
4046
4047
4048
4052
4057
4061
4062
4067
4069
4072
4077
4081
4086
4090
4092
4117
4118
4121
4122
4138
4139
4140
4156
4157
4158
4161
4162
4165
4196
4203
4204
4207
4208
4210
4212
4220
4222
4223
4225
4228
4232
4233
4249
4250
4253
4254
4258
4259
4260
4290
4295
4299
4303
4304
4306
4309
4311
4312
4313
4314
4318
4321
4323
4324
4325
4326
4329
4331
4333
4335
4338
4339
4342
4345
4348
4349
4352
4353
4355
4356
4357
4358
4359
4361
4364
4367
4371
4373
4374
4374
4374
4375
4376
4379
4381
4382
4386
4387
4389
4390
4392
4393
4394
4396
4397
4398
4399
4401
4402
4405
4406
4408
4410
4411
4413
4414
4415
4417
4420
4422
4423
4424
4425
4427
4428
4432
4433
4434
4439
4450
4453
4455
4456
4457
4458
4460
4462
4464
4465
4470
4472
4473
4475
4478
4480
4481
4482
4487
4489
4490
4492
4495
4497
4498
4506
4516
4519
4520
4521
4524
4527
4528
4533
4536
4537
4539
4540
4549
4550
4552
4554
4555
4557
4560
4562
4563
4564
4567
4569
4570
4572
4573
4576
4579
4581
4582
4583
4584
4585
4586
4593
4594
4595
4597
4601
4602
4603
4611
4612
4613
4615
4616
4618
4624
4625
4626
4628
4629
4629
4630
4632
4633
4634
4636
4637
4640
4642
4643
4644
4645
4646
4647
4649
4651
4652
4655
4659
4660
4663
4665
4666
4668
4669
4670
4671
4672
4674
4675
4678
4683
4686
4687
4692
4693
4695
4697
4698
4699
4701
4705
4706
4710
4711
4712
4714
4715
4717
4718
4719
4735
4737
4745
4746
4764
4765
4766
4767
4777
4778
4790
4791
4796
4797
4820
4830
4838
4839
4848
4878
4879
4884
4890
4899
4904
4906
4907
4942
4967
4979
4986
4990
5005
5007
5010
5011
5026
5031
5032
5079
5084
5090
5091
5092
5093
5109
5110
5111
5115
5123
5125
5126
5128
5131
5132
5134
5135
5137
5141
5151
5152
5154
5155
5157
5175
5178
5179
5180
5182
5183
5184
5185
5188
5189
5190
5191
5193
5194
5195
5196
5196
5198
5199
5199
5201
5201
5202
5204
5204
5205
5208
5208
5211
5211
5213
5213
5214
5216
5216
5217
5219
5220
5221
5235
5261
5264
5267
5268
5269
5270
5271
5272
5287
5313
5314
5316
5319
5320
5322
5324
5324
5326
5338
5343
5351
5356
5356
5358
5360
5360
5370
5374
5385
5390
5393
5395
5397
5399
5405
5411
5412
5416
5419
5421
5424
5426
5428
5432
5441
5443
5446
5447
5451
5455
5457
5461
5465
5471
5472
5473
5480
5482
5483
5491
5502
5504
5505
5509
5511
5515
5526
5535
5539
5543
5551
5553
5563
5567
5579
5581
5591
5602
5607
5616
5618
5622
5633
5642
5646
5658
5665
5667
5669
5678
5680
5681
5685
5686
5716
5725
5727
5731
5742
5749
5753
5778
5779
5781
5782
5787
5789
5792
5795
5797
5798
5806
5821
5828
5829
5830
5834
5843
5850
5867
5877
5881
5882
5885
5887
5888
5890
5910
5917
5923
5928
5932
5934
5935
5936
5940
5945
5954
5977
5982
5984
5986
5988
6008
6010
6014
6016
6018
6028
6056
6059
6075
6076
6086
6114
6117
6137
6165
6168
6169
6170
6171
6172
6173
6212
6217
6222
6239
6248
6251
6255
6275
6278
6279
6281
6284
6285
6290
6295
6299
6303
6321
6323
6341
6342
6349
6359
6383
6389
6393
6395
6401
6411
6413
6456
6467
6475
6477
6481
6485
6486
6529
6532
6537
6537
6539
6541
6544
6545
6546
6550
6555
6555
6564
6566
6569
6570
6571
6596
6600
6601
6605
6608
6610
6615
6619
6620
6683
6687
6691
6692
6694
6695
6701
6703
6704
6750
6758
6762
6765
6766
6767
6770
6773
6774
6778
6785
6797
6849
6851
6853
6855
6856
6858
6860
6861
6862
6863
6864
6865
6868
6885
6887
6889
6891
6892
6893
6895
6896
6899
6901
6924
6931
6943
6946
6950
6951
6952
6953
6989
6995
6997
7000
7005
7010
7031
7041
7043
7068
7072
7073
7083
7087
7088
7097
7100
7101
7111
7115
7129
7133
7141
7205
7206
7208
7209
7210
7211
7213
7215
7220
7223
7224
7226
7229
7233
7240
7243
7245
7248
7252
7256
7258
7259
7262
7264
7268
7312
7332
7343
7345
7346
7348
7349
7351
7356
7358
7359
7361
7371
7372
7373
7374
7375
7376
7383
7385
7409
7410
7414
7439
7441
7445
7481
7483
7497
7500
7501
7502
7503
7505
7506
7508
7509
7510
7512
7513
7524
7528
7529
7530
7532
7551
7570
7571
7572
7581
7591
7597
7608
7609
7610
7614
7648
7652
7653
7666
7679
7681
7687
7688
7689
7691
7724
7727
7733
7743
7754
7756
7760
7907
7909
7913
7946
7948
7960
7962
7971
7976
7977
8051
8093
8112
8117
8121
8125
8134
8138
8149
8151
8152
8154
8156
8158
8163
8165
8167
8172
8175
8177
8178
8179
8183
8187
8189
8204
8209
8210
8220
8224
8226
8229
8232
8234
8235
8236
8244
8246
8247
8248
8250
8254
8255
8258
8261
8263
8265
8266
8269
8271
8273
8274
8278
8280
8281
8283
8286
8290
8291
8293
8295
8296
8298
8300
8304
8306
8329
8344
8349
8354
8355
8356
8360
8361
8362
8385
8387
8390
8392
8396
8412
8419
8424
8426
8430
8431
8433
8434
8436
8437
8441
8442
8444
8445
8449
8450
8452
8453
8454
8455
8456
8457
8507
8508
8510
8511
8513
8514
8516
8517
8517
8519
8520
8522
8523
8525
8526
8543
8545
8547
8571
8572
8574
8577
8578
8579
8590
8592
8597
8599
8610
8612
8613
8614
8618
8620
8621
8622
8623
8624
8640
8642
8644
8654
8657
8658
8663
8672
8673
8676
8684
8686
8691
8694
8695
8697
8698
8699
8700
8701
8713
8714
8717
8718
8722
8724
8735
8747
8755
8757
8763
8765
8772
8774
8785
8788
8789
8791
8793
8796
8797
8810
8822
8825
8831
8845
8849
8852
8853
8856
8857
8861
8865
8869
8871
8876
8879
8883
8885
8887
8889
8891
8894
8896
8897
8899
8900
8903
8912
8913
8915
8918
8920
8922
8923
8926
8930
8933
8934
8936
8939
8941
8944
8956
8959
8961
8966
8978
8979
8982
8985
8988
8989
8990
8991
8993
8995
8996
8998
8999
9000
9002
9011
9012
9015
9018
9021
9024
9025
9028
9029
9039
9040
9043
9048
9050
9053
9062
9066
9092
9096
9101
9102
9105
9108
9111
9118
9129
9130
9131
9140
9151
9157
9162
9163
9165
9166
9169
9172
9175
9176
9199
9205
9207
9209
9214
9216
9225
9243
9245
9247
9252
9254
9257
9258
9260
9263
9293
9297
9300
9302
9304
9308
9310
9313
9350
9353
9355
9357
9360
9361
9363
9366
9392
9393
9396
9397
9398
9401
9404
9405
9407
9412
9413
9416
9426
9430
9432
9438
9443
9444
9446
9469
9471
9473
9476
9480
9482
9483
9486
9488
9489
9506
9526
9531
9533
9535
9538
9539
9541
9544
9562
9566
9568
9578
9582
9594
9596
9599
9610
9621
9626
9628
9630
9633
9634
9636
9639
9664
9668
9671
9673
9675
9679
9681
9684
9685
9686
9687
9709
9713
9720
9722
9725
9727
9730
9741
9745
9751
9753
9755
9756
9757
9762
9764
9766
9767
9776
9777
9786
9797
9801
9805
9823
9834
9861
9863
9865
9867
9869
9877
9884
9886
9888
9932
9934
9938
9939
9941
9943
9945
9946
9949
9951
9952
9954
9958
9959
9960
9968
9969
9970
9981
9982
9983
9985
9987
9989
9991
9992
9993
9997
9998
10000
10001
10003
10004
10006
10007
10024
10026
10027
10029
10030
10059
10060
10064
10066
10071
10075
10076
10077
10094
10112
10119
10125
10128
10129
10131
10133
10135
10138
10175
10177
10193
10194
10197
10199
10203
10204
10206
10234
10235
10248
10249
10283
10284
10289
10291
10292
10293
10294
10302
10313
10324
10333
10334
10335
10344
10346
10349
10353
10361
10362
10389
10392
10394
10396
10397
10398
10401
10402
10442
10446
10448
10450
10452
10466
10467
10479
10482
10485
10489
10496
10497
10501
10503
10504
10513
10514
10517
10518
10519
10523
10527
10531
10544
10545
10548
10563
10570
10571
10574
10575
10578
10581
10582
10584
10585
10586
10587
10588
10596
10600
10612
10614
10616
10618
10622
10627
10628
10629
10638
10641
10647
10653
10654
10657
10671
10682
10684
10685
10688
10691
10692
10693
10694
10696
10697
10714
10715
10718
10720
10723
10726
10727
10730
10731
10734
10737
10741
10742
10746
10750
10757
10763
10765
10768
10781
10787
10789
10791
10803
10806
10809
10810
10813
10819
10830
10841
10842
10843
10860
10888
10894
10896
10898
10899
10901
10903
10909
10910
10913
10915
10919
10923
10927
10928
10929
10932
10935
10936
10938
10942
10944
10946
10950
10962
10970
10972
10975
10976
10978
10981
10983
10984
10985
10987
10992
10993
10995
10997
10999
11001
11002
11003
11006
11008
11009
11010
11013
11068
11070
11086
11091
11135
11137
11139
11149
11151
11153
11157
11159
11162
11164
11170
11191
11192
11199
11201
11202
11203
11204
11208
11209
11221
11225
11226
11228
11230
11232
11234
11238
11241
11242
11243
11244
11246
11247
11251
11266
11268
11269
11273
11277
11279
11281
11283
11285
11286
11288
11289
11293
11294
11296
11297
11299
11301
11302
11305
11307
11308
11310
11311
11312
11313
11314
11335
11339
11341
11342
11350
11351
11354
11355
11356
11358
11358
11359
11361
11363
11364
11364
11366
11367
11369
11369
11370
11372
11389
11393
11404
11406
11407
11408
11411
11412
11413
11416
11422
11424
11426
11430
11431
11432
11435
11437
11439
11441
11446
11448
11450
11463
11468
11474
11480
11482
11484
11496
11499
11507
11510
11511
11513
11513
11524
11539
11543
11547
11555
11556
11558
11561
11565
11577
11578
11580
11590
11599
11610
11614
11616
11618
11622
11632
11634
11636
11643
11659
11660
11662
11665
11666
11669
11672
11676
11677
11679
11680
11681
11682
11690
11695
11701
11704
11707
11708
11711
11712
11716
11717
11718
11722
11727
11729
11730
11738
11740
11742
11746
11747
11750
11751
11755
11756
11759
11768
11769
11770
11773
11780
11783
11784
11787
11789
11793
11798
11819
11820
11823
11826
11827
11830
11837
11838
11844
11846
11848
11857
11861
11862
11862
11865
11866
11871
11873
11875
11881
11886
11887
11906
11907
11920
11926
11941
11943
11949
11962
11964
11966
11985
12005
12007
12009
12018
12029
12030
12032
12036
12038
12040
12051
12072
12090
12096
12098
12100
12102
12105
12107
12110
12111
12114
12115
12124
12125
12127
12130
12134
12135
12138
12173
12175
12177
12179
12188
12189
12191
12199
12203
12207
12217
12218
12227
12267
12268
12278
12281
12283
12284
12287
12289
12290
12292
12293
12296
12306
12310
12313
12316
12345
12347
12350
12361
12364
12368
12371
12372
12394
12397
12400
12426
12427
12438
12442
12443
12446
12450
12461
12467
12469
12471
12473
12481
12484
12488
12524
12528
12530
12534
12536
12538
12544
12546
12548
12549
12559
12563
12566
12599
12605
12610
12612
12613
12614
12617
12618
12620
12623
12624
12626
12627
12629
12642
12643
12646
12657
12670
12671
12675
12676
12680
12682
12683
12685
12686
12687
12710
12713
12736
12737
12749
12754
12761
12763
12764
12775
12796
12806
12814
12818
12819
12820
12837
12841
12845
12851
12853
12855
12857
12858
12860
12862
12865
12868
12870
12871
12882
12895
12901
12903
12908
12912
12918
12922
12929
12930
12933
12934
12936
12938
12940
12941
12945
12946
12952
12956
12957
12963
12974
12976
12986
12988
12991
12999
13007
13011
13018
13019
13021
13023
13025
13026
13042
13045
13047
13050
13052
13054
13056
13057
13059
13062
13064
13072
13073
13078
13082
13083
13084
13085
13088
13090
13092
13095
13098
13099
13100
13105
13106
13107
13126
13132
13136
13142
13145
13147
13150
13153
13155
13156
13160
13170
13192
13194
13204
13206
13208
13210
13211
13214
13216
13217
13218
13219
13220
13221
13227
13229
13237
13238
13244
13287
13291
13295
13296
13301
13304
13305
13309
13310
13311
13312
13313
13316
13319
13326
13328
13340
13343
13344
13348
13350
13351
13354
13367
13368
13371
13381
13382
13385
13386
13388
13396
13399
13400
13403
13404
13407
13408
13410
13420
13421
13424
13425
13428
13435
13438
13441
13442
13445
13452
13455
13456
13459
13460
13462
13467
13474
13477
13478
13480
13484
13490
13492
13493
13495
13500
13502
13503
13505
13506
13507
13510
13512
13513
13514
13517
13518
13520
13525
13526
13528
13529
13531
13532
13534
13536
13539
13540
13544
13545
13555
13556
13558
13559
13561
13563
13563
13566
13569
13570
13578
13580
13580
13583
13587
13588
13594
13596
13597
13614
13619
13636
13638
13640
13642
13643
13645
13646
13648
13650
13662
13667
13669
13672
13673
13674
13676
13680
13682
13683
13685
13688
13689
13690
13692
13693
13695
13696
13697
13703
13704
13715
13717
13718
13730
13731
13733
13737
13741
13746
13748
13749
13750
13751
13752
13754
13755
13757
13759
13761
13762
13763
13764
13765
13766
13768
13769
13771
13775
13775
13775
13776
13780
13782
13783
13784
13786
13788
13790
13793
13796
13802
13802
13804
13805
13806
13808
13812
13813
13817
13818
13822
13823
13825
13826
13827
13829
13831
13834
13836
13837
13839
13840
13842
13843
13845
13846
13848
13849
13851
13852
13854
13855
13856
13857
13858
13860
13861
13863
13864
13866
13867
13869
13870
13873
13874
13876
13877
13879
13880
13882
13883
13884
13887
13889
13890
13893
13894
13897
13899
13900
13901
13903
13904
13906
13909
13911
13912
13914
13915
13917
13918
13920
13921
13923
13924
13928
13929
13931
13932
13934
13935
13937
13938
13939
13941
13946
13947
13948
13951
13954
13955
13960
13962
13964
13965
13966
13968
13973
13975
13978
13981
13984
13985
13987
13988
13989
13991
13992
13994
13996
13997
13999
14001
14002
14004
14007
14010
14012
14013
14014
14015
14019
14024
14025
14026
14041
14044
14048
14052
14059
14070
14074
14077
14081
14085
14086
14087
14089
14094
14095
14096
14097
14104
14105
14109
14111
14114
14119
14121
14124
14126
14127
14128
14134
14139
14143
14148
14154
14159
14161
14164
14173
14177
14179
14181
14182
14188
14189
14192
14195
14196
14198
14200
14201
14204
14206
14207
14209
14214
14216
14221
14222
14223
14230
14235
14244
14248
14256
14260
14264
14268
14273
14275
14282
14285
14287
14288
14294
14295
14298
14299
14307
14310
14323
14329
14335
14341
14342
14345
14351
14352
14358
14359
14362
14365
14369
14372
14374
14376
14379
14381
14383
14385
14387
14392
14393
14394
14398
14406
14407
14408
14410
14422
14424
14430
14433
14435
14440
14441
14442
14443
14444
14448
14450
14452
14456
14460
14464
14465
14468
14478
14479
14482
14485
14489
14492
14496
14506
14507
14510
14513
14517
14520
14524
14528
14535
14537
14545
14549
14550
14553
14554
14556
14557
14578
14585
14586
14590
14594
14603
14604
14605
14609
14610
14611
14612
14620
14624
14625
14629
14635
14702
14706
14708
14712
14717
14721
14722
14725
14726
14730
14732
14733
14734
14735
14737
14738
14739
14752
14760
14767
14780
14781
14784
14787
14788
14791
14794
14795
14798
14808
14809
14812
14815
14816
14819
14822
14823
14826
14842
14846
14851
14857
14858
14862
14863
14867
14869
14873
14874
14882
14893
14895
14900
14901
14904
14905
14908
14918
14922
14925
14926
14928
14931
14935
14936
14938
14943
14946
14953
14954
14958
14960
14963
14965
14978
14989
14991
14994
14995
14997
14998
15002
15003
15004
15005
15007
15009
15010
15012
15015
15017
15018
15019
15022
15023
15026
15027
15030
15034
15036
15039
15041
15042
15043
15046
15047
15049
15052
15054
15055
15056
15059
15060
15062
15063
15064
15065
15066
15067
15073
15076
15078
15079
15082
15083
15085
15087
15088
15089
15090
15091
15092
15093
15093
15094
15101
15103
15116
15120
15121
15121
15129
15136
15138
15140
15146
15149
15150
15150
15150
15153
15154
15154
15155
15156
15158
15166
15172
15173
15177
15195
15197
15206
15207
15209
15212
15216
15217
15218
15225
15228
15231
15232
15236
15239
15244
15246
15247
15252
15253
15254
15255
15256
15257
15262
15263
15265
15268
15269
15271
15272
15368
15368
15369
15370
15370
15385
15385
15386
15386
15387
15387
15388
15388
15389
15389
15390
15390
2853
2858
2859
2864
2865
2894
2896
2897
2900
2901
2926
618
3010
680
3013
3016
3017
3021
3036
3039
3040
3041
3135
3158
887
3212
3222
3226
3230
3234
3241
3336
1162
3344
3352
3359
3415
3430
3442
3451
3457
3480
1412
3501
3508
3509
3535
3566
1493
3577
1631
3808
3809
3814
3815
1758
1864
1892
1900
1914
1932
3970
1277
1987
1328
1349
1354
1363
1368
1395
3996
1408
4007
4019
4020
2089
1507
4063
4064
2122
2160
4082
4093
1740
2369
1764
1799
1818
1872
2438
2465
1887
2453
4327
2480
2535
2046
2063
2118
4384
2194
2214
2581
4430
2277
4508
4509
4523
2440
2799
2445
2450
2455
2460
4587
2694
2701
2742
2849
2758
2847
2765
2772
2786
2794
2836
481
486
496
497
506
515
520
554
597
600
434
601
607
611
442
638
642
643
4680
4681
648
656
4689
4690
657
668
676
679
744
749
755
756
757
764
765
768
769
775
779
453
780
784
786
791
4704
463
805
4708
466
458
816
4709
472
817
823
4725
4738
470
4794
852
854
4832
4834
4836
4849
4860
4861
4900
4901
4925
870
4952
872
4962
4965
4969
4996
5001
5008
5033
5058
5063
5076
5086
530
896
929
5186
937
942
947
952
1040
1044
1045
1050
1057
1062
1063
1086
545
1088
1093
1095
1100
1101
1102
1107
1108
1109
1114
1115
1121
1136
547
1141
1147
1148
1149
1154
1155
1156
1161
1163
1169
1175
1176
1189
5196
5199
5207
5208
5210
5211
563
1261
5274
5276
5277
568
572
1278
5396
5452
5466
5484
5516
5536
5540
622
5568
5569
5604
5619
5623
5643
5647
628
5683
630
5728
5732
5750
5754
5831
5835
5842
5862
5873
5892
5941
5966
5975
5990
5999
6011
6032
6033
6043
1398
6060
6074
6104
6119
6128
6138
719
6176
6206
6215
6224
6226
6228
6230
6252
6256
6273
6296
6300
6304
6330
6339
743
6345
6369
6371
6408
6425
6457
6468
6478
6490
6499
6540
811
782
1502
6565
6617
798
6624
6626
6756
835
6776
6809
6829
6847
864
6903
6904
6930
897
1606
899
6990
934
7015
7044
7098
960
1637
989
1722
1006
1734
7380
7411
7415
7442
7446
7470
7531
7553
1042
1083
7598
7615
7632
7649
1127
1797
7745
7761
7910
7914
1814
7959
1139
7969
7978
8003
8004
8113
8118
8146
8147
1194
8180
8184
8227
8237
8240
8257
1902
8276
1213
8307
8330
1231
1943
8357
8388
8413
1254
8439
1267
8447
1273
8603
8617
8655
8687
8725
8736
8751
8760
8775
8786
8790
8794
8798
8802
8806
8817
8820
8823
8833
8843
8846
8850
8854
8858
8862
8866
8892
8893
8914
8927
8931
8945
1338
9030
9041
1351
9069
1371
1373
9177
1375
9200
9215
1382
9226
9231
9265
9266
9267
9281
1431
9314
1406
1433
9315
1410
9316
9346
9347
9348
9362
1419
1421
9367
9368
9427
9431
1451
1453
9450
9451
9519
9525
1469
1471
9545
9579
1497
9583
9584
9600
9611
9612
9616
9622
1489
1491
9640
9710
9714
9746
9787
9798
9806
9824
9851
9857
9878
1610
10046
10069
10070
10082
10098
10100
10114
10126
1683
2303
1686
2306
10168
10169
1715
1728
2331
10209
10210
10229
10319
1735
10428
10463
1756
1786
10471
10498
1774
1802
10597
10602
10606
10607
10619
3837
10623
10624
10630
10738
10739
3829
10766
1815
10769
10770
10815
1827
10911
10920
1875
10945
10963
10977
11016
1895
1898
11034
11073
11074
1908
1910
11270
11282
1982
11291
1983
11352
11361
11372
11409
11417
11418
11451
11464
11475
11477
11485
11494
11508
11514
11525
11536
11540
11544
11562
11566
2017
11591
11596
11600
11611
11615
11619
11628
11629
11655
2047
11671
11694
2056
11700
11713
11714
11723
2039
11795
2058
11808
2066
11933
11936
11951
2085
11961
2095
12041
12052
12091
2111
12200
12204
12208
12264
12299
12300
12351
12362
12439
12472
12525
2216
2246
2248
12631
12678
12750
12758
12759
12765
12793
12794
12807
2304
12878
2715
12996
12997
13022
13101
13115
13143
13168
2421
13201
13306
13405
13429
13485
13537
13542
2480
13547
13553
2494
2500
13698
13719
13720
13742
13743
13799
13815
13820
13926
13982
14045
14049
14053
14071
14078
14082
14101
14102
14135
14137
14140
14144
14145
14149
14160
14165
14169
14174
14232
14236
14245
14249
14257
14261
14265
14289
14291
14315
2689
14320
14324
14328
14347
14353
14384
14388
14436
14559
14589
14727
2753
14741
14745
14844
14865
2781
14877
14909
14932
14955
14966
15006
15011
15033
2816
15112
15146
15167
15180
15181
15207
15211
15226
15234
2841
15251
15274
15277
4734
4822
2854
2855
2856
4902
4914
4915
2866
2867
2870
4944
4948
4970
2881
2884
5037
5041
5069
2893
5052
5073
2895
5095
5118
5122
5138
5139
5142
5159
2898
5164
5067
5224
5225
5228
2913
2913
2915
5282
5363
5367
2917
2919
2920
2919
5435
2922
2924
2927
2928
2930
5582
5577
2947
5652
5653
5656
5679
2970
5736
2973
2997
5875
5879
3006
3007
3009
5948
3011
5968
5972
3014
3015
6052
6097
6101
6102
6141
6145
6179
6208
3019
6209
3022
3023
6274
6277
3025
3026
6308
3028
6327
6348
3037
6370
6397
3047
6464
6480
6534
6553
6567
3071
6690
3089
3090
3091
3126
3127
6825
3136
6835
6925
6949
6928
3184
6963
6954
3188
3190
7117
3213
7145
3215
7069
7146
7150
3216
7174
7084
7175
7179
7202
7218
7221
7238
7241
7276
7277
7280
7281
7304
7308
7309
7386
3218
7422
7450
7453
7454
7474
3220
7475
7478
7544
7545
7549
3223
3224
3227
3228
7619
3231
3232
3235
3236
3237
7665
7671
7672
7691
7694
7717
7718
7721
7722
7730
7734
3239
7765
7768
3243
3242
3244
3281
7938
7939
7942
7908
7943
3284
3285
3331
8140
8143
3334
3337
8168
3342
3345
8065
3346
3353
8122
8253
8302
8310
3355
8336
8339
3357
8365
3360
3361
8422
8425
15367
3373
3383
3393
8627
8628
8631
3405
8668
8671
8703
3416
3417
3420
3421
3431
3440
8826
5592
8827
3443
3444
8881
3449
8910
3452
3453
9057
9058
9113
9114
9117
3481
3482
9223
3485
9287
9288
9291
9341
9344
3502
3503
9372
9376
3506
3510
9490
9491
9494
9495
9520
9523
3537
3556
9617
3567
3568
9658
9659
9662
3578
3579
3589
9749
3598
9810
9813
3610
3611
9890
9891
9894
9895
9953
3671
3675
10052
10053
10074
10056
10079
3727
3729
10211
3746
10268
10305
3748
10308
10400
10403
10410
10404
10407
10408
3792
10499
3804
3806
10554
3811
10610
3817
3818
10660
3848
10666
10670
3850
10821
10825
3867
3892
11053
11054
11057
11130
11133
3930
11206
3934
11264
3959
11328
11384
8652
11387
8967
8970
9045
3973
9074
9103
11419
11429
3976
3979
3987
11479
3997
3998
11545
4022
11646
4035
4038
4039
11840
4054
11944
11945
11999
12000
12003
12092
4066
12169
12170
4073
12252
12285
4083
4084
4094
9856
12463
4095
12550
12553
12554
12622
4141
12787
12755
12788
12791
4181
12821
12904
12909
12959
4211
12980
12983
13002
13027
13031
4215
4216
4234
10375
10378
13108
13109
13112
13116
13113
13158
10534
10537
10567
4261
13161
13166
10679
10708
10711
4301
4302
13278
13308
10795
10796
10799
10907
13321
13333
13336
10947
13360
13361
13364
4316
4317
15328
10989
13434
13498
13501
4328
4336
4337
4340
4341
13575
13599
13602
4346
13653
13654
13657
13658
13678
13725
13726
13729
4362
4363
11414
11656
11724
11762
11763
11766
11812
11813
11816
11852
11853
11856
4377
11937
4378
11971
11972
4380
12013
13828
12043
4383
12104
4385
12142
4388
12210
4391
12258
12262
4395
12360
4400
4403
12444
13902
12491
13905
4404
12492
13908
4407
12539
12542
4409
12571
4412
4426
4429
4431
4459
12697
14108
12700
4474
14203
14205
4491
14271
14274
12864
14375
4510
4511
14531
4522
14569
14601
4529
13014
13015
14608
14699
4541
14567
14595
4551
4556
15008
4574
4575
13374
15020
13375
13378
13392
15031
13393
13413
15044
13414
13417
13448
15057
13449
13481
4591
4592
4593
4603
4616
4617
15219
15248
14428
15247
14432
15250
14471
14472
14475
14499
14500
14503
14541
4635
4638
14713
15266
14716
4639
14773
15260
14774
14777
14801
14802
14805
4641
14836
14984
14988
15142
15143
15201
15202
15205
4866
4868
4872
4873
4875
4880
4926
4930
4931
4933
4937
4989
4992
5002
5027
5051
5054
5064
5223
5226
5288
5520
5521
5523
5529
5532
5545
5548
5552
5574
5576
4657
5580
5585
5588
5610
5611
5613
5627
5630
4648
4650
4654
4653
4656
4658
4662
4661
4664
4667
5720
5722
5739
4677
5744
4673
4676
4679
4682
4684
5791
5794
4685
4688
4691
4694
5824
5826
5855
5856
5858
5870
5889
5909
5912
5916
5919
5924
6372
6376
6377
6379
6384
6386
6436
6437
6439
6443
6444
6446
6450
6451
6453
6509
6510
6512
6516
4696
6517
6519
6526
6531
6551
6558
6576
6577
6579
6586
6590
6591
6593
6597
4700
4702
6651
4703
6653
4707
6679
6708
6711
6718
4713
4716
6736
6737
6739
6751
6753
4728
4731
4732
4720
4721
4724
4723
4726
4727
4748
4736
4754
4739
4761
4743
4771
4772
6798
4775
4776
4787
4788
4779
4782
6814
4781
4783
6821
4793
4801
4792
4810
4795
4817
4799
4804
4826
4829
4823
4825
4824
6834
4833
6841
4835
4841
4837
4852
4857
4840
4845
4850
4851
4862
4863
4869
4885
4893
4896
4889
4905
4918
4921
4927
4928
4939
4940
4951
4943
4954
4959
4961
4963
4953
6879
4964
4972
4966
4976
4968
4981
4971
4980
4997
4998
4999
5003
5004
5006
5013
5017
5009
5020
5023
5024
5029
5044
5047
5035
5048
5034
5059
5060
5061
5065
5066
5077
5068
5078
5087
5088
5089
5100
6957
6959
5094
5102
5107
5113
5116
5129
5133
5136
5144
5148
5149
5153
5156
5166
5158
5171
5173
5176
6991
7035
7036
7038
7062
7063
7065
7077
7078
7080
7092
7603
7605
7620
7626
7628
7636
7638
7643
7654
7659
7660
7786
7787
7789
7793
7795
5187
7799
7800
7802
7806
7807
7809
7820
7821
7823
7827
7828
7830
7834
7835
7837
7841
7842
7844
7848
7849
7851
7855
7856
7858
7862
7863
7865
7869
7870
7872
7876
7877
5192
7879
7891
7895
7896
7898
7902
7904
7972
7996
7997
7999
8005
8009
8011
8015
8016
8018
8022
8023
8025
8029
8030
8032
8036
8037
8039
8043
8044
8046
8050
8053
8057
8058
8060
8064
8067
8071
8072
8074
8079
8081
8085
8086
8088
8092
8095
8099
8100
8102
8106
8108
8114
8205
5197
5200
5203
5206
5209
5212
5215
5218
5230
5232
5254
5255
5257
5231
5233
5236
5237
5238
5273
5306
5309
5278
5280
5283
5284
5285
5289
5290
5321
5329
5333
5344
5323
5336
5340
5325
5346
5327
5350
5353
5365
5377
5378
5357
5357
5359
5380
5361
5384
5387
5401
5391
5392
5391
5394
5398
5402
5414
5418
5420
5417
5423
5429
5422
5425
5427
5430
5431
5433
5444
5449
5453
5454
5456
5460
5463
5464
5467
5468
5470
5477
5564
5565
5485
5486
5488
5489
5573
5490
5494
5495
5498
5500
5593
5501
5503
5510
5513
5514
5517
5518
5527
5530
5537
5538
5541
5542
5554
5566
5571
5603
5594
5606
5608
5617
5620
5621
5624
5625
5637
5634
5639
5644
5648
5682
5684
5696
5703
5705
5687
5707
5717
5726
5729
5733
5746
5748
5751
5752
5755
5756
5780
5784
5783
5790
5793
5796
5799
5800
5803
5805
5822
5836
5832
5833
5837
5839
5840
5841
5847
5849
5853
5852
5864
5863
5865
5868
5874
9099
5891
5893
5906
5894
5896
5898
5900
5901
5904
9120
5907
5925
5926
5927
5938
5939
5948
5950
9174
5952
5955
5942
5943
5944
5946
5964
5957
5967
5976
5985
5987
5989
5991
5992
5996
6001
6000
6006
6009
6014
6012
6025
6027
6030
6036
6040
6041
6046
6049
6050
6034
6035
6044
6045
6062
6067
6069
6072
6061
6070
6078
6082
6085
6090
6095
6077
6088
6107
6108
6111
6112
6105
6106
9340
6115
6116
6122
6118
6120
6121
6125
6129
6130
6135
6148
6151
6152
6139
6140
6161
6162
6166
6249
6183
6286
9408
6196
6185
6189
6175
6192
6193
6197
6177
6178
6182
6207
6216
6225
6227
6229
6231
6232
6236
6241
6240
6246
6250
6267
6253
6254
6257
6258
6282
6283
6289
6288
6292
6294
6293
6297
6298
6301
6302
6305
6306
6332
6322
6337
6331
6340
6343
6344
6358
6347
6346
6350
6355
6360
6366
6391
6392
9563
6400
6409
6410
6418
6412
6422
6415
6416
6417
6420
6427
6428
6426
6458
6459
6469
6479
6483
6489
6492
6491
6496
6500
6501
6506
6538
6538
6664
6542
6561
6556
6559
6556
6609
6618
6622
6625
6650
6627
6628
6632
6635
6638
9731
6640
6641
6665
6666
6667
6676
6696
6697
6808
6810
6699
6715
6700
6729
6733
6828
6706
6705
6757
6772
9799
6775
6782
6777
6791
6780
6784
6787
6789
6788
6801
6799
6805
6811
6830
6831
6848
6859
6871
6867
6873
6875
6866
6869
9899
9901
6897
6894
9936
6898
6900
6916
6919
6905
6906
6932
6933
6965
6967
6970
6972
6973
6992
7003
7007
7001
7012
7013
10023
7016
7017
7029
7032
7021
7019
7020
7028
7048
7042
7046
7052
7045
7070
7071
7074
7075
7085
7086
7089
7090
7094
7096
7099
7102
7125
7127
7126
7130
7132
7135
7139
7134
7138
7140
7142
10099
7143
10101
7160
7163
7152
7144
7153
7157
7159
7164
7166
7167
7170
7171
7181
7173
7182
7186
7188
7189
7192
7193
7195
7196
7199
7200
7207
10106
7212
10113
10115
7214
10141
7216
10148
7217
7227
7231
7232
7235
7246
7305
7254
7255
7257
10170
7260
10174
10176
7261
10218
7355
10244
7266
7270
7263
7267
7269
10259
7274
7273
7275
7283
7284
7287
7288
7290
7291
7294
7295
7297
7298
7301
7302
7311
7315
7316
7318
7319
7322
7323
7325
7326
7329
7330
7337
7340
7341
7334
7335
10266
7336
10267
7342
7344
10273
10279
10312
10314
7347
10341
7354
7363
7364
7367
7368
7370
7548
7552
7582
10411
7377
7388
7378
7389
7392
7379
7395
7396
7381
7382
7402
7399
7426
7429
7416
7430
7412
7413
7417
7440
7460
7443
7444
7447
7448
7484
7471
7472
7486
7493
7473
7494
7504
7675
7507
7692
7516
7517
7520
7521
7523
7526
7533
7534
7538
7537
7541
7543
7542
7551
7554
7556
7557
7560
7561
7563
7564
7567
7568
7570
7573
7592
7772
7593
7773
7775
7584
7574
7585
7588
7576
7577
7575
7579
7602
7583
7599
7600
7616
7617
7629
7633
7634
7642
7639
7650
7651
7662
7678
7668
7670
7682
7890
7680
7683
7687
7693
7918
7919
7690
7921
7696
7697
7700
7701
7703
7704
7708
7710
7711
7714
7715
7707
7725
7728
7729
7731
7744
7736
7737
7740
7741
7747
7748
7757
7752
7755
7759
7762
7763
7796
7892
7893
7905
7925
7928
7911
7912
7915
7916
7945
7949
7951
7952
7956
7958
7963
7966
7967
7968
7970
7974
7989
7992
7980
7993
7979
8007
8013
8110
8116
8119
8120
8123
8124
8137
8144
8145
8148
8150
8153
10917
8155
8159
8160
8164
8166
8171
8181
8191
8182
8185
8186
8188
8195
8198
8201
8202
8208
8213
8216
8211
8228
8238
8239
8241
8245
8251
8252
8256
8259
8262
8264
8267
8270
8272
8275
8277
11066
8285
8279
8282
8284
11100
8288
8289
8292
8294
11129
8299
8301
8345
8312
11163
8323
8324
11166
8303
8316
8319
8305
8308
8309
8313
8326
8333
8342
8331
8332
8334
8348
8351
11188
8369
8372
8375
8358
8359
8376
8363
8383
8386
8389
8403
8406
8409
8410
8417
8415
8416
8420
8421
11248
8428
8429
8432
8435
8438
8440
8487
8443
8446
8448
8550
8451
8466
8468
8470
8494
8495
8497
8509
8512
8515
8518
8521
8524
8527
8588
8602
8605
8606
8615
8618
8619
8635
8637
8649
8651
8660
8661
8661
8662
8664
8685
8688
8689
8690
8693
8692
8696
8719
8721
8705
8720
8723
8726
8727
8737
8738
8746
8748
8749
8750
8753
8752
8758
8759
8761
8764
8767
8769
8771
8770
8773
8776
8777
8787
8792
8795
8799
8800
8801
8803
8804
8805
8808
8807
8809
8819
8818
8821
8824
8834
8835
8836
8844
8848
8847
8851
8855
8859
8860
8863
8864
8867
8868
8872
8874
8878
8972
8904
8906
8908
8916
8919
8928
8929
8932
8937
8943
8946
8953
8954
8957
8963
8973
8975
8974
8986
8992
8994
8997
9001
9005
9003
9006
9007
9008
9019
9031
9032
9042
9046
9052
9060
9063
9067
9068
9070
9087
9100
9112
9210
9121
9122
9126
9133
9134
9137
9170
9171
9173
9179
9181
9183
9188
9190
9193
9194
9196
9201
9202
9206
9211
9212
9218
9221
9230
9222
9227
9228
9232
9234
9269
9272
9274
9276
9279
9280
9282
9318
9322
9325
9327
9329
9333
9335
9374
9379
9380
9382
9369
9395
9399
9402
9403
9478
9406
9411
9410
9414
9418
9417
9428
9429
9436
9440
9433
9456
9458
9460
9463
9464
9466
9452
9453
9580
9497
9499
9501
9504
9508
9510
9511
9514
9516
9601
9517
9521
9527
9528
9549
9551
9553
9557
9546
9547
9556
9559
9564
9569
9581
9586
9597
9602
9614
9618
9620
9623
9624
9644
9646
9648
9651
9653
9641
9642
9654
9689
9693
9696
9698
9700
9704
9706
9711
9712
9718
9715
9716
9728
9732
9733
9743
9744
9747
9748
9844
9847
9758
9759
9765
9850
9852
9768
9769
9771
9773
9775
9778
9779
9782
9784
9858
9785
9788
9789
9800
9803
9804
9807
9808
9816
9818
9820
9822
9825
9826
9835
9839
9841
9847
9848
9852
9853
9858
9859
9862
9879
9880
9889
9897
9903
9904
9906
9908
9910
9911
9914
9916
9917
9956
9962
9964
9966
9973
9999
10002
10005
10008
10025
10028
10031
10032
10035
10040
10042
10045
10034
10036
15299
10047
10048
10058
15306
10072
10081
10091
10092
10084
10083
10090
10096
10118
10127
10222
10223
10225
10134
10137
10149
10139
10136
12905
10150
10151
10172
10196
10195
10198
10318
10325
10330
10202
10201
10205
10215
10207
10231
10212
10232
10237
10238
10241
10242
10374
10380
10243
10246
10247
10250
13030
10251
10254
10256
10257
10281
10282
10285
10286
10296
10297
10300
10301
10478
10303
10327
10315
10320
10321
10332
10336
10350
10347
10365
10370
10371
10381
10382
10553
10412
10417
10420
10427
10422
10424
10429
10445
10447
10462
10464
10465
10469
10470
10474
10487
10473
10475
10522
10536
10524
10550
10551
10556
10557
10568
10590
10732
10592
10594
10601
10598
10599
10604
10609
10620
10621
10626
10636
10648
10644
10650
10642
10661
10663
10672
10690
10695
10699
10701
10703
10722
10721
10743
15371
10767
15378
10778
10785
10816
10817
10818
10820
10828
10831
10833
10834
10836
10840
10895
10908
10921
10924
10925
10930
10933
10934
10937
10956
10958
10948
10951
10952
15314
10961
10964
10990
10991
10994
11004
11007
11011
11014
11015
11017
11019
11021
11023
11033
11036
11039
11041
11037
11043
11076
11077
11088
11090
11102
11104
11107
11109
11111
11122
13550
11124
13591
11165
11169
11168
11172
11173
11174
11177
11179
11180
11190
11196
11194
11195
11210
11223
11211
11213
11215
11217
11218
11224
11227
11235
11240
11245
11252
11249
11253
11250
11256
11254
11258
11260
11271
11272
11275
11284
11287
11290
11292
11319
11295
11298
11300
11304
11303
11306
11309
11324
11327
11315
11357
11360
11362
11362
11365
11368
11371
11373
11373
11392
11415
11433
11421
11420
11423
11428
11427
11434
11440
11438
11442
11452
11453
11461
11462
11463
11466
11465
11467
11476
11478
11563
11486
11487
11493
11495
11498
11509
11512
11515
11516
11526
11527
11535
11537
11538
11542
11541
11564
11567
11568
11569
11592
11593
11594
11595
11597
11598
11601
11602
11612
11613
11617
11620
11621
11623
11626
11627
11630
11633
11637
11657
11661
11661
11675
11673
11678
11702
11691
11692
11696
11698
11721
11725
11733
11734
11736
11743
11752
11756
11876
11791
11792
11794
11796
11799
11800
11802
11804
11806
11805
11811
11807
11809
11842
11858
11867
12019
11869
11877
11878
11888
11889
11925
11935
11934
11938
11939
11954
11952
11953
11963
11968
12020
12021
12031
12034
12053
12054
12094
12116
12265
12118
12120
12122
12128
12131
12201
12202
12205
12206
12209
12219
12220
12224
12279
12286
12288
12294
12295
12297
12302
12303
12314
12352
12353
12363
12373
12374
12382
12383
12385
12389
12390
12391
12393
12398
12402
12440
12441
12454
12447
12457
12470
12477
12526
12527
12535
12543
12556
12558
12560
12564
12565
12567
12577
12619
12621
12625
12628
12630
12636
12632
12677
12679
12681
12684
12696
12709
12711
12699
12739
12740
12751
12753
12756
12762
12767
12776
12777
12781
12797
12809
12810
12828
12830
12832
12834
12835
12839
12842
12847
12848
12850
12883
14397
12873
12876
12874
12872
12879
12881
12885
12880
12888
12890
12892
12898
12897
13004
12900
12902
13020
12911
12915
12916
12920
12923
12927
12928
12949
12947
12950
12953
12955
12954
12961
12973
12962
12965
12967
12969
12964
12972
12989
12993
12994
12995
13005
13010
13033
13035
13037
13039
13040
13043
13049
13060
13066
13068
13071
13074
13077
13081
13087
13089
13093
13097
13103
13117
13123
13124
13129
13134
13135
13144
13159
13169
13171
13178
13180
13182
13184
13185
13188
13190
13191
13193
13202
13203
13318
13239
13230
13233
13240
13247
13280
13281
13297
13307
13320
13322
13323
13329
13345
13347
13346
13355
13357
13387
13389
13406
13409
15335
13426
13427
15342
13430
13431
13461
13463
13486
13487
13489
13491
13504
13515
13515
13519
13522
15321
13523
15349
13527
13530
13530
13538
13543
13548
13549
13552
13554
13557
13615
13560
13564
13565
15353
13567
13571
13572
13623
13573
13624
13576
13577
13581
13582
13584
13585
13630
13631
13589
13590
15360
13593
13595
13598
13603
13605
13607
13609
13611
13612
13617
13621
13652
13660
13664
13666
13670
13686
13694
13700
13711
13699
13707
13716
13722
13732
13745
13747
13753
13756
13758
13760
13767
13770
13772
13784
13785
13787
13797
13798
13807
13809
13810
13810
13811
13814
13816
13819
13821
13824
13827
13830
13832
13833
13835
13838
13841
13844
13847
13850
13853
13859
13862
13865
13868
13872
13871
13875
13878
13881
13886
13885
13888
13891
13892
13896
13895
13898
13944
13907
13910
13913
13916
13919
13922
13925
13927
13930
13933
13936
13940
13953
13963
13980
13983
13986
13990
13993
13995
13998
14000
14003
14005
14006
14018
14042
14043
14046
14047
14050
14051
14054
14055
14072
14073
14075
14076
14079
14080
14083
14084
14100
14103
14106
14107
14110
14112
14113
14136
14138
14141
14142
14146
14150
14151
14155
14158
14162
14166
14167
14175
14176
14194
14197
14199
14202
14208
14219
14231
14234
14233
14237
14238
14243
14246
14247
14250
14251
14255
14258
14259
14262
14263
14266
14267
14290
14292
14293
14296
14395
14297
14427
14312
14314
14316
14317
14319
14318
14321
14322
14325
14326
14330
14332
14348
14336
14338
14349
14354
14355
14368
14366
14386
14389
14390
14391
14560
14580
14404
14399
14400
14409
14438
14439
14453
14459
14457
14461
14542
14544
14546
14555
14561
14562
14581
14583
14587
14592
14593
14596
14606
14616
14736
14618
14630
14621
14628
14631
14632
14636
14639
14718
14728
14729
14843
14740
14744
14746
14742
14748
14759
14864
14866
14870
14871
14875
14876
14878
14897
14906
14907
14910
14911
14930
14933
14934
14937
14939
14956
14957
14962
14985
14964
14967
14993
14996
15000
14999
15021
15024
15028
15029
15032
15035
15045
15048
15058
15061
15071
15070
15095
15097
15075
15077
15084
15091
15112
15104
15105
15109
15110
15111
15113
15113
15115
15121
15122
15123
15127
15128
15129
15133
15134
15135
15139
15147
15147
15151
15152
15157
15162
15164
15167
15169
15168
15176
15178
15184
15183
15208
15214
15215
15227
15229
15232
15233
15235
15237
15242
15259
15258
15261
15264
15267
15270
15273
15275
15276
15278
15280
15279
15281
15282
1281
3607
3608
3789
4219
4220
2366
2377
1791
4586
2824
557
566
5462
5512
1251
8870
8935
9844
9845
10367
10368
13001
13002
13566
13583
13759
13762
13764
13771
13773
13784
13789
13794
13800
13802
14253
2682
2714
15076
6057
3018
6142
7419
7622
4070
12825
10675
10676
10707
4305
4332
4337
4366
14565
4525
14597
6523
6583
4883
4910
5331
5459
5476
5507
5645
5649
5730
5734
6063
6066
6083
6091
6094
6174
6186
7236
7250
7251
7457
7645
7751
7758
7955
8633
9565
9503
9996
10240
10299
10426
10430
10533
11173
11173
11195
11353
11410
12042
12190
12348
13127
13148
13494
13535
13538
13541
13546
13548
13567
13577
13584
13760
13772
13774
13792
13801
13803
14172
14254
14401
14598
14396
14402
14411
14420
15069
15072
15072
15074
15081
15086
15086
15117
15118
15167
15123
15168
15144
15145
15207
15208
15240
15243
15245
15249
15238
15240
)


// ************************************************************************* //
