/*--------------------------------*- C++ -*----------------------------------*\
  =========                 |
  \\      /  F ield         | OpenFOAM: The Open Source CFD Toolbox
   \\    /   O peration     | Website:  https://openfoam.org
    \\  /    A nd           | Version:  13
     \\/     M anipulation  |
\*---------------------------------------------------------------------------*/
FoamFile
{
    format      ascii;
    class       vectorField;
    location    "constant/polyMesh";
    object      points;
}
// * * * * * * * * * * * * * * * * * * * * * * * * * * * * * * * * * * * * * //


24040
(
(-0.512329 0.499103 -0.981407)
(0.512329 0.499103 -0.981407)
(-1.99957 -5.98208 -0.48836)
(2.00354 -5.98506 -0.484729)
(-2.03857 -5.53234 -0.5566)
(2.03857 -5.53234 -0.5566)
(-2.01089 -4.99754 -0.532033)
(-1.4777 -5.00095 -0.495084)
(1.4777 -5.00095 -0.495084)
(2.01089 -4.99754 -0.532039)
(-1.99131 -4.50269 -0.516843)
(-1.50976 -4.49769 -0.510842)
(1.50976 -4.49769 -0.510842)
(1.99131 -4.50269 -0.516843)
(-1.49286 -1.49892 -0.464291)
(-1.01437 -1.49585 -0.487483)
(1.01437 -1.49585 -0.487483)
(1.49286 -1.49892 -0.464291)
(-1.48833 -1.00046 -0.486349)
(-0.958666 -1.00426 -0.544727)
(0.958666 -1.00426 -0.544727)
(1.48833 -1.00046 -0.486349)
(-1.00098 -0.505553 -0.528465)
(-0.498538 -0.524327 -0.520875)
(0.498538 -0.524327 -0.520875)
(1.00098 -0.505553 -0.528465)
(-1.01271 -0.00690652 -0.527582)
(-0.490431 -0.0129259 -0.522364)
(0.00244911 -0.0454334 -0.534137)
(0.490464 -0.0129258 -0.522361)
(1.01272 -0.00689751 -0.527577)
(-1.01706 0.500848 -0.520247)
(-0.496394 0.500022 -0.515476)
(3.36682e-05 0.499595 -0.507163)
(0.496441 0.500021 -0.515417)
(1.01709 0.500882 -0.520285)
(-1.01539 1.01056 -0.521261)
(-0.49896 1.00911 -0.516264)
(6.23868e-05 1.0042 -0.505704)
(0.499187 1.00901 -0.515883)
(1.01605 1.0114 -0.52212)
(-1.00392 1.50367 -0.501046)
(-0.500172 1.53799 -0.544609)
(4.68079e-19 1.52577 -0.523245)
(0.500172 1.53799 -0.544609)
(1.00392 1.50367 -0.501046)
(-0.997475 4.50381 -0.523958)
(-0.499673 4.50131 -0.480342)
(-3.44499e-18 4.50448 -0.446821)
(0.499673 4.50131 -0.480342)
(0.997475 4.50381 -0.523958)
(-1.48636 5.00951 -0.452299)
(-1.03325 5.00507 -0.568616)
(-0.499438 5.00007 -0.497669)
(9.12566e-18 5 -0.500314)
(0.499438 5.00007 -0.497669)
(1.03325 5.00507 -0.568616)
(1.48636 5.00951 -0.452299)
(-0.500037 5.4871 -0.488585)
(0.500037 5.4871 -0.488585)
(-2.56797 -8.04349 -0.0027919)
(-1.96264 -8.03663 -0.000514425)
(1.96264 -8.03663 -0.000514425)
(2.56797 -8.04349 -0.0027919)
(-2.59179 -7.51701 0.00340707)
(-1.9473 -7.49218 -0.0357745)
(1.9473 -7.49218 -0.0357745)
(2.59179 -7.51701 0.00340707)
(-2.48033 -7.00267 7.03578e-05)
(-1.9762 -7.00127 -0.00322055)
(1.9762 -7.00127 -0.00322051)
(2.48033 -7.00267 7.03578e-05)
(-1.95509 -6.50403 -6.25585e-05)
(1.95516 -6.50402 2.49962e-05)
(-1.99266 -6.00523 0.00532555)
(1.99343 -6.00497 0.00611017)
(-2.01135 -5.50385 0.0110123)
(2.01137 -5.50384 0.0110597)
(-2.01994 -5.0004 0.00399107)
(-1.46679 -5.00519 0.00677397)
(1.46681 -5.00533 0.00676789)
(2.01995 -5.00041 0.00399533)
(-2.01974 -4.49228 -0.00161499)
(-1.47368 -4.50484 0.00297905)
(1.4738 -4.5053 0.00281888)
(2.01974 -4.49231 -0.00161369)
(-2.03123 -3.98966 -0.00979057)
(-1.48467 -4.00241 -0.0111417)
(1.48465 -4.00241 -0.0111819)
(2.03123 -3.98966 -0.00979082)
(-1.97828 -3.49618 0.00237206)
(-1.49802 -3.49878 -0.0249267)
(1.49801 -3.49879 -0.0249388)
(1.97828 -3.49618 0.00237206)
(-1.50628 -3.00127 -0.0350647)
(-0.947316 -3.01677 -0.00951553)
(0.947316 -3.01677 -0.00951553)
(1.50628 -3.00127 -0.0350631)
(-1.51011 -2.50114 -0.0135438)
(-0.979205 -2.50513 -0.00984631)
(0.979205 -2.50513 -0.00984399)
(1.51011 -2.50114 -0.0135441)
(-1.51682 -2.00167 -0.0191707)
(-0.974643 -2.00605 -0.0148298)
(0.974642 -2.00605 -0.0148293)
(1.51681 -2.00167 -0.0191553)
(-1.51832 -1.50006 -0.00934417)
(-0.988597 -1.50322 -0.0106964)
(0.988598 -1.50322 -0.0106974)
(1.51832 -1.50006 -0.00934845)
(-1.5138 -0.999218 -0.00751959)
(-0.993373 -1.00268 -0.00973877)
(-0.458882 -1.03347 -0.0343636)
(0.458882 -1.03347 -0.0343636)
(0.993372 -1.00268 -0.00974538)
(1.51375 -0.999201 -0.0076149)
(-1.52258 -0.497189 -0.0100296)
(-1.00032 -0.503086 -0.00926947)
(-0.482144 -0.512478 -0.00414914)
(0.482145 -0.512478 -0.00414912)
(1.00032 -0.503085 -0.00926981)
(1.52255 -0.497199 -0.0099757)
(-1.51882 0.00134421 -0.00814084)
(-1.00622 -0.00149958 -0.00640246)
(-0.496064 -0.00654654 -0.00367445)
(3.26332e-05 -0.0109571 -0.00266133)
(0.496081 -0.00654689 -0.00367069)
(1.00622 -0.00149903 -0.00640231)
(1.51882 0.00134414 -0.00814061)
(-1.52227 0.503701 -0.00761473)
(-1.00582 0.500479 -0.00398661)
(-0.499977 0.499262 -0.00313569)
(2.46715e-05 0.498501 -0.0021614)
(0.500003 0.499259 -0.00310783)
(1.00584 0.500487 -0.00400034)
(1.52227 0.5037 -0.00761543)
(-1.57129 1.03925 -0.0497056)
(-1.01159 1.00351 -0.00733214)
(-0.501513 1.00276 -0.00491987)
(1.28525e-05 1.00163 -0.00299265)
(0.501548 1.00274 -0.00483754)
(1.01169 1.00355 -0.00742716)
(1.57131 1.03922 -0.0495451)
(-1.50198 1.49697 0.00844713)
(-1.01325 1.51059 -0.0148303)
(-0.502426 1.50558 -0.00959753)
(-7.74291e-06 1.50427 -0.00760262)
(0.502385 1.50544 -0.00938346)
(1.01374 1.51043 -0.0151884)
(1.50198 1.49697 0.00844713)
(-1.0532 2.06068 -0.0579442)
(-0.507236 2.00862 -0.0193792)
(-1.89882e-05 2.00592 -0.0184158)
(0.507216 2.00858 -0.0193284)
(1.0532 2.06068 -0.0579442)
(-0.513868 2.50389 -0.0276622)
(-0.000334383 2.50083 -0.0135756)
(0.513864 2.50389 -0.0276606)
(-0.508738 2.99577 -0.0325113)
(-8.35641e-07 2.99802 -0.018458)
(0.508737 2.99577 -0.032511)
(-3.00233 3.48829 -0.0423499)
(-1.03897 3.46331 -0.0428143)
(-0.504833 3.49369 -0.0279982)
(2.18317e-07 3.49808 -0.0173908)
(0.504833 3.49369 -0.0279985)
(1.03897 3.46331 -0.0428143)
(3.00233 3.48829 -0.0423499)
(-3.01352 4.00294 -0.00714071)
(-2.4822 3.98129 -0.0186329)
(-1.01669 3.98782 -0.0242415)
(-0.502397 3.99602 -0.0205409)
(2.42237e-07 3.99837 -0.0133418)
(0.502398 3.99602 -0.0205438)
(1.01669 3.98782 -0.0242518)
(2.4822 3.9813 -0.0186335)
(3.01352 4.00294 -0.00714071)
(-2.52044 4.51156 -0.0117183)
(-1.986 4.48548 -0.0118639)
(-1.5438 4.45517 0.000526521)
(-1.00862 4.49341 -0.0141512)
(-0.500796 4.49894 -0.0092604)
(4.08311e-09 4.49937 -0.00754191)
(0.500795 4.49894 -0.00926118)
(1.00863 4.4934 -0.0141616)
(1.5438 4.45517 0.000526521)
(1.986 4.48548 -0.0118628)
(2.52045 4.51157 -0.0117165)
(-2.01736 5.00798 -0.0198693)
(-1.50413 4.9999 -0.00873688)
(-1.00245 5.00238 -0.0112897)
(-0.500293 5.00254 -0.00928557)
(-7.17338e-09 5.00211 -0.00895202)
(0.500293 5.00254 -0.00928577)
(1.00245 5.00238 -0.0112922)
(1.50413 4.9999 -0.00873585)
(2.01736 5.00798 -0.0198657)
(-2.00286 5.50187 -0.00540625)
(-1.50558 5.52095 -0.00911221)
(-1.0019 5.51375 0.00125488)
(-0.507152 5.51576 -0.00140635)
(-2.61866e-07 5.50801 -0.0110704)
(0.507152 5.51576 -0.00140633)
(1.0019 5.51375 0.00125493)
(1.50558 5.52095 -0.00911204)
(2.00286 5.50187 -0.00540625)
(-0.519593 6.00131 0.00651683)
(-6.67744e-06 6.01216 -0.0267665)
(0.519593 6.00131 0.00651683)
(0.000835895 6.50096 0.00254988)
(-0.495389 6.99892 0.00347881)
(0.000120969 6.98965 -0.0245913)
(0.495389 6.99892 0.00347881)
(-0.521928 7.49687 -0.0129765)
(0.000152225 7.49882 -0.01711)
(0.52193 7.49687 -0.0129765)
(-0.539152 8.00503 -0.030631)
(0.000462891 8.02248 -0.0249471)
(0.539152 8.00503 -0.030631)
(-2.51714 -8.00567 0.499874)
(-2.00411 -7.99773 0.500003)
(2.00411 -7.99773 0.500003)
(2.51714 -8.00567 0.499874)
(-1.95755 -7.45364 0.534985)
(1.95755 -7.45364 0.534985)
(-1.98851 -4.9993 0.495088)
(1.98851 -4.9993 0.495088)
(-1.98903 -4.50075 0.509491)
(-1.50804 -4.49818 0.478208)
(1.50804 -4.49818 0.478208)
(1.98903 -4.50075 0.509491)
(-2.00118 -4.00325 0.49118)
(-1.48185 -4.01617 0.527574)
(1.48185 -4.01616 0.527578)
(2.00118 -4.00325 0.49118)
(-1.4934 -3.50374 0.515086)
(1.4934 -3.50374 0.515088)
(-1.50453 -3.0026 0.511211)
(-0.945641 -3.03209 0.502954)
(0.945641 -3.03209 0.502954)
(1.50455 -3.00251 0.511306)
(-1.95757 -2.49983 0.490134)
(-1.50595 -2.50215 0.510577)
(-0.972643 -2.50477 0.507645)
(0.972654 -2.50476 0.507685)
(1.50596 -2.50214 0.510604)
(1.95757 -2.49983 0.490134)
(-1.96673 -1.99984 0.498438)
(-1.50328 -2.00167 0.507054)
(-0.979473 -2.00409 0.507868)
(0.979473 -2.00409 0.507869)
(1.50328 -2.00167 0.507057)
(1.96673 -1.99984 0.498438)
(-1.97639 -1.50006 0.49991)
(-1.50735 -1.50039 0.503739)
(-0.98477 -1.5044 0.508794)
(0.984774 -1.5044 0.508794)
(1.50736 -1.50039 0.503729)
(1.97639 -1.50006 0.49991)
(-1.96184 -1.01338 0.507967)
(-1.51517 -0.99896 0.50134)
(-0.990496 -1.00353 0.507735)
(-0.441362 -1.0387 0.533179)
(0.441362 -1.0387 0.533179)
(0.990499 -1.00353 0.507732)
(1.51519 -0.998963 0.501307)
(1.96184 -1.01338 0.507967)
(-1.52127 -0.496298 0.502725)
(-0.998032 -0.501767 0.506712)
(-0.481634 -0.508665 0.507891)
(0.481641 -0.508661 0.507883)
(0.998035 -0.501765 0.50671)
(1.52127 -0.496298 0.502724)
(-1.52343 0.004382 0.50471)
(-1.0035 -0.000171898 0.508195)
(-0.496879 -0.00529565 0.505609)
(-0.000248291 -0.0119873 0.503522)
(0.496812 -0.00529967 0.505619)
(1.00349 -0.00017607 0.508181)
(1.52343 0.00438132 0.504707)
(-1.51854 0.502138 0.504264)
(-1.0049 0.500196 0.507495)
(-0.501383 0.498211 0.506675)
(-4.37599e-05 0.49689 0.505655)
(0.50136 0.498193 0.5068)
(1.00483 0.500134 0.507295)
(1.51851 0.502115 0.504192)
(-1.54716 1.00302 0.5071)
(-1.01052 1.00117 0.505787)
(-0.502464 1.00004 0.504635)
(-3.92782e-05 0.999689 0.504751)
(0.502416 1.00003 0.504907)
(1.01043 1.00107 0.50558)
(1.54741 1.00303 0.507293)
(-1.52425 1.50876 0.502303)
(-1.01341 1.50481 0.50236)
(-0.503525 1.50159 0.502785)
(1.87542e-05 1.50097 0.502807)
(0.503427 1.50154 0.503143)
(1.01286 1.50453 0.502089)
(1.5238 1.50855 0.502117)
(-1.02165 2.00929 0.498988)
(-0.505695 2.00307 0.498263)
(1.19788e-05 2.00152 0.498915)
(0.505669 2.00305 0.498355)
(1.02153 2.00927 0.498939)
(-1.01584 2.5035 0.493272)
(-0.506379 2.50145 0.4951)
(-1.47598e-05 2.50044 0.496173)
(0.506349 2.50144 0.4951)
(1.01585 2.5035 0.493269)
(-3.50919 2.94432 0.447943)
(-1.02727 2.99817 0.496231)
(-0.507194 2.99867 0.494871)
(5.18283e-07 2.99941 0.495446)
(0.507193 2.99867 0.494872)
(1.02728 2.99817 0.49623)
(3.50919 2.94432 0.447943)
(-3.56963 3.55622 0.482474)
(-2.96902 3.49804 0.533765)
(-1.02785 3.49727 0.499075)
(-0.507122 3.49828 0.496286)
(1.01494e-05 3.49936 0.49657)
(0.507125 3.49828 0.496286)
(1.02785 3.49727 0.499075)
(2.96902 3.49804 0.533765)
(3.56963 3.55622 0.482474)
(-3.00955 4.00633 0.487237)
(-2.47932 3.98688 0.498646)
(-1.01942 3.99802 0.502137)
(-0.504911 3.99942 0.498969)
(4.35141e-06 4.00026 0.498911)
(0.504912 3.99942 0.498968)
(1.01941 3.99802 0.502136)
(2.47932 3.98688 0.498646)
(3.00955 4.00633 0.487237)
(-2.48755 4.49445 0.536956)
(-1.01543 4.49707 0.506128)
(-0.502534 4.50257 0.504982)
(3.98595e-07 4.50307 0.504305)
(0.502531 4.50257 0.504981)
(1.01541 4.49707 0.506113)
(2.48755 4.49445 0.536956)
(-2.0073 4.9982 0.519221)
(-1.51332 4.9872 0.524408)
(-1.00495 5.00689 0.51443)
(-0.501111 5.00888 0.512582)
(-8.94657e-08 5.00753 0.510816)
(0.501109 5.00888 0.512581)
(1.00493 5.00689 0.514412)
(1.51332 4.9872 0.524408)
(2.0073 4.9982 0.519221)
(-1.50728 5.54145 0.523373)
(-0.962505 5.55749 0.540304)
(-0.541893 5.56024 0.546165)
(-3.62294e-07 5.5066 0.503735)
(0.541893 5.56024 0.546165)
(0.962505 5.55749 0.540304)
(1.50728 5.54145 0.523373)
(-5.92962e-05 5.99831 0.512919)
(-0.46345 6.50854 0.487996)
(-5.55377e-05 6.50002 0.485465)
(0.46345 6.50854 0.487996)
(-0.535891 6.97805 0.482553)
(0.00200632 6.99775 0.494859)
(0.535917 6.97805 0.482553)
(-0.512214 7.49887 0.499013)
(0.00033752 7.49894 0.497954)
(0.512249 7.49887 0.499013)
(-0.522448 8.0144 0.499505)
(-7.29266e-06 8.01585 0.498313)
(0.522448 8.0144 0.499505)
(-0.000429364 8.48427 0.500945)
(-2.52853 -7.99054 1.00463)
(-1.97671 -8.03435 0.988309)
(1.97671 -8.03435 0.988309)
(2.52853 -7.99054 1.00463)
(-1.49857 -2.49942 1.01797)
(1.49857 -2.49942 1.01797)
(-1.50017 -2.0037 1.02604)
(1.50017 -2.0037 1.02604)
(-1.50187 -1.50019 1.0132)
(-0.991216 -1.5036 1.0092)
(0.991216 -1.5036 1.0092)
(1.50192 -1.50019 1.01321)
(-1.50348 -0.999865 1.01411)
(-0.95649 -1.03597 1.05796)
(0.95649 -1.03597 1.05796)
(1.50349 -0.999871 1.01408)
(-1.51023 -0.496769 1.02363)
(-0.998467 -0.500674 1.01739)
(0.998467 -0.500674 1.01739)
(1.51023 -0.496769 1.02363)
(-1.50273 0.000419919 1.02908)
(-1.00151 0.000259039 1.03552)
(-0.498507 -0.00334624 1.00326)
(-0.000317433 -0.0178648 1.01767)
(0.498499 -0.00334687 1.00326)
(1.00151 0.000258456 1.03552)
(1.50273 0.000419919 1.02908)
(-1.00158 0.499511 1.03354)
(-0.50798 0.493086 1.02749)
(1.05482e-05 0.492043 1.01972)
(0.50797 0.492971 1.02816)
(1.00149 0.499431 1.03335)
(-1.00447 0.999865 1.02409)
(-0.505785 0.998792 1.01678)
(-0.000178075 0.998467 1.02307)
(0.505679 0.998861 1.01767)
(1.00449 0.999912 1.0241)
(-1.00832 1.5001 1.01104)
(-0.506148 1.4999 1.02062)
(0.000406774 1.50068 1.02181)
(0.505795 1.49987 1.02253)
(1.00813 1.50002 1.01087)
(-1.01915 2.00157 1.02276)
(-0.505002 1.99931 1.01755)
(8.26156e-05 1.9992 1.01843)
(0.505026 1.9993 1.01782)
(1.01911 2.00157 1.02276)
(-1.02633 2.49951 1.02826)
(-0.506144 2.49828 1.01385)
(2.43701e-05 2.49801 1.01228)
(0.506142 2.49828 1.01385)
(1.02633 2.49951 1.02826)
(-4.03536 2.99318 0.998164)
(-3.48475 3.00265 1.02342)
(-1.0334 2.99968 1.01996)
(-0.509723 2.99856 1.01412)
(1.40553e-05 2.99849 1.01201)
(0.509726 2.99857 1.01412)
(1.0334 2.99968 1.01996)
(3.48475 3.00265 1.02342)
(4.03536 2.99318 0.998164)
(-1.03346 3.49891 1.0176)
(-0.507645 3.50048 1.01313)
(0.000110465 3.50282 1.01353)
(0.50766 3.50048 1.01313)
(1.03346 3.49891 1.0176)
(-1.02005 3.99771 1.00809)
(-0.502325 4.00342 1.01202)
(2.19119e-05 4.00317 1.00938)
(0.50233 4.00342 1.01202)
(1.02005 3.99771 1.00809)
(-1.01871 4.50522 1.02195)
(-0.500007 4.50961 1.0175)
(9.69835e-07 4.50922 1.01438)
(0.500007 4.50961 1.0175)
(1.01871 4.50523 1.02195)
(-1.00387 5.00579 1.0359)
(-0.494938 5.03898 1.05681)
(1.72316e-17 5.00996 1.02877)
(0.494938 5.03898 1.05681)
(1.00387 5.00579 1.0359)
(-0.530058 6.99191 1.00965)
(0.0155386 6.96649 1.00621)
(0.530061 6.99191 1.00965)
(-0.52002 7.49782 1.00977)
(0.000116131 7.49889 1.00077)
(0.520024 7.49782 1.00977)
(-0.547877 8.04359 1.04371)
(-0.000377457 8.01844 1.01823)
(0.547877 8.04359 1.04371)
(-3.94299 2.44761 1.51638)
(-0.48981 2.51034 1.45505)
(0 2.49879 1.4876)
(0.48981 2.51034 1.45505)
(3.94299 2.44761 1.51638)
(-0.508487 2.9931 1.54313)
(3.94715e-06 2.99712 1.50962)
(0.508487 2.9931 1.54313)
(-0.497681 3.49451 1.53414)
(0.00171313 3.53816 1.57065)
(0.497681 3.49451 1.53414)
(-0.496147 4.01035 1.51478)
(0.496147 4.01035 1.51478)
(0.0802572 7.06586 1.55295)
(0.00574 7.49585 1.52656)
(-0.748901 -0.269844 -0.784977)
(0.748901 -0.269844 -0.784977)
(-1.25685 0.252474 -0.748544)
(-0.754558 0.244358 -0.776606)
(-0.230306 0.240674 -0.781875)
(0.230311 0.240674 -0.781874)
(0.754557 0.244357 -0.776604)
(1.25685 0.252474 -0.748544)
(-0.752925 0.757476 -0.77178)
(-0.243387 0.752446 -0.770314)
(0.243696 0.75256 -0.769611)
(0.752957 0.757461 -0.771717)
(-0.745909 1.24338 -0.75259)
(0.745909 1.24338 -0.75259)
(-2.25233 -7.74848 -0.270207)
(2.25233 -7.74848 -0.270207)
(-2.24929 -7.24968 -0.273999)
(2.24929 -7.24968 -0.273999)
(-2.25503 -6.75041 -0.268465)
(2.25503 -6.75041 -0.268462)
(-2.27159 -6.25112 -0.27313)
(1.79352 -6.23887 -0.236748)
(2.27194 -6.25171 -0.272279)
(-2.27958 -5.75065 -0.255772)
(-1.7321 -5.75784 -0.257127)
(1.73223 -5.75771 -0.256987)
(2.27938 -5.75049 -0.255281)
(-2.30056 -5.2498 -0.275628)
(-1.73069 -5.25607 -0.25867)
(1.73075 -5.25609 -0.25873)
(2.30065 -5.2498 -0.275554)
(-2.28087 -4.74564 -0.259927)
(-1.74197 -4.74872 -0.266009)
(1.74207 -4.74933 -0.266036)
(2.28088 -4.74565 -0.259926)
(-1.75742 -4.24085 -0.280787)
(1.75747 -4.24085 -0.280798)
(-1.79033 -3.71107 -0.301377)
(1.79033 -3.71107 -0.301377)
(-1.26619 -3.24582 -0.273171)
(1.26619 -3.24582 -0.273171)
(-1.23901 -2.75927 -0.298486)
(1.23901 -2.75927 -0.298486)
(-1.2478 -2.2518 -0.278717)
(1.24779 -2.2518 -0.278715)
(-1.75497 -1.74654 -0.25337)
(-1.2491 -1.75234 -0.26832)
(-0.767861 -1.75353 -0.248972)
(0.767861 -1.75353 -0.248972)
(1.2491 -1.75234 -0.268321)
(1.75497 -1.74654 -0.25337)
(-1.76884 -1.25014 -0.246554)
(-1.25068 -1.25122 -0.28139)
(-0.732527 -1.25423 -0.261115)
(0.732527 -1.25423 -0.261116)
(1.25067 -1.25122 -0.281399)
(1.76884 -1.25014 -0.246554)
(-1.732 -0.752793 -0.250843)
(-1.25877 -0.749981 -0.276211)
(-0.736116 -0.758452 -0.268598)
(0.736116 -0.758452 -0.268599)
(1.25882 -0.749963 -0.276233)
(1.732 -0.752793 -0.250843)
(-1.26645 -0.252251 -0.269242)
(-0.232688 -0.264578 -0.259024)
(0.232703 -0.264578 -0.259024)
(1.26646 -0.252252 -0.269248)
(-1.27268 0.250848 -0.263551)
(1.27268 0.250849 -0.263554)
(-1.26746 0.75309 -0.260112)
(1.26755 0.753153 -0.260228)
(-1.27159 1.25527 -0.265414)
(-0.755169 1.25938 -0.265006)
(-0.249694 1.25549 -0.258563)
(0.249701 1.25546 -0.258455)
(0.755192 1.25932 -0.264917)
(1.27164 1.25528 -0.265454)
(-0.755753 1.76096 -0.265511)
(-0.249583 1.75925 -0.272197)
(0.249667 1.75922 -0.272183)
(0.755334 1.75933 -0.263652)
(-0.253274 2.26304 -0.274836)
(0.253274 2.26304 -0.274836)
(-0.249916 3.25018 -0.2413)
(0.249916 3.25018 -0.2413)
(-2.74032 3.76543 -0.225147)
(-0.753896 3.74431 -0.273064)
(-0.247512 3.74455 -0.271692)
(0.247512 3.74455 -0.271692)
(0.753896 3.74431 -0.273064)
(2.74032 3.76543 -0.225147)
(-2.25379 4.25236 -0.281446)
(-1.25298 4.24243 -0.288011)
(-0.75169 4.24442 -0.274317)
(-0.249112 4.2469 -0.283742)
(0.249112 4.2469 -0.283742)
(0.751684 4.24442 -0.274317)
(1.25298 4.24243 -0.288011)
(2.25379 4.25236 -0.281446)
(-2.23852 4.74381 -0.261252)
(-1.75102 4.74537 -0.26195)
(-1.25757 4.74655 -0.269089)
(-0.747978 4.74613 -0.272338)
(-0.249861 4.74989 -0.265266)
(0.249861 4.74989 -0.265265)
(0.747978 4.74613 -0.272339)
(1.25757 4.74655 -0.26909)
(1.75102 4.74537 -0.261949)
(2.23852 4.74381 -0.261252)
(-1.76263 5.25961 -0.291508)
(-1.25235 5.26049 -0.271847)
(-0.750223 5.2546 -0.270006)
(-0.249648 5.2532 -0.270285)
(0.249648 5.2532 -0.270284)
(0.750223 5.2546 -0.270006)
(1.25235 5.26049 -0.271847)
(1.76263 5.25961 -0.291508)
(-0.750814 5.77831 -0.240916)
(-0.248625 5.75882 -0.272185)
(0.248625 5.75882 -0.272185)
(0.750814 5.77831 -0.240916)
(-0.290451 7.21164 -0.300919)
(0.290451 7.21164 -0.300919)
(-0.256973 7.75453 -0.271004)
(0.257014 7.75453 -0.271004)
(-2.26458 -7.74883 0.252037)
(2.26458 -7.74883 0.252037)
(-2.25856 -7.23852 0.278)
(2.25856 -7.23852 0.278)
(-2.29122 -6.71682 0.307104)
(2.29122 -6.71682 0.307104)
(-2.29126 -6.25066 0.298541)
(2.28954 -6.24962 0.296348)
(-2.29653 -5.75161 0.29159)
(-1.76403 -5.75504 0.251674)
(1.76403 -5.75504 0.251674)
(2.29653 -5.75161 0.29159)
(-2.3018 -5.24678 0.298066)
(-1.73896 -5.25429 0.270264)
(1.73896 -5.25429 0.270264)
(2.3018 -5.24678 0.298066)
(-2.27641 -4.75285 0.27344)
(-1.73774 -4.75503 0.275953)
(1.73776 -4.75509 0.27595)
(2.27641 -4.75285 0.27344)
(-1.75751 -4.25187 0.268058)
(-1.25288 -4.2497 0.244637)
(1.25288 -4.2497 0.244637)
(1.75751 -4.25187 0.268042)
(-1.77281 -3.74748 0.252433)
(-1.21679 -3.75932 0.250061)
(1.21679 -3.75932 0.250066)
(1.7728 -3.74748 0.252435)
(-1.76614 -3.24871 0.247573)
(-1.22759 -3.25368 0.246325)
(1.22759 -3.25367 0.24634)
(1.76614 -3.24871 0.247573)
(-1.78045 -2.74998 0.244982)
(-1.23683 -2.75356 0.246373)
(1.23687 -2.75351 0.246508)
(1.78045 -2.74998 0.244983)
(-1.76062 -2.25034 0.238497)
(-0.728512 -2.25109 0.249932)
(0.728512 -2.25109 0.249932)
(1.76062 -2.25034 0.238486)
(-1.7748 -1.74859 0.243412)
(-0.728573 -1.75339 0.250103)
(0.728573 -1.75339 0.250103)
(1.7748 -1.74859 0.243412)
(-1.77496 -1.24919 0.245495)
(-0.731567 -1.25404 0.250404)
(0.731567 -1.25404 0.250404)
(1.77496 -1.24919 0.245491)
(-1.78515 -0.747021 0.241626)
(-0.734612 -0.755097 0.24955)
(0.734613 -0.755097 0.249549)
(1.78515 -0.747021 0.241626)
(-1.80972 -0.215785 0.213686)
(-0.244905 -0.266582 0.251348)
(0.244888 -0.266582 0.251349)
(1.80972 -0.215785 0.213686)
(-1.7417 0.249758 0.250824)
(-1.25919 0.250837 0.249868)
(1.25918 0.250833 0.24985)
(1.7417 0.249758 0.250824)
(-1.70102 0.737705 0.260304)
(-1.26434 0.751559 0.247615)
(1.26438 0.751502 0.247549)
(1.70102 0.737705 0.260304)
(-1.27294 1.25377 0.246136)
(1.27282 1.25372 0.24603)
(-1.27504 1.76295 0.241006)
(1.27449 1.76279 0.240683)
(-1.20934 2.24232 0.258534)
(-0.763145 2.25857 0.233199)
(0.763144 2.25857 0.2332)
(1.20934 2.24232 0.258534)
(-0.75679 2.74961 0.242856)
(-0.252264 2.75 0.235383)
(0.252251 2.75 0.235386)
(0.75678 2.74967 0.242857)
(-3.25065 3.22976 0.23137)
(-0.76411 3.24454 0.234858)
(-0.252194 3.24833 0.239354)
(0.252195 3.24833 0.239354)
(0.76411 3.24454 0.234858)
(3.25043 3.2296 0.231407)
(-3.29928 3.79358 0.243608)
(-2.73598 3.73642 0.270265)
(-1.30823 3.71733 0.247547)
(1.30823 3.71733 0.247547)
(2.73598 3.73642 0.270266)
(3.29928 3.79358 0.243608)
(-2.7797 4.27373 0.255738)
(-2.23346 4.23585 0.264302)
(-1.27797 4.24502 0.253769)
(1.27797 4.24502 0.253768)
(2.23346 4.23585 0.264304)
(2.7797 4.27373 0.255759)
(-2.26539 4.75963 0.274506)
(-1.74719 4.7442 0.255067)
(1.74719 4.7442 0.255066)
(2.2654 4.75964 0.274505)
(-2.25923 5.24149 0.246208)
(-1.76423 5.26419 0.25774)
(-1.25147 5.26251 0.254873)
(-0.751786 5.25944 0.254818)
(0.751786 5.25944 0.254817)
(1.25147 5.26251 0.254872)
(1.76422 5.26418 0.257726)
(2.25923 5.24149 0.246208)
(-0.259262 5.75727 0.254179)
(0.25926 5.75727 0.254179)
(-0.258538 6.25059 0.24914)
(0.258518 6.2506 0.24911)
(-0.261127 6.74596 0.241728)
(0.261116 6.74596 0.24173)
(-0.265197 7.24392 0.24067)
(0.265361 7.24392 0.24067)
(-0.716892 7.7469 0.256425)
(-0.263162 7.75622 0.241932)
(0.263218 7.75622 0.241932)
(0.716892 7.7469 0.256425)
(-0.262158 8.28654 0.234522)
(0.2622 8.28654 0.234522)
(-2.26126 -7.72093 0.768557)
(2.26126 -7.72093 0.768557)
(-1.77905 -3.74808 0.784734)
(1.77905 -3.74808 0.784734)
(-1.76304 -3.25 0.763011)
(-1.21448 -3.25454 0.783447)
(1.21448 -3.25454 0.783447)
(1.76304 -3.25 0.763011)
(-1.80792 -2.78899 0.807283)
(-1.23885 -2.75734 0.777241)
(1.23904 -2.75722 0.77736)
(1.80792 -2.78899 0.807283)
(-1.78221 -2.25397 0.77105)
(-1.23898 -2.25428 0.776997)
(1.23898 -2.25428 0.777001)
(1.78221 -2.25397 0.77105)
(-1.78048 -1.75104 0.765254)
(-1.24205 -1.75228 0.764122)
(-0.769986 -1.75247 0.759374)
(0.769986 -1.75247 0.759374)
(1.24207 -1.75228 0.764125)
(1.78049 -1.75104 0.765253)
(-1.77991 -1.24849 0.767508)
(-1.24538 -1.25199 0.763525)
(-0.732109 -1.25586 0.765753)
(0.732109 -1.25586 0.765754)
(1.24544 -1.25199 0.763508)
(1.78009 -1.24852 0.767186)
(-1.79041 -0.745034 0.760046)
(-1.25225 -0.750122 0.760961)
(-0.733842 -0.756425 0.768608)
(0.733846 -0.756423 0.76861)
(1.25225 -0.750122 0.760955)
(1.79042 -0.745035 0.760029)
(-1.8049 -0.241256 0.755113)
(-1.25817 -0.248066 0.765442)
(-0.743487 -0.253252 0.766328)
(-0.249264 -0.253572 0.752599)
(0.249005 -0.253572 0.752599)
(0.74349 -0.253249 0.766335)
(1.25817 -0.248067 0.765441)
(1.8049 -0.241256 0.755113)
(-1.26102 0.252155 0.767171)
(-0.751163 0.248756 0.768313)
(0.751138 0.248739 0.76834)
(1.26097 0.25213 0.766977)
(-1.26197 0.751557 0.766174)
(-0.753305 0.749057 0.762495)
(0.753283 0.748906 0.76341)
(1.26127 0.750883 0.760687)
(-1.27144 1.25298 0.771281)
(1.27102 1.25244 0.771047)
(-1.27357 1.75533 0.759539)
(1.26965 1.75634 0.75804)
(-1.26565 2.25861 0.753985)
(1.26565 2.25861 0.753985)
(-3.75157 2.77097 0.749214)
(-1.20579 2.74817 0.751947)
(-0.761568 2.74997 0.75515)
(0.76157 2.74997 0.755153)
(1.20579 2.74817 0.751947)
(3.75157 2.77097 0.749214)
(-3.80118 3.28392 0.745106)
(-3.23479 3.25185 0.766825)
(-1.23149 3.25068 0.738587)
(-0.766362 3.24863 0.755647)
(0.766357 3.24863 0.755647)
(1.23149 3.25068 0.738587)
(3.2348 3.25187 0.766832)
(3.80118 3.28392 0.745106)
(-1.26759 3.75171 0.748022)
(1.26759 3.75171 0.748022)
(-1.26596 4.24246 0.762066)
(1.26596 4.24246 0.762066)
(-1.28364 4.74296 0.773784)
(-0.754739 4.75856 0.770341)
(-0.249367 4.75812 0.765279)
(0.249367 4.75812 0.765279)
(0.754729 4.75857 0.770346)
(1.28379 4.74281 0.773769)
(-1.25481 5.2648 0.793779)
(-0.751029 5.28028 0.778986)
(-0.249047 5.2672 0.782883)
(0.249047 5.2672 0.782883)
(0.751029 5.28028 0.778985)
(1.25481 5.2648 0.793779)
(-0.706062 7.25181 0.737423)
(-0.25318 7.24057 0.750771)
(0.254037 7.24056 0.750865)
(0.706062 7.25181 0.737423)
(-0.727061 7.74521 0.735972)
(-0.262805 7.75557 0.755162)
(0.262831 7.75555 0.755145)
(0.727061 7.74521 0.735972)
(-0.264949 8.27874 0.760095)
(0.264841 8.27874 0.760095)
(-0.244007 0.254508 1.25895)
(0.244007 0.254508 1.25895)
(-0.736779 0.754451 1.22423)
(-0.252436 0.748519 1.27494)
(0.252397 0.748386 1.27555)
(0.736592 0.754458 1.22646)
(-0.754888 1.25173 1.26199)
(-0.258683 1.24468 1.28374)
(0.252469 1.24914 1.29959)
(0.754888 1.25173 1.26199)
(-0.759586 1.74731 1.28108)
(-0.252388 1.75207 1.29354)
(0.253861 1.75225 1.30022)
(0.759586 1.74731 1.28108)
(-0.790556 2.24137 1.30664)
(-0.254985 2.24563 1.28276)
(0.254999 2.24563 1.28279)
(0.790556 2.24137 1.30664)
(-3.72103 2.73185 1.26688)
(-0.765511 2.74875 1.26905)
(-0.252069 2.74494 1.27727)
(0.252076 2.74494 1.27727)
(0.765511 2.74875 1.26905)
(3.72103 2.73185 1.26688)
(-0.776646 3.24586 1.2811)
(-0.252759 3.25096 1.26631)
(0.25282 3.25096 1.26631)
(0.776644 3.24587 1.28113)
(-0.763575 3.74837 1.26964)
(-0.248459 3.75462 1.27161)
(0.248547 3.75462 1.27161)
(0.763575 3.74837 1.26964)
(-0.754607 4.2581 1.26959)
(-0.247865 4.25565 1.26428)
(0.247871 4.25565 1.26428)
(0.754607 4.2581 1.26959)
(-0.27089 7.75478 1.27779)
(0.270918 7.75478 1.27779)
(-1.0433 -0.0397083 -0.81894)
(-0.512745 0.26275 -0.965548)
(-0.492361 -0.0139192 -0.785998)
(0.512745 0.26275 -0.965548)
(0.492362 -0.0139191 -0.785998)
(1.0433 -0.0397083 -0.81894)
(-0.748434 0.500421 -0.995691)
(-1.02266 0.500944 -0.783084)
(-0.493474 0.501104 -0.776564)
(1.46674e-17 0.499695 -0.753682)
(0.748434 0.500421 -0.995691)
(0.493491 0.501104 -0.776534)
(1.02266 0.500949 -0.783089)
(-1.03154 1.03113 -0.783039)
(-0.498236 1.00792 -0.769495)
(-1.23142e-19 0.99487 -0.713243)
(0.498564 1.00778 -0.769049)
(1.03154 1.03113 -0.783039)
(-2.2406 -7.98537 -0.492154)
(-2.55176 -8.00346 -0.251534)
(-1.93468 -8.00637 -0.250451)
(2.2406 -7.98537 -0.492154)
(1.93468 -8.00637 -0.250451)
(2.55176 -8.00346 -0.251534)
(-2.46933 -7.4988 -0.242694)
(-2.02507 -7.49784 -0.244494)
(2.02507 -7.49784 -0.244494)
(2.46933 -7.4988 -0.242694)
(-1.93269 -6.54275 -0.306029)
(1.93269 -6.54275 -0.306029)
(-1.9999 -5.75235 -0.527229)
(-1.99523 -6.00748 -0.27793)
(1.99992 -5.75237 -0.527223)
(1.99859 -6.00596 -0.271747)
(-1.71591 -5.53798 -0.557467)
(-2.0071 -5.25128 -0.525227)
(-2.01113 -5.50468 -0.265281)
(-1.52592 -5.25058 -0.49445)
(-1.50899 -5.48253 -0.249768)
(1.71591 -5.53798 -0.557467)
(1.52592 -5.25058 -0.49445)
(1.50899 -5.48253 -0.249768)
(2.0072 -5.25127 -0.525293)
(2.01121 -5.50464 -0.265163)
(-1.74741 -5.00043 -0.52496)
(-2.04331 -4.71457 -0.560987)
(-2.01909 -4.99872 -0.269387)
(-1.47515 -4.75251 -0.527587)
(-1.46097 -5.00298 -0.257143)
(1.74742 -5.00044 -0.524963)
(1.47515 -4.75251 -0.527587)
(1.461 -5.00313 -0.25715)
(2.04331 -4.71457 -0.560987)
(2.01911 -4.99874 -0.269394)
(-1.74692 -4.47179 -0.563645)
(-2.02037 -4.48957 -0.272679)
(-1.51001 -4.25244 -0.461312)
(-1.47812 -4.49993 -0.270244)
(1.74692 -4.47179 -0.563645)
(1.51001 -4.25244 -0.461312)
(1.47817 -4.50027 -0.270234)
(2.02038 -4.48958 -0.27268)
(-2.0149 -3.97849 -0.264182)
(-1.48637 -3.99522 -0.277422)
(1.48632 -3.99524 -0.277392)
(2.0149 -3.97849 -0.264182)
(-1.49967 -3.49722 -0.275779)
(1.49967 -3.49722 -0.275778)
(-1.49961 -3.00572 -0.310083)
(1.49961 -3.00572 -0.310083)
(-1.50414 -2.50047 -0.257871)
(-1.01153 -2.49879 -0.259817)
(1.01153 -2.49879 -0.259817)
(1.50414 -2.50047 -0.257869)
(-1.51755 -2.00452 -0.279214)
(-0.984833 -2.0062 -0.273494)
(0.984833 -2.0062 -0.273494)
(1.51754 -2.00452 -0.279211)
(-1.2498 -1.49999 -0.518731)
(-1.48806 -1.24954 -0.477382)
(-1.51477 -1.50175 -0.271437)
(-1.00367 -1.24987 -0.53087)
(-0.98821 -1.5028 -0.271242)
(1.2498 -1.49999 -0.518731)
(1.00367 -1.24987 -0.53087)
(0.98821 -1.5028 -0.271242)
(1.48806 -1.24954 -0.477382)
(1.51476 -1.50175 -0.27144)
(-1.27424 -0.998374 -0.564686)
(-1.50228 -0.754238 -0.484945)
(-1.50706 -0.999583 -0.261049)
(-0.996859 -0.753733 -0.521715)
(-0.991337 -1.00345 -0.271871)
(-0.540144 -0.991159 -0.236429)
(0.540144 -0.991159 -0.236429)
(1.27424 -0.998374 -0.564686)
(0.996859 -0.753732 -0.521715)
(0.991337 -1.00345 -0.271875)
(1.50228 -0.754238 -0.484945)
(1.50686 -0.999503 -0.261499)
(-1.29149 -0.505171 -0.560452)
(-1.5247 -0.496244 -0.269857)
(-0.739249 -0.515291 -0.52987)
(-1.00804 -0.259109 -0.529197)
(-1.00143 -0.504693 -0.268775)
(-0.486542 -0.268447 -0.522868)
(-0.489483 -0.509783 -0.256924)
(0.739249 -0.515291 -0.52987)
(0.486544 -0.268447 -0.522867)
(0.489483 -0.509783 -0.256924)
(1.29149 -0.505171 -0.560452)
(1.00804 -0.259108 -0.529196)
(1.00144 -0.504692 -0.268779)
(1.52469 -0.496247 -0.269862)
(-1.27884 -0.00444372 -0.532413)
(-1.52102 0.000902847 -0.260507)
(-0.750971 -0.00934881 -0.523753)
(-1.01546 0.246922 -0.523304)
(-1.00981 -0.00348227 -0.265859)
(-0.233469 -0.0114803 -0.516437)
(-0.493791 0.244154 -0.517906)
(-0.493989 -0.00817783 -0.260806)
(0.233828 -0.0114803 -0.516436)
(0.00019164 0.24966 -0.503624)
(0.000277235 -0.00641021 -0.253226)
(0.7509 -0.00935348 -0.523724)
(0.493825 0.244153 -0.517897)
(0.494044 -0.00817732 -0.260801)
(1.27884 -0.0044435 -0.532412)
(1.01545 0.24692 -0.523308)
(1.00981 -0.00347917 -0.265857)
(1.52102 0.000902861 -0.260507)
(-1.2703 0.500982 -0.516356)
(-1.54999 0.503797 -0.288339)
(-0.754958 0.500315 -0.515711)
(-1.01559 0.754664 -0.517196)
(-1.01181 0.500859 -0.260837)
(-0.242398 0.499526 -0.51353)
(-0.497651 0.754233 -0.515056)
(0.242465 0.499523 -0.513455)
(4.94306e-05 0.751224 -0.506743)
(0.754991 0.50033 -0.515707)
(0.497799 0.754208 -0.514806)
(1.2703 0.500989 -0.516366)
(1.01584 0.754926 -0.51749)
(1.01185 0.500893 -0.260876)
(1.54999 0.503797 -0.288339)
(-1.30512 1.03809 -0.545331)
(-1.47375 1.00039 -0.246069)
(-0.754636 1.01045 -0.518473)
(-1.01251 1.26293 -0.523713)
(-1.01294 1.00559 -0.262353)
(-0.247539 1.00588 -0.511469)
(-0.498626 1.26528 -0.522968)
(-0.500747 1.00528 -0.259857)
(0.248065 1.00551 -0.51019)
(6.11373e-06 1.25322 -0.50394)
(3.32625e-05 1.00267 -0.254898)
(0.754775 1.01056 -0.518498)
(0.498645 1.26526 -0.522904)
(0.500838 1.00525 -0.259696)
(1.30561 1.03863 -0.546727)
(1.01253 1.26296 -0.523742)
(1.01316 1.00582 -0.262617)
(1.47432 1.0006 -0.246275)
(-0.75127 1.54323 -0.547292)
(-1.01458 1.51777 -0.277551)
(-0.250045 1.53919 -0.536931)
(-0.501 1.50806 -0.264565)
(0.250045 1.53919 -0.536931)
(-3.45533e-06 1.50603 -0.258813)
(0.75127 1.54323 -0.547292)
(0.500874 1.50779 -0.264095)
(1.01465 1.5177 -0.277415)
(-0.506637 2.03194 -0.286374)
(0 2.03924 -0.301987)
(0.506637 2.03194 -0.286374)
(-0.00265495 2.49103 -0.205603)
(-0.499783 3.49347 -0.285614)
(-8.67513e-18 3.49928 -0.257597)
(0.499783 3.49347 -0.285614)
(-2.50604 4.00612 -0.265432)
(-1.00841 3.99157 -0.290859)
(-0.500793 3.99759 -0.286606)
(1.30858e-07 3.99909 -0.262698)
(0.500793 3.99759 -0.286607)
(1.00841 3.99157 -0.290859)
(2.50604 4.00612 -0.265432)
(-2.00268 4.50102 -0.28524)
(-1.49856 4.50182 -0.241017)
(-0.749772 4.50085 -0.466685)
(-1.009 4.7398 -0.557335)
(-1.00449 4.49034 -0.281481)
(-0.250362 4.50159 -0.476467)
(-0.499696 4.74988 -0.502276)
(-0.50049 4.49837 -0.261993)
(0.250362 4.50159 -0.476467)
(4.39612e-17 4.75001 -0.476289)
(6.64747e-09 4.4984 -0.256576)
(0.749772 4.50085 -0.466685)
(0.499696 4.74988 -0.502276)
(0.50049 4.49837 -0.26199)
(1.009 4.7398 -0.557335)
(1.00449 4.49034 -0.281484)
(1.49856 4.50182 -0.241017)
(2.00268 4.50102 -0.28524)
(-2.03922 4.99938 -0.313917)
(-1.24994 5.00095 -0.512607)
(-1.4877 5.23827 -0.453788)
(-1.50568 4.99759 -0.272286)
(-0.710271 5.00246 -0.553251)
(-0.999585 5.25049 -0.520122)
(-1.00271 5.00184 -0.278178)
(-0.25 5 -0.522568)
(-0.499914 5.25018 -0.508287)
(-0.498936 5.00073 -0.267574)
(0.25 5 -0.522568)
(0 5.24898 -0.487713)
(3.30645e-09 5.00066 -0.266282)
(0.710271 5.00246 -0.553251)
(0.499914 5.25018 -0.508287)
(0.498936 5.00073 -0.267574)
(1.24994 5.00095 -0.512607)
(0.999585 5.25049 -0.520122)
(1.00271 5.00184 -0.278179)
(1.4877 5.23827 -0.453788)
(1.50568 4.99759 -0.272286)
(2.03922 4.99938 -0.313917)
(-1.54367 5.55066 -0.308696)
(-0.748929 5.49273 -0.46408)
(-1.00221 5.5156 -0.265903)
(-0.25042 5.49349 -0.466246)
(-0.502138 5.51413 -0.270735)
(0.25042 5.49349 -0.466246)
(-5.49872e-09 5.51364 -0.269601)
(0.748929 5.49273 -0.46408)
(0.502138 5.51413 -0.270735)
(1.00221 5.5156 -0.265903)
(1.54367 5.55066 -0.308696)
(0.0014905 6.99142 -0.258387)
(0.000495957 7.49923 -0.277767)
(0.00253213 8.01875 -0.286836)
(-2.25253 -8.03296 -0.00137993)
(-2.55918 -7.71039 -0.00211789)
(-2.51352 -8.01346 0.248628)
(-1.98894 -7.7487 -0.00320076)
(-2.00587 -8.02 0.250224)
(2.25253 -8.03296 -0.00137993)
(1.98894 -7.7487 -0.00320076)
(2.00587 -8.02 0.250224)
(2.55918 -7.71039 -0.00211789)
(2.51352 -8.01346 0.248628)
(-2.26907 -7.49714 -0.00569493)
(-2.5436 -7.24987 0.000401643)
(-2.51464 -7.50126 0.24636)
(-1.92 -7.25247 -0.0248575)
(-1.99017 -7.49552 0.253315)
(2.26907 -7.49714 -0.00569493)
(1.92 -7.25247 -0.0248575)
(1.99017 -7.49552 0.253315)
(2.5436 -7.24987 0.000401643)
(2.51464 -7.50126 0.24636)
(-2.25514 -6.99878 -0.00251936)
(-2.4504 -6.75193 -8.60832e-05)
(-1.97073 -6.75214 0.00153075)
(-1.97686 -7.00066 0.245843)
(2.25514 -6.99877 -0.00251874)
(1.97073 -6.75214 0.00153486)
(1.97686 -7.00066 0.245843)
(2.4504 -6.75193 -8.60832e-05)
(-2.28234 -6.49938 0.00192957)
(-1.97723 -6.25558 0.00364999)
(-1.96571 -6.5009 0.287836)
(2.28231 -6.49936 0.00194486)
(1.978 -6.2557 0.00439369)
(1.96571 -6.5009 0.287836)
(-2.30344 -5.99929 0.00333635)
(-1.70513 -6.01003 0.00663296)
(-2.00299 -5.75367 0.0102585)
(-1.9955 -6.00122 0.27302)
(1.70512 -6.01003 0.00661193)
(2.30244 -5.99943 0.00314333)
(2.0031 -5.75359 0.01054)
(1.99547 -6.0012 0.272168)
(-2.30946 -5.50226 0.00476619)
(-1.7296 -5.51133 0.00645715)
(-2.01747 -5.25239 0.00651987)
(-2.00282 -5.50347 0.299216)
(-1.45713 -5.25938 0.00539364)
(1.72962 -5.51132 0.00644898)
(1.45713 -5.25938 0.00539364)
(2.30945 -5.50226 0.00477872)
(2.01748 -5.2524 0.00655215)
(2.00282 -5.50347 0.299214)
(-2.30615 -4.99948 0.00138777)
(-1.73305 -5.00493 0.00878547)
(-2.01733 -4.74755 0.00159072)
(-2.00771 -5.00122 0.271262)
(-1.46345 -4.75945 0.00813307)
(-1.50237 -5.00167 0.246091)
(1.73308 -5.00513 0.0087755)
(1.46375 -4.76131 0.00805062)
(1.50237 -5.00167 0.246091)
(2.30616 -4.99948 0.00138959)
(2.01735 -4.74765 0.00158625)
(2.00771 -5.00122 0.271263)
(-2.27353 -4.49105 0.000368548)
(-1.74638 -4.49908 -0.00116816)
(-2.02655 -4.23846 -0.00567964)
(-2.01251 -4.498 0.265496)
(-1.26716 -4.49383 -0.00454741)
(-1.48174 -4.25234 -0.00472862)
(-1.47498 -4.51038 0.267403)
(1.26716 -4.49383 -0.00454741)
(1.74636 -4.4993 -0.00115599)
(1.48176 -4.25239 -0.00478217)
(1.47498 -4.51041 0.267391)
(2.27353 -4.49105 0.000368554)
(2.02655 -4.23846 -0.00568166)
(2.01251 -4.49801 0.265496)
(-1.76658 -3.99193 -0.0137395)
(-2.05059 -3.73726 -0.00788983)
(-2.02804 -3.99535 0.260747)
(-1.18825 -4.03767 -0.0358675)
(-1.492 -3.74985 -0.0159427)
(-1.48443 -4.00793 0.257208)
(1.18825 -4.03767 -0.0358675)
(1.76658 -3.99193 -0.013745)
(1.4922 -3.74978 -0.0161303)
(1.48443 -4.00793 0.257165)
(2.05059 -3.73726 -0.00788983)
(2.02804 -3.99535 0.260747)
(-1.77802 -3.49426 -0.021096)
(-2.00585 -3.49979 0.249392)
(-1.22553 -3.50235 -0.0235259)
(-1.50594 -3.24941 -0.0372681)
(-1.49635 -3.5018 0.248481)
(-1.01381 -3.25593 0.000194122)
(-1.01962 -3.49692 0.24805)
(1.22553 -3.50235 -0.0235276)
(1.01381 -3.25593 0.000194122)
(1.01962 -3.49692 0.24805)
(1.77802 -3.49426 -0.021097)
(1.50594 -3.24941 -0.0372685)
(1.49635 -3.5018 0.248483)
(2.00585 -3.49979 0.249392)
(-1.78119 -2.99862 -0.0144771)
(-1.94982 -3.0052 0.257878)
(-1.23268 -3.00482 -0.0297777)
(-1.5085 -2.75167 -0.019648)
(-1.50754 -3.00099 0.243561)
(-0.973261 -2.75464 -0.0130451)
(-0.978417 -3.0057 0.248494)
(1.23268 -3.00482 -0.0297697)
(0.973262 -2.75464 -0.0130419)
(0.978422 -3.00569 0.248514)
(1.78119 -2.99862 -0.0144769)
(1.5085 -2.75167 -0.0196459)
(1.50755 -3.00097 0.243587)
(1.94982 -3.0052 0.257878)
(-1.7776 -2.50059 -0.0115845)
(-1.94957 -2.49648 0.26105)
(-1.24136 -2.50346 -0.0167862)
(-1.51286 -2.25146 -0.0178129)
(-1.50827 -2.50118 0.246358)
(-0.803699 -2.48548 0.0147899)
(-0.979602 -2.25257 -0.0126104)
(-0.980111 -2.50432 0.25056)
(0.803699 -2.48548 0.0147899)
(1.24136 -2.50346 -0.0167781)
(0.9796 -2.25257 -0.0126088)
(0.980115 -2.50431 0.250581)
(1.7776 -2.50059 -0.0115897)
(1.5131 -2.25144 -0.0176761)
(1.50827 -2.50117 0.246366)
(1.94957 -2.49648 0.26105)
(-1.78281 -2.00072 -0.0170564)
(-1.95403 -2.00065 0.260563)
(-1.24544 -2.00321 -0.016625)
(-1.51652 -1.75053 -0.0123262)
(-1.50818 -2.00088 0.243518)
(-0.703406 -2.01094 -0.00709303)
(-0.982927 -1.75439 -0.0120225)
(-0.973751 -2.00456 0.249044)
(0.703406 -2.01094 -0.00709303)
(1.24542 -2.00321 -0.0166194)
(0.982927 -1.75439 -0.012023)
(0.973751 -2.00456 0.249044)
(1.78281 -2.00072 -0.0170561)
(1.51652 -1.75053 -0.0123256)
(1.50818 -2.00088 0.243519)
(1.95403 -2.00065 0.260563)
(-1.78336 -1.4997 -0.00549185)
(-1.25182 -1.5014 -0.0130111)
(-1.5159 -1.24961 -0.0073166)
(-1.51389 -1.49998 0.247207)
(-0.733263 -1.50379 -0.0100058)
(-0.990852 -1.2527 -0.0106316)
(-0.988627 -1.50343 0.249367)
(-0.514622 -1.24644 0.010219)
(-0.541989 -1.48722 0.246879)
(0.733263 -1.50379 -0.0100058)
(0.514622 -1.24644 0.010219)
(0.541989 -1.48722 0.246879)
(1.25182 -1.5014 -0.0130164)
(0.990851 -1.2527 -0.0106348)
(0.988629 -1.50343 0.249365)
(1.78336 -1.4997 -0.00549228)
(1.51588 -1.2496 -0.00734685)
(1.51389 -1.49998 0.247202)
(-1.76556 -0.999176 -0.00393895)
(-1.25428 -1.00067 -0.0127737)
(-1.52085 -0.747846 -0.0125471)
(-1.51597 -0.999088 0.246218)
(-0.733647 -1.0049 -0.00807638)
(-0.996119 -0.753127 -0.0104546)
(-0.992101 -1.00283 0.248912)
(-0.47467 -0.759953 -0.00957915)
(-0.477953 -1.00407 0.249954)
(0.733647 -1.0049 -0.00807674)
(0.47467 -0.759953 -0.00957915)
(0.477953 -1.00407 0.249954)
(1.25427 -1.00066 -0.0128052)
(0.996122 -0.753125 -0.010458)
(0.992102 -1.00283 0.248908)
(1.76555 -0.999174 -0.00395217)
(1.52083 -0.747845 -0.0125391)
(1.51597 -0.999086 0.246202)
(-1.79908 -0.497577 -0.00758564)
(-1.26167 -0.499869 -0.0112575)
(-1.52199 -0.248106 -0.00850673)
(-1.52045 -0.497199 0.245663)
(-0.740842 -0.506569 -0.00623972)
(-1.00395 -0.252586 -0.00786716)
(-0.999129 -0.50217 0.248877)
(-0.216453 -0.539784 0.00168627)
(-0.491568 -0.259842 -0.00323812)
(-0.483962 -0.509211 0.250461)
(0.216453 -0.539784 0.00168627)
(1.36072e-06 -0.268884 -0.0037786)
(0.740843 -0.506568 -0.00624004)
(0.491571 -0.259842 -0.00323731)
(0.483962 -0.50921 0.250461)
(1.26168 -0.499869 -0.0112493)
(1.00395 -0.252585 -0.00786722)
(0.999131 -0.502169 0.248876)
(1.79908 -0.497577 -0.00758564)
(1.52199 -0.248107 -0.00850103)
(1.52044 -0.4972 0.245669)
(-1.7211 -0.00389736 0.012842)
(-1.26345 0.000436622 -0.00700803)
(-1.52565 0.251761 -0.00758724)
(-1.52047 0.00191608 0.248588)
(-1.00591 0.249458 -0.00502896)
(-1.00446 -0.000656753 0.250373)
(-0.245956 -0.00937171 -0.00282761)
(-0.496988 -0.00576334 0.25099)
(0.245997 -0.0093721 -0.00282592)
(-3.00337e-05 -0.0118932 0.250488)
(0.49697 -0.00576529 0.250995)
(1.26345 0.00043652 -0.00700883)
(1.00591 0.249459 -0.0050315)
(1.00445 -0.000658293 0.250369)
(1.7211 -0.00389736 0.012842)
(1.52565 0.25176 -0.00758741)
(1.52047 0.00191577 0.248587)
(-1.2632 0.501384 -0.00533657)
(-1.52256 0.752151 -0.00767249)
(-1.51282 0.501605 0.245876)
(-1.00742 0.751703 -0.0048183)
(-1.00352 0.500231 0.250801)
(1.26321 0.501383 -0.00534473)
(1.00747 0.751737 -0.00487461)
(1.0035 0.500215 0.250761)
(1.52257 0.752145 -0.00767085)
(1.51283 0.501589 0.245869)
(-1.27142 1.00353 -0.0100077)
(-1.53801 1.24728 -0.0387982)
(-1.54663 1.00329 0.247652)
(-0.755144 1.00333 -0.00595436)
(-1.01189 1.25579 -0.00969167)
(-1.01113 1.00209 0.248503)
(-0.250177 1.00197 -0.00365806)
(-0.501861 1.25436 -0.00698486)
(0.250208 1.00195 -0.00356971)
(-3.18229e-07 1.25285 -0.00452782)
(0.755199 1.00333 -0.00595233)
(0.501862 1.2543 -0.00687654)
(1.2715 1.00354 -0.0100593)
(1.01206 1.25575 -0.00981685)
(1.01115 1.00205 0.248434)
(1.53801 1.24728 -0.0387982)
(1.54708 1.00324 0.247721)
(-1.27242 1.50986 -0.0147032)
(-1.56647 1.54173 0.209608)
(-0.756051 1.5076 -0.0111443)
(-1.01394 1.76498 -0.017853)
(-1.01417 1.50731 0.243728)
(-0.250648 1.50465 -0.008616)
(-0.503669 1.75633 -0.0124752)
(0.250614 1.50459 -0.0085039)
(-8.17613e-06 1.75568 -0.0126532)
(0.756131 1.50743 -0.0110334)
(0.503575 1.75613 -0.0121886)
(1.27317 1.50965 -0.0155528)
(1.01443 1.76486 -0.018252)
(1.01412 1.50718 0.243532)
(1.56647 1.54173 0.209608)
(-1.21568 2.00099 0.00352538)
(-0.763855 2.01612 -0.0273203)
(-0.994633 2.24342 0.0348103)
(-1.0165 2.01295 0.238052)
(-0.25171 2.00629 -0.0190211)
(-0.514351 2.26131 -0.0275081)
(-0.505894 2.00553 0.239335)
(0.251681 2.00628 -0.0189917)
(-0.00012865 2.25393 -0.014994)
(0.763857 2.0161 -0.0273033)
(0.514346 2.26131 -0.027505)
(0.505876 2.0055 0.239381)
(1.21568 2.00099 0.00352538)
(0.994633 2.24342 0.0348103)
(1.01648 2.01294 0.238023)
(-0.749028 2.49673 -0.0241148)
(-1.03437 2.50773 0.215604)
(-0.254095 2.50174 -0.0175393)
(-0.511184 2.74916 -0.0308131)
(-0.508882 2.50275 0.235305)
(0.25401 2.50174 -0.0175385)
(-1.29919e-05 2.75124 -0.0341187)
(-5.19806e-05 2.50095 0.239421)
(0.749028 2.49673 -0.0241148)
(0.511182 2.74916 -0.0308114)
(0.50886 2.50274 0.235327)
(1.03437 2.50773 0.215604)
(-0.796349 2.98979 -0.0442243)
(-0.994942 3.24957 0.028691)
(-1.03935 2.99258 0.211707)
(-0.250993 2.99772 -0.0210815)
(-0.507666 3.2456 -0.0244699)
(-0.507509 2.99741 0.234402)
(0.250992 2.99772 -0.0210814)
(1.84898e-08 3.24893 -0.00671234)
(-1.67467e-06 2.99921 0.237865)
(0.796349 2.98979 -0.0442243)
(0.507666 3.2456 -0.0244701)
(0.507507 2.99741 0.234404)
(0.994942 3.24957 0.028691)
(1.03935 2.99258 0.211707)
(-3.27639 3.49617 -0.0316114)
(-3.52006 3.49015 0.259499)
(-2.70639 3.44437 -0.0021668)
(-3.02358 3.7624 -0.0350591)
(-2.98613 3.4817 0.24963)
(-2.43997 3.69456 -0.00427908)
(-0.763357 3.49212 -0.0282503)
(-1.01668 3.7366 -0.0252379)
(-1.01653 3.49524 0.242324)
(-0.25032 3.4962 -0.0241406)
(-0.504295 3.74239 -0.022302)
(-0.505656 3.49659 0.237021)
(0.250321 3.4962 -0.0241401)
(2.67266e-07 3.74686 -0.0156458)
(1.94439e-06 3.49837 0.239323)
(0.763357 3.49212 -0.0282504)
(0.504295 3.74239 -0.0223022)
(0.505657 3.49659 0.237021)
(1.01668 3.7366 -0.0252384)
(1.01653 3.49524 0.242324)
(2.70639 3.44437 -0.0021668)
(2.43997 3.69456 -0.00427908)
(3.27639 3.49617 -0.0316114)
(3.02358 3.7624 -0.035059)
(2.98614 3.48172 0.249653)
(3.52006 3.49015 0.259499)
(-2.77432 4.01334 -0.0272848)
(-3.06475 4.05898 0.248575)
(-2.20442 3.95204 -0.00242513)
(-2.50668 4.2529 -0.023389)
(-2.47246 3.97741 0.272611)
(-1.96658 4.22419 0.00666896)
(-1.30165 3.95371 -0.0519482)
(-1.46545 4.25757 0.00795791)
(-0.756834 3.99228 -0.0208247)
(-1.01344 4.24007 -0.0187599)
(-1.01868 3.99422 0.243446)
(-0.250189 3.99773 -0.0178495)
(-0.501407 4.24753 -0.016804)
(0.250189 3.99773 -0.0178506)
(5.96275e-08 4.24873 -0.0130348)
(0.756838 3.99228 -0.0208374)
(0.501406 4.24753 -0.0168073)
(1.30165 3.95371 -0.0519482)
(1.0136 4.24 -0.0187614)
(1.01868 3.99422 0.243445)
(1.46545 4.25757 0.00795791)
(2.20442 3.95204 -0.00242513)
(1.96658 4.22419 0.00666896)
(2.77434 4.01335 -0.0272948)
(2.50704 4.25316 -0.0233036)
(2.47245 3.97741 0.272623)
(3.06475 4.05898 0.248575)
(-2.2517 4.49831 -0.0235829)
(-2.52342 4.75058 0.00593048)
(-2.52491 4.51672 0.266806)
(-1.72109 4.47632 -0.00205008)
(-2.00191 4.74545 -0.0198769)
(-1.98488 4.48811 0.26165)
(-1.26638 4.4907 -0.0112022)
(-1.50437 4.74563 -0.0043786)
(-1.50626 4.50525 0.240783)
(-0.75302 4.49719 -0.0108718)
(-1.00466 4.74734 -0.0132766)
(-1.01107 4.49663 0.248623)
(-0.250021 4.49937 -0.00845597)
(-0.500274 4.75025 -0.00940191)
(0.250021 4.49937 -0.00845615)
(-2.51698e-08 4.7506 -0.00667574)
(0.753019 4.49719 -0.0108772)
(0.500274 4.75025 -0.00940225)
(1.26638 4.4907 -0.0112043)
(1.00466 4.74734 -0.0132829)
(1.01107 4.49663 0.248615)
(1.72109 4.47632 -0.00205008)
(1.50437 4.74563 -0.00437873)
(1.50626 4.50525 0.240783)
(2.2517 4.49831 -0.0235819)
(2.00188 4.74543 -0.0198273)
(1.98488 4.48811 0.26165)
(2.52342 4.75058 0.00593048)
(2.52491 4.51673 0.266809)
(-2.27554 5.01559 -0.0102283)
(-1.75665 5.0017 -0.0123133)
(-2.02785 5.27182 -0.0145527)
(-2.01371 5.00432 0.262697)
(-1.25349 5.00142 -0.00811387)
(-1.50578 5.26085 -0.0114608)
(-1.50544 4.99713 0.2568)
(-0.750185 5.00258 -0.0100055)
(-1.00146 5.25878 -0.00521674)
(-1.00334 5.00436 0.252587)
(-0.25022 5.00223 -0.0103228)
(-0.502047 5.25673 -0.00734539)
(-0.501249 5.00526 0.251835)
(0.25022 5.00223 -0.0103226)
(8.22172e-08 5.25482 -0.00882546)
(0.750184 5.00258 -0.0100068)
(0.502046 5.25673 -0.0073455)
(0.501247 5.00526 0.251835)
(1.25349 5.00143 -0.00811493)
(1.00146 5.25878 -0.00521704)
(1.00333 5.00436 0.25258)
(1.75665 5.00171 -0.0123096)
(1.50578 5.26085 -0.0114593)
(1.50544 4.99714 0.256797)
(2.27554 5.01559 -0.0102282)
(2.02785 5.27181 -0.0145518)
(2.01371 5.00432 0.262696)
(-1.76835 5.52939 -0.0132508)
(-1.99968 5.52053 0.246652)
(-1.25027 5.51468 -0.00523147)
(-1.49531 5.72891 0.0139727)
(-1.50476 5.52945 0.255301)
(-0.755911 5.5174 0.00142207)
(-0.999003 5.7145 -0.00639307)
(-1.00063 5.52002 0.254544)
(-0.252579 5.50992 -0.00906567)
(-0.520238 5.77582 0.00605836)
(-0.509041 5.51544 0.259416)
(0.252579 5.50992 -0.00906587)
(-9.42143e-07 5.75912 -0.0156081)
(-5.75531e-07 5.50718 0.250906)
(0.755911 5.5174 0.00142207)
(0.520238 5.77582 0.00605836)
(0.509041 5.51544 0.259416)
(1.25027 5.51468 -0.00523138)
(0.999003 5.7145 -0.00639307)
(1.00063 5.52002 0.254545)
(1.76835 5.52938 -0.0132506)
(1.49531 5.72891 0.0139727)
(1.50476 5.52945 0.255301)
(1.99968 5.52053 0.246652)
(-0.256738 6.01353 -0.0299494)
(-0.480266 5.99938 0.241584)
(0.256735 6.01353 -0.0299491)
(-0.000113903 6.25308 -0.00990635)
(-1.509e-05 6.00306 0.248033)
(0.480266 5.99938 0.241584)
(-0.256565 6.50012 -0.0125985)
(-0.466641 6.503 0.251193)
(0.256603 6.50012 -0.0125953)
(0.000392188 6.74432 -0.0213791)
(2.01215e-05 6.49983 0.244063)
(0.466641 6.503 0.251193)
(-0.267257 6.98904 -0.0256253)
(-0.549085 7.24053 -0.0416573)
(-0.564547 6.95953 0.210945)
(0.267289 6.98904 -0.0256253)
(0.000193312 7.24164 -0.020992)
(0.00021724 6.99526 0.23943)
(0.549085 7.24053 -0.0416573)
(0.564547 6.95953 0.210945)
(-0.26369 7.498 -0.015603)
(-0.521639 7.75407 -0.0111791)
(-0.520486 7.49763 0.24271)
(0.263761 7.498 -0.0156027)
(0.000224183 7.75744 -0.0181992)
(0.000148002 7.4995 0.241117)
(0.521642 7.75407 -0.0111791)
(0.520492 7.49763 0.24271)
(-0.262226 8.01924 -0.0208599)
(-0.525048 8.01224 0.242916)
(0.262314 8.01924 -0.0208597)
(-0.00507958 8.30368 -0.0581453)
(8.34846e-05 8.0202 0.237668)
(0.525049 8.01224 0.242916)
(-2.24768 -8.0011 0.500461)
(-2.54135 -7.71356 0.502548)
(-2.52469 -8.0062 0.746606)
(-1.98438 -7.74793 0.502409)
(-2.00168 -8.02918 0.746927)
(2.24768 -8.0011 0.500461)
(1.98438 -7.74793 0.502409)
(2.00168 -8.02918 0.746927)
(2.54135 -7.71356 0.502548)
(2.5247 -8.0062 0.746604)
(-2.26036 -7.48111 0.515876)
(2.26036 -7.48111 0.515876)
(-1.99679 -5.23415 0.469507)
(1.99679 -5.23415 0.469507)
(-1.98727 -4.75011 0.500484)
(1.98727 -4.75011 0.500484)
(-1.74564 -4.52809 0.552608)
(-2.00431 -4.24966 0.505312)
(-1.45325 -4.2922 0.548933)
(1.74564 -4.52809 0.552608)
(1.45325 -4.2922 0.548933)
(2.00431 -4.24966 0.505312)
(-1.7667 -4.00673 0.53188)
(-1.2213 -4.00498 0.499524)
(-1.49035 -3.75904 0.520934)
(-1.4969 -4.00602 0.743097)
(1.2213 -4.00498 0.499524)
(1.76669 -4.00673 0.531876)
(1.49035 -3.75904 0.520936)
(1.4969 -4.00602 0.743097)
(-1.77991 -3.49836 0.512012)
(-1.22349 -3.50685 0.51624)
(-1.49967 -3.25181 0.510635)
(-1.49136 -3.50287 0.775372)
(-1.00167 -3.24456 0.488374)
(1.22349 -3.50684 0.516241)
(1.00167 -3.24456 0.488374)
(1.77991 -3.49836 0.512012)
(1.49967 -3.25179 0.510654)
(1.49136 -3.50286 0.775372)
(-1.77695 -3.00467 0.510804)
(-1.95281 -2.74556 0.488923)
(-1.23006 -3.00649 0.510599)
(-1.50715 -2.75285 0.510593)
(-1.50157 -3.00238 0.773348)
(-0.977917 -2.75328 0.50438)
(1.23013 -3.00611 0.511047)
(0.978066 -2.75313 0.504933)
(1.77696 -3.00467 0.51081)
(1.50718 -2.75279 0.5107)
(1.50157 -3.00231 0.773387)
(1.95281 -2.74556 0.488923)
(-1.76156 -2.50104 0.511445)
(-1.96034 -2.24967 0.496633)
(-1.2373 -2.50349 0.510268)
(-1.50522 -2.25202 0.509435)
(-1.50664 -2.50334 0.775911)
(-0.977433 -2.25389 0.508235)
(-0.944194 -2.5093 0.80019)
(1.23733 -2.50345 0.510374)
(0.977434 -2.25389 0.508239)
(0.944194 -2.5093 0.80019)
(1.76156 -2.50104 0.511447)
(1.50522 -2.25202 0.509438)
(1.50664 -2.50334 0.775918)
(1.96034 -2.24967 0.496633)
(-1.75237 -2.00078 0.503311)
(-1.97158 -1.75018 0.499071)
(-1.24118 -2.00257 0.507561)
(-1.50533 -1.75088 0.504324)
(-1.50625 -2.00359 0.774179)
(-0.713934 -2.00268 0.499871)
(-0.98361 -1.75404 0.508059)
(-0.975629 -2.00403 0.768405)
(0.713934 -2.00268 0.499871)
(1.24119 -2.00257 0.507566)
(0.983617 -1.75404 0.508061)
(0.975629 -2.00403 0.768405)
(1.75237 -2.00078 0.503312)
(1.50528 -1.75089 0.504335)
(1.50626 -2.00359 0.77418)
(1.97158 -1.75018 0.499071)
(-1.76042 -1.49987 0.503111)
(-1.97124 -1.25036 0.50021)
(-1.24577 -1.50198 0.506386)
(-1.5087 -1.24995 0.503)
(-1.50798 -1.50047 0.760968)
(-0.720252 -1.50828 0.508545)
(-0.987291 -1.25404 0.508999)
(-0.985131 -1.50406 0.767155)
(-0.502638 -1.25121 0.496801)
(0.720252 -1.50828 0.508545)
(0.502638 -1.25121 0.496801)
(1.2458 -1.50198 0.506385)
(0.987295 -1.25404 0.508997)
(0.985136 -1.50406 0.767155)
(1.76042 -1.49987 0.503102)
(1.50873 -1.24995 0.502959)
(1.50803 -1.50048 0.760945)
(1.97124 -1.25036 0.50021)
(-1.77726 -0.997931 0.499133)
(-1.25202 -1.00088 0.504425)
(-1.5219 -0.747498 0.501288)
(-1.51115 -0.999217 0.760494)
(-0.730953 -1.00622 0.508186)
(-0.99441 -0.752645 0.506664)
(-0.989806 -1.00403 0.766967)
(-0.478617 -0.75801 0.505755)
(-0.517997 -1.00316 0.749892)
(0.730954 -1.00622 0.508185)
(0.478618 -0.75801 0.505754)
(0.517997 -1.00316 0.749892)
(1.25203 -1.00088 0.50441)
(0.994413 -0.752644 0.506662)
(0.989809 -1.00403 0.766965)
(1.77728 -0.997934 0.499094)
(1.52191 -0.747499 0.501278)
(1.51124 -0.999231 0.76034)
(-1.78763 -0.493359 0.498345)
(-1.25843 -0.499006 0.50478)
(-1.52226 -0.245345 0.504366)
(-1.51874 -0.495566 0.765218)
(-0.739526 -0.504864 0.507833)
(-1.00129 -0.250912 0.507389)
(-0.996923 -0.501521 0.764178)
(-0.231447 -0.500992 0.495928)
(-0.490423 -0.258291 0.506592)
(-0.478726 -0.509079 0.765198)
(0.231447 -0.500992 0.495928)
(-0.000170586 -0.279356 0.502378)
(0.739535 -0.504858 0.507821)
(0.490386 -0.258291 0.506602)
(0.478641 -0.509121 0.765078)
(1.25843 -0.499006 0.504779)
(1.00129 -0.250912 0.507386)
(0.996926 -0.501519 0.76418)
(1.78762 -0.49336 0.498344)
(1.52226 -0.245345 0.504365)
(1.51874 -0.495566 0.765216)
(-1.78275 0.0151588 0.506674)
(-1.26212 0.00200257 0.506674)
(-1.51644 0.252158 0.504364)
(-1.52097 0.00534309 0.764809)
(-0.74893 -0.00231466 0.507569)
(-1.00398 0.250083 0.508509)
(-1.00235 0.000180627 0.768261)
(-0.248532 -0.00842206 0.504017)
(-0.500114 0.246976 0.506624)
(-0.497595 -0.00448814 0.759887)
(0.248294 -0.00842891 0.504024)
(-0.00114134 -0.0149494 0.761)
(0.748912 -0.00231826 0.507572)
(0.50007 0.246961 0.506662)
(0.497531 -0.00449001 0.759893)
(1.26211 0.0019993 0.506656)
(1.00395 0.250065 0.508446)
(1.00234 0.000178045 0.768249)
(1.78275 0.0151588 0.506674)
(1.51644 0.252154 0.504344)
(1.52097 0.00534252 0.764806)
(-1.71282 0.495602 0.490607)
(-1.26148 0.501241 0.505118)
(-1.5313 0.752102 0.504863)
(-1.52301 0.502246 0.761717)
(-0.752257 0.499221 0.507701)
(-1.00729 0.750526 0.506444)
(-1.00336 0.499881 0.766952)
(-0.501985 0.749229 0.505592)
(-0.503088 0.496921 0.764128)
(0.752213 0.499177 0.507772)
(0.501957 0.74918 0.505863)
(0.503068 0.496885 0.764394)
(1.26138 0.501177 0.504771)
(1.0072 0.750408 0.506115)
(1.00319 0.499762 0.766499)
(1.71282 0.495602 0.490607)
(1.53129 0.752003 0.504761)
(1.52288 0.50222 0.761615)
(-1.27313 1.00195 0.506145)
(-1.54049 1.25211 0.503466)
(-1.56583 1.0367 0.808282)
(-0.754732 1.00046 0.505095)
(-1.01202 1.2523 0.504643)
(-1.00711 1.00036 0.76414)
(-0.503549 0.999281 0.760695)
(0.754692 1.00043 0.505241)
(0.503461 0.999299 0.761302)
(1.27301 1.00176 0.505821)
(1.01181 1.25212 0.5045)
(1.007 1.00027 0.763665)
(1.54041 1.25195 0.503509)
(1.56251 1.03259 0.80539)
(-1.2717 1.50764 0.50355)
(-1.51585 1.74289 0.499851)
(-1.52963 1.50254 0.745322)
(-1.01648 1.75707 0.500538)
(-1.01027 1.50215 0.759228)
(1.27063 1.50709 0.502764)
(1.01602 1.757 0.500324)
(1.0094 1.50171 0.758711)
(1.51608 1.74292 0.500225)
(1.52891 1.50402 0.745686)
(-1.28327 2.01516 0.498091)
(-0.761698 2.00556 0.49795)
(-1.02226 2.2578 0.496121)
(-1.02451 2.00719 0.761148)
(-0.506444 2.25277 0.496105)
(0.761624 2.00553 0.497967)
(0.506428 2.25276 0.496135)
(1.28319 2.01515 0.498054)
(1.02225 2.2578 0.49612)
(1.02429 2.00717 0.761098)
(-1.20117 2.49425 0.508642)
(-0.759544 2.50241 0.496045)
(-1.01587 2.75127 0.495784)
(-1.00991 2.50121 0.755248)
(-0.252675 2.5007 0.495787)
(-0.506169 2.74992 0.49501)
(-0.505835 2.49991 0.755281)
(0.252656 2.5007 0.495795)
(-5.23011e-06 2.74984 0.495003)
(0.759605 2.50242 0.49605)
(0.506163 2.74992 0.495013)
(0.505829 2.4999 0.755296)
(1.20117 2.49425 0.508642)
(1.01587 2.75127 0.495785)
(1.00992 2.50121 0.755265)
(-3.73993 3.0038 0.50086)
(-3.24837 2.95174 0.489849)
(-3.52941 3.25689 0.484409)
(-3.49491 2.98138 0.745956)
(-2.94353 3.26582 0.520679)
(-0.763232 2.99818 0.49601)
(-1.02907 3.24234 0.493197)
(-1.02288 2.99913 0.755411)
(-0.25256 2.99922 0.49514)
(-0.507547 3.24815 0.495498)
(-0.508007 2.99909 0.754242)
(0.25256 2.99922 0.495141)
(5.11748e-06 3.24933 0.496531)
(0.763234 2.99818 0.49601)
(0.507549 3.24815 0.495498)
(0.508009 2.99909 0.754243)
(1.02907 3.24234 0.493197)
(1.02288 2.99913 0.755411)
(3.24837 2.95174 0.489849)
(2.94353 3.26582 0.520679)
(3.73993 3.0038 0.50086)
(3.52948 3.25709 0.484511)
(3.49493 2.9814 0.745948)
(-3.26063 3.51888 0.507515)
(-3.49362 3.53914 0.760427)
(-3.00958 3.75168 0.57402)
(-1.27249 3.49931 0.500271)
(-0.765614 3.49744 0.497161)
(-1.02836 3.74673 0.501215)
(-1.02946 3.49872 0.757789)
(-0.252349 3.49902 0.496175)
(-0.507797 3.49959 0.754685)
(0.252359 3.49902 0.496176)
(0.765613 3.49744 0.49716)
(0.507806 3.49959 0.754686)
(1.27249 3.49931 0.500271)
(1.02836 3.74673 0.501213)
(1.02946 3.49872 0.757788)
(3.26055 3.51888 0.507577)
(3.00958 3.75168 0.57402)
(3.49362 3.53914 0.760427)
(-2.77379 4.01787 0.575674)
(-2.49088 4.24518 0.563617)
(-1.26916 3.99899 0.503093)
(-1.01606 4.24759 0.503898)
(-1.02078 3.99916 0.754869)
(1.26916 3.99899 0.503092)
(1.01605 4.24759 0.503896)
(1.02078 3.99916 0.754869)
(2.77379 4.01787 0.575674)
(2.49088 4.24518 0.563617)
(-2.24537 4.49573 0.555795)
(-1.97869 4.73047 0.536657)
(-1.27153 4.49401 0.506487)
(-1.54468 4.71198 0.534232)
(-0.75755 4.50075 0.505421)
(-1.0106 4.75043 0.509412)
(-1.02217 4.49804 0.762745)
(-0.25056 4.50294 0.504431)
(-0.501454 4.75525 0.508877)
(-0.502006 4.50567 0.76189)
(0.25056 4.50294 0.50443)
(-8.43427e-08 4.75524 0.50795)
(1.01614e-06 4.50564 0.759749)
(0.757539 4.50075 0.505414)
(0.501449 4.75526 0.508875)
(0.502004 4.50567 0.761891)
(1.27152 4.49401 0.506482)
(1.0105 4.75043 0.509313)
(1.02213 4.49807 0.762753)
(1.54468 4.71198 0.534232)
(2.24537 4.49573 0.555795)
(1.97869 4.73047 0.536657)
(-2.25229 5.00588 0.490117)
(-1.76181 4.98298 0.526886)
(-2.05484 5.29385 0.540836)
(-1.26041 4.99974 0.519032)
(-1.51061 5.26071 0.528221)
(-1.53281 4.99752 0.789288)
(-0.752327 5.00908 0.513588)
(-0.999721 5.26891 0.515874)
(-1.00736 5.01011 0.778094)
(-0.250218 5.008 0.511405)
(-0.502579 5.26304 0.511744)
(-0.499664 5.0126 0.776209)
(0.250217 5.008 0.511405)
(-5.30047e-08 5.26015 0.511478)
(-5.1508e-09 5.00992 0.769762)
(0.75232 5.00908 0.513584)
(0.502579 5.26304 0.511744)
(0.499664 5.0126 0.776211)
(1.2604 4.99974 0.519029)
(0.99972 5.26891 0.515875)
(1.00736 5.01012 0.778107)
(1.76181 4.98298 0.526887)
(1.51061 5.26071 0.528221)
(1.53281 4.99752 0.789288)
(2.25229 5.00588 0.490117)
(2.05484 5.29385 0.540836)
(-1.8158 5.5604 0.555494)
(-1.24856 5.5301 0.508651)
(-0.749907 5.52521 0.527415)
(-0.254995 5.5105 0.510434)
(-0.495272 5.4588 0.736934)
(0.254995 5.5105 0.510434)
(-4.14892e-06 5.75261 0.503631)
(6.93889e-18 5.50735 0.738715)
(0.749907 5.52521 0.527415)
(0.495272 5.4588 0.736934)
(1.24856 5.5301 0.508651)
(1.8158 5.5604 0.555494)
(-0.263249 6 0.509066)
(0.263244 6 0.509066)
(-3.34474e-05 6.25277 0.508595)
(-1.56066e-17 5.99853 0.727258)
(-0.252459 6.49751 0.502165)
(-0.547477 6.73817 0.493025)
(0.252442 6.49751 0.502163)
(-0.00161034 6.75114 0.492975)
(0.547477 6.73817 0.493025)
(-0.257043 6.98883 0.500272)
(-0.525269 7.24182 0.500311)
(-0.53133 6.98949 0.754719)
(0.257628 6.98883 0.500273)
(0.00113099 7.24294 0.499737)
(0.0230203 6.92298 0.813805)
(0.525325 7.24182 0.500312)
(0.531353 6.98949 0.754719)
(-0.739438 7.49965 0.50023)
(-0.25887 7.49913 0.497985)
(-0.516855 7.75388 0.499264)
(-0.513833 7.49948 0.753498)
(0.25913 7.49912 0.497986)
(7.62907e-05 7.75669 0.498199)
(0.000270628 7.49858 0.750351)
(0.739438 7.49965 0.50023)
(0.516865 7.75388 0.499264)
(0.513851 7.49948 0.753498)
(-0.263503 8.01601 0.498636)
(-0.525268 8.27686 0.499541)
(-0.527694 8.01188 0.755852)
(0.263507 8.01601 0.498637)
(2.232e-05 8.26959 0.499299)
(-0.000233234 8.01619 0.758095)
(0.525268 8.27686 0.499541)
(0.527692 8.01189 0.755851)
(0.00136251 8.47878 0.7382)
(-2.25145 -8.00437 1.00243)
(-2.49973 -7.99983 1.25102)
(-1.98598 -7.72002 1.00821)
(-2.01688 -8.00429 1.27334)
(2.25145 -8.00437 1.00243)
(1.98598 -7.72002 1.00821)
(2.01688 -8.00429 1.27334)
(2.49973 -7.99983 1.25102)
(-1.49091 -2.73615 0.965813)
(1.49091 -2.73615 0.965813)
(-1.25392 -2.49797 1.00303)
(-1.49123 -2.26434 1.0597)
(1.25392 -2.49797 1.00303)
(1.49123 -2.26434 1.0597)
(-1.77004 -1.99891 0.9884)
(-1.21085 -2.00692 1.06159)
(-1.50164 -1.75092 1.00863)
(-1.00662 -1.74685 0.983752)
(1.21085 -2.00692 1.06159)
(1.00662 -1.74685 0.983752)
(1.77004 -1.99891 0.9884)
(1.50164 -1.75092 1.00863)
(-1.77923 -1.50119 1.03181)
(-1.2449 -1.50093 1.01322)
(-1.50175 -1.24993 1.01188)
(-0.992451 -1.25131 1.03823)
(1.24497 -1.50092 1.01323)
(0.992451 -1.25131 1.03823)
(1.77923 -1.50119 1.03181)
(1.50164 -1.25003 1.01186)
(-1.76545 -1.00247 1.02082)
(-1.2486 -1.00075 1.01171)
(-1.5079 -0.748338 1.02234)
(-0.741899 -1.00267 0.978347)
(-0.996492 -0.751462 1.01429)
(0.741899 -1.00267 0.978347)
(1.2486 -1.00075 1.0117)
(0.996492 -0.751462 1.01429)
(1.76545 -1.00247 1.02082)
(1.5079 -0.748339 1.02234)
(-1.25253 -0.499742 1.02141)
(-1.54513 -0.23944 1.05411)
(-0.710012 -0.508194 1.05945)
(-0.999782 -0.250308 1.02584)
(-0.497807 -0.254357 1.0265)
(3.46945e-18 -0.272353 0.992834)
(0.710012 -0.508194 1.05945)
(0.497807 -0.254357 1.0265)
(1.25253 -0.499742 1.02141)
(0.999781 -0.250308 1.02583)
(1.54513 -0.23944 1.05411)
(-1.25843 0.00226592 1.02617)
(-1.50568 0.248838 0.979023)
(-0.749588 -0.000601197 1.02596)
(-1.00125 0.249996 1.03954)
(-0.253502 -0.0112103 1.01441)
(-0.506835 0.242611 1.02484)
(0.253425 -0.0112116 1.01442)
(-5.30425e-05 0.240872 1.02158)
(0.749586 -0.000601682 1.02597)
(0.506829 0.2426 1.02488)
(1.25843 0.0022655 1.02616)
(1.00124 0.249988 1.03951)
(1.50568 0.248838 0.979023)
(-1.25409 0.500502 1.00964)
(-0.752714 0.497414 1.03262)
(-1.003 0.749764 1.02487)
(-0.254494 0.492984 1.02332)
(-0.506873 0.747045 1.01899)
(-0.496757 0.503464 1.26612)
(0.254581 0.492641 1.02409)
(-1.901e-05 0.747403 1.02012)
(2.35263e-05 0.490462 1.26763)
(0.752461 0.497298 1.03298)
(0.506907 0.746843 1.0203)
(0.496745 0.503485 1.26851)
(1.25369 0.500384 1.00794)
(1.0031 0.749364 1.02739)
(-1.28324 1.00303 1.05402)
(-0.756514 0.999088 1.01977)
(-1.00712 1.24799 1.01541)
(-0.252565 0.998615 1.02043)
(-0.507151 1.24952 1.01828)
(-0.505728 0.998979 1.26742)
(0.252232 0.998754 1.02178)
(-0.000551065 1.24899 1.02134)
(-0.000117107 0.997485 1.29937)
(0.756566 0.999299 1.02069)
(0.506719 1.24965 1.01994)
(0.505672 0.999016 1.26772)
(1.28675 1.00704 1.05358)
(1.00707 1.24797 1.01536)
(-1.27026 1.50012 1.02028)
(-0.756501 1.49992 1.01986)
(-1.01223 1.75079 1.01508)
(-0.252413 1.50033 1.01939)
(-0.505332 1.74998 1.02056)
(-0.505778 1.4997 1.27993)
(0.252506 1.50031 1.02628)
(0.00062268 1.75082 1.02101)
(0.000911946 1.50221 1.28698)
(0.756306 1.49987 1.01981)
(0.505386 1.74992 1.02164)
(0.504988 1.49965 1.2811)
(1.27029 1.50008 1.02025)
(1.01199 1.75078 1.015)
(-1.23263 2.00164 1.01108)
(-0.758301 1.99999 1.01682)
(-1.02456 2.24897 1.02762)
(-0.25163 1.99899 1.02011)
(-0.505723 2.24841 1.01648)
(-0.506453 1.99855 1.27378)
(0.251781 1.99898 1.02073)
(1.11084e-05 2.24829 1.01429)
(-0.000332148 1.99977 1.27757)
(0.758258 1.99998 1.01682)
(0.505712 2.24841 1.01651)
(0.506467 1.99855 1.2739)
(1.23263 2.00164 1.01108)
(1.0247 2.24903 1.02744)
(-4.04587 2.76164 0.949009)
(-4.00186 2.47626 1.23056)
(-3.50686 2.72058 0.996881)
(-0.763668 2.49869 1.01868)
(-1.02728 2.75072 1.02018)
(-0.252338 2.49812 1.01255)
(-0.50702 2.74847 1.01258)
(-0.507103 2.49608 1.27302)
(0.252353 2.49812 1.01256)
(1.01958e-05 2.74746 1.01468)
(8.58654e-05 2.49681 1.26659)
(0.763659 2.49869 1.01867)
(0.507022 2.74848 1.01258)
(0.507105 2.49608 1.27303)
(1.02728 2.75072 1.02018)
(3.50686 2.72058 0.996881)
(4.04587 2.76164 0.949009)
(4.00186 2.47626 1.23056)
(-3.75824 3.01212 1.00784)
(-3.99451 3.02654 1.24319)
(-3.49714 3.24666 1.03061)
(-0.771291 2.99895 1.01769)
(-1.03326 3.249 1.01812)
(-0.253351 2.99844 1.01273)
(-0.510259 3.24939 1.01423)
(-0.508522 2.99714 1.27184)
(0.253367 2.99844 1.01273)
(4.76257e-05 3.25064 1.01068)
(1.29028e-05 2.99704 1.26846)
(0.771288 2.99895 1.01769)
(0.510265 3.24939 1.01423)
(0.508523 2.99714 1.27184)
(1.03326 3.249 1.01812)
(3.75824 3.01212 1.00784)
(3.49714 3.24666 1.03061)
(3.99451 3.02654 1.24319)
(-0.767938 3.49893 1.01287)
(-1.01948 3.74789 1.00877)
(-1.01452 3.50365 1.24626)
(-0.252287 3.50222 1.0135)
(-0.504163 3.7514 1.01337)
(-0.504987 3.50137 1.27015)
(0.252374 3.50222 1.0135)
(8.0142e-05 3.75306 1.01204)
(0.000337303 3.50676 1.27553)
(0.767913 3.49894 1.01287)
(0.504179 3.7514 1.01337)
(0.505003 3.50137 1.27016)
(1.01948 3.74789 1.00877)
(1.01452 3.50365 1.24626)
(-1.19555 4.00641 0.98772)
(-0.760585 4.00164 1.01191)
(-1.01868 4.25172 1.01717)
(-1.03 4.00054 1.2633)
(-0.249485 4.00357 1.01081)
(-0.500293 4.25609 1.0131)
(-0.497507 4.0082 1.27468)
(0.249505 4.00357 1.01081)
(1.01099e-05 4.25433 1.0094)
(1.73964e-05 4.00482 1.26477)
(0.760585 4.00164 1.01191)
(0.500294 4.25609 1.0131)
(0.497509 4.0082 1.27468)
(1.19555 4.00641 0.98772)
(1.01868 4.25172 1.01717)
(1.03 4.00054 1.2633)
(-1.26981 4.49534 0.986587)
(-0.754694 4.51 1.0202)
(-1.01419 4.76156 1.02775)
(-0.988086 4.49844 1.26028)
(-0.248398 4.5087 1.01848)
(-0.49957 4.76555 1.02518)
(-0.502945 4.5364 1.28633)
(0.248399 4.5087 1.01848)
(3.41705e-08 4.76125 1.02215)
(0 4.49722 1.23718)
(0.754693 4.51 1.0202)
(0.49957 4.76555 1.02518)
(0.502945 4.5364 1.28633)
(1.26981 4.49534 0.986587)
(1.0143 4.76151 1.02776)
(0.988086 4.49844 1.26028)
(-0.754924 5.04485 1.06355)
(-0.252818 5.03814 1.03827)
(0.252818 5.03814 1.03827)
(0.754924 5.04485 1.06355)
(-0.529791 6.73668 1.01093)
(0.529791 6.73668 1.01093)
(-0.210523 6.95354 1.0036)
(-0.511909 7.2495 1.00978)
(-0.540288 7.00523 1.27956)
(0.210523 6.95354 1.0036)
(0.00128414 7.24117 0.998516)
(-0.0132748 6.94592 1.21477)
(0.511917 7.24949 1.00978)
(0.540288 7.00523 1.27956)
(-0.254655 7.50168 0.993351)
(-0.531275 7.75465 1.01541)
(-0.518865 7.5172 1.28094)
(0.254714 7.50168 0.993351)
(4.02945e-05 7.75687 1.01299)
(0.00027967 7.49416 1.26233)
(0.531279 7.75465 1.01542)
(0.518865 7.5172 1.28094)
(-0.265981 8.01955 1.02079)
(0.265889 8.0196 1.02089)
(-0.00338308 8.27838 1.0158)
(-1.10494e-05 8.01942 1.28082)
(-0.00877031 1.25996 1.44826)
(0.00170946 2.23972 1.44403)
(-4.32392 2.48547 1.43146)
(-4.0002 2.81878 1.56413)
(-4.01716 2.50018 1.71249)
(-0.249866 2.49799 1.49535)
(-0.498501 2.75061 1.50474)
(0.249866 2.49799 1.49535)
(0 2.73428 1.5397)
(0.498501 2.75061 1.50474)
(4.0002 2.81878 1.56413)
(4.01716 2.50018 1.71249)
(-0.251963 2.99626 1.51916)
(-0.536479 3.24994 1.55706)
(0.251965 2.99626 1.51916)
(8.49057e-05 3.25108 1.50794)
(0.536479 3.24994 1.55706)
(-0.740944 3.50098 1.4616)
(-0.25236 3.53833 1.56617)
(-0.471167 3.74835 1.56519)
(0.25236 3.53833 1.56617)
(0.000791736 3.75682 1.50707)
(0.740944 3.50098 1.4616)
(0.471167 3.74835 1.56519)
(-0.747638 4.00267 1.52507)
(-0.253446 3.99096 1.4578)
(0.253446 3.99096 1.4578)
(0.747638 4.00267 1.52507)
(-0.00833912 7.25867 1.51281)
(-0.225196 7.51152 1.47408)
(0.225196 7.51152 1.47408)
(-0.00212277 7.74803 1.50458)
(-0.740263 0.263851 -0.969731)
(0.740263 0.263851 -0.969731)
(-0.749101 0.73501 -0.965459)
(0.749101 0.73501 -0.965459)
(-2.24156 -7.76558 -0.473134)
(2.24156 -7.76558 -0.473134)
(-1.75324 -5.75789 -0.48632)
(1.75323 -5.75786 -0.48633)
(-1.74203 -5.25301 -0.520404)
(1.74203 -5.25301 -0.520406)
(-1.749 -4.748 -0.524069)
(1.74901 -4.74803 -0.52407)
(-1.74365 -4.25648 -0.504088)
(1.74365 -4.25648 -0.504088)
(-1.25014 -1.74811 -0.484761)
(1.25014 -1.74811 -0.484761)
(-1.25073 -1.25257 -0.546362)
(1.25073 -1.25257 -0.546362)
(-1.2904 -0.747635 -0.56333)
(-0.743865 -0.756148 -0.535491)
(0.743865 -0.756148 -0.535491)
(1.2904 -0.747635 -0.56333)
(-0.99805 -0.237381 -0.762027)
(-1.26977 -0.256791 -0.528274)
(-0.493846 -0.253683 -0.739628)
(-0.751829 -0.00816195 -0.786107)
(-0.746203 -0.264157 -0.527487)
(-0.238901 -0.0202524 -0.799195)
(-0.181898 -0.298561 -0.541057)
(0.493846 -0.253683 -0.739628)
(0.238901 -0.0202524 -0.799195)
(0.181898 -0.298561 -0.541057)
(0.99805 -0.237381 -0.762027)
(0.751823 -0.00816043 -0.786102)
(0.746202 -0.264156 -0.527484)
(1.26977 -0.256791 -0.528274)
(-1.01651 0.244318 -0.784206)
(-1.25862 0.497525 -0.747882)
(-1.27753 0.249866 -0.522267)
(-0.492728 0.242874 -0.777742)
(-0.754661 0.500147 -0.772703)
(-0.753995 0.245596 -0.518846)
(0 0.228703 -0.728544)
(-0.230036 0.500689 -0.781329)
(-0.238971 0.244458 -0.51438)
(0.492732 0.242874 -0.777739)
(0.23005 0.500692 -0.781301)
(0.239134 0.244458 -0.514373)
(1.01651 0.244317 -0.784206)
(0.754667 0.500147 -0.772696)
(0.753999 0.245593 -0.518848)
(1.25862 0.497525 -0.747882)
(1.27753 0.249866 -0.522267)
(-1.01404 0.755083 -0.770664)
(-1.27062 0.75382 -0.512679)
(-0.494614 0.756747 -0.778601)
(-0.751046 1.01012 -0.77079)
(-0.754288 0.754953 -0.515276)
(1.01109e-18 0.75057 -0.751114)
(-0.244714 1.00459 -0.779519)
(-0.245562 0.752378 -0.511862)
(0.494705 0.756738 -0.778445)
(0.248236 1.00098 -0.771137)
(0.245793 0.752343 -0.511374)
(1.01408 0.755122 -0.770713)
(0.751071 1.01012 -0.770416)
(0.754394 0.75502 -0.515287)
(1.27073 0.753885 -0.512806)
(-1.25529 1.25953 -0.504754)
(-0.498954 1.24979 -0.727413)
(-0.75511 1.26415 -0.522611)
(-0.249012 1.26079 -0.51382)
(0.498954 1.24979 -0.727413)
(0.249044 1.26077 -0.513713)
(0.755126 1.26415 -0.522591)
(1.25529 1.25953 -0.504754)
(-1.23938 4.75518 -0.483703)
(-0.74871 4.73643 -0.555344)
(-0.249993 4.74999 -0.508468)
(0.249993 4.74999 -0.508468)
(0.74871 4.73643 -0.555344)
(1.23938 4.75518 -0.483703)
(-1.2484 5.24063 -0.492534)
(-0.749651 5.25157 -0.517939)
(-0.2501 5.24984 -0.507855)
(0.2501 5.24984 -0.507855)
(0.749651 5.25157 -0.517939)
(1.2484 5.24063 -0.492534)
(-2.25216 -8.03231 -0.261668)
(2.25216 -8.03231 -0.261668)
(-2.52807 -7.74866 -0.241693)
(-1.95018 -7.74978 -0.252026)
(-2.24789 -7.49623 -0.282879)
(-2.26166 -7.75215 -0.00539751)
(1.95018 -7.74978 -0.252026)
(2.52807 -7.74866 -0.241693)
(2.24789 -7.49623 -0.282879)
(2.26166 -7.75215 -0.00539752)
(-2.24822 -7.00012 -0.268823)
(-2.2564 -7.24619 -0.00401235)
(2.24822 -7.00012 -0.268822)
(2.2564 -7.24619 -0.00401238)
(-1.9664 -6.74468 -0.283803)
(-2.26201 -6.50032 -0.269696)
(-2.25761 -6.75 0.00129515)
(1.9664 -6.74468 -0.283803)
(2.26203 -6.50034 -0.269643)
(2.25762 -6.75 0.00129861)
(-1.97634 -6.26151 -0.29272)
(-2.27839 -6.00344 -0.264154)
(-2.30327 -6.24942 0.00163918)
(-1.7227 -6.00134 -0.249091)
(-1.75016 -6.23366 -0.0101731)
(1.97993 -6.26357 -0.285631)
(1.72328 -6.00283 -0.249497)
(1.75019 -6.23372 -0.0105112)
(2.27732 -6.00104 -0.257635)
(2.30248 -6.24913 0.00148608)
(-2.00343 -5.7544 -0.266601)
(-2.29403 -5.50251 -0.26295)
(-2.30218 -5.75163 0.00520283)
(-1.7308 -5.50945 -0.256823)
(-1.72879 -5.75346 0.00743567)
(2.00374 -5.7541 -0.265328)
(1.73095 -5.50944 -0.257311)
(1.72883 -5.75344 0.00746081)
(2.29403 -5.50251 -0.262914)
(2.30204 -5.75166 0.00524329)
(-2.01735 -5.25198 -0.267907)
(-2.29694 -4.99929 -0.272358)
(-2.31413 -5.24982 0.00113315)
(-1.43016 -5.28453 -0.261376)
(-1.73656 -5.00227 -0.261468)
(-1.73165 -5.25723 0.00965136)
(1.43016 -5.28453 -0.261376)
(2.01695 -5.25199 -0.267995)
(1.7366 -5.00245 -0.261485)
(1.73167 -5.25725 0.00964401)
(2.29695 -4.99929 -0.272352)
(2.31414 -5.24982 0.00113996)
(-2.01754 -4.74412 -0.269631)
(-2.28742 -4.49165 -0.252697)
(-2.28688 -4.74811 0.000978181)
(-1.46641 -4.75631 -0.260685)
(-1.74916 -4.49401 -0.275862)
(-1.7365 -4.75328 0.00639973)
(1.4667 -4.75815 -0.260762)
(2.01755 -4.74416 -0.269633)
(1.74917 -4.49413 -0.275865)
(1.73662 -4.754 0.00636773)
(2.28742 -4.49165 -0.252697)
(2.28688 -4.74811 0.000978138)
(-2.02261 -4.23548 -0.273718)
(-2.25928 -4.26224 0.00393723)
(-1.4818 -4.248 -0.275113)
(-1.76511 -3.98611 -0.282757)
(-1.75623 -4.24513 -0.00704067)
(-1.23166 -4.25222 0.000341539)
(1.48177 -4.24804 -0.275099)
(1.23166 -4.25222 0.000341539)
(2.02261 -4.23548 -0.273719)
(1.76514 -3.9861 -0.282762)
(1.75631 -4.24515 -0.0070916)
(2.25928 -4.26224 0.00393723)
(-1.49585 -3.74861 -0.273854)
(-1.74266 -3.50074 -0.265717)
(-1.77113 -3.74251 -0.018302)
(-1.22648 -3.75261 -0.0103467)
(1.49577 -3.74862 -0.273835)
(1.22643 -3.75262 -0.0102838)
(1.74266 -3.50074 -0.265717)
(1.77111 -3.74251 -0.0183048)
(-1.5118 -3.24648 -0.307777)
(-1.77918 -3.2462 -0.0243633)
(-1.25973 -2.99862 -0.286808)
(-1.22545 -3.25456 -0.0292395)
(1.5118 -3.24648 -0.307777)
(1.25973 -2.99862 -0.286808)
(1.22545 -3.25456 -0.0292383)
(1.77918 -3.2462 -0.0243634)
(-1.5018 -2.7519 -0.265925)
(-1.78308 -2.75031 -0.0101542)
(-1.20731 -2.53679 -0.3131)
(-1.23652 -2.75492 -0.0230637)
(1.5018 -2.7519 -0.265925)
(1.20731 -2.53679 -0.3131)
(1.23652 -2.75491 -0.0230519)
(1.78308 -2.75031 -0.0101545)
(-1.50594 -2.25165 -0.276608)
(-1.78375 -2.25101 -0.0157482)
(-0.964657 -2.2545 -0.289117)
(-1.24984 -2.0058 -0.283675)
(-1.24483 -2.25254 -0.0163206)
(-0.751417 -2.25002 0.0126727)
(0.964657 -2.2545 -0.289117)
(0.751417 -2.25002 0.0126727)
(1.50587 -2.25165 -0.276598)
(1.24984 -2.0058 -0.283674)
(1.24481 -2.25253 -0.0163079)
(1.78367 -2.25102 -0.0158014)
(-1.51495 -1.75091 -0.268721)
(-1.77011 -1.49786 -0.247429)
(-1.77747 -1.74936 -0.00717973)
(-0.982682 -1.75496 -0.273616)
(-1.25071 -1.50114 -0.27611)
(-1.24922 -1.7522 -0.0122486)
(-0.711105 -1.50449 -0.286154)
(-0.728188 -1.75313 -0.00753527)
(0.982682 -1.75496 -0.273616)
(0.711105 -1.50449 -0.286154)
(0.728188 -1.75313 -0.00753528)
(1.51495 -1.75091 -0.268721)
(1.25071 -1.50114 -0.276111)
(1.24922 -1.7522 -0.0122548)
(1.77011 -1.49786 -0.247429)
(1.77746 -1.74936 -0.00717957)
(-1.5095 -1.2501 -0.260765)
(-1.75035 -1.00028 -0.245645)
(-1.77593 -1.24907 -0.00473071)
(-0.989642 -1.25305 -0.276806)
(-1.25217 -1.00109 -0.277042)
(-1.25275 -1.25101 -0.0137497)
(-0.730198 -1.00486 -0.266732)
(-0.733372 -1.25382 -0.00849969)
(0.989641 -1.25305 -0.276808)
(0.730198 -1.00486 -0.266732)
(0.733372 -1.25382 -0.00849985)
(1.50948 -1.25009 -0.26081)
(1.25216 -1.00108 -0.27708)
(1.25275 -1.251 -0.013764)
(1.74802 -0.999341 -0.250938)
(1.77593 -1.24907 -0.00473453)
(-1.52665 -0.746227 -0.278833)
(-1.81756 -0.71569 -0.0491504)
(-0.99614 -0.754118 -0.26985)
(-1.26263 -0.501146 -0.273133)
(-1.25863 -0.750048 -0.0133276)
(-0.462878 -0.786959 -0.258337)
(-0.741658 -0.509127 -0.266262)
(-0.734879 -0.756325 -0.00872446)
(-0.231206 -0.519065 -0.243848)
(0.462878 -0.786959 -0.258337)
(0.231206 -0.519065 -0.243848)
(0.996146 -0.754115 -0.269855)
(0.741659 -0.509127 -0.266262)
(0.734879 -0.756325 -0.00872503)
(1.52663 -0.746226 -0.278869)
(1.26268 -0.501139 -0.273143)
(1.25864 -0.750043 -0.0133348)
(1.81756 -0.71569 -0.0491504)
(-1.52089 -0.247798 -0.263983)
(-1.76325 -0.251047 0.00151741)
(-1.00579 -0.254993 -0.267209)
(-1.26977 -0.000828431 -0.266371)
(-1.26224 -0.249916 -0.00841042)
(-0.489983 -0.260803 -0.259869)
(9.31841e-18 -0.278091 -0.23375)
(-0.24179 -0.00873401 -0.257088)
(-0.239818 -0.267994 -0.00345747)
(0.489993 -0.260803 -0.259868)
(0.241993 -0.00873396 -0.257086)
(0.239823 -0.267994 -0.00345739)
(1.00579 -0.254993 -0.267211)
(1.52089 -0.247798 -0.263982)
(1.26977 -0.000828014 -0.266372)
(1.26224 -0.249916 -0.00840913)
(1.76325 -0.251047 0.00151741)
(-1.56881 0.28482 -0.301807)
(-1.01199 0.248819 -0.263124)
(-1.26939 0.501664 -0.260476)
(-1.26421 0.250966 -0.00583628)
(1.012 0.248823 -0.263132)
(1.56881 0.28482 -0.301807)
(1.2694 0.501674 -0.260492)
(1.26421 0.250965 -0.00583835)
(-1.52166 0.748875 -0.250524)
(-1.01087 0.75272 -0.259488)
(-1.27372 1.00503 -0.264003)
(-1.26531 0.752077 -0.00681507)
(-0.755256 1.00622 -0.261708)
(-0.249475 1.00341 -0.256579)
(0.249574 1.00335 -0.256358)
(1.01101 0.75285 -0.259647)
(0.755357 1.00627 -0.261721)
(1.52166 0.748875 -0.250524)
(1.27392 1.00519 -0.264305)
(1.26534 0.75208 -0.00684305)
(-1.01364 1.26015 -0.268013)
(-1.29932 1.54062 -0.299174)
(-1.2704 1.25474 -0.0118073)
(-0.500693 1.25749 -0.262145)
(-0.755353 1.51209 -0.268611)
(-0.75555 1.25549 -0.00849677)
(6.95586e-06 1.25393 -0.255667)
(-0.24998 1.5072 -0.262546)
(-0.250404 1.25337 -0.00550067)
(0.500689 1.25742 -0.261998)
(0.249923 1.50714 -0.262405)
(0.2504 1.25335 -0.00541652)
(1.01374 1.26018 -0.268066)
(0.75531 1.51175 -0.268138)
(0.755604 1.25543 -0.0084622)
(1.29932 1.54062 -0.299174)
(1.27052 1.25471 -0.0119297)
(-1.0357 1.7886 -0.291614)
(-1.27215 1.76207 -0.0135745)
(-0.501852 1.75658 -0.263839)
(-0.747922 2.00144 -0.250732)
(-0.758278 1.76073 -0.015798)
(5.2881e-07 1.76229 -0.267786)
(-0.250435 2.00751 -0.275127)
(-0.250837 1.75541 -0.0129837)
(0.50151 1.75569 -0.262596)
(0.250431 2.00751 -0.27512)
(0.250779 1.75534 -0.0128657)
(1.0364 1.78848 -0.291243)
(0.747922 2.00144 -0.250732)
(0.758313 1.76049 -0.0155931)
(1.27322 1.76125 -0.0157458)
(-0.495601 2.24844 -0.222126)
(-0.8013 2.29619 -0.0618731)
(0 2.25159 -0.245693)
(-0.24706 2.49493 -0.214696)
(-0.253445 2.25587 -0.0201183)
(0.495601 2.24844 -0.222126)
(0.24706 2.49493 -0.214696)
(0.25338 2.25587 -0.0201146)
(0.8013 2.29619 -0.0618731)
(-0.768488 2.75204 -0.0202294)
(-0.249347 3.01288 -0.197408)
(-0.251774 2.75029 -0.0300255)
(0.249347 3.01288 -0.197408)
(0.251765 2.75029 -0.0300251)
(0.768488 2.75204 -0.0202294)
(-0.48921 3.25557 -0.227927)
(-0.739348 3.507 -0.214429)
(-0.764615 3.24262 -0.0326954)
(2.13836e-18 3.25055 -0.224333)
(-0.249501 3.49268 -0.285763)
(-0.25128 3.24836 -0.0130632)
(0.48921 3.25557 -0.227927)
(0.249501 3.49268 -0.285763)
(0.25128 3.24836 -0.0130629)
(0.739348 3.507 -0.214429)
(0.764615 3.24262 -0.0326954)
(-2.74697 4.00264 -0.225274)
(-2.74036 3.73478 -0.0231632)
(-1.23247 3.74533 0.00340283)
(-0.504437 3.74047 -0.274354)
(-0.752055 3.99114 -0.273315)
(-0.760621 3.74199 -0.0252085)
(0 3.71495 -0.289799)
(-0.249832 3.9985 -0.28389)
(-0.249681 3.74478 -0.0198747)
(0.504437 3.74047 -0.274354)
(0.249831 3.9985 -0.28389)
(0.249681 3.74478 -0.0198748)
(0.752056 3.99114 -0.273316)
(0.760621 3.74199 -0.0252101)
(1.23247 3.74533 0.00340283)
(2.74697 4.00264 -0.225274)
(2.74036 3.73478 -0.0231632)
(-2.49275 4.24286 -0.271318)
(-2.79871 4.29415 -0.0523483)
(-2.24912 4.49884 -0.291311)
(-2.23496 4.2358 -0.0197313)
(-1.751 4.50207 -0.225977)
(-1.00923 4.23657 -0.279083)
(-1.26668 4.48997 -0.273787)
(-1.2782 4.23766 -0.012979)
(-0.501102 4.24533 -0.284293)
(-0.750707 4.4967 -0.26658)
(-0.754437 4.24528 -0.0158369)
(1.30542e-09 4.24766 -0.274654)
(-0.249605 4.4987 -0.26026)
(-0.250052 4.24843 -0.0157932)
(0.501102 4.24533 -0.284294)
(0.249605 4.4987 -0.26026)
(0.250052 4.24843 -0.0157933)
(1.00924 4.23656 -0.279093)
(0.750705 4.4967 -0.266605)
(0.754411 4.2453 -0.015825)
(1.26668 4.48997 -0.273787)
(1.27819 4.23766 -0.0129814)
(1.751 4.50207 -0.225977)
(2.49275 4.24286 -0.271318)
(2.24912 4.49884 -0.291311)
(2.23497 4.23581 -0.0197272)
(2.79871 4.29415 -0.0523483)
(-2.02976 4.74493 -0.323956)
(-2.26467 4.75545 -0.0171981)
(-1.50307 4.74737 -0.259233)
(-1.75428 5.00003 -0.276805)
(-1.74864 4.74349 -0.00464111)
(-1.00395 4.74513 -0.280141)
(-1.25344 5.00026 -0.273267)
(-1.257 4.7461 -0.00839457)
(-0.4993 4.74951 -0.265838)
(-0.746362 5.00132 -0.270823)
(-0.751109 4.74886 -0.0114981)
(7.34913e-09 4.7499 -0.257121)
(-0.249858 5.00062 -0.27228)
(-0.250063 4.75058 -0.00869241)
(0.4993 4.74951 -0.265837)
(0.249858 5.00062 -0.272279)
(0.250063 4.75058 -0.00869237)
(1.00395 4.74513 -0.280143)
(0.746361 5.00132 -0.270823)
(0.751107 4.74886 -0.0115013)
(1.50307 4.74737 -0.259233)
(1.25344 5.00026 -0.273267)
(1.257 4.7461 -0.00839636)
(2.02976 4.74493 -0.323956)
(1.75428 5.00003 -0.276805)
(1.74864 4.74349 -0.00463961)
(2.26468 4.75545 -0.017198)
(-2.00344 5.25598 -0.291725)
(-2.2377 5.25156 0.000547809)
(-1.50753 5.2608 -0.280779)
(-1.75357 5.50924 -0.265433)
(-1.76455 5.26463 -0.0158936)
(-1.00137 5.25693 -0.273321)
(-1.25198 5.5156 -0.266932)
(-1.25187 5.25976 -0.00746878)
(-0.500131 5.25317 -0.269254)
(-0.755804 5.51603 -0.272075)
(-0.751442 5.25718 -0.00632419)
(8.71579e-09 5.25379 -0.264159)
(-0.246682 5.51149 -0.277021)
(-0.250927 5.25529 -0.00942291)
(0.500131 5.25317 -0.269253)
(0.246682 5.51149 -0.277021)
(0.250927 5.25529 -0.00942194)
(1.00137 5.25693 -0.273321)
(0.755804 5.51603 -0.272075)
(0.751442 5.25718 -0.00632438)
(1.50753 5.2608 -0.280779)
(1.25198 5.5156 -0.266932)
(1.25187 5.25976 -0.00746881)
(2.00344 5.25598 -0.291725)
(1.75357 5.50924 -0.265433)
(1.76454 5.26462 -0.0158891)
(2.2377 5.25156 0.000547809)
(-1.25 5.69725 0.0044853)
(-0.542754 5.81294 -0.308243)
(-0.755869 5.78491 0.00311914)
(2.08167e-17 5.78884 -0.286551)
(-0.256032 5.76296 -0.0120841)
(0.542754 5.81294 -0.308243)
(0.256031 5.76296 -0.0120841)
(0.755869 5.78491 0.00311914)
(1.25 5.69725 0.0044853)
(-0.263616 6.25609 -0.0213254)
(0.263603 6.25608 -0.0213208)
(-0.243903 6.99993 -0.229475)
(-0.258663 6.7441 -0.022746)
(0.243903 6.99993 -0.229475)
(0.258687 6.7441 -0.0227461)
(-0.000136187 7.23875 -0.278724)
(-0.259691 7.49898 -0.270431)
(-0.268519 7.24137 -0.0206477)
(0.259737 7.49898 -0.270431)
(0.268584 7.24137 -0.0206476)
(0.000539406 7.75494 -0.272911)
(-0.252185 8.0049 -0.263719)
(-0.262233 7.75624 -0.0161269)
(0.252185 8.0049 -0.263719)
(0.262334 7.75624 -0.0161269)
(-0.253338 8.29338 -0.00414656)
(0.253338 8.29338 -0.00414656)
(-2.2483 -8.01704 0.250809)
(2.2483 -8.01704 0.250809)
(-2.55953 -7.70665 0.252332)
(-2.00271 -7.7508 0.250557)
(-2.26772 -7.49266 0.259439)
(-2.25787 -7.7404 0.507124)
(2.00271 -7.7508 0.250557)
(2.55953 -7.70665 0.252332)
(2.26772 -7.49266 0.259439)
(2.25787 -7.7404 0.507124)
(-2.46791 -7.24989 0.244623)
(-1.94577 -7.24217 0.255936)
(-2.25414 -6.99738 0.267368)
(1.94577 -7.24217 0.255936)
(2.46791 -7.24989 0.244623)
(2.25413 -6.99738 0.267368)
(-1.97288 -6.7528 0.247945)
(-2.2958 -6.49844 0.303472)
(1.97288 -6.7528 0.247945)
(2.2958 -6.49844 0.303472)
(-1.95035 -6.28829 0.30664)
(-2.29757 -5.99929 0.292861)
(1.95035 -6.28829 0.30664)
(2.29838 -5.99861 0.287478)
(-1.99526 -5.75211 0.289046)
(-2.30326 -5.50182 0.297892)
(-1.71953 -5.50351 0.278494)
(1.99524 -5.75212 0.288972)
(1.71953 -5.50351 0.278494)
(2.30326 -5.50182 0.297892)
(-2.00445 -5.25304 0.279398)
(-2.28862 -4.99995 0.287196)
(-1.73195 -5.00521 0.27358)
(2.00445 -5.25304 0.279399)
(1.73195 -5.00522 0.27358)
(2.28862 -4.99995 0.287196)
(-2.00714 -4.74994 0.268129)
(-2.26326 -4.50125 0.242353)
(-1.45352 -4.79392 0.301643)
(-1.74375 -4.50587 0.274216)
(-1.76236 -4.74445 0.503218)
(1.45352 -4.79392 0.301643)
(2.00715 -4.74995 0.268129)
(1.74377 -4.50591 0.274213)
(1.76236 -4.74445 0.503218)
(2.26326 -4.50125 0.242353)
(-2.02428 -4.24593 0.26907)
(-1.48112 -4.25884 0.262513)
(-1.76613 -3.99901 0.261251)
(-1.75752 -4.2544 0.534558)
(-1.22312 -4.00795 0.250639)
(1.48101 -4.25871 0.262177)
(1.22312 -4.00795 0.250638)
(2.02428 -4.24593 0.26907)
(1.76613 -3.99901 0.261254)
(1.75753 -4.2544 0.534549)
(-2.05258 -3.74414 0.246184)
(-1.49065 -3.75399 0.252193)
(-1.77066 -3.49861 0.249029)
(-1.77915 -3.75124 0.514747)
(-1.22692 -3.5043 0.249968)
(-1.2211 -3.75735 0.511931)
(1.49063 -3.754 0.252217)
(1.22692 -3.5043 0.249969)
(1.2211 -3.75735 0.511931)
(2.05258 -3.74414 0.246184)
(1.77066 -3.49861 0.249029)
(1.77915 -3.75124 0.514747)
(-1.97335 -3.25123 0.250476)
(-1.50073 -3.25088 0.244371)
(-1.77923 -2.99838 0.245304)
(-1.76554 -3.24944 0.509929)
(-0.976286 -3.25412 0.250119)
(-1.23156 -3.005 0.245297)
(-1.22859 -3.25587 0.51091)
(0.976286 -3.25412 0.250119)
(1.50073 -3.25088 0.244377)
(1.23158 -3.00495 0.245396)
(1.2286 -3.25584 0.510948)
(1.97335 -3.25123 0.250476)
(1.77923 -2.99838 0.245305)
(1.76554 -3.24944 0.50993)
(-1.51024 -2.7513 0.245995)
(-1.76493 -2.50054 0.24457)
(-1.76895 -2.75239 0.51065)
(-0.974867 -2.75314 0.249054)
(-1.23984 -2.5029 0.247709)
(-1.23534 -2.7547 0.510102)
(-0.790595 -2.48715 0.246333)
(0.974885 -2.75312 0.249122)
(0.790595 -2.48715 0.246333)
(1.51025 -2.75129 0.246036)
(1.23985 -2.50288 0.247754)
(1.23549 -2.7545 0.510655)
(1.76493 -2.50054 0.244568)
(1.76896 -2.75239 0.510656)
(-1.95539 -2.24995 0.260249)
(-1.50744 -2.25108 0.244099)
(-1.76096 -1.99998 0.238509)
(-1.75905 -2.25124 0.507586)
(-0.975758 -2.25259 0.24939)
(-1.23927 -2.25289 0.509268)
(-0.680604 -2.03531 0.250122)
(-0.769893 -2.24646 0.491501)
(0.975756 -2.25259 0.249394)
(0.680604 -2.03531 0.250122)
(0.769893 -2.24646 0.491501)
(1.50743 -2.25108 0.244095)
(1.23927 -2.25288 0.509282)
(1.95539 -2.24995 0.260249)
(1.76096 -1.99998 0.238508)
(1.75905 -2.25124 0.507584)
(-1.95009 -1.75581 0.261803)
(-1.51159 -1.75016 0.245686)
(-1.77857 -1.49915 0.245327)
(-1.75693 -1.75019 0.502736)
(-0.984117 -1.75362 0.249182)
(-1.2435 -1.75227 0.506644)
(-0.732633 -1.50539 0.25044)
(-0.732262 -1.75502 0.505837)
(0.984121 -1.75362 0.249176)
(0.732633 -1.50539 0.25044)
(0.732262 -1.75502 0.505837)
(1.51159 -1.75016 0.245682)
(1.24355 -1.75227 0.506666)
(1.95009 -1.75581 0.261803)
(1.77857 -1.49915 0.245326)
(1.75693 -1.75019 0.502736)
(-1.51377 -1.2497 0.247032)
(-1.78304 -0.998064 0.242421)
(-1.76262 -1.24927 0.502083)
(-0.989881 -1.25299 0.249249)
(-1.24807 -1.25163 0.505929)
(-0.481434 -1.25851 0.249925)
(-0.732619 -1.00467 0.249967)
(-0.726562 -1.25652 0.510621)
(0.481434 -1.25851 0.249925)
(0.989882 -1.25299 0.249246)
(0.732619 -1.00467 0.249966)
(0.726562 -1.25652 0.510621)
(1.51377 -1.2497 0.247021)
(1.24809 -1.25163 0.505916)
(1.78304 -0.998063 0.242416)
(1.76264 -1.24928 0.502037)
(-1.51995 -0.748005 0.244952)
(-1.7768 -0.496986 0.24563)
(-1.80199 -0.744839 0.495476)
(-0.995124 -0.752606 0.248508)
(-1.2561 -0.749917 0.503987)
(-0.467207 -0.760111 0.249346)
(-0.740287 -0.505389 0.250161)
(-0.734789 -0.755487 0.507814)
(-0.215675 -0.536965 0.249838)
(0.467207 -0.760111 0.249346)
(0.215675 -0.536965 0.249838)
(0.995125 -0.752605 0.248505)
(0.740289 -0.505388 0.250159)
(0.734792 -0.755485 0.507812)
(1.51994 -0.748005 0.244951)
(1.25611 -0.749917 0.503982)
(1.7768 -0.496985 0.24563)
(1.80199 -0.744839 0.495471)
(-1.52098 -0.24689 0.246814)
(-1.77254 0.00234058 0.249403)
(-1.77494 -0.244866 0.502601)
(-1.262 0.00101133 0.249341)
(-1.26082 -0.248215 0.505894)
(-0.492608 -0.258743 0.251167)
(-0.744591 -0.254015 0.507676)
(-1.10429e-05 -0.277194 0.250634)
(-0.247975 -0.0091505 0.25069)
(-0.24369 -0.264612 0.505754)
(0.492601 -0.258743 0.251169)
(0.247937 -0.00915244 0.250692)
(0.243592 -0.264612 0.505754)
(0.744584 -0.254014 0.507677)
(1.52098 -0.24689 0.246816)
(1.262 0.00101009 0.249335)
(1.26081 -0.248216 0.50589)
(1.77254 0.00234058 0.249403)
(1.77494 -0.244866 0.502601)
(-1.51372 0.251053 0.248614)
(-1.7168 0.499306 0.253348)
(-1.74116 0.249367 0.498856)
(-1.0033 0.249834 0.251228)
(-1.25896 0.500991 0.248582)
(-1.26025 0.251427 0.5061)
(-0.751071 0.248719 0.508331)
(1.0033 0.249829 0.251215)
(0.751046 0.248703 0.508345)
(1.51372 0.251051 0.248611)
(1.25896 0.500971 0.248517)
(1.26022 0.251412 0.506013)
(1.7168 0.499306 0.253348)
(1.74116 0.249367 0.498856)
(-1.52123 0.752515 0.245056)
(-1.00608 0.750851 0.250014)
(-1.27249 1.00238 0.247375)
(-1.26671 0.751365 0.505105)
(-0.75341 0.749801 0.506109)
(1.00608 0.750819 0.249944)
(0.753375 0.749733 0.506313)
(1.52137 0.752385 0.24505)
(1.27256 1.00232 0.247347)
(1.26658 0.751193 0.504366)
(-1.53835 1.25198 0.247302)
(-1.01269 1.25387 0.246685)
(-1.27364 1.50871 0.243481)
(-1.27344 1.2532 0.505995)
(1.01273 1.2538 0.246576)
(1.53836 1.25196 0.247304)
(1.27339 1.50858 0.243234)
(1.27312 1.25286 0.50584)
(-1.49792 1.73691 0.253992)
(-1.01575 1.76073 0.241012)
(-1.30237 2.05204 0.199665)
(-1.27691 1.76031 0.500822)
(-0.76085 2.00905 0.236754)
(1.01569 1.76065 0.24084)
(0.760832 2.00902 0.236764)
(1.49593 1.737 0.254014)
(1.30237 2.05204 0.199665)
(1.27605 1.76027 0.500276)
(-1.01844 2.26001 0.23488)
(-1.27621 2.26843 0.497702)
(-0.508116 2.2555 0.236184)
(-0.759654 2.50394 0.238772)
(-0.761519 2.25451 0.496116)
(-0.25319 2.50141 0.237999)
(0.508103 2.25549 0.236195)
(0.253148 2.50141 0.238004)
(1.01844 2.26001 0.234879)
(0.759622 2.50392 0.238813)
(0.761505 2.25451 0.496135)
(1.27621 2.26843 0.497702)
(-1.01472 2.75001 0.234835)
(-0.507092 2.74971 0.235347)
(-0.764245 2.99557 0.235943)
(-0.759296 2.75019 0.496831)
(-1.28848e-05 2.75018 0.235608)
(-0.251964 2.99882 0.236674)
(-0.252444 2.74984 0.494889)
(0.507078 2.74971 0.235368)
(0.251963 2.99882 0.236674)
(0.252437 2.74984 0.494892)
(1.01472 2.75001 0.234835)
(0.764244 2.99557 0.235943)
(0.759309 2.75019 0.496828)
(-3.52711 3.25544 0.22214)
(-3.74051 3.24676 0.500553)
(-2.96248 3.19042 0.236442)
(-3.26906 3.50781 0.237618)
(-3.23448 3.23352 0.499833)
(-2.69724 3.45643 0.271887)
(-1.0151 3.24498 0.241134)
(-1.24339 3.50559 0.25602)
(-1.22327 3.25172 0.499985)
(-0.507143 3.24667 0.235941)
(-0.7623 3.49509 0.236736)
(-0.764692 3.24692 0.495781)
(7.67509e-07 3.24885 0.241477)
(-0.25166 3.49767 0.237486)
(-0.252649 3.24902 0.496015)
(0.507143 3.24667 0.235941)
(0.251662 3.49767 0.237486)
(0.252656 3.24902 0.496015)
(1.0151 3.24498 0.241134)
(0.7623 3.49509 0.236736)
(0.764692 3.24692 0.495781)
(1.24339 3.50559 0.25602)
(1.22327 3.25172 0.499985)
(2.96248 3.19042 0.236442)
(2.69724 3.45643 0.271887)
(3.52711 3.25544 0.22214)
(3.26916 3.50814 0.237801)
(3.23415 3.23319 0.499807)
(3.74051 3.24676 0.500553)
(-3.01862 3.76504 0.258092)
(-3.2563 3.79211 0.504632)
(-2.46726 3.74669 0.25763)
(-2.76363 4.00813 0.274134)
(-2.7382 3.73503 0.517657)
(-2.25273 4.00453 0.245151)
(-1.02314 3.74308 0.241827)
(-1.27908 3.99559 0.247796)
(-1.31343 3.72347 0.501024)
(1.02314 3.74308 0.241828)
(1.27908 3.99559 0.247796)
(1.31343 3.72347 0.501024)
(2.46726 3.74669 0.25763)
(2.25273 4.00453 0.245151)
(3.01862 3.76505 0.258094)
(2.76363 4.00814 0.274151)
(2.7382 3.73503 0.517657)
(3.2563 3.79211 0.504632)
(-2.50071 4.25095 0.278389)
(-2.77254 4.26644 0.491384)
(-2.03238 4.25637 0.243657)
(-2.24659 4.49655 0.277888)
(-2.24601 4.24953 0.4873)
(-1.01538 4.24564 0.247437)
(-1.26862 4.49488 0.25327)
(-1.26902 4.24696 0.505647)
(1.01539 4.24563 0.247434)
(1.26862 4.49488 0.253268)
(1.26902 4.24696 0.505647)
(2.03238 4.25637 0.243657)
(2.50071 4.25096 0.278425)
(2.24659 4.49655 0.277889)
(2.24601 4.24953 0.4873)
(2.77254 4.26644 0.491384)
(-2.53668 4.79163 0.242368)
(-1.9886 4.73765 0.271977)
(-2.2814 5.01528 0.265433)
(-2.24631 4.74678 0.545765)
(-1.50387 4.74678 0.251911)
(-1.75566 4.9962 0.259735)
(-1.25545 5.00138 0.2549)
(-1.26614 4.74423 0.510577)
(-0.751786 5.0053 0.252403)
(-0.75459 4.75428 0.50972)
(-0.250209 4.75519 0.50799)
(0.250208 4.75519 0.50799)
(0.751782 5.0053 0.252399)
(0.754567 4.75429 0.509702)
(1.50387 4.74678 0.25191)
(1.25545 5.00138 0.254897)
(1.2661 4.74423 0.510535)
(1.9886 4.73765 0.271968)
(1.75565 4.9962 0.259719)
(2.53668 4.79163 0.242368)
(2.2814 5.01528 0.265433)
(2.24631 4.74678 0.545765)
(-2.02206 5.26515 0.255484)
(-1.50586 5.26244 0.256845)
(-1.76739 5.53267 0.256284)
(-1.76872 5.25746 0.534981)
(-1.00084 5.26145 0.25448)
(-1.24782 5.52086 0.253367)
(-1.25336 5.2674 0.521334)
(-0.502894 5.25874 0.253646)
(-0.753234 5.51372 0.259571)
(-0.750656 5.26403 0.511477)
(-0.255633 5.50966 0.254573)
(-0.250722 5.26055 0.512684)
(0.502894 5.25874 0.253646)
(0.255633 5.50966 0.254573)
(0.250722 5.26055 0.512684)
(1.00083 5.26145 0.254479)
(0.753234 5.51372 0.259571)
(0.750656 5.26403 0.511475)
(1.50586 5.26244 0.256843)
(1.24782 5.52086 0.253367)
(1.25336 5.2674 0.521334)
(2.02206 5.26515 0.255484)
(1.76739 5.53267 0.256284)
(1.76872 5.25746 0.534982)
(-1.49963 5.72819 0.233121)
(-0.536994 5.79328 0.253941)
(-2.85446e-06 5.75488 0.250002)
(-0.261373 6.00277 0.252368)
(-0.255677 5.75382 0.509326)
(0.536994 5.79328 0.253941)
(0.261366 6.00277 0.252367)
(0.255676 5.75382 0.509326)
(1.49963 5.72819 0.233121)
(-0.453542 6.25171 0.240136)
(-3.58491e-05 6.25163 0.247498)
(-0.253636 6.49935 0.246312)
(-0.280371 6.24232 0.519096)
(0.453542 6.25171 0.240136)
(0.253626 6.49935 0.24626)
(0.280365 6.24232 0.519095)
(-0.513431 6.74288 0.245695)
(-7.06713e-05 6.74775 0.239672)
(-0.266331 6.99283 0.240248)
(-0.25593 6.74897 0.490786)
(0.513431 6.74288 0.245695)
(0.266444 6.99283 0.240248)
(0.255842 6.74897 0.490786)
(-0.525637 7.24286 0.242055)
(-0.723896 7.50335 0.263179)
(-0.76132 7.242 0.525948)
(0.000291214 7.24456 0.240255)
(-0.262363 7.49869 0.242088)
(-0.259637 7.24286 0.499185)
(0.525646 7.24286 0.242055)
(0.262466 7.49869 0.242088)
(0.260383 7.24286 0.499191)
(0.723896 7.50335 0.263179)
(0.76132 7.242 0.525948)
(-0.528405 7.75505 0.240882)
(-0.74616 7.74875 0.500269)
(9.51487e-05 7.75785 0.240452)
(-0.263942 8.02012 0.238539)
(-0.261246 7.75607 0.498575)
(0.528409 7.75505 0.240882)
(0.26398 8.02012 0.238539)
(0.261315 7.75607 0.498573)
(0.74616 7.74875 0.500269)
(-0.50379 8.25268 0.250471)
(0.000945828 8.28055 0.235427)
(-0.269759 8.27929 0.49893)
(0.50379 8.25268 0.250471)
(0.269762 8.27929 0.49893)
(-2.24788 -7.998 0.75008)
(2.24788 -7.998 0.75008)
(-2.51265 -7.71498 0.747005)
(-1.96285 -7.72513 0.759679)
(-2.25343 -7.72141 1.00311)
(1.96285 -7.72513 0.759679)
(2.51265 -7.71498 0.747005)
(2.25343 -7.72141 1.00311)
(-1.74848 -4.00027 0.744607)
(1.74848 -4.00027 0.744607)
(-1.46527 -3.7969 0.820107)
(-1.77065 -3.50005 0.770847)
(-1.24893 -3.49588 0.749998)
(1.46527 -3.7969 0.820107)
(1.24893 -3.49588 0.749998)
(1.77065 -3.50005 0.770847)
(-1.49831 -3.25075 0.769957)
(-1.7848 -3.00119 0.785181)
(-1.23688 -3.00652 0.775212)
(1.49831 -3.25074 0.769961)
(1.23679 -3.00494 0.775862)
(1.7848 -3.00119 0.785181)
(-1.50685 -2.75439 0.770618)
(-1.77993 -2.50158 0.763452)
(-0.968748 -2.74963 0.756526)
(-1.2392 -2.50443 0.776933)
(-1.26261 -2.73724 0.952209)
(0.968748 -2.74963 0.756526)
(1.50687 -2.75436 0.770655)
(1.23922 -2.50442 0.776964)
(1.26261 -2.73724 0.952209)
(1.77993 -2.50158 0.763452)
(-1.50646 -2.25495 0.784093)
(-1.77734 -2.00382 0.7715)
(-0.9765 -2.2541 0.766753)
(-1.23863 -2.00358 0.772772)
(-1.23454 -2.25761 1.03155)
(0.9765 -2.2541 0.766754)
(1.50646 -2.25495 0.784094)
(1.23863 -2.00358 0.772773)
(1.23454 -2.25761 1.03155)
(1.77734 -2.00382 0.7715)
(-1.50703 -1.75159 0.763021)
(-1.78268 -1.50059 0.768221)
(-1.77116 -1.7468 1.02348)
(-0.980563 -1.75408 0.766822)
(-1.24426 -1.50178 0.763237)
(-1.24342 -1.75161 1.01046)
(-0.714451 -1.50755 0.785986)
(0.980564 -1.75408 0.766822)
(0.714451 -1.50755 0.785986)
(1.50703 -1.75159 0.763021)
(1.2443 -1.50178 0.763238)
(1.24343 -1.75161 1.01046)
(1.7827 -1.5006 0.768198)
(1.77116 -1.7468 1.02348)
(-1.50805 -1.24991 0.760539)
(-1.77934 -0.997776 0.76341)
(-1.77014 -1.24992 1.02391)
(-0.983432 -1.25568 0.771464)
(-1.24908 -1.0011 0.760766)
(-1.24544 -1.25191 1.014)
(-0.728396 -1.0088 0.772425)
(0.983438 -1.25568 0.771463)
(0.728396 -1.0088 0.772423)
(1.50815 -1.24993 0.760381)
(1.2491 -1.00111 0.760743)
(1.2455 -1.25191 1.01401)
(1.77951 -0.9978 0.763099)
(1.77014 -1.24992 1.02391)
(-1.51636 -0.747567 0.762998)
(-1.78006 -0.492735 0.762467)
(-1.7612 -0.747548 1.01986)
(-0.99402 -0.752614 0.763806)
(-1.2549 -0.499115 0.7631)
(-1.24968 -0.750506 1.01697)
(-0.453949 -0.786746 0.780937)
(-0.736607 -0.505358 0.770507)
(-0.749985 -0.749553 1.0345)
(0.453949 -0.786746 0.780937)
(0.994021 -0.752613 0.763806)
(0.736636 -0.505341 0.770545)
(0.749985 -0.749553 1.0345)
(1.51637 -0.747569 0.762975)
(1.2549 -0.499115 0.7631)
(1.24968 -0.750507 1.01697)
(1.78006 -0.492735 0.762467)
(1.7612 -0.747548 1.01986)
(-1.52551 -0.243434 0.767452)
(-1.74786 0.00290121 0.751843)
(-0.999946 -0.250535 0.76576)
(-1.26057 0.00252696 0.767485)
(-1.25449 -0.249106 1.02187)
(-0.486978 -0.25782 0.763479)
(-0.748884 -0.00152286 0.765145)
(-0.745531 -0.251482 1.02117)
(-0.00345582 -0.281333 0.759417)
(-0.250423 -0.00877127 0.759057)
(0.486956 -0.257819 0.763476)
(0.2499 -0.00877377 0.759063)
(0.999946 -0.250535 0.76576)
(0.748875 -0.00152465 0.765147)
(0.745531 -0.251482 1.02117)
(1.52551 -0.243434 0.767451)
(1.26056 0.00252432 0.767465)
(1.25449 -0.249106 1.02187)
(1.74786 0.00290121 0.751843)
(-1.52196 0.254548 0.770223)
(-1.00294 0.250162 0.76959)
(-1.26052 0.501374 0.763199)
(-1.25671 0.25147 1.02017)
(-0.501827 0.246445 0.763498)
(-0.752465 0.498477 0.766961)
(-0.751085 0.248907 1.03925)
(-0.254424 0.241257 1.02392)
(0.501793 0.246432 0.763547)
(0.254406 0.241221 1.024)
(1.0029 0.25014 0.769494)
(0.752364 0.498386 0.767205)
(0.751072 0.2489 1.03927)
(1.52195 0.254544 0.770201)
(1.26042 0.501235 0.761774)
(1.25669 0.251464 1.0201)
(-1.52113 0.751027 0.757334)
(-1.00473 0.750084 0.764535)
(-1.26809 1.00196 0.769873)
(-1.29291 0.785702 1.06967)
(-0.503469 0.748251 0.761992)
(-0.754281 0.999627 0.7613)
(-0.754959 0.748246 1.01917)
(-0.253307 0.747198 1.01935)
(0.503429 0.748161 0.762596)
(0.253244 0.747079 1.02015)
(1.0045 0.74983 0.763749)
(0.754272 0.999664 0.761785)
(0.755087 0.747551 1.02307)
(1.52071 0.750822 0.756759)
(1.26771 1.00142 0.767814)
(1.25412 0.750657 1.00785)
(-1.55364 1.25299 0.793671)
(-1.00915 1.25075 0.762127)
(-1.26815 1.50527 0.762985)
(-1.28255 1.24854 1.02968)
(-0.75796 1.24932 1.02129)
(-0.253523 1.24892 1.01917)
(0.252175 1.24939 1.02398)
(1.00889 1.25055 0.761926)
(0.757894 1.24935 1.02147)
(1.55364 1.25299 0.793671)
(1.2651 1.50315 0.760946)
(1.28255 1.24852 1.02968)
(-1.0162 1.75424 0.759456)
(-1.32384 2.04575 0.795881)
(-1.27247 1.74699 1.02071)
(-0.756779 1.75011 1.01968)
(-0.251091 1.75046 1.02115)
(0.251884 1.75037 1.02442)
(1.01511 1.75413 0.759069)
(0.756699 1.75008 1.01969)
(1.45167 1.73627 0.736029)
(1.32384 2.04575 0.795888)
(1.27241 1.74708 1.02075)
(-1.02118 2.25462 0.758523)
(-1.2251 2.49883 0.748665)
(-0.760147 2.50067 0.756323)
(-0.761564 2.24871 1.02103)
(-0.252468 2.24824 1.0161)
(0.252486 2.24824 1.01619)
(1.02119 2.25461 0.758587)
(0.76015 2.50066 0.756342)
(0.761441 2.24873 1.0209)
(1.2251 2.49883 0.748665)
(-3.51338 2.75925 0.763964)
(-3.77731 2.99347 0.729174)
(-3.74304 2.70913 0.991495)
(-3.19604 2.93831 0.754933)
(-1.01248 2.7506 0.75368)
(-1.21392 3.00029 0.749333)
(-0.506524 2.74946 0.754353)
(-0.764816 2.9991 0.755114)
(-0.767216 2.7492 1.01692)
(-0.252635 2.74765 1.01439)
(0.506523 2.74946 0.754357)
(0.252644 2.74765 1.01439)
(1.01249 2.7506 0.753682)
(0.764815 2.9991 0.755114)
(0.767215 2.7492 1.01692)
(1.21392 3.00029 0.749333)
(3.51338 2.75925 0.763964)
(3.19604 2.93831 0.754933)
(3.77732 2.99347 0.729173)
(3.74304 2.70913 0.991495)
(-3.50827 3.26615 0.761977)
(-3.74446 3.28075 0.994396)
(-3.25083 3.49831 0.781615)
(-1.02605 3.24837 0.756927)
(-1.24818 3.5 0.737138)
(-0.508578 3.24914 0.75455)
(-0.766125 3.49888 0.755416)
(-0.772141 3.24843 1.01679)
(-0.253437 3.25029 1.0116)
(0.508583 3.24914 0.754551)
(0.253483 3.25029 1.0116)
(1.02604 3.24837 0.756927)
(0.76612 3.49888 0.755415)
(0.772117 3.24843 1.01679)
(1.24818 3.5 0.737138)
(3.50892 3.26627 0.761502)
(3.25083 3.49831 0.781615)
(3.74446 3.28075 0.994396)
(-1.02751 3.7489 0.757308)
(-1.27661 4.00006 0.759032)
(-0.763785 3.74909 1.0107)
(-0.250653 3.7527 1.01279)
(0.250719 3.7527 1.01279)
(1.02751 3.7489 0.757307)
(0.763782 3.74909 1.01071)
(1.27661 4.00006 0.759032)
(-1.01835 4.24833 0.756951)
(-1.32266 4.45769 0.791204)
(-1.23312 4.25038 0.987779)
(-0.758317 4.50414 0.763197)
(-0.757449 4.25528 1.01551)
(-0.250046 4.5054 0.760321)
(-0.248952 4.25522 1.0121)
(0.250046 4.5054 0.76032)
(0.248958 4.25522 1.0121)
(1.01834 4.24833 0.756951)
(0.758307 4.50415 0.763198)
(0.757448 4.25528 1.01551)
(1.32266 4.45769 0.791204)
(1.23312 4.25038 0.987779)
(-1.01699 4.75392 0.771997)
(-1.26537 5.00053 0.781186)
(-0.500558 4.75866 0.767623)
(-0.752546 5.01402 0.778736)
(-0.752244 4.76866 1.03081)
(5.59651e-08 4.75868 0.765716)
(-0.24919 5.0114 0.771059)
(-0.247487 4.75931 1.01921)
(0.500558 4.75866 0.767626)
(0.24919 5.0114 0.771059)
(0.247487 4.75931 1.01921)
(1.0169 4.75408 0.772083)
(0.752546 5.01402 0.778747)
(0.752251 4.76867 1.03082)
(1.26537 5.00053 0.781185)
(-1.54225 5.24606 0.815629)
(-1.00038 5.27786 0.787469)
(-0.501335 5.2709 0.779521)
(-3.17106e-09 5.26673 0.769672)
(-0.248504 5.52627 0.771225)
(0.501335 5.2709 0.779522)
(0.248504 5.52627 0.771225)
(1.00038 5.27786 0.78747)
(1.54225 5.24606 0.815629)
(-2.08167e-17 5.74984 0.692952)
(-0.535787 6.72983 0.742215)
(-0.246704 6.9814 0.758586)
(0.535788 6.72983 0.742215)
(0.246865 6.9814 0.758587)
(-0.515817 7.24629 0.751544)
(-0.714183 7.49999 0.739174)
(0.00219439 7.2354 0.755242)
(-0.257528 7.49941 0.749936)
(-0.24588 7.24295 0.977307)
(0.515874 7.24629 0.751546)
(0.257732 7.4994 0.74994)
(0.246063 7.24295 0.977299)
(0.714183 7.49999 0.739174)
(-0.524419 7.75428 0.756741)
(2.48654e-05 7.75622 0.755001)
(-0.265446 8.01593 0.758485)
(-0.265057 7.7564 1.01333)
(0.524427 7.75427 0.756738)
(0.265314 8.01594 0.758458)
(0.265079 7.7564 1.01334)
(-0.520585 8.27059 0.744064)
(-0.000706868 8.27539 0.761826)
(-0.28857 8.29969 1.04511)
(0.520585 8.27059 0.744064)
(0.28857 8.29969 1.04511)
(-2.25955 -8.00586 1.25429)
(2.25955 -8.00586 1.25429)
(3.46945e-17 0.24177 1.27583)
(-0.282588 0.463675 1.31399)
(0.283359 0.461783 1.31663)
(-0.544593 0.746285 1.29513)
(-0.743614 0.999733 1.24609)
(-3.9891e-06 0.74871 1.2843)
(-0.251899 0.99863 1.28989)
(0.545313 0.746196 1.29591)
(0.251677 0.998885 1.29129)
(0.743614 0.999733 1.24609)
(-0.508373 1.24965 1.27293)
(-0.758467 1.50004 1.27504)
(-0.00147988 1.24766 1.28558)
(-0.254572 1.50065 1.2828)
(0.5079 1.24983 1.27468)
(0.255881 1.50061 1.30633)
(0.758461 1.50004 1.27498)
(-0.507515 1.74996 1.27871)
(-0.775762 2.00244 1.28295)
(0.000734297 1.75362 1.28036)
(-0.251357 1.99726 1.29477)
(0.507597 1.74992 1.27961)
(0.25142 1.99726 1.29519)
(0.775762 2.00244 1.28295)
(-0.508157 2.24623 1.27852)
(-0.759552 2.49775 1.2696)
(2.46764e-05 2.24606 1.27078)
(-0.252459 2.49646 1.27042)
(-0.240762 2.2631 1.4561)
(0.508158 2.24623 1.27853)
(0.252486 2.49646 1.27042)
(0.240762 2.2631 1.4561)
(0.759551 2.49775 1.2696)
(-4.0318 2.76001 1.24603)
(-3.74611 3.03339 1.2871)
(-0.505666 2.74729 1.26992)
(-0.770891 2.99881 1.27543)
(1.18358e-05 2.74463 1.27813)
(-0.252773 2.99684 1.27059)
(-0.252466 2.73569 1.54219)
(0.505667 2.74729 1.26992)
(0.252785 2.99684 1.27059)
(0.252466 2.73569 1.54219)
(0.77089 2.99881 1.27543)
(4.0318 2.76001 1.24603)
(3.74611 3.03339 1.2871)
(-0.983818 3.25297 1.26104)
(-0.50972 3.24946 1.27345)
(-0.762252 3.49984 1.26673)
(8.85013e-05 3.25154 1.26413)
(-0.251302 3.5055 1.2743)
(-0.251437 3.25082 1.51171)
(0.509727 3.24946 1.27346)
(0.251437 3.5055 1.2743)
(0.251457 3.25082 1.51171)
(0.983818 3.25297 1.26104)
(0.762255 3.49985 1.26678)
(-1.06783 3.69817 1.30454)
(-0.499041 3.75234 1.2752)
(-0.757848 4.00656 1.27596)
(-0.757746 3.75257 1.52359)
(0.000215228 3.75541 1.26936)
(-0.246968 4.00652 1.27045)
(-0.247246 3.75515 1.50876)
(0.499053 3.75235 1.27521)
(0.24698 4.00652 1.27045)
(0.247246 3.75515 1.50876)
(1.06783 3.69817 1.30454)
(0.757848 4.00656 1.27596)
(0.757746 3.75257 1.52359)
(-1.03757 4.28983 1.31115)
(-0.498635 4.25792 1.26584)
(-0.74744 4.54007 1.29032)
(8.87745e-05 4.25183 1.25454)
(-0.249122 4.50557 1.26246)
(0.498636 4.25792 1.26584)
(0.249122 4.50557 1.26246)
(1.03757 4.28983 1.31115)
(0.74744 4.54007 1.29032)
(-0.243473 6.9815 1.25615)
(0.243473 6.9815 1.25615)
(-0.447393 7.21527 1.20586)
(-0.00102438 7.25014 1.25296)
(-0.292538 7.44506 1.27793)
(0.447393 7.21527 1.20586)
(0.292538 7.44506 1.27793)
(-0.508333 7.74695 1.25264)
(0.000246308 7.75977 1.27867)
(-0.286347 8.04248 1.29862)
(0.508333 7.74695 1.25264)
(0.286347 8.04248 1.29862)
(-0.881256 0.125307 -0.922606)
(-0.371296 0.12148 -0.919506)
(0.622461 0.0844222 -0.936675)
(-0.881808 0.628075 -0.898045)
(-0.343894 0.632005 -0.930944)
(0.623584 0.628764 -0.902702)
(-2.4348 -7.86543 -0.43033)
(2.10984 -7.87909 -0.397783)
(-2.35983 -7.373 -0.353855)
(2.12694 -6.87864 -0.352846)
(2.12589 -6.37487 -0.421224)
(-1.8674 -5.88003 -0.398268)
(2.13019 -5.87603 -0.389534)
(-1.87366 -5.37903 -0.392022)
(1.6003 -5.37969 -0.384638)
(2.14926 -5.38018 -0.409777)
(-1.37536 -4.87067 -0.359892)
(1.60848 -4.87642 -0.389883)
(2.14804 -4.86902 -0.402342)
(-1.884 -4.36669 -0.410901)
(-1.3772 -4.37896 -0.368846)
(1.62041 -4.37152 -0.40891)
(2.12635 -4.36733 -0.377202)
(1.62447 -3.87173 -0.400562)
(-1.37466 -2.37437 -0.365044)
(1.13654 -2.36693 -0.33373)
(-1.37944 -1.87719 -0.38785)
(1.08973 -1.9089 -0.430986)
(1.62711 -1.87755 -0.35619)
(-1.37716 -1.37534 -0.40746)
(-0.825983 -1.37978 -0.418503)
(1.12241 -1.37609 -0.419506)
(1.63839 -1.37194 -0.390302)
(-1.38039 -0.874855 -0.407377)
(-0.862586 -0.88224 -0.40028)
(0.623099 -0.880003 -0.403398)
(1.12401 -0.877403 -0.401614)
(1.62879 -0.881669 -0.37867)
(-1.39347 -0.378971 -0.401481)
(-0.746695 -0.258043 -0.264342)
(-0.360341 -0.387639 -0.384662)
(0.157016 -0.369082 -0.368821)
(0.746692 -0.258043 -0.264337)
(-1.40315 0.125398 -0.393622)
(-0.245877 0.246482 -0.256071)
(0.246055 0.246481 -0.25606)
(-1.39146 0.626319 -0.382897)
(-0.248529 0.751485 -0.256725)
(0.248635 0.751466 -0.256556)
(-1.37964 1.12215 -0.373162)
(-0.914991 1.67211 -0.426486)
(-0.375661 1.63051 -0.39134)
(0.124924 1.63272 -0.388039)
(0.625974 1.63018 -0.38847)
(1.12487 1.62829 -0.363079)
(-0.868917 4.12746 -0.381997)
(-0.37504 4.11401 -0.431363)
(0.124649 4.12221 -0.404132)
(0.625342 4.12237 -0.404824)
(-1.37257 4.63038 -0.389032)
(-0.875103 4.62065 -0.410017)
(-0.374955 4.62467 -0.389282)
(0.124775 4.62461 -0.3768)
(0.624707 4.62394 -0.383189)
(1.13045 4.6214 -0.413433)
(-1.85959 5.12056 -0.374238)
(-1.37712 5.12688 -0.39172)
(-0.874909 5.12894 -0.40373)
(-0.374813 5.12546 -0.405657)
(0.124929 5.12567 -0.397316)
(0.623608 5.12573 -0.386378)
(1.12672 5.12779 -0.409012)
(1.65024 5.12213 -0.427768)
(-0.882033 5.62944 -0.366695)
(-0.377131 5.67022 -0.419892)
(0.124071 5.6312 -0.393478)
(0.620731 5.65775 -0.408374)
(0.127906 7.62444 -0.386906)
(-2.3948 -7.88393 0.123508)
(-1.92123 -7.86437 0.125281)
(2.12424 -7.88675 0.124806)
(2.59319 -7.88275 0.12603)
(-2.41771 -7.36755 0.140026)
(-1.90052 -7.39071 0.134214)
(2.10499 -7.36798 0.126652)
(-2.41627 -6.86936 0.168186)
(2.10596 -6.87571 0.131967)
(-2.40929 -6.37325 0.133276)
(-1.82679 -6.37753 0.13492)
(2.12983 -6.37661 0.141964)
(-2.39755 -5.87371 0.135511)
(-1.85293 -5.88077 0.141623)
(-2.40497 -5.37621 0.141599)
(1.5941 -5.37648 0.159363)
(-2.38412 -4.8752 0.111717)
(-1.36839 -4.86922 0.113299)
(-1.35099 -4.38011 0.129832)
(2.1489 -4.36648 0.134393)
(-1.90224 -3.86774 0.121767)
(1.10673 -3.87563 0.126029)
(2.0954 -3.89031 0.124687)
(-1.89482 -3.37293 0.118449)
(1.0953 -3.37653 0.115992)
(-1.9229 -2.87203 0.113829)
(-0.870179 -2.86887 0.13147)
(-1.92588 -2.37503 0.0729)
(-1.24063 -2.25232 0.24701)
(-0.857445 -2.37661 0.123473)
(1.24062 -2.25232 0.247021)
(-1.92305 -1.8777 0.0777673)
(-1.24654 -1.75196 0.247479)
(-0.846779 -1.88049 0.120163)
(0.638478 -1.86073 0.129698)
(1.24656 -1.75195 0.247435)
(-1.90432 -1.375 0.11631)
(0.609846 -1.37819 0.121718)
(-1.87787 -0.873846 0.1208)
(-1.25781 -0.749888 0.246359)
(-0.342157 -0.880875 0.125722)
(1.25781 -0.749887 0.246355)
(-1.26162 -0.248961 0.248225)
(0.101812 -0.43604 0.12949)
(1.26162 -0.248962 0.248225)
(1.65215 -0.371213 0.118188)
(-0.750906 0.24861 0.251582)
(0.750899 0.248604 0.251588)
(1.64178 0.125893 0.12215)
(-0.753177 0.750521 0.250527)
(0.75318 0.750498 0.250573)
(1.13185 0.625816 0.122411)
(1.67456 0.631733 0.0740747)
(1.63103 1.12343 0.134822)
(-1.40146 1.63297 0.117168)
(-0.758868 1.75743 0.2413)
(0.758827 1.75733 0.241342)
(-0.889682 2.13808 0.10306)
(-0.253223 2.25352 0.238241)
(0.253183 2.25352 0.238254)
(1.13917 2.14705 0.110919)
(-0.897369 2.62727 0.103845)
(0.639413 2.62596 0.105568)
(-0.892196 3.11841 0.10952)
(-3.37002 3.62007 0.129269)
(-0.760967 3.7454 0.238981)
(-0.25127 3.74739 0.239076)
(0.251273 3.74739 0.239076)
(0.760968 3.74539 0.23898)
(1.14231 3.62089 0.1178)
(2.56175 3.56233 0.142538)
(3.15343 3.63947 0.100846)
(-2.94066 4.18111 0.0836898)
(-1.42712 4.10067 0.128068)
(2.10275 4.10565 0.125023)
(-1.85975 4.60865 0.134261)
(-1.25851 4.74726 0.252042)
(1.2585 4.74727 0.252034)
(1.65392 4.58636 0.162641)
(2.63397 4.61794 0.129403)
(1.63176 5.1296 0.123359)
(2.15858 5.14378 0.124169)
(-1.88857 5.63198 0.130481)
(-1.37268 5.63852 0.12666)
(-0.915509 5.6879 0.170647)
(0.6357 5.64734 0.136673)
(1.12036 5.67906 0.165188)
(1.63073 5.64892 0.12522)
(-0.38919 6.12819 0.120041)
(-0.378873 6.62423 0.119011)
(0.127611 6.62306 0.11448)
(-0.399103 7.11705 0.111951)
(0.59328 7.12932 0.132016)
(0.670797 7.62347 0.09303)
(-0.393005 8.15077 0.108282)
(-2.38731 -7.86587 0.629372)
(-1.86681 -7.86234 0.624985)
(2.11453 -7.88392 0.62681)
(2.6224 -7.88725 0.625226)
(1.63001 -4.36603 0.59278)
(-1.8987 -3.87005 0.619961)
(-1.32725 -3.91806 0.673316)
(1.62839 -3.88546 0.659144)
(-1.88254 -3.37497 0.621015)
(-1.36127 -3.37876 0.642516)
(1.10349 -3.3747 0.617918)
(1.62971 -3.37577 0.634612)
(-1.91492 -2.88189 0.628125)
(1.09839 -2.88307 0.647666)
(-1.93322 -2.38226 0.684226)
(-0.838351 -2.37545 0.629585)
(-1.88375 -1.87616 0.630793)
(-0.857462 -1.87887 0.63607)
(-1.89079 -1.37408 0.633628)
(0.587273 -1.38061 0.634343)
(-1.94043 -0.850705 0.627891)
(-0.409597 -0.86747 0.616926)
(0.60325 -0.883031 0.637476)
(-1.86516 -0.376165 0.623056)
(-0.353803 -0.386119 0.635473)
(0.118139 -0.387272 0.626766)
(1.65334 -0.368471 0.634547)
(-0.251547 0.244311 0.761694)
(0.251375 0.244279 0.761767)
(1.64609 0.127963 0.630677)
(-0.251936 0.747924 0.761668)
(0.251864 0.747871 0.762057)
(1.67494 0.624495 0.629901)
(-0.755397 1.25013 0.760858)
(0.755273 1.25011 0.761061)
(1.64785 1.12313 0.614795)
(-1.39886 1.63386 0.634928)
(-0.758693 1.75194 0.760359)
(0.758485 1.75193 0.760284)
(-0.762219 2.25193 0.758334)
(0.762168 2.2519 0.758441)
(1.16151 2.1372 0.631734)
(1.12926 2.62546 0.623418)
(1.18835 3.08148 0.583184)
(3.05394 3.08984 0.645298)
(3.65435 3.12522 0.607389)
(-3.36957 3.66345 0.633393)
(-0.764042 3.74923 0.755024)
(0.764042 3.74923 0.755024)
(1.16346 3.62349 0.627813)
(3.13818 3.61174 0.635092)
(-0.759822 4.25144 0.758147)
(-0.25043 4.2533 0.757145)
(0.250435 4.2533 0.757145)
(0.759819 4.25145 0.758147)
(1.14753 4.12545 0.631503)
(-1.41936 4.58862 0.658119)
(-1.88067 5.12471 0.650847)
(1.63684 5.11869 0.669636)
(-0.375026 5.62944 0.623568)
(0.127057 5.62962 0.623894)
(0.181624 6.09773 0.683603)
(-0.317844 6.64854 0.654565)
(0.124343 6.62351 0.572371)
(0.6851 7.0758 0.5748)
(0.636434 7.62543 0.626015)
(0.642038 8.11886 0.625357)
(-2.37574 -7.83827 1.13712)
(-1.83066 -7.84114 1.11291)
(2.12571 -7.85232 1.13694)
(2.57603 -7.89556 1.12427)
(-1.37829 -1.87257 1.09814)
(1.61636 -1.87203 1.08538)
(-1.37333 -1.37503 1.12262)
(1.61272 -1.375 1.11614)
(-1.3757 -0.875071 1.12514)
(1.12582 -0.874584 1.10916)
(1.62534 -0.877782 1.0976)
(-1.37264 -0.375236 1.11692)
(-0.878581 -0.37331 1.12142)
(1.12276 -0.376348 1.13751)
(-0.875005 0.124968 1.15767)
(-0.383508 0.116868 1.16273)
(0.126127 0.117131 1.14368)
(0.625355 0.124699 1.12467)
(1.13561 0.124174 1.14675)
(-0.884009 0.618278 1.16808)
(-0.384307 0.618606 1.15237)
(0.126806 0.620113 1.14805)
(0.631231 0.620497 1.15019)
(1.12428 0.62482 1.12587)
(-0.917556 1.11863 1.18517)
(0.637324 1.12452 1.14582)
(1.11433 1.12509 1.10446)
(-0.880596 1.62494 1.1408)
(0.634692 1.62425 1.15688)
(1.12094 1.62507 1.12197)
(-0.882956 2.12448 1.1484)
(0.631785 2.12334 1.14429)
(-3.8803 2.56019 1.07739)
(-0.898834 2.62415 1.14962)
(4.09723 2.61142 1.10649)
(-3.86848 3.15219 1.11835)
(-0.909275 3.12243 1.15175)
(3.61904 3.12373 1.16698)
(-0.893757 3.62214 1.13714)
(1.10192 3.62996 1.11627)
(1.17699 4.12698 1.17697)
(-0.878345 4.63524 1.14622)
(-0.373695 4.63355 1.1426)
(0.11842 4.67753 1.17519)
(0.625578 4.63475 1.15319)
(1.12623 4.63061 1.12733)
(-0.356585 6.69732 1.02936)
(-0.349974 7.15607 1.15883)
(0.128958 7.12312 1.12126)
(0.630641 7.12093 1.12215)
(-0.386875 7.62312 1.13561)
(0.610589 7.62272 1.11824)
(-0.386282 8.13536 1.15816)
(0.129875 8.1472 1.14704)
(4.13002 2.65985 1.64717)
(-0.361273 3.1298 1.59897)
(0.124892 3.1263 1.61077)
(-1.8746 -5.37271 -0.604343)
(-1.87416 -5.12503 -0.639161)
(-1.63953 -5.12097 -0.601708)
(1.8746 -5.37271 -0.604343)
(1.63953 -5.12097 -0.601708)
(1.87416 -5.12503 -0.639161)
(-1.8733 -4.87584 -0.635602)
(-1.6377 -4.87542 -0.619278)
(-1.87251 -4.6317 -0.601512)
(-1.63335 -4.6337 -0.590235)
(1.6377 -4.87542 -0.619278)
(1.8733 -4.87584 -0.635602)
(1.63335 -4.6337 -0.590235)
(1.87251 -4.6317 -0.601512)
(-1.11703 -0.872485 -0.587078)
(-1.11369 -0.624972 -0.604491)
(-0.881677 -0.619394 -0.628017)
(0.881677 -0.619394 -0.628017)
(1.11703 -0.872485 -0.587078)
(1.11369 -0.624972 -0.604491)
(-1.1251 -0.382618 -0.66437)
(-1.13614 -0.131197 -0.655924)
(-0.873308 -0.120324 -0.851083)
(-0.627903 -0.126037 -0.852237)
(-0.888693 -0.41915 -0.704641)
(-0.624109 -0.408807 -0.662424)
(-0.882319 -0.139546 -0.65908)
(-0.618006 -0.143952 -0.65517)
(-0.3783 -0.371832 -0.600475)
(-0.358098 -0.142604 -0.653078)
(-0.125399 -0.123975 -0.620195)
(0.3783 -0.371832 -0.600475)
(0.125399 -0.123975 -0.620195)
(0.358104 -0.142603 -0.653078)
(0.627903 -0.126037 -0.852237)
(0.873308 -0.120324 -0.851083)
(0.624109 -0.408807 -0.662424)
(0.888693 -0.41915 -0.704641)
(0.618 -0.143952 -0.655167)
(0.882328 -0.139535 -0.65907)
(1.1251 -0.382618 -0.66437)
(1.13614 -0.131196 -0.655923)
(-1.36188 0.128203 -0.637005)
(-1.14725 0.118949 -0.659046)
(-1.37233 0.375005 -0.619975)
(-1.15051 0.373937 -0.655388)
(-0.622461 0.0844222 -0.936675)
(-0.92115 0.33602 -0.94365)
(-0.624447 0.373538 -0.896124)
(-0.335647 0.377661 -0.949285)
(-0.0697072 0.0797878 -0.680012)
(-0.113876 0.373303 -0.635823)
(0.371296 0.12148 -0.919506)
(0.335647 0.377661 -0.949285)
(0.0697072 0.0797878 -0.680012)
(0.113903 0.373303 -0.635816)
(0.881256 0.125307 -0.922606)
(0.624448 0.373538 -0.896123)
(0.92115 0.33602 -0.94365)
(1.14725 0.118948 -0.659045)
(1.36188 0.128203 -0.637005)
(1.15052 0.37394 -0.655392)
(1.37233 0.375005 -0.619975)
(-1.34643 0.624288 -0.620793)
(-1.15431 0.629903 -0.651483)
(-1.14476 0.879318 -0.645932)
(-0.623581 0.628766 -0.902709)
(-0.879144 0.881265 -0.912153)
(-0.618594 0.886022 -0.919771)
(-0.380937 0.870461 -0.880532)
(-0.11548 0.625403 -0.638431)
(-0.121675 0.877933 -0.633369)
(0.343894 0.632005 -0.930944)
(0.380937 0.870461 -0.880532)
(0.115524 0.625401 -0.638356)
(0.121897 0.877874 -0.63276)
(0.881809 0.628074 -0.898043)
(0.618605 0.886007 -0.919737)
(0.879108 0.881222 -0.912052)
(1.15436 0.62995 -0.651537)
(1.34643 0.624288 -0.620793)
(1.14597 0.88059 -0.647391)
(-1.12805 1.13355 -0.670061)
(-0.886744 1.14413 -0.655784)
(-0.625621 1.14202 -0.647473)
(-0.879231 1.37174 -0.659178)
(-0.627867 1.39961 -0.652956)
(-0.372029 1.1378 -0.642106)
(-0.0893693 1.16859 -0.679996)
(-0.37271 1.37158 -0.635783)
(-0.125019 1.36523 -0.605563)
(0.0893693 1.16859 -0.679996)
(0.372255 1.13764 -0.641575)
(0.125019 1.36523 -0.605563)
(0.37271 1.37158 -0.635783)
(0.625661 1.14201 -0.647413)
(0.886791 1.14419 -0.655826)
(0.627867 1.39961 -0.652956)
(0.879231 1.37174 -0.659178)
(1.12811 1.13362 -0.670222)
(-0.875 4.88868 -0.596871)
(0.875 4.88868 -0.596871)
(-2.36992 -8.11199 -0.374255)
(-2.1331 -8.1085 -0.384954)
(-2.36167 -8.14489 -0.125505)
(-2.13889 -8.15383 -0.125573)
(2.1331 -8.1085 -0.384954)
(2.36992 -8.11199 -0.374255)
(2.13889 -8.15383 -0.125573)
(2.36167 -8.14489 -0.125505)
(-2.59596 -7.87558 -0.110397)
(-2.10984 -7.87909 -0.397783)
(-2.36781 -7.62287 -0.408011)
(-2.12975 -7.62299 -0.400717)
(-2.39753 -7.88658 -0.135631)
(-2.10815 -7.88859 -0.132521)
(-2.40713 -7.61782 -0.139959)
(-2.10122 -7.61849 -0.137636)
(-1.90489 -7.86633 -0.109517)
(1.90489 -7.86633 -0.109517)
(2.4348 -7.86543 -0.43033)
(2.12975 -7.62299 -0.400717)
(2.36781 -7.62287 -0.408011)
(2.10815 -7.88859 -0.132521)
(2.39753 -7.88658 -0.135631)
(2.10122 -7.61849 -0.137636)
(2.40713 -7.61782 -0.139959)
(2.59596 -7.87558 -0.110397)
(-2.33782 -7.12459 -0.333302)
(-2.40714 -7.36739 -0.144691)
(-2.09672 -7.37296 -0.138533)
(-2.39543 -7.124 -0.132346)
(-2.10366 -7.12651 -0.140089)
(2.35983 -7.373 -0.353855)
(2.33782 -7.12459 -0.333302)
(2.09672 -7.37296 -0.138533)
(2.40714 -7.36739 -0.144691)
(2.10366 -7.12651 -0.140089)
(2.39543 -7.124 -0.132346)
(-2.12694 -6.87864 -0.352846)
(-2.13417 -6.62298 -0.391343)
(-2.4243 -6.86834 -0.173894)
(-2.10216 -6.8818 -0.149598)
(-2.42058 -6.6266 -0.166174)
(-1.90984 -6.87407 -0.11911)
(-1.84956 -6.62372 -0.115173)
(1.90984 -6.87407 -0.11911)
(1.84956 -6.62372 -0.115159)
(2.13418 -6.62299 -0.391343)
(2.10215 -6.8818 -0.149599)
(2.4243 -6.86834 -0.173894)
(2.42058 -6.6266 -0.166174)
(-2.12612 -6.37454 -0.42212)
(-2.15132 -6.12477 -0.445241)
(-2.42659 -6.37237 -0.125362)
(-2.41813 -6.1242 -0.143178)
(-1.86301 -6.13317 -0.402985)
(-1.80862 -6.41004 -0.140347)
(-1.84183 -6.13254 -0.134239)
(1.87894 -6.13235 -0.41013)
(1.80879 -6.41026 -0.140626)
(1.84918 -6.13111 -0.129199)
(2.14224 -6.15033 -0.451773)
(2.42659 -6.37238 -0.125348)
(2.41711 -6.12425 -0.143927)
(-2.1318 -5.87667 -0.395073)
(-2.13624 -5.62747 -0.398437)
(-2.4208 -5.87502 -0.124618)
(-2.42233 -5.62813 -0.140482)
(-1.87233 -5.63309 -0.403335)
(-1.59543 -5.62846 -0.370835)
(-1.85934 -5.88387 -0.12836)
(-1.65928 -5.85983 -0.125263)
(-1.58491 -5.63447 -0.120298)
(1.86867 -5.87936 -0.396761)
(1.59543 -5.62846 -0.370835)
(1.87247 -5.63302 -0.403184)
(1.65928 -5.85984 -0.125267)
(1.8607 -5.88329 -0.127299)
(1.58491 -5.63447 -0.120298)
(2.13619 -5.6274 -0.3982)
(2.42054 -5.875 -0.124577)
(2.42233 -5.62813 -0.140482)
(-2.14929 -5.38018 -0.409788)
(-2.15495 -5.12481 -0.415873)
(-2.43367 -5.37868 -0.143427)
(-2.43762 -5.12331 -0.121889)
(-1.60031 -5.37969 -0.384645)
(-1.60221 -5.12946 -0.392522)
(-1.58938 -5.38334 -0.123055)
(-1.59539 -5.13218 -0.123073)
(-1.37874 -5.10882 -0.128996)
(1.37874 -5.10882 -0.128996)
(1.87385 -5.379 -0.39204)
(1.60222 -5.12948 -0.392527)
(1.58938 -5.38334 -0.123066)
(1.59541 -5.13228 -0.12308)
(2.15492 -5.12481 -0.41588)
(2.43367 -5.37868 -0.143427)
(2.43762 -5.12331 -0.121889)
(-2.14804 -4.86902 -0.402341)
(-2.17837 -4.58101 -0.431552)
(-2.42283 -4.87478 -0.124618)
(-2.38497 -4.63202 -0.118319)
(-1.60845 -4.87622 -0.389874)
(-1.88548 -4.61539 -0.407245)
(-1.61085 -4.62048 -0.402014)
(-1.34955 -4.62528 -0.369043)
(-1.32764 -4.88044 -0.125098)
(-1.35 -4.62859 -0.129815)
(1.37536 -4.87067 -0.359892)
(1.34955 -4.62528 -0.369043)
(1.32764 -4.88044 -0.125098)
(1.35089 -4.63411 -0.130048)
(1.61088 -4.62064 -0.40202)
(1.88549 -4.61542 -0.407246)
(2.17837 -4.58101 -0.431552)
(2.42283 -4.87478 -0.124618)
(2.38497 -4.63202 -0.118319)
(-2.12635 -4.36733 -0.377202)
(-2.16007 -4.35773 -0.140035)
(-2.16568 -4.11814 -0.129019)
(-1.6204 -4.3715 -0.408908)
(-1.88547 -4.11412 -0.421649)
(-1.62292 -4.11978 -0.399096)
(-1.35657 -4.3759 -0.133704)
(-1.34806 -4.12724 -0.137062)
(1.3772 -4.37896 -0.368846)
(1.35659 -4.37607 -0.133714)
(1.34811 -4.12722 -0.137146)
(1.884 -4.3667 -0.410902)
(1.62299 -4.11976 -0.399106)
(1.88547 -4.11412 -0.421649)
(2.16007 -4.35773 -0.140035)
(2.16568 -4.11814 -0.129019)
(-1.62447 -3.87173 -0.400562)
(-1.62363 -3.62482 -0.348255)
(-1.89988 -3.86224 -0.14716)
(-1.91744 -3.62148 -0.16774)
(-1.63905 -3.6188 -0.155545)
(-1.35523 -3.87576 -0.144035)
(-1.35538 -3.62557 -0.15037)
(1.35525 -3.87575 -0.144045)
(1.35539 -3.62556 -0.150395)
(1.62363 -3.62482 -0.348255)
(1.89988 -3.86224 -0.14716)
(1.63903 -3.6188 -0.155547)
(1.91744 -3.62148 -0.16774)
(-1.8647 -3.37155 -0.14715)
(-1.64541 -3.36985 -0.163378)
(-1.64551 -3.12525 -0.167379)
(-1.35906 -3.37596 -0.166296)
(-1.13597 -3.38036 -0.129341)
(-1.36545 -3.12697 -0.182275)
(-1.09575 -3.12265 -0.152732)
(1.13597 -3.38036 -0.129341)
(1.35906 -3.37596 -0.166297)
(1.09575 -3.12265 -0.152732)
(1.36546 -3.12696 -0.182274)
(1.6454 -3.36985 -0.163378)
(1.8647 -3.37155 -0.14715)
(1.64551 -3.12525 -0.167379)
(-1.64108 -2.87938 -0.154914)
(-1.64213 -2.62555 -0.142386)
(-1.38345 -2.61939 -0.340927)
(-1.36675 -2.87764 -0.16854)
(-1.06425 -2.91888 -0.177488)
(-1.36983 -2.62759 -0.146079)
(-1.11308 -2.62922 -0.150475)
(-0.896564 -2.6277 -0.120394)
(0.896564 -2.6277 -0.120394)
(1.38345 -2.61939 -0.340927)
(1.06425 -2.91888 -0.177488)
(1.36675 -2.87764 -0.168539)
(1.11308 -2.62922 -0.150474)
(1.36982 -2.62759 -0.146077)
(1.64108 -2.87938 -0.154914)
(1.64213 -2.62555 -0.142385)
(-1.64535 -2.37588 -0.146552)
(-1.6513 -2.12838 -0.157954)
(-1.13654 -2.36693 -0.33373)
(-1.37482 -2.13206 -0.409954)
(-1.12834 -2.12519 -0.393421)
(-1.37626 -2.37681 -0.143091)
(-1.1152 -2.38052 -0.147908)
(-0.851667 -2.37206 -0.145587)
(-0.825298 -2.13059 -0.182242)
(0.851667 -2.37206 -0.145587)
(0.825298 -2.13059 -0.182242)
(1.37466 -2.37437 -0.365044)
(1.12834 -2.12519 -0.393421)
(1.37482 -2.13206 -0.409954)
(1.1152 -2.38052 -0.147906)
(1.37623 -2.37681 -0.143074)
(1.64538 -2.37588 -0.146547)
(1.65131 -2.12837 -0.157932)
(-1.62711 -1.87755 -0.35619)
(-1.62206 -1.62694 -0.389642)
(-1.84647 -1.87639 -0.12132)
(-1.65525 -1.8772 -0.15336)
(-1.84019 -1.62567 -0.118096)
(-1.65176 -1.62449 -0.138929)
(-1.08973 -1.9089 -0.430986)
(-1.38128 -1.62568 -0.397267)
(-1.11985 -1.62694 -0.397906)
(-0.882445 -1.62231 -0.392089)
(-0.847931 -1.88236 -0.143716)
(-0.855899 -1.63002 -0.140286)
(-0.656945 -1.62303 -0.118426)
(0.882445 -1.62231 -0.392089)
(0.847931 -1.88236 -0.143716)
(0.656945 -1.62303 -0.118426)
(0.855899 -1.63002 -0.140286)
(1.37944 -1.87719 -0.38785)
(1.11985 -1.62694 -0.397906)
(1.38128 -1.62568 -0.397267)
(1.62206 -1.62694 -0.389642)
(1.65524 -1.8772 -0.153359)
(1.84647 -1.87639 -0.12132)
(1.65176 -1.62449 -0.13893)
(1.84019 -1.62567 -0.118096)
(-1.63839 -1.37194 -0.390302)
(-1.63331 -1.12501 -0.38323)
(-1.65406 -1.37403 -0.135536)
(-1.6443 -1.12381 -0.132051)
(-1.12241 -1.37609 -0.419505)
(-1.37667 -1.12559 -0.406453)
(-1.12401 -1.12766 -0.415594)
(-0.865033 -1.12742 -0.397578)
(-0.644041 -1.12762 -0.349808)
(-0.601399 -1.37488 -0.126564)
(-0.567127 -1.16669 -0.17112)
(0.825983 -1.37978 -0.418503)
(0.644041 -1.12762 -0.349808)
(0.865033 -1.12742 -0.397579)
(0.601399 -1.37488 -0.126564)
(0.567127 -1.16669 -0.17112)
(1.37716 -1.37534 -0.407463)
(1.12401 -1.12766 -0.415597)
(1.37666 -1.12559 -0.406469)
(1.63331 -1.12501 -0.38323)
(1.65405 -1.37403 -0.135544)
(1.64425 -1.12379 -0.132175)
(-1.62879 -0.881669 -0.37867)
(-1.64172 -0.873767 -0.134465)
(-1.65213 -0.620312 -0.143106)
(-1.12401 -0.877405 -0.401609)
(-1.38843 -0.623572 -0.408339)
(-1.13044 -0.626937 -0.398813)
(-0.623099 -0.880003 -0.403398)
(-0.869068 -0.632736 -0.39935)
(-0.613954 -0.635382 -0.391065)
(-0.606338 -0.880566 -0.138391)
(-0.385172 -0.614666 -0.364672)
(-0.335127 -0.671883 -0.12945)
(0.385172 -0.614666 -0.364672)
(0.335127 -0.671883 -0.12945)
(0.862587 -0.882239 -0.40028)
(0.613954 -0.635382 -0.391065)
(0.869069 -0.632736 -0.399351)
(0.606338 -0.880566 -0.138391)
(1.3804 -0.87485 -0.407392)
(1.13045 -0.626934 -0.398818)
(1.3885 -0.623552 -0.408334)
(1.64166 -0.873747 -0.134576)
(1.65213 -0.620313 -0.143069)
(-1.64389 -0.373244 -0.13188)
(-1.67241 -0.118624 -0.174184)
(-1.40289 -0.125303 -0.399311)
(-0.157016 -0.369082 -0.368821)
(-0.117315 -0.134834 -0.380565)
(-0.094832 -0.402581 -0.128483)
(0.360341 -0.387639 -0.384662)
(0.117415 -0.134834 -0.380565)
(0.094832 -0.402581 -0.128483)
(1.39348 -0.378968 -0.401483)
(1.40289 -0.125303 -0.399311)
(1.64388 -0.373245 -0.131873)
(1.67241 -0.118624 -0.174184)
(-1.66267 0.129308 -0.133324)
(-1.64441 0.374117 -0.122255)
(-1.40442 0.376434 -0.38551)
(1.40315 0.125398 -0.393622)
(1.40442 0.376434 -0.385511)
(1.66267 0.129308 -0.133324)
(1.64441 0.374117 -0.122255)
(-1.61659 0.620851 -0.110829)
(-1.41032 0.877452 -0.412452)
(-1.39409 0.627023 -0.133798)
(-1.39581 0.877923 -0.138127)
(1.39147 0.626321 -0.382902)
(1.41063 0.877484 -0.412764)
(1.3941 0.627026 -0.13381)
(1.39589 0.877946 -0.13821)
(1.61659 0.620851 -0.110829)
(-1.1408 1.38489 -0.395139)
(-1.39796 1.12727 -0.135974)
(-1.43149 1.41534 -0.172039)
(-0.124762 1.38072 -0.382534)
(0.124762 1.38071 -0.382503)
(1.38003 1.12215 -0.373172)
(1.14081 1.38489 -0.395141)
(1.39804 1.12729 -0.136012)
(1.43149 1.41534 -0.172039)
(-1.12508 1.62852 -0.363673)
(-1.38068 1.63384 -0.134057)
(-1.14434 1.64403 -0.150672)
(-1.12891 1.90311 -0.153416)
(-0.626084 1.63084 -0.389627)
(-0.621179 1.86897 -0.357205)
(-0.88428 1.88917 -0.145165)
(-0.631582 1.88498 -0.14274)
(-0.124914 1.63273 -0.388043)
(-0.373632 1.87941 -0.379072)
(-0.121871 1.88361 -0.378688)
(0.374947 1.63018 -0.390268)
(0.121871 1.88361 -0.378688)
(0.373632 1.87941 -0.379072)
(0.914991 1.67211 -0.426486)
(0.621179 1.86897 -0.357205)
(0.631545 1.88482 -0.142544)
(0.884309 1.88913 -0.145143)
(1.14715 1.64351 -0.152615)
(1.37976 1.63298 -0.133125)
(1.12891 1.90311 -0.153416)
(-0.876791 2.13327 -0.108724)
(-0.666188 2.17059 -0.187117)
(-0.629722 2.37679 -0.128332)
(-0.381713 2.13314 -0.148494)
(-0.121132 2.13276 -0.152818)
(-0.382009 2.37931 -0.14374)
(-0.12478 2.37768 -0.136646)
(0.12109 2.13276 -0.152816)
(0.381703 2.13313 -0.148485)
(0.124456 2.37768 -0.136645)
(0.381997 2.37931 -0.14374)
(0.666188 2.17059 -0.187117)
(0.876791 2.13327 -0.108724)
(0.629722 2.37679 -0.128332)
(-0.634366 2.63017 -0.102893)
(-0.627405 2.87233 -0.128044)
(-0.407415 2.62772 -0.184314)
(-0.0907131 2.6598 -0.188375)
(-0.371981 2.87545 -0.186913)
(-0.123378 2.87683 -0.184828)
(0.0907131 2.6598 -0.188375)
(0.407415 2.62772 -0.184314)
(0.123378 2.87683 -0.184828)
(0.371981 2.87545 -0.186913)
(0.634366 2.63017 -0.102893)
(0.627405 2.87233 -0.128044)
(-0.633041 3.1241 -0.164015)
(-0.879531 3.36929 -0.115992)
(-0.671373 3.33328 -0.19648)
(-0.378717 3.12271 -0.140381)
(-0.124247 3.12333 -0.125584)
(-0.376478 3.37273 -0.152804)
(-0.124945 3.37417 -0.142022)
(0.124247 3.12333 -0.125584)
(0.378717 3.12271 -0.140381)
(0.124945 3.37417 -0.142021)
(0.376478 3.37273 -0.152804)
(0.633041 3.1241 -0.164015)
(0.671373 3.33328 -0.19648)
(0.879531 3.36929 -0.115992)
(-3.13823 3.63237 -0.117252)
(-2.86264 3.61452 -0.189281)
(-2.62039 3.61623 -0.132515)
(-2.91237 3.87871 -0.179947)
(-2.61989 3.86626 -0.155489)
(-2.35708 3.85784 -0.13708)
(-1.12725 3.86708 -0.158588)
(-0.625271 3.87507 -0.339853)
(-0.921968 3.62176 -0.170832)
(-0.632555 3.61714 -0.14999)
(-0.886533 3.86325 -0.155307)
(-0.63121 3.86618 -0.153443)
(-0.374836 3.87581 -0.392743)
(-0.125833 3.87833 -0.351702)
(-0.375672 3.60508 -0.160289)
(-0.121808 3.62031 -0.150887)
(-0.123927 3.87193 -0.141678)
(0.125833 3.87833 -0.351702)
(0.374836 3.87581 -0.392743)
(0.121808 3.62031 -0.150887)
(0.375672 3.60508 -0.160289)
(0.123928 3.87193 -0.141679)
(0.625271 3.87507 -0.339853)
(0.632555 3.61714 -0.14999)
(0.921968 3.62176 -0.170832)
(0.631211 3.86618 -0.153445)
(0.886534 3.86325 -0.15531)
(1.12725 3.86708 -0.158588)
(2.35708 3.85784 -0.13708)
(2.62039 3.61623 -0.132515)
(2.86264 3.61452 -0.189281)
(2.61988 3.86626 -0.155491)
(2.91237 3.87871 -0.179947)
(3.13823 3.63237 -0.117252)
(-2.6335 4.12698 -0.157101)
(-2.62841 4.38141 -0.158366)
(-2.36594 4.1143 -0.166427)
(-2.07884 4.10532 -0.117196)
(-2.37966 4.37646 -0.167758)
(-2.11192 4.36084 -0.171592)
(-1.8627 4.33633 -0.129052)
(-1.1246 4.32811 -0.417729)
(-1.35874 4.12384 -0.119077)
(-1.14248 4.11104 -0.150064)
(-1.43339 4.32559 -0.181184)
(-0.625342 4.12237 -0.404824)
(-0.875315 4.36867 -0.398677)
(-0.656164 4.33333 -0.435434)
(-0.124649 4.12221 -0.404132)
(-0.376027 4.373 -0.388758)
(-0.088715 4.33612 -0.435094)
(0.37504 4.11401 -0.431363)
(0.088715 4.33612 -0.435094)
(0.376027 4.373 -0.388757)
(0.868917 4.12746 -0.381997)
(0.656164 4.33333 -0.435434)
(0.875315 4.36867 -0.398677)
(1.1246 4.32811 -0.417729)
(1.14249 4.11104 -0.15007)
(1.35874 4.12384 -0.119077)
(1.43339 4.32559 -0.181184)
(1.8627 4.33633 -0.129052)
(2.07884 4.10532 -0.117196)
(2.36595 4.11431 -0.166427)
(2.11192 4.36084 -0.171592)
(2.37966 4.37646 -0.167757)
(2.63346 4.12696 -0.157128)
(2.62841 4.38141 -0.158366)
(-2.42854 4.66757 -0.173838)
(-2.12711 4.62263 -0.171928)
(-2.37345 4.87799 -0.123125)
(-2.13783 4.87826 -0.164706)
(-1.86244 4.87612 -0.363262)
(-1.62813 4.87288 -0.390674)
(-1.87188 4.61141 -0.145388)
(-1.6258 4.61547 -0.129218)
(-1.88162 4.87452 -0.150543)
(-1.13045 4.6214 -0.413433)
(-1.41929 4.83736 -0.434133)
(-1.12902 4.87397 -0.412223)
(-0.624707 4.62394 -0.383191)
(-0.872952 4.87184 -0.408165)
(-0.618868 4.87566 -0.395405)
(-0.124775 4.62461 -0.376797)
(-0.374692 4.87503 -0.406078)
(-0.124969 4.87503 -0.394713)
(0.374955 4.62467 -0.389281)
(0.124969 4.87503 -0.394713)
(0.374692 4.87503 -0.406078)
(0.875103 4.62065 -0.410017)
(0.618868 4.87566 -0.395405)
(0.872952 4.87184 -0.408165)
(1.37257 4.63038 -0.389032)
(1.12902 4.87397 -0.412222)
(1.41929 4.83736 -0.434133)
(1.62813 4.87288 -0.390674)
(1.86244 4.87612 -0.363262)
(1.6258 4.61547 -0.129218)
(1.87188 4.61141 -0.145389)
(1.88162 4.87452 -0.15054)
(2.12711 4.62264 -0.171926)
(2.42854 4.66757 -0.173838)
(2.13783 4.87826 -0.164705)
(2.37345 4.87799 -0.123125)
(-2.18978 5.16858 -0.180398)
(-1.65024 5.12213 -0.427768)
(-1.62204 5.36631 -0.402384)
(-1.89118 5.13324 -0.15409)
(-1.89287 5.39322 -0.149819)
(-1.12672 5.12779 -0.409012)
(-1.37252 5.41796 -0.417598)
(-1.16183 5.42445 -0.442335)
(-0.623608 5.12573 -0.386378)
(-0.875657 5.38265 -0.398791)
(-0.625371 5.37867 -0.399567)
(-0.124929 5.12567 -0.397316)
(-0.374603 5.37831 -0.401715)
(-0.124236 5.38275 -0.388544)
(0.374813 5.12546 -0.405656)
(0.124236 5.38275 -0.388544)
(0.374603 5.37831 -0.401715)
(0.874909 5.12894 -0.40373)
(0.625371 5.37867 -0.399567)
(0.875657 5.38265 -0.398791)
(1.37712 5.12688 -0.39172)
(1.16183 5.42445 -0.442335)
(1.37252 5.41796 -0.417598)
(1.85959 5.12056 -0.374238)
(1.62204 5.36631 -0.402384)
(1.89119 5.13325 -0.154089)
(1.89287 5.39321 -0.149818)
(2.18978 5.16858 -0.180398)
(-1.62214 5.65641 -0.127703)
(-1.37513 5.6743 -0.159718)
(-1.1586 5.68264 -0.164561)
(-0.620731 5.65775 -0.408374)
(-0.880479 5.64268 -0.131594)
(-0.612822 5.88769 -0.119676)
(-0.124071 5.6312 -0.393478)
(-0.386481 5.89553 -0.141598)
(-0.118636 5.88728 -0.153928)
(0.377131 5.67022 -0.419892)
(0.118635 5.88728 -0.153928)
(0.386481 5.89553 -0.141598)
(0.882033 5.62944 -0.366695)
(0.880479 5.64268 -0.131594)
(0.612822 5.88769 -0.119676)
(1.1586 5.68264 -0.164561)
(1.37513 5.6743 -0.159718)
(1.62214 5.65641 -0.127703)
(-0.371667 6.13376 -0.10971)
(-0.109418 6.1478 -0.165731)
(-0.122864 6.37536 -0.11425)
(0.109418 6.1478 -0.165731)
(0.371667 6.13376 -0.10971)
(0.122864 6.37536 -0.11425)
(-0.123507 6.62219 -0.122412)
(-0.37942 6.87256 -0.103681)
(-0.122851 6.84121 -0.178429)
(0.123507 6.62219 -0.122412)
(0.122851 6.84121 -0.178429)
(0.37942 6.87256 -0.103681)
(-0.126942 7.37426 -0.38055)
(-0.413135 7.1156 -0.164182)
(-0.132406 7.111 -0.154467)
(-0.39613 7.36843 -0.144951)
(0.126942 7.37426 -0.38055)
(0.132731 7.111 -0.154467)
(0.413135 7.1156 -0.164182)
(0.396137 7.36843 -0.144951)
(-0.127906 7.62444 -0.386906)
(-0.121361 7.86896 -0.340652)
(-0.391366 7.62572 -0.14162)
(-0.391828 7.88365 -0.14327)
(-0.129754 7.88832 -0.152272)
(0.121361 7.86896 -0.340652)
(0.39138 7.62572 -0.14162)
(0.130141 7.88833 -0.152273)
(0.391842 7.88365 -0.14327)
(-0.369029 8.12187 -0.122667)
(-0.127531 8.16555 -0.168667)
(0.127531 8.16555 -0.168667)
(0.369029 8.12187 -0.122667)
(-2.37124 -8.13763 0.127147)
(-2.13979 -8.11607 0.120781)
(-2.37461 -8.11898 0.374945)
(2.13979 -8.11607 0.120781)
(2.37124 -8.13763 0.127147)
(2.37461 -8.11898 0.374945)
(-2.59319 -7.88275 0.12603)
(-2.61446 -7.88663 0.375093)
(-2.12424 -7.88675 0.124806)
(-2.42257 -7.6285 0.128759)
(-2.12181 -7.62249 0.123997)
(-2.3881 -7.8742 0.376118)
(-2.1176 -7.8858 0.376801)
(-2.4029 -7.6177 0.379599)
(-2.12533 -7.61677 0.382529)
(-1.90927 -7.62582 0.127984)
(-1.9078 -7.86242 0.374849)
(-1.89384 -7.62617 0.374442)
(1.92123 -7.86437 0.125281)
(1.90927 -7.62582 0.127984)
(1.9078 -7.86242 0.374849)
(1.89384 -7.62617 0.374442)
(2.3948 -7.88393 0.123508)
(2.12181 -7.62249 0.123997)
(2.42257 -7.6285 0.128759)
(2.1176 -7.8858 0.376801)
(2.3881 -7.8742 0.376118)
(2.12533 -7.61677 0.382529)
(2.4029 -7.6177 0.379599)
(2.61446 -7.88663 0.375093)
(-2.10499 -7.36798 0.126652)
(-2.39514 -7.12296 0.132063)
(-2.09503 -7.12198 0.132683)
(-2.40555 -7.37368 0.410148)
(-2.11104 -7.35233 0.399386)
(-2.13657 -7.11729 0.4072)
(1.90052 -7.39071 0.134214)
(2.41771 -7.36755 0.140026)
(2.09503 -7.12198 0.132683)
(2.39514 -7.12296 0.132063)
(2.11104 -7.35233 0.399386)
(2.40555 -7.37368 0.410148)
(2.13657 -7.11729 0.4072)
(-2.10596 -6.87571 0.131967)
(-2.41042 -6.62839 0.157083)
(-2.11906 -6.62579 0.139151)
(-2.13612 -6.87551 0.354662)
(-2.12842 -6.62646 0.354819)
(-1.86882 -6.62102 0.109139)
(1.86882 -6.62102 0.109139)
(2.41627 -6.86936 0.168186)
(2.11906 -6.62579 0.13915)
(2.41042 -6.62839 0.157083)
(2.13612 -6.87551 0.354662)
(2.12842 -6.62646 0.354819)
(-2.12997 -6.37669 0.142146)
(-2.40312 -6.12356 0.138096)
(-2.13902 -6.12663 0.144606)
(-2.12165 -6.37363 0.354726)
(-2.1135 -6.12429 0.375068)
(-1.80498 -6.16604 0.180432)
(1.82688 -6.37723 0.134847)
(1.80492 -6.16607 0.179131)
(2.40929 -6.37325 0.133276)
(2.13806 -6.12662 0.143708)
(2.40078 -6.12319 0.132468)
(2.12165 -6.37364 0.354629)
(2.11362 -6.1243 0.372981)
(-2.4001 -5.62688 0.13643)
(-2.11189 -5.87493 0.391344)
(-2.11036 -5.62565 0.416998)
(-1.85798 -5.63021 0.145551)
(-1.65228 -5.62571 0.119047)
(-1.89057 -5.62118 0.382519)
(1.85301 -5.88075 0.141616)
(1.65228 -5.62571 0.119047)
(1.858 -5.6302 0.145564)
(1.89057 -5.62118 0.382519)
(2.39623 -5.87453 0.134837)
(2.4001 -5.62688 0.13643)
(2.11194 -5.87493 0.390533)
(2.11036 -5.62565 0.416998)
(-2.40908 -5.12499 0.11075)
(-2.11692 -5.37038 0.441721)
(-2.16067 -5.12556 0.413801)
(-1.5941 -5.37648 0.159363)
(-1.60487 -5.13208 0.138178)
(-1.87037 -5.3824 0.422714)
(-1.82031 -5.16475 0.446091)
(1.60487 -5.1321 0.138177)
(1.87037 -5.3824 0.422714)
(1.82031 -5.16475 0.446091)
(2.40497 -5.37621 0.141599)
(2.40908 -5.12499 0.11075)
(2.11692 -5.37038 0.441721)
(2.16067 -5.12556 0.413801)
(-2.3462 -4.62415 0.120037)
(-2.15108 -4.61867 0.135355)
(-2.15313 -4.87494 0.403941)
(-2.14367 -4.62526 0.39338)
(-1.87112 -4.87733 0.410833)
(-1.62518 -4.87565 0.403283)
(-1.87519 -4.62729 0.413414)
(-1.56999 -4.67401 0.441814)
(-1.32153 -4.64017 0.139639)
(1.36839 -4.86922 0.113299)
(1.32153 -4.64017 0.139639)
(1.62518 -4.87565 0.403283)
(1.87112 -4.87734 0.410833)
(1.56999 -4.67401 0.441814)
(1.87519 -4.62729 0.413413)
(2.38412 -4.8752 0.111717)
(2.15108 -4.61867 0.135355)
(2.3462 -4.62415 0.120037)
(2.15313 -4.87494 0.403941)
(2.14367 -4.62526 0.39338)
(-2.1489 -4.36648 0.134393)
(-2.16796 -4.08227 0.122445)
(-2.1398 -4.37848 0.366293)
(-1.89282 -4.37716 0.403061)
(-1.61445 -4.38548 0.403039)
(-1.89862 -4.12342 0.398846)
(-1.35255 -4.13687 0.124427)
(-1.34242 -4.38186 0.376191)
(-1.35343 -4.13662 0.386813)
(1.35099 -4.38013 0.129826)
(1.35255 -4.13687 0.124406)
(1.34242 -4.38186 0.376191)
(1.35339 -4.13663 0.386799)
(1.61435 -4.38552 0.402998)
(1.89283 -4.37715 0.403059)
(1.89862 -4.12341 0.398842)
(2.16796 -4.08227 0.122445)
(2.1398 -4.37848 0.366293)
(-2.0954 -3.89031 0.124687)
(-1.90377 -3.62215 0.120698)
(-1.90457 -3.8698 0.388778)
(-1.90766 -3.62443 0.379822)
(-1.10673 -3.87563 0.126029)
(-1.06352 -3.6597 0.0794568)
(-1.10517 -3.87018 0.368612)
(-1.07594 -3.63021 0.421115)
(1.06352 -3.6597 0.0794568)
(1.10517 -3.87018 0.368612)
(1.07594 -3.63021 0.421115)
(1.90224 -3.86774 0.121766)
(1.90376 -3.62215 0.120698)
(1.90457 -3.8698 0.388778)
(1.90766 -3.62443 0.379822)
(-1.93561 -3.09279 0.0935401)
(-1.89377 -3.37443 0.381454)
(-1.94168 -3.09703 0.421198)
(-1.0953 -3.37653 0.115991)
(-1.09161 -3.13384 0.113525)
(-1.10108 -3.3794 0.380351)
(-1.09891 -3.13227 0.379939)
(1.09162 -3.13383 0.113533)
(1.10108 -3.3794 0.380353)
(1.09892 -3.13223 0.379996)
(1.89482 -3.37293 0.118449)
(1.93561 -3.09279 0.0935401)
(1.89377 -3.37443 0.381454)
(1.94168 -3.09703 0.421198)
(-1.92348 -2.62372 0.120728)
(-1.89089 -2.87558 0.377609)
(-1.87681 -2.6253 0.375175)
(-1.10479 -2.87982 0.377384)
(-0.817706 -2.65412 0.131553)
(-0.895753 -2.87117 0.373282)
(-0.836752 -2.63194 0.37985)
(0.870179 -2.86887 0.13147)
(0.817706 -2.65412 0.131553)
(0.895753 -2.87117 0.373282)
(0.836752 -2.63194 0.37985)
(1.10494 -2.87962 0.37797)
(1.9229 -2.87203 0.113829)
(1.92348 -2.62372 0.120728)
(1.89089 -2.87558 0.377609)
(1.87681 -2.6253 0.375175)
(-1.93024 -2.12491 0.0685482)
(-1.8661 -2.37527 0.375072)
(-1.86491 -2.12513 0.372837)
(-0.833185 -2.12856 0.121487)
(-0.852798 -2.37845 0.378348)
(-0.842513 -2.12844 0.377417)
(0.857445 -2.37661 0.123474)
(0.833184 -2.12856 0.121487)
(0.852799 -2.37845 0.378349)
(0.842513 -2.12844 0.377416)
(1.92588 -2.37503 0.0729)
(1.93024 -2.12491 0.0685482)
(1.8661 -2.37527 0.375072)
(1.86491 -2.12513 0.372837)
(-1.91811 -1.62215 0.11382)
(-1.86908 -1.87482 0.372911)
(-1.88161 -1.62447 0.373102)
(-0.638478 -1.86073 0.129698)
(-0.581425 -1.66746 0.127268)
(-0.853223 -1.87939 0.379085)
(-0.653218 -1.86172 0.370397)
(-0.589303 -1.62896 0.373723)
(0.84678 -1.88049 0.120163)
(0.581425 -1.66746 0.127268)
(0.653218 -1.86172 0.370397)
(0.853223 -1.87939 0.379085)
(0.589303 -1.62896 0.373723)
(1.92305 -1.8777 0.0777673)
(1.91811 -1.62215 0.11382)
(1.86908 -1.87482 0.372911)
(1.88161 -1.62447 0.373102)
(-1.89457 -1.12459 0.12334)
(-1.87937 -1.3746 0.37275)
(-1.93843 -1.09195 0.336892)
(-0.609846 -1.37819 0.121718)
(-0.600979 -1.13217 0.123103)
(-0.601711 -1.38 0.380654)
(-0.602072 -1.13142 0.378573)
(0.600979 -1.13217 0.123103)
(0.601711 -1.38 0.380654)
(0.602072 -1.13142 0.378573)
(1.90432 -1.375 0.11631)
(1.89457 -1.12459 0.12334)
(1.87937 -1.3746 0.372748)
(1.93843 -1.09195 0.336892)
(-1.85959 -0.627374 0.131968)
(-1.65143 -0.621229 0.11589)
(-1.93098 -0.877006 0.374321)
(-1.90754 -0.617271 0.368728)
(-0.349621 -0.63426 0.121093)
(-0.352854 -0.882546 0.374152)
(-0.351959 -0.632248 0.378052)
(0.342157 -0.880875 0.125722)
(0.349621 -0.63426 0.121093)
(0.352854 -0.882546 0.374152)
(0.351959 -0.632248 0.378051)
(1.87787 -0.873846 0.1208)
(1.65143 -0.62123 0.115897)
(1.85959 -0.627374 0.131968)
(1.93098 -0.877006 0.374321)
(1.90754 -0.617271 0.368728)
(-1.65215 -0.371212 0.118185)
(-1.64796 -0.123148 0.121475)
(-1.86707 -0.376799 0.376175)
(-1.64771 -0.371205 0.373754)
(-1.65405 -0.119579 0.374202)
(-0.101812 -0.43604 0.12949)
(-0.101179 -0.412293 0.37344)
(0.101179 -0.412293 0.37344)
(1.64795 -0.123148 0.121475)
(1.64771 -0.371205 0.373754)
(1.86707 -0.376799 0.376175)
(1.65405 -0.119579 0.374202)
(-1.64178 0.125894 0.12215)
(-1.64015 0.376496 0.12063)
(-1.64809 0.126398 0.375563)
(-1.63146 0.375749 0.375284)
(-1.13043 0.37545 0.123158)
(1.13043 0.375448 0.123151)
(1.64015 0.376496 0.120629)
(1.64809 0.126398 0.375563)
(1.63146 0.375747 0.375281)
(-1.67456 0.631733 0.0740747)
(-1.66723 0.879938 0.120447)
(-1.63149 0.626233 0.37546)
(-1.69126 0.900786 0.370916)
(-1.13184 0.625822 0.122426)
(1.66718 0.879923 0.120463)
(1.63152 0.626199 0.375456)
(1.6919 0.900126 0.370888)
(-1.6311 1.12343 0.134824)
(-1.58868 1.36861 0.135305)
(-1.66944 1.13271 0.372835)
(-1.63869 1.37344 0.375949)
(-1.40216 1.38209 0.114972)
(1.40207 1.38207 0.114946)
(1.58868 1.36861 0.135305)
(1.66944 1.13271 0.372835)
(1.63869 1.37344 0.375949)
(-1.38271 1.87857 0.121819)
(-1.4023 1.64055 0.373435)
(-1.42968 1.91712 0.375822)
(1.40001 1.63285 0.117254)
(1.38271 1.87857 0.121819)
(1.40196 1.64051 0.373171)
(1.42968 1.91712 0.375822)
(-1.13917 2.14705 0.110919)
(-1.1478 2.13536 0.369145)
(-1.17433 2.41253 0.338423)
(-0.926192 2.42116 0.0723718)
(0.889682 2.13808 0.103059)
(0.926192 2.42116 0.0723718)
(1.14779 2.13536 0.369137)
(1.17433 2.41253 0.338423)
(-1.12463 2.62767 0.380099)
(-1.11056 2.87489 0.385927)
(-0.639434 2.62596 0.105532)
(-0.905162 2.86806 0.095579)
(-0.882952 2.62648 0.370757)
(-0.886296 2.87372 0.370073)
(0.897369 2.62727 0.103845)
(0.905162 2.86806 0.095579)
(0.88306 2.62644 0.37077)
(0.8863 2.87372 0.370073)
(1.12463 2.62767 0.380099)
(1.11056 2.87489 0.385927)
(-3.62257 3.12568 0.343909)
(-3.64147 3.36393 0.386033)
(-3.40747 3.37695 0.0895903)
(-3.12702 3.34983 0.0985733)
(-3.37748 3.09636 0.36165)
(-3.0905 3.07067 0.366309)
(-2.83125 3.31715 0.113777)
(-2.83616 3.36485 0.381356)
(-1.12946 3.38053 0.135145)
(-1.14942 3.11925 0.374948)
(-1.14521 3.37178 0.372089)
(-0.895492 3.36597 0.105181)
(0.892196 3.11841 0.10952)
(0.895492 3.36597 0.105181)
(1.12946 3.38053 0.135145)
(1.14942 3.11925 0.374948)
(1.14521 3.37178 0.372089)
(2.83125 3.31715 0.113777)
(2.83616 3.36485 0.381356)
(3.12703 3.34983 0.0985622)
(3.40747 3.37695 0.0895903)
(3.0905 3.07067 0.366309)
(3.37748 3.09637 0.361653)
(3.62257 3.12568 0.343909)
(3.64147 3.36393 0.386033)
(-3.15342 3.63947 0.100843)
(-3.16293 3.91081 0.124497)
(-3.43444 3.67727 0.359604)
(-3.13937 3.64056 0.386234)
(-3.17077 3.9243 0.38619)
(-2.56175 3.56233 0.142538)
(-2.86536 3.61866 0.40629)
(-2.63057 3.63037 0.368786)
(-2.88395 3.88244 0.431656)
(-2.60645 3.85867 0.410047)
(-2.33216 3.83919 0.133251)
(-1.14231 3.62089 0.1178)
(-1.34899 3.88002 0.131745)
(-1.15103 3.86254 0.111553)
(-1.16527 3.62092 0.373926)
(-1.36006 3.88764 0.374254)
(-1.15265 3.86979 0.374044)
(1.15103 3.86254 0.111553)
(1.34899 3.88002 0.131745)
(1.16527 3.62092 0.373926)
(1.15264 3.86979 0.374058)
(1.36006 3.88764 0.374254)
(2.33216 3.83919 0.133251)
(2.63057 3.63037 0.368786)
(2.86536 3.61867 0.406291)
(2.60645 3.85867 0.410048)
(2.88395 3.88244 0.431657)
(3.37002 3.62007 0.129269)
(3.16293 3.91081 0.124497)
(3.13938 3.64059 0.386255)
(3.43444 3.67727 0.359604)
(3.17077 3.9243 0.38619)
(-2.64807 4.39639 0.125039)
(-2.93557 4.18021 0.404332)
(-2.62186 4.12598 0.437986)
(-2.6862 4.43742 0.438351)
(-2.10275 4.10565 0.125023)
(-2.10745 4.35985 0.1293)
(-2.32018 4.07535 0.419978)
(-2.37026 4.37189 0.430355)
(-2.08417 4.33899 0.410307)
(-1.87421 4.37805 0.12278)
(-1.39384 4.36992 0.125766)
(-1.39147 4.12429 0.376145)
(-1.42343 4.36585 0.385299)
(1.42712 4.10067 0.128068)
(1.39384 4.36992 0.125766)
(1.39147 4.12429 0.376145)
(1.42343 4.36585 0.385299)
(1.87421 4.37805 0.12278)
(2.10746 4.35985 0.129301)
(2.32018 4.07535 0.419978)
(2.08417 4.33899 0.410307)
(2.37026 4.37189 0.430356)
(2.94066 4.18111 0.0836898)
(2.64807 4.3964 0.125117)
(2.62186 4.12598 0.438003)
(2.93557 4.18021 0.404332)
(2.6862 4.43742 0.438351)
(-2.63397 4.61794 0.129403)
(-2.60027 4.62036 0.367816)
(-2.40353 4.88863 0.125882)
(-2.3865 4.63277 0.421536)
(-2.10625 4.60927 0.420445)
(-2.42743 4.88984 0.383065)
(-2.13595 4.87802 0.408553)
(-1.65392 4.58636 0.162641)
(-1.8592 4.61051 0.384903)
(-1.61934 4.67151 0.363489)
(-1.8694 4.86022 0.398225)
(-1.63215 4.86025 0.386994)
(1.85974 4.60864 0.13426)
(1.61934 4.67151 0.363489)
(1.8592 4.61051 0.384903)
(1.63215 4.86025 0.386993)
(1.8694 4.86022 0.398224)
(2.40353 4.88863 0.125882)
(2.10625 4.60927 0.420445)
(2.3865 4.63277 0.421536)
(2.13595 4.87802 0.408553)
(2.42743 4.88984 0.383065)
(2.60027 4.62036 0.367816)
(-2.15858 5.14378 0.124168)
(-2.14028 5.39024 0.130798)
(-2.15102 5.13764 0.391437)
(-2.12312 5.37086 0.366829)
(-1.63176 5.12961 0.123326)
(-1.63505 5.39541 0.122531)
(-1.90167 5.40148 0.386925)
(-0.87516 5.38744 0.382731)
(0.87516 5.38744 0.382732)
(1.63504 5.39541 0.122532)
(1.90167 5.40148 0.386925)
(2.14028 5.39024 0.130798)
(2.15102 5.13764 0.391437)
(2.12312 5.37086 0.366829)
(-1.63073 5.64892 0.12522)
(-1.62971 5.68256 0.379623)
(-1.12036 5.67906 0.165188)
(-1.36921 5.67922 0.374699)
(-1.12539 5.62995 0.374589)
(-0.6357 5.64734 0.136673)
(-0.875812 5.5982 0.368666)
(-0.628978 5.64774 0.373673)
(-0.394596 5.88475 0.127201)
(-0.430577 5.90842 0.419888)
(0.394595 5.88475 0.127201)
(0.430577 5.90842 0.419888)
(0.915509 5.6879 0.170647)
(0.628978 5.64774 0.373673)
(0.875812 5.5982 0.368666)
(1.37268 5.63852 0.12666)
(1.12539 5.62995 0.374589)
(1.36921 5.67922 0.374699)
(1.88857 5.63198 0.130481)
(1.62971 5.68256 0.379623)
(-0.372058 6.37607 0.116689)
(-0.127153 6.37642 0.11748)
(-0.422395 6.12322 0.404047)
(-0.437743 6.33868 0.411434)
(-0.130311 6.37555 0.374376)
(0.389188 6.12819 0.120041)
(0.127064 6.37641 0.117521)
(0.372063 6.37607 0.116703)
(0.422395 6.12322 0.404047)
(0.130274 6.37556 0.374365)
(0.437743 6.33868 0.411434)
(-0.127497 6.62306 0.114475)
(-0.396502 6.86933 0.111419)
(-0.387517 6.62114 0.373163)
(-0.128134 6.62389 0.363597)
(-0.400644 6.86612 0.367834)
(0.37887 6.62423 0.119009)
(0.396506 6.86933 0.111419)
(0.127968 6.62389 0.363596)
(0.387509 6.62114 0.373163)
(0.400666 6.86612 0.367834)
(-0.59328 7.12932 0.132016)
(-0.661124 7.37566 0.120221)
(-0.670027 7.11572 0.361915)
(-0.64138 7.37142 0.370506)
(0.399118 7.11705 0.111951)
(0.661124 7.37566 0.120221)
(0.670027 7.11572 0.361915)
(0.641381 7.37142 0.370506)
(-0.670797 7.62347 0.09303)
(-0.651936 7.87591 0.121229)
(-0.641414 7.62545 0.372826)
(-0.6432 7.8802 0.37198)
(0.651936 7.87591 0.121229)
(0.641415 7.62545 0.372826)
(0.6432 7.8802 0.37198)
(-0.631555 8.11644 0.378572)
(-0.120917 8.38556 0.133862)
(-0.366301 8.39497 0.37886)
(-0.128582 8.3949 0.370855)
(0.393006 8.15077 0.108282)
(0.120917 8.38556 0.133862)
(0.128859 8.3949 0.370855)
(0.366301 8.39497 0.37886)
(0.631555 8.11644 0.378572)
(-2.37456 -8.10458 0.625165)
(-2.37388 -8.11158 0.875047)
(-2.13057 -8.09875 0.879719)
(2.37456 -8.10458 0.625165)
(2.13057 -8.09875 0.879719)
(2.37388 -8.11158 0.875047)
(-2.6224 -7.88725 0.625226)
(-2.62959 -7.87225 0.86324)
(-2.11453 -7.88392 0.62681)
(-2.41313 -7.5816 0.658985)
(-2.12943 -7.59 0.654101)
(-2.3852 -7.85054 0.885416)
(-2.11635 -7.86759 0.880277)
(-2.13659 -7.60453 0.897551)
(-1.87811 -7.63623 0.619811)
(-1.82411 -7.86076 0.86847)
(-1.90768 -7.6503 0.876157)
(1.86681 -7.86234 0.624985)
(1.87811 -7.63623 0.619811)
(1.82411 -7.86076 0.86847)
(1.90768 -7.6503 0.876157)
(2.38731 -7.86587 0.629372)
(2.12943 -7.59 0.654101)
(2.41313 -7.5816 0.658985)
(2.11635 -7.86759 0.880277)
(2.3852 -7.85054 0.885416)
(2.13659 -7.60453 0.897551)
(2.62959 -7.87225 0.86324)
(-1.63001 -4.36603 0.59278)
(-1.86268 -4.12374 0.640969)
(-1.61083 -4.16709 0.691122)
(-1.38454 -4.12169 0.597523)
(1.38454 -4.12169 0.597523)
(1.61083 -4.16709 0.691122)
(1.86268 -4.12374 0.640969)
(-1.62839 -3.88546 0.659144)
(-1.90931 -3.6249 0.622204)
(-1.63405 -3.62831 0.641987)
(-1.61398 -3.62313 0.858919)
(-1.34938 -3.63221 0.652176)
(1.32725 -3.91806 0.673316)
(1.34938 -3.63221 0.652175)
(1.8987 -3.87005 0.619961)
(1.63405 -3.62831 0.641987)
(1.90931 -3.6249 0.622204)
(1.61398 -3.62313 0.858919)
(-1.62971 -3.37577 0.634609)
(-1.87258 -3.12498 0.615026)
(-1.63239 -3.12587 0.638575)
(-1.61308 -3.37497 0.858184)
(-1.61195 -3.12541 0.885538)
(-1.10349 -3.3747 0.617918)
(-1.36482 -3.12961 0.6416)
(-1.05645 -3.17338 0.676936)
(-1.38922 -3.37092 0.861912)
(-1.37856 -3.12427 0.862028)
(1.36127 -3.37875 0.642522)
(1.05645 -3.17338 0.676936)
(1.36482 -3.1295 0.641688)
(1.38922 -3.37092 0.861912)
(1.37856 -3.12427 0.862028)
(1.88254 -3.37497 0.621015)
(1.6324 -3.12585 0.638588)
(1.87258 -3.12498 0.615026)
(1.61308 -3.37497 0.858184)
(1.61195 -3.12541 0.885538)
(-1.92281 -2.62436 0.675514)
(-1.63047 -2.87391 0.916362)
(-1.67429 -2.66491 0.932719)
(-1.09722 -2.88444 0.643188)
(-1.10323 -2.63033 0.641226)
(-1.37575 -2.90522 0.921842)
(-1.12023 -2.88794 0.87872)
(-1.37447 -2.62748 0.894291)
(-1.0982 -2.63359 0.932625)
(-0.880605 -2.62122 0.610749)
(0.880605 -2.62122 0.610749)
(1.10331 -2.63025 0.641522)
(1.12023 -2.88794 0.87872)
(1.37575 -2.90522 0.921842)
(1.0982 -2.63359 0.932625)
(1.37448 -2.62748 0.894298)
(1.91492 -2.88189 0.628125)
(1.92281 -2.62436 0.675514)
(1.63047 -2.87391 0.916362)
(1.67429 -2.66491 0.932719)
(-1.88569 -2.12598 0.631461)
(-1.64159 -2.38105 0.909653)
(-1.64609 -2.12893 0.912785)
(-1.37248 -2.38174 0.917606)
(-1.11434 -2.37846 0.898355)
(-1.37096 -2.13033 0.913548)
(-1.10845 -2.1291 0.899439)
(-0.816741 -2.16382 0.668706)
(0.838351 -2.37545 0.629585)
(0.816741 -2.16382 0.668706)
(1.11435 -2.37846 0.898356)
(1.37248 -2.38174 0.917607)
(1.10845 -2.1291 0.899439)
(1.37096 -2.13033 0.913548)
(1.93322 -2.38226 0.684226)
(1.88569 -2.12598 0.631462)
(1.64159 -2.38105 0.909653)
(1.64609 -2.12893 0.912785)
(-1.8879 -1.62545 0.63265)
(-1.89515 -1.87106 0.869113)
(-1.63933 -1.87937 0.903584)
(-1.89745 -1.62516 0.887826)
(-1.63906 -1.62573 0.887923)
(-1.37043 -1.87779 0.894727)
(-1.10625 -1.87809 0.895742)
(-1.37412 -1.62602 0.886193)
(-1.11465 -1.62746 0.892468)
(-0.851939 -1.63175 0.639074)
(-0.651241 -1.62541 0.623197)
(-0.90051 -1.87425 0.876279)
(-0.857488 -1.62251 0.88913)
(0.857462 -1.87887 0.63607)
(0.651241 -1.62541 0.623197)
(0.851939 -1.63175 0.639074)
(0.90051 -1.87425 0.876279)
(0.857488 -1.62251 0.88913)
(1.10625 -1.87809 0.895743)
(1.37043 -1.87779 0.894727)
(1.11466 -1.62746 0.892469)
(1.37416 -1.62601 0.886196)
(1.88375 -1.87616 0.630793)
(1.8879 -1.62545 0.632649)
(1.63933 -1.87937 0.903584)
(1.89515 -1.87106 0.869113)
(1.63907 -1.62573 0.887916)
(1.89745 -1.62516 0.887826)
(-1.88609 -1.12412 0.632484)
(-1.89907 -1.37215 0.891091)
(-1.63866 -1.37441 0.889668)
(-1.88606 -1.12377 0.885167)
(-1.63675 -1.12441 0.887571)
(-1.37429 -1.37569 0.888173)
(-1.11159 -1.37809 0.901172)
(-1.37602 -1.12551 0.887264)
(-1.11682 -1.12827 0.893579)
(-0.587273 -1.38061 0.634343)
(-0.604064 -1.13198 0.635409)
(-0.825101 -1.3867 0.922485)
(-0.858244 -1.13125 0.899215)
(0.604064 -1.13198 0.635409)
(0.825101 -1.3867 0.922485)
(0.858245 -1.13125 0.899215)
(1.11162 -1.37809 0.901174)
(1.3746 -1.37568 0.888197)
(1.11684 -1.12827 0.893574)
(1.37609 -1.12552 0.887183)
(1.8908 -1.37408 0.633619)
(1.88611 -1.12412 0.63245)
(1.63871 -1.37443 0.889558)
(1.89907 -1.37215 0.891091)
(1.63738 -1.12451 0.886403)
(1.89382 -1.1248 0.871402)
(-1.91687 -0.61563 0.632558)
(-1.88167 -0.874817 0.863859)
(-1.64353 -0.873619 0.897737)
(-1.84574 -0.625876 0.872452)
(-1.64817 -0.619778 0.899994)
(-1.12176 -0.876562 0.8879)
(-1.38151 -0.623651 0.891656)
(-1.12412 -0.625722 0.889861)
(-0.603249 -0.883032 0.637476)
(-0.864862 -0.879726 0.895974)
(-0.599886 -0.873363 0.898542)
(-0.866072 -0.628721 0.895764)
(-0.559681 -0.669822 0.937647)
(-0.334565 -0.634225 0.657707)
(0.409597 -0.86747 0.616926)
(0.334565 -0.634225 0.657707)
(0.599886 -0.873363 0.898542)
(0.864862 -0.879726 0.895974)
(0.559681 -0.669822 0.937647)
(0.866074 -0.62872 0.895767)
(1.12177 -0.876562 0.887897)
(1.12412 -0.625722 0.889861)
(1.38151 -0.623651 0.891653)
(1.94043 -0.850705 0.627891)
(1.91687 -0.61563 0.632558)
(1.64358 -0.873627 0.89765)
(1.88167 -0.874817 0.863859)
(1.64817 -0.619778 0.89999)
(1.84574 -0.625876 0.872452)
(-1.65334 -0.368471 0.634547)
(-1.65572 -0.117492 0.632495)
(-1.6493 -0.368219 0.896957)
(-1.67767 -0.110711 0.915154)
(-1.38678 -0.371667 0.896089)
(-1.39053 -0.120486 0.897194)
(-0.869482 -0.377134 0.897024)
(-0.610507 -0.380854 0.900239)
(-0.620468 -0.128382 0.889993)
(-0.118139 -0.387272 0.626766)
(-0.367635 -0.382488 0.874863)
(-0.372782 -0.131538 0.883576)
(-0.130832 -0.145312 0.893999)
(0.353796 -0.386118 0.635472)
(0.367635 -0.382488 0.874863)
(0.129113 -0.145312 0.893998)
(0.372707 -0.131538 0.883577)
(0.610514 -0.380851 0.900257)
(0.869484 -0.377132 0.897028)
(0.620461 -0.128382 0.889996)
(1.38678 -0.371667 0.896087)
(1.39053 -0.120487 0.897192)
(1.86516 -0.376165 0.623056)
(1.65572 -0.117492 0.632495)
(1.6493 -0.36822 0.896957)
(1.67767 -0.110711 0.915154)
(-1.64609 0.127963 0.630678)
(-1.69465 0.412823 0.66422)
(-1.64122 0.121029 0.868802)
(-1.39322 0.129401 0.90053)
(-1.39224 0.378422 0.898309)
(-0.625457 0.122908 0.892356)
(0.625444 0.122904 0.892369)
(1.39321 0.129398 0.900512)
(1.3922 0.378401 0.898119)
(1.69465 0.412823 0.66422)
(1.64122 0.121029 0.868802)
(-1.67494 0.624495 0.629901)
(-1.65876 0.875062 0.626192)
(-1.3868 0.626375 0.890141)
(-1.38464 0.876574 0.896303)
(-1.13178 0.876008 0.896155)
(1.38596 0.625968 0.88743)
(1.13142 0.875722 0.892814)
(1.38541 0.876964 0.888153)
(1.65912 0.875064 0.626203)
(-1.64785 1.12313 0.614795)
(-1.61626 1.37024 0.610061)
(-1.40098 1.3806 0.637716)
(-1.43212 1.15882 0.941592)
(-1.13689 1.1255 0.893575)
(-1.41352 1.38183 0.928173)
(-1.13527 1.37643 0.887887)
(1.39992 1.37901 0.637625)
(1.13674 1.12541 0.892884)
(1.43212 1.15882 0.941595)
(1.1348 1.37602 0.887673)
(1.41353 1.38212 0.928111)
(1.61628 1.37021 0.610016)
(-1.42159 1.90627 0.63126)
(-1.39375 1.6247 0.868611)
(-1.13655 1.62728 0.885253)
(-1.35275 1.87019 0.869552)
(-1.15502 1.88278 0.890473)
(1.39482 1.63239 0.630662)
(1.42141 1.90645 0.631561)
(1.13516 1.62672 0.884899)
(1.3962 1.62198 0.894112)
(1.15439 1.88276 0.890384)
(1.35282 1.87067 0.869)
(-1.16155 2.13721 0.631746)
(-1.14222 2.38009 0.6247)
(-1.15504 2.13207 0.89147)
(-1.14122 2.37559 0.88674)
(1.14222 2.38009 0.624705)
(1.15501 2.13206 0.891489)
(1.14123 2.37559 0.886765)
(-3.61883 2.85223 0.602938)
(-3.90088 2.86838 0.855775)
(-3.61648 2.84496 0.866259)
(-3.3829 2.84962 0.6335)
(-3.3399 2.84145 0.873239)
(-1.12926 2.62546 0.623417)
(-1.1785 2.87865 0.591087)
(-1.13152 2.62659 0.881211)
(-1.18866 2.90707 0.923193)
(1.1785 2.87865 0.591087)
(1.13152 2.62659 0.881213)
(1.18866 2.90707 0.923193)
(3.3829 2.84962 0.6335)
(3.3399 2.84145 0.873239)
(3.61883 2.85223 0.602938)
(3.61648 2.84496 0.866258)
(3.90088 2.86838 0.855775)
(-3.65437 3.1252 0.607348)
(-3.69067 3.41811 0.615487)
(-3.92054 3.13562 0.872713)
(-3.62325 3.41531 0.873547)
(-3.05394 3.08984 0.645298)
(-3.07144 3.41782 0.679563)
(-3.35878 3.12757 0.895472)
(-3.36921 3.37454 0.912711)
(-1.18835 3.08148 0.583184)
(-1.15154 3.3732 0.625541)
(-1.19176 3.12506 0.920397)
(-1.18722 3.37289 0.915666)
(1.15154 3.3732 0.625541)
(1.19176 3.12506 0.920397)
(1.18722 3.37289 0.915666)
(3.07144 3.41782 0.679563)
(3.35879 3.12758 0.895471)
(3.36921 3.37454 0.912711)
(3.69067 3.41811 0.615487)
(3.92054 3.13562 0.872713)
(3.62325 3.41531 0.873547)
(-3.13818 3.61174 0.635092)
(-1.16346 3.62349 0.627813)
(-1.15457 3.87275 0.630846)
(-1.19409 3.62115 0.923336)
(-1.14172 3.87384 0.880615)
(1.15458 3.87275 0.630844)
(1.19409 3.62115 0.923336)
(1.14172 3.87384 0.880615)
(3.36957 3.66345 0.633393)
(-1.14753 4.12545 0.631503)
(-1.34828 4.3748 0.621358)
(-1.15178 4.36793 0.63369)
(-1.14146 4.12441 0.879376)
(-1.15301 4.37319 0.882961)
(1.15177 4.36793 0.633686)
(1.34828 4.3748 0.621358)
(1.14146 4.12441 0.879376)
(1.153 4.3732 0.882962)
(-1.63173 4.86261 0.645671)
(-1.3977 4.863 0.651392)
(-1.15942 4.62789 0.905043)
(-1.39087 4.87519 0.857193)
(-1.14213 4.88318 0.907248)
(-0.374281 4.88638 0.896657)
(-0.123543 4.88787 0.900855)
(0.123543 4.88787 0.900855)
(0.374281 4.88638 0.896658)
(1.41936 4.58862 0.658119)
(1.3977 4.86299 0.651417)
(1.15937 4.62794 0.905064)
(1.14211 4.88321 0.907259)
(1.39087 4.87519 0.857193)
(1.63173 4.86261 0.645671)
(-1.63684 5.11869 0.669636)
(-1.87093 5.36423 0.645219)
(-1.63587 5.39357 0.659419)
(-1.38218 5.40916 0.663028)
(-1.1218 5.41172 0.652843)
(-1.36351 5.12485 0.890954)
(-1.16439 5.16128 0.944756)
(-0.874799 5.40419 0.642336)
(-0.624741 5.38779 0.633035)
(-0.876627 5.13855 0.909408)
(-0.625228 5.13767 0.916541)
(-0.374812 5.13641 0.907315)
(-0.12239 5.13467 0.898063)
(-0.371327 5.36862 0.89971)
(-0.118936 5.38392 0.87159)
(0.12239 5.13467 0.898063)
(0.374812 5.13641 0.907315)
(0.118936 5.38392 0.87159)
(0.371327 5.36862 0.89971)
(0.624741 5.38779 0.633035)
(0.874799 5.40419 0.642337)
(0.625228 5.13767 0.916542)
(0.876628 5.13855 0.909412)
(1.1218 5.41172 0.652843)
(1.38218 5.40916 0.663027)
(1.16439 5.16128 0.944756)
(1.36351 5.12485 0.890954)
(1.88067 5.12471 0.650847)
(1.63587 5.39357 0.659419)
(1.87093 5.36423 0.645219)
(-0.127058 5.62962 0.623894)
(-0.338121 5.87536 0.585564)
(-0.163897 5.88073 0.662815)
(0.375026 5.62944 0.623568)
(0.163897 5.88073 0.662815)
(0.338121 5.87536 0.585564)
(-0.181624 6.09773 0.683603)
(-0.3742 6.3577 0.586)
(-0.123899 6.37581 0.604696)
(0.123899 6.37581 0.604696)
(0.3742 6.3577 0.586)
(-0.659081 6.82844 0.627191)
(-0.654665 6.86506 0.881703)
(-0.124343 6.62351 0.572371)
(-0.115911 6.8321 0.669725)
(-0.357849 6.69146 0.877695)
(-0.318477 6.82935 0.881279)
(0.317844 6.64854 0.654565)
(0.115911 6.8321 0.669725)
(0.357849 6.69146 0.877695)
(0.318477 6.82935 0.881279)
(0.659081 6.82844 0.627191)
(0.654665 6.86506 0.881703)
(-0.6851 7.0758 0.5748)
(-0.629337 7.37359 0.624708)
(-0.684521 7.12694 0.903123)
(-0.676167 7.37698 0.905918)
(-0.123976 7.10901 0.878215)
(0.123284 7.10901 0.878214)
(0.629341 7.37359 0.624708)
(0.684521 7.12694 0.903123)
(0.676167 7.37698 0.905918)
(-0.636433 7.62543 0.626015)
(-0.647 7.88104 0.627897)
(-0.685088 7.62233 0.908945)
(-0.678924 7.87721 0.882689)
(0.647 7.88104 0.627897)
(0.685088 7.62233 0.908945)
(0.678924 7.87721 0.882689)
(-0.642038 8.11886 0.625357)
(-0.592431 8.12163 0.870804)
(-0.369236 8.40746 0.625615)
(-0.137903 8.39626 0.63038)
(-0.396755 8.14519 0.888444)
(-0.369274 8.35225 0.872788)
(-0.130551 8.41539 0.88249)
(0.137744 8.39626 0.63038)
(0.369236 8.40746 0.625615)
(0.396727 8.14521 0.888445)
(0.130551 8.41539 0.88249)
(0.369274 8.35225 0.872788)
(0.592431 8.12163 0.870804)
(-2.37381 -8.1288 1.12381)
(-2.12567 -8.13986 1.12436)
(-2.12665 -8.04134 1.34607)
(-1.92021 -8.12385 1.11594)
(-1.92966 -8.04273 1.31553)
(1.92021 -8.12385 1.11594)
(1.92966 -8.04273 1.31553)
(2.12567 -8.13986 1.12436)
(2.37381 -8.1288 1.12381)
(2.12665 -8.04134 1.34607)
(-2.57603 -7.89556 1.12427)
(-2.12571 -7.85232 1.13694)
(-2.37542 -7.90944 1.32477)
(-1.93251 -7.95743 1.31297)
(1.83066 -7.84114 1.11291)
(1.93251 -7.95743 1.31297)
(2.37574 -7.83827 1.13712)
(2.37542 -7.90944 1.32477)
(-1.61636 -1.87203 1.08538)
(-1.61299 -1.62453 1.1029)
(-1.37623 -1.6249 1.11541)
(1.37829 -1.87257 1.09814)
(1.37623 -1.6249 1.11541)
(1.61299 -1.62453 1.1029)
(-1.61272 -1.375 1.11614)
(-1.61362 -1.12525 1.11073)
(-1.37589 -1.12511 1.12332)
(-1.13522 -1.12015 1.0964)
(1.37572 -1.37486 1.12304)
(1.13522 -1.12015 1.0964)
(1.37589 -1.12511 1.12332)
(1.61362 -1.12525 1.11073)
(-1.62534 -0.877782 1.0976)
(-1.12582 -0.874584 1.10916)
(-1.37492 -0.624753 1.12307)
(-1.1237 -0.625755 1.12484)
(-0.888324 -0.620983 1.09988)
(0.888324 -0.620983 1.09988)
(1.3757 -0.875071 1.12514)
(1.1237 -0.625755 1.12484)
(1.37492 -0.624753 1.12307)
(-1.12276 -0.376348 1.13751)
(-1.36374 -0.127876 1.10834)
(-1.13318 -0.125591 1.14614)
(-0.875004 -0.124981 1.13699)
(-0.629822 -0.119931 1.09878)
(-0.126869 -0.124399 1.1044)
(0.126869 -0.124399 1.1044)
(0.878581 -0.37331 1.12142)
(0.629822 -0.119931 1.09878)
(0.875004 -0.124981 1.13699)
(1.37264 -0.375236 1.11692)
(1.13318 -0.125591 1.14614)
(1.36374 -0.127876 1.10834)
(-1.13561 0.124174 1.14675)
(-1.12429 0.375016 1.139)
(-0.625355 0.124699 1.12467)
(-0.875725 0.374282 1.1669)
(-0.632369 0.368026 1.17048)
(-0.126139 0.117134 1.14368)
(-0.383027 0.366609 1.16161)
(-0.126993 0.359393 1.15185)
(0.383508 0.116868 1.16273)
(0.127023 0.359305 1.15202)
(0.383069 0.366521 1.16184)
(0.875005 0.124968 1.15767)
(0.632369 0.368026 1.17048)
(0.875725 0.374281 1.1669)
(1.12427 0.374996 1.13901)
(-1.12386 0.624295 1.12601)
(-1.11689 0.873741 1.11314)
(-0.632047 0.620791 1.14854)
(-0.911144 0.871401 1.17488)
(-0.63093 0.872579 1.14097)
(-0.126771 0.620305 1.14748)
(-0.38028 0.872973 1.14842)
(-0.3654 0.630865 1.34062)
(-0.124128 0.626659 1.37397)
(-0.37089 0.877034 1.37584)
(-0.125264 0.874482 1.41013)
(0.38403 0.618058 1.15472)
(0.380213 0.87295 1.14926)
(0.124128 0.626658 1.37399)
(0.365454 0.630799 1.34082)
(0.125285 0.874468 1.41012)
(0.370893 0.877033 1.37584)
(0.884002 0.618265 1.16808)
(0.630959 0.872736 1.14207)
(0.911651 0.876729 1.18145)
(1.12203 0.873602 1.11578)
(-1.114 1.12516 1.1046)
(-1.1184 1.37475 1.10915)
(-0.637402 1.12447 1.14546)
(-0.880887 1.37452 1.13977)
(-0.640749 1.37474 1.15132)
(-0.374764 1.12476 1.39799)
(-0.135757 1.11027 1.43405)
(-0.381398 1.37452 1.40825)
(-0.13115 1.37554 1.39363)
(0.135584 1.11433 1.43443)
(0.374762 1.12488 1.398)
(0.113822 1.37108 1.44509)
(0.374989 1.37513 1.4091)
(0.917556 1.11863 1.18517)
(0.640444 1.37475 1.15168)
(0.880866 1.37452 1.13968)
(1.1184 1.37475 1.10915)
(-1.12095 1.62508 1.12234)
(-1.11867 1.87114 1.12038)
(-0.634855 1.62468 1.15681)
(-0.880202 1.87496 1.14026)
(-0.633191 1.87477 1.15092)
(-0.616069 1.87883 1.33378)
(-0.376681 1.62553 1.40699)
(-0.100666 1.6609 1.44218)
(-0.382184 1.8725 1.39586)
(-0.109862 1.87285 1.40625)
(0.139487 1.62561 1.44943)
(0.374607 1.62503 1.40759)
(0.109702 1.87259 1.40618)
(0.382232 1.87245 1.39585)
(0.880543 1.62492 1.14033)
(0.633192 1.87475 1.15105)
(0.88019 1.87495 1.14024)
(0.616069 1.87883 1.33378)
(1.11866 1.87114 1.12039)
(-0.631794 2.12334 1.14427)
(-0.892082 2.37303 1.15469)
(-0.615596 2.12482 1.35688)
(-0.630449 2.36967 1.38663)
(-0.385896 2.11842 1.41696)
(-0.12565 2.10008 1.4381)
(-0.411187 2.34042 1.4399)
(-0.125665 2.37299 1.38588)
(0.12565 2.10008 1.4381)
(0.385896 2.11842 1.41696)
(0.125882 2.37299 1.38589)
(0.411187 2.34042 1.4399)
(0.882929 2.12448 1.1484)
(0.892067 2.37303 1.15468)
(0.615596 2.12482 1.35688)
(0.630449 2.36967 1.38663)
(-4.09723 2.61142 1.10649)
(-4.12941 2.86088 1.14001)
(-4.17078 2.62532 1.35513)
(-4.10456 2.88812 1.36833)
(-3.88623 2.88084 1.12878)
(-3.59524 2.86784 1.15014)
(-3.84991 2.60169 1.38566)
(-3.8701 2.92265 1.4272)
(-0.90455 2.87336 1.15442)
(-0.658154 2.59023 1.42232)
(-0.631073 2.874 1.39075)
(-0.378717 2.62073 1.39703)
(-0.123412 2.61882 1.40656)
(-0.379768 2.86965 1.40549)
(-0.124464 2.86812 1.41089)
(0.123439 2.61882 1.40656)
(0.37872 2.62073 1.39703)
(0.12447 2.86812 1.41089)
(0.379769 2.86965 1.40549)
(0.898833 2.62415 1.14962)
(0.90455 2.87336 1.15442)
(0.658154 2.59023 1.42232)
(0.631073 2.874 1.39075)
(3.8803 2.56019 1.07739)
(3.59524 2.86784 1.15014)
(3.88623 2.88084 1.12878)
(3.84991 2.60169 1.38566)
(3.8701 2.92265 1.4272)
(4.12941 2.86088 1.14001)
(4.17078 2.62532 1.35513)
(4.10456 2.88812 1.36833)
(-3.61904 3.12373 1.16698)
(-0.903237 3.37255 1.14546)
(-0.633935 3.12311 1.40298)
(-0.879193 3.37692 1.3751)
(-0.633593 3.37603 1.40179)
(-0.381109 3.12269 1.39734)
(-0.12577 3.12403 1.38868)
(-0.379665 3.37851 1.39725)
(-0.125298 3.38042 1.39761)
(0.125815 3.12403 1.38868)
(0.381117 3.12269 1.39734)
(0.125565 3.38042 1.39761)
(0.379691 3.37851 1.39725)
(0.909268 3.12243 1.15175)
(0.902885 3.37258 1.14535)
(0.633935 3.12311 1.40299)
(0.633594 3.37603 1.40179)
(0.879193 3.37692 1.3751)
(3.86848 3.15219 1.11835)
(-1.10192 3.62996 1.11627)
(-1.1491 3.87258 1.13116)
(-0.907201 3.58849 1.41407)
(-0.628079 3.62156 1.39302)
(-0.89501 3.87984 1.40703)
(-0.625335 3.8841 1.40968)
(-0.37411 3.62814 1.40683)
(-0.125113 3.63483 1.40931)
(-0.368186 3.88062 1.40333)
(-0.124289 3.87774 1.38458)
(0.125463 3.63483 1.40931)
(0.374134 3.62814 1.40683)
(0.124347 3.87774 1.38458)
(0.368193 3.88062 1.40333)
(0.893743 3.62214 1.13714)
(0.62808 3.62156 1.39302)
(0.907201 3.58849 1.41407)
(0.625336 3.8841 1.40968)
(0.89501 3.87984 1.40703)
(1.1491 3.87258 1.13116)
(-1.17699 4.12698 1.17697)
(-1.17118 4.37348 1.17273)
(-0.883926 4.38378 1.15098)
(-0.62622 4.38456 1.14146)
(-0.881564 4.16268 1.43105)
(-0.624763 4.13319 1.39856)
(-0.86737 4.36414 1.3379)
(-0.625001 4.36566 1.35846)
(-0.37244 4.38436 1.14612)
(-0.123783 4.38168 1.13935)
(-0.368565 4.16093 1.42343)
(-0.122365 4.13652 1.38663)
(-0.378186 4.36729 1.3381)
(0.123789 4.38168 1.13935)
(0.37244 4.38436 1.14612)
(0.122365 4.13652 1.38663)
(0.368565 4.16093 1.42343)
(0.378186 4.36729 1.3381)
(0.62622 4.38456 1.14146)
(0.883926 4.38378 1.15098)
(0.624763 4.13319 1.39856)
(0.881564 4.16268 1.43105)
(0.625001 4.36566 1.35846)
(0.86737 4.36414 1.3379)
(1.17118 4.37348 1.17273)
(-1.12623 4.63061 1.12733)
(-0.625577 4.63475 1.15319)
(-0.870688 4.86554 1.13835)
(-0.625067 4.8709 1.15353)
(-0.11842 4.67753 1.17519)
(-0.375062 4.86811 1.12123)
(-0.12572 4.86934 1.09382)
(0.373695 4.63355 1.1426)
(0.12572 4.86934 1.09382)
(0.375062 4.86811 1.12123)
(0.878346 4.63524 1.14622)
(0.625067 4.8709 1.15353)
(0.870688 4.86554 1.13835)
(-0.59975 6.87728 1.12036)
(-0.308098 6.82267 1.09739)
(-0.407663 6.93268 1.38515)
(-0.107063 6.88746 1.34954)
(0.356585 6.69732 1.02936)
(0.308098 6.82267 1.09739)
(0.107063 6.88746 1.34954)
(0.407663 6.93268 1.38515)
(0.59975 6.87728 1.12036)
(-0.630641 7.12093 1.12215)
(-0.612855 7.38491 1.13035)
(-0.127612 7.12312 1.12126)
(-0.374261 7.37252 1.13367)
(-0.17578 7.33608 1.17614)
(-0.353853 7.14305 1.29272)
(-0.167511 7.1784 1.41465)
(-0.189742 7.33735 1.33087)
(0.349974 7.15607 1.15883)
(0.17578 7.33608 1.17614)
(0.374261 7.37252 1.13367)
(0.167511 7.1784 1.41465)
(0.353853 7.14305 1.29272)
(0.189742 7.33735 1.33087)
(0.612855 7.38491 1.13035)
(-0.610589 7.62272 1.11824)
(-0.402234 7.88792 1.14978)
(-0.365642 7.63141 1.4)
(-0.133618 7.62608 1.41279)
(-0.122842 7.92561 1.4268)
(0.386881 7.62312 1.13561)
(0.402242 7.88792 1.14979)
(0.133384 7.62608 1.41279)
(0.365642 7.63141 1.4)
(0.122842 7.92561 1.4268)
(-0.130123 8.1472 1.14704)
(0.386282 8.13536 1.15816)
(-4.05581 2.36821 1.62814)
(4.05581 2.36821 1.62814)
(-4.13002 2.65985 1.64717)
(-0.124892 3.1263 1.61077)
(-0.36195 3.36194 1.59561)
(-0.125026 3.36302 1.60602)
(0.361273 3.1298 1.59897)
(0.125026 3.36302 1.60602)
(0.36195 3.36194 1.59561)
(-0.993642 0.00505212 -0.849447)
(-0.50585 0.00553586 -0.892854)
(0.50585 0.00553586 -0.892854)
(0.993642 0.00505212 -0.849447)
(-0.860273 0.503783 -0.986418)
(-1.02767 0.50211 -0.919953)
(-0.512337 0.376212 -0.983591)
(-0.626095 0.499716 -1.0052)
(-0.51477 0.614865 -0.979788)
(-0.495356 0.501137 -0.899189)
(0.512337 0.376212 -0.983591)
(0.626095 0.499716 -1.0052)
(0.51477 0.614865 -0.979788)
(0.495358 0.501137 -0.899185)
(0.860273 0.503783 -0.986418)
(1.02767 0.50211 -0.919953)
(-0.986815 0.986892 -0.826314)
(-0.504435 0.985669 -0.864166)
(0.504435 0.985699 -0.863759)
(0.986815 0.986892 -0.826314)
(-2.49953 -8.00512 -0.350897)
(-2.13083 -7.99448 -0.475423)
(-1.99187 -8.00541 -0.384277)
(2.13083 -7.99448 -0.475423)
(1.99187 -8.00541 -0.384277)
(2.49953 -8.00512 -0.350897)
(-2.00022 -6.50843 -0.365799)
(2.00024 -6.50833 -0.365836)
(-2.11767 -5.99257 -0.469317)
(-1.88561 -5.99131 -0.462711)
(-1.99965 -5.87308 -0.504011)
(-1.99828 -6.00536 -0.411581)
(1.88666 -5.99027 -0.460947)
(2.1122 -5.98636 -0.475859)
(2.00029 -5.87361 -0.503059)
(1.99896 -6.0043 -0.403771)
(-1.98731 -5.48678 -0.576002)
(-2.00735 -5.63577 -0.547327)
(-2.12263 -5.50606 -0.533798)
(-1.87555 -5.50503 -0.522088)
(-2.00605 -5.37756 -0.519403)
(-2.00999 -5.50519 -0.400184)
(-1.62479 -5.50593 -0.500403)
(-1.53796 -5.49071 -0.366443)
(1.62479 -5.50593 -0.500403)
(1.53796 -5.49071 -0.366443)
(1.98731 -5.48678 -0.576002)
(2.00734 -5.63575 -0.54733)
(1.87559 -5.50501 -0.522083)
(2.12263 -5.50606 -0.533798)
(2.00608 -5.37756 -0.51942)
(2.0101 -5.50516 -0.400123)
(-1.99663 -4.99797 -0.62317)
(-2.01056 -5.12649 -0.532462)
(-2.15771 -4.99496 -0.564893)
(-1.87745 -4.99946 -0.528733)
(-2.01008 -4.87135 -0.526433)
(-2.01566 -4.99803 -0.40405)
(-1.54714 -4.99919 -0.572371)
(-1.49807 -5.12352 -0.492441)
(-1.61763 -5.0018 -0.512566)
(-1.47675 -4.87231 -0.521416)
(-1.43694 -5.03876 -0.430939)
(1.54714 -4.99919 -0.572371)
(1.49807 -5.12352 -0.492441)
(1.61763 -5.00181 -0.512567)
(1.47675 -4.87231 -0.521416)
(1.43694 -5.03876 -0.430939)
(1.99663 -4.99797 -0.62317)
(2.01059 -5.12649 -0.532484)
(1.87746 -4.99947 -0.528738)
(2.15771 -4.99496 -0.564893)
(2.01008 -4.87135 -0.526435)
(2.01569 -4.99803 -0.404075)
(-2.0094 -4.61416 -0.54217)
(-1.88383 -4.48759 -0.550682)
(-1.99428 -4.37673 -0.478267)
(-2.01341 -4.49334 -0.403663)
(-1.50171 -4.61905 -0.533882)
(-1.61409 -4.48525 -0.556639)
(-1.51467 -4.37889 -0.489324)
(-1.48472 -4.4983 -0.39195)
(1.50171 -4.61905 -0.533882)
(1.61409 -4.48525 -0.556639)
(1.51467 -4.37889 -0.489324)
(1.48473 -4.49837 -0.391949)
(2.0094 -4.61416 -0.54217)
(1.88383 -4.48759 -0.550682)
(1.99428 -4.37673 -0.478267)
(2.01341 -4.49334 -0.403663)
(-1.50588 -3.99428 -0.411073)
(1.50588 -3.99428 -0.411073)
(-1.5033 -3.51535 -0.338153)
(1.5033 -3.51535 -0.338153)
(-1.48901 -2.49968 -0.347106)
(1.48901 -2.49968 -0.347106)
(-1.49525 -2.00165 -0.404866)
(-1.01195 -1.9986 -0.384167)
(1.01195 -1.9986 -0.384167)
(1.49525 -2.00165 -0.404866)
(-1.37088 -1.49773 -0.51611)
(-1.48649 -1.37106 -0.473706)
(-1.54652 -1.53581 -0.436391)
(-1.00919 -1.62186 -0.459165)
(-1.12633 -1.49926 -0.523233)
(-1.00985 -1.37338 -0.510192)
(-0.992332 -1.5016 -0.396957)
(1.00919 -1.62186 -0.459165)
(1.12633 -1.49926 -0.523233)
(1.00985 -1.37338 -0.510192)
(0.992332 -1.5016 -0.396957)
(1.37088 -1.49773 -0.51611)
(1.48649 -1.37106 -0.473706)
(1.54652 -1.53581 -0.436391)
(-1.4884 -1.12509 -0.482398)
(-1.38139 -1.00058 -0.532592)
(-1.48637 -0.879069 -0.489729)
(-1.50001 -0.999855 -0.3849)
(-0.996167 -1.13051 -0.543179)
(-1.12286 -1.00195 -0.522607)
(-0.877149 -1.00145 -0.513187)
(-0.955416 -0.914191 -0.561102)
(-0.989172 -1.00369 -0.399838)
(0.996167 -1.13051 -0.543179)
(0.877149 -1.00145 -0.513187)
(1.12286 -1.00195 -0.522607)
(0.955416 -0.914191 -0.561102)
(0.989172 -1.00369 -0.399839)
(1.4884 -1.12509 -0.482398)
(1.38139 -1.00058 -0.532592)
(1.48637 -0.879069 -0.489729)
(1.49999 -0.999846 -0.384951)
(-1.38533 -0.502528 -0.523737)
(-1.538 -0.49621 -0.414288)
(-0.999962 -0.506536 -0.647905)
(-0.999689 -0.627938 -0.522485)
(-1.13044 -0.502566 -0.523878)
(-0.868585 -0.515038 -0.535336)
(-1.00614 -0.385553 -0.531733)
(-1.00149 -0.505749 -0.399052)
(-0.509392 -0.618692 -0.460716)
(-0.572258 -0.55353 -0.556095)
(-0.390053 -0.485936 -0.482555)
(-0.490227 -0.386658 -0.514072)
(-0.493069 -0.507662 -0.383822)
(0.509392 -0.618692 -0.460716)
(0.390053 -0.485936 -0.482555)
(0.572258 -0.55353 -0.556095)
(0.490227 -0.386658 -0.514072)
(0.493069 -0.507662 -0.383822)
(0.999962 -0.506536 -0.647905)
(0.99969 -0.627938 -0.522485)
(0.868586 -0.515038 -0.535336)
(1.13044 -0.502566 -0.523879)
(1.00614 -0.385553 -0.531733)
(1.0015 -0.505748 -0.399054)
(1.38533 -0.502528 -0.523737)
(1.538 -0.49621 -0.414288)
(-1.4287 -0.00283224 -0.550501)
(-1.54097 0.00110962 -0.409828)
(-1.01378 -0.00894208 -0.659129)
(-1.01047 -0.133612 -0.529145)
(-1.14484 -0.00576408 -0.530243)
(-0.882224 -0.00870614 -0.526948)
(-1.01468 0.119759 -0.526883)
(-0.489862 -0.0155199 -0.654847)
(-0.487874 -0.142033 -0.524301)
(-0.620336 -0.0118001 -0.52413)
(-0.359641 -0.0142368 -0.522561)
(-0.0222198 -0.0183726 -0.592758)
(-0.0149655 -0.133263 -0.505894)
(-0.115412 -0.00378636 -0.506784)
(0.116803 -0.00378636 -0.506784)
(0.000751958 0.132433 -0.496894)
(0.000836056 -0.00532851 -0.378604)
(0.489872 -0.0155194 -0.654844)
(0.487887 -0.142033 -0.524299)
(0.359755 -0.0142367 -0.52256)
(0.620327 -0.011801 -0.524121)
(1.01379 -0.00893315 -0.659119)
(1.01047 -0.133607 -0.529141)
(0.88232 -0.00866028 -0.52695)
(1.14484 -0.00576216 -0.53024)
(1.01466 0.119748 -0.526882)
(1.4287 -0.00283224 -0.550501)
(1.54097 0.00110962 -0.409828)
(-1.41265 0.499289 -0.541241)
(-1.50965 0.500058 -0.370563)
(-1.02059 0.501017 -0.651674)
(-1.01685 0.373761 -0.522735)
(-1.14698 0.501339 -0.521553)
(-1.01898 0.628168 -0.520149)
(-0.498951 0.499602 -0.258297)
(5.55033e-05 0.49925 -0.255033)
(1.00567e-05 0.499679 -0.630571)
(7.04714e-05 0.374091 -0.505569)
(-0.118521 0.499447 -0.510364)
(0.118584 0.499445 -0.510324)
(3.14592e-05 0.625382 -0.508123)
(0.499003 0.499601 -0.258256)
(1.02061 0.501038 -0.651698)
(1.01686 0.373769 -0.522747)
(1.147 0.501365 -0.521585)
(1.01908 0.628277 -0.520274)
(1.41265 0.499289 -0.541241)
(1.50965 0.500058 -0.370563)
(-1.34098 0.997765 -0.49349)
(-1.01485 1.01245 -0.649286)
(-1.01444 0.881534 -0.517591)
(-1.14682 1.00817 -0.519346)
(-0.885008 1.01132 -0.521255)
(-1.01635 1.14051 -0.527239)
(-0.498195 1.01031 -0.644237)
(-0.62599 1.01038 -0.518087)
(-0.372295 1.00805 -0.514923)
(-0.49907 1.13865 -0.519915)
(4.4247e-05 1.00349 -0.623888)
(7.39847e-05 0.877495 -0.505741)
(-0.123398 1.00473 -0.509176)
(0.12361 1.00461 -0.508549)
(2.09315e-05 1.1312 -0.508727)
(0.498517 1.01016 -0.64375)
(0.372754 1.00779 -0.514081)
(0.626124 1.01037 -0.517929)
(0.499174 1.13859 -0.519709)
(1.01592 1.01384 -0.650614)
(1.01494 0.882096 -0.518207)
(0.885309 1.01168 -0.521584)
(1.14825 1.01003 -0.52137)
(1.01651 1.14076 -0.527445)
(1.34387 0.998811 -0.494624)
(-1.03877 1.41531 -0.542873)
(-0.870318 1.53764 -0.541617)
(-1.04872 1.55675 -0.445727)
(-0.498553 1.38523 -0.518071)
(-0.62409 1.54576 -0.550412)
(-0.373303 1.53609 -0.542928)
(-0.500021 1.62068 -0.496336)
(-0.500313 1.51017 -0.39302)
(1.24918e-06 1.37759 -0.49646)
(-0.124999 1.53383 -0.531421)
(0.124999 1.53383 -0.531421)
(9.73928e-18 1.62063 -0.485591)
(-2.12311e-07 1.50507 -0.381397)
(0.49855 1.38521 -0.518035)
(0.373303 1.53609 -0.542928)
(0.62409 1.54576 -0.550412)
(0.500019 1.62067 -0.49526)
(0.500224 1.50998 -0.392621)
(1.03877 1.41531 -0.542873)
(0.870318 1.53764 -0.541617)
(1.04872 1.55675 -0.445727)
(-0.499401 3.99981 -0.400145)
(-1.79842e-17 4.00035 -0.363644)
(0.499401 3.99981 -0.400145)
(-1.00371 4.37729 -0.479187)
(-1.11161 4.51321 -0.52599)
(-0.874945 4.50139 -0.507468)
(-1.00064 4.62227 -0.549423)
(-1.00075 4.49204 -0.415206)
(-0.496069 4.38735 -0.465783)
(-0.625068 4.50087 -0.463596)
(-0.375 4.50142 -0.483055)
(-0.499958 4.62493 -0.493752)
(-0.500353 4.499 -0.381453)
(-0.125367 4.50311 -0.462816)
(0.125367 4.50311 -0.462816)
(6.42947e-18 4.62563 -0.463773)
(3.45514e-09 4.49854 -0.369642)
(0.496069 4.38735 -0.465783)
(0.375 4.50142 -0.483055)
(0.625068 4.50087 -0.463596)
(0.499958 4.62493 -0.493752)
(0.500353 4.499 -0.381453)
(1.00371 4.37729 -0.479187)
(0.874945 4.50139 -0.507468)
(1.11161 4.51321 -0.52599)
(1.00064 4.62227 -0.549423)
(1.00076 4.49204 -0.415206)
(-1.36916 5.00498 -0.480472)
(-1.48481 5.12461 -0.464485)
(-1.53519 4.96626 -0.431102)
(-1.03535 4.87691 -0.566882)
(-1.13264 5.00055 -0.544281)
(-0.873651 5.00292 -0.527603)
(-0.995687 5.12628 -0.548702)
(-1.0056 5.0036 -0.413399)
(-0.4994 4.87492 -0.504344)
(-0.616214 5.00147 -0.500388)
(-0.375006 5 -0.524289)
(-0.499722 5.12511 -0.496054)
(-0.498993 5.00033 -0.392794)
(-2.40561e-17 4.875 -0.490489)
(-0.125 5 -0.512616)
(0.125 5 -0.512616)
(-2.75366e-17 5.12504 -0.498782)
(9.84984e-10 5.00021 -0.392919)
(0.4994 4.87492 -0.504344)
(0.375006 5 -0.524289)
(0.616214 5.00147 -0.500388)
(0.499722 5.12511 -0.496054)
(0.498993 5.00033 -0.392794)
(1.03535 4.87691 -0.566882)
(0.873651 5.00292 -0.527603)
(1.13264 5.00055 -0.544281)
(0.995687 5.12628 -0.548702)
(1.0056 5.0036 -0.413399)
(1.36916 5.00498 -0.480472)
(1.48481 5.12461 -0.464485)
(1.53519 4.96626 -0.431102)
(-1.49807 5.50076 -0.359698)
(-0.995888 5.36092 -0.487057)
(-0.996352 5.53022 -0.405394)
(-0.499987 5.37419 -0.512291)
(-0.620968 5.48581 -0.482019)
(-0.379346 5.48447 -0.494188)
(-0.499949 5.50931 -0.396345)
(-1.38778e-17 5.36465 -0.467236)
(0 5.54599 -0.418917)
(0.499987 5.37419 -0.512291)
(0.379346 5.48447 -0.494188)
(0.620968 5.48581 -0.482019)
(0.499949 5.50931 -0.396345)
(0.995888 5.36092 -0.487057)
(0.996352 5.53022 -0.405394)
(1.49807 5.50076 -0.359698)
(0.000976763 7.50011 -0.391391)
(-2.55506 -8.05552 -0.130911)
(-2.494 -8.11103 -0.00222991)
(-2.39238 -8.03338 -0.00104776)
(-2.52732 -7.88019 -0.0017231)
(-2.55797 -8.04082 0.0857368)
(-1.94628 -8.04749 -0.125285)
(-2.11751 -8.0304 -0.00107201)
(-1.91634 -7.9613 0.000824096)
(-1.99303 -7.88293 -0.00143795)
(-1.97904 -8.02299 0.121954)
(1.94628 -8.04749 -0.125285)
(1.91634 -7.9613 0.000824096)
(2.11751 -8.0304 -0.00107201)
(1.99303 -7.88293 -0.00143795)
(1.97904 -8.02299 0.121954)
(2.55506 -8.05552 -0.130911)
(2.494 -8.11103 -0.00222991)
(2.39238 -8.03338 -0.00104776)
(2.52732 -7.88019 -0.0017231)
(2.55797 -8.04082 0.0857368)
(-2.52383 -7.48669 -0.161806)
(-2.55621 -7.62638 -0.0162809)
(-2.43911 -7.50203 -0.00195159)
(-2.57145 -7.34699 0.0126715)
(-2.55346 -7.48596 0.158241)
(-1.97334 -7.49884 -0.131772)
(-1.92738 -7.58363 -0.0389616)
(-2.10614 -7.49583 -0.00766338)
(-1.93711 -7.37191 -0.0405202)
(-1.98917 -7.49709 0.123544)
(1.97334 -7.49884 -0.131772)
(1.92738 -7.58363 -0.0389616)
(2.10614 -7.49583 -0.00766338)
(1.93711 -7.37191 -0.0405202)
(1.98917 -7.49709 0.123544)
(2.52383 -7.48669 -0.161806)
(2.55621 -7.62638 -0.0162809)
(2.43911 -7.50203 -0.0019516)
(2.57145 -7.34699 0.0126715)
(2.55346 -7.48596 0.158241)
(-2.46401 -7.00118 -0.117983)
(-2.50618 -7.12647 0.000291094)
(-2.39228 -6.99817 -0.00145121)
(-2.45829 -6.87637 -3.19613e-06)
(-2.45953 -7.00273 0.116741)
(-1.95804 -7.00389 -0.163079)
(-1.92532 -7.14171 0.00302444)
(-2.10491 -7.00089 -0.00510368)
(-1.91624 -6.98496 -0.00278337)
(-1.97684 -6.87762 -0.00403808)
(-1.9405 -6.99717 0.151363)
(1.95804 -7.00389 -0.163079)
(1.92532 -7.14171 0.00302444)
(1.91624 -6.98496 -0.00278337)
(2.10491 -7.00089 -0.00510377)
(1.97684 -6.87762 -0.00403767)
(1.9405 -6.99717 0.151363)
(2.46401 -7.00118 -0.117983)
(2.50618 -7.12647 0.000291094)
(2.39229 -6.99817 -0.00145112)
(2.45829 -6.87637 -3.19613e-06)
(2.45953 -7.00273 0.116741)
(-2.44634 -6.63848 -0.00022796)
(-2.44209 -6.48176 -0.00160428)
(-1.95545 -6.50519 -0.137504)
(-1.96179 -6.6266 -0.000271271)
(-2.11894 -6.50183 4.51339e-05)
(-1.81397 -6.50861 0.000207499)
(-1.96191 -6.38343 -0.00013053)
(-1.96721 -6.50222 0.134882)
(1.95562 -6.5052 -0.137324)
(1.9618 -6.62659 -0.000250052)
(1.81398 -6.50861 0.000248686)
(2.11895 -6.50182 0.000128125)
(1.96216 -6.38342 0.000132903)
(1.96723 -6.50221 0.134889)
(2.44634 -6.63848 -0.00022796)
(2.44209 -6.48176 -0.00160428)
(-2.4292 -5.99786 -0.000677921)
(-1.99407 -6.00728 -0.135207)
(-1.98472 -6.1302 0.00429503)
(-2.15062 -6.00167 0.00423226)
(-1.84861 -6.00863 0.00699743)
(-1.99809 -5.87942 0.00762904)
(-1.99105 -6.00332 0.141975)
(1.99644 -6.00643 -0.132193)
(1.98589 -6.13 0.0051408)
(1.84952 -6.00837 0.00747122)
(2.15033 -6.00158 0.00475165)
(1.99842 -5.87925 0.00816119)
(1.99112 -6.00327 0.141569)
(2.42791 -5.9983 -0.000711779)
(-2.43208 -5.50242 0.000177471)
(-2.00706 -5.62869 0.0112534)
(-1.86606 -5.50645 0.00963572)
(-2.00673 -5.50351 0.153808)
(-1.52319 -5.49721 -0.122497)
(-1.58105 -5.54503 0.00317083)
(-1.49333 -5.36489 -0.0118123)
(1.52319 -5.49721 -0.122497)
(1.58105 -5.54503 0.00317083)
(1.49333 -5.36489 -0.0118123)
(2.0071 -5.62865 0.0113774)
(1.8661 -5.50643 0.00965511)
(2.00673 -5.5035 0.153816)
(2.43208 -5.50242 0.000177471)
(-2.42795 -4.99994 -0.000316076)
(-1.46208 -5.00334 -0.124749)
(-1.43963 -5.16701 0.0443975)
(-1.59906 -5.00619 0.00860255)
(-1.36206 -4.99338 -0.00674727)
(-1.46155 -4.87912 0.00431501)
(-1.45855 -5.03573 0.164674)
(1.46213 -5.00368 -0.124764)
(1.43963 -5.16701 0.0443975)
(1.36206 -4.99338 -0.00674727)
(1.5991 -5.00642 0.00859196)
(1.46165 -4.87974 0.00428824)
(1.45855 -5.03573 0.164674)
(2.42795 -4.99994 -0.000316076)
(-2.34701 -4.51668 -0.00555438)
(-2.02497 -4.48897 -0.138397)
(-2.02094 -4.61937 0.000116572)
(-2.15058 -4.49024 -0.000847829)
(-2.02502 -4.36353 -0.0033371)
(-2.01892 -4.49476 0.133912)
(-1.47749 -4.50203 -0.134146)
(-1.46572 -4.63224 0.00667141)
(-1.34925 -4.50351 0.00218687)
(-1.47797 -4.37827 -0.00142624)
(-1.46949 -4.50759 0.135123)
(1.47763 -4.50324 -0.134032)
(1.46589 -4.63326 0.00660964)
(1.34928 -4.50368 0.00216744)
(1.47803 -4.37844 -0.00149008)
(1.46951 -4.50772 0.135091)
(2.02497 -4.48898 -0.138397)
(2.02095 -4.6194 0.000115785)
(2.15058 -4.49024 -0.000847708)
(2.02502 -4.36354 -0.00333735)
(2.01892 -4.49477 0.133912)
(2.34701 -4.51668 -0.00555438)
(-2.05949 -3.95182 -0.167707)
(-2.02885 -4.11208 -0.00616432)
(-2.1341 -4.0003 0.00567134)
(-1.90138 -3.98884 -0.0132617)
(-2.06599 -3.83154 -0.0530098)
(-2.02454 -3.9941 0.125372)
(-1.48619 -3.99911 -0.144511)
(-1.48019 -4.12909 -0.0078513)
(-1.34932 -4.00625 -0.00952376)
(-1.48883 -3.87574 -0.0137054)
(-1.48228 -4.00597 0.122907)
(-1.16393 -3.99009 0.00995485)
(1.16393 -3.99009 0.00995485)
(1.48601 -3.99913 -0.144492)
(1.48019 -4.1291 -0.00794861)
(1.34932 -4.00625 -0.00952816)
(1.48883 -3.87574 -0.0137243)
(1.48227 -4.00597 0.122876)
(2.05949 -3.95182 -0.167707)
(2.02885 -4.11208 -0.0061652)
(1.90138 -3.98884 -0.0132635)
(2.1341 -4.0003 0.00567134)
(2.06599 -3.83154 -0.0530098)
(2.02454 -3.9941 0.125372)
(-2.01209 -3.62887 0.0115626)
(-1.94227 -3.46041 -0.0531246)
(-1.99993 -3.50126 0.1289)
(-1.49873 -3.49764 -0.155746)
(-1.49517 -3.62422 -0.0196065)
(-1.64005 -3.49569 -0.0261764)
(-1.35852 -3.50108 -0.0239422)
(-1.50244 -3.37363 -0.0346121)
(-1.09078 -3.49643 -0.0338316)
(-1.00843 -3.49497 0.139664)
(1.09078 -3.49643 -0.0338316)
(1.00843 -3.49497 0.139664)
(1.49871 -3.49765 -0.155747)
(1.49517 -3.62422 -0.0196517)
(1.35852 -3.50108 -0.0239597)
(1.64004 -3.49569 -0.0261813)
(1.50244 -3.37363 -0.0346156)
(2.01209 -3.62887 0.0115626)
(1.94227 -3.46041 -0.0531246)
(1.99993 -3.50126 0.1289)
(-1.89862 -2.99701 0.00929)
(-1.50321 -3.00219 -0.178196)
(-1.50682 -3.12546 -0.0381234)
(-1.64367 -3.00002 -0.0259815)
(-1.36767 -3.00261 -0.0397143)
(-1.50735 -2.87681 -0.0277223)
(-0.972491 -3.12418 0.0124578)
(-1.09502 -3.0092 -0.019459)
(-0.94441 -2.91526 -0.0603324)
(-0.928726 -3.0414 0.0852381)
(0.972491 -3.12418 0.0124578)
(1.09503 -3.0092 -0.0194548)
(0.94441 -2.91526 -0.0603324)
(0.928726 -3.0414 0.0852381)
(1.50321 -3.00219 -0.178196)
(1.50681 -3.12546 -0.0381234)
(1.36767 -3.00261 -0.0397113)
(1.64367 -3.00002 -0.0259808)
(1.50735 -2.87681 -0.0277203)
(1.89862 -2.99701 0.00929)
(-1.88846 -2.50047 0.00622279)
(-1.5083 -2.50102 -0.139658)
(-1.50935 -2.6263 -0.0146581)
(-1.6448 -2.50072 -0.0134439)
(-1.37447 -2.50221 -0.0162091)
(-1.51144 -2.37615 -0.0151062)
(-0.989153 -2.50445 -0.142768)
(-0.975853 -2.6326 -0.0127341)
(-1.111 -2.50457 -0.0146208)
(-0.821643 -2.53335 -0.0322598)
(-0.983626 -2.37847 -0.0105726)
(-0.979441 -2.50438 0.12128)
(0.989153 -2.50445 -0.142767)
(0.975853 -2.6326 -0.0127315)
(0.821643 -2.53335 -0.0322598)
(1.111 -2.50457 -0.014615)
(0.983625 -2.37847 -0.0105703)
(0.979442 -2.50438 0.121289)
(1.50829 -2.50102 -0.139651)
(1.50934 -2.6263 -0.0146577)
(1.37446 -2.50221 -0.0162025)
(1.64481 -2.50073 -0.0134661)
(1.51147 -2.37615 -0.0151001)
(1.88846 -2.50047 0.00622279)
(-1.89545 -1.99819 0.00012702)
(-1.51837 -2.00285 -0.151273)
(-1.5147 -2.12673 -0.0198598)
(-1.65109 -2.00137 -0.0207827)
(-1.51912 -1.87601 -0.016491)
(-0.97414 -2.00742 -0.147429)
(-0.975035 -2.12864 -0.0147737)
(-0.840313 -2.00921 -0.0144577)
(-0.978612 -1.88035 -0.0130987)
(-0.970732 -2.00535 0.119009)
(0.974139 -2.00742 -0.147429)
(0.975034 -2.12864 -0.0147727)
(0.840312 -2.00921 -0.0144576)
(0.978611 -1.88035 -0.0130986)
(0.970732 -2.00535 0.119009)
(1.51834 -2.00284 -0.151259)
(1.5147 -2.12673 -0.0198163)
(1.65107 -2.00137 -0.0207745)
(1.51912 -1.87601 -0.0164855)
(1.89545 -1.99819 0.00012702)
(-1.88335 -1.50172 0.00882798)
(-1.5204 -1.50033 -0.138929)
(-1.51967 -1.62504 -0.0102842)
(-1.65175 -1.49964 -0.00802436)
(-1.5194 -1.37467 -0.00764053)
(-0.986494 -1.50334 -0.14073)
(-0.984894 -1.6291 -0.0107564)
(-0.859492 -1.5039 -0.00992235)
(-0.589542 -1.50253 -0.0363761)
(-0.540465 -1.37164 0.00872835)
(-0.536266 -1.48634 0.133978)
(0.589542 -1.50253 -0.0363761)
(0.540465 -1.37164 0.00872835)
(0.536266 -1.48634 0.133978)
(0.986494 -1.50334 -0.14073)
(0.984894 -1.6291 -0.0107567)
(0.859492 -1.5039 -0.00992257)
(1.5204 -1.50033 -0.138934)
(1.51966 -1.62504 -0.0102847)
(1.65174 -1.49964 -0.00802674)
(1.51939 -1.37467 -0.00765261)
(1.88335 -1.50172 0.00882798)
(-1.85788 -1.00041 0.0123116)
(-1.51313 -0.999103 -0.133705)
(-1.51538 -1.12431 -0.00624931)
(-1.64168 -0.998993 -0.00591404)
(-1.51729 -0.873534 -0.00937935)
(-0.481335 -0.996789 -0.122379)
(-0.476487 -1.1263 0.0015332)
(-0.607136 -1.0056 -0.00708039)
(-0.422931 -0.987185 0.0126232)
(-0.480812 -0.878877 -0.00689593)
(-0.475914 -1.0043 0.123363)
(0.481335 -0.996789 -0.122379)
(0.476487 -1.1263 0.0015332)
(0.422931 -0.987185 0.0126232)
(0.607136 -1.0056 -0.00708044)
(0.480812 -0.878877 -0.00689594)
(0.475914 -1.0043 0.123363)
(1.51302 -0.999061 -0.133943)
(1.51535 -1.1243 -0.00631704)
(1.64163 -0.998973 -0.00602639)
(1.51725 -0.873525 -0.00942969)
(1.85788 -1.00041 0.0123116)
(-1.52338 -0.496901 -0.138511)
(-1.52385 -0.62169 -0.0126645)
(-1.65294 -0.496062 -0.00893606)
(-1.52304 -0.372751 -0.00801494)
(-1.52335 -0.496772 0.117623)
(-0.484779 -0.512273 -0.130524)
(-0.474447 -0.639007 -0.00648763)
(-0.355221 -0.515856 -0.00222341)
(-0.482812 -0.510803 0.123017)
(-0.159047 -0.465789 -0.000120626)
(0.159047 -0.465789 -0.000120626)
(1.32966e-17 -0.387144 -0.00316791)
(0.48478 -0.512273 -0.130524)
(0.474447 -0.639007 -0.00648761)
(0.355221 -0.515856 -0.0022234)
(0.482812 -0.510803 0.123017)
(1.52332 -0.496931 -0.138321)
(1.5238 -0.621706 -0.0126101)
(1.65294 -0.496064 -0.00892248)
(1.52303 -0.372755 -0.00799315)
(1.52333 -0.496775 0.117641)
(-1.51999 0.00126252 -0.137692)
(-1.51955 -0.123544 -0.00886381)
(-1.63998 0.000903281 -0.00673559)
(-1.52406 0.127115 -0.00772986)
(-1.51912 0.00143627 0.121023)
(-0.749739 -0.00389571 -0.00507148)
(-0.498618 0.246791 -0.0032665)
(4.24813e-05 0.245205 -0.00198075)
(0.749742 -0.00389524 -0.00506648)
(0.498643 0.24679 -0.00325669)
(1.51999 0.00126249 -0.137692)
(1.51955 -0.123544 -0.00886248)
(1.63998 0.000903265 -0.00673553)
(1.52406 0.127115 -0.0077299)
(1.51912 0.00143613 0.121023)
(-1.52481 0.502046 -0.131485)
(-1.52462 0.377531 -0.0072516)
(-1.66264 0.504163 -0.00802204)
(-1.39363 0.502184 -0.00685101)
(-1.52332 0.6267 -0.00641216)
(-1.52287 0.502503 0.116671)
(-0.752723 0.499948 -0.00356079)
(-1.00519 0.375174 -0.00307321)
(-1.13257 0.500766 -0.00338091)
(-1.00587 0.625862 -0.00320942)
(-1.0042 0.500386 0.123456)
(-0.249117 0.498717 -0.00262065)
(-0.500839 0.751077 -0.00358544)
(-0.500529 0.498839 0.251387)
(0.249157 0.498713 -0.00259663)
(1.89538e-05 0.750336 -0.00241933)
(0.752739 0.499951 -0.00355609)
(0.500873 0.751069 -0.00352324)
(0.500525 0.498832 0.251434)
(1.00519 0.375176 -0.00307905)
(1.13257 0.500767 -0.0033898)
(1.00589 0.625872 -0.00323312)
(1.0042 0.500384 0.12344)
(1.52481 0.502046 -0.131485)
(1.52462 0.377531 -0.00725194)
(1.39364 0.502182 -0.00685486)
(1.66264 0.504163 -0.00802204)
(1.52332 0.626697 -0.00641286)
(1.52287 0.502498 0.116669)
(-1.53508 1.00406 -0.131846)
(-1.52567 0.877653 -0.00936624)
(-1.59957 1.00157 0.00434048)
(-1.40461 1.00465 -0.0129937)
(-1.55226 1.13175 -0.053949)
(-1.53751 1.00306 0.118379)
(-0.501894 1.00113 0.249513)
(0.501891 1.00112 0.249618)
(1.53548 1.0042 -0.132024)
(1.5257 0.877641 -0.00934834)
(1.40467 1.00465 -0.0129775)
(1.59932 1.00148 0.0044256)
(1.55232 1.13176 -0.054009)
(1.5375 1.00304 0.118424)
(-1.53142 1.37784 -0.00316617)
(-1.39667 1.50512 -0.010264)
(-1.46516 1.6187 0.00967432)
(-1.54391 1.51102 0.114227)
(-1.01374 1.51347 -0.145223)
(-1.14295 1.51134 -0.0165154)
(-1.0134 1.63817 -0.0175195)
(-0.503111 1.50345 0.245752)
(0.503071 1.50338 0.2459)
(1.01429 1.51331 -0.145499)
(1.14383 1.51113 -0.017276)
(1.01414 1.63797 -0.0180377)
(1.53142 1.37784 -0.00316617)
(1.39599 1.50519 -0.00997929)
(1.46516 1.6187 0.00967432)
(1.54391 1.51102 0.114227)
(-1.00253 2.00504 -0.133402)
(-1.01615 1.89524 -0.0211224)
(-1.12459 2.03213 -0.028325)
(-0.890631 2.01831 -0.0257481)
(-1.00315 2.1315 -0.0224205)
(-1.01592 2.01707 0.108835)
(-0.506046 2.00783 -0.143983)
(-0.505058 1.88244 -0.0160859)
(-0.634968 2.01183 -0.0227265)
(-0.379798 2.00718 -0.0194885)
(-0.510163 2.13515 -0.023695)
(-1.34257e-05 2.00346 0.240418)
(-1.07685e-05 2.00725 -0.147819)
(-0.124188 2.00662 -0.0208112)
(0.124154 2.00662 -0.0207997)
(-4.92327e-05 2.13057 -0.0190569)
(0.506029 2.0078 -0.143939)
(0.505001 1.88233 -0.0159253)
(0.379766 2.00715 -0.0194385)
(0.63496 2.01179 -0.0226868)
(0.510155 2.13514 -0.0236814)
(1.00253 2.00504 -0.133402)
(1.01623 1.89521 -0.0211998)
(0.890638 2.0183 -0.025747)
(1.12459 2.03213 -0.028325)
(1.00315 2.1315 -0.0224205)
(1.01593 2.01706 0.108815)
(-0.505833 2.49822 -0.168041)
(-0.513057 2.38199 -0.024445)
(-0.687802 2.53491 -0.0640082)
(-0.384239 2.50321 -0.0265554)
(-0.515359 2.62623 -0.0309534)
(-0.511755 2.50352 0.104088)
(-0.00100178 2.49941 -0.128314)
(-0.000340527 2.37711 -0.0113242)
(-0.125938 2.50099 -0.0149849)
(0.125667 2.50099 -0.0149847)
(-6.11244e-05 2.6264 -0.025988)
(0.505833 2.49822 -0.168041)
(0.513051 2.38199 -0.0244435)
(0.384219 2.50321 -0.0265541)
(0.687802 2.53491 -0.0640082)
(0.515356 2.62623 -0.0309511)
(0.511743 2.50352 0.104099)
(-0.883408 2.99646 0.0206769)
(-0.972622 3.00026 0.12484)
(-0.505997 2.99493 -0.186294)
(-0.510832 2.87129 -0.0339168)
(-0.639768 2.99472 -0.0270899)
(-0.379189 2.99657 -0.0300271)
(-0.510096 3.12048 -0.0286391)
(0 2.96479 -0.169902)
(-3.07099e-06 2.8754 -0.0313032)
(-0.123888 2.99741 -0.0209516)
(0.123887 2.99741 -0.0209517)
(-2.28008e-07 3.1234 -0.00770659)
(0.505997 2.99493 -0.186294)
(0.510831 2.87129 -0.0339159)
(0.379188 2.99657 -0.0300269)
(0.639767 2.99472 -0.0270896)
(0.510095 3.12048 -0.0286391)
(0.883408 2.99646 0.0206769)
(0.972622 3.00026 0.12484)
(-2.99822 3.51257 -0.15751)
(-3.00099 3.33014 -0.0475245)
(-3.14492 3.49756 -0.0368407)
(-2.86168 3.47596 -0.0313638)
(-3.01928 3.62867 -0.0446331)
(-2.99278 3.48018 0.105526)
(-0.992579 3.50529 -0.0957003)
(-1.00329 3.36845 -0.031463)
(-1.11392 3.50459 0.0110018)
(-0.891936 3.49111 -0.0230406)
(-1.01118 3.6199 -0.0221471)
(-1.01217 3.49323 0.111841)
(-0.502845 3.49398 -0.161127)
(-0.506462 3.37008 -0.0267591)
(-0.634075 3.49332 -0.0276073)
(-0.37687 3.49408 -0.0287863)
(-0.504244 3.61485 -0.0268253)
(2.26254e-08 3.49869 -0.144717)
(2.20811e-08 3.37381 -0.0127368)
(-0.124671 3.49749 -0.0211177)
(0.124671 3.49749 -0.0211175)
(9.68118e-08 3.62196 -0.0188031)
(0.502845 3.49398 -0.161127)
(0.506462 3.37008 -0.0267596)
(0.37687 3.49408 -0.0287868)
(0.634075 3.49332 -0.0276075)
(0.504244 3.61485 -0.0268254)
(0.992579 3.50529 -0.0957003)
(1.00329 3.36845 -0.031463)
(0.891936 3.49111 -0.0230407)
(1.11392 3.50459 0.0110018)
(1.01118 3.6199 -0.0221472)
(1.01217 3.49323 0.111841)
(2.99822 3.51257 -0.15751)
(3.00099 3.33014 -0.0475245)
(2.86168 3.47595 -0.0313631)
(3.14492 3.49756 -0.0368401)
(3.01928 3.62867 -0.0446328)
(2.99278 3.48019 0.105531)
(-3.05155 3.92101 -0.0391194)
(-2.94469 4.05058 -0.0593728)
(-3.05257 4.04536 0.121334)
(-2.4915 3.98819 -0.164397)
(-2.46711 3.84311 -0.0169697)
(-2.62685 3.99708 -0.0210673)
(-2.34472 3.97007 -0.0153946)
(-2.49601 4.11859 -0.0220504)
(-2.4786 3.98094 0.13045)
(-1.35458 3.99705 0.00162479)
(-1.01507 3.98657 -0.155936)
(-1.01709 3.86185 -0.0283847)
(-1.14772 3.98522 -0.0237101)
(-0.885752 3.98955 -0.024334)
(-1.01546 4.11422 -0.0209099)
(-1.01927 3.99055 0.110364)
(-0.503882 3.99748 0.24027)
(-0.501806 3.99605 -0.153117)
(-0.503336 3.86907 -0.0223544)
(-0.629175 3.99422 -0.021635)
(1.14529e-06 3.99893 0.242253)
(1.54313e-07 3.99844 -0.140231)
(1.63664e-07 3.87248 -0.0138805)
(-0.124802 3.9981 -0.0157437)
(0.124802 3.99809 -0.0157452)
(0.503883 3.99748 0.240269)
(0.501806 3.99605 -0.153119)
(0.503336 3.86907 -0.0223551)
(0.629176 3.99421 -0.0216419)
(1.01507 3.98656 -0.155942)
(1.01709 3.86185 -0.0283874)
(0.885762 3.98954 -0.0243555)
(1.14772 3.98522 -0.0237126)
(1.0155 4.1142 -0.0209318)
(1.01928 3.99054 0.110359)
(1.35458 3.99705 0.00162479)
(2.4915 3.98819 -0.164398)
(2.46711 3.84311 -0.0169695)
(2.34472 3.97007 -0.0153935)
(2.62678 3.99703 -0.0211057)
(2.49613 4.11869 -0.022071)
(2.47857 3.98092 0.130486)
(3.05155 3.92101 -0.0391194)
(2.94469 4.05058 -0.0593728)
(3.05257 4.04536 0.121334)
(-2.54166 4.4995 -0.162472)
(-2.51494 4.38445 -0.0226828)
(-2.65473 4.53579 0.0124693)
(-2.38724 4.5055 -0.0181715)
(-2.54878 4.66588 -0.0356638)
(-2.52335 4.51788 0.125668)
(-1.99079 4.48647 -0.165073)
(-1.97678 4.35309 -0.00706837)
(-2.11802 4.49154 -0.0215221)
(-1.86036 4.48623 0.000255734)
(-1.99412 4.61548 -0.0157619)
(-1.9813 4.48386 0.132401)
(-1.54574 4.4548 -0.139104)
(-1.50869 4.37242 0.00568131)
(-1.62754 4.50783 0.000955735)
(-1.39155 4.48975 -0.00673023)
(-1.50756 4.61757 -0.0030662)
(-1.52666 4.47439 0.121503)
(1.54574 4.4548 -0.139104)
(1.50869 4.37242 0.00568131)
(1.39155 4.48975 -0.00673059)
(1.62754 4.50783 0.000955735)
(1.50756 4.61757 -0.00306625)
(1.52666 4.47439 0.121503)
(1.99079 4.48647 -0.165073)
(1.97678 4.35309 -0.0070682)
(1.86036 4.48623 0.000256068)
(2.11803 4.49154 -0.0215214)
(1.99412 4.61548 -0.0157545)
(1.9813 4.48386 0.1324)
(2.54166 4.4995 -0.162472)
(2.51499 4.38449 -0.0226715)
(2.38725 4.50551 -0.0181695)
(2.65473 4.53579 0.0124693)
(2.54878 4.66588 -0.0356638)
(2.52335 4.51788 0.125673)
(-2.46514 4.86614 0.0092794)
(-2.4003 4.99464 0.00337848)
(-2.0161 5.0041 -0.159997)
(-2.01065 4.87723 -0.0249117)
(-2.14824 5.01291 -0.0173708)
(-1.88626 5.00443 -0.0165041)
(-2.02458 5.14051 -0.0171503)
(-2.01885 5.00937 0.122242)
(-1.62975 5.00045 -0.00967696)
(-1.50527 5.12953 -0.0106616)
(-1.5041 4.99908 0.124636)
(1.62975 5.00045 -0.00967427)
(1.50527 5.12953 -0.0106586)
(1.50409 4.99909 0.124637)
(2.0161 5.0041 -0.159996)
(2.01064 4.87723 -0.0248988)
(1.88627 5.00444 -0.0164997)
(2.14824 5.01291 -0.0173697)
(2.02459 5.14052 -0.0171483)
(2.01885 5.00938 0.122243)
(2.46514 4.86614 0.0092794)
(2.4003 4.99464 0.00337848)
(-1.97408 5.47438 -0.115226)
(-2.05733 5.43175 -0.0417803)
(-1.93401 5.55568 -0.0413269)
(-2.01527 5.51687 0.128266)
(-1.50742 5.52313 -0.145093)
(-1.50613 5.39178 -0.0108623)
(-1.6356 5.52813 -0.00968429)
(-1.37675 5.51641 -0.00695253)
(-1.50322 5.64413 -0.00425283)
(-1.50411 5.52145 0.124077)
(-1.00238 5.51446 -0.133183)
(-1.12584 5.51474 -0.00156946)
(-0.878953 5.51671 0.00140637)
(-1.00143 5.63244 0.00404129)
(-1.00168 5.5193 0.134541)
(-0.633247 5.51887 0.00247353)
(-0.511654 5.64606 0.00235341)
(-0.508437 5.51644 0.131097)
(0.633247 5.51887 0.00247355)
(0.511654 5.64606 0.00235342)
(0.508437 5.51644 0.131097)
(1.00238 5.51446 -0.133183)
(0.878953 5.51671 0.00140636)
(1.12584 5.51474 -0.00156951)
(1.00143 5.63244 0.00404125)
(1.00168 5.5193 0.134541)
(1.50742 5.52313 -0.145093)
(1.50613 5.39178 -0.0108617)
(1.37675 5.51641 -0.00695243)
(1.6356 5.52813 -0.00968406)
(1.50322 5.64413 -0.00425281)
(1.50411 5.52145 0.124077)
(1.97408 5.47438 -0.115226)
(2.05733 5.43175 -0.0417803)
(1.93401 5.55568 -0.0413269)
(2.01527 5.51687 0.128266)
(-0.485517 6.00341 -0.118211)
(-0.565032 5.92364 -0.00401594)
(-0.40238 6.00976 -0.0122497)
(-0.470607 6.12547 0.00491418)
(-0.507315 6.00149 0.125334)
(3.11596e-22 6.04177 -0.176561)
(-2.29319e-06 5.88583 -0.0229288)
(-0.120266 6.0138 -0.0350036)
(0.120258 6.0138 -0.0350033)
(-2.38694e-05 6.13154 -0.0205995)
(0.485517 6.00341 -0.118211)
(0.565032 5.92364 -0.00401594)
(0.40238 6.00976 -0.0122497)
(0.470607 6.12547 0.00491418)
(0.507315 6.00149 0.125334)
(-0.404416 6.50129 -0.0317576)
(-0.455104 6.49973 0.138935)
(0.00258227 6.50338 -0.0911462)
(-0.000656609 6.37584 0.000343968)
(-0.126468 6.50002 -0.00565557)
(0.126715 6.50001 -0.00565166)
(0.000204202 6.62303 -0.00899922)
(0.000206575 6.50008 0.120528)
(0.404416 6.50129 -0.0317576)
(0.455104 6.49973 0.138935)
(-0.467979 6.87728 0.0065142)
(-0.394309 6.99351 -0.0167341)
(-0.528826 7.12169 -0.00346985)
(-0.542106 6.99382 0.116209)
(0.000411511 6.9867 -0.153239)
(-0.000169528 6.86558 -0.0264973)
(-0.132352 6.98961 -0.0247641)
(0.132473 6.98961 -0.0247641)
(0.000319295 7.11374 -0.0250144)
(0.467979 6.87728 0.0065142)
(0.394314 6.99351 -0.0167341)
(0.528826 7.12169 -0.00346985)
(0.542106 6.99382 0.116209)
(-0.529719 7.50203 -0.146907)
(-0.565746 7.3325 -0.0564659)
(-0.621689 7.50237 0.000930478)
(-0.394521 7.49723 -0.0150268)
(-0.519339 7.62575 -0.011472)
(-0.523608 7.49691 0.113847)
(0.529719 7.50203 -0.146907)
(0.565746 7.3325 -0.0564659)
(0.394539 7.49723 -0.0150267)
(0.621689 7.50237 0.000930478)
(0.519341 7.62575 -0.011472)
(0.523611 7.49691 0.113847)
(-0.477336 8.00332 -0.129197)
(-0.561934 7.91827 -0.0469943)
(-0.396272 8.017 -0.0198309)
(-0.500918 8.1182 0.0015698)
(-0.52402 8.01124 0.114165)
(0.00198442 8.0197 -0.15352)
(0.000378918 7.88904 -0.0222938)
(-0.130302 8.02175 -0.0227636)
(0.130624 8.02175 -0.0227626)
(-0.000256132 8.15809 -0.0324287)
(0.477336 8.00332 -0.129197)
(0.561934 7.91827 -0.0469943)
(0.396283 8.017 -0.0198308)
(0.500918 8.1182 0.0015698)
(0.524022 8.01124 0.114165)
(-2.51242 -8.00918 0.374753)
(-2.48764 -8.11335 0.499974)
(-2.63561 -7.98923 0.499935)
(-2.37958 -8.00325 0.500345)
(-2.51999 -7.87258 0.500976)
(-2.52057 -8.00352 0.623029)
(-2.00367 -7.99986 0.377013)
(-2.09063 -8.04186 0.500538)
(-1.93366 -7.9421 0.5)
(-1.99305 -7.88057 0.50056)
(-2.0022 -8.01245 0.622371)
(2.00367 -7.99986 0.377013)
(1.93366 -7.9421 0.5)
(2.09063 -8.04186 0.500538)
(1.99305 -7.88057 0.50056)
(2.0022 -8.01245 0.622371)
(2.51242 -8.00918 0.374753)
(2.48764 -8.11335 0.499974)
(2.37958 -8.00325 0.500345)
(2.63561 -7.98923 0.499935)
(2.51999 -7.87258 0.500976)
(2.52057 -8.00352 0.623028)
(-2.47403 -7.49592 0.378394)
(-2.4954 -7.62771 0.494671)
(-2.40685 -7.46344 0.501617)
(-1.98609 -7.49227 0.380314)
(-1.98696 -7.6154 0.505298)
(-2.12412 -7.47045 0.52365)
(-1.92907 -7.51315 0.49264)
(-1.99498 -7.36708 0.504563)
(-1.98203 -7.46051 0.623427)
(1.98609 -7.49227 0.380314)
(1.98696 -7.6154 0.505298)
(1.92907 -7.51315 0.49264)
(2.12412 -7.47045 0.52365)
(1.99498 -7.36708 0.504563)
(1.98203 -7.46051 0.623427)
(2.47403 -7.49592 0.378394)
(2.4954 -7.62771 0.494671)
(2.40685 -7.46344 0.501617)
(-2.01177 -5.99973 0.372349)
(2.01171 -5.99972 0.371282)
(-1.99976 -5.50563 0.434122)
(1.99976 -5.50563 0.434122)
(-2.00385 -5.00075 0.399014)
(-1.99148 -5.12222 0.483069)
(-1.88711 -4.99381 0.506329)
(-1.98754 -4.87485 0.498273)
(2.00385 -5.00075 0.399014)
(1.99148 -5.12222 0.483069)
(1.88711 -4.99381 0.506329)
(1.98754 -4.87485 0.498273)
(-2.00379 -4.50012 0.394357)
(-1.98731 -4.62485 0.503079)
(-1.87582 -4.49727 0.553507)
(-1.99226 -4.38193 0.511797)
(-1.45741 -4.5405 0.424066)
(-1.62309 -4.5052 0.537171)
(-1.49899 -4.38179 0.533015)
(1.45741 -4.5405 0.424066)
(1.62309 -4.5052 0.537171)
(1.49899 -4.38179 0.533015)
(2.00379 -4.50012 0.394357)
(1.98731 -4.62485 0.503079)
(1.87582 -4.49727 0.553507)
(1.99226 -4.38193 0.511797)
(-2.04648 -3.99842 0.420268)
(-2.00397 -4.11909 0.494389)
(-1.89578 -4.0023 0.516989)
(-1.9764 -3.874 0.496506)
(-1.48325 -4.01141 0.391339)
(-1.48156 -4.1399 0.525096)
(-1.62286 -4.01141 0.532406)
(-1.35707 -4.0115 0.516188)
(-1.4867 -3.88734 0.523965)
(-1.44464 -4.05268 0.689143)
(1.48328 -4.01143 0.391425)
(1.4816 -4.13987 0.525072)
(1.35707 -4.0115 0.516189)
(1.62284 -4.01141 0.532398)
(1.4867 -3.88734 0.523969)
(1.44464 -4.05268 0.689143)
(2.04648 -3.99842 0.420268)
(2.00397 -4.11909 0.494389)
(1.89578 -4.0023 0.516988)
(1.9764 -3.874 0.496506)
(-1.99882 -3.49986 0.361872)
(-1.94114 -3.49467 0.541669)
(-1.49176 -3.63066 0.517473)
(-1.63749 -3.50112 0.512972)
(-1.35528 -3.5055 0.516635)
(-1.4966 -3.37754 0.513444)
(-1.4914 -3.5039 0.645737)
(-1.03586 -3.49717 0.370242)
(-1.084 -3.50972 0.510773)
(-1.03633 -3.36855 0.489783)
(1.03586 -3.49717 0.370242)
(1.084 -3.50972 0.510773)
(1.03633 -3.36855 0.489783)
(1.49176 -3.63066 0.517474)
(1.35528 -3.50549 0.516637)
(1.63749 -3.50112 0.512972)
(1.4966 -3.37753 0.513451)
(1.4914 -3.50389 0.645738)
(1.99882 -3.49986 0.361872)
(1.94114 -3.49467 0.541669)
(-1.95037 -2.99374 0.373748)
(-1.934 -3.0117 0.516717)
(-1.94751 -2.86346 0.48625)
(-1.50204 -3.12692 0.510489)
(-1.64095 -3.0023 0.510587)
(-1.36671 -3.0045 0.512774)
(-1.50265 -3.00288 0.642515)
(-0.939623 -3.04037 0.409465)
(-0.971924 -3.1307 0.499391)
(-1.09637 -3.00782 0.507663)
(-0.98193 -2.87899 0.503669)
(-0.970912 -2.9998 0.619842)
(0.939623 -3.04037 0.409465)
(0.971924 -3.1307 0.499391)
(1.09645 -3.00737 0.508193)
(0.982726 -2.87824 0.506611)
(0.970912 -2.9998 0.619842)
(1.50205 -3.12688 0.510536)
(1.36674 -3.00428 0.513037)
(1.64095 -3.00228 0.510613)
(1.50267 -3.00278 0.642605)
(1.95037 -2.99374 0.373748)
(1.934 -3.0117 0.516717)
(1.94751 -2.86346 0.48625)
(-1.95879 -2.49971 0.37517)
(-1.9567 -2.62413 0.489766)
(-1.87705 -2.50038 0.510083)
(-1.95855 -2.37456 0.492476)
(-0.974697 -2.50573 0.379214)
(-0.973718 -2.62824 0.504967)
(-1.10437 -2.50417 0.509479)
(-0.824927 -2.50658 0.50723)
(-0.972917 -2.37993 0.509753)
(-0.970881 -2.50361 0.636156)
(0.974707 -2.50572 0.379244)
(0.973754 -2.62821 0.505101)
(0.824927 -2.50658 0.50723)
(1.1044 -2.50414 0.509581)
(0.972921 -2.37992 0.509765)
(0.970886 -2.50361 0.636176)
(1.95879 -2.49971 0.37517)
(1.9567 -2.62413 0.489766)
(1.87705 -2.50038 0.510084)
(1.95855 -2.37456 0.492476)
(-1.96388 -2.00017 0.376601)
(-1.96401 -2.12476 0.498402)
(-1.86835 -2.00031 0.501152)
(-1.96944 -1.87507 0.498697)
(-1.9667 -1.99942 0.613585)
(-0.975525 -2.0043 0.378717)
(-0.977715 -2.12916 0.50795)
(-0.852991 -2.00477 0.50644)
(-0.980709 -1.87913 0.508152)
(-0.979298 -2.0041 0.637709)
(0.975525 -2.0043 0.378717)
(0.977715 -2.12916 0.507951)
(0.852991 -2.00477 0.50644)
(0.980711 -1.87913 0.508153)
(0.979298 -2.0041 0.63771)
(1.96388 -2.00017 0.376601)
(1.96401 -2.12476 0.498402)
(1.86835 -2.00031 0.501152)
(1.96944 -1.87507 0.498697)
(1.9667 -1.99942 0.613585)
(-1.96197 -1.50007 0.385277)
(-1.97436 -1.62517 0.499574)
(-1.87817 -1.49992 0.501686)
(-1.97688 -1.37514 0.500096)
(-1.97213 -1.5 0.613634)
(-0.983085 -1.62959 0.508376)
(-0.853509 -1.50611 0.509453)
(-0.983165 -1.50479 0.638693)
(-0.546621 -1.48678 0.36498)
(-0.567672 -1.51078 0.504048)
(-0.531255 -1.36808 0.491245)
(0.546621 -1.48678 0.36498)
(0.567672 -1.51078 0.504048)
(0.531255 -1.36808 0.491245)
(0.983088 -1.62959 0.508376)
(0.85351 -1.50611 0.509453)
(0.983167 -1.50479 0.638693)
(1.96197 -1.50007 0.385277)
(1.97436 -1.62517 0.499574)
(1.87817 -1.49992 0.501684)
(1.97688 -1.37514 0.500096)
(1.97213 -1.5 0.613634)
(-1.966 -1.12715 0.502214)
(-1.89574 -0.998248 0.498151)
(-1.9561 -1.01256 0.613921)
(-0.479525 -1.00595 0.377603)
(-0.464735 -1.12851 0.498683)
(-0.600782 -1.00785 0.507086)
(-0.416755 -0.98882 0.490758)
(-0.477228 -0.88269 0.50565)
(-0.466231 -1.00563 0.631087)
(0.479525 -1.00595 0.377603)
(0.464735 -1.12851 0.498683)
(0.416755 -0.98882 0.490758)
(0.600783 -1.00785 0.507086)
(0.477229 -0.88269 0.50565)
(0.466231 -1.00563 0.631087)
(1.966 -1.12715 0.502214)
(1.89574 -0.998248 0.498144)
(1.9561 -1.01256 0.613921)
(-1.90369 -0.492131 0.494025)
(-1.52172 -0.496656 0.373594)
(-1.65413 -0.494883 0.501217)
(-1.52207 -0.370609 0.503618)
(-1.52264 -0.495394 0.633383)
(-0.483079 -0.509247 0.378484)
(-0.480984 -0.632436 0.506499)
(-0.357569 -0.508352 0.506745)
(-0.485088 -0.385079 0.50771)
(-0.474797 -0.51045 0.637999)
(6.93889e-18 -0.418135 0.50127)
(0.483079 -0.509246 0.378482)
(0.480987 -0.632435 0.506495)
(0.357569 -0.508352 0.506744)
(0.485082 -0.385078 0.507709)
(0.474825 -0.510441 0.637987)
(1.52172 -0.496656 0.373597)
(1.65413 -0.494883 0.501215)
(1.52207 -0.370609 0.503618)
(1.52264 -0.495394 0.633381)
(1.90369 -0.492131 0.494025)
(-1.52384 0.00304229 0.375942)
(-1.5255 -0.119597 0.504544)
(-1.65626 0.00659295 0.504688)
(-1.52055 0.128079 0.504268)
(-1.52341 0.00500054 0.633528)
(-0.000120034 0.243803 0.505053)
(1.52384 0.00304188 0.375941)
(1.5255 -0.119597 0.504543)
(1.65626 0.00659282 0.504687)
(1.52054 0.128078 0.504263)
(1.52341 0.00500005 0.633525)
(-1.51138 0.501459 0.375216)
(-1.51685 0.377293 0.5045)
(-1.6383 0.501966 0.503044)
(-1.52616 0.626915 0.504682)
(-1.52633 0.503265 0.632501)
(-0.250743 0.497383 0.505943)
(0.250692 0.497368 0.506035)
(-2.91453e-05 0.7487 0.505236)
(-5.99271e-05 0.495123 0.762353)
(1.51138 0.501439 0.375196)
(1.51683 0.377283 0.50446)
(1.6383 0.501963 0.503038)
(1.52614 0.626871 0.504582)
(1.52628 0.503242 0.632402)
(-1.5497 1.00421 0.375028)
(-1.53856 0.877399 0.505533)
(-1.67223 1.00432 0.509959)
(-1.54722 1.12878 0.506726)
(-1.54195 1.00152 0.634292)
(-0.251068 0.999774 0.504593)
(-0.502976 1.25075 0.503857)
(0.250994 0.99978 0.504868)
(-9.66868e-05 0.999015 0.761885)
(0.502879 1.25074 0.504201)
(1.5503 1.00412 0.375434)
(1.53865 0.877148 0.505532)
(1.67321 1.0045 0.509352)
(1.54722 1.12873 0.506816)
(1.54093 1.00169 0.636408)
(-1.52536 1.50933 0.37296)
(-1.53206 1.37846 0.502455)
(-1.61016 1.48499 0.495549)
(-1.40005 1.50937 0.503545)
(-1.54771 1.67117 0.497521)
(-1.55307 1.53745 0.662464)
(-0.757048 1.50273 0.502703)
(-0.504465 1.75247 0.500847)
(-0.504317 1.50048 0.760859)
(0.756837 1.50262 0.502731)
(0.50441 1.75243 0.501084)
(0.504142 1.50045 0.761798)
(1.5253 1.50931 0.372908)
(1.53181 1.37803 0.502528)
(1.39905 1.50884 0.502858)
(1.61017 1.48497 0.495539)
(1.54788 1.67128 0.497726)
(1.55337 1.53708 0.661971)
(-1.38902 2.01119 0.497747)
(-1.01956 2.01089 0.368489)
(-1.15318 2.01209 0.498992)
(-1.02468 2.13444 0.498074)
(-1.02516 2.00884 0.630487)
(-0.252165 2.00186 0.498749)
(-0.505528 2.00094 0.758578)
(0.252175 2.00185 0.498881)
(-9.93951e-06 2.2512 0.497288)
(0.505512 2.00093 0.758786)
(1.0195 2.01088 0.368449)
(1.15306 2.01208 0.498936)
(1.02464 2.13444 0.498061)
(1.02495 2.00882 0.630416)
(1.38902 2.01119 0.497744)
(-1.01466 2.50432 0.366719)
(-1.01882 2.38107 0.493632)
(-1.17484 2.53574 0.457599)
(-0.887384 2.50331 0.493912)
(-1.0132 2.62699 0.495125)
(-1.01164 2.50236 0.623746)
(1.01468 2.50432 0.366709)
(1.01883 2.38107 0.493631)
(0.887432 2.50332 0.493891)
(1.17484 2.53574 0.457599)
(1.01321 2.62699 0.495128)
(1.01165 2.50236 0.623752)
(-3.50512 3.01215 0.368493)
(-3.61402 2.9686 0.463314)
(-3.37617 2.93332 0.452203)
(-3.51412 3.10269 0.477046)
(-3.50273 2.97459 0.606512)
(-2.98141 3.1449 0.523874)
(-1.02138 2.99837 0.370215)
(-1.02169 2.87488 0.497116)
(-1.16047 2.99714 0.489639)
(-0.893793 2.99798 0.496131)
(-1.02614 3.11859 0.493078)
(-1.02521 2.99844 0.622729)
(1.02138 2.99837 0.370215)
(1.02169 2.87488 0.497117)
(0.893795 2.99798 0.496131)
(1.16047 2.99714 0.489639)
(1.02614 3.11859 0.493078)
(1.02521 2.99844 0.622729)
(2.98141 3.1449 0.523874)
(3.50512 3.01215 0.368493)
(3.37617 2.93332 0.452203)
(3.61402 2.9686 0.463314)
(3.51413 3.10273 0.477069)
(3.50273 2.9746 0.606521)
(-3.54748 3.53596 0.368008)
(-3.53953 3.39747 0.487395)
(-3.41105 3.53691 0.49699)
(-3.54428 3.57026 0.647258)
(-2.98596 3.49099 0.390943)
(-2.95725 3.37604 0.54307)
(-3.11834 3.50537 0.51349)
(-2.87125 3.50053 0.475489)
(-2.97133 3.61526 0.551531)
(-1.02477 3.49654 0.37174)
(-1.02639 3.37065 0.49697)
(-1.15926 3.49806 0.499617)
(-1.03232 3.62212 0.500454)
(-1.02992 3.49818 0.627511)
(-0.506296 3.74854 0.497478)
(8.11006e-06 3.74955 0.497463)
(0.5063 3.74854 0.497478)
(1.02477 3.49654 0.37174)
(1.02639 3.37065 0.49697)
(1.15926 3.49806 0.499617)
(1.03232 3.62212 0.500453)
(1.02992 3.49818 0.627511)
(2.98596 3.49102 0.390969)
(2.95725 3.37604 0.54307)
(2.87125 3.50053 0.475489)
(3.11834 3.5054 0.513518)
(2.97133 3.61526 0.551531)
(3.54748 3.53596 0.368008)
(3.53963 3.39746 0.487307)
(3.4111 3.53696 0.496978)
(3.54428 3.57026 0.647258)
(-3.05111 4.04949 0.383063)
(-2.99435 3.8732 0.558712)
(-2.91084 4.0275 0.539414)
(-2.43574 3.94291 0.426381)
(-2.59002 3.96597 0.554932)
(-2.46557 4.10456 0.536819)
(-1.35654 4.00121 0.487831)
(-0.761463 3.9985 0.500091)
(-1.01985 3.9964 0.37387)
(-1.0244 3.87214 0.501837)
(-1.14714 3.99824 0.503204)
(-1.01787 4.12325 0.503072)
(-1.02222 3.99878 0.629602)
(-0.251383 4.00006 0.498784)
(-0.503594 4.25068 0.501428)
(-0.504432 4.00136 0.755721)
(0.251388 4.00006 0.498783)
(1.85026e-06 4.25136 0.501059)
(1.18487e-05 4.00187 0.754976)
(0.76146 3.9985 0.50009)
(0.503594 4.25069 0.501427)
(0.504436 4.00136 0.755721)
(1.01984 3.9964 0.373872)
(1.02442 3.87213 0.501825)
(1.14712 3.99824 0.503204)
(1.01787 4.12325 0.503071)
(1.02221 3.99878 0.629601)
(1.35654 4.00121 0.487831)
(2.43574 3.94291 0.426381)
(2.59002 3.96597 0.554932)
(2.46557 4.10456 0.536819)
(3.05111 4.04949 0.383063)
(2.99435 3.8732 0.558712)
(2.91084 4.0275 0.539414)
(-2.51484 4.51175 0.414973)
(-2.52195 4.39119 0.550491)
(-2.37419 4.49894 0.567472)
(-2.50554 4.62968 0.469636)
(-1.96997 4.4934 0.401166)
(-2.11616 4.49267 0.509392)
(-1.98924 4.61354 0.493312)
(-1.46701 4.50294 0.371476)
(-1.418 4.4701 0.506202)
(-1.50645 4.63969 0.490282)
(-1.01729 4.37146 0.505238)
(-1.14454 4.49517 0.506704)
(-1.01995 4.49654 0.634239)
(1.01728 4.37146 0.505231)
(1.14452 4.49517 0.50669)
(1.01991 4.49655 0.634225)
(1.46701 4.50294 0.371476)
(1.418 4.4701 0.506202)
(1.50645 4.63969 0.490282)
(1.96997 4.4934 0.401166)
(2.11616 4.49267 0.509392)
(1.98924 4.61354 0.493312)
(2.51484 4.51175 0.414974)
(2.52195 4.39119 0.550491)
(2.37419 4.49894 0.567472)
(2.50554 4.62968 0.469636)
(-2.01078 5.00057 0.396244)
(-2.00347 4.84788 0.558358)
(-2.15962 5.00056 0.532831)
(-1.8786 4.99408 0.52668)
(-2.01093 5.12807 0.520462)
(-1.98697 5.01241 0.59409)
(-1.50873 4.9922 0.390294)
(-1.51567 4.85696 0.518222)
(-1.63805 4.97901 0.528961)
(-1.38822 4.9937 0.52291)
(-1.51172 5.12295 0.528201)
(-1.51641 4.98442 0.656701)
(1.50873 4.9922 0.390293)
(1.51567 4.85696 0.518221)
(1.38821 4.99371 0.522909)
(1.63805 4.97901 0.528961)
(1.51172 5.12295 0.528201)
(1.51641 4.98442 0.656701)
(2.01078 5.00057 0.396244)
(2.00347 4.84788 0.558358)
(1.8786 4.99408 0.52668)
(2.15962 5.00056 0.532831)
(2.01093 5.12807 0.520462)
(1.98697 5.01241 0.59409)
(-2.00915 5.48134 0.376302)
(-2.03733 5.37508 0.501043)
(-1.88687 5.52931 0.507718)
(-1.50769 5.54188 0.38771)
(-1.50882 5.40171 0.525058)
(-1.63868 5.53876 0.524561)
(-1.37799 5.54143 0.516353)
(-1.50524 5.65819 0.514806)
(-1.50627 5.55124 0.670342)
(-0.998977 5.51571 0.37909)
(-0.997123 5.39902 0.512817)
(-1.12303 5.52205 0.506574)
(-0.869249 5.5396 0.541826)
(-1.00401 5.58075 0.489798)
(-0.992919 5.53855 0.626508)
(-0.510257 5.51741 0.386308)
(-0.504952 5.39093 0.510263)
(-0.631639 5.54174 0.537456)
(-0.383059 5.51373 0.510275)
(-0.502721 5.62901 0.499114)
(-0.501686 5.52556 0.626877)
(-0.126308 5.50795 0.507618)
(0.126308 5.50795 0.507618)
(-1.18401e-06 5.62947 0.500225)
(-1.38948e-07 5.5044 0.623216)
(0.510257 5.51741 0.386308)
(0.504952 5.39093 0.510263)
(0.383059 5.51373 0.510275)
(0.631639 5.54174 0.537456)
(0.502721 5.62901 0.499114)
(0.501686 5.52556 0.626877)
(0.998977 5.51571 0.37909)
(0.997123 5.39902 0.512818)
(0.869249 5.5396 0.541826)
(1.12303 5.52205 0.506574)
(1.00401 5.58075 0.489798)
(0.992919 5.53855 0.626508)
(1.50769 5.54188 0.38771)
(1.50883 5.40171 0.52506)
(1.37799 5.54143 0.516353)
(1.63868 5.53876 0.524561)
(1.50524 5.65819 0.514806)
(1.50627 5.55124 0.670342)
(2.00915 5.48134 0.376302)
(2.03733 5.37508 0.501043)
(1.88687 5.52931 0.507718)
(-0.389098 6.00226 0.497338)
(-1.57389e-05 5.87588 0.50757)
(-0.136299 5.99904 0.513989)
(0.13627 5.99904 0.513989)
(-0.000177884 6.11844 0.517677)
(-0.000106781 5.99762 0.63975)
(0.389098 6.00226 0.497338)
(-0.473316 6.50524 0.369611)
(-0.437305 6.45632 0.524706)
(-0.505313 6.61933 0.489919)
(-0.472877 6.5401 0.568206)
(-5.21432e-05 6.49985 0.366443)
(-1.86993e-05 6.37586 0.495778)
(-0.126018 6.49976 0.48445)
(0.125964 6.49977 0.484449)
(-0.000280908 6.62504 0.482327)
(4.0766e-17 6.50018 0.591048)
(0.473316 6.50524 0.369611)
(0.437305 6.45632 0.524706)
(0.505313 6.61933 0.489919)
(0.472877 6.5401 0.568206)
(-0.529781 6.98903 0.364628)
(-0.569354 6.81845 0.453869)
(-0.656459 6.96121 0.453083)
(-0.395519 6.98572 0.494658)
(-0.535974 7.11337 0.503098)
(-0.539646 6.98479 0.629604)
(1.12282e-05 6.88784 0.481058)
(-0.126012 6.99217 0.500369)
(0.127656 6.99217 0.50037)
(0.006893 6.99485 0.621393)
(0.529794 6.98903 0.364628)
(0.569354 6.81845 0.453869)
(0.395687 6.98571 0.494659)
(0.656459 6.96121 0.453083)
(0.536021 7.11337 0.503099)
(0.539681 6.98479 0.629605)
(-0.515971 7.49834 0.371299)
(-0.515366 7.37129 0.499062)
(-0.634297 7.49913 0.499691)
(-0.514681 7.62595 0.499258)
(-0.510785 7.4993 0.625949)
(0.51598 7.49834 0.371299)
(0.515387 7.37129 0.499062)
(0.634301 7.49913 0.499691)
(0.51469 7.62595 0.499258)
(0.510799 7.4993 0.62595)
(-0.523328 8.01135 0.370973)
(-0.52011 7.88335 0.499601)
(-0.669331 8.04564 0.499896)
(-0.521408 8.13467 0.499279)
(-0.526842 8.01248 0.628203)
(0.523329 8.01135 0.370973)
(0.520112 7.88335 0.499601)
(0.669331 8.04564 0.499896)
(0.521407 8.13467 0.499279)
(0.52684 8.01248 0.628203)
(0.000781764 8.48014 0.386653)
(-6.03057e-05 8.38793 0.499654)
(-0.113087 8.47198 0.50088)
(0.113087 8.47198 0.50088)
(-0.00125389 8.48852 0.622483)
(-2.53 -7.99981 0.87085)
(-2.48866 -8.127 1.00021)
(-2.67742 -7.95103 0.9929)
(-2.38212 -7.99454 1.00497)
(-2.49819 -7.82413 1.04129)
(-2.5034 -8.00171 1.14204)
(-1.97012 -8.05096 0.834497)
(-2.01392 -8.12904 1.00475)
(-2.1199 -8.01494 0.999609)
(-1.85998 -8.05534 0.96759)
(-1.95865 -7.86668 0.998951)
(-1.96552 -8.0193 1.12273)
(1.97012 -8.05096 0.834497)
(2.01392 -8.12904 1.00475)
(1.85998 -8.05534 0.96759)
(2.1199 -8.01494 0.999609)
(1.95865 -7.86668 0.998951)
(1.96552 -8.0193 1.12273)
(2.53 -7.99981 0.87085)
(2.48866 -8.127 1.00021)
(2.38212 -7.99454 1.00497)
(2.67742 -7.95103 0.9929)
(2.49819 -7.82413 1.04129)
(2.5034 -8.00171 1.14204)
(-2.00659 -7.6191 0.983764)
(2.00659 -7.6191 0.983764)
(-1.50321 -3.49795 0.878742)
(1.50321 -3.49795 0.878742)
(-1.49953 -3.00593 0.891294)
(1.49953 -3.00593 0.891294)
(-1.50322 -2.50254 0.907274)
(-1.49613 -2.62244 0.990812)
(-1.60965 -2.49581 0.999968)
(-1.37524 -2.50001 1.01515)
(-1.49659 -2.38687 1.04193)
(-1.00565 -2.50216 0.888869)
(-1.13372 -2.4977 0.967674)
(1.00565 -2.50216 0.888869)
(1.13372 -2.4977 0.967674)
(1.50323 -2.50254 0.907276)
(1.49613 -2.62244 0.990812)
(1.37524 -2.50001 1.01515)
(1.60965 -2.49581 0.999968)
(1.49659 -2.38687 1.04193)
(-1.50473 -2.00442 0.905334)
(-1.48971 -2.15392 1.07553)
(-1.65366 -2.00635 1.05759)
(-1.37019 -2.00346 1.02083)
(-1.50159 -1.87747 1.01804)
(-1.49115 -1.98572 1.09537)
(-0.945519 -2.00888 0.917438)
(-1.11432 -2.00223 1.019)
(-1.00483 -1.87114 0.973812)
(0.945519 -2.00888 0.917438)
(1.11432 -2.00223 1.019)
(1.00483 -1.87114 0.973812)
(1.50473 -2.00442 0.905336)
(1.48971 -2.15392 1.07553)
(1.37019 -2.00346 1.02083)
(1.65366 -2.00635 1.05759)
(1.50159 -1.87747 1.01804)
(1.49115 -1.98572 1.09537)
(-1.50525 -1.50039 0.887282)
(-1.50178 -1.62537 1.00816)
(-1.63118 -1.5003 1.01503)
(-1.37396 -1.50037 1.01264)
(-1.50166 -1.37499 1.01321)
(-1.49896 -1.50002 1.12317)
(-0.986753 -1.50326 0.894178)
(-0.998724 -1.6262 0.995867)
(-1.08507 -1.50256 1.05434)
(-0.987603 -1.37789 1.017)
(0.986756 -1.50326 0.894179)
(0.998724 -1.6262 0.995867)
(1.08507 -1.50256 1.05434)
(0.987603 -1.37789 1.017)
(1.50531 -1.50039 0.88727)
(1.50179 -1.62537 1.00816)
(1.37413 -1.50036 1.01266)
(1.63119 -1.5003 1.01502)
(1.50179 -1.375 1.01322)
(1.49896 -1.50002 1.12317)
(-1.50724 -0.999602 0.888304)
(-1.50214 -1.125 1.01136)
(-1.63199 -0.999687 1.0167)
(-1.37617 -1.00021 1.01433)
(-1.50695 -0.874596 1.02024)
(-1.4992 -1.00035 1.11771)
(-0.989774 -1.00408 0.89691)
(-0.965967 -1.1299 1.04767)
(-1.12101 -1.00164 1.01235)
(-0.871141 -0.999268 1.03161)
(-0.99544 -0.8771 1.01455)
(-1.00868 -0.995898 1.08399)
(0.989775 -1.00408 0.896909)
(0.965967 -1.1299 1.04767)
(0.871141 -0.999268 1.03161)
(1.12102 -1.00164 1.01234)
(0.99544 -0.8771 1.01455)
(1.00868 -0.995898 1.08399)
(1.50732 -0.999618 0.88815)
(1.50215 -1.12503 1.0113)
(1.37618 -1.00021 1.01432)
(1.63201 -0.999694 1.01664)
(1.50696 -0.874598 1.02023)
(1.4992 -1.00035 1.11771)
(-1.51546 -0.495748 0.89626)
(-1.50847 -0.62317 1.02204)
(-1.65294 -0.498778 1.0404)
(-1.37993 -0.498764 1.01904)
(-1.55545 -0.335547 1.06687)
(-1.48782 -0.503482 1.11102)
(-0.997255 -0.501249 0.892136)
(-0.997982 -0.625894 1.01396)
(-1.12438 -0.500634 1.02037)
(-0.870621 -0.501595 1.02128)
(-0.998898 -0.375516 1.02177)
(-1.00074 -0.499782 1.12215)
(-0.467992 -0.507066 0.908078)
(-0.613113 -0.502326 1.02665)
(-0.492267 -0.377488 0.97892)
(0.467992 -0.507066 0.908078)
(0.613113 -0.502326 1.02665)
(0.492267 -0.377488 0.97892)
(0.997257 -0.501248 0.892138)
(0.997982 -0.625894 1.01396)
(0.870621 -0.501595 1.02128)
(1.12438 -0.500634 1.02037)
(0.998898 -0.375516 1.02177)
(1.00074 -0.499782 1.12215)
(1.51546 -0.495748 0.896259)
(1.50847 -0.62317 1.02204)
(1.37993 -0.498764 1.01904)
(1.65294 -0.498778 1.0404)
(1.55545 -0.335547 1.06687)
(1.48782 -0.503482 1.11102)
(-1.51732 0.00502794 0.893037)
(-1.53136 -0.123396 1.04095)
(-1.43193 0.0401177 1.06689)
(-1.50494 0.126399 1.00083)
(-1.00094 -0.125025 1.03041)
(-1.13127 0.00169834 1.03264)
(-0.875154 -0.000183454 1.03238)
(-1.00175 0.125103 1.03941)
(-1.00005 1.28555e-05 1.15117)
(-0.498221 -0.00430557 0.885107)
(-0.46101 -0.166408 1.04914)
(-0.624185 -0.00133629 1.01024)
(-0.375795 -0.00523523 1.00714)
(-0.501601 0.121819 1.01293)
(-0.500426 0.00288198 1.08726)
(-0.00175268 -0.0188604 0.891318)
(-0.000485207 -0.148899 1.01699)
(-0.130867 -0.0171615 1.01812)
(0.130639 -0.0171625 1.01812)
(-0.000103327 0.113512 1.01887)
(-5.55112e-17 -0.0402756 1.16052)
(0.498184 -0.00430689 0.885112)
(0.46101 -0.166408 1.04914)
(0.375772 -0.00523621 1.00715)
(0.624183 -0.00133678 1.01024)
(0.501594 0.121817 1.01294)
(0.500426 0.00288198 1.08726)
(1.00094 -0.125025 1.03041)
(0.875153 -0.000183976 1.03238)
(1.13127 0.00169773 1.03264)
(1.00175 0.125101 1.0394)
(1.00005 1.28555e-05 1.15117)
(1.51732 0.00502777 0.893036)
(1.53136 -0.123396 1.04095)
(1.43193 0.0401177 1.06689)
(1.50494 0.126399 1.00083)
(-1.53536 0.503701 0.916074)
(-1.39778 0.50032 1.02442)
(-1.00122 0.374795 1.03839)
(-1.12709 0.500111 1.02308)
(-0.87735 0.498287 1.03657)
(-1.00249 0.624202 1.02755)
(-1.00063 0.499768 1.15274)
(-0.509811 0.366006 1.03068)
(-0.633217 0.493111 1.02937)
(-0.382345 0.49259 1.02673)
(-0.507413 0.61994 1.02312)
(-0.508871 0.492519 1.15691)
(-3.10127e-06 0.363713 1.02279)
(-0.127126 0.492036 1.02149)
(0.127186 0.491877 1.02189)
(1.20433e-05 0.620144 1.01983)
(2.78087e-05 0.48994 1.14683)
(0.509805 0.365968 1.03084)
(0.382401 0.492289 1.02763)
(0.63309 0.493022 1.02975)
(0.507387 0.619568 1.02467)
(0.508943 0.492375 1.15808)
(1.00118 0.374766 1.03831)
(0.877285 0.498186 1.03681)
(1.12688 0.500017 1.02207)
(1.00237 0.624016 1.02744)
(1.0006 0.49974 1.15274)
(1.5354 0.50367 0.916051)
(1.39785 0.500669 1.02433)
(-1.52685 1.00082 0.87181)
(-1.36893 0.996424 1.00205)
(-1.00601 1.00005 0.893917)
(-1.00372 0.874834 1.02359)
(-1.12963 1.0007 1.01869)
(-0.883235 0.999088 1.02573)
(-1.00568 1.12429 1.02202)
(-1.00851 0.999626 1.14772)
(-0.506342 0.872825 1.01866)
(-0.632077 0.998923 1.01734)
(-0.379223 0.998683 1.01934)
(-0.506758 1.12422 1.01805)
(-0.506793 0.998698 1.14397)
(0.506332 0.872811 1.01967)
(0.378981 0.998794 1.02063)
(0.632054 0.999028 1.01815)
(0.506486 1.12434 1.01928)
(0.506699 0.998769 1.1447)
(1.00597 1.00004 0.893615)
(1.00386 0.87496 1.02561)
(0.88332 0.999364 1.02652)
(1.12975 1.00061 1.01691)
(1.00564 1.1243 1.02192)
(1.00875 0.99954 1.14763)
(1.52515 1.00027 0.870745)
(1.36968 0.998288 1.0012)
(-1.00929 1.50113 0.885472)
(-1.0073 1.37469 1.01079)
(-1.12964 1.50026 1.00765)
(-0.881721 1.49987 1.01462)
(-1.01045 1.62538 1.01337)
(-1.03472 1.50021 1.1577)
(-0.507484 1.3747 1.02049)
(-0.633156 1.49972 1.02314)
(-0.505668 1.62496 1.02244)
(-0.507287 1.49976 1.15163)
(0.506953 1.37477 1.02261)
(0.632752 1.49966 1.02351)
(0.50561 1.62485 1.02417)
(0.506688 1.49971 1.15368)
(1.00869 1.50077 0.885198)
(1.00721 1.37463 1.01072)
(0.881602 1.49984 1.01434)
(1.12946 1.50016 1.00747)
(1.01014 1.62531 1.01312)
(1.03462 1.50022 1.1576)
(-1.02408 2.00514 0.892249)
(-1.01338 1.87652 1.01768)
(-1.18161 2.0351 1.05487)
(-0.886324 2.00039 1.01922)
(-1.02124 2.12687 1.02542)
(-1.0336 1.9987 1.16255)
(-0.505166 1.87459 1.02029)
(-0.631447 1.99943 1.01774)
(-0.50527 2.1236 1.01802)
(-0.505604 1.9988 1.147)
(0.505226 1.87456 1.0209)
(0.631435 1.99942 1.01783)
(0.505272 2.1236 1.01812)
(0.505632 1.99879 1.14724)
(1.02391 2.0051 0.892242)
(1.01322 1.87653 1.01767)
(0.886269 2.00039 1.0192)
(1.18161 2.0351 1.05487)
(1.02123 2.12687 1.0254)
(1.0336 1.9987 1.16255)
(-3.9904 2.65043 1.00309)
(-1.0163 2.50055 0.89031)
(-1.02643 2.37386 1.02911)
(-1.1723 2.50126 1.04891)
(-0.895281 2.49888 1.02418)
(-1.02852 2.62677 1.02046)
(-1.04105 2.49673 1.17367)
(1.01631 2.50054 0.890341)
(1.02645 2.37386 1.0291)
(0.89528 2.49888 1.02417)
(1.1723 2.50126 1.04891)
(1.02852 2.62677 1.02047)
(1.04105 2.49673 1.17367)
(3.9904 2.65043 1.00309)
(-3.986 2.99561 0.877655)
(-4.05512 2.88006 0.958526)
(-3.90345 3.01614 0.994198)
(-4.03124 3.02915 1.1253)
(-3.48845 2.99127 0.885328)
(-3.48291 2.85271 1.01067)
(-3.61421 3.00856 1.02122)
(-3.34404 2.99899 1.03011)
(-3.46063 3.16695 1.05549)
(-3.50186 3.00481 1.16489)
(-1.03224 2.99957 0.890511)
(-1.02892 2.87524 1.02075)
(-1.14823 3.00153 1.01229)
(-0.903096 2.99922 1.02033)
(-1.03455 3.12472 1.02006)
(-1.05271 2.99953 1.16736)
(1.03224 2.99957 0.890511)
(1.02892 2.87524 1.02075)
(0.903092 2.99922 1.02033)
(1.14823 3.00153 1.01229)
(1.03455 3.12472 1.02005)
(1.05271 2.99953 1.16736)
(3.48846 2.99127 0.885324)
(3.48291 2.85271 1.01067)
(3.34404 2.99899 1.03011)
(3.61421 3.00856 1.02122)
(3.46063 3.16695 1.05549)
(3.50186 3.00481 1.16489)
(3.986 2.99561 0.877655)
(4.05512 2.88006 0.958526)
(3.90345 3.01614 0.994198)
(4.03124 3.02915 1.1253)
(-1.03545 3.49842 0.889701)
(-1.03461 3.37305 1.01759)
(-1.15086 3.50154 1.02225)
(-0.900013 3.49853 1.01454)
(-1.0259 3.62417 1.0127)
(-1.06431 3.46474 1.18063)
(1.03545 3.49842 0.889701)
(1.0346 3.37305 1.01758)
(0.899978 3.49854 1.01453)
(1.15086 3.50154 1.02225)
(1.02589 3.62417 1.0127)
(1.06431 3.46474 1.18063)
(-1.01813 3.99865 0.88089)
(-1.01746 3.87288 1.00632)
(-1.17776 3.96372 1.0374)
(-1.01875 4.12508 1.01354)
(-1.02418 3.99714 1.1375)
(1.01813 3.99865 0.88089)
(1.01746 3.87288 1.00632)
(1.17776 3.96372 1.0374)
(1.01875 4.12508 1.01354)
(1.02418 3.99714 1.1375)
(-1.02424 4.50048 0.891867)
(-1.01984 4.37808 1.01848)
(-1.15566 4.5024 1.01676)
(-0.884731 4.50838 1.02182)
(-1.01772 4.63581 1.03074)
(-1.01042 4.5051 1.15035)
(-0.49991 4.38309 1.01562)
(-0.626525 4.51076 1.01997)
(-0.373534 4.50877 1.01765)
(-0.499745 4.63666 1.02205)
(-0.499471 4.51186 1.14321)
(3.76403e-06 4.38135 1.01189)
(-0.123978 4.50983 1.01644)
(0.12398 4.50983 1.01644)
(1.89318e-07 4.63807 1.01839)
(7.53615e-07 4.50794 1.1361)
(0.49991 4.38309 1.01562)
(0.373534 4.50877 1.01765)
(0.626525 4.51076 1.01998)
(0.499744 4.63666 1.02205)
(0.499471 4.51186 1.14321)
(1.02419 4.50053 0.891901)
(1.01984 4.37809 1.01848)
(0.884731 4.50838 1.02182)
(1.15566 4.5024 1.01676)
(1.01773 4.63581 1.03074)
(1.01042 4.5051 1.15035)
(-1.00754 5.00932 0.903037)
(-1.03883 4.91891 1.0587)
(-1.11249 4.99763 1.00304)
(-0.875829 5.03654 1.0527)
(-0.99557 5.11199 1.00283)
(-0.498038 5.01367 0.907191)
(-0.498611 4.88399 1.02864)
(-0.621909 5.04904 1.06361)
(-0.375076 5.0462 1.0442)
(-0.500067 5.12096 1.01952)
(1.88857e-09 5.00824 0.898195)
(-8.35015e-18 4.93497 1.058)
(-0.120888 5.00831 1.03821)
(0.120888 5.00831 1.03821)
(2.44552e-17 5.11331 0.993092)
(0.498039 5.01367 0.907192)
(0.498611 4.88399 1.02864)
(0.375076 5.0462 1.0442)
(0.621909 5.04904 1.06361)
(0.500067 5.12096 1.01952)
(1.00755 5.00932 0.903047)
(1.03883 4.91891 1.0587)
(0.875829 5.03654 1.0527)
(1.11249 4.99763 1.00304)
(0.99557 5.11199 1.00283)
(-0.566286 6.64674 1.00063)
(0.566286 6.64674 1.00063)
(-0.528124 6.99107 0.880644)
(-0.528697 6.86084 1.01199)
(-0.65466 6.99668 1.00906)
(-0.368593 6.98319 1.00152)
(-0.527196 7.12149 1.00905)
(-0.534237 6.99129 1.14133)
(-0.0195739 6.94929 0.891665)
(-0.116258 6.98839 1.00164)
(0.116258 6.98839 1.00164)
(0.00550852 7.1028 1.00224)
(0.0150029 6.9612 1.11133)
(0.528132 6.99107 0.880644)
(0.528697 6.86084 1.01199)
(0.368602 6.98319 1.00152)
(0.65466 6.99668 1.00906)
(0.527205 7.12149 1.00905)
(0.534238 6.99129 1.14133)
(-0.522486 7.4989 0.881983)
(-0.508562 7.37082 1.01134)
(-0.646184 7.49833 1.01664)
(-0.384147 7.49956 0.997958)
(-0.527238 7.62482 1.01113)
(-0.50886 7.49553 1.1396)
(0.000301151 7.37242 0.998346)
(-0.127348 7.49954 0.998807)
(0.127487 7.49954 0.998807)
(9.22675e-05 7.49759 1.12907)
(0.522495 7.4989 0.881983)
(0.508567 7.37082 1.01134)
(0.384169 7.49956 0.997958)
(0.646184 7.49833 1.01664)
(0.527241 7.62482 1.01113)
(0.508861 7.49553 1.1396)
(-0.527499 8.01331 0.886336)
(-0.530061 7.88544 1.0163)
(-0.598101 7.99481 0.99569)
(-0.399173 8.01873 1.02145)
(-0.528405 8.13155 1.00097)
(-0.505202 8.00505 1.12861)
(-0.132528 8.01842 1.01872)
(0.132152 8.01844 1.01874)
(-0.00112884 8.14874 1.01757)
(-0.000157034 8.01897 1.14962)
(0.5275 8.01332 0.886336)
(0.530067 7.88544 1.01631)
(0.399164 8.01875 1.02147)
(0.598101 7.99481 0.99569)
(0.528405 8.13155 1.00097)
(0.505202 8.00505 1.12861)
(-0.00542613 8.38658 1.00838)
(-2.44367 -7.99987 1.30891)
(-2.08412 -7.99808 1.34506)
(2.08412 -7.99808 1.34506)
(2.44367 -7.99987 1.30891)
(0 0.51238 1.35313)
(-0.486001 1.00401 1.35335)
(6.70553e-05 0.994591 1.43001)
(0.486 1.004 1.35335)
(-0.487371 1.50009 1.37523)
(0.0241906 1.50336 1.43203)
(-0.0111153 1.36931 1.44458)
(-0.121693 1.48634 1.45129)
(0.486811 1.5 1.37328)
(-0.505912 1.99902 1.3783)
(-0.00104099 2.00153 1.39075)
(0.505912 1.99902 1.3783)
(-3.98526 2.41783 1.35217)
(-4.14155 2.46022 1.47441)
(-3.86465 2.52443 1.49658)
(-3.97645 2.62019 1.52633)
(-3.96356 2.49616 1.62339)
(-0.537991 2.46536 1.43128)
(-0.370303 2.50467 1.47745)
(-0.494123 2.63037 1.47863)
(0.000118088 2.49735 1.3877)
(0.00189495 2.37553 1.46387)
(-0.122623 2.49671 1.50014)
(0.122623 2.49671 1.50014)
(0 2.61728 1.51487)
(0.537991 2.46536 1.43128)
(0.370303 2.50467 1.47745)
(0.494123 2.63037 1.47863)
(3.98526 2.41783 1.35217)
(3.86465 2.52443 1.49658)
(4.14155 2.46022 1.47441)
(3.97645 2.62019 1.52633)
(3.96356 2.49616 1.62339)
(-0.508348 2.99506 1.39986)
(-0.502181 2.87205 1.52441)
(-0.614611 2.99967 1.49588)
(-0.409562 2.96509 1.56425)
(-0.535844 3.12337 1.55253)
(9.76116e-06 2.99649 1.39399)
(0 2.84259 1.5598)
(-0.124823 2.99683 1.51499)
(0.124828 2.99683 1.51499)
(1.83848e-05 3.12447 1.50361)
(1.38778e-17 3.0107 1.587)
(0.508348 2.99506 1.39986)
(0.502181 2.87205 1.52441)
(0.409562 2.96509 1.56425)
(0.614611 2.99967 1.49588)
(0.535844 3.12337 1.55253)
(-0.504172 3.50163 1.39547)
(-0.532416 3.37861 1.54716)
(-0.62491 3.49563 1.50311)
(-0.375954 3.53096 1.55308)
(-0.502906 3.62599 1.54702)
(0.000786773 3.50998 1.4112)
(0.000407067 3.37939 1.5183)
(-0.12307 3.54062 1.56914)
(0.12307 3.54062 1.56914)
(0.0016104 3.64658 1.54078)
(0.504179 3.50164 1.39547)
(0.532416 3.37861 1.54716)
(0.375954 3.53096 1.55308)
(0.62491 3.49563 1.50311)
(0.502906 3.62599 1.54702)
(-1.03208 3.99813 1.40916)
(-0.859933 3.99084 1.50758)
(-0.495397 4.01084 1.40555)
(-0.496975 3.87805 1.55801)
(-0.624547 4.00504 1.53235)
(-0.375742 3.99634 1.49373)
(-0.50194 4.12012 1.46808)
(0 4.03204 1.41589)
(0 3.86319 1.47253)
(0.495397 4.01084 1.40555)
(0.496975 3.87805 1.55801)
(0.375742 3.99634 1.49373)
(0.624547 4.00504 1.53235)
(0.50194 4.12012 1.46808)
(1.03208 3.99813 1.40916)
(0.859933 3.99084 1.50758)
(-0.470945 7.00328 1.34556)
(0.0138574 7.00607 1.40263)
(-0.0213637 6.87407 1.38735)
(-0.1416 7.0264 1.4881)
(0.1416 7.0264 1.4881)
(-0.0537299 7.15554 1.52616)
(0.470945 7.00328 1.34556)
(-0.463226 7.56408 1.33362)
(0.00158181 7.4949 1.4066)
(-0.00296622 7.37517 1.50855)
(-0.108681 7.50378 1.51104)
(0.108681 7.50378 1.51104)
(-0.00381513 7.62831 1.52897)
(0.463226 7.56408 1.33362)
(-0.0035643 8.01717 1.39251)
(-1.75394 -5.24815 -0.624853)
(1.75394 -5.24815 -0.624853)
(-1.75068 -4.75229 -0.622948)
(1.75068 -4.75229 -0.622948)
(-1.11777 -0.242594 -0.72073)
(-1.24654 -0.249941 -0.650043)
(-0.877997 -0.251245 -0.784788)
(-0.626844 -0.250633 -0.774594)
(-0.750166 -0.136453 -0.780874)
(-0.7462 -0.265889 -0.655577)
(-0.24976 -0.134779 -0.733831)
(-0.240521 -0.261316 -0.630534)
(0.24976 -0.134779 -0.733831)
(0.240521 -0.261316 -0.630534)
(0.626844 -0.250633 -0.774594)
(0.877997 -0.251245 -0.784788)
(0.750165 -0.136453 -0.780872)
(0.746199 -0.265888 -0.655575)
(1.11777 -0.242594 -0.72073)
(1.24654 -0.249941 -0.650043)
(-1.25596 0.124755 -0.733445)
(-1.17563 0.243 -0.810089)
(-1.25971 0.374437 -0.75333)
(-1.27247 0.248058 -0.644622)
(-0.753488 0.245533 -0.89626)
(-0.753037 0.116067 -0.783798)
(-0.886711 0.244453 -0.781625)
(-0.62354 0.243365 -0.775771)
(-0.755504 0.372131 -0.7743)
(-0.243104 0.244381 -0.902431)
(-0.186049 0.0747757 -0.80995)
(-0.36062 0.241626 -0.785053)
(-0.097567 0.251783 -0.770874)
(-0.22725 0.373306 -0.782037)
(-0.234046 0.242361 -0.646606)
(0.243104 0.244381 -0.902431)
(0.186049 0.0747757 -0.80995)
(0.097567 0.251783 -0.770874)
(0.360625 0.241626 -0.785051)
(0.227257 0.373307 -0.78203)
(0.234091 0.242361 -0.646601)
(0.753488 0.245533 -0.89626)
(0.753033 0.116065 -0.783795)
(0.623541 0.243364 -0.775769)
(0.88671 0.244451 -0.781624)
(0.755505 0.372131 -0.774298)
(1.25596 0.124755 -0.733445)
(1.17563 0.243 -0.810089)
(1.25971 0.374437 -0.75333)
(1.27247 0.248058 -0.644622)
(-1.26084 0.624621 -0.731315)
(-1.16699 0.753737 -0.792277)
(-1.30075 0.758559 -0.662694)
(-0.751978 0.757137 -0.893099)
(-0.753601 0.628504 -0.773069)
(-0.885374 0.756358 -0.772557)
(-0.622129 0.758776 -0.779242)
(-0.751512 0.886143 -0.770496)
(-0.26374 0.745627 -0.873394)
(-0.24103 0.626536 -0.780264)
(-0.368184 0.755518 -0.772989)
(-0.089949 0.747409 -0.786385)
(-0.212028 0.910407 -0.797554)
(-0.243586 0.752672 -0.640786)
(0.26374 0.745627 -0.873394)
(0.241091 0.626553 -0.780131)
(0.089949 0.747409 -0.786385)
(0.368389 0.755529 -0.772617)
(0.213385 0.911008 -0.794399)
(0.243901 0.752676 -0.640083)
(0.75198 0.757092 -0.893044)
(0.753614 0.628499 -0.773047)
(0.62217 0.758768 -0.779167)
(0.88541 0.756382 -0.772565)
(0.751547 0.886078 -0.770311)
(1.26084 0.624621 -0.731315)
(1.16699 0.753737 -0.792277)
(1.30075 0.758559 -0.662694)
(-0.749193 1.17298 -0.794144)
(-0.872914 1.24981 -0.735013)
(-0.628718 1.24344 -0.748702)
(-0.754465 1.26227 -0.648803)
(-0.251931 1.11412 -0.73695)
(-0.25215 1.28703 -0.66149)
(0.251966 1.11425 -0.734884)
(0.25215 1.28703 -0.66149)
(0.749193 1.17298 -0.794144)
(0.628718 1.24344 -0.748702)
(0.872914 1.24981 -0.735013)
(0.754471 1.26227 -0.648799)
(-2.25001 -8.14738 -0.248537)
(2.25001 -8.14738 -0.248537)
(-2.2546 -7.74683 -0.399849)
(-2.2539 -7.88496 -0.268776)
(-2.39725 -7.74598 -0.268501)
(-2.10296 -7.7465 -0.264613)
(-2.25075 -7.61942 -0.277488)
(-2.25466 -7.75086 -0.136723)
(2.2546 -7.74683 -0.399849)
(2.2539 -7.88496 -0.268776)
(2.10296 -7.7465 -0.264613)
(2.39725 -7.74598 -0.268501)
(2.25075 -7.61942 -0.277488)
(2.25466 -7.75086 -0.136723)
(-2.25014 -7.25018 -0.369735)
(-2.24855 -7.37385 -0.280476)
(-2.40622 -7.24949 -0.282945)
(-2.09021 -7.24973 -0.289132)
(-2.24816 -7.125 -0.26876)
(-2.25251 -7.24836 -0.138717)
(2.25014 -7.25018 -0.369735)
(2.24855 -7.37385 -0.280476)
(2.09021 -7.24973 -0.289132)
(2.40622 -7.24949 -0.282945)
(2.24816 -7.125 -0.26876)
(2.25251 -7.24836 -0.138717)
(-2.23898 -6.74929 -0.375366)
(-2.25 -6.87637 -0.269474)
(-2.37624 -6.74973 -0.246078)
(-2.11426 -6.75223 -0.278176)
(-2.25765 -6.62522 -0.268047)
(-2.2616 -6.75002 -0.140685)
(2.23898 -6.74929 -0.375366)
(2.25 -6.87637 -0.269473)
(2.11426 -6.75223 -0.278171)
(2.37624 -6.74973 -0.246078)
(2.25766 -6.62523 -0.268034)
(2.2616 -6.75002 -0.140679)
(-2.23868 -6.25042 -0.392065)
(-2.26791 -6.37552 -0.272119)
(-2.38729 -6.24992 -0.238346)
(-2.12902 -6.25698 -0.298447)
(-2.2747 -6.12649 -0.271492)
(-2.29353 -6.25035 -0.140521)
(-1.82903 -6.25512 -0.294114)
(-1.76392 -6.12997 -0.252237)
(-1.75495 -6.23424 -0.115305)
(1.83387 -6.29451 -0.284707)
(1.75723 -6.12072 -0.239241)
(1.75508 -6.23459 -0.121117)
(2.2391 -6.25201 -0.399243)
(2.26802 -6.37564 -0.271987)
(2.12753 -6.2576 -0.294838)
(2.38719 -6.25026 -0.237814)
(2.27707 -6.12829 -0.264623)
(2.29325 -6.25035 -0.139956)
(-2.27641 -5.74984 -0.401357)
(-2.27804 -5.87596 -0.256384)
(-2.38399 -5.75014 -0.237045)
(-2.1429 -5.75207 -0.262265)
(-2.28676 -5.62603 -0.258582)
(-2.29885 -5.75092 -0.127365)
(-1.70766 -5.78903 -0.40833)
(-1.70764 -5.91754 -0.290421)
(-1.86539 -5.75701 -0.264312)
(-1.62393 -5.74737 -0.244107)
(-1.73199 -5.63693 -0.255781)
(-1.73276 -5.7551 -0.124743)
(1.70766 -5.78903 -0.40833)
(1.70763 -5.91758 -0.290349)
(1.62393 -5.74736 -0.244096)
(1.86598 -5.7567 -0.263582)
(1.73206 -5.63689 -0.255791)
(1.73291 -5.755 -0.124664)
(2.27644 -5.75007 -0.401292)
(2.27737 -5.87553 -0.254724)
(2.14274 -5.75182 -0.260906)
(2.38403 -5.75002 -0.236966)
(2.28673 -5.62598 -0.258463)
(2.29874 -5.75086 -0.127099)
(-2.30975 -5.25073 -0.439083)
(-2.29897 -5.37846 -0.272285)
(-2.40549 -5.24666 -0.25328)
(-2.16008 -5.25116 -0.27439)
(-2.29846 -5.12478 -0.274553)
(-2.3129 -5.25105 -0.142228)
(-1.73704 -5.25463 -0.391323)
(-1.72968 -5.38161 -0.256803)
(-1.87341 -5.25354 -0.262402)
(-1.58905 -5.25932 -0.259022)
(-1.73418 -5.12907 -0.260263)
(-1.72892 -5.2572 -0.124072)
(1.73704 -5.25464 -0.391328)
(1.7298 -5.38159 -0.256995)
(1.58907 -5.25934 -0.259033)
(1.87362 -5.25353 -0.262519)
(1.73422 -5.12913 -0.260292)
(1.72895 -5.25722 -0.124099)
(2.30975 -5.25073 -0.439083)
(2.29898 -5.37846 -0.272249)
(2.16061 -5.25113 -0.273675)
(2.40549 -5.24666 -0.25328)
(2.29848 -5.12477 -0.274529)
(2.31292 -5.25104 -0.142205)
(-2.27908 -4.75555 -0.402045)
(-2.28878 -4.87223 -0.262103)
(-2.37486 -4.75439 -0.23459)
(-2.15119 -4.74349 -0.26654)
(-2.30643 -4.58091 -0.294213)
(-2.29067 -4.7472 -0.128965)
(-1.74631 -4.74737 -0.397439)
(-1.73884 -4.87563 -0.262606)
(-1.88142 -4.7455 -0.271383)
(-1.60325 -4.75177 -0.262293)
(-1.74675 -4.62034 -0.273509)
(-1.32223 -4.75899 -0.257954)
(1.32223 -4.75899 -0.257954)
(1.74634 -4.74754 -0.397448)
(1.7389 -4.87604 -0.262627)
(1.60346 -4.75308 -0.262348)
(1.88145 -4.74566 -0.271392)
(1.74679 -4.62061 -0.27352)
(2.27908 -4.75555 -0.402045)
(2.28878 -4.87224 -0.262102)
(2.15119 -4.7435 -0.26654)
(2.37486 -4.75439 -0.23459)
(2.30643 -4.58091 -0.294213)
(2.29067 -4.74721 -0.128965)
(-2.23595 -4.37379 -0.24729)
(-2.16427 -4.23922 -0.254825)
(-2.24085 -4.25178 -0.125955)
(-1.75462 -4.24306 -0.410355)
(-1.75269 -4.36813 -0.281172)
(-1.89112 -4.23647 -0.282568)
(-1.61976 -4.24518 -0.278055)
(-1.76193 -4.11278 -0.283056)
(-1.33338 -4.25203 -0.297456)
(-1.25593 -4.25015 -0.112501)
(1.33338 -4.25203 -0.297456)
(1.25593 -4.25015 -0.112501)
(1.75463 -4.24306 -0.410356)
(1.75271 -4.36817 -0.281176)
(1.61987 -4.2452 -0.278081)
(1.89114 -4.23647 -0.282571)
(1.76206 -4.11275 -0.283075)
(2.23595 -4.37379 -0.24729)
(2.16427 -4.23922 -0.254825)
(2.24085 -4.25178 -0.125955)
(-1.741 -3.75506 -0.341477)
(-1.75977 -3.86705 -0.280769)
(-1.87457 -3.74483 -0.251112)
(-1.63171 -3.74542 -0.27905)
(-1.75436 -3.61606 -0.285914)
(-1.7686 -3.74038 -0.153677)
(-1.34256 -3.74989 -0.283854)
(-1.2123 -3.75035 -0.162751)
(1.34256 -3.74989 -0.283854)
(1.2123 -3.75035 -0.162751)
(1.741 -3.75506 -0.341477)
(1.75977 -3.86705 -0.28077)
(1.6317 -3.74542 -0.27905)
(1.87457 -3.74483 -0.251112)
(1.75436 -3.61606 -0.285914)
(1.7686 -3.74038 -0.15368)
(-1.7498 -3.36833 -0.239795)
(-1.63364 -3.24696 -0.27468)
(-1.80204 -3.24187 -0.181268)
(-1.24944 -3.38124 -0.242172)
(-1.37525 -3.24609 -0.310165)
(-1.26386 -3.12518 -0.282263)
(-1.23747 -3.25272 -0.161039)
(1.24944 -3.38124 -0.242172)
(1.37525 -3.24609 -0.310165)
(1.26386 -3.12518 -0.282263)
(1.23747 -3.25272 -0.161039)
(1.7498 -3.36833 -0.239795)
(1.63364 -3.24696 -0.27468)
(1.80204 -3.24187 -0.181268)
(-1.64586 -2.74754 -0.27469)
(-1.79208 -2.75048 -0.165352)
(-1.25025 -2.87621 -0.290529)
(-1.33799 -2.78178 -0.317889)
(-1.13426 -2.74483 -0.266371)
(-1.19996 -2.62961 -0.30156)
(-1.23751 -2.75664 -0.155934)
(1.25025 -2.87621 -0.290529)
(1.13426 -2.74483 -0.266371)
(1.33799 -2.78178 -0.317889)
(1.19996 -2.62961 -0.30156)
(1.23751 -2.75664 -0.155932)
(1.64586 -2.74754 -0.27469)
(1.79208 -2.75048 -0.165352)
(-1.65465 -2.25372 -0.293182)
(-1.79664 -2.25266 -0.170548)
(-1.25129 -2.24965 -0.38982)
(-1.24606 -2.37781 -0.272006)
(-1.37642 -2.25134 -0.276962)
(-1.11731 -2.25288 -0.274149)
(-1.24831 -2.12832 -0.287548)
(-1.24626 -2.25258 -0.148041)
(1.25129 -2.24965 -0.38982)
(1.24605 -2.37781 -0.272004)
(1.11731 -2.25288 -0.274149)
(1.37641 -2.25134 -0.276955)
(1.2483 -2.12832 -0.287547)
(1.24625 -2.25257 -0.148029)
(1.65465 -2.25372 -0.293182)
(1.79664 -2.25266 -0.170548)
(-1.75025 -1.87795 -0.25015)
(-1.63591 -1.75056 -0.267004)
(-1.76936 -1.62455 -0.243453)
(-1.7683 -1.75019 -0.134422)
(-1.24983 -1.7513 -0.388613)
(-1.24873 -1.87902 -0.272855)
(-1.38237 -1.7515 -0.268041)
(-1.11631 -1.75356 -0.270484)
(-1.2502 -1.62657 -0.271734)
(-0.826477 -1.79078 -0.309436)
(-0.726908 -1.625 -0.244795)
(-0.715217 -1.75196 -0.163773)
(0.826477 -1.79078 -0.309436)
(0.726908 -1.625 -0.244795)
(0.715217 -1.75196 -0.163773)
(1.24983 -1.7513 -0.388613)
(1.24873 -1.87902 -0.272855)
(1.11631 -1.75356 -0.270484)
(1.38237 -1.7515 -0.268041)
(1.2502 -1.62657 -0.271734)
(1.75025 -1.87795 -0.25015)
(1.63591 -1.75056 -0.267004)
(1.76936 -1.62455 -0.243453)
(1.7683 -1.75019 -0.134421)
(-1.7747 -1.37487 -0.246757)
(-1.64298 -1.24986 -0.252818)
(-1.76039 -1.12495 -0.246317)
(-1.80559 -1.2472 -0.163723)
(-1.25047 -1.2514 -0.419229)
(-1.25041 -1.37602 -0.281694)
(-1.37881 -1.25059 -0.274995)
(-1.12138 -1.25209 -0.28497)
(-1.25105 -1.12633 -0.280772)
(-0.755803 -1.24876 -0.395981)
(-0.69005 -1.41556 -0.291653)
(-0.857254 -1.25443 -0.271885)
(-0.624843 -1.24892 -0.242531)
(-0.733923 -1.12921 -0.262574)
(-0.733197 -1.25366 -0.137219)
(0.755803 -1.24876 -0.395981)
(0.69005 -1.41556 -0.291653)
(0.624843 -1.24892 -0.242531)
(0.857254 -1.25443 -0.271885)
(0.733923 -1.12921 -0.262574)
(0.733197 -1.25366 -0.137219)
(1.25047 -1.2514 -0.419233)
(1.25041 -1.37602 -0.281699)
(1.12138 -1.25209 -0.284979)
(1.3788 -1.25058 -0.275021)
(1.25104 -1.12632 -0.280797)
(1.7747 -1.37487 -0.246757)
(1.64296 -1.24985 -0.252859)
(1.76039 -1.12495 -0.246317)
(1.80559 -1.2472 -0.163723)
(-1.74192 -0.877786 -0.246797)
(-1.68363 -0.716241 -0.314419)
(-1.78425 -0.752483 -0.131025)
(-1.26036 -0.74938 -0.409073)
(-1.25447 -0.875738 -0.278105)
(-1.38963 -0.748413 -0.279138)
(-1.12778 -0.751779 -0.273093)
(-1.2611 -0.625271 -0.276084)
(-0.736809 -0.759841 -0.399376)
(-0.732247 -0.882597 -0.272054)
(-0.865844 -0.756723 -0.270528)
(-0.609357 -0.760131 -0.263147)
(-0.739333 -0.633798 -0.267272)
(-0.733396 -0.757924 -0.138157)
(0.73681 -0.759841 -0.399376)
(0.732247 -0.882597 -0.272054)
(0.609357 -0.760131 -0.263147)
(0.865846 -0.756723 -0.270529)
(0.739334 -0.633798 -0.267272)
(0.733396 -0.757924 -0.138157)
(1.26038 -0.749375 -0.409079)
(1.25448 -0.875728 -0.278133)
(1.1278 -0.751772 -0.273105)
(1.38979 -0.748366 -0.279157)
(1.26118 -0.625242 -0.276128)
(1.74192 -0.877786 -0.246797)
(1.68363 -0.716241 -0.314419)
(1.78425 -0.752483 -0.131025)
(-1.65336 -0.246677 -0.247518)
(-1.7157 -0.250637 -0.118423)
(-1.2691 -0.254388 -0.400295)
(-1.26448 -0.378238 -0.273033)
(-1.39526 -0.250262 -0.267779)
(-1.26938 -0.126044 -0.267469)
(-0.226528 -0.265786 -0.384269)
(-0.235887 -0.38566 -0.254716)
(-0.361203 -0.262709 -0.258234)
(-0.0678176 -0.306714 -0.297252)
(-0.237374 -0.137215 -0.257676)
(-0.238532 -0.264505 -0.130687)
(0.226541 -0.265786 -0.384269)
(0.235889 -0.38566 -0.254716)
(0.0678176 -0.306714 -0.297252)
(0.36121 -0.262709 -0.258233)
(0.237456 -0.137215 -0.257676)
(0.238544 -0.264505 -0.130687)
(1.2691 -0.254388 -0.400297)
(1.26447 -0.378249 -0.273057)
(1.39527 -0.25026 -0.267782)
(1.26938 -0.126044 -0.267471)
(1.65336 -0.246677 -0.247518)
(1.7157 -0.250637 -0.118423)
(-1.5982 0.246802 -0.247692)
(-1.27603 0.250539 -0.39257)
(-1.27221 0.125172 -0.265022)
(-1.40502 0.251903 -0.265213)
(-1.27313 0.376615 -0.261877)
(1.27603 0.250539 -0.392573)
(1.27221 0.125172 -0.265022)
(1.40502 0.251903 -0.265213)
(1.27314 0.376617 -0.261882)
(1.5982 0.246802 -0.247692)
(-1.26975 0.753827 -0.386729)
(-1.26765 0.627019 -0.260022)
(-1.39203 0.753362 -0.258922)
(-1.26874 0.878394 -0.26128)
(-1.26775 0.752735 -0.134338)
(1.26987 0.753899 -0.386862)
(1.26768 0.62704 -0.260063)
(1.39206 0.753375 -0.258961)
(1.26893 0.878513 -0.261517)
(1.2678 0.75276 -0.134397)
(-1.30498 1.28988 -0.421454)
(-1.27147 1.12907 -0.265717)
(-1.40422 1.24592 -0.28256)
(-1.14302 1.25807 -0.266839)
(-1.27382 1.38405 -0.266758)
(-1.2707 1.25527 -0.138149)
(-0.249303 1.25752 -0.385976)
(-0.12468 1.25461 -0.256912)
(-0.249803 1.38141 -0.260499)
(0.249327 1.25749 -0.385853)
(0.124695 1.25459 -0.256853)
(0.249775 1.38136 -0.260392)
(1.30498 1.28988 -0.421454)
(1.27158 1.12918 -0.265822)
(1.14312 1.25811 -0.26691)
(1.40422 1.24592 -0.28256)
(1.27388 1.38404 -0.266803)
(1.27085 1.25526 -0.138276)
(-1.26777 1.64047 -0.264202)
(-1.12575 1.75084 -0.277017)
(-1.28278 1.74845 -0.157771)
(-0.748926 1.77663 -0.401454)
(-0.755552 1.63568 -0.267042)
(-0.881202 1.75964 -0.26466)
(-0.627601 1.75764 -0.263032)
(-0.790509 1.92109 -0.2945)
(-0.757541 1.76156 -0.142315)
(-0.248168 1.78779 -0.426113)
(-0.249908 1.6326 -0.266819)
(-0.376745 1.75774 -0.268595)
(-0.124265 1.76225 -0.269314)
(-0.249903 1.88044 -0.273585)
(0.248987 1.78798 -0.426738)
(0.249841 1.63251 -0.266645)
(0.124274 1.76224 -0.269302)
(0.375693 1.75723 -0.267455)
(0.249887 1.88041 -0.273546)
(0.747502 1.77178 -0.396057)
(0.755385 1.63487 -0.265965)
(0.627437 1.75666 -0.261833)
(0.881327 1.75939 -0.26433)
(0.790509 1.92109 -0.2945)
(0.757489 1.76101 -0.141722)
(1.2725 1.63761 -0.267983)
(1.12493 1.75002 -0.275218)
(1.29337 1.75013 -0.168366)
(-0.752981 2.25531 -0.107498)
(-0.252648 2.15324 -0.306409)
(-0.375434 2.25387 -0.25088)
(-0.117633 2.26042 -0.272783)
(-0.249462 2.37711 -0.244055)
(-0.253112 2.25768 -0.150454)
(0.252648 2.15324 -0.306409)
(0.117633 2.26042 -0.272783)
(0.375434 2.25387 -0.25088)
(0.249462 2.37711 -0.244055)
(0.253075 2.25768 -0.150453)
(0.752981 2.25531 -0.107498)
(-0.244404 2.6088 -0.196573)
(-0.251169 2.76526 -0.186466)
(0.244404 2.6088 -0.196573)
(0.251169 2.76526 -0.186466)
(-0.745881 3.25252 -0.153775)
(-0.24946 3.12713 -0.217225)
(-0.373579 3.251 -0.23498)
(-0.125099 3.25038 -0.226989)
(-0.24995 3.37424 -0.264215)
(-0.250552 3.24912 -0.135155)
(0.24946 3.12713 -0.217225)
(0.125099 3.25038 -0.226989)
(0.373579 3.251 -0.23498)
(0.24995 3.37424 -0.264215)
(0.250552 3.24912 -0.135155)
(0.745881 3.25252 -0.153775)
(-2.63123 3.7608 -0.208951)
(-2.7358 3.87271 -0.236333)
(-2.74823 3.74402 -0.156565)
(-0.740366 3.63004 -0.244125)
(-0.875638 3.74641 -0.233381)
(-0.667959 3.74334 -0.294988)
(-0.756202 3.82668 -0.29881)
(-0.758709 3.74265 -0.154845)
(-0.253982 3.76376 -0.350819)
(-0.246342 3.59286 -0.309117)
(-0.375578 3.73862 -0.277195)
(-0.0868722 3.70855 -0.308021)
(-0.249468 3.8727 -0.272162)
(-0.248453 3.74349 -0.148873)
(0.253982 3.76376 -0.350819)
(0.246342 3.59286 -0.309117)
(0.0868722 3.70855 -0.308021)
(0.375578 3.73862 -0.277195)
(0.249468 3.8727 -0.272162)
(0.248454 3.74349 -0.148873)
(0.740366 3.63004 -0.244125)
(0.667959 3.74334 -0.294988)
(0.875638 3.74641 -0.233381)
(0.756202 3.82668 -0.29881)
(0.75871 3.74265 -0.154845)
(2.63123 3.7608 -0.208951)
(2.7358 3.87271 -0.236333)
(2.74823 3.74402 -0.156565)
(-2.61693 4.24548 -0.218769)
(-2.74953 4.25582 -0.125545)
(-2.26098 4.13596 -0.265164)
(-2.37407 4.24898 -0.287936)
(-2.11957 4.23979 -0.252201)
(-2.25082 4.37563 -0.289765)
(-2.23914 4.23974 -0.168168)
(-1.24167 4.12715 -0.225528)
(-1.16813 4.20175 -0.316645)
(-1.29723 4.32978 -0.308719)
(-1.27113 4.23532 -0.148084)
(-0.754126 4.24347 -0.420846)
(-0.751944 4.12024 -0.276204)
(-0.879353 4.24231 -0.273635)
(-0.627466 4.24558 -0.277777)
(-0.751166 4.37056 -0.272123)
(-0.250947 4.22446 -0.438116)
(-0.249706 4.12251 -0.290385)
(-0.37674 4.24648 -0.286227)
(-0.12302 4.24667 -0.27778)
(-0.249215 4.37254 -0.26967)
(0.250947 4.22446 -0.438116)
(0.249705 4.12251 -0.290384)
(0.12302 4.24667 -0.27778)
(0.37674 4.24648 -0.286228)
(0.249215 4.37254 -0.26967)
(0.754126 4.24347 -0.420846)
(0.751943 4.12024 -0.276208)
(0.627465 4.24558 -0.27778)
(0.879337 4.24232 -0.273634)
(0.751163 4.37056 -0.272127)
(1.24167 4.12715 -0.225528)
(1.16813 4.20175 -0.316645)
(1.29723 4.32978 -0.308719)
(1.27113 4.23532 -0.148086)
(2.26098 4.13596 -0.265164)
(2.11957 4.23979 -0.252201)
(2.37407 4.24898 -0.287936)
(2.25082 4.37563 -0.289765)
(2.23915 4.23974 -0.168167)
(2.61693 4.24548 -0.218769)
(2.74953 4.25582 -0.125545)
(-2.24647 4.62225 -0.276448)
(-2.13214 4.74835 -0.299144)
(-2.24856 4.8783 -0.227344)
(-2.26058 4.75248 -0.156025)
(-1.74869 4.76162 -0.353954)
(-1.7517 4.58937 -0.281069)
(-1.87767 4.74414 -0.271924)
(-1.62609 4.74762 -0.257242)
(-1.75237 4.8737 -0.269237)
(-1.75005 4.74307 -0.137164)
(-1.25656 4.74806 -0.393784)
(-1.26226 4.61863 -0.270529)
(-1.38293 4.74694 -0.263717)
(-1.1303 4.74648 -0.279008)
(-1.2553 4.87303 -0.272047)
(-0.745473 4.74136 -0.405014)
(-0.749641 4.62179 -0.269626)
(-0.874778 4.74441 -0.279204)
(-0.623283 4.74847 -0.267287)
(-0.745431 4.87388 -0.274167)
(-0.24992 4.74991 -0.394812)
(-0.249803 4.62443 -0.26053)
(-0.374693 4.74975 -0.268506)
(-0.124901 4.74983 -0.260845)
(-0.249824 4.87511 -0.271249)
(0.24992 4.74991 -0.394811)
(0.249803 4.62443 -0.260528)
(0.124901 4.74983 -0.260845)
(0.374694 4.74975 -0.268505)
(0.249825 4.87511 -0.271249)
(0.745473 4.74136 -0.405014)
(0.749642 4.62179 -0.269629)
(0.623285 4.74847 -0.267285)
(0.874778 4.74441 -0.279205)
(0.745432 4.87388 -0.274167)
(1.25656 4.74806 -0.393784)
(1.26226 4.61863 -0.270529)
(1.1303 4.74648 -0.279009)
(1.38293 4.74694 -0.263717)
(1.2553 4.87303 -0.272047)
(1.74869 4.76162 -0.353954)
(1.7517 4.58937 -0.281069)
(1.62609 4.74762 -0.257242)
(1.87767 4.74414 -0.271924)
(1.75237 4.8737 -0.269237)
(1.75005 4.74307 -0.137163)
(2.24647 4.62225 -0.276448)
(2.13214 4.74835 -0.299144)
(2.24856 4.8783 -0.227344)
(2.26059 4.75248 -0.156025)
(-1.74555 5.24372 -0.400474)
(-1.75706 5.12797 -0.284993)
(-1.92927 5.29165 -0.322635)
(-1.63675 5.26079 -0.285472)
(-1.79763 5.42218 -0.314938)
(-1.76474 5.26283 -0.154687)
(-1.2514 5.25855 -0.397909)
(-1.25244 5.12891 -0.273693)
(-1.37871 5.26066 -0.272207)
(-1.12705 5.25874 -0.273914)
(-1.25273 5.39375 -0.273071)
(-0.749571 5.25257 -0.399611)
(-0.7481 5.12725 -0.270228)
(-0.875753 5.2558 -0.273935)
(-0.624977 5.25333 -0.268446)
(-0.752287 5.38398 -0.272373)
(-0.249636 5.25162 -0.398686)
(-0.249793 5.12624 -0.272791)
(-0.374773 5.25272 -0.273558)
(-0.124683 5.25363 -0.267225)
(-0.248573 5.38174 -0.27212)
(0.249636 5.25162 -0.398685)
(0.249793 5.12624 -0.272791)
(0.124683 5.25363 -0.267227)
(0.374773 5.25272 -0.273555)
(0.248574 5.38174 -0.27212)
(0.749571 5.25257 -0.399611)
(0.7481 5.12725 -0.270228)
(0.624977 5.25333 -0.268446)
(0.875753 5.2558 -0.273935)
(0.752287 5.38398 -0.272373)
(1.2514 5.25855 -0.397909)
(1.25244 5.12891 -0.273693)
(1.12705 5.25874 -0.273914)
(1.37871 5.26066 -0.272207)
(1.25273 5.39375 -0.273071)
(1.74555 5.24372 -0.400474)
(1.75706 5.12797 -0.284993)
(1.63675 5.26079 -0.285471)
(1.92927 5.29165 -0.322635)
(1.79763 5.42218 -0.314938)
(1.76473 5.26283 -0.154685)
(-1.25212 5.63895 -0.246989)
(-0.759275 5.64508 -0.266386)
(-0.874797 5.71963 -0.240787)
(-0.630518 5.79863 -0.289582)
(-0.788848 5.79033 -0.124747)
(-0.253751 5.73716 -0.376981)
(-0.245948 5.63694 -0.275192)
(-0.377756 5.76415 -0.274852)
(-0.0846789 5.79411 -0.306105)
(-0.252692 5.89842 -0.276456)
(-0.251329 5.76306 -0.144976)
(0.253751 5.73716 -0.376981)
(0.245948 5.63694 -0.275192)
(0.0846789 5.79411 -0.306105)
(0.377756 5.76415 -0.274852)
(0.252692 5.89842 -0.276456)
(0.251329 5.76306 -0.144976)
(0.759275 5.64508 -0.266386)
(0.630518 5.79863 -0.289582)
(0.874797 5.71963 -0.240787)
(0.788848 5.79033 -0.124747)
(1.25212 5.63895 -0.246989)
(-0.247889 6.2571 -0.132371)
(0.247889 6.2571 -0.132371)
(-0.24461 6.74182 -0.138849)
(0.24461 6.74182 -0.138849)
(-0.245906 7.25676 -0.341556)
(-0.251756 7.11993 -0.284368)
(-0.376293 7.24971 -0.255392)
(-0.131397 7.23942 -0.277451)
(-0.260169 7.37059 -0.270932)
(-0.269737 7.23915 -0.151713)
(0.245906 7.25676 -0.341556)
(0.251756 7.11993 -0.284368)
(0.131398 7.23942 -0.277451)
(0.376293 7.24971 -0.255392)
(0.260198 7.37059 -0.270932)
(0.269779 7.23915 -0.151713)
(-0.237784 7.74179 -0.355394)
(-0.258127 7.62681 -0.271193)
(-0.401926 7.747 -0.283944)
(-0.1282 7.7557 -0.273508)
(-0.255093 7.91169 -0.302831)
(-0.259955 7.75568 -0.144881)
(0.237784 7.74179 -0.355394)
(0.258179 7.62681 -0.271193)
(0.128409 7.7557 -0.273508)
(0.401926 7.747 -0.283944)
(0.255093 7.91169 -0.302831)
(0.260052 7.75568 -0.144881)
(-2.25384 -8.11761 0.248548)
(2.25384 -8.11761 0.248548)
(-2.26596 -7.75143 0.124298)
(-2.25425 -7.88446 0.251066)
(-2.40462 -7.74188 0.251733)
(-2.12685 -7.75204 0.251678)
(-2.26995 -7.62065 0.254396)
(-2.26084 -7.74488 0.379019)
(-1.89879 -7.74872 0.2501)
(1.89879 -7.74872 0.2501)
(2.26596 -7.75143 0.124298)
(2.25425 -7.88446 0.251066)
(2.12685 -7.75204 0.251678)
(2.40462 -7.74188 0.251733)
(2.26995 -7.62065 0.254396)
(2.26084 -7.74488 0.379019)
(-2.25626 -7.2438 0.134504)
(-2.25952 -7.36553 0.266635)
(-2.42317 -7.20893 0.302863)
(-2.10217 -7.23527 0.272537)
(-2.25284 -7.12149 0.276594)
(-2.2558 -7.21116 0.437072)
(2.25626 -7.2438 0.134504)
(2.25952 -7.36553 0.266635)
(2.10217 -7.23527 0.272537)
(2.42317 -7.20893 0.302863)
(2.25284 -7.12149 0.276594)
(2.2558 -7.21116 0.437072)
(-2.26412 -6.74968 0.146433)
(-2.25866 -6.87437 0.263633)
(-2.35674 -6.74767 0.252168)
(-2.12369 -6.75127 0.266807)
(-2.29931 -6.6164 0.306999)
(-2.24157 -6.75116 0.33814)
(2.26412 -6.74968 0.146433)
(2.25866 -6.87437 0.263633)
(2.12369 -6.75127 0.266806)
(2.35674 -6.74767 0.252168)
(2.29931 -6.6164 0.306999)
(2.24157 -6.75116 0.33814)
(-2.29106 -6.24988 0.146537)
(-2.29199 -6.37462 0.29651)
(-2.12784 -6.25136 0.27686)
(-2.2923 -6.12566 0.29997)
(-1.88296 -6.25723 0.254681)
(1.88341 -6.25707 0.254464)
(2.2895 -6.24924 0.145457)
(2.29199 -6.37462 0.29651)
(2.12734 -6.25119 0.275016)
(2.28711 -6.12648 0.302109)
(-2.29079 -5.75142 0.145979)
(-2.29606 -5.87432 0.291567)
(-2.13552 -5.75107 0.290067)
(-2.30004 -5.62675 0.294637)
(-1.70841 -5.75227 0.169675)
(-1.8212 -5.79088 0.305751)
(-1.72904 -5.62456 0.244871)
(1.70841 -5.75227 0.169675)
(1.8212 -5.79088 0.305751)
(1.72904 -5.62456 0.244871)
(2.29063 -5.7515 0.145869)
(2.29473 -5.87531 0.290264)
(2.13546 -5.75111 0.289931)
(2.30004 -5.62675 0.294637)
(-2.30274 -5.24942 0.137186)
(-2.30649 -5.37701 0.301086)
(-2.15071 -5.25063 0.280771)
(-2.29581 -5.12231 0.292638)
(-1.73276 -5.25699 0.141678)
(-1.70079 -5.41464 0.292411)
(-1.86141 -5.25494 0.27767)
(-1.60887 -5.24737 0.242105)
(-1.73721 -5.13028 0.270612)
(-1.75752 -5.24894 0.392)
(1.73276 -5.25699 0.141677)
(1.70079 -5.41464 0.292411)
(1.60887 -5.24737 0.242105)
(1.86141 -5.25494 0.27767)
(1.73721 -5.13029 0.270611)
(1.75752 -5.24894 0.392)
(2.30274 -5.24942 0.137187)
(2.30649 -5.37701 0.301086)
(2.15071 -5.25063 0.280772)
(2.29581 -5.12231 0.292638)
(-2.27514 -4.74763 0.131435)
(-2.28191 -4.87511 0.280831)
(-2.13817 -4.74909 0.261589)
(-2.28439 -4.6195 0.249722)
(-1.73587 -4.88143 0.277136)
(-1.87293 -4.75223 0.278016)
(-1.60418 -4.75707 0.273974)
(-1.73976 -4.63103 0.276695)
(-1.74121 -4.75312 0.406685)
(-1.3948 -4.75403 0.245908)
(1.3948 -4.75403 0.245908)
(1.73588 -4.88146 0.277135)
(1.60419 -4.75712 0.273971)
(1.87294 -4.75224 0.278016)
(1.73977 -4.63109 0.276692)
(1.74121 -4.75312 0.406685)
(2.27514 -4.74763 0.131435)
(2.28191 -4.87511 0.280831)
(2.13818 -4.74909 0.261589)
(2.28439 -4.6195 0.249722)
(-2.24544 -4.26422 0.115192)
(-2.22762 -4.3735 0.246964)
(-2.1616 -4.24728 0.289803)
(-1.75075 -4.37953 0.272797)
(-1.89408 -4.24809 0.268039)
(-1.61707 -4.25707 0.268689)
(-1.7616 -4.12539 0.264605)
(-1.75841 -4.25413 0.402193)
(-1.23644 -4.25508 0.123558)
(-1.29078 -4.36631 0.240792)
(-1.35326 -4.25782 0.257568)
(-1.21759 -4.15887 0.246627)
(-1.2729 -4.24693 0.370827)
(1.23644 -4.25508 0.123558)
(1.29078 -4.36631 0.240792)
(1.35325 -4.2578 0.257532)
(1.21759 -4.15887 0.246627)
(1.2729 -4.24693 0.370827)
(1.75088 -4.3795 0.272804)
(1.61698 -4.25708 0.268609)
(1.89409 -4.24808 0.268035)
(1.76161 -4.12539 0.264618)
(1.75859 -4.25408 0.402159)
(2.24544 -4.26422 0.115192)
(2.22762 -4.3735 0.246964)
(2.1616 -4.24728 0.289803)
(-1.774 -3.74486 0.118628)
(-1.77399 -3.8715 0.257194)
(-1.90686 -3.74499 0.252028)
(-1.77589 -3.623 0.250366)
(-1.77823 -3.74919 0.384306)
(-1.21892 -3.75776 0.119717)
(-1.21547 -3.88104 0.250868)
(-1.06548 -3.78143 0.246188)
(-1.22433 -3.63095 0.250476)
(-1.21837 -3.75978 0.384604)
(1.21891 -3.75777 0.119735)
(1.21547 -3.88104 0.250871)
(1.06548 -3.78143 0.246188)
(1.22433 -3.63095 0.250478)
(1.21837 -3.75978 0.384605)
(1.774 -3.74486 0.118628)
(1.77398 -3.8715 0.257195)
(1.90686 -3.74499 0.252028)
(1.77589 -3.623 0.250366)
(1.77823 -3.74919 0.384306)
(-1.77173 -3.24741 0.113066)
(-1.7685 -3.37357 0.24837)
(-1.88426 -3.24915 0.249594)
(-1.77144 -3.12342 0.247379)
(-1.76695 -3.24933 0.380167)
(-1.22281 -3.25407 0.110171)
(-1.22629 -3.3785 0.247786)
(-1.09619 -3.25321 0.248213)
(-1.22641 -3.13032 0.246247)
(-1.22682 -3.25474 0.379087)
(1.22281 -3.25407 0.110177)
(1.22629 -3.3785 0.247791)
(1.09619 -3.25321 0.24822)
(1.22642 -3.13029 0.246293)
(1.22683 -3.25472 0.379118)
(1.77173 -3.24741 0.113066)
(1.7685 -3.37357 0.24837)
(1.88426 -3.24915 0.249594)
(1.77144 -3.12342 0.24738)
(1.76695 -3.24933 0.380168)
(-1.78663 -2.75036 0.118438)
(-1.78228 -2.87452 0.24497)
(-1.93921 -2.75353 0.213982)
(-1.77476 -2.62518 0.245151)
(-1.76813 -2.75075 0.376303)
(-1.23212 -2.87958 0.245414)
(-1.10469 -2.75389 0.247438)
(-1.23442 -2.75396 0.378021)
(-0.853556 -2.75641 0.250468)
(0.853556 -2.75641 0.250468)
(1.23216 -2.87951 0.245592)
(1.10472 -2.75385 0.247574)
(1.2345 -2.75384 0.378351)
(1.78663 -2.75036 0.118438)
(1.78228 -2.87452 0.244971)
(1.93921 -2.75353 0.213982)
(1.77476 -2.62518 0.245151)
(1.76813 -2.75075 0.376305)
(-1.77715 -2.25045 0.103519)
(-1.76092 -2.37542 0.240839)
(-1.87578 -2.25009 0.23898)
(-1.76046 -2.12522 0.23782)
(-1.75154 -2.2505 0.373445)
(-0.728145 -2.25088 0.125544)
(-0.760232 -2.37317 0.249214)
(-0.844308 -2.25175 0.249967)
(-0.702842 -2.13547 0.250007)
(-0.742684 -2.24971 0.3738)
(0.728145 -2.25088 0.125544)
(0.760232 -2.37317 0.249214)
(0.844308 -2.25175 0.249967)
(0.702842 -2.13547 0.250007)
(0.742684 -2.24971 0.3738)
(1.77713 -2.25045 0.103497)
(1.76092 -2.37542 0.240833)
(1.87578 -2.25009 0.238977)
(1.76046 -2.12522 0.237815)
(1.75153 -2.2505 0.373442)
(-1.77825 -1.74601 0.114685)
(-1.76476 -1.87446 0.240311)
(-1.93974 -1.71638 0.21058)
(-1.77859 -1.62393 0.244761)
(-1.76051 -1.74945 0.372733)
(-0.725424 -1.75406 0.122529)
(-0.72617 -1.87891 0.250203)
(-0.85518 -1.75406 0.249738)
(-0.611095 -1.75497 0.250386)
(-0.729959 -1.63099 0.250468)
(-0.732758 -1.75316 0.377378)
(0.725424 -1.75406 0.122529)
(0.72617 -1.87891 0.250203)
(0.611095 -1.75497 0.250386)
(0.855181 -1.75406 0.249737)
(0.729959 -1.63099 0.250468)
(0.732758 -1.75316 0.377377)
(1.77825 -1.74601 0.114685)
(1.76476 -1.87446 0.240311)
(1.93974 -1.71638 0.21058)
(1.77859 -1.62393 0.24476)
(1.7605 -1.74945 0.372733)
(-1.77831 -1.24944 0.121451)
(-1.77585 -1.37425 0.245442)
(-1.92328 -1.25216 0.222237)
(-1.77761 -1.12391 0.244729)
(-1.76688 -1.24924 0.372639)
(-0.731681 -1.25395 0.12165)
(-0.732482 -1.3793 0.250689)
(-0.60339 -1.25336 0.250321)
(-0.730354 -1.13011 0.250282)
(-0.728385 -1.25507 0.379787)
(0.731681 -1.25395 0.12165)
(0.732482 -1.3793 0.250689)
(0.60339 -1.25336 0.25032)
(0.730354 -1.13011 0.250282)
(0.728385 -1.25507 0.379787)
(1.77831 -1.24944 0.121448)
(1.77585 -1.37425 0.24544)
(1.92328 -1.25216 0.222237)
(1.77761 -1.12391 0.244724)
(1.76689 -1.24924 0.372626)
(-1.77665 -0.747752 0.116374)
(-1.78475 -0.872495 0.241772)
(-1.90062 -0.747779 0.240208)
(-1.65254 -0.747324 0.243562)
(-1.78111 -0.62081 0.242756)
(-1.79469 -0.746057 0.368825)
(-0.308921 -0.790226 0.249747)
(-0.248066 -0.620292 0.250415)
(0.308921 -0.790226 0.249747)
(0.248066 -0.620292 0.250415)
(1.77665 -0.747752 0.116374)
(1.78475 -0.872494 0.24177)
(1.65253 -0.747324 0.24356)
(1.90062 -0.747779 0.240208)
(1.78111 -0.62081 0.242756)
(1.79469 -0.746057 0.368824)
(-1.79248 -0.247666 0.120752)
(-1.77167 -0.372014 0.245978)
(-1.82782 -0.262581 0.262264)
(-1.65129 -0.245594 0.245153)
(-1.79547 -0.121047 0.250077)
(-1.76823 -0.246051 0.372943)
(-0.244213 -0.268798 0.124877)
(-0.24261 -0.392137 0.251477)
(-0.122739 -0.271919 0.251461)
(-0.244579 -0.264825 0.378015)
(0.24421 -0.268798 0.124877)
(0.242608 -0.392137 0.251477)
(0.122721 -0.271919 0.251462)
(0.244532 -0.264825 0.378016)
(1.79248 -0.247666 0.120752)
(1.77167 -0.372014 0.245978)
(1.65129 -0.245594 0.245154)
(1.82782 -0.262581 0.262264)
(1.79547 -0.121047 0.250077)
(1.76823 -0.246051 0.372943)
(-1.72954 0.248521 0.133873)
(-1.75206 0.125201 0.250113)
(-1.63679 0.250556 0.249066)
(-1.72797 0.374556 0.25148)
(-1.74721 0.250005 0.374948)
(-1.25882 0.250695 0.122475)
(-1.13024 0.250353 0.249628)
(-1.25718 0.375699 0.248785)
(1.25882 0.250694 0.122468)
(1.13024 0.25035 0.249617)
(1.25718 0.375692 0.248761)
(1.72954 0.248521 0.133873)
(1.75206 0.125201 0.250113)
(1.63679 0.250555 0.249065)
(1.72797 0.374556 0.25148)
(1.74721 0.250005 0.374948)
(-1.70696 0.622652 0.257169)
(-1.6366 0.752146 0.244853)
(-1.7037 0.737289 0.367424)
(-1.26408 0.751743 0.120112)
(-1.26046 0.626187 0.247134)
(-1.13312 0.75097 0.248332)
(1.26412 0.751722 0.120089)
(1.26048 0.62616 0.247103)
(1.13313 0.750944 0.248291)
(1.70696 0.622652 0.257169)
(1.63675 0.751994 0.244847)
(1.7037 0.737289 0.367424)
(-1.65079 1.24912 0.251418)
(-1.27232 1.25424 0.116698)
(-1.40528 1.25337 0.246137)
(-1.27405 1.38111 0.244753)
(1.27232 1.25421 0.116635)
(1.40524 1.25333 0.246106)
(1.27388 1.38097 0.244578)
(1.65079 1.24912 0.251418)
(-1.27682 1.76541 0.11119)
(-1.27495 1.63606 0.242685)
(-1.3992 1.75829 0.244735)
(-1.27736 1.8931 0.23648)
(-1.27639 1.76181 0.371505)
(1.27607 1.76498 0.110415)
(1.27449 1.6359 0.242341)
(1.39792 1.75811 0.244483)
(1.27727 1.89308 0.236427)
(1.27596 1.76175 0.37123)
(-1.27504 2.1287 0.253516)
(-1.1565 2.28206 0.216876)
(-1.25695 2.2502 0.380572)
(-0.76498 2.26119 0.101111)
(-0.761925 2.13443 0.233355)
(-0.891049 2.25987 0.233027)
(-0.763179 2.38243 0.234048)
(0.764979 2.26119 0.101112)
(0.761921 2.13443 0.233358)
(0.891052 2.25987 0.233025)
(0.763176 2.38242 0.234054)
(1.27504 2.1287 0.253516)
(1.1565 2.28206 0.216876)
(1.25695 2.2502 0.380572)
(-0.756215 2.74923 0.117668)
(-0.757538 2.6264 0.241781)
(-0.878306 2.74984 0.247496)
(-0.633438 2.74951 0.237245)
(-0.760055 2.87276 0.23989)
(-0.757991 2.74998 0.370143)
(0.756208 2.74924 0.117677)
(0.757386 2.6263 0.241971)
(0.633411 2.74952 0.237288)
(0.878306 2.74984 0.247486)
(0.760052 2.87277 0.239892)
(0.757996 2.74999 0.370129)
(-3.24839 3.21477 0.0867663)
(-3.25281 3.09609 0.224728)
(-3.38788 3.2377 0.229301)
(-3.11248 3.21949 0.234168)
(-3.26007 3.36741 0.233162)
(-3.24382 3.22891 0.364822)
(-1.14098 3.25321 0.254741)
(-1.20185 3.38843 0.260556)
(-0.765504 3.2427 0.102477)
(-0.765185 3.11951 0.234214)
(-0.891797 3.24433 0.237636)
(-0.763101 3.36936 0.234382)
(0.765504 3.2427 0.102477)
(0.765185 3.11951 0.234214)
(0.891797 3.24433 0.237636)
(0.763101 3.36936 0.234382)
(1.14098 3.25321 0.254741)
(1.20185 3.38843 0.260556)
(3.24839 3.21477 0.0867663)
(3.25281 3.09609 0.224728)
(3.11248 3.21947 0.234157)
(3.38788 3.23772 0.229321)
(3.25907 3.36667 0.233474)
(3.24272 3.22812 0.364891)
(-3.28682 3.75419 0.116909)
(-3.28034 3.64783 0.238684)
(-3.15622 3.77757 0.247856)
(-3.30079 3.80478 0.370467)
(-2.73298 3.73042 0.12551)
(-2.72229 3.60081 0.269823)
(-2.8762 3.74934 0.269097)
(-2.60139 3.73124 0.266445)
(-2.74827 3.87094 0.275869)
(-2.73762 3.7372 0.407571)
(-1.28527 3.74354 0.121998)
(-1.27753 3.61892 0.250679)
(-1.15608 3.74135 0.243998)
(-1.27766 3.86866 0.245669)
(-1.32418 3.71201 0.375518)
(1.28527 3.74354 0.121998)
(1.27753 3.61892 0.250679)
(1.15608 3.74135 0.243999)
(1.27766 3.86866 0.245669)
(1.32418 3.71201 0.375518)
(2.73298 3.73042 0.125512)
(2.72229 3.60081 0.269823)
(2.60139 3.73124 0.266446)
(2.8762 3.74935 0.269098)
(2.74827 3.87094 0.275875)
(2.73762 3.7372 0.407571)
(3.28682 3.75419 0.116909)
(3.28035 3.64787 0.238706)
(3.15622 3.77758 0.247859)
(3.30079 3.80478 0.370467)
(-2.77487 4.26694 0.116278)
(-2.77468 4.14145 0.265146)
(-2.8996 4.27112 0.247244)
(-2.64421 4.26624 0.270923)
(-2.78995 4.40688 0.241886)
(-2.82495 4.3174 0.406097)
(-2.23593 4.23752 0.127367)
(-2.20874 4.08651 0.284445)
(-2.36261 4.23979 0.272916)
(-2.09096 4.21174 0.283381)
(-2.23931 4.36605 0.270838)
(-2.2039 4.20777 0.412224)
(-1.27554 4.24238 0.121592)
(-1.27888 4.1194 0.250363)
(-1.4321 4.2448 0.283919)
(-1.2768 4.3685 0.255405)
(-1.27608 4.24713 0.378476)
(1.27554 4.24238 0.121591)
(1.27888 4.1194 0.250363)
(1.4321 4.2448 0.283919)
(1.2768 4.3685 0.255404)
(1.27608 4.24713 0.378476)
(2.23594 4.23753 0.127371)
(2.20874 4.08651 0.284445)
(2.09096 4.21174 0.283381)
(2.36261 4.23979 0.272926)
(2.23931 4.36605 0.27084)
(2.2039 4.20777 0.412224)
(2.77488 4.26696 0.116357)
(2.77469 4.14145 0.265181)
(2.64422 4.26626 0.271053)
(2.8996 4.27112 0.247244)
(2.78995 4.40688 0.241886)
(2.82495 4.3174 0.406097)
(-2.26563 4.75818 0.127424)
(-2.25337 4.62645 0.279224)
(-2.40344 4.77183 0.267193)
(-2.12573 4.74815 0.276449)
(-2.2775 4.89178 0.268934)
(-2.2602 4.75605 0.423079)
(-1.74706 4.74174 0.128114)
(-1.74973 4.60184 0.249485)
(-1.85904 4.73291 0.26672)
(-1.62433 4.75124 0.250212)
(-1.75066 4.86693 0.258878)
(-1.74851 4.71589 0.40687)
(1.74706 4.74173 0.128113)
(1.74973 4.60184 0.249485)
(1.62433 4.75124 0.250212)
(1.85904 4.73291 0.266718)
(1.75066 4.86693 0.258875)
(1.74851 4.71589 0.40687)
(2.26565 4.7582 0.127419)
(2.25337 4.62645 0.279224)
(2.12575 4.74816 0.276442)
(2.40344 4.77183 0.267193)
(2.2775 4.89179 0.268933)
(2.2602 4.75605 0.423079)
(-2.26859 5.24359 0.129359)
(-2.30742 5.16689 0.257372)
(-2.14896 5.26074 0.252871)
(-2.22586 5.2461 0.369413)
(-1.76358 5.26446 0.121602)
(-1.76025 5.12905 0.2594)
(-1.89367 5.26584 0.256973)
(-1.63463 5.26261 0.257613)
(-1.76724 5.39941 0.256694)
(-1.76613 5.26201 0.395137)
(-0.876143 5.26098 0.255041)
(-0.752558 5.38666 0.256539)
(-0.751173 5.26113 0.382597)
(0.876142 5.26098 0.255041)
(0.752558 5.38666 0.256539)
(0.751173 5.26113 0.382597)
(1.76357 5.26446 0.12161)
(1.76022 5.12906 0.259308)
(1.63463 5.2626 0.257605)
(1.89367 5.26584 0.25697)
(1.76724 5.39941 0.256692)
(1.76613 5.26201 0.395138)
(2.26859 5.24359 0.129359)
(2.30742 5.16689 0.257372)
(2.14896 5.26074 0.252871)
(2.22586 5.2461 0.369413)
(-1.75246 5.66806 0.250262)
(-1.6136 5.70544 0.238611)
(-1.25613 5.69964 0.116618)
(-1.24511 5.66243 0.254698)
(-1.38418 5.70346 0.236687)
(-0.747475 5.76054 0.115928)
(-0.753374 5.6643 0.289821)
(-0.637401 5.74529 0.254447)
(-0.259439 5.76126 0.123899)
(-0.38531 5.76027 0.254896)
(-0.262286 5.87931 0.253768)
(-0.259275 5.75468 0.382607)
(0.259438 5.76126 0.123899)
(0.38531 5.76027 0.254896)
(0.262282 5.87931 0.253768)
(0.259273 5.75468 0.382607)
(0.747475 5.76054 0.115928)
(0.753374 5.6643 0.289821)
(0.637401 5.74529 0.254447)
(1.25613 5.69964 0.116618)
(1.24511 5.66243 0.254698)
(1.38418 5.70346 0.236687)
(1.75246 5.66806 0.250262)
(1.6136 5.70544 0.238611)
(-0.257699 6.25317 0.114507)
(-0.260029 6.12626 0.249848)
(-0.376171 6.25035 0.249531)
(-0.129966 6.25151 0.247882)
(-0.255334 6.37533 0.24841)
(-0.271093 6.24808 0.381587)
(0.257686 6.25317 0.114529)
(0.260017 6.12626 0.249842)
(0.129923 6.25151 0.247871)
(0.376168 6.25035 0.249526)
(0.255285 6.37536 0.248227)
(0.271083 6.24808 0.381577)
(-0.25962 6.7457 0.11136)
(-0.256455 6.62291 0.243679)
(-0.392889 6.74493 0.244173)
(-0.129696 6.74717 0.240103)
(-0.264514 6.86901 0.240564)
(-0.26074 6.74611 0.368212)
(0.259639 6.7457 0.111356)
(0.256449 6.62291 0.243696)
(0.12964 6.74717 0.240104)
(0.392888 6.74493 0.244173)
(0.26455 6.86901 0.240564)
(0.260678 6.74611 0.368213)
(-0.667906 7.2434 0.246449)
(-0.703721 7.38497 0.263229)
(-0.719067 7.26155 0.374988)
(-0.268683 7.24313 0.110765)
(-0.267659 7.11779 0.240485)
(-0.396719 7.24323 0.240712)
(0.268743 7.24313 0.110765)
(0.267777 7.11779 0.240485)
(0.396772 7.24323 0.240712)
(0.667906 7.2434 0.246449)
(0.703721 7.38497 0.263229)
(0.719067 7.26155 0.374988)
(-0.727849 7.62143 0.264244)
(-0.693752 7.78779 0.204471)
(-0.739366 7.74751 0.378925)
(0.727849 7.62143 0.264244)
(0.693752 7.78779 0.204471)
(0.739366 7.74751 0.378925)
(-0.290147 8.3208 0.0765537)
(-0.263584 8.15375 0.23654)
(-0.420899 8.31534 0.202906)
(-0.129795 8.28165 0.236864)
(-0.247212 8.41127 0.246752)
(-0.261106 8.28327 0.369359)
(0.290147 8.3208 0.0765537)
(0.26362 8.15375 0.23654)
(0.130076 8.28165 0.236864)
(0.420899 8.31534 0.202906)
(0.247212 8.41127 0.246752)
(0.261157 8.28327 0.369359)
(-2.2529 -8.08418 0.750444)
(2.2529 -8.08418 0.750444)
(-2.25788 -7.73196 0.637645)
(-2.25276 -7.8634 0.757579)
(-2.4219 -7.67463 0.799137)
(-2.12248 -7.71967 0.772195)
(-2.25589 -7.58451 0.789339)
(-2.29249 -7.69238 0.922579)
(-1.85302 -7.73198 0.751269)
(1.85302 -7.73198 0.751269)
(2.25788 -7.73196 0.637645)
(2.25276 -7.8634 0.757579)
(2.12248 -7.71967 0.772195)
(2.4219 -7.67463 0.799137)
(2.25589 -7.58451 0.789339)
(2.29249 -7.69238 0.922579)
(-1.74732 -4.24859 0.647023)
(1.74732 -4.24859 0.647023)
(-1.77652 -3.75194 0.63978)
(-1.74256 -3.87701 0.785319)
(-1.62959 -3.75637 0.774548)
(-1.77793 -3.62518 0.778781)
(-1.71534 -3.7383 0.837379)
(-1.22145 -3.75295 0.656126)
(-1.36025 -3.75504 0.785281)
(1.22145 -3.75295 0.656126)
(1.36025 -3.75504 0.785281)
(1.77652 -3.75194 0.63978)
(1.74256 -3.87701 0.785319)
(1.62959 -3.75637 0.774548)
(1.77793 -3.62518 0.778781)
(1.71534 -3.7383 0.837379)
(-1.75911 -3.24996 0.628257)
(-1.75797 -3.37499 0.757831)
(-1.62496 -3.25028 0.764314)
(-1.77169 -3.12497 0.77192)
(-1.22939 -3.25632 0.64058)
(-1.23478 -3.36907 0.765086)
(-1.36867 -3.25132 0.765403)
(-1.19952 -3.16649 0.800324)
(1.22939 -3.25629 0.640599)
(1.23478 -3.36907 0.765086)
(1.36867 -3.25131 0.76541)
(1.19952 -3.16649 0.800324)
(1.75911 -3.24996 0.628258)
(1.75797 -3.37499 0.757831)
(1.62496 -3.25027 0.764316)
(1.77169 -3.12497 0.77192)
(-1.777 -2.75411 0.64342)
(-1.79743 -2.88373 0.797752)
(-1.8665 -2.75622 0.753589)
(-1.64437 -2.75499 0.776284)
(-1.77873 -2.62821 0.766221)
(-1.75361 -2.75673 0.865756)
(-1.2352 -2.75614 0.642879)
(-1.23341 -2.88513 0.77724)
(-1.37221 -2.75536 0.771326)
(-1.1037 -2.75842 0.777815)
(-1.23973 -2.63025 0.774599)
(-1.21735 -2.78546 0.934)
(1.23539 -2.75591 0.643487)
(1.23346 -2.8848 0.777488)
(1.10359 -2.75838 0.777824)
(1.37226 -2.75528 0.771419)
(1.23978 -2.6302 0.774673)
(1.21735 -2.78546 0.934)
(1.777 -2.7541 0.643424)
(1.79743 -2.88373 0.797752)
(1.64437 -2.75498 0.776292)
(1.8665 -2.75622 0.753589)
(1.77873 -2.62821 0.766222)
(1.75361 -2.75673 0.865756)
(-1.77627 -2.25221 0.640491)
(-1.78338 -2.37812 0.765482)
(-1.91431 -2.24796 0.751343)
(-1.64475 -2.2543 0.778934)
(-1.77985 -2.12752 0.771449)
(-1.80893 -2.25897 0.92431)
(-1.23831 -2.37936 0.777274)
(-1.37218 -2.25489 0.784624)
(-1.10726 -2.25397 0.770223)
(-1.23955 -2.12896 0.775423)
(-1.23849 -2.25503 0.910103)
(-0.870627 -2.25149 0.75634)
(0.870627 -2.25149 0.75634)
(1.23832 -2.37935 0.777286)
(1.10726 -2.25397 0.770226)
(1.37218 -2.25489 0.784627)
(1.23954 -2.12896 0.775425)
(1.23849 -2.25503 0.910103)
(1.77627 -2.25221 0.640491)
(1.78338 -2.37812 0.765482)
(1.64475 -2.2543 0.778934)
(1.91431 -2.24796 0.751343)
(1.77985 -2.12752 0.771449)
(1.80893 -2.25897 0.92431)
(-1.76702 -1.7507 0.633957)
(-1.77754 -1.87798 0.766252)
(-1.93985 -1.75008 0.794064)
(-1.64375 -1.75164 0.765567)
(-1.78109 -1.62596 0.766739)
(-1.77813 -1.75099 0.885689)
(-1.23903 -1.87806 0.770118)
(-1.37363 -1.75183 0.763608)
(-1.11158 -1.75288 0.765878)
(-1.24368 -1.62688 0.763233)
(-1.2418 -1.75214 0.890097)
(-0.71157 -1.75759 0.656442)
(-0.820823 -1.78773 0.804393)
(-0.724562 -1.62507 0.758389)
(0.71157 -1.75759 0.656442)
(0.820823 -1.78773 0.804393)
(0.724562 -1.62507 0.758389)
(1.23904 -1.87806 0.770119)
(1.11158 -1.75288 0.765879)
(1.37365 -1.75183 0.76361)
(1.2437 -1.62688 0.763234)
(1.24181 -1.75214 0.890098)
(1.76702 -1.7507 0.633956)
(1.77754 -1.87798 0.766252)
(1.64375 -1.75164 0.765564)
(1.93985 -1.75008 0.794064)
(1.78109 -1.62596 0.766733)
(1.77813 -1.75099 0.885689)
(-1.7689 -1.24896 0.634789)
(-1.78311 -1.37329 0.768894)
(-1.94025 -1.248 0.798715)
(-1.64341 -1.24916 0.763884)
(-1.7781 -1.12349 0.765706)
(-1.77163 -1.24872 0.889603)
(-1.24423 -1.37689 0.764852)
(-1.376 -1.25075 0.761585)
(-1.11424 -1.25381 0.769564)
(-1.24695 -1.12664 0.762655)
(-1.2445 -1.25219 0.891162)
(-0.728043 -1.25656 0.638693)
(-0.700531 -1.41441 0.801468)
(-0.851786 -1.25802 0.774413)
(-0.604626 -1.24777 0.743982)
(-0.730298 -1.13228 0.766024)
(-0.748414 -1.24851 0.8959)
(0.728043 -1.25656 0.638693)
(0.700531 -1.41441 0.801468)
(0.604626 -1.24777 0.743982)
(0.851788 -1.25802 0.774413)
(0.730298 -1.13228 0.766026)
(0.748414 -1.24851 0.8959)
(1.24431 -1.37689 0.76485)
(1.11426 -1.25381 0.769559)
(1.3761 -1.25076 0.761524)
(1.24699 -1.12664 0.762625)
(1.24457 -1.25219 0.891154)
(1.76899 -1.24897 0.634638)
(1.78316 -1.3733 0.768807)
(1.64358 -1.2492 0.763552)
(1.94025 -1.248 0.798715)
(1.77866 -1.12357 0.764713)
(1.77199 -1.24877 0.888949)
(-1.79925 -0.745053 0.630756)
(-1.784 -0.871749 0.758473)
(-1.91585 -0.744014 0.753935)
(-1.65261 -0.746095 0.763616)
(-1.78797 -0.617145 0.761975)
(-1.77443 -0.74613 0.895001)
(-1.25046 -0.875633 0.761233)
(-1.38219 -0.749019 0.762547)
(-1.12298 -0.751226 0.762168)
(-1.25319 -0.624645 0.762795)
(-1.251 -0.750253 0.889106)
(-0.733298 -0.756341 0.638061)
(-0.73315 -0.881866 0.768628)
(-0.864344 -0.7544 0.768231)
(-0.603383 -0.758252 0.767557)
(-0.733945 -0.631333 0.77034)
(-0.735505 -0.756108 0.898396)
(-0.41595 -0.740649 0.73607)
(0.41595 -0.740649 0.73607)
(0.733303 -0.756339 0.638059)
(0.733152 -0.881866 0.768628)
(0.603386 -0.758251 0.76756)
(0.864346 -0.754399 0.768232)
(0.733957 -0.631326 0.770351)
(0.735505 -0.756107 0.898397)
(1.25047 -0.875634 0.761219)
(1.12298 -0.751226 0.762166)
(1.3822 -0.74902 0.762533)
(1.25319 -0.624645 0.762793)
(1.25101 -0.750253 0.889102)
(1.79926 -0.745054 0.630746)
(1.78404 -0.871755 0.758396)
(1.65263 -0.746097 0.763588)
(1.91585 -0.744014 0.753935)
(1.78797 -0.617145 0.761972)
(1.77443 -0.746131 0.894985)
(-1.81569 -0.212528 0.6604)
(-1.81244 -0.336934 0.801564)
(-1.66137 -0.241145 0.765885)
(-1.7764 -0.11493 0.750803)
(-1.73693 -0.246628 0.880024)
(-1.25627 -0.373551 0.765507)
(-1.39039 -0.245905 0.76767)
(-1.25931 -0.122643 0.767539)
(-1.25678 -0.248327 0.89492)
(-0.739473 -0.379445 0.770646)
(-0.871763 -0.251617 0.767107)
(-0.615007 -0.255204 0.766268)
(-0.746633 -0.127173 0.765693)
(-0.743834 -0.252618 0.895591)
(-0.247136 -0.257158 0.628112)
(-0.255643 -0.389717 0.739062)
(-0.361362 -0.259119 0.759735)
(-0.124951 -0.263043 0.757923)
(-0.249385 -0.133836 0.757484)
(-0.24469 -0.269912 0.895392)
(0.246936 -0.257158 0.628112)
(0.255643 -0.389717 0.739062)
(0.123763 -0.263043 0.757923)
(0.361299 -0.259119 0.759734)
(0.248817 -0.133837 0.757484)
(0.24469 -0.269912 0.895392)
(0.73949 -0.379437 0.770665)
(0.61501 -0.2552 0.766278)
(0.871765 -0.251616 0.767111)
(0.746629 -0.127173 0.765696)
(0.743836 -0.252616 0.895595)
(1.25627 -0.373551 0.765506)
(1.39039 -0.245906 0.767668)
(1.25931 -0.122644 0.767534)
(1.25678 -0.248327 0.894919)
(1.81569 -0.212528 0.6604)
(1.81244 -0.336934 0.801564)
(1.66137 -0.241145 0.765885)
(1.7764 -0.11493 0.750803)
(1.73693 -0.246628 0.880024)
(-1.72652 0.245015 0.614542)
(-1.71696 0.123458 0.74681)
(-1.66308 0.254579 0.78282)
(-1.26092 0.127442 0.768949)
(-1.39218 0.25351 0.768856)
(-1.2608 0.376794 0.765172)
(-1.26058 0.252231 0.896648)
(-0.750254 0.12383 0.76788)
(-0.626507 0.247678 0.766628)
(-0.751302 0.248672 0.9024)
(0.750242 0.123824 0.767888)
(0.626484 0.247664 0.766672)
(0.75128 0.248657 0.902431)
(1.2609 0.127434 0.768884)
(1.39214 0.253492 0.768743)
(1.26068 0.376728 0.764626)
(1.26053 0.252212 0.896486)
(1.72652 0.245015 0.614542)
(1.71696 0.123458 0.74681)
(1.66308 0.254579 0.78282)
(-1.62505 0.749771 0.737833)
(-1.26085 0.626246 0.763326)
(-1.39216 0.751757 0.762272)
(-1.13214 0.750825 0.766475)
(-1.26405 0.876668 0.768015)
(-1.25961 0.752335 0.901027)
(1.26045 0.625884 0.760115)
(1.13147 0.750368 0.762953)
(1.39146 0.751015 0.759113)
(1.2637 0.876211 0.764233)
(1.25746 0.750867 0.887298)
(1.62505 0.749766 0.737821)
(-1.27393 1.2533 0.638632)
(-1.27198 1.12696 0.771748)
(-1.40574 1.25452 0.779745)
(-1.13833 1.25154 0.765813)
(-1.26891 1.37929 0.767413)
(-1.26959 1.25228 0.901172)
(1.27343 1.25271 0.638393)
(1.2717 1.12665 0.771053)
(1.13795 1.25117 0.765467)
(1.40548 1.25397 0.779765)
(1.26782 1.37785 0.767237)
(1.26945 1.25213 0.901021)
(-1.27488 1.75781 0.631415)
(-1.27044 1.63113 0.76292)
(-1.41713 1.75237 0.781736)
(-1.14564 1.75552 0.759692)
(-1.28295 1.88551 0.761676)
(-1.27363 1.75391 0.883777)
(1.27277 1.75799 0.630253)
(1.26482 1.62878 0.757799)
(1.14365 1.75558 0.758945)
(1.41473 1.78317 0.783175)
(1.28139 1.88532 0.761189)
(1.26927 1.75499 0.885029)
(-1.28645 2.26704 0.633881)
(-1.30225 2.1348 0.754359)
(-1.14966 2.25616 0.75712)
(-1.2425 2.37668 0.749985)
(-1.24555 2.25295 0.867502)
(1.28645 2.26704 0.633881)
(1.30225 2.1348 0.754359)
(1.14966 2.25615 0.757142)
(1.2425 2.37668 0.749985)
(1.24555 2.25295 0.867502)
(-3.62175 2.73813 0.763251)
(-3.78538 2.82377 0.696467)
(-3.74968 2.70495 0.828289)
(-1.19073 2.74445 0.636309)
(-1.20959 2.62318 0.749825)
(-1.12732 2.75062 0.751398)
(-1.20249 2.87467 0.75307)
(-1.20423 2.74614 0.863482)
(1.19073 2.74445 0.636309)
(1.20959 2.62318 0.749825)
(1.12732 2.75062 0.751398)
(1.20249 2.87467 0.75307)
(1.20423 2.74614 0.863482)
(3.62175 2.73813 0.763251)
(3.78538 2.82377 0.696467)
(3.74968 2.70495 0.828289)
(-3.78903 3.24762 0.621569)
(-3.78675 3.13241 0.740177)
(-3.65826 3.27616 0.749521)
(-3.7917 3.29596 0.873691)
(-3.22969 3.24427 0.636095)
(-3.22131 3.10845 0.765601)
(-3.36535 3.25827 0.769191)
(-3.10278 3.24694 0.768702)
(-3.20956 3.41307 0.796061)
(-3.25689 3.24949 0.896999)
(-1.23736 3.25543 0.62941)
(-1.22305 3.12586 0.742597)
(-1.14795 3.24915 0.75533)
(-1.23621 3.37512 0.737754)
(1.23736 3.25543 0.62941)
(1.22305 3.12586 0.742597)
(1.14795 3.24915 0.75533)
(1.23621 3.37512 0.737754)
(3.22969 3.24426 0.636087)
(3.22131 3.10845 0.765602)
(3.10278 3.24694 0.768702)
(3.36546 3.25846 0.769265)
(3.20956 3.41307 0.796061)
(3.25689 3.24949 0.896999)
(3.78903 3.24762 0.621569)
(3.78675 3.13242 0.740176)
(3.6583 3.27618 0.749503)
(3.7917 3.29596 0.873691)
(-1.29744 3.75338 0.626968)
(-1.25833 3.6267 0.740215)
(-1.15781 3.74935 0.756571)
(-1.27616 3.87531 0.755685)
(-1.22001 3.7534 0.872098)
(1.29744 3.75338 0.626968)
(1.25833 3.6267 0.740215)
(1.15782 3.74935 0.756571)
(1.27616 3.87531 0.755685)
(1.22001 3.7534 0.872098)
(-1.29359 4.24117 0.662793)
(-1.27241 4.12644 0.759097)
(-1.14531 4.24667 0.755661)
(-1.3025 4.36507 0.759569)
(-1.2535 4.2487 0.880096)
(1.29359 4.24117 0.662793)
(1.27241 4.12644 0.759097)
(1.14531 4.24667 0.755661)
(1.3025 4.36507 0.759569)
(1.2535 4.2487 0.880096)
(-1.27273 4.74301 0.641005)
(-1.28233 4.6181 0.767373)
(-1.42758 4.73151 0.782503)
(-1.15057 4.74977 0.773727)
(-1.27438 4.8732 0.78237)
(-1.31613 4.74891 0.926192)
(-0.374621 4.75918 0.767563)
(-0.124405 4.75875 0.766769)
(-0.249209 4.88509 0.769071)
(-0.248759 4.75951 0.893458)
(0.124405 4.75875 0.766769)
(0.374621 4.75918 0.767564)
(0.249209 4.88509 0.769072)
(0.248759 4.75951 0.893458)
(1.27274 4.74295 0.64096)
(1.28233 4.61808 0.767367)
(1.15013 4.74986 0.773541)
(1.42758 4.73151 0.782503)
(1.27439 4.87318 0.782366)
(1.31613 4.74891 0.926192)
(-1.79791 5.25287 0.692738)
(-1.6179 5.25026 0.780388)
(-1.25422 5.26946 0.65776)
(-1.259 5.13252 0.786454)
(-1.38248 5.25982 0.789899)
(-1.12617 5.27702 0.790997)
(-1.25573 5.4224 0.82047)
(-1.25263 5.23995 0.904759)
(-0.750066 5.27192 0.643077)
(-0.751822 5.14378 0.782783)
(-0.876103 5.2825 0.785661)
(-0.624463 5.2742 0.781702)
(-0.744352 5.42977 0.780974)
(-0.758935 5.29568 0.93137)
(-0.249071 5.13828 0.777515)
(-0.375459 5.2676 0.781987)
(-0.11831 5.26922 0.777924)
(-0.247712 5.38549 0.778617)
(-0.251897 5.29741 0.939979)
(0.249071 5.13828 0.777515)
(0.11831 5.26922 0.777924)
(0.375459 5.2676 0.781987)
(0.247712 5.38549 0.778617)
(0.251897 5.29741 0.939979)
(0.750066 5.27192 0.643077)
(0.751822 5.14378 0.782787)
(0.624463 5.2742 0.781703)
(0.876103 5.2825 0.785662)
(0.744352 5.42977 0.780974)
(0.758935 5.29568 0.93137)
(1.25422 5.26946 0.65776)
(1.259 5.13252 0.786455)
(1.12617 5.27702 0.790997)
(1.38248 5.25982 0.7899)
(1.25573 5.4224 0.82047)
(1.25263 5.23995 0.904759)
(1.79791 5.25287 0.692738)
(1.6179 5.25026 0.780388)
(-0.251462 5.75608 0.653178)
(-0.239909 5.61903 0.711286)
(-0.112601 5.74002 0.689406)
(0.251462 5.75608 0.653178)
(0.239909 5.61903 0.711286)
(0.112601 5.74002 0.689406)
(-0.298592 6.22427 0.640551)
(0.298592 6.22427 0.640551)
(-0.635654 6.75426 0.740859)
(-0.252288 6.75257 0.635041)
(-0.34497 6.74207 0.758893)
(-0.245105 6.85063 0.754946)
(0.252288 6.75257 0.635041)
(0.34497 6.74207 0.758893)
(0.245105 6.85063 0.754946)
(0.635654 6.75426 0.740859)
(-0.727274 7.25421 0.625581)
(-0.703289 7.13993 0.740484)
(-0.634242 7.24864 0.75059)
(-0.709058 7.3755 0.736762)
(-0.250688 7.1094 0.755154)
(-0.125073 7.23779 0.753741)
(-0.25099 7.24149 0.869279)
(0.2516 7.1094 0.755168)
(0.127058 7.23778 0.753758)
(0.251235 7.24151 0.869221)
(0.727274 7.25421 0.625581)
(0.703289 7.13993 0.740484)
(0.634249 7.24864 0.750591)
(0.709058 7.3755 0.736762)
(-0.739562 7.74839 0.623368)
(-0.725481 7.62452 0.738084)
(-0.648254 7.75308 0.75545)
(-0.712876 7.86442 0.738653)
(0.739562 7.74839 0.623368)
(0.725481 7.62452 0.738084)
(0.648255 7.75307 0.75545)
(0.712876 7.86442 0.738653)
(-0.271621 8.28123 0.628017)
(-0.264848 8.14697 0.759049)
(-0.391183 8.27463 0.757725)
(-0.137908 8.27694 0.764291)
(-0.26086 8.42325 0.758914)
(-0.261106 8.27869 0.886325)
(0.271569 8.28123 0.628017)
(0.264675 8.14697 0.759044)
(0.137468 8.27694 0.764291)
(0.391166 8.27463 0.757725)
(0.26086 8.42325 0.758914)
(0.260962 8.27869 0.886324)
(-2.25014 -8.13991 1.24017)
(2.25014 -8.13991 1.24017)
(-2.24556 -7.78162 1.11601)
(-2.2577 -7.83711 1.24654)
(2.24556 -7.78162 1.11601)
(2.2577 -7.83711 1.24654)
(-1.70655 -1.74292 1.07977)
(-1.26262 -1.74619 1.08936)
(1.26262 -1.74619 1.08936)
(1.70655 -1.74292 1.07977)
(-1.25344 -1.24901 1.10362)
(1.25344 -1.24901 1.10362)
(-1.24771 -0.751006 1.12909)
(1.24771 -0.751006 1.12909)
(-1.25217 -0.250279 1.12749)
(-0.755671 -0.244536 1.1108)
(0.755671 -0.244536 1.1108)
(1.25217 -0.250279 1.12749)
(-1.23794 0.24993 1.11255)
(-0.750638 0.249351 1.15997)
(-0.25423 0.242144 1.15437)
(-0.243413 0.13535 1.21332)
(-0.370031 0.254766 1.22483)
(-0.124565 0.244892 1.27064)
(-0.257686 0.364735 1.29559)
(0.254238 0.242117 1.15442)
(0.243413 0.13535 1.21332)
(0.124565 0.244892 1.27064)
(0.370031 0.254766 1.22483)
(0.257733 0.364682 1.29571)
(0.750638 0.249351 1.15997)
(1.23794 0.24993 1.11255)
(-1.24179 0.747923 1.08626)
(-0.754152 0.748811 1.13987)
(-0.737699 0.63388 1.2065)
(-0.630212 0.748076 1.26332)
(-0.739473 0.875249 1.24039)
(-0.253518 0.747384 1.14863)
(-0.253936 0.621281 1.27396)
(-0.382287 0.74769 1.27302)
(-0.125825 0.748687 1.28085)
(-0.25177 0.873978 1.2831)
(-0.248669 0.750975 1.3769)
(0.253471 0.747223 1.14947)
(0.253847 0.620725 1.27571)
(0.125815 0.748639 1.28109)
(0.382198 0.747497 1.27414)
(0.251718 0.873993 1.28355)
(0.248669 0.750975 1.3769)
(0.754343 0.747595 1.14545)
(0.738231 0.633266 1.20831)
(0.630334 0.748031 1.26509)
(0.739473 0.875249 1.24039)
(1.23728 0.746229 1.08831)
(-0.757713 1.24958 1.15067)
(-0.749056 1.12638 1.25474)
(-0.868013 1.2516 1.21343)
(-0.675468 1.24997 1.29857)
(-0.757695 1.37567 1.27043)
(-0.253813 1.12211 1.28965)
(-0.379977 1.24877 1.28272)
(-0.13058 1.24647 1.28533)
(-0.262116 1.3743 1.2807)
(-0.262263 1.24025 1.42759)
(0.252639 1.12331 1.295)
(0.12581 1.24673 1.29578)
(0.378195 1.24972 1.28979)
(0.252255 1.37505 1.30327)
(0.255621 1.24989 1.42945)
(0.757674 1.24959 1.15076)
(0.749056 1.12638 1.25474)
(0.675425 1.24997 1.29858)
(0.868013 1.2516 1.21343)
(0.757695 1.37567 1.27043)
(-0.755436 1.74965 1.15098)
(-0.758996 1.62464 1.27934)
(-0.863375 1.75009 1.24064)
(-0.667751 1.74497 1.31485)
(-0.755692 1.87723 1.28459)
(-0.252229 1.62682 1.28852)
(-0.380717 1.7511 1.28574)
(-0.110474 1.75417 1.28853)
(-0.25107 1.87283 1.29333)
(-0.259465 1.75492 1.42206)
(0.256764 1.62749 1.30656)
(0.112105 1.75349 1.29407)
(0.381198 1.75117 1.28913)
(0.251406 1.87281 1.29508)
(0.260541 1.75445 1.42191)
(0.755409 1.74963 1.15096)
(0.758974 1.62464 1.27906)
(0.667751 1.74497 1.31485)
(0.863375 1.75009 1.24064)
(0.755692 1.87723 1.28459)
(-0.761311 2.24726 1.15186)
(-0.783191 2.12195 1.2934)
(-0.872467 2.2475 1.27394)
(-0.633025 2.24687 1.2729)
(-0.798202 2.33707 1.31736)
(-0.253348 2.12121 1.28881)
(-0.381319 2.2459 1.28201)
(-0.126561 2.24625 1.27465)
(-0.253635 2.37154 1.27316)
(-0.286835 2.21514 1.44525)
(0.253362 2.12121 1.28892)
(0.126597 2.24625 1.27468)
(0.381324 2.2459 1.28203)
(0.253676 2.37154 1.27317)
(0.286835 2.21514 1.44525)
(0.761274 2.24727 1.15185)
(0.783191 2.12195 1.2934)
(0.633023 2.24687 1.2729)
(0.872467 2.2475 1.27394)
(0.798202 2.33707 1.31736)
(-4.19712 2.77334 1.24612)
(-3.72923 2.71457 1.12554)
(-3.71382 2.58602 1.25076)
(-3.87178 2.74187 1.25743)
(-3.58159 2.73951 1.25442)
(-3.73289 2.88384 1.27754)
(-3.70618 2.74537 1.41495)
(-0.767772 2.7487 1.14523)
(-0.761912 2.62317 1.26602)
(-0.912746 2.7485 1.29196)
(-0.634262 2.74795 1.26769)
(-0.76907 2.87363 1.27225)
(-0.772173 2.75272 1.40002)
(-0.251913 2.62034 1.27494)
(-0.379129 2.74565 1.27475)
(-0.125179 2.74424 1.28014)
(-0.252306 2.87015 1.27701)
(-0.251975 2.7428 1.41265)
(0.25193 2.62034 1.27494)
(0.125198 2.74425 1.28014)
(0.379133 2.74565 1.27475)
(0.252312 2.87015 1.27701)
(0.251977 2.7428 1.41265)
(0.767771 2.7487 1.14523)
(0.761912 2.62317 1.26601)
(0.634262 2.74795 1.26769)
(0.912746 2.7485 1.29196)
(0.76907 2.87363 1.27225)
(0.772173 2.75272 1.40002)
(3.72923 2.71457 1.12554)
(3.71382 2.58602 1.25076)
(3.58159 2.73951 1.25442)
(3.87178 2.74187 1.25743)
(3.73289 2.88384 1.27754)
(3.70618 2.74537 1.41495)
(4.19712 2.77334 1.24612)
(-0.77644 3.24723 1.1488)
(-0.774838 3.12133 1.27833)
(-0.940467 3.2118 1.30833)
(-0.640081 3.24814 1.27821)
(-0.768498 3.37475 1.27467)
(-0.796414 3.24445 1.43008)
(-0.252916 3.12372 1.26719)
(-0.3807 3.25027 1.27007)
(-0.125917 3.25152 1.26532)
(-0.252102 3.37868 1.27044)
(-0.252383 3.25114 1.39129)
(0.252945 3.12372 1.26719)
(0.126046 3.25152 1.26532)
(0.380724 3.25027 1.27008)
(0.252214 3.37868 1.27044)
(0.252433 3.25114 1.39129)
(0.776405 3.24724 1.14882)
(0.774837 3.12133 1.27833)
(0.640082 3.24814 1.27823)
(0.940467 3.2118 1.30833)
(0.768519 3.3748 1.27493)
(0.796414 3.24445 1.43008)
(-1.11318 3.73265 1.25417)
(-0.764969 3.74821 1.13902)
(-0.761713 3.62248 1.26539)
(-0.900995 3.74093 1.26927)
(-0.628862 3.7515 1.2734)
(-0.760747 3.87936 1.27392)
(-0.761049 3.75012 1.39869)
(-0.249877 3.63085 1.27623)
(-0.37199 3.75359 1.2757)
(-0.124362 3.75541 1.2704)
(-0.247548 3.87995 1.2691)
(-0.247575 3.75501 1.39927)
(0.250012 3.63085 1.27623)
(0.124591 3.75541 1.2704)
(0.372023 3.75359 1.27571)
(0.247589 3.87995 1.2691)
(0.24763 3.75501 1.39927)
(0.764965 3.74821 1.13902)
(0.761713 3.62248 1.2654)
(0.628866 3.7515 1.2734)
(0.900995 3.74093 1.26927)
(0.760747 3.87936 1.27392)
(0.761049 3.75012 1.39869)
(1.11318 3.73265 1.25417)
(-1.12482 4.25969 1.25836)
(-0.756324 4.25716 1.14404)
(-0.756183 4.13585 1.27713)
(-0.882671 4.25744 1.28021)
(-0.625806 4.25858 1.26478)
(-0.752036 4.38393 1.26587)
(-0.751684 4.25482 1.4054)
(-0.248266 4.25595 1.13953)
(-0.247263 4.1312 1.26686)
(-0.372169 4.25817 1.26927)
(-0.124218 4.25301 1.25791)
(-0.242113 4.41253 1.29928)
(-0.249226 4.24659 1.36551)
(0.248272 4.25595 1.13953)
(0.247269 4.1312 1.26686)
(0.124246 4.25301 1.25791)
(0.372171 4.25817 1.26927)
(0.242113 4.41253 1.29928)
(0.249226 4.24659 1.36551)
(0.756323 4.25716 1.14404)
(0.756183 4.13585 1.27713)
(0.625806 4.25858 1.26478)
(0.882671 4.25744 1.28021)
(0.752035 4.38393 1.26587)
(0.751684 4.25482 1.4054)
(1.12482 4.25969 1.25836)
(-0.75021 4.80506 1.17822)
(-0.750243 4.61807 1.26092)
(-0.247824 4.75558 1.15636)
(-0.251457 4.61812 1.2161)
(0.247824 4.75558 1.15636)
(0.251457 4.61812 1.2161)
(0.75021 4.80506 1.17822)
(0.750243 4.61807 1.26092)
(-0.229014 6.87458 1.22975)
(0.229014 6.87458 1.22975)
(-0.591382 7.18948 1.20295)
(-0.239945 7.23521 1.11393)
(-0.247179 7.13742 1.24741)
(-0.428382 7.19078 1.19537)
(-0.155529 7.24709 1.25473)
(-0.248795 7.42148 1.24893)
(0.239945 7.23521 1.11393)
(0.247179 7.13742 1.24741)
(0.155529 7.24709 1.25473)
(0.428382 7.19078 1.19537)
(0.248795 7.42148 1.24893)
(0.591382 7.18948 1.20295)
(-0.26636 7.75633 1.14465)
(-0.264094 7.61634 1.27117)
(-0.431541 7.79111 1.30569)
(-0.133594 7.75788 1.27717)
(-0.265118 7.88759 1.27804)
(-0.296041 7.74644 1.4194)
(0.266396 7.75633 1.14466)
(0.264094 7.61634 1.27117)
(0.133742 7.75788 1.27717)
(0.431541 7.79111 1.30569)
(0.265168 7.88759 1.27804)
(0.296041 7.74644 1.4194)
(-0.258137 8.25279 1.12949)
(-0.25283 8.12694 1.25158)
(0.258137 8.25279 1.12949)
(0.25283 8.12694 1.25158)
(4.26257 2.44843 1.73633)
(-4.22059 2.667 1.70453)
(-0.24871 3.24888 1.61189)
(0.24871 3.24888 1.61189)
(-0.736813 3.7498 1.59666)
(0.736813 3.7498 1.59666)
(-0.750436 -0.00505927 -0.905818)
(-1.00579 0.242429 -0.896129)
(-1.01008 -0.136379 -0.798542)
(-1.13178 -0.00293997 -0.787101)
(-0.884921 -0.0114705 -0.785313)
(-1.01105 0.119571 -0.783407)
(-0.625376 0.262351 -0.978377)
(-0.495681 0.24481 -0.896533)
(-0.491707 -0.168374 -0.79916)
(-0.621986 -0.0117529 -0.785893)
(-0.325902 -0.0547679 -0.820075)
(-0.492099 0.112142 -0.783113)
(0.750436 -0.00505927 -0.905818)
(0.625376 0.262351 -0.978377)
(0.495681 0.24481 -0.896532)
(0.491707 -0.168374 -0.79916)
(0.325902 -0.0547679 -0.820075)
(0.621984 -0.0117526 -0.785891)
(0.492101 0.112142 -0.783112)
(1.00579 0.242429 -0.896129)
(1.01008 -0.136379 -0.798542)
(0.884925 -0.0114655 -0.785307)
(1.13178 -0.00293997 -0.787101)
(1.01105 0.11957 -0.783406)
(-0.746108 0.377412 -0.98454)
(-0.748973 0.622962 -0.999756)
(-0.752397 0.500035 -0.895332)
(-0.863681 0.738205 -0.955447)
(-0.992816 0.751139 -0.896642)
(-1.01996 0.371962 -0.784921)
(-1.18742 0.502836 -0.812546)
(-0.887361 0.499839 -0.777114)
(-1.01997 0.630222 -0.777964)
(-0.226156 0.502719 -0.905277)
(-0.625806 0.743247 -0.966116)
(-0.491349 0.783005 -0.934349)
(-0.492792 0.373043 -0.777364)
(-0.623986 0.500788 -0.774078)
(-0.361989 0.501481 -0.785476)
(-0.494506 0.629338 -0.776377)
(0.226156 0.502719 -0.905277)
(-7.48945e-18 0.372204 -0.739349)
(-0.0791673 0.498497 -0.78851)
(0.0791673 0.498497 -0.78851)
(-7.88936e-18 0.624995 -0.757697)
(0.746108 0.377412 -0.98454)
(0.748973 0.622962 -0.999756)
(0.752399 0.500034 -0.895329)
(0.625806 0.743247 -0.966116)
(0.491349 0.783005 -0.934349)
(0.492799 0.373043 -0.777354)
(0.362007 0.501482 -0.785443)
(0.623994 0.500789 -0.774064)
(0.494549 0.629335 -0.776299)
(0.863681 0.738205 -0.955447)
(0.992816 0.751139 -0.896642)
(1.01996 0.371963 -0.784922)
(0.887366 0.499842 -0.777115)
(1.18742 0.502836 -0.812546)
(1.01998 0.630236 -0.77798)
(-0.749761 0.990761 -0.876201)
(-1.00931 0.879169 -0.768597)
(-1.12004 0.996335 -0.744234)
(-0.879035 1.00808 -0.770163)
(-1.00058 1.12758 -0.75121)
(-0.497231 0.880729 -0.777473)
(-0.624393 1.00959 -0.771776)
(-0.339219 1.0359 -0.796072)
(-0.50439 1.16342 -0.785396)
(6.90304e-18 0.874831 -0.743824)
(-0.123652 0.998827 -0.739817)
(0.123663 0.998776 -0.737162)
(0.749749 0.990769 -0.875198)
(0.49743 0.880688 -0.77716)
(0.340698 1.0352 -0.794864)
(0.624463 1.00957 -0.77152)
(0.50439 1.16342 -0.785396)
(1.00944 0.879243 -0.768735)
(0.879069 1.00813 -0.770049)
(1.12148 0.997696 -0.745727)
(1.00058 1.12758 -0.75121)
(-2.23866 -7.8755 -0.501839)
(-2.25566 -8.01931 -0.402641)
(-2.48056 -8.10348 -0.240844)
(-2.39868 -8.02562 -0.268957)
(-2.54688 -7.87134 -0.275893)
(-2.13891 -7.76217 -0.451683)
(-2.02023 -7.74686 -0.372522)
(-2.02238 -8.12305 -0.258825)
(-2.10621 -8.03367 -0.26441)
(-1.93661 -7.86577 -0.275759)
(2.23866 -7.8755 -0.501839)
(2.25566 -8.01931 -0.402641)
(2.13891 -7.76217 -0.451683)
(2.02023 -7.74686 -0.372522)
(2.02238 -8.12305 -0.258825)
(2.10621 -8.03367 -0.26441)
(1.93661 -7.86577 -0.275759)
(2.48056 -8.10348 -0.240844)
(2.39868 -8.02562 -0.268957)
(2.54688 -7.87134 -0.275893)
(-2.25006 -7.50021 -0.407842)
(-2.50288 -7.62729 -0.235568)
(-2.42614 -7.46275 -0.298914)
(-1.97636 -7.62742 -0.242385)
(-2.07021 -7.46065 -0.293841)
(2.25006 -7.50021 -0.407842)
(1.97636 -7.62742 -0.242385)
(2.07021 -7.46065 -0.293841)
(2.50288 -7.62729 -0.235568)
(2.42614 -7.46275 -0.298914)
(-2.2465 -6.99839 -0.359045)
(-2.39688 -6.99903 -0.245448)
(-2.07826 -7.00991 -0.302557)
(-1.98709 -6.88864 -0.26284)
(2.2465 -6.99839 -0.359045)
(2.07826 -7.00991 -0.302557)
(1.98709 -6.88864 -0.26284)
(2.39688 -6.99903 -0.245448)
(-2.23796 -6.49991 -0.378848)
(-2.38424 -6.49972 -0.240042)
(-1.97558 -6.27124 -0.422674)
(-1.95062 -6.6327 -0.299977)
(-2.11614 -6.50259 -0.287142)
(-1.88247 -6.50857 -0.251031)
(-1.97245 -6.38644 -0.282365)
(2.23796 -6.49991 -0.378845)
(1.96986 -6.27161 -0.4161)
(1.95063 -6.63271 -0.29998)
(1.88252 -6.50889 -0.251004)
(2.1162 -6.50261 -0.286934)
(1.9742 -6.38613 -0.280444)
(2.38424 -6.49972 -0.240032)
(-2.25139 -6.00815 -0.414754)
(-2.38602 -6.0003 -0.236969)
(-1.77792 -5.99654 -0.365723)
(-2.1124 -5.74996 -0.497989)
(-1.87893 -5.75288 -0.535713)
(-2.00157 -5.75336 -0.403505)
(-1.98592 -6.13631 -0.29305)
(-2.14061 -6.00439 -0.278358)
(-1.85277 -6.01103 -0.269889)
(-1.99988 -5.88027 -0.268592)
(1.77854 -6.00111 -0.367535)
(2.26986 -5.99721 -0.397428)
(1.8789 -5.75282 -0.535729)
(2.11263 -5.75031 -0.497851)
(2.0016 -5.75317 -0.402492)
(1.99637 -6.13389 -0.287066)
(1.86112 -6.00833 -0.264338)
(2.13938 -6.00297 -0.268712)
(2.00091 -5.87956 -0.265345)
(2.38519 -6.00028 -0.237)
(-2.29413 -5.50575 -0.420838)
(-2.40375 -5.50001 -0.236025)
(-1.76024 -5.48884 -0.58166)
(-1.75109 -5.63278 -0.538676)
(-1.74305 -5.37861 -0.517905)
(-1.73521 -5.50931 -0.396483)
(-1.98754 -5.24966 -0.613009)
(-2.1578 -5.25127 -0.55925)
(-1.87515 -5.25134 -0.51846)
(-2.01312 -5.25186 -0.401127)
(-2.00754 -5.63019 -0.265571)
(-2.15373 -5.50354 -0.265924)
(-1.86964 -5.50675 -0.261356)
(-2.01441 -5.37855 -0.266051)
(-1.57595 -5.29031 -0.541904)
(-1.45706 -5.25588 -0.37937)
(-1.59836 -5.50885 -0.252714)
(-1.46402 -5.38016 -0.250221)
(1.76024 -5.48884 -0.58166)
(1.75109 -5.63278 -0.538676)
(1.74304 -5.37861 -0.517895)
(1.73488 -5.50936 -0.396198)
(1.57595 -5.29031 -0.541904)
(1.45706 -5.25588 -0.37937)
(1.59838 -5.50885 -0.252758)
(1.46402 -5.38016 -0.250221)
(2.29413 -5.50575 -0.420838)
(1.98754 -5.24966 -0.613009)
(1.87519 -5.25134 -0.518481)
(2.1578 -5.25127 -0.55925)
(2.01388 -5.25184 -0.401733)
(2.00764 -5.63008 -0.265135)
(1.86984 -5.50669 -0.261387)
(2.15375 -5.50352 -0.265784)
(2.01443 -5.37854 -0.266028)
(2.40375 -5.50001 -0.236025)
(-2.30784 -4.99817 -0.432877)
(-2.40072 -5.00147 -0.257874)
(-1.75085 -4.99992 -0.638809)
(-1.74575 -5.12614 -0.524886)
(-1.74835 -4.87442 -0.525067)
(-1.74205 -5.00133 -0.394803)
(-1.99073 -4.75531 -0.592066)
(-2.12169 -4.74634 -0.532604)
(-1.88121 -4.74572 -0.532175)
(-2.01508 -4.74321 -0.403641)
(-2.01897 -5.12548 -0.269538)
(-2.15918 -4.99833 -0.271854)
(-2.01807 -4.8717 -0.268218)
(-1.61741 -4.74869 -0.520829)
(-1.47311 -4.75078 -0.384717)
(-1.4649 -5.12922 -0.258381)
(-1.59819 -5.00357 -0.258992)
(-1.34902 -4.99738 -0.245816)
(-1.46065 -4.87771 -0.255163)
(1.75085 -4.99992 -0.638809)
(1.74576 -5.12615 -0.52489)
(1.74835 -4.87444 -0.525069)
(1.74207 -5.0014 -0.394813)
(1.61741 -4.74872 -0.520831)
(1.47316 -4.75109 -0.38473)
(1.46491 -5.12925 -0.258383)
(1.34902 -4.99738 -0.245816)
(1.59823 -5.00381 -0.259006)
(1.46074 -4.87832 -0.255189)
(2.30784 -4.99817 -0.432877)
(1.99073 -4.75531 -0.592066)
(1.88121 -4.74573 -0.532176)
(2.12169 -4.74634 -0.532604)
(2.01508 -4.74323 -0.403643)
(2.01896 -5.12549 -0.269557)
(2.1592 -4.99833 -0.271832)
(2.01808 -4.87173 -0.268222)
(2.40072 -5.00147 -0.257874)
(-1.74928 -4.61953 -0.528559)
(-1.74884 -4.37094 -0.537527)
(-1.7489 -4.49175 -0.411238)
(-1.87026 -4.25438 -0.473931)
(-2.00279 -4.24163 -0.411602)
(-2.01904 -4.61583 -0.271865)
(-2.15368 -4.4884 -0.268375)
(-1.88571 -4.49085 -0.277549)
(-2.02592 -4.36007 -0.274044)
(-1.62781 -4.25321 -0.501126)
(-1.46119 -4.21219 -0.42906)
(-1.47259 -4.62661 -0.267918)
(-1.61309 -4.49599 -0.275455)
(-1.32602 -4.50048 -0.299543)
(-1.48022 -4.37438 -0.272308)
(1.74929 -4.61954 -0.528559)
(1.74884 -4.37094 -0.537527)
(1.7489 -4.49179 -0.41124)
(1.62781 -4.25321 -0.501126)
(1.46119 -4.21219 -0.42906)
(1.47274 -4.62755 -0.267951)
(1.32602 -4.50048 -0.299543)
(1.61313 -4.49621 -0.275459)
(1.48024 -4.37449 -0.272307)
(1.87026 -4.25438 -0.473931)
(2.00279 -4.24163 -0.411602)
(2.01904 -4.61586 -0.271866)
(1.88572 -4.49089 -0.277551)
(2.15368 -4.4884 -0.268375)
(2.02592 -4.36007 -0.274044)
(-1.7458 -4.13348 -0.470237)
(-1.75561 -3.98956 -0.420246)
(-2.04509 -4.08308 -0.298652)
(-1.93774 -3.94562 -0.312381)
(-1.98313 -3.87809 -0.232356)
(-1.51179 -3.75041 -0.371353)
(-1.48154 -4.12271 -0.27511)
(-1.62496 -3.99258 -0.280764)
(-1.33365 -3.99984 -0.291715)
(-1.49231 -3.87303 -0.280354)
(1.7458 -4.13348 -0.470237)
(1.75561 -3.98956 -0.420246)
(1.51179 -3.75041 -0.371353)
(1.48119 -4.12285 -0.274874)
(1.33365 -3.99984 -0.291715)
(1.62507 -3.99255 -0.280775)
(1.49228 -3.87303 -0.280345)
(2.04509 -4.08308 -0.298652)
(1.93774 -3.94562 -0.312381)
(1.98313 -3.87809 -0.232356)
(-1.49916 -3.62258 -0.272279)
(-1.6677 -3.49215 -0.305457)
(-1.33887 -3.49915 -0.289734)
(-1.50387 -3.35524 -0.322131)
(1.49914 -3.62258 -0.272275)
(1.33887 -3.49915 -0.289734)
(1.6677 -3.49215 -0.305457)
(1.50387 -3.35524 -0.322131)
(-1.49215 -2.73629 -0.325749)
(-1.51051 -3.12697 -0.308328)
(-1.61172 -3.00221 -0.286981)
(-1.3582 -3.00276 -0.311758)
(-1.50131 -2.89538 -0.314095)
(1.49215 -2.73629 -0.325749)
(1.51051 -3.12697 -0.308328)
(1.3582 -3.00276 -0.311758)
(1.61172 -3.00221 -0.286981)
(1.50131 -2.89538 -0.314095)
(-1.25712 -2.49535 -0.332615)
(-1.48719 -2.25038 -0.37876)
(-1.50255 -2.62573 -0.255491)
(-1.65207 -2.5001 -0.277867)
(-1.37274 -2.50148 -0.262774)
(-1.50559 -2.37552 -0.264701)
(-1.00429 -2.62859 -0.22914)
(-1.11458 -2.50857 -0.289084)
(-1.00087 -2.38283 -0.287596)
(1.25712 -2.49535 -0.332615)
(1.00429 -2.62859 -0.22914)
(1.11458 -2.50857 -0.289084)
(1.00087 -2.38283 -0.287596)
(1.48719 -2.25038 -0.37876)
(1.50255 -2.62573 -0.25549)
(1.37274 -2.50148 -0.262772)
(1.65207 -2.5001 -0.277867)
(1.50557 -2.37552 -0.264696)
(-1.25326 -1.86155 -0.467823)
(-1.25656 -2.02971 -0.439652)
(-1.36343 -1.74854 -0.477877)
(-1.54134 -1.75007 -0.413383)
(-1.50899 -2.12787 -0.284079)
(-1.68438 -2.00695 -0.306806)
(-1.38075 -2.00473 -0.281094)
(-1.51919 -1.87699 -0.27312)
(-1.13562 -1.74418 -0.476611)
(-0.960957 -1.75203 -0.411202)
(-0.954832 -2.1627 -0.302034)
(-1.11538 -2.00714 -0.277359)
(-0.838491 -2.00601 -0.251681)
(-0.983847 -1.88097 -0.273101)
(1.25326 -1.86155 -0.467823)
(1.25656 -2.02971 -0.439652)
(1.13562 -1.74418 -0.476611)
(0.960957 -1.75203 -0.411202)
(0.954832 -2.1627 -0.302034)
(0.838491 -2.00601 -0.251681)
(1.11538 -2.00714 -0.277359)
(0.983847 -1.88097 -0.273101)
(1.36343 -1.74854 -0.477877)
(1.54134 -1.75007 -0.413383)
(1.50898 -2.12787 -0.284072)
(1.38075 -2.00473 -0.281091)
(1.68438 -2.00695 -0.306806)
(1.51919 -1.87699 -0.273119)
(-1.24966 -1.62477 -0.503048)
(-1.2502 -1.37552 -0.531582)
(-1.25043 -1.5006 -0.40748)
(-1.37456 -1.25015 -0.527323)
(-1.50119 -1.25019 -0.383419)
(-1.51609 -1.62616 -0.270003)
(-1.64537 -1.50166 -0.261406)
(-1.38174 -1.50104 -0.275336)
(-1.51232 -1.37558 -0.264283)
(-1.12482 -1.25555 -0.558805)
(-0.878471 -1.25271 -0.477426)
(-0.992183 -1.25262 -0.412309)
(-0.985454 -1.62995 -0.271666)
(-1.12022 -1.50173 -0.277535)
(-0.857649 -1.50282 -0.267971)
(-0.987932 -1.37761 -0.274739)
(1.24966 -1.62477 -0.503048)
(1.2502 -1.37552 -0.531582)
(1.25043 -1.5006 -0.407481)
(0.878471 -1.25271 -0.477426)
(1.12482 -1.25555 -0.558805)
(0.992183 -1.25262 -0.412309)
(0.985454 -1.62995 -0.271666)
(0.857649 -1.50282 -0.267971)
(1.12022 -1.50173 -0.277535)
(0.987932 -1.37761 -0.274739)
(1.37456 -1.25015 -0.527323)
(1.50119 -1.25019 -0.383427)
(1.51609 -1.62616 -0.270004)
(1.38174 -1.50104 -0.275338)
(1.64536 -1.50166 -0.261407)
(1.51232 -1.37558 -0.264295)
(-1.24756 -1.12085 -0.561027)
(-1.2783 -0.876693 -0.56981)
(-1.25199 -1.00148 -0.41128)
(-1.38111 -0.752273 -0.530022)
(-1.56107 -0.711267 -0.431944)
(-1.5073 -1.12491 -0.259802)
(-1.63378 -0.999676 -0.25162)
(-1.37948 -1.0002 -0.273791)
(-1.51283 -0.873527 -0.267214)
(-0.747769 -0.878981 -0.484879)
(-0.701537 -1.0051 -0.417174)
(-1.00483 -0.744404 -0.612969)
(-1.12829 -0.750594 -0.518378)
(-0.838345 -0.788949 -0.551533)
(-0.995904 -0.754637 -0.397967)
(-0.99113 -1.12858 -0.274212)
(-1.12251 -1.00223 -0.276541)
(-0.861816 -1.00402 -0.269135)
(-0.993067 -0.879206 -0.272595)
(-0.630164 -0.744875 -0.471707)
(-0.501241 -0.753348 -0.37077)
(-0.579375 -1.03592 -0.282235)
(-0.497512 -0.876618 -0.245638)
(0.747769 -0.878981 -0.484879)
(0.701537 -1.0051 -0.417174)
(0.630164 -0.744875 -0.471707)
(0.501241 -0.753348 -0.37077)
(0.579375 -1.03592 -0.282235)
(0.497512 -0.876618 -0.245638)
(1.24756 -1.12085 -0.561027)
(1.2783 -0.876693 -0.56981)
(1.25198 -1.00147 -0.411291)
(1.00483 -0.744404 -0.612969)
(0.838345 -0.788949 -0.551533)
(1.12829 -0.750594 -0.518379)
(0.995907 -0.754636 -0.397969)
(0.991129 -1.12858 -0.274215)
(0.861816 -1.00402 -0.269135)
(1.1225 -1.00223 -0.276554)
(0.99307 -0.879205 -0.272599)
(1.38111 -0.752273 -0.530022)
(1.56107 -0.711267 -0.431944)
(1.50723 -1.12488 -0.259958)
(1.37943 -1.00017 -0.273914)
(1.63304 -0.999375 -0.253311)
(1.51277 -0.873501 -0.267354)
(-1.28879 -0.626792 -0.557628)
(-1.30199 -0.421227 -0.572511)
(-1.26328 -0.501744 -0.404964)
(-1.41798 -0.249828 -0.542446)
(-1.53816 -0.250133 -0.411253)
(-1.52698 -0.620123 -0.278141)
(-1.67178 -0.493296 -0.28019)
(-1.39308 -0.49911 -0.274063)
(-1.51941 -0.374472 -0.264664)
(-0.746818 -0.516445 -0.63621)
(-0.711154 -0.665984 -0.56049)
(-0.742397 -0.39154 -0.531721)
(-0.740998 -0.51177 -0.398169)
(-1.0075 -0.257978 -0.656546)
(-1.139 -0.258352 -0.528416)
(-0.878717 -0.2623 -0.53108)
(-0.999097 -0.629249 -0.270015)
(-1.13222 -0.502885 -0.271557)
(-0.871264 -0.507482 -0.269319)
(-0.237974 -0.388855 -0.51213)
(-0.264593 -0.487485 -0.364116)
(-0.45368 -0.308623 -0.686085)
(-0.616453 -0.265648 -0.5234)
(-0.354143 -0.267786 -0.517955)
(-0.488003 -0.263468 -0.389799)
(-0.488139 -0.634769 -0.256604)
(-0.61393 -0.510313 -0.262531)
(-0.366415 -0.509351 -0.253025)
(-0.489461 -0.38554 -0.258399)
(0.237974 -0.388855 -0.51213)
(0.264593 -0.487485 -0.364116)
(-0.132514 -0.243624 -0.492601)
(0.132514 -0.243624 -0.492601)
(0.0106008 -0.220378 -0.393457)
(0.746818 -0.516445 -0.63621)
(0.711154 -0.665984 -0.56049)
(0.742396 -0.39154 -0.53172)
(0.740999 -0.51177 -0.398169)
(0.45368 -0.308623 -0.686085)
(0.354147 -0.267786 -0.517955)
(0.616452 -0.265648 -0.523399)
(0.488006 -0.263468 -0.389799)
(0.488139 -0.634769 -0.256604)
(0.366416 -0.509351 -0.253025)
(0.61393 -0.510313 -0.262531)
(0.489463 -0.38554 -0.258399)
(1.28879 -0.626792 -0.557628)
(1.30199 -0.421227 -0.572511)
(1.2633 -0.501741 -0.404968)
(1.0075 -0.257978 -0.656545)
(0.87872 -0.262297 -0.531078)
(1.139 -0.258352 -0.528416)
(0.999107 -0.629246 -0.270021)
(0.871267 -0.507482 -0.269321)
(1.13224 -0.502882 -0.271566)
(1.41798 -0.249828 -0.542446)
(1.53816 -0.250133 -0.411253)
(1.52682 -0.620161 -0.278308)
(1.39318 -0.499075 -0.274093)
(1.67178 -0.493296 -0.28019)
(1.51941 -0.374471 -0.26466)
(-1.29534 -0.0107679 -0.683931)
(-1.27419 -0.129122 -0.529285)
(-1.27953 0.121641 -0.530797)
(-1.27576 -0.00194994 -0.399013)
(-1.43024 0.252815 -0.547369)
(-1.53493 0.248873 -0.377035)
(-1.52309 -0.124148 -0.262)
(-1.62463 0.000280466 -0.243545)
(-1.39769 0.000226174 -0.265361)
(-1.52217 0.126492 -0.259413)
(-0.751514 -0.0102487 -0.654871)
(-0.748947 -0.13776 -0.526874)
(-1.01689 0.245627 -0.654261)
(-1.14728 0.247502 -0.525728)
(-0.229866 -0.0149203 -0.6507)
(-0.225149 -0.141566 -0.51667)
(-0.235139 0.116062 -0.516091)
(-0.238505 -0.00911196 -0.384569)
(0.229907 -0.0149203 -0.6507)
(0.225199 -0.141566 -0.51667)
(0.235408 0.116062 -0.51609)
(0.238872 -0.00911194 -0.384568)
(0 0.206116 -0.668198)
(-0.117328 0.246719 -0.508592)
(0.117598 0.246719 -0.508589)
(3.94703e-05 -0.129921 -0.249348)
(-0.118958 -0.00809081 -0.255413)
(0.119316 -0.00809081 -0.255413)
(0.751451 -0.0102406 -0.654842)
(0.748935 -0.137757 -0.526864)
(1.29534 -0.0107679 -0.683931)
(1.27419 -0.129122 -0.529285)
(1.27953 0.121641 -0.530797)
(1.27576 -0.00194981 -0.399013)
(1.01689 0.245624 -0.654261)
(1.14728 0.247504 -0.525728)
(1.43024 0.252815 -0.547369)
(1.53493 0.248873 -0.377035)
(1.52309 -0.124148 -0.262)
(1.39769 0.000226306 -0.265362)
(1.62463 0.000280466 -0.243545)
(1.52217 0.126492 -0.259413)
(-1.26972 0.501469 -0.639475)
(-1.2738 0.375713 -0.517877)
(-1.2717 0.627359 -0.515551)
(-1.27095 0.50128 -0.387132)
(-1.39657 0.749678 -0.497214)
(-1.46366 0.746362 -0.366812)
(-1.56224 0.384475 -0.296113)
(-1.3988 0.502329 -0.261334)
(-1.53305 0.621595 -0.28451)
(-1.01697 0.755155 -0.645665)
(-1.14504 0.754163 -0.516623)
(-0.237666 0.499784 -0.644941)
(-0.24033 0.372489 -0.514642)
(-0.243756 0.626059 -0.51376)
(0.237709 0.499785 -0.644875)
(0.24041 0.372488 -0.514617)
(0.243869 0.62605 -0.513548)
(2.84389e-05 0.750728 -0.629797)
(-0.120951 0.751592 -0.509569)
(0.121091 0.75157 -0.509316)
(1.26972 0.501471 -0.639478)
(1.2738 0.375715 -0.517879)
(1.27172 0.627379 -0.515583)
(1.27096 0.501288 -0.387145)
(1.01719 0.755383 -0.645912)
(1.1453 0.754424 -0.516947)
(1.39657 0.749678 -0.497214)
(1.46366 0.746362 -0.366812)
(1.56224 0.384475 -0.296113)
(1.3988 0.502331 -0.261338)
(1.53305 0.621595 -0.28451)
(-1.24896 1.00418 -0.626739)
(-1.26962 0.877946 -0.511975)
(-1.29174 1.12842 -0.531379)
(-1.27163 1.00539 -0.386894)
(-1.50027 0.87229 -0.245647)
(-1.43692 1.03863 -0.299895)
(-0.753434 1.01197 -0.64599)
(-0.755208 1.1394 -0.522267)
(-1.00816 1.25733 -0.666017)
(-1.16196 1.28715 -0.543877)
(-0.887345 1.26665 -0.52727)
(-1.01412 1.26211 -0.396303)
(-0.246344 1.00589 -0.637529)
(-0.246259 0.879285 -0.512007)
(-0.248338 1.13332 -0.513177)
(-0.464785 1.30432 -0.688166)
(-0.626039 1.26349 -0.520894)
(-0.373239 1.26537 -0.519414)
(0.247739 1.00467 -0.63409)
(0.246721 0.879158 -0.510961)
(0.248511 1.13321 -0.512631)
(-1.7563e-17 1.25763 -0.627542)
(-0.123497 1.25544 -0.508615)
(0.123515 1.25543 -0.508568)
(9.42703e-06 1.25422 -0.380686)
(0.753548 1.01205 -0.645929)
(0.755275 1.13945 -0.522274)
(0.464785 1.30432 -0.688166)
(0.373269 1.26534 -0.519319)
(0.626053 1.26348 -0.520847)
(1.25162 1.00658 -0.629279)
(1.27008 0.878155 -0.512512)
(1.29172 1.12953 -0.531353)
(1.27228 1.00581 -0.387573)
(1.00816 1.25733 -0.666017)
(0.887368 1.26668 -0.527284)
(1.16196 1.28715 -0.543877)
(1.01418 1.26217 -0.39635)
(1.50033 0.872289 -0.245647)
(1.43691 1.0387 -0.30017)
(-1.24409 1.50152 -0.384945)
(-1.35609 1.49877 -0.248951)
(-0.752823 1.39097 -0.52208)
(-0.745671 1.6183 -0.495618)
(-0.753928 1.51495 -0.397531)
(-0.993535 1.74076 -0.341649)
(-1.01375 1.3884 -0.271651)
(-1.14355 1.51727 -0.277007)
(-0.884563 1.515 -0.272483)
(-1.01167 1.641 -0.275288)
(-0.249634 1.38183 -0.512832)
(-0.249999 1.62067 -0.498238)
(-0.249813 1.50963 -0.389268)
(-0.501118 1.78195 -0.410231)
(-0.627192 1.51024 -0.26674)
(-0.375189 1.50759 -0.264499)
(-0.501319 1.6316 -0.264355)
(0.249638 1.38182 -0.512805)
(0.249999 1.62067 -0.498386)
(0.249795 1.5096 -0.389201)
(-1.90032e-17 1.79307 -0.41553)
(-3.84484e-07 1.37989 -0.256583)
(-0.124893 1.50695 -0.260581)
(0.124879 1.50693 -0.260536)
(-1.75442e-06 1.63372 -0.263089)
(0.752822 1.39096 -0.522053)
(0.745678 1.61831 -0.493923)
(0.753853 1.51464 -0.397049)
(0.500786 1.78018 -0.407986)
(0.374999 1.50742 -0.264117)
(0.627108 1.50991 -0.266216)
(0.501044 1.63102 -0.263363)
(1.24409 1.50152 -0.384945)
(0.993535 1.74076 -0.341649)
(1.01384 1.38837 -0.271635)
(0.884614 1.51485 -0.272293)
(1.14348 1.51719 -0.276653)
(1.01172 1.64089 -0.274783)
(1.35609 1.49877 -0.248951)
(-0.996575 1.87088 -0.2462)
(-0.250358 1.98914 -0.353257)
(-0.501996 1.87893 -0.261498)
(-0.619484 2.02303 -0.271589)
(-0.415265 2.0416 -0.305411)
(-0.500985 2.13309 -0.253518)
(0.250358 1.98914 -0.353257)
(-7.4927e-07 1.88291 -0.269175)
(-0.0836376 2.04616 -0.320015)
(0.0836376 2.04616 -0.320015)
(0 2.13952 -0.270505)
(0.501919 1.87877 -0.261265)
(0.415265 2.0416 -0.305411)
(0.619484 2.02303 -0.271589)
(0.500985 2.13309 -0.253518)
(0.996575 1.87088 -0.2462)
(-0.364705 2.49446 -0.200434)
(-0.00158363 2.37345 -0.226382)
(-0.125757 2.49295 -0.215348)
(0.125757 2.49295 -0.215348)
(0.364705 2.49446 -0.200434)
(-0.365263 3.01398 -0.201117)
(-0.487212 3.13472 -0.204014)
(-0.128965 3.01135 -0.195113)
(0.128965 3.01135 -0.195113)
(2.61984e-18 3.12972 -0.204087)
(0.365263 3.01398 -0.201117)
(0.487212 3.13472 -0.204014)
(-0.489944 3.76502 -0.357198)
(-0.496236 3.37656 -0.256007)
(-0.618892 3.50411 -0.253485)
(-0.375175 3.48961 -0.296312)
(-0.498753 3.56988 -0.307544)
(3.47973e-18 3.37491 -0.241479)
(-0.124683 3.49731 -0.276647)
(0.124683 3.49731 -0.276647)
(4.35805e-18 3.61484 -0.270763)
(0.489944 3.76502 -0.357198)
(0.496236 3.37656 -0.256007)
(0.375175 3.48961 -0.296312)
(0.618892 3.50411 -0.253485)
(0.498753 3.56988 -0.307544)
(-2.50426 3.87332 -0.2269)
(-2.62193 3.99859 -0.260449)
(-2.36783 3.99106 -0.238216)
(-2.49952 4.12459 -0.279709)
(-0.744154 4.01084 -0.361284)
(-0.992256 4.24538 -0.401129)
(-0.997572 3.87714 -0.231831)
(-1.12404 4.00146 -0.232685)
(-0.906775 3.95743 -0.30502)
(-1.0476 4.08264 -0.312058)
(-0.249868 3.99906 -0.401529)
(-0.497121 4.22075 -0.439119)
(-0.50218 3.87042 -0.279922)
(-0.626955 3.99553 -0.278423)
(-0.375323 3.99795 -0.291805)
(-0.500781 4.12176 -0.291095)
(0.249868 3.99906 -0.401529)
(-4.56708e-18 4.23912 -0.405332)
(2.87669e-08 3.87331 -0.253374)
(-0.124631 3.99882 -0.271114)
(0.124631 3.99882 -0.271118)
(1.58695e-08 4.12381 -0.273173)
(0.744154 4.01084 -0.361284)
(0.497121 4.22075 -0.439119)
(0.50218 3.87042 -0.279922)
(0.375323 3.99795 -0.291805)
(0.626955 3.99553 -0.278424)
(0.500781 4.12176 -0.291097)
(0.992256 4.24538 -0.401129)
(0.997572 3.87714 -0.231831)
(0.906775 3.95743 -0.30502)
(1.12404 4.00146 -0.232685)
(1.0476 4.08264 -0.312058)
(2.50426 3.87332 -0.2269)
(2.36783 3.99106 -0.238216)
(2.62193 3.99859 -0.260449)
(2.49952 4.12459 -0.279709)
(-2.50062 4.37737 -0.229858)
(-2.36241 4.49384 -0.260753)
(-1.98821 4.36454 -0.252903)
(-2.12618 4.50049 -0.291229)
(-1.88037 4.50391 -0.273546)
(-1.99316 4.62281 -0.309125)
(-1.24207 4.62751 -0.461858)
(-1.28622 4.50156 -0.40652)
(-1.50508 4.75048 -0.373647)
(-1.41696 4.46292 -0.293233)
(-1.5352 4.59006 -0.281039)
(-0.755778 4.38194 -0.453328)
(-0.749817 4.62345 -0.509256)
(-0.750076 4.49802 -0.384253)
(-1.12615 4.75026 -0.529852)
(-0.867508 4.71137 -0.563033)
(-1.00649 4.74165 -0.414289)
(-1.00467 4.35831 -0.283179)
(-1.13462 4.48938 -0.279769)
(-0.876595 4.49435 -0.275533)
(-1.0037 4.61914 -0.283441)
(-0.253688 4.38716 -0.460146)
(-0.25004 4.62503 -0.492203)
(-0.24959 4.49912 -0.379232)
(-0.623445 4.74981 -0.507352)
(-0.374998 4.74999 -0.517281)
(-0.4994 4.74964 -0.392832)
(-0.501127 4.37194 -0.270526)
(-0.625877 4.49771 -0.262932)
(-0.375173 4.49872 -0.261888)
(-0.499853 4.62407 -0.262577)
(0.253688 4.38716 -0.460146)
(0.25004 4.62503 -0.492203)
(0.24959 4.49912 -0.379232)
(-0.124997 4.74999 -0.493819)
(0.124997 4.74999 -0.493819)
(4.5784e-09 4.74992 -0.376915)
(1.14565e-09 4.37235 -0.268009)
(-0.124214 4.49833 -0.259133)
(0.124214 4.49833 -0.259133)
(1.66232e-08 4.62436 -0.253032)
(0.755778 4.38194 -0.453328)
(0.749817 4.62345 -0.509256)
(0.750076 4.49802 -0.384255)
(0.374998 4.74999 -0.517281)
(0.623445 4.74981 -0.507352)
(0.4994 4.74964 -0.392831)
(0.501126 4.37194 -0.270526)
(0.375173 4.49872 -0.261886)
(0.625872 4.49771 -0.262917)
(0.499855 4.62407 -0.262574)
(1.24207 4.62751 -0.461858)
(1.28622 4.50156 -0.40652)
(0.867508 4.71137 -0.563033)
(1.12615 4.75026 -0.529852)
(1.00649 4.74165 -0.414289)
(1.00468 4.3583 -0.283185)
(0.876595 4.49435 -0.275532)
(1.13463 4.48938 -0.279772)
(1.0037 4.61914 -0.283442)
(1.50508 4.75048 -0.373647)
(1.41696 4.46292 -0.293233)
(1.5352 4.59006 -0.281039)
(1.98821 4.36454 -0.252903)
(1.88037 4.50391 -0.273546)
(2.12618 4.50049 -0.291229)
(1.99316 4.62281 -0.309125)
(2.50062 4.37737 -0.229858)
(2.36241 4.49384 -0.260753)
(-1.75127 4.99946 -0.393727)
(-2.04133 4.8808 -0.322254)
(-2.12301 4.99446 -0.275139)
(-1.88149 5.00097 -0.279335)
(-2.03975 5.12586 -0.305142)
(-1.24679 4.87708 -0.500447)
(-1.25024 5.12464 -0.511121)
(-1.25226 5.00016 -0.402746)
(-1.37006 5.23671 -0.473702)
(-1.53515 5.28894 -0.440705)
(-1.50536 4.87105 -0.266482)
(-1.63137 4.99722 -0.272799)
(-1.37975 4.99895 -0.270058)
(-1.50578 5.1279 -0.274133)
(-0.705793 4.87994 -0.562403)
(-0.747773 5.11681 -0.534875)
(-0.740906 5.00233 -0.401184)
(-1.12317 5.24609 -0.507693)
(-0.874878 5.25372 -0.528475)
(-1.00079 5.25449 -0.403994)
(-1.00356 4.8733 -0.281118)
(-1.12807 5.00108 -0.279828)
(-0.87434 5.00144 -0.275861)
(-1.00153 5.12922 -0.277117)
(-0.25 4.875 -0.519061)
(-0.249981 5.12505 -0.515172)
(-0.249914 5.00018 -0.405645)
(-0.625092 5.24988 -0.498097)
(-0.374972 5.25018 -0.523113)
(-0.499863 5.25132 -0.397626)
(-0.498597 4.87504 -0.268923)
(-0.622184 5.00087 -0.267061)
(-0.374563 5.00047 -0.273799)
(-0.4994 5.12628 -0.268339)
(0.25 4.875 -0.519061)
(0.249981 5.12505 -0.515172)
(0.249914 5.00018 -0.405644)
(-0.125142 5.24932 -0.496946)
(0.125142 5.24932 -0.496946)
(-6.30956e-09 5.25224 -0.386095)
(5.37828e-09 4.87513 -0.263318)
(-0.12493 5.00052 -0.269833)
(0.12493 5.00052 -0.269833)
(3.68564e-09 5.12645 -0.266963)
(0.705793 4.87994 -0.562403)
(0.747773 5.11681 -0.534875)
(0.740906 5.00233 -0.401184)
(0.374972 5.25018 -0.523113)
(0.625092 5.24988 -0.498097)
(0.499863 5.25132 -0.397625)
(0.498597 4.87504 -0.268922)
(0.374563 5.00047 -0.273799)
(0.622184 5.00087 -0.267061)
(0.4994 5.12628 -0.268338)
(1.24679 4.87708 -0.500447)
(1.25024 5.12464 -0.511121)
(1.25226 5.00016 -0.402746)
(0.874878 5.25372 -0.528475)
(1.12317 5.24609 -0.507693)
(1.00079 5.25449 -0.403994)
(1.00356 4.8733 -0.281118)
(0.874339 5.00144 -0.275861)
(1.12807 5.00108 -0.279829)
(1.00153 5.12922 -0.277118)
(1.75127 4.99946 -0.393727)
(1.37006 5.23671 -0.473702)
(1.53515 5.28894 -0.440705)
(1.50536 4.87105 -0.266482)
(1.37975 4.99895 -0.270059)
(1.63137 4.99722 -0.272799)
(1.50578 5.1279 -0.274132)
(2.04133 4.8808 -0.322254)
(1.88149 5.00097 -0.279335)
(2.12301 4.99446 -0.275139)
(2.03975 5.12586 -0.305142)
(-1.99274 5.36759 -0.230186)
(-1.25229 5.49707 -0.392779)
(-1.50952 5.39234 -0.280832)
(-1.63266 5.53399 -0.289664)
(-1.37789 5.51669 -0.268848)
(-1.49814 5.60275 -0.253203)
(-0.748077 5.37138 -0.505157)
(-0.788474 5.54713 -0.434502)
(-1.00201 5.38654 -0.270015)
(-1.13009 5.51465 -0.265883)
(-0.880283 5.52042 -0.269972)
(-1.00334 5.65692 -0.27848)
(-0.251439 5.37117 -0.49177)
(-0.210638 5.54505 -0.44277)
(-0.505113 5.75722 -0.364904)
(-0.500567 5.38134 -0.272035)
(-0.628548 5.51465 -0.269189)
(-0.374868 5.51211 -0.273195)
(-0.504278 5.64963 -0.275293)
(0.251439 5.37117 -0.49177)
(0.210638 5.54505 -0.44277)
(1.00702e-09 5.38358 -0.265095)
(-0.123173 5.51498 -0.273034)
(0.123173 5.51498 -0.273034)
(-9.24626e-09 5.63158 -0.267512)
(0.748077 5.37138 -0.505157)
(0.788474 5.54713 -0.434502)
(0.505113 5.75722 -0.364904)
(0.500567 5.38134 -0.272035)
(0.374868 5.51211 -0.273195)
(0.628548 5.51465 -0.269189)
(0.504278 5.64963 -0.275293)
(1.25229 5.49707 -0.392779)
(1.00201 5.38654 -0.270015)
(0.880283 5.52042 -0.269972)
(1.13009 5.51465 -0.265883)
(1.00334 5.65692 -0.27848)
(1.50952 5.39234 -0.280832)
(1.37789 5.51669 -0.268848)
(1.63266 5.53399 -0.289664)
(1.49814 5.60275 -0.253203)
(1.99274 5.36759 -0.230186)
(-0.504699 5.87804 -0.248516)
(-2.77556e-17 5.87259 -0.252374)
(0.504699 5.87804 -0.248516)
(-0.0022015 7.25369 -0.374747)
(-0.122741 6.99626 -0.252194)
(0.122741 6.99626 -0.252194)
(0.00230357 7.07996 -0.308724)
(-0.244979 7.50001 -0.366542)
(-0.405876 7.49955 -0.285797)
(0.244979 7.50001 -0.366542)
(0.000790378 7.75103 -0.374548)
(0.000328679 7.37077 -0.277)
(-0.129608 7.49914 -0.275442)
(0.129831 7.49914 -0.275442)
(0.000528707 7.62623 -0.277266)
(0.405876 7.49955 -0.285797)
(-0.367812 7.99482 -0.223404)
(0.000924784 7.88496 -0.274264)
(-0.123607 8.00023 -0.284637)
(0.123607 8.00023 -0.284637)
(0.367812 7.99482 -0.223404)
(-2.25145 -8.03742 -0.129642)
(-2.25025 -8.14776 3.80606e-05)
(-2.25628 -7.89171 -0.003631)
(-2.25216 -8.02385 0.12454)
(-2.55242 -7.71835 -0.124868)
(-2.40678 -7.74656 -0.00477039)
(-2.56281 -7.70959 0.123806)
(-2.48596 -8.12383 0.25421)
(-2.60397 -7.98654 0.254034)
(-2.38101 -8.01781 0.249786)
(-2.51851 -7.87392 0.250039)
(-1.93494 -7.71756 -0.160926)
(-2.11563 -7.75146 -0.0048663)
(-1.9168 -7.75232 0.00482263)
(-2.00434 -7.75049 0.124289)
(-2.07827 -8.055 0.286883)
(-1.93651 -7.9447 0.24955)
(-2.00406 -7.88006 0.251067)
(2.25145 -8.03742 -0.129642)
(2.25025 -8.14776 3.80606e-05)
(2.25628 -7.89171 -0.003631)
(2.25216 -8.02385 0.12454)
(1.93494 -7.71756 -0.160926)
(1.9168 -7.75232 0.00482263)
(2.11563 -7.75146 -0.0048663)
(2.00434 -7.75049 0.124289)
(1.93651 -7.9447 0.24955)
(2.07827 -8.055 0.286883)
(2.00406 -7.88006 0.251067)
(2.55242 -7.71835 -0.124868)
(2.40678 -7.74656 -0.00477039)
(2.56281 -7.70959 0.123806)
(2.48596 -8.12383 0.25421)
(2.38101 -8.01781 0.249786)
(2.60397 -7.98654 0.254034)
(2.51851 -7.87392 0.250039)
(-2.25553 -7.49548 -0.144287)
(-2.26549 -7.62362 -0.0068778)
(-2.26391 -7.36888 -0.0045696)
(-2.27177 -7.49518 0.130337)
(-2.52469 -7.25017 -0.111252)
(-2.41589 -7.24671 -0.000347445)
(-2.51922 -7.25243 0.120833)
(-2.54593 -7.615 0.249248)
(-2.40975 -7.4955 0.257166)
(-2.49517 -7.38059 0.238619)
(-1.96701 -7.25143 -0.114686)
(-2.08987 -7.24583 -0.0134576)
(-1.91652 -7.22338 0.127501)
(-1.99824 -7.62321 0.251085)
(-2.11962 -7.49194 0.257415)
(-1.90506 -7.50412 0.249721)
(-1.93272 -7.33217 0.291103)
(2.25553 -7.49548 -0.144287)
(2.26549 -7.62362 -0.0068778)
(2.26391 -7.36888 -0.00456962)
(2.27177 -7.49518 0.130337)
(1.96701 -7.25143 -0.114686)
(2.08987 -7.24583 -0.0134576)
(1.91652 -7.22338 0.127501)
(1.99824 -7.62321 0.251085)
(1.90506 -7.50412 0.249721)
(2.11962 -7.49194 0.257415)
(1.93272 -7.33217 0.291103)
(2.52469 -7.25017 -0.111252)
(2.41589 -7.24671 -0.00034745)
(2.51922 -7.25243 0.120833)
(2.54593 -7.615 0.249248)
(2.40975 -7.4955 0.257166)
(2.49517 -7.38059 0.238619)
(-2.25895 -6.99915 -0.140919)
(-2.2523 -7.1233 -0.00193506)
(-2.25481 -6.87473 -0.00189239)
(-2.25855 -6.9971 0.135525)
(-2.38233 -6.74972 -0.000576214)
(-2.40387 -6.99635 0.248453)
(-1.97122 -6.75285 -0.13632)
(-2.11045 -6.75194 7.11539e-07)
(-1.87026 -6.74735 -0.00271513)
(-1.9359 -6.78954 0.17813)
(-1.96708 -7.12445 0.244249)
(-2.11019 -6.99912 0.266231)
(-1.98788 -6.87722 0.247602)
(2.25895 -6.99915 -0.140918)
(2.2523 -7.1233 -0.00193491)
(2.25483 -6.87473 -0.0018892)
(2.25855 -6.9971 0.135525)
(1.97122 -6.75285 -0.136315)
(1.87026 -6.74735 -0.00271513)
(2.11045 -6.75194 7.26378e-06)
(1.9359 -6.78954 0.17813)
(1.96708 -7.12445 0.244249)
(2.1102 -6.99912 0.266232)
(1.98788 -6.87722 0.247602)
(2.38233 -6.74972 -0.000575813)
(2.40387 -6.99635 0.248453)
(-2.27657 -6.49968 -0.137126)
(-2.26518 -6.62446 0.00215826)
(-2.29727 -6.37392 0.00268593)
(-2.27867 -6.49926 0.145694)
(-2.4362 -6.24792 -0.00246693)
(-1.97827 -6.25739 -0.142782)
(-2.14126 -6.2523 0.00114627)
(-1.83726 -6.25465 0.00446272)
(-1.97645 -6.25485 0.149393)
(-1.97301 -6.622 0.276231)
(-2.12746 -6.50008 0.27267)
(-1.95963 -6.3826 0.295722)
(2.27657 -6.49969 -0.137059)
(2.26517 -6.62445 0.00216729)
(2.2971 -6.37386 0.0026877)
(2.27863 -6.49924 0.14567)
(1.98066 -6.25815 -0.139802)
(1.83819 -6.25492 0.00498142)
(2.14107 -6.25225 0.00147044)
(1.97664 -6.25481 0.149221)
(1.97301 -6.622 0.276231)
(2.12745 -6.50008 0.272634)
(1.95963 -6.3826 0.295722)
(2.43527 -6.24737 -0.00246227)
(-2.29623 -6.00059 -0.136536)
(-2.30413 -6.12427 0.00262447)
(-2.30236 -5.87463 0.00485538)
(-2.29182 -5.99933 0.146238)
(-2.42287 -5.75255 -0.000995987)
(-1.70671 -6.04114 -0.124012)
(-1.72749 -6.12446 -0.00349634)
(-1.68949 -5.91103 0.0352881)
(-1.7325 -5.99865 0.11279)
(-2.00543 -5.75424 -0.12853)
(-1.85934 -5.75502 0.0100661)
(-1.99861 -5.753 0.150527)
(-1.99047 -6.12838 0.269998)
(-2.13492 -6.0003 0.279762)
(-1.84646 -5.99774 0.277591)
(-1.99555 -5.87617 0.280292)
(-1.63611 -5.74437 -0.011116)
(1.70648 -6.04021 -0.124737)
(1.72747 -6.12454 -0.00368002)
(1.68949 -5.91103 0.0352864)
(1.73281 -5.99863 0.112813)
(1.63611 -5.74437 -0.0111159)
(2.29556 -6.00021 -0.135186)
(2.30294 -6.12427 0.00192658)
(2.30178 -5.87484 0.00482991)
(2.29046 -5.99954 0.144168)
(2.00573 -5.75402 -0.127723)
(1.85951 -5.75494 0.0102343)
(1.99861 -5.753 0.150506)
(1.99038 -6.12834 0.26858)
(1.84646 -5.99774 0.277591)
(2.13485 -6.0002 0.277803)
(1.99549 -5.8762 0.27991)
(2.42287 -5.75255 -0.000995987)
(-2.30732 -5.50279 -0.136014)
(-2.30556 -5.62726 0.00471036)
(-2.31284 -5.37692 0.00367434)
(-2.29703 -5.50171 0.149653)
(-2.43741 -5.24832 0.000597372)
(-1.72486 -5.51192 -0.121968)
(-1.72676 -5.63035 0.00696861)
(-1.73112 -5.38246 0.00786932)
(-1.73236 -5.50548 0.137161)
(-2.00059 -5.62689 0.295975)
(-2.14474 -5.50395 0.299106)
(-1.86858 -5.50321 0.282401)
(-2.00046 -5.38003 0.292167)
(-1.43548 -5.2859 -0.123267)
(-1.59775 -5.26009 0.0107618)
(-1.51682 -5.25435 0.123746)
(1.72491 -5.5119 -0.122037)
(1.72678 -5.63034 0.00697984)
(1.73113 -5.38246 0.00785778)
(1.73236 -5.50548 0.13716)
(1.43548 -5.2859 -0.123267)
(1.59776 -5.26009 0.0107589)
(1.51682 -5.25435 0.123746)
(2.30732 -5.50278 -0.135982)
(2.30553 -5.62726 0.00473701)
(2.31285 -5.37692 0.00368216)
(2.29703 -5.50171 0.149653)
(2.00059 -5.62689 0.295961)
(1.86858 -5.50321 0.282401)
(2.14473 -5.50395 0.299103)
(2.00046 -5.38003 0.292167)
(2.43741 -5.24832 0.000597372)
(-2.30987 -4.9983 -0.129126)
(-2.31145 -5.1247 0.00136983)
(-2.29696 -4.87411 0.00108406)
(-2.29049 -4.9997 0.132201)
(-2.39736 -4.75063 -0.00147915)
(-1.73017 -5.00403 -0.12553)
(-1.73245 -5.13133 0.00964076)
(-1.73435 -5.00544 0.141527)
(-2.1535 -4.7469 0.000915995)
(-2.01575 -4.74813 0.134755)
(-2.00607 -5.12719 0.274478)
(-2.14508 -5.00015 0.270235)
(-1.86723 -5.00347 0.275803)
(-2.00764 -4.87562 0.269243)
(-1.46206 -4.75609 -0.126707)
(-1.31662 -4.76533 0.0108955)
(-1.467 -4.75653 0.136668)
(-1.57434 -5.04066 0.296375)
(-1.47067 -4.87544 0.278136)
(1.73023 -5.00436 -0.125549)
(1.73247 -5.13139 0.00963511)
(1.73436 -5.00552 0.141524)
(1.46374 -4.76656 -0.127154)
(1.31662 -4.76533 0.0108955)
(1.46705 -4.75685 0.136653)
(1.57434 -5.04066 0.296375)
(1.47067 -4.87544 0.278136)
(2.30987 -4.9983 -0.129122)
(2.31145 -5.1247 0.00137391)
(2.29695 -4.87411 0.00108427)
(2.29049 -4.9997 0.132202)
(2.1535 -4.74692 0.000915474)
(2.01576 -4.74816 0.134754)
(2.00607 -5.12719 0.274479)
(1.86723 -5.00347 0.275803)
(2.14508 -5.00015 0.270235)
(2.00764 -4.87563 0.269242)
(2.39736 -4.75063 -0.00147915)
(-2.3137 -4.45424 -0.174325)
(-2.28197 -4.62002 0.00211756)
(-2.29176 -4.33592 0.00130981)
(-2.2951 -4.49575 0.168661)
(-2.02968 -4.23384 -0.142667)
(-2.15554 -4.23963 -0.00385214)
(-2.02324 -4.24188 0.13115)
(-2.00873 -4.62386 0.26682)
(-2.14325 -4.49718 0.257604)
(-1.87986 -4.5019 0.274578)
(-2.01957 -4.3707 0.268074)
(-1.27519 -4.49805 -0.113926)
(-1.2855 -4.61492 -0.00550718)
(-1.25011 -4.37435 -0.00017135)
(-1.2888 -4.49161 0.116554)
(-1.48054 -4.25049 -0.138901)
(-1.35087 -4.25273 -0.00315343)
(-1.47917 -4.25592 0.128236)
(-1.47448 -4.63349 0.26668)
(-1.60806 -4.50927 0.272511)
(-1.33311 -4.51071 0.259349)
(-1.47481 -4.38528 0.265168)
(1.27519 -4.49805 -0.113926)
(1.2855 -4.61492 -0.00550718)
(1.25011 -4.37435 -0.00017135)
(1.2888 -4.49161 0.116554)
(1.48055 -4.25055 -0.139022)
(1.35088 -4.25275 -0.00317013)
(1.47918 -4.25595 0.128247)
(1.47449 -4.63352 0.266676)
(1.33311 -4.51071 0.259349)
(1.60804 -4.50933 0.272498)
(1.47478 -4.38528 0.265117)
(2.3137 -4.45424 -0.174325)
(2.28197 -4.62002 0.00211753)
(2.29176 -4.33592 0.00130981)
(2.2951 -4.49575 0.168661)
(2.02969 -4.23384 -0.142668)
(2.15554 -4.23963 -0.00385231)
(2.02324 -4.24189 0.131149)
(2.00873 -4.62386 0.26682)
(1.87987 -4.50191 0.274578)
(2.14325 -4.49718 0.257604)
(2.01958 -4.3707 0.268074)
(-1.76593 -3.98877 -0.149074)
(-1.76903 -3.86708 -0.0163073)
(-1.76873 -3.9948 0.124079)
(-1.9883 -3.74308 -0.12651)
(-1.90606 -3.73903 -0.0186042)
(-2.04459 -3.72592 0.122628)
(-2.02665 -4.11841 0.263833)
(-2.1235 -4.00349 0.235305)
(-1.89987 -3.99592 0.261482)
(-2.07104 -3.83765 0.29752)
(-1.21751 -4.00558 -0.122148)
(-1.20504 -4.13484 -0.00689007)
(-1.22819 -3.87798 -0.00727993)
(-1.22559 -4.00767 0.123018)
(-1.49418 -3.74834 -0.147444)
(-1.63305 -3.74556 -0.0204066)
(-1.35651 -3.75197 -0.0139333)
(-1.48408 -4.13397 0.259566)
(-1.3521 -4.00932 0.253492)
(-1.11646 -3.75224 0.00996481)
(-1.12947 -3.98452 0.245744)
(1.21751 -4.00558 -0.122148)
(1.20504 -4.13484 -0.00689007)
(1.22818 -3.87798 -0.00726674)
(1.22559 -4.00767 0.123018)
(1.11646 -3.75224 0.00996481)
(1.12947 -3.98452 0.245744)
(1.76594 -3.98876 -0.149078)
(1.76903 -3.86708 -0.01631)
(1.76874 -3.9948 0.124078)
(1.49342 -3.74848 -0.147266)
(1.35648 -3.75205 -0.0135895)
(1.63298 -3.74557 -0.0204162)
(1.48407 -4.13394 0.259272)
(1.3521 -4.00932 0.253479)
(1.9883 -3.74308 -0.12651)
(1.90606 -3.73903 -0.0186046)
(2.04459 -3.72592 0.122628)
(2.02665 -4.11841 0.263833)
(1.89987 -3.99592 0.261482)
(2.1235 -4.00349 0.235305)
(2.07104 -3.83765 0.29752)
(-1.76888 -3.49391 -0.151669)
(-1.77338 -3.61978 -0.0178259)
(-1.78007 -3.36946 -0.0252139)
(-1.77482 -3.49669 0.115153)
(-1.92084 -3.24913 -0.0308792)
(-1.96677 -3.25446 0.137909)
(-2.02423 -3.62279 0.249732)
(-1.89898 -3.49882 0.249889)
(-1.99104 -3.37533 0.249633)
(-1.19956 -3.50824 -0.178246)
(-1.22643 -3.62937 -0.0171627)
(-1.22382 -3.3781 -0.0275603)
(-1.22589 -3.50318 0.112869)
(-1.50849 -3.24903 -0.178286)
(-1.6435 -3.24764 -0.0304511)
(-1.36573 -3.25137 -0.0396956)
(-1.06097 -3.29003 -0.0619425)
(-0.970475 -3.2503 0.128592)
(-1.0373 -3.60949 0.245202)
(-1.10458 -3.50327 0.250868)
(-0.997969 -3.37455 0.249868)
(1.19956 -3.50824 -0.178246)
(1.22643 -3.62938 -0.0171618)
(1.22382 -3.3781 -0.0275606)
(1.22589 -3.50318 0.112869)
(1.06097 -3.29003 -0.0619425)
(0.970475 -3.2503 0.128592)
(1.0373 -3.60949 0.245202)
(1.10459 -3.50327 0.250868)
(0.997969 -3.37455 0.249868)
(1.76888 -3.49391 -0.151669)
(1.77338 -3.61978 -0.0178283)
(1.78007 -3.36946 -0.0252142)
(1.77482 -3.49669 0.115153)
(1.50849 -3.24903 -0.178286)
(1.36574 -3.25137 -0.0396956)
(1.6435 -3.24764 -0.0304513)
(1.92084 -3.24913 -0.0308792)
(1.96677 -3.25446 0.137909)
(2.02423 -3.62279 0.249732)
(1.89898 -3.49882 0.249889)
(1.99104 -3.37533 0.249633)
(-1.79356 -3.00022 -0.16872)
(-1.77797 -3.12139 -0.0197508)
(-1.78354 -2.87491 -0.0110907)
(-1.78014 -2.99516 0.11408)
(-1.89387 -2.74997 0.0123291)
(-1.9544 -3.129 0.253938)
(-1.94276 -2.96599 0.210432)
(-1.23977 -3.0025 -0.167917)
(-1.23045 -3.12875 -0.0284748)
(-1.23381 -2.88045 -0.0285418)
(-1.22681 -3.00613 0.110031)
(-1.50521 -2.75209 -0.149009)
(-1.64639 -2.75088 -0.014774)
(-1.37061 -2.75315 -0.025672)
(-0.973714 -2.75009 -0.151564)
(-1.10435 -2.75561 -0.0195436)
(-0.8643 -2.74615 0.0112292)
(-0.96771 -2.75416 0.119747)
(-0.951397 -3.15014 0.253131)
(-1.09999 -3.00637 0.246815)
(-0.910472 -2.98501 0.250525)
(-0.980085 -2.87812 0.247903)
(1.23977 -3.0025 -0.167916)
(1.23045 -3.12875 -0.0284706)
(1.23382 -2.88044 -0.0285298)
(1.22682 -3.00611 0.110067)
(0.973714 -2.75009 -0.151564)
(0.8643 -2.74615 0.0112292)
(1.10435 -2.75561 -0.0195333)
(0.967715 -2.75415 0.119765)
(0.951397 -3.15014 0.253131)
(0.910472 -2.98501 0.250525)
(1.10001 -3.00632 0.246896)
(0.980113 -2.87809 0.248008)
(1.79356 -3.00022 -0.16872)
(1.77797 -3.12139 -0.0197507)
(1.78354 -2.87491 -0.0110904)
(1.78014 -2.99516 0.11408)
(1.50521 -2.75209 -0.149008)
(1.37061 -2.75315 -0.0256681)
(1.64639 -2.75088 -0.0147748)
(1.89387 -2.74997 0.0123291)
(1.9544 -3.129 0.253938)
(1.94276 -2.96599 0.210432)
(-1.79171 -2.50093 -0.16623)
(-1.77994 -2.62538 -0.0103505)
(-1.77997 -2.3756 -0.0139736)
(-1.7761 -2.50101 0.116084)
(-1.9028 -2.25002 0.00339589)
(-1.94681 -2.61809 0.262748)
(-1.88087 -2.5005 0.245816)
(-1.95243 -2.37432 0.260429)
(-1.24141 -2.50392 -0.149221)
(-1.23814 -2.62894 -0.0186894)
(-1.24412 -2.37801 -0.0170572)
(-1.51165 -2.25189 -0.148461)
(-1.64792 -2.25136 -0.0186342)
(-1.37855 -2.25191 -0.0181987)
(-0.778894 -2.37024 0.0134756)
(-0.781353 -2.48643 0.129247)
(-0.980796 -2.25253 -0.145853)
(-1.11249 -2.25309 -0.0165404)
(-0.851003 -2.25107 -0.00771736)
(-0.974666 -2.25249 0.120238)
(-0.975886 -2.6299 0.250793)
(-0.861505 -2.50393 0.251279)
(-0.979691 -2.37799 0.250245)
(0.778894 -2.37024 0.0134756)
(0.781353 -2.48643 0.129247)
(1.24141 -2.50392 -0.149217)
(1.23814 -2.62893 -0.0186801)
(1.24411 -2.378 -0.0170481)
(0.980795 -2.25253 -0.145852)
(0.851003 -2.25107 -0.00771711)
(1.11248 -2.25309 -0.0165356)
(0.974665 -2.25249 0.12024)
(0.975895 -2.62989 0.250828)
(0.861505 -2.50393 0.251281)
(0.979684 -2.37799 0.250261)
(1.79171 -2.50093 -0.16623)
(1.77994 -2.62538 -0.0103516)
(1.77996 -2.3756 -0.013994)
(1.7761 -2.50101 0.11608)
(1.51115 -2.25186 -0.148309)
(1.37844 -2.25191 -0.0181634)
(1.64794 -2.25141 -0.0189133)
(1.9028 -2.25002 0.00339589)
(1.94681 -2.61809 0.262748)
(1.88087 -2.5005 0.245816)
(1.95243 -2.37432 0.260429)
(-1.80605 -2.00709 -0.18202)
(-1.78455 -2.1261 -0.017188)
(-1.78005 -1.87521 -0.014535)
(-1.77597 -2.00001 0.104457)
(-1.89147 -1.74966 -0.00052413)
(-1.95503 -2.12502 0.260237)
(-1.87565 -1.99993 0.239669)
(-1.9531 -1.87856 0.261451)
(-1.51831 -1.75083 -0.141922)
(-1.64821 -1.7499 -0.0114797)
(-0.756073 -2.00859 -0.128012)
(-0.722909 -2.12573 0.00943244)
(-0.693403 -1.90913 -0.0378661)
(-0.679334 -2.0328 0.128727)
(-0.983151 -1.75482 -0.143496)
(-0.853736 -1.75475 -0.0115206)
(-0.9818 -1.75418 0.119463)
(-0.969986 -2.12854 0.249234)
(-0.837974 -2.00678 0.250002)
(-0.977899 -1.87928 0.249263)
(-0.627689 -1.74541 0.0111838)
(0.756073 -2.00859 -0.128012)
(0.722909 -2.12573 0.00943244)
(0.693403 -1.90913 -0.0378661)
(0.679334 -2.0328 0.128727)
(0.627689 -1.74541 0.0111838)
(0.983151 -1.75482 -0.143496)
(0.853736 -1.75475 -0.0115207)
(0.981801 -1.75418 0.119461)
(0.969985 -2.12854 0.249234)
(0.837974 -2.00678 0.250001)
(0.9779 -1.87928 0.249261)
(1.80605 -2.00709 -0.18202)
(1.78453 -2.1261 -0.0171925)
(1.78005 -1.87521 -0.0145346)
(1.77597 -2.00001 0.104456)
(1.51831 -1.75083 -0.141921)
(1.64821 -1.7499 -0.011479)
(1.89147 -1.74966 -0.00052413)
(1.95503 -2.12502 0.260237)
(1.87565 -1.99993 0.239668)
(1.9531 -1.87856 0.261451)
(-1.81629 -1.49387 -0.168079)
(-1.7824 -1.62468 -0.00616026)
(-1.78102 -1.3743 -0.00500501)
(-1.78468 -1.49952 0.12062)
(-1.87221 -1.24988 0.0123551)
(-1.93336 -1.49833 0.217917)
(-1.51701 -1.24944 -0.1339)
(-1.6473 -1.24916 -0.00616339)
(-0.731822 -1.50315 -0.136081)
(-0.73058 -1.63059 -0.00867588)
(-0.73061 -1.37969 -0.00971382)
(-0.733982 -1.50585 0.120791)
(-0.609593 -1.25284 -0.00675877)
(-0.483742 -1.25575 0.125733)
(-0.614157 -1.50463 0.250586)
(-0.512669 -1.37378 0.24953)
(0.731822 -1.50315 -0.136081)
(0.73058 -1.63059 -0.0086759)
(0.73061 -1.37969 -0.00971389)
(0.733982 -1.50585 0.120791)
(0.609593 -1.25284 -0.00675879)
(0.483742 -1.25575 0.125733)
(0.614157 -1.50463 0.250586)
(0.512669 -1.37378 0.24953)
(1.81629 -1.49387 -0.168079)
(1.7824 -1.62468 -0.00616032)
(1.78102 -1.3743 -0.00500637)
(1.78468 -1.49952 0.120619)
(1.51699 -1.24943 -0.133948)
(1.6473 -1.24915 -0.00618674)
(1.87221 -1.24988 0.0123551)
(1.93336 -1.49833 0.217917)
(-1.78827 -0.999061 -0.156128)
(-1.77022 -1.12415 -0.00397958)
(-1.76744 -0.873986 -0.00606345)
(-1.77387 -0.998672 0.119306)
(-1.84143 -0.753925 0.00754666)
(-1.91552 -0.995141 0.23303)
(-1.52303 -0.747226 -0.14369)
(-1.65322 -0.747433 -0.0137126)
(-1.52084 -0.747813 0.116755)
(-0.732501 -1.00532 -0.137163)
(-0.732892 -1.12991 -0.00824989)
(-0.733225 -0.880428 -0.00852672)
(-0.731898 -1.00489 0.121466)
(-0.431386 -0.802385 -0.179728)
(-0.604254 -0.758234 -0.00894747)
(-0.341852 -0.757276 -0.00182184)
(-0.468623 -0.759467 0.118429)
(-0.449832 -1.15871 0.249281)
(-0.603612 -1.00523 0.250061)
(-0.385369 -0.98785 0.24995)
(-0.469262 -0.880011 0.249769)
(0.732501 -1.00532 -0.137163)
(0.732891 -1.12991 -0.00825012)
(0.733225 -0.880428 -0.00852695)
(0.731898 -1.00489 0.121466)
(0.431386 -0.802385 -0.179728)
(0.341852 -0.757276 -0.00182184)
(0.604254 -0.758234 -0.00894758)
(0.468623 -0.759467 0.118429)
(0.449832 -1.15871 0.249281)
(0.385369 -0.98785 0.24995)
(0.603612 -1.00523 0.250061)
(0.469262 -0.880011 0.249769)
(1.78827 -0.999061 -0.156128)
(1.77021 -1.12415 -0.00398784)
(1.76743 -0.873985 -0.00606986)
(1.77386 -0.998671 0.119299)
(1.52298 -0.747235 -0.143654)
(1.65321 -0.747432 -0.0137167)
(1.52082 -0.747813 0.116756)
(1.84143 -0.753925 0.00754666)
(1.91552 -0.995141 0.23303)
(-1.75093 -0.499852 -0.114909)
(-1.80772 -0.617301 -0.0403744)
(-1.77769 -0.372512 -0.00631688)
(-1.81762 -0.461449 0.0815839)
(-1.87241 -0.501964 0.25405)
(-1.52382 -0.247593 -0.138024)
(-1.65114 -0.248311 -0.00644715)
(-1.52202 -0.247318 0.119474)
(-1.52194 -0.622181 0.244875)
(-1.65044 -0.496476 0.244988)
(-1.52124 -0.371892 0.246206)
(-0.222652 -0.530779 -0.123496)
(-0.277931 -0.624258 0.00111186)
(-0.235014 -0.395991 -0.0031042)
(-0.218262 -0.535907 0.125501)
(-0.475081 -0.634014 0.249709)
(-0.359435 -0.510664 0.25038)
(0.222652 -0.530779 -0.123496)
(0.277931 -0.624258 0.00111186)
(0.235015 -0.395991 -0.00310418)
(0.218262 -0.535907 0.125501)
(4.44149e-19 -0.307023 -0.175296)
(-0.114745 -0.272766 -0.00523635)
(0.114749 -0.272766 -0.00523633)
(-1.7822e-06 -0.278764 0.124627)
(-0.172155 -0.453051 0.249152)
(0.172155 -0.453051 0.249152)
(2.77371e-17 -0.413048 0.250088)
(0.475082 -0.634014 0.24971)
(0.359434 -0.510664 0.25038)
(1.75093 -0.499852 -0.114909)
(1.80772 -0.617301 -0.0403744)
(1.77769 -0.372512 -0.00631688)
(1.81762 -0.461449 0.0815839)
(1.52382 -0.247594 -0.138018)
(1.65114 -0.248311 -0.00644571)
(1.52202 -0.247318 0.119477)
(1.52194 -0.622183 0.24488)
(1.65043 -0.496477 0.244992)
(1.52124 -0.371893 0.24621)
(1.87241 -0.501964 0.25405)
(-1.74172 -0.126616 0.00905589)
(-1.7033 0.120236 0.0107718)
(-1.7503 -0.000397707 0.126333)
(-1.53193 0.251508 -0.134039)
(-1.67897 0.25568 -0.0365581)
(-1.51825 0.251342 0.120585)
(-1.52216 -0.121995 0.247681)
(-1.6507 0.00175947 0.248886)
(-1.51803 0.12634 0.248707)
(-1.13289 0.250358 -0.00369148)
(-1.00417 0.249979 0.123375)
(1.13289 0.250358 -0.00369412)
(1.00417 0.249978 0.12337)
(1.74172 -0.126616 0.00905589)
(1.7033 0.120236 0.0107718)
(1.7503 -0.000397707 0.126333)
(1.53193 0.251508 -0.134039)
(1.67897 0.25568 -0.0365581)
(1.51825 0.251341 0.120585)
(1.52216 -0.121995 0.247681)
(1.6507 0.0017594 0.248886)
(1.51802 0.126339 0.248706)
(-1.70932 0.497297 0.133797)
(-1.26776 0.50167 -0.133018)
(-1.26364 0.376169 -0.0053359)
(-1.2635 0.626562 -0.00575858)
(-1.26029 0.501118 0.121397)
(-1.5565 0.78698 -0.172103)
(-1.63105 0.74882 -0.0020256)
(-1.39491 0.752501 -0.00836364)
(-1.52222 0.752592 0.113643)
(-1.51175 0.376235 0.247716)
(-1.63096 0.501217 0.246407)
(-1.51427 0.62682 0.244206)
(-1.13427 0.751371 -0.00431894)
(-1.00591 0.750954 0.122785)
(-1.0033 0.375158 0.249959)
(-1.13033 0.500549 0.249013)
(-1.00452 0.625533 0.249399)
(1.26777 0.501674 -0.133028)
(1.26365 0.376169 -0.00533978)
(1.26352 0.626562 -0.00577333)
(1.26029 0.501111 0.121381)
(1.1343 0.751378 -0.00434595)
(1.00593 0.750953 0.122747)
(1.00329 0.375153 0.249943)
(1.13033 0.500538 0.248985)
(1.00452 0.625519 0.249364)
(1.70932 0.497297 0.133797)
(1.5565 0.78698 -0.172103)
(1.39494 0.752496 -0.0083766)
(1.63105 0.74882 -0.0020256)
(1.52226 0.752561 0.113644)
(1.51175 0.37623 0.247712)
(1.63097 0.50121 0.246406)
(1.51431 0.626775 0.244199)
(-1.27208 1.00417 -0.137028)
(-1.26926 0.8778 -0.00866437)
(-1.27195 1.12848 -0.0117287)
(-1.49708 1.2466 -0.116687)
(-1.3966 1.25289 -0.0133824)
(-1.52532 1.25233 0.117722)
(-1.53649 0.878897 0.247103)
(-1.67741 1.00799 0.249267)
(-1.54508 1.12708 0.247452)
(1.27221 1.00425 -0.137176)
(1.26932 0.877809 -0.00870862)
(1.27203 1.12848 -0.0117909)
(1.49708 1.2466 -0.116687)
(1.39661 1.25289 -0.0134034)
(1.52532 1.25232 0.11772)
(1.53684 0.878613 0.247115)
(1.67827 1.00804 0.249254)
(1.54523 1.12706 0.247473)
(-1.27485 1.51244 -0.146319)
(-1.27168 1.38251 -0.0128437)
(-1.27463 1.63919 -0.0166431)
(-1.27378 1.50906 0.114609)
(-1.40121 1.75142 -0.000242718)
(-1.46134 1.73894 0.132699)
(-1.53503 1.37981 0.245113)
(-1.59672 1.49201 0.253828)
(-1.40505 1.51019 0.241994)
(-1.54389 1.6342 0.242964)
(-1.01126 1.76519 -0.145679)
(-1.14199 1.76356 -0.0156953)
(-0.885567 1.76312 -0.0176139)
(-0.503146 1.75684 -0.139374)
(-0.631014 1.75888 -0.0151091)
(0.50294 1.75641 -0.138761)
(0.630969 1.75861 -0.0147993)
(1.277 1.51205 -0.148079)
(1.27196 1.38243 -0.0131535)
(1.27628 1.63872 -0.0185855)
(1.27376 1.50892 0.114215)
(1.01201 1.76511 -0.145985)
(0.8858 1.76297 -0.017659)
(1.14301 1.76335 -0.0168631)
(1.39484 1.74689 0.0025099)
(1.46062 1.73872 0.132948)
(1.53502 1.37979 0.245109)
(1.40479 1.51012 0.241918)
(1.59672 1.49201 0.253828)
(1.54366 1.6341 0.243048)
(-1.29556 1.91609 -0.00764395)
(-1.28326 2.01692 0.118184)
(-1.35502 2.00338 0.255092)
(-0.797836 2.05327 -0.194141)
(-0.760726 1.88888 -0.0215193)
(-0.764819 2.1396 -0.028142)
(-0.762359 2.01239 0.104588)
(-0.885052 2.2581 -0.0335632)
(-1.04141 2.28445 0.0901816)
(-1.14427 2.0153 0.237355)
(-0.888599 2.01169 0.234701)
(-1.01462 2.13435 0.239605)
(-0.251073 2.00752 -0.149079)
(-0.252564 2.13187 -0.0221947)
(-0.553917 2.29937 -0.191803)
(-0.639144 2.26093 -0.025609)
(-0.383541 2.25774 -0.0229996)
(0.251053 2.0075 -0.149057)
(0.252526 2.13186 -0.022185)
(-0.000147429 2.25357 -0.138597)
(-0.125028 2.25505 -0.0187182)
(0.124869 2.25505 -0.0187167)
(0.797836 2.05327 -0.194141)
(0.760738 1.88878 -0.021436)
(0.764819 2.1396 -0.028139)
(0.762356 2.01237 0.104595)
(0.553917 2.29937 -0.191803)
(0.383519 2.25773 -0.0229955)
(0.639142 2.26093 -0.0256072)
(1.29556 1.91609 -0.00764395)
(1.28326 2.01692 0.118184)
(0.885052 2.2581 -0.0335632)
(1.04141 2.28445 0.0901816)
(0.888592 2.01168 0.234696)
(1.14425 2.01529 0.237332)
(1.01461 2.13435 0.239598)
(1.35502 2.00338 0.255092)
(-0.781597 2.38268 -0.0357516)
(-0.748277 2.62838 -0.0233022)
(-0.758202 2.50361 0.113627)
(-1.05931 2.4218 0.193352)
(-0.88499 2.50438 0.23954)
(-1.01436 2.6249 0.235578)
(-0.253156 2.50062 -0.134873)
(-0.253712 2.37868 -0.0172651)
(-0.253052 2.62593 -0.022871)
(-0.512865 2.74976 -0.154192)
(-0.637085 2.7485 -0.0194949)
(-0.379706 2.75034 -0.0317548)
(-0.508893 2.74945 0.103148)
(-0.636111 2.50374 0.234832)
(-0.508456 2.62614 0.234161)
(0.253093 2.50062 -0.134873)
(0.253606 2.37868 -0.017264)
(0.25302 2.62593 -0.0228704)
(0 2.76041 -0.178386)
(-0.124146 2.75092 -0.0317269)
(0.124128 2.75092 -0.0317268)
(0.781597 2.38268 -0.0357516)
(0.748277 2.62838 -0.0233022)
(0.758193 2.50361 0.11364)
(0.512865 2.74976 -0.154192)
(0.379702 2.75034 -0.0317538)
(0.637084 2.7485 -0.0194933)
(0.508885 2.74945 0.103157)
(0.636078 2.50372 0.234884)
(0.508422 2.62613 0.234213)
(1.05931 2.4218 0.193352)
(0.885001 2.50439 0.239514)
(1.01436 2.6249 0.235578)
(-3.49705 3.12863 0.251615)
(-3.00428 3.21758 0.129144)
(-0.780946 2.87277 -0.0299073)
(-0.804627 3.07748 -0.0675594)
(-0.767767 2.99328 0.104574)
(-0.923311 3.23993 -0.0391936)
(-1.03725 3.21409 0.0940736)
(-1.02163 2.87336 0.226522)
(-0.892478 2.99495 0.236332)
(-1.05089 3.08828 0.202213)
(-0.250027 2.99712 -0.1385)
(-0.250505 2.87391 -0.0299969)
(-0.251378 3.12308 -0.0126114)
(-0.505495 3.24693 -0.146823)
(-0.636709 3.24313 -0.02985)
(-0.378462 3.24738 -0.018686)
(0.250027 2.99712 -0.1385)
(0.250502 2.87391 -0.0299967)
(0.251378 3.12308 -0.0126114)
(2.57835e-09 3.24944 -0.124548)
(-0.125193 3.24877 -0.00868933)
(0.125193 3.24877 -0.00868969)
(0.780946 2.87277 -0.0299073)
(0.804627 3.07748 -0.0675594)
(0.767767 2.99328 0.104574)
(0.505495 3.24693 -0.146823)
(0.378462 3.24738 -0.0186866)
(0.636708 3.24313 -0.02985)
(0.923311 3.23993 -0.0391936)
(1.03725 3.21409 0.0940736)
(1.02163 2.87336 0.226522)
(0.892478 2.99495 0.236332)
(1.05089 3.08828 0.202213)
(3.00428 3.21758 0.129144)
(3.49705 3.12863 0.251615)
(-3.27143 3.38891 -0.0416492)
(-3.264 3.62943 -0.00838463)
(-3.27215 3.5028 0.103122)
(-3.52933 3.37254 0.223701)
(-3.39726 3.51038 0.237832)
(-2.75262 3.5016 -0.117467)
(-2.72286 3.59176 -0.0223345)
(-2.68959 3.43147 0.132213)
(-3.01905 3.75653 -0.155431)
(-3.16786 3.76185 -0.0405063)
(-2.88613 3.74997 -0.0370239)
(-3.02073 3.76277 0.110229)
(-2.97233 3.33732 0.241478)
(-3.13022 3.49644 0.24162)
(-2.84258 3.47016 0.263287)
(-3.00289 3.62441 0.254652)
(-2.48909 3.73316 -0.137895)
(-2.5924 3.716 -0.0161493)
(-2.4437 3.70437 0.140755)
(-1.20541 3.50885 0.137068)
(-0.790556 3.46306 -0.186249)
(-0.767706 3.36606 -0.0300566)
(-0.761821 3.61856 -0.0241356)
(-0.762798 3.49352 0.104918)
(-1.01493 3.73658 -0.171692)
(-1.17038 3.69797 -0.04537)
(-0.890334 3.73916 -0.0293229)
(-1.01869 3.7404 0.109106)
(-1.01301 3.36992 0.242316)
(-1.14206 3.49688 0.246641)
(-0.889723 3.49441 0.237619)
(-1.02165 3.62001 0.242582)
(-0.249632 3.49628 -0.158418)
(-0.250839 3.37281 -0.0201375)
(-0.249307 3.61858 -0.0247789)
(-0.504623 3.74002 -0.151062)
(-0.632905 3.74271 -0.023772)
(-0.37641 3.74218 -0.0231831)
(0.249632 3.49628 -0.158418)
(0.250838 3.37281 -0.0201348)
(0.249307 3.61858 -0.0247788)
(5.072e-08 3.7465 -0.141071)
(-0.123875 3.74594 -0.0185527)
(0.123875 3.74594 -0.0185529)
(0.790556 3.46306 -0.186249)
(0.767706 3.36606 -0.0300566)
(0.761821 3.61856 -0.0241361)
(0.762798 3.49352 0.104918)
(0.504623 3.74002 -0.151062)
(0.37641 3.74218 -0.0231824)
(0.632905 3.74271 -0.0237731)
(1.20541 3.50885 0.137068)
(1.01493 3.73658 -0.171692)
(0.890334 3.73916 -0.0293242)
(1.17038 3.69797 -0.04537)
(1.01869 3.7404 0.109106)
(1.01301 3.36992 0.242316)
(0.889723 3.49441 0.237619)
(1.14206 3.49688 0.246641)
(1.02165 3.62001 0.242582)
(2.75262 3.5016 -0.117467)
(2.72286 3.59176 -0.0223345)
(2.68959 3.43147 0.132213)
(2.48909 3.73316 -0.137895)
(2.5924 3.716 -0.0161494)
(2.4437 3.70437 0.140755)
(3.27143 3.38891 -0.0416492)
(3.264 3.62943 -0.00838463)
(3.27217 3.50281 0.103116)
(3.01905 3.75653 -0.155431)
(2.88613 3.74997 -0.0370238)
(3.16786 3.76185 -0.0405063)
(3.02073 3.76277 0.11023)
(2.97233 3.33734 0.241508)
(2.84258 3.47016 0.263289)
(3.13024 3.49655 0.241697)
(3.0029 3.62443 0.254661)
(3.52933 3.37254 0.223701)
(3.39728 3.51043 0.237858)
(-2.80505 4.04879 -0.181532)
(-2.75739 3.87566 -0.0231815)
(-2.7757 4.13739 -0.0252196)
(-2.76834 4.01038 0.119701)
(-2.86211 4.24903 0.000886765)
(-3.03289 3.9024 0.256393)
(-2.909 4.02326 0.258638)
(-3.02282 4.11605 0.250834)
(-2.24386 3.96731 -0.139719)
(-2.22372 4.09992 -0.00914367)
(-2.2171 3.97062 0.130564)
(-2.5065 4.25275 -0.16513)
(-2.64318 4.26145 -0.0225941)
(-2.37025 4.24395 -0.0235249)
(-2.50523 4.2532 0.12577)
(-2.43516 3.82036 0.298687)
(-2.61309 3.98908 0.277213)
(-2.32353 3.95348 0.290517)
(-2.48459 4.11273 0.275803)
(-1.97572 4.2262 -0.121733)
(-2.09897 4.22744 -0.0119313)
(-1.97995 4.25288 0.12367)
(-1.25395 3.98831 -0.128943)
(-1.28922 3.86532 -0.0035237)
(-1.27744 4.11071 -0.0157686)
(-1.28145 3.99073 0.1157)
(-1.43893 4.20912 -0.0361611)
(-1.46551 4.26532 0.119838)
(-1.39593 3.99965 0.251324)
(-0.755082 3.99062 -0.149685)
(-0.758421 3.86531 -0.0246282)
(-1.01193 4.23777 -0.150855)
(-1.14449 4.23834 -0.0175671)
(-1.02221 3.86794 0.242249)
(-1.14902 3.99406 0.245264)
(-0.24993 3.99775 -0.149934)
(-0.249941 3.87136 -0.0185655)
(0.24993 3.99775 -0.149935)
(0.249942 3.87136 -0.0185671)
(0.755084 3.99062 -0.149695)
(0.758423 3.86531 -0.0246335)
(1.25395 3.98831 -0.128943)
(1.28922 3.86532 -0.0035237)
(1.27744 4.11071 -0.0157696)
(1.28145 3.99073 0.1157)
(1.01204 4.23769 -0.150931)
(1.14444 4.23835 -0.017583)
(1.02221 3.86794 0.242251)
(1.14902 3.99406 0.245264)
(1.43893 4.20912 -0.0361611)
(1.46551 4.26532 0.119838)
(1.39593 3.99965 0.251324)
(2.24386 3.96731 -0.139719)
(2.22372 4.09993 -0.00914236)
(2.2171 3.97062 0.130564)
(1.97572 4.2262 -0.121733)
(2.09897 4.22744 -0.0119309)
(1.97995 4.25288 0.12367)
(2.80505 4.04879 -0.181532)
(2.75739 3.87566 -0.0231827)
(2.77584 4.13747 -0.0252789)
(2.76834 4.01039 0.119731)
(2.50653 4.25277 -0.165123)
(2.37031 4.24399 -0.0235064)
(2.64293 4.26124 -0.0229291)
(2.50529 4.25325 0.125793)
(2.43516 3.82036 0.298687)
(2.32353 3.95348 0.290517)
(2.61308 3.98908 0.27725)
(2.48456 4.11271 0.27585)
(2.86211 4.24903 0.000886765)
(3.03289 3.9024 0.256394)
(2.909 4.02326 0.258641)
(3.02282 4.11605 0.250834)
(-2.7719 4.36903 0.0041917)
(-2.25194 4.49898 -0.170505)
(-2.24411 4.36812 -0.0239252)
(-2.25894 4.62757 -0.0209833)
(-2.24938 4.49749 0.127261)
(-2.39448 4.75754 -0.01175)
(-2.5365 4.78902 0.127823)
(-2.5162 4.38765 0.274769)
(-2.68262 4.54742 0.25773)
(-2.3839 4.50544 0.278275)
(-2.52609 4.63729 0.257893)
(-1.71519 4.45937 -0.121718)
(-1.74525 4.61592 -0.000982875)
(-1.75589 4.50517 0.120231)
(-2.00554 4.74498 -0.164685)
(-2.13195 4.7502 -0.0230308)
(-1.87305 4.74269 -0.0100405)
(-1.99355 4.74085 0.129163)
(-1.96824 4.34474 0.252901)
(-2.11248 4.48982 0.268505)
(-1.84934 4.49462 0.250871)
(-1.97874 4.60634 0.270432)
(-1.26785 4.48809 -0.145423)
(-1.27309 4.36378 -0.0135755)
(-1.26533 4.49422 0.122961)
(-1.50493 4.74507 -0.134284)
(-1.62609 4.74642 -0.00358355)
(-1.50318 4.74701 0.124575)
(-1.46625 4.37827 0.243819)
(-1.39091 4.49594 0.253818)
(-1.5422 4.58317 0.284654)
(1.26785 4.48808 -0.145425)
(1.27309 4.36378 -0.013578)
(1.26533 4.49422 0.12296)
(1.71519 4.45937 -0.121718)
(1.74525 4.61592 -0.000982233)
(1.75589 4.50517 0.120231)
(1.50493 4.74507 -0.134284)
(1.62609 4.74642 -0.00358323)
(1.50318 4.74701 0.124575)
(1.46625 4.37827 0.243819)
(1.39091 4.49594 0.253818)
(1.5422 4.58317 0.284654)
(2.25194 4.49898 -0.170504)
(2.24412 4.36812 -0.0239228)
(2.25894 4.62758 -0.0209829)
(2.24938 4.4975 0.127262)
(2.00553 4.74498 -0.164679)
(1.87304 4.74269 -0.0100315)
(2.13196 4.7502 -0.0230257)
(1.99348 4.74077 0.129116)
(1.96824 4.34474 0.252901)
(1.84934 4.49462 0.250871)
(2.11248 4.48982 0.268504)
(1.97874 4.60634 0.27043)
(2.7719 4.36903 0.0041917)
(2.39448 4.75754 -0.0117501)
(2.5365 4.78902 0.127823)
(2.5162 4.38766 0.274784)
(2.3839 4.50544 0.278277)
(2.68262 4.54742 0.25773)
(2.52609 4.63729 0.257893)
(-2.28561 5.00002 -0.157837)
(-2.27334 4.88523 -0.0159472)
(-2.29695 5.17997 0.00633683)
(-2.28121 5.01924 0.126565)
(-2.4944 4.8783 0.25086)
(-2.41273 4.99804 0.255257)
(-1.75634 5.0012 -0.146394)
(-1.7526 4.87231 -0.00900861)
(-1.76056 5.13218 -0.014703)
(-1.75596 5.00005 0.12435)
(-2.02452 5.26626 -0.149281)
(-2.18248 5.30167 -0.0420871)
(-1.89621 5.26764 -0.0166673)
(-2.02282 5.26549 0.12078)
(-2.00222 4.87064 0.271744)
(-2.14861 5.01079 0.26334)
(-1.88183 4.9987 0.261828)
(-2.02046 5.13607 0.258314)
(-1.63444 5.26222 -0.0137302)
(-1.50518 5.26134 0.123245)
(-1.50452 4.86975 0.254998)
(-1.6304 4.99591 0.258054)
(-1.50624 5.1276 0.257851)
(1.75634 5.0012 -0.146392)
(1.7526 4.87231 -0.00900922)
(1.76057 5.13219 -0.0146921)
(1.75595 5.00006 0.124356)
(1.63443 5.26222 -0.0137267)
(1.50518 5.26134 0.123247)
(1.50452 4.86976 0.254996)
(1.63041 4.99593 0.258046)
(1.50624 5.12759 0.257843)
(2.28561 5.00002 -0.157837)
(2.27334 4.88523 -0.015947)
(2.29695 5.17997 0.00633683)
(2.28121 5.01924 0.126565)
(2.02452 5.26626 -0.149281)
(1.89617 5.26757 -0.016665)
(2.18248 5.30167 -0.0420871)
(2.02282 5.26549 0.120782)
(2.00222 4.87064 0.271741)
(1.88183 4.9987 0.261823)
(2.14861 5.0108 0.263339)
(2.02046 5.13607 0.258312)
(2.4944 4.8783 0.25086)
(2.41273 4.99804 0.255257)
(-1.79735 5.54423 -0.180665)
(-1.7676 5.39752 -0.0150254)
(-1.75158 5.66853 0.00309357)
(-1.765 5.52963 0.124335)
(-2.01734 5.39154 0.253475)
(-1.93683 5.56367 0.290859)
(-1.25185 5.51977 -0.140648)
(-1.24928 5.6308 -0.00396487)
(-1.24761 5.52023 0.128248)
(-1.61296 5.70476 0.0115793)
(-1.37487 5.71344 0.0102652)
(-1.49873 5.73548 0.124322)
(-1.50565 5.39671 0.256095)
(-1.63561 5.53214 0.255217)
(-1.37291 5.52622 0.25418)
(-1.5031 5.65439 0.253228)
(-0.757181 5.51796 -0.133869)
(-0.757839 5.64569 0.00448114)
(-0.754768 5.51788 0.131879)
(-0.995652 5.71335 -0.116194)
(-1.125 5.70373 -0.00379514)
(-0.874961 5.7453 -0.00310769)
(-1.00051 5.39039 0.254929)
(-1.12445 5.52068 0.253415)
(-0.878278 5.51537 0.256986)
(-1.00232 5.64904 0.259785)
(-0.513539 5.77914 -0.136891)
(-0.674345 5.81148 0.0519874)
(-0.38902 5.76804 -0.00389572)
(-0.550502 5.81171 0.169853)
(-0.633446 5.51565 0.261501)
(-0.512063 5.64278 0.26125)
(-1.83578e-07 5.75907 -0.141166)
(-0.124978 5.76074 -0.0181737)
(0.124977 5.76074 -0.0181737)
(0.757181 5.51796 -0.133869)
(0.757839 5.64569 0.00448114)
(0.754768 5.51788 0.131879)
(0.513539 5.77914 -0.136891)
(0.38902 5.76804 -0.00389572)
(0.674345 5.81148 0.0519874)
(0.550502 5.81171 0.169853)
(0.633446 5.51565 0.261501)
(0.512063 5.64278 0.26125)
(1.25185 5.51977 -0.140648)
(1.24928 5.6308 -0.00396453)
(1.24761 5.52023 0.128248)
(0.995652 5.71335 -0.116194)
(0.874961 5.7453 -0.00310769)
(1.125 5.70373 -0.00379514)
(1.00051 5.39039 0.25493)
(0.878278 5.51537 0.256986)
(1.12445 5.52068 0.253415)
(1.00232 5.64904 0.259785)
(1.79735 5.54423 -0.180665)
(1.76759 5.39752 -0.0150239)
(1.75158 5.66853 0.00309357)
(1.765 5.52963 0.124336)
(1.37487 5.71344 0.0102652)
(1.61296 5.70476 0.0115793)
(1.49873 5.73548 0.124322)
(1.50565 5.39671 0.256095)
(1.37291 5.52622 0.25418)
(1.6356 5.53214 0.255217)
(1.5031 5.65439 0.253228)
(2.01734 5.39154 0.253475)
(1.93683 5.56367 0.290859)
(-0.245293 6.04647 -0.19395)
(-0.257664 5.88865 -0.0188649)
(-0.263219 6.13178 -0.0288653)
(-0.260655 6.00694 0.114378)
(-0.428441 6.26194 -0.029172)
(-0.458519 6.24773 0.132369)
(-0.509219 5.88067 0.249013)
(-0.386179 6.00174 0.254952)
(-0.458096 6.12477 0.240821)
(0.245293 6.04647 -0.19395)
(0.257663 5.88865 -0.0188648)
(0.263213 6.13178 -0.0288642)
(0.26065 6.00694 0.114379)
(2.60804e-21 6.25121 -0.111956)
(-0.125605 6.25563 -0.0192097)
(0.125538 6.25563 -0.019207)
(-6.99252e-05 6.25305 0.115863)
(0.428441 6.26194 -0.029172)
(0.458519 6.24773 0.132369)
(0.509219 5.88067 0.249013)
(0.386178 6.00174 0.254951)
(0.458096 6.12477 0.240821)
(-0.240948 6.4995 -0.109627)
(-0.258571 6.37745 -0.0168822)
(-0.256332 6.62251 -0.0163943)
(-0.252941 6.49991 0.116841)
(-0.410966 6.74026 -0.0346503)
(-0.489291 6.74873 0.130997)
(-0.446362 6.38005 0.250207)
(-0.373321 6.49998 0.248666)
(-0.488643 6.62393 0.249789)
(0.240948 6.4995 -0.109627)
(0.258554 6.37745 -0.0168657)
(0.256357 6.62251 -0.0163931)
(0.252983 6.4999 0.116871)
(0.00110557 6.73633 -0.145429)
(-0.127653 6.74479 -0.0220521)
(0.127793 6.74479 -0.0220519)
(0.000109649 6.74595 0.10996)
(-4.28988e-05 6.37577 0.246495)
(-0.127562 6.49964 0.244242)
(0.127566 6.49965 0.244231)
(-2.37928e-05 6.62378 0.241164)
(0.410966 6.74026 -0.0346503)
(0.489291 6.74873 0.130997)
(0.446362 6.38005 0.250207)
(0.37332 6.49998 0.248658)
(0.488643 6.62393 0.249789)
(-0.300339 6.95553 -0.185099)
(-0.263114 6.86678 -0.0279016)
(-0.267039 7.11517 -0.021809)
(-0.266265 6.99234 0.109033)
(-0.486238 7.24409 -0.137791)
(-0.402356 7.24059 -0.0209713)
(-0.527312 7.24247 0.111543)
(-0.548531 6.86777 0.247502)
(-0.591973 7.00962 0.25773)
(-0.401532 6.99101 0.240367)
(-0.527345 7.116 0.241677)
(0.300339 6.95553 -0.185099)
(0.263122 6.86678 -0.0279017)
(0.26711 7.11517 -0.021809)
(0.266313 6.99234 0.109033)
(0.000226992 7.2396 -0.151099)
(-0.133328 7.24132 -0.0220842)
(0.133538 7.24132 -0.0220841)
(0.486238 7.24409 -0.137791)
(0.402367 7.24059 -0.0209713)
(0.527315 7.24247 0.111543)
(0.548531 6.86777 0.247502)
(0.401562 6.99101 0.240367)
(0.591973 7.00962 0.25773)
(0.527351 7.116 0.241677)
(-0.261612 7.49832 -0.143883)
(-0.266857 7.36925 -0.0180627)
(-0.262294 7.62674 -0.0149987)
(-0.529183 7.74843 -0.146537)
(-0.619462 7.74764 0.00340018)
(-0.393845 7.75512 -0.0139188)
(-0.526503 7.75449 0.115031)
(-0.525906 7.36943 0.242041)
(-0.642514 7.49766 0.245083)
(-0.521455 7.62624 0.242499)
(0.261691 7.49832 -0.143883)
(0.266919 7.36925 -0.0180626)
(0.262377 7.62674 -0.0149986)
(0.000365789 7.75663 -0.146905)
(-0.130396 7.75732 -0.0188474)
(0.130684 7.75732 -0.0188474)
(0.529183 7.74843 -0.146537)
(0.39387 7.75512 -0.0139188)
(0.619462 7.74764 0.00340018)
(0.526505 7.75449 0.115031)
(0.525912 7.36943 0.242042)
(0.642515 7.49766 0.245083)
(0.52146 7.62624 0.242499)
(-0.25998 8.01605 -0.149463)
(-0.263102 7.88734 -0.0189616)
(-0.260722 8.15311 -0.0220413)
(-0.263303 8.02107 0.108997)
(-0.380215 8.24227 -0.00382758)
(-0.528423 7.88317 0.24249)
(-0.658211 8.00096 0.252802)
(-0.395336 8.01696 0.240125)
(-0.551595 8.17099 0.211251)
(0.260064 8.01605 -0.149463)
(0.263214 7.88734 -0.0189614)
(0.260723 8.15311 -0.0220413)
(0.263343 8.02107 0.108997)
(-0.127734 8.30898 -0.0320559)
(0.127734 8.30898 -0.0320559)
(-0.0010758 8.27747 0.104438)
(0.380215 8.24227 -0.00382758)
(0.528425 7.88317 0.24249)
(0.395347 8.01696 0.240125)
(0.658211 8.00096 0.252802)
(0.551595 8.17099 0.211251)
(0.00337145 8.43154 0.210846)
(-2.24636 -8.00749 0.3757)
(-2.25988 -8.08638 0.500003)
(-2.25115 -7.87545 0.502667)
(-2.24727 -7.99927 0.624749)
(-2.55023 -7.69846 0.375003)
(-2.39287 -7.73829 0.504542)
(-2.53246 -7.72216 0.621914)
(-2.48773 -8.11449 0.75001)
(-2.65427 -8.00174 0.739149)
(-2.38124 -7.99702 0.750769)
(-2.52113 -7.86116 0.7512)
(-1.99642 -7.7501 0.376236)
(-2.11999 -7.74445 0.506839)
(-1.86942 -7.74938 0.499874)
(-1.97085 -7.74253 0.629624)
(-2.0808 -8.05172 0.71454)
(-1.88698 -7.9783 0.73243)
(-1.96934 -7.88341 0.745866)
(2.24636 -8.00749 0.3757)
(2.25988 -8.08638 0.500003)
(2.25115 -7.87545 0.502667)
(2.24727 -7.99927 0.624749)
(1.99642 -7.7501 0.376236)
(1.86942 -7.74938 0.499874)
(2.11999 -7.74445 0.506839)
(1.97085 -7.74253 0.629624)
(1.88698 -7.9783 0.73243)
(2.0808 -8.05172 0.71454)
(1.96934 -7.88341 0.745866)
(2.55023 -7.69846 0.375003)
(2.39287 -7.73829 0.504542)
(2.53246 -7.72216 0.621914)
(2.48773 -8.11449 0.75001)
(2.38124 -7.99702 0.750769)
(2.65427 -8.00174 0.739149)
(2.52113 -7.86115 0.751202)
(-2.26709 -7.48734 0.389511)
(-2.26078 -7.60939 0.511964)
(-2.24605 -7.34611 0.531618)
(-2.25288 -7.47137 0.65418)
(-2.01417 -7.24381 0.379676)
(-1.955 -7.5546 0.793807)
(2.26709 -7.48734 0.389511)
(2.26078 -7.60939 0.511964)
(2.24605 -7.34611 0.531618)
(2.25288 -7.47137 0.65418)
(2.01417 -7.24381 0.379676)
(1.955 -7.5546 0.793807)
(-2.23819 -6.99957 0.372742)
(2.23819 -6.99957 0.372742)
(-2.00766 -6.25004 0.341318)
(2.00767 -6.25002 0.34127)
(-2.00333 -5.74745 0.400115)
(2.00333 -5.74745 0.400115)
(-1.99891 -5.25279 0.403211)
(1.99891 -5.25279 0.403211)
(-1.70283 -5.00227 0.419921)
(-1.75517 -4.87586 0.47112)
(-2.0027 -4.75031 0.3971)
(-1.87585 -4.74955 0.533272)
(-1.49956 -4.75438 0.359054)
(1.70283 -5.00227 0.419921)
(1.75517 -4.87586 0.47112)
(1.49956 -4.75438 0.359054)
(2.0027 -4.75031 0.3971)
(1.87585 -4.74955 0.533272)
(-1.74565 -4.50799 0.407406)
(-1.75414 -4.62704 0.52791)
(-1.75396 -4.38022 0.529318)
(-2.06207 -4.21439 0.43779)
(-1.93767 -4.28524 0.557024)
(-1.48145 -4.26191 0.395111)
(-1.61872 -4.25868 0.536259)
(-1.37464 -4.25787 0.500384)
(-1.50168 -4.24958 0.609846)
(1.74566 -4.50799 0.407404)
(1.75414 -4.62704 0.52791)
(1.75397 -4.38022 0.529317)
(1.48165 -4.26193 0.39541)
(1.37464 -4.25787 0.500384)
(1.61866 -4.2587 0.53623)
(1.50168 -4.24958 0.609846)
(2.06207 -4.21439 0.43779)
(1.93767 -4.28524 0.557024)
(-1.76589 -4.0022 0.395846)
(-1.75687 -4.13533 0.536127)
(-1.77353 -3.87612 0.521569)
(-1.80238 -4.03727 0.697375)
(-2.02116 -3.7487 0.368328)
(-1.93958 -3.74612 0.540845)
(-1.18252 -4.04665 0.40553)
(-1.28111 -4.12024 0.48923)
(-1.20392 -3.9174 0.544139)
(-1.63499 -3.75538 0.52007)
(-1.35323 -3.7593 0.517402)
(-1.49025 -3.763 0.656824)
(-1.62471 -3.98402 0.774911)
(-1.49842 -3.88014 0.790405)
(-1.10788 -3.74632 0.48649)
(1.18252 -4.04665 0.40553)
(1.28111 -4.12024 0.48923)
(1.20392 -3.9174 0.544139)
(1.10788 -3.74632 0.48649)
(1.76588 -4.00221 0.395838)
(1.75686 -4.13533 0.536118)
(1.77353 -3.87612 0.521568)
(1.80238 -4.03727 0.697375)
(1.35323 -3.7593 0.517404)
(1.63498 -3.75538 0.52007)
(1.49025 -3.763 0.656825)
(1.62471 -3.98402 0.774911)
(1.49842 -3.88014 0.790405)
(2.02116 -3.7487 0.368328)
(1.93958 -3.74612 0.540845)
(-1.77599 -3.49874 0.381213)
(-1.78235 -3.62563 0.512586)
(-1.76961 -3.37454 0.512599)
(-1.77528 -3.50004 0.631301)
(-1.97435 -3.25419 0.361837)
(-1.91216 -3.25276 0.536371)
(-1.22199 -3.50641 0.385065)
(-1.22039 -3.62967 0.513526)
(-1.22808 -3.38179 0.512815)
(-1.19435 -3.53737 0.683638)
(-1.63436 -3.25032 0.50903)
(-1.36266 -3.25412 0.512587)
(-1.49784 -3.25169 0.640106)
(-1.49141 -3.63102 0.780049)
(-1.62623 -3.5009 0.761919)
(-1.31183 -3.53946 0.807352)
(-1.49665 -3.37602 0.771006)
(-0.988044 -3.25111 0.373967)
(-1.09917 -3.2559 0.507878)
(1.22199 -3.5064 0.385066)
(1.22039 -3.62967 0.513526)
(1.22808 -3.38178 0.512822)
(1.19435 -3.53737 0.683638)
(0.988044 -3.25111 0.373967)
(1.09918 -3.25589 0.507894)
(1.77599 -3.49874 0.381213)
(1.78235 -3.62563 0.512586)
(1.76961 -3.37454 0.5126)
(1.77528 -3.50004 0.631301)
(1.36267 -3.25408 0.512626)
(1.63436 -3.25031 0.509037)
(1.49784 -3.25167 0.640121)
(1.49141 -3.63102 0.780049)
(1.31183 -3.53946 0.807352)
(1.62623 -3.5009 0.761919)
(1.49665 -3.37602 0.771008)
(1.97435 -3.25419 0.361837)
(1.91216 -3.25276 0.536371)
(-1.77609 -3.00038 0.380248)
(-1.77026 -3.123 0.508864)
(-1.778 -2.87848 0.511754)
(-1.77469 -3.00196 0.635731)
(-1.95323 -2.74884 0.380081)
(-1.88558 -2.75152 0.50664)
(-1.22888 -3.00576 0.378228)
(-1.22684 -3.13194 0.511519)
(-1.23354 -2.88067 0.510443)
(-1.2308 -3.00792 0.643607)
(-1.49953 -3.12625 0.772257)
(-1.63313 -3.00165 0.778185)
(-1.37088 -3.00357 0.771925)
(-1.50422 -2.88014 0.772873)
(-0.979691 -2.7528 0.376711)
(-1.1041 -2.75483 0.508254)
(-0.879387 -2.74801 0.496016)
(-0.938384 -2.7892 0.667987)
(-1.08549 -3.00955 0.788514)
(-1.00236 -2.88458 0.755294)
(1.22893 -3.0056 0.378478)
(1.22686 -3.13182 0.511658)
(1.23375 -2.8803 0.511325)
(1.23085 -3.00704 0.644261)
(0.97975 -2.75274 0.37693)
(0.879387 -2.74801 0.496016)
(1.10431 -2.7546 0.509061)
(0.938384 -2.7892 0.667987)
(1.08502 -3.00272 0.791118)
(1.00236 -2.88458 0.755294)
(1.77609 -3.00038 0.380251)
(1.77026 -3.123 0.508865)
(1.77801 -2.87848 0.51176)
(1.77469 -3.00196 0.635734)
(1.49953 -3.12623 0.772272)
(1.37087 -3.00325 0.772079)
(1.63313 -3.00164 0.778194)
(1.50423 -2.8801 0.772914)
(1.95323 -2.74884 0.380081)
(1.88558 -2.75152 0.50664)
(-1.75597 -2.50056 0.376624)
(-1.76393 -2.62632 0.511243)
(-1.76053 -2.37632 0.510695)
(-1.77523 -2.50134 0.645455)
(-1.95966 -2.24978 0.376023)
(-1.87595 -2.25086 0.504886)
(-1.95877 -2.2471 0.615908)
(-1.90457 -2.50045 0.746804)
(-1.23461 -2.62905 0.509661)
(-1.23496 -2.50419 0.642773)
(-1.50768 -2.6288 0.771708)
(-1.64192 -2.50315 0.772195)
(-1.37322 -2.50371 0.777775)
(-1.5067 -2.37979 0.781346)
(-0.79663 -2.48683 0.365157)
(-0.79259 -2.36571 0.487951)
(-0.975616 -2.25311 0.378317)
(-0.854048 -2.25356 0.506037)
(-0.976476 -2.25413 0.637186)
(-0.959218 -2.62811 0.78451)
(-1.10267 -2.50629 0.780363)
(-0.934281 -2.41327 0.80862)
(0.79663 -2.48683 0.365157)
(0.79259 -2.36571 0.487951)
(1.23469 -2.62896 0.509939)
(1.23499 -2.50415 0.642873)
(0.975613 -2.25311 0.378314)
(0.854048 -2.25356 0.506038)
(0.976476 -2.25413 0.637189)
(0.959218 -2.62811 0.78451)
(1.10268 -2.50628 0.780382)
(0.934281 -2.41327 0.80862)
(1.75597 -2.50056 0.376624)
(1.76393 -2.62632 0.511247)
(1.76053 -2.37632 0.510695)
(1.77524 -2.50134 0.645456)
(1.50768 -2.62878 0.771725)
(1.37323 -2.5037 0.77779)
(1.64192 -2.50314 0.772197)
(1.5067 -2.37979 0.781349)
(1.95966 -2.24978 0.376023)
(1.87595 -2.25086 0.504886)
(1.95877 -2.2471 0.615908)
(1.90457 -2.50045 0.746804)
(-1.75066 -2.00018 0.37188)
(-1.75382 -2.12586 0.504157)
(-1.75383 -1.87549 0.502524)
(-1.76414 -2.00181 0.635593)
(-1.96276 -1.75041 0.378384)
(-1.87415 -1.75003 0.50141)
(-1.972 -1.75 0.613637)
(-1.91868 -2.00103 0.782027)
(-1.50619 -2.12959 0.782772)
(-1.64339 -2.00404 0.776354)
(-1.37175 -2.00363 0.774647)
(-1.5068 -1.8778 0.769466)
(-0.696501 -2.0287 0.379725)
(-0.74521 -2.12996 0.500214)
(-0.700634 -1.9085 0.536607)
(-0.756738 -2.00011 0.619023)
(-0.983197 -1.75383 0.378643)
(-0.855956 -1.75491 0.508102)
(-0.981079 -1.7545 0.638046)
(-0.977267 -2.12926 0.766975)
(-1.10694 -2.0035 0.77017)
(-0.843451 -2.00019 0.779606)
(-0.974831 -1.87924 0.769405)
(-0.641395 -1.74736 0.49072)
(0.696501 -2.0287 0.379725)
(0.74521 -2.12996 0.500214)
(0.700634 -1.9085 0.536607)
(0.756738 -2.00011 0.619023)
(0.641395 -1.74736 0.49072)
(0.983199 -1.75383 0.378642)
(0.855957 -1.75491 0.508103)
(0.981081 -1.7545 0.638047)
(0.977267 -2.12926 0.766975)
(0.843451 -2.00019 0.779606)
(1.10694 -2.0035 0.77017)
(0.974831 -1.87924 0.769405)
(1.75066 -2.00018 0.371879)
(1.75382 -2.12586 0.504158)
(1.75383 -1.87549 0.502525)
(1.76414 -2.00181 0.635593)
(1.50619 -2.12959 0.782775)
(1.37175 -2.00363 0.774648)
(1.64339 -2.00404 0.776354)
(1.5068 -1.8778 0.769466)
(1.96276 -1.75041 0.378384)
(1.87415 -1.75003 0.50141)
(1.972 -1.75 0.613637)
(1.91868 -2.00103 0.782027)
(-1.76478 -1.49947 0.373272)
(-1.75949 -1.62499 0.502872)
(-1.76133 -1.3745 0.502948)
(-1.76968 -1.50012 0.635295)
(-1.95216 -1.25361 0.386279)
(-1.87823 -1.24954 0.501162)
(-1.96522 -1.25012 0.614217)
(-1.94403 -1.50177 0.798308)
(-1.50776 -1.62594 0.761749)
(-1.64479 -1.50032 0.764656)
(-1.37522 -1.50096 0.761617)
(-1.5081 -1.37508 0.761859)
(-0.724563 -1.50696 0.379255)
(-0.723391 -1.63313 0.507679)
(-0.719602 -1.38325 0.514464)
(-0.725151 -1.50737 0.640308)
(-0.985443 -1.62863 0.764616)
(-1.11391 -1.5028 0.767758)
(-0.857485 -1.50513 0.767247)
(-0.983425 -1.37997 0.770694)
(-0.486831 -1.25527 0.374437)
(-0.599997 -1.2568 0.509262)
(-0.5389 -1.24153 0.614647)
(0.724563 -1.50696 0.379254)
(0.723391 -1.63313 0.507679)
(0.719602 -1.38325 0.514464)
(0.725151 -1.50737 0.640308)
(0.486831 -1.25527 0.374437)
(0.599997 -1.2568 0.509262)
(0.5389 -1.24153 0.614647)
(0.985446 -1.62863 0.764617)
(0.857486 -1.50513 0.767247)
(1.11393 -1.5028 0.767758)
(0.983432 -1.37997 0.770694)
(1.76478 -1.49947 0.37327)
(1.75949 -1.62499 0.50287)
(1.76134 -1.3745 0.502926)
(1.76969 -1.50012 0.635278)
(1.50778 -1.62594 0.761743)
(1.37529 -1.50096 0.761612)
(1.64483 -1.50032 0.764616)
(1.50819 -1.37509 0.761788)
(1.95216 -1.25361 0.386279)
(1.87824 -1.24954 0.501152)
(1.96522 -1.25012 0.614217)
(1.94403 -1.50177 0.798308)
(-1.7822 -0.998227 0.370196)
(-1.76827 -1.12385 0.500599)
(-1.79216 -0.871292 0.49649)
(-1.77623 -0.997839 0.631611)
(-1.93663 -0.73943 0.489266)
(-1.93251 -1.00045 0.791731)
(-1.50868 -1.1247 0.760994)
(-1.64514 -0.998458 0.761458)
(-1.37873 -1.00013 0.76089)
(-1.51402 -0.873557 0.761709)
(-0.73103 -1.00547 0.378807)
(-0.72906 -1.13133 0.508367)
(-0.731857 -0.881106 0.507948)
(-0.729653 -1.00742 0.639707)
(-0.986895 -1.12984 0.769954)
(-1.1192 -1.00248 0.764145)
(-0.859915 -1.00606 0.770101)
(-0.992295 -0.878271 0.765522)
(-0.471204 -0.760115 0.379404)
(-0.605685 -0.756899 0.507331)
(-0.336582 -0.778841 0.499986)
(-0.481159 -0.757132 0.633558)
(-0.573328 -1.04266 0.809054)
(-0.472956 -0.878657 0.74808)
(0.73103 -1.00547 0.378807)
(0.72906 -1.13133 0.508367)
(0.731858 -0.881105 0.507947)
(0.729654 -1.00742 0.639706)
(0.471204 -0.760115 0.379404)
(0.336582 -0.778841 0.499986)
(0.605687 -0.756898 0.507328)
(0.48116 -0.757131 0.633557)
(0.573328 -1.04266 0.809054)
(0.472956 -0.878657 0.74808)
(0.986899 -1.12984 0.769952)
(0.859916 -1.00606 0.770101)
(1.11921 -1.00248 0.764138)
(0.992297 -0.878271 0.76552)
(1.78221 -0.998228 0.370186)
(1.76831 -1.12386 0.500535)
(1.79216 -0.871293 0.496476)
(1.7763 -0.997849 0.631479)
(1.50884 -1.12473 0.76072)
(1.37878 -1.00014 0.760821)
(1.64529 -0.998482 0.761173)
(1.51406 -0.873563 0.761643)
(1.93663 -0.73943 0.489266)
(1.93251 -1.00045 0.791731)
(-1.78026 -0.495438 0.371669)
(-1.7991 -0.617655 0.496614)
(-1.77638 -0.369585 0.500562)
(-1.78502 -0.492671 0.631865)
(-1.85365 -0.264596 0.495944)
(-1.87168 -0.499576 0.744419)
(-1.52187 -0.246088 0.374846)
(-1.65194 -0.244159 0.503713)
(-1.52578 -0.243943 0.63468)
(-1.51768 -0.62154 0.763946)
(-1.65135 -0.493729 0.764966)
(-1.38538 -0.49754 0.76505)
(-1.52217 -0.369314 0.767783)
(-0.995393 -0.627051 0.764409)
(-1.12543 -0.500332 0.763958)
(-0.867186 -0.503186 0.768194)
(-0.998217 -0.376006 0.766001)
(-0.215674 -0.535006 0.37173)
(-0.269374 -0.612581 0.490442)
(-0.20226 -0.435212 0.542417)
(-0.267287 -0.510016 0.626673)
(-0.365088 -0.261581 0.506257)
(-0.486301 -0.258836 0.634903)
(-0.480928 -0.630466 0.759615)
(-0.606462 -0.507533 0.770246)
(-0.330819 -0.513968 0.759733)
(-0.476905 -0.386786 0.768486)
(0.215674 -0.535006 0.37173)
(0.269374 -0.612581 0.490442)
(0.20226 -0.435212 0.542417)
(0.267287 -0.510016 0.626673)
(-4.34293e-05 -0.277747 0.37629)
(-0.122159 -0.266339 0.503645)
(0.12196 -0.266339 0.503646)
(-0.000731091 -0.281142 0.628771)
(6.93889e-18 -0.393307 0.736117)
(0.365043 -0.261581 0.506259)
(0.486292 -0.258831 0.634885)
(0.480919 -0.63047 0.759603)
(0.330819 -0.513968 0.759733)
(0.606559 -0.507473 0.770423)
(0.476895 -0.38679 0.768474)
(0.995396 -0.62705 0.76441)
(0.867196 -0.50318 0.768205)
(1.12543 -0.500332 0.763958)
(0.998219 -0.376004 0.766003)
(1.78026 -0.495437 0.37167)
(1.7991 -0.617655 0.496612)
(1.77638 -0.369586 0.500562)
(1.78502 -0.492671 0.631864)
(1.52187 -0.246088 0.374847)
(1.65194 -0.244159 0.503713)
(1.52578 -0.243943 0.634679)
(1.51768 -0.62154 0.763938)
(1.38538 -0.49754 0.765049)
(1.65135 -0.493729 0.764965)
(1.52217 -0.369314 0.767782)
(1.85365 -0.264596 0.495944)
(1.87168 -0.499576 0.744419)
(-1.78371 0.0070334 0.374503)
(-1.81157 -0.0927887 0.50397)
(-1.75916 0.129055 0.502554)
(-1.76623 0.00624318 0.627061)
(-1.51466 0.251351 0.37592)
(-1.63967 0.251425 0.502086)
(-1.52018 0.253334 0.634974)
(-1.52461 -0.118605 0.765751)
(-1.64891 0.00634094 0.762941)
(-1.39147 0.00432207 0.769178)
(-1.52055 0.129903 0.765938)
(-0.493621 -0.130906 0.761916)
(-0.622989 -0.00273691 0.762662)
(-0.373615 -0.00622422 0.759278)
(-0.500277 0.121341 0.761851)
(-0.00232884 -0.146497 0.761732)
(-0.126471 -0.0131126 0.760254)
(0.125126 -0.0131131 0.760255)
(0.493563 -0.130906 0.761917)
(0.373427 -0.00622635 0.759284)
(0.622968 -0.00273834 0.762667)
(0.500231 0.121335 0.761869)
(1.78371 0.0070334 0.374503)
(1.81157 -0.0927887 0.50397)
(1.75916 0.129055 0.502554)
(1.76623 0.00624318 0.627061)
(1.51466 0.251349 0.375914)
(1.63967 0.251424 0.502084)
(1.52017 0.253329 0.634946)
(1.52461 -0.118606 0.76575)
(1.39147 0.00432038 0.769167)
(1.64891 0.00634088 0.762941)
(1.52055 0.129902 0.765932)
(-1.72154 0.499286 0.374306)
(-1.72477 0.373587 0.496178)
(-1.69953 0.618042 0.488216)
(-1.52442 0.752415 0.375467)
(-1.68415 0.753366 0.530974)
(-1.53307 0.751479 0.630384)
(-1.52255 0.379065 0.768651)
(-1.64068 0.502718 0.745012)
(-1.39163 0.502034 0.76291)
(-1.5215 0.626243 0.758731)
(1.72154 0.499286 0.374306)
(1.72477 0.373587 0.496178)
(1.69953 0.618042 0.488216)
(1.52456 0.752258 0.375436)
(1.68415 0.753366 0.530974)
(1.5329 0.751369 0.630135)
(1.52251 0.379054 0.768596)
(1.39132 0.501932 0.762412)
(1.64068 0.50272 0.745012)
(1.52129 0.626176 0.758443)
(-1.54123 1.25218 0.374963)
(-1.65438 1.25022 0.499467)
(-1.40665 1.25319 0.505701)
(-1.53556 1.25234 0.634039)
(-1.5242 0.876271 0.759298)
(-1.60805 1.00523 0.749473)
(-1.40292 1.00301 0.77185)
(-1.55958 1.13262 0.802053)
(-1.00552 0.875192 0.765278)
(-1.13576 1.00104 0.767437)
(-1.00814 1.12532 0.76449)
(1.00538 0.875061 0.764641)
(1.13554 1.00079 0.765869)
(1.008 1.12522 0.764187)
(1.54122 1.25212 0.374979)
(1.40641 1.25287 0.505658)
(1.65438 1.25022 0.499467)
(1.5354 1.25199 0.634173)
(1.52239 0.875482 0.758395)
(1.40163 1.00148 0.76974)
(1.60158 1.00305 0.747162)
(1.55958 1.13262 0.802053)
(-1.27359 1.50867 0.373376)
(-1.27311 1.38014 0.505015)
(-1.27437 1.63563 0.502522)
(-1.27156 1.50674 0.634472)
(-1.51459 1.74301 0.374724)
(-1.40573 1.75849 0.500451)
(-1.49437 1.73662 0.615106)
(-1.54127 1.38037 0.781718)
(-1.39767 1.50779 0.764866)
(-1.48499 1.62989 0.749314)
(-1.00973 1.37635 0.76121)
(-1.1382 1.50313 0.761167)
(-1.01287 1.62787 0.759858)
(1.27309 1.50844 0.373007)
(1.27244 1.37956 0.50468)
(1.27306 1.63523 0.501375)
(1.26942 1.50549 0.632811)
(1.00915 1.37595 0.760892)
(1.13624 1.502 0.76006)
(1.01146 1.6274 0.759087)
(1.51484 1.74301 0.374688)
(1.40511 1.75853 0.500066)
(1.49334 1.73712 0.620547)
(1.54055 1.37271 0.786027)
(1.39323 1.50423 0.762192)
(1.49463 1.62241 0.738229)
(-1.27659 2.01601 0.365863)
(-1.28185 1.88917 0.499272)
(-1.31473 2.16515 0.49508)
(-1.28745 2.01465 0.634256)
(-1.35692 1.99666 0.745258)
(-1.02025 2.25836 0.365374)
(-1.15369 2.25962 0.497297)
(-1.02404 2.25708 0.627879)
(-1.02199 1.88136 0.760466)
(-1.15949 2.01152 0.76354)
(-1.02574 2.13195 0.760347)
(1.27656 2.016 0.365847)
(1.28155 1.88915 0.499112)
(1.31473 2.16515 0.49508)
(1.28729 2.01462 0.634191)
(1.02025 2.25836 0.36537)
(1.15368 2.25962 0.497296)
(1.02403 2.25708 0.627894)
(1.02136 1.88132 0.760267)
(1.15928 2.01151 0.763479)
(1.02567 2.13192 0.760373)
(1.35684 1.9968 0.745361)
(-1.23886 2.3755 0.503759)
(-1.22265 2.4979 0.629465)
(-0.759868 2.50343 0.367077)
(-0.758928 2.6264 0.495827)
(-1.00692 2.75022 0.373575)
(-1.16244 2.74984 0.492934)
(-0.887057 2.75053 0.496977)
(-1.01854 2.75124 0.623416)
(-1.01573 2.37766 0.756635)
(-1.12737 2.50051 0.752579)
(-1.00798 2.62582 0.75393)
(0.759907 2.50344 0.367028)
(0.758986 2.62639 0.495826)
(1.23886 2.3755 0.503759)
(1.22265 2.4979 0.629465)
(1.00693 2.75022 0.373577)
(0.887068 2.75053 0.496976)
(1.16244 2.74984 0.492934)
(1.01854 2.75124 0.623417)
(1.01575 2.37766 0.756677)
(1.12737 2.50051 0.752584)
(1.00798 2.62582 0.753935)
(-3.76617 3.12387 0.511224)
(-3.80014 3.00292 0.578355)
(-3.91428 3.00196 0.743741)
(-3.26336 2.99526 0.387265)
(-3.22783 3.08581 0.490541)
(-3.2095 2.936 0.619989)
(-3.52122 3.24524 0.355884)
(-3.69788 3.2979 0.453394)
(-3.38189 3.24283 0.49182)
(-3.52202 3.26201 0.621056)
(-3.49395 2.85136 0.744605)
(-3.63484 2.98818 0.739175)
(-3.35116 2.97007 0.752502)
(-3.50184 3.12405 0.754054)
(-2.93728 3.18265 0.360103)
(-3.08786 3.22873 0.508387)
(-2.99149 3.25952 0.610134)
(-0.763662 2.99719 0.366971)
(-0.76174 2.87419 0.496852)
(-1.02381 3.24414 0.368147)
(-1.195 3.20331 0.456007)
(-1.02566 3.24551 0.623639)
(-1.01818 2.87495 0.754642)
(-1.14232 2.99964 0.753716)
(-1.02569 3.12285 0.755923)
(0.763663 2.99719 0.366971)
(0.761744 2.87419 0.496851)
(1.02381 3.24414 0.368147)
(1.195 3.20331 0.456007)
(1.02566 3.24551 0.623639)
(1.01818 2.87495 0.754642)
(1.14232 2.99964 0.753716)
(1.02569 3.12285 0.755923)
(3.26336 2.99526 0.387265)
(3.22779 3.08577 0.49054)
(3.2095 2.936 0.619989)
(2.93728 3.18265 0.360103)
(3.08786 3.2287 0.508365)
(2.99149 3.25952 0.610134)
(3.76617 3.12387 0.511224)
(3.80014 3.00292 0.578355)
(3.52123 3.24527 0.355888)
(3.38191 3.24289 0.491803)
(3.69788 3.2979 0.453394)
(3.52243 3.26344 0.621929)
(3.49395 2.85136 0.744604)
(3.35117 2.97008 0.752502)
(3.63484 2.98818 0.739173)
(3.50197 3.1241 0.753982)
(3.91428 3.00196 0.743741)
(-3.26758 3.51471 0.371654)
(-3.24557 3.37894 0.506864)
(-3.26964 3.65507 0.511566)
(-3.24386 3.51452 0.644322)
(-3.51451 3.40655 0.770262)
(-3.36603 3.53516 0.791491)
(-2.74437 3.49588 0.377487)
(-2.75274 3.62881 0.473788)
(-3.00984 3.7616 0.415073)
(-3.1399 3.79101 0.551382)
(-2.87288 3.75197 0.55744)
(-2.53296 3.75493 0.368166)
(-2.62555 3.74733 0.464262)
(-1.2644 3.50039 0.375958)
(-1.25074 3.37887 0.502247)
(-1.29872 3.61695 0.500705)
(-1.27242 3.49953 0.624503)
(-1.02895 3.74464 0.372744)
(-1.16201 3.74574 0.502765)
(-1.02915 3.74801 0.629417)
(-1.02718 3.37347 0.757363)
(-1.15629 3.49901 0.755591)
(-1.02976 3.62413 0.757873)
(1.2644 3.50039 0.375958)
(1.25074 3.37887 0.502247)
(1.29872 3.61695 0.500705)
(1.27242 3.49953 0.624503)
(1.02895 3.74464 0.372746)
(1.16201 3.74574 0.502763)
(1.02915 3.74801 0.629416)
(1.02718 3.37347 0.757362)
(1.15629 3.49901 0.755591)
(1.02975 3.62413 0.757872)
(2.74437 3.49588 0.377487)
(2.75274 3.62881 0.473788)
(2.53296 3.75493 0.368166)
(2.62555 3.74733 0.464262)
(3.26753 3.51476 0.371737)
(3.24495 3.37877 0.507196)
(3.26963 3.65508 0.511574)
(3.24384 3.51453 0.644346)
(3.00985 3.7616 0.415075)
(2.87288 3.75197 0.55744)
(3.1399 3.79101 0.551382)
(3.51457 3.40651 0.770184)
(3.36603 3.53516 0.791491)
(-2.76463 4.01024 0.436164)
(-2.74357 3.86059 0.563127)
(-2.76536 4.13556 0.554885)
(-2.49599 4.2488 0.43308)
(-2.63764 4.26468 0.550806)
(-2.35437 4.23761 0.530161)
(-1.27263 3.99781 0.375506)
(-1.27157 3.8724 0.503075)
(-1.26767 4.12498 0.503464)
(-1.30577 3.99968 0.66018)
(-1.3706 4.24831 0.497169)
(-1.14397 4.24697 0.505007)
(-1.01843 4.24753 0.630978)
(-1.0245 3.87386 0.755402)
(-1.15105 3.99939 0.753846)
(-1.01978 4.12423 0.755377)
(1.27262 3.99781 0.375506)
(1.27157 3.8724 0.503074)
(1.26767 4.12498 0.503464)
(1.30577 3.99968 0.66018)
(1.14396 4.24697 0.505005)
(1.01842 4.24753 0.630977)
(1.0245 3.87386 0.755401)
(1.15105 3.99939 0.753846)
(1.01978 4.12423 0.755377)
(1.3706 4.24831 0.497169)
(2.76463 4.01024 0.436168)
(2.74357 3.86059 0.563127)
(2.76536 4.13556 0.554885)
(2.49599 4.2488 0.433087)
(2.35437 4.23761 0.530161)
(2.63764 4.26468 0.550806)
(-2.24313 4.49482 0.428157)
(-2.23696 4.36599 0.519664)
(-2.24132 4.62607 0.56264)
(-2.51065 4.7629 0.382325)
(-2.39807 4.76577 0.487277)
(-1.98181 4.73328 0.412065)
(-2.12516 4.75537 0.556422)
(-1.87149 4.73508 0.494545)
(-1.27321 4.49394 0.380942)
(-1.27365 4.36826 0.507318)
(-1.26736 4.61981 0.507105)
(-1.27646 4.4917 0.633477)
(-1.50462 4.74557 0.37835)
(-1.62664 4.75192 0.498138)
(-1.38907 4.74211 0.508491)
(-1.52689 4.74432 0.623124)
(-1.35514 4.5016 0.744301)
(-1.02202 4.37213 0.759074)
(-1.15724 4.49296 0.762522)
(-1.02183 4.62534 0.767956)
(1.27321 4.49394 0.380939)
(1.27365 4.36826 0.507317)
(1.26734 4.61981 0.507087)
(1.27646 4.49169 0.633473)
(1.02201 4.37214 0.759076)
(1.15721 4.49297 0.762516)
(1.02173 4.62542 0.767991)
(1.50462 4.74558 0.378348)
(1.38898 4.74215 0.508436)
(1.62664 4.75192 0.498138)
(1.52689 4.74432 0.623124)
(1.35514 4.5016 0.744301)
(2.24313 4.49483 0.428157)
(2.23696 4.36599 0.519664)
(2.24132 4.62607 0.56264)
(1.98181 4.73328 0.412064)
(1.87149 4.73508 0.494545)
(2.12516 4.75537 0.556422)
(2.51065 4.7629 0.382325)
(2.39807 4.76577 0.487277)
(-2.30183 5.03972 0.423626)
(-2.24046 4.86939 0.511816)
(-1.75738 4.99023 0.393398)
(-1.76265 4.82063 0.539327)
(-1.76668 5.12162 0.534935)
(-1.76601 4.99113 0.670493)
(-2.02783 5.27125 0.38829)
(-2.12591 5.25266 0.500889)
(-1.88942 5.25764 0.52993)
(-1.99511 5.25065 0.593399)
(-1.26575 4.86913 0.517786)
(-1.26326 4.99996 0.651192)
(-1.63827 5.25826 0.531532)
(-1.38177 5.26515 0.524631)
(-1.51435 5.25695 0.66458)
(-1.5105 4.87385 0.765562)
(-1.62978 4.99911 0.741647)
(-1.39138 4.99598 0.779692)
(-1.54104 5.12159 0.814463)
(-0.999946 5.2649 0.38399)
(-1.12594 5.26886 0.518306)
(-0.874906 5.2678 0.514058)
(-0.999654 5.27434 0.650664)
(-1.01212 4.88275 0.77676)
(-1.13606 5.0059 0.78016)
(-0.879475 5.0133 0.779371)
(-1.00399 5.14085 0.782666)
(-0.626514 5.26346 0.511114)
(-0.501686 5.26593 0.642278)
(-0.499876 4.88565 0.773012)
(-0.625456 5.01442 0.780261)
(-0.374484 5.01268 0.774247)
(-0.500156 5.14024 0.781537)
(1.59523e-08 4.88613 0.769857)
(-0.123397 5.01081 0.771147)
(0.123397 5.01081 0.771147)
(-1.53357e-09 5.1373 0.770794)
(0.626514 5.26346 0.511113)
(0.501686 5.26593 0.642278)
(0.499877 4.88565 0.773016)
(0.374484 5.01268 0.774248)
(0.625457 5.01442 0.780266)
(0.500157 5.14024 0.781538)
(1.26574 4.86913 0.517773)
(1.26326 4.99996 0.651192)
(0.999945 5.2649 0.38399)
(0.874905 5.26781 0.514061)
(1.12594 5.26886 0.518306)
(0.999653 5.27434 0.650664)
(1.01211 4.88279 0.776796)
(0.879475 5.01331 0.779393)
(1.13604 5.00591 0.780159)
(1.00399 5.14086 0.782669)
(1.75737 4.99023 0.393397)
(1.76265 4.82063 0.539327)
(1.76668 5.12162 0.534936)
(1.76601 4.99113 0.670493)
(1.38177 5.26515 0.524631)
(1.63827 5.25826 0.531532)
(1.51435 5.25695 0.66458)
(1.5105 4.87385 0.765562)
(1.39138 4.99598 0.779692)
(1.62978 4.99911 0.741647)
(1.54104 5.12159 0.814463)
(2.30183 5.03972 0.423626)
(2.24046 4.86939 0.511816)
(2.02783 5.27125 0.38829)
(1.88942 5.25764 0.529931)
(2.12591 5.25266 0.500889)
(1.99511 5.25065 0.593399)
(-1.77271 5.53882 0.387256)
(-1.77303 5.39738 0.531688)
(-1.74553 5.62436 0.504849)
(-1.75691 5.49851 0.64743)
(-1.24885 5.52794 0.379856)
(-1.25072 5.40169 0.517583)
(-1.25024 5.62391 0.487517)
(-1.24416 5.55753 0.656352)
(-1.5057 5.37271 0.794327)
(-0.751089 5.50672 0.37894)
(-0.750121 5.38619 0.507299)
(-0.749902 5.4923 0.621414)
(-0.994701 5.43257 0.806203)
(-0.258238 5.63498 0.512114)
(-0.252282 5.50998 0.636278)
(-0.515431 5.74743 0.364792)
(-0.397898 5.75079 0.520918)
(-0.538198 5.42423 0.782894)
(-0.370749 5.51728 0.73878)
(0.258237 5.63498 0.512114)
(0.252282 5.50998 0.636278)
(-0.128529 5.75296 0.508568)
(0.128525 5.75296 0.508568)
(-2.43459e-06 5.75208 0.619271)
(5.89806e-17 5.42342 0.795437)
(-0.124153 5.50355 0.776038)
(0.124153 5.50355 0.776038)
(1.38778e-17 5.62423 0.701583)
(0.751089 5.50672 0.37894)
(0.750122 5.38619 0.507297)
(0.749902 5.4923 0.621414)
(0.515431 5.74743 0.364792)
(0.397898 5.75079 0.520918)
(0.538198 5.42423 0.782894)
(0.370749 5.51728 0.73878)
(1.24885 5.52794 0.379856)
(1.25072 5.40169 0.517583)
(1.25024 5.62391 0.487517)
(1.24416 5.55753 0.656352)
(0.994701 5.43257 0.806203)
(1.77271 5.53882 0.387256)
(1.77303 5.39738 0.531688)
(1.74553 5.62436 0.504849)
(1.75691 5.49851 0.64743)
(1.5057 5.37271 0.794327)
(-0.266218 6.00112 0.386674)
(-0.256779 5.87673 0.510096)
(-0.270223 6.12202 0.514282)
(-0.245152 6.00028 0.619131)
(-0.396813 6.24236 0.508286)
(0.266212 6.00112 0.386674)
(0.256777 5.87674 0.510096)
(0.270213 6.12202 0.514282)
(0.245152 6.00028 0.619131)
(-3.02848e-05 6.251 0.379417)
(-0.12799 6.25599 0.515761)
(0.127965 6.25599 0.51576)
(0 6.27239 0.648861)
(8.67362e-18 5.87384 0.703212)
(-0.00246379 6.07199 0.745522)
(0.396813 6.24236 0.508286)
(-0.258628 6.49799 0.373933)
(-0.252604 6.3809 0.514334)
(-0.257897 6.62149 0.486734)
(-0.218537 6.50369 0.616477)
(-0.529792 6.73431 0.36903)
(-0.386562 6.7424 0.497285)
(-0.558523 6.70893 0.588645)
(-0.560576 6.6127 0.733585)
(0.258604 6.49799 0.373918)
(0.252597 6.3809 0.514331)
(0.257849 6.62149 0.486734)
(0.218537 6.50369 0.616477)
(-0.000437078 6.7497 0.366169)
(-0.124574 6.75171 0.491145)
(0.124053 6.75171 0.491145)
(-0.00452195 6.73867 0.62547)
(0.529792 6.73431 0.36903)
(0.386554 6.7424 0.497285)
(0.558523 6.70893 0.588645)
(0.560576 6.6127 0.733585)
(-0.731595 7.13628 0.506874)
(-0.263165 6.99204 0.369765)
(-0.253934 6.86416 0.500749)
(-0.249971 6.98394 0.63255)
(-0.525649 7.24244 0.366511)
(-0.657114 7.24002 0.508284)
(-0.518158 7.24319 0.624013)
(-0.527489 6.85923 0.753814)
(-0.690572 6.97725 0.754708)
(-0.37181 6.98395 0.757864)
(-0.522743 7.11729 0.75163)
(0.263457 6.99204 0.369765)
(0.254028 6.86416 0.50075)
(0.250582 6.98394 0.632552)
(0.0167016 6.87476 0.745901)
(-0.0928093 6.93828 0.805544)
(0.0928093 6.93828 0.805544)
(0.00738962 7.09714 0.764593)
(0.731595 7.13628 0.506874)
(0.525673 7.24244 0.366512)
(0.65712 7.24002 0.508284)
(0.518233 7.24318 0.624015)
(0.527493 6.85923 0.753814)
(0.371896 6.98395 0.757865)
(0.690572 6.97725 0.754708)
(0.5228 7.11729 0.75163)
(-0.736918 7.50002 0.376424)
(-0.731675 7.37644 0.501029)
(-0.74907 7.62503 0.500038)
(-0.732724 7.50001 0.623742)
(-0.521116 7.7539 0.370679)
(-0.640662 7.75226 0.499547)
(-0.518498 7.75366 0.627408)
(-0.512283 7.37362 0.752106)
(-0.632421 7.49951 0.753061)
(-0.518821 7.62594 0.754844)
(0.736918 7.50002 0.376424)
(0.731675 7.37644 0.501029)
(0.74907 7.62503 0.500038)
(0.732724 7.50001 0.623742)
(0.521119 7.7539 0.370679)
(0.640663 7.75226 0.499547)
(0.518503 7.75366 0.627408)
(0.512316 7.37362 0.752107)
(0.632423 7.49951 0.753061)
(0.518831 7.62594 0.754844)
(-0.731207 7.8624 0.500444)
(-0.521337 8.27089 0.381227)
(-0.38929 8.27626 0.498361)
(-0.532055 8.28206 0.624661)
(-0.53134 7.88366 0.757582)
(-0.671624 8.00971 0.750179)
(-0.396524 8.01407 0.757656)
(-0.522662 8.13442 0.753798)
(0.000513036 8.2742 0.36808)
(-0.135134 8.27291 0.499522)
(0.135158 8.27291 0.499522)
(-0.000308305 8.27182 0.63008)
(0.731207 7.8624 0.500444)
(0.521337 8.27089 0.381227)
(0.38929 8.27626 0.498361)
(0.532055 8.28206 0.624661)
(0.531347 7.88366 0.757578)
(0.3965 8.01409 0.75765)
(0.671624 8.00971 0.750179)
(0.52266 8.13442 0.753798)
(-0.305417 8.42986 0.499562)
(0.305417 8.42986 0.499562)
(-0.000524408 8.39939 0.762273)
(-0.116722 8.46596 0.74164)
(0.116722 8.46596 0.74164)
(-2.25054 -8.00074 0.876208)
(-2.25014 -8.12046 1.00018)
(-2.25632 -7.85488 1.00949)
(-2.2532 -8.00697 1.12934)
(-2.48921 -7.73874 0.86733)
(-2.37628 -7.77146 0.999636)
(-2.47903 -8.04305 1.23373)
(-2.56758 -7.9995 1.19358)
(-2.37362 -8.009 1.25246)
(-2.48829 -7.89575 1.2371)
(-1.97599 -7.71891 0.889403)
(-2.1637 -7.69955 1.04204)
(-1.8662 -7.73645 0.999271)
(-2.01572 -7.71692 1.1505)
(-2.02281 -8.15235 1.23223)
(-2.13699 -7.99437 1.26009)
(-1.9136 -7.99055 1.29706)
(-2.01919 -7.82791 1.27845)
(2.25054 -8.00074 0.876208)
(2.25014 -8.12046 1.00018)
(2.25632 -7.85488 1.00949)
(2.2532 -8.00697 1.12934)
(1.97599 -7.71891 0.889403)
(1.8662 -7.73645 0.999271)
(2.1637 -7.69955 1.04204)
(2.01572 -7.71692 1.1505)
(2.02281 -8.15235 1.23223)
(1.9136 -7.99055 1.29706)
(2.13699 -7.99438 1.26009)
(2.01919 -7.82791 1.27845)
(2.48921 -7.73874 0.86733)
(2.37628 -7.77146 0.999636)
(2.47903 -8.04305 1.23373)
(2.37362 -8.009 1.25246)
(2.56758 -7.9995 1.19358)
(2.48829 -7.89575 1.2371)
(-1.50709 -3.74229 0.84325)
(1.50709 -3.74229 0.84325)
(-1.49974 -3.24983 0.881814)
(1.49974 -3.24983 0.881814)
(-1.26097 -2.99643 0.880354)
(-1.50398 -2.75346 0.890126)
(-1.37868 -2.73633 0.968589)
(1.26097 -2.99643 0.880354)
(1.50399 -2.75346 0.89013)
(1.37868 -2.73633 0.968589)
(-1.77745 -2.49697 0.905055)
(-1.2441 -2.50338 0.906608)
(-1.26067 -2.61915 0.9781)
(-1.23999 -2.37783 1.01676)
(-1.50165 -2.25723 0.925333)
(-1.62896 -2.25499 1.03481)
(-1.3707 -2.26043 1.05124)
(-0.968881 -2.24978 0.898039)
(-1.13209 -2.25061 0.992333)
(1.24411 -2.50338 0.906612)
(1.26067 -2.61915 0.9781)
(1.23999 -2.37783 1.01676)
(0.968881 -2.24978 0.898039)
(1.13209 -2.25061 0.992333)
(1.77745 -2.49697 0.905055)
(1.50165 -2.25723 0.925333)
(1.3707 -2.26043 1.05124)
(1.62896 -2.25499 1.03481)
(-1.81106 -2.03985 0.940406)
(-1.75639 -2.12878 0.997734)
(-1.75401 -1.87218 1.02489)
(-1.23687 -2.00441 0.905696)
(-1.25359 -2.12363 1.05672)
(-1.19798 -1.91129 1.06571)
(-1.50483 -1.75155 0.888095)
(-1.63107 -1.75155 1.01174)
(-1.37315 -1.7509 1.00752)
(-1.49852 -1.74953 1.10814)
(-0.988054 -1.75197 0.885834)
(-1.09716 -1.74839 1.03213)
(1.23687 -2.00441 0.905696)
(1.25359 -2.12363 1.05672)
(1.19798 -1.91129 1.06571)
(0.988054 -1.75197 0.885834)
(1.09716 -1.74839 1.03213)
(1.81106 -2.03985 0.940406)
(1.75639 -2.12878 0.997734)
(1.75401 -1.87218 1.02489)
(1.50484 -1.75155 0.888095)
(1.37316 -1.7509 1.00752)
(1.63107 -1.75155 1.01173)
(1.49852 -1.74953 1.10814)
(-1.77686 -1.50064 0.892635)
(-1.77614 -1.62485 1.02644)
(-1.77689 -1.37277 1.03021)
(-1.24367 -1.50154 0.890386)
(-1.24532 -1.62619 1.00953)
(-1.24447 -1.37607 1.01465)
(-1.26135 -1.49993 1.10144)
(-1.50501 -1.24996 0.886897)
(-1.62918 -1.24973 1.01251)
(-1.37457 -1.25035 1.01384)
(-1.49922 -1.24977 1.11849)
(-0.982426 -1.25648 0.901808)
(-1.07709 -1.28931 1.06585)
(-0.872338 -1.25131 0.988507)
(1.24374 -1.50153 0.890393)
(1.24533 -1.62619 1.00954)
(1.24477 -1.37603 1.0147)
(1.26135 -1.49993 1.10144)
(0.98243 -1.25648 0.901808)
(0.872338 -1.25131 0.988507)
(1.07709 -1.28931 1.06585)
(1.77687 -1.50064 0.892616)
(1.77614 -1.62485 1.02644)
(1.77689 -1.37277 1.03021)
(1.50509 -1.25001 0.886747)
(1.37472 -1.25036 1.01386)
(1.62883 -1.24984 1.01247)
(1.49891 -1.25 1.11851)
(-1.77027 -0.999048 0.883355)
(-1.76958 -1.12531 1.02334)
(-1.74896 -0.878579 1.02773)
(-1.24848 -1.00106 0.887396)
(-1.24765 -1.12617 1.01131)
(-1.24922 -0.875605 1.01368)
(-1.24936 -1.00011 1.11777)
(-1.51228 -0.747847 0.894586)
(-1.67271 -0.740643 1.06366)
(-1.37789 -0.749618 1.01716)
(-1.49251 -0.750576 1.11553)
(-0.698152 -1.04066 0.923676)
(-0.747992 -0.878612 1.01245)
(-0.994608 -0.752347 0.891022)
(-1.12358 -0.750856 1.01255)
(-0.832961 -0.785704 1.05792)
(-1.00397 -0.748418 1.10813)
(-0.497545 -0.750578 0.848456)
(0.698152 -1.04066 0.923676)
(0.747992 -0.878612 1.01245)
(0.497545 -0.750578 0.848456)
(1.24849 -1.00106 0.887379)
(1.24766 -1.12617 1.0113)
(1.24922 -0.875606 1.01368)
(1.24936 -1.00011 1.11777)
(0.994609 -0.752347 0.891022)
(0.832961 -0.785704 1.05792)
(1.12358 -0.750856 1.01255)
(1.00397 -0.748418 1.10813)
(1.77064 -0.999097 0.882712)
(1.76958 -1.12531 1.02334)
(1.74896 -0.878579 1.02773)
(1.51229 -0.747849 0.894568)
(1.37789 -0.749618 1.01716)
(1.67271 -0.740643 1.06366)
(1.49251 -0.750576 1.11553)
(-1.7903 -0.491571 0.905277)
(-1.77517 -0.621144 0.982471)
(-1.25361 -0.499346 0.892371)
(-1.25173 -0.624987 1.01996)
(-1.2536 -0.374346 1.0222)
(-1.25239 -0.500018 1.13356)
(-1.52654 -0.24241 0.902352)
(-1.63928 -0.245428 0.999964)
(-1.38407 -0.246972 1.02179)
(-0.736748 -0.50504 0.903842)
(-0.721811 -0.62651 1.04563)
(-0.703227 -0.412246 1.06849)
(-0.99977 -0.250431 0.895994)
(-1.12574 -0.250598 1.02835)
(-0.873415 -0.250564 1.02302)
(-0.999969 -0.250018 1.13647)
(-0.490381 -0.255766 0.889689)
(-0.589084 -0.281218 1.04531)
(-0.380617 -0.247572 0.96304)
(-0.0143936 -0.312483 0.930303)
(-0.128164 -0.236956 1.00435)
(0.128164 -0.236956 1.00435)
(0.736755 -0.505036 0.903863)
(0.721811 -0.62651 1.04563)
(0.703227 -0.412246 1.06849)
(0.490376 -0.255766 0.889689)
(0.380617 -0.247572 0.96304)
(0.589084 -0.281218 1.04531)
(1.25361 -0.499345 0.892371)
(1.25173 -0.624987 1.01996)
(1.2536 -0.374346 1.0222)
(1.25239 -0.500018 1.13356)
(0.999769 -0.250431 0.895995)
(0.873415 -0.250564 1.02303)
(1.12574 -0.250598 1.02835)
(0.999969 -0.250018 1.13647)
(1.7903 -0.491571 0.905277)
(1.77517 -0.621144 0.982471)
(1.52654 -0.24241 0.902352)
(1.38407 -0.246972 1.02179)
(1.63928 -0.245428 0.999964)
(-1.26043 0.00273948 0.898204)
(-1.25598 -0.123178 1.02254)
(-1.25837 0.126696 1.02367)
(-1.24611 -0.00165318 1.12303)
(-1.55326 0.288428 0.938324)
(-1.41562 0.25397 1.04282)
(-0.749172 -0.00114971 0.895359)
(-0.748477 -0.125876 1.02124)
(-0.750289 0.124397 1.03343)
(-0.750013 -2.35383e-05 1.13975)
(-1.12821 0.250414 1.03169)
(-0.875725 0.24961 1.04223)
(-1.00017 0.249994 1.15542)
(-0.251946 -0.00996473 0.886922)
(-0.258018 -0.166761 1.03757)
(-0.254007 0.114548 1.02061)
(-0.2507 0.00372501 1.1478)
(-0.503635 0.245156 0.893941)
(-0.627605 0.247204 1.03124)
(-0.382271 0.240815 1.02698)
(-0.51238 0.237553 1.17232)
(0.25155 -0.00996667 0.886926)
(0.258018 -0.166761 1.03757)
(0.25396 0.114541 1.02063)
(0.2507 0.00372501 1.1478)
(-0.127114 0.240911 1.02298)
(0.127076 0.240884 1.02304)
(-6.30426e-06 0.242652 1.15178)
(1.38778e-17 0.137105 1.239)
(0.749167 -0.00115095 0.895362)
(0.748476 -0.125876 1.02124)
(0.750286 0.124395 1.03343)
(0.750013 -2.35383e-05 1.13975)
(0.503614 0.245142 0.893992)
(0.382264 0.240793 1.02704)
(0.627596 0.247197 1.03127)
(0.51238 0.237553 1.17232)
(1.26043 0.00273788 0.898191)
(1.25598 -0.123178 1.02254)
(1.25836 0.126694 1.02366)
(1.24611 -0.00165318 1.12303)
(0.875716 0.249602 1.04223)
(1.12819 0.250405 1.03162)
(1.00017 0.249994 1.15542)
(1.55326 0.288428 0.938324)
(1.41562 0.25397 1.04282)
(-1.2583 0.501211 0.890301)
(-1.25548 0.375936 1.01381)
(-1.25484 0.625784 1.01366)
(-1.2382 0.499489 1.09775)
(-1.52569 0.750729 0.904488)
(-1.37395 0.754679 1.03185)
(-0.752275 0.372889 1.04101)
(-0.756765 0.6218 1.02632)
(-0.749589 0.49793 1.17937)
(-1.00397 0.749888 0.894762)
(-1.12882 0.750675 1.02296)
(-0.879162 0.748903 1.02078)
(-1.00639 0.749434 1.14675)
(-0.255268 0.365909 1.02602)
(-0.254301 0.620061 1.02166)
(-0.255158 0.49183 1.15447)
(-0.630815 0.747467 1.01935)
(-0.380819 0.746792 1.02025)
(-0.510941 0.746943 1.14621)
(-0.495411 0.378772 1.22585)
(-0.621844 0.504298 1.22372)
(-0.388035 0.486936 1.29886)
(-0.505412 0.621313 1.28411)
(0.255308 0.365764 1.02634)
(0.254286 0.619736 1.02265)
(0.255467 0.491011 1.15589)
(-0.126516 0.747302 1.02079)
(0.126482 0.74723 1.02121)
(-1.22519e-05 0.747676 1.15172)
(2.77556e-17 0.320955 1.30286)
(-0.126179 0.491121 1.26862)
(0.126328 0.490779 1.26973)
(6.61069e-06 0.621839 1.27357)
(0.752223 0.37286 1.04109)
(0.755318 0.621279 1.02791)
(0.749589 0.49793 1.17937)
(0.380807 0.746594 1.02141)
(0.630731 0.747204 1.02135)
(0.511216 0.746714 1.14756)
(0.495411 0.378772 1.22585)
(0.38878 0.486189 1.30063)
(0.621844 0.504298 1.22372)
(0.507118 0.619782 1.28814)
(1.2576 0.500986 0.888396)
(1.2554 0.375909 1.01349)
(1.25302 0.62519 1.00521)
(1.23852 0.499993 1.09764)
(1.00379 0.749539 0.894575)
(0.880852 0.747126 1.02863)
(1.12736 0.750072 1.01556)
(1.00706 0.749496 1.15432)
(1.52584 0.750771 0.904367)
(1.39085 0.747021 1.01784)
(-1.26282 1.00205 0.901523)
(-1.2876 0.882595 1.06296)
(-1.29438 1.12293 1.03878)
(-0.755547 0.873504 1.01849)
(-0.757533 1.12423 1.021)
(-0.755868 0.999295 1.14497)
(-1.00821 1.24975 0.889738)
(-1.13199 1.24962 1.00924)
(-0.884505 1.24857 1.0234)
(-1.00548 1.24781 1.15705)
(-0.252816 0.873194 1.02099)
(-0.252637 0.99843 1.15389)
(-0.634952 1.24952 1.02054)
(-0.509164 1.2495 1.14713)
(-0.544306 0.838726 1.31023)
(-0.656968 1.00296 1.282)
(-0.377743 0.99925 1.27938)
(-0.506762 1.12451 1.26898)
(0.252687 0.873195 1.02182)
(0.252269 0.998654 1.15552)
(-2.20173e-05 0.873877 1.29547)
(-0.126597 0.997496 1.29656)
(0.126514 0.99763 1.29756)
(-0.000882603 1.121 1.29157)
(0.755723 0.873982 1.02104)
(0.757516 1.12431 1.02135)
(0.75589 0.999467 1.14547)
(0.634755 1.24957 1.02117)
(0.508619 1.24968 1.14907)
(0.544306 0.838726 1.31023)
(0.37759 0.99938 1.28031)
(0.656963 1.00296 1.282)
(0.506566 1.12462 1.26986)
(1.26285 1.00189 0.89852)
(1.29204 0.910102 1.06076)
(1.2943 1.1235 1.03875)
(1.00807 1.24966 0.889603)
(0.884475 1.24858 1.02344)
(1.13194 1.24959 1.00914)
(1.00547 1.24781 1.15705)
(-1.26336 1.50347 0.886885)
(-1.2729 1.37501 1.02275)
(-1.2711 1.62487 1.02111)
(-0.75733 1.37466 1.02066)
(-0.756411 1.62493 1.02147)
(-0.755384 1.49981 1.1508)
(-1.01523 1.75278 0.88746)
(-1.13362 1.75113 1.01379)
(-0.883262 1.75027 1.01633)
(-1.04 1.74994 1.16279)
(-0.863537 1.50044 1.2331)
(-0.632032 1.74985 1.0228)
(-0.506587 1.74987 1.15155)
(-0.508873 1.37481 1.2766)
(-0.666142 1.4986 1.31182)
(-0.379215 1.50018 1.28435)
(-0.505265 1.62498 1.28077)
(-0.00127642 1.37569 1.28523)
(-0.123922 1.503 1.28075)
(0.128012 1.5014 1.30758)
(0.00317025 1.629 1.2861)
(0.757198 1.37465 1.02077)
(0.756288 1.62486 1.02142)
(0.755211 1.49979 1.15057)
(0.63199 1.74977 1.02312)
(0.506662 1.7498 1.15273)
(0.508195 1.37489 1.2785)
(0.378263 1.50013 1.29404)
(0.663873 1.49858 1.30944)
(0.505142 1.62469 1.28239)
(1.26132 1.50111 0.886856)
(1.27287 1.37494 1.02277)
(1.27037 1.62484 1.02033)
(1.01441 1.75273 0.88731)
(0.883149 1.75026 1.01624)
(1.13318 1.75115 1.01372)
(1.04 1.74994 1.16279)
(0.863636 1.50045 1.23141)
(-1.30125 2.01339 0.886507)
(-1.27664 1.8764 0.994965)
(-0.757214 1.87494 1.01833)
(-0.759523 2.12413 1.01971)
(-0.75636 1.99934 1.14179)
(-1.02256 2.25219 0.891594)
(-1.17203 2.24943 1.04258)
(-0.891183 2.24888 1.02592)
(-1.03753 2.24659 1.173)
(-0.868391 1.99969 1.24624)
(-0.633139 2.2483 1.01885)
(-0.506566 2.24738 1.14722)
(-0.506543 1.87418 1.27632)
(-0.629683 1.99951 1.26418)
(-0.381207 1.99746 1.28659)
(-0.507286 2.12236 1.27639)
(0.000106779 1.8727 1.27664)
(-0.124033 1.99772 1.2911)
(0.123997 1.99769 1.29143)
(-5.7649e-05 2.12253 1.27104)
(0.757172 1.87492 1.01836)
(0.759465 2.12413 1.01967)
(0.756349 1.99934 1.1418)
(0.633098 2.2483 1.01882)
(0.506563 2.24738 1.14724)
(0.506586 1.87417 1.27665)
(0.38125 1.99746 1.28687)
(0.629684 1.99951 1.2642)
(0.50729 2.12236 1.27643)
(1.30125 2.01337 0.886502)
(1.27608 1.87682 0.995379)
(1.02276 2.25205 0.892232)
(0.89072 2.24892 1.02564)
(1.17203 2.24943 1.04258)
(1.03753 2.24659 1.173)
(0.868391 1.99969 1.24624)
(-3.76568 2.59549 1.01358)
(-3.98113 2.75751 0.878408)
(-3.88446 2.72502 0.9851)
(-4.03218 2.74313 1.1099)
(-4.11985 2.50504 1.23278)
(-3.88984 2.47527 1.26641)
(-4.01344 2.59388 1.22474)
(-3.51102 2.72613 0.875595)
(-3.57411 2.67828 0.997922)
(-3.49729 2.75833 1.1233)
(-1.21545 2.49975 0.862324)
(-0.763193 2.37308 1.02275)
(-0.765672 2.62397 1.01806)
(-0.763532 2.49784 1.14691)
(-1.01839 2.7506 0.886885)
(-1.16399 2.75011 1.02272)
(-0.898094 2.74966 1.02005)
(-1.04868 2.74841 1.17306)
(-0.901242 2.50129 1.28243)
(-0.507726 2.37121 1.27612)
(-0.632374 2.49695 1.26955)
(-0.379711 2.4964 1.2718)
(-0.505764 2.62171 1.26916)
(0.000213117 2.37218 1.26458)
(-0.125495 2.49645 1.26913)
(0.125591 2.49645 1.26913)
(3.20368e-05 2.62011 1.27478)
(0.763148 2.37308 1.02269)
(0.76567 2.62397 1.01805)
(0.763527 2.49784 1.14691)
(0.507727 2.37121 1.27612)
(0.379722 2.4964 1.27181)
(0.632374 2.49695 1.26955)
(0.505766 2.62171 1.26916)
(1.21545 2.49975 0.862324)
(1.01839 2.7506 0.886886)
(0.898094 2.74966 1.02005)
(1.16399 2.75011 1.02272)
(1.04868 2.74841 1.17306)
(0.901242 2.50129 1.28243)
(3.76568 2.59549 1.01358)
(3.51102 2.72613 0.875595)
(3.57411 2.67828 0.997922)
(3.49729 2.75833 1.1233)
(3.98113 2.75751 0.878408)
(3.88446 2.72502 0.9851)
(4.03218 2.74313 1.1099)
(3.88984 2.47527 1.26641)
(4.11985 2.50504 1.23278)
(4.01344 2.59388 1.22474)
(-3.77532 3.00553 0.864215)
(-3.74945 2.85875 0.996356)
(-3.76252 3.15019 1.01297)
(-3.74507 3.02247 1.15035)
(-4.02545 2.89343 1.25921)
(-3.87822 3.04678 1.28567)
(-3.21108 3.0022 0.872988)
(-3.49393 3.26667 0.899889)
(-3.6258 3.2826 1.0316)
(-3.38035 3.24465 0.977932)
(-3.62333 3.00091 1.25312)
(-0.770547 2.87418 1.01788)
(-0.773842 3.12353 1.018)
(-0.774631 2.99867 1.14886)
(-1.03389 3.24975 0.890768)
(-1.14268 3.25059 1.01106)
(-0.903923 3.24825 1.01847)
(-1.05194 3.24718 1.17028)
(-0.92284 2.99917 1.30104)
(-0.506512 2.87229 1.27212)
(-0.637508 2.99824 1.27221)
(-0.380411 2.99659 1.27314)
(-0.509881 3.12285 1.27387)
(7.17357e-06 2.87001 1.27687)
(-0.125855 2.99677 1.27021)
(0.125875 2.99677 1.27021)
(3.56931e-05 3.12417 1.26403)
(0.770546 2.87418 1.01788)
(0.773831 3.12353 1.018)
(0.774627 2.99867 1.14886)
(0.506513 2.87229 1.27212)
(0.380415 2.99659 1.27315)
(0.637507 2.99824 1.27221)
(0.509885 3.12285 1.27387)
(1.03389 3.24975 0.890768)
(0.903891 3.24825 1.01846)
(1.14268 3.25059 1.01106)
(1.05194 3.24718 1.17028)
(0.92284 2.99917 1.30104)
(3.21108 3.0022 0.872988)
(3.77532 3.00553 0.864214)
(3.74945 2.85875 0.996356)
(3.76252 3.15019 1.01297)
(3.74507 3.02247 1.15035)
(3.49399 3.26668 0.899844)
(3.38035 3.24465 0.977932)
(3.6258 3.2826 1.0316)
(3.62333 3.00091 1.25312)
(4.02545 2.89343 1.25921)
(3.87822 3.04678 1.28567)
(-0.771594 3.37358 1.01519)
(-0.766633 3.62371 1.01101)
(-0.768055 3.49865 1.1407)
(-1.02796 3.74861 0.886836)
(-1.15655 3.7525 1.00593)
(-0.893374 3.74806 1.01009)
(-1.01995 3.74305 1.13407)
(-0.99674 3.37614 1.25477)
(-0.884336 3.49932 1.25779)
(-1.03714 3.62233 1.27863)
(-0.507871 3.37639 1.27251)
(-0.633168 3.5 1.26889)
(-0.377591 3.50375 1.27352)
(-0.501438 3.62582 1.27311)
(0.000208106 3.37958 1.27014)
(-0.125119 3.50699 1.27648)
(0.125471 3.50699 1.27648)
(0.000364727 3.63252 1.27694)
(0.771539 3.37359 1.0152)
(0.766621 3.62372 1.01101)
(0.768016 3.49866 1.14071)
(0.507884 3.37639 1.27253)
(0.377638 3.50375 1.27352)
(0.633175 3.50001 1.26892)
(0.501453 3.62582 1.27311)
(1.02795 3.74861 0.886836)
(0.89337 3.74806 1.01009)
(1.15655 3.7525 1.00593)
(1.01995 3.74305 1.13407)
(0.99674 3.37614 1.25477)
(0.884359 3.49931 1.25778)
(1.03714 3.62233 1.27863)
(-1.2292 4.00129 0.872076)
(-1.21667 4.12883 0.987155)
(-1.01906 4.24946 0.884668)
(-1.14377 4.24946 1.01192)
(-0.88777 4.25423 1.0185)
(-1.02227 4.25426 1.15446)
(-1.03469 3.87142 1.2643)
(-1.14727 3.99988 1.23934)
(-0.891349 4.00375 1.27254)
(-1.02727 4.13013 1.26932)
(-0.627652 4.25679 1.01464)
(-0.373882 4.25615 1.01385)
(-0.499271 4.25748 1.1405)
(-0.497584 3.88083 1.27736)
(-0.626535 4.00715 1.27722)
(-0.371595 4.00725 1.27173)
(-0.496726 4.13538 1.27372)
(-0.124296 4.25482 1.01081)
(0.12431 4.25482 1.01081)
(2.55195e-05 4.25397 1.13404)
(7.21174e-05 3.87918 1.26406)
(-0.123918 4.00515 1.266)
(0.123941 4.00515 1.266)
(2.0576e-05 4.12893 1.26152)
(0.373885 4.25615 1.01385)
(0.627652 4.25679 1.01464)
(0.499272 4.25748 1.1405)
(0.497591 3.88083 1.27736)
(0.371601 4.00725 1.27173)
(0.626536 4.00715 1.27722)
(0.496727 4.13538 1.27372)
(1.2292 4.00129 0.872076)
(1.21667 4.12883 0.987155)
(1.01905 4.24946 0.884669)
(0.88777 4.25423 1.0185)
(1.14377 4.24946 1.01192)
(1.02227 4.25426 1.15446)
(1.03469 3.87142 1.2643)
(0.891349 4.00375 1.27254)
(1.14727 3.99988 1.23934)
(1.02727 4.13013 1.26932)
(-1.30695 4.49118 0.883012)
(-1.25237 4.37473 0.987308)
(-1.25553 4.62008 1.01782)
(-0.755614 4.38291 1.0181)
(-0.753195 4.63818 1.02604)
(-0.752525 4.5135 1.14655)
(-1.01712 4.7582 0.90203)
(-1.16656 4.76222 1.05397)
(-0.88023 4.76556 1.02732)
(-0.99461 4.75125 1.15007)
(-1.00448 4.39067 1.29639)
(-0.877821 4.50471 1.28307)
(-0.988789 4.61372 1.20784)
(-0.24849 4.38213 1.01586)
(-0.247526 4.63649 1.02338)
(-0.248178 4.50762 1.1468)
(-0.499851 4.76179 0.898053)
(-0.625782 4.76499 1.03319)
(-0.374144 4.76211 1.0188)
(-0.500018 4.79871 1.17176)
(-0.499003 4.38327 1.26366)
(-0.625015 4.54328 1.29119)
(-0.373348 4.50495 1.27991)
(-0.499958 4.6181 1.25369)
(0.248493 4.38213 1.01586)
(0.247526 4.63649 1.02338)
(0.248179 4.50762 1.1468)
(5.98861e-08 4.7611 0.895126)
(-0.124061 4.75937 1.02569)
(0.124061 4.75937 1.02569)
(-1.38004e-17 4.75304 1.12925)
(0 4.40317 1.27986)
(-0.124252 4.50372 1.24742)
(0.124252 4.50372 1.24742)
(0.755613 4.38291 1.0181)
(0.753199 4.63818 1.02604)
(0.752525 4.5135 1.14655)
(0.499852 4.76179 0.898055)
(0.374144 4.76211 1.0188)
(0.625785 4.76499 1.03319)
(0.500018 4.79871 1.17176)
(0.499003 4.38327 1.26366)
(0.373348 4.50495 1.27991)
(0.625015 4.54328 1.29119)
(0.499958 4.6181 1.25369)
(1.30695 4.49118 0.883012)
(1.25237 4.37473 0.987308)
(1.25553 4.62008 1.01782)
(1.01786 4.75804 0.902164)
(0.880257 4.76556 1.02734)
(1.16656 4.76222 1.05397)
(0.99461 4.75125 1.15007)
(1.00448 4.39067 1.29639)
(0.877821 4.50471 1.28307)
(0.988789 4.61372 1.20784)
(-1.28666 4.99615 0.925098)
(-0.75328 5.01619 0.911332)
(-0.752373 4.88598 1.03666)
(-0.750179 5.12139 1.02706)
(-1.00096 5.27956 0.927043)
(-0.249115 5.01338 0.897151)
(-0.249119 4.88462 1.01789)
(-0.249582 5.1183 1.00487)
(-0.497852 5.29461 0.942623)
(0.249115 5.01338 0.897151)
(0.249119 4.88462 1.01789)
(0.249582 5.1183 1.00487)
(-2.08167e-17 5.28955 0.908055)
(0.753281 5.0162 0.911341)
(0.752375 4.88598 1.03666)
(0.750179 5.12139 1.02706)
(0.497852 5.29461 0.942623)
(1.28666 4.99615 0.925098)
(1.00096 5.27956 0.927043)
(-0.531443 6.73337 0.87865)
(-0.606199 6.76239 0.99226)
(-0.359579 6.75176 0.992499)
(-0.563016 6.74324 1.11721)
(0.531443 6.73337 0.87865)
(0.359579 6.75176 0.992499)
(0.606199 6.76239 0.99226)
(0.563016 6.74324 1.11721)
(-0.204784 6.93853 0.912751)
(-0.246692 7.11252 0.995295)
(-0.205862 6.94313 1.08675)
(-0.523133 7.24863 0.879713)
(-0.658929 7.25167 1.01837)
(-0.381779 7.24349 0.982888)
(-0.447729 7.26619 1.16813)
(-0.525933 6.90886 1.26797)
(-0.366565 6.97923 1.2596)
(-0.522952 7.11548 1.28876)
(0.204784 6.93853 0.912751)
(0.246991 7.11252 0.995294)
(0.205862 6.94313 1.08675)
(-0.000391547 7.23628 0.876557)
(-0.123567 7.24492 0.994976)
(0.124255 7.24492 0.994974)
(0.000641469 7.24676 1.12433)
(-0.0931561 6.96116 1.2152)
(0.0931561 6.96116 1.2152)
(-0.00427857 7.12901 1.25163)
(0.52315 7.24863 0.87971)
(0.381824 7.24349 0.982884)
(0.658929 7.25167 1.01837)
(0.447729 7.26619 1.16813)
(0.525933 6.90886 1.26797)
(0.366566 6.97923 1.25961)
(0.522952 7.11548 1.28876)
(-0.250409 7.38521 0.980778)
(-0.260304 7.62668 1.00505)
(-0.252504 7.49823 1.11464)
(-0.532011 7.75437 0.887083)
(-0.647868 7.75054 1.01627)
(-0.398128 7.75617 1.01495)
(-0.554168 7.78842 1.17431)
(-0.431287 7.3814 1.21669)
(-0.575048 7.51282 1.19976)
(-0.35665 7.43523 1.25877)
(-0.518616 7.62566 1.26749)
(0.250497 7.38521 0.980775)
(0.26034 7.62668 1.00505)
(0.252516 7.49823 1.11464)
(-0.000248457 7.3729 1.25264)
(-0.130363 7.48849 1.25527)
(0.130478 7.48849 1.25527)
(-0.000155648 7.62562 1.27394)
(0.53202 7.75436 0.88708)
(0.398147 7.75616 1.01497)
(0.647868 7.75054 1.01627)
(0.554168 7.78842 1.17431)
(0.431287 7.3814 1.21669)
(0.35665 7.43523 1.25877)
(0.575048 7.51282 1.19976)
(0.518616 7.62566 1.26749)
(-0.265429 8.0171 0.888561)
(-0.266363 7.88749 1.01783)
(-0.263684 8.1512 1.02155)
(-0.267345 8.02278 1.15446)
(-0.501124 8.25524 0.873816)
(-0.37758 8.28242 1.00229)
(-0.378276 8.00224 1.25711)
(0.265244 8.01716 0.888485)
(0.266349 7.8875 1.01789)
(0.263558 8.15121 1.02156)
(0.267332 8.02278 1.15447)
(-0.00220726 8.2797 0.887481)
(-0.129292 8.27699 1.01186)
(0.128302 8.27699 1.01186)
(-0.00582337 8.29418 1.15776)
(0.00118709 7.89418 1.28437)
(-0.129087 8.01365 1.2795)
(0.129121 8.01365 1.2795)
(0.00387851 8.16123 1.29262)
(0.501124 8.25524 0.873816)
(0.37758 8.28242 1.00229)
(0.378276 8.00224 1.25711)
(-0.247602 8.35181 0.994072)
(0.247602 8.35181 0.994072)
(-2.27087 -7.99893 1.33845)
(2.27087 -7.99893 1.33845)
(-0.24101 0.512462 1.33087)
(0.242046 0.511591 1.33399)
(-2.77556e-17 0.749743 1.39895)
(-0.250591 0.999368 1.4107)
(-0.487589 1.24986 1.36763)
(0.250466 0.999712 1.41075)
(-0.00120004 1.24805 1.40231)
(-0.113358 1.26293 1.4485)
(0.487239 1.24996 1.36776)
(-0.276422 1.49676 1.42936)
(-0.497511 1.75103 1.37123)
(0.260697 1.49989 1.43112)
(0 1.75752 1.38696)
(0.497565 1.75102 1.37121)
(-0.249588 1.99561 1.42476)
(-0.511926 2.24281 1.4039)
(0.249588 1.99561 1.42476)
(0 2.2026 1.43389)
(-0.124882 2.2632 1.46439)
(0.124882 2.2632 1.46439)
(0.511926 2.24281 1.4039)
(-4.23858 2.48063 1.34349)
(-4.22864 2.371 1.43742)
(-4.29328 2.65785 1.4968)
(-4.01493 2.78264 1.39656)
(-4.13799 2.80121 1.51369)
(-3.85273 2.75223 1.54778)
(-3.99206 2.7359 1.65119)
(-4.04244 2.49358 1.74863)
(-4.01479 2.61941 1.73182)
(-0.738764 2.50179 1.36629)
(-0.251775 2.49647 1.39406)
(-0.24482 2.38085 1.4727)
(-0.251468 2.6178 1.51959)
(-0.503297 2.7478 1.39604)
(-0.6109 2.75437 1.48006)
(-0.382324 2.74059 1.52655)
(0.251795 2.49647 1.39406)
(0.24482 2.38085 1.4727)
(0.251468 2.6178 1.51959)
(6.79334e-06 2.74275 1.41282)
(-0.122009 2.73263 1.54671)
(0.122009 2.73263 1.54671)
(0.738764 2.50179 1.36629)
(0.503298 2.7478 1.39604)
(0.382324 2.74059 1.52655)
(0.6109 2.75437 1.48006)
(4.23858 2.48063 1.34349)
(4.01493 2.78264 1.39656)
(3.85273 2.75223 1.54778)
(4.13799 2.80121 1.51369)
(3.99206 2.7359 1.65119)
(4.04244 2.49358 1.74863)
(4.01479 2.61941 1.73182)
(-0.777104 2.99957 1.40819)
(-0.252599 2.99594 1.39863)
(-0.249174 2.84497 1.56326)
(-0.251611 3.12393 1.51173)
(-0.245248 3.01315 1.59298)
(-0.510114 3.24973 1.40445)
(-0.620886 3.25009 1.52709)
(-0.379477 3.25039 1.51631)
(0.252606 2.99594 1.39863)
(0.249174 2.84497 1.56326)
(0.251619 3.12393 1.51173)
(0.245248 3.01315 1.59298)
(0.000106176 3.25166 1.38828)
(-0.125283 3.25108 1.51083)
(0.125346 3.25108 1.51083)
(-3.46945e-18 3.24876 1.60895)
(0.777104 2.99957 1.40819)
(0.510118 3.24973 1.40445)
(0.379482 3.25039 1.51631)
(0.620886 3.25009 1.52709)
(-0.793911 3.46841 1.42395)
(-0.747799 3.59616 1.52194)
(-1.0439 3.73234 1.38801)
(-0.910261 3.75291 1.54497)
(-0.251646 3.50887 1.40809)
(-0.251548 3.37918 1.51923)
(-0.25099 3.64373 1.53368)
(-0.494329 3.75124 1.40948)
(-0.624223 3.75107 1.52503)
(-0.359451 3.75153 1.53095)
(0.251741 3.50887 1.40809)
(0.251578 3.37918 1.51923)
(0.25099 3.64373 1.53368)
(0.00042541 3.75634 1.39663)
(-0.12576 3.7559 1.50381)
(0.12576 3.7559 1.50381)
(0.793911 3.46841 1.42395)
(0.747799 3.59616 1.52194)
(0.494334 3.75124 1.40948)
(0.359451 3.75153 1.53095)
(0.624224 3.75107 1.52503)
(1.0439 3.73234 1.38801)
(0.910261 3.75291 1.54497)
(-0.753958 4.00797 1.40943)
(-0.748655 3.9241 1.55623)
(-0.750865 4.12036 1.47124)
(-0.991085 4.24742 1.35103)
(-0.212848 4.04192 1.43281)
(-0.250276 3.87265 1.48334)
(-0.501959 4.2546 1.40312)
(0.212848 4.04192 1.43281)
(0.250276 3.87265 1.48334)
(0.000262928 4.2374 1.34651)
(0.753958 4.00797 1.40943)
(0.748655 3.9241 1.55623)
(0.750865 4.12036 1.47124)
(0.501959 4.2546 1.40312)
(0.991085 4.24742 1.35103)
(-0.279443 6.99243 1.44692)
(0.279443 6.99243 1.44692)
(-0.00428645 7.2543 1.39683)
(-0.296717 7.49858 1.43612)
(-0.194165 7.42264 1.46422)
(0.296717 7.49858 1.43612)
(0.194165 7.42264 1.46422)
(-4.46844e-05 7.76136 1.41015)
(-0.110632 7.73548 1.49552)
(0.110632 7.73548 1.49552)
(-0.243281 7.99443 1.34746)
(0.243281 7.99443 1.34746)
(-0.879642 -0.00472975 -0.885556)
(-0.985988 0.128853 -0.883894)
(-0.748488 0.0931681 -0.933413)
(-0.910946 0.243529 -0.931263)
(-0.885323 0.117815 -0.783553)
(-0.376505 -0.00188337 -0.862954)
(-0.500208 0.0917635 -0.92617)
(-0.24701 0.125682 -0.879569)
(-0.34379 0.246991 -0.933929)
(-0.354418 0.107171 -0.787588)
(0.24701 0.125682 -0.879569)
(0.117787 0.117873 -0.755333)
(0.627373 -0.00532431 -0.901059)
(0.500208 0.0917635 -0.92617)
(0.748488 0.0931681 -0.933413)
(0.624115 0.244779 -0.895487)
(0.62244 0.113091 -0.78402)
(0.985988 0.128853 -0.883894)
(1.16349 0.122992 -0.795342)
(-0.860056 0.620446 -0.989311)
(-0.882772 0.499128 -0.900615)
(-1.02391 0.629151 -0.912381)
(-0.751932 0.627406 -0.897027)
(-0.915583 0.784977 -0.927002)
(-0.886029 0.628706 -0.774631)
(-0.336888 0.501437 -0.944748)
(-0.495551 0.629444 -0.900613)
(-0.257064 0.625554 -0.906554)
(-0.373715 0.751588 -0.908139)
(-0.365818 0.630335 -0.780233)
(0.257064 0.625554 -0.906554)
(0.0839918 0.624912 -0.790482)
(0.627797 0.620867 -1.00296)
(0.624154 0.500639 -0.898298)
(0.495555 0.629444 -0.900605)
(0.751934 0.627398 -0.897014)
(0.588049 0.795495 -0.945016)
(0.623471 0.629399 -0.776069)
(1.02391 0.629151 -0.912381)
(1.18025 0.631289 -0.803868)
(-0.870747 0.987138 -0.867517)
(-0.870419 1.15898 -0.790901)
(-0.383274 0.988191 -0.83333)
(-0.375032 1.12037 -0.771245)
(0.12969 1.11489 -0.706781)
(0.625079 0.989015 -0.876944)
(0.625748 1.17241 -0.793748)
(-2.45749 -8.08262 -0.340563)
(-2.46533 -8.11392 -0.128201)
(-2.04021 -8.09712 -0.348133)
(-2.00629 -8.11712 -0.126681)
(-1.90465 -7.97241 -0.113425)
(2.04021 -8.09712 -0.348133)
(2.00629 -8.11712 -0.126681)
(1.90465 -7.97241 -0.113425)
(2.45749 -8.08262 -0.340563)
(2.46533 -8.11392 -0.128201)
(-2.42614 -7.99799 -0.43461)
(-2.25842 -7.87716 -0.405331)
(-2.40924 -7.75086 -0.417333)
(-2.40626 -7.87695 -0.274272)
(-1.98128 -7.87497 -0.364125)
(2.14093 -7.8755 -0.490433)
(2.09271 -8.0422 -0.435499)
(1.98128 -7.87497 -0.364125)
(2.25842 -7.87716 -0.405331)
(2.09764 -7.71434 -0.41777)
(2.0991 -7.88038 -0.263962)
(-2.37754 -7.48931 -0.373695)
(-2.25005 -7.37886 -0.385573)
(-2.34837 -7.24962 -0.347013)
(-2.41183 -7.36836 -0.288391)
(2.12579 -7.49775 -0.352612)
(2.25005 -7.37886 -0.385573)
(2.08203 -7.36771 -0.296042)
(-2.24118 -6.87304 -0.365782)
(-2.37778 -6.87299 -0.246862)
(2.14447 -7.0015 -0.349728)
(2.24118 -6.87304 -0.365782)
(2.13934 -6.74571 -0.373835)
(2.0673 -6.91661 -0.314675)
(-2.23822 -6.37508 -0.386974)
(-2.3881 -6.375 -0.238535)
(-1.98716 -6.38644 -0.389018)
(-1.83965 -6.37838 -0.245009)
(2.12846 -6.49735 -0.405631)
(1.98535 -6.38428 -0.387906)
(2.23834 -6.37536 -0.388146)
(2.12249 -6.2659 -0.438602)
(2.12349 -6.37856 -0.291863)
(-2.27038 -5.87224 -0.397594)
(-2.38457 -5.87519 -0.236935)
(-1.8866 -5.8695 -0.501002)
(-1.83792 -6.03476 -0.422708)
(-1.99979 -5.87786 -0.400898)
(-1.72898 -5.87737 -0.369482)
(-1.86834 -5.75576 -0.404577)
(-1.86137 -5.88475 -0.265201)
(1.72908 -5.87755 -0.369485)
(1.65399 -5.74588 -0.363702)
(1.66983 -5.86225 -0.24083)
(2.11293 -5.8738 -0.484523)
(2.13257 -6.00178 -0.397158)
(2 -5.87745 -0.397315)
(2.27296 -5.87485 -0.398093)
(2.13153 -5.75114 -0.393227)
(2.14018 -5.87694 -0.261078)
(-2.30552 -5.38289 -0.432402)
(-2.40533 -5.37769 -0.252798)
(-1.87485 -5.37726 -0.513653)
(-1.87279 -5.50646 -0.39662)
(-2.01152 -5.37872 -0.398685)
(-1.73633 -5.38045 -0.390057)
(-1.87493 -5.2526 -0.393818)
(-1.87128 -5.37993 -0.260618)
(-1.49241 -5.37051 -0.363895)
(1.59704 -5.37583 -0.528992)
(1.58095 -5.53664 -0.414937)
(1.49241 -5.37051 -0.363895)
(1.73618 -5.38047 -0.389935)
(1.5976 -5.25846 -0.389414)
(1.59009 -5.38106 -0.253801)
(2.14681 -5.37715 -0.550853)
(2.14357 -5.50589 -0.401385)
(2.01168 -5.37871 -0.398772)
(2.30552 -5.38289 -0.432402)
(2.15377 -5.25158 -0.41513)
(2.15807 -5.37823 -0.270709)
(-2.28798 -4.86933 -0.419118)
(-2.39609 -4.87488 -0.236372)
(-1.87807 -4.87341 -0.528246)
(-2.0146 -4.87083 -0.40084)
(-1.74445 -4.87456 -0.395139)
(-1.882 -4.74477 -0.402348)
(-1.39968 -5.00233 -0.371564)
(-1.4746 -4.87674 -0.384326)
(-1.35591 -4.75004 -0.363849)
(-1.33504 -4.87674 -0.249236)
(1.61894 -4.8751 -0.517615)
(1.60319 -5.004 -0.392427)
(1.47462 -4.87687 -0.384331)
(1.74447 -4.87469 -0.395148)
(1.61008 -4.74934 -0.393032)
(1.5999 -4.87799 -0.258661)
(2.15883 -4.87067 -0.537162)
(2.15315 -4.99689 -0.414135)
(2.01461 -4.87085 -0.400847)
(2.28798 -4.86933 -0.419118)
(2.14371 -4.74267 -0.399901)
(2.15481 -4.87126 -0.266851)
(-1.8687 -4.37927 -0.519228)
(-1.88481 -4.48963 -0.408366)
(-2.04625 -4.33375 -0.42354)
(-1.75146 -4.36961 -0.413845)
(-1.91611 -4.20669 -0.443698)
(-1.88862 -4.36419 -0.280194)
(-1.36607 -4.50019 -0.370892)
(-1.4891 -4.3733 -0.392556)
(-1.39404 -4.24803 -0.376836)
(-1.32694 -4.37589 -0.301012)
(1.62555 -4.37306 -0.532791)
(1.61422 -4.49173 -0.407008)
(1.4891 -4.37332 -0.392556)
(1.75147 -4.36962 -0.413846)
(1.62126 -4.24631 -0.403891)
(1.61718 -4.37127 -0.278252)
(2.16242 -4.49978 -0.409441)
(2.04625 -4.33375 -0.42354)
(2.18642 -4.32696 -0.296841)
(-1.88528 -3.98911 -0.377549)
(-1.73819 -3.879 -0.390881)
(-1.91058 -3.8634 -0.285849)
(-1.51296 -3.87313 -0.39719)
(-1.33649 -3.87468 -0.289247)
(1.62546 -3.97439 -0.426852)
(1.51296 -3.87313 -0.39719)
(1.73819 -3.879 -0.390881)
(1.61948 -3.7555 -0.373035)
(1.62659 -3.87077 -0.2818)
(-1.36845 -3.38005 -0.306826)
(1.63774 -3.37615 -0.299537)
(-1.38495 -2.73876 -0.331963)
(-1.36582 -2.87365 -0.316668)
(1.12197 -2.87694 -0.227411)
(1.62004 -2.88123 -0.288545)
(-1.37727 -2.49844 -0.350517)
(-1.48803 -2.37498 -0.359011)
(-1.25591 -2.36967 -0.35986)
(-1.37428 -2.25064 -0.387945)
(-1.37531 -2.37604 -0.265824)
(1.25591 -2.36967 -0.35986)
(1.13628 -2.24437 -0.364932)
(1.08786 -2.4119 -0.307385)
(1.48803 -2.37498 -0.359011)
(1.65602 -2.37502 -0.282002)
(-1.3631 -1.86222 -0.460062)
(-1.37419 -2.02749 -0.429874)
(-1.53079 -1.87107 -0.40346)
(-1.24976 -1.87849 -0.393281)
(-1.38045 -1.75079 -0.387989)
(-1.38252 -1.87785 -0.271397)
(-1.00046 -1.87923 -0.406459)
(-0.877112 -1.75278 -0.353925)
(-0.83238 -1.8803 -0.289939)
(1.13726 -1.86255 -0.453197)
(1.11841 -2.00936 -0.4185)
(1.00046 -1.87923 -0.406459)
(1.24976 -1.87849 -0.393281)
(1.11892 -1.75198 -0.391525)
(1.11594 -1.88039 -0.274743)
(1.53079 -1.87107 -0.40346)
(1.61888 -1.74627 -0.37635)
(1.68999 -1.90948 -0.308931)
(-1.37376 -1.37434 -0.522355)
(-1.37943 -1.50057 -0.406974)
(-1.50457 -1.37571 -0.38826)
(-1.25019 -1.37572 -0.415453)
(-1.37652 -1.25057 -0.407386)
(-1.37988 -1.37567 -0.275856)
(-0.84768 -1.49617 -0.402266)
(-0.991977 -1.37609 -0.406236)
(-0.74653 -1.38009 -0.36234)
(-0.821416 -1.28793 -0.433008)
(-0.851778 -1.37928 -0.270126)
(0.74653 -1.38009 -0.36234)
(0.667298 -1.24254 -0.335301)
(0.655643 -1.37389 -0.242253)
(1.12512 -1.37566 -0.543132)
(1.12225 -1.50084 -0.408661)
(0.991977 -1.37609 -0.406236)
(1.25019 -1.37572 -0.415455)
(1.12284 -1.25235 -0.423864)
(1.12068 -1.37662 -0.283217)
(1.62299 -1.50357 -0.404519)
(1.50457 -1.37571 -0.388262)
(1.6363 -1.24959 -0.386345)
(1.6471 -1.37517 -0.255626)
(-1.38338 -0.875831 -0.531564)
(-1.37761 -1.00033 -0.405723)
(-1.50591 -0.873687 -0.391557)
(-1.25395 -0.876127 -0.411379)
(-1.38756 -0.748458 -0.410438)
(-1.38307 -0.874549 -0.27624)
(-0.866616 -0.88265 -0.53578)
(-0.864128 -1.00257 -0.398122)
(-0.991435 -0.880233 -0.401369)
(-0.694866 -0.918366 -0.439261)
(-0.866225 -0.758161 -0.399135)
(-0.862756 -0.881037 -0.271711)
(0.619619 -1.0077 -0.366521)
(0.694866 -0.918366 -0.439261)
(0.58696 -0.788661 -0.415434)
(0.609152 -0.880834 -0.26124)
(1.12378 -0.877145 -0.519848)
(1.12241 -1.00237 -0.404528)
(0.991436 -0.880232 -0.401371)
(1.25395 -0.876123 -0.411388)
(1.12831 -0.751492 -0.399584)
(1.12438 -0.877197 -0.274877)
(1.63053 -1.001 -0.380395)
(1.50591 -0.873683 -0.391577)
(1.62481 -0.755628 -0.37484)
(1.63744 -0.874071 -0.259653)
(-1.38272 -0.379747 -0.544916)
(-1.39158 -0.499859 -0.404186)
(-1.5342 -0.377561 -0.409085)
(-1.26646 -0.381891 -0.40575)
(-1.39961 -0.251894 -0.399467)
(-1.39304 -0.376147 -0.271012)
(-0.489569 -0.386159 -0.386981)
(-0.750505 -0.00588723 -0.26327)
(-0.74605 -0.255817 -0.00558652)
(-0.878441 -0.389842 -0.538975)
(-0.614281 -0.390862 -0.52306)
(-0.880582 -0.136372 -0.52937)
(-0.618071 -0.140327 -0.525388)
(-0.870861 -0.509912 -0.400638)
(-0.612101 -0.513382 -0.394129)
(-0.336091 -0.411725 -0.531151)
(-0.34819 -0.530987 -0.40441)
(-0.20459 -0.417084 -0.40856)
(-0.357906 -0.264492 -0.387108)
(-0.362773 -0.386258 -0.255839)
(0.20459 -0.417084 -0.40856)
(0.0940855 -0.282507 -0.374427)
(0.105225 -0.369249 -0.246781)
(0.750502 -0.00588397 -0.263252)
(0.746051 -0.255817 -0.00558506)
(0.614281 -0.390862 -0.52306)
(0.878441 -0.389842 -0.538975)
(0.618068 -0.140327 -0.525384)
(0.8806 -0.136359 -0.529364)
(0.612101 -0.513382 -0.394129)
(0.870863 -0.509911 -0.400639)
(0.48957 -0.386159 -0.386981)
(1.13544 -0.384403 -0.530401)
(1.13237 -0.503281 -0.399704)
(1.26646 -0.381891 -0.405755)
(1.5342 -0.377561 -0.409085)
(1.65389 -0.376805 -0.269019)
(-1.4283 0.124388 -0.549241)
(-1.40409 -0.000690096 -0.398341)
(-1.53636 0.124006 -0.397475)
(-1.27645 0.124064 -0.396557)
(-1.40363 0.251749 -0.391097)
(-1.39945 0.12598 -0.263887)
(-0.497185 0.246147 -0.259131)
(-0.751762 0.248267 -0.00408741)
(0.000156889 0.247305 -0.253812)
(-0.247275 0.499264 -0.256873)
(-0.24811 0.245683 -0.00243958)
(-0.112595 0.119911 -0.510089)
(-0.11802 0.373249 -0.509518)
(-0.118175 -0.00653266 -0.380934)
(0.497243 0.246147 -0.25912)
(0.247362 0.49926 -0.256822)
(0.248166 0.245681 -0.002432)
(0.113178 0.119911 -0.510088)
(0.118133 0.373248 -0.509505)
(0.118967 -0.00653265 -0.380934)
(0.75177 0.248267 -0.00408357)
(1.14701 0.120457 -0.529545)
(1.27645 0.124064 -0.396557)
(1.53636 0.124006 -0.397475)
(1.61301 0.121118 -0.23794)
(-1.40187 0.620702 -0.530184)
(-1.39722 0.500845 -0.383872)
(-1.49245 0.621349 -0.366365)
(-1.26915 0.627147 -0.386413)
(-1.42798 0.787059 -0.418854)
(-1.39245 0.626498 -0.260676)
(-0.499999 0.752442 -0.258463)
(-0.753707 0.751515 -0.00414267)
(4.16667e-05 0.751035 -0.255099)
(-0.249749 0.750563 -0.00291126)
(-0.11964 0.625535 -0.510748)
(-0.122467 0.87809 -0.508599)
(0.500083 0.752433 -0.25835)
(0.24979 0.750554 -0.00284645)
(0.119717 0.625529 -0.510639)
(0.122697 0.878026 -0.508097)
(0.753747 0.751526 -0.00414001)
(1.14761 0.628284 -0.519974)
(1.26918 0.627171 -0.386456)
(1.49245 0.621349 -0.366365)
(-1.40201 1.00109 -0.378202)
(-1.27402 1.12978 -0.386541)
(-1.34408 1.24843 -0.372118)
(-1.41879 1.13087 -0.298321)
(-0.88637 1.14055 -0.525933)
(-0.372988 1.13683 -0.516827)
(0.123141 1.132 -0.513679)
(0.124376 1.25525 -0.38273)
(0.626286 1.13879 -0.520376)
(1.14328 1.13515 -0.522477)
(1.27423 1.13011 -0.386655)
(1.14418 1.25955 -0.394108)
(-0.872011 1.62324 -0.481617)
(-0.884218 1.51922 -0.402876)
(-1.0064 1.63275 -0.412987)
(-0.753931 1.63374 -0.392257)
(-0.871809 1.74381 -0.392993)
(-0.884444 1.6396 -0.271204)
(-0.375004 1.62067 -0.498072)
(-0.374551 1.50911 -0.392162)
(-0.500681 1.62999 -0.38901)
(-0.249643 1.63136 -0.39243)
(-0.377676 1.78542 -0.418483)
(-0.375804 1.63184 -0.266088)
(0.124999 1.62065 -0.493629)
(0.124913 1.50772 -0.38512)
(1.07229e-06 1.63235 -0.384621)
(0.24972 1.63135 -0.392445)
(0.125063 1.79437 -0.416868)
(0.124757 1.63371 -0.26461)
(0.62464 1.62048 -0.496936)
(0.625877 1.51323 -0.395296)
(0.500464 1.62939 -0.387769)
(0.753605 1.63257 -0.390393)
(0.624758 1.77933 -0.404878)
(0.627287 1.63218 -0.263743)
(1.13196 1.53399 -0.417131)
(1.0064 1.63275 -0.412987)
(1.16617 1.67865 -0.308193)
(-0.372187 1.99176 -0.334342)
(-0.378493 2.13123 -0.287437)
(0.125284 1.99515 -0.345626)
(0.117466 2.13394 -0.3042)
(0.62054 2.12782 -0.227382)
(0.129228 2.61457 -0.192599)
(-0.369947 3.13047 -0.217168)
(0.125086 3.12823 -0.210489)
(-0.374625 3.76328 -0.367408)
(-0.375449 3.55889 -0.315838)
(0.129405 3.75986 -0.330049)
(0.121163 3.61972 -0.29764)
(0.625446 3.62391 -0.281253)
(-2.37743 4.12871 -0.27815)
(-0.867443 4.01068 -0.336262)
(-0.996353 4.12688 -0.356684)
(-0.74873 4.12405 -0.391427)
(-0.876912 4.22749 -0.409711)
(-0.880645 4.11703 -0.277736)
(-0.375045 3.9987 -0.414613)
(-0.500584 4.11699 -0.420873)
(-0.249391 4.11708 -0.421511)
(-0.379799 4.22099 -0.441047)
(-0.375422 4.12178 -0.29604)
(0.124959 3.99985 -0.379417)
(-3.90671e-17 4.12418 -0.387384)
(0.249391 4.11708 -0.421511)
(0.123588 4.24462 -0.424707)
(0.124482 4.12334 -0.280382)
(0.623062 4.00306 -0.376411)
(0.500584 4.11699 -0.420873)
(0.74873 4.12405 -0.391427)
(0.624597 4.24434 -0.425892)
(0.626382 4.12165 -0.282175)
(0.996353 4.12688 -0.356684)
(1.12345 4.24734 -0.362311)
(1.13345 4.11661 -0.288254)
(2.15198 4.13737 -0.212631)
(2.61277 4.1187 -0.256497)
(-2.37126 4.62689 -0.22264)
(-1.86177 4.76322 -0.348216)
(-1.8733 4.58775 -0.287121)
(-1.37245 4.50608 -0.345456)
(-1.49371 4.63514 -0.327397)
(-1.29853 4.58803 -0.423563)
(-1.41092 4.74791 -0.409186)
(-1.38325 4.61918 -0.262733)
(-0.87504 4.62031 -0.535071)
(-0.875333 4.49645 -0.401861)
(-1.00261 4.62013 -0.419581)
(-0.749242 4.6222 -0.394776)
(-0.872712 4.73922 -0.411929)
(-0.875867 4.62017 -0.278583)
(-0.374995 4.62492 -0.500996)
(-0.375162 4.49925 -0.381947)
(-0.4999 4.6245 -0.386027)
(-0.249867 4.62469 -0.384484)
(-0.374824 4.74987 -0.399536)
(-0.374902 4.62438 -0.263297)
(0.125109 4.62534 -0.48025)
(0.123831 4.49844 -0.37685)
(1.02821e-08 4.62465 -0.368915)
(0.249867 4.62469 -0.384482)
(0.124942 4.7499 -0.385412)
(0.124743 4.62435 -0.25639)
(0.625237 4.62527 -0.483989)
(0.625908 4.4985 -0.37961)
(0.4999 4.6245 -0.386026)
(0.749242 4.6222 -0.394776)
(0.623046 4.74845 -0.392961)
(0.624671 4.62329 -0.263283)
(1.12099 4.62747 -0.531015)
(1.1294 4.493 -0.412291)
(1.00261 4.62013 -0.419581)
(1.29853 4.58803 -0.423563)
(1.1292 4.74742 -0.410306)
(1.13239 4.61915 -0.280015)
(1.49371 4.63514 -0.327397)
(1.62453 4.75816 -0.356451)
(1.63003 4.59826 -0.271678)
(2.1279 4.62408 -0.304156)
(-1.86218 4.99956 -0.370582)
(-1.75312 5.12414 -0.405067)
(-1.87251 5.25227 -0.364027)
(-1.88658 5.12976 -0.285055)
(-1.37267 5.12431 -0.485219)
(-1.37899 4.99843 -0.394534)
(-1.50444 5.12601 -0.395721)
(-1.25146 5.12746 -0.400866)
(-1.37713 5.25841 -0.394332)
(-1.37856 5.12845 -0.27073)
(-0.876309 5.14784 -0.549366)
(-0.873731 5.00219 -0.404714)
(-1.0017 5.12989 -0.407443)
(-0.745896 5.12601 -0.39654)
(-0.875268 5.25402 -0.404452)
(-0.874922 5.12852 -0.274889)
(-0.374986 5.12502 -0.524221)
(-0.374735 5.00018 -0.406228)
(-0.499536 5.12552 -0.392238)
(-0.249873 5.12554 -0.402726)
(-0.374793 5.2513 -0.404983)
(-0.374681 5.12611 -0.273968)
(0.124988 5.12506 -0.509256)
(0.124967 5.0002 -0.399214)
(-6.85307e-10 5.12569 -0.391969)
(0.249873 5.12554 -0.402725)
(0.124783 5.25222 -0.391252)
(0.124872 5.12638 -0.269661)
(0.623921 5.12495 -0.48938)
(0.620884 5.00105 -0.38982)
(0.499536 5.12552 -0.392238)
(0.745896 5.12601 -0.39654)
(0.624748 5.25156 -0.392571)
(0.623658 5.12655 -0.266263)
(1.12721 5.12543 -0.530759)
(1.12823 5.00097 -0.414117)
(1.0017 5.12989 -0.407443)
(1.25146 5.12746 -0.400866)
(1.12639 5.25628 -0.404439)
(1.12708 5.12896 -0.277757)
(1.63242 4.995 -0.41452)
(1.50444 5.12601 -0.395721)
(1.75312 5.12414 -0.405067)
(1.63884 5.26021 -0.429222)
(1.63263 5.12664 -0.280228)
(2.14145 5.13105 -0.248779)
(-1.37161 5.49194 -0.381787)
(-1.37128 5.62841 -0.244022)
(-0.879584 5.54683 -0.41648)
(-0.751788 5.62227 -0.403947)
(-0.919044 5.67853 -0.297409)
(-0.373677 5.50885 -0.401544)
(-0.498067 5.67284 -0.418064)
(-0.242928 5.6368 -0.420612)
(-0.370877 5.74134 -0.383974)
(-0.375679 5.64347 -0.274336)
(0.118295 5.55416 -0.427368)
(0 5.62812 -0.380429)
(0.242928 5.6368 -0.420612)
(0.126478 5.74368 -0.341877)
(0.122362 5.63311 -0.273694)
(0.626403 5.50906 -0.395262)
(0.498067 5.67284 -0.418064)
(0.751788 5.62227 -0.403947)
(0.629523 5.64779 -0.270432)
(1.13019 5.49942 -0.408236)
(1.12868 5.65315 -0.247313)
(0.123849 7.25537 -0.368018)
(0.126594 7.08732 -0.302098)
(-0.24063 7.62646 -0.36911)
(-0.406945 7.62577 -0.286313)
(0.127883 7.50002 -0.386437)
(0.000977505 7.62492 -0.391004)
(0.24063 7.62646 -0.36911)
(0.123656 7.74871 -0.369695)
(0.129392 7.62633 -0.275554)
(-2.49869 -8.10652 0.12039)
(-2.4878 -8.12162 0.37529)
(-2.58631 -7.9889 0.128358)
(-2.61907 -7.9886 0.375297)
(-1.92828 -7.95143 0.125151)
(1.92828 -7.95143 0.125151)
(2.58631 -7.9889 0.128358)
(2.49869 -8.10652 0.12039)
(2.4878 -8.12162 0.37529)
(2.61907 -7.9886 0.375297)
(-2.39674 -7.88707 -0.00362753)
(-2.38909 -8.02579 0.123138)
(-2.52213 -7.8777 0.122771)
(-2.25722 -7.88809 0.124138)
(-2.40834 -7.74572 0.124556)
(-2.3908 -7.87908 0.250363)
(-1.91515 -7.86449 0.00208842)
(-2.00376 -7.88057 0.124882)
(-1.91263 -7.74887 0.125685)
(-1.9165 -7.86348 0.249797)
(2.11885 -7.88923 -0.00286166)
(2.11996 -8.02015 0.125495)
(2.00376 -7.88057 0.124882)
(2.25722 -7.88809 0.124138)
(2.12616 -7.75233 0.124049)
(2.12069 -7.88836 0.252141)
(2.59976 -7.8785 0.00252614)
(2.52213 -7.8777 0.122771)
(2.60506 -7.88562 0.250539)
(-2.43072 -7.36287 0.00219332)
(-2.42665 -7.49418 0.139961)
(-2.53641 -7.36622 0.15162)
(-2.26458 -7.36815 0.132826)
(-2.40723 -7.246 0.13338)
(-2.39997 -7.3706 0.260973)
(-1.90781 -7.50252 0.132863)
(-1.96967 -7.3697 0.123633)
(-1.91961 -7.38527 0.246845)
(2.09826 -7.36989 -0.0116128)
(2.11735 -7.49528 0.125048)
(1.96967 -7.3697 0.123633)
(2.26458 -7.36815 0.132826)
(2.09146 -7.24195 0.129529)
(2.1046 -7.36288 0.263439)
(2.53641 -7.36622 0.15162)
(-2.3834 -6.87392 -0.00133439)
(-2.43128 -6.96217 0.170515)
(-2.25894 -6.87405 0.13738)
(-2.41141 -6.75102 0.164314)
(-2.38054 -6.87675 0.245231)
(-1.89937 -6.8713 -0.00505751)
(-1.93986 -6.87951 0.157561)
(-1.90237 -6.75179 0.12058)
(2.10786 -6.87731 -0.00505875)
(2.1016 -6.99949 0.131851)
(1.93986 -6.87951 0.157561)
(2.25894 -6.87405 0.137381)
(2.11056 -6.7528 0.139568)
(2.11671 -6.87519 0.259741)
(-2.43908 -6.36921 -0.000459023)
(-2.41578 -6.50581 0.123079)
(-2.28744 -6.37448 0.145575)
(-2.40701 -6.24908 0.134608)
(-1.79258 -6.41093 -0.00762895)
(-1.84275 -6.50205 0.111987)
(-1.97181 -6.3803 0.143972)
(-1.82338 -6.25396 0.178315)
(2.13085 -6.37768 0.000653516)
(2.12303 -6.5009 0.139821)
(1.97188 -6.38021 0.143948)
(2.2872 -6.37438 0.145413)
(2.13448 -6.25163 0.143664)
(2.12724 -6.37568 0.272633)
(-2.42545 -5.87298 -0.000708148)
(-2.40034 -5.99863 0.136804)
(-2.29073 -5.87459 0.145764)
(-2.39624 -5.75173 0.134662)
(-1.85254 -5.88205 0.00793054)
(-1.84736 -6.0042 0.137099)
(-1.99612 -5.87798 0.145702)
(-1.71406 -5.881 0.126597)
(-1.85418 -5.75497 0.14787)
(-1.83472 -5.8822 0.29276)
(1.667 -5.86393 -0.0104611)
(1.71406 -5.881 0.1266)
(2.14239 -6.00104 0.143788)
(1.9961 -5.87798 0.145538)
(2.28973 -5.87514 0.144951)
(2.13476 -5.87553 0.282907)
(-2.43615 -5.37755 0.000256021)
(-2.4028 -5.50116 0.140488)
(-2.29987 -5.37639 0.148836)
(-2.41792 -5.24999 0.110361)
(-1.86558 -5.50477 0.145802)
(-1.73262 -5.38051 0.139863)
(-1.86227 -5.38295 0.28014)
(1.60018 -5.382 0.00503957)
(1.60794 -5.49525 0.115643)
(1.73262 -5.38051 0.139861)
(1.57242 -5.29181 0.175428)
(1.65252 -5.37482 0.245034)
(2.29987 -5.37639 0.148837)
(2.14644 -5.37745 0.293397)
(-2.41558 -4.87486 -0.000551101)
(-2.39998 -4.99991 0.111213)
(-2.28111 -4.87431 0.130769)
(-2.36498 -4.75411 0.110244)
(-1.87028 -4.87814 0.27774)
(-1.33778 -4.87677 -0.000533058)
(-1.4094 -4.99447 0.116084)
(-1.47303 -4.87863 0.133529)
(-1.34094 -4.75158 0.124908)
(1.60429 -5.00756 0.140609)
(1.47305 -4.87876 0.133523)
(1.60894 -4.88128 0.26987)
(2.28111 -4.87431 0.130769)
(2.14674 -4.74747 0.133139)
(2.14059 -4.87481 0.265295)
(-2.28159 -4.37398 0.124518)
(-2.02186 -4.36772 0.133654)
(-1.888 -4.37533 0.272252)
(-1.35334 -4.37713 -0.000958248)
(-1.30593 -4.5362 0.162283)
(-1.47532 -4.38157 0.131902)
(-1.26828 -4.36989 0.119279)
(-1.35214 -4.25498 0.126626)
(-1.313 -4.41679 0.292629)
(1.26828 -4.36989 0.119279)
(1.47533 -4.38163 0.131875)
(1.61215 -4.38359 0.271223)
(2.15285 -4.35998 -0.0014922)
(2.14789 -4.49446 0.136126)
(2.02186 -4.36772 0.133654)
(2.28159 -4.37398 0.124518)
(2.14776 -4.24246 0.129856)
(2.17819 -4.33599 0.301809)
(-1.90551 -3.86329 -0.0181337)
(-1.89878 -3.99323 0.124546)
(-2.02497 -3.86849 0.123342)
(-1.77253 -3.86921 0.121036)
(-1.90307 -3.74371 0.119901)
(-1.90764 -3.86866 0.260403)
(-1.35489 -3.8779 -0.0113843)
(-1.35228 -4.00786 0.122504)
(-1.22182 -3.87943 0.122453)
(1.1381 -3.87033 0.0143415)
(1.13762 -3.98505 0.129429)
(1.22182 -3.87944 0.12246)
(1.06786 -3.76151 0.125626)
(1.09047 -3.87823 0.249011)
(1.77253 -3.86921 0.121035)
(2.09212 -3.88402 0.00545279)
(2.13207 -3.99658 0.124726)
(2.02497 -3.86849 0.123342)
(2.08866 -3.88401 0.241004)
(-1.93162 -3.36605 -0.0444058)
(-1.90133 -3.49756 0.118587)
(-1.98358 -3.37652 0.134033)
(-1.77308 -3.37193 0.113422)
(-1.89162 -3.24794 0.119067)
(-1.89025 -3.37415 0.249787)
(-1.36123 -3.37611 -0.0334661)
(-1.22375 -3.37794 0.111278)
(-0.98926 -3.37348 0.13498)
(1.07814 -3.37976 -0.0522789)
(1.10034 -3.502 0.11643)
(0.98926 -3.37348 0.13498)
(1.22375 -3.37794 0.11128)
(1.08933 -3.25379 0.114615)
(1.10113 -3.37718 0.249011)
(1.64304 -3.37112 -0.0308885)
(1.77308 -3.37193 0.113422)
(1.98358 -3.37652 0.134033)
(-1.89497 -2.8747 0.0121908)
(-1.92622 -2.98703 0.109836)
(-1.78744 -2.87397 0.117645)
(-1.92117 -2.75265 0.114031)
(-1.94086 -2.87049 0.213947)
(-1.36886 -2.87809 -0.0333126)
(-0.902489 -2.87201 0.00685524)
(-0.903666 -2.99184 0.128964)
(-0.9679 -2.8809 0.114512)
(-0.841927 -2.75627 0.125705)
(-0.882525 -2.87339 0.250422)
(1.09651 -2.88472 -0.0262189)
(1.09211 -3.00919 0.112717)
(0.967905 -2.8809 0.114531)
(1.10367 -2.87966 0.246514)
(1.64602 -2.87614 -0.0194491)
(1.78744 -2.87397 0.117645)
(-1.89487 -2.37505 0.00372861)
(-1.92694 -2.49877 0.0988404)
(-1.77498 -2.37555 0.107261)
(-1.93149 -2.2501 0.0674028)
(-1.87487 -2.37518 0.241063)
(-0.980428 -2.37783 0.121175)
(-1.24179 -2.00256 0.246626)
(-1.37695 -2.37692 -0.0163705)
(-1.11347 -2.37896 -0.0162848)
(-0.969284 -2.12862 0.119343)
(-0.976262 -2.37908 0.379371)
(-0.973273 -2.12861 0.378202)
(-0.860899 -2.37674 -0.00499059)
(-0.857527 -2.50364 0.124333)
(-0.756731 -2.37335 0.12652)
(-0.843917 -2.25154 0.12244)
(-0.858008 -2.3769 0.250488)
(0.756731 -2.37335 0.12652)
(1.24179 -2.00256 0.246623)
(1.11347 -2.37895 -0.0162804)
(1.37692 -2.37692 -0.0163551)
(0.980427 -2.37783 0.121182)
(0.969284 -2.12862 0.119343)
(0.976273 -2.37908 0.379375)
(0.973273 -2.12861 0.378201)
(1.64609 -2.37587 -0.0159115)
(1.77498 -2.37555 0.107248)
(-1.89247 -1.87266 -0.00283785)
(-1.92739 -1.99988 0.0712284)
(-1.7754 -1.87429 0.107637)
(-1.92334 -1.74211 0.111721)
(-1.88157 -1.87456 0.241058)
(-0.976366 -1.87985 0.119084)
(-1.25003 -1.50151 0.247484)
(-0.979534 -1.87907 0.378779)
(-0.846663 -1.88149 -0.0120989)
(-0.835654 -2.00762 0.121113)
(-0.721846 -1.87941 0.122457)
(-0.85346 -1.75458 0.120443)
(-0.849304 -1.8798 0.249814)
(0.66454 -1.86494 0.0100385)
(0.721846 -1.87941 0.122457)
(0.607186 -1.75461 0.125812)
(0.639918 -1.86282 0.250068)
(1.25004 -1.50151 0.247474)
(0.976366 -1.87985 0.119084)
(0.979534 -1.87907 0.378779)
(1.65033 -1.8758 -0.0177772)
(1.77539 -1.87429 0.107638)
(-1.87887 -1.3751 0.012307)
(-1.91119 -1.49975 0.115224)
(-1.78134 -1.37457 0.121104)
(-1.90057 -1.24952 0.118954)
(-1.92665 -1.37436 0.21843)
(-1.25429 -1.00059 0.246832)
(-0.733014 -1.37928 0.120832)
(-0.512894 -1.37305 0.128626)
(0.571287 -1.41259 -0.0441823)
(0.614405 -1.50602 0.12162)
(0.512894 -1.37305 0.128626)
(0.733014 -1.37928 0.120832)
(0.604106 -1.25318 0.122867)
(0.611129 -1.37781 0.250543)
(1.25429 -1.00059 0.24682)
(1.65071 -1.37435 -0.00693064)
(1.78134 -1.37456 0.121103)
(-1.8507 -0.878963 0.0137269)
(-1.8859 -0.998644 0.11942)
(-1.77346 -0.873372 0.118466)
(-1.87096 -0.750302 0.124274)
(-1.90839 -0.871889 0.237579)
(-1.26012 -0.49933 0.246949)
(-1.52274 -0.621973 0.116558)
(-0.382648 -0.870905 0.0106706)
(-0.380666 -0.985093 0.129724)
(-0.469062 -0.879602 0.122318)
(-0.315018 -0.783775 0.116731)
(-0.343851 -0.88385 0.249926)
(0.606009 -0.880484 -0.008178)
(0.603706 -1.00536 0.122103)
(0.469062 -0.879602 0.122318)
(1.26012 -0.49933 0.246951)
(1.52272 -0.621978 0.116577)
(1.64431 -0.873535 -0.00851265)
(1.77346 -0.873371 0.118462)
(1.65007 -0.74752 0.116087)
(-1.83893 -0.503312 0.132725)
(-1.80466 -0.368556 0.0914521)
(-1.85411 -0.380922 0.260842)
(-1.00261 -0.251443 0.249702)
(-1.52303 -0.372027 0.118761)
(-1.52086 -0.12298 0.120351)
(-1.52109 -0.37142 0.374338)
(-1.52421 -0.120873 0.375334)
(-0.749205 -0.00295744 0.250976)
(-0.359102 -0.511572 0.123862)
(-0.243295 -0.395736 0.126054)
(0.0773304 -0.429678 -0.0103865)
(0.166565 -0.458602 0.124906)
(-3.44346e-18 -0.417991 0.124654)
(0.243295 -0.395736 0.126054)
(0.122954 -0.276549 0.125722)
(0.0968128 -0.423664 0.252006)
(1.0026 -0.251443 0.249701)
(0.749199 -0.00295908 0.250978)
(1.52302 -0.372029 0.118771)
(1.52086 -0.12298 0.120352)
(1.52109 -0.37142 0.374339)
(1.5242 -0.120873 0.375334)
(1.65207 -0.373002 -0.00568131)
(1.65442 -0.495471 0.11669)
(1.80466 -0.368556 0.0914521)
(1.64997 -0.2465 0.119336)
(1.64881 -0.371449 0.245603)
(-1.73538 0.123857 0.128716)
(-1.51902 0.126392 0.120898)
(-0.49931 0.247006 0.251267)
(-0.75189 0.499624 0.251424)
(-1.00387 0.375208 0.12356)
(-0.250032 0.245166 0.505385)
(0.499299 0.247 0.251283)
(0.249899 0.245126 0.505418)
(0.751882 0.499609 0.251445)
(1.00387 0.375206 0.123552)
(1.13074 0.250351 0.123162)
(1.68555 0.159921 -0.0416745)
(1.64358 0.000912069 0.122433)
(1.51902 0.126392 0.120898)
(1.73538 0.123857 0.128716)
(1.63953 0.25082 0.121877)
(1.64365 0.125823 0.249168)
(-1.39351 0.62692 -0.00705808)
(-1.5212 0.627265 0.112765)
(-1.26145 0.626322 0.120615)
(-0.501259 0.750063 0.250683)
(-0.754974 1.00161 0.249199)
(-1.00479 0.625626 0.123179)
(-0.250952 0.748855 0.50529)
(0.50125 0.750034 0.250801)
(0.250919 0.748845 0.50545)
(1.0048 0.625624 0.123158)
(0.754984 1.00158 0.249232)
(1.13308 0.626007 -0.0036218)
(1.13101 0.500623 0.122846)
(1.26147 0.62631 0.120601)
(1.13322 0.751074 0.122009)
(1.1314 0.625722 0.248338)
(1.64868 0.627034 -0.00839583)
(1.68868 0.535397 0.0807674)
(1.52122 0.627252 0.112764)
(1.66602 0.748388 0.0850632)
(1.62905 0.62633 0.243642)
(-1.4003 1.12802 -0.0159494)
(-1.53156 1.12669 0.117093)
(-1.40013 1.25368 0.116209)
(-0.757113 1.50514 0.244786)
(-0.755797 1.25132 0.504154)
(0.75708 1.50504 0.244804)
(0.75569 1.25126 0.50424)
(1.64964 1.00001 0.12858)
(1.53157 1.12668 0.117088)
(1.61277 1.24538 0.139853)
(1.66554 1.12587 0.249983)
(-1.42031 1.66251 -0.0383715)
(-1.40075 1.50863 0.115236)
(-1.51463 1.6219 0.128232)
(-1.27522 1.63662 0.113535)
(-1.42112 1.78769 0.0870127)
(-1.40217 1.63598 0.242669)
(-0.504336 1.75462 0.242963)
(-0.889393 2.01465 0.104957)
(-0.759226 1.75439 0.500451)
(-0.887492 1.89103 -0.0212815)
(-0.632699 1.88539 -0.0185084)
(-0.25224 2.00393 0.239956)
(0.504292 1.75454 0.243096)
(0.252219 2.00392 0.240002)
(0.759043 1.75431 0.500523)
(0.632675 1.88527 -0.0183623)
(0.887556 1.89097 -0.021285)
(0.889394 2.01464 0.104954)
(1.1452 1.63903 -0.0197976)
(1.27502 1.63634 0.112824)
(1.51463 1.6219 0.128232)
(-1.20228 2.10833 0.140836)
(-0.92212 2.17166 -0.0596286)
(-1.009 2.13277 0.115816)
(-0.763308 2.13682 0.102892)
(-0.890641 2.26145 0.104276)
(-0.888959 2.13559 0.233809)
(-4.58364e-05 2.25271 0.239821)
(-0.252639 2.2516 0.496871)
(-0.381531 2.13288 -0.0220834)
(-0.124359 2.13128 -0.0215528)
(-0.383504 2.38013 -0.0219197)
(-0.125845 2.37782 -0.0142182)
(0.252627 2.2516 0.496908)
(0.124288 2.13128 -0.0215487)
(0.381511 2.13288 -0.0220685)
(0.125539 2.37782 -0.0142175)
(0.383476 2.38013 -0.0219184)
(0.637158 2.13796 -0.0275271)
(0.763306 2.13681 0.102895)
(1.10631 2.11133 0.0443289)
(1.13631 2.01183 0.11651)
(1.009 2.13277 0.115814)
(1.20228 2.10833 0.140836)
(1.11343 2.24215 0.136496)
(1.13669 2.13228 0.245134)
(-0.901794 2.50768 0.0982234)
(-0.757795 2.62571 0.115899)
(-0.891272 2.74943 0.108525)
(-0.879688 2.62621 0.246153)
(-0.383045 2.62652 -0.0296347)
(-0.511288 2.62621 0.10314)
(0.124705 2.626 -0.0257584)
(0.684332 2.59759 -0.0617451)
(0.640889 2.50491 0.104264)
(0.511274 2.62621 0.103158)
(0.757762 2.62571 0.115954)
(0.635061 2.74915 0.109075)
(0.634867 2.62628 0.236116)
(-3.38119 3.24735 0.0927678)
(-3.3694 3.09976 0.225388)
(-0.891435 3.1242 -0.0274036)
(-0.922335 2.95845 0.0784076)
(-1.01519 3.12521 0.129875)
(-0.767742 3.11579 0.0996704)
(-0.894258 3.24192 0.108237)
(-0.893632 3.12004 0.23638)
(-0.379713 3.12202 -0.0212427)
(0.124821 3.1232 -0.00963557)
(0.639748 3.11743 -0.0297194)
(0.767741 3.11579 0.0996706)
(1.01519 3.12521 0.129875)
(1.08385 3.25917 0.13939)
(1.0951 3.1257 0.254342)
(3.12688 3.21167 0.089481)
(3.13322 3.10016 0.25793)
(-3.40187 3.49442 0.0986149)
(-3.31228 3.67034 0.0793339)
(-3.41229 3.65677 0.247659)
(-2.87007 3.60943 -0.0372114)
(-2.84598 3.4625 0.117367)
(-3.01024 3.62465 0.105016)
(-2.71427 3.58592 0.1304)
(-2.85935 3.60951 0.264149)
(-1.2475 3.62888 0.135827)
(-0.505025 3.74622 0.238305)
(-0.759367 3.99581 0.240848)
(-0.764689 3.74771 0.49867)
(-0.891569 3.61907 -0.0235892)
(-0.632994 3.61747 -0.0250442)
(-0.887784 3.86381 -0.0274102)
(-0.630912 3.86757 -0.0237609)
(-0.890336 3.49273 0.107253)
(-1.01539 3.61913 0.111372)
(-1.02038 3.8645 0.108608)
(-1.02984 3.62094 0.372476)
(-1.02421 3.87027 0.373056)
(1.83e-06 3.7481 0.240375)
(-0.251036 3.99854 0.241057)
(-0.251896 3.74924 0.497224)
(-0.376381 3.61458 -0.0276594)
(-0.123809 3.62097 -0.0214926)
(-0.124452 3.87206 -0.0159167)
(0.505026 3.74622 0.238304)
(0.251037 3.99854 0.241056)
(0.251906 3.74924 0.497224)
(0.12381 3.62097 -0.0214925)
(0.376381 3.61458 -0.0276594)
(0.124452 3.87206 -0.0159175)
(1.01539 3.61913 0.111372)
(0.759367 3.99581 0.240844)
(0.76469 3.74771 0.498669)
(0.632994 3.61747 -0.0250445)
(0.891569 3.61907 -0.0235895)
(0.630913 3.86757 -0.0237641)
(0.887787 3.8638 -0.0274167)
(0.890336 3.49273 0.107253)
(1.02038 3.8645 0.108606)
(1.02984 3.62094 0.372476)
(1.02421 3.87027 0.373067)
(1.15169 3.62457 -0.0265937)
(1.15374 3.46617 0.0929853)
(1.2475 3.62888 0.135827)
(1.14772 3.73826 0.112491)
(1.15395 3.62099 0.246542)
(2.56784 3.56342 -0.00820325)
(2.71427 3.58592 0.130401)
(2.58916 3.71688 0.135314)
(2.58441 3.59174 0.264388)
(3.19278 3.67769 -0.0622365)
(3.13814 3.49479 0.100926)
(3.01024 3.62465 0.105019)
(3.31228 3.67034 0.0793339)
(3.15328 3.76942 0.107929)
(3.14563 3.63971 0.244712)
(-2.92047 4.13874 -0.0234617)
(-2.91057 4.02321 0.111341)
(-2.98723 4.13729 0.126485)
(-2.77696 4.14246 0.116577)
(-2.90702 4.24641 0.122184)
(-2.91087 4.14262 0.252811)
(-2.35818 4.10802 -0.0179533)
(-2.34853 3.97739 0.134048)
(-2.2314 4.10905 0.131403)
(-2.35279 4.10646 0.268496)
(-1.41588 4.11793 -0.00113538)
(-1.39294 4.00256 0.131385)
(-1.28021 4.11627 0.120604)
(-1.3981 4.2445 0.125479)
(-1.42292 4.12374 0.247395)
(-0.759166 4.24934 0.502361)
(-0.250928 4.25125 0.501133)
(0.25093 4.25125 0.501132)
(0.759162 4.24934 0.502359)
(1.14579 4.11243 -0.0191805)
(1.14967 3.98984 0.112582)
(1.28021 4.11627 0.120603)
(2.07896 4.0845 0.000786103)
(2.2314 4.10905 0.131406)
(2.11002 4.23705 0.129076)
(2.13637 4.13452 0.240913)
(2.63543 4.12892 -0.0219978)
(2.77698 4.14248 0.116651)
(2.64277 4.26343 0.122997)
(2.62807 4.12734 0.278543)
(2.98723 4.13729 0.126485)
(-2.39574 4.63484 -0.0154394)
(-2.525 4.63612 0.124098)
(-2.39741 4.76471 0.12617)
(-2.39234 4.63563 0.271558)
(-1.86684 4.61315 -0.00497804)
(-1.82651 4.45727 0.165442)
(-1.98711 4.61172 0.130402)
(-1.71821 4.57054 0.169241)
(-1.86614 4.73813 0.130177)
(-1.81432 4.56739 0.296204)
(-1.00675 4.74924 0.249908)
(-1.38642 4.62149 0.503896)
(-1.38547 4.49603 0.124428)
(-1.43799 4.45798 0.415522)
(-1.50289 4.62267 0.124891)
(-1.52303 4.60348 0.373242)
(-1.5079 4.8648 0.385367)
(-1.39134 4.86444 0.518424)
(1.00673 4.74924 0.249886)
(1.50289 4.62267 0.124891)
(1.38547 4.49603 0.124428)
(1.43799 4.45798 0.415522)
(1.52303 4.60348 0.373242)
(1.5079 4.8648 0.385366)
(1.38641 4.62149 0.503888)
(1.39131 4.86445 0.518415)
(1.62555 4.62298 -0.00142715)
(1.61575 4.5512 0.113531)
(1.71821 4.57054 0.169241)
(1.62521 4.74783 0.124989)
(1.62 4.61859 0.243815)
(2.12535 4.62123 -0.0230887)
(2.11378 4.48948 0.12787)
(1.9871 4.61171 0.130395)
(2.11473 4.61543 0.275212)
(2.59651 4.62099 0.00784618)
(2.67548 4.55571 0.125698)
(2.52501 4.63612 0.124099)
(2.63861 4.61597 0.246592)
(-2.40924 5.02734 0.124941)
(-2.31624 5.17466 0.129644)
(-1.89158 5.1354 -0.0167199)
(-2.0231 5.13866 0.121328)
(-1.76022 5.13165 0.122501)
(-1.50508 5.12894 0.123743)
(1.63208 5.13031 -0.0122956)
(1.6294 4.99912 0.124722)
(1.50508 5.12894 0.123749)
(1.76022 5.13164 0.122552)
(1.63388 5.26251 0.122404)
(1.63268 5.12758 0.25863)
(2.1582 5.14873 -0.0154086)
(2.15176 5.01476 0.123885)
(2.0231 5.13867 0.121329)
(2.31624 5.17466 0.129644)
(2.15257 5.26128 0.122276)
(2.15462 5.14042 0.258852)
(-1.88974 5.61102 0.00107501)
(-1.89802 5.52729 0.12513)
(-1.7755 5.67288 0.12805)
(-1.88829 5.61306 0.250257)
(-1.37518 5.63481 -0.00379255)
(-1.37463 5.51882 0.125624)
(-1.50188 5.64303 0.12502)
(-1.21069 5.6808 0.166747)
(-1.37911 5.71819 0.121003)
(-1.33891 5.68241 0.282388)
(-0.878944 5.64247 0.00281185)
(-0.879681 5.52134 0.132917)
(-1.00593 5.67341 0.174698)
(-0.7545 5.64851 0.132671)
(-0.875008 5.71968 0.118931)
(-0.878903 5.66036 0.257334)
(-0.510439 5.64512 0.133846)
(-0.387041 5.76594 0.129684)
(0.637707 5.64983 0.00960325)
(0.633125 5.51804 0.133233)
(0.510439 5.64512 0.133846)
(0.7545 5.64851 0.132671)
(0.639125 5.794 0.134797)
(0.673062 5.67671 0.30152)
(1.12534 5.63306 0.000819166)
(1.12478 5.52095 0.130737)
(1.00593 5.67341 0.174698)
(1.21069 5.6808 0.166747)
(1.12252 5.646 0.259936)
(1.66162 5.68693 -0.0312002)
(1.63445 5.52622 0.123695)
(1.50188 5.64303 0.12502)
(1.7755 5.67288 0.12805)
(1.6093 5.72042 0.1249)
(1.66211 5.68797 0.281248)
(-0.434919 6.16478 -0.0363016)
(-0.392818 6.00437 0.122517)
(-0.478909 6.12407 0.127388)
(-0.26036 6.12955 0.11261)
(-0.380432 6.25208 0.119653)
(-0.37941 6.12545 0.25108)
(0.121851 6.1353 -0.031796)
(0.26035 6.12955 0.112613)
(0.12769 6.2536 0.113544)
(0.478909 6.12407 0.127388)
(-0.405532 6.62269 -0.0291505)
(-0.372701 6.50021 0.119051)
(-0.466703 6.62676 0.137985)
(-0.255223 6.62313 0.114838)
(-0.388722 6.74633 0.116071)
(-0.381932 6.6231 0.246872)
(0.126763 6.62268 -0.0130452)
(0.126948 6.49988 0.118224)
(0.000111697 6.62319 0.115544)
(0.255224 6.62313 0.114819)
(0.129068 6.7459 0.109914)
(0.128213 6.62346 0.241425)
(0.466703 6.62676 0.137985)
(-0.396502 7.11688 -0.0170249)
(-0.397332 6.99323 0.112567)
(-0.556462 7.08756 0.0850997)
(-0.268719 7.11721 0.110331)
(-0.398918 7.24259 0.11074)
(-0.398529 7.11691 0.240596)
(0.133381 7.11415 -0.0245007)
(0.268773 7.11721 0.110331)
(0.556462 7.08756 0.0850997)
(0.633317 7.24672 0.121446)
(0.631296 7.12058 0.249642)
(-0.392461 7.62603 -0.0136499)
(-0.52325 7.62599 0.114339)
(0.626589 7.62677 -0.00324493)
(0.668701 7.49901 0.0945185)
(0.523253 7.62599 0.114339)
(0.67094 7.75125 0.116752)
(0.645075 7.62609 0.244169)
(-0.415109 8.16989 -0.0532556)
(-0.395132 8.01662 0.110697)
(-0.532754 8.15579 0.120813)
(-0.262395 8.15757 0.106396)
(-0.383389 8.29344 0.113643)
(-0.396085 8.15214 0.23716)
(0.130095 8.15795 -0.0246113)
(0.26239 8.15757 0.106396)
(0.129635 8.28645 0.110899)
(0.624401 7.99914 0.119797)
(0.532754 8.15579 0.120813)
(0.593447 8.12123 0.252396)
(-2.4875 -8.1102 0.624996)
(-2.4882 -8.12113 0.87514)
(-2.6441 -7.9871 0.618865)
(-2.67001 -7.97912 0.857016)
(-1.91273 -7.95591 0.61811)
(-2.01201 -8.08753 0.881641)
(-1.91685 -8.04929 0.862687)
(2.01201 -8.08753 0.881641)
(1.91273 -7.95591 0.61811)
(1.91685 -8.04929 0.862687)
(2.6441 -7.9871 0.618865)
(2.4875 -8.1102 0.624996)
(2.4882 -8.12113 0.87514)
(2.67001 -7.97912 0.857016)
(-2.38711 -7.87147 0.502267)
(-2.38022 -7.99871 0.625286)
(-2.52056 -7.8715 0.625603)
(-2.25074 -7.87112 0.629258)
(-2.39278 -7.73063 0.634235)
(-2.38824 -7.85369 0.759565)
(-1.89552 -7.86224 0.500005)
(-1.98027 -7.88272 0.625125)
(-1.85218 -7.75045 0.62421)
(-1.84666 -7.88698 0.735337)
(2.11803 -7.88423 0.501876)
(2.08471 -8.04932 0.617516)
(1.98027 -7.88272 0.625125)
(2.25074 -7.87112 0.629258)
(2.11878 -7.73418 0.638593)
(2.11323 -7.88016 0.752836)
(2.62185 -7.88724 0.5001)
(2.52056 -7.8715 0.625603)
(2.61848 -7.86971 0.749895)
(-2.34824 -7.38173 0.493374)
(-2.36327 -7.50973 0.614059)
(2.12771 -7.32712 0.538994)
(2.14795 -7.44214 0.677995)
(-1.87877 -4.8724 0.520525)
(-1.93041 -4.37968 0.553861)
(-1.74415 -4.35739 0.607351)
(-1.87345 -4.25343 0.605238)
(1.58679 -4.41582 0.559463)
(1.74415 -4.35739 0.607351)
(1.63181 -4.24771 0.654579)
(-1.93865 -3.83764 0.551661)
(-1.87245 -4.01023 0.656481)
(-1.76697 -3.87998 0.650974)
(-1.90381 -3.74757 0.62273)
(-1.35301 -3.88811 0.519849)
(-1.3729 -4.00783 0.658154)
(-1.48503 -3.89049 0.656528)
(-1.24842 -3.88175 0.625666)
(-1.35312 -3.76122 0.650531)
(-1.36772 -3.87915 0.731869)
(1.14646 -3.8732 0.494356)
(1.24842 -3.88175 0.625666)
(1.62936 -3.88314 0.526602)
(1.62204 -4.01198 0.66885)
(1.48503 -3.89049 0.656529)
(1.76697 -3.87998 0.650973)
(1.63195 -3.75699 0.649316)
(1.63131 -3.90252 0.803656)
(-1.92115 -3.37501 0.547556)
(-1.90683 -3.50002 0.621837)
(-1.7627 -3.37499 0.627558)
(-1.8715 -3.2497 0.618617)
(-1.36012 -3.37966 0.514392)
(-1.34985 -3.50611 0.651434)
(-1.49566 -3.37714 0.641437)
(-1.2331 -3.37938 0.638207)
(-1.3643 -3.25348 0.640371)
(-1.36604 -3.37704 0.767712)
(1.07548 -3.41339 0.541713)
(1.14384 -3.50412 0.623977)
(1.2331 -3.37937 0.63821)
(1.08048 -3.2621 0.658136)
(1.63457 -3.37567 0.511336)
(1.63275 -3.50152 0.63755)
(1.49566 -3.37714 0.641442)
(1.76269 -3.37499 0.627558)
(1.62949 -3.25056 0.635555)
(1.62379 -3.37536 0.75835)
(-1.94178 -2.90705 0.541287)
(-1.89872 -3.00283 0.616033)
(-1.77688 -2.88053 0.642511)
(-1.91964 -2.74914 0.652609)
(-1.36785 -3.00467 0.642738)
(-1.23294 -2.88262 0.643711)
(-1.3708 -2.88187 0.773818)
(-0.905604 -2.86447 0.489456)
(-0.954564 -2.88106 0.655007)
(-0.91201 -2.74797 0.617171)
(1.10325 -2.88054 0.510344)
(1.09593 -3.00919 0.643447)
(0.958395 -2.87755 0.669113)
(1.23326 -2.88202 0.645018)
(1.09971 -2.7569 0.641919)
(1.066 -2.92151 0.808462)
(1.63777 -3.00213 0.641965)
(1.77688 -2.88053 0.642515)
(1.64258 -2.87933 0.778046)
(-1.87654 -2.37601 0.509544)
(-1.92851 -2.50072 0.679666)
(-1.77633 -2.37732 0.645627)
(-1.94242 -2.28406 0.671469)
(-1.90965 -2.37797 0.748046)
(-1.37258 -2.37996 0.783033)
(-0.814496 -2.41014 0.539381)
(-0.858918 -2.50117 0.618655)
(-0.972186 -2.37956 0.639634)
(-0.829712 -2.25502 0.657779)
(-0.891312 -2.37487 0.756763)
(1.10303 -2.50461 0.642323)
(0.972188 -2.37956 0.639641)
(1.1018 -2.37999 0.774403)
(1.77633 -2.37732 0.645628)
(1.64394 -2.37908 0.775292)
(-1.87056 -1.87525 0.501158)
(-1.88112 -2.00089 0.63001)
(-1.97014 -1.87499 0.613751)
(-1.7647 -1.8765 0.634079)
(-1.88718 -1.75031 0.631855)
(-1.92971 -1.87886 0.789496)
(-1.37198 -1.87775 0.76905)
(-0.854431 -1.87971 0.508101)
(-0.856334 -2.0041 0.634983)
(-0.979771 -1.8791 0.638125)
(-0.730477 -1.87295 0.620245)
(-0.853983 -1.75563 0.638523)
(-0.831877 -1.88301 0.794299)
(0.676184 -1.86124 0.486629)
(0.730477 -1.87295 0.620245)
(0.979771 -1.8791 0.638125)
(1.10737 -1.87834 0.769119)
(1.7647 -1.8765 0.634079)
(1.64265 -1.87818 0.771058)
(1.97014 -1.87499 0.613751)
(-1.8785 -1.37468 0.501645)
(-1.88973 -1.5003 0.633233)
(-1.97469 -1.375 0.613455)
(-1.77017 -1.37413 0.635516)
(-1.8866 -1.24922 0.633319)
(-1.94643 -1.3714 0.800274)
(-1.37541 -1.37583 0.762144)
(-0.854131 -1.50611 0.639352)
(-0.725926 -1.38202 0.641935)
(-0.85296 -1.38203 0.773581)
(0.55378 -1.41551 0.551115)
(0.617499 -1.50394 0.629681)
(0.725926 -1.38202 0.641935)
(0.575772 -1.28513 0.664327)
(0.643263 -1.37705 0.748354)
(1.11345 -1.37827 0.769854)
(1.7702 -1.37414 0.635461)
(1.64474 -1.37437 0.764755)
(1.97469 -1.375 0.613455)
(-1.94709 -0.849564 0.49514)
(-1.89356 -0.998096 0.631632)
(-1.78926 -0.87159 0.629973)
(-1.93148 -0.740691 0.633574)
(-1.92985 -0.876928 0.747311)
(-0.731411 -0.881916 0.638391)
(-0.863118 -0.880004 0.768553)
(-0.377548 -0.879833 0.49804)
(-0.447772 -0.913474 0.664999)
(-0.361394 -0.743012 0.617952)
(0.603641 -0.882108 0.507292)
(0.602887 -1.00803 0.639593)
(0.447772 -0.913474 0.664999)
(0.731413 -0.881915 0.63839)
(0.605566 -0.757289 0.636793)
(0.606215 -0.882487 0.766175)
(1.12136 -0.876785 0.762654)
(1.78928 -0.871592 0.629935)
(1.64894 -0.872628 0.762132)
(-1.88005 -0.371299 0.496398)
(-1.89231 -0.492668 0.630697)
(-1.77878 -0.368117 0.633528)
(-1.83501 -0.261771 0.616202)
(-1.84108 -0.381485 0.739573)
(-1.52373 -0.369589 0.634812)
(-1.38807 -0.371591 0.767086)
(-0.869186 -0.377455 0.768354)
(-0.361348 -0.388427 0.507898)
(-0.305691 -0.547535 0.673958)
(-0.479964 -0.38543 0.63695)
(-0.221789 -0.406344 0.624957)
(-0.362871 -0.259402 0.632657)
(-0.307239 -0.428357 0.795659)
(0.119212 -0.40734 0.501787)
(1.38778e-17 -0.413743 0.625143)
(0.221789 -0.406344 0.624957)
(0.123469 -0.265914 0.628446)
(0.123489 -0.359558 0.739184)
(0.479965 -0.385427 0.636942)
(0.60928 -0.382152 0.770131)
(1.65054 -0.369871 0.502643)
(1.65411 -0.494077 0.632766)
(1.52373 -0.36959 0.634811)
(1.77878 -0.368117 0.633527)
(1.65729 -0.242422 0.63361)
(1.65564 -0.367258 0.768491)
(-1.74596 0.123408 0.621054)
(-1.52085 0.128796 0.633937)
(-1.39174 0.128953 0.769491)
(-0.00026516 0.242312 0.762322)
(-0.252075 0.495849 0.763039)
(-0.379399 0.118015 1.01638)
(-0.374853 -0.00623038 0.88458)
(-0.128595 -0.0157791 0.890214)
(-0.501094 0.121176 0.888641)
(-0.127776 0.113704 1.01946)
(-0.382635 0.366414 1.02953)
(-0.127261 0.364283 1.0237)
(0.25203 0.495727 0.763378)
(0.127671 0.113698 1.01947)
(0.127266 -0.0157797 0.890215)
(0.374733 -0.00623204 0.884584)
(0.501067 0.121171 0.888657)
(0.379381 0.11801 1.01639)
(0.127279 0.364201 1.02388)
(0.382658 0.366311 1.02982)
(0.625063 0.122766 0.764536)
(1.648 0.128311 0.503256)
(1.65165 0.00554938 0.631474)
(1.52085 0.128794 0.63393)
(1.74596 0.123408 0.621054)
(1.64343 0.252578 0.630137)
(1.67564 0.162782 0.796409)
(-1.52751 0.626965 0.631493)
(-1.39135 0.626509 0.761347)
(-4.25864e-05 0.747798 0.761746)
(-0.251788 0.99908 0.761193)
(-0.381902 0.619626 1.02348)
(-0.126888 0.620139 1.02041)
(-0.379825 0.872969 1.01977)
(0.251603 0.999121 0.76189)
(0.126938 0.619967 1.02089)
(0.381837 0.619268 1.02491)
(0.379748 0.872942 1.02074)
(1.6886 0.658826 0.538698)
(1.68239 0.506447 0.654925)
(1.52742 0.626913 0.631299)
(1.66562 0.753475 0.632636)
(1.63178 0.625675 0.739814)
(-1.54182 1.12672 0.634538)
(-1.40505 1.25353 0.639796)
(-1.40712 1.12793 0.778271)
(-0.504137 1.24991 0.760588)
(-0.756623 1.50102 0.760769)
(-0.884323 1.12381 1.02563)
(-1.0074 1.12483 0.892686)
(-1.00857 1.37556 0.88666)
(-0.633793 1.12431 1.01903)
(-0.882215 1.37444 1.01629)
(-0.634872 1.37468 1.02188)
(0.503922 1.24994 0.76145)
(0.756325 1.50091 0.760809)
(0.633688 1.12438 1.01963)
(1.00732 1.12479 0.892471)
(1.00823 1.37532 0.886481)
(0.884322 1.12387 1.02579)
(0.634574 1.37469 1.0225)
(0.882145 1.37443 1.01622)
(1.13779 1.12582 0.766598)
(1.66522 1.13098 0.508937)
(1.65255 1.00105 0.629637)
(1.54164 1.12666 0.634837)
(1.63395 1.24983 0.611644)
(-1.40203 1.64012 0.50222)
(-1.40006 1.50827 0.635343)
(-1.53277 1.62987 0.626846)
(-1.27259 1.63282 0.633609)
(-1.39887 1.75523 0.630444)
(-1.43108 1.66555 0.802154)
(-0.504738 1.75088 0.76032)
(-0.76173 2.0028 0.759116)
(-0.882431 1.62508 1.01579)
(-1.01144 1.62671 0.886164)
(-1.02064 1.87958 0.889762)
(-0.632374 1.62482 1.02413)
(-0.884036 1.87545 1.01703)
(-0.631702 1.87473 1.02067)
(0.504708 1.75085 0.760883)
(0.761611 2.00278 0.759141)
(0.632219 1.62465 1.02453)
(1.01058 1.62643 0.885825)
(1.02017 1.87955 0.889681)
(0.882287 1.62504 1.01554)
(0.631694 1.8747 1.02087)
(0.88396 1.87545 1.01701)
(1.26953 1.63184 0.630551)
(1.13797 1.62804 0.758868)
(1.58605 1.49013 0.615085)
(1.53315 1.62956 0.627681)
(-1.38557 2.00491 0.629493)
(-1.3201 2.16335 0.633131)
(-0.505911 2.25045 0.757077)
(-0.888382 2.12505 1.0228)
(-1.02726 2.1339 0.629742)
(-1.01721 2.37962 0.625238)
(-1.02475 2.12965 0.892344)
(-1.0196 2.37576 0.891542)
(-0.632032 2.12378 1.0181)
(-0.893681 2.37356 1.02642)
(0.505897 2.25044 0.757146)
(1.02719 2.13389 0.629734)
(0.632007 2.12378 1.01812)
(1.01721 2.37961 0.625255)
(1.02468 2.12954 0.892457)
(1.01965 2.37573 0.891675)
(0.888264 2.12506 1.02272)
(0.893684 2.37355 1.02638)
(1.15755 2.1371 0.497771)
(1.15666 2.01162 0.631937)
(1.3201 2.16335 0.633131)
(1.15663 2.25933 0.629502)
(1.15665 2.13463 0.760076)
(-1.20597 2.61737 0.636824)
(-0.885708 2.62671 0.495606)
(-1.0109 2.62633 0.623603)
(1.16427 2.62916 0.468213)
(1.13158 2.50151 0.623362)
(1.0109 2.62633 0.623606)
(1.20597 2.61737 0.636824)
(1.18167 2.78492 0.588705)
(1.12155 2.62519 0.751618)
(-3.80829 3.12215 0.579827)
(-3.8958 3.11399 0.761997)
(-3.37243 3.09276 0.483395)
(-3.36204 2.96394 0.613188)
(-3.50996 3.11359 0.613142)
(-3.21648 3.09453 0.630966)
(-3.36003 3.11563 0.760303)
(-3.01695 3.16076 0.627859)
(-1.21402 3.12682 0.629131)
(-1.02689 3.11932 0.62165)
(1.17314 3.11133 0.486358)
(1.18024 2.99534 0.5907)
(1.02689 3.11932 0.62165)
(1.21402 3.12682 0.629131)
(1.15047 3.24528 0.622523)
(1.14739 3.12272 0.754352)
(3.06771 3.05297 0.491759)
(3.01695 3.16076 0.627859)
(3.21648 3.09453 0.630968)
(3.09013 3.24411 0.637875)
(3.09559 3.13841 0.752705)
(3.65077 3.12008 0.482548)
(3.63883 2.98658 0.604322)
(3.50998 3.1137 0.613228)
(3.80829 3.12215 0.579827)
(3.66437 3.26938 0.612572)
(3.64743 3.13229 0.74525)
(-3.43344 3.69127 0.492552)
(-3.38708 3.5354 0.647662)
(-3.24405 3.64494 0.652268)
(-2.87376 3.63154 0.526753)
(-1.28513 3.62274 0.625211)
(-0.506154 3.75015 0.754988)
(-0.76194 4.00014 0.755687)
(-0.896252 3.62349 1.0116)
(-1.03191 3.62326 0.628495)
(-1.02562 3.87317 0.629467)
(-1.03279 3.62441 0.888955)
(-1.0204 3.87356 0.881965)
(-0.250973 4.00184 0.755368)
(0.506163 3.75015 0.754988)
(0.250987 4.00184 0.755368)
(1.03191 3.62326 0.628495)
(0.76194 4.00014 0.755687)
(1.02562 3.87316 0.629464)
(1.03279 3.62441 0.888955)
(1.0204 3.87356 0.881965)
(0.896241 3.6235 1.0116)
(1.16756 3.62201 0.50079)
(1.15925 3.49881 0.626696)
(1.28513 3.62274 0.625211)
(1.1585 3.74776 0.630611)
(1.15927 3.6248 0.756309)
(3.12914 3.63567 0.522013)
(3.09738 3.50858 0.656771)
(3.24405 3.64494 0.652268)
(-2.8878 4.1383 0.494265)
(-2.3664 4.11921 0.494914)
(-1.35986 4.1249 0.488408)
(-1.29745 4.12891 0.660448)
(-0.502925 4.25313 0.757819)
(-1.01973 4.12402 0.630072)
(-1.02064 4.37101 0.632453)
(-1.01797 4.12437 0.88234)
(-1.02263 4.3746 0.886942)
(-0.886058 4.38152 1.02056)
(-0.626992 4.38352 1.0165)
(4.81149e-06 4.25321 0.756436)
(-0.373558 4.38279 1.01663)
(-0.124094 4.3818 1.01356)
(0.502925 4.25314 0.757819)
(0.1241 4.3818 1.01356)
(0.373559 4.38279 1.01663)
(1.01973 4.12402 0.630072)
(1.02063 4.37101 0.632448)
(1.01797 4.12437 0.88234)
(1.02262 4.37461 0.886948)
(0.626992 4.38352 1.0165)
(0.886057 4.38152 1.02056)
(1.14458 4.12377 0.50384)
(1.15211 3.99906 0.631342)
(1.29745 4.12891 0.660448)
(1.14499 4.24656 0.63206)
(1.14822 4.12488 0.753997)
(2.6126 4.12349 0.57725)
(-2.36838 4.61792 0.54195)
(-1.39422 4.50247 0.620606)
(-1.45748 4.63792 0.612394)
(-1.27274 4.61776 0.635412)
(-1.39576 4.73887 0.637237)
(-1.39961 4.6244 0.745263)
(1.14978 4.49392 0.6345)
(1.27273 4.61774 0.635395)
(1.15352 4.62238 0.769106)
(1.45748 4.63792 0.612394)
(2.09924 4.60003 0.539773)
(-1.88353 5.12533 0.529557)
(-1.87606 5.01276 0.636786)
(-1.9865 5.1223 0.604813)
(-1.79773 5.12466 0.693323)
(-1.88051 5.24764 0.650926)
(-1.3907 4.99337 0.653357)
(-1.51447 5.12139 0.663867)
(-1.38352 5.26499 0.660211)
(-1.38385 5.12643 0.787195)
(-0.875114 5.27579 0.647651)
(-0.877464 5.1437 0.782866)
(-0.374838 5.13899 0.779675)
(0.122371 5.13814 0.774085)
(0.625364 5.26755 0.642015)
(0.625336 5.14215 0.7837)
(1.12617 5.27363 0.654308)
(1.13253 5.13757 0.786612)
(1.63784 5.11994 0.532017)
(1.66683 4.94662 0.689838)
(1.51447 5.12139 0.663867)
(1.79773 5.12466 0.693323)
(1.63617 5.25442 0.667487)
(1.61752 5.12976 0.781878)
(2.14963 5.11566 0.540639)
(1.9865 5.1223 0.604813)
(-1.37443 5.65353 0.489101)
(-1.38458 5.56482 0.681641)
(-0.872671 5.51411 0.622216)
(-0.421129 5.67042 0.543491)
(-0.407349 5.54112 0.659175)
(-0.282457 5.66658 0.665732)
(-0.344442 5.75429 0.595129)
(0.128278 5.63093 0.505529)
(0.124036 5.50693 0.632198)
(-5.3377e-07 5.62766 0.613039)
(0.282457 5.66658 0.665732)
(0.159732 5.78511 0.666589)
(0.121545 5.62207 0.708522)
(0.626262 5.48548 0.624486)
(1.12889 5.60142 0.486399)
(1.12473 5.54909 0.648212)
(1.62856 5.64606 0.504496)
(1.62075 5.54387 0.668101)
(-0.387399 6.1232 0.505522)
(-0.25501 6.12345 0.625063)
(-0.348125 6.24342 0.579494)
(0.142643 6.11708 0.521815)
(0.164045 6.00059 0.664064)
(-0.000728266 6.1061 0.652527)
(0.25501 6.12345 0.625063)
(0.0991079 6.26972 0.664989)
(-0.380885 6.62137 0.500115)
(-0.434513 6.46686 0.590279)
(-0.530715 6.62148 0.610581)
(-0.262261 6.61626 0.591888)
(-0.329761 6.71034 0.667785)
(-0.345248 6.68218 0.767361)
(0.126236 6.62439 0.477954)
(0.124345 6.50026 0.579632)
(0 6.62434 0.588384)
(0.262261 6.61626 0.591888)
(0.116392 6.74911 0.617538)
(0.530715 6.62148 0.610581)
(0.592362 6.75497 0.624942)
(-0.719803 7.13488 0.632933)
(-0.528194 7.1126 0.62081)
(0.125283 6.98478 0.634019)
(0.126726 7.1042 0.760913)
(0.7018 7.0924 0.5258)
(0.703027 6.99236 0.65306)
(0.528258 7.1126 0.620811)
(0.719803 7.13488 0.632933)
(0.638936 7.2446 0.62278)
(0.645134 7.12044 0.749297)
(-0.741168 7.62493 0.623807)
(-0.514338 7.62599 0.626627)
(0.63904 7.62544 0.499635)
(0.630651 7.4996 0.625626)
(0.514344 7.62598 0.626627)
(0.741168 7.62493 0.623807)
(0.640456 7.75215 0.626618)
(0.640277 7.62504 0.753476)
(-0.524891 8.13541 0.626304)
(-0.388146 8.28085 0.626763)
(-0.394348 8.14296 0.757391)
(0.137106 8.27488 0.630603)
(0.636891 8.12089 0.500214)
(0.678027 8.03478 0.626693)
(0.524889 8.13541 0.626304)
(0.629666 8.11208 0.746073)
(0.110998 8.47759 0.62009)
(-2.48774 -8.12696 1.12191)
(-2.58385 -7.99645 1.1725)
(2.58385 -7.99645 1.1725)
(2.48774 -8.12696 1.12191)
(-2.41669 -7.80259 1.04886)
(-2.37706 -8.00455 1.13149)
(-2.49071 -7.86724 1.12812)
(-2.28877 -7.82727 1.16311)
(-2.37271 -7.8796 1.23902)
(-1.81716 -7.86559 0.992328)
(-1.8015 -8.00597 1.10311)
(-1.9755 -7.84878 1.13338)
(-1.89384 -7.73593 1.11166)
(-1.92804 -7.9335 1.27923)
(2.12142 -7.8607 1.00813)
(2.1211 -8.01342 1.12813)
(1.9755 -7.84878 1.13338)
(2.28877 -7.82727 1.16311)
(2.12426 -7.72653 1.12086)
(2.1301 -7.81861 1.28107)
(2.58774 -7.84707 1.0101)
(2.49071 -7.86724 1.12812)
(2.56523 -7.95934 1.19174)
(-1.37308 -2.38591 1.03761)
(1.13945 -2.37107 0.984336)
(1.62603 -2.38235 1.01607)
(-1.37012 -1.87709 1.01408)
(-1.38342 -1.98641 1.08747)
(-1.49658 -1.87247 1.10501)
(-1.26019 -1.87011 1.08103)
(-1.37648 -1.74953 1.1064)
(1.11996 -1.8731 1.02866)
(1.26019 -1.87011 1.08103)
(1.6648 -1.91312 1.06984)
(1.49658 -1.87247 1.10501)
(1.61209 -1.74617 1.09037)
(-1.37328 -1.37539 1.0138)
(-1.37601 -1.49997 1.12143)
(-1.49893 -1.37501 1.12094)
(-1.25803 -1.37413 1.10275)
(-1.37605 -1.24957 1.1238)
(1.08046 -1.38176 1.06037)
(1.2585 -1.37404 1.10284)
(1.13416 -1.24629 1.0851)
(1.63044 -1.37448 1.01507)
(1.61274 -1.50003 1.11607)
(1.49893 -1.37501 1.12094)
(1.61285 -1.24998 1.11344)
(-1.37722 -0.874954 1.01622)
(-1.37579 -1.00022 1.12466)
(-1.49729 -0.87587 1.1172)
(-1.24847 -0.87566 1.12297)
(-1.37545 -0.750128 1.12376)
(-0.844054 -0.880394 1.04355)
(-1.01033 -0.870087 1.09967)
(-0.885025 -0.745587 1.08152)
(1.12299 -0.875962 1.00987)
(1.1287 -0.998567 1.10377)
(1.01033 -0.870087 1.09967)
(1.24847 -0.87566 1.12297)
(1.12473 -0.750419 1.11762)
(1.6773 -0.842518 1.06633)
(1.61259 -1.00382 1.11032)
(1.49729 -0.87587 1.1172)
(-1.3834 -0.372371 1.0224)
(-1.37497 -0.500385 1.12138)
(-1.49201 -0.377811 1.10617)
(-1.25241 -0.37494 1.13134)
(-1.36781 -0.250579 1.11326)
(-0.871057 -0.376254 1.02397)
(-0.884203 -0.498305 1.11397)
(-1.00021 -0.374917 1.1293)
(-0.753835 -0.371893 1.09145)
(-0.875797 -0.249279 1.12827)
(0.614914 -0.377865 1.04328)
(0.753835 -0.371893 1.09145)
(0.636527 -0.238489 1.07496)
(1.12473 -0.375608 1.0244)
(1.12322 -0.501072 1.13167)
(1.00021 -0.374917 1.1293)
(1.25241 -0.37494 1.13134)
(1.12262 -0.252021 1.14452)
(1.6283 -0.376031 1.03266)
(1.49201 -0.377811 1.10617)
(-1.42537 0.134487 1.05532)
(-1.36707 -0.00257192 1.09641)
(-1.24093 0.123687 1.1156)
(-0.875492 0.124808 1.03963)
(-0.874937 -7.1e-05 1.14507)
(-1.00013 0.12502 1.15669)
(-0.750117 0.124772 1.15096)
(-0.875188 0.24981 1.15944)
(-0.377823 0.00566214 1.11231)
(-0.502849 0.122599 1.12833)
(-0.283704 0.0837467 1.1801)
(-0.415617 0.207832 1.19131)
(0.12066 -0.0333205 1.15541)
(-1.17722e-05 0.117536 1.1431)
(0.283704 0.0837467 1.1801)
(0.126331 0.242891 1.15161)
(0.120621 0.138974 1.23373)
(0.625576 0.123631 1.01828)
(0.62564 0.000666682 1.10829)
(0.502849 0.122599 1.12833)
(0.750117 0.124772 1.15096)
(0.628759 0.246206 1.16091)
(1.13215 0.125448 1.03318)
(1.13236 0.00319594 1.14614)
(1.00013 0.12502 1.15669)
(1.24093 0.123687 1.1156)
(1.12441 0.24997 1.14555)
(-1.39354 0.62201 1.02092)
(-1.2367 0.621112 1.09591)
(-0.88095 0.62091 1.02643)
(-0.878818 0.49643 1.1652)
(-1.00244 0.624509 1.14806)
(-0.789756 0.592538 1.18311)
(-0.899246 0.753464 1.16293)
(-0.384345 0.490809 1.15581)
(-0.508446 0.619195 1.14851)
(-0.254805 0.619888 1.14965)
(-0.382277 0.746737 1.14785)
(-0.417178 0.588649 1.31067)
(0.12717 0.490268 1.14884)
(1.20099e-05 0.620244 1.14744)
(0.254786 0.619418 1.15104)
(0.126373 0.747559 1.151)
(0.126054 0.621784 1.27246)
(0.631483 0.620285 1.02575)
(0.668598 0.458586 1.1876)
(0.508818 0.61853 1.15082)
(0.785516 0.591662 1.18468)
(0.62999 0.747733 1.14612)
(0.620739 0.6303 1.24819)
(1.12688 0.624922 1.01701)
(1.12427 0.499971 1.13376)
(1.00246 0.624525 1.14806)
(1.23829 0.62447 1.09531)
(1.12412 0.749367 1.11945)
(-1.37727 1.1282 0.984467)
(-0.913176 0.998613 1.1821)
(-1.00915 1.12242 1.15093)
(-0.757135 1.12446 1.14856)
(-0.922071 1.21534 1.18907)
(-0.379178 0.998732 1.14903)
(-0.507871 1.12426 1.14501)
(-0.378463 1.124 1.28153)
(0.130811 1.11807 1.29368)
(0.633606 0.999204 1.14198)
(0.507588 1.1244 1.14621)
(0.757123 1.1245 1.14871)
(0.640055 1.24969 1.1494)
(0.668818 1.12518 1.29197)
(1.13293 1.1247 1.01277)
(1.11724 0.998895 1.10744)
(1.0092 1.12238 1.15091)
(1.11512 1.24996 1.10676)
(-0.879894 1.49984 1.13837)
(-1.0391 1.62496 1.1621)
(-0.75529 1.62484 1.15267)
(-0.880941 1.74995 1.14113)
(-0.863564 1.62492 1.23823)
(-0.506451 1.62493 1.1527)
(-0.378468 1.62564 1.28629)
(0.129404 1.6269 1.30845)
(0.63518 1.49931 1.15494)
(0.506354 1.62474 1.15457)
(0.755212 1.62476 1.15247)
(0.634277 1.74958 1.15536)
(0.665619 1.623 1.31361)
(1.13027 1.62541 1.01033)
(1.12054 1.5 1.11549)
(1.03891 1.62496 1.1619)
(1.1207 1.74974 1.12521)
(-0.881112 1.99972 1.14199)
(-1.03205 2.12419 1.16564)
(-0.758374 2.12323 1.14624)
(-0.886643 2.24824 1.1553)
(-0.87096 2.12472 1.25819)
(-0.505982 2.123 1.14715)
(-0.381598 2.12152 1.28675)
(0.125585 2.12068 1.28424)
(0.631189 1.99924 1.14378)
(0.505988 2.12299 1.14723)
(0.758355 2.12323 1.14623)
(0.633323 2.24752 1.147)
(0.630677 2.12321 1.26657)
(1.17398 2.1347 1.0485)
(1.13678 1.99765 1.10473)
(1.03205 2.12419 1.16564)
(-3.87163 2.59792 1.00857)
(-3.98842 2.58184 1.07652)
(-3.74953 2.56929 1.11387)
(-3.87939 2.72426 1.11317)
(-3.86835 2.58651 1.24485)
(-0.897552 2.62479 1.02129)
(-0.894453 2.49791 1.15065)
(-1.04666 2.62492 1.17126)
(-0.765554 2.62349 1.14454)
(-0.900821 2.7487 1.15175)
(-0.911966 2.62461 1.28619)
(-0.378932 2.62101 1.27211)
(0.125073 2.61999 1.27604)
(0.765552 2.62349 1.14454)
(0.632767 2.62142 1.26842)
(1.17488 2.63071 1.0253)
(1.04666 2.62492 1.17126)
(3.74953 2.56929 1.11387)
(3.55965 2.69517 1.13948)
(3.98842 2.58184 1.07652)
(4.16348 2.75343 1.13938)
(4.18299 2.61127 1.19723)
(-3.9092 3.16028 1.00059)
(-3.88818 3.02373 1.13573)
(-3.75173 3.16329 1.16268)
(-3.38068 3.1256 1.02503)
(-3.50361 3.12133 1.10788)
(-0.904605 3.1237 1.01983)
(-0.90716 2.99904 1.15324)
(-1.05258 3.12524 1.16965)
(-0.776837 3.12256 1.14934)
(-0.908562 3.24649 1.15015)
(-0.932147 3.1148 1.30048)
(-0.38098 3.12319 1.27089)
(0.126068 3.12404 1.26522)
(0.776827 3.12257 1.14934)
(0.63956 3.12269 1.27617)
(1.14556 3.12594 1.01338)
(1.05258 3.12524 1.16965)
(3.62126 3.14229 1.02434)
(3.57706 3.05216 1.19396)
(3.50361 3.12133 1.10788)
(3.75173 3.16329 1.16268)
(-0.899063 3.49786 1.14158)
(-1.01777 3.62286 1.13447)
(-0.765592 3.62299 1.13829)
(-0.89468 3.74553 1.13777)
(-0.891094 3.62048 1.2611)
(-0.37486 3.62834 1.27598)
(0.125179 3.6322 1.27685)
(0.765579 3.62299 1.1383)
(0.630594 3.62405 1.26915)
(1.14877 3.62419 1.02079)
(1.09841 3.50344 1.12465)
(1.01777 3.62286 1.13447)
(1.11494 3.74601 1.12206)
(-1.0257 4.1263 1.14784)
(-0.886807 4.25618 1.1495)
(-0.886871 4.13375 1.2777)
(-0.373055 4.25729 1.14174)
(-0.371417 4.13379 1.27108)
(0.124128 4.25467 1.13605)
(0.124055 4.1295 1.26314)
(0.626844 4.25786 1.14065)
(0.625883 4.13403 1.27269)
(1.14025 4.12391 1.01025)
(1.16569 3.99465 1.13425)
(1.0257 4.1263 1.14784)
(1.17345 4.24785 1.17803)
(1.15701 4.12102 1.24221)
(-0.882794 4.6367 1.02539)
(-0.881866 4.50878 1.14683)
(-1.03228 4.66413 1.17491)
(-0.751421 4.63729 1.15154)
(-0.871548 4.79272 1.16674)
(-0.870551 4.61242 1.23783)
(-0.373715 4.63546 1.01965)
(-0.372434 4.50829 1.14269)
(-0.499639 4.63532 1.14668)
(-0.21333 4.67231 1.18845)
(-0.377932 4.78524 1.16016)
(-0.378875 4.61293 1.23532)
(0.123607 4.63964 1.02166)
(0.123642 4.51034 1.14134)
(-3.1094e-17 4.6667 1.16416)
(0.21333 4.67231 1.18845)
(0.124062 4.75617 1.1438)
(0.626062 4.63702 1.02628)
(0.625677 4.51355 1.14577)
(0.499639 4.63532 1.14668)
(0.751421 4.63729 1.15155)
(0.62622 4.79222 1.18783)
(0.625 4.62045 1.26127)
(1.18115 4.6697 1.07304)
(1.15416 4.49437 1.15374)
(1.03228 4.66413 1.17491)
(-0.875276 5.11859 1.01333)
(-0.37498 5.1206 1.01181)
(0.124868 5.11469 0.996193)
(0.625111 5.12123 1.02292)
(1.11659 5.11689 0.968273)
(-0.363125 6.68492 0.983572)
(-0.553126 6.67322 1.07743)
(-0.349573 6.75577 1.05035)
(0.553126 6.67322 1.07743)
(-0.380338 7.11491 0.995347)
(-0.358036 6.97838 1.11886)
(-0.515967 7.12415 1.14091)
(-0.273148 7.15603 1.15884)
(-0.388982 7.23149 1.11727)
(-0.374469 7.14136 1.24421)
(0.125651 7.11426 0.999553)
(0.120851 6.97332 1.12182)
(0.00525678 7.11007 1.12283)
(0.273148 7.15603 1.15884)
(0.168974 7.27323 1.16958)
(0.191122 7.18324 1.27662)
(0.660489 7.12294 1.01412)
(0.624689 6.99999 1.12066)
(0.515968 7.12415 1.14091)
(0.623228 7.24544 1.13336)
(0.590114 7.11263 1.20733)
(-0.392422 7.62603 1.0079)
(-0.373432 7.4911 1.11683)
(-0.518045 7.62642 1.13688)
(-0.259773 7.62363 1.13328)
(-0.399851 7.75761 1.14705)
(-0.380949 7.61652 1.27203)
(0.127606 7.49719 1.12562)
(0.259791 7.62363 1.13328)
(0.132647 7.62284 1.27202)
(0.651994 7.62195 1.01697)
(0.61409 7.50459 1.11805)
(0.518046 7.62642 1.13688)
(0.5954 7.74927 1.12553)
(-0.39308 8.14522 1.01526)
(-0.428423 8.05167 1.18539)
(-0.293201 8.18194 1.1842)
(-0.365149 8.22459 1.0996)
(0.130692 8.14851 1.01746)
(0.132216 8.01831 1.15004)
(-0.000697996 8.14946 1.14788)
(0.293201 8.18194 1.1842)
(0.119308 8.2769 1.15113)
(0.118941 8.15223 1.27838)
(-3.83099 2.61202 1.53261)
(-3.94799 2.60391 1.66665)
(-0.377998 2.62172 1.50077)
(0.120196 2.61678 1.52319)
(0.610401 2.63611 1.44935)
(4.15984 2.64601 1.50274)
(4.11031 2.49986 1.64411)
(3.94799 2.60391 1.66665)
(4.11751 2.76062 1.61426)
(4.12718 2.6724 1.74913)
(-0.380264 3.12264 1.51912)
(-0.363195 3.01181 1.57996)
(-0.248352 3.12667 1.61002)
(-0.36284 3.24915 1.60101)
(0.125335 3.12432 1.50827)
(0.124471 3.01164 1.59623)
(2.08167e-17 3.12636 1.60052)
(0.248352 3.12667 1.61002)
(0.125033 3.24884 1.61562)
(0.618513 3.12443 1.51389)
(-0.870298 3.62094 1.49486)
(-0.373736 3.63158 1.53797)
(0.126067 3.64509 1.537)
(0.628194 3.59582 1.53246)
(0.638521 3.74996 1.59409)
(0.624948 4.10846 1.48389)
(0.128295 7.12626 1.46266)
(0.110528 7.62423 1.51377)
(-0.86955 0.377861 -0.968881)
(-0.625716 0.376181 -0.9997)
(0.625716 0.376181 -0.9997)
(0.86955 0.377861 -0.968881)
(-0.627797 0.620867 -1.00296)
(0.860056 0.620446 -0.989311)
(-2.14093 -7.8755 -0.490433)
(-2.11077 -5.87019 -0.483359)
(-2.11528 -5.62775 -0.514047)
(-1.8749 -5.48464 -0.591213)
(-1.87887 -5.65149 -0.558002)
(1.88676 -5.8693 -0.500886)
(1.8749 -5.48464 -0.591213)
(1.87887 -5.65149 -0.558002)
(2.11525 -5.62771 -0.514064)
(-1.98679 -5.37014 -0.59409)
(-2.14681 -5.37715 -0.550853)
(-1.99622 -5.12879 -0.627524)
(-2.15962 -5.12678 -0.563076)
(-1.76061 -5.36908 -0.604262)
(-1.87423 -5.24973 -0.61953)
(-1.63407 -5.24869 -0.588833)
(-1.59704 -5.37583 -0.528992)
(-1.75128 -5.12435 -0.640446)
(-1.87411 -5.00001 -0.638954)
(-1.87668 -5.12565 -0.52753)
(-1.55371 -5.11692 -0.568587)
(-1.63751 -4.99958 -0.60753)
(-1.61309 -5.12735 -0.511285)
(1.55371 -5.11692 -0.568587)
(1.76061 -5.36908 -0.604262)
(1.63407 -5.24869 -0.588833)
(1.87423 -5.24973 -0.61953)
(1.98679 -5.37014 -0.59409)
(1.87489 -5.37726 -0.513658)
(1.75128 -5.12435 -0.640446)
(1.63751 -4.99958 -0.60753)
(1.61309 -5.12736 -0.511286)
(1.99622 -5.12879 -0.627524)
(1.87411 -5.00001 -0.638954)
(1.8767 -5.12565 -0.527543)
(2.15962 -5.12678 -0.563076)
(-1.98514 -4.8795 -0.614642)
(-2.15883 -4.87067 -0.537162)
(-2.12591 -4.61897 -0.486303)
(-1.75082 -4.87501 -0.636762)
(-1.86806 -4.75688 -0.630508)
(-1.63941 -4.75494 -0.610888)
(-1.61893 -4.87508 -0.517613)
(-1.75033 -4.64153 -0.600121)
(-1.91896 -4.58326 -0.567247)
(-1.58287 -4.59138 -0.56323)
(1.75082 -4.87501 -0.636762)
(1.63941 -4.75494 -0.610888)
(1.86806 -4.75688 -0.630508)
(1.98514 -4.8795 -0.614642)
(1.87808 -4.87342 -0.528248)
(1.75033 -4.64153 -0.600121)
(1.58287 -4.59138 -0.56323)
(1.91896 -4.58326 -0.567247)
(2.12591 -4.61897 -0.486303)
(-1.62555 -4.37306 -0.532791)
(-1.63042 -4.14146 -0.469838)
(1.8687 -4.37927 -0.519228)
(1.63042 -4.14146 -0.469838)
(-1.13726 -1.86255 -0.453197)
(-1.36556 -1.62361 -0.497329)
(-1.12913 -1.6231 -0.497667)
(1.3631 -1.86222 -0.460062)
(1.12913 -1.6231 -0.497667)
(1.36556 -1.62361 -0.497329)
(-1.12512 -1.37566 -0.543132)
(-1.37667 -1.12551 -0.531733)
(-1.12191 -0.985509 -0.578506)
(-1.1284 -1.14416 -0.567903)
(-0.88787 -1.12134 -0.4995)
(0.88787 -1.12134 -0.4995)
(1.37376 -1.37434 -0.522355)
(1.12191 -0.985509 -0.578506)
(1.1284 -1.14416 -0.567903)
(1.37667 -1.12551 -0.531733)
(-1.11419 -0.749394 -0.597008)
(-1.00378 -0.872401 -0.589562)
(-1.12378 -0.877145 -0.519848)
(-1.37534 -0.627208 -0.525866)
(-1.00023 -0.624595 -0.625357)
(-1.11635 -0.500479 -0.621246)
(-1.12927 -0.62624 -0.519175)
(-0.883995 -0.741145 -0.584377)
(-0.757305 -0.620678 -0.591945)
(-0.862272 -0.531148 -0.662262)
(-0.870618 -0.63181 -0.528648)
(-0.624736 -0.505306 -0.608444)
(-0.616097 -0.63534 -0.528981)
(0.883995 -0.741145 -0.584377)
(1.00378 -0.872401 -0.589562)
(0.866616 -0.88265 -0.53578)
(0.757305 -0.620678 -0.591945)
(0.624736 -0.505306 -0.608444)
(0.616097 -0.63534 -0.528981)
(1.00023 -0.624595 -0.625357)
(0.862272 -0.531148 -0.662262)
(0.870618 -0.63181 -0.528648)
(1.11419 -0.749394 -0.597008)
(1.38338 -0.875831 -0.531564)
(1.11635 -0.500479 -0.621246)
(1.12927 -0.626239 -0.519176)
(1.37534 -0.627208 -0.525866)
(-1.11315 -0.12311 -0.765446)
(-1.25124 -0.379347 -0.61044)
(-1.16717 -0.28799 -0.678546)
(-1.00441 -0.4103 -0.680598)
(-1.13544 -0.384403 -0.530401)
(-1.27854 -0.128739 -0.667259)
(-1.42552 -0.124126 -0.546122)
(-1.0101 -0.134853 -0.656656)
(-1.14379 -0.00683821 -0.657704)
(-1.14112 -0.131382 -0.529407)
(-0.749755 -0.107813 -0.868403)
(-0.913519 -0.173232 -0.81662)
(-0.584754 -0.181979 -0.812941)
(-0.627373 -0.00532431 -0.901059)
(-0.739089 -0.421207 -0.6856)
(-0.881904 -0.26415 -0.660828)
(-0.61772 -0.267215 -0.649842)
(-0.499613 -0.379764 -0.649825)
(-0.749391 -0.139028 -0.655293)
(-0.883398 -0.0103177 -0.656693)
(-0.488542 -0.145753 -0.655033)
(-0.6205 -0.0131895 -0.654558)
(-0.36836 -0.128271 -0.792387)
(-0.367611 -0.288348 -0.662884)
(-0.197791 -0.168322 -0.669176)
(-0.357259 -0.0189279 -0.657283)
(-0.356636 -0.141673 -0.521592)
(-0.0913056 0.000313639 -0.656784)
(-0.0912552 -0.15975 -0.532255)
(0.36836 -0.128271 -0.792387)
(0.376505 -0.00188337 -0.862954)
(0.367611 -0.288348 -0.662884)
(0.499613 -0.379764 -0.649825)
(0.336091 -0.411725 -0.531151)
(0.197791 -0.168322 -0.669176)
(0.0913056 0.000313639 -0.656784)
(0.0912552 -0.15975 -0.532255)
(0.488548 -0.145751 -0.655032)
(0.357284 -0.0189277 -0.657283)
(0.356669 -0.141673 -0.521591)
(0.749755 -0.107813 -0.868403)
(0.584754 -0.181979 -0.812941)
(0.913519 -0.173232 -0.81662)
(0.879642 -0.00472975 -0.885556)
(0.739089 -0.421207 -0.6856)
(0.617719 -0.267215 -0.649841)
(0.881906 -0.264148 -0.660826)
(1.00441 -0.4103 -0.680598)
(0.749382 -0.139025 -0.655285)
(0.620489 -0.0131884 -0.65455)
(1.0101 -0.13485 -0.656652)
(0.883464 -0.0102565 -0.656643)
(1.11315 -0.12311 -0.765446)
(1.25124 -0.379347 -0.61044)
(1.16717 -0.28799 -0.678546)
(1.38272 -0.379747 -0.544916)
(1.27854 -0.128739 -0.667259)
(1.14379 -0.00683691 -0.657702)
(1.14112 -0.131381 -0.529405)
(1.42552 -0.124126 -0.546122)
(-1.16349 0.122992 -0.795342)
(-1.18264 0.373851 -0.814331)
(-1.00275 0.37316 -0.920018)
(-1.30437 0.0855701 -0.693967)
(-1.38012 0.25413 -0.619134)
(-1.14838 0.245431 -0.656449)
(-1.0148 0.118878 -0.656206)
(-1.14701 0.120459 -0.529546)
(-1.26859 0.374778 -0.639992)
(-1.36576 0.496064 -0.617967)
(-1.42427 0.37674 -0.542782)
(-1.01898 0.373134 -0.65334)
(-1.15285 0.502029 -0.654167)
(-1.14714 0.374521 -0.523328)
(-0.624115 0.244779 -0.895487)
(-0.622441 0.113092 -0.784021)
(-0.753939 0.372564 -0.895578)
(-0.888064 0.370798 -0.781984)
(-0.624088 0.372693 -0.773898)
(-0.495163 0.374413 -0.899935)
(-0.624152 0.50064 -0.898302)
(-0.117787 0.117873 -0.755333)
(-0.219079 0.375768 -0.907654)
(-0.360311 0.373826 -0.787651)
(-0.0833586 0.372906 -0.783463)
(-0.225533 0.110462 -0.650861)
(-0.114233 0.24558 -0.634973)
(8.22687e-18 0.155229 -0.643011)
(-0.235833 0.372406 -0.645386)
(1.12891e-05 0.374273 -0.626398)
(-0.113257 0.499278 -0.637593)
(0.34379 0.246991 -0.933929)
(0.354421 0.107171 -0.787588)
(0.219079 0.375768 -0.907654)
(0.0833586 0.372906 -0.783463)
(0.360319 0.373826 -0.787642)
(0.495164 0.374413 -0.899934)
(0.336888 0.501437 -0.944748)
(0.225576 0.110462 -0.65086)
(0.114267 0.24558 -0.634971)
(0.235866 0.372406 -0.645367)
(0.113282 0.499278 -0.637569)
(0.910946 0.243529 -0.931263)
(0.885321 0.117809 -0.78355)
(0.753939 0.372563 -0.895577)
(0.624091 0.372691 -0.773893)
(0.888065 0.370798 -0.781984)
(1.00275 0.37316 -0.920018)
(0.882772 0.499128 -0.900615)
(1.0148 0.11887 -0.656202)
(1.01899 0.373138 -0.653346)
(1.18264 0.373851 -0.814331)
(1.30437 0.0855701 -0.693967)
(1.14838 0.245432 -0.656449)
(1.38012 0.25413 -0.619134)
(1.4283 0.124388 -0.549241)
(1.26859 0.374778 -0.639993)
(1.15286 0.502042 -0.654183)
(1.14715 0.374527 -0.523338)
(1.36576 0.496064 -0.617967)
(1.42427 0.37674 -0.542782)
(-1.18025 0.631289 -0.803868)
(-1.15367 0.869341 -0.778744)
(-0.988164 0.872782 -0.873634)
(-1.31018 0.662395 -0.67111)
(-1.15021 0.754846 -0.647362)
(-1.02138 0.629006 -0.649479)
(-1.14753 0.6282 -0.51987)
(-1.28124 0.870186 -0.656109)
(-1.37016 0.873404 -0.492843)
(-1.01406 0.881626 -0.645263)
(-1.16918 1.0373 -0.676546)
(-1.14385 0.880025 -0.516404)
(-0.588049 0.795495 -0.945016)
(-0.62345 0.629403 -0.776107)
(-0.75032 0.907913 -0.910861)
(-0.882064 0.883135 -0.771003)
(-0.621452 0.88486 -0.775059)
(-0.49758 0.881384 -0.906751)
(-0.625074 0.989005 -0.877309)
(-0.883807 1.01206 -0.648076)
(-0.625245 1.01143 -0.645361)
(-0.0839918 0.624912 -0.790482)
(-0.261868 0.866736 -0.835692)
(-0.370461 0.879631 -0.772017)
(-0.124194 0.874658 -0.774728)
(-0.241488 0.626292 -0.644069)
(-0.117598 0.751226 -0.636456)
(1.43812e-05 0.625209 -0.632392)
(-0.244216 0.879996 -0.639946)
(-0.37063 1.00843 -0.641919)
(4.90482e-05 0.876676 -0.627262)
(-0.123154 1.00407 -0.633491)
(0.373715 0.751588 -0.908139)
(0.365877 0.630339 -0.78012)
(0.261868 0.866736 -0.835692)
(0.12424 0.874616 -0.77462)
(0.371101 0.879594 -0.771012)
(0.49758 0.881384 -0.906751)
(0.384251 0.987343 -0.830486)
(0.241593 0.626294 -0.64385)
(0.117701 0.751216 -0.636236)
(0.245054 0.879948 -0.637998)
(0.1234 1.00388 -0.632112)
(0.371502 1.00794 -0.64064)
(0.915583 0.784977 -0.927002)
(0.886042 0.628714 -0.774632)
(0.750314 0.907679 -0.910598)
(0.621521 0.884834 -0.774902)
(0.882114 0.883161 -0.770975)
(0.988164 0.872782 -0.873634)
(0.87074 0.987152 -0.867185)
(1.02145 0.629083 -0.649564)
(0.625371 1.01141 -0.645163)
(1.01465 0.882289 -0.645973)
(0.88411 1.01243 -0.648373)
(1.15398 0.869363 -0.779073)
(1.31018 0.662395 -0.67111)
(1.15042 0.755069 -0.647619)
(1.40187 0.620702 -0.530184)
(1.28186 0.870223 -0.656716)
(1.17316 1.04253 -0.681544)
(1.14461 0.880835 -0.517382)
(1.37055 0.873411 -0.492842)
(-1.11933 1.24766 -0.602083)
(-1.04869 1.17771 -0.69467)
(-1.14307 1.13461 -0.522176)
(-0.99692 1.36841 -0.600191)
(-1.12459 1.37436 -0.524277)
(-0.625748 1.17241 -0.793748)
(-0.753598 1.14271 -0.649301)
(-0.922224 1.29993 -0.686102)
(-0.625341 1.26157 -0.646539)
(-0.498887 1.14218 -0.647779)
(-0.62622 1.1388 -0.520465)
(-0.747386 1.40105 -0.654671)
(-0.883163 1.39029 -0.525218)
(-0.498811 1.37002 -0.647668)
(-0.625258 1.39014 -0.520583)
(-0.129562 1.11502 -0.707138)
(-0.248208 1.13299 -0.638622)
(-0.367909 1.30342 -0.674652)
(-0.125014 1.25314 -0.651791)
(-4.06044e-18 1.16585 -0.663248)
(-0.123074 1.13204 -0.513859)
(-0.24936 1.36851 -0.621989)
(-0.373955 1.38263 -0.518881)
(1.15353e-17 1.36489 -0.585816)
(-0.124733 1.37949 -0.504552)
(0.375244 1.12015 -0.770696)
(0.248435 1.13284 -0.637506)
(0.125014 1.25314 -0.651791)
(0.367909 1.30342 -0.674652)
(0.498971 1.14213 -0.647623)
(0.373171 1.13672 -0.516413)
(0.24936 1.36851 -0.621989)
(0.124736 1.37949 -0.50454)
(0.498811 1.37002 -0.647668)
(0.373954 1.38262 -0.518847)
(0.870419 1.15898 -0.790901)
(0.753632 1.14274 -0.649292)
(0.625347 1.26157 -0.646528)
(0.922224 1.29993 -0.686102)
(1.04869 1.17771 -0.69467)
(0.886479 1.14069 -0.526046)
(0.747386 1.40105 -0.654671)
(0.625257 1.39012 -0.520549)
(0.99692 1.36841 -0.600191)
(0.883166 1.39029 -0.525211)
(1.11933 1.24766 -0.602083)
(1.12459 1.37436 -0.524277)
(-0.624647 1.62048 -0.497667)
(-0.124999 1.62065 -0.493629)
(0.375004 1.62067 -0.497232)
(0.871634 1.62282 -0.480445)
(-0.875038 4.39158 -0.481051)
(-0.616816 4.38351 -0.44947)
(-0.374999 4.3868 -0.468387)
(-0.1317 4.38706 -0.448289)
(0.1317 4.38706 -0.448289)
(0.374999 4.3868 -0.468387)
(0.616816 4.38351 -0.44947)
(0.875038 4.39158 -0.481051)
(-1.12099 4.62747 -0.531015)
(-1.36888 4.87876 -0.460456)
(-1.13204 4.8745 -0.5372)
(-0.625237 4.62527 -0.483989)
(-0.875 4.98672 -0.591856)
(-0.871898 4.87176 -0.53232)
(-0.610407 4.87743 -0.513119)
(-0.125109 4.62534 -0.48025)
(-0.375007 4.875 -0.526604)
(-0.125 4.875 -0.506782)
(0.374995 4.62492 -0.500996)
(0.125 4.875 -0.506782)
(0.375007 4.875 -0.526604)
(0.87504 4.62031 -0.535071)
(0.610407 4.87743 -0.513119)
(0.875 4.98672 -0.591856)
(0.871898 4.87176 -0.53232)
(1.13204 4.8745 -0.5372)
(1.36888 4.87876 -0.460456)
(-1.12721 5.12543 -0.530759)
(-1.12568 5.36956 -0.46938)
(-0.623921 5.12495 -0.48938)
(-0.873205 5.36588 -0.499112)
(-0.624215 5.37373 -0.511164)
(-0.124988 5.12506 -0.509256)
(-0.37571 5.37361 -0.510235)
(-0.125931 5.36655 -0.476772)
(0.374986 5.12502 -0.524221)
(0.125931 5.36655 -0.476772)
(0.37571 5.37361 -0.510235)
(0.876309 5.14784 -0.549366)
(0.624215 5.37373 -0.511164)
(0.873205 5.36588 -0.499112)
(1.37267 5.12431 -0.485219)
(1.12568 5.36956 -0.46938)
(-2.25048 -8.13151 -0.359906)
(-2.36022 -8.13318 -0.246721)
(-2.14081 -8.1477 -0.247189)
(-2.09271 -8.0422 -0.435499)
(-2.25002 -8.15374 -0.125211)
(-2.39177 -8.03734 -0.131788)
(-2.3654 -8.14616 0.001871)
(-2.11142 -8.0392 -0.129616)
(-2.13833 -8.13937 -0.000442958)
(2.25048 -8.13151 -0.359906)
(2.14081 -8.1477 -0.247189)
(2.36022 -8.13318 -0.246721)
(2.42614 -7.99799 -0.43461)
(2.25002 -8.15374 -0.125211)
(2.11142 -8.0392 -0.129616)
(2.13833 -8.13937 -0.000442958)
(2.39177 -8.03734 -0.131788)
(2.3654 -8.14616 0.001871)
(-2.52812 -7.88264 -0.132083)
(-2.59976 -7.8785 0.00252614)
(-2.53015 -7.60649 -0.137839)
(-2.09764 -7.71434 -0.41777)
(-2.0991 -7.88038 -0.263962)
(-2.25288 -7.59974 -0.429941)
(-2.39572 -7.61938 -0.267253)
(-2.09946 -7.61978 -0.264466)
(-2.12579 -7.49775 -0.352612)
(-2.25349 -7.89181 -0.134079)
(-2.40158 -7.74613 -0.134974)
(-2.10312 -7.74932 -0.134601)
(-1.97322 -7.88217 -0.129483)
(-2.11885 -7.88923 -0.00286166)
(-2.25615 -7.6206 -0.140858)
(-2.41186 -7.49261 -0.149082)
(-2.42208 -7.62679 -0.00854006)
(-1.94855 -7.61197 -0.141172)
(-2.09744 -7.49593 -0.137396)
(-2.10536 -7.62041 -0.00630772)
(-1.9195 -7.75786 -0.112423)
(-1.91908 -7.62969 0.00743732)
(1.9195 -7.75786 -0.112423)
(1.97322 -7.88217 -0.129483)
(1.91515 -7.86449 0.00208842)
(1.94855 -7.61197 -0.141172)
(1.91908 -7.62969 0.00743732)
(2.40924 -7.75086 -0.417333)
(2.40626 -7.87695 -0.274272)
(2.25288 -7.59974 -0.429941)
(2.09946 -7.61978 -0.264466)
(2.39572 -7.61938 -0.267253)
(2.37754 -7.48931 -0.373695)
(2.25349 -7.89181 -0.134079)
(2.10312 -7.74932 -0.134601)
(2.40158 -7.74613 -0.134974)
(2.52812 -7.88264 -0.132083)
(2.39674 -7.88707 -0.00362753)
(2.25615 -7.6206 -0.140858)
(2.09744 -7.49593 -0.137396)
(2.10536 -7.62041 -0.00630772)
(2.53015 -7.60649 -0.137839)
(2.41186 -7.49261 -0.149082)
(2.42208 -7.62679 -0.00854006)
(-2.51346 -7.36273 -0.148573)
(-2.49144 -7.12921 -0.110136)
(-2.08203 -7.36771 -0.296042)
(-2.24977 -7.1248 -0.358187)
(-2.39763 -7.12799 -0.271669)
(-2.08895 -7.12606 -0.291458)
(-2.14447 -7.0015 -0.349728)
(-2.25364 -7.37123 -0.142957)
(-2.40624 -7.24809 -0.133299)
(-2.09657 -7.24948 -0.137472)
(-1.97377 -7.37626 -0.122885)
(-2.09826 -7.36989 -0.0116128)
(-2.25243 -7.12445 -0.137524)
(-2.43571 -6.96408 -0.17613)
(-2.39834 -7.12382 -0.000542903)
(-1.96906 -7.12319 -0.11855)
(-2.10399 -7.00358 -0.147034)
(-2.09386 -7.12434 -0.00343028)
(1.97377 -7.37626 -0.122885)
(1.96906 -7.12319 -0.11855)
(2.34837 -7.24962 -0.347013)
(2.41183 -7.36836 -0.288391)
(2.24977 -7.1248 -0.358187)
(2.08895 -7.12606 -0.291458)
(2.39763 -7.12799 -0.271669)
(2.25364 -7.37123 -0.142957)
(2.09657 -7.24948 -0.137472)
(2.40624 -7.24809 -0.133299)
(2.51346 -7.36273 -0.148573)
(2.43072 -7.36287 0.00219332)
(2.25243 -7.12445 -0.137524)
(2.10399 -7.00358 -0.147034)
(2.09386 -7.12434 -0.00343028)
(2.49144 -7.12921 -0.110136)
(2.43571 -6.96408 -0.17613)
(2.39834 -7.12382 -0.000542873)
(-2.13934 -6.74571 -0.373835)
(-2.0673 -6.91661 -0.314675)
(-2.23819 -6.62483 -0.374386)
(-2.37839 -6.62463 -0.243774)
(-2.11609 -6.62646 -0.282126)
(-2.12848 -6.49739 -0.405628)
(-2.25864 -6.87513 -0.142123)
(-2.42172 -6.74914 -0.170551)
(-2.1112 -6.7527 -0.141851)
(-1.94002 -6.91751 -0.178585)
(-2.10788 -6.8773 -0.00505795)
(-2.26576 -6.62447 -0.139798)
(-2.42859 -6.50492 -0.132212)
(-2.39011 -6.62399 -0.000284385)
(-1.9625 -6.62716 -0.136354)
(-2.11287 -6.62622 -3.30621e-05)
(-1.87706 -6.74572 -0.110212)
(-1.82346 -6.50566 -0.121856)
(-1.84141 -6.62488 -0.00101837)
(1.87706 -6.74572 -0.110212)
(1.94002 -6.91751 -0.178585)
(1.89937 -6.8713 -0.00505751)
(1.96253 -6.62716 -0.136319)
(1.82349 -6.5058 -0.121814)
(1.84141 -6.62488 -0.00101626)
(2.37778 -6.87299 -0.246862)
(2.23819 -6.62484 -0.374385)
(2.1161 -6.62646 -0.282093)
(2.37839 -6.62463 -0.243774)
(2.25866 -6.87513 -0.142119)
(2.1112 -6.75271 -0.14184)
(2.42172 -6.74914 -0.170551)
(2.38341 -6.87392 -0.00133406)
(2.26576 -6.62447 -0.139779)
(2.11287 -6.62622 -5.73717e-06)
(2.42859 -6.50492 -0.132212)
(2.39011 -6.62399 -0.00028366)
(-2.12902 -6.26206 -0.441126)
(-2.12331 -6.37847 -0.293171)
(-2.24207 -6.12819 -0.404478)
(-2.3867 -6.12524 -0.237508)
(-2.14052 -6.12963 -0.289657)
(-2.00102 -6.1551 -0.459338)
(-2.16781 -6.03292 -0.44328)
(-2.28984 -6.37473 -0.134252)
(-2.41924 -6.24941 -0.144431)
(-1.96559 -6.38451 -0.142051)
(-2.13085 -6.37771 0.000453176)
(-2.2954 -6.12532 -0.139793)
(-2.41662 -5.99922 -0.142703)
(-2.43294 -6.12275 -0.000647693)
(-1.98595 -6.13223 -0.140956)
(-2.14688 -6.12693 0.00241548)
(-1.80976 -6.17227 -0.311007)
(-1.84164 -6.25533 -0.135924)
(-1.72803 -6.12647 -0.121458)
(-1.85138 -6.01329 -0.12986)
(-1.84 -6.13039 0.00541482)
(1.87675 -6.25787 -0.361625)
(1.84128 -6.38122 -0.246108)
(1.85971 -6.13353 -0.264426)
(2.00737 -6.15624 -0.456643)
(1.84177 -6.03631 -0.422712)
(1.84556 -6.25752 -0.132802)
(1.96641 -6.38452 -0.141167)
(1.79258 -6.4109 -0.00771361)
(1.72833 -6.12757 -0.12411)
(1.99052 -6.1314 -0.137352)
(1.85485 -6.0121 -0.12782)
(1.84141 -6.13019 0.00607282)
(2.3881 -6.37498 -0.238482)
(2.24462 -6.12871 -0.407706)
(2.1393 -6.13013 -0.286684)
(2.38628 -6.12547 -0.237146)
(2.2898 -6.37474 -0.134054)
(2.41859 -6.24907 -0.144233)
(2.43908 -6.36921 -0.000458846)
(2.29519 -6.12556 -0.138559)
(2.1466 -6.12688 0.00271609)
(2.41569 -5.99927 -0.143444)
(2.43141 -6.12272 -0.00241676)
(-2.13185 -5.75136 -0.394483)
(-2.14073 -5.87763 -0.265506)
(-2.28555 -5.62534 -0.409223)
(-2.39484 -5.62503 -0.236474)
(-2.1479 -5.62758 -0.263488)
(-2.00714 -5.63219 -0.401645)
(-2.14357 -5.5059 -0.401439)
(-2.29788 -5.87553 -0.12806)
(-2.42022 -5.75 -0.124573)
(-2.00047 -5.88046 -0.130555)
(-2.30231 -5.62725 -0.133413)
(-2.428 -5.50341 -0.141955)
(-2.42777 -5.62774 -0.00097652)
(-1.654 -5.74589 -0.363708)
(-1.66981 -5.8622 -0.24082)
(-1.73406 -5.63613 -0.393342)
(-1.8682 -5.63277 -0.263024)
(-1.58791 -5.66072 -0.249354)
(-1.58095 -5.53664 -0.414937)
(-1.73353 -5.88456 -0.126017)
(-1.86362 -5.75607 -0.126793)
(-1.62409 -5.74947 -0.125166)
(-1.667 -5.86392 -0.010467)
(-1.72954 -5.63372 -0.121967)
(-1.86235 -5.6303 0.0101283)
(-1.55546 -5.5515 -0.0856825)
(-1.60969 -5.63017 -0.00108089)
(1.86858 -5.75558 -0.404134)
(1.86339 -5.88389 -0.26337)
(1.73405 -5.63613 -0.393296)
(1.58791 -5.66072 -0.249354)
(1.8684 -5.63266 -0.262802)
(2.00718 -5.63212 -0.401371)
(1.87328 -5.50633 -0.396549)
(1.73398 -5.8842 -0.125975)
(1.62409 -5.74947 -0.125163)
(1.86405 -5.75585 -0.126326)
(2.00141 -5.87998 -0.128795)
(1.85293 -5.8819 0.00822239)
(1.7296 -5.63369 -0.121947)
(1.55546 -5.5515 -0.0856825)
(1.60969 -5.63017 -0.00108089)
(1.86241 -5.63027 0.0102011)
(2.38404 -5.87515 -0.237067)
(2.28556 -5.62528 -0.409224)
(2.14788 -5.62749 -0.263096)
(2.39484 -5.62501 -0.236458)
(2.2975 -5.87539 -0.127385)
(2.42022 -5.75 -0.124563)
(2.42487 -5.87337 -0.000735307)
(2.30229 -5.62723 -0.133324)
(2.428 -5.50341 -0.141955)
(2.42777 -5.62774 -0.00097652)
(-2.15418 -5.25156 -0.415088)
(-2.15802 -5.3782 -0.270928)
(-2.31049 -5.12309 -0.435449)
(-2.39756 -5.12638 -0.256665)
(-2.16071 -5.12489 -0.273764)
(-2.01556 -5.12546 -0.404373)
(-2.15314 -4.99689 -0.414132)
(-2.31162 -5.37777 -0.139144)
(-2.43371 -5.2522 -0.152804)
(-2.31322 -5.12427 -0.131886)
(-2.43451 -4.99665 -0.119431)
(-2.43341 -5.125 -0.000265026)
(-1.59759 -5.25846 -0.389413)
(-1.59007 -5.38106 -0.253773)
(-1.74004 -5.12766 -0.394009)
(-1.59663 -5.13053 -0.258909)
(-1.45069 -5.12957 -0.423692)
(-1.60317 -5.00393 -0.392423)
(-1.72759 -5.38304 -0.123668)
(-1.59011 -5.26048 -0.122487)
(-1.47073 -5.37797 -0.127348)
(-1.60017 -5.382 0.0050423)
(-1.72912 -5.13078 -0.124374)
(-1.46574 -5.13122 -0.122168)
(-1.59617 -5.00453 -0.124857)
(-1.59747 -5.13436 0.0113436)
(-1.37701 -5.10843 -0.239395)
(-1.35164 -4.99899 -0.125846)
(-1.40381 -5.11687 -0.00410568)
(1.37701 -5.10843 -0.239395)
(1.45069 -5.12957 -0.423692)
(1.39968 -5.00233 -0.371564)
(1.47073 -5.37797 -0.127348)
(1.46575 -5.13128 -0.122171)
(1.35164 -4.99899 -0.125846)
(1.40381 -5.11687 -0.00410568)
(1.87504 -5.2526 -0.393896)
(1.87142 -5.3799 -0.260678)
(1.74005 -5.12769 -0.394024)
(1.59664 -5.13059 -0.258922)
(2.01569 -5.12546 -0.404489)
(1.72763 -5.38303 -0.123721)
(1.59012 -5.26049 -0.122499)
(1.72914 -5.13089 -0.124388)
(1.59624 -5.00495 -0.124876)
(1.59748 -5.13441 0.0113403)
(2.40533 -5.37769 -0.252798)
(2.31049 -5.12309 -0.435449)
(2.16082 -5.12486 -0.273634)
(2.39756 -5.12638 -0.256665)
(2.31163 -5.37777 -0.139123)
(2.43371 -5.2522 -0.152804)
(2.43615 -5.37755 0.000256021)
(2.31323 -5.12427 -0.131874)
(2.43451 -4.99665 -0.119431)
(2.43341 -5.125 -0.000265026)
(-2.14371 -4.74267 -0.399901)
(-2.1548 -4.87126 -0.266854)
(-2.26054 -4.61235 -0.382836)
(-2.34946 -4.62754 -0.243597)
(-2.15318 -4.61279 -0.271551)
(-2.01587 -4.61493 -0.403979)
(-2.16242 -4.49978 -0.409441)
(-2.3012 -4.87347 -0.128828)
(-2.40336 -4.75077 -0.123469)
(-2.28612 -4.61723 -0.133332)
(-2.34735 -4.50787 -0.121426)
(-2.37987 -4.62865 -0.00323498)
(-2.15709 -4.48623 -0.140015)
(-2.15225 -4.61866 0.000974612)
(-1.61003 -4.74903 -0.393018)
(-1.59979 -4.87731 -0.258631)
(-1.74813 -4.61895 -0.403764)
(-1.8839 -4.61746 -0.275398)
(-1.60854 -4.62321 -0.27103)
(-1.47511 -4.62249 -0.389355)
(-1.61421 -4.49167 -0.407007)
(-1.45721 -4.87868 -0.125412)
(-1.47049 -4.62915 -0.130345)
(-1.32404 -4.62407 -0.297231)
(-1.31079 -4.77471 -0.125549)
(-1.28786 -4.61019 -0.116582)
(-1.35715 -4.50147 -0.132327)
(-1.30272 -4.6616 0.0379025)
(1.35591 -4.75004 -0.363849)
(1.33504 -4.87674 -0.249236)
(1.32404 -4.62407 -0.297231)
(1.47514 -4.62267 -0.389361)
(1.36607 -4.50019 -0.370892)
(1.31538 -4.8033 -0.126777)
(1.4575 -4.88049 -0.12549)
(1.33778 -4.87677 -0.000533058)
(1.28786 -4.61019 -0.116582)
(1.47114 -4.6332 -0.130493)
(1.3573 -4.50243 -0.132354)
(1.30272 -4.6616 0.0379025)
(1.88201 -4.74484 -0.402352)
(1.74815 -4.61904 -0.403768)
(1.60864 -4.62379 -0.271052)
(1.88391 -4.61756 -0.275402)
(2.01587 -4.61493 -0.403979)
(1.88481 -4.48964 -0.408367)
(2.39609 -4.87488 -0.236372)
(2.26054 -4.61235 -0.382836)
(2.15318 -4.61279 -0.271552)
(2.34946 -4.62754 -0.243597)
(2.3012 -4.87347 -0.128827)
(2.40336 -4.75077 -0.123469)
(2.41558 -4.87486 -0.000551101)
(2.28612 -4.61723 -0.133332)
(2.15709 -4.48623 -0.140015)
(2.15225 -4.61867 0.000974409)
(2.34735 -4.50787 -0.121426)
(2.37987 -4.62865 -0.00323498)
(-2.18642 -4.32696 -0.296841)
(-2.10876 -4.12389 -0.244271)
(-1.99449 -4.12383 -0.359049)
(-2.29502 -4.36687 -0.12912)
(-2.18875 -4.20112 -0.172389)
(-2.02847 -4.36053 -0.140014)
(-2.15285 -4.35998 -0.00149216)
(-2.03035 -4.10893 -0.142946)
(-2.10728 -4.00128 -0.122493)
(-2.17483 -4.08996 0.00195881)
(-1.62124 -4.24631 -0.403886)
(-1.61714 -4.3712 -0.278245)
(-1.79065 -4.08326 -0.440719)
(-1.89679 -4.10849 -0.282723)
(-1.62203 -4.11869 -0.277983)
(-1.46739 -4.11992 -0.413402)
(-1.62546 -3.97439 -0.426852)
(-1.47986 -4.37605 -0.136649)
(-1.9045 -3.98269 -0.148962)
(-1.47995 -4.12572 -0.140605)
(-1.33249 -4.12705 -0.296327)
(-1.26591 -4.37493 -0.112976)
(-1.35401 -4.25117 -0.134495)
(-1.23033 -4.1278 -0.114901)
(-1.35161 -4.00341 -0.141085)
(-1.34962 -4.13223 -0.00794579)
(1.39404 -4.24803 -0.376836)
(1.32694 -4.37589 -0.301012)
(1.33249 -4.12705 -0.296327)
(1.46739 -4.11992 -0.413402)
(1.26591 -4.37493 -0.112976)
(1.35402 -4.2512 -0.13452)
(1.4799 -4.37637 -0.136665)
(1.35336 -4.37721 -0.000971867)
(1.23033 -4.1278 -0.114901)
(1.47999 -4.12558 -0.141142)
(1.3516 -4.00341 -0.141096)
(1.34963 -4.13223 -0.00797568)
(1.91611 -4.20669 -0.443698)
(1.88862 -4.36421 -0.280196)
(1.79065 -4.08326 -0.440719)
(1.62283 -4.11848 -0.278096)
(1.8968 -4.10848 -0.282726)
(1.99449 -4.12383 -0.359049)
(1.88528 -3.98911 -0.377549)
(2.02847 -4.36053 -0.140014)
(2.03035 -4.10893 -0.142946)
(1.9045 -3.98268 -0.148963)
(2.10876 -4.12389 -0.244271)
(2.29502 -4.36687 -0.12912)
(2.18875 -4.20112 -0.172389)
(2.10728 -4.00128 -0.122493)
(2.17483 -4.08996 0.00195881)
(-2.03598 -3.86684 -0.127318)
(-2.09212 -3.88402 0.00545279)
(-1.61948 -3.7555 -0.373035)
(-1.62658 -3.87078 -0.281799)
(-1.67987 -3.58367 -0.319643)
(-1.50861 -3.62778 -0.352141)
(-1.76519 -3.86595 -0.150008)
(-1.92741 -3.7059 -0.190259)
(-1.6332 -3.74457 -0.151388)
(-1.49079 -3.87366 -0.147121)
(-1.76809 -3.6185 -0.150282)
(-1.91144 -3.49504 -0.125673)
(-1.90635 -3.62091 -0.0130452)
(-1.49671 -3.62286 -0.150104)
(-1.64059 -3.49439 -0.156675)
(-1.63659 -3.62069 -0.0230374)
(-1.34073 -3.6244 -0.286906)
(-1.21908 -3.87251 -0.152556)
(-1.35643 -3.75041 -0.145681)
(-1.1381 -3.87033 0.0143415)
(-1.2062 -3.62868 -0.1712)
(-1.35454 -3.49995 -0.155594)
(-1.35753 -3.62687 -0.0181618)
(-1.09566 -3.62929 0.0040127)
(1.33649 -3.87468 -0.289247)
(1.34073 -3.6244 -0.286906)
(1.50861 -3.62778 -0.352141)
(1.21908 -3.87251 -0.152556)
(1.35666 -3.75034 -0.14583)
(1.49069 -3.87368 -0.147092)
(1.35489 -3.87792 -0.0113302)
(1.2062 -3.62868 -0.1712)
(1.09566 -3.62929 0.0040127)
(1.49659 -3.62288 -0.150087)
(1.35454 -3.49995 -0.155598)
(1.35755 -3.62688 -0.0182485)
(1.91058 -3.8634 -0.285849)
(1.67987 -3.58367 -0.319643)
(1.76519 -3.86594 -0.15001)
(1.63322 -3.74456 -0.151408)
(1.92741 -3.7059 -0.190259)
(2.03598 -3.86684 -0.127318)
(1.90551 -3.86329 -0.0181343)
(1.76809 -3.6185 -0.150283)
(1.64058 -3.49439 -0.156676)
(1.63657 -3.62069 -0.0230492)
(1.91144 -3.49504 -0.125673)
(1.90635 -3.62091 -0.0130455)
(-1.63774 -3.37615 -0.299537)
(-1.63451 -3.12612 -0.274096)
(-1.80732 -3.33486 -0.18796)
(-1.64551 -3.24731 -0.16614)
(-1.50334 -3.3729 -0.169723)
(-1.64305 -3.37112 -0.0308869)
(-1.79825 -3.12482 -0.172402)
(-1.90953 -3.1188 0.00184924)
(-1.50791 -3.12615 -0.182028)
(-1.63796 -3.00138 -0.166606)
(-1.64375 -3.12391 -0.0293674)
(-1.35681 -3.12807 -0.306837)
(-1.19303 -3.41254 -0.183519)
(-1.36922 -3.25 -0.179014)
(-1.10027 -3.25007 -0.12108)
(-1.07814 -3.37976 -0.0522789)
(-1.24096 -3.12668 -0.166366)
(-1.36502 -3.00215 -0.180244)
(-1.36709 -3.127 -0.0415771)
(-1.08186 -3.00869 -0.164695)
(-1.09311 -3.12942 -0.0149602)
(1.36845 -3.38005 -0.306826)
(1.35681 -3.12807 -0.306837)
(1.19303 -3.41254 -0.183519)
(1.10027 -3.25007 -0.12108)
(1.36922 -3.25 -0.179014)
(1.50334 -3.3729 -0.169723)
(1.36123 -3.37611 -0.0334702)
(1.24097 -3.12668 -0.166365)
(1.08186 -3.00869 -0.164695)
(1.09311 -3.12942 -0.0149585)
(1.5079 -3.12615 -0.182028)
(1.36502 -3.00214 -0.180243)
(1.3671 -3.127 -0.0415741)
(1.63451 -3.12612 -0.274096)
(1.80732 -3.33486 -0.18796)
(1.64551 -3.24731 -0.16614)
(1.93162 -3.36605 -0.0444058)
(1.79825 -3.12482 -0.172402)
(1.63796 -3.00138 -0.166606)
(1.64375 -3.12391 -0.0293672)
(1.90953 -3.1188 0.00184924)
(-1.62004 -2.88123 -0.288545)
(-1.64879 -2.62494 -0.274652)
(-1.49004 -2.6229 -0.33534)
(-1.79203 -2.87573 -0.164977)
(-1.64192 -2.75139 -0.145355)
(-1.50406 -2.8778 -0.164472)
(-1.64602 -2.87614 -0.0194507)
(-1.79282 -2.62496 -0.164991)
(-1.89138 -2.62539 0.0104739)
(-1.5067 -2.62626 -0.140489)
(-1.64306 -2.50063 -0.143456)
(-1.64536 -2.62568 -0.0129039)
(-1.12197 -2.87694 -0.227411)
(-1.36815 -2.62681 -0.265252)
(-1.12083 -2.62652 -0.2751)
(-1.23745 -2.87971 -0.164708)
(-1.36857 -2.75352 -0.157841)
(-1.11194 -2.75424 -0.152184)
(-0.998747 -2.88007 -0.125244)
(-1.09651 -2.88472 -0.0262268)
(-1.23532 -2.629 -0.15048)
(-1.37333 -2.50217 -0.142557)
(-1.37206 -2.62761 -0.0190063)
(-0.954841 -2.66438 -0.167563)
(-1.11467 -2.50556 -0.145962)
(-1.10818 -2.63009 -0.0167646)
(-0.857274 -2.49794 -0.115887)
(-0.835667 -2.63303 -0.0045904)
(0.998747 -2.88007 -0.125244)
(0.902489 -2.87201 0.00685524)
(0.954841 -2.66438 -0.167563)
(0.857274 -2.49794 -0.115887)
(0.835667 -2.63303 -0.0045904)
(1.38495 -2.73876 -0.331963)
(1.36582 -2.87365 -0.316668)
(1.12083 -2.62652 -0.2751)
(1.36815 -2.62681 -0.265252)
(1.49004 -2.6229 -0.33534)
(1.37727 -2.49844 -0.350517)
(1.23745 -2.87971 -0.164707)
(1.11194 -2.75424 -0.152183)
(1.36857 -2.75352 -0.15784)
(1.50406 -2.8778 -0.164471)
(1.36886 -2.87809 -0.0333088)
(1.23532 -2.629 -0.150478)
(1.11467 -2.50556 -0.145961)
(1.10818 -2.63009 -0.0167568)
(1.50669 -2.62626 -0.140488)
(1.37332 -2.50217 -0.142551)
(1.37205 -2.62761 -0.0190022)
(1.64879 -2.62494 -0.274652)
(1.79203 -2.87573 -0.164977)
(1.64192 -2.75139 -0.145355)
(1.89497 -2.8747 0.0121908)
(1.79282 -2.62496 -0.164991)
(1.64306 -2.50063 -0.143457)
(1.64536 -2.62568 -0.0129078)
(1.89138 -2.62539 0.0104739)
(-1.65602 -2.37502 -0.282002)
(-1.6615 -2.13066 -0.305807)
(-1.48745 -2.12681 -0.393537)
(-1.7939 -2.376 -0.168359)
(-1.6469 -2.2526 -0.152181)
(-1.5101 -2.37612 -0.142738)
(-1.64604 -2.37585 -0.0157834)
(-1.80192 -2.12847 -0.175808)
(-1.9004 -2.12489 0.00330602)
(-1.51451 -2.12759 -0.15265)
(-1.65722 -2.00278 -0.157311)
(-1.64976 -2.1266 -0.0208585)
(-1.13628 -2.24437 -0.364932)
(-1.08786 -2.4119 -0.307385)
(-1.24953 -2.1327 -0.419609)
(-1.37785 -2.12781 -0.284982)
(-1.11689 -2.12845 -0.279963)
(-1.00688 -2.12642 -0.348271)
(-1.11841 -2.00936 -0.4185)
(-1.24467 -2.37833 -0.146245)
(-1.37793 -2.25193 -0.147688)
(-1.11442 -2.25339 -0.146951)
(-0.98769 -2.38001 -0.143628)
(-0.976994 -2.12911 -0.150416)
(-0.880672 -2.13245 -0.256763)
(-0.838006 -2.24911 -0.163945)
(-0.805862 -2.0438 -0.182674)
(-0.840094 -2.1276 -0.0110763)
(0.880672 -2.13245 -0.256763)
(1.00688 -2.12642 -0.348271)
(0.838006 -2.24911 -0.163945)
(0.987689 -2.38001 -0.143628)
(0.860899 -2.37674 -0.00499024)
(0.976993 -2.12911 -0.150415)
(0.805862 -2.0438 -0.182674)
(0.840094 -2.1276 -0.0110761)
(1.37428 -2.25064 -0.387945)
(1.3753 -2.37604 -0.26582)
(1.24953 -2.1327 -0.419609)
(1.11689 -2.12845 -0.279962)
(1.37785 -2.12781 -0.284975)
(1.48745 -2.12681 -0.393537)
(1.37419 -2.02749 -0.429874)
(1.24466 -2.37833 -0.146238)
(1.11441 -2.25339 -0.146947)
(1.37788 -2.25192 -0.147649)
(1.51002 -2.37612 -0.142705)
(1.51442 -2.12759 -0.152607)
(1.6615 -2.13066 -0.305807)
(1.7939 -2.376 -0.168359)
(1.64715 -2.25259 -0.152075)
(1.89487 -2.37505 0.00372861)
(1.80192 -2.12847 -0.175808)
(1.65722 -2.00278 -0.157306)
(1.64971 -2.1266 -0.0208333)
(1.9004 -2.12489 0.00330602)
(-1.61888 -1.74627 -0.37635)
(-1.68999 -1.90948 -0.308931)
(-1.63626 -1.62481 -0.266091)
(-1.55028 -1.63154 -0.423785)
(-1.62299 -1.50357 -0.404519)
(-1.80846 -1.90956 -0.187966)
(-1.84914 -1.74999 -0.109531)
(-1.64599 -1.75053 -0.14106)
(-1.52114 -1.8768 -0.147395)
(-1.65033 -1.8758 -0.0177801)
(-1.81869 -1.59105 -0.171961)
(-1.88706 -1.62696 0.00309713)
(-1.52002 -1.62537 -0.14006)
(-1.65442 -1.49959 -0.137568)
(-1.65091 -1.62465 -0.0092028)
(-1.11892 -1.75198 -0.391525)
(-1.11594 -1.88039 -0.274743)
(-1.25026 -1.62587 -0.396951)
(-1.38275 -1.62613 -0.271231)
(-1.1181 -1.62779 -0.272527)
(-0.950868 -1.66342 -0.427728)
(-1.12225 -1.50084 -0.408661)
(-0.979729 -1.88105 -0.144289)
(-0.98432 -1.62943 -0.1414)
(-0.860349 -1.63046 -0.266515)
(-0.720167 -1.87685 -0.123593)
(-0.854439 -1.7554 -0.146018)
(-0.66454 -1.86494 0.0100385)
(-0.698494 -1.66223 -0.17121)
(-0.858098 -1.50365 -0.138836)
(-0.857054 -1.6298 -0.0102121)
(-0.628539 -1.49736 -0.120632)
(-0.599658 -1.62415 0.00273346)
(0.877112 -1.75278 -0.353925)
(0.83238 -1.8803 -0.289939)
(0.86035 -1.63046 -0.266515)
(0.950868 -1.66342 -0.427728)
(0.84768 -1.49617 -0.402266)
(0.720167 -1.87685 -0.123593)
(0.854439 -1.7554 -0.146018)
(0.979729 -1.88105 -0.144289)
(0.846663 -1.88149 -0.012099)
(0.698494 -1.66223 -0.17121)
(0.628539 -1.49736 -0.120632)
(0.599658 -1.62415 0.00273346)
(0.98432 -1.62943 -0.1414)
(0.858098 -1.50365 -0.138836)
(0.857054 -1.6298 -0.0102122)
(1.38045 -1.75079 -0.387989)
(1.38252 -1.87785 -0.271396)
(1.25026 -1.62587 -0.396951)
(1.1181 -1.62779 -0.272527)
(1.38275 -1.62613 -0.271232)
(1.55028 -1.63154 -0.423785)
(1.37943 -1.50057 -0.406975)
(1.52113 -1.8768 -0.147391)
(1.52002 -1.62537 -0.140061)
(1.63626 -1.62481 -0.266091)
(1.80846 -1.90956 -0.187966)
(1.64599 -1.75053 -0.14106)
(1.84914 -1.74999 -0.109531)
(1.89247 -1.87266 -0.00283785)
(1.81869 -1.59105 -0.171961)
(1.65442 -1.49959 -0.13757)
(1.65091 -1.62465 -0.00920317)
(1.88706 -1.62696 0.00309713)
(-1.6363 -1.24959 -0.386345)
(-1.6471 -1.37517 -0.255618)
(-1.63778 -1.12477 -0.25131)
(-1.49981 -1.12508 -0.383279)
(-1.63053 -1.001 -0.380395)
(-1.81248 -1.37242 -0.164824)
(-1.64979 -1.24866 -0.13396)
(-1.51985 -1.37476 -0.135816)
(-1.65071 -1.37436 -0.00692297)
(-1.79688 -1.12292 -0.16002)
(-1.86541 -1.12487 0.0122536)
(-1.51436 -1.1243 -0.132848)
(-1.64017 -0.99896 -0.131392)
(-1.64385 -1.1241 -0.00544025)
(-1.12284 -1.25235 -0.423862)
(-1.12068 -1.37662 -0.283215)
(-1.25152 -1.12664 -0.414821)
(-1.37849 -1.12551 -0.274158)
(-1.12217 -1.12734 -0.281526)
(-0.99155 -1.13049 -0.405207)
(-1.12241 -1.00237 -0.404523)
(-0.667298 -1.24254 -0.335301)
(-0.655643 -1.37389 -0.242253)
(-0.72238 -1.12124 -0.402399)
(-0.861665 -1.1287 -0.268714)
(-0.595282 -1.13281 -0.250217)
(-0.619619 -1.0077 -0.366521)
(-0.729861 -1.38004 -0.136067)
(-0.588691 -1.25278 -0.163225)
(-0.571287 -1.41259 -0.0441823)
(-0.730483 -1.1309 -0.13722)
(-0.52742 -1.12408 -0.121855)
(-0.606373 -1.00616 -0.134794)
(-0.60658 -1.1309 -0.00721454)
(0.52742 -1.12408 -0.121855)
(0.821416 -1.28793 -0.433008)
(0.851778 -1.37928 -0.270126)
(0.72238 -1.12124 -0.402399)
(0.595282 -1.13281 -0.250217)
(0.861665 -1.1287 -0.268714)
(0.991549 -1.13049 -0.405208)
(0.864128 -1.00257 -0.398123)
(0.729861 -1.38004 -0.136067)
(0.588691 -1.25278 -0.163225)
(0.730483 -1.1309 -0.13722)
(0.606373 -1.00616 -0.134794)
(0.60658 -1.1309 -0.00721457)
(1.37652 -1.25057 -0.407393)
(1.37987 -1.37567 -0.275865)
(1.25151 -1.12664 -0.414828)
(1.12217 -1.12734 -0.281536)
(1.37846 -1.12549 -0.274224)
(1.4998 -1.12508 -0.383303)
(1.3776 -1.00033 -0.40575)
(1.51984 -1.37476 -0.135831)
(1.51431 -1.12427 -0.132974)
(1.63767 -1.12472 -0.251562)
(1.81248 -1.37242 -0.164824)
(1.64977 -1.24865 -0.133994)
(1.87887 -1.3751 0.012307)
(1.79688 -1.12292 -0.16002)
(1.64 -0.998892 -0.13177)
(1.64383 -1.12409 -0.00549955)
(1.86541 -1.12487 0.0122536)
(-1.62481 -0.755628 -0.37484)
(-1.63754 -0.874112 -0.259424)
(-1.67564 -0.615078 -0.305622)
(-1.54876 -0.614692 -0.422899)
(-1.78315 -0.87753 -0.151723)
(-1.65049 -0.747705 -0.14295)
(-1.51638 -0.873437 -0.137619)
(-1.64434 -0.873543 -0.00846322)
(-1.76471 -0.61795 -0.133831)
(-1.5249 -0.621149 -0.143758)
(-1.64937 -0.496775 -0.13386)
(-1.65398 -0.620486 -0.0137278)
(-1.1283 -0.751495 -0.399579)
(-1.12438 -0.877202 -0.274864)
(-1.26169 -0.625536 -0.406298)
(-1.39183 -0.623224 -0.278122)
(-1.13025 -0.627023 -0.272375)
(-0.999276 -0.629346 -0.397556)
(-1.13236 -0.503283 -0.3997)
(-0.58696 -0.788661 -0.415434)
(-0.609152 -0.880834 -0.26124)
(-0.739845 -0.635518 -0.400204)
(-0.868863 -0.631865 -0.26981)
(-0.612036 -0.634894 -0.262132)
(-0.469359 -0.65614 -0.402956)
(-0.732734 -0.881257 -0.139024)
(-0.602031 -0.760389 -0.138661)
(-0.458523 -0.88081 -0.167473)
(-0.606009 -0.880484 -0.00817794)
(-0.478065 -0.639773 -0.133092)
(-0.356744 -0.646161 -0.242963)
(-0.38661 -0.762174 -0.131822)
(-0.360504 -0.514619 -0.126957)
(-0.311962 -0.678779 -0.0381596)
(0.356744 -0.646161 -0.242963)
(0.469359 -0.65614 -0.402956)
(0.34819 -0.530987 -0.40441)
(0.38661 -0.762174 -0.131822)
(0.458523 -0.88081 -0.167473)
(0.382648 -0.870905 0.0106706)
(0.478065 -0.639773 -0.133092)
(0.360504 -0.514619 -0.126957)
(0.311962 -0.678779 -0.0381596)
(0.866226 -0.75816 -0.399136)
(0.862756 -0.881036 -0.271712)
(0.739845 -0.635518 -0.400204)
(0.612036 -0.634894 -0.262132)
(0.868866 -0.631864 -0.269812)
(0.999281 -0.629345 -0.397559)
(0.732734 -0.881256 -0.139024)
(0.602031 -0.760389 -0.138661)
(1.38759 -0.74845 -0.410442)
(1.38309 -0.874528 -0.276304)
(1.26172 -0.625528 -0.406304)
(1.13028 -0.627014 -0.272391)
(1.3923 -0.623057 -0.278249)
(1.54876 -0.614692 -0.422899)
(1.39161 -0.499852 -0.404189)
(1.51632 -0.87342 -0.137716)
(1.52476 -0.621205 -0.143446)
(1.67564 -0.615078 -0.305622)
(1.78315 -0.87753 -0.151723)
(1.65047 -0.747704 -0.142955)
(1.8507 -0.878963 0.0137269)
(1.76471 -0.61795 -0.133831)
(1.64936 -0.496779 -0.133835)
(1.65397 -0.620488 -0.0137131)
(-1.65389 -0.376805 -0.269019)
(-1.63803 -0.122629 -0.247051)
(-1.54082 -0.124725 -0.41229)
(-1.73121 -0.379011 -0.11159)
(-1.68562 -0.213689 -0.172244)
(-1.52123 -0.3731 -0.136183)
(-1.65207 -0.373001 -0.00568718)
(-1.52149 -0.123388 -0.139753)
(-1.66347 -0.00235398 -0.16305)
(-1.64394 -0.123871 -0.00734103)
(-1.27323 -0.127407 -0.399194)
(-1.3972 -0.12492 -0.266575)
(-0.0940855 -0.282507 -0.374427)
(-0.105225 -0.369249 -0.246781)
(-0.233858 -0.137758 -0.384498)
(-0.11388 -0.137074 -0.257304)
(-5.21205e-18 -0.173522 -0.429488)
(-0.237664 -0.388991 -0.128448)
(-0.117066 -0.263593 -0.131426)
(5.28642e-18 -0.333126 -0.144633)
(-0.0773304 -0.429678 -0.0103865)
(0.35791 -0.264491 -0.387108)
(0.362775 -0.386258 -0.255839)
(0.233964 -0.137758 -0.384498)
(0.113964 -0.137074 -0.257303)
(0.237665 -0.388991 -0.128448)
(0.117071 -0.263593 -0.131426)
(1.39962 -0.251894 -0.399468)
(1.39309 -0.376128 -0.271014)
(1.27323 -0.127407 -0.399195)
(1.3972 -0.12492 -0.266576)
(1.54082 -0.124725 -0.41229)
(1.40409 -0.000690053 -0.398341)
(1.52122 -0.373106 -0.136142)
(1.52149 -0.123388 -0.139752)
(1.63803 -0.122629 -0.247051)
(1.73121 -0.379011 -0.11159)
(1.68562 -0.213689 -0.172244)
(1.66347 -0.00235398 -0.16305)
(1.64394 -0.123872 -0.0073407)
(-1.61301 0.121118 -0.23794)
(-1.52545 0.377628 -0.37198)
(-1.65326 0.250768 -0.131416)
(-1.52339 0.128376 -0.134688)
(-1.68555 0.159921 -0.0416745)
(-1.53099 0.376882 -0.132889)
(-1.63094 0.499859 -0.114282)
(-1.67135 0.375466 -0.0288812)
(-1.27464 0.376088 -0.388895)
(-1.40454 0.377774 -0.263545)
(-1.39655 0.502023 -0.133387)
(-1.13244 0.375563 -0.00321191)
(1.40363 0.251749 -0.391097)
(1.39945 0.12598 -0.263888)
(1.27465 0.376091 -0.388897)
(1.40454 0.377774 -0.263546)
(1.52545 0.377628 -0.37198)
(1.39722 0.500846 -0.383874)
(1.52339 0.128376 -0.134688)
(1.13245 0.375564 -0.00321633)
(1.53099 0.376882 -0.13289)
(1.39655 0.502024 -0.133391)
(1.65326 0.250768 -0.131416)
(1.63094 0.499859 -0.114282)
(1.67135 0.375466 -0.0288812)
(-1.59236 0.749561 -0.118983)
(-1.52031 0.626528 -0.132344)
(-1.64868 0.627034 -0.00839583)
(-1.54115 0.877706 -0.167674)
(-1.62422 0.86955 0.00993525)
(-1.26764 0.87815 -0.387406)
(-1.39399 0.877508 -0.259625)
(-1.26676 0.626953 -0.133225)
(-1.39622 0.753484 -0.136165)
(-1.13306 0.626005 -0.00360643)
(-1.26941 0.878146 -0.135862)
(-1.39991 1.00524 -0.137554)
(-1.39816 0.8781 -0.0101106)
(1.42798 0.787059 -0.418854)
(1.39246 0.626503 -0.260689)
(1.268 0.878329 -0.387802)
(1.3941 0.877543 -0.259776)
(1.40342 1.0016 -0.378831)
(1.26678 0.626963 -0.133251)
(1.39625 0.753492 -0.136193)
(1.52031 0.626528 -0.132345)
(1.39353 0.626917 -0.00706506)
(1.26952 0.878196 -0.135975)
(1.54122 0.877712 -0.167736)
(1.40006 1.0053 -0.137694)
(1.39821 0.878097 -0.0101271)
(1.59236 0.749561 -0.118983)
(1.62421 0.86955 0.00993464)
(-1.51457 1.1257 -0.125054)
(-1.47086 1.37413 -0.11942)
(-1.14414 1.2595 -0.394065)
(-1.29011 1.37752 -0.408636)
(-1.40001 1.37419 -0.24837)
(-1.14284 1.38645 -0.270137)
(-1.0138 1.39102 -0.400074)
(-1.13196 1.53399 -0.417131)
(-1.27155 1.12873 -0.137661)
(-1.39491 1.2527 -0.134687)
(-1.27412 1.38395 -0.14098)
(-1.4088 1.49908 -0.164989)
(-1.3983 1.38174 -0.0115095)
(-1.14371 1.51426 -0.146699)
(-0.625932 1.51347 -0.395709)
(-0.124353 1.25527 -0.382794)
(-0.249646 1.38236 -0.386872)
(-0.124828 1.38053 -0.258077)
(1.39057e-06 1.37949 -0.379415)
(-0.124915 1.50773 -0.385138)
(0.249634 1.38233 -0.386796)
(0.124822 1.38052 -0.258033)
(0.374379 1.50899 -0.391845)
(1.01382 1.39102 -0.400071)
(0.884215 1.51916 -0.402796)
(1.34408 1.24843 -0.372118)
(1.41881 1.13088 -0.298338)
(1.29011 1.37752 -0.408636)
(1.14292 1.38643 -0.270119)
(1.40001 1.37419 -0.24837)
(1.27166 1.12877 -0.137753)
(1.39494 1.2527 -0.134705)
(1.51469 1.1257 -0.125058)
(1.40035 1.12802 -0.0159817)
(1.27457 1.38387 -0.141352)
(1.1449 1.51401 -0.147512)
(1.47086 1.37413 -0.11942)
(1.4088 1.49908 -0.164989)
(1.39822 1.38174 -0.0115026)
(-1.16708 1.67882 -0.310094)
(-1.30938 1.67852 -0.179722)
(-1.13791 1.76059 -0.14303)
(-1.01306 1.64003 -0.146447)
(-1.14369 1.63937 -0.0184454)
(-1.23796 1.86481 -0.111984)
(-1.043 1.92569 -0.180515)
(-1.14105 1.89086 -0.0137841)
(-0.624822 1.78083 -0.406649)
(-0.627447 1.63288 -0.264762)
(-0.74614 1.87003 -0.338421)
(-0.876447 1.89858 -0.273381)
(-0.628173 1.88137 -0.260543)
(-0.498566 1.87368 -0.365372)
(-0.883822 1.76257 -0.14292)
(-0.63 1.75882 -0.140161)
(-0.760775 1.89039 -0.148479)
(-0.882 2.03532 -0.168795)
(-0.504223 1.88182 -0.140807)
(-0.633809 2.01229 -0.14864)
(-0.125063 1.79437 -0.416868)
(-0.124768 1.63373 -0.264651)
(-0.249997 1.88193 -0.391132)
(-0.377227 1.87983 -0.268948)
(-0.121633 1.88305 -0.273019)
(0 1.88369 -0.375466)
(-0.125284 1.99515 -0.345626)
(-0.38048 2.00763 -0.14711)
(-0.121326 2.00878 -0.153078)
(0.374778 1.78449 -0.415953)
(0.375294 1.63149 -0.265293)
(0.249997 1.88193 -0.391132)
(0.121631 1.88304 -0.273011)
(0.377067 1.87973 -0.268747)
(0.498566 1.87368 -0.365372)
(0.372187 1.99176 -0.334342)
(0.121309 2.00877 -0.153072)
(0.504146 1.88167 -0.140588)
(0.380455 2.00761 -0.147071)
(0.871809 1.74381 -0.392993)
(0.88449 1.63939 -0.270897)
(0.74614 1.87003 -0.338421)
(0.62814 1.88121 -0.260351)
(0.876447 1.89858 -0.273381)
(0.629899 1.75833 -0.139555)
(0.88405 1.76236 -0.142814)
(1.01398 1.63981 -0.146879)
(0.760769 1.8903 -0.148377)
(0.633802 2.01226 -0.148611)
(1.043 1.92569 -0.180515)
(0.882 2.03532 -0.168795)
(1.31826 1.67696 -0.186921)
(1.14058 1.76069 -0.145347)
(1.41671 1.66299 -0.0364894)
(1.23796 1.86481 -0.111984)
(1.14116 1.89083 -0.0139241)
(-1.10631 2.11133 0.0443289)
(-0.62054 2.12782 -0.227382)
(-0.75793 2.13712 -0.164356)
(-0.637278 2.25986 -0.162949)
(-0.50999 2.13578 -0.150413)
(-0.637161 2.13797 -0.0275351)
(-0.881114 2.37891 0.018647)
(-0.538688 2.38404 -0.172873)
(-0.634218 2.49585 -0.109561)
(-0.638582 2.38186 -0.0215415)
(-0.117466 2.13394 -0.3042)
(-0.365865 2.3711 -0.226414)
(-0.12356 2.37774 -0.243654)
(-0.252159 2.1334 -0.153613)
(-0.383429 2.25801 -0.148449)
(-0.122516 2.25643 -0.148204)
(-3.48553e-05 2.13112 -0.145819)
(-0.252488 2.37835 -0.140085)
(-0.418781 2.53581 -0.188038)
(-0.000765602 2.37599 -0.129363)
(-0.125277 2.49957 -0.132115)
(0.378493 2.13123 -0.287437)
(0.12356 2.37774 -0.243654)
(0.365865 2.3711 -0.226414)
(0.252139 2.13339 -0.153608)
(0.122399 2.25643 -0.148204)
(0.383419 2.25801 -0.148447)
(0.509986 2.13578 -0.150406)
(0.252417 2.37835 -0.140085)
(0.124933 2.49957 -0.132115)
(0.538688 2.38404 -0.172873)
(0.418781 2.53581 -0.188038)
(0.75793 2.13712 -0.164356)
(0.637278 2.25986 -0.162949)
(0.92212 2.17166 -0.0596286)
(0.634218 2.49585 -0.109561)
(0.638581 2.38186 -0.0215406)
(0.881114 2.37891 0.018647)
(-0.622332 2.75179 -0.115905)
(-0.522222 2.62907 -0.155785)
(-0.684332 2.59759 -0.0617451)
(-0.515622 2.86644 -0.167449)
(-0.633501 2.99381 -0.142094)
(-0.637839 2.87185 -0.0227027)
(-0.129228 2.61457 -0.192599)
(-0.251977 2.62553 -0.140504)
(-0.371594 2.74482 -0.181919)
(-0.124879 2.75021 -0.187852)
(0 2.65945 -0.185603)
(-0.124774 2.626 -0.0257585)
(-0.249047 2.85845 -0.187689)
(-0.40747 2.96658 -0.192043)
(-0.378363 2.87282 -0.0329553)
(0 2.86856 -0.173443)
(-0.0898963 2.9612 -0.180713)
(-0.123417 2.8747 -0.0298749)
(0.251966 2.62553 -0.140504)
(0.124879 2.75021 -0.187852)
(0.371594 2.74482 -0.181919)
(0.522222 2.62907 -0.155785)
(0.383036 2.62652 -0.0296333)
(0.249047 2.85845 -0.187689)
(0.0898963 2.9612 -0.180713)
(0.123412 2.8747 -0.0298749)
(0.515622 2.86644 -0.167449)
(0.40747 2.96658 -0.192043)
(0.378361 2.87282 -0.0329548)
(0.622332 2.75179 -0.115905)
(0.633501 2.99381 -0.142094)
(0.637838 2.87185 -0.0227019)
(-3.13852 3.5207 -0.134303)
(-3.12593 3.32774 -0.0463902)
(-2.87809 3.51241 -0.156138)
(-2.87713 3.33647 -0.000483933)
(-0.622521 3.37525 -0.221068)
(-0.762458 3.12231 -0.110437)
(-0.659445 3.2414 -0.179394)
(-0.540532 3.09239 -0.186601)
(-0.639748 3.11743 -0.0297195)
(-0.761145 3.3682 -0.174011)
(-0.87705 3.49946 -0.15445)
(-0.941202 3.32894 -0.0575572)
(-0.504418 3.37135 -0.155427)
(-0.631722 3.4944 -0.155948)
(-0.636886 3.36745 -0.031723)
(-0.125086 3.12823 -0.210489)
(-0.374847 3.37419 -0.265259)
(-0.124888 3.37468 -0.253952)
(-0.25061 3.12367 -0.128378)
(-0.377013 3.2485 -0.13905)
(-0.124971 3.24934 -0.127611)
(-2.29901e-08 3.12355 -0.121848)
(-0.124821 3.1232 -0.00963546)
(-0.250319 3.37364 -0.149116)
(-0.375926 3.49375 -0.163798)
(-0.377644 3.3716 -0.0242791)
(-1.07265e-09 3.37439 -0.136041)
(-0.124352 3.49797 -0.152166)
(-0.125096 3.37353 -0.0156417)
(0.369947 3.13047 -0.217168)
(0.124888 3.37468 -0.253952)
(0.374847 3.37419 -0.265259)
(0.25061 3.12367 -0.128378)
(0.124971 3.24934 -0.127611)
(0.377013 3.2485 -0.13905)
(0.540532 3.09239 -0.186601)
(0.379713 3.12202 -0.0212428)
(0.250319 3.37364 -0.149115)
(0.124352 3.49797 -0.152166)
(0.125096 3.37353 -0.0156414)
(0.504418 3.37135 -0.155427)
(0.375926 3.49375 -0.163798)
(0.377645 3.3716 -0.0242819)
(0.622521 3.37525 -0.221068)
(0.762458 3.12231 -0.110437)
(0.659445 3.2414 -0.179394)
(0.891435 3.1242 -0.0274036)
(0.761145 3.3682 -0.174011)
(0.631722 3.4944 -0.155948)
(0.636886 3.36745 -0.0317231)
(0.87705 3.49946 -0.15445)
(0.941202 3.32894 -0.0575572)
(2.87809 3.51241 -0.156138)
(2.87713 3.33647 -0.000483933)
(3.13852 3.5207 -0.134303)
(3.12593 3.32774 -0.0463902)
(-3.02305 3.6295 -0.172409)
(-3.19278 3.67769 -0.0622365)
(-3.01303 3.88124 -0.107353)
(-3.1222 3.87341 0.00257923)
(-2.62932 3.88055 -0.243835)
(-2.74103 3.59859 -0.174815)
(-2.91102 3.75326 -0.198451)
(-2.59012 3.71052 -0.173477)
(-2.56784 3.56342 -0.00820325)
(-2.75759 3.87804 -0.154649)
(-2.88965 4.0059 -0.139585)
(-2.89957 3.88894 -0.0307614)
(-2.4593 3.82699 -0.186599)
(-2.6294 4.0004 -0.158357)
(-2.60901 3.85693 -0.0172936)
(-2.32355 3.94317 -0.185376)
(-2.32199 3.82703 -0.00304911)
(-1.12207 3.74522 -0.107968)
(-0.996199 3.62758 -0.140247)
(-1.15169 3.62457 -0.0265937)
(-1.04501 3.83125 -0.193568)
(-1.17045 3.95643 -0.17667)
(-1.14565 3.86087 -0.0195591)
(-0.625446 3.62391 -0.281253)
(-0.873921 3.87453 -0.275493)
(-0.668521 3.82782 -0.317696)
(-0.496467 3.87772 -0.379676)
(-0.623062 4.00306 -0.376411)
(-0.75971 3.62053 -0.149562)
(-0.925843 3.70346 -0.196867)
(-0.635536 3.74317 -0.14996)
(-0.503473 3.60734 -0.157232)
(-0.756533 3.86135 -0.152205)
(-0.8833 3.9879 -0.153089)
(-0.503156 3.86873 -0.151702)
(-0.628499 3.99395 -0.150915)
(-0.129405 3.75986 -0.330049)
(-0.121163 3.61972 -0.29764)
(-0.250616 3.87647 -0.374202)
(-0.375508 3.87124 -0.281363)
(-0.123553 3.87256 -0.262565)
(-1.40973e-18 3.87986 -0.335786)
(-0.124959 3.99985 -0.379417)
(-0.247204 3.61619 -0.156648)
(-0.376022 3.73936 -0.151987)
(-0.12209 3.74471 -0.147127)
(2.08406e-08 3.62225 -0.145312)
(-0.249567 3.87138 -0.146619)
(8.99921e-08 3.87251 -0.137655)
(-0.124648 3.99819 -0.143931)
(0.374625 3.76328 -0.367408)
(0.375449 3.55889 -0.315838)
(0.250616 3.87647 -0.374202)
(0.123553 3.87256 -0.262566)
(0.375508 3.87124 -0.281363)
(0.496467 3.87772 -0.379676)
(0.375045 3.9987 -0.414613)
(0.247204 3.61619 -0.156648)
(0.12209 3.74471 -0.147127)
(0.376022 3.73936 -0.151986)
(0.503473 3.60734 -0.157232)
(0.249568 3.87137 -0.146622)
(0.124648 3.99819 -0.143933)
(0.503156 3.86873 -0.151702)
(0.668521 3.82782 -0.317696)
(0.873921 3.87453 -0.275493)
(0.867443 4.01068 -0.336262)
(0.75971 3.62053 -0.149562)
(0.635536 3.74317 -0.149961)
(0.925843 3.70346 -0.196867)
(0.996199 3.62758 -0.140247)
(0.756534 3.86135 -0.152208)
(0.6285 3.99395 -0.150919)
(1.04501 3.83125 -0.193568)
(0.883304 3.98789 -0.153105)
(1.12207 3.74522 -0.107968)
(1.17045 3.95643 -0.17667)
(1.14565 3.86087 -0.0195597)
(2.4593 3.82699 -0.186599)
(2.32355 3.94317 -0.185376)
(2.32199 3.82703 -0.00304911)
(2.62932 3.88055 -0.243835)
(2.74103 3.59859 -0.174815)
(2.59012 3.71052 -0.173477)
(2.91102 3.75326 -0.198451)
(3.02305 3.6295 -0.172409)
(2.87007 3.60943 -0.0372112)
(2.75759 3.87804 -0.154649)
(2.62938 4.00039 -0.158365)
(2.609 3.85693 -0.0172965)
(3.01303 3.88124 -0.107353)
(2.88965 4.0059 -0.139585)
(2.89957 3.88894 -0.0307613)
(3.1222 3.87341 0.00257923)
(-2.61277 4.1187 -0.256497)
(-2.78815 4.12524 -0.162326)
(-2.66758 4.28729 -0.177784)
(-2.49946 4.12181 -0.165851)
(-2.63586 4.1292 -0.0217043)
(-2.55134 4.41868 -0.19349)
(-2.61661 4.49425 -0.0969898)
(-2.64123 4.38772 -0.0117444)
(-2.15198 4.13737 -0.212631)
(-2.37079 4.37214 -0.278303)
(-2.13174 4.38128 -0.284246)
(-2.23359 4.10855 -0.156275)
(-2.37302 4.24665 -0.170091)
(-2.06546 4.19473 -0.184552)
(-2.07896 4.0845 0.000786103)
(-2.24704 4.37092 -0.17215)
(-2.38466 4.50268 -0.15816)
(-2.37977 4.37633 -0.0233621)
(-1.94438 4.3121 -0.188339)
(-2.12189 4.49449 -0.171532)
(-2.10827 4.35912 -0.0174477)
(-1.8845 4.39749 -0.217757)
(-1.86382 4.48333 -0.148773)
(-1.84881 4.35041 0.00595502)
(-1.4982 4.36372 -0.116414)
(-1.62479 4.48767 -0.117381)
(-1.12345 4.24734 -0.362311)
(-1.13345 4.11661 -0.288254)
(-1.24694 4.37829 -0.370585)
(-1.3889 4.36557 -0.260875)
(-1.1369 4.35589 -0.281846)
(-1.02885 4.31743 -0.445308)
(-1.1294 4.493 -0.412291)
(-1.28964 4.08498 -0.163175)
(-1.41314 4.23585 -0.141501)
(-1.14136 4.23473 -0.153508)
(-1.01532 4.11236 -0.15386)
(-1.14579 4.11243 -0.0191724)
(-1.27454 4.35867 -0.151023)
(-1.39685 4.48454 -0.146327)
(-1.40276 4.36523 -0.0092605)
(-0.624597 4.24434 -0.425892)
(-0.626382 4.12165 -0.282172)
(-0.722731 4.33398 -0.434004)
(-0.877396 4.36682 -0.275336)
(-0.62722 4.37134 -0.271945)
(-0.501062 4.37204 -0.390475)
(-0.625909 4.4985 -0.379611)
(-0.123588 4.24462 -0.424707)
(-0.124482 4.12334 -0.280382)
(-0.248769 4.3725 -0.388882)
(-0.375731 4.37253 -0.270653)
(-0.123042 4.37178 -0.271521)
(0 4.3398 -0.422337)
(-0.123831 4.49844 -0.37685)
(0.379799 4.22099 -0.441047)
(0.375422 4.12178 -0.296042)
(0.248769 4.3725 -0.388882)
(0.123042 4.37178 -0.271521)
(0.375731 4.37253 -0.270653)
(0.501062 4.37204 -0.390475)
(0.375162 4.49925 -0.381946)
(0.876912 4.22749 -0.409711)
(0.880645 4.11703 -0.277744)
(0.722731 4.33398 -0.434004)
(0.627218 4.37134 -0.271944)
(0.877394 4.36683 -0.275338)
(1.02885 4.31743 -0.445308)
(0.875332 4.49645 -0.401862)
(1.01534 4.11234 -0.153886)
(1.24694 4.37829 -0.370585)
(1.1369 4.35589 -0.281848)
(1.3889 4.36557 -0.260875)
(1.37245 4.50608 -0.345456)
(1.28964 4.08498 -0.163175)
(1.14137 4.23472 -0.153524)
(1.41314 4.23585 -0.141501)
(1.41588 4.11793 -0.00113538)
(1.27454 4.35867 -0.151025)
(1.4982 4.36372 -0.116414)
(1.39685 4.48454 -0.146327)
(1.40276 4.36523 -0.00926075)
(1.8845 4.39749 -0.217757)
(1.62479 4.48767 -0.117381)
(1.94438 4.3121 -0.188339)
(1.86382 4.48333 -0.148773)
(1.84881 4.35041 0.00595502)
(2.37743 4.12871 -0.27815)
(2.13174 4.38128 -0.284246)
(2.37079 4.37214 -0.278303)
(2.23359 4.10855 -0.156275)
(2.06546 4.19473 -0.184552)
(2.37304 4.24666 -0.170088)
(2.49947 4.12182 -0.165856)
(2.35821 4.10803 -0.017949)
(2.24704 4.37092 -0.172149)
(2.12189 4.49449 -0.171531)
(2.10828 4.35912 -0.0174471)
(2.55134 4.41868 -0.19349)
(2.38466 4.50269 -0.158159)
(2.37979 4.37635 -0.0233551)
(2.78815 4.12524 -0.162326)
(2.66758 4.28729 -0.177784)
(2.92047 4.13874 -0.0234617)
(2.61661 4.49425 -0.0969898)
(2.64121 4.3877 -0.0117717)
(-2.502 4.62872 -0.124898)
(-2.59651 4.62099 0.00784618)
(-2.1279 4.62408 -0.304156)
(-2.13196 4.87236 -0.293498)
(-2.25768 4.62713 -0.16339)
(-2.40793 4.74956 -0.155925)
(-2.1314 4.7496 -0.168579)
(-1.99821 4.61631 -0.162457)
(-2.12534 4.62123 -0.0230906)
(-2.30498 4.91549 -0.172985)
(-2.42131 4.91111 -0.0383984)
(-2.01227 4.87729 -0.163761)
(-2.14228 5.00558 -0.15882)
(-2.14036 4.8807 -0.0249775)
(-1.62453 4.75816 -0.356451)
(-1.63003 4.59826 -0.271678)
(-1.74918 4.87587 -0.377769)
(-1.88017 4.87511 -0.276073)
(-1.62769 4.87297 -0.267456)
(-1.5099 4.86755 -0.412555)
(-1.63242 4.995 -0.41452)
(-1.74555 4.61044 -0.135013)
(-1.87665 4.74327 -0.147412)
(-1.62667 4.74496 -0.133067)
(-1.50944 4.61479 -0.135453)
(-1.62555 4.62298 -0.00142729)
(-1.75335 4.87296 -0.141914)
(-1.88549 5.003 -0.151834)
(-1.88085 4.87433 -0.0175763)
(-1.1292 4.74742 -0.410306)
(-1.13239 4.61915 -0.280014)
(-1.25428 4.87359 -0.400526)
(-1.38229 4.87159 -0.2706)
(-1.12917 4.87361 -0.279934)
(-1.00689 4.87312 -0.414244)
(-1.12823 5.00097 -0.414115)
(-0.623045 4.74845 -0.392961)
(-0.624665 4.6233 -0.263291)
(-0.739186 4.87416 -0.406253)
(-0.874147 4.87284 -0.278349)
(-0.621493 4.87484 -0.269165)
(-0.49868 4.87509 -0.395582)
(-0.620884 5.00105 -0.38982)
(-0.124942 4.7499 -0.385411)
(-0.124743 4.62435 -0.256388)
(-0.249912 4.87503 -0.40299)
(-0.3745 4.87506 -0.272978)
(-0.124931 4.8751 -0.266866)
(2.09528e-09 4.87503 -0.386848)
(-0.124967 5.0002 -0.399214)
(0.374824 4.74987 -0.399536)
(0.374903 4.62438 -0.263295)
(0.249912 4.87503 -0.40299)
(0.124931 4.8751 -0.266866)
(0.3745 4.87506 -0.272977)
(0.49868 4.87509 -0.395581)
(0.374735 5.00018 -0.406228)
(0.872712 4.73922 -0.411929)
(0.875867 4.62017 -0.278584)
(0.739186 4.87416 -0.406253)
(0.621493 4.87484 -0.269164)
(0.874147 4.87284 -0.27835)
(1.00689 4.87312 -0.414244)
(0.873731 5.00219 -0.404714)
(1.41092 4.74791 -0.409186)
(1.38325 4.61918 -0.262733)
(1.25428 4.87359 -0.400526)
(1.12917 4.8736 -0.279934)
(1.38229 4.87159 -0.2706)
(1.5099 4.86755 -0.412555)
(1.37899 4.99843 -0.394534)
(1.50944 4.61479 -0.135453)
(1.86177 4.76322 -0.348216)
(1.8733 4.58775 -0.287121)
(1.74918 4.87587 -0.377769)
(1.62769 4.87297 -0.267456)
(1.88017 4.87511 -0.276073)
(1.86218 4.99956 -0.370582)
(1.74554 4.61044 -0.135011)
(1.62667 4.74496 -0.133067)
(1.87665 4.74327 -0.147409)
(1.99821 4.61631 -0.162455)
(1.86684 4.61315 -0.00497596)
(1.75335 4.87296 -0.141913)
(2.01227 4.87729 -0.163758)
(1.8855 5.003 -0.151832)
(1.88084 4.87433 -0.0175671)
(2.37126 4.62689 -0.22264)
(2.13196 4.87236 -0.293498)
(2.25768 4.62713 -0.16339)
(2.1314 4.7496 -0.168578)
(2.40793 4.74956 -0.155925)
(2.502 4.62872 -0.124898)
(2.39574 4.63484 -0.0154391)
(2.30498 4.91549 -0.172985)
(2.14228 5.00558 -0.15882)
(2.14036 4.8807 -0.0249739)
(2.42131 4.91111 -0.0383984)
(-2.14145 5.13105 -0.248779)
(-2.25543 5.13282 -0.128719)
(-2.17592 5.26017 -0.132253)
(-2.02493 5.13566 -0.157941)
(-2.1582 5.14872 -0.0154089)
(-2.03252 5.40754 -0.132202)
(-2.12626 5.37722 -0.00475466)
(-1.63884 5.26021 -0.429222)
(-1.63263 5.12664 -0.280228)
(-1.75515 5.38398 -0.357446)
(-1.88663 5.38411 -0.293504)
(-1.63451 5.38847 -0.286548)
(-1.50714 5.38338 -0.41801)
(-1.75999 5.13077 -0.150989)
(-1.89642 5.26454 -0.157147)
(-1.63208 5.13031 -0.0123035)
(-1.7679 5.39502 -0.156206)
(-1.88205 5.52436 -0.13949)
(-1.90042 5.40076 -0.0140667)
(-1.63558 5.52281 -0.146613)
(-1.63579 5.39483 -0.0128573)
(-1.12639 5.25628 -0.404439)
(-1.12708 5.12896 -0.277756)
(-1.25699 5.42984 -0.428558)
(-1.37826 5.39295 -0.27306)
(-1.12839 5.38965 -0.27485)
(-1.00102 5.38332 -0.397643)
(-1.13019 5.49942 -0.408236)
(-1.37751 5.52163 -0.139301)
(-1.12711 5.51938 -0.134865)
(-0.624748 5.25156 -0.392571)
(-0.623658 5.12655 -0.266263)
(-0.751264 5.3806 -0.401298)
(-0.877279 5.38621 -0.271756)
(-0.626254 5.382 -0.271323)
(-0.500015 5.37842 -0.400419)
(-0.626403 5.50906 -0.395262)
(-0.879849 5.51736 -0.133572)
(-0.124783 5.25222 -0.391249)
(-0.124872 5.12638 -0.269661)
(-0.248455 5.37954 -0.397166)
(-0.374654 5.3809 -0.273501)
(-0.124083 5.3836 -0.2679)
(-1.18108e-09 5.38236 -0.383258)
(-0.118295 5.55416 -0.427368)
(0.374793 5.2513 -0.404979)
(0.374681 5.12611 -0.273967)
(0.248455 5.37954 -0.397165)
(0.124083 5.3836 -0.2679)
(0.374654 5.3809 -0.2735)
(0.500015 5.37842 -0.400419)
(0.373677 5.50885 -0.401544)
(0.875268 5.25402 -0.404452)
(0.874922 5.12852 -0.274889)
(0.751264 5.3806 -0.401298)
(0.626254 5.382 -0.271323)
(0.877279 5.38621 -0.271756)
(1.00102 5.38332 -0.397643)
(0.879584 5.54683 -0.41648)
(0.879849 5.51736 -0.133572)
(1.37713 5.25841 -0.394332)
(1.37856 5.12845 -0.270729)
(1.25699 5.42984 -0.428558)
(1.12839 5.38965 -0.27485)
(1.37826 5.39295 -0.27306)
(1.50714 5.38338 -0.41801)
(1.37161 5.49194 -0.381787)
(1.12711 5.51938 -0.134865)
(1.37751 5.52163 -0.139301)
(1.87251 5.25227 -0.364027)
(1.88658 5.12976 -0.285055)
(1.75515 5.38398 -0.357446)
(1.63451 5.38847 -0.286548)
(1.88663 5.38411 -0.293504)
(1.75999 5.13077 -0.150986)
(1.89642 5.26453 -0.157146)
(2.02493 5.13566 -0.157941)
(1.89163 5.13548 -0.0167129)
(1.7679 5.39502 -0.156205)
(1.63558 5.52281 -0.146613)
(1.63579 5.39483 -0.0128562)
(2.03252 5.40754 -0.132202)
(1.88205 5.52436 -0.13949)
(1.90041 5.40075 -0.0140658)
(2.25543 5.13282 -0.128719)
(2.17592 5.26017 -0.132253)
(2.12626 5.37722 -0.00475466)
(-1.74886 5.62802 -0.136978)
(-1.5002 5.66333 -0.155801)
(-1.66162 5.68693 -0.0312002)
(-1.12868 5.65315 -0.247313)
(-1.25639 5.67549 -0.175738)
(-1.1198 5.70107 -0.11456)
(-1.00176 5.63488 -0.130146)
(-1.12534 5.63306 0.000819498)
(-0.629523 5.64779 -0.270432)
(-0.762025 5.64635 -0.130029)
(-0.876275 5.74751 -0.121371)
(-0.635368 5.78117 -0.127999)
(-0.637707 5.64983 0.00960324)
(-0.539905 5.92827 -0.121112)
(-0.634688 5.8629 -0.00315218)
(-0.126478 5.74368 -0.341877)
(-0.122362 5.63311 -0.273694)
(-0.369287 5.89901 -0.275096)
(-0.122013 5.87224 -0.278457)
(-0.38296 5.76873 -0.140939)
(-0.121322 5.76095 -0.147214)
(-0.250903 5.89098 -0.150947)
(-0.379955 6.03659 -0.165852)
(-0.398786 5.89222 -0.00723865)
(-2.90664e-07 5.88403 -0.145641)
(-0.107776 6.04517 -0.201891)
(-0.123778 5.88725 -0.0255305)
(0.370877 5.74134 -0.383974)
(0.375679 5.64347 -0.274336)
(0.122013 5.87224 -0.278457)
(0.369287 5.89901 -0.275096)
(0.121322 5.76095 -0.147214)
(0.38296 5.76873 -0.140939)
(0.250903 5.89098 -0.150947)
(0.107776 6.04517 -0.201891)
(0.123775 5.88725 -0.0255304)
(0.539905 5.92827 -0.121112)
(0.379955 6.03659 -0.165852)
(0.398785 5.89222 -0.00723863)
(0.919044 5.67853 -0.297409)
(0.762025 5.64635 -0.130029)
(0.635368 5.78117 -0.127999)
(0.876275 5.74751 -0.121371)
(1.00176 5.63488 -0.130146)
(0.878944 5.64247 0.00281184)
(0.634688 5.8629 -0.00315218)
(1.37128 5.62841 -0.244022)
(1.25639 5.67549 -0.175738)
(1.1198 5.70107 -0.11456)
(1.5002 5.66333 -0.155801)
(1.37518 5.63481 -0.0037925)
(1.74886 5.62802 -0.136978)
(1.88974 5.61102 0.00107501)
(-0.246517 6.13282 -0.159886)
(-0.119263 6.2576 -0.132858)
(8.5452e-21 6.13508 -0.13401)
(-0.121873 6.1353 -0.0317968)
(-0.242114 6.37633 -0.116187)
(-0.409208 6.37951 -0.0398368)
(-0.00220243 6.37409 -0.0955495)
(-0.123554 6.49993 -0.108999)
(-0.12661 6.37656 -0.00882765)
(0.246517 6.13282 -0.159886)
(0.119263 6.2576 -0.132858)
(0.434919 6.16478 -0.0363016)
(0.242114 6.37633 -0.116187)
(0.123554 6.49993 -0.108999)
(0.126439 6.37656 -0.00881997)
(0.409208 6.37951 -0.0398368)
(-0.239135 6.62199 -0.120524)
(-0.124858 6.74046 -0.144106)
(0 6.62285 -0.115191)
(-0.126636 6.62268 -0.0130464)
(-0.250769 6.86812 -0.174451)
(-0.381296 6.99859 -0.1503)
(-0.423618 6.83628 -0.0518709)
(-0.000818096 6.83748 -0.180798)
(-0.131731 6.98673 -0.153519)
(-0.129364 6.86585 -0.0266795)
(0.239135 6.62199 -0.120524)
(0.124858 6.74046 -0.144106)
(0.405532 6.62269 -0.0291505)
(0.250769 6.86812 -0.174451)
(0.131881 6.98673 -0.153519)
(0.12936 6.86585 -0.0266794)
(0.381296 6.99859 -0.1503)
(0.423618 6.83628 -0.0518709)
(-0.529108 7.37543 -0.12844)
(-0.605523 7.37677 -0.000590737)
(-0.123849 7.25537 -0.368018)
(-0.126594 7.08732 -0.302098)
(-0.242409 7.37817 -0.36014)
(-0.397073 7.37769 -0.277984)
(-0.129932 7.37071 -0.274858)
(0.000752424 7.37435 -0.386768)
(-0.127883 7.50002 -0.386437)
(-0.268179 7.11293 -0.151894)
(-0.43226 7.20559 -0.183393)
(-0.133306 7.23977 -0.150887)
(0.000872195 7.10968 -0.155682)
(-0.13312 7.11415 -0.0245007)
(-0.264358 7.3691 -0.14623)
(-0.392261 7.49805 -0.141984)
(-0.401628 7.36743 -0.0197643)
(0.242409 7.37817 -0.36014)
(0.130075 7.37071 -0.274858)
(0.397073 7.37769 -0.277984)
(0.268226 7.11293 -0.151894)
(0.133496 7.23977 -0.150887)
(0.43226 7.20559 -0.183393)
(0.396512 7.11688 -0.0170249)
(0.264419 7.3691 -0.14623)
(0.529108 7.37543 -0.12844)
(0.392272 7.49805 -0.141984)
(0.401641 7.36743 -0.0197642)
(0.605523 7.37677 -0.000590737)
(-0.530712 7.62489 -0.150715)
(-0.626589 7.62677 -0.00324493)
(-0.527936 7.87065 -0.126733)
(-0.599067 7.87667 -5.78681e-06)
(-0.123656 7.74871 -0.369695)
(-0.12915 7.62633 -0.275554)
(-0.366053 7.87237 -0.27176)
(-0.162185 7.92145 -0.313606)
(0.00108563 7.8648 -0.353915)
(-0.260313 7.62677 -0.143743)
(-0.391168 7.75312 -0.141908)
(-0.129511 7.7569 -0.14713)
(-0.259255 7.88707 -0.149948)
(-0.416867 8.04062 -0.164617)
(-0.398691 7.88614 -0.0162468)
(0.000748507 7.88804 -0.150349)
(-0.128608 8.01775 -0.151286)
(-0.130613 7.88866 -0.0219233)
(0.406945 7.62577 -0.286313)
(0.162185 7.92145 -0.313606)
(0.366053 7.87237 -0.27176)
(0.260405 7.62677 -0.143743)
(0.12983 7.7569 -0.14713)
(0.391185 7.75312 -0.141908)
(0.530712 7.62489 -0.150715)
(0.392483 7.62603 -0.0136498)
(0.259349 7.88706 -0.149947)
(0.129178 8.01775 -0.151286)
(0.130976 7.88866 -0.0219234)
(0.527936 7.87065 -0.126733)
(0.416867 8.04062 -0.164617)
(0.398711 7.88614 -0.0162467)
(0.599067 7.87667 -5.78681e-06)
(-0.249462 8.15292 -0.153857)
(0.00415156 8.17264 -0.176453)
(-0.130141 8.15795 -0.0246114)
(0.249462 8.15292 -0.153857)
(0.415109 8.16989 -0.0532556)
(-2.25127 -8.13232 0.124429)
(-2.37388 -8.12924 0.250527)
(-2.13409 -8.08371 0.247066)
(-2.11996 -8.02015 0.125495)
(-2.2583 -8.09878 0.374159)
(-2.37905 -8.00932 0.375191)
(-2.37484 -8.11154 0.499997)
(-2.07846 -8.04488 0.381133)
(2.25127 -8.13232 0.124429)
(2.13409 -8.08371 0.247066)
(2.37388 -8.12924 0.250527)
(2.38909 -8.02579 0.123138)
(2.2583 -8.09878 0.374159)
(2.07846 -8.04488 0.381133)
(2.37905 -8.00932 0.375191)
(2.37484 -8.11154 0.499997)
(-2.60506 -7.88562 0.250539)
(-2.55789 -7.63462 0.131949)
(-2.51847 -7.87089 0.375231)
(-2.62185 -7.88724 0.5001)
(-2.51727 -7.61929 0.373036)
(-2.12616 -7.75233 0.124049)
(-2.12069 -7.88836 0.252141)
(-2.27146 -7.62394 0.126055)
(-2.41449 -7.62119 0.252832)
(-2.12611 -7.62136 0.253308)
(-1.99415 -7.62244 0.123703)
(-2.11735 -7.49528 0.125048)
(-2.25176 -7.87953 0.376769)
(-2.39797 -7.73723 0.377321)
(-2.12379 -7.74944 0.378608)
(-2.00012 -7.88026 0.37556)
(-2.11803 -7.88423 0.501876)
(-2.26557 -7.61591 0.383049)
(-2.43816 -7.45301 0.424028)
(-2.39291 -7.614 0.504885)
(-1.9952 -7.62137 0.377658)
(-2.12131 -7.48416 0.389668)
(-2.12432 -7.60617 0.515183)
(-1.89487 -7.62567 0.250123)
(-1.88938 -7.74886 0.374952)
(-1.90077 -7.51029 0.370187)
(-1.89372 -7.62896 0.498384)
(1.91263 -7.74887 0.125685)
(1.9165 -7.86348 0.249797)
(1.89487 -7.62567 0.250123)
(1.99415 -7.62244 0.123703)
(1.90781 -7.50252 0.132863)
(1.88938 -7.74886 0.374952)
(2.00012 -7.88026 0.37556)
(1.89552 -7.86224 0.500005)
(1.9952 -7.62137 0.377658)
(1.90077 -7.51029 0.370187)
(1.89372 -7.62896 0.498384)
(2.40834 -7.74572 0.124556)
(2.3908 -7.87908 0.250363)
(2.27146 -7.62394 0.126055)
(2.12611 -7.62136 0.253308)
(2.41449 -7.62119 0.252832)
(2.55789 -7.63462 0.131949)
(2.42665 -7.49418 0.139961)
(2.25176 -7.87953 0.376769)
(2.12379 -7.74944 0.378608)
(2.39797 -7.73723 0.377321)
(2.51847 -7.87089 0.375231)
(2.38711 -7.87147 0.502267)
(2.26557 -7.61591 0.383049)
(2.12131 -7.48416 0.389668)
(2.12432 -7.60617 0.515183)
(2.51727 -7.61929 0.373036)
(2.43816 -7.45301 0.424028)
(2.39291 -7.614 0.504885)
(-2.48845 -7.13051 0.113765)
(-2.09146 -7.24195 0.129529)
(-2.1046 -7.36288 0.263439)
(-2.25265 -7.12186 0.135505)
(-2.40765 -7.12267 0.28252)
(-2.10646 -7.12137 0.272789)
(-1.93248 -7.11406 0.125788)
(-2.1016 -6.99949 0.131851)
(-2.2587 -7.36092 0.399924)
(-2.37328 -7.24656 0.376832)
(-2.11647 -7.19687 0.433927)
(-1.95215 -7.34589 0.38023)
(-2.12771 -7.32712 0.538994)
(-2.2412 -7.11927 0.403791)
(-2.03085 -7.1234 0.350561)
(-2.13664 -6.9993 0.379131)
(1.91961 -7.38527 0.246845)
(1.93248 -7.11406 0.125788)
(1.95215 -7.34589 0.38023)
(2.03085 -7.1234 0.350561)
(2.40723 -7.246 0.13338)
(2.39997 -7.3706 0.260973)
(2.25265 -7.12186 0.135505)
(2.10647 -7.12137 0.272789)
(2.40765 -7.12267 0.28252)
(2.48845 -7.13051 0.113765)
(2.43128 -6.96217 0.170515)
(2.2587 -7.36092 0.399924)
(2.11647 -7.19687 0.433927)
(2.37328 -7.24656 0.376832)
(2.34824 -7.38173 0.493374)
(2.2412 -7.11927 0.403791)
(2.13664 -6.9993 0.379131)
(-2.11056 -6.7528 0.139567)
(-2.11671 -6.87519 0.259741)
(-2.27134 -6.6235 0.147714)
(-2.12768 -6.62462 0.270694)
(-1.97175 -6.62673 0.133619)
(-2.12306 -6.50092 0.139848)
(-2.23651 -6.87906 0.352343)
(-2.13355 -6.75143 0.352833)
(-2.12496 -6.50007 0.354809)
(1.90237 -6.75179 0.12058)
(1.97176 -6.62673 0.133622)
(1.84275 -6.50205 0.11199)
(2.41141 -6.75102 0.164314)
(2.38054 -6.87675 0.245231)
(2.27134 -6.6235 0.147712)
(2.12768 -6.62462 0.270689)
(2.41578 -6.50581 0.123079)
(2.23651 -6.87906 0.352343)
(2.13355 -6.75143 0.352833)
(2.12496 -6.50007 0.354809)
(-2.13506 -6.25182 0.144413)
(-2.12731 -6.3757 0.272905)
(-2.29136 -6.12465 0.147941)
(-2.13221 -6.12589 0.277998)
(-1.97991 -6.13054 0.14428)
(-2.14292 -6.00101 0.144825)
(-2.11623 -6.24816 0.364989)
(-2.01357 -6.12098 0.35935)
(-2.11253 -5.99996 0.383943)
(-1.76657 -6.12972 0.12355)
(-1.84726 -6.12636 0.247693)
(1.82389 -6.25391 0.177952)
(1.76711 -6.12952 0.123427)
(1.84794 -6.12611 0.247364)
(1.97996 -6.1305 0.143589)
(1.84756 -6.00416 0.136891)
(2.01331 -6.12099 0.355641)
(2.40474 -6.24794 0.13374)
(2.28891 -6.12467 0.146134)
(2.13097 -6.12603 0.277052)
(2.39729 -5.99951 0.135325)
(2.11641 -6.24832 0.360889)
(2.1126 -5.99996 0.382767)
(-2.1351 -5.8753 0.283801)
(-2.29386 -5.62684 0.147621)
(-2.13812 -5.62664 0.296809)
(-2.00262 -5.6281 0.153122)
(-2.11099 -5.74999 0.403064)
(-2.00863 -5.87337 0.38389)
(-2.00072 -5.62472 0.417244)
(-2.12527 -5.50856 0.427557)
(-1.69108 -5.66361 0.173788)
(-1.86573 -5.62876 0.278797)
(-1.60794 -5.49525 0.115643)
(-1.87974 -5.75369 0.352532)
(-1.88436 -5.50018 0.401238)
(1.85421 -5.75496 0.147887)
(1.83472 -5.8822 0.29276)
(1.69108 -5.66361 0.173788)
(1.86573 -5.62876 0.278796)
(2.00262 -5.6281 0.153131)
(1.86559 -5.50477 0.145807)
(1.87974 -5.75369 0.352532)
(2.00861 -5.87338 0.383477)
(2.00072 -5.62472 0.417244)
(1.88436 -5.50018 0.401238)
(2.39624 -5.75173 0.134662)
(2.29383 -5.62685 0.14761)
(2.13811 -5.62665 0.296788)
(2.4028 -5.50116 0.140488)
(2.11099 -5.74999 0.403064)
(2.12527 -5.50856 0.427557)
(-2.14644 -5.37745 0.293397)
(-2.29767 -5.12427 0.134049)
(-2.14851 -5.12491 0.274575)
(-2.15955 -5.24918 0.417643)
(-1.99023 -5.39893 0.447138)
(-2.00104 -5.12715 0.400051)
(-2.15913 -5.00024 0.410967)
(-1.57242 -5.29181 0.175428)
(-1.65252 -5.37482 0.245034)
(-1.73478 -5.13097 0.140726)
(-1.86304 -5.13031 0.279074)
(-1.59281 -5.12691 0.276884)
(-1.46844 -5.13104 0.125509)
(-1.60428 -5.0075 0.140612)
(-1.75376 -5.37833 0.355059)
(-1.82561 -5.25513 0.428667)
(-1.74706 -5.13033 0.411025)
(-1.86649 -5.00201 0.407614)
(-1.87639 -5.12989 0.482887)
(-1.62287 -5.00407 0.357522)
(1.46844 -5.13104 0.125509)
(1.4094 -4.99447 0.116084)
(1.86227 -5.38295 0.280139)
(1.73478 -5.13099 0.140725)
(1.59281 -5.12691 0.276884)
(1.86304 -5.13031 0.279074)
(1.75376 -5.37833 0.355059)
(1.82561 -5.25513 0.428667)
(1.99023 -5.39893 0.447138)
(1.74706 -5.13033 0.411025)
(1.62287 -5.00407 0.357522)
(2.00104 -5.12715 0.400051)
(1.86649 -5.00201 0.407614)
(1.87639 -5.12989 0.482887)
(2.41792 -5.24999 0.110361)
(2.29767 -5.12427 0.13405)
(2.14851 -5.12491 0.274576)
(2.39998 -4.99991 0.111213)
(2.15955 -5.24918 0.417643)
(2.15913 -5.00024 0.410967)
(-2.14674 -4.74747 0.133139)
(-2.14059 -4.87481 0.265295)
(-2.31724 -4.58265 0.173133)
(-2.14064 -4.62115 0.259085)
(-2.0182 -4.62088 0.134246)
(-2.14789 -4.49446 0.136126)
(-2.14843 -4.74987 0.398854)
(-2.00344 -4.87555 0.397885)
(-2.00237 -4.62526 0.395736)
(-2.13745 -4.50355 0.385469)
(-1.60893 -4.88125 0.269871)
(-1.87535 -4.6272 0.277438)
(-1.60469 -4.63551 0.276449)
(-1.46888 -4.63462 0.137911)
(-1.70287 -4.91623 0.439254)
(-1.87362 -4.75137 0.412967)
(-1.57948 -4.7521 0.417353)
(-1.74283 -4.63108 0.411499)
(-1.88012 -4.50288 0.406945)
(-1.87515 -4.62741 0.543522)
(-1.49649 -4.63499 0.412087)
(-1.60974 -4.51213 0.404869)
(-1.62403 -4.63141 0.490148)
(-1.35507 -4.6229 0.241893)
(-1.39569 -4.50431 0.370559)
(1.34094 -4.75158 0.124908)
(1.35507 -4.6229 0.241893)
(1.46892 -4.63486 0.137893)
(1.30593 -4.5362 0.162283)
(1.49649 -4.63499 0.412087)
(1.39569 -4.50431 0.370559)
(1.87028 -4.87816 0.27774)
(1.60469 -4.63556 0.276444)
(1.87535 -4.62722 0.277437)
(2.01821 -4.62089 0.134246)
(1.70287 -4.91623 0.439254)
(1.57948 -4.7521 0.417353)
(1.87362 -4.75137 0.412966)
(2.00344 -4.87555 0.397885)
(1.87877 -4.8724 0.520525)
(1.74283 -4.63109 0.411498)
(1.60973 -4.51214 0.404863)
(1.62403 -4.63141 0.490148)
(2.00237 -4.62526 0.395736)
(1.88013 -4.50288 0.406944)
(1.87515 -4.62741 0.543522)
(2.36498 -4.75411 0.110244)
(2.31724 -4.58265 0.173133)
(2.14064 -4.62115 0.259085)
(2.14843 -4.74987 0.398854)
(2.13745 -4.50355 0.385469)
(-2.14776 -4.24246 0.129856)
(-2.17819 -4.33599 0.301809)
(-2.15796 -4.12323 0.242922)
(-2.02471 -4.11266 0.127761)
(-2.13207 -3.99658 0.124726)
(-2.11232 -4.24444 0.379081)
(-2.01238 -4.37399 0.395848)
(-2.05601 -4.11565 0.43063)
(-1.61232 -4.38353 0.271269)
(-1.89658 -4.12143 0.264589)
(-1.48067 -4.13253 0.125438)
(-1.75261 -4.38084 0.403207)
(-1.90044 -4.25046 0.402822)
(-1.61804 -4.25871 0.401423)
(-1.4821 -4.38579 0.394975)
(-1.58679 -4.41582 0.559463)
(-1.76047 -4.12923 0.400065)
(-1.89954 -3.99782 0.39441)
(-1.89054 -4.12685 0.523017)
(-1.48343 -4.13646 0.392723)
(-1.6169 -4.14023 0.537035)
(-1.20625 -4.16785 0.127444)
(-1.35587 -4.13593 0.254458)
(-1.13762 -3.98505 0.129429)
(-1.33194 -4.29095 0.416119)
(-1.21547 -4.12913 0.376717)
(-1.34742 -4.01326 0.383941)
(-1.33836 -4.16055 0.532022)
(-1.15568 -3.99149 0.370321)
(1.35214 -4.25498 0.126616)
(1.313 -4.41679 0.292629)
(1.20625 -4.16785 0.127444)
(1.35587 -4.13593 0.254415)
(1.48067 -4.13253 0.125358)
(1.35228 -4.00786 0.122496)
(1.33194 -4.29095 0.416119)
(1.4821 -4.3858 0.394998)
(1.21547 -4.12913 0.376717)
(1.15568 -3.99149 0.370321)
(1.48368 -4.13654 0.393267)
(1.34742 -4.01326 0.383947)
(1.33836 -4.16055 0.532022)
(1.88803 -4.37532 0.272253)
(1.89658 -4.12143 0.264589)
(2.02472 -4.11266 0.127761)
(1.89878 -3.99323 0.124545)
(1.75263 -4.38083 0.403196)
(1.61737 -4.25893 0.401136)
(1.90047 -4.25045 0.402817)
(2.01238 -4.37399 0.395848)
(1.93041 -4.37968 0.553861)
(1.76044 -4.12923 0.400034)
(1.61685 -4.14023 0.537007)
(2.05601 -4.11565 0.43063)
(1.89954 -3.99782 0.394408)
(1.89053 -4.12685 0.523016)
(2.15796 -4.12323 0.242922)
(2.11232 -4.24444 0.379081)
(-2.08866 -3.88401 0.241004)
(-2.0193 -3.62171 0.126227)
(-2.03926 -3.86907 0.381602)
(-2.00564 -3.62481 0.36198)
(-1.77539 -3.62138 0.11763)
(-1.90562 -3.6231 0.250668)
(-1.77439 -3.87373 0.38985)
(-1.90869 -3.74855 0.381295)
(-1.62937 -3.88314 0.526604)
(-1.77933 -3.62431 0.38194)
(-1.90359 -3.49845 0.380079)
(-1.94231 -3.62569 0.539862)
(-1.63809 -3.62792 0.515568)
(-1.06786 -3.76151 0.125626)
(-1.09047 -3.87823 0.249011)
(-1.22212 -3.6305 0.113249)
(-1.10324 -3.6303 0.250431)
(-1.03352 -3.61676 0.132878)
(-1.10034 -3.502 0.11643)
(-1.2156 -3.88425 0.381306)
(-1.07695 -3.75763 0.381152)
(-1.14646 -3.8732 0.494356)
(-1.22284 -3.63086 0.387999)
(-1.35329 -3.63122 0.517022)
(-1.0585 -3.54075 0.419939)
(-1.10087 -3.62681 0.498413)
(1.03352 -3.61676 0.132878)
(1.22212 -3.6305 0.113252)
(1.10324 -3.6303 0.250431)
(1.2156 -3.88425 0.381307)
(1.07695 -3.75763 0.381152)
(1.35301 -3.88811 0.51985)
(1.22284 -3.63086 0.388)
(1.0585 -3.54075 0.419939)
(1.10087 -3.62681 0.498413)
(1.35329 -3.63122 0.517023)
(1.90307 -3.74371 0.119901)
(1.90764 -3.86866 0.260403)
(1.77539 -3.62138 0.11763)
(1.90562 -3.6231 0.250668)
(2.0193 -3.62171 0.126227)
(1.90133 -3.49756 0.118587)
(1.77439 -3.87373 0.389848)
(1.90869 -3.74855 0.381295)
(2.03926 -3.86907 0.381602)
(1.93865 -3.83764 0.551661)
(1.77933 -3.62431 0.38194)
(1.63809 -3.62792 0.515568)
(2.00564 -3.62481 0.36198)
(1.90359 -3.49845 0.380079)
(1.94231 -3.62569 0.539862)
(-1.94593 -3.13698 0.140263)
(-1.98834 -3.37535 0.362228)
(-1.95633 -3.13052 0.370676)
(-1.77706 -3.12188 0.11547)
(-1.89067 -3.12349 0.249207)
(-1.76974 -3.37417 0.381249)
(-1.88989 -3.24955 0.380656)
(-1.63457 -3.37568 0.511333)
(-1.77378 -3.12421 0.380657)
(-1.94036 -3.02608 0.420512)
(-1.92102 -3.12175 0.510477)
(-1.63726 -3.12534 0.509114)
(-1.08933 -3.25379 0.114613)
(-1.10113 -3.37718 0.249009)
(-1.22447 -3.13067 0.110322)
(-1.09669 -3.13148 0.248893)
(-0.946622 -3.13859 0.115344)
(-1.09211 -3.0092 0.112695)
(-1.22598 -3.38021 0.381524)
(-1.09987 -3.25371 0.377984)
(-1.00951 -3.36971 0.368924)
(-1.07548 -3.41339 0.541713)
(-1.22671 -3.13098 0.379086)
(-1.3639 -3.12949 0.512586)
(-0.959913 -3.13439 0.379728)
(-1.0988 -3.00674 0.378016)
(-1.09183 -3.13255 0.508858)
(-0.923967 -2.98817 0.369443)
(0.946622 -3.13859 0.115344)
(0.903666 -2.99184 0.128964)
(1.00951 -3.36971 0.368924)
(0.959913 -3.13439 0.379728)
(0.923967 -2.98817 0.369443)
(1.22447 -3.13066 0.11034)
(1.0967 -3.13146 0.248919)
(1.22598 -3.38021 0.381532)
(1.09987 -3.2537 0.377998)
(1.36012 -3.37964 0.514402)
(1.22672 -3.13091 0.379183)
(1.09884 -3.00661 0.378221)
(1.09185 -3.13248 0.508947)
(1.36391 -3.12938 0.512698)
(1.89162 -3.24794 0.119067)
(1.89025 -3.37415 0.249787)
(1.77706 -3.12188 0.115471)
(1.89067 -3.12349 0.249207)
(1.94593 -3.13698 0.140263)
(1.92622 -2.98703 0.109836)
(1.76974 -3.37417 0.38125)
(1.88989 -3.24955 0.380656)
(1.98834 -3.37535 0.362228)
(1.92115 -3.37501 0.547556)
(1.77378 -3.12421 0.380658)
(1.63726 -3.12532 0.509128)
(1.95633 -3.13052 0.370676)
(1.94036 -3.02608 0.420512)
(1.92102 -3.12175 0.510477)
(-1.94863 -2.87106 0.37797)
(-1.95694 -2.62452 0.376628)
(-1.7791 -2.62588 0.117861)
(-1.93727 -2.65696 0.210834)
(-1.77392 -2.87593 0.37818)
(-1.88193 -2.75047 0.374753)
(-1.76252 -2.62555 0.376282)
(-1.86904 -2.50032 0.375972)
(-1.87864 -2.62534 0.509041)
(-1.10362 -2.87973 0.246334)
(-0.971493 -2.63102 0.122142)
(-1.23206 -2.87984 0.377869)
(-1.10583 -2.7539 0.377613)
(-0.983901 -2.87822 0.376196)
(-1.10277 -2.88115 0.508477)
(-0.977568 -2.63054 0.379492)
(-1.10419 -2.62915 0.508287)
(-0.828059 -2.652 0.249715)
(-0.866137 -2.7516 0.374951)
(-0.815331 -2.53708 0.407833)
(-0.851174 -2.62769 0.501817)
(0.841927 -2.75627 0.125705)
(0.882525 -2.87339 0.250422)
(0.828059 -2.652 0.249715)
(0.971496 -2.63101 0.122154)
(0.857527 -2.50364 0.124334)
(0.866137 -2.7516 0.374951)
(0.984041 -2.87808 0.376719)
(0.905604 -2.86447 0.489456)
(0.97759 -2.63052 0.379574)
(0.815331 -2.53708 0.407833)
(0.851174 -2.62769 0.501817)
(1.23217 -2.87965 0.378312)
(1.10593 -2.75378 0.377974)
(1.10426 -2.62907 0.508575)
(1.92117 -2.75265 0.114031)
(1.94086 -2.87049 0.213947)
(1.7791 -2.62588 0.11786)
(1.93727 -2.65696 0.210834)
(1.92694 -2.49877 0.0988404)
(1.77392 -2.87593 0.378182)
(1.88193 -2.75047 0.374753)
(1.94863 -2.87106 0.37797)
(1.94178 -2.90705 0.541287)
(1.76252 -2.62555 0.376283)
(1.95694 -2.62452 0.376628)
(1.86904 -2.50032 0.375972)
(1.87864 -2.62534 0.509042)
(-1.95923 -2.3746 0.375615)
(-1.96171 -2.12492 0.376384)
(-1.7771 -2.12535 0.103095)
(-1.87546 -2.12504 0.238889)
(-1.75284 -2.37557 0.375297)
(-1.86546 -2.25022 0.373625)
(-1.75025 -2.12535 0.372129)
(-1.86591 -2.00005 0.372735)
(-1.86938 -2.12547 0.501965)
(-0.701759 -2.13299 0.124593)
(-0.834495 -2.12872 0.249773)
(-0.766068 -2.36896 0.369063)
(-0.849197 -2.25213 0.377128)
(-0.717756 -2.1321 0.375477)
(-0.845754 -2.0054 0.379673)
(-0.850938 -2.12986 0.506317)
(0.843917 -2.25154 0.12244)
(0.858007 -2.3769 0.25049)
(0.701759 -2.13299 0.124593)
(0.834494 -2.12872 0.249773)
(0.835654 -2.00762 0.121113)
(0.766068 -2.36896 0.369063)
(0.849196 -2.25213 0.377128)
(0.814496 -2.41014 0.539381)
(0.717756 -2.1321 0.375477)
(0.845754 -2.0054 0.379673)
(0.850938 -2.12986 0.506317)
(1.93149 -2.2501 0.0674028)
(1.87487 -2.37518 0.241063)
(1.7771 -2.12535 0.103089)
(1.87546 -2.12504 0.238888)
(1.92739 -1.99988 0.0712284)
(1.75284 -2.37557 0.375295)
(1.86546 -2.25022 0.373624)
(1.95923 -2.3746 0.375615)
(1.87654 -2.37601 0.509544)
(1.75025 -2.12535 0.372128)
(1.96171 -2.12492 0.376384)
(1.86591 -2.00005 0.372735)
(1.86938 -2.12547 0.501965)
(-1.96285 -1.87523 0.376589)
(-1.96487 -1.62559 0.382835)
(-1.78494 -1.62379 0.119464)
(-1.93707 -1.61923 0.214876)
(-1.75376 -1.87487 0.372168)
(-1.87792 -1.74946 0.373196)
(-1.76408 -1.62443 0.373112)
(-1.88132 -1.49957 0.372981)
(-1.87675 -1.62498 0.501577)
(-0.607186 -1.75461 0.125812)
(-0.639918 -1.86282 0.250068)
(-0.728969 -1.6353 0.121941)
(-0.583544 -1.65257 0.24851)
(-0.614405 -1.50602 0.12162)
(-0.732529 -1.8786 0.378849)
(-0.856606 -1.75406 0.378494)
(-0.624205 -1.75008 0.374049)
(-0.676184 -1.86124 0.486629)
(-0.729227 -1.63094 0.378296)
(-0.853935 -1.631 0.508746)
(-0.56446 -1.53735 0.407158)
(-0.605991 -1.63577 0.501743)
(0.85346 -1.75458 0.120442)
(0.849305 -1.8798 0.249814)
(0.728969 -1.6353 0.121941)
(0.583544 -1.65257 0.24851)
(0.732529 -1.8786 0.378849)
(0.624205 -1.75008 0.374049)
(0.856607 -1.75406 0.378493)
(0.854431 -1.87971 0.508101)
(0.729227 -1.63094 0.378296)
(0.56446 -1.53735 0.407158)
(0.605991 -1.63577 0.501743)
(0.853936 -1.631 0.508746)
(1.92334 -1.74211 0.111721)
(1.88157 -1.87456 0.241058)
(1.78494 -1.62379 0.119464)
(1.93707 -1.61923 0.214876)
(1.91119 -1.49975 0.115224)
(1.75376 -1.87487 0.372168)
(1.87792 -1.74946 0.373196)
(1.96285 -1.87523 0.376589)
(1.87056 -1.87525 0.501158)
(1.76408 -1.62443 0.373111)
(1.96487 -1.62559 0.382835)
(1.88132 -1.49957 0.37298)
(1.87675 -1.62498 0.501577)
(-1.9576 -1.37563 0.385692)
(-1.94764 -1.13252 0.387623)
(-1.77574 -1.12427 0.121521)
(-1.92365 -1.12703 0.243615)
(-1.7644 -1.37442 0.37315)
(-1.88291 -1.24935 0.372033)
(-1.77621 -1.12384 0.371358)
(-1.93629 -0.997733 0.344738)
(-1.88483 -1.12418 0.499921)
(-0.604106 -1.25318 0.122867)
(-0.611129 -1.37781 0.250543)
(-0.730705 -1.13018 0.12181)
(-0.601323 -1.13142 0.250114)
(-0.447894 -1.15837 0.12921)
(-0.603706 -1.00536 0.122103)
(-0.726148 -1.38096 0.381262)
(-0.602157 -1.25406 0.378337)
(-0.516074 -1.36952 0.369472)
(-0.55378 -1.41551 0.551115)
(-0.729435 -1.1306 0.379096)
(-0.454638 -1.15465 0.375678)
(-0.603485 -1.00613 0.378409)
(-0.602925 -1.13171 0.506398)
(-0.395937 -0.990041 0.372116)
(0.447894 -1.15837 0.12921)
(0.380666 -0.985093 0.129724)
(0.516074 -1.36952 0.369472)
(0.454638 -1.15465 0.375678)
(0.395937 -0.990041 0.372116)
(0.730705 -1.13018 0.12181)
(0.601323 -1.13142 0.250114)
(0.726148 -1.38096 0.381262)
(0.602157 -1.25406 0.378337)
(0.729435 -1.1306 0.379095)
(0.603485 -1.00613 0.378409)
(0.602925 -1.13171 0.506398)
(1.90057 -1.24952 0.118954)
(1.92665 -1.37436 0.21843)
(1.77574 -1.12427 0.121516)
(1.92365 -1.12703 0.243615)
(1.8859 -0.998644 0.11942)
(1.7644 -1.37442 0.373143)
(1.88291 -1.24935 0.372031)
(1.9576 -1.37563 0.385692)
(1.8785 -1.37468 0.50164)
(1.77622 -1.12384 0.371344)
(1.94764 -1.13252 0.387623)
(1.93629 -0.997733 0.344738)
(1.88483 -1.12419 0.499908)
(-1.65008 -0.74752 0.11609)
(-1.77639 -0.620776 0.116378)
(-1.88761 -0.6207 0.24249)
(-1.652 -0.621487 0.243923)
(-1.65442 -0.49547 0.116684)
(-1.78805 -0.871912 0.369281)
(-1.92101 -0.745163 0.367783)
(-1.79076 -0.619283 0.369725)
(-1.88859 -0.495398 0.37157)
(-1.92303 -0.614398 0.491833)
(-1.65139 -0.49596 0.372703)
(-0.47473 -0.635372 0.120911)
(-0.473084 -0.880485 0.377119)
(-0.60364 -0.882109 0.507293)
(-0.477201 -0.633479 0.378427)
(-0.255038 -0.618539 0.128985)
(-0.349735 -0.63265 0.249745)
(-0.166565 -0.458602 0.124906)
(-0.315919 -0.790743 0.382621)
(-0.247473 -0.618065 0.374634)
(-0.358891 -0.510586 0.377454)
(-0.359296 -0.630814 0.504413)
(-0.173671 -0.451571 0.367911)
(0.315018 -0.783775 0.116731)
(0.343851 -0.88385 0.249926)
(0.255038 -0.618539 0.128985)
(0.349735 -0.63265 0.249745)
(0.474731 -0.635372 0.120911)
(0.359102 -0.511572 0.123862)
(0.315919 -0.790743 0.382621)
(0.473084 -0.880485 0.377118)
(0.377548 -0.879833 0.49804)
(0.247473 -0.618065 0.374634)
(0.173671 -0.451571 0.367911)
(0.477201 -0.633479 0.378425)
(0.35889 -0.510585 0.377454)
(0.359297 -0.630813 0.504412)
(1.87096 -0.750302 0.124274)
(1.90839 -0.871889 0.237579)
(1.77639 -0.620776 0.116378)
(1.652 -0.621488 0.243924)
(1.88761 -0.6207 0.24249)
(1.83893 -0.503312 0.132725)
(1.78805 -0.871912 0.369277)
(1.92101 -0.745163 0.367783)
(1.94709 -0.849564 0.49514)
(1.79076 -0.619283 0.369725)
(1.65139 -0.495959 0.372705)
(1.88859 -0.495398 0.37157)
(1.92303 -0.614398 0.491833)
(-1.64997 -0.2465 0.119335)
(-1.64881 -0.371449 0.245601)
(-1.76951 -0.122384 0.122798)
(-1.65102 -0.120952 0.247343)
(-1.64358 0.000912106 0.122433)
(-1.76984 -0.372163 0.373567)
(-1.84078 -0.263354 0.37911)
(-1.64882 -0.245481 0.373899)
(-1.65054 -0.36987 0.502644)
(-1.80305 -0.0964762 0.374319)
(-1.65598 0.00318208 0.375494)
(-1.65748 -0.117381 0.504743)
(-0.122957 -0.276549 0.125722)
(-0.0968128 -0.423664 0.252006)
(-0.2417 -0.390506 0.378332)
(-0.12291 -0.267792 0.376954)
(2.42861e-17 -0.417601 0.376018)
(-0.119212 -0.40734 0.501787)
(0.241695 -0.390506 0.378332)
(0.122847 -0.267792 0.376954)
(0.36134 -0.388427 0.507897)
(1.85411 -0.380922 0.260842)
(1.76951 -0.122384 0.122798)
(1.65102 -0.120952 0.247343)
(1.76984 -0.372163 0.373567)
(1.64882 -0.245481 0.373899)
(1.84078 -0.263354 0.37911)
(1.88005 -0.371299 0.496398)
(1.80305 -0.0964762 0.374319)
(1.65598 0.00318199 0.375493)
(1.65748 -0.117381 0.504743)
(-1.63953 0.25082 0.121877)
(-1.64365 0.125823 0.249169)
(-1.72202 0.371021 0.138054)
(-1.63091 0.375712 0.248486)
(-1.51867 0.376847 0.119536)
(-1.68868 0.535397 0.0807674)
(-1.76195 0.125696 0.374935)
(-1.63883 0.250735 0.375383)
(-1.5199 0.126944 0.376004)
(-1.648 0.128312 0.503257)
(-1.73353 0.374665 0.374603)
(-1.5115 0.376333 0.375652)
(-1.62792 0.5009 0.3751)
(-1.63813 0.376948 0.50252)
(-1.13074 0.250352 0.123167)
(-1.25847 0.375778 0.122252)
(-1.1297 0.375405 0.249186)
(-1.13101 0.500627 0.122858)
(1.25847 0.375775 0.122243)
(1.1297 0.3754 0.249172)
(1.51867 0.376845 0.119535)
(1.5199 0.126943 0.376002)
(1.5115 0.376326 0.375641)
(1.72202 0.371021 0.138054)
(1.63091 0.375711 0.248485)
(1.76195 0.125696 0.374935)
(1.63883 0.250735 0.375382)
(1.73353 0.374665 0.374603)
(1.62792 0.500891 0.375096)
(1.63812 0.376946 0.502515)
(-1.66602 0.748388 0.0850632)
(-1.62902 0.626361 0.243644)
(-1.68879 0.900494 0.252266)
(-1.52958 0.880482 0.116334)
(-1.64992 1.00001 0.128579)
(-1.7116 0.622673 0.372563)
(-1.64035 0.75234 0.375664)
(-1.5161 0.626713 0.375364)
(-1.6886 0.658826 0.538698)
(-1.53925 0.878655 0.375251)
(-1.68079 1.01042 0.372798)
(-1.6815 0.871839 0.501911)
(-1.1332 0.751082 0.122033)
(-1.13139 0.625737 0.248363)
(1.52963 0.880424 0.116352)
(1.51614 0.626656 0.375334)
(1.53965 0.878325 0.375302)
(1.68938 0.899865 0.252239)
(1.7116 0.622673 0.372563)
(1.6405 0.75218 0.375655)
(1.68207 1.01037 0.373857)
(1.68171 0.871358 0.501906)
(-1.61277 1.24538 0.139853)
(-1.66536 1.12587 0.249986)
(-1.63516 1.36795 0.25711)
(-1.5594 1.41225 0.0844961)
(-1.65522 1.25027 0.375)
(-1.54899 1.1294 0.374947)
(-1.66522 1.13098 0.508937)
(-1.5326 1.37858 0.374297)
(-1.60823 1.48502 0.379152)
(-1.64109 1.37357 0.498542)
(-1.27341 1.38171 0.115684)
(-1.40415 1.3812 0.244308)
(-1.40137 1.50999 0.373068)
(-1.40265 1.38013 0.504552)
(1.40012 1.25366 0.116188)
(1.27341 1.38163 0.115503)
(1.40403 1.38112 0.244247)
(1.5594 1.41225 0.0844961)
(1.40035 1.50859 0.115247)
(1.5491 1.12936 0.375026)
(1.53253 1.37848 0.374294)
(1.401 1.50983 0.372832)
(1.40211 1.37954 0.504386)
(1.63516 1.36795 0.25711)
(1.65522 1.25027 0.375)
(1.60823 1.48502 0.379149)
(1.64109 1.37358 0.498549)
(-1.54709 1.67069 0.377524)
(-1.31942 1.93152 0.0730131)
(-1.41044 1.90469 0.250519)
(-1.13631 2.01184 0.116527)
(-1.27499 1.63664 0.372733)
(-1.4049 1.75938 0.373654)
(-1.27943 1.89088 0.370189)
(-1.38061 2.00815 0.372054)
(-1.43404 1.91594 0.496453)
(-1.14802 2.01289 0.367996)
(1.41808 1.78679 0.0859255)
(1.40151 1.63587 0.242584)
(1.31942 1.93152 0.0730131)
(1.41044 1.90469 0.250519)
(1.27441 1.63647 0.372274)
(1.40463 1.75935 0.3735)
(1.54728 1.67088 0.377488)
(1.401 1.63982 0.501249)
(1.2793 1.89086 0.370111)
(1.14796 2.01288 0.36796)
(1.38061 2.00815 0.372054)
(1.43406 1.91591 0.496541)
(-1.11343 2.24215 0.136496)
(-1.1367 2.13229 0.245138)
(-1.12646 2.37656 0.247914)
(-1.01166 2.38092 0.118332)
(-1.29349 2.15851 0.371384)
(-1.14744 2.25654 0.36952)
(-1.01993 2.13449 0.368029)
(-1.15757 2.1371 0.497782)
(-1.20744 2.36693 0.38373)
(-1.02281 2.38412 0.361376)
(-1.15632 2.50486 0.373703)
(-1.14504 2.38106 0.494968)
(-0.763276 2.38382 0.105481)
(-0.894063 2.38581 0.229643)
(-0.6409 2.50491 0.104248)
(-0.886494 2.50388 0.366994)
(0.890641 2.26145 0.104276)
(0.888956 2.13559 0.233807)
(0.763273 2.38382 0.105485)
(0.894068 2.38581 0.229638)
(1.01166 2.38092 0.118332)
(0.901794 2.50768 0.0982234)
(1.01991 2.13448 0.368017)
(1.02281 2.38412 0.361372)
(0.886664 2.50395 0.366864)
(1.12646 2.37656 0.247914)
(1.29349 2.15851 0.371384)
(1.14744 2.25654 0.369518)
(1.20744 2.36693 0.38373)
(1.15632 2.50486 0.373703)
(1.14504 2.38106 0.494969)
(-3.37157 2.97925 0.383341)
(-1.11329 2.75037 0.384846)
(-1.00794 2.62595 0.372989)
(-1.16427 2.62916 0.468213)
(-1.01096 2.87428 0.372299)
(-1.12983 3.00101 0.383348)
(-1.15214 2.87731 0.49058)
(-0.635071 2.74914 0.10906)
(-0.634968 2.6263 0.235932)
(-0.761556 2.87211 0.111963)
(-0.884276 2.87283 0.24245)
(-0.758049 2.62648 0.369326)
(-0.882637 2.75011 0.371765)
(-0.760505 2.87359 0.368912)
(-0.891891 2.99721 0.367633)
(-0.8904 2.87437 0.497034)
(0.891272 2.74943 0.108525)
(0.879669 2.6262 0.246081)
(0.761554 2.87211 0.111966)
(0.884276 2.87283 0.242449)
(0.922335 2.95845 0.0784076)
(0.758039 2.62645 0.369244)
(0.882656 2.7501 0.371763)
(1.00795 2.62594 0.373009)
(0.885743 2.62671 0.495601)
(0.760507 2.87359 0.368909)
(1.01096 2.87428 0.372299)
(0.891892 2.99721 0.367633)
(0.890402 2.87437 0.497034)
(1.11329 2.75037 0.384846)
(1.12983 3.00101 0.383348)
(1.15214 2.87731 0.49058)
(3.37157 2.97925 0.383341)
(-3.65424 3.24994 0.37065)
(-3.5418 3.07989 0.319482)
(-3.65077 3.12008 0.482542)
(-3.53018 3.3831 0.36445)
(-3.67939 3.37964 0.484762)
(-3.12688 3.21167 0.089481)
(-3.13322 3.10016 0.25793)
(-3.26832 3.36534 0.0972549)
(-3.39355 3.37438 0.232067)
(-3.11633 3.35272 0.237562)
(-2.98545 3.34126 0.104235)
(-3.13813 3.49477 0.100919)
(-3.24233 3.0945 0.365523)
(-3.38428 3.23768 0.361052)
(-3.09624 3.21292 0.366547)
(-3.06771 3.05297 0.491759)
(-3.40785 3.52488 0.364219)
(-2.96941 3.34894 0.38311)
(-3.1234 3.5006 0.381452)
(-3.10245 3.37296 0.516457)
(-2.81581 3.31506 0.244176)
(-2.82453 3.46103 0.422902)
(-1.08385 3.25917 0.13939)
(-1.0951 3.1257 0.254342)
(-1.15838 3.34216 0.217697)
(-1.00883 3.36945 0.114153)
(-1.15374 3.46617 0.0929853)
(-1.17517 3.21757 0.367355)
(-1.02548 3.12165 0.368487)
(-1.17314 3.11133 0.486358)
(-1.23658 3.3864 0.380845)
(-1.02103 3.37061 0.370172)
(-1.15376 3.49777 0.373525)
(-1.15305 3.37121 0.497332)
(-0.765272 3.36768 0.103238)
(-0.890456 3.36882 0.236746)
(0.894258 3.24192 0.108237)
(0.893632 3.12004 0.23638)
(0.765272 3.36768 0.103238)
(0.890456 3.36882 0.236746)
(1.00883 3.36945 0.114153)
(1.02548 3.12165 0.368487)
(1.02103 3.37061 0.370172)
(1.15838 3.34216 0.217697)
(1.17517 3.21757 0.367355)
(1.23658 3.3864 0.380845)
(1.15376 3.49777 0.373525)
(1.15305 3.37121 0.497332)
(2.81581 3.31506 0.244176)
(2.98545 3.34126 0.104238)
(2.84598 3.4625 0.117368)
(2.96939 3.34899 0.383203)
(2.82453 3.46103 0.422902)
(3.38119 3.24735 0.0927678)
(3.3694 3.09976 0.225388)
(3.2684 3.36525 0.0970709)
(3.1163 3.35282 0.2377)
(3.3937 3.37459 0.232202)
(3.40187 3.49442 0.0986149)
(3.24223 3.09443 0.365529)
(3.09647 3.21281 0.366296)
(3.38437 3.23794 0.361062)
(3.5418 3.07989 0.319482)
(3.37244 3.09278 0.483399)
(3.12344 3.50074 0.381543)
(3.10247 3.37307 0.516546)
(3.53016 3.38301 0.364384)
(3.40781 3.52478 0.364155)
(3.65424 3.24994 0.37065)
(3.67939 3.37964 0.484762)
(-3.15328 3.76942 0.107928)
(-3.14562 3.63967 0.244692)
(-3.17904 3.92578 0.249207)
(-3.03003 3.89847 0.114079)
(-3.28228 3.65621 0.371824)
(-3.15218 3.78041 0.394744)
(-2.99762 3.6244 0.400383)
(-3.12914 3.63566 0.522007)
(-3.02062 3.89529 0.417293)
(-3.12486 3.88828 0.495696)
(-2.58916 3.71688 0.135312)
(-2.58441 3.59174 0.264388)
(-2.89281 3.8876 0.268273)
(-2.60343 3.85662 0.271755)
(-2.46683 3.84727 0.136399)
(-2.71191 3.58663 0.409698)
(-2.87385 3.7501 0.422431)
(-2.59314 3.71601 0.403516)
(-2.74592 3.86774 0.430588)
(-2.90849 4.02603 0.415372)
(-2.87367 3.87469 0.570475)
(-2.46376 3.86052 0.384022)
(-2.60391 3.98163 0.429011)
(-2.61269 3.85912 0.517645)
(-2.36494 3.87195 0.251358)
(-2.35911 3.98916 0.383275)
(-1.14772 3.73826 0.112491)
(-1.15395 3.62099 0.246542)
(-1.30846 3.83078 0.0836375)
(-1.36446 3.88995 0.254677)
(-1.1515 3.8673 0.243767)
(-1.14967 3.98984 0.112584)
(-1.29763 3.61441 0.374825)
(-1.16392 3.74223 0.374204)
(-1.16756 3.62201 0.50079)
(-1.27586 3.87062 0.375007)
(-1.37899 4.00107 0.373996)
(-1.34123 3.88779 0.487217)
(-1.14744 3.9966 0.374772)
(-1.15196 3.87192 0.50282)
(1.30846 3.83078 0.0836375)
(1.1515 3.8673 0.24377)
(1.36446 3.88995 0.254677)
(1.39294 4.00256 0.131385)
(1.29763 3.61441 0.374825)
(1.16392 3.74223 0.374206)
(1.27586 3.87062 0.375008)
(1.14744 3.9966 0.374775)
(1.15198 3.87191 0.502807)
(1.37899 4.00107 0.373996)
(1.34123 3.88779 0.487217)
(2.36494 3.87195 0.251358)
(2.46683 3.84727 0.136405)
(2.34852 3.97739 0.134055)
(2.46376 3.86052 0.384022)
(2.35911 3.98916 0.383275)
(2.85935 3.60952 0.264152)
(2.60342 3.85662 0.271763)
(2.89281 3.8876 0.268275)
(3.03003 3.89847 0.114079)
(2.91057 4.02321 0.111344)
(2.71191 3.58663 0.409698)
(2.59314 3.71601 0.403516)
(2.87385 3.7501 0.422432)
(2.99763 3.62441 0.40039)
(2.87376 3.63154 0.526753)
(2.74592 3.86774 0.430589)
(2.6039 3.98163 0.429017)
(2.61269 3.85912 0.517645)
(3.02062 3.89529 0.417294)
(2.90849 4.02603 0.415372)
(2.87367 3.87469 0.570475)
(3.41229 3.65677 0.247659)
(3.17904 3.92578 0.249207)
(3.28228 3.65622 0.371838)
(3.15218 3.78041 0.394746)
(3.43344 3.69127 0.492552)
(3.12486 3.88828 0.495696)
(-2.99278 4.13079 0.373705)
(-2.64275 4.26332 0.122358)
(-2.62808 4.12734 0.27842)
(-2.78429 4.40691 0.127141)
(-2.65465 4.39953 0.266895)
(-2.51566 4.38721 0.125835)
(-2.67548 4.55571 0.125698)
(-2.77751 4.14677 0.420051)
(-2.8861 4.26076 0.368203)
(-2.64697 4.27182 0.425332)
(-2.47397 4.10653 0.42184)
(-2.6126 4.12349 0.57725)
(-2.77377 4.3894 0.369492)
(-2.517 4.38963 0.429259)
(-2.66806 4.52111 0.371091)
(-2.65624 4.40097 0.491255)
(-2.11002 4.23705 0.129075)
(-2.13637 4.13452 0.240913)
(-2.24157 4.36695 0.126823)
(-2.37459 4.37424 0.278198)
(-2.10975 4.36281 0.262458)
(-1.94034 4.32123 0.167163)
(-2.11378 4.48948 0.12787)
(-2.243 4.12078 0.376249)
(-2.35552 4.23532 0.41631)
(-2.12488 4.24893 0.373967)
(-2.23475 4.36334 0.410804)
(-2.37843 4.50229 0.433854)
(-2.36783 4.37088 0.558558)
(-2.00792 4.38275 0.365123)
(-2.10904 4.48869 0.406051)
(-2.12051 4.37286 0.467711)
(-1.48886 4.37251 0.122664)
(-1.61575 4.5512 0.113531)
(-1.27178 4.36809 0.123291)
(-1.44259 4.33362 0.294331)
(-1.27409 4.12309 0.376592)
(-1.40457 4.24639 0.382116)
(-1.14459 4.12377 0.50384)
(-1.27478 4.36932 0.381128)
(-1.38536 4.36407 0.506181)
(-1.14601 4.36993 0.506285)
(1.3981 4.2445 0.125479)
(1.42292 4.12374 0.247395)
(1.27178 4.36809 0.12329)
(1.44259 4.33362 0.294331)
(1.48886 4.37251 0.122664)
(1.27409 4.12309 0.376592)
(1.40457 4.24639 0.382116)
(1.35986 4.1249 0.488408)
(1.27478 4.36932 0.381128)
(1.146 4.36993 0.506281)
(1.38536 4.36407 0.506181)
(1.94034 4.32123 0.167163)
(1.82651 4.45727 0.165442)
(2.00792 4.38275 0.365123)
(2.35278 4.10646 0.268504)
(2.24158 4.36695 0.126826)
(2.10975 4.36281 0.262458)
(2.3746 4.37424 0.278204)
(2.51568 4.38723 0.12586)
(2.243 4.12078 0.376249)
(2.12488 4.24893 0.373967)
(2.35552 4.23532 0.416312)
(2.47396 4.10653 0.421847)
(2.3664 4.11921 0.494914)
(2.23475 4.36334 0.410804)
(2.10904 4.48869 0.406051)
(2.12051 4.37286 0.467711)
(2.517 4.38963 0.429262)
(2.37843 4.50229 0.433855)
(2.36783 4.37088 0.558558)
(2.90702 4.24641 0.122184)
(2.91087 4.14262 0.252815)
(2.78429 4.40691 0.127141)
(2.65465 4.39953 0.266919)
(2.77751 4.14677 0.420057)
(2.64697 4.27182 0.425346)
(2.8861 4.26076 0.368203)
(2.99278 4.13079 0.373705)
(2.8878 4.1383 0.494265)
(2.77377 4.3894 0.369492)
(2.66806 4.52111 0.371091)
(2.65624 4.40097 0.491255)
(-2.63861 4.61597 0.246592)
(-2.5055 4.86351 0.124668)
(-2.53803 4.66304 0.411394)
(-2.11473 4.61542 0.275214)
(-2.27591 4.88901 0.126395)
(-2.44152 4.93295 0.29651)
(-2.13831 4.8802 0.273165)
(-2.15176 5.01476 0.123884)
(-2.24709 4.62461 0.432152)
(-2.43608 4.80181 0.431246)
(-2.12267 4.74833 0.423552)
(-1.93965 4.5684 0.428534)
(-2.09924 4.60003 0.539773)
(-2.26888 4.88343 0.405355)
(-2.36801 5.00044 0.375135)
(-2.00132 4.8681 0.406879)
(-2.14562 5.00584 0.397972)
(-2.13076 4.88568 0.548493)
(-1.62521 4.74783 0.124989)
(-1.62 4.61859 0.243815)
(-1.87142 4.86497 0.266748)
(-1.62799 4.86909 0.255801)
(-1.6294 4.99912 0.124718)
(-1.82223 4.69497 0.424451)
(-1.66009 4.71712 0.409846)
(-1.75287 4.85911 0.388769)
(-1.87995 4.99462 0.395715)
(-1.87128 4.83526 0.545064)
(-1.63352 4.98942 0.392231)
(-1.67315 4.81271 0.552947)
(1.86612 4.73812 0.13017)
(1.81432 4.56739 0.296204)
(1.62799 4.86909 0.255799)
(1.87142 4.86497 0.266746)
(1.66009 4.71712 0.409846)
(1.82223 4.69497 0.424451)
(1.93965 4.5684 0.428534)
(1.75287 4.85911 0.388769)
(1.63352 4.98943 0.392229)
(1.67315 4.81271 0.552947)
(2.00132 4.8681 0.406879)
(1.87995 4.99462 0.395715)
(1.87128 4.83526 0.545064)
(2.39742 4.76471 0.126169)
(2.39235 4.63563 0.271558)
(2.27592 4.88901 0.126394)
(2.13831 4.8802 0.273163)
(2.44152 4.93295 0.29651)
(2.5055 4.86351 0.124668)
(2.40924 5.02734 0.124941)
(2.24709 4.62461 0.432152)
(2.12267 4.74833 0.423551)
(2.43608 4.80181 0.431246)
(2.53803 4.66304 0.411394)
(2.36838 4.61792 0.54195)
(2.26888 4.88343 0.405355)
(2.14562 5.00584 0.397972)
(2.13076 4.88568 0.548493)
(2.36801 5.00044 0.375135)
(-2.15257 5.26128 0.122276)
(-2.15462 5.14042 0.258853)
(-2.13793 5.38807 0.24397)
(-2.01599 5.39029 0.122427)
(-2.29547 5.1366 0.36985)
(-2.17419 5.30008 0.406419)
(-2.01836 5.13412 0.391597)
(-2.14963 5.11566 0.540639)
(-2.06191 5.42563 0.411916)
(-1.63388 5.26252 0.122398)
(-1.63269 5.12759 0.258672)
(-1.76564 5.39752 0.122075)
(-1.89809 5.40057 0.256451)
(-1.63584 5.39818 0.256385)
(-1.50518 5.39274 0.123303)
(-1.63445 5.52623 0.123694)
(-1.89434 5.26448 0.392656)
(-1.63784 5.11994 0.532018)
(-1.77034 5.40072 0.390967)
(-1.92736 5.55199 0.38096)
(-1.89224 5.3881 0.526399)
(-1.63733 5.53824 0.387759)
(-1.63905 5.39846 0.527763)
(-1.12478 5.52095 0.130737)
(-1.37379 5.5345 0.38293)
(-1.37962 5.40421 0.522014)
(-0.999186 5.39186 0.382505)
(-1.12426 5.52073 0.378597)
(-1.12357 5.40009 0.515159)
(-0.876702 5.38808 0.255866)
(-0.633125 5.51804 0.133233)
(-0.875359 5.26302 0.383492)
(-0.751242 5.38529 0.381504)
(-0.875074 5.50615 0.38071)
(-0.874193 5.39291 0.512589)
(-0.628977 5.51073 0.381931)
(-0.626978 5.38781 0.508704)
(0.876702 5.38809 0.255866)
(0.879681 5.52134 0.132917)
(0.875359 5.26302 0.383493)
(0.751242 5.38529 0.381503)
(0.628977 5.51073 0.381931)
(0.626978 5.38781 0.508704)
(0.999186 5.39186 0.382505)
(0.875074 5.50615 0.38071)
(0.874193 5.39291 0.512592)
(1.50518 5.39274 0.123304)
(1.37463 5.51882 0.125625)
(1.12426 5.52073 0.378597)
(1.12357 5.40009 0.515159)
(1.37379 5.5345 0.38293)
(1.37962 5.40422 0.522012)
(1.76564 5.39751 0.122076)
(1.63584 5.39818 0.256384)
(1.89809 5.40056 0.256451)
(2.01599 5.39029 0.122428)
(1.89802 5.52729 0.12513)
(1.89434 5.26448 0.392656)
(2.01836 5.13412 0.391597)
(1.88353 5.12533 0.529557)
(1.77034 5.40072 0.390967)
(1.63733 5.53824 0.387759)
(1.63905 5.39846 0.527764)
(2.06191 5.42563 0.411916)
(1.92736 5.55199 0.38096)
(1.89224 5.3881 0.526399)
(2.13793 5.38807 0.24397)
(2.29547 5.1366 0.36985)
(2.17419 5.30008 0.406419)
(-1.6093 5.72042 0.1249)
(-1.66211 5.68797 0.281248)
(-1.75422 5.65562 0.375571)
(-1.51138 5.70117 0.402996)
(-1.62856 5.64606 0.504496)
(-1.12252 5.646 0.259936)
(-1.24702 5.65151 0.377816)
(-1.00104 5.61427 0.372009)
(-1.12889 5.60142 0.486399)
(-0.639125 5.794 0.134797)
(-0.673062 5.67671 0.30152)
(-0.548664 5.88693 0.130719)
(-0.752614 5.61885 0.370093)
(-0.550879 5.67801 0.418125)
(-0.462836 5.87245 0.365587)
(-0.262194 5.88406 0.120261)
(-0.39189 5.87862 0.254683)
(-0.384953 5.75345 0.381087)
(-0.128279 5.63093 0.505529)
(-0.265016 5.87716 0.384613)
(-0.422073 6.00633 0.423928)
(-0.393685 5.87517 0.493849)
(-0.132411 5.87623 0.510586)
(0.387041 5.76594 0.129684)
(0.262192 5.88406 0.120261)
(0.391889 5.87862 0.254683)
(0.548664 5.88693 0.130719)
(0.392817 6.00437 0.122517)
(0.384953 5.75345 0.381087)
(0.550879 5.67801 0.418125)
(0.421129 5.67042 0.543491)
(0.265013 5.87716 0.384612)
(0.132401 5.87623 0.510586)
(0.462836 5.87245 0.365587)
(0.422073 6.00633 0.423928)
(0.393685 5.87517 0.493849)
(0.875008 5.71968 0.118931)
(0.878903 5.66036 0.257334)
(0.752614 5.61885 0.370093)
(1.00104 5.61427 0.372009)
(1.37911 5.71819 0.121003)
(1.33891 5.68241 0.282388)
(1.24702 5.65151 0.377816)
(1.51138 5.70117 0.402996)
(1.37443 5.65353 0.489101)
(1.88829 5.61306 0.250257)
(1.75422 5.65562 0.375571)
(-0.449052 6.37392 0.13462)
(-0.447735 6.38132 0.366177)
(-0.127752 6.2536 0.113536)
(-0.253741 6.37645 0.115608)
(-0.371826 6.3758 0.249835)
(-0.128475 6.37569 0.246682)
(-0.000146426 6.37623 0.120188)
(-0.126822 6.49988 0.118203)
(-0.268744 6.12385 0.382029)
(-0.430448 6.24324 0.407563)
(-0.132766 6.25104 0.381118)
(-0.142704 6.11708 0.521816)
(-0.266181 6.37439 0.378914)
(-0.390287 6.49577 0.376017)
(-0.418949 6.3698 0.504014)
(-2.86804e-05 6.3756 0.372792)
(-0.128274 6.49948 0.367374)
(-0.126434 6.37682 0.498426)
(0.380428 6.25208 0.119655)
(0.379409 6.12545 0.251079)
(0.253769 6.37643 0.115765)
(0.128426 6.3757 0.246649)
(0.371822 6.3758 0.249818)
(0.449052 6.37392 0.13462)
(0.372708 6.50021 0.119054)
(0.268734 6.12385 0.382027)
(0.132732 6.25105 0.381112)
(0.430448 6.24324 0.407563)
(0.387399 6.1232 0.505522)
(0.266164 6.37439 0.378885)
(0.12821 6.49948 0.367368)
(0.126413 6.37682 0.498424)
(0.447735 6.38132 0.366177)
(0.390284 6.49577 0.376015)
(0.418949 6.3698 0.504014)
(-0.512339 6.86933 0.118702)
(-0.498883 6.62191 0.372741)
(-0.561371 6.84184 0.363624)
(-0.624089 7.00047 0.370887)
(-0.609495 6.86154 0.48478)
(-0.128982 6.7459 0.109914)
(-0.128239 6.62346 0.241423)
(-0.263915 6.86873 0.108649)
(-0.399305 6.86752 0.242007)
(-0.258413 6.62218 0.368314)
(-0.39611 6.74285 0.370808)
(-0.128365 6.74873 0.366556)
(-0.000172303 6.62448 0.363592)
(-0.126422 6.62439 0.477954)
(-0.262244 6.86814 0.369592)
(-0.398612 6.99008 0.367432)
(-0.39513 6.86015 0.494656)
(-0.124487 6.87105 0.498268)
(0.388723 6.74633 0.11607)
(0.381929 6.6231 0.246873)
(0.263936 6.86873 0.108648)
(0.399315 6.86752 0.242007)
(0.512339 6.86933 0.118702)
(0.397343 6.99323 0.112567)
(0.258363 6.62218 0.368314)
(0.128078 6.74873 0.366557)
(0.396103 6.74285 0.370808)
(0.498883 6.62191 0.372741)
(0.380877 6.62137 0.500115)
(0.262314 6.86814 0.369592)
(0.124636 6.87105 0.498268)
(0.561371 6.84184 0.363624)
(0.398696 6.99008 0.367432)
(0.395166 6.86015 0.494656)
(0.624089 7.00047 0.370887)
(0.609495 6.86154 0.48478)
(-0.633317 7.24672 0.121446)
(-0.631296 7.12058 0.249642)
(-0.684614 7.33984 0.215931)
(-0.527689 7.36879 0.110874)
(-0.668701 7.49901 0.0945185)
(-0.709379 7.18023 0.387876)
(-0.681552 7.21383 0.331879)
(-0.528842 7.11463 0.365646)
(-0.7018 7.0924 0.5258)
(-0.725586 7.38031 0.380381)
(-0.520015 7.37047 0.369657)
(-0.637318 7.49866 0.372709)
(-0.636039 7.37226 0.500447)
(0.398938 7.24259 0.11074)
(0.398573 7.11691 0.240596)
(0.527692 7.36879 0.110874)
(0.528864 7.11463 0.365646)
(0.520025 7.37047 0.369657)
(0.684614 7.33984 0.215931)
(0.709379 7.18023 0.387876)
(0.681552 7.21383 0.331879)
(0.725586 7.38031 0.380381)
(0.63732 7.49866 0.372709)
(0.636042 7.37226 0.500447)
(-0.67094 7.75125 0.116752)
(-0.645075 7.62609 0.244168)
(-0.681989 7.88345 0.21869)
(-0.530632 7.88191 0.116178)
(-0.624401 7.99914 0.119797)
(-0.746458 7.62456 0.37653)
(-0.644999 7.75255 0.371452)
(-0.517572 7.62591 0.371491)
(-0.639039 7.62544 0.499635)
(-0.7203 7.86111 0.384757)
(-0.522163 7.88245 0.371077)
(-0.668508 8.03026 0.374111)
(-0.641252 7.88186 0.499805)
(0.530634 7.88191 0.116178)
(0.395143 8.01662 0.110698)
(0.517576 7.62591 0.371491)
(0.522164 7.88245 0.371077)
(0.681989 7.88345 0.21869)
(0.746458 7.62456 0.37653)
(0.644999 7.75255 0.371452)
(0.7203 7.86111 0.384757)
(0.668508 8.03026 0.374111)
(0.641252 7.88186 0.499805)
(-0.593447 8.12123 0.252396)
(-0.522091 8.13515 0.372388)
(-0.636891 8.12089 0.500214)
(-0.129867 8.28645 0.110899)
(-0.246077 8.35644 0.126897)
(-0.376381 8.35843 0.247843)
(-0.123668 8.42291 0.217082)
(-3.46945e-17 8.3671 0.1197)
(-0.386251 8.28071 0.369904)
(-0.13084 8.27646 0.368733)
(-0.277388 8.43341 0.376637)
(-0.384279 8.39246 0.498246)
(0.000975275 8.39355 0.370021)
(-0.112139 8.46751 0.387861)
(-0.134515 8.39066 0.49992)
(0.383389 8.29344 0.113643)
(0.396091 8.15214 0.23716)
(0.246077 8.35644 0.126897)
(0.123668 8.42291 0.217082)
(0.376381 8.35843 0.247843)
(0.131154 8.27646 0.368733)
(0.386258 8.28071 0.369904)
(0.522092 8.13515 0.372388)
(0.277388 8.43341 0.376637)
(0.112139 8.46751 0.387861)
(0.13452 8.39066 0.49992)
(0.384279 8.39246 0.498246)
(-2.25745 -8.08393 0.625469)
(-2.37409 -8.10466 0.750165)
(-2.1328 -8.06915 0.754619)
(-2.08471 -8.04932 0.617516)
(-2.25074 -8.10861 0.875584)
(-2.38228 -7.99766 0.876488)
(-2.37385 -8.11735 0.999938)
(-2.11904 -8.01173 0.872553)
(-2.12651 -8.12758 1.00098)
(2.25745 -8.08393 0.625469)
(2.1328 -8.06915 0.754619)
(2.37409 -8.10466 0.750165)
(2.38022 -7.99871 0.625286)
(2.25074 -8.10861 0.875584)
(2.11904 -8.01173 0.872553)
(2.12651 -8.12758 1.00098)
(2.38228 -7.99766 0.876488)
(2.37385 -8.11735 0.999938)
(-2.61848 -7.86971 0.749895)
(-2.47403 -7.62665 0.620288)
(-2.51815 -7.85344 0.876694)
(-2.58774 -7.84707 1.0101)
(-2.11878 -7.73418 0.638593)
(-2.11323 -7.88016 0.752836)
(-2.26237 -7.60258 0.642845)
(-2.3748 -7.62131 0.754111)
(-2.13239 -7.55175 0.817742)
(-1.97083 -7.60299 0.635463)
(-2.14795 -7.44214 0.677995)
(-2.25579 -7.8568 0.885329)
(-2.38232 -7.70833 0.886924)
(-2.12991 -7.72046 0.892405)
(-1.96155 -7.87321 0.871929)
(-2.12142 -7.8607 1.00813)
(-2.24882 -7.64589 0.87904)
(-2.0053 -7.58414 0.919577)
(-2.12288 -7.65599 0.996384)
(-1.89491 -7.63041 0.753973)
(-1.85661 -7.7382 0.874026)
(-1.91402 -7.66447 0.989393)
(1.85218 -7.75045 0.62421)
(1.84666 -7.88698 0.735337)
(1.89491 -7.63041 0.753973)
(1.97083 -7.60299 0.635463)
(1.85661 -7.7382 0.874026)
(1.96155 -7.87321 0.871929)
(1.81716 -7.86559 0.992328)
(2.0053 -7.58414 0.919577)
(1.91402 -7.66447 0.989393)
(2.39278 -7.73063 0.634235)
(2.38824 -7.85369 0.759565)
(2.26237 -7.60258 0.642845)
(2.13239 -7.55175 0.817742)
(2.3748 -7.62131 0.754111)
(2.47403 -7.62665 0.620288)
(2.36327 -7.50973 0.614059)
(2.25579 -7.8568 0.885329)
(2.12991 -7.72046 0.892405)
(2.38232 -7.70833 0.886924)
(2.51815 -7.85344 0.876694)
(2.41669 -7.80259 1.04886)
(2.24882 -7.64589 0.87904)
(2.12288 -7.65599 0.996384)
(-1.63181 -4.24771 0.654579)
(-1.74863 -4.14245 0.68971)
(-1.48561 -4.13767 0.663973)
(-1.62204 -4.01198 0.668851)
(1.48561 -4.13767 0.663973)
(1.3729 -4.00783 0.658154)
(1.87345 -4.25343 0.605238)
(1.74863 -4.14245 0.68971)
(1.87245 -4.01023 0.656481)
(-1.63195 -3.75699 0.649316)
(-1.63131 -3.90252 0.803656)
(-1.77931 -3.62582 0.634858)
(-1.62839 -3.62728 0.767453)
(-1.49041 -3.63172 0.649816)
(-1.63276 -3.50153 0.637551)
(-1.61659 -3.73469 0.844203)
(-1.7119 -3.62425 0.834569)
(-1.51107 -3.61852 0.873362)
(-1.61346 -3.49978 0.857364)
(-1.20275 -3.63382 0.672989)
(-1.32583 -3.63339 0.798442)
(-1.14384 -3.50412 0.623977)
(-1.37676 -3.50395 0.853999)
(1.35312 -3.76122 0.650531)
(1.36772 -3.87915 0.731869)
(1.20275 -3.63382 0.672989)
(1.32583 -3.63339 0.798442)
(1.49041 -3.63172 0.649816)
(1.34985 -3.50611 0.651436)
(1.51107 -3.61852 0.873362)
(1.37676 -3.50395 0.853999)
(1.90381 -3.74757 0.62273)
(1.77931 -3.62582 0.634859)
(1.62839 -3.62728 0.767453)
(1.90683 -3.50002 0.621837)
(1.61659 -3.73469 0.844203)
(1.7119 -3.62425 0.834569)
(1.61346 -3.49978 0.857364)
(-1.62949 -3.25057 0.63555)
(-1.62379 -3.37536 0.75835)
(-1.76326 -3.12505 0.631036)
(-1.62793 -3.12556 0.771902)
(-1.49979 -3.12709 0.641259)
(-1.63776 -3.00216 0.64194)
(-1.61235 -3.25004 0.873002)
(-1.50052 -3.37434 0.883583)
(-1.49941 -3.12558 0.885583)
(-1.61233 -3.00193 0.899471)
(-1.08048 -3.2621 0.658136)
(-1.22397 -3.13525 0.645298)
(-1.36851 -3.12813 0.767263)
(-1.121 -3.12975 0.760103)
(-1.0136 -3.13139 0.624856)
(-1.09589 -3.01107 0.642208)
(-1.38405 -3.24846 0.86137)
(-1.25542 -3.12531 0.842156)
(-1.37577 -3.00529 0.888012)
(-1.14553 -2.99438 0.846886)
(1.0136 -3.13139 0.624856)
(1.3643 -3.25345 0.640396)
(1.36604 -3.37704 0.767714)
(1.22398 -3.13512 0.645401)
(1.121 -3.12975 0.760103)
(1.36851 -3.12807 0.767293)
(1.49979 -3.12704 0.641299)
(1.36787 -3.00436 0.642999)
(1.38405 -3.24846 0.86137)
(1.50052 -3.37434 0.883583)
(1.25542 -3.12531 0.842156)
(1.49941 -3.12558 0.885583)
(1.37577 -3.00529 0.888012)
(1.8715 -3.2497 0.618617)
(1.76326 -3.12505 0.631038)
(1.62793 -3.12555 0.771906)
(1.89872 -3.00283 0.616033)
(1.61235 -3.25004 0.873002)
(1.61233 -3.00193 0.899471)
(-1.64257 -2.87934 0.778036)
(-1.77457 -2.62682 0.64479)
(-1.90015 -2.62107 0.744013)
(-1.64304 -2.63011 0.773922)
(-1.66038 -2.75448 0.919437)
(-1.49744 -2.90283 0.917069)
(-1.74877 -2.62393 0.901173)
(-1.50497 -2.62806 0.8961)
(-1.63501 -2.5028 0.902572)
(-1.62043 -2.62619 0.972169)
(-1.09942 -2.75716 0.640814)
(-1.066 -2.92151 0.808462)
(-1.23473 -2.62993 0.642202)
(-1.37351 -2.62894 0.772399)
(-1.10519 -2.63185 0.778167)
(-0.973905 -2.62908 0.634172)
(-1.10301 -2.50463 0.642237)
(-1.24573 -2.88282 0.9139)
(-1.37375 -2.75435 0.892042)
(-1.12668 -2.75084 0.919798)
(-1.24496 -2.62899 0.899774)
(-1.37393 -2.50264 0.906189)
(-1.37591 -2.62308 0.990859)
(-1.08652 -2.54016 0.946087)
(0.91201 -2.74797 0.617171)
(0.973917 -2.62907 0.634217)
(0.858918 -2.50117 0.618655)
(1.37082 -2.88173 0.77394)
(1.23481 -2.62983 0.642466)
(1.1052 -2.63183 0.778212)
(1.37354 -2.62891 0.772435)
(1.24573 -2.88282 0.9139)
(1.12668 -2.75084 0.919798)
(1.37376 -2.75434 0.892051)
(1.49744 -2.90283 0.917069)
(1.24496 -2.62898 0.899782)
(1.08652 -2.54016 0.946087)
(1.50497 -2.62806 0.896103)
(1.37393 -2.50263 0.906193)
(1.37591 -2.62308 0.990859)
(1.91964 -2.74914 0.652609)
(1.77457 -2.62682 0.644792)
(1.64304 -2.6301 0.773927)
(1.90015 -2.62107 0.744013)
(1.92851 -2.50072 0.679666)
(1.66038 -2.75448 0.919437)
(1.74877 -2.62393 0.901173)
(1.63501 -2.5028 0.902572)
(1.62043 -2.62619 0.972169)
(-1.96252 -2.12121 0.612426)
(-1.64394 -2.37908 0.775291)
(-1.76776 -2.1267 0.637075)
(-1.91382 -2.12285 0.773463)
(-1.6447 -2.12877 0.779256)
(-1.79427 -2.38055 0.912679)
(-1.64615 -2.25579 0.916909)
(-1.50289 -2.38242 0.919729)
(-1.62603 -2.38235 1.01607)
(-1.81219 -2.13149 0.92974)
(-1.86477 -2.0018 0.898995)
(-1.50227 -2.13104 0.918788)
(-1.64315 -2.0056 0.91062)
(-1.62368 -2.12163 1.04681)
(-1.1018 -2.37999 0.774395)
(-1.37209 -2.12945 0.781204)
(-1.10788 -2.1289 0.770255)
(-0.976317 -2.12996 0.637471)
(-1.24069 -2.37906 0.907881)
(-1.37104 -2.25585 0.921049)
(-1.11256 -2.25315 0.895228)
(-0.974562 -2.37188 0.875473)
(-1.13945 -2.37107 0.984336)
(-1.2411 -2.12947 0.90928)
(-1.37047 -2.00402 0.902511)
(-1.3732 -2.15204 1.06228)
(-0.955832 -2.13015 0.909328)
(-1.10499 -2.0031 0.900808)
(-1.12464 -2.12925 1.00798)
(-0.785519 -2.12207 0.617188)
(-0.847729 -2.1247 0.754662)
(0.829712 -2.25502 0.657779)
(0.891312 -2.37487 0.756763)
(0.785519 -2.12207 0.617188)
(0.847729 -2.1247 0.754662)
(0.976318 -2.12996 0.637472)
(0.856334 -2.0041 0.634983)
(0.974562 -2.37188 0.875473)
(0.955832 -2.13015 0.909328)
(1.37258 -2.37996 0.783039)
(1.10788 -2.12889 0.770256)
(1.37208 -2.12945 0.781205)
(1.24069 -2.37906 0.907884)
(1.11256 -2.25315 0.895228)
(1.37104 -2.25585 0.92105)
(1.50289 -2.38242 0.91973)
(1.37308 -2.38591 1.03761)
(1.2411 -2.12947 0.90928)
(1.10499 -2.0031 0.900808)
(1.12464 -2.12925 1.00798)
(1.50227 -2.13104 0.918789)
(1.37046 -2.00402 0.902511)
(1.3732 -2.15204 1.06228)
(1.94242 -2.28406 0.671469)
(1.90965 -2.37797 0.748046)
(1.76776 -2.1267 0.637076)
(1.6447 -2.12877 0.779257)
(1.91382 -2.12285 0.773463)
(1.96252 -2.12121 0.612426)
(1.88112 -2.00089 0.63001)
(1.79427 -2.38055 0.912679)
(1.64615 -2.25579 0.916909)
(1.81219 -2.13149 0.92974)
(1.64315 -2.0056 0.91062)
(1.62368 -2.12163 1.04681)
(1.86477 -2.0018 0.898995)
(-1.9704 -1.625 0.613751)
(-1.64265 -1.87818 0.771058)
(-1.76839 -1.62547 0.634614)
(-1.9403 -1.62663 0.796418)
(-1.64427 -1.62589 0.76428)
(-1.77883 -1.87798 0.891997)
(-1.90437 -1.75009 0.87166)
(-1.63939 -1.75184 0.890314)
(-1.50495 -1.87808 0.896532)
(-1.6648 -1.91312 1.06984)
(-1.77628 -1.62549 0.88999)
(-1.89767 -1.50142 0.889788)
(-1.50513 -1.62577 0.886052)
(-1.6392 -1.5003 0.889542)
(-1.63085 -1.62541 1.00954)
(-1.10737 -1.87834 0.769119)
(-1.37477 -1.62625 0.76173)
(-1.11401 -1.62767 0.765589)
(-0.982099 -1.62981 0.637711)
(-1.23611 -1.87854 0.900838)
(-1.37299 -1.7516 0.887642)
(-1.11398 -1.75224 0.890142)
(-0.938284 -1.91153 0.924475)
(-1.11996 -1.8731 1.02866)
(-1.24374 -1.62668 0.888389)
(-1.37434 -1.50076 0.88741)
(-1.37399 -1.62552 1.009)
(-0.991141 -1.62705 0.886831)
(-1.11278 -1.5025 0.898026)
(-1.08925 -1.62769 1.04363)
(-0.690642 -1.66665 0.673587)
(-0.858731 -1.6295 0.764873)
(-0.617499 -1.50394 0.629681)
(-0.864279 -1.74444 0.865687)
(-0.842527 -1.50263 0.902615)
(0.853983 -1.75563 0.638523)
(0.831877 -1.88301 0.794299)
(0.690642 -1.66665 0.673587)
(0.858732 -1.6295 0.764873)
(0.982101 -1.62981 0.637712)
(0.854132 -1.50611 0.639352)
(0.864279 -1.74444 0.865687)
(0.938284 -1.91153 0.924475)
(0.991143 -1.62705 0.886831)
(0.842527 -1.50263 0.902615)
(1.37198 -1.87775 0.769051)
(1.11402 -1.62767 0.765591)
(1.3748 -1.62625 0.761729)
(1.23612 -1.87854 0.900838)
(1.11398 -1.75224 0.890143)
(1.373 -1.7516 0.887644)
(1.50495 -1.87808 0.896533)
(1.37012 -1.87709 1.01408)
(1.24376 -1.62668 0.888391)
(1.1128 -1.5025 0.898028)
(1.08925 -1.62769 1.04363)
(1.50516 -1.62577 0.886049)
(1.37447 -1.50075 0.88742)
(1.37402 -1.62552 1.00901)
(1.88718 -1.75031 0.631855)
(1.92971 -1.87886 0.789496)
(1.7684 -1.62547 0.634609)
(1.64428 -1.6259 0.764268)
(1.9403 -1.62663 0.796418)
(1.9704 -1.625 0.613751)
(1.88973 -1.5003 0.63323)
(1.77883 -1.87798 0.891997)
(1.63939 -1.75184 0.890312)
(1.90437 -1.75009 0.87166)
(1.77628 -1.62549 0.889987)
(1.63922 -1.50031 0.889514)
(1.63085 -1.62541 1.00954)
(1.89767 -1.50142 0.889788)
(-1.96017 -1.12684 0.614697)
(-1.64466 -1.37435 0.76488)
(-1.77015 -1.12368 0.633547)
(-1.93595 -1.12363 0.796146)
(-1.64309 -1.124 0.762907)
(-1.77622 -1.37329 0.892691)
(-1.89197 -1.24767 0.887384)
(-1.63712 -1.24939 0.888178)
(-1.50511 -1.37506 0.887621)
(-1.63047 -1.37446 1.01508)
(-1.76918 -1.1241 0.887718)
(-1.88871 -0.999292 0.868684)
(-1.50553 -1.12487 0.886767)
(-1.63883 -0.999179 0.889278)
(-1.62932 -1.12478 1.01195)
(-1.11342 -1.37827 0.769854)
(-1.37707 -1.12552 0.761176)
(-1.11675 -1.1282 0.766759)
(-1.2435 -1.37674 0.891808)
(-1.37495 -1.25069 0.887905)
(-1.11257 -1.2548 0.901003)
(-0.983553 -1.37942 0.900203)
(-1.08046 -1.38176 1.06037)
(-1.2468 -1.12657 0.888414)
(-1.37735 -1.00021 0.887698)
(-1.37542 -1.12535 1.01321)
(-0.987586 -1.12971 0.898581)
(-1.11942 -1.00235 0.890238)
(-1.11899 -1.12759 1.0157)
(-0.575772 -1.28513 0.664327)
(-0.643263 -1.37705 0.748354)
(-0.729409 -1.13188 0.637722)
(-0.857187 -1.13154 0.771052)
(-0.584291 -1.13498 0.779627)
(-0.501927 -1.12679 0.623558)
(-0.602887 -1.00803 0.639593)
(-0.744718 -1.376 0.852778)
(-0.809803 -1.29402 0.938238)
(-0.717931 -1.13094 0.90723)
(-0.86139 -1.00566 0.896615)
(-0.869462 -1.12625 1.01107)
(-0.626068 -0.997652 0.87444)
(0.501927 -1.12679 0.623558)
(0.852961 -1.38203 0.773581)
(0.729409 -1.13188 0.637722)
(0.584291 -1.13498 0.779627)
(0.857188 -1.13154 0.771052)
(0.744718 -1.376 0.852778)
(0.809803 -1.29402 0.938238)
(0.983558 -1.37942 0.900203)
(0.717931 -1.13094 0.90723)
(0.626068 -0.997652 0.87444)
(0.987588 -1.12971 0.89858)
(0.86139 -1.00566 0.896615)
(0.869462 -1.12625 1.01107)
(1.37555 -1.37583 0.762125)
(1.11676 -1.12821 0.766751)
(1.37715 -1.12553 0.761077)
(1.24364 -1.37672 0.891823)
(1.11259 -1.2548 0.901001)
(1.37508 -1.2507 0.887868)
(1.50523 -1.37507 0.887577)
(1.37419 -1.37533 1.01395)
(1.24684 -1.12658 0.888395)
(1.11942 -1.00235 0.890233)
(1.11899 -1.12759 1.0157)
(1.50569 -1.12491 0.886465)
(1.37739 -1.00022 0.887643)
(1.37545 -1.12535 1.0132)
(1.88661 -1.24922 0.633298)
(1.94643 -1.3714 0.800274)
(1.77032 -1.12371 0.633246)
(1.64344 -1.12406 0.762264)
(1.93595 -1.12363 0.796146)
(1.96017 -1.12684 0.614697)
(1.89357 -0.998097 0.631615)
(1.77628 -1.3733 0.892584)
(1.63725 -1.24945 0.887781)
(1.89197 -1.24767 0.887384)
(1.77167 -1.12443 0.883291)
(1.63904 -0.999211 0.888901)
(1.62933 -1.12481 1.01182)
(1.88871 -0.999292 0.868684)
(-1.64889 -0.87262 0.762227)
(-1.79641 -0.617558 0.631341)
(-1.89695 -0.615942 0.7546)
(-1.65307 -0.619499 0.7643)
(-1.65411 -0.494077 0.632767)
(-1.77176 -0.873554 0.886046)
(-1.86832 -0.752878 0.872314)
(-1.64571 -0.746163 0.90159)
(-1.51035 -0.874042 0.892309)
(-1.6773 -0.842518 1.06633)
(-1.80634 -0.585473 0.91966)
(-1.5139 -0.621924 0.89507)
(-1.64562 -0.493968 0.89656)
(-1.66635 -0.621728 1.05313)
(-1.12135 -0.876785 0.762658)
(-1.38361 -0.623328 0.763742)
(-1.12418 -0.625761 0.76301)
(-1.24985 -0.875636 0.887791)
(-1.38021 -0.749252 0.890533)
(-1.12306 -0.75111 0.888327)
(-0.993068 -0.878042 0.891991)
(-1.12299 -0.875962 1.00987)
(-1.25233 -0.624793 0.890872)
(-1.38325 -0.4979 0.893184)
(-1.37865 -0.624219 1.01784)
(-0.99613 -0.62672 0.890698)
(-1.12503 -0.500408 0.891992)
(-1.12411 -0.625673 1.01621)
(-0.605563 -0.757291 0.636796)
(-0.606214 -0.882487 0.766175)
(-0.865364 -0.628934 0.768129)
(-0.601922 -0.633669 0.771621)
(-0.480219 -0.632783 0.634825)
(-0.736248 -0.881241 0.897006)
(-0.864994 -0.754209 0.897596)
(-0.576631 -0.762133 0.919783)
(-0.733265 -0.63191 0.902804)
(-0.867818 -0.502822 0.896468)
(-0.869961 -0.627261 1.01811)
(-0.499465 -0.623053 0.894619)
(-0.606936 -0.507022 0.90422)
(-0.602731 -0.632194 0.992681)
(-0.371672 -0.623598 0.742421)
(0.361394 -0.743012 0.617952)
(0.371672 -0.623598 0.742421)
(0.480223 -0.632782 0.634819)
(0.305691 -0.547535 0.673958)
(0.499465 -0.623053 0.894619)
(0.86312 -0.880004 0.768553)
(0.601938 -0.633659 0.771642)
(0.86537 -0.62893 0.768135)
(0.736248 -0.881241 0.897006)
(0.576631 -0.762133 0.919783)
(0.864994 -0.754209 0.897597)
(0.993069 -0.878042 0.89199)
(0.844054 -0.880394 1.04355)
(0.733268 -0.631908 0.902808)
(0.606948 -0.507013 0.904298)
(0.602731 -0.632194 0.992681)
(0.996132 -0.626719 0.890699)
(0.867822 -0.50282 0.896475)
(0.869961 -0.627261 1.01811)
(1.12418 -0.625761 0.76301)
(1.38361 -0.623328 0.763737)
(1.24986 -0.875637 0.887781)
(1.12306 -0.75111 0.888326)
(1.38021 -0.749253 0.890524)
(1.51038 -0.874047 0.892253)
(1.37722 -0.874955 1.01621)
(1.25234 -0.624793 0.89087)
(1.12503 -0.500408 0.891992)
(1.12411 -0.625673 1.01621)
(1.5139 -0.621924 0.895065)
(1.38325 -0.497899 0.893184)
(1.37865 -0.624219 1.01784)
(1.93148 -0.740691 0.633574)
(1.92985 -0.876928 0.747311)
(1.79641 -0.617559 0.631338)
(1.65307 -0.6195 0.764292)
(1.89695 -0.615942 0.7546)
(1.89231 -0.492668 0.630697)
(1.77182 -0.873562 0.885946)
(1.64572 -0.746164 0.90157)
(1.86832 -0.752878 0.872314)
(1.80634 -0.585473 0.91966)
(1.64562 -0.493968 0.896559)
(1.66635 -0.621728 1.05313)
(-1.65729 -0.242422 0.63361)
(-1.65564 -0.367258 0.768491)
(-1.79859 -0.118764 0.626427)
(-1.65839 -0.116487 0.763201)
(-1.5258 -0.118933 0.634062)
(-1.65165 0.00554948 0.631474)
(-1.7757 -0.376083 0.874296)
(-1.69434 -0.206728 0.929059)
(-1.52115 -0.368853 0.902297)
(-1.6283 -0.376031 1.03266)
(-1.52331 -0.118259 0.897995)
(-1.65584 0.00227192 0.897739)
(-1.39119 -0.120652 0.768138)
(-1.2552 -0.3738 0.894077)
(-1.38938 -0.245858 0.896743)
(-0.998329 -0.375854 0.894292)
(-1.12473 -0.375608 1.02439)
(-1.25836 -0.122761 0.896197)
(-1.39331 0.00532173 0.901248)
(-1.38637 -0.121334 1.02289)
(-1.13012 -0.124684 1.03071)
(-0.609237 -0.382168 0.770091)
(-0.619692 -0.128825 0.763828)
(-0.738893 -0.379208 0.903046)
(-0.872198 -0.251247 0.895687)
(-0.616518 -0.253885 0.893666)
(-0.447663 -0.416396 0.924852)
(-0.614914 -0.377865 1.04328)
(-0.74724 -0.126699 0.893885)
(-0.874553 -0.125356 1.02663)
(-0.494605 -0.131051 0.889657)
(-0.623498 -0.002329 0.888604)
(-0.621814 -0.127468 1.01242)
(-0.124016 -0.265913 0.628446)
(-0.123489 -0.359558 0.739184)
(-0.369826 -0.132284 0.759116)
(-0.126642 -0.140171 0.760559)
(-0.338053 -0.284661 0.90627)
(-0.122088 -0.288441 0.920255)
(-0.251354 -0.134979 0.884838)
(-0.371475 -0.160039 1.0292)
(-0.00532848 -0.153235 0.896301)
(-0.176714 -0.17575 1.04901)
(0.362804 -0.259401 0.632654)
(0.307239 -0.428357 0.795659)
(0.12492 -0.140171 0.760557)
(0.369649 -0.132284 0.759117)
(0.122088 -0.288441 0.920255)
(0.338053 -0.284661 0.90627)
(0.447663 -0.416396 0.924852)
(0.251031 -0.134979 0.884838)
(0.176714 -0.17575 1.04901)
(0.494582 -0.131051 0.889658)
(0.371475 -0.160039 1.0292)
(0.869193 -0.377451 0.768362)
(0.619676 -0.128824 0.763832)
(0.738898 -0.379206 0.903055)
(0.616518 -0.253884 0.893671)
(0.872199 -0.251247 0.895689)
(0.99833 -0.375853 0.894293)
(0.871058 -0.376254 1.02397)
(0.747238 -0.126699 0.893887)
(0.623486 -0.00233014 0.888608)
(0.621813 -0.127468 1.01242)
(0.874553 -0.125356 1.02663)
(1.38807 -0.371591 0.767085)
(1.39119 -0.120652 0.768135)
(1.5258 -0.118933 0.634062)
(1.2552 -0.3738 0.894077)
(1.38938 -0.245858 0.896742)
(1.52115 -0.368853 0.902296)
(1.3834 -0.372371 1.0224)
(1.25836 -0.122761 0.896194)
(1.13012 -0.124684 1.03071)
(1.52331 -0.118259 0.897995)
(1.39331 0.00532102 0.901242)
(1.38637 -0.121334 1.02289)
(1.83501 -0.261771 0.616202)
(1.84108 -0.381485 0.739573)
(1.79859 -0.118764 0.626427)
(1.65839 -0.116487 0.763201)
(1.7757 -0.376083 0.874296)
(1.69434 -0.206728 0.929059)
(1.65584 0.00227192 0.897739)
(-1.64343 0.252579 0.63014)
(-1.67564 0.162782 0.796409)
(-1.7092 0.37172 0.616063)
(-1.65698 0.375109 0.754651)
(-1.52674 0.379012 0.63432)
(-1.68239 0.506447 0.654925)
(-1.6099 0.251433 0.878115)
(-1.51596 0.129157 0.89419)
(-1.54434 0.385229 0.928728)
(-1.39209 0.377955 0.766595)
(-1.26085 0.12745 0.897937)
(-1.39438 0.254357 0.902255)
(-1.13215 0.125451 1.0332)
(-1.25957 0.376745 0.893296)
(-1.38865 0.50201 0.892353)
(-1.40666 0.376574 1.03294)
(-1.12736 0.375251 1.02736)
(-0.625083 0.122772 0.76452)
(-0.750358 0.123985 0.899259)
(-0.627184 0.247274 0.897574)
(-0.62558 0.123633 1.01827)
(-0.876247 0.374134 1.0432)
(-0.630577 0.369855 1.02957)
(0.750349 0.12398 0.899267)
(0.627165 0.247261 0.897617)
(0.875489 0.124806 1.03963)
(0.630545 0.369828 1.02967)
(0.876219 0.374106 1.04324)
(1.39173 0.128947 0.769454)
(1.39196 0.377887 0.766229)
(1.52672 0.379001 0.634269)
(1.26084 0.127444 0.89789)
(1.39437 0.25435 0.9022)
(1.51596 0.129156 0.894187)
(1.42537 0.134487 1.05532)
(1.2594 0.376682 0.892741)
(1.12729 0.375217 1.0271)
(1.54434 0.385229 0.928728)
(1.38856 0.501938 0.891604)
(1.40666 0.376574 1.03294)
(1.7092 0.37172 0.616063)
(1.65698 0.375109 0.754651)
(1.6099 0.251433 0.878115)
(-1.66562 0.753475 0.632636)
(-1.63178 0.625675 0.739817)
(-1.61867 0.871022 0.735511)
(-1.53688 0.876184 0.630696)
(-1.6534 0.99759 0.620992)
(-1.53034 0.626503 0.909957)
(-1.52348 0.871907 0.895895)
(-1.39493 0.876802 0.765264)
(-1.13354 0.875952 0.767289)
(-1.25821 0.626236 0.891734)
(-1.38586 0.753232 0.89365)
(-1.13082 0.750912 0.895935)
(-1.12743 0.625095 1.02044)
(-1.26015 0.877158 0.902199)
(-1.39019 1.00257 0.897818)
(-1.37222 0.877303 1.01824)
(-1.00484 0.875012 0.894293)
(-1.13359 1.00093 0.895177)
(-1.12908 0.875796 1.02174)
(-0.632018 0.620622 1.02434)
(-0.881936 0.873195 1.0231)
(-0.630993 0.873065 1.01741)
(0.880944 0.620512 1.02784)
(0.631015 0.873161 1.01887)
(1.00479 0.874969 0.894314)
(0.882415 0.874724 1.02721)
(1.39067 0.626211 0.759819)
(1.1332 0.875639 0.764659)
(1.39446 0.876203 0.762034)
(1.5365 0.876 0.630729)
(1.25679 0.625625 0.885902)
(1.12965 0.750255 0.890303)
(1.3845 0.750892 0.885906)
(1.53044 0.626473 0.909878)
(1.39467 0.624713 1.01985)
(1.25987 0.87682 0.895717)
(1.13349 1.00079 0.893307)
(1.12892 0.875585 1.01915)
(1.52356 0.871981 0.895814)
(1.38996 1.00245 0.894764)
(1.36932 0.875294 1.02068)
(1.61479 0.871057 0.735753)
(-1.63395 1.24984 0.611654)
(-1.52733 1.3797 0.633124)
(-1.58605 1.49013 0.615079)
(-1.48924 1.12379 0.899807)
(-1.13801 1.12604 0.767307)
(-1.27218 1.37992 0.636724)
(-1.4003 1.3818 0.774216)
(-1.13774 1.3773 0.763425)
(-1.27168 1.12585 0.902395)
(-1.42353 1.26064 0.94158)
(-1.1367 1.25085 0.891164)
(-1.13304 1.12469 1.01326)
(-1.26518 1.37809 0.895098)
(-1.40863 1.50401 0.902144)
(-1.13484 1.50181 0.885417)
(-1.13015 1.37509 1.00659)
(1.40464 1.25292 0.639767)
(1.40685 1.1276 0.77793)
(1.27107 1.3788 0.636249)
(1.13684 1.37655 0.763006)
(1.39915 1.37875 0.774868)
(1.52668 1.37772 0.63383)
(1.39765 1.50686 0.633749)
(1.2715 1.12581 0.901749)
(1.13649 1.25068 0.89091)
(1.42353 1.26064 0.94158)
(1.48922 1.12375 0.899826)
(1.37728 1.12839 0.984453)
(1.26466 1.37756 0.894924)
(1.13389 1.50103 0.885114)
(1.13006 1.37501 1.00652)
(1.40629 1.50027 0.906799)
(-1.14075 1.62905 0.760686)
(-1.28061 1.88661 0.632897)
(-1.40062 1.87092 0.745002)
(-1.15318 1.88365 0.76149)
(-1.15687 2.01164 0.632016)
(-1.26233 1.62788 0.883075)
(-1.38464 1.7483 0.867222)
(-1.14345 1.7539 0.886734)
(-1.13076 1.62551 1.01082)
(-1.32192 1.91578 0.91951)
(-1.15676 2.00826 0.893685)
(-1.14036 1.87824 1.01665)
(1.39598 1.75577 0.629459)
(1.38904 1.62805 0.755707)
(1.2798 1.88654 0.632544)
(1.15224 1.88361 0.761191)
(1.39944 1.87318 0.746646)
(1.38554 2.00497 0.629518)
(1.26042 1.62657 0.883538)
(1.14177 1.75403 0.886786)
(1.39303 1.74777 0.866104)
(1.322 1.91565 0.919387)
(1.15661 2.00824 0.893662)
(1.14002 1.87832 1.01672)
(-1.15663 2.25934 0.629498)
(-1.1567 2.13464 0.760077)
(-1.24887 2.38077 0.6242)
(-1.13819 2.37748 0.754128)
(-1.13158 2.50151 0.62336)
(-1.2701 2.13593 0.878116)
(-1.14849 2.25268 0.888192)
(-1.17398 2.1347 1.0485)
(-1.22938 2.3755 0.863988)
(-1.13393 2.50059 0.886053)
(-1.17319 2.3733 1.04446)
(1.24887 2.38077 0.6242)
(1.13819 2.37747 0.75414)
(1.2701 2.13593 0.878116)
(1.14851 2.25266 0.888273)
(1.22938 2.3755 0.863988)
(1.13393 2.50059 0.88606)
(1.17319 2.3733 1.04446)
(-4.01548 2.87398 0.88614)
(-3.74909 2.87722 0.621936)
(-3.88163 2.86839 0.70015)
(-3.62563 2.84878 0.739829)
(-3.50232 2.84177 0.596364)
(-3.63883 2.98658 0.604317)
(-3.8636 2.72329 0.844763)
(-3.61329 2.69202 0.864181)
(-3.75652 2.85244 0.855104)
(-3.94791 3.04418 0.829141)
(-3.89877 2.87437 0.986876)
(-3.48951 2.84597 0.875806)
(-3.62704 2.9958 0.876627)
(-3.60603 2.84858 1.00462)
(-3.34305 2.83812 0.752464)
(-3.35014 2.98691 0.887536)
(-3.35017 2.88157 0.992495)
(-1.18167 2.78492 0.588705)
(-1.12155 2.62519 0.751617)
(-1.13478 2.87536 0.752531)
(-1.02216 2.87477 0.623094)
(-1.18024 2.99534 0.5907)
(-1.20953 2.62429 0.863887)
(-1.13413 2.751 0.882428)
(-1.01581 2.62613 0.886861)
(-1.17488 2.63071 1.0253)
(-1.19687 2.87036 0.865008)
(-1.02715 2.87493 0.889158)
(-1.19032 3.00417 0.921339)
(-1.15853 2.87449 1.00052)
(-0.900539 2.8744 1.02069)
(1.02216 2.87477 0.623094)
(1.01581 2.62613 0.886869)
(0.897552 2.62479 1.02129)
(1.02715 2.87493 0.889158)
(0.900539 2.8744 1.02069)
(1.13478 2.87536 0.752531)
(1.20953 2.62429 0.863887)
(1.13413 2.751 0.882428)
(1.19687 2.87036 0.865008)
(1.19032 3.00417 0.921339)
(1.15853 2.87449 1.00052)
(3.34305 2.83812 0.752464)
(3.50232 2.84177 0.596364)
(3.36204 2.96395 0.613191)
(3.48951 2.84597 0.875805)
(3.35014 2.98692 0.887536)
(3.35017 2.88157 0.992495)
(3.74909 2.87722 0.621936)
(3.62564 2.84878 0.739828)
(3.88163 2.86839 0.70015)
(3.61329 2.69202 0.864181)
(3.8636 2.72329 0.844763)
(3.87163 2.59792 1.00857)
(3.75652 2.85244 0.855104)
(3.62704 2.9958 0.876625)
(3.60603 2.84858 1.00462)
(4.01548 2.87398 0.88614)
(3.94791 3.04418 0.829141)
(3.89877 2.87437 0.986876)
(-3.66455 3.26932 0.612369)
(-3.64741 3.13227 0.745257)
(-3.68171 3.42918 0.750022)
(-3.53275 3.40966 0.631407)
(-3.77844 3.14587 0.873834)
(-3.63972 3.27849 0.888246)
(-3.49239 3.13336 0.894643)
(-3.62126 3.14229 1.02434)
(-3.49058 3.40738 0.918407)
(-3.09013 3.24412 0.637879)
(-3.09559 3.13841 0.752705)
(-3.23522 3.3854 0.644292)
(-3.36825 3.39366 0.776124)
(-3.12678 3.37317 0.752446)
(-3.01509 3.37824 0.628425)
(-3.09738 3.50858 0.656771)
(-3.2177 3.12442 0.906418)
(-3.33148 3.28985 0.929169)
(-3.25636 3.36834 0.848122)
(-1.15047 3.24528 0.622523)
(-1.14739 3.12272 0.754352)
(-1.25449 3.37581 0.624856)
(-1.1499 3.3739 0.755129)
(-1.02672 3.37232 0.626108)
(-1.15925 3.49881 0.626696)
(-1.18749 3.2519 0.919352)
(-1.03488 3.12437 0.891333)
(-1.14556 3.12594 1.01338)
(-1.03417 3.37338 0.889402)
(-1.19312 3.49708 0.918584)
(-1.14849 3.37377 1.0138)
(-0.902469 3.37324 1.01653)
(1.02672 3.37232 0.626107)
(1.03488 3.12437 0.891333)
(0.904595 3.1237 1.01983)
(1.03417 3.37338 0.889401)
(0.902376 3.37325 1.01651)
(1.25449 3.37581 0.624856)
(1.1499 3.3739 0.755128)
(1.18749 3.2519 0.919352)
(1.19312 3.49708 0.918584)
(1.14849 3.37377 1.0138)
(3.01509 3.37824 0.628425)
(3.36007 3.11568 0.76031)
(3.23501 3.38523 0.644295)
(3.12678 3.37317 0.752446)
(3.36793 3.3934 0.776187)
(3.53311 3.40948 0.630985)
(3.3871 3.53561 0.647821)
(3.2177 3.12442 0.906418)
(3.33148 3.28985 0.929169)
(3.49242 3.13337 0.894626)
(3.38068 3.1256 1.02503)
(3.25636 3.36834 0.848122)
(3.49058 3.40738 0.918407)
(3.8958 3.11399 0.761997)
(3.68171 3.42918 0.750022)
(3.77844 3.14587 0.873833)
(3.63973 3.2785 0.888238)
(3.9092 3.16028 1.00059)
(-1.1585 3.74776 0.630612)
(-1.15927 3.6248 0.756309)
(-1.30264 3.87507 0.654605)
(-1.15377 3.87421 0.754355)
(-1.15211 3.99906 0.631342)
(-1.19226 3.71594 0.926196)
(-1.14877 3.62419 1.02079)
(-1.22652 3.8796 0.867171)
(-1.1392 3.99868 0.87833)
(-1.15917 3.87126 1.02705)
(1.30264 3.87507 0.654605)
(1.15377 3.87421 0.754354)
(1.19226 3.71594 0.926196)
(1.22652 3.8796 0.867171)
(1.1392 3.99868 0.87833)
(1.15917 3.87126 1.02705)
(-1.14499 4.24656 0.632061)
(-1.14822 4.12488 0.753997)
(-1.31816 4.33003 0.670367)
(-1.15233 4.36921 0.758005)
(-1.1498 4.49392 0.634516)
(-1.24606 4.12546 0.87444)
(-1.14432 4.24865 0.882115)
(-1.14025 4.12391 1.01025)
(-1.27681 4.37192 0.877837)
(-1.15838 4.4962 0.889937)
(-1.15139 4.37531 1.01289)
(1.31816 4.33003 0.670367)
(1.15232 4.36921 0.758004)
(1.39422 4.50247 0.620606)
(1.24606 4.12546 0.87444)
(1.14432 4.24865 0.882115)
(1.27681 4.37192 0.877837)
(1.15837 4.49621 0.889943)
(1.15139 4.37531 1.01289)
(-1.55181 4.82449 0.678187)
(-1.66683 4.94662 0.689838)
(-1.15362 4.62235 0.769139)
(-1.27013 4.86941 0.649022)
(-1.43611 4.83573 0.810918)
(-1.14335 4.87868 0.779148)
(-1.31161 4.62505 0.925438)
(-1.15591 4.7548 0.906125)
(-1.0232 4.62977 0.899944)
(-1.18115 4.6697 1.07304)
(-1.29532 4.87954 0.930914)
(-1.37807 5.00316 0.878458)
(-1.01188 4.88602 0.904428)
(-1.13409 5.00436 0.90534)
(-1.1255 4.88762 1.04224)
(-0.62606 4.63702 1.02627)
(-0.879289 5.01369 0.906985)
(-0.879462 4.8852 1.03213)
(-0.499201 4.88629 0.901696)
(-0.624368 5.01698 0.91179)
(-0.624606 4.88612 1.03773)
(-0.374467 4.88553 0.770555)
(-0.124076 4.88556 0.770301)
(-0.374297 4.76067 0.894405)
(-0.124135 4.76013 0.895858)
(-0.123607 4.63964 1.02166)
(-0.249007 4.88609 0.895624)
(-0.37433 5.01527 0.900462)
(-0.374406 4.88482 1.01903)
(1.20051e-08 4.89107 0.899581)
(-0.121845 5.01033 0.897266)
(-0.0911798 4.92478 1.06685)
(0.124076 4.88556 0.770301)
(0.374467 4.88553 0.770557)
(0.124135 4.76013 0.895858)
(0.374297 4.76067 0.894406)
(0.373715 4.63546 1.01965)
(0.249007 4.88609 0.895624)
(0.121845 5.01033 0.897266)
(0.0911798 4.92478 1.06685)
(0.499202 4.8863 0.901699)
(0.37433 5.01527 0.900463)
(0.374406 4.88482 1.01903)
(1.023 4.62995 0.900107)
(0.882803 4.6367 1.0254)
(0.62437 5.01698 0.911793)
(0.624607 4.88613 1.03773)
(1.01198 4.88601 0.904466)
(0.879294 5.01369 0.907001)
(0.879467 4.88521 1.03213)
(1.39581 4.73884 0.637244)
(1.39961 4.6244 0.745263)
(1.27013 4.8694 0.649017)
(1.14325 4.87871 0.77913)
(1.43611 4.83573 0.810918)
(1.55181 4.82449 0.678187)
(1.39071 4.99337 0.653362)
(1.31161 4.62505 0.925438)
(1.15572 4.75499 0.906192)
(1.29532 4.87954 0.930914)
(1.13408 5.00437 0.905343)
(1.1255 4.88762 1.04224)
(1.37807 5.00316 0.878458)
(1.87606 5.01276 0.636786)
(-1.63617 5.25442 0.667487)
(-1.61752 5.12976 0.781878)
(-1.78736 5.38449 0.679766)
(-1.62433 5.37208 0.752078)
(-1.51028 5.39813 0.659766)
(-1.62075 5.54387 0.668101)
(-1.12617 5.27363 0.654308)
(-1.13253 5.13757 0.786612)
(-1.25105 5.4091 0.658253)
(-1.37796 5.41932 0.807253)
(-1.11854 5.44044 0.81422)
(-0.995033 5.40697 0.648211)
(-1.12473 5.54909 0.648212)
(-1.25642 5.12876 0.927492)
(-1.36062 5.23599 0.878179)
(-1.12568 5.2572 0.924895)
(-1.00441 5.13446 0.908376)
(-1.11659 5.11689 0.968273)
(-0.625364 5.26755 0.642015)
(-0.625335 5.14215 0.783698)
(-0.748566 5.39482 0.634516)
(-0.878757 5.43583 0.804419)
(-0.626283 5.42268 0.782398)
(-0.502992 5.3888 0.63314)
(-0.626262 5.48548 0.624486)
(-0.752926 5.13942 0.914303)
(-0.873559 5.29473 0.930296)
(-0.62405 5.29161 0.946081)
(-0.499453 5.13637 0.913012)
(-0.625111 5.12123 1.02292)
(-0.491305 5.39336 0.863597)
(-0.122371 5.13814 0.774085)
(-0.376444 5.38503 0.77282)
(-0.078411 5.43352 0.808863)
(-0.124036 5.50693 0.632198)
(-0.249768 5.13574 0.903517)
(-0.374991 5.29793 0.938968)
(-0.116925 5.29424 0.927759)
(2.47387e-10 5.13363 0.893442)
(-0.124868 5.11469 0.996193)
(-0.254781 5.36775 0.903371)
(0.374838 5.13899 0.779675)
(0.078411 5.43352 0.808863)
(0.376444 5.38503 0.77282)
(0.502992 5.3888 0.63314)
(0.407349 5.54112 0.659175)
(0.249768 5.13574 0.903517)
(0.116925 5.29424 0.927759)
(0.374991 5.29793 0.938968)
(0.499453 5.13637 0.913012)
(0.37498 5.1206 1.01181)
(0.254781 5.36775 0.903371)
(0.491305 5.39336 0.863597)
(0.875114 5.27579 0.647652)
(0.877465 5.14371 0.782873)
(0.748566 5.39482 0.634516)
(0.626283 5.42268 0.782398)
(0.878757 5.43583 0.804419)
(0.995033 5.40697 0.648212)
(0.872671 5.51411 0.622216)
(0.752927 5.13942 0.914305)
(0.62405 5.29161 0.946081)
(0.873559 5.29473 0.930296)
(1.00441 5.13446 0.908378)
(0.875276 5.11859 1.01333)
(1.38352 5.26499 0.660211)
(1.38385 5.12643 0.787196)
(1.25105 5.4091 0.658253)
(1.11854 5.44044 0.81422)
(1.37796 5.41932 0.807253)
(1.51028 5.39813 0.659766)
(1.38458 5.56482 0.681641)
(1.25642 5.12876 0.927492)
(1.12568 5.2572 0.924895)
(1.36062 5.23599 0.878179)
(1.88051 5.24764 0.650926)
(1.78736 5.38449 0.679766)
(1.62433 5.37208 0.752078)
(-0.159732 5.78511 0.666589)
(-0.121545 5.62207 0.708522)
(-0.247126 5.87754 0.6301)
(-1.52632e-05 5.8757 0.627074)
(-0.164045 6.00059 0.664064)
(0.344442 5.75429 0.595129)
(0.247126 5.87754 0.6301)
(-0.0991079 6.26972 0.664989)
(-0.207364 6.40286 0.632914)
(-1.73472e-17 6.37712 0.609192)
(-0.124345 6.50026 0.579632)
(0.348125 6.24342 0.579494)
(0.207364 6.40286 0.632914)
(0.434513 6.46686 0.590279)
(-0.592362 6.75497 0.624942)
(-0.670179 6.86369 0.754827)
(-0.53723 6.84865 0.621837)
(-0.703027 6.99236 0.65306)
(-0.626601 6.75616 0.879515)
(-0.580665 6.6232 0.879601)
(-0.52191 6.86187 0.880799)
(-0.680958 7.00124 0.873848)
(-0.633494 6.87154 1.00457)
(-0.116392 6.74911 0.617538)
(-0.20969 6.81724 0.677808)
(-0.308294 6.81875 0.798284)
(-0.123195 6.89646 0.757512)
(3.81639e-17 6.8925 0.6042)
(-0.122928 6.98478 0.634018)
(-0.35993 6.75307 0.87608)
(-0.25027 6.90622 0.872502)
(-0.369049 6.98239 0.87893)
(-0.330577 6.82884 0.999431)
(-0.119013 6.96519 0.880175)
(0.329761 6.71034 0.667785)
(0.345248 6.68218 0.767361)
(0.20969 6.81724 0.677808)
(0.123195 6.89646 0.757512)
(0.308294 6.81875 0.798284)
(0.537236 6.84865 0.621837)
(0.35993 6.75307 0.87608)
(0.580665 6.6232 0.879601)
(0.363125 6.68492 0.983572)
(0.25027 6.90622 0.872502)
(0.119013 6.96519 0.880175)
(0.521911 6.86187 0.880799)
(0.369069 6.98239 0.87893)
(0.330577 6.82884 0.999431)
(0.670179 6.86369 0.754827)
(0.626601 6.75616 0.879515)
(0.680958 7.00124 0.873848)
(0.633494 6.87154 1.00457)
(-0.638927 7.2446 0.62278)
(-0.645129 7.12044 0.749297)
(-0.726225 7.37573 0.623052)
(-0.629934 7.37497 0.751189)
(-0.511365 7.37235 0.625134)
(-0.630649 7.4996 0.625626)
(-0.684131 7.2522 0.905709)
(-0.527634 7.12016 0.880454)
(-0.660489 7.12294 1.01412)
(-0.519347 7.3744 0.880231)
(-0.677441 7.4981 0.909514)
(-0.652012 7.37678 1.01873)
(-0.123809 7.1042 0.760909)
(-0.247262 7.10731 0.876572)
(-0.124852 7.24004 0.874336)
(-0.00450949 7.09682 0.88092)
(-0.123793 7.11426 0.999554)
(-0.379681 7.38229 0.98706)
(-0.125581 7.37483 0.995801)
(0.511389 7.37235 0.625134)
(0.247353 7.10731 0.876567)
(0.12507 7.24004 0.874329)
(0.527653 7.12016 0.880454)
(0.380399 7.11491 0.995346)
(0.125826 7.37483 0.9958)
(0.519361 7.3744 0.880231)
(0.379709 7.38229 0.987059)
(0.726225 7.37573 0.623052)
(0.629938 7.37497 0.751189)
(0.684131 7.2522 0.905709)
(0.677441 7.4981 0.909514)
(0.652012 7.37678 1.01873)
(-0.640455 7.75215 0.626618)
(-0.640275 7.62504 0.753476)
(-0.727512 7.86095 0.620183)
(-0.694813 7.91236 0.786557)
(-0.523988 7.88299 0.628266)
(-0.678027 8.03478 0.626693)
(-0.686254 7.75078 0.911362)
(-0.52831 7.62501 0.883576)
(-0.651994 7.62195 1.01697)
(-0.532024 7.88351 0.886735)
(-0.63894 8.00816 0.879066)
(-0.632178 7.87989 1.00493)
(-0.397582 8.01564 0.888451)
(-0.39956 7.8869 1.01823)
(0.523991 7.88299 0.628265)
(0.528316 7.62501 0.883575)
(0.392438 7.62603 1.00791)
(0.532041 7.88349 0.886727)
(0.397551 8.01574 0.888459)
(0.399591 7.8869 1.01829)
(0.727512 7.86095 0.620183)
(0.694813 7.91236 0.786557)
(0.686254 7.75078 0.911362)
(0.63894 8.00816 0.879066)
(0.632178 7.87989 1.00493)
(-0.629666 8.11208 0.746073)
(-0.545698 8.16486 0.913434)
(-0.137338 8.27488 0.630603)
(-0.306827 8.43428 0.622941)
(-0.377529 8.38247 0.754433)
(-0.174644 8.43202 0.801731)
(-0.000536148 8.39241 0.628834)
(-0.110998 8.47759 0.62009)
(-0.263834 8.14813 0.888935)
(-0.424086 8.2983 0.919172)
(-0.132966 8.27682 0.887131)
(-0.131463 8.1485 1.01745)
(-0.246616 8.39174 0.871642)
(-0.00427198 8.43017 0.902557)
(-0.121003 8.38588 0.986683)
(0.388136 8.28085 0.626763)
(0.394313 8.14297 0.75739)
(0.306827 8.43428 0.622941)
(0.174644 8.43202 0.801731)
(0.377529 8.38247 0.754433)
(0.26361 8.14815 0.888927)
(0.132041 8.27682 0.887131)
(0.424086 8.2983 0.919172)
(0.545698 8.16486 0.913434)
(0.393064 8.14523 1.01527)
(0.246616 8.39174 0.871642)
(0.121003 8.38588 0.986683)
(-2.24994 -8.13223 1.12417)
(-2.37315 -8.14581 1.23993)
(-2.16035 -8.09799 1.23678)
(-2.01052 -8.14639 1.12527)
(-2.1211 -8.01342 1.12813)
(-2.27117 -8.04029 1.31578)
(-2.34633 -7.99968 1.33317)
(-2.08922 -8.04264 1.34369)
(-2.12641 -7.99937 1.34673)
(-1.92685 -8.13323 1.22441)
(-1.92988 -7.9956 1.31538)
(1.92685 -8.13323 1.22441)
(2.01052 -8.14639 1.12527)
(1.8015 -8.00597 1.10311)
(2.08922 -8.04264 1.34369)
(1.92988 -7.9956 1.31538)
(2.24994 -8.13223 1.12417)
(2.16035 -8.09799 1.23678)
(2.37315 -8.14581 1.23993)
(2.37706 -8.00455 1.13149)
(2.27117 -8.04029 1.31578)
(2.12641 -7.99937 1.34673)
(2.34633 -7.99968 1.33317)
(-2.56523 -7.95934 1.19174)
(-2.43634 -7.964 1.29977)
(-2.12426 -7.72653 1.12086)
(-2.1301 -7.81861 1.28107)
(-2.07619 -7.95583 1.33922)
(1.89384 -7.73593 1.11166)
(1.92804 -7.9335 1.27923)
(2.07619 -7.95583 1.33922)
(2.37271 -7.8796 1.23902)
(2.43634 -7.964 1.29977)
(1.38342 -1.98641 1.08747)
(-1.61209 -1.74617 1.09037)
(-1.71024 -1.62486 1.08362)
(-1.49872 -1.62488 1.11171)
(-1.61274 -1.50003 1.11607)
(-1.26175 -1.62449 1.09785)
(1.37648 -1.74953 1.1064)
(1.26175 -1.62449 1.09785)
(1.49872 -1.62488 1.11171)
(1.37601 -1.49997 1.12143)
(1.71024 -1.62486 1.08362)
(-1.61401 -1.24971 1.11338)
(-1.49914 -1.12522 1.11663)
(-1.61259 -1.00382 1.11032)
(-1.13416 -1.24629 1.0851)
(-1.2502 -1.12502 1.11273)
(-1.1287 -0.998567 1.10377)
(1.37605 -1.24957 1.1238)
(1.2502 -1.12502 1.11273)
(1.49914 -1.12522 1.11663)
(1.37579 -1.00022 1.12466)
(-1.48965 -0.625539 1.11403)
(-1.12473 -0.750419 1.11762)
(-1.25247 -0.624967 1.13373)
(-1.00143 -0.624473 1.11513)
(-1.12322 -0.501072 1.13167)
(0.885025 -0.745587 1.08152)
(1.00143 -0.624473 1.11513)
(0.884203 -0.498305 1.11397)
(1.37545 -0.750128 1.12376)
(1.25247 -0.624967 1.13373)
(1.48965 -0.625539 1.11403)
(1.37497 -0.500385 1.12138)
(-1.12262 -0.252021 1.14452)
(-1.2512 -0.123784 1.12436)
(-0.999972 -0.12503 1.14332)
(-1.13236 0.00319594 1.14614)
(-0.636527 -0.238489 1.07496)
(-0.751015 -0.123989 1.12815)
(-0.508429 -0.113385 1.06914)
(-0.62564 0.000666682 1.10829)
(5.55112e-17 -0.116245 1.12261)
(-0.12066 -0.0333205 1.15541)
(0.508429 -0.113385 1.06914)
(0.377823 0.00566214 1.11231)
(0.875797 -0.249279 1.12827)
(0.751015 -0.123989 1.12815)
(0.999972 -0.12503 1.14332)
(0.874937 -7.1e-05 1.14507)
(1.36781 -0.250579 1.11326)
(1.2512 -0.123784 1.12436)
(1.36707 -0.00257192 1.09641)
(-1.12441 0.24997 1.14555)
(-1.23827 0.37501 1.10277)
(-1.00038 0.374817 1.15627)
(-1.12422 0.499908 1.13377)
(-0.628759 0.246206 1.16091)
(-0.754233 0.370773 1.17482)
(-0.5462 0.331381 1.19376)
(-0.668598 0.458586 1.1876)
(-0.126333 0.242911 1.15157)
(-0.120621 0.138974 1.23373)
(-0.256901 0.364339 1.15508)
(-0.371459 0.378273 1.27682)
(-0.122598 0.326861 1.29919)
(6.86093e-06 0.357896 1.15171)
(-0.127056 0.49055 1.14819)
(-0.120619 0.513457 1.34475)
(0.415617 0.207832 1.19131)
(0.256973 0.364168 1.15541)
(0.1226 0.326813 1.29924)
(0.371459 0.378273 1.27682)
(0.5462 0.331381 1.19376)
(0.384593 0.490337 1.15716)
(0.1206 0.513625 1.34653)
(0.875188 0.24981 1.15944)
(0.754233 0.370773 1.17482)
(1.00037 0.374809 1.15627)
(0.878813 0.496427 1.1652)
(1.23827 0.375005 1.10277)
(-1.12181 0.748456 1.11773)
(-1.00811 0.874857 1.14371)
(-1.11416 0.999862 1.10835)
(-0.630011 0.748029 1.14386)
(-0.620761 0.630224 1.24586)
(-0.754819 0.873409 1.14173)
(-0.628438 0.874308 1.27773)
(-0.508364 0.872162 1.14754)
(-0.633622 0.999123 1.14151)
(-0.491436 0.877674 1.33564)
(-0.126398 0.747634 1.15059)
(-0.126039 0.621945 1.27193)
(-0.252723 0.87334 1.15165)
(-0.379227 0.873616 1.27658)
(-0.125787 0.87389 1.29163)
(-0.244029 0.631082 1.36)
(-0.363437 0.755894 1.36239)
(-0.125058 0.74987 1.39201)
(5.55112e-17 0.625917 1.38132)
(-0.250006 0.874935 1.39409)
(-0.373812 1.00051 1.38977)
(1.0094e-05 0.87435 1.41668)
(-0.125727 0.99704 1.4247)
(0.382246 0.746502 1.14915)
(0.415999 0.587878 1.3148)
(0.25261 0.87335 1.15244)
(0.125759 0.873901 1.29192)
(0.379184 0.873605 1.27699)
(0.508392 0.872157 1.14823)
(0.37893 0.998877 1.15034)
(0.243993 0.631116 1.36082)
(0.125058 0.74987 1.39201)
(0.363437 0.755894 1.36239)
(0.250019 0.874926 1.39409)
(0.125707 0.997419 1.42472)
(0.491435 0.877675 1.33564)
(0.373759 1.00061 1.3898)
(0.904319 0.747826 1.18215)
(0.754975 0.874445 1.14432)
(0.628437 0.874308 1.27773)
(1.00884 0.874884 1.14868)
(0.913176 0.998613 1.1821)
(1.23981 0.871043 1.08053)
(-1.11512 1.24996 1.10676)
(-1.02865 1.37799 1.15348)
(-1.12055 1.5 1.11556)
(-0.640217 1.24966 1.14898)
(-0.668837 1.12518 1.29196)
(-0.75631 1.37486 1.14953)
(-0.862197 1.37894 1.22584)
(-0.678976 1.37495 1.30228)
(-0.509343 1.3747 1.14943)
(-0.636091 1.4994 1.15536)
(-0.487473 1.12537 1.36134)
(-0.487494 1.37492 1.37356)
(-0.131098 1.11763 1.28989)
(-0.380905 1.37462 1.28341)
(-0.129863 1.37489 1.27874)
(-0.253801 1.12132 1.4199)
(-0.37697 1.24939 1.40542)
(-0.159713 1.21884 1.44323)
(-0.002451 1.10452 1.43755)
(-0.297469 1.378 1.42597)
(-0.381176 1.50051 1.40695)
(0.0324281 1.40915 1.43899)
(-0.122497 1.50427 1.39701)
(-0.11647 1.37759 1.45043)
(0.377886 1.12444 1.28457)
(0.122611 1.37448 1.29795)
(0.37825 1.37498 1.29305)
(0.508647 1.37479 1.15176)
(0.252665 1.12434 1.42032)
(0.142526 1.24543 1.44683)
(0.375112 1.24996 1.40609)
(0.487403 1.12539 1.36136)
(0.253552 1.37563 1.43253)
(0.135316 1.50446 1.45069)
(0.48688 1.375 1.37258)
(0.374687 1.50007 1.40746)
(0.922071 1.21534 1.18907)
(0.756224 1.37485 1.14954)
(0.678912 1.37494 1.3023)
(0.862197 1.37894 1.22584)
(1.02865 1.37799 1.15348)
(0.87986 1.49984 1.13771)
(-1.12071 1.74974 1.1252)
(-1.03366 1.875 1.16375)
(-1.13678 1.99765 1.10473)
(-0.634299 1.74967 1.15517)
(-0.665581 1.62413 1.31404)
(-0.756436 1.87456 1.14434)
(-0.864786 1.87487 1.24147)
(-0.669605 1.84291 1.31433)
(-0.506069 1.8744 1.14953)
(-0.63119 1.99925 1.14371)
(-0.487342 1.62526 1.37492)
(-0.500202 1.87459 1.37188)
(-0.610559 2.0041 1.34301)
(-0.114587 1.63301 1.28909)
(-0.38066 1.87342 1.2849)
(-0.117738 1.8739 1.28889)
(-0.251048 1.61895 1.43274)
(-0.381825 1.75279 1.39939)
(-0.0882751 1.75933 1.4108)
(-0.00327766 1.62406 1.41801)
(-0.252129 1.87008 1.4133)
(-0.38386 1.99675 1.40477)
(0 1.86748 1.37522)
(-0.124315 1.9945 1.42343)
(0.378726 1.62551 1.29387)
(0.118038 1.87378 1.29029)
(0.380828 1.87342 1.28594)
(0.506133 1.87438 1.1501)
(0.262097 1.63013 1.43044)
(0.0850491 1.75719 1.40841)
(0.382527 1.75319 1.39922)
(0.48695 1.62513 1.37503)
(0.252099 1.86985 1.41328)
(0.124315 1.9945 1.42343)
(0.500219 1.87459 1.37188)
(0.38386 1.99675 1.40477)
(0.880919 1.74994 1.14105)
(0.86362 1.62492 1.23732)
(0.756425 1.87455 1.14435)
(0.669605 1.84291 1.31433)
(0.864786 1.87487 1.24147)
(1.03366 1.875 1.16375)
(0.8811 1.99972 1.14199)
(0.610559 2.0041 1.34301)
(-4.13857 2.44008 1.3186)
(-4.09695 2.33547 1.48381)
(-3.85968 2.48854 1.37764)
(-1.04101 2.37337 1.17678)
(-0.63334 2.24752 1.14701)
(-0.630677 2.12321 1.26656)
(-0.763776 2.37169 1.15368)
(-0.876914 2.37642 1.28759)
(-0.634187 2.37111 1.27562)
(-0.622083 2.24805 1.37087)
(-0.507898 2.12198 1.38989)
(-0.744664 2.37813 1.3443)
(-0.508944 2.37027 1.42288)
(-0.629279 2.49681 1.40872)
(-0.125601 2.12068 1.28415)
(-0.380902 2.37091 1.27833)
(-0.126159 2.37202 1.26752)
(-0.25102 2.12289 1.43866)
(-0.382458 2.24419 1.4317)
(-0.126421 2.24616 1.39568)
(0 2.12833 1.41325)
(-0.253317 2.37196 1.39477)
(-0.379157 2.49655 1.39477)
(-0.364697 2.38549 1.45528)
(0.000653783 2.37344 1.38005)
(-0.12446 2.49654 1.39289)
(-0.12405 2.3753 1.47881)
(0.381609 2.12152 1.28682)
(0.126327 2.37202 1.26753)
(0.38091 2.37091 1.27834)
(0.25102 2.12289 1.43866)
(0.12645 2.24616 1.39568)
(0.382458 2.24419 1.4317)
(0.507898 2.12198 1.38989)
(0.25335 2.37196 1.39477)
(0.124541 2.49654 1.39289)
(0.12405 2.3753 1.47881)
(0.508944 2.37027 1.42288)
(0.379161 2.49655 1.39477)
(0.364697 2.38549 1.45528)
(0.886547 2.24824 1.15531)
(0.87096 2.12472 1.25819)
(0.763761 2.37169 1.15367)
(0.634186 2.37111 1.27562)
(0.876914 2.37642 1.28759)
(1.04101 2.37337 1.17678)
(0.894451 2.49791 1.15064)
(0.622083 2.24805 1.37087)
(0.744664 2.37813 1.3443)
(0.629279 2.49681 1.40872)
(3.85968 2.48854 1.37764)
(4.13857 2.44008 1.3186)
(4.09695 2.33547 1.48381)
(-4.16348 2.75343 1.13938)
(-4.18299 2.61127 1.19723)
(-4.15126 2.86246 1.24743)
(-4.03049 2.88265 1.1211)
(-4.28531 2.64329 1.3721)
(-4.18726 2.80309 1.37794)
(-3.99631 2.59693 1.36682)
(-4.15984 2.64601 1.50274)
(-3.99696 2.92752 1.41347)
(-3.55965 2.69517 1.13948)
(-3.73801 2.87207 1.13989)
(-3.87645 2.89788 1.27374)
(-3.58686 2.87274 1.286)
(-3.46388 2.88051 1.15779)
(-3.57706 3.05216 1.19396)
(-3.71829 2.62859 1.37015)
(-3.8539 2.76202 1.40652)
(-3.75273 2.8716 1.41157)
(-1.0519 2.87317 1.17605)
(-0.632767 2.62142 1.26842)
(-0.77227 2.8737 1.14785)
(-0.918563 2.87243 1.29684)
(-0.635905 2.87334 1.2696)
(-0.740561 2.62642 1.39042)
(-0.630042 2.74827 1.38964)
(-0.503954 2.62183 1.39216)
(-0.610401 2.63611 1.44935)
(-0.778453 2.87509 1.40412)
(-0.504391 2.87248 1.4001)
(-0.631804 2.99865 1.39417)
(-0.612867 2.8754 1.48765)
(-0.12503 2.61999 1.27604)
(-0.379543 2.87088 1.27524)
(-0.125446 2.86982 1.27794)
(-0.251534 2.61931 1.40456)
(-0.379725 2.74425 1.40489)
(-0.124016 2.74216 1.41544)
(2.48537e-05 2.61911 1.40332)
(-0.120196 2.61678 1.52319)
(-0.252198 2.86846 1.40959)
(-0.380714 2.99513 1.4034)
(-0.377841 2.87034 1.5524)
(3.96539e-06 2.86875 1.40805)
(-0.125463 2.99624 1.39625)
(-0.122081 2.84092 1.56792)
(0.378941 2.62101 1.2721)
(0.125458 2.86982 1.27794)
(0.379546 2.87088 1.27524)
(0.251541 2.61931 1.40456)
(0.124027 2.74216 1.41544)
(0.379726 2.74425 1.40489)
(0.503954 2.62183 1.39216)
(0.377998 2.62172 1.50077)
(0.252201 2.86846 1.40959)
(0.125477 2.99624 1.39625)
(0.122081 2.84092 1.56792)
(0.504391 2.87248 1.4001)
(0.380716 2.99513 1.4034)
(0.377841 2.87034 1.5524)
(0.900821 2.7487 1.15175)
(0.911966 2.62461 1.28619)
(0.77227 2.8737 1.14785)
(0.635906 2.87334 1.2696)
(0.918563 2.87243 1.29684)
(1.0519 2.87317 1.17605)
(0.907156 2.99904 1.15324)
(0.740561 2.62642 1.39042)
(0.630042 2.74827 1.38964)
(0.778453 2.87509 1.40412)
(0.631804 2.99865 1.39417)
(0.612867 2.8754 1.48765)
(3.46388 2.88051 1.15779)
(3.87939 2.72426 1.11317)
(3.86835 2.58651 1.24485)
(3.73801 2.87207 1.13989)
(3.58686 2.87274 1.286)
(3.87645 2.89788 1.27374)
(4.03049 2.88265 1.1211)
(3.88818 3.02373 1.13573)
(3.71829 2.62859 1.37015)
(3.8539 2.76202 1.40652)
(3.99631 2.59693 1.36682)
(3.83099 2.61202 1.53261)
(3.75273 2.8716 1.41157)
(3.99696 2.92752 1.41347)
(4.15126 2.86246 1.24743)
(4.28531 2.64329 1.3721)
(4.18726 2.80309 1.37794)
(-1.05881 3.36762 1.17597)
(-1.09841 3.50344 1.12465)
(-0.63956 3.12269 1.27616)
(-0.772319 3.3734 1.14502)
(-0.893398 3.37339 1.26787)
(-0.636848 3.37504 1.27418)
(-0.785228 3.12207 1.4186)
(-0.889758 3.25421 1.36898)
(-0.635377 3.24841 1.40932)
(-0.510624 3.12198 1.40282)
(-0.618513 3.12443 1.51389)
(-0.796935 3.37333 1.43038)
(-0.867071 3.50194 1.38793)
(-0.508563 3.37818 1.4001)
(-0.630804 3.5 1.39197)
(-0.621788 3.37642 1.51188)
(-0.126013 3.12404 1.26522)
(-0.379503 3.37751 1.27121)
(-0.125574 3.37949 1.27053)
(-0.252586 3.12361 1.39164)
(-0.380681 3.25041 1.39597)
(-0.125691 3.25158 1.38954)
(3.35814e-05 3.12417 1.38672)
(-0.125316 3.12432 1.50827)
(-0.252006 3.37966 1.39734)
(-0.377933 3.50577 1.40249)
(-0.379156 3.37893 1.51789)
(0.000326265 3.38041 1.39733)
(-0.12459 3.51039 1.41043)
(-0.124831 3.37969 1.51965)
(0.380992 3.12319 1.27089)
(0.125828 3.37949 1.27053)
(0.379543 3.37752 1.27122)
(0.252607 3.12361 1.39165)
(0.125811 3.25158 1.38954)
(0.380697 3.25041 1.39597)
(0.510625 3.12198 1.40282)
(0.380266 3.12264 1.51912)
(0.252097 3.37966 1.39734)
(0.124957 3.51038 1.41043)
(0.124974 3.37969 1.51965)
(0.508569 3.37818 1.40011)
(0.377959 3.50577 1.40249)
(0.379163 3.37893 1.51789)
(0.90851 3.2465 1.15013)
(0.932147 3.1148 1.30048)
(0.772221 3.37342 1.14506)
(0.636853 3.37506 1.27425)
(0.893568 3.37335 1.26779)
(1.05881 3.36762 1.17597)
(0.899003 3.49787 1.14156)
(0.785228 3.12207 1.4186)
(0.635378 3.24841 1.40932)
(0.889758 3.25421 1.36898)
(0.796935 3.37333 1.43038)
(0.630805 3.5 1.39197)
(0.621788 3.37642 1.51188)
(0.867071 3.50194 1.38793)
(-1.11494 3.74601 1.12206)
(-1.13953 3.87944 1.23479)
(-1.02552 3.87237 1.13315)
(-1.16569 3.99465 1.13425)
(-0.969848 3.6189 1.37482)
(-1.04695 3.87873 1.4165)
(-0.63059 3.62405 1.26914)
(-0.897373 3.87421 1.27045)
(-0.627492 3.88079 1.27739)
(-0.758928 3.61976 1.38987)
(-0.89964 3.74201 1.40063)
(-0.626263 3.75165 1.40168)
(-0.499178 3.62377 1.40131)
(-0.628194 3.59582 1.53246)
(-0.757204 3.88739 1.40738)
(-0.885039 4.0048 1.40539)
(-0.87259 3.88186 1.54631)
(-0.49433 3.88236 1.41002)
(-0.624966 4.0067 1.4093)
(-0.627377 3.91006 1.56187)
(-0.124826 3.6322 1.27685)
(-0.371126 3.88038 1.27435)
(-0.124023 3.87932 1.26508)
(-0.250109 3.63319 1.40781)
(-0.368178 3.75287 1.40668)
(-0.124634 3.75582 1.39603)
(0.000776957 3.63549 1.41073)
(-0.126067 3.64509 1.537)
(-0.247349 3.87925 1.39182)
(-0.370177 4.00831 1.3995)
(-0.363489 3.87935 1.52059)
(7.22587e-05 3.87785 1.38442)
(-0.119631 4.03468 1.41925)
(-0.12577 3.86483 1.47012)
(0.374908 3.62834 1.27598)
(0.124111 3.87932 1.26508)
(0.371143 3.88038 1.27435)
(0.250196 3.63319 1.40781)
(0.124841 3.75582 1.39603)
(0.368194 3.75287 1.40668)
(0.499185 3.62377 1.40131)
(0.373736 3.63158 1.53797)
(0.247368 3.87925 1.39182)
(0.119631 4.03468 1.41925)
(0.12577 3.86483 1.47012)
(0.494332 3.88236 1.41002)
(0.370178 4.00831 1.3995)
(0.363489 3.87935 1.52059)
(0.894677 3.74553 1.13777)
(0.891095 3.62048 1.2611)
(0.627494 3.88079 1.27739)
(0.897373 3.87421 1.27045)
(1.02552 3.87237 1.13315)
(0.758928 3.61976 1.38987)
(0.626265 3.75165 1.40168)
(0.89964 3.74201 1.40063)
(0.969848 3.6189 1.37482)
(0.870298 3.62094 1.49486)
(0.757204 3.88739 1.40738)
(0.624966 4.0067 1.4093)
(0.627377 3.91006 1.56187)
(1.04695 3.87873 1.4165)
(0.885039 4.0048 1.40539)
(0.87259 3.88186 1.54631)
(1.13953 3.87944 1.23479)
(-1.17345 4.24785 1.17803)
(-1.15701 4.12102 1.24221)
(-1.01883 4.38166 1.15376)
(-1.15416 4.49437 1.15374)
(-0.992074 4.12481 1.40254)
(-0.626844 4.25786 1.14065)
(-0.625882 4.13403 1.27269)
(-0.754202 4.38444 1.14439)
(-0.907764 4.41526 1.30998)
(-0.625348 4.38346 1.26177)
(-0.499284 4.38413 1.14155)
(-0.625677 4.51355 1.14577)
(-0.786668 4.17564 1.4409)
(-0.871818 4.25091 1.39219)
(-0.625021 4.27604 1.40287)
(-0.461238 4.17323 1.43711)
(-0.624948 4.10846 1.48389)
(-0.745722 4.36283 1.35356)
(-0.503785 4.36313 1.35356)
(-0.124107 4.25467 1.13605)
(-0.124039 4.1295 1.26314)
(-0.247692 4.38283 1.14445)
(-0.338503 4.4209 1.31034)
(-0.123259 4.40572 1.28706)
(4.13788e-06 4.38053 1.13574)
(-0.12364 4.51034 1.14134)
(-0.24901 4.13101 1.41079)
(-0.370839 4.25859 1.38224)
(-0.1253 4.23893 1.35223)
(0 4.13564 1.38162)
(0.373057 4.25729 1.14174)
(0.371419 4.13379 1.27108)
(0.247694 4.38283 1.14445)
(0.123259 4.40572 1.28706)
(0.338503 4.4209 1.31034)
(0.499285 4.38413 1.14155)
(0.372434 4.50829 1.14269)
(0.24901 4.13101 1.41079)
(0.1253 4.23893 1.35223)
(0.370839 4.25859 1.38224)
(0.461238 4.17323 1.43711)
(0.503785 4.36313 1.35356)
(0.886807 4.25618 1.1495)
(0.886871 4.13375 1.2777)
(0.754202 4.38444 1.14439)
(0.625348 4.38346 1.26177)
(0.907764 4.41526 1.30998)
(1.01882 4.38166 1.15376)
(0.881866 4.50878 1.14683)
(0.786668 4.17564 1.4409)
(0.625021 4.27604 1.40287)
(0.871818 4.25091 1.39219)
(0.992074 4.12481 1.40254)
(0.745722 4.36283 1.35356)
(-0.992758 4.86881 1.0986)
(-0.62622 4.79222 1.18783)
(-0.625 4.62045 1.26127)
(-0.74991 4.87054 1.14837)
(-0.499922 4.8706 1.13658)
(-0.124062 4.75617 1.1438)
(-0.253854 4.8631 1.10778)
(0.377932 4.78524 1.16016)
(0.378875 4.61293 1.23532)
(0.253854 4.8631 1.10778)
(0.499922 4.8706 1.13658)
(0.871548 4.79272 1.16674)
(0.870551 4.61242 1.23783)
(0.74991 4.87054 1.14837)
(0.992758 4.86881 1.0986)
(-0.567261 6.83218 1.17253)
(-0.624689 6.99999 1.12066)
(-0.24766 6.90256 1.12572)
(-0.280422 6.82651 1.20291)
(-0.131473 6.92451 1.25736)
(-0.120851 6.97332 1.12182)
(-0.263841 6.90311 1.44549)
(-0.392422 6.99934 1.39677)
(-0.0119815 6.88677 1.35577)
(-0.131979 7.0002 1.3976)
(-0.164898 6.95565 1.48582)
(0.349573 6.75577 1.05035)
(0.24766 6.90256 1.12572)
(0.131473 6.92451 1.25736)
(0.280422 6.82651 1.20291)
(0.567261 6.83218 1.17253)
(0.358036 6.97838 1.11885)
(0.263841 6.90311 1.44549)
(0.134931 7.0002 1.3976)
(0.164898 6.95565 1.48582)
(0.392422 6.99934 1.39677)
(-0.623228 7.24544 1.13336)
(-0.590114 7.11263 1.20733)
(-0.580062 7.43716 1.19751)
(-0.443316 7.33425 1.17472)
(-0.61409 7.50459 1.11805)
(-0.466699 7.07183 1.34527)
(-0.168974 7.27323 1.16958)
(-0.191122 7.18324 1.27662)
(-0.258329 7.37012 1.13741)
(-0.375767 7.42176 1.20919)
(-0.1651 7.34466 1.25928)
(9.29276e-05 7.37326 1.12615)
(-0.127543 7.49719 1.12562)
(-0.262842 7.11424 1.42593)
(-0.235686 7.25171 1.37522)
(-0.0151642 7.146 1.41544)
(-0.128295 7.12626 1.46266)
(-0.231088 7.38918 1.33245)
(-0.404312 7.54995 1.3807)
(-0.00122088 7.36789 1.38055)
(-0.140235 7.49287 1.40396)
(-0.119731 7.3724 1.47177)
(0.388982 7.23149 1.11727)
(0.374469 7.14136 1.24421)
(0.258329 7.37012 1.13741)
(0.1651 7.34466 1.25928)
(0.375767 7.42176 1.20919)
(0.443316 7.33425 1.17472)
(0.373437 7.4911 1.11683)
(0.262842 7.11424 1.42593)
(0.235686 7.25171 1.37522)
(0.466699 7.07183 1.34527)
(0.231088 7.38918 1.33245)
(0.140618 7.49287 1.40396)
(0.119731 7.3724 1.47177)
(0.404312 7.54995 1.3807)
(0.580062 7.43716 1.19751)
(-0.5954 7.74927 1.12553)
(-0.547629 7.88204 1.16044)
(-0.460799 7.63033 1.32924)
(-0.132691 7.62284 1.27202)
(-0.266717 7.88904 1.14944)
(-0.414935 7.88069 1.28996)
(-0.13047 7.89368 1.28049)
(-0.132322 8.0183 1.15003)
(-0.298649 7.63125 1.43923)
(-0.38661 7.75537 1.358)
(-0.132249 7.75767 1.40679)
(-0.00103445 7.62774 1.41352)
(-0.110528 7.62423 1.51377)
(-0.245207 7.87512 1.40646)
(0.00359772 7.92396 1.44248)
(-0.121121 7.99143 1.39128)
(0.399859 7.75761 1.14705)
(0.38095 7.61652 1.27203)
(0.266754 7.88905 1.14945)
(0.130845 7.89368 1.28049)
(0.414935 7.88069 1.28996)
(0.547629 7.88204 1.16044)
(0.428423 8.05167 1.18539)
(0.298649 7.63125 1.43923)
(0.13222 7.75767 1.40679)
(0.38661 7.75537 1.358)
(0.460799 7.63033 1.32924)
(0.245207 7.87512 1.40646)
(0.121121 7.99143 1.39128)
(-0.119308 8.2769 1.15113)
(-0.118941 8.15223 1.27838)
(0.365149 8.22459 1.0996)
(-4.05411 2.41158 1.71002)
(-4.11031 2.49986 1.64411)
(4.2855 2.4255 1.7039)
(4.05411 2.41158 1.71002)
(-4.11751 2.76062 1.61426)
(-4.12718 2.6724 1.74913)
(-0.124471 3.01164 1.59623)
(0.363195 3.01181 1.57996)
(-0.125033 3.24884 1.61562)
(-0.248755 3.36284 1.60556)
(-2.77556e-17 3.36335 1.60124)
(0.36284 3.24915 1.60101)
(0.248755 3.36284 1.60556)
(-0.638521 3.74996 1.59409)
(-0.251894 5.25747 0.253078)
(0.251894 5.25747 0.253078)
(-1.1478 1.89239 0.110173)
(1.14782 1.89235 0.110054)
(-0.388365 5.63812 0.386301)
(0.388364 5.63812 0.386301)
(-0.377352 5.38607 0.637503)
(-0.119816 5.38996 0.642472)
(0.119816 5.38996 0.642472)
(0.377352 5.38607 0.637503)
(-0.371885 6.8587 0.631653)
(0.371908 6.8587 0.631653)
(-2.58425 -8.08379 0.375318)
(2.58425 -8.08379 0.375318)
(-1.38708 4.62199 0.378274)
(1.38708 4.62199 0.37827)
(-2.58444 -8.09608 0.617116)
(-2.55531 -8.11963 0.863886)
(2.58444 -8.09608 0.617116)
(2.55531 -8.11963 0.863886)
(-2.55791 -8.11881 1.11099)
(2.55791 -8.11881 1.11099)
(-8.81567e-08 5.00442 0.251123)
(-1.07592e-07 5.38507 0.510183)
(-1.1458 1.76282 0.240405)
(1.1456 1.76272 0.240133)
(-0.258401 5.63496 0.255343)
(0.258401 5.63496 0.255343)
(-0.249375 5.26371 0.646045)
(0.249375 5.26371 0.646045)
(-1.01669 1.76416 0.110941)
(1.01682 1.76406 0.110636)
(-1.01768 1.88814 0.239218)
(1.01763 1.8881 0.239121)
(-0.383483 5.51286 0.257099)
(0.383483 5.51286 0.257099)
(-0.377187 5.26236 0.513565)
(-0.124077 5.26142 0.513882)
(0.124077 5.26142 0.513882)
(-2.10208e-08 5.26375 0.641409)
(0.377187 5.26236 0.513565)
(-0.257435 5.51068 0.383697)
(-0.251863 5.38611 0.512635)
(0.257435 5.51068 0.383697)
(0.251863 5.38611 0.512635)
(-1.26243 4.62088 0.252193)
(1.26242 4.62088 0.252189)
(-1.38226 4.74643 0.251919)
(-1.26224 4.74561 0.380313)
(1.38225 4.74643 0.251914)
(1.26222 4.74561 0.380295)
(1.14601 1.76449 0.110921)
(-1.38423 4.62115 0.252102)
(-0.250619 5.00471 0.251148)
(0.250619 5.00471 0.251148)
(-1.11384e-07 5.25669 0.252321)
(-0.384659 5.51357 0.384851)
(-0.379078 5.38776 0.511518)
(-0.124155 5.38602 0.512306)
(0.384658 5.51357 0.384851)
(0.124154 5.38602 0.512306)
(0.379078 5.38776 0.511518)
(-0.385374 5.63811 0.257418)
(-0.376185 5.26404 0.644592)
(0.121965 5.26472 0.644527)
(-0.385539 6.98497 0.629175)
(-1.146 1.76467 0.11145)
(-1.14674 1.89003 0.238611)
(-1.01748 1.8916 0.109295)
(1.14667 1.89 0.23851)
(1.01752 1.89156 0.109186)
(-0.259428 5.63465 0.384307)
(0.385374 5.63811 0.257418)
(0.259428 5.63465 0.384307)
(-0.121965 5.26472 0.644527)
(-0.249683 5.38661 0.642263)
(-4.04432e-08 5.38754 0.637471)
(0.376185 5.26404 0.644592)
(0.249683 5.38661 0.642263)
(0.385738 6.98497 0.629176)
(-2.5822 -8.08168 0.25804)
(-2.58241 -8.082 0.499923)
(2.5822 -8.08168 0.25804)
(2.58241 -8.082 0.499923)
(-1.26553 4.6205 0.379702)
(-1.38482 4.74535 0.379422)
(1.38423 4.62115 0.2521)
(1.26553 4.6205 0.379694)
(1.3848 4.74536 0.379405)
(-2.58459 -8.10244 0.749895)
(-2.5534 -8.13409 0.996245)
(2.58459 -8.10244 0.749895)
(2.5534 -8.13409 0.996245)
(-2.5653 -8.04257 1.19167)
(2.5653 -8.04257 1.19167)
(-1.87931 -4.87274 -0.399175)
(-0.874854 -0.385292 -0.401026)
(0.615327 -0.387498 -0.392885)
(1.13532 -0.3813 -0.401142)
(-0.753137 0.247278 -0.260942)
(0.1192 0.120549 -0.381372)
(0.753152 0.247281 -0.260938)
(-0.754549 0.752993 -0.259299)
(0.754631 0.75304 -0.259315)
(0.124199 1.13006 -0.383476)
(1.14438 1.13305 -0.392273)
(2.14418 -5.87617 0.146347)
(-1.86667 -5.38047 0.145149)
(2.1566 -5.37706 0.149449)
(1.6031 -4.8808 0.13844)
(2.14949 -4.8741 0.133512)
(-1.3525 -3.88009 0.121054)
(1.09804 -2.88179 0.111823)
(1.64909 -2.87487 0.113595)
(1.64355 -2.37567 0.111703)
(1.64588 -1.87485 0.111419)
(-1.25177 -1.25109 0.247168)
(1.25177 -1.25109 0.247159)
(1.64925 -1.37449 0.12033)
(0.602031 -0.880321 0.12135)
(1.64675 -0.873322 0.118184)
(-0.745671 -0.254641 0.250744)
(-0.363905 -0.389218 0.124608)
(0.745669 -0.25464 0.250744)
(-0.249227 0.245418 0.25103)
(0.249199 0.24541 0.251039)
(-1.39164 0.62686 0.117853)
(-1.40248 1.12776 0.116161)
(-0.755958 1.25306 0.247394)
(-0.250785 1.25169 0.248338)
(0.250756 1.25168 0.248475)
(0.755971 1.25301 0.247414)
(-0.251466 1.75339 0.243376)
(0.251446 1.75336 0.243494)
(0.636043 2.13498 0.104277)
(-0.381732 2.62608 0.103415)
(0.125715 2.62572 0.106133)
(0.638168 3.11874 0.101795)
(-2.86037 3.60398 0.116765)
(-0.889747 3.61874 0.107505)
(-2.35725 4.10922 0.128876)
(-0.757368 4.24729 0.244367)
(-0.25072 4.24947 0.243378)
(0.250721 4.24947 0.243377)
(0.757364 4.2473 0.244366)
(1.14794 4.11629 0.115779)
(2.63408 4.12986 0.124192)
(-2.39345 4.63489 0.126165)
(-1.38299 4.62094 0.123945)
(-0.753118 4.75124 0.249383)
(-0.250341 4.7523 0.249275)
(0.25034 4.7523 0.249274)
(0.753109 4.75124 0.249374)
(-0.384464 5.64 0.128865)
(0.127518 6.13089 0.108854)
(-0.393932 7.62626 0.11418)
(0.13068 8.15595 0.106467)
(-1.36951 -2.88043 0.643184)
(1.64161 -2.87884 0.643989)
(1.1036 -2.37929 0.641762)
(1.64228 -2.37763 0.644095)
(-0.853953 -1.38132 0.641782)
(1.65327 -0.872267 0.630513)
(-1.39502 0.626684 0.632723)
(-1.40764 1.12752 0.639629)
(-0.252048 1.24968 0.760556)
(0.251643 1.24978 0.762166)
(-0.251656 1.75057 0.76018)
(0.251876 1.75055 0.761354)
(-0.25235 2.24983 0.756741)
(0.252364 2.24983 0.756829)
(-0.252532 2.74912 0.754581)
(0.252536 2.74912 0.754585)
(-3.36434 3.10305 0.621336)
(-0.895237 3.12188 0.624136)
(-0.253072 3.24975 0.754073)
(0.253095 3.24975 0.754074)
(-0.251724 3.75099 0.755051)
(0.251756 3.75099 0.755052)
(1.14699 4.62063 0.637143)
(-1.38601 5.12717 0.657973)
(1.13041 5.13773 0.653008)
(-0.389789 7.11335 0.625673)
(0.127744 7.11097 0.631169)
(-0.393768 8.14424 0.627384)
(-0.379697 1.12385 1.14979)
(0.127053 1.12211 1.15825)
(-0.378818 1.62543 1.1534)
(0.126913 1.62643 1.16353)
(-0.37971 2.12261 1.1512)
(0.125803 2.12247 1.15035)
(0.634799 2.62279 1.14228)
(-0.890237 4.12927 1.14627)
(-0.372892 4.13157 1.14118)
(0.124165 4.12931 1.13664)
(0.130471 7.62516 1.13613)
(-0.884282 0.118035 -0.65398)
(-0.622075 0.115016 -0.652135)
(-0.887204 0.372346 -0.65027)
(-0.357961 0.11101 -0.653552)
(-0.363546 0.372398 -0.649827)
(0.357994 0.11101 -0.65355)
(0.363572 0.372397 -0.649804)
(0.622073 0.115014 -0.652131)
(0.884258 0.117977 -0.653978)
(0.887207 0.372346 -0.650272)
(-0.883588 0.883231 -0.645005)
(-0.624223 0.883559 -0.645394)
(-0.367661 0.627807 -0.646442)
(-0.370621 0.880721 -0.64272)
(0.367766 0.6278 -0.646242)
(0.371203 0.880577 -0.641667)
(0.624353 0.883547 -0.645206)
(0.883829 0.883485 -0.645223)
(-2.11318 -6.62657 -0.141251)
(2.1132 -6.62657 -0.141198)
(-2.12808 -6.37854 -0.144026)
(-2.14504 -6.12817 -0.14228)
(2.12828 -6.37859 -0.143235)
(2.14534 -6.12814 -0.140076)
(-2.15104 -5.87726 -0.130181)
(-2.1571 -5.62762 -0.129597)
(-1.86529 -5.63162 -0.125499)
(1.86545 -5.63153 -0.125326)
(2.15094 -5.87695 -0.128391)
(2.15709 -5.62756 -0.129326)
(-2.16495 -5.37752 -0.133921)
(-2.16762 -5.12488 -0.133903)
(-1.8769 -5.1262 -0.397745)
(1.87696 -5.1262 -0.397791)
(2.16498 -5.37752 -0.133846)
(2.16766 -5.12488 -0.133861)
(-2.16097 -4.87258 -0.131745)
(-2.15502 -4.6159 -0.136163)
(-1.59583 -4.87869 -0.125885)
(1.87933 -4.8728 -0.399182)
(1.59605 -4.88005 -0.125945)
(2.16097 -4.87259 -0.131742)
(2.15502 -4.6159 -0.136163)
(-1.89907 -4.11058 -0.146418)
(1.89909 -4.11058 -0.146421)
(-1.62851 -3.87005 -0.149955)
(1.62849 -3.87005 -0.149955)
(-1.37957 -2.12764 -0.15147)
(-1.11323 -2.12875 -0.149201)
(1.11322 -2.12875 -0.149198)
(1.37954 -2.12763 -0.151449)
(-1.11365 -1.87974 -0.144786)
(1.11364 -1.87974 -0.144786)
(-0.857428 -1.37894 -0.139369)
(-0.860857 -1.12905 -0.138954)
(0.857428 -1.37894 -0.139369)
(0.860856 -1.12905 -0.138954)
(-0.607442 -0.635619 -0.135145)
(0.607442 -0.635619 -0.135145)
(-1.13532 -0.3813 -0.401139)
(-1.39398 -0.12423 -0.137778)
(-0.362232 -0.388258 -0.128712)
(-0.118578 -0.138377 -0.130715)
(0.362233 -0.388258 -0.128712)
(0.11863 -0.138377 -0.130715)
(1.39398 -0.12423 -0.137778)
(-1.39659 0.12661 -0.135379)
(-1.39991 0.376967 -0.134288)
(1.39659 0.12661 -0.13538)
(1.39992 0.376967 -0.13429)
(-1.14197 0.879457 -0.388376)
(1.14241 0.879883 -0.388927)
(-1.14414 1.1327 -0.392004)
(-1.14322 1.38501 -0.141992)
(-0.884133 1.39032 -0.398744)
(-0.626396 1.38738 -0.393678)
(-0.124131 1.1301 -0.383632)
(-0.374504 1.38338 -0.390431)
(0.37445 1.38332 -0.390278)
(0.626369 1.38727 -0.39348)
(0.88414 1.39028 -0.398683)
(1.14367 1.38492 -0.142304)
(-0.884448 1.6377 -0.143339)
(-0.377977 1.88125 -0.143195)
(-0.123514 1.88249 -0.146153)
(0.123497 1.88247 -0.146131)
(0.377859 1.88115 -0.143015)
(0.884753 1.63746 -0.143277)
(-0.375945 3.86983 -0.151164)
(0.375944 3.86983 -0.15116)
(-1.14026 4.36035 -0.150914)
(-0.883309 4.11552 -0.15054)
(-0.627371 4.12064 -0.150346)
(-0.626604 4.37195 -0.142209)
(-0.375571 4.12225 -0.155502)
(-0.124681 4.12328 -0.147108)
(-0.124284 4.37301 -0.140606)
(0.124681 4.12328 -0.147109)
(0.375571 4.12225 -0.155505)
(0.124284 4.37301 -0.140606)
(0.62737 4.12064 -0.150353)
(0.883324 4.11551 -0.150612)
(0.626601 4.37195 -0.14221)
(1.14027 4.36034 -0.150925)
(-1.62818 4.87255 -0.138322)
(-1.38679 4.61622 -0.138114)
(-1.3805 4.87216 -0.138871)
(1.38679 4.61622 -0.138114)
(1.3805 4.87216 -0.138871)
(1.62818 4.87255 -0.138321)
(-1.63254 5.12935 -0.147156)
(-1.6363 5.39229 -0.150782)
(-1.37851 5.39159 -0.141644)
(-1.12712 5.38925 -0.1389)
(1.12712 5.38925 -0.1389)
(1.37851 5.39159 -0.141644)
(1.63254 5.12935 -0.147154)
(1.63629 5.39229 -0.150782)
(-0.634351 5.64872 -0.130752)
(-0.379415 5.64175 -0.140362)
(-0.123692 5.63477 -0.144145)
(0.123692 5.63477 -0.144145)
(0.379415 5.64175 -0.140362)
(0.634351 5.64872 -0.130752)
(-0.131562 7.36979 -0.147505)
(0.131753 7.36979 -0.147505)
(-0.129832 7.62707 -0.146161)
(0.130104 7.62707 -0.146161)
(-2.1446 -5.876 0.146841)
(-2.14919 -5.62711 0.152466)
(2.14916 -5.62712 0.15246)
(-2.1566 -5.37706 0.149443)
(-2.1572 -5.12519 0.138131)
(-1.86927 -5.1293 0.143402)
(1.86667 -5.38047 0.14515)
(1.86927 -5.12931 0.143402)
(2.1572 -5.12519 0.138135)
(-2.14949 -4.8741 0.133512)
(-1.60307 -4.88058 0.13845)
(-1.60238 -4.63254 0.140447)
(1.60243 -4.63283 0.140427)
(-1.89634 -4.11745 0.127448)
(-1.62011 -4.13437 0.399705)
(1.89635 -4.11745 0.127445)
(1.61973 -4.13442 0.399547)
(-1.35549 -3.6286 0.115376)
(-1.34975 -3.8853 0.385365)
(-1.35405 -3.63082 0.385109)
(1.35251 -3.8801 0.121075)
(1.3555 -3.62861 0.115378)
(1.34975 -3.8853 0.385371)
(1.35405 -3.63082 0.385111)
(-1.64363 -3.12351 0.10993)
(-1.64025 -3.12491 0.378451)
(1.64363 -3.12351 0.109932)
(1.64025 -3.1249 0.378459)
(-1.64909 -2.87487 0.113593)
(-1.64613 -2.62565 0.116175)
(-1.09803 -2.88181 0.111777)
(-1.10489 -2.62966 0.117609)
(-1.10588 -2.62922 0.378623)
(1.1049 -2.62965 0.117638)
(1.10593 -2.62916 0.378796)
(1.64613 -2.62565 0.116173)
(-1.64354 -2.37567 0.111752)
(-1.64502 -2.12572 0.108223)
(1.64501 -2.12572 0.108213)
(-1.64588 -1.87485 0.111417)
(-1.65031 -1.62425 0.118376)
(-0.857112 -1.63071 0.12059)
(-0.856519 -1.62999 0.378829)
(0.857112 -1.63071 0.120589)
(0.856519 -1.62999 0.378829)
(1.65031 -1.62425 0.118375)
(-1.64925 -1.37449 0.120335)
(-1.6456 -1.12418 0.120723)
(-1.64455 -1.12401 0.372561)
(1.64559 -1.12418 0.1207)
(1.64455 -1.12401 0.372544)
(-1.64676 -0.873325 0.118202)
(-1.65327 -0.872608 0.371266)
(-1.6557 -0.620854 0.371546)
(-0.602031 -0.880321 0.12135)
(-0.60272 -0.880964 0.378171)
(0.60272 -0.880964 0.37817)
(1.65328 -0.872608 0.371256)
(1.6557 -0.620854 0.371546)
(-0.122693 -0.142655 0.124327)
(-0.363422 -0.387313 0.378678)
(-0.123561 -0.139824 0.376888)
(0.363904 -0.389218 0.124608)
(0.122689 -0.142655 0.124328)
(0.363416 -0.387313 0.378678)
(0.123417 -0.139825 0.376888)
(-1.39944 0.878304 0.117868)
(-1.40408 0.877579 0.375794)
(1.39167 0.626843 0.117846)
(1.39951 0.878259 0.117867)
(1.40423 0.8774 0.375722)
(-1.41042 1.12815 0.375851)
(-1.40352 1.38037 0.374316)
(1.40252 1.12774 0.116151)
(1.41045 1.12805 0.375873)
(1.40329 1.38017 0.374239)
(-1.14816 1.8878 0.369329)
(1.14799 1.88778 0.369218)
(-0.636046 2.13499 0.10427)
(-0.638063 2.38192 0.10521)
(-0.891276 2.38223 0.362814)
(0.638058 2.38192 0.105217)
(0.891312 2.38224 0.362786)
(-0.63592 2.87229 0.106997)
(-0.125784 2.62572 0.106133)
(-0.379366 2.87348 0.101529)
(-0.124995 2.87457 0.103482)
(0.381715 2.62608 0.103422)
(0.124987 2.87457 0.103482)
(0.379362 2.87348 0.101531)
(0.635916 2.87229 0.107002)
(-3.39583 3.38204 0.364647)
(-3.10798 3.35841 0.376313)
(-0.638168 3.11874 0.101794)
(-0.635694 3.36906 0.102608)
(-0.894148 3.12113 0.36667)
(0.635695 3.36906 0.102608)
(0.894148 3.12113 0.36667)
(3.10865 3.35952 0.376792)
(3.39549 3.38102 0.364023)
(-2.8961 3.88818 0.116224)
(-2.60424 3.85531 0.130447)
(2.86037 3.60398 0.116766)
(2.60424 3.85531 0.130463)
(2.8961 3.88818 0.116227)
(-2.63409 4.12982 0.123621)
(-1.14794 4.11629 0.115783)
(-1.14591 4.12213 0.375998)
(-1.14492 4.37054 0.379275)
(1.14591 4.12213 0.375998)
(1.14492 4.37054 0.379273)
(2.35723 4.1092 0.128903)
(-1.62705 4.87171 0.125204)
(1.62705 4.87171 0.125204)
(2.39345 4.63489 0.126165)
(-1.89538 5.39712 0.122268)
(-1.88738 5.12895 0.394919)
(-1.63766 5.40044 0.390781)
(-1.12532 5.39032 0.127091)
(-1.37738 5.40019 0.386713)
(-1.12448 5.39444 0.382658)
(-0.877493 5.38911 0.12931)
(-0.628206 5.38653 0.38264)
(0.877493 5.38911 0.12931)
(0.628206 5.38653 0.38264)
(1.12532 5.39032 0.127091)
(1.12448 5.39444 0.382658)
(1.37738 5.40019 0.386713)
(1.89537 5.39712 0.12227)
(1.88738 5.12895 0.39492)
(1.63766 5.40044 0.390781)
(-0.132534 5.87683 0.3828)
(0.384464 5.64 0.128865)
(0.132523 5.87683 0.3828)
(-0.127549 6.13089 0.108852)
(-0.135704 6.12344 0.383996)
(0.135661 6.12344 0.383994)
(-0.130668 6.86874 0.107418)
(-0.128842 6.87174 0.368746)
(0.130711 6.86874 0.107418)
(0.12896 6.87174 0.368746)
(-0.398017 7.36933 0.111101)
(-0.397387 7.11602 0.3684)
(0.398034 7.36933 0.111101)
(0.397505 7.11602 0.368401)
(-0.397429 7.88517 0.112907)
(0.393948 7.62626 0.11418)
(0.397445 7.88517 0.112907)
(-0.130786 8.15595 0.106467)
(-0.3925 8.14651 0.369247)
(0.392507 8.14651 0.369247)
(-1.6416 -2.87886 0.643955)
(-1.64202 -2.628 0.643593)
(1.3696 -2.88019 0.643584)
(1.64202 -2.62799 0.643606)
(-1.64228 -2.37763 0.644093)
(-1.10359 -2.37929 0.641735)
(-1.10733 -2.1288 0.639115)
(1.10733 -2.1288 0.639118)
(0.853954 -1.38132 0.641782)
(-1.65324 -0.872263 0.630566)
(-1.65791 -0.619616 0.631771)
(-1.37891 -0.874812 0.889212)
(-0.606055 -0.632333 0.638236)
(0.606068 -0.632327 0.638222)
(1.37893 -0.874814 0.889186)
(1.65791 -0.619617 0.631765)
(-1.12603 -0.375105 0.894387)
(-1.12946 -0.124229 0.898436)
(-0.874075 -0.125716 0.896825)
(-0.124775 -0.139242 0.630323)
(0.123884 -0.139243 0.630327)
(0.874074 -0.125716 0.896825)
(1.12603 -0.375105 0.894388)
(1.12946 -0.12423 0.898433)
(-1.39283 0.37766 0.634983)
(-1.13114 0.125999 0.900895)
(-1.12952 0.375602 0.897581)
(-0.875879 0.124659 0.903221)
(-0.876767 0.374137 0.904732)
(-0.628787 0.3714 0.898656)
(0.87587 0.124654 0.903217)
(0.628745 0.371366 0.89878)
(0.876713 0.374088 0.904756)
(1.39276 0.377625 0.634781)
(1.13112 0.125993 0.900848)
(1.12939 0.375541 0.8971)
(-1.40198 0.876651 0.634062)
(-1.12963 0.625419 0.893879)
(-0.878768 0.623288 0.896296)
(-0.879981 0.874192 0.892864)
(0.878682 0.622989 0.897118)
(0.880158 0.874472 0.894553)
(1.39482 0.626522 0.631893)
(1.40162 0.876323 0.633056)
(1.12895 0.625081 0.890589)
(1.40733 1.12721 0.639533)
(-1.15157 1.8847 0.631278)
(1.15089 1.88468 0.630993)
(-0.891547 2.87456 0.624752)
(-0.896629 2.87467 0.887972)
(0.891549 2.87456 0.624752)
(0.896629 2.87467 0.887972)
(-3.63385 3.13933 0.885181)
(-3.38196 3.39599 0.639401)
(-0.90122 3.12398 0.888416)
(-0.900872 3.37365 0.887255)
(0.895237 3.12188 0.624136)
(0.901214 3.12398 0.888416)
(0.900847 3.37366 0.88725)
(3.36437 3.10311 0.621358)
(3.38072 3.39466 0.639143)
(3.63386 3.13933 0.885176)
(-1.14706 4.62064 0.63721)
(-0.88128 4.8864 0.904625)
(-0.625392 4.88759 0.90633)
(-0.124182 4.63496 0.892184)
(0.124183 4.63496 0.892185)
(0.625395 4.88759 0.906339)
(0.881295 4.88642 0.9047)
(-1.13041 5.13773 0.653008)
(1.38601 5.12717 0.657975)
(-0.124596 7.11097 0.631165)
(-0.381431 7.11339 0.876259)
(-0.385296 7.37524 0.872321)
(-0.126147 7.37166 0.872519)
(0.390135 7.11335 0.625676)
(0.381508 7.11339 0.876256)
(0.126455 7.37166 0.872517)
(0.385359 7.37524 0.872317)
(-0.393668 7.62651 0.881248)
(-0.398855 7.88517 0.887315)
(0.393693 7.6265 0.881245)
(0.398977 7.88502 0.887225)
(-0.132727 8.14781 0.88845)
(0.393752 8.14425 0.627383)
(0.131942 8.14782 0.888448)
(-0.126238 0.873361 1.15543)
(0.126129 0.873374 1.15592)
(-0.128013 1.12181 1.15533)
(-0.380978 1.37459 1.15089)
(0.379018 1.12423 1.15264)
(0.125318 1.37473 1.16046)
(0.379298 1.37488 1.15802)
(-0.121844 1.62798 1.1542)
(-0.379116 1.87413 1.15291)
(-0.122653 1.87455 1.15433)
(0.379258 1.62534 1.15925)
(0.123263 1.87443 1.15585)
(0.379349 1.87411 1.15426)
(-0.634383 2.37212 1.14764)
(-0.125779 2.12248 1.15019)
(-0.379816 2.37213 1.14584)
(0.379735 2.12261 1.15137)
(0.379823 2.37213 1.14586)
(0.634373 2.37212 1.14763)
(-0.6348 2.62279 1.14228)
(-0.894451 3.87358 1.13814)
(0.894449 3.87358 1.13814)
(-0.124147 4.12931 1.13664)
(0.372896 4.13157 1.14118)
(0.890236 4.12927 1.14627)
(-0.130432 7.62516 1.13612)
(-0.132561 7.8895 1.14882)
(0.132715 7.8895 1.14883)
(-0.615327 -0.387498 -0.392885)
(0.874855 -0.385292 -0.401027)
(-0.118606 0.120549 -0.381373)
(0.889747 3.61874 0.107505)
(1.38298 4.62094 0.123944)
(-0.377202 0.119003 0.888654)
(0.377132 0.118996 0.88867)
(-0.881902 1.12442 0.892997)
(0.881881 1.12445 0.893141)
(-0.898246 3.62397 0.88538)
(0.89824 3.62398 0.88538)
(-0.491817 0.115186 -0.521513)
(0.491854 0.115185 -0.52151)
(-0.886467 0.499755 -0.519326)
(-0.493442 0.500466 -0.646523)
(-0.493576 0.372347 -0.517671)
(-0.368017 0.499841 -0.516546)
(-0.495865 0.627253 -0.516095)
(0.493479 0.500464 -0.646462)
(0.493609 0.372347 -0.517645)
(0.368075 0.499838 -0.516463)
(0.495956 0.627241 -0.515937)
(0.886485 0.499769 -0.519339)
(-1.01527 1.00757 -0.391252)
(-0.498191 0.881453 -0.516078)
(4.92212e-05 1.00381 -0.381057)
(0.498427 0.881385 -0.515674)
(1.0157 1.00807 -0.391793)
(-2.01303 -5.50423 -0.128218)
(-2.16164 -5.50256 0.00856901)
(-2.01489 -5.37834 0.00906882)
(2.01308 -5.5042 -0.128116)
(2.16163 -5.50256 0.00861159)
(2.01491 -5.37834 0.00909353)
(-2.02588 -4.99917 -0.13249)
(-2.01936 -5.12642 0.00512977)
(-2.1628 -4.99952 0.00199224)
(-1.87298 -5.00322 0.0101704)
(-2.02206 -4.87376 0.00205074)
(-2.01311 -5.00103 0.138627)
(2.02589 -4.99918 -0.132481)
(2.01937 -5.12643 0.00514358)
(1.873 -5.00328 0.0101686)
(2.16281 -4.99952 0.00199742)
(2.02207 -4.87379 0.00205058)
(2.01311 -5.00104 0.138628)
(-1.60559 -4.50435 0.00608148)
(1.60566 -4.50476 0.00602074)
(-1.62635 -3.99624 -0.0165156)
(1.62634 -3.99624 -0.0165291)
(-1.49153 -3.50112 0.112464)
(1.49152 -3.50112 0.112461)
(-1.51152 -3.00022 0.106487)
(1.51152 -3.00022 0.106493)
(-1.51262 -2.50087 0.115764)
(1.51262 -2.50087 0.115761)
(-1.38101 -2.00254 -0.019944)
(-1.51493 -2.00081 0.111755)
(-1.11075 -2.00445 -0.016891)
(1.11074 -2.00445 -0.0168888)
(1.381 -2.00254 -0.0199306)
(1.51492 -2.00081 0.111761)
(-1.51863 -1.49976 0.119422)
(-0.987933 -1.3781 -0.0118379)
(-0.987276 -1.50373 0.119871)
(0.987933 -1.3781 -0.0118389)
(0.987276 -1.50373 0.11987)
(1.51863 -1.49976 0.119418)
(-1.51628 -0.999016 0.119681)
(-0.990477 -1.00326 -0.140129)
(-0.990447 -1.12797 -0.011146)
(-0.862745 -1.00376 -0.0100243)
(0.990477 -1.00326 -0.140132)
(0.990446 -1.12797 -0.0111488)
(0.862745 -1.00376 -0.0100262)
(1.51627 -0.999009 0.119643)
(-0.610111 -0.509735 -0.0063119)
(-0.487239 -0.386884 -0.00301578)
(0.610112 -0.509735 -0.00631201)
(0.48724 -0.386884 -0.0030156)
(-1.39226 0.00103093 -0.0085826)
(9.07644e-05 -0.0102601 -0.128995)
(1.22941e-05 -0.140721 -0.00344833)
(-0.12199 -0.0114267 -0.00286747)
(0.122044 -0.0114268 -0.00286713)
(1.28447e-06 -0.0128672 0.124067)
(1.39227 0.00103088 -0.00858263)
(-8.90048e-06 0.49775 0.25111)
(-6.3892e-06 1.0006 0.249944)
(-1.01361 1.38363 -0.0135478)
(-0.884284 1.51017 -0.0145683)
(-4.31597e-06 1.50237 0.246606)
(1.01396 1.38354 -0.0138021)
(0.884572 1.50999 -0.0146463)
(-0.507824 2.00793 0.108333)
(-1.09966e-05 1.88109 -0.0167)
(0.507813 2.00791 0.108361)
(-0.000124296 2.50081 0.111073)
(-0.50847 2.99655 0.101895)
(-1.88578e-06 2.99884 0.107563)
(0.508468 2.99655 0.101896)
(-0.506482 3.49509 0.104506)
(0.506482 3.49509 0.104506)
(-0.37593 3.99685 -0.0215092)
(-0.501591 4.12187 -0.0208887)
(6.16731e-08 4.12361 -0.014989)
(0.375931 3.99685 -0.0215101)
(0.501591 4.12187 -0.0208934)
(-1.00861 4.4899 -0.14891)
(-1.01189 4.36487 -0.0189714)
(-1.13856 4.49043 -0.0162501)
(-0.501911 4.50013 0.246936)
(-0.500795 4.49817 -0.137333)
(-0.501111 4.37293 -0.0136149)
(-0.626462 4.49793 -0.0109508)
(7.35085e-08 4.50071 0.247352)
(2.68168e-09 4.49861 -0.134246)
(7.93027e-09 4.37375 -0.0111068)
(-0.124802 4.49901 -0.00887149)
(0.124802 4.49901 -0.00887158)
(0.501909 4.50013 0.246934)
(0.500794 4.49817 -0.137332)
(0.501109 4.37293 -0.0136168)
(0.62646 4.49793 -0.0109526)
(1.00862 4.48989 -0.148923)
(1.01195 4.36484 -0.0189875)
(1.13856 4.49043 -0.0162575)
(-1.50484 4.99935 -0.140912)
(-1.50366 4.87236 -0.00642887)
(-1.37892 4.99932 -0.00977587)
(1.50484 4.99935 -0.140911)
(1.50366 4.87237 -0.00642879)
(1.37892 4.99932 -0.00977594)
(-1.00162 5.38716 -0.00203661)
(-0.505146 5.51649 -0.13679)
(-0.380665 5.5134 -0.00481924)
(-5.13786e-08 5.5105 -0.141756)
(-0.125442 5.5093 -0.0130397)
(0.125442 5.5093 -0.0130416)
(-2.92233e-07 5.63364 -0.0143499)
(0.505146 5.51649 -0.13679)
(0.380665 5.5134 -0.00481926)
(1.00162 5.38716 -0.00203636)
(-1.25613e-05 6.00749 0.108575)
(8.41215e-05 6.99283 0.107426)
(0.000243072 7.49878 -0.147119)
(0.000142351 7.3701 -0.0195341)
(-0.131245 7.49855 -0.0176659)
(0.131436 7.49855 -0.0176647)
(0.000177017 7.6275 -0.0179243)
(6.78277e-05 8.02368 0.106177)
(-1.4892 -3.50387 0.383171)
(1.4892 -3.50387 0.383173)
(-1.50951 -3.00112 0.377776)
(-1.50579 -2.8783 0.51293)
(1.50952 -3.00109 0.377811)
(1.50583 -2.87821 0.513074)
(-1.50899 -2.62744 0.512646)
(-1.63678 -2.50177 0.513035)
(-1.50803 -2.37714 0.512954)
(-1.50964 -2.50272 0.643528)
(1.50901 -2.62742 0.512687)
(1.63678 -2.50177 0.513044)
(1.50803 -2.37714 0.512962)
(1.50965 -2.50271 0.643541)
(-1.10932 -2.00333 0.509561)
(1.10932 -2.00333 0.509563)
(-0.985075 -1.5042 0.379023)
(-0.983488 -1.37987 0.511362)
(0.985077 -1.5042 0.379022)
(0.983491 -1.37987 0.511361)
(-1.51733 -0.998841 0.373075)
(-1.51317 -1.12431 0.500513)
(-1.64723 -0.998302 0.500238)
(-1.52074 -0.873039 0.50093)
(-1.51654 -0.998613 0.630617)
(1.51734 -0.998841 0.373058)
(1.51318 -1.12432 0.500484)
(1.64725 -0.998305 0.500197)
(1.52076 -0.873041 0.500908)
(1.51659 -0.99862 0.630531)
(-1.52418 -0.621428 0.501571)
(-0.608823 -0.506942 0.509378)
(0.608838 -0.506935 0.509348)
(1.52418 -0.621428 0.501567)
(-9.94903e-05 -0.0124564 0.376692)
(-0.000270672 -0.14329 0.50314)
(-0.124369 -0.0110711 0.503511)
(0.123958 -0.0110735 0.503515)
(-0.000611542 -0.0137381 0.631154)
(-1.39148 0.501825 0.505625)
(1.39141 0.501773 0.505377)
(-1.40881 1.00248 0.506335)
(-4.70707e-05 1.25035 0.503909)
(1.40876 1.00232 0.506263)
(-0.251371 1.50109 0.502598)
(0.251335 1.50108 0.503199)
(4.15597e-05 1.75142 0.501059)
(0.00010128 1.50038 0.761071)
(-1.02022 1.88395 0.499782)
(5.85905e-05 2.00012 0.758558)
(1.01992 1.88392 0.499641)
(4.70341e-06 2.49934 0.754808)
(5.57266e-06 2.99925 0.753905)
(3.56464e-05 3.5008 0.754794)
(-1.01468 4.49649 0.378066)
(-1.01506 4.62275 0.508559)
(1.01467 4.49649 0.378058)
(1.015 4.62275 0.50851)
(-1.13183 5.0057 0.519348)
(-1.00267 5.13806 0.518625)
(-1.00582 5.00948 0.648092)
(1.13182 5.0057 0.519343)
(1.00266 5.13806 0.518621)
(1.00581 5.00948 0.648091)
(-2.80898e-05 6.00021 0.382587)
(0.000649543 6.99706 0.368351)
(0.00192779 7.11704 0.500655)
(-0.393748 8.01583 0.498977)
(0.393748 8.01583 0.49898)
(-1.0021 0.000258476 0.901132)
(1.0021 0.000256783 0.901124)
(-1.00263 0.499645 0.899392)
(-0.505396 0.495115 0.896566)
(0.505362 0.49505 0.896906)
(1.00248 0.499524 0.898969)
(-6.92886e-05 0.873289 1.02347)
(-0.126457 0.998374 1.02345)
(0.126091 0.998466 1.02443)
(-0.000406486 1.12333 1.02366)
(-0.00019316 0.997978 1.15916)
(-0.379226 1.50005 1.02108)
(-0.000383904 1.37488 1.02259)
(-0.125549 1.50074 1.02086)
(0.126334 1.50051 1.02699)
(0.00102959 1.6262 1.02337)
(0.000737347 1.50129 1.15521)
(0.378932 1.50006 1.02605)
(-0.378449 1.9989 1.02046)
(0.000298751 1.87477 1.02108)
(-0.125219 1.99898 1.02078)
(0.125415 1.99895 1.02127)
(2.09791e-05 2.12348 1.01744)
(-3.89074e-06 1.99895 1.14973)
(0.378539 1.99889 1.02098)
(-0.506064 2.37302 1.01656)
(-0.634333 2.49824 1.01671)
(-0.379005 2.49799 1.01429)
(-0.507154 2.62328 1.01389)
(-0.506536 2.49732 1.14328)
(0.506057 2.37302 1.01656)
(0.379011 2.49799 1.0143)
(0.634325 2.49824 1.0167)
(0.507153 2.62328 1.01389)
(0.506537 2.49732 1.14329)
(-0.89086 4.00001 1.01167)
(-0.374545 4.00431 1.01237)
(-0.499778 4.13033 1.01322)
(-0.49877 4.0062 1.14246)
(-0.124475 4.00356 1.01021)
(0.124498 4.00356 1.01021)
(1.21748e-05 4.12865 1.00937)
(1.40788e-05 4.00402 1.13679)
(0.374553 4.00431 1.01237)
(0.499781 4.13033 1.01322)
(0.498773 4.0062 1.14246)
(0.89086 4 1.01167)
(5.34357e-07 4.50807 0.888367)
(0.000136815 7.49801 0.87435)
(4.78387e-05 7.62665 1.00723)
(-0.000414764 8.0185 0.888097)
(-1.5917e-05 7.888 1.01815)
(-0.754475 0.244726 -0.648562)
(0.754472 0.244722 -0.64856)
(-0.753714 0.756917 -0.644115)
(0.753807 0.756963 -0.644092)
(-1.73303 -4.75227 -0.128117)
(1.73327 -4.75379 -0.128183)
(-1.7625 -4.24034 -0.146179)
(1.76254 -4.24034 -0.146197)
(-1.24599 -1.75295 -0.14172)
(1.24598 -1.75295 -0.141721)
(-1.13586 -0.254241 -0.270042)
(-1.26559 -0.250313 -0.137889)
(1.13586 -0.254242 -0.270047)
(1.26559 -0.250314 -0.137891)
(-1.26979 0.251141 -0.134493)
(1.26979 0.251141 -0.134494)
(-1.14018 0.753281 -0.260568)
(1.14036 0.753437 -0.260784)
(-0.755153 1.26243 -0.394496)
(-0.884451 1.26139 -0.268621)
(-0.627243 1.25934 -0.264732)
(-0.755049 1.38654 -0.267828)
(-0.249414 1.12952 -0.257404)
(-0.374831 1.25737 -0.261731)
(0.249477 1.12947 -0.257222)
(0.374811 1.25732 -0.261595)
(0.755158 1.26238 -0.394415)
(0.627235 1.25926 -0.264584)
(0.884493 1.26137 -0.268585)
(0.755036 1.3864 -0.267606)
(-0.250391 1.75721 -0.142905)
(0.250322 1.75712 -0.142767)
(-0.753278 4.24465 -0.145715)
(-0.24973 4.24776 -0.148529)
(0.24973 4.24776 -0.148529)
(0.753248 4.24467 -0.145712)
(-1.25774 4.74568 -0.138831)
(1.25774 4.74568 -0.138832)
(-1.25232 5.26136 -0.140489)
(1.25232 5.26136 -0.140489)
(-1.73404 -4.75505 0.1415)
(1.73408 -4.75534 0.141487)
(-1.76196 -4.2467 0.129863)
(1.76199 -4.24671 0.129845)
(-1.35245 -3.7565 0.251457)
(1.35245 -3.7565 0.251472)
(-1.63746 -3.24932 0.245026)
(1.63746 -3.24932 0.245029)
(-1.64688 -2.75033 0.243931)
(-1.23324 -2.75444 0.11282)
(-1.236 -2.62846 0.247439)
(1.23325 -2.75442 0.112871)
(1.23602 -2.62843 0.247529)
(1.64688 -2.75032 0.243939)
(-1.63742 -2.25057 0.239234)
(1.63743 -2.25057 0.239207)
(-1.64454 -1.74924 0.243143)
(1.64454 -1.74924 0.243142)
(-1.64475 -1.24935 0.246451)
(1.64476 -1.24935 0.246442)
(-0.732371 -0.755703 0.120578)
(-0.73193 -0.879903 0.249795)
(-0.601204 -0.757015 0.249463)
(-0.732631 -0.755601 0.378508)
(0.732371 -0.755702 0.120577)
(0.73193 -0.879903 0.249794)
(0.601204 -0.757015 0.249462)
(0.732633 -0.7556 0.378506)
(-0.367257 -0.262595 0.251338)
(-0.246912 -0.138624 0.250869)
(0.367248 -0.262596 0.251338)
(0.246876 -0.138624 0.250869)
(-1.39429 0.752115 0.246338)
(-1.27024 0.87715 0.247488)
(-1.26796 0.751648 0.376051)
(1.39438 0.752028 0.246303)
(1.27032 0.877073 0.247434)
(1.26797 0.751528 0.375783)
(-1.27484 1.12775 0.246753)
(-1.27504 1.25351 0.375566)
(1.27485 1.1277 0.246719)
(1.27487 1.25334 0.375484)
(-0.635775 2.25729 0.233483)
(-0.762898 2.25653 0.364204)
(0.635769 2.25728 0.23349)
(0.762904 2.25653 0.364202)
(-0.252223 2.75009 0.103305)
(-0.252851 2.62567 0.235572)
(-0.379639 2.74987 0.233553)
(-0.125712 2.75014 0.2345)
(-0.251913 2.87432 0.234128)
(0.252209 2.75009 0.103307)
(0.252821 2.62567 0.235576)
(0.125689 2.75014 0.2345)
(0.379627 2.74987 0.233562)
(0.251907 2.87432 0.234129)
(-0.635498 3.24528 0.233373)
(-0.765261 3.24579 0.365999)
(0.635498 3.24528 0.233374)
(0.765261 3.24579 0.365999)
(-1.14612 4.24506 0.249849)
(1.14612 4.24506 0.249847)
(-1.25107 5.26184 0.124605)
(-1.37768 5.26434 0.255651)
(-1.12549 5.26319 0.254564)
(-1.24986 5.3929 0.254399)
(-1.25167 5.26661 0.386274)
(-0.751873 5.25956 0.126395)
(-0.627856 5.25993 0.255949)
(0.751873 5.25956 0.126395)
(0.627856 5.25993 0.255949)
(1.25107 5.26184 0.124605)
(1.12549 5.26319 0.254564)
(1.37768 5.26434 0.255651)
(1.24986 5.3929 0.254399)
(1.25167 5.26661 0.386274)
(-0.130484 5.75447 0.25373)
(0.130479 5.75447 0.25373)
(-0.266261 7.3708 0.240361)
(-0.264937 7.24314 0.36974)
(0.266334 7.3708 0.240361)
(0.265238 7.24314 0.369742)
(-0.264966 7.75619 0.11336)
(-0.264225 7.6269 0.241561)
(-0.395777 7.75549 0.241017)
(-0.265953 7.88686 0.239693)
(0.265015 7.75619 0.11336)
(0.264273 7.6269 0.241561)
(0.395794 7.75549 0.241017)
(0.265988 7.88686 0.239693)
(-1.2367 -2.25355 0.641892)
(1.2367 -2.25355 0.641904)
(-1.12811 -0.249509 0.766686)
(1.12811 -0.249509 0.766685)
(-1.26208 0.252005 0.635815)
(-1.13088 0.25099 0.769309)
(-0.8765 0.249508 0.771244)
(-0.751937 0.373497 0.76974)
(0.876472 0.249488 0.771228)
(0.751883 0.373453 0.769832)
(1.26203 0.251981 0.63565)
(1.13083 0.250963 0.76912)
(-1.2667 0.75144 0.634287)
(-0.753065 0.623686 0.765933)
(-0.878589 0.749402 0.764356)
(-0.753823 0.87434 0.762645)
(-0.754037 0.748688 0.891843)
(0.75289 0.623501 0.766585)
(0.878604 0.749174 0.765097)
(0.753853 0.874359 0.763568)
(0.754071 0.748363 0.893945)
(1.26636 0.751107 0.632179)
(-0.761432 2.75003 0.625362)
(-0.889147 2.75017 0.754892)
(-0.763997 2.87459 0.755194)
(-0.765739 2.74968 0.88647)
(0.761437 2.75003 0.625362)
(0.889148 2.75017 0.754893)
(0.763998 2.87459 0.755194)
(0.76574 2.74968 0.886471)
(-0.765928 3.24761 0.625042)
(-0.766897 3.12364 0.755397)
(-0.89669 3.24836 0.756462)
(-0.767941 3.37383 0.757128)
(-0.770376 3.24879 0.88639)
(0.765926 3.24761 0.625042)
(0.766894 3.12364 0.755397)
(0.896685 3.24836 0.756461)
(0.767931 3.37384 0.757127)
(0.770362 3.2488 0.88639)
(-0.883998 4.75833 0.773355)
(-0.626657 4.76005 0.772343)
(-0.753417 4.88619 0.776274)
(-0.753598 4.76297 0.902283)
(-0.249358 4.63226 0.76365)
(0.249358 4.63226 0.76365)
(0.626656 4.76006 0.772351)
(0.88402 4.75835 0.773365)
(0.753417 4.88621 0.776298)
(0.753617 4.76299 0.902309)
(-0.255682 7.24047 0.626621)
(-0.385128 7.24364 0.750307)
(-0.254845 7.3717 0.748743)
(0.256775 7.24046 0.626646)
(0.385378 7.24363 0.75032)
(0.255274 7.3717 0.748764)
(-0.261788 7.62705 0.753302)
(-0.39477 7.75505 0.756939)
(-0.266877 7.88513 0.758285)
(-0.265761 7.75585 0.883863)
(0.261855 7.62704 0.753298)
(0.394794 7.75503 0.756926)
(0.266839 7.8851 0.758218)
(0.265768 7.75582 0.883848)
(-0.255239 1.24782 1.15131)
(0.252399 1.24916 1.15998)
(-0.250993 1.75093 1.15568)
(0.252225 1.75087 1.16075)
(-0.253281 2.24716 1.14835)
(0.253297 2.24715 1.14842)
(-1.87812 -5.00001 -0.267827)
(1.87815 -5.00007 -0.267847)
(-1.00643 -0.257365 -0.398641)
(-1.00399 -0.380616 -0.269628)
(1.00643 -0.257364 -0.398642)
(1.00399 -0.380616 -0.269632)
(-0.752573 0.117898 -0.522543)
(-0.884853 0.246123 -0.521989)
(-0.49253 0.243105 -0.648714)
(-0.623282 0.243797 -0.51963)
(-0.364563 0.243536 -0.518777)
(0.00023798 0.248055 -0.379257)
(0.000270638 0.121194 -0.253694)
(0.752577 0.117889 -0.522552)
(0.492545 0.243105 -0.648708)
(0.364637 0.243536 -0.518768)
(0.623292 0.243795 -0.519627)
(0.884852 0.246112 -0.522002)
(-0.75713 0.499371 -0.645412)
(-0.756507 0.372943 -0.518265)
(-0.884765 0.755722 -0.516993)
(-1.01412 0.75396 -0.387856)
(-0.496259 0.755351 -0.645788)
(-0.625186 0.755762 -0.516486)
(-0.370832 0.753521 -0.514588)
(0.75714 0.499376 -0.645411)
(0.756517 0.372946 -0.518266)
(0.496412 0.755326 -0.645525)
(0.37106 0.753474 -0.514145)
(0.625303 0.755771 -0.516356)
(0.884954 0.755913 -0.517172)
(1.01436 0.754207 -0.388152)
(-0.754154 0.882838 -0.517)
(-1.0131 0.879181 -0.261288)
(-1.14313 1.0053 -0.26345)
(-1.01484 1.13293 -0.26606)
(-0.248747 1.00474 -0.383479)
(-0.499885 1.26095 -0.391987)
(0.24897 1.00459 -0.38293)
(-0.124526 1.00334 -0.255891)
(0.124609 1.0033 -0.255735)
(2.12724e-05 1.1286 -0.255672)
(0.754303 0.882941 -0.517021)
(0.499878 1.26089 -0.391871)
(1.01335 0.879427 -0.261589)
(1.14342 1.0056 -0.263827)
(1.01501 1.1331 -0.26624)
(-0.500631 1.38335 -0.264094)
(0.500574 1.38322 -0.263844)
(-2.15458 -5.75204 0.00859701)
(2.1545 -5.75202 0.00881513)
(-2.01997 -5.25216 -0.131276)
(-2.16642 -5.2509 0.00361909)
(-1.87009 -5.25483 0.00916553)
(-2.01093 -5.25275 0.144427)
(2.01996 -5.25217 -0.131135)
(1.87011 -5.25484 0.00916716)
(2.16643 -5.2509 0.00364048)
(2.01093 -5.25275 0.144433)
(-1.7314 -4.87924 0.00751719)
(-2.02254 -4.7453 -0.133949)
(-1.59911 -4.7558 0.00712954)
(1.73148 -4.87974 0.00749454)
(1.59933 -4.75715 0.00706858)
(2.02255 -4.74534 -0.133951)
(-1.73595 -4.62846 0.00756465)
(-1.73868 -4.50447 0.138836)
(-1.89455 -4.24065 -0.007497)
(1.73601 -4.62893 0.00754485)
(1.73869 -4.50462 0.138828)
(1.89457 -4.24066 -0.00750881)
(-1.76546 -4.117 -0.0105205)
(-1.48701 -3.75279 0.118089)
(-1.62355 -4.00527 0.263868)
(-1.48349 -3.8815 0.254228)
(1.76549 -4.11699 -0.0105343)
(1.48692 -3.75284 0.118203)
(1.62355 -4.00527 0.263889)
(1.48349 -3.8815 0.254232)
(-1.50832 -3.24952 0.104145)
(-1.48873 -3.62846 0.250295)
(-1.35798 -3.50371 0.249509)
(1.50832 -3.24952 0.104147)
(1.48873 -3.62846 0.250303)
(1.35798 -3.50371 0.249509)
(-1.514 -2.75092 0.113896)
(-1.50849 -3.12524 0.243295)
(-1.64453 -2.99949 0.244622)
(-1.51363 -2.87561 0.242261)
(1.514 -2.75091 0.113905)
(1.50849 -3.12523 0.243305)
(1.64453 -2.99948 0.244628)
(1.51364 -2.8756 0.242277)
(-1.23793 -2.50346 0.116052)
(-1.51317 -2.25094 0.112333)
(-1.51272 -2.62585 0.244464)
(-1.63978 -2.50063 0.243338)
(-1.51007 -2.37582 0.24276)
(-1.1081 -2.50386 0.249094)
(1.23793 -2.50345 0.116075)
(1.10811 -2.50385 0.24914)
(1.51318 -2.25095 0.112296)
(1.51272 -2.62585 0.244475)
(1.63979 -2.50063 0.243333)
(1.51007 -2.37582 0.242751)
(-1.24711 -2.00412 -0.149281)
(-1.24575 -2.12781 -0.0190365)
(-1.24446 -1.87824 -0.0154746)
(-1.51672 -1.74985 0.116447)
(-1.51036 -2.12576 0.240719)
(-1.63837 -2.00024 0.239021)
(-1.51257 -1.87521 0.242302)
(-1.11473 -1.75359 -0.013843)
(1.2471 -2.00412 -0.149277)
(1.24574 -2.12781 -0.0190253)
(1.24446 -1.87824 -0.0154742)
(1.11473 -1.75359 -0.0138444)
(1.51672 -1.74985 0.116447)
(1.51036 -2.12576 0.240719)
(1.63836 -2.00024 0.23902)
(1.51257 -1.87521 0.242303)
(-1.51675 -1.24953 0.120455)
(-1.51633 -1.62474 0.245409)
(-1.64762 -1.49944 0.245638)
(-1.51645 -1.37468 0.246495)
(-0.988609 -1.25308 -0.142042)
(-0.861114 -1.25348 -0.0106328)
(-0.985473 -1.62887 0.249517)
(-0.859142 -1.50467 0.249997)
(0.988608 -1.25308 -0.142044)
(0.861114 -1.25348 -0.0106336)
(0.985474 -1.62887 0.249515)
(0.859142 -1.50467 0.249996)
(1.51674 -1.24953 0.120438)
(1.51633 -1.62474 0.245406)
(1.64762 -1.49944 0.245636)
(1.51646 -1.37467 0.246488)
(-1.51567 -1.12431 0.246779)
(-1.64844 -0.998575 0.244976)
(-1.51951 -0.873403 0.245368)
(1.51567 -1.12431 0.246763)
(1.64843 -0.998574 0.244962)
(1.5195 -0.873402 0.245357)
(-1.39241 -0.248992 -0.00947676)
(-0.739034 -0.508285 -0.13525)
(-0.736026 -0.632626 -0.00825404)
(-0.489687 -0.260927 -0.130453)
(-0.364586 -0.263887 -0.00282668)
(-0.491284 -0.260536 0.124198)
(-0.488534 -0.385135 0.251112)
(0.739034 -0.508285 -0.13525)
(0.736026 -0.632626 -0.00825432)
(0.489691 -0.260927 -0.130453)
(0.364588 -0.263887 -0.00282651)
(0.491283 -0.260536 0.124199)
(0.488532 -0.385135 0.251113)
(1.39242 -0.248992 -0.00947467)
(-1.26697 0.000253633 -0.13625)
(-1.26412 -0.124603 -0.00880618)
(-1.26598 0.125928 -0.00746584)
(-1.39612 0.251548 -0.00759279)
(-0.243678 -0.00996878 -0.129851)
(-0.243509 -0.139118 -0.00317551)
(-0.247167 -0.0109306 0.124123)
(0.243785 -0.00996884 -0.12985)
(0.24353 -0.139118 -0.00317517)
(0.247168 -0.0109311 0.124124)
(-2.57885e-05 -0.14328 0.250551)
(-0.123806 -0.0116865 0.250527)
(0.123752 -0.0116874 0.250527)
(1.26697 0.000253698 -0.13625)
(1.26412 -0.124603 -0.00880614)
(1.26598 0.125928 -0.00746654)
(1.39612 0.251548 -0.00759346)
(-1.38769 0.501489 0.245874)
(1.3877 0.501471 0.245856)
(-1.27248 1.00285 0.118203)
(-1.40762 1.00284 0.247069)
(-1.01378 1.25828 -0.139546)
(-1.14139 1.25629 -0.0121401)
(1.27254 1.00283 0.118184)
(1.01397 1.25825 -0.139669)
(1.14161 1.25625 -0.0123275)
(1.40781 1.00277 0.247098)
(-0.75666 1.51047 -0.140723)
(-0.757456 1.63488 -0.0144012)
(-0.377275 1.7559 -0.0140648)
(-5.54795e-06 1.75858 -0.141826)
(-0.124945 1.75626 -0.0147481)
(0.124918 1.75624 -0.0147055)
(0.756733 1.51018 -0.14044)
(0.757573 1.63462 -0.0142195)
(0.377121 1.75575 -0.0138019)
(-0.251088 1.88089 -0.0167542)
(-0.511274 2.25814 0.10449)
(-0.6337 2.00784 0.235796)
(-0.507961 2.1316 0.235615)
(0.251043 1.88085 -0.0166813)
(0.511268 2.25814 0.104496)
(0.63369 2.00783 0.235813)
(0.507952 2.13159 0.235631)
(-0.253816 2.50138 0.108753)
(-0.50977 2.37988 0.234145)
(-0.381172 2.50177 0.234832)
(0.253751 2.50138 0.108756)
(-1.64857e-05 2.75051 0.102573)
(-0.126262 2.50088 0.237906)
(0.126178 2.50088 0.237905)
(-3.21513e-05 2.62557 0.236278)
(0.509758 2.37987 0.234157)
(0.381147 2.50177 0.234843)
(-0.25166 2.99839 0.105911)
(-0.508452 3.24555 0.104348)
(-0.507088 2.87333 0.233548)
(-0.635957 2.99629 0.233864)
(-0.37928 2.99823 0.233411)
(-0.508628 3.12134 0.233119)
(0.251658 2.99839 0.105911)
(-5.05027e-06 2.87471 0.234688)
(-0.125516 2.99909 0.235795)
(0.125513 2.99909 0.235791)
(0.508452 3.24555 0.104348)
(0.507082 2.87333 0.233556)
(0.379278 2.99823 0.233412)
(0.635955 2.99629 0.233867)
(0.508627 3.12134 0.23312)
(-0.507061 3.37115 0.234569)
(-0.633833 3.49551 0.234712)
(0.507061 3.37115 0.234569)
(0.633833 3.49551 0.234712)
(-0.755352 4.11874 -0.0197827)
(-0.883369 4.24213 -0.0193046)
(-1.01632 4.24258 0.115002)
(-1.01782 4.11988 0.24562)
(-0.25009 4.12312 -0.0191455)
(-0.501211 4.24675 -0.149452)
(-0.62731 4.24657 -0.0169492)
(-0.375664 4.24781 -0.0196653)
(0.25009 4.12312 -0.0191463)
(9.05637e-09 4.24816 -0.143551)
(-0.124764 4.24851 -0.0148384)
(0.124764 4.24851 -0.0148386)
(0.755355 4.11873 -0.0198041)
(0.501209 4.24675 -0.149455)
(0.375664 4.24781 -0.0196704)
(0.627304 4.24658 -0.0169515)
(0.883333 4.24217 -0.0192587)
(1.01637 4.24256 0.114998)
(1.01783 4.11987 0.245617)
(-1.26118 4.61849 -0.0084383)
(-1.38154 4.74564 -0.00629097)
(-0.751447 4.49706 -0.139058)
(-0.75247 4.3717 -0.0137682)
(-1.015 4.37115 0.250617)
(-1.14186 4.49559 0.252539)
(-0.249647 4.49871 -0.135785)
(-0.249789 4.37369 -0.0125114)
(0.249647 4.49871 -0.135785)
(0.249789 4.37369 -0.0125115)
(0.751443 4.49706 -0.139067)
(0.752461 4.37171 -0.0137688)
(1.26118 4.61849 -0.00843949)
(1.015 4.37114 0.250612)
(1.14185 4.49559 0.252535)
(1.38154 4.74564 -0.00629169)
(-1.25396 4.99947 -0.140356)
(-1.25483 4.87318 -0.00970619)
(-1.50672 5.26081 -0.146288)
(-1.37813 5.26147 -0.00917822)
(-1.00156 5.25912 -0.139163)
(-1.12627 5.26022 -0.00611764)
(-0.876679 5.25932 -0.00188341)
(-1.00104 5.26082 0.126263)
(1.25396 4.99947 -0.140357)
(1.25483 4.87318 -0.00970695)
(1.00156 5.25912 -0.139163)
(0.876679 5.25932 -0.00188354)
(1.12627 5.26022 -0.00611763)
(1.00104 5.26082 0.126263)
(1.50672 5.26081 -0.146287)
(1.37813 5.26147 -0.00917779)
(-1.25122 5.38867 -0.00649119)
(-0.753263 5.38743 0.000379957)
(-0.249924 5.51138 -0.142998)
(-0.254074 5.63667 -0.0094542)
(-0.25567 5.51067 0.12495)
(-0.505682 5.38743 0.257607)
(0.249924 5.51138 -0.142998)
(0.254074 5.63667 -0.00945431)
(0.25567 5.51067 0.12495)
(0.753263 5.38743 0.000379883)
(0.505682 5.38743 0.257607)
(1.25122 5.38867 -0.00649111)
(-7.34978e-06 5.87795 0.252422)
(-0.131261 6.00298 0.24939)
(0.131242 6.00298 0.24939)
(-2.68051e-05 6.12704 0.247403)
(3.61971e-05 6.87177 0.238771)
(-0.131928 6.99436 0.239761)
(0.132204 6.99436 0.239761)
(-0.265302 7.49813 0.113453)
(-0.39327 7.49804 0.241324)
(0.265351 7.49813 0.113453)
(0.393296 7.49804 0.241324)
(-0.131433 8.02275 0.236183)
(0.131542 8.02275 0.236183)
(0.000222956 8.15236 0.234561)
(-1.48552 -3.75723 0.386409)
(1.48552 -3.75723 0.386419)
(-1.50514 -3.25072 0.377957)
(1.50514 -3.25071 0.377967)
(-1.64007 -2.75277 0.513034)
(-1.37044 -2.75413 0.512421)
(-1.5071 -2.75379 0.642046)
(1.37053 -2.75398 0.512757)
(1.64008 -2.75275 0.513067)
(1.50713 -2.75373 0.642141)
(-1.23604 -2.50343 0.378776)
(-1.23553 -2.37844 0.511809)
(-1.63578 -2.25185 0.511817)
(-1.50961 -2.2532 0.646105)
(-1.10716 -2.25354 0.510336)
(1.23607 -2.5034 0.378875)
(1.23554 -2.37843 0.511853)
(1.10716 -2.25353 0.510348)
(1.63578 -2.25185 0.511818)
(1.50961 -2.2532 0.646107)
(-1.23805 -2.12793 0.510291)
(-1.23784 -2.00317 0.640185)
(1.23806 -2.12793 0.510297)
(1.23784 -2.00317 0.640188)
(-1.51271 -1.24956 0.37408)
(-1.63807 -1.24938 0.500691)
(-0.855241 -1.25581 0.51214)
(-0.983458 -1.25527 0.640891)
(0.855242 -1.25581 0.512139)
(0.983461 -1.25527 0.64089)
(1.51272 -1.24956 0.374061)
(1.63809 -1.24938 0.500657)
(-1.52285 -0.747544 0.372499)
(-1.65945 -0.746198 0.49934)
(-1.52245 -0.747099 0.631375)
(1.52285 -0.747544 0.372495)
(1.65945 -0.746199 0.499331)
(1.52246 -0.7471 0.631356)
(-0.735675 -0.630619 0.509296)
(-0.735648 -0.505859 0.639056)
(-0.490774 -0.259432 0.378745)
(0.735684 -0.630614 0.509288)
(0.73567 -0.505847 0.639039)
(0.490757 -0.259433 0.378748)
(-1.3892 0.252046 0.506568)
(-1.00125 -0.125068 0.767967)
(-1.13059 0.00118271 0.769233)
(-0.875201 -0.000556073 0.768532)
(-1.00275 0.125261 0.770742)
(-0.248236 -0.00986084 0.377034)
(-0.247175 -0.136779 0.504002)
(-0.249449 -0.00926566 0.630676)
(0.248111 -0.00986347 0.377036)
(0.246935 -0.13678 0.504004)
(0.248949 -0.00926808 0.63068)
(1.00125 -0.125068 0.767965)
(0.875196 -0.00055813 0.768529)
(1.13059 0.00117988 0.769213)
(1.00274 0.125253 0.770705)
(1.38917 0.252033 0.506494)
(-1.26178 0.37658 0.506401)
(-1.26519 0.626353 0.505662)
(-1.26307 0.501563 0.633655)
(-1.39872 0.751765 0.504702)
(-1.00297 0.374999 0.769984)
(-1.13066 0.500581 0.766032)
(-0.87745 0.499124 0.768804)
(-1.00379 0.624825 0.766302)
(-0.50319 0.371476 0.76623)
(-0.628154 0.497246 0.767267)
(0.503165 0.371449 0.766363)
(0.628093 0.497191 0.767482)
(1.26172 0.376545 0.50619)
(1.26502 0.626221 0.504961)
(1.26284 0.501453 0.632938)
(1.00288 0.374942 0.769747)
(0.877346 0.499012 0.768863)
(1.13035 0.500419 0.764864)
(1.00354 0.624605 0.76553)
(1.39864 0.751603 0.504243)
(-1.27496 1.00228 0.376257)
(-1.27132 0.876702 0.505436)
(-1.27589 1.1275 0.506638)
(-1.27292 1.00193 0.637531)
(-0.880194 0.999766 0.763622)
(1.275 1.00217 0.376171)
(1.27121 0.876503 0.504817)
(1.27572 1.12728 0.506466)
(1.27256 1.00157 0.636621)
(0.880179 0.99979 0.763866)
(-1.01751 1.7596 0.370388)
(-1.14722 1.75925 0.500461)
(-1.01845 1.75634 0.630203)
(1.01727 1.75955 0.370217)
(1.14657 1.75923 0.5001)
(1.01761 1.75631 0.629845)
(-0.891031 2.25625 0.493491)
(0.891036 2.25625 0.49349)
(-0.761645 2.37939 0.493545)
(0.761669 2.37939 0.493542)
(-0.7651 3.12213 0.495549)
(-0.764374 2.99868 0.624969)
(-0.895686 3.24531 0.49499)
(-0.894454 2.99906 0.75555)
(0.765101 3.12213 0.495549)
(0.764375 2.99868 0.624968)
(0.895686 3.24531 0.49499)
(0.894453 2.99906 0.75555)
(-0.897815 3.49888 0.757894)
(0.897808 3.49888 0.757894)
(-1.01644 4.24684 0.376482)
(1.01644 4.24684 0.37648)
(-1.14098 4.74668 0.510668)
(-1.01638 4.74976 0.639539)
(-0.1247 4.50641 0.761413)
(0.124701 4.50641 0.76141)
(2.86717e-07 4.63261 0.763286)
(1.14088 4.74665 0.510552)
(1.01625 4.74976 0.639382)
(-1.25694 5.13273 0.522996)
(-1.50786 5.2628 0.391538)
(-0.503373 5.26145 0.383019)
(0.503373 5.26145 0.383019)
(1.25694 5.13273 0.522995)
(1.50786 5.2628 0.39154)
(-4.4545e-06 5.75289 0.37976)
(-0.259192 7.11529 0.500067)
(-0.393268 7.24185 0.498441)
(0.260057 7.11529 0.50007)
(-0.127469 7.24169 0.501247)
(0.129356 7.24169 0.501251)
(0.00199391 7.23874 0.628513)
(0.39353 7.24185 0.498444)
(-0.386992 7.49974 0.752)
(0.000754823 7.36835 0.751164)
(-0.127545 7.49788 0.74965)
(0.127988 7.49788 0.749652)
(0.387064 7.49974 0.752001)
(-0.264952 8.01927 0.368808)
(-0.266678 8.14776 0.498597)
(-0.266646 8.01713 0.628235)
(0.26497 8.01927 0.368809)
(0.266673 8.14777 0.498597)
(0.266599 8.01713 0.628225)
(-0.133033 8.01774 0.760168)
(0.13263 8.01775 0.760159)
(-0.000496582 8.14667 0.761155)
(-1.00234 0.250091 0.903671)
(1.00231 0.250073 0.903595)
(-0.752998 0.497809 0.899548)
(0.752824 0.497688 0.899921)
(-0.755303 0.999327 0.890942)
(-0.253128 1.12356 1.02123)
(-0.380056 1.24923 1.01972)
(0.252316 1.12391 1.02412)
(-0.12723 1.24877 1.02114)
(0.125857 1.24899 1.02489)
(-0.000972666 1.24835 1.1543)
(0.755344 0.99945 0.89172)
(0.379115 1.24956 1.02347)
(-0.253701 1.37463 1.01991)
(-0.251422 1.62573 1.02178)
(-0.253193 1.50054 1.15129)
(-0.378359 1.7501 1.02199)
(0.252293 1.37486 1.0269)
(0.252568 1.62559 1.02783)
(0.253522 1.50049 1.16423)
(-0.123771 1.75088 1.02217)
(0.125086 1.75066 1.02493)
(0.000870849 1.75169 1.1529)
(0.378714 1.75005 1.02451)
(-0.251174 1.87455 1.02237)
(-0.252116 2.12333 1.01954)
(-0.2517 1.99823 1.15527)
(-0.378982 2.24809 1.01753)
(0.251596 1.87451 1.02398)
(0.252166 2.12333 1.01978)
(0.251839 1.99821 1.15594)
(-0.126056 2.2481 1.01673)
(0.126078 2.2481 1.01681)
(7.30515e-06 2.24734 1.14427)
(0.378986 2.24809 1.0176)
(-0.252884 2.37298 1.01519)
(-0.253017 2.49732 1.14216)
(-0.636069 2.74867 1.01494)
(-0.507243 2.74794 1.1411)
(0.252896 2.37298 1.01522)
(0.253033 2.49732 1.14217)
(0.636069 2.74867 1.01493)
(0.507244 2.74794 1.1411)
(-0.769198 2.99921 0.886791)
(0.769195 2.99921 0.886791)
(-0.768617 3.49894 0.884522)
(0.768602 3.49894 0.884522)
(-0.763217 3.875 1.01142)
(-0.76009 4.12879 1.01547)
(-0.76116 4.00341 1.14303)
(-0.248965 4.12944 1.0114)
(-0.248268 4.00506 1.13976)
(0.248975 4.12944 1.0114)
(0.24828 4.00506 1.13976)
(0.763216 3.875 1.01142)
(0.760089 4.12879 1.01547)
(0.761159 4.00341 1.14303)
(-0.249039 4.5077 0.889908)
(0.24904 4.5077 0.889907)
(-0.256837 7.50039 0.872976)
(0.256948 7.50039 0.872975)
(-0.132117 7.7568 1.01379)
(0.132166 7.7568 1.0138)
(0.000123891 7.75793 1.14483)
(-0.745991 -0.261132 -0.395999)
(0.74599 -0.261131 -0.395998)
(-0.242621 0.245475 -0.383813)
(0.242879 0.245474 -0.383808)
(-0.744465 -0.384167 -0.266527)
(0.744465 -0.384167 -0.266527)
(-0.875723 -0.257267 -0.267865)
(-0.617531 -0.260065 -0.263277)
(-0.243587 0.119356 -0.256537)
(0.617533 -0.260065 -0.263275)
(0.243868 0.119356 -0.256534)
(0.875728 -0.257267 -0.267869)
(-0.761776 3.74339 0.106443)
(0.761777 3.74339 0.106442)
(-1.25775 4.74641 0.122987)
(1.25775 4.74641 0.122984)
(-0.762202 3.61996 0.236702)
(0.762202 3.61996 0.236701)
(-0.890912 3.74388 0.23783)
(0.890912 3.74388 0.237829)
(-0.251338 0.118242 0.761149)
(0.251102 0.118232 0.761174)
(-0.377046 0.244995 0.763079)
(-0.253189 0.242865 0.892097)
(0.376965 0.24498 0.76312)
(0.253105 0.242843 0.892147)
(-0.755069 1.12473 0.762364)
(0.755028 1.12475 0.762614)
(-0.881584 1.24995 0.762852)
(-0.756518 1.24952 0.891172)
(0.881472 1.2499 0.762871)
(0.75646 1.24953 0.89134)
(-0.766678 3.62412 0.75636)
(0.766675 3.62412 0.75636)
(-0.896023 3.74902 0.75717)
(-0.765937 3.74905 0.883044)
(0.896021 3.74902 0.757169)
(0.765934 3.74905 0.883044)
(-0.12168 0.246676 -0.254907)
(0.121993 0.246676 -0.254904)
(-1.87815 -4.99959 -0.398915)
(-1.87936 -4.87305 -0.26866)
(-1.00466 -0.382614 -0.400021)
(-0.743842 -0.386925 -0.39762)
(-0.876417 -0.259552 -0.398665)
(-0.874059 -0.3827 -0.269196)
(0.743842 -0.386925 -0.39762)
(0.61672 -0.262474 -0.39291)
(0.616255 -0.38527 -0.263336)
(1.13726 -0.256098 -0.399515)
(1.13433 -0.379314 -0.271543)
(1.00466 -0.382614 -0.400023)
(-0.754275 0.500168 -0.259324)
(-0.88365 0.118826 -0.524741)
(-0.622025 0.116239 -0.522178)
(-0.88618 0.373092 -0.520688)
(-0.361695 0.114345 -0.521101)
(-0.240633 0.11859 -0.384377)
(0.000480068 0.123325 -0.378046)
(0.240982 0.11859 -0.384375)
(0.120414 0.246722 -0.381299)
(0.121021 0.120176 -0.255059)
(0.754311 0.500184 -0.259326)
(0.622032 0.116236 -0.522176)
(0.883642 0.118779 -0.524804)
(0.886186 0.373094 -0.520695)
(-0.884293 0.88282 -0.518108)
(-0.625422 0.882611 -0.516977)
(-1.01439 0.880208 -0.388856)
(-0.369346 0.626841 -0.515829)
(0.625568 0.882614 -0.516809)
(0.884569 0.88312 -0.518389)
(1.01476 0.880606 -0.38932)
(1.14234 0.754043 -0.387943)
(-1.0158 1.13534 -0.394741)
(-0.885151 1.26357 -0.397083)
(-0.248974 1.131 -0.384598)
(-0.374253 1.26007 -0.389907)
(2.58891e-05 1.12957 -0.381977)
(0.249081 1.13093 -0.384288)
(0.124595 1.12897 -0.256389)
(0.124267 1.00411 -0.382069)
(0.626764 1.26154 -0.392804)
(1.14453 1.00708 -0.390846)
(1.016 1.1356 -0.394981)
(1.1435 1.13151 -0.265733)
(2.15234 -5.87655 0.00727886)
(2.14595 -5.75172 0.149703)
(-1.86843 -5.38055 0.0092955)
(-2.00836 -5.37871 0.150282)
(-1.86755 -5.2549 0.143878)
(2.16478 -5.3771 0.00655151)
(2.15344 -5.50261 0.15309)
(2.00836 -5.37871 0.150288)
(2.15883 -5.2508 0.142102)
(-1.87058 -5.00351 0.142304)
(-2.0158 -4.8746 0.136088)
(-1.73312 -4.88036 0.141827)
(1.59786 -4.88055 0.0065325)
(1.73315 -4.88056 0.141817)
(1.60127 -4.75666 0.139598)
(2.15835 -4.87356 0.00132207)
(2.15375 -4.9999 0.135601)
(2.0158 -4.87461 0.136088)
(-1.89414 -4.24394 0.130019)
(1.60428 -4.50694 0.138337)
(-1.48401 -3.8791 0.120493)
(-1.35341 -3.75472 0.118726)
(-1.35035 -3.88213 0.25254)
(1.62941 -3.87089 -0.018295)
(1.48399 -3.87911 0.120509)
(-1.35761 -3.50249 0.113024)
(1.64127 -3.24837 0.108538)
(-1.51394 -2.87564 0.109989)
(-1.22988 -2.88045 0.110164)
(1.22989 -2.88043 0.110221)
(1.10171 -2.75482 0.11537)
(1.64592 -2.99864 0.111118)
(1.51394 -2.87564 0.109995)
(1.64889 -2.75045 0.115659)
(1.6478 -2.87488 0.2432)
(-1.51291 -2.37582 0.113821)
(1.10832 -2.50411 0.118307)
(1.64402 -2.50073 0.115177)
(1.64433 -2.25075 0.109231)
(1.63801 -2.37557 0.240751)
(1.51291 -2.37583 0.113799)
(-1.51642 -1.87531 0.113381)
(1.11232 -1.87921 -0.0152775)
(1.64533 -2.00046 0.108966)
(1.64732 -1.74885 0.115638)
(1.64087 -1.87475 0.240448)
(1.51642 -1.87531 0.113384)
(-1.51857 -1.37463 0.120067)
(-1.51629 -1.1243 0.120526)
(-1.51492 -1.12424 0.373406)
(-0.859302 -1.3788 -0.0109123)
(-0.859757 -1.50472 0.120362)
(1.51857 -1.37463 0.120059)
(1.51628 -1.12429 0.120495)
(1.51492 -1.12425 0.373389)
(1.65064 -1.49951 0.119655)
(1.64701 -1.24937 0.120746)
(1.64667 -1.37443 0.245959)
(-1.51846 -0.873469 0.118331)
(-0.73177 -0.880035 0.121029)
(0.73177 -0.880035 0.121029)
(0.601488 -0.757125 0.120167)
(0.601636 -0.880407 0.249767)
(1.64524 -0.998806 0.119599)
(1.65092 -0.872971 0.244107)
(1.51844 -0.873465 0.118309)
(-0.488032 -0.38625 0.124039)
(-0.487427 -0.38502 0.378846)
(-0.361115 -0.390214 -0.00247448)
(-0.366573 -0.263854 0.124508)
(-0.364305 -0.387752 0.251226)
(0.488032 -0.38625 0.124039)
(0.487422 -0.38502 0.378847)
(-1.39483 0.12648 -0.00807616)
(-2.18755e-05 0.244436 0.250972)
(-0.249956 0.498107 0.251179)
(-0.123223 -0.0124226 0.124086)
(-0.124067 -0.0114095 0.376785)
(0.249941 0.498102 0.251181)
(0.123224 -0.0124229 0.124086)
(0.123896 -0.0114118 0.376784)
(-1.39131 0.501842 0.118907)
(-1.39416 0.75232 0.117746)
(-1.38919 0.62665 0.24526)
(-0.250577 1.00076 0.249749)
(0.250567 1.00075 0.249846)
(-1.40408 1.00322 0.117309)
(-1.27309 1.12808 0.117201)
(-1.40798 1.12768 0.246675)
(-0.502399 1.25224 0.247907)
(-1.17893e-05 1.25148 0.248657)
(-0.25105 1.50262 0.246257)
(-0.251249 1.25043 0.503726)
(0.502377 1.2522 0.248031)
(0.251025 1.50259 0.246416)
(0.251124 1.25045 0.504225)
(1.27313 1.12805 0.117168)
(-0.88475 1.63656 -0.0161131)
(-1.82107e-06 1.75316 0.243618)
(-0.251629 1.75161 0.500983)
(-0.378164 1.88129 -0.016458)
(-0.124642 1.88127 -0.0176146)
(0.251664 1.75159 0.501356)
(0.124616 1.88125 -0.0175881)
(0.378085 1.88121 -0.0163199)
(-0.509458 2.13343 0.106012)
(0.637559 2.2591 0.103806)
(0.634757 2.13299 0.233947)
(0.634731 2.00986 0.106275)
(0.509451 2.13343 0.106024)
(-0.253123 2.62578 0.106066)
(-0.380138 2.74991 0.102171)
(-0.380594 2.62587 0.23393)
(-0.382558 2.50222 0.104889)
(-4.91205e-05 2.62579 0.106161)
(0.253088 2.62578 0.106069)
(0.125313 2.75036 0.103017)
(0.12596 2.62556 0.235825)
(0.126121 2.5009 0.110336)
(-0.379442 2.99761 0.102481)
(-0.509593 3.12059 0.102474)
(0.125057 2.99862 0.106703)
(0.637939 2.99521 0.10375)
(0.509593 3.1206 0.102475)
(0.636551 3.24409 0.102483)
(0.636478 3.12028 0.232665)
(-2.87955 3.74789 0.114794)
(-0.762272 3.61897 0.106413)
(-0.889912 3.74204 0.105883)
(-0.890564 3.61959 0.237977)
(0.634313 3.49439 0.10406)
(0.762272 3.61897 0.106412)
(-2.49134 4.11643 0.127797)
(-2.36723 4.24253 0.126933)
(-0.502763 4.24874 0.243132)
(-0.755347 4.49879 0.247386)
(-0.884446 4.11615 -0.0215838)
(-0.627944 4.12063 -0.0201907)
(-0.626627 4.37238 -0.0137163)
(-1.01779 4.11676 0.113034)
(-1.01784 4.12192 0.375138)
(-1.01597 4.37145 0.377936)
(4.66912e-07 4.2497 0.244097)
(-0.250476 4.50061 0.247053)
(-0.375687 4.12254 -0.0216642)
(-0.124847 4.12344 -0.0166345)
(-0.124707 4.37365 -0.0119065)
(0.502762 4.24874 0.243131)
(0.250476 4.50061 0.247052)
(0.124847 4.12344 -0.0166351)
(0.375687 4.12254 -0.0216677)
(0.124707 4.37365 -0.0119066)
(1.01781 4.11675 0.113024)
(0.755342 4.49879 0.247381)
(0.627944 4.12062 -0.0202001)
(0.884471 4.11614 -0.0216434)
(0.626623 4.37238 -0.0137184)
(1.01784 4.12192 0.375137)
(1.01596 4.37145 0.377932)
(1.14595 4.24211 0.117388)
(1.14754 4.11964 0.2475)
(2.62007 3.99318 0.127034)
(2.49111 4.11627 0.127951)
(-2.387 4.50707 0.126777)
(-2.25771 4.62783 0.127785)
(-1.3853 4.61798 -0.00608501)
(-1.26064 4.62032 0.122958)
(-1.38124 4.74641 0.123799)
(-0.501177 4.75215 0.249315)
(-8.81943e-08 4.75231 0.249666)
(0.501175 4.75215 0.249313)
(1.26064 4.62032 0.122957)
(2.25771 4.62783 0.127784)
(-1.89371 5.26603 0.121068)
(-1.88892 5.13219 0.259035)
(-0.876563 5.26044 0.127099)
(1.1257 5.26171 0.125431)
(-0.383507 5.6409 -0.00370492)
(-0.257379 5.63643 0.125075)
(-0.382494 5.51338 0.127806)
(0.125462 5.63464 -0.0147066)
(0.257379 5.63643 0.125075)
(0.127294 6.00782 0.107675)
(-2.70703e-05 6.13023 0.110901)
(0.131009 6.12687 0.24816)
(0.132196 6.99261 0.107641)
(-0.394735 7.49753 0.113355)
(-0.264648 7.62672 0.113898)
(-0.395488 7.75535 0.114033)
(-0.393508 7.62651 0.241458)
(0.130768 7.62735 -0.0175968)
(0.264692 7.62672 0.113898)
(0.131141 8.0239 0.10716)
(-0.000252719 8.15395 0.103764)
(0.131127 8.15339 0.235333)
(-1.36914 -2.87951 0.513052)
(-1.50507 -2.87903 0.642968)
(-1.37086 -2.75492 0.642305)
(1.64216 -2.87806 0.513142)
(1.5051 -2.87895 0.643091)
(1.64256 -2.75376 0.643848)
(-1.50998 -2.37807 0.645623)
(-1.23501 -2.37887 0.642851)
(1.23503 -2.37886 0.642887)
(1.1064 -2.25381 0.639741)
(1.10453 -2.37903 0.511267)
(1.63654 -2.37684 0.513082)
(1.64175 -2.5023 0.643403)
(1.50998 -2.37807 0.645628)
(1.64235 -2.25273 0.643679)
(1.10819 -2.00351 0.639052)
(-0.852894 -1.38131 0.512763)
(-0.982858 -1.38013 0.640698)
(-0.854542 -1.25641 0.641627)
(0.982861 -1.38013 0.640698)
(-1.51977 -0.872977 0.630803)
(-1.3805 -0.874648 0.76167)
(1.65458 -0.872271 0.499487)
(1.64747 -0.998128 0.630746)
(1.5198 -0.872981 0.630756)
(1.65817 -0.746036 0.631053)
(0.606236 -0.507655 0.638786)
(1.12664 -0.374914 0.76565)
(-1.39119 0.252721 0.636073)
(-0.876006 0.124593 0.770614)
(-0.375849 0.119714 0.761171)
(0.124306 -0.011876 0.630951)
(1.13101 0.126135 0.770094)
(-1.39526 0.626672 0.505398)
(-1.39343 0.502183 0.63348)
(-1.26463 0.626398 0.633552)
(-1.39816 0.75158 0.632714)
(-0.8781 0.624083 0.766526)
(1.26426 0.626177 0.632101)
(1.13054 0.625254 0.763202)
(-1.40985 1.12792 0.50669)
(-1.40622 1.00214 0.637427)
(-1.27496 1.12735 0.638875)
(-0.881007 1.12481 0.763636)
(-0.000163188 1.24966 0.761249)
(-0.251839 1.50035 0.760373)
(-0.379595 1.12396 1.01978)
(-0.126987 1.1232 1.02284)
(-0.380147 1.37465 1.02053)
(0.251814 1.50035 0.762452)
(0.126167 1.12339 1.02492)
(0.379031 1.12422 1.02209)
(0.125817 1.37481 1.02618)
(0.379164 1.37484 1.02546)
(1.27464 1.127 0.638476)
(0.000191115 1.75056 0.760297)
(-0.25198 2.00023 0.758843)
(-0.378555 1.62525 1.02226)
(-0.124164 1.62635 1.02231)
(-0.37832 1.87446 1.02176)
(-0.124381 1.87475 1.02215)
(0.252058 2.00022 0.759204)
(0.126331 1.62589 1.02732)
(0.378863 1.62518 1.02642)
(0.124977 1.87467 1.0234)
(0.378538 1.87443 1.02301)
(1.1459 1.75758 0.630001)
(1.17649e-05 2.24968 0.756353)
(-0.252388 2.49947 0.754946)
(-0.378733 2.12335 1.01955)
(-0.125757 2.12333 1.01898)
(-0.379106 2.37293 1.01605)
(0.252392 2.49947 0.754963)
(0.125812 2.12332 1.01916)
(0.378762 2.12335 1.01974)
(0.37911 2.37293 1.01607)
(-0.889353 2.75038 0.62485)
(3.12103e-06 2.74903 0.754604)
(-0.252952 2.99919 0.754059)
(0.252962 2.99919 0.75406)
(-3.37342 3.25129 0.630605)
(-0.894902 3.12111 0.49504)
(-0.8939 2.99847 0.624458)
(-0.765689 3.12285 0.624868)
(-0.895398 3.24671 0.624594)
(-0.896253 3.12333 0.755832)
(1.90979e-05 3.24998 0.753855)
(-0.25255 3.50048 0.754789)
(0.252588 3.50048 0.754789)
(0.765689 3.12285 0.624868)
(-0.897337 3.62408 0.757703)
(2.84916e-05 3.75123 0.754913)
(-1.01864 4.62294 0.637053)
(0.124515 4.63268 0.763859)
(1.01856 4.62295 0.637006)
(1.14534 4.74676 0.640167)
(1.14257 4.62093 0.508553)
(-1.38486 5.12782 0.526163)
(-1.25818 5.13316 0.655031)
(-1.00328 5.14013 0.650591)
(1.12927 5.1364 0.520859)
(1.1335 5.00637 0.650157)
(1.00328 5.14013 0.650592)
(1.25818 5.13316 0.655031)
(-0.396015 7.11438 0.498619)
(-0.254151 7.11217 0.628924)
(-0.388532 7.24176 0.624958)
(-0.38299 7.11338 0.753036)
(0.129001 7.11565 0.501899)
(0.00389796 7.11143 0.629804)
(0.255323 7.11216 0.628932)
(0.128286 7.2391 0.628449)
(-0.391032 7.62672 0.754598)
(-0.392737 8.14379 0.498672)
(-0.395641 8.0153 0.628017)
(-0.267733 8.14784 0.628196)
(0.267678 8.14785 0.628194)
(0.13348 8.14719 0.761572)
(-0.253669 1.12291 1.15359)
(-0.380684 1.24896 1.1502)
(0.126293 0.998064 1.15872)
(-0.00056352 1.12239 1.15683)
(0.252551 1.12358 1.15771)
(0.125897 1.24828 1.15882)
(-0.379648 1.5001 1.15201)
(-0.251413 1.62626 1.15398)
(-0.379125 1.75032 1.15349)
(0.126856 1.50085 1.16349)
(0.00188146 1.6272 1.15543)
(0.253697 1.62614 1.16424)
(0.122581 1.75142 1.15866)
(-0.379334 1.99832 1.15231)
(-0.252623 2.12248 1.15228)
(-0.379904 2.2472 1.14858)
(0.124922 1.99843 1.15423)
(-9.07851e-06 2.12292 1.14645)
(0.252661 2.12248 1.1525)
(0.126315 2.24727 1.14639)
(-0.379472 2.49727 1.14301)
(-0.506956 2.62263 1.14149)
(0.635316 2.62346 1.01556)
(0.634058 2.49755 1.14407)
(0.506956 2.62263 1.14149)
(0.635805 2.74826 1.14188)
(-0.892294 4.00087 1.14096)
(-0.75927 4.13118 1.14531)
(-0.88952 4.12727 1.01564)
(-0.373079 4.0058 1.14123)
(-0.498308 4.13226 1.14217)
(-0.248245 4.13032 1.13898)
(-0.373932 4.13017 1.01282)
(0.124162 4.00433 1.13767)
(1.50195e-05 4.12889 1.13553)
(0.248253 4.13032 1.13898)
(0.124389 4.12894 1.01014)
(0.49831 4.13226 1.14217)
(0.75927 4.13118 1.14531)
(0.129897 7.6266 1.00648)
(2.03191e-05 7.62607 1.13762)
(0.132763 7.75721 1.14439)
(-0.752926 0.117004 -0.652436)
(-0.885683 0.245272 -0.651524)
(-0.623212 0.243156 -0.648397)
(-0.491118 0.113469 -0.65227)
(-0.756958 0.372367 -0.646757)
(-0.887812 0.499554 -0.64849)
(-0.49229 0.372396 -0.64766)
(-0.362035 0.242223 -0.650472)
(-0.365272 0.500386 -0.648498)
(-0.366151 0.372237 -0.517807)
(0.362065 0.242223 -0.650465)
(0.491132 0.113469 -0.652267)
(0.3618 0.114345 -0.521098)
(0.49231 0.372395 -0.647638)
(0.365315 0.500384 -0.648427)
(0.366201 0.372236 -0.517777)
(0.752909 0.116994 -0.652429)
(0.623215 0.243154 -0.648393)
(0.885678 0.245259 -0.651524)
(0.756961 0.372367 -0.646756)
(0.887822 0.499561 -0.648497)
(-0.884943 0.756329 -0.64468)
(-0.624069 0.757044 -0.64624)
(-0.494633 0.62809 -0.645953)
(-0.753211 0.884109 -0.64432)
(-0.497419 0.8818 -0.645371)
(-0.369496 0.754253 -0.64376)
(-0.371677 0.880489 -0.514587)
(0.369754 0.754222 -0.643264)
(0.494714 0.628081 -0.645808)
(0.369458 0.626826 -0.515619)
(0.497685 0.881728 -0.644926)
(0.372078 0.880357 -0.513814)
(0.624168 0.757044 -0.64611)
(0.885088 0.756469 -0.644801)
(0.753328 0.884168 -0.644275)
(-2.11685 -6.50248 -0.142304)
(2.11694 -6.50249 -0.142083)
(-2.13761 -6.25386 -0.145812)
(-2.14847 -6.00292 -0.136695)
(2.13768 -6.25408 -0.143973)
(2.14854 -6.00239 -0.133438)
(-2.15344 -5.75214 -0.128218)
(-2.15258 -5.87656 0.00690118)
(-2.00944 -5.6293 -0.127878)
(-2.16136 -5.50292 -0.131326)
(-2.15785 -5.62743 0.00902122)
(-1.86638 -5.50713 -0.125145)
(2.00954 -5.62921 -0.12757)
(1.86647 -5.5071 -0.125123)
(2.15339 -5.75199 -0.127471)
(2.16137 -5.5029 -0.131225)
(2.15782 -5.62741 0.00912167)
(-2.16696 -5.25119 -0.135856)
(-2.01662 -5.3784 -0.129541)
(-2.16477 -5.3771 0.00652562)
(-2.02545 -5.12554 -0.132384)
(-2.16558 -4.99876 -0.132608)
(-2.16566 -5.12517 0.00260121)
(-1.87653 -5.12674 -0.266491)
(-1.87162 -5.12907 0.0105062)
(1.87659 -5.12677 -0.266537)
(1.87817 -4.99962 -0.398933)
(2.01665 -5.37839 -0.129485)
(1.86845 -5.38054 0.00929692)
(2.02546 -5.12554 -0.132349)
(1.87163 -5.1291 0.0105069)
(2.16701 -5.25118 -0.135793)
(2.16559 -4.99876 -0.132595)
(2.16568 -5.12517 0.00261447)
(-2.15614 -4.74537 -0.13244)
(-2.02469 -4.87255 -0.132692)
(-2.15835 -4.87356 0.00132115)
(-2.02336 -4.61699 -0.136356)
(-1.73088 -4.87793 -0.126732)
(-1.59796 -4.75405 -0.127048)
(-1.59775 -4.87986 0.00656313)
(-1.6011 -4.63079 0.00840868)
(1.87939 -4.87318 -0.268671)
(1.73101 -4.87876 -0.12677)
(1.59854 -4.7577 -0.127205)
(2.0247 -4.87257 -0.132692)
(1.60122 -4.63151 0.0083633)
(2.02336 -4.61701 -0.136356)
(2.15614 -4.74538 -0.13244)
(-1.89558 -4.23714 -0.14572)
(-1.7657 -4.1138 -0.147807)
(-1.8979 -4.11426 -0.00962034)
(-1.62624 -3.99427 -0.148621)
(1.8956 -4.23714 -0.145726)
(1.76575 -4.11379 -0.147819)
(1.62623 -3.99426 -0.148623)
(1.89791 -4.11426 -0.00962519)
(-1.62943 -3.87089 -0.018287)
(-1.24685 -2.12814 -0.151201)
(-1.38136 -2.0034 -0.15067)
(-1.37998 -2.12723 -0.0202196)
(-1.11228 -2.00535 -0.147458)
(-1.111 -2.12847 -0.0177575)
(1.24683 -2.12814 -0.151193)
(1.11228 -2.00535 -0.147456)
(1.11099 -2.12847 -0.0177536)
(1.38135 -2.0034 -0.15066)
(1.37995 -2.12723 -0.0201943)
(-1.24528 -1.87877 -0.144668)
(-1.11482 -1.75387 -0.142688)
(-1.11232 -1.87921 -0.0152779)
(1.24527 -1.87877 -0.144667)
(1.11482 -1.75387 -0.142689)
(-0.986932 -1.37811 -0.141738)
(-0.989618 -1.12828 -0.141081)
(-0.859791 -1.25372 -0.139825)
(-0.861811 -1.00401 -0.138838)
(-0.861772 -1.12876 -0.0103102)
(0.859791 -1.25372 -0.139826)
(0.986932 -1.37811 -0.141739)
(0.859302 -1.3788 -0.0109127)
(0.989618 -1.12828 -0.141082)
(0.861811 -1.00401 -0.138839)
(0.861772 -1.12876 -0.0103112)
(-0.736209 -0.633453 -0.136446)
(-0.606314 -0.635035 -0.00780346)
(-0.611186 -0.510108 -0.133485)
(0.736209 -0.633453 -0.136447)
(0.606315 -0.635035 -0.00780355)
(0.611186 -0.510108 -0.133485)
(-1.13725 -0.256098 -0.399513)
(-1.13432 -0.379313 -0.271533)
(-1.39412 -0.249163 -0.13792)
(-1.26645 -0.124988 -0.1373)
(-1.39423 0.000875392 -0.136659)
(-1.39203 -0.124049 -0.00936898)
(-0.363379 -0.262887 -0.129999)
(-0.487835 -0.386552 -0.129977)
(-0.241182 -0.137716 -0.130473)
(2.40352e-05 -0.138755 -0.130281)
(-0.119982 -0.14099 -0.00367359)
(-0.120655 -0.0103903 -0.129493)
(0.363384 -0.262887 -0.129999)
(0.361115 -0.390214 -0.00247442)
(0.487836 -0.386552 -0.129977)
(0.241233 -0.137716 -0.130473)
(0.120006 -0.14099 -0.00367349)
(0.120799 -0.0103903 -0.129493)
(1.39412 -0.249163 -0.137919)
(1.26645 -0.124988 -0.137301)
(1.39423 0.000875413 -0.136659)
(1.39203 -0.124049 -0.00936836)
(-1.26879 0.125826 -0.135389)
(-1.40022 0.251613 -0.135167)
(-1.2696 0.376498 -0.133621)
(-1.39563 0.376908 -0.0071415)
(1.26879 0.125826 -0.13539)
(1.40023 0.251613 -0.135168)
(1.39483 0.12648 -0.00807641)
(1.26961 0.3765 -0.133625)
(1.39563 0.376908 -0.00714306)
(-1.14211 0.753823 -0.387652)
(-1.14116 0.878958 -0.2616)
(-1.14391 1.00639 -0.390051)
(1.14142 0.8792 -0.26193)
(-1.14333 1.13132 -0.265539)
(-1.14224 1.25727 -0.139369)
(-1.01414 1.3857 -0.142271)
(-1.14232 1.3835 -0.0140216)
(-0.626769 1.2616 -0.392915)
(-0.754384 1.38881 -0.395665)
(-0.884367 1.38824 -0.270681)
(-0.627133 1.38514 -0.266003)
(-0.499942 1.38491 -0.391726)
(-0.884465 1.51221 -0.143058)
(-0.124545 1.129 -0.256495)
(-0.124132 1.00418 -0.382374)
(-0.374942 1.38238 -0.262933)
(0.374249 1.26003 -0.389789)
(0.37487 1.38229 -0.262733)
(0.499902 1.38482 -0.391536)
(0.885176 1.26357 -0.397064)
(0.754364 1.3887 -0.395483)
(0.627093 1.38498 -0.265738)
(0.884401 1.38817 -0.270579)
(1.01446 1.38562 -0.142449)
(0.88471 1.51201 -0.143018)
(1.14245 1.25725 -0.139526)
(1.14275 1.38339 -0.0143844)
(-0.757026 1.6358 -0.141223)
(-0.377003 1.75668 -0.141408)
(-0.124562 1.75848 -0.142735)
(-0.250554 1.88142 -0.145184)
(-6.7537e-06 1.88233 -0.144487)
(0.124543 1.75845 -0.142696)
(0.376635 1.75641 -0.140899)
(0.250509 1.88137 -0.14511)
(0.757065 1.63535 -0.140749)
(0.885088 1.63637 -0.0161975)
(-0.375673 3.99697 -0.154239)
(-0.376211 3.87002 -0.0216338)
(0.375673 3.99697 -0.154239)
(0.376211 3.87002 -0.0216308)
(-1.01015 4.36211 -0.150687)
(-1.13783 4.48869 -0.148214)
(-1.14163 4.36363 -0.0181345)
(-0.754106 4.11862 -0.148491)
(-0.88204 4.24153 -0.147831)
(-0.627109 4.24612 -0.146887)
(-0.501273 4.12168 -0.153716)
(-0.751816 4.37126 -0.142358)
(-0.501103 4.3724 -0.142378)
(-0.626129 4.49767 -0.137918)
(-0.249913 4.12285 -0.152143)
(-0.3758 4.24725 -0.152032)
(-0.124336 4.2479 -0.145313)
(3.1822e-08 4.12352 -0.144098)
(-0.249505 4.37315 -0.141266)
(1.63032e-09 4.37315 -0.139438)
(-0.124562 4.49855 -0.135215)
(0.249913 4.12285 -0.152143)
(0.124336 4.2479 -0.145314)
(0.3758 4.24725 -0.152034)
(0.501273 4.12168 -0.15372)
(0.249505 4.37315 -0.141267)
(0.124562 4.49855 -0.135215)
(0.501102 4.3724 -0.142379)
(0.754105 4.11862 -0.148511)
(0.627103 4.24613 -0.146891)
(0.881887 4.24163 -0.147783)
(0.751808 4.37127 -0.142361)
(0.626126 4.49767 -0.137917)
(1.01019 4.36208 -0.150715)
(1.13784 4.48869 -0.148221)
(1.14163 4.36362 -0.018145)
(-1.50447 4.87202 -0.137531)
(-1.63036 4.99978 -0.14267)
(-1.62757 4.87253 -0.00651311)
(-1.26227 4.6173 -0.140476)
(-1.38231 4.74538 -0.136583)
(-1.25529 4.87272 -0.139846)
(-1.37945 4.9988 -0.139838)
(-1.37967 4.87253 -0.00883703)
(1.26227 4.6173 -0.140477)
(1.38231 4.74538 -0.136584)
(1.3853 4.61798 -0.00608547)
(1.25529 4.87272 -0.139847)
(1.50447 4.87202 -0.137531)
(1.37945 4.9988 -0.139838)
(1.37967 4.87253 -0.00883731)
(1.63036 4.99978 -0.142669)
(1.62757 4.87253 -0.00651276)
(-1.63531 5.26133 -0.150297)
(-1.50585 5.12915 -0.143942)
(-1.50745 5.39208 -0.146264)
(-1.37878 5.26185 -0.142104)
(-1.12681 5.26036 -0.139938)
(-1.25223 5.3908 -0.140414)
(-1.37773 5.38988 -0.00843824)
(-1.00191 5.38707 -0.136964)
(-1.12611 5.38806 -0.00414466)
(-0.877581 5.38772 0.000677679)
(-0.631598 5.51814 -0.13378)
(-0.377686 5.51365 -0.140039)
(-0.124287 5.51116 -0.143103)
(0.124287 5.51116 -0.143103)
(0.377686 5.51365 -0.140039)
(0.631598 5.51814 -0.13378)
(1.00191 5.38707 -0.136964)
(0.877581 5.38772 0.000677445)
(1.12681 5.26036 -0.139938)
(1.37878 5.26185 -0.142104)
(1.50585 5.12915 -0.143941)
(1.25223 5.3908 -0.140414)
(1.12611 5.38806 -0.0041446)
(1.50745 5.39208 -0.146264)
(1.37773 5.38988 -0.00843801)
(1.63531 5.26133 -0.150296)
(-0.508168 5.64725 -0.136469)
(-0.250307 5.63711 -0.143209)
(-9.07922e-08 5.63368 -0.141939)
(-0.125462 5.63464 -0.0147062)
(0.250307 5.63711 -0.143209)
(0.508168 5.64725 -0.136469)
(0.383507 5.6409 -0.00370493)
(0.000196303 7.36993 -0.148213)
(-0.130475 7.49865 -0.146233)
(-0.132474 7.36986 -0.0194891)
(0.130709 7.49865 -0.146232)
(0.132654 7.36986 -0.0194888)
(0.000281227 7.6271 -0.146927)
(-0.130538 7.62735 -0.0175971)
(-2.14608 -5.75167 0.149802)
(-2.15345 -5.50261 0.153085)
(-2.15883 -5.2508 0.142096)
(-2.01217 -5.12693 0.141061)
(-2.15374 -4.9999 0.135599)
(1.86755 -5.25491 0.143879)
(2.01218 -5.12693 0.141064)
(1.87059 -5.00354 0.142303)
(-1.60121 -4.75626 0.139617)
(-1.73545 -4.63035 0.141401)
(-1.60426 -4.50674 0.138363)
(1.73548 -4.63058 0.141389)
(-1.76559 -4.12035 0.127209)
(-1.62063 -4.13135 0.266002)
(-1.6229 -4.00815 0.397093)
(1.89415 -4.24394 0.130013)
(1.7656 -4.12035 0.127206)
(1.6207 -4.13137 0.266149)
(1.62281 -4.00816 0.397076)
(-1.48881 -3.62694 0.115317)
(-1.48281 -3.88464 0.388572)
(-1.48699 -3.63011 0.384572)
(-1.35539 -3.62983 0.250453)
(-1.35187 -3.75823 0.385109)
(-1.35521 -3.50509 0.38404)
(1.35344 -3.75472 0.118781)
(1.35036 -3.88213 0.252545)
(1.35539 -3.62983 0.250458)
(1.4888 -3.62694 0.115323)
(1.35761 -3.5025 0.11302)
(1.35187 -3.75824 0.385114)
(1.48282 -3.88465 0.388594)
(1.48699 -3.63011 0.384576)
(1.35521 -3.50509 0.384041)
(-1.64127 -3.24837 0.108538)
(-1.64105 -3.12424 0.245039)
(-1.51042 -3.12477 0.104585)
(-1.64592 -2.99864 0.111116)
(-1.63694 -3.24986 0.378454)
(-1.50804 -3.12569 0.377641)
(-1.64268 -3.00059 0.378539)
(1.51042 -3.12477 0.104588)
(1.50805 -3.12567 0.37766)
(1.64105 -3.12423 0.245043)
(1.63694 -3.24985 0.378459)
(1.64269 -3.00058 0.378552)
(-1.64889 -2.75046 0.115657)
(-1.6478 -2.87489 0.243194)
(-1.64424 -2.62546 0.243901)
(-1.51375 -2.62585 0.115499)
(-1.64402 -2.50073 0.115189)
(-1.64215 -2.87809 0.5131)
(-1.63831 -2.62715 0.513331)
(-1.1017 -2.75484 0.115326)
(-1.23544 -2.62887 0.115091)
(-1.10596 -2.62909 0.248712)
(-1.10831 -2.50411 0.118288)
(-1.23489 -2.62866 0.378439)
(-1.10576 -2.50427 0.37902)
(1.23544 -2.62886 0.115127)
(1.10598 -2.62907 0.24879)
(1.51375 -2.62585 0.115501)
(1.36923 -2.87929 0.513455)
(1.23494 -2.6286 0.378627)
(1.10578 -2.50424 0.379103)
(1.64424 -2.62546 0.243903)
(1.63831 -2.62714 0.513348)
(-1.6443 -2.25074 0.109315)
(-1.638 -2.37556 0.24077)
(-1.63796 -2.12545 0.238183)
(-1.64534 -2.00046 0.108965)
(-1.51436 -2.12594 0.110958)
(-1.63654 -2.37684 0.513079)
(1.63796 -2.12545 0.238175)
(1.51435 -2.12594 0.110965)
(-1.64732 -1.74885 0.115638)
(-1.64087 -1.87475 0.240448)
(-1.64755 -1.62428 0.244639)
(-1.65064 -1.49951 0.119657)
(-1.51887 -1.6247 0.118205)
(-0.857511 -1.62982 0.24993)
(-0.984864 -1.62919 0.119877)
(-0.855735 -1.50538 0.379281)
(-0.984266 -1.62914 0.378836)
(0.857511 -1.62982 0.24993)
(0.859757 -1.50472 0.120362)
(0.984865 -1.62919 0.119876)
(0.855736 -1.50538 0.379281)
(0.984267 -1.62914 0.378836)
(1.64755 -1.62428 0.244638)
(1.51887 -1.6247 0.118204)
(-1.64701 -1.24937 0.120758)
(-1.64667 -1.37443 0.245963)
(-1.64596 -1.12407 0.246047)
(-1.64525 -0.998812 0.119632)
(-1.64101 -1.24932 0.373187)
(-1.64872 -0.998459 0.371923)
(-1.64176 -1.124 0.49985)
(0.852895 -1.38131 0.512763)
(1.64596 -1.12407 0.246034)
(1.64101 -1.24932 0.373171)
(1.64872 -0.998459 0.371907)
(1.64178 -1.124 0.499814)
(-1.65092 -0.872972 0.244115)
(-1.65673 -0.74678 0.371014)
(-1.65457 -0.872269 0.499509)
(-1.5209 -0.873165 0.372602)
(-1.65898 -0.620006 0.499991)
(-1.52349 -0.621832 0.372784)
(-0.601488 -0.757125 0.120167)
(-0.601636 -0.880408 0.249767)
(-0.731571 -0.880416 0.378608)
(-0.602648 -0.757149 0.378538)
(-0.607662 -0.631728 0.508796)
(0.731572 -0.880416 0.378608)
(0.602649 -0.757149 0.378537)
(0.60767 -0.631724 0.508784)
(1.65673 -0.746781 0.37101)
(1.5209 -0.873165 0.372591)
(1.65899 -0.620007 0.499988)
(1.52349 -0.621833 0.372784)
(-0.24598 -0.139818 0.124276)
(-0.123344 -0.141253 0.250781)
(-2.3392e-06 -0.143837 0.124132)
(-0.366447 -0.261931 0.378617)
(-0.247087 -0.137653 0.377291)
(-8.89035e-05 -0.142983 0.376629)
(-0.123689 -0.139215 0.503456)
(0.366571 -0.263854 0.124508)
(0.364302 -0.387752 0.251226)
(0.245978 -0.139818 0.124277)
(0.1233 -0.141253 0.250781)
(0.366423 -0.261931 0.378618)
(0.246981 -0.137654 0.377292)
(0.123303 -0.139216 0.503457)
(-1.39007 0.377043 0.506283)
(1.39132 0.501833 0.1189)
(1.39003 0.377017 0.506147)
(-1.26946 0.877504 0.119044)
(-1.40205 0.877811 0.246979)
(-1.39745 0.752058 0.375665)
(-1.27186 0.876977 0.376111)
(-1.40971 1.00293 0.375949)
(-1.40395 0.877053 0.505234)
(1.39421 0.752287 0.117736)
(1.38923 0.626612 0.245245)
(1.26952 0.877476 0.119021)
(1.40222 0.877683 0.246968)
(1.40415 1.0032 0.117324)
(1.39752 0.751919 0.375511)
(1.39516 0.62657 0.504976)
(1.2719 0.876845 0.375914)
(1.4099 1.00283 0.376022)
(1.4039 0.876842 0.5049)
(-1.27645 1.1277 0.376141)
(-1.40714 1.25327 0.375355)
(-1.2741 1.3806 0.37448)
(1.40805 1.12764 0.24668)
(1.27641 1.12758 0.376085)
(1.40704 1.25313 0.375332)
(1.40974 1.12775 0.506666)
(1.27379 1.38033 0.374352)
(-1.1467 1.76105 0.370532)
(-1.1503 1.88614 0.499816)
(-1.01899 1.88585 0.36938)
(1.14637 1.761 0.370301)
(1.14995 1.88612 0.499637)
(1.01885 1.88582 0.369278)
(-0.637562 2.25911 0.103802)
(-0.634762 2.13299 0.233939)
(-0.634737 2.00988 0.106256)
(-0.636395 2.38096 0.233694)
(-0.511696 2.38099 0.104765)
(-0.891107 2.2576 0.363812)
(-0.762438 2.38075 0.364268)
(-0.889838 2.38036 0.492579)
(0.636384 2.38096 0.233709)
(0.511688 2.38099 0.104771)
(0.891117 2.2576 0.363804)
(0.762458 2.38076 0.364253)
(0.889862 2.38037 0.492568)
(-0.634315 2.87285 0.235767)
(-0.508429 2.87267 0.101844)
(-0.63794 2.99521 0.103748)
(-0.125338 2.75036 0.103017)
(-0.12601 2.62556 0.235825)
(-0.126271 2.5009 0.110335)
(-0.251592 2.87414 0.103123)
(-0.379224 2.87387 0.232879)
(-0.125514 2.8746 0.234231)
(-5.20882e-06 2.87482 0.103314)
(-0.12506 2.99862 0.106704)
(0.38013 2.74991 0.102175)
(0.380573 2.62587 0.233946)
(0.382532 2.50222 0.104894)
(0.251587 2.87414 0.103123)
(0.125505 2.8746 0.234231)
(0.379219 2.87387 0.232883)
(0.508426 2.87267 0.101848)
(0.379441 2.99761 0.102482)
(0.634307 2.87286 0.235778)
(-3.25341 3.37127 0.369254)
(-3.39462 3.3904 0.497198)
(-0.636551 3.24409 0.102482)
(-0.636478 3.12028 0.232664)
(-0.634673 3.37024 0.233547)
(-0.50752 3.37032 0.104169)
(-0.634313 3.49439 0.10406)
(-0.765244 3.12122 0.365974)
(-0.893995 3.24516 0.36683)
(0.50752 3.37032 0.104169)
(0.634673 3.37024 0.233547)
(0.765244 3.12122 0.365974)
(0.893995 3.24516 0.36683)
(0.894903 3.12111 0.49504)
(3.25303 3.37117 0.369521)
(3.39496 3.39039 0.496841)
(-2.75135 3.87194 0.123331)
(-2.6201 3.99318 0.126936)
(2.87955 3.74789 0.114795)
(2.75135 3.87194 0.12334)
(-1.14595 4.24211 0.117393)
(-1.14754 4.11964 0.247502)
(-1.14492 4.3702 0.252784)
(-1.14546 4.24661 0.377595)
(-1.14367 4.49536 0.379559)
(1.14492 4.3702 0.252782)
(1.14546 4.24661 0.377594)
(1.14366 4.49536 0.379554)
(2.36725 4.24255 0.126948)
(2.387 4.50707 0.12678)
(-1.75106 4.87014 0.125947)
(-1.50324 4.87191 0.124838)
(1.75106 4.87014 0.125947)
(1.50324 4.87191 0.124837)
(-1.76213 5.1255 0.396154)
(-1.63655 5.26121 0.393997)
(-1.50736 5.40139 0.389498)
(-1.1257 5.26171 0.125431)
(-1.25 5.39066 0.12563)
(-1.37628 5.39521 0.255085)
(-1.1249 5.39185 0.254326)
(-1.00122 5.38938 0.12875)
(-1.37902 5.26655 0.388647)
(-1.12535 5.26613 0.384782)
(-1.12928 5.1364 0.520861)
(-1.25026 5.3974 0.384068)
(-0.752985 5.38794 0.129151)
(-0.629692 5.38711 0.257937)
(-0.627342 5.26112 0.382854)
(-0.505657 5.38882 0.384017)
(0.876563 5.26044 0.127099)
(0.752985 5.38794 0.129151)
(0.629692 5.38711 0.257937)
(1.00122 5.38938 0.128751)
(0.627342 5.26112 0.382854)
(0.505657 5.38882 0.384017)
(1.25 5.39066 0.12563)
(1.1249 5.39185 0.254326)
(1.37628 5.39522 0.255085)
(1.12535 5.26613 0.384783)
(1.37901 5.26656 0.388645)
(1.38486 5.12782 0.526163)
(1.25026 5.3974 0.384068)
(1.50736 5.40139 0.389499)
(1.8937 5.26602 0.121075)
(1.88891 5.13219 0.259022)
(1.76213 5.12549 0.396167)
(1.63655 5.26121 0.393996)
(-0.131661 5.87817 0.25351)
(-0.127311 6.00782 0.107675)
(-0.130096 5.7532 0.381648)
(-1.09873e-05 5.87659 0.381438)
(-0.134145 6.00047 0.383713)
(0.382493 5.51338 0.127806)
(0.131652 5.87817 0.25351)
(0.13009 5.7532 0.381648)
(0.134119 6.00047 0.383713)
(-0.13104 6.12687 0.248163)
(-5.45836e-05 6.12362 0.383119)
(-0.130989 6.87061 0.239588)
(5.5669e-06 6.86888 0.107217)
(-0.132078 6.99261 0.107641)
(4.235e-05 6.87585 0.365199)
(-0.129446 6.99468 0.370039)
(0.131059 6.87061 0.239588)
(0.130191 6.99468 0.370039)
(-0.26777 7.37015 0.111782)
(-0.396087 7.37015 0.240449)
(-0.265193 7.11711 0.369848)
(-0.395702 7.24252 0.368706)
(-0.126749 7.11565 0.501897)
(0.267815 7.37015 0.111782)
(0.396115 7.37015 0.240449)
(0.394752 7.49753 0.113355)
(0.265504 7.11711 0.369849)
(0.395827 7.24252 0.368708)
(0.396269 7.11438 0.498621)
(-0.265799 7.88701 0.111453)
(-0.396851 7.88519 0.240613)
(-0.131049 8.0239 0.10716)
(-0.394107 8.01633 0.369796)
(0.395506 7.75535 0.114033)
(0.393526 7.62651 0.241458)
(0.265846 7.88701 0.111453)
(0.396864 7.88519 0.240613)
(0.394114 8.01633 0.369797)
(-0.130974 8.15339 0.235333)
(-0.264391 8.15038 0.368418)
(0.264414 8.15038 0.368418)
(0.392736 8.14379 0.498673)
(-1.64255 -2.75377 0.643822)
(-1.50992 -2.6281 0.642522)
(-1.64175 -2.5023 0.643398)
(1.37095 -2.75477 0.642601)
(1.50993 -2.62808 0.642554)
(-1.64235 -2.25273 0.643678)
(-1.1064 -2.25382 0.639732)
(-1.10452 -2.37904 0.511231)
(-1.23734 -2.12838 0.641221)
(-1.10819 -2.00351 0.639051)
(-1.10807 -2.12847 0.510011)
(1.23734 -2.12838 0.641225)
(1.10807 -2.12847 0.510015)
(-1.6474 -0.998118 0.630866)
(0.854543 -1.25641 0.641627)
(-1.65816 -0.746035 0.631072)
(-1.52346 -0.621085 0.632126)
(-0.734255 -0.631155 0.638985)
(-0.606207 -0.507671 0.638872)
(0.734268 -0.631149 0.638979)
(1.38052 -0.874652 0.761635)
(1.52347 -0.621085 0.63212)
(-1.12664 -0.374914 0.76565)
(-1.12952 -0.12409 0.7683)
(-1.1274 -0.249777 0.896495)
(-1.00118 -0.125027 0.898466)
(-1.13072 0.00128351 0.900177)
(-0.873802 -0.125956 0.767519)
(-0.875227 -0.000396151 0.899629)
(-0.248554 -0.134843 0.629833)
(-0.000796501 -0.14443 0.63059)
(-0.125166 -0.011875 0.630949)
(0.248096 -0.134844 0.629835)
(0.873801 -0.125956 0.767519)
(1.00118 -0.125027 0.898464)
(0.875224 -0.000397591 0.899628)
(1.12951 -0.12409 0.768295)
(1.1274 -0.249777 0.896495)
(1.13071 0.00128166 0.900163)
(-1.13103 0.126144 0.770158)
(-1.26262 0.376865 0.63482)
(-1.13068 0.375775 0.767924)
(-1.13012 0.250835 0.900011)
(-1.00249 0.12522 0.903465)
(-1.00233 0.374876 0.902566)
(-1.12926 0.500392 0.894862)
(-0.87693 0.374297 0.77119)
(-0.627603 0.37239 0.767869)
(-0.87628 0.249487 0.904944)
(-0.752245 0.37312 0.903)
(-0.877508 0.498718 0.901052)
(-0.629829 0.495849 0.89811)
(-0.505384 0.369696 0.897195)
(0.875994 0.124586 0.770606)
(0.627565 0.372358 0.767981)
(0.87687 0.374245 0.771179)
(0.876258 0.24947 0.904939)
(1.00247 0.125214 0.903439)
(0.752182 0.373075 0.903114)
(0.62974 0.495777 0.898392)
(0.505362 0.369662 0.897348)
(1.00226 0.374825 0.90237)
(0.877407 0.49859 0.901238)
(1.39116 0.252704 0.635971)
(1.26252 0.376813 0.634461)
(1.13054 0.375706 0.76742)
(1.39331 0.502113 0.633087)
(1.13007 0.250814 0.899855)
(1.12893 0.50024 0.893471)
(-1.13109 0.625569 0.765578)
(-1.26982 0.876611 0.635621)
(-1.0033 0.624528 0.896299)
(-0.879316 0.874587 0.764025)
(-0.754153 0.623004 0.895795)
(-0.878908 0.749079 0.893088)
(-0.754571 0.874011 0.890872)
(-0.880983 0.999464 0.893257)
(0.877984 0.623879 0.766831)
(0.879337 0.874595 0.764636)
(0.753718 0.622703 0.896922)
(0.879258 0.748561 0.895544)
(1.00306 0.624284 0.895673)
(0.754672 0.87415 0.892524)
(0.881027 0.999596 0.893811)
(1.39786 0.751286 0.631496)
(1.26951 0.876281 0.633969)
(1.4056 1.00171 0.637179)
(-1.14719 1.75753 0.63062)
(-1.02191 1.8828 0.630431)
(1.0214 1.88277 0.630228)
(-0.762926 2.87446 0.625253)
(-0.891838 2.87471 0.755267)
(-0.893404 2.74999 0.887404)
(-0.635318 2.62346 1.01557)
(-0.767677 2.8745 0.886732)
(-0.899509 2.99933 0.88832)
(0.889356 2.75038 0.62485)
(0.762928 2.87446 0.625253)
(0.891838 2.87471 0.755267)
(0.893901 2.99847 0.624458)
(0.893404 2.74999 0.887405)
(0.767677 2.8745 0.886732)
(0.899507 2.99933 0.88832)
(-0.897638 3.37369 0.757991)
(-0.770663 3.12389 0.886841)
(-0.901111 3.24889 0.887962)
(-0.770131 3.37382 0.885798)
(-0.900188 3.49876 0.886475)
(0.895396 3.24671 0.624594)
(0.896251 3.12333 0.755832)
(0.897628 3.37369 0.75799)
(0.770656 3.12389 0.886841)
(0.901097 3.24889 0.88796)
(0.770107 3.37382 0.885798)
(0.900174 3.49876 0.886473)
(3.37361 3.25159 0.63066)
(-1.14555 4.74686 0.640445)
(-1.14262 4.62093 0.508601)
(-1.13351 5.00636 0.650158)
(-0.881808 4.88523 0.776595)
(-0.626005 4.88655 0.776221)
(-0.883099 4.76134 0.901626)
(-0.626119 4.76245 0.902437)
(-0.753097 4.88748 0.906459)
(-0.124515 4.63268 0.76386)
(-0.248686 4.6341 0.892445)
(2.38215e-07 4.63491 0.891265)
(-0.124354 4.50821 0.889262)
(0.248686 4.6341 0.892445)
(0.124355 4.50821 0.889261)
(0.626006 4.88655 0.776231)
(0.881802 4.88527 0.776658)
(0.626125 4.76246 0.902449)
(0.883181 4.76141 0.901694)
(0.753104 4.88749 0.906484)
(-0.125882 7.23911 0.628439)
(-0.384839 7.37301 0.750122)
(-0.126332 7.36946 0.750204)
(-0.385108 7.2446 0.871608)
(-0.253663 7.37504 0.86848)
(-0.388579 7.49999 0.87668)
(0.000152443 7.36989 0.874126)
(-0.127404 7.49862 0.873517)
(0.388883 7.24176 0.624967)
(0.383265 7.11338 0.75304)
(0.127261 7.36946 0.750211)
(0.384981 7.37301 0.750128)
(0.385168 7.24459 0.87159)
(0.253843 7.37504 0.868472)
(0.12763 7.49862 0.873517)
(0.38862 7.49999 0.876679)
(-0.397974 7.88436 0.758345)
(-0.262289 7.6271 0.879039)
(-0.397525 7.75531 0.885225)
(-0.129827 7.62659 1.00647)
(-0.267393 7.88597 0.887058)
(-0.132858 8.01848 0.888532)
(-0.132806 7.88791 1.01823)
(0.391065 7.62671 0.754595)
(0.397996 7.88433 0.758314)
(0.395625 8.01531 0.628012)
(0.262333 7.62709 0.879036)
(0.39756 7.75528 0.885209)
(0.267306 7.88589 0.887012)
(0.132357 8.0185 0.88852)
(0.132767 7.88792 1.01826)
(-0.134023 8.14719 0.761575)
(-0.00092219 8.14826 0.8883)
(-5.87164e-05 0.873384 1.15717)
(-0.126632 0.997937 1.15758)
(-0.126335 0.873241 1.02294)
(0.126198 0.873247 1.02345)
(-0.128415 1.24791 1.15256)
(-0.255819 1.37444 1.1503)
(-0.000747064 1.37501 1.15419)
(-0.125141 1.50147 1.15145)
(0.379257 1.24957 1.15555)
(0.25243 1.37488 1.16249)
(0.379155 1.50011 1.1593)
(-0.120712 1.75186 1.15449)
(-0.251049 1.87412 1.1559)
(0.000287443 1.8744 1.15102)
(-0.124793 1.99846 1.15373)
(0.379591 1.7503 1.15669)
(0.251517 1.87407 1.15786)
(0.379417 1.99831 1.1528)
(-0.506704 2.37219 1.14589)
(-0.634062 2.49755 1.14408)
(-0.634018 2.37298 1.01905)
(-0.126296 2.24728 1.14632)
(-0.253413 2.37227 1.14449)
(0.379911 2.2472 1.14863)
(0.253431 2.37227 1.14452)
(0.506702 2.37219 1.1459)
(0.379479 2.49727 1.14302)
(0.633995 2.37298 1.01903)
(-0.635805 2.74826 1.14188)
(-0.763619 3.87582 1.14063)
(-0.891643 3.87378 1.00991)
(-0.124143 4.00433 1.13767)
(0.373085 4.0058 1.14123)
(0.763618 3.87582 1.14063)
(0.892293 4.00087 1.14096)
(0.891641 3.87378 1.00991)
(-0.124372 4.12894 1.01014)
(0.373937 4.13017 1.01282)
(0.889519 4.12727 1.01564)
(-0.132649 7.75721 1.14439)
(0.000260678 7.88983 1.14939)
(-0.616719 -0.262474 -0.39291)
(-0.616255 -0.385269 -0.263336)
(0.876418 -0.259551 -0.398665)
(0.874061 -0.3827 -0.269198)
(-0.12004 0.246722 -0.381301)
(-0.120606 0.120176 -0.25506)
(0.889913 3.74204 0.105883)
(0.890564 3.61959 0.237977)
(1.38124 4.74642 0.123797)
(-0.252612 0.116926 0.889844)
(-0.378873 0.243568 0.893075)
(0.375734 0.119707 0.761189)
(0.252457 0.116918 0.889864)
(0.378829 0.243553 0.893117)
(-0.756067 1.12443 0.891346)
(-0.882405 1.24937 0.891971)
(0.880951 1.1248 0.763701)
(0.756054 1.12449 0.891667)
(0.882342 1.24935 0.892009)
(-0.767461 3.62401 0.883668)
(-0.896159 3.74875 0.884371)
(0.897333 3.62408 0.757703)
(0.767453 3.62401 0.883669)
(0.896156 3.74875 0.88437)
(-0.250333 0.749712 0.250671)
(0.250335 0.749707 0.250729)
(2.12021 4.61848 0.128246)
(-1.8907 5.13484 0.121378)
(-1.86892 -5.38066 -0.125717)
(1.86898 -5.38064 -0.125729)
(-2.12019 4.61847 0.128252)
(-1.63512 5.12423 0.394661)
(-1.37656 5.39127 0.124455)
(1.37656 5.39128 0.124455)
(1.89071 5.13485 0.121386)
(1.63512 5.12422 0.394657)
(-0.127887 1.37474 1.15052)
(-2.75493e-06 0.749561 0.250697)
(2.12777 4.74851 0.127655)
(-1.88647 5.0044 0.122717)
(-1.37742 5.26246 0.123956)
(-1.87109 -5.25468 -0.126364)
(1.87115 -5.25468 -0.126371)
(-2.12765 4.74842 0.127685)
(1.88647 5.00441 0.12272)
(-1.5088 5.12522 0.39267)
(1.37742 5.26246 0.123956)
(1.5088 5.12522 0.392668)
(-0.126905 1.37476 1.02069)
(-2.37858 4.3765 0.126426)
(2.37859 4.37651 0.126436)
(0.0667904 -0.0694599 -0.565421)
(-4.2855 2.4255 1.7039)
(-4.26257 2.44843 1.73633)
(4.22059 2.667 1.70453)
(-4.32123 2.60691 1.62851)
(4.22864 2.371 1.43742)
(4.29328 2.65785 1.4968)
(4.32123 2.60691 1.62851)
(-4.2573 2.66668 1.62511)
(4.2573 2.66668 1.62511)
(-4.2483 2.4627 1.7565)
(4.2483 2.4627 1.7565)
(4.32392 2.48547 1.43146)
)


// ************************************************************************* //
