ISO-10303-21;
HEADER;
FILE_DESCRIPTION (( 'STEP AP203' ),
    '1' );
FILE_NAME ('TeslaOneWayValve.STEP',
    '2016-04-12T15:29:16',
    ( '' ),
    ( '' ),
    'SwSTEP 2.0',
    'SolidWorks 2012',
    '' );
FILE_SCHEMA (( 'CONFIG_CONTROL_DESIGN' ));
ENDSEC;

DATA;
#1 = EDGE_CURVE ( 'NONE', #1054, #1101, #1227, .T. ) ;
#2 = ORIENTED_EDGE ( 'NONE', *, *, #1415, .T. ) ;
#3 = VERTEX_POINT ( 'NONE', #773 ) ;
#4 = VERTEX_POINT ( 'NONE', #1025 ) ;
#5 = VERTEX_POINT ( 'NONE', #830 ) ;
#6 = ORIENTED_EDGE ( 'NONE', *, *, #189, .T. ) ;
#7 = ORIENTED_EDGE ( 'NONE', *, *, #162, .T. ) ;
#8 = VERTEX_POINT ( 'NONE', #829 ) ;
#9 = VERTEX_POINT ( 'NONE', #828 ) ;
#10 = ORIENTED_EDGE ( 'NONE', *, *, #165, .T. ) ;
#11 = ORIENTED_EDGE ( 'NONE', *, *, #202, .T. ) ;
#12 = VECTOR ( 'NONE', #952, 1000.000000000000100 ) ;
#13 = VERTEX_POINT ( 'NONE', #991 ) ;
#14 = VERTEX_POINT ( 'NONE', #949 ) ;
#15 = CLOSED_SHELL ( 'NONE', ( #1821, #1815, #1835, #1813, #1833, #1829, #1818, #1831, #1824, #1808, #1823, #1828, #1811, #1812, #1826, #1830, #1810, #1822, #1820, #1814, #1827, #1837, #1809, #1839, #1807, #1838, #1825, #1816, #1836, #1834, #1819, #1832, #1817, #1851, #1849, #1863, #1840, #1858, #1859, #1842, #1845, #1847, #1861, #1868, #1862, #1874, #1871, #1867, #1877, #1857, #1873, #1866, #1872, #1869, #1843, #1841, #1860, #1856, #1846, #1853, #1850, #1855, #1852, #1854, #1848, #1875, #1876, #1864, #1870, #1844, #1865 ) ) ;
#16 = VERTEX_POINT ( 'NONE', #1026 ) ;
#17 = ORIENTED_EDGE ( 'NONE', *, *, #1354, .F. ) ;
#18 = ORIENTED_EDGE ( 'NONE', *, *, #1360, .F. ) ;
#19 = ORIENTED_EDGE ( 'NONE', *, *, #1349, .T. ) ;
#20 = ORIENTED_EDGE ( 'NONE', *, *, #1373, .F. ) ;
#21 = ORIENTED_EDGE ( 'NONE', *, *, #1364, .F. ) ;
#22 = ORIENTED_EDGE ( 'NONE', *, *, #1355, .F. ) ;
#23 = ORIENTED_EDGE ( 'NONE', *, *, #1375, .F. ) ;
#24 = ORIENTED_EDGE ( 'NONE', *, *, #1348, .F. ) ;
#25 = ORIENTED_EDGE ( 'NONE', *, *, #1359, .F. ) ;
#26 = ORIENTED_EDGE ( 'NONE', *, *, #1340, .F. ) ;
#27 = ORIENTED_EDGE ( 'NONE', *, *, #1343, .F. ) ;
#28 = ORIENTED_EDGE ( 'NONE', *, *, #173, .T. ) ;
#29 = ORIENTED_EDGE ( 'NONE', *, *, #1342, .F. ) ;
#30 = ORIENTED_EDGE ( 'NONE', *, *, #190, .T. ) ;
#31 = ORIENTED_EDGE ( 'NONE', *, *, #163, .T. ) ;
#32 = ORIENTED_EDGE ( 'NONE', *, *, #1334, .F. ) ;
#33 = ORIENTED_EDGE ( 'NONE', *, *, #1351, .F. ) ;
#34 = ORIENTED_EDGE ( 'NONE', *, *, #1368, .F. ) ;
#35 = ORIENTED_EDGE ( 'NONE', *, *, #1358, .F. ) ;
#36 = ORIENTED_EDGE ( 'NONE', *, *, #154, .T. ) ;
#37 = ORIENTED_EDGE ( 'NONE', *, *, #1363, .F. ) ;
#38 = ORIENTED_EDGE ( 'NONE', *, *, #1371, .F. ) ;
#39 = ORIENTED_EDGE ( 'NONE', *, *, #1357, .F. ) ;
#40 = ORIENTED_EDGE ( 'NONE', *, *, #1366, .F. ) ;
#41 = ORIENTED_EDGE ( 'NONE', *, *, #1332, .F. ) ;
#42 = ORIENTED_EDGE ( 'NONE', *, *, #1346, .T. ) ;
#43 = ORIENTED_EDGE ( 'NONE', *, *, #167, .T. ) ;
#44 = ORIENTED_EDGE ( 'NONE', *, *, #1356, .F. ) ;
#45 = ORIENTED_EDGE ( 'NONE', *, *, #166, .T. ) ;
#46 = ORIENTED_EDGE ( 'NONE', *, *, #158, .T. ) ;
#47 = ORIENTED_EDGE ( 'NONE', *, *, #151, .T. ) ;
#48 = ORIENTED_EDGE ( 'NONE', *, *, #1345, .F. ) ;
#49 = ORIENTED_EDGE ( 'NONE', *, *, #1399, .T. ) ;
#50 = ORIENTED_EDGE ( 'NONE', *, *, #1426, .F. ) ;
#51 = ORIENTED_EDGE ( 'NONE', *, *, #1334, .T. ) ;
#52 = ORIENTED_EDGE ( 'NONE', *, *, #1420, .F. ) ;
#53 = ORIENTED_EDGE ( 'NONE', *, *, #152, .F. ) ;
#54 = ORIENTED_EDGE ( 'NONE', *, *, #187, .F. ) ;
#55 = ORIENTED_EDGE ( 'NONE', *, *, #1426, .T. ) ;
#56 = ORIENTED_EDGE ( 'NONE', *, *, #1354, .T. ) ;
#57 = ORIENTED_EDGE ( 'NONE', *, *, #1409, .F. ) ;
#58 = ORIENTED_EDGE ( 'NONE', *, *, #171, .F. ) ;
#59 = ORIENTED_EDGE ( 'NONE', *, *, #1420, .T. ) ;
#60 = ORIENTED_EDGE ( 'NONE', *, *, #1368, .T. ) ;
#61 = ORIENTED_EDGE ( 'NONE', *, *, #123, .F. ) ;
#62 = ORIENTED_EDGE ( 'NONE', *, *, #179, .F. ) ;
#63 = ORIENTED_EDGE ( 'NONE', *, *, #1409, .T. ) ;
#64 = ORIENTED_EDGE ( 'NONE', *, *, #1355, .T. ) ;
#65 = ORIENTED_EDGE ( 'NONE', *, *, #1429, .F. ) ;
#66 = ORIENTED_EDGE ( 'NONE', *, *, #193, .F. ) ;
#67 = ORIENTED_EDGE ( 'NONE', *, *, #123, .T. ) ;
#68 = ORIENTED_EDGE ( 'NONE', *, *, #1366, .T. ) ;
#69 = ORIENTED_EDGE ( 'NONE', *, *, #1407, .F. ) ;
#70 = ORIENTED_EDGE ( 'NONE', *, *, #185, .F. ) ;
#71 = ORIENTED_EDGE ( 'NONE', *, *, #1429, .T. ) ;
#72 = ORIENTED_EDGE ( 'NONE', *, *, #1357, .T. ) ;
#73 = EDGE_CURVE ( 'NONE', #1051, #1098, #1230, .T. ) ;
#74 = ORIENTED_EDGE ( 'NONE', *, *, #1367, .T. ) ;
#75 = ORIENTED_EDGE ( 'NONE', *, *, #122, .F. ) ;
#76 = ORIENTED_EDGE ( 'NONE', *, *, #1379, .F. ) ;
#77 = ORIENTED_EDGE ( 'NONE', *, *, #1367, .F. ) ;
#78 = ORIENTED_EDGE ( 'NONE', *, *, #1372, .F. ) ;
#79 = ORIENTED_EDGE ( 'NONE', *, *, #1353, .F. ) ;
#80 = ORIENTED_EDGE ( 'NONE', *, *, #1369, .T. ) ;
#81 = ORIENTED_EDGE ( 'NONE', *, *, #1377, .T. ) ;
#82 = ORIENTED_EDGE ( 'NONE', *, *, #1347, .T. ) ;
#83 = ORIENTED_EDGE ( 'NONE', *, *, #1376, .T. ) ;
#84 = ORIENTED_EDGE ( 'NONE', *, *, #1374, .T. ) ;
#85 = ORIENTED_EDGE ( 'NONE', *, *, #1337, .T. ) ;
#86 = ORIENTED_EDGE ( 'NONE', *, *, #1333, .T. ) ;
#87 = ORIENTED_EDGE ( 'NONE', *, *, #1362, .T. ) ;
#88 = ORIENTED_EDGE ( 'NONE', *, *, #1344, .T. ) ;
#89 = ORIENTED_EDGE ( 'NONE', *, *, #1350, .F. ) ;
#90 = ORIENTED_EDGE ( 'NONE', *, *, #1356, .T. ) ;
#91 = ORIENTED_EDGE ( 'NONE', *, *, #1336, .F. ) ;
#92 = ORIENTED_EDGE ( 'NONE', *, *, #1370, .T. ) ;
#93 = ORIENTED_EDGE ( 'NONE', *, *, #1361, .T. ) ;
#94 = ORIENTED_EDGE ( 'NONE', *, *, #1457, .T. ) ;
#95 = ORIENTED_EDGE ( 'NONE', *, *, #1341, .T. ) ;
#96 = ORIENTED_EDGE ( 'NONE', *, *, #1339, .T. ) ;
#97 = ORIENTED_EDGE ( 'NONE', *, *, #1335, .T. ) ;
#98 = ORIENTED_EDGE ( 'NONE', *, *, #1380, .F. ) ;
#99 = ORIENTED_EDGE ( 'NONE', *, *, #1338, .T. ) ;
#100 = ORIENTED_EDGE ( 'NONE', *, *, #1378, .T. ) ;
#101 = ORIENTED_EDGE ( 'NONE', *, *, #1456, .T. ) ;
#102 = ORIENTED_EDGE ( 'NONE', *, *, #1352, .T. ) ;
#103 = ORIENTED_EDGE ( 'NONE', *, *, #1365, .T. ) ;
#104 = ORIENTED_EDGE ( 'NONE', *, *, #1427, .F. ) ;
#105 = ORIENTED_EDGE ( 'NONE', *, *, #1410, .T. ) ;
#106 = ORIENTED_EDGE ( 'NONE', *, *, #1427, .T. ) ;
#107 = ORIENTED_EDGE ( 'NONE', *, *, #1403, .T. ) ;
#108 = ORIENTED_EDGE ( 'NONE', *, *, #146, .F. ) ;
#109 = ORIENTED_EDGE ( 'NONE', *, *, #1350, .T. ) ;
#110 = ORIENTED_EDGE ( 'NONE', *, *, #134, .F. ) ;
#111 = ORIENTED_EDGE ( 'NONE', *, *, #1380, .T. ) ;
#112 = ORIENTED_EDGE ( 'NONE', *, *, #1402, .T. ) ;
#113 = ORIENTED_EDGE ( 'NONE', *, *, #1391, .F. ) ;
#114 = ORIENTED_EDGE ( 'NONE', *, *, #1402, .F. ) ;
#115 = ORIENTED_EDGE ( 'NONE', *, *, #132, .F. ) ;
#116 = ORIENTED_EDGE ( 'NONE', *, *, #1353, .T. ) ;
#117 = ORIENTED_EDGE ( 'NONE', *, *, #136, .F. ) ;
#118 = ORIENTED_EDGE ( 'NONE', *, *, #1372, .T. ) ;
#119 = ORIENTED_EDGE ( 'NONE', *, *, #132, .T. ) ;
#120 = ORIENTED_EDGE ( 'NONE', *, *, #135, .F. ) ;
#121 = ORIENTED_EDGE ( 'NONE', *, *, #1410, .F. ) ;
#122 = EDGE_CURVE ( 'NONE', #1733, #1064, #1226, .T. ) ;
#123 = EDGE_CURVE ( 'NONE', #1088, #1803, #1231, .T. ) ;
#124 = ORIENTED_EDGE ( 'NONE', *, *, #1423, .F. ) ;
#125 = ORIENTED_EDGE ( 'NONE', *, *, #1407, .T. ) ;
#126 = ORIENTED_EDGE ( 'NONE', *, *, #200, .F. ) ;
#127 = ORIENTED_EDGE ( 'NONE', *, *, #1415, .F. ) ;
#128 = ORIENTED_EDGE ( 'NONE', *, *, #1360, .T. ) ;
#129 = EDGE_CURVE ( 'NONE', #1736, #1061, #1229, .T. ) ;
#130 = EDGE_CURVE ( 'NONE', #1758, #1793, #1236, .T. ) ;
#131 = EDGE_CURVE ( 'NONE', #1059, #1794, #1234, .T. ) ;
#132 = EDGE_CURVE ( 'NONE', #1730, #1067, #1238, .T. ) ;
#133 = EDGE_CURVE ( 'NONE', #1737, #1738, #1240, .T. ) ;
#134 = EDGE_CURVE ( 'NONE', #1052, #1058, #1242, .T. ) ;
#135 = EDGE_CURVE ( 'NONE', #1730, #1731, #1245, .T. ) ;
#136 = EDGE_CURVE ( 'NONE', #1058, #1730, #1247, .T. ) ;
#137 = EDGE_CURVE ( 'NONE', #1048, #1054, #1249, .T. ) ;
#138 = EDGE_CURVE ( 'NONE', #1050, #1051, #1251, .T. ) ;
#139 = EDGE_CURVE ( 'NONE', #1752, #1753, #1253, .T. ) ;
#140 = EDGE_CURVE ( 'NONE', #1751, #1750, #1244, .T. ) ;
#141 = EDGE_CURVE ( 'NONE', #1734, #1735, #1255, .T. ) ;
#142 = EDGE_CURVE ( 'NONE', #1054, #1055, #1259, .T. ) ;
#143 = EDGE_CURVE ( 'NONE', #1055, #1049, #1257, .T. ) ;
#144 = EDGE_CURVE ( 'NONE', #1736, #1737, #1261, .T. ) ;
#145 = EDGE_CURVE ( 'NONE', #1733, #1734, #1265, .T. ) ;
#146 = EDGE_CURVE ( 'NONE', #1732, #1733, #1267, .T. ) ;
#147 = EDGE_CURVE ( 'NONE', #1753, #1747, #1268, .T. ) ;
#148 = EDGE_CURVE ( 'NONE', #1051, #1751, #1263, .T. ) ;
#149 = EDGE_CURVE ( 'NONE', #1073, #1074, #1270, .T. ) ;
#150 = EDGE_CURVE ( 'NONE', #1094, #1095, #1271, .T. ) ;
#151 = EDGE_CURVE ( 'NONE', #1789, #1083, #1274, .T. ) ;
#152 = EDGE_CURVE ( 'NONE', #1084, #1085, #1272, .T. ) ;
#153 = EDGE_CURVE ( 'NONE', #1056, #1059, #1278, .T. ) ;
#154 = EDGE_CURVE ( 'NONE', #1097, #1098, #1280, .T. ) ;
#155 = EDGE_CURVE ( 'NONE', #1780, #1779, #1282, .T. ) ;
#156 = EDGE_CURVE ( 'NONE', #1059, #1761, #1276, .T. ) ;
#157 = EDGE_CURVE ( 'NONE', #1784, #1788, #1284, .T. ) ;
#158 = EDGE_CURVE ( 'NONE', #1082, #1787, #1287, .T. ) ;
#159 = EDGE_CURVE ( 'NONE', #1760, #1759, #1286, .T. ) ;
#160 = EDGE_CURVE ( 'NONE', #1786, #1780, #1289, .T. ) ;
#161 = EDGE_CURVE ( 'NONE', #1764, #1763, #1290, .T. ) ;
#162 = EDGE_CURVE ( 'NONE', #1079, #1081, #1292, .T. ) ;
#163 = EDGE_CURVE ( 'NONE', #1083, #1097, #1296, .T. ) ;
#164 = EDGE_CURVE ( 'NONE', #1757, #1758, #1298, .T. ) ;
#165 = EDGE_CURVE ( 'NONE', #1787, #1079, #1300, .T. ) ;
#166 = EDGE_CURVE ( 'NONE', #1098, #1789, #1302, .T. ) ;
#167 = EDGE_CURVE ( 'NONE', #1072, #1099, #1304, .T. ) ;
#168 = EDGE_CURVE ( 'NONE', #1738, #1739, #1294, .T. ) ;
#169 = EDGE_CURVE ( 'NONE', #1778, #1760, #1306, .T. ) ;
#170 = EDGE_CURVE ( 'NONE', #1092, #1093, #1305, .T. ) ;
#171 = EDGE_CURVE ( 'NONE', #1086, #1087, #1310, .T. ) ;
#172 = EDGE_CURVE ( 'NONE', #1761, #1762, #1312, .T. ) ;
#173 = EDGE_CURVE ( 'NONE', #1099, #1101, #1308, .T. ) ;
#174 = EDGE_CURVE ( 'NONE', #1095, #1754, #1316, .T. ) ;
#175 = EDGE_CURVE ( 'NONE', #1741, #1084, #1318, .T. ) ;
#176 = EDGE_CURVE ( 'NONE', #1754, #1755, #1319, .T. ) ;
#177 = EDGE_CURVE ( 'NONE', #1782, #1764, #1320, .T. ) ;
#178 = EDGE_CURVE ( 'NONE', #1053, #1057, #1314, .T. ) ;
#179 = EDGE_CURVE ( 'NONE', #1087, #1088, #1322, .T. ) ;
#180 = EDGE_CURVE ( 'NONE', #1093, #1094, #1326, .T. ) ;
#181 = EDGE_CURVE ( 'NONE', #1758, #1053, #1328, .T. ) ;
#182 = EDGE_CURVE ( 'NONE', #1075, #1077, #416, .T. ) ;
#183 = EDGE_CURVE ( 'NONE', #1057, #1757, #419, .T. ) ;
#184 = EDGE_CURVE ( 'NONE', #1785, #1786, #421, .T. ) ;
#185 = EDGE_CURVE ( 'NONE', #1089, #1090, #418, .T. ) ;
#186 = EDGE_CURVE ( 'NONE', #1740, #1741, #423, .T. ) ;
#187 = EDGE_CURVE ( 'NONE', #1085, #1086, #424, .T. ) ;
#188 = EDGE_CURVE ( 'NONE', #1762, #1056, #426, .T. ) ;
#189 = EDGE_CURVE ( 'NONE', #1077, #1078, #420, .T. ) ;
#190 = EDGE_CURVE ( 'NONE', #1081, #1082, #430, .T. ) ;
#191 = EDGE_CURVE ( 'NONE', #1759, #1765, #432, .T. ) ;
#192 = EDGE_CURVE ( 'NONE', #1783, #1075, #428, .T. ) ;
#193 = EDGE_CURVE ( 'NONE', #1088, #1089, #435, .T. ) ;
#194 = EDGE_CURVE ( 'NONE', #1779, #1785, #437, .T. ) ;
#195 = EDGE_CURVE ( 'NONE', #1739, #1740, #434, .T. ) ;
#196 = EDGE_CURVE ( 'NONE', #1091, #1092, #440, .T. ) ;
#197 = EDGE_CURVE ( 'NONE', #1781, #1782, #441, .T. ) ;
#198 = EDGE_CURVE ( 'NONE', #1763, #1781, #439, .T. ) ;
#199 = EDGE_CURVE ( 'NONE', #1755, #1756, #442, .T. ) ;
#200 = EDGE_CURVE ( 'NONE', #1090, #1091, #445, .T. ) ;
#201 = EDGE_CURVE ( 'NONE', #1788, #1073, #446, .T. ) ;
#202 = EDGE_CURVE ( 'NONE', #1078, #1783, #448, .T. ) ;
#203 = EDGE_CURVE ( 'NONE', #1765, #1778, #450, .T. ) ;
#204 = EDGE_CURVE ( 'NONE', #1074, #1784, #444, .T. ) ;
#205 = EDGE_CURVE ( 'NONE', #1756, #1052, #453, .T. ) ;
#206 = AXIS2_PLACEMENT_3D ( 'NONE', #720, #858, #870 ) ;
#207 = AXIS2_PLACEMENT_3D ( 'NONE', #997, #1017, #875 ) ;
#208 = AXIS2_PLACEMENT_3D ( 'NONE', #764, #1030, #954 ) ;
#209 = AXIS2_PLACEMENT_3D ( 'NONE', #800, #754, #1008 ) ;
#210 = AXIS2_PLACEMENT_3D ( 'NONE', #942, #896, #811 ) ;
#211 = AXIS2_PLACEMENT_3D ( 'NONE', #747, #1014, #883 ) ;
#212 = AXIS2_PLACEMENT_3D ( 'NONE', #856, #980, #807 ) ;
#213 = AXIS2_PLACEMENT_3D ( 'NONE', #968, #987, #839 ) ;
#214 = AXIS2_PLACEMENT_3D ( 'NONE', #912, #983, #900 ) ;
#215 = AXIS2_PLACEMENT_3D ( 'NONE', #743, #833, #797 ) ;
#216 = AXIS2_PLACEMENT_3D ( 'NONE', #783, #808, #917 ) ;
#217 = AXIS2_PLACEMENT_3D ( 'NONE', #862, #801, #826 ) ;
#218 = AXIS2_PLACEMENT_3D ( 'NONE', #937, #844, #873 ) ;
#219 = AXIS2_PLACEMENT_3D ( 'NONE', #834, #786, #746 ) ;
#220 = AXIS2_PLACEMENT_3D ( 'NONE', #809, #947, #722 ) ;
#221 = AXIS2_PLACEMENT_3D ( 'NONE', #736, #813, #984 ) ;
#222 = AXIS2_PLACEMENT_3D ( 'NONE', #964, #822, #717 ) ;
#223 = AXIS2_PLACEMENT_3D ( 'NONE', #725, #713, #779 ) ;
#224 = AXIS2_PLACEMENT_3D ( 'NONE', #739, #851, #938 ) ;
#225 = AXIS2_PLACEMENT_3D ( 'NONE', #972, #935, #802 ) ;
#226 = AXIS2_PLACEMENT_3D ( 'NONE', #770, #766, #1027 ) ;
#227 = AXIS2_PLACEMENT_3D ( 'NONE', #752, #920, #803 ) ;
#228 = AXIS2_PLACEMENT_3D ( 'NONE', #777, #884, #762 ) ;
#229 = AXIS2_PLACEMENT_3D ( 'NONE', #906, #716, #895 ) ;
#230 = AXIS2_PLACEMENT_3D ( 'NONE', #909, #835, #887 ) ;
#231 = AXIS2_PLACEMENT_3D ( 'NONE', #878, #765, #933 ) ;
#232 = AXIS2_PLACEMENT_3D ( 'NONE', #760, #943, #1018 ) ;
#233 = AXIS2_PLACEMENT_3D ( 'NONE', #948, #1010, #768 ) ;
#234 = AXIS2_PLACEMENT_3D ( 'NONE', #1031, #758, #955 ) ;
#235 = AXIS2_PLACEMENT_3D ( 'NONE', #2390, #2344, #2343 ) ;
#236 = AXIS2_PLACEMENT_3D ( 'NONE', #2367, #2371, #2454 ) ;
#237 = AXIS2_PLACEMENT_3D ( 'NONE', #2452, #2451, #2408 ) ;
#238 = AXIS2_PLACEMENT_3D ( 'NONE', #2326, #2296, #2340 ) ;
#239 = AXIS2_PLACEMENT_3D ( 'NONE', #2304, #2303, #2373 ) ;
#240 = AXIS2_PLACEMENT_3D ( 'NONE', #2360, #2359, #2399 ) ;
#241 = AXIS2_PLACEMENT_3D ( 'NONE', #2150, #2149, #2148 ) ;
#242 = AXIS2_PLACEMENT_3D ( 'NONE', #2022, #2302, #2263 ) ;
#243 = AXIS2_PLACEMENT_3D ( 'NONE', #2322, #1982, #2191 ) ;
#244 = AXIS2_PLACEMENT_3D ( 'NONE', #2194, #2023, #2195 ) ;
#245 = AXIS2_PLACEMENT_3D ( 'NONE', #2108, #2109, #2052 ) ;
#246 = AXIS2_PLACEMENT_3D ( 'NONE', #2279, #2166, #2416 ) ;
#247 = AXIS2_PLACEMENT_3D ( 'NONE', #2074, #2417, #2272 ) ;
#248 = AXIS2_PLACEMENT_3D ( 'NONE', #2106, #1973, #2460 ) ;
#249 = AXIS2_PLACEMENT_3D ( 'NONE', #1978, #2112, #2172 ) ;
#250 = AXIS2_PLACEMENT_3D ( 'NONE', #2349, #2167, #2107 ) ;
#251 = AXIS2_PLACEMENT_3D ( 'NONE', #2111, #2110, #2045 ) ;
#252 = AXIS2_PLACEMENT_3D ( 'NONE', #1968, #2068, #2338 ) ;
#253 = DESIGN_CONTEXT ( 'detailed design', #1464, 'design' ) ;
#254 = PRODUCT_DEFINITION_SHAPE ( 'NONE', 'NONE',  #1945 ) ;
#255 = ORIENTED_EDGE ( 'NONE', *, *, #1397, .F. ) ;
#256 = ORIENTED_EDGE ( 'NONE', *, *, #1345, .T. ) ;
#257 = ORIENTED_EDGE ( 'NONE', *, *, #1359, .T. ) ;
#258 = ORIENTED_EDGE ( 'NONE', *, *, #144, .F. ) ;
#259 = ORIENTED_EDGE ( 'NONE', *, *, #1399, .F. ) ;
#260 = ORIENTED_EDGE ( 'NONE', *, *, #1418, .T. ) ;
#261 = ORIENTED_EDGE ( 'NONE', *, *, #1379, .T. ) ;
#262 = ORIENTED_EDGE ( 'NONE', *, *, #1393, .F. ) ;
#263 = ORIENTED_EDGE ( 'NONE', *, *, #186, .F. ) ;
#264 = ORIENTED_EDGE ( 'NONE', *, *, #1364, .T. ) ;
#265 = ORIENTED_EDGE ( 'NONE', *, *, #1425, .F. ) ;
#266 = ORIENTED_EDGE ( 'NONE', *, *, #1419, .F. ) ;
#267 = ORIENTED_EDGE ( 'NONE', *, *, #1358, .T. ) ;
#268 = ORIENTED_EDGE ( 'NONE', *, *, #129, .T. ) ;
#269 = ORIENTED_EDGE ( 'NONE', *, *, #1336, .T. ) ;
#270 = ORIENTED_EDGE ( 'NONE', *, *, #175, .F. ) ;
#271 = ORIENTED_EDGE ( 'NONE', *, *, #1425, .T. ) ;
#272 = ORIENTED_EDGE ( 'NONE', *, *, #1373, .T. ) ;
#273 = ORIENTED_EDGE ( 'NONE', *, *, #1408, .T. ) ;
#274 = ORIENTED_EDGE ( 'NONE', *, *, #1413, .T. ) ;
#275 = ORIENTED_EDGE ( 'NONE', *, *, #141, .F. ) ;
#276 = ORIENTED_EDGE ( 'NONE', *, *, #1408, .F. ) ;
#277 = ORIENTED_EDGE ( 'NONE', *, *, #1413, .F. ) ;
#278 = ORIENTED_EDGE ( 'NONE', *, *, #1343, .T. ) ;
#279 = ORIENTED_EDGE ( 'NONE', *, *, #195, .F. ) ;
#280 = ORIENTED_EDGE ( 'NONE', *, *, #1418, .F. ) ;
#281 = ORIENTED_EDGE ( 'NONE', *, *, #1422, .T. ) ;
#282 = ORIENTED_EDGE ( 'NONE', *, *, #1422, .F. ) ;
#283 = ORIENTED_EDGE ( 'NONE', *, *, #122, .T. ) ;
#284 = ORIENTED_EDGE ( 'NONE', *, *, #129, .F. ) ;
#285 = ORIENTED_EDGE ( 'NONE', *, *, #145, .F. ) ;
#286 = ORIENTED_EDGE ( 'NONE', *, *, #168, .F. ) ;
#287 = ORIENTED_EDGE ( 'NONE', *, *, #1419, .T. ) ;
#288 = ORIENTED_EDGE ( 'NONE', *, *, #133, .F. ) ;
#289 = ORIENTED_EDGE ( 'NONE', *, *, #1348, .T. ) ;
#290 = ORIENTED_EDGE ( 'NONE', *, *, #1397, .T. ) ;
#291 = PRODUCT ( 'TeslaOneWayValve', 'TeslaOneWayValve', '', ( #1469 ) ) ;
#292 = FACE_OUTER_BOUND ( 'NONE', #1691, .T. ) ;
#293 = FACE_OUTER_BOUND ( 'NONE', #1697, .T. ) ;
#294 = FACE_BOUND ( 'NONE', #1644, .T. ) ;
#295 = CYLINDRICAL_SURFACE ( 'NONE', #1880, 12.89275956046581600 ) ;
#296 = FACE_OUTER_BOUND ( 'NONE', #1662, .T. ) ;
#297 = FACE_BOUND ( 'NONE', #1706, .T. ) ;
#298 = FACE_BOUND ( 'NONE', #1643, .T. ) ;
#299 = FACE_BOUND ( 'NONE', #1727, .T. ) ;
#300 = FACE_BOUND ( 'NONE', #1660, .T. ) ;
#301 = FACE_OUTER_BOUND ( 'NONE', #1717, .T. ) ;
#302 = FACE_BOUND ( 'NONE', #1724, .T. ) ;
#303 = FACE_BOUND ( 'NONE', #1677, .T. ) ;
#304 = FACE_BOUND ( 'NONE', #1713, .T. ) ;
#305 = FACE_BOUND ( 'NONE', #1728, .T. ) ;
#306 = FACE_BOUND ( 'NONE', #1715, .T. ) ;
#307 = FACE_OUTER_BOUND ( 'NONE', #1640, .T. ) ;
#308 = FACE_OUTER_BOUND ( 'NONE', #1668, .T. ) ;
#309 = FACE_OUTER_BOUND ( 'NONE', #1699, .T. ) ;
#310 = FACE_OUTER_BOUND ( 'NONE', #1729, .T. ) ;
#311 = FACE_OUTER_BOUND ( 'NONE', #1683, .T. ) ;
#312 = FACE_OUTER_BOUND ( 'NONE', #1698, .T. ) ;
#313 = FACE_OUTER_BOUND ( 'NONE', #1682, .T. ) ;
#314 = FACE_OUTER_BOUND ( 'NONE', #1666, .T. ) ;
#315 = FACE_OUTER_BOUND ( 'NONE', #1723, .T. ) ;
#316 = FACE_OUTER_BOUND ( 'NONE', #1671, .T. ) ;
#317 = FACE_OUTER_BOUND ( 'NONE', #1705, .T. ) ;
#318 = CYLINDRICAL_SURFACE ( 'NONE', #1892, 12.89275956046587300 ) ;
#319 = FACE_OUTER_BOUND ( 'NONE', #1674, .T. ) ;
#320 = FACE_OUTER_BOUND ( 'NONE', #1704, .T. ) ;
#321 = CYLINDRICAL_SURFACE ( 'NONE', #1894, 12.89275956046587300 ) ;
#322 = FACE_OUTER_BOUND ( 'NONE', #1707, .T. ) ;
#323 = CYLINDRICAL_SURFACE ( 'NONE', #1895, 12.89275956046584400 ) ;
#324 = FACE_OUTER_BOUND ( 'NONE', #1709, .T. ) ;
#325 = FACE_OUTER_BOUND ( 'NONE', #1721, .T. ) ;
#326 = FACE_OUTER_BOUND ( 'NONE', #1653, .T. ) ;
#327 = CYLINDRICAL_SURFACE ( 'NONE', #1898, 12.89275956046583000 ) ;
#328 = FACE_OUTER_BOUND ( 'NONE', #1656, .T. ) ;
#329 = FACE_OUTER_BOUND ( 'NONE', #1676, .T. ) ;
#330 = FACE_OUTER_BOUND ( 'NONE', #1694, .T. ) ;
#331 = CYLINDRICAL_SURFACE ( 'NONE', #1901, 12.89275956046581600 ) ;
#332 = FACE_OUTER_BOUND ( 'NONE', #1693, .T. ) ;
#333 = CYLINDRICAL_SURFACE ( 'NONE', #1902, 12.89275956046581600 ) ;
#334 = FACE_OUTER_BOUND ( 'NONE', #1661, .T. ) ;
#335 = CYLINDRICAL_SURFACE ( 'NONE', #1903, 12.89275956046581600 ) ;
#336 = FACE_OUTER_BOUND ( 'NONE', #1654, .T. ) ;
#337 = FACE_OUTER_BOUND ( 'NONE', #1652, .T. ) ;
#338 = FACE_OUTER_BOUND ( 'NONE', #1665, .T. ) ;
#339 = FACE_OUTER_BOUND ( 'NONE', #1651, .T. ) ;
#340 = FACE_OUTER_BOUND ( 'NONE', #1719, .T. ) ;
#341 = FACE_OUTER_BOUND ( 'NONE', #1646, .T. ) ;
#342 = FACE_OUTER_BOUND ( 'NONE', #1655, .T. ) ;
#343 = FACE_OUTER_BOUND ( 'NONE', #1657, .T. ) ;
#344 = CYLINDRICAL_SURFACE ( 'NONE', #1911, 6.892759560465922400 ) ;
#345 = FACE_OUTER_BOUND ( 'NONE', #1685, .T. ) ;
#346 = FACE_OUTER_BOUND ( 'NONE', #1695, .T. ) ;
#347 = CYLINDRICAL_SURFACE ( 'NONE', #1913, 6.892759560465922400 ) ;
#348 = FACE_OUTER_BOUND ( 'NONE', #1647, .T. ) ;
#349 = FACE_OUTER_BOUND ( 'NONE', #1675, .T. ) ;
#350 = FACE_OUTER_BOUND ( 'NONE', #1703, .T. ) ;
#351 = FACE_OUTER_BOUND ( 'NONE', #1710, .T. ) ;
#352 = CYLINDRICAL_SURFACE ( 'NONE', #1917, 6.892759560465810500 ) ;
#353 = FACE_OUTER_BOUND ( 'NONE', #1680, .T. ) ;
#354 = FACE_OUTER_BOUND ( 'NONE', #1701, .T. ) ;
#355 = FACE_OUTER_BOUND ( 'NONE', #1681, .T. ) ;
#356 = CYLINDRICAL_SURFACE ( 'NONE', #1920, 6.892759560465922400 ) ;
#357 = FACE_OUTER_BOUND ( 'NONE', #1712, .T. ) ;
#358 = CYLINDRICAL_SURFACE ( 'NONE', #1921, 6.892759560465922400 ) ;
#359 = FACE_OUTER_BOUND ( 'NONE', #1670, .T. ) ;
#360 = FACE_OUTER_BOUND ( 'NONE', #1669, .T. ) ;
#361 = FACE_OUTER_BOUND ( 'NONE', #1725, .T. ) ;
#362 = FACE_OUTER_BOUND ( 'NONE', #1679, .T. ) ;
#363 = FACE_OUTER_BOUND ( 'NONE', #1702, .T. ) ;
#364 = FACE_OUTER_BOUND ( 'NONE', #1673, .T. ) ;
#365 = CYLINDRICAL_SURFACE ( 'NONE', #1927, 6.892759560465810500 ) ;
#366 = FACE_OUTER_BOUND ( 'NONE', #1659, .T. ) ;
#367 = CYLINDRICAL_SURFACE ( 'NONE', #1928, 6.892759560465866500 ) ;
#368 = FACE_OUTER_BOUND ( 'NONE', #1718, .T. ) ;
#369 = FACE_OUTER_BOUND ( 'NONE', #1726, .T. ) ;
#370 = CYLINDRICAL_SURFACE ( 'NONE', #1930, 6.892759560465810500 ) ;
#371 = FACE_OUTER_BOUND ( 'NONE', #1667, .T. ) ;
#372 = FACE_OUTER_BOUND ( 'NONE', #1689, .T. ) ;
#373 = CYLINDRICAL_SURFACE ( 'NONE', #1932, 6.892759560465810500 ) ;
#374 = FACE_OUTER_BOUND ( 'NONE', #1720, .T. ) ;
#375 = FACE_OUTER_BOUND ( 'NONE', #1722, .T. ) ;
#376 = FACE_OUTER_BOUND ( 'NONE', #1649, .T. ) ;
#377 = FACE_OUTER_BOUND ( 'NONE', #1648, .T. ) ;
#378 = FACE_OUTER_BOUND ( 'NONE', #1700, .T. ) ;
#379 = CYLINDRICAL_SURFACE ( 'NONE', #1939, 6.892759560465922400 ) ;
#380 = SHAPE_DEFINITION_REPRESENTATION ( #254, #708 ) ;
#381 = ORGANIZATION ( 'UNSPECIFIED', 'UNSPECIFIED', '' ) ;
#382 = PERSON_AND_ORGANIZATION ( #1513, #381 ) ;
#383 = PERSON_AND_ORGANIZATION ( #1513, #381 ) ;
#384 = APPROVAL_PERSON_ORGANIZATION ( #383, #1946, #1486 ) ;
#385 = COORDINATED_UNIVERSAL_TIME_OFFSET ( 1, 0, .AHEAD. ) ;
#386 = LOCAL_TIME ( 17, 29, 16.00000000000000000, #385 ) ;
#387 = CALENDAR_DATE ( 2016, 12, 4 ) ;
#388 = DATE_AND_TIME ( #387, #386 ) ;
#389 = APPROVAL_DATE_TIME ( #388, #1946 ) ;
#390 = PERSON_AND_ORGANIZATION ( #1513, #381 ) ;
#391 = COORDINATED_UNIVERSAL_TIME_OFFSET ( 1, 0, .AHEAD. ) ;
#392 = LOCAL_TIME ( 17, 29, 16.00000000000000000, #391 ) ;
#393 = CALENDAR_DATE ( 2016, 12, 4 ) ;
#394 = DATE_AND_TIME ( #393, #392 ) ;
#395 = PERSON_AND_ORGANIZATION ( #1513, #381 ) ;
#396 = APPROVAL_PERSON_ORGANIZATION ( #395, #1951, #1501 ) ;
#397 = COORDINATED_UNIVERSAL_TIME_OFFSET ( 1, 0, .AHEAD. ) ;
#398 = LOCAL_TIME ( 17, 29, 16.00000000000000000, #397 ) ;
#399 = CALENDAR_DATE ( 2016, 12, 4 ) ;
#400 = DATE_AND_TIME ( #399, #398 ) ;
#401 = APPROVAL_DATE_TIME ( #400, #1951 ) ;
#402 = PERSON_AND_ORGANIZATION ( #1513, #381 ) ;
#403 = PERSON_AND_ORGANIZATION ( #1513, #381 ) ;
#404 = PERSON_AND_ORGANIZATION ( #1513, #381 ) ;
#405 = COORDINATED_UNIVERSAL_TIME_OFFSET ( 1, 0, .AHEAD. ) ;
#406 = LOCAL_TIME ( 17, 29, 16.00000000000000000, #405 ) ;
#407 = CALENDAR_DATE ( 2016, 12, 4 ) ;
#408 = DATE_AND_TIME ( #407, #406 ) ;
#409 = PERSON_AND_ORGANIZATION ( #1513, #381 ) ;
#410 = APPROVAL_PERSON_ORGANIZATION ( #409, #1958, #1470 ) ;
#411 = COORDINATED_UNIVERSAL_TIME_OFFSET ( 1, 0, .AHEAD. ) ;
#412 = LOCAL_TIME ( 17, 29, 16.00000000000000000, #411 ) ;
#413 = CALENDAR_DATE ( 2016, 12, 4 ) ;
#414 = DATE_AND_TIME ( #413, #412 ) ;
#415 = APPROVAL_DATE_TIME ( #414, #1958 ) ;
#416 = LINE ( 'NONE', #925, #417 ) ;
#417 = VECTOR ( 'NONE', #818, 1000.000000000000100 ) ;
#418 = CIRCLE ( 'NONE', #218, 12.89275956046581600 ) ;
#419 = CIRCLE ( 'NONE', #217, 6.892759560465810500 ) ;
#420 = LINE ( 'NONE', #974, #431 ) ;
#421 = LINE ( 'NONE', #745, #422 ) ;
#422 = VECTOR ( 'NONE', #820, 1000.000000000000200 ) ;
#423 = LINE ( 'NONE', #946, #425 ) ;
#424 = LINE ( 'NONE', #1007, #427 ) ;
#425 = VECTOR ( 'NONE', #734, 1000.000000000000100 ) ;
#426 = LINE ( 'NONE', #889, #429 ) ;
#427 = VECTOR ( 'NONE', #723, 1000.000000000000000 ) ;
#428 = LINE ( 'NONE', #903, #436 ) ;
#429 = VECTOR ( 'NONE', #728, 1000.000000000000200 ) ;
#430 = LINE ( 'NONE', #791, #433 ) ;
#431 = VECTOR ( 'NONE', #794, 1000.000000000000100 ) ;
#432 = CIRCLE ( 'NONE', #219, 6.892759560465810500 ) ;
#433 = VECTOR ( 'NONE', #970, 999.9999999999998900 ) ;
#434 = CIRCLE ( 'NONE', #221, 12.89275956046587300 ) ;
#435 = LINE ( 'NONE', #1024, #438 ) ;
#436 = VECTOR ( 'NONE', #931, 1000.000000000000000 ) ;
#437 = CIRCLE ( 'NONE', #220, 6.892759560465866500 ) ;
#438 = VECTOR ( 'NONE', #1013, 1000.000000000000100 ) ;
#439 = CIRCLE ( 'NONE', #223, 6.892759560465810500 ) ;
#440 = CIRCLE ( 'NONE', #222, 12.89275956046581600 ) ;
#441 = LINE ( 'NONE', #788, #443 ) ;
#442 = CIRCLE ( 'NONE', #224, 12.89275956046583000 ) ;
#443 = VECTOR ( 'NONE', #863, 1000.000000000000000 ) ;
#444 = CIRCLE ( 'NONE', #226, 6.892759560465922400 ) ;
#445 = LINE ( 'NONE', #737, #447 ) ;
#446 = LINE ( 'NONE', #821, #449 ) ;
#447 = VECTOR ( 'NONE', #865, 1000.000000000000100 ) ;
#448 = CIRCLE ( 'NONE', #225, 6.892759560465922400 ) ;
#449 = VECTOR ( 'NONE', #965, 1000.000000000000100 ) ;
#450 = LINE ( 'NONE', #882, #452 ) ;
#451 = VECTOR ( 'NONE', #1006, 1000.000000000000000 ) ;
#452 = VECTOR ( 'NONE', #757, 1000.000000000000000 ) ;
#453 = LINE ( 'NONE', #775, #455 ) ;
#454 = CIRCLE ( 'NONE', #227, 12.89275956046581600 ) ;
#455 = VECTOR ( 'NONE', #1012, 1000.000000000000100 ) ;
#456 = VECTOR ( 'NONE', #780, 1000.000000000000200 ) ;
#457 = CIRCLE ( 'NONE', #228, 6.892759560465866500 ) ;
#458 = VECTOR ( 'NONE', #926, 1000.000000000000000 ) ;
#459 = LINE ( 'NONE', #1005, #458 ) ;
#460 = VECTOR ( 'NONE', #1000, 1000.000000000000100 ) ;
#461 = LINE ( 'NONE', #990, #460 ) ;
#462 = LINE ( 'NONE', #799, #451 ) ;
#463 = LINE ( 'NONE', #999, #456 ) ;
#464 = LINE ( 'NONE', #957, #469 ) ;
#465 = LINE ( 'NONE', #776, #467 ) ;
#466 = LINE ( 'NONE', #804, #472 ) ;
#467 = VECTOR ( 'NONE', #901, 1000.000000000000000 ) ;
#468 = CIRCLE ( 'NONE', #229, 12.89275956046581600 ) ;
#469 = VECTOR ( 'NONE', #978, 1000.000000000000200 ) ;
#470 = LINE ( 'NONE', #756, #474 ) ;
#471 = LINE ( 'NONE', #941, #476 ) ;
#472 = VECTOR ( 'NONE', #973, 1000.000000000000000 ) ;
#473 = CIRCLE ( 'NONE', #230, 6.892759560465810500 ) ;
#474 = VECTOR ( 'NONE', #859, 1000.000000000000100 ) ;
#475 = CIRCLE ( 'NONE', #231, 12.89275956046587300 ) ;
#476 = VECTOR ( 'NONE', #868, 1000.000000000000200 ) ;
#477 = LINE ( 'NONE', #853, #480 ) ;
#478 = LINE ( 'NONE', #898, #485 ) ;
#479 = LINE ( 'NONE', #1037, #482 ) ;
#480 = VECTOR ( 'NONE', #907, 1000.000000000000200 ) ;
#481 = CIRCLE ( 'NONE', #232, 12.89275956046587300 ) ;
#482 = VECTOR ( 'NONE', #993, 1000.000000000000100 ) ;
#483 = LINE ( 'NONE', #869, #491 ) ;
#484 = LINE ( 'NONE', #913, #487 ) ;
#485 = VECTOR ( 'NONE', #886, 1000.000000000000000 ) ;
#486 = LINE ( 'NONE', #726, #489 ) ;
#487 = VECTOR ( 'NONE', #748, 1000.000000000000000 ) ;
#488 = LINE ( 'NONE', #729, #495 ) ;
#489 = VECTOR ( 'NONE', #979, 1000.000000000000100 ) ;
#490 = LINE ( 'NONE', #923, #493 ) ;
#491 = VECTOR ( 'NONE', #936, 1000.000000000000100 ) ;
#492 = LINE ( 'NONE', #771, #497 ) ;
#493 = VECTOR ( 'NONE', #867, 1000.000000000000200 ) ;
#494 = LINE ( 'NONE', #924, #501 ) ;
#495 = VECTOR ( 'NONE', #1029, 1000.000000000000000 ) ;
#496 = LINE ( 'NONE', #962, #499 ) ;
#497 = VECTOR ( 'NONE', #718, 1000.000000000000100 ) ;
#498 = CIRCLE ( 'NONE', #233, 12.89275956046587300 ) ;
#499 = VECTOR ( 'NONE', #1002, 1000.000000000000000 ) ;
#500 = LINE ( 'NONE', #988, #504 ) ;
#501 = VECTOR ( 'NONE', #761, 1000.000000000000200 ) ;
#502 = CIRCLE ( 'NONE', #234, 12.89275956046581600 ) ;
#503 = LINE ( 'NONE', #861, #507 ) ;
#504 = VECTOR ( 'NONE', #975, 999.9999999999998900 ) ;
#505 = LINE ( 'NONE', #2391, #512 ) ;
#506 = LINE ( 'NONE', #714, #509 ) ;
#507 = VECTOR ( 'NONE', #864, 1000.000000000000100 ) ;
#508 = CIRCLE ( 'NONE', #235, 12.89275956046581600 ) ;
#509 = VECTOR ( 'NONE', #2350, 1000.000000000000200 ) ;
#510 = CIRCLE ( 'NONE', #236, 6.892759560465810500 ) ;
#511 = CIRCLE ( 'NONE', #238, 12.89275956046584400 ) ;
#512 = VECTOR ( 'NONE', #2395, 1000.000000000000200 ) ;
#513 = CIRCLE ( 'NONE', #237, 12.89275956046581600 ) ;
#514 = LINE ( 'NONE', #2403, #519 ) ;
#515 = LINE ( 'NONE', #2392, #517 ) ;
#516 = LINE ( 'NONE', #2398, #524 ) ;
#517 = VECTOR ( 'NONE', #2453, 1000.000000000000000 ) ;
#518 = LINE ( 'NONE', #2032, #521 ) ;
#519 = VECTOR ( 'NONE', #2387, 1000.000000000000000 ) ;
#520 = CIRCLE ( 'NONE', #239, 12.89275956046583000 ) ;
#521 = VECTOR ( 'NONE', #2221, 1000.000000000000200 ) ;
#522 = LINE ( 'NONE', #2358, #526 ) ;
#523 = CIRCLE ( 'NONE', #240, 6.892759560465810500 ) ;
#524 = VECTOR ( 'NONE', #2268, 1000.000000000000100 ) ;
#525 = LINE ( 'NONE', #2355, #528 ) ;
#526 = VECTOR ( 'NONE', #2424, 1000.000000000000200 ) ;
#527 = LINE ( 'NONE', #2413, #530 ) ;
#528 = VECTOR ( 'NONE', #2333, 1000.000000000000000 ) ;
#529 = LINE ( 'NONE', #2319, #539 ) ;
#530 = VECTOR ( 'NONE', #2444, 1000.000000000000200 ) ;
#531 = LINE ( 'NONE', #2412, #533 ) ;
#532 = LINE ( 'NONE', #2420, #535 ) ;
#533 = VECTOR ( 'NONE', #2362, 1000.000000000000200 ) ;
#534 = LINE ( 'NONE', #2019, #537 ) ;
#535 = VECTOR ( 'NONE', #2020, 1000.000000000000000 ) ;
#536 = LINE ( 'NONE', #2028, #541 ) ;
#537 = VECTOR ( 'NONE', #2331, 1000.000000000000100 ) ;
#538 = LINE ( 'NONE', #2332, #543 ) ;
#539 = VECTOR ( 'NONE', #2335, 1000.000000000000000 ) ;
#540 = LINE ( 'NONE', #2354, #545 ) ;
#541 = VECTOR ( 'NONE', #2337, 1000.000000000000100 ) ;
#542 = CIRCLE ( 'NONE', #241, 6.892759560465922400 ) ;
#543 = VECTOR ( 'NONE', #2356, 1000.000000000000000 ) ;
#544 = LINE ( 'NONE', #2290, #548 ) ;
#545 = VECTOR ( 'NONE', #2425, 1000.000000000000100 ) ;
#546 = LINE ( 'NONE', #2291, #550 ) ;
#547 = LINE ( 'NONE', #2385, #552 ) ;
#548 = VECTOR ( 'NONE', #2386, 1000.000000000000100 ) ;
#549 = LINE ( 'NONE', #2133, #554 ) ;
#550 = VECTOR ( 'NONE', #2132, 1000.000000000000000 ) ;
#551 = CIRCLE ( 'NONE', #242, 6.892759560465922400 ) ;
#552 = VECTOR ( 'NONE', #2397, 1000.000000000000100 ) ;
#553 = LINE ( 'NONE', #2443, #557 ) ;
#554 = VECTOR ( 'NONE', #2334, 1000.000000000000100 ) ;
#555 = LINE ( 'NONE', #2100, #559 ) ;
#556 = CIRCLE ( 'NONE', #244, 12.89275956046581600 ) ;
#557 = VECTOR ( 'NONE', #2406, 1000.000000000000000 ) ;
#558 = CIRCLE ( 'NONE', #243, 6.892759560465922400 ) ;
#559 = VECTOR ( 'NONE', #2353, 1000.000000000000200 ) ;
#560 = LINE ( 'NONE', #2193, #565 ) ;
#561 = LINE ( 'NONE', #1969, #563 ) ;
#562 = FACE_OUTER_BOUND ( 'NONE', #1672, .T. ) ;
#563 = VECTOR ( 'NONE', #1990, 1000.000000000000100 ) ;
#564 = LINE ( 'NONE', #2051, #567 ) ;
#565 = VECTOR ( 'NONE', #2086, 1000.000000000000000 ) ;
#566 = LINE ( 'NONE', #2026, #569 ) ;
#567 = VECTOR ( 'NONE', #2025, 1000.000000000000000 ) ;
#568 = LINE ( 'NONE', #2076, #571 ) ;
#569 = VECTOR ( 'NONE', #1977, 1000.000000000000000 ) ;
#570 = LINE ( 'NONE', #2113, #573 ) ;
#571 = VECTOR ( 'NONE', #2283, 1000.000000000000000 ) ;
#572 = LINE ( 'NONE', #2282, #575 ) ;
#573 = VECTOR ( 'NONE', #2281, 1000.000000000000000 ) ;
#574 = LINE ( 'NONE', #2274, #577 ) ;
#575 = VECTOR ( 'NONE', #2273, 1000.000000000000000 ) ;
#576 = LINE ( 'NONE', #2286, #579 ) ;
#577 = VECTOR ( 'NONE', #2285, 1000.000000000000000 ) ;
#578 = LINE ( 'NONE', #2450, #581 ) ;
#579 = VECTOR ( 'NONE', #2056, 1000.000000000000000 ) ;
#580 = LINE ( 'NONE', #2384, #583 ) ;
#581 = VECTOR ( 'NONE', #2383, 1000.000000000000000 ) ;
#582 = LINE ( 'NONE', #2449, #585 ) ;
#583 = VECTOR ( 'NONE', #2249, 1000.000000000000000 ) ;
#584 = LINE ( 'NONE', #2325, #587 ) ;
#585 = VECTOR ( 'NONE', #2328, 1000.000000000000000 ) ;
#586 = LINE ( 'NONE', #2156, #589 ) ;
#587 = VECTOR ( 'NONE', #2364, 1000.000000000000000 ) ;
#588 = LINE ( 'NONE', #2129, #591 ) ;
#589 = VECTOR ( 'NONE', #2324, 1000.000000000000000 ) ;
#590 = LINE ( 'NONE', #2098, #593 ) ;
#591 = VECTOR ( 'NONE', #2097, 1000.000000000000000 ) ;
#592 = LINE ( 'NONE', #2246, #595 ) ;
#593 = VECTOR ( 'NONE', #2261, 1000.000000000000000 ) ;
#594 = LINE ( 'NONE', #2257, #597 ) ;
#595 = VECTOR ( 'NONE', #2381, 1000.000000000000000 ) ;
#596 = LINE ( 'NONE', #2128, #599 ) ;
#597 = VECTOR ( 'NONE', #2222, 1000.000000000000000 ) ;
#598 = LINE ( 'NONE', #2309, #601 ) ;
#599 = VECTOR ( 'NONE', #2057, 1000.000000000000000 ) ;
#600 = LINE ( 'NONE', #2389, #603 ) ;
#601 = VECTOR ( 'NONE', #2448, 1000.000000000000000 ) ;
#602 = LINE ( 'NONE', #2300, #605 ) ;
#603 = VECTOR ( 'NONE', #2370, 1000.000000000000000 ) ;
#604 = LINE ( 'NONE', #2299, #607 ) ;
#605 = VECTOR ( 'NONE', #2262, 1000.000000000000000 ) ;
#606 = LINE ( 'NONE', #2312, #609 ) ;
#607 = VECTOR ( 'NONE', #2242, 1000.000000000000000 ) ;
#608 = LINE ( 'NONE', #2401, #611 ) ;
#609 = VECTOR ( 'NONE', #2400, 1000.000000000000000 ) ;
#610 = LINE ( 'NONE', #2327, #613 ) ;
#611 = VECTOR ( 'NONE', #2380, 1000.000000000000000 ) ;
#612 = LINE ( 'NONE', #2423, #615 ) ;
#613 = VECTOR ( 'NONE', #2159, 1000.000000000000000 ) ;
#614 = LINE ( 'NONE', #2311, #617 ) ;
#615 = VECTOR ( 'NONE', #2379, 1000.000000000000000 ) ;
#616 = LINE ( 'NONE', #2441, #619 ) ;
#617 = VECTOR ( 'NONE', #2440, 1000.000000000000000 ) ;
#618 = LINE ( 'NONE', #2217, #621 ) ;
#619 = VECTOR ( 'NONE', #2256, 1000.000000000000000 ) ;
#620 = LINE ( 'NONE', #2336, #623 ) ;
#621 = VECTOR ( 'NONE', #2197, 1000.000000000000000 ) ;
#622 = LINE ( 'NONE', #2419, #625 ) ;
#623 = VECTOR ( 'NONE', #2418, 1000.000000000000000 ) ;
#624 = LINE ( 'NONE', #2429, #627 ) ;
#625 = VECTOR ( 'NONE', #2428, 1000.000000000000000 ) ;
#626 = LINE ( 'NONE', #2330, #629 ) ;
#627 = VECTOR ( 'NONE', #2329, 1000.000000000000000 ) ;
#628 = LINE ( 'NONE', #2230, #631 ) ;
#629 = VECTOR ( 'NONE', #2227, 1000.000000000000000 ) ;
#630 = LINE ( 'NONE', #2239, #633 ) ;
#631 = VECTOR ( 'NONE', #2216, 1000.000000000000000 ) ;
#632 = LINE ( 'NONE', #2318, #635 ) ;
#633 = VECTOR ( 'NONE', #2041, 1000.000000000000000 ) ;
#634 = LINE ( 'NONE', #2237, #637 ) ;
#635 = VECTOR ( 'NONE', #2236, 1000.000000000000000 ) ;
#636 = LINE ( 'NONE', #2295, #639 ) ;
#637 = VECTOR ( 'NONE', #2131, 1000.000000000000000 ) ;
#638 = LINE ( 'NONE', #2099, #641 ) ;
#639 = VECTOR ( 'NONE', #2124, 1000.000000000000000 ) ;
#640 = LINE ( 'NONE', #2321, #643 ) ;
#641 = VECTOR ( 'NONE', #2361, 1000.000000000000000 ) ;
#642 = LINE ( 'NONE', #2342, #645 ) ;
#643 = VECTOR ( 'NONE', #2079, 1000.000000000000000 ) ;
#644 = LINE ( 'NONE', #2426, #647 ) ;
#645 = VECTOR ( 'NONE', #2315, 1000.000000000000000 ) ;
#646 = LINE ( 'NONE', #2102, #649 ) ;
#647 = VECTOR ( 'NONE', #2155, 1000.000000000000000 ) ;
#648 = LINE ( 'NONE', #2126, #651 ) ;
#649 = VECTOR ( 'NONE', #2225, 1000.000000000000000 ) ;
#650 = LINE ( 'NONE', #2219, #653 ) ;
#651 = VECTOR ( 'NONE', #2341, 1000.000000000000000 ) ;
#652 = LINE ( 'NONE', #2220, #655 ) ;
#653 = VECTOR ( 'NONE', #2297, 1000.000000000000000 ) ;
#654 = LINE ( 'NONE', #1979, #657 ) ;
#655 = VECTOR ( 'NONE', #2037, 1000.000000000000000 ) ;
#656 = LINE ( 'NONE', #2317, #659 ) ;
#657 = VECTOR ( 'NONE', #2253, 1000.000000000000000 ) ;
#658 = LINE ( 'NONE', #2036, #661 ) ;
#659 = VECTOR ( 'NONE', #1991, 1000.000000000000000 ) ;
#660 = LINE ( 'NONE', #2255, #663 ) ;
#661 = VECTOR ( 'NONE', #2254, 1000.000000000000000 ) ;
#662 = LINE ( 'NONE', #2266, #665 ) ;
#663 = VECTOR ( 'NONE', #2265, 1000.000000000000000 ) ;
#664 = LINE ( 'NONE', #2301, #667 ) ;
#665 = VECTOR ( 'NONE', #2439, 1000.000000000000000 ) ;
#666 = LINE ( 'NONE', #2233, #669 ) ;
#667 = VECTOR ( 'NONE', #2447, 1000.000000000000000 ) ;
#668 = LINE ( 'NONE', #2232, #671 ) ;
#669 = VECTOR ( 'NONE', #2151, 1000.000000000000000 ) ;
#670 = LINE ( 'NONE', #2347, #673 ) ;
#671 = VECTOR ( 'NONE', #2430, 1000.000000000000000 ) ;
#672 = LINE ( 'NONE', #2363, #675 ) ;
#673 = VECTOR ( 'NONE', #2410, 1000.000000000000000 ) ;
#674 = LINE ( 'NONE', #2323, #677 ) ;
#675 = VECTOR ( 'NONE', #2238, 1000.000000000000000 ) ;
#676 = LINE ( 'NONE', #2055, #679 ) ;
#677 = VECTOR ( 'NONE', #2066, 1000.000000000000000 ) ;
#678 = LINE ( 'NONE', #2415, #681 ) ;
#679 = VECTOR ( 'NONE', #2414, 1000.000000000000000 ) ;
#680 = LINE ( 'NONE', #2346, #683 ) ;
#681 = VECTOR ( 'NONE', #2345, 1000.000000000000000 ) ;
#682 = LINE ( 'NONE', #2174, #685 ) ;
#683 = VECTOR ( 'NONE', #2175, 1000.000000000000000 ) ;
#684 = LINE ( 'NONE', #2459, #687 ) ;
#685 = VECTOR ( 'NONE', #2458, 1000.000000000000000 ) ;
#686 = CIRCLE ( 'NONE', #245, 6.892759560465810500 ) ;
#687 = VECTOR ( 'NONE', #2008, 1000.000000000000100 ) ;
#688 = CYLINDRICAL_SURFACE ( 'NONE', #247, 12.89275956046584400 ) ;
#689 = FACE_OUTER_BOUND ( 'NONE', #1688, .T. ) ;
#690 = FACE_OUTER_BOUND ( 'NONE', #1658, .T. ) ;
#691 = FACE_BOUND ( 'NONE', #1711, .T. ) ;
#692 = FACE_OUTER_BOUND ( 'NONE', #1663, .T. ) ;
#693 = FACE_OUTER_BOUND ( 'NONE', #1692, .T. ) ;
#694 = FACE_OUTER_BOUND ( 'NONE', #1684, .T. ) ;
#695 = FACE_OUTER_BOUND ( 'NONE', #1696, .T. ) ;
#696 = FACE_OUTER_BOUND ( 'NONE', #1645, .T. ) ;
#697 = FACE_BOUND ( 'NONE', #1642, .T. ) ;
#698 = CYLINDRICAL_SURFACE ( 'NONE', #251, 12.89275956046587300 ) ;
#699 = FACE_BOUND ( 'NONE', #1690, .T. ) ;
#700 = FACE_BOUND ( 'NONE', #1664, .T. ) ;
#701 = FACE_BOUND ( 'NONE', #1714, .T. ) ;
#702 = FACE_OUTER_BOUND ( 'NONE', #1686, .T. ) ;
#703 = FACE_BOUND ( 'NONE', #1639, .T. ) ;
#704 = FACE_BOUND ( 'NONE', #1708, .T. ) ;
#705 = FACE_BOUND ( 'NONE', #1687, .T. ) ;
#706 = FACE_BOUND ( 'NONE', #1716, .T. ) ;
#707 = FACE_BOUND ( 'NONE', #1678, .T. ) ;
#708 = ADVANCED_BREP_SHAPE_REPRESENTATION ( 'TeslaOneWayValve', ( #710, #1943 ), #1941 ) ;
#709 = UNCERTAINTY_MEASURE_WITH_UNIT (LENGTH_MEASURE( 1.000000000000000100E-005 ), #1490, 'distance_accuracy_value', 'NONE');
#710 = MANIFOLD_SOLID_BREP ( 'Aufsatz-Linear austragen1', #15 ) ;
#711 = ORIENTED_EDGE ( 'NONE', *, *, #1423, .T. ) ;
#712 = ORIENTED_EDGE ( 'NONE', *, *, #196, .F. ) ;
#713 = DIRECTION ( 'NONE',  ( 0.0000000000000000000, 0.0000000000000000000, 1.000000000000000000 ) ) ;
#714 = CARTESIAN_POINT ( 'NONE',  ( 543.2410907273990700, 3.406904695806730400, 0.0000000000000000000 ) ) ;
#715 = CARTESIAN_POINT ( 'NONE',  ( 283.1537847864187800, 7.244999999999881100, 0.0000000000000000000 ) ) ;
#716 = DIRECTION ( 'NONE',  ( 0.0000000000000000000, 0.0000000000000000000, 1.000000000000000000 ) ) ;
#717 = DIRECTION ( 'NONE',  ( -1.000000000000000000, 0.0000000000000000000, 0.0000000000000000000 ) ) ;
#718 = DIRECTION ( 'NONE',  ( -0.9661835748792290100, -0.2578551912093166600, -0.0000000000000000000 ) ) ;
#719 = CARTESIAN_POINT ( 'NONE',  ( 56.42265896289156000, 14.37900614508208000, 10.00000000000000000 ) ) ;
#720 = CARTESIAN_POINT ( 'NONE',  ( 341.4637568929752500, -3.252766377107122200, 10.00000000000000000 ) ) ;
#721 = CARTESIAN_POINT ( 'NONE',  ( 89.68642305855139800, 23.25644359510317100, 10.00000000000000000 ) ) ;
#722 = DIRECTION ( 'NONE',  ( 1.000000000000000000, 0.0000000000000000000, 0.0000000000000000000 ) ) ;
#723 = DIRECTION ( 'NONE',  ( 1.000000000000000000, 1.198392507616574800E-016, -0.0000000000000000000 ) ) ;
#724 = CARTESIAN_POINT ( 'NONE',  ( -34.16261793703434800, 4.139999999999910900, 10.00000000000000000 ) ) ;
#725 = CARTESIAN_POINT ( 'NONE',  ( 441.4637568929752500, -3.252766377107109400, 10.00000000000000000 ) ) ;
#726 = CARTESIAN_POINT ( 'NONE',  ( 194.7882218746548500, 4.140000000000001500, 0.0000000000000000000 ) ) ;
#727 = DIRECTION ( 'NONE',  ( -0.0000000000000000000, -0.0000000000000000000, -1.000000000000000000 ) ) ;
#728 = DIRECTION ( 'NONE',  ( -0.9661835748792287900, -0.2578551912093172700, 0.0000000000000000000 ) ) ;
#729 = CARTESIAN_POINT ( 'NONE',  ( 624.7882218746549400, 30.82801229016431700, 0.0000000000000000000 ) ) ;
#730 = DIRECTION ( 'NONE',  ( -0.9661835748792290100, -0.2578551912093167100, -0.0000000000000000000 ) ) ;
#731 = CARTESIAN_POINT ( 'NONE',  ( 206.4226589628915200, -1.034999999999983900, 10.00000000000000000 ) ) ;
#732 = CARTESIAN_POINT ( 'NONE',  ( 444.7882218746549400, 9.204006145082123800, 0.0000000000000000000 ) ) ;
#733 = DIRECTION ( 'NONE',  ( -0.9661835748792285700, -0.2578551912093182100, -0.0000000000000000000 ) ) ;
#734 = DIRECTION ( 'NONE',  ( 0.9661835748792290100, -0.2578551912093167100, 0.0000000000000000000 ) ) ;
#735 = CARTESIAN_POINT ( 'NONE',  ( 44.78822187465488000, 9.204006145082123800, 10.00000000000000000 ) ) ;
#736 = CARTESIAN_POINT ( 'NONE',  ( 441.4637568929752500, -3.252766377107122200, 10.00000000000000000 ) ) ;
#737 = CARTESIAN_POINT ( 'NONE',  ( 444.7882218746549400, 17.48400614508210900, 10.00000000000000000 ) ) ;
#738 = CARTESIAN_POINT ( 'NONE',  ( 344.7882218746549400, 9.204006145082123800, 10.00000000000000000 ) ) ;
#739 = CARTESIAN_POINT ( 'NONE',  ( 91.46375689297518400, 16.59677252218922000, 10.00000000000000000 ) ) ;
#740 = DIRECTION ( 'NONE',  ( -0.0000000000000000000, -0.0000000000000000000, -1.000000000000000000 ) ) ;
#741 = DIRECTION ( 'NONE',  ( -0.9661835748792285700, -0.2578551912093184400, -0.0000000000000000000 ) ) ;
#742 = CARTESIAN_POINT ( 'NONE',  ( 624.7882218746549400, 22.82801229016430300, 10.00000000000000000 ) ) ;
#743 = CARTESIAN_POINT ( 'NONE',  ( 541.4637568929753100, -3.252766377107122200, 10.00000000000000000 ) ) ;
#744 = DIRECTION ( 'NONE',  ( -0.9661835748792285700, -0.2578551912093184400, -0.0000000000000000000 ) ) ;
#745 = CARTESIAN_POINT ( 'NONE',  ( 543.2410907273990700, 3.406904695806730400, 10.00000000000000000 ) ) ;
#746 = DIRECTION ( 'NONE',  ( 1.000000000000000000, 0.0000000000000000000, 0.0000000000000000000 ) ) ;
#747 = CARTESIAN_POINT ( 'NONE',  ( 291.4637568929752000, 16.59677252218922000, 0.0000000000000000000 ) ) ;
#748 = DIRECTION ( 'NONE',  ( 1.000000000000000000, 1.156482317317871500E-016, -0.0000000000000000000 ) ) ;
#749 = DIRECTION ( 'NONE',  ( -0.9661835748792285700, -0.2578551912093184400, -0.0000000000000000000 ) ) ;
#750 = CARTESIAN_POINT ( 'NONE',  ( 194.7882218746548500, 4.139999999999985500, 10.00000000000000000 ) ) ;
#751 = DIRECTION ( 'NONE',  ( -0.9661835748792285700, -0.2578551912093182100, -0.0000000000000000000 ) ) ;
#752 = CARTESIAN_POINT ( 'NONE',  ( 241.4637568929752300, -3.252766377107122200, 0.0000000000000000000 ) ) ;
#753 = CARTESIAN_POINT ( 'NONE',  ( 294.7882218746548800, 4.139999999999990800, 0.0000000000000000000 ) ) ;
#754 = DIRECTION ( 'NONE',  ( 0.0000000000000000000, 0.0000000000000000000, 1.000000000000000000 ) ) ;
#755 = CARTESIAN_POINT ( 'NONE',  ( 83.15378478641872600, 7.244999999999881100, 10.00000000000000000 ) ) ;
#756 = CARTESIAN_POINT ( 'NONE',  ( -5.211778125345123400, 4.140000000000001500, 0.0000000000000000000 ) ) ;
#757 = DIRECTION ( 'NONE',  ( -0.9661835748792292300, 0.2578551912093158800, 0.0000000000000000000 ) ) ;
#758 = DIRECTION ( 'NONE',  ( 0.0000000000000000000, 0.0000000000000000000, 1.000000000000000000 ) ) ;
#759 = CARTESIAN_POINT ( 'NONE',  ( 594.7882218746549400, 30.82801229016432400, 10.00000000000000000 ) ) ;
#760 = CARTESIAN_POINT ( 'NONE',  ( 441.4637568929752500, -3.252766377107122200, 0.0000000000000000000 ) ) ;
#761 = DIRECTION ( 'NONE',  ( -0.9661835748792290100, -0.2578551912093163800, -0.0000000000000000000 ) ) ;
#762 = DIRECTION ( 'NONE',  ( 1.000000000000000000, 0.0000000000000000000, 0.0000000000000000000 ) ) ;
#763 = DIRECTION ( 'NONE',  ( 0.9661835748792289000, -0.2578551912093170500, -0.0000000000000000000 ) ) ;
#764 = CARTESIAN_POINT ( 'NONE',  ( 291.4637568929752000, 16.59677252218922000, 10.00000000000000000 ) ) ;
#765 = DIRECTION ( 'NONE',  ( 0.0000000000000000000, 0.0000000000000000000, 1.000000000000000000 ) ) ;
#766 = DIRECTION ( 'NONE',  ( 0.0000000000000000000, 0.0000000000000000000, 1.000000000000000000 ) ) ;
#767 = DIRECTION ( 'NONE',  ( -0.9661835748792285700, -0.2578551912093184400, -0.0000000000000000000 ) ) ;
#768 = DIRECTION ( 'NONE',  ( 1.000000000000000000, 0.0000000000000000000, 0.0000000000000000000 ) ) ;
#769 = CARTESIAN_POINT ( 'NONE',  ( 88.13929191129551600, 29.05354504437846000, 0.0000000000000000000 ) ) ;
#770 = CARTESIAN_POINT ( 'NONE',  ( 491.4637568929752500, 16.59677252218922000, 0.0000000000000000000 ) ) ;
#771 = CARTESIAN_POINT ( 'NONE',  ( 494.7882218746549400, 4.140000000000001500, 0.0000000000000000000 ) ) ;
#772 = CARTESIAN_POINT ( 'NONE',  ( 388.1392919112955700, 29.05354504437846000, 10.00000000000000000 ) ) ;
#773 = CARTESIAN_POINT ( 'NONE',  ( 433.1537847864183300, 6.099006145082124200, 0.0000000000000000000 ) ) ;
#774 = CARTESIAN_POINT ( 'NONE',  ( 256.4226589628916000, 14.37900614508208000, 0.0000000000000000000 ) ) ;
#775 = CARTESIAN_POINT ( 'NONE',  ( 44.78822187465488000, 17.48400614508210900, 10.00000000000000000 ) ) ;
#776 = CARTESIAN_POINT ( 'NONE',  ( 139.6864230585514400, -9.912437450020958000, 0.0000000000000000000 ) ) ;
#777 = CARTESIAN_POINT ( 'NONE',  ( 541.4637568929753100, -3.252766377107109400, 0.0000000000000000000 ) ) ;
#778 = CARTESIAN_POINT ( 'NONE',  ( 383.1537847864187800, 7.244999999999881100, 0.0000000000000000000 ) ) ;
#779 = DIRECTION ( 'NONE',  ( 1.000000000000000000, 0.0000000000000000000, 0.0000000000000000000 ) ) ;
#780 = DIRECTION ( 'NONE',  ( 0.9661835748792290100, -0.2578551912093166000, -0.0000000000000000000 ) ) ;
#781 = DIRECTION ( 'NONE',  ( 1.000000000000000000, 1.156482317317871500E-016, -0.0000000000000000000 ) ) ;
#782 = DIRECTION ( 'NONE',  ( 0.9661835748792289000, 0.2578551912093172700, -0.0000000000000000000 ) ) ;
#783 = CARTESIAN_POINT ( 'NONE',  ( 291.4637568929752000, 16.59677252218922000, 10.00000000000000000 ) ) ;
#784 = CARTESIAN_POINT ( 'NONE',  ( 206.4226589628915200, -1.034999999999982200, 0.0000000000000000000 ) ) ;
#785 = CARTESIAN_POINT ( 'NONE',  ( -34.16261793703434800, 4.139999999999910900, 10.00000000000000000 ) ) ;
#786 = DIRECTION ( 'NONE',  ( 0.0000000000000000000, 0.0000000000000000000, 1.000000000000000000 ) ) ;
#787 = CARTESIAN_POINT ( 'NONE',  ( 144.7882218746548500, 9.204006145082120200, 0.0000000000000000000 ) ) ;
#788 = CARTESIAN_POINT ( 'NONE',  ( 443.2410907273990100, 3.406904695806730400, 10.00000000000000000 ) ) ;
#789 = CARTESIAN_POINT ( 'NONE',  ( 138.1392919112955400, -15.70953889929635500, 0.0000000000000000000 ) ) ;
#790 = CARTESIAN_POINT ( 'NONE',  ( 193.2410907273990100, 9.937101449275264300, 0.0000000000000000000 ) ) ;
#791 = CARTESIAN_POINT ( 'NONE',  ( 293.2410907273990100, 9.937101449275171900, 0.0000000000000000000 ) ) ;
#792 = CARTESIAN_POINT ( 'NONE',  ( 356.4226589628916000, 14.37900614508210000, 0.0000000000000000000 ) ) ;
#793 = CARTESIAN_POINT ( 'NONE',  ( 193.2410907273990100, 9.937101449275264300, 10.00000000000000000 ) ) ;
#794 = DIRECTION ( 'NONE',  ( 0.9661835748792289000, 0.2578551912093172700, -0.0000000000000000000 ) ) ;
#795 = DIRECTION ( 'NONE',  ( -0.0000000000000000000, -0.0000000000000000000, -1.000000000000000000 ) ) ;
#796 = DIRECTION ( 'NONE',  ( -0.0000000000000000000, -0.0000000000000000000, -1.000000000000000000 ) ) ;
#797 = DIRECTION ( 'NONE',  ( 1.000000000000000000, 0.0000000000000000000, 0.0000000000000000000 ) ) ;
#798 = CARTESIAN_POINT ( 'NONE',  ( 388.1392919112955700, 29.05354504437846000, 0.0000000000000000000 ) ) ;
#799 = CARTESIAN_POINT ( 'NONE',  ( 624.7882218746549400, 22.82801229016430300, 0.0000000000000000000 ) ) ;
#800 = CARTESIAN_POINT ( 'NONE',  ( 191.4637568929752000, 16.59677252218922000, 10.00000000000000000 ) ) ;
#801 = DIRECTION ( 'NONE',  ( 0.0000000000000000000, 0.0000000000000000000, 1.000000000000000000 ) ) ;
#802 = DIRECTION ( 'NONE',  ( -1.000000000000000000, 0.0000000000000000000, 0.0000000000000000000 ) ) ;
#803 = DIRECTION ( 'NONE',  ( 1.000000000000000000, 0.0000000000000000000, 0.0000000000000000000 ) ) ;
#804 = CARTESIAN_POINT ( 'NONE',  ( 343.2410907273990700, 3.406904695806730400, 0.0000000000000000000 ) ) ;
#805 = CARTESIAN_POINT ( 'NONE',  ( 139.6864230585514400, -9.912437450020958000, 10.00000000000000000 ) ) ;
#806 = CARTESIAN_POINT ( 'NONE',  ( 595.8373820629656200, 22.82801229016429900, 10.00000000000000000 ) ) ;
#807 = DIRECTION ( 'NONE',  ( -1.000000000000000000, 0.0000000000000000000, 0.0000000000000000000 ) ) ;
#808 = DIRECTION ( 'NONE',  ( 0.0000000000000000000, 0.0000000000000000000, 1.000000000000000000 ) ) ;
#809 = CARTESIAN_POINT ( 'NONE',  ( 541.4637568929753100, -3.252766377107109400, 10.00000000000000000 ) ) ;
#810 = CARTESIAN_POINT ( 'NONE',  ( 288.1392919112955700, 29.05354504437846000, 10.00000000000000000 ) ) ;
#811 = DIRECTION ( 'NONE',  ( 1.000000000000000000, 0.0000000000000000000, 0.0000000000000000000 ) ) ;
#812 = DIRECTION ( 'NONE',  ( -0.9661835748792290100, -0.2578551912093166000, -0.0000000000000000000 ) ) ;
#813 = DIRECTION ( 'NONE',  ( 0.0000000000000000000, 0.0000000000000000000, 1.000000000000000000 ) ) ;
#814 = CARTESIAN_POINT ( 'NONE',  ( 344.7882218746549400, 17.48400614508210900, 10.00000000000000000 ) ) ;
#815 = DIRECTION ( 'NONE',  ( -0.0000000000000000000, -0.0000000000000000000, -1.000000000000000000 ) ) ;
#816 = CARTESIAN_POINT ( 'NONE',  ( -34.16261793703434800, -3.860000000000089100, 0.0000000000000000000 ) ) ;
#817 = CARTESIAN_POINT ( 'NONE',  ( 493.2410907273990700, 9.937101449275266100, 0.0000000000000000000 ) ) ;
#818 = DIRECTION ( 'NONE',  ( 0.9661835748792289000, -0.2578551912093169900, 0.0000000000000000000 ) ) ;
#819 = CARTESIAN_POINT ( 'NONE',  ( 338.1392919112955700, -15.70953889929635800, 0.0000000000000000000 ) ) ;
#820 = DIRECTION ( 'NONE',  ( -0.9661835748792284600, 0.2578551912093184900, 0.0000000000000000000 ) ) ;
#821 = CARTESIAN_POINT ( 'NONE',  ( 456.4226589628916600, 14.37900614508208000, 0.0000000000000000000 ) ) ;
#822 = DIRECTION ( 'NONE',  ( 0.0000000000000000000, 0.0000000000000000000, 1.000000000000000000 ) ) ;
#823 = CARTESIAN_POINT ( 'NONE',  ( 488.1392919112955700, 29.05354504437846000, 10.00000000000000000 ) ) ;
#824 = CARTESIAN_POINT ( 'NONE',  ( 183.1537847864187500, 7.244999999999881100, 10.00000000000000000 ) ) ;
#825 = CARTESIAN_POINT ( 'NONE',  ( -4.162617937034346100, -3.860000000000085600, 10.00000000000000000 ) ) ;
#826 = DIRECTION ( 'NONE',  ( 1.000000000000000000, 0.0000000000000000000, 0.0000000000000000000 ) ) ;
#827 = DIRECTION ( 'NONE',  ( 0.9661835748792289000, -0.2578551912093169900, 0.0000000000000000000 ) ) ;
#828 = CARTESIAN_POINT ( 'NONE',  ( 439.6864230585515000, -9.912437450020961500, 0.0000000000000000000 ) ) ;
#829 = CARTESIAN_POINT ( 'NONE',  ( 543.2410907273990700, 3.406904695806730400, 0.0000000000000000000 ) ) ;
#830 = CARTESIAN_POINT ( 'NONE',  ( 539.6864230585516700, -9.912437450020961500, 0.0000000000000000000 ) ) ;
#831 = CARTESIAN_POINT ( 'NONE',  ( 83.15378478641872600, 7.244999999999881100, 0.0000000000000000000 ) ) ;
#832 = CARTESIAN_POINT ( 'NONE',  ( 56.42265896289156000, 14.37900614508208000, 10.00000000000000000 ) ) ;
#833 = DIRECTION ( 'NONE',  ( 0.0000000000000000000, 0.0000000000000000000, 1.000000000000000000 ) ) ;
#834 = CARTESIAN_POINT ( 'NONE',  ( 341.4637568929752500, -3.252766377107109400, 10.00000000000000000 ) ) ;
#835 = DIRECTION ( 'NONE',  ( 0.0000000000000000000, 0.0000000000000000000, 1.000000000000000000 ) ) ;
#836 = CARTESIAN_POINT ( 'NONE',  ( 433.1537847864183300, 6.099006145082124200, 10.00000000000000000 ) ) ;
#837 = CARTESIAN_POINT ( 'NONE',  ( 594.7882218746549400, 30.82801229016432400, 10.00000000000000000 ) ) ;
#838 = CARTESIAN_POINT ( 'NONE',  ( 243.2410907273990100, 3.406904695806730400, 10.00000000000000000 ) ) ;
#839 = DIRECTION ( 'NONE',  ( -1.000000000000000000, 0.0000000000000000000, 0.0000000000000000000 ) ) ;
#840 = CARTESIAN_POINT ( 'NONE',  ( 244.7882218746548800, 9.204006145082123800, 10.00000000000000000 ) ) ;
#841 = CARTESIAN_POINT ( 'NONE',  ( -5.211778125345123400, 4.140000000000001500, 10.00000000000000000 ) ) ;
#842 = DIRECTION ( 'NONE',  ( -0.0000000000000000000, 1.000000000000000000, -0.0000000000000000000 ) ) ;
#843 = CARTESIAN_POINT ( 'NONE',  ( 193.2410907273990400, 9.937101449275171900, 10.00000000000000000 ) ) ;
#844 = DIRECTION ( 'NONE',  ( 0.0000000000000000000, 0.0000000000000000000, 1.000000000000000000 ) ) ;
#845 = CARTESIAN_POINT ( 'NONE',  ( 293.2410907273990100, 9.937101449275171900, 10.00000000000000000 ) ) ;
#846 = CARTESIAN_POINT ( 'NONE',  ( 306.4226589628915500, -1.034999999999982200, 0.0000000000000000000 ) ) ;
#847 = DIRECTION ( 'NONE',  ( -0.9661835748792287900, -0.2578551912093172700, 0.0000000000000000000 ) ) ;
#848 = DIRECTION ( 'NONE',  ( -0.0000000000000000000, -0.0000000000000000000, -1.000000000000000000 ) ) ;
#849 = DIRECTION ( 'NONE',  ( -0.0000000000000000000, -0.0000000000000000000, -1.000000000000000000 ) ) ;
#850 = DIRECTION ( 'NONE',  ( 0.9661835748792290100, -0.2578551912093166000, -0.0000000000000000000 ) ) ;
#851 = DIRECTION ( 'NONE',  ( 0.0000000000000000000, 0.0000000000000000000, 1.000000000000000000 ) ) ;
#852 = CARTESIAN_POINT ( 'NONE',  ( 456.4226589628916600, 14.37900614508208000, 0.0000000000000000000 ) ) ;
#853 = CARTESIAN_POINT ( 'NONE',  ( 56.42265896289156000, 14.37900614508208000, 0.0000000000000000000 ) ) ;
#854 = CARTESIAN_POINT ( 'NONE',  ( 93.24109072739899800, 9.937101449275171900, 0.0000000000000000000 ) ) ;
#855 = CARTESIAN_POINT ( 'NONE',  ( 294.7882218746548800, 4.139999999999990800, 10.00000000000000000 ) ) ;
#856 = CARTESIAN_POINT ( 'NONE',  ( 191.4637568929752000, 16.59677252218922000, 0.0000000000000000000 ) ) ;
#857 = CARTESIAN_POINT ( 'NONE',  ( 139.6864230585514400, -9.912437450020958000, 10.00000000000000000 ) ) ;
#858 = DIRECTION ( 'NONE',  ( 0.0000000000000000000, 0.0000000000000000000, 1.000000000000000000 ) ) ;
#859 = DIRECTION ( 'NONE',  ( -0.9661835748792290100, -0.2578551912093166600, -0.0000000000000000000 ) ) ;
#860 = CARTESIAN_POINT ( 'NONE',  ( 143.2410907273989800, 3.406904695806730400, 10.00000000000000000 ) ) ;
#861 = CARTESIAN_POINT ( 'NONE',  ( 533.1537847864184400, 6.099006145082124200, 0.0000000000000000000 ) ) ;
#862 = CARTESIAN_POINT ( 'NONE',  ( 141.4637568929752300, -3.252766377107109400, 10.00000000000000000 ) ) ;
#863 = DIRECTION ( 'NONE',  ( -0.9661835748792292300, 0.2578551912093158800, 0.0000000000000000000 ) ) ;
#864 = DIRECTION ( 'NONE',  ( -0.9661835748792291200, -0.2578551912093163800, 0.0000000000000000000 ) ) ;
#865 = DIRECTION ( 'NONE',  ( -0.9661835748792290100, -0.2578551912093167100, -0.0000000000000000000 ) ) ;
#866 = CARTESIAN_POINT ( 'NONE',  ( -34.16261793703434800, -3.860000000000089100, 10.00000000000000000 ) ) ;
#867 = DIRECTION ( 'NONE',  ( 0.9661835748792290100, 0.2578551912093164400, 0.0000000000000000000 ) ) ;
#868 = DIRECTION ( 'NONE',  ( 0.9661835748792289000, -0.2578551912093169400, 0.0000000000000000000 ) ) ;
#869 = CARTESIAN_POINT ( 'NONE',  ( 143.2410907273989800, 3.406904695806730400, 0.0000000000000000000 ) ) ;
#870 = DIRECTION ( 'NONE',  ( 1.000000000000000000, 0.0000000000000000000, 0.0000000000000000000 ) ) ;
#871 = CARTESIAN_POINT ( 'NONE',  ( 56.42265896289156000, 14.37900614508208000, 0.0000000000000000000 ) ) ;
#872 = DIRECTION ( 'NONE',  ( 0.9661835748792285700, 0.2578551912093186000, -0.0000000000000000000 ) ) ;
#873 = DIRECTION ( 'NONE',  ( -1.000000000000000000, 0.0000000000000000000, 0.0000000000000000000 ) ) ;
#874 = DIRECTION ( 'NONE',  ( 0.9661835748792282400, 0.2578551912093199300, 0.0000000000000000000 ) ) ;
#875 = DIRECTION ( 'NONE',  ( 1.000000000000000000, 0.0000000000000000000, 0.0000000000000000000 ) ) ;
#876 = DIRECTION ( 'NONE',  ( -0.9661835748792291200, -0.2578551912093163800, 0.0000000000000000000 ) ) ;
#877 = CARTESIAN_POINT ( 'NONE',  ( 56.42265896289156000, 14.37900614508208000, 10.00000000000000000 ) ) ;
#878 = CARTESIAN_POINT ( 'NONE',  ( 341.4637568929752500, -3.252766377107122200, 0.0000000000000000000 ) ) ;
#879 = DIRECTION ( 'NONE',  ( -1.000000000000000000, 2.312964634635741000E-016, -0.0000000000000000000 ) ) ;
#880 = CARTESIAN_POINT ( 'NONE',  ( 133.1537847864183000, 6.099006145082124200, 10.00000000000000000 ) ) ;
#881 = CARTESIAN_POINT ( 'NONE',  ( -5.211778125345123400, 4.140000000000001500, 0.0000000000000000000 ) ) ;
#882 = CARTESIAN_POINT ( 'NONE',  ( 343.2410907273990700, 3.406904695806730400, 10.00000000000000000 ) ) ;
#883 = DIRECTION ( 'NONE',  ( -1.000000000000000000, 0.0000000000000000000, 0.0000000000000000000 ) ) ;
#884 = DIRECTION ( 'NONE',  ( 0.0000000000000000000, 0.0000000000000000000, 1.000000000000000000 ) ) ;
#885 = DIRECTION ( 'NONE',  ( -0.0000000000000000000, -0.0000000000000000000, -1.000000000000000000 ) ) ;
#886 = DIRECTION ( 'NONE',  ( 0.9661835748792287900, 0.2578551912093175500, -0.0000000000000000000 ) ) ;
#887 = DIRECTION ( 'NONE',  ( 1.000000000000000000, 0.0000000000000000000, 0.0000000000000000000 ) ) ;
#888 = CARTESIAN_POINT ( 'NONE',  ( 156.4226589628916000, 14.37900614508208000, 10.00000000000000000 ) ) ;
#889 = CARTESIAN_POINT ( 'NONE',  ( 233.1537847864183000, 6.099006145082124200, 10.00000000000000000 ) ) ;
#890 = DIRECTION ( 'NONE',  ( 0.9661835748792289000, -0.2578551912093168800, 0.0000000000000000000 ) ) ;
#891 = CARTESIAN_POINT ( 'NONE',  ( 493.2410907273990700, 9.937101449275171900, 0.0000000000000000000 ) ) ;
#892 = CARTESIAN_POINT ( 'NONE',  ( 133.1537847864183000, 6.099006145082124200, 10.00000000000000000 ) ) ;
#893 = CARTESIAN_POINT ( 'NONE',  ( 406.4226589628915500, -1.034999999999982200, 0.0000000000000000000 ) ) ;
#894 = CARTESIAN_POINT ( 'NONE',  ( 544.7882218746549400, 9.204006145082123800, 10.00000000000000000 ) ) ;
#895 = DIRECTION ( 'NONE',  ( -1.000000000000000000, 0.0000000000000000000, 0.0000000000000000000 ) ) ;
#896 = DIRECTION ( 'NONE',  ( 0.0000000000000000000, 0.0000000000000000000, 1.000000000000000000 ) ) ;
#897 = DIRECTION ( 'NONE',  ( 0.9661835748792289000, -0.2578551912093169900, 0.0000000000000000000 ) ) ;
#898 = CARTESIAN_POINT ( 'NONE',  ( 93.24109072739899800, 9.937101449275171900, 0.0000000000000000000 ) ) ;
#899 = CARTESIAN_POINT ( 'NONE',  ( 439.6864230585515000, -9.912437450020958000, 10.00000000000000000 ) ) ;
#900 = DIRECTION ( 'NONE',  ( -1.000000000000000000, 0.0000000000000000000, 0.0000000000000000000 ) ) ;
#901 = DIRECTION ( 'NONE',  ( 0.9661835748792289000, -0.2578551912093170500, -0.0000000000000000000 ) ) ;
#902 = DIRECTION ( 'NONE',  ( -0.9661835748792292300, 0.2578551912093158800, 0.0000000000000000000 ) ) ;
#903 = CARTESIAN_POINT ( 'NONE',  ( 356.4226589628916000, 14.37900614508208000, 0.0000000000000000000 ) ) ;
#904 = DIRECTION ( 'NONE',  ( 0.9661835748792289000, -0.2578551912093170500, -0.0000000000000000000 ) ) ;
#905 = CARTESIAN_POINT ( 'NONE',  ( 483.1537847864187800, 7.244999999999881100, 0.0000000000000000000 ) ) ;
#906 = CARTESIAN_POINT ( 'NONE',  ( 291.4637568929752000, 16.59677252218922000, 0.0000000000000000000 ) ) ;
#907 = DIRECTION ( 'NONE',  ( 0.9661835748792289000, -0.2578551912093168300, 0.0000000000000000000 ) ) ;
#908 = CARTESIAN_POINT ( 'NONE',  ( 438.1392919112955700, -15.70953889929636900, 0.0000000000000000000 ) ) ;
#909 = CARTESIAN_POINT ( 'NONE',  ( 241.4637568929752300, -3.252766377107109400, 0.0000000000000000000 ) ) ;
#910 = CARTESIAN_POINT ( 'NONE',  ( 624.7882218746549400, 30.82801229016431700, 10.00000000000000000 ) ) ;
#911 = CARTESIAN_POINT ( 'NONE',  ( 533.1537847864184400, 6.099006145082124200, 10.00000000000000000 ) ) ;
#912 = CARTESIAN_POINT ( 'NONE',  ( 191.4637568929752000, 16.59677252218922000, 10.00000000000000000 ) ) ;
#913 = CARTESIAN_POINT ( 'NONE',  ( -4.162617937034346100, -3.860000000000085600, 0.0000000000000000000 ) ) ;
#914 = CARTESIAN_POINT ( 'NONE',  ( 624.7882218746549400, 30.82801229016431700, 10.00000000000000000 ) ) ;
#915 = CARTESIAN_POINT ( 'NONE',  ( -34.16261793703434800, 4.139999999999910900, 0.0000000000000000000 ) ) ;
#916 = CARTESIAN_POINT ( 'NONE',  ( 94.78822187465483800, 4.139999999999987200, 0.0000000000000000000 ) ) ;
#917 = DIRECTION ( 'NONE',  ( -1.000000000000000000, 0.0000000000000000000, 0.0000000000000000000 ) ) ;
#918 = CARTESIAN_POINT ( 'NONE',  ( 193.2410907273990100, 9.937101449275264300, 10.00000000000000000 ) ) ;
#919 = CARTESIAN_POINT ( 'NONE',  ( 344.7882218746549400, 9.204006145082123800, 0.0000000000000000000 ) ) ;
#920 = DIRECTION ( 'NONE',  ( 0.0000000000000000000, 0.0000000000000000000, 1.000000000000000000 ) ) ;
#921 = CARTESIAN_POINT ( 'NONE',  ( 544.7882218746549400, 9.204006145082123800, 10.00000000000000000 ) ) ;
#922 = DIRECTION ( 'NONE',  ( -0.9661835748792291200, -0.2578551912093163800, -0.0000000000000000000 ) ) ;
#923 = CARTESIAN_POINT ( 'NONE',  ( -4.162617937034346100, -3.860000000000085600, 0.0000000000000000000 ) ) ;
#924 = CARTESIAN_POINT ( 'NONE',  ( 394.7882218746548800, 4.140000000000001500, 0.0000000000000000000 ) ) ;
#925 = CARTESIAN_POINT ( 'NONE',  ( 356.4226589628916000, 14.37900614508208000, 0.0000000000000000000 ) ) ;
#926 = DIRECTION ( 'NONE',  ( 0.9661835748792289000, -0.2578551912093170500, -0.0000000000000000000 ) ) ;
#927 = CARTESIAN_POINT ( 'NONE',  ( 238.1392919112955700, -15.70953889929636200, 0.0000000000000000000 ) ) ;
#928 = CARTESIAN_POINT ( 'NONE',  ( 538.1392919112955700, -15.70953889929635100, 0.0000000000000000000 ) ) ;
#929 = DIRECTION ( 'NONE',  ( 0.9661835748792289000, -0.2578551912093168300, 0.0000000000000000000 ) ) ;
#930 = DIRECTION ( 'NONE',  ( -0.9661835748792290100, 0.2578551912093165500, 0.0000000000000000000 ) ) ;
#931 = DIRECTION ( 'NONE',  ( -0.9661835748792286800, -0.2578551912093179900, -0.0000000000000000000 ) ) ;
#932 = DIRECTION ( 'NONE',  ( -0.0000000000000000000, -1.000000000000000000, -0.0000000000000000000 ) ) ;
#933 = DIRECTION ( 'NONE',  ( 1.000000000000000000, 0.0000000000000000000, 0.0000000000000000000 ) ) ;
#934 = CARTESIAN_POINT ( 'NONE',  ( 144.7882218746548500, 9.204006145082120200, 10.00000000000000000 ) ) ;
#935 = DIRECTION ( 'NONE',  ( 0.0000000000000000000, 0.0000000000000000000, 1.000000000000000000 ) ) ;
#936 = DIRECTION ( 'NONE',  ( -0.9661835748792290100, 0.2578551912093165500, 0.0000000000000000000 ) ) ;
#937 = CARTESIAN_POINT ( 'NONE',  ( 491.4637568929752500, 16.59677252218922000, 10.00000000000000000 ) ) ;
#938 = DIRECTION ( 'NONE',  ( -1.000000000000000000, 0.0000000000000000000, 0.0000000000000000000 ) ) ;
#939 = CARTESIAN_POINT ( 'NONE',  ( 293.2410907273990100, 9.937101449275273200, 0.0000000000000000000 ) ) ;
#940 = CARTESIAN_POINT ( 'NONE',  ( 333.1537847864183300, 6.099006145082124200, 10.00000000000000000 ) ) ;
#941 = CARTESIAN_POINT ( 'NONE',  ( 494.7882218746549400, -4.139999999999983700, 0.0000000000000000000 ) ) ;
#942 = CARTESIAN_POINT ( 'NONE',  ( 241.4637568929752300, -3.252766377107109400, 10.00000000000000000 ) ) ;
#943 = DIRECTION ( 'NONE',  ( 0.0000000000000000000, 0.0000000000000000000, 1.000000000000000000 ) ) ;
#944 = CARTESIAN_POINT ( 'NONE',  ( -4.162617937034346100, -3.860000000000085600, 0.0000000000000000000 ) ) ;
#945 = CARTESIAN_POINT ( 'NONE',  ( 244.7882218746549400, 17.48400614508210900, 10.00000000000000000 ) ) ;
#946 = CARTESIAN_POINT ( 'NONE',  ( 444.7882218746549400, 9.204006145082123800, 10.00000000000000000 ) ) ;
#947 = DIRECTION ( 'NONE',  ( 0.0000000000000000000, 0.0000000000000000000, 1.000000000000000000 ) ) ;
#948 = CARTESIAN_POINT ( 'NONE',  ( 541.4637568929753100, -3.252766377107122200, 0.0000000000000000000 ) ) ;
#949 = CARTESIAN_POINT ( 'NONE',  ( 356.4226589628916000, 14.37900614508208000, 10.00000000000000000 ) ) ;
#950 = CARTESIAN_POINT ( 'NONE',  ( 394.7882218746548800, 4.139999999999990800, 10.00000000000000000 ) ) ;
#951 = CARTESIAN_POINT ( 'NONE',  ( 539.6864230585515500, -9.912437450020958000, 10.00000000000000000 ) ) ;
#952 = DIRECTION ( 'NONE',  ( -0.9661835748792289000, -0.2578551912093171600, 0.0000000000000000000 ) ) ;
#953 = CARTESIAN_POINT ( 'NONE',  ( 244.7882218746548800, 9.204006145082123800, 0.0000000000000000000 ) ) ;
#954 = DIRECTION ( 'NONE',  ( -1.000000000000000000, 0.0000000000000000000, 0.0000000000000000000 ) ) ;
#955 = DIRECTION ( 'NONE',  ( -1.000000000000000000, 0.0000000000000000000, 0.0000000000000000000 ) ) ;
#956 = CARTESIAN_POINT ( 'NONE',  ( 239.6864230585514700, -9.912437450020958000, 10.00000000000000000 ) ) ;
#957 = CARTESIAN_POINT ( 'NONE',  ( 433.1537847864183300, 6.099006145082124200, 0.0000000000000000000 ) ) ;
#958 = DIRECTION ( 'NONE',  ( -0.9661835748792287900, -0.2578551912093172700, 0.0000000000000000000 ) ) ;
#959 = CARTESIAN_POINT ( 'NONE',  ( 106.4226589628914900, -1.034999999999980400, 10.00000000000000000 ) ) ;
#960 = DIRECTION ( 'NONE',  ( 0.9661835748792287900, -0.2578551912093174400, -0.0000000000000000000 ) ) ;
#961 = DIRECTION ( 'NONE',  ( -1.000000000000000000, -3.115820519803106000E-015, -0.0000000000000000000 ) ) ;
#962 = CARTESIAN_POINT ( 'NONE',  ( -34.16261793703434800, 4.139999999999910900, 0.0000000000000000000 ) ) ;
#963 = CARTESIAN_POINT ( 'NONE',  ( 393.2410907273990700, 9.937101449275273200, 0.0000000000000000000 ) ) ;
#964 = CARTESIAN_POINT ( 'NONE',  ( 391.4637568929752500, 16.59677252218922000, 10.00000000000000000 ) ) ;
#965 = DIRECTION ( 'NONE',  ( 0.9661835748792289000, -0.2578551912093169900, 0.0000000000000000000 ) ) ;
#966 = CARTESIAN_POINT ( 'NONE',  ( 106.4226589628914900, -1.034999999999982200, 0.0000000000000000000 ) ) ;
#967 = CARTESIAN_POINT ( 'NONE',  ( 183.1537847864187500, 7.244999999999881100, 0.0000000000000000000 ) ) ;
#968 = CARTESIAN_POINT ( 'NONE',  ( 91.46375689297518400, 16.59677252218922000, 0.0000000000000000000 ) ) ;
#969 = CARTESIAN_POINT ( 'NONE',  ( 44.78822187465488000, 9.204006145082123800, 0.0000000000000000000 ) ) ;
#970 = DIRECTION ( 'NONE',  ( 0.9661835748792285700, 0.2578551912093186000, -0.0000000000000000000 ) ) ;
#971 = CARTESIAN_POINT ( 'NONE',  ( 89.68642305855139800, 23.25644359510317100, 0.0000000000000000000 ) ) ;
#972 = CARTESIAN_POINT ( 'NONE',  ( 391.4637568929752500, 16.59677252218922000, 0.0000000000000000000 ) ) ;
#973 = DIRECTION ( 'NONE',  ( -0.9661835748792292300, 0.2578551912093158800, 0.0000000000000000000 ) ) ;
#974 = CARTESIAN_POINT ( 'NONE',  ( 393.2410907273990700, 9.937101449275171900, 0.0000000000000000000 ) ) ;
#975 = DIRECTION ( 'NONE',  ( 0.9661835748792282400, 0.2578551912093199300, 0.0000000000000000000 ) ) ;
#976 = CARTESIAN_POINT ( 'NONE',  ( 138.1392919112955400, -15.70953889929635500, 10.00000000000000000 ) ) ;
#977 = DIRECTION ( 'NONE',  ( 0.9661835748792290100, -0.2578551912093164900, 0.0000000000000000000 ) ) ;
#978 = DIRECTION ( 'NONE',  ( -0.9661835748792287900, -0.2578551912093172700, 0.0000000000000000000 ) ) ;
#979 = DIRECTION ( 'NONE',  ( -0.9661835748792291200, -0.2578551912093162700, -0.0000000000000000000 ) ) ;
#980 = DIRECTION ( 'NONE',  ( 0.0000000000000000000, 0.0000000000000000000, 1.000000000000000000 ) ) ;
#981 = CARTESIAN_POINT ( 'NONE',  ( 256.4226589628916000, 14.37900614508210000, 0.0000000000000000000 ) ) ;
#982 = CARTESIAN_POINT ( 'NONE',  ( 188.1392919112955200, 29.05354504437846000, 0.0000000000000000000 ) ) ;
#983 = DIRECTION ( 'NONE',  ( 0.0000000000000000000, 0.0000000000000000000, 1.000000000000000000 ) ) ;
#984 = DIRECTION ( 'NONE',  ( 1.000000000000000000, 0.0000000000000000000, 0.0000000000000000000 ) ) ;
#985 = DIRECTION ( 'NONE',  ( 0.9661835748792290100, -0.2578551912093167100, 0.0000000000000000000 ) ) ;
#986 = CARTESIAN_POINT ( 'NONE',  ( 144.7882218746548800, 17.48400614508210500, 10.00000000000000000 ) ) ;
#987 = DIRECTION ( 'NONE',  ( 0.0000000000000000000, 0.0000000000000000000, 1.000000000000000000 ) ) ;
#988 = CARTESIAN_POINT ( 'NONE',  ( 544.7882218746549400, 9.204006145082123800, 0.0000000000000000000 ) ) ;
#989 = CARTESIAN_POINT ( 'NONE',  ( 339.6864230585514400, -9.912437450020958000, 10.00000000000000000 ) ) ;
#990 = CARTESIAN_POINT ( 'NONE',  ( 94.78822187465483800, 4.140000000000001500, 0.0000000000000000000 ) ) ;
#991 = CARTESIAN_POINT ( 'NONE',  ( 489.6864230585514400, 23.25644359510306500, 10.00000000000000000 ) ) ;
#992 = CARTESIAN_POINT ( 'NONE',  ( 594.7882218746549400, 30.82801229016432400, 10.00000000000000000 ) ) ;
#993 = DIRECTION ( 'NONE',  ( 0.9661835748792287900, -0.2578551912093174400, -0.0000000000000000000 ) ) ;
#994 = DIRECTION ( 'NONE',  ( 0.9661835748792289000, 0.2578551912093172700, -0.0000000000000000000 ) ) ;
#995 = DIRECTION ( 'NONE',  ( 0.9661835748792289000, -0.2578551912093170500, -0.0000000000000000000 ) ) ;
#996 = CARTESIAN_POINT ( 'NONE',  ( 156.4226589628916000, 14.37900614508208000, 0.0000000000000000000 ) ) ;
#997 = CARTESIAN_POINT ( 'NONE',  ( 141.4637568929752300, -3.252766377107122200, 10.00000000000000000 ) ) ;
#998 = CARTESIAN_POINT ( 'NONE',  ( 93.24109072739896900, 9.937101449275264300, 10.00000000000000000 ) ) ;
#999 = CARTESIAN_POINT ( 'NONE',  ( 539.6864230585515500, -9.912437450020958000, 0.0000000000000000000 ) ) ;
#1000 = DIRECTION ( 'NONE',  ( -0.9661835748792290100, -0.2578551912093164400, -0.0000000000000000000 ) ) ;
#1001 = CARTESIAN_POINT ( 'NONE',  ( 156.4226589628916000, 14.37900614508208000, 0.0000000000000000000 ) ) ;
#1002 = DIRECTION ( 'NONE',  ( -1.000000000000000000, -3.115820519803106000E-015, -0.0000000000000000000 ) ) ;
#1003 = DIRECTION ( 'NONE',  ( 0.9661835748792287900, 0.2578551912093175500, -0.0000000000000000000 ) ) ;
#1004 = CARTESIAN_POINT ( 'NONE',  ( 494.7882218746549400, 4.139999999999983700, 10.00000000000000000 ) ) ;
#1005 = CARTESIAN_POINT ( 'NONE',  ( 439.6864230585515000, -9.912437450020958000, 0.0000000000000000000 ) ) ;
#1006 = DIRECTION ( 'NONE',  ( 1.000000000000000000, 1.198392507616574800E-016, -0.0000000000000000000 ) ) ;
#1007 = CARTESIAN_POINT ( 'NONE',  ( 624.7882218746549400, 22.82801229016430300, 10.00000000000000000 ) ) ;
#1008 = DIRECTION ( 'NONE',  ( -1.000000000000000000, 0.0000000000000000000, 0.0000000000000000000 ) ) ;
#1009 = CARTESIAN_POINT ( 'NONE',  ( 544.7882218746549400, 9.204006145082123800, 0.0000000000000000000 ) ) ;
#1010 = DIRECTION ( 'NONE',  ( 0.0000000000000000000, 0.0000000000000000000, 1.000000000000000000 ) ) ;
#1011 = CARTESIAN_POINT ( 'NONE',  ( 239.6864230585514700, -9.912437450020958000, 10.00000000000000000 ) ) ;
#1012 = DIRECTION ( 'NONE',  ( -0.9661835748792290100, -0.2578551912093166000, -0.0000000000000000000 ) ) ;
#1013 = DIRECTION ( 'NONE',  ( -0.9661835748792285700, -0.2578551912093183800, -0.0000000000000000000 ) ) ;
#1014 = DIRECTION ( 'NONE',  ( 0.0000000000000000000, 0.0000000000000000000, 1.000000000000000000 ) ) ;
#1015 = DIRECTION ( 'NONE',  ( 0.9661835748792290100, -0.2578551912093167100, 0.0000000000000000000 ) ) ;
#1016 = CARTESIAN_POINT ( 'NONE',  ( 93.24109072739899800, 9.937101449275171900, 10.00000000000000000 ) ) ;
#1017 = DIRECTION ( 'NONE',  ( 0.0000000000000000000, 0.0000000000000000000, 1.000000000000000000 ) ) ;
#1018 = DIRECTION ( 'NONE',  ( 1.000000000000000000, 0.0000000000000000000, 0.0000000000000000000 ) ) ;
#1019 = CARTESIAN_POINT ( 'NONE',  ( 239.6864230585514700, -9.912437450020958000, 10.00000000000000000 ) ) ;
#1020 = DIRECTION ( 'NONE',  ( 0.9661835748792289000, 0.2578551912093172700, -0.0000000000000000000 ) ) ;
#1021 = CARTESIAN_POINT ( 'NONE',  ( 244.7882218746548800, 9.204006145082123800, 10.00000000000000000 ) ) ;
#1022 = CARTESIAN_POINT ( 'NONE',  ( 56.42265896289156000, 14.37900614508208000, 0.0000000000000000000 ) ) ;
#1023 = CARTESIAN_POINT ( 'NONE',  ( 194.7882218746548500, 4.139999999999985500, 0.0000000000000000000 ) ) ;
#1024 = CARTESIAN_POINT ( 'NONE',  ( 544.7882218746549400, 17.48400614508210500, 10.00000000000000000 ) ) ;
#1025 = CARTESIAN_POINT ( 'NONE',  ( 443.2410907273990100, 3.406904695806730400, 0.0000000000000000000 ) ) ;
#1026 = CARTESIAN_POINT ( 'NONE',  ( 533.1537847864184400, 6.099006145082124200, 0.0000000000000000000 ) ) ;
#1027 = DIRECTION ( 'NONE',  ( -1.000000000000000000, 0.0000000000000000000, 0.0000000000000000000 ) ) ;
#1028 = CARTESIAN_POINT ( 'NONE',  ( 56.42265896289156000, 14.37900614508208000, 10.00000000000000000 ) ) ;
#1029 = DIRECTION ( 'NONE',  ( -0.0000000000000000000, 1.000000000000000000, -0.0000000000000000000 ) ) ;
#1030 = DIRECTION ( 'NONE',  ( 0.0000000000000000000, 0.0000000000000000000, 1.000000000000000000 ) ) ;
#1031 = CARTESIAN_POINT ( 'NONE',  ( 391.4637568929752500, 16.59677252218922000, 0.0000000000000000000 ) ) ;
#1032 = CARTESIAN_POINT ( 'NONE',  ( 156.4226589628916000, 14.37900614508207800, 0.0000000000000000000 ) ) ;
#1033 = CARTESIAN_POINT ( 'NONE',  ( 193.2410907273990400, 9.937101449275171900, 0.0000000000000000000 ) ) ;
#1034 = CARTESIAN_POINT ( 'NONE',  ( 288.1392919112955700, 29.05354504437846000, 0.0000000000000000000 ) ) ;
#1035 = CARTESIAN_POINT ( 'NONE',  ( 256.4226589628916000, 14.37900614508208000, 0.0000000000000000000 ) ) ;
#1036 = CARTESIAN_POINT ( 'NONE',  ( -34.16261793703434800, -3.860000000000089100, 10.00000000000000000 ) ) ;
#1037 = CARTESIAN_POINT ( 'NONE',  ( 339.6864230585514400, -9.912437450020958000, 0.0000000000000000000 ) ) ;
#1038 = VERTEX_POINT ( 'NONE', #1009 ) ;
#1039 = VERTEX_POINT ( 'NONE', #928 ) ;
#1040 = VERTEX_POINT ( 'NONE', #732 ) ;
#1041 = VERTEX_POINT ( 'NONE', #908 ) ;
#1042 = VERTEX_POINT ( 'NONE', #919 ) ;
#1043 = ORIENTED_EDGE ( 'NONE', *, *, #160, .F. ) ;
#1044 = ORIENTED_EDGE ( 'NONE', *, *, #184, .F. ) ;
#1045 = ORIENTED_EDGE ( 'NONE', *, *, #201, .T. ) ;
#1046 = ORIENTED_EDGE ( 'NONE', *, *, #157, .T. ) ;
#1047 = ORIENTED_EDGE ( 'NONE', *, *, #155, .F. ) ;
#1048 = VERTEX_POINT ( 'NONE', #721 ) ;
#1049 = VERTEX_POINT ( 'NONE', #998 ) ;
#1050 = VERTEX_POINT ( 'NONE', #824 ) ;
#1051 = VERTEX_POINT ( 'NONE', #918 ) ;
#1052 = VERTEX_POINT ( 'NONE', #841 ) ;
#1053 = VERTEX_POINT ( 'NONE', #959 ) ;
#1054 = VERTEX_POINT ( 'NONE', #719 ) ;
#1055 = VERTEX_POINT ( 'NONE', #755 ) ;
#1056 = VERTEX_POINT ( 'NONE', #731 ) ;
#1057 = VERTEX_POINT ( 'NONE', #857 ) ;
#1058 = VERTEX_POINT ( 'NONE', #785 ) ;
#1059 = VERTEX_POINT ( 'NONE', #1011 ) ;
#1060 = VERTEX_POINT ( 'NONE', #819 ) ;
#1061 = VERTEX_POINT ( 'NONE', #953 ) ;
#1062 = VERTEX_POINT ( 'NONE', #927 ) ;
#1063 = VERTEX_POINT ( 'NONE', #787 ) ;
#1064 = VERTEX_POINT ( 'NONE', #789 ) ;
#1065 = VERTEX_POINT ( 'NONE', #969 ) ;
#1066 = VERTEX_POINT ( 'NONE', #944 ) ;
#1067 = VERTEX_POINT ( 'NONE', #816 ) ;
#1068 = VERTEX_POINT ( 'NONE', #966 ) ;
#1069 = VERTEX_POINT ( 'NONE', #846 ) ;
#1070 = VERTEX_POINT ( 'NONE', #784 ) ;
#1071 = VERTEX_POINT ( 'NONE', #893 ) ;
#1072 = VERTEX_POINT ( 'NONE', #854 ) ;
#1073 = VERTEX_POINT ( 'NONE', #905 ) ;
#1074 = VERTEX_POINT ( 'NONE', #817 ) ;
#1075 = VERTEX_POINT ( 'NONE', #792 ) ;
#1076 = VERTEX_POINT ( 'NONE', #881 ) ;
#1077 = VERTEX_POINT ( 'NONE', #778 ) ;
#1078 = VERTEX_POINT ( 'NONE', #963 ) ;
#1079 = VERTEX_POINT ( 'NONE', #981 ) ;
#1080 = VERTEX_POINT ( 'NONE', #982 ) ;
#1081 = VERTEX_POINT ( 'NONE', #715 ) ;
#1082 = VERTEX_POINT ( 'NONE', #939 ) ;
#1083 = VERTEX_POINT ( 'NONE', #1032 ) ;
#1084 = VERTEX_POINT ( 'NONE', #921 ) ;
#1085 = VERTEX_POINT ( 'NONE', #806 ) ;
#1086 = VERTEX_POINT ( 'NONE', #742 ) ;
#1087 = VERTEX_POINT ( 'NONE', #914 ) ;
#1088 = VERTEX_POINT ( 'NONE', #992 ) ;
#1089 = VERTEX_POINT ( 'NONE', #1004 ) ;
#1090 = VERTEX_POINT ( 'NONE', #823 ) ;
#1091 = VERTEX_POINT ( 'NONE', #950 ) ;
#1092 = VERTEX_POINT ( 'NONE', #772 ) ;
#1093 = VERTEX_POINT ( 'NONE', #855 ) ;
#1094 = VERTEX_POINT ( 'NONE', #810 ) ;
#1095 = VERTEX_POINT ( 'NONE', #750 ) ;
#1096 = VERTEX_POINT ( 'NONE', #769 ) ;
#1097 = VERTEX_POINT ( 'NONE', #967 ) ;
#1098 = VERTEX_POINT ( 'NONE', #790 ) ;
#1099 = VERTEX_POINT ( 'NONE', #971 ) ;
#1100 = VERTEX_POINT ( 'NONE', #1023 ) ;
#1101 = VERTEX_POINT ( 'NONE', #871 ) ;
#1102 = VERTEX_POINT ( 'NONE', #831 ) ;
#1103 = VERTEX_POINT ( 'NONE', #915 ) ;
#1104 = VERTEX_POINT ( 'NONE', #916 ) ;
#1105 = VERTEX_POINT ( 'NONE', #1034 ) ;
#1106 = VERTEX_POINT ( 'NONE', #753 ) ;
#1107 = VERTEX_POINT ( 'NONE', #798 ) ;
#1108 = ORIENTED_EDGE ( 'NONE', *, *, #1381, .F. ) ;
#1109 = ORIENTED_EDGE ( 'NONE', *, *, #1382, .F. ) ;
#1110 = ORIENTED_EDGE ( 'NONE', *, *, #1387, .F. ) ;
#1111 = ORIENTED_EDGE ( 'NONE', *, *, #1384, .F. ) ;
#1112 = ORIENTED_EDGE ( 'NONE', *, *, #1383, .F. ) ;
#1113 = ORIENTED_EDGE ( 'NONE', *, *, #1392, .F. ) ;
#1114 = ORIENTED_EDGE ( 'NONE', *, *, #1344, .F. ) ;
#1115 = ORIENTED_EDGE ( 'NONE', *, *, #131, .F. ) ;
#1116 = ORIENTED_EDGE ( 'NONE', *, *, #156, .T. ) ;
#1117 = ORIENTED_EDGE ( 'NONE', *, *, #1421, .T. ) ;
#1118 = ORIENTED_EDGE ( 'NONE', *, *, #1369, .F. ) ;
#1119 = ORIENTED_EDGE ( 'NONE', *, *, #1421, .F. ) ;
#1120 = ORIENTED_EDGE ( 'NONE', *, *, #172, .T. ) ;
#1121 = ORIENTED_EDGE ( 'NONE', *, *, #1433, .T. ) ;
#1122 = ORIENTED_EDGE ( 'NONE', *, *, #1377, .F. ) ;
#1123 = ORIENTED_EDGE ( 'NONE', *, *, #1433, .F. ) ;
#1124 = ORIENTED_EDGE ( 'NONE', *, *, #188, .T. ) ;
#1125 = ORIENTED_EDGE ( 'NONE', *, *, #1431, .T. ) ;
#1126 = ORIENTED_EDGE ( 'NONE', *, *, #1378, .F. ) ;
#1127 = ORIENTED_EDGE ( 'NONE', *, *, #1431, .F. ) ;
#1128 = ORIENTED_EDGE ( 'NONE', *, *, #153, .T. ) ;
#1129 = ORIENTED_EDGE ( 'NONE', *, *, #131, .T. ) ;
#1130 = ORIENTED_EDGE ( 'NONE', *, *, #162, .F. ) ;
#1131 = ORIENTED_EDGE ( 'NONE', *, *, #1432, .F. ) ;
#1132 = ORIENTED_EDGE ( 'NONE', *, *, #1385, .T. ) ;
#1133 = ORIENTED_EDGE ( 'NONE', *, *, #1439, .T. ) ;
#1134 = ORIENTED_EDGE ( 'NONE', *, *, #190, .F. ) ;
#1135 = ORIENTED_EDGE ( 'NONE', *, *, #1439, .F. ) ;
#1136 = ORIENTED_EDGE ( 'NONE', *, *, #139, .T. ) ;
#1137 = ORIENTED_EDGE ( 'NONE', *, *, #1437, .T. ) ;
#1138 = ORIENTED_EDGE ( 'NONE', *, *, #158, .F. ) ;
#1139 = ORIENTED_EDGE ( 'NONE', *, *, #1437, .F. ) ;
#1140 = ORIENTED_EDGE ( 'NONE', *, *, #147, .T. ) ;
#1141 = ORIENTED_EDGE ( 'NONE', *, *, #1453, .T. ) ;
#1142 = ORIENTED_EDGE ( 'NONE', *, *, #165, .F. ) ;
#1143 = ORIENTED_EDGE ( 'NONE', *, *, #1453, .F. ) ;
#1144 = ORIENTED_EDGE ( 'NONE', *, *, #1386, .T. ) ;
#1145 = ORIENTED_EDGE ( 'NONE', *, *, #1432, .T. ) ;
#1146 = ORIENTED_EDGE ( 'NONE', *, *, #1376, .F. ) ;
#1147 = ORIENTED_EDGE ( 'NONE', *, *, #1448, .F. ) ;
#1148 = ORIENTED_EDGE ( 'NONE', *, *, #191, .T. ) ;
#1149 = ORIENTED_EDGE ( 'NONE', *, *, #1435, .T. ) ;
#1150 = ORIENTED_EDGE ( 'NONE', *, *, #1341, .F. ) ;
#1151 = ORIENTED_EDGE ( 'NONE', *, *, #1435, .F. ) ;
#1152 = ORIENTED_EDGE ( 'NONE', *, *, #203, .T. ) ;
#1153 = ORIENTED_EDGE ( 'NONE', *, *, #1446, .T. ) ;
#1154 = ORIENTED_EDGE ( 'NONE', *, *, #1370, .F. ) ;
#1155 = ORIENTED_EDGE ( 'NONE', *, *, #1446, .F. ) ;
#1156 = ORIENTED_EDGE ( 'NONE', *, *, #169, .T. ) ;
#1157 = ORIENTED_EDGE ( 'NONE', *, *, #1449, .T. ) ;
#1158 = ORIENTED_EDGE ( 'NONE', *, *, #1347, .F. ) ;
#1159 = ORIENTED_EDGE ( 'NONE', *, *, #1449, .F. ) ;
#1160 = ORIENTED_EDGE ( 'NONE', *, *, #159, .T. ) ;
#1161 = ORIENTED_EDGE ( 'NONE', *, *, #1448, .T. ) ;
#1162 = ORIENTED_EDGE ( 'NONE', *, *, #182, .F. ) ;
#1163 = ORIENTED_EDGE ( 'NONE', *, *, #1440, .F. ) ;
#1164 = ORIENTED_EDGE ( 'NONE', *, *, #1383, .T. ) ;
#1165 = ORIENTED_EDGE ( 'NONE', *, *, #1444, .T. ) ;
#1166 = ORIENTED_EDGE ( 'NONE', *, *, #189, .F. ) ;
#1167 = ORIENTED_EDGE ( 'NONE', *, *, #1444, .F. ) ;
#1168 = ORIENTED_EDGE ( 'NONE', *, *, #1388, .T. ) ;
#1169 = ORIENTED_EDGE ( 'NONE', *, *, #1447, .T. ) ;
#1170 = ORIENTED_EDGE ( 'NONE', *, *, #202, .F. ) ;
#1171 = ORIENTED_EDGE ( 'NONE', *, *, #1447, .F. ) ;
#1172 = ORIENTED_EDGE ( 'NONE', *, *, #1389, .T. ) ;
#1173 = ORIENTED_EDGE ( 'NONE', *, *, #1436, .T. ) ;
#1174 = ORIENTED_EDGE ( 'NONE', *, *, #192, .F. ) ;
#1175 = ORIENTED_EDGE ( 'NONE', *, *, #1436, .F. ) ;
#1176 = ORIENTED_EDGE ( 'NONE', *, *, #1390, .T. ) ;
#1177 = ORIENTED_EDGE ( 'NONE', *, *, #1440, .T. ) ;
#1178 = ORIENTED_EDGE ( 'NONE', *, *, #1457, .F. ) ;
#1179 = ORIENTED_EDGE ( 'NONE', *, *, #1451, .F. ) ;
#1180 = ORIENTED_EDGE ( 'NONE', *, *, #198, .T. ) ;
#1181 = ORIENTED_EDGE ( 'NONE', *, *, #1443, .T. ) ;
#1182 = ORIENTED_EDGE ( 'NONE', *, *, #1374, .F. ) ;
#1183 = ORIENTED_EDGE ( 'NONE', *, *, #1443, .F. ) ;
#1184 = ORIENTED_EDGE ( 'NONE', *, *, #197, .T. ) ;
#1185 = ORIENTED_EDGE ( 'NONE', *, *, #1454, .T. ) ;
#1186 = ORIENTED_EDGE ( 'NONE', *, *, #1339, .F. ) ;
#1187 = ORIENTED_EDGE ( 'NONE', *, *, #1454, .F. ) ;
#1188 = ORIENTED_EDGE ( 'NONE', *, *, #177, .T. ) ;
#1189 = ORIENTED_EDGE ( 'NONE', *, *, #1455, .T. ) ;
#1190 = ORIENTED_EDGE ( 'NONE', *, *, #1335, .F. ) ;
#1191 = ORIENTED_EDGE ( 'NONE', *, *, #1455, .F. ) ;
#1192 = ORIENTED_EDGE ( 'NONE', *, *, #161, .T. ) ;
#1193 = ORIENTED_EDGE ( 'NONE', *, *, #1451, .T. ) ;
#1194 = ORIENTED_EDGE ( 'NONE', *, *, #201, .F. ) ;
#1195 = ORIENTED_EDGE ( 'NONE', *, *, #1441, .F. ) ;
#1196 = ORIENTED_EDGE ( 'NONE', *, *, #1381, .T. ) ;
#1197 = ORIENTED_EDGE ( 'NONE', *, *, #1452, .T. ) ;
#1198 = ORIENTED_EDGE ( 'NONE', *, *, #149, .F. ) ;
#1199 = ORIENTED_EDGE ( 'NONE', *, *, #1452, .F. ) ;
#1200 = ORIENTED_EDGE ( 'NONE', *, *, #1387, .T. ) ;
#1201 = ORIENTED_EDGE ( 'NONE', *, *, #1442, .T. ) ;
#1202 = ORIENTED_EDGE ( 'NONE', *, *, #204, .F. ) ;
#1203 = ORIENTED_EDGE ( 'NONE', *, *, #1442, .F. ) ;
#1204 = ORIENTED_EDGE ( 'NONE', *, *, #1384, .T. ) ;
#1205 = ORIENTED_EDGE ( 'NONE', *, *, #1438, .T. ) ;
#1206 = ORIENTED_EDGE ( 'NONE', *, *, #157, .F. ) ;
#1207 = ORIENTED_EDGE ( 'NONE', *, *, #1438, .F. ) ;
#1208 = ORIENTED_EDGE ( 'NONE', *, *, #1382, .T. ) ;
#1209 = ORIENTED_EDGE ( 'NONE', *, *, #1441, .T. ) ;
#1210 = ORIENTED_EDGE ( 'NONE', *, *, #1337, .F. ) ;
#1211 = ORIENTED_EDGE ( 'NONE', *, *, #1450, .F. ) ;
#1212 = ORIENTED_EDGE ( 'NONE', *, *, #194, .T. ) ;
#1213 = ORIENTED_EDGE ( 'NONE', *, *, #1430, .T. ) ;
#1214 = ORIENTED_EDGE ( 'NONE', *, *, #1362, .F. ) ;
#1215 = ORIENTED_EDGE ( 'NONE', *, *, #1430, .F. ) ;
#1216 = ORIENTED_EDGE ( 'NONE', *, *, #184, .T. ) ;
#1217 = ORIENTED_EDGE ( 'NONE', *, *, #1445, .T. ) ;
#1218 = ORIENTED_EDGE ( 'NONE', *, *, #1361, .F. ) ;
#1219 = ORIENTED_EDGE ( 'NONE', *, *, #1445, .F. ) ;
#1220 = ORIENTED_EDGE ( 'NONE', *, *, #160, .T. ) ;
#1221 = ORIENTED_EDGE ( 'NONE', *, *, #1434, .T. ) ;
#1222 = ORIENTED_EDGE ( 'NONE', *, *, #1333, .F. ) ;
#1223 = ORIENTED_EDGE ( 'NONE', *, *, #1434, .F. ) ;
#1224 = ORIENTED_EDGE ( 'NONE', *, *, #155, .T. ) ;
#1225 = ORIENTED_EDGE ( 'NONE', *, *, #1450, .T. ) ;
#1226 = LINE ( 'NONE', #976, #1233 ) ;
#1227 = LINE ( 'NONE', #877, #1228 ) ;
#1228 = VECTOR ( 'NONE', #795, 1000.000000000000000 ) ;
#1229 = LINE ( 'NONE', #1021, #1237 ) ;
#1230 = LINE ( 'NONE', #793, #1232 ) ;
#1231 = LINE ( 'NONE', #837, #1235 ) ;
#1232 = VECTOR ( 'NONE', #740, 1000.000000000000000 ) ;
#1233 = VECTOR ( 'NONE', #796, 1000.000000000000000 ) ;
#1234 = LINE ( 'NONE', #956, #1241 ) ;
#1235 = VECTOR ( 'NONE', #885, 1000.000000000000000 ) ;
#1236 = LINE ( 'NONE', #880, #1239 ) ;
#1237 = VECTOR ( 'NONE', #815, 1000.000000000000000 ) ;
#1238 = LINE ( 'NONE', #866, #1243 ) ;
#1239 = VECTOR ( 'NONE', #727, 1000.000000000000000 ) ;
#1240 = CIRCLE ( 'NONE', #206, 12.89275956046587300 ) ;
#1241 = VECTOR ( 'NONE', #848, 1000.000000000000000 ) ;
#1242 = LINE ( 'NONE', #724, #1246 ) ;
#1243 = VECTOR ( 'NONE', #849, 1000.000000000000000 ) ;
#1244 = LINE ( 'NONE', #888, #1258 ) ;
#1245 = LINE ( 'NONE', #825, #1248 ) ;
#1246 = VECTOR ( 'NONE', #961, 1000.000000000000000 ) ;
#1247 = LINE ( 'NONE', #1036, #1250 ) ;
#1248 = VECTOR ( 'NONE', #781, 1000.000000000000000 ) ;
#1249 = LINE ( 'NONE', #1028, #1252 ) ;
#1250 = VECTOR ( 'NONE', #932, 1000.000000000000000 ) ;
#1251 = LINE ( 'NONE', #843, #1254 ) ;
#1252 = VECTOR ( 'NONE', #733, 1000.000000000000100 ) ;
#1253 = LINE ( 'NONE', #845, #1256 ) ;
#1254 = VECTOR ( 'NONE', #782, 1000.000000000000100 ) ;
#1255 = LINE ( 'NONE', #934, #1260 ) ;
#1256 = VECTOR ( 'NONE', #872, 999.9999999999998900 ) ;
#1257 = LINE ( 'NONE', #1016, #1264 ) ;
#1258 = VECTOR ( 'NONE', #741, 1000.000000000000000 ) ;
#1259 = LINE ( 'NONE', #832, #1262 ) ;
#1260 = VECTOR ( 'NONE', #977, 1000.000000000000200 ) ;
#1261 = LINE ( 'NONE', #840, #1266 ) ;
#1262 = VECTOR ( 'NONE', #929, 1000.000000000000200 ) ;
#1263 = CIRCLE ( 'NONE', #209, 6.892759560465922400 ) ;
#1264 = VECTOR ( 'NONE', #1003, 1000.000000000000000 ) ;
#1265 = CIRCLE ( 'NONE', #207, 12.89275956046584400 ) ;
#1266 = VECTOR ( 'NONE', #1015, 1000.000000000000100 ) ;
#1267 = LINE ( 'NONE', #735, #1269 ) ;
#1268 = CIRCLE ( 'NONE', #208, 6.892759560465922400 ) ;
#1269 = VECTOR ( 'NONE', #890, 1000.000000000000200 ) ;
#1270 = LINE ( 'NONE', #891, #1273 ) ;
#1271 = LINE ( 'NONE', #945, #1275 ) ;
#1272 = LINE ( 'NONE', #894, #1279 ) ;
#1273 = VECTOR ( 'NONE', #1020, 1000.000000000000100 ) ;
#1274 = LINE ( 'NONE', #1001, #1277 ) ;
#1275 = VECTOR ( 'NONE', #730, 1000.000000000000100 ) ;
#1276 = CIRCLE ( 'NONE', #210, 6.892759560465810500 ) ;
#1277 = VECTOR ( 'NONE', #749, 1000.000000000000000 ) ;
#1278 = LINE ( 'NONE', #1019, #1281 ) ;
#1279 = VECTOR ( 'NONE', #874, 999.9999999999998900 ) ;
#1280 = LINE ( 'NONE', #1033, #1283 ) ;
#1281 = VECTOR ( 'NONE', #995, 1000.000000000000000 ) ;
#1282 = LINE ( 'NONE', #951, #1285 ) ;
#1283 = VECTOR ( 'NONE', #994, 1000.000000000000100 ) ;
#1284 = LINE ( 'NONE', #852, #1288 ) ;
#1285 = VECTOR ( 'NONE', #850, 1000.000000000000200 ) ;
#1286 = LINE ( 'NONE', #989, #1291 ) ;
#1287 = CIRCLE ( 'NONE', #211, 6.892759560465922400 ) ;
#1288 = VECTOR ( 'NONE', #767, 1000.000000000000000 ) ;
#1289 = LINE ( 'NONE', #911, #1293 ) ;
#1290 = LINE ( 'NONE', #899, #1295 ) ;
#1291 = VECTOR ( 'NONE', #960, 1000.000000000000100 ) ;
#1292 = LINE ( 'NONE', #1035, #1297 ) ;
#1293 = VECTOR ( 'NONE', #876, 1000.000000000000100 ) ;
#1294 = LINE ( 'NONE', #738, #1307 ) ;
#1295 = VECTOR ( 'NONE', #763, 1000.000000000000000 ) ;
#1296 = LINE ( 'NONE', #996, #1299 ) ;
#1297 = VECTOR ( 'NONE', #827, 1000.000000000000100 ) ;
#1298 = LINE ( 'NONE', #860, #1301 ) ;
#1299 = VECTOR ( 'NONE', #897, 1000.000000000000100 ) ;
#1300 = LINE ( 'NONE', #774, #1303 ) ;
#1301 = VECTOR ( 'NONE', #930, 1000.000000000000100 ) ;
#1302 = CIRCLE ( 'NONE', #212, 6.892759560465922400 ) ;
#1303 = VECTOR ( 'NONE', #744, 1000.000000000000000 ) ;
#1304 = CIRCLE ( 'NONE', #213, 6.892759560465922400 ) ;
#1305 = LINE ( 'NONE', #814, #1311 ) ;
#1306 = LINE ( 'NONE', #940, #1309 ) ;
#1307 = VECTOR ( 'NONE', #985, 1000.000000000000100 ) ;
#1308 = LINE ( 'NONE', #1022, #1317 ) ;
#1309 = VECTOR ( 'NONE', #958, 1000.000000000000200 ) ;
#1310 = LINE ( 'NONE', #910, #1313 ) ;
#1311 = VECTOR ( 'NONE', #922, 1000.000000000000000 ) ;
#1312 = LINE ( 'NONE', #838, #1315 ) ;
#1313 = VECTOR ( 'NONE', #842, 1000.000000000000000 ) ;
#1314 = LINE ( 'NONE', #805, #1325 ) ;
#1315 = VECTOR ( 'NONE', #902, 1000.000000000000000 ) ;
#1316 = CIRCLE ( 'NONE', #214, 12.89275956046581600 ) ;
#1317 = VECTOR ( 'NONE', #751, 1000.000000000000100 ) ;
#1318 = CIRCLE ( 'NONE', #215, 12.89275956046587300 ) ;
#1319 = LINE ( 'NONE', #986, #1321 ) ;
#1320 = LINE ( 'NONE', #836, #1323 ) ;
#1321 = VECTOR ( 'NONE', #812, 1000.000000000000100 ) ;
#1322 = LINE ( 'NONE', #759, #1327 ) ;
#1323 = VECTOR ( 'NONE', #847, 1000.000000000000200 ) ;
#1324 = FACE_OUTER_BOUND ( 'NONE', #1650, .T. ) ;
#1325 = VECTOR ( 'NONE', #904, 1000.000000000000000 ) ;
#1326 = CIRCLE ( 'NONE', #216, 12.89275956046581600 ) ;
#1327 = VECTOR ( 'NONE', #879, 1000.000000000000000 ) ;
#1328 = LINE ( 'NONE', #892, #12 ) ;
#1329 = FACE_OUTER_BOUND ( 'NONE', #1641, .T. ) ;
#1330 = ORIENTED_EDGE ( 'NONE', *, *, #1404, .F. ) ;
#1331 = ORIENTED_EDGE ( 'NONE', *, *, #1375, .T. ) ;
#1332 = EDGE_CURVE ( 'NONE', #1080, #1104, #461, .T. ) ;
#1333 = EDGE_CURVE ( 'NONE', #1791, #5, #463, .T. ) ;
#1334 = EDGE_CURVE ( 'NONE', #1806, #1805, #462, .T. ) ;
#1335 = EDGE_CURVE ( 'NONE', #1071, #9, #459, .T. ) ;
#1336 = EDGE_CURVE ( 'NONE', #1062, #1061, #454, .T. ) ;
#1337 = EDGE_CURVE ( 'NONE', #5, #8, #457, .T. ) ;
#1338 = EDGE_CURVE ( 'NONE', #1068, #1790, #465, .T. ) ;
#1339 = EDGE_CURVE ( 'NONE', #3, #1071, #464, .T. ) ;
#1340 = EDGE_CURVE ( 'NONE', #1106, #1105, #468, .T. ) ;
#1341 = EDGE_CURVE ( 'NONE', #1798, #1799, #466, .T. ) ;
#1342 = EDGE_CURVE ( 'NONE', #1096, #1076, #470, .T. ) ;
#1343 = EDGE_CURVE ( 'NONE', #1040, #1039, #471, .T. ) ;
#1344 = EDGE_CURVE ( 'NONE', #1794, #1795, #473, .T. ) ;
#1345 = EDGE_CURVE ( 'NONE', #1060, #1042, #475, .T. ) ;
#1346 = EDGE_CURVE ( 'NONE', #1101, #1102, #477, .T. ) ;
#1347 = EDGE_CURVE ( 'NONE', #1069, #1797, #479, .T. ) ;
#1348 = EDGE_CURVE ( 'NONE', #1041, #1040, #481, .T. ) ;
#1349 = EDGE_CURVE ( 'NONE', #1102, #1072, #478, .T. ) ;
#1350 = EDGE_CURVE ( 'NONE', #1067, #1066, #484, .T. ) ;
#1351 = EDGE_CURVE ( 'NONE', #1105, #1100, #486, .T. ) ;
#1352 = EDGE_CURVE ( 'NONE', #1792, #1793, #483, .T. ) ;
#1353 = EDGE_CURVE ( 'NONE', #1066, #1065, #490, .T. ) ;
#1354 = EDGE_CURVE ( 'NONE', #1805, #1804, #488, .T. ) ;
#1355 = EDGE_CURVE ( 'NONE', #1803, #1802, #492, .T. ) ;
#1356 = EDGE_CURVE ( 'NONE', #1076, #1103, #496, .T. ) ;
#1357 = EDGE_CURVE ( 'NONE', #1801, #1800, #494, .T. ) ;
#1358 = EDGE_CURVE ( 'NONE', #1039, #1038, #498, .T. ) ;
#1359 = EDGE_CURVE ( 'NONE', #1038, #1806, #500, .T. ) ;
#1360 = EDGE_CURVE ( 'NONE', #1800, #1107, #502, .T. ) ;
#1361 = EDGE_CURVE ( 'NONE', #16, #1791, #503, .T. ) ;
#1362 = EDGE_CURVE ( 'NONE', #8, #16, #506, .T. ) ;
#1363 = EDGE_CURVE ( 'NONE', #1100, #1080, #508, .T. ) ;
#1364 = EDGE_CURVE ( 'NONE', #1042, #1041, #505, .T. ) ;
#1365 = EDGE_CURVE ( 'NONE', #1790, #1792, #510, .T. ) ;
#1366 = EDGE_CURVE ( 'NONE', #1802, #1801, #513, .T. ) ;
#1367 = EDGE_CURVE ( 'NONE', #1064, #1063, #511, .T. ) ;
#1368 = EDGE_CURVE ( 'NONE', #1804, #1803, #515, .T. ) ;
#1369 = EDGE_CURVE ( 'NONE', #1795, #1796, #514, .T. ) ;
#1370 = EDGE_CURVE ( 'NONE', #1799, #1069, #518, .T. ) ;
#1371 = EDGE_CURVE ( 'NONE', #1104, #1096, #520, .T. ) ;
#1372 = EDGE_CURVE ( 'NONE', #1065, #1064, #516, .T. ) ;
#1373 = EDGE_CURVE ( 'NONE', #1061, #1060, #522, .T. ) ;
#1374 = EDGE_CURVE ( 'NONE', #4, #3, #525, .T. ) ;
#1375 = EDGE_CURVE ( 'NONE', #1107, #1106, #527, .T. ) ;
#1376 = EDGE_CURVE ( 'NONE', #1797, #1798, #523, .T. ) ;
#1377 = EDGE_CURVE ( 'NONE', #1796, #1070, #531, .T. ) ;
#1378 = EDGE_CURVE ( 'NONE', #1070, #1794, #532, .T. ) ;
#1379 = EDGE_CURVE ( 'NONE', #1063, #1062, #534, .T. ) ;
#1380 = EDGE_CURVE ( 'NONE', #1103, #1067, #529, .T. ) ;
#1381 = EDGE_CURVE ( 'NONE', #1742, #1744, #536, .T. ) ;
#1382 = EDGE_CURVE ( 'NONE', #13, #1742, #538, .T. ) ;
#1383 = EDGE_CURVE ( 'NONE', #14, #1748, #540, .T. ) ;
#1384 = EDGE_CURVE ( 'NONE', #1745, #13, #542, .T. ) ;
#1385 = EDGE_CURVE ( 'NONE', #1746, #1752, #544, .T. ) ;
#1386 = EDGE_CURVE ( 'NONE', #1747, #1746, #546, .T. ) ;
#1387 = EDGE_CURVE ( 'NONE', #1744, #1745, #547, .T. ) ;
#1388 = EDGE_CURVE ( 'NONE', #1748, #1749, #549, .T. ) ;
#1389 = EDGE_CURVE ( 'NONE', #1749, #1743, #551, .T. ) ;
#1390 = EDGE_CURVE ( 'NONE', #1743, #14, #553, .T. ) ;
#1391 = EDGE_CURVE ( 'NONE', #1731, #1732, #555, .T. ) ;
#1392 = EDGE_CURVE ( 'NONE', #1049, #1048, #558, .T. ) ;
#1393 = EDGE_CURVE ( 'NONE', #1735, #1736, #556, .T. ) ;
#1394 = EDGE_CURVE ( 'NONE', #1750, #1050, #561, .T. ) ;
#1395 = EDGE_CURVE ( 'NONE', #1053, #1068, #560, .T. ) ;
#1396 = EDGE_CURVE ( 'NONE', #1757, #1792, #564, .T. ) ;
#1397 = EDGE_CURVE ( 'NONE', #1739, #1041, #566, .T. ) ;
#1398 = EDGE_CURVE ( 'NONE', #1754, #1080, #568, .T. ) ;
#1399 = EDGE_CURVE ( 'NONE', #1084, #1038, #570, .T. ) ;
#1400 = EDGE_CURVE ( 'NONE', #1049, #1072, #572, .T. ) ;
#1401 = EDGE_CURVE ( 'NONE', #1755, #1104, #574, .T. ) ;
#1402 = EDGE_CURVE ( 'NONE', #1731, #1066, #576, .T. ) ;
#1403 = EDGE_CURVE ( 'NONE', #1052, #1076, #578, .T. ) ;
#1404 = EDGE_CURVE ( 'NONE', #1093, #1106, #580, .T. ) ;
#1405 = EDGE_CURVE ( 'NONE', #1095, #1100, #582, .T. ) ;
#1406 = EDGE_CURVE ( 'NONE', #1094, #1105, #584, .T. ) ;
#1407 = EDGE_CURVE ( 'NONE', #1090, #1801, #586, .T. ) ;
#1408 = EDGE_CURVE ( 'NONE', #1740, #1040, #588, .T. ) ;
#1409 = EDGE_CURVE ( 'NONE', #1087, #1804, #590, .T. ) ;
#1410 = EDGE_CURVE ( 'NONE', #1732, #1065, #592, .T. ) ;
#1411 = EDGE_CURVE ( 'NONE', #1048, #1099, #594, .T. ) ;
#1412 = EDGE_CURVE ( 'NONE', #1750, #1083, #596, .T. ) ;
#1413 = EDGE_CURVE ( 'NONE', #1738, #1042, #598, .T. ) ;
#1414 = EDGE_CURVE ( 'NONE', #1057, #1790, #600, .T. ) ;
#1415 = EDGE_CURVE ( 'NONE', #1092, #1107, #602, .T. ) ;
#1416 = EDGE_CURVE ( 'NONE', #1050, #1097, #604, .T. ) ;
#1417 = EDGE_CURVE ( 'NONE', #1055, #1102, #606, .T. ) ;
#1418 = EDGE_CURVE ( 'NONE', #1737, #1060, #608, .T. ) ;
#1419 = EDGE_CURVE ( 'NONE', #1734, #1063, #610, .T. ) ;
#1420 = EDGE_CURVE ( 'NONE', #1086, #1805, #612, .T. ) ;
#1421 = EDGE_CURVE ( 'NONE', #1761, #1795, #614, .T. ) ;
#1422 = EDGE_CURVE ( 'NONE', #1735, #1062, #616, .T. ) ;
#1423 = EDGE_CURVE ( 'NONE', #1091, #1800, #618, .T. ) ;
#1424 = EDGE_CURVE ( 'NONE', #1756, #1096, #620, .T. ) ;
#1425 = EDGE_CURVE ( 'NONE', #1741, #1039, #622, .T. ) ;
#1426 = EDGE_CURVE ( 'NONE', #1085, #1806, #624, .T. ) ;
#1427 = EDGE_CURVE ( 'NONE', #1058, #1103, #626, .T. ) ;
#1428 = EDGE_CURVE ( 'NONE', #1751, #1789, #628, .T. ) ;
#1429 = EDGE_CURVE ( 'NONE', #1089, #1802, #630, .T. ) ;
#1430 = EDGE_CURVE ( 'NONE', #1785, #8, #632, .T. ) ;
#1431 = EDGE_CURVE ( 'NONE', #1056, #1070, #634, .T. ) ;
#1432 = EDGE_CURVE ( 'NONE', #1746, #1079, #636, .T. ) ;
#1433 = EDGE_CURVE ( 'NONE', #1762, #1796, #638, .T. ) ;
#1434 = EDGE_CURVE ( 'NONE', #1780, #1791, #640, .T. ) ;
#1435 = EDGE_CURVE ( 'NONE', #1765, #1798, #642, .T. ) ;
#1436 = EDGE_CURVE ( 'NONE', #1743, #1783, #644, .T. ) ;
#1437 = EDGE_CURVE ( 'NONE', #1753, #1082, #646, .T. ) ;
#1438 = EDGE_CURVE ( 'NONE', #13, #1784, #648, .T. ) ;
#1439 = EDGE_CURVE ( 'NONE', #1752, #1081, #650, .T. ) ;
#1440 = EDGE_CURVE ( 'NONE', #14, #1075, #652, .T. ) ;
#1441 = EDGE_CURVE ( 'NONE', #1742, #1788, #654, .T. ) ;
#1442 = EDGE_CURVE ( 'NONE', #1745, #1074, #656, .T. ) ;
#1443 = EDGE_CURVE ( 'NONE', #1781, #4, #658, .T. ) ;
#1444 = EDGE_CURVE ( 'NONE', #1748, #1077, #660, .T. ) ;
#1445 = EDGE_CURVE ( 'NONE', #1786, #16, #662, .T. ) ;
#1446 = EDGE_CURVE ( 'NONE', #1778, #1799, #664, .T. ) ;
#1447 = EDGE_CURVE ( 'NONE', #1749, #1078, #666, .T. ) ;
#1448 = EDGE_CURVE ( 'NONE', #1759, #1797, #668, .T. ) ;
#1449 = EDGE_CURVE ( 'NONE', #1760, #1069, #670, .T. ) ;
#1450 = EDGE_CURVE ( 'NONE', #1779, #5, #672, .T. ) ;
#1451 = EDGE_CURVE ( 'NONE', #1763, #9, #674, .T. ) ;
#1452 = EDGE_CURVE ( 'NONE', #1744, #1073, #676, .T. ) ;
#1453 = EDGE_CURVE ( 'NONE', #1747, #1787, #678, .T. ) ;
#1454 = EDGE_CURVE ( 'NONE', #1782, #3, #680, .T. ) ;
#1455 = EDGE_CURVE ( 'NONE', #1764, #1071, #682, .T. ) ;
#1456 = EDGE_CURVE ( 'NONE', #1793, #1068, #684, .T. ) ;
#1457 = EDGE_CURVE ( 'NONE', #9, #4, #686, .T. ) ;
#1458 = DIRECTION ( 'NONE',  ( 0.9661835748792284600, -0.2578551912093185500, 0.0000000000000000000 ) ) ;
#1459 = PLANE ( 'NONE',  #1937 ) ;
#1460 = CARTESIAN_POINT ( 'NONE',  ( 343.2410907273990700, 3.406904695806730400, 10.00000000000000000 ) ) ;
#1461 = DIRECTION ( 'NONE',  ( -0.2578551912093158800, -0.9661835748792292300, 0.0000000000000000000 ) ) ;
#1462 = PLANE ( 'NONE',  #1935 ) ;
#1463 = DIRECTION ( 'NONE',  ( 0.9661835748792292300, -0.2578551912093158800, 0.0000000000000000000 ) ) ;
#1464 = APPLICATION_CONTEXT ( 'configuration controlled 3d designs of mechanical parts and assemblies' ) ;
#1465 =( NAMED_UNIT ( * ) SI_UNIT ( $, .STERADIAN. ) SOLID_ANGLE_UNIT ( ) );
#1466 = DIRECTION ( 'NONE',  ( 0.2578551912093183800, -0.9661835748792285700, 0.0000000000000000000 ) ) ;
#1467 = DATE_TIME_ROLE ( 'creation_date' ) ;
#1468 = DIRECTION ( 'NONE',  ( 0.9661835748792285700, 0.2578551912093183800, 0.0000000000000000000 ) ) ;
#1469 = MECHANICAL_CONTEXT ( 'NONE', #1477, 'mechanical' ) ;
#1470 = APPROVAL_ROLE ( '' ) ;
#1471 = DIRECTION ( 'NONE',  ( 0.9661835748792285700, 0.2578551912093183800, 0.0000000000000000000 ) ) ;
#1472 = DIRECTION ( 'NONE',  ( 0.0000000000000000000, 0.0000000000000000000, 1.000000000000000000 ) ) ;
#1473 = APPLICATION_PROTOCOL_DEFINITION ( 'international standard', 'config_control_design', 1994, #1477 ) ;
#1474 = DIRECTION ( 'NONE',  ( 1.000000000000000000, 0.0000000000000000000, 0.0000000000000000000 ) ) ;
#1475 = CARTESIAN_POINT ( 'NONE',  ( 0.0000000000000000000, 0.0000000000000000000, 0.0000000000000000000 ) ) ;
#1476 = PERSON_AND_ORGANIZATION_ROLE ( 'creator' ) ;
#1477 = APPLICATION_CONTEXT ( 'configuration controlled 3d designs of mechanical parts and assemblies' ) ;
#1478 = APPROVAL_STATUS ( 'not_yet_approved' ) ;
#1479 = DIRECTION ( 'NONE',  ( -0.9661835748792284600, -0.2578551912093186000, 0.0000000000000000000 ) ) ;
#1480 = DATE_TIME_ROLE ( 'classification_date' ) ;
#1481 = CARTESIAN_POINT ( 'NONE',  ( 256.4226589628916000, 14.37900614508208000, 10.00000000000000000 ) ) ;
#1482 = SECURITY_CLASSIFICATION_LEVEL ( 'unclassified' ) ;
#1483 = PERSON_AND_ORGANIZATION_ROLE ( 'classification_officer' ) ;
#1484 = DIRECTION ( 'NONE',  ( -0.9661835748792289000, 0.2578551912093170500, 0.0000000000000000000 ) ) ;
#1485 = PERSON_AND_ORGANIZATION_ROLE ( 'design_owner' ) ;
#1486 = APPROVAL_ROLE ( '' ) ;
#1487 = DIRECTION ( 'NONE',  ( 0.2578551912093183800, -0.9661835748792285700, 0.0000000000000000000 ) ) ;
#1488 = APPROVAL_STATUS ( 'not_yet_approved' ) ;
#1489 = APPLICATION_PROTOCOL_DEFINITION ( 'international standard', 'config_control_design', 1994, #1464 ) ;
#1490 =( LENGTH_UNIT ( ) NAMED_UNIT ( * ) SI_UNIT ( .MILLI., .METRE. ) );
#1491 =( NAMED_UNIT ( * ) PLANE_ANGLE_UNIT ( ) SI_UNIT ( $, .RADIAN. ) );
#1492 = CARTESIAN_POINT ( 'NONE',  ( 543.2410907273990700, 3.406904695806730400, 10.00000000000000000 ) ) ;
#1493 = DIRECTION ( 'NONE',  ( -1.000000000000000000, 0.0000000000000000000, 0.0000000000000000000 ) ) ;
#1494 = PLANE ( 'NONE',  #1942 ) ;
#1495 = DIRECTION ( 'NONE',  ( -0.2578551912093186000, 0.9661835748792284600, 0.0000000000000000000 ) ) ;
#1496 = DIRECTION ( 'NONE',  ( 0.2578551912093170500, 0.9661835748792289000, -0.0000000000000000000 ) ) ;
#1497 = CARTESIAN_POINT ( 'NONE',  ( 239.6864230585514700, -9.912437450020958000, 10.00000000000000000 ) ) ;
#1498 = DIRECTION ( 'NONE',  ( -0.2578551912093185500, -0.9661835748792284600, 0.0000000000000000000 ) ) ;
#1499 = PLANE ( 'NONE',  #1936 ) ;
#1500 = APPROVAL_STATUS ( 'not_yet_approved' ) ;
#1501 = APPROVAL_ROLE ( '' ) ;
#1502 = CARTESIAN_POINT ( 'NONE',  ( 233.1537847864183000, 6.099006145082124200, 10.00000000000000000 ) ) ;
#1503 = PLANE ( 'NONE',  #1938 ) ;
#1504 = PERSON_AND_ORGANIZATION_ROLE ( 'design_supplier' ) ;
#1505 = DIRECTION ( 'NONE',  ( 0.2578551912093173200, -0.9661835748792289000, 0.0000000000000000000 ) ) ;
#1506 = DIRECTION ( 'NONE',  ( 0.9661835748792287900, 0.2578551912093172700, 0.0000000000000000000 ) ) ;
#1507 = DIRECTION ( 'NONE',  ( -0.0000000000000000000, -0.0000000000000000000, -1.000000000000000000 ) ) ;
#1508 = PLANE ( 'NONE',  #1940 ) ;
#1509 = CARTESIAN_POINT ( 'NONE',  ( 491.4637568929752500, 16.59677252218922000, 10.00000000000000000 ) ) ;
#1510 = CARTESIAN_POINT ( 'NONE',  ( 456.4226589628916600, 14.37900614508208000, 10.00000000000000000 ) ) ;
#1511 = CARTESIAN_POINT ( 'NONE',  ( 293.2410907273990100, 9.937101449275171900, 10.00000000000000000 ) ) ;
#1512 = PERSON_AND_ORGANIZATION_ROLE ( 'creator' ) ;
#1513 = PERSON ( 'UNSPECIFIED', 'UNSPECIFIED', 'UNSPECIFIED', ('UNSPECIFIED'), ('UNSPECIFIED'), ('UNSPECIFIED') ) ;
#1514 = ORIENTED_EDGE ( 'NONE', *, *, #170, .F. ) ;
#1515 = ORIENTED_EDGE ( 'NONE', *, *, #1340, .T. ) ;
#1516 = ORIENTED_EDGE ( 'NONE', *, *, #1406, .F. ) ;
#1517 = ORIENTED_EDGE ( 'NONE', *, *, #180, .F. ) ;
#1518 = ORIENTED_EDGE ( 'NONE', *, *, #1404, .T. ) ;
#1519 = ORIENTED_EDGE ( 'NONE', *, *, #1351, .T. ) ;
#1520 = ORIENTED_EDGE ( 'NONE', *, *, #1405, .F. ) ;
#1521 = ORIENTED_EDGE ( 'NONE', *, *, #150, .F. ) ;
#1522 = ORIENTED_EDGE ( 'NONE', *, *, #1406, .T. ) ;
#1523 = ORIENTED_EDGE ( 'NONE', *, *, #1363, .T. ) ;
#1524 = ORIENTED_EDGE ( 'NONE', *, *, #1398, .F. ) ;
#1525 = ORIENTED_EDGE ( 'NONE', *, *, #174, .F. ) ;
#1526 = ORIENTED_EDGE ( 'NONE', *, *, #1405, .T. ) ;
#1527 = ORIENTED_EDGE ( 'NONE', *, *, #1332, .T. ) ;
#1528 = ORIENTED_EDGE ( 'NONE', *, *, #1401, .F. ) ;
#1529 = ORIENTED_EDGE ( 'NONE', *, *, #176, .F. ) ;
#1530 = ORIENTED_EDGE ( 'NONE', *, *, #1398, .T. ) ;
#1531 = ORIENTED_EDGE ( 'NONE', *, *, #1371, .T. ) ;
#1532 = ORIENTED_EDGE ( 'NONE', *, *, #1424, .F. ) ;
#1533 = ORIENTED_EDGE ( 'NONE', *, *, #199, .F. ) ;
#1534 = ORIENTED_EDGE ( 'NONE', *, *, #1401, .T. ) ;
#1535 = ORIENTED_EDGE ( 'NONE', *, *, #1342, .T. ) ;
#1536 = ORIENTED_EDGE ( 'NONE', *, *, #1403, .F. ) ;
#1537 = ORIENTED_EDGE ( 'NONE', *, *, #205, .F. ) ;
#1538 = ORIENTED_EDGE ( 'NONE', *, *, #1424, .T. ) ;
#1539 = ORIENTED_EDGE ( 'NONE', *, *, #173, .F. ) ;
#1540 = ORIENTED_EDGE ( 'NONE', *, *, #1411, .F. ) ;
#1541 = ORIENTED_EDGE ( 'NONE', *, *, #137, .T. ) ;
#1542 = ORIENTED_EDGE ( 'NONE', *, *, #1, .T. ) ;
#1543 = ORIENTED_EDGE ( 'NONE', *, *, #1346, .F. ) ;
#1544 = ORIENTED_EDGE ( 'NONE', *, *, #1, .F. ) ;
#1545 = ORIENTED_EDGE ( 'NONE', *, *, #142, .T. ) ;
#1546 = ORIENTED_EDGE ( 'NONE', *, *, #1417, .T. ) ;
#1547 = ORIENTED_EDGE ( 'NONE', *, *, #1349, .F. ) ;
#1548 = ORIENTED_EDGE ( 'NONE', *, *, #1417, .F. ) ;
#1549 = ORIENTED_EDGE ( 'NONE', *, *, #143, .T. ) ;
#1550 = ORIENTED_EDGE ( 'NONE', *, *, #1400, .T. ) ;
#1551 = ORIENTED_EDGE ( 'NONE', *, *, #167, .F. ) ;
#1552 = ORIENTED_EDGE ( 'NONE', *, *, #1400, .F. ) ;
#1553 = ORIENTED_EDGE ( 'NONE', *, *, #1392, .T. ) ;
#1554 = ORIENTED_EDGE ( 'NONE', *, *, #1411, .T. ) ;
#1555 = ORIENTED_EDGE ( 'NONE', *, *, #1365, .F. ) ;
#1556 = ORIENTED_EDGE ( 'NONE', *, *, #1414, .F. ) ;
#1557 = ORIENTED_EDGE ( 'NONE', *, *, #183, .T. ) ;
#1558 = ORIENTED_EDGE ( 'NONE', *, *, #1396, .T. ) ;
#1559 = ORIENTED_EDGE ( 'NONE', *, *, #1352, .F. ) ;
#1560 = ORIENTED_EDGE ( 'NONE', *, *, #1396, .F. ) ;
#1561 = ORIENTED_EDGE ( 'NONE', *, *, #164, .T. ) ;
#1562 = ORIENTED_EDGE ( 'NONE', *, *, #130, .T. ) ;
#1563 = ORIENTED_EDGE ( 'NONE', *, *, #1456, .F. ) ;
#1564 = ORIENTED_EDGE ( 'NONE', *, *, #130, .F. ) ;
#1565 = ORIENTED_EDGE ( 'NONE', *, *, #181, .T. ) ;
#1566 = ORIENTED_EDGE ( 'NONE', *, *, #1395, .T. ) ;
#1567 = ORIENTED_EDGE ( 'NONE', *, *, #1338, .F. ) ;
#1568 = ORIENTED_EDGE ( 'NONE', *, *, #1395, .F. ) ;
#1569 = ORIENTED_EDGE ( 'NONE', *, *, #178, .T. ) ;
#1570 = ORIENTED_EDGE ( 'NONE', *, *, #1414, .T. ) ;
#1571 = ORIENTED_EDGE ( 'NONE', *, *, #163, .F. ) ;
#1572 = ORIENTED_EDGE ( 'NONE', *, *, #1412, .F. ) ;
#1573 = ORIENTED_EDGE ( 'NONE', *, *, #1394, .T. ) ;
#1574 = ORIENTED_EDGE ( 'NONE', *, *, #1416, .T. ) ;
#1575 = ORIENTED_EDGE ( 'NONE', *, *, #154, .F. ) ;
#1576 = ORIENTED_EDGE ( 'NONE', *, *, #1416, .F. ) ;
#1577 = ORIENTED_EDGE ( 'NONE', *, *, #138, .T. ) ;
#1578 = ORIENTED_EDGE ( 'NONE', *, *, #73, .T. ) ;
#1579 = ORIENTED_EDGE ( 'NONE', *, *, #166, .F. ) ;
#1580 = ORIENTED_EDGE ( 'NONE', *, *, #73, .F. ) ;
#1581 = ORIENTED_EDGE ( 'NONE', *, *, #148, .T. ) ;
#1582 = ORIENTED_EDGE ( 'NONE', *, *, #1428, .T. ) ;
#1583 = ORIENTED_EDGE ( 'NONE', *, *, #151, .F. ) ;
#1584 = ORIENTED_EDGE ( 'NONE', *, *, #1428, .F. ) ;
#1585 = ORIENTED_EDGE ( 'NONE', *, *, #140, .T. ) ;
#1586 = ORIENTED_EDGE ( 'NONE', *, *, #1412, .T. ) ;
#1587 = ORIENTED_EDGE ( 'NONE', *, *, #192, .T. ) ;
#1588 = ORIENTED_EDGE ( 'NONE', *, *, #149, .T. ) ;
#1589 = ORIENTED_EDGE ( 'NONE', *, *, #204, .T. ) ;
#1590 = ORIENTED_EDGE ( 'NONE', *, *, #1390, .F. ) ;
#1591 = ORIENTED_EDGE ( 'NONE', *, *, #142, .F. ) ;
#1592 = ORIENTED_EDGE ( 'NONE', *, *, #1388, .F. ) ;
#1593 = ORIENTED_EDGE ( 'NONE', *, *, #137, .F. ) ;
#1594 = ORIENTED_EDGE ( 'NONE', *, *, #1386, .F. ) ;
#1595 = ORIENTED_EDGE ( 'NONE', *, *, #138, .F. ) ;
#1596 = ORIENTED_EDGE ( 'NONE', *, *, #1385, .F. ) ;
#1597 = ORIENTED_EDGE ( 'NONE', *, *, #145, .T. ) ;
#1598 = ORIENTED_EDGE ( 'NONE', *, *, #1389, .F. ) ;
#1599 = ORIENTED_EDGE ( 'NONE', *, *, #148, .F. ) ;
#1600 = ORIENTED_EDGE ( 'NONE', *, *, #140, .F. ) ;
#1601 = ORIENTED_EDGE ( 'NONE', *, *, #146, .T. ) ;
#1602 = ORIENTED_EDGE ( 'NONE', *, *, #134, .T. ) ;
#1603 = ORIENTED_EDGE ( 'NONE', *, *, #1391, .T. ) ;
#1604 = ORIENTED_EDGE ( 'NONE', *, *, #143, .F. ) ;
#1605 = ORIENTED_EDGE ( 'NONE', *, *, #147, .F. ) ;
#1606 = ORIENTED_EDGE ( 'NONE', *, *, #1394, .F. ) ;
#1607 = ORIENTED_EDGE ( 'NONE', *, *, #139, .F. ) ;
#1608 = ORIENTED_EDGE ( 'NONE', *, *, #135, .T. ) ;
#1609 = ORIENTED_EDGE ( 'NONE', *, *, #136, .T. ) ;
#1610 = ORIENTED_EDGE ( 'NONE', *, *, #171, .T. ) ;
#1611 = ORIENTED_EDGE ( 'NONE', *, *, #175, .T. ) ;
#1612 = ORIENTED_EDGE ( 'NONE', *, *, #186, .T. ) ;
#1613 = ORIENTED_EDGE ( 'NONE', *, *, #187, .T. ) ;
#1614 = ORIENTED_EDGE ( 'NONE', *, *, #144, .T. ) ;
#1615 = ORIENTED_EDGE ( 'NONE', *, *, #168, .T. ) ;
#1616 = ORIENTED_EDGE ( 'NONE', *, *, #195, .T. ) ;
#1617 = ORIENTED_EDGE ( 'NONE', *, *, #152, .T. ) ;
#1618 = ORIENTED_EDGE ( 'NONE', *, *, #185, .T. ) ;
#1619 = ORIENTED_EDGE ( 'NONE', *, *, #193, .T. ) ;
#1620 = ORIENTED_EDGE ( 'NONE', *, *, #1393, .T. ) ;
#1621 = ORIENTED_EDGE ( 'NONE', *, *, #133, .T. ) ;
#1622 = ORIENTED_EDGE ( 'NONE', *, *, #141, .T. ) ;
#1623 = ORIENTED_EDGE ( 'NONE', *, *, #179, .T. ) ;
#1624 = ORIENTED_EDGE ( 'NONE', *, *, #205, .T. ) ;
#1625 = ORIENTED_EDGE ( 'NONE', *, *, #174, .T. ) ;
#1626 = ORIENTED_EDGE ( 'NONE', *, *, #170, .T. ) ;
#1627 = ORIENTED_EDGE ( 'NONE', *, *, #176, .T. ) ;
#1628 = ORIENTED_EDGE ( 'NONE', *, *, #199, .T. ) ;
#1629 = ORIENTED_EDGE ( 'NONE', *, *, #180, .T. ) ;
#1630 = ORIENTED_EDGE ( 'NONE', *, *, #164, .F. ) ;
#1631 = ORIENTED_EDGE ( 'NONE', *, *, #196, .T. ) ;
#1632 = ORIENTED_EDGE ( 'NONE', *, *, #200, .T. ) ;
#1633 = ORIENTED_EDGE ( 'NONE', *, *, #183, .F. ) ;
#1634 = ORIENTED_EDGE ( 'NONE', *, *, #181, .F. ) ;
#1635 = ORIENTED_EDGE ( 'NONE', *, *, #150, .T. ) ;
#1636 = ORIENTED_EDGE ( 'NONE', *, *, #156, .F. ) ;
#1637 = ORIENTED_EDGE ( 'NONE', *, *, #178, .F. ) ;
#1638 = ORIENTED_EDGE ( 'NONE', *, *, #182, .T. ) ;
#1639 = EDGE_LOOP ( 'NONE', ( #99, #103, #102, #101 ) ) ;
#1640 = EDGE_LOOP ( 'NONE', ( #51, #52, #54, #55 ) ) ;
#1641 = EDGE_LOOP ( 'NONE', ( #1535, #1536, #1537, #1538 ) ) ;
#1642 = EDGE_LOOP ( 'NONE', ( #43, #28, #42, #19 ) ) ;
#1643 = EDGE_LOOP ( 'NONE', ( #1596, #1594, #1605, #1607 ) ) ;
#1644 = EDGE_LOOP ( 'NONE', ( #1593, #1113, #1604, #1591 ) ) ;
#1645 = EDGE_LOOP ( 'NONE', ( #72, #124, #126, #125 ) ) ;
#1646 = EDGE_LOOP ( 'NONE', ( #1190, #1191, #1192, #1193 ) ) ;
#1647 = EDGE_LOOP ( 'NONE', ( #1178, #1179, #1180, #1181 ) ) ;
#1648 = EDGE_LOOP ( 'NONE', ( #1202, #1203, #1204, #1205 ) ) ;
#1649 = EDGE_LOOP ( 'NONE', ( #1122, #1123, #1124, #1125 ) ) ;
#1650 = EDGE_LOOP ( 'NONE', ( #1523, #1524, #1525, #1526 ) ) ;
#1651 = EDGE_LOOP ( 'NONE', ( #1174, #1175, #1176, #1177 ) ) ;
#1652 = EDGE_LOOP ( 'NONE', ( #1218, #1219, #1220, #1221 ) ) ;
#1653 = EDGE_LOOP ( 'NONE', ( #1559, #1560, #1561, #1562 ) ) ;
#1654 = EDGE_LOOP ( 'NONE', ( #1158, #1159, #1160, #1161 ) ) ;
#1655 = EDGE_LOOP ( 'NONE', ( #1198, #1199, #1200, #1201 ) ) ;
#1656 = EDGE_LOOP ( 'NONE', ( #128, #127, #712, #711 ) ) ;
#1657 = EDGE_LOOP ( 'NONE', ( #1547, #1548, #1549, #1550 ) ) ;
#1658 = EDGE_LOOP ( 'NONE', ( #289, #276, #279, #290 ) ) ;
#1659 = EDGE_LOOP ( 'NONE', ( #1114, #1115, #1116, #1117 ) ) ;
#1660 = EDGE_LOOP ( 'NONE', ( #1112, #1590, #1598, #1592 ) ) ;
#1661 = EDGE_LOOP ( 'NONE', ( #1551, #1552, #1553, #1554 ) ) ;
#1662 = EDGE_LOOP ( 'NONE', ( #56, #57, #58, #59 ) ) ;
#1663 = EDGE_LOOP ( 'NONE', ( #111, #115, #117, #106 ) ) ;
#1664 = EDGE_LOOP ( 'NONE', ( #47, #31, #36, #45 ) ) ;
#1665 = EDGE_LOOP ( 'NONE', ( #1575, #1576, #1577, #1578 ) ) ;
#1666 = EDGE_LOOP ( 'NONE', ( #256, #277, #288, #260 ) ) ;
#1667 = EDGE_LOOP ( 'NONE', ( #1154, #1155, #1156, #1157 ) ) ;
#1668 = EDGE_LOOP ( 'NONE', ( #272, #280, #258, #268 ) ) ;
#1669 = EDGE_LOOP ( 'NONE', ( #1118, #1119, #1120, #1121 ) ) ;
#1670 = EDGE_LOOP ( 'NONE', ( #1583, #1584, #1585, #1586 ) ) ;
#1671 = EDGE_LOOP ( 'NONE', ( #116, #121, #113, #112 ) ) ;
#1672 = EDGE_LOOP ( 'NONE', ( #269, #284, #262, #281 ) ) ;
#1673 = EDGE_LOOP ( 'NONE', ( #1146, #1147, #1148, #1149 ) ) ;
#1674 = EDGE_LOOP ( 'NONE', ( #74, #266, #285, #283 ) ) ;
#1675 = EDGE_LOOP ( 'NONE', ( #1170, #1171, #1172, #1173 ) ) ;
#1676 = EDGE_LOOP ( 'NONE', ( #1515, #1516, #1517, #1518 ) ) ;
#1677 = EDGE_LOOP ( 'NONE', ( #1636, #1767, #1773, #1766 ) ) ;
#1678 = EDGE_LOOP ( 'NONE', ( #86, #85, #87, #93 ) ) ;
#1679 = EDGE_LOOP ( 'NONE', ( #1222, #1223, #1224, #1225 ) ) ;
#1680 = EDGE_LOOP ( 'NONE', ( #1563, #1564, #1565, #1566 ) ) ;
#1681 = EDGE_LOOP ( 'NONE', ( #1567, #1568, #1569, #1570 ) ) ;
#1682 = EDGE_LOOP ( 'NONE', ( #64, #65, #66, #67 ) ) ;
#1683 = EDGE_LOOP ( 'NONE', ( #1519, #1520, #1521, #1522 ) ) ;
#1684 = EDGE_LOOP ( 'NONE', ( #257, #50, #53, #49 ) ) ;
#1685 = EDGE_LOOP ( 'NONE', ( #1182, #1183, #1184, #1185 ) ) ;
#1686 = EDGE_LOOP ( 'NONE', ( #44, #29, #38, #41, #37, #33, #26, #23, #18, #39, #40, #22, #34, #17, #32, #25, #35, #27, #24, #21, #48, #20, #91, #76, #77, #78, #79, #89, #98 ) ) ;
#1687 = EDGE_LOOP ( 'NONE', ( #82, #83, #95, #92 ) ) ;
#1688 = EDGE_LOOP ( 'NONE', ( #60, #61, #62, #63 ) ) ;
#1689 = EDGE_LOOP ( 'NONE', ( #1134, #1135, #1136, #1137 ) ) ;
#1690 = EDGE_LOOP ( 'NONE', ( #10, #7, #30, #46 ) ) ;
#1691 = EDGE_LOOP ( 'NONE', ( #1543, #1544, #1545, #1546 ) ) ;
#1692 = EDGE_LOOP ( 'NONE', ( #1331, #1330, #1514, #2 ) ) ;
#1693 = EDGE_LOOP ( 'NONE', ( #1162, #1163, #1164, #1165 ) ) ;
#1694 = EDGE_LOOP ( 'NONE', ( #1571, #1572, #1573, #1574 ) ) ;
#1695 = EDGE_LOOP ( 'NONE', ( #1186, #1187, #1188, #1189 ) ) ;
#1696 = EDGE_LOOP ( 'NONE', ( #264, #255, #286, #274 ) ) ;
#1697 = EDGE_LOOP ( 'NONE', ( #118, #75, #108, #105 ) ) ;
#1698 = EDGE_LOOP ( 'NONE', ( #278, #265, #263, #273 ) ) ;
#1699 = EDGE_LOOP ( 'NONE', ( #267, #259, #270, #271 ) ) ;
#1700 = EDGE_LOOP ( 'NONE', ( #1206, #1207, #1208, #1209 ) ) ;
#1701 = EDGE_LOOP ( 'NONE', ( #1138, #1139, #1140, #1141 ) ) ;
#1702 = EDGE_LOOP ( 'NONE', ( #1210, #1211, #1212, #1213 ) ) ;
#1703 = EDGE_LOOP ( 'NONE', ( #1194, #1195, #1196, #1197 ) ) ;
#1704 = EDGE_LOOP ( 'NONE', ( #109, #114, #120, #119 ) ) ;
#1705 = EDGE_LOOP ( 'NONE', ( #1531, #1532, #1533, #1534 ) ) ;
#1706 = EDGE_LOOP ( 'NONE', ( #1108, #1109, #1111, #1110 ) ) ;
#1707 = EDGE_LOOP ( 'NONE', ( #1527, #1528, #1529, #1530 ) ) ;
#1708 = EDGE_LOOP ( 'NONE', ( #100, #88, #80, #81 ) ) ;
#1709 = EDGE_LOOP ( 'NONE', ( #68, #69, #70, #71 ) ) ;
#1710 = EDGE_LOOP ( 'NONE', ( #1166, #1167, #1168, #1169 ) ) ;
#1711 = EDGE_LOOP ( 'NONE', ( #1046, #1045, #1588, #1589 ) ) ;
#1712 = EDGE_LOOP ( 'NONE', ( #1126, #1127, #1128, #1129 ) ) ;
#1713 = EDGE_LOOP ( 'NONE', ( #1769, #1772, #1771, #1777 ) ) ;
#1714 = EDGE_LOOP ( 'NONE', ( #1587, #1638, #6, #11 ) ) ;
#1715 = EDGE_LOOP ( 'NONE', ( #1770, #1047, #1043, #1044 ) ) ;
#1716 = EDGE_LOOP ( 'NONE', ( #97, #94, #84, #96 ) ) ;
#1717 = EDGE_LOOP ( 'NONE', ( #1602, #1609, #1608, #1603, #1601, #1597, #1622, #1620, #1614, #1621, #1615, #1616, #1612, #1611, #1617, #1613, #1610, #1623, #1619, #1618, #1632, #1631, #1626, #1629, #1635, #1625, #1627, #1628, #1624 ) ) ;
#1718 = EDGE_LOOP ( 'NONE', ( #1130, #1131, #1132, #1133 ) ) ;
#1719 = EDGE_LOOP ( 'NONE', ( #1579, #1580, #1581, #1582 ) ) ;
#1720 = EDGE_LOOP ( 'NONE', ( #1150, #1151, #1152, #1153 ) ) ;
#1721 = EDGE_LOOP ( 'NONE', ( #90, #104, #110, #107 ) ) ;
#1722 = EDGE_LOOP ( 'NONE', ( #1142, #1143, #1144, #1145 ) ) ;
#1723 = EDGE_LOOP ( 'NONE', ( #1539, #1540, #1541, #1542 ) ) ;
#1724 = EDGE_LOOP ( 'NONE', ( #1633, #1637, #1634, #1630 ) ) ;
#1725 = EDGE_LOOP ( 'NONE', ( #1555, #1556, #1557, #1558 ) ) ;
#1726 = EDGE_LOOP ( 'NONE', ( #1214, #1215, #1216, #1217 ) ) ;
#1727 = EDGE_LOOP ( 'NONE', ( #1606, #1600, #1599, #1595 ) ) ;
#1728 = EDGE_LOOP ( 'NONE', ( #1775, #1768, #1774, #1776 ) ) ;
#1729 = EDGE_LOOP ( 'NONE', ( #261, #282, #275, #287 ) ) ;
#1730 = VERTEX_POINT ( 'NONE', #2125 ) ;
#1731 = VERTEX_POINT ( 'NONE', #2270 ) ;
#1732 = VERTEX_POINT ( 'NONE', #2276 ) ;
#1733 = VERTEX_POINT ( 'NONE', #2192 ) ;
#1734 = VERTEX_POINT ( 'NONE', #2173 ) ;
#1735 = VERTEX_POINT ( 'NONE', #2046 ) ;
#1736 = VERTEX_POINT ( 'NONE', #2115 ) ;
#1737 = VERTEX_POINT ( 'NONE', #2310 ) ;
#1738 = VERTEX_POINT ( 'NONE', #2409 ) ;
#1739 = VERTEX_POINT ( 'NONE', #1992 ) ;
#1740 = VERTEX_POINT ( 'NONE', #2058 ) ;
#1741 = VERTEX_POINT ( 'NONE', #2071 ) ;
#1742 = VERTEX_POINT ( 'NONE', #2160 ) ;
#1743 = VERTEX_POINT ( 'NONE', #2154 ) ;
#1744 = VERTEX_POINT ( 'NONE', #2357 ) ;
#1745 = VERTEX_POINT ( 'NONE', #2245 ) ;
#1746 = VERTEX_POINT ( 'NONE', #2235 ) ;
#1747 = VERTEX_POINT ( 'NONE', #2215 ) ;
#1748 = VERTEX_POINT ( 'NONE', #2248 ) ;
#1749 = VERTEX_POINT ( 'NONE', #2243 ) ;
#1750 = VERTEX_POINT ( 'NONE', #2368 ) ;
#1751 = VERTEX_POINT ( 'NONE', #2305 ) ;
#1752 = VERTEX_POINT ( 'NONE', #2264 ) ;
#1753 = VERTEX_POINT ( 'NONE', #2223 ) ;
#1754 = VERTEX_POINT ( 'NONE', #2072 ) ;
#1755 = VERTEX_POINT ( 'NONE', #2073 ) ;
#1756 = VERTEX_POINT ( 'NONE', #2307 ) ;
#1757 = VERTEX_POINT ( 'NONE', #2308 ) ;
#1758 = VERTEX_POINT ( 'NONE', #2054 ) ;
#1759 = VERTEX_POINT ( 'NONE', #1981 ) ;
#1760 = VERTEX_POINT ( 'NONE', #2438 ) ;
#1761 = VERTEX_POINT ( 'NONE', #2214 ) ;
#1762 = VERTEX_POINT ( 'NONE', #1995 ) ;
#1763 = VERTEX_POINT ( 'NONE', #2314 ) ;
#1764 = VERTEX_POINT ( 'NONE', #2378 ) ;
#1765 = VERTEX_POINT ( 'NONE', #2404 ) ;
#1766 = ORIENTED_EDGE ( 'NONE', *, *, #172, .F. ) ;
#1767 = ORIENTED_EDGE ( 'NONE', *, *, #153, .F. ) ;
#1768 = ORIENTED_EDGE ( 'NONE', *, *, #161, .F. ) ;
#1769 = ORIENTED_EDGE ( 'NONE', *, *, #191, .F. ) ;
#1770 = ORIENTED_EDGE ( 'NONE', *, *, #194, .F. ) ;
#1771 = ORIENTED_EDGE ( 'NONE', *, *, #169, .F. ) ;
#1772 = ORIENTED_EDGE ( 'NONE', *, *, #159, .F. ) ;
#1773 = ORIENTED_EDGE ( 'NONE', *, *, #188, .F. ) ;
#1774 = ORIENTED_EDGE ( 'NONE', *, *, #177, .F. ) ;
#1775 = ORIENTED_EDGE ( 'NONE', *, *, #198, .F. ) ;
#1776 = ORIENTED_EDGE ( 'NONE', *, *, #197, .F. ) ;
#1777 = ORIENTED_EDGE ( 'NONE', *, *, #203, .F. ) ;
#1778 = VERTEX_POINT ( 'NONE', #2288 ) ;
#1779 = VERTEX_POINT ( 'NONE', #2289 ) ;
#1780 = VERTEX_POINT ( 'NONE', #2120 ) ;
#1781 = VERTEX_POINT ( 'NONE', #2119 ) ;
#1782 = VERTEX_POINT ( 'NONE', #2121 ) ;
#1783 = VERTEX_POINT ( 'NONE', #2298 ) ;
#1784 = VERTEX_POINT ( 'NONE', #2116 ) ;
#1785 = VERTEX_POINT ( 'NONE', #2224 ) ;
#1786 = VERTEX_POINT ( 'NONE', #2117 ) ;
#1787 = VERTEX_POINT ( 'NONE', #2118 ) ;
#1788 = VERTEX_POINT ( 'NONE', #2091 ) ;
#1789 = VERTEX_POINT ( 'NONE', #2094 ) ;
#1790 = VERTEX_POINT ( 'NONE', #2095 ) ;
#1791 = VERTEX_POINT ( 'NONE', #2078 ) ;
#1792 = VERTEX_POINT ( 'NONE', #2053 ) ;
#1793 = VERTEX_POINT ( 'NONE', #2374 ) ;
#1794 = VERTEX_POINT ( 'NONE', #2017 ) ;
#1795 = VERTEX_POINT ( 'NONE', #2208 ) ;
#1796 = VERTEX_POINT ( 'NONE', #2187 ) ;
#1797 = VERTEX_POINT ( 'NONE', #2210 ) ;
#1798 = VERTEX_POINT ( 'NONE', #2040 ) ;
#1799 = VERTEX_POINT ( 'NONE', #2209 ) ;
#1800 = VERTEX_POINT ( 'NONE', #2206 ) ;
#1801 = VERTEX_POINT ( 'NONE', #2044 ) ;
#1802 = VERTEX_POINT ( 'NONE', #2012 ) ;
#1803 = VERTEX_POINT ( 'NONE', #2002 ) ;
#1804 = VERTEX_POINT ( 'NONE', #2407 ) ;
#1805 = VERTEX_POINT ( 'NONE', #2433 ) ;
#1806 = VERTEX_POINT ( 'NONE', #2436 ) ;
#1807 = ADVANCED_FACE ( 'NONE', ( #693 ), #1974, .F. ) ;
#1808 = ADVANCED_FACE ( 'NONE', ( #562 ), #688, .T. ) ;
#1809 = ADVANCED_FACE ( 'NONE', ( #696 ), #2234, .F. ) ;
#1810 = ADVANCED_FACE ( 'NONE', ( #694 ), #2016, .F. ) ;
#1811 = ADVANCED_FACE ( 'NONE', ( #695 ), #1975, .F. ) ;
#1812 = ADVANCED_FACE ( 'NONE', ( #690 ), #698, .T. ) ;
#1813 = ADVANCED_FACE ( 'NONE', ( #692 ), #2231, .F. ) ;
#1814 = ADVANCED_FACE ( 'NONE', ( #689 ), #2293, .F. ) ;
#1815 = ADVANCED_FACE ( 'NONE', ( #691, #701, #699, #700, #697, #702, #703, #704, #705, #706, #707 ), #2063, .T. ) ;
#1816 = ADVANCED_FACE ( 'NONE', ( #1324 ), #295, .T. ) ;
#1817 = ADVANCED_FACE ( 'NONE', ( #292 ), #2375, .T. ) ;
#1818 = ADVANCED_FACE ( 'NONE', ( #293 ), #1997, .F. ) ;
#1819 = ADVANCED_FACE ( 'NONE', ( #1329 ), #2024, .F. ) ;
#1820 = ADVANCED_FACE ( 'NONE', ( #296 ), #2280, .F. ) ;
#1821 = ADVANCED_FACE ( 'NONE', ( #297, #300, #298, #299, #294, #301, #302, #303, #304, #305, #306 ), #2200, .F. ) ;
#1822 = ADVANCED_FACE ( 'NONE', ( #307 ), #1970, .F. ) ;
#1823 = ADVANCED_FACE ( 'NONE', ( #308 ), #2170, .F. ) ;
#1824 = ADVANCED_FACE ( 'NONE', ( #310 ), #2140, .F. ) ;
#1825 = ADVANCED_FACE ( 'NONE', ( #311 ), #2348, .F. ) ;
#1826 = ADVANCED_FACE ( 'NONE', ( #312 ), #2365, .F. ) ;
#1827 = ADVANCED_FACE ( 'NONE', ( #313 ), #2077, .F. ) ;
#1828 = ADVANCED_FACE ( 'NONE', ( #314 ), #318, .T. ) ;
#1829 = ADVANCED_FACE ( 'NONE', ( #316 ), #2457, .F. ) ;
#1830 = ADVANCED_FACE ( 'NONE', ( #309 ), #321, .T. ) ;
#1831 = ADVANCED_FACE ( 'NONE', ( #319 ), #323, .T. ) ;
#1832 = ADVANCED_FACE ( 'NONE', ( #315 ), #2382, .T. ) ;
#1833 = ADVANCED_FACE ( 'NONE', ( #320 ), #2196, .F. ) ;
#1834 = ADVANCED_FACE ( 'NONE', ( #317 ), #327, .T. ) ;
#1835 = ADVANCED_FACE ( 'NONE', ( #325 ), #2182, .F. ) ;
#1836 = ADVANCED_FACE ( 'NONE', ( #322 ), #2050, .F. ) ;
#1837 = ADVANCED_FACE ( 'NONE', ( #324 ), #331, .T. ) ;
#1838 = ADVANCED_FACE ( 'NONE', ( #329 ), #333, .T. ) ;
#1839 = ADVANCED_FACE ( 'NONE', ( #328 ), #335, .T. ) ;
#1840 = ADVANCED_FACE ( 'NONE', ( #326 ), #2163, .T. ) ;
#1841 = ADVANCED_FACE ( 'NONE', ( #332 ), #2157, .T. ) ;
#1842 = ADVANCED_FACE ( 'NONE', ( #330 ), #2146, .T. ) ;
#1843 = ADVANCED_FACE ( 'NONE', ( #336 ), #2292, .T. ) ;
#1844 = ADVANCED_FACE ( 'NONE', ( #337 ), #1963, .T. ) ;
#1845 = ADVANCED_FACE ( 'NONE', ( #338 ), #2031, .T. ) ;
#1846 = ADVANCED_FACE ( 'NONE', ( #339 ), #2136, .T. ) ;
#1847 = ADVANCED_FACE ( 'NONE', ( #340 ), #344, .F. ) ;
#1848 = ADVANCED_FACE ( 'NONE', ( #342 ), #2018, .T. ) ;
#1849 = ADVANCED_FACE ( 'NONE', ( #334 ), #347, .F. ) ;
#1850 = ADVANCED_FACE ( 'NONE', ( #345 ), #2269, .T. ) ;
#1851 = ADVANCED_FACE ( 'NONE', ( #343 ), #2179, .T. ) ;
#1852 = ADVANCED_FACE ( 'NONE', ( #341 ), #2267, .T. ) ;
#1853 = ADVANCED_FACE ( 'NONE', ( #348 ), #352, .F. ) ;
#1854 = ADVANCED_FACE ( 'NONE', ( #350 ), #2402, .T. ) ;
#1855 = ADVANCED_FACE ( 'NONE', ( #346 ), #2369, .T. ) ;
#1856 = ADVANCED_FACE ( 'NONE', ( #349 ), #356, .F. ) ;
#1857 = ADVANCED_FACE ( 'NONE', ( #354 ), #358, .F. ) ;
#1858 = ADVANCED_FACE ( 'NONE', ( #353 ), #2313, .T. ) ;
#1859 = ADVANCED_FACE ( 'NONE', ( #355 ), #2101, .T. ) ;
#1860 = ADVANCED_FACE ( 'NONE', ( #351 ), #2096, .T. ) ;
#1861 = ADVANCED_FACE ( 'NONE', ( #359 ), #2202, .T. ) ;
#1862 = ADVANCED_FACE ( 'NONE', ( #360 ), #1964, .T. ) ;
#1863 = ADVANCED_FACE ( 'NONE', ( #361 ), #365, .F. ) ;
#1864 = ADVANCED_FACE ( 'NONE', ( #363 ), #367, .F. ) ;
#1865 = ADVANCED_FACE ( 'NONE', ( #362 ), #2144, .T. ) ;
#1866 = ADVANCED_FACE ( 'NONE', ( #364 ), #370, .F. ) ;
#1867 = ADVANCED_FACE ( 'NONE', ( #368 ), #2169, .T. ) ;
#1868 = ADVANCED_FACE ( 'NONE', ( #366 ), #373, .F. ) ;
#1869 = ADVANCED_FACE ( 'NONE', ( #371 ), #2011, .T. ) ;
#1870 = ADVANCED_FACE ( 'NONE', ( #369 ), #2009, .T. ) ;
#1871 = ADVANCED_FACE ( 'NONE', ( #357 ), #1462, .T. ) ;
#1872 = ADVANCED_FACE ( 'NONE', ( #374 ), #1499, .T. ) ;
#1873 = ADVANCED_FACE ( 'NONE', ( #375 ), #1459, .T. ) ;
#1874 = ADVANCED_FACE ( 'NONE', ( #376 ), #1503, .T. ) ;
#1875 = ADVANCED_FACE ( 'NONE', ( #377 ), #379, .F. ) ;
#1876 = ADVANCED_FACE ( 'NONE', ( #378 ), #1508, .T. ) ;
#1877 = ADVANCED_FACE ( 'NONE', ( #372 ), #1494, .T. ) ;
#1878 = AXIS2_PLACEMENT_3D ( 'NONE', #2226, #2294, #2062 ) ;
#1879 = AXIS2_PLACEMENT_3D ( 'NONE', #1980, #2316, #1983 ) ;
#1880 = AXIS2_PLACEMENT_3D ( 'NONE', #2043, #2042, #2067 ) ;
#1881 = AXIS2_PLACEMENT_3D ( 'NONE', #2000, #2437, #2394 ) ;
#1882 = AXIS2_PLACEMENT_3D ( 'NONE', #2372, #2087, #2352 ) ;
#1883 = AXIS2_PLACEMENT_3D ( 'NONE', #2393, #2278, #2114 ) ;
#1884 = AXIS2_PLACEMENT_3D ( 'NONE', #2005, #2198, #2199 ) ;
#1885 = AXIS2_PLACEMENT_3D ( 'NONE', #2201, #2277, #2004 ) ;
#1886 = AXIS2_PLACEMENT_3D ( 'NONE', #2205, #1966, #2275 ) ;
#1887 = AXIS2_PLACEMENT_3D ( 'NONE', #2010, #2083, #2084 ) ;
#1888 = AXIS2_PLACEMENT_3D ( 'NONE', #2027, #2085, #1965 ) ;
#1889 = AXIS2_PLACEMENT_3D ( 'NONE', #2203, #2405, #2366 ) ;
#1890 = AXIS2_PLACEMENT_3D ( 'NONE', #2048, #2177, #2455 ) ;
#1891 = AXIS2_PLACEMENT_3D ( 'NONE', #2427, #2306, #2377 ) ;
#1892 = AXIS2_PLACEMENT_3D ( 'NONE', #2376, #2396, #2178 ) ;
#1893 = AXIS2_PLACEMENT_3D ( 'NONE', #2176, #2432, #2435 ) ;
#1894 = AXIS2_PLACEMENT_3D ( 'NONE', #2456, #2434, #2431 ) ;
#1895 = AXIS2_PLACEMENT_3D ( 'NONE', #2014, #2021, #2411 ) ;
#1896 = AXIS2_PLACEMENT_3D ( 'NONE', #1993, #2212, #2165 ) ;
#1897 = AXIS2_PLACEMENT_3D ( 'NONE', #2351, #2069, #2070 ) ;
#1898 = AXIS2_PLACEMENT_3D ( 'NONE', #2061, #2060, #2213 ) ;
#1899 = AXIS2_PLACEMENT_3D ( 'NONE', #2064, #2188, #2189 ) ;
#1900 = AXIS2_PLACEMENT_3D ( 'NONE', #2183, #2137, #2065 ) ;
#1901 = AXIS2_PLACEMENT_3D ( 'NONE', #2161, #2190, #2158 ) ;
#1902 = AXIS2_PLACEMENT_3D ( 'NONE', #2047, #2211, #2035 ) ;
#1903 = AXIS2_PLACEMENT_3D ( 'NONE', #2139, #1960, #2143 ) ;
#1904 = AXIS2_PLACEMENT_3D ( 'NONE', #2138, #1961, #2421 ) ;
#1905 = AXIS2_PLACEMENT_3D ( 'NONE', #2164, #1972, #1987 ) ;
#1906 = AXIS2_PLACEMENT_3D ( 'NONE', #1962, #2059, #1986 ) ;
#1907 = AXIS2_PLACEMENT_3D ( 'NONE', #2287, #1985, #2162 ) ;
#1908 = AXIS2_PLACEMENT_3D ( 'NONE', #2147, #2185, #1994 ) ;
#1909 = AXIS2_PLACEMENT_3D ( 'NONE', #2181, #2134, #2135 ) ;
#1910 = AXIS2_PLACEMENT_3D ( 'NONE', #2184, #1984, #1971 ) ;
#1911 = AXIS2_PLACEMENT_3D ( 'NONE', #1988, #2090, #2153 ) ;
#1912 = AXIS2_PLACEMENT_3D ( 'NONE', #1989, #2093, #2089 ) ;
#1913 = AXIS2_PLACEMENT_3D ( 'NONE', #2388, #2320, #2030 ) ;
#1914 = AXIS2_PLACEMENT_3D ( 'NONE', #2092, #2207, #2123 ) ;
#1915 = AXIS2_PLACEMENT_3D ( 'NONE', #2258, #2240, #2260 ) ;
#1916 = AXIS2_PLACEMENT_3D ( 'NONE', #2122, #2034, #2259 ) ;
#1917 = AXIS2_PLACEMENT_3D ( 'NONE', #2039, #2038, #2180 ) ;
#1918 = AXIS2_PLACEMENT_3D ( 'NONE', #2218, #2339, #2013 ) ;
#1919 = AXIS2_PLACEMENT_3D ( 'NONE', #2152, #2250, #2251 ) ;
#1920 = AXIS2_PLACEMENT_3D ( 'NONE', #2442, #2247, #2422 ) ;
#1921 = AXIS2_PLACEMENT_3D ( 'NONE', #2241, #2445, #2252 ) ;
#1922 = AXIS2_PLACEMENT_3D ( 'NONE', #2446, #2228, #2229 ) ;
#1923 = AXIS2_PLACEMENT_3D ( 'NONE', #2271, #2127, #2244 ) ;
#1924 = AXIS2_PLACEMENT_3D ( 'NONE', #2130, #2029, #2033 ) ;
#1925 = AXIS2_PLACEMENT_3D ( 'NONE', #2186, #1976, #1967 ) ;
#1926 = AXIS2_PLACEMENT_3D ( 'NONE', #2015, #2081, #2001 ) ;
#1927 = AXIS2_PLACEMENT_3D ( 'NONE', #2088, #2082, #1996 ) ;
#1928 = AXIS2_PLACEMENT_3D ( 'NONE', #2003, #1998, #2080 ) ;
#1929 = AXIS2_PLACEMENT_3D ( 'NONE', #2006, #2105, #2204 ) ;
#1930 = AXIS2_PLACEMENT_3D ( 'NONE', #2171, #2168, #2103 ) ;
#1931 = AXIS2_PLACEMENT_3D ( 'NONE', #2104, #2145, #2075 ) ;
#1932 = AXIS2_PLACEMENT_3D ( 'NONE', #2007, #2141, #2142 ) ;
#1933 = AXIS2_PLACEMENT_3D ( 'NONE', #2284, #1999, #2049 ) ;
#1934 = AXIS2_PLACEMENT_3D ( 'NONE', #1492, #1498, #1458 ) ;
#1935 = AXIS2_PLACEMENT_3D ( 'NONE', #1497, #1496, #1484 ) ;
#1936 = AXIS2_PLACEMENT_3D ( 'NONE', #1460, #1461, #1463 ) ;
#1937 = AXIS2_PLACEMENT_3D ( 'NONE', #1481, #1466, #1471 ) ;
#1938 = AXIS2_PLACEMENT_3D ( 'NONE', #1502, #1505, #1506 ) ;
#1939 = AXIS2_PLACEMENT_3D ( 'NONE', #1509, #1507, #1493 ) ;
#1940 = AXIS2_PLACEMENT_3D ( 'NONE', #1510, #1487, #1468 ) ;
#1941 =( GEOMETRIC_REPRESENTATION_CONTEXT ( 3 ) GLOBAL_UNCERTAINTY_ASSIGNED_CONTEXT ( ( #709 ) ) GLOBAL_UNIT_ASSIGNED_CONTEXT ( ( #1490, #1491, #1465 ) ) REPRESENTATION_CONTEXT ( 'NONE', 'WORKASPACE' ) );
#1942 = AXIS2_PLACEMENT_3D ( 'NONE', #1511, #1495, #1479 ) ;
#1943 = AXIS2_PLACEMENT_3D ( 'NONE', #1475, #1472, #1474 ) ;
#1944 = CC_DESIGN_PERSON_AND_ORGANIZATION_ASSIGNMENT ( #382, #1485, ( #291 ) ) ;
#1945 = PRODUCT_DEFINITION ( 'UNKNOWN', '', #1950, #253 ) ;
#1946 = APPROVAL ( #1488, 'UNSPECIFIED' ) ;
#1947 = CC_DESIGN_APPROVAL ( #1946, ( #1945 ) ) ;
#1948 = CC_DESIGN_PERSON_AND_ORGANIZATION_ASSIGNMENT ( #390, #1476, ( #1945 ) ) ;
#1949 = CC_DESIGN_DATE_AND_TIME_ASSIGNMENT ( #394, #1467, ( #1945 ) ) ;
#1950 = PRODUCT_DEFINITION_FORMATION_WITH_SPECIFIED_SOURCE ( 'ANY', '', #291, .NOT_KNOWN. ) ;
#1951 = APPROVAL ( #1500, 'UNSPECIFIED' ) ;
#1952 = CC_DESIGN_APPROVAL ( #1951, ( #1950 ) ) ;
#1953 = CC_DESIGN_PERSON_AND_ORGANIZATION_ASSIGNMENT ( #402, #1512, ( #1950 ) ) ;
#1954 = CC_DESIGN_PERSON_AND_ORGANIZATION_ASSIGNMENT ( #403, #1504, ( #1950 ) ) ;
#1955 = SECURITY_CLASSIFICATION ( '', '', #1482 ) ;
#1956 = CC_DESIGN_PERSON_AND_ORGANIZATION_ASSIGNMENT ( #404, #1483, ( #1955 ) ) ;
#1957 = CC_DESIGN_DATE_AND_TIME_ASSIGNMENT ( #408, #1480, ( #1955 ) ) ;
#1958 = APPROVAL ( #1478, 'UNSPECIFIED' ) ;
#1959 = CC_DESIGN_APPROVAL ( #1958, ( #1955 ) ) ;
#1960 = DIRECTION ( 'NONE',  ( -0.0000000000000000000, -0.0000000000000000000, -1.000000000000000000 ) ) ;
#1961 = DIRECTION ( 'NONE',  ( -0.2578551912093166000, -0.9661835748792291200, 0.0000000000000000000 ) ) ;
#1962 = CARTESIAN_POINT ( 'NONE',  ( 156.4226589628916000, 14.37900614508208000, 10.00000000000000000 ) ) ;
#1963 = PLANE ( 'NONE',  #1908 ) ;
#1964 = PLANE ( 'NONE',  #1926 ) ;
#1965 = DIRECTION ( 'NONE',  ( -0.9661835748792290100, 0.2578551912093167700, 0.0000000000000000000 ) ) ;
#1966 = DIRECTION ( 'NONE',  ( -1.198392507616574800E-016, 1.000000000000000000, 0.0000000000000000000 ) ) ;
#1967 = DIRECTION ( 'NONE',  ( 0.9661835748792285700, 0.2578551912093183800, 0.0000000000000000000 ) ) ;
#1968 = CARTESIAN_POINT ( 'NONE',  ( -34.16261793703434800, -3.860000000000089100, 10.00000000000000000 ) ) ;
#1969 = CARTESIAN_POINT ( 'NONE',  ( 156.4226589628916000, 14.37900614508208000, 10.00000000000000000 ) ) ;
#1970 = PLANE ( 'NONE',  #1886 ) ;
#1971 = DIRECTION ( 'NONE',  ( 0.9661835748792286800, 0.2578551912093179900, 0.0000000000000000000 ) ) ;
#1972 = DIRECTION ( 'NONE',  ( 0.2578551912093170500, 0.9661835748792290100, -0.0000000000000000000 ) ) ;
#1973 = DIRECTION ( 'NONE',  ( 0.2578551912093164900, -0.9661835748792291200, 0.0000000000000000000 ) ) ;
#1974 = PLANE ( 'NONE',  #246 ) ;
#1975 = PLANE ( 'NONE',  #250 ) ;
#1976 = DIRECTION ( 'NONE',  ( 0.2578551912093183800, -0.9661835748792285700, 0.0000000000000000000 ) ) ;
#1977 = DIRECTION ( 'NONE',  ( -0.0000000000000000000, -0.0000000000000000000, -1.000000000000000000 ) ) ;
#1978 = CARTESIAN_POINT ( 'NONE',  ( 544.7882218746549400, 9.204006145082123800, 10.00000000000000000 ) ) ;
#1979 = CARTESIAN_POINT ( 'NONE',  ( 456.4226589628916600, 14.37900614508208000, 10.00000000000000000 ) ) ;
#1980 = CARTESIAN_POINT ( 'NONE',  ( 91.46375689297518400, 16.59677252218922000, 0.0000000000000000000 ) ) ;
#1981 = CARTESIAN_POINT ( 'NONE',  ( 339.6864230585514400, -9.912437450020958000, 10.00000000000000000 ) ) ;
#1982 = DIRECTION ( 'NONE',  ( 0.0000000000000000000, 0.0000000000000000000, 1.000000000000000000 ) ) ;
#1983 = DIRECTION ( 'NONE',  ( -1.000000000000000000, 0.0000000000000000000, 0.0000000000000000000 ) ) ;
#1984 = DIRECTION ( 'NONE',  ( 0.2578551912093179900, -0.9661835748792286800, 0.0000000000000000000 ) ) ;
#1985 = DIRECTION ( 'NONE',  ( 0.2578551912093174900, 0.9661835748792289000, -0.0000000000000000000 ) ) ;
#1986 = DIRECTION ( 'NONE',  ( -0.9661835748792289000, 0.2578551912093169900, 0.0000000000000000000 ) ) ;
#1987 = DIRECTION ( 'NONE',  ( -0.9661835748792289000, 0.2578551912093169900, 0.0000000000000000000 ) ) ;
#1988 = CARTESIAN_POINT ( 'NONE',  ( 191.4637568929752000, 16.59677252218922000, 10.00000000000000000 ) ) ;
#1989 = CARTESIAN_POINT ( 'NONE',  ( 493.2410907273990700, 9.937101449275171900, 10.00000000000000000 ) ) ;
#1990 = DIRECTION ( 'NONE',  ( 0.9661835748792289000, -0.2578551912093169900, 0.0000000000000000000 ) ) ;
#1991 = DIRECTION ( 'NONE',  ( -0.0000000000000000000, -0.0000000000000000000, -1.000000000000000000 ) ) ;
#1992 = CARTESIAN_POINT ( 'NONE',  ( 438.1392919112955700, -15.70953889929636900, 10.00000000000000000 ) ) ;
#1993 = CARTESIAN_POINT ( 'NONE',  ( 56.42265896289156000, 14.37900614508208000, 10.00000000000000000 ) ) ;
#1994 = DIRECTION ( 'NONE',  ( 0.9661835748792291200, 0.2578551912093163300, 0.0000000000000000000 ) ) ;
#1995 = CARTESIAN_POINT ( 'NONE',  ( 233.1537847864183000, 6.099006145082124200, 10.00000000000000000 ) ) ;
#1996 = DIRECTION ( 'NONE',  ( -1.000000000000000000, 0.0000000000000000000, 0.0000000000000000000 ) ) ;
#1997 = PLANE ( 'NONE',  #1882 ) ;
#1998 = DIRECTION ( 'NONE',  ( -0.0000000000000000000, -0.0000000000000000000, -1.000000000000000000 ) ) ;
#1999 = DIRECTION ( 'NONE',  ( 0.2578551912093173200, -0.9661835748792289000, 0.0000000000000000000 ) ) ;
#2000 = CARTESIAN_POINT ( 'NONE',  ( 56.42265896289156000, 14.37900614508208000, 10.00000000000000000 ) ) ;
#2001 = DIRECTION ( 'NONE',  ( 0.9661835748792292300, -0.2578551912093158800, 0.0000000000000000000 ) ) ;
#2002 = CARTESIAN_POINT ( 'NONE',  ( 594.7882218746549400, 30.82801229016432400, 0.0000000000000000000 ) ) ;
#2003 = CARTESIAN_POINT ( 'NONE',  ( 541.4637568929753100, -3.252766377107109400, 10.00000000000000000 ) ) ;
#2004 = DIRECTION ( 'NONE',  ( -1.000000000000000000, 0.0000000000000000000, 0.0000000000000000000 ) ) ;
#2005 = CARTESIAN_POINT ( 'NONE',  ( 624.7882218746549400, 30.82801229016431700, 10.00000000000000000 ) ) ;
#2006 = CARTESIAN_POINT ( 'NONE',  ( 539.6864230585515500, -9.912437450020958000, 10.00000000000000000 ) ) ;
#2007 = CARTESIAN_POINT ( 'NONE',  ( 241.4637568929752300, -3.252766377107109400, 10.00000000000000000 ) ) ;
#2008 = DIRECTION ( 'NONE',  ( -0.9661835748792289000, -0.2578551912093171600, 0.0000000000000000000 ) ) ;
#2009 = PLANE ( 'NONE',  #1934 ) ;
#2010 = CARTESIAN_POINT ( 'NONE',  ( 294.7882218746548800, -4.139999999999983700, 10.00000000000000000 ) ) ;
#2011 = PLANE ( 'NONE',  #1933 ) ;
#2012 = CARTESIAN_POINT ( 'NONE',  ( 494.7882218746549400, 4.139999999999983700, 0.0000000000000000000 ) ) ;
#2013 = DIRECTION ( 'NONE',  ( -0.9661835748792289000, 0.2578551912093169900, 0.0000000000000000000 ) ) ;
#2014 = CARTESIAN_POINT ( 'NONE',  ( 141.4637568929752300, -3.252766377107122200, 10.00000000000000000 ) ) ;
#2015 = CARTESIAN_POINT ( 'NONE',  ( 243.2410907273990100, 3.406904695806730400, 10.00000000000000000 ) ) ;
#2016 = PLANE ( 'NONE',  #249 ) ;
#2017 = CARTESIAN_POINT ( 'NONE',  ( 239.6864230585514700, -9.912437450020961500, 0.0000000000000000000 ) ) ;
#2018 = PLANE ( 'NONE',  #1912 ) ;
#2019 = CARTESIAN_POINT ( 'NONE',  ( 194.7882218746548500, -4.139999999999983700, 0.0000000000000000000 ) ) ;
#2020 = DIRECTION ( 'NONE',  ( 0.9661835748792289000, -0.2578551912093170500, -0.0000000000000000000 ) ) ;
#2021 = DIRECTION ( 'NONE',  ( -0.0000000000000000000, -0.0000000000000000000, -1.000000000000000000 ) ) ;
#2022 = CARTESIAN_POINT ( 'NONE',  ( 391.4637568929752500, 16.59677252218922000, 10.00000000000000000 ) ) ;
#2023 = DIRECTION ( 'NONE',  ( 0.0000000000000000000, 0.0000000000000000000, 1.000000000000000000 ) ) ;
#2024 = PLANE ( 'NONE',  #1883 ) ;
#2025 = DIRECTION ( 'NONE',  ( -0.0000000000000000000, -0.0000000000000000000, -1.000000000000000000 ) ) ;
#2026 = CARTESIAN_POINT ( 'NONE',  ( 438.1392919112955700, -15.70953889929636900, 10.00000000000000000 ) ) ;
#2027 = CARTESIAN_POINT ( 'NONE',  ( 194.7882218746548500, -4.139999999999983700, 10.00000000000000000 ) ) ;
#2028 = CARTESIAN_POINT ( 'NONE',  ( 456.4226589628916600, 14.37900614508208000, 10.00000000000000000 ) ) ;
#2029 = DIRECTION ( 'NONE',  ( -0.2578551912093173200, 0.9661835748792289000, 0.0000000000000000000 ) ) ;
#2030 = DIRECTION ( 'NONE',  ( -1.000000000000000000, 0.0000000000000000000, 0.0000000000000000000 ) ) ;
#2031 = PLANE ( 'NONE',  #1909 ) ;
#2032 = CARTESIAN_POINT ( 'NONE',  ( 333.1537847864183300, 6.099006145082124200, 0.0000000000000000000 ) ) ;
#2033 = DIRECTION ( 'NONE',  ( -0.9661835748792289000, -0.2578551912093173200, 0.0000000000000000000 ) ) ;
#2034 = DIRECTION ( 'NONE',  ( 0.2578551912093170500, 0.9661835748792289000, -0.0000000000000000000 ) ) ;
#2035 = DIRECTION ( 'NONE',  ( -1.000000000000000000, 0.0000000000000000000, 0.0000000000000000000 ) ) ;
#2036 = CARTESIAN_POINT ( 'NONE',  ( 443.2410907273990100, 3.406904695806730400, 10.00000000000000000 ) ) ;
#2037 = DIRECTION ( 'NONE',  ( -0.0000000000000000000, -0.0000000000000000000, -1.000000000000000000 ) ) ;
#2038 = DIRECTION ( 'NONE',  ( -0.0000000000000000000, -0.0000000000000000000, -1.000000000000000000 ) ) ;
#2039 = CARTESIAN_POINT ( 'NONE',  ( 441.4637568929752500, -3.252766377107109400, 10.00000000000000000 ) ) ;
#2040 = CARTESIAN_POINT ( 'NONE',  ( 343.2410907273990700, 3.406904695806730400, 0.0000000000000000000 ) ) ;
#2041 = DIRECTION ( 'NONE',  ( -0.0000000000000000000, -0.0000000000000000000, -1.000000000000000000 ) ) ;
#2042 = DIRECTION ( 'NONE',  ( -0.0000000000000000000, -0.0000000000000000000, -1.000000000000000000 ) ) ;
#2043 = CARTESIAN_POINT ( 'NONE',  ( 191.4637568929752000, 16.59677252218922000, 10.00000000000000000 ) ) ;
#2044 = CARTESIAN_POINT ( 'NONE',  ( 488.1392919112955700, 29.05354504437846000, 0.0000000000000000000 ) ) ;
#2045 = DIRECTION ( 'NONE',  ( -1.000000000000000000, 0.0000000000000000000, 0.0000000000000000000 ) ) ;
#2046 = CARTESIAN_POINT ( 'NONE',  ( 238.1392919112955700, -15.70953889929636200, 10.00000000000000000 ) ) ;
#2047 = CARTESIAN_POINT ( 'NONE',  ( 291.4637568929752000, 16.59677252218922000, 10.00000000000000000 ) ) ;
#2048 = CARTESIAN_POINT ( 'NONE',  ( 494.7882218746549400, -4.139999999999983700, 10.00000000000000000 ) ) ;
#2049 = DIRECTION ( 'NONE',  ( 0.9661835748792287900, 0.2578551912093172700, 0.0000000000000000000 ) ) ;
#2050 = PLANE ( 'NONE',  #1900 ) ;
#2051 = CARTESIAN_POINT ( 'NONE',  ( 143.2410907273989800, 3.406904695806730400, 10.00000000000000000 ) ) ;
#2052 = DIRECTION ( 'NONE',  ( 1.000000000000000000, 0.0000000000000000000, 0.0000000000000000000 ) ) ;
#2053 = CARTESIAN_POINT ( 'NONE',  ( 143.2410907273989800, 3.406904695806730400, 0.0000000000000000000 ) ) ;
#2054 = CARTESIAN_POINT ( 'NONE',  ( 133.1537847864183000, 6.099006145082124200, 10.00000000000000000 ) ) ;
#2055 = CARTESIAN_POINT ( 'NONE',  ( 483.1537847864187800, 7.244999999999881100, 10.00000000000000000 ) ) ;
#2056 = DIRECTION ( 'NONE',  ( -0.0000000000000000000, -0.0000000000000000000, -1.000000000000000000 ) ) ;
#2057 = DIRECTION ( 'NONE',  ( -0.0000000000000000000, -0.0000000000000000000, -1.000000000000000000 ) ) ;
#2058 = CARTESIAN_POINT ( 'NONE',  ( 444.7882218746549400, 9.204006145082123800, 10.00000000000000000 ) ) ;
#2059 = DIRECTION ( 'NONE',  ( 0.2578551912093170500, 0.9661835748792290100, -0.0000000000000000000 ) ) ;
#2060 = DIRECTION ( 'NONE',  ( -0.0000000000000000000, -0.0000000000000000000, -1.000000000000000000 ) ) ;
#2061 = CARTESIAN_POINT ( 'NONE',  ( 91.46375689297518400, 16.59677252218922000, 10.00000000000000000 ) ) ;
#2062 = DIRECTION ( 'NONE',  ( 1.000000000000000000, -2.312964634635741000E-016, 0.0000000000000000000 ) ) ;
#2063 = PLANE ( 'NONE',  #1879 ) ;
#2064 = CARTESIAN_POINT ( 'NONE',  ( -34.16261793703434800, 4.139999999999910900, 10.00000000000000000 ) ) ;
#2065 = DIRECTION ( 'NONE',  ( 0.9661835748792290100, 0.2578551912093164400, 0.0000000000000000000 ) ) ;
#2066 = DIRECTION ( 'NONE',  ( -0.0000000000000000000, -0.0000000000000000000, -1.000000000000000000 ) ) ;
#2067 = DIRECTION ( 'NONE',  ( -1.000000000000000000, 0.0000000000000000000, 0.0000000000000000000 ) ) ;
#2068 = DIRECTION ( 'NONE',  ( 1.000000000000000000, 0.0000000000000000000, 0.0000000000000000000 ) ) ;
#2069 = DIRECTION ( 'NONE',  ( -1.156482317317871500E-016, 1.000000000000000000, 0.0000000000000000000 ) ) ;
#2070 = DIRECTION ( 'NONE',  ( -1.000000000000000000, -1.156482317317871500E-016, 0.0000000000000000000 ) ) ;
#2071 = CARTESIAN_POINT ( 'NONE',  ( 538.1392919112955700, -15.70953889929635100, 10.00000000000000000 ) ) ;
#2072 = CARTESIAN_POINT ( 'NONE',  ( 188.1392919112955200, 29.05354504437846000, 10.00000000000000000 ) ) ;
#2073 = CARTESIAN_POINT ( 'NONE',  ( 94.78822187465483800, 4.139999999999987200, 10.00000000000000000 ) ) ;
#2074 = CARTESIAN_POINT ( 'NONE',  ( 241.4637568929752300, -3.252766377107122200, 10.00000000000000000 ) ) ;
#2075 = DIRECTION ( 'NONE',  ( -0.9661835748792289000, 0.2578551912093169900, 0.0000000000000000000 ) ) ;
#2076 = CARTESIAN_POINT ( 'NONE',  ( 188.1392919112955200, 29.05354504437846000, 10.00000000000000000 ) ) ;
#2077 = PLANE ( 'NONE',  #1891 ) ;
#2078 = CARTESIAN_POINT ( 'NONE',  ( 506.4226589628914900, -1.034999999999982200, 0.0000000000000000000 ) ) ;
#2079 = DIRECTION ( 'NONE',  ( -0.0000000000000000000, -0.0000000000000000000, -1.000000000000000000 ) ) ;
#2080 = DIRECTION ( 'NONE',  ( -1.000000000000000000, 0.0000000000000000000, 0.0000000000000000000 ) ) ;
#2081 = DIRECTION ( 'NONE',  ( -0.2578551912093158800, -0.9661835748792292300, 0.0000000000000000000 ) ) ;
#2082 = DIRECTION ( 'NONE',  ( -0.0000000000000000000, -0.0000000000000000000, -1.000000000000000000 ) ) ;
#2083 = DIRECTION ( 'NONE',  ( 0.2578551912093169900, 0.9661835748792290100, -0.0000000000000000000 ) ) ;
#2084 = DIRECTION ( 'NONE',  ( -0.9661835748792289000, 0.2578551912093169400, 0.0000000000000000000 ) ) ;
#2085 = DIRECTION ( 'NONE',  ( 0.2578551912093167700, 0.9661835748792290100, -0.0000000000000000000 ) ) ;
#2086 = DIRECTION ( 'NONE',  ( -0.0000000000000000000, -0.0000000000000000000, -1.000000000000000000 ) ) ;
#2087 = DIRECTION ( 'NONE',  ( 0.2578551912093167700, 0.9661835748792290100, -0.0000000000000000000 ) ) ;
#2088 = CARTESIAN_POINT ( 'NONE',  ( 141.4637568929752300, -3.252766377107109400, 10.00000000000000000 ) ) ;
#2089 = DIRECTION ( 'NONE',  ( -0.9661835748792289000, -0.2578551912093173200, 0.0000000000000000000 ) ) ;
#2090 = DIRECTION ( 'NONE',  ( -0.0000000000000000000, -0.0000000000000000000, -1.000000000000000000 ) ) ;
#2091 = CARTESIAN_POINT ( 'NONE',  ( 456.4226589628917200, 14.37900614508208500, 0.0000000000000000000 ) ) ;
#2092 = CARTESIAN_POINT ( 'NONE',  ( 443.2410907273990100, 3.406904695806730400, 10.00000000000000000 ) ) ;
#2093 = DIRECTION ( 'NONE',  ( -0.2578551912093173200, 0.9661835748792289000, 0.0000000000000000000 ) ) ;
#2094 = CARTESIAN_POINT ( 'NONE',  ( 189.6864230585514400, 23.25644359510307500, 0.0000000000000000000 ) ) ;
#2095 = CARTESIAN_POINT ( 'NONE',  ( 139.6864230585514400, -9.912437450020956200, 0.0000000000000000000 ) ) ;
#2096 = PLANE ( 'NONE',  #1924 ) ;
#2097 = DIRECTION ( 'NONE',  ( -0.0000000000000000000, -0.0000000000000000000, -1.000000000000000000 ) ) ;
#2098 = CARTESIAN_POINT ( 'NONE',  ( 624.7882218746549400, 30.82801229016431700, 10.00000000000000000 ) ) ;
#2099 = CARTESIAN_POINT ( 'NONE',  ( 233.1537847864183000, 6.099006145082124200, 10.00000000000000000 ) ) ;
#2100 = CARTESIAN_POINT ( 'NONE',  ( -4.162617937034346100, -3.860000000000085600, 10.00000000000000000 ) ) ;
#2101 = PLANE ( 'NONE',  #1923 ) ;
#2102 = CARTESIAN_POINT ( 'NONE',  ( 293.2410907273990100, 9.937101449275273200, 10.00000000000000000 ) ) ;
#2103 = DIRECTION ( 'NONE',  ( -1.000000000000000000, 0.0000000000000000000, 0.0000000000000000000 ) ) ;
#2104 = CARTESIAN_POINT ( 'NONE',  ( 256.4226589628916000, 14.37900614508208000, 10.00000000000000000 ) ) ;
#2105 = DIRECTION ( 'NONE',  ( 0.2578551912093166600, 0.9661835748792291200, -0.0000000000000000000 ) ) ;
#2106 = CARTESIAN_POINT ( 'NONE',  ( 394.7882218746548800, 4.140000000000001500, 10.00000000000000000 ) ) ;
#2107 = DIRECTION ( 'NONE',  ( -0.9661835748792289000, 0.2578551912093169400, 0.0000000000000000000 ) ) ;
#2108 = CARTESIAN_POINT ( 'NONE',  ( 441.4637568929752500, -3.252766377107109400, 0.0000000000000000000 ) ) ;
#2109 = DIRECTION ( 'NONE',  ( 0.0000000000000000000, 0.0000000000000000000, 1.000000000000000000 ) ) ;
#2110 = DIRECTION ( 'NONE',  ( -0.0000000000000000000, -0.0000000000000000000, -1.000000000000000000 ) ) ;
#2111 = CARTESIAN_POINT ( 'NONE',  ( 441.4637568929752500, -3.252766377107122200, 10.00000000000000000 ) ) ;
#2112 = DIRECTION ( 'NONE',  ( -0.2578551912093198800, 0.9661835748792281200, 0.0000000000000000000 ) ) ;
#2113 = CARTESIAN_POINT ( 'NONE',  ( 544.7882218746549400, 9.204006145082123800, 10.00000000000000000 ) ) ;
#2114 = DIRECTION ( 'NONE',  ( 0.9661835748792290100, 0.2578551912093166600, 0.0000000000000000000 ) ) ;
#2115 = CARTESIAN_POINT ( 'NONE',  ( 244.7882218746548800, 9.204006145082123800, 10.00000000000000000 ) ) ;
#2116 = CARTESIAN_POINT ( 'NONE',  ( 489.6864230585515000, 23.25644359510307500, 0.0000000000000000000 ) ) ;
#2117 = CARTESIAN_POINT ( 'NONE',  ( 533.1537847864184400, 6.099006145082124200, 10.00000000000000000 ) ) ;
#2118 = CARTESIAN_POINT ( 'NONE',  ( 289.6864230585514400, 23.25644359510307500, 0.0000000000000000000 ) ) ;
#2119 = CARTESIAN_POINT ( 'NONE',  ( 443.2410907273990100, 3.406904695806730400, 10.00000000000000000 ) ) ;
#2120 = CARTESIAN_POINT ( 'NONE',  ( 506.4226589628914900, -1.034999999999980400, 10.00000000000000000 ) ) ;
#2121 = CARTESIAN_POINT ( 'NONE',  ( 433.1537847864183300, 6.099006145082124200, 10.00000000000000000 ) ) ;
#2122 = CARTESIAN_POINT ( 'NONE',  ( 439.6864230585515000, -9.912437450020958000, 10.00000000000000000 ) ) ;
#2123 = DIRECTION ( 'NONE',  ( 0.9661835748792292300, -0.2578551912093158800, 0.0000000000000000000 ) ) ;
#2124 = DIRECTION ( 'NONE',  ( -0.0000000000000000000, -0.0000000000000000000, -1.000000000000000000 ) ) ;
#2125 = CARTESIAN_POINT ( 'NONE',  ( -34.16261793703434800, -3.860000000000089100, 10.00000000000000000 ) ) ;
#2126 = CARTESIAN_POINT ( 'NONE',  ( 489.6864230585515000, 23.25644359510307500, 10.00000000000000000 ) ) ;
#2127 = DIRECTION ( 'NONE',  ( 0.2578551912093170500, 0.9661835748792289000, -0.0000000000000000000 ) ) ;
#2128 = CARTESIAN_POINT ( 'NONE',  ( 156.4226589628916000, 14.37900614508208000, 10.00000000000000000 ) ) ;
#2129 = CARTESIAN_POINT ( 'NONE',  ( 444.7882218746549400, 9.204006145082123800, 10.00000000000000000 ) ) ;
#2130 = CARTESIAN_POINT ( 'NONE',  ( 393.2410907273990700, 9.937101449275171900, 10.00000000000000000 ) ) ;
#2131 = DIRECTION ( 'NONE',  ( -0.0000000000000000000, -0.0000000000000000000, -1.000000000000000000 ) ) ;
#2132 = DIRECTION ( 'NONE',  ( -0.9661835748792285700, -0.2578551912093184400, -0.0000000000000000000 ) ) ;
#2133 = CARTESIAN_POINT ( 'NONE',  ( 393.2410907273990700, 9.937101449275171900, 10.00000000000000000 ) ) ;
#2134 = DIRECTION ( 'NONE',  ( -0.2578551912093173200, 0.9661835748792289000, 0.0000000000000000000 ) ) ;
#2135 = DIRECTION ( 'NONE',  ( -0.9661835748792289000, -0.2578551912093173200, 0.0000000000000000000 ) ) ;
#2136 = PLANE ( 'NONE',  #1910 ) ;
#2137 = DIRECTION ( 'NONE',  ( 0.2578551912093164900, -0.9661835748792291200, 0.0000000000000000000 ) ) ;
#2138 = CARTESIAN_POINT ( 'NONE',  ( 143.2410907273989800, 3.406904695806730400, 10.00000000000000000 ) ) ;
#2139 = CARTESIAN_POINT ( 'NONE',  ( 391.4637568929752500, 16.59677252218922000, 10.00000000000000000 ) ) ;
#2140 = PLANE ( 'NONE',  #1888 ) ;
#2141 = DIRECTION ( 'NONE',  ( -0.0000000000000000000, -0.0000000000000000000, -1.000000000000000000 ) ) ;
#2142 = DIRECTION ( 'NONE',  ( -1.000000000000000000, 0.0000000000000000000, 0.0000000000000000000 ) ) ;
#2143 = DIRECTION ( 'NONE',  ( -1.000000000000000000, 0.0000000000000000000, 0.0000000000000000000 ) ) ;
#2144 = PLANE ( 'NONE',  #1929 ) ;
#2145 = DIRECTION ( 'NONE',  ( 0.2578551912093170500, 0.9661835748792290100, -0.0000000000000000000 ) ) ;
#2146 = PLANE ( 'NONE',  #1906 ) ;
#2147 = CARTESIAN_POINT ( 'NONE',  ( 533.1537847864184400, 6.099006145082124200, 10.00000000000000000 ) ) ;
#2148 = DIRECTION ( 'NONE',  ( -1.000000000000000000, 0.0000000000000000000, 0.0000000000000000000 ) ) ;
#2149 = DIRECTION ( 'NONE',  ( 0.0000000000000000000, 0.0000000000000000000, 1.000000000000000000 ) ) ;
#2150 = CARTESIAN_POINT ( 'NONE',  ( 491.4637568929752500, 16.59677252218922000, 10.00000000000000000 ) ) ;
#2151 = DIRECTION ( 'NONE',  ( -0.0000000000000000000, -0.0000000000000000000, -1.000000000000000000 ) ) ;
#2152 = CARTESIAN_POINT ( 'NONE',  ( 433.1537847864183300, 6.099006145082124200, 10.00000000000000000 ) ) ;
#2153 = DIRECTION ( 'NONE',  ( -1.000000000000000000, 0.0000000000000000000, 0.0000000000000000000 ) ) ;
#2154 = CARTESIAN_POINT ( 'NONE',  ( 389.6864230585514400, 23.25644359510306500, 10.00000000000000000 ) ) ;
#2155 = DIRECTION ( 'NONE',  ( -0.0000000000000000000, -0.0000000000000000000, -1.000000000000000000 ) ) ;
#2156 = CARTESIAN_POINT ( 'NONE',  ( 488.1392919112955700, 29.05354504437846000, 10.00000000000000000 ) ) ;
#2157 = PLANE ( 'NONE',  #1905 ) ;
#2158 = DIRECTION ( 'NONE',  ( -1.000000000000000000, 0.0000000000000000000, 0.0000000000000000000 ) ) ;
#2159 = DIRECTION ( 'NONE',  ( -0.0000000000000000000, -0.0000000000000000000, -1.000000000000000000 ) ) ;
#2160 = CARTESIAN_POINT ( 'NONE',  ( 456.4226589628916600, 14.37900614508208000, 10.00000000000000000 ) ) ;
#2161 = CARTESIAN_POINT ( 'NONE',  ( 491.4637568929752500, 16.59677252218922000, 10.00000000000000000 ) ) ;
#2162 = DIRECTION ( 'NONE',  ( -0.9661835748792287900, 0.2578551912093174400, 0.0000000000000000000 ) ) ;
#2163 = PLANE ( 'NONE',  #1904 ) ;
#2164 = CARTESIAN_POINT ( 'NONE',  ( 356.4226589628916000, 14.37900614508208000, 10.00000000000000000 ) ) ;
#2165 = DIRECTION ( 'NONE',  ( 0.9661835748792285700, 0.2578551912093182100, 0.0000000000000000000 ) ) ;
#2166 = DIRECTION ( 'NONE',  ( 0.2578551912093164900, -0.9661835748792291200, 0.0000000000000000000 ) ) ;
#2167 = DIRECTION ( 'NONE',  ( 0.2578551912093169900, 0.9661835748792290100, -0.0000000000000000000 ) ) ;
#2168 = DIRECTION ( 'NONE',  ( -0.0000000000000000000, -0.0000000000000000000, -1.000000000000000000 ) ) ;
#2169 = PLANE ( 'NONE',  #1931 ) ;
#2170 = PLANE ( 'NONE',  #1887 ) ;
#2171 = CARTESIAN_POINT ( 'NONE',  ( 341.4637568929752500, -3.252766377107109400, 10.00000000000000000 ) ) ;
#2172 = DIRECTION ( 'NONE',  ( -0.9661835748792281200, -0.2578551912093198800, 0.0000000000000000000 ) ) ;
#2173 = CARTESIAN_POINT ( 'NONE',  ( 144.7882218746548500, 9.204006145082120200, 10.00000000000000000 ) ) ;
#2174 = CARTESIAN_POINT ( 'NONE',  ( 406.4226589628915500, -1.034999999999982200, 10.00000000000000000 ) ) ;
#2175 = DIRECTION ( 'NONE',  ( -0.0000000000000000000, -0.0000000000000000000, -1.000000000000000000 ) ) ;
#2176 = CARTESIAN_POINT ( 'NONE',  ( -4.162617937034346100, -3.860000000000085600, 10.00000000000000000 ) ) ;
#2177 = DIRECTION ( 'NONE',  ( 0.2578551912093169900, 0.9661835748792290100, -0.0000000000000000000 ) ) ;
#2178 = DIRECTION ( 'NONE',  ( -1.000000000000000000, 0.0000000000000000000, 0.0000000000000000000 ) ) ;
#2179 = PLANE ( 'NONE',  #1915 ) ;
#2180 = DIRECTION ( 'NONE',  ( -1.000000000000000000, 0.0000000000000000000, 0.0000000000000000000 ) ) ;
#2181 = CARTESIAN_POINT ( 'NONE',  ( 193.2410907273990400, 9.937101449275171900, 10.00000000000000000 ) ) ;
#2182 = PLANE ( 'NONE',  #1899 ) ;
#2183 = CARTESIAN_POINT ( 'NONE',  ( 94.78822187465483800, 4.140000000000001500, 10.00000000000000000 ) ) ;
#2184 = CARTESIAN_POINT ( 'NONE',  ( 356.4226589628916000, 14.37900614508208000, 10.00000000000000000 ) ) ;
#2185 = DIRECTION ( 'NONE',  ( 0.2578551912093163300, -0.9661835748792291200, 0.0000000000000000000 ) ) ;
#2186 = CARTESIAN_POINT ( 'NONE',  ( 156.4226589628916000, 14.37900614508208000, 10.00000000000000000 ) ) ;
#2187 = CARTESIAN_POINT ( 'NONE',  ( 233.1537847864183000, 6.099006145082124200, 0.0000000000000000000 ) ) ;
#2188 = DIRECTION ( 'NONE',  ( 3.115820519803106400E-015, -1.000000000000000000, 0.0000000000000000000 ) ) ;
#2189 = DIRECTION ( 'NONE',  ( 1.000000000000000000, 3.115820519803106400E-015, 0.0000000000000000000 ) ) ;
#2190 = DIRECTION ( 'NONE',  ( -0.0000000000000000000, -0.0000000000000000000, -1.000000000000000000 ) ) ;
#2191 = DIRECTION ( 'NONE',  ( -1.000000000000000000, 0.0000000000000000000, 0.0000000000000000000 ) ) ;
#2192 = CARTESIAN_POINT ( 'NONE',  ( 138.1392919112955400, -15.70953889929635500, 10.00000000000000000 ) ) ;
#2193 = CARTESIAN_POINT ( 'NONE',  ( 106.4226589628914900, -1.034999999999982200, 10.00000000000000000 ) ) ;
#2194 = CARTESIAN_POINT ( 'NONE',  ( 241.4637568929752300, -3.252766377107122200, 10.00000000000000000 ) ) ;
#2195 = DIRECTION ( 'NONE',  ( 1.000000000000000000, 0.0000000000000000000, 0.0000000000000000000 ) ) ;
#2196 = PLANE ( 'NONE',  #1897 ) ;
#2197 = DIRECTION ( 'NONE',  ( -0.0000000000000000000, -0.0000000000000000000, -1.000000000000000000 ) ) ;
#2198 = DIRECTION ( 'NONE',  ( -1.000000000000000000, 0.0000000000000000000, 0.0000000000000000000 ) ) ;
#2199 = DIRECTION ( 'NONE',  ( 0.0000000000000000000, 0.0000000000000000000, 1.000000000000000000 ) ) ;
#2200 = PLANE ( 'NONE',  #1885 ) ;
#2201 = CARTESIAN_POINT ( 'NONE',  ( 91.46375689297518400, 16.59677252218922000, 10.00000000000000000 ) ) ;
#2202 = PLANE ( 'NONE',  #1925 ) ;
#2203 = CARTESIAN_POINT ( 'NONE',  ( 194.7882218746548500, 4.140000000000001500, 10.00000000000000000 ) ) ;
#2204 = DIRECTION ( 'NONE',  ( -0.9661835748792290100, 0.2578551912093166000, 0.0000000000000000000 ) ) ;
#2205 = CARTESIAN_POINT ( 'NONE',  ( 624.7882218746549400, 22.82801229016430300, 10.00000000000000000 ) ) ;
#2206 = CARTESIAN_POINT ( 'NONE',  ( 394.7882218746548800, 4.139999999999990800, 0.0000000000000000000 ) ) ;
#2207 = DIRECTION ( 'NONE',  ( -0.2578551912093158800, -0.9661835748792292300, 0.0000000000000000000 ) ) ;
#2208 = CARTESIAN_POINT ( 'NONE',  ( 243.2410907273990100, 3.406904695806730400, 0.0000000000000000000 ) ) ;
#2209 = CARTESIAN_POINT ( 'NONE',  ( 333.1537847864183300, 6.099006145082124200, 0.0000000000000000000 ) ) ;
#2210 = CARTESIAN_POINT ( 'NONE',  ( 339.6864230585514400, -9.912437450020954400, 0.0000000000000000000 ) ) ;
#2211 = DIRECTION ( 'NONE',  ( -0.0000000000000000000, -0.0000000000000000000, -1.000000000000000000 ) ) ;
#2212 = DIRECTION ( 'NONE',  ( 0.2578551912093182100, -0.9661835748792285700, 0.0000000000000000000 ) ) ;
#2213 = DIRECTION ( 'NONE',  ( -1.000000000000000000, 0.0000000000000000000, 0.0000000000000000000 ) ) ;
#2214 = CARTESIAN_POINT ( 'NONE',  ( 243.2410907273990100, 3.406904695806730400, 10.00000000000000000 ) ) ;
#2215 = CARTESIAN_POINT ( 'NONE',  ( 289.6864230585514400, 23.25644359510307900, 10.00000000000000000 ) ) ;
#2216 = DIRECTION ( 'NONE',  ( -0.0000000000000000000, -0.0000000000000000000, -1.000000000000000000 ) ) ;
#2217 = CARTESIAN_POINT ( 'NONE',  ( 394.7882218746548800, 4.139999999999990800, 10.00000000000000000 ) ) ;
#2218 = CARTESIAN_POINT ( 'NONE',  ( 456.4226589628916600, 14.37900614508208000, 10.00000000000000000 ) ) ;
#2219 = CARTESIAN_POINT ( 'NONE',  ( 283.1537847864187800, 7.244999999999881100, 10.00000000000000000 ) ) ;
#2220 = CARTESIAN_POINT ( 'NONE',  ( 356.4226589628916000, 14.37900614508208000, 10.00000000000000000 ) ) ;
#2221 = DIRECTION ( 'NONE',  ( -0.9661835748792287900, -0.2578551912093172700, 0.0000000000000000000 ) ) ;
#2222 = DIRECTION ( 'NONE',  ( -0.0000000000000000000, -0.0000000000000000000, -1.000000000000000000 ) ) ;
#2223 = CARTESIAN_POINT ( 'NONE',  ( 293.2410907273990100, 9.937101449275273200, 10.00000000000000000 ) ) ;
#2224 = CARTESIAN_POINT ( 'NONE',  ( 543.2410907273990700, 3.406904695806730400, 10.00000000000000000 ) ) ;
#2225 = DIRECTION ( 'NONE',  ( -0.0000000000000000000, -0.0000000000000000000, -1.000000000000000000 ) ) ;
#2226 = CARTESIAN_POINT ( 'NONE',  ( 594.7882218746549400, 30.82801229016432400, 10.00000000000000000 ) ) ;
#2227 = DIRECTION ( 'NONE',  ( -0.0000000000000000000, -0.0000000000000000000, -1.000000000000000000 ) ) ;
#2228 = DIRECTION ( 'NONE',  ( 0.2578551912093171600, -0.9661835748792289000, 0.0000000000000000000 ) ) ;
#2229 = DIRECTION ( 'NONE',  ( 0.9661835748792289000, 0.2578551912093171600, 0.0000000000000000000 ) ) ;
#2230 = CARTESIAN_POINT ( 'NONE',  ( 189.6864230585514400, 23.25644359510307500, 10.00000000000000000 ) ) ;
#2231 = PLANE ( 'NONE',  #252 ) ;
#2232 = CARTESIAN_POINT ( 'NONE',  ( 339.6864230585514400, -9.912437450020958000, 10.00000000000000000 ) ) ;
#2233 = CARTESIAN_POINT ( 'NONE',  ( 393.2410907273990700, 9.937101449275273200, 10.00000000000000000 ) ) ;
#2234 = PLANE ( 'NONE',  #248 ) ;
#2235 = CARTESIAN_POINT ( 'NONE',  ( 256.4226589628916000, 14.37900614508208000, 10.00000000000000000 ) ) ;
#2236 = DIRECTION ( 'NONE',  ( -0.0000000000000000000, -0.0000000000000000000, -1.000000000000000000 ) ) ;
#2237 = CARTESIAN_POINT ( 'NONE',  ( 206.4226589628915200, -1.034999999999982200, 10.00000000000000000 ) ) ;
#2238 = DIRECTION ( 'NONE',  ( -0.0000000000000000000, -0.0000000000000000000, -1.000000000000000000 ) ) ;
#2239 = CARTESIAN_POINT ( 'NONE',  ( 494.7882218746549400, 4.139999999999983700, 10.00000000000000000 ) ) ;
#2240 = DIRECTION ( 'NONE',  ( -0.2578551912093175500, 0.9661835748792287900, 0.0000000000000000000 ) ) ;
#2241 = CARTESIAN_POINT ( 'NONE',  ( 291.4637568929752000, 16.59677252218922000, 10.00000000000000000 ) ) ;
#2242 = DIRECTION ( 'NONE',  ( -0.0000000000000000000, -0.0000000000000000000, -1.000000000000000000 ) ) ;
#2243 = CARTESIAN_POINT ( 'NONE',  ( 393.2410907273990700, 9.937101449275273200, 10.00000000000000000 ) ) ;
#2244 = DIRECTION ( 'NONE',  ( -0.9661835748792289000, 0.2578551912093170500, 0.0000000000000000000 ) ) ;
#2245 = CARTESIAN_POINT ( 'NONE',  ( 493.2410907273990700, 9.937101449275266100, 10.00000000000000000 ) ) ;
#2246 = CARTESIAN_POINT ( 'NONE',  ( 44.78822187465488000, 9.204006145082123800, 10.00000000000000000 ) ) ;
#2247 = DIRECTION ( 'NONE',  ( -0.0000000000000000000, -0.0000000000000000000, -1.000000000000000000 ) ) ;
#2248 = CARTESIAN_POINT ( 'NONE',  ( 383.1537847864187800, 7.244999999999881100, 10.00000000000000000 ) ) ;
#2249 = DIRECTION ( 'NONE',  ( -0.0000000000000000000, -0.0000000000000000000, -1.000000000000000000 ) ) ;
#2250 = DIRECTION ( 'NONE',  ( 0.2578551912093173200, -0.9661835748792289000, 0.0000000000000000000 ) ) ;
#2251 = DIRECTION ( 'NONE',  ( 0.9661835748792287900, 0.2578551912093172700, 0.0000000000000000000 ) ) ;
#2252 = DIRECTION ( 'NONE',  ( -1.000000000000000000, 0.0000000000000000000, 0.0000000000000000000 ) ) ;
#2253 = DIRECTION ( 'NONE',  ( -0.0000000000000000000, -0.0000000000000000000, -1.000000000000000000 ) ) ;
#2254 = DIRECTION ( 'NONE',  ( -0.0000000000000000000, -0.0000000000000000000, -1.000000000000000000 ) ) ;
#2255 = CARTESIAN_POINT ( 'NONE',  ( 383.1537847864187800, 7.244999999999881100, 10.00000000000000000 ) ) ;
#2256 = DIRECTION ( 'NONE',  ( -0.0000000000000000000, -0.0000000000000000000, -1.000000000000000000 ) ) ;
#2257 = CARTESIAN_POINT ( 'NONE',  ( 89.68642305855139800, 23.25644359510317100, 10.00000000000000000 ) ) ;
#2258 = CARTESIAN_POINT ( 'NONE',  ( 93.24109072739899800, 9.937101449275171900, 10.00000000000000000 ) ) ;
#2259 = DIRECTION ( 'NONE',  ( -0.9661835748792289000, 0.2578551912093170500, 0.0000000000000000000 ) ) ;
#2260 = DIRECTION ( 'NONE',  ( -0.9661835748792287900, -0.2578551912093175500, 0.0000000000000000000 ) ) ;
#2261 = DIRECTION ( 'NONE',  ( -0.0000000000000000000, -0.0000000000000000000, -1.000000000000000000 ) ) ;
#2262 = DIRECTION ( 'NONE',  ( -0.0000000000000000000, -0.0000000000000000000, -1.000000000000000000 ) ) ;
#2263 = DIRECTION ( 'NONE',  ( -1.000000000000000000, 0.0000000000000000000, 0.0000000000000000000 ) ) ;
#2264 = CARTESIAN_POINT ( 'NONE',  ( 283.1537847864187800, 7.244999999999881100, 10.00000000000000000 ) ) ;
#2265 = DIRECTION ( 'NONE',  ( -0.0000000000000000000, -0.0000000000000000000, -1.000000000000000000 ) ) ;
#2266 = CARTESIAN_POINT ( 'NONE',  ( 533.1537847864184400, 6.099006145082124200, 10.00000000000000000 ) ) ;
#2267 = PLANE ( 'NONE',  #1916 ) ;
#2268 = DIRECTION ( 'NONE',  ( 0.9661835748792290100, -0.2578551912093168300, 0.0000000000000000000 ) ) ;
#2269 = PLANE ( 'NONE',  #1914 ) ;
#2270 = CARTESIAN_POINT ( 'NONE',  ( -4.162617937034346100, -3.860000000000085600, 10.00000000000000000 ) ) ;
#2271 = CARTESIAN_POINT ( 'NONE',  ( 139.6864230585514400, -9.912437450020958000, 10.00000000000000000 ) ) ;
#2272 = DIRECTION ( 'NONE',  ( -1.000000000000000000, 0.0000000000000000000, 0.0000000000000000000 ) ) ;
#2273 = DIRECTION ( 'NONE',  ( -0.0000000000000000000, -0.0000000000000000000, -1.000000000000000000 ) ) ;
#2274 = CARTESIAN_POINT ( 'NONE',  ( 94.78822187465483800, 4.139999999999987200, 10.00000000000000000 ) ) ;
#2275 = DIRECTION ( 'NONE',  ( -1.000000000000000000, -1.198392507616574800E-016, 0.0000000000000000000 ) ) ;
#2276 = CARTESIAN_POINT ( 'NONE',  ( 44.78822187465488000, 9.204006145082123800, 10.00000000000000000 ) ) ;
#2277 = DIRECTION ( 'NONE',  ( -0.0000000000000000000, 0.0000000000000000000, -1.000000000000000000 ) ) ;
#2278 = DIRECTION ( 'NONE',  ( 0.2578551912093166600, -0.9661835748792290100, 0.0000000000000000000 ) ) ;
#2279 = CARTESIAN_POINT ( 'NONE',  ( 294.7882218746548800, 4.140000000000001500, 10.00000000000000000 ) ) ;
#2280 = PLANE ( 'NONE',  #1884 ) ;
#2281 = DIRECTION ( 'NONE',  ( -0.0000000000000000000, -0.0000000000000000000, -1.000000000000000000 ) ) ;
#2282 = CARTESIAN_POINT ( 'NONE',  ( 93.24109072739899800, 9.937101449275171900, 10.00000000000000000 ) ) ;
#2283 = DIRECTION ( 'NONE',  ( -0.0000000000000000000, -0.0000000000000000000, -1.000000000000000000 ) ) ;
#2284 = CARTESIAN_POINT ( 'NONE',  ( 333.1537847864183300, 6.099006145082124200, 10.00000000000000000 ) ) ;
#2285 = DIRECTION ( 'NONE',  ( -0.0000000000000000000, -0.0000000000000000000, -1.000000000000000000 ) ) ;
#2286 = CARTESIAN_POINT ( 'NONE',  ( -4.162617937034346100, -3.860000000000085600, 10.00000000000000000 ) ) ;
#2287 = CARTESIAN_POINT ( 'NONE',  ( 339.6864230585514400, -9.912437450020958000, 10.00000000000000000 ) ) ;
#2288 = CARTESIAN_POINT ( 'NONE',  ( 333.1537847864183300, 6.099006145082124200, 10.00000000000000000 ) ) ;
#2289 = CARTESIAN_POINT ( 'NONE',  ( 539.6864230585515500, -9.912437450020958000, 10.00000000000000000 ) ) ;
#2290 = CARTESIAN_POINT ( 'NONE',  ( 256.4226589628916000, 14.37900614508208000, 10.00000000000000000 ) ) ;
#2291 = CARTESIAN_POINT ( 'NONE',  ( 256.4226589628916000, 14.37900614508208000, 10.00000000000000000 ) ) ;
#2292 = PLANE ( 'NONE',  #1907 ) ;
#2293 = PLANE ( 'NONE',  #1878 ) ;
#2294 = DIRECTION ( 'NONE',  ( -2.312964634635741000E-016, -1.000000000000000000, 0.0000000000000000000 ) ) ;
#2295 = CARTESIAN_POINT ( 'NONE',  ( 256.4226589628916000, 14.37900614508208000, 10.00000000000000000 ) ) ;
#2296 = DIRECTION ( 'NONE',  ( 0.0000000000000000000, 0.0000000000000000000, 1.000000000000000000 ) ) ;
#2297 = DIRECTION ( 'NONE',  ( -0.0000000000000000000, -0.0000000000000000000, -1.000000000000000000 ) ) ;
#2298 = CARTESIAN_POINT ( 'NONE',  ( 389.6864230585515000, 23.25644359510307500, 0.0000000000000000000 ) ) ;
#2299 = CARTESIAN_POINT ( 'NONE',  ( 183.1537847864187500, 7.244999999999881100, 10.00000000000000000 ) ) ;
#2300 = CARTESIAN_POINT ( 'NONE',  ( 388.1392919112955700, 29.05354504437846000, 10.00000000000000000 ) ) ;
#2301 = CARTESIAN_POINT ( 'NONE',  ( 333.1537847864183300, 6.099006145082124200, 10.00000000000000000 ) ) ;
#2302 = DIRECTION ( 'NONE',  ( 0.0000000000000000000, 0.0000000000000000000, 1.000000000000000000 ) ) ;
#2303 = DIRECTION ( 'NONE',  ( 0.0000000000000000000, 0.0000000000000000000, 1.000000000000000000 ) ) ;
#2304 = CARTESIAN_POINT ( 'NONE',  ( 91.46375689297518400, 16.59677252218922000, 0.0000000000000000000 ) ) ;
#2305 = CARTESIAN_POINT ( 'NONE',  ( 189.6864230585514400, 23.25644359510307900, 10.00000000000000000 ) ) ;
#2306 = DIRECTION ( 'NONE',  ( 0.2578551912093166600, -0.9661835748792290100, 0.0000000000000000000 ) ) ;
#2307 = CARTESIAN_POINT ( 'NONE',  ( 88.13929191129551600, 29.05354504437846000, 10.00000000000000000 ) ) ;
#2308 = CARTESIAN_POINT ( 'NONE',  ( 143.2410907273989800, 3.406904695806730400, 10.00000000000000000 ) ) ;
#2309 = CARTESIAN_POINT ( 'NONE',  ( 344.7882218746549400, 9.204006145082123800, 10.00000000000000000 ) ) ;
#2310 = CARTESIAN_POINT ( 'NONE',  ( 338.1392919112955700, -15.70953889929635800, 10.00000000000000000 ) ) ;
#2311 = CARTESIAN_POINT ( 'NONE',  ( 243.2410907273990100, 3.406904695806730400, 10.00000000000000000 ) ) ;
#2312 = CARTESIAN_POINT ( 'NONE',  ( 83.15378478641872600, 7.244999999999881100, 10.00000000000000000 ) ) ;
#2313 = PLANE ( 'NONE',  #1922 ) ;
#2314 = CARTESIAN_POINT ( 'NONE',  ( 439.6864230585515000, -9.912437450020958000, 10.00000000000000000 ) ) ;
#2315 = DIRECTION ( 'NONE',  ( -0.0000000000000000000, -0.0000000000000000000, -1.000000000000000000 ) ) ;
#2316 = DIRECTION ( 'NONE',  ( -0.0000000000000000000, 0.0000000000000000000, -1.000000000000000000 ) ) ;
#2317 = CARTESIAN_POINT ( 'NONE',  ( 493.2410907273990700, 9.937101449275266100, 10.00000000000000000 ) ) ;
#2318 = CARTESIAN_POINT ( 'NONE',  ( 543.2410907273990700, 3.406904695806730400, 10.00000000000000000 ) ) ;
#2319 = CARTESIAN_POINT ( 'NONE',  ( -34.16261793703434800, -3.860000000000089100, 0.0000000000000000000 ) ) ;
#2320 = DIRECTION ( 'NONE',  ( -0.0000000000000000000, -0.0000000000000000000, -1.000000000000000000 ) ) ;
#2321 = CARTESIAN_POINT ( 'NONE',  ( 506.4226589628914900, -1.034999999999982200, 10.00000000000000000 ) ) ;
#2322 = CARTESIAN_POINT ( 'NONE',  ( 91.46375689297518400, 16.59677252218922000, 10.00000000000000000 ) ) ;
#2323 = CARTESIAN_POINT ( 'NONE',  ( 439.6864230585515000, -9.912437450020958000, 10.00000000000000000 ) ) ;
#2324 = DIRECTION ( 'NONE',  ( -0.0000000000000000000, -0.0000000000000000000, -1.000000000000000000 ) ) ;
#2325 = CARTESIAN_POINT ( 'NONE',  ( 288.1392919112955700, 29.05354504437846000, 10.00000000000000000 ) ) ;
#2326 = CARTESIAN_POINT ( 'NONE',  ( 141.4637568929752300, -3.252766377107122200, 0.0000000000000000000 ) ) ;
#2327 = CARTESIAN_POINT ( 'NONE',  ( 144.7882218746548500, 9.204006145082120200, 10.00000000000000000 ) ) ;
#2328 = DIRECTION ( 'NONE',  ( -0.0000000000000000000, -0.0000000000000000000, -1.000000000000000000 ) ) ;
#2329 = DIRECTION ( 'NONE',  ( -0.0000000000000000000, -0.0000000000000000000, -1.000000000000000000 ) ) ;
#2330 = CARTESIAN_POINT ( 'NONE',  ( -34.16261793703434800, 4.139999999999910900, 10.00000000000000000 ) ) ;
#2331 = DIRECTION ( 'NONE',  ( 0.9661835748792290100, -0.2578551912093168300, 0.0000000000000000000 ) ) ;
#2332 = CARTESIAN_POINT ( 'NONE',  ( 456.4226589628916600, 14.37900614508208000, 10.00000000000000000 ) ) ;
#2333 = DIRECTION ( 'NONE',  ( -0.9661835748792292300, 0.2578551912093158800, 0.0000000000000000000 ) ) ;
#2334 = DIRECTION ( 'NONE',  ( 0.9661835748792289000, 0.2578551912093172700, -0.0000000000000000000 ) ) ;
#2335 = DIRECTION ( 'NONE',  ( -0.0000000000000000000, -1.000000000000000000, -0.0000000000000000000 ) ) ;
#2336 = CARTESIAN_POINT ( 'NONE',  ( 88.13929191129551600, 29.05354504437846000, 10.00000000000000000 ) ) ;
#2337 = DIRECTION ( 'NONE',  ( 0.9661835748792289000, -0.2578551912093169900, 0.0000000000000000000 ) ) ;
#2338 = DIRECTION ( 'NONE',  ( 0.0000000000000000000, 0.0000000000000000000, -1.000000000000000000 ) ) ;
#2339 = DIRECTION ( 'NONE',  ( 0.2578551912093170500, 0.9661835748792290100, -0.0000000000000000000 ) ) ;
#2340 = DIRECTION ( 'NONE',  ( 1.000000000000000000, 0.0000000000000000000, 0.0000000000000000000 ) ) ;
#2341 = DIRECTION ( 'NONE',  ( -0.0000000000000000000, -0.0000000000000000000, -1.000000000000000000 ) ) ;
#2342 = CARTESIAN_POINT ( 'NONE',  ( 343.2410907273990700, 3.406904695806730400, 10.00000000000000000 ) ) ;
#2343 = DIRECTION ( 'NONE',  ( -1.000000000000000000, 0.0000000000000000000, 0.0000000000000000000 ) ) ;
#2344 = DIRECTION ( 'NONE',  ( 0.0000000000000000000, 0.0000000000000000000, 1.000000000000000000 ) ) ;
#2345 = DIRECTION ( 'NONE',  ( -0.0000000000000000000, -0.0000000000000000000, -1.000000000000000000 ) ) ;
#2346 = CARTESIAN_POINT ( 'NONE',  ( 433.1537847864183300, 6.099006145082124200, 10.00000000000000000 ) ) ;
#2347 = CARTESIAN_POINT ( 'NONE',  ( 306.4226589628915500, -1.034999999999982200, 10.00000000000000000 ) ) ;
#2348 = PLANE ( 'NONE',  #1889 ) ;
#2349 = CARTESIAN_POINT ( 'NONE',  ( 394.7882218746548800, -4.139999999999983700, 10.00000000000000000 ) ) ;
#2350 = DIRECTION ( 'NONE',  ( -0.9661835748792284600, 0.2578551912093184900, 0.0000000000000000000 ) ) ;
#2351 = CARTESIAN_POINT ( 'NONE',  ( -4.162617937034346100, -3.860000000000085600, 10.00000000000000000 ) ) ;
#2352 = DIRECTION ( 'NONE',  ( -0.9661835748792290100, 0.2578551912093167700, 0.0000000000000000000 ) ) ;
#2353 = DIRECTION ( 'NONE',  ( 0.9661835748792290100, 0.2578551912093164400, 0.0000000000000000000 ) ) ;
#2354 = CARTESIAN_POINT ( 'NONE',  ( 356.4226589628916000, 14.37900614508208000, 10.00000000000000000 ) ) ;
#2355 = CARTESIAN_POINT ( 'NONE',  ( 443.2410907273990100, 3.406904695806730400, 0.0000000000000000000 ) ) ;
#2356 = DIRECTION ( 'NONE',  ( -0.9661835748792285700, -0.2578551912093184400, -0.0000000000000000000 ) ) ;
#2357 = CARTESIAN_POINT ( 'NONE',  ( 483.1537847864187800, 7.244999999999881100, 10.00000000000000000 ) ) ;
#2358 = CARTESIAN_POINT ( 'NONE',  ( 294.7882218746548800, -4.139999999999983700, 0.0000000000000000000 ) ) ;
#2359 = DIRECTION ( 'NONE',  ( 0.0000000000000000000, 0.0000000000000000000, 1.000000000000000000 ) ) ;
#2360 = CARTESIAN_POINT ( 'NONE',  ( 341.4637568929752500, -3.252766377107109400, 0.0000000000000000000 ) ) ;
#2361 = DIRECTION ( 'NONE',  ( -0.0000000000000000000, -0.0000000000000000000, -1.000000000000000000 ) ) ;
#2362 = DIRECTION ( 'NONE',  ( -0.9661835748792287900, -0.2578551912093172700, 0.0000000000000000000 ) ) ;
#2363 = CARTESIAN_POINT ( 'NONE',  ( 539.6864230585515500, -9.912437450020958000, 10.00000000000000000 ) ) ;
#2364 = DIRECTION ( 'NONE',  ( -0.0000000000000000000, -0.0000000000000000000, -1.000000000000000000 ) ) ;
#2365 = PLANE ( 'NONE',  #1890 ) ;
#2366 = DIRECTION ( 'NONE',  ( 0.9661835748792291200, 0.2578551912093162700, 0.0000000000000000000 ) ) ;
#2367 = CARTESIAN_POINT ( 'NONE',  ( 141.4637568929752300, -3.252766377107109400, 0.0000000000000000000 ) ) ;
#2368 = CARTESIAN_POINT ( 'NONE',  ( 156.4226589628916000, 14.37900614508208000, 10.00000000000000000 ) ) ;
#2369 = PLANE ( 'NONE',  #1919 ) ;
#2370 = DIRECTION ( 'NONE',  ( -0.0000000000000000000, -0.0000000000000000000, -1.000000000000000000 ) ) ;
#2371 = DIRECTION ( 'NONE',  ( 0.0000000000000000000, 0.0000000000000000000, 1.000000000000000000 ) ) ;
#2372 = CARTESIAN_POINT ( 'NONE',  ( 94.78822187465485200, -4.139999999999989900, 10.00000000000000000 ) ) ;
#2373 = DIRECTION ( 'NONE',  ( -1.000000000000000000, 0.0000000000000000000, 0.0000000000000000000 ) ) ;
#2374 = CARTESIAN_POINT ( 'NONE',  ( 133.1537847864183000, 6.099006145082124200, 0.0000000000000000000 ) ) ;
#2375 = PLANE ( 'NONE',  #1881 ) ;
#2376 = CARTESIAN_POINT ( 'NONE',  ( 341.4637568929752500, -3.252766377107122200, 10.00000000000000000 ) ) ;
#2377 = DIRECTION ( 'NONE',  ( 0.9661835748792290100, 0.2578551912093166600, 0.0000000000000000000 ) ) ;
#2378 = CARTESIAN_POINT ( 'NONE',  ( 406.4226589628915500, -1.034999999999994400, 10.00000000000000000 ) ) ;
#2379 = DIRECTION ( 'NONE',  ( -0.0000000000000000000, -0.0000000000000000000, -1.000000000000000000 ) ) ;
#2380 = DIRECTION ( 'NONE',  ( -0.0000000000000000000, -0.0000000000000000000, -1.000000000000000000 ) ) ;
#2381 = DIRECTION ( 'NONE',  ( -0.0000000000000000000, -0.0000000000000000000, -1.000000000000000000 ) ) ;
#2382 = PLANE ( 'NONE',  #1896 ) ;
#2383 = DIRECTION ( 'NONE',  ( -0.0000000000000000000, -0.0000000000000000000, -1.000000000000000000 ) ) ;
#2384 = CARTESIAN_POINT ( 'NONE',  ( 294.7882218746548800, 4.139999999999990800, 10.00000000000000000 ) ) ;
#2385 = CARTESIAN_POINT ( 'NONE',  ( 493.2410907273990700, 9.937101449275171900, 10.00000000000000000 ) ) ;
#2386 = DIRECTION ( 'NONE',  ( 0.9661835748792289000, -0.2578551912093169900, 0.0000000000000000000 ) ) ;
#2387 = DIRECTION ( 'NONE',  ( -0.9661835748792292300, 0.2578551912093158800, 0.0000000000000000000 ) ) ;
#2388 = CARTESIAN_POINT ( 'NONE',  ( 91.46375689297518400, 16.59677252218922000, 10.00000000000000000 ) ) ;
#2389 = CARTESIAN_POINT ( 'NONE',  ( 139.6864230585514400, -9.912437450020958000, 10.00000000000000000 ) ) ;
#2390 = CARTESIAN_POINT ( 'NONE',  ( 191.4637568929752000, 16.59677252218922000, 0.0000000000000000000 ) ) ;
#2391 = CARTESIAN_POINT ( 'NONE',  ( 394.7882218746548800, -4.139999999999983700, 0.0000000000000000000 ) ) ;
#2392 = CARTESIAN_POINT ( 'NONE',  ( 594.7882218746549400, 30.82801229016432400, 0.0000000000000000000 ) ) ;
#2393 = CARTESIAN_POINT ( 'NONE',  ( -5.211778125345123400, 4.140000000000001500, 10.00000000000000000 ) ) ;
#2394 = DIRECTION ( 'NONE',  ( -0.9661835748792289000, 0.2578551912093168300, 0.0000000000000000000 ) ) ;
#2395 = DIRECTION ( 'NONE',  ( 0.9661835748792289000, -0.2578551912093169400, 0.0000000000000000000 ) ) ;
#2396 = DIRECTION ( 'NONE',  ( -0.0000000000000000000, -0.0000000000000000000, -1.000000000000000000 ) ) ;
#2397 = DIRECTION ( 'NONE',  ( 0.9661835748792289000, 0.2578551912093172700, -0.0000000000000000000 ) ) ;
#2398 = CARTESIAN_POINT ( 'NONE',  ( 94.78822187465485200, -4.139999999999989900, 0.0000000000000000000 ) ) ;
#2399 = DIRECTION ( 'NONE',  ( 1.000000000000000000, 0.0000000000000000000, 0.0000000000000000000 ) ) ;
#2400 = DIRECTION ( 'NONE',  ( -0.0000000000000000000, -0.0000000000000000000, -1.000000000000000000 ) ) ;
#2401 = CARTESIAN_POINT ( 'NONE',  ( 338.1392919112955700, -15.70953889929635800, 10.00000000000000000 ) ) ;
#2402 = PLANE ( 'NONE',  #1918 ) ;
#2403 = CARTESIAN_POINT ( 'NONE',  ( 243.2410907273990100, 3.406904695806730400, 0.0000000000000000000 ) ) ;
#2404 = CARTESIAN_POINT ( 'NONE',  ( 343.2410907273990700, 3.406904695806730400, 10.00000000000000000 ) ) ;
#2405 = DIRECTION ( 'NONE',  ( 0.2578551912093162700, -0.9661835748792291200, 0.0000000000000000000 ) ) ;
#2406 = DIRECTION ( 'NONE',  ( -0.9661835748792286800, -0.2578551912093179900, -0.0000000000000000000 ) ) ;
#2407 = CARTESIAN_POINT ( 'NONE',  ( 624.7882218746549400, 30.82801229016431700, 0.0000000000000000000 ) ) ;
#2408 = DIRECTION ( 'NONE',  ( -1.000000000000000000, 0.0000000000000000000, 0.0000000000000000000 ) ) ;
#2409 = CARTESIAN_POINT ( 'NONE',  ( 344.7882218746549400, 9.204006145082123800, 10.00000000000000000 ) ) ;
#2410 = DIRECTION ( 'NONE',  ( -0.0000000000000000000, -0.0000000000000000000, -1.000000000000000000 ) ) ;
#2411 = DIRECTION ( 'NONE',  ( -1.000000000000000000, 0.0000000000000000000, 0.0000000000000000000 ) ) ;
#2412 = CARTESIAN_POINT ( 'NONE',  ( 233.1537847864183000, 6.099006145082124200, 0.0000000000000000000 ) ) ;
#2413 = CARTESIAN_POINT ( 'NONE',  ( 294.7882218746548800, 4.140000000000001500, 0.0000000000000000000 ) ) ;
#2414 = DIRECTION ( 'NONE',  ( -0.0000000000000000000, -0.0000000000000000000, -1.000000000000000000 ) ) ;
#2415 = CARTESIAN_POINT ( 'NONE',  ( 289.6864230585514400, 23.25644359510307500, 10.00000000000000000 ) ) ;
#2416 = DIRECTION ( 'NONE',  ( 0.9661835748792290100, 0.2578551912093164400, 0.0000000000000000000 ) ) ;
#2417 = DIRECTION ( 'NONE',  ( -0.0000000000000000000, -0.0000000000000000000, -1.000000000000000000 ) ) ;
#2418 = DIRECTION ( 'NONE',  ( -0.0000000000000000000, -0.0000000000000000000, -1.000000000000000000 ) ) ;
#2419 = CARTESIAN_POINT ( 'NONE',  ( 538.1392919112955700, -15.70953889929635100, 10.00000000000000000 ) ) ;
#2420 = CARTESIAN_POINT ( 'NONE',  ( 239.6864230585514700, -9.912437450020958000, 0.0000000000000000000 ) ) ;
#2421 = DIRECTION ( 'NONE',  ( 0.9661835748792290100, -0.2578551912093165500, 0.0000000000000000000 ) ) ;
#2422 = DIRECTION ( 'NONE',  ( -1.000000000000000000, 0.0000000000000000000, 0.0000000000000000000 ) ) ;
#2423 = CARTESIAN_POINT ( 'NONE',  ( 624.7882218746549400, 22.82801229016430300, 10.00000000000000000 ) ) ;
#2424 = DIRECTION ( 'NONE',  ( 0.9661835748792289000, -0.2578551912093169400, 0.0000000000000000000 ) ) ;
#2425 = DIRECTION ( 'NONE',  ( 0.9661835748792289000, -0.2578551912093169900, 0.0000000000000000000 ) ) ;
#2426 = CARTESIAN_POINT ( 'NONE',  ( 389.6864230585515000, 23.25644359510307500, 10.00000000000000000 ) ) ;
#2427 = CARTESIAN_POINT ( 'NONE',  ( 494.7882218746549400, 4.140000000000001500, 10.00000000000000000 ) ) ;
#2428 = DIRECTION ( 'NONE',  ( -0.0000000000000000000, -0.0000000000000000000, -1.000000000000000000 ) ) ;
#2429 = CARTESIAN_POINT ( 'NONE',  ( 595.8373820629656200, 22.82801229016429900, 10.00000000000000000 ) ) ;
#2430 = DIRECTION ( 'NONE',  ( -0.0000000000000000000, -0.0000000000000000000, -1.000000000000000000 ) ) ;
#2431 = DIRECTION ( 'NONE',  ( -1.000000000000000000, 0.0000000000000000000, 0.0000000000000000000 ) ) ;
#2432 = DIRECTION ( 'NONE',  ( -0.2578551912093164900, 0.9661835748792291200, 0.0000000000000000000 ) ) ;
#2433 = CARTESIAN_POINT ( 'NONE',  ( 624.7882218746549400, 22.82801229016430300, 0.0000000000000000000 ) ) ;
#2434 = DIRECTION ( 'NONE',  ( -0.0000000000000000000, -0.0000000000000000000, -1.000000000000000000 ) ) ;
#2435 = DIRECTION ( 'NONE',  ( -0.9661835748792290100, -0.2578551912093164400, 0.0000000000000000000 ) ) ;
#2436 = CARTESIAN_POINT ( 'NONE',  ( 595.8373820629656200, 22.82801229016429900, 0.0000000000000000000 ) ) ;
#2437 = DIRECTION ( 'NONE',  ( 0.2578551912093168800, 0.9661835748792290100, -0.0000000000000000000 ) ) ;
#2438 = CARTESIAN_POINT ( 'NONE',  ( 306.4226589628915500, -1.034999999999994400, 10.00000000000000000 ) ) ;
#2439 = DIRECTION ( 'NONE',  ( -0.0000000000000000000, -0.0000000000000000000, -1.000000000000000000 ) ) ;
#2440 = DIRECTION ( 'NONE',  ( -0.0000000000000000000, -0.0000000000000000000, -1.000000000000000000 ) ) ;
#2441 = CARTESIAN_POINT ( 'NONE',  ( 238.1392919112955700, -15.70953889929636200, 10.00000000000000000 ) ) ;
#2442 = CARTESIAN_POINT ( 'NONE',  ( 391.4637568929752500, 16.59677252218922000, 10.00000000000000000 ) ) ;
#2443 = CARTESIAN_POINT ( 'NONE',  ( 356.4226589628916000, 14.37900614508208000, 10.00000000000000000 ) ) ;
#2444 = DIRECTION ( 'NONE',  ( -0.9661835748792290100, -0.2578551912093163800, -0.0000000000000000000 ) ) ;
#2445 = DIRECTION ( 'NONE',  ( -0.0000000000000000000, -0.0000000000000000000, -1.000000000000000000 ) ) ;
#2446 = CARTESIAN_POINT ( 'NONE',  ( 133.1537847864183000, 6.099006145082124200, 10.00000000000000000 ) ) ;
#2447 = DIRECTION ( 'NONE',  ( -0.0000000000000000000, -0.0000000000000000000, -1.000000000000000000 ) ) ;
#2448 = DIRECTION ( 'NONE',  ( -0.0000000000000000000, -0.0000000000000000000, -1.000000000000000000 ) ) ;
#2449 = CARTESIAN_POINT ( 'NONE',  ( 194.7882218746548500, 4.139999999999985500, 10.00000000000000000 ) ) ;
#2450 = CARTESIAN_POINT ( 'NONE',  ( -5.211778125345123400, 4.140000000000001500, 10.00000000000000000 ) ) ;
#2451 = DIRECTION ( 'NONE',  ( 0.0000000000000000000, 0.0000000000000000000, 1.000000000000000000 ) ) ;
#2452 = CARTESIAN_POINT ( 'NONE',  ( 491.4637568929752500, 16.59677252218922000, 0.0000000000000000000 ) ) ;
#2453 = DIRECTION ( 'NONE',  ( -1.000000000000000000, 2.312964634635741000E-016, -0.0000000000000000000 ) ) ;
#2454 = DIRECTION ( 'NONE',  ( 1.000000000000000000, 0.0000000000000000000, 0.0000000000000000000 ) ) ;
#2455 = DIRECTION ( 'NONE',  ( -0.9661835748792289000, 0.2578551912093169400, 0.0000000000000000000 ) ) ;
#2456 = CARTESIAN_POINT ( 'NONE',  ( 541.4637568929753100, -3.252766377107122200, 10.00000000000000000 ) ) ;
#2457 = PLANE ( 'NONE',  #1893 ) ;
#2458 = DIRECTION ( 'NONE',  ( -0.0000000000000000000, -0.0000000000000000000, -1.000000000000000000 ) ) ;
#2459 = CARTESIAN_POINT ( 'NONE',  ( 133.1537847864183000, 6.099006145082124200, 0.0000000000000000000 ) ) ;
#2460 = DIRECTION ( 'NONE',  ( 0.9661835748792290100, 0.2578551912093164400, 0.0000000000000000000 ) ) ;
#2461 = CC_DESIGN_SECURITY_CLASSIFICATION ( #1955, ( #1950 ) ) ;
#2462 = PRODUCT_RELATED_PRODUCT_CATEGORY ( 'detail', '', ( #291 ) ) ;
ENDSEC;
END-ISO-10303-21;
