/*--------------------------------*- C++ -*----------------------------------*\
  =========                 |
  \\      /  F ield         | OpenFOAM: The Open Source CFD Toolbox
   \\    /   O peration     | Website:  https://openfoam.org
    \\  /    A nd           | Version:  13
     \\/     M anipulation  |
\*---------------------------------------------------------------------------*/
FoamFile
{
    format      ascii;
    class       faceList;
    location    "constant/polyMesh";
    object      faces;
}
// * * * * * * * * * * * * * * * * * * * * * * * * * * * * * * * * * * * * * //


8763
(
4(2359 1940 2348 1893)
4(2348 1941 2341 1893)
4(1 1946 2191 1945)
4(2361 1944 2349 1894)
4(2349 1945 2191 1894)
4(2 2400 2514 2399)
4(3350 2399 2514 2600)
4(2514 2400 3364 2600)
4(3364 2689 3350 2600)
4(3 3416 3551 3415)
4(3367 2690 3352 2601)
5(3352 1750 3476 1838 2601)
5(1838 3478 1751 3367 2601)
4(1750 3415 3551 3476)
4(1751 3478 3551 3416)
4(1838 3476 3551 3478)
4(5 26 214 193)
5(25 2698 213 214 26)
5(192 193 214 213 2704)
4(4 2692 3068 2691)
4(25 2691 3068 2698)
4(192 2704 3068 2692)
4(213 2698 3068 2704)
4(6 27 215 194)
4(26 214 215 27)
4(193 194 215 214)
4(7 28 216 195)
4(27 215 216 28)
4(194 195 216 215)
4(8 29 217 196)
4(28 216 217 29)
4(195 196 217 216)
4(9 30 218 197)
4(29 217 218 30)
4(196 197 218 217)
4(10 31 219 198)
4(30 218 219 31)
4(197 198 219 218)
4(11 32 220 199)
4(31 219 220 32)
4(198 199 220 219)
4(12 33 221 200)
4(32 220 221 33)
4(199 200 221 220)
4(13 34 222 201)
4(33 221 222 34)
4(200 201 222 221)
4(14 35 223 202)
4(34 222 223 35)
4(201 202 223 222)
4(15 36 224 203)
4(35 223 224 36)
4(202 203 224 223)
4(16 37 225 204)
4(36 224 225 37)
4(203 204 225 224)
4(17 38 226 205)
4(37 225 226 38)
4(204 205 226 225)
4(18 39 227 206)
4(38 226 227 39)
4(205 206 227 226)
4(19 40 228 207)
4(39 227 228 40)
4(206 207 228 227)
4(40 228 229 41)
4(207 208 229 228)
4(21 1948 2195 1949)
4(2195 1948 3644 3384)
4(3638 1949 2195 3384)
4(3644 3417 3638 3384)
4(22 1952 2199 1953)
4(22 1953 3555 3418)
4(2199 1952 3646 3385)
4(2199 3385 3555 1953)
4(3646 3418 3555 3385)
4(23 3419 3558 2695)
4(23 2695 3559 3420)
5(1839 3485 1754 3351 2602)
5(3351 1954 3510 2196 2602)
6(2196 3472 1711 2769 1839 2602)
4(1711 2695 3558 2769)
4(1754 3485 3558 3419)
4(1839 2769 3558 3485)
4(1711 3472 3559 2695)
4(1954 3420 3559 3510)
4(2196 3510 3559 3472)
4(24 2696 3069 1755)
4(24 1755 3072 2697)
4(3069 2696 3648 3386)
4(3648 2697 3072 3386)
4(3072 1755 3069 3386)
4(26 47 235 214)
5(46 3426 234 235 47)
5(213 214 235 234 3439)
4(25 2698 3560 3421)
4(46 3421 3560 3426)
4(213 3439 3560 2698)
4(234 3426 3560 3439)
4(27 48 236 215)
4(47 235 236 48)
4(214 215 236 235)
4(28 49 237 216)
4(48 236 237 49)
4(215 216 237 236)
4(29 50 238 217)
4(49 237 238 50)
4(216 217 238 237)
4(30 51 239 218)
4(50 238 239 51)
4(217 218 239 238)
4(31 52 240 219)
4(51 239 240 52)
4(218 219 240 239)
4(32 53 241 220)
4(52 240 241 53)
4(219 220 241 240)
4(33 54 242 221)
4(53 241 242 54)
4(220 221 242 241)
4(34 55 243 222)
4(54 242 243 55)
4(221 222 243 242)
4(35 56 244 223)
4(55 243 244 56)
4(222 223 244 243)
4(36 57 245 224)
4(56 244 245 57)
4(223 224 245 244)
4(37 58 246 225)
4(57 245 246 58)
4(224 225 246 245)
4(38 59 247 226)
4(58 246 247 59)
4(225 226 247 246)
4(39 60 248 227)
4(59 247 248 60)
4(226 227 248 247)
4(40 61 249 228)
4(60 248 249 61)
4(227 228 249 248)
4(61 249 250 62)
4(228 229 250 249)
4(42 1756 1844 1757)
4(1844 1756 3645 3387)
4(3645 3422 3639 3387)
4(3639 1757 1844 3387)
4(43 1955 2197 1758)
4(43 1758 3563 3423)
4(2197 1955 3647 3388)
4(3647 3423 3563 3388)
4(3563 1758 2197 3388)
5(45 66 254 233 2700)
5(65 3431 253 254 66)
6(232 2714 233 254 253 3442)
4(44 2699 3073 1956)
4(45 2700 3073 2699)
4(232 1956 3073 2714)
4(233 2714 3073 2700)
4(44 1956 3566 3424)
4(65 3424 3566 3431)
4(232 3442 3566 1956)
4(253 3431 3566 3442)
5(46 67 255 234 3426)
4(66 254 255 67)
5(233 3443 234 255 254)
4(45 3425 3561 2700)
4(46 3426 3561 3425)
4(233 2700 3561 3443)
4(234 3443 3561 3426)
4(47 68 256 235)
4(67 255 256 68)
4(234 235 256 255)
4(48 69 257 236)
4(68 256 257 69)
4(235 236 257 256)
4(49 70 258 237)
4(69 257 258 70)
4(236 237 258 257)
4(50 71 259 238)
4(70 258 259 71)
4(237 238 259 258)
4(51 72 260 239)
4(71 259 260 72)
4(238 239 260 259)
4(52 73 261 240)
4(72 260 261 73)
4(239 240 261 260)
4(53 74 262 241)
4(73 261 262 74)
4(240 241 262 261)
4(54 75 263 242)
4(74 262 263 75)
4(241 242 263 262)
4(55 76 264 243)
4(75 263 264 76)
4(242 243 264 263)
4(56 77 265 244)
4(76 264 265 77)
4(243 244 265 264)
4(57 78 266 245)
4(77 265 266 78)
4(244 245 266 265)
4(58 79 267 246)
4(78 266 267 79)
4(245 246 267 266)
4(59 80 268 247)
4(79 267 268 80)
4(246 247 268 267)
4(60 81 269 248)
4(80 268 269 81)
4(247 248 269 268)
4(61 82 270 249)
4(81 269 270 82)
4(248 249 270 269)
4(82 270 271 83)
4(249 250 271 270)
5(64 85 273 252 3430)
4(84 272 273 85)
5(251 3444 252 273 272)
4(63 3427 3564 3428)
4(64 3430 3564 3427)
4(251 3428 3564 3444)
4(252 3444 3564 3430)
5(65 86 274 253 3431)
4(85 273 274 86)
5(252 3446 253 274 273)
4(64 3429 3567 3430)
4(65 3431 3567 3429)
4(252 3430 3567 3446)
4(253 3446 3567 3431)
4(66 87 275 254)
4(86 274 275 87)
4(253 254 275 274)
4(67 88 276 255)
4(87 275 276 88)
4(254 255 276 275)
4(68 89 277 256)
4(88 276 277 89)
4(255 256 277 276)
4(69 90 278 257)
4(89 277 278 90)
4(256 257 278 277)
4(70 91 279 258)
4(90 278 279 91)
4(257 258 279 278)
4(71 92 280 259)
4(91 279 280 92)
4(258 259 280 279)
4(72 93 281 260)
4(92 280 281 93)
4(259 260 281 280)
4(73 94 282 261)
4(93 281 282 94)
4(260 261 282 281)
4(74 95 283 262)
4(94 282 283 95)
4(261 262 283 282)
4(75 96 284 263)
4(95 283 284 96)
4(262 263 284 283)
4(76 97 285 264)
4(96 284 285 97)
4(263 264 285 284)
4(77 98 286 265)
4(97 285 286 98)
4(264 265 286 285)
4(78 99 287 266)
4(98 286 287 99)
4(265 266 287 286)
4(79 100 288 267)
4(99 287 288 100)
4(266 267 288 287)
4(80 101 289 268)
4(100 288 289 101)
4(267 268 289 288)
4(81 102 290 269)
4(101 289 290 102)
4(268 269 290 289)
4(82 103 291 270)
4(102 290 291 103)
4(269 270 291 290)
4(103 291 292 104)
4(270 271 292 291)
4(85 106 294 273)
4(105 293 294 106)
4(272 273 294 293)
4(86 107 295 274)
4(106 294 295 107)
4(273 274 295 294)
4(87 108 296 275)
4(107 295 296 108)
4(274 275 296 295)
4(88 109 297 276)
4(108 296 297 109)
4(275 276 297 296)
4(89 110 298 277)
4(109 297 298 110)
4(276 277 298 297)
4(90 111 299 278)
4(110 298 299 111)
4(277 278 299 298)
4(91 112 300 279)
4(111 299 300 112)
4(278 279 300 299)
4(92 113 301 280)
4(112 300 301 113)
4(279 280 301 300)
4(93 114 302 281)
4(113 301 302 114)
4(280 281 302 301)
4(94 115 303 282)
4(114 302 303 115)
4(281 282 303 302)
4(95 116 304 283)
4(115 303 304 116)
4(282 283 304 303)
4(96 117 305 284)
4(116 304 305 117)
4(283 284 305 304)
4(97 118 306 285)
4(117 305 306 118)
4(284 285 306 305)
4(98 119 307 286)
4(118 306 307 119)
4(285 286 307 306)
4(99 120 308 287)
4(119 307 308 120)
4(286 287 308 307)
4(100 121 309 288)
4(120 308 309 121)
4(287 288 309 308)
4(101 122 310 289)
4(121 309 310 122)
4(288 289 310 309)
4(102 123 311 290)
4(122 310 311 123)
4(289 290 311 310)
4(103 124 312 291)
4(123 311 312 124)
4(290 291 312 311)
4(124 312 313 125)
4(291 292 313 312)
4(106 127 315 294)
4(126 314 315 127)
4(293 294 315 314)
4(107 128 316 295)
4(127 315 316 128)
4(294 295 316 315)
4(108 129 317 296)
4(128 316 317 129)
4(295 296 317 316)
4(109 130 318 297)
4(129 317 318 130)
4(296 297 318 317)
4(110 131 319 298)
4(130 318 319 131)
4(297 298 319 318)
4(111 132 320 299)
4(131 319 320 132)
4(298 299 320 319)
4(112 133 321 300)
4(132 320 321 133)
4(299 300 321 320)
4(113 134 322 301)
4(133 321 322 134)
4(300 301 322 321)
4(114 135 323 302)
4(134 322 323 135)
4(301 302 323 322)
4(115 136 324 303)
4(135 323 324 136)
4(302 303 324 323)
4(116 137 325 304)
4(136 324 325 137)
4(303 304 325 324)
4(117 138 326 305)
4(137 325 326 138)
4(304 305 326 325)
4(118 139 327 306)
4(138 326 327 139)
4(305 306 327 326)
4(119 140 328 307)
4(139 327 328 140)
4(306 307 328 327)
4(120 141 329 308)
4(140 328 329 141)
4(307 308 329 328)
4(121 142 330 309)
4(141 329 330 142)
4(308 309 330 329)
4(122 143 331 310)
4(142 330 331 143)
4(309 310 331 330)
4(123 144 332 311)
4(143 331 332 144)
4(310 311 332 331)
4(124 145 333 312)
4(144 332 333 145)
4(311 312 333 332)
4(145 333 334 146)
4(312 313 334 333)
4(127 148 336 315)
4(147 335 336 148)
4(314 315 336 335)
4(128 149 337 316)
4(148 336 337 149)
4(315 316 337 336)
4(129 150 338 317)
4(149 337 338 150)
4(316 317 338 337)
4(130 151 339 318)
4(150 338 339 151)
4(317 318 339 338)
4(131 152 340 319)
4(151 339 340 152)
4(318 319 340 339)
4(132 153 341 320)
4(152 340 341 153)
4(319 320 341 340)
4(133 154 342 321)
4(153 341 342 154)
4(320 321 342 341)
4(134 155 343 322)
4(154 342 343 155)
4(321 322 343 342)
4(135 156 344 323)
4(155 343 344 156)
4(322 323 344 343)
4(136 157 345 324)
4(156 344 345 157)
4(323 324 345 344)
4(137 158 346 325)
4(157 345 346 158)
4(324 325 346 345)
4(138 159 347 326)
4(158 346 347 159)
4(325 326 347 346)
4(139 160 348 327)
4(159 347 348 160)
4(326 327 348 347)
4(140 161 349 328)
4(160 348 349 161)
4(327 328 349 348)
4(141 162 350 329)
4(161 349 350 162)
4(328 329 350 349)
4(142 163 351 330)
4(162 350 351 163)
4(329 330 351 350)
4(143 164 352 331)
4(163 351 352 164)
4(330 331 352 351)
4(144 165 353 332)
4(164 352 353 165)
4(331 332 353 352)
4(145 166 354 333)
4(165 353 354 166)
4(332 333 354 353)
4(166 354 355 167)
4(333 334 355 354)
4(148 169 357 336)
4(335 336 357 356)
4(149 170 358 337)
4(336 337 358 357)
4(150 171 359 338)
4(337 338 359 358)
4(151 172 360 339)
4(338 339 360 359)
4(152 173 361 340)
4(339 340 361 360)
4(153 174 362 341)
4(340 341 362 361)
4(154 175 363 342)
4(341 342 363 362)
4(155 176 364 343)
4(342 343 364 363)
4(156 177 365 344)
4(343 344 365 364)
4(157 178 366 345)
4(344 345 366 365)
4(158 179 367 346)
4(345 346 367 366)
4(159 180 368 347)
4(346 347 368 367)
4(160 181 369 348)
4(347 348 369 368)
4(161 182 370 349)
4(348 349 370 369)
4(162 183 371 350)
4(349 350 371 370)
4(163 184 372 351)
4(350 351 372 371)
4(164 185 373 352)
4(351 352 373 372)
4(165 186 374 353)
4(352 353 374 373)
4(166 187 375 354)
4(353 354 375 374)
4(354 355 376 375)
4(2202 1959 2581 2377)
4(2581 2401 2586 2377)
4(190 2405 3076 2702)
4(190 2701 3077 2405)
4(3077 3389 3076 2405)
4(3077 2701 3655 3389)
4(3655 2702 3076 3389)
5(191 1962 2215 1769 3434)
5(191 3434 1769 3070 2703)
4(3368 2703 3070 2604)
4(3070 1769 2215 2604)
4(2215 1962 3368 2604)
4(193 214 403 382)
5(213 2713 402 403 214)
5(381 382 403 402 2727)
4(192 2705 3082 2704)
4(213 2704 3082 2713)
4(381 2727 3082 2705)
4(402 2713 3082 2727)
4(194 215 404 383)
4(214 403 404 215)
4(382 383 404 403)
4(195 216 405 384)
4(215 404 405 216)
4(383 384 405 404)
4(196 217 406 385)
4(216 405 406 217)
4(384 385 406 405)
4(197 218 407 386)
4(217 406 407 218)
4(385 386 407 406)
4(198 219 408 387)
4(218 407 408 219)
4(386 387 408 407)
4(199 220 409 388)
4(219 408 409 220)
4(387 388 409 408)
4(200 221 410 389)
4(220 409 410 221)
4(388 389 410 409)
4(201 222 411 390)
4(221 410 411 222)
4(389 390 411 410)
4(202 223 412 391)
4(222 411 412 223)
4(390 391 412 411)
4(203 224 413 392)
4(223 412 413 224)
4(391 392 413 412)
4(204 225 414 393)
4(224 413 414 225)
4(392 393 414 413)
4(205 226 415 394)
4(225 414 415 226)
4(393 394 415 414)
4(206 227 416 395)
4(226 415 416 227)
4(394 395 416 415)
4(207 228 417 396)
4(227 416 417 228)
4(395 396 417 416)
4(228 417 418 229)
4(396 397 418 417)
4(209 2706 3085 1774)
4(209 1774 3086 2707)
4(3086 1774 3085 2605)
4(3085 2706 3337 2605)
4(3337 2707 3086 2605)
4(210 1963 3093 2406)
4(210 2708 3096 1963)
4(210 2406 3097 2708)
4(3096 3390 3093 1963)
4(3097 3390 3096 2708)
4(3093 3390 3097 2406)
4(211 2709 3575 2710)
6(211 3435 1964 3074 1780 2709)
6(211 2710 1781 3090 1964 3435)
5(2216 3495 1780 3074 2607)
4(3074 1964 3090 2607)
5(3090 1781 3496 2216 2607)
4(1780 3495 3575 2709)
4(1781 2710 3575 3496)
4(2216 3496 3575 3495)
6(213 3439 234 423 402 2713)
6(233 2716 422 423 234 3443)
6(401 2738 402 423 422 2739)
4(212 2711 3083 1968)
4(213 2713 3083 2711)
4(401 1968 3083 2738)
4(402 2738 3083 2713)
4(212 1968 3099 2712)
4(233 2712 3099 2716)
4(401 2739 3099 1968)
4(422 2716 3099 2739)
4(212 2712 3562 2711)
4(213 2711 3562 3439)
4(233 3443 3562 2712)
4(234 3439 3562 3443)
4(214 235 424 403)
4(234 423 424 235)
4(402 403 424 423)
4(215 236 425 404)
4(235 424 425 236)
4(403 404 425 424)
4(216 237 426 405)
4(236 425 426 237)
4(404 405 426 425)
4(217 238 427 406)
4(237 426 427 238)
4(405 406 427 426)
4(218 239 428 407)
4(238 427 428 239)
4(406 407 428 427)
4(219 240 429 408)
4(239 428 429 240)
4(407 408 429 428)
4(220 241 430 409)
4(240 429 430 241)
4(408 409 430 429)
4(221 242 431 410)
4(241 430 431 242)
4(409 410 431 430)
4(222 243 432 411)
4(242 431 432 243)
4(410 411 432 431)
4(223 244 433 412)
4(243 432 433 244)
4(411 412 433 432)
4(224 245 434 413)
4(244 433 434 245)
4(412 413 434 433)
4(225 246 435 414)
4(245 434 435 246)
4(413 414 435 434)
4(226 247 436 415)
4(246 435 436 247)
4(414 415 436 435)
4(227 248 437 416)
4(247 436 437 248)
4(415 416 437 436)
4(228 249 438 417)
4(248 437 438 249)
4(416 417 438 437)
4(249 438 439 250)
4(417 418 439 438)
4(230 1782 2527 2407)
4(230 3440 3565 1782)
4(2527 1782 3565 3391)
4(3565 3440 3640 3391)
4(3640 2407 2527 3391)
4(231 1969 3091 2408)
4(231 3441 3568 1969)
4(231 2408 3576 3441)
4(3091 1969 3568 3392)
4(3568 3441 3576 3392)
4(3576 2408 3091 3392)
5(233 254 443 422 2716)
5(253 3448 442 443 254)
6(421 2744 422 443 442 3458)
4(232 2714 3100 2715)
4(233 2716 3100 2714)
4(421 2715 3100 2744)
4(422 2744 3100 2716)
4(232 2715 3579 3442)
4(253 3442 3579 3448)
4(421 3458 3579 2715)
4(442 3448 3579 3458)
4(234 255 444 423)
4(254 443 444 255)
4(422 423 444 443)
4(235 256 445 424)
4(255 444 445 256)
4(423 424 445 444)
4(236 257 446 425)
4(256 445 446 257)
4(424 425 446 445)
4(237 258 447 426)
4(257 446 447 258)
4(425 426 447 446)
4(238 259 448 427)
4(258 447 448 259)
4(426 427 448 447)
4(239 260 449 428)
4(259 448 449 260)
4(427 428 449 448)
4(240 261 450 429)
4(260 449 450 261)
4(428 429 450 449)
4(241 262 451 430)
4(261 450 451 262)
4(429 430 451 450)
4(242 263 452 431)
4(262 451 452 263)
4(430 431 452 451)
4(243 264 453 432)
4(263 452 453 264)
4(431 432 453 452)
4(244 265 454 433)
4(264 453 454 265)
4(432 433 454 453)
4(245 266 455 434)
4(265 454 455 266)
4(433 434 455 454)
4(246 267 456 435)
4(266 455 456 267)
4(434 435 456 455)
4(247 268 457 436)
4(267 456 457 268)
4(435 436 457 456)
4(248 269 458 437)
4(268 457 458 269)
4(436 437 458 457)
4(249 270 459 438)
4(269 458 459 270)
4(437 438 459 458)
4(270 459 460 271)
4(438 439 460 459)
5(252 273 462 441 3447)
4(272 461 462 273)
5(440 3460 441 462 461)
4(251 3444 3577 3445)
4(252 3447 3577 3444)
4(440 3445 3577 3460)
4(441 3460 3577 3447)
5(253 274 463 442 3448)
4(273 462 463 274)
5(441 3462 442 463 462)
4(252 3446 3580 3447)
4(253 3448 3580 3446)
4(441 3447 3580 3462)
4(442 3462 3580 3448)
4(254 275 464 443)
4(274 463 464 275)
4(442 443 464 463)
4(255 276 465 444)
4(275 464 465 276)
4(443 444 465 464)
4(256 277 466 445)
4(276 465 466 277)
4(444 445 466 465)
4(257 278 467 446)
4(277 466 467 278)
4(445 446 467 466)
4(258 279 468 447)
4(278 467 468 279)
4(446 447 468 467)
4(259 280 469 448)
4(279 468 469 280)
4(447 448 469 468)
4(260 281 470 449)
4(280 469 470 281)
4(448 449 470 469)
4(261 282 471 450)
4(281 470 471 282)
4(449 450 471 470)
4(262 283 472 451)
4(282 471 472 283)
4(450 451 472 471)
4(263 284 473 452)
4(283 472 473 284)
4(451 452 473 472)
4(264 285 474 453)
4(284 473 474 285)
4(452 453 474 473)
4(265 286 475 454)
4(285 474 475 286)
4(453 454 475 474)
4(266 287 476 455)
4(286 475 476 287)
4(454 455 476 475)
4(267 288 477 456)
4(287 476 477 288)
4(455 456 477 476)
4(268 289 478 457)
4(288 477 478 289)
4(456 457 478 477)
4(269 290 479 458)
4(289 478 479 290)
4(457 458 479 478)
4(270 291 480 459)
4(290 479 480 291)
4(458 459 480 479)
4(291 480 481 292)
4(459 460 481 480)
4(273 294 483 462)
4(293 482 483 294)
4(461 462 483 482)
4(274 295 484 463)
4(294 483 484 295)
4(462 463 484 483)
4(275 296 485 464)
4(295 484 485 296)
4(463 464 485 484)
4(276 297 486 465)
4(296 485 486 297)
4(464 465 486 485)
4(277 298 487 466)
4(297 486 487 298)
4(465 466 487 486)
4(278 299 488 467)
4(298 487 488 299)
4(466 467 488 487)
4(279 300 489 468)
4(299 488 489 300)
4(467 468 489 488)
4(280 301 490 469)
4(300 489 490 301)
4(468 469 490 489)
4(281 302 491 470)
4(301 490 491 302)
4(469 470 491 490)
4(282 303 492 471)
4(302 491 492 303)
4(470 471 492 491)
4(283 304 493 472)
4(303 492 493 304)
4(471 472 493 492)
4(284 305 494 473)
4(304 493 494 305)
4(472 473 494 493)
4(285 306 495 474)
4(305 494 495 306)
4(473 474 495 494)
4(286 307 496 475)
4(306 495 496 307)
4(474 475 496 495)
4(287 308 497 476)
4(307 496 497 308)
4(475 476 497 496)
4(288 309 498 477)
4(308 497 498 309)
4(476 477 498 497)
4(289 310 499 478)
4(309 498 499 310)
4(477 478 499 498)
4(290 311 500 479)
4(310 499 500 311)
4(478 479 500 499)
4(291 312 501 480)
4(311 500 501 312)
4(479 480 501 500)
4(312 501 502 313)
4(480 481 502 501)
4(294 315 504 483)
4(314 503 504 315)
4(482 483 504 503)
4(295 316 505 484)
4(315 504 505 316)
4(483 484 505 504)
4(296 317 506 485)
4(316 505 506 317)
4(484 485 506 505)
4(297 318 507 486)
4(317 506 507 318)
4(485 486 507 506)
4(298 319 508 487)
4(318 507 508 319)
4(486 487 508 507)
4(299 320 509 488)
4(319 508 509 320)
4(487 488 509 508)
4(300 321 510 489)
4(320 509 510 321)
4(488 489 510 509)
4(301 322 511 490)
4(321 510 511 322)
4(489 490 511 510)
4(302 323 512 491)
4(322 511 512 323)
4(490 491 512 511)
4(303 324 513 492)
4(323 512 513 324)
4(491 492 513 512)
4(304 325 514 493)
4(324 513 514 325)
4(492 493 514 513)
4(305 326 515 494)
4(325 514 515 326)
4(493 494 515 514)
4(306 327 516 495)
4(326 515 516 327)
4(494 495 516 515)
4(307 328 517 496)
4(327 516 517 328)
4(495 496 517 516)
4(308 329 518 497)
4(328 517 518 329)
4(496 497 518 517)
4(309 330 519 498)
4(329 518 519 330)
4(497 498 519 518)
4(310 331 520 499)
4(330 519 520 331)
4(498 499 520 519)
4(311 332 521 500)
4(331 520 521 332)
4(499 500 521 520)
4(312 333 522 501)
4(332 521 522 333)
4(500 501 522 521)
4(333 522 523 334)
4(501 502 523 522)
4(315 336 525 504)
4(335 524 525 336)
4(503 504 525 524)
4(316 337 526 505)
4(336 525 526 337)
4(504 505 526 525)
4(317 338 527 506)
4(337 526 527 338)
4(505 506 527 526)
4(318 339 528 507)
4(338 527 528 339)
4(506 507 528 527)
4(319 340 529 508)
4(339 528 529 340)
4(507 508 529 528)
4(320 341 530 509)
4(340 529 530 341)
4(508 509 530 529)
4(321 342 531 510)
4(341 530 531 342)
4(509 510 531 530)
4(322 343 532 511)
4(342 531 532 343)
4(510 511 532 531)
4(323 344 533 512)
4(343 532 533 344)
4(511 512 533 532)
4(324 345 534 513)
4(344 533 534 345)
4(512 513 534 533)
4(325 346 535 514)
4(345 534 535 346)
4(513 514 535 534)
4(326 347 536 515)
4(346 535 536 347)
4(514 515 536 535)
4(327 348 537 516)
4(347 536 537 348)
4(515 516 537 536)
4(328 349 538 517)
4(348 537 538 349)
4(516 517 538 537)
4(329 350 539 518)
4(349 538 539 350)
4(517 518 539 538)
4(330 351 540 519)
4(350 539 540 351)
4(518 519 540 539)
4(331 352 541 520)
4(351 540 541 352)
4(519 520 541 540)
4(332 353 542 521)
4(352 541 542 353)
4(520 521 542 541)
4(333 354 543 522)
4(353 542 543 354)
4(521 522 543 542)
4(354 543 544 355)
4(522 523 544 543)
4(336 357 546 525)
4(524 525 546 545)
4(337 358 547 526)
4(525 526 547 546)
4(338 359 548 527)
4(526 527 548 547)
4(339 360 549 528)
4(527 528 549 548)
4(340 361 550 529)
4(528 529 550 549)
4(341 362 551 530)
4(529 530 551 550)
4(342 363 552 531)
4(530 531 552 551)
4(343 364 553 532)
4(531 532 553 552)
4(344 365 554 533)
4(532 533 554 553)
4(345 366 555 534)
4(533 534 555 554)
4(346 367 556 535)
4(534 535 556 555)
4(347 368 557 536)
4(535 536 557 556)
4(348 369 558 537)
4(536 537 558 557)
4(349 370 559 538)
4(537 538 559 558)
4(350 371 560 539)
4(538 539 560 559)
4(351 372 561 540)
4(539 540 561 560)
4(352 373 562 541)
4(540 541 562 561)
4(353 374 563 542)
4(541 542 563 562)
4(354 375 564 543)
4(542 543 564 563)
4(543 544 565 564)
4(377 2719 3102 2718)
4(3653 2718 3102 3393)
4(3102 2719 3641 3393)
4(3641 3449 3653 3393)
4(378 2413 3106 2720)
4(378 3450 3585 2413)
4(3654 2720 3106 3394)
4(3585 3394 3106 2413)
4(3585 3450 3654 3394)
4(379 2724 3589 3451)
5(379 2721 3103 1787 2724)
5(3366 1970 3515 2217 2609)
5(2217 3501 1787 3103 2609)
4(3103 2721 3366 2609)
4(1787 3501 3589 2724)
4(1970 3451 3589 3515)
4(2217 3515 3589 3501)
5(381 2727 402 591 570)
6(401 2740 590 591 402 2738)
5(569 570 591 590 2748)
4(380 1971 3084 2725)
4(381 2725 3084 2727)
4(401 2738 3084 1971)
4(402 2727 3084 2738)
4(380 2726 3109 1971)
4(401 1971 3109 2740)
4(569 2748 3109 2726)
4(590 2740 3109 2748)
4(382 403 592 571)
4(402 591 592 403)
4(570 571 592 591)
4(383 404 593 572)
4(403 592 593 404)
4(571 572 593 592)
4(384 405 594 573)
4(404 593 594 405)
4(572 573 594 593)
4(385 406 595 574)
4(405 594 595 406)
4(573 574 595 594)
4(386 407 596 575)
4(406 595 596 407)
4(574 575 596 595)
4(387 408 597 576)
4(407 596 597 408)
4(575 576 597 596)
4(388 409 598 577)
4(408 597 598 409)
4(576 577 598 597)
4(389 410 599 578)
4(409 598 599 410)
4(577 578 599 598)
4(390 411 600 579)
4(410 599 600 411)
4(578 579 600 599)
4(391 412 601 580)
4(411 600 601 412)
4(579 580 601 600)
4(392 413 602 581)
4(412 601 602 413)
4(580 581 602 601)
4(393 414 603 582)
4(413 602 603 414)
4(581 582 603 602)
4(394 415 604 583)
4(414 603 604 415)
4(582 583 604 603)
4(395 416 605 584)
4(415 604 605 416)
4(583 584 605 604)
4(396 417 606 585)
4(416 605 606 417)
4(584 585 606 605)
4(417 606 607 418)
4(585 586 607 606)
6(398 2414 2528 2870 1788 2730)
6(398 2730 1788 3502 2531 2415)
6(2531 3502 1788 2870 2528 2610)
4(2528 2414 3338 2610)
4(3338 2415 2531 2610)
6(399 2735 2416 3092 1789 2734)
6(399 2734 1789 3104 2417 3452)
6(399 3452 2417 3112 2416 2735)
4(3104 1789 3092 3395)
4(3092 2416 3112 3395)
4(3112 2417 3104 3395)
6(401 2739 422 611 590 2740)
6(421 3459 610 611 422 2744)
6(589 2752 590 611 610 3464)
4(400 2736 3101 1972)
4(401 1972 3101 2739)
4(421 2744 3101 2736)
4(422 2739 3101 2744)
4(400 1972 3110 2737)
4(401 2740 3110 1972)
4(589 2737 3110 2752)
4(590 2752 3110 2740)
4(400 2737 3590 2736)
4(421 2736 3590 3459)
4(589 3464 3590 2737)
4(610 3459 3590 3464)
4(402 423 612 591)
4(422 611 612 423)
4(590 591 612 611)
4(403 424 613 592)
4(423 612 613 424)
4(591 592 613 612)
4(404 425 614 593)
4(424 613 614 425)
4(592 593 614 613)
4(405 426 615 594)
4(425 614 615 426)
4(593 594 615 614)
4(406 427 616 595)
4(426 615 616 427)
4(594 595 616 615)
4(407 428 617 596)
4(427 616 617 428)
4(595 596 617 616)
4(408 429 618 597)
4(428 617 618 429)
4(596 597 618 617)
4(409 430 619 598)
4(429 618 619 430)
4(597 598 619 618)
4(410 431 620 599)
4(430 619 620 431)
4(598 599 620 619)
4(411 432 621 600)
4(431 620 621 432)
4(599 600 621 620)
4(412 433 622 601)
4(432 621 622 433)
4(600 601 622 621)
4(413 434 623 602)
4(433 622 623 434)
4(601 602 623 622)
4(414 435 624 603)
4(434 623 624 435)
4(602 603 624 623)
4(415 436 625 604)
4(435 624 625 436)
4(603 604 625 624)
4(416 437 626 605)
4(436 625 626 437)
4(604 605 626 625)
4(417 438 627 606)
4(437 626 627 438)
4(605 606 627 626)
4(438 627 628 439)
4(606 607 628 627)
4(419 2418 3113 2741)
4(419 3456 3578 2418)
4(3113 2418 3578 3396)
4(3578 3456 3642 3396)
4(3642 2741 3113 3396)
6(421 3458 442 631 610 3459)
6(441 3463 630 631 442 3462)
6(609 3466 610 631 630 3467)
4(420 3457 3581 2742)
4(421 2742 3581 3458)
4(441 3462 3581 3457)
4(442 3458 3581 3462)
4(420 2742 3591 2743)
4(421 3459 3591 2742)
4(609 2743 3591 3466)
4(610 3466 3591 3459)
4(420 2743 3593 3457)
4(441 3457 3593 3463)
4(609 3467 3593 2743)
4(630 3463 3593 3467)
4(422 443 632 611)
4(442 631 632 443)
4(610 611 632 631)
4(423 444 633 612)
4(443 632 633 444)
4(611 612 633 632)
4(424 445 634 613)
4(444 633 634 445)
4(612 613 634 633)
4(425 446 635 614)
4(445 634 635 446)
4(613 614 635 634)
4(426 447 636 615)
4(446 635 636 447)
4(614 615 636 635)
4(427 448 637 616)
4(447 636 637 448)
4(615 616 637 636)
4(428 449 638 617)
4(448 637 638 449)
4(616 617 638 637)
4(429 450 639 618)
4(449 638 639 450)
4(617 618 639 638)
4(430 451 640 619)
4(450 639 640 451)
4(618 619 640 639)
4(431 452 641 620)
4(451 640 641 452)
4(619 620 641 640)
4(432 453 642 621)
4(452 641 642 453)
4(620 621 642 641)
4(433 454 643 622)
4(453 642 643 454)
4(621 622 643 642)
4(434 455 644 623)
4(454 643 644 455)
4(622 623 644 643)
4(435 456 645 624)
4(455 644 645 456)
4(623 624 645 644)
4(436 457 646 625)
4(456 645 646 457)
4(624 625 646 645)
4(437 458 647 626)
4(457 646 647 458)
4(625 626 647 646)
4(438 459 648 627)
4(458 647 648 459)
4(626 627 648 647)
4(459 648 649 460)
4(627 628 649 648)
5(441 462 651 630 3463)
4(461 650 651 462)
5(629 3468 630 651 650)
4(440 3460 3594 3461)
4(441 3463 3594 3460)
4(629 3461 3594 3468)
4(630 3468 3594 3463)
4(442 463 652 631)
4(462 651 652 463)
4(630 631 652 651)
4(443 464 653 632)
4(463 652 653 464)
4(631 632 653 652)
4(444 465 654 633)
4(464 653 654 465)
4(632 633 654 653)
4(445 466 655 634)
4(465 654 655 466)
4(633 634 655 654)
4(446 467 656 635)
4(466 655 656 467)
4(634 635 656 655)
4(447 468 657 636)
4(467 656 657 468)
4(635 636 657 656)
4(448 469 658 637)
4(468 657 658 469)
4(636 637 658 657)
4(449 470 659 638)
4(469 658 659 470)
4(637 638 659 658)
4(450 471 660 639)
4(470 659 660 471)
4(638 639 660 659)
4(451 472 661 640)
4(471 660 661 472)
4(639 640 661 660)
4(452 473 662 641)
4(472 661 662 473)
4(640 641 662 661)
4(453 474 663 642)
4(473 662 663 474)
4(641 642 663 662)
4(454 475 664 643)
4(474 663 664 475)
4(642 643 664 663)
4(455 476 665 644)
4(475 664 665 476)
4(643 644 665 664)
4(456 477 666 645)
4(476 665 666 477)
4(644 645 666 665)
4(457 478 667 646)
4(477 666 667 478)
4(645 646 667 666)
4(458 479 668 647)
4(478 667 668 479)
4(646 647 668 667)
4(459 480 669 648)
4(479 668 669 480)
4(647 648 669 668)
4(480 669 670 481)
4(648 649 670 669)
4(462 483 672 651)
4(482 671 672 483)
4(650 651 672 671)
4(463 484 673 652)
4(483 672 673 484)
4(651 652 673 672)
4(464 485 674 653)
4(484 673 674 485)
4(652 653 674 673)
4(465 486 675 654)
4(485 674 675 486)
4(653 654 675 674)
4(466 487 676 655)
4(486 675 676 487)
4(654 655 676 675)
4(467 488 677 656)
4(487 676 677 488)
4(655 656 677 676)
4(468 489 678 657)
4(488 677 678 489)
4(656 657 678 677)
4(469 490 679 658)
4(489 678 679 490)
4(657 658 679 678)
4(470 491 680 659)
4(490 679 680 491)
4(658 659 680 679)
4(471 492 681 660)
4(491 680 681 492)
4(659 660 681 680)
4(472 493 682 661)
4(492 681 682 493)
4(660 661 682 681)
4(473 494 683 662)
4(493 682 683 494)
4(661 662 683 682)
4(474 495 684 663)
4(494 683 684 495)
4(662 663 684 683)
4(475 496 685 664)
4(495 684 685 496)
4(663 664 685 684)
4(476 497 686 665)
4(496 685 686 497)
4(664 665 686 685)
4(477 498 687 666)
4(497 686 687 498)
4(665 666 687 686)
4(478 499 688 667)
4(498 687 688 499)
4(666 667 688 687)
4(479 500 689 668)
4(499 688 689 500)
4(667 668 689 688)
4(480 501 690 669)
4(500 689 690 501)
4(668 669 690 689)
4(501 690 691 502)
4(669 670 691 690)
4(483 504 693 672)
4(503 692 693 504)
4(671 672 693 692)
4(484 505 694 673)
4(504 693 694 505)
4(672 673 694 693)
4(485 506 695 674)
4(505 694 695 506)
4(673 674 695 694)
4(486 507 696 675)
4(506 695 696 507)
4(674 675 696 695)
4(487 508 697 676)
4(507 696 697 508)
4(675 676 697 696)
4(488 509 698 677)
4(508 697 698 509)
4(676 677 698 697)
4(489 510 699 678)
4(509 698 699 510)
4(677 678 699 698)
4(490 511 700 679)
4(510 699 700 511)
4(678 679 700 699)
4(491 512 701 680)
4(511 700 701 512)
4(679 680 701 700)
4(492 513 702 681)
4(512 701 702 513)
4(680 681 702 701)
4(493 514 703 682)
4(513 702 703 514)
4(681 682 703 702)
4(494 515 704 683)
4(514 703 704 515)
4(682 683 704 703)
4(495 516 705 684)
4(515 704 705 516)
4(683 684 705 704)
4(496 517 706 685)
4(516 705 706 517)
4(684 685 706 705)
4(497 518 707 686)
4(517 706 707 518)
4(685 686 707 706)
4(498 519 708 687)
4(518 707 708 519)
4(686 687 708 707)
4(499 520 709 688)
4(519 708 709 520)
4(687 688 709 708)
4(500 521 710 689)
4(520 709 710 521)
4(688 689 710 709)
4(501 522 711 690)
4(521 710 711 522)
4(689 690 711 710)
4(522 711 712 523)
4(690 691 712 711)
4(504 525 714 693)
4(524 713 714 525)
4(692 693 714 713)
4(505 526 715 694)
4(525 714 715 526)
4(693 694 715 714)
4(506 527 716 695)
4(526 715 716 527)
4(694 695 716 715)
4(507 528 717 696)
4(527 716 717 528)
4(695 696 717 716)
4(508 529 718 697)
4(528 717 718 529)
4(696 697 718 717)
4(509 530 719 698)
4(529 718 719 530)
4(697 698 719 718)
4(510 531 720 699)
4(530 719 720 531)
4(698 699 720 719)
4(511 532 721 700)
4(531 720 721 532)
4(699 700 721 720)
4(512 533 722 701)
4(532 721 722 533)
4(700 701 722 721)
4(513 534 723 702)
4(533 722 723 534)
4(701 702 723 722)
4(514 535 724 703)
4(534 723 724 535)
4(702 703 724 723)
4(515 536 725 704)
4(535 724 725 536)
4(703 704 725 724)
4(516 537 726 705)
4(536 725 726 537)
4(704 705 726 725)
4(517 538 727 706)
4(537 726 727 538)
4(705 706 727 726)
4(518 539 728 707)
4(538 727 728 539)
4(706 707 728 727)
4(519 540 729 708)
4(539 728 729 540)
4(707 708 729 728)
4(520 541 730 709)
4(540 729 730 541)
4(708 709 730 729)
4(521 542 731 710)
4(541 730 731 542)
4(709 710 731 730)
4(522 543 732 711)
4(542 731 732 543)
4(710 711 732 731)
4(543 732 733 544)
4(711 712 733 732)
4(525 546 735 714)
4(713 714 735 734)
4(526 547 736 715)
4(714 715 736 735)
4(527 548 737 716)
4(715 716 737 736)
4(528 549 738 717)
4(716 717 738 737)
4(529 550 739 718)
4(717 718 739 738)
4(530 551 740 719)
4(718 719 740 739)
4(531 552 741 720)
4(719 720 741 740)
4(532 553 742 721)
4(720 721 742 741)
4(533 554 743 722)
4(721 722 743 742)
4(534 555 744 723)
4(722 723 744 743)
4(535 556 745 724)
4(723 724 745 744)
4(536 557 746 725)
4(724 725 746 745)
4(537 558 747 726)
4(725 726 747 746)
4(538 559 748 727)
4(726 727 748 747)
4(539 560 749 728)
4(727 728 749 748)
4(540 561 750 729)
4(728 729 750 749)
4(541 562 751 730)
4(729 730 751 750)
4(542 563 752 731)
4(730 731 752 751)
4(543 564 753 732)
4(731 732 753 752)
4(732 733 754 753)
5(567 2421 588 777 756)
5(587 776 777 588 2422)
4(755 756 777 776)
4(566 2420 2532 2419)
4(567 2419 2532 2421)
4(587 2422 2532 2420)
4(588 2421 2532 2422)
5(568 2747 589 778 757)
5(588 777 778 589 2750)
4(756 757 778 777)
4(567 2421 3105 2745)
4(568 2745 3105 2747)
4(588 2750 3105 2421)
4(589 2747 3105 2750)
5(569 2748 590 779 758)
5(589 778 779 590 2752)
4(757 758 779 778)
4(568 2747 3111 2746)
4(569 2746 3111 2748)
4(589 2752 3111 2747)
4(590 2748 3111 2752)
4(570 591 780 759)
4(590 779 780 591)
4(758 759 780 779)
4(571 592 781 760)
4(591 780 781 592)
4(759 760 781 780)
4(572 593 782 761)
4(592 781 782 593)
4(760 761 782 781)
4(573 594 783 762)
4(593 782 783 594)
4(761 762 783 782)
4(574 595 784 763)
4(594 783 784 595)
4(762 763 784 783)
4(575 596 785 764)
4(595 784 785 596)
4(763 764 785 784)
4(576 597 786 765)
4(596 785 786 597)
4(764 765 786 785)
4(577 598 787 766)
4(597 786 787 598)
4(765 766 787 786)
4(578 599 788 767)
4(598 787 788 599)
4(766 767 788 787)
4(579 600 789 768)
4(599 788 789 600)
4(767 768 789 788)
4(580 601 790 769)
4(600 789 790 601)
4(768 769 790 789)
4(581 602 791 770)
4(601 790 791 602)
4(769 770 791 790)
4(582 603 792 771)
4(602 791 792 603)
4(770 771 792 791)
4(583 604 793 772)
4(603 792 793 604)
4(771 772 793 792)
4(584 605 794 773)
4(604 793 794 605)
4(772 773 794 793)
4(585 606 795 774)
4(605 794 795 606)
4(773 774 795 794)
4(606 795 796 607)
4(774 775 796 795)
5(588 2751 609 798 777)
5(608 797 798 609 2753)
4(776 777 798 797)
4(587 2749 3114 2422)
4(588 2422 3114 2751)
4(608 2753 3114 2749)
4(609 2751 3114 2753)
5(589 3464 610 799 778)
5(609 798 799 610 3466)
4(777 778 799 798)
4(588 2751 3592 2750)
4(589 2750 3592 3464)
4(609 3466 3592 2751)
4(610 3464 3592 3466)
4(590 611 800 779)
4(610 799 800 611)
4(778 779 800 799)
4(591 612 801 780)
4(611 800 801 612)
4(779 780 801 800)
4(592 613 802 781)
4(612 801 802 613)
4(780 781 802 801)
4(593 614 803 782)
4(613 802 803 614)
4(781 782 803 802)
4(594 615 804 783)
4(614 803 804 615)
4(782 783 804 803)
4(595 616 805 784)
4(615 804 805 616)
4(783 784 805 804)
4(596 617 806 785)
4(616 805 806 617)
4(784 785 806 805)
4(597 618 807 786)
4(617 806 807 618)
4(785 786 807 806)
4(598 619 808 787)
4(618 807 808 619)
4(786 787 808 807)
4(599 620 809 788)
4(619 808 809 620)
4(787 788 809 808)
4(600 621 810 789)
4(620 809 810 621)
4(788 789 810 809)
4(601 622 811 790)
4(621 810 811 622)
4(789 790 811 810)
4(602 623 812 791)
4(622 811 812 623)
4(790 791 812 811)
4(603 624 813 792)
4(623 812 813 624)
4(791 792 813 812)
4(604 625 814 793)
4(624 813 814 625)
4(792 793 814 813)
4(605 626 815 794)
4(625 814 815 626)
4(793 794 815 814)
4(606 627 816 795)
4(626 815 816 627)
4(794 795 816 815)
4(627 816 817 628)
4(795 796 817 816)
5(609 3467 630 819 798)
5(629 818 819 630 3468)
4(797 798 819 818)
4(608 3465 3595 2753)
4(609 2753 3595 3467)
4(629 3468 3595 3465)
4(630 3467 3595 3468)
4(610 631 820 799)
4(630 819 820 631)
4(798 799 820 819)
4(611 632 821 800)
4(631 820 821 632)
4(799 800 821 820)
4(612 633 822 801)
4(632 821 822 633)
4(800 801 822 821)
4(613 634 823 802)
4(633 822 823 634)
4(801 802 823 822)
4(614 635 824 803)
4(634 823 824 635)
4(802 803 824 823)
4(615 636 825 804)
4(635 824 825 636)
4(803 804 825 824)
4(616 637 826 805)
4(636 825 826 637)
4(804 805 826 825)
4(617 638 827 806)
4(637 826 827 638)
4(805 806 827 826)
4(618 639 828 807)
4(638 827 828 639)
4(806 807 828 827)
4(619 640 829 808)
4(639 828 829 640)
4(807 808 829 828)
4(620 641 830 809)
4(640 829 830 641)
4(808 809 830 829)
4(621 642 831 810)
4(641 830 831 642)
4(809 810 831 830)
4(622 643 832 811)
4(642 831 832 643)
4(810 811 832 831)
4(623 644 833 812)
4(643 832 833 644)
4(811 812 833 832)
4(624 645 834 813)
4(644 833 834 645)
4(812 813 834 833)
4(625 646 835 814)
4(645 834 835 646)
4(813 814 835 834)
4(626 647 836 815)
4(646 835 836 647)
4(814 815 836 835)
4(627 648 837 816)
4(647 836 837 648)
4(815 816 837 836)
4(648 837 838 649)
4(816 817 838 837)
4(630 651 840 819)
4(650 839 840 651)
4(818 819 840 839)
4(631 652 841 820)
4(651 840 841 652)
4(819 820 841 840)
4(632 653 842 821)
4(652 841 842 653)
4(820 821 842 841)
4(633 654 843 822)
4(653 842 843 654)
4(821 822 843 842)
4(634 655 844 823)
4(654 843 844 655)
4(822 823 844 843)
4(635 656 845 824)
4(655 844 845 656)
4(823 824 845 844)
4(636 657 846 825)
4(656 845 846 657)
4(824 825 846 845)
4(637 658 847 826)
4(657 846 847 658)
4(825 826 847 846)
4(638 659 848 827)
4(658 847 848 659)
4(826 827 848 847)
4(639 660 849 828)
4(659 848 849 660)
4(827 828 849 848)
4(640 661 850 829)
4(660 849 850 661)
4(828 829 850 849)
4(641 662 851 830)
4(661 850 851 662)
4(829 830 851 850)
4(642 663 852 831)
4(662 851 852 663)
4(830 831 852 851)
4(643 664 853 832)
4(663 852 853 664)
4(831 832 853 852)
4(644 665 854 833)
4(664 853 854 665)
4(832 833 854 853)
4(645 666 855 834)
4(665 854 855 666)
4(833 834 855 854)
4(646 667 856 835)
4(666 855 856 667)
4(834 835 856 855)
4(647 668 857 836)
4(667 856 857 668)
4(835 836 857 856)
4(648 669 858 837)
4(668 857 858 669)
4(836 837 858 857)
4(669 858 859 670)
4(837 838 859 858)
4(651 672 861 840)
4(671 860 861 672)
4(839 840 861 860)
4(652 673 862 841)
4(672 861 862 673)
4(840 841 862 861)
4(653 674 863 842)
4(673 862 863 674)
4(841 842 863 862)
4(654 675 864 843)
4(674 863 864 675)
4(842 843 864 863)
4(655 676 865 844)
4(675 864 865 676)
4(843 844 865 864)
4(656 677 866 845)
4(676 865 866 677)
4(844 845 866 865)
4(657 678 867 846)
4(677 866 867 678)
4(845 846 867 866)
4(658 679 868 847)
4(678 867 868 679)
4(846 847 868 867)
4(659 680 869 848)
4(679 868 869 680)
4(847 848 869 868)
4(660 681 870 849)
4(680 869 870 681)
4(848 849 870 869)
4(661 682 871 850)
4(681 870 871 682)
4(849 850 871 870)
4(662 683 872 851)
4(682 871 872 683)
4(850 851 872 871)
4(663 684 873 852)
4(683 872 873 684)
4(851 852 873 872)
4(664 685 874 853)
4(684 873 874 685)
4(852 853 874 873)
4(665 686 875 854)
4(685 874 875 686)
4(853 854 875 874)
4(666 687 876 855)
4(686 875 876 687)
4(854 855 876 875)
4(667 688 877 856)
4(687 876 877 688)
4(855 856 877 876)
4(668 689 878 857)
4(688 877 878 689)
4(856 857 878 877)
4(669 690 879 858)
4(689 878 879 690)
4(857 858 879 878)
4(690 879 880 691)
4(858 859 880 879)
4(672 693 882 861)
4(692 881 882 693)
4(860 861 882 881)
4(673 694 883 862)
4(693 882 883 694)
4(861 862 883 882)
4(674 695 884 863)
4(694 883 884 695)
4(862 863 884 883)
4(675 696 885 864)
4(695 884 885 696)
4(863 864 885 884)
4(676 697 886 865)
4(696 885 886 697)
4(864 865 886 885)
4(677 698 887 866)
4(697 886 887 698)
4(865 866 887 886)
4(678 699 888 867)
4(698 887 888 699)
4(866 867 888 887)
4(679 700 889 868)
4(699 888 889 700)
4(867 868 889 888)
4(680 701 890 869)
4(700 889 890 701)
4(868 869 890 889)
4(681 702 891 870)
4(701 890 891 702)
4(869 870 891 890)
4(682 703 892 871)
4(702 891 892 703)
4(870 871 892 891)
4(683 704 893 872)
4(703 892 893 704)
4(871 872 893 892)
4(684 705 894 873)
4(704 893 894 705)
4(872 873 894 893)
4(685 706 895 874)
4(705 894 895 706)
4(873 874 895 894)
4(686 707 896 875)
4(706 895 896 707)
4(874 875 896 895)
4(687 708 897 876)
4(707 896 897 708)
4(875 876 897 896)
4(688 709 898 877)
4(708 897 898 709)
4(876 877 898 897)
4(689 710 899 878)
4(709 898 899 710)
4(877 878 899 898)
4(690 711 900 879)
4(710 899 900 711)
4(878 879 900 899)
4(711 900 901 712)
4(879 880 901 900)
4(693 714 903 882)
4(713 902 903 714)
4(881 882 903 902)
4(694 715 904 883)
4(714 903 904 715)
4(882 883 904 903)
4(695 716 905 884)
4(715 904 905 716)
4(883 884 905 904)
4(696 717 906 885)
4(716 905 906 717)
4(884 885 906 905)
4(697 718 907 886)
4(717 906 907 718)
4(885 886 907 906)
4(698 719 908 887)
4(718 907 908 719)
4(886 887 908 907)
4(699 720 909 888)
4(719 908 909 720)
4(887 888 909 908)
4(700 721 910 889)
4(720 909 910 721)
4(888 889 910 909)
4(701 722 911 890)
4(721 910 911 722)
4(889 890 911 910)
4(702 723 912 891)
4(722 911 912 723)
4(890 891 912 911)
4(703 724 913 892)
4(723 912 913 724)
4(891 892 913 912)
4(704 725 914 893)
4(724 913 914 725)
4(892 893 914 913)
4(705 726 915 894)
4(725 914 915 726)
4(893 894 915 914)
4(706 727 916 895)
4(726 915 916 727)
4(894 895 916 915)
4(707 728 917 896)
4(727 916 917 728)
4(895 896 917 916)
4(708 729 918 897)
4(728 917 918 729)
4(896 897 918 917)
4(709 730 919 898)
4(729 918 919 730)
4(897 898 919 918)
4(710 731 920 899)
4(730 919 920 731)
4(898 899 920 919)
4(711 732 921 900)
4(731 920 921 732)
4(899 900 921 920)
4(732 921 922 733)
4(900 901 922 921)
4(714 735 924 903)
4(902 903 924 923)
4(715 736 925 904)
4(903 904 925 924)
4(716 737 926 905)
4(904 905 926 925)
4(717 738 927 906)
4(905 906 927 926)
4(718 739 928 907)
4(906 907 928 927)
4(719 740 929 908)
4(907 908 929 928)
4(720 741 930 909)
4(908 909 930 929)
4(721 742 931 910)
4(909 910 931 930)
4(722 743 932 911)
4(910 911 932 931)
4(723 744 933 912)
4(911 912 933 932)
4(724 745 934 913)
4(912 913 934 933)
4(725 746 935 914)
4(913 914 935 934)
4(726 747 936 915)
4(914 915 936 935)
4(727 748 937 916)
4(915 916 937 936)
4(728 749 938 917)
4(916 917 938 937)
4(729 750 939 918)
4(917 918 939 938)
4(730 751 940 919)
4(918 919 940 939)
4(731 752 941 920)
4(919 920 941 940)
4(732 753 942 921)
4(920 921 942 941)
4(921 922 943 942)
4(756 777 966 945)
4(776 965 966 777)
4(944 945 966 965)
4(757 778 967 946)
4(777 966 967 778)
4(945 946 967 966)
4(758 779 968 947)
4(778 967 968 779)
4(946 947 968 967)
4(759 780 969 948)
4(779 968 969 780)
4(947 948 969 968)
4(760 781 970 949)
4(780 969 970 781)
4(948 949 970 969)
4(761 782 971 950)
4(781 970 971 782)
4(949 950 971 970)
4(762 783 972 951)
4(782 971 972 783)
4(950 951 972 971)
4(763 784 973 952)
4(783 972 973 784)
4(951 952 973 972)
4(764 785 974 953)
4(784 973 974 785)
4(952 953 974 973)
4(765 786 975 954)
4(785 974 975 786)
4(953 954 975 974)
4(766 787 976 955)
4(786 975 976 787)
4(954 955 976 975)
4(767 788 977 956)
4(787 976 977 788)
4(955 956 977 976)
4(768 789 978 957)
4(788 977 978 789)
4(956 957 978 977)
4(769 790 979 958)
4(789 978 979 790)
4(957 958 979 978)
4(770 791 980 959)
4(790 979 980 791)
4(958 959 980 979)
4(771 792 981 960)
4(791 980 981 792)
4(959 960 981 980)
4(772 793 982 961)
4(792 981 982 793)
4(960 961 982 981)
4(773 794 983 962)
4(793 982 983 794)
4(961 962 983 982)
4(774 795 984 963)
4(794 983 984 795)
4(962 963 984 983)
4(795 984 985 796)
4(963 964 985 984)
4(777 798 987 966)
4(797 986 987 798)
4(965 966 987 986)
4(778 799 988 967)
4(798 987 988 799)
4(966 967 988 987)
4(779 800 989 968)
4(799 988 989 800)
4(967 968 989 988)
4(780 801 990 969)
4(800 989 990 801)
4(968 969 990 989)
4(781 802 991 970)
4(801 990 991 802)
4(969 970 991 990)
4(782 803 992 971)
4(802 991 992 803)
4(970 971 992 991)
4(783 804 993 972)
4(803 992 993 804)
4(971 972 993 992)
4(784 805 994 973)
4(804 993 994 805)
4(972 973 994 993)
4(785 806 995 974)
4(805 994 995 806)
4(973 974 995 994)
4(786 807 996 975)
4(806 995 996 807)
4(974 975 996 995)
4(787 808 997 976)
4(807 996 997 808)
4(975 976 997 996)
4(788 809 998 977)
4(808 997 998 809)
4(976 977 998 997)
4(789 810 999 978)
4(809 998 999 810)
4(977 978 999 998)
4(790 811 1000 979)
4(810 999 1000 811)
4(978 979 1000 999)
4(791 812 1001 980)
4(811 1000 1001 812)
4(979 980 1001 1000)
4(792 813 1002 981)
4(812 1001 1002 813)
4(980 981 1002 1001)
4(793 814 1003 982)
4(813 1002 1003 814)
4(981 982 1003 1002)
4(794 815 1004 983)
4(814 1003 1004 815)
4(982 983 1004 1003)
4(795 816 1005 984)
4(815 1004 1005 816)
4(983 984 1005 1004)
4(816 1005 1006 817)
4(984 985 1006 1005)
4(798 819 1008 987)
4(818 1007 1008 819)
4(986 987 1008 1007)
4(799 820 1009 988)
4(819 1008 1009 820)
4(987 988 1009 1008)
4(800 821 1010 989)
4(820 1009 1010 821)
4(988 989 1010 1009)
4(801 822 1011 990)
4(821 1010 1011 822)
4(989 990 1011 1010)
4(802 823 1012 991)
4(822 1011 1012 823)
4(990 991 1012 1011)
4(803 824 1013 992)
4(823 1012 1013 824)
4(991 992 1013 1012)
4(804 825 1014 993)
4(824 1013 1014 825)
4(992 993 1014 1013)
4(805 826 1015 994)
4(825 1014 1015 826)
4(993 994 1015 1014)
4(806 827 1016 995)
4(826 1015 1016 827)
4(994 995 1016 1015)
4(807 828 1017 996)
4(827 1016 1017 828)
4(995 996 1017 1016)
4(808 829 1018 997)
4(828 1017 1018 829)
4(996 997 1018 1017)
4(809 830 1019 998)
4(829 1018 1019 830)
4(997 998 1019 1018)
4(810 831 1020 999)
4(830 1019 1020 831)
4(998 999 1020 1019)
4(811 832 1021 1000)
4(831 1020 1021 832)
4(999 1000 1021 1020)
4(812 833 1022 1001)
4(832 1021 1022 833)
4(1000 1001 1022 1021)
4(813 834 1023 1002)
4(833 1022 1023 834)
4(1001 1002 1023 1022)
4(814 835 1024 1003)
4(834 1023 1024 835)
4(1002 1003 1024 1023)
4(815 836 1025 1004)
4(835 1024 1025 836)
4(1003 1004 1025 1024)
4(816 837 1026 1005)
4(836 1025 1026 837)
4(1004 1005 1026 1025)
4(837 1026 1027 838)
4(1005 1006 1027 1026)
4(819 840 1029 1008)
4(839 1028 1029 840)
4(1007 1008 1029 1028)
4(820 841 1030 1009)
4(840 1029 1030 841)
4(1008 1009 1030 1029)
4(821 842 1031 1010)
4(841 1030 1031 842)
4(1009 1010 1031 1030)
4(822 843 1032 1011)
4(842 1031 1032 843)
4(1010 1011 1032 1031)
4(823 844 1033 1012)
4(843 1032 1033 844)
4(1011 1012 1033 1032)
4(824 845 1034 1013)
4(844 1033 1034 845)
4(1012 1013 1034 1033)
4(825 846 1035 1014)
4(845 1034 1035 846)
4(1013 1014 1035 1034)
4(826 847 1036 1015)
4(846 1035 1036 847)
4(1014 1015 1036 1035)
4(827 848 1037 1016)
4(847 1036 1037 848)
4(1015 1016 1037 1036)
4(828 849 1038 1017)
4(848 1037 1038 849)
4(1016 1017 1038 1037)
4(829 850 1039 1018)
4(849 1038 1039 850)
4(1017 1018 1039 1038)
4(830 851 1040 1019)
4(850 1039 1040 851)
4(1018 1019 1040 1039)
4(831 852 1041 1020)
4(851 1040 1041 852)
4(1019 1020 1041 1040)
4(832 853 1042 1021)
4(852 1041 1042 853)
4(1020 1021 1042 1041)
4(833 854 1043 1022)
4(853 1042 1043 854)
4(1021 1022 1043 1042)
4(834 855 1044 1023)
4(854 1043 1044 855)
4(1022 1023 1044 1043)
4(835 856 1045 1024)
4(855 1044 1045 856)
4(1023 1024 1045 1044)
4(836 857 1046 1025)
4(856 1045 1046 857)
4(1024 1025 1046 1045)
4(837 858 1047 1026)
4(857 1046 1047 858)
4(1025 1026 1047 1046)
4(858 1047 1048 859)
4(1026 1027 1048 1047)
4(840 861 1050 1029)
4(860 1049 1050 861)
4(1028 1029 1050 1049)
4(841 862 1051 1030)
4(861 1050 1051 862)
4(1029 1030 1051 1050)
4(842 863 1052 1031)
4(862 1051 1052 863)
4(1030 1031 1052 1051)
4(843 864 1053 1032)
4(863 1052 1053 864)
4(1031 1032 1053 1052)
4(844 865 1054 1033)
4(864 1053 1054 865)
4(1032 1033 1054 1053)
4(845 866 1055 1034)
4(865 1054 1055 866)
4(1033 1034 1055 1054)
4(846 867 1056 1035)
4(866 1055 1056 867)
4(1034 1035 1056 1055)
4(847 868 1057 1036)
4(867 1056 1057 868)
4(1035 1036 1057 1056)
4(848 869 1058 1037)
4(868 1057 1058 869)
4(1036 1037 1058 1057)
4(849 870 1059 1038)
4(869 1058 1059 870)
4(1037 1038 1059 1058)
4(850 871 1060 1039)
4(870 1059 1060 871)
4(1038 1039 1060 1059)
4(851 872 1061 1040)
4(871 1060 1061 872)
4(1039 1040 1061 1060)
4(852 873 1062 1041)
4(872 1061 1062 873)
4(1040 1041 1062 1061)
4(853 874 1063 1042)
4(873 1062 1063 874)
4(1041 1042 1063 1062)
4(854 875 1064 1043)
4(874 1063 1064 875)
4(1042 1043 1064 1063)
4(855 876 1065 1044)
4(875 1064 1065 876)
4(1043 1044 1065 1064)
4(856 877 1066 1045)
4(876 1065 1066 877)
4(1044 1045 1066 1065)
4(857 878 1067 1046)
4(877 1066 1067 878)
4(1045 1046 1067 1066)
4(858 879 1068 1047)
4(878 1067 1068 879)
4(1046 1047 1068 1067)
4(879 1068 1069 880)
4(1047 1048 1069 1068)
4(861 882 1071 1050)
4(881 1070 1071 882)
4(1049 1050 1071 1070)
4(862 883 1072 1051)
4(882 1071 1072 883)
4(1050 1051 1072 1071)
4(863 884 1073 1052)
4(883 1072 1073 884)
4(1051 1052 1073 1072)
4(864 885 1074 1053)
4(884 1073 1074 885)
4(1052 1053 1074 1073)
4(865 886 1075 1054)
4(885 1074 1075 886)
4(1053 1054 1075 1074)
4(866 887 1076 1055)
4(886 1075 1076 887)
4(1054 1055 1076 1075)
4(867 888 1077 1056)
4(887 1076 1077 888)
4(1055 1056 1077 1076)
4(868 889 1078 1057)
4(888 1077 1078 889)
4(1056 1057 1078 1077)
4(869 890 1079 1058)
4(889 1078 1079 890)
4(1057 1058 1079 1078)
4(870 891 1080 1059)
4(890 1079 1080 891)
4(1058 1059 1080 1079)
4(871 892 1081 1060)
4(891 1080 1081 892)
4(1059 1060 1081 1080)
4(872 893 1082 1061)
4(892 1081 1082 893)
4(1060 1061 1082 1081)
4(873 894 1083 1062)
4(893 1082 1083 894)
4(1061 1062 1083 1082)
4(874 895 1084 1063)
4(894 1083 1084 895)
4(1062 1063 1084 1083)
4(875 896 1085 1064)
4(895 1084 1085 896)
4(1063 1064 1085 1084)
4(876 897 1086 1065)
4(896 1085 1086 897)
4(1064 1065 1086 1085)
4(877 898 1087 1066)
4(897 1086 1087 898)
4(1065 1066 1087 1086)
4(878 899 1088 1067)
4(898 1087 1088 899)
4(1066 1067 1088 1087)
4(879 900 1089 1068)
4(899 1088 1089 900)
4(1067 1068 1089 1088)
4(900 1089 1090 901)
4(1068 1069 1090 1089)
4(882 903 1092 1071)
4(902 1091 1092 903)
4(1070 1071 1092 1091)
4(883 904 1093 1072)
4(903 1092 1093 904)
4(1071 1072 1093 1092)
4(884 905 1094 1073)
4(904 1093 1094 905)
4(1072 1073 1094 1093)
4(885 906 1095 1074)
4(905 1094 1095 906)
4(1073 1074 1095 1094)
4(886 907 1096 1075)
4(906 1095 1096 907)
4(1074 1075 1096 1095)
4(887 908 1097 1076)
4(907 1096 1097 908)
4(1075 1076 1097 1096)
4(888 909 1098 1077)
4(908 1097 1098 909)
4(1076 1077 1098 1097)
4(889 910 1099 1078)
4(909 1098 1099 910)
4(1077 1078 1099 1098)
4(890 911 1100 1079)
4(910 1099 1100 911)
4(1078 1079 1100 1099)
4(891 912 1101 1080)
4(911 1100 1101 912)
4(1079 1080 1101 1100)
4(892 913 1102 1081)
4(912 1101 1102 913)
4(1080 1081 1102 1101)
4(893 914 1103 1082)
4(913 1102 1103 914)
4(1081 1082 1103 1102)
4(894 915 1104 1083)
4(914 1103 1104 915)
4(1082 1083 1104 1103)
4(895 916 1105 1084)
4(915 1104 1105 916)
4(1083 1084 1105 1104)
4(896 917 1106 1085)
4(916 1105 1106 917)
4(1084 1085 1106 1105)
4(897 918 1107 1086)
4(917 1106 1107 918)
4(1085 1086 1107 1106)
4(898 919 1108 1087)
4(918 1107 1108 919)
4(1086 1087 1108 1107)
4(899 920 1109 1088)
4(919 1108 1109 920)
4(1087 1088 1109 1108)
4(900 921 1110 1089)
4(920 1109 1110 921)
4(1088 1089 1110 1109)
4(921 1110 1111 922)
4(1089 1090 1111 1110)
4(903 924 1113 1092)
4(1091 1092 1113 1112)
4(904 925 1114 1093)
4(1092 1093 1114 1113)
4(905 926 1115 1094)
4(1093 1094 1115 1114)
4(906 927 1116 1095)
4(1094 1095 1116 1115)
4(907 928 1117 1096)
4(1095 1096 1117 1116)
4(908 929 1118 1097)
4(1096 1097 1118 1117)
4(909 930 1119 1098)
4(1097 1098 1119 1118)
4(910 931 1120 1099)
4(1098 1099 1120 1119)
4(911 932 1121 1100)
4(1099 1100 1121 1120)
4(912 933 1122 1101)
4(1100 1101 1122 1121)
4(913 934 1123 1102)
4(1101 1102 1123 1122)
4(914 935 1124 1103)
4(1102 1103 1124 1123)
4(915 936 1125 1104)
4(1103 1104 1125 1124)
4(916 937 1126 1105)
4(1104 1105 1126 1125)
4(917 938 1127 1106)
4(1105 1106 1127 1126)
4(918 939 1128 1107)
4(1106 1107 1128 1127)
4(919 940 1129 1108)
4(1107 1108 1129 1128)
4(920 941 1130 1109)
4(1108 1109 1130 1129)
4(921 942 1131 1110)
4(1109 1110 1131 1130)
4(1110 1111 1132 1131)
4(945 966 1155 1134)
4(965 1154 1155 966)
4(1133 1134 1155 1154)
4(946 967 1156 1135)
4(966 1155 1156 967)
4(1134 1135 1156 1155)
4(947 968 1157 1136)
4(967 1156 1157 968)
4(1135 1136 1157 1156)
4(948 969 1158 1137)
4(968 1157 1158 969)
4(1136 1137 1158 1157)
4(949 970 1159 1138)
4(969 1158 1159 970)
4(1137 1138 1159 1158)
4(950 971 1160 1139)
4(970 1159 1160 971)
4(1138 1139 1160 1159)
4(951 972 1161 1140)
4(971 1160 1161 972)
4(1139 1140 1161 1160)
4(952 973 1162 1141)
4(972 1161 1162 973)
4(1140 1141 1162 1161)
4(953 974 1163 1142)
4(973 1162 1163 974)
4(1141 1142 1163 1162)
4(954 975 1164 1143)
4(974 1163 1164 975)
4(1142 1143 1164 1163)
4(955 976 1165 1144)
4(975 1164 1165 976)
4(1143 1144 1165 1164)
4(956 977 1166 1145)
4(976 1165 1166 977)
4(1144 1145 1166 1165)
4(957 978 1167 1146)
4(977 1166 1167 978)
4(1145 1146 1167 1166)
4(958 979 1168 1147)
4(978 1167 1168 979)
4(1146 1147 1168 1167)
4(959 980 1169 1148)
4(979 1168 1169 980)
4(1147 1148 1169 1168)
4(960 981 1170 1149)
4(980 1169 1170 981)
4(1148 1149 1170 1169)
4(961 982 1171 1150)
4(981 1170 1171 982)
4(1149 1150 1171 1170)
4(962 983 1172 1151)
4(982 1171 1172 983)
4(1150 1151 1172 1171)
4(963 984 1173 1152)
4(983 1172 1173 984)
4(1151 1152 1173 1172)
4(984 1173 1174 985)
4(1152 1153 1174 1173)
4(966 987 1176 1155)
4(986 1175 1176 987)
4(1154 1155 1176 1175)
4(967 988 1177 1156)
4(987 1176 1177 988)
4(1155 1156 1177 1176)
4(968 989 1178 1157)
4(988 1177 1178 989)
4(1156 1157 1178 1177)
4(969 990 1179 1158)
4(989 1178 1179 990)
4(1157 1158 1179 1178)
4(970 991 1180 1159)
4(990 1179 1180 991)
4(1158 1159 1180 1179)
4(971 992 1181 1160)
4(991 1180 1181 992)
4(1159 1160 1181 1180)
4(972 993 1182 1161)
4(992 1181 1182 993)
4(1160 1161 1182 1181)
4(973 994 1183 1162)
4(993 1182 1183 994)
4(1161 1162 1183 1182)
4(974 995 1184 1163)
4(994 1183 1184 995)
4(1162 1163 1184 1183)
4(975 996 1185 1164)
4(995 1184 1185 996)
4(1163 1164 1185 1184)
4(976 997 1186 1165)
4(996 1185 1186 997)
4(1164 1165 1186 1185)
4(977 998 1187 1166)
4(997 1186 1187 998)
4(1165 1166 1187 1186)
4(978 999 1188 1167)
4(998 1187 1188 999)
4(1166 1167 1188 1187)
4(979 1000 1189 1168)
4(999 1188 1189 1000)
4(1167 1168 1189 1188)
4(980 1001 1190 1169)
4(1000 1189 1190 1001)
4(1168 1169 1190 1189)
4(981 1002 1191 1170)
4(1001 1190 1191 1002)
4(1169 1170 1191 1190)
4(982 1003 1192 1171)
4(1002 1191 1192 1003)
4(1170 1171 1192 1191)
4(983 1004 1193 1172)
4(1003 1192 1193 1004)
4(1171 1172 1193 1192)
4(984 1005 1194 1173)
4(1004 1193 1194 1005)
4(1172 1173 1194 1193)
4(1005 1194 1195 1006)
4(1173 1174 1195 1194)
4(987 1008 1197 1176)
4(1007 1196 1197 1008)
4(1175 1176 1197 1196)
4(988 1009 1198 1177)
4(1008 1197 1198 1009)
4(1176 1177 1198 1197)
4(989 1010 1199 1178)
4(1009 1198 1199 1010)
4(1177 1178 1199 1198)
4(990 1011 1200 1179)
4(1010 1199 1200 1011)
4(1178 1179 1200 1199)
4(991 1012 1201 1180)
4(1011 1200 1201 1012)
4(1179 1180 1201 1200)
4(992 1013 1202 1181)
4(1012 1201 1202 1013)
4(1180 1181 1202 1201)
4(993 1014 1203 1182)
4(1013 1202 1203 1014)
4(1181 1182 1203 1202)
4(994 1015 1204 1183)
4(1014 1203 1204 1015)
4(1182 1183 1204 1203)
4(995 1016 1205 1184)
4(1015 1204 1205 1016)
4(1183 1184 1205 1204)
4(996 1017 1206 1185)
4(1016 1205 1206 1017)
4(1184 1185 1206 1205)
4(997 1018 1207 1186)
4(1017 1206 1207 1018)
4(1185 1186 1207 1206)
4(998 1019 1208 1187)
4(1018 1207 1208 1019)
4(1186 1187 1208 1207)
4(999 1020 1209 1188)
4(1019 1208 1209 1020)
4(1187 1188 1209 1208)
4(1000 1021 1210 1189)
4(1020 1209 1210 1021)
4(1188 1189 1210 1209)
4(1001 1022 1211 1190)
4(1021 1210 1211 1022)
4(1189 1190 1211 1210)
4(1002 1023 1212 1191)
4(1022 1211 1212 1023)
4(1190 1191 1212 1211)
4(1003 1024 1213 1192)
4(1023 1212 1213 1024)
4(1191 1192 1213 1212)
4(1004 1025 1214 1193)
4(1024 1213 1214 1025)
4(1192 1193 1214 1213)
4(1005 1026 1215 1194)
4(1025 1214 1215 1026)
4(1193 1194 1215 1214)
4(1026 1215 1216 1027)
4(1194 1195 1216 1215)
4(1008 1029 1218 1197)
4(1028 1217 1218 1029)
4(1196 1197 1218 1217)
4(1009 1030 1219 1198)
4(1029 1218 1219 1030)
4(1197 1198 1219 1218)
4(1010 1031 1220 1199)
4(1030 1219 1220 1031)
4(1198 1199 1220 1219)
4(1011 1032 1221 1200)
4(1031 1220 1221 1032)
4(1199 1200 1221 1220)
4(1012 1033 1222 1201)
4(1032 1221 1222 1033)
4(1200 1201 1222 1221)
4(1013 1034 1223 1202)
4(1033 1222 1223 1034)
4(1201 1202 1223 1222)
4(1014 1035 1224 1203)
4(1034 1223 1224 1035)
4(1202 1203 1224 1223)
4(1015 1036 1225 1204)
4(1035 1224 1225 1036)
4(1203 1204 1225 1224)
4(1016 1037 1226 1205)
4(1036 1225 1226 1037)
4(1204 1205 1226 1225)
4(1017 1038 1227 1206)
4(1037 1226 1227 1038)
4(1205 1206 1227 1226)
4(1018 1039 1228 1207)
4(1038 1227 1228 1039)
4(1206 1207 1228 1227)
4(1019 1040 1229 1208)
4(1039 1228 1229 1040)
4(1207 1208 1229 1228)
4(1020 1041 1230 1209)
4(1040 1229 1230 1041)
4(1208 1209 1230 1229)
4(1021 1042 1231 1210)
4(1041 1230 1231 1042)
4(1209 1210 1231 1230)
4(1022 1043 1232 1211)
4(1042 1231 1232 1043)
4(1210 1211 1232 1231)
4(1023 1044 1233 1212)
4(1043 1232 1233 1044)
4(1211 1212 1233 1232)
4(1024 1045 1234 1213)
4(1044 1233 1234 1045)
4(1212 1213 1234 1233)
4(1025 1046 1235 1214)
4(1045 1234 1235 1046)
4(1213 1214 1235 1234)
4(1026 1047 1236 1215)
4(1046 1235 1236 1047)
4(1214 1215 1236 1235)
4(1047 1236 1237 1048)
4(1215 1216 1237 1236)
4(1029 1050 1239 1218)
4(1049 1238 1239 1050)
4(1217 1218 1239 1238)
4(1030 1051 1240 1219)
4(1050 1239 1240 1051)
4(1218 1219 1240 1239)
4(1031 1052 1241 1220)
4(1051 1240 1241 1052)
4(1219 1220 1241 1240)
4(1032 1053 1242 1221)
4(1052 1241 1242 1053)
4(1220 1221 1242 1241)
4(1033 1054 1243 1222)
4(1053 1242 1243 1054)
4(1221 1222 1243 1242)
4(1034 1055 1244 1223)
4(1054 1243 1244 1055)
4(1222 1223 1244 1243)
4(1035 1056 1245 1224)
4(1055 1244 1245 1056)
4(1223 1224 1245 1244)
4(1036 1057 1246 1225)
4(1056 1245 1246 1057)
4(1224 1225 1246 1245)
4(1037 1058 1247 1226)
4(1057 1246 1247 1058)
4(1225 1226 1247 1246)
4(1038 1059 1248 1227)
4(1058 1247 1248 1059)
4(1226 1227 1248 1247)
4(1039 1060 1249 1228)
4(1059 1248 1249 1060)
4(1227 1228 1249 1248)
4(1040 1061 1250 1229)
4(1060 1249 1250 1061)
4(1228 1229 1250 1249)
4(1041 1062 1251 1230)
4(1061 1250 1251 1062)
4(1229 1230 1251 1250)
4(1042 1063 1252 1231)
4(1062 1251 1252 1063)
4(1230 1231 1252 1251)
4(1043 1064 1253 1232)
4(1063 1252 1253 1064)
4(1231 1232 1253 1252)
4(1044 1065 1254 1233)
4(1064 1253 1254 1065)
4(1232 1233 1254 1253)
4(1045 1066 1255 1234)
4(1065 1254 1255 1066)
4(1233 1234 1255 1254)
4(1046 1067 1256 1235)
4(1066 1255 1256 1067)
4(1234 1235 1256 1255)
4(1047 1068 1257 1236)
4(1067 1256 1257 1068)
4(1235 1236 1257 1256)
4(1068 1257 1258 1069)
4(1236 1237 1258 1257)
4(1050 1071 1260 1239)
4(1070 1259 1260 1071)
4(1238 1239 1260 1259)
4(1051 1072 1261 1240)
4(1071 1260 1261 1072)
4(1239 1240 1261 1260)
4(1052 1073 1262 1241)
4(1072 1261 1262 1073)
4(1240 1241 1262 1261)
4(1053 1074 1263 1242)
4(1073 1262 1263 1074)
4(1241 1242 1263 1262)
4(1054 1075 1264 1243)
4(1074 1263 1264 1075)
4(1242 1243 1264 1263)
4(1055 1076 1265 1244)
4(1075 1264 1265 1076)
4(1243 1244 1265 1264)
4(1056 1077 1266 1245)
4(1076 1265 1266 1077)
4(1244 1245 1266 1265)
4(1057 1078 1267 1246)
4(1077 1266 1267 1078)
4(1245 1246 1267 1266)
4(1058 1079 1268 1247)
4(1078 1267 1268 1079)
4(1246 1247 1268 1267)
4(1059 1080 1269 1248)
4(1079 1268 1269 1080)
4(1247 1248 1269 1268)
4(1060 1081 1270 1249)
4(1080 1269 1270 1081)
4(1248 1249 1270 1269)
4(1061 1082 1271 1250)
4(1081 1270 1271 1082)
4(1249 1250 1271 1270)
4(1062 1083 1272 1251)
4(1082 1271 1272 1083)
4(1250 1251 1272 1271)
4(1063 1084 1273 1252)
4(1083 1272 1273 1084)
4(1251 1252 1273 1272)
4(1064 1085 1274 1253)
4(1084 1273 1274 1085)
4(1252 1253 1274 1273)
4(1065 1086 1275 1254)
4(1085 1274 1275 1086)
4(1253 1254 1275 1274)
4(1066 1087 1276 1255)
4(1086 1275 1276 1087)
4(1254 1255 1276 1275)
4(1067 1088 1277 1256)
4(1087 1276 1277 1088)
4(1255 1256 1277 1276)
4(1068 1089 1278 1257)
4(1088 1277 1278 1089)
4(1256 1257 1278 1277)
4(1089 1278 1279 1090)
4(1257 1258 1279 1278)
4(1071 1092 1281 1260)
4(1091 1280 1281 1092)
4(1259 1260 1281 1280)
4(1072 1093 1282 1261)
4(1092 1281 1282 1093)
4(1260 1261 1282 1281)
4(1073 1094 1283 1262)
4(1093 1282 1283 1094)
4(1261 1262 1283 1282)
4(1074 1095 1284 1263)
4(1094 1283 1284 1095)
4(1262 1263 1284 1283)
4(1075 1096 1285 1264)
4(1095 1284 1285 1096)
4(1263 1264 1285 1284)
4(1076 1097 1286 1265)
4(1096 1285 1286 1097)
4(1264 1265 1286 1285)
4(1077 1098 1287 1266)
4(1097 1286 1287 1098)
4(1265 1266 1287 1286)
4(1078 1099 1288 1267)
4(1098 1287 1288 1099)
4(1266 1267 1288 1287)
4(1079 1100 1289 1268)
4(1099 1288 1289 1100)
4(1267 1268 1289 1288)
4(1080 1101 1290 1269)
4(1100 1289 1290 1101)
4(1268 1269 1290 1289)
4(1081 1102 1291 1270)
4(1101 1290 1291 1102)
4(1269 1270 1291 1290)
4(1082 1103 1292 1271)
4(1102 1291 1292 1103)
4(1270 1271 1292 1291)
4(1083 1104 1293 1272)
4(1103 1292 1293 1104)
4(1271 1272 1293 1292)
4(1084 1105 1294 1273)
4(1104 1293 1294 1105)
4(1272 1273 1294 1293)
4(1085 1106 1295 1274)
4(1105 1294 1295 1106)
4(1273 1274 1295 1294)
4(1086 1107 1296 1275)
4(1106 1295 1296 1107)
4(1274 1275 1296 1295)
4(1087 1108 1297 1276)
4(1107 1296 1297 1108)
4(1275 1276 1297 1296)
4(1088 1109 1298 1277)
4(1108 1297 1298 1109)
4(1276 1277 1298 1297)
4(1089 1110 1299 1278)
4(1109 1298 1299 1110)
4(1277 1278 1299 1298)
4(1110 1299 1300 1111)
4(1278 1279 1300 1299)
4(1092 1113 1302 1281)
4(1280 1281 1302 1301)
4(1093 1114 1303 1282)
4(1281 1282 1303 1302)
4(1094 1115 1304 1283)
4(1282 1283 1304 1303)
4(1095 1116 1305 1284)
4(1283 1284 1305 1304)
4(1096 1117 1306 1285)
4(1284 1285 1306 1305)
4(1097 1118 1307 1286)
4(1285 1286 1307 1306)
4(1098 1119 1308 1287)
4(1286 1287 1308 1307)
4(1099 1120 1309 1288)
4(1287 1288 1309 1308)
4(1100 1121 1310 1289)
4(1288 1289 1310 1309)
4(1101 1122 1311 1290)
4(1289 1290 1311 1310)
4(1102 1123 1312 1291)
4(1290 1291 1312 1311)
4(1103 1124 1313 1292)
4(1291 1292 1313 1312)
4(1104 1125 1314 1293)
4(1292 1293 1314 1313)
4(1105 1126 1315 1294)
4(1293 1294 1315 1314)
4(1106 1127 1316 1295)
4(1294 1295 1316 1315)
4(1107 1128 1317 1296)
4(1295 1296 1317 1316)
4(1108 1129 1318 1297)
4(1296 1297 1318 1317)
4(1109 1130 1319 1298)
4(1297 1298 1319 1318)
4(1110 1131 1320 1299)
4(1298 1299 1320 1319)
4(1299 1300 1321 1320)
4(1134 1155 1344 1323)
4(1154 1343 1344 1155)
4(1322 1323 1344 1343)
4(1135 1156 1345 1324)
4(1155 1344 1345 1156)
4(1323 1324 1345 1344)
4(1136 1157 1346 1325)
4(1156 1345 1346 1157)
4(1324 1325 1346 1345)
4(1137 1158 1347 1326)
4(1157 1346 1347 1158)
4(1325 1326 1347 1346)
4(1138 1159 1348 1327)
4(1158 1347 1348 1159)
4(1326 1327 1348 1347)
4(1139 1160 1349 1328)
4(1159 1348 1349 1160)
4(1327 1328 1349 1348)
4(1140 1161 1350 1329)
4(1160 1349 1350 1161)
4(1328 1329 1350 1349)
4(1141 1162 1351 1330)
4(1161 1350 1351 1162)
4(1329 1330 1351 1350)
4(1142 1163 1352 1331)
4(1162 1351 1352 1163)
4(1330 1331 1352 1351)
4(1143 1164 1353 1332)
4(1163 1352 1353 1164)
4(1331 1332 1353 1352)
4(1144 1165 1354 1333)
4(1164 1353 1354 1165)
4(1332 1333 1354 1353)
4(1145 1166 1355 1334)
4(1165 1354 1355 1166)
4(1333 1334 1355 1354)
4(1146 1167 1356 1335)
4(1166 1355 1356 1167)
4(1334 1335 1356 1355)
4(1147 1168 1357 1336)
4(1167 1356 1357 1168)
4(1335 1336 1357 1356)
4(1148 1169 1358 1337)
4(1168 1357 1358 1169)
4(1336 1337 1358 1357)
4(1149 1170 1359 1338)
4(1169 1358 1359 1170)
4(1337 1338 1359 1358)
4(1150 1171 1360 1339)
4(1170 1359 1360 1171)
4(1338 1339 1360 1359)
4(1151 1172 1361 1340)
4(1171 1360 1361 1172)
4(1339 1340 1361 1360)
4(1152 1173 1362 1341)
4(1172 1361 1362 1173)
4(1340 1341 1362 1361)
4(1173 1362 1363 1174)
4(1341 1342 1363 1362)
4(1155 1176 1365 1344)
4(1175 1364 1365 1176)
4(1343 1344 1365 1364)
4(1156 1177 1366 1345)
4(1176 1365 1366 1177)
4(1344 1345 1366 1365)
4(1157 1178 1367 1346)
4(1177 1366 1367 1178)
4(1345 1346 1367 1366)
4(1158 1179 1368 1347)
4(1178 1367 1368 1179)
4(1346 1347 1368 1367)
4(1159 1180 1369 1348)
4(1179 1368 1369 1180)
4(1347 1348 1369 1368)
4(1160 1181 1370 1349)
4(1180 1369 1370 1181)
4(1348 1349 1370 1369)
4(1161 1182 1371 1350)
4(1181 1370 1371 1182)
4(1349 1350 1371 1370)
4(1162 1183 1372 1351)
4(1182 1371 1372 1183)
4(1350 1351 1372 1371)
4(1163 1184 1373 1352)
4(1183 1372 1373 1184)
4(1351 1352 1373 1372)
4(1164 1185 1374 1353)
4(1184 1373 1374 1185)
4(1352 1353 1374 1373)
4(1165 1186 1375 1354)
4(1185 1374 1375 1186)
4(1353 1354 1375 1374)
4(1166 1187 1376 1355)
4(1186 1375 1376 1187)
4(1354 1355 1376 1375)
4(1167 1188 1377 1356)
4(1187 1376 1377 1188)
4(1355 1356 1377 1376)
4(1168 1189 1378 1357)
4(1188 1377 1378 1189)
4(1356 1357 1378 1377)
4(1169 1190 1379 1358)
4(1189 1378 1379 1190)
4(1357 1358 1379 1378)
4(1170 1191 1380 1359)
4(1190 1379 1380 1191)
4(1358 1359 1380 1379)
4(1171 1192 1381 1360)
4(1191 1380 1381 1192)
4(1359 1360 1381 1380)
4(1172 1193 1382 1361)
4(1192 1381 1382 1193)
4(1360 1361 1382 1381)
4(1173 1194 1383 1362)
4(1193 1382 1383 1194)
4(1361 1362 1383 1382)
4(1194 1383 1384 1195)
4(1362 1363 1384 1383)
4(1176 1197 1386 1365)
4(1196 1385 1386 1197)
4(1364 1365 1386 1385)
4(1177 1198 1387 1366)
4(1197 1386 1387 1198)
4(1365 1366 1387 1386)
4(1178 1199 1388 1367)
4(1198 1387 1388 1199)
4(1366 1367 1388 1387)
4(1179 1200 1389 1368)
4(1199 1388 1389 1200)
4(1367 1368 1389 1388)
4(1180 1201 1390 1369)
4(1200 1389 1390 1201)
4(1368 1369 1390 1389)
4(1181 1202 1391 1370)
4(1201 1390 1391 1202)
4(1369 1370 1391 1390)
4(1182 1203 1392 1371)
4(1202 1391 1392 1203)
4(1370 1371 1392 1391)
4(1183 1204 1393 1372)
4(1203 1392 1393 1204)
4(1371 1372 1393 1392)
4(1184 1205 1394 1373)
4(1204 1393 1394 1205)
4(1372 1373 1394 1393)
4(1185 1206 1395 1374)
4(1205 1394 1395 1206)
4(1373 1374 1395 1394)
4(1186 1207 1396 1375)
4(1206 1395 1396 1207)
4(1374 1375 1396 1395)
4(1187 1208 1397 1376)
4(1207 1396 1397 1208)
4(1375 1376 1397 1396)
4(1188 1209 1398 1377)
4(1208 1397 1398 1209)
4(1376 1377 1398 1397)
4(1189 1210 1399 1378)
4(1209 1398 1399 1210)
4(1377 1378 1399 1398)
4(1190 1211 1400 1379)
4(1210 1399 1400 1211)
4(1378 1379 1400 1399)
4(1191 1212 1401 1380)
4(1211 1400 1401 1212)
4(1379 1380 1401 1400)
4(1192 1213 1402 1381)
4(1212 1401 1402 1213)
4(1380 1381 1402 1401)
4(1193 1214 1403 1382)
4(1213 1402 1403 1214)
4(1381 1382 1403 1402)
4(1194 1215 1404 1383)
4(1214 1403 1404 1215)
4(1382 1383 1404 1403)
4(1215 1404 1405 1216)
4(1383 1384 1405 1404)
4(1197 1218 1407 1386)
4(1217 1406 1407 1218)
4(1385 1386 1407 1406)
4(1198 1219 1408 1387)
4(1218 1407 1408 1219)
4(1386 1387 1408 1407)
4(1199 1220 1409 1388)
4(1219 1408 1409 1220)
4(1387 1388 1409 1408)
4(1200 1221 1410 1389)
4(1220 1409 1410 1221)
4(1388 1389 1410 1409)
4(1201 1222 1411 1390)
4(1221 1410 1411 1222)
4(1389 1390 1411 1410)
4(1202 1223 1412 1391)
4(1222 1411 1412 1223)
4(1390 1391 1412 1411)
4(1203 1224 1413 1392)
4(1223 1412 1413 1224)
4(1391 1392 1413 1412)
4(1204 1225 1414 1393)
4(1224 1413 1414 1225)
4(1392 1393 1414 1413)
4(1205 1226 1415 1394)
4(1225 1414 1415 1226)
4(1393 1394 1415 1414)
4(1206 1227 1416 1395)
4(1226 1415 1416 1227)
4(1394 1395 1416 1415)
4(1207 1228 1417 1396)
4(1227 1416 1417 1228)
4(1395 1396 1417 1416)
4(1208 1229 1418 1397)
4(1228 1417 1418 1229)
4(1396 1397 1418 1417)
4(1209 1230 1419 1398)
4(1229 1418 1419 1230)
4(1397 1398 1419 1418)
4(1210 1231 1420 1399)
4(1230 1419 1420 1231)
4(1398 1399 1420 1419)
4(1211 1232 1421 1400)
4(1231 1420 1421 1232)
4(1399 1400 1421 1420)
4(1212 1233 1422 1401)
4(1232 1421 1422 1233)
4(1400 1401 1422 1421)
4(1213 1234 1423 1402)
4(1233 1422 1423 1234)
4(1401 1402 1423 1422)
4(1214 1235 1424 1403)
4(1234 1423 1424 1235)
4(1402 1403 1424 1423)
4(1215 1236 1425 1404)
4(1235 1424 1425 1236)
4(1403 1404 1425 1424)
4(1236 1425 1426 1237)
4(1404 1405 1426 1425)
4(1218 1239 1428 1407)
4(1238 1427 1428 1239)
4(1406 1407 1428 1427)
4(1219 1240 1429 1408)
4(1239 1428 1429 1240)
4(1407 1408 1429 1428)
4(1220 1241 1430 1409)
4(1240 1429 1430 1241)
4(1408 1409 1430 1429)
4(1221 1242 1431 1410)
4(1241 1430 1431 1242)
4(1409 1410 1431 1430)
4(1222 1243 1432 1411)
4(1242 1431 1432 1243)
4(1410 1411 1432 1431)
4(1223 1244 1433 1412)
4(1243 1432 1433 1244)
4(1411 1412 1433 1432)
4(1224 1245 1434 1413)
4(1244 1433 1434 1245)
4(1412 1413 1434 1433)
4(1225 1246 1435 1414)
4(1245 1434 1435 1246)
4(1413 1414 1435 1434)
4(1226 1247 1436 1415)
4(1246 1435 1436 1247)
4(1414 1415 1436 1435)
4(1227 1248 1437 1416)
4(1247 1436 1437 1248)
4(1415 1416 1437 1436)
4(1228 1249 1438 1417)
4(1248 1437 1438 1249)
4(1416 1417 1438 1437)
4(1229 1250 1439 1418)
4(1249 1438 1439 1250)
4(1417 1418 1439 1438)
4(1230 1251 1440 1419)
4(1250 1439 1440 1251)
4(1418 1419 1440 1439)
4(1231 1252 1441 1420)
4(1251 1440 1441 1252)
4(1419 1420 1441 1440)
4(1232 1253 1442 1421)
4(1252 1441 1442 1253)
4(1420 1421 1442 1441)
4(1233 1254 1443 1422)
4(1253 1442 1443 1254)
4(1421 1422 1443 1442)
4(1234 1255 1444 1423)
4(1254 1443 1444 1255)
4(1422 1423 1444 1443)
4(1235 1256 1445 1424)
4(1255 1444 1445 1256)
4(1423 1424 1445 1444)
4(1236 1257 1446 1425)
4(1256 1445 1446 1257)
4(1424 1425 1446 1445)
4(1257 1446 1447 1258)
4(1425 1426 1447 1446)
4(1239 1260 1449 1428)
4(1259 1448 1449 1260)
4(1427 1428 1449 1448)
4(1240 1261 1450 1429)
4(1260 1449 1450 1261)
4(1428 1429 1450 1449)
4(1241 1262 1451 1430)
4(1261 1450 1451 1262)
4(1429 1430 1451 1450)
4(1242 1263 1452 1431)
4(1262 1451 1452 1263)
4(1430 1431 1452 1451)
4(1243 1264 1453 1432)
4(1263 1452 1453 1264)
4(1431 1432 1453 1452)
4(1244 1265 1454 1433)
4(1264 1453 1454 1265)
4(1432 1433 1454 1453)
4(1245 1266 1455 1434)
4(1265 1454 1455 1266)
4(1433 1434 1455 1454)
4(1246 1267 1456 1435)
4(1266 1455 1456 1267)
4(1434 1435 1456 1455)
4(1247 1268 1457 1436)
4(1267 1456 1457 1268)
4(1435 1436 1457 1456)
4(1248 1269 1458 1437)
4(1268 1457 1458 1269)
4(1436 1437 1458 1457)
4(1249 1270 1459 1438)
4(1269 1458 1459 1270)
4(1437 1438 1459 1458)
4(1250 1271 1460 1439)
4(1270 1459 1460 1271)
4(1438 1439 1460 1459)
4(1251 1272 1461 1440)
4(1271 1460 1461 1272)
4(1439 1440 1461 1460)
4(1252 1273 1462 1441)
4(1272 1461 1462 1273)
4(1440 1441 1462 1461)
4(1253 1274 1463 1442)
4(1273 1462 1463 1274)
4(1441 1442 1463 1462)
4(1254 1275 1464 1443)
4(1274 1463 1464 1275)
4(1442 1443 1464 1463)
4(1255 1276 1465 1444)
4(1275 1464 1465 1276)
4(1443 1444 1465 1464)
4(1256 1277 1466 1445)
4(1276 1465 1466 1277)
4(1444 1445 1466 1465)
4(1257 1278 1467 1446)
4(1277 1466 1467 1278)
4(1445 1446 1467 1466)
4(1278 1467 1468 1279)
4(1446 1447 1468 1467)
4(1260 1281 1470 1449)
4(1280 1469 1470 1281)
4(1448 1449 1470 1469)
4(1261 1282 1471 1450)
4(1281 1470 1471 1282)
4(1449 1450 1471 1470)
4(1262 1283 1472 1451)
4(1282 1471 1472 1283)
4(1450 1451 1472 1471)
4(1263 1284 1473 1452)
4(1283 1472 1473 1284)
4(1451 1452 1473 1472)
4(1264 1285 1474 1453)
4(1284 1473 1474 1285)
4(1452 1453 1474 1473)
4(1265 1286 1475 1454)
4(1285 1474 1475 1286)
4(1453 1454 1475 1474)
4(1266 1287 1476 1455)
4(1286 1475 1476 1287)
4(1454 1455 1476 1475)
4(1267 1288 1477 1456)
4(1287 1476 1477 1288)
4(1455 1456 1477 1476)
4(1268 1289 1478 1457)
4(1288 1477 1478 1289)
4(1456 1457 1478 1477)
4(1269 1290 1479 1458)
4(1289 1478 1479 1290)
4(1457 1458 1479 1478)
4(1270 1291 1480 1459)
4(1290 1479 1480 1291)
4(1458 1459 1480 1479)
4(1271 1292 1481 1460)
4(1291 1480 1481 1292)
4(1459 1460 1481 1480)
4(1272 1293 1482 1461)
4(1292 1481 1482 1293)
4(1460 1461 1482 1481)
4(1273 1294 1483 1462)
4(1293 1482 1483 1294)
4(1461 1462 1483 1482)
4(1274 1295 1484 1463)
4(1294 1483 1484 1295)
4(1462 1463 1484 1483)
4(1275 1296 1485 1464)
4(1295 1484 1485 1296)
4(1463 1464 1485 1484)
4(1276 1297 1486 1465)
4(1296 1485 1486 1297)
4(1464 1465 1486 1485)
4(1277 1298 1487 1466)
4(1297 1486 1487 1298)
4(1465 1466 1487 1486)
4(1278 1299 1488 1467)
4(1298 1487 1488 1299)
4(1466 1467 1488 1487)
4(1299 1488 1489 1300)
4(1467 1468 1489 1488)
4(1281 1302 1491 1470)
4(1469 1470 1491 1490)
4(1282 1303 1492 1471)
4(1470 1471 1492 1491)
4(1283 1304 1493 1472)
4(1471 1472 1493 1492)
4(1284 1305 1494 1473)
4(1472 1473 1494 1493)
4(1285 1306 1495 1474)
4(1473 1474 1495 1494)
4(1286 1307 1496 1475)
4(1474 1475 1496 1495)
4(1287 1308 1497 1476)
4(1475 1476 1497 1496)
4(1288 1309 1498 1477)
4(1476 1477 1498 1497)
4(1289 1310 1499 1478)
4(1477 1478 1499 1498)
4(1290 1311 1500 1479)
4(1478 1479 1500 1499)
4(1291 1312 1501 1480)
4(1479 1480 1501 1500)
4(1292 1313 1502 1481)
4(1480 1481 1502 1501)
4(1293 1314 1503 1482)
4(1481 1482 1503 1502)
4(1294 1315 1504 1483)
4(1482 1483 1504 1503)
4(1295 1316 1505 1484)
4(1483 1484 1505 1504)
4(1296 1317 1506 1485)
4(1484 1485 1506 1505)
4(1297 1318 1507 1486)
4(1485 1486 1507 1506)
4(1298 1319 1508 1487)
4(1486 1487 1508 1507)
4(1299 1320 1509 1488)
4(1487 1488 1509 1508)
4(1488 1489 1510 1509)
4(1323 1344 1533 1512)
4(1343 1532 1533 1344)
4(1324 1345 1534 1513)
4(1344 1533 1534 1345)
4(1325 1346 1535 1514)
4(1345 1534 1535 1346)
4(1326 1347 1536 1515)
4(1346 1535 1536 1347)
4(1327 1348 1537 1516)
4(1347 1536 1537 1348)
4(1328 1349 1538 1517)
4(1348 1537 1538 1349)
4(1329 1350 1539 1518)
4(1349 1538 1539 1350)
4(1330 1351 1540 1519)
4(1350 1539 1540 1351)
4(1331 1352 1541 1520)
4(1351 1540 1541 1352)
4(1332 1353 1542 1521)
4(1352 1541 1542 1353)
4(1333 1354 1543 1522)
4(1353 1542 1543 1354)
4(1334 1355 1544 1523)
4(1354 1543 1544 1355)
4(1335 1356 1545 1524)
4(1355 1544 1545 1356)
4(1336 1357 1546 1525)
4(1356 1545 1546 1357)
4(1337 1358 1547 1526)
4(1357 1546 1547 1358)
4(1338 1359 1548 1527)
4(1358 1547 1548 1359)
4(1339 1360 1549 1528)
4(1359 1548 1549 1360)
4(1340 1361 1550 1529)
4(1360 1549 1550 1361)
4(1341 1362 1551 1530)
4(1361 1550 1551 1362)
4(1362 1551 1552 1363)
4(1344 1365 1554 1533)
4(1364 1553 1554 1365)
4(1345 1366 1555 1534)
4(1365 1554 1555 1366)
4(1346 1367 1556 1535)
4(1366 1555 1556 1367)
4(1347 1368 1557 1536)
4(1367 1556 1557 1368)
4(1348 1369 1558 1537)
4(1368 1557 1558 1369)
4(1349 1370 1559 1538)
4(1369 1558 1559 1370)
4(1350 1371 1560 1539)
4(1370 1559 1560 1371)
4(1351 1372 1561 1540)
4(1371 1560 1561 1372)
4(1352 1373 1562 1541)
4(1372 1561 1562 1373)
4(1353 1374 1563 1542)
4(1373 1562 1563 1374)
4(1354 1375 1564 1543)
4(1374 1563 1564 1375)
4(1355 1376 1565 1544)
4(1375 1564 1565 1376)
4(1356 1377 1566 1545)
4(1376 1565 1566 1377)
4(1357 1378 1567 1546)
4(1377 1566 1567 1378)
4(1358 1379 1568 1547)
4(1378 1567 1568 1379)
4(1359 1380 1569 1548)
4(1379 1568 1569 1380)
4(1360 1381 1570 1549)
4(1380 1569 1570 1381)
4(1361 1382 1571 1550)
4(1381 1570 1571 1382)
4(1362 1383 1572 1551)
4(1382 1571 1572 1383)
4(1383 1572 1573 1384)
4(1365 1386 1575 1554)
4(1385 1574 1575 1386)
4(1366 1387 1576 1555)
4(1386 1575 1576 1387)
4(1367 1388 1577 1556)
4(1387 1576 1577 1388)
4(1368 1389 1578 1557)
4(1388 1577 1578 1389)
4(1369 1390 1579 1558)
4(1389 1578 1579 1390)
4(1370 1391 1580 1559)
4(1390 1579 1580 1391)
4(1371 1392 1581 1560)
4(1391 1580 1581 1392)
4(1372 1393 1582 1561)
4(1392 1581 1582 1393)
4(1373 1394 1583 1562)
4(1393 1582 1583 1394)
4(1374 1395 1584 1563)
4(1394 1583 1584 1395)
4(1375 1396 1585 1564)
4(1395 1584 1585 1396)
4(1376 1397 1586 1565)
4(1396 1585 1586 1397)
4(1377 1398 1587 1566)
4(1397 1586 1587 1398)
4(1378 1399 1588 1567)
4(1398 1587 1588 1399)
4(1379 1400 1589 1568)
4(1399 1588 1589 1400)
4(1380 1401 1590 1569)
4(1400 1589 1590 1401)
4(1381 1402 1591 1570)
4(1401 1590 1591 1402)
4(1382 1403 1592 1571)
4(1402 1591 1592 1403)
4(1383 1404 1593 1572)
4(1403 1592 1593 1404)
4(1404 1593 1594 1405)
4(1386 1407 1596 1575)
4(1406 1595 1596 1407)
4(1387 1408 1597 1576)
4(1407 1596 1597 1408)
4(1388 1409 1598 1577)
4(1408 1597 1598 1409)
4(1389 1410 1599 1578)
4(1409 1598 1599 1410)
4(1390 1411 1600 1579)
4(1410 1599 1600 1411)
4(1391 1412 1601 1580)
4(1411 1600 1601 1412)
4(1392 1413 1602 1581)
4(1412 1601 1602 1413)
4(1393 1414 1603 1582)
4(1413 1602 1603 1414)
4(1394 1415 1604 1583)
4(1414 1603 1604 1415)
4(1395 1416 1605 1584)
4(1415 1604 1605 1416)
4(1396 1417 1606 1585)
4(1416 1605 1606 1417)
4(1397 1418 1607 1586)
4(1417 1606 1607 1418)
4(1398 1419 1608 1587)
4(1418 1607 1608 1419)
4(1399 1420 1609 1588)
4(1419 1608 1609 1420)
4(1400 1421 1610 1589)
4(1420 1609 1610 1421)
4(1401 1422 1611 1590)
4(1421 1610 1611 1422)
4(1402 1423 1612 1591)
4(1422 1611 1612 1423)
4(1403 1424 1613 1592)
4(1423 1612 1613 1424)
4(1404 1425 1614 1593)
4(1424 1613 1614 1425)
4(1425 1614 1615 1426)
4(1407 1428 1617 1596)
4(1427 1616 1617 1428)
4(1408 1429 1618 1597)
4(1428 1617 1618 1429)
4(1409 1430 1619 1598)
4(1429 1618 1619 1430)
4(1410 1431 1620 1599)
4(1430 1619 1620 1431)
4(1411 1432 1621 1600)
4(1431 1620 1621 1432)
4(1412 1433 1622 1601)
4(1432 1621 1622 1433)
4(1413 1434 1623 1602)
4(1433 1622 1623 1434)
4(1414 1435 1624 1603)
4(1434 1623 1624 1435)
4(1415 1436 1625 1604)
4(1435 1624 1625 1436)
4(1416 1437 1626 1605)
4(1436 1625 1626 1437)
4(1417 1438 1627 1606)
4(1437 1626 1627 1438)
4(1418 1439 1628 1607)
4(1438 1627 1628 1439)
4(1419 1440 1629 1608)
4(1439 1628 1629 1440)
4(1420 1441 1630 1609)
4(1440 1629 1630 1441)
4(1421 1442 1631 1610)
4(1441 1630 1631 1442)
4(1422 1443 1632 1611)
4(1442 1631 1632 1443)
4(1423 1444 1633 1612)
4(1443 1632 1633 1444)
4(1424 1445 1634 1613)
4(1444 1633 1634 1445)
4(1425 1446 1635 1614)
4(1445 1634 1635 1446)
4(1446 1635 1636 1447)
4(1428 1449 1638 1617)
4(1448 1637 1638 1449)
4(1429 1450 1639 1618)
4(1449 1638 1639 1450)
4(1430 1451 1640 1619)
4(1450 1639 1640 1451)
4(1431 1452 1641 1620)
4(1451 1640 1641 1452)
4(1432 1453 1642 1621)
4(1452 1641 1642 1453)
4(1433 1454 1643 1622)
4(1453 1642 1643 1454)
4(1434 1455 1644 1623)
4(1454 1643 1644 1455)
4(1435 1456 1645 1624)
4(1455 1644 1645 1456)
4(1436 1457 1646 1625)
4(1456 1645 1646 1457)
4(1437 1458 1647 1626)
4(1457 1646 1647 1458)
4(1438 1459 1648 1627)
4(1458 1647 1648 1459)
4(1439 1460 1649 1628)
4(1459 1648 1649 1460)
4(1440 1461 1650 1629)
4(1460 1649 1650 1461)
4(1441 1462 1651 1630)
4(1461 1650 1651 1462)
4(1442 1463 1652 1631)
4(1462 1651 1652 1463)
4(1443 1464 1653 1632)
4(1463 1652 1653 1464)
4(1444 1465 1654 1633)
4(1464 1653 1654 1465)
4(1445 1466 1655 1634)
4(1465 1654 1655 1466)
4(1446 1467 1656 1635)
4(1466 1655 1656 1467)
4(1467 1656 1657 1468)
4(1449 1470 1659 1638)
4(1469 1658 1659 1470)
4(1450 1471 1660 1639)
4(1470 1659 1660 1471)
4(1451 1472 1661 1640)
4(1471 1660 1661 1472)
4(1452 1473 1662 1641)
4(1472 1661 1662 1473)
4(1453 1474 1663 1642)
4(1473 1662 1663 1474)
4(1454 1475 1664 1643)
4(1474 1663 1664 1475)
4(1455 1476 1665 1644)
4(1475 1664 1665 1476)
4(1456 1477 1666 1645)
4(1476 1665 1666 1477)
4(1457 1478 1667 1646)
4(1477 1666 1667 1478)
4(1458 1479 1668 1647)
4(1478 1667 1668 1479)
4(1459 1480 1669 1648)
4(1479 1668 1669 1480)
4(1460 1481 1670 1649)
4(1480 1669 1670 1481)
4(1461 1482 1671 1650)
4(1481 1670 1671 1482)
4(1462 1483 1672 1651)
4(1482 1671 1672 1483)
4(1463 1484 1673 1652)
4(1483 1672 1673 1484)
4(1464 1485 1674 1653)
4(1484 1673 1674 1485)
4(1465 1486 1675 1654)
4(1485 1674 1675 1486)
4(1466 1487 1676 1655)
4(1486 1675 1676 1487)
4(1467 1488 1677 1656)
4(1487 1676 1677 1488)
4(1488 1677 1678 1489)
4(1470 1491 1680 1659)
4(1471 1492 1681 1660)
4(1472 1493 1682 1661)
4(1473 1494 1683 1662)
4(1474 1495 1684 1663)
4(1475 1496 1685 1664)
4(1476 1497 1686 1665)
4(1477 1498 1687 1666)
4(1478 1499 1688 1667)
4(1479 1500 1689 1668)
4(1480 1501 1690 1669)
4(1481 1502 1691 1670)
4(1482 1503 1692 1671)
4(1483 1504 1693 1672)
4(1484 1505 1694 1673)
4(1485 1506 1695 1674)
4(1486 1507 1696 1675)
4(1487 1508 1697 1676)
4(1488 1509 1698 1677)
4(2353 1943 2364 1899)
4(2191 1945 2353 1899)
4(2344 1947 2351 1900)
4(2351 1948 2195 1900)
4(2195 1949 2344 1900)
5(22 1953 2224 2977 1950)
4(22 1951 2225 1953)
6(2352 1950 2977 2224 2962 1901)
4(2225 1951 2352 1901)
5(2224 1953 2225 1901 2962)
4(209 1774 1846 1772)
5(209 1773 2845 1853 1774)
5(1879 1772 1846 1736 2820)
5(1846 1774 1853 2816 1736)
4(1736 2816 3116 2820)
4(1773 2846 3116 2845)
4(1853 2845 3116 2816)
4(1879 2820 3116 2846)
5(210 1778 2854 1869 1777)
4(210 1777 1847 1779)
5(210 1779 1854 2853 1778)
5(1847 1777 1869 2825 1737)
5(1854 1779 1847 1737 2821)
4(1737 2825 3117 2821)
4(1778 2853 3117 2854)
4(1854 2821 3117 2853)
4(1869 2854 3117 2825)
4(2585 2398 2590 2381)
4(2514 2399 2585 2381)
4(2590 2400 2514 2381)
5(2354 1952 2199 1903 2966)
5(2199 1953 2224 2963 1903)
4(1903 2963 3118 2966)
4(1950 2978 3118 2977)
4(2224 2977 3118 2963)
4(2354 2966 3118 2978)
4(23 2695 3119 2693)
4(23 2694 3124 2695)
4(3353 2693 3119 2611)
4(3124 2694 3353 2611)
4(3119 2695 3124 2611)
4(190 2403 2536 2405)
4(190 2405 2537 2404)
4(2536 2403 2591 2382)
4(2591 2404 2537 2382)
4(2537 2405 2536 2382)
5(210 1778 2855 2239 1963)
4(210 1963 2200 1777)
5(1869 1777 2200 1904 2943)
5(2200 1963 2239 2969 1904)
4(1778 2854 3127 2855)
4(1869 2943 3127 2854)
4(1904 2969 3127 2943)
4(2239 2855 3127 2969)
4(211 1966 2243 1965)
4(211 1967 2244 1966)
4(211 1965 2201 1967)
4(2201 1965 2243 1905)
4(2243 1966 2244 1905)
4(2244 1967 2201 1905)
4(1700 1977 2249 1976)
4(1700 1975 2250 1977)
4(1700 1976 2223 1975)
4(2250 1975 2223 1906)
4(2223 1976 2249 1906)
4(2249 1977 2250 1906)
4(1702 1984 2253 1985)
4(2355 1982 2365 1907)
4(2253 1984 2355 1907)
4(1703 2757 3130 2758)
4(3340 2756 3354 2612)
4(3130 2757 3340 2612)
4(3354 2758 3130 2612)
4(1724 2027 2257 2026)
4(1724 2026 3131 2795)
4(2257 2613 3131 2026)
4(3339 2795 3131 2613)
4(2257 2027 3339 2613)
4(1725 2797 3132 2798)
4(1725 2799 3133 2797)
4(3132 2797 3133 2614)
4(3355 2798 3132 2614)
4(3133 2799 3355 2614)
4(1701 1981 2541 2424)
4(1701 2423 2542 1981)
4(1701 2424 2543 2423)
4(2542 2423 2543 2383)
4(2543 2424 2541 2383)
4(2541 1981 2542 2383)
4(1704 2759 3135 2760)
4(1704 2760 3136 2762)
4(3135 2759 3356 2615)
4(3136 2760 3135 2615)
4(3356 2762 3136 2615)
4(1718 2014 2268 2015)
4(1718 2015 2269 2013)
4(1718 2013 2233 2014)
4(2233 2013 2269 1912)
4(2268 2014 2233 1912)
4(2269 2015 2268 1912)
4(1726 2801 3137 2802)
4(1726 2803 3138 2801)
4(3137 2801 3138 2616)
4(3357 2802 3137 2616)
4(3138 2803 3357 2616)
4(3651 3414 3656 3397)
4(3551 3415 3651 3397)
4(3656 3416 3551 3397)
4(3119 2693 3650 3398)
4(3558 2695 3119 3398)
4(3650 3419 3558 3398)
6(24 1755 3487 1838 3476 1750)
6(24 1754 3485 1839 3488 1755)
4(1729 2438 3596 3473)
4(1750 3476 3596 3477)
4(1838 3473 3596 3476)
4(1883 3477 3596 2438)
4(1729 2805 3598 2438)
4(1754 3486 3598 3485)
4(1839 3485 3598 2805)
4(1883 2438 3598 3486)
4(1729 3473 3599 2805)
4(1755 3488 3599 3487)
4(1838 3487 3599 3473)
4(1839 2805 3599 3488)
4(3373 2403 2536 2617)
4(2536 2405 3076 2617)
4(3076 2702 3373 2617)
4(191 3434 3601 3433)
4(191 3432 3602 3434)
4(3602 3432 3657 3399)
4(3657 3433 3601 3399)
4(3601 3434 3602 3399)
4(211 1966 3144 2709)
4(211 2709 3075 1965)
4(2243 1965 3075 2618)
4(2243 2618 3144 1966)
4(3075 2709 3144 2618)
4(212 3438 3603 3437)
4(212 3437 3604 3436)
4(212 3436 3605 3438)
4(3605 3436 3604 3400)
4(3604 3437 3603 3400)
4(3603 3438 3605 3400)
4(3649 1951 2225 3401)
4(2225 1953 3555 3401)
4(3555 3418 3649 3401)
5(1881 1756 1844 1730 3475)
5(1876 3474 1730 1844 1757)
4(1730 3474 3553 3475)
4(1752 3481 3553 3480)
4(1876 3480 3553 3474)
4(1881 3475 3553 3481)
5(1844 1730 2806 1843 1758)
5(43 1758 1843 3482 1753)
4(43 1756 1844 1758)
4(1730 3475 3606 2806)
4(1753 3482 3606 3483)
4(1843 2806 3606 3482)
4(1881 3483 3606 3475)
4(1846 1772 3643 3402)
4(3085 1774 1846 3402)
4(3643 2706 3085 3402)
4(210 1777 3149 2708)
4(210 2708 3150 1779)
4(3149 1777 1847 2619)
4(1847 1779 3150 2619)
4(3150 2708 3149 2619)
5(1845 2807 1730 1844 1782)
5(230 1770 2840 1845 1782)
4(230 1782 1844 1757)
4(1730 2807 3607 3474)
4(1770 3494 3607 2840)
4(1845 2840 3607 2807)
4(1876 3474 3607 3494)
5(231 1775 2847 1843 1758)
5(231 1782 1845 2848 1775)
4(1730 2806 3148 2807)
4(1775 2848 3148 2847)
4(1843 2847 3148 2806)
4(1845 2807 3148 2848)
4(231 1758 1844 1782)
5(3343 1773 2845 1853 2620)
4(1853 1774 3086 2620)
4(3086 2707 3343 2620)
5(210 2406 2551 2856 1778)
4(210 1779 2529 2406)
5(2529 1779 1854 2938 2385)
5(2551 2406 2529 2385 3037)
4(1778 2856 3160 2853)
4(1854 2853 3160 2938)
4(2385 2938 3160 3037)
4(2551 3037 3160 2856)
5(3369 2717 3341 2621 3549)
5(3102 2718 3369 3549 2621)
4(3341 2719 3102 2621)
5(378 2411 3046 2556 2413)
4(378 2413 2533 2412)
5(2592 2412 2533 2386 3041)
5(2533 2413 2556 3040 2386)
4(2386 3040 3168 3041)
4(2411 3047 3168 3046)
4(2556 3046 3168 3040)
4(2592 3041 3168 3047)
4(398 2730 3170 2728)
4(398 2729 3171 2730)
4(3342 2728 3170 2622)
4(3171 2729 3342 2622)
4(3170 2730 3171 2622)
4(399 2732 3172 2731)
4(399 2731 3173 2733)
4(399 2733 3174 2732)
4(3173 2731 3172 2623)
4(3172 2732 3174 2623)
4(3174 2733 3173 2623)
4(2537 2404 3370 2624)
4(3077 2405 2537 2624)
4(3370 2701 3077 2624)
5(2239 1963 3093 2625 3526)
5(3093 2406 2551 3544 2625)
4(1778 2855 3608 2856)
4(2239 3526 3608 2855)
4(2551 2856 3608 3544)
4(2625 3544 3608 3526)
4(211 2710 3192 1966)
4(211 1967 3094 2710)
4(3192 2626 2244 1966)
4(3094 1967 2244 2626)
4(3192 2710 3094 2626)
5(3106 2720 3372 3550 2627)
5(2556 2413 3106 2627 3546)
4(2411 3046 3609 3537)
4(2556 3546 3609 3046)
4(2627 3550 3609 3546)
4(3372 3537 3609 3550)
4(379 2722 3203 2724)
4(379 2724 3107 2723)
4(3203 2722 3371 2628)
4(3371 2723 3107 2628)
4(3107 2724 3203 2628)
4(399 2734 3095 2731)
4(399 2732 3108 2734)
4(3172 2731 3095 2629)
4(3108 2732 3172 2629)
4(3095 2734 3108 2629)
4(400 3454 3610 3453)
4(400 3453 3611 3455)
4(400 3455 3612 3454)
4(3611 3453 3610 3403)
4(3610 3454 3612 3403)
4(3612 3455 3611 3403)
4(1700 1977 2283 1973)
4(1700 1973 2226 1976)
4(2226 1973 2283 1916)
4(2249 1976 2226 1916)
4(2283 1977 2249 1916)
4(2370 1983 2357 1917)
4(2357 1984 2253 1917)
4(1704 2761 3207 2760)
4(3359 2759 3135 2630)
4(3135 2760 3207 2630)
4(3207 2761 3359 2630)
4(1718 2012 2288 2015)
4(1718 2014 2227 2012)
4(2288 2012 2227 1919)
4(2227 2014 2268 1919)
4(2268 2015 2288 1919)
4(1725 2797 3208 2800)
4(3208 2797 3132 2631)
4(3132 2798 3358 2631)
4(3358 2800 3208 2631)
4(1700 1974 2292 1977)
4(1700 1975 2293 1974)
4(2292 1974 2293 1920)
4(2293 1975 2250 1920)
4(2250 1977 2292 1920)
4(1712 2772 3209 2773)
4(1712 2770 3210 2772)
4(3210 2770 3344 2632)
4(3209 2772 3210 2632)
4(3344 2773 3209 2632)
4(1720 2019 2300 2018)
4(1720 2018 2301 2020)
4(1720 2020 2207 2019)
4(2301 2018 2300 1923)
4(2300 2019 2207 1923)
4(2207 2020 2301 1923)
4(1724 2028 2302 2026)
4(2257 2026 2302 1924)
4(2346 2027 2257 1924)
4(2302 2028 2346 1924)
4(1700 1974 2306 1973)
4(2283 1973 2306 1925)
4(2306 1974 2292 1925)
4(2292 1977 2283 1925)
4(1714 2005 2311 2006)
4(1714 2004 2312 2005)
4(1714 2006 2275 2004)
4(2312 2004 2275 1927)
4(2311 2005 2312 1927)
4(2275 2006 2311 1927)
4(1718 2012 2313 2016)
4(1718 2016 2314 2015)
4(2313 2012 2288 1928)
4(2288 2015 2314 1928)
4(2314 2016 2313 1928)
4(1720 2021 2315 2018)
4(1720 2019 2276 2021)
4(2300 2018 2315 1929)
4(2276 2019 2300 1929)
4(2315 2021 2276 1929)
4(1700 2754 3214 1974)
4(1700 1975 3215 2754)
4(3214 2754 3215 2633)
4(3214 2633 2293 1974)
4(2293 2633 3215 1975)
5(1846 1736 2817 1862 1815)
5(1708 1815 1862 2902 1816)
4(1736 2820 3216 2817)
4(1816 2902 3216 2903)
4(1862 2817 3216 2902)
4(1879 2903 3216 2820)
4(1708 1772 1846 1815)
4(1712 2772 3152 2771)
4(3346 2771 3152 2634)
4(3152 2772 3209 2634)
4(3209 2773 3346 2634)
5(1868 2819 1736 1846 1829)
5(1716 1830 2923 1868 1829)
5(1716 1774 1853 2921 1830)
4(1736 2819 3219 2816)
4(1830 2921 3219 2923)
4(1853 2816 3219 2921)
4(1868 2923 3219 2819)
4(1716 1829 1846 1774)
5(1719 1829 1868 2876 1791)
5(1719 1791 2874 1862 1815)
4(1736 2817 3211 2819)
4(1791 2876 3211 2874)
4(1862 2874 3211 2817)
4(1868 2819 3211 2876)
4(1719 1815 1846 1829)
4(1720 2018 3220 2785)
4(1720 2785 3153 2020)
4(2301 2635 3220 2018)
4(2301 2020 3153 2635)
4(3153 2785 3220 2635)
4(1724 2796 3221 2026)
4(3221 2636 2302 2026)
4(3221 2796 3345 2636)
4(3345 2028 2302 2636)
4(1700 2754 3225 1973)
4(3225 2637 2306 1973)
4(3225 2754 3214 2637)
4(3214 1974 2306 2637)
5(1863 2822 1737 1847 1818)
5(1710 1817 2904 1863 1818)
5(1710 1777 1869 2905 1817)
4(1710 1818 1847 1777)
4(1737 2822 3226 2825)
4(1817 2905 3226 2904)
4(1863 2904 3226 2822)
4(1869 2825 3226 2905)
4(1714 2005 3229 2775)
4(1714 2775 3230 2006)
4(3230 2775 3229 2638)
4(2311 2638 3229 2005)
4(2311 2006 3230 2638)
5(1847 1737 2824 1868 1829)
5(1716 1830 2922 1854 1779)
4(1716 1779 1847 1829)
4(1737 2821 3231 2824)
4(1830 2923 3231 2922)
4(1854 2922 3231 2821)
4(1868 2824 3231 2923)
4(1718 2012 3232 2783)
4(1718 2783 3233 2016)
4(2313 2639 3232 2012)
4(3233 2783 3232 2639)
4(3233 2639 2313 2016)
5(1719 1818 1863 2875 1791)
4(1719 1829 1847 1818)
4(1737 2824 3223 2822)
4(1791 2875 3223 2876)
4(1863 2822 3223 2875)
4(1868 2876 3223 2824)
4(1720 2021 3234 2785)
4(2315 2018 3220 2640)
4(3234 2021 2315 2640)
4(3220 2785 3234 2640)
4(1701 1981 2317 1979)
4(1701 1979 3120 2424)
4(3120 1979 2317 2641)
4(2541 2424 3120 2641)
4(2541 2641 2317 1981)
4(1705 2765 3239 2764)
4(1705 2766 3121 2765)
4(3361 2764 3239 2642)
4(3239 2765 3121 2642)
4(3121 2766 3361 2642)
4(1706 2428 2560 2429)
4(1706 2426 2518 2428)
4(2518 2426 2594 2387)
4(2560 2428 2518 2387)
4(2594 2429 2560 2387)
4(1721 2786 3240 2788)
4(1721 2788 3241 2787)
4(1721 2787 3122 2786)
4(3240 2786 3122 2643)
4(3122 2787 3241 2643)
4(3241 2788 3240 2643)
4(1726 2801 3123 2804)
4(3123 2801 3137 2644)
4(3137 2802 3360 2644)
4(3360 2804 3123 2644)
4(1701 1980 2325 1981)
4(1701 2423 2561 1980)
4(2561 2423 2542 2388)
4(2561 2388 2325 1980)
4(2542 1981 2325 2388)
4(1714 2004 2213 2007)
4(1714 2007 2240 2005)
4(2213 2004 2312 1933)
4(2312 2005 2240 1933)
4(2240 2007 2213 1933)
4(1718 2016 2241 2013)
4(2269 2013 2241 1934)
4(2314 2015 2269 1934)
4(2241 2016 2314 1934)
4(1723 2024 2333 2023)
4(1723 2025 2214 2024)
4(1723 2023 2242 2025)
4(2242 2023 2333 1935)
4(2333 2024 2214 1935)
4(2214 2025 2242 1935)
4(1701 1980 2245 1979)
4(2317 1979 2245 1937)
4(2245 1980 2325 1937)
4(2325 1981 2317 1937)
4(1706 2428 2546 2427)
4(2595 2427 2546 2389)
4(2546 2428 2560 2389)
4(2560 2429 2595 2389)
4(1715 2777 3244 2778)
4(1715 2778 3245 2776)
4(1715 2776 3246 2777)
4(3246 2776 3245 2645)
4(3244 2777 3246 2645)
4(3245 2778 3244 2645)
4(1721 2786 3247 2789)
4(1721 2789 3248 2788)
4(3247 2786 3240 2646)
4(3240 2788 3248 2646)
4(3248 2789 3247 2646)
4(1723 2792 3249 2023)
4(1723 2024 3250 2792)
4(3249 2647 2333 2023)
4(2333 2647 3250 2024)
4(3249 2792 3250 2647)
4(2189 1893 2190 2036)
4(2188 1893 2189 2037)
4(2190 1893 2188 2038)
4(1727 2038 2188 2037)
4(1727 2036 2190 2038)
4(1727 2037 2189 2036)
4(2348 1893 2188 2082)
4(2359 2083 2188 1893)
4(1741 2082 2188 2083)
4(2341 1893 2189 2084)
4(2348 2085 2189 1893)
4(1742 2084 2189 2085)
4(1875 2086 2190 2036)
4(1875 2036 2189 2084)
4(1880 2037 2188 2082)
4(1880 2085 2189 2037)
4(1886 2083 2188 2038)
4(1886 2038 2190 2087)
4(2193 1894 2194 2039)
4(2192 1894 2193 2043)
4(1728 2044 2192 2043)
4(1728 2043 2193 2039)
4(2349 1894 2192 2090)
4(2193 2092 2191 1894)
4(2349 2093 2193 1894)
4(1745 1945 2191 2092)
4(1745 2092 2193 2093)
4(1834 2092 2191 2095)
4(1834 2095 2194 2039)
4(1834 2039 2193 2092)
4(1882 2043 2192 2090)
4(1882 2093 2193 2043)
4(3652 2694 3124 3404)
4(3124 2695 3559 3404)
4(3559 3420 3652 3404)
5(2350 1955 2197 1895 3507)
5(2197 1758 1843 2929 1895)
4(1753 3484 3557 3482)
4(1843 3482 3557 2929)
4(1895 2929 3557 3507)
4(2350 3507 3557 3484)
5(2197 1895 3506 2196 1956)
5(44 1956 2196 3510 1954)
4(44 1955 2197 1956)
4(1895 3507 3613 3506)
4(1954 3510 3613 3511)
4(2196 3506 3613 3510)
4(2350 3511 3613 3507)
4(2200 1777 3149 2648)
4(3096 1963 2200 2648)
4(3149 2708 3096 2648)
4(211 1965 3616 3435)
4(211 3435 3617 1967)
4(3616 1965 2201 3405)
4(2201 1967 3617 3405)
4(3617 3435 3616 3405)
5(2198 2955 1895 2197 1969)
5(231 1775 2849 2198 1969)
4(1775 2847 3252 2849)
4(1843 2929 3252 2847)
4(1895 2955 3252 2929)
4(2198 2849 3252 2955)
4(231 1969 2197 1758)
5(232 1964 3513 2196 1956)
5(232 1969 2198 3514 1964)
4(232 1956 2197 1969)
4(1895 3506 3615 2955)
4(1964 3514 3615 3513)
4(2196 3513 3615 3506)
4(2198 2955 3615 3514)
4(1712 2774 3154 2772)
4(3349 2770 3210 2649)
4(3210 2772 3154 2649)
4(3154 2774 3349 2649)
4(1720 2435 2566 2019)
4(1720 2020 3155 2435)
4(2566 2650 2207 2019)
4(3155 2020 2207 2650)
4(2566 2435 3155 2650)
4(1731 2811 3258 2808)
4(1731 2808 3156 2810)
4(1731 2810 3162 2811)
4(3156 2808 3258 2651)
4(3162 2810 3156 2651)
4(3258 2811 3162 2651)
4(1759 2831 3163 2830)
4(3375 2829 3347 2652)
4(3347 2830 3163 2652)
4(3163 2831 3375 2652)
4(1877 2947 3157 2946)
4(1877 2948 3164 2947)
4(3348 2946 3157 2653)
4(3157 2947 3164 2653)
4(3164 2948 3348 2653)
4(1887 2480 2567 2481)
4(1887 2481 3165 2949)
4(3165 2481 2567 2654)
4(3374 2949 3165 2654)
4(1713 2001 2570 2431)
4(2212 1999 2597 2391)
4(2212 2391 2570 2001)
4(2597 2431 2570 2391)
4(1714 2004 2571 2432)
4(1714 2432 3184 2007)
4(2213 2655 2571 2004)
4(2213 2007 3184 2655)
4(3184 2432 2571 2655)
4(1723 2794 3264 2024)
4(1723 2025 3185 2794)
4(3264 2656 2214 2024)
4(3185 2025 2214 2656)
4(3264 2794 3185 2656)
6(1732 2050 3009 2209 2996 2022)
6(1732 2022 2997 2210 3007 2048)
6(1732 2048 3008 2211 3010 2050)
4(1897 2958 3263 2487)
4(2022 2996 3263 2997)
4(2209 2487 3263 2996)
4(2210 2997 3263 2958)
4(1897 2959 3265 2958)
4(2048 3007 3265 3008)
4(2210 2958 3265 3007)
4(2211 3008 3265 2959)
4(1897 2487 3266 2959)
4(2050 3010 3266 3009)
4(2209 3009 3266 2487)
4(2211 2959 3266 3010)
4(1761 2453 2572 2452)
4(1761 2832 3197 2453)
4(3377 2452 2572 2657)
4(2572 2453 3197 2657)
4(3197 2832 3377 2657)
4(1848 2931 3269 2934)
4(1848 2933 3186 2931)
4(1848 2934 3198 2933)
4(3269 2931 3186 2658)
4(3186 2933 3198 2658)
4(3198 2934 3269 2658)
4(1888 2951 3270 2952)
4(1888 2952 3199 2953)
4(3270 2951 3376 2659)
4(3199 2952 3270 2659)
4(3376 2953 3199 2659)
6(2215 1769 3493 1840 2926 1898)
5(2363 1962 2215 1898 2960)
4(1764 2834 3078 2457)
4(1840 2457 3078 2926)
4(1898 2926 3078 2960)
4(2363 2960 3078 2834)
4(1764 2457 3601 3433)
4(1769 3434 3601 3493)
4(1840 3493 3601 2457)
4(3192 1966 3144 3406)
4(3144 2709 3575 3406)
4(3575 2710 3192 3406)
5(2216 3508 1898 2215 1968)
5(212 1968 2215 1769 3437)
6(212 3438 1780 3495 2216 1968)
4(1769 3493 3603 3437)
4(1780 3438 3603 2858)
4(1840 2858 3603 3493)
4(1780 2858 3618 3495)
4(1840 2926 3618 2858)
4(1898 3508 3618 2926)
4(2216 3495 3618 3508)
4(3658 2722 3203 3407)
4(3203 2724 3589 3407)
4(3589 3451 3658 3407)
5(2217 1971 2215 1898 3509)
4(380 1962 2215 1971)
5(380 1971 2217 3515 1970)
4(1898 2960 3620 3509)
4(1970 3515 3620 3516)
4(2217 3509 3620 3515)
4(2363 3516 3620 2960)
6(2217 3509 1898 3508 2216 1972)
6(400 1972 2216 3496 1781 3453)
6(400 3454 1787 3501 2217 1972)
4(1781 2859 3610 3453)
4(1787 3454 3610 2866)
4(1855 2866 3610 2859)
4(1781 3496 3619 2859)
4(1855 2859 3619 2939)
4(1898 2939 3619 3508)
4(2216 3508 3619 3496)
4(1787 2866 3621 3501)
4(1855 2939 3621 2866)
4(1898 3509 3621 2939)
4(2217 3501 3621 3509)
4(401 1971 2215 1968)
4(401 1968 2216 1972)
4(401 1972 2217 1971)
4(2221 1899 2220 2052)
4(2220 1899 2219 2055)
4(1733 2055 2219 2056)
4(1733 2056 2221 2052)
4(1733 2052 2220 2055)
4(2353 2088 2219 1899)
4(1743 2089 2219 2088)
4(2220 1899 2191 2092)
4(2353 1899 2220 2094)
4(1745 2094 2220 2092)
4(1834 2052 2221 2095)
4(1834 2092 2220 2052)
4(1884 2088 2219 2055)
4(1884 2055 2220 2094)
6(1862 2874 1791 2877 2222 1900)
6(1832 2121 1793 2879 1862 1900)
6(2222 2880 1794 2125 1832 1900)
4(1700 1976 3271 2754)
4(1793 2121 2223 1975)
4(1794 1976 2223 2125)
4(1832 2125 2223 2121)
4(1791 2874 3215 2754)
4(1793 1975 3215 2879)
4(1862 2879 3215 2874)
4(1791 2754 3271 2877)
4(1794 2880 3271 1976)
4(2222 2877 3271 2880)
5(2344 1802 2887 1832 1900)
5(2351 1900 1832 2889 1803)
4(1802 2757 3130 2887)
4(1803 2889 3130 2758)
4(1832 2887 3130 2889)
4(2222 1990 2195 1900)
4(2351 1991 2222 1900)
4(1707 1990 2222 1991)
4(1707 1948 2195 1990)
4(1862 1900 2195 1815)
5(2344 1900 1862 2902 1816)
4(1708 1815 2195 1949)
5(1719 1791 2877 2222 1990)
4(1719 1990 2195 1815)
4(1793 2026 3131 2121)
4(1802 2887 3131 2795)
4(1832 2121 3131 2887)
4(1793 2879 3221 2026)
4(1816 2796 3221 2902)
4(1862 2902 3221 2879)
6(1725 1991 2222 2880 1794 2797)
4(1794 2125 3133 2797)
4(1803 2799 3133 2889)
4(1832 2889 3133 2125)
4(3225 1973 2226 2660)
4(3271 2754 3225 2660)
4(2226 1976 3271 2660)
6(2352 1808 2892 1860 2941 1901)
4(1704 2763 3276 2760)
4(1807 2159 3207 2760)
4(1808 2761 3207 2892)
4(1860 2892 3207 2159)
4(1807 2891 3275 2159)
4(1860 2159 3275 2941)
4(1901 2941 3275 2962)
4(2224 2962 3275 2891)
4(1807 2760 3276 2891)
4(1950 2977 3276 2763)
4(2224 2891 3276 2977)
5(2225 1990 2222 2961 1901)
5(2352 1901 2961 2222 1991)
4(1707 1990 2225 1951)
5(1863 1818 2225 1901 2942)
5(1710 1817 2906 2224 1953)
4(1817 2904 3277 2906)
4(1863 2942 3277 2904)
4(1901 2962 3277 2942)
4(2224 2906 3277 2962)
4(1710 1953 2225 1818)
4(1718 2014 3278 2783)
4(2227 2012 3232 2661)
4(2227 2661 3278 2014)
4(3232 2783 3278 2661)
4(1791 2877 3273 2875)
4(1863 2875 3273 2942)
4(1901 2942 3273 2961)
4(2222 2961 3273 2877)
4(1719 1818 2225 1990)
4(1794 2797 3208 2126)
4(1808 2892 3208 2800)
4(1860 2126 3208 2892)
4(1794 2126 3274 2880)
4(1860 2941 3274 2126)
4(1901 2961 3274 2941)
4(2222 2880 3274 2961)
4(1760 1959 2202 2101)
4(1760 2101 2228 2102)
4(1701 2755 3282 2423)
4(1701 2424 3125 2755)
4(3282 2662 2543 2423)
4(3125 2424 2543 2662)
4(3282 2755 3125 2662)
4(3276 2760 3136 2663)
4(3136 2762 3362 2663)
4(3362 2763 3276 2663)
5(2231 1992 2199 1903 2964)
6(2354 1993 2231 2964 1903 2966)
4(1709 1992 2231 1993)
4(1709 1952 2199 1992)
5(2232 2965 1903 2199 1994)
5(1710 1817 2907 2232 1994)
4(1817 2906 3285 2907)
4(1903 2965 3285 2963)
4(2224 2963 3285 2906)
4(2232 2907 3285 2965)
4(1710 1994 2199 1953)
4(1718 2013 3286 2783)
4(2233 2664 3286 2013)
4(2233 2014 3278 2664)
4(3278 2783 3286 2664)
5(1722 1994 2232 2982 1978)
5(1722 1978 2981 2231 1992)
4(1903 2964 3280 2965)
4(1978 2982 3280 2981)
4(2231 2981 3280 2964)
4(2232 2965 3280 2982)
4(1722 1992 2199 1994)
6(1726 1993 2231 2886 1799 2801)
4(1799 2470 3138 2801)
4(1809 2803 3138 2894)
4(1836 2894 3138 2470)
4(1799 2886 3281 2470)
4(1836 2470 3281 2925)
4(1903 2925 3281 2964)
4(2231 2964 3281 2886)
4(1809 2894 3284 2896)
4(1836 2925 3284 2894)
4(1903 2966 3284 2925)
4(2354 2896 3284 2966)
4(1701 2755 3290 1980)
4(3282 2423 2561 2665)
4(3290 2665 2561 1980)
4(3290 2755 3282 2665)
5(2200 1904 2967 2232 1994)
4(1710 1777 2200 1994)
4(1817 2907 3291 2905)
4(1869 2905 3291 2943)
4(1904 2943 3291 2967)
4(2232 2967 3291 2907)
4(1714 2007 3187 2775)
4(3229 2775 3187 2666)
4(2240 2005 3229 2666)
4(3187 2007 2240 2666)
5(2238 2968 1904 2200 2010)
5(1717 2011 2992 2238 2010)
5(1717 1963 2239 2993 2011)
4(1717 2010 2200 1963)
4(1904 2968 3294 2969)
4(2011 2993 3294 2992)
4(2238 2992 3294 2968)
4(2239 2969 3294 2993)
4(2241 2013 3286 2667)
4(3286 2783 3233 2667)
4(3233 2016 2241 2667)
5(1722 2010 2238 2984 1978)
4(1722 1994 2200 2010)
4(1904 2967 3288 2968)
4(1978 2984 3288 2982)
4(2232 2982 3288 2967)
4(2238 2968 3288 2984)
4(1723 2023 3295 2793)
4(1723 2793 3188 2025)
4(2242 2668 3295 2023)
4(2242 2025 3188 2668)
4(3188 2793 3295 2668)
4(1701 2755 3126 1979)
4(2245 1979 3126 2669)
4(3290 1980 2245 2669)
4(3126 2755 3290 2669)
5(2243 1905 2970 2234 1995)
5(2234 2970 1905 2201 1996)
4(1711 1995 2234 1996)
4(1711 1965 2243 1995)
4(1711 1996 2201 1965)
6(2243 1827 2916 1874 2945 1905)
6(1874 2919 1828 2244 1905 2945)
5(1715 2777 1827 2243 1966)
5(1715 1966 2244 1828 2778)
4(1827 2777 3244 2916)
4(1828 2919 3244 2778)
4(1874 2916 3244 2919)
5(2201 1905 2971 2238 2010)
6(2238 2971 1905 2244 2011 2992)
4(1717 2011 2244 1967)
4(1717 1967 2201 2010)
6(1721 2786 1797 2883 2234 1995)
5(1721 1995 2243 1827 2789)
4(1797 2786 3247 2135)
4(1827 2916 3247 2789)
4(1874 2135 3247 2916)
4(1797 2135 3296 2883)
4(1874 2945 3296 2135)
4(1905 2970 3296 2945)
4(2234 2883 3296 2970)
5(1722 1996 2234 2983 1978)
4(1905 2971 3297 2970)
4(1978 2983 3297 2984)
4(2234 2970 3297 2983)
4(2238 2984 3297 2971)
4(1722 2010 2201 1996)
6(1723 2792 1828 2244 2011 2793)
4(1798 2138 3249 2023)
4(1828 2792 3249 2919)
4(1874 2919 3249 2138)
4(1798 2023 3295 2884)
4(2011 2992 3295 2793)
4(2238 2884 3295 2992)
4(1798 2884 3298 2138)
4(1874 2138 3298 2945)
4(1905 2945 3298 2971)
4(2238 2971 3298 2884)
4(2248 2033 2247 1906)
4(2247 2034 2246 1906)
4(2248 1906 2246 2035)
4(1727 2033 2248 2035)
4(1727 2035 2246 2034)
4(1727 2034 2247 2033)
4(2246 2121 2223 1906)
4(2250 2122 2246 1906)
4(1793 2122 2250 1975)
4(1793 2121 2246 2122)
4(2249 1906 2247 2124)
4(2247 1906 2223 2125)
4(1794 1976 2249 2124)
4(1794 2124 2247 2125)
4(2249 2127 2248 1906)
4(2250 1906 2248 2128)
4(1795 2127 2249 1977)
4(1795 1977 2250 2128)
4(1831 2127 2248 2033)
4(1831 2124 2249 2127)
4(1831 2033 2247 2124)
4(1832 2034 2246 2121)
4(1832 2125 2247 2034)
4(1833 2035 2248 2128)
4(1833 2128 2250 2122)
4(1833 2122 2246 2035)
4(2252 1907 2251 2033)
4(2251 1907 2188 2037)
4(2188 1907 2252 2038)
4(1727 2038 2252 2033)
4(1727 2033 2251 2037)
4(2355 2082 2188 1907)
4(2365 1907 2188 2083)
4(2253 2143 2251 1907)
4(2355 1907 2251 2144)
4(1801 2143 2253 1984)
4(1801 2144 2251 2143)
4(1831 2033 2252 2146)
4(1831 2146 2253 2143)
4(1831 2143 2251 2033)
4(1880 2037 2251 2144)
4(1886 2147 2252 2038)
4(2255 2035 2254 1908)
4(2190 1908 2254 2036)
4(2255 1908 2190 2038)
4(1727 2035 2255 2038)
4(1727 2036 2254 2035)
4(2256 1908 2254 2148)
4(2345 2149 2254 1908)
4(1804 1986 2256 2148)
4(1804 2148 2254 2149)
4(2256 2151 2255 1908)
4(2367 1908 2255 2152)
4(1805 2152 2255 2151)
4(1833 2151 2255 2035)
4(1833 2148 2256 2151)
4(1833 2035 2254 2148)
4(1875 2149 2254 2036)
4(1886 2038 2255 2152)
4(2248 1909 2252 2033)
4(2248 2035 2255 1909)
4(2252 1909 2255 2038)
4(2258 1909 2255 2151)
4(2255 1909 2366 2152)
4(2262 1910 2261 2040)
4(2261 1910 2192 2043)
4(1728 2044 2262 2040)
4(1728 2040 2261 2043)
4(2263 2153 2261 1910)
4(2356 1910 2261 2154)
4(1806 2153 2263 1989)
4(1806 2154 2261 2153)
4(1835 2040 2262 2156)
4(1835 2156 2263 2153)
4(1835 2153 2261 2040)
4(1882 2043 2261 2154)
4(1834 2160 2265 2039)
4(1834 2095 2267 2160)
4(2264 2039 2265 1912)
4(2264 1912 2259 2041)
4(2259 1912 2265 2042)
4(1728 2041 2259 2042)
4(1728 2039 2264 2041)
4(2259 1912 2233 2131)
4(2269 1912 2259 2132)
4(1796 2013 2269 2132)
4(1796 2132 2259 2131)
4(1796 2131 2233 2013)
4(2268 2157 2264 1912)
4(2233 1912 2264 2158)
4(1807 2157 2268 2014)
4(1807 2158 2264 2157)
4(1807 2014 2233 2158)
4(2268 1912 2265 2160)
4(2265 1912 2269 2161)
4(1810 2015 2268 2160)
4(1810 2161 2269 2015)
4(1834 2160 2268 2157)
4(1834 2157 2264 2039)
4(1836 2131 2259 2041)
4(1836 2041 2264 2158)
4(1836 2158 2233 2131)
4(1837 2132 2269 2161)
4(1837 2042 2259 2132)
4(2260 1913 2262 2040)
4(1728 2042 2260 2040)
4(2270 1913 2260 2139)
4(1800 2030 2270 2139)
4(1800 2139 2260 2140)
4(1835 2139 2270 2156)
4(1835 2040 2260 2139)
4(1714 2006 2552 2432)
4(2275 2004 2571 2393)
4(2552 2006 2275 2393)
4(2571 2432 2552 2393)
4(1720 2435 2553 2021)
4(2566 2019 2276 2394)
4(2276 2021 2553 2394)
4(2553 2435 2566 2394)
4(1731 2809 3300 2808)
4(1731 2811 3301 2809)
4(3258 2808 3300 2670)
4(3300 2809 3301 2670)
4(3301 2811 3258 2670)
4(1761 2453 2557 2454)
4(2572 2452 2598 2395)
4(2557 2453 2572 2395)
4(2598 2454 2557 2395)
4(1848 2931 3302 2932)
4(1848 2932 3303 2934)
4(3302 2931 3269 2671)
4(3303 2932 3302 2671)
4(3269 2934 3303 2671)
4(1887 2482 2558 2481)
4(2599 2480 2567 2396)
4(2567 2481 2558 2396)
4(2558 2482 2599 2396)
4(3379 2000 2279 2672)
4(2279 2001 2570 2672)
4(2570 2431 3379 2672)
4(1715 2779 3081 2776)
4(1715 2778 3193 2779)
4(3245 2776 3081 2673)
4(3193 2778 3245 2673)
4(3081 2779 3193 2673)
4(1723 2794 3194 2792)
4(3264 2024 3250 2674)
4(3250 2792 3194 2674)
4(3194 2794 3264 2674)
6(2278 2975 1915 2974 2277 2049)
5(1732 2049 2277 2998 2022)
5(1732 2050 3011 2278 2049)
4(1915 2972 3308 2974)
4(2022 2998 3308 2996)
4(2209 2996 3308 2972)
4(2277 2974 3308 2998)
4(1915 2975 3309 2972)
4(2050 3009 3309 3011)
4(2209 2972 3309 3009)
4(2278 3011 3309 2975)
4(1765 3489 3623 3490)
4(1765 3490 3624 3491)
4(3623 3489 3659 3408)
4(3624 3490 3623 3408)
4(3659 3491 3624 3408)
6(1855 2111 3519 2218 2990 2009)
5(1855 2009 2991 2277 2049)
5(1855 2049 2278 3520 2111)
4(1915 2974 3307 2973)
4(2009 2990 3307 2991)
4(2218 2973 3307 2990)
4(2277 2991 3307 2974)
4(1915 2973 3622 2975)
4(2111 3520 3622 3519)
4(2218 3519 3622 2973)
4(2278 2975 3622 3520)
4(1888 2954 3204 2952)
4(3378 2951 3270 2675)
4(3270 2952 3204 2675)
4(3204 2954 3378 2675)
4(2282 1916 2281 2051)
4(2281 1916 2280 2053)
4(2282 2054 2280 1916)
4(1733 2053 2280 2054)
4(1733 2051 2281 2053)
4(2280 1916 2226 2115)
4(2283 1916 2280 2116)
4(1790 2116 2280 2115)
4(1790 1973 2283 2116)
4(1790 2115 2226 1973)
4(2281 1916 2249 2124)
4(2281 2126 2226 1916)
4(1794 2126 2281 2124)
4(1794 1976 2226 2126)
4(2282 2127 2249 1916)
4(2283 2129 2282 1916)
4(1795 2129 2283 1977)
4(1831 2124 2281 2051)
4(1860 2115 2280 2053)
4(1860 2053 2281 2126)
4(1860 2126 2226 2115)
4(1861 2054 2280 2116)
4(1861 2116 2283 2129)
3(2051 2284 1917)
4(2219 1917 2284 2055)
4(1733 2055 2284 2051)
4(2357 1917 2219 2088)
4(2284 2143 2253 1917)
4(2357 2145 2284 1917)
4(1801 2143 2284 2145)
4(1831 2051 2284 2143)
4(1884 2145 2284 2055)
4(2286 1918 2221 2052)
4(1733 2054 2286 2052)
4(1834 2052 2286 2160)
4(2285 1919 2286 2052)
4(2280 1919 2285 2053)
4(2286 1919 2280 2054)
4(1733 2053 2285 2052)
4(2227 1919 2280 2115)
4(2280 1919 2288 2116)
4(1790 2116 2288 2012)
4(1790 2012 2227 2115)
4(2268 1919 2285 2157)
4(2285 1919 2227 2159)
4(1807 2157 2285 2159)
4(1807 2159 2227 2014)
4(2268 2160 2286 1919)
4(2288 1919 2286 2162)
4(1810 2015 2288 2162)
4(1834 2052 2285 2157)
4(1860 2159 2285 2053)
4(1860 2115 2227 2159)
4(1861 2162 2288 2116)
4(2291 2057 2290 1920)
4(2291 1920 2289 2059)
4(2290 2060 2289 1920)
4(1734 2059 2289 2060)
4(1734 2060 2290 2057)
4(2292 2118 2289 1920)
4(2293 1920 2289 2119)
4(1792 2119 2289 2118)
4(1792 2118 2292 1974)
4(1792 1974 2293 2119)
4(2290 2122 2250 1920)
4(2293 2123 2290 1920)
4(1793 2122 2290 2123)
4(1793 2123 2293 1975)
4(2291 1920 2250 2128)
4(2292 1920 2291 2130)
4(1795 1977 2292 2130)
4(1833 2057 2290 2122)
4(1864 2118 2289 2059)
4(1864 2130 2292 2118)
4(1865 2060 2289 2119)
4(1865 2123 2290 2060)
4(1865 2119 2293 2123)
4(2294 1921 2256 2148)
4(1804 2150 2294 2148)
4(1833 2148 2294 2057)
4(1819 2170 2296 2168)
4(1819 1997 2297 2170)
4(1819 2168 2206 1997)
4(2296 1923 2298 2058)
4(2289 1923 2296 2059)
4(2298 1923 2289 2060)
4(1734 2058 2298 2060)
4(2300 1923 2289 2118)
4(2289 1923 2301 2119)
4(1792 2018 2300 2118)
4(1792 2119 2301 2018)
4(2207 1923 2296 2168)
4(2296 1923 2300 2170)
4(1819 2170 2300 2019)
4(1819 2019 2207 2168)
4(2207 2171 2298 1923)
4(2301 1923 2298 2172)
4(1820 2172 2298 2171)
4(1820 2020 2301 2172)
4(1820 2171 2207 2020)
4(1851 2171 2298 2058)
4(1851 2168 2207 2171)
4(1864 2118 2300 2170)
4(1865 2060 2298 2172)
4(1865 2172 2301 2119)
4(2290 2057 2294 1924)
4(2290 1924 2299 2060)
4(2299 1924 2294 2061)
4(1734 2060 2299 2061)
4(2290 1924 2257 2122)
4(2302 1924 2290 2123)
4(1793 2122 2257 2026)
4(1793 2026 2302 2123)
4(2257 1924 2294 2148)
4(2294 1924 2346 2150)
4(1804 2027 2257 2148)
4(2302 2173 2299 1924)
4(2346 1924 2299 2174)
4(1821 2174 2299 2173)
4(1821 2173 2302 2028)
4(1833 2148 2257 2122)
4(1865 2173 2299 2060)
4(1865 2123 2302 2173)
4(1878 2061 2299 2174)
4(2305 1925 2303 2063)
4(2305 2064 2304 1925)
4(2303 1925 2304 2065)
4(2303 1925 2283 2116)
4(2306 1925 2303 2117)
4(1790 2117 2303 2116)
4(1790 1973 2306 2117)
4(2304 2118 2292 1925)
4(2306 2120 2304 1925)
4(1792 2118 2304 2120)
4(1792 2120 2306 1974)
4(2305 2129 2283 1925)
4(2305 1925 2292 2130)
4(1861 2116 2303 2063)
4(1864 2064 2304 2118)
4(1866 2065 2303 2117)
4(1866 2120 2304 2065)
4(1866 2117 2306 2120)
4(1819 2169 2308 2170)
4(1819 1997 2274 2169)
4(2229 1927 2310 2062)
4(2310 1927 2309 2065)
4(2309 1927 2229 2066)
4(2229 2108 2275 1927)
4(2312 2110 2229 1927)
4(1763 2110 2312 2004)
4(1763 2004 2275 2108)
4(2311 2181 2309 1927)
4(2312 1927 2309 2182)
4(1824 2182 2309 2181)
4(1824 2005 2312 2182)
4(1824 2181 2311 2005)
4(2310 1927 2275 2184)
4(2311 1927 2310 2185)
4(1825 2185 2310 2184)
4(1825 2184 2275 2006)
4(1825 2006 2311 2185)
4(1852 2184 2310 2062)
4(1852 2108 2275 2184)
4(1866 2181 2309 2065)
4(1866 2065 2310 2185)
4(1866 2185 2311 2181)
4(1867 2066 2309 2182)
4(1867 2182 2312 2110)
4(2288 1928 2303 2116)
4(2303 1928 2313 2117)
4(1790 2117 2313 2012)
4(2288 2162 2307 1928)
4(2314 1928 2307 2163)
4(1810 2015 2314 2163)
4(2313 1928 2309 2181)
4(2309 1928 2314 2182)
4(1824 2182 2314 2016)
4(1824 2016 2313 2181)
4(1866 2181 2313 2117)
4(1867 2163 2314 2182)
4(2300 2118 2304 1929)
4(2315 1929 2304 2120)
4(1792 2018 2315 2120)
4(2308 1929 2276 2169)
4(1819 2169 2276 2019)
4(2276 1929 2310 2184)
4(2310 1929 2315 2185)
4(1825 2021 2276 2184)
4(1825 2185 2315 2021)
4(1852 2184 2276 2169)
4(1866 2120 2315 2185)
4(2319 2067 2318 1930)
4(2230 1930 2318 2069)
4(1738 2067 2319 2070)
4(1738 2070 2230 2069)
4(1738 2069 2318 2067)
4(2358 1930 2230 2096)
4(1747 2096 2230 2097)
4(2318 2153 2263 1930)
4(2358 2155 2318 1930)
4(1806 2153 2318 2155)
4(1835 2156 2319 2067)
4(1835 2067 2318 2153)
4(1885 2069 2230 2096)
4(1885 2155 2318 2069)
4(2316 2067 2319 1931)
4(2316 1931 2320 2068)
4(1738 2068 2320 2070)
4(1738 2067 2316 2068)
4(2316 1931 2270 2139)
4(2321 1931 2316 2141)
4(1800 2141 2316 2139)
4(1835 2139 2316 2067)
4(1871 2141 2321 2165)
4(1871 2165 2320 2068)
4(1871 2068 2316 2141)
4(2328 1932 2212 2175)
4(1822 2177 2328 2175)
4(1822 2001 2330 2177)
4(1822 2175 2212 2001)
4(2375 3665 2329 2180)
4(1823 2180 2329 2178)
4(1823 2178 2330 2002)
4(1858 2175 2328 2072)
4(1858 2106 2212 2175)
4(1892 2076 2329 2180)
4(2332 1933 2236 2072)
4(2236 1933 2331 2073)
4(2331 1933 2332 2075)
4(1739 2073 2331 2075)
4(1739 2075 2332 2072)
4(2213 2109 2236 1933)
4(2236 2110 2312 1933)
4(1763 2109 2213 2004)
4(2331 1933 2312 2182)
4(2331 2183 2240 1933)
4(1824 2183 2331 2182)
4(1824 2005 2240 2183)
4(2332 2186 2213 1933)
4(2332 1933 2240 2187)
4(1826 2186 2332 2187)
4(1826 2007 2213 2186)
4(1826 2187 2240 2007)
4(1858 2072 2332 2186)
4(1858 2186 2213 2109)
4(1867 2182 2331 2073)
4(1873 2075 2331 2183)
4(1873 2187 2332 2075)
4(1873 2183 2240 2187)
4(2326 1934 2322 2071)
4(2326 2073 2331 1934)
4(2322 1934 2331 2075)
4(1739 2071 2322 2075)
4(2322 1934 2269 2132)
4(2241 1934 2322 2133)
4(1796 2133 2322 2132)
4(1796 2013 2241 2133)
4(2269 1934 2326 2161)
4(2314 2163 2326 1934)
4(2314 1934 2331 2182)
4(2331 1934 2241 2183)
4(1824 2183 2241 2016)
4(1837 2132 2322 2071)
4(1873 2075 2322 2133)
4(1873 2133 2241 2183)
4(2328 1935 2332 2072)
4(2323 1935 2328 2074)
4(2332 1935 2323 2075)
4(1739 2075 2323 2074)
4(2333 1935 2323 2136)
4(2323 1935 2242 2137)
4(1798 2136 2323 2137)
4(1798 2023 2333 2136)
4(1798 2137 2242 2023)
4(2214 1935 2328 2175)
4(2328 1935 2333 2177)
4(1822 2177 2333 2024)
4(1822 2024 2214 2175)
4(2214 2186 2332 1935)
4(2242 1935 2332 2187)
4(1826 2186 2214 2025)
4(1826 2025 2242 2187)
4(1858 2175 2214 2186)
4(1872 2074 2323 2136)
4(1872 2136 2333 2177)
4(1873 2137 2323 2075)
4(1873 2187 2242 2137)
4(2329 1936 2374 2180)
4(1823 2032 2334 2178)
4(2337 1937 2335 2078)
4(2337 2079 2336 1937)
4(2335 1937 2336 2080)
4(1740 2078 2335 2080)
4(1740 2080 2336 2079)
4(2335 1937 2317 2134)
4(2335 2135 2245 1937)
4(1797 2134 2317 1979)
4(1797 2135 2335 2134)
4(1797 1979 2245 2135)
4(2336 2136 2325 1937)
4(2336 1937 2245 2138)
4(1798 1980 2325 2136)
4(1798 2136 2336 2138)
4(1798 2138 2245 1980)
4(2337 2141 2317 1937)
4(2337 1937 2325 2142)
4(1800 2142 2325 1981)
4(1800 1981 2317 2141)
4(1871 2078 2337 2141)
4(1871 2141 2317 2134)
4(1871 2134 2335 2078)
4(1872 2136 2325 2142)
4(1872 2079 2336 2136)
4(1874 2080 2335 2135)
4(1874 2138 2336 2080)
4(1874 2135 2245 2138)
4(2339 1938 2237 2077)
4(2340 1938 2339 2079)
4(2237 1938 2340 2081)
4(1740 2077 2237 2081)
4(1740 2079 2339 2077)
4(2339 2176 2279 1938)
4(2339 1938 2330 2177)
4(1822 2176 2339 2177)
4(1822 2001 2279 2176)
4(2340 2178 2330 1938)
4(2372 2179 2340 1938)
4(1823 2178 2340 2179)
4(1859 2113 2237 2077)
4(1859 2077 2339 2176)
4(1859 2176 2279 2113)
4(1872 2177 2339 2079)
4(1891 2179 2340 2081)
4(1891 2081 2237 2114)
4(2321 1939 2338 2165)
4(2338 1939 2373 2167)
4(1814 2165 2338 2167)
4(2373 1939 2340 2179)
4(1871 2078 2338 2165)
4(1891 2167 2338 2081)
6(2516 1811 2897 1841 2927 2376)
5(2584 2425 2516 2376 3026)
4(1748 2827 3065 2446)
4(1841 2446 3065 2927)
4(2376 2927 3065 3026)
4(2584 3026 3065 2827)
4(1748 2446 3239 2764)
4(1811 2765 3239 2897)
4(1841 2897 3239 2446)
5(1705 2765 1811 2516 2425)
4(1706 2767 3313 2428)
4(3380 2426 2518 2676)
4(3313 2676 2518 2428)
4(3313 2767 3380 2676)
6(2516 2436 3053 2517 3025 2376)
4(1721 2788 3314 2790)
4(1811 2897 3241 2787)
4(1813 2788 3241 2471)
4(1841 2471 3241 2897)
4(1813 2471 3311 2901)
4(1841 2927 3311 2471)
4(2376 3025 3311 2927)
4(2517 2901 3311 3025)
4(1813 2901 3314 2788)
4(2436 2790 3314 3053)
4(2517 3053 3314 2901)
6(1721 2790 2436 2516 1811 2787)
4(2515 2376 2516 2438)
5(2517 3025 2376 2515 2439)
5(1729 2436 3053 2517 2439)
4(1729 2439 2515 2438)
4(1729 2438 2516 2436)
5(2584 3026 2376 2515 2444)
5(2589 2445 2515 2376 3027)
4(2376 3026 3067 3027)
4(2397 3043 3067 3042)
4(2584 3042 3067 3026)
4(2589 3027 3067 3043)
4(1746 2444 2515 2445)
4(1883 2438 2515 2444)
4(1883 2425 2516 2438)
5(1889 2439 2517 3050 2430)
4(2376 3027 3312 3025)
4(2430 3050 3312 3051)
4(2517 3025 3312 3050)
4(2589 3051 3312 3027)
4(1889 2445 2515 2439)
4(2202 2101 2520 2377)
4(2581 2377 2520 2451)
4(1760 2451 2520 2101)
4(2519 2477 2520 2377)
4(1851 2477 2519 2100)
4(1851 2101 2520 2477)
4(2520 2377 2521 2484)
4(2521 2377 2519 2485)
4(1896 2485 2519 2477)
4(1896 2477 2520 2484)
4(1896 2484 2521 2485)
4(2581 2494 2521 2377)
4(2586 2377 2521 2495)
4(1957 2495 2521 2494)
4(2342 2484 2520 2451)
4(2342 2494 2521 2484)
4(2360 2450 2519 2485)
4(2360 2485 2521 2495)
4(2523 2378 2522 2479)
4(1858 2479 2522 2106)
4(1858 2109 2523 2479)
4(2523 2378 2524 2486)
4(2524 2378 2522 2488)
4(1897 2488 2522 2479)
4(1897 2479 2523 2486)
4(1897 2486 2524 2488)
3(2524 2378 2496)
4(2588 2378 2524 2497)
4(1960 2497 2524 2496)
4(2208 2486 2523 2456)
4(2208 2496 2524 2486)
4(2362 2455 2522 2488)
4(2362 2488 2524 2497)
4(3150 1779 2529 2677)
4(3097 2708 3150 2677)
4(2529 2406 3097 2677)
5(1845 1782 2527 2379 2930)
5(2582 3030 2379 2527 2407)
4(1770 2840 3088 2841)
4(1845 2930 3088 2840)
4(2379 3030 3088 2930)
4(2582 2841 3088 3030)
5(2527 2379 3028 2526 2408)
5(231 2408 2526 2850 1775)
4(1775 2850 3315 2848)
4(1845 2848 3315 2930)
4(2379 2930 3315 3028)
4(2526 3028 3315 2850)
4(231 1782 2527 2408)
6(2582 2414 2528 3029 2379 3030)
4(1771 2844 3089 2842)
4(1849 2842 3089 2937)
4(2379 2937 3089 3030)
4(2582 3030 3089 2844)
4(1771 2842 3170 2728)
4(1788 2730 3170 2868)
4(1849 2868 3170 2842)
4(1788 2868 3317 2870)
4(1849 2937 3317 2868)
4(2379 3029 3317 2937)
4(2528 2870 3317 3029)
4(399 2731 3098 2735)
4(399 2735 3115 2733)
4(3098 2731 3173 2678)
4(3173 2733 3115 2678)
4(3115 2735 3098 2678)
5(2528 3029 2379 2527 2418)
4(419 2414 2528 2418)
4(419 2418 2527 2407)
5(420 2416 3048 2526 2408)
5(420 2418 2528 3049 2416)
4(2379 3028 3318 3029)
4(2416 3049 3318 3048)
4(2526 3048 3318 3028)
4(2528 3029 3318 3049)
4(420 2408 2527 2418)
4(2533 2412 3660 3409)
4(3585 2413 2533 3409)
4(3660 3450 3585 3409)
6(2583 3529 2380 3528 2531 2415)
4(1784 2729 3171 2861)
4(1788 2869 3171 2730)
4(1850 2861 3171 2869)
4(1784 2861 3583 3498)
4(1850 3503 3583 2861)
4(2380 3529 3583 3503)
4(2583 3498 3583 3529)
4(1788 3502 3627 2869)
4(1850 2869 3627 3503)
4(2380 3503 3627 3528)
4(2531 3528 3627 3502)
4(399 3452 3629 2732)
4(399 2733 3630 3452)
4(3629 3410 3174 2732)
4(3174 3410 3630 2733)
4(3629 3452 3630 3410)
5(2587 3530 2380 2532 2419)
5(2583 2420 2532 2380 3529)
4(2380 3530 3584 3529)
4(2409 3532 3584 3533)
4(2583 3529 3584 3532)
4(2587 3533 3584 3530)
5(2532 2421 2530 3527 2380)
5(567 2410 3534 2530 2421)
4(2380 3527 3626 3530)
4(2410 3535 3626 3534)
4(2530 3534 3626 3527)
4(2587 3530 3626 3535)
5(2532 2380 3528 2531 2422)
4(587 2422 2531 2415)
5(588 2421 2530 3538 2417)
5(588 2417 3539 2531 2422)
4(2380 3528 3628 3527)
4(2417 3538 3628 3539)
4(2530 3527 3628 3538)
4(2531 3539 3628 3528)
4(2535 2381 2534 2442)
4(2230 2069 2534 2381)
4(2535 2070 2230 2381)
4(1738 2070 2535 2442)
4(1738 2442 2534 2069)
4(2585 2096 2230 2381)
4(2590 2381 2230 2097)
4(2534 2381 2514 2446)
4(2585 2381 2534 2447)
4(1748 2446 2514 2399)
4(1748 2447 2534 2446)
4(2535 2448 2514 2381)
4(2590 2449 2535 2381)
4(1749 2448 2535 2449)
4(1749 2400 2514 2448)
4(1841 2442 2535 2448)
4(1841 2448 2514 2446)
4(1841 2446 2534 2442)
4(1885 2069 2534 2447)
4(1890 2449 2535 2070)
4(2539 2382 2538 2443)
4(2539 2077 2237 2382)
4(2237 2081 2538 2382)
4(1740 2443 2538 2081)
4(1740 2077 2539 2443)
4(2538 2382 2536 2459)
4(2591 2382 2538 2460)
4(1766 2460 2538 2459)
4(1766 2459 2536 2403)
4(2237 2113 2537 2382)
4(2591 2114 2237 2382)
4(1767 2404 2537 2113)
4(2539 2461 2536 2382)
4(2539 2382 2537 2462)
4(1768 2405 2536 2461)
4(1768 2462 2537 2405)
4(1768 2461 2539 2462)
4(1842 2459 2538 2443)
4(1842 2461 2536 2459)
4(1842 2443 2539 2461)
4(1859 2113 2537 2462)
4(1859 2462 2539 2077)
4(1891 2081 2538 2460)
4(2260 2040 2540 2383)
4(2540 2041 2259 2383)
4(2259 2042 2260 2383)
4(1728 2041 2540 2040)
4(2259 2131 2543 2383)
4(2542 2132 2259 2383)
4(1796 2132 2542 2423)
4(1796 2423 2543 2131)
4(2541 2383 2540 2469)
4(2543 2470 2540 2383)
4(1799 2469 2540 2470)
4(1799 2424 2541 2469)
4(1799 2470 2543 2424)
4(2541 2139 2260 2383)
4(2260 2140 2542 2383)
4(1800 1981 2542 2140)
4(1800 2139 2541 1981)
4(1835 2040 2540 2469)
4(1835 2469 2541 2139)
4(1836 2470 2540 2041)
4(1836 2131 2543 2470)
4(1837 2140 2542 2132)
4(2546 2427 3383 2679)
4(3313 2428 2546 2679)
4(3383 2767 3313 2679)
6(2545 2433 2525 3032 2384 3033)
6(1715 2776 1768 2839 2525 2433)
4(1768 2461 3141 2839)
4(1842 2928 3141 2461)
4(2384 3032 3141 2928)
4(2525 2839 3141 3032)
6(1715 2433 2545 2917 1827 2777)
4(1768 2776 3246 2461)
4(1827 2915 3246 2777)
4(1842 2461 3246 2915)
4(1827 2917 3321 2915)
4(1842 2915 3321 2928)
4(2384 2928 3321 3033)
4(2545 3033 3321 2917)
4(1721 2789 3145 2790)
4(3248 2788 3314 2680)
4(3145 2789 3248 2680)
4(3314 2790 3145 2680)
5(2545 3033 2384 2544 2437)
5(2544 2384 3031 2517 2439)
5(1729 2436 3054 2545 2437)
4(2384 3033 3322 3031)
4(2436 3053 3322 3054)
4(2517 3031 3322 3053)
4(2545 3054 3322 3033)
4(1729 2437 2544 2439)
5(2544 2384 3032 2525 2457)
5(2593 3034 2384 2544 2458)
5(1764 2457 2525 3044 2402)
4(2384 3034 3142 3032)
4(2402 3044 3142 3045)
4(2525 3032 3142 3044)
4(2593 3045 3142 3034)
4(1764 2458 2544 2457)
4(1840 2433 2525 2457)
4(1840 2437 2545 2433)
4(1840 2457 2544 2437)
4(2384 3031 3320 3034)
4(2430 3052 3320 3050)
4(2517 3050 3320 3031)
4(2593 3034 3320 3052)
4(1889 2439 2544 2458)
4(1714 2775 3189 2432)
4(3189 2775 3230 2681)
4(3230 2006 2552 2681)
4(2552 2432 3189 2681)
5(2529 2434 2549 3035 2385)
5(1716 1830 2924 2549 2434)
4(1716 2434 2529 1779)
4(1830 2922 3325 2924)
4(1854 2938 3325 2922)
4(2385 3035 3325 2938)
4(2549 2924 3325 3035)
4(1720 2435 3158 2785)
4(2553 2021 3234 2682)
4(3234 2785 3158 2682)
4(3158 2435 2553 2682)
4(1731 2812 3159 2808)
4(1731 2809 3175 2812)
4(3300 2808 3159 2683)
4(3175 2809 3300 2683)
4(3159 2812 3175 2683)
5(2550 2464 2529 2385 3036)
5(1776 2464 2550 3059 2463)
5(1776 2463 3060 2551 2406)
4(1776 2406 2529 2464)
4(2385 3037 3329 3036)
4(2463 3059 3329 3060)
4(2550 3036 3329 3059)
4(2551 3060 3329 3037)
4(1848 2935 3176 2932)
4(1848 2931 3190 2935)
4(3190 2931 3302 2684)
4(3302 2932 3176 2684)
4(3176 2935 3190 2684)
5(1849 2434 2549 3055 2440)
5(1849 2440 3056 2550 2464)
4(1849 2464 2529 2434)
4(2385 3036 3328 3035)
4(2440 3055 3328 3056)
4(2549 3035 3328 3055)
4(2550 3056 3328 3036)
4(1731 2811 3166 2813)
4(1731 2813 3177 2809)
4(3301 2809 3177 2685)
4(3166 2811 3301 2685)
4(3177 2813 3166 2685)
4(1761 2453 3200 2833)
4(3200 2453 2557 2686)
4(2557 2454 3382 2686)
4(3382 2833 3200 2686)
5(2533 2386 3038 2554 2465)
5(1783 2465 2554 3061 2466)
4(2386 3041 3335 3038)
4(2466 3061 3335 3062)
4(2554 3038 3335 3061)
4(2592 3062 3335 3041)
4(1783 2412 2533 2465)
5(2555 3039 2386 2533 2468)
5(1786 2467 3063 2555 2468)
5(1786 2413 2556 3064 2467)
4(2386 3039 3336 3040)
4(2467 3064 3336 3063)
4(2555 3063 3336 3039)
4(2556 3040 3336 3064)
4(1786 2468 2533 2413)
4(1848 2932 3178 2936)
4(1848 2936 3201 2934)
4(3178 2932 3303 2687)
4(3303 2934 3201 2687)
4(3201 2936 3178 2687)
5(1850 2441 3057 2554 2465)
5(1850 2468 2555 3058 2441)
4(2386 3038 3331 3039)
4(2441 3058 3331 3057)
4(2554 3057 3331 3038)
4(2555 3039 3331 3058)
4(1850 2465 2533 2468)
4(1887 2950 3167 2481)
4(2558 2481 3167 2688)
4(3381 2482 2558 2688)
4(3167 2950 3381 2688)
4(2559 2387 2535 2442)
4(2559 2068 2320 2387)
4(2535 2387 2320 2070)
4(1738 2068 2559 2442)
4(2518 2448 2535 2387)
4(2594 2387 2535 2449)
4(1749 2448 2518 2426)
4(2559 2471 2518 2387)
4(2560 2473 2559 2387)
4(1813 2473 2560 2428)
4(1813 2471 2559 2473)
4(1813 2428 2518 2471)
4(2320 2165 2560 2387)
4(2594 2166 2320 2387)
4(1814 2429 2560 2165)
4(1841 2442 2559 2471)
4(1841 2471 2518 2448)
4(1871 2165 2560 2473)
4(1871 2473 2559 2068)
4(2324 2071 2322 2388)
4(2323 2074 2324 2388)
4(2322 2075 2323 2388)
4(2322 2132 2542 2388)
4(2561 2133 2322 2388)
4(1796 2133 2561 2423)
4(2325 2136 2323 2388)
4(2323 2137 2561 2388)
4(1798 1980 2561 2137)
4(2324 2388 2542 2140)
4(2324 2142 2325 2388)
4(1873 2137 2561 2133)
4(2538 2389 2562 2443)
4(2338 2078 2562 2389)
4(2338 2389 2538 2081)
4(1740 2443 2562 2078)
4(2538 2459 2546 2389)
4(2595 2460 2538 2389)
4(1766 2427 2546 2459)
4(2562 2389 2546 2472)
4(2562 2473 2560 2389)
4(1813 2473 2562 2472)
4(1813 2472 2546 2428)
4(2338 2389 2560 2165)
4(2595 2389 2338 2167)
4(1842 2472 2562 2443)
4(1842 2459 2546 2472)
4(1871 2078 2562 2473)
4(2563 2168 2206 2390)
4(2565 2474 2563 2390)
4(1819 2474 2565 1997)
4(1819 2168 2563 2474)
4(2563 2477 2519 2390)
4(1851 2477 2563 2168)
4(2564 2390 2563 2483)
4(2519 2390 2564 2485)
4(1896 2483 2563 2477)
4(1896 2485 2564 2483)
4(2203 2499 2565 2474)
4(2203 2474 2563 2483)
4(2203 2483 2564 2499)
4(2360 2500 2564 2485)
4(2212 2106 2522 2391)
4(2597 2391 2522 2455)
4(2568 2175 2212 2391)
4(2570 2475 2568 2391)
4(1822 2175 2568 2475)
4(1822 2475 2570 2001)
4(2568 2479 2522 2391)
4(1858 2479 2568 2175)
4(2569 2391 2568 2487)
4(2522 2391 2569 2488)
4(1897 2487 2568 2479)
4(1897 2488 2569 2487)
4(2570 2391 2569 2502)
4(2597 2503 2569 2391)
4(2003 2502 2569 2503)
4(2003 2431 2570 2502)
4(2209 2475 2568 2487)
4(2209 2487 2569 2502)
4(2209 2502 2570 2475)
4(2362 2503 2569 2488)
4(2573 2474 2565 2392)
4(1819 2474 2573 2169)
4(2203 2489 2573 2474)
4(2203 2499 2574 2489)
4(2275 2108 2547 2393)
4(2547 2456 2571 2393)
4(1763 2004 2571 2456)
4(2575 2184 2275 2393)
4(2575 2393 2552 2476)
4(1825 2184 2575 2476)
4(1825 2476 2552 2006)
4(2575 2478 2547 2393)
4(1852 2478 2575 2184)
4(2547 2393 2576 2490)
4(2576 2393 2575 2491)
4(1914 2491 2575 2478)
4(1914 2490 2576 2491)
4(2576 2393 2571 2504)
4(2576 2505 2552 2393)
4(2008 2504 2571 2432)
4(2008 2505 2576 2504)
4(2008 2432 2552 2505)
4(2208 2456 2571 2504)
4(2208 2504 2576 2490)
4(2272 2476 2575 2491)
4(2272 2491 2576 2505)
4(2272 2505 2552 2476)
4(2276 2394 2573 2169)
4(2566 2474 2573 2394)
4(1819 2474 2566 2019)
4(2276 2184 2575 2394)
4(2553 2394 2575 2476)
4(1825 2021 2553 2476)
4(2573 2478 2575 2394)
4(2577 2394 2573 2489)
4(2575 2394 2577 2491)
4(1914 2491 2577 2489)
4(2577 2506 2566 2394)
4(2577 2394 2553 2507)
4(2017 2435 2566 2506)
4(2017 2506 2577 2507)
4(2017 2507 2553 2435)
4(2203 2506 2566 2474)
4(2203 2489 2577 2506)
4(2272 2507 2577 2491)
4(2272 2476 2553 2507)
4(2579 2395 2548 2490)
4(2580 2395 2579 2492)
4(2548 2395 2580 2493)
4(1914 2493 2580 2492)
4(1914 2492 2579 2490)
4(2548 2395 2572 2496)
4(2598 2395 2548 2498)
4(1960 2496 2572 2452)
4(2579 2510 2572 2395)
4(2579 2395 2557 2511)
4(2103 2453 2572 2510)
4(2103 2510 2579 2511)
4(2103 2511 2557 2453)
4(2580 2512 2557 2395)
4(2598 2513 2580 2395)
4(2104 2512 2580 2513)
4(2104 2454 2557 2512)
4(2208 2510 2572 2496)
4(2208 2490 2579 2510)
4(2273 2492 2580 2512)
4(2273 2511 2579 2492)
4(2273 2512 2557 2511)
4(2368 2513 2580 2493)
4(2574 2396 2578 2489)
4(2578 2396 2580 2492)
4(2580 2396 2574 2493)
4(1914 2489 2578 2492)
4(2567 2396 2574 2499)
4(2574 2396 2599 2501)
4(2578 2396 2567 2508)
4(2558 2396 2578 2509)
4(2047 2508 2567 2481)
4(2047 2509 2578 2508)
4(2047 2481 2558 2509)
4(2558 2512 2580 2396)
4(2599 2396 2580 2513)
4(2104 2512 2558 2482)
4(2203 2499 2567 2508)
4(2203 2508 2578 2489)
4(2273 2492 2578 2509)
4(2273 2509 2558 2512)
4(3065 2446 2514 2600)
4(3350 2827 3065 2600)
4(2514 2448 3066 2600)
4(3364 2600 3066 2828)
4(1749 2828 3066 2448)
4(3065 2927 3066 2600)
4(1841 2448 3066 2927)
4(3067 2600 3065 3026)
4(3066 2600 3067 3027)
4(2376 2927 3066 3027)
4(3350 2600 3067 3042)
4(3364 3043 3067 2600)
4(2589 3027 3066 2828)
4(3352 2601 3068 2691)
4(3367 2692 3068 2601)
4(3352 2696 3069 2601)
5(3069 1755 3487 1838 2601)
4(3069 2601 3068 2698)
4(25 2696 3069 2698)
4(3367 2601 3070 2703)
5(1838 3492 1769 3070 2601)
4(1751 3432 3602 3478)
4(1769 3492 3602 3434)
4(1838 3478 3602 3492)
4(3070 2704 3068 2601)
4(192 2704 3070 2703)
4(3070 2601 3069 2711)
5(212 3437 1769 3070 2711)
5(212 2711 3069 1755 3436)
4(1755 3487 3604 3436)
4(1769 3437 3604 3492)
4(1838 3492 3604 3487)
4(213 2711 3070 2704)
4(213 2698 3069 2711)
4(3351 2602 3072 2697)
5(1839 3488 1755 3072 2602)
4(3351 2699 3073 2602)
4(3073 1956 2196 2602)
4(3073 2602 3072 2700)
4(45 2700 3072 2697)
5(3074 1780 2857 1839 2602)
5(2196 3513 1964 3074 2602)
4(1711 2769 3075 1965)
4(1780 2709 3075 2857)
4(1839 2857 3075 2769)
4(1711 1965 3616 3472)
4(1964 3513 3616 3435)
4(2196 3472 3616 3513)
4(3074 2712 3072 2602)
5(212 2712 3074 1780 3438)
5(212 3436 1755 3072 2712)
4(1755 3436 3605 3488)
4(1780 2857 3605 3438)
4(1839 3488 3605 2857)
4(3074 2602 3073 2714)
4(232 1964 3074 2714)
4(233 2714 3074 2712)
4(233 2712 3072 2700)
5(2525 2433 3079 2603 3541)
6(3079 2009 2990 2218 3525 2603)
4(1768 2838 3081 2776)
4(2009 2779 3081 2990)
4(2218 2990 3081 2838)
4(1768 2839 3569 2838)
4(2218 2838 3569 3525)
4(2525 3541 3569 2839)
4(2603 3525 3569 3541)
5(1715 2779 2009 3079 2433)
5(3078 2457 2525 3541 2603)
5(3365 2834 3078 2603 3547)
4(2402 3531 3570 3044)
4(2525 3044 3570 3541)
4(2603 3541 3570 3547)
4(3365 3547 3570 3531)
6(2218 3519 2111 3080 2603 3525)
5(3365 3547 2603 3080 2835)
4(1961 2979 3571 3512)
4(2218 3525 3571 2979)
4(2603 3547 3571 3525)
4(3365 3512 3571 3547)
5(1765 2835 3080 2111 3490)
4(1961 3489 3623 2979)
4(2111 3519 3623 3490)
4(2218 2979 3623 3519)
4(3078 2926 3079 2603)
4(1840 2433 3079 2926)
4(3079 2939 3080 2603)
4(1855 2939 3079 2009)
4(1855 2111 3080 2939)
4(3080 2603 3078 2960)
4(1898 2926 3079 2939)
4(1898 2939 3080 2960)
4(2363 2960 3080 2835)
4(3082 2704 3070 2604)
4(3368 2705 3082 2604)
4(3083 2604 3070 2711)
4(3083 1968 2215 2604)
4(3083 2604 3082 2713)
4(3368 2604 3084 2725)
4(2215 1971 3084 2604)
4(3084 2727 3082 2604)
4(3084 2604 3083 2738)
4(3087 2780 3085 2605)
4(3087 2605 3086 2434)
4(1716 2434 3086 1774)
4(1716 2780 3087 2434)
4(1716 1774 3085 2780)
4(3088 2605 3085 2840)
4(3337 2605 3088 2841)
4(1770 2840 3085 2706)
4(3089 2842 3086 2605)
4(3337 2844 3089 2605)
4(1771 2707 3086 2842)
4(3087 2930 3088 2605)
4(1845 2930 3087 2780)
4(1845 2780 3085 2840)
4(3089 2937 3087 2605)
4(1849 2842 3086 2434)
4(1849 2434 3087 2937)
4(3088 2605 3089 3030)
4(2379 2937 3087 2930)
6(3090 1964 3514 2198 3521 2606)
6(1856 2860 1781 3090 2606 3504)
4(1717 1967 3094 2781)
4(1781 2860 3094 2710)
4(1856 2781 3094 2860)
4(1717 2781 3572 2782)
4(1856 3504 3572 2781)
4(2198 2782 3572 3521)
4(2606 3521 3572 3504)
4(1717 2782 3617 1967)
4(1964 3435 3617 3514)
4(2198 3514 3617 2782)
5(2198 1969 3091 2606 3521)
5(3091 2408 2526 3542 2606)
4(1775 2849 3573 2850)
4(2198 3521 3573 2849)
4(2526 2850 3573 3542)
4(2606 3542 3573 3521)
4(3091 2606 3090 2715)
4(232 2715 3090 1964)
4(232 1969 3091 2715)
6(3092 1789 2871 1856 3504 2606)
6(2526 3048 2416 3092 2606 3542)
4(1776 2851 3095 2731)
4(1789 2734 3095 2871)
4(1856 2871 3095 2851)
4(1776 2731 3098 2852)
4(2416 3048 3098 2735)
4(2526 2852 3098 3048)
4(1776 2852 3574 2851)
4(1856 2851 3574 3504)
4(2526 3542 3574 2852)
4(2606 3504 3574 3542)
4(3092 2736 3090 2606)
5(400 3453 1781 3090 2736)
5(400 2736 3092 1789 3455)
4(1781 3453 3611 2860)
4(1789 2871 3611 3455)
4(1856 2860 3611 2871)
4(3092 2606 3091 2742)
4(420 2742 3091 2408)
4(420 2416 3092 2742)
4(421 2736 3090 2715)
4(421 2715 3091 2742)
4(421 2742 3092 2736)
4(3099 2712 3074 2607)
4(2216 1968 3099 2607)
4(3100 2607 3074 2714)
4(3100 2715 3090 2607)
4(3100 2607 3099 2716)
4(3101 1972 2216 2607)
4(3101 2607 3090 2736)
4(3101 2739 3099 2607)
4(3101 2607 3100 2744)
6(3103 1787 2867 1857 3505 2608)
5(3363 2721 3103 2608 3548)
4(1785 2863 3107 2723)
4(1787 2724 3107 2867)
4(1857 2867 3107 2863)
4(1785 3499 3586 2863)
4(1857 2863 3586 3505)
4(2608 3505 3586 3548)
4(3363 3548 3586 3499)
6(1857 2872 1789 3104 2608 3505)
6(3104 2417 3538 2530 3543 2608)
4(1786 2732 3108 2865)
4(1789 2872 3108 2734)
4(1857 2865 3108 2872)
4(1786 2865 3587 3500)
4(1857 3505 3587 2865)
4(2530 3500 3587 3543)
4(2608 3543 3587 3505)
4(1786 3500 3629 2732)
4(2417 3452 3629 3538)
4(2530 3538 3629 3500)
4(3104 2608 3103 2737)
5(400 2737 3103 1787 3454)
5(400 3455 1789 3104 2737)
4(1787 2867 3612 3454)
4(1789 3455 3612 2872)
4(1857 2872 3612 2867)
5(3363 3548 2608 3105 2745)
5(2530 2421 3105 2608 3543)
4(2410 3534 3588 3536)
4(2530 3543 3588 3534)
4(2608 3548 3588 3543)
4(3363 3536 3588 3548)
4(3105 2747 3103 2608)
4(568 2721 3103 2747)
4(3105 2608 3104 2750)
4(588 2750 3104 2417)
4(589 2747 3103 2737)
4(589 2737 3104 2750)
4(3109 1971 2217 2609)
4(3366 2726 3109 2609)
4(2217 1972 3110 2609)
4(3110 2737 3103 2609)
4(3110 2609 3109 2740)
4(3366 2609 3111 2746)
4(3111 2609 3103 2747)
4(3111 2748 3109 2609)
4(3111 2609 3110 2752)
5(3112 2416 3049 2528 2610)
5(2531 3539 2417 3112 2610)
4(1788 2870 3115 2733)
4(2416 2735 3115 3049)
4(2528 3049 3115 2870)
4(1788 2733 3630 3502)
4(2417 3539 3630 3452)
4(2531 3502 3630 3539)
4(2528 2418 3113 2610)
4(3338 2610 3113 2741)
4(3113 2610 3112 2743)
4(420 2743 3112 2416)
4(420 2418 3113 2743)
4(3114 2422 2531 2610)
4(3338 2749 3114 2610)
4(3114 2751 3112 2610)
4(588 2417 3112 2751)
4(3114 2610 3113 2753)
4(608 2753 3113 2741)
4(609 2751 3112 2743)
4(609 2743 3113 2753)
6(2234 2883 1797 2882 1870 2611)
6(2231 2981 1978 2983 2234 2611)
6(1870 2885 1799 2886 2231 2611)
4(1797 1979 3120 2882)
4(1799 2885 3120 2424)
4(1870 2882 3120 2885)
4(1799 2424 3125 2886)
4(1978 2981 3125 2755)
4(2231 2886 3125 2981)
4(1797 2883 3126 1979)
4(1978 2755 3126 2983)
4(2234 2983 3126 2883)
5(1870 2898 1811 3119 2611)
5(3353 1812 2899 1870 2611)
4(1811 2898 3121 2765)
4(1812 2766 3121 2899)
4(1870 2899 3121 2898)
5(1705 2693 3119 1811 2765)
4(3124 1992 2231 2611)
4(3353 2611 2231 1993)
4(1709 1992 3124 2694)
4(3119 1995 2234 2611)
4(2234 1996 3124 2611)
4(1711 1995 3119 2695)
4(1711 2695 3124 1996)
4(1797 2882 3122 2786)
4(1811 2787 3122 2898)
4(1870 2898 3122 2882)
5(1721 2787 1811 3119 1995)
4(1722 1996 3124 1992)
4(1799 2801 3123 2885)
4(1812 2899 3123 2804)
4(1870 2885 3123 2899)
4(3129 2612 3128 2034)
4(2189 2036 3128 2612)
4(3129 2037 2189 2612)
4(1727 2034 3128 2036)
4(1727 2037 3129 2034)
4(3340 2084 2189 2612)
4(3354 2612 2189 2085)
4(3130 2887 3128 2612)
4(3340 2612 3128 2888)
4(1802 2888 3128 2887)
4(3130 2612 3129 2889)
4(3354 2890 3129 2612)
4(1803 2889 3129 2890)
4(1832 2887 3128 2034)
4(1832 2034 3129 2889)
4(1875 2036 3128 2888)
4(1880 2890 3129 2037)
4(2246 2034 3128 2613)
4(2254 2035 2246 2613)
4(2254 2613 3128 2036)
4(3131 2121 2246 2613)
4(2246 2122 2257 2613)
4(3131 2613 3128 2887)
4(3128 2613 3339 2888)
4(2257 2148 2254 2613)
4(3339 2613 2254 2149)
4(2247 2033 2251 2614)
4(2247 2614 3129 2034)
4(3129 2614 2251 2037)
4(3132 2124 2247 2614)
4(2247 2125 3133 2614)
4(1794 2124 3132 2797)
4(2251 2143 3132 2614)
4(3355 2144 2251 2614)
4(1801 2798 3132 2143)
4(3133 2889 3129 2614)
4(3355 2614 3129 2890)
4(1831 2143 3132 2124)
4(2193 2039 2264 2615)
4(2264 2041 3134 2615)
4(3134 2043 2193 2615)
4(1728 2043 3134 2041)
4(3135 2092 2193 2615)
4(3356 2615 2193 2093)
4(1745 2092 3135 2759)
4(2264 2157 3135 2615)
4(3136 2158 2264 2615)
4(1807 2760 3135 2157)
4(1807 2158 3136 2760)
4(3136 2615 3134 2894)
4(3356 2895 3134 2615)
4(1809 2894 3134 2895)
4(1809 2762 3136 2894)
4(1834 2157 3135 2092)
4(1836 2041 3134 2894)
4(1836 2894 3136 2158)
4(1882 2895 3134 2043)
4(2540 2040 2261 2616)
4(2540 2616 3134 2041)
4(3134 2616 2261 2043)
4(3137 2469 2540 2616)
4(2540 2470 3138 2616)
4(1799 2469 3137 2801)
4(2261 2153 3137 2616)
4(3357 2154 2261 2616)
4(1806 2802 3137 2153)
4(3138 2894 3134 2616)
4(3357 2616 3134 2895)
4(1835 2153 3137 2469)
4(3140 2459 2536 2617)
4(3373 2836 3140 2617)
4(1766 2459 3140 2836)
4(3141 2617 2536 2461)
4(3141 2839 3076 2617)
4(1768 2405 3076 2839)
4(3140 2928 3141 2617)
4(1842 2928 3140 2459)
4(3141 2617 3142 3032)
4(3142 2617 3140 3034)
4(2384 3034 3140 2928)
4(3142 2617 3076 3044)
4(3373 2617 3142 3045)
4(2402 3044 3076 2702)
4(2525 2839 3076 3044)
4(2593 2836 3140 3034)
4(2243 1995 3139 2618)
4(3075 2618 3139 2769)
4(1711 2769 3139 1995)
5(2545 2917 1827 2243 2618)
4(3144 2433 2545 2618)
4(1715 2433 3144 1966)
5(2545 3054 2436 3139 2618)
4(1827 2789 3145 2917)
4(2436 3054 3145 2790)
4(2545 2917 3145 3054)
5(1721 1995 3139 2436 2790)
4(3139 2618 3143 2805)
4(2545 2437 3143 2618)
4(1729 2436 3139 2805)
4(1729 2805 3143 2437)
4(3143 2618 3075 2857)
4(3144 2618 3143 2858)
4(1780 2858 3143 2857)
4(1780 2709 3144 2858)
4(1839 2805 3139 2769)
4(1839 2857 3143 2805)
4(1840 2437 3143 2858)
4(1840 2858 3144 2433)
4(1847 2619 3146 1818)
4(3149 2768 3146 2619)
4(1710 2768 3149 1777)
4(1710 1818 3146 2768)
4(1847 1829 3147 2619)
4(3150 2619 3147 2780)
4(1716 1779 3150 2780)
4(1716 2780 3147 1829)
4(3146 2784 3147 2619)
4(1719 2784 3146 1818)
4(1719 1829 3147 2784)
4(3148 2619 3146 2806)
4(3147 2619 3148 2807)
4(1730 2806 3146 2784)
4(1730 2784 3147 2807)
4(3149 2619 3148 2847)
4(3150 2848 3148 2619)
4(1775 2708 3149 2847)
4(1775 2848 3150 2708)
4(1843 2847 3149 2768)
4(1843 2768 3146 2806)
4(1845 2780 3150 2848)
4(1845 2807 3147 2780)
6(2204 2909 1820 2908 1853 2620)
5(3343 1998 2985 2204 2620)
4(1773 2845 3152 2771)
4(1820 2772 3152 2908)
4(1853 2908 3152 2845)
4(1820 2909 3154 2772)
4(1998 2774 3154 2985)
4(2204 2985 3154 2909)
6(1853 2921 1830 2924 2549 2620)
4(2549 2434 3086 2620)
6(2204 2994 2017 2995 2549 2620)
4(1820 2908 3153 2020)
4(1830 2785 3153 2921)
4(1853 2921 3153 2908)
4(1820 2020 3155 2909)
4(2017 2994 3155 2435)
4(2204 2909 3155 2994)
4(1830 2924 3158 2785)
4(2017 2435 3158 2995)
4(2549 2995 3158 2924)
5(3151 2440 3055 2549 2620)
5(2204 3003 2046 3151 2620)
6(1731 2812 2440 3151 2046 2810)
4(2017 2808 3156 2994)
4(2046 3003 3156 2810)
4(2204 2994 3156 3003)
4(2017 2995 3159 2808)
4(2440 2812 3159 3055)
4(2549 3055 3159 2995)
4(3151 2620 3086 2842)
4(3343 2620 3151 2843)
4(1771 2843 3151 2842)
4(1849 2842 3151 2440)
5(1877 2947 2046 3151 2843)
4(1998 2985 3157 2946)
4(2046 2947 3157 3003)
4(2204 3003 3157 2985)
6(2554 3057 2441 3161 2621 3545)
6(3161 2046 3004 2205 3522 2621)
6(1731 2810 2046 3161 2441 2813)
4(2046 2810 3162 3004)
4(2047 3005 3162 2811)
4(2205 3004 3162 3005)
4(2047 2811 3166 3006)
4(2441 3057 3166 2813)
4(2554 3006 3166 3057)
4(2047 3006 3631 3005)
4(2205 3005 3631 3522)
4(2554 3545 3631 3006)
4(2621 3522 3631 3545)
6(3341 2621 3522 2205 3012 2098)
4(2098 3012 3163 2830)
4(2099 2831 3163 3014)
4(2205 3014 3163 3012)
4(2099 3014 3632 3517)
4(2205 3522 3632 3014)
4(2621 3549 3632 3522)
4(3369 3517 3632 3549)
5(2554 3545 2621 3102 2465)
4(1783 2465 3102 2718)
4(2466 3540 3633 3061)
4(2554 3061 3633 3545)
4(2621 3545 3633 3549)
4(3369 3549 3633 3540)
4(3161 2861 3102 2621)
4(3341 2862 3161 2621)
4(1784 2861 3161 2862)
4(1784 2719 3102 2861)
4(1850 2441 3161 2861)
4(1850 2861 3102 2465)
5(1877 2862 3161 2046 2947)
4(2046 3004 3164 2947)
4(2098 2948 3164 3012)
4(2205 3012 3164 3004)
4(3167 2481 3165 3411)
4(3165 2949 3661 3411)
4(3661 2950 3167 3411)
4(3169 2440 3151 2622)
4(3169 2622 3161 2441)
4(3161 2622 3151 2046)
6(1731 2812 2440 3169 2441 2813)
4(3170 2622 3151 2842)
4(3151 2622 3342 2843)
4(3171 2861 3161 2622)
4(3342 2622 3161 2862)
4(3170 2868 3169 2622)
4(3171 2622 3169 2869)
4(1788 2869 3169 2868)
4(1849 2868 3169 2440)
4(1850 2441 3169 2869)
6(2555 3002 2045 3001 2550 2623)
5(2550 3056 2440 3169 2623)
5(2555 2623 3169 2441 3058)
4(2045 2809 3175 3001)
4(2440 3056 3175 2812)
4(2550 3001 3175 3056)
4(2045 3002 3177 2809)
4(2441 2813 3177 3058)
4(2555 3058 3177 3002)
5(2550 3059 2463 3172 2623)
4(3173 2464 2550 2623)
4(1776 2731 3172 2463)
4(1776 2464 3173 2731)
5(3172 2467 3063 2555 2623)
4(2555 2468 3174 2623)
4(1786 2467 3172 2732)
4(1786 2732 3174 2468)
4(3173 2623 3169 2868)
4(3169 2623 3174 2869)
4(1788 2733 3173 2868)
4(1788 2869 3174 2733)
6(1848 2935 2463 3172 2467 2936)
4(2045 3001 3176 2932)
4(2463 2935 3176 3059)
4(2550 3059 3176 3001)
4(2045 2932 3178 3002)
4(2467 3063 3178 2936)
4(2555 3002 3178 3063)
4(1849 2868 3173 2464)
4(1850 2468 3174 2869)
4(2537 2113 3179 2624)
4(3370 2624 3179 2837)
4(1767 2837 3179 2113)
4(3180 2462 2537 2624)
4(3180 2624 3077 2838)
4(1768 2462 3180 2838)
4(1768 2838 3077 2405)
4(3180 2940 3179 2624)
4(1859 2113 3179 2940)
4(1859 2940 3180 2462)
4(3181 2624 3180 2973)
4(3179 2624 3181 2976)
4(1915 2940 3179 2976)
4(1915 2973 3180 2940)
4(1915 2976 3181 2973)
4(3181 2979 3077 2624)
4(3370 2980 3181 2624)
4(1961 2701 3077 2979)
4(1961 2979 3181 2980)
4(2218 2838 3180 2973)
4(2218 2979 3077 2838)
4(2218 2973 3181 2979)
4(2369 2976 3179 2837)
4(2369 2980 3181 2976)
4(3187 2775 3189 3412)
4(3184 2007 3187 3412)
4(3189 2432 3184 3412)
6(2239 2993 2011 3182 2625 3526)
4(3182 2781 3093 2625)
4(1717 2781 3182 2011)
4(1717 1963 3093 2781)
6(2210 2997 2022 3182 2625 3523)
6(1723 2793 2011 3182 2022 2794)
4(1826 2025 3185 2913)
4(2022 2997 3185 2794)
4(2210 2913 3185 2997)
4(1826 2914 3188 2025)
4(2011 2793 3188 2993)
4(2239 2993 3188 2914)
4(1826 2913 3634 2914)
4(2210 3523 3634 2913)
4(2239 2914 3634 3526)
4(2625 3526 3634 3523)
6(2210 3007 2048 3183 2625 3523)
4(3182 2625 3183 2814)
4(1732 2022 3182 2814)
4(1732 2814 3183 2048)
6(3183 2463 3060 2551 3544 2625)
4(3183 2625 3093 2851)
4(1776 2463 3183 2851)
4(1776 2851 3093 2406)
6(1848 2933 2048 3183 2463 2935)
4(2008 2988 3186 2931)
4(2048 2933 3186 3007)
4(2210 3007 3186 2988)
4(2008 2931 3190 2989)
4(2463 3060 3190 2935)
4(2551 2989 3190 3060)
4(2008 2989 3635 2988)
4(2210 2988 3635 3523)
4(2551 3544 3635 2989)
4(2625 3523 3635 3544)
4(1856 2814 3182 2781)
4(1856 2851 3183 2814)
4(1856 2781 3093 2851)
5(2244 1828 2920 2277 2626)
5(2277 2991 2009 3192 2626)
4(1828 2778 3193 2920)
4(2009 2991 3193 2779)
4(2277 2920 3193 2991)
5(1715 1966 3192 2009 2779)
4(2244 2626 3182 2011)
4(3094 2781 3182 2626)
5(3182 2022 2998 2277 2626)
4(1828 2920 3194 2792)
4(2022 2794 3194 2998)
4(2277 2998 3194 2920)
4(3191 2049 2277 2626)
4(3191 2626 3182 2814)
4(1732 2049 3191 2814)
4(3192 2859 3191 2626)
4(3191 2860 3094 2626)
4(1781 2860 3191 2859)
4(1781 2859 3192 2710)
4(1855 2859 3191 2049)
4(1855 2009 3192 2859)
4(1856 2814 3191 2860)
6(3196 2048 3008 2211 3524 2627)
4(3196 2627 3195 2815)
6(2211 3010 2050 3195 2627 3524)
4(1732 2815 3195 2050)
4(1732 2048 3196 2815)
4(3197 2453 3200 3413)
4(3662 2832 3197 3413)
4(3200 2833 3662 3413)
4(3195 2627 3106 2863)
5(3372 3550 2627 3195 2864)
4(1785 2864 3195 2863)
4(1785 2863 3106 2720)
6(2556 3064 2467 3196 2627 3546)
4(3196 2865 3106 2627)
4(1786 2865 3196 2467)
4(1786 2413 3106 2865)
6(1848 2936 2467 3196 2048 2933)
4(2048 3008 3198 2933)
4(2103 2934 3198 3016)
4(2211 3016 3198 3008)
4(2103 3017 3201 2934)
4(2467 2936 3201 3064)
4(2556 3064 3201 3017)
4(2103 3016 3636 3017)
4(2211 3524 3636 3016)
4(2556 3017 3636 3546)
4(2627 3546 3636 3524)
4(1857 2863 3195 2815)
4(1857 2815 3196 2865)
4(1857 2865 3106 2863)
5(1888 2952 2050 3195 2864)
4(2050 2952 3199 3010)
4(2105 3019 3199 2953)
4(2211 3010 3199 3019)
4(2105 3518 3637 3019)
4(2211 3019 3637 3524)
4(2627 3524 3637 3550)
4(3372 3550 3637 3518)
4(2278 2049 3202 2628)
4(3202 2815 3195 2628)
5(2278 2628 3195 2050 3011)
4(1732 2815 3202 2049)
5(3203 2111 3520 2278 2628)
5(3371 2628 2278 3021 2112)
5(1765 3490 2111 3203 2722)
4(2111 3490 3624 3520)
4(2112 3021 3624 3491)
4(2278 3520 3624 3021)
4(3107 2628 3195 2863)
4(3195 2628 3371 2864)
4(3203 2628 3202 2866)
4(3202 2628 3107 2867)
4(1787 2866 3202 2867)
4(1787 2724 3203 2866)
4(1855 2049 3202 2866)
4(1855 2866 3203 2111)
4(1857 2867 3202 2815)
4(2050 3011 3204 2952)
4(2112 2954 3204 3021)
4(2278 3021 3204 3011)
4(3183 2048 3196 2629)
4(3183 2629 3205 2814)
4(3205 2629 3196 2815)
4(1732 2814 3205 2815)
4(3172 2463 3183 2629)
4(3095 2629 3183 2851)
4(3172 2629 3196 2467)
4(3196 2629 3108 2865)
4(3205 2629 3095 2871)
4(3205 2872 3108 2629)
4(1789 2872 3205 2871)
4(1856 2871 3205 2814)
4(1857 2815 3205 2872)
4(2285 2052 2220 2630)
4(3206 2053 2285 2630)
4(2220 2055 3206 2630)
4(1733 2053 3206 2055)
4(2220 2092 3135 2630)
4(3359 2094 2220 2630)
4(2285 2630 3135 2157)
4(2285 2159 3207 2630)
4(3207 2892 3206 2630)
4(3359 2630 3206 2893)
4(1808 2893 3206 2892)
4(1860 2892 3206 2053)
4(1884 2055 3206 2893)
4(2284 2051 2281 2631)
4(2281 2053 3206 2631)
4(2284 2631 3206 2055)
4(2281 2124 3132 2631)
4(3208 2126 2281 2631)
4(2284 2631 3132 2143)
4(3358 2631 2284 2145)
4(3208 2631 3206 2892)
4(3206 2631 3358 2893)
4(2228 2058 2298 2632)
4(2298 2060 2299 2632)
4(2299 2061 2228 2632)
4(3210 2101 2228 2632)
4(3344 2632 2228 2102)
4(1760 2101 3210 2770)
4(2298 2171 3210 2632)
4(3209 2172 2298 2632)
4(1820 2172 3209 2772)
4(1820 2772 3210 2171)
4(2299 2173 3209 2632)
4(3344 2174 2299 2632)
4(1821 2773 3209 2173)
4(1851 2171 3210 2101)
4(1865 2173 3209 2172)
4(3213 2817 3211 2633)
4(3213 2633 3212 2818)
4(3212 2633 3211 2819)
4(1736 2818 3212 2819)
4(1736 2817 3213 2818)
4(3215 2633 3211 2874)
4(3214 2876 3211 2633)
4(1791 2876 3214 2754)
4(2293 2119 3212 2633)
4(3214 2633 3212 2878)
4(1792 2878 3212 2119)
4(1792 1974 3214 2878)
4(3215 2879 3213 2633)
4(3213 2123 2293 2633)
4(1793 2123 3213 2879)
4(1862 2879 3213 2817)
4(1865 2119 3212 2818)
4(1865 2818 3213 2123)
4(1868 2819 3212 2878)
4(1868 2878 3214 2876)
4(3116 2634 3217 2816)
4(3218 2818 3217 2634)
4(3218 2634 3116 2820)
4(1736 2816 3217 2818)
4(1736 2818 3218 2820)
4(3116 2845 3152 2634)
4(3346 2846 3116 2634)
4(3217 2634 3152 2908)
4(3217 2172 3209 2634)
4(1820 2172 3217 2908)
4(3218 2634 3209 2173)
4(3346 2634 3218 2910)
4(1821 2910 3218 2173)
4(1853 2908 3217 2816)
4(1865 2818 3217 2172)
4(1865 2173 3218 2818)
4(1879 2820 3218 2910)
4(3217 2635 3219 2816)
4(3212 2635 3217 2818)
4(3219 2635 3212 2819)
4(2301 2635 3212 2119)
4(3212 2635 3220 2878)
4(1792 2878 3220 2018)
4(3153 2635 3217 2908)
4(2301 2172 3217 2635)
4(3153 2921 3219 2635)
4(3220 2635 3219 2923)
4(1830 2785 3220 2923)
4(1868 2923 3220 2878)
4(3213 2636 3216 2817)
4(3213 2818 3218 2636)
4(3216 2636 3218 2820)
4(3221 2636 3213 2879)
4(3213 2636 2302 2123)
4(3216 2636 3221 2902)
4(3345 2636 3216 2903)
4(2302 2636 3218 2173)
4(3218 2636 3345 2910)
4(3222 2637 3223 2822)
4(3224 2637 3222 2823)
4(3224 2824 3223 2637)
4(1737 2823 3222 2822)
4(1737 2824 3224 2823)
4(3225 2637 3222 2873)
4(2306 2117 3222 2637)
4(1790 2873 3222 2117)
4(1790 1973 3225 2873)
4(3225 2875 3223 2637)
4(3223 2876 3214 2637)
4(1791 2875 3225 2754)
4(3224 2120 2306 2637)
4(3224 2637 3214 2878)
4(1792 2120 3224 2878)
4(1863 2822 3222 2873)
4(1863 2873 3225 2875)
4(1866 2117 3222 2823)
4(1866 2823 3224 2120)
4(1868 2878 3224 2824)
4(3228 2638 3117 2821)
4(3228 2823 3227 2638)
4(3117 2638 3227 2825)
4(1737 2825 3227 2823)
4(1737 2823 3228 2821)
4(3230 2853 3117 2638)
4(3229 2638 3117 2854)
4(1778 2775 3229 2854)
4(1778 2853 3230 2775)
4(3227 2181 2311 2638)
4(3229 2911 3227 2638)
4(1824 2181 3227 2911)
4(1824 2911 3229 2005)
4(3230 2638 3228 2912)
4(2311 2185 3228 2638)
4(1825 2912 3228 2185)
4(1825 2006 3230 2912)
4(1854 2821 3228 2912)
4(1854 2912 3230 2853)
4(1866 2823 3227 2181)
4(1866 2185 3228 2823)
4(1869 2911 3227 2825)
4(1869 2854 3229 2911)
4(3222 2822 3226 2639)
4(3222 2639 3227 2823)
4(3227 2639 3226 2825)
4(3222 2639 3232 2873)
4(2313 2639 3222 2117)
4(1790 2873 3232 2012)
4(3232 2639 3226 2904)
4(3226 2639 3233 2905)
4(1817 2783 3232 2904)
4(1817 2905 3233 2783)
4(2313 2181 3227 2639)
4(3233 2639 3227 2911)
4(1824 2016 3233 2911)
4(1863 2904 3232 2873)
4(1869 2911 3233 2905)
4(3228 2821 3231 2640)
4(3224 2823 3228 2640)
4(3224 2640 3231 2824)
4(3224 2640 2315 2120)
4(3220 2640 3224 2878)
4(3228 2640 3234 2912)
4(2315 2640 3228 2185)
4(1825 2912 3234 2021)
4(3234 2640 3231 2922)
4(3231 2640 3220 2923)
4(1830 2785 3234 2922)
4(1854 2922 3234 2912)
4(3236 2067 2316 2641)
4(3236 2641 3235 2826)
4(2316 2068 3235 2641)
4(1738 2826 3235 2068)
4(1738 2067 3236 2826)
4(3235 2641 3120 2882)
4(3235 2134 2317 2641)
4(1797 2134 3235 2882)
4(2541 2469 3236 2641)
4(3236 2885 3120 2641)
4(1799 2885 3236 2469)
4(2316 2139 2541 2641)
4(2317 2141 2316 2641)
4(1835 2469 3236 2067)
4(1870 2882 3235 2826)
4(1870 2826 3236 2885)
4(1871 2068 3235 2134)
4(3237 2442 2534 2642)
4(3238 2826 3237 2642)
4(2534 2069 3238 2642)
4(1738 2442 3237 2826)
4(1738 2826 3238 2069)
4(2534 2446 3239 2642)
4(3361 2447 2534 2642)
4(3239 2897 3237 2642)
4(3237 2898 3121 2642)
4(1811 2898 3237 2897)
4(3238 2642 3121 2899)
4(3361 2642 3238 2900)
4(1812 2900 3238 2899)
4(1841 2897 3237 2442)
4(1870 2826 3237 2898)
4(1870 2899 3238 2826)
4(1885 2069 3238 2900)
4(2559 2442 3237 2643)
4(3235 2643 3237 2826)
4(2559 2643 3235 2068)
4(3122 2643 3235 2882)
4(3235 2643 3240 2134)
4(1797 2134 3240 2786)
4(3241 2643 3237 2897)
4(3237 2643 3122 2898)
4(3241 2471 2559 2643)
4(2559 2473 3240 2643)
4(1813 2788 3240 2473)
4(1871 2473 3240 2134)
4(2318 2067 3236 2644)
4(3236 2826 3238 2644)
4(2318 2644 3238 2069)
4(3137 2644 3236 2469)
4(3236 2644 3123 2885)
4(2318 2644 3137 2153)
4(3360 2644 2318 2155)
4(3123 2644 3238 2899)
4(3238 2644 3360 2900)
4(2539 2443 3242 2645)
4(3243 2077 2539 2645)
4(3243 2645 3242 2080)
4(1740 2080 3242 2443)
4(1740 2077 3243 2080)
4(3246 2461 2539 2645)
4(2539 2462 3245 2645)
4(1768 2776 3245 2462)
4(3246 2645 3242 2915)
4(3244 2916 3242 2645)
4(1827 2915 3242 2916)
4(3245 2918 3243 2645)
4(3244 2645 3243 2919)
4(1828 2919 3243 2918)
4(1828 2918 3245 2778)
4(1842 2443 3242 2915)
4(1859 2918 3243 2077)
4(1859 2462 3245 2918)
4(1874 2916 3242 2080)
4(1874 2080 3243 2919)
4(2562 2646 3242 2443)
4(2562 2078 2335 2646)
4(3242 2646 2335 2080)
4(2335 2134 3240 2646)
4(3247 2135 2335 2646)
4(2562 2472 3248 2646)
4(2562 2646 3240 2473)
4(1813 2788 3248 2472)
4(3248 2915 3242 2646)
4(3247 2646 3242 2916)
4(1827 2915 3248 2789)
4(1842 2472 3248 2915)
4(2339 2077 3243 2647)
4(2336 2079 2339 2647)
4(2336 2647 3243 2080)
4(2333 2136 2336 2647)
4(2336 2138 3249 2647)
4(3250 2176 2339 2647)
4(2339 2177 2333 2647)
4(1822 2176 3250 2024)
4(3250 2647 3243 2918)
4(3243 2647 3249 2919)
4(1828 2792 3250 2918)
4(1859 2918 3250 2176)
4(2200 1994 3071 2648)
4(3071 2768 3149 2648)
4(1710 2768 3071 1994)
4(3251 2010 2200 2648)
4(3251 2648 3096 2782)
4(1717 2782 3096 1963)
4(1717 2010 3251 2782)
4(3251 2791 3071 2648)
4(1722 1994 3071 2791)
4(1722 2791 3251 2010)
4(3252 2648 3149 2847)
4(3252 2849 3096 2648)
4(1775 2708 3096 2849)
4(3071 2929 3252 2648)
4(1843 2929 3071 2768)
4(3252 2648 3251 2955)
4(1895 2791 3071 2929)
4(1895 2955 3251 2791)
4(2198 2849 3096 2782)
4(2198 2782 3251 2955)
4(2520 2101 3210 2649)
4(3349 2451 2520 2649)
4(3253 2649 3210 2171)
4(3253 2909 3154 2649)
4(1820 2909 3253 2171)
4(2520 2477 3253 2649)
4(1851 2171 3253 2477)
4(3254 2956 3253 2649)
4(2520 2484 3254 2649)
4(1896 2477 3253 2956)
4(1896 2956 3254 2484)
4(3254 2649 3154 2985)
4(3349 2649 3254 2986)
4(1998 2986 3254 2985)
4(2204 2956 3253 2909)
4(2204 2985 3254 2956)
4(2342 2484 3254 2986)
4(2207 2168 2563 2650)
4(2563 2474 2566 2650)
4(2207 2650 3253 2171)
4(3155 2909 3253 2650)
4(3253 2477 2563 2650)
4(3255 2483 2563 2650)
4(3255 2650 3253 2956)
4(1896 2483 3255 2956)
4(2566 2506 3255 2650)
4(3255 2994 3155 2650)
4(2017 2994 3255 2506)
4(2203 2506 3255 2483)
4(2204 2956 3255 2994)
4(3255 2651 3257 2483)
4(3256 2651 3255 2956)
4(3257 2651 3256 2957)
4(1896 2957 3256 2956)
4(1896 2483 3257 2957)
4(3258 2651 3255 2506)
4(3156 2994 3255 2651)
4(2017 2808 3258 2506)
4(3256 3003 3156 2651)
4(3256 2651 3162 3004)
4(2046 3003 3256 3004)
4(3258 2508 3257 2651)
4(3257 3005 3162 2651)
4(2047 3005 3257 2508)
4(2047 2508 3258 2811)
4(2203 2508 3257 2483)
4(2203 2506 3258 2508)
4(2204 2956 3256 3003)
4(2205 3004 3256 2957)
4(2205 2957 3257 3005)
4(3260 2957 3259 2652)
4(3259 2484 2521 2652)
4(2521 2485 3260 2652)
4(1896 2484 3259 2957)
4(1896 2957 3260 2485)
4(3347 2652 2521 2494)
4(3375 2495 2521 2652)
4(3259 3012 3163 2652)
4(3347 3013 3259 2652)
4(2098 3012 3259 3013)
4(3260 2652 3163 3014)
4(3375 2652 3260 3015)
4(2099 3015 3260 3014)
4(2205 2957 3259 3012)
4(2205 3014 3260 2957)
4(2342 3013 3259 2484)
4(2360 2485 3260 3015)
4(3254 2653 3256 2956)
4(3256 2653 3259 2957)
4(3259 2653 3254 2484)
4(3157 2653 3254 2985)
4(3254 2653 3348 2986)
4(3256 2653 3157 3003)
4(3164 2653 3256 3004)
4(3164 3012 3259 2653)
4(3348 2653 3259 3013)
4(2564 2483 3257 2654)
4(3257 2957 3260 2654)
4(2564 2654 3260 2485)
4(2567 2654 3257 2508)
4(3257 2654 3165 3005)
4(2047 3005 3165 2481)
4(3165 2654 3260 3014)
4(3260 2654 3374 3015)
4(2099 2949 3165 3014)
4(2205 3014 3165 3005)
4(2523 2109 2213 2655)
4(2571 2456 2523 2655)
4(2213 2186 3261 2655)
4(3261 2913 3184 2655)
4(1826 2913 3261 2186)
4(1826 2007 3184 2913)
4(2523 2479 3261 2655)
4(1858 2186 3261 2479)
4(2523 2486 3262 2655)
4(3261 2655 3262 2958)
4(1897 2479 3261 2958)
4(1897 2958 3262 2486)
4(3262 2504 2571 2655)
4(3262 2655 3184 2988)
4(2008 2504 3262 2988)
4(2008 2988 3184 2432)
4(2208 2486 3262 2504)
4(2210 2958 3261 2913)
4(2210 2988 3262 2958)
4(2210 2913 3184 2988)
4(2214 2175 2568 2656)
4(2568 2475 3264 2656)
4(1822 2024 3264 2475)
4(2214 2656 3261 2186)
4(3185 2913 3261 2656)
4(3261 2479 2568 2656)
4(3263 2487 2568 2656)
4(3263 2656 3261 2958)
4(3264 2996 3263 2656)
4(3263 2997 3185 2656)
4(2022 2996 3264 2794)
4(2209 2475 3264 2996)
4(3267 2486 2524 2657)
4(3268 2959 3267 2657)
4(2524 2488 3268 2657)
4(1897 2486 3267 2959)
4(1897 2959 3268 2488)
4(2524 2496 2572 2657)
4(3377 2497 2524 2657)
4(2572 2510 3267 2657)
4(3267 3016 3197 2657)
4(2103 3016 3267 2510)
4(2103 2453 3197 3016)
4(3268 2657 3197 3019)
4(3377 2657 3268 3020)
4(2105 3020 3268 3019)
4(2105 3019 3197 2832)
4(2208 2510 3267 2486)
4(2211 2959 3267 3016)
4(2211 3019 3268 2959)
4(2211 3016 3197 3019)
4(2362 2488 3268 3020)
4(3262 2486 3267 2658)
4(3262 2658 3265 2958)
4(3265 2658 3267 2959)
4(3269 2504 3262 2658)
4(3186 2658 3262 2988)
4(2008 2504 3269 2931)
4(3265 2658 3186 3007)
4(3198 2658 3265 3008)
4(3269 2658 3267 2510)
4(3267 2658 3198 3016)
4(2103 2934 3269 2510)
4(2208 2510 3269 2504)
4(2569 2487 3266 2659)
4(3266 2959 3268 2659)
4(2569 2659 3268 2488)
4(3270 2502 2569 2659)
4(3376 2659 2569 2503)
4(2003 2502 3270 2951)
4(3270 2659 3266 3009)
4(3266 2659 3199 3010)
4(2050 2952 3270 3009)
4(3199 2659 3268 3019)
4(3268 2659 3376 3020)
4(2209 3009 3270 2502)
4(3272 2115 2226 2660)
4(3272 2660 3225 2873)
4(1790 2115 3272 2873)
4(3273 2875 3225 2660)
4(3273 2660 3271 2877)
4(2226 2126 3274 2660)
4(3274 2880 3271 2660)
4(3274 2660 3272 2941)
4(1860 2941 3272 2115)
4(3273 2942 3272 2660)
4(1863 2873 3272 2942)
4(3274 2660 3273 2961)
4(1901 2942 3272 2941)
4(2227 2115 3272 2661)
4(3232 2661 3272 2873)
4(2227 2661 3275 2159)
4(3278 2891 3275 2661)
4(1807 2891 3278 2014)
4(3232 2904 3277 2661)
4(3278 2661 3277 2906)
4(1817 2783 3278 2906)
4(3275 2941 3272 2661)
4(3272 2942 3277 2661)
4(3277 2661 3275 2962)
4(2224 2906 3278 2891)
4(2543 2131 3279 2662)
4(3282 2662 3279 2881)
4(1796 2881 3279 2131)
4(1796 2423 3282 2881)
4(3281 2470 2543 2662)
4(3281 2662 3125 2886)
4(3281 2925 3279 2662)
4(1836 2131 3279 2925)
4(3280 2662 3281 2964)
4(3280 2965 3279 2662)
4(1903 2925 3279 2965)
4(3280 2981 3125 2662)
4(3282 2982 3280 2662)
4(1978 2982 3282 2755)
4(2232 2965 3279 2881)
4(2232 2881 3282 2982)
4(3283 2158 3136 2663)
4(3283 2663 3276 2891)
4(1807 2158 3283 2891)
4(3284 2663 3136 2894)
4(3362 2663 3284 2896)
4(3284 2663 3283 2925)
4(1836 2925 3283 2158)
4(3118 2663 3283 2963)
4(3284 2663 3118 2966)
4(1903 2963 3283 2925)
4(3118 2977 3276 2663)
4(3362 2978 3118 2663)
4(2224 2891 3283 2963)
4(2233 2664 3279 2131)
4(3286 2881 3279 2664)
4(1796 2881 3286 2013)
4(3283 2664 2233 2158)
4(3278 2664 3283 2891)
4(3278 2906 3285 2664)
4(3286 2664 3285 2907)
4(1817 2783 3286 2907)
4(3279 2925 3283 2664)
4(3283 2664 3285 2963)
4(3285 2664 3279 2965)
4(2232 2907 3286 2881)
4(3287 2133 2561 2665)
4(3287 2665 3282 2881)
4(1796 2133 3287 2881)
4(2561 2137 3289 2665)
4(3290 2665 3289 2884)
4(1798 2884 3289 2137)
4(1798 1980 3290 2884)
4(3287 2944 3289 2665)
4(1873 2944 3287 2133)
4(1873 2137 3289 2944)
4(3288 2665 3287 2967)
4(3289 2665 3288 2968)
4(1904 2967 3287 2944)
4(1904 2944 3289 2968)
4(3288 2982 3282 2665)
4(3290 2984 3288 2665)
4(1978 2984 3290 2755)
4(2232 2881 3287 2967)
4(2238 2968 3289 2884)
4(2238 2884 3290 2984)
4(3127 2666 3229 2854)
4(3127 2855 3187 2666)
4(1778 2775 3187 2855)
4(3292 2911 3229 2666)
4(2240 2183 3292 2666)
4(1824 2911 3292 2183)
4(3293 2187 2240 2666)
4(3293 2666 3187 2914)
4(1826 2187 3293 2914)
4(1826 2914 3187 2007)
4(3292 2943 3127 2666)
4(1869 2943 3292 2911)
4(3293 2944 3292 2666)
4(1873 2183 3292 2944)
4(1873 2944 3293 2187)
4(3293 2969 3127 2666)
4(1904 2944 3292 2943)
4(1904 2969 3293 2944)
4(2239 2914 3293 2969)
4(2239 2855 3187 2914)
4(3287 2667 2241 2133)
4(3286 2667 3287 2881)
4(3233 2667 3291 2905)
4(3286 2907 3291 2667)
4(3233 2911 3292 2667)
4(2241 2667 3292 2183)
4(3291 2943 3292 2667)
4(3292 2944 3287 2667)
4(3287 2667 3291 2967)
4(2242 2668 3289 2137)
4(3295 2884 3289 2668)
4(2242 2187 3293 2668)
4(3188 2668 3293 2914)
4(3289 2944 3293 2668)
4(3289 2968 3294 2668)
4(3293 2668 3294 2969)
4(3295 2668 3294 2992)
4(3294 2668 3188 2993)
4(2245 2135 3296 2669)
4(3296 2883 3126 2669)
4(3298 2138 2245 2669)
4(3298 2669 3290 2884)
4(3298 2945 3296 2669)
4(3296 2669 3297 2970)
4(3298 2971 3297 2669)
4(3297 2669 3126 2983)
4(3297 2984 3290 2669)
4(2577 2489 2578 2670)
4(3299 2491 2577 2670)
4(2578 2492 3299 2670)
4(1914 2491 3299 2492)
4(2577 2670 3258 2506)
4(2577 2507 3300 2670)
4(2017 2808 3300 2507)
4(3300 2999 3299 2670)
4(3301 2670 3299 3000)
4(2045 3000 3299 2999)
4(2045 2999 3300 2809)
4(2045 2809 3301 3000)
4(2578 2508 3258 2670)
4(3301 2509 2578 2670)
4(2047 2509 3301 2811)
4(2272 2999 3299 2491)
4(2272 2507 3300 2999)
4(2273 2492 3299 3000)
4(2273 3000 3301 2509)
4(2579 2490 2576 2671)
4(2576 2491 3299 2671)
4(2579 2671 3299 2492)
4(2576 2504 3269 2671)
4(3302 2505 2576 2671)
4(2008 2505 3302 2931)
4(3302 2671 3299 2999)
4(3299 2671 3303 3000)
4(2045 2932 3302 2999)
4(2045 3000 3303 2932)
4(2579 2671 3269 2510)
4(2579 2511 3303 2671)
4(2103 2934 3303 2511)
4(2272 2999 3302 2505)
4(2273 2511 3303 3000)
4(2279 2672 3179 2113)
4(3379 2837 3179 2672)
4(2279 2176 3304 2672)
4(3304 2475 2570 2672)
4(1822 2475 3304 2176)
4(3179 2940 3304 2672)
4(1859 2176 3304 2940)
4(3305 2972 3304 2672)
4(3305 2672 3179 2976)
4(1915 2940 3304 2972)
4(1915 2972 3305 2976)
4(2570 2502 3305 2672)
4(3379 2672 3305 2987)
4(2003 2987 3305 2502)
4(2209 2972 3304 2475)
4(2209 2502 3305 2972)
4(2369 2976 3305 2987)
4(3180 2673 3245 2462)
4(3081 2673 3180 2838)
4(3306 2918 3245 2673)
4(3306 2673 3193 2920)
4(1828 2918 3306 2920)
4(3306 2940 3180 2673)
4(1859 2940 3306 2918)
4(3180 2673 3307 2973)
4(3307 2673 3306 2974)
4(1915 2974 3306 2940)
4(3307 2673 3081 2990)
4(3307 2991 3193 2673)
4(2277 2920 3306 2974)
4(3250 2674 3304 2176)
4(3264 2475 3304 2674)
4(3250 2918 3306 2674)
4(3194 2674 3306 2920)
4(3304 2940 3306 2674)
4(3308 2674 3304 2972)
4(3306 2674 3308 2974)
4(3308 2996 3264 2674)
4(3308 2674 3194 2998)
4(3305 2675 3309 2972)
4(3309 2675 3310 2975)
4(3310 2675 3305 2976)
4(1915 2975 3310 2976)
4(3270 2675 3305 2502)
4(3305 2675 3378 2987)
4(3309 2675 3270 3009)
4(3204 2675 3309 3011)
4(3204 3021 3310 2675)
4(3378 2675 3310 3022)
4(2112 3022 3310 3021)
4(2278 3021 3310 2975)
4(2369 2976 3310 3022)
4(2518 2676 3066 2448)
4(3380 2828 3066 2676)
4(2518 2471 3311 2676)
4(3313 2676 3311 2901)
4(1813 2428 3313 2901)
4(3066 2927 3311 2676)
4(3312 3025 3311 2676)
4(3312 2676 3066 3027)
4(3313 3050 3312 2676)
4(3380 2676 3312 3051)
4(2430 3050 3313 2767)
4(2517 2901 3313 3050)
4(3087 2677 3150 2780)
4(2529 2677 3087 2434)
4(3315 2848 3150 2677)
4(3315 2677 3097 2850)
4(1775 2850 3097 2708)
4(2529 2464 3316 2677)
4(3316 2852 3097 2677)
4(1776 2852 3316 2464)
4(1776 2406 3097 2852)
4(3315 2930 3087 2677)
4(3087 2937 3316 2677)
4(1849 2464 3316 2937)
4(3316 2677 3315 3028)
4(2379 2937 3316 3028)
4(2526 3028 3316 2852)
4(2526 2852 3097 2850)
4(3173 2678 3316 2464)
4(3098 2852 3316 2678)
4(3173 2868 3317 2678)
4(3115 2678 3317 2870)
4(3316 2937 3317 2678)
4(3318 2678 3316 3028)
4(3317 2678 3318 3029)
4(3318 3048 3098 2678)
4(3318 2678 3115 3049)
4(2546 2459 3140 2679)
4(3383 2679 3140 2836)
4(3319 2472 2546 2679)
4(3319 2679 3313 2901)
4(1813 2472 3319 2901)
4(3319 2928 3140 2679)
4(1842 2928 3319 2472)
4(3320 2679 3319 3031)
4(3140 2679 3320 3034)
4(2384 3031 3319 2928)
4(3320 3050 3313 2679)
4(3383 3052 3320 2679)
4(2517 2901 3319 3031)
4(3319 2680 3248 2472)
4(3314 2680 3319 2901)
4(3248 2680 3321 2915)
4(3145 2917 3321 2680)
4(3321 2928 3319 2680)
4(3322 3031 3319 2680)
4(3322 2680 3321 3033)
4(3322 2680 3314 3053)
4(3322 3054 3145 2680)
4(3160 2853 3230 2681)
4(3160 2681 3189 2856)
4(1778 2856 3189 2775)
4(3323 2681 3230 2912)
4(3323 2476 2552 2681)
4(1825 2476 3323 2912)
4(3323 2681 3160 2938)
4(1854 2912 3323 2938)
4(2552 2505 3324 2681)
4(3324 2989 3189 2681)
4(2008 2989 3324 2505)
4(2008 2432 3189 2989)
4(3323 3023 3324 2681)
4(2272 3023 3323 2476)
4(2272 2505 3324 3023)
4(3324 2681 3160 3037)
4(2385 2938 3323 3023)
4(2385 3023 3324 3037)
4(2551 3037 3324 2989)
4(2551 2989 3189 2856)
4(3234 2682 3323 2912)
4(2553 2476 3323 2682)
4(3325 2682 3234 2922)
4(3158 2682 3325 2924)
4(3323 2938 3325 2682)
4(3326 2507 2553 2682)
4(3326 2682 3158 2995)
4(2017 2507 3326 2995)
4(3326 3023 3323 2682)
4(2272 3023 3326 2507)
4(3326 3035 3325 2682)
4(2385 3035 3326 3023)
4(2549 2995 3326 3035)
4(3300 2507 3326 2683)
4(3159 2683 3326 2995)
4(3327 2999 3300 2683)
4(3327 2683 3175 3001)
4(2045 2999 3327 3001)
4(3327 3023 3326 2683)
4(2272 3023 3327 2999)
4(3326 2683 3328 3035)
4(3328 2683 3327 3036)
4(2385 3036 3327 3023)
4(3328 2683 3159 3055)
4(3328 3056 3175 2683)
4(2550 3001 3327 3036)
4(3302 2684 3324 2505)
4(3190 2989 3324 2684)
4(3302 2999 3327 2684)
4(3176 2684 3327 3001)
4(3324 3023 3327 2684)
4(3327 2684 3329 3036)
4(3329 2684 3324 3037)
4(3176 3059 3329 2684)
4(3190 2684 3329 3060)
4(3330 2685 3301 3000)
4(3330 3002 3177 2685)
4(2045 3002 3330 3000)
4(3332 2509 3301 2685)
4(3332 2685 3166 3006)
4(2047 2509 3332 3006)
4(3332 3024 3330 2685)
4(2273 3000 3330 3024)
4(2273 3024 3332 2509)
4(3332 3038 3331 2685)
4(3330 2685 3331 3039)
4(2386 3024 3330 3039)
4(2386 3038 3332 3024)
4(3331 3057 3166 2685)
4(3331 2685 3177 3058)
4(2554 3006 3332 3038)
4(2555 3039 3330 3002)
4(3333 2511 2557 2686)
4(3333 2686 3200 3017)
4(2103 2511 3333 3017)
4(2103 3017 3200 2453)
4(2557 2512 3334 2686)
4(3382 2686 3334 3018)
4(2104 3018 3334 2512)
4(3334 2686 3333 3024)
4(2273 3024 3333 2511)
4(2273 2512 3334 3024)
4(3168 2686 3333 3040)
4(3334 2686 3168 3041)
4(2386 3040 3333 3024)
4(2386 3024 3334 3041)
4(3168 3046 3200 2686)
4(3382 3047 3168 2686)
4(2411 2833 3200 3046)
4(2556 3017 3333 3040)
4(2556 3046 3200 3017)
4(2592 3041 3334 3018)
4(3303 2687 3330 3000)
4(3178 3002 3330 2687)
4(3303 2511 3333 2687)
4(3201 2687 3333 3017)
4(3330 3024 3333 2687)
4(3330 3039 3336 2687)
4(3333 2687 3336 3040)
4(3178 2687 3336 3063)
4(3336 2687 3201 3064)
4(3332 2688 2558 2509)
4(3167 2688 3332 3006)
4(2047 2481 3167 3006)
4(2558 2688 3334 2512)
4(3334 2688 3381 3018)
4(3332 2688 3334 3024)
4(3332 2688 3335 3038)
4(3334 3041 3335 2688)
4(3335 2688 3167 3061)
4(3381 2688 3335 3062)
4(2466 3061 3167 2950)
4(2554 3006 3167 3061)
4(2195 1990 3552 3384)
4(3644 3384 3552 3469)
4(1707 3469 3552 1990)
4(3554 1815 2195 3384)
4(3638 3470 3554 3384)
4(1708 1815 3554 3470)
4(3554 2784 3552 3384)
4(1719 1990 3552 2784)
4(1719 2784 3554 1815)
4(3553 3384 3554 3474)
4(3552 3384 3553 3475)
4(1730 2784 3552 3475)
4(1730 3474 3554 2784)
4(3638 3384 3553 3480)
4(3644 3481 3553 3384)
4(1876 3470 3554 3474)
4(1881 3475 3552 3469)
4(2199 1992 3556 3385)
4(3646 3385 3556 3471)
4(1709 3471 3556 1992)
4(3071 1994 2199 3385)
4(3555 2768 3071 3385)
4(1710 2768 3555 1953)
4(3071 2791 3556 3385)
4(1722 1992 3556 2791)
4(3557 3482 3555 3385)
4(3646 3484 3557 3385)
4(1753 3418 3555 3482)
4(3557 2929 3071 3385)
4(1843 3482 3555 2768)
4(3556 3385 3557 3507)
4(1895 2791 3556 3507)
4(2350 3507 3556 3471)
4(3648 3386 3560 3421)
4(3069 2698 3560 3386)
4(3648 3425 3561 3386)
4(3561 2700 3072 3386)
4(3561 3386 3560 3426)
4(3562 2711 3069 3386)
4(3072 2712 3562 3386)
4(3562 3439 3560 3386)
4(3562 3386 3561 3443)
4(3645 3387 3563 3423)
4(1844 1758 3563 3387)
4(3645 3427 3564 3387)
4(3639 3387 3564 3428)
4(3564 3387 3563 3430)
4(64 3430 3563 3423)
4(3565 1782 1844 3387)
4(3639 3440 3565 3387)
4(3565 3441 3563 3387)
4(231 1758 3563 3441)
4(231 3441 3565 1782)
4(3565 3387 3564 3444)
4(251 3440 3565 3444)
4(252 3441 3563 3430)
4(252 3444 3565 3441)
4(3647 3388 3566 3424)
4(2197 1956 3566 3388)
4(3647 3429 3567 3388)
4(3567 3430 3563 3388)
4(3567 3388 3566 3431)
4(3568 1969 2197 3388)
4(3568 3388 3563 3441)
4(3568 3442 3566 3388)
4(232 3442 3568 1969)
4(3568 3388 3567 3446)
4(252 3441 3568 3446)
4(253 3446 3568 3442)
4(3569 2838 3077 3389)
4(3076 2839 3569 3389)
4(3077 2979 3571 3389)
4(3655 3389 3571 3512)
4(3569 3525 3571 3389)
4(3570 3044 3076 3389)
4(3655 3531 3570 3389)
4(3570 3541 3569 3389)
4(3571 3389 3570 3547)
4(3093 2781 3572 3390)
4(3572 2782 3096 3390)
4(3096 2849 3573 3390)
4(3573 2850 3097 3390)
4(3574 2851 3093 3390)
4(3097 2852 3574 3390)
4(3574 3504 3572 3390)
4(3572 3521 3573 3390)
4(3573 3542 3574 3390)
4(3576 3441 3565 3391)
4(2527 2408 3576 3391)
4(3577 3391 3565 3444)
4(3640 3391 3577 3445)
4(3577 3391 3576 3447)
4(252 3447 3576 3441)
4(3578 2418 2527 3391)
4(3640 3456 3578 3391)
4(3578 3457 3576 3391)
4(420 2408 3576 3457)
4(420 3457 3578 2418)
4(3578 3391 3577 3460)
4(440 3456 3578 3460)
4(441 3457 3576 3447)
4(441 3460 3578 3457)
4(3579 3442 3568 3392)
4(3091 2715 3579 3392)
4(3580 3392 3568 3446)
4(3580 3447 3576 3392)
4(3580 3392 3579 3448)
4(3581 2742 3091 3392)
4(3581 3392 3576 3457)
4(3581 3458 3579 3392)
4(3581 3392 3580 3462)
4(3582 2465 3102 3393)
4(3653 3497 3582 3393)
4(1783 2465 3582 3497)
4(3102 2861 3583 3393)
4(3641 3393 3583 3498)
4(3582 3503 3583 3393)
4(1850 3503 3582 2465)
4(3583 3393 3584 3529)
4(3584 3393 3582 3530)
4(2380 3530 3582 3503)
4(3641 3532 3584 3393)
4(3653 3393 3584 3533)
4(2587 3497 3582 3530)
4(3586 2863 3106 3394)
4(3654 3499 3586 3394)
4(3106 2865 3587 3394)
4(3587 3500 3585 3394)
4(1786 2413 3585 3500)
4(3586 3505 3587 3394)
4(3588 3394 3585 3534)
4(3654 3394 3588 3536)
4(2410 3534 3585 3450)
4(3587 3543 3588 3394)
4(2530 3500 3585 3534)
4(3588 3394 3586 3548)
4(3590 2736 3092 3395)
4(3104 2737 3590 3395)
4(3092 2742 3591 3395)
4(3591 2743 3112 3395)
4(3591 3395 3590 3459)
4(3592 2750 3104 3395)
4(3112 2751 3592 3395)
4(3592 3464 3590 3395)
4(3592 3395 3591 3466)
4(3593 3457 3578 3396)
4(3113 2743 3593 3396)
4(3594 3396 3578 3460)
4(3642 3396 3594 3461)
4(3594 3396 3593 3463)
4(3595 2753 3113 3396)
4(3642 3465 3595 3396)
4(3595 3467 3593 3396)
4(3595 3396 3594 3468)
4(3597 3397 3596 3473)
4(2515 2438 3596 3397)
4(3597 2439 2515 3397)
4(1729 2439 3597 3473)
4(3651 2444 2515 3397)
4(3656 3397 2515 2445)
4(3596 3397 3551 3476)
4(3651 3397 3596 3477)
4(3597 3478 3551 3397)
4(3656 3479 3597 3397)
4(1751 3478 3597 3479)
4(1838 3473 3597 3478)
4(1889 3479 3597 2439)
4(3119 1811 2516 3398)
4(3650 3398 2516 2425)
4(3139 1995 3119 3398)
4(3139 3398 3558 2769)
4(3139 2436 2516 3398)
4(3139 2805 3598 3398)
4(3598 2438 2516 3398)
4(3598 3485 3558 3398)
4(3650 3486 3598 3398)
4(3600 3399 3597 3473)
4(3600 2437 2544 3399)
4(3597 3399 2544 2439)
4(1729 2437 3600 3473)
4(3602 3478 3597 3399)
4(3657 3399 3597 3479)
4(2544 2457 3601 3399)
4(3657 2458 2544 3399)
4(3602 3399 3600 3492)
4(3601 3493 3600 3399)
4(1769 3492 3600 3493)
4(1838 3473 3600 3492)
4(1840 3493 3600 2437)
4(3599 3400 3600 3473)
4(3143 3400 3599 2805)
4(3600 3400 3143 2437)
4(3604 3400 3599 3487)
4(3599 3400 3605 3488)
4(3604 3492 3600 3400)
4(3603 3400 3600 3493)
4(3143 2857 3605 3400)
4(3603 2858 3143 3400)
4(2225 3401 3552 1990)
4(3649 3469 3552 3401)
4(2225 1818 3146 3401)
4(3146 2768 3555 3401)
4(3552 2784 3146 3401)
4(3606 2806 3146 3401)
4(3606 3401 3552 3475)
4(3606 3401 3555 3482)
4(3649 3401 3606 3483)
4(1846 1815 3554 3402)
4(3643 3402 3554 3470)
4(3147 1829 1846 3402)
4(3085 2780 3147 3402)
4(3147 2784 3554 3402)
4(3147 2807 3607 3402)
4(3554 3402 3607 3474)
4(3607 2840 3085 3402)
4(3643 3494 3607 3402)
4(3202 2049 3191 3403)
4(3191 2814 3205 3403)
4(3205 2815 3202 3403)
4(3191 2859 3610 3403)
4(3611 2860 3191 3403)
4(3610 2866 3202 3403)
4(3202 2867 3612 3403)
4(3205 2871 3611 3403)
4(3612 2872 3205 3403)
4(3124 3404 3556 1992)
4(3652 3471 3556 3404)
4(3124 1996 3614 3404)
4(3614 3472 3559 3404)
4(1711 3472 3614 1996)
4(3556 2791 3614 3404)
4(1722 1996 3614 2791)
4(3614 3404 3613 3506)
4(3613 3404 3556 3507)
4(1895 2791 3614 3506)
4(3613 3404 3559 3510)
4(3652 3404 3613 3511)
4(2196 3506 3614 3472)
4(2201 3405 3614 1996)
4(3616 3472 3614 3405)
4(2201 2010 3251 3405)
4(3251 2782 3617 3405)
4(3614 2791 3251 3405)
4(3615 3405 3614 3506)
4(3615 2955 3251 3405)
4(3616 3405 3615 3513)
4(3617 3514 3615 3405)
4(3079 2433 3144 3406)
4(3192 2009 3079 3406)
4(3144 2858 3618 3406)
4(3618 3495 3575 3406)
4(3619 2859 3192 3406)
4(3619 3406 3575 3496)
4(3079 2926 3618 3406)
4(3619 2939 3079 3406)
4(3618 3406 3619 3508)
4(3080 2111 3203 3407)
4(3658 2835 3080 3407)
4(3203 2866 3621 3407)
4(3621 3501 3589 3407)
4(3080 2939 3621 3407)
4(3621 3407 3620 3509)
4(3080 2960 3620 3407)
4(3620 3407 3589 3515)
4(3658 3407 3620 3516)
4(3181 2973 3622 3408)
4(3622 2975 3310 3408)
4(3310 2976 3181 3408)
4(3623 2979 3181 3408)
4(3659 3408 3181 2980)
4(3623 3408 3622 3519)
4(3624 3520 3622 3408)
4(3310 3021 3624 3408)
4(3659 3022 3310 3408)
4(2533 2465 3582 3409)
4(3660 3409 3582 3497)
4(3625 2468 2533 3409)
4(3625 3409 3585 3500)
4(1786 2468 3625 3500)
4(3625 3503 3582 3409)
4(1850 3503 3625 2468)
4(3626 3409 3625 3527)
4(3582 3409 3626 3530)
4(2380 3527 3625 3503)
4(3626 3534 3585 3409)
4(3660 3535 3626 3409)
4(2530 3500 3625 3527)
4(3174 2468 3625 3410)
4(3629 3410 3625 3500)
4(3174 3410 3627 2869)
4(3630 3502 3627 3410)
4(3627 3503 3625 3410)
4(3625 3410 3628 3527)
4(3628 3410 3627 3528)
4(3629 3538 3628 3410)
4(3630 3410 3628 3539)
4(3165 3411 3631 3005)
4(3167 3006 3631 3411)
4(3165 3014 3632 3411)
4(3661 3411 3632 3517)
4(3631 3522 3632 3411)
4(3167 3411 3633 3061)
4(3633 3411 3661 3540)
4(3631 3411 3633 3545)
4(3632 3411 3633 3549)
4(3187 2855 3608 3412)
4(3189 3412 3608 2856)
4(3184 2913 3634 3412)
4(3634 2914 3187 3412)
4(3635 2988 3184 3412)
4(3189 2989 3635 3412)
4(3635 3523 3634 3412)
4(3634 3526 3608 3412)
4(3608 3544 3635 3412)
4(3197 3016 3636 3413)
4(3636 3017 3200 3413)
4(3637 3019 3197 3413)
4(3662 3518 3637 3413)
4(3637 3524 3636 3413)
4(3200 3046 3609 3413)
4(3662 3413 3609 3537)
4(3636 3546 3609 3413)
4(3609 3413 3637 3550)
4(0 1942 2341 1941)
4(21 1949 3638 3417)
4(42 1757 3639 3422)
5(63 3428 251 272 84)
4(84 272 293 105)
4(105 293 314 126)
4(126 314 335 147)
4(147 335 356 168)
4(189 2401 2581 1959)
4(209 2707 3337 2706)
4(230 2407 3640 3440)
5(251 3445 440 461 272)
4(272 461 482 293)
4(293 482 503 314)
4(314 503 524 335)
4(335 524 545 356)
4(377 3449 3641 2719)
4(398 2415 3338 2414)
4(419 2741 3642 3456)
5(440 3461 629 650 461)
4(461 650 671 482)
4(482 671 692 503)
4(503 692 713 524)
4(524 713 734 545)
5(566 755 776 587 2420)
5(587 776 797 608 2749)
5(608 797 818 629 3465)
4(629 818 839 650)
4(650 839 860 671)
4(671 860 881 692)
4(692 881 902 713)
4(713 902 923 734)
4(755 944 965 776)
4(776 965 986 797)
4(797 986 1007 818)
4(818 1007 1028 839)
4(839 1028 1049 860)
4(860 1049 1070 881)
4(881 1070 1091 902)
4(902 1091 1112 923)
4(944 1133 1154 965)
4(965 1154 1175 986)
4(986 1175 1196 1007)
4(1007 1196 1217 1028)
4(1028 1217 1238 1049)
4(1049 1238 1259 1070)
4(1070 1259 1280 1091)
4(1091 1280 1301 1112)
4(1133 1322 1343 1154)
4(1154 1343 1364 1175)
4(1175 1364 1385 1196)
4(1196 1385 1406 1217)
4(1217 1406 1427 1238)
4(1238 1427 1448 1259)
4(1259 1448 1469 1280)
4(1280 1469 1490 1301)
4(1322 1511 1532 1343)
4(1343 1532 1553 1364)
4(1364 1553 1574 1385)
4(1385 1574 1595 1406)
4(1406 1595 1616 1427)
4(1427 1616 1637 1448)
4(1448 1637 1658 1469)
4(1469 1658 1679 1490)
5(209 1772 1879 2846 1773)
4(21 1947 2344 1949)
4(1724 2795 3339 2027)
4(1703 2756 3340 2757)
4(209 2706 3643 1772)
5(230 1757 1876 3494 1770)
5(42 1752 3480 1876 1757)
4(377 2719 3341 2717)
4(398 2728 3342 2729)
4(209 1773 3343 2707)
4(1712 2773 3344 2770)
4(1724 2027 2346 2028)
5(1708 1816 2903 1879 1772)
4(1724 2028 3345 2796)
4(1712 2771 3346 2773)
4(1875 2084 2341 2086)
4(1742 1941 2341 2084)
4(1759 2830 3347 2829)
4(1877 2946 3348 2948)
4(1712 2770 3349 2774)
4(1760 2102 2343 1959)
5(1703 2757 1802 2344 1947)
6(1724 2796 1816 2344 1802 2795)
4(1708 1949 2344 1816)
4(1804 2149 2345 1986)
4(1875 2086 2345 2149)
4(1804 2150 2346 2027)
4(1878 2174 2346 2150)
4(1821 2028 2346 2174)
4(1804 1986 2347 2150)
4(1957 2494 2581 2401)
4(2342 2451 2581 2494)
4(1760 1959 2581 2451)
6(398 2414 2582 2844 1771 2728)
4(419 2407 2582 2414)
5(230 1770 2841 2582 2407)
5(566 2420 2583 3532 2409)
4(587 2415 2583 2420)
6(398 2729 1784 3498 2583 2415)
4(1771 2844 3337 2707)
4(2582 2841 3337 2844)
4(1770 2706 3337 2841)
4(587 2749 3338 2415)
4(608 2741 3338 2749)
4(419 2414 3338 2741)
4(1802 2888 3339 2795)
4(1875 2149 3339 2888)
4(1804 2027 3339 2149)
4(1742 2084 3340 2756)
4(1875 2888 3340 2084)
4(1802 2757 3340 2888)
4(1784 2862 3341 2719)
5(1877 2948 2098 3341 2862)
5(1759 2717 3341 2098 2830)
4(1771 2843 3342 2728)
4(1877 2862 3342 2843)
4(1784 2729 3342 2862)
6(1712 2774 1998 3343 1773 2771)
5(1877 2843 3343 1998 2946)
4(1771 2707 3343 2843)
4(1821 2174 3344 2773)
4(1878 2102 3344 2174)
4(1760 2770 3344 2102)
4(1821 2910 3345 2028)
4(1879 2903 3345 2910)
4(1816 2796 3345 2903)
4(1773 2846 3346 2771)
4(1879 2910 3346 2846)
4(1821 2773 3346 2910)
4(2098 3013 3347 2830)
4(2342 2494 3347 3013)
4(1957 2829 3347 2494)
4(1998 2986 3348 2946)
4(2342 3013 3348 2986)
4(2098 2948 3348 3013)
4(1760 2451 3349 2770)
4(2342 2986 3349 2451)
4(1998 2774 3349 2986)
4(1708 3470 3638 1949)
4(1876 3480 3638 3470)
4(1752 3417 3638 3480)
4(230 3440 3639 1757)
4(251 3428 3639 3440)
4(63 3422 3639 3428)
4(419 3456 3640 2407)
4(440 3445 3640 3456)
4(251 3440 3640 3445)
4(2409 3532 3641 3449)
4(2583 3498 3641 3532)
4(1784 2719 3641 3498)
4(608 3465 3642 2741)
4(629 3461 3642 3465)
4(440 3456 3642 3461)
4(1770 3494 3643 2706)
4(1876 3470 3643 3494)
4(1708 1772 3643 3470)
4(20 41 229 208)
4(41 62 250 229)
4(62 83 271 250)
4(83 104 292 271)
4(104 125 313 292)
4(125 146 334 313)
4(146 167 355 334)
4(167 188 376 355)
4(208 229 418 397)
4(229 250 439 418)
4(250 271 460 439)
4(271 292 481 460)
4(292 313 502 481)
4(313 334 523 502)
4(334 355 544 523)
4(355 376 565 544)
4(397 418 607 586)
4(418 439 628 607)
4(439 460 649 628)
4(460 481 670 649)
4(481 502 691 670)
4(502 523 712 691)
4(523 544 733 712)
4(544 565 754 733)
4(586 607 796 775)
4(607 628 817 796)
4(628 649 838 817)
4(649 670 859 838)
4(670 691 880 859)
4(691 712 901 880)
4(712 733 922 901)
4(733 754 943 922)
4(775 796 985 964)
4(796 817 1006 985)
4(817 838 1027 1006)
4(838 859 1048 1027)
4(859 880 1069 1048)
4(880 901 1090 1069)
4(901 922 1111 1090)
4(922 943 1132 1111)
4(964 985 1174 1153)
4(985 1006 1195 1174)
4(1006 1027 1216 1195)
4(1027 1048 1237 1216)
4(1048 1069 1258 1237)
4(1069 1090 1279 1258)
4(1090 1111 1300 1279)
4(1111 1132 1321 1300)
4(1153 1174 1363 1342)
4(1174 1195 1384 1363)
4(1195 1216 1405 1384)
4(1216 1237 1426 1405)
4(1237 1258 1447 1426)
4(1258 1279 1468 1447)
4(1279 1300 1489 1468)
4(1300 1321 1510 1489)
4(1342 1363 1552 1531)
4(1363 1384 1573 1552)
4(1384 1405 1594 1573)
4(1405 1426 1615 1594)
4(1426 1447 1636 1615)
4(1447 1468 1657 1636)
4(1468 1489 1678 1657)
4(1489 1510 1699 1678)
4(0 1941 2348 1940)
4(21 3417 3644 1948)
4(42 3422 3645 1756)
5(63 84 85 64 3427)
4(84 105 106 85)
4(105 126 127 106)
4(126 147 148 127)
4(147 168 169 148)
4(1 1945 2349 1944)
4(22 3418 3646 1952)
4(43 3423 3647 1955)
5(64 85 86 65 3429)
4(85 106 107 86)
4(106 127 128 107)
4(127 148 149 128)
4(148 169 170 149)
4(2 2399 3350 2689)
6(23 3420 1954 3351 1754 3419)
6(44 3424 65 66 45 2699)
4(65 86 87 66)
4(86 107 108 87)
4(107 128 129 108)
4(128 149 150 129)
4(149 170 171 150)
5(3 3415 1750 3352 2690)
4(24 2697 3648 2696)
5(45 66 67 46 3425)
4(66 87 88 67)
4(87 108 109 88)
4(108 129 130 109)
4(129 150 151 130)
4(150 171 172 151)
5(4 2691 25 26 5)
5(25 3421 46 47 26)
4(46 67 68 47)
4(67 88 89 68)
4(88 109 110 89)
4(109 130 131 110)
4(130 151 152 131)
4(151 172 173 152)
4(5 26 27 6)
4(26 47 48 27)
4(47 68 69 48)
4(68 89 90 69)
4(89 110 111 90)
4(110 131 132 111)
4(131 152 153 132)
4(152 173 174 153)
4(6 27 28 7)
4(27 48 49 28)
4(48 69 70 49)
4(69 90 91 70)
4(90 111 112 91)
4(111 132 133 112)
4(132 153 154 133)
4(153 174 175 154)
4(7 28 29 8)
4(28 49 50 29)
4(49 70 71 50)
4(70 91 92 71)
4(91 112 113 92)
4(112 133 134 113)
4(133 154 155 134)
4(154 175 176 155)
4(8 29 30 9)
4(29 50 51 30)
4(50 71 72 51)
4(71 92 93 72)
4(92 113 114 93)
4(113 134 135 114)
4(134 155 156 135)
4(155 176 177 156)
4(9 30 31 10)
4(30 51 52 31)
4(51 72 73 52)
4(72 93 94 73)
4(93 114 115 94)
4(114 135 136 115)
4(135 156 157 136)
4(156 177 178 157)
4(10 31 32 11)
4(31 52 53 32)
4(52 73 74 53)
4(73 94 95 74)
4(94 115 116 95)
4(115 136 137 116)
4(136 157 158 137)
4(157 178 179 158)
4(11 32 33 12)
4(32 53 54 33)
4(53 74 75 54)
4(74 95 96 75)
4(95 116 117 96)
4(116 137 138 117)
4(137 158 159 138)
4(158 179 180 159)
4(12 33 34 13)
4(33 54 55 34)
4(54 75 76 55)
4(75 96 97 76)
4(96 117 118 97)
4(117 138 139 118)
4(138 159 160 139)
4(159 180 181 160)
4(13 34 35 14)
4(34 55 56 35)
4(55 76 77 56)
4(76 97 98 77)
4(97 118 119 98)
4(118 139 140 119)
4(139 160 161 140)
4(160 181 182 161)
4(14 35 36 15)
4(35 56 57 36)
4(56 77 78 57)
4(77 98 99 78)
4(98 119 120 99)
4(119 140 141 120)
4(140 161 162 141)
4(161 182 183 162)
4(15 36 37 16)
4(36 57 58 37)
4(57 78 79 58)
4(78 99 100 79)
4(99 120 121 100)
4(120 141 142 121)
4(141 162 163 142)
4(162 183 184 163)
4(16 37 38 17)
4(37 58 59 38)
4(58 79 80 59)
4(79 100 101 80)
4(100 121 122 101)
4(121 142 143 122)
4(142 163 164 143)
4(163 184 185 164)
4(17 38 39 18)
4(38 59 60 39)
4(59 80 81 60)
4(80 101 102 81)
4(101 122 123 102)
4(122 143 144 123)
4(143 164 165 144)
4(164 185 186 165)
4(18 39 40 19)
4(39 60 61 40)
4(60 81 82 61)
4(81 102 103 82)
4(102 123 124 103)
4(123 144 145 124)
4(144 165 166 145)
4(165 186 187 166)
4(19 40 41 20)
4(40 61 62 41)
4(61 82 83 62)
4(82 103 104 83)
4(103 124 125 104)
4(124 145 146 125)
4(145 166 167 146)
4(166 187 188 167)
4(21 1948 2351 1947)
4(22 1950 2352 1951)
4(1 1943 2353 1945)
5(22 1952 2354 2978 1950)
4(23 2693 3353 2694)
4(2 2398 2585 2399)
4(1703 2758 3354 2756)
4(1725 2798 3355 2799)
4(1702 1982 2355 1984)
5(42 1756 1881 3481 1752)
5(43 1753 3483 1881 1756)
4(22 1951 3649 3418)
4(1704 2762 3356 2759)
4(1726 2802 3357 2803)
4(23 3419 3650 2693)
6(24 1750 3477 1883 3486 1754)
4(3 3414 3651 3415)
4(1702 1984 2357 1983)
4(1725 2800 3358 2798)
4(1704 2759 3359 2761)
4(1726 2804 3360 2802)
4(1705 2764 3361 2766)
4(1742 2085 2348 1941)
4(1880 2082 2348 2085)
4(1741 1940 2348 2082)
4(1745 2093 2349 1945)
4(1882 2090 2349 2093)
4(1744 1944 2349 2090)
5(43 1955 2350 3484 1753)
5(44 1954 3511 2350 1955)
4(23 2694 3652 3420)
4(1707 1991 2351 1948)
5(1725 2799 1803 2351 1991)
5(1703 1947 2351 1803 2758)
6(1704 2761 1808 2352 1950 2763)
5(1725 1991 2352 1808 2800)
4(1707 1951 2352 1991)
4(1743 2088 2353 1943)
4(1884 2094 2353 2088)
4(1745 1945 2353 2094)
4(1709 1993 2354 1952)
6(1726 2803 1809 2896 2354 1993)
4(1704 2763 3362 2762)
4(1741 2082 2355 1982)
4(1880 2144 2355 2082)
4(1801 1984 2355 2144)
4(1882 2154 2356 2090)
4(1806 1989 2356 2154)
4(1801 2145 2357 1984)
4(1884 2088 2357 2145)
4(1743 1983 2357 2088)
4(1806 2155 2358 1989)
4(1885 2096 2358 2155)
4(1747 1988 2358 2096)
6(1705 2425 2584 2827 1748 2764)
4(1883 2444 2584 2425)
5(1746 2397 3042 2584 2444)
4(1747 2096 2585 2398)
4(1885 2447 2585 2096)
4(1748 2399 2585 2447)
4(1748 2827 3350 2399)
4(2584 3042 3350 2827)
4(2397 2689 3350 3042)
4(44 2699 3351 1954)
4(45 2697 3351 2699)
4(24 1754 3351 2697)
4(24 2696 3352 1750)
4(25 2691 3352 2696)
4(4 2690 3352 2691)
5(1705 2766 1812 3353 2693)
5(1726 1993 3353 1812 2804)
4(1709 2694 3353 1993)
4(1803 2890 3354 2758)
4(1880 2085 3354 2890)
4(1742 2756 3354 2085)
4(1801 2144 3355 2798)
4(1880 2890 3355 2144)
4(1803 2799 3355 2890)
4(1809 2895 3356 2762)
4(1882 2093 3356 2895)
4(1745 2759 3356 2093)
4(1806 2154 3357 2802)
4(1882 2895 3357 2154)
4(1809 2803 3357 2895)
4(1808 2893 3358 2800)
4(1884 2145 3358 2893)
4(1801 2798 3358 2145)
4(1745 2094 3359 2759)
4(1884 2893 3359 2094)
4(1808 2761 3359 2893)
4(1812 2900 3360 2804)
4(1885 2155 3360 2900)
4(1806 2802 3360 2155)
4(1748 2447 3361 2764)
4(1885 2900 3361 2447)
4(1812 2766 3361 2900)
4(1950 2978 3362 2763)
4(2354 2896 3362 2978)
4(1809 2762 3362 2896)
4(1752 3481 3644 3417)
4(1881 3469 3644 3481)
4(1707 1948 3644 3469)
4(63 3427 3645 3422)
4(64 3423 3645 3427)
4(43 1756 3645 3423)
4(1753 3484 3646 3418)
4(2350 3471 3646 3484)
4(1709 1952 3646 3471)
4(64 3429 3647 3423)
4(65 3424 3647 3429)
4(44 1955 3647 3424)
4(45 3425 3648 2697)
4(46 3421 3648 3425)
4(25 2696 3648 3421)
4(1707 3469 3649 1951)
4(1881 3483 3649 3469)
4(1753 3418 3649 3483)
4(1754 3486 3650 3419)
4(1883 2425 3650 3486)
4(1705 2693 3650 2425)
4(1746 2444 3651 3414)
4(1883 3477 3651 2444)
4(1750 3415 3651 3477)
4(1709 3471 3652 2694)
4(2350 3511 3652 3471)
4(1954 3420 3652 3511)
4(1511 1512 1533 1532)
4(1532 1533 1554 1553)
4(1553 1554 1575 1574)
4(1574 1575 1596 1595)
4(1595 1596 1617 1616)
4(1616 1617 1638 1637)
4(1637 1638 1659 1658)
4(1658 1659 1680 1679)
4(1512 1513 1534 1533)
4(1533 1534 1555 1554)
4(1554 1555 1576 1575)
4(1575 1576 1597 1596)
4(1596 1597 1618 1617)
4(1617 1618 1639 1638)
4(1638 1639 1660 1659)
4(1659 1660 1681 1680)
4(1513 1514 1535 1534)
4(1534 1535 1556 1555)
4(1555 1556 1577 1576)
4(1576 1577 1598 1597)
4(1597 1598 1619 1618)
4(1618 1619 1640 1639)
4(1639 1640 1661 1660)
4(1660 1661 1682 1681)
4(1514 1515 1536 1535)
4(1535 1536 1557 1556)
4(1556 1557 1578 1577)
4(1577 1578 1599 1598)
4(1598 1599 1620 1619)
4(1619 1620 1641 1640)
4(1640 1641 1662 1661)
4(1661 1662 1683 1682)
4(1515 1516 1537 1536)
4(1536 1537 1558 1557)
4(1557 1558 1579 1578)
4(1578 1579 1600 1599)
4(1599 1600 1621 1620)
4(1620 1621 1642 1641)
4(1641 1642 1663 1662)
4(1662 1663 1684 1683)
4(1516 1517 1538 1537)
4(1537 1538 1559 1558)
4(1558 1559 1580 1579)
4(1579 1580 1601 1600)
4(1600 1601 1622 1621)
4(1621 1622 1643 1642)
4(1642 1643 1664 1663)
4(1663 1664 1685 1684)
4(1517 1518 1539 1538)
4(1538 1539 1560 1559)
4(1559 1560 1581 1580)
4(1580 1581 1602 1601)
4(1601 1602 1623 1622)
4(1622 1623 1644 1643)
4(1643 1644 1665 1664)
4(1664 1665 1686 1685)
4(1518 1519 1540 1539)
4(1539 1540 1561 1560)
4(1560 1561 1582 1581)
4(1581 1582 1603 1602)
4(1602 1603 1624 1623)
4(1623 1624 1645 1644)
4(1644 1645 1666 1665)
4(1665 1666 1687 1686)
4(1519 1520 1541 1540)
4(1540 1541 1562 1561)
4(1561 1562 1583 1582)
4(1582 1583 1604 1603)
4(1603 1604 1625 1624)
4(1624 1625 1646 1645)
4(1645 1646 1667 1666)
4(1666 1667 1688 1687)
4(1520 1521 1542 1541)
4(1541 1542 1563 1562)
4(1562 1563 1584 1583)
4(1583 1584 1605 1604)
4(1604 1605 1626 1625)
4(1625 1626 1647 1646)
4(1646 1647 1668 1667)
4(1667 1668 1689 1688)
4(1521 1522 1543 1542)
4(1542 1543 1564 1563)
4(1563 1564 1585 1584)
4(1584 1585 1606 1605)
4(1605 1606 1627 1626)
4(1626 1627 1648 1647)
4(1647 1648 1669 1668)
4(1668 1669 1690 1689)
4(1522 1523 1544 1543)
4(1543 1544 1565 1564)
4(1564 1565 1586 1585)
4(1585 1586 1607 1606)
4(1606 1607 1628 1627)
4(1627 1628 1649 1648)
4(1648 1649 1670 1669)
4(1669 1670 1691 1690)
4(1523 1524 1545 1544)
4(1544 1545 1566 1565)
4(1565 1566 1587 1586)
4(1586 1587 1608 1607)
4(1607 1608 1629 1628)
4(1628 1629 1650 1649)
4(1649 1650 1671 1670)
4(1670 1671 1692 1691)
4(1524 1525 1546 1545)
4(1545 1546 1567 1566)
4(1566 1567 1588 1587)
4(1587 1588 1609 1608)
4(1608 1609 1630 1629)
4(1629 1630 1651 1650)
4(1650 1651 1672 1671)
4(1671 1672 1693 1692)
4(1525 1526 1547 1546)
4(1546 1547 1568 1567)
4(1567 1568 1589 1588)
4(1588 1589 1610 1609)
4(1609 1610 1631 1630)
4(1630 1631 1652 1651)
4(1651 1652 1673 1672)
4(1672 1673 1694 1693)
4(1526 1527 1548 1547)
4(1547 1548 1569 1568)
4(1568 1569 1590 1589)
4(1589 1590 1611 1610)
4(1610 1611 1632 1631)
4(1631 1632 1653 1652)
4(1652 1653 1674 1673)
4(1673 1674 1695 1694)
4(1527 1528 1549 1548)
4(1548 1549 1570 1569)
4(1569 1570 1591 1590)
4(1590 1591 1612 1611)
4(1611 1612 1633 1632)
4(1632 1633 1654 1653)
4(1653 1654 1675 1674)
4(1674 1675 1696 1695)
4(1528 1529 1550 1549)
4(1549 1550 1571 1570)
4(1570 1571 1592 1591)
4(1591 1592 1613 1612)
4(1612 1613 1634 1633)
4(1633 1634 1655 1654)
4(1654 1655 1676 1675)
4(1675 1676 1697 1696)
4(1529 1530 1551 1550)
4(1550 1551 1572 1571)
4(1571 1572 1593 1592)
4(1592 1593 1614 1613)
4(1613 1614 1635 1634)
4(1634 1635 1656 1655)
4(1655 1656 1677 1676)
4(1676 1677 1698 1697)
4(1530 1531 1552 1551)
4(1551 1552 1573 1572)
4(1572 1573 1594 1593)
4(1593 1594 1615 1614)
4(1614 1615 1636 1635)
4(1635 1636 1657 1656)
4(1656 1657 1678 1677)
4(1677 1678 1699 1698)
4(189 1958 2586 2401)
4(377 2718 3653 3449)
5(566 2419 567 756 755)
4(755 756 945 944)
4(944 945 1134 1133)
4(1133 1134 1323 1322)
4(1322 1323 1512 1511)
4(1 1944 2361 1946)
4(378 2720 3654 3450)
5(567 2745 568 757 756)
4(756 757 946 945)
4(945 946 1135 1134)
4(1134 1135 1324 1323)
4(1323 1324 1513 1512)
4(2 2689 3364 2400)
4(190 2702 3655 2701)
5(379 3451 1970 3366 2721)
5(568 2746 569 758 757)
4(757 758 947 946)
4(946 947 1136 1135)
4(1135 1136 1325 1324)
4(1324 1325 1514 1513)
5(3 2690 3367 1751 3416)
4(191 2703 3368 1962)
6(380 2725 381 570 569 2726)
4(569 570 759 758)
4(758 759 948 947)
4(947 948 1137 1136)
4(1136 1137 1326 1325)
4(1325 1326 1515 1514)
5(4 5 193 192 2692)
5(192 193 382 381 2705)
4(381 382 571 570)
4(570 571 760 759)
4(759 760 949 948)
4(948 949 1138 1137)
4(1137 1138 1327 1326)
4(1326 1327 1516 1515)
4(5 6 194 193)
4(193 194 383 382)
4(382 383 572 571)
4(571 572 761 760)
4(760 761 950 949)
4(949 950 1139 1138)
4(1138 1139 1328 1327)
4(1327 1328 1517 1516)
4(6 7 195 194)
4(194 195 384 383)
4(383 384 573 572)
4(572 573 762 761)
4(761 762 951 950)
4(950 951 1140 1139)
4(1139 1140 1329 1328)
4(1328 1329 1518 1517)
4(7 8 196 195)
4(195 196 385 384)
4(384 385 574 573)
4(573 574 763 762)
4(762 763 952 951)
4(951 952 1141 1140)
4(1140 1141 1330 1329)
4(1329 1330 1519 1518)
4(8 9 197 196)
4(196 197 386 385)
4(385 386 575 574)
4(574 575 764 763)
4(763 764 953 952)
4(952 953 1142 1141)
4(1141 1142 1331 1330)
4(1330 1331 1520 1519)
4(9 10 198 197)
4(197 198 387 386)
4(386 387 576 575)
4(575 576 765 764)
4(764 765 954 953)
4(953 954 1143 1142)
4(1142 1143 1332 1331)
4(1331 1332 1521 1520)
4(10 11 199 198)
4(198 199 388 387)
4(387 388 577 576)
4(576 577 766 765)
4(765 766 955 954)
4(954 955 1144 1143)
4(1143 1144 1333 1332)
4(1332 1333 1522 1521)
4(11 12 200 199)
4(199 200 389 388)
4(388 389 578 577)
4(577 578 767 766)
4(766 767 956 955)
4(955 956 1145 1144)
4(1144 1145 1334 1333)
4(1333 1334 1523 1522)
4(12 13 201 200)
4(200 201 390 389)
4(389 390 579 578)
4(578 579 768 767)
4(767 768 957 956)
4(956 957 1146 1145)
4(1145 1146 1335 1334)
4(1334 1335 1524 1523)
4(13 14 202 201)
4(201 202 391 390)
4(390 391 580 579)
4(579 580 769 768)
4(768 769 958 957)
4(957 958 1147 1146)
4(1146 1147 1336 1335)
4(1335 1336 1525 1524)
4(14 15 203 202)
4(202 203 392 391)
4(391 392 581 580)
4(580 581 770 769)
4(769 770 959 958)
4(958 959 1148 1147)
4(1147 1148 1337 1336)
4(1336 1337 1526 1525)
4(15 16 204 203)
4(203 204 393 392)
4(392 393 582 581)
4(581 582 771 770)
4(770 771 960 959)
4(959 960 1149 1148)
4(1148 1149 1338 1337)
4(1337 1338 1527 1526)
4(16 17 205 204)
4(204 205 394 393)
4(393 394 583 582)
4(582 583 772 771)
4(771 772 961 960)
4(960 961 1150 1149)
4(1149 1150 1339 1338)
4(1338 1339 1528 1527)
4(17 18 206 205)
4(205 206 395 394)
4(394 395 584 583)
4(583 584 773 772)
4(772 773 962 961)
4(961 962 1151 1150)
4(1150 1151 1340 1339)
4(1339 1340 1529 1528)
4(18 19 207 206)
4(206 207 396 395)
4(395 396 585 584)
4(584 585 774 773)
4(773 774 963 962)
4(962 963 1152 1151)
4(1151 1152 1341 1340)
4(1340 1341 1530 1529)
4(19 20 208 207)
4(207 208 397 396)
4(396 397 586 585)
4(585 586 775 774)
4(774 775 964 963)
4(963 964 1153 1152)
4(1152 1153 1342 1341)
4(1341 1342 1531 1530)
4(1 1946 2364 1943)
4(2 2400 2590 2398)
4(190 2404 2591 2403)
4(1702 1985 2365 1982)
5(378 2412 2592 3047 2411)
4(377 2717 3369 2718)
4(190 2701 3370 2404)
4(379 2723 3371 2722)
5(378 2411 3537 3372 2720)
4(3 3416 3656 3414)
4(191 3433 3657 3432)
4(190 2403 3373 2702)
4(1702 1983 2370 1985)
4(1706 2429 2594 2426)
4(1706 2427 2595 2429)
4(1887 2949 3374 2480)
4(1759 2829 3375 2831)
4(1744 2091 2361 1944)
4(1713 2431 2597 1999)
4(1888 2953 3376 2951)
4(1761 2452 3377 2832)
6(191 1962 2363 2834 1764 3433)
5(380 1970 3516 2363 1962)
4(379 2722 3658 3451)
4(1743 1943 2364 2089)
4(1886 2083 2365 2147)
4(1741 1982 2365 2083)
4(1805 2152 2366 2029)
4(1886 2152 2367 2087)
4(1761 2454 2598 2452)
4(1887 2480 2599 2482)
4(1765 3491 3659 3489)
4(1888 2951 3378 2954)
4(1713 2000 3379 2431)
4(1743 2089 2370 1983)
4(1747 2097 2371 1988)
4(1823 2179 2372 2002)
4(1891 2114 2372 2179)
4(1814 2167 2373 2031)
4(1891 2179 2373 2167)
4(1823 2032 2373 2179)
4(1823 2180 2374 2032)
4(1892 2164 2374 2180)
4(1892 2180 2375 2107)
4(1823 2002 2375 2180)
4(2360 2495 2586 2450)
4(1957 2401 2586 2495)
4(378 3450 3660 2412)
5(567 2419 2587 3535 2410)
5(566 2409 3533 2587 2419)
4(2362 2497 2588 2455)
3(1960 2588 2497)
5(1746 2445 2589 3043 2397)
5(1889 2430 3051 2589 2445)
4(1706 2426 3380 2767)
4(1749 2449 2590 2400)
4(1890 2097 2590 2449)
4(1747 2398 2590 2097)
4(1767 2114 2591 2404)
4(1891 2460 2591 2114)
4(1766 2403 2591 2460)
5(1783 2466 3062 2592 2412)
4(1887 2482 3381 2950)
4(1761 2833 3382 2454)
4(1706 2767 3383 2427)
5(1889 2458 2593 3052 2430)
5(1764 2402 3045 2593 2458)
4(1814 2166 2594 2429)
4(1890 2449 2594 2166)
4(1749 2426 2594 2449)
4(1766 2460 2595 2427)
4(1891 2167 2595 2460)
4(1814 2429 2595 2167)
4(2360 2450 2596 2500)
4(2003 2503 2597 2431)
4(2362 2455 2597 2503)
4(1762 1999 2597 2455)
4(2104 2513 2598 2454)
4(2368 2498 2598 2513)
4(1960 2452 2598 2498)
4(2368 2513 2599 2501)
4(2104 2482 2599 2513)
6(379 2721 3363 3499 1785 2723)
4(568 2745 3363 2721)
5(567 2410 3536 3363 2745)
4(2397 3043 3364 2689)
4(2589 2828 3364 3043)
4(1749 2400 3364 2828)
5(1764 2834 3365 3531 2402)
4(2363 2835 3365 2834)
6(1765 3489 1961 3512 3365 2835)
4(380 2726 3366 1970)
4(569 2746 3366 2726)
4(568 2721 3366 2746)
4(4 2692 3367 2690)
4(192 2703 3367 2692)
5(191 3432 1751 3367 2703)
4(192 2705 3368 2703)
4(381 2725 3368 2705)
4(380 1962 3368 2725)
6(1759 2831 2099 3517 3369 2717)
4(1887 2950 3661 2949)
5(1783 2718 3369 3540 2466)
4(1961 2980 3370 2701)
4(2369 2837 3370 2980)
4(1767 2404 3370 2837)
4(1785 2864 3371 2723)
5(1888 2954 2112 3371 2864)
5(1765 2722 3371 2112 3491)
4(1761 2832 3662 2833)
6(1888 2864 3372 3518 2105 2953)
4(1785 2720 3372 2864)
4(1766 2836 3373 2403)
4(2593 3045 3373 2836)
4(2402 2702 3373 3045)
4(2099 3015 3374 2949)
4(2360 2500 3374 3015)
4(1957 2495 3375 2829)
4(2360 3015 3375 2495)
4(2099 2831 3375 3015)
4(2105 3020 3376 2953)
4(2362 2503 3376 3020)
4(2003 2951 3376 2503)
4(1960 2497 3377 2452)
4(2362 3020 3377 2497)
4(2105 2832 3377 3020)
4(2003 2987 3378 2951)
4(2369 3022 3378 2987)
4(2112 2954 3378 3022)
4(1767 2837 3379 2000)
4(2369 2987 3379 2837)
4(2003 2431 3379 2987)
4(1749 2828 3380 2426)
4(2589 3051 3380 2828)
4(2430 2767 3380 3051)
4(2104 3018 3381 2482)
4(2592 3062 3381 3018)
4(2466 2950 3381 3062)
4(2411 3047 3382 2833)
4(2592 3018 3382 3047)
4(2104 2454 3382 3018)
4(2430 3052 3383 2767)
4(2593 2836 3383 3052)
4(1766 2427 3383 2836)
4(1783 3497 3653 2718)
4(2587 3533 3653 3497)
4(2409 3449 3653 3533)
4(1785 3499 3654 2720)
4(3363 3536 3654 3499)
4(2410 3450 3654 3536)
4(2402 3531 3655 2702)
4(3365 3512 3655 3531)
4(1961 2701 3655 3512)
4(1751 3479 3656 3416)
4(1889 2445 3656 3479)
4(1746 3414 3656 2445)
4(1764 2458 3657 3433)
4(1889 3479 3657 2458)
4(1751 3432 3657 3479)
4(1765 2835 3658 2722)
4(2363 3516 3658 2835)
4(1970 3451 3658 3516)
4(2112 3022 3659 3491)
4(2369 2980 3659 3022)
4(1961 3489 3659 2980)
4(2410 3535 3660 3450)
4(2587 3497 3660 3535)
4(1783 2412 3660 3497)
4(2466 3540 3661 2950)
4(3369 3517 3661 3540)
4(2099 2949 3661 3517)
4(2105 3518 3662 2832)
4(3372 3537 3662 3518)
4(2411 2833 3662 3537)
4(168 356 357 169)
4(356 545 546 357)
4(545 734 735 546)
4(734 923 924 735)
4(923 1112 1113 924)
4(1112 1301 1302 1113)
4(1301 1490 1491 1302)
4(1490 1679 1680 1491)
4(169 357 358 170)
4(357 546 547 358)
4(546 735 736 547)
4(735 924 925 736)
4(924 1113 1114 925)
4(1113 1302 1303 1114)
4(1302 1491 1492 1303)
4(1491 1680 1681 1492)
4(170 358 359 171)
4(358 547 548 359)
4(547 736 737 548)
4(736 925 926 737)
4(925 1114 1115 926)
4(1114 1303 1304 1115)
4(1303 1492 1493 1304)
4(1492 1681 1682 1493)
4(171 359 360 172)
4(359 548 549 360)
4(548 737 738 549)
4(737 926 927 738)
4(926 1115 1116 927)
4(1115 1304 1305 1116)
4(1304 1493 1494 1305)
4(1493 1682 1683 1494)
4(172 360 361 173)
4(360 549 550 361)
4(549 738 739 550)
4(738 927 928 739)
4(927 1116 1117 928)
4(1116 1305 1306 1117)
4(1305 1494 1495 1306)
4(1494 1683 1684 1495)
4(173 361 362 174)
4(361 550 551 362)
4(550 739 740 551)
4(739 928 929 740)
4(928 1117 1118 929)
4(1117 1306 1307 1118)
4(1306 1495 1496 1307)
4(1495 1684 1685 1496)
4(174 362 363 175)
4(362 551 552 363)
4(551 740 741 552)
4(740 929 930 741)
4(929 1118 1119 930)
4(1118 1307 1308 1119)
4(1307 1496 1497 1308)
4(1496 1685 1686 1497)
4(175 363 364 176)
4(363 552 553 364)
4(552 741 742 553)
4(741 930 931 742)
4(930 1119 1120 931)
4(1119 1308 1309 1120)
4(1308 1497 1498 1309)
4(1497 1686 1687 1498)
4(176 364 365 177)
4(364 553 554 365)
4(553 742 743 554)
4(742 931 932 743)
4(931 1120 1121 932)
4(1120 1309 1310 1121)
4(1309 1498 1499 1310)
4(1498 1687 1688 1499)
4(177 365 366 178)
4(365 554 555 366)
4(554 743 744 555)
4(743 932 933 744)
4(932 1121 1122 933)
4(1121 1310 1311 1122)
4(1310 1499 1500 1311)
4(1499 1688 1689 1500)
4(178 366 367 179)
4(366 555 556 367)
4(555 744 745 556)
4(744 933 934 745)
4(933 1122 1123 934)
4(1122 1311 1312 1123)
4(1311 1500 1501 1312)
4(1500 1689 1690 1501)
4(179 367 368 180)
4(367 556 557 368)
4(556 745 746 557)
4(745 934 935 746)
4(934 1123 1124 935)
4(1123 1312 1313 1124)
4(1312 1501 1502 1313)
4(1501 1690 1691 1502)
4(180 368 369 181)
4(368 557 558 369)
4(557 746 747 558)
4(746 935 936 747)
4(935 1124 1125 936)
4(1124 1313 1314 1125)
4(1313 1502 1503 1314)
4(1502 1691 1692 1503)
4(181 369 370 182)
4(369 558 559 370)
4(558 747 748 559)
4(747 936 937 748)
4(936 1125 1126 937)
4(1125 1314 1315 1126)
4(1314 1503 1504 1315)
4(1503 1692 1693 1504)
4(182 370 371 183)
4(370 559 560 371)
4(559 748 749 560)
4(748 937 938 749)
4(937 1126 1127 938)
4(1126 1315 1316 1127)
4(1315 1504 1505 1316)
4(1504 1693 1694 1505)
4(183 371 372 184)
4(371 560 561 372)
4(560 749 750 561)
4(749 938 939 750)
4(938 1127 1128 939)
4(1127 1316 1317 1128)
4(1316 1505 1506 1317)
4(1505 1694 1695 1506)
4(184 372 373 185)
4(372 561 562 373)
4(561 750 751 562)
4(750 939 940 751)
4(939 1128 1129 940)
4(1128 1317 1318 1129)
4(1317 1506 1507 1318)
4(1506 1695 1696 1507)
4(185 373 374 186)
4(373 562 563 374)
4(562 751 752 563)
4(751 940 941 752)
4(940 1129 1130 941)
4(1129 1318 1319 1130)
4(1318 1507 1508 1319)
4(1507 1696 1697 1508)
4(186 374 375 187)
4(374 563 564 375)
4(563 752 753 564)
4(752 941 942 753)
4(941 1130 1131 942)
4(1130 1319 1320 1131)
4(1319 1508 1509 1320)
4(1508 1697 1698 1509)
4(187 375 376 188)
4(375 564 565 376)
4(564 753 754 565)
4(753 942 943 754)
4(942 1131 1132 943)
4(1131 1320 1321 1132)
4(1320 1509 1510 1321)
4(1509 1698 1699 1510)
4(2191 1946 2361 1894)
4(2365 1985 2253 1907)
4(1733 2054 2282 2051)
4(1795 2129 2305 2130)
4(2194 2095 2191 1894)
4(1851 2101 2228 2058)
4(2366 2147 2252 1909)
4(2253 2146 2252 1907)
4(2365 1907 2252 2147)
4(2221 2095 2267 1918)
4(1734 2058 2228 2061)
4(2295 1921 2256 2151)
4(2221 1918 2287 2056)
4(1733 2056 2287 2054)
4(1861 2129 2282 2054)
4(1795 2130 2291 2128)
4(2366 1909 2258 2029)
4(2219 1899 2221 2056)
4(1795 2127 2282 2129)
5(1917 2219 2056 1733 2051)
4(1734 2057 2291 2059)
6(2127 2248 1909 2252 2146 1831)
6(2248 2128 1833 2151 2258 1909)
4(189 1959 2202 1958)
4(2271 1913 2270 2030)
4(2270 2156 2319 1931)
4(2262 1913 2266 2044)
4(2270 1931 2321 2030)
4(2319 2156 2263 1930)
4(2319 1930 2230 2070)
4(2320 1931 2319 2070)
4(1864 2130 2305 2064)
4(2287 1918 2286 2054)
4(2270 1913 2262 2156)
4(1713 1999 2212 2001)
4(1713 2001 2279 2000)
4(1762 2106 2212 1999)
4(2343 1902 2202 1959)
4(2343 2102 2228 1902)
4(2347 1921 2294 2150)
4(1878 2061 2228 2102)
4(1878 2150 2294 2061)
4(2586 1958 2202 2377)
4(2519 2377 2202 2100)
4(2206 2390 2519 2100)
4(1739 2072 2236 2073)
4(2212 2106 2235 1932)
4(2330 2178 2329 3665)
6(2212 1932 2328 2177 2330 2001)
4(2330 3665 2375 2002)
4(2330 1938 2279 2001)
4(2372 1938 2330 2002)
4(1892 2107 3666 2076)
4(2235 2072 2328 1932)
4(2329 2076 3666 3665)
4(1739 2074 2328 2072)
4(2375 3665 3666 2107)
4(1767 2000 2279 2113)
4(1739 2073 2326 2071)
4(1872 2177 2328 2074)
4(1872 2178 2330 2177)
4(1739 2071 2324 2074)
4(2237 2113 2279 1938)
4(1867 2163 2326 2073)
4(2308 2169 2274 1926)
4(2308 1926 2297 2170)
4(2206 1922 2297 1997)
4(2297 1926 2274 1997)
4(2253 1985 2370 1917)
4(2370 2089 2219 1917)
4(1728 2039 2194 2044)
4(1800 2140 2271 2030)
4(1740 2079 2337 2078)
4(1800 2141 2337 2142)
4(1872 2142 2337 2079)
4(1740 2081 2340 2079)
4(1872 2079 2340 2178)
4(2340 1939 2334 2178)
4(2194 2039 2265 1911)
4(1728 2042 2265 2039)
4(2267 2095 2194 1911)
4(1837 2042 2260 2140)
4(1800 2142 2324 2140)
4(2337 1939 2338 2078)
4(2338 1939 2340 2081)
4(1740 2078 2338 2081)
4(1837 2161 2265 2042)
4(1837 2140 2324 2071)
4(1872 2074 2324 2142)
4(2337 2141 2321 1939)
4(2256 1908 2367 1987)
4(1805 2151 2256 1987)
4(2256 1921 2347 1986)
4(1805 1987 2367 2152)
4(1886 2087 2359 2083)
4(2359 2087 2190 1893)
4(2341 1942 2359 1893)
4(0 1940 2359 1942)
4(2367 1908 2190 2087)
4(1741 2083 2359 1940)
4(1886 2147 2366 2152)
4(2296 1922 2206 2168)
4(1734 2059 2296 2058)
4(1851 2058 2296 2168)
4(2345 2086 2190 1908)
4(2345 1908 2256 1986)
4(1800 2030 2321 2141)
4(2194 1894 2192 2044)
4(2361 2091 2192 1894)
4(1744 2090 2192 2091)
4(2371 2097 2230 1930)
4(2263 1910 2356 1989)
4(2371 1930 2358 1988)
4(2358 1930 2263 1989)
4(2373 1939 2321 2031)
4(2334 1939 2373 2032)
4(2356 1910 2192 2090)
4(1890 2070 2230 2097)
4(2321 1931 2320 2165)
4(1814 2031 2321 2165)
4(1814 2165 2320 2166)
4(1890 2166 2320 2070)
4(2286 1918 2267 2160)
4(1810 2162 2286 2160)
6(2260 2042 1728 2044 2266 1913)
4(2260 1913 2271 2140)
4(2267 1911 2265 2160)
4(1767 2113 2237 2114)
4(2372 2114 2237 1938)
4(1735 2064 2305 2063)
4(2327 2076 2329 1936)
4(2334 1936 2329 2178)
4(1861 2054 2286 2162)
4(1861 2162 2307 2063)
4(2192 1910 2262 2044)
4(2263 2156 2262 1910)
4(2274 2392 2565 1997)
4(2596 2450 2519 2390)
4(2567 2480 3374 2654)
4(2596 2390 2564 2500)
4(2574 2499 2565 2392)
6(2499 2574 2501 2599 2480 2567)
4(2567 2654 2564 2499)
4(3374 2500 2564 2654)
4(2206 1997 2565 2390)
4(2565 2499 2564 2390)
4(1810 2163 2307 2162)
4(1810 2160 2265 2161)
4(1810 2161 2326 2163)
4(1837 2071 2326 2161)
4(2297 1922 2296 2170)
4(1864 2170 2296 2059)
4(1852 2062 2229 2108)
4(1735 2065 2304 2064)
4(3663 2062 2310 2065)
4(1735 2063 2303 2065)
4(3663 2065 2309 2066)
4(2300 1929 2308 2170)
4(1960 2496 2378 2588)
4(2274 2169 2573 2392)
4(3663 2066 2229 2062)
4(1867 2110 2229 2066)
4(1763 2110 2236 2109)
4(1858 2072 2235 2106)
4(1858 2109 2236 2072)
4(1867 2073 2236 2110)
4(1867 2066 2307 2163)
4(1852 2169 2308 2062)
4(1864 2064 3664 2170)
4(2303 2063 2307 1928)
4(2303 1928 2309 2065)
4(2307 2066 2309 1928)
4(2308 1929 2310 2062)
4(2304 1929 3664 2064)
4(2300 2170 3664 1929)
4(2588 2378 2522 2455)
4(1762 2455 2522 2106)
6(2378 2523 2109 1858 2106 2522)
5(2456 2523 2378 2496 2208)
4(1763 2109 2523 2456)
4(1763 2456 2547 2108)
4(1852 2108 2547 2478)
4(1914 2478 2547 2490)
4(1914 2490 2548 2493)
4(1960 2498 2548 2496)
4(2208 2490 2547 2456)
4(2208 2496 2548 2490)
4(2368 2493 2548 2498)
4(1852 2478 2573 2169)
4(2574 2392 2573 2489)
4(1914 2489 2573 2478)
4(1914 2493 2574 2489)
4(2368 2501 2574 2493)
4(1763 2108 2229 2110)
4(2304 2065 2310 1929)
4(2364 1946 2191 1899)
4(2228 2101 2202 1902)
4(1795 2128 2248 2127)
4(1734 2061 2294 2057)
4(2364 1899 2219 2089)
4(1831 2051 2282 2127)
5(1831 2146 2253 1917 2051)
4(1833 2128 2291 2057)
4(1864 2059 2291 2130)
4(1833 2057 2295 2151)
4(1861 2063 2305 2129)
4(2221 1899 2191 2095)
4(1851 2100 2202 2101)
4(2295 2057 2294 1921)
4(1851 2168 2206 2100)
4(2586 2377 2519 2450)
4(1805 2029 2258 2151)
4(2341 1893 2190 2086)
4(1892 2076 2327 2164)
4(2374 1936 2334 2032)
4(2374 2164 2327 1936)
)


// ************************************************************************* //
