/*--------------------------------*- C++ -*----------------------------------*\
  =========                 |
  \\      /  F ield         | OpenFOAM: The Open Source CFD Toolbox
   \\    /   O peration     | Website:  https://openfoam.org
    \\  /    A nd           | Version:  13
     \\/     M anipulation  |
\*---------------------------------------------------------------------------*/
FoamFile
{
    format      ascii;
    class       labelList;
    note        "nPoints:32223  nCells:25585  nFaces:81666  nInternalFaces:71073";
    location    "constant/polyMesh";
    object      neighbour;
}
// * * * * * * * * * * * * * * * * * * * * * * * * * * * * * * * * * * * * * //


71073
(
55
413
414
3122
3123
59
62
64
3127
3128
17544
17545
17546
23982
23985
23986
23988
66
71
72
3134
3135
3136
75
78
427
3141
3142
3143
82
84
3150
3151
86
3156
3157
94
96
98
17396
17397
17398
111
166
179
17403
17404
17405
115
170
186
17409
17410
17411
119
174
520
3183
3925
3926
3927
24003
24006
24007
24009
24010
24013
24015
24016
180
199
3190
3191
3192
128
187
203
25214
25215
25216
132
521
538
25222
25223
25224
136
193
209
3197
3198
3199
140
197
216
3204
3205
3206
144
223
539
17424
17425
17426
146
210
226
3215
3216
3217
148
217
229
16632
16633
16634
150
221
231
3221
3222
154
236
239
17430
17431
17432
160
243
246
17438
17439
17440
182
248
257
17445
17446
17447
189
250
260
17452
17453
25347
25350
25352
25353
253
264
523
3233
3234
3235
200
258
3243
3244
3245
205
261
283
3250
3251
17999
18000
18001
24073
24076
24078
24079
265
285
541
17459
17460
17461
212
271
290
25228
25229
25230
219
277
599
17466
17467
17468
224
286
309
3257
18090
18091
18092
24101
24104
24105
24107
24108
24111
24113
24114
227
291
310
17473
17474
17475
230
312
600
615
616
617
237
331
337
17479
17480
17481
244
341
343
17487
17488
17489
273
3276
3277
278
347
350
3280
3281
293
348
358
3286
3287
351
359
602
17493
17494
17495
298
353
361
3297
3298
24181
24182
24183
24184
302
355
364
17501
17502
17503
306
357
367
17508
17509
17510
316
362
376
3307
3308
3309
318
365
377
17515
17516
17517
320
368
378
17522
17523
17524
322
372
380
17529
17530
17531
375
384
3314
3315
3316
381
3323
3324
385
394
3327
3328
389
395
3332
3333
402
404
3350
3351
3352
332
405
408
3357
3358
3359
336
407
410
16639
16640
53
54
412
3366
3367
3368
55
413
3373
3374
3375
55
414
3382
3383
3384
17536
17537
17538
57
58
60
6630
6631
6635
6636
19012
19013
19017
19018
19019
19020
19024
19025
59
62
6683
6684
6687
6689
17543
17544
17547
19033
19034
19037
19039
19040
19041
19045
19046
59
64
805
806
17543
17545
17548
19068
19069
19072
19074
17543
17544
17545
62
64
6831
6832
6834
6835
6836
6837
6840
6842
6843
6844
6848
6849
63
65
428
3407
3408
6882
6883
6885
6886
6887
6888
6891
6892
19131
19132
19135
19136
66
71
3412
3413
846
847
848
66
72
17550
17551
17552
17557
17558
17559
3438
3439
3440
69
70
73
909
3445
3446
3449
3453
3454
3457
19264
19265
19269
19270
19271
19272
19276
19277
75
427
3445
3446
3447
78
427
3453
3454
3455
428
3459
3460
428
3462
3463
3464
75
78
939
3489
3491
3494
17564
17566
17569
19306
19307
19310
19312
19313
19314
19318
19319
76
3475
3476
17564
17565
17566
79
3480
3481
3482
80
441
3486
3489
3490
3491
3497
3498
3499
82
84
3504
3505
3506
83
85
3511
3512
3515
86
3519
3520
3521
441
3528
3529
3530
86
3535
3536
17571
17572
17573
88
89
3540
3541
91
3544
3545
3546
91
3554
3555
3556
92
93
95
3561
3562
3563
3568
3569
3570
94
96
17578
17579
17580
94
98
3574
3575
3576
17585
17586
17587
96
98
3579
3580
3581
17592
17593
17594
99
153
3590
3591
3595
3596
3597
158
3608
3609
101
159
3614
3615
3616
161
3621
3622
3623
111
166
3627
104
112
167
3628
3629
115
170
3632
3633
3634
106
116
171
17599
17600
17601
119
174
17606
17607
17608
108
120
3638
3639
3640
123
3645
3646
3647
111
179
3651
3652
3653
113
126
181
3658
3659
3660
3664
3665
3666
115
186
3671
3672
3673
128
187
3678
3679
3680
117
129
188
17613
17614
17615
3685
3686
3687
119
520
1206
17599
17601
17603
19754
19755
19758
19760
19761
19762
19765
19766
132
521
17620
17621
17622
121
133
522
1219
1220
19817
19818
19822
19823
1239
17606
17608
17610
19845
19846
19850
19851
19852
19853
19856
19857
123
16643
16644
16645
136
193
1252
1253
19929
19930
19933
19935
124
137
194
17627
17628
17629
3692
3693
3694
140
197
17634
17635
17636
141
198
3699
3700
3701
128
203
3708
3709
3710
130
143
204
3714
3715
3716
17641
17642
17643
132
538
17648
17649
17650
144
539
17655
17656
17657
134
145
540
1320
20111
20112
20116
20117
20118
20119
20122
20124
1339
1340
17620
17622
17625
17648
17650
17653
20146
20147
20151
20152
136
209
1346
1347
20174
20175
20178
20180
146
210
1353
1354
20202
20203
20206
20208
138
147
211
3726
3727
24209
24210
24211
24212
1371
1372
20230
20231
20235
20236
140
216
17662
17663
17664
148
217
3738
17689
17693
17694
17844
17845
17848
24237
24238
24239
24240
24241
24245
24246
24247
142
149
218
17669
17670
17671
17676
17677
17678
3745
3746
150
221
17683
17684
17685
144
223
3752
3753
3754
3759
3760
3761
146
226
20447
20448
20451
20453
20454
20455
20458
20460
20461
20462
20466
20467
1446
1447
20489
20490
20494
20495
148
229
3771
17690
17693
17695
17865
17866
17869
24272
24273
24274
24275
24276
24280
24281
24282
17689
17690
17693
150
231
17697
17698
17699
17704
17705
17706
155
3791
3792
156
157
240
3797
3798
3799
158
3810
3811
3812
3817
3818
3823
3824
160
243
17711
17712
17713
160
246
3835
3836
3837
3842
3843
3844
161
3849
3850
3851
17718
17719
17720
3862
3863
3864
164
176
574
3869
3870
3871
166
179
3877
3878
3879
182
248
17725
17726
17727
168
183
249
3888
3890
17886
17887
17889
24346
24350
24351
24352
3895
3896
3897
170
186
17732
17733
17734
189
250
3906
3908
24374
24378
24379
24380
172
190
251
3913
3915
24388
24392
24393
24394
17739
17740
17741
174
520
25432
25433
25434
253
523
1683
10384
10385
10388
10390
20881
20882
20885
20887
524
3920
3921
3924
3925
3926
180
199
3932
3933
3934
182
257
1714
3869
3871
3874
4264
4265
4269
20923
20924
20927
20929
20930
20931
20934
20936
200
258
3940
3941
3942
184
201
259
3947
3948
3949
17893
17894
17896
17746
17747
17748
3954
3955
3956
187
203
17753
17754
17755
3962
3963
17445
17446
17448
17725
17727
17729
24423
24427
24428
24429
189
260
17760
17761
17762
205
261
17767
17768
17769
191
206
262
17774
17775
17776
17780
17781
17782
17787
17788
17789
521
538
17614
17615
17618
17795
17796
17797
17802
17803
17804
264
523
25236
25237
25238
265
541
25243
25244
25245
266
525
542
25250
25251
25252
522
3985
3986
3987
197
216
3992
3993
3994
524
3999
4000
219
277
526
17809
17810
17811
4004
4005
4006
4010
4011
4014
4015
4016
4024
4025
4026
205
283
4031
4032
4033
17998
17999
18002
207
222
284
1788
17851
17852
17854
18005
18006
18008
21147
21148
21152
21153
21154
21155
21159
21160
17815
17816
17817
223
539
17822
17823
17824
17830
17831
17832
285
541
25257
25258
25259
224
286
17838
17839
25368
25371
25373
25374
225
287
543
25264
25265
25266
522
25271
25272
25273
540
25278
25279
25280
217
229
16650
16651
16652
17844
17846
17849
17865
17867
17870
214
525
542
4058
4060
4062
4064
25221
25224
25226
25227
25228
25229
25231
25445
25447
25449
219
526
599
4059
4060
4061
4085
4087
4090
230
544
600
1800
1803
1805
1806
1895
1896
1898
25277
25280
25282
25283
25333
25334
25336
220
601
4066
4067
4068
4073
4074
4075
17844
17845
17846
221
231
4080
4081
4085
4086
4087
297
4091
4095
4096
224
309
17851
17852
17853
17858
17859
17860
1854
16985
16986
16989
16990
17851
17853
17855
21280
21281
21285
21286
227
310
4100
4101
4102
540
4111
4112
4113
543
4118
4119
4120
230
312
544
4125
4126
4127
17865
17866
17867
1895
1896
1897
4140
4141
237
331
4144
236
239
4145
237
337
4149
4150
238
241
339
21336
21337
21341
21342
21343
21344
21348
21349
21350
21351
21355
21356
4158
4159
4166
4167
4168
244
341
21392
21393
21396
21398
21399
21400
21403
21405
21406
21407
21411
21412
4173
4174
243
246
17872
17873
17874
244
343
4185
18159
18160
18163
24570
24573
24575
24576
25529
25532
25534
25535
245
344
4190
4191
4198
4199
4200
17438
17440
17442
17712
17713
17716
17872
17874
17876
1984
1986
17487
17488
17490
21483
21484
21487
21488
247
345
17878
17879
17880
4217
4218
4219
4228
4229
574
4232
4233
4234
250
260
17886
17887
17888
2029
17886
17888
17890
21532
21533
21537
21538
21539
21540
21543
21544
253
264
2034
2035
17041
17042
17045
17047
254
267
4239
4240
4241
11884
11885
11888
11889
11890
11891
11894
11895
21560
21561
21564
21565
273
4248
4249
4250
256
274
346
4255
4256
278
347
4260
4261
574
4264
4265
4266
4271
4272
4273
261
283
17893
17894
17895
4278
4279
17887
17888
17891
24626
24629
24631
24632
4285
4286
17893
17895
17897
24654
24657
24659
24660
265
285
17900
17901
17902
268
288
4297
4298
4299
17907
17908
17909
17914
17915
17916
271
290
17921
17922
17923
273
16657
16658
16659
293
348
17928
17929
17930
275
294
349
17935
17936
17937
524
4309
4310
4311
525
25425
25426
25427
277
526
599
17942
17943
17944
17970
17972
17975
17949
17950
17951
278
350
17956
17957
17958
351
602
17935
17936
17938
17963
17965
18166
18167
18170
25389
25392
25394
25395
279
352
603
25285
25286
25287
17970
17971
17972
17977
17978
17979
298
353
16664
16665
16666
281
299
354
17984
17985
17986
302
355
17991
17992
17993
303
356
593
4324
4325
17998
17999
18000
286
309
18005
18006
18007
18012
18013
18014
4335
4336
18005
18007
18009
24682
24685
24687
24688
291
310
18019
18020
18021
293
358
4346
4347
4348
295
311
4356
4357
4358
542
25292
25293
25294
543
18026
18027
18028
312
544
600
25299
25300
25301
18033
18034
18035
359
602
18039
18040
18041
313
16671
16672
16673
314
360
604
18046
18047
18048
601
4377
4378
603
18054
18055
18056
302
364
18061
18062
18063
318
365
605
4383
4384
18117
18118
18121
18208
18209
18212
24752
24756
24757
24758
304
319
366
18068
18069
18070
18075
18076
18077
306
367
4389
4390
4391
320
368
18082
18083
18084
307
321
369
4396
4397
4398
593
4402
4403
322
372
4407
4408
4409
323
373
4412
4413
18089
18090
18091
4416
4417
4418
313
4428
4429
4430
4435
4436
4437
4446
4447
4448
316
376
18096
18097
18098
601
4455
4456
604
18102
18103
18104
318
377
605
18109
18110
18111
18117
18118
18119
320
378
18124
18125
18126
18131
18132
18133
322
380
4490
4491
4492
4498
4499
4500
384
4502
4503
325
329
403
332
405
4505
327
333
406
4507
4508
4509
336
407
4513
4514
4515
331
337
4519
4520
4521
332
408
4525
4526
334
340
409
18138
18139
18140
4533
4534
4535
4540
4541
336
410
4546
4547
4548
342
411
18145
18146
18147
4553
4554
4555
4560
4561
4562
18151
18152
18153
4576
4577
4578
341
343
4583
18159
18161
18164
24885
24889
24890
24891
25543
25546
25548
25549
342
4594
4595
4596
4603
4604
17487
17489
17491
24920
24923
24925
24926
4616
4617
4618
18159
18160
18161
345
4626
4633
4634
347
350
4638
4639
4642
4643
351
359
4646
4647
4648
4653
4654
18166
18167
18168
353
361
4658
4659
24951
24952
24953
24954
4676
4677
24979
24980
24981
24982
355
364
18173
18174
18175
18180
18181
18182
357
367
18187
18188
18189
593
4687
4688
4689
4694
4696
4697
4698
362
376
4706
4707
4708
603
4713
4714
25014
25015
25016
25017
604
4720
4721
4722
365
377
605
18193
18194
18195
18201
18202
18203
18208
18209
18210
368
378
18215
18216
18217
18221
18222
18223
18229
18230
18231
372
380
18235
18236
18237
374
383
4764
4765
4766
4771
4772
4773
18243
18244
18245
375
384
18250
18251
18252
387
4779
4780
4781
4787
4788
4789
4798
4799
4800
4803
4804
4805
18257
18258
18259
381
4815
4816
4817
18263
18264
18265
4829
4830
4831
385
394
4836
4837
4838
387
4843
4844
18271
18272
18273
4851
4852
4853
389
395
4858
4859
4860
4865
4866
391
396
4878
4879
4880
4890
4891
4892
397
4897
4898
398
4907
4908
4909
393
399
4914
4915
4916
401
4929
4930
4931
4938
4939
4946
4947
398
4955
4956
4957
4966
4967
4968
4979
4980
4981
401
4986
4987
4988
402
404
5007
5008
5009
5014
5015
5016
5024
5025
405
408
5033
5034
5035
5041
5042
5043
5048
5049
5050
407
410
5054
5055
5057
5058
5061
5062
5063
411
5069
5070
5072
5073
5075
5076
413
414
16677
16678
16681
16682
16683
758
763
5082
747
755
759
5083
748
761
765
5085
5086
5087
762
786
787
5100
5101
5102
766
797
801
5107
5108
785
796
814
5110
5111
5112
798
813
817
5115
5116
5117
845
857
5120
5121
800
826
846
5124
5125
5126
802
849
5131
5132
827
850
858
5135
5136
879
919
921
5139
5140
16688
16689
16690
16695
927
933
945
5144
5145
5146
888
928
5151
5152
5153
889
925
934
16697
16698
16699
892
930
936
18278
18279
18280
931
5160
5161
5162
914
929
955
5168
932
958
962
5169
920
935
970
5170
5171
974
977
5173
5174
956
5178
5179
5180
957
971
978
18285
18286
18287
959
975
980
18292
18293
18294
16706
16707
979
1002
5197
5199
5200
981
1005
1007
5202
5203
1012
1013
1024
5206
5207
5208
993
1003
1014
18299
18300
18301
1004
5215
5216
1017
5221
5222
1006
1018
5231
5232
5233
1033
1038
1042
5238
5239
1000
1015
1034
5243
5244
5245
1016
5250
5251
1019
1036
1043
18306
18307
18308
1037
1057
1060
5257
5258
1076
1077
1085
5260
5261
5262
1059
1073
1078
5266
5267
5268
1081
5272
5273
1101
1106
1114
25439
25440
25441
1067
1079
1102
18313
18314
18315
5278
5279
5280
1080
1100
1115
5285
5286
5287
1068
1103
1107
18320
18321
18322
1082
1104
1117
25558
25559
25560
1118
5292
5293
5294
1187
1190
1197
5298
1224
1228
1236
5300
5301
5302
1150
1188
1237
5307
5308
5309
1151
1226
1240
5314
5315
5316
1189
1230
1241
5321
5322
5323
1163
1225
1266
5330
5331
5332
1227
1264
1269
5336
5337
5338
1325
1329
1337
5342
5343
5344
1191
1338
5349
5350
5351
1192
1327
1341
5356
5357
5358
1296
1331
1342
5363
5364
5365
1358
1361
1369
5370
5371
5372
1229
1326
1370
5377
5378
5379
1231
1359
1373
5384
5385
5386
1328
1363
1374
5391
5392
5393
1390
1391
1397
5398
5399
5400
1360
1393
1402
5410
5411
5412
1435
1439
1444
5417
5418
5419
1330
1420
1445
5427
5428
5429
1332
1437
1448
5435
5436
5437
1421
1440
1449
5442
5443
5444
1462
1466
3782
5449
5450
5451
1362
1436
3783
5464
5465
5466
1364
1464
3786
5475
5476
5477
1438
1468
3787
5482
5483
5484
1392
1463
1496
5490
5491
5492
1394
1499
3789
5497
5498
5499
1465
1494
1500
5503
5504
5505
1467
1515
5508
1469
1514
1516
5509
1524
1528
1540
5510
5511
5512
1086
1526
1531
5516
5517
1527
1565
1567
5525
5526
1570
1577
1587
18327
18328
18329
1116
1529
1571
18334
18335
18336
1530
1588
5533
5534
5535
1119
1574
1579
5540
5541
5542
1532
1575
1591
18341
18342
18343
1640
1642
1656
5553
5554
5555
1616
1647
1658
5564
5565
5566
1664
1665
1678
5570
5571
1641
1670
1680
5578
5579
5580
1696
1700
1706
5584
1724
1731
3960
18348
18349
18350
1618
1725
5586
5587
1619
1697
3961
5597
5598
5599
1728
1735
5604
5605
5606
1620
1729
3964
18355
18356
18357
1699
1736
3965
5611
5612
5613
3967
3974
17801
18362
18363
18364
1169
1644
3968
18369
18370
18371
1170
1726
3975
18376
18377
18378
518
519
1645
1727
17402
17405
17407
17408
17802
20798
20800
20801
20994
20996
20997
1171
3971
3978
18383
18384
18385
1648
3972
17805
18361
18363
18365
18367
18368
18371
18373
18374
20813
20814
20815
1730
3979
17806
18361
18364
18366
18367
18375
18378
18380
18381
18389
18390
18391
25433
25434
25435
17621
17622
17623
18396
18397
18398
25305
25306
25307
18403
18404
18405
18410
18411
18412
25445
25446
25447
17809
17810
17812
18417
18418
18419
1267
1747
1763
5624
5625
1270
1765
4002
5627
1768
1773
1778
5628
5629
1701
1771
1781
5631
5632
5633
1793
4037
17829
18438
18439
18443
18444
18445
18446
18450
18451
18452
18453
18457
18458
21176
21177
21179
1286
1733
4038
18425
18426
18427
1769
1794
5637
5638
5639
1734
1770
17830
18432
18433
18434
1287
1797
4041
18439
18440
18441
1737
4042
17833
18446
18447
18448
1772
1798
17834
18453
18454
18455
17649
17650
17651
18459
18460
18461
25312
25313
25314
18473
18474
18475
25319
25320
25321
544
18461
18463
18464
18465
25250
25252
25254
25292
25293
25295
25320
25322
25324
25325
25326
25327
25328
4125
4126
4128
18475
18477
18478
18479
25299
25300
25302
25328
25330
25331
25332
1399
1764
1830
5643
5644
1400
1809
1832
5647
5648
5649
1403
1831
1834
5653
5654
1844
1852
5657
5658
5659
1795
1845
5663
5664
5665
1796
1837
1853
5669
5670
5671
1799
1848
1856
18481
18482
18483
557
1865
4110
4117
11061
11062
11064
18487
18488
18492
18493
18494
18495
18499
18500
557
1422
4111
17423
17424
17427
17428
18467
18487
18489
18491
18492
20441
20443
20444
1846
1866
16710
16711
16712
557
1847
4118
17423
17426
17427
17429
18468
18494
18497
18498
18500
1424
1867
4114
18488
18489
18490
4115
4121
18471
1849
1868
4122
18495
18496
18497
1814
1907
3784
5681
5682
5683
1883
1909
3785
5687
5688
5689
1815
1884
1910
5692
5693
5694
1497
1833
4143
5700
5701
1498
1908
5703
5704
1501
5706
5707
1929
1937
5709
1953
1958
1963
5711
1912
1956
1965
5713
1999
5716
5717
5718
573
1589
2000
4199
11699
11700
11701
17437
17438
17441
17442
18508
18510
18512
18513
1590
5723
5724
5725
1997
2005
4200
18502
18503
18504
1593
2001
2003
18509
18510
18511
2002
2007
4203
5715
5717
5719
5721
11713
11714
11716
18501
18503
18505
18507
21498
21499
21501
17388
17389
17390
1628
2011
2015
5738
1657
2010
2028
5739
5740
5741
1659
2026
2031
5744
5745
1679
2025
2043
5748
2058
2064
5749
5750
1707
2059
5734
5754
5755
5756
1710
2062
2067
16717
16718
16719
2080
4277
4284
18516
18517
18518
2013
3962
4278
18523
18524
18525
2060
3963
4285
18530
18531
18532
2014
2061
2081
18537
18538
18539
3966
4281
4288
18515
18516
18519
18520
18522
18524
18526
18528
18529
18531
18533
18535
2016
2082
4282
18544
18545
18546
2063
2083
4289
18551
18552
18553
2149
2150
2159
5765
5766
1756
2130
2151
5770
5771
5772
2056
2131
2160
5777
5778
5779
2134
2154
2164
18558
18559
18560
16723
16724
2188
2195
5785
5786
5787
1779
2066
2189
18565
18566
18567
1780
2196
5792
5793
5794
1782
2192
2198
18572
18573
18574
2068
2193
5803
5804
5805
17467
17468
17469
18578
18579
18580
25333
25334
25335
18585
18586
18587
17493
17494
17499
18039
18041
18045
18592
18593
25417
25420
25421
25423
25340
25341
25342
18599
18600
18601
18109
18110
18115
18193
18194
18199
18606
18607
18608
2252
2256
18053
18614
18615
18616
2152
5828
5829
1824
2257
18579
18621
18622
18623
611
2153
17465
17468
17469
17471
18054
18580
18627
18630
18631
18633
2155
2254
18057
18628
18629
18630
2259
18058
18583
18613
18616
18618
18619
18620
18623
18624
18626
22247
22248
22251
1838
2197
2305
5839
5840
5841
2199
2309
5846
619
620
2366
2372
4460
5848
5849
5853
5854
13044
13045
13047
17105
17106
17108
619
1896
2367
5848
5850
5852
5853
22514
22515
22517
25334
620
1897
2373
4436
5848
5851
5852
5854
13052
13053
13054
619
620
4437
4461
25335
1900
2369
5849
5850
5851
2370
4464
25338
2374
4440
4465
17112
17113
17115
2258
2368
2388
5856
5857
5858
2260
2386
2391
5862
5863
2371
2392
5865
2489
2496
4568
18635
18636
18637
1916
2493
4572
18642
18643
18644
2434
2498
4573
5881
5882
5883
2494
2499
5888
5889
5890
2519
2543
2545
5893
1964
2491
2547
5896
5897
5898
1966
2550
5904
2495
2551
2556
5908
5909
5910
2559
2563
5915
5916
5917
1985
2560
4604
18649
18650
18651
1986
2548
2564
18656
18657
18658
2549
2571
4605
18663
18664
18665
1989
2561
2566
18670
18671
18672
2562
2572
4608
18677
18678
18679
2552
2567
16727
16728
16729
2106
2575
2577
2581
2586
2592
5922
5923
2137
2582
5926
5927
2138
2574
2587
5931
5932
5933
2141
2584
2590
16734
16735
16736
2602
4675
5937
5938
5939
2161
2603
5944
5945
2162
2583
4676
18684
18685
18686
2165
2605
4679
18691
18692
18693
2585
2612
4680
5953
5954
5955
2178
2604
2619
5961
5962
5963
2179
2618
2622
5968
5969
5970
2240
2576
2637
5975
5976
2241
2640
5978
5979
2244
2639
2642
5981
5982
2702
2709
4749
18698
18699
18700
2279
2620
4750
18705
18706
18707
2280
2670
2703
18712
18713
18714
2621
2671
5985
5986
5987
2282
2706
4753
18719
18720
18721
2623
2710
4754
16741
16742
16743
2674
2707
2711
18726
18727
18728
2726
2733
2747
18733
18734
18735
2295
2631
2727
18740
18741
18742
2296
2734
4751
18747
18748
18749
2632
2748
4752
18754
18755
18756
2297
2730
2737
18761
18762
18763
2633
2731
2750
18768
18769
18770
2738
2751
4755
18775
18776
18777
2770
2771
5992
5993
2728
2772
5997
5998
5999
2729
6003
6004
2732
2775
2781
16748
16749
16750
2345
2641
2788
6009
6010
2648
2791
4462
6016
6017
6018
2789
2794
4463
6023
6024
2793
2795
4466
6032
6033
6034
2798
2805
6042
6043
2389
2677
2799
18782
18783
18784
2390
2792
2806
6048
6049
6050
2678
6055
6056
2393
2802
2808
18789
18790
18791
2681
2803
6061
6062
6063
2817
2831
4821
18796
18797
18798
2408
2704
4822
18803
18804
18805
2409
2800
2818
18810
18811
18812
2705
2801
2832
18817
18818
18819
2410
2821
4825
18824
18825
18826
2708
2833
4826
18831
18832
18833
2804
2822
2834
18838
18839
18840
2846
2853
2867
18845
18846
18847
2418
2735
2847
18852
18853
18854
2419
2854
4823
18859
18860
18861
2736
2868
4824
18866
18867
18868
2420
2850
2857
18873
18874
18875
2739
2851
2870
18880
18881
18882
2858
2871
4827
18887
18888
18889
2885
2891
2904
18894
18895
18896
2773
2886
6072
6073
6074
2848
2892
6079
6080
6081
2774
2849
2905
18901
18902
18903
2888
2895
6086
6087
6088
2776
2889
2906
18908
18909
18910
2852
2896
2907
18915
18916
18917
2925
2926
2933
6093
6094
6095
2787
2887
2934
6103
6104
6105
2890
2928
2935
6115
6116
6117
2819
2945
6122
6123
2823
2947
4942
6129
6130
6131
2953
2958
2964
6136
6137
6138
2855
2954
6143
6144
2856
2946
2965
6150
6151
6152
2859
2956
2966
6161
6162
6163
2948
2959
2967
6168
6169
2982
2987
2995
6174
6175
6176
2893
2983
6181
6182
6183
2894
2955
2996
18922
18923
18924
2897
2985
2999
18929
18930
18931
2957
2989
3000
6196
6197
6198
3021
3026
3039
18936
18937
18938
2927
2984
3040
6212
6213
6214
3023
3029
6219
6220
2929
3024
3043
6224
6225
6226
2986
3030
3044
18943
18944
18945
3056
6231
6232
2944
3022
3062
6240
6241
6242
3025
3058
3063
6252
6253
6254
3069
3073
3079
6258
6259
6260
2988
3065
3080
6264
6265
2990
3071
3081
6267
6268
6269
3066
3074
3082
6272
6273
3027
3089
6281
6282
3028
3070
3101
6290
6291
6292
3092
3096
6297
6298
6299
3031
3093
6304
6305
6306
3072
3097
6311
6312
6313
3090
3102
6324
6325
6326
3057
3091
6331
6332
6333
3104
6337
6338
6339
3108
3111
4524
6356
6357
3075
3109
6360
6361
2459
3095
3115
6365
6366
6367
2460
3107
3118
6370
6371
2462
3117
3119
6378
6379
2497
3110
6382
746
747
755
6400
6401
756
5080
6421
6422
6423
749
757
6428
6429
6430
749
6454
6455
6456
750
752
6465
6466
6467
759
18950
18951
18952
754
761
18957
18958
18959
753
764
6492
754
765
6496
6497
6498
768
6508
6509
770
6513
6514
6515
757
5081
6519
6520
759
6522
6523
767
773
6528
6529
6530
6535
6536
6537
6542
6543
6544
770
18964
18965
18966
771
774
18971
18972
18973
767
775
6558
6559
768
6564
6565
770
6569
6570
6571
772
777
6576
6577
6578
778
18978
18979
18980
795
18985
18986
18987
779
785
796
18992
18993
18994
18999
19000
19001
782
786
19006
19007
19008
783
797
25453
25454
25455
778
6588
6589
782
787
6596
6597
6598
778
6603
6604
781
800
826
6608
6609
6610
783
801
6615
6616
6617
6624
6625
6626
788
804
19013
19014
19015
789
828
6631
6632
6633
805
829
19020
19021
19022
791
19027
19028
19029
807
25460
25461
25462
6638
6639
6640
788
6647
6648
6649
791
6653
6654
6655
791
6669
6670
6671
814
19034
19035
19036
834
6684
6685
6686
794
815
835
19041
19042
19043
19048
19049
19050
6691
6692
6693
6698
6699
6700
819
838
6704
6705
6706
6718
6719
804
19055
19056
19057
807
19062
19063
19064
799
808
6725
6726
6727
811
813
805
6734
6735
6736
807
6741
6742
6743
809
6746
6749
6750
6751
814
19069
19070
19071
846
6735
6736
6739
6755
6757
6759
6761
19020
19021
19024
19075
19078
19079
19081
810
816
847
6755
6758
6760
6761
6765
6766
6767
19082
19085
19087
19088
19104
19105
19108
19076
19077
19078
811
817
19083
19084
19085
812
849
6756
6757
6758
821
853
6764
6765
6766
823
6770
6771
855
6774
6775
823
19090
19091
19092
819
3126
19097
19098
19099
821
3127
19104
19105
19106
823
19111
19112
19113
820
824
3129
19118
19119
19120
869
6792
6793
6794
825
870
6801
6802
6803
874
19125
19126
19127
875
6810
6811
6815
6816
825
877
16755
16756
16757
883
6820
6821
6822
829
6824
6825
6826
831
6828
834
6832
6833
846
6837
6838
6839
832
836
848
6844
6845
6846
833
850
6859
6860
6861
840
860
6866
6867
6868
862
6876
6877
6878
6883
6884
838
3126
19132
19133
19134
840
3128
6888
6889
6890
839
842
3130
6902
6903
6904
869
6908
6909
6910
844
871
6913
887
6916
6917
6918
843
888
6923
6924
844
890
6927
6928
894
6931
896
6932
852
859
6934
6935
6936
5125
5126
5129
6837
6839
6842
6940
6942
6944
6945
19138
19140
19142
19143
851
853
3127
6940
6943
6945
6946
19147
19148
19150
851
860
3128
6844
6846
6849
19138
19141
19143
19144
19161
19162
19164
855
6941
6942
6943
862
19139
19140
19141
856
863
3131
6933
6936
6938
6939
19153
19154
19156
19174
19175
19177
864
6948
6949
874
19146
19147
19148
865
876
6953
6957
6958
867
878
19153
19154
19155
859
6961
862
6962
864
6964
6965
6966
887
19160
19161
19162
866
889
925
19167
19168
19169
6977
6978
6979
867
891
19174
19175
19176
6990
6991
900
6995
6996
901
926
7000
7001
7002
903
19181
19182
19183
880
893
3125
19188
19189
19190
3126
7010
7011
7012
883
3129
19195
19196
19197
896
3130
7025
7026
7027
884
897
7032
7033
7034
878
880
899
3125
7052
7053
7057
7058
19208
19209
19212
19214
19216
19218
19220
3127
19202
19203
19204
881
7039
7040
7041
900
7046
7047
7048
883
3129
19209
19210
19211
903
3131
7045
7047
7050
7051
19154
19155
19158
19201
19204
19205
19207
885
904
7053
7054
7055
906
19216
19217
19218
7066
7067
907
913
918
7071
7072
7073
16762
16763
16764
910
7078
7079
7080
911
919
19223
19224
19225
890
891
892
893
899
3125
890
891
3128
6916
6918
6921
17556
17557
17561
17562
19160
19162
19165
894
19230
19231
19232
901
19237
19238
19239
896
3130
6927
6928
6930
7101
7103
7106
19229
19231
19234
19235
903
3131
19175
19176
19179
19236
19238
19241
19242
898
905
18279
18280
18281
19229
19232
19233
19235
19236
19239
19240
19242
898
906
7100
7101
7105
7106
7107
7108
7111
7112
19189
19190
19193
928
7087
7088
7089
908
914
929
7094
7095
7096
7101
7102
7103
910
7108
7109
7110
912
930
7086
7089
7091
7092
7093
7096
7097
7099
903
905
906
19257
19258
19261
19262
7115
7116
7117
934
19244
19245
19246
909
920
935
19251
19252
19253
7114
7116
7118
7119
19182
19183
19186
19243
19245
19247
19248
911
921
19258
19259
19260
912
936
19243
19246
19248
19249
19250
19253
19254
19256
19294
19295
19297
911
912
19217
19218
19221
19278
19279
19282
19283
915
922
19265
19266
19267
916
939
19272
19273
19274
911
912
923
940
7169
7170
7172
19252
19253
19254
19307
19308
19310
917
19279
19280
19281
924
7176
7177
7178
19223
19225
19227
19258
19260
19262
19264
19267
19268
19270
942
19271
19274
19275
19277
915
3132
7121
916
5142
7124
7125
955
7129
7130
7131
7138
7139
922
3132
7144
7145
7146
924
7149
7150
923
7155
7156
924
7158
7159
5142
7162
7163
7164
970
7169
7170
7171
7176
7177
926
7184
7185
7186
934
7190
7191
7192
938
946
19286
19287
19288
7194
7195
939
7199
7200
7201
942
7193
7194
7196
7197
7198
7200
7203
7204
18278
18279
18282
19285
19286
19289
19290
947
7208
7209
7210
943
948
7214
7215
7216
938
949
7221
7222
7223
7228
7229
7230
940
7235
7236
7237
942
19293
19294
19295
944
7244
7245
950
19300
19301
19302
942
955
7200
7201
7204
7292
7294
7297
19272
19274
19277
25466
25468
25470
25472
970
19307
19308
19309
951
957
971
19314
19315
19316
19293
19295
19298
19299
19300
19303
19304
19306
19308
19310
19311
953
958
25467
25468
25469
954
972
19321
19322
19323
946
949
7248
950
7251
7252
7262
7263
953
962
7266
7267
7268
950
7272
7275
7276
963
973
19328
19329
19330
964
7280
7281
966
19335
19336
19337
7285
7286
7292
7293
7294
7299
7300
7301
963
25565
25566
25567
966
7308
7309
7310
960
967
7315
7316
7317
969
975
7322
7323
7324
964
7325
7326
966
7329
978
19342
19343
19344
5196
7337
7338
7339
968
979
5197
7344
7345
7346
7351
7352
7353
969
980
19349
19350
19351
983
5198
7365
7366
7367
985
7372
7373
7374
7379
7380
973
7384
7385
7386
7391
7392
978
7394
7395
7396
982
7401
7402
985
7413
7414
7415
986
7420
7421
982
7424
7425
7426
19356
19357
19358
983
7431
7432
7433
985
19363
19364
19365
987
988
7444
7445
7446
989
19370
19371
19372
1002
19377
19378
19379
990
993
1003
19384
19385
19386
19391
19392
19393
991
994
19398
19399
19400
992
1005
19405
19406
19407
992
1007
7457
7459
7460
995
1008
19412
19413
19414
997
7465
7466
1010
7470
7471
7472
995
7477
7478
7479
997
7483
7484
7485
1014
19419
19420
19421
999
1000
1015
7496
7497
7498
7503
7504
1017
7510
7511
1001
1021
7515
7516
7517
1001
7520
7521
1034
7523
7524
5198
7526
7527
7528
1008
19426
19427
19428
7533
7534
1010
7537
7538
7539
1011
7544
7545
1010
1014
19433
19434
19435
1016
7549
7550
7553
7554
7555
1018
7559
1020
1025
7562
7563
7564
1020
1026
7570
7571
7572
19440
19441
19442
1021
19447
19448
19449
7577
7578
7579
16769
16770
16771
7584
7585
7586
1023
1027
19454
19455
19456
1028
16776
16777
16778
1034
7591
7592
7593
1029
1035
7598
1031
1036
19461
19462
19463
1025
1026
7608
7609
1028
7615
7616
1028
7620
7621
1031
1043
7628
7629
7630
7634
7635
7636
1032
1045
7641
7642
7643
7648
7649
7650
1047
7655
7656
7657
1058
7661
1039
1044
19468
19469
19470
7664
7665
7666
1045
7676
7677
7678
1047
19475
19476
19477
1041
1048
7689
7690
7691
1039
1050
1051
7696
7697
7698
1052
1056
7704
1054
1057
16783
16784
16785
1044
1050
7708
7709
1047
7713
7714
7715
1051
19482
19483
19484
1058
19489
19490
19491
1053
1059
1073
7725
7726
7727
16790
16791
16792
1054
1060
19496
19497
19498
1055
7732
7733
7734
1051
7738
7740
7741
7742
1061
1065
16797
16798
16799
1062
1074
19503
19504
19505
1064
19510
19511
19512
7754
7755
1061
7759
7760
7761
1064
7765
7766
7770
7771
1062
7776
7777
7778
1064
7783
7784
7785
1066
7793
7794
7795
1078
19517
19518
19519
1067
1079
7800
7801
7802
7806
7807
7808
1066
7821
7828
7829
1069
7834
7835
7836
1070
1071
7855
7856
7857
1102
7861
1072
1103
7862
7863
1072
1107
7865
7866
1111
7867
7868
7869
1074
7871
7872
1078
7875
7876
7877
1080
1100
7881
1083
1087
7884
7885
1083
1090
19524
19525
19526
19531
19532
19533
7888
7889
7890
1091
7895
7896
7897
7902
7903
7904
1084
1093
19538
19539
19540
1095
7914
7915
7916
1098
1104
7923
7924
7925
1087
1090
7929
7930
1089
1094
7932
7933
1095
7936
7937
7938
1096
1525
7943
7944
7945
1099
1526
7952
7953
7954
1095
7959
7960
7961
1115
7966
7967
1097
1116
1529
19545
19546
19547
1098
1117
19552
19553
19554
1099
1531
7976
7977
7978
7983
7984
7985
1534
7994
7995
7996
1122
1535
19559
19560
19561
1124
8003
8004
8005
1537
19566
19567
19568
8011
8012
1109
1120
19573
19574
19575
8016
8017
1111
8025
8026
8027
1124
8032
8033
8034
1112
1125
8039
8040
1109
1127
19580
19581
19582
1111
8049
8050
8051
1113
1129
8060
1131
19587
19588
19589
1132
1138
8071
8072
8073
8078
8079
8080
1135
8085
8086
1136
8090
8091
8092
1120
1127
19594
19595
19596
8097
8098
8099
1122
19601
19602
19603
1124
25474
25475
25476
8108
8109
8110
1126
1130
19608
19609
19610
1131
19615
19616
19617
8115
8116
8117
1126
1571
3607
3608
3610
3612
19559
19560
19563
19602
19603
19606
19621
19624
19625
19627
1133
1572
8122
8123
8124
19622
19623
19624
1135
8129
8130
8131
1137
1574
8121
8124
8125
8127
19608
19609
19612
19614
19617
19619
19620
1131
19629
19630
19631
1134
1578
8137
8138
1136
8146
8147
1137
1579
8151
8152
8153
25481
25482
25483
1139
8158
8159
8160
1581
8165
8166
8167
1140
1582
19636
19637
19638
8172
8173
8174
1141
19643
19644
19645
1584
8151
8153
8155
8164
8167
8168
8170
19635
19638
19639
19641
25480
25483
25485
25486
1139
8178
8183
8184
8185
1607
8190
8191
8196
8197
1143
1169
1644
8201
1172
1651
8202
8203
1147
1150
1188
8205
8206
1148
1198
1667
8210
8211
8212
1149
1200
8216
1155
1204
16804
16805
16806
1205
1673
19650
19651
19652
1207
8231
8232
8233
1155
8242
8243
8244
1153
1157
8248
8249
8250
1159
1163
1225
8255
8256
8257
1162
1226
8262
8263
8264
1158
8269
8270
8271
1237
19657
19658
19659
1160
1238
1692
19664
19665
19666
1162
1240
19671
19672
19673
8290
8291
8292
1164
1244
19678
19679
19680
1245
1694
8299
8300
8301
1165
8306
8307
8308
1247
19685
19686
19687
1164
8316
1266
8320
8321
8322
8327
8328
1167
1170
1726
8338
8339
8340
1176
1739
8348
8349
8350
1288
1740
8354
8355
1172
8363
8364
8365
1176
8370
8371
8372
1175
1179
8376
8377
8378
3968
8392
8393
8394
1182
1199
3969
19692
19693
19694
1184
1201
8400
8401
1186
3971
8405
8406
8407
3975
8421
8422
1183
1300
3976
19699
19700
19701
1185
1302
8429
8430
8431
1186
3978
8435
8436
8437
8442
8443
8444
1211
1306
8449
8450
8451
1212
17795
19706
19707
19708
1307
17796
19713
19714
19715
1214
8456
8457
8458
1309
8463
8464
8465
17798
19720
19721
19722
1193
1203
8470
8471
8472
1204
8477
8478
8479
1195
1208
8489
8490
8491
1193
1210
8496
8497
8498
1211
8502
1196
1215
8507
8508
8509
1217
8514
8515
8516
1218
1229
1326
8521
8522
8523
1221
1230
8528
8529
8530
1222
1327
8535
8536
8537
1203
1210
8542
8543
8544
1205
3174
19727
19728
19729
1212
3175
19734
19735
19736
1207
8554
8555
8556
1214
8561
8562
8563
1209
1216
3177
19741
19742
19743
1217
19748
19749
19750
1237
19755
19756
19757
18389
19762
19763
19764
1219
1239
18390
19768
19771
19773
19774
19775
19778
19779
19781
16811
16812
16813
1221
1241
19769
19770
19771
1223
18392
19776
19777
19778
1217
19783
19784
19785
1338
16818
16819
16820
18396
19790
19791
19792
1220
1339
17619
17622
17623
17625
18397
19796
19799
19801
19802
19803
19806
19807
19809
8568
8569
8570
1222
1341
19797
19798
19799
1223
18399
19804
19805
19806
19811
19812
19813
1251
1345
19818
19819
19820
1223
1252
19824
19827
19829
19830
25305
1223
1346
19831
19834
19836
19837
25306
1254
19825
19826
19827
1348
19832
19833
19834
19776
19778
19781
19804
19806
19809
19810
19813
19815
19816
25308
1232
1243
8575
8576
8577
1244
8582
8583
8584
1247
8589
8590
8591
1234
1248
8596
8597
8598
1232
1250
8603
8604
8605
1251
8610
8611
8612
1254
8617
8618
8619
1235
1255
8624
8625
8626
1257
8631
8632
8633
1258
8638
8639
1261
1264
8644
8645
8646
1262
1359
8651
8652
8653
1243
1250
19839
19840
19841
19846
19847
19848
1245
3182
19853
19854
19855
1242
1252
3183
19866
19869
19871
19872
1247
19860
19861
19862
1254
19867
19868
19869
1249
1256
3185
19838
19841
19843
19844
19852
19855
19856
19858
19916
19917
19919
24018
24019
24020
1257
19874
19875
19876
1266
19881
19882
19883
1746
19888
19889
19890
1259
1267
1747
19895
19896
19897
19902
19903
19904
1261
1269
19909
19910
19911
1263
1748
19916
19917
19918
1257
19923
19924
19925
1370
19930
19931
19932
1256
3985
19936
19939
19940
19942
1256
1260
1371
3986
19943
19946
19948
19949
25489
25490
25491
19937
19938
19939
1262
1373
19944
19945
19946
1263
3988
19922
19925
19927
19928
19986
19988
19990
19951
19952
19953
1275
1377
19958
19959
19960
1276
1750
19965
19966
19967
1378
1751
25488
25489
25490
1278
19972
19973
19974
1380
19979
19980
19981
1752
19986
19987
19988
1278
8662
8663
1271
1274
16825
16826
16827
19993
19994
19995
1276
20000
20001
20002
1272
8677
8678
8679
1278
20007
20008
20009
1273
1280
8684
8685
8686
1281
8690
8691
8692
8696
8697
1285
4002
8700
8701
8702
1281
8706
8707
8708
1398
16832
16833
16834
1763
20014
20015
20016
1283
1399
1764
20021
20022
20023
16839
16840
16841
1284
1401
8713
8714
8715
1285
1765
20028
20029
20030
8720
8721
8722
8729
8730
8731
1405
1766
20035
20036
20037
1406
8740
8741
1767
20042
20043
20044
1288
8745
8746
8747
1290
1292
8754
8755
8756
4038
8766
8767
8768
1293
1301
4039
8773
8774
8775
1295
4041
8785
8786
8787
1294
1795
8792
1295
1797
8795
8796
8797
1313
4052
8807
8808
8809
1419
4053
8814
8815
8816
4055
8825
8826
8827
1298
1310
8831
8832
8833
1319
1330
1420
8837
8838
8839
1322
1331
8844
8845
8846
1305
1312
8855
8856
8857
1307
17416
20049
20050
20051
1313
17417
20056
20057
20058
1309
8868
8869
8870
1315
8875
8876
8877
1311
1317
17419
20063
20064
20065
1318
8882
8883
8884
1338
8889
8890
8891
18459
20070
20071
20072
1320
1340
18460
20077
20078
20079
8896
8897
8898
1322
1342
16846
16847
16848
1324
18462
20084
20085
20086
1318
8903
8904
8905
18466
20091
20092
20093
1321
1422
18467
20098
20099
20100
8916
8917
8918
1323
1423
8923
8924
8925
1324
18469
20105
20106
20107
8930
8931
8932
1352
1425
20112
20113
20114
1353
18473
20078
20079
20081
20125
20128
20130
20131
20132
20134
20136
20137
1426
18474
20119
20120
20121
1355
20126
20127
20128
1428
16853
16854
16855
18476
20133
20134
20135
1333
1344
8937
8938
8939
1345
8944
8945
8946
1348
8951
8952
8953
1335
1349
8958
8959
8960
1333
1351
8965
8966
8967
1352
8975
8976
8977
1355
8982
8983
8984
1336
1356
8989
8990
8991
3724
8996
8997
8998
1362
1436
3725
9010
9011
9012
1363
3728
9019
9020
9021
1437
3729
9026
9027
9028
1344
1351
20140
20141
20142
20147
20148
20149
1343
1346
20153
20156
20158
20159
25222
1343
1353
20077
20078
20082
20160
20163
20165
20166
25223
1348
20154
20155
20156
1355
20161
20162
20163
1350
1357
20139
20142
20144
20145
25225
3724
20168
20169
20170
1370
20175
20176
20177
1350
20181
20184
20185
20187
25271
1350
1372
3726
20188
20191
20193
20194
25272
20182
20183
20184
1374
3728
20189
20190
20191
3730
20167
20170
20172
20173
25274
3724
20196
20197
20198
1445
20203
20204
20205
1357
20209
20212
20213
20215
25278
1357
1446
3727
20216
20219
20221
20222
25279
20210
20211
20212
1448
3729
20217
20218
20219
3730
20195
20198
20200
20201
25281
1365
1376
9033
9034
9035
1380
9046
9047
9048
1367
1381
9053
9054
9055
1365
3736
9060
9061
9062
3737
9075
9076
9077
3740
9085
9086
9087
1368
3741
9092
9093
9094
1383
9099
9100
9101
1384
1392
1463
9109
9110
9111
1387
1393
9116
9117
9118
1388
1464
9123
9124
9125
1376
3736
20224
20225
20226
20231
20232
20233
1375
1378
3197
20237
20240
20242
20243
20260
20261
20263
1375
3198
3738
20244
20247
20249
20250
1380
20238
20239
20240
3740
20245
20246
20247
1382
3200
3742
20223
20226
20228
20229
20287
20288
20290
1383
20252
20253
20254
1398
16860
16861
16862
1808
20259
20260
20261
1385
1400
1809
20266
20267
20268
20273
20274
20275
1387
1402
20280
20281
20282
1389
1810
20287
20288
20289
3736
20294
20295
20296
1409
1475
20301
20302
20303
1410
1819
20308
20309
20310
1476
1820
3739
20315
20316
20317
1412
20322
20323
20324
1478
3741
20329
20330
20331
1821
3742
20336
20337
20338
1395
1404
9130
9131
9132
1395
1408
9150
9151
9152
1409
9165
9166
9167
1412
9176
9177
9178
1396
1413
9183
9184
9185
1415
9189
9190
9191
1417
3789
9198
9199
1404
1408
20343
20344
20345
16867
16868
16869
1405
20350
20351
20352
1410
20357
20358
20359
1406
9202
9203
9204
1412
20364
20365
20366
1407
1414
20371
20372
20373
1415
9209
9210
9211
1830
20378
20379
20380
16874
16875
16876
1418
1831
20385
20386
20387
1415
20392
20393
20394
1496
20399
20400
20401
1832
20406
20407
20408
1416
1497
1833
20413
20414
20415
20420
20421
20422
1417
1499
20427
20428
20429
1418
1834
20434
20435
20436
9232
9233
9234
1503
1835
9243
9244
9245
1504
9250
9251
1836
9255
9256
9257
1845
9263
9264
1425
9270
9271
9272
1429
9280
9281
9282
1426
20441
20442
20443
1428
9300
9301
9302
1430
1431
9307
9308
9309
1445
20448
20449
20450
4111
20455
20456
20457
1432
1447
4112
20462
20463
20464
16881
16882
16883
1433
1449
20469
20470
20471
1434
4114
20476
20477
20478
1434
1867
9320
1452
1870
9324
9325
9326
1453
9330
9331
9332
1871
9335
9336
9337
1441
3769
9341
9342
9343
3770
9356
9357
9358
3773
9367
9368
9369
1443
3774
9374
9375
9376
1441
1451
9381
9382
9383
1453
9387
9388
1456
9394
9395
9396
1457
1467
9405
9406
9407
1459
1468
9413
9414
9415
1451
3769
20483
20484
20485
20490
20491
20492
1450
3215
3771
20496
20499
20501
20502
1450
1452
3216
9428
9429
9431
20462
20463
20466
20503
20506
20508
20509
3773
20497
20498
20499
1453
20504
20505
20506
1455
3218
3775
9448
9449
9451
20482
20485
20487
20488
1456
20511
20512
20513
1888
9427
9428
9429
9436
9437
9438
1460
9443
9444
1461
1889
9448
9449
9450
3769
20518
20519
20520
1482
1512
9455
9456
9457
1483
1892
3772
9462
9463
9464
1484
3774
20525
20526
20527
9471
9472
9473
1893
3775
9478
9479
9480
1470
1474
9485
9486
9487
1475
16888
16889
16890
1478
9504
9505
9506
1472
1479
9511
9512
9513
1470
1481
9518
9519
9520
1482
9531
9532
9533
1484
9542
9543
9544
1473
1485
9549
9550
9551
1487
9556
9557
9558
1488
1493
1513
9568
9569
1490
1494
9577
9578
9579
1491
1514
9584
9585
9586
1487
3782
20532
20533
20534
1496
20539
20540
20541
1907
3784
20546
20547
20548
1489
1498
1908
20553
20554
20555
3786
20560
20561
20562
1490
1500
20567
20568
20569
1492
3788
16895
16896
16897
1487
3782
20574
20575
20576
1515
9591
9592
9593
1909
3785
9598
9599
9600
3787
20581
20582
20583
1491
1516
9604
9605
9606
1492
3788
9611
9612
16902
16903
16904
1507
1517
9615
9616
1508
9619
9620
1509
9624
9625
9626
1518
9630
9631
9632
9636
9637
1507
9639
1509
9641
9642
9643
1502
1506
9646
9647
9648
20588
20589
20590
1503
9653
9654
9655
1508
20595
20596
20597
1504
9660
9661
9662
1509
20602
20603
20604
1505
1510
20609
20610
20611
9666
9667
4143
9669
9670
3789
9672
9673
1511
9675
9676
9679
9680
9684
9688
9689
20616
20617
20618
1511
9693
9694
9697
1515
9698
1517
9699
1518
9700
9701
9703
9704
1518
9706
9707
9709
9710
9711
1520
1541
1930
9712
9713
9714
1546
1935
9719
9720
9721
1523
1542
1954
9727
9728
9729
1552
1569
9733
9734
1553
1960
9738
9739
9740
1533
1544
20623
20624
20625
1534
9752
9753
9754
1537
9763
9764
9765
1538
1549
9774
9775
9776
1533
1551
20630
20631
20632
1535
20637
20638
20639
1552
9784
9785
9786
1537
9791
9792
9793
1539
1556
9783
9786
9787
9789
18342
18343
18344
20629
20632
20634
20635
20636
20639
20640
20642
1537
1539
1558
9816
9817
9820
9821
20623
20625
20627
20630
20632
20634
9803
9804
9805
1537
1539
1571
3809
3811
3813
3815
19559
19561
19564
20638
20639
20642
1559
1573
9810
9811
9812
9763
9765
9768
9791
9793
9796
9802
9804
9806
9807
19567
19568
19571
1562
1565
9817
9818
9819
1563
1575
9809
9812
9813
9815
1544
1551
16909
16910
16911
1546
3225
20644
20645
20646
1553
3226
16916
16917
16918
1550
1557
3228
20651
20652
20653
1558
25495
25496
25497
1566
9835
9836
9837
1974
20658
20659
20660
1560
1975
9842
9843
9848
9849
9850
1562
1567
9855
9856
9857
1564
1976
20665
20666
20667
1558
20672
20673
20674
1588
9862
9863
9864
4198
20679
20680
20681
1556
1557
1561
1589
4199
17710
17713
17715
17716
20687
20688
20689
9869
9870
9871
1563
1591
9861
9864
9866
9867
20671
20673
20675
20677
1564
4201
20651
20653
20656
20671
20674
20676
20677
20678
20681
20683
20684
1563
1564
9889
9890
9893
9894
20673
20674
20677
25496
25497
25500
1595
9876
9877
9878
1979
9883
9884
9885
1596
1980
20686
20687
20688
1568
9890
9891
9892
1597
9875
9878
9879
9881
20685
20687
20689
20690
1981
9882
9885
9886
9888
20665
20667
20669
20685
20688
20689
20691
21471
21472
21473
1568
9896
9897
9898
1568
9900
1588
9901
9902
1574
1575
1580
1594
9922
9923
9927
9928
18327
18328
18330
20707
20708
20710
1574
1575
3841
3842
3846
3847
18335
18336
18339
1581
9909
9910
9911
1595
9916
9917
9918
1584
5540
5541
5544
9908
9910
9913
9914
1597
9915
9917
9920
9921
18341
18342
18345
1585
1598
9923
9924
9925
1580
1600
9930
9931
9932
1582
9936
1584
9939
9940
9941
1584
1602
9930
9932
9934
9969
9970
9973
9974
9976
9977
9980
9981
20728
20729
20731
9949
9950
9951
1607
9956
9957
9958
1603
9963
9964
9965
9939
9941
9944
9948
9950
9952
9953
9955
9957
9959
9960
1604
9970
9971
9972
1605
9977
9978
9979
1594
1600
20693
20694
20695
20700
20701
20702
1591
1596
17717
17719
17721
17722
20715
20716
20718
25501
25503
25505
25506
9984
9985
9986
1597
18341
18343
18346
20692
20693
20696
20697
20699
20701
20703
20704
9991
9992
9993
1599
1601
25502
25503
25504
1602
20707
20708
20709
9998
9999
10000
2000
20714
20715
20716
9997
9999
10001
10002
20706
20707
20710
20711
20713
20715
20717
20718
1604
10010
10011
10012
1606
2001
20721
20722
20723
1602
10017
10018
10019
1606
2003
10030
10031
10032
20728
20729
20730
10037
10038
10044
10045
10046
10050
10051
10052
2004
10057
10058
10059
10063
10064
1610
1619
1697
10072
10073
1612
1707
5734
10074
10075
1634
1712
16923
16924
16925
1635
5735
10081
10082
10083
1713
5736
10088
10089
10090
1637
10095
10096
1715
10101
10102
10103
1621
1629
10111
1624
1631
10113
10114
1621
1633
10116
10117
1622
10121
1634
10124
10125
10126
1625
1638
10133
10134
10135
3887
10140
10141
10142
1725
10153
10154
1645
1727
3888
20735
20736
20737
1647
3891
20742
20743
20744
1729
3892
20749
20750
20751
1629
1633
10162
10163
1635
10166
10167
1632
1639
10173
10174
10175
3887
10180
10181
1657
2010
3889
10187
10188
10189
1658
3891
10194
10195
10196
2011
3893
10201
10202
10203
3887
20756
20757
20758
3961
20763
20764
20765
2012
20770
20771
20772
2013
3890
3962
17724
17727
17729
17730
20776
20779
20781
20782
20783
20786
20788
20789
21505
21506
21509
10208
10209
10210
3892
3964
20777
20778
20779
2015
3893
20784
20785
20786
1649
1660
10215
10216
10217
1654
1662
10226
10227
10228
1649
3905
20791
20792
20793
10233
10234
10235
1651
10240
10241
10242
3906
20798
20799
20800
1653
10247
10248
10249
3909
20805
20806
20807
1655
3910
20812
20813
20814
3912
20819
20820
20821
1666
10254
10255
10256
3968
16930
16931
16932
1668
3913
3970
20826
20827
20828
10261
10262
10263
1670
3916
20833
20834
20835
3917
3972
20840
20841
20842
1660
3905
10268
10269
10270
3907
10281
10282
10283
3909
10290
10291
10292
1663
3911
10297
10298
10299
3912
10304
10305
10306
1679
2025
3914
10311
10312
1680
3916
10317
10318
10319
2026
3918
10324
10325
10326
1672
1681
10330
1672
1682
20847
20848
20849
10333
10334
10335
1673
3174
20854
20855
20856
1671
1683
3176
17738
17741
17742
17744
20826
20827
20830
20860
20863
20865
20866
1675
10340
10341
10342
1686
20861
20862
20863
1677
1687
3178
20846
20849
20851
20852
20853
20856
20857
20859
1688
10347
10348
10349
18389
20868
20869
20870
1689
1693
18391
20875
20876
20877
10361
10362
10363
10368
10369
10370
1691
10346
10349
10351
10352
18393
20867
20870
20871
20873
20874
20877
20878
20879
20896
20897
20900
1681
1682
10374
1684
10376
10377
1686
10379
10380
10381
1688
1688
16937
16938
16939
1687
3913
18403
20888
20890
20892
20893
2043
3914
10385
10386
10387
1690
2044
18404
20882
20883
20884
3916
20889
20890
20891
1691
16936
16938
16940
16942
18406
20881
20883
20885
20886
20896
20898
20901
10399
10400
1695
5617
16944
16945
16946
2047
5618
10405
10406
10407
5620
20896
20897
20898
1694
3182
10424
10425
10426
1695
3184
10430
10431
10432
1746
10441
10442
1755
10443
10444
10445
1702
1711
10450
10451
10452
1712
10461
10462
10463
1715
10467
10468
1704
1716
10471
10472
10473
1702
1718
10477
10478
1705
1722
10480
10481
10482
3946
10486
10487
10488
1734
1770
3947
20903
20904
20905
1736
3950
10505
10506
10507
1771
3951
10512
10513
10514
1711
1718
10519
10520
10521
1713
10527
10528
10529
1720
10534
10535
1715
10539
10540
1717
1723
20910
20911
20912
3946
20917
20918
20919
3961
20924
20925
20926
2059
20931
20932
20933
1717
2060
3948
3963
20944
20947
20949
20950
21568
21569
21572
20938
20939
20940
3950
3965
20945
20946
20947
2062
3952
20910
20911
20914
20916
20919
20921
20922
20930
20933
20935
20936
21576
21577
21579
3946
20952
20953
20954
10548
10549
10550
2065
10555
10556
10557
1779
2066
3949
20959
20960
20961
1781
3951
20966
20967
20968
2067
3952
20973
20974
20975
1738
17759
20980
20981
20982
10568
10569
10570
1739
20987
20988
20989
17760
20994
20995
20996
1742
10575
10576
10577
17763
21001
21002
21003
1743
17764
20979
20982
20984
20985
20986
20989
20990
20992
20993
20996
20997
20999
1738
17766
21008
21009
21010
10582
10583
10584
1740
10589
10590
10591
17767
21015
21016
21017
1742
10596
10597
10598
17770
21022
21023
21024
1744
17771
21029
21030
21031
17773
21036
21037
21038
3975
21043
21044
21045
4038
10603
10604
10605
1743
3977
4040
17752
17755
17757
17758
17774
21049
21052
21054
21055
10610
10611
10612
3979
17777
21035
21037
21039
21041
21042
21045
21047
21048
4042
17778
21050
21051
21052
1749
3181
10616
10617
3182
10621
10622
10623
1750
10628
10629
10630
1752
3185
16951
16952
16953
3984
10635
10636
1763
10641
10642
10643
1808
3986
21057
21058
21059
3988
21064
21065
21066
1811
3990
10650
10651
10652
1758
3181
10657
10658
3184
5617
10662
10663
10664
1760
5619
10669
10670
10671
1761
3187
5621
21071
21072
21073
3984
10682
10683
10684
1823
3987
18417
21078
21079
21080
2151
18418
21085
21086
21087
3989
18420
21092
21093
21094
1825
3990
10693
10694
10695
10703
10704
1766
10707
10708
1767
10710
10711
1830
10716
10717
4002
10719
10720
1774
4030
10723
10724
10725
1775
10734
10735
10736
4031
21099
21100
21101
4034
10745
10746
10747
1777
4035
21106
21107
21108
1774
1783
1786
10752
10753
10754
1794
10758
10759
1787
1796
1837
10763
10764
10765
1790
1798
21113
21114
21115
1783
4030
10776
10777
10778
4032
21120
21121
21122
10788
10789
4034
21127
21128
21129
1785
4036
21134
21135
21136
1786
10797
10798
10799
1789
1838
2197
10808
10809
10810
1792
2198
10816
10817
10818
4030
21141
21142
21143
1839
17837
21148
21149
21150
2201
4033
17838
21161
21164
21166
21167
21168
21170
21172
21174
22037
22038
22040
1840
2202
21155
21156
21157
4035
17840
21162
21163
21164
10823
10824
10825
2204
4036
21169
21170
21171
4051
17836
21176
21177
21178
10830
10831
10832
4053
16958
16959
16960
17837
21183
21184
21185
4055
21190
21191
21192
17840
21197
21198
21199
4057
17841
21204
21205
21206
1804
1805
1806
4058
16649
1827
1902
16652
21211
21212
21213
1804
1806
1828
4061
4065
4067
4069
4070
5813
10920
10921
10923
1805
1806
1903
4065
4068
4069
4071
5814
11259
11260
11262
1829
4063
10928
10929
10930
16654
21210
21212
21214
21215
1904
16655
21210
21213
21214
21216
21324
21325
21326
4064
5816
1818
3196
10837
10838
3197
21218
21219
21220
1819
10842
10843
10844
1821
3200
21225
21226
21227
3201
10850
10851
10852
1818
3196
10857
10858
10859
3198
3738
16650
21232
21233
21234
1820
3739
16965
16966
16967
1827
16652
16972
16973
16974
1821
3200
3742
21239
21240
21241
1829
3202
16654
21246
21247
21248
10868
1832
10871
10872
10873
1907
10878
10879
10880
10885
10886
10887
3196
10892
10893
3199
4059
21253
21254
21255
1828
4061
10900
10901
10902
3201
10907
10908
10909
1829
3202
4063
21260
21261
21262
1910
10915
10916
2257
10920
10921
10922
10927
10928
10929
10933
10934
1836
10938
10939
10941
10942
10943
1835
10947
10948
1836
10950
10951
4143
10955
10957
10958
1839
10960
10961
10962
1840
10963
10964
10965
1853
10969
10970
10971
2305
10976
10977
10978
1843
1855
2306
10982
10983
2308
10990
10991
1859
2311
10993
1850
4099
10995
10996
10997
4053
16979
16980
16981
11002
11003
11004
4054
4100
17857
17860
17861
17863
21266
21269
21271
21272
21273
21276
21277
21279
4057
4103
21267
21268
21269
1851
4104
21274
21275
21276
1861
11014
1863
1868
11018
11019
11020
1858
4099
11023
11024
11025
17837
21281
21282
21283
1856
3257
4101
17839
21287
21289
21291
21292
1859
3258
16986
16987
16988
4103
11022
11023
11026
11027
17841
18481
18483
18486
21280
21282
21284
21285
1860
3260
4105
21288
21289
21290
1861
11035
2314
11036
11037
1864
2315
11042
11043
11044
4099
11048
11049
1874
2318
4102
21295
21296
21297
1875
4104
11054
11055
11056
2319
4105
16993
16994
16995
1869
1873
11061
11062
11063
11067
11068
1871
11071
11072
11073
1875
11077
11078
11079
1877
4110
11086
11087
11088
1888
4112
11093
11094
11095
4114
11101
11102
11103
1879
1890
4116
11108
11109
11110
1877
4117
11117
11118
11119
2333
4120
21302
21303
21304
4122
11131
11132
11133
1880
2334
4123
11142
11143
11144
4124
11149
11150
11151
1905
2338
4127
11157
11158
11159
1906
4129
11168
11169
11170
2340
4130
11179
11180
11181
1891
1901
3214
11186
11187
11188
3215
3771
16651
17864
17865
17869
17870
21308
21310
21312
21313
21315
21317
21319
21320
1892
3772
17000
17001
17002
1902
16652
17007
17008
17009
1893
3218
3775
21309
21310
21311
1904
3219
16655
21316
21317
21318
1891
3214
11199
11200
3216
11203
11204
11205
1893
3218
11210
11211
11212
1906
3220
11217
11218
11219
11223
1909
11225
11226
11229
11230
11231
1901
3214
11236
11237
11238
1898
1899
3217
4125
1898
1903
11242
11244
11246
11247
11260
11261
11263
1899
1905
4127
11242
11245
11246
11248
11271
11272
11273
1904
3219
11235
11236
11239
11240
21323
21325
21328
1906
3220
4129
11235
11237
11239
11241
11274
11276
11279
11243
11244
11245
11250
1910
11254
11255
2367
11259
11260
11261
21323
21324
21325
2373
11270
11271
11272
11274
11275
11276
11281
11282
11284
11285
1938
2450
11290
1915
1921
1923
1931
1955
11294
11295
11296
1926
1932
11300
1927
1956
11302
11303
11304
1919
1922
11307
11308
11309
1924
1939
4570
11318
11319
11320
1926
1940
11325
1928
4572
11329
11330
11331
1925
1964
2491
21330
21331
21332
1927
1965
11342
11343
11344
1928
2493
11348
11349
11350
1945
4183
21337
21338
21339
1946
4583
21344
21345
21346
4184
4584
21351
21352
21353
1948
11362
11363
11364
4186
21358
21359
21360
4586
21365
21366
21367
1934
1944
11369
11370
11371
1935
3225
11378
11379
11380
1945
3227
21372
21373
21374
1948
11390
11391
1936
1949
3229
21379
21380
21381
11395
11396
1974
17014
17015
17016
1977
11403
11404
1944
11407
11408
11409
1942
3267
11418
11419
11420
1946
3268
21386
21387
21388
1948
11431
11432
11433
1943
1950
3270
11438
11439
11440
2515
11445
11446
1952
2517
11449
11450
11453
11454
11455
1984
21393
21394
21395
4603
21400
21401
21402
1951
1985
4604
21407
21408
21409
21414
21415
21416
1987
11460
11461
11462
1952
4606
11467
11468
11469
1991
2521
11473
11474
11475
2523
11478
11479
1959
4182
11482
11483
11484
1960
3226
11492
11493
11494
3227
4183
21421
21422
21423
4186
11505
11506
11507
1962
3230
4187
21428
21429
21430
1959
1967
1968
11512
11513
11514
4198
21435
21436
21437
1969
1997
4200
21442
21443
21444
1971
4202
11511
11513
11515
11517
21428
21429
21432
21434
21437
21439
21440
21441
21443
21445
21446
1967
4182
11533
11534
4184
21449
21450
21451
4186
11539
11540
11541
4188
11546
11547
1968
11551
4182
11554
11555
11556
1998
4210
11561
11562
11563
2553
4185
4211
21456
21457
21458
4187
4213
11553
11554
11557
11558
11560
11562
11564
11565
21455
21457
21459
21460
2554
4188
11573
11574
11575
1978
1990
3224
11580
11581
11582
3225
11586
11587
11588
1979
11592
1981
3228
11595
11596
11597
3229
11601
11602
1993
4197
11605
11606
11607
11612
11613
2000
4199
21463
21464
21465
4201
21470
21471
21472
1995
2002
4203
11621
11622
11623
1990
3224
4209
21477
21478
21479
1988
3227
4183
11627
11629
11631
11632
21393
21395
21398
24053
24054
24057
24570
24572
24575
1991
21484
21485
21486
1988
4185
4211
18656
18657
18659
21490
21493
21494
21496
24599
24600
24602
3229
11628
11629
11630
3230
4187
4213
21476
21478
21480
21482
1992
4215
21491
21492
21493
1993
11634
11635
11636
2560
11639
11640
11641
1996
2561
11648
11649
11650
4209
11655
11656
11657
2008
2569
4212
11662
11663
11664
2009
4214
11669
11670
11671
2570
4215
11676
11677
11678
1998
11685
11686
11687
2005
11691
11692
11694
11695
11698
11699
11700
2004
11707
11708
11709
2009
11713
11714
11715
2004
11721
11722
11723
11725
11726
11727
4210
11733
11734
11735
2008
3275
4212
11740
11741
11742
2009
4214
21498
21499
21500
5921
11751
11752
11753
11757
11758
11759
2017
11763
11764
2020
11766
5735
11773
11774
2018
21505
21506
21507
5737
11778
11779
11780
2020
11785
11786
11787
2021
2022
11791
11792
11793
2028
3889
17021
17022
17023
3890
4278
21512
21513
21514
2023
2030
4280
21519
21520
21521
3893
17028
17029
17030
2024
4282
21526
21527
21528
2024
2082
11810
2038
2085
11811
11812
11813
2087
11816
11817
2033
11819
2036
11821
11822
11825
11826
11827
3907
21533
21534
21535
2034
3908
17034
17037
17039
17040
17452
21546
21548
21550
21551
2038
17454
21540
21541
21542
2036
3911
17035
17036
17037
2037
2039
17456
21547
21548
21549
2043
3914
17042
17043
17044
3915
17048
17051
17052
17054
17907
21553
21555
21557
21559
2040
2045
11844
11845
11846
11847
11870
11871
11872
11891
11892
11895
17909
21553
21556
21558
21559
3918
17049
17050
17051
2042
17911
21554
21555
21556
2101
11851
11852
11853
2042
2104
11860
11861
11862
2050
2108
11869
11870
11871
2109
11875
11876
2111
17056
17057
17058
11885
11886
11887
2047
3233
21561
21562
21563
2050
3235
11891
11892
11893
2049
2052
3237
11907
11908
11909
2129
11914
11915
11916
2053
2056
2131
11920
11921
2055
2133
11925
11926
11927
2136
11933
11934
11935
2054
2137
11940
11941
11942
2055
2139
11951
11952
11953
2057
2143
11958
11959
2144
11964
11965
11966
2146
11971
11972
11973
2057
2160
11977
11978
2069
11984
11985
11986
5736
11991
11992
11993
2070
21568
21569
21570
5737
11998
11999
12000
2073
21575
21576
21577
2074
2076
21582
21583
21584
2069
12011
12012
12013
12018
12019
12020
2071
21589
21590
21591
2073
21596
21597
21598
2075
12030
12031
12032
17063
17064
17065
3948
4285
21603
21604
21605
2189
3949
21610
21611
21612
2077
2191
4287
21617
21618
21619
3952
21624
21625
21626
2078
4289
21631
21632
21633
2079
2193
21638
21639
21640
2078
2083
12037
12038
2090
2208
12043
12044
12045
2092
12048
12049
2209
12051
12052
2084
2089
12055
12056
12057
12061
12062
2087
12064
12065
2092
12068
12069
2094
4277
12075
12076
12077
2101
4280
12082
12083
12084
2096
2103
12092
12093
12094
4282
12098
12099
2098
2105
4283
21645
21646
21647
2094
4284
12108
12109
12110
2215
4287
12115
12116
12117
2097
2216
12124
4289
12126
12127
2099
2217
4290
12132
12133
12134
17899
21652
21653
21654
2115
2221
17902
21659
21660
21661
2116
12143
12144
12145
2222
12150
12151
12152
2118
17904
21666
21667
21668
2224
17905
21673
21674
21675
2107
2114
17451
21680
21681
21682
17454
21687
21688
21689
2109
12163
12164
12165
2116
12170
12171
12172
2111
17456
21694
21695
21696
2118
17457
21701
21702
21703
2113
2120
12177
12178
12179
2121
17906
21708
21709
21710
2136
17909
21715
21716
21717
12184
12185
12186
2123
2138
2574
21722
21723
21724
17911
21729
21730
21731
2125
2140
17912
21736
21737
21738
2127
2575
21743
21744
21745
2121
17913
21750
21751
21752
2239
17916
21757
21758
21759
12191
12192
12193
2124
2240
2576
21764
21765
21766
17918
21771
21772
21773
2126
2242
17919
21778
21779
21780
2127
2577
21785
21786
21787
17920
21792
21793
21794
2125
4363
17923
17934
17935
17938
17939
17963
21812
21814
21816
21818
2578
17964
21799
21800
21801
2579
4364
21806
21807
21808
17925
17966
21736
21738
21740
21791
21792
21795
21796
21798
21800
21802
21803
4366
17926
21813
21814
21815
2580
21820
21821
21822
2132
2133
2134
2142
3232
17941
2132
2133
3233
4308
4309
4312
4314
5618
11914
11916
11919
2132
2134
4308
4310
4312
4313
5619
5770
5772
5774
17942
2143
21827
21828
21829
3236
5622
17945
2146
3237
11926
11927
11930
21826
21828
21831
21832
21876
21877
21880
2147
17946
18559
18560
18561
21826
21829
21830
21832
2140
2142
3232
17962
21854
21855
21858
21860
21861
21862
21866
21867
3235
21834
21835
21836
2144
21841
21842
21843
17964
21848
21849
21850
2146
3237
21855
21856
21857
3238
17966
21737
21738
21741
21833
21836
21837
21839
21847
21849
21852
21853
2148
17968
21862
21863
21864
2147
2148
21875
21876
21880
21881
25284
2160
25509
25510
25511
2582
21869
21870
21871
2147
2148
2162
2583
17955
17958
17960
17961
22905
22906
22909
25286
21876
21877
21878
2164
21912
21913
21915
25288
25508
25511
25513
25514
2584
21862
21863
21866
21868
21871
21873
21874
22913
22914
22916
25290
2156
2166
12197
2156
16663
17070
17071
17072
17942
21883
21884
21885
12199
12200
16664
17944
17969
17972
17973
17975
21889
21892
21894
21895
21896
21899
21900
21902
16667
17946
21890
21891
21892
2158
16668
21897
21898
21899
2171
12209
12210
2172
2253
12212
2176
2254
12215
12216
12217
2166
16663
21904
21905
21906
12221
12222
12223
2167
12228
12229
12230
2165
16665
17976
17979
17980
17982
18684
18685
18687
21910
21913
21915
21916
12235
12236
12237
16667
21911
21912
21913
2170
12227
12230
12231
12233
16669
18692
18693
18694
21903
21906
21908
21909
21925
21926
21928
2171
12242
12243
12244
2603
12251
12252
12253
2173
2178
2604
21918
21919
21920
2175
12262
12263
2177
2605
21925
21926
21927
16663
21932
21933
21934
2180
2264
12268
12269
12270
2181
2607
21939
21940
21941
2265
2608
16666
21946
21947
21948
2183
12275
12276
12277
2267
16668
21953
21954
21955
2610
16669
25516
25517
25518
2181
12283
12284
12285
2184
4322
12292
12293
12294
2278
12302
12303
12304
2619
21960
21961
21962
2186
2279
2620
12309
12310
12311
12316
12317
2187
2622
12327
12328
12329
2624
12335
12336
2283
2625
12339
12340
12341
2627
4322
12350
12351
2200
2207
21967
21968
21969
4032
21974
21975
21976
2201
3251
4033
21981
21982
21983
2208
3252
21988
21989
21990
2204
4036
21995
21996
21997
2209
22002
22003
22004
2205
2210
3255
22009
22010
22011
2200
12355
12356
12357
12362
12363
12364
2202
22016
22017
22018
2204
22023
22024
22025
2206
12371
12372
12373
2211
22030
22031
22032
4335
22037
22038
22039
2305
22044
22045
22046
2212
2307
4337
22051
22052
22053
22058
22059
22060
2213
4339
22065
22066
22067
2309
12378
12379
12380
2211
12384
12385
2215
12387
12388
12389
12394
12395
2213
2218
12397
12398
12399
12402
12403
2228
2312
12405
12406
12407
2229
12412
12413
12414
2220
2227
3249
22072
22073
22074
3252
12421
12422
12423
2222
12428
12429
2224
3254
22079
22080
22081
2229
3255
12436
12437
12438
2226
2231
12443
12444
12445
2232
18011
22086
22087
22088
2239
18014
22093
22094
22095
12449
12450
12451
2234
2241
12456
12457
12458
18016
22100
22101
22102
2235
2243
18017
22107
22108
22109
2237
12463
12464
12465
2232
4334
22114
22115
22116
2322
4337
12470
12471
12472
4339
12484
12485
12486
2236
2323
4340
12491
12492
12493
2237
12498
12499
12500
18018
22121
22122
22123
2246
2326
18021
22128
22129
22130
2247
12504
12505
12506
2249
18023
22135
22136
22137
2327
18024
22142
22143
22144
12518
12519
12520
2245
4362
17458
22149
22150
22151
17461
22156
22157
22158
4364
22163
22164
22165
2247
22170
22171
22172
4366
17463
22177
22178
22179
2249
17464
22184
22185
22186
2251
4368
22191
22192
22193
4369
18025
22198
22199
22200
2344
18028
22205
22206
22207
2640
22212
22213
22214
2345
2641
4372
22219
22220
22221
18030
22226
22227
22228
2346
4374
18031
22233
22234
22235
2642
4375
22240
22241
22242
2261
2263
12524
12525
12526
2264
12529
12530
2267
12532
12533
12534
2268
12537
12538
2261
4381
12541
12542
12543
5813
12547
12548
12549
4382
5815
17077
17078
17079
4385
5817
22247
22248
22249
2262
4386
12558
12559
2270
12561
12562
2275
2386
12566
12567
2270
18053
22254
22255
22256
2278
22261
22262
22263
2269
2669
18055
18060
18062
18064
18066
21946
21947
21950
22274
22277
22278
22280
23031
23032
23035
2272
2280
2670
22268
22269
22270
18057
22275
22276
22277
2274
2281
22282
22283
22284
2276
2672
18059
22253
22256
22258
22259
22267
22270
22271
22273
22317
22318
22320
23046
23047
23049
4381
22289
22290
22291
2287
2395
12570
12571
12572
2288
2683
22296
22297
22298
2396
2684
4384
22303
22304
22305
2290
12577
12578
12579
2398
4386
22310
22311
22312
2686
4387
22317
22318
22319
2286
12584
12585
12586
12591
12592
12593
2283
22324
22325
22326
2288
22331
22332
22333
2290
12605
12606
12607
2285
2291
22338
22339
22340
4750
12620
12621
12622
2292
2296
4751
12627
12628
12629
2294
4753
12642
12643
12644
12649
12650
2407
12655
12656
12657
2703
22345
22346
22347
2293
2408
2704
22352
22353
22354
12662
12663
12664
2294
2706
22359
22360
22361
2300
4757
12682
12683
12684
2411
4758
12689
12690
12691
4760
12704
12705
12706
2298
12710
12711
2300
12713
12714
12715
2299
2302
12719
12720
2727
12722
2304
2730
12723
12724
2734
12729
12730
12731
2303
2418
2735
12734
12735
2304
2737
12740
12741
2421
2742
12746
12747
2744
12749
12750
22366
22367
22368
2311
3258
12755
12756
12757
2312
3259
22373
22374
22375
12762
12763
12768
12769
12770
3262
12775
12776
12777
2314
12781
12782
2322
12784
12785
2317
2329
3256
12790
12791
12792
3258
12797
12798
12799
2319
3260
12808
12809
12810
3262
12815
12816
2330
4415
12821
12822
12823
2333
4417
12828
12829
12830
4419
12843
12844
12845
2331
2335
4421
12850
12851
12852
2325
2329
3256
12861
12862
12863
3259
12867
12868
12869
2327
3261
12877
12878
12879
3262
12883
12884
2330
4415
12890
12891
12892
2344
4418
22380
22381
22382
4420
22387
22388
22389
2331
2347
4421
22394
22395
22396
2330
12908
12909
12912
12913
12914
2357
12920
12921
12922
2337
2356
17472
22401
22402
22403
2334
4441
4442
4443
4444
12828
12830
12833
17474
21302
21304
21307
22407
22409
22411
22412
2340
11143
11144
11147
12928
12929
12930
12931
12960
12962
12965
17476
22400
22401
22404
22405
2357
17478
22408
22409
22410
2342
2358
12937
12938
12939
2360
4434
22415
22416
22417
2373
4436
12944
12945
12946
2361
12955
12956
4438
12960
12961
12962
2363
2374
4440
22422
22423
22424
2364
12967
12968
2349
2356
17472
22429
22430
22431
17475
22436
22437
22438
2351
17084
17085
17086
2353
17477
22443
22444
22445
2357
17478
22450
22451
22452
2355
2359
12979
12980
12981
2360
4434
22457
22458
22459
4370
4437
4461
22464
22465
22466
2788
4372
22471
22472
22473
2362
2789
4463
22478
22479
22480
4374
4439
22485
22486
22487
2363
4440
4465
22492
22493
22494
2365
17091
17092
17093
2360
17098
17099
17100
12989
12990
12991
2364
12996
12997
2365
13000
13001
22499
22500
22501
2378
13005
13006
13007
2379
2790
13012
13013
13014
2380
22506
22507
22508
13019
13020
13025
13026
2375
4467
17105
17106
17107
5814
22513
22514
22515
4468
5815
22520
22521
22522
13032
13033
4471
5818
17104
17106
17108
17110
22512
22515
22516
22517
22519
22521
22523
22525
2376
4472
13038
13039
2375
2377
13044
13045
13046
13051
13052
13053
2380
17112
17113
17114
2382
13063
13064
13065
2384
13067
2382
4460
22527
22528
22529
13069
13070
13071
2794
4463
17119
17120
17121
4465
22534
22535
22536
2385
2795
4466
22541
22542
22543
4467
13086
13087
13088
2400
2796
4470
22548
22549
22550
2402
4472
13099
13100
13101
2797
4473
22555
22556
22557
2398
2394
13110
13111
13112
4382
4468
22562
22563
22564
2396
4384
22569
22570
22571
2400
4470
22576
22577
22578
2398
4386
22583
22584
22585
2402
4472
17126
17127
17128
2399
2403
22590
22591
22592
13117
13118
2407
13123
13124
13125
2799
22597
22598
22599
2404
2409
2800
13130
13131
13132
13137
13138
13139
2406
2802
22604
22605
22606
2806
22611
22612
22613
2405
2807
13155
13156
13159
13160
13161
2406
2808
13165
13166
13167
2414
2810
13176
13177
13178
2811
13182
13183
2813
13188
13189
13190
13199
13200
2411
13204
13205
13206
2414
13211
13212
13213
2413
2415
13226
13227
13228
4822
13237
13238
13239
2416
2419
4823
13244
13245
2417
4825
13252
13253
13254
2818
13257
13258
13259
2417
2821
13265
13266
2423
2825
13268
13269
2828
13272
13273
2421
13275
13276
2423
13278
13279
2422
2424
13281
13282
2847
13284
13285
2425
2850
13290
13291
2854
13293
13294
2425
2857
13296
2864
2428
2459
3095
13297
13298
2429
3098
13300
2464
3099
13302
13303
3102
13308
13309
2432
2482
3103
13312
13313
13314
2433
3104
13319
13320
2485
13322
13323
3105
13325
2436
2441
13326
13327
2443
2451
4571
17133
17134
17135
2447
4573
13338
13339
13340
2444
2460
3107
13346
13347
13348
2446
2461
13352
2448
3108
4524
13355
13356
13357
2445
2497
3110
13362
13363
13364
2447
2498
13369
13370
13371
2448
3111
4524
13375
13376
2469
2502
22618
22619
22620
2470
3112
22625
22626
22627
2503
3113
22632
22633
22634
2472
13387
13388
13389
2504
22639
22640
22641
3114
17140
17141
17142
2454
2468
13394
13395
2455
3267
13401
13402
13403
2469
3269
22646
22647
22648
2472
13410
13411
2457
2473
3271
22653
22654
22655
2475
13414
2515
13416
2476
2516
13418
2480
2518
13420
13421
13422
2463
2468
13427
13428
13429
2464
13436
13437
13438
2470
22660
22661
22662
2472
13446
13447
2467
2474
22667
22668
22669
2475
13451
13452
13453
3115
13462
13463
13464
2477
2483
3116
22674
22675
22676
2479
2484
13473
13474
13475
2481
3117
22681
22682
22683
2475
22688
22689
22690
2527
22695
22696
22697
3118
22702
22703
22704
2478
2528
13480
13481
13482
22709
22710
22711
2480
2529
22716
22717
22718
2481
3119
22723
22724
22725
17147
17148
17149
2486
2532
17154
17155
17156
2487
13487
13488
13489
2533
13494
13495
13496
2488
13501
13502
13503
2534
22730
22731
22732
3120
13508
13509
13510
2485
13522
13523
13524
2487
3363
13529
13530
13531
2488
13540
13549
2544
13553
13554
13557
13558
13559
13564
13565
2507
4582
22737
22738
22739
13572
13573
13574
4584
22744
22745
22746
13579
13580
13581
4586
22751
22752
22753
2508
13586
13587
13588
2509
4588
22758
22759
22760
2501
2507
22765
22766
22767
2503
13597
13598
13599
2504
22772
22773
22774
2508
13610
13611
13612
2506
13617
13618
13619
2510
4568
22779
22780
22781
2527
4571
22786
22787
22788
13624
13625
13626
4573
22793
22794
22795
2512
2530
4574
22800
22801
22802
13638
13639
13640
2510
17161
17162
17163
13648
13649
2513
2556
13653
13654
13655
4582
13661
13662
13663
2537
2557
4585
13668
13669
13670
2538
4587
13680
13681
13682
2558
4588
13687
13688
13689
2520
2531
3266
22807
22808
22809
3267
13697
13698
2532
13705
13706
2523
3270
13710
13711
13712
2534
3271
22814
22815
22816
2524
2535
13717
13718
13719
2540
4602
22821
22822
22823
2560
4604
17168
17169
17170
13729
13730
13731
4606
13736
13737
13738
2541
2543
13743
13744
13745
2542
2562
4608
22828
22829
22830
2531
2536
3266
13750
13751
13752
3269
22835
22836
22837
2533
13757
13758
13759
2534
3271
22842
22843
22844
2538
3272
17175
17176
17177
2540
13773
13774
13775
2544
13780
13781
13782
13787
13788
13789
22849
22850
22851
2541
2545
13793
13794
2540
4602
13800
13801
13802
2571
4605
13807
13808
4607
13816
13817
13818
2542
2572
4608
13823
13824
13832
13833
13834
4625
13840
13841
2573
13843
13844
4625
13847
13848
4625
13850
13853
13854
13855
4184
4584
22856
22857
22858
2553
4185
22863
22864
22865
2557
4585
22870
22871
22872
2554
4188
17182
17183
17184
2558
4588
22877
22878
22879
2555
17189
17190
17191
2564
17196
17197
17198
13859
2567
13862
13863
13864
2558
13867
13868
2571
13870
13871
13873
13874
2568
13879
13880
13881
22884
22885
22886
2570
13894
13895
13896
2573
13901
13902
13903
2568
13909
13910
4211
22891
22892
22893
2569
3275
4212
13915
13916
13917
2570
4215
22898
22899
22900
13922
13923
13924
13928
5921
13931
13932
13936
13937
13938
13944
13945
2573
13947
13948
13952
2578
13954
13955
2580
13957
13958
2579
13961
13962
2580
13964
13965
2587
13968
13969
13970
2637
13973
13974
13979
13980
2593
4657
13983
13984
13985
13990
13991
4658
22905
22906
22907
4661
22912
22913
22914
2594
4662
13998
13999
14000
2595
4657
22919
22920
22921
17964
22926
22927
22928
3290
4659
17965
18165
18167
18169
18170
22932
22935
22937
22938
22939
22941
22943
22944
2596
3292
14005
14006
14007
4661
17968
22933
22934
22935
2597
3294
4663
22940
22941
22942
2593
2595
2598
14017
2600
2612
14019
14020
2598
14023
14024
14025
2653
14029
14030
2601
2654
14040
14041
14042
4657
14050
14051
14052
2614
2657
4660
14057
14058
14059
2615
4662
14072
14073
14074
2659
4663
14079
14080
14081
2606
14089
14090
14091
14095
14096
2607
14100
14101
14102
2610
17203
17204
17205
4675
14111
14112
14113
2619
22947
22948
22949
2669
4677
22954
22955
22956
2621
2671
14118
14119
14120
4679
22961
22962
22963
2617
2673
4681
17210
17211
17212
2615
14131
14132
4675
14135
14136
2690
4678
14140
14141
14142
4680
14155
14156
14157
2617
2692
4681
14162
14163
14164
2695
14170
14171
2627
4322
14174
14175
14176
17217
17218
17219
2625
22968
22969
22970
14183
14184
14185
2627
17224
17225
17226
2628
14194
14195
14196
2630
14205
14206
14207
4750
22975
22976
22977
2629
2632
4752
14212
14213
14214
17231
17232
17233
4754
14223
14224
14225
2636
2713
14229
14233
14234
2634
14238
14239
14240
2636
14245
14246
14247
2635
14257
14258
14259
2727
14264
14265
14266
2731
14271
14272
2748
14275
4364
14281
14282
2643
3291
4365
14286
14287
14288
2645
4368
14296
14297
14304
14305
2644
14307
14308
2645
14310
14311
2647
4371
14314
14315
14316
2788
4372
14321
14322
4375
14328
14329
2662
3289
4726
22982
22983
22984
3291
5821
22989
22990
22991
4728
5822
22996
22997
22998
3293
4730
5825
22981
22982
22985
22986
22988
22990
22992
22993
22995
22997
22999
23001
3295
14341
14342
4732
14347
14348
2656
2662
3289
23003
23004
23005
3292
14353
14354
14355
2659
3294
23010
23011
23012
2661
2663
14374
14375
14376
2664
4712
14381
14382
14383
2690
4715
14388
14389
14390
2665
2691
14400
4717
14404
14405
14406
2666
2693
4718
23017
23018
23019
2667
14411
14412
2664
14416
14417
14418
2667
14427
14428
14429
4726
14434
14435
14436
2698
14446
14447
14448
2699
4731
23024
23025
23026
14461
14463
2682
2694
3296
14468
14469
14470
3297
23031
23032
23033
2683
23038
23039
23040
14475
14476
14477
2686
3300
23045
23046
23047
2695
3301
23052
23053
23054
2687
2696
14482
14483
14484
2682
2697
3296
23059
23060
23061
2679
3298
4383
4727
18207
18208
18212
18213
23072
23074
23076
23077
2684
4384
23066
23067
23068
4729
14489
14490
14491
2686
3300
4387
23058
23059
23062
23063
23065
23067
23070
23071
23101
23103
23106
2699
3302
4731
23073
23074
23075
2688
14496
14497
14498
14503
14504
14505
2703
23080
23081
23082
2799
23087
23088
23089
2700
2705
2801
23094
23095
23096
23101
23102
23103
2701
2707
17238
17239
17240
2803
14510
14511
14512
2694
2697
3296
14517
14518
14519
3299
14524
14525
14526
2698
14535
14536
2695
3301
14541
14542
14543
2699
3302
23108
23109
23110
14552
14553
14554
2701
2711
14557
14558
14565
14566
14567
14572
14573
14574
2718
2815
14579
14580
2719
14582
2717
4756
23115
23116
23117
23122
23123
23124
4758
23129
23130
23131
2718
23136
23137
23138
4760
23143
23144
23145
2719
23150
23151
23152
2720
4762
23157
23158
23159
2712
2717
14584
14585
2715
14588
2719
14590
14591
2721
4749
14594
14595
14596
2748
4752
14601
14602
2723
2749
14606
4754
14609
14610
2724
2751
4755
14613
14614
14615
2721
14621
14622
14623
2832
14626
14627
14631
14632
2725
2833
14635
14636
14637
4756
14643
14644
14645
2758
2836
4759
23164
23165
23166
2759
14650
14651
14652
2761
4761
23171
23172
23173
2837
4762
14662
14663
14664
2740
2753
23178
23179
23180
14674
14675
14676
2741
14681
14682
14683
14688
14689
14690
2744
23185
23186
23187
2754
23192
23193
23194
2745
2755
23199
23200
23201
2740
2757
23206
23207
23208
4757
23213
23214
23215
2742
23220
23221
23222
2738
2758
4759
18242
18245
18246
18248
18866
18867
18869
23233
23236
23237
23239
23312
23313
23315
2744
23227
23228
23229
2761
4761
18775
18776
18779
23205
23207
23209
23211
23212
23215
23216
23218
23318
23319
23322
2746
2762
23234
23235
23236
2764
23241
23242
23243
2772
17245
17246
17247
2847
23248
23249
23250
2765
2774
2849
23255
23256
23257
23262
23263
23264
2767
2775
23269
23270
23271
2768
2851
23276
23277
23278
2753
2757
23283
23284
23285
14695
14696
2759
14702
14703
2754
14708
14709
2761
23290
23291
23292
2756
2763
14713
14714
14715
2764
23297
23298
23299
14724
14725
2767
2781
14729
14730
14731
2769
14735
14736
14737
2764
23304
23305
23306
2868
23311
23312
23313
14741
14742
14743
2766
2869
14748
14749
14750
23318
23319
23320
2768
2870
23325
23326
23327
2769
14755
14756
14757
23332
23333
23334
2782
2873
14762
14763
14764
14775
14776
14777
2783
14782
14783
14784
2874
23339
23340
23341
14789
14790
14791
2777
14795
2777
17253
17254
17255
14797
14798
14799
2778
14804
14805
14806
2782
23346
23347
23348
2783
23353
23354
23355
2780
2784
23360
23361
23362
14818
14819
14820
2886
14825
14826
14827
2785
2787
2887
14831
14832
14833
2786
2889
23367
23368
23369
2783
14843
14844
2905
14848
14849
14851
14852
2786
2906
14854
14855
2909
4797
14858
2910
14860
14861
4797
14863
14864
14865
2790
14867
14868
2794
4469
4728
14879
14880
14881
2796
4470
14886
14887
14888
2797
4473
14897
14898
14899
14911
2797
14913
14914
2806
14916
14917
14918
14924
14925
2809
14931
14932
14933
23374
23375
23376
2810
23381
23382
23383
2815
23388
23389
23390
2813
23395
23396
23397
14938
14939
14940
2814
2816
14945
14946
14947
2809
14952
14956
14957
14958
2811
14963
14964
2813
14968
14969
14970
14980
14981
2818
23402
23403
23404
14986
14987
14988
2820
14993
14994
23409
23410
23411
2822
14999
15000
15001
2832
15007
15008
2834
15010
2824
2839
23416
23417
23418
23423
23424
23425
2826
15012
15013
15014
15019
15020
15021
2828
23430
23431
23432
2840
23437
23438
23439
2830
2841
23444
23445
23446
2842
4821
23451
23452
23453
2854
4823
23458
23459
23460
2945
15026
15027
15028
2843
2856
2946
23465
23466
23467
4825
23472
23473
23474
2844
2858
4827
23479
23480
23481
2845
2947
23486
23487
23488
2835
2839
15032
15033
15035
15036
2837
15039
15040
15041
2840
15044
15045
2842
4821
15048
15049
2868
4824
23493
23494
23495
4826
15062
15063
15064
2844
2871
4827
15069
15070
15071
2842
15077
15078
15081
15082
2845
4942
15084
15085
15087
15088
2877
2950
15091
15092
15093
2878
15102
15103
15104
2951
15108
15109
2860
2872
23500
23501
23502
23507
23508
23509
2861
15112
15113
15114
2873
23514
23515
23516
2864
23521
23522
23523
2874
23528
23529
23530
2865
2875
23535
23536
23537
2860
2876
23542
23543
23544
23549
23550
23551
2862
15119
15120
15121
2877
23556
23557
23558
2864
15126
15127
15128
2878
23563
23564
23565
2866
2879
23570
23571
23572
2880
23577
23578
23579
2892
15133
15134
15135
2954
15140
15141
15142
2881
2894
2955
23584
23585
23586
15147
15148
15149
2883
2896
23591
23592
23593
2884
2956
23598
23599
23600
2872
2876
15154
15155
15156
23605
23606
23607
15161
15162
2874
23612
23613
23614
2878
15170
15171
15172
2880
15181
15182
15183
2905
15188
15189
15190
15203
15204
15205
2883
2907
15210
15211
15212
2880
15221
15222
15223
2965
15228
15229
15230
15243
15244
15245
2884
2966
15250
15251
15252
15261
15262
15263
2913
2969
23619
23620
23621
2970
15273
15274
2915
15279
15280
15281
2972
23626
23627
23628
2898
2908
23633
23634
23635
15290
15291
15292
2909
15303
15304
15305
2901
15310
15311
15312
2910
23640
23641
23642
2902
2911
15317
15318
15319
2898
2912
23647
23648
23649
15324
15325
15326
2899
15331
15332
15333
2913
23654
23655
23656
2901
15338
15339
15340
2915
23661
23662
23663
2903
2916
23668
23669
23670
2918
23675
23676
23677
2983
15351
15352
15353
2919
2927
2984
23682
23683
23684
15358
15359
15360
2922
2928
23689
23690
23691
2923
2985
23696
23697
23698
2908
2912
15365
15366
15367
15372
15373
15374
2910
15387
15388
15389
2915
15394
15395
15396
2918
15405
15406
15407
2934
15412
15413
15423
15424
15425
2922
2935
15430
15431
15432
2918
23703
23704
23705
2996
23710
23711
23712
2921
2997
15448
15449
15450
23717
23718
23719
2923
2999
23724
23725
23726
2924
15455
15456
15457
23731
23732
23733
2937
3003
23738
23739
23740
15462
15463
15464
3004
15469
15470
15471
2939
23745
23746
23747
3006
23752
23753
23754
15476
15477
15478
2930
4927
15482
15483
2930
2936
15486
15487
15488
2937
15501
15502
15503
2939
15512
15513
15514
2932
2940
15519
15520
15521
2941
15526
15527
15528
2942
2944
3022
15536
15537
15538
2943
3024
15548
15549
15550
2936
4927
15555
15556
15557
4797
15560
15561
2939
15567
15568
15569
2941
15574
15575
15576
3040
23759
23760
23761
3041
15586
15587
15588
23766
23767
23768
2943
3043
23773
23774
23775
4927
15598
15599
15600
3046
4936
15604
15605
3047
15616
15617
15618
4936
15622
15628
15629
2950
23780
23781
23782
2951
23787
23788
23789
2949
2952
15636
2959
4944
2965
15640
15641
15642
4942
15644
15645
2967
4944
15647
2960
2968
15650
15651
15652
15657
15658
2969
15666
15667
15668
2972
15677
15678
15679
2962
2973
15684
15685
15686
2960
2975
15690
15691
2976
15693
2977
15696
15697
2978
2988
3065
15703
15704
2980
2989
15707
15708
15709
2981
15713
15714
2968
2975
15717
15718
15719
15724
15725
15726
2972
15738
15739
15740
2976
15745
15746
15747
2977
23794
23795
23796
2996
23801
23802
23803
15756
15757
15758
2979
2998
15763
15764
15765
23808
23809
23810
2980
3000
23815
23816
23817
15770
15771
15772
2977
15776
15777
15778
4944
15782
15788
15789
15790
3010
3067
15795
15796
15797
3011
15802
15803
15804
3012
23822
23823
23824
15810
15811
2991
3002
15819
15820
15821
15826
15827
15828
3003
23829
23830
23831
3006
23836
23837
23838
2993
3007
15844
15845
15846
2991
3009
15851
15852
15853
3010
15866
15867
3012
15875
15876
15877
2994
3013
15882
15883
15884
3015
15889
15890
15891
3016
3028
3070
15904
15905
15906
3018
3030
15915
15916
15917
3019
3071
15922
15923
15924
3002
3009
23843
23844
23845
23850
23851
23852
3004
15929
15930
15931
3011
15936
15937
15938
3006
23857
23858
23859
3012
23864
23865
23866
3008
3014
15943
15944
15945
3015
23871
23872
23873
3040
23878
23879
23880
15950
15951
15952
3017
3042
15957
15958
15959
23885
23886
23887
3018
3044
23892
23893
23894
3020
15964
15965
15966
3015
23899
23900
23901
3080
15971
15972
15973
15978
15979
15980
23906
23907
23908
3019
3081
15989
15990
15991
3020
15996
15997
15998
23913
23914
23915
3050
3084
16003
16004
3051
16009
16010
3052
23920
23921
23922
3085
16018
16019
16020
16025
16026
16027
3032
3045
16032
16033
16034
3046
16047
16048
16049
3036
16054
16055
3047
16059
16060
16061
3037
3048
16066
16067
16068
3032
3049
23927
23928
23929
3034
16077
16078
16079
3050
16084
16085
16086
3036
16091
16092
16093
3052
16098
16099
16100
3038
3053
23934
23935
23936
3054
23941
23942
23943
16105
16106
16107
3089
16112
16113
16114
3057
3091
16119
16120
16121
16126
16127
16128
3055
3058
23948
23949
23950
3093
17260
17261
17262
3045
3049
23955
23956
23957
23962
23963
23964
16133
16134
16135
3051
16140
16141
16142
3047
23969
23970
23971
3052
23976
23977
23978
3054
16153
16154
16155
3062
16160
16161
16162
16172
16173
16174
3055
3063
16179
16180
3054
16188
16189
16190
3101
16193
16194
16197
16201
16202
16203
16207
16208
16210
16211
16212
3064
16216
16217
3060
16222
16223
16224
16238
16239
16240
3064
16249
16250
16251
3061
16256
16257
16258
16263
16264
16265
16274
16275
4936
16280
16281
3064
16284
16285
16290
16291
3067
16293
16294
3068
16297
3080
16298
16299
3082
16302
3076
3083
16304
16305
16306
3084
16319
16320
16321
3085
16330
16331
16332
3077
16337
16338
16339
3076
3086
16343
16344
16345
3087
16352
16353
3078
16356
16357
16358
3088
16363
16364
16365
3097
16393
16394
16395
3109
16400
16401
16402
3083
3086
16406
16407
16409
16410
16411
3085
16415
16416
3087
16419
16420
3088
16422
16423
3101
16425
16426
16428
16429
3088
16433
16434
16436
16437
16439
16440
16445
16446
16447
3098
16452
16453
16454
16459
16460
16461
3100
16465
16466
16467
16472
16473
16474
16487
16488
16489
3099
16494
16495
16496
3100
16504
16505
16506
16511
16512
3102
16522
16523
16524
3115
16527
16528
16532
16533
16534
16540
16541
16543
16544
16546
16547
3105
16549
16550
16553
16559
16560
16561
3112
16566
16567
16568
3114
16576
16577
16578
16583
16584
3113
16591
16592
3114
16594
16595
16596
3118
16600
16601
16604
16605
16607
16608
16609
16613
16614
3363
16616
16617
3120
16619
16620
16622
16623
3120
16627
16628
5079
5081
17266
3124
17537
3124
5095
16683
17538
5093
5097
17539
3130
3131
19188
19189
19191
23989
23993
23994
23995
23982
23983
23984
3131
19104
19106
19107
19203
19204
19205
23991
23992
23994
23995
3130
3131
6888
6890
6891
23989
23990
23991
6903
6904
6905
7025
7026
7028
23984
23986
23987
23988
5142
3137
3138
3139
5150
5157
16696
3137
3138
3459
5151
17558
3137
3139
3463
16697
17559
3138
3139
3460
3464
5154
16700
17560
3461
5155
5158
3465
16701
3144
3145
3146
5177
5184
18284
3144
3145
5178
16689
17565
3144
3146
3490
5185
16690
3145
3146
3491
17566
18285
5181
5186
16691
5182
17567
18288
3492
5187
18289
3148
3498
5199
16704
3500
5201
3152
3153
3154
5212
5214
18298
3152
3154
3515
3529
18299
3153
3154
3530
5215
3516
5213
18302
5217
3532
5218
18303
3158
3159
5242
5249
3158
3159
3525
5243
17572
3159
5250
17573
5246
5247
5252
17574
3161
3570
5266
3571
5265
5269
3164
3165
5455
5459
5463
3164
3165
3732
3766
5464
3733
5457
5467
3767
5461
5468
3168
3169
5528
5532
18333
3168
3169
3603
3806
18334
3604
5530
18337
3807
5536
18338
3172
3173
5585
5591
5596
3172
3173
5597
3875
5589
5600
3930
5594
5601
3177
3178
17409
17412
17413
17414
18389
19727
19729
19730
20854
20856
20857
3177
3179
3969
17410
17412
17414
17415
18396
19734
19736
19737
24451
24455
24456
3178
3179
3970
17411
17413
17414
17415
18403
3180
18392
18399
19742
19743
19744
3180
18393
18406
3180
3973
18400
18407
18395
18402
18409
3984
23996
23997
23998
24003
24004
24005
3187
3985
18390
24019
24020
24022
24023
18391
24010
24011
24012
3988
24017
24018
24019
17267
17268
17269
3989
18394
21071
21072
21075
23998
24000
24001
24002
24012
24014
24015
24016
3694
3982
5624
3193
3194
3195
5636
18424
18431
3193
3194
3705
3955
18425
3193
3195
4015
5637
3194
3195
3956
4016
18432
3706
5640
18428
3957
18429
18435
4017
5641
18436
24024
24025
24026
3200
3986
21219
21220
21221
24032
24034
24036
24037
3200
3202
21233
21234
21235
25272
3202
3987
21254
21255
21256
24033
24035
24036
24037
25273
21225
21226
21228
21239
21240
21242
24024
24027
24028
24030
3990
24031
24032
24033
21246
21247
21249
21260
21261
21263
24026
24028
24029
24030
25276
3207
3208
3209
5646
3207
3208
4005
5643
17677
3207
3209
4074
5647
17678
3208
3209
4006
4075
5645
5650
17679
4007
4076
5651
3213
5662
5668
3213
4046
5663
3213
4047
4098
5669
4048
5666
5672
3218
3219
3220
11186
11187
11189
11199
11200
11201
11236
11237
11239
3218
3219
25279
3218
3220
4112
11204
11205
11206
3219
3220
4113
25280
11210
11211
11213
21309
21310
21312
21316
21317
21319
25283
4116
11217
11218
11220
3223
4096
5700
17705
3223
4141
5703
17706
5702
5705
17707
3228
3230
4197
11580
11581
11583
21477
21478
21480
24059
24063
24064
24065
24038
24039
24040
4198
24045
24046
24047
24052
24053
24054
4201
11595
11596
11598
20652
20653
20654
24039
24041
24043
24044
24046
24048
24050
24051
24059
24060
24061
4202
21429
21430
21431
24047
24049
24050
24051
24054
24056
24057
24058
3938
5757
5761
3236
3237
3238
25424
3236
3237
18404
21561
21563
21564
3236
3238
17908
18405
25425
3237
3238
11891
11893
11894
17909
21835
21836
21837
18408
25428
11908
11909
11910
21855
21856
21858
17912
25429
3241
4000
4310
5770
3241
4311
5777
4313
5774
5780
3246
3247
3248
5791
5798
18564
3246
3247
4025
4272
18565
3246
3248
4026
5792
3247
3248
4273
4027
5795
18568
4275
5800
18569
5796
4334
18011
24066
24067
24070
3253
4286
17831
18012
24083
24084
24085
24086
3253
4335
17832
21981
21983
21984
24088
24090
24092
24093
4287
24073
24074
24075
4338
17835
18015
24069
24070
24071
24072
4290
18016
24080
24081
24084
4339
24087
24088
24089
4415
24094
24095
24096
3260
4336
4416
24118
24119
24120
24121
24101
24102
24103
4337
24108
24109
24110
4419
12808
12809
12811
21289
21290
21291
24094
24097
24099
24100
24102
24104
24106
24107
4340
4420
24115
24116
24119
24122
24123
24124
3264
4378
4456
5856
4458
5860
5867
5873
5878
4602
24129
24130
24131
24136
24137
24138
3270
4570
4603
17480
17482
17484
17485
21386
21388
21389
24146
24147
24148
24149
24850
24854
24855
4571
25571
25572
25573
4606
11439
11440
11441
13710
13711
13713
24129
24132
24134
24135
24137
24139
24141
24142
25522
25523
25524
4574
4607
24143
24144
24147
3274
4179
4577
5896
4579
5900
5903
5921
17274
3278
5926
17950
3278
4640
5931
17951
5928
5934
17952
3282
3283
5943
5948
18683
3282
4639
5944
17978
3282
3283
4654
17979
18684
5946
17980
18687
4655
5950
18688
3285
4320
4673
5961
4321
5959
5964
3288
4643
5975
18034
3288
4694
5978
18035
5977
5980
18036
4712
24150
24151
24152
3293
4713
17493
17496
17498
17499
18593
24165
24167
24169
24170
18594
24157
24158
24159
17275
17276
17277
4716
18597
24150
24153
24155
24156
24158
24161
24162
24163
4717
24164
24165
24166
17282
17283
17284
24171
24172
24173
3300
4677
18055
23032
23033
23034
24186
24188
24190
24191
3300
4714
18056
24193
24195
24197
24198
4678
4715
24178
24179
24182
18059
23045
23046
23048
24171
24174
24175
24177
4681
24185
24186
24187
4718
24192
24193
24194
3305
4772
5997
3305
4773
6003
4774
6001
6005
3310
3311
3312
6015
6022
6027
3310
3311
4721
6016
18103
3310
3312
4799
6023
18104
3311
3312
4722
4800
6028
6019
6025
18105
4724
6020
6029
6026
6030
3317
3318
3319
6071
6078
18900
3317
3318
4788
6072
3317
3319
6079
18272
3318
3319
4789
18273
18901
6075
6082
4790
6076
18904
6083
18274
18905
3322
6098
6102
3322
4885
6103
4886
6100
6106
3325
4830
6122
3325
4831
4832
6124
6127
3329
3330
6142
6147
6149
3329
4852
6143
3329
3330
4853
4939
6150
4854
6145
6153
4940
6148
6154
3334
3335
3336
6180
6187
18921
3334
3335
4891
6181
3335
3336
4892
4947
18922
6184
4893
6185
18925
4948
6189
18926
3340
3341
6202
6206
6211
3341
4967
6207
3340
3341
4921
4968
6212
4922
6204
6215
4969
6209
6216
3344
6235
6239
3344
4999
6240
5000
6237
6244
3347
3348
6280
6285
6289
3347
3348
5003
5029
6290
5004
6283
6293
5030
6287
6294
3353
3354
3355
6317
6323
6330
3353
3354
3353
3355
5042
6324
3354
3355
5025
5043
6331
6320
6327
5026
6321
6334
5044
6328
6335
3360
3361
3362
6364
6374
3360
3361
4540
5049
6365
3360
3362
4541
5062
6370
3361
3362
5050
5063
6375
4542
6368
6372
5051
6369
6376
5064
6373
6377
17291
4590
5067
6382
3369
3370
3371
6416
6420
6427
3369
3370
3373
6417
16677
3369
3371
3382
6421
16678
3370
3371
3374
3383
6428
6418
6424
16679
3377
6419
6432
3386
6426
6433
3376
3377
3378
6475
6479
18949
3376
3377
6476
3377
3378
17536
18950
3376
3378
6480
17537
6477
6478
18953
6483
17540
18955
3380
3389
6508
3391
6506
6511
3385
3386
3387
3385
3386
6519
16681
3386
3387
6522
17536
3385
3387
16683
17538
16685
6521
6524
6525
17541
3391
3392
3393
6582
18984
18991
3391
3393
3395
18985
3392
3393
3396
18992
6585
18988
6587
18996
3398
18990
18997
3397
3398
6717
6722
19054
3398
6718
3397
3398
19055
6723
19058
6721
19059
3400
3402
3417
6764
3418
6769
3404
3405
6809
19124
3404
3405
3427
19125
3405
3428
6810
19128
3431
6813
19130
3409
3410
6865
6872
3409
3410
3412
6866
17550
3410
6873
16695
17551
3414
6870
6871
6874
17553
3414
3415
6915
6922
3414
3415
6916
17557
3415
3459
6923
17558
6919
6921
6925
17561
3418
3419
6952
19145
3418
3419
3427
19146
19149
3432
6955
19151
3421
3439
7000
3441
6998
7004
3424
3425
7009
7016
7021
3424
3425
7010
7014
7019
7015
7022
3430
3431
3432
7038
7045
19201
3431
3432
19202
3430
3431
7039
3430
3432
7046
7042
7049
7043
19206
7050
19207
3434
7059
7065
7070
3451
7069
7076
3436
7084
7086
7093
3468
7092
7099
3441
3442
3443
7114
19243
19250
3441
3442
7115
3441
3443
3470
19244
3442
3443
3471
19251
7118
19247
7120
19255
3473
19249
19256
3448
3449
3450
7123
7128
3448
3449
7124
16688
3449
3450
7129
17564
3448
3450
7135
16689
17565
7126
16692
7127
7132
7134
7136
17568
7143
7147
3456
3457
3458
7161
7168
3456
3457
7162
16688
3457
3458
3489
7169
3456
3458
3490
16690
7165
16693
7166
7172
3493
7174
3461
7181
3461
7182
3466
16695
17551
3465
3466
7184
17552
3465
7187
7183
7188
17555
3468
7193
7198
7205
7197
7203
3472
3473
7227
7234
3473
7228
3472
3473
7235
7238
7232
7239
3477
3478
7279
19327
3477
3478
3480
3495
19328
3477
3481
7280
3484
7283
19332
19333
3483
3484
3485
7336
7343
19341
3484
3485
3497
19342
3483
3484
7337
16703
3483
3485
3498
7344
16704
7340
7347
16705
7341
19345
3501
7349
19347
3487
3505
7365
16706
3507
7363
7370
3492
3493
3494
7378
7383
3493
3494
7379
3492
3493
3492
3494
7384
7387
7381
7382
7388
3497
7394
3500
3501
3502
7430
7437
19355
3501
3502
19356
3500
3501
7431
3500
3502
7434
7438
7435
19360
19361
3507
3508
3509
7450
19376
19383
3507
3508
3507
3509
3528
19377
3508
3509
3515
3529
19384
7453
19380
3517
7455
19388
3533
19382
19389
3513
3514
7462
19411
3513
3519
3513
3514
3520
3535
19412
3522
19416
3537
7463
19417
3516
3517
7477
7480
7481
3522
3523
3524
7493
7495
19418
3522
3523
3522
3524
17571
19419
3523
3524
3525
7496
17572
7494
19422
3526
7500
7501
17575
19424
3526
7520
7522
3531
3532
3533
7525
7532
19425
3531
3533
7526
16706
3532
3533
19426
3531
3532
7533
16707
7529
16708
7535
19429
7531
19430
3537
3538
19432
3537
3538
17571
19433
3538
7549
17573
7548
19436
7551
17576
19438
3552
7596
7600
3542
3543
3544
3554
7641
3542
3545
3547
7645
3557
7646
3547
3548
3568
7661
3547
3548
3569
7662
3572
3551
3552
7663
7670
7675
3551
3552
7664
7668
7673
7669
7680
3557
3558
3559
7718
7724
19488
3557
3558
3568
19489
3557
3559
7719
3558
3559
3570
7725
7721
19492
3573
7729
19494
7723
7730
3564
3565
3566
7746
16796
19502
3564
3565
3574
16797
17578
3564
3566
3579
17579
19503
3565
3566
3575
3580
7747
16801
17581
19507
3577
7748
16802
3582
7749
19508
3571
3572
3573
7769
7775
3572
3573
7770
3571
3572
3571
3573
7776
7774
7779
7772
7773
7780
3577
3578
7821
17585
3577
3595
3578
3596
7824
17587
7822
7823
17590
3582
3583
7875
17592
3582
3595
3583
3597
7881
17594
7878
7880
7879
17597
3587
3588
7965
7970
19544
3587
3602
7966
3587
3588
3603
3806
19545
3605
7969
19549
3808
7971
19550
3592
3593
3594
7989
7993
19558
3592
3594
3810
7994
3593
3594
3608
3811
19559
7998
3610
7992
19563
3813
7999
19564
3598
8009
17397
3598
8011
17398
8010
8013
17401
3600
8063
8065
8070
8069
8076
3604
3605
3606
8096
8103
19600
3605
3606
8097
3604
3605
19601
8105
19604
8101
19605
8102
3610
3611
3612
8114
8121
3610
3612
3842
3611
3612
3843
8122
8118
8120
8126
3846
8127
3617
3618
3619
8157
8164
19635
3617
3618
3621
8158
3617
3619
3849
8165
3618
3619
3622
3850
19636
8162
8169
3625
8163
19640
3852
8170
19641
3624
3625
3626
8182
8189
3624
3625
8183
3625
3626
3862
8190
3624
3626
3863
8186
8187
8192
3866
8194
3665
3896
8201
3630
3633
17732
3630
3672
8202
17733
17735
3635
3636
8209
3635
3685
8207
3636
17739
3635
3636
3686
8210
17740
3689
8208
8214
8215
17743
3641
3642
3643
8296
8298
19677
3641
3642
3645
16643
19678
3641
3643
3646
3642
3643
8299
16644
3648
19682
8303
16646
19683
8297
8304
3648
3649
8319
3648
3649
3692
8320
3648
3649
3693
8323
3696
8325
3654
3655
3656
8335
8337
3654
3655
3664
3654
3656
17746
3655
3656
3666
8338
17747
3669
8342
8336
8343
17750
3661
3662
8347
3661
3678
3708
3661
3662
3679
8348
17753
3662
3709
8354
17754
3681
8352
8353
17756
3667
3668
3669
8362
8369
3668
3669
3667
3668
8363
17403
3667
3669
8370
17404
8366
8373
17406
8367
8374
3674
3675
3676
8387
8391
19691
3674
3675
3685
8388
3674
3676
8392
17780
3675
3676
3687
17781
19692
8389
8395
3690
8390
19696
8397
17783
19697
3681
3682
3683
8416
8420
19698
3681
3682
8417
17641
3681
3683
8421
17787
3682
3683
17642
17788
19699
8418
8423
8419
17645
19703
8425
17790
19704
3688
3689
3690
8548
19726
19733
3689
3690
8549
3688
3689
17409
19727
3688
3690
17410
19734
17412
19730
19737
8551
19731
8552
19738
3695
3696
3697
8670
19992
19999
3696
3697
16643
19993
3695
3696
8671
3695
3697
16645
20000
8673
20003
8674
19997
16647
19998
20004
3702
3703
3704
8725
8728
20034
3702
3703
3745
3702
3704
4010
8729
3703
3704
3746
4011
20035
8733
3748
8727
20039
4012
8734
20040
3706
8745
8748
8752
3711
3712
8762
8765
8772
3711
8763
17641
3712
8766
17815
3711
3712
8773
17643
17816
8764
8777
17646
8771
8778
17818
3717
3718
3719
8803
8806
8813
3717
3718
3752
8804
17655
3717
3719
8807
17656
17822
3718
3719
3753
8814
17823
8805
8811
17659
3755
8818
8812
8819
17825
3722
3723
9002
9005
9009
3722
3723
3732
3766
9010
3734
9004
9014
3768
9008
9015
24199
24200
24201
3737
3770
24206
24207
24210
3730
3738
16650
24215
24217
24218
24219
3730
3771
16651
24222
24224
24225
24226
3740
24213
24214
24215
3773
24220
24221
24222
16653
24201
24203
24204
24205
3733
3734
9066
9070
9074
3733
3734
9075
9072
9078
9069
9079
3780
9107
9114
24227
24228
24229
3783
24234
24235
24238
3742
21232
21233
21236
24250
24252
24253
24254
3784
24241
24242
24243
24248
24249
24250
3786
24255
24256
24257
20336
20338
20340
21240
21241
21243
24229
24231
24232
24233
24243
24244
24245
24246
9156
9160
9164
3748
3749
3750
9215
9220
20377
3748
3748
3750
4093
20378
3749
3750
9221
9217
20381
9219
9224
4094
9225
20383
3755
3756
3757
9262
3755
3756
3759
9261
3755
3757
9263
17858
3756
3757
3761
9267
17859
9265
3764
9268
9266
17862
3762
3763
3764
9289
9293
20440
3763
3764
9290
17655
3762
3763
17424
17657
20441
3762
3764
9294
17425
9296
17428
20444
9291
17660
20445
9292
9297
3767
3768
9347
9351
9355
3767
3768
9356
9353
9359
9350
9360
24262
24263
24264
3783
24269
24270
24273
3775
24285
24287
24288
24289
3785
24276
24277
24278
24283
24284
24285
3787
24290
24291
24292
9478
9479
9481
21310
21311
21313
24264
24266
24267
24268
24278
24279
24280
24281
9424
9426
9433
9454
9461
9468
3779
3780
9491
9495
16887
9497
16891
9494
16892
9524
9528
9530
24297
24298
24299
24304
24305
24308
24311
24312
24313
24318
24319
24320
24325
24326
24327
24332
24333
24334
17293
17294
17295
17300
3817
4158
9712
3793
3823
9716
3793
3794
3824
4163
9719
3825
9717
9723
4164
9724
3818
4173
9727
3800
3801
3802
9732
9737
3800
3801
3835
9733
17711
3800
3802
9738
17712
17872
3801
3802
3836
9744
17873
9735
9742
17714
3838
9736
9743
9745
17875
3804
9749
9751
9758
9755
9760
3807
3808
9780
9783
20636
3807
3808
20637
9787
20640
9782
20641
3813
3814
3815
9802
9809
3813
3814
9803
3813
3815
3842
3814
3815
3844
9810
9806
9808
9814
3847
9815
3819
3820
3821
9823
16915
20643
3819
3820
17430
20644
3819
3821
16916
17431
16919
17433
20647
20648
16920
3825
3826
3827
9834
9841
20657
3825
3826
9835
3825
3827
4195
20658
9838
20661
9840
9845
4196
9846
20663
3832
3833
3834
9875
9882
20685
3832
3833
3856
9876
3832
3834
4205
9883
3833
3834
3857
4206
20686
9880
9887
3858
9881
20690
4207
9888
20691
3838
3839
9901
17718
3838
3840
4217
3839
3840
4218
9905
17720
9903
9904
9906
17723
4221
3845
3846
3847
9908
9915
3846
3847
3845
3846
9909
3845
3847
9916
9912
9919
9913
9920
3852
3853
3854
9948
9955
9962
3852
3853
9949
3852
3854
3862
9956
3853
3854
3864
9963
9952
9959
9954
9967
3867
9961
9968
3858
3859
3860
9997
10004
20713
3858
3859
9998
3858
3860
4224
20714
10001
20717
10003
10007
4225
10008
20719
3865
3866
3867
3866
3867
10063
3865
3866
3865
3867
10067
10065
10066
10069
3872
3873
3874
10080
10087
16922
3873
3874
16923
17725
3872
3873
10081
17388
17726
3872
3874
10088
17389
10084
10091
17391
10086
16927
17728
10093
16928
10122
10127
3880
3881
3882
10146
10152
20734
3880
3881
3895
10147
3880
3882
10153
17746
3881
3882
3897
17748
20735
10149
10155
3900
10151
20739
10157
17751
20740
3885
3886
10186
3885
3886
3902
10187
3904
10185
10191
10192
24339
24340
24341
3906
17760
20736
20737
20738
24354
24356
24358
24359
24361
24363
24365
24366
3907
24346
24347
24348
17761
21512
21513
21515
24362
24364
24365
24366
24369
24371
24372
24373
3909
24353
24354
24355
17763
24360
24361
24362
24367
24368
24369
3898
3899
3900
10232
10239
20797
3899
3900
10233
3898
3899
10240
17403
3898
3900
17405
20798
10243
17407
20801
10237
10244
10238
20802
3903
3904
10274
10276
10280
3903
3904
10281
10278
10284
10275
10285
3909
3910
3912
10269
10270
10273
20792
20793
20796
24381
24384
24386
24387
3909
3910
17802
20799
20800
20803
24374
24375
24376
3910
3915
17803
24383
24385
24386
24387
10290
10292
10295
20805
20807
20810
24354
24355
24359
24375
24377
24379
24380
3917
17805
20812
20814
20817
3918
24381
24382
24383
3916
3917
10305
10306
10309
20820
20821
20824
24395
24398
24400
24401
3916
3917
20827
20828
20829
25236
24388
24389
24390
3917
24397
24399
24400
24401
25237
10317
10319
10321
20833
20835
20837
20890
20891
20892
24389
24391
24392
24394
20840
20842
20844
25239
24395
24396
24397
3922
10404
16943
3922
16944
18410
3922
4244
10405
18411
10408
16947
18413
3927
3928
3929
10419
10423
10429
3928
3929
10420
17607
25432
3927
3928
10424
17608
3927
3929
10430
25434
10427
10433
10421
10428
17611
10422
10434
25437
10458
10464
3935
3936
10492
10497
20902
3935
3954
10493
3936
4014
3935
3936
3956
4016
20903
3959
10496
20907
4019
10500
20908
3938
10525
10526
10533
10530
10536
3943
3944
3945
10547
10554
20958
3943
3944
4024
10548
3943
3945
4271
10555
3944
3945
4025
4272
20959
10551
10558
4028
10553
20963
4276
10560
20964
24402
24403
24404
4031
17767
20904
20905
20906
24410
24412
24414
24415
24417
24419
24421
24422
3952
17768
21603
21604
21606
24411
24413
24414
24415
3952
4032
20960
20961
20962
21610
21611
21613
24418
24420
24421
24422
17770
24409
24410
24411
4034
24416
24417
24418
20973
20975
20977
21625
21626
21627
24404
24406
24407
24408
3957
3958
3959
10581
10588
21014
3958
3959
10582
3957
3958
10589
3957
3959
21015
10592
21018
10586
10593
10587
21019
3966
17759
17766
18349
18350
18353
24430
24433
24435
24436
24437
24440
24442
24443
24423
24424
24425
3966
17761
18523
18524
18526
24432
24434
24435
24436
3966
17768
18530
18531
18533
24439
24441
24442
24443
17763
24430
24431
24432
17770
24437
24438
24439
17765
17772
3972
3973
17794
18362
18363
18365
24458
24461
24463
24464
25235
24444
24445
24446
17795
24451
24452
24455
3972
3973
17782
17784
17785
17786
20826
20828
20831
25236
17798
24458
24459
24460
20841
20842
20845
24446
24447
24449
24450
25239
17799
24454
24455
24456
24457
25240
3979
3980
17794
18362
18364
18366
24472
24475
24477
24478
25242
24465
24466
24467
3980
17416
17788
17790
17792
17793
17796
19699
19701
19704
24474
24476
24477
24478
3979
3980
17418
17789
17791
17792
17793
25243
17798
24472
24473
24474
24467
24468
24470
24471
25246
17420
17800
25247
3983
10621
16644
3983
10628
16645
10625
10631
16648
24479
24480
24481
3988
3989
25305
3988
21058
21059
21061
24487
24489
24491
24492
3989
21079
21080
21082
24488
24490
24491
24492
25307
21064
21066
21069
24017
24019
24023
24479
24482
24484
24485
21092
21093
21096
24480
24483
24484
24485
25309
24486
24487
24488
3995
3996
3997
10640
10647
21056
3995
3996
4004
10641
17628
3995
3997
4073
17629
21057
3996
3997
4006
4075
10644
17632
21060
4009
10646
4078
10648
21062
4001
10661
10668
4001
10662
18410
4001
10669
18412
10665
10672
18414
4007
4008
4009
4008
4009
10703
17635
4007
4008
10707
17636
4007
4009
10705
10709
17639
10706
4012
10713
4012
4093
10716
10715
10718
4017
4018
4019
10729
10733
21098
4018
4019
4017
4018
10734
4017
4019
21099
10737
21102
10738
10732
21103
4022
10757
10762
4022
4047
4098
10763
4050
10761
10767
4027
4028
4029
10782
10787
21119
4028
4029
10783
4027
4028
21120
4027
4029
10788
10790
21123
10786
21124
10791
24493
24494
24495
4035
17830
21100
21101
21104
24501
24503
24505
24506
4036
21121
21122
21125
21974
21975
21978
24502
24504
24505
24506
4035
4036
17832
21981
21982
21985
24500
24501
24502
17834
21106
21108
21111
21162
21164
21166
24494
24496
24498
24499
21134
21135
21138
21169
21170
21172
21996
21997
21999
24495
24497
24498
24499
4042
4043
4051
24521
24524
24526
24527
25256
24507
24508
24509
4052
17417
24514
24515
24518
4042
4043
17418
17817
17819
17820
17821
25257
4055
24521
24522
24523
18446
18447
18450
21051
21052
21055
24509
24510
24512
24513
25260
4056
17421
24517
24518
24519
24520
25261
4048
4049
4050
10829
16957
21182
4049
4050
10830
4048
4049
16958
4048
4050
21183
16961
21186
10834
16962
10835
21187
4056
4057
21176
21178
21180
24542
24546
24547
24548
25263
18466
24528
24529
24532
24535
24536
24537
4056
4057
17824
17826
17827
17828
18468
25264
24542
24543
24544
18470
24531
24532
24533
24534
25267
21204
21205
21208
21268
21269
21271
24537
24539
24540
24541
25268
4062
4063
4064
25270
4062
4063
18417
21253
21255
21258
25273
4062
4064
18419
18578
4063
4064
10900
10901
10904
18579
18421
25275
21261
21262
21264
25276
18581
4069
4070
4071
21210
4070
4071
4136
21211
4069
4070
4091
18585
4069
4071
4137
18586
18588
4092
21215
4138
21216
4076
4077
4078
10841
21217
4077
4078
17663
21218
4076
4077
10842
17664
4076
4078
10845
10846
17667
21222
10848
21223
4082
4083
10870
10877
4082
4083
4095
10871
17670
4082
4140
10878
17671
10874
10881
17674
10876
4088
4089
4090
10896
10899
21252
4089
4090
17809
21253
4088
4089
10897
17466
17811
4088
4090
10900
17467
10903
17470
10898
17813
21257
10904
21258
4092
4377
10920
10917
10923
4094
10933
10935
10937
4097
10941
17684
4097
10947
17685
10945
10949
17688
10960
24549
24550
24551
4103
4104
4118
25264
4103
4105
4416
25266
4104
4105
4120
4417
21296
21297
21298
21267
21269
21272
24549
24552
24553
24555
25268
4122
11054
11056
11058
21274
21276
21279
24550
24552
24554
24555
4419
16993
16994
16996
21288
21289
21292
24551
24553
24554
24555
4108
4109
21294
4108
4109
4132
4423
21295
4133
21299
4424
11052
21300
4115
4116
4124
11086
11087
11089
24556
24559
24561
24562
4115
18474
20455
20457
20460
24557
24559
24560
24562
4116
11094
11095
11097
20462
20464
20467
24558
24560
24561
24562
4115
4116
4125
18475
24556
24557
24558
4128
18478
4129
11108
11109
11111
4121
4122
4123
4124
11117
11119
11121
4121
4122
25326
4121
4123
4126
17473
25328
4122
4123
17474
21303
21304
21306
4128
25330
11131
11133
11136
18495
18497
18500
4130
11142
11143
11145
17476
4128
4129
4130
11149
11151
11153
4128
4129
4128
4130
4435
4129
4130
4436
11158
11159
11160
11168
11170
11172
4438
11179
11180
11182
4133
4134
11123
11126
21301
4133
4134
4442
21302
11124
21305
4443
11129
21307
4138
4139
11253
11258
4138
11254
4138
4139
4455
11259
11256
11262
4459
11264
4142
11281
17698
4142
11284
17699
11283
11286
17702
17301
4167
4534
11290
4146
4147
4159
4174
11294
4162
11298
4177
11292
11299
4151
4152
11317
4152
18151
4151
4152
4168
11318
18152
4171
11314
11322
11316
11323
18154
4155
4156
11338
21329
4155
4156
4179
4577
21330
4181
21334
4580
11340
21335
4160
4161
4162
11375
11377
21371
4160
4161
11378
17430
4160
4162
17432
21372
11381
17434
21375
11382
11376
21376
4164
4195
17014
17017
4169
4170
4171
11413
11417
21385
4170
4171
4169
4170
11418
17479
4169
4171
17480
21386
11421
17482
21389
11415
11422
11416
21390
4175
4176
4177
11488
11491
21420
4175
4176
11492
17431
4175
4177
17432
21421
11495
17435
21424
11496
11490
21425
4180
4181
21448
4180
4181
21449
21452
21453
24563
24564
24565
24570
24571
24572
25529
25530
25531
4187
21457
21458
21459
22863
22864
22867
24586
24588
24589
24590
24577
24578
24579
21428
21430
21433
24564
24566
24568
24569
24572
24574
24575
24576
24584
24585
24586
4192
4193
4194
11560
11567
21455
4192
4193
4223
11561
17878
4192
4194
4626
17879
21456
11565
17881
21460
11566
4627
11568
21461
4196
11586
11590
11593
4201
4202
4203
4209
11605
11607
11609
4201
4202
20679
20681
20684
21435
21437
21440
24046
24047
24051
4201
4203
21464
21465
21467
4202
4203
4210
18502
18503
18505
21442
21443
21446
24592
24593
24597
21470
21472
21475
4213
4214
11621
11622
11624
4207
4208
11611
11616
21462
4207
11612
4207
4208
4224
21463
11614
21466
4226
11617
21468
4213
4214
11656
11657
11660
21478
21479
21482
24612
24615
24616
24618
24591
24592
24593
24598
24599
24600
24605
24606
24607
24592
24594
24596
24597
24599
24601
24602
24604
11669
11671
11673
21499
21500
21502
24593
24595
24596
24597
24606
24608
24609
24611
24612
24613
24614
4220
4221
4222
11684
4221
4222
17873
4220
4221
11682
17439
4220
4222
11685
17440
17874
11683
11688
17443
11689
17877
4228
11691
4225
4226
11698
11702
11704
11703
11705
4230
11732
11739
4230
11733
17878
4230
11740
16638
17880
11737
11744
17882
4235
4236
4237
11772
11777
21504
4235
4237
11773
17388
17726
4236
4237
17445
17727
21505
4235
4236
11778
17390
17447
11775
11781
17392
11782
17449
21508
11776
17730
21509
4242
4243
11868
4242
4243
4248
11869
16657
4242
4249
4243
11875
16658
4251
11873
11874
11877
16660
4246
4309
11914
4246
4311
11920
4314
11919
11922
4251
4252
4253
11932
11939
4251
4252
11933
17949
4251
4253
4252
4253
11940
17950
11936
11938
11944
17953
11945
4257
4258
4259
11957
11963
4257
4258
4260
11958
17956
4258
4259
4638
11964
17957
11961
11962
11968
17959
11969
4262
11977
17977
4262
4639
11980
17978
11979
11981
17981
4267
4268
4269
11990
11997
21567
4267
4269
11991
17389
4268
4269
17446
21568
4267
4268
11998
17390
17447
11994
12001
17393
12002
17450
21571
11996
21572
4274
4275
4276
12017
12024
21588
4274
4276
12018
4275
4276
21589
4274
4275
12021
12026
21592
12023
21593
17899
24619
24620
24621
4281
17761
18524
18525
18528
21512
21514
21517
24634
24636
24637
24639
4281
17453
17762
17900
24643
24644
24645
24646
17454
24626
24627
24628
17765
17903
24619
24622
24624
24625
24633
24634
24635
17457
17904
24640
24641
24644
17899
24647
24648
24649
4288
17768
18531
18532
18535
21603
21605
21608
24662
24664
24665
24667
4288
17769
17901
24671
24672
24673
24674
24654
24655
24656
17772
17903
24647
24650
24652
24653
24661
24662
24663
17905
24668
24669
24672
4292
12081
12088
12091
12085
12089
4295
12114
12121
12123
4295
4342
12115
4343
12120
4300
4301
4302
12142
12149
21658
4300
4301
4346
17928
21659
4300
4302
12143
17929
4301
4302
4347
12150
12147
17931
21663
4349
12154
21664
12148
12155
4305
4306
4307
12162
12169
21686
4305
4307
12170
12166
12173
12167
21691
12174
21692
4312
4313
4314
21826
4312
4314
18411
4312
4313
18412
4313
4314
21827
18415
21830
21831
4318
4319
12248
12250
21917
4319
4672
12251
4318
4319
4320
4673
21918
12249
21922
4674
12256
21923
4321
12283
12281
12286
17303
17304
4326
4327
12338
4327
12335
16723
18187
4326
4327
4390
12339
18188
4392
12334
12343
12337
12344
18190
4330
4331
12361
22015
4330
4331
22016
22019
12366
22020
4333
4342
12387
4344
12391
12393
18018
24675
24676
24679
4338
17838
22037
22039
22042
24690
24692
24694
24695
4338
17839
18020
24699
24700
24701
24702
24682
24683
24684
17842
18022
24678
24679
24680
24681
24689
24690
24691
18024
24696
24697
24700
4343
4344
12420
12427
12432
4343
4344
12421
12425
12426
12434
4349
4350
4351
12448
12455
22092
4349
4350
18033
22093
4349
4351
12449
4350
4351
4694
12456
18035
12452
22096
12460
18038
22098
12454
12461
4353
4354
12469
12476
12479
12473
12478
4426
12475
12482
4359
4360
4361
12503
12510
22127
4359
4360
4428
16671
22128
4359
4361
12504
16672
4360
4361
4429
12511
12508
16674
22132
4431
12515
22133
12509
12516
4366
4367
4369
22149
22151
22153
24717
24720
24722
24723
25291
4366
4367
18039
18042
18044
18045
18592
25294
24703
24704
24705
4371
18594
24710
24711
24714
21814
21815
21818
22177
22179
22182
24704
24706
24707
24709
25296
4373
18596
24713
24714
24715
24716
25297
4375
24717
24718
24719
4373
4374
22199
22200
22203
24738
24741
24743
24744
25298
4373
4374
5820
18046
18049
18051
18052
22464
22465
22467
25301
5821
24724
24725
24728
24731
24732
24733
5823
24727
24728
24729
24730
25303
22233
22235
22237
22486
22487
22488
24732
24734
24735
24737
25304
24738
24739
24740
4379
4380
12546
12553
17076
4379
12547
18585
4379
4380
17077
18587
12550
17080
18589
17081
18053
24745
24746
24747
18606
24752
24753
24754
4385
4387
18056
18607
4387
22304
22305
22306
22569
22570
22573
23066
23067
23070
24761
24763
24764
24765
18058
18609
22247
22249
22252
24745
24748
24750
24751
24753
24755
24757
24758
24759
24760
24761
18059
22317
22319
22321
24747
24749
24750
24751
4392
4393
4394
12615
12619
12626
4392
4393
12616
4392
4394
12620
18221
4393
4394
4403
12627
18222
12617
12623
4405
12618
12631
12625
12632
18225
4399
4400
4401
12677
12681
12688
4399
4400
4407
4490
12678
4399
4401
4408
12682
18235
4400
4401
4491
12689
18236
4410
12679
12686
4493
12680
12693
12687
12694
18238
4404
12710
16724
17508
4404
4405
12713
17509
12712
12716
17511
12717
4410
4411
12726
12728
4410
4498
4410
4411
12729
18243
4411
4499
12734
18244
12727
12732
12733
12736
18247
4414
12743
18250
4414
4502
12746
18251
12745
12748
18253
24766
24767
24768
4419
18020
24776
24777
24778
24779
4419
12829
12830
12832
17474
24781
24783
24785
24786
17475
18021
22381
22382
22384
24774
24775
24776
24779
24782
24784
24785
24786
12843
12844
12847
24766
24769
24771
24772
18024
24773
24774
24777
17478
24780
24781
24782
4424
4425
12827
12834
12838
4424
4425
4442
12828
12831
12836
4444
12833
12841
12871
12874
4431
4432
4433
12896
12902
22379
4431
4432
4446
22380
4431
4433
12897
4432
4433
4448
12903
12899
22383
4451
12904
22385
12901
12905
4438
4439
4440
17472
22415
22416
22418
22457
22458
22460
4438
4439
17473
25300
4438
4440
12945
12946
12948
4439
4440
22465
22466
22468
25301
12960
12961
12964
17476
17477
22485
22486
22489
25304
22422
22423
22425
22492
22493
22495
4443
4444
12928
12932
4443
4444
12930
12934
4449
4450
4451
12971
17083
22435
4450
4451
16671
22436
4449
4450
16673
17084
4449
4451
12972
12975
17087
16675
17088
22440
12976
22441
4453
13004
13011
4476
13009
13016
4457
4458
4459
13030
22512
22519
4457
4459
18586
22513
4457
4458
18587
22520
18590
22516
22523
22524
22518
4464
4465
4467
22527
22529
22531
24801
24805
24806
24807
24808
24810
24814
4464
4465
5820
18102
18106
18107
18108
22464
22466
22469
4469
5822
24787
24788
24791
24794
24795
24796
4471
5824
24790
24791
24792
24793
22493
22494
22497
22534
22536
22539
24795
24798
24799
24800
4473
24801
24802
24803
24808
24809
24810
18606
24815
24816
24817
18608
24822
24823
24826
24829
24830
24831
18610
24808
24811
24813
24814
24816
24818
24820
24821
24825
24826
24827
24828
24836
24837
24838
24843
24844
24845
4476
4477
13068
13075
17118
4476
4477
17119
13072
17122
13078
17124
4480
4481
13092
13094
22547
4480
4481
4483
4809
22548
4485
13093
22552
4810
13097
22553
4485
4486
13154
22610
4485
4486
4811
22611
4486
4812
13155
13153
22614
4813
13157
22616
4488
4496
4815
13176
4819
13181
13184
4493
4494
4495
13233
13236
13243
4493
4494
4498
13234
4493
4495
13237
18263
4494
4495
4500
13244
18264
13235
13240
13242
13246
18267
4497
4829
13257
4833
13261
13263
4501
13275
17529
4501
13278
17530
13277
13280
17532
4504
13284
18271
4504
13287
18272
13286
13289
18275
4506
4540
5049
13297
5052
13299
4510
4513
4546
4511
4514
5054
13300
4510
4511
4547
5055
13302
4549
5056
13301
13304
4516
4517
13311
4516
4560
13306
4517
5057
13308
4516
4517
4561
5058
13312
4564
13307
13315
5059
13310
13316
4522
4523
13330
17132
4522
4533
4523
13331
18151
4522
4523
4535
17133
18153
4538
13329
17137
13333
17138
18155
4528
5061
4527
4528
4541
5062
13346
4544
13350
5065
13344
13351
4530
4531
4590
5067
13362
4592
13366
5068
13367
4536
4537
4538
13398
13400
22645
4537
4538
4536
4537
13401
17479
4536
4538
17481
22646
13404
17483
22649
13405
13399
22650
4542
4543
4544
13433
13435
22659
4542
4543
13436
4542
4544
22660
13439
22663
13440
13434
22664
4549
4550
4551
13457
13461
22673
4549
4550
4560
13458
4549
4551
5072
13462
4550
4551
4562
5073
22674
13459
13465
4565
13460
22678
5074
13467
22679
4556
4557
4558
13486
13493
17153
4556
4557
4622
17154
4556
4558
4566
13487
4557
4558
4623
13494
4567
13491
17158
4624
13498
17159
13492
13499
4563
4564
4565
13517
13521
13528
4564
4565
13518
4563
4564
13522
16639
4563
4565
13529
16640
13525
13532
16641
13519
13526
13520
13533
4567
13557
13555
13561
4582
25578
25579
25580
17305
17306
17307
4583
24850
24851
24854
25536
25537
25538
4586
24857
24858
24859
24864
24865
24866
4587
24871
24872
24875
4579
4580
4581
13571
13578
22743
4580
4581
13572
4579
4580
22744
4579
4581
13579
13582
22747
13576
22748
13577
13583
24878
24879
24880
4603
21344
21346
21349
24851
24854
24856
24893
24895
24897
24898
24902
24903
24904
24905
25543
25544
25545
4605
24885
24886
24887
24892
24893
24894
4607
24899
24900
24903
24906
24907
24908
4591
4592
13592
13596
13603
4591
4592
13597
13600
13606
13595
13601
4597
4598
4599
13623
13630
22785
4597
4598
4616
18138
22786
4597
4599
5078
13624
18140
4598
4599
4618
13631
13627
18142
22789
4621
13635
22791
13629
13636
4601
13667
13674
13677
13672
13676
24913
24914
24915
4606
21400
21402
21405
24930
24931
24932
24933
4606
17169
17170
17172
18649
18651
18653
21407
21409
21412
24935
24937
24938
24940
24920
24921
24922
11468
11469
11472
13736
13738
13741
24913
24916
24918
24919
24927
24928
24931
24934
24935
24936
4612
4613
4614
13723
13728
17167
4612
4614
4629
17168
4613
4614
13729
13725
17171
13727
13733
4631
13734
17173
4619
4620
4621
13756
13763
22834
4620
4621
18145
22835
4619
4620
13757
18147
4619
4621
13764
13760
13766
13761
18149
22839
13767
22840
4624
13780
4624
13787
13783
13790
4627
4633
17196
17199
4630
4631
13885
13889
22883
4630
4631
22884
13887
22888
13891
22889
4635
4636
4637
13914
22890
4636
4637
17879
22891
4635
4636
13915
16638
17880
13918
13919
17883
22895
22896
4653
13953
4641
13954
16659
13956
16662
4644
17929
4644
13961
17930
13960
13963
17933
4649
4650
4651
13967
4649
4650
13968
17936
18166
4649
4651
4696
13973
17937
4650
4651
4698
13977
18168
13971
13975
17940
13972
13978
18171
4701
13976
4655
4656
13989
13994
22904
4656
13990
17957
4655
4656
17958
22905
13996
22908
13993
17961
22909
24941
24942
24943
4661
4676
22906
22907
22910
24956
24958
24960
24961
25286
4661
4713
24963
24965
24967
24968
25287
4678
4715
24948
24949
24952
22912
22914
22917
22933
22935
22938
24941
24944
24945
24947
25290
4680
24955
24956
24957
4717
24962
24963
24964
4666
14028
14033
4666
4734
14029
4735
14032
14036
4669
4670
14056
14063
14067
4669
4670
4683
4737
14057
4684
14061
14066
4738
14062
14070
4674
14094
14099
4674
14095
4674
14100
14098
14104
24969
24970
24971
16665
18685
18686
18689
24984
24986
24988
24989
24991
24993
24995
24996
16666
22955
22956
22958
24985
24987
24988
24989
24998
25000
25002
25003
24976
24977
24980
16669
24983
24984
24985
24990
24991
24992
24997
24998
24999
4684
4685
14139
14146
14150
4684
4685
4745
14140
14143
14148
4746
14145
14153
4690
4691
4692
14232
14237
14244
4690
4692
14233
16723
18187
4690
4691
14238
16724
17508
4691
4692
14245
17510
18189
14235
14241
16725
14242
14248
17512
14236
14249
18191
4776
14268
14269
14277
4699
4700
4701
14280
14285
14292
4700
4701
14281
18040
4699
4700
14286
17494
18041
4699
4701
14293
17495
14289
14294
17497
14283
14290
18043
14284
4704
14304
16672
4704
14307
16673
14306
14309
16676
4709
4710
4711
14313
14320
14324
4709
4710
4720
14314
18047
4709
4711
4798
14321
18048
4710
4711
4722
4800
14325
14317
14323
18050
4725
14319
14326
4726
25004
25005
25006
4716
25019
25022
25023
25024
25341
4716
4727
25026
25029
25030
25031
25342
25011
25012
25015
4730
25004
25008
25009
25010
25345
25018
25019
25020
4731
25025
25026
25027
4723
4724
4725
14336
22988
22995
4723
4725
18600
22989
4723
4724
18601
22996
4724
4725
14337
18602
22992
22999
14338
23000
14339
22994
25032
25033
25034
4730
18193
18196
18198
18199
18607
25551
25554
25555
25556
18608
25039
25040
25041
17312
17313
17314
18611
25032
25035
25037
25038
25040
25042
25044
25045
25550
25551
25552
17319
17320
17321
14352
14359
14365
4735
14353
14357
14363
4738
4739
14387
14394
14399
4738
4739
4745
14388
14391
14397
4747
14393
14402
4742
4743
14440
14445
14452
4742
4743
14446
4748
14444
14450
14451
14454
4746
4747
14523
14530
14534
4746
4747
14524
14528
14532
14529
14538
14562
14568
4756
25046
25047
25048
25053
25054
25055
4757
25060
25061
25062
25067
25068
25069
4760
25074
25075
25076
25081
25082
25083
4761
25088
25089
25090
25095
25096
25097
25102
25103
25104
4822
25109
25110
25111
4761
4824
18237
18239
18240
18241
23165
23166
23167
25125
25127
25128
25129
25151
25152
25157
25116
25117
25118
23171
23172
23174
25088
25089
25094
25096
25099
25100
25101
25104
25106
25107
25108
4826
25123
25124
25125
4767
4768
4769
14649
14656
23163
4767
4768
4779
4843
23164
4767
4769
4780
14650
4768
4769
4844
4782
14654
23168
4845
14659
23169
14655
14660
4774
4775
4776
14673
14680
14687
4775
4776
14674
4774
4775
14681
4774
4776
14688
14684
14691
14678
14685
14679
14692
14694
14699
14701
4782
4783
4784
14740
14747
23310
4782
4783
4865
23311
4782
4784
14741
4783
4784
4866
14748
14744
23314
4867
14752
23316
14746
14753
14761
14768
14774
4790
4791
4792
14796
14803
23345
4791
4792
14797
18250
4790
4791
14804
4790
4792
18252
23346
14807
23349
14801
14808
14802
18254
23350
4795
4796
14824
14830
4795
4796
4885
14831
14835
4888
14829
14836
4801
14864
18097
4801
14867
18098
14870
14866
14869
18101
4806
4807
4808
14878
14885
14892
4807
4808
14879
18110
18194
4806
4807
14886
17516
18111
4806
4808
14893
17517
18195
14889
14894
17520
14883
14890
18113
14884
14895
18197
4810
4811
14916
14919
14923
4813
14956
4813
14963
14960
14965
4818
4819
4820
14985
14992
23401
4819
4820
4829
23402
4818
4819
14986
4818
4820
4831
14993
14989
14995
14990
23405
4834
14997
23407
25130
25131
25132
25137
25138
25139
25144
25145
25146
25151
25152
25153
25158
25159
25160
25165
25166
25167
25172
25173
25174
4832
4833
4834
15011
15018
23422
4833
4834
23423
4832
4833
15012
4832
4834
15019
15015
15022
15016
23427
15023
23428
4839
4840
4841
15025
23457
23464
4839
4840
4851
23458
4839
4841
4938
15026
4840
4841
4853
4939
23465
15029
23461
4856
23463
23469
4941
15031
23470
4845
4846
15053
15057
23492
4845
4846
4865
23493
4845
15055
23496
4868
15060
23498
4849
15090
15097
4849
4874
4943
15091
4875
15095
15100
4854
4855
4856
15118
23548
23555
4855
4856
23549
4854
4855
15119
4854
4856
23556
15122
23559
15123
23553
23554
23560
4861
4862
4863
15132
15139
23583
4861
4862
4890
15133
4861
4863
4946
15140
4862
4863
4892
4947
23584
15136
15143
4895
15138
23588
4949
15145
23589
4867
4868
15160
15165
23604
4867
4868
23605
4867
15161
15163
23609
15167
23610
4871
4872
15187
15194
15198
4871
4872
15188
15191
15196
4904
15193
15201
4875
4876
15227
15234
15238
4875
4876
4951
15228
15231
15236
4952
15233
15241
4881
4882
4883
15267
15272
23618
4881
4882
4907
4955
23619
4881
4883
4908
15268
4882
4883
4956
15273
4910
15271
23623
4958
15276
23624
15277
4886
4887
4888
15289
15296
15302
4886
4888
15303
15299
15306
15294
15300
15295
15307
4893
4894
4895
15323
15330
23653
4894
4895
15324
4893
4894
15331
4893
4895
23654
15334
23657
15328
15335
15329
23658
4899
4900
4901
15344
15350
23681
4899
4901
4966
15351
4900
4901
4921
4968
23682
15347
15354
4923
15349
23686
4971
15356
23687
4903
4904
15371
15378
15382
15376
15380
15377
15384
15411
15417
15420
4910
4911
4912
15440
15447
23709
4910
4911
4979
23710
4910
4912
15441
4911
4912
4980
15448
15444
23713
4983
15452
23715
15446
15453
4917
4918
4919
15461
15468
23737
4917
4918
4929
4986
23738
4917
4919
4930
15462
4918
4919
4987
15469
4932
15466
23742
4989
15473
23743
15467
15474
4922
4923
15492
15496
15500
4922
4923
15501
15498
15504
15495
15505
4926
15531
15535
4926
4999
15536
5001
15534
15540
17326
17327
4932
4933
4934
15580
15585
23758
4932
4933
5014
23759
4932
4934
15581
4933
4934
5015
15586
15583
23762
5018
15590
23764
15584
15591
5021
15607
15611
4940
4941
15627
15632
23779
4941
15628
4940
4941
23780
15633
23783
15631
23784
4951
15640
4948
4949
15656
15661
15665
4949
15657
4948
4949
15666
15663
15669
15660
15670
4952
4953
15723
15730
15734
4952
4953
15724
15728
15732
15729
15735
4958
4959
4960
15755
15762
23800
4958
4959
4979
23801
4958
4960
15756
4959
4960
4981
15763
15759
23804
4984
15767
23806
15761
15768
4963
4964
15794
15801
15808
4963
4964
4993
15795
4994
15799
15806
15800
4969
4970
4971
15825
15832
23828
4970
4971
15826
4969
4970
15833
4969
4971
23829
15835
23832
15830
15836
15831
23833
4973
15857
15861
15865
15860
15868
4976
4977
15895
15899
15903
4976
4977
5003
5029
15904
5005
15898
15908
5031
15902
15909
4982
4983
4984
15928
15935
23849
4983
4984
23850
4982
4983
15929
4982
4984
15936
15932
15939
15933
23854
15940
23855
4989
4990
4991
15949
15956
23877
4989
4990
5014
23878
4989
4991
15950
4990
4991
5016
15957
15953
23881
5019
15961
23883
15955
15962
4994
4995
15970
15977
15984
4994
4995
15971
15974
15981
5039
15976
15987
4997
16002
16008
16014
5022
16006
16012
5000
5001
16038
16042
16046
5000
5001
16047
16044
16050
16041
16051
5004
5005
16072
16076
16083
5004
5005
16084
16080
16087
16075
16088
5010
5011
5012
16104
16111
16118
5010
5011
5024
16105
5010
5012
5041
16112
5011
5012
5025
5043
16119
16108
16115
5027
16110
16123
5046
16117
16124
5017
5018
5019
16132
16139
23961
5018
5019
23962
5017
5018
16133
5017
5019
16140
16136
16143
16137
23966
16144
23967
5021
16159
16166
16170
16163
16168
16195
16198
5026
5027
16228
16233
16237
5027
16229
5026
5027
16238
16235
16241
16232
16242
5030
5031
16310
16314
16318
5030
5031
16319
16316
16322
16313
16323
5036
5037
5038
16369
16375
16381
5036
5037
5048
16370
5036
5038
5061
16376
5037
5038
5050
5063
16382
16372
16378
5053
16374
16386
5066
16380
16387
16413
16414
5044
5045
5046
16444
16451
16458
5045
5046
16445
5044
5045
16452
5044
5046
16459
16455
16462
16449
16456
16450
16463
5051
5052
5053
16486
16493
16500
5052
5053
16487
5051
5052
16494
5051
5053
16501
16497
16502
16491
16498
16492
5056
5057
16522
5056
5072
16527
16525
16529
5059
16543
5059
16546
16639
16545
16548
5064
5065
5066
16558
16565
16572
5065
5066
16559
5064
5065
16566
5064
5066
16573
16569
16574
16563
16570
16564
5068
16591
16593
5071
5075
16600
18139
5071
5078
16604
18140
16602
16606
18143
5074
16613
5074
16616
16640
16615
16618
5077
16622
18146
5077
16625
18147
16624
16626
18150
16630
5080
17329
17331
5081
17336
17337
17339
17344
17347
5085
6528
6558
5084
5086
6456
6536
5089
6538
5089
5090
6569
18964
5088
5089
6466
18965
5088
5090
6467
6570
6468
18967
6572
5100
6644
6661
5093
5101
6544
5103
6545
5097
5098
5099
5097
6549
5097
5098
5102
6550
6664
5103
6551
5105
6665
5103
5104
5105
5104
5105
6653
6669
5103
5104
6654
18972
5103
5105
6670
18973
18974
6656
6672
5108
6565
6719
5109
6741
19062
5109
6577
19063
19065
5113
6647
19055
5114
6649
19091
5113
5114
5117
19057
19092
5118
19058
5119
19093
5119
19111
5118
6726
5118
5119
6727
19112
6728
19114
5122
5131
6934
5122
5135
6935
6961
5134
5137
6937
5127
5128
5129
5130
5127
5128
6734
6824
5127
5129
5132
6736
5128
5129
5136
6826
5133
6737
6827
5134
5137
5133
5134
5134
6941
5133
5134
6746
6942
6944
5137
6962
19139
5137
6828
19140
19142
5139
7041
7142
5141
7054
7149
5141
7055
7158
7056
17349
5147
5148
5149
5159
5166
18277
5147
5148
7221
18278
19286
5147
5149
5160
7248
19287
5148
5149
7222
5164
18282
19289
5167
7224
18283
5165
5154
5155
5156
5159
18277
5154
5155
7181
19230
5154
5156
7194
18279
19232
5155
5156
5161
7195
18281
19233
5163
7182
5164
7196
18282
5158
5159
5166
5163
5163
5164
5165
5164
5165
7208
7249
5163
5164
7209
5163
5165
7211
5167
16696
7242
16702
5169
7201
7294
7215
7309
7155
7235
7237
7380
5175
5176
5188
5192
18291
5175
5176
7401
7424
18292
5176
7425
5191
7403
18296
5195
7427
18297
5181
5182
5183
5188
18291
5181
5182
7299
17352
5181
5183
5189
5182
5183
7301
7406
18293
5190
17353
7302
18295
5191
7407
18296
5186
5187
5188
5192
5186
5187
5190
5194
5190
5191
5190
5191
7411
5194
5195
18284
5194
5195
7440
18287
18289
7441
18290
17354
17355
5198
17357
17358
17359
17365
17366
17367
5201
7431
17357
5201
5202
7433
7527
5204
7434
5204
7445
7538
5204
7446
7447
5209
5210
5211
5220
5226
5230
5209
5210
5221
7562
7570
5209
5211
5227
7563
7608
5210
5211
5231
7571
7609
5224
5228
7565
5225
5235
7573
5229
5236
7610
5213
5220
5226
5223
5217
5218
5219
5226
5230
5217
5218
7533
5218
5219
5233
7534
5234
7535
5229
5236
5223
5224
5225
18298
5224
5225
7567
16769
5223
5225
7488
16770
18300
18302
16772
18304
5228
5229
5228
5229
7611
7612
5234
5235
5236
18298
5235
5236
7584
7613
5234
5235
7544
7585
18301
5234
5236
7545
7546
18303
7587
18304
7614
5240
5241
5254
18305
5240
19468
5240
5241
7708
18306
19469
5256
18310
19471
7710
18311
5246
5247
5248
5254
18305
5246
5247
7520
19447
5246
5248
5255
7665
5247
5248
7666
18307
19449
18309
19450
5256
7667
18310
5252
5253
18305
5252
7577
5252
5253
7579
7712
18308
7580
18309
18311
5256
5256
7684
7685
7690
7765
7691
7784
5263
5264
5271
5263
5264
5272
7884
19524
5263
7885
5264
7929
19525
5275
7886
5276
19527
5274
7774
5269
7776
7871
5269
5270
5273
7778
19532
5270
19533
5274
7779
5276
19534
5274
5275
5276
5275
5276
7902
5274
5276
7788
7903
7789
7905
5281
5282
5283
5291
17395
18319
5281
5282
7841
8009
17397
5281
5283
7842
8044
18322
5282
5283
5293
7843
17399
18323
5295
8010
17401
5296
8045
18325
5288
5289
5290
5291
17395
25557
5288
5289
7895
8011
17398
5288
5290
7897
8098
25560
5289
5290
5294
8012
8099
7898
17400
25561
5295
8013
17401
5297
8100
25563
5295
5296
5297
25438
5296
5297
8056
8108
25441
5295
5296
5295
5297
8109
8014
8057
25443
8111
25444
8470
8496
5303
5304
5305
5313
5320
5303
5304
8575
8603
5303
5305
5314
8576
19839
5304
5305
5321
8604
19840
5318
8578
5325
8606
5319
5326
19842
5310
5311
5312
5313
5320
5310
5311
8242
8477
5310
5312
5316
8244
19847
5311
5312
5323
8479
19848
5317
8245
5324
8480
5319
5326
19849
5317
5318
5319
5318
5319
8589
19860
5317
5318
8249
8590
5317
5319
8250
19861
8251
8592
19863
5324
5325
5326
5325
5326
8617
19867
5324
5325
8490
8618
5324
5326
8491
19868
8492
8620
19870
5328
5336
16826
5340
16828
5333
5334
5335
5333
8316
8582
5334
19994
5333
5334
5338
8584
19995
5339
8585
5340
19996
5339
5340
5340
20007
5339
8597
8662
5339
5340
8598
20008
8599
20010
5345
5346
5347
5355
5362
5345
5346
8937
8965
5345
5347
5356
8938
20140
5346
5347
5363
8966
20141
5360
8940
5367
8968
5361
5368
20143
5352
5353
5354
5355
5362
5352
5353
5352
5354
5358
8502
20148
5353
5354
5365
20149
5359
8503
5366
5361
5368
20150
5359
5360
5361
5360
5361
8951
20154
5359
5360
8508
8952
5359
5361
8509
20155
8510
8954
20157
5366
5367
5368
5367
5368
8982
20161
5366
5367
8832
8983
5366
5368
8833
20162
8985
20164
5373
5374
5375
5383
5390
5373
5374
9033
9060
5373
5375
5384
9034
20224
5374
5375
5391
9061
20225
5388
9036
5395
9063
5389
5396
20227
5380
5381
5382
5383
5390
5380
5381
8610
8944
5380
5382
5386
8612
20232
5381
5382
5393
8946
20233
5387
8613
5394
8947
5389
5396
20234
5387
5388
5389
5388
5389
9046
20238
5387
5388
8625
9047
5387
5389
8626
20239
8627
9049
20241
5394
5395
5396
5395
5396
9085
20245
5394
5395
8959
9086
5394
5396
8960
20246
8961
9088
20248
5401
5402
5403
5409
5401
5402
5407
9130
9150
5401
5403
9131
20343
5402
5403
5410
9151
20344
9133
5408
5414
9153
5415
20346
5405
5406
5412
9041
16869
5413
9042
5415
16870
5408
9140
9172
9173
5413
5414
5415
5414
5415
9176
20364
5413
5414
9054
9177
5413
5415
9055
20365
9056
9179
20367
5420
5421
5422
5434
5441
5420
5421
9341
9381
5420
5422
5435
9342
20483
5421
5422
5442
9382
20484
5433
5439
9344
5446
9384
5440
5447
20486
5424
5425
5436
8971
9348
5438
8972
5433
5439
9349
5430
5431
5432
5434
5441
5430
5431
8975
9270
5430
5432
5437
8977
20491
5431
5432
5444
9272
20492
5438
8978
5445
9273
5440
5447
20493
9364
5438
5439
5440
5439
5440
9367
20497
5438
5439
8990
9368
5438
5440
8991
20498
8992
9370
20500
5445
5446
5447
5446
5447
9387
20504
5445
5446
9281
9388
5445
5447
9282
20505
9283
9389
20507
5452
5453
5454
5470
5474
5481
5452
5453
5471
9485
9518
5452
5454
5475
9486
24297
5453
5454
5482
9519
24298
5472
5479
9488
5473
5486
9521
5480
5487
24300
5457
5458
5470
5474
5457
5458
5476
9071
9492
5478
9072
5472
5479
9493
5461
5462
5470
5481
5461
5462
5483
9352
9525
5485
9353
5473
5486
9526
5467
5468
5469
5474
5481
5467
5468
9075
9356
5467
5469
5477
9077
24304
5468
5469
5484
9358
24305
5478
9078
5485
9359
5480
5487
24306
5472
5473
5472
5473
9500
9538
9501
9539
5478
5479
5480
5479
5480
9504
24325
5478
5479
9093
9505
5478
5480
9094
24326
9095
9507
24328
5485
5486
5487
5486
5487
9542
24332
5485
5486
9375
9543
5485
5487
9376
24333
9377
9545
24335
5501
5507
9649
5493
5494
5495
5496
5502
5493
5494
9165
16888
5493
5495
5499
9167
20589
5494
5495
5505
16890
20590
5500
9168
5506
16891
5501
5507
20591
5500
5501
5501
9660
5500
9184
17300
5500
5501
9185
9661
9186
9663
5506
5507
5507
9641
20602
5506
9512
9642
5506
5507
9513
20603
9514
20605
5509
9533
9704
9551
9706
5513
5514
5516
20623
20630
5513
5515
5520
16909
20624
5514
5515
16910
20631
5518
20626
5519
20633
16912
5518
5519
9763
9791
5519
7933
9792
9766
9794
9770
9825
5522
5525
9754
5527
9755
5524
5526
9759
9898
5527
9760
5527
9775
9896
5527
9776
9900
9777
5530
5531
5539
5546
5530
5531
5542
8104
5543
8105
5545
5550
5536
5537
5538
5546
18340
5536
5537
9784
5536
5538
9786
18343
20701
5537
5538
5548
20702
9787
18344
5549
5551
18346
20703
5543
5544
5545
18326
18333
5544
5545
9939
18327
5543
5544
18335
19609
5543
5545
9940
19610
18337
19611
18330
18339
9942
18331
5549
5550
5551
18326
5550
5551
9945
9991
18329
5549
5551
9992
18331
9994
18332
5556
5557
5558
5563
5556
5557
5561
10215
20791
5556
5558
10216
10268
5557
5558
5564
10269
20792
10218
5562
5568
20794
5569
10271
5560
5565
10112
10235
5562
5568
10236
5562
10223
10247
10250
5567
5568
5569
5568
5569
10290
20805
5567
5568
10114
20806
5567
5569
10291
20808
10293
5572
5575
10330
20847
5572
5578
10374
20848
5576
5582
20850
5574
5579
10221
10335
5576
5582
10336
5576
10331
10340
10343
5581
5582
5583
5582
5583
10379
20861
5581
5582
10227
20862
5581
5583
10228
10380
10229
20864
10382
10451
10519
5588
5589
5590
5603
18354
5588
5590
5605
10569
5589
5590
10121
10570
18356
5607
10122
18358
5608
10571
18359
5594
5595
5603
5610
5595
5606
10583
5594
5595
5612
10457
10584
5614
10458
5609
5615
10585
5600
5601
5602
5610
18354
5600
5601
10124
10461
5600
5602
10126
18357
24424
5601
5602
5613
10463
24425
10127
18358
5614
10464
5616
18360
24426
5607
5608
5609
18347
5608
5609
10575
10596
18348
5607
5608
10576
5607
5609
10597
10578
18351
10599
18352
5614
5615
5616
18347
5615
5616
18350
21022
24437
5614
5615
10472
21023
5614
5616
10473
24438
10474
18352
21025
18353
24440
18391
25179
25180
25181
5620
5622
10405
10406
10408
18404
18411
18413
18415
18416
5621
5622
10669
10670
10672
18412
18414
18415
18416
18418
5623
18393
18406
20897
20898
20899
25180
25182
25184
25185
5623
18394
18420
21072
21073
21074
25181
25183
25184
25185
5623
18408
18422
18395
18409
18423
5626
10628
20000
5626
5627
10704
20002
20003
8686
10710
5630
5631
10724
10776
5630
10777
5635
10779
5634
5635
10745
21127
5634
10481
10746
5635
10482
21128
10748
21130
5640
5641
5642
18438
18452
5640
5641
10734
5640
5642
8751
10831
18441
5641
5642
10736
10832
18454
8752
18442
10737
18456
10833
18444
18457
5645
10707
20350
5645
5653
10934
20352
5655
20353
5650
5651
5652
5650
5651
10842
20357
5650
5652
5654
10942
20359
5651
5652
10844
10943
5655
20360
10845
10944
5655
10938
20372
5655
10950
20373
20374
5660
5661
5675
5677
18480
5660
10995
5660
5661
10996
11023
18481
5661
11024
5676
10998
18485
5679
11026
18486
5666
5667
5675
18480
5666
16958
5667
16980
5666
5667
16960
16981
18482
16961
18484
5676
16982
18485
5672
5673
5674
5677
18480
5672
5673
10960
21183
5672
5674
18483
21185
21282
5673
5674
5678
10962
21283
18484
21186
5679
18486
21284
5676
11011
5679
5679
11031
11032
5684
5685
16631
5684
5685
16632
16965
24311
5684
5697
11282
24313
5685
16967
5699
16635
24314
16636
16968
5690
5691
16631
5690
5691
16633
17000
24318
5690
5698
24320
5691
17002
5699
16635
24321
16637
17003
5695
5696
16634
16972
17007
5695
16974
5696
17009
16636
16975
16637
17010
5699
11287
17294
5699
17295
17296
5702
9653
10947
5702
5706
9655
17301
5708
9656
5705
11284
20595
5705
5707
20597
5708
20598
5708
17302
20610
5708
20611
20612
5710
11370
11408
11390
11431
5712
5713
11483
11533
5714
11485
5714
11505
11539
11508
5719
5720
5721
5729
18508
5719
5720
11694
18509
5719
5721
11695
11729
5720
5721
11696
18513
5732
18514
5733
11730
5726
5727
5728
5729
17437
18508
5726
5727
9984
11682
17439
5726
5728
9986
11719
18511
5727
5728
9987
17441
18512
5731
11683
17443
5732
11720
18514
5731
5732
5733
18501
5731
5733
18504
11690
18506
11747
18507
5736
17373
17376
17377
17378
17382
17383
10175
11786
5742
10281
11763
5742
5743
5745
10283
21534
5743
21535
5746
10284
5747
21536
5746
10298
11821
5746
5747
10299
17036
10300
17038
10377
11886
5751
5752
11984
12011
16717
5751
11985
5763
11987
16721
12014
16722
5757
5758
16716
5757
10527
5757
5758
10529
11992
16718
5758
11993
10530
16720
5763
11995
16721
5761
5762
16716
5761
5762
10535
12019
16719
10536
16720
12022
16722
12008
5767
5768
18557
5768
21904
5767
5768
17071
18558
21905
5782
17073
18562
5783
18563
21907
5773
5774
5775
18557
5773
5774
10669
5773
5775
10671
21884
5774
5775
18559
21885
10673
18561
5782
18562
21886
5780
5781
18557
5780
21827
5781
12222
5780
5781
12223
18560
21829
18561
21830
5783
12224
18563
12206
12238
5788
5789
5790
5802
5809
18571
5788
5789
12355
18572
21967
5788
5790
5803
21968
5789
5790
5810
12356
5807
18576
21970
5811
12358
18577
5808
5812
5795
5796
5797
5809
18571
5795
5796
10788
5795
5797
10789
12363
18574
5796
5797
12364
10790
18575
5811
12365
18577
5800
5801
5802
5809
5800
5801
5805
12025
5806
12026
5808
5812
5806
5807
5808
18564
5807
5808
22002
5806
5807
12031
18567
22003
5806
5808
12032
12033
18569
18570
22005
5811
5812
5811
5812
12369
5816
5817
12547
12549
12550
18579
18585
18588
18589
18591
5816
5818
18586
18588
18590
18591
22513
22515
22516
25334
5817
5818
17077
17078
17080
18587
18589
18590
18591
18606
22520
22521
22523
5819
18581
25336
5819
18583
18609
22248
22249
22250
5819
18610
25338
18584
18612
25339
5823
5824
18599
18603
18604
18605
25335
18594
25186
25187
25190
18608
25193
25194
25197
5826
18596
25189
25190
25191
25192
25337
5826
18610
25196
25197
25198
25199
25338
5826
18597
18611
25187
25188
25189
25192
25194
25195
25196
25199
18598
18612
25339
5830
5831
5832
5833
17465
18627
5830
5831
10897
12199
17466
5831
5832
12200
18629
5836
17470
12201
17471
18631
5837
18632
5836
5837
5838
18613
18620
5837
5838
12555
18614
5836
5838
18622
18625
18617
12556
18618
18626
5842
5843
10963
22016
5842
5844
5845
10965
22367
5843
5844
5846
22018
22368
10966
22019
5847
22369
10967
12762
5847
12372
12769
12771
5852
5853
5854
5853
5854
13032
13059
5852
5853
11244
13033
5852
5854
11245
13060
11246
13034
13061
5864
5866
13113
5859
5860
17077
22520
5859
5861
5863
17079
22563
5860
5861
5865
22522
22564
17081
22524
5864
5866
22565
5864
22583
5864
12559
22584
22586
5866
13039
17127
17129
5870
5871
5872
5880
18641
5870
5872
17306
18643
5871
5872
5882
17307
18645
5884
5885
17308
18646
5876
5877
5887
18641
5876
5877
13573
18644
5877
5889
13574
18645
5891
13575
18647
5879
5880
5887
5886
5892
13594
5884
5885
5886
18634
5885
5886
18636
22772
24864
5884
5885
13327
24865
5884
5886
22773
18638
24867
18640
22775
5891
5892
18634
5891
5892
13586
13610
18637
5891
13587
5892
13611
13589
18639
13613
18640
13719
13850
5906
5912
13856
5899
5900
5901
5907
5899
5900
21449
22744
5899
5901
5904
21451
22857
5900
5901
5909
22746
22858
5905
21452
5911
22747
5906
5912
22859
5903
5910
13581
5911
13582
5905
5906
11547
17183
11548
17185
5911
5912
5913
5912
5913
13867
22877
5911
5912
22759
22878
5911
5913
13868
22760
22761
22880
5918
5919
5920
16726
18669
18676
5918
5919
13879
13909
18670
5918
5920
13880
13942
18677
5919
5920
13910
16727
13882
18674
18681
13911
16731
18675
13943
16732
18682
5924
5925
13983
16734
22919
5925
22920
13986
16738
16739
22922
5928
21841
5928
5929
13991
16735
21843
16737
21844
13992
16738
5934
5935
16733
5934
13954
21848
5934
5935
16736
21850
22927
5935
22928
16737
21851
16739
22929
5940
5941
5942
5952
18690
5940
5941
14089
18691
24969
5940
5942
14090
5941
5942
5953
14130
24970
14092
18695
5957
18696
24972
5958
5946
5947
18690
5946
12228
5946
5947
12230
14096
18692
12231
18694
14097
18695
5950
5951
5952
5950
5951
5955
13995
5956
13996
5958
5956
5957
5958
18683
5957
5958
14131
24990
5956
5957
13999
18686
24991
5956
5958
14000
14132
14001
18688
18689
24993
14133
5971
12281
5964
5965
5966
5967
5964
5965
12283
14100
5964
5966
5970
12285
17218
5965
5966
5973
14102
17219
5971
12286
5974
14103
5972
17220
5971
5972
5972
14174
17224
5971
12293
14175
5971
5972
12294
17225
12295
17227
5974
14107
14190
14108
5977
13961
22163
5977
5981
14282
22165
5983
22166
5980
14277
22170
5980
5982
14305
22172
5983
22173
5983
14296
22192
5983
14310
22193
22194
5988
5989
5990
16740
17500
18725
5988
5989
14183
14475
17503
5988
5990
14185
16743
5989
5990
14477
18728
14186
16744
17505
14478
17506
18729
14587
16746
18731
5994
5995
6006
16747
5994
6007
14795
17253
5994
5995
16748
17254
6008
16752
17256
16753
6000
6001
6002
6006
16747
6000
6001
14681
6000
6002
14798
6001
6002
14683
14799
16749
14684
16751
6008
14800
16752
6005
14688
6005
14690
16750
14691
16751
6008
6008
14811
17251
14814
14307
17084
6011
14865
17086
12980
14871
6014
6031
6037
6014
6032
14875
6036
6040
14876
6019
6020
6021
6031
6037
6019
6020
22996
24787
6019
6021
6033
14880
24788
6020
6021
6038
14881
22998
6035
24789
6039
23000
6036
6040
14882
6025
6026
6031
6025
6026
14867
24794
6025
6034
14911
24796
6035
24797
6029
6030
6037
6029
6030
14337
14870
6039
14338
6035
6036
6036
14897
6035
6036
14898
24802
6035
14913
24803
24804
14900
6039
6040
6039
6040
14348
14904
14349
14905
6044
6045
6046
6060
6067
18788
6044
6045
14931
14952
18789
6044
6046
6061
14932
6065
14934
18793
6070
14953
18794
6066
6051
6052
6053
6067
17514
18788
6051
6052
14886
17516
22576
6051
6053
14957
18791
22578
6052
6053
6068
14888
14958
17518
18792
22579
6069
14889
17520
6070
14959
18794
6057
6058
6059
6060
6067
17514
6057
6058
14489
14893
17517
6057
6059
6063
14491
6064
14492
17519
6069
14894
17520
6066
6064
6065
6066
18781
6065
6066
14938
6064
6065
14497
14939
18784
6064
6066
14498
14499
18786
14941
18787
6069
6070
6069
6070
14908
14975
14909
14976
6075
6076
6077
6085
18907
6075
6076
14804
6075
6077
6087
15291
6076
6077
14806
15292
18909
6089
14807
18911
6090
15293
18912
6082
6083
6084
6085
18914
6082
6083
15112
6082
6084
6088
15325
6083
6084
15114
15326
18916
6089
15115
18918
6091
15327
18919
6089
6090
6091
18893
6090
6091
15310
15338
18894
6089
6090
15311
6089
6091
15339
15313
18897
15341
18898
6096
6097
6108
6111
6114
6096
6109
15486
6097
6112
15482
15555
6096
6097
6115
15487
15556
6110
6119
15489
6113
6120
15558
6100
6101
6108
6114
6100
6101
6116
15298
15493
6118
15299
6110
6119
15494
6106
6107
6111
6114
6106
14863
15303
6107
15560
6106
6107
6117
15305
15561
6118
15306
6113
6120
15562
6110
6110
15508
15509
6113
6113
15564
15565
6118
6119
6120
6119
6120
15512
15567
6118
6119
15318
15513
6118
6120
15319
15568
15320
15515
15570
6124
6125
6128
6124
15012
6124
6125
6130
15014
15629
6132
15015
6133
15630
6127
6131
15021
6132
15022
6132
6133
6134
6133
6134
23787
6132
6133
23445
23788
6132
6134
23446
23447
23790
6139
6140
6141
6156
6160
6167
6139
6140
6157
15650
6139
6141
6161
15651
15717
6140
6141
6168
15690
15718
6158
6165
15653
6159
6171
6166
6172
15720
6145
6146
6156
6160
6145
15119
6145
6146
6162
15121
15658
6164
15122
6158
6165
15659
6148
6156
6167
6170
15633
6153
6154
6155
6160
6167
6153
6154
23556
23780
6153
6155
6163
15725
23558
6154
6155
6169
15726
23782
6164
23559
6170
23783
6166
6172
15727
6158
6159
6158
6159
15673
15674
6164
6165
6166
6165
6166
15677
15738
6164
6165
15678
23571
6164
6166
15739
23572
23573
15680
15741
6170
6171
6172
6171
6172
15693
15745
6170
6172
15636
15746
15637
15748
6177
6178
6179
6191
6195
18928
6177
6178
6192
15819
15851
6177
6179
15820
18929
23843
6178
6179
6196
15852
23844
6193
15822
18933
6194
6200
15854
6201
18934
23846
6184
6185
6186
6191
18928
6184
6185
15331
6184
6186
15827
6185
6186
15333
15828
18930
15334
18932
6193
15829
18933
6189
6190
6191
6195
6189
6190
6197
15662
15858
6199
15663
6194
6200
15859
6193
6194
6193
6194
15839
15871
15840
15872
6199
6200
6201
18921
6200
6201
15875
23864
6199
6200
15685
15876
6199
6201
15686
18924
23865
15687
18926
15878
18927
23867
6204
6205
6218
6223
6204
6205
6225
15497
16039
6227
15498
6221
6228
16040
6209
6210
6218
18942
6209
15833
6209
6210
15834
16073
18944
15835
18946
6222
16074
18947
6215
6216
6217
6223
18942
6215
6216
15501
23829
6215
6217
6226
15503
23963
6216
6217
18945
23831
23964
6227
15504
18946
23832
6229
18948
23965
6221
6222
18935
6221
6222
16054
16091
18936
6222
16092
16056
18939
16094
18940
6227
6228
6229
18935
6228
6229
16059
18937
23969
6227
6228
15520
16060
6227
6229
15521
23970
15522
16062
18939
18941
23972
6233
6234
6246
6249
6251
6233
6247
16222
6233
6234
6252
16223
16278
6248
6256
16225
6250
6257
16279
6237
6238
6246
6251
6237
6238
6253
16043
16230
6255
16044
6248
6256
16231
6243
6244
6245
6249
6251
6243
6244
15622
16047
6243
6245
16280
6244
6245
6254
16049
16281
6255
16050
6250
6257
16282
6248
6248
16245
16246
6250
16283
6255
6256
6257
6256
6257
16249
16284
6255
6256
16067
16250
6255
6257
16068
16285
16069
16252
16286
6261
16304
16343
6261
6262
6267
16305
16406
6262
6272
16344
16407
6270
16307
6271
6274
16408
6268
15862
16311
6266
6269
15867
16410
6266
6273
16294
16411
6271
6274
16412
6270
6271
16330
16415
6270
15883
16331
6271
15884
16416
16333
16417
6274
16352
16419
6274
16297
16420
16421
6277
6278
6279
6296
6303
6310
6277
6279
6304
6301
6308
16442
6302
6315
6309
6316
6283
6284
6296
6303
6284
6298
16446
6283
6284
6305
16079
16447
6307
16080
6301
6308
16448
6287
6288
6296
6310
6287
6288
6312
16315
16489
6314
16316
6302
6315
16490
6293
6294
6295
6303
6310
6293
6294
16084
16319
6293
6295
6306
16086
16540
6294
6295
6313
16321
16541
6307
16087
6314
16322
6309
6316
6300
6301
6302
6301
6302
16465
16504
6300
6301
16466
6300
6302
16505
16468
16507
6307
6308
6309
6308
6309
16472
6307
6308
16473
23935
6307
6309
16542
23936
23937
16475
6314
6315
6316
6315
6316
6314
6315
16338
16511
6314
6316
16339
16340
16513
6320
6321
6322
6336
6343
6320
6322
6338
6321
6322
6344
16234
6340
6346
16235
6341
6327
6328
6329
6336
6327
6328
16452
6327
6329
6339
16544
6328
6329
6347
16454
6340
6348
16455
6342
6334
6335
6343
6334
6335
16238
16459
6334
6345
16240
6335
16461
6346
16241
6348
16462
6340
6341
6342
6341
6342
6340
6341
6340
6342
16549
6346
6346
16257
6346
16258
16259
6348
16479
16480
6350
6356
16555
16590
6358
6363
16556
6354
6355
6359
6355
6357
16560
6354
6355
6360
16348
16561
6362
16349
6358
6363
16562
6358
16576
16594
6358
16577
16579
6362
6363
6362
6363
16357
16583
6362
16358
16359
6368
6369
6368
6369
13436
16494
6368
6378
13438
16614
6369
16496
6380
13439
16497
6372
6373
16566
22660
6372
6379
16623
22662
6380
22663
6381
16569
6376
6377
6376
6377
16501
16573
16502
6381
16574
6380
16619
22668
6380
16627
22669
22670
16588
13597
16591
6384
6393
6413
6392
6394
6414
6387
6388
6389
6387
6388
6390
6422
17329
6391
17330
6392
6394
6425
6391
6392
6391
6392
6435
17333
17334
6437
6394
6443
6446
6397
6398
6404
6408
6397
6398
6409
6413
6410
6406
6411
6415
6402
6403
6404
6408
6402
6403
6405
6429
6455
6402
6430
6406
6411
6431
6407
6458
6406
6407
6406
6407
6439
6461
6440
6462
6410
6411
6410
6411
6443
6447
6414
6415
6434
6438
6442
6414
6415
6443
6437
6446
6440
6447
6418
6419
6434
6438
6418
6419
6476
6436
17335
6441
6478
6424
6425
6426
6434
6442
6424
6426
6519
17336
6424
6425
6435
17337
6425
6426
6444
6520
6436
17338
6437
6446
6448
6521
6431
6432
6433
6438
6442
6432
6433
6522
18950
6431
6432
6439
18951
6431
6433
6445
6523
6440
6447
6441
18953
6448
6524
6436
6437
6436
6437
17342
17343
6440
6441
6440
6441
6485
6486
6446
6447
6448
6446
6447
6446
6448
6447
6448
6526
6451
6452
6460
6464
6451
6452
6465
6472
6490
6463
6469
6473
6470
6457
6458
6459
6460
6464
6457
6458
6458
6459
6461
18951
6457
6459
6466
18952
6468
6462
6463
6469
18954
6462
6463
6462
6463
6485
6487
6468
6469
6470
6469
6470
6496
18957
6468
6469
18958
6468
6470
6497
18960
6499
6473
6474
6484
6488
18956
6473
6474
6502
18957
6487
18960
6489
6503
18961
6477
6478
6484
6488
6477
6478
6486
6482
6483
6488
18956
6483
6542
6482
6483
6505
6543
18959
6489
18961
6546
18962
6486
6487
18949
6486
6487
18951
18953
18954
6489
6491
6496
6502
6500
6504
6493
6494
6498
6509
6564
6500
6510
6501
6566
6499
6500
6501
6499
6500
6513
6499
6501
6570
6500
6501
6515
6571
6517
6573
6503
6504
6513
6516
6517
6506
6514
6583
6518
6585
6510
6511
6512
6511
18985
6510
6511
6515
18986
6517
6518
18988
6516
6517
6518
6516
6517
18957
6516
6518
18959
19000
6517
6518
19001
18961
19002
6521
17344
6521
6526
6524
6525
6535
6524
6526
6540
6531
6532
6533
6554
18963
18970
6531
6532
18964
18978
6531
6533
6532
6533
6588
18971
18979
6555
18967
18969
18975
18981
6556
6590
18976
6538
6539
6540
6554
17535
18963
6539
6540
17536
18950
6538
6539
18952
18965
6538
6540
6555
18967
17540
18955
18968
17541
6545
6546
6547
17535
18963
18970
6545
6546
17537
6546
6547
6583
18966
6545
6547
6584
18972
17539
18974
17540
18968
6586
18969
18975
6551
6552
6553
6554
17535
18970
6551
6552
17538
6551
6553
6592
18973
17539
18974
17541
6556
18976
6555
6556
6560
6561
6562
6568
6575
6560
6561
6569
18978
6561
6562
6576
6603
18980
6572
6574
6580
18982
6581
6605
6566
6567
6568
6575
6566
6567
6571
18986
6567
6577
18987
6573
6574
6580
18989
6572
6573
6574
6572
6574
18999
6572
6573
6573
6574
19001
19004
6579
6580
6581
6580
6581
6615
25453
6579
6580
25454
6579
6581
6616
25456
6618
6585
6586
6587
18998
19005
6585
6586
19000
6586
6587
19007
19002
19003
19009
19011
6590
6591
6596
6624
6591
6626
6599
6600
6602
6628
6597
6664
6594
6598
6632
6666
6600
6602
6634
6599
6600
6601
6599
6600
18971
19027
6599
6601
6670
18973
6600
6601
6671
19029
18976
19031
6673
6641
6605
6606
6615
6625
6606
6626
6618
6619
6622
6629
6611
6612
6613
6614
6612
6613
6734
6824
6611
6612
6617
6735
19021
6611
6613
6621
6825
19022
6619
6622
19023
6620
6738
6618
6619
6620
6618
6619
25460
6618
6620
6742
6619
6620
6743
25462
25464
6744
6622
6640
6642
6627
6628
6629
6637
19026
25459
6627
6628
18979
19027
6627
6629
18980
25460
6628
6629
6638
18983
19030
25463
6641
19031
6642
25464
6634
6635
6636
6637
19026
6635
6636
6684
6832
6634
6635
6685
19029
6634
6636
6639
6833
6641
19031
6687
19032
6643
6834
6641
6642
6643
19019
6641
6642
6641
6643
6851
6642
6643
6852
19022
19023
6853
19025
6645
6653
6677
6658
6659
6680
6650
6651
6652
6650
18992
6650
6651
6655
18993
19035
6651
19036
6657
18996
6658
6659
19038
6656
6657
6658
6656
6658
19048
6656
6657
19007
6657
6658
19008
19049
19011
19052
6694
6662
6663
6668
6662
6663
6669
6677
6672
6674
6675
6681
6665
6670
6672
6667
6671
6685
6674
6675
6688
6672
6673
6674
6672
6674
19048
6672
6673
6673
6674
19050
19053
6701
6680
6681
6682
6690
6697
19047
6680
6681
19048
6680
6682
6691
6681
6682
6698
6694
19052
6701
19053
6695
6702
6687
6688
6689
6697
19047
6687
6689
6883
6687
6688
19050
6688
6689
6699
6884
19051
6701
19053
6703
6885
6694
6695
6696
19033
19040
6694
6695
6694
6696
6785
19036
6695
6696
6708
6786
19042
19038
6709
19044
6788
19039
19045
6701
6702
6703
19040
6701
6702
6701
6703
6702
6703
6710
6895
19043
6711
19044
6896
19046
6792
6908
6707
6708
6793
19042
6707
6710
6909
19043
6709
6711
19044
6709
6798
6711
6715
6716
6724
19061
6715
6716
6749
19062
6716
6725
6750
19065
6730
6752
19067
6720
6721
19061
6721
18985
6720
6721
18987
19063
19065
18990
19066
6723
6724
6728
6728
6729
6730
19054
6729
6730
19083
6728
6729
6728
6730
19057
19084
19058
19060
19086
6732
6741
6749
6745
6747
6753
6737
6738
6739
6740
6737
6738
6738
6739
6743
6737
6739
6746
6744
6745
6747
6744
6745
6745
19076
6744
6744
6745
19078
19081
6747
6757
6759
6752
6753
6754
6755
19075
19082
6752
6753
19076
6752
6754
19083
6753
6754
6756
19080
19086
6759
19081
6760
6762
19087
6759
6760
6761
6759
6760
6774
6759
6761
6942
6760
6761
6775
6943
6776
6945
6772
6776
6767
6768
6769
6768
6769
19125
19146
6767
6768
6771
19126
6767
6769
6775
19147
6772
6776
6773
19128
6777
19149
6772
19083
6772
6773
6816
19085
19087
6817
6776
6776
6777
6958
6959
6781
6782
6783
6784
19110
19117
6781
6783
19111
6782
6783
6807
19118
6787
19114
6789
6790
19122
6808
19116
19123
6787
6788
6789
19089
19096
6787
6788
19091
6788
6789
6798
19098
19093
19094
19101
6799
19102
6799
6804
6795
6796
6797
6800
6795
6797
7010
6795
6796
6798
19098
6796
6797
6802
7011
19099
6799
6804
19102
6805
7014
6799
6804
6805
6804
6820
19118
6804
6805
19119
19196
6805
6821
19197
19122
19199
6808
6814
16754
6808
16755
6818
16758
6812
6813
16754
6813
7039
6812
6813
6819
7040
16757
16759
7043
16760
6817
6818
19124
6818
19111
6817
6818
19113
19126
19128
19116
19129
6822
7066
6823
16755
16763
6823
16757
16764
16759
6827
6838
6827
6828
6839
6860
6830
6850
6854
6858
6856
6863
6834
6835
6850
6854
6834
6835
6883
6834
6851
6853
6857
6886
6840
6841
6842
6850
6858
6840
6842
19020
6840
6841
6852
19022
6841
6842
6860
6853
19025
6862
6864
6847
6848
6849
6854
6858
6848
6849
6888
6847
6848
6855
6867
6889
6847
6849
6861
6868
6856
6863
6869
6857
6892
6864
6853
6853
6853
6856
6857
6856
6857
6899
6900
6862
6863
6864
6862
6863
6876
6862
6864
19140
6863
6864
6877
19141
6879
19143
6869
6870
6871
6875
6870
6871
6916
19160
6869
6870
6917
6869
6871
6877
19161
6879
6919
6880
19163
6874
6875
6874
6971
6880
6973
6879
6880
6879
6879
6880
6978
6880
6979
6980
6894
6898
6901
6885
6886
6894
6898
6885
6886
6885
6896
6900
6891
6892
6893
6898
6901
6891
6892
6892
6893
6899
6917
6891
6893
6904
6918
6905
6900
6907
6920
6896
6897
19131
6896
6897
19133
19136
19137
6900
6900
6905
6906
6907
19131
6906
6907
6905
6906
6913
19134
6905
6907
6927
19135
19137
6929
6912
7010
6911
19133
6911
6912
6913
7012
19134
19137
6914
7015
6914
7026
7029
6919
6920
6921
6926
6919
6921
6919
6920
6920
6921
6927
6929
6930
6925
6926
6925
7181
19230
6925
6928
6931
19231
6930
19234
6929
6930
6929
6930
6930
6932
6932
7088
7103
6937
6938
6939
6940
19138
6937
6938
6941
6948
6937
6939
6964
19139
6938
6939
6949
6965
6944
19142
6946
6950
6967
19144
6944
6945
6946
6944
6946
6957
6944
6945
6945
6946
6958
6960
6950
6951
6956
19152
6950
6957
6950
6951
6990
19153
6960
19156
6992
19157
6954
6955
19152
6954
6955
6996
7047
19155
6997
19157
7050
19158
6959
6960
19145
6960
6959
6960
19147
19149
19150
6962
6964
6977
6967
6968
6969
6976
6983
19173
6967
6968
6977
6967
6969
6990
19174
6968
6969
6984
6991
6981
19177
6982
6986
6987
6993
19178
6973
6974
6975
6976
6983
17549
6973
6975
17551
6973
6974
6979
6980
17553
6982
6986
6988
7183
17555
6980
6981
6982
19159
6981
6982
19139
6980
6981
19141
19161
6980
6982
19163
19144
19164
6986
6987
6988
19166
6986
6987
6987
6988
7007
19169
7008
19170
7189
19172
6992
6993
7006
19180
6992
6993
19181
6993
19184
7008
19185
6997
6998
19180
6998
7115
6997
6998
7116
19182
19184
7118
19186
7003
7004
7005
7006
19180
7004
7005
7190
19244
7003
7004
19168
19183
19245
7003
7005
7007
7191
19169
7008
19170
19185
19186
19247
7008
7008
7013
7014
7015
7024
19194
7014
7015
7013
7014
19196
23983
7013
7015
7026
23984
7028
19198
23987
19199
7029
7019
7020
7031
19194
7019
7020
7060
19197
7020
7033
7061
19199
7036
7063
19200
7022
7023
7024
7031
7029
7030
7037
7085
7028
7029
7030
19187
7028
7030
7101
19189
7028
7029
7029
7030
7102
19191
7105
19193
7035
7036
7037
19187
7036
7037
7078
7108
19190
7035
7036
7079
7035
7037
7109
7081
19192
7111
19193
7042
7043
7044
7052
19208
7042
7043
7043
7044
7066
19211
7042
7044
7054
7067
7056
19213
7057
7068
19214
7049
7050
7051
7052
7049
7050
7050
7051
7116
7049
7051
7055
7117
7056
7058
7119
7056
7057
7058
7057
7058
19223
19258
7056
7057
19224
7056
7058
19259
19226
19261
7062
7063
7064
7077
16761
7062
7063
16763
7063
7064
7079
16765
7081
16766
7083
7068
7069
16761
19222
7068
16764
7068
7069
7142
19224
16767
19226
7143
19228
7074
7075
7076
7077
19222
7075
7076
7144
7074
7075
7080
7121
19266
7074
7076
7145
19225
19267
7082
19227
19268
7083
7147
19228
7081
7082
7083
19215
7081
7082
19217
19279
7081
7083
7082
7083
7122
19280
19219
19221
19282
7085
7100
7107
7105
7111
7090
7091
7092
7100
7090
7092
7090
7091
7103
19231
7091
7092
7194
19232
7104
7106
19235
7197
7097
7098
7099
7107
7098
7099
7199
7097
7098
7110
19273
7097
7099
7200
19274
7112
19275
7113
7203
7104
7105
7106
7105
7106
7104
7105
7104
7106
7111
7112
7113
7111
7112
19279
7111
7113
7112
7113
19281
19283
7118
7119
7120
19257
7118
7120
7118
7119
7119
7120
7153
19259
19261
7154
19263
7122
7125
7138
7126
7127
7137
7126
7127
17349
19265
7127
7138
19266
17350
7140
19269
7132
7133
7134
7137
7132
7134
7292
19272
7132
7133
7139
19273
7133
7134
7293
7140
19276
7141
7296
7136
7299
17352
7141
7303
7140
7140
19280
7140
19281
19284
7306
7143
7149
7151
7147
7147
7148
7150
7163
7148
7164
7151
7152
7167
7151
19224
7151
7152
7176
19225
19228
7179
7154
7158
7160
7157
19251
7157
7159
7170
19252
7160
19255
7160
19259
7160
7177
19260
19263
7165
7166
7167
7175
7165
7166
17349
19265
7166
7167
7176
19267
7165
7167
17351
7178
19270
7179
7172
7173
7174
7175
7172
7174
7379
7172
7173
7177
7173
7174
7178
7180
7381
7178
7179
7180
7178
7179
7178
7180
7182
7189
7187
7188
16697
19167
7188
7191
19169
7187
7192
16699
16701
7189
19172
7228
7230
7196
7197
7207
7196
7197
7196
7209
7211
7202
7203
7204
7213
7202
7203
7203
7204
7202
7204
7215
7217
7218
7206
7207
7213
7212
7219
7256
7211
7212
19285
7211
7212
7262
19287
7211
7212
7263
19289
7264
19291
7217
7218
7219
19285
7218
7219
7266
19288
25467
7217
7218
25468
7217
7219
7267
19290
25470
7269
19291
7224
7225
7226
7241
7243
19292
7224
7225
19293
19300
7224
7226
7225
7226
7244
7272
19302
7242
19296
7247
19298
19304
7231
7232
7233
7241
19292
7232
7233
19244
7231
7232
16698
19246
19294
7231
7233
16699
7242
16702
19296
19249
19297
7238
7239
7240
7243
19292
7238
7239
19251
7239
7240
19253
19295
19308
7238
7240
7245
19309
7246
19256
19297
7247
19298
19311
7242
7246
7247
7247
7273
19321
7246
7247
19322
19324
7249
7251
7262
7253
7254
7261
7265
7253
7262
19287
7253
7254
7266
7275
19288
7264
7269
19291
7270
7278
7256
7261
7265
7264
7269
7259
7260
7265
7259
7260
7268
7281
7325
7270
7282
7271
7327
7264
7264
7264
7269
7270
7271
7269
7270
19335
7269
7271
7270
7271
7329
19337
19339
7330
7273
7276
7285
7277
7278
7284
19334
7277
7278
19301
19335
7277
7285
19302
7287
19305
19338
19339
7282
7283
19334
7283
7337
7282
7283
7338
19337
19339
7341
19340
7287
7288
19327
7287
19321
7287
7288
7399
19323
19330
19325
19331
19333
7290
7305
7307
7314
7313
7320
7334
7295
7296
7297
7305
7307
17563
7296
7297
17564
7295
7296
7295
7297
7309
7311
7306
17568
7312
17569
7302
7303
7304
7305
7314
17563
7302
7303
17565
7303
7304
7302
7304
7316
7321
7318
17567
7306
17568
7319
7306
7311
7312
7313
25564
7311
7313
7351
7311
7312
25468
7312
7313
7352
25469
25566
25472
25569
7355
25570
7318
7319
7320
25564
7319
7320
7322
19349
7318
7319
7323
18293
7318
7320
18294
19350
25567
18295
25568
19352
25570
7323
7406
7372
7414
7373
7415
7327
7328
7329
7338
7328
7339
7330
7331
7342
7330
7331
7353
7356
7334
7335
7350
7357
19348
7334
7335
19349
7355
19352
7362
19353
7340
7341
7342
7350
7357
7340
7341
17354
7341
7342
7353
7340
7342
7358
17355
7360
17356
7354
7356
7361
7347
7348
7349
7357
19348
7347
7349
7431
17357
7348
7349
7366
7432
19351
7347
7348
7359
7367
17358
7360
17360
7362
7369
19353
7435
19354
7354
7355
7356
19341
7355
7356
7354
7355
19336
19343
7354
7356
19337
19340
19345
19346
7360
7361
7362
7360
7361
17362
7360
7362
7377
17363
17364
7376
7453
7368
7369
7370
7371
7368
7370
17365
19377
7369
7370
7374
19378
7368
7369
7377
17366
17368
7375
7376
19380
7375
7376
7375
19349
7376
19392
7375
7376
19351
19393
19353
19394
17372
7381
7382
7390
7381
7382
19307
7382
7391
19309
7393
19312
7387
7388
7389
7390
7387
7388
18285
19314
7388
7389
7392
7395
19316
7387
7389
7396
18287
18289
7393
19319
7393
7393
19322
7393
7399
19323
19326
7397
7398
19328
19356
7397
7399
19330
7398
19358
19333
19361
7403
7404
7410
7412
7419
7403
7404
7413
19370
7404
7420
19371
7411
7416
7418
7422
19373
7407
7410
7412
7407
7414
7411
7416
7409
7412
7419
7418
7422
7454
7411
7416
7417
7418
7416
7418
18292
19391
7416
7417
18293
7417
7418
19392
18296
19395
7422
7422
19398
7422
19399
19401
7427
7428
7429
7439
7443
19362
7427
7428
19363
19370
7427
7429
7428
7429
7444
7456
19372
7441
19366
7448
19368
19374
7449
7434
7435
7436
7443
19362
7434
7435
7435
7436
19365
19378
7434
7436
7445
19379
7447
19367
7448
19368
19381
7438
7439
7443
7447
7441
7442
19355
7441
7442
19358
19359
19361
7447
7448
7449
7448
7449
7457
19405
7447
7448
19406
7447
7449
19408
7453
7454
7455
19390
19397
7453
7454
19392
7454
7455
19399
19394
19395
19401
19403
7457
7460
7470
7461
7464
7469
7461
7465
19371
7461
7470
19372
7467
7473
19375
7463
7469
7475
7548
7467
7468
19411
7467
19398
7467
7468
7504
19400
19413
19402
19415
7505
19416
7473
7474
7475
19411
7473
7474
19405
7473
7475
7554
19407
19414
7474
7475
7555
19409
19415
7556
19417
7480
7481
7482
7480
7481
18299
19384
7481
7482
7485
19385
19420
7480
7482
7488
18300
19421
18302
7486
19388
7487
7489
19423
7487
7503
7486
19399
7486
7487
7504
19400
19403
7506
7489
7510
7512
7491
7492
7502
7507
7509
7506
7512
7508
7513
7494
7502
7507
7505
7499
7500
7501
7507
7509
7500
7501
7520
19447
7499
7500
7516
7521
7499
7501
7511
7517
19448
7508
7513
7518
7522
7514
19451
7505
7506
19418
7506
7505
7506
19420
19422
19423
7508
7512
7513
7514
19418
7512
7514
16770
19421
7513
7514
7519
16771
19423
16773
19424
7523
7591
7518
7524
7518
7519
7592
7602
7522
7522
7524
7664
7529
7530
7531
7536
7529
7531
17365
19377
7530
7531
7538
19379
7529
7530
17367
17369
7540
7541
19382
7535
7543
7535
7535
7545
7546
7540
7541
7542
19425
7540
7542
7553
7540
7541
19406
7541
7542
7554
19407
19427
19410
19430
7557
19431
7546
7547
19425
7546
7547
7559
19428
7546
19429
7560
19431
7556
7551
7577
7551
7578
7561
7581
7556
7557
19432
7557
7556
7557
19434
7556
19436
19437
7560
7561
19432
7560
7561
7585
19435
19437
7588
19438
7565
7566
7567
16776
7565
7615
7566
7568
7616
16777
16779
7601
7605
7618
7573
7574
7575
7583
16768
19453
7573
7574
16769
16776
7573
7575
7584
7620
7574
7575
7621
16778
19454
7587
16772
16774
16780
19458
7589
7622
19459
7580
7581
7582
7583
17570
19453
7580
7581
17573
7581
7582
7586
7580
7582
7624
19456
17574
19457
7588
17576
7589
7625
19459
7587
7588
7589
19439
7587
7589
7626
7587
7588
19442
7588
7589
19443
19445
7627
7594
7595
7596
19460
7594
7596
7664
7594
7595
7602
19448
7595
7596
7666
19449
19462
7603
19452
19464
7669
19466
7599
7600
7604
19460
7599
7600
7643
7677
19463
7607
7644
19465
7680
19466
7603
16769
16776
7603
16771
16774
16780
7606
7607
16775
7606
7607
7648
16777
16779
7651
16781
7610
7611
7615
7610
7613
7620
7612
7614
7612
7614
7626
7617
7618
7634
7619
7638
7619
7648
7652
7622
7626
7622
7623
7628
7635
7627
7631
7632
7639
7625
7629
7712
7627
7631
7627
7631
7632
7655
19454
7631
7714
19456
7632
7657
7715
19459
7659
7637
7638
7639
7647
7654
7637
7638
7648
16777
7637
7639
7655
16778
7638
7639
7651
7658
16781
7652
7659
7644
7645
7646
7647
7654
7645
7646
7661
19489
7644
7645
7649
7644
7646
7656
19490
7651
7658
7653
7662
7660
19492
7651
7652
7653
7651
7652
7651
7653
7652
7653
7658
7659
7660
7658
7659
19461
7658
7660
16791
19463
7659
7660
16792
19465
16793
7662
7770
7667
7668
7669
7682
19474
7668
7669
7667
7668
7684
7667
7669
19476
7685
19478
7686
19479
7672
7673
7674
7682
7688
7672
7674
7690
7701
7692
7686
7687
7693
7702
7679
7680
7681
7688
19474
7679
7680
7680
7681
19477
19490
7679
7681
7691
19491
7692
19479
7694
19480
19493
7685
7686
7687
19467
7685
7687
19468
7685
7686
19471
7707
19472
7692
7693
7694
19467
7693
7694
16783
19470
19496
7692
7693
16784
7692
7694
19497
16786
19472
19473
19499
7699
7700
16782
7699
19468
7699
7700
7740
16783
19470
7700
7741
7707
16786
19472
7743
16787
7702
16784
7707
16786
7705
7706
16782
7705
7706
7760
16785
16798
16787
16800
7763
16788
7710
7711
7713
19482
7711
7738
19484
7716
7717
19486
7714
7716
7717
16790
18306
7716
18308
7717
16792
18311
16795
7721
7722
7723
7731
16789
7721
7723
7722
7723
7733
16793
7735
16795
7737
7728
7729
7730
7731
19495
7729
7730
7776
7871
7728
7729
7777
19498
19504
7728
7730
7734
7872
19505
7736
19500
19506
7780
19501
7737
7873
7735
7736
7737
19481
7735
7736
7754
19484
7735
7737
7736
7737
7755
7874
19486
7756
19487
7742
7743
7744
7745
7750
7753
19509
7743
7744
19483
19510
7743
7745
7744
7745
7754
19484
7751
19513
7756
19487
19514
7748
7749
7750
7753
7748
7749
7752
7757
7880
7751
7752
16796
16800
16802
7756
7757
19502
7756
7756
7757
7882
19505
19506
7883
19508
7762
7763
7764
7762
7763
7763
7764
7766
7794
7762
7764
7795
7767
7768
7797
7767
16784
7767
7768
7807
16785
16788
7810
7772
7773
7782
7772
7773
19489
7773
7784
19491
7786
19494
7789
7779
7780
7781
7782
7779
7780
7780
7781
7785
19518
7779
7781
7788
19519
7789
7786
7787
7790
19521
7786
7787
7787
7806
7786
19497
7786
7787
7808
19498
19501
7811
7789
7790
7817
7819
7805
7812
7816
7796
7797
7798
7805
7812
17577
7796
7798
7828
16797
17578
7796
7797
7807
16798
7797
7798
7813
7829
7809
16801
17581
7810
7815
7831
17582
7803
7804
7812
7816
17577
7803
7804
7834
7888
17580
7803
7814
7835
7804
7818
7889
7815
7838
17582
7820
7892
17583
7809
7810
7811
19516
7810
7811
7809
7810
19511
7809
7811
19512
19518
19515
19520
19521
7815
7815
7847
7815
7848
7850
7819
7820
19516
7819
7820
7903
19519
7820
7904
19521
7906
19522
7822
7823
7828
16797
16802
7832
7841
8009
7826
7846
7852
7854
7851
7859
7830
7831
7832
7846
7852
17584
7831
7832
17585
7830
7831
7847
7849
7850
17589
7853
17590
7837
7838
7839
7846
7854
17584
7837
7838
17586
18313
7838
7839
7848
7837
7839
7856
7861
18314
7858
17588
18316
7850
17589
7851
7859
7843
7844
7845
7852
7854
17584
7843
7844
17587
7843
7845
7857
7858
17588
7853
17590
7860
7849
7850
7851
7849
7850
7850
7851
7853
7858
7859
7860
7859
7860
7862
7865
7858
7859
7863
18321
7858
7860
7866
18322
18323
7864
7863
8016
7864
7867
7864
8026
7867
8050
7870
8079
7870
8080
8081
7873
7873
7874
7876
7882
7878
7879
19503
19531
7878
7882
19505
7879
19533
7883
19508
19536
7883
7895
8011
7883
7886
7914
7886
7936
7891
7892
7893
7901
17591
19537
7891
7892
17593
18313
7892
7893
7904
7891
7893
7919
18315
19539
17595
18317
19541
7906
17596
7907
7920
19542
7898
7899
7900
7908
17591
19537
7898
7899
17594
7899
7900
7898
7900
7967
19540
17595
19541
7912
17597
7913
7968
19543
7905
7906
7907
19523
19530
7905
7907
19524
7905
7906
19532
7906
7907
19527
19534
19535
7921
19528
7911
7912
7913
19523
19530
7911
7913
7973
19525
7911
7912
19533
19527
19534
19536
7974
19529
7917
19524
7918
7983
7917
7918
7923
7984
19526
7921
7926
19528
7927
7986
7920
7924
8017
7921
7926
7926
7927
7928
7926
7927
8003
19538
7926
7928
8033
19539
7927
7928
8004
8034
19542
8006
8036
7931
7959
7931
7932
7938
7961
7934
7963
7934
7952
7976
7934
7977
7979
7939
7940
7941
7949
7951
7939
7940
7939
7941
7983
7940
7941
7952
7985
7955
7950
7956
7987
7946
7947
7948
7949
7951
7947
7948
9752
7946
7947
7995
7946
7948
7954
7996
9753
7950
7956
7997
7957
9756
7950
8001
7955
7956
7957
7955
7956
19566
7955
7957
9764
7956
7957
9765
19567
19569
9767
7962
7963
7964
7972
7975
19551
7962
7963
7973
19525
7962
7964
7984
19526
19552
7963
7964
7976
7985
7974
19529
19555
7979
7980
7988
19556
7968
7969
7972
19551
7969
8097
7968
7969
8098
19553
7974
19555
8101
19557
7971
7972
7975
7981
9782
7974
7974
7979
7980
7981
19544
7979
7980
19566
7979
7981
9792
7980
7981
9793
19547
19568
19548
19570
9795
19550
7986
7987
7988
8000
8002
19565
7986
7987
7986
7988
8003
7987
7988
19566
8006
8001
19569
8007
19570
7991
7992
8000
8002
7991
7992
8004
8116
8006
8008
8118
7997
7998
7999
8000
19565
7998
7999
9803
7997
7998
7997
7999
9804
19567
8001
19569
9806
19571
8001
8006
8007
8008
19558
8006
8007
19552
8006
8008
19623
8007
8008
19554
19560
19624
19556
19562
19563
19625
8010
8014
8013
8013
8014
8018
8019
8024
8031
8018
8026
18314
8018
8019
8033
18315
8028
8035
18318
8036
8022
8023
8031
8038
8022
8023
8034
8116
8036
8037
8042
8119
8028
8029
8030
19572
8028
8030
8078
18320
19573
8028
8029
18321
8029
8030
8079
18324
19576
8082
19577
8035
8036
8037
19572
8035
8037
19574
19622
25558
8035
8036
25559
8036
8037
19623
19576
25562
19578
19626
8041
8042
19572
8041
8042
8085
8129
19575
8042
8130
8087
19577
8132
19578
8045
8048
8055
8045
8050
8052
8057
8047
8051
8066
8054
8061
8068
8052
8053
8054
19579
8052
8054
8078
18320
19580
8052
8053
18322
8053
8054
8080
18325
19583
8083
19584
8057
8058
19579
8057
8058
8142
19581
19583
8143
19585
8061
8062
19579
8061
8062
8090
8146
19582
8093
19584
8148
19585
8064
8077
8084
8082
8087
8067
8068
8069
8077
8089
8067
8068
8080
8081
8083
8093
8095
8074
8075
8076
8084
8089
8075
8076
8074
8075
8086
8159
8074
8076
8092
8160
8178
8088
8094
8161
8095
8179
8081
8082
8083
19586
8082
8083
19587
8081
8082
8081
8083
19590
19591
8087
8088
19586
8087
8088
8172
19588
8088
8173
19590
8175
19592
8093
8094
8095
19586
8093
8094
19589
19643
8093
8095
8094
8095
8180
19644
19591
19592
19646
8181
8100
8101
8102
8107
25473
8101
8102
8100
8101
25475
8100
8102
8109
8111
25477
25478
8112
8105
8106
8107
19607
8105
8106
19610
19611
8113
8135
19613
8111
8112
8113
19593
8111
8113
8142
19595
8111
8112
8112
8113
19597
8144
19599
8118
8119
8120
8128
19621
8118
8120
8118
8119
19623
8119
8120
8130
19625
8132
19626
8134
8125
8126
8127
8128
8126
8127
9909
8125
8126
8131
8166
8125
8127
8167
9910
8133
8168
8134
9913
8132
8133
8134
19614
8132
8133
8172
19616
8132
8134
8133
8134
8174
19618
8176
19620
8144
8154
8139
8140
8145
8150
8139
8147
19637
8139
8140
8153
9936
19638
8149
8155
19639
8156
8143
8144
19628
8143
8144
19629
19632
19633
8148
8149
19628
8148
8149
19630
19643
8149
19645
19632
19634
19647
8154
8155
8156
19628
8154
8155
19608
19631
8154
8156
9940
19610
8155
8156
9941
19613
19633
19634
9943
8161
8162
8163
8171
19642
8162
8163
8183
8161
8162
8173
8161
8163
8184
19644
8175
19646
8177
8187
19648
8168
8169
8170
8171
8169
8170
9949
8168
8169
8174
8168
8170
9950
8176
8177
9952
8175
8176
8177
25480
8175
8176
25481
8175
8177
8176
8177
25484
25485
8179
8180
8184
8181
8181
8196
8186
8187
8188
8195
8186
8187
8187
8188
8196
8186
8188
8198
8199
8192
8193
8194
8195
8192
8194
10063
19636
8192
8193
8197
19637
8198
19640
8200
10065
8198
8199
8200
8198
8199
19644
8198
8200
19645
19648
8363
10240
8204
8392
16930
8204
8393
8395
8242
8477
8478
16806
8208
8549
8218
8551
8213
8214
8215
8214
8215
19727
20854
8213
8214
8216
19651
19728
8213
8215
8219
19652
20855
8217
19653
8218
19731
20858
8217
8218
8233
8556
8235
8558
8238
10342
8221
8226
8230
8237
8228
8234
8224
8225
8226
8237
17598
8224
8225
8276
10354
17600
8229
8277
17602
8240
10357
17604
8228
8229
16803
8228
8229
8281
16805
16807
8282
16808
8234
8235
8236
16803
19649
8234
8235
8234
8236
16806
16812
8235
8236
16813
19651
16807
19653
16809
16814
19654
8239
8240
19649
8239
8240
10363
19652
19653
10364
19655
8245
8246
8247
8245
8246
19658
8245
8246
8250
19659
8251
8253
19661
8251
8252
8253
8252
8253
8262
19671
8251
8252
8263
8251
8253
19672
8265
19674
8258
8259
8260
8261
8259
8260
8316
8582
8258
8259
19679
8258
8260
8264
8583
19680
8266
19681
8267
8586
8265
8266
8267
8265
8266
19685
8265
8267
8590
8266
8267
8591
19686
19688
8593
8272
8273
8274
8279
8285
19670
8272
8273
8280
8272
8274
8291
19671
8273
8274
8292
8283
19674
8284
8287
8295
19675
8277
8278
8279
8285
17605
8277
8278
10420
17607
8282
17609
8288
10421
17611
8282
8283
8284
19656
8283
8284
8282
8283
19658
19660
19661
8287
8288
19663
8287
8288
8313
19666
8314
19667
19669
8293
8294
8295
8305
8312
19684
8293
8294
8306
8293
8295
19685
8294
8295
8309
19688
8310
8314
19689
8297
8305
8312
8315
8302
8303
8304
8312
19684
8303
8304
10441
19888
8302
8303
19665
19687
19889
8302
8304
8313
10442
19666
8314
19667
19689
19690
19891
8315
8309
8310
8311
19677
8309
8310
8309
8311
8327
19679
8310
8311
8328
19681
8329
19682
8314
8315
8314
8315
8318
8326
8331
8330
8333
8323
8324
8325
8326
8331
8323
8325
19678
19993
8323
8324
8327
19679
8324
8325
8332
19994
8329
19682
8330
8333
8334
19997
8329
8330
8329
8330
8329
8333
8334
8333
8334
8678
8681
8336
8344
8346
10572
8341
8342
8343
8344
8342
8343
8370
20987
8341
8342
8349
8371
8341
8343
8345
8350
20988
8351
8374
8346
20991
8346
8346
8357
10577
10579
8351
8352
8353
8352
8353
8421
21043
8351
8352
8351
8353
8357
21044
8358
21046
8356
8766
10603
8356
8767
8769
8358
10611
10613
8360
8361
8376
8384
8413
8380
8385
8381
8414
8366
8367
8368
8366
8367
18369
8367
8368
8393
8366
8368
8377
8394
18370
8379
18372
8380
8396
8373
8374
8375
8373
8374
18376
8374
8375
8373
8375
8378
8422
18377
8379
18379
8381
8424
8380
8381
8405
8435
8379
8380
8406
18384
8379
8381
8436
18385
18386
8408
8438
8385
8386
8398
8399
8404
8386
8400
8442
8385
8386
8405
8444
8408
8402
8409
8446
8389
8390
8398
8399
8389
8390
8549
8403
8552
8395
8396
8397
8398
8404
8395
8397
24444
8395
8396
8396
8397
8406
24445
8408
8410
24448
8402
8403
19691
8402
8456
8402
8403
8458
8563
19693
8460
19695
8565
19696
8408
8409
8410
19691
8408
8409
19720
8408
8410
24459
8409
8410
19694
19721
24460
19695
19723
19697
24462
8414
8415
8426
8428
8434
8415
8429
8443
8414
8415
8435
8444
8427
8438
8432
8439
8447
8418
8419
8426
8428
8418
8419
8862
8433
8865
8423
8424
8425
8426
8434
8423
8425
24465
8424
8425
8436
24466
8427
8438
8440
24469
8427
8432
8433
19698
8432
8463
8433
8869
8432
8433
8465
8870
19700
8467
19702
8872
19703
8438
8439
8440
19698
8438
8439
19720
8438
8440
24473
8439
8440
19701
19722
24474
19702
19724
19704
24476
8445
8446
8447
8455
8462
19719
8445
8446
8456
8445
8447
8463
8446
8447
19720
8459
8466
8460
19723
8467
19724
8452
8453
8454
8455
8462
17612
8453
8454
8889
16818
17613
8452
8453
8457
16819
8452
8454
8464
8890
8459
8466
8461
16821
17616
8468
8892
17617
8459
8460
8461
19705
8459
8460
8459
8461
8569
8460
8461
8570
19707
19709
8571
19710
8466
8467
8468
19712
8466
8467
8466
8468
8897
8467
8468
8898
19714
19716
8899
19717
8473
8474
8475
8483
8488
8473
8474
8514
8473
8475
8484
19748
8474
8475
8489
8515
19749
8486
8493
8517
8487
8494
19751
8480
8481
8482
8483
8488
8480
8481
8481
8482
8485
19756
8480
8482
8491
19757
8492
8487
8494
19759
8486
8487
8486
8487
16811
8487
16812
16815
8492
8493
8494
8493
8494
8528
19769
8492
8493
8529
8492
8494
19770
8531
19772
8499
8500
8506
8499
8514
8500
19783
8499
8500
8507
8516
19784
8511
8518
8505
8512
19786
8503
8504
8506
8503
8504
8509
16820
8510
8505
8512
16822
8572
8510
8511
8512
8511
8512
8535
19797
8510
8511
8536
8510
8512
19798
8538
19800
8517
8518
8519
8527
8534
8517
8518
8517
8519
8528
19811
8518
8519
8535
19812
8531
8538
8532
8539
19814
8524
8525
8526
8527
8534
8525
8526
8610
8944
8524
8525
8530
8611
19819
8524
8526
8537
8945
19820
8532
8539
19821
8533
8614
8540
8948
8531
8532
8533
8531
8532
19825
8531
8533
8618
8532
8533
8619
19826
19828
8621
8538
8539
8540
8538
8539
19832
8538
8540
8952
8539
8540
8953
19833
19835
8955
8545
8546
8547
8553
8560
19740
8545
8546
8554
19748
8545
8547
8561
19783
8546
8547
19741
19750
19785
8557
8564
8559
19745
19752
8566
19746
19787
8550
8551
8552
8553
8560
8551
8552
8557
8564
8558
8565
8557
8558
8559
19726
8557
8559
16811
8557
8558
8558
8559
16813
19728
19731
16816
19732
8564
8565
8566
19733
8564
8566
8568
8564
8565
8565
8566
8570
19735
19738
8573
19739
8571
8572
8573
16817
19782
19789
8572
8573
19783
8571
8572
16819
8571
8573
19791
16821
19794
16822
19786
19787
19795
8578
8579
8580
8588
8595
8578
8579
8631
8578
8580
8589
19874
8579
8580
8596
8632
19875
8592
8600
8634
8594
8601
19877
8585
8586
8587
8588
8595
8585
8586
8586
8587
8591
19882
8585
8587
8598
19883
8599
8593
8594
8601
19885
8592
8593
8594
8592
8594
19902
8592
8593
8593
8594
19903
19906
8599
8600
8601
8600
8601
8644
19909
8599
8600
8645
8599
8601
19910
8647
19912
8606
8607
8608
8616
8623
8606
8607
8631
8606
8608
8617
19923
8607
8608
8624
8633
19924
8620
8628
8635
8622
8629
19926
8613
8614
8615
8616
8623
8613
8614
8614
8615
8619
19931
8613
8615
8626
19932
8627
8621
8622
8629
19934
8620
8621
8622
8620
8622
19937
8620
8621
8621
8622
19938
19941
8627
8628
8629
8628
8629
8651
19944
8627
8628
8652
8627
8629
19945
8654
19947
8634
8635
8636
8643
8650
8634
8635
8634
8636
8644
19951
8635
8636
8651
19952
8647
8654
8648
8655
19954
8640
8641
8642
8643
8650
8640
8641
8646
8658
19959
8640
8642
8653
9040
19960
8648
8655
19961
8649
8660
8656
9043
8647
8648
8649
8647
8648
19972
8647
8649
8662
8648
8649
8663
19973
19975
8664
8654
8655
8656
8654
8655
19979
8654
8656
9047
8655
8656
9048
19980
19982
9050
8665
8667
8709
8660
8661
8663
16833
8661
8666
16834
8664
8665
8667
16836
8664
8664
8665
16840
16843
8667
8714
8716
8669
8726
9137
8740
9143
8673
8674
8675
8676
8683
8673
8674
8673
8675
8685
8687
8681
8682
8688
8680
8681
8682
16824
19992
8680
8682
8696
16825
8680
8681
19994
8681
8682
8697
16828
19996
19997
8698
16829
8687
8688
8689
16824
19999
8688
8689
8700
16827
20028
8687
8688
8701
8687
8689
20002
20029
20003
8703
16829
16830
20005
20031
8693
8696
16825
8694
8720
8693
8694
8700
8722
16827
8698
8703
16829
8699
8704
8723
8699
8704
8732
8698
8698
8737
8703
8704
20042
8703
8704
20043
20045
8709
8710
8711
8712
16838
20027
8709
8710
16826
16839
8709
8711
8713
8721
8710
8711
8722
16827
20028
8716
16843
16830
16844
20031
8717
8724
20032
8716
8717
8718
16831
20020
8716
8717
8716
8718
9203
16834
8717
8718
8741
9204
20022
16836
8742
20024
9206
16837
20025
8723
8724
8735
8739
20041
8723
8724
8723
8724
20042
8737
20045
8742
20046
8727
8735
8739
8727
8740
9216
8743
9217
8732
8733
8734
8735
20041
8733
8734
10713
8732
8733
8736
8732
8734
10714
20043
8737
20045
8738
10715
20047
8737
8738
8737
8738
8742
8743
20034
8743
16875
8742
8743
16876
20036
20038
16877
20039
8748
8749
8750
8753
8748
8749
18425
8749
8750
8767
8748
8750
8755
8768
18426
8757
18428
8758
8770
8752
8756
8791
8757
8757
8758
8759
8758
8759
8785
8795
8757
8758
8786
18440
8757
8759
8796
18441
18442
8788
8798
8761
8779
8780
8784
8782
8789
8802
8764
8779
8780
8764
8862
8783
8866
8769
8770
8771
8779
8784
8769
8771
24507
8769
8770
8770
8771
8786
24508
8788
8790
24511
8776
8777
8778
8780
8784
8777
8778
20056
24514
8776
8777
8781
8808
20057
8776
8778
8787
8809
24515
8782
8789
8810
8783
20060
8790
24516
8782
8783
8782
8783
8821
8877
8822
8879
8788
8789
8790
8788
8789
8825
8788
8790
24522
8789
8790
8826
24523
8828
24525
8796
10831
8793
8797
8816
16959
8799
8817
8798
8799
8800
8798
8799
8825
8798
8800
21191
8799
8800
8827
21192
8829
21194
8802
8820
8824
8822
8828
8805
8820
8805
8910
9261
8823
8912
8810
8811
8812
8820
8824
8811
8812
20091
24528
8810
8811
8821
20092
8810
8812
8826
24529
8822
8828
8823
20095
8830
24530
8817
8818
8819
8824
8818
8819
9263
24535
8817
8818
9264
8817
8819
8827
24536
8829
9265
8830
24538
8822
8823
8822
8823
8918
8919
8828
8829
8830
8828
8829
8828
8830
24543
8829
8830
24544
24545
8834
8844
16846
8834
8845
16847
8847
8848
8852
8933
8840
8841
8842
8843
8850
8841
8842
8975
9270
8840
8841
8846
8976
20113
8840
8842
8851
9271
20114
8848
8852
20115
8849
8979
8853
9274
8847
8848
8849
8847
8848
20126
8847
8849
8983
8848
8849
8984
20127
20129
8986
8852
8853
8852
8853
9276
16854
16856
9277
8858
8859
8860
8867
8874
20062
8858
8859
8868
8882
8858
8860
8875
8903
8859
8860
8884
8905
20063
8871
8878
8873
8886
20067
8880
8907
20068
8864
8865
8866
8867
8874
17640
8865
8866
17641
8864
8866
8876
8871
8878
8872
17645
8879
17646
8871
8872
8873
20048
8871
8873
8896
8871
8872
8872
8873
8898
20050
20053
8901
20054
8878
8879
8880
20055
8878
8880
8916
8878
8879
8879
8880
8918
20057
20060
8921
20061
8885
8886
8887
8895
16845
20083
8885
8886
8896
8885
8887
8930
16846
8886
8887
8932
20084
8900
16849
8901
20088
8934
16850
20089
8892
8893
8894
8895
16845
17647
8892
8894
17648
20147
8892
8893
8897
8893
8894
16847
20149
8899
17652
8900
16849
16851
17653
20152
8899
8900
8901
20069
8900
8901
8899
8900
8899
8901
20071
20074
20075
8906
8907
8908
8915
8922
20104
8906
8907
8916
8906
8908
8923
8931
8907
8908
8932
20105
8920
8926
8921
20109
8927
8935
20110
8912
8913
8914
8915
8922
17654
8912
8914
9290
17655
8913
8914
8924
8919
17659
8920
8926
8928
9291
17660
8919
8920
8921
20090
8920
8921
8919
8920
8919
8921
20092
20095
20096
8926
8927
8928
20097
8926
8927
16853
8926
8928
9301
8927
8928
9302
16855
20099
16857
20102
9304
20103
8933
8934
8935
16852
20125
20132
8933
8934
20126
8933
8935
16853
8934
8935
20133
16856
20129
20130
20137
16857
20138
8940
8941
8942
8950
8957
8940
8941
8996
8940
8942
8951
20168
8941
8942
8958
8997
20169
8954
8962
8999
8956
8963
20171
8947
8948
8949
8950
8957
8947
8948
8948
8949
8953
20176
8947
8949
8960
20177
8961
8955
8956
8963
20179
8954
8955
8956
8954
8956
20182
8954
8955
8955
8956
20183
20186
8961
8962
8963
8962
8963
9019
20189
8961
8962
9020
8961
8963
20190
9022
20192
8968
8969
8970
8981
8988
8968
8969
8996
8968
8970
8982
20196
8969
8970
8989
8998
20197
8985
8993
9000
8987
8994
20199
8972
8973
8990
9006
8992
8993
9007
8978
8979
8980
8981
8988
8978
8979
8979
8980
8984
20204
8978
8980
8991
20205
8992
8986
8987
8994
20207
8985
8986
8987
8985
8987
20210
8985
8986
8986
8987
20211
20214
8992
8993
8994
8993
8994
9026
20217
8992
8993
9027
8992
8994
20218
9029
20220
8999
9000
9001
9016
9018
9025
8999
9000
8999
9001
9019
24199
9000
9001
9026
24200
9022
9017
9029
9023
9030
24202
9004
9016
9018
9004
9020
9067
9024
9069
9007
9008
9016
9025
9007
9008
9027
9348
9017
9029
9031
9350
9013
9014
9015
9018
9025
9014
9015
9075
9356
9013
9014
9021
9076
24206
9013
9015
9028
9357
24207
9023
9030
24208
9024
9079
9031
9360
9017
9022
9023
9024
9022
9023
24213
9022
9024
9086
9023
9024
9087
24214
24216
9089
9029
9030
9031
9029
9030
24220
9029
9031
9368
9030
9031
9369
24221
24223
9371
9036
9037
9038
9045
9052
9036
9037
9099
9036
9038
9046
20252
9037
9038
9053
9100
20253
9049
9057
9102
9051
9058
20255
9042
9043
9044
9045
9052
9043
9044
9048
16861
9042
9044
9055
16862
9056
9050
9051
9058
16864
9049
9050
9051
9049
9051
20273
9049
9050
9050
9051
20274
20277
9056
9057
9058
9057
9058
9116
20280
9056
9057
9117
9056
9058
20281
9119
20283
9063
9064
9065
9081
9084
9091
9063
9064
9099
9063
9065
9085
24227
9064
9065
9092
9101
24228
9082
9088
9083
9096
9103
9090
9097
24230
9068
9069
9081
9084
9068
9069
9086
9082
9088
9089
9072
9073
9081
9091
9072
9073
9093
9105
9095
9083
9096
9106
9078
9079
9080
9084
9091
9078
9079
9079
9080
9087
24234
9078
9080
9094
24235
9095
9089
9090
9097
24236
9082
9083
9088
9089
9090
9088
9090
24248
9088
9089
9089
9090
24249
24251
9095
9096
9097
9096
9097
9123
24255
9095
9096
9124
9095
9097
24256
9126
24258
9102
9103
9104
9115
9122
9102
9103
9102
9104
9116
20294
9103
9104
9123
20295
9119
9126
9120
9127
20297
9106
9107
9124
9492
9126
9128
9494
9112
9113
9114
9115
9122
9113
9114
9165
16888
9112
9113
9118
9166
20302
9112
9114
9125
16889
20303
9120
9127
20304
9121
9169
9128
16892
9119
9120
9121
9119
9120
20322
9119
9121
9177
9120
9121
9178
20323
20325
9180
9126
9127
9128
9126
9127
20329
9126
9128
9505
9127
9128
9506
20330
20332
9508
9133
9134
9135
9141
9133
9134
9140
9189
9133
9135
9142
9209
9134
9135
9147
9190
9210
9144
9192
9146
9148
9212
9138
9139
9141
9138
9139
9143
9216
9145
9146
9148
9218
9196
9144
9145
9146
9144
9146
16874
9145
9146
16875
16878
9148
9227
9228
9153
9154
9155
9171
9175
9182
9153
9154
9172
9189
9153
9155
9176
20392
9154
9155
9183
9191
20393
9173
9179
9174
9187
9193
9181
9188
20395
9158
9159
9171
9175
9158
9159
9177
9173
9179
9180
9162
9163
9171
9182
9162
9163
9184
9194
9186
9174
9187
9195
9168
9169
9170
9175
9182
9168
9169
9169
9170
9178
20400
9168
9170
9185
20401
9186
9180
9181
9188
20403
9173
9174
9173
9174
9196
9197
9179
9180
9181
9179
9181
20420
9179
9180
9180
9181
20421
20424
9186
9187
9188
9187
9188
9198
20427
9186
9187
9199
9186
9188
20428
9200
20430
9192
9193
9196
9192
9232
9193
9198
9233
9197
9200
9195
9199
9197
9200
9197
9200
9250
9200
17300
9205
9206
9207
16866
20342
20349
9205
9207
16874
20343
9205
9206
16868
9206
9207
16876
20351
16870
20346
16871
20354
16879
20347
20355
9212
9213
9214
9226
16873
20384
9212
9213
16874
20343
9212
9214
9227
9232
9213
9214
9234
20345
20385
9228
16878
16879
20347
20388
9229
9236
20389
9217
9218
9219
9226
16873
9217
9218
16875
16877
9228
16878
9230
9223
9224
9225
9226
20384
9224
9225
9223
9225
9239
10936
20387
9229
9240
20389
9230
10937
20390
9228
9229
9230
9228
9229
9235
9236
9237
9249
9254
9235
9236
9235
9237
9250
20393
9236
9237
9255
20394
9258
9252
9259
20397
9240
9241
9254
9240
9241
9256
10953
9258
9260
10954
9246
9247
9248
9249
9254
9247
9248
9246
9247
9251
9669
20414
9246
9248
9257
10955
20415
9252
9259
20416
9253
9260
10956
9252
9253
9252
20427
9252
9253
9673
20429
20431
9258
9259
9260
9258
9259
20385
20434
9258
9260
10957
20387
9259
9260
10958
20436
20389
20438
10959
9290
9265
9266
9265
9266
16979
9265
16983
9268
9294
11002
9297
9273
9274
9275
9279
9273
9274
9274
9275
9276
20449
9273
9275
9282
20450
9283
9277
9278
9284
20452
9277
9278
16882
16885
9283
9284
9284
20469
9283
9283
9284
20470
20472
9288
9299
9306
9288
9300
9314
9288
9307
9316
9305
9311
9318
9291
9292
9299
9291
9292
9304
9296
9297
9298
9306
9296
9297
16710
9296
9298
9309
16711
9310
16713
9312
9303
9304
9305
20440
9303
9305
16881
9303
9304
9304
9305
16883
20442
20445
16886
20446
9310
9311
9312
20440
9311
9312
20476
9310
9311
18489
20443
20477
9310
9312
9320
18490
18491
20444
20446
20479
9317
9318
9319
16880
20468
20475
9317
9318
16881
9317
9319
9321
20469
9318
9319
20476
16885
20472
16886
20479
9322
20473
20480
11072
9322
9330
9333
9338
9327
9328
9329
9328
9329
9427
11093
9327
9328
9332
9428
20463
9327
9329
9336
11094
20464
9333
9338
20465
9334
9430
9339
11096
9333
20469
9334
9437
9333
9334
9438
20471
20473
9439
9338
20476
9338
9339
11102
20478
9339
11103
20480
11104
9344
9345
9346
9362
9366
9373
9344
9345
9363
9394
9344
9346
9367
24262
9345
9346
9374
9395
24263
9364
9370
9365
9378
9397
9372
9379
24265
9349
9350
9362
9366
9349
9350
9368
9364
9370
9371
9353
9354
9362
9373
9353
9354
9375
9401
9377
9365
9378
9402
9359
9360
9361
9366
9373
9359
9360
9360
9361
9369
24269
9359
9361
9376
24270
9377
9371
9372
9379
24271
9364
9365
9364
9365
9411
9370
9371
9372
9370
9372
24283
9370
9371
9371
9372
24284
24286
9377
9378
9379
9378
9379
9413
24290
9377
9378
9414
9377
9379
24291
9416
24293
9384
9385
9386
9384
9385
9394
9384
9386
9387
20511
9385
9386
9391
9396
20512
9389
9392
9398
9390
20514
9389
9390
9436
9389
9440
9392
9420
9443
9422
9397
9398
9399
9412
9419
9397
9398
9397
9399
9413
20518
9398
9399
9420
20519
9411
9416
9422
9417
9423
20521
9402
9403
9412
9402
9403
9414
9525
9411
9416
9418
9527
9408
9409
9410
9412
9419
9409
9410
9531
9408
9409
9415
9456
9532
9408
9410
9421
9457
9417
9423
9458
9418
9535
9416
9417
9418
9416
9417
20525
9416
9418
9543
9417
9418
9544
20526
20528
9546
9422
9423
9422
9423
9471
9423
9472
9474
9425
9435
9442
9440
9445
9430
9431
9432
9435
9447
9430
9432
11203
9430
9431
9438
9431
9432
9449
11204
9439
9441
9451
9453
11207
9434
9442
9447
9446
9452
9469
9439
9440
9441
20510
9440
9441
20504
20511
9439
9440
9439
9441
20506
20514
20509
20515
9445
9446
20510
9445
9446
9471
20512
9446
9473
20514
9475
20516
9451
9452
9453
20510
9451
9452
9478
20513
9451
9453
11211
9452
9453
9480
11212
20515
9482
20516
11214
9458
9459
9460
9470
20524
9459
9460
9591
9698
9458
9459
9592
20526
9458
9460
9472
9474
20528
9594
20530
9476
9465
9466
9467
9477
20524
9466
9467
9598
9465
9466
9599
20527
24277
9465
9467
9479
11225
24278
9481
20529
24279
9601
20530
9483
9469
9470
9477
9475
9482
9474
9475
9476
20517
9474
9475
20519
9474
9476
9475
9476
20521
20523
9481
9482
9483
20517
9481
9482
20520
9481
9483
11230
9482
9483
11231
20522
20523
11232
9488
9489
9490
9499
9503
9510
9488
9489
9500
9556
9488
9490
9504
20532
9489
9490
9511
9557
20533
9501
9507
9502
9515
9559
9509
9516
20535
9493
9494
9499
9503
9493
9494
9505
9501
9507
9508
9497
9498
9499
9510
9497
9498
9512
9563
9514
9502
9515
9564
9501
9502
9501
9502
9573
9574
9507
9508
9509
16887
9507
9509
20560
9507
9508
9508
9509
16889
20561
16892
16893
20564
9514
9515
9516
16887
9515
9516
9577
20567
9514
9515
9578
9514
9516
16890
20568
16891
9580
16893
20570
9521
9522
9523
9537
9541
9548
9521
9522
9538
9556
9521
9523
9542
20574
9522
9523
9549
9558
20575
9539
9545
9540
9553
9560
9547
9554
20577
9526
9527
9537
9541
9526
9527
9543
9539
9545
9546
9529
9537
9548
9540
9553
9566
9534
9535
9536
9541
9548
9534
9535
9535
9536
9544
9592
9534
9536
9551
9593
9552
9546
9547
9554
9595
9539
9540
9539
9540
9573
9575
9545
9546
9547
9545
9547
20581
9545
9546
9546
9547
20582
20585
9552
9553
9554
9553
9554
9584
9604
9552
9553
9585
9552
9554
9605
9587
9607
9559
9560
9561
9572
9576
9583
9559
9560
9573
9559
9561
9577
16902
9560
9561
9584
16903
9574
9580
9575
9587
9581
9588
16905
9564
9572
9576
9564
9578
9574
9580
9566
9572
9583
9575
9587
9570
9571
9576
9583
9570
9579
9615
9639
9570
9571
9586
9616
9699
9581
9588
9617
9589
9574
9575
9574
9575
9580
9581
9582
9580
9581
9624
9580
9582
9642
9581
9582
9625
9643
9627
9587
9588
9589
9587
9588
9630
9587
9589
9700
9588
9589
9631
9701
9633
9702
9594
9595
9596
9603
20580
9594
9596
9703
9594
9595
20582
9595
9596
9605
9704
20584
9607
20585
9609
9705
9601
9602
9610
20580
9601
9601
9602
20583
24319
9602
9612
24320
20584
9613
20586
24322
9607
9608
9609
20573
9607
9608
9630
20575
9607
9609
9706
9608
9609
9632
9707
20577
9634
20579
9708
9613
9614
20573
9613
9614
9636
17293
20576
9613
17295
17298
20578
20579
9617
9625
9684
9617
9631
9709
9627
9633
9621
9622
9623
9635
9621
9622
9626
9688
20554
9621
9637
20555
9628
9638
20556
9629
9690
9627
9628
9629
16901
9627
9628
16902
20567
9627
9629
20617
9628
9629
20569
20618
16905
16906
20571
20619
9633
9634
16903
9633
9710
9711
16905
16907
9638
16901
9638
16895
16904
9638
16897
16899
16906
9640
9643
9684
9644
9686
9644
20616
9644
20617
20620
9649
9650
9651
9659
20601
20608
9649
9650
9660
9666
9649
9651
9679
20602
9650
9651
9667
9680
20609
9663
20605
9665
9668
20613
9682
20607
20614
9656
9657
9658
9659
17703
20608
9656
9657
17705
20413
9657
9658
9662
9669
20414
9656
9658
9670
20610
17707
20612
9664
17708
20417
9665
9671
20613
9663
9664
9665
20587
9663
9665
9672
9663
9664
20428
20589
9664
9665
9673
20429
20591
20432
20592
9674
9668
9672
9668
9675
9696
9674
9677
9671
9673
9671
9676
17301
9674
9677
9674
9674
9677
9697
20609
9677
17302
20610
20613
9681
9682
9692
20615
9681
9682
20616
9682
9693
9696
20620
9695
20621
9685
9686
20615
9685
9686
20617
20619
20620
9690
9691
9692
20615
9690
9691
20596
20618
9691
9694
20597
20619
9695
20600
20621
9695
9695
9697
20609
9695
20611
20614
9697
9703
9701
9709
9702
9702
9710
9705
9705
9706
9708
9708
9708
9711
9710
9715
11378
20644
9715
9720
20645
9721
11379
20648
9717
9835
9726
9838
9722
9723
9724
9723
9724
17014
20658
9722
9723
9725
20659
9722
9724
17015
9726
20661
17017
9726
9850
9851
9730
9731
11492
16916
9730
9739
16917
9731
9740
11493
16920
11496
9735
9736
9735
9736
9862
9901
9735
9863
9747
9865
9903
9741
9742
9743
9742
9743
20679
21435
9741
9742
9746
20680
9741
9743
21436
9747
20682
9748
21438
9745
11519
9748
11520
9747
9871
9872
11525
9750
9762
9769
9766
9771
9755
9756
9757
9762
9773
9755
9756
9756
9757
9765
9804
9755
9757
9775
9805
9777
9767
9768
9778
9807
9760
9761
9769
9773
9760
9761
9776
9837
9777
9772
9779
9839
9766
9767
9768
20622
9766
9768
20623
9766
9767
9767
9768
20626
20627
9771
9772
20622
9771
9772
9848
20624
20626
9852
20628
9777
9778
9779
20622
9778
9779
9817
9855
20625
9777
9778
9818
9777
9779
9856
9820
20627
9858
20628
9781
9782
9790
9797
9794
9800
9795
9787
9788
9789
9797
9787
9788
9788
9789
9799
9863
9787
9789
9864
9801
9866
9794
9795
9796
20629
20636
9794
9796
20630
9794
9795
9795
9796
20638
20633
20641
20634
20642
9800
9801
20629
9800
9801
9869
20631
9801
9870
20633
9873
20635
9806
9807
9808
9816
9806
9808
9806
9807
9807
9808
9818
9820
9822
9813
9814
9815
9816
9814
9815
9916
9813
9814
9819
9877
9813
9815
9878
9917
9821
9879
9822
9920
9820
9821
9822
9820
9821
9890
9820
9822
9896
9821
9822
9891
9893
9824
9830
9827
9828
9829
16908
20643
9827
9829
9848
16909
9828
9829
9850
20645
16912
20648
9853
16913
20649
9833
16908
16915
9833
9869
16910
9833
9871
16917
9874
16914
16921
9838
9839
9840
9847
9854
9838
9840
9897
9838
9839
9849
9839
9840
9856
9898
9851
9852
9858
9860
9899
9844
9845
9846
9854
20664
9844
9845
9857
9884
9844
9846
9885
11592
20667
9859
9886
20669
9860
11593
20670
9851
9852
9853
20657
25494
9852
9853
25495
9851
9852
9851
9853
20659
20661
25498
20662
25499
9858
9859
9860
25494
9858
9859
9890
25496
9858
9860
9900
9859
9860
9892
25498
9894
25500
9865
9866
9867
9868
17710
9865
9867
17711
20700
9865
9866
9870
9866
9867
20701
9872
17714
9873
17715
20704
9872
9873
9874
20671
20678
9873
9874
20672
9872
9873
9872
9874
20680
20682
20675
20676
20683
9879
9880
9881
9889
9880
9881
9998
9879
9880
9891
9879
9881
9999
9893
9895
10001
9886
9887
9888
9889
9887
9888
11612
9886
9887
9892
9886
9888
11613
9894
9895
11614
9893
9894
9895
9893
9894
9893
9895
9894
9895
9899
9899
9900
9903
9904
20700
9904
20702
9907
20705
9906
9984
11682
9907
9988
9995
9912
9913
9914
9922
9912
9913
9913
9914
9950
9912
9914
9924
9951
9926
9927
9953
9919
9920
9921
9922
9919
9920
9920
9921
9999
9919
9921
9925
10000
9926
9928
10002
9926
9927
9928
9927
9928
9970
10010
9926
9927
9971
9926
9928
10011
9973
10013
9933
9934
9935
9938
9933
9934
9939
18327
9933
9935
9945
10017
18329
9934
9935
9946
10018
9942
18331
9944
9947
10020
9937
9941
9957
9944
9947
9960
9942
9943
9944
9942
9944
9942
9943
9943
9944
10025
9947
9977
10027
9980
9952
9953
9954
9969
9952
9954
9952
9953
9953
9954
9971
9973
9975
9959
9960
9961
9976
9959
9961
10063
19636
9959
9960
19638
9960
9961
9978
10064
19641
9980
9982
10066
9966
9967
9968
9969
9976
9967
9968
10067
9966
9967
9972
10037
9966
9968
9979
10038
10068
9974
9981
10039
9975
9982
10069
9973
9974
9975
9973
9974
10044
9973
9975
9974
9975
10045
10047
9980
9981
9982
9980
9981
10050
9980
9982
9981
9982
10051
10070
10053
10071
9987
9988
9989
9990
17717
25501
9987
9988
17720
9988
9989
9993
9987
9989
10023
25504
17721
25505
9995
17723
9996
10024
25507
9994
9995
9996
20692
20699
9994
9996
10025
20694
9994
9995
20702
9995
9996
20696
20703
20705
10026
20698
10001
10002
10003
10009
10001
10003
10001
10002
10002
10003
10011
10013
10015
10006
10007
10008
10009
20720
10006
10008
20723
10014
10040
20725
10015
11704
20726
10013
10014
10015
20706
10013
10014
10044
20708
10013
10015
10014
10015
10046
20710
10048
20712
10020
10021
10022
10029
10020
10021
10025
20694
10020
10022
10027
20729
10021
10022
10030
20695
20730
10026
10033
20698
10028
10034
20733
10024
10031
11719
10026
10033
10026
10028
10050
10054
10033
10034
10035
10033
10034
10057
25502
10033
10035
11722
25504
10034
10035
10059
11723
25507
10061
10039
10043
10049
10039
10045
10039
10051
10047
10053
10048
10060
10042
10049
10056
10054
10061
10047
10048
20727
10047
10048
20728
10047
10048
20731
20732
10053
10054
10055
20727
10053
10054
20729
10053
10055
10054
10055
20731
20733
10060
10061
10062
20727
10060
10061
20721
20730
10060
10062
11726
20723
10061
10062
11727
20725
20732
20733
10065
10066
10066
10071
10069
10069
10070
10071
10071
10125
16924
10462
16925
10076
10077
10089
10528
10076
10090
10092
10103
10540
10079
10094
10100
10107
10105
10110
10084
10085
10086
10094
10107
10084
10086
17373
20770
10085
10086
10096
20771
10084
10085
10109
17374
10098
10099
20773
10091
10092
10093
10100
10107
10091
10093
17376
20931
10092
10093
10103
20932
10091
10092
10108
17377
10109
17379
10105
10110
10106
20934
10097
10098
10099
16922
10097
10099
10209
16924
10098
10099
10210
16926
10211
16927
10104
10105
10106
16922
10104
10105
10104
10106
16925
20939
10105
10106
20940
16926
16928
20941
10109
10110
10109
10110
10113
10141
10180
10114
10148
10115
10194
20742
10115
20743
20745
10119
20756
10118
10119
10133
10142
20757
10129
10137
10144
10131
10138
20759
10122
10123
10132
10122
10123
10134
10154
10136
10129
10137
10156
10127
10128
10130
20764
10127
10128
10135
20765
10136
10131
10138
20767
10160
10131
10209
10212
10136
10137
10138
10137
10138
20749
20777
10136
10137
18356
20750
10136
10138
18357
20778
18358
20752
20780
10143
10144
10145
10158
20741
20748
10143
10144
10143
10145
20742
24339
10144
10145
20749
24340
10159
20745
10160
20752
20746
20753
24342
10149
10150
10151
10158
20741
10149
10151
10233
10150
10151
10235
20743
10159
20745
10238
20747
10155
10156
10157
10158
20748
10155
10157
10568
10156
10157
10570
20750
10160
20752
10573
20754
10159
10160
10164
10165
10172
10165
10169
20756
10164
10165
10173
10181
20758
10177
10183
10171
10178
20760
10168
10170
20771
10168
10175
20772
10171
10178
20774
10171
10208
10171
10210
10213
10176
10177
10178
10177
10178
10201
20784
10176
10177
10202
10176
10178
20785
10204
20787
10182
10183
10184
10193
10200
10182
10184
10194
24339
10183
10184
10201
24341
10197
10204
10198
10205
24343
10199
10275
10190
10191
10192
10193
10200
10191
10192
10281
11763
10190
10191
10196
10282
24347
10190
10192
10203
11764
24348
10198
10205
24349
10199
10285
10206
11765
10197
10198
10199
10197
10198
24353
10197
10199
10291
10198
10199
10292
24355
24357
10294
10204
10205
10206
10204
10205
24367
10204
10206
10205
10206
11766
24368
24370
11767
10211
10212
10213
20755
20762
20769
10212
10213
20756
10211
10212
20764
10211
10213
20771
20766
20773
20759
20767
20760
20774
10218
10219
10220
10225
10218
10219
10223
20819
10218
10220
10304
10219
10220
10226
10305
20820
10224
10230
20822
10231
10307
10222
10227
10256
10224
10230
10258
10224
10261
10265
10229
10230
10231
10230
10231
10317
20833
10229
10230
20834
10229
10231
10318
20836
10320
10236
10237
10238
10246
20804
10237
10238
10236
10237
10248
10236
10238
20806
10250
20808
10251
20809
10243
10244
10245
10246
20811
10243
10244
18369
10244
10245
10249
16931
10243
10245
16932
18371
20813
18373
20815
10251
10252
16934
20816
10250
10251
10252
20790
10250
10252
10261
20791
10250
10251
10251
10252
10263
20794
10266
20795
10257
10258
10259
10260
17731
20832
10257
10259
10333
17732
10257
10258
10262
10258
10259
10335
20834
10264
17735
10265
20836
10338
17736
20838
10264
10265
10266
16929
20818
10265
10266
20819
10264
10265
10264
10266
16931
16933
20822
16934
20823
10271
10272
10273
10287
10289
10296
10271
10272
10304
10271
10273
10290
10272
10273
10297
10306
10293
10288
10301
10308
10295
10302
10275
10287
10289
10294
10278
10279
10287
10296
10278
10279
10298
10300
10288
10301
10284
10285
10286
10289
10296
10284
10285
10285
10286
10292
24375
10284
10286
10299
24376
10300
10294
10295
10302
24377
10288
10293
10294
10295
10293
10295
10293
10294
10294
10295
10300
10301
10302
10301
10302
10324
24381
10300
10301
10325
10300
10302
24382
10327
24384
10307
10308
10309
10316
10323
10307
10308
10307
10309
10317
10308
10309
10324
10320
10327
10321
10328
10313
10314
10315
10316
10323
10313
10314
10319
10376
24389
10313
10315
10326
11819
24390
10321
10328
24391
10322
10329
11820
10320
10321
10322
10320
10321
10320
10322
10380
10321
10322
10381
10327
10328
10329
10327
10328
24395
10327
10329
11821
10328
10329
11822
24396
24398
11823
10331
10347
10361
10336
10337
10338
10339
17738
20860
10337
10338
17739
10336
10337
10341
10336
10338
20862
10343
20864
10344
17743
17744
20865
10343
10344
10345
20846
20853
10343
10345
10361
20847
10343
10344
10344
10345
10363
20855
20850
20858
10366
20851
20859
10350
10351
10352
10360
10367
10350
10351
10361
20847
10350
10352
10368
10399
10351
10352
10400
20849
10365
10371
10366
20851
10372
10401
10357
10358
10359
10360
10367
25431
10357
10359
10420
25432
10357
10358
10362
10358
10359
10369
10364
25436
10365
10371
10373
10422
25437
10364
10365
10366
20867
10365
10366
10364
10365
10364
10366
20869
20872
20873
10371
10372
10373
20874
10371
10372
10412
10371
10373
10372
10373
10413
10436
20876
10414
20879
10437
20880
10375
10379
16937
10383
16941
10378
10381
10386
10378
10387
10383
10389
10382
10383
20889
10382
10383
20891
20894
10388
10389
10390
10391
20888
10388
10390
11885
24388
10388
10389
20891
24389
10389
10390
10393
11886
20892
24392
10395
20894
10397
11888
10395
10396
10397
16936
20881
10395
10396
16939
10395
10397
11898
10396
10397
10417
11899
20884
16941
10418
16942
20886
11900
20887
10401
10402
10403
10411
20895
10401
10402
10412
10401
10403
16938
20896
10414
20900
10415
10418
16942
20901
10408
10409
10410
20895
10408
10410
11914
10408
10409
20883
20898
10409
10410
10417
11915
20884
20899
10418
20886
20901
11917
10414
10415
10416
16943
10414
10415
10414
10416
16945
16948
16949
10418
11923
10421
10422
10421
10422
10437
10427
10428
10438
10427
10428
19664
24003
10428
10442
19666
10427
24005
10440
24007
19669
10433
10434
10435
10438
10433
10434
20875
24010
10434
10435
10436
10444
20876
10433
10435
10439
10445
24011
10440
24013
10437
20880
10447
10437
10440
10440
17269
17270
10621
10446
10448
10662
16944
10446
10447
16945
10447
10448
10663
16949
10667
10453
10454
10455
10470
10453
10454
10453
10455
10467
20917
10454
10455
10471
10487
20918
10466
10475
10489
10469
10476
20920
10458
10459
10470
10458
10459
10472
10494
10474
10466
10475
10495
10464
10465
10470
10464
10465
10468
20925
10464
10465
10473
20926
10474
10469
10476
20928
10502
10469
20938
10469
20939
20942
10474
10475
10476
10475
10476
10505
20945
10474
10475
10506
10474
10476
20946
10508
20948
10479
20952
10479
10480
10488
20953
10484
20955
10483
10484
10512
20966
10483
10513
10484
20967
10515
20969
10489
10490
10491
10501
10504
10511
10489
10490
10489
10491
10505
24402
10490
10491
10512
24403
10502
10508
10503
10515
10509
10516
24405
10495
10496
10501
10504
10496
10582
10495
10496
10506
10584
10502
10508
10510
10587
10499
10500
10501
10511
10499
10500
10513
10730
10503
10515
10517
10732
10502
10503
10508
10509
10510
20902
10508
10509
24409
10508
10510
21023
10509
10510
20904
21024
24410
20906
24412
20907
21026
10515
10516
10517
20902
10515
10516
24416
10515
10517
10746
10516
10517
10747
20905
24417
20906
24419
10749
20908
10522
10523
10524
10538
10544
20909
10522
10523
10539
20917
10522
10524
10545
20952
10523
10524
20910
20919
20954
10541
10543
20914
20921
10546
20915
20956
10538
10544
10530
10531
10532
10538
20909
10530
10531
10531
10532
10540
20932
10530
10532
20911
20933
20913
10542
10543
20914
20935
10536
10537
10544
20909
10537
10556
10536
10537
10557
20912
20913
10546
10559
20915
10541
10542
10543
10541
10543
20938
10542
10543
20940
20943
10546
10546
10562
10566
10551
10552
10553
10561
20965
10551
10553
10783
10551
10552
10563
10552
10553
10784
20967
10564
10565
20969
10786
20971
10558
10559
10560
10561
20972
10558
10560
12018
10558
10559
10559
10560
12019
20974
10564
10566
20976
12023
20978
10564
10565
10566
20951
10565
10566
20952
10564
10565
20955
20956
10571
10572
10573
10574
17745
21000
10572
10573
17746
10571
10572
10576
10571
10573
21002
10578
21004
10579
17750
17751
21005
10578
10579
10580
20979
20986
10578
10580
10610
20980
10578
10579
10579
10580
10611
20988
20983
20991
10614
20984
20992
10585
10586
10587
10595
21021
10586
10587
10585
10586
10597
10585
10587
21023
10599
21025
10600
21026
10592
10593
10594
10595
21028
10592
10593
18425
10593
10594
10598
10604
10592
10594
10605
18427
21030
18429
21032
10600
10601
10607
21033
10599
10600
10601
21007
10599
10601
10610
21008
10599
10600
10600
10601
10612
21011
10615
21012
10606
10607
10608
10609
17752
21049
10606
10608
17754
24507
10606
10607
10612
10607
10608
21051
24509
10613
17756
10615
21053
17758
21055
24512
10613
10614
10615
21035
21042
10614
10615
21036
10613
10614
21044
10613
10615
21046
21039
21047
21040
10618
10619
10635
16951
23996
10618
23997
10633
16954
23999
10637
16956
10624
10625
10626
16950
10625
10626
19888
10624
10625
16952
19890
24004
10624
10626
24005
10633
16954
24008
16955
19893
10631
10632
16950
10631
19895
10631
10632
10642
16953
19897
10632
10643
16955
19900
10645
16956
17271
10637
10638
10639
10649
21063
10637
10638
21064
24479
10638
10639
10650
24481
21068
10653
21069
24482
10654
10644
10645
10646
21063
10644
10646
10703
19965
10644
10645
19967
21065
10645
10646
19970
21067
21068
10706
10648
10649
10655
10848
10653
10654
10655
21056
10653
10654
24486
10653
10655
10851
21059
24487
10654
10655
10852
21061
24489
10854
21062
10659
10660
10675
10679
21070
10659
10676
23997
10659
10660
10682
21071
23998
10678
21075
24000
10680
10686
21076
10665
10666
10667
10675
21070
10665
10667
25179
10666
10667
10677
24011
10665
10666
21072
24012
25181
21074
25183
10678
21075
24014
10672
10673
10674
10679
21070
10672
10673
10672
10674
21073
21086
10673
10674
21087
21074
10680
21076
21089
10678
10678
17267
10678
17269
17272
10680
10701
10685
10686
10687
10692
10699
21091
10685
10686
21092
24480
10685
10687
10693
24481
10686
10687
10696
21096
24483
10701
21097
10697
10690
10691
10692
10699
17808
10690
10691
10897
12199
17811
10698
10898
17813
10702
12202
17814
10696
10697
10698
21077
10696
10697
24486
10696
10698
10908
21080
24488
10697
10698
10909
21082
24490
10911
21083
10701
10702
21084
10701
10702
12205
21087
21089
12207
21090
10705
10706
20014
10705
10710
20016
10712
20019
10709
20021
10709
10711
10717
20023
10712
20026
10712
20029
10712
10720
20030
20033
10715
10715
10719
10721
10718
10933
20035
10718
10720
20037
10721
20040
10721
20043
10721
20044
20047
10726
10727
10728
10740
10744
21105
10726
10727
10741
10752
10726
10728
10745
24493
10727
10728
10753
21106
24494
10742
10748
10743
10755
21110
10750
21111
24496
10731
10732
10740
10744
10731
10732
10746
10742
10748
10749
10737
10738
10739
10740
21105
10737
10738
10738
10739
10737
10739
10759
21107
21109
10743
10760
21110
10742
10743
10742
10743
10770
10748
10749
10750
21098
10748
10750
24500
10748
10749
10749
10750
21100
24501
21103
21104
24503
10755
10756
10769
10771
21112
10755
10755
10756
21113
21141
10756
10772
21142
10770
21116
10774
21117
21144
10760
10761
10769
21112
10761
10830
10760
10761
10832
21114
10770
21116
10835
21118
10766
10767
10768
10771
21112
10767
10768
10960
21183
10766
10767
21115
21149
21184
10766
10768
10773
10961
21150
10774
21117
21151
21118
21187
10770
10774
10774
10823
10774
10824
10826
10779
10780
10781
10793
21126
21133
10779
10780
21127
24493
10779
10781
10797
10780
10781
10799
21134
24495
10794
21130
21132
21138
24497
10795
10801
21139
10785
10786
10793
21126
10786
10785
10786
21128
10794
21130
21131
10790
10791
10792
10793
21133
10790
10791
10790
10792
10804
21136
21137
10795
10805
21139
10794
10795
10800
10801
10802
10815
10800
10801
10800
10802
10813
21142
10801
10802
10816
21143
10819
10814
10820
21146
10805
10806
10815
10805
10806
10817
12363
10819
10821
12366
10811
10812
10815
10812
10963
22016
10811
10964
21156
10811
10812
10818
21157
22017
10814
10820
21158
10821
22020
10814
10823
10827
10819
10820
10821
10819
10820
21134
21169
10819
10821
21136
22024
10820
10821
21171
22025
21139
21173
22027
10826
10827
10828
21140
21147
21154
10826
10827
21142
10826
10828
10986
21150
10827
10828
10987
21156
21144
21151
21146
21158
10988
21153
21159
10833
10834
10835
21189
21196
10834
10835
10833
10834
21191
10833
10835
21198
21193
21200
21194
21201
10839
10840
10849
21224
10839
10840
10868
21225
24024
10839
10850
24025
10853
21228
24027
21230
10845
10846
10847
21224
10845
10846
20266
10846
10847
10872
20268
21227
10845
10847
10873
20271
21229
10875
21230
10854
10853
10854
10855
21217
10853
10855
24031
10853
10854
21220
24032
10854
10855
21221
24034
21223
10860
10861
10862
10863
21238
21245
10860
10861
10868
21239
24024
10860
10862
10914
21246
24026
10861
10862
10864
21242
21249
24028
10866
10869
21244
10867
21251
10865
10866
10867
16964
16971
10866
10867
16968
16975
16970
16977
10869
10885
10890
10874
10875
10876
10884
10874
10876
10941
20308
10874
10875
10886
20310
10875
10876
10943
10888
20313
10889
10946
10881
10882
10883
10884
10881
10883
11281
20315
10881
10882
10887
16966
20317
10882
10883
16967
10888
20320
10890
16970
10888
10889
10890
10889
10890
21225
21239
10888
10889
20337
21227
10888
10890
20338
21241
20341
21230
21244
10894
10895
10906
10912
21259
10894
10907
24025
10894
10895
10914
21260
24026
10910
21263
24029
10913
21265
10898
10906
10912
10898
10911
10903
10904
10905
10912
21259
10903
10904
18621
10904
10905
10921
21262
10903
10905
10922
18622
18625
21264
10913
10924
21265
10910
10911
21252
10910
24031
10910
10911
21254
24033
10911
21256
24035
21257
10913
10927
10917
21211
10917
10918
10928
16973
21212
10930
21215
10931
16977
10923
10924
10925
10926
10923
10925
12547
10923
10924
10929
10924
10925
12548
10930
10932
12552
10930
10931
10932
10931
10932
21246
21260
10930
10931
21248
10930
10932
21262
21251
21265
10935
20378
10935
10938
20380
10940
20383
10937
10939
10953
10940
10940
20386
10940
10957
20387
20390
10945
10946
20406
10944
10945
10950
20408
10944
10946
10952
20411
10949
20413
10949
10951
10955
20415
10952
20418
10952
20435
10952
10958
20436
20439
10954
10957
10959
10956
10958
10959
10959
10959
10970
10971
10966
10977
10966
10967
10978
10990
10972
10973
10974
17850
10972
10974
17851
21148
21281
10972
10973
10986
21150
10973
10974
21283
10988
17854
21153
10989
17855
21286
10979
10980
17850
10979
10980
17852
21155
22366
10979
10987
21156
10980
10990
22367
10988
17854
21159
10992
17856
22370
10984
10985
17850
10984
10985
12755
16986
17853
10985
10991
10993
12756
10989
16990
17855
10992
12759
17856
10988
10988
11033
10992
12762
10992
12763
12765
12781
10998
10999
11000
11008
21266
21273
10998
10999
11009
10998
11000
21267
24549
10999
11000
11014
21274
24550
11011
21270
11013
11015
21278
21272
21279
24552
11005
11006
11007
11008
17857
21273
11005
11006
16710
17859
11006
11007
11005
11007
11016
16712
21275
16714
17861
21277
11012
17862
11013
11017
21278
11011
11012
11013
16978
11011
11013
11011
11012
16980
16982
16983
11015
11018
11048
11021
11017
11019
11068
11021
11021
11054
21274
11021
11078
21275
11055
11079
21278
11026
11027
11028
11029
21287
11026
11027
24549
11026
11028
11030
11027
11028
11035
21288
24551
11032
21292
24553
11034
21293
11032
11033
11034
16985
21280
11032
11034
11032
11033
21283
21284
16990
21286
16991
11042
11049
11039
12797
11038
11039
11043
12798
16988
11045
16991
11046
12801
11041
11044
11051
12804
11046
12805
11045
16993
21288
11045
11046
12809
21290
11046
12810
16995
21293
12812
11050
11053
16992
11050
11054
24550
11050
16993
24551
11058
16996
24554
11052
12835
16995
12836
16998
11057
11058
11059
21294
11057
11058
11057
11059
11132
11058
11059
11133
21296
21298
11134
21299
11064
11065
11066
11070
11076
11064
11065
11071
11086
11064
11066
11077
11117
11065
11066
11083
11088
11118
11074
11080
11075
11090
11082
11084
11120
11069
11072
16711
11069
11078
16712
11074
11080
16715
11074
11075
11074
11075
11101
18488
11074
18490
11075
11103
18493
11106
11080
11081
11082
11080
11082
11131
18495
11080
11081
18496
11081
11082
11132
18499
11135
11084
11114
11138
11139
11089
11090
11091
11100
11107
11089
11090
11101
11089
11091
11108
11149
11090
11091
11114
11150
11105
11111
11106
11112
11115
11152
11096
11097
11098
11100
11107
11096
11098
11203
11096
11097
11102
11097
11098
11109
11205
11104
11105
11111
11113
11208
11112
11115
11155
11104
11105
11106
11105
11106
24556
11104
11105
24558
11104
11106
24561
11111
11112
11113
11111
11112
11168
11111
11113
11218
11112
11113
11169
11219
11171
11221
11115
11175
11176
11120
11121
11122
11130
11137
11141
11120
11121
11131
11120
11122
11138
11150
11121
11122
11142
11151
11135
11139
11136
11145
11140
11146
11154
11124
11125
11130
11137
11134
11135
11139
11128
11129
11137
11141
11128
11129
11144
11164
12929
11140
11146
11165
11147
12930
11134
11135
11136
21301
11135
11136
11134
11135
11134
11136
21303
21305
21306
11139
11140
11139
11140
11175
11177
11145
11146
11147
21301
11145
11146
11179
11145
11147
21304
11146
11147
11181
21306
11183
21307
11152
11153
11154
11167
11174
11178
11152
11153
11168
11152
11154
11175
11153
11154
11179
11171
11176
11172
11182
11177
11183
11171
11176
11160
11161
11162
11167
11178
11161
11162
11270
12944
11160
11161
11170
11271
11160
11162
11180
12945
11172
11182
11173
11184
12947
11165
11166
11174
11178
11165
11166
11181
12951
11177
11183
11184
12952
11171
11172
11173
11171
11172
11171
11173
11275
11172
11173
11276
11277
11176
11177
11176
11177
11182
11183
11184
11182
11183
11182
11184
12961
11183
11184
12962
12963
11189
11190
11191
11192
21308
21315
11189
11190
11223
21309
11189
11191
11250
21316
11190
11191
11193
21312
21319
11196
11224
21314
11197
11251
21321
11195
11196
11197
16999
17006
11196
11197
11195
11197
17009
17003
17010
17005
17012
11201
11209
11216
11201
11210
11223
11201
11217
11268
11213
11220
11206
11207
11208
11209
11216
11207
11208
11206
11207
11211
11206
11208
11218
11213
11220
11214
11221
11213
11214
11215
11213
11215
11229
11213
11214
11214
11215
11231
11234
11220
11221
11222
11220
11222
11274
11220
11221
11221
11222
11275
11278
11224
11229
11233
11227
11230
17001
11227
17002
11233
17005
11232
11233
11234
11233
11234
21309
11232
11233
21311
11232
11234
21314
11239
11240
11241
11242
11239
11240
11250
11239
11241
11268
11240
11241
11243
11247
11252
11248
11269
11246
11247
11248
11247
11248
11246
11247
11265
11246
11248
11280
11266
11251
11252
21322
11251
11252
21323
21327
11266
21328
11256
11257
21322
11256
21211
11256
11257
17008
21213
21324
21216
21326
17012
21327
11262
11263
11264
21322
11262
11264
22513
11262
11263
21325
11263
11264
11265
22514
21326
11266
21328
11267
22518
11266
11267
13033
13035
11269
11274
11279
13051
11273
11276
11273
11280
13052
11279
11278
11279
11277
11278
11277
11279
13060
11283
20546
11283
11287
20548
11289
20551
11286
20553
11286
11288
20555
11289
20558
11289
16896
11289
16897
16900
11418
13401
11301
11305
11358
11306
11490
11297
11298
11299
11298
11299
21372
21421
11297
11298
11300
21338
21373
11297
11299
11304
21339
21422
11301
11305
21340
21376
11306
21425
11301
11363
11391
11365
11305
21358
11306
11506
11305
11306
11507
21359
21361
11509
11329
11348
11310
11330
18643
11310
11349
18644
18645
11313
11324
11328
11313
11329
11357
11326
11332
11359
11327
11416
11316
11330
17306
11333
17309
11321
11322
11323
11324
11328
11322
11323
21386
24850
11321
11322
11325
21345
21387
11321
11323
11331
21346
24851
11326
11332
21347
11327
21390
11333
24852
11326
11327
11326
11327
11364
11433
11366
11435
11332
11333
11332
21365
11333
24858
11332
11333
21366
24859
21368
24861
11337
11341
11347
11337
11342
11356
11337
11348
11357
11345
11352
11360
11340
11347
11340
11349
13573
11353
13576
11345
11346
21329
11345
21358
11346
11540
11345
11346
11541
21331
21360
21333
21362
11543
21334
11351
11352
11353
21329
11351
11352
21365
11351
11353
22752
11352
11353
21332
21367
22753
21333
21369
21335
22755
11358
11359
11360
11361
21357
21364
11358
11359
11362
11358
11360
21358
11359
11360
21365
11365
21361
11366
21368
21362
21369
11365
11366
11367
21336
21343
11365
11366
11365
11367
21338
21415
11366
11367
21345
21416
21340
21347
21341
21348
21417
11372
11373
11374
11384
11389
21378
11372
11373
11385
11395
11372
11374
11390
11453
11373
11374
11396
11454
21379
11387
11392
11388
11397
21383
11394
11456
21384
11376
11384
11389
11393
11381
11382
11383
11384
21378
11381
11382
24038
11382
11383
11386
17015
11381
11383
17016
21380
24040
21382
24042
11388
17018
21383
11387
11388
11387
11388
11399
11388
11400
11402
11392
11393
11394
21371
11392
11394
21414
11393
11394
21373
21415
21376
21377
21418
11397
11399
11397
11403
11402
11405
11401
11402
17013
11402
11401
11402
17015
17017
17018
11405
21379
11405
11602
17016
21380
17018
21383
11410
11411
11412
11424
11430
11437
11410
11411
11425
11410
11412
11431
11453
11411
11412
11438
11455
11427
11434
11429
11442
11444
11436
11443
11457
11414
11415
11416
11424
11430
11427
11434
11428
11435
11421
11422
11423
11424
11437
11421
11422
24136
11422
11423
11426
11445
11421
11423
11439
11446
24137
11441
24139
11428
11429
11442
11447
11427
11428
11429
11427
11429
11428
11429
11448
11434
11435
11436
21385
11434
11436
21414
11434
11435
11435
11436
21387
21416
21390
21391
21419
11441
11442
11443
21385
11442
11443
11449
11467
11441
11442
11450
11441
11443
11468
21388
21389
11451
11470
21391
11448
11451
11447
11447
11450
13697
11448
11451
11451
11478
11451
13711
11456
11457
11458
11459
11466
21413
11456
11457
21414
11456
11458
11460
11457
11458
11467
11463
21418
11470
21419
11464
11471
11463
11464
11465
21392
21406
11463
11464
21379
11463
11465
11629
21381
21395
11464
11465
11477
11630
21408
21384
21397
21410
11632
21398
21411
11470
11471
11472
21399
21406
11470
11471
11478
11470
11472
21402
11471
11472
11479
21409
21404
11480
21410
21405
21412
11639
17168
11476
11477
11640
21408
11476
11479
17169
21409
11480
21410
11645
11480
11480
13738
11485
11486
11487
11498
11504
21427
11485
11486
11499
11512
11485
11487
11505
24563
11486
11487
11513
21428
24564
11501
11508
11503
11515
21432
11510
21433
24566
11489
11490
11498
11504
11501
11508
11509
11495
11496
11497
11498
21427
11495
11496
24045
11496
11497
11500
21436
11495
11497
21429
21437
24047
21431
24049
11502
11503
21432
21439
11501
11502
11503
11501
11503
11523
11502
11503
11524
11526
11508
11509
11510
21420
11508
11510
24577
11508
11509
11509
11510
21422
24578
21425
21426
24581
11515
11516
11517
11522
11528
11515
11516
11523
11515
11517
11554
11516
11517
11555
11526
11527
11530
11557
11520
11521
11522
11528
17871
11520
11521
17873
11525
17875
11531
17877
11525
11526
11527
21434
11526
11527
11525
11526
21436
21438
21439
11530
11531
21441
11530
11531
11570
21444
11571
21445
21447
11535
11536
11537
11538
11545
11535
11536
11539
24563
11536
11537
11546
11551
24565
11542
11544
11549
24567
11550
11542
11543
11544
21448
11542
11544
24577
11542
11543
11543
11544
21450
24579
21453
21454
24582
11548
11549
11550
21448
11549
11550
11552
24584
11548
11549
21451
24585
21452
21454
24587
11552
11556
11573
11557
11558
11559
11569
11572
11557
11558
24564
11557
11559
11558
11559
11573
24565
11571
11576
24568
11577
11564
11565
11566
11569
11565
11566
11691
24591
11564
11565
21443
24592
11564
11566
11570
11692
21444
11571
21445
24594
11568
11569
11572
11578
11571
11571
11576
11577
11578
21455
11576
11577
24584
11576
11578
13859
21458
24586
11577
11578
21459
24588
13860
21461
11583
11584
11594
11583
11584
11595
11605
11583
11601
11634
11584
11606
11635
11598
11603
11600
11608
11589
11590
11591
11594
11590
11591
17014
20658
11589
11590
11596
20660
24039
11589
11591
11602
17016
24040
11598
11603
24043
11599
20663
17019
11593
11597
11613
11599
11598
11599
11600
11598
11600
21470
11598
11599
20666
11599
11600
20667
21471
20670
21474
11603
11644
24059
11603
24060
24063
11608
11609
11610
11618
11620
21469
11608
11609
21470
11608
11610
11655
11609
11610
11621
11656
11619
21474
11624
21475
11625
11658
11614
11615
11618
21469
11614
11614
11615
21471
21473
11619
21474
11617
11618
11620
11626
11705
11619
11624
11625
11626
21462
11624
11625
11669
11624
11626
11714
21465
11625
11626
11670
11715
21467
11672
11717
21468
11631
11632
11633
21476
21483
11631
11633
11644
21477
24059
11631
11632
24061
11632
11633
11645
21485
21480
24064
21488
11646
21481
21489
11637
11644
21477
11638
11655
11637
11638
11648
11657
21479
11646
11651
21481
11652
11659
11643
22884
11642
11645
21485
11642
11643
11649
21486
22885
11646
11651
21489
11653
22888
11646
11646
11651
11652
11653
11651
11652
11676
21491
11651
11653
13895
21492
11652
11653
11677
13896
21495
11679
13898
11658
11659
11660
11668
11675
11658
11659
11658
11660
11669
11659
11660
11676
11672
11679
11673
11680
11665
11666
11667
11668
11675
11666
11667
11751
13931
11665
11666
11671
11752
24606
11665
11667
11678
13932
24607
11673
11680
24608
11674
11754
11681
13933
11672
11673
11674
11672
11673
11672
11674
11758
11673
11674
11759
11760
11679
11680
11681
11679
11680
24612
11679
11681
13937
11680
11681
13938
24614
24616
13939
11683
11690
11688
11689
11688
11689
18502
21442
11689
11692
21444
11688
18504
11690
18506
21447
11733
11696
11706
11712
11696
11707
11696
11713
11748
11710
11716
11701
11702
11703
11706
11712
11702
11703
20714
21463
11701
11702
11708
20716
11701
11703
11714
21465
11710
11716
11711
20719
11717
21468
11711
11717
11710
11711
11710
11725
18509
11710
11711
18510
20722
11711
11726
20723
18513
20726
11716
11717
11718
11716
11718
11757
11716
11717
11717
11718
11758
11761
11720
11722
11724
11724
11725
18509
11724
18511
11727
18514
11730
11731
11746
21497
11730
11731
11748
21498
11747
21501
11749
21503
11736
11737
11738
11746
21497
11737
11738
24591
11736
11737
18503
21499
24593
11736
11738
18504
11747
18507
21501
21502
24595
11743
11744
11745
21497
11743
11744
17274
24605
11744
11745
11752
21500
24606
11743
11745
11753
21502
24609
11755
21503
11747
11749
11757
11762
11754
11755
11756
11754
11754
11755
11759
11755
11760
11762
11760
11761
11762
11761
11762
21498
11760
11761
11760
11762
21500
21503
11765
11765
11766
17022
11767
11767
17029
11770
11771
11784
11790
11770
11771
11791
11799
11789
11795
11801
11796
11775
11776
11784
11775
11776
17373
20770
11776
11786
20772
17375
11788
20775
11781
11782
11783
11790
11781
11782
17382
18537
11781
11783
11782
11783
11793
11809
18538
17384
11794
18540
11796
11788
11789
21504
11789
17028
11788
20785
11788
11789
17030
20786
21506
20789
21509
17033
21510
11794
11795
11796
21504
11795
11796
21526
11794
11795
18545
21507
21527
11794
11796
11810
18546
18547
21508
21510
21529
11800
11801
11802
11803
17027
21525
11800
11801
17028
11801
11802
21526
11806
17032
17033
21529
11807
21530
11806
11807
11808
17020
21518
11806
11808
11833
17023
11807
11808
11834
21520
17025
21522
11836
17026
21523
11810
12061
12065
11815
11851
12082
11814
11852
21520
11814
11815
11817
12083
21521
11818
21522
12085
11818
21526
11818
12099
21528
21530
11820
11822
17043
11823
11823
11823
17050
11828
11829
11830
11831
17034
21546
11828
11829
11839
17035
11828
11830
11832
11829
11830
11840
11848
21547
11835
17038
11842
17040
21551
11837
11849
21552
11835
11836
11837
21532
21539
11835
11837
11835
11836
21535
11836
11837
11857
21541
21536
21538
21544
11858
21545
11841
11842
11843
11844
17048
21553
11841
11842
17049
11842
11843
11866
21554
17053
17054
21557
11846
11867
21558
11846
11847
17041
11846
11847
11879
11903
11880
11904
17047
11849
11860
11866
11858
11863
11854
11855
11859
11855
21687
11854
11857
21541
11854
11855
11861
21542
21688
11858
11863
21545
11865
21691
11862
11876
12164
11858
11863
11864
11865
11863
11864
17056
21547
11863
11865
21549
21695
11864
11865
17058
21696
21552
17060
21698
11867
17056
11880
17059
11872
11873
11874
11878
17055
11873
11874
11933
21715
11872
11873
11879
11934
11872
11874
17057
21716
11880
17059
11881
11936
17061
21718
11877
12184
11877
12185
17058
12187
17061
11880
11881
11880
11881
11947
11948
11883
11897
11902
11906
11905
11912
11931
11888
11889
11897
11902
11888
11889
17042
11888
11898
11889
17044
11900
11904
17047
11894
11895
11896
11902
11906
11894
11895
11895
11896
11903
11934
11894
11896
11909
11935
11910
11904
11905
11912
11937
11900
11901
21560
11900
11900
11901
11923
21562
21565
21566
11904
11905
11904
11905
11947
11949
11910
11911
11912
21560
11911
11912
11925
11951
11910
11911
11926
21563
11910
11912
11952
21564
11928
21566
11954
11917
11918
11919
11924
11917
11919
11917
11918
11923
21562
11918
11919
11926
21563
11928
21566
11930
11922
21827
11922
11927
11959
21828
11930
21831
11928
11929
11930
11928
11929
11971
11928
11930
11929
11930
11972
11974
11949
11954
11936
11937
11938
11946
11950
11936
11938
21834
11936
11937
11947
11937
11938
11952
21835
11948
11949
11954
11956
21838
11943
11944
11945
11950
11944
11945
21841
11943
11944
11953
11965
21842
11943
11945
11966
11955
11967
11956
21845
11948
11949
11948
11949
11954
11955
11956
11954
11955
11971
11954
11956
21856
11955
11956
11973
21857
11975
21859
11960
11961
11962
11970
11961
11962
11977
25509
11960
11962
11972
25510
11974
11976
25512
11967
11968
11969
11970
11968
11969
13953
21869
11967
11968
11973
21870
11967
11969
11975
11976
21872
11974
11975
11976
11974
11975
11974
11976
21877
11975
11976
21878
21879
11979
12221
11979
12222
11982
12225
11981
12228
11982
12232
12239
11987
11988
11989
12004
21574
21581
11987
11988
17063
21575
11987
11989
12005
11988
11989
17064
21582
12008
21578
17066
21580
21586
12009
21587
11994
11995
11996
12004
21574
11994
11996
17376
20931
11995
11996
20933
21576
11994
11995
17378
12007
17380
12008
21578
20936
21579
12001
12002
12003
12004
21581
12001
12002
17382
18537
12001
12003
12006
17383
12002
12003
12036
18539
21584
12007
17385
18541
21585
12009
21587
12007
12008
12009
12008
12009
12007
12009
12014
12015
12016
12028
12029
21595
12014
12015
17063
21596
12014
12016
12015
12016
12030
17065
21599
12034
17067
21601
12035
12021
12022
12023
12028
21595
12021
12023
12022
12023
21597
12021
12022
21599
21600
12026
12027
12028
12029
12026
12027
12032
12033
12035
12033
12034
12035
21588
12034
12035
21638
12033
12034
21591
21639
12033
12035
21592
21594
21641
12038
12062
12039
12048
21582
12039
12069
21584
21587
12042
12048
17064
12042
12051
17065
12050
12053
17068
12047
12115
12387
12046
12047
12049
12116
21618
12046
12052
12388
21619
12050
12053
21620
12118
12050
21631
12050
12127
21633
21635
12053
21638
12053
12395
21640
21642
12058
12059
12060
12058
12059
12064
12075
18517
12058
12060
12068
12108
18518
12059
12060
12072
12077
12110
12066
12070
18521
12067
12073
12079
12071
12112
12063
12065
18538
12063
12069
18539
12066
12070
18542
12066
12067
12098
18544
12066
18546
18549
12102
12070
12071
12126
18551
12070
18553
18556
12130
12073
12104
12139
12105
12078
12079
12080
12097
12103
21644
12078
12079
12098
24620
12078
12080
21645
21652
24621
12079
12080
12104
21654
12101
21648
24623
12102
12105
12106
21649
21656
12085
12086
12087
12097
21644
12085
12087
21687
12085
12086
12099
24627
12086
12087
21646
21689
24628
12100
12101
21648
24630
21650
21692
12089
12090
12097
12103
12100
12102
12105
12095
12096
12103
21644
12096
12170
12095
12096
12144
12171
21647
12095
12145
12106
12146
21649
12174
21650
12100
12101
12102
12101
12102
24633
12100
12101
24635
24638
12105
12106
12105
12106
12157
12159
12111
12112
12113
12125
12131
12138
12111
12112
12126
24648
12111
12113
12132
21653
24649
12112
12113
12139
21654
12129
12135
24651
12130
12140
12136
12141
21657
12118
12119
12120
12125
12131
12118
12120
12421
12118
12119
12127
24655
12119
12120
12133
12422
24656
12128
12129
12135
24658
12137
12425
12122
12125
12138
12130
12140
12131
12138
12134
12151
12428
12128
12129
12130
12129
12130
24661
12128
12129
24663
24666
12135
12136
12137
12135
12136
21673
24668
12135
12137
22080
24669
12136
12137
21675
22081
24670
21677
22083
12140
12141
12140
12141
12157
12160
12146
12147
12148
12156
21665
12147
12148
12191
12146
12147
12192
21668
12146
12148
12158
12159
21670
12194
21671
12161
12153
12154
12155
12156
21672
12154
12155
12449
12153
12154
12450
21675
12153
12155
12160
21677
12452
21678
12161
12159
12160
12161
21651
12159
12160
21654
12159
12161
21656
21657
12166
12167
12168
12176
21693
12166
12167
12167
12168
12185
21696
12166
12168
12178
12186
12180
21698
12181
12188
21699
12173
12174
12175
12176
21700
12173
12174
12174
12175
12192
21703
12173
12175
12179
12193
12180
21705
12182
12195
21706
12180
12181
12182
21679
12181
12182
21682
21743
21785
12180
12181
21744
12180
12182
21786
21684
21746
21685
21788
12187
12188
12189
16656
21728
21742
12187
12189
16658
12187
12188
21731
12188
12189
21744
16660
21732
21734
21746
16662
21748
12194
12195
12196
17927
21770
21784
12194
12196
17929
12194
12195
21773
12195
12196
21786
17931
21774
21776
21788
13960
17933
21790
12209
12243
12201
12202
12203
12204
17969
21896
12201
12202
17971
12201
12203
21898
17973
21900
12207
17974
12208
21901
12206
12207
12208
17069
21882
12206
12207
21884
17073
21886
21887
17074
12211
21932
12211
12215
17072
21933
12214
12219
21935
12213
12217
12270
12529
12214
12219
12271
12278
12218
12219
21897
21953
12218
12533
21898
12219
12534
21954
21901
21956
12224
12225
12226
12234
17976
21910
12225
12226
17977
25509
12224
12225
12236
12224
12226
21912
25511
12238
21914
12239
17981
17982
21915
25514
12231
12232
12233
12234
17976
12231
12232
17978
12232
12233
12237
12252
12231
12233
12253
17980
12239
17981
12240
12255
12238
12239
12240
21903
12238
12240
12258
21904
12238
12239
12239
12240
12259
21907
12260
21908
12245
12246
12247
12257
12261
21924
12245
12246
12258
21904
12245
12247
12262
21932
12246
12247
21906
21925
21934
12264
12260
21908
21928
12265
21929
21936
12249
12257
12261
12266
12254
12255
12256
12257
21924
12254
12256
14095
12254
12255
12259
12255
12256
14096
21926
12260
21928
14098
21930
12260
12260
12260
12264
12265
12266
21917
12264
12265
12275
12265
12266
12277
12289
21919
12279
21921
12290
21922
12271
12272
12273
12274
17983
21952
12272
12273
12302
17984
22261
12271
12272
12276
12303
12271
12273
21954
22262
12278
21956
12280
12305
17987
17988
21958
22264
12278
12279
12280
21931
21938
12278
12279
21932
12278
12280
12316
12279
12280
12317
21940
21935
21936
21942
12318
21943
12295
12286
12287
12288
12286
12287
21918
12287
12288
12289
21919
21961
12286
12288
12294
21962
12295
12290
21922
12291
12296
21964
12290
12291
12317
12320
12296
12327
12295
17303
12295
12296
12328
12330
12299
12300
12315
12321
12326
12299
12300
12327
12320
12330
12324
12331
12333
12305
12306
12307
12315
12321
17990
12305
12307
12591
17991
12305
12306
12316
12306
12307
12322
12592
12318
17994
12319
12325
12595
17995
12312
12313
12314
12321
12326
17990
12313
12314
17993
22324
22968
12312
12313
12323
12340
22325
12312
12314
12329
12341
22969
12324
12331
12342
12325
17995
22328
12332
17996
22972
12318
12319
12320
21959
12318
12319
12318
12320
21961
21963
21964
12324
12325
12325
12599
12324
12325
12346
12600
12347
12602
12330
12331
12332
21959
12330
12331
12330
12332
17225
21962
12331
12332
12351
17226
21964
12352
17228
21965
12347
12352
12348
12617
12337
14205
17386
12337
12350
14206
12353
14208
12342
12343
12344
12345
12349
12343
12344
12620
22975
12342
12343
12346
12621
12342
12344
12351
22976
12347
12352
12348
12623
12353
22978
12347
12348
12347
12348
12634
12635
12352
12353
12353
17232
17304
12352
12353
17233
17234
12358
12359
12360
12368
12370
22022
12358
12359
22023
22030
12358
12360
12359
12360
12371
22032
12369
22026
12375
22028
22034
12376
12365
12366
12367
12368
22022
12366
12367
12365
12366
22024
12365
12367
12369
22026
22027
12369
12374
12375
12376
22015
12375
12376
12378
12374
12375
12379
22018
12374
12376
22019
12381
22021
12381
12382
12383
22029
22043
22050
12381
12382
12417
22032
12381
12383
12769
22046
12382
12383
12418
12770
22053
22034
22048
12419
22035
22054
12772
22049
22056
12386
12394
21968
12386
12397
12402
21969
12396
12400
21972
12391
12421
12390
12395
21989
12390
12391
12398
12423
21990
12396
12400
21993
12401
12426
12393
12399
12410
12433
12401
12434
12396
22002
12396
22004
22007
12400
12412
22009
12400
12401
12437
22011
12401
12414
12438
22014
12440
12404
12412
22031
12404
12417
22032
12415
12419
22035
12409
12470
12408
12409
12413
12471
22052
12408
12418
12784
22053
12415
12419
22054
12416
12473
12411
12414
12477
12416
12478
12415
22065
12415
12416
12485
22067
12416
12486
22069
12487
12419
12419
12787
12424
12425
12426
12435
22078
12425
12426
12424
12425
22080
24074
12424
12426
12437
24075
12439
22082
24077
22083
12440
12430
12431
12442
22078
12430
12431
12450
22081
12431
12444
12451
22083
12446
12453
22084
12434
12435
12442
12434
12438
12477
12440
12439
12440
12441
22071
12439
12441
12484
22073
24087
12439
12440
24089
12440
12441
12486
22075
24091
12489
22077
12446
12447
22071
12446
12447
12463
12498
22074
12446
12464
12447
12499
12466
22076
12501
22077
12452
12453
12454
12462
22099
12452
12454
12452
12453
22102
12453
12454
12464
22103
12466
22105
12468
12459
12460
12461
12462
22106
12460
12461
14277
22170
12459
12460
12505
22109
22171
12459
12461
12465
12506
12467
12507
22111
22112
22174
12468
12466
12467
12468
22085
12466
12467
12518
22088
12466
12468
12467
12468
12519
22090
12521
22091
12473
12474
12475
12483
12490
12473
12475
12867
12473
12474
12485
24683
12474
12475
12492
12868
24684
12487
12488
12494
24686
12496
12871
12478
12483
12478
12486
12487
12481
12482
12490
12497
12481
12482
12493
12512
12873
12495
12502
12514
12496
12874
12487
12488
12489
22113
12488
12489
22114
24689
12487
12488
24691
12487
12489
22117
24693
22118
12494
12495
12496
22113
12494
12495
22115
22142
24696
12494
12496
12878
24697
12495
12496
12879
22144
22117
24698
22119
22146
12881
12501
12502
22113
12501
12502
12518
22116
12501
12502
12520
22118
12522
22119
12507
12508
12509
12517
22134
12508
12509
22212
12507
12508
22137
22213
12507
12509
12519
12521
22139
22140
22215
12523
12514
12515
12516
12517
22141
12515
12516
12897
12514
12515
12898
22144
12514
12516
12520
12522
22146
12899
22147
12523
12521
12522
12523
22120
12521
12522
22123
12521
12523
12522
12523
22125
22126
12527
18614
12527
12528
12532
18615
22254
12528
12537
12561
22255
12535
18617
12536
12539
22257
12531
12534
22262
12531
12538
22263
12536
12539
22265
12535
12536
18628
22275
12535
18629
12536
22276
18632
22279
12539
12564
22282
12539
22283
22285
12544
12545
12554
12557
22246
12544
12555
18614
12544
12545
18616
22247
24745
12545
12558
12562
24746
12556
18618
22251
12560
22252
24748
12550
12551
12552
12554
22246
12550
12552
12551
12552
18622
12550
12551
18623
22248
22250
12556
18626
22251
12554
12557
12556
12556
12560
17076
12560
12566
24759
12560
17079
24760
17082
24762
12563
12564
22289
12563
12566
22290
12565
12568
22292
12565
12577
12580
12568
22310
12568
22311
22313
12573
12574
12575
12576
18067
22309
12574
12575
12655
13123
18068
12573
12574
12578
12656
12573
12575
13124
22311
12580
22313
12582
12658
18071
13126
18072
22315
12580
12581
12582
22288
22295
12580
12581
22282
22289
12580
12582
12663
12581
12582
12664
22284
22297
22292
22286
22293
22299
12665
22300
12587
12588
12589
12597
12604
22337
12587
12588
12598
12587
12589
12605
12649
12588
12589
12612
12650
22338
12601
12608
12603
12613
22342
12610
12652
22343
12594
12595
12596
12597
12604
18074
12595
12596
18075
22261
12594
12595
12599
12594
12596
12606
22263
12601
12608
12602
18079
12609
18080
22266
12601
12602
12603
22323
12601
12603
12601
12602
12602
12603
12634
22325
22328
12636
22329
12608
12609
12610
22330
12608
12610
12662
12608
12609
22283
12609
12610
12664
22284
22332
22287
22335
12667
22336
12613
12614
12633
12637
12641
12613
12614
12642
12674
12636
12645
12639
12646
12675
12617
12618
12633
12637
12617
12618
12635
12640
12623
12624
12625
12633
12641
12623
12625
25053
12623
12624
12634
22325
12624
12625
12643
22326
25054
12635
12636
12645
22329
12647
25057
12630
12631
12632
12637
12641
12631
12632
12713
25060
12630
12631
12638
12683
12714
12630
12632
12644
12684
25061
12639
12646
12685
12640
12717
12647
25064
12635
12636
12635
12636
12639
12640
12639
12640
12696
12718
12697
12645
12646
12647
12645
12646
12704
22338
12645
12647
22339
25075
12646
12647
12705
25076
22342
12707
25078
12651
12652
12653
12661
12668
22358
12651
12652
12662
12652
12653
12674
22359
12666
12670
12667
22362
12671
12676
22363
12658
12659
12660
12661
12668
18081
12658
12660
13199
18082
12658
12659
12663
12659
12660
13200
12665
18085
12666
12670
12672
13201
18086
12665
12666
12667
22344
12666
12667
12665
12666
12665
12667
22346
22348
22349
12670
12671
12672
22351
12671
12672
12700
13218
22353
12701
22355
13219
22356
12675
12676
12695
12699
12703
12675
12676
12704
12697
12707
12701
12708
12679
12680
12695
12699
12679
12680
13234
12698
12727
12702
13235
12685
12686
12687
12695
12703
12686
12687
12729
25102
12685
12686
12696
12730
12685
12687
12705
25103
12697
12707
12698
12732
12709
25105
12692
12693
12694
12699
12703
12693
12694
13237
25109
12692
12693
12700
13238
22353
12692
12694
12706
22354
25110
12701
12708
22355
12702
13240
12709
25112
12697
12698
12697
12698
12738
12739
12701
12702
12701
12702
13248
13249
12707
12708
12709
12707
12708
22359
12707
12709
25117
12708
12709
22361
25118
22363
25119
12712
17387
18740
12712
12719
12722
18741
12721
18743
12716
12717
18747
12717
12718
12730
12716
12720
12731
18748
12721
18750
12738
12721
12723
18762
12721
12740
18763
18764
12723
14675
12725
23186
12725
12749
23187
23189
12727
12737
12739
12732
12733
12737
12732
12733
23213
12732
12738
12733
12740
23214
12739
12742
23217
12736
13275
23220
12736
12741
12747
23221
12742
23224
12739
12739
12742
23228
12742
12750
23229
23231
12745
17245
12745
12749
17246
12751
17248
12748
13284
23248
12748
12750
23249
12751
23251
12751
23263
12751
23264
23265
12753
12761
12767
12774
12773
12780
12758
12759
12760
12761
12774
18088
12758
12759
18090
24101
12759
12760
12763
12781
12758
12760
12776
12782
24103
12778
18092
24105
12765
18093
12766
12779
12783
12764
12765
12766
22365
12764
12765
22367
12765
12766
22369
22370
12771
12772
12773
22365
22372
12771
12773
12771
12772
22368
12772
12773
12787
22374
22369
22371
22377
22378
12778
12779
12780
22372
12779
12780
12778
12779
24123
12778
12780
12788
22375
24124
22376
24125
22378
12783
12783
12799
12786
12787
22374
12786
12788
12869
22375
22378
12884
12793
12794
12795
12807
12814
12818
12793
12794
12808
12821
24094
12793
12795
12815
12908
24096
12794
12795
12823
12909
12811
12817
24097
12813
12819
12825
12910
12800
12801
12802
12807
12814
12801
12802
12800
12801
12809
24102
12800
12802
12816
24103
12811
12817
24106
12812
12805
12806
12807
12818
12805
12806
12810
12835
12812
12813
12819
12837
12811
12812
12813
12811
12813
12843
12811
12812
12812
12813
12845
12848
12817
12817
12911
24122
12817
24123
24126
12819
12858
12824
12825
12826
12842
12849
12856
12824
12825
12843
24766
12824
12826
12850
12912
24768
12825
12826
12857
12913
12847
12853
24769
12848
12858
12854
12859
12915
12831
12832
12833
12842
12849
12831
12833
21295
12831
12832
12844
21297
12832
12833
12851
12846
21300
12847
12853
12855
12836
12837
12842
12856
12836
12837
12845
12846
12848
12858
12840
12841
12849
12856
12840
12841
12852
12917
12933
12854
12859
12918
12855
12934
12846
12847
12848
12847
12848
12846
12847
16994
12846
12848
16995
16998
12853
12854
12855
12853
12854
12920
24780
12853
12855
22409
24781
12854
12855
12921
22410
24783
12923
22412
12858
12859
12858
12859
12926
12927
12864
12865
12876
12886
12864
12865
12877
12890
24095
12864
12883
12908
24096
12865
12887
12892
12880
12885
24098
12882
12888
12894
12870
12871
12876
12871
12870
12871
12878
24109
12870
12884
24110
12880
12885
24112
12881
12874
12875
12876
12886
12874
12875
12879
12898
12881
12882
12888
12900
12880
12881
12882
12880
12882
22387
24115
12880
12881
24116
12881
12882
22389
24117
22392
12885
12911
24122
12885
24124
24127
12888
12888
12906
12907
12893
12894
12895
22386
22393
12893
12894
22387
24767
12893
12895
12912
22394
24768
12894
12895
12906
12914
22391
22397
24770
12907
22392
12916
22398
12899
12900
12901
22386
12899
12901
12899
12900
22389
22390
12907
22392
12904
12905
22393
12904
12905
12972
12976
22399
12907
12910
12911
12910
12913
12915
12916
12920
12915
12926
12916
12923
12927
12924
12918
12921
12985
12923
12927
12923
12924
12925
12923
12924
22394
12923
12925
12990
12924
12925
12991
22396
22398
12992
12927
12930
12931
12936
12930
12931
12951
12941
12953
12934
12935
12936
22407
12934
12935
12985
22410
22412
12942
12986
22413
12940
12941
12942
22400
12941
12942
12967
12996
22403
12940
12941
12940
12942
12997
12969
22405
12998
22406
12947
12948
12949
12959
22421
12947
12949
13051
12947
12948
12961
12948
12949
13053
22423
12963
12964
22425
13056
22427
12952
12953
12959
12966
12952
12953
12962
12963
12965
12969
12957
12958
12966
22421
12957
12958
13006
13057
22424
12957
12968
13007
12970
13008
22426
22427
12963
12964
12965
22414
12964
12965
22415
12963
12964
12963
12965
22418
22419
12969
12970
22414
12969
12970
13019
22417
12970
13020
22419
13021
22420
12975
12976
12977
12978
22449
12975
12976
12976
12977
22452
12975
12977
12981
12982
22454
12984
12987
22455
12982
12983
12984
17083
22428
12983
12984
13000
17091
22431
12982
12983
17086
17092
12982
12984
13001
17087
17089
17094
22433
13002
22434
12986
12990
12993
12998
12994
13002
12992
12993
12994
17097
12993
12994
17098
22408
22450
12992
12993
22410
12992
12994
22452
17101
22413
17102
22455
12998
12999
17097
12998
12999
13019
17099
12998
17101
13022
17103
13002
13003
13025
17100
13002
17102
13028
17103
13008
13009
13010
13018
22505
13009
13010
13069
13008
13009
13070
22507
13008
13010
13020
13021
22509
13072
22511
13023
13015
13016
13017
13024
22505
13016
13017
17119
13015
13016
17120
22479
22508
13015
13017
13026
22480
13027
22481
22510
17122
22511
13029
13021
13022
13023
22498
13021
13022
22500
13021
13023
22502
22504
13027
13028
13029
22498
13027
13028
17091
22501
13027
13029
17093
17095
22503
22504
13031
13037
13034
13035
13036
17104
22512
13034
13036
17105
13034
13035
22514
17108
22517
22518
17109
13040
13041
13042
17104
22519
13041
13042
13067
17107
24836
13040
13042
22522
24837
22524
17109
17110
22525
24839
13047
13048
13049
17111
13047
13048
13059
13063
13047
13049
17112
22527
13048
13049
13065
22528
13061
17115
13062
17117
22530
13054
13055
13056
17111
13055
13056
13054
13055
13060
13054
13056
17113
13061
17115
17116
13058
13070
17114
13062
13073
17117
13061
13061
13082
17105
13066
13067
13086
17107
13066
13087
13089
13099
13072
13073
13074
13079
22533
13072
13074
13072
13073
22535
13073
13074
13081
22537
13082
22538
13084
13077
13078
13079
22540
13077
13078
13095
22543
13083
13096
22545
22546
13082
13083
13084
22526
13082
13083
13106
22528
13082
13084
22530
13108
22532
13089
13090
13091
13098
13105
22554
13089
13090
13099
24809
13089
13091
13106
22528
13090
13091
22529
22555
24810
13102
13107
13103
22558
24812
13108
22532
22559
13093
13098
13105
13104
13153
13096
13097
13105
22554
13096
13097
14922
22557
13108
22559
14923
22560
13102
13103
13104
22547
13102
13103
24836
13102
13104
13160
13103
13104
13161
22549
24838
22551
24840
13162
22552
13107
13108
13107
13108
13113
13114
13115
17125
22582
22589
13113
13114
13117
22583
13113
13115
13149
17126
13114
13115
13118
13150
22590
17129
22586
13120
22588
22594
13151
17131
22595
13119
13120
13121
13136
13143
22603
13119
13120
13137
13120
13121
13172
22604
13141
13145
13142
22607
13146
13173
22608
13126
13127
13128
13136
13143
18123
13126
13128
13199
18124
13126
13127
13138
13127
13128
13140
18127
13141
13145
13147
13202
18128
13133
13134
13135
13143
18123
22603
13134
13135
13211
18126
23381
13133
13134
13144
13177
13212
13133
13135
13178
22606
23382
13146
13179
22608
13147
13215
18128
18129
22609
23385
13140
13141
13142
22596
13141
13142
22583
13140
13141
22311
13140
13142
22312
22585
22598
22315
22600
22588
22601
13145
13146
13147
13146
13147
13185
13222
13186
13223
13151
13152
13158
13164
13151
13159
13151
13152
13165
13172
13163
13168
13169
13174
13162
13157
13164
13157
14963
13157
13167
13183
14964
13170
14965
13162
13163
22610
13163
17126
13162
13162
13163
17128
22612
22614
17131
22615
13168
13169
13170
22610
13168
13169
13188
22590
13168
13170
14969
22592
22613
13169
13170
13190
14970
22595
22615
13192
14972
22616
13173
13174
13187
13173
13174
13188
13186
13191
13192
13179
13180
13181
13187
13180
13181
13257
23402
13179
13180
13185
13258
13179
13181
13189
23403
13186
13191
13193
23405
13184
14986
13184
13190
14987
13193
14990
13186
13264
13191
13192
13193
13191
13192
22604
13191
13193
22606
23410
13192
13193
23411
22608
23412
13196
13197
13217
13221
13225
13196
13197
13226
13220
13230
13232
13224
13231
13201
13202
13217
13221
18130
13201
13202
18131
13201
13219
18135
13223
18136
13207
13208
13209
13217
13225
18130
13207
13208
18132
18803
22352
13208
13209
13218
13238
22353
13207
13209
13227
13239
18804
13229
18134
18806
13219
18135
22356
13220
13230
13241
13214
13215
13216
13221
13225
18130
13214
13215
18133
18810
13215
13216
13222
13258
13214
13216
13228
13259
18811
13229
18134
18813
13223
18136
13224
13231
13260
13219
13220
13219
13220
13248
13250
13223
13224
13223
13224
13264
13229
13230
13231
13230
13231
13252
13229
13230
13253
18825
13229
13231
13265
18826
18827
13255
13250
13255
13235
13247
13235
13249
13240
13241
13242
13247
13251
13240
13242
25137
13240
13241
13248
13241
13242
13253
25138
13249
13250
13255
13256
25141
13246
13251
13246
13278
25144
13246
13254
13269
25145
13256
25148
13249
13250
13249
13250
13255
13256
13255
13255
13256
25159
13256
13272
25160
25162
13261
23423
13260
13264
13260
13261
13265
23424
13267
23427
13263
13266
13271
15013
13267
15016
13267
23431
13267
13273
23432
23434
13270
13293
23458
13270
13272
23459
13274
23461
13273
15027
13274
23473
13274
23474
23475
13277
18852
13277
13281
13285
18853
13283
18855
13280
18859
13280
13282
13294
18860
13283
18862
13283
13290
18874
13283
13296
18875
18876
13286
23507
13286
13290
23508
13292
23511
13289
15112
13289
13291
15113
13292
15116
13292
23522
13292
23523
23525
13295
23549
13295
13296
23550
23553
15127
13299
13436
16494
13299
13303
16495
16498
13301
13308
16522
13305
16525
13304
13462
16527
13304
16528
13305
16529
16535
13307
13518
13318
13519
13310
16543
13310
13319
16544
13321
16545
13315
13316
13315
13316
13522
16546
13315
13317
13322
13523
13316
13320
13323
16547
13318
13526
13321
16548
13318
13324
13536
13537
13321
16549
13321
13325
16550
16551
13324
13549
13325
16552
13550
16553
13338
13369
13339
13335
13341
13383
13336
13399
13333
13337
13333
17305
13333
13339
17307
13342
17310
13335
13336
13388
13411
17134
13390
17136
13412
17137
13341
13342
17132
13341
22639
13342
24865
13341
13342
17135
22640
24866
17136
22642
17138
24868
13353
13358
13384
13359
16563
13349
13350
13351
13350
13351
16566
22660
13349
13350
13352
22626
22661
13349
13351
13357
16567
22627
13353
13358
22628
13354
22664
13359
16570
13353
13354
13389
13447
13391
13448
13358
17140
13359
16577
13358
13359
16578
17141
17143
16580
13372
13377
13385
13365
13366
13367
13368
13374
13366
13367
13597
16591
13365
13366
13371
13598
22633
13365
13367
13376
16592
22634
13372
13377
22635
13373
13601
13378
16593
13372
13373
13372
22639
13373
22773
13372
13373
22641
22774
22643
22776
13377
13378
13378
16595
13377
13378
16596
17142
17144
16597
13383
13384
13385
13386
17139
22638
13383
13384
13387
13383
13385
22639
13384
13385
17140
13390
22642
13391
17143
17144
22643
13390
13391
13392
22617
22624
13390
13391
13390
13392
22619
22710
13391
13392
22626
22711
22621
22628
22622
22629
22712
13396
13397
13407
13409
22652
13397
13410
22688
13396
13397
13414
22653
22689
13408
22657
13413
22658
22691
13399
13407
13409
13412
13404
13405
13406
13407
22652
13404
13405
24136
13405
13406
13404
13406
13416
22654
24138
22656
24140
13408
13417
22657
13408
13412
13413
22645
13413
22709
13412
13413
22647
22710
22650
22651
22713
13415
13420
17148
13424
17150
13417
13421
13698
13423
13419
13422
13705
17156
13424
17157
13423
13424
22653
22730
13423
13425
22654
22815
13424
13425
22731
22816
22657
22733
22818
13430
13431
13432
13442
13445
22666
13430
13431
13451
13430
13432
13446
22688
13431
13432
13453
22667
22690
13444
13455
22671
13449
22672
22692
13434
13442
13445
13448
13439
13440
13441
13442
22666
13439
13440
13440
13441
13443
13463
13439
13441
13464
22668
22670
13444
13466
22671
13444
13444
13469
13471
13448
13449
22659
13449
22709
13448
13449
22661
22711
22664
22665
22714
13454
13455
13456
13468
13472
22680
13454
13455
13454
13456
13473
17147
13455
13456
17149
22681
13476
13471
22684
13477
17151
22685
13459
13460
13468
13472
13459
13460
13518
13470
13478
13520
13465
13466
13467
13468
22680
13465
13467
16613
13465
13466
13469
13466
13467
16614
22682
13470
13471
22684
16615
22686
13470
13471
13470
13471
13476
13477
13478
22673
13476
13477
13501
13476
13478
13477
13478
13503
13540
22675
13505
22677
13541
22678
13483
13484
13485
18144
22715
22722
13484
13485
13757
16625
18147
13483
13484
13495
13758
22718
13483
13485
13496
22725
13497
22720
22727
13761
18149
22721
16626
18150
22728
13490
13491
13492
13500
13507
13491
13492
13557
13490
13491
13503
13558
22675
13490
13492
13509
22676
13505
13511
22677
13506
13561
13513
13497
13498
13499
13507
22729
13498
13499
13787
13497
13498
13788
22732
13497
13499
13510
13512
22734
13790
22735
13513
13504
13505
13506
17146
17153
13504
13505
17147
13504
13506
13564
17155
13505
13506
13565
17150
17157
17151
13566
17158
13511
13512
13513
17146
13511
13512
17149
22681
22723
13511
13513
22683
13512
13513
22725
17151
22685
17152
22727
13515
13516
13535
13539
13543
13538
13547
13542
13548
13552
13519
13520
13535
13539
13519
13520
13537
13541
13525
13526
13527
13535
13543
13525
13526
17289
13526
13527
13536
13549
13525
13527
13544
13546
17290
13537
13538
13547
13532
13533
13534
13539
13543
13532
13533
17291
22674
13533
13534
13540
13558
22675
13532
13534
13545
13559
13546
17292
13541
22678
13542
13548
13562
13537
13538
13537
13538
13550
13541
13542
13541
13542
13565
13567
13546
13547
13548
13546
13547
13546
13548
13569
13570
13550
13552
13563
13568
13567
13570
13555
13847
17154
13555
13564
17155
13566
17158
13560
13561
13562
13563
13568
13560
13561
13561
13562
13565
13560
13562
13569
13566
13567
13570
13566
13567
13566
13566
13567
13570
13570
13575
13576
13577
13585
22750
13576
13577
13575
13576
22752
13575
13577
13587
13589
22754
22755
13590
13582
13583
13584
13585
22757
13582
13583
13583
13584
13588
13582
13584
13645
22760
22761
13590
13591
13646
22763
13589
13590
13591
22736
13589
13591
13648
22738
13589
13590
13590
13591
13649
22740
13650
22742
13594
13595
13609
22771
13594
13595
22773
13613
22775
22776
13600
13601
13602
13616
22771
13600
13601
13601
13602
13625
22774
13600
13602
13618
13626
13620
22776
13621
13628
22777
13606
13607
13608
13609
13616
13607
13608
13612
13606
13608
13619
13620
13614
13615
13622
13613
13614
13615
22764
13613
13615
13648
22766
13613
13614
13614
13615
22768
13651
22770
13620
13621
13622
22764
13621
13622
13638
13658
22767
13620
13621
13639
13620
13622
13641
22769
13659
22770
13627
13628
13629
13637
22792
13627
13629
16630
22632
13627
13628
22633
22795
13628
13629
13639
22636
22796
13641
22798
13643
13634
13635
13636
13637
22799
13635
13636
13764
13634
13635
13675
13765
22802
13634
13636
13640
13642
22804
13767
22805
13643
13641
13642
13643
22778
13641
13642
13693
22781
13641
13643
13642
13643
22783
13694
22784
13646
13647
13652
13646
13654
13650
13656
13650
13651
17160
13650
13651
17161
13650
17164
17165
13656
13657
17160
13656
13657
13687
17162
22758
13656
13868
22760
13657
13689
17164
22763
13691
17166
13659
13693
17163
17165
13664
13665
13666
13679
13686
13692
13664
13665
13680
22780
24879
13664
13666
13687
17162
24880
13665
13666
13693
17163
22781
13683
13690
24882
13684
13694
22784
13691
13695
17166
13671
13672
13673
13679
13686
13672
13673
13671
13672
13681
13807
24886
13671
13673
13688
13870
24887
13683
13690
24888
13685
13809
13676
13679
13692
13676
13682
13812
13685
13813
13678
13686
13692
13691
13695
13683
13684
13685
13683
13684
22800
24899
13683
13685
13817
24900
13684
13685
13818
22802
24901
22804
13819
13690
13691
13690
13691
24906
13690
13874
24908
13691
24910
13695
13694
13699
13700
13701
13709
22813
13699
13700
13711
24137
13699
13701
22815
24138
13713
22817
24141
13714
22818
13703
13709
13716
13715
13721
13726
13707
13708
13716
22813
13707
13708
13781
22816
13708
13719
13782
22818
13722
13784
22819
13713
13714
13715
22806
13713
13715
13736
22807
13713
13714
13714
13715
13737
22810
13740
22811
13720
13721
13722
22806
13721
13722
13743
13793
22809
13720
13721
13744
13720
13722
13794
13746
22811
13795
22812
13725
13726
13727
13735
13742
13726
13727
13744
13739
13740
13746
13748
13732
13733
13734
13742
22827
13733
13734
13732
13733
13745
13732
13734
13838
13890
22830
13747
13839
22832
13748
13891
22833
13739
13740
13741
17167
22820
13740
13741
22821
13739
13740
13739
13741
17169
17171
22824
17172
22825
13746
13747
13748
22820
13746
13747
13840
22822
13746
13748
13747
13748
13841
22824
13842
22826
13753
13754
13755
13768
17174
22841
13753
13754
13773
22842
24130
13753
13755
13800
17175
24131
13754
13755
13769
13775
13802
17178
22845
24133
13770
13777
22847
13771
13804
17180
13760
13761
13762
13768
22841
13760
13761
13761
13762
13788
22844
13760
13762
13789
22846
13770
13791
22847
13766
13767
17174
13766
13767
13767
17177
17179
13770
13771
13770
13771
13798
13828
13829
13776
13777
13778
13792
22848
13776
13777
22808
22849
13776
13778
13793
13832
22809
13777
13778
13798
13834
13795
22812
22853
22854
13796
13836
13783
13784
13785
13792
22848
13783
13785
13847
17154
13783
13784
17156
22850
13784
13785
13794
13848
17159
22852
13795
22853
13797
13849
13790
13791
22848
13790
13790
13791
22851
13791
22852
22854
13795
13796
13797
13795
13796
13840
13795
13797
13850
13851
13846
13803
13804
13805
13815
13822
13827
13803
13804
13816
24914
13803
13805
13823
13833
24915
13804
13805
13828
13834
13820
13825
24917
13821
13829
13826
13830
13837
13809
13810
13815
13822
13809
13810
13817
24921
13810
13824
13944
24922
13819
13820
13825
24924
13813
13814
13815
13827
13813
13814
13818
13819
13821
13829
13819
13820
13821
13820
13821
17175
24927
13819
13820
24928
13819
13821
17177
24929
17180
13825
13826
13825
13826
13843
24934
13825
13948
24936
24939
13829
13830
13829
13830
13846
13835
13836
13837
13835
13836
13840
22822
13835
13837
13843
22823
13836
13837
13846
13842
13845
22826
13839
13844
13842
13845
13842
13842
13845
22828
13845
13952
22830
22832
13849
13849
13850
13851
13851
13856
13857
13858
17181
17188
22876
13856
13857
17182
13856
13858
22877
13857
13858
17189
17185
22880
17187
17193
13869
17194
22882
13860
13861
17184
17197
17199
17187
17200
13865
17189
13865
13866
13923
17190
17198
13866
13924
17193
17200
13926
17201
13873
13875
13877
13872
13874
22871
13872
13876
13945
22872
13875
13877
22875
13875
22877
13875
22879
22882
13877
13950
17191
17194
13882
13883
13884
13893
13900
13907
13882
13883
13894
13928
13882
13884
13901
13883
13884
13897
13904
13899
13929
13906
13887
13888
13893
13907
13887
13888
13896
13898
13899
13891
13892
13900
13907
13891
13892
13903
13905
13906
13897
13898
13899
22883
13897
13899
13936
18670
13897
13898
18671
22885
13898
13899
13937
18674
22887
22888
13940
13904
13905
13906
22883
13904
13906
18677
13904
13905
18678
22829
22886
13905
13906
13952
22830
18681
22887
22833
22889
13911
13912
13913
13921
22897
13911
13912
13928
22898
13911
13913
13922
13925
22901
22903
13927
13918
13919
13920
22897
13918
13919
17274
24605
13919
13920
13932
22900
24607
13918
13920
22902
24610
13934
22903
13925
13926
13927
22890
13925
13927
16727
13925
13926
16728
22893
13926
13927
16731
22894
22896
13929
13936
13940
13933
13934
13935
13933
13933
13934
13938
13939
13941
13939
13940
13941
13940
13941
22898
13939
13940
13939
13941
22900
22903
13943
13947
13949
13951
13946
13948
18664
13946
13950
18665
13949
13951
18668
13949
18677
13949
18679
18682
13951
16729
16732
13990
13956
21722
13956
13958
13969
21724
13959
21727
13959
21744
13959
13979
21745
21748
13966
13963
21764
13963
13965
13974
21766
13966
21769
13966
21786
13966
13980
21787
21790
13971
13972
13971
13972
21799
22926
13971
13979
21801
13972
22928
13981
21804
22931
13975
13976
14281
21806
13975
13980
21808
13981
21811
14284
13978
14005
14293
14009
13981
21821
13981
21822
21825
13986
13987
13988
13997
22911
13986
13987
22912
24941
13986
13988
13987
13988
13998
14017
24942
22915
14002
22917
24944
14003
14018
13992
13993
22911
13993
21869
13992
13993
21871
22913
22915
21874
22916
13996
13997
13996
14000
14001
14001
14002
14003
22904
14002
14003
14019
24955
14001
14002
22907
24956
14001
14003
14020
22908
22910
24958
14021
14008
14009
14010
14011
18165
22939
14008
14009
17275
18168
14009
14010
14008
14010
14030
17276
22942
17278
18169
22943
14015
18171
14016
14031
22945
14014
14015
14016
22918
22925
14014
14016
22920
14014
14015
22928
22922
22929
22931
14038
22924
14018
14019
14050
14021
14021
14072
14021
14132
14026
14027
14037
14039
14046
14026
22920
14026
14027
14040
14051
22921
14027
14047
14052
14038
14043
22924
14044
14048
14055
14031
14032
14037
14039
14032
14353
14031
14032
14041
14354
14038
14043
14045
14357
14035
14036
14039
14046
14035
14036
14042
14068
14360
14044
14048
14069
14045
14363
14038
14043
14044
14045
14043
14044
14079
22940
14043
14045
22942
23011
14044
14045
14081
23012
22945
14083
23014
14048
14048
14086
14088
14053
14054
14055
14071
14078
14085
14053
14054
14072
24942
14053
14055
14079
24943
14054
14055
14086
14075
14082
24946
14076
14087
14083
14088
14060
14061
14062
14071
14078
14061
14062
14140
14388
14060
14061
14073
14141
24948
14060
14062
14080
14389
24949
14075
14082
24950
14077
14143
14084
14391
14065
14066
14071
14085
14065
14066
14074
14147
14076
14087
14077
14148
14069
14070
14078
14085
14069
14070
14081
14395
14083
14088
14084
14397
14075
14076
14077
14075
14076
24955
14075
14077
14156
24957
14076
14077
14157
24959
14158
14082
14083
14084
14082
14083
24962
14082
14084
14405
24964
14083
14084
14406
24966
14407
14087
14088
14087
14088
14092
14093
14111
17203
14092
14093
14112
17206
14109
14114
17208
14097
14098
17202
14098
14097
14098
17204
17206
17207
14103
14104
14105
14106
17202
14103
14104
21918
14104
14105
17205
21920
22948
14103
14105
14107
22949
14108
17207
21923
14109
17208
22951
14108
14109
14108
14109
14125
14127
14114
14115
14116
14124
17209
22960
14114
14115
22961
24969
14114
14116
14115
14116
14169
17210
24971
14127
22965
17213
22966
24973
14128
17214
14121
14122
14123
14124
17209
18172
14122
14123
14183
14475
18175
14121
14122
14126
14184
14121
14123
14476
17212
14128
17214
14129
14187
18177
14479
17215
18178
14127
14128
14129
22946
14127
14129
14190
22949
14128
14129
22951
14191
22952
14131
14135
14133
14155
14133
14137
14138
14154
14161
14168
14137
14155
24970
14137
14138
14162
14169
24971
14159
14165
24974
14166
14143
14144
14145
14154
14161
14143
14145
14524
14143
14144
14156
24976
14144
14145
14163
14525
24977
14158
14159
14165
24978
14167
14528
14148
14149
14154
14168
14148
14149
14157
14158
14160
14152
14153
14161
14168
14152
14153
14164
14531
14166
14167
14532
14158
14159
14160
14159
14160
24990
14158
14159
24992
14158
14160
24994
14165
14166
14167
14165
14166
14170
24997
14165
14167
14542
24999
14166
14167
14543
25001
14545
14170
17210
14554
17212
14173
14176
14206
14177
14209
14177
17231
17303
14177
17232
17304
17235
14180
14181
14189
14193
17223
14180
14181
14194
14201
14198
14202
17229
14192
14199
14186
14187
14188
14189
14193
18179
14186
14187
18182
14187
14188
14186
14188
14196
14197
18183
14191
18185
14192
14199
14191
14192
17216
14191
17219
17222
14197
14198
14199
22967
14198
14199
14223
14197
14198
14224
16742
22970
14197
14199
16743
16744
22971
14226
22973
14202
14203
14218
14222
17230
14202
14203
14223
14226
17236
14220
14227
14208
14209
14210
14218
17230
18186
14208
14210
14233
18187
14208
14209
17232
14209
14210
14234
17234
18190
17235
14221
14236
18191
14215
14216
14217
14218
14222
18186
14216
14217
14245
18189
25067
14215
14216
14219
14246
14215
14217
14225
14229
25068
14220
14227
14221
14249
18191
14228
18192
25071
14220
14221
14220
14221
14255
14226
14227
14228
22974
14226
14227
14226
14228
22977
25082
14227
14228
25083
22979
22980
25085
14601
14231
14251
14254
14256
14253
14261
14235
14236
14251
14254
14235
14236
17386
14236
14252
14255
14241
14242
14243
14251
14256
14241
14242
17387
18740
14241
14243
14265
14242
14243
14258
14266
18742
14252
14260
18744
14253
14261
14267
14248
14249
14250
14254
14256
14248
14249
18754
14249
14250
14248
14250
14259
14275
18755
14260
18757
14255
14262
14252
14253
14255
14260
14261
14262
14261
14262
14260
14261
14271
18769
14260
14262
14276
18770
18771
14273
14267
14268
14270
14268
14674
14267
14267
14268
14271
14676
14273
14274
14679
14274
14692
14273
14274
14273
14274
23193
14274
23194
23196
14276
14695
14709
14279
14295
14300
14301
14299
14303
14283
14284
14295
14300
14283
14284
24703
14283
14296
24705
14298
24708
14289
14290
14291
14295
14301
14289
14290
24157
24710
14290
14291
14297
14315
24711
14289
14291
14316
24159
14302
24160
14298
24712
14299
14303
14318
14294
14300
14301
14294
17275
14302
17279
14298
14299
14298
24718
14298
14299
14328
24719
24721
14331
14302
14303
17285
14334
14306
22212
14306
14310
22214
14312
22217
14309
22219
14309
14311
14322
22221
14312
22224
14312
22241
14312
14329
22242
22245
14317
14318
14319
14327
14332
14317
14319
22989
24724
14317
14318
14328
24725
14318
14319
14333
22991
14330
24726
14331
14334
14335
22994
14323
14327
14323
14864
24731
14323
14329
24733
14330
24736
14326
14332
14326
14337
14870
14335
14339
14330
14331
14330
14331
24739
14330
24740
24742
14334
14335
14334
14335
14342
14344
14338
14339
14340
14346
14338
14339
14349
14344
14343
14344
14345
22981
22988
14343
14345
14423
17282
22983
14343
14344
17283
22991
17286
22985
22993
22994
22987
14349
14350
14351
22981
22995
14350
14351
14425
17319
22984
14349
14350
17320
22998
23000
17322
22986
23001
22987
14356
14357
14358
14367
23009
14357
14358
14356
14357
17276
23011
14356
14358
14369
17277
14370
17280
23013
23014
14371
14362
14363
14364
14373
23009
14363
14364
14395
23012
14362
14364
14375
14396
14377
23014
14378
14398
23015
14366
14367
14373
14372
14379
14422
14370
14371
14372
23002
14370
14372
14423
17282
23004
14370
14371
17284
17287
23006
14424
23008
14377
14378
14379
23002
14378
14379
14411
14427
23005
14377
14378
14412
14377
14379
14428
14413
23007
14430
23008
14384
14385
14386
14403
14410
23016
14384
14385
14404
23003
25005
14384
14386
14434
23017
25006
14385
14386
14411
14436
23005
14408
23020
25007
14409
14413
23007
14414
14438
23021
14391
14392
14393
14403
23016
14391
14393
14524
14391
14392
14405
25011
14392
14393
14526
23018
25012
14407
14408
23020
25013
14529
23022
14397
14398
14403
14410
14397
14398
14406
14398
14412
14407
14409
14413
14401
14402
14410
23016
14401
14402
14447
14535
23019
14414
14449
23021
14538
23022
14407
14408
14409
14408
14409
23010
25018
14407
14408
25020
14407
14409
23012
25021
23015
14413
14414
14413
14414
14461
14413
14464
14419
14420
14421
14426
14419
14420
14423
22983
23004
14419
14421
14425
14435
22984
14420
14421
14427
14436
23005
22987
14424
14430
23008
14431
14439
14424
14430
14424
14456
14430
14431
14432
14430
14431
14461
14430
14432
14431
14432
14463
14465
14437
14438
14439
14455
14460
23023
14437
14438
23024
25033
14437
14439
14456
25034
14438
14439
14461
14458
23027
25036
14464
23028
14459
14465
14443
14444
14455
23023
14443
14444
14561
17313
23025
14443
14457
17314
14458
17315
23027
14562
23029
14449
14450
14451
14460
23023
14450
14451
14565
14449
14450
14566
23026
14449
14451
14462
14464
23028
14568
23029
14466
14453
14454
14455
14460
14459
14465
14466
14458
14459
14458
14459
17319
14458
17321
17323
14464
14465
14466
14464
14465
14464
14466
14465
14466
14471
14472
14473
14481
23044
23051
14471
14472
14503
23045
24171
14471
14473
14552
23052
24172
14472
14473
14482
14504
23048
23055
24174
14486
14506
23050
14487
23057
14478
14479
14480
14481
18200
23051
14478
14479
18203
14479
14480
23054
14478
14480
14484
14485
18204
18206
23056
14487
23057
14485
14486
14487
23037
14486
14487
17238
14485
14486
17239
18727
23040
14485
14487
18728
18729
23041
17241
23043
14492
14493
14494
14495
18207
23072
14492
14493
17312
18210
14493
14494
14561
17313
23075
14492
14494
14498
14499
18211
17316
18213
23077
14501
14563
23078
14499
14500
14501
23058
23065
14500
14501
14510
23061
14499
14500
14511
23068
14499
14501
23069
14513
23063
23071
23064
14506
14507
14508
14509
17237
23100
14506
14507
23059
23101
14506
14508
17238
14507
14508
14510
23061
17241
23105
14513
23063
23106
14514
17242
14513
14514
14515
23086
23093
14513
14514
14513
14515
14939
23089
14514
14515
14940
23096
23091
23097
14942
23092
23099
14520
14521
14522
14540
14547
23107
14520
14521
14541
14552
24172
14520
14522
14557
23108
24173
14521
14522
14544
23111
24176
14546
14550
14551
14560
23113
14527
14528
14529
14540
23107
14528
14529
14527
14528
14542
24178
14527
14529
23109
24179
14544
23111
24180
14545
23112
14532
14533
14540
14547
14532
14533
14543
14545
14546
14550
14537
14538
14539
14547
23107
14538
14539
14566
23110
14537
14539
14548
14567
14549
23112
14551
14569
23113
14544
14545
14546
14544
14546
14553
24185
14544
14545
24187
14545
14546
24189
14549
14550
14551
14549
14551
14578
14553
14555
23052
14555
23054
23057
14559
14560
14571
14559
14560
14572
23060
14559
23061
14576
23064
14577
14578
14562
14563
14573
14575
14576
14568
14569
14570
14571
14568
14570
14568
14569
14574
14569
14570
14575
14577
14578
14575
14576
14577
14576
14577
23073
23108
14575
14576
23025
23075
14575
14577
23026
23110
23029
23078
23113
14581
14582
14626
23095
14581
15007
23096
14583
23097
14583
14632
17240
17242
14586
14588
14594
18699
14586
14590
14621
18700
14589
14592
18703
14589
14592
14589
14609
16741
16746
14592
14631
18726
14592
18728
18731
14597
14598
14599
14612
14619
14597
14598
14609
25047
14597
14599
14613
14643
25048
14598
14599
14645
14611
14616
25050
14617
14620
14647
14603
14604
14612
14603
14610
25068
14603
14604
14614
14696
25069
14611
14616
25072
14618
14698
14607
14608
14612
14619
14607
14608
14615
14651
14702
14617
14620
14653
14618
14705
14611
25081
14611
25083
25086
14616
14617
14618
14616
14617
23171
25088
14616
14618
23291
25090
14617
14618
23173
23292
25092
23175
23294
14620
14670
14624
14631
23116
14624
14625
14635
14644
23117
14625
14645
14633
14638
23120
14639
14641
14648
14628
14632
23137
14628
14636
15035
23138
14633
14638
23141
14630
14637
14657
15038
14639
14641
14658
14633
23150
14633
23152
23155
14638
14639
14640
14638
14639
14662
23157
14638
14640
15040
23159
14639
14640
14664
15041
23162
14666
14671
14646
14647
14648
14661
14668
23170
14646
14647
23171
25096
14646
14648
14662
25097
14647
14648
14669
14665
23174
25099
14670
23175
14666
14671
14653
14654
14655
14668
23170
14654
14655
14741
14653
14654
14742
23173
14653
14655
14670
23175
14744
23176
14672
14658
14659
14660
14661
14668
14658
14659
14664
15054
14666
14671
14667
15055
14672
14665
14666
14667
23163
14665
14666
25123
14665
14667
15063
23166
25125
14666
14667
15064
23167
25127
15065
23169
14670
14671
14672
14670
14671
14677
14678
14679
23184
23191
14678
14679
14677
14678
18741
23186
14677
14679
18742
23193
18745
23188
23195
23189
23196
14684
14685
14686
23184
23198
14684
14685
14685
14686
17246
23187
14684
14686
17247
23200
23202
23189
17249
23190
23203
14691
14692
14693
23191
23198
14691
14692
14692
14693
23194
14691
14693
14719
23201
23202
23196
14720
23197
23204
14697
14698
14707
23289
14697
14709
18755
14697
14698
18756
23291
14710
18759
23293
23294
14700
14707
14712
14711
14717
14721
14704
14705
14706
14712
23289
14705
14706
14742
23292
14704
14706
14715
14743
14716
23294
14718
14745
23295
14710
14711
23282
14710
14711
14724
18768
23283
14710
18770
18773
23286
14727
23287
14716
14717
14718
23282
14717
14718
14735
14755
23285
14716
14717
14736
14716
14718
14756
14738
23287
14758
23288
14720
14730
14726
14732
14727
14738
14733
14739
14771
14726
14727
23296
14726
14727
23192
23297
14726
23194
23197
23300
23301
14732
14733
23296
14732
14733
14782
23199
23298
14732
14844
23201
14733
14784
23204
23300
14786
23302
14738
14739
23296
14738
14739
14789
23299
14738
14739
14790
23301
14792
23302
14744
14745
14746
14754
23317
14744
14746
14744
14745
23320
14745
14746
14756
23321
14758
23323
14760
14751
14752
14753
14754
23324
14752
14753
15161
14751
14752
14776
15162
23327
14751
14753
14757
14777
14759
14778
23329
15163
23330
14760
14758
14759
14760
23303
14758
14759
14789
23306
14758
14760
14759
14760
14791
23308
14793
23309
14765
14766
14767
14781
23338
14766
14767
15188
14765
14766
14783
14848
23256
14765
14767
15189
23257
23340
14785
23258
23342
14787
15191
23344
14771
14772
14773
14781
14788
14771
14772
14784
14771
14773
14790
14786
14792
14787
14794
14778
14779
14780
14788
23338
14779
14780
14778
14779
15195
23341
14778
14780
14791
14793
23343
15196
23344
14794
14785
14786
14787
23331
14785
14786
23269
23332
14785
14787
14852
23271
14786
14787
23273
23335
23336
14792
14793
14794
23331
14792
14793
23334
14792
14794
14793
14794
23336
23337
14818
17251
14800
14801
14802
14810
23352
14801
14802
17245
14800
14801
14812
14800
14802
17247
23354
14814
23356
14815
17250
23357
14807
14808
14809
14810
23359
14807
14808
14808
14809
14813
14826
14807
14809
14827
23361
23363
14815
14816
14828
23364
14814
14815
14816
17252
14814
14816
14838
17253
14814
14815
14815
14816
17256
14840
17257
14821
14822
14823
14837
14841
23366
14821
14822
14838
17253
14821
14823
14822
14823
14857
17255
23367
14839
14840
17257
23370
14842
23371
14828
14829
14837
23366
14829
15290
14828
14828
14829
15292
23368
14840
23370
15295
23372
14834
14835
14836
14841
23366
14835
14836
14863
15303
14834
14835
14834
14836
14858
15304
23369
14842
14859
23371
15307
23372
14839
14840
14839
14840
17251
14842
14851
16748
16750
14847
14851
17254
14847
14854
14857
17255
14853
14856
17258
14850
14852
23347
14850
14855
15373
23348
14853
14856
23351
14853
23353
14853
23355
23358
14856
14860
23360
14856
15388
23362
23365
14860
14859
14861
15412
14862
14862
23367
14862
15424
23369
23371
14866
22471
14866
14871
22473
14873
22476
14869
22478
14869
14872
22480
14873
22483
14873
17092
14873
17093
17096
14876
14877
14896
14903
14907
14876
14877
14897
14900
14905
14902
14910
14882
14883
14884
14896
14903
14883
14884
24822
25039
14882
14883
14898
24823
14882
14884
14904
25041
14900
14905
14901
24824
14906
25043
14889
14890
14891
14896
14907
14889
14890
24829
14890
14891
14899
14917
24831
14889
14891
14908
14918
14909
14901
24834
14902
14910
14920
14894
14895
14903
14907
14894
14895
17312
14909
14906
17317
14900
14901
14902
14900
14902
14900
14901
24844
14901
14902
14924
24845
24847
14927
14905
14906
14905
14906
17320
17324
14909
14910
14909
14910
14928
14929
14912
14913
17121
14915
17124
14915
22542
14915
14925
22543
22546
14919
14921
14956
22548
14919
14920
14924
22550
14920
14921
14928
14958
14926
22553
14927
14929
14961
14923
14925
14926
14926
14927
22556
14926
22557
22560
14929
14975
14934
14935
14936
14937
14944
23394
14934
14935
14980
23395
14934
14936
14938
14935
14936
14945
14981
14941
23398
14949
14982
23400
14943
14950
14941
14942
14943
23373
23387
14941
14943
14941
14942
23376
14942
14943
23389
23377
23379
23392
23393
14948
14949
14950
23380
23387
14949
14950
14999
14948
14949
15000
18839
23383
14948
14950
15010
18840
23390
18841
23384
23391
15002
23386
23393
14953
14954
14967
14974
14977
14953
14954
14968
14980
14971
14976
14973
14978
14983
14959
14960
14961
14967
14974
14960
14961
22611
14959
14960
14969
22613
14959
14961
14975
14971
14976
14972
22616
14965
14966
14967
14977
14965
14965
14966
14970
14987
14972
14973
14978
14991
14971
14972
14973
14971
14973
18789
23409
14971
14972
18791
14972
14973
23411
18794
23414
14976
14976
14978
14982
14983
14984
14998
15005
23408
14982
14983
23409
14982
14984
14999
15002
23413
23414
15003
15006
14989
14990
14991
15005
23408
14989
14990
14990
14991
23411
14989
14991
23412
23414
14995
14996
14997
14998
15005
14995
14997
15019
14996
14997
15001
15020
15003
15006
15004
15023
15002
15003
15004
23401
15002
15003
15002
15004
23404
23438
15003
15004
23439
23406
23407
23441
15006
15009
23389
15009
15010
15036
23390
23393
15045
15015
15016
15017
23429
23443
15015
15016
15016
15017
15027
23432
15015
15017
15028
23445
23447
23434
15030
23435
23448
15022
15023
15024
23436
23443
15022
15023
15023
15024
23439
15022
15024
23446
23447
23441
15080
23442
23449
15029
15030
15031
23471
23485
15029
15031
15628
15029
15030
23474
15030
15031
15629
23487
23475
23477
23489
15631
23491
15034
15039
15048
18797
15034
15044
15077
18798
15042
15046
18801
15037
15040
18818
15037
15045
18819
15042
15046
18822
15041
15054
15042
15043
15062
18831
15042
18833
15043
15064
18836
15067
15046
15081
18838
15046
18840
18843
15050
15051
15052
15061
15068
15075
15050
15051
15062
25131
15050
15052
15069
15087
25132
15066
15072
25135
15067
15076
15073
15055
15056
15061
15075
15055
15056
15064
15065
15067
15076
15059
15060
15068
15075
15059
15060
15071
15098
15166
15073
15099
15074
15167
15065
15066
15067
23492
15066
15067
25165
15065
15066
23494
25167
15065
15067
23496
23497
25169
15072
15073
15074
23492
15072
15073
15102
25172
15072
15074
15171
23495
25174
15073
15074
15104
15172
23497
25177
15106
15174
23498
15076
15079
15081
23417
15079
15084
15088
23418
15083
15086
23421
15083
15086
15083
23437
15083
23439
23442
15086
15108
23444
15086
23446
23449
15089
15102
23452
15089
15108
23453
15105
15110
23456
15094
15095
15096
15101
15095
15096
15228
15640
15094
15095
15103
15229
23466
15094
15096
15109
15641
23467
15105
15110
23468
15107
15231
15099
15100
15101
15099
15100
15104
15235
15106
15107
15236
15105
15106
15107
15105
15106
23479
15105
15107
15244
23481
15106
15107
15245
23483
15246
15110
23486
15110
15645
23488
23490
15115
15116
15117
18270
23520
23534
15115
15116
18272
15116
15117
15134
23523
15115
15117
15135
23536
18274
23538
18275
23525
15137
23526
23539
15122
15123
15124
15125
23569
15122
15123
15123
15124
15128
15141
15122
15124
15142
23571
23573
15130
15131
15144
23574
15129
15130
15131
23541
23548
15129
15131
15147
18873
23542
15129
15130
18875
23550
15130
15131
15149
18878
23545
23552
23553
15152
23546
15136
15137
15138
15146
23590
15136
15138
15324
15136
15137
15148
15137
15138
15326
23592
15150
15151
23594
15329
23596
15143
15144
15145
15146
23597
15143
15145
15657
15143
15144
15149
15144
15145
15658
23599
15150
15152
23601
15660
23603
15150
15151
15152
23576
15151
15152
23521
23577
15150
15151
23523
15150
15152
23526
23580
23581
15157
15158
15159
15169
15176
23611
15157
15158
15181
18846
23612
15157
15159
15170
15221
18847
15158
15159
15177
15183
15223
15173
18850
23615
15178
15185
23617
15175
15179
15225
15163
15164
15176
23611
15163
15163
15164
15195
23614
23616
15178
15197
23617
15167
15168
15169
15176
15167
15168
15172
15235
15174
15175
15179
15237
15173
15174
15175
23604
15173
15175
15243
18887
15173
15174
18889
23607
15174
15175
15245
18892
23608
23610
15248
15178
15179
15178
15179
15217
15257
15218
15258
15184
15185
15186
15202
15209
15216
15184
15185
15203
23501
15184
15186
15210
15261
23502
15185
15186
15217
15263
15207
15213
23505
15208
15218
15214
15219
15265
15191
15192
15193
15202
15209
15191
15193
15372
15191
15192
15204
23515
15192
15193
15211
15374
23516
15206
15207
15213
23519
15215
15377
15196
15197
15202
15216
15196
15197
15205
15206
15208
15218
15200
15201
15209
15216
15200
15201
15212
15269
15383
15214
15219
15270
15215
15384
15206
15207
15208
15207
15208
23528
23612
15206
15207
23340
23530
15206
15208
23341
23614
23344
23533
23617
15213
15214
15215
15213
15214
15279
23535
15213
15215
15395
23537
15214
15215
15281
15396
23540
15283
15398
15218
15219
15218
15219
15286
15287
15224
15225
15226
15242
15249
15256
15224
15225
15243
23543
15224
15226
15250
15262
23544
15225
15226
15257
15263
15247
15253
23547
15248
15258
15254
15259
15266
15231
15232
15233
15242
15249
15231
15233
15724
15231
15232
15244
23557
15232
15233
15251
15725
23558
15246
15247
15253
23561
15255
15728
15236
15237
15242
15256
15236
15237
15245
15246
15248
15258
15240
15241
15249
15256
15240
15241
15252
15274
15731
15254
15259
15275
15255
15732
15246
15247
15248
15247
15248
23563
15246
15247
23565
15246
15248
23568
15253
15254
15255
15253
15254
23570
23626
15253
15255
15739
23572
15254
15255
15740
23628
23575
23630
15742
15258
15259
15258
15259
15286
15288
15264
15265
15266
15278
15285
23625
15264
15265
15279
23578
15264
15266
23579
23626
15265
15266
15286
15282
23582
23629
15283
15287
15288
23630
15270
15271
15278
15285
15271
15441
15270
15271
15281
15442
15283
15287
15284
15444
15275
15276
15277
15285
23625
15276
15277
15756
15275
15276
15757
23628
15288
23630
15759
23631
15282
15283
15284
23618
15282
15283
23591
15282
15284
23593
23620
23718
15283
15284
23719
23595
23622
23623
23720
15287
15288
15287
15288
15293
15294
15295
15309
23639
15294
15295
15293
15294
15311
15293
15295
23641
15313
23643
15314
23644
15299
15300
15301
15309
15316
15300
15301
15312
15345
15299
15301
15318
15346
15320
15314
15315
15321
15348
15306
15307
15308
15316
23639
15306
15307
15307
15308
15412
23642
15306
15308
15319
15413
15320
23644
15322
15415
23645
15313
15314
15315
23632
15313
15315
15358
23633
15313
15314
15314
15315
15359
23636
15362
23637
15320
15321
15322
23632
15321
15322
15430
23635
23689
15320
15321
23690
15320
15322
15431
23637
23692
15433
23638
15327
15328
15329
15337
23660
15328
15329
15327
15328
15339
15327
15329
23662
15341
23664
15342
23665
15334
15335
15336
15337
23667
15334
15335
15335
15336
15340
15352
15334
15336
15353
23669
23671
15342
15343
15355
23672
15341
15342
15343
23646
15341
15343
15358
23647
15341
15342
15342
15343
15360
23650
15363
23651
15347
15348
15349
15357
23688
15347
15348
15359
15348
15349
15493
23690
15361
15362
23692
15495
23694
15354
15355
15356
15357
23695
15354
15356
15826
15354
15355
15360
15355
15356
15828
23697
15361
15363
23699
15831
23701
15361
15362
15363
23674
15362
15363
23675
15361
15362
15361
15363
23678
23679
15368
15369
15370
15386
15393
15400
15368
15369
15387
15405
18895
15368
15370
15394
18896
23703
15369
15370
15401
15407
23705
15390
15397
18899
15392
15402
15409
15399
15403
23707
15375
15376
15377
15386
15393
15376
15377
15375
15376
15388
18902
15375
15377
15395
18903
15390
15397
18906
15391
15398
15380
15381
15386
15400
15380
15381
15389
15418
15391
15392
15402
15419
15384
15385
15393
15400
15384
15385
15396
15442
15398
15399
15403
15445
15390
15391
15392
15390
15392
15423
18908
15390
15391
18910
15391
15392
15425
18913
15428
15397
15398
15399
15397
15399
18915
23717
15397
15398
18917
15398
15399
23719
18920
23722
15402
15403
15402
15403
15437
15455
15438
15458
15408
15409
15410
15422
15429
15436
15408
15409
15423
23634
15408
15410
15430
23635
23731
15409
15410
15437
23733
15427
15433
23638
15428
15438
15434
15439
23735
15414
15415
15416
15422
15429
15414
15415
15424
15415
15416
15431
15561
15426
15427
15433
15435
15563
15419
15422
15436
15419
15425
15428
15438
15421
15429
15436
15434
15439
15465
15426
15427
15428
15427
15428
23640
15426
15427
23642
15426
15428
23645
15433
15434
15435
15433
15434
23745
15433
15435
15568
15434
15435
15569
23747
23749
15571
15438
15439
15438
15439
15476
15479
15444
15445
15446
15454
23716
15444
15446
15444
15445
23719
15445
15446
15456
23720
15458
23722
15460
15451
15452
15453
15454
23723
15452
15453
15929
15451
15452
15470
15930
23726
15451
15453
15457
15471
15459
15472
23728
15933
23729
15460
15458
15459
15460
23702
15458
15459
15476
23705
15458
15460
15459
15460
15478
23707
15480
23708
15465
15466
15467
15475
23744
15466
15467
15581
15465
15466
15582
23747
15465
15467
15477
15479
23749
15583
23750
15481
15472
15473
15474
15475
23751
15473
15474
15950
15472
15473
15951
23754
15472
15474
15478
15480
23756
15953
23757
15481
15479
15480
15481
23730
15479
15480
23733
15479
15481
15480
15481
23735
23736
17326
15484
15527
17327
15544
17328
15489
15490
15491
15507
15511
15518
15489
15490
15508
15526
15489
15491
15512
15574
15490
15491
15519
15528
15575
15509
15515
15510
15523
15529
15517
15524
15577
15494
15495
15507
15511
15494
15495
15513
15509
15515
15516
15498
15499
15507
15518
15498
15499
15520
15532
15522
15510
15523
15533
15504
15505
15506
15511
15518
15504
15505
23682
15505
15506
15514
23683
23760
15504
15506
15521
23761
15522
15516
23686
15517
15524
23763
15509
15510
15509
15510
15542
15543
15515
15516
15517
15515
15517
23766
15515
15516
23690
15516
15517
23691
23767
23694
23770
15522
15523
15524
15523
15524
15548
23773
15522
15523
15549
15522
15524
23774
15551
23776
15529
15530
15541
15547
15529
15542
15530
15544
15598
15529
15530
15548
15599
15543
15551
15546
15552
15601
15533
15534
15541
15547
15533
15534
15549
16039
15543
15551
15553
16041
15539
15540
15547
15540
15622
16047
15539
15545
15604
15539
15540
15550
15605
16048
15546
15552
15606
15553
16051
15543
15543
15546
15612
15546
15613
15614
15551
15552
15553
15551
15552
15616
15551
15553
16060
15552
15553
15617
16061
15619
16063
15558
15559
15566
15558
15564
17326
15558
15559
15567
15574
15559
15576
15565
15570
15572
15578
15562
15562
15563
15568
15565
15570
15571
15565
15570
15571
15572
15570
15572
23766
15570
15571
15571
15572
23768
23771
15577
15578
15579
15592
23765
23772
15577
15578
23766
15577
15579
15599
23773
15578
15579
15593
15600
23770
23776
15594
23771
15595
15602
23777
15583
15584
15592
23765
15583
15584
15583
23768
23769
15596
15589
15590
15591
15592
23772
15590
15591
16133
15589
15590
15609
16134
23775
15589
15591
15595
15610
23777
16137
23778
15596
15594
15595
15596
15594
15595
15601
15602
15615
15601
15612
17327
15601
15602
15616
15602
15614
15619
15620
15606
15607
15615
15606
15613
15606
15607
15617
16161
15614
15619
15621
16163
15610
15611
15615
15610
15611
15618
16167
15620
15621
16168
15614
17328
15614
15619
15620
15621
15619
15620
23773
15619
15621
16173
15620
15621
16174
23775
23777
16175
15625
15626
15634
15635
23786
15625
15626
23787
23790
15638
15639
23792
15630
15631
15634
23786
15631
15630
15631
23788
23790
23791
15633
15634
15635
15637
15637
15638
23779
15637
15638
15647
23782
23783
15648
23785
15646
15648
15724
15643
15645
23781
15643
15647
15726
23782
15646
15648
23785
15646
23787
15646
23789
23792
15648
15746
15653
15654
15655
15672
15676
15683
15653
15654
15673
15653
15655
15677
23794
15654
15655
15684
15696
23795
15674
15680
15675
15688
15698
15682
15689
23797
15659
15660
15672
15676
15660
15659
15660
15678
15674
15680
15681
15663
15664
15672
15683
15663
15664
15685
15700
15687
15675
15688
15701
15669
15670
15671
15676
15683
15669
15670
18922
23584
15670
15671
15679
23586
23802
15669
15671
15686
18924
23803
15687
18926
15681
23589
15682
15689
23805
15674
15675
15674
15675
15706
15680
15681
15682
15680
15682
23808
15680
15681
23599
15681
15682
23600
23809
23603
23812
15687
15688
15689
15688
15689
15707
23815
15687
15688
15708
15687
15689
23816
15710
23818
15692
15693
15776
15692
15695
15697
15777
15694
15779
15694
15782
15783
15713
15784
15698
15699
15707
15788
15699
15713
15789
15706
15710
15711
15715
15791
15701
15702
15708
15858
15706
15710
15712
15860
15705
15709
15796
15866
15705
15714
15797
16293
15711
15715
15798
15710
15711
23822
15710
15712
15876
15711
15712
15877
23823
23825
15879
15715
15810
15715
15811
16296
15812
15720
15721
15722
15737
15744
15751
15720
15721
15738
23794
15720
15722
15745
15776
15721
15722
15752
15778
23796
15741
15748
15743
15753
23798
15750
15754
15780
15727
15728
15729
15737
15744
15728
15729
15727
15728
15739
15727
15729
15746
15741
15748
15742
15749
15732
15733
15737
15751
15732
15733
15740
15757
15742
15743
15753
15760
15735
15736
15744
15751
15749
15750
15754
15741
15742
15743
15741
15743
23808
15741
15742
15742
15743
23810
23813
15748
15749
15750
15748
15750
15782
15748
15749
15749
15750
15753
15754
15753
15754
15770
15785
15773
15786
15759
15760
15761
15769
23807
15759
15761
15759
15760
23810
15760
15761
15771
23811
15773
23813
15775
15766
15767
15768
15769
23814
15767
15768
15936
15766
15767
15803
15937
23817
15766
15768
15772
15804
15774
15805
23819
15940
23820
15775
15773
15774
15775
23793
15773
15774
15815
23796
15773
15775
15774
15775
15816
23798
15817
23799
15779
15780
15782
15779
15781
15784
15789
15780
15781
15785
15790
15783
15786
15793
15783
15810
15786
15815
15791
15792
15793
15809
15814
23821
15791
15792
23795
23822
15791
15793
15810
15792
15793
15815
23796
15812
23825
15817
23799
23826
15813
15798
15799
15800
15809
23821
15799
15800
15971
15798
15799
15972
23823
15798
15800
15811
16298
15812
23825
15974
23827
15805
15806
15807
15814
23821
15806
15807
15978
15805
15806
15979
23824
15805
15807
15816
15817
23826
15981
23827
15809
15814
15812
15813
15812
15813
15812
16301
15817
15817
15817
15822
15823
15824
15838
15843
23835
15822
15823
15839
15889
15822
15824
23836
23871
15823
15824
15844
15890
23872
15840
23839
15842
15848
15892
15849
23841
23874
15829
15830
15831
15838
23835
15830
15831
15829
15830
15829
15831
23837
15840
23839
15841
23840
15835
15836
15837
15838
15843
15835
15836
15835
15837
15845
15896
15847
15841
15842
15848
15897
15840
15841
15842
15840
15842
15911
15912
15847
15848
15849
23828
15848
15849
15915
23892
15847
15848
15916
18944
15847
15849
18945
23831
23893
18946
23832
15918
23834
23895
15854
15855
15856
15870
15874
15881
15854
15855
15871
15889
15854
15856
15875
23899
15855
15856
15882
15891
23900
15872
15878
15873
15886
15893
15880
15887
23902
15859
15860
15870
15874
15859
15860
15876
15872
15878
15879
15863
15864
15870
15881
15863
15864
15883
15900
15885
15873
15886
15901
15868
15869
15874
15881
15868
15869
15877
15972
15869
15884
15973
15879
15880
15887
15975
15872
15873
15872
15873
15911
15913
15878
15879
15880
15878
15880
23906
15878
15879
15879
15880
23907
23910
15885
15886
15887
15886
15887
15922
15989
15885
15886
15923
15885
15887
15990
15925
15992
15892
15893
15894
15910
15914
15921
15892
15893
15911
15892
15894
15915
23913
15893
15894
15922
23914
15912
15918
15913
15925
15919
15926
23916
15897
15898
15910
15914
15897
15898
15916
16073
15912
15918
15920
16075
15901
15902
15910
15921
15901
15902
15923
16311
15913
15925
15927
16313
15907
15908
15909
15914
15921
15908
15909
16084
16319
15907
15908
15917
16003
16085
15907
15909
15924
16004
16320
15919
15926
16005
15920
16088
15927
16323
15912
15913
15912
15913
15918
15919
15920
15918
15919
23920
15918
15920
16099
15919
15920
16100
23921
23923
16102
15925
15926
15927
15925
15926
16018
15925
15927
16331
15926
15927
16019
16332
16021
16334
15932
15933
15934
15942
23856
15932
15933
15933
15934
15951
23859
15932
15934
15944
15952
15946
23861
15947
15954
23862
15939
15940
15941
15942
23863
15939
15940
15940
15941
15979
23866
15939
15941
15945
15980
15946
23868
15948
15982
23869
15946
15947
15948
23842
15947
15948
15964
15996
23845
15946
15947
15965
15946
15948
15997
15967
23847
15999
23848
15953
15954
15955
15963
23884
15953
15955
15953
15954
23887
15954
15955
15965
23888
15967
23890
15969
15960
15961
15962
15963
23891
15961
15962
16140
15960
15961
16009
16141
23894
15960
15962
15966
16010
15968
16011
23896
16144
23897
15969
15967
15968
15969
23870
15967
15968
16025
23873
15967
15969
15968
15969
16026
23875
16028
23876
15974
15975
15976
15988
23905
15974
15976
16409
15974
15975
23907
15975
15976
15990
16410
23909
15992
23910
15994
16413
15981
15982
15983
15995
23905
15981
15983
15981
15982
23908
15982
15983
15997
23909
15999
23911
16001
15986
15987
15988
15995
15986
15987
15991
16015
15993
16000
16016
15994
16414
15992
15993
15994
23898
15992
15993
16018
23900
15992
15994
16416
15993
15994
16020
23902
16022
23904
16418
15999
16000
16001
23898
15999
16000
16025
23901
15999
16001
16000
16001
16027
23903
16029
23904
16005
16006
16007
16017
23919
16005
16006
16193
23921
16005
16007
16019
16425
16021
23923
16195
23925
16023
16011
16012
16013
16024
23919
16011
16012
16197
23922
16011
16013
16026
16028
23924
16198
23925
16030
16016
16017
16024
16016
16020
16022
16029
16021
16022
16023
23912
16021
16022
23914
16021
16023
16429
16022
16023
23916
23918
16028
16029
16030
23912
16028
16029
23915
16028
16030
16029
16030
23917
23918
16035
16036
16037
16053
16058
16065
16035
16036
16054
18936
23941
16035
16037
16059
16153
18937
16036
16037
16066
16154
23942
16056
16062
18939
16057
16070
23944
16064
16071
16156
16040
16041
16053
16058
16040
16041
16060
16056
16062
16063
16044
16045
16053
16065
16044
16045
16067
16107
16069
16057
16070
16109
16050
16051
16052
16058
16065
16050
16051
16051
16052
16061
16161
16050
16052
16068
16162
16069
16063
16064
16071
16164
16056
16057
16056
16057
16126
16057
16127
16130
16062
16063
16064
16062
16064
16172
16062
16063
16063
16064
16173
16176
16069
16070
16071
16070
16071
16179
23948
16069
16070
23949
16069
16071
16180
23951
16181
16074
16075
16090
16097
16074
16075
16099
16094
16101
16102
16080
16081
16082
16090
23933
16080
16081
16081
16082
16093
16113
16080
16082
16114
23935
23937
16095
16096
16116
23938
16087
16088
16089
16097
23933
16087
16088
16088
16089
16100
16193
16087
16089
16194
23936
23937
16102
16103
16196
23939
16094
16095
16096
23926
16094
16096
16126
23927
16094
16095
16095
16096
16128
23930
16131
23931
16101
16102
16103
23926
16101
16103
16201
18943
23928
16101
16102
18944
16102
16103
16202
18947
23930
16205
23932
16108
16109
16110
16125
23947
16108
16110
16229
16108
16109
16127
16109
16110
16230
23949
16129
16130
23951
16232
23953
16115
16116
16117
16125
17259
16115
16117
16445
16115
16116
16128
16116
16117
16447
17261
16129
16131
17263
16450
17265
16122
16123
16124
17259
23947
16123
16124
16238
16459
16122
16123
16214
16239
23950
16122
16124
16460
17262
16215
17264
23952
16242
23953
16463
17265
16129
16130
16131
23940
16130
16131
23941
16129
16130
16129
16131
23944
23945
16136
16137
16138
16146
23968
16136
16137
16137
16138
16167
23971
16136
16138
16147
16149
23973
16150
16169
23974
16143
16144
16145
16146
23975
16143
16144
16144
16145
16197
23978
16143
16145
16148
16149
23980
16151
16199
23981
16149
16150
16151
23954
16149
16150
16149
16151
16185
23959
23960
16156
16157
16158
16171
16178
16183
16156
16157
16172
23955
16156
16158
16179
16210
16157
16158
16184
16212
23957
16176
16181
16177
16185
23959
16186
16163
16164
16165
16171
16178
16163
16165
16163
16164
16173
16164
16165
16180
16281
16175
16176
16181
16182
16168
16169
16171
16183
16168
16169
16174
16175
16177
16185
16178
16183
16175
16176
16177
16176
16177
23969
16175
16176
16175
16177
23971
23974
16181
16182
16181
16216
16181
16182
16285
16185
16186
16185
16186
16191
16192
16200
16191
16192
16201
23928
23956
16191
16207
16211
23929
16192
16212
23957
16205
16209
23932
16206
23960
16195
16196
16202
16196
16208
16540
16204
16205
16209
16198
16199
16203
16204
16206
16204
16205
16206
16205
16206
23976
16204
16205
23921
16204
16206
23922
23978
23925
23981
16209
16219
23934
16209
16542
23936
23939
16213
16216
23942
16213
16219
23943
16218
16220
23946
16215
16217
16289
16218
16220
16218
23948
16218
16291
23950
23952
16220
17260
17264
16225
16226
16227
16244
16248
16255
16225
16226
16245
16263
16225
16227
16249
16287
16226
16227
16256
16265
16246
16252
16247
16260
16267
16254
16261
16288
16231
16232
16244
16248
16232
16231
16232
16250
16246
16252
16253
16235
16236
16244
16255
16235
16236
16257
16269
16259
16247
16260
16270
16241
16242
16243
16248
16255
16241
16242
16242
16243
16251
16289
16241
16243
16258
16259
16253
16254
16261
16246
16247
16246
16247
16271
16272
16252
16253
16254
16252
16254
16290
16252
16253
23949
16253
16254
16291
23950
23953
16292
16259
16260
16261
16260
16261
16274
16259
16260
16275
16259
16261
16276
16266
16267
16268
16273
16266
16267
16271
16266
16268
16267
16268
16274
16272
16276
16277
16270
16275
16272
16276
16272
16276
16277
16276
16277
16276
16279
16284
16287
16283
16286
16282
16282
16285
16283
16286
16286
16290
16286
16288
16290
16292
16291
16292
16292
16295
16296
16298
16295
16297
16299
16300
16301
16302
16300
16301
16300
16302
16411
16420
16307
16308
16309
16325
16329
16336
16307
16308
16326
16363
16307
16309
16330
16422
16308
16309
16337
16364
16423
16327
16333
16328
16341
16366
16335
16342
16424
16312
16313
16325
16329
16312
16313
16331
16327
16333
16334
16316
16317
16325
16336
16316
16317
16338
16371
16340
16328
16341
16373
16322
16323
16324
16329
16336
16322
16323
16323
16324
16332
16425
16322
16324
16339
16426
16340
16334
16335
16342
16427
16327
16328
16327
16328
16389
16390
16333
16334
16335
16333
16335
16428
16333
16334
16334
16335
16429
16430
16340
16341
16342
16341
16342
16393
16431
16340
16341
16394
16340
16342
16396
16432
16346
16363
16347
16352
16433
16346
16347
16356
16365
16434
16351
16360
16367
16354
16361
16435
16349
16350
16357
16377
16359
16351
16360
16379
16391
16354
16436
16354
16437
16438
16359
16360
16361
16360
16361
16400
16359
16360
16401
16359
16361
16403
16366
16367
16368
16388
16392
16399
16366
16367
16389
16366
16368
16393
16439
16367
16368
16400
16440
16390
16396
16391
16403
16397
16404
16372
16373
16374
16388
16392
16372
16374
16487
16373
16374
16394
16489
16390
16396
16398
16492
16378
16379
16380
16388
16399
16378
16380
16559
16379
16380
16401
16561
16391
16403
16405
16564
16385
16386
16387
16392
16399
16386
16387
16501
16573
16385
16386
16395
16385
16387
16402
16397
16404
16398
16405
16390
16391
16390
16391
16396
16397
16398
16396
16397
16396
16398
16511
16397
16398
16512
16514
16403
16404
16405
16403
16404
16403
16405
16583
16404
16405
16584
16585
16408
16415
16422
16408
16419
16433
16417
16421
16413
16412
16413
16416
16412
16420
16417
16421
16418
16418
16417
16428
16417
16418
16421
16436
16421
16424
16428
16424
16431
16439
16430
16432
16427
16429
16427
16541
16430
16432
16430
16430
16432
16435
16436
16435
16440
16438
16438
16438
16442
16443
16465
16519
16468
16475
16470
16481
16520
16448
16449
16450
16464
16471
16449
16450
16448
16449
16466
16448
16450
16473
16468
16475
16469
16476
16455
16456
16457
16464
16478
16455
16456
16456
16457
16467
16523
16455
16457
16479
16524
16480
16469
16470
16481
16526
16462
16463
16471
16478
16462
16463
16463
16474
16462
16480
16476
16468
16469
16470
16468
16470
16532
16468
16469
16469
16470
16533
16536
16475
16476
16477
16475
16477
16475
16476
17261
16476
16477
17262
17265
16480
16481
16480
16481
16538
16484
16485
16503
16510
16515
16484
16485
16504
16519
16507
16513
16509
16518
16521
16490
16491
16492
16503
16510
16491
16492
16490
16491
16505
16490
16492
16511
16507
16513
16508
16514
16497
16498
16499
16503
16515
16497
16498
16498
16499
16506
16528
16497
16499
16516
16517
16508
16509
16518
16530
16502
16510
16515
16502
16517
16507
16508
16509
16507
16509
16532
16507
16508
16508
16509
16534
16537
16513
16514
16513
16514
16514
16517
16518
16517
16518
16539
16520
16521
16532
16536
16538
16537
16539
16525
16543
16525
16526
16533
16526
16535
16536
16538
16529
16613
16529
16530
16534
16535
16537
16539
16535
16536
16537
16536
16537
16535
16536
16535
16537
16542
16545
16545
16549
16551
16548
17289
16548
16550
16552
16551
16551
16551
16553
16553
16556
16557
16575
16582
16586
16556
16557
16576
16598
16579
16581
16589
16599
16562
16563
16564
16575
16582
16563
16564
16562
16563
16577
16562
16564
16583
16579
16580
16585
16569
16570
16571
16575
16586
16569
16570
16570
16571
16578
16601
16569
16571
16587
16588
16580
16581
16589
16603
16574
16582
16586
16574
16588
16579
16580
16581
16579
16581
16607
16579
16580
16580
16581
16608
16611
16585
16585
16585
16588
16589
16588
16589
16612
16594
16598
16593
16593
16596
16605
16597
16607
16597
16597
16609
16599
16607
16611
16612
16602
16622
22625
16602
16603
16608
22627
16610
22630
16611
16612
16606
16630
22632
16606
16609
22634
16610
22637
16611
16610
16611
17141
16610
17142
17145
16615
16615
16619
16621
16618
17291
22674
16618
16620
22676
16621
22679
16621
22682
16621
22683
22686
16624
22702
16624
16627
22704
16629
22707
16626
16629
16629
22724
16629
22725
22728
16635
16636
16637
16635
16636
17689
17845
16635
16637
17690
17866
16636
16637
17846
17867
17691
17847
17868
17274
16641
17289
16641
17291
17290
17292
16646
16647
16648
19880
19887
19894
16646
16647
19881
16646
16648
19888
16647
16648
19895
19884
19891
19886
19899
19893
19900
16653
16654
16655
25270
25277
16653
16654
21232
21234
21237
25272
16653
16655
25279
16654
16655
16972
16973
16976
17007
17008
17011
21212
21213
21214
25274
25281
21247
21248
21250
25276
21317
21318
21320
25283
16660
16661
16662
21714
21721
16660
16661
17949
21715
16660
16662
16661
16662
17951
21722
21718
17954
21720
21726
21727
25200
25201
25202
16667
18054
25208
25210
25212
25213
25285
16667
16669
25286
16669
18055
21947
21948
21949
25209
25211
25212
25213
21890
21892
21895
21911
21913
21916
25200
25203
25204
25206
25288
18057
25207
25208
25209
24984
24985
24989
25202
25204
25205
25206
25516
25518
25520
16674
16675
16676
22204
22211
22218
16674
16675
22205
16674
16676
22212
16675
16676
22219
22208
22215
22210
22223
22217
22224
16679
16679
16680
16681
17336
17335
17338
16687
17341
16685
16687
17344
16684
16687
16684
16685
16686
16686
17345
16687
17346
17348
16692
16693
17349
16691
16692
17352
16691
16693
16694
17353
16694
17350
16694
17351
16700
16701
16702
18277
16700
16701
19237
16700
16702
18280
19239
16701
16702
18281
19240
18283
16705
17354
16705
17357
17356
17360
16708
17365
16708
17369
16713
16714
16715
17423
18487
18494
16713
16714
17425
16713
16715
18490
16714
16715
18496
17428
18491
17429
18498
18493
18499
16720
16721
16722
16721
16722
21575
21596
16720
16721
20911
21576
16720
16722
20912
21597
20913
21578
21599
16725
17386
16725
17387
16730
16731
16732
18655
18662
16731
16732
16730
16731
17190
18658
16730
16732
17191
18665
17192
18660
18667
18661
18668
16737
16738
16739
16738
16739
22912
22933
16737
16738
21863
22913
16737
16739
21864
22934
21865
22915
22936
16744
16745
16746
18697
18704
16745
16746
18699
25081
16744
16745
18707
25082
16744
16746
18709
18701
18710
25084
18703
16751
16752
16753
16752
16753
23353
16751
16752
23200
23354
16751
16753
23201
23202
23356
16758
16759
16760
19124
16758
16759
19118
16758
16760
19120
19127
19210
16759
16760
19211
19123
19129
19130
19213
16765
16766
16767
19215
16766
16767
19195
19209
19216
16765
16766
19197
16765
16767
19211
19200
19219
19214
19220
16772
16773
16774
19439
19446
16772
16774
16772
16773
19441
16773
16774
19448
19443
19444
19451
19452
16779
16780
16781
19460
16779
16780
16779
16781
16780
16781
19461
19464
19465
16786
16787
16788
16786
16787
19510
16786
16788
16787
16788
19511
19513
16793
16794
16795
19481
19488
16794
16795
19475
19482
16793
16794
19477
19490
16793
16795
19492
19480
19485
19493
19486
16800
16801
16802
19509
16801
16802
16800
16801
19511
16800
16802
19513
19515
16807
16808
16809
17598
16808
16809
17599
19657
19755
16807
16808
19658
16807
16809
19756
17602
19660
17603
19758
16814
16815
16816
19747
19754
19761
16815
16816
19748
16814
16815
19756
16814
16816
19763
19758
19766
19751
19759
19752
19767
16821
16822
16823
17619
19796
16821
16823
17620
20147
16821
16822
16822
16823
19798
20148
17624
19800
17625
19802
20151
16828
16829
16830
20006
16828
16829
16828
16830
20007
16829
16830
20010
20012
16835
16836
16837
16838
17633
16835
16837
16867
17634
19958
16835
16836
16840
19959
16836
16837
16868
16842
17637
19962
16843
16871
17638
16842
16843
16844
20013
16843
16844
20007
16842
16843
19973
16842
16844
19974
20009
20015
19977
20017
20012
20018
16849
16850
16851
20076
16849
16850
20126
16849
16851
20162
16850
16851
20078
20128
20163
20081
20130
20082
20165
16856
16857
16858
20111
20118
16856
16857
16856
16858
16882
20114
16857
16858
16883
20120
20115
20123
16884
20117
20124
16863
16864
16865
17661
20272
20279
16863
16865
16867
17662
19958
16863
16864
19960
20274
16864
16865
16869
20281
17665
19963
20276
20277
20283
16872
17666
20285
16870
16871
16872
17675
20363
16871
16872
17676
16870
16871
16870
16872
20365
20367
17680
17681
20368
16877
16878
16879
20377
16878
16879
16877
16878
16877
16879
20379
20381
20382
16884
16885
16886
20447
20454
16885
16886
16884
16885
20449
16884
16886
20456
20451
20458
20452
20459
16891
16892
16893
16891
16892
16892
16893
20540
16891
16893
20541
20543
16898
16899
16900
20531
20545
20552
16898
16899
17293
20534
16898
16900
17294
20548
16899
16900
20555
17297
20536
20550
20537
20556
20551
20558
16905
16906
16907
16905
16906
20533
16905
16907
20575
16906
16907
20534
20576
20537
20579
16912
16913
16914
20650
16912
16913
25495
16912
16914
20672
16913
16914
20651
20674
25497
20655
25499
20656
20676
16919
16920
16921
20650
16919
16920
24045
16920
16921
20680
16919
16921
20653
20681
24046
20654
24048
20656
20683
16926
16927
16928
16927
16928
20763
20924
16926
16927
20764
16926
16928
20925
20766
20927
16933
16934
16935
17731
20839
16933
16935
17733
24444
16933
16934
16934
16935
20841
24446
17735
20843
17737
20845
24449
16940
16941
16942
20888
16940
16941
20848
20889
16940
16942
20849
16941
16942
20852
20893
20894
16947
16948
16949
20895
16947
16949
25179
16948
16949
20876
16947
16948
20877
20897
25180
20899
25182
20879
20900
16954
16955
16956
16954
16956
21064
24017
16954
16955
19917
24018
16955
16956
19918
21065
24021
19921
21068
16961
16962
16963
21189
21203
16961
16962
16962
16963
21192
24536
16961
16963
21205
24537
21207
21194
21195
21208
24539
16968
16969
16970
17843
21238
16968
16969
17845
24241
16969
16970
21241
24243
16968
16970
17847
17848
21243
24245
21244
16975
16976
16977
17843
21245
16975
16976
17846
16976
16977
21248
16975
16977
17847
17849
21250
21251
16982
16983
16984
17857
21266
16983
16984
17858
24535
16982
16983
16982
16984
21268
24537
21270
17862
17863
21271
24540
16989
16990
16991
21287
16989
16990
24101
16990
16991
16989
16991
21290
24102
21291
24104
21293
16996
16997
16998
21294
16996
16997
16996
16998
21297
16997
16998
21298
21300
17003
17004
17005
17864
21308
17003
17004
17866
24276
17004
17005
21311
24278
17003
17005
17868
17869
21313
24280
21314
17010
17011
17012
17864
21315
17010
17011
17867
17011
17012
21318
17010
17012
17868
17870
21320
21321
17017
17018
17019
17017
17019
17017
17018
17018
17019
17024
17025
17026
17027
17885
17024
17026
17886
21533
24346
17024
17025
17029
24348
17025
17026
21535
17031
17889
24350
17032
17890
21538
17031
17032
17033
21511
17032
17033
17031
17032
24368
17031
17033
21513
24369
21515
24372
21516
17038
17039
17040
21532
17038
17040
17049
17038
17039
21534
24382
17039
17040
17051
24383
21536
21537
24385
17054
17045
17046
17047
17048
17045
17047
24388
17045
17046
17050
24390
17046
17047
17052
24393
17053
17052
17053
17054
17053
17054
17052
17053
24396
17052
17054
24397
24399
17059
17060
17061
17059
17060
21554
17059
17061
21556
21730
17060
17061
21731
21558
21732
17066
17067
17068
21623
21630
21637
17066
17067
21624
17066
17068
21631
17067
17068
21638
21628
21634
21629
21641
21635
21642
17073
17074
17075
21889
21896
17073
17074
17073
17075
21890
25200
17074
17075
21897
25201
21893
21901
21895
21902
25203
17080
17081
17082
22246
17080
17081
17080
17082
22249
24753
17081
17082
24754
22250
22252
24755
17087
17088
17089
22442
17087
17088
22219
17088
17089
22220
22445
22472
17087
17089
22473
22223
22447
22448
22475
17094
17095
17096
22456
22470
22477
17094
17095
22459
17094
17096
22473
17095
17096
22480
22461
22475
22462
22481
22476
22483
17101
17102
17103
17101
17102
22402
22430
17101
17103
22403
22500
17102
17103
22431
22501
22406
22434
22504
17108
17109
17110
17108
17109
17108
17110
24808
17109
17110
24809
24811
17115
17116
17117
17115
17117
22534
17115
17116
22423
17116
17117
22424
22535
22427
22538
17122
17123
17124
22533
22540
17122
17124
17122
17123
22536
24795
17123
17124
22542
24796
22537
22539
22544
24799
22546
17129
17130
17131
22561
22575
17129
17131
17129
17130
22564
24837
17130
17131
22577
24838
22565
22567
22580
24841
22581
17136
17137
17138
17137
17138
22646
25536
17136
17137
22619
22647
17136
17138
22620
25537
22621
22650
25539
17143
17144
17145
22624
22631
17143
17144
17143
17145
22627
17144
17145
22634
22628
22635
22630
22637
17150
17151
17152
22729
17150
17151
17150
17152
22689
22730
17151
17152
22690
22733
22693
22734
17157
17158
17159
22729
17158
17159
17157
17158
17157
17159
22731
22733
22735
17164
17165
17166
17164
17165
22738
22766
17164
17166
22739
17165
17166
22767
22742
22770
17171
17172
17173
22827
17171
17173
22884
17171
17172
17172
17173
22829
22886
22831
22833
22889
17178
17179
17180
22834
17178
17180
24143
17178
17179
22801
22837
24144
17179
17180
22802
22838
24145
22805
22840
17185
17186
17187
22855
22862
17185
17187
17185
17186
22857
24585
17186
17187
22864
24586
22859
22860
22867
24589
22868
17192
17193
17194
22862
22869
17193
17194
17192
17193
22865
17192
17194
22872
22866
22873
22868
22875
17199
17200
17201
17199
17201
21456
22891
17199
17200
21458
22864
17200
17201
22865
22893
21461
22868
22896
17206
17207
17208
17206
17208
18691
22961
17206
17207
18692
21926
17207
17208
21927
22962
18695
21930
22965
17213
17214
17215
22953
17213
17214
24997
17213
17215
22956
23053
24998
17214
17215
23054
22958
25000
22959
23056
17220
17221
17222
17223
18179
17221
17222
18180
21960
22947
17220
17221
17225
21962
17220
17222
22949
17227
17228
18184
21965
18185
22952
17227
17228
17229
22967
17227
17229
17231
17227
17228
17228
17229
17233
22969
22972
17236
22973
17234
17235
17236
22974
17235
17236
17234
17235
17234
17236
22976
22978
22979
17241
17242
17243
23079
23093
17241
17242
17241
17243
23082
23151
17242
17243
23095
23152
23084
23097
23085
23098
23154
17248
17249
17250
18249
23261
23268
17248
17250
18250
17248
17249
23263
17249
17250
23270
18253
23265
23266
23272
18254
23274
17256
17257
17258
23352
23359
17256
17257
17256
17258
23353
17257
17258
23360
23356
23364
23358
23365
17263
17264
17265
23940
17263
17264
23934
23943
17263
17265
23935
17264
17265
23938
23945
23946
17331
17347
17271
17272
23997
17270
17271
24005
17270
17272
24011
17273
24007
24013
17273
23999
24008
17273
24000
24014
24001
24009
24015
17278
17279
17495
17278
17280
24166
17279
17280
17284
17281
17496
24167
17281
17285
17497
17281
17287
24168
17288
17498
24169
17286
17287
24152
17285
17286
24159
17285
17287
17288
24160
17288
24153
24161
17288
24154
24155
24162
17290
17292
17297
17298
24299
17296
17297
24313
17296
17298
24320
17299
24314
24321
17299
24301
24315
17299
24302
24322
24303
24316
24323
17302
17309
17310
18151
17308
17309
24858
17308
17310
24865
17311
24860
24867
17311
18154
24861
17311
18155
24868
18156
24862
24870
17316
17317
18195
17315
17316
25552
17315
17317
17321
17318
17323
25553
17318
18196
25554
17318
17324
18197
17325
18198
25555
17322
17323
25034
17322
17324
25041
17323
17324
17325
25035
25042
17325
25036
17325
25043
25037
25044
17328
17330
17332
17333
17337
17334
17332
17339
17340
17334
17342
17343
17338
17341
17344
17338
17340
17342
17343
17340
17341
17347
17348
17343
17345
17348
17346
17348
17348
17350
17351
17353
17356
17356
17362
17364
17360
17360
17361
17363
17366
17361
17367
17364
17371
17364
17364
17372
17368
17369
17368
17371
17372
17369
17371
17370
17370
17371
17374
17375
17388
17391
17392
17379
17380
17389
17379
17380
17381
17391
17381
17393
17394
17384
17385
17390
17385
17392
17393
17391
17392
17391
17393
17392
17393
17394
17394
17394
17399
17400
17401
18312
17399
17400
17586
17593
18313
17399
17401
17587
17400
17401
17594
17588
18316
17595
18317
17406
17407
17408
18368
18375
17406
17407
18369
17406
17408
17747
18376
17407
17408
17748
18372
18379
18373
17749
18380
17412
17413
17740
17412
17415
17781
17413
17415
17741
17782
17414
17414
17742
17415
17786
17419
17420
18459
20049
20051
20052
25214
25217
25218
25220
17419
17421
18466
20056
20058
20059
24514
24518
24519
25215
25217
25219
25220
17420
17421
25216
25218
25219
25220
25319
17422
18462
18469
20064
20065
20066
17422
18463
25322
17422
18470
25323
18465
18472
25325
17427
17428
17429
17427
17428
25313
17428
17429
17859
17427
17429
17860
25314
25315
17861
17433
17434
24038
17433
17435
24045
17434
17435
24052
17436
24041
24048
17436
24042
24055
17436
24049
24056
24044
24050
24058
17441
17442
17443
18501
17441
17442
17719
17441
17443
17720
17442
17443
18502
17721
18505
18506
17448
17449
17450
18522
18529
18536
17448
17449
18523
17448
17450
18530
17449
17450
18537
18526
18533
18527
18540
18534
18541
17455
17457
17906
17913
21680
21681
21683
25354
25358
25359
25360
17455
17803
17907
25355
25357
25359
25360
17455
17457
17804
17914
25347
25348
25349
17807
17910
17917
17911
25354
25355
25356
17918
21701
21702
21704
24641
24644
24645
25349
25351
25352
25353
17462
17463
17464
18025
22149
22150
22152
25291
17462
17463
17915
25292
25320
17462
17464
18013
18026
25321
17463
17464
17916
18014
22157
22158
22159
18029
25295
25324
17919
22177
22178
22180
25296
18017
18030
22184
22185
22187
17469
17470
17471
18620
17470
17471
17971
17469
17470
18621
17469
17471
17972
18624
18625
17973
17476
17477
22401
22402
22404
22429
22430
22432
25361
25364
25365
25367
17476
17477
18027
17476
25362
25364
25366
25367
17477
18028
22437
22438
22439
25363
25365
25366
25367
18031
22443
22444
22446
25361
25362
25363
17482
17483
24136
17482
17485
18152
17483
17485
18153
25571
17484
24139
17484
24140
25574
17485
24142
25576
18157
25577
17490
17491
17492
18648
18655
18662
17490
17491
18649
17490
17492
18160
18656
17491
17492
18161
18663
18652
18659
18653
18666
18162
18660
18667
17496
17499
18167
17497
17499
24157
17496
17497
18168
17498
18169
17498
24160
17499
24162
24163
17504
17505
17506
18704
18711
17504
17505
18076
18181
18705
17504
17506
18077
18202
18712
17505
17506
18182
18203
18078
18708
18715
18183
18709
18204
18716
17511
17512
17513
18739
18746
18753
17511
17512
18740
17511
17513
18222
18747
17512
17513
18223
18754
18743
18750
18744
18757
18224
18751
18758
17518
17519
17520
18781
17518
17519
18118
18209
18782
17518
17520
18119
17519
17520
18210
18120
18785
18211
18786
17525
17526
17527
18802
18809
18816
17525
17526
18132
18230
18803
17525
17527
18133
18258
18810
17526
17527
18231
18259
18817
18134
18806
18813
18232
18807
18820
18260
18814
18821
17532
17533
17534
18851
18858
18865
17532
17533
18244
18852
17532
17534
18264
18859
17533
17534
18245
18265
18866
18855
18862
18246
18856
18869
18266
18863
18870
17539
17540
17541
17540
17541
17539
17540
17539
17541
17546
17547
17548
19089
19096
19103
17547
17548
19090
17546
17547
19097
17546
17548
19104
19100
19107
19094
19101
19095
19108
17553
17554
17555
19159
19166
17553
17554
17557
19160
17553
17555
17554
17555
17559
19167
19163
17562
19165
19171
19172
17560
17561
17562
19229
19236
17561
17562
17560
17561
19230
17560
17562
19237
19233
19240
19234
19241
17567
17568
17569
25564
17568
17569
17567
17568
17567
17569
25565
25568
25569
17574
17575
17576
19439
19446
17575
17576
19440
17574
17575
19447
17574
17576
19450
19444
19451
19445
17581
17582
17583
19516
17581
17582
17585
17581
17583
17592
19517
17582
17583
17586
17593
19520
17589
17596
19522
17588
17589
17590
17589
17590
17588
17589
17588
17590
17595
17596
17597
19530
17596
17597
19531
17595
17596
17595
17597
19535
19536
17602
17603
17604
19649
17602
17603
17606
17602
17604
17607
25432
17603
17604
19650
25433
17609
19654
19655
25436
17609
17610
17611
19656
19663
17609
17610
19657
17609
17611
17610
17611
19664
19660
19662
19668
19669
17616
17617
17618
19705
19712
17616
17617
17620
17648
17616
17618
17621
19706
17617
17618
17649
19713
17624
19710
17652
19717
19711
19718
17623
17624
17625
19789
17624
17625
17623
17624
19790
17623
17625
19793
19794
17630
17631
17632
19957
19964
25487
17630
17631
17634
17662
19958
17630
17632
17635
19965
17631
17632
17663
25488
17637
19962
19969
17665
19963
25492
19970
25493
17637
17638
17639
20013
20020
17637
17638
17676
17637
17639
20014
17638
17639
17677
20021
20017
17680
20025
20019
20026
17644
17645
17646
20048
20055
17645
17646
17644
17645
20049
25214
17644
17646
20056
25215
20052
20059
25217
20053
20060
17651
17652
17653
20069
20076
17652
17653
17651
17652
20070
17651
17653
20077
20073
20080
20074
20082
17658
17659
17660
20090
20097
17659
17660
17658
17659
20091
25312
17658
17660
20098
25313
20094
20101
25316
20095
20103
17665
17666
17667
20258
20265
17665
17666
17676
17665
17667
20259
17666
17667
17678
20266
20262
17681
20270
20264
20271
17672
17673
17674
20300
20307
20314
17672
17673
17683
17697
20301
17672
17674
17684
20308
17673
17674
17698
20315
17686
20305
20312
17700
20306
20319
20313
20320
17679
17680
17681
20349
20356
17680
17681
17679
17680
20350
17679
17681
20357
20353
20360
20354
20361
17686
17687
17688
20398
20405
20412
17686
17687
17704
20399
17686
17688
20406
17687
17688
17705
20413
20402
20409
17708
20404
20417
20411
20418
17691
17694
24311
17691
17695
24318
17692
24314
24321
17694
17695
24307
24316
24323
17694
17695
24308
24309
24317
24310
24324
17700
17701
17702
20538
20545
20552
17700
17701
17704
20539
17700
17702
20546
17701
17702
17706
20553
20542
20549
17709
20544
20557
20551
20558
17707
17708
17709
20587
20594
17708
17709
20588
17707
17708
17707
17709
20595
20598
20592
20593
20599
17714
17715
17716
20678
17714
17715
17718
17714
17716
20679
17715
17716
17719
20682
17722
20684
17721
17722
17723
20699
17722
17723
20700
17721
17722
17721
17723
20704
20705
17728
17729
17730
20762
20769
17728
17729
20763
17728
17730
20770
17729
17730
20766
20773
20768
20775
17735
17736
17737
20825
17735
17736
17739
17735
17737
17780
17736
17737
17741
17782
20826
17744
20830
17784
20831
17742
17743
17744
20853
17743
17744
17742
17743
20854
17742
17744
20857
20858
17749
17750
17751
20986
20993
17750
17751
17749
17750
20987
17749
17751
20994
20990
20997
20991
20998
17756
17757
17758
21042
17756
17757
17787
21043
17756
17758
17815
17757
17758
17789
17817
21046
17791
21048
17819
17763
17764
17765
17773
20981
20982
20985
17763
17764
17802
20995
20996
20999
17763
17765
17764
17765
17775
17804
21001
21003
21006
24361
24362
24366
24430
24432
24436
17777
17806
17779
17770
17771
17772
17773
21009
21010
21013
17770
17771
17830
21016
21017
21020
17770
17772
17771
17772
17776
17831
21022
21024
21027
24410
24411
24415
24437
24439
24443
17778
17833
21029
21031
21034
17779
17777
17778
17779
21037
21038
21041
17777
17778
25243
25257
17777
17779
17900
25244
17778
17779
17901
25258
25246
21050
21052
21054
25260
17903
17783
17784
24444
17783
17786
24451
17784
17786
17785
24448
24453
17785
24449
17786
24450
24454
24456
17790
17791
24465
17790
17793
25214
17791
17793
25216
17792
24469
17792
24470
17793
24471
25218
17798
17799
17800
25249
17798
17799
18396
19706
19708
19711
24452
24455
24457
17798
17800
18459
19713
19715
19718
17799
17800
18398
18461
25250
19721
19722
19725
24458
24460
24464
24472
24474
24478
18400
25253
18463
25254
17805
17806
17807
18363
18364
18367
25235
25242
17805
17806
17805
17807
25237
17806
17807
25244
25239
25246
25241
25248
17812
17813
17814
21077
21084
17812
17813
21078
17812
17814
17970
21085
17813
17814
17971
21081
21088
21083
17974
21090
17818
17819
24507
17818
17821
24514
25215
17819
17821
25216
17820
24511
24516
17820
24512
17821
24513
24517
24519
25219
17825
17828
24528
25312
17825
17826
17858
24535
17826
17828
17860
25314
17827
24530
24538
17827
17863
24540
17828
24531
24541
24534
25317
17833
17834
17835
17836
25256
17833
17834
18433
18434
18437
17833
17835
25258
17834
17835
17838
18446
18448
18451
25260
17840
18453
18455
18458
17842
25262
17840
17841
17842
21177
21178
21181
25263
25368
25369
25370
17840
17842
17841
17842
25266
21163
21164
21167
21197
21199
21202
25369
25371
25372
25374
21204
21206
21209
25268
25370
25372
25373
25374
25269
17847
17848
17849
21231
17848
17849
21232
17847
17848
17847
17849
21236
21237
17854
17855
17856
17854
17855
17854
17856
18089
17855
17856
18090
18093
17861
17862
17863
17862
17863
17861
17862
17861
17863
17868
17869
17870
17869
17870
17868
17869
17868
17870
17875
17876
17877
21434
21441
17875
17876
21435
17875
17877
17876
17877
21442
21438
21440
21446
21447
17881
17882
24591
17881
17883
24598
17882
17883
24605
17884
24594
24601
17884
24595
24609
17884
24603
24610
24596
24604
24611
17889
17890
17891
21511
21518
17889
17890
17889
17891
21512
17890
17891
21519
21515
21523
21517
21524
17896
17897
17898
21602
21609
21616
17896
17897
21603
17896
17898
17998
21610
17897
17898
18000
21617
21606
21613
21608
21621
18003
21615
21622
25375
25376
25377
17903
17904
17914
17903
18012
25385
25386
25387
25388
17904
17916
18014
21660
21661
21662
25383
25384
25387
25388
25375
25379
25380
25381
17918
21666
21667
21669
24640
24644
24646
25376
25378
25379
25381
18016
25382
25383
25385
17910
17911
17912
17920
21708
21709
21711
17910
17911
25237
17910
17912
17921
25238
17911
17912
21716
21717
21719
17924
25241
21555
21556
21559
21729
21730
21733
25354
25355
25360
17925
21736
21737
21739
17917
17918
17919
17920
21750
21751
21753
17917
17918
25244
17917
17919
17922
25245
17918
17919
21758
21759
21761
17924
25248
21771
21772
21775
17926
21778
21779
21781
17924
17925
17926
21792
21793
21795
17924
17925
25251
25425
17924
17926
25252
25292
17925
17926
25294
25427
25255
25429
21813
21814
21816
25296
17931
17932
17933
21756
21763
17931
17932
18033
21757
17931
17933
17932
17933
18034
21764
21760
18037
21762
21768
21769
17938
17939
17940
21798
21805
17938
17939
18039
17938
17940
21799
17939
17940
18040
21806
21803
18042
21810
21804
21811
17945
17946
17947
25284
25424
17945
17946
18418
21883
21885
21888
17945
17947
18419
18578
25426
17946
17947
18580
25285
18422
25428
21891
21892
21894
25288
18582
25289
25430
17952
17953
17954
21833
21840
21847
17953
17954
21834
17952
17953
21841
17952
17954
21848
21844
21851
21838
21845
21839
21852
17959
17960
17961
21868
25508
17959
17960
17977
25509
17959
17961
21869
17960
17961
17979
21872
25512
17982
25514
21874
17966
17967
17968
25284
25424
17966
17967
18592
25427
25389
25390
25391
17967
17968
18593
25287
25390
25392
25393
25395
25429
18595
25289
25430
21862
21864
21867
22934
22935
22937
25290
25391
25393
25394
25395
17973
17974
17975
21882
17974
17975
21883
17973
17974
17973
17975
21887
21888
17980
17981
17982
17981
17982
17980
17981
17980
17982
17987
17988
17989
21938
21945
17987
17988
17991
18061
17987
17989
17992
18173
21939
17988
17989
18062
18174
21946
17994
21943
18064
21950
18176
21944
21951
17994
17995
17996
21959
17994
17995
18075
17994
17996
18180
21960
17995
17996
18076
18181
21963
18079
18184
21965
18001
18002
18003
21973
21980
21987
18002
18003
21974
18001
18002
21981
18001
18003
21988
21984
21991
21978
21985
21979
21992
18008
18009
18010
22036
22043
22050
18008
18009
22037
18008
18010
18089
22044
18009
18010
18091
22051
22040
22047
22042
22055
18094
22049
22056
18015
18016
18017
18018
22086
22087
22089
24066
24070
24071
18015
18016
25258
18015
18017
18019
25259
18016
18017
22094
22095
22097
18022
25262
22100
22101
22104
24080
24084
24086
25383
25385
25388
18023
22107
22108
22110
18022
18023
22121
22122
22124
24676
24679
24681
25396
25398
25400
25402
18022
18023
18026
25265
18022
25266
25399
25400
25401
25402
18023
18028
22129
22130
22131
25397
25398
25401
25402
25269
18030
22135
22136
22138
25396
25397
25399
18029
18030
18031
22198
22199
22201
25298
18029
18030
25327
18029
18031
25300
25328
18030
18031
22206
22207
22209
25302
25331
22226
22227
22230
22233
22234
22236
25304
18036
18037
18038
22155
22162
22169
18037
18038
22156
18036
18037
22163
18036
18038
22170
22166
22173
22160
22167
22161
22174
18042
18045
18042
18043
24703
18043
18045
24710
18044
24706
18044
24708
24712
18045
24709
24713
24716
18049
18052
18096
18599
18050
18052
18600
24724
18049
18050
18097
24731
18051
18099
24735
18051
24726
24736
18052
24727
24737
18604
24730
25403
25404
25405
18058
25340
25411
25413
25415
25416
18059
25412
25414
25415
25416
18058
18059
25342
25410
25411
25412
25344
25404
25406
25408
25409
25405
25407
25408
25409
18064
18065
18066
22260
22267
18064
18065
18075
22261
18064
18066
18201
18065
18066
18077
18202
22268
22264
18080
22266
22272
18205
22273
18071
18072
18073
22295
22302
18071
18072
18082
18124
18071
18073
18083
18215
22296
18072
18073
18125
18216
22303
18085
22300
18127
22307
18218
22301
22308
18078
18079
18080
22323
22330
18079
18080
18078
18079
22324
18078
18080
22331
22327
22334
22328
22335
18085
18086
18087
22344
22351
18085
18086
18131
18085
18087
18229
22345
18086
18087
18132
18230
22352
22348
18135
22356
18233
22350
22357
18092
18093
18094
22365
22372
18093
18094
22366
18092
18093
18092
18094
22373
22376
22370
22371
22377
18099
18100
18101
22463
22470
22477
18099
18100
18102
22464
18099
18101
22471
18100
18101
18104
22478
22467
22474
18106
22469
22482
22476
22483
18106
18108
18599
18105
18108
18601
24787
18105
18106
24794
18107
24789
24797
18107
24798
18108
24790
24800
18605
24793
18112
18115
18117
24815
18113
18115
24822
18112
18113
18119
24829
18114
18122
24819
24833
18114
24824
24834
18115
24820
24825
24835
24821
24828
18120
18121
18122
22561
22568
22575
18121
18122
22562
18120
18121
22569
18120
18122
22576
22572
22579
22566
22573
22567
22580
18127
18128
18129
22596
18127
18128
18131
18127
18129
18257
22597
18128
18129
18133
18258
22600
18136
18261
22602
18134
18135
18136
18135
18136
18134
18135
18134
18136
18141
18142
18143
22617
22624
22631
18141
18142
18145
22618
18141
18143
18146
22625
18142
18143
22632
18148
22622
22629
22623
22636
22630
22637
18148
18149
18150
22694
22701
18148
18149
22695
18148
18150
22702
18149
18150
22698
22705
22700
22707
18154
18155
18154
18157
24850
18155
18157
25536
18156
24852
18156
25539
18157
24853
25541
24855
25542
18162
18163
18164
22855
22862
22869
18163
18164
22856
18162
18163
22863
18162
18164
22870
22866
22873
22860
22867
22861
22874
18169
18170
18171
22925
18170
18171
22926
18169
18170
18169
18171
22930
22931
18176
18177
18178
22946
22953
18176
18177
18180
22947
18176
18178
18201
22954
18177
18178
18182
18203
22950
22957
18185
22952
18206
22959
18183
18184
18185
22967
18184
18185
18183
18184
22968
18183
18185
22971
22972
18190
18191
18192
22974
18190
18191
18190
18192
18221
22975
18191
18192
18223
22978
18226
22980
18196
18199
18208
18197
18199
25039
18196
18197
18210
18198
18213
18198
25043
18199
25044
25045
18204
18205
18206
23030
23037
18205
18206
23031
18204
18205
23038
18204
18206
23041
23035
23042
23036
18211
18212
18213
23065
18212
18213
18211
18212
23066
18211
18213
23069
23070
18218
18219
18220
23079
23086
23093
18218
18219
18229
23080
18218
18220
18257
23087
18219
18220
18231
18259
23094
23083
23090
18234
23085
23098
18262
23092
23099
18225
18226
25053
18224
18225
25060
18224
18226
25067
18227
25063
25070
18227
25057
25064
18227
25058
25071
25059
25065
25073
18232
18233
18234
23121
23128
23135
18233
18234
23122
18232
18233
23129
18232
18234
23136
23132
23139
23126
23133
23127
23140
18238
18239
18243
25102
18238
18241
18263
25109
18239
18241
18245
18265
18240
25105
25112
18240
18248
25106
18241
25107
25114
18269
25115
18246
18247
18248
23212
23219
18247
18248
23213
18246
18247
23220
18246
18248
23223
23217
23224
23218
18253
18254
18255
23247
23254
18253
18254
18253
18255
18271
23248
18254
18255
18273
23255
23251
23259
18276
23253
23260
18260
18261
18262
23373
23380
23387
18261
18262
23374
18260
18261
23381
18260
18262
23388
23384
23391
23378
23385
23379
23392
18267
18269
25137
18266
18267
25144
18266
18269
25151
18268
25147
25154
18268
25141
25148
18269
25142
25150
25156
25143
25157
18274
18275
18276
23506
23513
18275
18276
23507
18274
18275
18274
18276
23514
23517
23511
23512
23518
18281
18282
18283
18282
18283
19293
18281
18282
18281
18283
19294
19296
18288
18289
18290
18291
18288
18289
25565
18288
18290
18294
19357
25567
18289
18290
19358
18295
25568
18297
19359
18295
18296
18297
18296
18297
19363
18295
18296
18295
18297
19364
19366
18302
18303
18304
18302
18303
19426
18302
18304
19441
18303
18304
19428
19442
19429
19443
18309
18310
18311
18310
18311
19475
18309
18310
19455
19476
18309
18311
19456
19457
19478
18316
18317
18318
18319
25557
18316
18317
18316
18318
18321
18317
18318
25559
18323
25561
18324
25562
18323
18324
18325
25438
18324
18325
25439
18323
18324
18323
18325
25442
25443
18330
18331
18332
18340
18330
18331
18330
18332
18341
20693
18331
18332
20694
18345
18346
20696
18337
18338
18339
18340
18337
18338
19601
20637
18337
18339
19603
18338
18339
18342
20639
19604
18344
20640
18345
18344
18345
18346
18345
18346
18344
18345
18344
18346
18351
18352
18353
18354
18351
18352
20980
21008
18351
18353
18355
20981
18352
18353
21009
18359
20983
21011
18360
18358
18359
18360
18359
18360
21001
24430
18358
18359
21002
18358
18360
24431
21004
24433
18365
18366
18367
18382
18365
18366
18383
18365
18367
18366
18367
18387
18388
18372
18373
18374
18382
18372
18373
18372
18374
18384
24445
18373
18374
24446
18386
18387
24447
18379
18380
18381
18382
18379
18380
20987
18379
18381
18385
24466
18380
18381
20989
24467
18386
20990
18388
24468
18386
18387
18388
18387
18388
24458
24472
18386
18387
24459
18386
18388
24473
24461
24475
18392
18393
19762
19764
19765
20868
20870
20871
18392
18394
25305
18393
18394
20875
20877
20878
24010
24012
24016
25180
25181
25185
18395
19777
19778
19779
25308
18395
18395
25309
25311
18399
18400
19790
19792
19793
18399
18401
25222
25306
18400
18401
25224
25445
18402
19805
19806
19807
25308
18402
25448
18402
25226
25310
25449
25311
25451
18406
18407
25236
18406
18408
20882
20883
20885
18407
18408
25238
25446
18409
18409
25240
25448
18409
25450
25451
18413
18414
25179
18413
18415
18414
18415
18416
25182
18416
25183
18416
25184
18420
18421
21078
21079
21081
25307
18420
18422
21085
21086
21088
18421
18422
25447
18423
21093
21094
21095
25309
18423
25310
25449
18423
25450
25311
25451
18428
18429
18430
18438
18445
18428
18429
18428
18430
18440
24508
18429
18430
18447
24509
18442
18449
18443
18450
24510
18435
18436
18437
18445
18452
18435
18436
21015
21099
18435
18437
18448
21017
18436
18437
18455
21101
18449
21018
18456
21102
18451
18458
18442
18443
18444
18443
18444
21190
24521
18442
18443
24522
18442
18444
21191
24524
21193
18449
18450
18451
18450
18451
18449
18450
21030
18449
18451
21031
21032
18456
18457
18458
18457
18458
21197
18456
18457
21107
21198
18456
18458
21108
21109
21200
18462
18463
20070
20072
20073
18462
18464
18473
20077
20079
20080
25223
18463
18464
25224
18465
18476
20085
20086
20087
18465
18465
18477
25227
18479
18469
18470
20091
20093
20094
24528
24532
24534
25312
25316
25317
25318
18469
18471
18474
20098
20100
20101
25313
25315
25316
25318
18470
18471
25314
25315
25317
25318
25326
18472
18476
20106
20107
20108
18472
25329
18472
18478
25330
18479
25332
18476
18477
25278
18476
18478
20119
20121
20122
18477
18478
25280
18479
20134
20135
20136
18479
25282
18479
18484
18485
18486
18485
18486
21267
18484
18485
21205
21268
18484
18486
21206
21207
21270
18491
18492
18493
18492
18493
24556
18491
18492
24557
18491
18493
24559
18498
18499
18500
18499
18500
18498
18499
21275
18498
18500
21276
21277
18505
18506
18507
18505
18506
18505
18507
18506
18507
18512
18513
18514
18513
18514
18512
18513
25503
18512
18514
25504
25505
18519
18520
18521
18543
18550
18519
18520
24619
24647
18519
18521
18544
24620
18520
18521
18551
24648
18548
24622
18555
24650
18549
18556
18526
18527
18528
18543
18526
18527
21505
18526
18528
18527
18528
18545
21507
18547
21508
18548
18533
18534
18535
18550
18533
18534
21568
18533
18535
18534
18535
18552
21570
18554
21571
18555
18540
18541
18542
18543
18550
18540
18541
18540
18542
18546
18541
18542
18553
18547
18554
18549
18556
18547
18548
18549
18548
18549
24633
18547
18548
24634
18547
18549
24636
18554
18555
18556
18555
18556
24661
18554
18555
21583
24662
18554
18556
21584
21585
24664
18561
18562
18563
18562
18563
21890
21911
18561
18562
21891
18561
18563
21912
21893
21914
18568
18569
18570
18571
18568
18569
21120
21589
18568
18570
18573
21122
21975
18569
18570
21591
21976
18575
21123
21592
18576
21977
18575
18576
18577
18576
18577
21995
22023
18575
18576
21135
21996
18575
18577
21136
22024
21137
21998
22026
18581
18582
25228
18581
18583
18621
18623
18624
18582
18583
25340
18584
25231
18584
25232
25343
18584
25344
25234
25346
18588
18589
18588
18590
18589
18590
18591
18591
18591
18595
18596
25230
18595
18597
25341
25417
25418
25419
18598
25232
25343
18598
25233
25419
25421
25422
25423
18598
25345
25418
25420
25422
25423
25234
25346
18604
18605
18602
18604
25186
18602
18605
25193
18603
25188
25195
18604
18605
25189
25196
25191
25198
18609
18610
24752
24753
24758
24815
24816
24821
18609
18611
25342
18610
18611
24822
24826
24828
25039
25040
25045
25194
25197
25199
18612
25344
18612
18612
25345
25346
18617
18618
18619
18627
18617
18618
18617
18619
18628
25403
18618
18619
25404
18632
18633
25406
18624
18625
18626
18624
18625
18625
18626
18624
18626
18631
18632
18633
18632
18633
25410
18631
18632
21898
18631
18633
21899
25411
21900
25413
18638
18639
18640
18641
18638
18639
18642
22737
25578
18638
18640
22765
25579
18639
18640
22738
22766
18646
25581
18647
22740
22768
18645
18646
18647
18646
18647
22751
24857
18645
18646
24858
18645
18647
22752
24860
22754
18652
18653
18654
18669
18676
18652
18653
21484
18652
18654
18671
21486
22885
18653
18654
18678
22886
18673
21487
18680
18674
18681
22887
18659
18660
18661
18669
18659
18660
22863
18659
18661
18672
22892
18660
18661
22865
22893
18673
22866
18675
22894
18666
18667
18668
18676
18666
18667
22870
24920
18666
18668
18679
24922
18667
18668
22872
18680
24923
22873
18682
18673
18674
18675
18674
18675
22898
18673
18674
21492
18673
18675
21493
22899
21494
22901
18680
18681
18682
18681
18682
18680
18681
24935
18680
18682
24936
24937
18687
18688
18689
18690
18687
18688
22905
18687
18689
18693
18688
18689
22907
18694
22908
18696
18694
18695
18696
18695
18696
24983
18694
18695
18694
18696
24984
24986
18701
18702
18703
18718
18725
18701
18702
18719
23115
25046
18701
18703
25047
18702
18703
18726
23116
18723
25049
18724
18730
23118
18731
18708
18709
18710
18718
18708
18709
22324
22968
18708
18710
18720
22326
25054
18709
18710
22970
25055
18722
22327
22971
18723
25056
18715
18716
18717
18718
18725
18715
18716
22331
23038
18715
18717
18721
22333
23123
18716
18717
18727
23040
23124
18722
22334
18729
23041
18724
18730
23125
18722
18723
18724
18723
18724
23143
25074
18722
18723
22339
25075
18722
18724
22340
23144
22341
25077
23146
18729
18730
18731
18730
18731
23150
18729
18730
23151
18729
18731
23153
18736
18737
18738
18760
18767
18774
18736
18737
18761
23178
23206
18736
18738
18768
23179
23283
18737
18738
18775
23207
23284
18765
18772
23181
18766
18779
23209
18773
18780
23286
18743
18744
18745
18760
18767
18743
18744
18743
18745
18762
18744
18745
18769
18764
18771
18765
18772
18750
18751
18752
18760
18774
18750
18751
25060
18750
18752
18763
23214
18751
18752
18776
23215
25062
18764
18778
25063
18766
18779
23216
18757
18758
18759
18767
18774
18757
18758
25067
18757
18759
18770
18758
18759
18777
25069
18771
18778
25070
18773
18780
18764
18765
18766
18765
18766
23185
23227
18764
18765
23186
18764
18766
23228
23188
23230
18771
18772
18773
18772
18773
23192
18771
18772
23193
18771
18773
23195
18778
18779
18780
18779
18780
23290
18778
18779
25089
18778
18780
23291
25090
25091
23293
18785
18786
18787
18788
18785
18786
22569
23066
18785
18787
18790
22571
23375
18786
18787
23068
23376
18792
22572
23069
18793
23377
18792
18793
18794
18793
18794
23395
18792
18793
22591
23396
18792
18794
22592
22593
23398
18799
18800
18801
18823
18830
18837
18799
18800
18824
23416
25130
18799
18801
18831
25131
18800
18801
18838
23417
18828
18835
25133
18829
18842
23419
18836
18843
18806
18807
18808
18823
18830
18806
18807
23129
18806
18808
18825
25138
18807
18808
18832
23131
25139
18827
18834
23132
18828
18835
25140
18813
18814
18815
18823
18837
18813
18814
23381
18813
18815
18826
23424
18814
18815
18839
23383
23425
18827
18841
23384
18829
18842
23426
18820
18821
18822
18830
18837
18820
18821
23136
23388
18820
18822
18833
23138
18821
18822
18840
23390
18834
23139
18841
23391
18836
18843
18827
18828
18829
18828
18829
23430
25158
18827
18828
25159
18827
18829
23431
25161
23433
18834
18835
18836
18835
18836
25165
18834
18835
23158
25166
18834
18836
23159
23160
25168
18841
18842
18843
18842
18843
23437
18841
18842
23438
18841
18843
23440
18848
18849
18850
18872
18879
18886
18848
18849
18873
23500
23542
18848
18850
18880
23501
18849
18850
18887
23543
18877
18884
23503
18878
18891
23545
18885
18892
18855
18856
18857
18872
18879
18855
18856
23220
18855
18857
18874
23508
18856
18857
18881
23222
23509
18876
18883
23223
18877
18884
23510
18862
18863
18864
18872
18886
18862
18863
25144
18862
18864
18875
23550
18863
18864
18888
23551
25146
18876
18890
25147
18878
18891
23552
18869
18870
18871
18879
18886
18869
18870
25151
18869
18871
18882
23606
18870
18871
18889
23607
25153
18883
18890
25154
18885
18892
23608
18876
18877
18878
18877
18878
23521
18876
18877
23522
18876
18878
23524
18883
18884
18885
18884
18885
23528
23612
18883
18884
23235
23529
18883
18885
23236
23613
23237
23531
23615
18890
18891
18892
18891
18892
23563
18890
18891
23564
25173
18890
18892
25174
25175
23566
18897
18898
18899
18907
18914
18897
18898
23633
23647
18897
18899
18908
23634
18898
18899
18915
23648
18912
23636
18919
23650
18913
18920
18904
18905
18906
18907
18914
18904
18905
23346
23514
18904
18906
18910
23348
18905
18906
18917
23516
18911
23349
18918
23517
18913
18920
18911
18912
18913
18912
18913
23640
18911
18912
23361
23641
18911
18913
23362
23363
23643
18918
18919
18920
18919
18920
23661
18918
18919
23536
23662
18918
18920
23537
23538
23664
18925
18926
18927
18928
18925
18926
23654
18925
18927
18931
23656
23851
18926
18927
23852
18932
23657
18934
23853
18932
18933
18934
18933
18934
23836
23857
18932
18933
23669
23837
18932
18934
23670
23858
23671
23839
23860
18939
18940
18941
18942
18939
18940
23927
18939
18941
23955
18940
18941
18943
23928
23956
18947
23930
18948
23958
18946
18947
18948
18947
18948
23976
18946
18947
18946
18948
23977
23979
18953
18954
18955
18956
18953
18955
18953
18954
18954
18955
18958
18960
18962
18960
18961
18962
18960
18961
18960
18962
18965
18961
18962
18966
18968
18967
18968
18969
18967
18969
18999
18967
18968
18968
18969
19000
19003
18974
18975
18976
18975
18976
19006
18974
18975
19007
18974
18976
19009
18981
18982
18983
18998
19005
25452
18981
18982
18999
18981
18983
19006
18982
18983
25453
19003
19009
19004
25456
19010
25457
18988
18989
18990
18998
25452
18988
18990
18988
18989
19001
18989
18990
25454
19002
19004
25456
25458
18995
18996
18997
19005
25452
18996
18997
19055
18995
18996
19008
19014
18995
18997
19015
19056
25455
19010
19016
25457
19011
19059
25458
19002
19003
19004
19003
19004
19002
19003
19002
19004
19009
19010
19011
19009
19010
19027
19009
19011
19010
19011
19028
19030
19016
19017
19018
19026
25459
19017
19018
19034
19069
19016
19017
19028
19035
19016
19018
19070
25461
19030
25463
19032
19037
19072
25465
19023
19024
19025
25459
19024
19025
19023
19024
25462
19023
19025
25464
25465
19030
19031
19032
19030
19031
19030
19032
19049
19031
19032
19050
19051
19037
19038
19039
19047
19037
19039
19090
19037
19038
19049
19038
19039
19091
19051
19052
19094
19044
19045
19046
19045
19046
19097
19132
19044
19045
19098
19044
19046
19133
19101
19136
19051
19052
19053
19052
19053
19051
19052
19051
19053
19058
19059
19060
19061
19058
19059
19059
19060
19064
19070
19058
19060
19071
19066
19067
19073
19065
19066
19067
19065
19067
19076
19065
19066
25454
19066
19067
19077
25455
25458
19080
19072
19073
19074
19075
19082
19072
19074
19090
19072
19073
19077
19073
19074
19084
19092
19079
19080
19086
19088
19095
19079
19080
19081
19080
19081
19079
19080
25461
19079
19081
25462
25465
19086
19087
19088
19086
19087
19086
19088
19112
19087
19088
19113
19115
19093
19094
19095
19110
19094
19095
19093
19094
19093
19095
19112
19114
19115
19100
19101
19102
19117
19100
19101
23982
19101
19102
19100
19102
19119
23983
19121
23985
19122
19107
19108
19109
19110
19117
19107
19108
19108
19109
19113
19126
19107
19109
19120
19127
19121
19115
19116
19123
19129
19114
19115
19116
19114
19116
19114
19115
19115
19116
19121
19122
19123
19122
19123
19121
19122
23990
19121
19123
23991
23992
19128
19129
19130
19128
19130
19202
19128
19129
19129
19130
19203
19206
19135
19136
19137
19135
19136
23982
19136
19137
19135
19137
23984
23986
19142
19143
19144
19142
19144
19142
19143
19143
19144
19149
19150
19151
19152
19149
19151
19202
19149
19150
19150
19151
19154
19204
19156
19158
19207
19156
19157
19158
19156
19157
19181
19156
19158
19157
19158
19182
19184
19163
19164
19165
19173
19163
19165
19163
19164
19164
19165
19175
19177
19179
19170
19171
19172
19173
19171
19172
19237
19170
19171
19176
19238
19170
19172
19178
19179
19241
19177
19178
19179
19177
19178
19181
19177
19179
19178
19179
19183
19185
19184
19185
19186
19184
19185
19184
19186
19185
19186
19191
19192
19193
19194
19191
19192
19195
19216
19191
19193
19192
19193
19217
19198
19200
19219
19198
19199
19200
19198
19200
23989
19198
19199
23990
19199
19200
23993
19205
19206
19207
19208
19206
19207
19205
19206
19210
19205
19207
19212
19213
19212
19213
19214
19212
19214
23989
19212
19213
23991
19213
19214
23994
19219
19220
19221
19222
19219
19220
19219
19221
19220
19221
19223
19226
19227
19226
19227
19228
19226
19227
19226
19228
19227
19228
19233
19234
19235
19233
19234
19234
19235
19233
19235
19240
19241
19242
19240
19241
19241
19242
19245
19240
19242
19246
19248
19247
19248
19249
19247
19249
19247
19248
19248
19249
19254
19255
19256
19257
19255
19256
19254
19255
19260
19254
19256
19262
19263
19261
19262
19263
19261
19262
19261
19263
19262
19263
19268
19269
19270
19278
19269
19270
19268
19269
19280
19268
19270
19282
19284
19275
19276
19277
19278
19276
19277
19275
19276
19281
19275
19277
19283
19284
19282
19283
19284
19282
19283
19282
19284
19283
19284
19289
19290
19291
19289
19290
19300
19289
19291
19290
19291
19301
19303
19296
19297
19298
19296
19298
19296
19297
19297
19298
19303
19304
19305
19320
25466
19303
19304
19303
19305
25467
19304
19305
19321
25470
19324
19325
25471
19310
19311
19312
19320
19310
19312
19310
19311
19311
19312
19322
19324
19326
19317
19318
19319
19320
25466
19318
19319
25565
19317
19318
19329
25469
25566
19317
19319
19323
19330
19325
19331
25471
25472
25569
19326
19324
19325
19326
19324
19325
19324
19326
19325
19326
19331
19332
19333
19334
19332
19333
19342
19331
19332
19336
19343
19331
19333
19338
19340
19345
19338
19339
19340
19338
19339
25467
19338
19340
25469
19339
19340
25471
19345
19346
19347
19348
19345
19347
19356
19345
19346
25566
19346
19347
19350
19357
25567
19352
25570
19354
19360
19352
19353
19354
19352
19353
19352
19354
19364
19353
19354
19365
19367
19359
19360
19361
19362
19360
19361
19359
19360
19364
19359
19361
19366
19367
19366
19367
19368
19366
19368
19391
19366
19367
19367
19368
19393
19396
19373
19374
19375
19390
19397
19404
19373
19374
19391
19373
19375
19398
19374
19375
19405
19395
19401
19396
19408
19402
19409
19380
19381
19382
19390
19404
19380
19382
19380
19381
19393
19381
19382
19406
19394
19396
19408
19410
19387
19388
19389
19397
19404
19388
19389
19426
19387
19388
19400
19413
19387
19389
19407
19414
19427
19402
19409
19415
19403
19410
19430
19394
19395
19396
19395
19396
19394
19395
19394
19396
19401
19402
19403
19401
19402
19401
19403
19402
19403
19408
19409
19410
19408
19409
19408
19410
19409
19410
19415
19416
19417
19416
19417
19419
19433
19415
19416
19420
19415
19417
19434
19422
19436
19422
19423
19424
19422
19424
19440
19422
19423
19423
19424
19441
19444
19429
19430
19431
19429
19430
19430
19431
19434
19429
19431
19435
19437
19436
19437
19438
19436
19438
19440
19436
19437
19437
19438
19442
19445
19443
19444
19445
19444
19445
19443
19444
19443
19445
19450
19451
19452
19453
19450
19451
19451
19452
19450
19452
19455
19457
19458
19457
19458
19459
19458
19459
19461
19457
19458
19462
19457
19459
19464
19464
19465
19466
19464
19465
19464
19466
19476
19465
19466
19477
19479
19471
19472
19473
19474
19471
19472
19471
19473
19475
19482
19472
19473
19483
19478
19480
19485
19478
19479
19480
19478
19480
19478
19479
19479
19480
19485
19486
19487
19495
19485
19486
19485
19487
19496
19486
19487
19499
19500
19492
19493
19494
19495
19492
19494
19492
19493
19493
19494
19497
19499
19501
19499
19500
19501
19499
19500
19510
19499
19501
19500
19501
19512
19514
19506
19507
19508
19509
19507
19508
19517
19506
19507
19512
19518
19506
19508
19514
19515
19520
19513
19514
19515
19513
19514
19513
19515
19514
19515
19520
19521
19522
19520
19522
19531
19520
19521
19521
19522
19532
19535
19527
19528
19529
19537
19527
19528
19527
19529
19528
19529
19538
19542
19543
19534
19535
19536
19535
19536
19534
19535
19534
19536
19541
19542
19543
19542
19543
19552
19541
19542
25559
19541
19543
19553
25560
25561
19555
19548
19549
19550
19551
19549
19550
19601
20637
19548
19549
19554
19560
19602
19548
19550
19561
20638
19556
19562
19557
19605
20641
19555
19556
19557
19555
19556
19555
19557
25475
19556
19557
25476
25478
19562
19563
19564
19565
19563
19564
19562
19563
19562
19564
19568
19570
19571
19569
19570
19571
19569
19570
19569
19571
19570
19571
19576
19577
19578
19576
19577
19587
25439
19576
19578
19615
25440
19577
19578
19588
19616
25442
19590
19618
19583
19584
19585
19583
19584
19587
25439
19583
19585
19629
25441
19584
19585
19589
19630
25443
19591
19632
19590
19591
19592
19590
19591
19590
19592
25481
19591
19592
25482
25484
19597
19598
19599
19607
25473
19597
19598
19615
25440
25474
19597
19599
19629
25441
19598
19599
19608
19617
19631
25444
25477
19612
19619
25479
19613
19633
19604
19605
19606
19607
25473
19604
19605
19605
19606
25476
19604
19606
19609
19611
25478
19612
25479
19611
19612
19613
19612
19613
19611
19612
19611
19613
19618
19619
19620
19621
19618
19619
19622
19618
19620
25481
19619
19620
25483
19626
19627
25485
19625
19626
19627
19626
19627
25474
19625
19626
19625
19627
25476
25479
19632
19633
19634
19632
19633
19632
19634
25482
19633
19634
25483
25486
19639
19640
19641
19642
19640
19641
19639
19640
19645
19639
19641
19647
19648
19646
19647
19648
25480
19646
19647
25482
19646
19648
19647
19648
25484
25486
19653
19654
19655
19654
19655
19762
20868
19653
19654
19763
19653
19655
20869
19766
20872
19660
19661
19662
19670
19660
19662
19846
19660
19661
19661
19662
19672
19847
19674
19676
19850
19667
19668
19669
19670
19668
19669
19853
19667
19668
19673
19854
19667
19669
19675
19676
19857
19674
19675
19676
19674
19675
19685
19674
19676
19861
19675
19676
19687
19862
19689
19864
19681
19682
19683
19684
19682
19683
19881
19681
19682
19681
19683
19686
19882
19688
19690
19884
19688
19689
19690
19688
19689
19688
19690
19903
19689
19690
19904
19905
19695
19696
19697
19696
19697
19734
24451
19695
19696
19707
19735
19695
19697
19708
24452
19709
19738
24453
19702
19703
19704
19703
19704
20049
19702
19703
19714
20050
19702
19704
19715
19716
20053
19709
19710
19711
19719
19710
19711
19790
19709
19710
19791
19709
19711
19721
19723
19794
19725
19716
19717
19718
19719
19717
19718
20070
19716
19717
20071
19716
19718
19722
19724
20074
19725
19723
19724
19725
19723
19724
19723
19725
19724
19725
19730
19731
19732
19740
19730
19731
19731
19732
19763
19730
19732
19742
19764
19744
19745
19767
19737
19738
19739
19740
19737
19738
19738
19739
19791
19737
19739
19743
19792
19744
19746
19795
19744
19745
19746
19745
19746
19776
19804
19744
19745
19777
19744
19746
19805
19780
19808
19751
19752
19753
19768
19775
19751
19752
19751
19753
19769
19811
19752
19753
19776
19813
19772
19780
19773
19781
19815
19758
19759
19760
19768
19758
19760
19846
19758
19759
19759
19760
19770
19848
19772
19774
19851
19765
19766
19767
19775
19765
19766
19766
19767
19765
19767
19777
19779
19780
19772
19773
19774
19772
19773
19825
19772
19774
19868
19773
19774
19827
19869
19829
19871
19779
19780
19781
19780
19781
19779
19780
19779
19781
19786
19787
19788
19796
19803
19786
19787
19786
19788
19797
19812
19787
19788
19804
19813
19800
19808
19801
19809
19816
19793
19794
19795
19803
19793
19794
19794
19795
19793
19795
19805
19807
19808
19800
19801
19802
19800
19801
19832
19800
19802
20155
19801
19802
19834
20156
19836
20158
19807
19808
19809
19808
19809
19807
19808
19807
19809
19814
19815
19816
19824
19831
19814
19815
19825
19814
19816
19832
19815
19816
19828
19835
19829
19836
19821
19822
19823
19824
19831
19822
19823
19930
20175
19821
19822
19826
19931
19821
19823
19833
20176
19828
19835
19830
19933
19837
20178
19828
19829
19830
19828
19829
19828
19830
19938
19829
19830
19939
19940
19835
19836
19837
19835
19836
19835
19837
20183
19836
19837
20184
20185
19842
19843
19844
19859
19866
19842
19843
19860
19874
19842
19844
19867
19923
19843
19844
19876
19925
19863
19870
19865
19878
19872
19927
19849
19850
19851
19859
19866
19850
19851
19849
19850
19861
19849
19851
19868
19863
19870
19864
19871
19856
19857
19858
19859
19856
19857
24003
19857
19858
19862
19889
19856
19858
19890
24004
24006
19864
19865
19892
19863
19864
19865
19863
19865
19902
19863
19864
19864
19865
19904
19907
19870
19871
19872
19870
19872
19937
19870
19871
19871
19872
19939
19942
19877
19878
19879
19901
19908
19915
19877
19878
19902
19877
19879
19909
19951
19878
19879
19916
19953
19906
19912
19907
19919
19913
19920
19955
19884
19885
19886
19901
19908
19884
19886
19993
19884
19885
19903
19885
19886
19910
19995
19905
19906
19912
19914
19998
19891
19892
19893
19901
19915
19891
19893
19891
19892
19904
19892
19893
19917
19905
19907
19919
19921
19898
19899
19900
19908
19915
19899
19900
20000
19898
19899
19911
19966
20001
19898
19900
19918
19967
19913
19920
19968
19914
20004
19921
19905
19906
19907
19906
19907
19905
19906
19905
19907
19912
19913
19914
19912
19913
19972
19912
19914
20008
19913
19914
19974
20009
19976
20011
19919
19920
19921
19919
19920
19986
19919
19921
19920
19921
19987
19989
19926
19927
19928
19936
19943
19926
19927
19937
19926
19928
19944
19952
19927
19928
19953
19941
19947
19942
19948
19956
19933
19934
19935
19936
19943
19933
19935
20231
19933
19934
19938
19934
19935
19945
20232
19940
19941
19947
19949
20235
19940
19941
19942
19941
19942
19940
19941
19940
19942
19947
19948
19949
19947
19948
19979
19947
19949
20239
19948
19949
19981
20240
19983
20242
19954
19955
19956
19971
19978
19985
19954
19955
19972
19954
19956
19979
19955
19956
19986
19975
19982
19976
19989
19983
19990
19961
19962
19963
19971
19978
19962
19963
19961
19962
19973
19961
19963
19980
19975
19982
19977
19984
19968
19969
19970
19971
19985
19969
19970
20014
19968
19969
19974
20015
19968
19970
19987
19976
19989
19977
20017
19991
19975
19976
19977
19975
19976
19975
19977
19976
19977
19982
19983
19984
25487
19982
19983
19982
19984
20274
19983
19984
20275
25489
25491
20276
25492
19989
19990
19991
25487
19989
19990
19989
19991
21065
19990
19991
21066
25490
25491
21067
25493
19996
19997
19998
20006
19997
19998
19996
19997
19996
19998
20008
20010
20011
20003
20004
20005
20006
20003
20004
20004
20005
20009
20015
20003
20005
20016
20011
20012
20018
20010
20011
20012
20010
20012
20010
20011
20011
20012
20017
20018
20019
20027
20017
20019
20017
20018
20018
20019
20029
20031
20033
20024
20025
20026
20027
20025
20026
20350
20024
20025
20036
20351
20024
20026
20030
20037
20032
20038
20354
20033
20031
20032
20033
20031
20032
20042
20031
20033
20032
20033
20044
20046
20038
20039
20040
20041
20039
20040
20378
20038
20039
20379
20038
20040
20044
20046
20381
20047
20045
20046
20047
20045
20046
20045
20047
20046
20047
20052
20053
20054
20062
20052
20053
20053
20054
20071
20052
20054
20064
20072
20066
20067
20075
20059
20060
20061
20062
20059
20060
20060
20061
20092
20059
20061
20065
20093
20066
20068
20096
20066
20067
20068
20067
20068
20084
20105
20066
20067
20085
20066
20068
20106
20088
20109
20073
20074
20075
20083
20073
20074
20074
20075
20073
20075
20085
20087
20088
20080
20081
20082
20083
20080
20082
20081
20082
20080
20081
20086
20087
20089
20087
20088
20089
20088
20089
20133
20087
20088
20087
20089
20134
20137
20094
20095
20096
20104
20094
20095
20095
20096
20094
20096
20106
20108
20109
20101
20102
20103
20104
20101
20103
20441
20102
20103
20120
20442
20101
20102
20107
20121
20108
20110
20123
20445
20108
20109
20110
20109
20110
20133
20108
20109
20108
20110
20135
20138
20115
20116
20117
20125
20116
20117
20203
20448
20115
20116
20127
20204
20115
20117
20449
20129
20131
20206
20451
20122
20123
20124
20132
20122
20124
20455
20123
20124
20456
20122
20123
20135
20136
20138
20458
20129
20130
20131
20129
20130
20129
20131
20211
20130
20131
20212
20213
20136
20137
20138
20137
20138
20136
20137
20136
20138
20143
20144
20145
20153
20160
20143
20144
20154
20168
20143
20145
20161
20196
20144
20145
20170
20198
20157
20164
20159
20172
20166
20200
20150
20151
20152
20153
20160
20151
20152
20150
20151
20155
20150
20152
20162
20157
20164
20158
20165
20157
20158
20159
20157
20159
20182
20157
20158
20158
20159
20184
20187
20164
20165
20166
20164
20166
20210
20164
20165
20165
20166
20212
20215
20171
20172
20173
20181
20188
20171
20172
20182
20171
20173
20189
24199
20172
20173
24201
20186
20192
20187
20193
24203
20178
20179
20180
20181
20188
20178
20180
20231
20178
20179
20183
20179
20180
20190
20233
20185
20186
20192
20194
20236
20185
20186
20187
20186
20187
20185
20186
20185
20187
20192
20193
20194
20192
20193
24213
20192
20194
20246
20193
20194
20247
24215
24217
20249
20199
20200
20201
20209
20216
20199
20200
20210
20199
20201
20217
24200
20200
20201
24201
20214
20220
20215
20221
24204
20206
20207
20208
20209
20216
20206
20208
20490
20206
20207
20211
20207
20208
20218
20491
20213
20214
20220
20222
20494
20213
20214
20215
20214
20215
20213
20214
20213
20215
20220
20221
20222
20220
20221
24220
20220
20222
20498
20221
20222
20499
24222
24224
20501
20227
20228
20229
20237
20244
20227
20228
20238
20252
20227
20229
20245
24227
20228
20229
20254
24229
20241
20248
20243
20256
20250
24231
20234
20235
20236
20237
20244
20235
20236
20234
20235
20239
20234
20236
20246
20241
20248
20242
20249
20241
20242
20243
20241
20243
20273
20241
20242
20242
20243
20275
20278
20248
20249
20250
20248
20250
24248
20248
20249
20249
20250
24250
24252
20255
20256
20257
20272
20279
20286
20255
20256
20273
20255
20257
20280
20294
20256
20257
20287
20296
20277
20283
20278
20290
20284
20291
20298
20262
20263
20264
20272
20286
20262
20264
21218
25488
20262
20263
20275
25489
20263
20264
20288
21219
20276
25492
20278
20290
20292
21222
20269
20270
20271
20279
20286
20270
20271
20357
20269
20270
20282
20309
20358
20269
20271
20289
20310
20284
20291
20311
20285
20361
20292
20276
20277
20278
20277
20278
20276
20277
20276
20278
20283
20284
20285
20283
20284
20322
20283
20285
20365
20284
20285
20324
20366
20326
20368
20290
20291
20292
20290
20291
20336
20290
20292
21226
20291
20292
20337
21227
20339
21229
20297
20298
20299
20321
20328
20335
20297
20298
20322
20297
20299
20329
24228
20298
20299
20336
24229
20325
20332
20326
20339
20333
20340
24232
20304
20305
20306
20321
20328
20305
20306
20399
20539
20304
20305
20323
20400
20304
20306
20330
20540
20325
20332
20327
20402
20334
20542
20311
20312
20313
20321
20335
20312
20313
20406
20311
20312
20324
20407
20311
20313
20337
20326
20339
20327
20409
20341
20318
20319
20320
20328
20335
20319
20320
20546
20318
20319
20331
20547
24242
20318
20320
20338
24243
20333
20340
24244
20334
20549
20341
20325
20326
20327
20325
20326
20325
20327
20421
20326
20327
20422
20423
20332
20333
20334
20332
20333
24255
20332
20334
20561
20333
20334
20562
24257
24259
20563
20339
20340
20341
20339
20340
20339
20341
20340
20341
20346
20347
20348
20363
20370
20346
20347
20346
20348
20364
20392
20347
20348
20371
20394
20367
20375
20369
20376
20396
20353
20354
20355
20370
20353
20354
20354
20355
20379
20353
20355
20372
20380
20374
20375
20382
20360
20361
20362
20363
20370
20360
20361
20361
20362
20366
20407
20360
20362
20373
20408
20374
20368
20369
20376
20410
20367
20368
20369
20367
20369
20420
20367
20368
20368
20369
20422
20425
20374
20375
20376
20375
20376
20385
20434
20374
20375
20386
20374
20376
20435
20388
20437
20381
20382
20383
20384
20381
20383
20381
20382
20382
20383
20386
20388
20390
20388
20389
20390
20388
20389
20388
20390
20389
20390
20395
20396
20397
20419
20426
20433
20395
20396
20420
20395
20397
20427
20396
20397
20434
20424
20430
20425
20437
20431
20438
20402
20403
20404
20419
20426
20402
20404
20588
20402
20403
20421
20403
20404
20428
20589
20423
20424
20430
20432
20592
20409
20410
20411
20419
20433
20409
20411
20409
20410
20422
20410
20411
20435
20423
20425
20437
20439
20416
20417
20418
20426
20433
20417
20418
20416
20417
20429
20416
20418
20436
20431
20438
20432
20439
20423
20424
20425
20424
20425
20423
20424
20423
20425
20430
20431
20432
20430
20431
20430
20432
20431
20432
20437
20438
20439
20437
20438
20437
20439
20438
20439
20444
20445
20446
20444
20445
20445
20446
20456
20444
20446
20457
20459
20451
20452
20453
20468
20451
20453
20490
20451
20452
20452
20453
20470
20492
20472
20474
20495
20458
20459
20460
20475
20458
20460
20458
20459
20459
20460
20477
20479
20481
20465
20466
20467
20468
20475
20466
20467
20465
20466
20471
20465
20467
20478
20473
20480
20474
20481
20472
20473
20474
20472
20473
20472
20474
20505
20473
20474
20506
20508
20479
20480
20481
20479
20480
20479
20481
24557
20480
20481
24558
24560
20486
20487
20488
20496
20503
20486
20487
20497
24262
20486
20488
20504
20511
20487
20488
20513
24264
20500
20507
20502
24266
20509
20515
20493
20494
20495
20496
20503
20494
20495
20493
20494
20498
20493
20495
20505
20500
20507
20501
20508
20500
20501
20502
20500
20502
24283
20500
20501
20501
20502
24285
24287
20507
20508
20509
20507
20509
20507
20508
20508
20509
20514
20515
20516
20514
20515
20514
20516
20519
20515
20516
20520
20523
20521
20522
20523
20524
20521
20522
20525
24263
20521
20523
20522
20523
24264
20528
20529
24267
20528
20529
20530
20528
20529
24290
20528
20530
20582
20529
20530
20583
24292
24294
20584
20535
20536
20537
20559
20566
20535
20536
20560
24297
20535
20537
20567
20536
20537
24299
20564
20570
20565
24301
20571
20542
20543
20544
20559
20566
20542
20544
20588
20542
20543
20561
20543
20544
20568
20590
20563
20564
20570
20572
20593
20549
20550
20551
20559
20549
20551
20549
20550
20562
24312
20550
20551
24313
20563
20565
24315
20556
20557
20558
20566
20557
20558
20595
20556
20557
20569
20596
20556
20558
20571
20572
20599
20563
20564
20565
20564
20565
24325
20563
20564
20563
20565
24327
24329
20570
20571
20572
20570
20571
20570
20572
20603
20571
20572
20604
20606
20577
20578
20579
20580
20577
20578
20581
24298
20577
20579
20578
20579
24299
20585
20586
24302
20584
20585
20586
20585
20586
24332
20584
20585
20584
20586
24334
24336
20591
20592
20593
20601
20592
20593
20591
20592
20591
20593
20603
20605
20606
20598
20599
20600
20601
20608
20598
20599
20599
20600
20604
20598
20600
20611
20612
20606
20607
20614
20605
20606
20607
20605
20607
20616
20605
20606
20606
20607
20618
20621
20612
20613
20614
20613
20614
20612
20613
20612
20614
20619
20620
20621
20620
20621
20619
20620
20619
20621
20626
20627
20628
20626
20627
20626
20628
25495
20627
20628
25496
25498
20633
20634
20635
20633
20634
20633
20635
20672
20634
20635
20673
20675
20640
20641
20642
20640
20641
20641
20642
20640
20642
20647
20648
20649
20650
20647
20648
24038
20648
20649
20659
20647
20649
20652
20660
24039
20654
24041
20655
20662
20654
20655
20656
20655
20656
20665
20654
20655
20666
20654
20656
20668
20661
20662
20663
20664
20661
20663
20661
20662
20662
20663
20666
20668
20670
20668
20669
20670
25494
20668
20669
25497
20668
20670
20669
20670
25499
25500
20675
20676
20677
20675
20676
20675
20677
20676
20677
20682
20683
20684
20682
20684
20682
20683
20683
20684
20689
20690
20691
20690
20691
20714
21463
20689
20690
20715
20689
20691
21464
20717
21466
20696
20697
20698
25501
20696
20697
20707
20696
20698
20697
20698
20709
25502
20711
25506
25507
20703
20704
20705
20704
20705
20703
20704
20703
20705
20710
20711
20712
20720
20710
20711
20710
20712
20728
20711
20712
20721
20730
20724
20725
20732
20717
20718
20719
20720
20717
20719
20717
20718
20718
20719
20722
20724
20726
20724
20725
20726
20724
20725
25502
20724
20726
25503
20725
20726
25506
20731
20732
20733
20731
20732
20731
20733
20732
20733
20738
20739
20740
20741
20748
20739
20740
20798
20994
20738
20739
20744
20799
20738
20740
20751
20995
20746
20753
20747
20802
20754
20998
20745
20746
20747
20745
20746
24353
20745
20747
20806
20746
20747
20807
24354
24356
20809
20752
20753
20754
20752
20753
24360
20752
20754
21002
20753
20754
21003
24361
24363
21005
20759
20760
20761
20776
20783
20759
20760
20759
20761
20777
24340
20760
20761
20784
24341
20780
20787
20781
20788
24344
20766
20767
20768
20776
20766
20768
24423
20766
20767
20767
20768
20778
24424
20780
20782
24427
20773
20774
20775
20783
20773
20775
20773
20774
20774
20775
20785
20787
20789
20780
20781
20782
20780
20781
24360
20780
20782
24431
20781
20782
24362
24432
24364
24434
20787
20788
20789
20787
20788
24367
20787
20789
20788
20789
24369
24371
20794
20795
20796
20804
20811
20794
20795
20819
20794
20796
20805
20795
20796
20812
20821
20808
20816
20823
20810
20817
20801
20802
20803
20804
20811
20801
20802
20802
20803
20807
20801
20803
20814
20815
20809
20810
20817
20808
20809
20810
20808
20810
20808
20809
20809
20810
20815
20816
20817
20816
20817
20840
20815
20816
20841
20815
20817
20843
20822
20823
20824
20832
20839
20822
20823
20822
20824
20833
20823
20824
20840
20836
20843
20837
20844
20829
20830
20831
20832
20839
20830
20831
20829
20830
20835
20829
20831
20842
20837
20844
20838
20845
20836
20837
20838
20836
20837
20836
20838
20862
20837
20838
20863
20865
20843
20844
20845
20843
20844
20843
20845
20844
20845
20850
20851
20852
20860
20850
20851
20850
20852
20861
20851
20852
20864
20866
20857
20858
20859
20857
20858
20858
20859
20869
20857
20859
20870
20873
20864
20865
20866
20864
20866
20889
20864
20865
20865
20866
20890
20893
20871
20872
20873
25431
20871
20872
25433
20872
20873
20871
20873
25435
25436
20878
20879
20880
25431
20878
20880
25434
20879
20880
20878
20879
25435
25437
20885
20886
20887
20885
20887
21561
20885
20886
20886
20887
21562
21565
20892
20893
20894
20893
20894
20892
20893
20892
20894
20899
20900
20901
20900
20901
20899
20900
20899
20901
20906
20907
20908
20907
20908
21015
21099
20906
20907
21016
20906
20908
21100
21019
21103
20913
20914
20915
20914
20915
20973
20913
20914
20913
20915
20974
20976
20920
20921
20922
20937
20944
20920
20921
20938
20920
20922
20945
24402
20921
20922
24404
20942
20948
20943
20949
24406
20927
20928
20929
20937
20944
20927
20929
24423
20927
20928
20939
20928
20929
20946
24425
20941
20942
20948
20950
24428
20934
20935
20936
20937
20934
20936
20934
20935
20940
20935
20936
20941
20943
20941
20942
20943
20942
20943
20941
20942
20941
20943
20948
20949
20950
20948
20949
24409
20948
20950
24438
20949
20950
24411
24439
24413
24441
20955
20956
20957
20965
20972
20955
20956
20955
20957
20966
24403
20956
20957
20973
24404
20969
20976
20970
20977
24407
20962
20963
20964
20965
20972
20963
20964
21120
21589
20962
20963
20968
21121
20962
20964
20975
21590
20970
20977
20971
21124
20978
21593
20969
20970
20971
20969
20970
24416
20969
20971
21128
20970
20971
21129
24418
24420
21131
20976
20977
20978
20976
20977
20976
20978
21597
20977
20978
21598
21600
20983
20984
20985
21000
20983
20984
21036
20983
20985
21001
20984
20985
21037
21004
21039
21006
20990
20991
20992
20990
20991
20991
20992
21044
20990
20992
21045
21047
20997
20998
20999
21000
20997
20998
20998
20999
21003
20997
20999
21005
21006
21004
21005
21006
21004
21006
21004
21005
21005
21006
21011
21012
21013
21021
21028
21011
21012
21036
21011
21013
21022
21012
21013
21029
21038
21025
21033
21040
21027
21034
21018
21019
21020
21021
21028
21018
21019
21019
21020
21024
21018
21020
21031
21032
21026
21027
21034
21025
21026
21027
21025
21027
21025
21026
21026
21027
21032
21033
21034
21033
21034
21050
21032
21033
21051
21032
21034
21053
21039
21040
21041
21049
21039
21040
21039
21041
21040
21041
21050
21053
21054
21046
21047
21048
21046
21048
24465
21046
21047
21047
21048
24467
24470
21053
21054
21055
21053
21054
21053
21055
21054
21055
21060
21061
21062
21063
21060
21062
21218
25488
21060
21061
21066
25490
21061
21062
21220
21067
25493
21069
21223
21067
21068
21069
21068
21069
21067
21068
21067
21069
21074
21075
21076
21075
21076
21092
21074
21075
21074
21076
21094
21097
21081
21082
21083
21091
21081
21083
21253
21081
21082
21093
21082
21083
21254
21095
21096
21257
21088
21089
21090
21091
21088
21090
21883
21088
21089
21094
21089
21090
21884
21095
21097
21887
21095
21096
21097
21096
21097
21095
21096
21095
21097
21102
21103
21104
21105
21102
21103
21103
21104
21102
21104
21108
21109
21111
21109
21110
21111
21110
21111
21113
21109
21110
21114
21109
21111
21116
21116
21117
21118
21116
21117
21162
21116
21118
21198
21117
21118
21163
21199
21165
21201
21123
21124
21125
21126
21133
21123
21124
21124
21125
21129
21123
21125
21135
21137
21131
21132
21138
21130
21131
21132
21130
21132
24500
21130
21131
21131
21132
24502
24504
21137
21138
21139
21138
21139
21137
21138
21137
21139
21144
21145
21146
21161
21168
21144
21145
21162
24494
21144
21146
21145
21146
21169
24495
21165
21166
21172
24498
21173
21151
21152
21153
21161
21152
21153
25368
21151
21152
21163
25369
21151
21153
21165
21167
25371
21158
21159
21160
21168
21159
21160
22044
21158
21159
21158
21160
21171
22045
21173
21174
22047
21165
21166
21167
21165
21166
21165
21167
21166
21167
21172
21173
21174
21172
21173
21172
21174
22059
21173
21174
22060
22061
21179
21180
21181
21189
21196
21203
21179
21180
21190
21179
21181
21197
21180
21181
21204
21193
21200
21195
21208
21202
21209
21186
21187
21188
21196
21203
21186
21187
21187
21188
21199
25369
21186
21188
21206
25370
21207
21201
21202
21209
25372
21193
21194
21195
21193
21195
24542
21193
21194
21194
21195
24544
24546
21200
21201
21202
21200
21202
21200
21201
21201
21202
21207
21208
21209
21208
21209
21207
21208
21207
21209
21214
21215
21216
21215
21216
21214
21215
21214
21216
21221
21222
21223
21224
21222
21223
21221
21222
21226
21221
21223
21228
21229
21228
21229
21230
21228
21230
21228
21229
21229
21230
21235
21236
21237
21238
21245
21236
21237
21235
21236
21240
21235
21237
21247
21242
21249
21243
21250
21242
21243
21244
21242
21244
21242
21243
21243
21244
21249
21250
21251
21249
21251
21249
21250
21250
21251
21256
21257
21258
21259
21257
21258
21256
21257
21256
21258
21261
21263
21264
21263
21264
21265
21263
21265
21263
21264
21264
21265
21270
21271
21272
21270
21272
21270
21271
21271
21272
21277
21278
21279
21278
21279
21277
21278
21277
21279
21284
21285
21286
21285
21286
25368
21284
21285
25370
21284
21286
25373
21291
21292
21293
21292
21293
21291
21292
21291
21293
21298
21299
21300
21299
21300
21302
21298
21299
21303
21298
21300
21305
21305
21306
21307
21305
21307
21305
21306
21306
21307
21312
21313
21314
21312
21314
21312
21313
21313
21314
21319
21320
21321
21319
21321
21323
21319
21320
21320
21321
21324
21327
21326
21327
21328
21327
21328
21326
21327
21326
21328
21333
21334
21335
21334
21335
21449
22744
21333
21334
21352
21450
21333
21335
21353
22745
21354
21453
22748
21340
21341
21342
21357
21341
21342
21393
24570
21340
21341
21394
21340
21342
21359
24571
21361
21396
21363
24573
21347
21348
21349
21364
21348
21349
21400
21347
21348
21401
21347
21349
21366
21368
21403
21370
21354
21355
21356
21357
21364
21355
21356
25529
25543
21354
21355
21360
25530
21354
21356
21367
25544
21362
21369
21363
25532
21370
25546
21361
21362
21363
21361
21362
21361
21363
24578
21362
21363
24579
24580
21368
21369
21370
21368
21369
21368
21370
24893
21369
21370
24894
24895
21375
21376
21377
21378
21375
21376
24052
21376
21377
21394
21375
21377
21381
21395
24053
21382
24055
21384
21397
21382
21383
21384
21383
21384
21382
21383
24060
21382
21384
24061
24062
21389
21390
21391
21389
21390
21390
21391
21401
21389
21391
21402
21404
21396
21397
21398
21413
21396
21398
21396
21397
21415
21397
21398
21417
21418
21403
21404
21405
21413
21403
21405
21403
21404
21416
21404
21405
21417
21419
21410
21411
21412
21411
21412
21484
21410
21411
21485
21410
21412
21488
21417
21418
21419
21418
21419
21417
21418
21417
21419
21424
21425
21426
21427
21424
21425
24052
21425
21426
24571
21424
21426
21430
24054
24572
21431
24056
21433
24574
21431
21432
21433
21432
21433
21431
21432
21431
21433
21438
21439
21440
21438
21440
21438
21439
21439
21440
21445
21446
21447
21446
21447
21445
21446
21445
21447
21452
21453
21454
21452
21453
21453
21454
25530
21452
21454
25531
25533
21459
21460
21461
21460
21461
24598
21459
21460
24599
21459
21461
24601
21466
21467
21468
21469
21466
21468
21466
21467
21472
21467
21468
21473
21475
21473
21474
21475
21474
21475
21473
21474
21473
21475
21480
21481
21482
21490
21480
21481
21480
21482
21481
21482
21491
21495
21496
21487
21488
21489
21490
21487
21488
21488
21489
21487
21489
21492
21494
21495
21494
21495
21496
21495
21496
24612
21494
21495
21494
21496
24613
24615
21501
21502
21503
21501
21503
21501
21502
21502
21503
21508
21509
21510
21508
21509
21509
21510
21513
21508
21510
21514
21516
21515
21516
21517
21525
21515
21517
21515
21516
21516
21517
21527
21529
21531
21522
21523
21524
21525
21523
21524
21540
24626
21522
21523
21541
21522
21524
21528
24627
21530
21544
21531
24629
21529
21530
21531
21529
21530
21529
21531
24634
21530
21531
24635
24637
21536
21537
21538
21537
21538
24374
21536
21537
24376
21536
21538
24378
21543
21544
21545
21546
21543
21544
25347
21544
21545
21543
21545
21549
25348
21550
25350
21552
21550
21551
21552
21551
21552
21554
21550
21551
21555
25355
21550
21552
25356
25357
21557
21557
21558
21559
21557
21558
21557
21559
21558
21559
21564
21565
21566
21564
21565
21565
21566
21564
21566
21571
21572
21573
21574
21581
21571
21572
21572
21573
21577
21604
21571
21573
21583
21605
21585
21579
21580
21586
21607
21578
21579
21580
21578
21580
21624
21578
21579
21579
21580
21625
21628
21585
21586
21587
21586
21587
21631
21585
21586
21632
21585
21587
21634
21592
21593
21594
21595
21592
21593
21593
21594
21598
21611
21592
21594
21612
21600
21601
21614
21599
21600
21601
21599
21601
21624
21599
21600
21600
21601
21626
21629
21606
21607
21608
21623
21630
21606
21608
21606
21607
21625
21607
21608
21632
21627
21628
21634
21636
21613
21614
21615
21623
21637
21613
21615
21974
21613
21614
21626
21614
21615
21639
21976
21627
21629
21641
21643
21979
21620
21621
21622
21630
21637
21621
21622
21988
24654
21620
21621
21633
24655
21620
21622
21640
21989
21635
21642
21636
24657
21643
21992
21627
21628
21629
21628
21629
21627
21628
21627
21629
21634
21635
21636
21634
21635
21634
21636
24662
21635
21636
24663
24665
21641
21642
21643
21641
21642
21641
21643
22003
21642
21643
22004
22006
21648
21649
21650
21648
21649
21666
24640
21648
21650
21702
24641
21649
21650
21668
21703
24642
21670
21705
21655
21656
21657
21665
21672
21655
21656
21666
25376
21655
21657
21673
25377
21656
21657
21669
21676
25378
21670
21677
21662
21663
21664
21665
21672
21663
21664
21757
22093
21662
21663
21667
21758
21662
21664
21674
22094
21669
21676
21671
21760
21678
22096
21669
21670
21671
21669
21670
21669
21671
21772
21670
21671
21773
21774
21676
21677
21678
21676
21677
25382
21676
21678
22101
25383
21677
21678
22102
25384
22103
21683
21684
21685
21693
21700
21683
21684
21694
21708
21683
21685
21701
21750
21684
21685
21710
21752
21697
21704
21699
21712
21706
21754
21690
21691
21692
21693
21700
21691
21692
21690
21691
21695
25348
21690
21692
21702
25349
21697
21704
25351
21698
21705
21697
21698
21699
21697
21699
21729
25354
21697
21698
25356
21698
21699
21731
25358
21734
21704
21705
21706
21704
21706
21771
21704
21705
21705
21706
21773
21776
21711
21712
21713
21728
21735
21742
21711
21712
21729
21711
21713
21736
21792
21712
21713
21743
21794
21733
21739
21734
21746
21740
21747
21796
21718
21719
21720
21728
21735
21718
21720
21834
21718
21719
21730
21719
21720
21737
21836
21732
21733
21739
21741
21839
21725
21726
21727
21735
21742
21726
21727
21848
21725
21726
21738
21800
21849
21725
21727
21745
21801
21740
21747
21802
21741
21852
21748
21732
21733
21734
21733
21734
21732
21733
21732
21734
21739
21740
21741
21739
21740
21739
21741
21740
21741
21746
21747
21748
21746
21747
21820
21746
21748
21747
21748
21821
21823
21753
21754
21755
21770
21777
21784
21753
21754
21771
21753
21755
21778
21793
21754
21755
21785
21794
21775
21781
21776
21788
21782
21789
21797
21760
21761
21762
21770
21777
21760
21762
22156
21760
21761
21772
21761
21762
21779
22157
21774
21775
21781
21783
22160
21767
21768
21769
21777
21784
21768
21769
22163
21767
21768
21780
21807
22164
21767
21769
21787
21808
21782
21789
21809
21783
22167
21790
21774
21775
21776
21775
21776
21774
21775
21774
21776
21781
21782
21783
21781
21782
21813
21781
21783
22178
21782
21783
21815
22179
21817
22181
21788
21789
21790
21788
21789
21820
21788
21790
21789
21790
21822
21824
21795
21796
21797
21812
21819
21795
21796
21795
21797
21813
21796
21797
21820
21816
21823
21817
21824
21802
21803
21804
21819
21803
21804
25389
21802
21803
25390
21802
21804
21821
21823
25392
21825
21809
21810
21811
21812
21819
21810
21811
24703
21809
21810
21815
24704
21809
21811
21822
21817
21824
21818
24706
21825
21816
21817
21818
21816
21817
21816
21818
21817
21818
21823
21824
21825
21823
21824
21823
21825
21824
21825
21830
21831
21832
21830
21831
21831
21832
25510
21830
21832
25511
25513
21837
21838
21839
21854
21838
21839
21837
21838
21856
21837
21839
21858
21859
21844
21845
21846
21854
21861
21844
21845
21845
21846
21857
21870
21844
21846
21863
21871
21865
21859
21860
21866
21873
21851
21852
21853
21861
21851
21852
21852
21853
25390
21851
21853
21864
25391
21865
21867
25393
21858
21859
21860
21858
21860
21876
21858
21859
21859
21860
21878
21881
21865
21866
21867
21866
21867
21865
21866
21865
21867
21872
21873
21874
21875
21872
21874
21872
21873
21878
21873
21874
21879
21881
21879
21880
21881
25508
21880
21881
21879
21880
25510
21879
21881
25512
25513
21886
21887
21888
21889
21887
21888
21886
21887
21886
21888
21891
21893
21894
21893
21894
21895
21893
21895
21893
21894
21894
21895
21900
21901
21902
21901
21902
25207
21900
21901
21900
21902
25208
25210
21907
21908
21909
21910
21907
21908
21907
21909
21911
25200
21908
21909
25202
21914
21916
25204
21914
21915
21916
21914
21916
21914
21915
21915
21916
21921
21922
21923
21924
21922
21923
21921
21922
21940
21921
21923
21927
21941
21929
21942
21930
21928
21929
21930
21928
21929
25516
21928
21930
21929
21930
25517
25519
21935
21936
21937
21952
25515
21935
21936
21935
21937
21953
25201
21936
21937
25202
25516
21956
25519
21957
25205
25520
21942
21943
21944
25515
21943
21944
21960
22947
21942
21943
21961
21942
21944
22948
25517
25519
21963
22950
25521
21949
21950
21951
21952
25515
21950
21951
22954
21949
21950
21955
21949
21951
22955
25518
21957
25520
21958
22957
25521
21956
21957
21958
21956
21957
25207
21956
21958
22276
21957
21958
22277
25209
25211
22278
21963
21964
21965
21963
21965
21963
21964
21964
21965
21970
21971
21972
21994
22001
22008
21970
21971
21995
22030
21970
21972
22002
21971
21972
22009
22031
21998
22005
22000
22013
22033
22007
22014
21977
21978
21979
21994
22001
21978
21979
21977
21978
21996
21977
21979
22003
21998
22005
21999
22006
21984
21985
21986
21994
22008
21984
21985
21985
21986
21997
22038
21984
21986
22010
22039
22012
21999
22000
22013
22041
21991
21992
21993
22001
22008
21991
21992
24073
21992
21993
22004
21991
21993
22011
24075
22012
24076
22006
22007
22014
21998
21999
22000
21998
22000
22058
21998
21999
21999
22000
22059
22062
22005
22006
22007
22005
22007
22005
22006
22006
22007
22012
22013
22014
22013
22014
22065
22012
22013
22066
24088
22012
22014
24089
24090
22068
22019
22020
22021
22022
22019
22020
22020
22021
22025
22045
22019
22021
22046
22027
22028
22048
22026
22027
22028
22026
22028
22058
22026
22027
22027
22028
22060
22063
22033
22034
22035
22057
22064
22033
22034
22058
22033
22035
22065
22034
22035
22062
22068
22063
22069
22040
22041
22042
22057
22064
22040
22042
22040
22041
22059
22041
22042
22066
22061
22062
22068
22070
22047
22048
22049
22057
22047
22049
22366
22047
22048
22060
22048
22049
22368
22061
22063
22371
22054
22055
22056
22064
22055
22056
22373
24682
22054
22055
22067
24683
22054
22056
22374
22069
22070
24685
22377
22061
22062
22063
22062
22063
22061
22062
22061
22063
22068
22069
22070
22068
22069
22068
22070
24690
22069
22070
24691
24692
22075
22076
22077
22078
22075
22076
22079
22086
24066
22075
22077
22114
24067
22076
22077
22088
22116
22082
24068
22084
22090
22118
22082
22083
22084
22082
22084
22100
24080
22082
22083
24081
22083
22084
22102
24082
22105
22089
22090
22091
22099
22106
22089
22090
22100
22089
22091
22107
22121
22090
22091
22123
22104
22110
22105
22111
22125
22096
22097
22098
22099
22106
22096
22098
22156
22096
22097
22101
22097
22098
22108
22158
22103
22104
22110
22112
22161
22103
22104
22105
22104
22105
22103
22104
22103
22105
22110
22111
22112
22110
22111
22135
22110
22112
22185
22111
22112
22137
22186
22139
22188
22117
22118
22119
22117
22118
24675
22117
22119
22122
24676
22118
22119
22123
24677
22126
22124
22125
22126
22134
22141
22124
22125
22135
22124
22126
22142
22125
22126
22138
22145
22139
22146
22131
22132
22133
22134
22141
22132
22133
22205
22380
22131
22132
22136
22206
22131
22133
22143
22381
22138
22145
22140
22208
22147
22383
22138
22139
22140
22138
22139
22138
22140
22227
22139
22140
22228
22229
22145
22146
22147
22145
22146
25396
22145
22147
22388
25397
22146
22147
22389
25398
22390
22152
22153
22154
22176
22183
22190
22152
22153
22177
22152
22154
22184
22198
22153
22154
22191
22200
22180
22187
22182
22195
22189
22196
22202
22159
22160
22161
22176
22183
22160
22161
22159
22160
22178
22159
22161
22185
22180
22187
22181
22188
22166
22167
22168
22176
22190
22166
22167
22167
22168
22179
24704
22166
22168
22192
24705
22194
22181
22182
22195
24707
22173
22174
22175
22183
22190
22173
22174
22174
22175
22186
22213
22173
22175
22193
22214
22194
22188
22189
22196
22216
22180
22181
22182
22180
22182
22180
22181
22181
22182
22187
22188
22189
22187
22189
22226
22187
22188
22188
22189
22228
22231
22194
22195
22196
22195
22196
22240
24717
22194
22195
24718
22194
22196
22241
24720
22243
22201
22202
22203
22225
22232
22239
22201
22202
22226
22201
22203
22233
22202
22203
22240
22230
22236
22231
22243
22237
22244
22208
22209
22210
22225
22232
22208
22210
22436
22208
22209
22227
22209
22210
22234
22437
22229
22230
22236
22238
22440
22215
22216
22217
22225
22239
22215
22217
22215
22216
22228
22216
22217
22241
22229
22231
22243
22245
22222
22223
22224
22232
22239
22223
22224
22222
22223
22235
24732
22222
22224
22242
24733
22237
22244
24734
22238
22245
22229
22230
22231
22230
22231
22229
22230
22229
22231
22236
22237
22238
22236
22237
22236
22238
22444
22237
22238
22445
22447
22243
22244
22245
22243
22244
24738
22243
22245
22244
22245
24740
24741
22250
22251
22252
22251
22252
22250
22251
22250
22252
22257
22258
22259
22274
22281
22257
22258
22275
25403
22257
22259
22282
22289
22258
22259
22291
25405
22279
22285
22280
25407
22286
22293
22264
22265
22266
22274
22281
22264
22266
22264
22265
22276
22265
22266
22283
22278
22279
22285
22287
22271
22272
22273
22281
22272
22273
22331
23038
22271
22272
22284
22297
22332
22271
22273
22298
23039
22286
22299
22287
22335
23042
22278
22279
22280
22279
22280
25410
22278
22279
22278
22280
25412
25414
22285
22286
22287
22285
22286
22285
22287
22286
22287
22292
22293
22294
22309
22316
22292
22293
22292
22294
22310
24746
22293
22294
22317
24747
22313
22320
22314
22321
24749
22299
22300
22301
22316
22300
22301
22345
23080
22299
22300
22346
22299
22301
22318
23081
22320
22348
22322
23083
22306
22307
22308
22309
22316
22307
22308
22597
23087
22306
22307
22312
22598
22306
22308
22319
23088
22314
22321
22315
22600
22322
23090
22313
22314
22315
22313
22314
24759
22313
22315
22314
22315
24761
24763
22320
22321
22322
22320
22321
22320
22322
23102
22321
22322
23103
23104
22327
22328
22329
22337
22327
22328
22328
22329
22327
22329
22339
22341
22342
22334
22335
22336
22337
22334
22335
22335
22336
22346
22334
22336
22340
22347
22341
22343
22349
22341
22342
22343
22342
22343
22359
22341
22342
22341
22343
22360
22362
22348
22349
22350
22358
22348
22350
23122
22348
22349
22349
22350
22360
23123
22362
22364
23126
22355
22356
22357
22358
22356
22357
23129
22355
22356
22355
22357
22361
23130
22363
22364
23133
22362
22363
22364
22362
22363
22362
22364
23144
22363
22364
23145
23147
22369
22370
22371
22370
22371
22369
22370
22369
22371
22376
22377
22378
22376
22377
24108
22377
22378
22376
22378
24110
24111
22383
22384
22385
22386
22393
22383
22385
22436
22383
22384
22388
22384
22385
22395
22438
22390
22391
22397
22399
22441
22390
22391
22392
22391
22392
24773
22390
22391
24774
22390
22392
24775
22397
22398
22399
22397
22398
24780
22397
22399
22451
24782
22398
22399
22452
24784
22454
22404
22405
22406
22407
22404
22405
22415
22404
22406
22408
22405
22406
22417
22411
22419
22413
22411
22412
22413
22411
22413
25361
22411
22412
25362
22412
22413
25364
22418
22419
22420
22421
22418
22419
22418
22420
22422
22499
22419
22420
22500
22425
22426
22502
22425
22426
22427
22425
22426
22506
22425
22427
22426
22427
22507
22509
22432
22433
22434
22442
22449
22432
22433
22443
22457
22432
22434
22450
22433
22434
22459
22446
22453
22448
22461
22455
22439
22440
22441
22442
22449
22440
22441
22439
22440
22444
22439
22441
22451
22446
22453
22447
22454
22446
22447
22448
22446
22448
22485
22446
22447
22447
22448
22487
22490
22453
22454
22455
22453
22455
25361
22453
22454
25363
22454
22455
25365
22460
22461
22462
22484
22491
22460
22461
22485
22460
22462
22492
22499
22461
22462
22501
22489
22495
22490
22496
22503
22467
22468
22469
22484
22491
22467
22469
22467
22468
22486
22468
22469
22493
22488
22489
22495
22497
22474
22475
22476
22484
22474
22476
24731
22474
22475
22487
24732
22475
22476
22488
24735
22490
22481
22482
22483
22491
22482
22483
24794
22481
22482
22494
24795
22481
22483
22496
22497
24798
22488
22489
22490
22489
22490
22488
22489
22488
22490
22495
22496
22497
22495
22496
22506
22495
22497
22496
22497
22508
22510
22502
22503
22504
22505
22502
22503
22506
22502
22504
22503
22504
22509
22510
22509
22510
22511
22509
22510
22509
22511
22535
22510
22511
22536
22537
22516
22517
22518
22516
22518
22517
22518
22516
22517
22523
22524
22525
22523
22524
22523
22525
24816
22524
22525
24817
24818
22530
22531
22532
22533
22540
22530
22531
22534
22530
22532
22531
22532
22541
22538
22539
22544
22545
22537
22538
22539
22538
22539
22537
22538
22537
22539
22544
22545
22546
22544
22545
22555
24801
22544
22546
24803
22545
22546
22557
24805
22559
22551
22552
22553
22554
22552
22553
22611
22551
22552
22612
24830
22551
22553
22556
24831
22558
24832
22614
22560
22558
22559
22560
22558
22559
24843
22558
22560
24845
22559
22560
24846
22565
22566
22567
22582
22566
22567
24752
24815
22565
22566
22584
24754
22565
22567
24817
22586
22587
24756
24819
22572
22573
22574
22582
22589
22572
22573
22573
22574
22585
22598
22572
22574
22591
22599
22593
22587
22588
22594
22601
22579
22580
22581
22589
22579
22580
24829
22580
22581
22612
24830
22579
22581
22592
22613
22593
24833
22595
22615
22586
22587
22588
22586
22588
22586
22587
24760
22587
22588
24761
24764
22593
22594
22595
22594
22595
22604
22593
22594
22605
22593
22595
22607
22600
22601
22602
22603
22600
22602
23374
22600
22601
22601
22602
22605
23375
22607
22609
23378
22607
22608
22609
22607
22608
22607
22609
23396
22608
22609
23397
23399
22614
22615
22616
22614
22616
22614
22615
22615
22616
22621
22622
22623
22638
22622
22623
22695
22786
22621
22622
22696
22621
22623
22640
22787
22642
22698
22644
22789
22628
22629
22630
22629
22630
22702
22628
22629
22703
22628
22630
22705
22635
22636
22637
22638
22636
22637
22635
22636
22641
22635
22637
22643
22644
22642
22643
22644
22642
22643
22642
22644
22794
22643
22644
22795
22796
22649
22650
22651
22652
22649
22650
25571
22650
22651
22696
22649
22651
22655
22697
25572
22656
25574
22658
22699
22656
22657
22658
22657
22658
22716
22656
22657
25523
22656
22658
22717
25524
25525
22719
22663
22664
22665
22666
22663
22664
22664
22665
22703
22663
22665
22669
22704
22670
22672
22706
22670
22671
22672
22671
22672
22681
22723
22670
22671
22682
22670
22672
22724
22684
22726
22677
22678
22679
22680
22678
22679
22677
22678
22677
22679
22683
22685
22686
22684
22685
22686
22684
22685
22684
22686
22685
22686
22691
22692
22693
22708
22715
22722
22691
22692
22709
22691
22693
22716
22692
22693
22723
22713
22719
22714
22726
22720
22727
22698
22699
22700
22708
22715
22698
22700
22835
22698
22699
22710
22699
22700
22717
22836
22712
22713
22719
22721
22839
22705
22706
22707
22708
22722
22705
22707
22705
22706
22711
22706
22707
22724
22712
22714
22726
22728
22712
22713
22714
22713
22714
22712
22713
22712
22714
22719
22720
22721
22719
22720
22730
22719
22721
22843
22720
22721
22732
22844
22734
22846
22726
22727
22728
22726
22727
22726
22728
22727
22728
22733
22734
22735
22733
22734
22733
22735
22850
22734
22735
22851
22852
22740
22741
22742
22750
22757
22740
22741
22751
24878
22740
22742
22741
22742
22758
24880
22754
22756
22762
24881
22763
22747
22748
22749
22750
22757
22747
22748
22748
22749
22753
25544
22747
22749
22759
25545
22761
22755
22756
22762
25547
22754
22755
22756
22754
22756
24892
22754
22755
22755
22756
24894
24896
22761
22762
22763
22762
22763
24906
22761
22762
24907
22761
22763
24909
22768
22769
22770
22771
22768
22769
22772
22779
22768
22770
22769
22770
22781
22775
22777
22783
22775
22776
22777
22775
22777
22793
22775
22776
22776
22777
22795
22798
22782
22783
22784
22792
22799
22782
22783
22793
25579
22782
22784
22800
25580
22783
22784
22797
22803
25582
22798
22804
22789
22790
22791
22792
22799
22789
22791
22835
22789
22790
22794
25537
22790
22791
22801
22837
25538
22796
22797
22803
25540
22805
22840
22796
22797
22798
22797
22798
24864
22796
22797
24866
22796
22798
24869
22803
22804
22805
22803
22804
24871
22803
22805
24872
22804
22805
24873
22810
22811
22812
22813
22810
22811
22821
24129
22810
22812
22814
24130
22811
22812
22822
22817
24132
22824
22819
22817
22818
22819
22817
22819
22849
25522
22817
22818
25523
22818
22819
22850
25526
22853
22824
22825
22826
22827
22824
22825
24913
22824
22826
22825
22826
22828
24915
22831
24916
22832
22831
22832
22833
22831
22832
24934
22831
22833
24935
22832
22833
24938
22838
22839
22840
22841
22839
22840
22838
22839
22843
25572
22838
22840
25573
22845
25575
22846
22845
22846
22847
22845
22847
22849
25522
22845
22846
25524
22846
22847
22851
25527
22854
22852
22853
22854
22853
22854
22852
22853
22852
22854
22859
22860
22861
22876
22860
22861
25529
25543
22859
22860
25531
22859
22861
22878
25545
22880
25534
22881
25548
22866
22867
22868
22866
22867
22867
22868
22866
22868
22873
22874
22875
22876
22873
22874
24885
22874
22875
22879
24887
22873
22875
22881
24889
22882
22880
22881
22882
22880
22882
22880
22881
24907
22881
22882
24908
24911
22887
22888
22889
22888
22889
22887
22888
22887
22889
22894
22895
22896
22897
22895
22896
24598
22894
22895
22899
24600
22894
22896
22901
22902
24603
22901
22902
22903
22901
22903
22901
22902
24613
22902
22903
24614
24617
22908
22909
22910
22911
22908
22909
22909
22910
22914
22908
22910
22916
22917
22915
22916
22917
22915
22917
22915
22916
22916
22917
22922
22923
22924
22932
22939
22922
22923
22933
24941
22922
22924
22923
22924
22940
24943
22936
22938
22944
24945
22945
22929
22930
22931
22932
22930
22931
25389
22929
22930
22934
25391
22929
22931
22936
22937
25394
22936
22937
22938
22936
22938
22936
22937
22937
22938
22943
22944
22945
22944
22945
24962
22943
22944
24165
24963
22943
22945
24166
24167
24965
22950
22951
22952
22960
22950
22952
22950
22951
22962
22951
22952
22964
22965
22957
22958
22959
22960
22957
22959
23031
22957
22958
22963
22958
22959
23033
22964
22966
23036
22964
22965
22966
22965
22966
24983
22964
22965
25517
22964
22966
24985
25518
25521
24987
22971
22972
22973
22971
22972
22972
22973
22976
22971
22973
22977
22979
22978
22979
22980
22978
22980
25053
22978
22979
22979
22980
25055
25058
22985
22986
22987
22985
22986
24150
25032
22985
22987
24152
22986
22987
25034
24153
25035
22992
22993
22994
22992
22994
25186
22992
22993
24158
25187
22993
22994
24159
25188
24161
22999
23000
23001
22999
23000
25193
22999
23001
25040
25194
23000
23001
25041
25195
25042
23006
23007
23008
23009
23006
23007
23010
24151
23006
23008
24152
23007
23008
23013
24154
23015
23013
23014
23015
23013
23015
24164
23013
23014
24166
23014
23015
24168
23020
23021
23022
23020
23021
23024
25025
23020
23022
23109
25027
23021
23022
23026
23110
25028
23028
23112
23027
23028
23029
23027
23028
25550
23027
23029
25552
23028
23029
25553
23034
23035
23036
23044
23051
23035
23036
23034
23035
23046
23034
23036
23053
23048
23055
23049
23056
23041
23042
23043
23044
23041
23042
23042
23043
23047
23081
23041
23043
23082
23049
23050
23084
23048
23049
23050
23048
23050
23101
23048
23049
23049
23050
23102
23105
23055
23056
23057
23055
23057
24185
23055
23056
24186
23056
23057
24188
23062
23063
23064
23072
23062
23063
24171
23062
23064
23073
24173
23063
23064
23076
24175
23078
23069
23070
23071
23069
23070
23070
23071
23088
23069
23071
23089
23091
23076
23077
23078
23076
23078
24192
23076
23077
24193
25551
23077
23078
25552
24195
25554
23083
23084
23085
23100
23083
23085
23122
23083
23084
23102
23084
23085
23124
23104
23105
23127
23090
23091
23092
23100
23090
23092
23374
23090
23091
23103
23091
23092
23376
23104
23106
23379
23097
23098
23099
23098
23099
23136
23388
23097
23098
23137
23097
23099
23389
23140
23392
23104
23105
23106
23105
23106
23104
23105
23104
23106
23111
23112
23113
23111
23113
24192
23111
23112
24194
23112
23113
24196
23118
23119
23120
23142
23149
23156
23118
23119
23143
25095
23118
23120
23150
23119
23120
23157
25097
23146
23153
23148
23161
25098
23155
23162
23125
23126
23127
23142
23149
23126
23127
23125
23126
23144
23125
23127
23151
23146
23153
23147
23154
23132
23133
23134
23142
23156
23132
23133
23133
23134
23145
25110
23132
23134
23158
25111
23160
23147
23148
23161
25113
23139
23140
23141
23149
23156
23139
23140
23140
23141
23152
23139
23141
23159
23160
23154
23155
23162
23146
23147
23148
23146
23148
25116
23146
23147
23147
23148
25118
25120
23153
23154
23155
23153
23155
23153
23154
23154
23155
23160
23161
23162
23161
23162
25123
23160
23161
25124
23160
23162
25126
23167
23168
23169
23170
23168
23169
23311
23493
23167
23168
23172
23312
23167
23169
23494
23174
23176
23314
23496
23174
23175
23176
23174
23175
23174
23176
23319
23175
23176
23320
23321
23181
23182
23183
23184
23191
23198
23181
23182
23185
23241
23181
23183
23192
23297
23182
23183
23199
23242
23298
23188
23195
23190
23203
23244
23197
23204
23300
23188
23189
23190
23188
23190
23262
23188
23189
23189
23190
23263
23266
23195
23196
23197
23195
23197
23195
23196
23196
23197
23202
23203
23204
23203
23204
23269
23202
23203
23270
23202
23204
23272
23209
23210
23211
23226
23233
23209
23210
23227
23241
23209
23211
23304
23210
23211
23234
23243
23305
23230
23232
23238
23245
23239
23307
23216
23217
23218
23226
23217
23218
25102
23216
23217
23228
23216
23218
25104
23230
23231
25106
23223
23224
23225
23226
23233
23223
23224
23224
23225
23229
23249
23223
23225
23235
23250
23237
23231
23232
23238
23252
23230
23231
23232
23230
23232
23262
23230
23231
23231
23232
23264
23267
23237
23238
23239
23238
23239
23276
23325
23237
23238
23277
23237
23239
23326
23279
23328
23244
23245
23246
23261
23268
23275
23244
23245
23262
23244
23246
23269
23332
23245
23246
23276
23333
23266
23272
23267
23279
23273
23280
23335
23251
23252
23253
23261
23275
23251
23253
23507
23251
23252
23264
23252
23253
23277
23509
23265
23267
23279
23281
23512
23258
23259
23260
23268
23275
23259
23260
23346
23514
23258
23259
23271
23347
23258
23260
23278
23515
23273
23280
23274
23350
23281
23518
23265
23266
23267
23266
23267
23265
23266
23265
23267
23272
23273
23274
23272
23273
23272
23274
23354
23273
23274
23355
23357
23279
23280
23281
23279
23280
23339
23279
23281
23529
23280
23281
23340
23530
23342
23532
23286
23287
23288
23289
23286
23287
23297
23286
23288
23290
23304
23287
23288
23299
23306
23293
23301
23295
23308
23293
23294
23295
23293
23295
23318
23293
23294
23294
23295
23320
23323
23300
23301
23302
23300
23301
23300
23302
23332
23301
23302
23334
23336
23307
23308
23309
23317
23324
23307
23308
23318
23307
23309
23325
23333
23308
23309
23334
23322
23328
23323
23329
23337
23314
23315
23316
23317
23324
23314
23316
23605
23314
23315
23319
23315
23316
23326
23606
23321
23322
23328
23330
23609
23321
23322
23323
23322
23323
23321
23322
23321
23323
23328
23329
23330
23328
23329
23339
23328
23330
23613
23329
23330
23341
23614
23343
23616
23335
23336
23337
23338
23335
23336
23335
23337
23339
23336
23337
23342
23343
23342
23343
23344
23342
23343
23342
23344
23343
23344
23349
23350
23351
23352
23359
23349
23350
23350
23351
23355
23349
23351
23362
23363
23357
23358
23365
23356
23357
23358
23356
23358
23356
23357
23357
23358
23363
23364
23365
23364
23365
23367
23363
23364
23368
23363
23365
23370
23370
23371
23372
23370
23371
23370
23372
23641
23371
23372
23642
23644
23377
23378
23379
23394
23378
23379
23377
23378
23396
23377
23379
23398
23399
23384
23385
23386
23394
23384
23385
23385
23386
23397
23403
23384
23386
23404
23399
23400
23406
23391
23392
23393
23391
23392
23392
23393
23391
23393
23398
23399
23400
23398
23400
23409
23398
23399
23399
23400
23410
23413
23405
23406
23407
23408
23405
23407
23423
23405
23406
23410
23406
23407
23425
23412
23413
23428
23412
23413
23414
23413
23414
23412
23413
23412
23414
23419
23420
23421
23429
23436
23443
23419
23420
23430
23451
23419
23421
23437
23420
23421
23444
23453
23433
23440
23435
23448
23455
23442
23449
23426
23427
23428
23429
23436
23427
23428
23426
23427
23431
23426
23428
23438
23433
23440
23434
23441
23433
23434
23435
23433
23435
23472
23433
23434
23434
23435
23474
23477
23440
23441
23442
23440
23442
23440
23441
23441
23442
23447
23448
23449
23448
23449
23486
23447
23448
23487
23447
23449
23489
23454
23455
23456
23471
23478
23485
23454
23455
23472
25130
23454
23456
23479
25132
23455
23456
23486
23476
23482
25134
23477
23489
23483
23490
23461
23462
23463
23471
23478
23461
23463
23549
23461
23462
23473
25145
23462
23463
23480
23551
25146
23475
23476
23482
25149
23484
23554
23468
23469
23470
23478
23485
23469
23470
23556
23780
23468
23469
23481
23557
23468
23470
23488
23781
23483
23490
23484
23560
23491
23784
23475
23476
23477
23476
23477
25158
23475
23476
25160
23475
23477
25163
23482
23483
23484
23482
23483
25172
23482
23484
23564
25173
23483
23484
23565
25176
23567
23489
23490
23491
23489
23490
23489
23491
23788
23490
23491
23789
23791
23496
23497
23498
23496
23498
23605
23496
23497
25152
23497
23498
23607
25153
25155
23610
23503
23504
23505
23520
23527
23534
23503
23504
23521
23577
23503
23505
23528
23504
23505
23535
23578
23524
23531
23526
23539
23580
23533
23540
23510
23511
23512
23520
23527
23511
23512
23510
23511
23522
23510
23512
23529
23524
23531
23525
23532
23517
23518
23519
23527
23534
23517
23518
23518
23519
23530
23517
23519
23537
23538
23532
23533
23540
23524
23525
23526
23524
23526
23524
23525
23525
23526
23531
23532
23533
23531
23533
23531
23532
23532
23533
23538
23539
23540
23539
23540
23591
23538
23539
23592
23538
23540
23594
23545
23546
23547
23562
23569
23545
23546
23577
23545
23547
23563
23546
23547
23570
23579
23566
23574
23581
23568
23575
23552
23553
23554
23562
23553
23554
23552
23553
23552
23554
23564
23566
23567
23559
23560
23561
23562
23569
23559
23560
23560
23561
23565
23559
23561
23572
23573
23567
23568
23575
23566
23567
23568
23566
23568
23566
23567
23567
23568
23573
23574
23575
23574
23575
23598
23573
23574
23599
23573
23575
23601
23580
23581
23582
23590
23597
23580
23581
23580
23582
23591
23581
23582
23598
23594
23601
23595
23602
23587
23588
23589
23590
23597
23588
23589
23654
23587
23588
23593
23620
23655
23587
23589
23600
23621
23595
23602
23622
23596
23658
23603
23594
23595
23596
23594
23595
23594
23596
23662
23595
23596
23663
23665
23601
23602
23603
23601
23602
23626
23601
23603
23602
23603
23627
23629
23608
23609
23610
23611
23609
23610
23608
23609
23613
23608
23610
23615
23616
23615
23616
23617
23615
23617
23615
23616
23616
23617
23622
23623
23624
23625
23623
23624
23710
23801
23622
23623
23711
23622
23624
23627
23802
23629
23713
23631
23804
23629
23630
23631
23629
23630
23629
23631
23809
23630
23631
23810
23811
23636
23637
23638
23639
23636
23637
23675
23636
23638
23640
23637
23638
23676
23643
23678
23645
23643
23644
23645
23643
23645
23643
23644
23644
23645
23650
23651
23652
23660
23667
23650
23651
23675
23650
23652
23661
23703
23651
23652
23668
23677
23704
23664
23672
23679
23666
23673
23706
23657
23658
23659
23660
23667
23657
23658
23658
23659
23663
23711
23657
23659
23670
23712
23671
23665
23666
23673
23714
23664
23665
23666
23664
23666
23717
23664
23665
23665
23666
23718
23721
23671
23672
23673
23672
23673
23696
23724
23671
23672
23697
23671
23673
23725
23699
23727
23678
23679
23680
23688
23695
23678
23679
23678
23680
23689
23731
23679
23680
23696
23732
23692
23699
23693
23700
23734
23685
23686
23687
23688
23695
23686
23687
23829
23685
23686
23691
23739
23685
23687
23698
23740
23830
23693
23700
23741
23694
23701
23833
23692
23693
23694
23692
23693
23745
23692
23694
23693
23694
23746
23748
23699
23700
23701
23699
23700
23752
23699
23701
23837
23700
23701
23753
23838
23755
23840
23706
23707
23708
23716
23723
23706
23707
23717
23706
23708
23724
23732
23707
23708
23733
23721
23727
23722
23728
23736
23713
23714
23715
23716
23723
23713
23715
23850
23713
23714
23718
23714
23715
23725
23851
23720
23721
23727
23729
23854
23720
23721
23722
23721
23722
23720
23721
23720
23722
23727
23728
23729
23727
23728
23752
23727
23729
23858
23728
23729
23754
23859
23756
23861
23734
23735
23736
23744
23751
23734
23735
23745
23734
23736
23752
23735
23736
23748
23755
23749
23756
23741
23742
23743
23744
23751
23742
23743
23759
23878
23741
23742
23746
23760
23741
23743
23753
23879
23748
23755
23750
23762
23757
23881
23748
23749
23750
23748
23749
23748
23750
23767
23749
23750
23768
23769
23755
23756
23757
23755
23756
23755
23757
23886
23756
23757
23887
23888
23762
23763
23764
23765
23772
23762
23764
23962
23762
23763
23767
23763
23764
23774
23963
23769
23770
23776
23778
23966
23769
23770
23771
23770
23771
23769
23770
23769
23771
23776
23777
23778
23776
23777
23776
23778
23970
23777
23778
23971
23973
23783
23784
23785
23786
23783
23784
23784
23785
23789
23783
23785
23791
23792
23790
23791
23792
23790
23792
23790
23791
23791
23792
23797
23798
23799
23807
23814
23797
23798
23808
23797
23799
23815
23798
23799
23812
23818
23813
23819
23804
23805
23806
23807
23814
23804
23806
23850
23804
23805
23809
23805
23806
23816
23852
23811
23812
23818
23820
23855
23811
23812
23813
23812
23813
23811
23812
23811
23813
23818
23819
23820
23818
23819
23822
23818
23820
23865
23819
23820
23824
23866
23826
23868
23825
23826
23827
23825
23826
23825
23827
23907
23826
23827
23908
23909
23832
23833
23834
23835
23832
23833
23833
23834
23838
23879
23832
23834
23880
23840
23841
23882
23839
23840
23841
23839
23841
23885
23839
23840
23840
23841
23886
23889
23846
23847
23848
23856
23863
23846
23847
23857
23871
23846
23848
23864
23899
23847
23848
23873
23901
23860
23867
23862
23875
23869
23903
23853
23854
23855
23856
23863
23854
23855
23853
23854
23858
23853
23855
23865
23860
23867
23861
23868
23860
23861
23862
23860
23862
23885
23860
23861
23861
23862
23887
23890
23867
23868
23869
23867
23869
23906
23867
23868
23868
23869
23908
23911
23874
23875
23876
23884
23891
23874
23875
23885
23874
23876
23892
23913
23875
23876
23915
23889
23895
23890
23896
23917
23881
23882
23883
23884
23891
23881
23883
23962
23881
23882
23886
23882
23883
23893
23964
23888
23889
23895
23897
23967
23888
23889
23890
23889
23890
23888
23889
23888
23890
23895
23896
23897
23895
23896
23920
23895
23897
23977
23896
23897
23922
23978
23924
23980
23902
23903
23904
23905
23902
23903
23906
23902
23904
23914
23903
23904
23915
23910
23911
23918
23909
23910
23911
23910
23911
23909
23910
23909
23911
23916
23917
23918
23919
23916
23917
23920
23916
23918
23917
23918
23923
23924
23923
23924
23925
23923
23924
23923
23925
23924
23925
23930
23931
23932
23933
23930
23931
23941
23930
23932
23931
23932
23934
23943
23938
23945
23939
23937
23938
23939
23938
23939
23937
23938
23937
23939
23944
23945
23946
23947
23944
23945
23944
23946
23948
23945
23946
23951
23952
23951
23952
23953
23951
23952
23951
23953
23952
23953
23958
23959
23960
23968
23975
23958
23959
23969
23958
23960
23976
23959
23960
23972
23979
23974
23981
23965
23966
23967
23968
23975
23966
23967
23965
23966
23970
23965
23967
23977
23972
23979
23973
23980
23972
23973
23974
23972
23974
23972
23973
23973
23974
23979
23980
23981
23979
23981
23979
23980
23980
23981
23985
23986
23985
23987
23990
23986
23987
23988
23992
23988
23988
23993
23995
23993
23994
23992
23993
23992
23994
23995
23995
23995
23999
24002
24017
24479
23999
24000
24000
24002
24480
24001
24021
24001
24002
24022
24023
24485
24006
24007
24006
24008
24018
24007
24008
24009
24020
24009
24009
24021
24022
24013
24016
24013
24014
24014
24016
24015
24015
24016
24021
24023
24020
24021
24020
24023
24022
24022
24023
24027
24028
24027
24029
24031
24028
24029
24030
24034
24030
24030
24035
24036
24034
24035
24034
24037
24487
24035
24037
24488
24036
24036
24037
24492
24041
24042
24041
24043
24042
24043
24060
24044
24044
24062
24044
24063
24065
24048
24049
24048
24051
24049
24051
24050
24050
24051
24055
24056
24055
24057
24061
24056
24057
24058
24062
24058
24058
24064
24065
24063
24064
24062
24063
24062
24064
24065
24065
24065
24068
24071
24080
24068
24072
24087
24675
24069
24082
24091
24071
24072
24083
24092
24071
24072
24679
24086
24093
24680
24076
24079
24654
24077
24079
24081
24656
24076
24077
24089
24078
24090
24078
24082
24091
24079
24083
24092
24085
24660
24082
24086
24082
24085
24669
24083
24085
24086
24085
24086
24672
24673
24091
24093
24689
24090
24093
24690
24090
24091
24092
24092
24093
24695
24097
24100
24766
24098
24100
24115
24767
24097
24098
24122
24099
24126
24099
24117
24127
24100
24118
24128
24121
24772
24104
24105
24104
24106
24105
24106
24123
24107
24107
24125
24107
24126
24128
24111
24114
24682
24112
24114
24116
24684
24111
24112
24124
24113
24125
24113
24117
24127
24114
24118
24128
24120
24688
24117
24121
24773
24117
24120
24697
24118
24120
24121
24120
24121
24700
24777
24701
24778
24126
24127
24125
24126
24125
24127
24128
24128
24128
24132
24135
24913
24132
24133
25522
24133
24135
24143
24914
24134
25526
24134
24145
25527
24135
24146
25528
24149
24919
24139
24140
24139
24141
24140
24141
25523
24142
24142
25525
24142
25526
25528
24145
24149
24927
24145
24148
24872
25573
24146
25575
24148
24149
25576
24148
24149
24875
24931
24876
25577
24932
24153
24156
25004
24154
24156
24164
25005
24153
24154
24155
24155
24168
24156
24169
24170
25009
24160
24163
25417
24161
24163
25418
24160
24161
24162
24162
24163
25420
24168
24170
25018
24167
24170
25019
24167
24168
24169
24169
24170
25023
24174
24175
24174
24176
24185
24175
24176
24192
24177
24188
24177
24195
24177
24189
24196
24190
24197
24180
24183
24187
24977
24180
24184
24194
25012
24181
24189
24196
24183
24184
24190
24197
24183
24184
24980
25015
24191
24981
24198
25016
24188
24189
24188
24191
24998
24189
24191
24999
24190
24190
24191
25003
24195
24196
24195
24198
25026
24196
24198
25027
24197
24197
24198
25030
24202
24203
24213
24202
24204
24220
24203
24204
24205
24216
24223
24205
24217
24205
24224
24218
24225
24208
24211
24214
24234
24208
24212
24221
24269
24209
24216
24223
24211
24212
24218
24225
24211
24212
24238
24273
24219
24239
24226
24274
24216
24217
24216
24219
24249
24217
24219
24250
24218
24218
24219
24254
24223
24224
24223
24226
24284
24224
24226
24285
24225
24225
24226
24289
24230
24231
24248
24230
24232
24255
24231
24232
24233
24251
24258
24233
24252
24233
24259
24253
24260
24236
24239
24249
24236
24240
24256
24304
24237
24251
24258
24239
24240
24253
24260
24239
24240
24308
24254
24261
24309
24245
24247
24311
24244
24247
24257
24312
24244
24245
24246
24259
24246
24247
24260
24261
24317
24251
24252
24251
24254
24252
24254
24253
24253
24254
24258
24259
24258
24261
24326
24259
24261
24327
24260
24260
24261
24331
24265
24266
24283
24265
24267
24290
24266
24267
24268
24286
24293
24268
24287
24268
24294
24288
24295
24271
24274
24284
24271
24275
24291
24305
24272
24286
24293
24274
24275
24288
24295
24274
24275
24308
24289
24296
24310
24280
24282
24318
24279
24282
24292
24319
24279
24280
24281
24294
24281
24282
24295
24296
24324
24286
24287
24286
24289
24287
24289
24288
24288
24289
24293
24294
24293
24296
24333
24294
24296
24334
24295
24295
24296
24338
24300
24301
24325
24300
24302
24332
24301
24302
24303
24328
24335
24303
24329
24303
24336
24330
24337
24306
24309
24326
24306
24310
24333
24307
24328
24335
24309
24310
24330
24337
24309
24310
24331
24338
24314
24317
24315
24317
24327
24314
24315
24316
24316
24329
24317
24330
24331
24321
24324
24322
24324
24334
24321
24322
24323
24323
24336
24324
24337
24338
24328
24329
24328
24331
24329
24331
24330
24330
24331
24335
24336
24335
24338
24336
24338
24337
24337
24338
24342
24343
24353
24342
24344
24360
24343
24344
24367
24345
24356
24363
24345
24357
24370
24345
24364
24371
24358
24365
24373
24350
24352
24374
24349
24352
24355
24375
24349
24350
24368
24351
24357
24370
24351
24372
24352
24358
24373
24359
24380
24356
24357
24356
24359
24357
24359
24358
24358
24359
24363
24364
24363
24366
24364
24366
24365
24365
24366
24370
24371
24370
24372
24371
24372
24373
24373
24373
24378
24380
24377
24380
24377
24378
24382
24379
24384
24379
24385
24380
24386
24384
24387
24395
24384
24385
24385
24387
24397
24386
24386
24387
24401
24392
24393
24391
24392
24391
24393
24396
24394
24398
24394
24394
24399
24400
24398
24401
24398
24399
24399
24401
24400
24400
24401
24405
24406
24409
24405
24407
24416
24406
24407
24408
24412
24419
24408
24413
24408
24420
24414
24421
24412
24413
24412
24415
24413
24415
24414
24414
24415
24419
24420
24419
24422
24501
24420
24422
24502
24421
24421
24422
24506
24427
24428
24426
24427
24431
24426
24428
24438
24429
24433
24440
24429
24434
24429
24441
24435
24442
24433
24436
24433
24434
24434
24436
24435
24435
24436
24440
24443
24440
24441
24441
24443
24442
24442
24443
24448
24449
24447
24448
24459
24447
24449
24450
24461
24450
24462
24450
24463
24453
24456
24453
24457
24460
24454
24462
24456
24457
24463
24456
24457
24464
24461
24464
24461
24462
24462
24464
24463
24463
24464
24469
24470
24468
24469
24473
24468
24470
24471
24475
24471
24476
24471
24477
24475
24478
24475
24476
24476
24478
24477
24477
24478
24482
24485
24483
24485
24482
24483
24486
24484
24489
24484
24490
24485
24491
24489
24490
24489
24492
24490
24492
24491
24491
24492
24496
24497
24500
24496
24498
24497
24498
24499
24503
24499
24504
24499
24505
24503
24504
24503
24506
24504
24506
24505
24505
24506
24511
24512
24510
24511
24522
24510
24512
24513
24524
24513
24525
24513
24526
24516
24519
24516
24520
24523
24529
24517
24525
24519
24520
24526
24519
24520
24532
24527
24533
24524
24527
24542
24524
24525
24525
24527
24543
24526
24526
24527
24548
24530
24534
24530
24533
24543
24531
24545
24533
24534
24547
24533
24534
24548
24538
24540
24538
24539
24544
24539
24540
24541
24545
24541
24546
24541
24547
24546
24548
24545
24548
24545
24546
24547
24547
24548
24552
24553
24552
24554
24553
24554
24555
24555
24555
24559
24561
24559
24560
24560
24561
24562
24562
24562
24566
24567
24577
24566
24568
24567
24568
24584
24569
24581
24569
24582
24587
24569
24588
24583
24590
24573
24575
24573
24574
24578
24574
24575
24576
24580
24576
24581
24576
24583
24581
24582
24580
24581
24580
24582
25530
24583
25532
24583
24583
25533
25535
24587
24588
24587
24589
25531
24588
24589
24590
25533
24590
24590
25534
25535
24594
24595
24594
24597
24595
24597
24596
24596
24597
24601
24603
24601
24602
24602
24603
24613
24604
24604
24615
24604
24617
24618
24609
24610
24608
24609
24608
24610
24614
24611
24616
24611
24611
24617
24618
24615
24616
24615
24617
24616
24617
24618
24618
24618
24622
24625
25375
24622
24623
24633
24623
24625
24640
25376
24624
24636
24624
24638
24642
24625
24639
24643
24646
25379
24629
24632
25347
24629
24630
24635
24630
24632
24641
25349
24631
24637
24631
24638
24642
24632
24639
24643
24645
25352
24636
24638
24636
24637
24637
24638
24639
24639
24639
24642
24646
24642
24645
24643
24645
24646
24645
24646
24650
24653
25375
24650
24651
24661
24651
24653
24668
25377
24652
24664
24652
24666
24670
24653
24667
24671
24674
25380
24657
24660
24657
24658
24663
24658
24660
24669
24659
24665
24659
24666
24670
24660
24667
24671
24673
24664
24666
24664
24665
24665
24666
24667
24667
24667
24670
24674
25382
24670
24673
24671
24673
24674
24673
24674
25385
25386
24677
24680
24689
24677
24681
24696
24678
24693
24698
24680
24681
24694
24699
24680
24681
24695
24702
24685
24688
24685
24686
24691
24686
24688
24697
24687
24692
24687
24693
24698
24688
24694
24699
24701
24693
24695
24692
24695
24692
24693
24694
24694
24695
24698
24702
25396
24698
24701
24699
24701
24702
24701
24702
25399
25400
24706
24708
24706
24707
24707
24708
24718
24709
24709
24720
24709
24721
24722
24712
24716
25417
24712
24715
24719
24725
24713
24721
24715
24716
24722
24715
24716
24728
25419
24723
24729
25421
24720
24723
24738
24720
24721
24721
24723
24739
24722
24722
24723
24744
24726
24730
25186
24726
24729
24739
24727
24742
24729
24730
24743
24729
24730
25190
24744
25191
24735
24736
24734
24735
24734
24736
24740
24737
24741
24737
24737
24742
24743
24741
24744
24742
24744
24741
24742
24743
24743
24744
24748
24751
25404
24748
24749
24759
24749
24751
25405
24750
24762
24750
24763
24751
24765
25408
24756
24758
24755
24758
24755
24756
24760
24757
24762
24757
24764
24758
24765
24762
24763
24762
24764
24763
24764
24765
24765
24765
24769
24772
24770
24772
24773
24769
24770
24780
24771
24783
24771
24775
24784
24772
24776
24785
24778
24775
24778
24775
24779
25397
24776
24778
24779
24778
24779
25399
25401
24783
24784
24783
24786
25362
24784
24786
25363
24785
24785
24786
25366
24789
24793
25193
24789
24792
24802
24823
24790
24804
24792
24793
24806
24792
24793
24826
25197
24807
24827
25198
24797
24798
24798
24799
24797
24799
24803
24800
24804
24800
24800
24805
24806
24805
24807
24843
24804
24807
24844
24804
24805
24806
24806
24807
24849
24811
24814
24811
24812
24836
24812
24814
24843
24813
24839
24813
24840
24846
24814
24842
24848
24849
24819
24821
24818
24821
24818
24819
24837
24820
24839
24820
24841
24821
24842
24824
24828
24824
24827
24844
24825
24847
24827
24828
24848
24827
24828
24849
24833
24834
24832
24833
24838
24832
24834
24845
24835
24840
24846
24835
24841
24835
24847
24842
24848
24839
24840
24839
24841
24840
24841
24842
24842
24842
24846
24849
24847
24849
24846
24847
24848
24848
24849
24852
24855
24852
24856
24859
24853
24861
24855
24856
24862
24874
24855
24856
24875
24876
24863
24877
24860
24863
24892
25578
24860
24861
24861
24863
24893
24862
25581
24862
24863
25583
24898
25584
24867
24869
25579
24867
24868
24868
24869
25537
24870
25581
24870
25539
24870
25540
25582
25541
25583
24873
24877
24899
25580
24873
24876
25538
24874
25540
25582
24876
24877
25541
25583
24876
24877
24903
25542
24904
25584
24881
24884
24892
25578
24882
24884
24899
25580
24881
24882
24906
24883
24896
24909
24883
24901
24910
24884
24897
24902
24912
24898
24904
25584
24889
24891
24920
24888
24891
24900
24921
24888
24889
24908
24890
24901
24910
24890
24911
24891
24902
24912
24905
24926
24896
24898
24895
24898
24895
24896
25544
24897
25546
24897
25547
24898
25549
24901
24904
24901
24905
24928
24902
24904
24905
24904
24905
24931
24933
24909
24910
24909
24911
25545
24910
24911
24912
25547
24912
24912
25548
25549
24916
24919
24917
24919
24927
24916
24917
24934
24918
24938
24918
24929
24939
24919
24930
24940
24932
24923
24926
24924
24926
24928
24923
24924
24936
24925
24937
24925
24929
24939
24926
24930
24940
24933
24929
24932
24929
24933
24930
24932
24933
24932
24933
24938
24939
24937
24938
24937
24939
24940
24940
24940
24944
24945
24944
24946
24955
24945
24946
24962
24947
24958
24947
24965
24947
24959
24966
24960
24967
24950
24953
24957
24976
24950
24954
24964
25011
24951
24959
24966
24953
24954
24960
24967
24953
24954
24980
25015
24961
24982
24968
25017
24958
24959
24958
24961
24991
24959
24961
24992
24960
24960
24961
24996
24965
24966
24965
24968
25019
24966
24968
25020
24967
24967
24968
25024
24972
24973
24983
24972
24974
24990
24973
24974
24997
24975
24986
24993
24975
24987
25000
24975
24994
25001
24988
24995
25002
24978
24982
24992
24978
24981
24999
24979
24994
25001
24981
24982
24995
25002
24981
24982
25003
24996
24986
24987
24986
24989
24987
24989
24988
24988
24989
24993
24994
24993
24996
24994
24996
24995
24995
24996
25000
25001
25000
25003
25001
25003
25002
25002
25003
25009
25010
25032
25007
25009
25018
25007
25010
25025
25033
25008
25021
25028
25009
25010
25022
25029
25023
25031
25038
25013
25017
25020
25013
25016
25027
25014
25021
25028
25016
25017
25022
25029
25016
25017
25030
25024
25021
25023
25023
25024
25021
25024
25022
25023
25024
25028
25031
25550
25030
25031
25551
25028
25030
25029
25030
25031
25556
25035
25038
25036
25038
25550
25035
25036
25037
25037
25553
25038
25555
25556
25043
25045
25042
25045
25042
25043
25044
25044
25045
25049
25052
25074
25095
25049
25050
25081
25050
25052
25088
25096
25051
25077
25084
25051
25086
25092
25052
25079
25087
25093
25080
25094
25101
25057
25058
25056
25057
25075
25056
25058
25082
25059
25077
25084
25059
25078
25059
25085
25079
25087
25063
25064
25064
25066
25076
25103
25063
25066
25089
25104
25065
25091
25065
25078
25066
25079
25093
25080
25094
25108
25070
25071
25071
25072
25083
25070
25072
25090
25073
25091
25073
25085
25073
25086
25092
25087
25093
25077
25080
25116
25077
25078
25078
25080
25117
25079
25079
25080
25122
25084
25086
25084
25085
25085
25086
25087
25087
25087
25092
25094
25091
25094
25091
25092
25093
25093
25094
25098
25101
25116
25099
25101
25098
25099
25123
25100
25120
25126
25100
25127
25101
25121
25128
25122
25105
25106
25105
25108
25117
25106
25108
25107
25119
25107
25108
25121
25122
25112
25115
25137
25112
25113
25118
25113
25115
25124
25139
25114
25119
25114
25120
25126
25115
25121
25128
25129
25143
25120
25122
25119
25122
25119
25120
25121
25121
25122
25126
25127
25126
25129
25166
25127
25129
25167
25128
25128
25129
25171
25133
25134
25158
25133
25135
25165
25134
25135
25172
25136
25161
25168
25136
25163
25176
25136
25169
25177
25164
25170
25178
25141
25143
25140
25141
25159
25140
25143
25166
25142
25161
25168
25142
25162
25143
25164
25170
25171
25147
25148
25148
25149
25160
25147
25149
25173
25150
25175
25150
25162
25150
25163
25176
25164
25178
25154
25157
25155
25157
25167
25154
25155
25174
25156
25175
25156
25169
25177
25157
25170
25178
25171
25161
25163
25161
25162
25162
25163
25164
25164
25164
25168
25169
25168
25171
25169
25171
25170
25170
25171
25176
25177
25175
25176
25175
25177
25178
25178
25178
25182
25183
25182
25185
25183
25185
25184
25184
25185
25188
25191
25188
25192
25418
25189
25191
25192
25191
25192
25419
25422
25195
25198
25195
25199
25196
25198
25199
25198
25199
25203
25204
25203
25205
25207
25204
25205
25206
25210
25206
25206
25211
25212
25210
25211
25210
25213
25411
25211
25213
25412
25212
25212
25213
25415
25217
25218
25217
25219
25218
25219
25220
25220
25220
25225
25226
25227
25270
25277
25225
25226
25271
25225
25227
25278
25226
25227
25274
25281
25275
25282
25231
25232
25426
25231
25233
25293
25333
25232
25233
25294
25427
25234
25336
25234
25430
25234
25297
25337
25339
25239
25240
25241
25249
25239
25240
25239
25241
25240
25241
25251
25253
25255
25246
25247
25248
25249
25246
25247
25319
25246
25248
25247
25248
25252
25320
25254
25322
25255
25253
25254
25255
25253
25254
25445
25253
25255
25446
25254
25255
25448
25260
25261
25262
25263
25260
25261
25319
25260
25262
25261
25262
25265
25321
25267
25323
25269
25267
25268
25269
25267
25268
25326
25267
25269
25327
25268
25269
25329
25274
25275
25276
25274
25275
25306
25274
25276
25275
25276
25307
25310
25281
25282
25283
25281
25282
25281
25283
25282
25283
25288
25289
25290
25288
25289
25340
25288
25290
25289
25290
25341
25343
25295
25296
25297
25298
25295
25296
25295
25297
25299
25296
25297
25302
25303
25302
25303
25304
25302
25303
25333
25302
25304
25303
25304
25335
25337
25308
25309
25308
25310
25309
25310
25311
25311
25311
25316
25317
25315
25316
25315
25317
25318
25318
25318
25322
25323
25322
25324
25323
25324
25327
25325
25325
25329
25325
25331
25332
25329
25330
25329
25331
25330
25331
25332
25332
25332
25336
25337
25336
25338
25337
25338
25339
25339
25339
25343
25344
25343
25345
25344
25345
25346
25346
25346
25350
25352
25350
25351
25356
25351
25352
25353
25357
25353
25358
25353
25359
25358
25360
25357
25360
25357
25358
25359
25359
25360
25364
25365
25364
25366
25365
25366
25367
25367
25367
25371
25373
25371
25372
25372
25373
25374
25374
25374
25379
25380
25378
25379
25378
25380
25382
25381
25384
25381
25381
25386
25387
25384
25386
25384
25388
25387
25386
25388
25387
25388
25392
25394
25392
25393
25393
25394
25395
25395
25395
25398
25400
25398
25401
25402
25400
25401
25402
25402
25406
25407
25410
25406
25408
25407
25408
25409
25413
25409
25414
25409
25416
25413
25414
25413
25415
25414
25415
25416
25416
25416
25420
25421
25420
25422
25421
25422
25423
25423
25423
25428
25429
25430
25428
25429
25446
25428
25430
25447
25429
25430
25450
25435
25436
25437
25436
25437
25435
25436
25435
25437
25442
25443
25444
25557
25442
25443
25442
25444
25558
25443
25444
25562
25563
25448
25449
25448
25450
25449
25450
25451
25451
25451
25456
25457
25458
25456
25457
25460
25456
25458
25457
25458
25461
25463
25463
25464
25465
25463
25464
25463
25465
25464
25465
25470
25471
25472
25470
25471
25470
25472
25471
25472
25477
25478
25479
25477
25479
25558
25477
25478
25560
25478
25479
25563
25484
25485
25486
25484
25485
25484
25486
25485
25486
25491
25492
25493
25492
25493
25491
25492
25491
25493
25498
25499
25500
25498
25499
25498
25500
25499
25500
25505
25506
25507
25506
25507
25505
25506
25505
25507
25512
25513
25514
25512
25514
25512
25513
25513
25514
25519
25520
25521
25519
25520
25519
25521
25520
25521
25526
25527
25525
25526
25525
25527
25572
25528
25574
25528
25528
25575
25576
25532
25534
25532
25533
25533
25534
25535
25535
25535
25539
25542
25571
25539
25540
25540
25542
25573
25541
25541
25542
25577
25546
25548
25546
25547
25547
25548
25549
25549
25549
25553
25556
25554
25556
25553
25554
25555
25555
25556
25561
25562
25563
25562
25563
25561
25562
25561
25563
25568
25569
25570
25568
25569
25569
25570
25568
25570
25574
25577
25574
25575
25575
25577
25576
25576
25577
25581
25584
25581
25582
25582
25584
25583
25583
25584
)


// ************************************************************************* //
