solid wallsRef2
 facet normal -3.897924e-07  1.000000e+00  0.000000e+00
   outer loop
     vertex -2.500000e-03 -4.210000e-01  1.000000e-02
     vertex -2.500000e-03 -4.210000e-01  9.500000e-03
     vertex -2.968750e-03 -4.210000e-01  1.000000e-02
   endloop
 endfacet
 facet normal -4.234885e-07  1.000000e+00  0.000000e+00
   outer loop
     vertex -2.500000e-03 -4.210000e-01  9.500000e-03
     vertex -2.500000e-03 -4.210000e-01  9.000000e-03
     vertex -2.931452e-03 -4.210000e-01  9.314975e-03
   endloop
 endfacet
 facet normal -3.939581e-07  1.000000e+00  0.000000e+00
   outer loop
     vertex -2.500000e-03 -4.210000e-01  8.500000e-03
     vertex -2.500000e-03 -4.210000e-01  8.000000e-03
     vertex -2.963793e-03 -4.210000e-01  8.247161e-03
   endloop
 endfacet
 facet normal -3.836065e-07  1.000000e+00  0.000000e+00
   outer loop
     vertex -2.500000e-03 -4.210000e-01  7.500000e-03
     vertex -2.500000e-03 -4.210000e-01  7.000000e-03
     vertex -2.976309e-03 -4.210000e-01  7.247651e-03
   endloop
 endfacet
 facet normal -3.892503e-07  1.000000e+00  0.000000e+00
   outer loop
     vertex -2.500000e-03 -4.210000e-01  6.500000e-03
     vertex -2.500000e-03 -4.210000e-01  6.000000e-03
     vertex -2.969403e-03 -4.210000e-01  6.237272e-03
   endloop
 endfacet
 facet normal -3.968778e-07  1.000000e+00  0.000000e+00
   outer loop
     vertex -2.500000e-03 -4.210000e-01  5.500000e-03
     vertex -2.500000e-03 -4.210000e-01  5.000000e-03
     vertex -2.960381e-03 -4.210000e-01  5.244273e-03
   endloop
 endfacet
 facet normal -3.851561e-07  1.000000e+00  0.000000e+00
   outer loop
     vertex -2.500000e-03 -4.210000e-01  4.500000e-03
     vertex -2.500000e-03 -4.210000e-01  4.000000e-03
     vertex -2.974392e-03 -4.210000e-01  4.253953e-03
   endloop
 endfacet
 facet normal -3.902056e-07  1.000000e+00  0.000000e+00
   outer loop
     vertex -2.500000e-03 -4.210000e-01  3.500000e-03
     vertex -2.500000e-03 -4.210000e-01  3.000000e-03
     vertex -2.968254e-03 -4.210000e-01  3.235181e-03
   endloop
 endfacet
 facet normal -3.765084e-07  1.000000e+00  0.000000e+00
   outer loop
     vertex -2.500000e-03 -4.210000e-01  2.500000e-03
     vertex -2.500000e-03 -4.210000e-01  2.000000e-03
     vertex -2.985288e-03 -4.210000e-01  2.232122e-03
   endloop
 endfacet
 facet normal -3.867670e-07  1.000000e+00  0.000000e+00
   outer loop
     vertex -2.500000e-03 -4.210000e-01  1.500000e-03
     vertex -2.500000e-03 -4.210000e-01  1.000000e-03
     vertex -2.972417e-03 -4.210000e-01  1.254877e-03
   endloop
 endfacet
 facet normal -3.897924e-07  1.000000e+00  0.000000e+00
   outer loop
     vertex -2.500000e-03 -4.210000e-01  5.000000e-04
     vertex -2.500000e-03 -4.210000e-01  7.453890e-20
     vertex -2.968750e-03 -4.210000e-01  0.000000e+00
   endloop
 endfacet
 facet normal  0.000000e+00  1.000000e+00  0.000000e+00
   outer loop
     vertex -2.968750e-03 -4.210000e-01  0.000000e+00
     vertex -3.437500e-03 -4.210000e-01  0.000000e+00
     vertex -3.142630e-03 -4.210000e-01  4.356786e-04
   endloop
 endfacet
 facet normal  0.000000e+00  1.000000e+00  0.000000e+00
   outer loop
     vertex -3.906250e-03 -4.210000e-01  0.000000e+00
     vertex -4.375000e-03 -4.210000e-01  0.000000e+00
     vertex -4.121872e-03 -4.210000e-01  4.208607e-04
   endloop
 endfacet
 facet normal  0.000000e+00  1.000000e+00  0.000000e+00
   outer loop
     vertex -4.843750e-03 -4.210000e-01  0.000000e+00
     vertex -5.312500e-03 -4.210000e-01  0.000000e+00
     vertex -5.058443e-03 -4.210000e-01  4.565013e-04
   endloop
 endfacet
 facet normal  0.000000e+00  1.000000e+00  0.000000e+00
   outer loop
     vertex -5.781250e-03 -4.210000e-01  0.000000e+00
     vertex -6.250000e-03 -4.210000e-01  0.000000e+00
     vertex -6.009479e-03 -4.210000e-01  4.466622e-04
   endloop
 endfacet
 facet normal  0.000000e+00  1.000000e+00  0.000000e+00
   outer loop
     vertex -6.718750e-03 -4.210000e-01  0.000000e+00
     vertex -7.187500e-03 -4.210000e-01  0.000000e+00
     vertex -6.959048e-03 -4.210000e-01  4.601488e-04
   endloop
 endfacet
 facet normal  0.000000e+00  1.000000e+00  0.000000e+00
   outer loop
     vertex -7.656250e-03 -4.210000e-01  0.000000e+00
     vertex -8.125000e-03 -4.210000e-01  0.000000e+00
     vertex -7.871177e-03 -4.210000e-01  4.270342e-04
   endloop
 endfacet
 facet normal  0.000000e+00  1.000000e+00  0.000000e+00
   outer loop
     vertex -8.593750e-03 -4.210000e-01  0.000000e+00
     vertex -9.062500e-03 -4.210000e-01  0.000000e+00
     vertex -8.796247e-03 -4.210000e-01  4.457306e-04
   endloop
 endfacet
 facet normal -7.013507e-06  1.000000e+00  0.000000e+00
   outer loop
     vertex -9.531250e-03 -4.210000e-01  0.000000e+00
     vertex -1.000000e-02 -4.210000e-01 -1.321371e-19
     vertex -1.000000e-02 -4.210000e-01  5.000000e-04
   endloop
 endfacet
 facet normal -8.278880e-06  1.000000e+00  0.000000e+00
   outer loop
     vertex -1.000000e-02 -4.210000e-01  5.000000e-04
     vertex -1.000000e-02 -4.210000e-01  1.000000e-03
     vertex -9.602896e-03 -4.210000e-01  7.102935e-04
   endloop
 endfacet
 facet normal -7.572219e-06  1.000000e+00  0.000000e+00
   outer loop
     vertex -1.000000e-02 -4.210000e-01  1.500000e-03
     vertex -1.000000e-02 -4.210000e-01  2.000000e-03
     vertex -9.565837e-03 -4.210000e-01  1.752137e-03
   endloop
 endfacet
 facet normal -7.494625e-06  1.000000e+00  0.000000e+00
   outer loop
     vertex -1.000000e-02 -4.210000e-01  2.500000e-03
     vertex -1.000000e-02 -4.210000e-01  3.000000e-03
     vertex -9.561342e-03 -4.210000e-01  2.767539e-03
   endloop
 endfacet
 facet normal -7.407047e-06  1.000000e+00  0.000000e+00
   outer loop
     vertex -1.000000e-02 -4.210000e-01  3.500000e-03
     vertex -1.000000e-02 -4.210000e-01  4.000000e-03
     vertex -9.556155e-03 -4.210000e-01  3.749613e-03
   endloop
 endfacet
 facet normal -7.314189e-06  1.000000e+00  0.000000e+00
   outer loop
     vertex -1.000000e-02 -4.210000e-01  4.500000e-03
     vertex -1.000000e-02 -4.210000e-01  5.000000e-03
     vertex -9.550520e-03 -4.210000e-01  4.764745e-03
   endloop
 endfacet
 facet normal -7.221764e-06  1.000000e+00  0.000000e+00
   outer loop
     vertex -1.000000e-02 -4.210000e-01  5.500000e-03
     vertex -1.000000e-02 -4.210000e-01  6.000000e-03
     vertex -9.544768e-03 -4.210000e-01  5.744413e-03
   endloop
 endfacet
 facet normal -7.307536e-06  1.000000e+00  0.000000e+00
   outer loop
     vertex -1.000000e-02 -4.210000e-01  6.500000e-03
     vertex -1.000000e-02 -4.210000e-01  7.000000e-03
     vertex -9.550111e-03 -4.210000e-01  6.749061e-03
   endloop
 endfacet
 facet normal -7.523462e-06  1.000000e+00  0.000000e+00
   outer loop
     vertex -1.000000e-02 -4.210000e-01  7.500000e-03
     vertex -1.000000e-02 -4.210000e-01  8.000000e-03
     vertex -9.563023e-03 -4.210000e-01  7.725153e-03
   endloop
 endfacet
 facet normal -7.675613e-06  1.000000e+00  0.000000e+00
   outer loop
     vertex -1.000000e-02 -4.210000e-01  8.500000e-03
     vertex -1.000000e-02 -4.210000e-01  9.000000e-03
     vertex -9.571685e-03 -4.210000e-01  8.740815e-03
   endloop
 endfacet
 facet normal -7.013507e-06  1.000000e+00  0.000000e+00
   outer loop
     vertex -1.000000e-02 -4.210000e-01  9.500000e-03
     vertex -1.000000e-02 -4.210000e-01  1.000000e-02
     vertex -9.531250e-03 -4.210000e-01  1.000000e-02
   endloop
 endfacet
 facet normal -0.000000e+00  1.000000e+00  0.000000e+00
   outer loop
     vertex -9.531250e-03 -4.210000e-01  1.000000e-02
     vertex -9.062500e-03 -4.210000e-01  1.000000e-02
     vertex -9.348587e-03 -4.210000e-01  9.584972e-03
   endloop
 endfacet
 facet normal -0.000000e+00  1.000000e+00  0.000000e+00
   outer loop
     vertex -8.593750e-03 -4.210000e-01  1.000000e-02
     vertex -8.125000e-03 -4.210000e-01  1.000000e-02
     vertex -8.355533e-03 -4.210000e-01  9.599326e-03
   endloop
 endfacet
 facet normal -0.000000e+00  1.000000e+00  0.000000e+00
   outer loop
     vertex -7.656250e-03 -4.210000e-01  1.000000e-02
     vertex -7.187500e-03 -4.210000e-01  1.000000e-02
     vertex -7.412855e-03 -4.210000e-01  9.588930e-03
   endloop
 endfacet
 facet normal -0.000000e+00  1.000000e+00  0.000000e+00
   outer loop
     vertex -6.718750e-03 -4.210000e-01  1.000000e-02
     vertex -6.250000e-03 -4.210000e-01  1.000000e-02
     vertex -6.476114e-03 -4.210000e-01  9.589506e-03
   endloop
 endfacet
 facet normal -0.000000e+00  1.000000e+00  0.000000e+00
   outer loop
     vertex -5.781250e-03 -4.210000e-01  1.000000e-02
     vertex -5.312500e-03 -4.210000e-01  1.000000e-02
     vertex -5.544112e-03 -4.210000e-01  9.594798e-03
   endloop
 endfacet
 facet normal -0.000000e+00  1.000000e+00  0.000000e+00
   outer loop
     vertex -4.843750e-03 -4.210000e-01  1.000000e-02
     vertex -4.375000e-03 -4.210000e-01  1.000000e-02
     vertex -4.620827e-03 -4.210000e-01  9.610402e-03
   endloop
 endfacet
 facet normal -0.000000e+00  1.000000e+00  0.000000e+00
   outer loop
     vertex -3.906250e-03 -4.210000e-01  1.000000e-02
     vertex -3.437500e-03 -4.210000e-01  1.000000e-02
     vertex -3.690133e-03 -4.210000e-01  9.599045e-03
   endloop
 endfacet
 facet normal -4.138260e-07  1.000000e+00 -2.253153e-08
   outer loop
     vertex -2.968750e-03 -4.210000e-01  1.000000e-02
     vertex -2.500000e-03 -4.210000e-01  9.500000e-03
     vertex -2.931452e-03 -4.210000e-01  9.314975e-03
   endloop
 endfacet
 facet normal -2.734026e-07  1.000000e+00 -1.091154e-07
   outer loop
     vertex -2.500000e-03 -4.210000e-01  5.000000e-04
     vertex -2.968750e-03 -4.210000e-01  0.000000e+00
     vertex -3.142630e-03 -4.210000e-01  4.356786e-04
   endloop
 endfacet
 facet normal -7.859079e-06  1.000000e+00 -7.927243e-07
   outer loop
     vertex -9.531250e-03 -4.210000e-01  0.000000e+00
     vertex -1.000000e-02 -4.210000e-01  5.000000e-04
     vertex -9.602896e-03 -4.210000e-01  7.102935e-04
   endloop
 endfacet
 facet normal -4.772834e-06  1.000000e+00 -2.100631e-06
   outer loop
     vertex -1.000000e-02 -4.210000e-01  9.500000e-03
     vertex -9.531250e-03 -4.210000e-01  1.000000e-02
     vertex -9.348587e-03 -4.210000e-01  9.584972e-03
   endloop
 endfacet
 facet normal -4.117193e-07  1.000000e+00  1.612134e-08
   outer loop
     vertex -2.931452e-03 -4.210000e-01  9.314975e-03
     vertex -2.500000e-03 -4.210000e-01  9.000000e-03
     vertex -2.951685e-03 -4.210000e-01  8.798264e-03
   endloop
 endfacet
 facet normal -4.045191e-07  1.000000e+00  0.000000e+00
   outer loop
     vertex -2.500000e-03 -4.210000e-01  9.000000e-03
     vertex -2.500000e-03 -4.210000e-01  8.500000e-03
     vertex -2.951685e-03 -4.210000e-01  8.798264e-03
   endloop
 endfacet
 facet normal -3.987340e-07  1.000000e+00  8.760725e-09
   outer loop
     vertex -2.500000e-03 -4.210000e-01  8.500000e-03
     vertex -2.963793e-03 -4.210000e-01  8.247161e-03
     vertex -2.951685e-03 -4.210000e-01  8.798264e-03
   endloop
 endfacet
 facet normal -3.890515e-07  1.000000e+00  0.000000e+00
   outer loop
     vertex -2.500000e-03 -4.210000e-01  8.000000e-03
     vertex -2.500000e-03 -4.210000e-01  7.500000e-03
     vertex -2.969643e-03 -4.210000e-01  7.735794e-03
   endloop
 endfacet
 facet normal -3.994515e-07  1.000000e+00  0.000000e+00
   outer loop
     vertex -2.500000e-03 -4.210000e-01  7.000000e-03
     vertex -2.500000e-03 -4.210000e-01  6.500000e-03
     vertex -2.957415e-03 -4.210000e-01  6.758279e-03
   endloop
 endfacet
 facet normal -3.825185e-07  1.000000e+00  0.000000e+00
   outer loop
     vertex -2.500000e-03 -4.210000e-01  6.000000e-03
     vertex -2.500000e-03 -4.210000e-01  5.500000e-03
     vertex -2.977664e-03 -4.210000e-01  5.752409e-03
   endloop
 endfacet
 facet normal -3.881168e-07  1.000000e+00  0.000000e+00
   outer loop
     vertex -2.500000e-03 -4.210000e-01  5.000000e-03
     vertex -2.500000e-03 -4.210000e-01  4.500000e-03
     vertex -2.970774e-03 -4.210000e-01  4.748680e-03
   endloop
 endfacet
 facet normal -3.803727e-07  1.000000e+00  0.000000e+00
   outer loop
     vertex -2.500000e-03 -4.210000e-01  4.000000e-03
     vertex -2.500000e-03 -4.210000e-01  3.500000e-03
     vertex -2.980358e-03 -4.210000e-01  3.762232e-03
   endloop
 endfacet
 facet normal -3.870201e-07  1.000000e+00  0.000000e+00
   outer loop
     vertex -2.500000e-03 -4.210000e-01  3.000000e-03
     vertex -2.500000e-03 -4.210000e-01  2.500000e-03
     vertex -2.972108e-03 -4.210000e-01  2.759639e-03
   endloop
 endfacet
 facet normal -3.706915e-07  1.000000e+00  0.000000e+00
   outer loop
     vertex -2.500000e-03 -4.210000e-01  2.000000e-03
     vertex -2.500000e-03 -4.210000e-01  1.500000e-03
     vertex -2.992903e-03 -4.210000e-01  1.741139e-03
   endloop
 endfacet
 facet normal -3.866229e-07  1.000000e+00  2.828054e-09
   outer loop
     vertex -2.970774e-03 -4.210000e-01  4.748680e-03
     vertex -2.500000e-03 -4.210000e-01  4.500000e-03
     vertex -2.974392e-03 -4.210000e-01  4.253953e-03
   endloop
 endfacet
 facet normal -4.355353e-07  1.000000e+00  0.000000e+00
   outer loop
     vertex -2.500000e-03 -4.210000e-01  1.000000e-03
     vertex -2.500000e-03 -4.210000e-01  5.000000e-04
     vertex -2.919519e-03 -4.210000e-01  8.254753e-04
   endloop
 endfacet
 facet normal  0.000000e+00  1.000000e+00  0.000000e+00
   outer loop
     vertex -3.142630e-03 -4.210000e-01  4.356786e-04
     vertex -3.437500e-03 -4.210000e-01  0.000000e+00
     vertex -3.641551e-03 -4.210000e-01  4.136457e-04
   endloop
 endfacet
 facet normal  0.000000e+00  1.000000e+00  0.000000e+00
   outer loop
     vertex -3.437500e-03 -4.210000e-01  0.000000e+00
     vertex -3.906250e-03 -4.210000e-01  0.000000e+00
     vertex -3.641551e-03 -4.210000e-01  4.136457e-04
   endloop
 endfacet
 facet normal  0.000000e+00  1.000000e+00 -0.000000e+00
   outer loop
     vertex -3.906250e-03 -4.210000e-01  0.000000e+00
     vertex -4.121872e-03 -4.210000e-01  4.208607e-04
     vertex -3.641551e-03 -4.210000e-01  4.136457e-04
   endloop
 endfacet
 facet normal  0.000000e+00  1.000000e+00  0.000000e+00
   outer loop
     vertex -4.375000e-03 -4.210000e-01  0.000000e+00
     vertex -4.843750e-03 -4.210000e-01  0.000000e+00
     vertex -4.568863e-03 -4.210000e-01  4.452165e-04
   endloop
 endfacet
 facet normal  0.000000e+00  1.000000e+00  0.000000e+00
   outer loop
     vertex -5.312500e-03 -4.210000e-01  0.000000e+00
     vertex -5.781250e-03 -4.210000e-01  0.000000e+00
     vertex -5.521501e-03 -4.210000e-01  4.461368e-04
   endloop
 endfacet
 facet normal  0.000000e+00  1.000000e+00  0.000000e+00
   outer loop
     vertex -6.250000e-03 -4.210000e-01  0.000000e+00
     vertex -6.718750e-03 -4.210000e-01  0.000000e+00
     vertex -6.496345e-03 -4.210000e-01  4.497998e-04
   endloop
 endfacet
 facet normal  0.000000e+00  1.000000e+00  0.000000e+00
   outer loop
     vertex -7.187500e-03 -4.210000e-01  0.000000e+00
     vertex -7.656250e-03 -4.210000e-01  0.000000e+00
     vertex -7.412061e-03 -4.210000e-01  4.509518e-04
   endloop
 endfacet
 facet normal  0.000000e+00  1.000000e+00  0.000000e+00
   outer loop
     vertex -8.125000e-03 -4.210000e-01  0.000000e+00
     vertex -8.593750e-03 -4.210000e-01  0.000000e+00
     vertex -8.350676e-03 -4.210000e-01  4.309747e-04
   endloop
 endfacet
 facet normal -3.895190e-07  1.000000e+00 -1.324795e-08
   outer loop
     vertex -2.977664e-03 -4.210000e-01  5.752409e-03
     vertex -2.500000e-03 -4.210000e-01  5.500000e-03
     vertex -2.960381e-03 -4.210000e-01  5.244273e-03
   endloop
 endfacet
 facet normal  0.000000e+00  1.000000e+00  0.000000e+00
   outer loop
     vertex -9.062500e-03 -4.210000e-01  0.000000e+00
     vertex -9.531250e-03 -4.210000e-01  0.000000e+00
     vertex -9.234381e-03 -4.210000e-01  4.129317e-04
   endloop
 endfacet
 facet normal -7.874239e-06  1.000000e+00  5.546468e-07
   outer loop
     vertex -9.602896e-03 -4.210000e-01  7.102935e-04
     vertex -1.000000e-02 -4.210000e-01  1.000000e-03
     vertex -9.567024e-03 -4.210000e-01  1.219560e-03
   endloop
 endfacet
 facet normal -7.592981e-06  1.000000e+00  0.000000e+00
   outer loop
     vertex -1.000000e-02 -4.210000e-01  1.000000e-03
     vertex -1.000000e-02 -4.210000e-01  1.500000e-03
     vertex -9.567024e-03 -4.210000e-01  1.219560e-03
   endloop
 endfacet
 facet normal -7.582034e-06  1.000000e+00  1.690116e-08
   outer loop
     vertex -1.000000e-02 -4.210000e-01  1.500000e-03
     vertex -9.565837e-03 -4.210000e-01  1.752137e-03
     vertex -9.567024e-03 -4.210000e-01  1.219560e-03
   endloop
 endfacet
 facet normal -7.527115e-06  1.000000e+00  0.000000e+00
   outer loop
     vertex -1.000000e-02 -4.210000e-01  2.000000e-03
     vertex -1.000000e-02 -4.210000e-01  2.500000e-03
     vertex -9.563235e-03 -4.210000e-01  2.260638e-03
   endloop
 endfacet
 facet normal -7.458100e-06  1.000000e+00  0.000000e+00
   outer loop
     vertex -1.000000e-02 -4.210000e-01  3.000000e-03
     vertex -1.000000e-02 -4.210000e-01  3.500000e-03
     vertex -9.559193e-03 -4.210000e-01  3.241733e-03
   endloop
 endfacet
 facet normal -7.355608e-06  1.000000e+00  0.000000e+00
   outer loop
     vertex -1.000000e-02 -4.210000e-01  4.000000e-03
     vertex -1.000000e-02 -4.210000e-01  4.500000e-03
     vertex -9.553051e-03 -4.210000e-01  4.256723e-03
   endloop
 endfacet
 facet normal -7.270113e-06  1.000000e+00  0.000000e+00
   outer loop
     vertex -1.000000e-02 -4.210000e-01  5.000000e-03
     vertex -1.000000e-02 -4.210000e-01  5.500000e-03
     vertex -9.547795e-03 -4.210000e-01  5.239265e-03
   endloop
 endfacet
 facet normal -7.238195e-06  1.000000e+00  0.000000e+00
   outer loop
     vertex -1.000000e-02 -4.210000e-01  6.000000e-03
     vertex -1.000000e-02 -4.210000e-01  6.500000e-03
     vertex -9.545801e-03 -4.210000e-01  6.245257e-03
   endloop
 endfacet
 facet normal -7.390107e-06  1.000000e+00  0.000000e+00
   outer loop
     vertex -1.000000e-02 -4.210000e-01  7.000000e-03
     vertex -1.000000e-02 -4.210000e-01  7.500000e-03
     vertex -9.555138e-03 -4.210000e-01  7.221612e-03
   endloop
 endfacet
 facet normal -7.667330e-06  1.000000e+00  0.000000e+00
   outer loop
     vertex -1.000000e-02 -4.210000e-01  8.000000e-03
     vertex -1.000000e-02 -4.210000e-01  8.500000e-03
     vertex -9.571222e-03 -4.210000e-01  8.230031e-03
   endloop
 endfacet
 facet normal -3.915712e-07  1.000000e+00  4.478909e-09
   outer loop
     vertex -2.500000e-03 -4.210000e-01  8.000000e-03
     vertex -2.969643e-03 -4.210000e-01  7.735794e-03
     vertex -2.963793e-03 -4.210000e-01  8.247161e-03
   endloop
 endfacet
 facet normal -8.348907e-06  1.000000e+00  0.000000e+00
   outer loop
     vertex -1.000000e-02 -4.210000e-01  9.000000e-03
     vertex -1.000000e-02 -4.210000e-01  9.500000e-03
     vertex -9.606226e-03 -4.210000e-01  9.178286e-03
   endloop
 endfacet
 facet normal -0.000000e+00  1.000000e+00  0.000000e+00
   outer loop
     vertex -9.348587e-03 -4.210000e-01  9.584972e-03
     vertex -9.062500e-03 -4.210000e-01  1.000000e-02
     vertex -8.848763e-03 -4.210000e-01  9.576482e-03
   endloop
 endfacet
 facet normal -0.000000e+00  1.000000e+00  0.000000e+00
   outer loop
     vertex -9.062500e-03 -4.210000e-01  1.000000e-02
     vertex -8.593750e-03 -4.210000e-01  1.000000e-02
     vertex -8.848763e-03 -4.210000e-01  9.576482e-03
   endloop
 endfacet
 facet normal  0.000000e+00  1.000000e+00  0.000000e+00
   outer loop
     vertex -8.593750e-03 -4.210000e-01  1.000000e-02
     vertex -8.355533e-03 -4.210000e-01  9.599326e-03
     vertex -8.848763e-03 -4.210000e-01  9.576482e-03
   endloop
 endfacet
 facet normal -0.000000e+00  1.000000e+00  0.000000e+00
   outer loop
     vertex -8.125000e-03 -4.210000e-01  1.000000e-02
     vertex -7.656250e-03 -4.210000e-01  1.000000e-02
     vertex -7.878223e-03 -4.210000e-01  9.602767e-03
   endloop
 endfacet
 facet normal -0.000000e+00  1.000000e+00  0.000000e+00
   outer loop
     vertex -7.187500e-03 -4.210000e-01  1.000000e-02
     vertex -6.718750e-03 -4.210000e-01  1.000000e-02
     vertex -6.939524e-03 -4.210000e-01  9.583471e-03
   endloop
 endfacet
 facet normal -0.000000e+00  1.000000e+00  0.000000e+00
   outer loop
     vertex -6.250000e-03 -4.210000e-01  1.000000e-02
     vertex -5.781250e-03 -4.210000e-01  1.000000e-02
     vertex -6.010262e-03 -4.210000e-01  9.590898e-03
   endloop
 endfacet
 facet normal -0.000000e+00  1.000000e+00  0.000000e+00
   outer loop
     vertex -5.312500e-03 -4.210000e-01  1.000000e-02
     vertex -4.843750e-03 -4.210000e-01  1.000000e-02
     vertex -5.080397e-03 -4.210000e-01  9.602931e-03
   endloop
 endfacet
 facet normal -0.000000e+00  1.000000e+00  0.000000e+00
   outer loop
     vertex -4.375000e-03 -4.210000e-01  1.000000e-02
     vertex -3.906250e-03 -4.210000e-01  1.000000e-02
     vertex -4.144152e-03 -4.210000e-01  9.609764e-03
   endloop
 endfacet
 facet normal -0.000000e+00  1.000000e+00  0.000000e+00
   outer loop
     vertex -3.437500e-03 -4.210000e-01  1.000000e-02
     vertex -2.968750e-03 -4.210000e-01  1.000000e-02
     vertex -3.274006e-03 -4.210000e-01  9.609753e-03
   endloop
 endfacet
 facet normal -3.016029e-07  1.000000e+00  1.726310e-07
   outer loop
     vertex -2.500000e-03 -4.210000e-01  5.000000e-04
     vertex -3.142630e-03 -4.210000e-01  4.356786e-04
     vertex -2.919519e-03 -4.210000e-01  8.254753e-04
   endloop
 endfacet
 facet normal -3.852023e-07  1.000000e+00 -8.846793e-09
   outer loop
     vertex -2.980358e-03 -4.210000e-01  3.762232e-03
     vertex -2.500000e-03 -4.210000e-01  3.500000e-03
     vertex -2.968254e-03 -4.210000e-01  3.235181e-03
   endloop
 endfacet
 facet normal -8.060747e-06  1.000000e+00 -6.364495e-07
   outer loop
     vertex -1.000000e-02 -4.210000e-01  9.000000e-03
     vertex -9.606226e-03 -4.210000e-01  9.178286e-03
     vertex -9.571685e-03 -4.210000e-01  8.740815e-03
   endloop
 endfacet
 facet normal -3.914646e-07  1.000000e+00 -1.511371e-08
   outer loop
     vertex -2.976309e-03 -4.210000e-01  7.247651e-03
     vertex -2.500000e-03 -4.210000e-01  7.000000e-03
     vertex -2.957415e-03 -4.210000e-01  6.758279e-03
   endloop
 endfacet
 facet normal -3.859267e-07  1.000000e+00  6.575226e-09
   outer loop
     vertex -2.969403e-03 -4.210000e-01  6.237272e-03
     vertex -2.500000e-03 -4.210000e-01  6.000000e-03
     vertex -2.977664e-03 -4.210000e-01  5.752409e-03
   endloop
 endfacet
 facet normal -3.925107e-07  1.000000e+00  8.230711e-09
   outer loop
     vertex -2.960381e-03 -4.210000e-01  5.244273e-03
     vertex -2.500000e-03 -4.210000e-01  5.000000e-03
     vertex -2.970774e-03 -4.210000e-01  4.748680e-03
   endloop
 endfacet
 facet normal -3.826708e-07  1.000000e+00  4.642705e-09
   outer loop
     vertex -2.974392e-03 -4.210000e-01  4.253953e-03
     vertex -2.500000e-03 -4.210000e-01  4.000000e-03
     vertex -2.980358e-03 -4.210000e-01  3.762232e-03
   endloop
 endfacet
 facet normal -3.886236e-07  1.000000e+00  3.149685e-09
   outer loop
     vertex -2.968254e-03 -4.210000e-01  3.235181e-03
     vertex -2.500000e-03 -4.210000e-01  3.000000e-03
     vertex -2.972108e-03 -4.210000e-01  2.759639e-03
   endloop
 endfacet
 facet normal -3.737358e-07  1.000000e+00  5.796652e-09
   outer loop
     vertex -2.985288e-03 -4.210000e-01  2.232122e-03
     vertex -2.500000e-03 -4.210000e-01  2.000000e-03
     vertex -2.992903e-03 -4.210000e-01  1.741139e-03
   endloop
 endfacet
 facet normal -4.143029e-07  1.000000e+00 -5.103793e-08
   outer loop
     vertex -2.972417e-03 -4.210000e-01  1.254877e-03
     vertex -2.500000e-03 -4.210000e-01  1.000000e-03
     vertex -2.919519e-03 -4.210000e-01  8.254753e-04
   endloop
 endfacet
 facet normal  0.000000e+00  1.000000e+00  0.000000e+00
   outer loop
     vertex -4.121872e-03 -4.210000e-01  4.208607e-04
     vertex -4.375000e-03 -4.210000e-01  0.000000e+00
     vertex -4.568863e-03 -4.210000e-01  4.452165e-04
   endloop
 endfacet
 facet normal  0.000000e+00  1.000000e+00  0.000000e+00
   outer loop
     vertex -5.058443e-03 -4.210000e-01  4.565013e-04
     vertex -5.312500e-03 -4.210000e-01  0.000000e+00
     vertex -5.521501e-03 -4.210000e-01  4.461368e-04
   endloop
 endfacet
 facet normal  0.000000e+00  1.000000e+00  0.000000e+00
   outer loop
     vertex -6.009479e-03 -4.210000e-01  4.466622e-04
     vertex -6.250000e-03 -4.210000e-01  0.000000e+00
     vertex -6.496345e-03 -4.210000e-01  4.497998e-04
   endloop
 endfacet
 facet normal  0.000000e+00  1.000000e+00  0.000000e+00
   outer loop
     vertex -6.959048e-03 -4.210000e-01  4.601488e-04
     vertex -7.187500e-03 -4.210000e-01  0.000000e+00
     vertex -7.412061e-03 -4.210000e-01  4.509518e-04
   endloop
 endfacet
 facet normal  0.000000e+00  1.000000e+00  0.000000e+00
   outer loop
     vertex -7.871177e-03 -4.210000e-01  4.270342e-04
     vertex -8.125000e-03 -4.210000e-01  0.000000e+00
     vertex -8.350676e-03 -4.210000e-01  4.309747e-04
   endloop
 endfacet
 facet normal  0.000000e+00  1.000000e+00  0.000000e+00
   outer loop
     vertex -8.796247e-03 -4.210000e-01  4.457306e-04
     vertex -9.062500e-03 -4.210000e-01  0.000000e+00
     vertex -9.234381e-03 -4.210000e-01  4.129317e-04
   endloop
 endfacet
 facet normal -7.550166e-06  1.000000e+00  3.862848e-08
   outer loop
     vertex -9.565837e-03 -4.210000e-01  1.752137e-03
     vertex -1.000000e-02 -4.210000e-01  2.000000e-03
     vertex -9.563235e-03 -4.210000e-01  2.260638e-03
   endloop
 endfacet
 facet normal -7.476675e-06  1.000000e+00  3.387170e-08
   outer loop
     vertex -9.561342e-03 -4.210000e-01  2.767539e-03
     vertex -1.000000e-02 -4.210000e-01  3.000000e-03
     vertex -9.559193e-03 -4.210000e-01  3.241733e-03
   endloop
 endfacet
 facet normal -7.381559e-06  1.000000e+00  4.518049e-08
   outer loop
     vertex -9.556155e-03 -4.210000e-01  3.749613e-03
     vertex -1.000000e-02 -4.210000e-01  4.000000e-03
     vertex -9.553051e-03 -4.210000e-01  4.256723e-03
   endloop
 endfacet
 facet normal -7.292271e-06  1.000000e+00  4.187740e-08
   outer loop
     vertex -9.550520e-03 -4.210000e-01  4.764745e-03
     vertex -1.000000e-02 -4.210000e-01  5.000000e-03
     vertex -9.547795e-03 -4.210000e-01  5.239265e-03
   endloop
 endfacet
 facet normal -7.230140e-06  1.000000e+00 -1.491795e-08
   outer loop
     vertex -9.544768e-03 -4.210000e-01  5.744413e-03
     vertex -1.000000e-02 -4.210000e-01  6.000000e-03
     vertex -9.545801e-03 -4.210000e-01  6.245257e-03
   endloop
 endfacet
 facet normal -7.351153e-06  1.000000e+00 -7.819623e-08
   outer loop
     vertex -9.550111e-03 -4.210000e-01  6.749061e-03
     vertex -1.000000e-02 -4.210000e-01  7.000000e-03
     vertex -9.555138e-03 -4.210000e-01  7.221612e-03
   endloop
 endfacet
 facet normal -7.601105e-06  1.000000e+00 -1.234438e-07
   outer loop
     vertex -9.563023e-03 -4.210000e-01  7.725153e-03
     vertex -1.000000e-02 -4.210000e-01  8.000000e-03
     vertex -9.571222e-03 -4.210000e-01  8.230031e-03
   endloop
 endfacet
 facet normal  0.000000e+00  1.000000e+00  0.000000e+00
   outer loop
     vertex -8.355533e-03 -4.210000e-01  9.599326e-03
     vertex -8.125000e-03 -4.210000e-01  1.000000e-02
     vertex -7.878223e-03 -4.210000e-01  9.602767e-03
   endloop
 endfacet
 facet normal -0.000000e+00  1.000000e+00  0.000000e+00
   outer loop
     vertex -7.412855e-03 -4.210000e-01  9.588930e-03
     vertex -7.187500e-03 -4.210000e-01  1.000000e-02
     vertex -6.939524e-03 -4.210000e-01  9.583471e-03
   endloop
 endfacet
 facet normal  0.000000e+00  1.000000e+00  0.000000e+00
   outer loop
     vertex -6.476114e-03 -4.210000e-01  9.589506e-03
     vertex -6.250000e-03 -4.210000e-01  1.000000e-02
     vertex -6.010262e-03 -4.210000e-01  9.590898e-03
   endloop
 endfacet
 facet normal  0.000000e+00  1.000000e+00  0.000000e+00
   outer loop
     vertex -5.544112e-03 -4.210000e-01  9.594798e-03
     vertex -5.312500e-03 -4.210000e-01  1.000000e-02
     vertex -5.080397e-03 -4.210000e-01  9.602931e-03
   endloop
 endfacet
 facet normal -0.000000e+00  1.000000e+00  0.000000e+00
   outer loop
     vertex -4.620827e-03 -4.210000e-01  9.610402e-03
     vertex -4.375000e-03 -4.210000e-01  1.000000e-02
     vertex -4.144152e-03 -4.210000e-01  9.609764e-03
   endloop
 endfacet
 facet normal  0.000000e+00  1.000000e+00  0.000000e+00
   outer loop
     vertex -3.690133e-03 -4.210000e-01  9.599045e-03
     vertex -3.437500e-03 -4.210000e-01  1.000000e-02
     vertex -3.274006e-03 -4.210000e-01  9.609753e-03
   endloop
 endfacet
 facet normal -3.817740e-07  1.000000e+00  9.539068e-09
   outer loop
     vertex -2.972108e-03 -4.210000e-01  2.759639e-03
     vertex -2.500000e-03 -4.210000e-01  2.500000e-03
     vertex -2.985288e-03 -4.210000e-01  2.232122e-03
   endloop
 endfacet
 facet normal -3.784929e-07  1.000000e+00 -1.594647e-08
   outer loop
     vertex -2.992903e-03 -4.210000e-01  1.741139e-03
     vertex -2.500000e-03 -4.210000e-01  1.500000e-03
     vertex -2.972417e-03 -4.210000e-01  1.254877e-03
   endloop
 endfacet
 facet normal  0.000000e+00  1.000000e+00  0.000000e+00
   outer loop
     vertex -6.496345e-03 -4.210000e-01  4.497998e-04
     vertex -6.718750e-03 -4.210000e-01  0.000000e+00
     vertex -6.959048e-03 -4.210000e-01  4.601488e-04
   endloop
 endfacet
 facet normal  0.000000e+00  1.000000e+00  0.000000e+00
   outer loop
     vertex -7.412061e-03 -4.210000e-01  4.509518e-04
     vertex -7.656250e-03 -4.210000e-01  0.000000e+00
     vertex -7.871177e-03 -4.210000e-01  4.270342e-04
   endloop
 endfacet
 facet normal  0.000000e+00  1.000000e+00  0.000000e+00
   outer loop
     vertex -8.350676e-03 -4.210000e-01  4.309747e-04
     vertex -8.593750e-03 -4.210000e-01  0.000000e+00
     vertex -8.796247e-03 -4.210000e-01  4.457306e-04
   endloop
 endfacet
 facet normal -7.335716e-06  1.000000e+00  3.654677e-08
   outer loop
     vertex -9.553051e-03 -4.210000e-01  4.256723e-03
     vertex -1.000000e-02 -4.210000e-01  4.500000e-03
     vertex -9.550520e-03 -4.210000e-01  4.764745e-03
   endloop
 endfacet
 facet normal -7.245077e-06  1.000000e+00  4.342139e-08
   outer loop
     vertex -9.547795e-03 -4.210000e-01  5.239265e-03
     vertex -1.000000e-02 -4.210000e-01  5.500000e-03
     vertex -9.544768e-03 -4.210000e-01  5.744413e-03
   endloop
 endfacet
 facet normal -7.273092e-06  1.000000e+00 -6.221910e-08
   outer loop
     vertex -9.545801e-03 -4.210000e-01  6.245257e-03
     vertex -1.000000e-02 -4.210000e-01  6.500000e-03
     vertex -9.550111e-03 -4.210000e-01  6.749061e-03
   endloop
 endfacet
 facet normal -7.463244e-06  1.000000e+00 -1.168723e-07
   outer loop
     vertex -9.555138e-03 -4.210000e-01  7.221612e-03
     vertex -1.000000e-02 -4.210000e-01  7.500000e-03
     vertex -9.563023e-03 -4.210000e-01  7.725153e-03
   endloop
 endfacet
 facet normal -7.671706e-06  1.000000e+00 -6.949689e-09
   outer loop
     vertex -9.571222e-03 -4.210000e-01  8.230031e-03
     vertex -1.000000e-02 -4.210000e-01  8.500000e-03
     vertex -9.571685e-03 -4.210000e-01  8.740815e-03
   endloop
 endfacet
 facet normal  0.000000e+00  1.000000e+00  0.000000e+00
   outer loop
     vertex -6.010262e-03 -4.210000e-01  9.590898e-03
     vertex -5.781250e-03 -4.210000e-01  1.000000e-02
     vertex -5.544112e-03 -4.210000e-01  9.594798e-03
   endloop
 endfacet
 facet normal  0.000000e+00  1.000000e+00  0.000000e+00
   outer loop
     vertex -5.080397e-03 -4.210000e-01  9.602931e-03
     vertex -4.843750e-03 -4.210000e-01  1.000000e-02
     vertex -4.620827e-03 -4.210000e-01  9.610402e-03
   endloop
 endfacet
 facet normal -0.000000e+00  1.000000e+00  0.000000e+00
   outer loop
     vertex -4.144152e-03 -4.210000e-01  9.609764e-03
     vertex -3.906250e-03 -4.210000e-01  1.000000e-02
     vertex -3.690133e-03 -4.210000e-01  9.599045e-03
   endloop
 endfacet
 facet normal -3.943285e-07  1.000000e+00  9.072888e-09
   outer loop
     vertex -2.957415e-03 -4.210000e-01  6.758279e-03
     vertex -2.500000e-03 -4.210000e-01  6.500000e-03
     vertex -2.969403e-03 -4.210000e-01  6.237272e-03
   endloop
 endfacet
 facet normal -3.864022e-07  1.000000e+00  5.276888e-09
   outer loop
     vertex -2.969643e-03 -4.210000e-01  7.735794e-03
     vertex -2.500000e-03 -4.210000e-01  7.500000e-03
     vertex -2.976309e-03 -4.210000e-01  7.247651e-03
   endloop
 endfacet
 facet normal  0.000000e+00  1.000000e+00  0.000000e+00
   outer loop
     vertex -5.521501e-03 -4.210000e-01  4.461368e-04
     vertex -5.781250e-03 -4.210000e-01  0.000000e+00
     vertex -6.009479e-03 -4.210000e-01  4.466622e-04
   endloop
 endfacet
 facet normal  0.000000e+00  1.000000e+00  0.000000e+00
   outer loop
     vertex -4.568863e-03 -4.210000e-01  4.452165e-04
     vertex -4.843750e-03 -4.210000e-01  0.000000e+00
     vertex -5.058443e-03 -4.210000e-01  4.565013e-04
   endloop
 endfacet
 facet normal -7.432051e-06  1.000000e+00  4.446032e-08
   outer loop
     vertex -9.559193e-03 -4.210000e-01  3.241733e-03
     vertex -1.000000e-02 -4.210000e-01  3.500000e-03
     vertex -9.556155e-03 -4.210000e-01  3.749613e-03
   endloop
 endfacet
 facet normal -7.511738e-06  1.000000e+00  2.805839e-08
   outer loop
     vertex -9.563235e-03 -4.210000e-01  2.260638e-03
     vertex -1.000000e-02 -4.210000e-01  2.500000e-03
     vertex -9.561342e-03 -4.210000e-01  2.767539e-03
   endloop
 endfacet
 facet normal -5.501466e-06  1.000000e+00  3.485235e-06
   outer loop
     vertex -9.606226e-03 -4.210000e-01  9.178286e-03
     vertex -1.000000e-02 -4.210000e-01  9.500000e-03
     vertex -9.348587e-03 -4.210000e-01  9.584972e-03
   endloop
 endfacet
 facet normal  0.000000e+00  1.000000e+00  0.000000e+00
   outer loop
     vertex -6.939524e-03 -4.210000e-01  9.583471e-03
     vertex -6.718750e-03 -4.210000e-01  1.000000e-02
     vertex -6.476114e-03 -4.210000e-01  9.589506e-03
   endloop
 endfacet
 facet normal -0.000000e+00  1.000000e+00  0.000000e+00
   outer loop
     vertex -7.878223e-03 -4.210000e-01  9.602767e-03
     vertex -7.656250e-03 -4.210000e-01  1.000000e-02
     vertex -7.412855e-03 -4.210000e-01  9.588930e-03
   endloop
 endfacet
 facet normal  0.000000e+00  1.000000e+00  0.000000e+00
   outer loop
     vertex -2.951685e-03 -4.210000e-01  8.798264e-03
     vertex -2.963793e-03 -4.210000e-01  8.247161e-03
     vertex -3.419266e-03 -4.210000e-01  8.486828e-03
   endloop
 endfacet
 facet normal  0.000000e+00  1.000000e+00  0.000000e+00
   outer loop
     vertex -5.521501e-03 -4.210000e-01  4.461368e-04
     vertex -6.009479e-03 -4.210000e-01  4.466622e-04
     vertex -5.759975e-03 -4.210000e-01  9.232043e-04
   endloop
 endfacet
 facet normal  0.000000e+00  1.000000e+00  0.000000e+00
   outer loop
     vertex -2.969403e-03 -4.210000e-01  6.237272e-03
     vertex -2.977664e-03 -4.210000e-01  5.752409e-03
     vertex -3.434664e-03 -4.210000e-01  5.987586e-03
   endloop
 endfacet
 facet normal  0.000000e+00  1.000000e+00  0.000000e+00
   outer loop
     vertex -2.969643e-03 -4.210000e-01  7.735794e-03
     vertex -2.976309e-03 -4.210000e-01  7.247651e-03
     vertex -3.439970e-03 -4.210000e-01  7.481180e-03
   endloop
 endfacet
 facet normal  0.000000e+00  1.000000e+00  0.000000e+00
   outer loop
     vertex -2.960381e-03 -4.210000e-01  5.244273e-03
     vertex -2.970774e-03 -4.210000e-01  4.748680e-03
     vertex -3.428624e-03 -4.210000e-01  4.997020e-03
   endloop
 endfacet
 facet normal  0.000000e+00  1.000000e+00  0.000000e+00
   outer loop
     vertex -9.565837e-03 -4.210000e-01  1.752137e-03
     vertex -9.563235e-03 -4.210000e-01  2.260638e-03
     vertex -9.121931e-03 -4.210000e-01  2.024932e-03
   endloop
 endfacet
 facet normal  0.000000e+00  1.000000e+00  0.000000e+00
   outer loop
     vertex -2.974392e-03 -4.210000e-01  4.253953e-03
     vertex -2.980358e-03 -4.210000e-01  3.762232e-03
     vertex -3.434839e-03 -4.210000e-01  4.001880e-03
   endloop
 endfacet
 facet normal  0.000000e+00  1.000000e+00  0.000000e+00
   outer loop
     vertex -4.121872e-03 -4.210000e-01  4.208607e-04
     vertex -4.568863e-03 -4.210000e-01  4.452165e-04
     vertex -4.307174e-03 -4.210000e-01  8.724928e-04
   endloop
 endfacet
 facet normal  0.000000e+00  1.000000e+00  0.000000e+00
   outer loop
     vertex -2.968254e-03 -4.210000e-01  3.235181e-03
     vertex -2.972108e-03 -4.210000e-01  2.759639e-03
     vertex -3.472616e-03 -4.210000e-01  2.998846e-03
   endloop
 endfacet
 facet normal  0.000000e+00  1.000000e+00 -0.000000e+00
   outer loop
     vertex -9.571685e-03 -4.210000e-01  8.740815e-03
     vertex -9.606226e-03 -4.210000e-01  9.178286e-03
     vertex -9.126685e-03 -4.210000e-01  9.044726e-03
   endloop
 endfacet
 facet normal  0.000000e+00  1.000000e+00  0.000000e+00
   outer loop
     vertex -2.985288e-03 -4.210000e-01  2.232122e-03
     vertex -2.992903e-03 -4.210000e-01  1.741139e-03
     vertex -3.464779e-03 -4.210000e-01  1.972470e-03
   endloop
 endfacet
 facet normal  0.000000e+00  1.000000e+00  0.000000e+00
   outer loop
     vertex -2.972417e-03 -4.210000e-01  1.254877e-03
     vertex -2.919519e-03 -4.210000e-01  8.254753e-04
     vertex -3.399178e-03 -4.210000e-01  9.436552e-04
   endloop
 endfacet
 facet normal  0.000000e+00  1.000000e+00  0.000000e+00
   outer loop
     vertex -6.496345e-03 -4.210000e-01  4.497998e-04
     vertex -6.959048e-03 -4.210000e-01  4.601488e-04
     vertex -6.731222e-03 -4.210000e-01  9.175911e-04
   endloop
 endfacet
 facet normal  0.000000e+00  1.000000e+00  0.000000e+00
   outer loop
     vertex -2.970774e-03 -4.210000e-01  4.748680e-03
     vertex -2.974392e-03 -4.210000e-01  4.253953e-03
     vertex -3.426985e-03 -4.210000e-01  4.511093e-03
   endloop
 endfacet
 facet normal  0.000000e+00  1.000000e+00  0.000000e+00
   outer loop
     vertex -2.974392e-03 -4.210000e-01  4.253953e-03
     vertex -3.434839e-03 -4.210000e-01  4.001880e-03
     vertex -3.426985e-03 -4.210000e-01  4.511093e-03
   endloop
 endfacet
 facet normal  0.000000e+00  1.000000e+00  0.000000e+00
   outer loop
     vertex -2.980358e-03 -4.210000e-01  3.762232e-03
     vertex -2.968254e-03 -4.210000e-01  3.235181e-03
     vertex -3.463281e-03 -4.210000e-01  3.514634e-03
   endloop
 endfacet
 facet normal  0.000000e+00  1.000000e+00  0.000000e+00
   outer loop
     vertex -2.968254e-03 -4.210000e-01  3.235181e-03
     vertex -3.472616e-03 -4.210000e-01  2.998846e-03
     vertex -3.463281e-03 -4.210000e-01  3.514634e-03
   endloop
 endfacet
 facet normal  0.000000e+00  1.000000e+00  0.000000e+00
   outer loop
     vertex -3.641551e-03 -4.210000e-01  4.136457e-04
     vertex -4.121872e-03 -4.210000e-01  4.208607e-04
     vertex -3.875291e-03 -4.210000e-01  7.790727e-04
   endloop
 endfacet
 facet normal  0.000000e+00  1.000000e+00 -0.000000e+00
   outer loop
     vertex -4.121872e-03 -4.210000e-01  4.208607e-04
     vertex -4.307174e-03 -4.210000e-01  8.724928e-04
     vertex -3.875291e-03 -4.210000e-01  7.790727e-04
   endloop
 endfacet
 facet normal  0.000000e+00  1.000000e+00  0.000000e+00
   outer loop
     vertex -9.559193e-03 -4.210000e-01  3.241733e-03
     vertex -9.556155e-03 -4.210000e-01  3.749613e-03
     vertex -9.106607e-03 -4.210000e-01  3.496943e-03
   endloop
 endfacet
 facet normal  0.000000e+00  1.000000e+00  0.000000e+00
   outer loop
     vertex -6.009479e-03 -4.210000e-01  4.466622e-04
     vertex -6.496345e-03 -4.210000e-01  4.497998e-04
     vertex -6.242667e-03 -4.210000e-01  9.316143e-04
   endloop
 endfacet
 facet normal  0.000000e+00  1.000000e+00  0.000000e+00
   outer loop
     vertex -5.759975e-03 -4.210000e-01  9.232043e-04
     vertex -6.009479e-03 -4.210000e-01  4.466622e-04
     vertex -6.242667e-03 -4.210000e-01  9.316143e-04
   endloop
 endfacet
 facet normal  0.000000e+00  1.000000e+00 -0.000000e+00
   outer loop
     vertex -6.496345e-03 -4.210000e-01  4.497998e-04
     vertex -6.731222e-03 -4.210000e-01  9.175911e-04
     vertex -6.242667e-03 -4.210000e-01  9.316143e-04
   endloop
 endfacet
 facet normal  0.000000e+00  1.000000e+00  0.000000e+00
   outer loop
     vertex -7.412061e-03 -4.210000e-01  4.509518e-04
     vertex -7.871177e-03 -4.210000e-01  4.270342e-04
     vertex -7.643473e-03 -4.210000e-01  8.795265e-04
   endloop
 endfacet
 facet normal  0.000000e+00  1.000000e+00  0.000000e+00
   outer loop
     vertex -8.350676e-03 -4.210000e-01  4.309747e-04
     vertex -8.796247e-03 -4.210000e-01  4.457306e-04
     vertex -8.574737e-03 -4.210000e-01  8.506851e-04
   endloop
 endfacet
 facet normal  0.000000e+00  1.000000e+00  0.000000e+00
   outer loop
     vertex -9.553051e-03 -4.210000e-01  4.256723e-03
     vertex -9.550520e-03 -4.210000e-01  4.764745e-03
     vertex -9.094116e-03 -4.210000e-01  4.514416e-03
   endloop
 endfacet
 facet normal  0.000000e+00  1.000000e+00  0.000000e+00
   outer loop
     vertex -2.977664e-03 -4.210000e-01  5.752409e-03
     vertex -2.960381e-03 -4.210000e-01  5.244273e-03
     vertex -3.438438e-03 -4.210000e-01  5.504225e-03
   endloop
 endfacet
 facet normal  0.000000e+00  1.000000e+00  0.000000e+00
   outer loop
     vertex -2.960381e-03 -4.210000e-01  5.244273e-03
     vertex -3.428624e-03 -4.210000e-01  4.997020e-03
     vertex -3.438438e-03 -4.210000e-01  5.504225e-03
   endloop
 endfacet
 facet normal  0.000000e+00  1.000000e+00  0.000000e+00
   outer loop
     vertex -9.602896e-03 -4.210000e-01  7.102935e-04
     vertex -9.567024e-03 -4.210000e-01  1.219560e-03
     vertex -9.080299e-03 -4.210000e-01  9.466513e-04
   endloop
 endfacet
 facet normal -0.000000e+00  1.000000e+00  0.000000e+00
   outer loop
     vertex -6.939524e-03 -4.210000e-01  9.583471e-03
     vertex -6.476114e-03 -4.210000e-01  9.589506e-03
     vertex -6.702369e-03 -4.210000e-01  9.122673e-03
   endloop
 endfacet
 facet normal  0.000000e+00  1.000000e+00  0.000000e+00
   outer loop
     vertex -9.567024e-03 -4.210000e-01  1.219560e-03
     vertex -9.565837e-03 -4.210000e-01  1.752137e-03
     vertex -9.130829e-03 -4.210000e-01  1.523580e-03
   endloop
 endfacet
 facet normal -0.000000e+00  1.000000e+00  0.000000e+00
   outer loop
     vertex -9.565837e-03 -4.210000e-01  1.752137e-03
     vertex -9.121931e-03 -4.210000e-01  2.024932e-03
     vertex -9.130829e-03 -4.210000e-01  1.523580e-03
   endloop
 endfacet
 facet normal -0.000000e+00  1.000000e+00  0.000000e+00
   outer loop
     vertex -9.606226e-03 -4.210000e-01  9.178286e-03
     vertex -9.348587e-03 -4.210000e-01  9.584972e-03
     vertex -9.126685e-03 -4.210000e-01  9.044726e-03
   endloop
 endfacet
 facet normal  0.000000e+00  1.000000e+00  0.000000e+00
   outer loop
     vertex -9.556155e-03 -4.210000e-01  3.749613e-03
     vertex -9.553051e-03 -4.210000e-01  4.256723e-03
     vertex -9.109413e-03 -4.210000e-01  4.004500e-03
   endloop
 endfacet
 facet normal  0.000000e+00  1.000000e+00  0.000000e+00
   outer loop
     vertex -9.106607e-03 -4.210000e-01  3.496943e-03
     vertex -9.556155e-03 -4.210000e-01  3.749613e-03
     vertex -9.109413e-03 -4.210000e-01  4.004500e-03
   endloop
 endfacet
 facet normal -0.000000e+00  1.000000e+00  0.000000e+00
   outer loop
     vertex -9.553051e-03 -4.210000e-01  4.256723e-03
     vertex -9.094116e-03 -4.210000e-01  4.514416e-03
     vertex -9.109413e-03 -4.210000e-01  4.004500e-03
   endloop
 endfacet
 facet normal  0.000000e+00  1.000000e+00  0.000000e+00
   outer loop
     vertex -9.547795e-03 -4.210000e-01  5.239265e-03
     vertex -9.544768e-03 -4.210000e-01  5.744413e-03
     vertex -9.082487e-03 -4.210000e-01  5.495551e-03
   endloop
 endfacet
 facet normal  0.000000e+00  1.000000e+00 -0.000000e+00
   outer loop
     vertex -9.545801e-03 -4.210000e-01  6.245257e-03
     vertex -9.550111e-03 -4.210000e-01  6.749061e-03
     vertex -9.084805e-03 -4.210000e-01  6.483640e-03
   endloop
 endfacet
 facet normal  0.000000e+00  1.000000e+00 -0.000000e+00
   outer loop
     vertex -9.555138e-03 -4.210000e-01  7.221612e-03
     vertex -9.563023e-03 -4.210000e-01  7.725153e-03
     vertex -9.104457e-03 -4.210000e-01  7.461131e-03
   endloop
 endfacet
 facet normal  0.000000e+00  1.000000e+00 -0.000000e+00
   outer loop
     vertex -9.571222e-03 -4.210000e-01  8.230031e-03
     vertex -9.571685e-03 -4.210000e-01  8.740815e-03
     vertex -9.151431e-03 -4.210000e-01  8.467041e-03
   endloop
 endfacet
 facet normal -0.000000e+00  1.000000e+00  0.000000e+00
   outer loop
     vertex -9.571685e-03 -4.210000e-01  8.740815e-03
     vertex -9.126685e-03 -4.210000e-01  9.044726e-03
     vertex -9.151431e-03 -4.210000e-01  8.467041e-03
   endloop
 endfacet
 facet normal -0.000000e+00  1.000000e+00  0.000000e+00
   outer loop
     vertex -8.355533e-03 -4.210000e-01  9.599326e-03
     vertex -7.878223e-03 -4.210000e-01  9.602767e-03
     vertex -8.088896e-03 -4.210000e-01  9.164207e-03
   endloop
 endfacet
 facet normal -0.000000e+00  1.000000e+00  0.000000e+00
   outer loop
     vertex -6.010262e-03 -4.210000e-01  9.590898e-03
     vertex -5.544112e-03 -4.210000e-01  9.594798e-03
     vertex -5.768041e-03 -4.210000e-01  9.126311e-03
   endloop
 endfacet
 facet normal  0.000000e+00  1.000000e+00  0.000000e+00
   outer loop
     vertex -2.963793e-03 -4.210000e-01  8.247161e-03
     vertex -2.969643e-03 -4.210000e-01  7.735794e-03
     vertex -3.431330e-03 -4.210000e-01  7.986063e-03
   endloop
 endfacet
 facet normal  0.000000e+00  1.000000e+00  0.000000e+00
   outer loop
     vertex -2.969643e-03 -4.210000e-01  7.735794e-03
     vertex -3.439970e-03 -4.210000e-01  7.481180e-03
     vertex -3.431330e-03 -4.210000e-01  7.986063e-03
   endloop
 endfacet
 facet normal  0.000000e+00  1.000000e+00  0.000000e+00
   outer loop
     vertex -9.348587e-03 -4.210000e-01  9.584972e-03
     vertex -8.848763e-03 -4.210000e-01  9.576482e-03
     vertex -9.126685e-03 -4.210000e-01  9.044726e-03
   endloop
 endfacet
 facet normal  0.000000e+00  1.000000e+00  0.000000e+00
   outer loop
     vertex -2.931452e-03 -4.210000e-01  9.314975e-03
     vertex -2.951685e-03 -4.210000e-01  8.798264e-03
     vertex -3.427122e-03 -4.210000e-01  9.090303e-03
   endloop
 endfacet
 facet normal  0.000000e+00  1.000000e+00  0.000000e+00
   outer loop
     vertex -2.951685e-03 -4.210000e-01  8.798264e-03
     vertex -3.419266e-03 -4.210000e-01  8.486828e-03
     vertex -3.427122e-03 -4.210000e-01  9.090303e-03
   endloop
 endfacet
 facet normal -0.000000e+00  1.000000e+00  0.000000e+00
   outer loop
     vertex -8.848763e-03 -4.210000e-01  9.576482e-03
     vertex -8.355533e-03 -4.210000e-01  9.599326e-03
     vertex -8.573836e-03 -4.210000e-01  9.143476e-03
   endloop
 endfacet
 facet normal  0.000000e+00  1.000000e+00  0.000000e+00
   outer loop
     vertex -9.126685e-03 -4.210000e-01  9.044726e-03
     vertex -8.848763e-03 -4.210000e-01  9.576482e-03
     vertex -8.573836e-03 -4.210000e-01  9.143476e-03
   endloop
 endfacet
 facet normal  0.000000e+00  1.000000e+00  0.000000e+00
   outer loop
     vertex -8.355533e-03 -4.210000e-01  9.599326e-03
     vertex -8.088896e-03 -4.210000e-01  9.164207e-03
     vertex -8.573836e-03 -4.210000e-01  9.143476e-03
   endloop
 endfacet
 facet normal -0.000000e+00  1.000000e+00  0.000000e+00
   outer loop
     vertex -6.476114e-03 -4.210000e-01  9.589506e-03
     vertex -6.010262e-03 -4.210000e-01  9.590898e-03
     vertex -6.237045e-03 -4.210000e-01  9.122626e-03
   endloop
 endfacet
 facet normal -0.000000e+00  1.000000e+00  0.000000e+00
   outer loop
     vertex -6.702369e-03 -4.210000e-01  9.122673e-03
     vertex -6.476114e-03 -4.210000e-01  9.589506e-03
     vertex -6.237045e-03 -4.210000e-01  9.122626e-03
   endloop
 endfacet
 facet normal  0.000000e+00  1.000000e+00  0.000000e+00
   outer loop
     vertex -6.010262e-03 -4.210000e-01  9.590898e-03
     vertex -5.768041e-03 -4.210000e-01  9.126311e-03
     vertex -6.237045e-03 -4.210000e-01  9.122626e-03
   endloop
 endfacet
 facet normal -0.000000e+00  1.000000e+00  0.000000e+00
   outer loop
     vertex -5.080397e-03 -4.210000e-01  9.602931e-03
     vertex -4.620827e-03 -4.210000e-01  9.610402e-03
     vertex -4.842546e-03 -4.210000e-01  9.163055e-03
   endloop
 endfacet
 facet normal  0.000000e+00  1.000000e+00  0.000000e+00
   outer loop
     vertex -4.144152e-03 -4.210000e-01  9.609764e-03
     vertex -3.690133e-03 -4.210000e-01  9.599045e-03
     vertex -3.919404e-03 -4.210000e-01  9.172605e-03
   endloop
 endfacet
 facet normal  0.000000e+00  1.000000e+00  0.000000e+00
   outer loop
     vertex -2.957415e-03 -4.210000e-01  6.758279e-03
     vertex -2.969403e-03 -4.210000e-01  6.237272e-03
     vertex -3.456287e-03 -4.210000e-01  6.491189e-03
   endloop
 endfacet
 facet normal  0.000000e+00  1.000000e+00  0.000000e+00
   outer loop
     vertex -2.969403e-03 -4.210000e-01  6.237272e-03
     vertex -3.434664e-03 -4.210000e-01  5.987586e-03
     vertex -3.456287e-03 -4.210000e-01  6.491189e-03
   endloop
 endfacet
 facet normal  0.000000e+00  1.000000e+00  0.000000e+00
   outer loop
     vertex -2.972108e-03 -4.210000e-01  2.759639e-03
     vertex -2.985288e-03 -4.210000e-01  2.232122e-03
     vertex -3.487786e-03 -4.210000e-01  2.484155e-03
   endloop
 endfacet
 facet normal  0.000000e+00  1.000000e+00  0.000000e+00
   outer loop
     vertex -2.985288e-03 -4.210000e-01  2.232122e-03
     vertex -3.464779e-03 -4.210000e-01  1.972470e-03
     vertex -3.487786e-03 -4.210000e-01  2.484155e-03
   endloop
 endfacet
 facet normal  0.000000e+00  1.000000e+00  0.000000e+00
   outer loop
     vertex -2.919519e-03 -4.210000e-01  8.254753e-04
     vertex -3.142630e-03 -4.210000e-01  4.356786e-04
     vertex -3.399178e-03 -4.210000e-01  9.436552e-04
   endloop
 endfacet
 facet normal  0.000000e+00  1.000000e+00  0.000000e+00
   outer loop
     vertex -2.976309e-03 -4.210000e-01  7.247651e-03
     vertex -2.957415e-03 -4.210000e-01  6.758279e-03
     vertex -3.453403e-03 -4.210000e-01  7.004525e-03
   endloop
 endfacet
 facet normal  0.000000e+00  1.000000e+00  0.000000e+00
   outer loop
     vertex -2.957415e-03 -4.210000e-01  6.758279e-03
     vertex -3.456287e-03 -4.210000e-01  6.491189e-03
     vertex -3.453403e-03 -4.210000e-01  7.004525e-03
   endloop
 endfacet
 facet normal  0.000000e+00  1.000000e+00  0.000000e+00
   outer loop
     vertex -5.058443e-03 -4.210000e-01  4.565013e-04
     vertex -5.521501e-03 -4.210000e-01  4.461368e-04
     vertex -5.257922e-03 -4.210000e-01  9.019257e-04
   endloop
 endfacet
 facet normal  0.000000e+00  1.000000e+00 -0.000000e+00
   outer loop
     vertex -5.521501e-03 -4.210000e-01  4.461368e-04
     vertex -5.759975e-03 -4.210000e-01  9.232043e-04
     vertex -5.257922e-03 -4.210000e-01  9.019257e-04
   endloop
 endfacet
 facet normal  0.000000e+00  1.000000e+00  0.000000e+00
   outer loop
     vertex -9.561342e-03 -4.210000e-01  2.767539e-03
     vertex -9.559193e-03 -4.210000e-01  3.241733e-03
     vertex -9.114553e-03 -4.210000e-01  3.007927e-03
   endloop
 endfacet
 facet normal -0.000000e+00  1.000000e+00  0.000000e+00
   outer loop
     vertex -9.559193e-03 -4.210000e-01  3.241733e-03
     vertex -9.106607e-03 -4.210000e-01  3.496943e-03
     vertex -9.114553e-03 -4.210000e-01  3.007927e-03
   endloop
 endfacet
 facet normal  0.000000e+00  1.000000e+00  0.000000e+00
   outer loop
     vertex -7.412855e-03 -4.210000e-01  9.588930e-03
     vertex -6.939524e-03 -4.210000e-01  9.583471e-03
     vertex -7.166690e-03 -4.210000e-01  9.133435e-03
   endloop
 endfacet
 facet normal  0.000000e+00  1.000000e+00  0.000000e+00
   outer loop
     vertex -6.939524e-03 -4.210000e-01  9.583471e-03
     vertex -6.702369e-03 -4.210000e-01  9.122673e-03
     vertex -7.166690e-03 -4.210000e-01  9.133435e-03
   endloop
 endfacet
 facet normal  0.000000e+00  1.000000e+00  0.000000e+00
   outer loop
     vertex -3.472616e-03 -4.210000e-01  2.998846e-03
     vertex -2.972108e-03 -4.210000e-01  2.759639e-03
     vertex -3.487786e-03 -4.210000e-01  2.484155e-03
   endloop
 endfacet
 facet normal  0.000000e+00  1.000000e+00  0.000000e+00
   outer loop
     vertex -4.307174e-03 -4.210000e-01  8.724928e-04
     vertex -4.568863e-03 -4.210000e-01  4.452165e-04
     vertex -4.772299e-03 -4.210000e-01  9.131161e-04
   endloop
 endfacet
 facet normal  0.000000e+00  1.000000e+00  0.000000e+00
   outer loop
     vertex -4.568863e-03 -4.210000e-01  4.452165e-04
     vertex -5.058443e-03 -4.210000e-01  4.565013e-04
     vertex -4.772299e-03 -4.210000e-01  9.131161e-04
   endloop
 endfacet
 facet normal  0.000000e+00  1.000000e+00  0.000000e+00
   outer loop
     vertex -2.980358e-03 -4.210000e-01  3.762232e-03
     vertex -3.463281e-03 -4.210000e-01  3.514634e-03
     vertex -3.434839e-03 -4.210000e-01  4.001880e-03
   endloop
 endfacet
 facet normal  0.000000e+00  1.000000e+00 -0.000000e+00
   outer loop
     vertex -3.641551e-03 -4.210000e-01  4.136457e-04
     vertex -3.875291e-03 -4.210000e-01  7.790727e-04
     vertex -3.399178e-03 -4.210000e-01  9.436552e-04
   endloop
 endfacet
 facet normal  0.000000e+00  1.000000e+00  0.000000e+00
   outer loop
     vertex -3.399178e-03 -4.210000e-01  9.436552e-04
     vertex -3.142630e-03 -4.210000e-01  4.356786e-04
     vertex -3.641551e-03 -4.210000e-01  4.136457e-04
   endloop
 endfacet
 facet normal  0.000000e+00  1.000000e+00  0.000000e+00
   outer loop
     vertex -2.992903e-03 -4.210000e-01  1.741139e-03
     vertex -2.972417e-03 -4.210000e-01  1.254877e-03
     vertex -3.434265e-03 -4.210000e-01  1.472151e-03
   endloop
 endfacet
 facet normal  0.000000e+00  1.000000e+00  0.000000e+00
   outer loop
     vertex -2.970774e-03 -4.210000e-01  4.748680e-03
     vertex -3.426985e-03 -4.210000e-01  4.511093e-03
     vertex -3.428624e-03 -4.210000e-01  4.997020e-03
   endloop
 endfacet
 facet normal  0.000000e+00  1.000000e+00  0.000000e+00
   outer loop
     vertex -3.434265e-03 -4.210000e-01  1.472151e-03
     vertex -2.972417e-03 -4.210000e-01  1.254877e-03
     vertex -3.399178e-03 -4.210000e-01  9.436552e-04
   endloop
 endfacet
 facet normal  0.000000e+00  1.000000e+00  0.000000e+00
   outer loop
     vertex -2.992903e-03 -4.210000e-01  1.741139e-03
     vertex -3.434265e-03 -4.210000e-01  1.472151e-03
     vertex -3.464779e-03 -4.210000e-01  1.972470e-03
   endloop
 endfacet
 facet normal  0.000000e+00  1.000000e+00 -0.000000e+00
   outer loop
     vertex -9.531250e-03 -4.210000e-01  0.000000e+00
     vertex -9.602896e-03 -4.210000e-01  7.102935e-04
     vertex -9.234381e-03 -4.210000e-01  4.129317e-04
   endloop
 endfacet
 facet normal  0.000000e+00  1.000000e+00 -0.000000e+00
   outer loop
     vertex -9.121931e-03 -4.210000e-01  2.024932e-03
     vertex -9.563235e-03 -4.210000e-01  2.260638e-03
     vertex -9.116616e-03 -4.210000e-01  2.516405e-03
   endloop
 endfacet
 facet normal  0.000000e+00  1.000000e+00  0.000000e+00
   outer loop
     vertex -9.563235e-03 -4.210000e-01  2.260638e-03
     vertex -9.561342e-03 -4.210000e-01  2.767539e-03
     vertex -9.116616e-03 -4.210000e-01  2.516405e-03
   endloop
 endfacet
 facet normal  0.000000e+00  1.000000e+00 -0.000000e+00
   outer loop
     vertex -9.082487e-03 -4.210000e-01  5.495551e-03
     vertex -9.544768e-03 -4.210000e-01  5.744413e-03
     vertex -9.080812e-03 -4.210000e-01  5.990797e-03
   endloop
 endfacet
 facet normal  0.000000e+00  1.000000e+00 -0.000000e+00
   outer loop
     vertex -9.544768e-03 -4.210000e-01  5.744413e-03
     vertex -9.545801e-03 -4.210000e-01  6.245257e-03
     vertex -9.080812e-03 -4.210000e-01  5.990797e-03
   endloop
 endfacet
 facet normal  0.000000e+00  1.000000e+00  0.000000e+00
   outer loop
     vertex -8.574737e-03 -4.210000e-01  8.506851e-04
     vertex -8.796247e-03 -4.210000e-01  4.457306e-04
     vertex -9.080299e-03 -4.210000e-01  9.466513e-04
   endloop
 endfacet
 facet normal  0.000000e+00  1.000000e+00  0.000000e+00
   outer loop
     vertex -6.959048e-03 -4.210000e-01  4.601488e-04
     vertex -7.412061e-03 -4.210000e-01  4.509518e-04
     vertex -7.190492e-03 -4.210000e-01  8.957560e-04
   endloop
 endfacet
 facet normal  0.000000e+00  1.000000e+00  0.000000e+00
   outer loop
     vertex -7.871177e-03 -4.210000e-01  4.270342e-04
     vertex -8.350676e-03 -4.210000e-01  4.309747e-04
     vertex -8.107530e-03 -4.210000e-01  8.400706e-04
   endloop
 endfacet
 facet normal  0.000000e+00  1.000000e+00  0.000000e+00
   outer loop
     vertex -8.796247e-03 -4.210000e-01  4.457306e-04
     vertex -9.234381e-03 -4.210000e-01  4.129317e-04
     vertex -9.080299e-03 -4.210000e-01  9.466513e-04
   endloop
 endfacet
 facet normal  0.000000e+00  1.000000e+00  0.000000e+00
   outer loop
     vertex -2.977664e-03 -4.210000e-01  5.752409e-03
     vertex -3.438438e-03 -4.210000e-01  5.504225e-03
     vertex -3.434664e-03 -4.210000e-01  5.987586e-03
   endloop
 endfacet
 facet normal  0.000000e+00  1.000000e+00  0.000000e+00
   outer loop
     vertex -9.080299e-03 -4.210000e-01  9.466513e-04
     vertex -9.567024e-03 -4.210000e-01  1.219560e-03
     vertex -9.130829e-03 -4.210000e-01  1.523580e-03
   endloop
 endfacet
 facet normal  0.000000e+00  1.000000e+00  0.000000e+00
   outer loop
     vertex -3.439970e-03 -4.210000e-01  7.481180e-03
     vertex -2.976309e-03 -4.210000e-01  7.247651e-03
     vertex -3.453403e-03 -4.210000e-01  7.004525e-03
   endloop
 endfacet
 facet normal  0.000000e+00  1.000000e+00  0.000000e+00
   outer loop
     vertex -9.104457e-03 -4.210000e-01  7.461131e-03
     vertex -9.563023e-03 -4.210000e-01  7.725153e-03
     vertex -9.130182e-03 -4.210000e-01  7.950058e-03
   endloop
 endfacet
 facet normal  0.000000e+00  1.000000e+00 -0.000000e+00
   outer loop
     vertex -9.563023e-03 -4.210000e-01  7.725153e-03
     vertex -9.571222e-03 -4.210000e-01  8.230031e-03
     vertex -9.130182e-03 -4.210000e-01  7.950058e-03
   endloop
 endfacet
 facet normal  0.000000e+00  1.000000e+00  0.000000e+00
   outer loop
     vertex -9.084805e-03 -4.210000e-01  6.483640e-03
     vertex -9.550111e-03 -4.210000e-01  6.749061e-03
     vertex -9.097999e-03 -4.210000e-01  6.973478e-03
   endloop
 endfacet
 facet normal  0.000000e+00  1.000000e+00 -0.000000e+00
   outer loop
     vertex -9.550111e-03 -4.210000e-01  6.749061e-03
     vertex -9.555138e-03 -4.210000e-01  7.221612e-03
     vertex -9.097999e-03 -4.210000e-01  6.973478e-03
   endloop
 endfacet
 facet normal  0.000000e+00  1.000000e+00  0.000000e+00
   outer loop
     vertex -9.550520e-03 -4.210000e-01  4.764745e-03
     vertex -9.547795e-03 -4.210000e-01  5.239265e-03
     vertex -9.091966e-03 -4.210000e-01  5.003260e-03
   endloop
 endfacet
 facet normal -0.000000e+00  1.000000e+00  0.000000e+00
   outer loop
     vertex -9.545801e-03 -4.210000e-01  6.245257e-03
     vertex -9.084805e-03 -4.210000e-01  6.483640e-03
     vertex -9.080812e-03 -4.210000e-01  5.990797e-03
   endloop
 endfacet
 facet normal -0.000000e+00  1.000000e+00  0.000000e+00
   outer loop
     vertex -9.555138e-03 -4.210000e-01  7.221612e-03
     vertex -9.104457e-03 -4.210000e-01  7.461131e-03
     vertex -9.097999e-03 -4.210000e-01  6.973478e-03
   endloop
 endfacet
 facet normal -0.000000e+00  1.000000e+00  0.000000e+00
   outer loop
     vertex -9.550520e-03 -4.210000e-01  4.764745e-03
     vertex -9.091966e-03 -4.210000e-01  5.003260e-03
     vertex -9.094116e-03 -4.210000e-01  4.514416e-03
   endloop
 endfacet
 facet normal -0.000000e+00  1.000000e+00  0.000000e+00
   outer loop
     vertex -9.571222e-03 -4.210000e-01  8.230031e-03
     vertex -9.151431e-03 -4.210000e-01  8.467041e-03
     vertex -9.130182e-03 -4.210000e-01  7.950058e-03
   endloop
 endfacet
 facet normal -0.000000e+00  1.000000e+00  0.000000e+00
   outer loop
     vertex -8.088896e-03 -4.210000e-01  9.164207e-03
     vertex -7.878223e-03 -4.210000e-01  9.602767e-03
     vertex -7.625909e-03 -4.210000e-01  9.146447e-03
   endloop
 endfacet
 facet normal  0.000000e+00  1.000000e+00  0.000000e+00
   outer loop
     vertex -7.878223e-03 -4.210000e-01  9.602767e-03
     vertex -7.412855e-03 -4.210000e-01  9.588930e-03
     vertex -7.625909e-03 -4.210000e-01  9.146447e-03
   endloop
 endfacet
 facet normal  0.000000e+00  1.000000e+00  0.000000e+00
   outer loop
     vertex -2.963793e-03 -4.210000e-01  8.247161e-03
     vertex -3.431330e-03 -4.210000e-01  7.986063e-03
     vertex -3.419266e-03 -4.210000e-01  8.486828e-03
   endloop
 endfacet
 facet normal  0.000000e+00  1.000000e+00  0.000000e+00
   outer loop
     vertex -7.643473e-03 -4.210000e-01  8.795265e-04
     vertex -7.871177e-03 -4.210000e-01  4.270342e-04
     vertex -8.107530e-03 -4.210000e-01  8.400706e-04
   endloop
 endfacet
 facet normal -0.000000e+00  1.000000e+00  0.000000e+00
   outer loop
     vertex -3.919404e-03 -4.210000e-01  9.172605e-03
     vertex -3.690133e-03 -4.210000e-01  9.599045e-03
     vertex -3.427122e-03 -4.210000e-01  9.090303e-03
   endloop
 endfacet
 facet normal -0.000000e+00  1.000000e+00  0.000000e+00
   outer loop
     vertex -5.544112e-03 -4.210000e-01  9.594798e-03
     vertex -5.080397e-03 -4.210000e-01  9.602931e-03
     vertex -5.300350e-03 -4.210000e-01  9.138700e-03
   endloop
 endfacet
 facet normal  0.000000e+00  1.000000e+00  0.000000e+00
   outer loop
     vertex -4.620827e-03 -4.210000e-01  9.610402e-03
     vertex -4.144152e-03 -4.210000e-01  9.609764e-03
     vertex -4.390795e-03 -4.210000e-01  9.212392e-03
   endloop
 endfacet
 facet normal  0.000000e+00  1.000000e+00 -0.000000e+00
   outer loop
     vertex -5.058443e-03 -4.210000e-01  4.565013e-04
     vertex -5.257922e-03 -4.210000e-01  9.019257e-04
     vertex -4.772299e-03 -4.210000e-01  9.131161e-04
   endloop
 endfacet
 facet normal -0.000000e+00  1.000000e+00  0.000000e+00
   outer loop
     vertex -3.690133e-03 -4.210000e-01  9.599045e-03
     vertex -3.274006e-03 -4.210000e-01  9.609753e-03
     vertex -3.427122e-03 -4.210000e-01  9.090303e-03
   endloop
 endfacet
 facet normal  0.000000e+00  1.000000e+00  0.000000e+00
   outer loop
     vertex -2.968750e-03 -4.210000e-01  1.000000e-02
     vertex -2.931452e-03 -4.210000e-01  9.314975e-03
     vertex -3.274006e-03 -4.210000e-01  9.609753e-03
   endloop
 endfacet
 facet normal  0.000000e+00  1.000000e+00  0.000000e+00
   outer loop
     vertex -5.768041e-03 -4.210000e-01  9.126311e-03
     vertex -5.544112e-03 -4.210000e-01  9.594798e-03
     vertex -5.300350e-03 -4.210000e-01  9.138700e-03
   endloop
 endfacet
 facet normal  0.000000e+00  1.000000e+00  0.000000e+00
   outer loop
     vertex -4.842546e-03 -4.210000e-01  9.163055e-03
     vertex -4.620827e-03 -4.210000e-01  9.610402e-03
     vertex -4.390795e-03 -4.210000e-01  9.212392e-03
   endloop
 endfacet
 facet normal  0.000000e+00  1.000000e+00  0.000000e+00
   outer loop
     vertex -6.731222e-03 -4.210000e-01  9.175911e-04
     vertex -6.959048e-03 -4.210000e-01  4.601488e-04
     vertex -7.190492e-03 -4.210000e-01  8.957560e-04
   endloop
 endfacet
 facet normal  0.000000e+00  1.000000e+00 -0.000000e+00
   outer loop
     vertex -9.234381e-03 -4.210000e-01  4.129317e-04
     vertex -9.602896e-03 -4.210000e-01  7.102935e-04
     vertex -9.080299e-03 -4.210000e-01  9.466513e-04
   endloop
 endfacet
 facet normal  0.000000e+00  1.000000e+00  0.000000e+00
   outer loop
     vertex -3.274006e-03 -4.210000e-01  9.609753e-03
     vertex -2.931452e-03 -4.210000e-01  9.314975e-03
     vertex -3.427122e-03 -4.210000e-01  9.090303e-03
   endloop
 endfacet
 facet normal  0.000000e+00  1.000000e+00  0.000000e+00
   outer loop
     vertex -8.107530e-03 -4.210000e-01  8.400706e-04
     vertex -8.350676e-03 -4.210000e-01  4.309747e-04
     vertex -8.574737e-03 -4.210000e-01  8.506851e-04
   endloop
 endfacet
 facet normal  0.000000e+00  1.000000e+00  0.000000e+00
   outer loop
     vertex -7.190492e-03 -4.210000e-01  8.957560e-04
     vertex -7.412061e-03 -4.210000e-01  4.509518e-04
     vertex -7.643473e-03 -4.210000e-01  8.795265e-04
   endloop
 endfacet
 facet normal  0.000000e+00  1.000000e+00 -0.000000e+00
   outer loop
     vertex -9.116616e-03 -4.210000e-01  2.516405e-03
     vertex -9.561342e-03 -4.210000e-01  2.767539e-03
     vertex -9.114553e-03 -4.210000e-01  3.007927e-03
   endloop
 endfacet
 facet normal  0.000000e+00  1.000000e+00 -0.000000e+00
   outer loop
     vertex -9.091966e-03 -4.210000e-01  5.003260e-03
     vertex -9.547795e-03 -4.210000e-01  5.239265e-03
     vertex -9.082487e-03 -4.210000e-01  5.495551e-03
   endloop
 endfacet
 facet normal -0.000000e+00  1.000000e+00  0.000000e+00
   outer loop
     vertex -7.625909e-03 -4.210000e-01  9.146447e-03
     vertex -7.412855e-03 -4.210000e-01  9.588930e-03
     vertex -7.166690e-03 -4.210000e-01  9.133435e-03
   endloop
 endfacet
 facet normal -0.000000e+00  1.000000e+00  0.000000e+00
   outer loop
     vertex -4.390795e-03 -4.210000e-01  9.212392e-03
     vertex -4.144152e-03 -4.210000e-01  9.609764e-03
     vertex -3.919404e-03 -4.210000e-01  9.172605e-03
   endloop
 endfacet
 facet normal  0.000000e+00  1.000000e+00  0.000000e+00
   outer loop
     vertex -5.300350e-03 -4.210000e-01  9.138700e-03
     vertex -5.080397e-03 -4.210000e-01  9.602931e-03
     vertex -4.842546e-03 -4.210000e-01  9.163055e-03
   endloop
 endfacet
 facet normal  0.000000e+00  1.000000e+00  0.000000e+00
   outer loop
     vertex -8.107530e-03 -4.210000e-01  8.400706e-04
     vertex -8.574737e-03 -4.210000e-01  8.506851e-04
     vertex -8.309479e-03 -4.210000e-01  1.177668e-03
   endloop
 endfacet
 facet normal  0.000000e+00  1.000000e+00  0.000000e+00
   outer loop
     vertex -9.091966e-03 -4.210000e-01  5.003260e-03
     vertex -9.082487e-03 -4.210000e-01  5.495551e-03
     vertex -8.636811e-03 -4.210000e-01  5.247829e-03
   endloop
 endfacet
 facet normal  0.000000e+00  1.000000e+00  0.000000e+00
   outer loop
     vertex -4.307174e-03 -4.210000e-01  8.724928e-04
     vertex -4.772299e-03 -4.210000e-01  9.131161e-04
     vertex -4.434844e-03 -4.210000e-01  1.375509e-03
   endloop
 endfacet
 facet normal  0.000000e+00  1.000000e+00  0.000000e+00
   outer loop
     vertex -3.399178e-03 -4.210000e-01  9.436552e-04
     vertex -3.875291e-03 -4.210000e-01  7.790727e-04
     vertex -3.902539e-03 -4.210000e-01  1.220294e-03
   endloop
 endfacet
 facet normal  0.000000e+00  1.000000e+00  0.000000e+00
   outer loop
     vertex -3.434265e-03 -4.210000e-01  1.472151e-03
     vertex -3.399178e-03 -4.210000e-01  9.436552e-04
     vertex -3.902539e-03 -4.210000e-01  1.220294e-03
   endloop
 endfacet
 facet normal  0.000000e+00  1.000000e+00  0.000000e+00
   outer loop
     vertex -3.875291e-03 -4.210000e-01  7.790727e-04
     vertex -4.307174e-03 -4.210000e-01  8.724928e-04
     vertex -3.902539e-03 -4.210000e-01  1.220294e-03
   endloop
 endfacet
 facet normal  0.000000e+00  1.000000e+00  0.000000e+00
   outer loop
     vertex -4.390795e-03 -4.210000e-01  9.212392e-03
     vertex -3.919404e-03 -4.210000e-01  9.172605e-03
     vertex -4.181539e-03 -4.210000e-01  8.848274e-03
   endloop
 endfacet
 facet normal  0.000000e+00  1.000000e+00  0.000000e+00
   outer loop
     vertex -3.464779e-03 -4.210000e-01  1.972470e-03
     vertex -3.434265e-03 -4.210000e-01  1.472151e-03
     vertex -3.923961e-03 -4.210000e-01  1.722536e-03
   endloop
 endfacet
 facet normal  0.000000e+00  1.000000e+00  0.000000e+00
   outer loop
     vertex -3.434265e-03 -4.210000e-01  1.472151e-03
     vertex -3.902539e-03 -4.210000e-01  1.220294e-03
     vertex -3.923961e-03 -4.210000e-01  1.722536e-03
   endloop
 endfacet
 facet normal  0.000000e+00  1.000000e+00  0.000000e+00
   outer loop
     vertex -3.428624e-03 -4.210000e-01  4.997020e-03
     vertex -3.426985e-03 -4.210000e-01  4.511093e-03
     vertex -3.874442e-03 -4.210000e-01  4.752939e-03
   endloop
 endfacet
 facet normal  0.000000e+00  1.000000e+00  0.000000e+00
   outer loop
     vertex -9.116616e-03 -4.210000e-01  2.516405e-03
     vertex -9.114553e-03 -4.210000e-01  3.007927e-03
     vertex -8.684131e-03 -4.210000e-01  2.753806e-03
   endloop
 endfacet
 facet normal  0.000000e+00  1.000000e+00  0.000000e+00
   outer loop
     vertex -3.463281e-03 -4.210000e-01  3.514634e-03
     vertex -3.472616e-03 -4.210000e-01  2.998846e-03
     vertex -3.910214e-03 -4.210000e-01  3.257026e-03
   endloop
 endfacet
 facet normal  0.000000e+00  1.000000e+00 -0.000000e+00
   outer loop
     vertex -9.097999e-03 -4.210000e-01  6.973478e-03
     vertex -9.104457e-03 -4.210000e-01  7.461131e-03
     vertex -8.652946e-03 -4.210000e-01  7.209069e-03
   endloop
 endfacet
 facet normal  0.000000e+00  1.000000e+00  0.000000e+00
   outer loop
     vertex -3.434664e-03 -4.210000e-01  5.987586e-03
     vertex -3.438438e-03 -4.210000e-01  5.504225e-03
     vertex -3.878407e-03 -4.210000e-01  5.746575e-03
   endloop
 endfacet
 facet normal  0.000000e+00  1.000000e+00  0.000000e+00
   outer loop
     vertex -3.434839e-03 -4.210000e-01  4.001880e-03
     vertex -3.463281e-03 -4.210000e-01  3.514634e-03
     vertex -3.883716e-03 -4.210000e-01  3.761776e-03
   endloop
 endfacet
 facet normal  0.000000e+00  1.000000e+00  0.000000e+00
   outer loop
     vertex -3.463281e-03 -4.210000e-01  3.514634e-03
     vertex -3.910214e-03 -4.210000e-01  3.257026e-03
     vertex -3.883716e-03 -4.210000e-01  3.761776e-03
   endloop
 endfacet
 facet normal  0.000000e+00  1.000000e+00  0.000000e+00
   outer loop
     vertex -3.919404e-03 -4.210000e-01  9.172605e-03
     vertex -3.427122e-03 -4.210000e-01  9.090303e-03
     vertex -3.812836e-03 -4.210000e-01  8.695892e-03
   endloop
 endfacet
 facet normal -0.000000e+00  1.000000e+00  0.000000e+00
   outer loop
     vertex -4.181539e-03 -4.210000e-01  8.848274e-03
     vertex -3.919404e-03 -4.210000e-01  9.172605e-03
     vertex -3.812836e-03 -4.210000e-01  8.695892e-03
   endloop
 endfacet
 facet normal  0.000000e+00  1.000000e+00  0.000000e+00
   outer loop
     vertex -3.427122e-03 -4.210000e-01  9.090303e-03
     vertex -3.419266e-03 -4.210000e-01  8.486828e-03
     vertex -3.812836e-03 -4.210000e-01  8.695892e-03
   endloop
 endfacet
 facet normal  0.000000e+00  1.000000e+00  0.000000e+00
   outer loop
     vertex -7.190492e-03 -4.210000e-01  8.957560e-04
     vertex -7.643473e-03 -4.210000e-01  8.795265e-04
     vertex -7.449731e-03 -4.210000e-01  1.347258e-03
   endloop
 endfacet
 facet normal  0.000000e+00  1.000000e+00  0.000000e+00
   outer loop
     vertex -7.625909e-03 -4.210000e-01  9.146447e-03
     vertex -7.166690e-03 -4.210000e-01  9.133435e-03
     vertex -7.395755e-03 -4.210000e-01  8.698622e-03
   endloop
 endfacet
 facet normal  0.000000e+00  1.000000e+00  0.000000e+00
   outer loop
     vertex -9.121931e-03 -4.210000e-01  2.024932e-03
     vertex -9.116616e-03 -4.210000e-01  2.516405e-03
     vertex -8.687346e-03 -4.210000e-01  2.280993e-03
   endloop
 endfacet
 facet normal -0.000000e+00  1.000000e+00  0.000000e+00
   outer loop
     vertex -9.116616e-03 -4.210000e-01  2.516405e-03
     vertex -8.684131e-03 -4.210000e-01  2.753806e-03
     vertex -8.687346e-03 -4.210000e-01  2.280993e-03
   endloop
 endfacet
 facet normal  0.000000e+00  1.000000e+00  0.000000e+00
   outer loop
     vertex -3.439970e-03 -4.210000e-01  7.481180e-03
     vertex -3.453403e-03 -4.210000e-01  7.004525e-03
     vertex -3.901472e-03 -4.210000e-01  7.236443e-03
   endloop
 endfacet
 facet normal  0.000000e+00  1.000000e+00  0.000000e+00
   outer loop
     vertex -8.088896e-03 -4.210000e-01  9.164207e-03
     vertex -7.625909e-03 -4.210000e-01  9.146447e-03
     vertex -7.831189e-03 -4.210000e-01  8.740088e-03
   endloop
 endfacet
 facet normal  0.000000e+00  1.000000e+00  0.000000e+00
   outer loop
     vertex -7.625909e-03 -4.210000e-01  9.146447e-03
     vertex -7.395755e-03 -4.210000e-01  8.698622e-03
     vertex -7.831189e-03 -4.210000e-01  8.740088e-03
   endloop
 endfacet
 facet normal  0.000000e+00  1.000000e+00  0.000000e+00
   outer loop
     vertex -9.094116e-03 -4.210000e-01  4.514416e-03
     vertex -9.091966e-03 -4.210000e-01  5.003260e-03
     vertex -8.641483e-03 -4.210000e-01  4.753471e-03
   endloop
 endfacet
 facet normal -0.000000e+00  1.000000e+00  0.000000e+00
   outer loop
     vertex -9.091966e-03 -4.210000e-01  5.003260e-03
     vertex -8.636811e-03 -4.210000e-01  5.247829e-03
     vertex -8.641483e-03 -4.210000e-01  4.753471e-03
   endloop
 endfacet
 facet normal  0.000000e+00  1.000000e+00 -0.000000e+00
   outer loop
     vertex -9.080812e-03 -4.210000e-01  5.990797e-03
     vertex -9.084805e-03 -4.210000e-01  6.483640e-03
     vertex -8.631297e-03 -4.210000e-01  6.231484e-03
   endloop
 endfacet
 facet normal  0.000000e+00  1.000000e+00  0.000000e+00
   outer loop
     vertex -8.574737e-03 -4.210000e-01  8.506851e-04
     vertex -9.080299e-03 -4.210000e-01  9.466513e-04
     vertex -8.687670e-03 -4.210000e-01  1.316953e-03
   endloop
 endfacet
 facet normal  0.000000e+00  1.000000e+00  0.000000e+00
   outer loop
     vertex -8.309479e-03 -4.210000e-01  1.177668e-03
     vertex -8.574737e-03 -4.210000e-01  8.506851e-04
     vertex -8.687670e-03 -4.210000e-01  1.316953e-03
   endloop
 endfacet
 facet normal  0.000000e+00  1.000000e+00 -0.000000e+00
   outer loop
     vertex -9.080299e-03 -4.210000e-01  9.466513e-04
     vertex -9.130829e-03 -4.210000e-01  1.523580e-03
     vertex -8.687670e-03 -4.210000e-01  1.316953e-03
   endloop
 endfacet
 facet normal  0.000000e+00  1.000000e+00 -0.000000e+00
   outer loop
     vertex -9.084805e-03 -4.210000e-01  6.483640e-03
     vertex -9.097999e-03 -4.210000e-01  6.973478e-03
     vertex -8.641753e-03 -4.210000e-01  6.719067e-03
   endloop
 endfacet
 facet normal -0.000000e+00  1.000000e+00  0.000000e+00
   outer loop
     vertex -9.097999e-03 -4.210000e-01  6.973478e-03
     vertex -8.652946e-03 -4.210000e-01  7.209069e-03
     vertex -8.641753e-03 -4.210000e-01  6.719067e-03
   endloop
 endfacet
 facet normal  0.000000e+00  1.000000e+00  0.000000e+00
   outer loop
     vertex -7.643473e-03 -4.210000e-01  8.795265e-04
     vertex -8.107530e-03 -4.210000e-01  8.400706e-04
     vertex -7.904362e-03 -4.210000e-01  1.279087e-03
   endloop
 endfacet
 facet normal  0.000000e+00  1.000000e+00  0.000000e+00
   outer loop
     vertex -7.449731e-03 -4.210000e-01  1.347258e-03
     vertex -7.643473e-03 -4.210000e-01  8.795265e-04
     vertex -7.904362e-03 -4.210000e-01  1.279087e-03
   endloop
 endfacet
 facet normal  0.000000e+00  1.000000e+00 -0.000000e+00
   outer loop
     vertex -8.107530e-03 -4.210000e-01  8.400706e-04
     vertex -8.309479e-03 -4.210000e-01  1.177668e-03
     vertex -7.904362e-03 -4.210000e-01  1.279087e-03
   endloop
 endfacet
 facet normal  0.000000e+00  1.000000e+00  0.000000e+00
   outer loop
     vertex -3.456287e-03 -4.210000e-01  6.491189e-03
     vertex -3.434664e-03 -4.210000e-01  5.987586e-03
     vertex -3.873298e-03 -4.210000e-01  6.240168e-03
   endloop
 endfacet
 facet normal  0.000000e+00  1.000000e+00  0.000000e+00
   outer loop
     vertex -3.434664e-03 -4.210000e-01  5.987586e-03
     vertex -3.878407e-03 -4.210000e-01  5.746575e-03
     vertex -3.873298e-03 -4.210000e-01  6.240168e-03
   endloop
 endfacet
 facet normal -0.000000e+00  1.000000e+00  0.000000e+00
   outer loop
     vertex -4.842546e-03 -4.210000e-01  9.163055e-03
     vertex -4.390795e-03 -4.210000e-01  9.212392e-03
     vertex -4.595098e-03 -4.210000e-01  8.767064e-03
   endloop
 endfacet
 facet normal  0.000000e+00  1.000000e+00  0.000000e+00
   outer loop
     vertex -4.390795e-03 -4.210000e-01  9.212392e-03
     vertex -4.181539e-03 -4.210000e-01  8.848274e-03
     vertex -4.595098e-03 -4.210000e-01  8.767064e-03
   endloop
 endfacet
 facet normal  0.000000e+00  1.000000e+00  0.000000e+00
   outer loop
     vertex -6.731222e-03 -4.210000e-01  9.175911e-04
     vertex -7.190492e-03 -4.210000e-01  8.957560e-04
     vertex -6.953736e-03 -4.210000e-01  1.363198e-03
   endloop
 endfacet
 facet normal  0.000000e+00  1.000000e+00 -0.000000e+00
   outer loop
     vertex -7.190492e-03 -4.210000e-01  8.957560e-04
     vertex -7.449731e-03 -4.210000e-01  1.347258e-03
     vertex -6.953736e-03 -4.210000e-01  1.363198e-03
   endloop
 endfacet
 facet normal -0.000000e+00  1.000000e+00  0.000000e+00
   outer loop
     vertex -5.300350e-03 -4.210000e-01  9.138700e-03
     vertex -4.842546e-03 -4.210000e-01  9.163055e-03
     vertex -5.041483e-03 -4.210000e-01  8.717750e-03
   endloop
 endfacet
 facet normal  0.000000e+00  1.000000e+00  0.000000e+00
   outer loop
     vertex -4.842546e-03 -4.210000e-01  9.163055e-03
     vertex -4.595098e-03 -4.210000e-01  8.767064e-03
     vertex -5.041483e-03 -4.210000e-01  8.717750e-03
   endloop
 endfacet
 facet normal  0.000000e+00  1.000000e+00  0.000000e+00
   outer loop
     vertex -3.487786e-03 -4.210000e-01  2.484155e-03
     vertex -3.464779e-03 -4.210000e-01  1.972470e-03
     vertex -3.930651e-03 -4.210000e-01  2.236619e-03
   endloop
 endfacet
 facet normal  0.000000e+00  1.000000e+00  0.000000e+00
   outer loop
     vertex -3.464779e-03 -4.210000e-01  1.972470e-03
     vertex -3.923961e-03 -4.210000e-01  1.722536e-03
     vertex -3.930651e-03 -4.210000e-01  2.236619e-03
   endloop
 endfacet
 facet normal  0.000000e+00  1.000000e+00  0.000000e+00
   outer loop
     vertex -3.453403e-03 -4.210000e-01  7.004525e-03
     vertex -3.456287e-03 -4.210000e-01  6.491189e-03
     vertex -3.891332e-03 -4.210000e-01  6.742464e-03
   endloop
 endfacet
 facet normal  0.000000e+00  1.000000e+00  0.000000e+00
   outer loop
     vertex -3.456287e-03 -4.210000e-01  6.491189e-03
     vertex -3.873298e-03 -4.210000e-01  6.240168e-03
     vertex -3.891332e-03 -4.210000e-01  6.742464e-03
   endloop
 endfacet
 facet normal  0.000000e+00  1.000000e+00  0.000000e+00
   outer loop
     vertex -5.257922e-03 -4.210000e-01  9.019257e-04
     vertex -5.759975e-03 -4.210000e-01  9.232043e-04
     vertex -5.498948e-03 -4.210000e-01  1.322531e-03
   endloop
 endfacet
 facet normal  0.000000e+00  1.000000e+00  0.000000e+00
   outer loop
     vertex -3.431330e-03 -4.210000e-01  7.986063e-03
     vertex -3.439970e-03 -4.210000e-01  7.481180e-03
     vertex -3.885849e-03 -4.210000e-01  7.720686e-03
   endloop
 endfacet
 facet normal  0.000000e+00  1.000000e+00  0.000000e+00
   outer loop
     vertex -3.439970e-03 -4.210000e-01  7.481180e-03
     vertex -3.901472e-03 -4.210000e-01  7.236443e-03
     vertex -3.885849e-03 -4.210000e-01  7.720686e-03
   endloop
 endfacet
 facet normal  0.000000e+00  1.000000e+00  0.000000e+00
   outer loop
     vertex -9.151431e-03 -4.210000e-01  8.467041e-03
     vertex -9.126685e-03 -4.210000e-01  9.044726e-03
     vertex -8.736335e-03 -4.210000e-01  8.667225e-03
   endloop
 endfacet
 facet normal -0.000000e+00  1.000000e+00  0.000000e+00
   outer loop
     vertex -9.126685e-03 -4.210000e-01  9.044726e-03
     vertex -8.573836e-03 -4.210000e-01  9.143476e-03
     vertex -8.736335e-03 -4.210000e-01  8.667225e-03
   endloop
 endfacet
 facet normal  0.000000e+00  1.000000e+00  0.000000e+00
   outer loop
     vertex -9.130829e-03 -4.210000e-01  1.523580e-03
     vertex -9.121931e-03 -4.210000e-01  2.024932e-03
     vertex -8.699692e-03 -4.210000e-01  1.806697e-03
   endloop
 endfacet
 facet normal  0.000000e+00  1.000000e+00  0.000000e+00
   outer loop
     vertex -8.687670e-03 -4.210000e-01  1.316953e-03
     vertex -9.130829e-03 -4.210000e-01  1.523580e-03
     vertex -8.699692e-03 -4.210000e-01  1.806697e-03
   endloop
 endfacet
 facet normal -0.000000e+00  1.000000e+00  0.000000e+00
   outer loop
     vertex -9.121931e-03 -4.210000e-01  2.024932e-03
     vertex -8.687346e-03 -4.210000e-01  2.280993e-03
     vertex -8.699692e-03 -4.210000e-01  1.806697e-03
   endloop
 endfacet
 facet normal  0.000000e+00  1.000000e+00  0.000000e+00
   outer loop
     vertex -3.438438e-03 -4.210000e-01  5.504225e-03
     vertex -3.428624e-03 -4.210000e-01  4.997020e-03
     vertex -3.879669e-03 -4.210000e-01  5.260255e-03
   endloop
 endfacet
 facet normal  0.000000e+00  1.000000e+00  0.000000e+00
   outer loop
     vertex -3.428624e-03 -4.210000e-01  4.997020e-03
     vertex -3.874442e-03 -4.210000e-01  4.752939e-03
     vertex -3.879669e-03 -4.210000e-01  5.260255e-03
   endloop
 endfacet
 facet normal  0.000000e+00  1.000000e+00 -0.000000e+00
   outer loop
     vertex -9.130182e-03 -4.210000e-01  7.950058e-03
     vertex -9.151431e-03 -4.210000e-01  8.467041e-03
     vertex -8.735896e-03 -4.210000e-01  8.152160e-03
   endloop
 endfacet
 facet normal -0.000000e+00  1.000000e+00  0.000000e+00
   outer loop
     vertex -9.151431e-03 -4.210000e-01  8.467041e-03
     vertex -8.736335e-03 -4.210000e-01  8.667225e-03
     vertex -8.735896e-03 -4.210000e-01  8.152160e-03
   endloop
 endfacet
 facet normal  0.000000e+00  1.000000e+00  0.000000e+00
   outer loop
     vertex -3.426985e-03 -4.210000e-01  4.511093e-03
     vertex -3.434839e-03 -4.210000e-01  4.001880e-03
     vertex -3.865973e-03 -4.210000e-01  4.261443e-03
   endloop
 endfacet
 facet normal  0.000000e+00  1.000000e+00  0.000000e+00
   outer loop
     vertex -3.434839e-03 -4.210000e-01  4.001880e-03
     vertex -3.883716e-03 -4.210000e-01  3.761776e-03
     vertex -3.865973e-03 -4.210000e-01  4.261443e-03
   endloop
 endfacet
 facet normal  0.000000e+00  1.000000e+00 -0.000000e+00
   outer loop
     vertex -9.104457e-03 -4.210000e-01  7.461131e-03
     vertex -9.130182e-03 -4.210000e-01  7.950058e-03
     vertex -8.671257e-03 -4.210000e-01  7.694323e-03
   endloop
 endfacet
 facet normal  0.000000e+00  1.000000e+00  0.000000e+00
   outer loop
     vertex -8.652946e-03 -4.210000e-01  7.209069e-03
     vertex -9.104457e-03 -4.210000e-01  7.461131e-03
     vertex -8.671257e-03 -4.210000e-01  7.694323e-03
   endloop
 endfacet
 facet normal -0.000000e+00  1.000000e+00  0.000000e+00
   outer loop
     vertex -9.130182e-03 -4.210000e-01  7.950058e-03
     vertex -8.735896e-03 -4.210000e-01  8.152160e-03
     vertex -8.671257e-03 -4.210000e-01  7.694323e-03
   endloop
 endfacet
 facet normal -0.000000e+00  1.000000e+00  0.000000e+00
   outer loop
     vertex -5.768041e-03 -4.210000e-01  9.126311e-03
     vertex -5.300350e-03 -4.210000e-01  9.138700e-03
     vertex -5.509820e-03 -4.210000e-01  8.699155e-03
   endloop
 endfacet
 facet normal  0.000000e+00  1.000000e+00  0.000000e+00
   outer loop
     vertex -5.300350e-03 -4.210000e-01  9.138700e-03
     vertex -5.041483e-03 -4.210000e-01  8.717750e-03
     vertex -5.509820e-03 -4.210000e-01  8.699155e-03
   endloop
 endfacet
 facet normal  0.000000e+00  1.000000e+00 -0.000000e+00
   outer loop
     vertex -4.307174e-03 -4.210000e-01  8.724928e-04
     vertex -4.434844e-03 -4.210000e-01  1.375509e-03
     vertex -3.902539e-03 -4.210000e-01  1.220294e-03
   endloop
 endfacet
 facet normal -0.000000e+00  1.000000e+00  0.000000e+00
   outer loop
     vertex -6.237045e-03 -4.210000e-01  9.122626e-03
     vertex -5.768041e-03 -4.210000e-01  9.126311e-03
     vertex -5.999789e-03 -4.210000e-01  8.687546e-03
   endloop
 endfacet
 facet normal  0.000000e+00  1.000000e+00  0.000000e+00
   outer loop
     vertex -5.768041e-03 -4.210000e-01  9.126311e-03
     vertex -5.509820e-03 -4.210000e-01  8.699155e-03
     vertex -5.999789e-03 -4.210000e-01  8.687546e-03
   endloop
 endfacet
 facet normal  0.000000e+00  1.000000e+00  0.000000e+00
   outer loop
     vertex -3.878407e-03 -4.210000e-01  5.746575e-03
     vertex -3.438438e-03 -4.210000e-01  5.504225e-03
     vertex -3.879669e-03 -4.210000e-01  5.260255e-03
   endloop
 endfacet
 facet normal  0.000000e+00  1.000000e+00  0.000000e+00
   outer loop
     vertex -3.453403e-03 -4.210000e-01  7.004525e-03
     vertex -3.891332e-03 -4.210000e-01  6.742464e-03
     vertex -3.901472e-03 -4.210000e-01  7.236443e-03
   endloop
 endfacet
 facet normal  0.000000e+00  1.000000e+00  0.000000e+00
   outer loop
     vertex -6.702369e-03 -4.210000e-01  9.122673e-03
     vertex -6.237045e-03 -4.210000e-01  9.122626e-03
     vertex -6.464207e-03 -4.210000e-01  8.682697e-03
   endloop
 endfacet
 facet normal  0.000000e+00  1.000000e+00  0.000000e+00
   outer loop
     vertex -6.237045e-03 -4.210000e-01  9.122626e-03
     vertex -5.999789e-03 -4.210000e-01  8.687546e-03
     vertex -6.464207e-03 -4.210000e-01  8.682697e-03
   endloop
 endfacet
 facet normal  0.000000e+00  1.000000e+00  0.000000e+00
   outer loop
     vertex -3.874442e-03 -4.210000e-01  4.752939e-03
     vertex -3.426985e-03 -4.210000e-01  4.511093e-03
     vertex -3.865973e-03 -4.210000e-01  4.261443e-03
   endloop
 endfacet
 facet normal  0.000000e+00  1.000000e+00  0.000000e+00
   outer loop
     vertex -3.910214e-03 -4.210000e-01  3.257026e-03
     vertex -3.472616e-03 -4.210000e-01  2.998846e-03
     vertex -3.931210e-03 -4.210000e-01  2.748187e-03
   endloop
 endfacet
 facet normal  0.000000e+00  1.000000e+00  0.000000e+00
   outer loop
     vertex -3.472616e-03 -4.210000e-01  2.998846e-03
     vertex -3.487786e-03 -4.210000e-01  2.484155e-03
     vertex -3.931210e-03 -4.210000e-01  2.748187e-03
   endloop
 endfacet
 facet normal  0.000000e+00  1.000000e+00 -0.000000e+00
   outer loop
     vertex -8.684131e-03 -4.210000e-01  2.753806e-03
     vertex -9.114553e-03 -4.210000e-01  3.007927e-03
     vertex -8.669493e-03 -4.210000e-01  3.267231e-03
   endloop
 endfacet
 facet normal  0.000000e+00  1.000000e+00  0.000000e+00
   outer loop
     vertex -9.114553e-03 -4.210000e-01  3.007927e-03
     vertex -9.106607e-03 -4.210000e-01  3.496943e-03
     vertex -8.669493e-03 -4.210000e-01  3.267231e-03
   endloop
 endfacet
 facet normal  0.000000e+00  1.000000e+00  0.000000e+00
   outer loop
     vertex -3.487786e-03 -4.210000e-01  2.484155e-03
     vertex -3.930651e-03 -4.210000e-01  2.236619e-03
     vertex -3.931210e-03 -4.210000e-01  2.748187e-03
   endloop
 endfacet
 facet normal -0.000000e+00  1.000000e+00  0.000000e+00
   outer loop
     vertex -7.395755e-03 -4.210000e-01  8.698622e-03
     vertex -7.166690e-03 -4.210000e-01  9.133435e-03
     vertex -6.931202e-03 -4.210000e-01  8.692844e-03
   endloop
 endfacet
 facet normal  0.000000e+00  1.000000e+00  0.000000e+00
   outer loop
     vertex -7.166690e-03 -4.210000e-01  9.133435e-03
     vertex -6.702369e-03 -4.210000e-01  9.122673e-03
     vertex -6.931202e-03 -4.210000e-01  8.692844e-03
   endloop
 endfacet
 facet normal  0.000000e+00  1.000000e+00  0.000000e+00
   outer loop
     vertex -6.702369e-03 -4.210000e-01  9.122673e-03
     vertex -6.464207e-03 -4.210000e-01  8.682697e-03
     vertex -6.931202e-03 -4.210000e-01  8.692844e-03
   endloop
 endfacet
 facet normal  0.000000e+00  1.000000e+00  0.000000e+00
   outer loop
     vertex -8.631297e-03 -4.210000e-01  6.231484e-03
     vertex -9.084805e-03 -4.210000e-01  6.483640e-03
     vertex -8.641753e-03 -4.210000e-01  6.719067e-03
   endloop
 endfacet
 facet normal  0.000000e+00  1.000000e+00  0.000000e+00
   outer loop
     vertex -9.109413e-03 -4.210000e-01  4.004500e-03
     vertex -9.094116e-03 -4.210000e-01  4.514416e-03
     vertex -8.634308e-03 -4.210000e-01  4.258065e-03
   endloop
 endfacet
 facet normal -0.000000e+00  1.000000e+00  0.000000e+00
   outer loop
     vertex -9.094116e-03 -4.210000e-01  4.514416e-03
     vertex -8.641483e-03 -4.210000e-01  4.753471e-03
     vertex -8.634308e-03 -4.210000e-01  4.258065e-03
   endloop
 endfacet
 facet normal  0.000000e+00  1.000000e+00  0.000000e+00
   outer loop
     vertex -9.082487e-03 -4.210000e-01  5.495551e-03
     vertex -9.080812e-03 -4.210000e-01  5.990797e-03
     vertex -8.632521e-03 -4.210000e-01  5.741986e-03
   endloop
 endfacet
 facet normal  0.000000e+00  1.000000e+00  0.000000e+00
   outer loop
     vertex -4.434844e-03 -4.210000e-01  1.375509e-03
     vertex -4.772299e-03 -4.210000e-01  9.131161e-04
     vertex -4.999747e-03 -4.210000e-01  1.317556e-03
   endloop
 endfacet
 facet normal  0.000000e+00  1.000000e+00  0.000000e+00
   outer loop
     vertex -4.772299e-03 -4.210000e-01  9.131161e-04
     vertex -5.257922e-03 -4.210000e-01  9.019257e-04
     vertex -4.999747e-03 -4.210000e-01  1.317556e-03
   endloop
 endfacet
 facet normal  0.000000e+00  1.000000e+00 -0.000000e+00
   outer loop
     vertex -8.636811e-03 -4.210000e-01  5.247829e-03
     vertex -9.082487e-03 -4.210000e-01  5.495551e-03
     vertex -8.632521e-03 -4.210000e-01  5.741986e-03
   endloop
 endfacet
 facet normal  0.000000e+00  1.000000e+00 -0.000000e+00
   outer loop
     vertex -5.257922e-03 -4.210000e-01  9.019257e-04
     vertex -5.498948e-03 -4.210000e-01  1.322531e-03
     vertex -4.999747e-03 -4.210000e-01  1.317556e-03
   endloop
 endfacet
 facet normal -0.000000e+00  1.000000e+00  0.000000e+00
   outer loop
     vertex -8.573836e-03 -4.210000e-01  9.143476e-03
     vertex -8.088896e-03 -4.210000e-01  9.164207e-03
     vertex -8.278763e-03 -4.210000e-01  8.776591e-03
   endloop
 endfacet
 facet normal  0.000000e+00  1.000000e+00  0.000000e+00
   outer loop
     vertex -8.736335e-03 -4.210000e-01  8.667225e-03
     vertex -8.573836e-03 -4.210000e-01  9.143476e-03
     vertex -8.278763e-03 -4.210000e-01  8.776591e-03
   endloop
 endfacet
 facet normal  0.000000e+00  1.000000e+00  0.000000e+00
   outer loop
     vertex -8.088896e-03 -4.210000e-01  9.164207e-03
     vertex -7.831189e-03 -4.210000e-01  8.740088e-03
     vertex -8.278763e-03 -4.210000e-01  8.776591e-03
   endloop
 endfacet
 facet normal  0.000000e+00  1.000000e+00  0.000000e+00
   outer loop
     vertex -3.419266e-03 -4.210000e-01  8.486828e-03
     vertex -3.431330e-03 -4.210000e-01  7.986063e-03
     vertex -3.849496e-03 -4.210000e-01  8.205799e-03
   endloop
 endfacet
 facet normal  0.000000e+00  1.000000e+00  0.000000e+00
   outer loop
     vertex -5.498948e-03 -4.210000e-01  1.322531e-03
     vertex -5.759975e-03 -4.210000e-01  9.232043e-04
     vertex -5.993685e-03 -4.210000e-01  1.345151e-03
   endloop
 endfacet
 facet normal  0.000000e+00  1.000000e+00  0.000000e+00
   outer loop
     vertex -5.759975e-03 -4.210000e-01  9.232043e-04
     vertex -6.242667e-03 -4.210000e-01  9.316143e-04
     vertex -5.993685e-03 -4.210000e-01  1.345151e-03
   endloop
 endfacet
 facet normal  0.000000e+00  1.000000e+00  0.000000e+00
   outer loop
     vertex -3.431330e-03 -4.210000e-01  7.986063e-03
     vertex -3.885849e-03 -4.210000e-01  7.720686e-03
     vertex -3.849496e-03 -4.210000e-01  8.205799e-03
   endloop
 endfacet
 facet normal  0.000000e+00  1.000000e+00  0.000000e+00
   outer loop
     vertex -6.242667e-03 -4.210000e-01  9.316143e-04
     vertex -6.731222e-03 -4.210000e-01  9.175911e-04
     vertex -6.475394e-03 -4.210000e-01  1.361207e-03
   endloop
 endfacet
 facet normal  0.000000e+00  1.000000e+00 -0.000000e+00
   outer loop
     vertex -6.731222e-03 -4.210000e-01  9.175911e-04
     vertex -6.953736e-03 -4.210000e-01  1.363198e-03
     vertex -6.475394e-03 -4.210000e-01  1.361207e-03
   endloop
 endfacet
 facet normal  0.000000e+00  1.000000e+00 -0.000000e+00
   outer loop
     vertex -9.106607e-03 -4.210000e-01  3.496943e-03
     vertex -9.109413e-03 -4.210000e-01  4.004500e-03
     vertex -8.641716e-03 -4.210000e-01  3.747325e-03
   endloop
 endfacet
 facet normal  0.000000e+00  1.000000e+00 -0.000000e+00
   outer loop
     vertex -8.669493e-03 -4.210000e-01  3.267231e-03
     vertex -9.106607e-03 -4.210000e-01  3.496943e-03
     vertex -8.641716e-03 -4.210000e-01  3.747325e-03
   endloop
 endfacet
 facet normal -0.000000e+00  1.000000e+00  0.000000e+00
   outer loop
     vertex -9.109413e-03 -4.210000e-01  4.004500e-03
     vertex -8.634308e-03 -4.210000e-01  4.258065e-03
     vertex -8.641716e-03 -4.210000e-01  3.747325e-03
   endloop
 endfacet
 facet normal  0.000000e+00  1.000000e+00  0.000000e+00
   outer loop
     vertex -3.419266e-03 -4.210000e-01  8.486828e-03
     vertex -3.849496e-03 -4.210000e-01  8.205799e-03
     vertex -3.812836e-03 -4.210000e-01  8.695892e-03
   endloop
 endfacet
 facet normal  0.000000e+00  1.000000e+00 -0.000000e+00
   outer loop
     vertex -8.632521e-03 -4.210000e-01  5.741986e-03
     vertex -9.080812e-03 -4.210000e-01  5.990797e-03
     vertex -8.631297e-03 -4.210000e-01  6.231484e-03
   endloop
 endfacet
 facet normal  0.000000e+00  1.000000e+00  0.000000e+00
   outer loop
     vertex -3.878407e-03 -4.210000e-01  5.746575e-03
     vertex -3.879669e-03 -4.210000e-01  5.260255e-03
     vertex -4.327554e-03 -4.210000e-01  5.498952e-03
   endloop
 endfacet
 facet normal  0.000000e+00  1.000000e+00  0.000000e+00
   outer loop
     vertex -7.831189e-03 -4.210000e-01  8.740088e-03
     vertex -7.395755e-03 -4.210000e-01  8.698622e-03
     vertex -7.667884e-03 -4.210000e-01  8.229595e-03
   endloop
 endfacet
 facet normal  0.000000e+00  1.000000e+00  0.000000e+00
   outer loop
     vertex -3.923961e-03 -4.210000e-01  1.722536e-03
     vertex -3.902539e-03 -4.210000e-01  1.220294e-03
     vertex -4.434844e-03 -4.210000e-01  1.375509e-03
   endloop
 endfacet
 facet normal  0.000000e+00  1.000000e+00  0.000000e+00
   outer loop
     vertex -3.910214e-03 -4.210000e-01  3.257026e-03
     vertex -3.931210e-03 -4.210000e-01  2.748187e-03
     vertex -4.382851e-03 -4.210000e-01  3.017702e-03
   endloop
 endfacet
 facet normal  0.000000e+00  1.000000e+00  0.000000e+00
   outer loop
     vertex -4.181539e-03 -4.210000e-01  8.848274e-03
     vertex -3.812836e-03 -4.210000e-01  8.695892e-03
     vertex -4.248504e-03 -4.210000e-01  8.439115e-03
   endloop
 endfacet
 facet normal  0.000000e+00  1.000000e+00  0.000000e+00
   outer loop
     vertex -3.812836e-03 -4.210000e-01  8.695892e-03
     vertex -3.849496e-03 -4.210000e-01  8.205799e-03
     vertex -4.248504e-03 -4.210000e-01  8.439115e-03
   endloop
 endfacet
 facet normal -0.000000e+00  1.000000e+00  0.000000e+00
   outer loop
     vertex -5.509820e-03 -4.210000e-01  8.699155e-03
     vertex -5.041483e-03 -4.210000e-01  8.717750e-03
     vertex -5.246025e-03 -4.210000e-01  8.270797e-03
   endloop
 endfacet
 facet normal  0.000000e+00  1.000000e+00 -0.000000e+00
   outer loop
     vertex -8.631297e-03 -4.210000e-01  6.231484e-03
     vertex -8.641753e-03 -4.210000e-01  6.719067e-03
     vertex -8.173536e-03 -4.210000e-01  6.469188e-03
   endloop
 endfacet
 facet normal  0.000000e+00  1.000000e+00  0.000000e+00
   outer loop
     vertex -8.632521e-03 -4.210000e-01  5.741986e-03
     vertex -8.631297e-03 -4.210000e-01  6.231484e-03
     vertex -8.170322e-03 -4.210000e-01  5.984448e-03
   endloop
 endfacet
 facet normal -0.000000e+00  1.000000e+00  0.000000e+00
   outer loop
     vertex -8.631297e-03 -4.210000e-01  6.231484e-03
     vertex -8.173536e-03 -4.210000e-01  6.469188e-03
     vertex -8.170322e-03 -4.210000e-01  5.984448e-03
   endloop
 endfacet
 facet normal  0.000000e+00  1.000000e+00  0.000000e+00
   outer loop
     vertex -4.999747e-03 -4.210000e-01  1.317556e-03
     vertex -5.498948e-03 -4.210000e-01  1.322531e-03
     vertex -5.236969e-03 -4.210000e-01  1.724609e-03
   endloop
 endfacet
 facet normal  0.000000e+00  1.000000e+00  0.000000e+00
   outer loop
     vertex -8.687346e-03 -4.210000e-01  2.280993e-03
     vertex -8.684131e-03 -4.210000e-01  2.753806e-03
     vertex -8.245187e-03 -4.210000e-01  2.522854e-03
   endloop
 endfacet
 facet normal  0.000000e+00  1.000000e+00  0.000000e+00
   outer loop
     vertex -3.901472e-03 -4.210000e-01  7.236443e-03
     vertex -3.891332e-03 -4.210000e-01  6.742464e-03
     vertex -4.354029e-03 -4.210000e-01  6.985012e-03
   endloop
 endfacet
 facet normal  0.000000e+00  1.000000e+00  0.000000e+00
   outer loop
     vertex -3.873298e-03 -4.210000e-01  6.240168e-03
     vertex -3.878407e-03 -4.210000e-01  5.746575e-03
     vertex -4.323554e-03 -4.210000e-01  5.980708e-03
   endloop
 endfacet
 facet normal  0.000000e+00  1.000000e+00  0.000000e+00
   outer loop
     vertex -3.878407e-03 -4.210000e-01  5.746575e-03
     vertex -4.327554e-03 -4.210000e-01  5.498952e-03
     vertex -4.323554e-03 -4.210000e-01  5.980708e-03
   endloop
 endfacet
 facet normal  0.000000e+00  1.000000e+00  0.000000e+00
   outer loop
     vertex -8.641483e-03 -4.210000e-01  4.753471e-03
     vertex -8.636811e-03 -4.210000e-01  5.247829e-03
     vertex -8.185122e-03 -4.210000e-01  4.994614e-03
   endloop
 endfacet
 facet normal  0.000000e+00  1.000000e+00  0.000000e+00
   outer loop
     vertex -3.874442e-03 -4.210000e-01  4.752939e-03
     vertex -3.865973e-03 -4.210000e-01  4.261443e-03
     vertex -4.305170e-03 -4.210000e-01  4.522878e-03
   endloop
 endfacet
 facet normal  0.000000e+00  1.000000e+00  0.000000e+00
   outer loop
     vertex -4.434844e-03 -4.210000e-01  1.375509e-03
     vertex -4.999747e-03 -4.210000e-01  1.317556e-03
     vertex -4.798053e-03 -4.210000e-01  1.723449e-03
   endloop
 endfacet
 facet normal  0.000000e+00  1.000000e+00 -0.000000e+00
   outer loop
     vertex -4.999747e-03 -4.210000e-01  1.317556e-03
     vertex -5.236969e-03 -4.210000e-01  1.724609e-03
     vertex -4.798053e-03 -4.210000e-01  1.723449e-03
   endloop
 endfacet
 facet normal  0.000000e+00  1.000000e+00 -0.000000e+00
   outer loop
     vertex -8.309479e-03 -4.210000e-01  1.177668e-03
     vertex -8.687670e-03 -4.210000e-01  1.316953e-03
     vertex -8.262100e-03 -4.210000e-01  1.584507e-03
   endloop
 endfacet
 facet normal  0.000000e+00  1.000000e+00 -0.000000e+00
   outer loop
     vertex -8.687670e-03 -4.210000e-01  1.316953e-03
     vertex -8.699692e-03 -4.210000e-01  1.806697e-03
     vertex -8.262100e-03 -4.210000e-01  1.584507e-03
   endloop
 endfacet
 facet normal  0.000000e+00  1.000000e+00  0.000000e+00
   outer loop
     vertex -3.883716e-03 -4.210000e-01  3.761776e-03
     vertex -3.910214e-03 -4.210000e-01  3.257026e-03
     vertex -4.338979e-03 -4.210000e-01  3.520285e-03
   endloop
 endfacet
 facet normal  0.000000e+00  1.000000e+00  0.000000e+00
   outer loop
     vertex -3.910214e-03 -4.210000e-01  3.257026e-03
     vertex -4.382851e-03 -4.210000e-01  3.017702e-03
     vertex -4.338979e-03 -4.210000e-01  3.520285e-03
   endloop
 endfacet
 facet normal  0.000000e+00  1.000000e+00  0.000000e+00
   outer loop
     vertex -3.885849e-03 -4.210000e-01  7.720686e-03
     vertex -3.901472e-03 -4.210000e-01  7.236443e-03
     vertex -4.378362e-03 -4.210000e-01  7.480004e-03
   endloop
 endfacet
 facet normal  0.000000e+00  1.000000e+00  0.000000e+00
   outer loop
     vertex -3.901472e-03 -4.210000e-01  7.236443e-03
     vertex -4.354029e-03 -4.210000e-01  6.985012e-03
     vertex -4.378362e-03 -4.210000e-01  7.480004e-03
   endloop
 endfacet
 facet normal -0.000000e+00  1.000000e+00  0.000000e+00
   outer loop
     vertex -4.595098e-03 -4.210000e-01  8.767064e-03
     vertex -4.181539e-03 -4.210000e-01  8.848274e-03
     vertex -4.248504e-03 -4.210000e-01  8.439115e-03
   endloop
 endfacet
 facet normal  0.000000e+00  1.000000e+00  0.000000e+00
   outer loop
     vertex -6.953736e-03 -4.210000e-01  1.363198e-03
     vertex -7.449731e-03 -4.210000e-01  1.347258e-03
     vertex -7.210844e-03 -4.210000e-01  1.800419e-03
   endloop
 endfacet
 facet normal -0.000000e+00  1.000000e+00  0.000000e+00
   outer loop
     vertex -5.041483e-03 -4.210000e-01  8.717750e-03
     vertex -4.595098e-03 -4.210000e-01  8.767064e-03
     vertex -4.723361e-03 -4.210000e-01  8.315365e-03
   endloop
 endfacet
 facet normal  0.000000e+00  1.000000e+00  0.000000e+00
   outer loop
     vertex -5.246025e-03 -4.210000e-01  8.270797e-03
     vertex -5.041483e-03 -4.210000e-01  8.717750e-03
     vertex -4.723361e-03 -4.210000e-01  8.315365e-03
   endloop
 endfacet
 facet normal  0.000000e+00  1.000000e+00  0.000000e+00
   outer loop
     vertex -4.595098e-03 -4.210000e-01  8.767064e-03
     vertex -4.248504e-03 -4.210000e-01  8.439115e-03
     vertex -4.723361e-03 -4.210000e-01  8.315365e-03
   endloop
 endfacet
 facet normal  0.000000e+00  1.000000e+00  0.000000e+00
   outer loop
     vertex -8.636811e-03 -4.210000e-01  5.247829e-03
     vertex -8.632521e-03 -4.210000e-01  5.741986e-03
     vertex -8.183189e-03 -4.210000e-01  5.497463e-03
   endloop
 endfacet
 facet normal -0.000000e+00  1.000000e+00  0.000000e+00
   outer loop
     vertex -8.632521e-03 -4.210000e-01  5.741986e-03
     vertex -8.170322e-03 -4.210000e-01  5.984448e-03
     vertex -8.183189e-03 -4.210000e-01  5.497463e-03
   endloop
 endfacet
 facet normal  0.000000e+00  1.000000e+00  0.000000e+00
   outer loop
     vertex -3.891332e-03 -4.210000e-01  6.742464e-03
     vertex -3.873298e-03 -4.210000e-01  6.240168e-03
     vertex -4.326925e-03 -4.210000e-01  6.490429e-03
   endloop
 endfacet
 facet normal  0.000000e+00  1.000000e+00  0.000000e+00
   outer loop
     vertex -3.873298e-03 -4.210000e-01  6.240168e-03
     vertex -4.323554e-03 -4.210000e-01  5.980708e-03
     vertex -4.326925e-03 -4.210000e-01  6.490429e-03
   endloop
 endfacet
 facet normal  0.000000e+00  1.000000e+00  0.000000e+00
   outer loop
     vertex -6.931202e-03 -4.210000e-01  8.692844e-03
     vertex -6.464207e-03 -4.210000e-01  8.682697e-03
     vertex -6.694294e-03 -4.210000e-01  8.247638e-03
   endloop
 endfacet
 facet normal  0.000000e+00  1.000000e+00 -0.000000e+00
   outer loop
     vertex -8.735896e-03 -4.210000e-01  8.152160e-03
     vertex -8.736335e-03 -4.210000e-01  8.667225e-03
     vertex -8.417975e-03 -4.210000e-01  8.364174e-03
   endloop
 endfacet
 facet normal -0.000000e+00  1.000000e+00  0.000000e+00
   outer loop
     vertex -8.736335e-03 -4.210000e-01  8.667225e-03
     vertex -8.278763e-03 -4.210000e-01  8.776591e-03
     vertex -8.417975e-03 -4.210000e-01  8.364174e-03
   endloop
 endfacet
 facet normal  0.000000e+00  1.000000e+00  0.000000e+00
   outer loop
     vertex -3.865973e-03 -4.210000e-01  4.261443e-03
     vertex -3.883716e-03 -4.210000e-01  3.761776e-03
     vertex -4.300521e-03 -4.210000e-01  4.023920e-03
   endloop
 endfacet
 facet normal  0.000000e+00  1.000000e+00  0.000000e+00
   outer loop
     vertex -3.883716e-03 -4.210000e-01  3.761776e-03
     vertex -4.338979e-03 -4.210000e-01  3.520285e-03
     vertex -4.300521e-03 -4.210000e-01  4.023920e-03
   endloop
 endfacet
 facet normal  0.000000e+00  1.000000e+00  0.000000e+00
   outer loop
     vertex -3.879669e-03 -4.210000e-01  5.260255e-03
     vertex -3.874442e-03 -4.210000e-01  4.752939e-03
     vertex -4.320107e-03 -4.210000e-01  5.012250e-03
   endloop
 endfacet
 facet normal  0.000000e+00  1.000000e+00  0.000000e+00
   outer loop
     vertex -3.874442e-03 -4.210000e-01  4.752939e-03
     vertex -4.305170e-03 -4.210000e-01  4.522878e-03
     vertex -4.320107e-03 -4.210000e-01  5.012250e-03
   endloop
 endfacet
 facet normal  0.000000e+00  1.000000e+00  0.000000e+00
   outer loop
     vertex -3.923961e-03 -4.210000e-01  1.722536e-03
     vertex -4.434844e-03 -4.210000e-01  1.375509e-03
     vertex -4.378665e-03 -4.210000e-01  1.988119e-03
   endloop
 endfacet
 facet normal  0.000000e+00  1.000000e+00  0.000000e+00
   outer loop
     vertex -3.930651e-03 -4.210000e-01  2.236619e-03
     vertex -3.923961e-03 -4.210000e-01  1.722536e-03
     vertex -4.378665e-03 -4.210000e-01  1.988119e-03
   endloop
 endfacet
 facet normal  0.000000e+00  1.000000e+00 -0.000000e+00
   outer loop
     vertex -4.434844e-03 -4.210000e-01  1.375509e-03
     vertex -4.798053e-03 -4.210000e-01  1.723449e-03
     vertex -4.378665e-03 -4.210000e-01  1.988119e-03
   endloop
 endfacet
 facet normal -0.000000e+00  1.000000e+00  0.000000e+00
   outer loop
     vertex -5.999789e-03 -4.210000e-01  8.687546e-03
     vertex -5.509820e-03 -4.210000e-01  8.699155e-03
     vertex -5.739280e-03 -4.210000e-01  8.247580e-03
   endloop
 endfacet
 facet normal  0.000000e+00  1.000000e+00  0.000000e+00
   outer loop
     vertex -5.509820e-03 -4.210000e-01  8.699155e-03
     vertex -5.246025e-03 -4.210000e-01  8.270797e-03
     vertex -5.739280e-03 -4.210000e-01  8.247580e-03
   endloop
 endfacet
 facet normal -0.000000e+00  1.000000e+00  0.000000e+00
   outer loop
     vertex -6.464207e-03 -4.210000e-01  8.682697e-03
     vertex -5.999789e-03 -4.210000e-01  8.687546e-03
     vertex -6.219167e-03 -4.210000e-01  8.234004e-03
   endloop
 endfacet
 facet normal -0.000000e+00  1.000000e+00  0.000000e+00
   outer loop
     vertex -6.694294e-03 -4.210000e-01  8.247638e-03
     vertex -6.464207e-03 -4.210000e-01  8.682697e-03
     vertex -6.219167e-03 -4.210000e-01  8.234004e-03
   endloop
 endfacet
 facet normal  0.000000e+00  1.000000e+00  0.000000e+00
   outer loop
     vertex -5.999789e-03 -4.210000e-01  8.687546e-03
     vertex -5.739280e-03 -4.210000e-01  8.247580e-03
     vertex -6.219167e-03 -4.210000e-01  8.234004e-03
   endloop
 endfacet
 facet normal  0.000000e+00  1.000000e+00  0.000000e+00
   outer loop
     vertex -7.395755e-03 -4.210000e-01  8.698622e-03
     vertex -6.931202e-03 -4.210000e-01  8.692844e-03
     vertex -7.165162e-03 -4.210000e-01  8.276887e-03
   endloop
 endfacet
 facet normal  0.000000e+00  1.000000e+00  0.000000e+00
   outer loop
     vertex -8.669493e-03 -4.210000e-01  3.267231e-03
     vertex -8.641716e-03 -4.210000e-01  3.747325e-03
     vertex -8.211620e-03 -4.210000e-01  3.498674e-03
   endloop
 endfacet
 facet normal  0.000000e+00  1.000000e+00  0.000000e+00
   outer loop
     vertex -8.309479e-03 -4.210000e-01  1.177668e-03
     vertex -8.262100e-03 -4.210000e-01  1.584507e-03
     vertex -7.904362e-03 -4.210000e-01  1.279087e-03
   endloop
 endfacet
 facet normal  0.000000e+00  1.000000e+00  0.000000e+00
   outer loop
     vertex -4.248504e-03 -4.210000e-01  8.439115e-03
     vertex -3.849496e-03 -4.210000e-01  8.205799e-03
     vertex -4.329571e-03 -4.210000e-01  7.969531e-03
   endloop
 endfacet
 facet normal -0.000000e+00  1.000000e+00  0.000000e+00
   outer loop
     vertex -4.723361e-03 -4.210000e-01  8.315365e-03
     vertex -4.248504e-03 -4.210000e-01  8.439115e-03
     vertex -4.329571e-03 -4.210000e-01  7.969531e-03
   endloop
 endfacet
 facet normal  0.000000e+00  1.000000e+00  0.000000e+00
   outer loop
     vertex -3.849496e-03 -4.210000e-01  8.205799e-03
     vertex -3.885849e-03 -4.210000e-01  7.720686e-03
     vertex -4.329571e-03 -4.210000e-01  7.969531e-03
   endloop
 endfacet
 facet normal  0.000000e+00  1.000000e+00  0.000000e+00
   outer loop
     vertex -4.305170e-03 -4.210000e-01  4.522878e-03
     vertex -3.865973e-03 -4.210000e-01  4.261443e-03
     vertex -4.300521e-03 -4.210000e-01  4.023920e-03
   endloop
 endfacet
 facet normal  0.000000e+00  1.000000e+00  0.000000e+00
   outer loop
     vertex -3.891332e-03 -4.210000e-01  6.742464e-03
     vertex -4.326925e-03 -4.210000e-01  6.490429e-03
     vertex -4.354029e-03 -4.210000e-01  6.985012e-03
   endloop
 endfacet
 facet normal  0.000000e+00  1.000000e+00 -0.000000e+00
   outer loop
     vertex -8.652946e-03 -4.210000e-01  7.209069e-03
     vertex -8.671257e-03 -4.210000e-01  7.694323e-03
     vertex -8.210808e-03 -4.210000e-01  7.460821e-03
   endloop
 endfacet
 facet normal  0.000000e+00  1.000000e+00  0.000000e+00
   outer loop
     vertex -5.236969e-03 -4.210000e-01  1.724609e-03
     vertex -5.498948e-03 -4.210000e-01  1.322531e-03
     vertex -5.733257e-03 -4.210000e-01  1.738370e-03
   endloop
 endfacet
 facet normal  0.000000e+00  1.000000e+00  0.000000e+00
   outer loop
     vertex -5.498948e-03 -4.210000e-01  1.322531e-03
     vertex -5.993685e-03 -4.210000e-01  1.345151e-03
     vertex -5.733257e-03 -4.210000e-01  1.738370e-03
   endloop
 endfacet
 facet normal -0.000000e+00  1.000000e+00  0.000000e+00
   outer loop
     vertex -8.636811e-03 -4.210000e-01  5.247829e-03
     vertex -8.183189e-03 -4.210000e-01  5.497463e-03
     vertex -8.185122e-03 -4.210000e-01  4.994614e-03
   endloop
 endfacet
 facet normal  0.000000e+00  1.000000e+00  0.000000e+00
   outer loop
     vertex -6.931202e-03 -4.210000e-01  8.692844e-03
     vertex -6.694294e-03 -4.210000e-01  8.247638e-03
     vertex -7.165162e-03 -4.210000e-01  8.276887e-03
   endloop
 endfacet
 facet normal  0.000000e+00  1.000000e+00  0.000000e+00
   outer loop
     vertex -8.684131e-03 -4.210000e-01  2.753806e-03
     vertex -8.669493e-03 -4.210000e-01  3.267231e-03
     vertex -8.208978e-03 -4.210000e-01  2.999889e-03
   endloop
 endfacet
 facet normal  0.000000e+00  1.000000e+00  0.000000e+00
   outer loop
     vertex -7.667884e-03 -4.210000e-01  8.229595e-03
     vertex -7.395755e-03 -4.210000e-01  8.698622e-03
     vertex -7.165162e-03 -4.210000e-01  8.276887e-03
   endloop
 endfacet
 facet normal  0.000000e+00  1.000000e+00 -0.000000e+00
   outer loop
     vertex -8.634308e-03 -4.210000e-01  4.258065e-03
     vertex -8.641483e-03 -4.210000e-01  4.753471e-03
     vertex -8.199186e-03 -4.210000e-01  4.495526e-03
   endloop
 endfacet
 facet normal -0.000000e+00  1.000000e+00  0.000000e+00
   outer loop
     vertex -8.641483e-03 -4.210000e-01  4.753471e-03
     vertex -8.185122e-03 -4.210000e-01  4.994614e-03
     vertex -8.199186e-03 -4.210000e-01  4.495526e-03
   endloop
 endfacet
 facet normal  0.000000e+00  1.000000e+00  0.000000e+00
   outer loop
     vertex -4.327554e-03 -4.210000e-01  5.498952e-03
     vertex -3.879669e-03 -4.210000e-01  5.260255e-03
     vertex -4.320107e-03 -4.210000e-01  5.012250e-03
   endloop
 endfacet
 facet normal  0.000000e+00  1.000000e+00 -0.000000e+00
   outer loop
     vertex -8.245187e-03 -4.210000e-01  2.522854e-03
     vertex -8.684131e-03 -4.210000e-01  2.753806e-03
     vertex -8.208978e-03 -4.210000e-01  2.999889e-03
   endloop
 endfacet
 facet normal  0.000000e+00  1.000000e+00  0.000000e+00
   outer loop
     vertex -8.278763e-03 -4.210000e-01  8.776591e-03
     vertex -7.831189e-03 -4.210000e-01  8.740088e-03
     vertex -8.045688e-03 -4.210000e-01  8.391097e-03
   endloop
 endfacet
 facet normal  0.000000e+00  1.000000e+00  0.000000e+00
   outer loop
     vertex -8.417975e-03 -4.210000e-01  8.364174e-03
     vertex -8.278763e-03 -4.210000e-01  8.776591e-03
     vertex -8.045688e-03 -4.210000e-01  8.391097e-03
   endloop
 endfacet
 facet normal  0.000000e+00  1.000000e+00  0.000000e+00
   outer loop
     vertex -7.831189e-03 -4.210000e-01  8.740088e-03
     vertex -7.667884e-03 -4.210000e-01  8.229595e-03
     vertex -8.045688e-03 -4.210000e-01  8.391097e-03
   endloop
 endfacet
 facet normal  0.000000e+00  1.000000e+00 -0.000000e+00
   outer loop
     vertex -8.641753e-03 -4.210000e-01  6.719067e-03
     vertex -8.652946e-03 -4.210000e-01  7.209069e-03
     vertex -8.199468e-03 -4.210000e-01  6.951879e-03
   endloop
 endfacet
 facet normal  0.000000e+00  1.000000e+00  0.000000e+00
   outer loop
     vertex -3.885849e-03 -4.210000e-01  7.720686e-03
     vertex -4.378362e-03 -4.210000e-01  7.480004e-03
     vertex -4.329571e-03 -4.210000e-01  7.969531e-03
   endloop
 endfacet
 facet normal  0.000000e+00  1.000000e+00  0.000000e+00
   outer loop
     vertex -5.993685e-03 -4.210000e-01  1.345151e-03
     vertex -6.242667e-03 -4.210000e-01  9.316143e-04
     vertex -6.475394e-03 -4.210000e-01  1.361207e-03
   endloop
 endfacet
 facet normal  0.000000e+00  1.000000e+00  0.000000e+00
   outer loop
     vertex -7.210844e-03 -4.210000e-01  1.800419e-03
     vertex -7.449731e-03 -4.210000e-01  1.347258e-03
     vertex -7.764538e-03 -4.210000e-01  1.788726e-03
   endloop
 endfacet
 facet normal  0.000000e+00  1.000000e+00  0.000000e+00
   outer loop
     vertex -7.449731e-03 -4.210000e-01  1.347258e-03
     vertex -7.904362e-03 -4.210000e-01  1.279087e-03
     vertex -7.764538e-03 -4.210000e-01  1.788726e-03
   endloop
 endfacet
 facet normal  0.000000e+00  1.000000e+00  0.000000e+00
   outer loop
     vertex -8.199468e-03 -4.210000e-01  6.951879e-03
     vertex -8.652946e-03 -4.210000e-01  7.209069e-03
     vertex -8.210808e-03 -4.210000e-01  7.460821e-03
   endloop
 endfacet
 facet normal  0.000000e+00  1.000000e+00  0.000000e+00
   outer loop
     vertex -6.475394e-03 -4.210000e-01  1.361207e-03
     vertex -6.953736e-03 -4.210000e-01  1.363198e-03
     vertex -6.703232e-03 -4.210000e-01  1.811155e-03
   endloop
 endfacet
 facet normal  0.000000e+00  1.000000e+00 -0.000000e+00
   outer loop
     vertex -6.953736e-03 -4.210000e-01  1.363198e-03
     vertex -7.210844e-03 -4.210000e-01  1.800419e-03
     vertex -6.703232e-03 -4.210000e-01  1.811155e-03
   endloop
 endfacet
 facet normal  0.000000e+00  1.000000e+00  0.000000e+00
   outer loop
     vertex -3.931210e-03 -4.210000e-01  2.748187e-03
     vertex -3.930651e-03 -4.210000e-01  2.236619e-03
     vertex -4.406702e-03 -4.210000e-01  2.501029e-03
   endloop
 endfacet
 facet normal  0.000000e+00  1.000000e+00  0.000000e+00
   outer loop
     vertex -8.699692e-03 -4.210000e-01  1.806697e-03
     vertex -8.687346e-03 -4.210000e-01  2.280993e-03
     vertex -8.256945e-03 -4.210000e-01  2.047717e-03
   endloop
 endfacet
 facet normal  0.000000e+00  1.000000e+00 -0.000000e+00
   outer loop
     vertex -8.262100e-03 -4.210000e-01  1.584507e-03
     vertex -8.699692e-03 -4.210000e-01  1.806697e-03
     vertex -8.256945e-03 -4.210000e-01  2.047717e-03
   endloop
 endfacet
 facet normal -0.000000e+00  1.000000e+00  0.000000e+00
   outer loop
     vertex -8.687346e-03 -4.210000e-01  2.280993e-03
     vertex -8.245187e-03 -4.210000e-01  2.522854e-03
     vertex -8.256945e-03 -4.210000e-01  2.047717e-03
   endloop
 endfacet
 facet normal  0.000000e+00  1.000000e+00 -0.000000e+00
   outer loop
     vertex -8.671257e-03 -4.210000e-01  7.694323e-03
     vertex -8.735896e-03 -4.210000e-01  8.152160e-03
     vertex -8.211506e-03 -4.210000e-01  7.960415e-03
   endloop
 endfacet
 facet normal  0.000000e+00  1.000000e+00  0.000000e+00
   outer loop
     vertex -8.210808e-03 -4.210000e-01  7.460821e-03
     vertex -8.671257e-03 -4.210000e-01  7.694323e-03
     vertex -8.211506e-03 -4.210000e-01  7.960415e-03
   endloop
 endfacet
 facet normal -0.000000e+00  1.000000e+00  0.000000e+00
   outer loop
     vertex -8.735896e-03 -4.210000e-01  8.152160e-03
     vertex -8.417975e-03 -4.210000e-01  8.364174e-03
     vertex -8.211506e-03 -4.210000e-01  7.960415e-03
   endloop
 endfacet
 facet normal  0.000000e+00  1.000000e+00  0.000000e+00
   outer loop
     vertex -8.173536e-03 -4.210000e-01  6.469188e-03
     vertex -8.641753e-03 -4.210000e-01  6.719067e-03
     vertex -8.199468e-03 -4.210000e-01  6.951879e-03
   endloop
 endfacet
 facet normal -0.000000e+00  1.000000e+00  0.000000e+00
   outer loop
     vertex -8.669493e-03 -4.210000e-01  3.267231e-03
     vertex -8.211620e-03 -4.210000e-01  3.498674e-03
     vertex -8.208978e-03 -4.210000e-01  2.999889e-03
   endloop
 endfacet
 facet normal  0.000000e+00  1.000000e+00  0.000000e+00
   outer loop
     vertex -3.931210e-03 -4.210000e-01  2.748187e-03
     vertex -4.406702e-03 -4.210000e-01  2.501029e-03
     vertex -4.382851e-03 -4.210000e-01  3.017702e-03
   endloop
 endfacet
 facet normal  0.000000e+00  1.000000e+00  0.000000e+00
   outer loop
     vertex -4.406702e-03 -4.210000e-01  2.501029e-03
     vertex -3.930651e-03 -4.210000e-01  2.236619e-03
     vertex -4.378665e-03 -4.210000e-01  1.988119e-03
   endloop
 endfacet
 facet normal  0.000000e+00  1.000000e+00  0.000000e+00
   outer loop
     vertex -4.327554e-03 -4.210000e-01  5.498952e-03
     vertex -4.320107e-03 -4.210000e-01  5.012250e-03
     vertex -4.788007e-03 -4.210000e-01  5.258371e-03
   endloop
 endfacet
 facet normal  0.000000e+00  1.000000e+00 -0.000000e+00
   outer loop
     vertex -8.208978e-03 -4.210000e-01  2.999889e-03
     vertex -8.211620e-03 -4.210000e-01  3.498674e-03
     vertex -7.785978e-03 -4.210000e-01  3.257325e-03
   endloop
 endfacet
 facet normal  0.000000e+00  1.000000e+00  0.000000e+00
   outer loop
     vertex -4.406702e-03 -4.210000e-01  2.501029e-03
     vertex -4.378665e-03 -4.210000e-01  1.988119e-03
     vertex -4.915707e-03 -4.210000e-01  2.227900e-03
   endloop
 endfacet
 facet normal  0.000000e+00  1.000000e+00  0.000000e+00
   outer loop
     vertex -4.378665e-03 -4.210000e-01  1.988119e-03
     vertex -4.798053e-03 -4.210000e-01  1.723449e-03
     vertex -4.915707e-03 -4.210000e-01  2.227900e-03
   endloop
 endfacet
 facet normal  0.000000e+00  1.000000e+00 -0.000000e+00
   outer loop
     vertex -8.211620e-03 -4.210000e-01  3.498674e-03
     vertex -8.641716e-03 -4.210000e-01  3.747325e-03
     vertex -8.200119e-03 -4.210000e-01  3.988067e-03
   endloop
 endfacet
 facet normal  0.000000e+00  1.000000e+00  0.000000e+00
   outer loop
     vertex -8.641716e-03 -4.210000e-01  3.747325e-03
     vertex -8.634308e-03 -4.210000e-01  4.258065e-03
     vertex -8.200119e-03 -4.210000e-01  3.988067e-03
   endloop
 endfacet
 facet normal  0.000000e+00  1.000000e+00  0.000000e+00
   outer loop
     vertex -4.798053e-03 -4.210000e-01  1.723449e-03
     vertex -5.236969e-03 -4.210000e-01  1.724609e-03
     vertex -4.915707e-03 -4.210000e-01  2.227900e-03
   endloop
 endfacet
 facet normal  0.000000e+00  1.000000e+00  0.000000e+00
   outer loop
     vertex -8.183189e-03 -4.210000e-01  5.497463e-03
     vertex -8.170322e-03 -4.210000e-01  5.984448e-03
     vertex -7.695376e-03 -4.210000e-01  5.738206e-03
   endloop
 endfacet
 facet normal  0.000000e+00  1.000000e+00 -0.000000e+00
   outer loop
     vertex -8.199468e-03 -4.210000e-01  6.951879e-03
     vertex -8.210808e-03 -4.210000e-01  7.460821e-03
     vertex -7.726535e-03 -4.210000e-01  7.196951e-03
   endloop
 endfacet
 facet normal  0.000000e+00  1.000000e+00 -0.000000e+00
   outer loop
     vertex -7.904362e-03 -4.210000e-01  1.279087e-03
     vertex -8.262100e-03 -4.210000e-01  1.584507e-03
     vertex -7.764538e-03 -4.210000e-01  1.788726e-03
   endloop
 endfacet
 facet normal  0.000000e+00  1.000000e+00  0.000000e+00
   outer loop
     vertex -5.993685e-03 -4.210000e-01  1.345151e-03
     vertex -6.475394e-03 -4.210000e-01  1.361207e-03
     vertex -6.215093e-03 -4.210000e-01  1.800267e-03
   endloop
 endfacet
 facet normal  0.000000e+00  1.000000e+00 -0.000000e+00
   outer loop
     vertex -6.475394e-03 -4.210000e-01  1.361207e-03
     vertex -6.703232e-03 -4.210000e-01  1.811155e-03
     vertex -6.215093e-03 -4.210000e-01  1.800267e-03
   endloop
 endfacet
 facet normal  0.000000e+00  1.000000e+00  0.000000e+00
   outer loop
     vertex -4.305170e-03 -4.210000e-01  4.522878e-03
     vertex -4.300521e-03 -4.210000e-01  4.023920e-03
     vertex -4.730590e-03 -4.210000e-01  4.306630e-03
   endloop
 endfacet
 facet normal  0.000000e+00  1.000000e+00  0.000000e+00
   outer loop
     vertex -4.323554e-03 -4.210000e-01  5.980708e-03
     vertex -4.327554e-03 -4.210000e-01  5.498952e-03
     vertex -4.782134e-03 -4.210000e-01  5.742213e-03
   endloop
 endfacet
 facet normal  0.000000e+00  1.000000e+00  0.000000e+00
   outer loop
     vertex -4.327554e-03 -4.210000e-01  5.498952e-03
     vertex -4.788007e-03 -4.210000e-01  5.258371e-03
     vertex -4.782134e-03 -4.210000e-01  5.742213e-03
   endloop
 endfacet
 facet normal  0.000000e+00  1.000000e+00  0.000000e+00
   outer loop
     vertex -4.382851e-03 -4.210000e-01  3.017702e-03
     vertex -4.406702e-03 -4.210000e-01  2.501029e-03
     vertex -4.880762e-03 -4.210000e-01  2.792066e-03
   endloop
 endfacet
 facet normal  0.000000e+00  1.000000e+00  0.000000e+00
   outer loop
     vertex -4.406702e-03 -4.210000e-01  2.501029e-03
     vertex -4.915707e-03 -4.210000e-01  2.227900e-03
     vertex -4.880762e-03 -4.210000e-01  2.792066e-03
   endloop
 endfacet
 facet normal  0.000000e+00  1.000000e+00  0.000000e+00
   outer loop
     vertex -4.354029e-03 -4.210000e-01  6.985012e-03
     vertex -4.326925e-03 -4.210000e-01  6.490429e-03
     vertex -4.771962e-03 -4.210000e-01  6.713139e-03
   endloop
 endfacet
 facet normal -0.000000e+00  1.000000e+00  0.000000e+00
   outer loop
     vertex -7.667884e-03 -4.210000e-01  8.229595e-03
     vertex -7.165162e-03 -4.210000e-01  8.276887e-03
     vertex -7.373521e-03 -4.210000e-01  7.900982e-03
   endloop
 endfacet
 facet normal  0.000000e+00  1.000000e+00  0.000000e+00
   outer loop
     vertex -4.338979e-03 -4.210000e-01  3.520285e-03
     vertex -4.382851e-03 -4.210000e-01  3.017702e-03
     vertex -4.832312e-03 -4.210000e-01  3.310121e-03
   endloop
 endfacet
 facet normal  0.000000e+00  1.000000e+00  0.000000e+00
   outer loop
     vertex -4.382851e-03 -4.210000e-01  3.017702e-03
     vertex -4.880762e-03 -4.210000e-01  2.792066e-03
     vertex -4.832312e-03 -4.210000e-01  3.310121e-03
   endloop
 endfacet
 facet normal  0.000000e+00  1.000000e+00  0.000000e+00
   outer loop
     vertex -4.378362e-03 -4.210000e-01  7.480004e-03
     vertex -4.354029e-03 -4.210000e-01  6.985012e-03
     vertex -4.865676e-03 -4.210000e-01  7.214587e-03
   endloop
 endfacet
 facet normal  0.000000e+00  1.000000e+00  0.000000e+00
   outer loop
     vertex -4.354029e-03 -4.210000e-01  6.985012e-03
     vertex -4.771962e-03 -4.210000e-01  6.713139e-03
     vertex -4.865676e-03 -4.210000e-01  7.214587e-03
   endloop
 endfacet
 facet normal  0.000000e+00  1.000000e+00  0.000000e+00
   outer loop
     vertex -8.245187e-03 -4.210000e-01  2.522854e-03
     vertex -8.208978e-03 -4.210000e-01  2.999889e-03
     vertex -7.730377e-03 -4.210000e-01  2.708965e-03
   endloop
 endfacet
 facet normal -0.000000e+00  1.000000e+00  0.000000e+00
   outer loop
     vertex -8.208978e-03 -4.210000e-01  2.999889e-03
     vertex -7.785978e-03 -4.210000e-01  3.257325e-03
     vertex -7.730377e-03 -4.210000e-01  2.708965e-03
   endloop
 endfacet
 facet normal  0.000000e+00  1.000000e+00  0.000000e+00
   outer loop
     vertex -8.185122e-03 -4.210000e-01  4.994614e-03
     vertex -8.183189e-03 -4.210000e-01  5.497463e-03
     vertex -7.689391e-03 -4.210000e-01  5.225661e-03
   endloop
 endfacet
 facet normal -0.000000e+00  1.000000e+00  0.000000e+00
   outer loop
     vertex -8.183189e-03 -4.210000e-01  5.497463e-03
     vertex -7.695376e-03 -4.210000e-01  5.738206e-03
     vertex -7.689391e-03 -4.210000e-01  5.225661e-03
   endloop
 endfacet
 facet normal  0.000000e+00  1.000000e+00  0.000000e+00
   outer loop
     vertex -4.326925e-03 -4.210000e-01  6.490429e-03
     vertex -4.323554e-03 -4.210000e-01  5.980708e-03
     vertex -4.749995e-03 -4.210000e-01  6.218082e-03
   endloop
 endfacet
 facet normal  0.000000e+00  1.000000e+00  0.000000e+00
   outer loop
     vertex -4.323554e-03 -4.210000e-01  5.980708e-03
     vertex -4.782134e-03 -4.210000e-01  5.742213e-03
     vertex -4.749995e-03 -4.210000e-01  6.218082e-03
   endloop
 endfacet
 facet normal  0.000000e+00  1.000000e+00 -0.000000e+00
   outer loop
     vertex -8.173536e-03 -4.210000e-01  6.469188e-03
     vertex -8.199468e-03 -4.210000e-01  6.951879e-03
     vertex -7.697545e-03 -4.210000e-01  6.705946e-03
   endloop
 endfacet
 facet normal -0.000000e+00  1.000000e+00  0.000000e+00
   outer loop
     vertex -8.199468e-03 -4.210000e-01  6.951879e-03
     vertex -7.726535e-03 -4.210000e-01  7.196951e-03
     vertex -7.697545e-03 -4.210000e-01  6.705946e-03
   endloop
 endfacet
 facet normal  0.000000e+00  1.000000e+00  0.000000e+00
   outer loop
     vertex -4.300521e-03 -4.210000e-01  4.023920e-03
     vertex -4.338979e-03 -4.210000e-01  3.520285e-03
     vertex -4.754680e-03 -4.210000e-01  3.783169e-03
   endloop
 endfacet
 facet normal  0.000000e+00  1.000000e+00  0.000000e+00
   outer loop
     vertex -4.730590e-03 -4.210000e-01  4.306630e-03
     vertex -4.300521e-03 -4.210000e-01  4.023920e-03
     vertex -4.754680e-03 -4.210000e-01  3.783169e-03
   endloop
 endfacet
 facet normal  0.000000e+00  1.000000e+00  0.000000e+00
   outer loop
     vertex -4.338979e-03 -4.210000e-01  3.520285e-03
     vertex -4.832312e-03 -4.210000e-01  3.310121e-03
     vertex -4.754680e-03 -4.210000e-01  3.783169e-03
   endloop
 endfacet
 facet normal  0.000000e+00  1.000000e+00  0.000000e+00
   outer loop
     vertex -4.320107e-03 -4.210000e-01  5.012250e-03
     vertex -4.305170e-03 -4.210000e-01  4.522878e-03
     vertex -4.767265e-03 -4.210000e-01  4.775561e-03
   endloop
 endfacet
 facet normal  0.000000e+00  1.000000e+00  0.000000e+00
   outer loop
     vertex -4.305170e-03 -4.210000e-01  4.522878e-03
     vertex -4.730590e-03 -4.210000e-01  4.306630e-03
     vertex -4.767265e-03 -4.210000e-01  4.775561e-03
   endloop
 endfacet
 facet normal -0.000000e+00  1.000000e+00  0.000000e+00
   outer loop
     vertex -8.245187e-03 -4.210000e-01  2.522854e-03
     vertex -7.730377e-03 -4.210000e-01  2.708965e-03
     vertex -7.877839e-03 -4.210000e-01  2.263231e-03
   endloop
 endfacet
 facet normal  0.000000e+00  1.000000e+00 -0.000000e+00
   outer loop
     vertex -8.200119e-03 -4.210000e-01  3.988067e-03
     vertex -8.634308e-03 -4.210000e-01  4.258065e-03
     vertex -8.199186e-03 -4.210000e-01  4.495526e-03
   endloop
 endfacet
 facet normal  0.000000e+00  1.000000e+00  0.000000e+00
   outer loop
     vertex -7.726535e-03 -4.210000e-01  7.196951e-03
     vertex -8.210808e-03 -4.210000e-01  7.460821e-03
     vertex -7.777343e-03 -4.210000e-01  7.713631e-03
   endloop
 endfacet
 facet normal  0.000000e+00  1.000000e+00 -0.000000e+00
   outer loop
     vertex -8.210808e-03 -4.210000e-01  7.460821e-03
     vertex -8.211506e-03 -4.210000e-01  7.960415e-03
     vertex -7.777343e-03 -4.210000e-01  7.713631e-03
   endloop
 endfacet
 facet normal  0.000000e+00  1.000000e+00  0.000000e+00
   outer loop
     vertex -4.326925e-03 -4.210000e-01  6.490429e-03
     vertex -4.749995e-03 -4.210000e-01  6.218082e-03
     vertex -4.771962e-03 -4.210000e-01  6.713139e-03
   endloop
 endfacet
 facet normal  0.000000e+00  1.000000e+00 -0.000000e+00
   outer loop
     vertex -7.785978e-03 -4.210000e-01  3.257325e-03
     vertex -8.211620e-03 -4.210000e-01  3.498674e-03
     vertex -7.758269e-03 -4.210000e-01  3.738751e-03
   endloop
 endfacet
 facet normal  0.000000e+00  1.000000e+00  0.000000e+00
   outer loop
     vertex -8.211620e-03 -4.210000e-01  3.498674e-03
     vertex -8.200119e-03 -4.210000e-01  3.988067e-03
     vertex -7.758269e-03 -4.210000e-01  3.738751e-03
   endloop
 endfacet
 facet normal  0.000000e+00  1.000000e+00  0.000000e+00
   outer loop
     vertex -7.764538e-03 -4.210000e-01  1.788726e-03
     vertex -8.262100e-03 -4.210000e-01  1.584507e-03
     vertex -8.256945e-03 -4.210000e-01  2.047717e-03
   endloop
 endfacet
 facet normal  0.000000e+00  1.000000e+00  0.000000e+00
   outer loop
     vertex -5.733257e-03 -4.210000e-01  1.738370e-03
     vertex -5.993685e-03 -4.210000e-01  1.345151e-03
     vertex -6.215093e-03 -4.210000e-01  1.800267e-03
   endloop
 endfacet
 facet normal -0.000000e+00  1.000000e+00  0.000000e+00
   outer loop
     vertex -7.373521e-03 -4.210000e-01  7.900982e-03
     vertex -7.165162e-03 -4.210000e-01  8.276887e-03
     vertex -6.941474e-03 -4.210000e-01  7.834001e-03
   endloop
 endfacet
 facet normal  0.000000e+00  1.000000e+00  0.000000e+00
   outer loop
     vertex -7.165162e-03 -4.210000e-01  8.276887e-03
     vertex -6.694294e-03 -4.210000e-01  8.247638e-03
     vertex -6.941474e-03 -4.210000e-01  7.834001e-03
   endloop
 endfacet
 facet normal  0.000000e+00  1.000000e+00  0.000000e+00
   outer loop
     vertex -5.236969e-03 -4.210000e-01  1.724609e-03
     vertex -5.733257e-03 -4.210000e-01  1.738370e-03
     vertex -5.435060e-03 -4.210000e-01  2.114256e-03
   endloop
 endfacet
 facet normal  0.000000e+00  1.000000e+00  0.000000e+00
   outer loop
     vertex -7.667884e-03 -4.210000e-01  8.229595e-03
     vertex -7.373521e-03 -4.210000e-01  7.900982e-03
     vertex -7.777343e-03 -4.210000e-01  7.713631e-03
   endloop
 endfacet
 facet normal  0.000000e+00  1.000000e+00  0.000000e+00
   outer loop
     vertex -4.320107e-03 -4.210000e-01  5.012250e-03
     vertex -4.767265e-03 -4.210000e-01  4.775561e-03
     vertex -4.788007e-03 -4.210000e-01  5.258371e-03
   endloop
 endfacet
 facet normal  0.000000e+00  1.000000e+00 -0.000000e+00
   outer loop
     vertex -5.236969e-03 -4.210000e-01  1.724609e-03
     vertex -5.435060e-03 -4.210000e-01  2.114256e-03
     vertex -4.915707e-03 -4.210000e-01  2.227900e-03
   endloop
 endfacet
 facet normal  0.000000e+00  1.000000e+00  0.000000e+00
   outer loop
     vertex -8.199186e-03 -4.210000e-01  4.495526e-03
     vertex -8.185122e-03 -4.210000e-01  4.994614e-03
     vertex -7.696008e-03 -4.210000e-01  4.735737e-03
   endloop
 endfacet
 facet normal -0.000000e+00  1.000000e+00  0.000000e+00
   outer loop
     vertex -8.185122e-03 -4.210000e-01  4.994614e-03
     vertex -7.689391e-03 -4.210000e-01  5.225661e-03
     vertex -7.696008e-03 -4.210000e-01  4.735737e-03
   endloop
 endfacet
 facet normal  0.000000e+00  1.000000e+00 -0.000000e+00
   outer loop
     vertex -8.211506e-03 -4.210000e-01  7.960415e-03
     vertex -8.417975e-03 -4.210000e-01  8.364174e-03
     vertex -8.045688e-03 -4.210000e-01  8.391097e-03
   endloop
 endfacet
 facet normal  0.000000e+00  1.000000e+00  0.000000e+00
   outer loop
     vertex -8.245187e-03 -4.210000e-01  2.522854e-03
     vertex -7.877839e-03 -4.210000e-01  2.263231e-03
     vertex -8.256945e-03 -4.210000e-01  2.047717e-03
   endloop
 endfacet
 facet normal  0.000000e+00  1.000000e+00  0.000000e+00
   outer loop
     vertex -4.723361e-03 -4.210000e-01  8.315365e-03
     vertex -4.329571e-03 -4.210000e-01  7.969531e-03
     vertex -4.927685e-03 -4.210000e-01  7.753654e-03
   endloop
 endfacet
 facet normal  0.000000e+00  1.000000e+00  0.000000e+00
   outer loop
     vertex -4.329571e-03 -4.210000e-01  7.969531e-03
     vertex -4.378362e-03 -4.210000e-01  7.480004e-03
     vertex -4.927685e-03 -4.210000e-01  7.753654e-03
   endloop
 endfacet
 facet normal -0.000000e+00  1.000000e+00  0.000000e+00
   outer loop
     vertex -5.246025e-03 -4.210000e-01  8.270797e-03
     vertex -4.723361e-03 -4.210000e-01  8.315365e-03
     vertex -4.927685e-03 -4.210000e-01  7.753654e-03
   endloop
 endfacet
 facet normal  0.000000e+00  1.000000e+00  0.000000e+00
   outer loop
     vertex -6.703232e-03 -4.210000e-01  1.811155e-03
     vertex -7.210844e-03 -4.210000e-01  1.800419e-03
     vertex -6.930028e-03 -4.210000e-01  2.253923e-03
   endloop
 endfacet
 facet normal -0.000000e+00  1.000000e+00  0.000000e+00
   outer loop
     vertex -5.739280e-03 -4.210000e-01  8.247580e-03
     vertex -5.246025e-03 -4.210000e-01  8.270797e-03
     vertex -5.473564e-03 -4.210000e-01  7.865912e-03
   endloop
 endfacet
 facet normal  0.000000e+00  1.000000e+00 -0.000000e+00
   outer loop
     vertex -8.170322e-03 -4.210000e-01  5.984448e-03
     vertex -8.173536e-03 -4.210000e-01  6.469188e-03
     vertex -7.695030e-03 -4.210000e-01  6.226150e-03
   endloop
 endfacet
 facet normal -0.000000e+00  1.000000e+00  0.000000e+00
   outer loop
     vertex -6.941474e-03 -4.210000e-01  7.834001e-03
     vertex -6.694294e-03 -4.210000e-01  8.247638e-03
     vertex -6.460258e-03 -4.210000e-01  7.783186e-03
   endloop
 endfacet
 facet normal  0.000000e+00  1.000000e+00  0.000000e+00
   outer loop
     vertex -6.694294e-03 -4.210000e-01  8.247638e-03
     vertex -6.219167e-03 -4.210000e-01  8.234004e-03
     vertex -6.460258e-03 -4.210000e-01  7.783186e-03
   endloop
 endfacet
 facet normal  0.000000e+00  1.000000e+00  0.000000e+00
   outer loop
     vertex -7.695030e-03 -4.210000e-01  6.226150e-03
     vertex -8.173536e-03 -4.210000e-01  6.469188e-03
     vertex -7.697545e-03 -4.210000e-01  6.705946e-03
   endloop
 endfacet
 facet normal  0.000000e+00  1.000000e+00  0.000000e+00
   outer loop
     vertex -4.927685e-03 -4.210000e-01  7.753654e-03
     vertex -4.378362e-03 -4.210000e-01  7.480004e-03
     vertex -4.865676e-03 -4.210000e-01  7.214587e-03
   endloop
 endfacet
 facet normal -0.000000e+00  1.000000e+00  0.000000e+00
   outer loop
     vertex -5.473564e-03 -4.210000e-01  7.865912e-03
     vertex -5.246025e-03 -4.210000e-01  8.270797e-03
     vertex -4.927685e-03 -4.210000e-01  7.753654e-03
   endloop
 endfacet
 facet normal -0.000000e+00  1.000000e+00  0.000000e+00
   outer loop
     vertex -8.170322e-03 -4.210000e-01  5.984448e-03
     vertex -7.695030e-03 -4.210000e-01  6.226150e-03
     vertex -7.695376e-03 -4.210000e-01  5.738206e-03
   endloop
 endfacet
 facet normal -0.000000e+00  1.000000e+00  0.000000e+00
   outer loop
     vertex -6.219167e-03 -4.210000e-01  8.234004e-03
     vertex -5.739280e-03 -4.210000e-01  8.247580e-03
     vertex -5.949778e-03 -4.210000e-01  7.787188e-03
   endloop
 endfacet
 facet normal  0.000000e+00  1.000000e+00  0.000000e+00
   outer loop
     vertex -6.460258e-03 -4.210000e-01  7.783186e-03
     vertex -6.219167e-03 -4.210000e-01  8.234004e-03
     vertex -5.949778e-03 -4.210000e-01  7.787188e-03
   endloop
 endfacet
 facet normal  0.000000e+00  1.000000e+00  0.000000e+00
   outer loop
     vertex -5.739280e-03 -4.210000e-01  8.247580e-03
     vertex -5.473564e-03 -4.210000e-01  7.865912e-03
     vertex -5.949778e-03 -4.210000e-01  7.787188e-03
   endloop
 endfacet
 facet normal  0.000000e+00  1.000000e+00  0.000000e+00
   outer loop
     vertex -8.200119e-03 -4.210000e-01  3.988067e-03
     vertex -8.199186e-03 -4.210000e-01  4.495526e-03
     vertex -7.724133e-03 -4.210000e-01  4.226138e-03
   endloop
 endfacet
 facet normal -0.000000e+00  1.000000e+00  0.000000e+00
   outer loop
     vertex -8.199186e-03 -4.210000e-01  4.495526e-03
     vertex -7.696008e-03 -4.210000e-01  4.735737e-03
     vertex -7.724133e-03 -4.210000e-01  4.226138e-03
   endloop
 endfacet
 facet normal -0.000000e+00  1.000000e+00  0.000000e+00
   outer loop
     vertex -7.777343e-03 -4.210000e-01  7.713631e-03
     vertex -7.373521e-03 -4.210000e-01  7.900982e-03
     vertex -7.292023e-03 -4.210000e-01  7.472198e-03
   endloop
 endfacet
 facet normal  0.000000e+00  1.000000e+00 -0.000000e+00
   outer loop
     vertex -7.726535e-03 -4.210000e-01  7.196951e-03
     vertex -7.777343e-03 -4.210000e-01  7.713631e-03
     vertex -7.292023e-03 -4.210000e-01  7.472198e-03
   endloop
 endfacet
 facet normal  0.000000e+00  1.000000e+00  0.000000e+00
   outer loop
     vertex -7.373521e-03 -4.210000e-01  7.900982e-03
     vertex -6.941474e-03 -4.210000e-01  7.834001e-03
     vertex -7.292023e-03 -4.210000e-01  7.472198e-03
   endloop
 endfacet
 facet normal  0.000000e+00  1.000000e+00  0.000000e+00
   outer loop
     vertex -6.215093e-03 -4.210000e-01  1.800267e-03
     vertex -6.703232e-03 -4.210000e-01  1.811155e-03
     vertex -6.426514e-03 -4.210000e-01  2.283796e-03
   endloop
 endfacet
 facet normal  0.000000e+00  1.000000e+00 -0.000000e+00
   outer loop
     vertex -6.703232e-03 -4.210000e-01  1.811155e-03
     vertex -6.930028e-03 -4.210000e-01  2.253923e-03
     vertex -6.426514e-03 -4.210000e-01  2.283796e-03
   endloop
 endfacet
 facet normal  0.000000e+00  1.000000e+00  0.000000e+00
   outer loop
     vertex -4.767265e-03 -4.210000e-01  4.775561e-03
     vertex -4.730590e-03 -4.210000e-01  4.306630e-03
     vertex -5.209930e-03 -4.210000e-01  4.518733e-03
   endloop
 endfacet
 facet normal  0.000000e+00  1.000000e+00  0.000000e+00
   outer loop
     vertex -5.435060e-03 -4.210000e-01  2.114256e-03
     vertex -5.733257e-03 -4.210000e-01  1.738370e-03
     vertex -5.928988e-03 -4.210000e-01  2.248306e-03
   endloop
 endfacet
 facet normal  0.000000e+00  1.000000e+00  0.000000e+00
   outer loop
     vertex -5.733257e-03 -4.210000e-01  1.738370e-03
     vertex -6.215093e-03 -4.210000e-01  1.800267e-03
     vertex -5.928988e-03 -4.210000e-01  2.248306e-03
   endloop
 endfacet
 facet normal  0.000000e+00  1.000000e+00  0.000000e+00
   outer loop
     vertex -7.667884e-03 -4.210000e-01  8.229595e-03
     vertex -7.777343e-03 -4.210000e-01  7.713631e-03
     vertex -8.211506e-03 -4.210000e-01  7.960415e-03
   endloop
 endfacet
 facet normal  0.000000e+00  1.000000e+00  0.000000e+00
   outer loop
     vertex -4.880762e-03 -4.210000e-01  2.792066e-03
     vertex -4.915707e-03 -4.210000e-01  2.227900e-03
     vertex -5.446059e-03 -4.210000e-01  2.613454e-03
   endloop
 endfacet
 facet normal  0.000000e+00  1.000000e+00  0.000000e+00
   outer loop
     vertex -4.915707e-03 -4.210000e-01  2.227900e-03
     vertex -5.435060e-03 -4.210000e-01  2.114256e-03
     vertex -5.446059e-03 -4.210000e-01  2.613454e-03
   endloop
 endfacet
 facet normal  0.000000e+00  1.000000e+00  0.000000e+00
   outer loop
     vertex -4.771962e-03 -4.210000e-01  6.713139e-03
     vertex -4.749995e-03 -4.210000e-01  6.218082e-03
     vertex -5.139803e-03 -4.210000e-01  6.426019e-03
   endloop
 endfacet
 facet normal  0.000000e+00  1.000000e+00  0.000000e+00
   outer loop
     vertex -4.788007e-03 -4.210000e-01  5.258371e-03
     vertex -4.767265e-03 -4.210000e-01  4.775561e-03
     vertex -5.256068e-03 -4.210000e-01  5.005444e-03
   endloop
 endfacet
 facet normal  0.000000e+00  1.000000e+00  0.000000e+00
   outer loop
     vertex -4.767265e-03 -4.210000e-01  4.775561e-03
     vertex -5.209930e-03 -4.210000e-01  4.518733e-03
     vertex -5.256068e-03 -4.210000e-01  5.005444e-03
   endloop
 endfacet
 facet normal  0.000000e+00  1.000000e+00  0.000000e+00
   outer loop
     vertex -5.473564e-03 -4.210000e-01  7.865912e-03
     vertex -4.927685e-03 -4.210000e-01  7.753654e-03
     vertex -5.547444e-03 -4.210000e-01  7.369011e-03
   endloop
 endfacet
 facet normal  0.000000e+00  1.000000e+00  0.000000e+00
   outer loop
     vertex -4.927685e-03 -4.210000e-01  7.753654e-03
     vertex -4.865676e-03 -4.210000e-01  7.214587e-03
     vertex -5.547444e-03 -4.210000e-01  7.369011e-03
   endloop
 endfacet
 facet normal  0.000000e+00  1.000000e+00  0.000000e+00
   outer loop
     vertex -4.865676e-03 -4.210000e-01  7.214587e-03
     vertex -4.771962e-03 -4.210000e-01  6.713139e-03
     vertex -5.342261e-03 -4.210000e-01  6.862600e-03
   endloop
 endfacet
 facet normal  0.000000e+00  1.000000e+00  0.000000e+00
   outer loop
     vertex -5.547444e-03 -4.210000e-01  7.369011e-03
     vertex -4.865676e-03 -4.210000e-01  7.214587e-03
     vertex -5.342261e-03 -4.210000e-01  6.862600e-03
   endloop
 endfacet
 facet normal  0.000000e+00  1.000000e+00  0.000000e+00
   outer loop
     vertex -4.771962e-03 -4.210000e-01  6.713139e-03
     vertex -5.139803e-03 -4.210000e-01  6.426019e-03
     vertex -5.342261e-03 -4.210000e-01  6.862600e-03
   endloop
 endfacet
 facet normal  0.000000e+00  1.000000e+00  0.000000e+00
   outer loop
     vertex -7.695376e-03 -4.210000e-01  5.738206e-03
     vertex -7.695030e-03 -4.210000e-01  6.226150e-03
     vertex -7.222873e-03 -4.210000e-01  5.975524e-03
   endloop
 endfacet
 facet normal  0.000000e+00  1.000000e+00 -0.000000e+00
   outer loop
     vertex -7.730377e-03 -4.210000e-01  2.708965e-03
     vertex -7.785978e-03 -4.210000e-01  3.257325e-03
     vertex -7.407117e-03 -4.210000e-01  3.048718e-03
   endloop
 endfacet
 facet normal  0.000000e+00  1.000000e+00 -0.000000e+00
   outer loop
     vertex -7.689391e-03 -4.210000e-01  5.225661e-03
     vertex -7.695376e-03 -4.210000e-01  5.738206e-03
     vertex -7.233845e-03 -4.210000e-01  5.474676e-03
   endloop
 endfacet
 facet normal -0.000000e+00  1.000000e+00  0.000000e+00
   outer loop
     vertex -7.695376e-03 -4.210000e-01  5.738206e-03
     vertex -7.222873e-03 -4.210000e-01  5.975524e-03
     vertex -7.233845e-03 -4.210000e-01  5.474676e-03
   endloop
 endfacet
 facet normal  0.000000e+00  1.000000e+00  0.000000e+00
   outer loop
     vertex -6.930028e-03 -4.210000e-01  2.253923e-03
     vertex -7.210844e-03 -4.210000e-01  1.800419e-03
     vertex -7.433292e-03 -4.210000e-01  2.244636e-03
   endloop
 endfacet
 facet normal  0.000000e+00  1.000000e+00 -0.000000e+00
   outer loop
     vertex -7.697545e-03 -4.210000e-01  6.705946e-03
     vertex -7.726535e-03 -4.210000e-01  7.196951e-03
     vertex -7.215166e-03 -4.210000e-01  6.975805e-03
   endloop
 endfacet
 facet normal -0.000000e+00  1.000000e+00  0.000000e+00
   outer loop
     vertex -7.726535e-03 -4.210000e-01  7.196951e-03
     vertex -7.292023e-03 -4.210000e-01  7.472198e-03
     vertex -7.215166e-03 -4.210000e-01  6.975805e-03
   endloop
 endfacet
 facet normal -0.000000e+00  1.000000e+00  0.000000e+00
   outer loop
     vertex -8.256945e-03 -4.210000e-01  2.047717e-03
     vertex -7.877839e-03 -4.210000e-01  2.263231e-03
     vertex -7.764538e-03 -4.210000e-01  1.788726e-03
   endloop
 endfacet
 facet normal  0.000000e+00  1.000000e+00  0.000000e+00
   outer loop
     vertex -7.210844e-03 -4.210000e-01  1.800419e-03
     vertex -7.764538e-03 -4.210000e-01  1.788726e-03
     vertex -7.433292e-03 -4.210000e-01  2.244636e-03
   endloop
 endfacet
 facet normal  0.000000e+00  1.000000e+00 -0.000000e+00
   outer loop
     vertex -7.764538e-03 -4.210000e-01  1.788726e-03
     vertex -7.877839e-03 -4.210000e-01  2.263231e-03
     vertex -7.433292e-03 -4.210000e-01  2.244636e-03
   endloop
 endfacet
 facet normal  0.000000e+00  1.000000e+00  0.000000e+00
   outer loop
     vertex -4.832312e-03 -4.210000e-01  3.310121e-03
     vertex -4.880762e-03 -4.210000e-01  2.792066e-03
     vertex -5.435166e-03 -4.210000e-01  3.137655e-03
   endloop
 endfacet
 facet normal  0.000000e+00  1.000000e+00  0.000000e+00
   outer loop
     vertex -4.880762e-03 -4.210000e-01  2.792066e-03
     vertex -5.446059e-03 -4.210000e-01  2.613454e-03
     vertex -5.435166e-03 -4.210000e-01  3.137655e-03
   endloop
 endfacet
 facet normal  0.000000e+00  1.000000e+00  0.000000e+00
   outer loop
     vertex -4.782134e-03 -4.210000e-01  5.742213e-03
     vertex -4.788007e-03 -4.210000e-01  5.258371e-03
     vertex -5.274210e-03 -4.210000e-01  5.511563e-03
   endloop
 endfacet
 facet normal  0.000000e+00  1.000000e+00  0.000000e+00
   outer loop
     vertex -4.788007e-03 -4.210000e-01  5.258371e-03
     vertex -5.256068e-03 -4.210000e-01  5.005444e-03
     vertex -5.274210e-03 -4.210000e-01  5.511563e-03
   endloop
 endfacet
 facet normal -0.000000e+00  1.000000e+00  0.000000e+00
   outer loop
     vertex -7.292023e-03 -4.210000e-01  7.472198e-03
     vertex -6.941474e-03 -4.210000e-01  7.834001e-03
     vertex -6.766836e-03 -4.210000e-01  7.340110e-03
   endloop
 endfacet
 facet normal  0.000000e+00  1.000000e+00 -0.000000e+00
   outer loop
     vertex -7.215166e-03 -4.210000e-01  6.975805e-03
     vertex -7.292023e-03 -4.210000e-01  7.472198e-03
     vertex -6.766836e-03 -4.210000e-01  7.340110e-03
   endloop
 endfacet
 facet normal  0.000000e+00  1.000000e+00  0.000000e+00
   outer loop
     vertex -6.941474e-03 -4.210000e-01  7.834001e-03
     vertex -6.460258e-03 -4.210000e-01  7.783186e-03
     vertex -6.766836e-03 -4.210000e-01  7.340110e-03
   endloop
 endfacet
 facet normal  0.000000e+00  1.000000e+00 -0.000000e+00
   outer loop
     vertex -7.758269e-03 -4.210000e-01  3.738751e-03
     vertex -8.200119e-03 -4.210000e-01  3.988067e-03
     vertex -7.724133e-03 -4.210000e-01  4.226138e-03
   endloop
 endfacet
 facet normal  0.000000e+00  1.000000e+00  0.000000e+00
   outer loop
     vertex -5.928988e-03 -4.210000e-01  2.248306e-03
     vertex -6.215093e-03 -4.210000e-01  1.800267e-03
     vertex -6.426514e-03 -4.210000e-01  2.283796e-03
   endloop
 endfacet
 facet normal  0.000000e+00  1.000000e+00  0.000000e+00
   outer loop
     vertex -5.209930e-03 -4.210000e-01  4.518733e-03
     vertex -4.730590e-03 -4.210000e-01  4.306630e-03
     vertex -5.127643e-03 -4.210000e-01  4.088259e-03
   endloop
 endfacet
 facet normal  0.000000e+00  1.000000e+00  0.000000e+00
   outer loop
     vertex -4.730590e-03 -4.210000e-01  4.306630e-03
     vertex -4.754680e-03 -4.210000e-01  3.783169e-03
     vertex -5.127643e-03 -4.210000e-01  4.088259e-03
   endloop
 endfacet
 facet normal  0.000000e+00  1.000000e+00  0.000000e+00
   outer loop
     vertex -5.435060e-03 -4.210000e-01  2.114256e-03
     vertex -5.928988e-03 -4.210000e-01  2.248306e-03
     vertex -5.446059e-03 -4.210000e-01  2.613454e-03
   endloop
 endfacet
 facet normal  0.000000e+00  1.000000e+00  0.000000e+00
   outer loop
     vertex -5.139803e-03 -4.210000e-01  6.426019e-03
     vertex -4.749995e-03 -4.210000e-01  6.218082e-03
     vertex -5.235777e-03 -4.210000e-01  5.999063e-03
   endloop
 endfacet
 facet normal  0.000000e+00  1.000000e+00  0.000000e+00
   outer loop
     vertex -4.749995e-03 -4.210000e-01  6.218082e-03
     vertex -4.782134e-03 -4.210000e-01  5.742213e-03
     vertex -5.235777e-03 -4.210000e-01  5.999063e-03
   endloop
 endfacet
 facet normal  0.000000e+00  1.000000e+00 -0.000000e+00
   outer loop
     vertex -7.222873e-03 -4.210000e-01  5.975524e-03
     vertex -7.695030e-03 -4.210000e-01  6.226150e-03
     vertex -7.204911e-03 -4.210000e-01  6.481940e-03
   endloop
 endfacet
 facet normal  0.000000e+00  1.000000e+00 -0.000000e+00
   outer loop
     vertex -7.695030e-03 -4.210000e-01  6.226150e-03
     vertex -7.697545e-03 -4.210000e-01  6.705946e-03
     vertex -7.204911e-03 -4.210000e-01  6.481940e-03
   endloop
 endfacet
 facet normal  0.000000e+00  1.000000e+00  0.000000e+00
   outer loop
     vertex -7.696008e-03 -4.210000e-01  4.735737e-03
     vertex -7.689391e-03 -4.210000e-01  5.225661e-03
     vertex -7.227646e-03 -4.210000e-01  4.956930e-03
   endloop
 endfacet
 facet normal -0.000000e+00  1.000000e+00  0.000000e+00
   outer loop
     vertex -7.689391e-03 -4.210000e-01  5.225661e-03
     vertex -7.233845e-03 -4.210000e-01  5.474676e-03
     vertex -7.227646e-03 -4.210000e-01  4.956930e-03
   endloop
 endfacet
 facet normal  0.000000e+00  1.000000e+00  0.000000e+00
   outer loop
     vertex -6.426514e-03 -4.210000e-01  2.283796e-03
     vertex -6.930028e-03 -4.210000e-01  2.253923e-03
     vertex -6.657960e-03 -4.210000e-01  2.739760e-03
   endloop
 endfacet
 facet normal  0.000000e+00  1.000000e+00 -0.000000e+00
   outer loop
     vertex -7.407117e-03 -4.210000e-01  3.048718e-03
     vertex -7.785978e-03 -4.210000e-01  3.257325e-03
     vertex -7.341042e-03 -4.210000e-01  3.477043e-03
   endloop
 endfacet
 facet normal  0.000000e+00  1.000000e+00  0.000000e+00
   outer loop
     vertex -7.785978e-03 -4.210000e-01  3.257325e-03
     vertex -7.758269e-03 -4.210000e-01  3.738751e-03
     vertex -7.341042e-03 -4.210000e-01  3.477043e-03
   endloop
 endfacet
 facet normal  0.000000e+00  1.000000e+00  0.000000e+00
   outer loop
     vertex -5.473564e-03 -4.210000e-01  7.865912e-03
     vertex -5.547444e-03 -4.210000e-01  7.369011e-03
     vertex -5.949778e-03 -4.210000e-01  7.787188e-03
   endloop
 endfacet
 facet normal  0.000000e+00  1.000000e+00  0.000000e+00
   outer loop
     vertex -7.433292e-03 -4.210000e-01  2.244636e-03
     vertex -7.877839e-03 -4.210000e-01  2.263231e-03
     vertex -7.730377e-03 -4.210000e-01  2.708965e-03
   endloop
 endfacet
 facet normal -0.000000e+00  1.000000e+00  0.000000e+00
   outer loop
     vertex -7.697545e-03 -4.210000e-01  6.705946e-03
     vertex -7.215166e-03 -4.210000e-01  6.975805e-03
     vertex -7.204911e-03 -4.210000e-01  6.481940e-03
   endloop
 endfacet
 facet normal  0.000000e+00  1.000000e+00 -0.000000e+00
   outer loop
     vertex -7.433292e-03 -4.210000e-01  2.244636e-03
     vertex -7.730377e-03 -4.210000e-01  2.708965e-03
     vertex -7.175479e-03 -4.210000e-01  2.665356e-03
   endloop
 endfacet
 facet normal  0.000000e+00  1.000000e+00  0.000000e+00
   outer loop
     vertex -6.930028e-03 -4.210000e-01  2.253923e-03
     vertex -7.433292e-03 -4.210000e-01  2.244636e-03
     vertex -7.175479e-03 -4.210000e-01  2.665356e-03
   endloop
 endfacet
 facet normal -0.000000e+00  1.000000e+00  0.000000e+00
   outer loop
     vertex -7.730377e-03 -4.210000e-01  2.708965e-03
     vertex -7.407117e-03 -4.210000e-01  3.048718e-03
     vertex -7.175479e-03 -4.210000e-01  2.665356e-03
   endloop
 endfacet
 facet normal  0.000000e+00  1.000000e+00  0.000000e+00
   outer loop
     vertex -5.235777e-03 -4.210000e-01  5.999063e-03
     vertex -4.782134e-03 -4.210000e-01  5.742213e-03
     vertex -5.274210e-03 -4.210000e-01  5.511563e-03
   endloop
 endfacet
 facet normal  0.000000e+00  1.000000e+00 -0.000000e+00
   outer loop
     vertex -6.930028e-03 -4.210000e-01  2.253923e-03
     vertex -7.175479e-03 -4.210000e-01  2.665356e-03
     vertex -6.657960e-03 -4.210000e-01  2.739760e-03
   endloop
 endfacet
 facet normal  0.000000e+00  1.000000e+00  0.000000e+00
   outer loop
     vertex -4.754680e-03 -4.210000e-01  3.783169e-03
     vertex -4.832312e-03 -4.210000e-01  3.310121e-03
     vertex -5.303474e-03 -4.210000e-01  3.643848e-03
   endloop
 endfacet
 facet normal  0.000000e+00  1.000000e+00  0.000000e+00
   outer loop
     vertex -5.127643e-03 -4.210000e-01  4.088259e-03
     vertex -4.754680e-03 -4.210000e-01  3.783169e-03
     vertex -5.303474e-03 -4.210000e-01  3.643848e-03
   endloop
 endfacet
 facet normal  0.000000e+00  1.000000e+00  0.000000e+00
   outer loop
     vertex -4.832312e-03 -4.210000e-01  3.310121e-03
     vertex -5.435166e-03 -4.210000e-01  3.137655e-03
     vertex -5.303474e-03 -4.210000e-01  3.643848e-03
   endloop
 endfacet
 facet normal  0.000000e+00  1.000000e+00  0.000000e+00
   outer loop
     vertex -7.233845e-03 -4.210000e-01  5.474676e-03
     vertex -7.222873e-03 -4.210000e-01  5.975524e-03
     vertex -6.770969e-03 -4.210000e-01  5.699232e-03
   endloop
 endfacet
 facet normal  0.000000e+00  1.000000e+00  0.000000e+00
   outer loop
     vertex -6.657960e-03 -4.210000e-01  2.739760e-03
     vertex -7.175479e-03 -4.210000e-01  2.665356e-03
     vertex -6.956749e-03 -4.210000e-01  3.148397e-03
   endloop
 endfacet
 facet normal  0.000000e+00  1.000000e+00 -0.000000e+00
   outer loop
     vertex -7.175479e-03 -4.210000e-01  2.665356e-03
     vertex -7.407117e-03 -4.210000e-01  3.048718e-03
     vertex -6.956749e-03 -4.210000e-01  3.148397e-03
   endloop
 endfacet
 facet normal -0.000000e+00  1.000000e+00  0.000000e+00
   outer loop
     vertex -6.460258e-03 -4.210000e-01  7.783186e-03
     vertex -5.949778e-03 -4.210000e-01  7.787188e-03
     vertex -6.195345e-03 -4.210000e-01  7.320391e-03
   endloop
 endfacet
 facet normal  0.000000e+00  1.000000e+00  0.000000e+00
   outer loop
     vertex -5.446059e-03 -4.210000e-01  2.613454e-03
     vertex -5.928988e-03 -4.210000e-01  2.248306e-03
     vertex -6.030105e-03 -4.210000e-01  2.863635e-03
   endloop
 endfacet
 facet normal  0.000000e+00  1.000000e+00  0.000000e+00
   outer loop
     vertex -5.256068e-03 -4.210000e-01  5.005444e-03
     vertex -5.209930e-03 -4.210000e-01  4.518733e-03
     vertex -5.716871e-03 -4.210000e-01  4.699723e-03
   endloop
 endfacet
 facet normal  0.000000e+00  1.000000e+00  0.000000e+00
   outer loop
     vertex -5.139803e-03 -4.210000e-01  6.426019e-03
     vertex -5.235777e-03 -4.210000e-01  5.999063e-03
     vertex -5.616982e-03 -4.210000e-01  6.379937e-03
   endloop
 endfacet
 facet normal  0.000000e+00  1.000000e+00  0.000000e+00
   outer loop
     vertex -5.949778e-03 -4.210000e-01  7.787188e-03
     vertex -5.547444e-03 -4.210000e-01  7.369011e-03
     vertex -6.195345e-03 -4.210000e-01  7.320391e-03
   endloop
 endfacet
 facet normal  0.000000e+00  1.000000e+00  0.000000e+00
   outer loop
     vertex -7.724133e-03 -4.210000e-01  4.226138e-03
     vertex -7.696008e-03 -4.210000e-01  4.735737e-03
     vertex -7.236937e-03 -4.210000e-01  4.463739e-03
   endloop
 endfacet
 facet normal -0.000000e+00  1.000000e+00  0.000000e+00
   outer loop
     vertex -7.696008e-03 -4.210000e-01  4.735737e-03
     vertex -7.227646e-03 -4.210000e-01  4.956930e-03
     vertex -7.236937e-03 -4.210000e-01  4.463739e-03
   endloop
 endfacet
 facet normal  0.000000e+00  1.000000e+00  0.000000e+00
   outer loop
     vertex -5.928988e-03 -4.210000e-01  2.248306e-03
     vertex -6.426514e-03 -4.210000e-01  2.283796e-03
     vertex -6.030105e-03 -4.210000e-01  2.863635e-03
   endloop
 endfacet
 facet normal  0.000000e+00  1.000000e+00  0.000000e+00
   outer loop
     vertex -7.758269e-03 -4.210000e-01  3.738751e-03
     vertex -7.724133e-03 -4.210000e-01  4.226138e-03
     vertex -7.281391e-03 -4.210000e-01  3.950009e-03
   endloop
 endfacet
 facet normal -0.000000e+00  1.000000e+00  0.000000e+00
   outer loop
     vertex -7.724133e-03 -4.210000e-01  4.226138e-03
     vertex -7.236937e-03 -4.210000e-01  4.463739e-03
     vertex -7.281391e-03 -4.210000e-01  3.950009e-03
   endloop
 endfacet
 facet normal  0.000000e+00  1.000000e+00 -0.000000e+00
   outer loop
     vertex -7.204911e-03 -4.210000e-01  6.481940e-03
     vertex -7.215166e-03 -4.210000e-01  6.975805e-03
     vertex -6.606974e-03 -4.210000e-01  6.784717e-03
   endloop
 endfacet
 facet normal  0.000000e+00  1.000000e+00  0.000000e+00
   outer loop
     vertex -5.435166e-03 -4.210000e-01  3.137655e-03
     vertex -5.446059e-03 -4.210000e-01  2.613454e-03
     vertex -6.030105e-03 -4.210000e-01  2.863635e-03
   endloop
 endfacet
 facet normal  0.000000e+00  1.000000e+00  0.000000e+00
   outer loop
     vertex -5.274210e-03 -4.210000e-01  5.511563e-03
     vertex -5.256068e-03 -4.210000e-01  5.005444e-03
     vertex -5.758611e-03 -4.210000e-01  5.243128e-03
   endloop
 endfacet
 facet normal  0.000000e+00  1.000000e+00  0.000000e+00
   outer loop
     vertex -5.256068e-03 -4.210000e-01  5.005444e-03
     vertex -5.716871e-03 -4.210000e-01  4.699723e-03
     vertex -5.758611e-03 -4.210000e-01  5.243128e-03
   endloop
 endfacet
 facet normal -0.000000e+00  1.000000e+00  0.000000e+00
   outer loop
     vertex -7.204911e-03 -4.210000e-01  6.481940e-03
     vertex -6.606974e-03 -4.210000e-01  6.784717e-03
     vertex -6.729646e-03 -4.210000e-01  6.211719e-03
   endloop
 endfacet
 facet normal  0.000000e+00  1.000000e+00  0.000000e+00
   outer loop
     vertex -7.204911e-03 -4.210000e-01  6.481940e-03
     vertex -6.729646e-03 -4.210000e-01  6.211719e-03
     vertex -7.222873e-03 -4.210000e-01  5.975524e-03
   endloop
 endfacet
 facet normal  0.000000e+00  1.000000e+00 -0.000000e+00
   outer loop
     vertex -6.770969e-03 -4.210000e-01  5.699232e-03
     vertex -7.222873e-03 -4.210000e-01  5.975524e-03
     vertex -6.729646e-03 -4.210000e-01  6.211719e-03
   endloop
 endfacet
 facet normal  0.000000e+00  1.000000e+00 -0.000000e+00
   outer loop
     vertex -7.341042e-03 -4.210000e-01  3.477043e-03
     vertex -7.758269e-03 -4.210000e-01  3.738751e-03
     vertex -7.281391e-03 -4.210000e-01  3.950009e-03
   endloop
 endfacet
 facet normal  0.000000e+00  1.000000e+00  0.000000e+00
   outer loop
     vertex -5.139803e-03 -4.210000e-01  6.426019e-03
     vertex -5.616982e-03 -4.210000e-01  6.379937e-03
     vertex -5.342261e-03 -4.210000e-01  6.862600e-03
   endloop
 endfacet
 facet normal -0.000000e+00  1.000000e+00  0.000000e+00
   outer loop
     vertex -6.195345e-03 -4.210000e-01  7.320391e-03
     vertex -5.547444e-03 -4.210000e-01  7.369011e-03
     vertex -5.910246e-03 -4.210000e-01  6.859344e-03
   endloop
 endfacet
 facet normal  0.000000e+00  1.000000e+00  0.000000e+00
   outer loop
     vertex -5.547444e-03 -4.210000e-01  7.369011e-03
     vertex -5.342261e-03 -4.210000e-01  6.862600e-03
     vertex -5.910246e-03 -4.210000e-01  6.859344e-03
   endloop
 endfacet
 facet normal  0.000000e+00  1.000000e+00  0.000000e+00
   outer loop
     vertex -5.303474e-03 -4.210000e-01  3.643848e-03
     vertex -5.435166e-03 -4.210000e-01  3.137655e-03
     vertex -5.894270e-03 -4.210000e-01  3.573492e-03
   endloop
 endfacet
 facet normal -0.000000e+00  1.000000e+00  0.000000e+00
   outer loop
     vertex -7.215166e-03 -4.210000e-01  6.975805e-03
     vertex -6.766836e-03 -4.210000e-01  7.340110e-03
     vertex -6.606974e-03 -4.210000e-01  6.784717e-03
   endloop
 endfacet
 facet normal  0.000000e+00  1.000000e+00 -0.000000e+00
   outer loop
     vertex -7.227646e-03 -4.210000e-01  4.956930e-03
     vertex -7.233845e-03 -4.210000e-01  5.474676e-03
     vertex -6.745965e-03 -4.210000e-01  5.197354e-03
   endloop
 endfacet
 facet normal -0.000000e+00  1.000000e+00  0.000000e+00
   outer loop
     vertex -7.233845e-03 -4.210000e-01  5.474676e-03
     vertex -6.770969e-03 -4.210000e-01  5.699232e-03
     vertex -6.745965e-03 -4.210000e-01  5.197354e-03
   endloop
 endfacet
 facet normal  0.000000e+00  1.000000e+00  0.000000e+00
   outer loop
     vertex -7.407117e-03 -4.210000e-01  3.048718e-03
     vertex -7.341042e-03 -4.210000e-01  3.477043e-03
     vertex -6.956749e-03 -4.210000e-01  3.148397e-03
   endloop
 endfacet
 facet normal  0.000000e+00  1.000000e+00  0.000000e+00
   outer loop
     vertex -8.045688e-03 -4.210000e-01  8.391097e-03
     vertex -7.667884e-03 -4.210000e-01  8.229595e-03
     vertex -8.211506e-03 -4.210000e-01  7.960415e-03
   endloop
 endfacet
 facet normal  0.000000e+00  1.000000e+00  0.000000e+00
   outer loop
     vertex -5.235777e-03 -4.210000e-01  5.999063e-03
     vertex -5.274210e-03 -4.210000e-01  5.511563e-03
     vertex -5.797306e-03 -4.210000e-01  5.825010e-03
   endloop
 endfacet
 facet normal  0.000000e+00  1.000000e+00  0.000000e+00
   outer loop
     vertex -6.030105e-03 -4.210000e-01  2.863635e-03
     vertex -6.426514e-03 -4.210000e-01  2.283796e-03
     vertex -6.657960e-03 -4.210000e-01  2.739760e-03
   endloop
 endfacet
 facet normal  0.000000e+00  1.000000e+00  0.000000e+00
   outer loop
     vertex -5.209930e-03 -4.210000e-01  4.518733e-03
     vertex -5.127643e-03 -4.210000e-01  4.088259e-03
     vertex -5.605027e-03 -4.210000e-01  4.136955e-03
   endloop
 endfacet
 facet normal  0.000000e+00  1.000000e+00  0.000000e+00
   outer loop
     vertex -5.716871e-03 -4.210000e-01  4.699723e-03
     vertex -5.209930e-03 -4.210000e-01  4.518733e-03
     vertex -5.605027e-03 -4.210000e-01  4.136955e-03
   endloop
 endfacet
 facet normal  0.000000e+00  1.000000e+00  0.000000e+00
   outer loop
     vertex -5.127643e-03 -4.210000e-01  4.088259e-03
     vertex -5.303474e-03 -4.210000e-01  3.643848e-03
     vertex -5.605027e-03 -4.210000e-01  4.136955e-03
   endloop
 endfacet
 facet normal  0.000000e+00  1.000000e+00  0.000000e+00
   outer loop
     vertex -6.460258e-03 -4.210000e-01  7.783186e-03
     vertex -6.195345e-03 -4.210000e-01  7.320391e-03
     vertex -6.766836e-03 -4.210000e-01  7.340110e-03
   endloop
 endfacet
 facet normal  0.000000e+00  1.000000e+00  0.000000e+00
   outer loop
     vertex -5.616982e-03 -4.210000e-01  6.379937e-03
     vertex -5.235777e-03 -4.210000e-01  5.999063e-03
     vertex -5.797306e-03 -4.210000e-01  5.825010e-03
   endloop
 endfacet
 facet normal  0.000000e+00  1.000000e+00  0.000000e+00
   outer loop
     vertex -5.797306e-03 -4.210000e-01  5.825010e-03
     vertex -5.274210e-03 -4.210000e-01  5.511563e-03
     vertex -5.758611e-03 -4.210000e-01  5.243128e-03
   endloop
 endfacet
 facet normal  0.000000e+00  1.000000e+00  0.000000e+00
   outer loop
     vertex -5.435166e-03 -4.210000e-01  3.137655e-03
     vertex -6.030105e-03 -4.210000e-01  2.863635e-03
     vertex -5.894270e-03 -4.210000e-01  3.573492e-03
   endloop
 endfacet
 facet normal  0.000000e+00  1.000000e+00  0.000000e+00
   outer loop
     vertex -6.030105e-03 -4.210000e-01  2.863635e-03
     vertex -6.657960e-03 -4.210000e-01  2.739760e-03
     vertex -6.462442e-03 -4.210000e-01  3.284405e-03
   endloop
 endfacet
 facet normal  0.000000e+00  1.000000e+00  0.000000e+00
   outer loop
     vertex -5.894270e-03 -4.210000e-01  3.573492e-03
     vertex -6.030105e-03 -4.210000e-01  2.863635e-03
     vertex -6.462442e-03 -4.210000e-01  3.284405e-03
   endloop
 endfacet
 facet normal  0.000000e+00  1.000000e+00 -0.000000e+00
   outer loop
     vertex -6.657960e-03 -4.210000e-01  2.739760e-03
     vertex -6.956749e-03 -4.210000e-01  3.148397e-03
     vertex -6.462442e-03 -4.210000e-01  3.284405e-03
   endloop
 endfacet
 facet normal  0.000000e+00  1.000000e+00  0.000000e+00
   outer loop
     vertex -5.797306e-03 -4.210000e-01  5.825010e-03
     vertex -5.758611e-03 -4.210000e-01  5.243128e-03
     vertex -6.271575e-03 -4.210000e-01  5.453897e-03
   endloop
 endfacet
 facet normal  0.000000e+00  1.000000e+00  0.000000e+00
   outer loop
     vertex -7.341042e-03 -4.210000e-01  3.477043e-03
     vertex -7.281391e-03 -4.210000e-01  3.950009e-03
     vertex -6.879660e-03 -4.210000e-01  3.638875e-03
   endloop
 endfacet
 facet normal  0.000000e+00  1.000000e+00  0.000000e+00
   outer loop
     vertex -5.342261e-03 -4.210000e-01  6.862600e-03
     vertex -5.616982e-03 -4.210000e-01  6.379937e-03
     vertex -5.910246e-03 -4.210000e-01  6.859344e-03
   endloop
 endfacet
 facet normal  0.000000e+00  1.000000e+00  0.000000e+00
   outer loop
     vertex -5.303474e-03 -4.210000e-01  3.643848e-03
     vertex -5.894270e-03 -4.210000e-01  3.573492e-03
     vertex -5.605027e-03 -4.210000e-01  4.136955e-03
   endloop
 endfacet
 facet normal  0.000000e+00  1.000000e+00 -0.000000e+00
   outer loop
     vertex -6.606974e-03 -4.210000e-01  6.784717e-03
     vertex -6.766836e-03 -4.210000e-01  7.340110e-03
     vertex -6.195345e-03 -4.210000e-01  7.320391e-03
   endloop
 endfacet
 facet normal  0.000000e+00  1.000000e+00  0.000000e+00
   outer loop
     vertex -7.236937e-03 -4.210000e-01  4.463739e-03
     vertex -7.227646e-03 -4.210000e-01  4.956930e-03
     vertex -6.743767e-03 -4.210000e-01  4.674472e-03
   endloop
 endfacet
 facet normal -0.000000e+00  1.000000e+00  0.000000e+00
   outer loop
     vertex -7.227646e-03 -4.210000e-01  4.956930e-03
     vertex -6.745965e-03 -4.210000e-01  5.197354e-03
     vertex -6.743767e-03 -4.210000e-01  4.674472e-03
   endloop
 endfacet
 facet normal  0.000000e+00  1.000000e+00  0.000000e+00
   outer loop
     vertex -6.195345e-03 -4.210000e-01  7.320391e-03
     vertex -5.910246e-03 -4.210000e-01  6.859344e-03
     vertex -6.606974e-03 -4.210000e-01  6.784717e-03
   endloop
 endfacet
 facet normal  0.000000e+00  1.000000e+00  0.000000e+00
   outer loop
     vertex -6.770969e-03 -4.210000e-01  5.699232e-03
     vertex -6.729646e-03 -4.210000e-01  6.211719e-03
     vertex -6.353995e-03 -4.210000e-01  5.911721e-03
   endloop
 endfacet
 facet normal  0.000000e+00  1.000000e+00  0.000000e+00
   outer loop
     vertex -7.281391e-03 -4.210000e-01  3.950009e-03
     vertex -7.236937e-03 -4.210000e-01  4.463739e-03
     vertex -6.796656e-03 -4.210000e-01  4.156962e-03
   endloop
 endfacet
 facet normal -0.000000e+00  1.000000e+00  0.000000e+00
   outer loop
     vertex -7.236937e-03 -4.210000e-01  4.463739e-03
     vertex -6.743767e-03 -4.210000e-01  4.674472e-03
     vertex -6.796656e-03 -4.210000e-01  4.156962e-03
   endloop
 endfacet
 facet normal -0.000000e+00  1.000000e+00  0.000000e+00
   outer loop
     vertex -6.606974e-03 -4.210000e-01  6.784717e-03
     vertex -5.910246e-03 -4.210000e-01  6.859344e-03
     vertex -6.189155e-03 -4.210000e-01  6.365364e-03
   endloop
 endfacet
 facet normal  0.000000e+00  1.000000e+00  0.000000e+00
   outer loop
     vertex -6.729646e-03 -4.210000e-01  6.211719e-03
     vertex -6.606974e-03 -4.210000e-01  6.784717e-03
     vertex -6.189155e-03 -4.210000e-01  6.365364e-03
   endloop
 endfacet
 facet normal  0.000000e+00  1.000000e+00  0.000000e+00
   outer loop
     vertex -5.910246e-03 -4.210000e-01  6.859344e-03
     vertex -5.616982e-03 -4.210000e-01  6.379937e-03
     vertex -6.189155e-03 -4.210000e-01  6.365364e-03
   endloop
 endfacet
 facet normal  0.000000e+00  1.000000e+00 -0.000000e+00
   outer loop
     vertex -6.956749e-03 -4.210000e-01  3.148397e-03
     vertex -7.341042e-03 -4.210000e-01  3.477043e-03
     vertex -6.879660e-03 -4.210000e-01  3.638875e-03
   endloop
 endfacet
 facet normal  0.000000e+00  1.000000e+00  0.000000e+00
   outer loop
     vertex -5.616982e-03 -4.210000e-01  6.379937e-03
     vertex -5.797306e-03 -4.210000e-01  5.825010e-03
     vertex -6.189155e-03 -4.210000e-01  6.365364e-03
   endloop
 endfacet
 facet normal  0.000000e+00  1.000000e+00  0.000000e+00
   outer loop
     vertex -6.956749e-03 -4.210000e-01  3.148397e-03
     vertex -6.879660e-03 -4.210000e-01  3.638875e-03
     vertex -6.462442e-03 -4.210000e-01  3.284405e-03
   endloop
 endfacet
 facet normal  0.000000e+00  1.000000e+00  0.000000e+00
   outer loop
     vertex -6.271575e-03 -4.210000e-01  5.453897e-03
     vertex -5.758611e-03 -4.210000e-01  5.243128e-03
     vertex -6.233245e-03 -4.210000e-01  4.931421e-03
   endloop
 endfacet
 facet normal  0.000000e+00  1.000000e+00  0.000000e+00
   outer loop
     vertex -5.758611e-03 -4.210000e-01  5.243128e-03
     vertex -5.716871e-03 -4.210000e-01  4.699723e-03
     vertex -6.233245e-03 -4.210000e-01  4.931421e-03
   endloop
 endfacet
 facet normal  0.000000e+00  1.000000e+00  0.000000e+00
   outer loop
     vertex -5.605027e-03 -4.210000e-01  4.136955e-03
     vertex -5.894270e-03 -4.210000e-01  3.573492e-03
     vertex -6.207430e-03 -4.210000e-01  4.307544e-03
   endloop
 endfacet
 facet normal  0.000000e+00  1.000000e+00  0.000000e+00
   outer loop
     vertex -5.894270e-03 -4.210000e-01  3.573492e-03
     vertex -6.462442e-03 -4.210000e-01  3.284405e-03
     vertex -6.442517e-03 -4.210000e-01  3.805986e-03
   endloop
 endfacet
 facet normal  0.000000e+00  1.000000e+00  0.000000e+00
   outer loop
     vertex -6.207430e-03 -4.210000e-01  4.307544e-03
     vertex -5.894270e-03 -4.210000e-01  3.573492e-03
     vertex -6.442517e-03 -4.210000e-01  3.805986e-03
   endloop
 endfacet
 facet normal  0.000000e+00  1.000000e+00 -0.000000e+00
   outer loop
     vertex -6.462442e-03 -4.210000e-01  3.284405e-03
     vertex -6.879660e-03 -4.210000e-01  3.638875e-03
     vertex -6.442517e-03 -4.210000e-01  3.805986e-03
   endloop
 endfacet
 facet normal  0.000000e+00  1.000000e+00 -0.000000e+00
   outer loop
     vertex -6.745965e-03 -4.210000e-01  5.197354e-03
     vertex -6.770969e-03 -4.210000e-01  5.699232e-03
     vertex -6.271575e-03 -4.210000e-01  5.453897e-03
   endloop
 endfacet
 facet normal -0.000000e+00  1.000000e+00  0.000000e+00
   outer loop
     vertex -6.729646e-03 -4.210000e-01  6.211719e-03
     vertex -6.189155e-03 -4.210000e-01  6.365364e-03
     vertex -6.353995e-03 -4.210000e-01  5.911721e-03
   endloop
 endfacet
 facet normal  0.000000e+00  1.000000e+00 -0.000000e+00
   outer loop
     vertex -6.879660e-03 -4.210000e-01  3.638875e-03
     vertex -7.281391e-03 -4.210000e-01  3.950009e-03
     vertex -6.796656e-03 -4.210000e-01  4.156962e-03
   endloop
 endfacet
 facet normal -0.000000e+00  1.000000e+00  0.000000e+00
   outer loop
     vertex -6.770969e-03 -4.210000e-01  5.699232e-03
     vertex -6.353995e-03 -4.210000e-01  5.911721e-03
     vertex -6.271575e-03 -4.210000e-01  5.453897e-03
   endloop
 endfacet
 facet normal  0.000000e+00  1.000000e+00  0.000000e+00
   outer loop
     vertex -5.716871e-03 -4.210000e-01  4.699723e-03
     vertex -5.605027e-03 -4.210000e-01  4.136955e-03
     vertex -6.207430e-03 -4.210000e-01  4.307544e-03
   endloop
 endfacet
 facet normal  0.000000e+00  1.000000e+00  0.000000e+00
   outer loop
     vertex -6.233245e-03 -4.210000e-01  4.931421e-03
     vertex -5.716871e-03 -4.210000e-01  4.699723e-03
     vertex -6.207430e-03 -4.210000e-01  4.307544e-03
   endloop
 endfacet
 facet normal  0.000000e+00  1.000000e+00 -0.000000e+00
   outer loop
     vertex -6.271575e-03 -4.210000e-01  5.453897e-03
     vertex -6.353995e-03 -4.210000e-01  5.911721e-03
     vertex -5.797306e-03 -4.210000e-01  5.825010e-03
   endloop
 endfacet
 facet normal  0.000000e+00  1.000000e+00 -0.000000e+00
   outer loop
     vertex -6.743767e-03 -4.210000e-01  4.674472e-03
     vertex -6.745965e-03 -4.210000e-01  5.197354e-03
     vertex -6.233245e-03 -4.210000e-01  4.931421e-03
   endloop
 endfacet
 facet normal  0.000000e+00  1.000000e+00  0.000000e+00
   outer loop
     vertex -6.879660e-03 -4.210000e-01  3.638875e-03
     vertex -6.796656e-03 -4.210000e-01  4.156962e-03
     vertex -6.442517e-03 -4.210000e-01  3.805986e-03
   endloop
 endfacet
 facet normal -0.000000e+00  1.000000e+00  0.000000e+00
   outer loop
     vertex -6.745965e-03 -4.210000e-01  5.197354e-03
     vertex -6.271575e-03 -4.210000e-01  5.453897e-03
     vertex -6.233245e-03 -4.210000e-01  4.931421e-03
   endloop
 endfacet
 facet normal -0.000000e+00  1.000000e+00  0.000000e+00
   outer loop
     vertex -6.743767e-03 -4.210000e-01  4.674472e-03
     vertex -6.233245e-03 -4.210000e-01  4.931421e-03
     vertex -6.207430e-03 -4.210000e-01  4.307544e-03
   endloop
 endfacet
 facet normal  0.000000e+00  1.000000e+00  0.000000e+00
   outer loop
     vertex -6.796656e-03 -4.210000e-01  4.156962e-03
     vertex -6.743767e-03 -4.210000e-01  4.674472e-03
     vertex -6.207430e-03 -4.210000e-01  4.307544e-03
   endloop
 endfacet
 facet normal -0.000000e+00  1.000000e+00  0.000000e+00
   outer loop
     vertex -6.796656e-03 -4.210000e-01  4.156962e-03
     vertex -6.207430e-03 -4.210000e-01  4.307544e-03
     vertex -6.442517e-03 -4.210000e-01  3.805986e-03
   endloop
 endfacet
 facet normal  0.000000e+00  1.000000e+00  0.000000e+00
   outer loop
     vertex -6.189155e-03 -4.210000e-01  6.365364e-03
     vertex -5.797306e-03 -4.210000e-01  5.825010e-03
     vertex -6.353995e-03 -4.210000e-01  5.911721e-03
   endloop
 endfacet
 facet normal  7.013936e-06  1.000000e+00  0.000000e+00
   outer loop
     vertex  1.000000e-02 -4.210000e-01  1.000000e-02
     vertex  1.000000e-02 -4.210000e-01  9.500000e-03
     vertex  9.531250e-03 -4.210000e-01  1.000000e-02
   endloop
 endfacet
 facet normal  7.875093e-06  1.000000e+00  0.000000e+00
   outer loop
     vertex  1.000000e-02 -4.210000e-01  9.500000e-03
     vertex  1.000000e-02 -4.210000e-01  9.000000e-03
     vertex  9.582509e-03 -4.210000e-01  9.310711e-03
   endloop
 endfacet
 facet normal  7.407654e-06  1.000000e+00  0.000000e+00
   outer loop
     vertex  1.000000e-02 -4.210000e-01  8.500000e-03
     vertex  1.000000e-02 -4.210000e-01  8.000000e-03
     vertex  9.556164e-03 -4.210000e-01  8.247007e-03
   endloop
 endfacet
 facet normal  7.459417e-06  1.000000e+00  0.000000e+00
   outer loop
     vertex  1.000000e-02 -4.210000e-01  7.500000e-03
     vertex  1.000000e-02 -4.210000e-01  7.000000e-03
     vertex  9.559244e-03 -4.210000e-01  7.245475e-03
   endloop
 endfacet
 facet normal  7.275012e-06  1.000000e+00  0.000000e+00
   outer loop
     vertex  1.000000e-02 -4.210000e-01  6.500000e-03
     vertex  1.000000e-02 -4.210000e-01  6.000000e-03
     vertex  9.548072e-03 -4.210000e-01  6.245988e-03
   endloop
 endfacet
 facet normal  7.364933e-06  1.000000e+00  0.000000e+00
   outer loop
     vertex  1.000000e-02 -4.210000e-01  5.500000e-03
     vertex  1.000000e-02 -4.210000e-01  5.000000e-03
     vertex  9.553590e-03 -4.210000e-01  5.248567e-03
   endloop
 endfacet
 facet normal  7.246997e-06  1.000000e+00  0.000000e+00
   outer loop
     vertex  1.000000e-02 -4.210000e-01  4.500000e-03
     vertex  1.000000e-02 -4.210000e-01  4.000000e-03
     vertex  9.546325e-03 -4.210000e-01  4.249087e-03
   endloop
 endfacet
 facet normal  7.357751e-06  1.000000e+00  0.000000e+00
   outer loop
     vertex  1.000000e-02 -4.210000e-01  3.500000e-03
     vertex  1.000000e-02 -4.210000e-01  3.000000e-03
     vertex  9.553154e-03 -4.210000e-01  3.240859e-03
   endloop
 endfacet
 facet normal  7.189271e-06  1.000000e+00  0.000000e+00
   outer loop
     vertex  1.000000e-02 -4.210000e-01  2.500000e-03
     vertex  1.000000e-02 -4.210000e-01  2.000000e-03
     vertex  9.542682e-03 -4.210000e-01  2.242162e-03
   endloop
 endfacet
 facet normal  7.322539e-06  1.000000e+00  0.000000e+00
   outer loop
     vertex  1.000000e-02 -4.210000e-01  1.500000e-03
     vertex  1.000000e-02 -4.210000e-01  1.000000e-03
     vertex  9.551005e-03 -4.210000e-01  1.249925e-03
   endloop
 endfacet
 facet normal  7.013936e-06  1.000000e+00  0.000000e+00
   outer loop
     vertex  1.000000e-02 -4.210000e-01  5.000000e-04
     vertex  1.000000e-02 -4.210000e-01 -2.710505e-20
     vertex  9.531250e-03 -4.210000e-01  0.000000e+00
   endloop
 endfacet
 facet normal  0.000000e+00  1.000000e+00  0.000000e+00
   outer loop
     vertex  9.531250e-03 -4.210000e-01  0.000000e+00
     vertex  9.062500e-03 -4.210000e-01  0.000000e+00
     vertex  9.353438e-03 -4.210000e-01  4.398215e-04
   endloop
 endfacet
 facet normal  0.000000e+00  1.000000e+00  0.000000e+00
   outer loop
     vertex  8.593750e-03 -4.210000e-01  0.000000e+00
     vertex  8.125000e-03 -4.210000e-01  0.000000e+00
     vertex  8.386366e-03 -4.210000e-01  4.231751e-04
   endloop
 endfacet
 facet normal  0.000000e+00  1.000000e+00  0.000000e+00
   outer loop
     vertex  7.656250e-03 -4.210000e-01  0.000000e+00
     vertex  7.187500e-03 -4.210000e-01  0.000000e+00
     vertex  7.434173e-03 -4.210000e-01  4.610962e-04
   endloop
 endfacet
 facet normal  0.000000e+00  1.000000e+00  0.000000e+00
   outer loop
     vertex  6.718750e-03 -4.210000e-01  0.000000e+00
     vertex  6.250000e-03 -4.210000e-01  0.000000e+00
     vertex  6.479436e-03 -4.210000e-01  4.534012e-04
   endloop
 endfacet
 facet normal  0.000000e+00  1.000000e+00  0.000000e+00
   outer loop
     vertex  5.781250e-03 -4.210000e-01  0.000000e+00
     vertex  5.312500e-03 -4.210000e-01  0.000000e+00
     vertex  5.535479e-03 -4.210000e-01  4.608759e-04
   endloop
 endfacet
 facet normal  0.000000e+00  1.000000e+00  0.000000e+00
   outer loop
     vertex  4.843750e-03 -4.210000e-01  0.000000e+00
     vertex  4.375000e-03 -4.210000e-01  0.000000e+00
     vertex  4.618915e-03 -4.210000e-01  4.234685e-04
   endloop
 endfacet
 facet normal  0.000000e+00  1.000000e+00  0.000000e+00
   outer loop
     vertex  3.906250e-03 -4.210000e-01  0.000000e+00
     vertex  3.437500e-03 -4.210000e-01  0.000000e+00
     vertex  3.693013e-03 -4.210000e-01  4.434754e-04
   endloop
 endfacet
 facet normal  3.897877e-07  1.000000e+00  0.000000e+00
   outer loop
     vertex  2.968750e-03 -4.210000e-01  0.000000e+00
     vertex  2.500000e-03 -4.210000e-01  8.131516e-20
     vertex  2.500000e-03 -4.210000e-01  5.000000e-04
   endloop
 endfacet
 facet normal  4.299723e-07  1.000000e+00 -0.000000e+00
   outer loop
     vertex  2.500000e-03 -4.210000e-01  5.000000e-04
     vertex  2.500000e-03 -4.210000e-01  1.000000e-03
     vertex  2.924941e-03 -4.210000e-01  7.000765e-04
   endloop
 endfacet
 facet normal  4.043299e-07  1.000000e+00 -0.000000e+00
   outer loop
     vertex  2.500000e-03 -4.210000e-01  1.500000e-03
     vertex  2.500000e-03 -4.210000e-01  2.000000e-03
     vertex  2.951891e-03 -4.210000e-01  1.757256e-03
   endloop
 endfacet
 facet normal  3.977862e-07  1.000000e+00 -0.000000e+00
   outer loop
     vertex  2.500000e-03 -4.210000e-01  2.500000e-03
     vertex  2.500000e-03 -4.210000e-01  3.000000e-03
     vertex  2.959325e-03 -4.210000e-01  2.762103e-03
   endloop
 endfacet
 facet normal  3.920589e-07  1.000000e+00 -0.000000e+00
   outer loop
     vertex  2.500000e-03 -4.210000e-01  3.500000e-03
     vertex  2.500000e-03 -4.210000e-01  4.000000e-03
     vertex  2.966035e-03 -4.210000e-01  3.752219e-03
   endloop
 endfacet
 facet normal  3.887426e-07  1.000000e+00 -0.000000e+00
   outer loop
     vertex  2.500000e-03 -4.210000e-01  4.500000e-03
     vertex  2.500000e-03 -4.210000e-01  5.000000e-03
     vertex  2.970010e-03 -4.210000e-01  4.762190e-03
   endloop
 endfacet
 facet normal  3.762167e-07  1.000000e+00 -0.000000e+00
   outer loop
     vertex  2.500000e-03 -4.210000e-01  5.500000e-03
     vertex  2.500000e-03 -4.210000e-01  6.000000e-03
     vertex  2.985659e-03 -4.210000e-01  5.755419e-03
   endloop
 endfacet
 facet normal  3.877289e-07  1.000000e+00 -0.000000e+00
   outer loop
     vertex  2.500000e-03 -4.210000e-01  6.500000e-03
     vertex  2.500000e-03 -4.210000e-01  7.000000e-03
     vertex  2.971239e-03 -4.210000e-01  6.758084e-03
   endloop
 endfacet
 facet normal  4.225449e-07  1.000000e+00 -0.000000e+00
   outer loop
     vertex  2.500000e-03 -4.210000e-01  7.500000e-03
     vertex  2.500000e-03 -4.210000e-01  8.000000e-03
     vertex  2.932411e-03 -4.210000e-01  7.740302e-03
   endloop
 endfacet
 facet normal  4.013995e-07  1.000000e+00 -0.000000e+00
   outer loop
     vertex  2.500000e-03 -4.210000e-01  8.500000e-03
     vertex  2.500000e-03 -4.210000e-01  9.000000e-03
     vertex  2.955190e-03 -4.210000e-01  8.709682e-03
   endloop
 endfacet
 facet normal  3.897877e-07  1.000000e+00 -0.000000e+00
   outer loop
     vertex  2.500000e-03 -4.210000e-01  9.500000e-03
     vertex  2.500000e-03 -4.210000e-01  1.000000e-02
     vertex  2.968750e-03 -4.210000e-01  1.000000e-02
   endloop
 endfacet
 facet normal -0.000000e+00  1.000000e+00  0.000000e+00
   outer loop
     vertex  2.968750e-03 -4.210000e-01  1.000000e-02
     vertex  3.437500e-03 -4.210000e-01  1.000000e-02
     vertex  3.163035e-03 -4.210000e-01  9.579793e-03
   endloop
 endfacet
 facet normal -0.000000e+00  1.000000e+00  0.000000e+00
   outer loop
     vertex  3.906250e-03 -4.210000e-01  1.000000e-02
     vertex  4.375000e-03 -4.210000e-01  1.000000e-02
     vertex  4.141744e-03 -4.210000e-01  9.590931e-03
   endloop
 endfacet
 facet normal -0.000000e+00  1.000000e+00  0.000000e+00
   outer loop
     vertex  4.843750e-03 -4.210000e-01  1.000000e-02
     vertex  5.312500e-03 -4.210000e-01  1.000000e-02
     vertex  5.095310e-03 -4.210000e-01  9.603877e-03
   endloop
 endfacet
 facet normal -0.000000e+00  1.000000e+00  0.000000e+00
   outer loop
     vertex  5.781250e-03 -4.210000e-01  1.000000e-02
     vertex  6.250000e-03 -4.210000e-01  1.000000e-02
     vertex  6.016068e-03 -4.210000e-01  9.589176e-03
   endloop
 endfacet
 facet normal -0.000000e+00  1.000000e+00  0.000000e+00
   outer loop
     vertex  6.718750e-03 -4.210000e-01  1.000000e-02
     vertex  7.187500e-03 -4.210000e-01  1.000000e-02
     vertex  6.947162e-03 -4.210000e-01  9.584885e-03
   endloop
 endfacet
 facet normal -0.000000e+00  1.000000e+00  0.000000e+00
   outer loop
     vertex  7.656250e-03 -4.210000e-01  1.000000e-02
     vertex  8.125000e-03 -4.210000e-01  1.000000e-02
     vertex  7.884690e-03 -4.210000e-01  9.611340e-03
   endloop
 endfacet
 facet normal -0.000000e+00  1.000000e+00  0.000000e+00
   outer loop
     vertex  8.593750e-03 -4.210000e-01  1.000000e-02
     vertex  9.062500e-03 -4.210000e-01  1.000000e-02
     vertex  8.811075e-03 -4.210000e-01  9.596217e-03
   endloop
 endfacet
 facet normal  7.618232e-06  1.000000e+00  5.665272e-07
   outer loop
     vertex  9.531250e-03 -4.210000e-01  1.000000e-02
     vertex  1.000000e-02 -4.210000e-01  9.500000e-03
     vertex  9.582509e-03 -4.210000e-01  9.310711e-03
   endloop
 endfacet
 facet normal  4.900621e-06  1.000000e+00  1.981233e-06
   outer loop
     vertex  1.000000e-02 -4.210000e-01  5.000000e-04
     vertex  9.531250e-03 -4.210000e-01  0.000000e+00
     vertex  9.353438e-03 -4.210000e-01  4.398215e-04
   endloop
 endfacet
 facet normal  4.176665e-07  1.000000e+00  2.613630e-08
   outer loop
     vertex  2.968750e-03 -4.210000e-01  0.000000e+00
     vertex  2.500000e-03 -4.210000e-01  5.000000e-04
     vertex  2.924941e-03 -4.210000e-01  7.000765e-04
   endloop
 endfacet
 facet normal  2.610455e-07  1.000000e+00  1.206958e-07
   outer loop
     vertex  2.500000e-03 -4.210000e-01  9.500000e-03
     vertex  2.968750e-03 -4.210000e-01  1.000000e-02
     vertex  3.163035e-03 -4.210000e-01  9.579793e-03
   endloop
 endfacet
 facet normal  7.642112e-06  1.000000e+00 -3.130480e-07
   outer loop
     vertex  9.582509e-03 -4.210000e-01  9.310711e-03
     vertex  1.000000e-02 -4.210000e-01  9.000000e-03
     vertex  9.561224e-03 -4.210000e-01  8.791103e-03
   endloop
 endfacet
 facet normal  7.493073e-06  1.000000e+00  0.000000e+00
   outer loop
     vertex  1.000000e-02 -4.210000e-01  9.000000e-03
     vertex  1.000000e-02 -4.210000e-01  8.500000e-03
     vertex  9.561224e-03 -4.210000e-01  8.791103e-03
   endloop
 endfacet
 facet normal  7.447129e-06  1.000000e+00 -6.925224e-08
   outer loop
     vertex  1.000000e-02 -4.210000e-01  8.500000e-03
     vertex  9.556164e-03 -4.210000e-01  8.247007e-03
     vertex  9.561224e-03 -4.210000e-01  8.791103e-03
   endloop
 endfacet
 facet normal  7.353540e-06  1.000000e+00  0.000000e+00
   outer loop
     vertex  1.000000e-02 -4.210000e-01  8.000000e-03
     vertex  1.000000e-02 -4.210000e-01  7.500000e-03
     vertex  9.552898e-03 -4.210000e-01  7.744395e-03
   endloop
 endfacet
 facet normal  7.446394e-06  1.000000e+00  0.000000e+00
   outer loop
     vertex  1.000000e-02 -4.210000e-01  7.000000e-03
     vertex  1.000000e-02 -4.210000e-01  6.500000e-03
     vertex  9.558473e-03 -4.210000e-01  6.745392e-03
   endloop
 endfacet
 facet normal  7.263529e-06  1.000000e+00  0.000000e+00
   outer loop
     vertex  1.000000e-02 -4.210000e-01  6.000000e-03
     vertex  1.000000e-02 -4.210000e-01  5.500000e-03
     vertex  9.547358e-03 -4.210000e-01  5.745972e-03
   endloop
 endfacet
 facet normal  7.358063e-06  1.000000e+00  0.000000e+00
   outer loop
     vertex  1.000000e-02 -4.210000e-01  5.000000e-03
     vertex  1.000000e-02 -4.210000e-01  4.500000e-03
     vertex  9.553173e-03 -4.210000e-01  4.748363e-03
   endloop
 endfacet
 facet normal  7.269372e-06  1.000000e+00  0.000000e+00
   outer loop
     vertex  1.000000e-02 -4.210000e-01  4.000000e-03
     vertex  1.000000e-02 -4.210000e-01  3.500000e-03
     vertex  9.547721e-03 -4.210000e-01  3.747308e-03
   endloop
 endfacet
 facet normal  7.328457e-06  1.000000e+00  0.000000e+00
   outer loop
     vertex  1.000000e-02 -4.210000e-01  3.000000e-03
     vertex  1.000000e-02 -4.210000e-01  2.500000e-03
     vertex  9.551368e-03 -4.210000e-01  2.749928e-03
   endloop
 endfacet
 facet normal  7.143713e-06  1.000000e+00  0.000000e+00
   outer loop
     vertex  1.000000e-02 -4.210000e-01  2.000000e-03
     vertex  1.000000e-02 -4.210000e-01  1.500000e-03
     vertex  9.539766e-03 -4.210000e-01  1.740651e-03
   endloop
 endfacet
 facet normal  7.302391e-06  1.000000e+00 -1.001587e-07
   outer loop
     vertex  9.553173e-03 -4.210000e-01  4.748363e-03
     vertex  1.000000e-02 -4.210000e-01  4.500000e-03
     vertex  9.546325e-03 -4.210000e-01  4.249087e-03
   endloop
 endfacet
 facet normal  8.190570e-06  1.000000e+00  0.000000e+00
   outer loop
     vertex  1.000000e-02 -4.210000e-01  1.000000e-03
     vertex  1.000000e-02 -4.210000e-01  5.000000e-04
     vertex  9.598590e-03 -4.210000e-01  8.215884e-04
   endloop
 endfacet
 facet normal  0.000000e+00  1.000000e+00  0.000000e+00
   outer loop
     vertex  9.353438e-03 -4.210000e-01  4.398215e-04
     vertex  9.062500e-03 -4.210000e-01  0.000000e+00
     vertex  8.873968e-03 -4.210000e-01  4.315598e-04
   endloop
 endfacet
 facet normal  0.000000e+00  1.000000e+00  0.000000e+00
   outer loop
     vertex  9.062500e-03 -4.210000e-01  0.000000e+00
     vertex  8.593750e-03 -4.210000e-01  0.000000e+00
     vertex  8.873968e-03 -4.210000e-01  4.315598e-04
   endloop
 endfacet
 facet normal  0.000000e+00  1.000000e+00 -0.000000e+00
   outer loop
     vertex  8.593750e-03 -4.210000e-01  0.000000e+00
     vertex  8.386366e-03 -4.210000e-01  4.231751e-04
     vertex  8.873968e-03 -4.210000e-01  4.315598e-04
   endloop
 endfacet
 facet normal  0.000000e+00  1.000000e+00  0.000000e+00
   outer loop
     vertex  8.125000e-03 -4.210000e-01  0.000000e+00
     vertex  7.656250e-03 -4.210000e-01  0.000000e+00
     vertex  7.922172e-03 -4.210000e-01  4.609861e-04
   endloop
 endfacet
 facet normal  0.000000e+00  1.000000e+00  0.000000e+00
   outer loop
     vertex  7.187500e-03 -4.210000e-01  0.000000e+00
     vertex  6.718750e-03 -4.210000e-01  0.000000e+00
     vertex  6.975186e-03 -4.210000e-01  4.523293e-04
   endloop
 endfacet
 facet normal  0.000000e+00  1.000000e+00  0.000000e+00
   outer loop
     vertex  6.250000e-03 -4.210000e-01  0.000000e+00
     vertex  5.781250e-03 -4.210000e-01  0.000000e+00
     vertex  5.998444e-03 -4.210000e-01  4.573074e-04
   endloop
 endfacet
 facet normal  0.000000e+00  1.000000e+00  0.000000e+00
   outer loop
     vertex  5.312500e-03 -4.210000e-01  0.000000e+00
     vertex  4.843750e-03 -4.210000e-01  0.000000e+00
     vertex  5.072698e-03 -4.210000e-01  4.424614e-04
   endloop
 endfacet
 facet normal  0.000000e+00  1.000000e+00  0.000000e+00
   outer loop
     vertex  4.375000e-03 -4.210000e-01  0.000000e+00
     vertex  3.906250e-03 -4.210000e-01  0.000000e+00
     vertex  4.150866e-03 -4.210000e-01  4.248220e-04
   endloop
 endfacet
 facet normal  7.313323e-06  1.000000e+00  9.163167e-08
   outer loop
     vertex  9.547358e-03 -4.210000e-01  5.745972e-03
     vertex  1.000000e-02 -4.210000e-01  5.500000e-03
     vertex  9.553590e-03 -4.210000e-01  5.248567e-03
   endloop
 endfacet
 facet normal  0.000000e+00  1.000000e+00  0.000000e+00
   outer loop
     vertex  3.437500e-03 -4.210000e-01  0.000000e+00
     vertex  2.968750e-03 -4.210000e-01  0.000000e+00
     vertex  3.276708e-03 -4.210000e-01  4.293956e-04
   endloop
 endfacet
 facet normal  4.130917e-07  1.000000e+00 -2.391698e-08
   outer loop
     vertex  2.924941e-03 -4.210000e-01  7.000765e-04
     vertex  2.500000e-03 -4.210000e-01  1.000000e-03
     vertex  2.954461e-03 -4.210000e-01  1.209938e-03
   endloop
 endfacet
 facet normal  4.020433e-07  1.000000e+00 -0.000000e+00
   outer loop
     vertex  2.500000e-03 -4.210000e-01  1.000000e-03
     vertex  2.500000e-03 -4.210000e-01  1.500000e-03
     vertex  2.954461e-03 -4.210000e-01  1.209938e-03
   endloop
 endfacet
 facet normal  4.032519e-07  1.000000e+00  1.893658e-09
   outer loop
     vertex  2.500000e-03 -4.210000e-01  1.500000e-03
     vertex  2.951891e-03 -4.210000e-01  1.757256e-03
     vertex  2.954461e-03 -4.210000e-01  1.209938e-03
   endloop
 endfacet
 facet normal  3.975964e-07  1.000000e+00 -0.000000e+00
   outer loop
     vertex  2.500000e-03 -4.210000e-01  2.000000e-03
     vertex  2.500000e-03 -4.210000e-01  2.500000e-03
     vertex  2.959544e-03 -4.210000e-01  2.259840e-03
   endloop
 endfacet
 facet normal  3.959967e-07  1.000000e+00 -0.000000e+00
   outer loop
     vertex  2.500000e-03 -4.210000e-01  3.000000e-03
     vertex  2.500000e-03 -4.210000e-01  3.500000e-03
     vertex  2.961400e-03 -4.210000e-01  3.248220e-03
   endloop
 endfacet
 facet normal  3.935031e-07  1.000000e+00 -0.000000e+00
   outer loop
     vertex  2.500000e-03 -4.210000e-01  4.000000e-03
     vertex  2.500000e-03 -4.210000e-01  4.500000e-03
     vertex  2.964324e-03 -4.210000e-01  4.256987e-03
   endloop
 endfacet
 facet normal  3.848731e-07  1.000000e+00 -0.000000e+00
   outer loop
     vertex  2.500000e-03 -4.210000e-01  5.000000e-03
     vertex  2.500000e-03 -4.210000e-01  5.500000e-03
     vertex  2.974736e-03 -4.210000e-01  5.249591e-03
   endloop
 endfacet
 facet normal  3.767319e-07  1.000000e+00 -0.000000e+00
   outer loop
     vertex  2.500000e-03 -4.210000e-01  6.000000e-03
     vertex  2.500000e-03 -4.210000e-01  6.500000e-03
     vertex  2.984995e-03 -4.210000e-01  6.259104e-03
   endloop
 endfacet
 facet normal  3.999079e-07  1.000000e+00 -0.000000e+00
   outer loop
     vertex  2.500000e-03 -4.210000e-01  7.000000e-03
     vertex  2.500000e-03 -4.210000e-01  7.500000e-03
     vertex  2.956888e-03 -4.210000e-01  7.256936e-03
   endloop
 endfacet
 facet normal  4.313291e-07  1.000000e+00 -0.000000e+00
   outer loop
     vertex  2.500000e-03 -4.210000e-01  8.000000e-03
     vertex  2.500000e-03 -4.210000e-01  8.500000e-03
     vertex  2.923605e-03 -4.210000e-01  8.231078e-03
   endloop
 endfacet
 facet normal  7.380961e-06  1.000000e+00 -4.796361e-08
   outer loop
     vertex  1.000000e-02 -4.210000e-01  8.000000e-03
     vertex  9.552898e-03 -4.210000e-01  7.744395e-03
     vertex  9.556164e-03 -4.210000e-01  8.247007e-03
   endloop
 endfacet
 facet normal  4.411677e-07  1.000000e+00 -0.000000e+00
   outer loop
     vertex  2.500000e-03 -4.210000e-01  9.000000e-03
     vertex  2.500000e-03 -4.210000e-01  9.500000e-03
     vertex  2.914158e-03 -4.210000e-01  9.174799e-03
   endloop
 endfacet
 facet normal -0.000000e+00  1.000000e+00  0.000000e+00
   outer loop
     vertex  3.163035e-03 -4.210000e-01  9.579793e-03
     vertex  3.437500e-03 -4.210000e-01  1.000000e-02
     vertex  3.660718e-03 -4.210000e-01  9.561547e-03
   endloop
 endfacet
 facet normal -0.000000e+00  1.000000e+00  0.000000e+00
   outer loop
     vertex  3.437500e-03 -4.210000e-01  1.000000e-02
     vertex  3.906250e-03 -4.210000e-01  1.000000e-02
     vertex  3.660718e-03 -4.210000e-01  9.561547e-03
   endloop
 endfacet
 facet normal  0.000000e+00  1.000000e+00  0.000000e+00
   outer loop
     vertex  3.906250e-03 -4.210000e-01  1.000000e-02
     vertex  4.141744e-03 -4.210000e-01  9.590931e-03
     vertex  3.660718e-03 -4.210000e-01  9.561547e-03
   endloop
 endfacet
 facet normal -0.000000e+00  1.000000e+00  0.000000e+00
   outer loop
     vertex  4.375000e-03 -4.210000e-01  1.000000e-02
     vertex  4.843750e-03 -4.210000e-01  1.000000e-02
     vertex  4.614752e-03 -4.210000e-01  9.600722e-03
   endloop
 endfacet
 facet normal -0.000000e+00  1.000000e+00  0.000000e+00
   outer loop
     vertex  5.312500e-03 -4.210000e-01  1.000000e-02
     vertex  5.781250e-03 -4.210000e-01  1.000000e-02
     vertex  5.553963e-03 -4.210000e-01  9.595603e-03
   endloop
 endfacet
 facet normal -0.000000e+00  1.000000e+00  0.000000e+00
   outer loop
     vertex  6.250000e-03 -4.210000e-01  1.000000e-02
     vertex  6.718750e-03 -4.210000e-01  1.000000e-02
     vertex  6.481583e-03 -4.210000e-01  9.588051e-03
   endloop
 endfacet
 facet normal -0.000000e+00  1.000000e+00  0.000000e+00
   outer loop
     vertex  7.187500e-03 -4.210000e-01  1.000000e-02
     vertex  7.656250e-03 -4.210000e-01  1.000000e-02
     vertex  7.423479e-03 -4.210000e-01  9.592245e-03
   endloop
 endfacet
 facet normal -0.000000e+00  1.000000e+00  0.000000e+00
   outer loop
     vertex  8.125000e-03 -4.210000e-01  1.000000e-02
     vertex  8.593750e-03 -4.210000e-01  1.000000e-02
     vertex  8.351984e-03 -4.210000e-01  9.612377e-03
   endloop
 endfacet
 facet normal -0.000000e+00  1.000000e+00  0.000000e+00
   outer loop
     vertex  9.062500e-03 -4.210000e-01  1.000000e-02
     vertex  9.531250e-03 -4.210000e-01  1.000000e-02
     vertex  9.229922e-03 -4.210000e-01  9.606817e-03
   endloop
 endfacet
 facet normal  5.408264e-06  1.000000e+00 -3.472910e-06
   outer loop
     vertex  1.000000e-02 -4.210000e-01  5.000000e-04
     vertex  9.353438e-03 -4.210000e-01  4.398215e-04
     vertex  9.598590e-03 -4.210000e-01  8.215884e-04
   endloop
 endfacet
 facet normal  7.312262e-06  1.000000e+00  7.843849e-08
   outer loop
     vertex  9.547721e-03 -4.210000e-01  3.747308e-03
     vertex  1.000000e-02 -4.210000e-01  3.500000e-03
     vertex  9.553154e-03 -4.210000e-01  3.240859e-03
   endloop
 endfacet
 facet normal  4.253311e-07  1.000000e+00  3.752233e-08
   outer loop
     vertex  2.500000e-03 -4.210000e-01  9.000000e-03
     vertex  2.914158e-03 -4.210000e-01  9.174799e-03
     vertex  2.955190e-03 -4.210000e-01  8.709682e-03
   endloop
 endfacet
 facet normal  7.453019e-06  1.000000e+00 -1.148844e-08
   outer loop
     vertex  9.559244e-03 -4.210000e-01  7.245475e-03
     vertex  1.000000e-02 -4.210000e-01  7.000000e-03
     vertex  9.558473e-03 -4.210000e-01  6.745392e-03
   endloop
 endfacet
 facet normal  7.269358e-06  1.000000e+00 -1.038667e-08
   outer loop
     vertex  9.548072e-03 -4.210000e-01  6.245988e-03
     vertex  1.000000e-02 -4.210000e-01  6.000000e-03
     vertex  9.547358e-03 -4.210000e-01  5.745972e-03
   endloop
 endfacet
 facet normal  7.361518e-06  1.000000e+00 -6.134085e-09
   outer loop
     vertex  9.553590e-03 -4.210000e-01  5.248567e-03
     vertex  1.000000e-02 -4.210000e-01  5.000000e-03
     vertex  9.553173e-03 -4.210000e-01  4.748363e-03
   endloop
 endfacet
 facet normal  7.258087e-06  1.000000e+00  2.019864e-08
   outer loop
     vertex  9.546325e-03 -4.210000e-01  4.249087e-03
     vertex  1.000000e-02 -4.210000e-01  4.000000e-03
     vertex  9.547721e-03 -4.210000e-01  3.747308e-03
   endloop
 endfacet
 facet normal  7.343350e-06  1.000000e+00 -2.671814e-08
   outer loop
     vertex  9.553154e-03 -4.210000e-01  3.240859e-03
     vertex  1.000000e-02 -4.210000e-01  3.000000e-03
     vertex  9.551368e-03 -4.210000e-01  2.749928e-03
   endloop
 endfacet
 facet normal  7.167201e-06  1.000000e+00 -4.168050e-08
   outer loop
     vertex  9.542682e-03 -4.210000e-01  2.242162e-03
     vertex  1.000000e-02 -4.210000e-01  2.000000e-03
     vertex  9.539766e-03 -4.210000e-01  1.740651e-03
   endloop
 endfacet
 facet normal  7.805185e-06  1.000000e+00  8.670823e-07
   outer loop
     vertex  9.551005e-03 -4.210000e-01  1.249925e-03
     vertex  1.000000e-02 -4.210000e-01  1.000000e-03
     vertex  9.598590e-03 -4.210000e-01  8.215884e-04
   endloop
 endfacet
 facet normal  0.000000e+00  1.000000e+00  0.000000e+00
   outer loop
     vertex  8.386366e-03 -4.210000e-01  4.231751e-04
     vertex  8.125000e-03 -4.210000e-01  0.000000e+00
     vertex  7.922172e-03 -4.210000e-01  4.609861e-04
   endloop
 endfacet
 facet normal  0.000000e+00  1.000000e+00  0.000000e+00
   outer loop
     vertex  7.434173e-03 -4.210000e-01  4.610962e-04
     vertex  7.187500e-03 -4.210000e-01  0.000000e+00
     vertex  6.975186e-03 -4.210000e-01  4.523293e-04
   endloop
 endfacet
 facet normal  0.000000e+00  1.000000e+00  0.000000e+00
   outer loop
     vertex  6.479436e-03 -4.210000e-01  4.534012e-04
     vertex  6.250000e-03 -4.210000e-01  0.000000e+00
     vertex  5.998444e-03 -4.210000e-01  4.573074e-04
   endloop
 endfacet
 facet normal  0.000000e+00  1.000000e+00  0.000000e+00
   outer loop
     vertex  5.535479e-03 -4.210000e-01  4.608759e-04
     vertex  5.312500e-03 -4.210000e-01  0.000000e+00
     vertex  5.072698e-03 -4.210000e-01  4.424614e-04
   endloop
 endfacet
 facet normal  0.000000e+00  1.000000e+00  0.000000e+00
   outer loop
     vertex  4.618915e-03 -4.210000e-01  4.234685e-04
     vertex  4.375000e-03 -4.210000e-01  0.000000e+00
     vertex  4.150866e-03 -4.210000e-01  4.248220e-04
   endloop
 endfacet
 facet normal  0.000000e+00  1.000000e+00  0.000000e+00
   outer loop
     vertex  3.693013e-03 -4.210000e-01  4.434754e-04
     vertex  3.437500e-03 -4.210000e-01  0.000000e+00
     vertex  3.276708e-03 -4.210000e-01  4.293956e-04
   endloop
 endfacet
 facet normal  4.010494e-07  1.000000e+00 -6.106941e-09
   outer loop
     vertex  2.951891e-03 -4.210000e-01  1.757256e-03
     vertex  2.500000e-03 -4.210000e-01  2.000000e-03
     vertex  2.959544e-03 -4.210000e-01  2.259840e-03
   endloop
 endfacet
 facet normal  3.969084e-07  1.000000e+00 -1.694732e-09
   outer loop
     vertex  2.959325e-03 -4.210000e-01  2.762103e-03
     vertex  2.500000e-03 -4.210000e-01  3.000000e-03
     vertex  2.961400e-03 -4.210000e-01  3.248220e-03
   endloop
 endfacet
 facet normal  3.927665e-07  1.000000e+00  1.330911e-09
   outer loop
     vertex  2.966035e-03 -4.210000e-01  3.752219e-03
     vertex  2.500000e-03 -4.210000e-01  4.000000e-03
     vertex  2.964324e-03 -4.210000e-01  4.256987e-03
   endloop
 endfacet
 facet normal  3.868449e-07  1.000000e+00 -3.750571e-09
   outer loop
     vertex  2.970010e-03 -4.210000e-01  4.762190e-03
     vertex  2.500000e-03 -4.210000e-01  5.000000e-03
     vertex  2.974736e-03 -4.210000e-01  5.249591e-03
   endloop
 endfacet
 facet normal  3.764667e-07  1.000000e+00  4.964139e-10
   outer loop
     vertex  2.985659e-03 -4.210000e-01  5.755419e-03
     vertex  2.500000e-03 -4.210000e-01  6.000000e-03
     vertex  2.984995e-03 -4.210000e-01  6.259104e-03
   endloop
 endfacet
 facet normal  3.935410e-07  1.000000e+00  1.132168e-08
   outer loop
     vertex  2.971239e-03 -4.210000e-01  6.758084e-03
     vertex  2.500000e-03 -4.210000e-01  7.000000e-03
     vertex  2.956888e-03 -4.210000e-01  7.256936e-03
   endloop
 endfacet
 facet normal  4.271481e-07  1.000000e+00  7.664496e-09
   outer loop
     vertex  2.932411e-03 -4.210000e-01  7.740302e-03
     vertex  2.500000e-03 -4.210000e-01  8.000000e-03
     vertex  2.923605e-03 -4.210000e-01  8.231078e-03
   endloop
 endfacet
 facet normal  0.000000e+00  1.000000e+00  0.000000e+00
   outer loop
     vertex  4.141744e-03 -4.210000e-01  9.590931e-03
     vertex  4.375000e-03 -4.210000e-01  1.000000e-02
     vertex  4.614752e-03 -4.210000e-01  9.600722e-03
   endloop
 endfacet
 facet normal -0.000000e+00  1.000000e+00  0.000000e+00
   outer loop
     vertex  5.095310e-03 -4.210000e-01  9.603877e-03
     vertex  5.312500e-03 -4.210000e-01  1.000000e-02
     vertex  5.553963e-03 -4.210000e-01  9.595603e-03
   endloop
 endfacet
 facet normal -0.000000e+00  1.000000e+00  0.000000e+00
   outer loop
     vertex  6.016068e-03 -4.210000e-01  9.589176e-03
     vertex  6.250000e-03 -4.210000e-01  1.000000e-02
     vertex  6.481583e-03 -4.210000e-01  9.588051e-03
   endloop
 endfacet
 facet normal  0.000000e+00  1.000000e+00  0.000000e+00
   outer loop
     vertex  6.947162e-03 -4.210000e-01  9.584885e-03
     vertex  7.187500e-03 -4.210000e-01  1.000000e-02
     vertex  7.423479e-03 -4.210000e-01  9.592245e-03
   endloop
 endfacet
 facet normal  0.000000e+00  1.000000e+00  0.000000e+00
   outer loop
     vertex  7.884690e-03 -4.210000e-01  9.611340e-03
     vertex  8.125000e-03 -4.210000e-01  1.000000e-02
     vertex  8.351984e-03 -4.210000e-01  9.612377e-03
   endloop
 endfacet
 facet normal  0.000000e+00  1.000000e+00  0.000000e+00
   outer loop
     vertex  8.811075e-03 -4.210000e-01  9.596217e-03
     vertex  9.062500e-03 -4.210000e-01  1.000000e-02
     vertex  9.229922e-03 -4.210000e-01  9.606817e-03
   endloop
 endfacet
 facet normal  7.259281e-06  1.000000e+00 -1.241736e-07
   outer loop
     vertex  9.551368e-03 -4.210000e-01  2.749928e-03
     vertex  1.000000e-02 -4.210000e-01  2.500000e-03
     vertex  9.542682e-03 -4.210000e-01  2.242162e-03
   endloop
 endfacet
 facet normal  7.230304e-06  1.000000e+00  1.656020e-07
   outer loop
     vertex  9.539766e-03 -4.210000e-01  1.740651e-03
     vertex  1.000000e-02 -4.210000e-01  1.500000e-03
     vertex  9.551005e-03 -4.210000e-01  1.249925e-03
   endloop
 endfacet
 facet normal  0.000000e+00  1.000000e+00  0.000000e+00
   outer loop
     vertex  5.998444e-03 -4.210000e-01  4.573074e-04
     vertex  5.781250e-03 -4.210000e-01  0.000000e+00
     vertex  5.535479e-03 -4.210000e-01  4.608759e-04
   endloop
 endfacet
 facet normal  0.000000e+00  1.000000e+00  0.000000e+00
   outer loop
     vertex  5.072698e-03 -4.210000e-01  4.424614e-04
     vertex  4.843750e-03 -4.210000e-01  0.000000e+00
     vertex  4.618915e-03 -4.210000e-01  4.234685e-04
   endloop
 endfacet
 facet normal  0.000000e+00  1.000000e+00  0.000000e+00
   outer loop
     vertex  4.150866e-03 -4.210000e-01  4.248220e-04
     vertex  3.906250e-03 -4.210000e-01  0.000000e+00
     vertex  3.693013e-03 -4.210000e-01  4.434754e-04
   endloop
 endfacet
 facet normal  3.911987e-07  1.000000e+00 -4.402949e-09
   outer loop
     vertex  2.964324e-03 -4.210000e-01  4.256987e-03
     vertex  2.500000e-03 -4.210000e-01  4.500000e-03
     vertex  2.970010e-03 -4.210000e-01  4.762190e-03
   endloop
 endfacet
 facet normal  3.805385e-07  1.000000e+00 -8.217669e-09
   outer loop
     vertex  2.974736e-03 -4.210000e-01  5.249591e-03
     vertex  2.500000e-03 -4.210000e-01  5.500000e-03
     vertex  2.985659e-03 -4.210000e-01  5.755419e-03
   endloop
 endfacet
 facet normal  3.819620e-07  1.000000e+00  1.052985e-08
   outer loop
     vertex  2.984995e-03 -4.210000e-01  6.259104e-03
     vertex  2.500000e-03 -4.210000e-01  6.500000e-03
     vertex  2.971239e-03 -4.210000e-01  6.758084e-03
   endloop
 endfacet
 facet normal  4.109795e-07  1.000000e+00  2.081136e-08
   outer loop
     vertex  2.956888e-03 -4.210000e-01  7.256936e-03
     vertex  2.500000e-03 -4.210000e-01  7.500000e-03
     vertex  2.932411e-03 -4.210000e-01  7.740302e-03
   endloop
 endfacet
 facet normal  4.139848e-07  1.000000e+00 -2.732067e-08
   outer loop
     vertex  2.923605e-03 -4.210000e-01  8.231078e-03
     vertex  2.500000e-03 -4.210000e-01  8.500000e-03
     vertex  2.955190e-03 -4.210000e-01  8.709682e-03
   endloop
 endfacet
 facet normal -0.000000e+00  1.000000e+00  0.000000e+00
   outer loop
     vertex  6.481583e-03 -4.210000e-01  9.588051e-03
     vertex  6.718750e-03 -4.210000e-01  1.000000e-02
     vertex  6.947162e-03 -4.210000e-01  9.584885e-03
   endloop
 endfacet
 facet normal  0.000000e+00  1.000000e+00  0.000000e+00
   outer loop
     vertex  7.423479e-03 -4.210000e-01  9.592245e-03
     vertex  7.656250e-03 -4.210000e-01  1.000000e-02
     vertex  7.884690e-03 -4.210000e-01  9.611340e-03
   endloop
 endfacet
 facet normal -0.000000e+00  1.000000e+00  0.000000e+00
   outer loop
     vertex  8.351984e-03 -4.210000e-01  9.612377e-03
     vertex  8.593750e-03 -4.210000e-01  1.000000e-02
     vertex  8.811075e-03 -4.210000e-01  9.596217e-03
   endloop
 endfacet
 facet normal  7.361185e-06  1.000000e+00 -1.533150e-07
   outer loop
     vertex  9.558473e-03 -4.210000e-01  6.745392e-03
     vertex  1.000000e-02 -4.210000e-01  6.500000e-03
     vertex  9.548072e-03 -4.210000e-01  6.245988e-03
   endloop
 endfacet
 facet normal  7.405026e-06  1.000000e+00  9.418891e-08
   outer loop
     vertex  9.552898e-03 -4.210000e-01  7.744395e-03
     vertex  1.000000e-02 -4.210000e-01  7.500000e-03
     vertex  9.559244e-03 -4.210000e-01  7.245475e-03
   endloop
 endfacet
 facet normal  0.000000e+00  1.000000e+00  0.000000e+00
   outer loop
     vertex  6.975186e-03 -4.210000e-01  4.523293e-04
     vertex  6.718750e-03 -4.210000e-01  0.000000e+00
     vertex  6.479436e-03 -4.210000e-01  4.534012e-04
   endloop
 endfacet
 facet normal  0.000000e+00  1.000000e+00  0.000000e+00
   outer loop
     vertex  7.922172e-03 -4.210000e-01  4.609861e-04
     vertex  7.656250e-03 -4.210000e-01  0.000000e+00
     vertex  7.434173e-03 -4.210000e-01  4.610962e-04
   endloop
 endfacet
 facet normal  3.940197e-07  1.000000e+00 -3.623051e-09
   outer loop
     vertex  2.961400e-03 -4.210000e-01  3.248220e-03
     vertex  2.500000e-03 -4.210000e-01  3.500000e-03
     vertex  2.966035e-03 -4.210000e-01  3.752219e-03
   endloop
 endfacet
 facet normal  3.976871e-07  1.000000e+00  1.736283e-10
   outer loop
     vertex  2.959544e-03 -4.210000e-01  2.259840e-03
     vertex  2.500000e-03 -4.210000e-01  2.500000e-03
     vertex  2.959325e-03 -4.210000e-01  2.762103e-03
   endloop
 endfacet
 facet normal  2.975778e-07  1.000000e+00 -1.828677e-07
   outer loop
     vertex  2.914158e-03 -4.210000e-01  9.174799e-03
     vertex  2.500000e-03 -4.210000e-01  9.500000e-03
     vertex  3.163035e-03 -4.210000e-01  9.579793e-03
   endloop
 endfacet
 facet normal -0.000000e+00  1.000000e+00  0.000000e+00
   outer loop
     vertex  5.553963e-03 -4.210000e-01  9.595603e-03
     vertex  5.781250e-03 -4.210000e-01  1.000000e-02
     vertex  6.016068e-03 -4.210000e-01  9.589176e-03
   endloop
 endfacet
 facet normal  0.000000e+00  1.000000e+00  0.000000e+00
   outer loop
     vertex  4.614752e-03 -4.210000e-01  9.600722e-03
     vertex  4.843750e-03 -4.210000e-01  1.000000e-02
     vertex  5.095310e-03 -4.210000e-01  9.603877e-03
   endloop
 endfacet
 facet normal  0.000000e+00  1.000000e+00  0.000000e+00
   outer loop
     vertex  9.561224e-03 -4.210000e-01  8.791103e-03
     vertex  9.556164e-03 -4.210000e-01  8.247007e-03
     vertex  9.111252e-03 -4.210000e-01  8.493237e-03
   endloop
 endfacet
 facet normal  0.000000e+00  1.000000e+00  0.000000e+00
   outer loop
     vertex  6.975186e-03 -4.210000e-01  4.523293e-04
     vertex  6.479436e-03 -4.210000e-01  4.534012e-04
     vertex  6.718040e-03 -4.210000e-01  9.336382e-04
   endloop
 endfacet
 facet normal  0.000000e+00  1.000000e+00  0.000000e+00
   outer loop
     vertex  9.548072e-03 -4.210000e-01  6.245988e-03
     vertex  9.547358e-03 -4.210000e-01  5.745972e-03
     vertex  9.109029e-03 -4.210000e-01  5.986847e-03
   endloop
 endfacet
 facet normal  0.000000e+00  1.000000e+00  0.000000e+00
   outer loop
     vertex  9.552898e-03 -4.210000e-01  7.744395e-03
     vertex  9.559244e-03 -4.210000e-01  7.245475e-03
     vertex  9.117164e-03 -4.210000e-01  7.487006e-03
   endloop
 endfacet
 facet normal  0.000000e+00  1.000000e+00  0.000000e+00
   outer loop
     vertex  9.553590e-03 -4.210000e-01  5.248567e-03
     vertex  9.553173e-03 -4.210000e-01  4.748363e-03
     vertex  9.093541e-03 -4.210000e-01  4.998863e-03
   endloop
 endfacet
 facet normal  0.000000e+00  1.000000e+00  0.000000e+00
   outer loop
     vertex  2.951891e-03 -4.210000e-01  1.757256e-03
     vertex  2.959544e-03 -4.210000e-01  2.259840e-03
     vertex  3.383791e-03 -4.210000e-01  2.025956e-03
   endloop
 endfacet
 facet normal  0.000000e+00  1.000000e+00  0.000000e+00
   outer loop
     vertex  9.546325e-03 -4.210000e-01  4.249087e-03
     vertex  9.547721e-03 -4.210000e-01  3.747308e-03
     vertex  9.107678e-03 -4.210000e-01  3.999596e-03
   endloop
 endfacet
 facet normal  0.000000e+00  1.000000e+00  0.000000e+00
   outer loop
     vertex  8.386366e-03 -4.210000e-01  4.231751e-04
     vertex  7.922172e-03 -4.210000e-01  4.609861e-04
     vertex  8.193531e-03 -4.210000e-01  8.884209e-04
   endloop
 endfacet
 facet normal  0.000000e+00  1.000000e+00  0.000000e+00
   outer loop
     vertex  9.553154e-03 -4.210000e-01  3.240859e-03
     vertex  9.551368e-03 -4.210000e-01  2.749928e-03
     vertex  9.113496e-03 -4.210000e-01  2.992713e-03
   endloop
 endfacet
 facet normal  0.000000e+00  1.000000e+00 -0.000000e+00
   outer loop
     vertex  2.955190e-03 -4.210000e-01  8.709682e-03
     vertex  2.914158e-03 -4.210000e-01  9.174799e-03
     vertex  3.420400e-03 -4.210000e-01  9.011430e-03
   endloop
 endfacet
 facet normal  0.000000e+00  1.000000e+00  0.000000e+00
   outer loop
     vertex  9.542682e-03 -4.210000e-01  2.242162e-03
     vertex  9.539766e-03 -4.210000e-01  1.740651e-03
     vertex  9.094292e-03 -4.210000e-01  1.975588e-03
   endloop
 endfacet
 facet normal  0.000000e+00  1.000000e+00  0.000000e+00
   outer loop
     vertex  9.551005e-03 -4.210000e-01  1.249925e-03
     vertex  9.598590e-03 -4.210000e-01  8.215884e-04
     vertex  9.112231e-03 -4.210000e-01  9.253494e-04
   endloop
 endfacet
 facet normal  0.000000e+00  1.000000e+00  0.000000e+00
   outer loop
     vertex  5.998444e-03 -4.210000e-01  4.573074e-04
     vertex  5.535479e-03 -4.210000e-01  4.608759e-04
     vertex  5.746889e-03 -4.210000e-01  9.129474e-04
   endloop
 endfacet
 facet normal  0.000000e+00  1.000000e+00  0.000000e+00
   outer loop
     vertex  9.553173e-03 -4.210000e-01  4.748363e-03
     vertex  9.546325e-03 -4.210000e-01  4.249087e-03
     vertex  9.104433e-03 -4.210000e-01  4.500238e-03
   endloop
 endfacet
 facet normal  0.000000e+00  1.000000e+00  0.000000e+00
   outer loop
     vertex  9.546325e-03 -4.210000e-01  4.249087e-03
     vertex  9.107678e-03 -4.210000e-01  3.999596e-03
     vertex  9.104433e-03 -4.210000e-01  4.500238e-03
   endloop
 endfacet
 facet normal  0.000000e+00  1.000000e+00  0.000000e+00
   outer loop
     vertex  9.547721e-03 -4.210000e-01  3.747308e-03
     vertex  9.553154e-03 -4.210000e-01  3.240859e-03
     vertex  9.113037e-03 -4.210000e-01  3.495979e-03
   endloop
 endfacet
 facet normal  0.000000e+00  1.000000e+00  0.000000e+00
   outer loop
     vertex  9.553154e-03 -4.210000e-01  3.240859e-03
     vertex  9.113496e-03 -4.210000e-01  2.992713e-03
     vertex  9.113037e-03 -4.210000e-01  3.495979e-03
   endloop
 endfacet
 facet normal  0.000000e+00  1.000000e+00  0.000000e+00
   outer loop
     vertex  8.873968e-03 -4.210000e-01  4.315598e-04
     vertex  8.386366e-03 -4.210000e-01  4.231751e-04
     vertex  8.657178e-03 -4.210000e-01  7.846641e-04
   endloop
 endfacet
 facet normal  0.000000e+00  1.000000e+00 -0.000000e+00
   outer loop
     vertex  8.386366e-03 -4.210000e-01  4.231751e-04
     vertex  8.193531e-03 -4.210000e-01  8.884209e-04
     vertex  8.657178e-03 -4.210000e-01  7.846641e-04
   endloop
 endfacet
 facet normal  0.000000e+00  1.000000e+00  0.000000e+00
   outer loop
     vertex  2.961400e-03 -4.210000e-01  3.248220e-03
     vertex  2.966035e-03 -4.210000e-01  3.752219e-03
     vertex  3.391597e-03 -4.210000e-01  3.504427e-03
   endloop
 endfacet
 facet normal  0.000000e+00  1.000000e+00  0.000000e+00
   outer loop
     vertex  6.479436e-03 -4.210000e-01  4.534012e-04
     vertex  5.998444e-03 -4.210000e-01  4.573074e-04
     vertex  6.230284e-03 -4.210000e-01  9.334690e-04
   endloop
 endfacet
 facet normal  0.000000e+00  1.000000e+00  0.000000e+00
   outer loop
     vertex  6.718040e-03 -4.210000e-01  9.336382e-04
     vertex  6.479436e-03 -4.210000e-01  4.534012e-04
     vertex  6.230284e-03 -4.210000e-01  9.334690e-04
   endloop
 endfacet
 facet normal  0.000000e+00  1.000000e+00 -0.000000e+00
   outer loop
     vertex  5.998444e-03 -4.210000e-01  4.573074e-04
     vertex  5.746889e-03 -4.210000e-01  9.129474e-04
     vertex  6.230284e-03 -4.210000e-01  9.334690e-04
   endloop
 endfacet
 facet normal  0.000000e+00  1.000000e+00  0.000000e+00
   outer loop
     vertex  5.072698e-03 -4.210000e-01  4.424614e-04
     vertex  4.618915e-03 -4.210000e-01  4.234685e-04
     vertex  4.836996e-03 -4.210000e-01  8.452752e-04
   endloop
 endfacet
 facet normal  0.000000e+00  1.000000e+00  0.000000e+00
   outer loop
     vertex  4.150866e-03 -4.210000e-01  4.248220e-04
     vertex  3.693013e-03 -4.210000e-01  4.434754e-04
     vertex  3.922387e-03 -4.210000e-01  8.310721e-04
   endloop
 endfacet
 facet normal  0.000000e+00  1.000000e+00  0.000000e+00
   outer loop
     vertex  2.964324e-03 -4.210000e-01  4.256987e-03
     vertex  2.970010e-03 -4.210000e-01  4.762190e-03
     vertex  3.410714e-03 -4.210000e-01  4.520670e-03
   endloop
 endfacet
 facet normal  0.000000e+00  1.000000e+00  0.000000e+00
   outer loop
     vertex  9.547358e-03 -4.210000e-01  5.745972e-03
     vertex  9.553590e-03 -4.210000e-01  5.248567e-03
     vertex  9.104923e-03 -4.210000e-01  5.492600e-03
   endloop
 endfacet
 facet normal  0.000000e+00  1.000000e+00  0.000000e+00
   outer loop
     vertex  9.553590e-03 -4.210000e-01  5.248567e-03
     vertex  9.093541e-03 -4.210000e-01  4.998863e-03
     vertex  9.104923e-03 -4.210000e-01  5.492600e-03
   endloop
 endfacet
 facet normal  0.000000e+00  1.000000e+00  0.000000e+00
   outer loop
     vertex  2.924941e-03 -4.210000e-01  7.000765e-04
     vertex  2.954461e-03 -4.210000e-01  1.209938e-03
     vertex  3.412025e-03 -4.210000e-01  9.088526e-04
   endloop
 endfacet
 facet normal  0.000000e+00  1.000000e+00  0.000000e+00
   outer loop
     vertex  5.553963e-03 -4.210000e-01  9.595603e-03
     vertex  6.016068e-03 -4.210000e-01  9.589176e-03
     vertex  5.779169e-03 -4.210000e-01  9.120045e-03
   endloop
 endfacet
 facet normal  0.000000e+00  1.000000e+00 -0.000000e+00
   outer loop
     vertex  2.954461e-03 -4.210000e-01  1.209938e-03
     vertex  2.951891e-03 -4.210000e-01  1.757256e-03
     vertex  3.364167e-03 -4.210000e-01  1.504042e-03
   endloop
 endfacet
 facet normal  0.000000e+00  1.000000e+00  0.000000e+00
   outer loop
     vertex  3.412025e-03 -4.210000e-01  9.088526e-04
     vertex  2.954461e-03 -4.210000e-01  1.209938e-03
     vertex  3.364167e-03 -4.210000e-01  1.504042e-03
   endloop
 endfacet
 facet normal -0.000000e+00  1.000000e+00  0.000000e+00
   outer loop
     vertex  2.951891e-03 -4.210000e-01  1.757256e-03
     vertex  3.383791e-03 -4.210000e-01  2.025956e-03
     vertex  3.364167e-03 -4.210000e-01  1.504042e-03
   endloop
 endfacet
 facet normal -0.000000e+00  1.000000e+00  0.000000e+00
   outer loop
     vertex  2.914158e-03 -4.210000e-01  9.174799e-03
     vertex  3.163035e-03 -4.210000e-01  9.579793e-03
     vertex  3.420400e-03 -4.210000e-01  9.011430e-03
   endloop
 endfacet
 facet normal  0.000000e+00  1.000000e+00 -0.000000e+00
   outer loop
     vertex  2.966035e-03 -4.210000e-01  3.752219e-03
     vertex  2.964324e-03 -4.210000e-01  4.256987e-03
     vertex  3.394891e-03 -4.210000e-01  4.000953e-03
   endloop
 endfacet
 facet normal  0.000000e+00  1.000000e+00 -0.000000e+00
   outer loop
     vertex  3.391597e-03 -4.210000e-01  3.504427e-03
     vertex  2.966035e-03 -4.210000e-01  3.752219e-03
     vertex  3.394891e-03 -4.210000e-01  4.000953e-03
   endloop
 endfacet
 facet normal -0.000000e+00  1.000000e+00  0.000000e+00
   outer loop
     vertex  2.964324e-03 -4.210000e-01  4.256987e-03
     vertex  3.410714e-03 -4.210000e-01  4.520670e-03
     vertex  3.394891e-03 -4.210000e-01  4.000953e-03
   endloop
 endfacet
 facet normal  0.000000e+00  1.000000e+00  0.000000e+00
   outer loop
     vertex  2.974736e-03 -4.210000e-01  5.249591e-03
     vertex  2.985659e-03 -4.210000e-01  5.755419e-03
     vertex  3.425932e-03 -4.210000e-01  5.502123e-03
   endloop
 endfacet
 facet normal  0.000000e+00  1.000000e+00 -0.000000e+00
   outer loop
     vertex  2.984995e-03 -4.210000e-01  6.259104e-03
     vertex  2.971239e-03 -4.210000e-01  6.758084e-03
     vertex  3.430615e-03 -4.210000e-01  6.525113e-03
   endloop
 endfacet
 facet normal  0.000000e+00  1.000000e+00 -0.000000e+00
   outer loop
     vertex  2.956888e-03 -4.210000e-01  7.256936e-03
     vertex  2.932411e-03 -4.210000e-01  7.740302e-03
     vertex  3.384635e-03 -4.210000e-01  7.527600e-03
   endloop
 endfacet
 facet normal  0.000000e+00  1.000000e+00  0.000000e+00
   outer loop
     vertex  2.923605e-03 -4.210000e-01  8.231078e-03
     vertex  2.955190e-03 -4.210000e-01  8.709682e-03
     vertex  3.373332e-03 -4.210000e-01  8.415867e-03
   endloop
 endfacet
 facet normal -0.000000e+00  1.000000e+00  0.000000e+00
   outer loop
     vertex  2.955190e-03 -4.210000e-01  8.709682e-03
     vertex  3.420400e-03 -4.210000e-01  9.011430e-03
     vertex  3.373332e-03 -4.210000e-01  8.415867e-03
   endloop
 endfacet
 facet normal -0.000000e+00  1.000000e+00  0.000000e+00
   outer loop
     vertex  4.141744e-03 -4.210000e-01  9.590931e-03
     vertex  4.614752e-03 -4.210000e-01  9.600722e-03
     vertex  4.402718e-03 -4.210000e-01  9.169089e-03
   endloop
 endfacet
 facet normal  0.000000e+00  1.000000e+00  0.000000e+00
   outer loop
     vertex  6.481583e-03 -4.210000e-01  9.588051e-03
     vertex  6.947162e-03 -4.210000e-01  9.584885e-03
     vertex  6.715524e-03 -4.210000e-01  9.123099e-03
   endloop
 endfacet
 facet normal  0.000000e+00  1.000000e+00  0.000000e+00
   outer loop
     vertex  9.556164e-03 -4.210000e-01  8.247007e-03
     vertex  9.552898e-03 -4.210000e-01  7.744395e-03
     vertex  9.119382e-03 -4.210000e-01  7.985172e-03
   endloop
 endfacet
 facet normal  0.000000e+00  1.000000e+00  0.000000e+00
   outer loop
     vertex  9.552898e-03 -4.210000e-01  7.744395e-03
     vertex  9.117164e-03 -4.210000e-01  7.487006e-03
     vertex  9.119382e-03 -4.210000e-01  7.985172e-03
   endloop
 endfacet
 facet normal  0.000000e+00  1.000000e+00  0.000000e+00
   outer loop
     vertex  3.163035e-03 -4.210000e-01  9.579793e-03
     vertex  3.660718e-03 -4.210000e-01  9.561547e-03
     vertex  3.420400e-03 -4.210000e-01  9.011430e-03
   endloop
 endfacet
 facet normal  0.000000e+00  1.000000e+00  0.000000e+00
   outer loop
     vertex  9.582509e-03 -4.210000e-01  9.310711e-03
     vertex  9.561224e-03 -4.210000e-01  8.791103e-03
     vertex  9.084416e-03 -4.210000e-01  9.082596e-03
   endloop
 endfacet
 facet normal  0.000000e+00  1.000000e+00  0.000000e+00
   outer loop
     vertex  9.561224e-03 -4.210000e-01  8.791103e-03
     vertex  9.111252e-03 -4.210000e-01  8.493237e-03
     vertex  9.084416e-03 -4.210000e-01  9.082596e-03
   endloop
 endfacet
 facet normal -0.000000e+00  1.000000e+00  0.000000e+00
   outer loop
     vertex  3.660718e-03 -4.210000e-01  9.561547e-03
     vertex  4.141744e-03 -4.210000e-01  9.590931e-03
     vertex  3.944362e-03 -4.210000e-01  9.091241e-03
   endloop
 endfacet
 facet normal  0.000000e+00  1.000000e+00  0.000000e+00
   outer loop
     vertex  3.420400e-03 -4.210000e-01  9.011430e-03
     vertex  3.660718e-03 -4.210000e-01  9.561547e-03
     vertex  3.944362e-03 -4.210000e-01  9.091241e-03
   endloop
 endfacet
 facet normal  0.000000e+00  1.000000e+00  0.000000e+00
   outer loop
     vertex  4.141744e-03 -4.210000e-01  9.590931e-03
     vertex  4.402718e-03 -4.210000e-01  9.169089e-03
     vertex  3.944362e-03 -4.210000e-01  9.091241e-03
   endloop
 endfacet
 facet normal  0.000000e+00  1.000000e+00  0.000000e+00
   outer loop
     vertex  6.016068e-03 -4.210000e-01  9.589176e-03
     vertex  6.481583e-03 -4.210000e-01  9.588051e-03
     vertex  6.244586e-03 -4.210000e-01  9.116854e-03
   endloop
 endfacet
 facet normal -0.000000e+00  1.000000e+00  0.000000e+00
   outer loop
     vertex  5.779169e-03 -4.210000e-01  9.120045e-03
     vertex  6.016068e-03 -4.210000e-01  9.589176e-03
     vertex  6.244586e-03 -4.210000e-01  9.116854e-03
   endloop
 endfacet
 facet normal  0.000000e+00  1.000000e+00  0.000000e+00
   outer loop
     vertex  6.481583e-03 -4.210000e-01  9.588051e-03
     vertex  6.715524e-03 -4.210000e-01  9.123099e-03
     vertex  6.244586e-03 -4.210000e-01  9.116854e-03
   endloop
 endfacet
 facet normal -0.000000e+00  1.000000e+00  0.000000e+00
   outer loop
     vertex  7.423479e-03 -4.210000e-01  9.592245e-03
     vertex  7.884690e-03 -4.210000e-01  9.611340e-03
     vertex  7.657197e-03 -4.210000e-01  9.151834e-03
   endloop
 endfacet
 facet normal  0.000000e+00  1.000000e+00  0.000000e+00
   outer loop
     vertex  8.351984e-03 -4.210000e-01  9.612377e-03
     vertex  8.811075e-03 -4.210000e-01  9.596217e-03
     vertex  8.581581e-03 -4.210000e-01  9.167351e-03
   endloop
 endfacet
 facet normal  0.000000e+00  1.000000e+00  0.000000e+00
   outer loop
     vertex  9.558473e-03 -4.210000e-01  6.745392e-03
     vertex  9.548072e-03 -4.210000e-01  6.245988e-03
     vertex  9.112908e-03 -4.210000e-01  6.499851e-03
   endloop
 endfacet
 facet normal  0.000000e+00  1.000000e+00  0.000000e+00
   outer loop
     vertex  9.548072e-03 -4.210000e-01  6.245988e-03
     vertex  9.109029e-03 -4.210000e-01  5.986847e-03
     vertex  9.112908e-03 -4.210000e-01  6.499851e-03
   endloop
 endfacet
 facet normal  0.000000e+00  1.000000e+00  0.000000e+00
   outer loop
     vertex  9.551368e-03 -4.210000e-01  2.749928e-03
     vertex  9.542682e-03 -4.210000e-01  2.242162e-03
     vertex  9.107256e-03 -4.210000e-01  2.486345e-03
   endloop
 endfacet
 facet normal  0.000000e+00  1.000000e+00  0.000000e+00
   outer loop
     vertex  9.542682e-03 -4.210000e-01  2.242162e-03
     vertex  9.094292e-03 -4.210000e-01  1.975588e-03
     vertex  9.107256e-03 -4.210000e-01  2.486345e-03
   endloop
 endfacet
 facet normal  0.000000e+00  1.000000e+00  0.000000e+00
   outer loop
     vertex  9.598590e-03 -4.210000e-01  8.215884e-04
     vertex  9.353438e-03 -4.210000e-01  4.398215e-04
     vertex  9.112231e-03 -4.210000e-01  9.253494e-04
   endloop
 endfacet
 facet normal  0.000000e+00  1.000000e+00  0.000000e+00
   outer loop
     vertex  9.559244e-03 -4.210000e-01  7.245475e-03
     vertex  9.558473e-03 -4.210000e-01  6.745392e-03
     vertex  9.105285e-03 -4.210000e-01  6.989228e-03
   endloop
 endfacet
 facet normal  0.000000e+00  1.000000e+00  0.000000e+00
   outer loop
     vertex  9.558473e-03 -4.210000e-01  6.745392e-03
     vertex  9.112908e-03 -4.210000e-01  6.499851e-03
     vertex  9.105285e-03 -4.210000e-01  6.989228e-03
   endloop
 endfacet
 facet normal  0.000000e+00  1.000000e+00  0.000000e+00
   outer loop
     vertex  7.434173e-03 -4.210000e-01  4.610962e-04
     vertex  6.975186e-03 -4.210000e-01  4.523293e-04
     vertex  7.219483e-03 -4.210000e-01  9.351122e-04
   endloop
 endfacet
 facet normal  0.000000e+00  1.000000e+00 -0.000000e+00
   outer loop
     vertex  6.975186e-03 -4.210000e-01  4.523293e-04
     vertex  6.718040e-03 -4.210000e-01  9.336382e-04
     vertex  7.219483e-03 -4.210000e-01  9.351122e-04
   endloop
 endfacet
 facet normal  0.000000e+00  1.000000e+00  0.000000e+00
   outer loop
     vertex  2.959325e-03 -4.210000e-01  2.762103e-03
     vertex  2.961400e-03 -4.210000e-01  3.248220e-03
     vertex  3.392377e-03 -4.210000e-01  3.008508e-03
   endloop
 endfacet
 facet normal -0.000000e+00  1.000000e+00  0.000000e+00
   outer loop
     vertex  2.961400e-03 -4.210000e-01  3.248220e-03
     vertex  3.391597e-03 -4.210000e-01  3.504427e-03
     vertex  3.392377e-03 -4.210000e-01  3.008508e-03
   endloop
 endfacet
 facet normal  0.000000e+00  1.000000e+00  0.000000e+00
   outer loop
     vertex  5.095310e-03 -4.210000e-01  9.603877e-03
     vertex  5.553963e-03 -4.210000e-01  9.595603e-03
     vertex  5.323384e-03 -4.210000e-01  9.143918e-03
   endloop
 endfacet
 facet normal  0.000000e+00  1.000000e+00  0.000000e+00
   outer loop
     vertex  5.553963e-03 -4.210000e-01  9.595603e-03
     vertex  5.779169e-03 -4.210000e-01  9.120045e-03
     vertex  5.323384e-03 -4.210000e-01  9.143918e-03
   endloop
 endfacet
 facet normal  0.000000e+00  1.000000e+00  0.000000e+00
   outer loop
     vertex  9.113496e-03 -4.210000e-01  2.992713e-03
     vertex  9.551368e-03 -4.210000e-01  2.749928e-03
     vertex  9.107256e-03 -4.210000e-01  2.486345e-03
   endloop
 endfacet
 facet normal  0.000000e+00  1.000000e+00  0.000000e+00
   outer loop
     vertex  8.193531e-03 -4.210000e-01  8.884209e-04
     vertex  7.922172e-03 -4.210000e-01  4.609861e-04
     vertex  7.722962e-03 -4.210000e-01  9.427835e-04
   endloop
 endfacet
 facet normal  0.000000e+00  1.000000e+00  0.000000e+00
   outer loop
     vertex  7.922172e-03 -4.210000e-01  4.609861e-04
     vertex  7.434173e-03 -4.210000e-01  4.610962e-04
     vertex  7.722962e-03 -4.210000e-01  9.427835e-04
   endloop
 endfacet
 facet normal  0.000000e+00  1.000000e+00  0.000000e+00
   outer loop
     vertex  9.547721e-03 -4.210000e-01  3.747308e-03
     vertex  9.113037e-03 -4.210000e-01  3.495979e-03
     vertex  9.107678e-03 -4.210000e-01  3.999596e-03
   endloop
 endfacet
 facet normal  0.000000e+00  1.000000e+00 -0.000000e+00
   outer loop
     vertex  8.873968e-03 -4.210000e-01  4.315598e-04
     vertex  8.657178e-03 -4.210000e-01  7.846641e-04
     vertex  9.112231e-03 -4.210000e-01  9.253494e-04
   endloop
 endfacet
 facet normal  0.000000e+00  1.000000e+00  0.000000e+00
   outer loop
     vertex  9.112231e-03 -4.210000e-01  9.253494e-04
     vertex  9.353438e-03 -4.210000e-01  4.398215e-04
     vertex  8.873968e-03 -4.210000e-01  4.315598e-04
   endloop
 endfacet
 facet normal  0.000000e+00  1.000000e+00  0.000000e+00
   outer loop
     vertex  9.539766e-03 -4.210000e-01  1.740651e-03
     vertex  9.551005e-03 -4.210000e-01  1.249925e-03
     vertex  9.092308e-03 -4.210000e-01  1.466591e-03
   endloop
 endfacet
 facet normal  0.000000e+00  1.000000e+00  0.000000e+00
   outer loop
     vertex  9.553173e-03 -4.210000e-01  4.748363e-03
     vertex  9.104433e-03 -4.210000e-01  4.500238e-03
     vertex  9.093541e-03 -4.210000e-01  4.998863e-03
   endloop
 endfacet
 facet normal  0.000000e+00  1.000000e+00  0.000000e+00
   outer loop
     vertex  9.092308e-03 -4.210000e-01  1.466591e-03
     vertex  9.551005e-03 -4.210000e-01  1.249925e-03
     vertex  9.112231e-03 -4.210000e-01  9.253494e-04
   endloop
 endfacet
 facet normal  0.000000e+00  1.000000e+00  0.000000e+00
   outer loop
     vertex  9.539766e-03 -4.210000e-01  1.740651e-03
     vertex  9.092308e-03 -4.210000e-01  1.466591e-03
     vertex  9.094292e-03 -4.210000e-01  1.975588e-03
   endloop
 endfacet
 facet normal  0.000000e+00  1.000000e+00 -0.000000e+00
   outer loop
     vertex  2.968750e-03 -4.210000e-01  0.000000e+00
     vertex  2.924941e-03 -4.210000e-01  7.000765e-04
     vertex  3.276708e-03 -4.210000e-01  4.293956e-04
   endloop
 endfacet
 facet normal  0.000000e+00  1.000000e+00  0.000000e+00
   outer loop
     vertex  3.383791e-03 -4.210000e-01  2.025956e-03
     vertex  2.959544e-03 -4.210000e-01  2.259840e-03
     vertex  3.382763e-03 -4.210000e-01  2.508945e-03
   endloop
 endfacet
 facet normal  0.000000e+00  1.000000e+00 -0.000000e+00
   outer loop
     vertex  2.959544e-03 -4.210000e-01  2.259840e-03
     vertex  2.959325e-03 -4.210000e-01  2.762103e-03
     vertex  3.382763e-03 -4.210000e-01  2.508945e-03
   endloop
 endfacet
 facet normal  0.000000e+00  1.000000e+00 -0.000000e+00
   outer loop
     vertex  3.425932e-03 -4.210000e-01  5.502123e-03
     vertex  2.985659e-03 -4.210000e-01  5.755419e-03
     vertex  3.430128e-03 -4.210000e-01  6.021215e-03
   endloop
 endfacet
 facet normal  0.000000e+00  1.000000e+00 -0.000000e+00
   outer loop
     vertex  2.985659e-03 -4.210000e-01  5.755419e-03
     vertex  2.984995e-03 -4.210000e-01  6.259104e-03
     vertex  3.430128e-03 -4.210000e-01  6.021215e-03
   endloop
 endfacet
 facet normal  0.000000e+00  1.000000e+00  0.000000e+00
   outer loop
     vertex  3.922387e-03 -4.210000e-01  8.310721e-04
     vertex  3.693013e-03 -4.210000e-01  4.434754e-04
     vertex  3.412025e-03 -4.210000e-01  9.088526e-04
   endloop
 endfacet
 facet normal  0.000000e+00  1.000000e+00  0.000000e+00
   outer loop
     vertex  5.535479e-03 -4.210000e-01  4.608759e-04
     vertex  5.072698e-03 -4.210000e-01  4.424614e-04
     vertex  5.289592e-03 -4.210000e-01  8.887719e-04
   endloop
 endfacet
 facet normal  0.000000e+00  1.000000e+00  0.000000e+00
   outer loop
     vertex  4.618915e-03 -4.210000e-01  4.234685e-04
     vertex  4.150866e-03 -4.210000e-01  4.248220e-04
     vertex  4.390915e-03 -4.210000e-01  8.082763e-04
   endloop
 endfacet
 facet normal  0.000000e+00  1.000000e+00  0.000000e+00
   outer loop
     vertex  3.693013e-03 -4.210000e-01  4.434754e-04
     vertex  3.276708e-03 -4.210000e-01  4.293956e-04
     vertex  3.412025e-03 -4.210000e-01  9.088526e-04
   endloop
 endfacet
 facet normal  0.000000e+00  1.000000e+00  0.000000e+00
   outer loop
     vertex  9.547358e-03 -4.210000e-01  5.745972e-03
     vertex  9.104923e-03 -4.210000e-01  5.492600e-03
     vertex  9.109029e-03 -4.210000e-01  5.986847e-03
   endloop
 endfacet
 facet normal  0.000000e+00  1.000000e+00  0.000000e+00
   outer loop
     vertex  3.384635e-03 -4.210000e-01  7.527600e-03
     vertex  2.932411e-03 -4.210000e-01  7.740302e-03
     vertex  3.287832e-03 -4.210000e-01  7.980175e-03
   endloop
 endfacet
 facet normal  0.000000e+00  1.000000e+00 -0.000000e+00
   outer loop
     vertex  2.932411e-03 -4.210000e-01  7.740302e-03
     vertex  2.923605e-03 -4.210000e-01  8.231078e-03
     vertex  3.287832e-03 -4.210000e-01  7.980175e-03
   endloop
 endfacet
 facet normal  0.000000e+00  1.000000e+00  0.000000e+00
   outer loop
     vertex  9.117164e-03 -4.210000e-01  7.487006e-03
     vertex  9.559244e-03 -4.210000e-01  7.245475e-03
     vertex  9.105285e-03 -4.210000e-01  6.989228e-03
   endloop
 endfacet
 facet normal  0.000000e+00  1.000000e+00  0.000000e+00
   outer loop
     vertex  3.430615e-03 -4.210000e-01  6.525113e-03
     vertex  2.971239e-03 -4.210000e-01  6.758084e-03
     vertex  3.413534e-03 -4.210000e-01  7.030793e-03
   endloop
 endfacet
 facet normal  0.000000e+00  1.000000e+00 -0.000000e+00
   outer loop
     vertex  2.971239e-03 -4.210000e-01  6.758084e-03
     vertex  2.956888e-03 -4.210000e-01  7.256936e-03
     vertex  3.413534e-03 -4.210000e-01  7.030793e-03
   endloop
 endfacet
 facet normal  0.000000e+00  1.000000e+00  0.000000e+00
   outer loop
     vertex  2.970010e-03 -4.210000e-01  4.762190e-03
     vertex  2.974736e-03 -4.210000e-01  5.249591e-03
     vertex  3.409718e-03 -4.210000e-01  5.008629e-03
   endloop
 endfacet
 facet normal -0.000000e+00  1.000000e+00  0.000000e+00
   outer loop
     vertex  2.984995e-03 -4.210000e-01  6.259104e-03
     vertex  3.430615e-03 -4.210000e-01  6.525113e-03
     vertex  3.430128e-03 -4.210000e-01  6.021215e-03
   endloop
 endfacet
 facet normal -0.000000e+00  1.000000e+00  0.000000e+00
   outer loop
     vertex  2.956888e-03 -4.210000e-01  7.256936e-03
     vertex  3.384635e-03 -4.210000e-01  7.527600e-03
     vertex  3.413534e-03 -4.210000e-01  7.030793e-03
   endloop
 endfacet
 facet normal -0.000000e+00  1.000000e+00  0.000000e+00
   outer loop
     vertex  2.970010e-03 -4.210000e-01  4.762190e-03
     vertex  3.409718e-03 -4.210000e-01  5.008629e-03
     vertex  3.410714e-03 -4.210000e-01  4.520670e-03
   endloop
 endfacet
 facet normal -0.000000e+00  1.000000e+00  0.000000e+00
   outer loop
     vertex  2.923605e-03 -4.210000e-01  8.231078e-03
     vertex  3.373332e-03 -4.210000e-01  8.415867e-03
     vertex  3.287832e-03 -4.210000e-01  7.980175e-03
   endloop
 endfacet
 facet normal  0.000000e+00  1.000000e+00  0.000000e+00
   outer loop
     vertex  4.402718e-03 -4.210000e-01  9.169089e-03
     vertex  4.614752e-03 -4.210000e-01  9.600722e-03
     vertex  4.875026e-03 -4.210000e-01  9.202816e-03
   endloop
 endfacet
 facet normal -0.000000e+00  1.000000e+00  0.000000e+00
   outer loop
     vertex  4.614752e-03 -4.210000e-01  9.600722e-03
     vertex  5.095310e-03 -4.210000e-01  9.603877e-03
     vertex  4.875026e-03 -4.210000e-01  9.202816e-03
   endloop
 endfacet
 facet normal  0.000000e+00  1.000000e+00  0.000000e+00
   outer loop
     vertex  9.556164e-03 -4.210000e-01  8.247007e-03
     vertex  9.119382e-03 -4.210000e-01  7.985172e-03
     vertex  9.111252e-03 -4.210000e-01  8.493237e-03
   endloop
 endfacet
 facet normal  0.000000e+00  1.000000e+00  0.000000e+00
   outer loop
     vertex  4.836996e-03 -4.210000e-01  8.452752e-04
     vertex  4.618915e-03 -4.210000e-01  4.234685e-04
     vertex  4.390915e-03 -4.210000e-01  8.082763e-04
   endloop
 endfacet
 facet normal -0.000000e+00  1.000000e+00  0.000000e+00
   outer loop
     vertex  8.581581e-03 -4.210000e-01  9.167351e-03
     vertex  8.811075e-03 -4.210000e-01  9.596217e-03
     vertex  9.084416e-03 -4.210000e-01  9.082596e-03
   endloop
 endfacet
 facet normal -0.000000e+00  1.000000e+00  0.000000e+00
   outer loop
     vertex  6.947162e-03 -4.210000e-01  9.584885e-03
     vertex  7.423479e-03 -4.210000e-01  9.592245e-03
     vertex  7.190480e-03 -4.210000e-01  9.144516e-03
   endloop
 endfacet
 facet normal -0.000000e+00  1.000000e+00  0.000000e+00
   outer loop
     vertex  7.884690e-03 -4.210000e-01  9.611340e-03
     vertex  8.351984e-03 -4.210000e-01  9.612377e-03
     vertex  8.109348e-03 -4.210000e-01  9.190577e-03
   endloop
 endfacet
 facet normal  0.000000e+00  1.000000e+00 -0.000000e+00
   outer loop
     vertex  7.434173e-03 -4.210000e-01  4.610962e-04
     vertex  7.219483e-03 -4.210000e-01  9.351122e-04
     vertex  7.722962e-03 -4.210000e-01  9.427835e-04
   endloop
 endfacet
 facet normal -0.000000e+00  1.000000e+00  0.000000e+00
   outer loop
     vertex  8.811075e-03 -4.210000e-01  9.596217e-03
     vertex  9.229922e-03 -4.210000e-01  9.606817e-03
     vertex  9.084416e-03 -4.210000e-01  9.082596e-03
   endloop
 endfacet
 facet normal  0.000000e+00  1.000000e+00  0.000000e+00
   outer loop
     vertex  9.531250e-03 -4.210000e-01  1.000000e-02
     vertex  9.582509e-03 -4.210000e-01  9.310711e-03
     vertex  9.229922e-03 -4.210000e-01  9.606817e-03
   endloop
 endfacet
 facet normal  0.000000e+00  1.000000e+00  0.000000e+00
   outer loop
     vertex  6.715524e-03 -4.210000e-01  9.123099e-03
     vertex  6.947162e-03 -4.210000e-01  9.584885e-03
     vertex  7.190480e-03 -4.210000e-01  9.144516e-03
   endloop
 endfacet
 facet normal  0.000000e+00  1.000000e+00  0.000000e+00
   outer loop
     vertex  7.657197e-03 -4.210000e-01  9.151834e-03
     vertex  7.884690e-03 -4.210000e-01  9.611340e-03
     vertex  8.109348e-03 -4.210000e-01  9.190577e-03
   endloop
 endfacet
 facet normal  0.000000e+00  1.000000e+00  0.000000e+00
   outer loop
     vertex  5.746889e-03 -4.210000e-01  9.129474e-04
     vertex  5.535479e-03 -4.210000e-01  4.608759e-04
     vertex  5.289592e-03 -4.210000e-01  8.887719e-04
   endloop
 endfacet
 facet normal  0.000000e+00  1.000000e+00 -0.000000e+00
   outer loop
     vertex  3.276708e-03 -4.210000e-01  4.293956e-04
     vertex  2.924941e-03 -4.210000e-01  7.000765e-04
     vertex  3.412025e-03 -4.210000e-01  9.088526e-04
   endloop
 endfacet
 facet normal  0.000000e+00  1.000000e+00  0.000000e+00
   outer loop
     vertex  9.229922e-03 -4.210000e-01  9.606817e-03
     vertex  9.582509e-03 -4.210000e-01  9.310711e-03
     vertex  9.084416e-03 -4.210000e-01  9.082596e-03
   endloop
 endfacet
 facet normal  0.000000e+00  1.000000e+00  0.000000e+00
   outer loop
     vertex  4.390915e-03 -4.210000e-01  8.082763e-04
     vertex  4.150866e-03 -4.210000e-01  4.248220e-04
     vertex  3.922387e-03 -4.210000e-01  8.310721e-04
   endloop
 endfacet
 facet normal  0.000000e+00  1.000000e+00  0.000000e+00
   outer loop
     vertex  5.289592e-03 -4.210000e-01  8.887719e-04
     vertex  5.072698e-03 -4.210000e-01  4.424614e-04
     vertex  4.836996e-03 -4.210000e-01  8.452752e-04
   endloop
 endfacet
 facet normal  0.000000e+00  1.000000e+00 -0.000000e+00
   outer loop
     vertex  3.382763e-03 -4.210000e-01  2.508945e-03
     vertex  2.959325e-03 -4.210000e-01  2.762103e-03
     vertex  3.392377e-03 -4.210000e-01  3.008508e-03
   endloop
 endfacet
 facet normal  0.000000e+00  1.000000e+00 -0.000000e+00
   outer loop
     vertex  3.409718e-03 -4.210000e-01  5.008629e-03
     vertex  2.974736e-03 -4.210000e-01  5.249591e-03
     vertex  3.425932e-03 -4.210000e-01  5.502123e-03
   endloop
 endfacet
 facet normal -0.000000e+00  1.000000e+00  0.000000e+00
   outer loop
     vertex  4.875026e-03 -4.210000e-01  9.202816e-03
     vertex  5.095310e-03 -4.210000e-01  9.603877e-03
     vertex  5.323384e-03 -4.210000e-01  9.143918e-03
   endloop
 endfacet
 facet normal -0.000000e+00  1.000000e+00  0.000000e+00
   outer loop
     vertex  8.109348e-03 -4.210000e-01  9.190577e-03
     vertex  8.351984e-03 -4.210000e-01  9.612377e-03
     vertex  8.581581e-03 -4.210000e-01  9.167351e-03
   endloop
 endfacet
 facet normal  0.000000e+00  1.000000e+00  0.000000e+00
   outer loop
     vertex  7.190480e-03 -4.210000e-01  9.144516e-03
     vertex  7.423479e-03 -4.210000e-01  9.592245e-03
     vertex  7.657197e-03 -4.210000e-01  9.151834e-03
   endloop
 endfacet
 facet normal  0.000000e+00  1.000000e+00  0.000000e+00
   outer loop
     vertex  4.390915e-03 -4.210000e-01  8.082763e-04
     vertex  3.922387e-03 -4.210000e-01  8.310721e-04
     vertex  4.186377e-03 -4.210000e-01  1.150348e-03
   endloop
 endfacet
 facet normal  0.000000e+00  1.000000e+00  0.000000e+00
   outer loop
     vertex  3.409718e-03 -4.210000e-01  5.008629e-03
     vertex  3.425932e-03 -4.210000e-01  5.502123e-03
     vertex  3.894275e-03 -4.210000e-01  5.269420e-03
   endloop
 endfacet
 facet normal  0.000000e+00  1.000000e+00  0.000000e+00
   outer loop
     vertex  8.193531e-03 -4.210000e-01  8.884209e-04
     vertex  7.722962e-03 -4.210000e-01  9.427835e-04
     vertex  8.058305e-03 -4.210000e-01  1.416921e-03
   endloop
 endfacet
 facet normal  0.000000e+00  1.000000e+00  0.000000e+00
   outer loop
     vertex  9.112231e-03 -4.210000e-01  9.253494e-04
     vertex  8.657178e-03 -4.210000e-01  7.846641e-04
     vertex  8.633388e-03 -4.210000e-01  1.230006e-03
   endloop
 endfacet
 facet normal  0.000000e+00  1.000000e+00  0.000000e+00
   outer loop
     vertex  9.092308e-03 -4.210000e-01  1.466591e-03
     vertex  9.112231e-03 -4.210000e-01  9.253494e-04
     vertex  8.633388e-03 -4.210000e-01  1.230006e-03
   endloop
 endfacet
 facet normal  0.000000e+00  1.000000e+00  0.000000e+00
   outer loop
     vertex  8.657178e-03 -4.210000e-01  7.846641e-04
     vertex  8.193531e-03 -4.210000e-01  8.884209e-04
     vertex  8.633388e-03 -4.210000e-01  1.230006e-03
   endloop
 endfacet
 facet normal  0.000000e+00  1.000000e+00  0.000000e+00
   outer loop
     vertex  8.109348e-03 -4.210000e-01  9.190577e-03
     vertex  8.581581e-03 -4.210000e-01  9.167351e-03
     vertex  8.314755e-03 -4.210000e-01  8.839271e-03
   endloop
 endfacet
 facet normal  0.000000e+00  1.000000e+00  0.000000e+00
   outer loop
     vertex  9.094292e-03 -4.210000e-01  1.975588e-03
     vertex  9.092308e-03 -4.210000e-01  1.466591e-03
     vertex  8.632202e-03 -4.210000e-01  1.703272e-03
   endloop
 endfacet
 facet normal  0.000000e+00  1.000000e+00  0.000000e+00
   outer loop
     vertex  9.092308e-03 -4.210000e-01  1.466591e-03
     vertex  8.633388e-03 -4.210000e-01  1.230006e-03
     vertex  8.632202e-03 -4.210000e-01  1.703272e-03
   endloop
 endfacet
 facet normal  0.000000e+00  1.000000e+00  0.000000e+00
   outer loop
     vertex  9.093541e-03 -4.210000e-01  4.998863e-03
     vertex  9.104433e-03 -4.210000e-01  4.500238e-03
     vertex  8.659673e-03 -4.210000e-01  4.749856e-03
   endloop
 endfacet
 facet normal  0.000000e+00  1.000000e+00  0.000000e+00
   outer loop
     vertex  3.382763e-03 -4.210000e-01  2.508945e-03
     vertex  3.392377e-03 -4.210000e-01  3.008508e-03
     vertex  3.848955e-03 -4.210000e-01  2.768622e-03
   endloop
 endfacet
 facet normal  0.000000e+00  1.000000e+00  0.000000e+00
   outer loop
     vertex  9.113037e-03 -4.210000e-01  3.495979e-03
     vertex  9.113496e-03 -4.210000e-01  2.992713e-03
     vertex  8.679239e-03 -4.210000e-01  3.245154e-03
   endloop
 endfacet
 facet normal  0.000000e+00  1.000000e+00 -0.000000e+00
   outer loop
     vertex  3.413534e-03 -4.210000e-01  7.030793e-03
     vertex  3.384635e-03 -4.210000e-01  7.527600e-03
     vertex  3.862009e-03 -4.210000e-01  7.352846e-03
   endloop
 endfacet
 facet normal  0.000000e+00  1.000000e+00  0.000000e+00
   outer loop
     vertex  9.109029e-03 -4.210000e-01  5.986847e-03
     vertex  9.104923e-03 -4.210000e-01  5.492600e-03
     vertex  8.665849e-03 -4.210000e-01  5.731060e-03
   endloop
 endfacet
 facet normal  0.000000e+00  1.000000e+00  0.000000e+00
   outer loop
     vertex  9.107678e-03 -4.210000e-01  3.999596e-03
     vertex  9.113037e-03 -4.210000e-01  3.495979e-03
     vertex  8.674504e-03 -4.210000e-01  3.749874e-03
   endloop
 endfacet
 facet normal  0.000000e+00  1.000000e+00  0.000000e+00
   outer loop
     vertex  9.113037e-03 -4.210000e-01  3.495979e-03
     vertex  8.679239e-03 -4.210000e-01  3.245154e-03
     vertex  8.674504e-03 -4.210000e-01  3.749874e-03
   endloop
 endfacet
 facet normal  0.000000e+00  1.000000e+00  0.000000e+00
   outer loop
     vertex  8.581581e-03 -4.210000e-01  9.167351e-03
     vertex  9.084416e-03 -4.210000e-01  9.082596e-03
     vertex  8.698258e-03 -4.210000e-01  8.693930e-03
   endloop
 endfacet
 facet normal -0.000000e+00  1.000000e+00  0.000000e+00
   outer loop
     vertex  8.314755e-03 -4.210000e-01  8.839271e-03
     vertex  8.581581e-03 -4.210000e-01  9.167351e-03
     vertex  8.698258e-03 -4.210000e-01  8.693930e-03
   endloop
 endfacet
 facet normal  0.000000e+00  1.000000e+00  0.000000e+00
   outer loop
     vertex  9.084416e-03 -4.210000e-01  9.082596e-03
     vertex  9.111252e-03 -4.210000e-01  8.493237e-03
     vertex  8.698258e-03 -4.210000e-01  8.693930e-03
   endloop
 endfacet
 facet normal  0.000000e+00  1.000000e+00  0.000000e+00
   outer loop
     vertex  5.289592e-03 -4.210000e-01  8.887719e-04
     vertex  4.836996e-03 -4.210000e-01  8.452752e-04
     vertex  5.034767e-03 -4.210000e-01  1.313799e-03
   endloop
 endfacet
 facet normal  0.000000e+00  1.000000e+00  0.000000e+00
   outer loop
     vertex  4.875026e-03 -4.210000e-01  9.202816e-03
     vertex  5.323384e-03 -4.210000e-01  9.143918e-03
     vertex  5.079367e-03 -4.210000e-01  8.732596e-03
   endloop
 endfacet
 facet normal -0.000000e+00  1.000000e+00  0.000000e+00
   outer loop
     vertex  4.402718e-03 -4.210000e-01  9.169089e-03
     vertex  4.875026e-03 -4.210000e-01  9.202816e-03
     vertex  4.666884e-03 -4.210000e-01  8.818960e-03
   endloop
 endfacet
 facet normal  0.000000e+00  1.000000e+00  0.000000e+00
   outer loop
     vertex  4.875026e-03 -4.210000e-01  9.202816e-03
     vertex  5.079367e-03 -4.210000e-01  8.732596e-03
     vertex  4.666884e-03 -4.210000e-01  8.818960e-03
   endloop
 endfacet
 facet normal  0.000000e+00  1.000000e+00 -0.000000e+00
   outer loop
     vertex  3.383791e-03 -4.210000e-01  2.025956e-03
     vertex  3.382763e-03 -4.210000e-01  2.508945e-03
     vertex  3.837690e-03 -4.210000e-01  2.273280e-03
   endloop
 endfacet
 facet normal -0.000000e+00  1.000000e+00  0.000000e+00
   outer loop
     vertex  3.382763e-03 -4.210000e-01  2.508945e-03
     vertex  3.848955e-03 -4.210000e-01  2.768622e-03
     vertex  3.837690e-03 -4.210000e-01  2.273280e-03
   endloop
 endfacet
 facet normal  0.000000e+00  1.000000e+00 -0.000000e+00
   outer loop
     vertex  3.410714e-03 -4.210000e-01  4.520670e-03
     vertex  3.409718e-03 -4.210000e-01  5.008629e-03
     vertex  3.888148e-03 -4.210000e-01  4.743946e-03
   endloop
 endfacet
 facet normal -0.000000e+00  1.000000e+00  0.000000e+00
   outer loop
     vertex  3.409718e-03 -4.210000e-01  5.008629e-03
     vertex  3.894275e-03 -4.210000e-01  5.269420e-03
     vertex  3.888148e-03 -4.210000e-01  4.743946e-03
   endloop
 endfacet
 facet normal  0.000000e+00  1.000000e+00  0.000000e+00
   outer loop
     vertex  3.373332e-03 -4.210000e-01  8.415867e-03
     vertex  3.420400e-03 -4.210000e-01  9.011430e-03
     vertex  3.839334e-03 -4.210000e-01  8.524427e-03
   endloop
 endfacet
 facet normal -0.000000e+00  1.000000e+00  0.000000e+00
   outer loop
     vertex  3.420400e-03 -4.210000e-01  9.011430e-03
     vertex  3.944362e-03 -4.210000e-01  9.091241e-03
     vertex  3.839334e-03 -4.210000e-01  8.524427e-03
   endloop
 endfacet
 facet normal  0.000000e+00  1.000000e+00  0.000000e+00
   outer loop
     vertex  3.430128e-03 -4.210000e-01  6.021215e-03
     vertex  3.430615e-03 -4.210000e-01  6.525113e-03
     vertex  3.883092e-03 -4.210000e-01  6.282965e-03
   endloop
 endfacet
 facet normal  0.000000e+00  1.000000e+00  0.000000e+00
   outer loop
     vertex  3.922387e-03 -4.210000e-01  8.310721e-04
     vertex  3.412025e-03 -4.210000e-01  9.088526e-04
     vertex  3.820140e-03 -4.210000e-01  1.291109e-03
   endloop
 endfacet
 facet normal  0.000000e+00  1.000000e+00  0.000000e+00
   outer loop
     vertex  4.186377e-03 -4.210000e-01  1.150348e-03
     vertex  3.922387e-03 -4.210000e-01  8.310721e-04
     vertex  3.820140e-03 -4.210000e-01  1.291109e-03
   endloop
 endfacet
 facet normal  0.000000e+00  1.000000e+00 -0.000000e+00
   outer loop
     vertex  3.412025e-03 -4.210000e-01  9.088526e-04
     vertex  3.364167e-03 -4.210000e-01  1.504042e-03
     vertex  3.820140e-03 -4.210000e-01  1.291109e-03
   endloop
 endfacet
 facet normal  0.000000e+00  1.000000e+00  0.000000e+00
   outer loop
     vertex  9.117164e-03 -4.210000e-01  7.487006e-03
     vertex  9.105285e-03 -4.210000e-01  6.989228e-03
     vertex  8.681701e-03 -4.210000e-01  7.230563e-03
   endloop
 endfacet
 facet normal  0.000000e+00  1.000000e+00  0.000000e+00
   outer loop
     vertex  4.836996e-03 -4.210000e-01  8.452752e-04
     vertex  4.390915e-03 -4.210000e-01  8.082763e-04
     vertex  4.575994e-03 -4.210000e-01  1.244463e-03
   endloop
 endfacet
 facet normal  0.000000e+00  1.000000e+00  0.000000e+00
   outer loop
     vertex  5.034767e-03 -4.210000e-01  1.313799e-03
     vertex  4.836996e-03 -4.210000e-01  8.452752e-04
     vertex  4.575994e-03 -4.210000e-01  1.244463e-03
   endloop
 endfacet
 facet normal  0.000000e+00  1.000000e+00 -0.000000e+00
   outer loop
     vertex  4.390915e-03 -4.210000e-01  8.082763e-04
     vertex  4.186377e-03 -4.210000e-01  1.150348e-03
     vertex  4.575994e-03 -4.210000e-01  1.244463e-03
   endloop
 endfacet
 facet normal  0.000000e+00  1.000000e+00  0.000000e+00
   outer loop
     vertex  9.112908e-03 -4.210000e-01  6.499851e-03
     vertex  9.109029e-03 -4.210000e-01  5.986847e-03
     vertex  8.654560e-03 -4.210000e-01  6.251944e-03
   endloop
 endfacet
 facet normal  0.000000e+00  1.000000e+00  0.000000e+00
   outer loop
     vertex  9.109029e-03 -4.210000e-01  5.986847e-03
     vertex  8.665849e-03 -4.210000e-01  5.731060e-03
     vertex  8.654560e-03 -4.210000e-01  6.251944e-03
   endloop
 endfacet
 facet normal -0.000000e+00  1.000000e+00  0.000000e+00
   outer loop
     vertex  7.657197e-03 -4.210000e-01  9.151834e-03
     vertex  8.109348e-03 -4.210000e-01  9.190577e-03
     vertex  7.909244e-03 -4.210000e-01  8.746332e-03
   endloop
 endfacet
 facet normal  0.000000e+00  1.000000e+00  0.000000e+00
   outer loop
     vertex  8.109348e-03 -4.210000e-01  9.190577e-03
     vertex  8.314755e-03 -4.210000e-01  8.839271e-03
     vertex  7.909244e-03 -4.210000e-01  8.746332e-03
   endloop
 endfacet
 facet normal  0.000000e+00  1.000000e+00  0.000000e+00
   outer loop
     vertex  5.746889e-03 -4.210000e-01  9.129474e-04
     vertex  5.289592e-03 -4.210000e-01  8.887719e-04
     vertex  5.493731e-03 -4.210000e-01  1.350819e-03
   endloop
 endfacet
 facet normal  0.000000e+00  1.000000e+00 -0.000000e+00
   outer loop
     vertex  5.289592e-03 -4.210000e-01  8.887719e-04
     vertex  5.034767e-03 -4.210000e-01  1.313799e-03
     vertex  5.493731e-03 -4.210000e-01  1.350819e-03
   endloop
 endfacet
 facet normal -0.000000e+00  1.000000e+00  0.000000e+00
   outer loop
     vertex  7.190480e-03 -4.210000e-01  9.144516e-03
     vertex  7.657197e-03 -4.210000e-01  9.151834e-03
     vertex  7.454075e-03 -4.210000e-01  8.701587e-03
   endloop
 endfacet
 facet normal  0.000000e+00  1.000000e+00  0.000000e+00
   outer loop
     vertex  7.657197e-03 -4.210000e-01  9.151834e-03
     vertex  7.909244e-03 -4.210000e-01  8.746332e-03
     vertex  7.454075e-03 -4.210000e-01  8.701587e-03
   endloop
 endfacet
 facet normal  0.000000e+00  1.000000e+00  0.000000e+00
   outer loop
     vertex  9.107256e-03 -4.210000e-01  2.486345e-03
     vertex  9.094292e-03 -4.210000e-01  1.975588e-03
     vertex  8.664110e-03 -4.210000e-01  2.224592e-03
   endloop
 endfacet
 facet normal  0.000000e+00  1.000000e+00  0.000000e+00
   outer loop
     vertex  9.094292e-03 -4.210000e-01  1.975588e-03
     vertex  8.632202e-03 -4.210000e-01  1.703272e-03
     vertex  8.664110e-03 -4.210000e-01  2.224592e-03
   endloop
 endfacet
 facet normal  0.000000e+00  1.000000e+00  0.000000e+00
   outer loop
     vertex  9.105285e-03 -4.210000e-01  6.989228e-03
     vertex  9.112908e-03 -4.210000e-01  6.499851e-03
     vertex  8.660887e-03 -4.210000e-01  6.729731e-03
   endloop
 endfacet
 facet normal  0.000000e+00  1.000000e+00  0.000000e+00
   outer loop
     vertex  9.112908e-03 -4.210000e-01  6.499851e-03
     vertex  8.654560e-03 -4.210000e-01  6.251944e-03
     vertex  8.660887e-03 -4.210000e-01  6.729731e-03
   endloop
 endfacet
 facet normal  0.000000e+00  1.000000e+00  0.000000e+00
   outer loop
     vertex  7.219483e-03 -4.210000e-01  9.351122e-04
     vertex  6.718040e-03 -4.210000e-01  9.336382e-04
     vertex  6.971767e-03 -4.210000e-01  1.371156e-03
   endloop
 endfacet
 facet normal  0.000000e+00  1.000000e+00  0.000000e+00
   outer loop
     vertex  9.119382e-03 -4.210000e-01  7.985172e-03
     vertex  9.117164e-03 -4.210000e-01  7.487006e-03
     vertex  8.679146e-03 -4.210000e-01  7.729156e-03
   endloop
 endfacet
 facet normal  0.000000e+00  1.000000e+00  0.000000e+00
   outer loop
     vertex  9.117164e-03 -4.210000e-01  7.487006e-03
     vertex  8.681701e-03 -4.210000e-01  7.230563e-03
     vertex  8.679146e-03 -4.210000e-01  7.729156e-03
   endloop
 endfacet
 facet normal  0.000000e+00  1.000000e+00  0.000000e+00
   outer loop
     vertex  9.104923e-03 -4.210000e-01  5.492600e-03
     vertex  9.093541e-03 -4.210000e-01  4.998863e-03
     vertex  8.647508e-03 -4.210000e-01  5.251363e-03
   endloop
 endfacet
 facet normal  0.000000e+00  1.000000e+00  0.000000e+00
   outer loop
     vertex  9.093541e-03 -4.210000e-01  4.998863e-03
     vertex  8.659673e-03 -4.210000e-01  4.749856e-03
     vertex  8.647508e-03 -4.210000e-01  5.251363e-03
   endloop
 endfacet
 facet normal -0.000000e+00  1.000000e+00  0.000000e+00
   outer loop
     vertex  3.287832e-03 -4.210000e-01  7.980175e-03
     vertex  3.373332e-03 -4.210000e-01  8.415867e-03
     vertex  3.791192e-03 -4.210000e-01  7.943721e-03
   endloop
 endfacet
 facet normal -0.000000e+00  1.000000e+00  0.000000e+00
   outer loop
     vertex  3.373332e-03 -4.210000e-01  8.415867e-03
     vertex  3.839334e-03 -4.210000e-01  8.524427e-03
     vertex  3.791192e-03 -4.210000e-01  7.943721e-03
   endloop
 endfacet
 facet normal  0.000000e+00  1.000000e+00  0.000000e+00
   outer loop
     vertex  9.104433e-03 -4.210000e-01  4.500238e-03
     vertex  9.107678e-03 -4.210000e-01  3.999596e-03
     vertex  8.660601e-03 -4.210000e-01  4.251078e-03
   endloop
 endfacet
 facet normal  0.000000e+00  1.000000e+00  0.000000e+00
   outer loop
     vertex  9.107678e-03 -4.210000e-01  3.999596e-03
     vertex  8.674504e-03 -4.210000e-01  3.749874e-03
     vertex  8.660601e-03 -4.210000e-01  4.251078e-03
   endloop
 endfacet
 facet normal  0.000000e+00  1.000000e+00 -0.000000e+00
   outer loop
     vertex  3.430615e-03 -4.210000e-01  6.525113e-03
     vertex  3.413534e-03 -4.210000e-01  7.030793e-03
     vertex  3.897712e-03 -4.210000e-01  6.787943e-03
   endloop
 endfacet
 facet normal -0.000000e+00  1.000000e+00  0.000000e+00
   outer loop
     vertex  3.413534e-03 -4.210000e-01  7.030793e-03
     vertex  3.862009e-03 -4.210000e-01  7.352846e-03
     vertex  3.897712e-03 -4.210000e-01  6.787943e-03
   endloop
 endfacet
 facet normal -0.000000e+00  1.000000e+00  0.000000e+00
   outer loop
     vertex  6.715524e-03 -4.210000e-01  9.123099e-03
     vertex  7.190480e-03 -4.210000e-01  9.144516e-03
     vertex  6.954781e-03 -4.210000e-01  8.695144e-03
   endloop
 endfacet
 facet normal  0.000000e+00  1.000000e+00  0.000000e+00
   outer loop
     vertex  7.190480e-03 -4.210000e-01  9.144516e-03
     vertex  7.454075e-03 -4.210000e-01  8.701587e-03
     vertex  6.954781e-03 -4.210000e-01  8.695144e-03
   endloop
 endfacet
 facet normal  0.000000e+00  1.000000e+00  0.000000e+00
   outer loop
     vertex  9.104433e-03 -4.210000e-01  4.500238e-03
     vertex  8.660601e-03 -4.210000e-01  4.251078e-03
     vertex  8.659673e-03 -4.210000e-01  4.749856e-03
   endloop
 endfacet
 facet normal  0.000000e+00  1.000000e+00 -0.000000e+00
   outer loop
     vertex  8.193531e-03 -4.210000e-01  8.884209e-04
     vertex  8.058305e-03 -4.210000e-01  1.416921e-03
     vertex  8.633388e-03 -4.210000e-01  1.230006e-03
   endloop
 endfacet
 facet normal  0.000000e+00  1.000000e+00  0.000000e+00
   outer loop
     vertex  3.287832e-03 -4.210000e-01  7.980175e-03
     vertex  3.791192e-03 -4.210000e-01  7.943721e-03
     vertex  3.384635e-03 -4.210000e-01  7.527600e-03
   endloop
 endfacet
 facet normal -0.000000e+00  1.000000e+00  0.000000e+00
   outer loop
     vertex  6.244586e-03 -4.210000e-01  9.116854e-03
     vertex  6.715524e-03 -4.210000e-01  9.123099e-03
     vertex  6.476422e-03 -4.210000e-01  8.681969e-03
   endloop
 endfacet
 facet normal  0.000000e+00  1.000000e+00  0.000000e+00
   outer loop
     vertex  6.715524e-03 -4.210000e-01  9.123099e-03
     vertex  6.954781e-03 -4.210000e-01  8.695144e-03
     vertex  6.476422e-03 -4.210000e-01  8.681969e-03
   endloop
 endfacet
 facet normal  0.000000e+00  1.000000e+00  0.000000e+00
   outer loop
     vertex  8.665849e-03 -4.210000e-01  5.731060e-03
     vertex  9.104923e-03 -4.210000e-01  5.492600e-03
     vertex  8.647508e-03 -4.210000e-01  5.251363e-03
   endloop
 endfacet
 facet normal  0.000000e+00  1.000000e+00  0.000000e+00
   outer loop
     vertex  9.105285e-03 -4.210000e-01  6.989228e-03
     vertex  8.660887e-03 -4.210000e-01  6.729731e-03
     vertex  8.681701e-03 -4.210000e-01  7.230563e-03
   endloop
 endfacet
 facet normal  0.000000e+00  1.000000e+00  0.000000e+00
   outer loop
     vertex  5.779169e-03 -4.210000e-01  9.120045e-03
     vertex  6.244586e-03 -4.210000e-01  9.116854e-03
     vertex  5.996509e-03 -4.210000e-01  8.670352e-03
   endloop
 endfacet
 facet normal  0.000000e+00  1.000000e+00  0.000000e+00
   outer loop
     vertex  6.244586e-03 -4.210000e-01  9.116854e-03
     vertex  6.476422e-03 -4.210000e-01  8.681969e-03
     vertex  5.996509e-03 -4.210000e-01  8.670352e-03
   endloop
 endfacet
 facet normal  0.000000e+00  1.000000e+00  0.000000e+00
   outer loop
     vertex  3.862009e-03 -4.210000e-01  7.352846e-03
     vertex  3.384635e-03 -4.210000e-01  7.527600e-03
     vertex  3.791192e-03 -4.210000e-01  7.943721e-03
   endloop
 endfacet
 facet normal  0.000000e+00  1.000000e+00  0.000000e+00
   outer loop
     vertex  8.679239e-03 -4.210000e-01  3.245154e-03
     vertex  9.113496e-03 -4.210000e-01  2.992713e-03
     vertex  8.679597e-03 -4.210000e-01  2.738469e-03
   endloop
 endfacet
 facet normal  0.000000e+00  1.000000e+00  0.000000e+00
   outer loop
     vertex  9.113496e-03 -4.210000e-01  2.992713e-03
     vertex  9.107256e-03 -4.210000e-01  2.486345e-03
     vertex  8.679597e-03 -4.210000e-01  2.738469e-03
   endloop
 endfacet
 facet normal  0.000000e+00  1.000000e+00 -0.000000e+00
   outer loop
     vertex  3.848955e-03 -4.210000e-01  2.768622e-03
     vertex  3.392377e-03 -4.210000e-01  3.008508e-03
     vertex  3.861590e-03 -4.210000e-01  3.252298e-03
   endloop
 endfacet
 facet normal  0.000000e+00  1.000000e+00 -0.000000e+00
   outer loop
     vertex  3.392377e-03 -4.210000e-01  3.008508e-03
     vertex  3.391597e-03 -4.210000e-01  3.504427e-03
     vertex  3.861590e-03 -4.210000e-01  3.252298e-03
   endloop
 endfacet
 facet normal  0.000000e+00  1.000000e+00  0.000000e+00
   outer loop
     vertex  9.107256e-03 -4.210000e-01  2.486345e-03
     vertex  8.664110e-03 -4.210000e-01  2.224592e-03
     vertex  8.679597e-03 -4.210000e-01  2.738469e-03
   endloop
 endfacet
 facet normal -0.000000e+00  1.000000e+00  0.000000e+00
   outer loop
     vertex  3.430615e-03 -4.210000e-01  6.525113e-03
     vertex  3.897712e-03 -4.210000e-01  6.787943e-03
     vertex  3.883092e-03 -4.210000e-01  6.282965e-03
   endloop
 endfacet
 facet normal -0.000000e+00  1.000000e+00  0.000000e+00
   outer loop
     vertex  5.079367e-03 -4.210000e-01  8.732596e-03
     vertex  5.323384e-03 -4.210000e-01  9.143918e-03
     vertex  5.525733e-03 -4.210000e-01  8.681437e-03
   endloop
 endfacet
 facet normal  0.000000e+00  1.000000e+00  0.000000e+00
   outer loop
     vertex  5.323384e-03 -4.210000e-01  9.143918e-03
     vertex  5.779169e-03 -4.210000e-01  9.120045e-03
     vertex  5.525733e-03 -4.210000e-01  8.681437e-03
   endloop
 endfacet
 facet normal  0.000000e+00  1.000000e+00  0.000000e+00
   outer loop
     vertex  3.394891e-03 -4.210000e-01  4.000953e-03
     vertex  3.410714e-03 -4.210000e-01  4.520670e-03
     vertex  3.894868e-03 -4.210000e-01  4.257291e-03
   endloop
 endfacet
 facet normal -0.000000e+00  1.000000e+00  0.000000e+00
   outer loop
     vertex  3.410714e-03 -4.210000e-01  4.520670e-03
     vertex  3.888148e-03 -4.210000e-01  4.743946e-03
     vertex  3.894868e-03 -4.210000e-01  4.257291e-03
   endloop
 endfacet
 facet normal  0.000000e+00  1.000000e+00  0.000000e+00
   outer loop
     vertex  3.425932e-03 -4.210000e-01  5.502123e-03
     vertex  3.430128e-03 -4.210000e-01  6.021215e-03
     vertex  3.897195e-03 -4.210000e-01  5.759777e-03
   endloop
 endfacet
 facet normal  0.000000e+00  1.000000e+00  0.000000e+00
   outer loop
     vertex  8.058305e-03 -4.210000e-01  1.416921e-03
     vertex  7.722962e-03 -4.210000e-01  9.427835e-04
     vertex  7.475575e-03 -4.210000e-01  1.371338e-03
   endloop
 endfacet
 facet normal  0.000000e+00  1.000000e+00  0.000000e+00
   outer loop
     vertex  7.722962e-03 -4.210000e-01  9.427835e-04
     vertex  7.219483e-03 -4.210000e-01  9.351122e-04
     vertex  7.475575e-03 -4.210000e-01  1.371338e-03
   endloop
 endfacet
 facet normal  0.000000e+00  1.000000e+00 -0.000000e+00
   outer loop
     vertex  3.894275e-03 -4.210000e-01  5.269420e-03
     vertex  3.425932e-03 -4.210000e-01  5.502123e-03
     vertex  3.897195e-03 -4.210000e-01  5.759777e-03
   endloop
 endfacet
 facet normal  0.000000e+00  1.000000e+00 -0.000000e+00
   outer loop
     vertex  7.219483e-03 -4.210000e-01  9.351122e-04
     vertex  6.971767e-03 -4.210000e-01  1.371156e-03
     vertex  7.475575e-03 -4.210000e-01  1.371338e-03
   endloop
 endfacet
 facet normal  0.000000e+00  1.000000e+00  0.000000e+00
   outer loop
     vertex  5.779169e-03 -4.210000e-01  9.120045e-03
     vertex  5.996509e-03 -4.210000e-01  8.670352e-03
     vertex  5.525733e-03 -4.210000e-01  8.681437e-03
   endloop
 endfacet
 facet normal -0.000000e+00  1.000000e+00  0.000000e+00
   outer loop
     vertex  3.944362e-03 -4.210000e-01  9.091241e-03
     vertex  4.402718e-03 -4.210000e-01  9.169089e-03
     vertex  4.295137e-03 -4.210000e-01  8.681613e-03
   endloop
 endfacet
 facet normal  0.000000e+00  1.000000e+00  0.000000e+00
   outer loop
     vertex  3.839334e-03 -4.210000e-01  8.524427e-03
     vertex  3.944362e-03 -4.210000e-01  9.091241e-03
     vertex  4.295137e-03 -4.210000e-01  8.681613e-03
   endloop
 endfacet
 facet normal  0.000000e+00  1.000000e+00  0.000000e+00
   outer loop
     vertex  4.402718e-03 -4.210000e-01  9.169089e-03
     vertex  4.666884e-03 -4.210000e-01  8.818960e-03
     vertex  4.295137e-03 -4.210000e-01  8.681613e-03
   endloop
 endfacet
 facet normal -0.000000e+00  1.000000e+00  0.000000e+00
   outer loop
     vertex  3.430128e-03 -4.210000e-01  6.021215e-03
     vertex  3.883092e-03 -4.210000e-01  6.282965e-03
     vertex  3.897195e-03 -4.210000e-01  5.759777e-03
   endloop
 endfacet
 facet normal  0.000000e+00  1.000000e+00  0.000000e+00
   outer loop
     vertex  9.111252e-03 -4.210000e-01  8.493237e-03
     vertex  9.119382e-03 -4.210000e-01  7.985172e-03
     vertex  8.686651e-03 -4.210000e-01  8.208869e-03
   endloop
 endfacet
 facet normal  0.000000e+00  1.000000e+00  0.000000e+00
   outer loop
     vertex  6.971767e-03 -4.210000e-01  1.371156e-03
     vertex  6.718040e-03 -4.210000e-01  9.336382e-04
     vertex  6.458508e-03 -4.210000e-01  1.368138e-03
   endloop
 endfacet
 facet normal  0.000000e+00  1.000000e+00  0.000000e+00
   outer loop
     vertex  6.718040e-03 -4.210000e-01  9.336382e-04
     vertex  6.230284e-03 -4.210000e-01  9.334690e-04
     vertex  6.458508e-03 -4.210000e-01  1.368138e-03
   endloop
 endfacet
 facet normal  0.000000e+00  1.000000e+00  0.000000e+00
   outer loop
     vertex  9.119382e-03 -4.210000e-01  7.985172e-03
     vertex  8.679146e-03 -4.210000e-01  7.729156e-03
     vertex  8.686651e-03 -4.210000e-01  8.208869e-03
   endloop
 endfacet
 facet normal  0.000000e+00  1.000000e+00  0.000000e+00
   outer loop
     vertex  3.364167e-03 -4.210000e-01  1.504042e-03
     vertex  3.383791e-03 -4.210000e-01  2.025956e-03
     vertex  3.833117e-03 -4.210000e-01  1.804189e-03
   endloop
 endfacet
 facet normal  0.000000e+00  1.000000e+00 -0.000000e+00
   outer loop
     vertex  3.820140e-03 -4.210000e-01  1.291109e-03
     vertex  3.364167e-03 -4.210000e-01  1.504042e-03
     vertex  3.833117e-03 -4.210000e-01  1.804189e-03
   endloop
 endfacet
 facet normal -0.000000e+00  1.000000e+00  0.000000e+00
   outer loop
     vertex  3.383791e-03 -4.210000e-01  2.025956e-03
     vertex  3.837690e-03 -4.210000e-01  2.273280e-03
     vertex  3.833117e-03 -4.210000e-01  1.804189e-03
   endloop
 endfacet
 facet normal  0.000000e+00  1.000000e+00  0.000000e+00
   outer loop
     vertex  6.230284e-03 -4.210000e-01  9.334690e-04
     vertex  5.746889e-03 -4.210000e-01  9.129474e-04
     vertex  5.958880e-03 -4.210000e-01  1.358560e-03
   endloop
 endfacet
 facet normal  0.000000e+00  1.000000e+00 -0.000000e+00
   outer loop
     vertex  5.746889e-03 -4.210000e-01  9.129474e-04
     vertex  5.493731e-03 -4.210000e-01  1.350819e-03
     vertex  5.958880e-03 -4.210000e-01  1.358560e-03
   endloop
 endfacet
 facet normal  0.000000e+00  1.000000e+00  0.000000e+00
   outer loop
     vertex  3.391597e-03 -4.210000e-01  3.504427e-03
     vertex  3.394891e-03 -4.210000e-01  4.000953e-03
     vertex  3.884125e-03 -4.210000e-01  3.752117e-03
   endloop
 endfacet
 facet normal  0.000000e+00  1.000000e+00 -0.000000e+00
   outer loop
     vertex  3.861590e-03 -4.210000e-01  3.252298e-03
     vertex  3.391597e-03 -4.210000e-01  3.504427e-03
     vertex  3.884125e-03 -4.210000e-01  3.752117e-03
   endloop
 endfacet
 facet normal -0.000000e+00  1.000000e+00  0.000000e+00
   outer loop
     vertex  3.394891e-03 -4.210000e-01  4.000953e-03
     vertex  3.894868e-03 -4.210000e-01  4.257291e-03
     vertex  3.884125e-03 -4.210000e-01  3.752117e-03
   endloop
 endfacet
 facet normal  0.000000e+00  1.000000e+00  0.000000e+00
   outer loop
     vertex  9.111252e-03 -4.210000e-01  8.493237e-03
     vertex  8.686651e-03 -4.210000e-01  8.208869e-03
     vertex  8.698258e-03 -4.210000e-01  8.693930e-03
   endloop
 endfacet
 facet normal  0.000000e+00  1.000000e+00  0.000000e+00
   outer loop
     vertex  8.632202e-03 -4.210000e-01  1.703272e-03
     vertex  8.633388e-03 -4.210000e-01  1.230006e-03
     vertex  8.058305e-03 -4.210000e-01  1.416921e-03
   endloop
 endfacet
 facet normal  0.000000e+00  1.000000e+00  0.000000e+00
   outer loop
     vertex  7.475575e-03 -4.210000e-01  1.371338e-03
     vertex  6.971767e-03 -4.210000e-01  1.371156e-03
     vertex  7.169411e-03 -4.210000e-01  1.811482e-03
   endloop
 endfacet
 facet normal  0.000000e+00  1.000000e+00  0.000000e+00
   outer loop
     vertex  8.314755e-03 -4.210000e-01  8.839271e-03
     vertex  8.698258e-03 -4.210000e-01  8.693930e-03
     vertex  8.263714e-03 -4.210000e-01  8.423790e-03
   endloop
 endfacet
 facet normal  0.000000e+00  1.000000e+00  0.000000e+00
   outer loop
     vertex  8.698258e-03 -4.210000e-01  8.693930e-03
     vertex  8.686651e-03 -4.210000e-01  8.208869e-03
     vertex  8.263714e-03 -4.210000e-01  8.423790e-03
   endloop
 endfacet
 facet normal  0.000000e+00  1.000000e+00  0.000000e+00
   outer loop
     vertex  8.665849e-03 -4.210000e-01  5.731060e-03
     vertex  8.647508e-03 -4.210000e-01  5.251363e-03
     vertex  8.165425e-03 -4.210000e-01  5.479353e-03
   endloop
 endfacet
 facet normal  0.000000e+00  1.000000e+00  0.000000e+00
   outer loop
     vertex  3.883092e-03 -4.210000e-01  6.282965e-03
     vertex  3.897712e-03 -4.210000e-01  6.787943e-03
     vertex  4.362114e-03 -4.210000e-01  6.547705e-03
   endloop
 endfacet
 facet normal  0.000000e+00  1.000000e+00  0.000000e+00
   outer loop
     vertex  5.525733e-03 -4.210000e-01  8.681437e-03
     vertex  5.996509e-03 -4.210000e-01  8.670352e-03
     vertex  5.720212e-03 -4.210000e-01  8.212227e-03
   endloop
 endfacet
 facet normal  0.000000e+00  1.000000e+00  0.000000e+00
   outer loop
     vertex  8.632202e-03 -4.210000e-01  1.703272e-03
     vertex  8.058305e-03 -4.210000e-01  1.416921e-03
     vertex  8.173843e-03 -4.210000e-01  1.961428e-03
   endloop
 endfacet
 facet normal  0.000000e+00  1.000000e+00  0.000000e+00
   outer loop
     vertex  4.666884e-03 -4.210000e-01  8.818960e-03
     vertex  5.079367e-03 -4.210000e-01  8.732596e-03
     vertex  4.715737e-03 -4.210000e-01  8.398965e-03
   endloop
 endfacet
 facet normal  0.000000e+00  1.000000e+00 -0.000000e+00
   outer loop
     vertex  3.897195e-03 -4.210000e-01  5.759777e-03
     vertex  3.883092e-03 -4.210000e-01  6.282965e-03
     vertex  4.372315e-03 -4.210000e-01  6.014917e-03
   endloop
 endfacet
 facet normal -0.000000e+00  1.000000e+00  0.000000e+00
   outer loop
     vertex  3.883092e-03 -4.210000e-01  6.282965e-03
     vertex  4.362114e-03 -4.210000e-01  6.547705e-03
     vertex  4.372315e-03 -4.210000e-01  6.014917e-03
   endloop
 endfacet
 facet normal  0.000000e+00  1.000000e+00  0.000000e+00
   outer loop
     vertex  3.837690e-03 -4.210000e-01  2.273280e-03
     vertex  3.848955e-03 -4.210000e-01  2.768622e-03
     vertex  4.277297e-03 -4.210000e-01  2.509705e-03
   endloop
 endfacet
 facet normal  0.000000e+00  1.000000e+00  0.000000e+00
   outer loop
     vertex  3.888148e-03 -4.210000e-01  4.743946e-03
     vertex  3.894275e-03 -4.210000e-01  5.269420e-03
     vertex  4.340181e-03 -4.210000e-01  5.004292e-03
   endloop
 endfacet
 facet normal  0.000000e+00  1.000000e+00  0.000000e+00
   outer loop
     vertex  8.654560e-03 -4.210000e-01  6.251944e-03
     vertex  8.665849e-03 -4.210000e-01  5.731060e-03
     vertex  8.147385e-03 -4.210000e-01  5.994825e-03
   endloop
 endfacet
 facet normal  0.000000e+00  1.000000e+00  0.000000e+00
   outer loop
     vertex  8.665849e-03 -4.210000e-01  5.731060e-03
     vertex  8.165425e-03 -4.210000e-01  5.479353e-03
     vertex  8.147385e-03 -4.210000e-01  5.994825e-03
   endloop
 endfacet
 facet normal  0.000000e+00  1.000000e+00  0.000000e+00
   outer loop
     vertex  8.681701e-03 -4.210000e-01  7.230563e-03
     vertex  8.660887e-03 -4.210000e-01  6.729731e-03
     vertex  8.202901e-03 -4.210000e-01  6.971967e-03
   endloop
 endfacet
 facet normal  0.000000e+00  1.000000e+00  0.000000e+00
   outer loop
     vertex  5.079367e-03 -4.210000e-01  8.732596e-03
     vertex  5.525733e-03 -4.210000e-01  8.681437e-03
     vertex  5.219714e-03 -4.210000e-01  8.250551e-03
   endloop
 endfacet
 facet normal -0.000000e+00  1.000000e+00  0.000000e+00
   outer loop
     vertex  4.715737e-03 -4.210000e-01  8.398965e-03
     vertex  5.079367e-03 -4.210000e-01  8.732596e-03
     vertex  5.219714e-03 -4.210000e-01  8.250551e-03
   endloop
 endfacet
 facet normal  0.000000e+00  1.000000e+00  0.000000e+00
   outer loop
     vertex  5.525733e-03 -4.210000e-01  8.681437e-03
     vertex  5.720212e-03 -4.210000e-01  8.212227e-03
     vertex  5.219714e-03 -4.210000e-01  8.250551e-03
   endloop
 endfacet
 facet normal  0.000000e+00  1.000000e+00  0.000000e+00
   outer loop
     vertex  8.679239e-03 -4.210000e-01  3.245154e-03
     vertex  8.679597e-03 -4.210000e-01  2.738469e-03
     vertex  8.200379e-03 -4.210000e-01  2.989495e-03
   endloop
 endfacet
 facet normal  0.000000e+00  1.000000e+00  0.000000e+00
   outer loop
     vertex  8.058305e-03 -4.210000e-01  1.416921e-03
     vertex  7.475575e-03 -4.210000e-01  1.371338e-03
     vertex  7.685132e-03 -4.210000e-01  1.828099e-03
   endloop
 endfacet
 facet normal  0.000000e+00  1.000000e+00  0.000000e+00
   outer loop
     vertex  8.173843e-03 -4.210000e-01  1.961428e-03
     vertex  8.058305e-03 -4.210000e-01  1.416921e-03
     vertex  7.685132e-03 -4.210000e-01  1.828099e-03
   endloop
 endfacet
 facet normal  0.000000e+00  1.000000e+00 -0.000000e+00
   outer loop
     vertex  7.475575e-03 -4.210000e-01  1.371338e-03
     vertex  7.169411e-03 -4.210000e-01  1.811482e-03
     vertex  7.685132e-03 -4.210000e-01  1.828099e-03
   endloop
 endfacet
 facet normal  0.000000e+00  1.000000e+00 -0.000000e+00
   outer loop
     vertex  3.862009e-03 -4.210000e-01  7.352846e-03
     vertex  3.791192e-03 -4.210000e-01  7.943721e-03
     vertex  4.313234e-03 -4.210000e-01  7.631637e-03
   endloop
 endfacet
 facet normal  0.000000e+00  1.000000e+00  0.000000e+00
   outer loop
     vertex  8.659673e-03 -4.210000e-01  4.749856e-03
     vertex  8.660601e-03 -4.210000e-01  4.251078e-03
     vertex  8.173563e-03 -4.210000e-01  4.493519e-03
   endloop
 endfacet
 facet normal  0.000000e+00  1.000000e+00  0.000000e+00
   outer loop
     vertex  8.674504e-03 -4.210000e-01  3.749874e-03
     vertex  8.679239e-03 -4.210000e-01  3.245154e-03
     vertex  8.192621e-03 -4.210000e-01  3.502325e-03
   endloop
 endfacet
 facet normal  0.000000e+00  1.000000e+00  0.000000e+00
   outer loop
     vertex  8.679239e-03 -4.210000e-01  3.245154e-03
     vertex  8.200379e-03 -4.210000e-01  2.989495e-03
     vertex  8.192621e-03 -4.210000e-01  3.502325e-03
   endloop
 endfacet
 facet normal  0.000000e+00  1.000000e+00  0.000000e+00
   outer loop
     vertex  8.679146e-03 -4.210000e-01  7.729156e-03
     vertex  8.681701e-03 -4.210000e-01  7.230563e-03
     vertex  8.210386e-03 -4.210000e-01  7.474433e-03
   endloop
 endfacet
 facet normal  0.000000e+00  1.000000e+00  0.000000e+00
   outer loop
     vertex  8.681701e-03 -4.210000e-01  7.230563e-03
     vertex  8.202901e-03 -4.210000e-01  6.971967e-03
     vertex  8.210386e-03 -4.210000e-01  7.474433e-03
   endloop
 endfacet
 facet normal -0.000000e+00  1.000000e+00  0.000000e+00
   outer loop
     vertex  7.909244e-03 -4.210000e-01  8.746332e-03
     vertex  8.314755e-03 -4.210000e-01  8.839271e-03
     vertex  8.263714e-03 -4.210000e-01  8.423790e-03
   endloop
 endfacet
 facet normal  0.000000e+00  1.000000e+00  0.000000e+00
   outer loop
     vertex  5.493731e-03 -4.210000e-01  1.350819e-03
     vertex  5.034767e-03 -4.210000e-01  1.313799e-03
     vertex  5.208798e-03 -4.210000e-01  1.782765e-03
   endloop
 endfacet
 facet normal -0.000000e+00  1.000000e+00  0.000000e+00
   outer loop
     vertex  7.454075e-03 -4.210000e-01  8.701587e-03
     vertex  7.909244e-03 -4.210000e-01  8.746332e-03
     vertex  7.762047e-03 -4.210000e-01  8.251129e-03
   endloop
 endfacet
 facet normal  0.000000e+00  1.000000e+00  0.000000e+00
   outer loop
     vertex  8.664110e-03 -4.210000e-01  2.224592e-03
     vertex  8.632202e-03 -4.210000e-01  1.703272e-03
     vertex  8.173843e-03 -4.210000e-01  1.961428e-03
   endloop
 endfacet
 facet normal  0.000000e+00  1.000000e+00  0.000000e+00
   outer loop
     vertex  3.894275e-03 -4.210000e-01  5.269420e-03
     vertex  3.897195e-03 -4.210000e-01  5.759777e-03
     vertex  4.353682e-03 -4.210000e-01  5.508721e-03
   endloop
 endfacet
 facet normal -0.000000e+00  1.000000e+00  0.000000e+00
   outer loop
     vertex  3.897195e-03 -4.210000e-01  5.759777e-03
     vertex  4.372315e-03 -4.210000e-01  6.014917e-03
     vertex  4.353682e-03 -4.210000e-01  5.508721e-03
   endloop
 endfacet
 facet normal  0.000000e+00  1.000000e+00  0.000000e+00
   outer loop
     vertex  8.660887e-03 -4.210000e-01  6.729731e-03
     vertex  8.654560e-03 -4.210000e-01  6.251944e-03
     vertex  8.177101e-03 -4.210000e-01  6.492845e-03
   endloop
 endfacet
 facet normal  0.000000e+00  1.000000e+00  0.000000e+00
   outer loop
     vertex  8.654560e-03 -4.210000e-01  6.251944e-03
     vertex  8.147385e-03 -4.210000e-01  5.994825e-03
     vertex  8.177101e-03 -4.210000e-01  6.492845e-03
   endloop
 endfacet
 facet normal  0.000000e+00  1.000000e+00  0.000000e+00
   outer loop
     vertex  8.647508e-03 -4.210000e-01  5.251363e-03
     vertex  8.659673e-03 -4.210000e-01  4.749856e-03
     vertex  8.165408e-03 -4.210000e-01  5.000160e-03
   endloop
 endfacet
 facet normal  0.000000e+00  1.000000e+00  0.000000e+00
   outer loop
     vertex  8.659673e-03 -4.210000e-01  4.749856e-03
     vertex  8.173563e-03 -4.210000e-01  4.493519e-03
     vertex  8.165408e-03 -4.210000e-01  5.000160e-03
   endloop
 endfacet
 facet normal  0.000000e+00  1.000000e+00  0.000000e+00
   outer loop
     vertex  8.679597e-03 -4.210000e-01  2.738469e-03
     vertex  8.664110e-03 -4.210000e-01  2.224592e-03
     vertex  8.201655e-03 -4.210000e-01  2.494780e-03
   endloop
 endfacet
 facet normal  0.000000e+00  1.000000e+00  0.000000e+00
   outer loop
     vertex  8.200379e-03 -4.210000e-01  2.989495e-03
     vertex  8.679597e-03 -4.210000e-01  2.738469e-03
     vertex  8.201655e-03 -4.210000e-01  2.494780e-03
   endloop
 endfacet
 facet normal  0.000000e+00  1.000000e+00  0.000000e+00
   outer loop
     vertex  8.664110e-03 -4.210000e-01  2.224592e-03
     vertex  8.173843e-03 -4.210000e-01  1.961428e-03
     vertex  8.201655e-03 -4.210000e-01  2.494780e-03
   endloop
 endfacet
 facet normal  0.000000e+00  1.000000e+00  0.000000e+00
   outer loop
     vertex  3.791192e-03 -4.210000e-01  7.943721e-03
     vertex  3.839334e-03 -4.210000e-01  8.524427e-03
     vertex  4.285910e-03 -4.210000e-01  8.156074e-03
   endloop
 endfacet
 facet normal  0.000000e+00  1.000000e+00  0.000000e+00
   outer loop
     vertex  4.313234e-03 -4.210000e-01  7.631637e-03
     vertex  3.791192e-03 -4.210000e-01  7.943721e-03
     vertex  4.285910e-03 -4.210000e-01  8.156074e-03
   endloop
 endfacet
 facet normal -0.000000e+00  1.000000e+00  0.000000e+00
   outer loop
     vertex  3.839334e-03 -4.210000e-01  8.524427e-03
     vertex  4.295137e-03 -4.210000e-01  8.681613e-03
     vertex  4.285910e-03 -4.210000e-01  8.156074e-03
   endloop
 endfacet
 facet normal  0.000000e+00  1.000000e+00  0.000000e+00
   outer loop
     vertex  8.660601e-03 -4.210000e-01  4.251078e-03
     vertex  8.674504e-03 -4.210000e-01  3.749874e-03
     vertex  8.184937e-03 -4.210000e-01  4.007777e-03
   endloop
 endfacet
 facet normal  0.000000e+00  1.000000e+00  0.000000e+00
   outer loop
     vertex  8.674504e-03 -4.210000e-01  3.749874e-03
     vertex  8.192621e-03 -4.210000e-01  3.502325e-03
     vertex  8.184937e-03 -4.210000e-01  4.007777e-03
   endloop
 endfacet
 facet normal  0.000000e+00  1.000000e+00 -0.000000e+00
   outer loop
     vertex  3.897712e-03 -4.210000e-01  6.787943e-03
     vertex  3.862009e-03 -4.210000e-01  7.352846e-03
     vertex  4.352562e-03 -4.210000e-01  7.071922e-03
   endloop
 endfacet
 facet normal  0.000000e+00  1.000000e+00  0.000000e+00
   outer loop
     vertex  4.362114e-03 -4.210000e-01  6.547705e-03
     vertex  3.897712e-03 -4.210000e-01  6.787943e-03
     vertex  4.352562e-03 -4.210000e-01  7.071922e-03
   endloop
 endfacet
 facet normal -0.000000e+00  1.000000e+00  0.000000e+00
   outer loop
     vertex  3.862009e-03 -4.210000e-01  7.352846e-03
     vertex  4.313234e-03 -4.210000e-01  7.631637e-03
     vertex  4.352562e-03 -4.210000e-01  7.071922e-03
   endloop
 endfacet
 facet normal -0.000000e+00  1.000000e+00  0.000000e+00
   outer loop
     vertex  6.954781e-03 -4.210000e-01  8.695144e-03
     vertex  7.454075e-03 -4.210000e-01  8.701587e-03
     vertex  7.214257e-03 -4.210000e-01  8.287205e-03
   endloop
 endfacet
 facet normal  0.000000e+00  1.000000e+00  0.000000e+00
   outer loop
     vertex  7.454075e-03 -4.210000e-01  8.701587e-03
     vertex  7.762047e-03 -4.210000e-01  8.251129e-03
     vertex  7.214257e-03 -4.210000e-01  8.287205e-03
   endloop
 endfacet
 facet normal -0.000000e+00  1.000000e+00  0.000000e+00
   outer loop
     vertex  6.476422e-03 -4.210000e-01  8.681969e-03
     vertex  6.954781e-03 -4.210000e-01  8.695144e-03
     vertex  6.725472e-03 -4.210000e-01  8.265225e-03
   endloop
 endfacet
 facet normal  0.000000e+00  1.000000e+00  0.000000e+00
   outer loop
     vertex  6.954781e-03 -4.210000e-01  8.695144e-03
     vertex  7.214257e-03 -4.210000e-01  8.287205e-03
     vertex  6.725472e-03 -4.210000e-01  8.265225e-03
   endloop
 endfacet
 facet normal  0.000000e+00  1.000000e+00  0.000000e+00
   outer loop
     vertex  5.958880e-03 -4.210000e-01  1.358560e-03
     vertex  5.493731e-03 -4.210000e-01  1.350819e-03
     vertex  5.704436e-03 -4.210000e-01  1.824747e-03
   endloop
 endfacet
 facet normal  0.000000e+00  1.000000e+00 -0.000000e+00
   outer loop
     vertex  5.493731e-03 -4.210000e-01  1.350819e-03
     vertex  5.208798e-03 -4.210000e-01  1.782765e-03
     vertex  5.704436e-03 -4.210000e-01  1.824747e-03
   endloop
 endfacet
 facet normal  0.000000e+00  1.000000e+00  0.000000e+00
   outer loop
     vertex  7.169411e-03 -4.210000e-01  1.811482e-03
     vertex  6.971767e-03 -4.210000e-01  1.371156e-03
     vertex  6.689855e-03 -4.210000e-01  1.825413e-03
   endloop
 endfacet
 facet normal  0.000000e+00  1.000000e+00  0.000000e+00
   outer loop
     vertex  6.971767e-03 -4.210000e-01  1.371156e-03
     vertex  6.458508e-03 -4.210000e-01  1.368138e-03
     vertex  6.689855e-03 -4.210000e-01  1.825413e-03
   endloop
 endfacet
 facet normal -0.000000e+00  1.000000e+00  0.000000e+00
   outer loop
     vertex  5.996509e-03 -4.210000e-01  8.670352e-03
     vertex  6.476422e-03 -4.210000e-01  8.681969e-03
     vertex  6.228455e-03 -4.210000e-01  8.236058e-03
   endloop
 endfacet
 facet normal  0.000000e+00  1.000000e+00  0.000000e+00
   outer loop
     vertex  5.720212e-03 -4.210000e-01  8.212227e-03
     vertex  5.996509e-03 -4.210000e-01  8.670352e-03
     vertex  6.228455e-03 -4.210000e-01  8.236058e-03
   endloop
 endfacet
 facet normal  0.000000e+00  1.000000e+00  0.000000e+00
   outer loop
     vertex  6.476422e-03 -4.210000e-01  8.681969e-03
     vertex  6.725472e-03 -4.210000e-01  8.265225e-03
     vertex  6.228455e-03 -4.210000e-01  8.236058e-03
   endloop
 endfacet
 facet normal  0.000000e+00  1.000000e+00  0.000000e+00
   outer loop
     vertex  8.165425e-03 -4.210000e-01  5.479353e-03
     vertex  8.647508e-03 -4.210000e-01  5.251363e-03
     vertex  8.165408e-03 -4.210000e-01  5.000160e-03
   endloop
 endfacet
 facet normal  0.000000e+00  1.000000e+00  0.000000e+00
   outer loop
     vertex  3.861590e-03 -4.210000e-01  3.252298e-03
     vertex  3.884125e-03 -4.210000e-01  3.752117e-03
     vertex  4.318611e-03 -4.210000e-01  3.493803e-03
   endloop
 endfacet
 facet normal -0.000000e+00  1.000000e+00  0.000000e+00
   outer loop
     vertex  3.894275e-03 -4.210000e-01  5.269420e-03
     vertex  4.353682e-03 -4.210000e-01  5.508721e-03
     vertex  4.340181e-03 -4.210000e-01  5.004292e-03
   endloop
 endfacet
 facet normal  0.000000e+00  1.000000e+00  0.000000e+00
   outer loop
     vertex  8.660601e-03 -4.210000e-01  4.251078e-03
     vertex  8.184937e-03 -4.210000e-01  4.007777e-03
     vertex  8.173563e-03 -4.210000e-01  4.493519e-03
   endloop
 endfacet
 facet normal  0.000000e+00  1.000000e+00  0.000000e+00
   outer loop
     vertex  8.686651e-03 -4.210000e-01  8.208869e-03
     vertex  8.679146e-03 -4.210000e-01  7.729156e-03
     vertex  8.230549e-03 -4.210000e-01  7.960346e-03
   endloop
 endfacet
 facet normal  0.000000e+00  1.000000e+00 -0.000000e+00
   outer loop
     vertex  3.894868e-03 -4.210000e-01  4.257291e-03
     vertex  3.888148e-03 -4.210000e-01  4.743946e-03
     vertex  4.335322e-03 -4.210000e-01  4.498613e-03
   endloop
 endfacet
 facet normal -0.000000e+00  1.000000e+00  0.000000e+00
   outer loop
     vertex  3.888148e-03 -4.210000e-01  4.743946e-03
     vertex  4.340181e-03 -4.210000e-01  5.004292e-03
     vertex  4.335322e-03 -4.210000e-01  4.498613e-03
   endloop
 endfacet
 facet normal  0.000000e+00  1.000000e+00 -0.000000e+00
   outer loop
     vertex  6.230284e-03 -4.210000e-01  9.334690e-04
     vertex  5.958880e-03 -4.210000e-01  1.358560e-03
     vertex  6.458508e-03 -4.210000e-01  1.368138e-03
   endloop
 endfacet
 facet normal  0.000000e+00  1.000000e+00  0.000000e+00
   outer loop
     vertex  8.660887e-03 -4.210000e-01  6.729731e-03
     vertex  8.177101e-03 -4.210000e-01  6.492845e-03
     vertex  8.202901e-03 -4.210000e-01  6.971967e-03
   endloop
 endfacet
 facet normal  0.000000e+00  1.000000e+00  0.000000e+00
   outer loop
     vertex  4.277297e-03 -4.210000e-01  2.509705e-03
     vertex  3.848955e-03 -4.210000e-01  2.768622e-03
     vertex  4.267772e-03 -4.210000e-01  3.006961e-03
   endloop
 endfacet
 facet normal  0.000000e+00  1.000000e+00  0.000000e+00
   outer loop
     vertex  3.848955e-03 -4.210000e-01  2.768622e-03
     vertex  3.861590e-03 -4.210000e-01  3.252298e-03
     vertex  4.267772e-03 -4.210000e-01  3.006961e-03
   endloop
 endfacet
 facet normal -0.000000e+00  1.000000e+00  0.000000e+00
   outer loop
     vertex  3.861590e-03 -4.210000e-01  3.252298e-03
     vertex  4.318611e-03 -4.210000e-01  3.493803e-03
     vertex  4.267772e-03 -4.210000e-01  3.006961e-03
   endloop
 endfacet
 facet normal  0.000000e+00  1.000000e+00  0.000000e+00
   outer loop
     vertex  8.263714e-03 -4.210000e-01  8.423790e-03
     vertex  8.686651e-03 -4.210000e-01  8.208869e-03
     vertex  8.230549e-03 -4.210000e-01  7.960346e-03
   endloop
 endfacet
 facet normal  0.000000e+00  1.000000e+00 -0.000000e+00
   outer loop
     vertex  4.186377e-03 -4.210000e-01  1.150348e-03
     vertex  3.820140e-03 -4.210000e-01  1.291109e-03
     vertex  4.227880e-03 -4.210000e-01  1.559568e-03
   endloop
 endfacet
 facet normal  0.000000e+00  1.000000e+00  0.000000e+00
   outer loop
     vertex  3.820140e-03 -4.210000e-01  1.291109e-03
     vertex  3.833117e-03 -4.210000e-01  1.804189e-03
     vertex  4.227880e-03 -4.210000e-01  1.559568e-03
   endloop
 endfacet
 facet normal  0.000000e+00  1.000000e+00  0.000000e+00
   outer loop
     vertex  4.575994e-03 -4.210000e-01  1.244463e-03
     vertex  4.186377e-03 -4.210000e-01  1.150348e-03
     vertex  4.227880e-03 -4.210000e-01  1.559568e-03
   endloop
 endfacet
 facet normal  0.000000e+00  1.000000e+00  0.000000e+00
   outer loop
     vertex  5.034767e-03 -4.210000e-01  1.313799e-03
     vertex  4.575994e-03 -4.210000e-01  1.244463e-03
     vertex  4.707236e-03 -4.210000e-01  1.702976e-03
   endloop
 endfacet
 facet normal  0.000000e+00  1.000000e+00  0.000000e+00
   outer loop
     vertex  5.208798e-03 -4.210000e-01  1.782765e-03
     vertex  5.034767e-03 -4.210000e-01  1.313799e-03
     vertex  4.707236e-03 -4.210000e-01  1.702976e-03
   endloop
 endfacet
 facet normal  0.000000e+00  1.000000e+00 -0.000000e+00
   outer loop
     vertex  4.575994e-03 -4.210000e-01  1.244463e-03
     vertex  4.227880e-03 -4.210000e-01  1.559568e-03
     vertex  4.707236e-03 -4.210000e-01  1.702976e-03
   endloop
 endfacet
 facet normal  0.000000e+00  1.000000e+00  0.000000e+00
   outer loop
     vertex  4.666884e-03 -4.210000e-01  8.818960e-03
     vertex  4.715737e-03 -4.210000e-01  8.398965e-03
     vertex  4.295137e-03 -4.210000e-01  8.681613e-03
   endloop
 endfacet
 facet normal  0.000000e+00  1.000000e+00  0.000000e+00
   outer loop
     vertex  7.762047e-03 -4.210000e-01  8.251129e-03
     vertex  7.909244e-03 -4.210000e-01  8.746332e-03
     vertex  8.263714e-03 -4.210000e-01  8.423790e-03
   endloop
 endfacet
 facet normal  0.000000e+00  1.000000e+00  0.000000e+00
   outer loop
     vertex  4.285910e-03 -4.210000e-01  8.156074e-03
     vertex  4.295137e-03 -4.210000e-01  8.681613e-03
     vertex  4.715737e-03 -4.210000e-01  8.398965e-03
   endloop
 endfacet
 facet normal  0.000000e+00  1.000000e+00  0.000000e+00
   outer loop
     vertex  3.833117e-03 -4.210000e-01  1.804189e-03
     vertex  3.837690e-03 -4.210000e-01  2.273280e-03
     vertex  4.280135e-03 -4.210000e-01  2.040547e-03
   endloop
 endfacet
 facet normal  0.000000e+00  1.000000e+00 -0.000000e+00
   outer loop
     vertex  4.227880e-03 -4.210000e-01  1.559568e-03
     vertex  3.833117e-03 -4.210000e-01  1.804189e-03
     vertex  4.280135e-03 -4.210000e-01  2.040547e-03
   endloop
 endfacet
 facet normal -0.000000e+00  1.000000e+00  0.000000e+00
   outer loop
     vertex  3.837690e-03 -4.210000e-01  2.273280e-03
     vertex  4.277297e-03 -4.210000e-01  2.509705e-03
     vertex  4.280135e-03 -4.210000e-01  2.040547e-03
   endloop
 endfacet
 facet normal  0.000000e+00  1.000000e+00  0.000000e+00
   outer loop
     vertex  8.230549e-03 -4.210000e-01  7.960346e-03
     vertex  8.679146e-03 -4.210000e-01  7.729156e-03
     vertex  8.210386e-03 -4.210000e-01  7.474433e-03
   endloop
 endfacet
 facet normal  0.000000e+00  1.000000e+00 -0.000000e+00
   outer loop
     vertex  4.318611e-03 -4.210000e-01  3.493803e-03
     vertex  3.884125e-03 -4.210000e-01  3.752117e-03
     vertex  4.332566e-03 -4.210000e-01  3.992644e-03
   endloop
 endfacet
 facet normal  0.000000e+00  1.000000e+00  0.000000e+00
   outer loop
     vertex  3.884125e-03 -4.210000e-01  3.752117e-03
     vertex  3.894868e-03 -4.210000e-01  4.257291e-03
     vertex  4.332566e-03 -4.210000e-01  3.992644e-03
   endloop
 endfacet
 facet normal  0.000000e+00  1.000000e+00  0.000000e+00
   outer loop
     vertex  4.340181e-03 -4.210000e-01  5.004292e-03
     vertex  4.353682e-03 -4.210000e-01  5.508721e-03
     vertex  4.810110e-03 -4.210000e-01  5.251058e-03
   endloop
 endfacet
 facet normal  0.000000e+00  1.000000e+00  0.000000e+00
   outer loop
     vertex  7.214257e-03 -4.210000e-01  8.287205e-03
     vertex  7.762047e-03 -4.210000e-01  8.251129e-03
     vertex  7.423538e-03 -4.210000e-01  7.913126e-03
   endloop
 endfacet
 facet normal  0.000000e+00  1.000000e+00  0.000000e+00
   outer loop
     vertex  8.192621e-03 -4.210000e-01  3.502325e-03
     vertex  8.200379e-03 -4.210000e-01  2.989495e-03
     vertex  7.767131e-03 -4.210000e-01  3.266674e-03
   endloop
 endfacet
 facet normal  0.000000e+00  1.000000e+00  0.000000e+00
   outer loop
     vertex  8.263714e-03 -4.210000e-01  8.423790e-03
     vertex  8.230549e-03 -4.210000e-01  7.960346e-03
     vertex  7.762047e-03 -4.210000e-01  8.251129e-03
   endloop
 endfacet
 facet normal  0.000000e+00  1.000000e+00  0.000000e+00
   outer loop
     vertex  6.458508e-03 -4.210000e-01  1.368138e-03
     vertex  5.958880e-03 -4.210000e-01  1.358560e-03
     vertex  6.199529e-03 -4.210000e-01  1.817482e-03
   endloop
 endfacet
 facet normal  0.000000e+00  1.000000e+00 -0.000000e+00
   outer loop
     vertex  5.958880e-03 -4.210000e-01  1.358560e-03
     vertex  5.704436e-03 -4.210000e-01  1.824747e-03
     vertex  6.199529e-03 -4.210000e-01  1.817482e-03
   endloop
 endfacet
 facet normal  0.000000e+00  1.000000e+00  0.000000e+00
   outer loop
     vertex  4.267772e-03 -4.210000e-01  3.006961e-03
     vertex  4.318611e-03 -4.210000e-01  3.493803e-03
     vertex  4.767539e-03 -4.210000e-01  3.226781e-03
   endloop
 endfacet
 facet normal  0.000000e+00  1.000000e+00 -0.000000e+00
   outer loop
     vertex  4.277297e-03 -4.210000e-01  2.509705e-03
     vertex  4.267772e-03 -4.210000e-01  3.006961e-03
     vertex  4.662025e-03 -4.210000e-01  2.731232e-03
   endloop
 endfacet
 facet normal -0.000000e+00  1.000000e+00  0.000000e+00
   outer loop
     vertex  4.267772e-03 -4.210000e-01  3.006961e-03
     vertex  4.767539e-03 -4.210000e-01  3.226781e-03
     vertex  4.662025e-03 -4.210000e-01  2.731232e-03
   endloop
 endfacet
 facet normal  0.000000e+00  1.000000e+00  0.000000e+00
   outer loop
     vertex  8.202901e-03 -4.210000e-01  6.971967e-03
     vertex  8.177101e-03 -4.210000e-01  6.492845e-03
     vertex  7.712250e-03 -4.210000e-01  6.721028e-03
   endloop
 endfacet
 facet normal  0.000000e+00  1.000000e+00  0.000000e+00
   outer loop
     vertex  8.147385e-03 -4.210000e-01  5.994825e-03
     vertex  8.165425e-03 -4.210000e-01  5.479353e-03
     vertex  7.706208e-03 -4.210000e-01  5.738539e-03
   endloop
 endfacet
 facet normal  0.000000e+00  1.000000e+00  0.000000e+00
   outer loop
     vertex  8.173563e-03 -4.210000e-01  4.493519e-03
     vertex  8.184937e-03 -4.210000e-01  4.007777e-03
     vertex  7.735682e-03 -4.210000e-01  4.244765e-03
   endloop
 endfacet
 facet normal  0.000000e+00  1.000000e+00  0.000000e+00
   outer loop
     vertex  8.210386e-03 -4.210000e-01  7.474433e-03
     vertex  8.202901e-03 -4.210000e-01  6.971967e-03
     vertex  7.745293e-03 -4.210000e-01  7.234960e-03
   endloop
 endfacet
 facet normal  0.000000e+00  1.000000e+00  0.000000e+00
   outer loop
     vertex  8.202901e-03 -4.210000e-01  6.971967e-03
     vertex  7.712250e-03 -4.210000e-01  6.721028e-03
     vertex  7.745293e-03 -4.210000e-01  7.234960e-03
   endloop
 endfacet
 facet normal  0.000000e+00  1.000000e+00 -0.000000e+00
   outer loop
     vertex  4.372315e-03 -4.210000e-01  6.014917e-03
     vertex  4.362114e-03 -4.210000e-01  6.547705e-03
     vertex  4.823675e-03 -4.210000e-01  6.275815e-03
   endloop
 endfacet
 facet normal  0.000000e+00  1.000000e+00 -0.000000e+00
   outer loop
     vertex  4.313234e-03 -4.210000e-01  7.631637e-03
     vertex  4.285910e-03 -4.210000e-01  8.156074e-03
     vertex  4.793746e-03 -4.210000e-01  7.899187e-03
   endloop
 endfacet
 facet normal -0.000000e+00  1.000000e+00  0.000000e+00
   outer loop
     vertex  4.285910e-03 -4.210000e-01  8.156074e-03
     vertex  4.715737e-03 -4.210000e-01  8.398965e-03
     vertex  4.793746e-03 -4.210000e-01  7.899187e-03
   endloop
 endfacet
 facet normal  0.000000e+00  1.000000e+00  0.000000e+00
   outer loop
     vertex  4.353682e-03 -4.210000e-01  5.508721e-03
     vertex  4.372315e-03 -4.210000e-01  6.014917e-03
     vertex  4.822275e-03 -4.210000e-01  5.758737e-03
   endloop
 endfacet
 facet normal -0.000000e+00  1.000000e+00  0.000000e+00
   outer loop
     vertex  4.372315e-03 -4.210000e-01  6.014917e-03
     vertex  4.823675e-03 -4.210000e-01  6.275815e-03
     vertex  4.822275e-03 -4.210000e-01  5.758737e-03
   endloop
 endfacet
 facet normal  0.000000e+00  1.000000e+00  0.000000e+00
   outer loop
     vertex  8.177101e-03 -4.210000e-01  6.492845e-03
     vertex  8.147385e-03 -4.210000e-01  5.994825e-03
     vertex  7.706061e-03 -4.210000e-01  6.237306e-03
   endloop
 endfacet
 facet normal  0.000000e+00  1.000000e+00  0.000000e+00
   outer loop
     vertex  8.147385e-03 -4.210000e-01  5.994825e-03
     vertex  7.706208e-03 -4.210000e-01  5.738539e-03
     vertex  7.706061e-03 -4.210000e-01  6.237306e-03
   endloop
 endfacet
 facet normal  0.000000e+00  1.000000e+00  0.000000e+00
   outer loop
     vertex  8.165408e-03 -4.210000e-01  5.000160e-03
     vertex  8.173563e-03 -4.210000e-01  4.493519e-03
     vertex  7.715914e-03 -4.210000e-01  4.743817e-03
   endloop
 endfacet
 facet normal  0.000000e+00  1.000000e+00  0.000000e+00
   outer loop
     vertex  8.173563e-03 -4.210000e-01  4.493519e-03
     vertex  7.735682e-03 -4.210000e-01  4.244765e-03
     vertex  7.715914e-03 -4.210000e-01  4.743817e-03
   endloop
 endfacet
 facet normal  0.000000e+00  1.000000e+00  0.000000e+00
   outer loop
     vertex  8.184937e-03 -4.210000e-01  4.007777e-03
     vertex  8.192621e-03 -4.210000e-01  3.502325e-03
     vertex  7.749700e-03 -4.210000e-01  3.751817e-03
   endloop
 endfacet
 facet normal  0.000000e+00  1.000000e+00  0.000000e+00
   outer loop
     vertex  8.192621e-03 -4.210000e-01  3.502325e-03
     vertex  7.767131e-03 -4.210000e-01  3.266674e-03
     vertex  7.749700e-03 -4.210000e-01  3.751817e-03
   endloop
 endfacet
 facet normal  0.000000e+00  1.000000e+00  0.000000e+00
   outer loop
     vertex  7.762047e-03 -4.210000e-01  8.251129e-03
     vertex  8.230549e-03 -4.210000e-01  7.960346e-03
     vertex  7.798046e-03 -4.210000e-01  7.713617e-03
   endloop
 endfacet
 facet normal -0.000000e+00  1.000000e+00  0.000000e+00
   outer loop
     vertex  7.423538e-03 -4.210000e-01  7.913126e-03
     vertex  7.762047e-03 -4.210000e-01  8.251129e-03
     vertex  7.798046e-03 -4.210000e-01  7.713617e-03
   endloop
 endfacet
 facet normal  0.000000e+00  1.000000e+00  0.000000e+00
   outer loop
     vertex  8.230549e-03 -4.210000e-01  7.960346e-03
     vertex  8.210386e-03 -4.210000e-01  7.474433e-03
     vertex  7.798046e-03 -4.210000e-01  7.713617e-03
   endloop
 endfacet
 facet normal  0.000000e+00  1.000000e+00  0.000000e+00
   outer loop
     vertex  5.704436e-03 -4.210000e-01  1.824747e-03
     vertex  5.208798e-03 -4.210000e-01  1.782765e-03
     vertex  5.414840e-03 -4.210000e-01  2.301598e-03
   endloop
 endfacet
 facet normal  0.000000e+00  1.000000e+00  0.000000e+00
   outer loop
     vertex  6.689855e-03 -4.210000e-01  1.825413e-03
     vertex  6.458508e-03 -4.210000e-01  1.368138e-03
     vertex  6.199529e-03 -4.210000e-01  1.817482e-03
   endloop
 endfacet
 facet normal  0.000000e+00  1.000000e+00  0.000000e+00
   outer loop
     vertex  8.177101e-03 -4.210000e-01  6.492845e-03
     vertex  7.706061e-03 -4.210000e-01  6.237306e-03
     vertex  7.712250e-03 -4.210000e-01  6.721028e-03
   endloop
 endfacet
 facet normal  0.000000e+00  1.000000e+00  0.000000e+00
   outer loop
     vertex  7.169411e-03 -4.210000e-01  1.811482e-03
     vertex  6.689855e-03 -4.210000e-01  1.825413e-03
     vertex  6.920760e-03 -4.210000e-01  2.259450e-03
   endloop
 endfacet
 facet normal  0.000000e+00  1.000000e+00 -0.000000e+00
   outer loop
     vertex  4.810110e-03 -4.210000e-01  5.251058e-03
     vertex  4.353682e-03 -4.210000e-01  5.508721e-03
     vertex  4.822275e-03 -4.210000e-01  5.758737e-03
   endloop
 endfacet
 facet normal  0.000000e+00  1.000000e+00  0.000000e+00
   outer loop
     vertex  4.335322e-03 -4.210000e-01  4.498613e-03
     vertex  4.340181e-03 -4.210000e-01  5.004292e-03
     vertex  4.787199e-03 -4.210000e-01  4.749234e-03
   endloop
 endfacet
 facet normal -0.000000e+00  1.000000e+00  0.000000e+00
   outer loop
     vertex  4.340181e-03 -4.210000e-01  5.004292e-03
     vertex  4.810110e-03 -4.210000e-01  5.251058e-03
     vertex  4.787199e-03 -4.210000e-01  4.749234e-03
   endloop
 endfacet
 facet normal  0.000000e+00  1.000000e+00 -0.000000e+00
   outer loop
     vertex  4.332566e-03 -4.210000e-01  3.992644e-03
     vertex  3.894868e-03 -4.210000e-01  4.257291e-03
     vertex  4.335322e-03 -4.210000e-01  4.498613e-03
   endloop
 endfacet
 facet normal  0.000000e+00  1.000000e+00  0.000000e+00
   outer loop
     vertex  4.227880e-03 -4.210000e-01  1.559568e-03
     vertex  4.280135e-03 -4.210000e-01  2.040547e-03
     vertex  4.707236e-03 -4.210000e-01  1.702976e-03
   endloop
 endfacet
 facet normal  0.000000e+00  1.000000e+00 -0.000000e+00
   outer loop
     vertex  4.767539e-03 -4.210000e-01  3.226781e-03
     vertex  4.318611e-03 -4.210000e-01  3.493803e-03
     vertex  4.788703e-03 -4.210000e-01  3.718199e-03
   endloop
 endfacet
 facet normal  0.000000e+00  1.000000e+00  0.000000e+00
   outer loop
     vertex  4.318611e-03 -4.210000e-01  3.493803e-03
     vertex  4.332566e-03 -4.210000e-01  3.992644e-03
     vertex  4.788703e-03 -4.210000e-01  3.718199e-03
   endloop
 endfacet
 facet normal  0.000000e+00  1.000000e+00  0.000000e+00
   outer loop
     vertex  4.715737e-03 -4.210000e-01  8.398965e-03
     vertex  5.219714e-03 -4.210000e-01  8.250551e-03
     vertex  4.793746e-03 -4.210000e-01  7.899187e-03
   endloop
 endfacet
 facet normal  0.000000e+00  1.000000e+00  0.000000e+00
   outer loop
     vertex  7.685132e-03 -4.210000e-01  1.828099e-03
     vertex  7.169411e-03 -4.210000e-01  1.811482e-03
     vertex  7.390567e-03 -4.210000e-01  2.252847e-03
   endloop
 endfacet
 facet normal  0.000000e+00  1.000000e+00 -0.000000e+00
   outer loop
     vertex  7.169411e-03 -4.210000e-01  1.811482e-03
     vertex  6.920760e-03 -4.210000e-01  2.259450e-03
     vertex  7.390567e-03 -4.210000e-01  2.252847e-03
   endloop
 endfacet
 facet normal  0.000000e+00  1.000000e+00  0.000000e+00
   outer loop
     vertex  8.173843e-03 -4.210000e-01  1.961428e-03
     vertex  7.685132e-03 -4.210000e-01  1.828099e-03
     vertex  7.817068e-03 -4.210000e-01  2.250448e-03
   endloop
 endfacet
 facet normal  0.000000e+00  1.000000e+00  0.000000e+00
   outer loop
     vertex  8.201655e-03 -4.210000e-01  2.494780e-03
     vertex  8.173843e-03 -4.210000e-01  1.961428e-03
     vertex  7.817068e-03 -4.210000e-01  2.250448e-03
   endloop
 endfacet
 facet normal  0.000000e+00  1.000000e+00 -0.000000e+00
   outer loop
     vertex  7.685132e-03 -4.210000e-01  1.828099e-03
     vertex  7.390567e-03 -4.210000e-01  2.252847e-03
     vertex  7.817068e-03 -4.210000e-01  2.250448e-03
   endloop
 endfacet
 facet normal  0.000000e+00  1.000000e+00  0.000000e+00
   outer loop
     vertex  5.208798e-03 -4.210000e-01  1.782765e-03
     vertex  4.707236e-03 -4.210000e-01  1.702976e-03
     vertex  4.809405e-03 -4.210000e-01  2.274270e-03
   endloop
 endfacet
 facet normal  0.000000e+00  1.000000e+00  0.000000e+00
   outer loop
     vertex  5.414840e-03 -4.210000e-01  2.301598e-03
     vertex  5.208798e-03 -4.210000e-01  1.782765e-03
     vertex  4.809405e-03 -4.210000e-01  2.274270e-03
   endloop
 endfacet
 facet normal  0.000000e+00  1.000000e+00 -0.000000e+00
   outer loop
     vertex  4.707236e-03 -4.210000e-01  1.702976e-03
     vertex  4.280135e-03 -4.210000e-01  2.040547e-03
     vertex  4.809405e-03 -4.210000e-01  2.274270e-03
   endloop
 endfacet
 facet normal  0.000000e+00  1.000000e+00  0.000000e+00
   outer loop
     vertex  5.219714e-03 -4.210000e-01  8.250551e-03
     vertex  5.720212e-03 -4.210000e-01  8.212227e-03
     vertex  5.392645e-03 -4.210000e-01  7.690666e-03
   endloop
 endfacet
 facet normal  0.000000e+00  1.000000e+00  0.000000e+00
   outer loop
     vertex  8.184937e-03 -4.210000e-01  4.007777e-03
     vertex  7.749700e-03 -4.210000e-01  3.751817e-03
     vertex  7.735682e-03 -4.210000e-01  4.244765e-03
   endloop
 endfacet
 facet normal  0.000000e+00  1.000000e+00  0.000000e+00
   outer loop
     vertex  8.210386e-03 -4.210000e-01  7.474433e-03
     vertex  7.745293e-03 -4.210000e-01  7.234960e-03
     vertex  7.798046e-03 -4.210000e-01  7.713617e-03
   endloop
 endfacet
 facet normal  0.000000e+00  1.000000e+00  0.000000e+00
   outer loop
     vertex  7.706208e-03 -4.210000e-01  5.738539e-03
     vertex  8.165425e-03 -4.210000e-01  5.479353e-03
     vertex  7.708283e-03 -4.210000e-01  5.240287e-03
   endloop
 endfacet
 facet normal  0.000000e+00  1.000000e+00  0.000000e+00
   outer loop
     vertex  8.165425e-03 -4.210000e-01  5.479353e-03
     vertex  8.165408e-03 -4.210000e-01  5.000160e-03
     vertex  7.708283e-03 -4.210000e-01  5.240287e-03
   endloop
 endfacet
 facet normal  0.000000e+00  1.000000e+00  0.000000e+00
   outer loop
     vertex  8.200379e-03 -4.210000e-01  2.989495e-03
     vertex  8.201655e-03 -4.210000e-01  2.494780e-03
     vertex  7.698332e-03 -4.210000e-01  2.700407e-03
   endloop
 endfacet
 facet normal  0.000000e+00  1.000000e+00  0.000000e+00
   outer loop
     vertex  7.767131e-03 -4.210000e-01  3.266674e-03
     vertex  8.200379e-03 -4.210000e-01  2.989495e-03
     vertex  7.698332e-03 -4.210000e-01  2.700407e-03
   endloop
 endfacet
 facet normal  0.000000e+00  1.000000e+00  0.000000e+00
   outer loop
     vertex  8.201655e-03 -4.210000e-01  2.494780e-03
     vertex  7.817068e-03 -4.210000e-01  2.250448e-03
     vertex  7.698332e-03 -4.210000e-01  2.700407e-03
   endloop
 endfacet
 facet normal  0.000000e+00  1.000000e+00  0.000000e+00
   outer loop
     vertex  4.823675e-03 -4.210000e-01  6.275815e-03
     vertex  4.362114e-03 -4.210000e-01  6.547705e-03
     vertex  4.821008e-03 -4.210000e-01  6.808141e-03
   endloop
 endfacet
 facet normal  0.000000e+00  1.000000e+00 -0.000000e+00
   outer loop
     vertex  4.362114e-03 -4.210000e-01  6.547705e-03
     vertex  4.352562e-03 -4.210000e-01  7.071922e-03
     vertex  4.821008e-03 -4.210000e-01  6.808141e-03
   endloop
 endfacet
 facet normal  0.000000e+00  1.000000e+00 -0.000000e+00
   outer loop
     vertex  4.280135e-03 -4.210000e-01  2.040547e-03
     vertex  4.277297e-03 -4.210000e-01  2.509705e-03
     vertex  4.809405e-03 -4.210000e-01  2.274270e-03
   endloop
 endfacet
 facet normal  0.000000e+00  1.000000e+00 -0.000000e+00
   outer loop
     vertex  4.352562e-03 -4.210000e-01  7.071922e-03
     vertex  4.313234e-03 -4.210000e-01  7.631637e-03
     vertex  4.834346e-03 -4.210000e-01  7.342444e-03
   endloop
 endfacet
 facet normal  0.000000e+00  1.000000e+00 -0.000000e+00
   outer loop
     vertex  4.821008e-03 -4.210000e-01  6.808141e-03
     vertex  4.352562e-03 -4.210000e-01  7.071922e-03
     vertex  4.834346e-03 -4.210000e-01  7.342444e-03
   endloop
 endfacet
 facet normal -0.000000e+00  1.000000e+00  0.000000e+00
   outer loop
     vertex  4.313234e-03 -4.210000e-01  7.631637e-03
     vertex  4.793746e-03 -4.210000e-01  7.899187e-03
     vertex  4.834346e-03 -4.210000e-01  7.342444e-03
   endloop
 endfacet
 facet normal -0.000000e+00  1.000000e+00  0.000000e+00
   outer loop
     vertex  6.725472e-03 -4.210000e-01  8.265225e-03
     vertex  7.214257e-03 -4.210000e-01  8.287205e-03
     vertex  6.994904e-03 -4.210000e-01  7.833502e-03
   endloop
 endfacet
 facet normal  0.000000e+00  1.000000e+00  0.000000e+00
   outer loop
     vertex  7.214257e-03 -4.210000e-01  8.287205e-03
     vertex  7.423538e-03 -4.210000e-01  7.913126e-03
     vertex  6.994904e-03 -4.210000e-01  7.833502e-03
   endloop
 endfacet
 facet normal  0.000000e+00  1.000000e+00  0.000000e+00
   outer loop
     vertex  5.392645e-03 -4.210000e-01  7.690666e-03
     vertex  5.720212e-03 -4.210000e-01  8.212227e-03
     vertex  5.973693e-03 -4.210000e-01  7.784278e-03
   endloop
 endfacet
 facet normal -0.000000e+00  1.000000e+00  0.000000e+00
   outer loop
     vertex  5.720212e-03 -4.210000e-01  8.212227e-03
     vertex  6.228455e-03 -4.210000e-01  8.236058e-03
     vertex  5.973693e-03 -4.210000e-01  7.784278e-03
   endloop
 endfacet
 facet normal  0.000000e+00  1.000000e+00  0.000000e+00
   outer loop
     vertex  7.708283e-03 -4.210000e-01  5.240287e-03
     vertex  8.165408e-03 -4.210000e-01  5.000160e-03
     vertex  7.715914e-03 -4.210000e-01  4.743817e-03
   endloop
 endfacet
 facet normal  0.000000e+00  1.000000e+00  0.000000e+00
   outer loop
     vertex  4.809405e-03 -4.210000e-01  2.274270e-03
     vertex  4.277297e-03 -4.210000e-01  2.509705e-03
     vertex  4.662025e-03 -4.210000e-01  2.731232e-03
   endloop
 endfacet
 facet normal -0.000000e+00  1.000000e+00  0.000000e+00
   outer loop
     vertex  6.228455e-03 -4.210000e-01  8.236058e-03
     vertex  6.725472e-03 -4.210000e-01  8.265225e-03
     vertex  6.488228e-03 -4.210000e-01  7.821858e-03
   endloop
 endfacet
 facet normal  0.000000e+00  1.000000e+00  0.000000e+00
   outer loop
     vertex  5.973693e-03 -4.210000e-01  7.784278e-03
     vertex  6.228455e-03 -4.210000e-01  8.236058e-03
     vertex  6.488228e-03 -4.210000e-01  7.821858e-03
   endloop
 endfacet
 facet normal  0.000000e+00  1.000000e+00  0.000000e+00
   outer loop
     vertex  6.725472e-03 -4.210000e-01  8.265225e-03
     vertex  6.994904e-03 -4.210000e-01  7.833502e-03
     vertex  6.488228e-03 -4.210000e-01  7.821858e-03
   endloop
 endfacet
 facet normal  0.000000e+00  1.000000e+00  0.000000e+00
   outer loop
     vertex  6.920760e-03 -4.210000e-01  2.259450e-03
     vertex  6.689855e-03 -4.210000e-01  1.825413e-03
     vertex  6.440409e-03 -4.210000e-01  2.285118e-03
   endloop
 endfacet
 facet normal  0.000000e+00  1.000000e+00  0.000000e+00
   outer loop
     vertex  6.689855e-03 -4.210000e-01  1.825413e-03
     vertex  6.199529e-03 -4.210000e-01  1.817482e-03
     vertex  6.440409e-03 -4.210000e-01  2.285118e-03
   endloop
 endfacet
 facet normal  0.000000e+00  1.000000e+00  0.000000e+00
   outer loop
     vertex  4.810110e-03 -4.210000e-01  5.251058e-03
     vertex  4.822275e-03 -4.210000e-01  5.758737e-03
     vertex  5.294020e-03 -4.210000e-01  5.493394e-03
   endloop
 endfacet
 facet normal -0.000000e+00  1.000000e+00  0.000000e+00
   outer loop
     vertex  4.793746e-03 -4.210000e-01  7.899187e-03
     vertex  5.219714e-03 -4.210000e-01  8.250551e-03
     vertex  5.392645e-03 -4.210000e-01  7.690666e-03
   endloop
 endfacet
 facet normal  0.000000e+00  1.000000e+00  0.000000e+00
   outer loop
     vertex  7.423538e-03 -4.210000e-01  7.913126e-03
     vertex  7.798046e-03 -4.210000e-01  7.713617e-03
     vertex  7.329349e-03 -4.210000e-01  7.479244e-03
   endloop
 endfacet
 facet normal  0.000000e+00  1.000000e+00  0.000000e+00
   outer loop
     vertex  7.798046e-03 -4.210000e-01  7.713617e-03
     vertex  7.745293e-03 -4.210000e-01  7.234960e-03
     vertex  7.329349e-03 -4.210000e-01  7.479244e-03
   endloop
 endfacet
 facet normal  0.000000e+00  1.000000e+00  0.000000e+00
   outer loop
     vertex  6.199529e-03 -4.210000e-01  1.817482e-03
     vertex  5.704436e-03 -4.210000e-01  1.824747e-03
     vertex  5.921681e-03 -4.210000e-01  2.303523e-03
   endloop
 endfacet
 facet normal  0.000000e+00  1.000000e+00  0.000000e+00
   outer loop
     vertex  6.440409e-03 -4.210000e-01  2.285118e-03
     vertex  6.199529e-03 -4.210000e-01  1.817482e-03
     vertex  5.921681e-03 -4.210000e-01  2.303523e-03
   endloop
 endfacet
 facet normal  0.000000e+00  1.000000e+00 -0.000000e+00
   outer loop
     vertex  5.704436e-03 -4.210000e-01  1.824747e-03
     vertex  5.414840e-03 -4.210000e-01  2.301598e-03
     vertex  5.921681e-03 -4.210000e-01  2.303523e-03
   endloop
 endfacet
 facet normal  0.000000e+00  1.000000e+00 -0.000000e+00
   outer loop
     vertex  4.809405e-03 -4.210000e-01  2.274270e-03
     vertex  4.662025e-03 -4.210000e-01  2.731232e-03
     vertex  5.132404e-03 -4.210000e-01  2.765095e-03
   endloop
 endfacet
 facet normal  0.000000e+00  1.000000e+00  0.000000e+00
   outer loop
     vertex  5.414840e-03 -4.210000e-01  2.301598e-03
     vertex  4.809405e-03 -4.210000e-01  2.274270e-03
     vertex  5.132404e-03 -4.210000e-01  2.765095e-03
   endloop
 endfacet
 facet normal  0.000000e+00  1.000000e+00  0.000000e+00
   outer loop
     vertex  4.662025e-03 -4.210000e-01  2.731232e-03
     vertex  4.767539e-03 -4.210000e-01  3.226781e-03
     vertex  5.132404e-03 -4.210000e-01  2.765095e-03
   endloop
 endfacet
 facet normal  0.000000e+00  1.000000e+00  0.000000e+00
   outer loop
     vertex  7.735682e-03 -4.210000e-01  4.244765e-03
     vertex  7.749700e-03 -4.210000e-01  3.751817e-03
     vertex  7.283476e-03 -4.210000e-01  3.968716e-03
   endloop
 endfacet
 facet normal  0.000000e+00  1.000000e+00  0.000000e+00
   outer loop
     vertex  7.708283e-03 -4.210000e-01  5.240287e-03
     vertex  7.715914e-03 -4.210000e-01  4.743817e-03
     vertex  7.248833e-03 -4.210000e-01  4.988214e-03
   endloop
 endfacet
 facet normal  0.000000e+00  1.000000e+00  0.000000e+00
   outer loop
     vertex  7.706061e-03 -4.210000e-01  6.237306e-03
     vertex  7.706208e-03 -4.210000e-01  5.738539e-03
     vertex  7.245758e-03 -4.210000e-01  5.988908e-03
   endloop
 endfacet
 facet normal  0.000000e+00  1.000000e+00  0.000000e+00
   outer loop
     vertex  7.715914e-03 -4.210000e-01  4.743817e-03
     vertex  7.735682e-03 -4.210000e-01  4.244765e-03
     vertex  7.257779e-03 -4.210000e-01  4.486919e-03
   endloop
 endfacet
 facet normal  0.000000e+00  1.000000e+00  0.000000e+00
   outer loop
     vertex  7.735682e-03 -4.210000e-01  4.244765e-03
     vertex  7.283476e-03 -4.210000e-01  3.968716e-03
     vertex  7.257779e-03 -4.210000e-01  4.486919e-03
   endloop
 endfacet
 facet normal  0.000000e+00  1.000000e+00  0.000000e+00
   outer loop
     vertex  7.712250e-03 -4.210000e-01  6.721028e-03
     vertex  7.706061e-03 -4.210000e-01  6.237306e-03
     vertex  7.247022e-03 -4.210000e-01  6.490873e-03
   endloop
 endfacet
 facet normal  0.000000e+00  1.000000e+00  0.000000e+00
   outer loop
     vertex  7.706061e-03 -4.210000e-01  6.237306e-03
     vertex  7.245758e-03 -4.210000e-01  5.988908e-03
     vertex  7.247022e-03 -4.210000e-01  6.490873e-03
   endloop
 endfacet
 facet normal  0.000000e+00  1.000000e+00  0.000000e+00
   outer loop
     vertex  7.706208e-03 -4.210000e-01  5.738539e-03
     vertex  7.708283e-03 -4.210000e-01  5.240287e-03
     vertex  7.249034e-03 -4.210000e-01  5.487056e-03
   endloop
 endfacet
 facet normal  0.000000e+00  1.000000e+00  0.000000e+00
   outer loop
     vertex  7.708283e-03 -4.210000e-01  5.240287e-03
     vertex  7.248833e-03 -4.210000e-01  4.988214e-03
     vertex  7.249034e-03 -4.210000e-01  5.487056e-03
   endloop
 endfacet
 facet normal  0.000000e+00  1.000000e+00  0.000000e+00
   outer loop
     vertex  4.332566e-03 -4.210000e-01  3.992644e-03
     vertex  4.335322e-03 -4.210000e-01  4.498613e-03
     vertex  4.775682e-03 -4.210000e-01  4.237274e-03
   endloop
 endfacet
 facet normal -0.000000e+00  1.000000e+00  0.000000e+00
   outer loop
     vertex  4.335322e-03 -4.210000e-01  4.498613e-03
     vertex  4.787199e-03 -4.210000e-01  4.749234e-03
     vertex  4.775682e-03 -4.210000e-01  4.237274e-03
   endloop
 endfacet
 facet normal  0.000000e+00  1.000000e+00 -0.000000e+00
   outer loop
     vertex  5.294020e-03 -4.210000e-01  5.493394e-03
     vertex  4.822275e-03 -4.210000e-01  5.758737e-03
     vertex  5.298546e-03 -4.210000e-01  6.004663e-03
   endloop
 endfacet
 facet normal  0.000000e+00  1.000000e+00  0.000000e+00
   outer loop
     vertex  4.822275e-03 -4.210000e-01  5.758737e-03
     vertex  4.823675e-03 -4.210000e-01  6.275815e-03
     vertex  5.298546e-03 -4.210000e-01  6.004663e-03
   endloop
 endfacet
 facet normal  0.000000e+00  1.000000e+00 -0.000000e+00
   outer loop
     vertex  5.318228e-03 -4.210000e-01  7.090901e-03
     vertex  4.834346e-03 -4.210000e-01  7.342444e-03
     vertex  5.392645e-03 -4.210000e-01  7.690666e-03
   endloop
 endfacet
 facet normal  0.000000e+00  1.000000e+00  0.000000e+00
   outer loop
     vertex  4.787199e-03 -4.210000e-01  4.749234e-03
     vertex  4.810110e-03 -4.210000e-01  5.251058e-03
     vertex  5.276865e-03 -4.210000e-01  4.985986e-03
   endloop
 endfacet
 facet normal -0.000000e+00  1.000000e+00  0.000000e+00
   outer loop
     vertex  4.810110e-03 -4.210000e-01  5.251058e-03
     vertex  5.294020e-03 -4.210000e-01  5.493394e-03
     vertex  5.276865e-03 -4.210000e-01  4.985986e-03
   endloop
 endfacet
 facet normal  0.000000e+00  1.000000e+00 -0.000000e+00
   outer loop
     vertex  5.414840e-03 -4.210000e-01  2.301598e-03
     vertex  5.132404e-03 -4.210000e-01  2.765095e-03
     vertex  5.646724e-03 -4.210000e-01  2.793691e-03
   endloop
 endfacet
 facet normal  0.000000e+00  1.000000e+00  0.000000e+00
   outer loop
     vertex  5.921681e-03 -4.210000e-01  2.303523e-03
     vertex  5.414840e-03 -4.210000e-01  2.301598e-03
     vertex  5.646724e-03 -4.210000e-01  2.793691e-03
   endloop
 endfacet
 facet normal  0.000000e+00  1.000000e+00  0.000000e+00
   outer loop
     vertex  7.423538e-03 -4.210000e-01  7.913126e-03
     vertex  7.329349e-03 -4.210000e-01  7.479244e-03
     vertex  6.994904e-03 -4.210000e-01  7.833502e-03
   endloop
 endfacet
 facet normal  0.000000e+00  1.000000e+00  0.000000e+00
   outer loop
     vertex  4.788703e-03 -4.210000e-01  3.718199e-03
     vertex  4.332566e-03 -4.210000e-01  3.992644e-03
     vertex  4.775682e-03 -4.210000e-01  4.237274e-03
   endloop
 endfacet
 facet normal  0.000000e+00  1.000000e+00  0.000000e+00
   outer loop
     vertex  7.245758e-03 -4.210000e-01  5.988908e-03
     vertex  7.706208e-03 -4.210000e-01  5.738539e-03
     vertex  7.249034e-03 -4.210000e-01  5.487056e-03
   endloop
 endfacet
 facet normal  0.000000e+00  1.000000e+00  0.000000e+00
   outer loop
     vertex  7.390567e-03 -4.210000e-01  2.252847e-03
     vertex  6.920760e-03 -4.210000e-01  2.259450e-03
     vertex  7.168675e-03 -4.210000e-01  2.676951e-03
   endloop
 endfacet
 facet normal  0.000000e+00  1.000000e+00  0.000000e+00
   outer loop
     vertex  7.248833e-03 -4.210000e-01  4.988214e-03
     vertex  7.715914e-03 -4.210000e-01  4.743817e-03
     vertex  7.257779e-03 -4.210000e-01  4.486919e-03
   endloop
 endfacet
 facet normal  0.000000e+00  1.000000e+00  0.000000e+00
   outer loop
     vertex  7.283476e-03 -4.210000e-01  3.968716e-03
     vertex  7.749700e-03 -4.210000e-01  3.751817e-03
     vertex  7.328699e-03 -4.210000e-01  3.490110e-03
   endloop
 endfacet
 facet normal  0.000000e+00  1.000000e+00  0.000000e+00
   outer loop
     vertex  7.749700e-03 -4.210000e-01  3.751817e-03
     vertex  7.767131e-03 -4.210000e-01  3.266674e-03
     vertex  7.328699e-03 -4.210000e-01  3.490110e-03
   endloop
 endfacet
 facet normal  0.000000e+00  1.000000e+00  0.000000e+00
   outer loop
     vertex  4.767539e-03 -4.210000e-01  3.226781e-03
     vertex  4.788703e-03 -4.210000e-01  3.718199e-03
     vertex  5.322285e-03 -4.210000e-01  3.386292e-03
   endloop
 endfacet
 facet normal  0.000000e+00  1.000000e+00  0.000000e+00
   outer loop
     vertex  7.745293e-03 -4.210000e-01  7.234960e-03
     vertex  7.712250e-03 -4.210000e-01  6.721028e-03
     vertex  7.265965e-03 -4.210000e-01  6.993851e-03
   endloop
 endfacet
 facet normal  0.000000e+00  1.000000e+00  0.000000e+00
   outer loop
     vertex  7.712250e-03 -4.210000e-01  6.721028e-03
     vertex  7.247022e-03 -4.210000e-01  6.490873e-03
     vertex  7.265965e-03 -4.210000e-01  6.993851e-03
   endloop
 endfacet
 facet normal  0.000000e+00  1.000000e+00  0.000000e+00
   outer loop
     vertex  4.793746e-03 -4.210000e-01  7.899187e-03
     vertex  5.392645e-03 -4.210000e-01  7.690666e-03
     vertex  4.834346e-03 -4.210000e-01  7.342444e-03
   endloop
 endfacet
 facet normal -0.000000e+00  1.000000e+00  0.000000e+00
   outer loop
     vertex  4.767539e-03 -4.210000e-01  3.226781e-03
     vertex  5.322285e-03 -4.210000e-01  3.386292e-03
     vertex  5.132404e-03 -4.210000e-01  2.765095e-03
   endloop
 endfacet
 facet normal  0.000000e+00  1.000000e+00  0.000000e+00
   outer loop
     vertex  5.298546e-03 -4.210000e-01  6.004663e-03
     vertex  4.823675e-03 -4.210000e-01  6.275815e-03
     vertex  5.297529e-03 -4.210000e-01  6.516915e-03
   endloop
 endfacet
 facet normal  0.000000e+00  1.000000e+00 -0.000000e+00
   outer loop
     vertex  4.823675e-03 -4.210000e-01  6.275815e-03
     vertex  4.821008e-03 -4.210000e-01  6.808141e-03
     vertex  5.297529e-03 -4.210000e-01  6.516915e-03
   endloop
 endfacet
 facet normal  0.000000e+00  1.000000e+00  0.000000e+00
   outer loop
     vertex  5.318228e-03 -4.210000e-01  7.090901e-03
     vertex  5.392645e-03 -4.210000e-01  7.690666e-03
     vertex  5.830628e-03 -4.210000e-01  7.288101e-03
   endloop
 endfacet
 facet normal -0.000000e+00  1.000000e+00  0.000000e+00
   outer loop
     vertex  5.392645e-03 -4.210000e-01  7.690666e-03
     vertex  5.973693e-03 -4.210000e-01  7.784278e-03
     vertex  5.830628e-03 -4.210000e-01  7.288101e-03
   endloop
 endfacet
 facet normal  0.000000e+00  1.000000e+00  0.000000e+00
   outer loop
     vertex  7.168675e-03 -4.210000e-01  2.676951e-03
     vertex  6.920760e-03 -4.210000e-01  2.259450e-03
     vertex  6.694156e-03 -4.210000e-01  2.720721e-03
   endloop
 endfacet
 facet normal  0.000000e+00  1.000000e+00  0.000000e+00
   outer loop
     vertex  6.920760e-03 -4.210000e-01  2.259450e-03
     vertex  6.440409e-03 -4.210000e-01  2.285118e-03
     vertex  6.694156e-03 -4.210000e-01  2.720721e-03
   endloop
 endfacet
 facet normal  0.000000e+00  1.000000e+00  0.000000e+00
   outer loop
     vertex  7.328699e-03 -4.210000e-01  3.490110e-03
     vertex  7.767131e-03 -4.210000e-01  3.266674e-03
     vertex  7.389209e-03 -4.210000e-01  3.052020e-03
   endloop
 endfacet
 facet normal  0.000000e+00  1.000000e+00  0.000000e+00
   outer loop
     vertex  7.767131e-03 -4.210000e-01  3.266674e-03
     vertex  7.698332e-03 -4.210000e-01  2.700407e-03
     vertex  7.389209e-03 -4.210000e-01  3.052020e-03
   endloop
 endfacet
 facet normal  0.000000e+00  1.000000e+00  0.000000e+00
   outer loop
     vertex  7.745293e-03 -4.210000e-01  7.234960e-03
     vertex  7.265965e-03 -4.210000e-01  6.993851e-03
     vertex  7.329349e-03 -4.210000e-01  7.479244e-03
   endloop
 endfacet
 facet normal  0.000000e+00  1.000000e+00  0.000000e+00
   outer loop
     vertex  6.994904e-03 -4.210000e-01  7.833502e-03
     vertex  7.329349e-03 -4.210000e-01  7.479244e-03
     vertex  6.800873e-03 -4.210000e-01  7.305474e-03
   endloop
 endfacet
 facet normal  0.000000e+00  1.000000e+00  0.000000e+00
   outer loop
     vertex  7.257779e-03 -4.210000e-01  4.486919e-03
     vertex  7.283476e-03 -4.210000e-01  3.968716e-03
     vertex  6.817584e-03 -4.210000e-01  4.191018e-03
   endloop
 endfacet
 facet normal  0.000000e+00  1.000000e+00  0.000000e+00
   outer loop
     vertex  5.646724e-03 -4.210000e-01  2.793691e-03
     vertex  5.132404e-03 -4.210000e-01  2.765095e-03
     vertex  5.322285e-03 -4.210000e-01  3.386292e-03
   endloop
 endfacet
 facet normal  0.000000e+00  1.000000e+00  0.000000e+00
   outer loop
     vertex  4.834346e-03 -4.210000e-01  7.342444e-03
     vertex  5.318228e-03 -4.210000e-01  7.090901e-03
     vertex  4.821008e-03 -4.210000e-01  6.808141e-03
   endloop
 endfacet
 facet normal  0.000000e+00  1.000000e+00  0.000000e+00
   outer loop
     vertex  7.248833e-03 -4.210000e-01  4.988214e-03
     vertex  7.257779e-03 -4.210000e-01  4.486919e-03
     vertex  6.787790e-03 -4.210000e-01  4.725157e-03
   endloop
 endfacet
 facet normal  0.000000e+00  1.000000e+00  0.000000e+00
   outer loop
     vertex  7.257779e-03 -4.210000e-01  4.486919e-03
     vertex  6.817584e-03 -4.210000e-01  4.191018e-03
     vertex  6.787790e-03 -4.210000e-01  4.725157e-03
   endloop
 endfacet
 facet normal  0.000000e+00  1.000000e+00  0.000000e+00
   outer loop
     vertex  5.322285e-03 -4.210000e-01  3.386292e-03
     vertex  4.788703e-03 -4.210000e-01  3.718199e-03
     vertex  5.213178e-03 -4.210000e-01  3.965023e-03
   endloop
 endfacet
 facet normal  0.000000e+00  1.000000e+00 -0.000000e+00
   outer loop
     vertex  4.788703e-03 -4.210000e-01  3.718199e-03
     vertex  4.775682e-03 -4.210000e-01  4.237274e-03
     vertex  5.213178e-03 -4.210000e-01  3.965023e-03
   endloop
 endfacet
 facet normal  0.000000e+00  1.000000e+00  0.000000e+00
   outer loop
     vertex  7.245758e-03 -4.210000e-01  5.988908e-03
     vertex  7.249034e-03 -4.210000e-01  5.487056e-03
     vertex  6.794194e-03 -4.210000e-01  5.722420e-03
   endloop
 endfacet
 facet normal  0.000000e+00  1.000000e+00  0.000000e+00
   outer loop
     vertex  6.440409e-03 -4.210000e-01  2.285118e-03
     vertex  5.921681e-03 -4.210000e-01  2.303523e-03
     vertex  6.188168e-03 -4.210000e-01  2.747029e-03
   endloop
 endfacet
 facet normal  0.000000e+00  1.000000e+00 -0.000000e+00
   outer loop
     vertex  5.921681e-03 -4.210000e-01  2.303523e-03
     vertex  5.646724e-03 -4.210000e-01  2.793691e-03
     vertex  6.188168e-03 -4.210000e-01  2.747029e-03
   endloop
 endfacet
 facet normal  0.000000e+00  1.000000e+00  0.000000e+00
   outer loop
     vertex  7.329349e-03 -4.210000e-01  7.479244e-03
     vertex  7.265965e-03 -4.210000e-01  6.993851e-03
     vertex  6.800873e-03 -4.210000e-01  7.305474e-03
   endloop
 endfacet
 facet normal -0.000000e+00  1.000000e+00  0.000000e+00
   outer loop
     vertex  4.821008e-03 -4.210000e-01  6.808141e-03
     vertex  5.318228e-03 -4.210000e-01  7.090901e-03
     vertex  5.297529e-03 -4.210000e-01  6.516915e-03
   endloop
 endfacet
 facet normal  0.000000e+00  1.000000e+00  0.000000e+00
   outer loop
     vertex  7.247022e-03 -4.210000e-01  6.490873e-03
     vertex  7.245758e-03 -4.210000e-01  5.988908e-03
     vertex  6.773402e-03 -4.210000e-01  6.247513e-03
   endloop
 endfacet
 facet normal  0.000000e+00  1.000000e+00  0.000000e+00
   outer loop
     vertex  7.245758e-03 -4.210000e-01  5.988908e-03
     vertex  6.794194e-03 -4.210000e-01  5.722420e-03
     vertex  6.773402e-03 -4.210000e-01  6.247513e-03
   endloop
 endfacet
 facet normal  0.000000e+00  1.000000e+00  0.000000e+00
   outer loop
     vertex  7.249034e-03 -4.210000e-01  5.487056e-03
     vertex  7.248833e-03 -4.210000e-01  4.988214e-03
     vertex  6.771820e-03 -4.210000e-01  5.233821e-03
   endloop
 endfacet
 facet normal  0.000000e+00  1.000000e+00  0.000000e+00
   outer loop
     vertex  7.248833e-03 -4.210000e-01  4.988214e-03
     vertex  6.787790e-03 -4.210000e-01  4.725157e-03
     vertex  6.771820e-03 -4.210000e-01  5.233821e-03
   endloop
 endfacet
 facet normal  0.000000e+00  1.000000e+00  0.000000e+00
   outer loop
     vertex  4.775682e-03 -4.210000e-01  4.237274e-03
     vertex  4.787199e-03 -4.210000e-01  4.749234e-03
     vertex  5.213379e-03 -4.210000e-01  4.495976e-03
   endloop
 endfacet
 facet normal -0.000000e+00  1.000000e+00  0.000000e+00
   outer loop
     vertex  4.787199e-03 -4.210000e-01  4.749234e-03
     vertex  5.276865e-03 -4.210000e-01  4.985986e-03
     vertex  5.213379e-03 -4.210000e-01  4.495976e-03
   endloop
 endfacet
 facet normal  0.000000e+00  1.000000e+00  0.000000e+00
   outer loop
     vertex  5.294020e-03 -4.210000e-01  5.493394e-03
     vertex  5.298546e-03 -4.210000e-01  6.004663e-03
     vertex  5.784115e-03 -4.210000e-01  5.737158e-03
   endloop
 endfacet
 facet normal  0.000000e+00  1.000000e+00 -0.000000e+00
   outer loop
     vertex  5.646724e-03 -4.210000e-01  2.793691e-03
     vertex  5.322285e-03 -4.210000e-01  3.386292e-03
     vertex  5.915394e-03 -4.210000e-01  3.325413e-03
   endloop
 endfacet
 facet normal  0.000000e+00  1.000000e+00  0.000000e+00
   outer loop
     vertex  6.694156e-03 -4.210000e-01  2.720721e-03
     vertex  6.440409e-03 -4.210000e-01  2.285118e-03
     vertex  6.188168e-03 -4.210000e-01  2.747029e-03
   endloop
 endfacet
 facet normal  0.000000e+00  1.000000e+00  0.000000e+00
   outer loop
     vertex  6.188168e-03 -4.210000e-01  2.747029e-03
     vertex  5.646724e-03 -4.210000e-01  2.793691e-03
     vertex  5.915394e-03 -4.210000e-01  3.325413e-03
   endloop
 endfacet
 facet normal  0.000000e+00  1.000000e+00  0.000000e+00
   outer loop
     vertex  6.800873e-03 -4.210000e-01  7.305474e-03
     vertex  7.265965e-03 -4.210000e-01  6.993851e-03
     vertex  6.783213e-03 -4.210000e-01  6.758958e-03
   endloop
 endfacet
 facet normal  0.000000e+00  1.000000e+00  0.000000e+00
   outer loop
     vertex  7.265965e-03 -4.210000e-01  6.993851e-03
     vertex  7.247022e-03 -4.210000e-01  6.490873e-03
     vertex  6.783213e-03 -4.210000e-01  6.758958e-03
   endloop
 endfacet
 facet normal  0.000000e+00  1.000000e+00  0.000000e+00
   outer loop
     vertex  6.994904e-03 -4.210000e-01  7.833502e-03
     vertex  6.800873e-03 -4.210000e-01  7.305474e-03
     vertex  6.488228e-03 -4.210000e-01  7.821858e-03
   endloop
 endfacet
 facet normal  0.000000e+00  1.000000e+00  0.000000e+00
   outer loop
     vertex  7.389209e-03 -4.210000e-01  3.052020e-03
     vertex  7.698332e-03 -4.210000e-01  2.700407e-03
     vertex  7.168675e-03 -4.210000e-01  2.676951e-03
   endloop
 endfacet
 facet normal -0.000000e+00  1.000000e+00  0.000000e+00
   outer loop
     vertex  5.973693e-03 -4.210000e-01  7.784278e-03
     vertex  6.488228e-03 -4.210000e-01  7.821858e-03
     vertex  6.268558e-03 -4.210000e-01  7.430719e-03
   endloop
 endfacet
 facet normal  0.000000e+00  1.000000e+00  0.000000e+00
   outer loop
     vertex  5.830628e-03 -4.210000e-01  7.288101e-03
     vertex  5.973693e-03 -4.210000e-01  7.784278e-03
     vertex  6.268558e-03 -4.210000e-01  7.430719e-03
   endloop
 endfacet
 facet normal  0.000000e+00  1.000000e+00  0.000000e+00
   outer loop
     vertex  6.488228e-03 -4.210000e-01  7.821858e-03
     vertex  6.800873e-03 -4.210000e-01  7.305474e-03
     vertex  6.268558e-03 -4.210000e-01  7.430719e-03
   endloop
 endfacet
 facet normal  0.000000e+00  1.000000e+00 -0.000000e+00
   outer loop
     vertex  5.213178e-03 -4.210000e-01  3.965023e-03
     vertex  4.775682e-03 -4.210000e-01  4.237274e-03
     vertex  5.213379e-03 -4.210000e-01  4.495976e-03
   endloop
 endfacet
 facet normal  0.000000e+00  1.000000e+00  0.000000e+00
   outer loop
     vertex  6.817584e-03 -4.210000e-01  4.191018e-03
     vertex  7.283476e-03 -4.210000e-01  3.968716e-03
     vertex  6.858886e-03 -4.210000e-01  3.660229e-03
   endloop
 endfacet
 facet normal  0.000000e+00  1.000000e+00  0.000000e+00
   outer loop
     vertex  7.283476e-03 -4.210000e-01  3.968716e-03
     vertex  7.328699e-03 -4.210000e-01  3.490110e-03
     vertex  6.858886e-03 -4.210000e-01  3.660229e-03
   endloop
 endfacet
 facet normal  0.000000e+00  1.000000e+00  0.000000e+00
   outer loop
     vertex  7.817068e-03 -4.210000e-01  2.250448e-03
     vertex  7.390567e-03 -4.210000e-01  2.252847e-03
     vertex  7.698332e-03 -4.210000e-01  2.700407e-03
   endloop
 endfacet
 facet normal  0.000000e+00  1.000000e+00  0.000000e+00
   outer loop
     vertex  6.794194e-03 -4.210000e-01  5.722420e-03
     vertex  7.249034e-03 -4.210000e-01  5.487056e-03
     vertex  6.771820e-03 -4.210000e-01  5.233821e-03
   endloop
 endfacet
 facet normal  0.000000e+00  1.000000e+00  0.000000e+00
   outer loop
     vertex  5.297529e-03 -4.210000e-01  6.516915e-03
     vertex  5.318228e-03 -4.210000e-01  7.090901e-03
     vertex  5.818709e-03 -4.210000e-01  6.762572e-03
   endloop
 endfacet
 facet normal -0.000000e+00  1.000000e+00  0.000000e+00
   outer loop
     vertex  5.318228e-03 -4.210000e-01  7.090901e-03
     vertex  5.830628e-03 -4.210000e-01  7.288101e-03
     vertex  5.818709e-03 -4.210000e-01  6.762572e-03
   endloop
 endfacet
 facet normal  0.000000e+00  1.000000e+00  0.000000e+00
   outer loop
     vertex  5.276865e-03 -4.210000e-01  4.985986e-03
     vertex  5.294020e-03 -4.210000e-01  5.493394e-03
     vertex  5.778637e-03 -4.210000e-01  5.220751e-03
   endloop
 endfacet
 facet normal -0.000000e+00  1.000000e+00  0.000000e+00
   outer loop
     vertex  5.294020e-03 -4.210000e-01  5.493394e-03
     vertex  5.784115e-03 -4.210000e-01  5.737158e-03
     vertex  5.778637e-03 -4.210000e-01  5.220751e-03
   endloop
 endfacet
 facet normal  0.000000e+00  1.000000e+00  0.000000e+00
   outer loop
     vertex  7.389209e-03 -4.210000e-01  3.052020e-03
     vertex  7.168675e-03 -4.210000e-01  2.676951e-03
     vertex  6.965337e-03 -4.210000e-01  3.147180e-03
   endloop
 endfacet
 facet normal  0.000000e+00  1.000000e+00  0.000000e+00
   outer loop
     vertex  7.168675e-03 -4.210000e-01  2.676951e-03
     vertex  6.694156e-03 -4.210000e-01  2.720721e-03
     vertex  6.965337e-03 -4.210000e-01  3.147180e-03
   endloop
 endfacet
 facet normal  0.000000e+00  1.000000e+00  0.000000e+00
   outer loop
     vertex  7.328699e-03 -4.210000e-01  3.490110e-03
     vertex  7.389209e-03 -4.210000e-01  3.052020e-03
     vertex  6.965337e-03 -4.210000e-01  3.147180e-03
   endloop
 endfacet
 facet normal  0.000000e+00  1.000000e+00  0.000000e+00
   outer loop
     vertex  5.915394e-03 -4.210000e-01  3.325413e-03
     vertex  5.322285e-03 -4.210000e-01  3.386292e-03
     vertex  5.710784e-03 -4.210000e-01  3.799345e-03
   endloop
 endfacet
 facet normal  0.000000e+00  1.000000e+00 -0.000000e+00
   outer loop
     vertex  5.322285e-03 -4.210000e-01  3.386292e-03
     vertex  5.213178e-03 -4.210000e-01  3.965023e-03
     vertex  5.710784e-03 -4.210000e-01  3.799345e-03
   endloop
 endfacet
 facet normal  0.000000e+00  1.000000e+00 -0.000000e+00
   outer loop
     vertex  7.390567e-03 -4.210000e-01  2.252847e-03
     vertex  7.168675e-03 -4.210000e-01  2.676951e-03
     vertex  7.698332e-03 -4.210000e-01  2.700407e-03
   endloop
 endfacet
 facet normal  0.000000e+00  1.000000e+00  0.000000e+00
   outer loop
     vertex  7.247022e-03 -4.210000e-01  6.490873e-03
     vertex  6.773402e-03 -4.210000e-01  6.247513e-03
     vertex  6.783213e-03 -4.210000e-01  6.758958e-03
   endloop
 endfacet
 facet normal  0.000000e+00  1.000000e+00 -0.000000e+00
   outer loop
     vertex  5.298546e-03 -4.210000e-01  6.004663e-03
     vertex  5.297529e-03 -4.210000e-01  6.516915e-03
     vertex  5.786130e-03 -4.210000e-01  6.244362e-03
   endloop
 endfacet
 facet normal  0.000000e+00  1.000000e+00 -0.000000e+00
   outer loop
     vertex  5.784115e-03 -4.210000e-01  5.737158e-03
     vertex  5.298546e-03 -4.210000e-01  6.004663e-03
     vertex  5.786130e-03 -4.210000e-01  6.244362e-03
   endloop
 endfacet
 facet normal -0.000000e+00  1.000000e+00  0.000000e+00
   outer loop
     vertex  5.297529e-03 -4.210000e-01  6.516915e-03
     vertex  5.818709e-03 -4.210000e-01  6.762572e-03
     vertex  5.786130e-03 -4.210000e-01  6.244362e-03
   endloop
 endfacet
 facet normal  0.000000e+00  1.000000e+00  0.000000e+00
   outer loop
     vertex  7.328699e-03 -4.210000e-01  3.490110e-03
     vertex  6.965337e-03 -4.210000e-01  3.147180e-03
     vertex  6.858886e-03 -4.210000e-01  3.660229e-03
   endloop
 endfacet
 facet normal  0.000000e+00  1.000000e+00  0.000000e+00
   outer loop
     vertex  6.694156e-03 -4.210000e-01  2.720721e-03
     vertex  6.188168e-03 -4.210000e-01  2.747029e-03
     vertex  6.491765e-03 -4.210000e-01  3.249049e-03
   endloop
 endfacet
 facet normal  0.000000e+00  1.000000e+00 -0.000000e+00
   outer loop
     vertex  6.188168e-03 -4.210000e-01  2.747029e-03
     vertex  5.915394e-03 -4.210000e-01  3.325413e-03
     vertex  6.491765e-03 -4.210000e-01  3.249049e-03
   endloop
 endfacet
 facet normal  0.000000e+00  1.000000e+00  0.000000e+00
   outer loop
     vertex  6.787790e-03 -4.210000e-01  4.725157e-03
     vertex  6.817584e-03 -4.210000e-01  4.191018e-03
     vertex  6.338628e-03 -4.210000e-01  4.473229e-03
   endloop
 endfacet
 facet normal  0.000000e+00  1.000000e+00  0.000000e+00
   outer loop
     vertex  6.965337e-03 -4.210000e-01  3.147180e-03
     vertex  6.694156e-03 -4.210000e-01  2.720721e-03
     vertex  6.491765e-03 -4.210000e-01  3.249049e-03
   endloop
 endfacet
 facet normal  0.000000e+00  1.000000e+00  0.000000e+00
   outer loop
     vertex  6.794194e-03 -4.210000e-01  5.722420e-03
     vertex  6.771820e-03 -4.210000e-01  5.233821e-03
     vertex  6.269939e-03 -4.210000e-01  5.467965e-03
   endloop
 endfacet
 facet normal  0.000000e+00  1.000000e+00  0.000000e+00
   outer loop
     vertex  6.773402e-03 -4.210000e-01  6.247513e-03
     vertex  6.794194e-03 -4.210000e-01  5.722420e-03
     vertex  6.279950e-03 -4.210000e-01  5.998248e-03
   endloop
 endfacet
 facet normal  0.000000e+00  1.000000e+00  0.000000e+00
   outer loop
     vertex  6.794194e-03 -4.210000e-01  5.722420e-03
     vertex  6.269939e-03 -4.210000e-01  5.467965e-03
     vertex  6.279950e-03 -4.210000e-01  5.998248e-03
   endloop
 endfacet
 facet normal  0.000000e+00  1.000000e+00  0.000000e+00
   outer loop
     vertex  6.783213e-03 -4.210000e-01  6.758958e-03
     vertex  6.773402e-03 -4.210000e-01  6.247513e-03
     vertex  6.295017e-03 -4.210000e-01  6.501787e-03
   endloop
 endfacet
 facet normal  0.000000e+00  1.000000e+00  0.000000e+00
   outer loop
     vertex  6.773402e-03 -4.210000e-01  6.247513e-03
     vertex  6.279950e-03 -4.210000e-01  5.998248e-03
     vertex  6.295017e-03 -4.210000e-01  6.501787e-03
   endloop
 endfacet
 facet normal  0.000000e+00  1.000000e+00  0.000000e+00
   outer loop
     vertex  6.771820e-03 -4.210000e-01  5.233821e-03
     vertex  6.787790e-03 -4.210000e-01  4.725157e-03
     vertex  6.285550e-03 -4.210000e-01  4.969879e-03
   endloop
 endfacet
 facet normal  0.000000e+00  1.000000e+00  0.000000e+00
   outer loop
     vertex  6.787790e-03 -4.210000e-01  4.725157e-03
     vertex  6.338628e-03 -4.210000e-01  4.473229e-03
     vertex  6.285550e-03 -4.210000e-01  4.969879e-03
   endloop
 endfacet
 facet normal  0.000000e+00  1.000000e+00  0.000000e+00
   outer loop
     vertex  5.213379e-03 -4.210000e-01  4.495976e-03
     vertex  5.276865e-03 -4.210000e-01  4.985986e-03
     vertex  5.773749e-03 -4.210000e-01  4.687066e-03
   endloop
 endfacet
 facet normal -0.000000e+00  1.000000e+00  0.000000e+00
   outer loop
     vertex  5.276865e-03 -4.210000e-01  4.985986e-03
     vertex  5.778637e-03 -4.210000e-01  5.220751e-03
     vertex  5.773749e-03 -4.210000e-01  4.687066e-03
   endloop
 endfacet
 facet normal  0.000000e+00  1.000000e+00  0.000000e+00
   outer loop
     vertex  6.858886e-03 -4.210000e-01  3.660229e-03
     vertex  6.965337e-03 -4.210000e-01  3.147180e-03
     vertex  6.491765e-03 -4.210000e-01  3.249049e-03
   endloop
 endfacet
 facet normal  0.000000e+00  1.000000e+00  0.000000e+00
   outer loop
     vertex  6.817584e-03 -4.210000e-01  4.191018e-03
     vertex  6.858886e-03 -4.210000e-01  3.660229e-03
     vertex  6.300153e-03 -4.210000e-01  3.827633e-03
   endloop
 endfacet
 facet normal  0.000000e+00  1.000000e+00  0.000000e+00
   outer loop
     vertex  6.338628e-03 -4.210000e-01  4.473229e-03
     vertex  6.817584e-03 -4.210000e-01  4.191018e-03
     vertex  6.300153e-03 -4.210000e-01  3.827633e-03
   endloop
 endfacet
 facet normal  0.000000e+00  1.000000e+00  0.000000e+00
   outer loop
     vertex  6.858886e-03 -4.210000e-01  3.660229e-03
     vertex  6.491765e-03 -4.210000e-01  3.249049e-03
     vertex  6.300153e-03 -4.210000e-01  3.827633e-03
   endloop
 endfacet
 facet normal  0.000000e+00  1.000000e+00  0.000000e+00
   outer loop
     vertex  6.800873e-03 -4.210000e-01  7.305474e-03
     vertex  6.783213e-03 -4.210000e-01  6.758958e-03
     vertex  6.297288e-03 -4.210000e-01  6.977645e-03
   endloop
 endfacet
 facet normal  0.000000e+00  1.000000e+00  0.000000e+00
   outer loop
     vertex  6.268558e-03 -4.210000e-01  7.430719e-03
     vertex  6.800873e-03 -4.210000e-01  7.305474e-03
     vertex  6.297288e-03 -4.210000e-01  6.977645e-03
   endloop
 endfacet
 facet normal  0.000000e+00  1.000000e+00  0.000000e+00
   outer loop
     vertex  6.783213e-03 -4.210000e-01  6.758958e-03
     vertex  6.295017e-03 -4.210000e-01  6.501787e-03
     vertex  6.297288e-03 -4.210000e-01  6.977645e-03
   endloop
 endfacet
 facet normal  0.000000e+00  1.000000e+00 -0.000000e+00
   outer loop
     vertex  5.915394e-03 -4.210000e-01  3.325413e-03
     vertex  5.710784e-03 -4.210000e-01  3.799345e-03
     vertex  6.300153e-03 -4.210000e-01  3.827633e-03
   endloop
 endfacet
 facet normal  0.000000e+00  1.000000e+00  0.000000e+00
   outer loop
     vertex  5.784115e-03 -4.210000e-01  5.737158e-03
     vertex  5.786130e-03 -4.210000e-01  6.244362e-03
     vertex  6.279950e-03 -4.210000e-01  5.998248e-03
   endloop
 endfacet
 facet normal  0.000000e+00  1.000000e+00  0.000000e+00
   outer loop
     vertex  6.491765e-03 -4.210000e-01  3.249049e-03
     vertex  5.915394e-03 -4.210000e-01  3.325413e-03
     vertex  6.300153e-03 -4.210000e-01  3.827633e-03
   endloop
 endfacet
 facet normal  0.000000e+00  1.000000e+00  0.000000e+00
   outer loop
     vertex  6.268558e-03 -4.210000e-01  7.430719e-03
     vertex  6.297288e-03 -4.210000e-01  6.977645e-03
     vertex  5.830628e-03 -4.210000e-01  7.288101e-03
   endloop
 endfacet
 facet normal  0.000000e+00  1.000000e+00  0.000000e+00
   outer loop
     vertex  5.778637e-03 -4.210000e-01  5.220751e-03
     vertex  5.784115e-03 -4.210000e-01  5.737158e-03
     vertex  6.269939e-03 -4.210000e-01  5.467965e-03
   endloop
 endfacet
 facet normal  0.000000e+00  1.000000e+00  0.000000e+00
   outer loop
     vertex  5.213178e-03 -4.210000e-01  3.965023e-03
     vertex  5.213379e-03 -4.210000e-01  4.495976e-03
     vertex  5.559394e-03 -4.210000e-01  4.240355e-03
   endloop
 endfacet
 facet normal  0.000000e+00  1.000000e+00  0.000000e+00
   outer loop
     vertex  6.269939e-03 -4.210000e-01  5.467965e-03
     vertex  6.771820e-03 -4.210000e-01  5.233821e-03
     vertex  6.285550e-03 -4.210000e-01  4.969879e-03
   endloop
 endfacet
 facet normal  0.000000e+00  1.000000e+00  0.000000e+00
   outer loop
     vertex  5.710784e-03 -4.210000e-01  3.799345e-03
     vertex  5.213178e-03 -4.210000e-01  3.965023e-03
     vertex  5.559394e-03 -4.210000e-01  4.240355e-03
   endloop
 endfacet
 facet normal -0.000000e+00  1.000000e+00  0.000000e+00
   outer loop
     vertex  5.784115e-03 -4.210000e-01  5.737158e-03
     vertex  6.279950e-03 -4.210000e-01  5.998248e-03
     vertex  6.269939e-03 -4.210000e-01  5.467965e-03
   endloop
 endfacet
 facet normal  0.000000e+00  1.000000e+00 -0.000000e+00
   outer loop
     vertex  5.559394e-03 -4.210000e-01  4.240355e-03
     vertex  5.213379e-03 -4.210000e-01  4.495976e-03
     vertex  5.773749e-03 -4.210000e-01  4.687066e-03
   endloop
 endfacet
 facet normal  0.000000e+00  1.000000e+00  0.000000e+00
   outer loop
     vertex  6.300153e-03 -4.210000e-01  3.827633e-03
     vertex  5.710784e-03 -4.210000e-01  3.799345e-03
     vertex  5.952480e-03 -4.210000e-01  4.209333e-03
   endloop
 endfacet
 facet normal  0.000000e+00  1.000000e+00  0.000000e+00
   outer loop
     vertex  6.338628e-03 -4.210000e-01  4.473229e-03
     vertex  6.300153e-03 -4.210000e-01  3.827633e-03
     vertex  5.952480e-03 -4.210000e-01  4.209333e-03
   endloop
 endfacet
 facet normal  0.000000e+00  1.000000e+00 -0.000000e+00
   outer loop
     vertex  5.710784e-03 -4.210000e-01  3.799345e-03
     vertex  5.559394e-03 -4.210000e-01  4.240355e-03
     vertex  5.952480e-03 -4.210000e-01  4.209333e-03
   endloop
 endfacet
 facet normal -0.000000e+00  1.000000e+00  0.000000e+00
   outer loop
     vertex  5.559394e-03 -4.210000e-01  4.240355e-03
     vertex  5.773749e-03 -4.210000e-01  4.687066e-03
     vertex  5.952480e-03 -4.210000e-01  4.209333e-03
   endloop
 endfacet
 facet normal -0.000000e+00  1.000000e+00  0.000000e+00
   outer loop
     vertex  5.778637e-03 -4.210000e-01  5.220751e-03
     vertex  6.269939e-03 -4.210000e-01  5.467965e-03
     vertex  6.285550e-03 -4.210000e-01  4.969879e-03
   endloop
 endfacet
 facet normal  0.000000e+00  1.000000e+00  0.000000e+00
   outer loop
     vertex  6.295017e-03 -4.210000e-01  6.501787e-03
     vertex  6.279950e-03 -4.210000e-01  5.998248e-03
     vertex  5.786130e-03 -4.210000e-01  6.244362e-03
   endloop
 endfacet
 facet normal  0.000000e+00  1.000000e+00  0.000000e+00
   outer loop
     vertex  5.773749e-03 -4.210000e-01  4.687066e-03
     vertex  5.778637e-03 -4.210000e-01  5.220751e-03
     vertex  6.285550e-03 -4.210000e-01  4.969879e-03
   endloop
 endfacet
 facet normal  0.000000e+00  1.000000e+00  0.000000e+00
   outer loop
     vertex  5.786130e-03 -4.210000e-01  6.244362e-03
     vertex  5.818709e-03 -4.210000e-01  6.762572e-03
     vertex  6.295017e-03 -4.210000e-01  6.501787e-03
   endloop
 endfacet
 facet normal  0.000000e+00  1.000000e+00 -0.000000e+00
   outer loop
     vertex  6.295017e-03 -4.210000e-01  6.501787e-03
     vertex  5.818709e-03 -4.210000e-01  6.762572e-03
     vertex  6.297288e-03 -4.210000e-01  6.977645e-03
   endloop
 endfacet
 facet normal  0.000000e+00  1.000000e+00  0.000000e+00
   outer loop
     vertex  6.285550e-03 -4.210000e-01  4.969879e-03
     vertex  6.338628e-03 -4.210000e-01  4.473229e-03
     vertex  5.773749e-03 -4.210000e-01  4.687066e-03
   endloop
 endfacet
 facet normal  0.000000e+00  1.000000e+00  0.000000e+00
   outer loop
     vertex  5.773749e-03 -4.210000e-01  4.687066e-03
     vertex  6.338628e-03 -4.210000e-01  4.473229e-03
     vertex  5.952480e-03 -4.210000e-01  4.209333e-03
   endloop
 endfacet
 facet normal  0.000000e+00  1.000000e+00  0.000000e+00
   outer loop
     vertex  5.818709e-03 -4.210000e-01  6.762572e-03
     vertex  5.830628e-03 -4.210000e-01  7.288101e-03
     vertex  6.297288e-03 -4.210000e-01  6.977645e-03
   endloop
 endfacet
 facet normal  7.014333e-06 -1.000000e+00  0.000000e+00
   outer loop
     vertex  1.000000e-02 -4.190000e-01  3.930233e-19
     vertex  1.000000e-02 -4.190000e-01  5.000000e-04
     vertex  9.531250e-03 -4.190000e-01  0.000000e+00
   endloop
 endfacet
 facet normal  7.965076e-06 -1.000000e+00  0.000000e+00
   outer loop
     vertex  1.000000e-02 -4.190000e-01  5.000000e-04
     vertex  1.000000e-02 -4.190000e-01  1.000000e-03
     vertex  9.587202e-03 -4.190000e-01  7.196203e-04
   endloop
 endfacet
 facet normal  7.183685e-06 -1.000000e+00  0.000000e+00
   outer loop
     vertex  1.000000e-02 -4.190000e-01  1.500000e-03
     vertex  1.000000e-02 -4.190000e-01  2.000000e-03
     vertex  9.542301e-03 -4.190000e-01  1.750047e-03
   endloop
 endfacet
 facet normal  7.283405e-06 -1.000000e+00  0.000000e+00
   outer loop
     vertex  1.000000e-02 -4.190000e-01  2.500000e-03
     vertex  1.000000e-02 -4.190000e-01  3.000000e-03
     vertex  9.548567e-03 -4.190000e-01  2.746578e-03
   endloop
 endfacet
 facet normal  7.178362e-06 -1.000000e+00  0.000000e+00
   outer loop
     vertex  1.000000e-02 -4.190000e-01  3.500000e-03
     vertex  1.000000e-02 -4.190000e-01  4.000000e-03
     vertex  9.541961e-03 -4.190000e-01  3.747040e-03
   endloop
 endfacet
 facet normal  7.293788e-06 -1.000000e+00  0.000000e+00
   outer loop
     vertex  1.000000e-02 -4.190000e-01  4.500000e-03
     vertex  1.000000e-02 -4.190000e-01  5.000000e-03
     vertex  9.549210e-03 -4.190000e-01  4.752517e-03
   endloop
 endfacet
 facet normal  7.150181e-06 -1.000000e+00  0.000000e+00
   outer loop
     vertex  1.000000e-02 -4.190000e-01  5.500000e-03
     vertex  1.000000e-02 -4.190000e-01  6.000000e-03
     vertex  9.540156e-03 -4.190000e-01  5.749511e-03
   endloop
 endfacet
 facet normal  7.283832e-06 -1.000000e+00  0.000000e+00
   outer loop
     vertex  1.000000e-02 -4.190000e-01  6.500000e-03
     vertex  1.000000e-02 -4.190000e-01  7.000000e-03
     vertex  9.548594e-03 -4.190000e-01  6.758618e-03
   endloop
 endfacet
 facet normal  7.131070e-06 -1.000000e+00  0.000000e+00
   outer loop
     vertex  1.000000e-02 -4.190000e-01  7.500000e-03
     vertex  1.000000e-02 -4.190000e-01  8.000000e-03
     vertex  9.538924e-03 -4.190000e-01  7.757539e-03
   endloop
 endfacet
 facet normal  7.301634e-06 -1.000000e+00  0.000000e+00
   outer loop
     vertex  1.000000e-02 -4.190000e-01  8.500000e-03
     vertex  1.000000e-02 -4.190000e-01  9.000000e-03
     vertex  9.549694e-03 -4.190000e-01  8.755069e-03
   endloop
 endfacet
 facet normal  7.014333e-06 -1.000000e+00  0.000000e+00
   outer loop
     vertex  1.000000e-02 -4.190000e-01  9.500000e-03
     vertex  1.000000e-02 -4.190000e-01  1.000000e-02
     vertex  9.531250e-03 -4.190000e-01  1.000000e-02
   endloop
 endfacet
 facet normal -0.000000e+00 -1.000000e+00  0.000000e+00
   outer loop
     vertex  9.531250e-03 -4.190000e-01  1.000000e-02
     vertex  9.062500e-03 -4.190000e-01  1.000000e-02
     vertex  9.352968e-03 -4.190000e-01  9.596551e-03
   endloop
 endfacet
 facet normal -0.000000e+00 -1.000000e+00  0.000000e+00
   outer loop
     vertex  8.593750e-03 -4.190000e-01  1.000000e-02
     vertex  8.125000e-03 -4.190000e-01  1.000000e-02
     vertex  8.383714e-03 -4.190000e-01  9.617496e-03
   endloop
 endfacet
 facet normal -0.000000e+00 -1.000000e+00  0.000000e+00
   outer loop
     vertex  7.656250e-03 -4.190000e-01  1.000000e-02
     vertex  7.187500e-03 -4.190000e-01  1.000000e-02
     vertex  7.446352e-03 -4.190000e-01  9.574822e-03
   endloop
 endfacet
 facet normal -0.000000e+00 -1.000000e+00  0.000000e+00
   outer loop
     vertex  6.718750e-03 -4.190000e-01  1.000000e-02
     vertex  6.250000e-03 -4.190000e-01  1.000000e-02
     vertex  6.485979e-03 -4.190000e-01  9.587668e-03
   endloop
 endfacet
 facet normal -0.000000e+00 -1.000000e+00  0.000000e+00
   outer loop
     vertex  5.781250e-03 -4.190000e-01  1.000000e-02
     vertex  5.312500e-03 -4.190000e-01  1.000000e-02
     vertex  5.534648e-03 -4.190000e-01  9.582287e-03
   endloop
 endfacet
 facet normal -0.000000e+00 -1.000000e+00  0.000000e+00
   outer loop
     vertex  4.843750e-03 -4.190000e-01  1.000000e-02
     vertex  4.375000e-03 -4.190000e-01  1.000000e-02
     vertex  4.575474e-03 -4.190000e-01  9.576658e-03
   endloop
 endfacet
 facet normal -0.000000e+00 -1.000000e+00  0.000000e+00
   outer loop
     vertex  3.906250e-03 -4.190000e-01  1.000000e-02
     vertex  3.437500e-03 -4.190000e-01  1.000000e-02
     vertex  3.711531e-03 -4.190000e-01  9.692752e-03
   endloop
 endfacet
 facet normal  3.897916e-07 -1.000000e+00  0.000000e+00
   outer loop
     vertex  2.968750e-03 -4.190000e-01  1.000000e-02
     vertex  2.500000e-03 -4.190000e-01  1.000000e-02
     vertex  2.500000e-03 -4.190000e-01  9.500000e-03
   endloop
 endfacet
 facet normal  4.226128e-07 -1.000000e+00  0.000000e+00
   outer loop
     vertex  2.500000e-03 -4.190000e-01  9.500000e-03
     vertex  2.500000e-03 -4.190000e-01  9.000000e-03
     vertex  2.932346e-03 -4.190000e-01  9.289875e-03
   endloop
 endfacet
 facet normal  3.915945e-07 -1.000000e+00  0.000000e+00
   outer loop
     vertex  2.500000e-03 -4.190000e-01  8.500000e-03
     vertex  2.500000e-03 -4.190000e-01  8.000000e-03
     vertex  2.966592e-03 -4.190000e-01  8.260596e-03
   endloop
 endfacet
 facet normal  3.893146e-07 -1.000000e+00  0.000000e+00
   outer loop
     vertex  2.500000e-03 -4.190000e-01  7.500000e-03
     vertex  2.500000e-03 -4.190000e-01  7.000000e-03
     vertex  2.969324e-03 -4.190000e-01  7.247024e-03
   endloop
 endfacet
 facet normal  3.916342e-07 -1.000000e+00  0.000000e+00
   outer loop
     vertex  2.500000e-03 -4.190000e-01  6.500000e-03
     vertex  2.500000e-03 -4.190000e-01  6.000000e-03
     vertex  2.966545e-03 -4.190000e-01  6.252045e-03
   endloop
 endfacet
 facet normal  3.914794e-07 -1.000000e+00  0.000000e+00
   outer loop
     vertex  2.500000e-03 -4.190000e-01  5.500000e-03
     vertex  2.500000e-03 -4.190000e-01  5.000000e-03
     vertex  2.966729e-03 -4.190000e-01  5.239816e-03
   endloop
 endfacet
 facet normal  3.927496e-07 -1.000000e+00  0.000000e+00
   outer loop
     vertex  2.500000e-03 -4.190000e-01  4.500000e-03
     vertex  2.500000e-03 -4.190000e-01  4.000000e-03
     vertex  2.965220e-03 -4.190000e-01  4.251633e-03
   endloop
 endfacet
 facet normal  3.932609e-07 -1.000000e+00  0.000000e+00
   outer loop
     vertex  2.500000e-03 -4.190000e-01  3.500000e-03
     vertex  2.500000e-03 -4.190000e-01  3.000000e-03
     vertex  2.964615e-03 -4.190000e-01  3.246425e-03
   endloop
 endfacet
 facet normal  3.943840e-07 -1.000000e+00  0.000000e+00
   outer loop
     vertex  2.500000e-03 -4.190000e-01  2.500000e-03
     vertex  2.500000e-03 -4.190000e-01  2.000000e-03
     vertex  2.963292e-03 -4.190000e-01  2.245801e-03
   endloop
 endfacet
 facet normal  4.202918e-07 -1.000000e+00  0.000000e+00
   outer loop
     vertex  2.500000e-03 -4.190000e-01  1.500000e-03
     vertex  2.500000e-03 -4.190000e-01  1.000000e-03
     vertex  2.934733e-03 -4.190000e-01  1.261505e-03
   endloop
 endfacet
 facet normal  3.897916e-07 -1.000000e+00  0.000000e+00
   outer loop
     vertex  2.500000e-03 -4.190000e-01  5.000000e-04
     vertex  2.500000e-03 -4.190000e-01  9.486769e-20
     vertex  2.968750e-03 -4.190000e-01  0.000000e+00
   endloop
 endfacet
 facet normal  0.000000e+00 -1.000000e+00  0.000000e+00
   outer loop
     vertex  2.968750e-03 -4.190000e-01  0.000000e+00
     vertex  3.437500e-03 -4.190000e-01  0.000000e+00
     vertex  3.146752e-03 -4.190000e-01  4.409905e-04
   endloop
 endfacet
 facet normal  0.000000e+00 -1.000000e+00  0.000000e+00
   outer loop
     vertex  3.906250e-03 -4.190000e-01  0.000000e+00
     vertex  4.375000e-03 -4.190000e-01  0.000000e+00
     vertex  4.142022e-03 -4.190000e-01  4.388280e-04
   endloop
 endfacet
 facet normal  0.000000e+00 -1.000000e+00  0.000000e+00
   outer loop
     vertex  4.843750e-03 -4.190000e-01  0.000000e+00
     vertex  5.312500e-03 -4.190000e-01  0.000000e+00
     vertex  5.068644e-03 -4.190000e-01  4.533980e-04
   endloop
 endfacet
 facet normal  0.000000e+00 -1.000000e+00  0.000000e+00
   outer loop
     vertex  5.781250e-03 -4.190000e-01  0.000000e+00
     vertex  6.250000e-03 -4.190000e-01  0.000000e+00
     vertex  6.013414e-03 -4.190000e-01  4.453193e-04
   endloop
 endfacet
 facet normal  0.000000e+00 -1.000000e+00  0.000000e+00
   outer loop
     vertex  6.718750e-03 -4.190000e-01  0.000000e+00
     vertex  7.187500e-03 -4.190000e-01  0.000000e+00
     vertex  6.972102e-03 -4.190000e-01  4.570602e-04
   endloop
 endfacet
 facet normal  0.000000e+00 -1.000000e+00  0.000000e+00
   outer loop
     vertex  7.656250e-03 -4.190000e-01  0.000000e+00
     vertex  8.125000e-03 -4.190000e-01  0.000000e+00
     vertex  7.914238e-03 -4.190000e-01  4.482512e-04
   endloop
 endfacet
 facet normal  0.000000e+00 -1.000000e+00  0.000000e+00
   outer loop
     vertex  8.593750e-03 -4.190000e-01  0.000000e+00
     vertex  9.062500e-03 -4.190000e-01  0.000000e+00
     vertex  8.788968e-03 -4.190000e-01  3.435006e-04
   endloop
 endfacet
 facet normal  7.648679e-06 -1.000000e+00 -5.946993e-07
   outer loop
     vertex  9.531250e-03 -4.190000e-01  0.000000e+00
     vertex  1.000000e-02 -4.190000e-01  5.000000e-04
     vertex  9.587202e-03 -4.190000e-01  7.196203e-04
   endloop
 endfacet
 facet normal  4.767263e-06 -1.000000e+00 -2.106629e-06
   outer loop
     vertex  1.000000e-02 -4.190000e-01  9.500000e-03
     vertex  9.531250e-03 -4.190000e-01  1.000000e-02
     vertex  9.352968e-03 -4.190000e-01  9.596551e-03
   endloop
 endfacet
 facet normal  4.123393e-07 -1.000000e+00 -2.113843e-08
   outer loop
     vertex  2.968750e-03 -4.190000e-01  1.000000e-02
     vertex  2.500000e-03 -4.190000e-01  9.500000e-03
     vertex  2.932346e-03 -4.190000e-01  9.289875e-03
   endloop
 endfacet
 facet normal  2.724766e-07 -1.000000e+00 -1.099829e-07
   outer loop
     vertex  2.500000e-03 -4.190000e-01  5.000000e-04
     vertex  2.968750e-03 -4.190000e-01  0.000000e+00
     vertex  3.146752e-03 -4.190000e-01  4.409905e-04
   endloop
 endfacet
 facet normal  7.748046e-06 -1.000000e+00  3.195295e-07
   outer loop
     vertex  9.587202e-03 -4.190000e-01  7.196203e-04
     vertex  1.000000e-02 -4.190000e-01  1.000000e-03
     vertex  9.566222e-03 -4.190000e-01  1.228342e-03
   endloop
 endfacet
 facet normal  7.579845e-06 -1.000000e+00  0.000000e+00
   outer loop
     vertex  1.000000e-02 -4.190000e-01  1.000000e-03
     vertex  1.000000e-02 -4.190000e-01  1.500000e-03
     vertex  9.566222e-03 -4.190000e-01  1.228342e-03
   endloop
 endfacet
 facet normal  7.368260e-06 -1.000000e+00  3.378548e-07
   outer loop
     vertex  1.000000e-02 -4.190000e-01  1.500000e-03
     vertex  9.542301e-03 -4.190000e-01  1.750047e-03
     vertex  9.566222e-03 -4.190000e-01  1.228342e-03
   endloop
 endfacet
 facet normal  7.122539e-06 -1.000000e+00  0.000000e+00
   outer loop
     vertex  1.000000e-02 -4.190000e-01  2.000000e-03
     vertex  1.000000e-02 -4.190000e-01  2.500000e-03
     vertex  9.538372e-03 -4.190000e-01  2.246596e-03
   endloop
 endfacet
 facet normal  7.294114e-06 -1.000000e+00  0.000000e+00
   outer loop
     vertex  1.000000e-02 -4.190000e-01  3.000000e-03
     vertex  1.000000e-02 -4.190000e-01  3.500000e-03
     vertex  9.549230e-03 -4.190000e-01  3.249048e-03
   endloop
 endfacet
 facet normal  7.158569e-06 -1.000000e+00  0.000000e+00
   outer loop
     vertex  1.000000e-02 -4.190000e-01  4.000000e-03
     vertex  1.000000e-02 -4.190000e-01  4.500000e-03
     vertex  9.540695e-03 -4.190000e-01  4.249953e-03
   endloop
 endfacet
 facet normal  7.264232e-06 -1.000000e+00  0.000000e+00
   outer loop
     vertex  1.000000e-02 -4.190000e-01  5.000000e-03
     vertex  1.000000e-02 -4.190000e-01  5.500000e-03
     vertex  9.547376e-03 -4.190000e-01  5.252740e-03
   endloop
 endfacet
 facet normal  7.175543e-06 -1.000000e+00  0.000000e+00
   outer loop
     vertex  1.000000e-02 -4.190000e-01  6.000000e-03
     vertex  1.000000e-02 -4.190000e-01  6.500000e-03
     vertex  9.541781e-03 -4.190000e-01  6.251330e-03
   endloop
 endfacet
 facet normal  7.262501e-06 -1.000000e+00  0.000000e+00
   outer loop
     vertex  1.000000e-02 -4.190000e-01  7.000000e-03
     vertex  1.000000e-02 -4.190000e-01  7.500000e-03
     vertex  9.547268e-03 -4.190000e-01  7.249265e-03
   endloop
 endfacet
 facet normal  7.102831e-06 -1.000000e+00  0.000000e+00
   outer loop
     vertex  1.000000e-02 -4.190000e-01  8.000000e-03
     vertex  1.000000e-02 -4.190000e-01  8.500000e-03
     vertex  9.537091e-03 -4.190000e-01  8.260604e-03
   endloop
 endfacet
 facet normal  7.207014e-06 -1.000000e+00  1.047412e-07
   outer loop
     vertex  9.547376e-03 -4.190000e-01  5.252740e-03
     vertex  1.000000e-02 -4.190000e-01  5.500000e-03
     vertex  9.540156e-03 -4.190000e-01  5.749511e-03
   endloop
 endfacet
 facet normal  8.252276e-06 -1.000000e+00  0.000000e+00
   outer loop
     vertex  1.000000e-02 -4.190000e-01  9.000000e-03
     vertex  1.000000e-02 -4.190000e-01  9.500000e-03
     vertex  9.601569e-03 -4.190000e-01  9.188656e-03
   endloop
 endfacet
 facet normal  0.000000e+00 -1.000000e+00  0.000000e+00
   outer loop
     vertex  9.352968e-03 -4.190000e-01  9.596551e-03
     vertex  9.062500e-03 -4.190000e-01  1.000000e-02
     vertex  8.871378e-03 -4.190000e-01  9.613198e-03
   endloop
 endfacet
 facet normal -0.000000e+00 -1.000000e+00  0.000000e+00
   outer loop
     vertex  9.062500e-03 -4.190000e-01  1.000000e-02
     vertex  8.593750e-03 -4.190000e-01  1.000000e-02
     vertex  8.871378e-03 -4.190000e-01  9.613198e-03
   endloop
 endfacet
 facet normal  0.000000e+00 -1.000000e+00 -0.000000e+00
   outer loop
     vertex  8.593750e-03 -4.190000e-01  1.000000e-02
     vertex  8.383714e-03 -4.190000e-01  9.617496e-03
     vertex  8.871378e-03 -4.190000e-01  9.613198e-03
   endloop
 endfacet
 facet normal -0.000000e+00 -1.000000e+00  0.000000e+00
   outer loop
     vertex  8.125000e-03 -4.190000e-01  1.000000e-02
     vertex  7.656250e-03 -4.190000e-01  1.000000e-02
     vertex  7.916626e-03 -4.190000e-01  9.589591e-03
   endloop
 endfacet
 facet normal -0.000000e+00 -1.000000e+00  0.000000e+00
   outer loop
     vertex  7.187500e-03 -4.190000e-01  1.000000e-02
     vertex  6.718750e-03 -4.190000e-01  1.000000e-02
     vertex  6.960307e-03 -4.190000e-01  9.578369e-03
   endloop
 endfacet
 facet normal -0.000000e+00 -1.000000e+00  0.000000e+00
   outer loop
     vertex  6.250000e-03 -4.190000e-01  1.000000e-02
     vertex  5.781250e-03 -4.190000e-01  1.000000e-02
     vertex  6.010965e-03 -4.190000e-01  9.586984e-03
   endloop
 endfacet
 facet normal -0.000000e+00 -1.000000e+00  0.000000e+00
   outer loop
     vertex  5.312500e-03 -4.190000e-01  1.000000e-02
     vertex  4.843750e-03 -4.190000e-01  1.000000e-02
     vertex  5.057849e-03 -4.190000e-01  9.569544e-03
   endloop
 endfacet
 facet normal -0.000000e+00 -1.000000e+00  0.000000e+00
   outer loop
     vertex  4.375000e-03 -4.190000e-01  1.000000e-02
     vertex  3.906250e-03 -4.190000e-01  1.000000e-02
     vertex  4.123205e-03 -4.190000e-01  9.620440e-03
   endloop
 endfacet
 facet normal  7.225213e-06 -1.000000e+00 -1.224181e-07
   outer loop
     vertex  9.540695e-03 -4.190000e-01  4.249953e-03
     vertex  1.000000e-02 -4.190000e-01  4.500000e-03
     vertex  9.549210e-03 -4.190000e-01  4.752517e-03
   endloop
 endfacet
 facet normal -0.000000e+00 -1.000000e+00  0.000000e+00
   outer loop
     vertex  3.437500e-03 -4.190000e-01  1.000000e-02
     vertex  2.968750e-03 -4.190000e-01  1.000000e-02
     vertex  3.337563e-03 -4.190000e-01  9.544247e-03
   endloop
 endfacet
 facet normal  4.090153e-07 -1.000000e+00  2.028053e-08
   outer loop
     vertex  2.932346e-03 -4.190000e-01  9.289875e-03
     vertex  2.500000e-03 -4.190000e-01  9.000000e-03
     vertex  2.958047e-03 -4.190000e-01  8.771543e-03
   endloop
 endfacet
 facet normal  3.989001e-07 -1.000000e+00  0.000000e+00
   outer loop
     vertex  2.500000e-03 -4.190000e-01  9.000000e-03
     vertex  2.500000e-03 -4.190000e-01  8.500000e-03
     vertex  2.958047e-03 -4.190000e-01  8.771543e-03
   endloop
 endfacet
 facet normal  3.949840e-07 -1.000000e+00  6.605880e-09
   outer loop
     vertex  2.500000e-03 -4.190000e-01  8.500000e-03
     vertex  2.966592e-03 -4.190000e-01  8.260596e-03
     vertex  2.958047e-03 -4.190000e-01  8.771543e-03
   endloop
 endfacet
 facet normal  3.837464e-07 -1.000000e+00  0.000000e+00
   outer loop
     vertex  2.500000e-03 -4.190000e-01  8.000000e-03
     vertex  2.500000e-03 -4.190000e-01  7.500000e-03
     vertex  2.976134e-03 -4.190000e-01  7.756071e-03
   endloop
 endfacet
 facet normal  3.912657e-07 -1.000000e+00  0.000000e+00
   outer loop
     vertex  2.500000e-03 -4.190000e-01  7.000000e-03
     vertex  2.500000e-03 -4.190000e-01  6.500000e-03
     vertex  2.966984e-03 -4.190000e-01  6.757740e-03
   endloop
 endfacet
 facet normal  3.904442e-07 -1.000000e+00  0.000000e+00
   outer loop
     vertex  2.500000e-03 -4.190000e-01  6.000000e-03
     vertex  2.500000e-03 -4.190000e-01  5.500000e-03
     vertex  2.967967e-03 -4.190000e-01  5.745959e-03
   endloop
 endfacet
 facet normal  3.912487e-07 -1.000000e+00  0.000000e+00
   outer loop
     vertex  2.500000e-03 -4.190000e-01  5.000000e-03
     vertex  2.500000e-03 -4.190000e-01  4.500000e-03
     vertex  2.967004e-03 -4.190000e-01  4.755079e-03
   endloop
 endfacet
 facet normal  3.882279e-07 -1.000000e+00  0.000000e+00
   outer loop
     vertex  2.500000e-03 -4.190000e-01  4.000000e-03
     vertex  2.500000e-03 -4.190000e-01  3.500000e-03
     vertex  2.970638e-03 -4.190000e-01  3.747353e-03
   endloop
 endfacet
 facet normal  3.947120e-07 -1.000000e+00  0.000000e+00
   outer loop
     vertex  2.500000e-03 -4.190000e-01  3.000000e-03
     vertex  2.500000e-03 -4.190000e-01  2.500000e-03
     vertex  2.962907e-03 -4.190000e-01  2.742802e-03
   endloop
 endfacet
 facet normal  4.088051e-07 -1.000000e+00  0.000000e+00
   outer loop
     vertex  2.500000e-03 -4.190000e-01  2.000000e-03
     vertex  2.500000e-03 -4.190000e-01  1.500000e-03
     vertex  2.946948e-03 -4.190000e-01  1.751829e-03
   endloop
 endfacet
 facet normal  7.152775e-06 -1.000000e+00  5.660171e-08
   outer loop
     vertex  1.000000e-02 -4.190000e-01  2.000000e-03
     vertex  9.538372e-03 -4.190000e-01  2.246596e-03
     vertex  9.542301e-03 -4.190000e-01  1.750047e-03
   endloop
 endfacet
 facet normal  4.600547e-07 -1.000000e+00  0.000000e+00
   outer loop
     vertex  2.500000e-03 -4.190000e-01  1.000000e-03
     vertex  2.500000e-03 -4.190000e-01  5.000000e-04
     vertex  2.897159e-03 -4.190000e-01  8.173633e-04
   endloop
 endfacet
 facet normal  0.000000e+00 -1.000000e+00  0.000000e+00
   outer loop
     vertex  3.146752e-03 -4.190000e-01  4.409905e-04
     vertex  3.437500e-03 -4.190000e-01  0.000000e+00
     vertex  3.637954e-03 -4.190000e-01  4.504699e-04
   endloop
 endfacet
 facet normal  0.000000e+00 -1.000000e+00  0.000000e+00
   outer loop
     vertex  3.437500e-03 -4.190000e-01  0.000000e+00
     vertex  3.906250e-03 -4.190000e-01  0.000000e+00
     vertex  3.637954e-03 -4.190000e-01  4.504699e-04
   endloop
 endfacet
 facet normal  0.000000e+00 -1.000000e+00  0.000000e+00
   outer loop
     vertex  3.906250e-03 -4.190000e-01  0.000000e+00
     vertex  4.142022e-03 -4.190000e-01  4.388280e-04
     vertex  3.637954e-03 -4.190000e-01  4.504699e-04
   endloop
 endfacet
 facet normal  0.000000e+00 -1.000000e+00  0.000000e+00
   outer loop
     vertex  4.375000e-03 -4.190000e-01  0.000000e+00
     vertex  4.843750e-03 -4.190000e-01  0.000000e+00
     vertex  4.611054e-03 -4.190000e-01  4.497324e-04
   endloop
 endfacet
 facet normal  0.000000e+00 -1.000000e+00  0.000000e+00
   outer loop
     vertex  5.312500e-03 -4.190000e-01  0.000000e+00
     vertex  5.781250e-03 -4.190000e-01  0.000000e+00
     vertex  5.533190e-03 -4.190000e-01  4.502893e-04
   endloop
 endfacet
 facet normal  0.000000e+00 -1.000000e+00  0.000000e+00
   outer loop
     vertex  6.250000e-03 -4.190000e-01  0.000000e+00
     vertex  6.718750e-03 -4.190000e-01  0.000000e+00
     vertex  6.497541e-03 -4.190000e-01  4.504747e-04
   endloop
 endfacet
 facet normal  0.000000e+00 -1.000000e+00  0.000000e+00
   outer loop
     vertex  7.187500e-03 -4.190000e-01  0.000000e+00
     vertex  7.656250e-03 -4.190000e-01  0.000000e+00
     vertex  7.441560e-03 -4.190000e-01  4.599146e-04
   endloop
 endfacet
 facet normal  0.000000e+00 -1.000000e+00  0.000000e+00
   outer loop
     vertex  8.125000e-03 -4.190000e-01  0.000000e+00
     vertex  8.593750e-03 -4.190000e-01  0.000000e+00
     vertex  8.384027e-03 -4.190000e-01  4.175441e-04
   endloop
 endfacet
 facet normal  0.000000e+00 -1.000000e+00  0.000000e+00
   outer loop
     vertex  9.062500e-03 -4.190000e-01  0.000000e+00
     vertex  9.531250e-03 -4.190000e-01  0.000000e+00
     vertex  9.163725e-03 -4.190000e-01  4.836625e-04
   endloop
 endfacet
 facet normal  5.590010e-06 -1.000000e+00  3.406942e-06
   outer loop
     vertex  1.000000e-02 -4.190000e-01  9.500000e-03
     vertex  9.352968e-03 -4.190000e-01  9.596551e-03
     vertex  9.601569e-03 -4.190000e-01  9.188656e-03
   endloop
 endfacet
 facet normal  7.228221e-06 -1.000000e+00 -9.706730e-08
   outer loop
     vertex  9.541781e-03 -4.190000e-01  6.251330e-03
     vertex  1.000000e-02 -4.190000e-01  6.500000e-03
     vertex  9.548594e-03 -4.190000e-01  6.758618e-03
   endloop
 endfacet
 facet normal  4.428270e-07 -1.000000e+00 -3.746313e-08
   outer loop
     vertex  2.500000e-03 -4.190000e-01  1.000000e-03
     vertex  2.897159e-03 -4.190000e-01  8.173633e-04
     vertex  2.934733e-03 -4.190000e-01  1.261505e-03
   endloop
 endfacet
 facet normal  7.288802e-06 -1.000000e+00 -9.614268e-09
   outer loop
     vertex  9.548567e-03 -4.190000e-01  2.746578e-03
     vertex  1.000000e-02 -4.190000e-01  3.000000e-03
     vertex  9.549230e-03 -4.190000e-01  3.249048e-03
   endloop
 endfacet
 facet normal  7.168393e-06 -1.000000e+00  1.805221e-08
   outer loop
     vertex  9.541961e-03 -4.190000e-01  3.747040e-03
     vertex  1.000000e-02 -4.190000e-01  4.000000e-03
     vertex  9.540695e-03 -4.190000e-01  4.249953e-03
   endloop
 endfacet
 facet normal  7.279135e-06 -1.000000e+00  2.668967e-08
   outer loop
     vertex  9.549210e-03 -4.190000e-01  4.752517e-03
     vertex  1.000000e-02 -4.190000e-01  5.000000e-03
     vertex  9.547376e-03 -4.190000e-01  5.252740e-03
   endloop
 endfacet
 facet normal  7.162819e-06 -1.000000e+00 -2.319953e-08
   outer loop
     vertex  9.540156e-03 -4.190000e-01  5.749511e-03
     vertex  1.000000e-02 -4.190000e-01  6.000000e-03
     vertex  9.541781e-03 -4.190000e-01  6.251330e-03
   endloop
 endfacet
 facet normal  7.273322e-06 -1.000000e+00  1.965422e-08
   outer loop
     vertex  9.548594e-03 -4.190000e-01  6.758618e-03
     vertex  1.000000e-02 -4.190000e-01  7.000000e-03
     vertex  9.547268e-03 -4.190000e-01  7.249265e-03
   endloop
 endfacet
 facet normal  7.117432e-06 -1.000000e+00  2.593438e-08
   outer loop
     vertex  9.538924e-03 -4.190000e-01  7.757539e-03
     vertex  1.000000e-02 -4.190000e-01  8.000000e-03
     vertex  9.537091e-03 -4.190000e-01  8.260604e-03
   endloop
 endfacet
 facet normal  7.809857e-06 -1.000000e+00 -9.343669e-07
   outer loop
     vertex  9.549694e-03 -4.190000e-01  8.755069e-03
     vertex  1.000000e-02 -4.190000e-01  9.000000e-03
     vertex  9.601569e-03 -4.190000e-01  9.188656e-03
   endloop
 endfacet
 facet normal -0.000000e+00 -1.000000e+00  0.000000e+00
   outer loop
     vertex  8.383714e-03 -4.190000e-01  9.617496e-03
     vertex  8.125000e-03 -4.190000e-01  1.000000e-02
     vertex  7.916626e-03 -4.190000e-01  9.589591e-03
   endloop
 endfacet
 facet normal  0.000000e+00 -1.000000e+00  0.000000e+00
   outer loop
     vertex  7.446352e-03 -4.190000e-01  9.574822e-03
     vertex  7.187500e-03 -4.190000e-01  1.000000e-02
     vertex  6.960307e-03 -4.190000e-01  9.578369e-03
   endloop
 endfacet
 facet normal -0.000000e+00 -1.000000e+00  0.000000e+00
   outer loop
     vertex  6.485979e-03 -4.190000e-01  9.587668e-03
     vertex  6.250000e-03 -4.190000e-01  1.000000e-02
     vertex  6.010965e-03 -4.190000e-01  9.586984e-03
   endloop
 endfacet
 facet normal -0.000000e+00 -1.000000e+00  0.000000e+00
   outer loop
     vertex  5.534648e-03 -4.190000e-01  9.582287e-03
     vertex  5.312500e-03 -4.190000e-01  1.000000e-02
     vertex  5.057849e-03 -4.190000e-01  9.569544e-03
   endloop
 endfacet
 facet normal  0.000000e+00 -1.000000e+00  0.000000e+00
   outer loop
     vertex  4.575474e-03 -4.190000e-01  9.576658e-03
     vertex  4.375000e-03 -4.190000e-01  1.000000e-02
     vertex  4.123205e-03 -4.190000e-01  9.620440e-03
   endloop
 endfacet
 facet normal -0.000000e+00 -1.000000e+00  0.000000e+00
   outer loop
     vertex  3.711531e-03 -4.190000e-01  9.692752e-03
     vertex  3.437500e-03 -4.190000e-01  1.000000e-02
     vertex  3.337563e-03 -4.190000e-01  9.544247e-03
   endloop
 endfacet
 facet normal  3.875011e-07 -1.000000e+00  7.329125e-09
   outer loop
     vertex  2.966592e-03 -4.190000e-01  8.260596e-03
     vertex  2.500000e-03 -4.190000e-01  8.000000e-03
     vertex  2.976134e-03 -4.190000e-01  7.756071e-03
   endloop
 endfacet
 facet normal  3.902972e-07 -1.000000e+00 -1.866861e-09
   outer loop
     vertex  2.969324e-03 -4.190000e-01  7.247024e-03
     vertex  2.500000e-03 -4.190000e-01  7.000000e-03
     vertex  2.966984e-03 -4.190000e-01  6.757740e-03
   endloop
 endfacet
 facet normal  3.910407e-07 -1.000000e+00  1.098763e-09
   outer loop
     vertex  2.966545e-03 -4.190000e-01  6.252045e-03
     vertex  2.500000e-03 -4.190000e-01  6.000000e-03
     vertex  2.967967e-03 -4.190000e-01  5.745959e-03
   endloop
 endfacet
 facet normal  3.913652e-07 -1.000000e+00  2.222558e-10
   outer loop
     vertex  2.966729e-03 -4.190000e-01  5.239816e-03
     vertex  2.500000e-03 -4.190000e-01  5.000000e-03
     vertex  2.967004e-03 -4.190000e-01  4.755079e-03
   endloop
 endfacet
 facet normal  3.904802e-07 -1.000000e+00  4.195716e-09
   outer loop
     vertex  2.965220e-03 -4.190000e-01  4.251633e-03
     vertex  2.500000e-03 -4.190000e-01  4.000000e-03
     vertex  2.970638e-03 -4.190000e-01  3.747353e-03
   endloop
 endfacet
 facet normal  3.939696e-07 -1.000000e+00 -1.336177e-09
   outer loop
     vertex  2.964615e-03 -4.190000e-01  3.246425e-03
     vertex  2.500000e-03 -4.190000e-01  3.000000e-03
     vertex  2.962907e-03 -4.190000e-01  2.742802e-03
   endloop
 endfacet
 facet normal  4.014305e-07 -1.000000e+00 -1.328143e-08
   outer loop
     vertex  2.963292e-03 -4.190000e-01  2.245801e-03
     vertex  2.500000e-03 -4.190000e-01  2.000000e-03
     vertex  2.946948e-03 -4.190000e-01  1.751829e-03
   endloop
 endfacet
 facet normal  0.000000e+00 -1.000000e+00  0.000000e+00
   outer loop
     vertex  4.142022e-03 -4.190000e-01  4.388280e-04
     vertex  4.375000e-03 -4.190000e-01  0.000000e+00
     vertex  4.611054e-03 -4.190000e-01  4.497324e-04
   endloop
 endfacet
 facet normal  0.000000e+00 -1.000000e+00  0.000000e+00
   outer loop
     vertex  5.068644e-03 -4.190000e-01  4.533980e-04
     vertex  5.312500e-03 -4.190000e-01  0.000000e+00
     vertex  5.533190e-03 -4.190000e-01  4.502893e-04
   endloop
 endfacet
 facet normal  0.000000e+00 -1.000000e+00  0.000000e+00
   outer loop
     vertex  6.013414e-03 -4.190000e-01  4.453193e-04
     vertex  6.250000e-03 -4.190000e-01  0.000000e+00
     vertex  6.497541e-03 -4.190000e-01  4.504747e-04
   endloop
 endfacet
 facet normal  0.000000e+00 -1.000000e+00  0.000000e+00
   outer loop
     vertex  6.972102e-03 -4.190000e-01  4.570602e-04
     vertex  7.187500e-03 -4.190000e-01  0.000000e+00
     vertex  7.441560e-03 -4.190000e-01  4.599146e-04
   endloop
 endfacet
 facet normal  0.000000e+00 -1.000000e+00  0.000000e+00
   outer loop
     vertex  7.914238e-03 -4.190000e-01  4.482512e-04
     vertex  8.125000e-03 -4.190000e-01  0.000000e+00
     vertex  8.384027e-03 -4.190000e-01  4.175441e-04
   endloop
 endfacet
 facet normal  0.000000e+00 -1.000000e+00  0.000000e+00
   outer loop
     vertex  8.788968e-03 -4.190000e-01  3.435006e-04
     vertex  9.062500e-03 -4.190000e-01  0.000000e+00
     vertex  9.163725e-03 -4.190000e-01  4.836625e-04
   endloop
 endfacet
 facet normal  7.197065e-06 -1.000000e+00  1.181528e-07
   outer loop
     vertex  9.547268e-03 -4.190000e-01  7.249265e-03
     vertex  1.000000e-02 -4.190000e-01  7.500000e-03
     vertex  9.538924e-03 -4.190000e-01  7.757539e-03
   endloop
 endfacet
 facet normal  7.197712e-06 -1.000000e+00 -1.834664e-07
   outer loop
     vertex  9.537091e-03 -4.190000e-01  8.260604e-03
     vertex  1.000000e-02 -4.190000e-01  8.500000e-03
     vertex  9.549694e-03 -4.190000e-01  8.755069e-03
   endloop
 endfacet
 facet normal -0.000000e+00 -1.000000e+00  0.000000e+00
   outer loop
     vertex  6.010965e-03 -4.190000e-01  9.586984e-03
     vertex  5.781250e-03 -4.190000e-01  1.000000e-02
     vertex  5.534648e-03 -4.190000e-01  9.582287e-03
   endloop
 endfacet
 facet normal  0.000000e+00 -1.000000e+00  0.000000e+00
   outer loop
     vertex  5.057849e-03 -4.190000e-01  9.569544e-03
     vertex  4.843750e-03 -4.190000e-01  1.000000e-02
     vertex  4.575474e-03 -4.190000e-01  9.576658e-03
   endloop
 endfacet
 facet normal  0.000000e+00 -1.000000e+00  0.000000e+00
   outer loop
     vertex  4.123205e-03 -4.190000e-01  9.620440e-03
     vertex  3.906250e-03 -4.190000e-01  1.000000e-02
     vertex  3.711531e-03 -4.190000e-01  9.692752e-03
   endloop
 endfacet
 facet normal  3.909466e-07 -1.000000e+00 -9.558674e-10
   outer loop
     vertex  2.967967e-03 -4.190000e-01  5.745959e-03
     vertex  2.500000e-03 -4.190000e-01  5.500000e-03
     vertex  2.966729e-03 -4.190000e-01  5.239816e-03
   endloop
 endfacet
 facet normal  3.920077e-07 -1.000000e+00 -1.389671e-09
   outer loop
     vertex  2.967004e-03 -4.190000e-01  4.755079e-03
     vertex  2.500000e-03 -4.190000e-01  4.500000e-03
     vertex  2.965220e-03 -4.190000e-01  4.251633e-03
   endloop
 endfacet
 facet normal  3.906969e-07 -1.000000e+00 -4.697914e-09
   outer loop
     vertex  2.970638e-03 -4.190000e-01  3.747353e-03
     vertex  2.500000e-03 -4.190000e-01  3.500000e-03
     vertex  2.964615e-03 -4.190000e-01  3.246425e-03
   endloop
 endfacet
 facet normal  3.945517e-07 -1.000000e+00  3.056211e-10
   outer loop
     vertex  2.962907e-03 -4.190000e-01  2.742802e-03
     vertex  2.500000e-03 -4.190000e-01  2.500000e-03
     vertex  2.963292e-03 -4.190000e-01  2.245801e-03
   endloop
 endfacet
 facet normal  4.146251e-07 -1.000000e+00 -1.032931e-08
   outer loop
     vertex  2.946948e-03 -4.190000e-01  1.751829e-03
     vertex  2.500000e-03 -4.190000e-01  1.500000e-03
     vertex  2.934733e-03 -4.190000e-01  1.261505e-03
   endloop
 endfacet
 facet normal  0.000000e+00 -1.000000e+00  0.000000e+00
   outer loop
     vertex  6.497541e-03 -4.190000e-01  4.504747e-04
     vertex  6.718750e-03 -4.190000e-01  0.000000e+00
     vertex  6.972102e-03 -4.190000e-01  4.570602e-04
   endloop
 endfacet
 facet normal  0.000000e+00 -1.000000e+00  0.000000e+00
   outer loop
     vertex  7.441560e-03 -4.190000e-01  4.599146e-04
     vertex  7.656250e-03 -4.190000e-01  0.000000e+00
     vertex  7.914238e-03 -4.190000e-01  4.482512e-04
   endloop
 endfacet
 facet normal  0.000000e+00 -1.000000e+00  0.000000e+00
   outer loop
     vertex  8.384027e-03 -4.190000e-01  4.175441e-04
     vertex  8.593750e-03 -4.190000e-01  0.000000e+00
     vertex  8.788968e-03 -4.190000e-01  3.435006e-04
   endloop
 endfacet
 facet normal  7.235321e-06 -1.000000e+00  1.056069e-07
   outer loop
     vertex  9.549230e-03 -4.190000e-01  3.249048e-03
     vertex  1.000000e-02 -4.190000e-01  3.500000e-03
     vertex  9.541961e-03 -4.190000e-01  3.747040e-03
   endloop
 endfacet
 facet normal  7.203172e-06 -1.000000e+00 -1.468900e-07
   outer loop
     vertex  9.538372e-03 -4.190000e-01  2.246596e-03
     vertex  1.000000e-02 -4.190000e-01  2.500000e-03
     vertex  9.548567e-03 -4.190000e-01  2.746578e-03
   endloop
 endfacet
 facet normal  0.000000e+00 -1.000000e+00  0.000000e+00
   outer loop
     vertex  6.960307e-03 -4.190000e-01  9.578369e-03
     vertex  6.718750e-03 -4.190000e-01  1.000000e-02
     vertex  6.485979e-03 -4.190000e-01  9.587668e-03
   endloop
 endfacet
 facet normal -0.000000e+00 -1.000000e+00  0.000000e+00
   outer loop
     vertex  7.916626e-03 -4.190000e-01  9.589591e-03
     vertex  7.656250e-03 -4.190000e-01  1.000000e-02
     vertex  7.446352e-03 -4.190000e-01  9.574822e-03
   endloop
 endfacet
 facet normal  3.914534e-07 -1.000000e+00 -3.402158e-10
   outer loop
     vertex  2.966984e-03 -4.190000e-01  6.757740e-03
     vertex  2.500000e-03 -4.190000e-01  6.500000e-03
     vertex  2.966545e-03 -4.190000e-01  6.252045e-03
   endloop
 endfacet
 facet normal  3.865273e-07 -1.000000e+00 -5.170913e-09
   outer loop
     vertex  2.976134e-03 -4.190000e-01  7.756071e-03
     vertex  2.500000e-03 -4.190000e-01  7.500000e-03
     vertex  2.969324e-03 -4.190000e-01  7.247024e-03
   endloop
 endfacet
 facet normal  3.007059e-07 -1.000000e+00  1.994144e-07
   outer loop
     vertex  2.897159e-03 -4.190000e-01  8.173633e-04
     vertex  2.500000e-03 -4.190000e-01  5.000000e-04
     vertex  3.146752e-03 -4.190000e-01  4.409905e-04
   endloop
 endfacet
 facet normal  0.000000e+00 -1.000000e+00  0.000000e+00
   outer loop
     vertex  5.533190e-03 -4.190000e-01  4.502893e-04
     vertex  5.781250e-03 -4.190000e-01  0.000000e+00
     vertex  6.013414e-03 -4.190000e-01  4.453193e-04
   endloop
 endfacet
 facet normal  0.000000e+00 -1.000000e+00  0.000000e+00
   outer loop
     vertex  4.611054e-03 -4.190000e-01  4.497324e-04
     vertex  4.843750e-03 -4.190000e-01  0.000000e+00
     vertex  5.068644e-03 -4.190000e-01  4.533980e-04
   endloop
 endfacet
 facet normal  0.000000e+00 -1.000000e+00  0.000000e+00
   outer loop
     vertex  9.566222e-03 -4.190000e-01  1.228342e-03
     vertex  9.542301e-03 -4.190000e-01  1.750047e-03
     vertex  9.077831e-03 -4.190000e-01  1.494889e-03
   endloop
 endfacet
 facet normal -0.000000e+00 -1.000000e+00  0.000000e+00
   outer loop
     vertex  6.960307e-03 -4.190000e-01  9.578369e-03
     vertex  6.485979e-03 -4.190000e-01  9.587668e-03
     vertex  6.729815e-03 -4.190000e-01  9.124802e-03
   endloop
 endfacet
 facet normal  0.000000e+00 -1.000000e+00  0.000000e+00
   outer loop
     vertex  9.541961e-03 -4.190000e-01  3.747040e-03
     vertex  9.540695e-03 -4.190000e-01  4.249953e-03
     vertex  9.098730e-03 -4.190000e-01  3.985766e-03
   endloop
 endfacet
 facet normal  0.000000e+00 -1.000000e+00  0.000000e+00
   outer loop
     vertex  9.538372e-03 -4.190000e-01  2.246596e-03
     vertex  9.548567e-03 -4.190000e-01  2.746578e-03
     vertex  9.093698e-03 -4.190000e-01  2.494194e-03
   endloop
 endfacet
 facet normal  0.000000e+00 -1.000000e+00  0.000000e+00
   outer loop
     vertex  9.549210e-03 -4.190000e-01  4.752517e-03
     vertex  9.547376e-03 -4.190000e-01  5.252740e-03
     vertex  9.082482e-03 -4.190000e-01  5.006852e-03
   endloop
 endfacet
 facet normal  0.000000e+00 -1.000000e+00  0.000000e+00
   outer loop
     vertex  2.966592e-03 -4.190000e-01  8.260596e-03
     vertex  2.976134e-03 -4.190000e-01  7.756071e-03
     vertex  3.420295e-03 -4.190000e-01  8.022099e-03
   endloop
 endfacet
 facet normal  0.000000e+00 -1.000000e+00  0.000000e+00
   outer loop
     vertex  9.540156e-03 -4.190000e-01  5.749511e-03
     vertex  9.541781e-03 -4.190000e-01  6.251330e-03
     vertex  9.095735e-03 -4.190000e-01  5.990872e-03
   endloop
 endfacet
 facet normal  0.000000e+00 -1.000000e+00  0.000000e+00
   outer loop
     vertex  8.383714e-03 -4.190000e-01  9.617496e-03
     vertex  7.916626e-03 -4.190000e-01  9.589591e-03
     vertex  8.198241e-03 -4.190000e-01  9.139366e-03
   endloop
 endfacet
 facet normal  0.000000e+00 -1.000000e+00  0.000000e+00
   outer loop
     vertex  9.548594e-03 -4.190000e-01  6.758618e-03
     vertex  9.547268e-03 -4.190000e-01  7.249265e-03
     vertex  9.104309e-03 -4.190000e-01  7.005265e-03
   endloop
 endfacet
 facet normal  0.000000e+00 -1.000000e+00 -0.000000e+00
   outer loop
     vertex  2.934733e-03 -4.190000e-01  1.261505e-03
     vertex  2.897159e-03 -4.190000e-01  8.173633e-04
     vertex  3.361535e-03 -4.190000e-01  9.294397e-04
   endloop
 endfacet
 facet normal  0.000000e+00 -1.000000e+00  0.000000e+00
   outer loop
     vertex  9.538924e-03 -4.190000e-01  7.757539e-03
     vertex  9.537091e-03 -4.190000e-01  8.260604e-03
     vertex  9.087858e-03 -4.190000e-01  8.023942e-03
   endloop
 endfacet
 facet normal  0.000000e+00 -1.000000e+00  0.000000e+00
   outer loop
     vertex  9.549694e-03 -4.190000e-01  8.755069e-03
     vertex  9.601569e-03 -4.190000e-01  9.188656e-03
     vertex  9.109868e-03 -4.190000e-01  9.083344e-03
   endloop
 endfacet
 facet normal  0.000000e+00 -1.000000e+00  0.000000e+00
   outer loop
     vertex  6.010965e-03 -4.190000e-01  9.586984e-03
     vertex  5.534648e-03 -4.190000e-01  9.582287e-03
     vertex  5.768196e-03 -4.190000e-01  9.118241e-03
   endloop
 endfacet
 facet normal  0.000000e+00 -1.000000e+00  0.000000e+00
   outer loop
     vertex  9.547376e-03 -4.190000e-01  5.252740e-03
     vertex  9.540156e-03 -4.190000e-01  5.749511e-03
     vertex  9.088456e-03 -4.190000e-01  5.500547e-03
   endloop
 endfacet
 facet normal -0.000000e+00 -1.000000e+00  0.000000e+00
   outer loop
     vertex  9.540156e-03 -4.190000e-01  5.749511e-03
     vertex  9.095735e-03 -4.190000e-01  5.990872e-03
     vertex  9.088456e-03 -4.190000e-01  5.500547e-03
   endloop
 endfacet
 facet normal  0.000000e+00 -1.000000e+00  0.000000e+00
   outer loop
     vertex  9.541781e-03 -4.190000e-01  6.251330e-03
     vertex  9.548594e-03 -4.190000e-01  6.758618e-03
     vertex  9.103399e-03 -4.190000e-01  6.506531e-03
   endloop
 endfacet
 facet normal -0.000000e+00 -1.000000e+00  0.000000e+00
   outer loop
     vertex  9.548594e-03 -4.190000e-01  6.758618e-03
     vertex  9.104309e-03 -4.190000e-01  7.005265e-03
     vertex  9.103399e-03 -4.190000e-01  6.506531e-03
   endloop
 endfacet
 facet normal -0.000000e+00 -1.000000e+00  0.000000e+00
   outer loop
     vertex  8.871378e-03 -4.190000e-01  9.613198e-03
     vertex  8.383714e-03 -4.190000e-01  9.617496e-03
     vertex  8.648704e-03 -4.190000e-01  9.237565e-03
   endloop
 endfacet
 facet normal  0.000000e+00 -1.000000e+00 -0.000000e+00
   outer loop
     vertex  8.383714e-03 -4.190000e-01  9.617496e-03
     vertex  8.198241e-03 -4.190000e-01  9.139366e-03
     vertex  8.648704e-03 -4.190000e-01  9.237565e-03
   endloop
 endfacet
 facet normal  0.000000e+00 -1.000000e+00 -0.000000e+00
   outer loop
     vertex  2.966984e-03 -4.190000e-01  6.757740e-03
     vertex  2.966545e-03 -4.190000e-01  6.252045e-03
     vertex  3.396763e-03 -4.190000e-01  6.502257e-03
   endloop
 endfacet
 facet normal  0.000000e+00 -1.000000e+00  0.000000e+00
   outer loop
     vertex  6.485979e-03 -4.190000e-01  9.587668e-03
     vertex  6.010965e-03 -4.190000e-01  9.586984e-03
     vertex  6.249087e-03 -4.190000e-01  9.122627e-03
   endloop
 endfacet
 facet normal -0.000000e+00 -1.000000e+00  0.000000e+00
   outer loop
     vertex  6.729815e-03 -4.190000e-01  9.124802e-03
     vertex  6.485979e-03 -4.190000e-01  9.587668e-03
     vertex  6.249087e-03 -4.190000e-01  9.122627e-03
   endloop
 endfacet
 facet normal  0.000000e+00 -1.000000e+00 -0.000000e+00
   outer loop
     vertex  6.010965e-03 -4.190000e-01  9.586984e-03
     vertex  5.768196e-03 -4.190000e-01  9.118241e-03
     vertex  6.249087e-03 -4.190000e-01  9.122627e-03
   endloop
 endfacet
 facet normal -0.000000e+00 -1.000000e+00  0.000000e+00
   outer loop
     vertex  5.057849e-03 -4.190000e-01  9.569544e-03
     vertex  4.575474e-03 -4.190000e-01  9.576658e-03
     vertex  4.768080e-03 -4.190000e-01  9.097946e-03
   endloop
 endfacet
 facet normal -0.000000e+00 -1.000000e+00  0.000000e+00
   outer loop
     vertex  4.123205e-03 -4.190000e-01  9.620440e-03
     vertex  3.711531e-03 -4.190000e-01  9.692752e-03
     vertex  3.784684e-03 -4.190000e-01  9.264084e-03
   endloop
 endfacet
 facet normal  0.000000e+00 -1.000000e+00 -0.000000e+00
   outer loop
     vertex  2.967967e-03 -4.190000e-01  5.745959e-03
     vertex  2.966729e-03 -4.190000e-01  5.239816e-03
     vertex  3.398118e-03 -4.190000e-01  5.486293e-03
   endloop
 endfacet
 facet normal  0.000000e+00 -1.000000e+00  0.000000e+00
   outer loop
     vertex  9.540695e-03 -4.190000e-01  4.249953e-03
     vertex  9.549210e-03 -4.190000e-01  4.752517e-03
     vertex  9.099081e-03 -4.190000e-01  4.514600e-03
   endloop
 endfacet
 facet normal  0.000000e+00 -1.000000e+00  0.000000e+00
   outer loop
     vertex  9.098730e-03 -4.190000e-01  3.985766e-03
     vertex  9.540695e-03 -4.190000e-01  4.249953e-03
     vertex  9.099081e-03 -4.190000e-01  4.514600e-03
   endloop
 endfacet
 facet normal -0.000000e+00 -1.000000e+00  0.000000e+00
   outer loop
     vertex  9.549210e-03 -4.190000e-01  4.752517e-03
     vertex  9.082482e-03 -4.190000e-01  5.006852e-03
     vertex  9.099081e-03 -4.190000e-01  4.514600e-03
   endloop
 endfacet
 facet normal  0.000000e+00 -1.000000e+00  0.000000e+00
   outer loop
     vertex  2.932346e-03 -4.190000e-01  9.289875e-03
     vertex  2.958047e-03 -4.190000e-01  8.771543e-03
     vertex  3.375992e-03 -4.190000e-01  9.021348e-03
   endloop
 endfacet
 facet normal  0.000000e+00 -1.000000e+00  0.000000e+00
   outer loop
     vertex  5.533190e-03 -4.190000e-01  4.502893e-04
     vertex  6.013414e-03 -4.190000e-01  4.453193e-04
     vertex  5.764503e-03 -4.190000e-01  9.239967e-04
   endloop
 endfacet
 facet normal  0.000000e+00 -1.000000e+00  0.000000e+00
   outer loop
     vertex  2.958047e-03 -4.190000e-01  8.771543e-03
     vertex  2.966592e-03 -4.190000e-01  8.260596e-03
     vertex  3.403875e-03 -4.190000e-01  8.514484e-03
   endloop
 endfacet
 facet normal  0.000000e+00 -1.000000e+00  0.000000e+00
   outer loop
     vertex  2.966592e-03 -4.190000e-01  8.260596e-03
     vertex  3.420295e-03 -4.190000e-01  8.022099e-03
     vertex  3.403875e-03 -4.190000e-01  8.514484e-03
   endloop
 endfacet
 facet normal  0.000000e+00 -1.000000e+00  0.000000e+00
   outer loop
     vertex  2.897159e-03 -4.190000e-01  8.173633e-04
     vertex  3.146752e-03 -4.190000e-01  4.409905e-04
     vertex  3.361535e-03 -4.190000e-01  9.294397e-04
   endloop
 endfacet
 facet normal  0.000000e+00 -1.000000e+00  0.000000e+00
   outer loop
     vertex  2.966545e-03 -4.190000e-01  6.252045e-03
     vertex  2.967967e-03 -4.190000e-01  5.745959e-03
     vertex  3.388730e-03 -4.190000e-01  6.002177e-03
   endloop
 endfacet
 facet normal  0.000000e+00 -1.000000e+00  0.000000e+00
   outer loop
     vertex  2.967967e-03 -4.190000e-01  5.745959e-03
     vertex  3.398118e-03 -4.190000e-01  5.486293e-03
     vertex  3.388730e-03 -4.190000e-01  6.002177e-03
   endloop
 endfacet
 facet normal  0.000000e+00 -1.000000e+00 -0.000000e+00
   outer loop
     vertex  2.967004e-03 -4.190000e-01  4.755079e-03
     vertex  2.965220e-03 -4.190000e-01  4.251633e-03
     vertex  3.407959e-03 -4.190000e-01  4.512468e-03
   endloop
 endfacet
 facet normal  0.000000e+00 -1.000000e+00 -0.000000e+00
   outer loop
     vertex  2.970638e-03 -4.190000e-01  3.747353e-03
     vertex  2.964615e-03 -4.190000e-01  3.246425e-03
     vertex  3.406828e-03 -4.190000e-01  3.491429e-03
   endloop
 endfacet
 facet normal  0.000000e+00 -1.000000e+00  0.000000e+00
   outer loop
     vertex  2.962907e-03 -4.190000e-01  2.742802e-03
     vertex  2.963292e-03 -4.190000e-01  2.245801e-03
     vertex  3.402524e-03 -4.190000e-01  2.481531e-03
   endloop
 endfacet
 facet normal  0.000000e+00 -1.000000e+00 -0.000000e+00
   outer loop
     vertex  2.946948e-03 -4.190000e-01  1.751829e-03
     vertex  2.934733e-03 -4.190000e-01  1.261505e-03
     vertex  3.333444e-03 -4.190000e-01  1.491573e-03
   endloop
 endfacet
 facet normal  0.000000e+00 -1.000000e+00  0.000000e+00
   outer loop
     vertex  2.934733e-03 -4.190000e-01  1.261505e-03
     vertex  3.361535e-03 -4.190000e-01  9.294397e-04
     vertex  3.333444e-03 -4.190000e-01  1.491573e-03
   endloop
 endfacet
 facet normal  0.000000e+00 -1.000000e+00  0.000000e+00
   outer loop
     vertex  4.142022e-03 -4.190000e-01  4.388280e-04
     vertex  4.611054e-03 -4.190000e-01  4.497324e-04
     vertex  4.379339e-03 -4.190000e-01  8.855016e-04
   endloop
 endfacet
 facet normal  0.000000e+00 -1.000000e+00  0.000000e+00
   outer loop
     vertex  6.497541e-03 -4.190000e-01  4.504747e-04
     vertex  6.972102e-03 -4.190000e-01  4.570602e-04
     vertex  6.738113e-03 -4.190000e-01  8.958403e-04
   endloop
 endfacet
 facet normal  0.000000e+00 -1.000000e+00  0.000000e+00
   outer loop
     vertex  9.542301e-03 -4.190000e-01  1.750047e-03
     vertex  9.538372e-03 -4.190000e-01  2.246596e-03
     vertex  9.085087e-03 -4.190000e-01  1.988897e-03
   endloop
 endfacet
 facet normal -0.000000e+00 -1.000000e+00  0.000000e+00
   outer loop
     vertex  9.538372e-03 -4.190000e-01  2.246596e-03
     vertex  9.093698e-03 -4.190000e-01  2.494194e-03
     vertex  9.085087e-03 -4.190000e-01  1.988897e-03
   endloop
 endfacet
 facet normal  0.000000e+00 -1.000000e+00  0.000000e+00
   outer loop
     vertex  3.146752e-03 -4.190000e-01  4.409905e-04
     vertex  3.637954e-03 -4.190000e-01  4.504699e-04
     vertex  3.361535e-03 -4.190000e-01  9.294397e-04
   endloop
 endfacet
 facet normal  0.000000e+00 -1.000000e+00  0.000000e+00
   outer loop
     vertex  9.587202e-03 -4.190000e-01  7.196203e-04
     vertex  9.566222e-03 -4.190000e-01  1.228342e-03
     vertex  9.116652e-03 -4.190000e-01  9.943029e-04
   endloop
 endfacet
 facet normal -0.000000e+00 -1.000000e+00  0.000000e+00
   outer loop
     vertex  9.566222e-03 -4.190000e-01  1.228342e-03
     vertex  9.077831e-03 -4.190000e-01  1.494889e-03
     vertex  9.116652e-03 -4.190000e-01  9.943029e-04
   endloop
 endfacet
 facet normal  0.000000e+00 -1.000000e+00  0.000000e+00
   outer loop
     vertex  3.637954e-03 -4.190000e-01  4.504699e-04
     vertex  4.142022e-03 -4.190000e-01  4.388280e-04
     vertex  3.907719e-03 -4.190000e-01  8.801402e-04
   endloop
 endfacet
 facet normal  0.000000e+00 -1.000000e+00  0.000000e+00
   outer loop
     vertex  3.361535e-03 -4.190000e-01  9.294397e-04
     vertex  3.637954e-03 -4.190000e-01  4.504699e-04
     vertex  3.907719e-03 -4.190000e-01  8.801402e-04
   endloop
 endfacet
 facet normal  0.000000e+00 -1.000000e+00  0.000000e+00
   outer loop
     vertex  4.142022e-03 -4.190000e-01  4.388280e-04
     vertex  4.379339e-03 -4.190000e-01  8.855016e-04
     vertex  3.907719e-03 -4.190000e-01  8.801402e-04
   endloop
 endfacet
 facet normal  0.000000e+00 -1.000000e+00  0.000000e+00
   outer loop
     vertex  6.013414e-03 -4.190000e-01  4.453193e-04
     vertex  6.497541e-03 -4.190000e-01  4.504747e-04
     vertex  6.250046e-03 -4.190000e-01  9.198767e-04
   endloop
 endfacet
 facet normal  0.000000e+00 -1.000000e+00  0.000000e+00
   outer loop
     vertex  5.764503e-03 -4.190000e-01  9.239967e-04
     vertex  6.013414e-03 -4.190000e-01  4.453193e-04
     vertex  6.250046e-03 -4.190000e-01  9.198767e-04
   endloop
 endfacet
 facet normal  0.000000e+00 -1.000000e+00  0.000000e+00
   outer loop
     vertex  6.497541e-03 -4.190000e-01  4.504747e-04
     vertex  6.738113e-03 -4.190000e-01  8.958403e-04
     vertex  6.250046e-03 -4.190000e-01  9.198767e-04
   endloop
 endfacet
 facet normal  0.000000e+00 -1.000000e+00  0.000000e+00
   outer loop
     vertex  7.441560e-03 -4.190000e-01  4.599146e-04
     vertex  7.914238e-03 -4.190000e-01  4.482512e-04
     vertex  7.726632e-03 -4.190000e-01  9.105807e-04
   endloop
 endfacet
 facet normal  0.000000e+00 -1.000000e+00  0.000000e+00
   outer loop
     vertex  8.384027e-03 -4.190000e-01  4.175441e-04
     vertex  8.788968e-03 -4.190000e-01  3.435006e-04
     vertex  8.722437e-03 -4.190000e-01  7.494190e-04
   endloop
 endfacet
 facet normal  0.000000e+00 -1.000000e+00  0.000000e+00
   outer loop
     vertex  9.549230e-03 -4.190000e-01  3.249048e-03
     vertex  9.541961e-03 -4.190000e-01  3.747040e-03
     vertex  9.093103e-03 -4.190000e-01  3.496167e-03
   endloop
 endfacet
 facet normal -0.000000e+00 -1.000000e+00  0.000000e+00
   outer loop
     vertex  9.541961e-03 -4.190000e-01  3.747040e-03
     vertex  9.098730e-03 -4.190000e-01  3.985766e-03
     vertex  9.093103e-03 -4.190000e-01  3.496167e-03
   endloop
 endfacet
 facet normal  0.000000e+00 -1.000000e+00  0.000000e+00
   outer loop
     vertex  9.547268e-03 -4.190000e-01  7.249265e-03
     vertex  9.538924e-03 -4.190000e-01  7.757539e-03
     vertex  9.099195e-03 -4.190000e-01  7.511713e-03
   endloop
 endfacet
 facet normal -0.000000e+00 -1.000000e+00  0.000000e+00
   outer loop
     vertex  9.538924e-03 -4.190000e-01  7.757539e-03
     vertex  9.087858e-03 -4.190000e-01  8.023942e-03
     vertex  9.099195e-03 -4.190000e-01  7.511713e-03
   endloop
 endfacet
 facet normal -0.000000e+00 -1.000000e+00  0.000000e+00
   outer loop
     vertex  9.601569e-03 -4.190000e-01  9.188656e-03
     vertex  9.352968e-03 -4.190000e-01  9.596551e-03
     vertex  9.109868e-03 -4.190000e-01  9.083344e-03
   endloop
 endfacet
 facet normal  0.000000e+00 -1.000000e+00  0.000000e+00
   outer loop
     vertex  9.548567e-03 -4.190000e-01  2.746578e-03
     vertex  9.549230e-03 -4.190000e-01  3.249048e-03
     vertex  9.089209e-03 -4.190000e-01  2.997750e-03
   endloop
 endfacet
 facet normal -0.000000e+00 -1.000000e+00  0.000000e+00
   outer loop
     vertex  9.549230e-03 -4.190000e-01  3.249048e-03
     vertex  9.093103e-03 -4.190000e-01  3.496167e-03
     vertex  9.089209e-03 -4.190000e-01  2.997750e-03
   endloop
 endfacet
 facet normal -0.000000e+00 -1.000000e+00  0.000000e+00
   outer loop
     vertex  7.446352e-03 -4.190000e-01  9.574822e-03
     vertex  6.960307e-03 -4.190000e-01  9.578369e-03
     vertex  7.220903e-03 -4.190000e-01  9.123700e-03
   endloop
 endfacet
 facet normal  0.000000e+00 -1.000000e+00 -0.000000e+00
   outer loop
     vertex  6.960307e-03 -4.190000e-01  9.578369e-03
     vertex  6.729815e-03 -4.190000e-01  9.124802e-03
     vertex  7.220903e-03 -4.190000e-01  9.123700e-03
   endloop
 endfacet
 facet normal  0.000000e+00 -1.000000e+00 -0.000000e+00
   outer loop
     vertex  2.969324e-03 -4.190000e-01  7.247024e-03
     vertex  2.966984e-03 -4.190000e-01  6.757740e-03
     vertex  3.407164e-03 -4.190000e-01  7.001143e-03
   endloop
 endfacet
 facet normal  0.000000e+00 -1.000000e+00  0.000000e+00
   outer loop
     vertex  2.966984e-03 -4.190000e-01  6.757740e-03
     vertex  3.396763e-03 -4.190000e-01  6.502257e-03
     vertex  3.407164e-03 -4.190000e-01  7.001143e-03
   endloop
 endfacet
 facet normal  0.000000e+00 -1.000000e+00  0.000000e+00
   outer loop
     vertex  5.068644e-03 -4.190000e-01  4.533980e-04
     vertex  5.533190e-03 -4.190000e-01  4.502893e-04
     vertex  5.292670e-03 -4.190000e-01  8.992902e-04
   endloop
 endfacet
 facet normal  0.000000e+00 -1.000000e+00  0.000000e+00
   outer loop
     vertex  5.533190e-03 -4.190000e-01  4.502893e-04
     vertex  5.764503e-03 -4.190000e-01  9.239967e-04
     vertex  5.292670e-03 -4.190000e-01  8.992902e-04
   endloop
 endfacet
 facet normal  0.000000e+00 -1.000000e+00  0.000000e+00
   outer loop
     vertex  9.104309e-03 -4.190000e-01  7.005265e-03
     vertex  9.547268e-03 -4.190000e-01  7.249265e-03
     vertex  9.099195e-03 -4.190000e-01  7.511713e-03
   endloop
 endfacet
 facet normal -0.000000e+00 -1.000000e+00  0.000000e+00
   outer loop
     vertex  8.198241e-03 -4.190000e-01  9.139366e-03
     vertex  7.916626e-03 -4.190000e-01  9.589591e-03
     vertex  7.720411e-03 -4.190000e-01  9.104119e-03
   endloop
 endfacet
 facet normal  0.000000e+00 -1.000000e+00  0.000000e+00
   outer loop
     vertex  7.916626e-03 -4.190000e-01  9.589591e-03
     vertex  7.446352e-03 -4.190000e-01  9.574822e-03
     vertex  7.720411e-03 -4.190000e-01  9.104119e-03
   endloop
 endfacet
 facet normal -0.000000e+00 -1.000000e+00  0.000000e+00
   outer loop
     vertex  9.541781e-03 -4.190000e-01  6.251330e-03
     vertex  9.103399e-03 -4.190000e-01  6.506531e-03
     vertex  9.095735e-03 -4.190000e-01  5.990872e-03
   endloop
 endfacet
 facet normal  0.000000e+00 -1.000000e+00 -0.000000e+00
   outer loop
     vertex  8.871378e-03 -4.190000e-01  9.613198e-03
     vertex  8.648704e-03 -4.190000e-01  9.237565e-03
     vertex  9.109868e-03 -4.190000e-01  9.083344e-03
   endloop
 endfacet
 facet normal  0.000000e+00 -1.000000e+00  0.000000e+00
   outer loop
     vertex  9.109868e-03 -4.190000e-01  9.083344e-03
     vertex  9.352968e-03 -4.190000e-01  9.596551e-03
     vertex  8.871378e-03 -4.190000e-01  9.613198e-03
   endloop
 endfacet
 facet normal  0.000000e+00 -1.000000e+00  0.000000e+00
   outer loop
     vertex  9.537091e-03 -4.190000e-01  8.260604e-03
     vertex  9.549694e-03 -4.190000e-01  8.755069e-03
     vertex  9.088956e-03 -4.190000e-01  8.537449e-03
   endloop
 endfacet
 facet normal -0.000000e+00 -1.000000e+00  0.000000e+00
   outer loop
     vertex  9.547376e-03 -4.190000e-01  5.252740e-03
     vertex  9.088456e-03 -4.190000e-01  5.500547e-03
     vertex  9.082482e-03 -4.190000e-01  5.006852e-03
   endloop
 endfacet
 facet normal  0.000000e+00 -1.000000e+00  0.000000e+00
   outer loop
     vertex  9.088956e-03 -4.190000e-01  8.537449e-03
     vertex  9.549694e-03 -4.190000e-01  8.755069e-03
     vertex  9.109868e-03 -4.190000e-01  9.083344e-03
   endloop
 endfacet
 facet normal -0.000000e+00 -1.000000e+00  0.000000e+00
   outer loop
     vertex  9.537091e-03 -4.190000e-01  8.260604e-03
     vertex  9.088956e-03 -4.190000e-01  8.537449e-03
     vertex  9.087858e-03 -4.190000e-01  8.023942e-03
   endloop
 endfacet
 facet normal  0.000000e+00 -1.000000e+00 -0.000000e+00
   outer loop
     vertex  2.968750e-03 -4.190000e-01  1.000000e-02
     vertex  2.932346e-03 -4.190000e-01  9.289875e-03
     vertex  3.337563e-03 -4.190000e-01  9.544247e-03
   endloop
 endfacet
 facet normal  0.000000e+00 -1.000000e+00  0.000000e+00
   outer loop
     vertex  3.420295e-03 -4.190000e-01  8.022099e-03
     vertex  2.976134e-03 -4.190000e-01  7.756071e-03
     vertex  3.404031e-03 -4.190000e-01  7.505622e-03
   endloop
 endfacet
 facet normal  0.000000e+00 -1.000000e+00 -0.000000e+00
   outer loop
     vertex  2.976134e-03 -4.190000e-01  7.756071e-03
     vertex  2.969324e-03 -4.190000e-01  7.247024e-03
     vertex  3.404031e-03 -4.190000e-01  7.505622e-03
   endloop
 endfacet
 facet normal  0.000000e+00 -1.000000e+00  0.000000e+00
   outer loop
     vertex  3.396763e-03 -4.190000e-01  6.502257e-03
     vertex  2.966545e-03 -4.190000e-01  6.252045e-03
     vertex  3.388730e-03 -4.190000e-01  6.002177e-03
   endloop
 endfacet
 facet normal  0.000000e+00 -1.000000e+00 -0.000000e+00
   outer loop
     vertex  3.711531e-03 -4.190000e-01  9.692752e-03
     vertex  3.337563e-03 -4.190000e-01  9.544247e-03
     vertex  3.784684e-03 -4.190000e-01  9.264084e-03
   endloop
 endfacet
 facet normal  0.000000e+00 -1.000000e+00  0.000000e+00
   outer loop
     vertex  5.534648e-03 -4.190000e-01  9.582287e-03
     vertex  5.057849e-03 -4.190000e-01  9.569544e-03
     vertex  5.276230e-03 -4.190000e-01  9.108550e-03
   endloop
 endfacet
 facet normal -0.000000e+00 -1.000000e+00  0.000000e+00
   outer loop
     vertex  4.575474e-03 -4.190000e-01  9.576658e-03
     vertex  4.123205e-03 -4.190000e-01  9.620440e-03
     vertex  4.265814e-03 -4.190000e-01  9.133125e-03
   endloop
 endfacet
 facet normal  0.000000e+00 -1.000000e+00  0.000000e+00
   outer loop
     vertex  3.375992e-03 -4.190000e-01  9.021348e-03
     vertex  3.784684e-03 -4.190000e-01  9.264084e-03
     vertex  3.337563e-03 -4.190000e-01  9.544247e-03
   endloop
 endfacet
 facet normal  0.000000e+00 -1.000000e+00  0.000000e+00
   outer loop
     vertex  7.726632e-03 -4.190000e-01  9.105807e-04
     vertex  7.914238e-03 -4.190000e-01  4.482512e-04
     vertex  8.246729e-03 -4.190000e-01  8.862596e-04
   endloop
 endfacet
 facet normal  0.000000e+00 -1.000000e+00  0.000000e+00
   outer loop
     vertex  7.914238e-03 -4.190000e-01  4.482512e-04
     vertex  8.384027e-03 -4.190000e-01  4.175441e-04
     vertex  8.246729e-03 -4.190000e-01  8.862596e-04
   endloop
 endfacet
 facet normal  0.000000e+00 -1.000000e+00  0.000000e+00
   outer loop
     vertex  2.958047e-03 -4.190000e-01  8.771543e-03
     vertex  3.403875e-03 -4.190000e-01  8.514484e-03
     vertex  3.375992e-03 -4.190000e-01  9.021348e-03
   endloop
 endfacet
 facet normal  0.000000e+00 -1.000000e+00  0.000000e+00
   outer loop
     vertex  9.093698e-03 -4.190000e-01  2.494194e-03
     vertex  9.548567e-03 -4.190000e-01  2.746578e-03
     vertex  9.089209e-03 -4.190000e-01  2.997750e-03
   endloop
 endfacet
 facet normal  0.000000e+00 -1.000000e+00 -0.000000e+00
   outer loop
     vertex  3.406828e-03 -4.190000e-01  3.491429e-03
     vertex  2.964615e-03 -4.190000e-01  3.246425e-03
     vertex  3.410805e-03 -4.190000e-01  2.986359e-03
   endloop
 endfacet
 facet normal  0.000000e+00 -1.000000e+00 -0.000000e+00
   outer loop
     vertex  2.964615e-03 -4.190000e-01  3.246425e-03
     vertex  2.962907e-03 -4.190000e-01  2.742802e-03
     vertex  3.410805e-03 -4.190000e-01  2.986359e-03
   endloop
 endfacet
 facet normal  0.000000e+00 -1.000000e+00  0.000000e+00
   outer loop
     vertex  3.407959e-03 -4.190000e-01  4.512468e-03
     vertex  2.965220e-03 -4.190000e-01  4.251633e-03
     vertex  3.400050e-03 -4.190000e-01  3.992607e-03
   endloop
 endfacet
 facet normal  0.000000e+00 -1.000000e+00  0.000000e+00
   outer loop
     vertex  2.965220e-03 -4.190000e-01  4.251633e-03
     vertex  2.970638e-03 -4.190000e-01  3.747353e-03
     vertex  3.400050e-03 -4.190000e-01  3.992607e-03
   endloop
 endfacet
 facet normal  0.000000e+00 -1.000000e+00  0.000000e+00
   outer loop
     vertex  2.966729e-03 -4.190000e-01  5.239816e-03
     vertex  2.967004e-03 -4.190000e-01  4.755079e-03
     vertex  3.406582e-03 -4.190000e-01  4.989519e-03
   endloop
 endfacet
 facet normal  0.000000e+00 -1.000000e+00  0.000000e+00
   outer loop
     vertex  2.970638e-03 -4.190000e-01  3.747353e-03
     vertex  3.406828e-03 -4.190000e-01  3.491429e-03
     vertex  3.400050e-03 -4.190000e-01  3.992607e-03
   endloop
 endfacet
 facet normal  0.000000e+00 -1.000000e+00  0.000000e+00
   outer loop
     vertex  2.966729e-03 -4.190000e-01  5.239816e-03
     vertex  3.406582e-03 -4.190000e-01  4.989519e-03
     vertex  3.398118e-03 -4.190000e-01  5.486293e-03
   endloop
 endfacet
 facet normal  0.000000e+00 -1.000000e+00  0.000000e+00
   outer loop
     vertex  2.962907e-03 -4.190000e-01  2.742802e-03
     vertex  3.402524e-03 -4.190000e-01  2.481531e-03
     vertex  3.410805e-03 -4.190000e-01  2.986359e-03
   endloop
 endfacet
 facet normal  0.000000e+00 -1.000000e+00 -0.000000e+00
   outer loop
     vertex  2.963292e-03 -4.190000e-01  2.245801e-03
     vertex  2.946948e-03 -4.190000e-01  1.751829e-03
     vertex  3.378083e-03 -4.190000e-01  1.983576e-03
   endloop
 endfacet
 facet normal  0.000000e+00 -1.000000e+00  0.000000e+00
   outer loop
     vertex  4.379339e-03 -4.190000e-01  8.855016e-04
     vertex  4.611054e-03 -4.190000e-01  4.497324e-04
     vertex  4.834286e-03 -4.190000e-01  8.783157e-04
   endloop
 endfacet
 facet normal  0.000000e+00 -1.000000e+00  0.000000e+00
   outer loop
     vertex  4.611054e-03 -4.190000e-01  4.497324e-04
     vertex  5.068644e-03 -4.190000e-01  4.533980e-04
     vertex  4.834286e-03 -4.190000e-01  8.783157e-04
   endloop
 endfacet
 facet normal -0.000000e+00 -1.000000e+00  0.000000e+00
   outer loop
     vertex  9.542301e-03 -4.190000e-01  1.750047e-03
     vertex  9.085087e-03 -4.190000e-01  1.988897e-03
     vertex  9.077831e-03 -4.190000e-01  1.494889e-03
   endloop
 endfacet
 facet normal  0.000000e+00 -1.000000e+00  0.000000e+00
   outer loop
     vertex  4.768080e-03 -4.190000e-01  9.097946e-03
     vertex  4.575474e-03 -4.190000e-01  9.576658e-03
     vertex  4.265814e-03 -4.190000e-01  9.133125e-03
   endloop
 endfacet
 facet normal  0.000000e+00 -1.000000e+00  0.000000e+00
   outer loop
     vertex  8.788968e-03 -4.190000e-01  3.435006e-04
     vertex  9.163725e-03 -4.190000e-01  4.836625e-04
     vertex  8.722437e-03 -4.190000e-01  7.494190e-04
   endloop
 endfacet
 facet normal  0.000000e+00 -1.000000e+00  0.000000e+00
   outer loop
     vertex  6.972102e-03 -4.190000e-01  4.570602e-04
     vertex  7.441560e-03 -4.190000e-01  4.599146e-04
     vertex  7.222817e-03 -4.190000e-01  8.855217e-04
   endloop
 endfacet
 facet normal  0.000000e+00 -1.000000e+00  0.000000e+00
   outer loop
     vertex  8.384027e-03 -4.190000e-01  4.175441e-04
     vertex  8.722437e-03 -4.190000e-01  7.494190e-04
     vertex  8.246729e-03 -4.190000e-01  8.862596e-04
   endloop
 endfacet
 facet normal  0.000000e+00 -1.000000e+00 -0.000000e+00
   outer loop
     vertex  7.446352e-03 -4.190000e-01  9.574822e-03
     vertex  7.220903e-03 -4.190000e-01  9.123700e-03
     vertex  7.720411e-03 -4.190000e-01  9.104119e-03
   endloop
 endfacet
 facet normal  0.000000e+00 -1.000000e+00 -0.000000e+00
   outer loop
     vertex  9.116652e-03 -4.190000e-01  9.943029e-04
     vertex  8.722437e-03 -4.190000e-01  7.494190e-04
     vertex  9.163725e-03 -4.190000e-01  4.836625e-04
   endloop
 endfacet
 facet normal  0.000000e+00 -1.000000e+00  0.000000e+00
   outer loop
     vertex  9.531250e-03 -4.190000e-01  0.000000e+00
     vertex  9.587202e-03 -4.190000e-01  7.196203e-04
     vertex  9.163725e-03 -4.190000e-01  4.836625e-04
   endloop
 endfacet
 facet normal  0.000000e+00 -1.000000e+00  0.000000e+00
   outer loop
     vertex  6.738113e-03 -4.190000e-01  8.958403e-04
     vertex  6.972102e-03 -4.190000e-01  4.570602e-04
     vertex  7.222817e-03 -4.190000e-01  8.855217e-04
   endloop
 endfacet
 facet normal  0.000000e+00 -1.000000e+00  0.000000e+00
   outer loop
     vertex  3.402524e-03 -4.190000e-01  2.481531e-03
     vertex  2.963292e-03 -4.190000e-01  2.245801e-03
     vertex  3.378083e-03 -4.190000e-01  1.983576e-03
   endloop
 endfacet
 facet normal -0.000000e+00 -1.000000e+00  0.000000e+00
   outer loop
     vertex  5.768196e-03 -4.190000e-01  9.118241e-03
     vertex  5.534648e-03 -4.190000e-01  9.582287e-03
     vertex  5.276230e-03 -4.190000e-01  9.108550e-03
   endloop
 endfacet
 facet normal  0.000000e+00 -1.000000e+00 -0.000000e+00
   outer loop
     vertex  3.337563e-03 -4.190000e-01  9.544247e-03
     vertex  2.932346e-03 -4.190000e-01  9.289875e-03
     vertex  3.375992e-03 -4.190000e-01  9.021348e-03
   endloop
 endfacet
 facet normal  0.000000e+00 -1.000000e+00  0.000000e+00
   outer loop
     vertex  9.163725e-03 -4.190000e-01  4.836625e-04
     vertex  9.587202e-03 -4.190000e-01  7.196203e-04
     vertex  9.116652e-03 -4.190000e-01  9.943029e-04
   endloop
 endfacet
 facet normal  0.000000e+00 -1.000000e+00  0.000000e+00
   outer loop
     vertex  4.265814e-03 -4.190000e-01  9.133125e-03
     vertex  4.123205e-03 -4.190000e-01  9.620440e-03
     vertex  3.784684e-03 -4.190000e-01  9.264084e-03
   endloop
 endfacet
 facet normal  0.000000e+00 -1.000000e+00 -0.000000e+00
   outer loop
     vertex  3.404031e-03 -4.190000e-01  7.505622e-03
     vertex  2.969324e-03 -4.190000e-01  7.247024e-03
     vertex  3.407164e-03 -4.190000e-01  7.001143e-03
   endloop
 endfacet
 facet normal -0.000000e+00 -1.000000e+00  0.000000e+00
   outer loop
     vertex  5.276230e-03 -4.190000e-01  9.108550e-03
     vertex  5.057849e-03 -4.190000e-01  9.569544e-03
     vertex  4.768080e-03 -4.190000e-01  9.097946e-03
   endloop
 endfacet
 facet normal  0.000000e+00 -1.000000e+00 -0.000000e+00
   outer loop
     vertex  3.406582e-03 -4.190000e-01  4.989519e-03
     vertex  2.967004e-03 -4.190000e-01  4.755079e-03
     vertex  3.407959e-03 -4.190000e-01  4.512468e-03
   endloop
 endfacet
 facet normal  0.000000e+00 -1.000000e+00  0.000000e+00
   outer loop
     vertex  4.834286e-03 -4.190000e-01  8.783157e-04
     vertex  5.068644e-03 -4.190000e-01  4.533980e-04
     vertex  5.292670e-03 -4.190000e-01  8.992902e-04
   endloop
 endfacet
 facet normal  0.000000e+00 -1.000000e+00  0.000000e+00
   outer loop
     vertex  3.378083e-03 -4.190000e-01  1.983576e-03
     vertex  2.946948e-03 -4.190000e-01  1.751829e-03
     vertex  3.333444e-03 -4.190000e-01  1.491573e-03
   endloop
 endfacet
 facet normal  0.000000e+00 -1.000000e+00  0.000000e+00
   outer loop
     vertex  7.222817e-03 -4.190000e-01  8.855217e-04
     vertex  7.441560e-03 -4.190000e-01  4.599146e-04
     vertex  7.726632e-03 -4.190000e-01  9.105807e-04
   endloop
 endfacet
 facet normal -0.000000e+00 -1.000000e+00  0.000000e+00
   outer loop
     vertex  4.265814e-03 -4.190000e-01  9.133125e-03
     vertex  3.784684e-03 -4.190000e-01  9.264084e-03
     vertex  3.880652e-03 -4.190000e-01  8.794693e-03
   endloop
 endfacet
 facet normal  0.000000e+00 -1.000000e+00  0.000000e+00
   outer loop
     vertex  5.276230e-03 -4.190000e-01  9.108550e-03
     vertex  4.768080e-03 -4.190000e-01  9.097946e-03
     vertex  5.013815e-03 -4.190000e-01  8.668083e-03
   endloop
 endfacet
 facet normal  0.000000e+00 -1.000000e+00  0.000000e+00
   outer loop
     vertex  8.198241e-03 -4.190000e-01  9.139366e-03
     vertex  7.720411e-03 -4.190000e-01  9.104119e-03
     vertex  8.065545e-03 -4.190000e-01  8.609001e-03
   endloop
 endfacet
 facet normal -0.000000e+00 -1.000000e+00  0.000000e+00
   outer loop
     vertex  9.109868e-03 -4.190000e-01  9.083344e-03
     vertex  8.648704e-03 -4.190000e-01  9.237565e-03
     vertex  8.631468e-03 -4.190000e-01  8.783160e-03
   endloop
 endfacet
 facet normal  0.000000e+00 -1.000000e+00  0.000000e+00
   outer loop
     vertex  9.088956e-03 -4.190000e-01  8.537449e-03
     vertex  9.109868e-03 -4.190000e-01  9.083344e-03
     vertex  8.631468e-03 -4.190000e-01  8.783160e-03
   endloop
 endfacet
 facet normal  0.000000e+00 -1.000000e+00  0.000000e+00
   outer loop
     vertex  8.648704e-03 -4.190000e-01  9.237565e-03
     vertex  8.198241e-03 -4.190000e-01  9.139366e-03
     vertex  8.631468e-03 -4.190000e-01  8.783160e-03
   endloop
 endfacet
 facet normal  0.000000e+00 -1.000000e+00 -0.000000e+00
   outer loop
     vertex  3.378083e-03 -4.190000e-01  1.983576e-03
     vertex  3.333444e-03 -4.190000e-01  1.491573e-03
     vertex  3.829403e-03 -4.190000e-01  1.703366e-03
   endloop
 endfacet
 facet normal  0.000000e+00 -1.000000e+00  0.000000e+00
   outer loop
     vertex  9.087858e-03 -4.190000e-01  8.023942e-03
     vertex  9.088956e-03 -4.190000e-01  8.537449e-03
     vertex  8.626409e-03 -4.190000e-01  8.298652e-03
   endloop
 endfacet
 facet normal -0.000000e+00 -1.000000e+00  0.000000e+00
   outer loop
     vertex  9.088956e-03 -4.190000e-01  8.537449e-03
     vertex  8.631468e-03 -4.190000e-01  8.783160e-03
     vertex  8.626409e-03 -4.190000e-01  8.298652e-03
   endloop
 endfacet
 facet normal  0.000000e+00 -1.000000e+00  0.000000e+00
   outer loop
     vertex  9.082482e-03 -4.190000e-01  5.006852e-03
     vertex  9.088456e-03 -4.190000e-01  5.500547e-03
     vertex  8.629284e-03 -4.190000e-01  5.261279e-03
   endloop
 endfacet
 facet normal  0.000000e+00 -1.000000e+00  0.000000e+00
   outer loop
     vertex  3.406582e-03 -4.190000e-01  4.989519e-03
     vertex  3.407959e-03 -4.190000e-01  4.512468e-03
     vertex  3.882658e-03 -4.190000e-01  4.741331e-03
   endloop
 endfacet
 facet normal  0.000000e+00 -1.000000e+00  0.000000e+00
   outer loop
     vertex  9.103399e-03 -4.190000e-01  6.506531e-03
     vertex  9.104309e-03 -4.190000e-01  7.005265e-03
     vertex  8.660358e-03 -4.190000e-01  6.747523e-03
   endloop
 endfacet
 facet normal  0.000000e+00 -1.000000e+00  0.000000e+00
   outer loop
     vertex  7.726632e-03 -4.190000e-01  9.105807e-04
     vertex  8.246729e-03 -4.190000e-01  8.862596e-04
     vertex  8.086446e-03 -4.190000e-01  1.390105e-03
   endloop
 endfacet
 facet normal  0.000000e+00 -1.000000e+00  0.000000e+00
   outer loop
     vertex  9.095735e-03 -4.190000e-01  5.990872e-03
     vertex  9.103399e-03 -4.190000e-01  6.506531e-03
     vertex  8.637709e-03 -4.190000e-01  6.238027e-03
   endloop
 endfacet
 facet normal -0.000000e+00 -1.000000e+00  0.000000e+00
   outer loop
     vertex  9.103399e-03 -4.190000e-01  6.506531e-03
     vertex  8.660358e-03 -4.190000e-01  6.747523e-03
     vertex  8.637709e-03 -4.190000e-01  6.238027e-03
   endloop
 endfacet
 facet normal  0.000000e+00 -1.000000e+00  0.000000e+00
   outer loop
     vertex  8.722437e-03 -4.190000e-01  7.494190e-04
     vertex  9.116652e-03 -4.190000e-01  9.943029e-04
     vertex  8.638393e-03 -4.190000e-01  1.218654e-03
   endloop
 endfacet
 facet normal  0.000000e+00 -1.000000e+00  0.000000e+00
   outer loop
     vertex  9.116652e-03 -4.190000e-01  9.943029e-04
     vertex  9.077831e-03 -4.190000e-01  1.494889e-03
     vertex  8.638393e-03 -4.190000e-01  1.218654e-03
   endloop
 endfacet
 facet normal  0.000000e+00 -1.000000e+00  0.000000e+00
   outer loop
     vertex  3.404031e-03 -4.190000e-01  7.505622e-03
     vertex  3.407164e-03 -4.190000e-01  7.001143e-03
     vertex  3.879286e-03 -4.190000e-01  7.239900e-03
   endloop
 endfacet
 facet normal  0.000000e+00 -1.000000e+00  0.000000e+00
   outer loop
     vertex  4.834286e-03 -4.190000e-01  8.783157e-04
     vertex  5.292670e-03 -4.190000e-01  8.992902e-04
     vertex  5.064051e-03 -4.190000e-01  1.318627e-03
   endloop
 endfacet
 facet normal  0.000000e+00 -1.000000e+00 -0.000000e+00
   outer loop
     vertex  3.420295e-03 -4.190000e-01  8.022099e-03
     vertex  3.404031e-03 -4.190000e-01  7.505622e-03
     vertex  3.882813e-03 -4.190000e-01  7.758534e-03
   endloop
 endfacet
 facet normal  0.000000e+00 -1.000000e+00  0.000000e+00
   outer loop
     vertex  3.404031e-03 -4.190000e-01  7.505622e-03
     vertex  3.879286e-03 -4.190000e-01  7.239900e-03
     vertex  3.882813e-03 -4.190000e-01  7.758534e-03
   endloop
 endfacet
 facet normal  0.000000e+00 -1.000000e+00  0.000000e+00
   outer loop
     vertex  5.768196e-03 -4.190000e-01  9.118241e-03
     vertex  5.276230e-03 -4.190000e-01  9.108550e-03
     vertex  5.528219e-03 -4.190000e-01  8.686341e-03
   endloop
 endfacet
 facet normal  0.000000e+00 -1.000000e+00 -0.000000e+00
   outer loop
     vertex  5.276230e-03 -4.190000e-01  9.108550e-03
     vertex  5.013815e-03 -4.190000e-01  8.668083e-03
     vertex  5.528219e-03 -4.190000e-01  8.686341e-03
   endloop
 endfacet
 facet normal  0.000000e+00 -1.000000e+00  0.000000e+00
   outer loop
     vertex  3.398118e-03 -4.190000e-01  5.486293e-03
     vertex  3.406582e-03 -4.190000e-01  4.989519e-03
     vertex  3.895433e-03 -4.190000e-01  5.240634e-03
   endloop
 endfacet
 facet normal  0.000000e+00 -1.000000e+00  0.000000e+00
   outer loop
     vertex  3.406582e-03 -4.190000e-01  4.989519e-03
     vertex  3.882658e-03 -4.190000e-01  4.741331e-03
     vertex  3.895433e-03 -4.190000e-01  5.240634e-03
   endloop
 endfacet
 facet normal  0.000000e+00 -1.000000e+00  0.000000e+00
   outer loop
     vertex  3.388730e-03 -4.190000e-01  6.002177e-03
     vertex  3.398118e-03 -4.190000e-01  5.486293e-03
     vertex  3.904348e-03 -4.190000e-01  5.735966e-03
   endloop
 endfacet
 facet normal  0.000000e+00 -1.000000e+00  0.000000e+00
   outer loop
     vertex  3.398118e-03 -4.190000e-01  5.486293e-03
     vertex  3.895433e-03 -4.190000e-01  5.240634e-03
     vertex  3.904348e-03 -4.190000e-01  5.735966e-03
   endloop
 endfacet
 facet normal  0.000000e+00 -1.000000e+00 -0.000000e+00
   outer loop
     vertex  3.396763e-03 -4.190000e-01  6.502257e-03
     vertex  3.388730e-03 -4.190000e-01  6.002177e-03
     vertex  3.884503e-03 -4.190000e-01  6.251694e-03
   endloop
 endfacet
 facet normal  0.000000e+00 -1.000000e+00  0.000000e+00
   outer loop
     vertex  3.388730e-03 -4.190000e-01  6.002177e-03
     vertex  3.904348e-03 -4.190000e-01  5.735966e-03
     vertex  3.884503e-03 -4.190000e-01  6.251694e-03
   endloop
 endfacet
 facet normal  0.000000e+00 -1.000000e+00  0.000000e+00
   outer loop
     vertex  3.400050e-03 -4.190000e-01  3.992607e-03
     vertex  3.406828e-03 -4.190000e-01  3.491429e-03
     vertex  3.899112e-03 -4.190000e-01  3.744405e-03
   endloop
 endfacet
 facet normal  0.000000e+00 -1.000000e+00 -0.000000e+00
   outer loop
     vertex  3.407959e-03 -4.190000e-01  4.512468e-03
     vertex  3.400050e-03 -4.190000e-01  3.992607e-03
     vertex  3.890485e-03 -4.190000e-01  4.254847e-03
   endloop
 endfacet
 facet normal  0.000000e+00 -1.000000e+00  0.000000e+00
   outer loop
     vertex  3.400050e-03 -4.190000e-01  3.992607e-03
     vertex  3.899112e-03 -4.190000e-01  3.744405e-03
     vertex  3.890485e-03 -4.190000e-01  4.254847e-03
   endloop
 endfacet
 facet normal  0.000000e+00 -1.000000e+00  0.000000e+00
   outer loop
     vertex  7.222817e-03 -4.190000e-01  8.855217e-04
     vertex  7.726632e-03 -4.190000e-01  9.105807e-04
     vertex  7.491753e-03 -4.190000e-01  1.326270e-03
   endloop
 endfacet
 facet normal  0.000000e+00 -1.000000e+00  0.000000e+00
   outer loop
     vertex  7.726632e-03 -4.190000e-01  9.105807e-04
     vertex  8.086446e-03 -4.190000e-01  1.390105e-03
     vertex  7.491753e-03 -4.190000e-01  1.326270e-03
   endloop
 endfacet
 facet normal  0.000000e+00 -1.000000e+00  0.000000e+00
   outer loop
     vertex  4.379339e-03 -4.190000e-01  8.855016e-04
     vertex  4.834286e-03 -4.190000e-01  8.783157e-04
     vertex  4.583051e-03 -4.190000e-01  1.318948e-03
   endloop
 endfacet
 facet normal  0.000000e+00 -1.000000e+00  0.000000e+00
   outer loop
     vertex  4.834286e-03 -4.190000e-01  8.783157e-04
     vertex  5.064051e-03 -4.190000e-01  1.318627e-03
     vertex  4.583051e-03 -4.190000e-01  1.318948e-03
   endloop
 endfacet
 facet normal  0.000000e+00 -1.000000e+00  0.000000e+00
   outer loop
     vertex  9.093698e-03 -4.190000e-01  2.494194e-03
     vertex  9.089209e-03 -4.190000e-01  2.997750e-03
     vertex  8.654405e-03 -4.190000e-01  2.753099e-03
   endloop
 endfacet
 facet normal -0.000000e+00 -1.000000e+00  0.000000e+00
   outer loop
     vertex  4.768080e-03 -4.190000e-01  9.097946e-03
     vertex  4.265814e-03 -4.190000e-01  9.133125e-03
     vertex  4.423620e-03 -4.190000e-01  8.599147e-03
   endloop
 endfacet
 facet normal -0.000000e+00 -1.000000e+00  0.000000e+00
   outer loop
     vertex  5.013815e-03 -4.190000e-01  8.668083e-03
     vertex  4.768080e-03 -4.190000e-01  9.097946e-03
     vertex  4.423620e-03 -4.190000e-01  8.599147e-03
   endloop
 endfacet
 facet normal  0.000000e+00 -1.000000e+00 -0.000000e+00
   outer loop
     vertex  4.265814e-03 -4.190000e-01  9.133125e-03
     vertex  3.880652e-03 -4.190000e-01  8.794693e-03
     vertex  4.423620e-03 -4.190000e-01  8.599147e-03
   endloop
 endfacet
 facet normal  0.000000e+00 -1.000000e+00  0.000000e+00
   outer loop
     vertex  9.093103e-03 -4.190000e-01  3.496167e-03
     vertex  9.098730e-03 -4.190000e-01  3.985766e-03
     vertex  8.631809e-03 -4.190000e-01  3.755367e-03
   endloop
 endfacet
 facet normal  0.000000e+00 -1.000000e+00 -0.000000e+00
   outer loop
     vertex  3.402524e-03 -4.190000e-01  2.481531e-03
     vertex  3.378083e-03 -4.190000e-01  1.983576e-03
     vertex  3.885741e-03 -4.190000e-01  2.193406e-03
   endloop
 endfacet
 facet normal  0.000000e+00 -1.000000e+00  0.000000e+00
   outer loop
     vertex  3.378083e-03 -4.190000e-01  1.983576e-03
     vertex  3.829403e-03 -4.190000e-01  1.703366e-03
     vertex  3.885741e-03 -4.190000e-01  2.193406e-03
   endloop
 endfacet
 facet normal  0.000000e+00 -1.000000e+00  0.000000e+00
   outer loop
     vertex  8.246729e-03 -4.190000e-01  8.862596e-04
     vertex  8.722437e-03 -4.190000e-01  7.494190e-04
     vertex  8.638393e-03 -4.190000e-01  1.218654e-03
   endloop
 endfacet
 facet normal  0.000000e+00 -1.000000e+00  0.000000e+00
   outer loop
     vertex  9.099195e-03 -4.190000e-01  7.511713e-03
     vertex  9.087858e-03 -4.190000e-01  8.023942e-03
     vertex  8.649150e-03 -4.190000e-01  7.772587e-03
   endloop
 endfacet
 facet normal -0.000000e+00 -1.000000e+00  0.000000e+00
   outer loop
     vertex  9.087858e-03 -4.190000e-01  8.023942e-03
     vertex  8.626409e-03 -4.190000e-01  8.298652e-03
     vertex  8.649150e-03 -4.190000e-01  7.772587e-03
   endloop
 endfacet
 facet normal  0.000000e+00 -1.000000e+00  0.000000e+00
   outer loop
     vertex  9.089209e-03 -4.190000e-01  2.997750e-03
     vertex  9.093103e-03 -4.190000e-01  3.496167e-03
     vertex  8.648265e-03 -4.190000e-01  3.247634e-03
   endloop
 endfacet
 facet normal -0.000000e+00 -1.000000e+00  0.000000e+00
   outer loop
     vertex  9.093103e-03 -4.190000e-01  3.496167e-03
     vertex  8.631809e-03 -4.190000e-01  3.755367e-03
     vertex  8.648265e-03 -4.190000e-01  3.247634e-03
   endloop
 endfacet
 facet normal -0.000000e+00 -1.000000e+00  0.000000e+00
   outer loop
     vertex  7.220903e-03 -4.190000e-01  9.123700e-03
     vertex  6.729815e-03 -4.190000e-01  9.124802e-03
     vertex  6.978239e-03 -4.190000e-01  8.704819e-03
   endloop
 endfacet
 facet normal  0.000000e+00 -1.000000e+00  0.000000e+00
   outer loop
     vertex  9.085087e-03 -4.190000e-01  1.988897e-03
     vertex  9.093698e-03 -4.190000e-01  2.494194e-03
     vertex  8.647310e-03 -4.190000e-01  2.230461e-03
   endloop
 endfacet
 facet normal -0.000000e+00 -1.000000e+00  0.000000e+00
   outer loop
     vertex  9.093698e-03 -4.190000e-01  2.494194e-03
     vertex  8.654405e-03 -4.190000e-01  2.753099e-03
     vertex  8.647310e-03 -4.190000e-01  2.230461e-03
   endloop
 endfacet
 facet normal  0.000000e+00 -1.000000e+00 -0.000000e+00
   outer loop
     vertex  3.407164e-03 -4.190000e-01  7.001143e-03
     vertex  3.396763e-03 -4.190000e-01  6.502257e-03
     vertex  3.880972e-03 -4.190000e-01  6.751759e-03
   endloop
 endfacet
 facet normal  0.000000e+00 -1.000000e+00  0.000000e+00
   outer loop
     vertex  3.396763e-03 -4.190000e-01  6.502257e-03
     vertex  3.884503e-03 -4.190000e-01  6.251694e-03
     vertex  3.880972e-03 -4.190000e-01  6.751759e-03
   endloop
 endfacet
 facet normal  0.000000e+00 -1.000000e+00  0.000000e+00
   outer loop
     vertex  3.333444e-03 -4.190000e-01  1.491573e-03
     vertex  3.361535e-03 -4.190000e-01  9.294397e-04
     vertex  3.723820e-03 -4.190000e-01  1.267105e-03
   endloop
 endfacet
 facet normal  0.000000e+00 -1.000000e+00  0.000000e+00
   outer loop
     vertex  3.829403e-03 -4.190000e-01  1.703366e-03
     vertex  3.333444e-03 -4.190000e-01  1.491573e-03
     vertex  3.723820e-03 -4.190000e-01  1.267105e-03
   endloop
 endfacet
 facet normal  0.000000e+00 -1.000000e+00  0.000000e+00
   outer loop
     vertex  3.361535e-03 -4.190000e-01  9.294397e-04
     vertex  3.907719e-03 -4.190000e-01  8.801402e-04
     vertex  3.723820e-03 -4.190000e-01  1.267105e-03
   endloop
 endfacet
 facet normal  0.000000e+00 -1.000000e+00  0.000000e+00
   outer loop
     vertex  3.403875e-03 -4.190000e-01  8.514484e-03
     vertex  3.420295e-03 -4.190000e-01  8.022099e-03
     vertex  3.896048e-03 -4.190000e-01  8.284898e-03
   endloop
 endfacet
 facet normal  0.000000e+00 -1.000000e+00  0.000000e+00
   outer loop
     vertex  3.420295e-03 -4.190000e-01  8.022099e-03
     vertex  3.882813e-03 -4.190000e-01  7.758534e-03
     vertex  3.896048e-03 -4.190000e-01  8.284898e-03
   endloop
 endfacet
 facet normal  0.000000e+00 -1.000000e+00 -0.000000e+00
   outer loop
     vertex  3.410805e-03 -4.190000e-01  2.986359e-03
     vertex  3.402524e-03 -4.190000e-01  2.481531e-03
     vertex  3.910512e-03 -4.190000e-01  2.706406e-03
   endloop
 endfacet
 facet normal  0.000000e+00 -1.000000e+00  0.000000e+00
   outer loop
     vertex  3.402524e-03 -4.190000e-01  2.481531e-03
     vertex  3.885741e-03 -4.190000e-01  2.193406e-03
     vertex  3.910512e-03 -4.190000e-01  2.706406e-03
   endloop
 endfacet
 facet normal  0.000000e+00 -1.000000e+00  0.000000e+00
   outer loop
     vertex  9.088456e-03 -4.190000e-01  5.500547e-03
     vertex  9.095735e-03 -4.190000e-01  5.990872e-03
     vertex  8.628141e-03 -4.190000e-01  5.748119e-03
   endloop
 endfacet
 facet normal -0.000000e+00 -1.000000e+00  0.000000e+00
   outer loop
     vertex  9.095735e-03 -4.190000e-01  5.990872e-03
     vertex  8.637709e-03 -4.190000e-01  6.238027e-03
     vertex  8.628141e-03 -4.190000e-01  5.748119e-03
   endloop
 endfacet
 facet normal  0.000000e+00 -1.000000e+00  0.000000e+00
   outer loop
     vertex  3.406828e-03 -4.190000e-01  3.491429e-03
     vertex  3.410805e-03 -4.190000e-01  2.986359e-03
     vertex  3.908412e-03 -4.190000e-01  3.238025e-03
   endloop
 endfacet
 facet normal  0.000000e+00 -1.000000e+00 -0.000000e+00
   outer loop
     vertex  3.899112e-03 -4.190000e-01  3.744405e-03
     vertex  3.406828e-03 -4.190000e-01  3.491429e-03
     vertex  3.908412e-03 -4.190000e-01  3.238025e-03
   endloop
 endfacet
 facet normal  0.000000e+00 -1.000000e+00  0.000000e+00
   outer loop
     vertex  3.410805e-03 -4.190000e-01  2.986359e-03
     vertex  3.910512e-03 -4.190000e-01  2.706406e-03
     vertex  3.908412e-03 -4.190000e-01  3.238025e-03
   endloop
 endfacet
 facet normal  0.000000e+00 -1.000000e+00  0.000000e+00
   outer loop
     vertex  6.738113e-03 -4.190000e-01  8.958403e-04
     vertex  7.222817e-03 -4.190000e-01  8.855217e-04
     vertex  6.962515e-03 -4.190000e-01  1.314338e-03
   endloop
 endfacet
 facet normal  0.000000e+00 -1.000000e+00  0.000000e+00
   outer loop
     vertex  7.222817e-03 -4.190000e-01  8.855217e-04
     vertex  7.491753e-03 -4.190000e-01  1.326270e-03
     vertex  6.962515e-03 -4.190000e-01  1.314338e-03
   endloop
 endfacet
 facet normal  0.000000e+00 -1.000000e+00 -0.000000e+00
   outer loop
     vertex  8.198241e-03 -4.190000e-01  9.139366e-03
     vertex  8.065545e-03 -4.190000e-01  8.609001e-03
     vertex  8.631468e-03 -4.190000e-01  8.783160e-03
   endloop
 endfacet
 facet normal  0.000000e+00 -1.000000e+00  0.000000e+00
   outer loop
     vertex  6.250046e-03 -4.190000e-01  9.198767e-04
     vertex  6.738113e-03 -4.190000e-01  8.958403e-04
     vertex  6.479070e-03 -4.190000e-01  1.330820e-03
   endloop
 endfacet
 facet normal  0.000000e+00 -1.000000e+00  0.000000e+00
   outer loop
     vertex  6.738113e-03 -4.190000e-01  8.958403e-04
     vertex  6.962515e-03 -4.190000e-01  1.314338e-03
     vertex  6.479070e-03 -4.190000e-01  1.330820e-03
   endloop
 endfacet
 facet normal -0.000000e+00 -1.000000e+00  0.000000e+00
   outer loop
     vertex  9.089209e-03 -4.190000e-01  2.997750e-03
     vertex  8.648265e-03 -4.190000e-01  3.247634e-03
     vertex  8.654405e-03 -4.190000e-01  2.753099e-03
   endloop
 endfacet
 facet normal  0.000000e+00 -1.000000e+00  0.000000e+00
   outer loop
     vertex  5.764503e-03 -4.190000e-01  9.239967e-04
     vertex  6.250046e-03 -4.190000e-01  9.198767e-04
     vertex  5.993705e-03 -4.190000e-01  1.351749e-03
   endloop
 endfacet
 facet normal  0.000000e+00 -1.000000e+00  0.000000e+00
   outer loop
     vertex  6.250046e-03 -4.190000e-01  9.198767e-04
     vertex  6.479070e-03 -4.190000e-01  1.330820e-03
     vertex  5.993705e-03 -4.190000e-01  1.351749e-03
   endloop
 endfacet
 facet normal  0.000000e+00 -1.000000e+00  0.000000e+00
   outer loop
     vertex  8.629284e-03 -4.190000e-01  5.261279e-03
     vertex  9.088456e-03 -4.190000e-01  5.500547e-03
     vertex  8.628141e-03 -4.190000e-01  5.748119e-03
   endloop
 endfacet
 facet normal -0.000000e+00 -1.000000e+00  0.000000e+00
   outer loop
     vertex  9.099195e-03 -4.190000e-01  7.511713e-03
     vertex  8.649150e-03 -4.190000e-01  7.772587e-03
     vertex  8.666718e-03 -4.190000e-01  7.256407e-03
   endloop
 endfacet
 facet normal  0.000000e+00 -1.000000e+00  0.000000e+00
   outer loop
     vertex  8.246729e-03 -4.190000e-01  8.862596e-04
     vertex  8.638393e-03 -4.190000e-01  1.218654e-03
     vertex  8.086446e-03 -4.190000e-01  1.390105e-03
   endloop
 endfacet
 facet normal  0.000000e+00 -1.000000e+00  0.000000e+00
   outer loop
     vertex  8.660358e-03 -4.190000e-01  6.747523e-03
     vertex  9.104309e-03 -4.190000e-01  7.005265e-03
     vertex  8.666718e-03 -4.190000e-01  7.256407e-03
   endloop
 endfacet
 facet normal  0.000000e+00 -1.000000e+00 -0.000000e+00
   outer loop
     vertex  3.882658e-03 -4.190000e-01  4.741331e-03
     vertex  3.407959e-03 -4.190000e-01  4.512468e-03
     vertex  3.890485e-03 -4.190000e-01  4.254847e-03
   endloop
 endfacet
 facet normal  0.000000e+00 -1.000000e+00 -0.000000e+00
   outer loop
     vertex  3.879286e-03 -4.190000e-01  7.239900e-03
     vertex  3.407164e-03 -4.190000e-01  7.001143e-03
     vertex  3.880972e-03 -4.190000e-01  6.751759e-03
   endloop
 endfacet
 facet normal -0.000000e+00 -1.000000e+00  0.000000e+00
   outer loop
     vertex  7.720411e-03 -4.190000e-01  9.104119e-03
     vertex  7.220903e-03 -4.190000e-01  9.123700e-03
     vertex  7.488864e-03 -4.190000e-01  8.684296e-03
   endloop
 endfacet
 facet normal  0.000000e+00 -1.000000e+00  0.000000e+00
   outer loop
     vertex  9.104309e-03 -4.190000e-01  7.005265e-03
     vertex  9.099195e-03 -4.190000e-01  7.511713e-03
     vertex  8.666718e-03 -4.190000e-01  7.256407e-03
   endloop
 endfacet
 facet normal  0.000000e+00 -1.000000e+00  0.000000e+00
   outer loop
     vertex  8.065545e-03 -4.190000e-01  8.609001e-03
     vertex  7.720411e-03 -4.190000e-01  9.104119e-03
     vertex  7.488864e-03 -4.190000e-01  8.684296e-03
   endloop
 endfacet
 facet normal  0.000000e+00 -1.000000e+00  0.000000e+00
   outer loop
     vertex  8.631809e-03 -4.190000e-01  3.755367e-03
     vertex  9.098730e-03 -4.190000e-01  3.985766e-03
     vertex  8.621746e-03 -4.190000e-01  4.243992e-03
   endloop
 endfacet
 facet normal  0.000000e+00 -1.000000e+00  0.000000e+00
   outer loop
     vertex  9.098730e-03 -4.190000e-01  3.985766e-03
     vertex  9.099081e-03 -4.190000e-01  4.514600e-03
     vertex  8.621746e-03 -4.190000e-01  4.243992e-03
   endloop
 endfacet
 facet normal  0.000000e+00 -1.000000e+00 -0.000000e+00
   outer loop
     vertex  7.220903e-03 -4.190000e-01  9.123700e-03
     vertex  6.978239e-03 -4.190000e-01  8.704819e-03
     vertex  7.488864e-03 -4.190000e-01  8.684296e-03
   endloop
 endfacet
 facet normal  0.000000e+00 -1.000000e+00  0.000000e+00
   outer loop
     vertex  5.064051e-03 -4.190000e-01  1.318627e-03
     vertex  5.292670e-03 -4.190000e-01  8.992902e-04
     vertex  5.519995e-03 -4.190000e-01  1.351269e-03
   endloop
 endfacet
 facet normal  0.000000e+00 -1.000000e+00  0.000000e+00
   outer loop
     vertex  5.292670e-03 -4.190000e-01  8.992902e-04
     vertex  5.764503e-03 -4.190000e-01  9.239967e-04
     vertex  5.519995e-03 -4.190000e-01  1.351269e-03
   endloop
 endfacet
 facet normal  0.000000e+00 -1.000000e+00  0.000000e+00
   outer loop
     vertex  3.907719e-03 -4.190000e-01  8.801402e-04
     vertex  4.379339e-03 -4.190000e-01  8.855016e-04
     vertex  4.143440e-03 -4.190000e-01  1.323243e-03
   endloop
 endfacet
 facet normal  0.000000e+00 -1.000000e+00  0.000000e+00
   outer loop
     vertex  3.723820e-03 -4.190000e-01  1.267105e-03
     vertex  3.907719e-03 -4.190000e-01  8.801402e-04
     vertex  4.143440e-03 -4.190000e-01  1.323243e-03
   endloop
 endfacet
 facet normal  0.000000e+00 -1.000000e+00  0.000000e+00
   outer loop
     vertex  4.379339e-03 -4.190000e-01  8.855016e-04
     vertex  4.583051e-03 -4.190000e-01  1.318948e-03
     vertex  4.143440e-03 -4.190000e-01  1.323243e-03
   endloop
 endfacet
 facet normal  0.000000e+00 -1.000000e+00  0.000000e+00
   outer loop
     vertex  3.403875e-03 -4.190000e-01  8.514484e-03
     vertex  3.896048e-03 -4.190000e-01  8.284898e-03
     vertex  3.880652e-03 -4.190000e-01  8.794693e-03
   endloop
 endfacet
 facet normal  0.000000e+00 -1.000000e+00  0.000000e+00
   outer loop
     vertex  9.077831e-03 -4.190000e-01  1.494889e-03
     vertex  9.085087e-03 -4.190000e-01  1.988897e-03
     vertex  8.614244e-03 -4.190000e-01  1.717267e-03
   endloop
 endfacet
 facet normal  0.000000e+00 -1.000000e+00  0.000000e+00
   outer loop
     vertex  3.375992e-03 -4.190000e-01  9.021348e-03
     vertex  3.403875e-03 -4.190000e-01  8.514484e-03
     vertex  3.880652e-03 -4.190000e-01  8.794693e-03
   endloop
 endfacet
 facet normal -0.000000e+00 -1.000000e+00  0.000000e+00
   outer loop
     vertex  6.978239e-03 -4.190000e-01  8.704819e-03
     vertex  6.729815e-03 -4.190000e-01  9.124802e-03
     vertex  6.492827e-03 -4.190000e-01  8.693212e-03
   endloop
 endfacet
 facet normal  0.000000e+00 -1.000000e+00  0.000000e+00
   outer loop
     vertex  6.729815e-03 -4.190000e-01  9.124802e-03
     vertex  6.249087e-03 -4.190000e-01  9.122627e-03
     vertex  6.492827e-03 -4.190000e-01  8.693212e-03
   endloop
 endfacet
 facet normal -0.000000e+00 -1.000000e+00  0.000000e+00
   outer loop
     vertex  9.085087e-03 -4.190000e-01  1.988897e-03
     vertex  8.647310e-03 -4.190000e-01  2.230461e-03
     vertex  8.614244e-03 -4.190000e-01  1.717267e-03
   endloop
 endfacet
 facet normal  0.000000e+00 -1.000000e+00  0.000000e+00
   outer loop
     vertex  9.099081e-03 -4.190000e-01  4.514600e-03
     vertex  9.082482e-03 -4.190000e-01  5.006852e-03
     vertex  8.640566e-03 -4.190000e-01  4.754180e-03
   endloop
 endfacet
 facet normal  0.000000e+00 -1.000000e+00  0.000000e+00
   outer loop
     vertex  8.621746e-03 -4.190000e-01  4.243992e-03
     vertex  9.099081e-03 -4.190000e-01  4.514600e-03
     vertex  8.640566e-03 -4.190000e-01  4.754180e-03
   endloop
 endfacet
 facet normal -0.000000e+00 -1.000000e+00  0.000000e+00
   outer loop
     vertex  9.082482e-03 -4.190000e-01  5.006852e-03
     vertex  8.629284e-03 -4.190000e-01  5.261279e-03
     vertex  8.640566e-03 -4.190000e-01  4.754180e-03
   endloop
 endfacet
 facet normal  0.000000e+00 -1.000000e+00  0.000000e+00
   outer loop
     vertex  6.249087e-03 -4.190000e-01  9.122627e-03
     vertex  5.768196e-03 -4.190000e-01  9.118241e-03
     vertex  6.015222e-03 -4.190000e-01  8.685532e-03
   endloop
 endfacet
 facet normal -0.000000e+00 -1.000000e+00  0.000000e+00
   outer loop
     vertex  6.492827e-03 -4.190000e-01  8.693212e-03
     vertex  6.249087e-03 -4.190000e-01  9.122627e-03
     vertex  6.015222e-03 -4.190000e-01  8.685532e-03
   endloop
 endfacet
 facet normal  0.000000e+00 -1.000000e+00 -0.000000e+00
   outer loop
     vertex  5.768196e-03 -4.190000e-01  9.118241e-03
     vertex  5.528219e-03 -4.190000e-01  8.686341e-03
     vertex  6.015222e-03 -4.190000e-01  8.685532e-03
   endloop
 endfacet
 facet normal  0.000000e+00 -1.000000e+00 -0.000000e+00
   outer loop
     vertex  3.784684e-03 -4.190000e-01  9.264084e-03
     vertex  3.375992e-03 -4.190000e-01  9.021348e-03
     vertex  3.880652e-03 -4.190000e-01  8.794693e-03
   endloop
 endfacet
 facet normal  0.000000e+00 -1.000000e+00  0.000000e+00
   outer loop
     vertex  5.519995e-03 -4.190000e-01  1.351269e-03
     vertex  5.764503e-03 -4.190000e-01  9.239967e-04
     vertex  5.993705e-03 -4.190000e-01  1.351749e-03
   endloop
 endfacet
 facet normal -0.000000e+00 -1.000000e+00  0.000000e+00
   outer loop
     vertex  9.077831e-03 -4.190000e-01  1.494889e-03
     vertex  8.614244e-03 -4.190000e-01  1.717267e-03
     vertex  8.638393e-03 -4.190000e-01  1.218654e-03
   endloop
 endfacet
 facet normal  0.000000e+00 -1.000000e+00  0.000000e+00
   outer loop
     vertex  3.890485e-03 -4.190000e-01  4.254847e-03
     vertex  3.899112e-03 -4.190000e-01  3.744405e-03
     vertex  4.344162e-03 -4.190000e-01  3.991358e-03
   endloop
 endfacet
 facet normal  0.000000e+00 -1.000000e+00  0.000000e+00
   outer loop
     vertex  8.637709e-03 -4.190000e-01  6.238027e-03
     vertex  8.660358e-03 -4.190000e-01  6.747523e-03
     vertex  8.154001e-03 -4.190000e-01  6.493205e-03
   endloop
 endfacet
 facet normal  0.000000e+00 -1.000000e+00  0.000000e+00
   outer loop
     vertex  8.626409e-03 -4.190000e-01  8.298652e-03
     vertex  8.631468e-03 -4.190000e-01  8.783160e-03
     vertex  8.065545e-03 -4.190000e-01  8.609001e-03
   endloop
 endfacet
 facet normal  0.000000e+00 -1.000000e+00  0.000000e+00
   outer loop
     vertex  8.666718e-03 -4.190000e-01  7.256407e-03
     vertex  8.649150e-03 -4.190000e-01  7.772587e-03
     vertex  8.193350e-03 -4.190000e-01  7.510788e-03
   endloop
 endfacet
 facet normal  0.000000e+00 -1.000000e+00  0.000000e+00
   outer loop
     vertex  8.638393e-03 -4.190000e-01  1.218654e-03
     vertex  8.614244e-03 -4.190000e-01  1.717267e-03
     vertex  8.086446e-03 -4.190000e-01  1.390105e-03
   endloop
 endfacet
 facet normal  0.000000e+00 -1.000000e+00 -0.000000e+00
   outer loop
     vertex  8.179786e-03 -4.190000e-01  1.970766e-03
     vertex  8.086446e-03 -4.190000e-01  1.390105e-03
     vertex  8.614244e-03 -4.190000e-01  1.717267e-03
   endloop
 endfacet
 facet normal -0.000000e+00 -1.000000e+00  0.000000e+00
   outer loop
     vertex  8.065545e-03 -4.190000e-01  8.609001e-03
     vertex  7.488864e-03 -4.190000e-01  8.684296e-03
     vertex  7.707301e-03 -4.190000e-01  8.232742e-03
   endloop
 endfacet
 facet normal  0.000000e+00 -1.000000e+00  0.000000e+00
   outer loop
     vertex  8.660358e-03 -4.190000e-01  6.747523e-03
     vertex  8.666718e-03 -4.190000e-01  7.256407e-03
     vertex  8.176505e-03 -4.190000e-01  6.996008e-03
   endloop
 endfacet
 facet normal  0.000000e+00 -1.000000e+00  0.000000e+00
   outer loop
     vertex  8.154001e-03 -4.190000e-01  6.493205e-03
     vertex  8.660358e-03 -4.190000e-01  6.747523e-03
     vertex  8.176505e-03 -4.190000e-01  6.996008e-03
   endloop
 endfacet
 facet normal -0.000000e+00 -1.000000e+00  0.000000e+00
   outer loop
     vertex  8.666718e-03 -4.190000e-01  7.256407e-03
     vertex  8.193350e-03 -4.190000e-01  7.510788e-03
     vertex  8.176505e-03 -4.190000e-01  6.996008e-03
   endloop
 endfacet
 facet normal  0.000000e+00 -1.000000e+00  0.000000e+00
   outer loop
     vertex  3.882658e-03 -4.190000e-01  4.741331e-03
     vertex  3.890485e-03 -4.190000e-01  4.254847e-03
     vertex  4.342636e-03 -4.190000e-01  4.507400e-03
   endloop
 endfacet
 facet normal  0.000000e+00 -1.000000e+00  0.000000e+00
   outer loop
     vertex  3.890485e-03 -4.190000e-01  4.254847e-03
     vertex  4.344162e-03 -4.190000e-01  3.991358e-03
     vertex  4.342636e-03 -4.190000e-01  4.507400e-03
   endloop
 endfacet
 facet normal  0.000000e+00 -1.000000e+00  0.000000e+00
   outer loop
     vertex  8.614244e-03 -4.190000e-01  1.717267e-03
     vertex  8.647310e-03 -4.190000e-01  2.230461e-03
     vertex  8.179786e-03 -4.190000e-01  1.970766e-03
   endloop
 endfacet
 facet normal  0.000000e+00 -1.000000e+00  0.000000e+00
   outer loop
     vertex  5.064051e-03 -4.190000e-01  1.318627e-03
     vertex  5.519995e-03 -4.190000e-01  1.351269e-03
     vertex  5.250666e-03 -4.190000e-01  1.789093e-03
   endloop
 endfacet
 facet normal  0.000000e+00 -1.000000e+00 -0.000000e+00
   outer loop
     vertex  3.882813e-03 -4.190000e-01  7.758534e-03
     vertex  3.879286e-03 -4.190000e-01  7.239900e-03
     vertex  4.308745e-03 -4.190000e-01  7.480503e-03
   endloop
 endfacet
 facet normal  0.000000e+00 -1.000000e+00  0.000000e+00
   outer loop
     vertex  8.654405e-03 -4.190000e-01  2.753099e-03
     vertex  8.648265e-03 -4.190000e-01  3.247634e-03
     vertex  8.183364e-03 -4.190000e-01  3.008094e-03
   endloop
 endfacet
 facet normal  0.000000e+00 -1.000000e+00  0.000000e+00
   outer loop
     vertex  5.528219e-03 -4.190000e-01  8.686341e-03
     vertex  5.013815e-03 -4.190000e-01  8.668083e-03
     vertex  5.309648e-03 -4.190000e-01  8.270541e-03
   endloop
 endfacet
 facet normal  0.000000e+00 -1.000000e+00 -0.000000e+00
   outer loop
     vertex  3.896048e-03 -4.190000e-01  8.284898e-03
     vertex  3.882813e-03 -4.190000e-01  7.758534e-03
     vertex  4.338005e-03 -4.190000e-01  8.012477e-03
   endloop
 endfacet
 facet normal  0.000000e+00 -1.000000e+00  0.000000e+00
   outer loop
     vertex  3.882813e-03 -4.190000e-01  7.758534e-03
     vertex  4.308745e-03 -4.190000e-01  7.480503e-03
     vertex  4.338005e-03 -4.190000e-01  8.012477e-03
   endloop
 endfacet
 facet normal  0.000000e+00 -1.000000e+00 -0.000000e+00
   outer loop
     vertex  3.895433e-03 -4.190000e-01  5.240634e-03
     vertex  3.882658e-03 -4.190000e-01  4.741331e-03
     vertex  4.338905e-03 -4.190000e-01  4.996213e-03
   endloop
 endfacet
 facet normal  0.000000e+00 -1.000000e+00  0.000000e+00
   outer loop
     vertex  3.882658e-03 -4.190000e-01  4.741331e-03
     vertex  4.342636e-03 -4.190000e-01  4.507400e-03
     vertex  4.338905e-03 -4.190000e-01  4.996213e-03
   endloop
 endfacet
 facet normal  0.000000e+00 -1.000000e+00 -0.000000e+00
   outer loop
     vertex  3.904348e-03 -4.190000e-01  5.735966e-03
     vertex  3.895433e-03 -4.190000e-01  5.240634e-03
     vertex  4.341361e-03 -4.190000e-01  5.489029e-03
   endloop
 endfacet
 facet normal  0.000000e+00 -1.000000e+00  0.000000e+00
   outer loop
     vertex  3.895433e-03 -4.190000e-01  5.240634e-03
     vertex  4.338905e-03 -4.190000e-01  4.996213e-03
     vertex  4.341361e-03 -4.190000e-01  5.489029e-03
   endloop
 endfacet
 facet normal  0.000000e+00 -1.000000e+00  0.000000e+00
   outer loop
     vertex  3.884503e-03 -4.190000e-01  6.251694e-03
     vertex  3.904348e-03 -4.190000e-01  5.735966e-03
     vertex  4.340602e-03 -4.190000e-01  5.982166e-03
   endloop
 endfacet
 facet normal  0.000000e+00 -1.000000e+00  0.000000e+00
   outer loop
     vertex  3.904348e-03 -4.190000e-01  5.735966e-03
     vertex  4.341361e-03 -4.190000e-01  5.489029e-03
     vertex  4.340602e-03 -4.190000e-01  5.982166e-03
   endloop
 endfacet
 facet normal  0.000000e+00 -1.000000e+00  0.000000e+00
   outer loop
     vertex  8.629284e-03 -4.190000e-01  5.261279e-03
     vertex  8.628141e-03 -4.190000e-01  5.748119e-03
     vertex  8.157023e-03 -4.190000e-01  5.501902e-03
   endloop
 endfacet
 facet normal  0.000000e+00 -1.000000e+00  0.000000e+00
   outer loop
     vertex  6.962515e-03 -4.190000e-01  1.314338e-03
     vertex  7.491753e-03 -4.190000e-01  1.326270e-03
     vertex  7.189312e-03 -4.190000e-01  1.707798e-03
   endloop
 endfacet
 facet normal  0.000000e+00 -1.000000e+00  0.000000e+00
   outer loop
     vertex  7.491753e-03 -4.190000e-01  1.326270e-03
     vertex  8.086446e-03 -4.190000e-01  1.390105e-03
     vertex  7.686642e-03 -4.190000e-01  1.758564e-03
   endloop
 endfacet
 facet normal  0.000000e+00 -1.000000e+00  0.000000e+00
   outer loop
     vertex  7.189312e-03 -4.190000e-01  1.707798e-03
     vertex  7.491753e-03 -4.190000e-01  1.326270e-03
     vertex  7.686642e-03 -4.190000e-01  1.758564e-03
   endloop
 endfacet
 facet normal  0.000000e+00 -1.000000e+00  0.000000e+00
   outer loop
     vertex  8.086446e-03 -4.190000e-01  1.390105e-03
     vertex  8.179786e-03 -4.190000e-01  1.970766e-03
     vertex  7.686642e-03 -4.190000e-01  1.758564e-03
   endloop
 endfacet
 facet normal  0.000000e+00 -1.000000e+00  0.000000e+00
   outer loop
     vertex  4.583051e-03 -4.190000e-01  1.318948e-03
     vertex  5.064051e-03 -4.190000e-01  1.318627e-03
     vertex  4.808713e-03 -4.190000e-01  1.677076e-03
   endloop
 endfacet
 facet normal  0.000000e+00 -1.000000e+00  0.000000e+00
   outer loop
     vertex  5.064051e-03 -4.190000e-01  1.318627e-03
     vertex  5.250666e-03 -4.190000e-01  1.789093e-03
     vertex  4.808713e-03 -4.190000e-01  1.677076e-03
   endloop
 endfacet
 facet normal  0.000000e+00 -1.000000e+00 -0.000000e+00
   outer loop
     vertex  3.885741e-03 -4.190000e-01  2.193406e-03
     vertex  3.829403e-03 -4.190000e-01  1.703366e-03
     vertex  4.337296e-03 -4.190000e-01  1.831602e-03
   endloop
 endfacet
 facet normal  0.000000e+00 -1.000000e+00  0.000000e+00
   outer loop
     vertex  8.647310e-03 -4.190000e-01  2.230461e-03
     vertex  8.654405e-03 -4.190000e-01  2.753099e-03
     vertex  8.178479e-03 -4.190000e-01  2.502474e-03
   endloop
 endfacet
 facet normal -0.000000e+00 -1.000000e+00  0.000000e+00
   outer loop
     vertex  8.654405e-03 -4.190000e-01  2.753099e-03
     vertex  8.183364e-03 -4.190000e-01  3.008094e-03
     vertex  8.178479e-03 -4.190000e-01  2.502474e-03
   endloop
 endfacet
 facet normal  0.000000e+00 -1.000000e+00  0.000000e+00
   outer loop
     vertex  3.880972e-03 -4.190000e-01  6.751759e-03
     vertex  3.884503e-03 -4.190000e-01  6.251694e-03
     vertex  4.332054e-03 -4.190000e-01  6.494185e-03
   endloop
 endfacet
 facet normal  0.000000e+00 -1.000000e+00  0.000000e+00
   outer loop
     vertex  3.884503e-03 -4.190000e-01  6.251694e-03
     vertex  4.340602e-03 -4.190000e-01  5.982166e-03
     vertex  4.332054e-03 -4.190000e-01  6.494185e-03
   endloop
 endfacet
 facet normal  0.000000e+00 -1.000000e+00  0.000000e+00
   outer loop
     vertex  4.338005e-03 -4.190000e-01  8.012477e-03
     vertex  4.423620e-03 -4.190000e-01  8.599147e-03
     vertex  3.896048e-03 -4.190000e-01  8.284898e-03
   endloop
 endfacet
 facet normal  0.000000e+00 -1.000000e+00 -0.000000e+00
   outer loop
     vertex  3.910512e-03 -4.190000e-01  2.706406e-03
     vertex  3.885741e-03 -4.190000e-01  2.193406e-03
     vertex  4.358067e-03 -4.190000e-01  2.425966e-03
   endloop
 endfacet
 facet normal  0.000000e+00 -1.000000e+00  0.000000e+00
   outer loop
     vertex  3.885741e-03 -4.190000e-01  2.193406e-03
     vertex  4.337296e-03 -4.190000e-01  1.831602e-03
     vertex  4.358067e-03 -4.190000e-01  2.425966e-03
   endloop
 endfacet
 facet normal  0.000000e+00 -1.000000e+00  0.000000e+00
   outer loop
     vertex  8.628141e-03 -4.190000e-01  5.748119e-03
     vertex  8.637709e-03 -4.190000e-01  6.238027e-03
     vertex  8.154380e-03 -4.190000e-01  5.988888e-03
   endloop
 endfacet
 facet normal -0.000000e+00 -1.000000e+00  0.000000e+00
   outer loop
     vertex  8.637709e-03 -4.190000e-01  6.238027e-03
     vertex  8.154001e-03 -4.190000e-01  6.493205e-03
     vertex  8.154380e-03 -4.190000e-01  5.988888e-03
   endloop
 endfacet
 facet normal -0.000000e+00 -1.000000e+00  0.000000e+00
   outer loop
     vertex  8.626409e-03 -4.190000e-01  8.298652e-03
     vertex  8.065545e-03 -4.190000e-01  8.609001e-03
     vertex  8.166759e-03 -4.190000e-01  8.025714e-03
   endloop
 endfacet
 facet normal  0.000000e+00 -1.000000e+00  0.000000e+00
   outer loop
     vertex  8.649150e-03 -4.190000e-01  7.772587e-03
     vertex  8.626409e-03 -4.190000e-01  8.298652e-03
     vertex  8.166759e-03 -4.190000e-01  8.025714e-03
   endloop
 endfacet
 facet normal  0.000000e+00 -1.000000e+00 -0.000000e+00
   outer loop
     vertex  8.065545e-03 -4.190000e-01  8.609001e-03
     vertex  7.707301e-03 -4.190000e-01  8.232742e-03
     vertex  8.166759e-03 -4.190000e-01  8.025714e-03
   endloop
 endfacet
 facet normal  0.000000e+00 -1.000000e+00 -0.000000e+00
   outer loop
     vertex  3.829403e-03 -4.190000e-01  1.703366e-03
     vertex  3.723820e-03 -4.190000e-01  1.267105e-03
     vertex  4.143440e-03 -4.190000e-01  1.323243e-03
   endloop
 endfacet
 facet normal  0.000000e+00 -1.000000e+00  0.000000e+00
   outer loop
     vertex  6.479070e-03 -4.190000e-01  1.330820e-03
     vertex  6.962515e-03 -4.190000e-01  1.314338e-03
     vertex  6.716280e-03 -4.190000e-01  1.741867e-03
   endloop
 endfacet
 facet normal  0.000000e+00 -1.000000e+00  0.000000e+00
   outer loop
     vertex  6.962515e-03 -4.190000e-01  1.314338e-03
     vertex  7.189312e-03 -4.190000e-01  1.707798e-03
     vertex  6.716280e-03 -4.190000e-01  1.741867e-03
   endloop
 endfacet
 facet normal -0.000000e+00 -1.000000e+00  0.000000e+00
   outer loop
     vertex  8.649150e-03 -4.190000e-01  7.772587e-03
     vertex  8.166759e-03 -4.190000e-01  8.025714e-03
     vertex  8.193350e-03 -4.190000e-01  7.510788e-03
   endloop
 endfacet
 facet normal  0.000000e+00 -1.000000e+00  0.000000e+00
   outer loop
     vertex  5.993705e-03 -4.190000e-01  1.351749e-03
     vertex  6.479070e-03 -4.190000e-01  1.330820e-03
     vertex  6.228444e-03 -4.190000e-01  1.767655e-03
   endloop
 endfacet
 facet normal  0.000000e+00 -1.000000e+00  0.000000e+00
   outer loop
     vertex  6.479070e-03 -4.190000e-01  1.330820e-03
     vertex  6.716280e-03 -4.190000e-01  1.741867e-03
     vertex  6.228444e-03 -4.190000e-01  1.767655e-03
   endloop
 endfacet
 facet normal  0.000000e+00 -1.000000e+00  0.000000e+00
   outer loop
     vertex  4.583051e-03 -4.190000e-01  1.318948e-03
     vertex  4.808713e-03 -4.190000e-01  1.677076e-03
     vertex  4.337296e-03 -4.190000e-01  1.831602e-03
   endloop
 endfacet
 facet normal  0.000000e+00 -1.000000e+00  0.000000e+00
   outer loop
     vertex  7.707301e-03 -4.190000e-01  8.232742e-03
     vertex  7.488864e-03 -4.190000e-01  8.684296e-03
     vertex  7.210606e-03 -4.190000e-01  8.303713e-03
   endloop
 endfacet
 facet normal -0.000000e+00 -1.000000e+00  0.000000e+00
   outer loop
     vertex  7.488864e-03 -4.190000e-01  8.684296e-03
     vertex  6.978239e-03 -4.190000e-01  8.704819e-03
     vertex  7.210606e-03 -4.190000e-01  8.303713e-03
   endloop
 endfacet
 facet normal  0.000000e+00 -1.000000e+00  0.000000e+00
   outer loop
     vertex  8.183364e-03 -4.190000e-01  3.008094e-03
     vertex  8.648265e-03 -4.190000e-01  3.247634e-03
     vertex  8.147541e-03 -4.190000e-01  3.512355e-03
   endloop
 endfacet
 facet normal  0.000000e+00 -1.000000e+00  0.000000e+00
   outer loop
     vertex  8.648265e-03 -4.190000e-01  3.247634e-03
     vertex  8.631809e-03 -4.190000e-01  3.755367e-03
     vertex  8.147541e-03 -4.190000e-01  3.512355e-03
   endloop
 endfacet
 facet normal  0.000000e+00 -1.000000e+00 -0.000000e+00
   outer loop
     vertex  4.308745e-03 -4.190000e-01  7.480503e-03
     vertex  3.879286e-03 -4.190000e-01  7.239900e-03
     vertex  4.319306e-03 -4.190000e-01  6.982672e-03
   endloop
 endfacet
 facet normal  0.000000e+00 -1.000000e+00  0.000000e+00
   outer loop
     vertex  3.879286e-03 -4.190000e-01  7.239900e-03
     vertex  3.880972e-03 -4.190000e-01  6.751759e-03
     vertex  4.319306e-03 -4.190000e-01  6.982672e-03
   endloop
 endfacet
 facet normal  0.000000e+00 -1.000000e+00  0.000000e+00
   outer loop
     vertex  5.250666e-03 -4.190000e-01  1.789093e-03
     vertex  5.519995e-03 -4.190000e-01  1.351269e-03
     vertex  5.725892e-03 -4.190000e-01  1.813056e-03
   endloop
 endfacet
 facet normal  0.000000e+00 -1.000000e+00  0.000000e+00
   outer loop
     vertex  5.519995e-03 -4.190000e-01  1.351269e-03
     vertex  5.993705e-03 -4.190000e-01  1.351749e-03
     vertex  5.725892e-03 -4.190000e-01  1.813056e-03
   endloop
 endfacet
 facet normal  0.000000e+00 -1.000000e+00  0.000000e+00
   outer loop
     vertex  8.179786e-03 -4.190000e-01  1.970766e-03
     vertex  8.647310e-03 -4.190000e-01  2.230461e-03
     vertex  8.178479e-03 -4.190000e-01  2.502474e-03
   endloop
 endfacet
 facet normal  0.000000e+00 -1.000000e+00  0.000000e+00
   outer loop
     vertex  3.880652e-03 -4.190000e-01  8.794693e-03
     vertex  3.896048e-03 -4.190000e-01  8.284898e-03
     vertex  4.423620e-03 -4.190000e-01  8.599147e-03
   endloop
 endfacet
 facet normal  0.000000e+00 -1.000000e+00  0.000000e+00
   outer loop
     vertex  3.880972e-03 -4.190000e-01  6.751759e-03
     vertex  4.332054e-03 -4.190000e-01  6.494185e-03
     vertex  4.319306e-03 -4.190000e-01  6.982672e-03
   endloop
 endfacet
 facet normal  0.000000e+00 -1.000000e+00  0.000000e+00
   outer loop
     vertex  8.157023e-03 -4.190000e-01  5.501902e-03
     vertex  8.628141e-03 -4.190000e-01  5.748119e-03
     vertex  8.154380e-03 -4.190000e-01  5.988888e-03
   endloop
 endfacet
 facet normal -0.000000e+00 -1.000000e+00  0.000000e+00
   outer loop
     vertex  6.015222e-03 -4.190000e-01  8.685532e-03
     vertex  5.528219e-03 -4.190000e-01  8.686341e-03
     vertex  5.788291e-03 -4.190000e-01  8.254325e-03
   endloop
 endfacet
 facet normal  0.000000e+00 -1.000000e+00 -0.000000e+00
   outer loop
     vertex  5.528219e-03 -4.190000e-01  8.686341e-03
     vertex  5.309648e-03 -4.190000e-01  8.270541e-03
     vertex  5.788291e-03 -4.190000e-01  8.254325e-03
   endloop
 endfacet
 facet normal  0.000000e+00 -1.000000e+00  0.000000e+00
   outer loop
     vertex  5.013815e-03 -4.190000e-01  8.668083e-03
     vertex  4.423620e-03 -4.190000e-01  8.599147e-03
     vertex  4.807899e-03 -4.190000e-01  8.221363e-03
   endloop
 endfacet
 facet normal -0.000000e+00 -1.000000e+00  0.000000e+00
   outer loop
     vertex  5.309648e-03 -4.190000e-01  8.270541e-03
     vertex  5.013815e-03 -4.190000e-01  8.668083e-03
     vertex  4.807899e-03 -4.190000e-01  8.221363e-03
   endloop
 endfacet
 facet normal  0.000000e+00 -1.000000e+00 -0.000000e+00
   outer loop
     vertex  4.423620e-03 -4.190000e-01  8.599147e-03
     vertex  4.338005e-03 -4.190000e-01  8.012477e-03
     vertex  4.807899e-03 -4.190000e-01  8.221363e-03
   endloop
 endfacet
 facet normal  0.000000e+00 -1.000000e+00  0.000000e+00
   outer loop
     vertex  4.344162e-03 -4.190000e-01  3.991358e-03
     vertex  3.899112e-03 -4.190000e-01  3.744405e-03
     vertex  4.344084e-03 -4.190000e-01  3.486196e-03
   endloop
 endfacet
 facet normal  0.000000e+00 -1.000000e+00  0.000000e+00
   outer loop
     vertex  3.899112e-03 -4.190000e-01  3.744405e-03
     vertex  3.908412e-03 -4.190000e-01  3.238025e-03
     vertex  4.344084e-03 -4.190000e-01  3.486196e-03
   endloop
 endfacet
 facet normal  0.000000e+00 -1.000000e+00  0.000000e+00
   outer loop
     vertex  8.640566e-03 -4.190000e-01  4.754180e-03
     vertex  8.629284e-03 -4.190000e-01  5.261279e-03
     vertex  8.143492e-03 -4.190000e-01  5.011782e-03
   endloop
 endfacet
 facet normal -0.000000e+00 -1.000000e+00  0.000000e+00
   outer loop
     vertex  8.629284e-03 -4.190000e-01  5.261279e-03
     vertex  8.157023e-03 -4.190000e-01  5.501902e-03
     vertex  8.143492e-03 -4.190000e-01  5.011782e-03
   endloop
 endfacet
 facet normal  0.000000e+00 -1.000000e+00  0.000000e+00
   outer loop
     vertex  3.908412e-03 -4.190000e-01  3.238025e-03
     vertex  3.910512e-03 -4.190000e-01  2.706406e-03
     vertex  4.348329e-03 -4.190000e-01  2.960055e-03
   endloop
 endfacet
 facet normal  0.000000e+00 -1.000000e+00  0.000000e+00
   outer loop
     vertex  3.910512e-03 -4.190000e-01  2.706406e-03
     vertex  4.358067e-03 -4.190000e-01  2.425966e-03
     vertex  4.348329e-03 -4.190000e-01  2.960055e-03
   endloop
 endfacet
 facet normal -0.000000e+00 -1.000000e+00  0.000000e+00
   outer loop
     vertex  7.210606e-03 -4.190000e-01  8.303713e-03
     vertex  6.978239e-03 -4.190000e-01  8.704819e-03
     vertex  6.736770e-03 -4.190000e-01  8.278242e-03
   endloop
 endfacet
 facet normal  0.000000e+00 -1.000000e+00  0.000000e+00
   outer loop
     vertex  6.978239e-03 -4.190000e-01  8.704819e-03
     vertex  6.492827e-03 -4.190000e-01  8.693212e-03
     vertex  6.736770e-03 -4.190000e-01  8.278242e-03
   endloop
 endfacet
 facet normal  0.000000e+00 -1.000000e+00  0.000000e+00
   outer loop
     vertex  5.993705e-03 -4.190000e-01  1.351749e-03
     vertex  6.228444e-03 -4.190000e-01  1.767655e-03
     vertex  5.725892e-03 -4.190000e-01  1.813056e-03
   endloop
 endfacet
 facet normal  0.000000e+00 -1.000000e+00  0.000000e+00
   outer loop
     vertex  8.147541e-03 -4.190000e-01  3.512355e-03
     vertex  8.631809e-03 -4.190000e-01  3.755367e-03
     vertex  8.145948e-03 -4.190000e-01  3.995477e-03
   endloop
 endfacet
 facet normal  0.000000e+00 -1.000000e+00  0.000000e+00
   outer loop
     vertex  8.631809e-03 -4.190000e-01  3.755367e-03
     vertex  8.621746e-03 -4.190000e-01  4.243992e-03
     vertex  8.145948e-03 -4.190000e-01  3.995477e-03
   endloop
 endfacet
 facet normal  0.000000e+00 -1.000000e+00  0.000000e+00
   outer loop
     vertex  6.492827e-03 -4.190000e-01  8.693212e-03
     vertex  6.015222e-03 -4.190000e-01  8.685532e-03
     vertex  6.264122e-03 -4.190000e-01  8.246874e-03
   endloop
 endfacet
 facet normal -0.000000e+00 -1.000000e+00  0.000000e+00
   outer loop
     vertex  6.736770e-03 -4.190000e-01  8.278242e-03
     vertex  6.492827e-03 -4.190000e-01  8.693212e-03
     vertex  6.264122e-03 -4.190000e-01  8.246874e-03
   endloop
 endfacet
 facet normal  0.000000e+00 -1.000000e+00 -0.000000e+00
   outer loop
     vertex  6.015222e-03 -4.190000e-01  8.685532e-03
     vertex  5.788291e-03 -4.190000e-01  8.254325e-03
     vertex  6.264122e-03 -4.190000e-01  8.246874e-03
   endloop
 endfacet
 facet normal  0.000000e+00 -1.000000e+00  0.000000e+00
   outer loop
     vertex  4.337296e-03 -4.190000e-01  1.831602e-03
     vertex  4.808713e-03 -4.190000e-01  1.677076e-03
     vertex  4.837595e-03 -4.190000e-01  2.155312e-03
   endloop
 endfacet
 facet normal  0.000000e+00 -1.000000e+00 -0.000000e+00
   outer loop
     vertex  4.358067e-03 -4.190000e-01  2.425966e-03
     vertex  4.337296e-03 -4.190000e-01  1.831602e-03
     vertex  4.837595e-03 -4.190000e-01  2.155312e-03
   endloop
 endfacet
 facet normal  0.000000e+00 -1.000000e+00  0.000000e+00
   outer loop
     vertex  4.808713e-03 -4.190000e-01  1.677076e-03
     vertex  5.250666e-03 -4.190000e-01  1.789093e-03
     vertex  4.837595e-03 -4.190000e-01  2.155312e-03
   endloop
 endfacet
 facet normal -0.000000e+00 -1.000000e+00  0.000000e+00
   outer loop
     vertex  7.707301e-03 -4.190000e-01  8.232742e-03
     vertex  7.210606e-03 -4.190000e-01  8.303713e-03
     vertex  7.415133e-03 -4.190000e-01  7.923868e-03
   endloop
 endfacet
 facet normal  0.000000e+00 -1.000000e+00  0.000000e+00
   outer loop
     vertex  5.725892e-03 -4.190000e-01  1.813056e-03
     vertex  6.228444e-03 -4.190000e-01  1.767655e-03
     vertex  5.954658e-03 -4.190000e-01  2.256278e-03
   endloop
 endfacet
 facet normal  0.000000e+00 -1.000000e+00  0.000000e+00
   outer loop
     vertex  8.157023e-03 -4.190000e-01  5.501902e-03
     vertex  8.154380e-03 -4.190000e-01  5.988888e-03
     vertex  7.686451e-03 -4.190000e-01  5.751454e-03
   endloop
 endfacet
 facet normal  0.000000e+00 -1.000000e+00  0.000000e+00
   outer loop
     vertex  8.183364e-03 -4.190000e-01  3.008094e-03
     vertex  8.147541e-03 -4.190000e-01  3.512355e-03
     vertex  7.684549e-03 -4.190000e-01  3.267979e-03
   endloop
 endfacet
 facet normal  0.000000e+00 -1.000000e+00  0.000000e+00
   outer loop
     vertex  4.338905e-03 -4.190000e-01  4.996213e-03
     vertex  4.342636e-03 -4.190000e-01  4.507400e-03
     vertex  4.792947e-03 -4.190000e-01  4.753337e-03
   endloop
 endfacet
 facet normal  0.000000e+00 -1.000000e+00 -0.000000e+00
   outer loop
     vertex  4.341361e-03 -4.190000e-01  5.489029e-03
     vertex  4.338905e-03 -4.190000e-01  4.996213e-03
     vertex  4.793533e-03 -4.190000e-01  5.244940e-03
   endloop
 endfacet
 facet normal  0.000000e+00 -1.000000e+00  0.000000e+00
   outer loop
     vertex  4.338905e-03 -4.190000e-01  4.996213e-03
     vertex  4.792947e-03 -4.190000e-01  4.753337e-03
     vertex  4.793533e-03 -4.190000e-01  5.244940e-03
   endloop
 endfacet
 facet normal  0.000000e+00 -1.000000e+00  0.000000e+00
   outer loop
     vertex  4.340602e-03 -4.190000e-01  5.982166e-03
     vertex  4.341361e-03 -4.190000e-01  5.489029e-03
     vertex  4.789043e-03 -4.190000e-01  5.736762e-03
   endloop
 endfacet
 facet normal  0.000000e+00 -1.000000e+00  0.000000e+00
   outer loop
     vertex  4.341361e-03 -4.190000e-01  5.489029e-03
     vertex  4.793533e-03 -4.190000e-01  5.244940e-03
     vertex  4.789043e-03 -4.190000e-01  5.736762e-03
   endloop
 endfacet
 facet normal  0.000000e+00 -1.000000e+00  0.000000e+00
   outer loop
     vertex  5.250666e-03 -4.190000e-01  1.789093e-03
     vertex  5.725892e-03 -4.190000e-01  1.813056e-03
     vertex  5.382969e-03 -4.190000e-01  2.335037e-03
   endloop
 endfacet
 facet normal  0.000000e+00 -1.000000e+00  0.000000e+00
   outer loop
     vertex  5.725892e-03 -4.190000e-01  1.813056e-03
     vertex  5.954658e-03 -4.190000e-01  2.256278e-03
     vertex  5.382969e-03 -4.190000e-01  2.335037e-03
   endloop
 endfacet
 facet normal  0.000000e+00 -1.000000e+00  0.000000e+00
   outer loop
     vertex  8.178479e-03 -4.190000e-01  2.502474e-03
     vertex  8.183364e-03 -4.190000e-01  3.008094e-03
     vertex  7.720736e-03 -4.190000e-01  2.751380e-03
   endloop
 endfacet
 facet normal -0.000000e+00 -1.000000e+00  0.000000e+00
   outer loop
     vertex  8.183364e-03 -4.190000e-01  3.008094e-03
     vertex  7.684549e-03 -4.190000e-01  3.267979e-03
     vertex  7.720736e-03 -4.190000e-01  2.751380e-03
   endloop
 endfacet
 facet normal  0.000000e+00 -1.000000e+00  0.000000e+00
   outer loop
     vertex  4.337296e-03 -4.190000e-01  1.831602e-03
     vertex  3.829403e-03 -4.190000e-01  1.703366e-03
     vertex  4.143440e-03 -4.190000e-01  1.323243e-03
   endloop
 endfacet
 facet normal  0.000000e+00 -1.000000e+00  0.000000e+00
   outer loop
     vertex  8.179786e-03 -4.190000e-01  1.970766e-03
     vertex  8.178479e-03 -4.190000e-01  2.502474e-03
     vertex  7.770750e-03 -4.190000e-01  2.279561e-03
   endloop
 endfacet
 facet normal  0.000000e+00 -1.000000e+00  0.000000e+00
   outer loop
     vertex  7.686642e-03 -4.190000e-01  1.758564e-03
     vertex  8.179786e-03 -4.190000e-01  1.970766e-03
     vertex  7.770750e-03 -4.190000e-01  2.279561e-03
   endloop
 endfacet
 facet normal -0.000000e+00 -1.000000e+00  0.000000e+00
   outer loop
     vertex  8.178479e-03 -4.190000e-01  2.502474e-03
     vertex  7.720736e-03 -4.190000e-01  2.751380e-03
     vertex  7.770750e-03 -4.190000e-01  2.279561e-03
   endloop
 endfacet
 facet normal  0.000000e+00 -1.000000e+00  0.000000e+00
   outer loop
     vertex  4.143440e-03 -4.190000e-01  1.323243e-03
     vertex  4.583051e-03 -4.190000e-01  1.318948e-03
     vertex  4.337296e-03 -4.190000e-01  1.831602e-03
   endloop
 endfacet
 facet normal  0.000000e+00 -1.000000e+00  0.000000e+00
   outer loop
     vertex  8.621746e-03 -4.190000e-01  4.243992e-03
     vertex  8.640566e-03 -4.190000e-01  4.754180e-03
     vertex  8.135710e-03 -4.190000e-01  4.503285e-03
   endloop
 endfacet
 facet normal  0.000000e+00 -1.000000e+00  0.000000e+00
   outer loop
     vertex  8.145948e-03 -4.190000e-01  3.995477e-03
     vertex  8.621746e-03 -4.190000e-01  4.243992e-03
     vertex  8.135710e-03 -4.190000e-01  4.503285e-03
   endloop
 endfacet
 facet normal -0.000000e+00 -1.000000e+00  0.000000e+00
   outer loop
     vertex  8.640566e-03 -4.190000e-01  4.754180e-03
     vertex  8.143492e-03 -4.190000e-01  5.011782e-03
     vertex  8.135710e-03 -4.190000e-01  4.503285e-03
   endloop
 endfacet
 facet normal  0.000000e+00 -1.000000e+00  0.000000e+00
   outer loop
     vertex  4.332054e-03 -4.190000e-01  6.494185e-03
     vertex  4.340602e-03 -4.190000e-01  5.982166e-03
     vertex  4.781644e-03 -4.190000e-01  6.230417e-03
   endloop
 endfacet
 facet normal  0.000000e+00 -1.000000e+00  0.000000e+00
   outer loop
     vertex  4.340602e-03 -4.190000e-01  5.982166e-03
     vertex  4.789043e-03 -4.190000e-01  5.736762e-03
     vertex  4.781644e-03 -4.190000e-01  6.230417e-03
   endloop
 endfacet
 facet normal  0.000000e+00 -1.000000e+00  0.000000e+00
   outer loop
     vertex  4.308745e-03 -4.190000e-01  7.480503e-03
     vertex  4.319306e-03 -4.190000e-01  6.982672e-03
     vertex  4.754274e-03 -4.190000e-01  7.209032e-03
   endloop
 endfacet
 facet normal -0.000000e+00 -1.000000e+00  0.000000e+00
   outer loop
     vertex  8.166759e-03 -4.190000e-01  8.025714e-03
     vertex  7.707301e-03 -4.190000e-01  8.232742e-03
     vertex  7.785414e-03 -4.190000e-01  7.738369e-03
   endloop
 endfacet
 facet normal  0.000000e+00 -1.000000e+00  0.000000e+00
   outer loop
     vertex  8.193350e-03 -4.190000e-01  7.510788e-03
     vertex  8.166759e-03 -4.190000e-01  8.025714e-03
     vertex  7.785414e-03 -4.190000e-01  7.738369e-03
   endloop
 endfacet
 facet normal  0.000000e+00 -1.000000e+00 -0.000000e+00
   outer loop
     vertex  7.707301e-03 -4.190000e-01  8.232742e-03
     vertex  7.415133e-03 -4.190000e-01  7.923868e-03
     vertex  7.785414e-03 -4.190000e-01  7.738369e-03
   endloop
 endfacet
 facet normal  0.000000e+00 -1.000000e+00  0.000000e+00
   outer loop
     vertex  4.319306e-03 -4.190000e-01  6.982672e-03
     vertex  4.332054e-03 -4.190000e-01  6.494185e-03
     vertex  4.771526e-03 -4.190000e-01  6.722497e-03
   endloop
 endfacet
 facet normal  0.000000e+00 -1.000000e+00  0.000000e+00
   outer loop
     vertex  4.332054e-03 -4.190000e-01  6.494185e-03
     vertex  4.781644e-03 -4.190000e-01  6.230417e-03
     vertex  4.771526e-03 -4.190000e-01  6.722497e-03
   endloop
 endfacet
 facet normal  0.000000e+00 -1.000000e+00  0.000000e+00
   outer loop
     vertex  6.716280e-03 -4.190000e-01  1.741867e-03
     vertex  7.189312e-03 -4.190000e-01  1.707798e-03
     vertex  6.964957e-03 -4.190000e-01  2.140193e-03
   endloop
 endfacet
 facet normal  0.000000e+00 -1.000000e+00  0.000000e+00
   outer loop
     vertex  7.684549e-03 -4.190000e-01  3.267979e-03
     vertex  8.147541e-03 -4.190000e-01  3.512355e-03
     vertex  7.677348e-03 -4.190000e-01  3.755276e-03
   endloop
 endfacet
 facet normal  0.000000e+00 -1.000000e+00  0.000000e+00
   outer loop
     vertex  8.147541e-03 -4.190000e-01  3.512355e-03
     vertex  8.145948e-03 -4.190000e-01  3.995477e-03
     vertex  7.677348e-03 -4.190000e-01  3.755276e-03
   endloop
 endfacet
 facet normal  0.000000e+00 -1.000000e+00  0.000000e+00
   outer loop
     vertex  7.686451e-03 -4.190000e-01  5.751454e-03
     vertex  8.154380e-03 -4.190000e-01  5.988888e-03
     vertex  7.687506e-03 -4.190000e-01  6.248378e-03
   endloop
 endfacet
 facet normal  0.000000e+00 -1.000000e+00  0.000000e+00
   outer loop
     vertex  8.154380e-03 -4.190000e-01  5.988888e-03
     vertex  8.154001e-03 -4.190000e-01  6.493205e-03
     vertex  7.687506e-03 -4.190000e-01  6.248378e-03
   endloop
 endfacet
 facet normal  0.000000e+00 -1.000000e+00  0.000000e+00
   outer loop
     vertex  6.228444e-03 -4.190000e-01  1.767655e-03
     vertex  6.716280e-03 -4.190000e-01  1.741867e-03
     vertex  6.520002e-03 -4.190000e-01  2.199867e-03
   endloop
 endfacet
 facet normal  0.000000e+00 -1.000000e+00  0.000000e+00
   outer loop
     vertex  5.954658e-03 -4.190000e-01  2.256278e-03
     vertex  6.228444e-03 -4.190000e-01  1.767655e-03
     vertex  6.520002e-03 -4.190000e-01  2.199867e-03
   endloop
 endfacet
 facet normal  0.000000e+00 -1.000000e+00  0.000000e+00
   outer loop
     vertex  6.716280e-03 -4.190000e-01  1.741867e-03
     vertex  6.964957e-03 -4.190000e-01  2.140193e-03
     vertex  6.520002e-03 -4.190000e-01  2.199867e-03
   endloop
 endfacet
 facet normal  0.000000e+00 -1.000000e+00  0.000000e+00
   outer loop
     vertex  3.908412e-03 -4.190000e-01  3.238025e-03
     vertex  4.348329e-03 -4.190000e-01  2.960055e-03
     vertex  4.344084e-03 -4.190000e-01  3.486196e-03
   endloop
 endfacet
 facet normal  0.000000e+00 -1.000000e+00  0.000000e+00
   outer loop
     vertex  5.309648e-03 -4.190000e-01  8.270541e-03
     vertex  4.807899e-03 -4.190000e-01  8.221363e-03
     vertex  5.125128e-03 -4.190000e-01  7.894804e-03
   endloop
 endfacet
 facet normal  0.000000e+00 -1.000000e+00  0.000000e+00
   outer loop
     vertex  5.250666e-03 -4.190000e-01  1.789093e-03
     vertex  5.382969e-03 -4.190000e-01  2.335037e-03
     vertex  4.837595e-03 -4.190000e-01  2.155312e-03
   endloop
 endfacet
 facet normal -0.000000e+00 -1.000000e+00  0.000000e+00
   outer loop
     vertex  5.788291e-03 -4.190000e-01  8.254325e-03
     vertex  5.309648e-03 -4.190000e-01  8.270541e-03
     vertex  5.542207e-03 -4.190000e-01  7.818801e-03
   endloop
 endfacet
 facet normal  0.000000e+00 -1.000000e+00 -0.000000e+00
   outer loop
     vertex  5.309648e-03 -4.190000e-01  8.270541e-03
     vertex  5.125128e-03 -4.190000e-01  7.894804e-03
     vertex  5.542207e-03 -4.190000e-01  7.818801e-03
   endloop
 endfacet
 facet normal  0.000000e+00 -1.000000e+00  0.000000e+00
   outer loop
     vertex  7.189312e-03 -4.190000e-01  1.707798e-03
     vertex  7.686642e-03 -4.190000e-01  1.758564e-03
     vertex  7.371691e-03 -4.190000e-01  2.071757e-03
   endloop
 endfacet
 facet normal  0.000000e+00 -1.000000e+00  0.000000e+00
   outer loop
     vertex  6.964957e-03 -4.190000e-01  2.140193e-03
     vertex  7.189312e-03 -4.190000e-01  1.707798e-03
     vertex  7.371691e-03 -4.190000e-01  2.071757e-03
   endloop
 endfacet
 facet normal  0.000000e+00 -1.000000e+00  0.000000e+00
   outer loop
     vertex  7.686642e-03 -4.190000e-01  1.758564e-03
     vertex  7.770750e-03 -4.190000e-01  2.279561e-03
     vertex  7.371691e-03 -4.190000e-01  2.071757e-03
   endloop
 endfacet
 facet normal  0.000000e+00 -1.000000e+00  0.000000e+00
   outer loop
     vertex  4.807899e-03 -4.190000e-01  8.221363e-03
     vertex  4.338005e-03 -4.190000e-01  8.012477e-03
     vertex  4.723036e-03 -4.190000e-01  7.688586e-03
   endloop
 endfacet
 facet normal -0.000000e+00 -1.000000e+00  0.000000e+00
   outer loop
     vertex  5.125128e-03 -4.190000e-01  7.894804e-03
     vertex  4.807899e-03 -4.190000e-01  8.221363e-03
     vertex  4.723036e-03 -4.190000e-01  7.688586e-03
   endloop
 endfacet
 facet normal  0.000000e+00 -1.000000e+00 -0.000000e+00
   outer loop
     vertex  4.338005e-03 -4.190000e-01  8.012477e-03
     vertex  4.308745e-03 -4.190000e-01  7.480503e-03
     vertex  4.723036e-03 -4.190000e-01  7.688586e-03
   endloop
 endfacet
 facet normal  0.000000e+00 -1.000000e+00  0.000000e+00
   outer loop
     vertex  4.342636e-03 -4.190000e-01  4.507400e-03
     vertex  4.344162e-03 -4.190000e-01  3.991358e-03
     vertex  4.788858e-03 -4.190000e-01  4.255680e-03
   endloop
 endfacet
 facet normal  0.000000e+00 -1.000000e+00  0.000000e+00
   outer loop
     vertex  4.792947e-03 -4.190000e-01  4.753337e-03
     vertex  4.342636e-03 -4.190000e-01  4.507400e-03
     vertex  4.788858e-03 -4.190000e-01  4.255680e-03
   endloop
 endfacet
 facet normal  0.000000e+00 -1.000000e+00  0.000000e+00
   outer loop
     vertex  8.143492e-03 -4.190000e-01  5.011782e-03
     vertex  8.157023e-03 -4.190000e-01  5.501902e-03
     vertex  7.686536e-03 -4.190000e-01  5.255029e-03
   endloop
 endfacet
 facet normal -0.000000e+00 -1.000000e+00  0.000000e+00
   outer loop
     vertex  8.157023e-03 -4.190000e-01  5.501902e-03
     vertex  7.686451e-03 -4.190000e-01  5.751454e-03
     vertex  7.686536e-03 -4.190000e-01  5.255029e-03
   endloop
 endfacet
 facet normal  0.000000e+00 -1.000000e+00 -0.000000e+00
   outer loop
     vertex  4.754274e-03 -4.190000e-01  7.209032e-03
     vertex  4.319306e-03 -4.190000e-01  6.982672e-03
     vertex  4.771526e-03 -4.190000e-01  6.722497e-03
   endloop
 endfacet
 facet normal  0.000000e+00 -1.000000e+00  0.000000e+00
   outer loop
     vertex  4.358067e-03 -4.190000e-01  2.425966e-03
     vertex  4.837595e-03 -4.190000e-01  2.155312e-03
     vertex  4.840125e-03 -4.190000e-01  2.668706e-03
   endloop
 endfacet
 facet normal  0.000000e+00 -1.000000e+00  0.000000e+00
   outer loop
     vertex  4.348329e-03 -4.190000e-01  2.960055e-03
     vertex  4.358067e-03 -4.190000e-01  2.425966e-03
     vertex  4.840125e-03 -4.190000e-01  2.668706e-03
   endloop
 endfacet
 facet normal -0.000000e+00 -1.000000e+00  0.000000e+00
   outer loop
     vertex  7.415133e-03 -4.190000e-01  7.923868e-03
     vertex  7.210606e-03 -4.190000e-01  8.303713e-03
     vertex  6.992775e-03 -4.190000e-01  7.859404e-03
   endloop
 endfacet
 facet normal  0.000000e+00 -1.000000e+00  0.000000e+00
   outer loop
     vertex  7.210606e-03 -4.190000e-01  8.303713e-03
     vertex  6.736770e-03 -4.190000e-01  8.278242e-03
     vertex  6.992775e-03 -4.190000e-01  7.859404e-03
   endloop
 endfacet
 facet normal  0.000000e+00 -1.000000e+00 -0.000000e+00
   outer loop
     vertex  4.723036e-03 -4.190000e-01  7.688586e-03
     vertex  4.308745e-03 -4.190000e-01  7.480503e-03
     vertex  4.754274e-03 -4.190000e-01  7.209032e-03
   endloop
 endfacet
 facet normal  0.000000e+00 -1.000000e+00  0.000000e+00
   outer loop
     vertex  8.176505e-03 -4.190000e-01  6.996008e-03
     vertex  8.193350e-03 -4.190000e-01  7.510788e-03
     vertex  7.758825e-03 -4.190000e-01  7.235744e-03
   endloop
 endfacet
 facet normal -0.000000e+00 -1.000000e+00  0.000000e+00
   outer loop
     vertex  8.193350e-03 -4.190000e-01  7.510788e-03
     vertex  7.785414e-03 -4.190000e-01  7.738369e-03
     vertex  7.758825e-03 -4.190000e-01  7.235744e-03
   endloop
 endfacet
 facet normal  0.000000e+00 -1.000000e+00  0.000000e+00
   outer loop
     vertex  4.788858e-03 -4.190000e-01  4.255680e-03
     vertex  4.344162e-03 -4.190000e-01  3.991358e-03
     vertex  4.788356e-03 -4.190000e-01  3.750664e-03
   endloop
 endfacet
 facet normal  0.000000e+00 -1.000000e+00 -0.000000e+00
   outer loop
     vertex  4.344162e-03 -4.190000e-01  3.991358e-03
     vertex  4.344084e-03 -4.190000e-01  3.486196e-03
     vertex  4.788356e-03 -4.190000e-01  3.750664e-03
   endloop
 endfacet
 facet normal  0.000000e+00 -1.000000e+00  0.000000e+00
   outer loop
     vertex  7.687506e-03 -4.190000e-01  6.248378e-03
     vertex  8.154001e-03 -4.190000e-01  6.493205e-03
     vertex  7.715166e-03 -4.190000e-01  6.745588e-03
   endloop
 endfacet
 facet normal  0.000000e+00 -1.000000e+00  0.000000e+00
   outer loop
     vertex  4.781644e-03 -4.190000e-01  6.230417e-03
     vertex  4.789043e-03 -4.190000e-01  5.736762e-03
     vertex  5.242575e-03 -4.190000e-01  5.980113e-03
   endloop
 endfacet
 facet normal  0.000000e+00 -1.000000e+00  0.000000e+00
   outer loop
     vertex  7.715166e-03 -4.190000e-01  6.745588e-03
     vertex  8.154001e-03 -4.190000e-01  6.493205e-03
     vertex  8.176505e-03 -4.190000e-01  6.996008e-03
   endloop
 endfacet
 facet normal  0.000000e+00 -1.000000e+00  0.000000e+00
   outer loop
     vertex  7.715166e-03 -4.190000e-01  6.745588e-03
     vertex  8.176505e-03 -4.190000e-01  6.996008e-03
     vertex  7.758825e-03 -4.190000e-01  7.235744e-03
   endloop
 endfacet
 facet normal  0.000000e+00 -1.000000e+00  0.000000e+00
   outer loop
     vertex  4.754274e-03 -4.190000e-01  7.209032e-03
     vertex  4.771526e-03 -4.190000e-01  6.722497e-03
     vertex  5.220531e-03 -4.190000e-01  6.958672e-03
   endloop
 endfacet
 facet normal  0.000000e+00 -1.000000e+00  0.000000e+00
   outer loop
     vertex  7.686451e-03 -4.190000e-01  5.751454e-03
     vertex  7.687506e-03 -4.190000e-01  6.248378e-03
     vertex  7.205857e-03 -4.190000e-01  6.007471e-03
   endloop
 endfacet
 facet normal  0.000000e+00 -1.000000e+00  0.000000e+00
   outer loop
     vertex  4.344084e-03 -4.190000e-01  3.486196e-03
     vertex  4.348329e-03 -4.190000e-01  2.960055e-03
     vertex  4.789058e-03 -4.190000e-01  3.236181e-03
   endloop
 endfacet
 facet normal  0.000000e+00 -1.000000e+00 -0.000000e+00
   outer loop
     vertex  4.788356e-03 -4.190000e-01  3.750664e-03
     vertex  4.344084e-03 -4.190000e-01  3.486196e-03
     vertex  4.789058e-03 -4.190000e-01  3.236181e-03
   endloop
 endfacet
 facet normal  0.000000e+00 -1.000000e+00  0.000000e+00
   outer loop
     vertex  4.348329e-03 -4.190000e-01  2.960055e-03
     vertex  4.840125e-03 -4.190000e-01  2.668706e-03
     vertex  4.789058e-03 -4.190000e-01  3.236181e-03
   endloop
 endfacet
 facet normal  0.000000e+00 -1.000000e+00 -0.000000e+00
   outer loop
     vertex  4.793533e-03 -4.190000e-01  5.244940e-03
     vertex  4.792947e-03 -4.190000e-01  4.753337e-03
     vertex  5.256798e-03 -4.190000e-01  5.002638e-03
   endloop
 endfacet
 facet normal  0.000000e+00 -1.000000e+00  0.000000e+00
   outer loop
     vertex  4.837595e-03 -4.190000e-01  2.155312e-03
     vertex  5.382969e-03 -4.190000e-01  2.335037e-03
     vertex  4.840125e-03 -4.190000e-01  2.668706e-03
   endloop
 endfacet
 facet normal  0.000000e+00 -1.000000e+00  0.000000e+00
   outer loop
     vertex  4.723036e-03 -4.190000e-01  7.688586e-03
     vertex  4.754274e-03 -4.190000e-01  7.209032e-03
     vertex  5.181110e-03 -4.190000e-01  7.455289e-03
   endloop
 endfacet
 facet normal  0.000000e+00 -1.000000e+00 -0.000000e+00
   outer loop
     vertex  5.125128e-03 -4.190000e-01  7.894804e-03
     vertex  4.723036e-03 -4.190000e-01  7.688586e-03
     vertex  5.181110e-03 -4.190000e-01  7.455289e-03
   endloop
 endfacet
 facet normal  0.000000e+00 -1.000000e+00  0.000000e+00
   outer loop
     vertex  4.754274e-03 -4.190000e-01  7.209032e-03
     vertex  5.220531e-03 -4.190000e-01  6.958672e-03
     vertex  5.181110e-03 -4.190000e-01  7.455289e-03
   endloop
 endfacet
 facet normal  0.000000e+00 -1.000000e+00  0.000000e+00
   outer loop
     vertex  4.789043e-03 -4.190000e-01  5.736762e-03
     vertex  4.793533e-03 -4.190000e-01  5.244940e-03
     vertex  5.253351e-03 -4.190000e-01  5.492317e-03
   endloop
 endfacet
 facet normal  0.000000e+00 -1.000000e+00  0.000000e+00
   outer loop
     vertex  4.793533e-03 -4.190000e-01  5.244940e-03
     vertex  5.256798e-03 -4.190000e-01  5.002638e-03
     vertex  5.253351e-03 -4.190000e-01  5.492317e-03
   endloop
 endfacet
 facet normal  0.000000e+00 -1.000000e+00  0.000000e+00
   outer loop
     vertex  5.382969e-03 -4.190000e-01  2.335037e-03
     vertex  5.954658e-03 -4.190000e-01  2.256278e-03
     vertex  5.783694e-03 -4.190000e-01  2.723681e-03
   endloop
 endfacet
 facet normal  0.000000e+00 -1.000000e+00  0.000000e+00
   outer loop
     vertex  4.771526e-03 -4.190000e-01  6.722497e-03
     vertex  4.781644e-03 -4.190000e-01  6.230417e-03
     vertex  5.230052e-03 -4.190000e-01  6.470540e-03
   endloop
 endfacet
 facet normal  0.000000e+00 -1.000000e+00  0.000000e+00
   outer loop
     vertex  4.781644e-03 -4.190000e-01  6.230417e-03
     vertex  5.242575e-03 -4.190000e-01  5.980113e-03
     vertex  5.230052e-03 -4.190000e-01  6.470540e-03
   endloop
 endfacet
 facet normal  0.000000e+00 -1.000000e+00  0.000000e+00
   outer loop
     vertex  7.720736e-03 -4.190000e-01  2.751380e-03
     vertex  7.684549e-03 -4.190000e-01  3.267979e-03
     vertex  7.236849e-03 -4.190000e-01  2.988572e-03
   endloop
 endfacet
 facet normal -0.000000e+00 -1.000000e+00  0.000000e+00
   outer loop
     vertex  7.785414e-03 -4.190000e-01  7.738369e-03
     vertex  7.415133e-03 -4.190000e-01  7.923868e-03
     vertex  7.337753e-03 -4.190000e-01  7.511787e-03
   endloop
 endfacet
 facet normal  0.000000e+00 -1.000000e+00  0.000000e+00
   outer loop
     vertex  7.758825e-03 -4.190000e-01  7.235744e-03
     vertex  7.785414e-03 -4.190000e-01  7.738369e-03
     vertex  7.337753e-03 -4.190000e-01  7.511787e-03
   endloop
 endfacet
 facet normal  0.000000e+00 -1.000000e+00  0.000000e+00
   outer loop
     vertex  7.415133e-03 -4.190000e-01  7.923868e-03
     vertex  6.992775e-03 -4.190000e-01  7.859404e-03
     vertex  7.337753e-03 -4.190000e-01  7.511787e-03
   endloop
 endfacet
 facet normal  0.000000e+00 -1.000000e+00  0.000000e+00
   outer loop
     vertex  4.840125e-03 -4.190000e-01  2.668706e-03
     vertex  5.382969e-03 -4.190000e-01  2.335037e-03
     vertex  5.286848e-03 -4.190000e-01  2.918625e-03
   endloop
 endfacet
 facet normal  0.000000e+00 -1.000000e+00  0.000000e+00
   outer loop
     vertex  4.789058e-03 -4.190000e-01  3.236181e-03
     vertex  4.840125e-03 -4.190000e-01  2.668706e-03
     vertex  5.286848e-03 -4.190000e-01  2.918625e-03
   endloop
 endfacet
 facet normal  0.000000e+00 -1.000000e+00  0.000000e+00
   outer loop
     vertex  5.382969e-03 -4.190000e-01  2.335037e-03
     vertex  5.783694e-03 -4.190000e-01  2.723681e-03
     vertex  5.286848e-03 -4.190000e-01  2.918625e-03
   endloop
 endfacet
 facet normal  0.000000e+00 -1.000000e+00  0.000000e+00
   outer loop
     vertex  6.520002e-03 -4.190000e-01  2.199867e-03
     vertex  6.964957e-03 -4.190000e-01  2.140193e-03
     vertex  6.818745e-03 -4.190000e-01  2.628874e-03
   endloop
 endfacet
 facet normal  0.000000e+00 -1.000000e+00 -0.000000e+00
   outer loop
     vertex  5.220531e-03 -4.190000e-01  6.958672e-03
     vertex  4.771526e-03 -4.190000e-01  6.722497e-03
     vertex  5.230052e-03 -4.190000e-01  6.470540e-03
   endloop
 endfacet
 facet normal  0.000000e+00 -1.000000e+00  0.000000e+00
   outer loop
     vertex  7.205857e-03 -4.190000e-01  6.007471e-03
     vertex  7.687506e-03 -4.190000e-01  6.248378e-03
     vertex  7.204818e-03 -4.190000e-01  6.503056e-03
   endloop
 endfacet
 facet normal  0.000000e+00 -1.000000e+00  0.000000e+00
   outer loop
     vertex  7.687506e-03 -4.190000e-01  6.248378e-03
     vertex  7.715166e-03 -4.190000e-01  6.745588e-03
     vertex  7.204818e-03 -4.190000e-01  6.503056e-03
   endloop
 endfacet
 facet normal -0.000000e+00 -1.000000e+00  0.000000e+00
   outer loop
     vertex  6.264122e-03 -4.190000e-01  8.246874e-03
     vertex  5.788291e-03 -4.190000e-01  8.254325e-03
     vertex  6.046796e-03 -4.190000e-01  7.780619e-03
   endloop
 endfacet
 facet normal  0.000000e+00 -1.000000e+00 -0.000000e+00
   outer loop
     vertex  5.788291e-03 -4.190000e-01  8.254325e-03
     vertex  5.542207e-03 -4.190000e-01  7.818801e-03
     vertex  6.046796e-03 -4.190000e-01  7.780619e-03
   endloop
 endfacet
 facet normal  0.000000e+00 -1.000000e+00  0.000000e+00
   outer loop
     vertex  7.715166e-03 -4.190000e-01  6.745588e-03
     vertex  7.758825e-03 -4.190000e-01  7.235744e-03
     vertex  7.250667e-03 -4.190000e-01  7.017934e-03
   endloop
 endfacet
 facet normal  0.000000e+00 -1.000000e+00  0.000000e+00
   outer loop
     vertex  7.204818e-03 -4.190000e-01  6.503056e-03
     vertex  7.715166e-03 -4.190000e-01  6.745588e-03
     vertex  7.250667e-03 -4.190000e-01  7.017934e-03
   endloop
 endfacet
 facet normal -0.000000e+00 -1.000000e+00  0.000000e+00
   outer loop
     vertex  7.758825e-03 -4.190000e-01  7.235744e-03
     vertex  7.337753e-03 -4.190000e-01  7.511787e-03
     vertex  7.250667e-03 -4.190000e-01  7.017934e-03
   endloop
 endfacet
 facet normal  0.000000e+00 -1.000000e+00  0.000000e+00
   outer loop
     vertex  6.736770e-03 -4.190000e-01  8.278242e-03
     vertex  6.264122e-03 -4.190000e-01  8.246874e-03
     vertex  6.514839e-03 -4.190000e-01  7.812839e-03
   endloop
 endfacet
 facet normal -0.000000e+00 -1.000000e+00  0.000000e+00
   outer loop
     vertex  6.992775e-03 -4.190000e-01  7.859404e-03
     vertex  6.736770e-03 -4.190000e-01  8.278242e-03
     vertex  6.514839e-03 -4.190000e-01  7.812839e-03
   endloop
 endfacet
 facet normal  0.000000e+00 -1.000000e+00 -0.000000e+00
   outer loop
     vertex  6.264122e-03 -4.190000e-01  8.246874e-03
     vertex  6.046796e-03 -4.190000e-01  7.780619e-03
     vertex  6.514839e-03 -4.190000e-01  7.812839e-03
   endloop
 endfacet
 facet normal  0.000000e+00 -1.000000e+00  0.000000e+00
   outer loop
     vertex  4.789043e-03 -4.190000e-01  5.736762e-03
     vertex  5.253351e-03 -4.190000e-01  5.492317e-03
     vertex  5.242575e-03 -4.190000e-01  5.980113e-03
   endloop
 endfacet
 facet normal -0.000000e+00 -1.000000e+00  0.000000e+00
   outer loop
     vertex  5.542207e-03 -4.190000e-01  7.818801e-03
     vertex  5.125128e-03 -4.190000e-01  7.894804e-03
     vertex  5.181110e-03 -4.190000e-01  7.455289e-03
   endloop
 endfacet
 facet normal  0.000000e+00 -1.000000e+00  0.000000e+00
   outer loop
     vertex  5.783694e-03 -4.190000e-01  2.723681e-03
     vertex  5.954658e-03 -4.190000e-01  2.256278e-03
     vertex  6.334281e-03 -4.190000e-01  2.672826e-03
   endloop
 endfacet
 facet normal  0.000000e+00 -1.000000e+00  0.000000e+00
   outer loop
     vertex  5.954658e-03 -4.190000e-01  2.256278e-03
     vertex  6.520002e-03 -4.190000e-01  2.199867e-03
     vertex  6.334281e-03 -4.190000e-01  2.672826e-03
   endloop
 endfacet
 facet normal  0.000000e+00 -1.000000e+00  0.000000e+00
   outer loop
     vertex  7.236849e-03 -4.190000e-01  2.988572e-03
     vertex  7.684549e-03 -4.190000e-01  3.267979e-03
     vertex  7.205168e-03 -4.190000e-01  3.489501e-03
   endloop
 endfacet
 facet normal  0.000000e+00 -1.000000e+00  0.000000e+00
   outer loop
     vertex  7.684549e-03 -4.190000e-01  3.267979e-03
     vertex  7.677348e-03 -4.190000e-01  3.755276e-03
     vertex  7.205168e-03 -4.190000e-01  3.489501e-03
   endloop
 endfacet
 facet normal  0.000000e+00 -1.000000e+00  0.000000e+00
   outer loop
     vertex  7.770750e-03 -4.190000e-01  2.279561e-03
     vertex  7.720736e-03 -4.190000e-01  2.751380e-03
     vertex  7.315625e-03 -4.190000e-01  2.502698e-03
   endloop
 endfacet
 facet normal  0.000000e+00 -1.000000e+00  0.000000e+00
   outer loop
     vertex  7.371691e-03 -4.190000e-01  2.071757e-03
     vertex  7.770750e-03 -4.190000e-01  2.279561e-03
     vertex  7.315625e-03 -4.190000e-01  2.502698e-03
   endloop
 endfacet
 facet normal -0.000000e+00 -1.000000e+00  0.000000e+00
   outer loop
     vertex  7.720736e-03 -4.190000e-01  2.751380e-03
     vertex  7.236849e-03 -4.190000e-01  2.988572e-03
     vertex  7.315625e-03 -4.190000e-01  2.502698e-03
   endloop
 endfacet
 facet normal  0.000000e+00 -1.000000e+00 -0.000000e+00
   outer loop
     vertex  4.792947e-03 -4.190000e-01  4.753337e-03
     vertex  4.788858e-03 -4.190000e-01  4.255680e-03
     vertex  5.251286e-03 -4.190000e-01  4.512121e-03
   endloop
 endfacet
 facet normal  0.000000e+00 -1.000000e+00  0.000000e+00
   outer loop
     vertex  7.686536e-03 -4.190000e-01  5.255029e-03
     vertex  7.686451e-03 -4.190000e-01  5.751454e-03
     vertex  7.217895e-03 -4.190000e-01  5.506072e-03
   endloop
 endfacet
 facet normal -0.000000e+00 -1.000000e+00  0.000000e+00
   outer loop
     vertex  7.686451e-03 -4.190000e-01  5.751454e-03
     vertex  7.205857e-03 -4.190000e-01  6.007471e-03
     vertex  7.217895e-03 -4.190000e-01  5.506072e-03
   endloop
 endfacet
 facet normal  0.000000e+00 -1.000000e+00  0.000000e+00
   outer loop
     vertex  6.964957e-03 -4.190000e-01  2.140193e-03
     vertex  7.371691e-03 -4.190000e-01  2.071757e-03
     vertex  7.315625e-03 -4.190000e-01  2.502698e-03
   endloop
 endfacet
 facet normal  0.000000e+00 -1.000000e+00  0.000000e+00
   outer loop
     vertex  6.818745e-03 -4.190000e-01  2.628874e-03
     vertex  6.964957e-03 -4.190000e-01  2.140193e-03
     vertex  7.315625e-03 -4.190000e-01  2.502698e-03
   endloop
 endfacet
 facet normal  0.000000e+00 -1.000000e+00  0.000000e+00
   outer loop
     vertex  8.135710e-03 -4.190000e-01  4.503285e-03
     vertex  8.143492e-03 -4.190000e-01  5.011782e-03
     vertex  7.683006e-03 -4.190000e-01  4.754562e-03
   endloop
 endfacet
 facet normal -0.000000e+00 -1.000000e+00  0.000000e+00
   outer loop
     vertex  8.143492e-03 -4.190000e-01  5.011782e-03
     vertex  7.686536e-03 -4.190000e-01  5.255029e-03
     vertex  7.683006e-03 -4.190000e-01  4.754562e-03
   endloop
 endfacet
 facet normal  0.000000e+00 -1.000000e+00  0.000000e+00
   outer loop
     vertex  7.677348e-03 -4.190000e-01  3.755276e-03
     vertex  8.145948e-03 -4.190000e-01  3.995477e-03
     vertex  7.679952e-03 -4.190000e-01  4.251832e-03
   endloop
 endfacet
 facet normal  0.000000e+00 -1.000000e+00  0.000000e+00
   outer loop
     vertex  8.145948e-03 -4.190000e-01  3.995477e-03
     vertex  8.135710e-03 -4.190000e-01  4.503285e-03
     vertex  7.679952e-03 -4.190000e-01  4.251832e-03
   endloop
 endfacet
 facet normal  0.000000e+00 -1.000000e+00  0.000000e+00
   outer loop
     vertex  5.256798e-03 -4.190000e-01  5.002638e-03
     vertex  4.792947e-03 -4.190000e-01  4.753337e-03
     vertex  5.251286e-03 -4.190000e-01  4.512121e-03
   endloop
 endfacet
 facet normal  0.000000e+00 -1.000000e+00  0.000000e+00
   outer loop
     vertex  5.251286e-03 -4.190000e-01  4.512121e-03
     vertex  4.788858e-03 -4.190000e-01  4.255680e-03
     vertex  5.237987e-03 -4.190000e-01  4.016561e-03
   endloop
 endfacet
 facet normal  0.000000e+00 -1.000000e+00 -0.000000e+00
   outer loop
     vertex  4.788858e-03 -4.190000e-01  4.255680e-03
     vertex  4.788356e-03 -4.190000e-01  3.750664e-03
     vertex  5.237987e-03 -4.190000e-01  4.016561e-03
   endloop
 endfacet
 facet normal  0.000000e+00 -1.000000e+00  0.000000e+00
   outer loop
     vertex  6.818745e-03 -4.190000e-01  2.628874e-03
     vertex  7.315625e-03 -4.190000e-01  2.502698e-03
     vertex  7.236849e-03 -4.190000e-01  2.988572e-03
   endloop
 endfacet
 facet normal  0.000000e+00 -1.000000e+00  0.000000e+00
   outer loop
     vertex  5.220531e-03 -4.190000e-01  6.958672e-03
     vertex  5.230052e-03 -4.190000e-01  6.470540e-03
     vertex  5.668535e-03 -4.190000e-01  6.729214e-03
   endloop
 endfacet
 facet normal  0.000000e+00 -1.000000e+00 -0.000000e+00
   outer loop
     vertex  5.256798e-03 -4.190000e-01  5.002638e-03
     vertex  5.251286e-03 -4.190000e-01  4.512121e-03
     vertex  5.730447e-03 -4.190000e-01  4.762523e-03
   endloop
 endfacet
 facet normal  0.000000e+00 -1.000000e+00  0.000000e+00
   outer loop
     vertex  4.788356e-03 -4.190000e-01  3.750664e-03
     vertex  4.789058e-03 -4.190000e-01  3.236181e-03
     vertex  5.244480e-03 -4.190000e-01  3.523831e-03
   endloop
 endfacet
 facet normal  0.000000e+00 -1.000000e+00 -0.000000e+00
   outer loop
     vertex  5.237987e-03 -4.190000e-01  4.016561e-03
     vertex  4.788356e-03 -4.190000e-01  3.750664e-03
     vertex  5.244480e-03 -4.190000e-01  3.523831e-03
   endloop
 endfacet
 facet normal  0.000000e+00 -1.000000e+00  0.000000e+00
   outer loop
     vertex  4.789058e-03 -4.190000e-01  3.236181e-03
     vertex  5.286848e-03 -4.190000e-01  2.918625e-03
     vertex  5.244480e-03 -4.190000e-01  3.523831e-03
   endloop
 endfacet
 facet normal  0.000000e+00 -1.000000e+00  0.000000e+00
   outer loop
     vertex  5.181110e-03 -4.190000e-01  7.455289e-03
     vertex  5.220531e-03 -4.190000e-01  6.958672e-03
     vertex  5.745789e-03 -4.190000e-01  7.288076e-03
   endloop
 endfacet
 facet normal  0.000000e+00 -1.000000e+00 -0.000000e+00
   outer loop
     vertex  5.542207e-03 -4.190000e-01  7.818801e-03
     vertex  5.181110e-03 -4.190000e-01  7.455289e-03
     vertex  5.745789e-03 -4.190000e-01  7.288076e-03
   endloop
 endfacet
 facet normal  0.000000e+00 -1.000000e+00  0.000000e+00
   outer loop
     vertex  5.220531e-03 -4.190000e-01  6.958672e-03
     vertex  5.668535e-03 -4.190000e-01  6.729214e-03
     vertex  5.745789e-03 -4.190000e-01  7.288076e-03
   endloop
 endfacet
 facet normal  0.000000e+00 -1.000000e+00  0.000000e+00
   outer loop
     vertex  7.205857e-03 -4.190000e-01  6.007471e-03
     vertex  7.204818e-03 -4.190000e-01  6.503056e-03
     vertex  6.713643e-03 -4.190000e-01  6.271055e-03
   endloop
 endfacet
 facet normal  0.000000e+00 -1.000000e+00  0.000000e+00
   outer loop
     vertex  5.253351e-03 -4.190000e-01  5.492317e-03
     vertex  5.256798e-03 -4.190000e-01  5.002638e-03
     vertex  5.729868e-03 -4.190000e-01  5.250804e-03
   endloop
 endfacet
 facet normal  0.000000e+00 -1.000000e+00  0.000000e+00
   outer loop
     vertex  5.256798e-03 -4.190000e-01  5.002638e-03
     vertex  5.730447e-03 -4.190000e-01  4.762523e-03
     vertex  5.729868e-03 -4.190000e-01  5.250804e-03
   endloop
 endfacet
 facet normal  0.000000e+00 -1.000000e+00  0.000000e+00
   outer loop
     vertex  5.242575e-03 -4.190000e-01  5.980113e-03
     vertex  5.253351e-03 -4.190000e-01  5.492317e-03
     vertex  5.722709e-03 -4.190000e-01  5.739110e-03
   endloop
 endfacet
 facet normal  0.000000e+00 -1.000000e+00  0.000000e+00
   outer loop
     vertex  5.253351e-03 -4.190000e-01  5.492317e-03
     vertex  5.729868e-03 -4.190000e-01  5.250804e-03
     vertex  5.722709e-03 -4.190000e-01  5.739110e-03
   endloop
 endfacet
 facet normal  0.000000e+00 -1.000000e+00  0.000000e+00
   outer loop
     vertex  6.520002e-03 -4.190000e-01  2.199867e-03
     vertex  6.818745e-03 -4.190000e-01  2.628874e-03
     vertex  6.334281e-03 -4.190000e-01  2.672826e-03
   endloop
 endfacet
 facet normal  0.000000e+00 -1.000000e+00  0.000000e+00
   outer loop
     vertex  6.818745e-03 -4.190000e-01  2.628874e-03
     vertex  7.236849e-03 -4.190000e-01  2.988572e-03
     vertex  6.687186e-03 -4.190000e-01  3.152006e-03
   endloop
 endfacet
 facet normal  0.000000e+00 -1.000000e+00 -0.000000e+00
   outer loop
     vertex  5.668535e-03 -4.190000e-01  6.729214e-03
     vertex  5.230052e-03 -4.190000e-01  6.470540e-03
     vertex  5.699367e-03 -4.190000e-01  6.216938e-03
   endloop
 endfacet
 facet normal  0.000000e+00 -1.000000e+00  0.000000e+00
   outer loop
     vertex  5.230052e-03 -4.190000e-01  6.470540e-03
     vertex  5.242575e-03 -4.190000e-01  5.980113e-03
     vertex  5.699367e-03 -4.190000e-01  6.216938e-03
   endloop
 endfacet
 facet normal  0.000000e+00 -1.000000e+00  0.000000e+00
   outer loop
     vertex  5.242575e-03 -4.190000e-01  5.980113e-03
     vertex  5.722709e-03 -4.190000e-01  5.739110e-03
     vertex  5.699367e-03 -4.190000e-01  6.216938e-03
   endloop
 endfacet
 facet normal -0.000000e+00 -1.000000e+00  0.000000e+00
   outer loop
     vertex  6.046796e-03 -4.190000e-01  7.780619e-03
     vertex  5.542207e-03 -4.190000e-01  7.818801e-03
     vertex  5.745789e-03 -4.190000e-01  7.288076e-03
   endloop
 endfacet
 facet normal -0.000000e+00 -1.000000e+00  0.000000e+00
   outer loop
     vertex  8.135710e-03 -4.190000e-01  4.503285e-03
     vertex  7.683006e-03 -4.190000e-01  4.754562e-03
     vertex  7.679952e-03 -4.190000e-01  4.251832e-03
   endloop
 endfacet
 facet normal -0.000000e+00 -1.000000e+00  0.000000e+00
   outer loop
     vertex  7.337753e-03 -4.190000e-01  7.511787e-03
     vertex  6.992775e-03 -4.190000e-01  7.859404e-03
     vertex  6.840379e-03 -4.190000e-01  7.358072e-03
   endloop
 endfacet
 facet normal  0.000000e+00 -1.000000e+00  0.000000e+00
   outer loop
     vertex  7.250667e-03 -4.190000e-01  7.017934e-03
     vertex  7.337753e-03 -4.190000e-01  7.511787e-03
     vertex  6.840379e-03 -4.190000e-01  7.358072e-03
   endloop
 endfacet
 facet normal  0.000000e+00 -1.000000e+00  0.000000e+00
   outer loop
     vertex  6.992775e-03 -4.190000e-01  7.859404e-03
     vertex  6.514839e-03 -4.190000e-01  7.812839e-03
     vertex  6.840379e-03 -4.190000e-01  7.358072e-03
   endloop
 endfacet
 facet normal  0.000000e+00 -1.000000e+00  0.000000e+00
   outer loop
     vertex  6.818745e-03 -4.190000e-01  2.628874e-03
     vertex  6.687186e-03 -4.190000e-01  3.152006e-03
     vertex  6.334281e-03 -4.190000e-01  2.672826e-03
   endloop
 endfacet
 facet normal  0.000000e+00 -1.000000e+00  0.000000e+00
   outer loop
     vertex  7.205168e-03 -4.190000e-01  3.489501e-03
     vertex  7.677348e-03 -4.190000e-01  3.755276e-03
     vertex  7.202059e-03 -4.190000e-01  4.000497e-03
   endloop
 endfacet
 facet normal  0.000000e+00 -1.000000e+00  0.000000e+00
   outer loop
     vertex  7.677348e-03 -4.190000e-01  3.755276e-03
     vertex  7.679952e-03 -4.190000e-01  4.251832e-03
     vertex  7.202059e-03 -4.190000e-01  4.000497e-03
   endloop
 endfacet
 facet normal  0.000000e+00 -1.000000e+00  0.000000e+00
   outer loop
     vertex  5.730447e-03 -4.190000e-01  4.762523e-03
     vertex  5.251286e-03 -4.190000e-01  4.512121e-03
     vertex  5.720065e-03 -4.190000e-01  4.282095e-03
   endloop
 endfacet
 facet normal  0.000000e+00 -1.000000e+00 -0.000000e+00
   outer loop
     vertex  5.251286e-03 -4.190000e-01  4.512121e-03
     vertex  5.237987e-03 -4.190000e-01  4.016561e-03
     vertex  5.720065e-03 -4.190000e-01  4.282095e-03
   endloop
 endfacet
 facet normal  0.000000e+00 -1.000000e+00  0.000000e+00
   outer loop
     vertex  7.217895e-03 -4.190000e-01  5.506072e-03
     vertex  7.205857e-03 -4.190000e-01  6.007471e-03
     vertex  6.717311e-03 -4.190000e-01  5.771593e-03
   endloop
 endfacet
 facet normal -0.000000e+00 -1.000000e+00  0.000000e+00
   outer loop
     vertex  7.205857e-03 -4.190000e-01  6.007471e-03
     vertex  6.713643e-03 -4.190000e-01  6.271055e-03
     vertex  6.717311e-03 -4.190000e-01  5.771593e-03
   endloop
 endfacet
 facet normal  0.000000e+00 -1.000000e+00  0.000000e+00
   outer loop
     vertex  7.683006e-03 -4.190000e-01  4.754562e-03
     vertex  7.686536e-03 -4.190000e-01  5.255029e-03
     vertex  7.218852e-03 -4.190000e-01  5.003803e-03
   endloop
 endfacet
 facet normal -0.000000e+00 -1.000000e+00  0.000000e+00
   outer loop
     vertex  7.686536e-03 -4.190000e-01  5.255029e-03
     vertex  7.217895e-03 -4.190000e-01  5.506072e-03
     vertex  7.218852e-03 -4.190000e-01  5.003803e-03
   endloop
 endfacet
 facet normal  0.000000e+00 -1.000000e+00  0.000000e+00
   outer loop
     vertex  5.783694e-03 -4.190000e-01  2.723681e-03
     vertex  6.334281e-03 -4.190000e-01  2.672826e-03
     vertex  6.155921e-03 -4.190000e-01  3.072776e-03
   endloop
 endfacet
 facet normal  0.000000e+00 -1.000000e+00  0.000000e+00
   outer loop
     vertex  6.687186e-03 -4.190000e-01  3.152006e-03
     vertex  7.236849e-03 -4.190000e-01  2.988572e-03
     vertex  7.205168e-03 -4.190000e-01  3.489501e-03
   endloop
 endfacet
 facet normal  0.000000e+00 -1.000000e+00  0.000000e+00
   outer loop
     vertex  6.713643e-03 -4.190000e-01  6.271055e-03
     vertex  7.204818e-03 -4.190000e-01  6.503056e-03
     vertex  6.675472e-03 -4.190000e-01  6.837468e-03
   endloop
 endfacet
 facet normal  0.000000e+00 -1.000000e+00  0.000000e+00
   outer loop
     vertex  7.204818e-03 -4.190000e-01  6.503056e-03
     vertex  7.250667e-03 -4.190000e-01  7.017934e-03
     vertex  6.675472e-03 -4.190000e-01  6.837468e-03
   endloop
 endfacet
 facet normal  0.000000e+00 -1.000000e+00  0.000000e+00
   outer loop
     vertex  5.286848e-03 -4.190000e-01  2.918625e-03
     vertex  5.783694e-03 -4.190000e-01  2.723681e-03
     vertex  5.701452e-03 -4.190000e-01  3.270998e-03
   endloop
 endfacet
 facet normal  0.000000e+00 -1.000000e+00  0.000000e+00
   outer loop
     vertex  5.244480e-03 -4.190000e-01  3.523831e-03
     vertex  5.286848e-03 -4.190000e-01  2.918625e-03
     vertex  5.701452e-03 -4.190000e-01  3.270998e-03
   endloop
 endfacet
 facet normal  0.000000e+00 -1.000000e+00  0.000000e+00
   outer loop
     vertex  5.783694e-03 -4.190000e-01  2.723681e-03
     vertex  6.155921e-03 -4.190000e-01  3.072776e-03
     vertex  5.701452e-03 -4.190000e-01  3.270998e-03
   endloop
 endfacet
 facet normal  0.000000e+00 -1.000000e+00  0.000000e+00
   outer loop
     vertex  6.514839e-03 -4.190000e-01  7.812839e-03
     vertex  6.046796e-03 -4.190000e-01  7.780619e-03
     vertex  6.331754e-03 -4.190000e-01  7.343865e-03
   endloop
 endfacet
 facet normal  0.000000e+00 -1.000000e+00  0.000000e+00
   outer loop
     vertex  5.729868e-03 -4.190000e-01  5.250804e-03
     vertex  5.730447e-03 -4.190000e-01  4.762523e-03
     vertex  6.214187e-03 -4.190000e-01  5.001947e-03
   endloop
 endfacet
 facet normal  0.000000e+00 -1.000000e+00  0.000000e+00
   outer loop
     vertex  5.699367e-03 -4.190000e-01  6.216938e-03
     vertex  5.722709e-03 -4.190000e-01  5.739110e-03
     vertex  6.220945e-03 -4.190000e-01  5.987452e-03
   endloop
 endfacet
 facet normal  0.000000e+00 -1.000000e+00  0.000000e+00
   outer loop
     vertex  6.334281e-03 -4.190000e-01  2.672826e-03
     vertex  6.687186e-03 -4.190000e-01  3.152006e-03
     vertex  6.155921e-03 -4.190000e-01  3.072776e-03
   endloop
 endfacet
 facet normal  0.000000e+00 -1.000000e+00  0.000000e+00
   outer loop
     vertex  5.722709e-03 -4.190000e-01  5.739110e-03
     vertex  5.729868e-03 -4.190000e-01  5.250804e-03
     vertex  6.205435e-03 -4.190000e-01  5.506765e-03
   endloop
 endfacet
 facet normal  0.000000e+00 -1.000000e+00  0.000000e+00
   outer loop
     vertex  5.729868e-03 -4.190000e-01  5.250804e-03
     vertex  6.214187e-03 -4.190000e-01  5.001947e-03
     vertex  6.205435e-03 -4.190000e-01  5.506765e-03
   endloop
 endfacet
 facet normal  0.000000e+00 -1.000000e+00 -0.000000e+00
   outer loop
     vertex  6.046796e-03 -4.190000e-01  7.780619e-03
     vertex  5.745789e-03 -4.190000e-01  7.288076e-03
     vertex  6.331754e-03 -4.190000e-01  7.343865e-03
   endloop
 endfacet
 facet normal  0.000000e+00 -1.000000e+00  0.000000e+00
   outer loop
     vertex  6.687186e-03 -4.190000e-01  3.152006e-03
     vertex  7.205168e-03 -4.190000e-01  3.489501e-03
     vertex  6.713710e-03 -4.190000e-01  3.751286e-03
   endloop
 endfacet
 facet normal  0.000000e+00 -1.000000e+00  0.000000e+00
   outer loop
     vertex  7.205168e-03 -4.190000e-01  3.489501e-03
     vertex  7.202059e-03 -4.190000e-01  4.000497e-03
     vertex  6.713710e-03 -4.190000e-01  3.751286e-03
   endloop
 endfacet
 facet normal  0.000000e+00 -1.000000e+00  0.000000e+00
   outer loop
     vertex  5.668535e-03 -4.190000e-01  6.729214e-03
     vertex  5.699367e-03 -4.190000e-01  6.216938e-03
     vertex  6.230217e-03 -4.190000e-01  6.475777e-03
   endloop
 endfacet
 facet normal  0.000000e+00 -1.000000e+00  0.000000e+00
   outer loop
     vertex  5.699367e-03 -4.190000e-01  6.216938e-03
     vertex  6.220945e-03 -4.190000e-01  5.987452e-03
     vertex  6.230217e-03 -4.190000e-01  6.475777e-03
   endloop
 endfacet
 facet normal  0.000000e+00 -1.000000e+00  0.000000e+00
   outer loop
     vertex  7.679952e-03 -4.190000e-01  4.251832e-03
     vertex  7.683006e-03 -4.190000e-01  4.754562e-03
     vertex  7.214970e-03 -4.190000e-01  4.503461e-03
   endloop
 endfacet
 facet normal -0.000000e+00 -1.000000e+00  0.000000e+00
   outer loop
     vertex  7.683006e-03 -4.190000e-01  4.754562e-03
     vertex  7.218852e-03 -4.190000e-01  5.003803e-03
     vertex  7.214970e-03 -4.190000e-01  4.503461e-03
   endloop
 endfacet
 facet normal  0.000000e+00 -1.000000e+00 -0.000000e+00
   outer loop
     vertex  5.745789e-03 -4.190000e-01  7.288076e-03
     vertex  5.668535e-03 -4.190000e-01  6.729214e-03
     vertex  6.152576e-03 -4.190000e-01  6.937173e-03
   endloop
 endfacet
 facet normal  0.000000e+00 -1.000000e+00  0.000000e+00
   outer loop
     vertex  6.331754e-03 -4.190000e-01  7.343865e-03
     vertex  5.745789e-03 -4.190000e-01  7.288076e-03
     vertex  6.152576e-03 -4.190000e-01  6.937173e-03
   endloop
 endfacet
 facet normal  0.000000e+00 -1.000000e+00  0.000000e+00
   outer loop
     vertex  5.668535e-03 -4.190000e-01  6.729214e-03
     vertex  6.230217e-03 -4.190000e-01  6.475777e-03
     vertex  6.152576e-03 -4.190000e-01  6.937173e-03
   endloop
 endfacet
 facet normal  0.000000e+00 -1.000000e+00  0.000000e+00
   outer loop
     vertex  6.155921e-03 -4.190000e-01  3.072776e-03
     vertex  6.687186e-03 -4.190000e-01  3.152006e-03
     vertex  6.218354e-03 -4.190000e-01  3.534356e-03
   endloop
 endfacet
 facet normal  0.000000e+00 -1.000000e+00  0.000000e+00
   outer loop
     vertex  5.701452e-03 -4.190000e-01  3.270998e-03
     vertex  6.155921e-03 -4.190000e-01  3.072776e-03
     vertex  6.218354e-03 -4.190000e-01  3.534356e-03
   endloop
 endfacet
 facet normal  0.000000e+00 -1.000000e+00  0.000000e+00
   outer loop
     vertex  6.687186e-03 -4.190000e-01  3.152006e-03
     vertex  6.713710e-03 -4.190000e-01  3.751286e-03
     vertex  6.218354e-03 -4.190000e-01  3.534356e-03
   endloop
 endfacet
 facet normal  0.000000e+00 -1.000000e+00  0.000000e+00
   outer loop
     vertex  6.220945e-03 -4.190000e-01  5.987452e-03
     vertex  5.722709e-03 -4.190000e-01  5.739110e-03
     vertex  6.205435e-03 -4.190000e-01  5.506765e-03
   endloop
 endfacet
 facet normal -0.000000e+00 -1.000000e+00  0.000000e+00
   outer loop
     vertex  6.840379e-03 -4.190000e-01  7.358072e-03
     vertex  6.514839e-03 -4.190000e-01  7.812839e-03
     vertex  6.331754e-03 -4.190000e-01  7.343865e-03
   endloop
 endfacet
 facet normal  0.000000e+00 -1.000000e+00  0.000000e+00
   outer loop
     vertex  5.237987e-03 -4.190000e-01  4.016561e-03
     vertex  5.244480e-03 -4.190000e-01  3.523831e-03
     vertex  5.711106e-03 -4.190000e-01  3.769325e-03
   endloop
 endfacet
 facet normal  0.000000e+00 -1.000000e+00  0.000000e+00
   outer loop
     vertex  5.720065e-03 -4.190000e-01  4.282095e-03
     vertex  5.237987e-03 -4.190000e-01  4.016561e-03
     vertex  5.711106e-03 -4.190000e-01  3.769325e-03
   endloop
 endfacet
 facet normal  0.000000e+00 -1.000000e+00  0.000000e+00
   outer loop
     vertex  5.244480e-03 -4.190000e-01  3.523831e-03
     vertex  5.701452e-03 -4.190000e-01  3.270998e-03
     vertex  5.711106e-03 -4.190000e-01  3.769325e-03
   endloop
 endfacet
 facet normal -0.000000e+00 -1.000000e+00  0.000000e+00
   outer loop
     vertex  7.679952e-03 -4.190000e-01  4.251832e-03
     vertex  7.214970e-03 -4.190000e-01  4.503461e-03
     vertex  7.202059e-03 -4.190000e-01  4.000497e-03
   endloop
 endfacet
 facet normal  0.000000e+00 -1.000000e+00  0.000000e+00
   outer loop
     vertex  6.717311e-03 -4.190000e-01  5.771593e-03
     vertex  6.713643e-03 -4.190000e-01  6.271055e-03
     vertex  6.220945e-03 -4.190000e-01  5.987452e-03
   endloop
 endfacet
 facet normal  0.000000e+00 -1.000000e+00  0.000000e+00
   outer loop
     vertex  7.218852e-03 -4.190000e-01  5.003803e-03
     vertex  7.217895e-03 -4.190000e-01  5.506072e-03
     vertex  6.721025e-03 -4.190000e-01  5.251675e-03
   endloop
 endfacet
 facet normal -0.000000e+00 -1.000000e+00  0.000000e+00
   outer loop
     vertex  7.217895e-03 -4.190000e-01  5.506072e-03
     vertex  6.717311e-03 -4.190000e-01  5.771593e-03
     vertex  6.721025e-03 -4.190000e-01  5.251675e-03
   endloop
 endfacet
 facet normal  0.000000e+00 -1.000000e+00  0.000000e+00
   outer loop
     vertex  6.675472e-03 -4.190000e-01  6.837468e-03
     vertex  7.250667e-03 -4.190000e-01  7.017934e-03
     vertex  6.840379e-03 -4.190000e-01  7.358072e-03
   endloop
 endfacet
 facet normal  0.000000e+00 -1.000000e+00  0.000000e+00
   outer loop
     vertex  6.713643e-03 -4.190000e-01  6.271055e-03
     vertex  6.675472e-03 -4.190000e-01  6.837468e-03
     vertex  6.230217e-03 -4.190000e-01  6.475777e-03
   endloop
 endfacet
 facet normal -0.000000e+00 -1.000000e+00  0.000000e+00
   outer loop
     vertex  6.713643e-03 -4.190000e-01  6.271055e-03
     vertex  6.230217e-03 -4.190000e-01  6.475777e-03
     vertex  6.220945e-03 -4.190000e-01  5.987452e-03
   endloop
 endfacet
 facet normal  0.000000e+00 -1.000000e+00 -0.000000e+00
   outer loop
     vertex  6.214187e-03 -4.190000e-01  5.001947e-03
     vertex  5.730447e-03 -4.190000e-01  4.762523e-03
     vertex  6.225565e-03 -4.190000e-01  4.520283e-03
   endloop
 endfacet
 facet normal  0.000000e+00 -1.000000e+00 -0.000000e+00
   outer loop
     vertex  5.730447e-03 -4.190000e-01  4.762523e-03
     vertex  5.720065e-03 -4.190000e-01  4.282095e-03
     vertex  6.225565e-03 -4.190000e-01  4.520283e-03
   endloop
 endfacet
 facet normal  0.000000e+00 -1.000000e+00  0.000000e+00
   outer loop
     vertex  6.675472e-03 -4.190000e-01  6.837468e-03
     vertex  6.840379e-03 -4.190000e-01  7.358072e-03
     vertex  6.331754e-03 -4.190000e-01  7.343865e-03
   endloop
 endfacet
 facet normal -0.000000e+00 -1.000000e+00  0.000000e+00
   outer loop
     vertex  6.717311e-03 -4.190000e-01  5.771593e-03
     vertex  6.220945e-03 -4.190000e-01  5.987452e-03
     vertex  6.205435e-03 -4.190000e-01  5.506765e-03
   endloop
 endfacet
 facet normal  0.000000e+00 -1.000000e+00  0.000000e+00
   outer loop
     vertex  6.205435e-03 -4.190000e-01  5.506765e-03
     vertex  6.214187e-03 -4.190000e-01  5.001947e-03
     vertex  6.721025e-03 -4.190000e-01  5.251675e-03
   endloop
 endfacet
 facet normal  0.000000e+00 -1.000000e+00  0.000000e+00
   outer loop
     vertex  6.713710e-03 -4.190000e-01  3.751286e-03
     vertex  7.202059e-03 -4.190000e-01  4.000497e-03
     vertex  6.713519e-03 -4.190000e-01  4.250484e-03
   endloop
 endfacet
 facet normal  0.000000e+00 -1.000000e+00  0.000000e+00
   outer loop
     vertex  7.202059e-03 -4.190000e-01  4.000497e-03
     vertex  7.214970e-03 -4.190000e-01  4.503461e-03
     vertex  6.713519e-03 -4.190000e-01  4.250484e-03
   endloop
 endfacet
 facet normal  0.000000e+00 -1.000000e+00 -0.000000e+00
   outer loop
     vertex  6.717311e-03 -4.190000e-01  5.771593e-03
     vertex  6.205435e-03 -4.190000e-01  5.506765e-03
     vertex  6.721025e-03 -4.190000e-01  5.251675e-03
   endloop
 endfacet
 facet normal  0.000000e+00 -1.000000e+00  0.000000e+00
   outer loop
     vertex  7.214970e-03 -4.190000e-01  4.503461e-03
     vertex  7.218852e-03 -4.190000e-01  5.003803e-03
     vertex  6.709726e-03 -4.190000e-01  4.754986e-03
   endloop
 endfacet
 facet normal -0.000000e+00 -1.000000e+00  0.000000e+00
   outer loop
     vertex  7.218852e-03 -4.190000e-01  5.003803e-03
     vertex  6.721025e-03 -4.190000e-01  5.251675e-03
     vertex  6.709726e-03 -4.190000e-01  4.754986e-03
   endloop
 endfacet
 facet normal  0.000000e+00 -1.000000e+00  0.000000e+00
   outer loop
     vertex  6.713519e-03 -4.190000e-01  4.250484e-03
     vertex  7.214970e-03 -4.190000e-01  4.503461e-03
     vertex  6.709726e-03 -4.190000e-01  4.754986e-03
   endloop
 endfacet
 facet normal  0.000000e+00 -1.000000e+00 -0.000000e+00
   outer loop
     vertex  5.711106e-03 -4.190000e-01  3.769325e-03
     vertex  5.701452e-03 -4.190000e-01  3.270998e-03
     vertex  6.218354e-03 -4.190000e-01  3.534356e-03
   endloop
 endfacet
 facet normal  0.000000e+00 -1.000000e+00  0.000000e+00
   outer loop
     vertex  6.214187e-03 -4.190000e-01  5.001947e-03
     vertex  6.225565e-03 -4.190000e-01  4.520283e-03
     vertex  6.709726e-03 -4.190000e-01  4.754986e-03
   endloop
 endfacet
 facet normal  0.000000e+00 -1.000000e+00  0.000000e+00
   outer loop
     vertex  6.721025e-03 -4.190000e-01  5.251675e-03
     vertex  6.214187e-03 -4.190000e-01  5.001947e-03
     vertex  6.709726e-03 -4.190000e-01  4.754986e-03
   endloop
 endfacet
 facet normal  0.000000e+00 -1.000000e+00 -0.000000e+00
   outer loop
     vertex  5.720065e-03 -4.190000e-01  4.282095e-03
     vertex  5.711106e-03 -4.190000e-01  3.769325e-03
     vertex  6.235290e-03 -4.190000e-01  4.021119e-03
   endloop
 endfacet
 facet normal  0.000000e+00 -1.000000e+00 -0.000000e+00
   outer loop
     vertex  6.225565e-03 -4.190000e-01  4.520283e-03
     vertex  5.720065e-03 -4.190000e-01  4.282095e-03
     vertex  6.235290e-03 -4.190000e-01  4.021119e-03
   endloop
 endfacet
 facet normal  0.000000e+00 -1.000000e+00  0.000000e+00
   outer loop
     vertex  5.711106e-03 -4.190000e-01  3.769325e-03
     vertex  6.218354e-03 -4.190000e-01  3.534356e-03
     vertex  6.235290e-03 -4.190000e-01  4.021119e-03
   endloop
 endfacet
 facet normal  0.000000e+00 -1.000000e+00  0.000000e+00
   outer loop
     vertex  6.230217e-03 -4.190000e-01  6.475777e-03
     vertex  6.675472e-03 -4.190000e-01  6.837468e-03
     vertex  6.152576e-03 -4.190000e-01  6.937173e-03
   endloop
 endfacet
 facet normal  0.000000e+00 -1.000000e+00  0.000000e+00
   outer loop
     vertex  6.675472e-03 -4.190000e-01  6.837468e-03
     vertex  6.331754e-03 -4.190000e-01  7.343865e-03
     vertex  6.152576e-03 -4.190000e-01  6.937173e-03
   endloop
 endfacet
 facet normal  0.000000e+00 -1.000000e+00  0.000000e+00
   outer loop
     vertex  6.218354e-03 -4.190000e-01  3.534356e-03
     vertex  6.713710e-03 -4.190000e-01  3.751286e-03
     vertex  6.235290e-03 -4.190000e-01  4.021119e-03
   endloop
 endfacet
 facet normal  0.000000e+00 -1.000000e+00 -0.000000e+00
   outer loop
     vertex  6.709726e-03 -4.190000e-01  4.754986e-03
     vertex  6.225565e-03 -4.190000e-01  4.520283e-03
     vertex  6.713519e-03 -4.190000e-01  4.250484e-03
   endloop
 endfacet
 facet normal  0.000000e+00 -1.000000e+00  0.000000e+00
   outer loop
     vertex  6.235290e-03 -4.190000e-01  4.021119e-03
     vertex  6.713710e-03 -4.190000e-01  3.751286e-03
     vertex  6.713519e-03 -4.190000e-01  4.250484e-03
   endloop
 endfacet
 facet normal -0.000000e+00 -1.000000e+00  0.000000e+00
   outer loop
     vertex  6.713519e-03 -4.190000e-01  4.250484e-03
     vertex  6.225565e-03 -4.190000e-01  4.520283e-03
     vertex  6.235290e-03 -4.190000e-01  4.021119e-03
   endloop
 endfacet
 facet normal -3.897914e-07 -1.000000e+00  0.000000e+00
   outer loop
     vertex -2.500000e-03 -4.190000e-01  7.792703e-20
     vertex -2.500000e-03 -4.190000e-01  5.000000e-04
     vertex -2.968750e-03 -4.190000e-01  0.000000e+00
   endloop
 endfacet
 facet normal -4.180229e-07 -1.000000e+00  0.000000e+00
   outer loop
     vertex -2.500000e-03 -4.190000e-01  5.000000e-04
     vertex -2.500000e-03 -4.190000e-01  1.000000e-03
     vertex -2.937093e-03 -4.190000e-01  7.186126e-04
   endloop
 endfacet
 facet normal -3.856869e-07 -1.000000e+00  0.000000e+00
   outer loop
     vertex -2.500000e-03 -4.190000e-01  1.500000e-03
     vertex -2.500000e-03 -4.190000e-01  2.000000e-03
     vertex -2.973738e-03 -4.190000e-01  1.737632e-03
   endloop
 endfacet
 facet normal -4.068942e-07 -1.000000e+00  0.000000e+00
   outer loop
     vertex -2.500000e-03 -4.190000e-01  2.500000e-03
     vertex -2.500000e-03 -4.190000e-01  3.000000e-03
     vertex -2.949047e-03 -4.190000e-01  2.759995e-03
   endloop
 endfacet
 facet normal -3.941253e-07 -1.000000e+00  0.000000e+00
   outer loop
     vertex -2.500000e-03 -4.190000e-01  3.500000e-03
     vertex -2.500000e-03 -4.190000e-01  4.000000e-03
     vertex -2.963596e-03 -4.190000e-01  3.756836e-03
   endloop
 endfacet
 facet normal -3.977303e-07 -1.000000e+00  0.000000e+00
   outer loop
     vertex -2.500000e-03 -4.190000e-01  4.500000e-03
     vertex -2.500000e-03 -4.190000e-01  5.000000e-03
     vertex -2.959393e-03 -4.190000e-01  4.762629e-03
   endloop
 endfacet
 facet normal -3.861495e-07 -1.000000e+00  0.000000e+00
   outer loop
     vertex -2.500000e-03 -4.190000e-01  5.500000e-03
     vertex -2.500000e-03 -4.190000e-01  6.000000e-03
     vertex -2.973171e-03 -4.190000e-01  5.739954e-03
   endloop
 endfacet
 facet normal -3.863199e-07 -1.000000e+00  0.000000e+00
   outer loop
     vertex -2.500000e-03 -4.190000e-01  6.500000e-03
     vertex -2.500000e-03 -4.190000e-01  7.000000e-03
     vertex -2.972962e-03 -4.190000e-01  6.773702e-03
   endloop
 endfacet
 facet normal -3.779017e-07 -1.000000e+00  0.000000e+00
   outer loop
     vertex -2.500000e-03 -4.190000e-01  7.500000e-03
     vertex -2.500000e-03 -4.190000e-01  8.000000e-03
     vertex -2.983498e-03 -4.190000e-01  7.775583e-03
   endloop
 endfacet
 facet normal -3.857376e-07 -1.000000e+00  0.000000e+00
   outer loop
     vertex -2.500000e-03 -4.190000e-01  8.500000e-03
     vertex -2.500000e-03 -4.190000e-01  9.000000e-03
     vertex -2.973676e-03 -4.190000e-01  8.758152e-03
   endloop
 endfacet
 facet normal -3.897914e-07 -1.000000e+00  0.000000e+00
   outer loop
     vertex -2.500000e-03 -4.190000e-01  9.500000e-03
     vertex -2.500000e-03 -4.190000e-01  1.000000e-02
     vertex -2.968750e-03 -4.190000e-01  1.000000e-02
   endloop
 endfacet
 facet normal -0.000000e+00 -1.000000e+00  0.000000e+00
   outer loop
     vertex -2.968750e-03 -4.190000e-01  1.000000e-02
     vertex -3.437500e-03 -4.190000e-01  1.000000e-02
     vertex -3.152350e-03 -4.190000e-01  9.599632e-03
   endloop
 endfacet
 facet normal -0.000000e+00 -1.000000e+00  0.000000e+00
   outer loop
     vertex -3.906250e-03 -4.190000e-01  1.000000e-02
     vertex -4.375000e-03 -4.190000e-01  1.000000e-02
     vertex -4.115644e-03 -4.190000e-01  9.613676e-03
   endloop
 endfacet
 facet normal -0.000000e+00 -1.000000e+00  0.000000e+00
   outer loop
     vertex -4.843750e-03 -4.190000e-01  1.000000e-02
     vertex -5.312500e-03 -4.190000e-01  1.000000e-02
     vertex -5.056403e-03 -4.190000e-01  9.583738e-03
   endloop
 endfacet
 facet normal -0.000000e+00 -1.000000e+00  0.000000e+00
   outer loop
     vertex -5.781250e-03 -4.190000e-01  1.000000e-02
     vertex -6.250000e-03 -4.190000e-01  1.000000e-02
     vertex -6.004619e-03 -4.190000e-01  9.585624e-03
   endloop
 endfacet
 facet normal -0.000000e+00 -1.000000e+00  0.000000e+00
   outer loop
     vertex -6.718750e-03 -4.190000e-01  1.000000e-02
     vertex -7.187500e-03 -4.190000e-01  1.000000e-02
     vertex -6.945954e-03 -4.190000e-01  9.567350e-03
   endloop
 endfacet
 facet normal -0.000000e+00 -1.000000e+00  0.000000e+00
   outer loop
     vertex -7.656250e-03 -4.190000e-01  1.000000e-02
     vertex -8.125000e-03 -4.190000e-01  1.000000e-02
     vertex -7.877152e-03 -4.190000e-01  9.578985e-03
   endloop
 endfacet
 facet normal -0.000000e+00 -1.000000e+00  0.000000e+00
   outer loop
     vertex -8.593750e-03 -4.190000e-01  1.000000e-02
     vertex -9.062500e-03 -4.190000e-01  1.000000e-02
     vertex -8.769837e-03 -4.190000e-01  9.620901e-03
   endloop
 endfacet
 facet normal -7.013152e-06 -1.000000e+00  0.000000e+00
   outer loop
     vertex -9.531250e-03 -4.190000e-01  1.000000e-02
     vertex -1.000000e-02 -4.190000e-01  1.000000e-02
     vertex -1.000000e-02 -4.190000e-01  9.500000e-03
   endloop
 endfacet
 facet normal -8.608940e-06 -1.000000e+00 -0.000000e+00
   outer loop
     vertex -1.000000e-02 -4.190000e-01  9.500000e-03
     vertex -1.000000e-02 -4.190000e-01  9.000000e-03
     vertex -9.618140e-03 -4.190000e-01  9.288503e-03
   endloop
 endfacet
 facet normal -7.978596e-06 -1.000000e+00 -0.000000e+00
   outer loop
     vertex -1.000000e-02 -4.190000e-01  8.500000e-03
     vertex -1.000000e-02 -4.190000e-01  8.000000e-03
     vertex -9.587971e-03 -4.190000e-01  8.258895e-03
   endloop
 endfacet
 facet normal -7.378573e-06 -1.000000e+00 -0.000000e+00
   outer loop
     vertex -1.000000e-02 -4.190000e-01  7.500000e-03
     vertex -1.000000e-02 -4.190000e-01  7.000000e-03
     vertex -9.554465e-03 -4.190000e-01  7.254326e-03
   endloop
 endfacet
 facet normal -7.257098e-06 -1.000000e+00 -0.000000e+00
   outer loop
     vertex -1.000000e-02 -4.190000e-01  6.500000e-03
     vertex -1.000000e-02 -4.190000e-01  6.000000e-03
     vertex -9.547007e-03 -4.190000e-01  6.257572e-03
   endloop
 endfacet
 facet normal -7.271965e-06 -1.000000e+00 -0.000000e+00
   outer loop
     vertex -1.000000e-02 -4.190000e-01  5.500000e-03
     vertex -1.000000e-02 -4.190000e-01  5.000000e-03
     vertex -9.547933e-03 -4.190000e-01  5.237425e-03
   endloop
 endfacet
 facet normal -7.258638e-06 -1.000000e+00 -0.000000e+00
   outer loop
     vertex -1.000000e-02 -4.190000e-01  4.500000e-03
     vertex -1.000000e-02 -4.190000e-01  4.000000e-03
     vertex -9.547103e-03 -4.190000e-01  4.235385e-03
   endloop
 endfacet
 facet normal -7.176163e-06 -1.000000e+00 -0.000000e+00
   outer loop
     vertex -1.000000e-02 -4.190000e-01  3.500000e-03
     vertex -1.000000e-02 -4.190000e-01  3.000000e-03
     vertex -9.541898e-03 -4.190000e-01  3.230924e-03
   endloop
 endfacet
 facet normal -7.319225e-06 -1.000000e+00 -0.000000e+00
   outer loop
     vertex -1.000000e-02 -4.190000e-01  2.500000e-03
     vertex -1.000000e-02 -4.190000e-01  2.000000e-03
     vertex -9.550852e-03 -4.190000e-01  2.246420e-03
   endloop
 endfacet
 facet normal -7.904425e-06 -1.000000e+00 -0.000000e+00
   outer loop
     vertex -1.000000e-02 -4.190000e-01  1.500000e-03
     vertex -1.000000e-02 -4.190000e-01  1.000000e-03
     vertex -9.584105e-03 -4.190000e-01  1.251840e-03
   endloop
 endfacet
 facet normal -7.013152e-06 -1.000000e+00 -0.000000e+00
   outer loop
     vertex -1.000000e-02 -4.190000e-01  5.000000e-04
     vertex -1.000000e-02 -4.190000e-01 -7.792703e-20
     vertex -9.531250e-03 -4.190000e-01  0.000000e+00
   endloop
 endfacet
 facet normal  0.000000e+00 -1.000000e+00  0.000000e+00
   outer loop
     vertex -9.531250e-03 -4.190000e-01  0.000000e+00
     vertex -9.062500e-03 -4.190000e-01  0.000000e+00
     vertex -9.366961e-03 -4.190000e-01  4.354618e-04
   endloop
 endfacet
 facet normal  0.000000e+00 -1.000000e+00  0.000000e+00
   outer loop
     vertex -8.593750e-03 -4.190000e-01  0.000000e+00
     vertex -8.125000e-03 -4.190000e-01  0.000000e+00
     vertex -8.354450e-03 -4.190000e-01  4.403529e-04
   endloop
 endfacet
 facet normal  0.000000e+00 -1.000000e+00  0.000000e+00
   outer loop
     vertex -7.656250e-03 -4.190000e-01  0.000000e+00
     vertex -7.187500e-03 -4.190000e-01  0.000000e+00
     vertex -7.424562e-03 -4.190000e-01  4.630220e-04
   endloop
 endfacet
 facet normal  0.000000e+00 -1.000000e+00  0.000000e+00
   outer loop
     vertex -6.718750e-03 -4.190000e-01  0.000000e+00
     vertex -6.250000e-03 -4.190000e-01  0.000000e+00
     vertex -6.472493e-03 -4.190000e-01  4.655901e-04
   endloop
 endfacet
 facet normal  0.000000e+00 -1.000000e+00  0.000000e+00
   outer loop
     vertex -5.781250e-03 -4.190000e-01  0.000000e+00
     vertex -5.312500e-03 -4.190000e-01  0.000000e+00
     vertex -5.527644e-03 -4.190000e-01  4.695209e-04
   endloop
 endfacet
 facet normal  0.000000e+00 -1.000000e+00  0.000000e+00
   outer loop
     vertex -4.843750e-03 -4.190000e-01  0.000000e+00
     vertex -4.375000e-03 -4.190000e-01  0.000000e+00
     vertex -4.589233e-03 -4.190000e-01  4.350048e-04
   endloop
 endfacet
 facet normal  0.000000e+00 -1.000000e+00  0.000000e+00
   outer loop
     vertex -3.906250e-03 -4.190000e-01  0.000000e+00
     vertex -3.437500e-03 -4.190000e-01  0.000000e+00
     vertex -3.721060e-03 -4.190000e-01  3.311836e-04
   endloop
 endfacet
 facet normal -4.090110e-07 -1.000000e+00  1.801835e-08
   outer loop
     vertex -2.968750e-03 -4.190000e-01  0.000000e+00
     vertex -2.500000e-03 -4.190000e-01  5.000000e-04
     vertex -2.937093e-03 -4.190000e-01  7.186126e-04
   endloop
 endfacet
 facet normal -2.617541e-07 -1.000000e+00  1.200350e-07
   outer loop
     vertex -2.500000e-03 -4.190000e-01  9.500000e-03
     vertex -2.968750e-03 -4.190000e-01  1.000000e-02
     vertex -3.152350e-03 -4.190000e-01  9.599632e-03
   endloop
 endfacet
 facet normal -8.063536e-06 -1.000000e+00  9.847350e-07
   outer loop
     vertex -9.531250e-03 -4.190000e-01  1.000000e-02
     vertex -1.000000e-02 -4.190000e-01  9.500000e-03
     vertex -9.618140e-03 -4.190000e-01  9.288503e-03
   endloop
 endfacet
 facet normal -5.000721e-06 -1.000000e+00  1.886654e-06
   outer loop
     vertex -1.000000e-02 -4.190000e-01  5.000000e-04
     vertex -9.531250e-03 -4.190000e-01  0.000000e+00
     vertex -9.366961e-03 -4.190000e-01  4.354618e-04
   endloop
 endfacet
 facet normal -4.061326e-07 -1.000000e+00 -1.846982e-08
   outer loop
     vertex -2.937093e-03 -4.190000e-01  7.186126e-04
     vertex -2.500000e-03 -4.190000e-01  1.000000e-03
     vertex -2.960237e-03 -4.190000e-01  1.227543e-03
   endloop
 endfacet
 facet normal -3.970010e-07 -1.000000e+00  0.000000e+00
   outer loop
     vertex -2.500000e-03 -4.190000e-01  1.000000e-03
     vertex -2.500000e-03 -4.190000e-01  1.500000e-03
     vertex -2.960237e-03 -4.190000e-01  1.227543e-03
   endloop
 endfacet
 facet normal -3.908764e-07 -1.000000e+00 -1.034575e-08
   outer loop
     vertex -2.500000e-03 -4.190000e-01  1.500000e-03
     vertex -2.973738e-03 -4.190000e-01  1.737632e-03
     vertex -2.960237e-03 -4.190000e-01  1.227543e-03
   endloop
 endfacet
 facet normal -3.880536e-07 -1.000000e+00  0.000000e+00
   outer loop
     vertex -2.500000e-03 -4.190000e-01  2.000000e-03
     vertex -2.500000e-03 -4.190000e-01  2.500000e-03
     vertex -2.970849e-03 -4.190000e-01  2.246349e-03
   endloop
 endfacet
 facet normal -4.090410e-07 -1.000000e+00  0.000000e+00
   outer loop
     vertex -2.500000e-03 -4.190000e-01  3.000000e-03
     vertex -2.500000e-03 -4.190000e-01  3.500000e-03
     vertex -2.946690e-03 -4.190000e-01  3.245226e-03
   endloop
 endfacet
 facet normal -3.851529e-07 -1.000000e+00  0.000000e+00
   outer loop
     vertex -2.500000e-03 -4.190000e-01  4.000000e-03
     vertex -2.500000e-03 -4.190000e-01  4.500000e-03
     vertex -2.974395e-03 -4.190000e-01  4.249010e-03
   endloop
 endfacet
 facet normal -3.812729e-07 -1.000000e+00  0.000000e+00
   outer loop
     vertex -2.500000e-03 -4.190000e-01  5.000000e-03
     vertex -2.500000e-03 -4.190000e-01  5.500000e-03
     vertex -2.979223e-03 -4.190000e-01  5.252846e-03
   endloop
 endfacet
 facet normal -3.789695e-07 -1.000000e+00  0.000000e+00
   outer loop
     vertex -2.500000e-03 -4.190000e-01  6.000000e-03
     vertex -2.500000e-03 -4.190000e-01  6.500000e-03
     vertex -2.982136e-03 -4.190000e-01  6.255774e-03
   endloop
 endfacet
 facet normal -3.865654e-07 -1.000000e+00  0.000000e+00
   outer loop
     vertex -2.500000e-03 -4.190000e-01  7.000000e-03
     vertex -2.500000e-03 -4.190000e-01  7.500000e-03
     vertex -2.972662e-03 -4.190000e-01  7.247229e-03
   endloop
 endfacet
 facet normal -3.721446e-07 -1.000000e+00  0.000000e+00
   outer loop
     vertex -2.500000e-03 -4.190000e-01  8.000000e-03
     vertex -2.500000e-03 -4.190000e-01  8.500000e-03
     vertex -2.990978e-03 -4.190000e-01  8.267455e-03
   endloop
 endfacet
 facet normal -3.837317e-07 -1.000000e+00  4.767619e-09
   outer loop
     vertex -2.979223e-03 -4.190000e-01  5.252846e-03
     vertex -2.500000e-03 -4.190000e-01  5.500000e-03
     vertex -2.973171e-03 -4.190000e-01  5.739954e-03
   endloop
 endfacet
 facet normal -4.383050e-07 -1.000000e+00  0.000000e+00
   outer loop
     vertex -2.500000e-03 -4.190000e-01  9.000000e-03
     vertex -2.500000e-03 -4.190000e-01  9.500000e-03
     vertex -2.916867e-03 -4.190000e-01  9.190599e-03
   endloop
 endfacet
 facet normal  0.000000e+00 -1.000000e+00  0.000000e+00
   outer loop
     vertex -3.152350e-03 -4.190000e-01  9.599632e-03
     vertex -3.437500e-03 -4.190000e-01  1.000000e-02
     vertex -3.632854e-03 -4.190000e-01  9.615901e-03
   endloop
 endfacet
 facet normal -0.000000e+00 -1.000000e+00  0.000000e+00
   outer loop
     vertex -3.437500e-03 -4.190000e-01  1.000000e-02
     vertex -3.906250e-03 -4.190000e-01  1.000000e-02
     vertex -3.632854e-03 -4.190000e-01  9.615901e-03
   endloop
 endfacet
 facet normal  0.000000e+00 -1.000000e+00 -0.000000e+00
   outer loop
     vertex -3.906250e-03 -4.190000e-01  1.000000e-02
     vertex -4.115644e-03 -4.190000e-01  9.613676e-03
     vertex -3.632854e-03 -4.190000e-01  9.615901e-03
   endloop
 endfacet
 facet normal -0.000000e+00 -1.000000e+00  0.000000e+00
   outer loop
     vertex -4.375000e-03 -4.190000e-01  1.000000e-02
     vertex -4.843750e-03 -4.190000e-01  1.000000e-02
     vertex -4.587798e-03 -4.190000e-01  9.580296e-03
   endloop
 endfacet
 facet normal -0.000000e+00 -1.000000e+00  0.000000e+00
   outer loop
     vertex -5.312500e-03 -4.190000e-01  1.000000e-02
     vertex -5.781250e-03 -4.190000e-01  1.000000e-02
     vertex -5.529701e-03 -4.190000e-01  9.585439e-03
   endloop
 endfacet
 facet normal -0.000000e+00 -1.000000e+00  0.000000e+00
   outer loop
     vertex -6.250000e-03 -4.190000e-01  1.000000e-02
     vertex -6.718750e-03 -4.190000e-01  1.000000e-02
     vertex -6.476846e-03 -4.190000e-01  9.581653e-03
   endloop
 endfacet
 facet normal -0.000000e+00 -1.000000e+00  0.000000e+00
   outer loop
     vertex -7.187500e-03 -4.190000e-01  1.000000e-02
     vertex -7.656250e-03 -4.190000e-01  1.000000e-02
     vertex -7.420658e-03 -4.190000e-01  9.563329e-03
   endloop
 endfacet
 facet normal -0.000000e+00 -1.000000e+00  0.000000e+00
   outer loop
     vertex -8.125000e-03 -4.190000e-01  1.000000e-02
     vertex -8.593750e-03 -4.190000e-01  1.000000e-02
     vertex -8.327054e-03 -4.190000e-01  9.600536e-03
   endloop
 endfacet
 facet normal -3.911982e-07 -1.000000e+00  1.142610e-08
   outer loop
     vertex -2.974395e-03 -4.190000e-01  4.249010e-03
     vertex -2.500000e-03 -4.190000e-01  4.500000e-03
     vertex -2.959393e-03 -4.190000e-01  4.762629e-03
   endloop
 endfacet
 facet normal -0.000000e+00 -1.000000e+00  0.000000e+00
   outer loop
     vertex -9.062500e-03 -4.190000e-01  1.000000e-02
     vertex -9.531250e-03 -4.190000e-01  1.000000e-02
     vertex -9.211646e-03 -4.190000e-01  9.551522e-03
   endloop
 endfacet
 facet normal -8.541420e-06 -1.000000e+00 -8.936866e-08
   outer loop
     vertex -9.618140e-03 -4.190000e-01  9.288503e-03
     vertex -1.000000e-02 -4.190000e-01  9.000000e-03
     vertex -9.612755e-03 -4.190000e-01  8.773832e-03
   endloop
 endfacet
 facet normal -8.489225e-06 -1.000000e+00 -0.000000e+00
   outer loop
     vertex -1.000000e-02 -4.190000e-01  9.000000e-03
     vertex -1.000000e-02 -4.190000e-01  8.500000e-03
     vertex -9.612755e-03 -4.190000e-01  8.773832e-03
   endloop
 endfacet
 facet normal -8.209815e-06 -1.000000e+00 -3.951341e-07
   outer loop
     vertex -1.000000e-02 -4.190000e-01  8.500000e-03
     vertex -9.587971e-03 -4.190000e-01  8.258895e-03
     vertex -9.612755e-03 -4.190000e-01  8.773832e-03
   endloop
 endfacet
 facet normal -7.615830e-06 -1.000000e+00 -0.000000e+00
   outer loop
     vertex -1.000000e-02 -4.190000e-01  8.000000e-03
     vertex -1.000000e-02 -4.190000e-01  7.500000e-03
     vertex -9.568345e-03 -4.190000e-01  7.768359e-03
   endloop
 endfacet
 facet normal -7.316111e-06 -1.000000e+00 -0.000000e+00
   outer loop
     vertex -1.000000e-02 -4.190000e-01  7.000000e-03
     vertex -1.000000e-02 -4.190000e-01  6.500000e-03
     vertex -9.550661e-03 -4.190000e-01  6.772906e-03
   endloop
 endfacet
 facet normal -7.255713e-06 -1.000000e+00 -0.000000e+00
   outer loop
     vertex -1.000000e-02 -4.190000e-01  6.000000e-03
     vertex -1.000000e-02 -4.190000e-01  5.500000e-03
     vertex -9.546921e-03 -4.190000e-01  5.748354e-03
   endloop
 endfacet
 facet normal -7.289203e-06 -1.000000e+00 -0.000000e+00
   outer loop
     vertex -1.000000e-02 -4.190000e-01  5.000000e-03
     vertex -1.000000e-02 -4.190000e-01  4.500000e-03
     vertex -9.549002e-03 -4.190000e-01  4.756703e-03
   endloop
 endfacet
 facet normal -7.234700e-06 -1.000000e+00 -0.000000e+00
   outer loop
     vertex -1.000000e-02 -4.190000e-01  4.000000e-03
     vertex -1.000000e-02 -4.190000e-01  3.500000e-03
     vertex -9.545605e-03 -4.190000e-01  3.750059e-03
   endloop
 endfacet
 facet normal -7.184769e-06 -1.000000e+00 -0.000000e+00
   outer loop
     vertex -1.000000e-02 -4.190000e-01  3.000000e-03
     vertex -1.000000e-02 -4.190000e-01  2.500000e-03
     vertex -9.542447e-03 -4.190000e-01  2.751493e-03
   endloop
 endfacet
 facet normal -7.665011e-06 -1.000000e+00 -0.000000e+00
   outer loop
     vertex -1.000000e-02 -4.190000e-01  2.000000e-03
     vertex -1.000000e-02 -4.190000e-01  1.500000e-03
     vertex -9.571114e-03 -4.190000e-01  1.749963e-03
   endloop
 endfacet
 facet normal -3.869039e-07 -1.000000e+00  2.197429e-09
   outer loop
     vertex -2.500000e-03 -4.190000e-01  2.000000e-03
     vertex -2.970849e-03 -4.190000e-01  2.246349e-03
     vertex -2.973738e-03 -4.190000e-01  1.737632e-03
   endloop
 endfacet
 facet normal -8.694745e-06 -1.000000e+00 -0.000000e+00
   outer loop
     vertex -1.000000e-02 -4.190000e-01  1.000000e-03
     vertex -1.000000e-02 -4.190000e-01  5.000000e-04
     vertex -9.621908e-03 -4.190000e-01  8.254756e-04
   endloop
 endfacet
 facet normal  0.000000e+00 -1.000000e+00  0.000000e+00
   outer loop
     vertex -9.366961e-03 -4.190000e-01  4.354618e-04
     vertex -9.062500e-03 -4.190000e-01  0.000000e+00
     vertex -8.860491e-03 -4.190000e-01  4.419800e-04
   endloop
 endfacet
 facet normal  0.000000e+00 -1.000000e+00  0.000000e+00
   outer loop
     vertex -9.062500e-03 -4.190000e-01  0.000000e+00
     vertex -8.593750e-03 -4.190000e-01  0.000000e+00
     vertex -8.860491e-03 -4.190000e-01  4.419800e-04
   endloop
 endfacet
 facet normal  0.000000e+00 -1.000000e+00  0.000000e+00
   outer loop
     vertex -8.593750e-03 -4.190000e-01  0.000000e+00
     vertex -8.354450e-03 -4.190000e-01  4.403529e-04
     vertex -8.860491e-03 -4.190000e-01  4.419800e-04
   endloop
 endfacet
 facet normal  0.000000e+00 -1.000000e+00  0.000000e+00
   outer loop
     vertex -8.125000e-03 -4.190000e-01  0.000000e+00
     vertex -7.656250e-03 -4.190000e-01  0.000000e+00
     vertex -7.890484e-03 -4.190000e-01  4.616056e-04
   endloop
 endfacet
 facet normal  0.000000e+00 -1.000000e+00  0.000000e+00
   outer loop
     vertex -7.187500e-03 -4.190000e-01  0.000000e+00
     vertex -6.718750e-03 -4.190000e-01  0.000000e+00
     vertex -6.967950e-03 -4.190000e-01  4.495653e-04
   endloop
 endfacet
 facet normal  0.000000e+00 -1.000000e+00  0.000000e+00
   outer loop
     vertex -6.250000e-03 -4.190000e-01  0.000000e+00
     vertex -5.781250e-03 -4.190000e-01  0.000000e+00
     vertex -6.003959e-03 -4.190000e-01  4.583778e-04
   endloop
 endfacet
 facet normal  0.000000e+00 -1.000000e+00  0.000000e+00
   outer loop
     vertex -5.312500e-03 -4.190000e-01  0.000000e+00
     vertex -4.843750e-03 -4.190000e-01  0.000000e+00
     vertex -5.056924e-03 -4.190000e-01  4.656272e-04
   endloop
 endfacet
 facet normal  0.000000e+00 -1.000000e+00  0.000000e+00
   outer loop
     vertex -4.375000e-03 -4.190000e-01  0.000000e+00
     vertex -3.906250e-03 -4.190000e-01  0.000000e+00
     vertex -4.128029e-03 -4.190000e-01  4.016015e-04
   endloop
 endfacet
 facet normal  0.000000e+00 -1.000000e+00  0.000000e+00
   outer loop
     vertex -3.437500e-03 -4.190000e-01  0.000000e+00
     vertex -2.968750e-03 -4.190000e-01  0.000000e+00
     vertex -3.324967e-03 -4.190000e-01  4.829888e-04
   endloop
 endfacet
 facet normal -3.070881e-07 -1.000000e+00 -1.767931e-07
   outer loop
     vertex -2.500000e-03 -4.190000e-01  9.500000e-03
     vertex -3.152350e-03 -4.190000e-01  9.599632e-03
     vertex -2.916867e-03 -4.190000e-01  9.190599e-03
   endloop
 endfacet
 facet normal -3.824003e-07 -1.000000e+00  6.773011e-09
   outer loop
     vertex -2.982136e-03 -4.190000e-01  6.255774e-03
     vertex -2.500000e-03 -4.190000e-01  6.500000e-03
     vertex -2.972962e-03 -4.190000e-01  6.773702e-03
   endloop
 endfacet
 facet normal -8.352888e-06 -1.000000e+00  7.406042e-07
   outer loop
     vertex -1.000000e-02 -4.190000e-01  1.000000e-03
     vertex -9.621908e-03 -4.190000e-01  8.254756e-04
     vertex -9.584105e-03 -4.190000e-01  1.251840e-03
   endloop
 endfacet
 facet normal -4.079533e-07 -1.000000e+00  1.981421e-09
   outer loop
     vertex -2.949047e-03 -4.190000e-01  2.759995e-03
     vertex -2.500000e-03 -4.190000e-01  3.000000e-03
     vertex -2.946690e-03 -4.190000e-01  3.245226e-03
   endloop
 endfacet
 facet normal -3.896407e-07 -1.000000e+00 -8.549838e-09
   outer loop
     vertex -2.963596e-03 -4.190000e-01  3.756836e-03
     vertex -2.500000e-03 -4.190000e-01  4.000000e-03
     vertex -2.974395e-03 -4.190000e-01  4.249010e-03
   endloop
 endfacet
 facet normal -3.895875e-07 -1.000000e+00 -1.575899e-08
   outer loop
     vertex -2.959393e-03 -4.190000e-01  4.762629e-03
     vertex -2.500000e-03 -4.190000e-01  5.000000e-03
     vertex -2.979223e-03 -4.190000e-01  5.252846e-03
   endloop
 endfacet
 facet normal -3.824961e-07 -1.000000e+00 -6.647614e-09
   outer loop
     vertex -2.973171e-03 -4.190000e-01  5.739954e-03
     vertex -2.500000e-03 -4.190000e-01  6.000000e-03
     vertex -2.982136e-03 -4.190000e-01  6.255774e-03
   endloop
 endfacet
 facet normal -3.864372e-07 -1.000000e+00  2.452079e-10
   outer loop
     vertex -2.972962e-03 -4.190000e-01  6.773702e-03
     vertex -2.500000e-03 -4.190000e-01  7.000000e-03
     vertex -2.972662e-03 -4.190000e-01  7.247229e-03
   endloop
 endfacet
 facet normal -3.752530e-07 -1.000000e+00 -5.706340e-09
   outer loop
     vertex -2.983498e-03 -4.190000e-01  7.775583e-03
     vertex -2.500000e-03 -4.190000e-01  8.000000e-03
     vertex -2.990978e-03 -4.190000e-01  8.267455e-03
   endloop
 endfacet
 facet normal -4.134704e-07 -1.000000e+00  5.431672e-08
   outer loop
     vertex -2.973676e-03 -4.190000e-01  8.758152e-03
     vertex -2.500000e-03 -4.190000e-01  9.000000e-03
     vertex -2.916867e-03 -4.190000e-01  9.190599e-03
   endloop
 endfacet
 facet normal -0.000000e+00 -1.000000e+00  0.000000e+00
   outer loop
     vertex -4.115644e-03 -4.190000e-01  9.613676e-03
     vertex -4.375000e-03 -4.190000e-01  1.000000e-02
     vertex -4.587798e-03 -4.190000e-01  9.580296e-03
   endloop
 endfacet
 facet normal  0.000000e+00 -1.000000e+00  0.000000e+00
   outer loop
     vertex -5.056403e-03 -4.190000e-01  9.583738e-03
     vertex -5.312500e-03 -4.190000e-01  1.000000e-02
     vertex -5.529701e-03 -4.190000e-01  9.585439e-03
   endloop
 endfacet
 facet normal -0.000000e+00 -1.000000e+00  0.000000e+00
   outer loop
     vertex -6.004619e-03 -4.190000e-01  9.585624e-03
     vertex -6.250000e-03 -4.190000e-01  1.000000e-02
     vertex -6.476846e-03 -4.190000e-01  9.581653e-03
   endloop
 endfacet
 facet normal -0.000000e+00 -1.000000e+00  0.000000e+00
   outer loop
     vertex -6.945954e-03 -4.190000e-01  9.567350e-03
     vertex -7.187500e-03 -4.190000e-01  1.000000e-02
     vertex -7.420658e-03 -4.190000e-01  9.563329e-03
   endloop
 endfacet
 facet normal  0.000000e+00 -1.000000e+00  0.000000e+00
   outer loop
     vertex -7.877152e-03 -4.190000e-01  9.578985e-03
     vertex -8.125000e-03 -4.190000e-01  1.000000e-02
     vertex -8.327054e-03 -4.190000e-01  9.600536e-03
   endloop
 endfacet
 facet normal -0.000000e+00 -1.000000e+00  0.000000e+00
   outer loop
     vertex -8.769837e-03 -4.190000e-01  9.620901e-03
     vertex -9.062500e-03 -4.190000e-01  1.000000e-02
     vertex -9.211646e-03 -4.190000e-01  9.551522e-03
   endloop
 endfacet
 facet normal -7.782934e-06 -1.000000e+00 -3.113938e-07
   outer loop
     vertex -9.587971e-03 -4.190000e-01  8.258895e-03
     vertex -1.000000e-02 -4.190000e-01  8.000000e-03
     vertex -9.568345e-03 -4.190000e-01  7.768359e-03
   endloop
 endfacet
 facet normal -7.345443e-06 -1.000000e+00 -5.803751e-08
   outer loop
     vertex -9.554465e-03 -4.190000e-01  7.254326e-03
     vertex -1.000000e-02 -4.190000e-01  7.000000e-03
     vertex -9.550661e-03 -4.190000e-01  6.772906e-03
   endloop
 endfacet
 facet normal -7.256397e-06 -1.000000e+00 -1.231931e-09
   outer loop
     vertex -9.547007e-03 -4.190000e-01  6.257572e-03
     vertex -1.000000e-02 -4.190000e-01  6.000000e-03
     vertex -9.546921e-03 -4.190000e-01  5.748354e-03
   endloop
 endfacet
 facet normal -7.280469e-06 -1.000000e+00  1.619057e-08
   outer loop
     vertex -9.547933e-03 -4.190000e-01  5.237425e-03
     vertex -1.000000e-02 -4.190000e-01  5.000000e-03
     vertex -9.549002e-03 -4.190000e-01  4.756703e-03
   endloop
 endfacet
 facet normal -7.247009e-06 -1.000000e+00 -2.237666e-08
   outer loop
     vertex -9.547103e-03 -4.190000e-01  4.235385e-03
     vertex -1.000000e-02 -4.190000e-01  4.000000e-03
     vertex -9.545605e-03 -4.190000e-01  3.750059e-03
   endloop
 endfacet
 facet normal -7.180305e-06 -1.000000e+00  8.218103e-09
   outer loop
     vertex -9.541898e-03 -4.190000e-01  3.230924e-03
     vertex -1.000000e-02 -4.190000e-01  3.000000e-03
     vertex -9.542447e-03 -4.190000e-01  2.751493e-03
   endloop
 endfacet
 facet normal -7.486869e-06 -1.000000e+00  3.055648e-07
   outer loop
     vertex -9.550852e-03 -4.190000e-01  2.246420e-03
     vertex -1.000000e-02 -4.190000e-01  2.000000e-03
     vertex -9.571114e-03 -4.190000e-01  1.749963e-03
   endloop
 endfacet
 facet normal  0.000000e+00 -1.000000e+00  0.000000e+00
   outer loop
     vertex -8.354450e-03 -4.190000e-01  4.403529e-04
     vertex -8.125000e-03 -4.190000e-01  0.000000e+00
     vertex -7.890484e-03 -4.190000e-01  4.616056e-04
   endloop
 endfacet
 facet normal  0.000000e+00 -1.000000e+00  0.000000e+00
   outer loop
     vertex -7.424562e-03 -4.190000e-01  4.630220e-04
     vertex -7.187500e-03 -4.190000e-01  0.000000e+00
     vertex -6.967950e-03 -4.190000e-01  4.495653e-04
   endloop
 endfacet
 facet normal  0.000000e+00 -1.000000e+00  0.000000e+00
   outer loop
     vertex -6.472493e-03 -4.190000e-01  4.655901e-04
     vertex -6.250000e-03 -4.190000e-01  0.000000e+00
     vertex -6.003959e-03 -4.190000e-01  4.583778e-04
   endloop
 endfacet
 facet normal  0.000000e+00 -1.000000e+00  0.000000e+00
   outer loop
     vertex -5.527644e-03 -4.190000e-01  4.695209e-04
     vertex -5.312500e-03 -4.190000e-01  0.000000e+00
     vertex -5.056924e-03 -4.190000e-01  4.656272e-04
   endloop
 endfacet
 facet normal  0.000000e+00 -1.000000e+00  0.000000e+00
   outer loop
     vertex -4.589233e-03 -4.190000e-01  4.350048e-04
     vertex -4.375000e-03 -4.190000e-01  0.000000e+00
     vertex -4.128029e-03 -4.190000e-01  4.016015e-04
   endloop
 endfacet
 facet normal  0.000000e+00 -1.000000e+00  0.000000e+00
   outer loop
     vertex -3.721060e-03 -4.190000e-01  3.311836e-04
     vertex -3.437500e-03 -4.190000e-01  0.000000e+00
     vertex -3.324967e-03 -4.190000e-01  4.829888e-04
   endloop
 endfacet
 facet normal -3.823716e-07 -1.000000e+00 -7.842252e-09
   outer loop
     vertex -2.972662e-03 -4.190000e-01  7.247229e-03
     vertex -2.500000e-03 -4.190000e-01  7.500000e-03
     vertex -2.983498e-03 -4.190000e-01  7.775583e-03
   endloop
 endfacet
 facet normal -3.784649e-07 -1.000000e+00  1.334439e-08
   outer loop
     vertex -2.990978e-03 -4.190000e-01  8.267455e-03
     vertex -2.500000e-03 -4.190000e-01  8.500000e-03
     vertex -2.973676e-03 -4.190000e-01  8.758152e-03
   endloop
 endfacet
 facet normal -0.000000e+00 -1.000000e+00  0.000000e+00
   outer loop
     vertex -6.476846e-03 -4.190000e-01  9.581653e-03
     vertex -6.718750e-03 -4.190000e-01  1.000000e-02
     vertex -6.945954e-03 -4.190000e-01  9.567350e-03
   endloop
 endfacet
 facet normal  0.000000e+00 -1.000000e+00  0.000000e+00
   outer loop
     vertex -7.420658e-03 -4.190000e-01  9.563329e-03
     vertex -7.656250e-03 -4.190000e-01  1.000000e-02
     vertex -7.877152e-03 -4.190000e-01  9.578985e-03
   endloop
 endfacet
 facet normal  0.000000e+00 -1.000000e+00  0.000000e+00
   outer loop
     vertex -8.327054e-03 -4.190000e-01  9.600536e-03
     vertex -8.593750e-03 -4.190000e-01  1.000000e-02
     vertex -8.769837e-03 -4.190000e-01  9.620901e-03
   endloop
 endfacet
 facet normal -7.263604e-06 -1.000000e+00  1.439570e-08
   outer loop
     vertex -9.546921e-03 -4.190000e-01  5.748354e-03
     vertex -1.000000e-02 -4.190000e-01  5.500000e-03
     vertex -9.547933e-03 -4.190000e-01  5.237425e-03
   endloop
 endfacet
 facet normal -7.274120e-06 -1.000000e+00 -2.649805e-08
   outer loop
     vertex -9.549002e-03 -4.190000e-01  4.756703e-03
     vertex -1.000000e-02 -4.190000e-01  4.500000e-03
     vertex -9.547103e-03 -4.190000e-01  4.235385e-03
   endloop
 endfacet
 facet normal -7.206385e-06 -1.000000e+00 -5.145326e-08
   outer loop
     vertex -9.545605e-03 -4.190000e-01  3.750059e-03
     vertex -1.000000e-02 -4.190000e-01  3.500000e-03
     vertex -9.541898e-03 -4.190000e-01  3.230924e-03
   endloop
 endfacet
 facet normal -7.251096e-06 -1.000000e+00  1.206719e-07
   outer loop
     vertex -9.542447e-03 -4.190000e-01  2.751493e-03
     vertex -1.000000e-02 -4.190000e-01  2.500000e-03
     vertex -9.550852e-03 -4.190000e-01  2.246420e-03
   endloop
 endfacet
 facet normal -7.783310e-06 -1.000000e+00  2.029775e-07
   outer loop
     vertex -9.571114e-03 -4.190000e-01  1.749963e-03
     vertex -1.000000e-02 -4.190000e-01  1.500000e-03
     vertex -9.584105e-03 -4.190000e-01  1.251840e-03
   endloop
 endfacet
 facet normal  0.000000e+00 -1.000000e+00  0.000000e+00
   outer loop
     vertex -6.003959e-03 -4.190000e-01  4.583778e-04
     vertex -5.781250e-03 -4.190000e-01  0.000000e+00
     vertex -5.527644e-03 -4.190000e-01  4.695209e-04
   endloop
 endfacet
 facet normal  0.000000e+00 -1.000000e+00  0.000000e+00
   outer loop
     vertex -5.056924e-03 -4.190000e-01  4.656272e-04
     vertex -4.843750e-03 -4.190000e-01  0.000000e+00
     vertex -4.589233e-03 -4.190000e-01  4.350048e-04
   endloop
 endfacet
 facet normal  0.000000e+00 -1.000000e+00  0.000000e+00
   outer loop
     vertex -4.128029e-03 -4.190000e-01  4.016015e-04
     vertex -3.906250e-03 -4.190000e-01  0.000000e+00
     vertex -3.721060e-03 -4.190000e-01  3.311836e-04
   endloop
 endfacet
 facet normal -4.014747e-07 -1.000000e+00 -1.326588e-08
   outer loop
     vertex -2.946690e-03 -4.190000e-01  3.245226e-03
     vertex -2.500000e-03 -4.190000e-01  3.500000e-03
     vertex -2.963596e-03 -4.190000e-01  3.756836e-03
   endloop
 endfacet
 facet normal -3.971344e-07 -1.000000e+00  1.685659e-08
   outer loop
     vertex -2.970849e-03 -4.190000e-01  2.246349e-03
     vertex -2.500000e-03 -4.190000e-01  2.500000e-03
     vertex -2.949047e-03 -4.190000e-01  2.759995e-03
   endloop
 endfacet
 facet normal  0.000000e+00 -1.000000e+00  0.000000e+00
   outer loop
     vertex -5.529701e-03 -4.190000e-01  9.585439e-03
     vertex -5.781250e-03 -4.190000e-01  1.000000e-02
     vertex -6.004619e-03 -4.190000e-01  9.585624e-03
   endloop
 endfacet
 facet normal  0.000000e+00 -1.000000e+00  0.000000e+00
   outer loop
     vertex -4.587798e-03 -4.190000e-01  9.580296e-03
     vertex -4.843750e-03 -4.190000e-01  1.000000e-02
     vertex -5.056403e-03 -4.190000e-01  9.583738e-03
   endloop
 endfacet
 facet normal -7.284740e-06 -1.000000e+00 -5.165222e-08
   outer loop
     vertex -9.550661e-03 -4.190000e-01  6.772906e-03
     vertex -1.000000e-02 -4.190000e-01  6.500000e-03
     vertex -9.547007e-03 -4.190000e-01  6.257572e-03
   endloop
 endfacet
 facet normal -7.490094e-06 -1.000000e+00 -2.022461e-07
   outer loop
     vertex -9.568345e-03 -4.190000e-01  7.768359e-03
     vertex -1.000000e-02 -4.190000e-01  7.500000e-03
     vertex -9.554465e-03 -4.190000e-01  7.254326e-03
   endloop
 endfacet
 facet normal -5.563859e-06 -1.000000e+00 -3.637028e-06
   outer loop
     vertex -9.621908e-03 -4.190000e-01  8.254756e-04
     vertex -1.000000e-02 -4.190000e-01  5.000000e-04
     vertex -9.366961e-03 -4.190000e-01  4.354618e-04
   endloop
 endfacet
 facet normal  0.000000e+00 -1.000000e+00  0.000000e+00
   outer loop
     vertex -6.967950e-03 -4.190000e-01  4.495653e-04
     vertex -6.718750e-03 -4.190000e-01  0.000000e+00
     vertex -6.472493e-03 -4.190000e-01  4.655901e-04
   endloop
 endfacet
 facet normal  0.000000e+00 -1.000000e+00  0.000000e+00
   outer loop
     vertex -7.890484e-03 -4.190000e-01  4.616056e-04
     vertex -7.656250e-03 -4.190000e-01  0.000000e+00
     vertex -7.424562e-03 -4.190000e-01  4.630220e-04
   endloop
 endfacet
 facet normal  0.000000e+00 -1.000000e+00  0.000000e+00
   outer loop
     vertex -2.960237e-03 -4.190000e-01  1.227543e-03
     vertex -2.973738e-03 -4.190000e-01  1.737632e-03
     vertex -3.479612e-03 -4.190000e-01  1.491523e-03
   endloop
 endfacet
 facet normal -0.000000e+00 -1.000000e+00  0.000000e+00
   outer loop
     vertex -5.529701e-03 -4.190000e-01  9.585439e-03
     vertex -6.004619e-03 -4.190000e-01  9.585624e-03
     vertex -5.750328e-03 -4.190000e-01  9.117149e-03
   endloop
 endfacet
 facet normal  0.000000e+00 -1.000000e+00  0.000000e+00
   outer loop
     vertex -2.963596e-03 -4.190000e-01  3.756836e-03
     vertex -2.974395e-03 -4.190000e-01  4.249010e-03
     vertex -3.450475e-03 -4.190000e-01  4.007487e-03
   endloop
 endfacet
 facet normal  0.000000e+00 -1.000000e+00  0.000000e+00
   outer loop
     vertex -2.970849e-03 -4.190000e-01  2.246349e-03
     vertex -2.949047e-03 -4.190000e-01  2.759995e-03
     vertex -3.456411e-03 -4.190000e-01  2.501307e-03
   endloop
 endfacet
 facet normal  0.000000e+00 -1.000000e+00  0.000000e+00
   outer loop
     vertex -2.959393e-03 -4.190000e-01  4.762629e-03
     vertex -2.979223e-03 -4.190000e-01  5.252846e-03
     vertex -3.450780e-03 -4.190000e-01  5.009422e-03
   endloop
 endfacet
 facet normal  0.000000e+00 -1.000000e+00  0.000000e+00
   outer loop
     vertex -9.587971e-03 -4.190000e-01  8.258895e-03
     vertex -9.568345e-03 -4.190000e-01  7.768359e-03
     vertex -9.133377e-03 -4.190000e-01  8.040857e-03
   endloop
 endfacet
 facet normal  0.000000e+00 -1.000000e+00  0.000000e+00
   outer loop
     vertex -2.973171e-03 -4.190000e-01  5.739954e-03
     vertex -2.982136e-03 -4.190000e-01  6.255774e-03
     vertex -3.475963e-03 -4.190000e-01  6.014710e-03
   endloop
 endfacet
 facet normal  0.000000e+00 -1.000000e+00  0.000000e+00
   outer loop
     vertex -4.115644e-03 -4.190000e-01  9.613676e-03
     vertex -4.587798e-03 -4.190000e-01  9.580296e-03
     vertex -4.310235e-03 -4.190000e-01  9.150747e-03
   endloop
 endfacet
 facet normal  0.000000e+00 -1.000000e+00  0.000000e+00
   outer loop
     vertex -2.972962e-03 -4.190000e-01  6.773702e-03
     vertex -2.972662e-03 -4.190000e-01  7.247229e-03
     vertex -3.477591e-03 -4.190000e-01  7.016156e-03
   endloop
 endfacet
 facet normal  0.000000e+00 -1.000000e+00 -0.000000e+00
   outer loop
     vertex -9.584105e-03 -4.190000e-01  1.251840e-03
     vertex -9.621908e-03 -4.190000e-01  8.254756e-04
     vertex -9.156109e-03 -4.190000e-01  9.586061e-04
   endloop
 endfacet
 facet normal  0.000000e+00 -1.000000e+00  0.000000e+00
   outer loop
     vertex -2.983498e-03 -4.190000e-01  7.775583e-03
     vertex -2.990978e-03 -4.190000e-01  8.267455e-03
     vertex -3.459985e-03 -4.190000e-01  8.043260e-03
   endloop
 endfacet
 facet normal  0.000000e+00 -1.000000e+00  0.000000e+00
   outer loop
     vertex -2.973676e-03 -4.190000e-01  8.758152e-03
     vertex -2.916867e-03 -4.190000e-01  9.190599e-03
     vertex -3.402931e-03 -4.190000e-01  9.094500e-03
   endloop
 endfacet
 facet normal  0.000000e+00 -1.000000e+00  0.000000e+00
   outer loop
     vertex -6.476846e-03 -4.190000e-01  9.581653e-03
     vertex -6.945954e-03 -4.190000e-01  9.567350e-03
     vertex -6.707185e-03 -4.190000e-01  9.103106e-03
   endloop
 endfacet
 facet normal  0.000000e+00 -1.000000e+00  0.000000e+00
   outer loop
     vertex -2.979223e-03 -4.190000e-01  5.252846e-03
     vertex -2.973171e-03 -4.190000e-01  5.739954e-03
     vertex -3.453769e-03 -4.190000e-01  5.491609e-03
   endloop
 endfacet
 facet normal -0.000000e+00 -1.000000e+00  0.000000e+00
   outer loop
     vertex -2.973171e-03 -4.190000e-01  5.739954e-03
     vertex -3.475963e-03 -4.190000e-01  6.014710e-03
     vertex -3.453769e-03 -4.190000e-01  5.491609e-03
   endloop
 endfacet
 facet normal  0.000000e+00 -1.000000e+00  0.000000e+00
   outer loop
     vertex -2.982136e-03 -4.190000e-01  6.255774e-03
     vertex -2.972962e-03 -4.190000e-01  6.773702e-03
     vertex -3.482154e-03 -4.190000e-01  6.500927e-03
   endloop
 endfacet
 facet normal -0.000000e+00 -1.000000e+00  0.000000e+00
   outer loop
     vertex -2.972962e-03 -4.190000e-01  6.773702e-03
     vertex -3.477591e-03 -4.190000e-01  7.016156e-03
     vertex -3.482154e-03 -4.190000e-01  6.500927e-03
   endloop
 endfacet
 facet normal  0.000000e+00 -1.000000e+00  0.000000e+00
   outer loop
     vertex -3.632854e-03 -4.190000e-01  9.615901e-03
     vertex -4.115644e-03 -4.190000e-01  9.613676e-03
     vertex -3.861215e-03 -4.190000e-01  9.244677e-03
   endloop
 endfacet
 facet normal  0.000000e+00 -1.000000e+00 -0.000000e+00
   outer loop
     vertex -4.115644e-03 -4.190000e-01  9.613676e-03
     vertex -4.310235e-03 -4.190000e-01  9.150747e-03
     vertex -3.861215e-03 -4.190000e-01  9.244677e-03
   endloop
 endfacet
 facet normal  0.000000e+00 -1.000000e+00  0.000000e+00
   outer loop
     vertex -9.550661e-03 -4.190000e-01  6.772906e-03
     vertex -9.547007e-03 -4.190000e-01  6.257572e-03
     vertex -9.093200e-03 -4.190000e-01  6.522834e-03
   endloop
 endfacet
 facet normal  0.000000e+00 -1.000000e+00  0.000000e+00
   outer loop
     vertex -6.004619e-03 -4.190000e-01  9.585624e-03
     vertex -6.476846e-03 -4.190000e-01  9.581653e-03
     vertex -6.230011e-03 -4.190000e-01  9.116583e-03
   endloop
 endfacet
 facet normal  0.000000e+00 -1.000000e+00 -0.000000e+00
   outer loop
     vertex -6.476846e-03 -4.190000e-01  9.581653e-03
     vertex -6.707185e-03 -4.190000e-01  9.103106e-03
     vertex -6.230011e-03 -4.190000e-01  9.116583e-03
   endloop
 endfacet
 facet normal -0.000000e+00 -1.000000e+00  0.000000e+00
   outer loop
     vertex -7.420658e-03 -4.190000e-01  9.563329e-03
     vertex -7.877152e-03 -4.190000e-01  9.578985e-03
     vertex -7.652211e-03 -4.190000e-01  9.075796e-03
   endloop
 endfacet
 facet normal -0.000000e+00 -1.000000e+00  0.000000e+00
   outer loop
     vertex -8.327054e-03 -4.190000e-01  9.600536e-03
     vertex -8.769837e-03 -4.190000e-01  9.620901e-03
     vertex -8.533093e-03 -4.190000e-01  9.162369e-03
   endloop
 endfacet
 facet normal  0.000000e+00 -1.000000e+00 -0.000000e+00
   outer loop
     vertex -9.546921e-03 -4.190000e-01  5.748354e-03
     vertex -9.547933e-03 -4.190000e-01  5.237425e-03
     vertex -9.086578e-03 -4.190000e-01  5.498939e-03
   endloop
 endfacet
 facet normal  0.000000e+00 -1.000000e+00  0.000000e+00
   outer loop
     vertex -2.974395e-03 -4.190000e-01  4.249010e-03
     vertex -2.959393e-03 -4.190000e-01  4.762629e-03
     vertex -3.460682e-03 -4.190000e-01  4.488482e-03
   endloop
 endfacet
 facet normal -0.000000e+00 -1.000000e+00  0.000000e+00
   outer loop
     vertex -2.959393e-03 -4.190000e-01  4.762629e-03
     vertex -3.450780e-03 -4.190000e-01  5.009422e-03
     vertex -3.460682e-03 -4.190000e-01  4.488482e-03
   endloop
 endfacet
 facet normal  0.000000e+00 -1.000000e+00  0.000000e+00
   outer loop
     vertex -9.618140e-03 -4.190000e-01  9.288503e-03
     vertex -9.612755e-03 -4.190000e-01  8.773832e-03
     vertex -9.249565e-03 -4.190000e-01  9.009187e-03
   endloop
 endfacet
 facet normal  0.000000e+00 -1.000000e+00  0.000000e+00
   outer loop
     vertex -6.967950e-03 -4.190000e-01  4.495653e-04
     vertex -6.472493e-03 -4.190000e-01  4.655901e-04
     vertex -6.714425e-03 -4.190000e-01  9.324278e-04
   endloop
 endfacet
 facet normal  0.000000e+00 -1.000000e+00  0.000000e+00
   outer loop
     vertex -9.612755e-03 -4.190000e-01  8.773832e-03
     vertex -9.587971e-03 -4.190000e-01  8.258895e-03
     vertex -9.185988e-03 -4.190000e-01  8.529677e-03
   endloop
 endfacet
 facet normal  0.000000e+00 -1.000000e+00  0.000000e+00
   outer loop
     vertex -9.587971e-03 -4.190000e-01  8.258895e-03
     vertex -9.133377e-03 -4.190000e-01  8.040857e-03
     vertex -9.185988e-03 -4.190000e-01  8.529677e-03
   endloop
 endfacet
 facet normal  0.000000e+00 -1.000000e+00  0.000000e+00
   outer loop
     vertex -9.621908e-03 -4.190000e-01  8.254756e-04
     vertex -9.366961e-03 -4.190000e-01  4.354618e-04
     vertex -9.156109e-03 -4.190000e-01  9.586061e-04
   endloop
 endfacet
 facet normal  0.000000e+00 -1.000000e+00  0.000000e+00
   outer loop
     vertex -9.547007e-03 -4.190000e-01  6.257572e-03
     vertex -9.546921e-03 -4.190000e-01  5.748354e-03
     vertex -9.088940e-03 -4.190000e-01  5.999136e-03
   endloop
 endfacet
 facet normal  0.000000e+00 -1.000000e+00  0.000000e+00
   outer loop
     vertex -9.546921e-03 -4.190000e-01  5.748354e-03
     vertex -9.086578e-03 -4.190000e-01  5.498939e-03
     vertex -9.088940e-03 -4.190000e-01  5.999136e-03
   endloop
 endfacet
 facet normal  0.000000e+00 -1.000000e+00  0.000000e+00
   outer loop
     vertex -9.549002e-03 -4.190000e-01  4.756703e-03
     vertex -9.547103e-03 -4.190000e-01  4.235385e-03
     vertex -9.090799e-03 -4.190000e-01  4.499154e-03
   endloop
 endfacet
 facet normal  0.000000e+00 -1.000000e+00  0.000000e+00
   outer loop
     vertex -9.545605e-03 -4.190000e-01  3.750059e-03
     vertex -9.541898e-03 -4.190000e-01  3.230924e-03
     vertex -9.077623e-03 -4.190000e-01  3.478796e-03
   endloop
 endfacet
 facet normal  0.000000e+00 -1.000000e+00 -0.000000e+00
   outer loop
     vertex -9.542447e-03 -4.190000e-01  2.751493e-03
     vertex -9.550852e-03 -4.190000e-01  2.246420e-03
     vertex -9.076075e-03 -4.190000e-01  2.471611e-03
   endloop
 endfacet
 facet normal  0.000000e+00 -1.000000e+00 -0.000000e+00
   outer loop
     vertex -9.571114e-03 -4.190000e-01  1.749963e-03
     vertex -9.584105e-03 -4.190000e-01  1.251840e-03
     vertex -9.162739e-03 -4.190000e-01  1.493784e-03
   endloop
 endfacet
 facet normal  0.000000e+00 -1.000000e+00  0.000000e+00
   outer loop
     vertex -9.584105e-03 -4.190000e-01  1.251840e-03
     vertex -9.156109e-03 -4.190000e-01  9.586061e-04
     vertex -9.162739e-03 -4.190000e-01  1.493784e-03
   endloop
 endfacet
 facet normal  0.000000e+00 -1.000000e+00  0.000000e+00
   outer loop
     vertex -8.354450e-03 -4.190000e-01  4.403529e-04
     vertex -7.890484e-03 -4.190000e-01  4.616056e-04
     vertex -8.124584e-03 -4.190000e-01  8.984474e-04
   endloop
 endfacet
 facet normal  0.000000e+00 -1.000000e+00  0.000000e+00
   outer loop
     vertex -6.003959e-03 -4.190000e-01  4.583778e-04
     vertex -5.527644e-03 -4.190000e-01  4.695209e-04
     vertex -5.743825e-03 -4.190000e-01  9.081695e-04
   endloop
 endfacet
 facet normal  0.000000e+00 -1.000000e+00  0.000000e+00
   outer loop
     vertex -2.973738e-03 -4.190000e-01  1.737632e-03
     vertex -2.970849e-03 -4.190000e-01  2.246349e-03
     vertex -3.503766e-03 -4.190000e-01  2.002419e-03
   endloop
 endfacet
 facet normal  0.000000e+00 -1.000000e+00  0.000000e+00
   outer loop
     vertex -3.479612e-03 -4.190000e-01  1.491523e-03
     vertex -2.973738e-03 -4.190000e-01  1.737632e-03
     vertex -3.503766e-03 -4.190000e-01  2.002419e-03
   endloop
 endfacet
 facet normal -0.000000e+00 -1.000000e+00  0.000000e+00
   outer loop
     vertex -2.970849e-03 -4.190000e-01  2.246349e-03
     vertex -3.456411e-03 -4.190000e-01  2.501307e-03
     vertex -3.503766e-03 -4.190000e-01  2.002419e-03
   endloop
 endfacet
 facet normal  0.000000e+00 -1.000000e+00  0.000000e+00
   outer loop
     vertex -9.366961e-03 -4.190000e-01  4.354618e-04
     vertex -8.860491e-03 -4.190000e-01  4.419800e-04
     vertex -9.156109e-03 -4.190000e-01  9.586061e-04
   endloop
 endfacet
 facet normal  0.000000e+00 -1.000000e+00  0.000000e+00
   outer loop
     vertex -2.937093e-03 -4.190000e-01  7.186126e-04
     vertex -2.960237e-03 -4.190000e-01  1.227543e-03
     vertex -3.395590e-03 -4.190000e-01  9.919756e-04
   endloop
 endfacet
 facet normal -0.000000e+00 -1.000000e+00  0.000000e+00
   outer loop
     vertex -2.960237e-03 -4.190000e-01  1.227543e-03
     vertex -3.479612e-03 -4.190000e-01  1.491523e-03
     vertex -3.395590e-03 -4.190000e-01  9.919756e-04
   endloop
 endfacet
 facet normal  0.000000e+00 -1.000000e+00  0.000000e+00
   outer loop
     vertex -8.860491e-03 -4.190000e-01  4.419800e-04
     vertex -8.354450e-03 -4.190000e-01  4.403529e-04
     vertex -8.600140e-03 -4.190000e-01  8.837718e-04
   endloop
 endfacet
 facet normal  0.000000e+00 -1.000000e+00  0.000000e+00
   outer loop
     vertex -9.156109e-03 -4.190000e-01  9.586061e-04
     vertex -8.860491e-03 -4.190000e-01  4.419800e-04
     vertex -8.600140e-03 -4.190000e-01  8.837718e-04
   endloop
 endfacet
 facet normal  0.000000e+00 -1.000000e+00  0.000000e+00
   outer loop
     vertex -8.354450e-03 -4.190000e-01  4.403529e-04
     vertex -8.124584e-03 -4.190000e-01  8.984474e-04
     vertex -8.600140e-03 -4.190000e-01  8.837718e-04
   endloop
 endfacet
 facet normal  0.000000e+00 -1.000000e+00  0.000000e+00
   outer loop
     vertex -6.472493e-03 -4.190000e-01  4.655901e-04
     vertex -6.003959e-03 -4.190000e-01  4.583778e-04
     vertex -6.247333e-03 -4.190000e-01  9.251826e-04
   endloop
 endfacet
 facet normal  0.000000e+00 -1.000000e+00  0.000000e+00
   outer loop
     vertex -6.003959e-03 -4.190000e-01  4.583778e-04
     vertex -5.743825e-03 -4.190000e-01  9.081695e-04
     vertex -6.247333e-03 -4.190000e-01  9.251826e-04
   endloop
 endfacet
 facet normal  0.000000e+00 -1.000000e+00  0.000000e+00
   outer loop
     vertex -5.056924e-03 -4.190000e-01  4.656272e-04
     vertex -4.589233e-03 -4.190000e-01  4.350048e-04
     vertex -4.786915e-03 -4.190000e-01  8.983852e-04
   endloop
 endfacet
 facet normal  0.000000e+00 -1.000000e+00  0.000000e+00
   outer loop
     vertex -4.128029e-03 -4.190000e-01  4.016015e-04
     vertex -3.721060e-03 -4.190000e-01  3.311836e-04
     vertex -3.810542e-03 -4.190000e-01  7.492453e-04
   endloop
 endfacet
 facet normal  0.000000e+00 -1.000000e+00  0.000000e+00
   outer loop
     vertex -2.946690e-03 -4.190000e-01  3.245226e-03
     vertex -2.963596e-03 -4.190000e-01  3.756836e-03
     vertex -3.449530e-03 -4.190000e-01  3.512122e-03
   endloop
 endfacet
 facet normal -0.000000e+00 -1.000000e+00  0.000000e+00
   outer loop
     vertex -2.963596e-03 -4.190000e-01  3.756836e-03
     vertex -3.450475e-03 -4.190000e-01  4.007487e-03
     vertex -3.449530e-03 -4.190000e-01  3.512122e-03
   endloop
 endfacet
 facet normal  0.000000e+00 -1.000000e+00  0.000000e+00
   outer loop
     vertex -2.972662e-03 -4.190000e-01  7.247229e-03
     vertex -2.983498e-03 -4.190000e-01  7.775583e-03
     vertex -3.483475e-03 -4.190000e-01  7.531144e-03
   endloop
 endfacet
 facet normal -0.000000e+00 -1.000000e+00  0.000000e+00
   outer loop
     vertex -2.983498e-03 -4.190000e-01  7.775583e-03
     vertex -3.459985e-03 -4.190000e-01  8.043260e-03
     vertex -3.483475e-03 -4.190000e-01  7.531144e-03
   endloop
 endfacet
 facet normal -0.000000e+00 -1.000000e+00  0.000000e+00
   outer loop
     vertex -2.916867e-03 -4.190000e-01  9.190599e-03
     vertex -3.152350e-03 -4.190000e-01  9.599632e-03
     vertex -3.402931e-03 -4.190000e-01  9.094500e-03
   endloop
 endfacet
 facet normal  0.000000e+00 -1.000000e+00  0.000000e+00
   outer loop
     vertex -2.949047e-03 -4.190000e-01  2.759995e-03
     vertex -2.946690e-03 -4.190000e-01  3.245226e-03
     vertex -3.428814e-03 -4.190000e-01  3.009432e-03
   endloop
 endfacet
 facet normal  0.000000e+00 -1.000000e+00  0.000000e+00
   outer loop
     vertex -3.456411e-03 -4.190000e-01  2.501307e-03
     vertex -2.949047e-03 -4.190000e-01  2.759995e-03
     vertex -3.428814e-03 -4.190000e-01  3.009432e-03
   endloop
 endfacet
 facet normal -0.000000e+00 -1.000000e+00  0.000000e+00
   outer loop
     vertex -2.946690e-03 -4.190000e-01  3.245226e-03
     vertex -3.449530e-03 -4.190000e-01  3.512122e-03
     vertex -3.428814e-03 -4.190000e-01  3.009432e-03
   endloop
 endfacet
 facet normal -0.000000e+00 -1.000000e+00  0.000000e+00
   outer loop
     vertex -5.056403e-03 -4.190000e-01  9.583738e-03
     vertex -5.529701e-03 -4.190000e-01  9.585439e-03
     vertex -5.265199e-03 -4.190000e-01  9.116591e-03
   endloop
 endfacet
 facet normal  0.000000e+00 -1.000000e+00 -0.000000e+00
   outer loop
     vertex -5.529701e-03 -4.190000e-01  9.585439e-03
     vertex -5.750328e-03 -4.190000e-01  9.117149e-03
     vertex -5.265199e-03 -4.190000e-01  9.116591e-03
   endloop
 endfacet
 facet normal  0.000000e+00 -1.000000e+00  0.000000e+00
   outer loop
     vertex -9.554465e-03 -4.190000e-01  7.254326e-03
     vertex -9.550661e-03 -4.190000e-01  6.772906e-03
     vertex -9.099426e-03 -4.190000e-01  7.029729e-03
   endloop
 endfacet
 facet normal  0.000000e+00 -1.000000e+00  0.000000e+00
   outer loop
     vertex -9.550661e-03 -4.190000e-01  6.772906e-03
     vertex -9.093200e-03 -4.190000e-01  6.522834e-03
     vertex -9.099426e-03 -4.190000e-01  7.029729e-03
   endloop
 endfacet
 facet normal  0.000000e+00 -1.000000e+00  0.000000e+00
   outer loop
     vertex -7.424562e-03 -4.190000e-01  4.630220e-04
     vertex -6.967950e-03 -4.190000e-01  4.495653e-04
     vertex -7.208748e-03 -4.190000e-01  9.155673e-04
   endloop
 endfacet
 facet normal  0.000000e+00 -1.000000e+00  0.000000e+00
   outer loop
     vertex -6.967950e-03 -4.190000e-01  4.495653e-04
     vertex -6.714425e-03 -4.190000e-01  9.324278e-04
     vertex -7.208748e-03 -4.190000e-01  9.155673e-04
   endloop
 endfacet
 facet normal  0.000000e+00 -1.000000e+00  0.000000e+00
   outer loop
     vertex -3.477591e-03 -4.190000e-01  7.016156e-03
     vertex -2.972662e-03 -4.190000e-01  7.247229e-03
     vertex -3.483475e-03 -4.190000e-01  7.531144e-03
   endloop
 endfacet
 facet normal -0.000000e+00 -1.000000e+00  0.000000e+00
   outer loop
     vertex -4.310235e-03 -4.190000e-01  9.150747e-03
     vertex -4.587798e-03 -4.190000e-01  9.580296e-03
     vertex -4.775922e-03 -4.190000e-01  9.111551e-03
   endloop
 endfacet
 facet normal -0.000000e+00 -1.000000e+00  0.000000e+00
   outer loop
     vertex -4.587798e-03 -4.190000e-01  9.580296e-03
     vertex -5.056403e-03 -4.190000e-01  9.583738e-03
     vertex -4.775922e-03 -4.190000e-01  9.111551e-03
   endloop
 endfacet
 facet normal -0.000000e+00 -1.000000e+00  0.000000e+00
   outer loop
     vertex -2.982136e-03 -4.190000e-01  6.255774e-03
     vertex -3.482154e-03 -4.190000e-01  6.500927e-03
     vertex -3.475963e-03 -4.190000e-01  6.014710e-03
   endloop
 endfacet
 facet normal  0.000000e+00 -1.000000e+00 -0.000000e+00
   outer loop
     vertex -3.632854e-03 -4.190000e-01  9.615901e-03
     vertex -3.861215e-03 -4.190000e-01  9.244677e-03
     vertex -3.402931e-03 -4.190000e-01  9.094500e-03
   endloop
 endfacet
 facet normal  0.000000e+00 -1.000000e+00  0.000000e+00
   outer loop
     vertex -6.472493e-03 -4.190000e-01  4.655901e-04
     vertex -6.247333e-03 -4.190000e-01  9.251826e-04
     vertex -6.714425e-03 -4.190000e-01  9.324278e-04
   endloop
 endfacet
 facet normal  0.000000e+00 -1.000000e+00  0.000000e+00
   outer loop
     vertex -3.402931e-03 -4.190000e-01  9.094500e-03
     vertex -3.152350e-03 -4.190000e-01  9.599632e-03
     vertex -3.632854e-03 -4.190000e-01  9.615901e-03
   endloop
 endfacet
 facet normal  0.000000e+00 -1.000000e+00  0.000000e+00
   outer loop
     vertex -2.990978e-03 -4.190000e-01  8.267455e-03
     vertex -2.973676e-03 -4.190000e-01  8.758152e-03
     vertex -3.429892e-03 -4.190000e-01  8.539933e-03
   endloop
 endfacet
 facet normal -0.000000e+00 -1.000000e+00  0.000000e+00
   outer loop
     vertex -2.979223e-03 -4.190000e-01  5.252846e-03
     vertex -3.453769e-03 -4.190000e-01  5.491609e-03
     vertex -3.450780e-03 -4.190000e-01  5.009422e-03
   endloop
 endfacet
 facet normal  0.000000e+00 -1.000000e+00  0.000000e+00
   outer loop
     vertex -3.429892e-03 -4.190000e-01  8.539933e-03
     vertex -2.973676e-03 -4.190000e-01  8.758152e-03
     vertex -3.402931e-03 -4.190000e-01  9.094500e-03
   endloop
 endfacet
 facet normal -0.000000e+00 -1.000000e+00  0.000000e+00
   outer loop
     vertex -2.990978e-03 -4.190000e-01  8.267455e-03
     vertex -3.429892e-03 -4.190000e-01  8.539933e-03
     vertex -3.459985e-03 -4.190000e-01  8.043260e-03
   endloop
 endfacet
 facet normal  0.000000e+00 -1.000000e+00 -0.000000e+00
   outer loop
     vertex -9.531250e-03 -4.190000e-01  1.000000e-02
     vertex -9.618140e-03 -4.190000e-01  9.288503e-03
     vertex -9.211646e-03 -4.190000e-01  9.551522e-03
   endloop
 endfacet
 facet normal  0.000000e+00 -1.000000e+00 -0.000000e+00
   outer loop
     vertex -9.133377e-03 -4.190000e-01  8.040857e-03
     vertex -9.568345e-03 -4.190000e-01  7.768359e-03
     vertex -9.106618e-03 -4.190000e-01  7.541243e-03
   endloop
 endfacet
 facet normal  0.000000e+00 -1.000000e+00  0.000000e+00
   outer loop
     vertex -9.568345e-03 -4.190000e-01  7.768359e-03
     vertex -9.554465e-03 -4.190000e-01  7.254326e-03
     vertex -9.106618e-03 -4.190000e-01  7.541243e-03
   endloop
 endfacet
 facet normal  0.000000e+00 -1.000000e+00 -0.000000e+00
   outer loop
     vertex -9.093200e-03 -4.190000e-01  6.522834e-03
     vertex -9.547007e-03 -4.190000e-01  6.257572e-03
     vertex -9.088940e-03 -4.190000e-01  5.999136e-03
   endloop
 endfacet
 facet normal  0.000000e+00 -1.000000e+00 -0.000000e+00
   outer loop
     vertex -6.004619e-03 -4.190000e-01  9.585624e-03
     vertex -6.230011e-03 -4.190000e-01  9.116583e-03
     vertex -5.750328e-03 -4.190000e-01  9.117149e-03
   endloop
 endfacet
 facet normal  0.000000e+00 -1.000000e+00  0.000000e+00
   outer loop
     vertex -7.652211e-03 -4.190000e-01  9.075796e-03
     vertex -7.877152e-03 -4.190000e-01  9.578985e-03
     vertex -8.104692e-03 -4.190000e-01  9.105764e-03
   endloop
 endfacet
 facet normal -0.000000e+00 -1.000000e+00  0.000000e+00
   outer loop
     vertex -7.877152e-03 -4.190000e-01  9.578985e-03
     vertex -8.327054e-03 -4.190000e-01  9.600536e-03
     vertex -8.104692e-03 -4.190000e-01  9.105764e-03
   endloop
 endfacet
 facet normal  0.000000e+00 -1.000000e+00  0.000000e+00
   outer loop
     vertex -6.945954e-03 -4.190000e-01  9.567350e-03
     vertex -7.420658e-03 -4.190000e-01  9.563329e-03
     vertex -7.183478e-03 -4.190000e-01  9.086923e-03
   endloop
 endfacet
 facet normal  0.000000e+00 -1.000000e+00 -0.000000e+00
   outer loop
     vertex -8.327054e-03 -4.190000e-01  9.600536e-03
     vertex -8.533093e-03 -4.190000e-01  9.162369e-03
     vertex -8.104692e-03 -4.190000e-01  9.105764e-03
   endloop
 endfacet
 facet normal  0.000000e+00 -1.000000e+00 -0.000000e+00
   outer loop
     vertex -6.945954e-03 -4.190000e-01  9.567350e-03
     vertex -7.183478e-03 -4.190000e-01  9.086923e-03
     vertex -6.707185e-03 -4.190000e-01  9.103106e-03
   endloop
 endfacet
 facet normal  0.000000e+00 -1.000000e+00  0.000000e+00
   outer loop
     vertex -8.769837e-03 -4.190000e-01  9.620901e-03
     vertex -9.211646e-03 -4.190000e-01  9.551522e-03
     vertex -8.918777e-03 -4.190000e-01  9.220309e-03
   endloop
 endfacet
 facet normal -0.000000e+00 -1.000000e+00  0.000000e+00
   outer loop
     vertex -2.974395e-03 -4.190000e-01  4.249010e-03
     vertex -3.460682e-03 -4.190000e-01  4.488482e-03
     vertex -3.450475e-03 -4.190000e-01  4.007487e-03
   endloop
 endfacet
 facet normal  0.000000e+00 -1.000000e+00 -0.000000e+00
   outer loop
     vertex -9.249565e-03 -4.190000e-01  9.009187e-03
     vertex -9.612755e-03 -4.190000e-01  8.773832e-03
     vertex -9.185988e-03 -4.190000e-01  8.529677e-03
   endloop
 endfacet
 facet normal  0.000000e+00 -1.000000e+00 -0.000000e+00
   outer loop
     vertex -9.077623e-03 -4.190000e-01  3.478796e-03
     vertex -9.541898e-03 -4.190000e-01  3.230924e-03
     vertex -9.076889e-03 -4.190000e-01  2.973798e-03
   endloop
 endfacet
 facet normal  0.000000e+00 -1.000000e+00 -0.000000e+00
   outer loop
     vertex -9.541898e-03 -4.190000e-01  3.230924e-03
     vertex -9.542447e-03 -4.190000e-01  2.751493e-03
     vertex -9.076889e-03 -4.190000e-01  2.973798e-03
   endloop
 endfacet
 facet normal  0.000000e+00 -1.000000e+00  0.000000e+00
   outer loop
     vertex -9.090799e-03 -4.190000e-01  4.499154e-03
     vertex -9.547103e-03 -4.190000e-01  4.235385e-03
     vertex -9.091845e-03 -4.190000e-01  3.980542e-03
   endloop
 endfacet
 facet normal  0.000000e+00 -1.000000e+00  0.000000e+00
   outer loop
     vertex -9.547103e-03 -4.190000e-01  4.235385e-03
     vertex -9.545605e-03 -4.190000e-01  3.750059e-03
     vertex -9.091845e-03 -4.190000e-01  3.980542e-03
   endloop
 endfacet
 facet normal  0.000000e+00 -1.000000e+00 -0.000000e+00
   outer loop
     vertex -9.547933e-03 -4.190000e-01  5.237425e-03
     vertex -9.549002e-03 -4.190000e-01  4.756703e-03
     vertex -9.092402e-03 -4.190000e-01  4.997710e-03
   endloop
 endfacet
 facet normal  0.000000e+00 -1.000000e+00  0.000000e+00
   outer loop
     vertex -9.545605e-03 -4.190000e-01  3.750059e-03
     vertex -9.077623e-03 -4.190000e-01  3.478796e-03
     vertex -9.091845e-03 -4.190000e-01  3.980542e-03
   endloop
 endfacet
 facet normal  0.000000e+00 -1.000000e+00  0.000000e+00
   outer loop
     vertex -9.547933e-03 -4.190000e-01  5.237425e-03
     vertex -9.092402e-03 -4.190000e-01  4.997710e-03
     vertex -9.086578e-03 -4.190000e-01  5.498939e-03
   endloop
 endfacet
 facet normal  0.000000e+00 -1.000000e+00  0.000000e+00
   outer loop
     vertex -9.542447e-03 -4.190000e-01  2.751493e-03
     vertex -9.076075e-03 -4.190000e-01  2.471611e-03
     vertex -9.076889e-03 -4.190000e-01  2.973798e-03
   endloop
 endfacet
 facet normal  0.000000e+00 -1.000000e+00 -0.000000e+00
   outer loop
     vertex -9.550852e-03 -4.190000e-01  2.246420e-03
     vertex -9.571114e-03 -4.190000e-01  1.749963e-03
     vertex -9.108331e-03 -4.190000e-01  1.978040e-03
   endloop
 endfacet
 facet normal  0.000000e+00 -1.000000e+00  0.000000e+00
   outer loop
     vertex -8.124584e-03 -4.190000e-01  8.984474e-04
     vertex -7.890484e-03 -4.190000e-01  4.616056e-04
     vertex -7.669412e-03 -4.190000e-01  9.055283e-04
   endloop
 endfacet
 facet normal  0.000000e+00 -1.000000e+00  0.000000e+00
   outer loop
     vertex -7.890484e-03 -4.190000e-01  4.616056e-04
     vertex -7.424562e-03 -4.190000e-01  4.630220e-04
     vertex -7.669412e-03 -4.190000e-01  9.055283e-04
   endloop
 endfacet
 facet normal  0.000000e+00 -1.000000e+00  0.000000e+00
   outer loop
     vertex -3.721060e-03 -4.190000e-01  3.311836e-04
     vertex -3.324967e-03 -4.190000e-01  4.829888e-04
     vertex -3.810542e-03 -4.190000e-01  7.492453e-04
   endloop
 endfacet
 facet normal  0.000000e+00 -1.000000e+00  0.000000e+00
   outer loop
     vertex -4.786915e-03 -4.190000e-01  8.983852e-04
     vertex -4.589233e-03 -4.190000e-01  4.350048e-04
     vertex -4.271761e-03 -4.190000e-01  8.494395e-04
   endloop
 endfacet
 facet normal  0.000000e+00 -1.000000e+00  0.000000e+00
   outer loop
     vertex -4.589233e-03 -4.190000e-01  4.350048e-04
     vertex -4.128029e-03 -4.190000e-01  4.016015e-04
     vertex -4.271761e-03 -4.190000e-01  8.494395e-04
   endloop
 endfacet
 facet normal  0.000000e+00 -1.000000e+00  0.000000e+00
   outer loop
     vertex -5.527644e-03 -4.190000e-01  4.695209e-04
     vertex -5.056924e-03 -4.190000e-01  4.656272e-04
     vertex -5.265845e-03 -4.190000e-01  9.149016e-04
   endloop
 endfacet
 facet normal  0.000000e+00 -1.000000e+00  0.000000e+00
   outer loop
     vertex -4.128029e-03 -4.190000e-01  4.016015e-04
     vertex -3.810542e-03 -4.190000e-01  7.492453e-04
     vertex -4.271761e-03 -4.190000e-01  8.494395e-04
   endloop
 endfacet
 facet normal  0.000000e+00 -1.000000e+00  0.000000e+00
   outer loop
     vertex -5.527644e-03 -4.190000e-01  4.695209e-04
     vertex -5.265845e-03 -4.190000e-01  9.149016e-04
     vertex -5.743825e-03 -4.190000e-01  9.081695e-04
   endloop
 endfacet
 facet normal  0.000000e+00 -1.000000e+00 -0.000000e+00
   outer loop
     vertex -5.056403e-03 -4.190000e-01  9.583738e-03
     vertex -5.265199e-03 -4.190000e-01  9.116591e-03
     vertex -4.775922e-03 -4.190000e-01  9.111551e-03
   endloop
 endfacet
 facet normal  0.000000e+00 -1.000000e+00 -0.000000e+00
   outer loop
     vertex -3.395590e-03 -4.190000e-01  9.919756e-04
     vertex -3.810542e-03 -4.190000e-01  7.492453e-04
     vertex -3.324967e-03 -4.190000e-01  4.829888e-04
   endloop
 endfacet
 facet normal  0.000000e+00 -1.000000e+00  0.000000e+00
   outer loop
     vertex -2.968750e-03 -4.190000e-01  0.000000e+00
     vertex -2.937093e-03 -4.190000e-01  7.186126e-04
     vertex -3.324967e-03 -4.190000e-01  4.829888e-04
   endloop
 endfacet
 facet normal  0.000000e+00 -1.000000e+00  0.000000e+00
   outer loop
     vertex -9.076075e-03 -4.190000e-01  2.471611e-03
     vertex -9.550852e-03 -4.190000e-01  2.246420e-03
     vertex -9.108331e-03 -4.190000e-01  1.978040e-03
   endloop
 endfacet
 facet normal  0.000000e+00 -1.000000e+00  0.000000e+00
   outer loop
     vertex -8.533093e-03 -4.190000e-01  9.162369e-03
     vertex -8.769837e-03 -4.190000e-01  9.620901e-03
     vertex -8.918777e-03 -4.190000e-01  9.220309e-03
   endloop
 endfacet
 facet normal  0.000000e+00 -1.000000e+00  0.000000e+00
   outer loop
     vertex -3.324967e-03 -4.190000e-01  4.829888e-04
     vertex -2.937093e-03 -4.190000e-01  7.186126e-04
     vertex -3.395590e-03 -4.190000e-01  9.919756e-04
   endloop
 endfacet
 facet normal  0.000000e+00 -1.000000e+00 -0.000000e+00
   outer loop
     vertex -9.106618e-03 -4.190000e-01  7.541243e-03
     vertex -9.554465e-03 -4.190000e-01  7.254326e-03
     vertex -9.099426e-03 -4.190000e-01  7.029729e-03
   endloop
 endfacet
 facet normal -0.000000e+00 -1.000000e+00  0.000000e+00
   outer loop
     vertex -7.183478e-03 -4.190000e-01  9.086923e-03
     vertex -7.420658e-03 -4.190000e-01  9.563329e-03
     vertex -7.652211e-03 -4.190000e-01  9.075796e-03
   endloop
 endfacet
 facet normal  0.000000e+00 -1.000000e+00 -0.000000e+00
   outer loop
     vertex -9.092402e-03 -4.190000e-01  4.997710e-03
     vertex -9.549002e-03 -4.190000e-01  4.756703e-03
     vertex -9.090799e-03 -4.190000e-01  4.499154e-03
   endloop
 endfacet
 facet normal  0.000000e+00 -1.000000e+00  0.000000e+00
   outer loop
     vertex -7.669412e-03 -4.190000e-01  9.055283e-04
     vertex -7.424562e-03 -4.190000e-01  4.630220e-04
     vertex -7.208748e-03 -4.190000e-01  9.155673e-04
   endloop
 endfacet
 facet normal  0.000000e+00 -1.000000e+00  0.000000e+00
   outer loop
     vertex -9.108331e-03 -4.190000e-01  1.978040e-03
     vertex -9.571114e-03 -4.190000e-01  1.749963e-03
     vertex -9.162739e-03 -4.190000e-01  1.493784e-03
   endloop
 endfacet
 facet normal  0.000000e+00 -1.000000e+00  0.000000e+00
   outer loop
     vertex -5.265845e-03 -4.190000e-01  9.149016e-04
     vertex -5.056924e-03 -4.190000e-01  4.656272e-04
     vertex -4.786915e-03 -4.190000e-01  8.983852e-04
   endloop
 endfacet
 facet normal  0.000000e+00 -1.000000e+00  0.000000e+00
   outer loop
     vertex -9.106618e-03 -4.190000e-01  7.541243e-03
     vertex -9.099426e-03 -4.190000e-01  7.029729e-03
     vertex -8.659920e-03 -4.190000e-01  7.325608e-03
   endloop
 endfacet
 facet normal  0.000000e+00 -1.000000e+00  0.000000e+00
   outer loop
     vertex -7.183478e-03 -4.190000e-01  9.086923e-03
     vertex -7.652211e-03 -4.190000e-01  9.075796e-03
     vertex -7.428219e-03 -4.190000e-01  8.598916e-03
   endloop
 endfacet
 facet normal  0.000000e+00 -1.000000e+00  0.000000e+00
   outer loop
     vertex -4.310235e-03 -4.190000e-01  9.150747e-03
     vertex -4.775922e-03 -4.190000e-01  9.111551e-03
     vertex -4.430577e-03 -4.190000e-01  8.635185e-03
   endloop
 endfacet
 facet normal  0.000000e+00 -1.000000e+00  0.000000e+00
   outer loop
     vertex -6.247333e-03 -4.190000e-01  9.251826e-04
     vertex -5.743825e-03 -4.190000e-01  9.081695e-04
     vertex -6.003856e-03 -4.190000e-01  1.367782e-03
   endloop
 endfacet
 facet normal -0.000000e+00 -1.000000e+00  0.000000e+00
   outer loop
     vertex -3.402931e-03 -4.190000e-01  9.094500e-03
     vertex -3.861215e-03 -4.190000e-01  9.244677e-03
     vertex -3.908243e-03 -4.190000e-01  8.801668e-03
   endloop
 endfacet
 facet normal  0.000000e+00 -1.000000e+00  0.000000e+00
   outer loop
     vertex -3.429892e-03 -4.190000e-01  8.539933e-03
     vertex -3.402931e-03 -4.190000e-01  9.094500e-03
     vertex -3.908243e-03 -4.190000e-01  8.801668e-03
   endloop
 endfacet
 facet normal  0.000000e+00 -1.000000e+00  0.000000e+00
   outer loop
     vertex -3.861215e-03 -4.190000e-01  9.244677e-03
     vertex -4.310235e-03 -4.190000e-01  9.150747e-03
     vertex -3.908243e-03 -4.190000e-01  8.801668e-03
   endloop
 endfacet
 facet normal  0.000000e+00 -1.000000e+00 -0.000000e+00
   outer loop
     vertex -9.108331e-03 -4.190000e-01  1.978040e-03
     vertex -9.162739e-03 -4.190000e-01  1.493784e-03
     vertex -8.711879e-03 -4.190000e-01  1.695238e-03
   endloop
 endfacet
 facet normal  0.000000e+00 -1.000000e+00  0.000000e+00
   outer loop
     vertex -6.714425e-03 -4.190000e-01  9.324278e-04
     vertex -6.247333e-03 -4.190000e-01  9.251826e-04
     vertex -6.483794e-03 -4.190000e-01  1.366578e-03
   endloop
 endfacet
 facet normal  0.000000e+00 -1.000000e+00  0.000000e+00
   outer loop
     vertex -6.247333e-03 -4.190000e-01  9.251826e-04
     vertex -6.003856e-03 -4.190000e-01  1.367782e-03
     vertex -6.483794e-03 -4.190000e-01  1.366578e-03
   endloop
 endfacet
 facet normal  0.000000e+00 -1.000000e+00  0.000000e+00
   outer loop
     vertex -3.459985e-03 -4.190000e-01  8.043260e-03
     vertex -3.429892e-03 -4.190000e-01  8.539933e-03
     vertex -3.924569e-03 -4.190000e-01  8.302811e-03
   endloop
 endfacet
 facet normal -0.000000e+00 -1.000000e+00  0.000000e+00
   outer loop
     vertex -3.429892e-03 -4.190000e-01  8.539933e-03
     vertex -3.908243e-03 -4.190000e-01  8.801668e-03
     vertex -3.924569e-03 -4.190000e-01  8.302811e-03
   endloop
 endfacet
 facet normal  0.000000e+00 -1.000000e+00  0.000000e+00
   outer loop
     vertex -3.450780e-03 -4.190000e-01  5.009422e-03
     vertex -3.453769e-03 -4.190000e-01  5.491609e-03
     vertex -3.906785e-03 -4.190000e-01  5.254536e-03
   endloop
 endfacet
 facet normal  0.000000e+00 -1.000000e+00  0.000000e+00
   outer loop
     vertex -9.092402e-03 -4.190000e-01  4.997710e-03
     vertex -9.090799e-03 -4.190000e-01  4.499154e-03
     vertex -8.642014e-03 -4.190000e-01  4.737379e-03
   endloop
 endfacet
 facet normal  0.000000e+00 -1.000000e+00  0.000000e+00
   outer loop
     vertex -3.482154e-03 -4.190000e-01  6.500927e-03
     vertex -3.477591e-03 -4.190000e-01  7.016156e-03
     vertex -3.926054e-03 -4.190000e-01  6.768367e-03
   endloop
 endfacet
 facet normal  0.000000e+00 -1.000000e+00  0.000000e+00
   outer loop
     vertex -6.707185e-03 -4.190000e-01  9.103106e-03
     vertex -7.183478e-03 -4.190000e-01  9.086923e-03
     vertex -6.938875e-03 -4.190000e-01  8.647868e-03
   endloop
 endfacet
 facet normal  0.000000e+00 -1.000000e+00 -0.000000e+00
   outer loop
     vertex -7.183478e-03 -4.190000e-01  9.086923e-03
     vertex -7.428219e-03 -4.190000e-01  8.598916e-03
     vertex -6.938875e-03 -4.190000e-01  8.647868e-03
   endloop
 endfacet
 facet normal  0.000000e+00 -1.000000e+00  0.000000e+00
   outer loop
     vertex -3.475963e-03 -4.190000e-01  6.014710e-03
     vertex -3.482154e-03 -4.190000e-01  6.500927e-03
     vertex -3.921915e-03 -4.190000e-01  6.260930e-03
   endloop
 endfacet
 facet normal -0.000000e+00 -1.000000e+00  0.000000e+00
   outer loop
     vertex -3.482154e-03 -4.190000e-01  6.500927e-03
     vertex -3.926054e-03 -4.190000e-01  6.768367e-03
     vertex -3.921915e-03 -4.190000e-01  6.260930e-03
   endloop
 endfacet
 facet normal -0.000000e+00 -1.000000e+00  0.000000e+00
   outer loop
     vertex -8.104692e-03 -4.190000e-01  9.105764e-03
     vertex -8.533093e-03 -4.190000e-01  9.162369e-03
     vertex -8.387956e-03 -4.190000e-01  8.693987e-03
   endloop
 endfacet
 facet normal  0.000000e+00 -1.000000e+00  0.000000e+00
   outer loop
     vertex -7.669412e-03 -4.190000e-01  9.055283e-04
     vertex -7.208748e-03 -4.190000e-01  9.155673e-04
     vertex -7.455437e-03 -4.190000e-01  1.348940e-03
   endloop
 endfacet
 facet normal  0.000000e+00 -1.000000e+00  0.000000e+00
   outer loop
     vertex -3.450475e-03 -4.190000e-01  4.007487e-03
     vertex -3.460682e-03 -4.190000e-01  4.488482e-03
     vertex -3.896569e-03 -4.190000e-01  4.238503e-03
   endloop
 endfacet
 facet normal  0.000000e+00 -1.000000e+00  0.000000e+00
   outer loop
     vertex -9.133377e-03 -4.190000e-01  8.040857e-03
     vertex -9.106618e-03 -4.190000e-01  7.541243e-03
     vertex -8.676126e-03 -4.190000e-01  7.837640e-03
   endloop
 endfacet
 facet normal  0.000000e+00 -1.000000e+00  0.000000e+00
   outer loop
     vertex -9.106618e-03 -4.190000e-01  7.541243e-03
     vertex -8.659920e-03 -4.190000e-01  7.325608e-03
     vertex -8.676126e-03 -4.190000e-01  7.837640e-03
   endloop
 endfacet
 facet normal  0.000000e+00 -1.000000e+00  0.000000e+00
   outer loop
     vertex -9.077623e-03 -4.190000e-01  3.478796e-03
     vertex -9.076889e-03 -4.190000e-01  2.973798e-03
     vertex -8.623484e-03 -4.190000e-01  3.214086e-03
   endloop
 endfacet
 facet normal -0.000000e+00 -1.000000e+00  0.000000e+00
   outer loop
     vertex -5.265199e-03 -4.190000e-01  9.116591e-03
     vertex -5.750328e-03 -4.190000e-01  9.117149e-03
     vertex -5.479686e-03 -4.190000e-01  8.678018e-03
   endloop
 endfacet
 facet normal  0.000000e+00 -1.000000e+00 -0.000000e+00
   outer loop
     vertex -9.086578e-03 -4.190000e-01  5.498939e-03
     vertex -9.092402e-03 -4.190000e-01  4.997710e-03
     vertex -8.642914e-03 -4.190000e-01  5.254250e-03
   endloop
 endfacet
 facet normal  0.000000e+00 -1.000000e+00  0.000000e+00
   outer loop
     vertex -9.092402e-03 -4.190000e-01  4.997710e-03
     vertex -8.642014e-03 -4.190000e-01  4.737379e-03
     vertex -8.642914e-03 -4.190000e-01  5.254250e-03
   endloop
 endfacet
 facet normal  0.000000e+00 -1.000000e+00  0.000000e+00
   outer loop
     vertex -9.088940e-03 -4.190000e-01  5.999136e-03
     vertex -9.086578e-03 -4.190000e-01  5.498939e-03
     vertex -8.638896e-03 -4.190000e-01  5.753662e-03
   endloop
 endfacet
 facet normal  0.000000e+00 -1.000000e+00  0.000000e+00
   outer loop
     vertex -9.086578e-03 -4.190000e-01  5.498939e-03
     vertex -8.642914e-03 -4.190000e-01  5.254250e-03
     vertex -8.638896e-03 -4.190000e-01  5.753662e-03
   endloop
 endfacet
 facet normal  0.000000e+00 -1.000000e+00  0.000000e+00
   outer loop
     vertex -9.093200e-03 -4.190000e-01  6.522834e-03
     vertex -9.088940e-03 -4.190000e-01  5.999136e-03
     vertex -8.633134e-03 -4.190000e-01  6.260408e-03
   endloop
 endfacet
 facet normal  0.000000e+00 -1.000000e+00  0.000000e+00
   outer loop
     vertex -9.088940e-03 -4.190000e-01  5.999136e-03
     vertex -8.638896e-03 -4.190000e-01  5.753662e-03
     vertex -8.633134e-03 -4.190000e-01  6.260408e-03
   endloop
 endfacet
 facet normal  0.000000e+00 -1.000000e+00  0.000000e+00
   outer loop
     vertex -9.091845e-03 -4.190000e-01  3.980542e-03
     vertex -9.077623e-03 -4.190000e-01  3.478796e-03
     vertex -8.631150e-03 -4.190000e-01  3.727575e-03
   endloop
 endfacet
 facet normal  0.000000e+00 -1.000000e+00  0.000000e+00
   outer loop
     vertex -9.077623e-03 -4.190000e-01  3.478796e-03
     vertex -8.623484e-03 -4.190000e-01  3.214086e-03
     vertex -8.631150e-03 -4.190000e-01  3.727575e-03
   endloop
 endfacet
 facet normal  0.000000e+00 -1.000000e+00 -0.000000e+00
   outer loop
     vertex -9.090799e-03 -4.190000e-01  4.499154e-03
     vertex -9.091845e-03 -4.190000e-01  3.980542e-03
     vertex -8.627143e-03 -4.190000e-01  4.234804e-03
   endloop
 endfacet
 facet normal  0.000000e+00 -1.000000e+00  0.000000e+00
   outer loop
     vertex -9.091845e-03 -4.190000e-01  3.980542e-03
     vertex -8.631150e-03 -4.190000e-01  3.727575e-03
     vertex -8.627143e-03 -4.190000e-01  4.234804e-03
   endloop
 endfacet
 facet normal  0.000000e+00 -1.000000e+00  0.000000e+00
   outer loop
     vertex -5.265845e-03 -4.190000e-01  9.149016e-04
     vertex -4.786915e-03 -4.190000e-01  8.983852e-04
     vertex -4.983228e-03 -4.190000e-01  1.354776e-03
   endloop
 endfacet
 facet normal  0.000000e+00 -1.000000e+00  0.000000e+00
   outer loop
     vertex -8.124584e-03 -4.190000e-01  8.984474e-04
     vertex -7.669412e-03 -4.190000e-01  9.055283e-04
     vertex -7.923554e-03 -4.190000e-01  1.347193e-03
   endloop
 endfacet
 facet normal  0.000000e+00 -1.000000e+00  0.000000e+00
   outer loop
     vertex -7.669412e-03 -4.190000e-01  9.055283e-04
     vertex -7.455437e-03 -4.190000e-01  1.348940e-03
     vertex -7.923554e-03 -4.190000e-01  1.347193e-03
   endloop
 endfacet
 facet normal -0.000000e+00 -1.000000e+00  0.000000e+00
   outer loop
     vertex -7.652211e-03 -4.190000e-01  9.075796e-03
     vertex -8.104692e-03 -4.190000e-01  9.105764e-03
     vertex -7.916930e-03 -4.190000e-01  8.607688e-03
   endloop
 endfacet
 facet normal  0.000000e+00 -1.000000e+00 -0.000000e+00
   outer loop
     vertex -8.104692e-03 -4.190000e-01  9.105764e-03
     vertex -8.387956e-03 -4.190000e-01  8.693987e-03
     vertex -7.916930e-03 -4.190000e-01  8.607688e-03
   endloop
 endfacet
 facet normal  0.000000e+00 -1.000000e+00  0.000000e+00
   outer loop
     vertex -3.449530e-03 -4.190000e-01  3.512122e-03
     vertex -3.450475e-03 -4.190000e-01  4.007487e-03
     vertex -3.884335e-03 -4.190000e-01  3.747126e-03
   endloop
 endfacet
 facet normal -0.000000e+00 -1.000000e+00  0.000000e+00
   outer loop
     vertex -3.450475e-03 -4.190000e-01  4.007487e-03
     vertex -3.896569e-03 -4.190000e-01  4.238503e-03
     vertex -3.884335e-03 -4.190000e-01  3.747126e-03
   endloop
 endfacet
 facet normal  0.000000e+00 -1.000000e+00  0.000000e+00
   outer loop
     vertex -3.810542e-03 -4.190000e-01  7.492453e-04
     vertex -3.395590e-03 -4.190000e-01  9.919756e-04
     vertex -3.900771e-03 -4.190000e-01  1.205374e-03
   endloop
 endfacet
 facet normal  0.000000e+00 -1.000000e+00  0.000000e+00
   outer loop
     vertex -3.395590e-03 -4.190000e-01  9.919756e-04
     vertex -3.479612e-03 -4.190000e-01  1.491523e-03
     vertex -3.900771e-03 -4.190000e-01  1.205374e-03
   endloop
 endfacet
 facet normal  0.000000e+00 -1.000000e+00  0.000000e+00
   outer loop
     vertex -4.271761e-03 -4.190000e-01  8.494395e-04
     vertex -3.810542e-03 -4.190000e-01  7.492453e-04
     vertex -3.900771e-03 -4.190000e-01  1.205374e-03
   endloop
 endfacet
 facet normal  0.000000e+00 -1.000000e+00  0.000000e+00
   outer loop
     vertex -3.483475e-03 -4.190000e-01  7.531144e-03
     vertex -3.459985e-03 -4.190000e-01  8.043260e-03
     vertex -3.914631e-03 -4.190000e-01  7.791770e-03
   endloop
 endfacet
 facet normal -0.000000e+00 -1.000000e+00  0.000000e+00
   outer loop
     vertex -3.459985e-03 -4.190000e-01  8.043260e-03
     vertex -3.924569e-03 -4.190000e-01  8.302811e-03
     vertex -3.914631e-03 -4.190000e-01  7.791770e-03
   endloop
 endfacet
 facet normal -0.000000e+00 -1.000000e+00  0.000000e+00
   outer loop
     vertex -4.775922e-03 -4.190000e-01  9.111551e-03
     vertex -5.265199e-03 -4.190000e-01  9.116591e-03
     vertex -4.996501e-03 -4.190000e-01  8.685154e-03
   endloop
 endfacet
 facet normal  0.000000e+00 -1.000000e+00 -0.000000e+00
   outer loop
     vertex -5.265199e-03 -4.190000e-01  9.116591e-03
     vertex -5.479686e-03 -4.190000e-01  8.678018e-03
     vertex -4.996501e-03 -4.190000e-01  8.685154e-03
   endloop
 endfacet
 facet normal  0.000000e+00 -1.000000e+00  0.000000e+00
   outer loop
     vertex -9.162739e-03 -4.190000e-01  1.493784e-03
     vertex -9.156109e-03 -4.190000e-01  9.586061e-04
     vertex -8.807914e-03 -4.190000e-01  1.280945e-03
   endloop
 endfacet
 facet normal  0.000000e+00 -1.000000e+00  0.000000e+00
   outer loop
     vertex -8.711879e-03 -4.190000e-01  1.695238e-03
     vertex -9.162739e-03 -4.190000e-01  1.493784e-03
     vertex -8.807914e-03 -4.190000e-01  1.280945e-03
   endloop
 endfacet
 facet normal  0.000000e+00 -1.000000e+00  0.000000e+00
   outer loop
     vertex -9.156109e-03 -4.190000e-01  9.586061e-04
     vertex -8.600140e-03 -4.190000e-01  8.837718e-04
     vertex -8.807914e-03 -4.190000e-01  1.280945e-03
   endloop
 endfacet
 facet normal  0.000000e+00 -1.000000e+00  0.000000e+00
   outer loop
     vertex -9.099426e-03 -4.190000e-01  7.029729e-03
     vertex -9.093200e-03 -4.190000e-01  6.522834e-03
     vertex -8.652526e-03 -4.190000e-01  6.772494e-03
   endloop
 endfacet
 facet normal  0.000000e+00 -1.000000e+00  0.000000e+00
   outer loop
     vertex -9.093200e-03 -4.190000e-01  6.522834e-03
     vertex -8.633134e-03 -4.190000e-01  6.260408e-03
     vertex -8.652526e-03 -4.190000e-01  6.772494e-03
   endloop
 endfacet
 facet normal  0.000000e+00 -1.000000e+00  0.000000e+00
   outer loop
     vertex -9.185988e-03 -4.190000e-01  8.529677e-03
     vertex -9.133377e-03 -4.190000e-01  8.040857e-03
     vertex -8.738877e-03 -4.190000e-01  8.340395e-03
   endloop
 endfacet
 facet normal  0.000000e+00 -1.000000e+00  0.000000e+00
   outer loop
     vertex -9.133377e-03 -4.190000e-01  8.040857e-03
     vertex -8.676126e-03 -4.190000e-01  7.837640e-03
     vertex -8.738877e-03 -4.190000e-01  8.340395e-03
   endloop
 endfacet
 facet normal  0.000000e+00 -1.000000e+00  0.000000e+00
   outer loop
     vertex -3.460682e-03 -4.190000e-01  4.488482e-03
     vertex -3.450780e-03 -4.190000e-01  5.009422e-03
     vertex -3.901746e-03 -4.190000e-01  4.735025e-03
   endloop
 endfacet
 facet normal -0.000000e+00 -1.000000e+00  0.000000e+00
   outer loop
     vertex -3.450780e-03 -4.190000e-01  5.009422e-03
     vertex -3.906785e-03 -4.190000e-01  5.254536e-03
     vertex -3.901746e-03 -4.190000e-01  4.735025e-03
   endloop
 endfacet
 facet normal  0.000000e+00 -1.000000e+00  0.000000e+00
   outer loop
     vertex -7.208748e-03 -4.190000e-01  9.155673e-04
     vertex -6.714425e-03 -4.190000e-01  9.324278e-04
     vertex -6.970726e-03 -4.190000e-01  1.352212e-03
   endloop
 endfacet
 facet normal  0.000000e+00 -1.000000e+00  0.000000e+00
   outer loop
     vertex -6.714425e-03 -4.190000e-01  9.324278e-04
     vertex -6.483794e-03 -4.190000e-01  1.366578e-03
     vertex -6.970726e-03 -4.190000e-01  1.352212e-03
   endloop
 endfacet
 facet normal  0.000000e+00 -1.000000e+00  0.000000e+00
   outer loop
     vertex -6.230011e-03 -4.190000e-01  9.116583e-03
     vertex -6.707185e-03 -4.190000e-01  9.103106e-03
     vertex -6.456014e-03 -4.190000e-01  8.680291e-03
   endloop
 endfacet
 facet normal  0.000000e+00 -1.000000e+00 -0.000000e+00
   outer loop
     vertex -6.707185e-03 -4.190000e-01  9.103106e-03
     vertex -6.938875e-03 -4.190000e-01  8.647868e-03
     vertex -6.456014e-03 -4.190000e-01  8.680291e-03
   endloop
 endfacet
 facet normal  0.000000e+00 -1.000000e+00  0.000000e+00
   outer loop
     vertex -3.453769e-03 -4.190000e-01  5.491609e-03
     vertex -3.475963e-03 -4.190000e-01  6.014710e-03
     vertex -3.907303e-03 -4.190000e-01  5.754567e-03
   endloop
 endfacet
 facet normal -0.000000e+00 -1.000000e+00  0.000000e+00
   outer loop
     vertex -3.475963e-03 -4.190000e-01  6.014710e-03
     vertex -3.921915e-03 -4.190000e-01  6.260930e-03
     vertex -3.907303e-03 -4.190000e-01  5.754567e-03
   endloop
 endfacet
 facet normal  0.000000e+00 -1.000000e+00  0.000000e+00
   outer loop
     vertex -9.618140e-03 -4.190000e-01  9.288503e-03
     vertex -9.249565e-03 -4.190000e-01  9.009187e-03
     vertex -9.211646e-03 -4.190000e-01  9.551522e-03
   endloop
 endfacet
 facet normal  0.000000e+00 -1.000000e+00  0.000000e+00
   outer loop
     vertex -5.750328e-03 -4.190000e-01  9.117149e-03
     vertex -6.230011e-03 -4.190000e-01  9.116583e-03
     vertex -5.977938e-03 -4.190000e-01  8.686087e-03
   endloop
 endfacet
 facet normal  0.000000e+00 -1.000000e+00 -0.000000e+00
   outer loop
     vertex -6.230011e-03 -4.190000e-01  9.116583e-03
     vertex -6.456014e-03 -4.190000e-01  8.680291e-03
     vertex -5.977938e-03 -4.190000e-01  8.686087e-03
   endloop
 endfacet
 facet normal  0.000000e+00 -1.000000e+00 -0.000000e+00
   outer loop
     vertex -9.076075e-03 -4.190000e-01  2.471611e-03
     vertex -9.108331e-03 -4.190000e-01  1.978040e-03
     vertex -8.631689e-03 -4.190000e-01  2.171680e-03
   endloop
 endfacet
 facet normal  0.000000e+00 -1.000000e+00  0.000000e+00
   outer loop
     vertex -9.108331e-03 -4.190000e-01  1.978040e-03
     vertex -8.711879e-03 -4.190000e-01  1.695238e-03
     vertex -8.631689e-03 -4.190000e-01  2.171680e-03
   endloop
 endfacet
 facet normal  0.000000e+00 -1.000000e+00 -0.000000e+00
   outer loop
     vertex -4.310235e-03 -4.190000e-01  9.150747e-03
     vertex -4.430577e-03 -4.190000e-01  8.635185e-03
     vertex -3.908243e-03 -4.190000e-01  8.801668e-03
   endloop
 endfacet
 facet normal  0.000000e+00 -1.000000e+00 -0.000000e+00
   outer loop
     vertex -4.775922e-03 -4.190000e-01  9.111551e-03
     vertex -4.996501e-03 -4.190000e-01  8.685154e-03
     vertex -4.430577e-03 -4.190000e-01  8.635185e-03
   endloop
 endfacet
 facet normal  0.000000e+00 -1.000000e+00  0.000000e+00
   outer loop
     vertex -7.208748e-03 -4.190000e-01  9.155673e-04
     vertex -6.970726e-03 -4.190000e-01  1.352212e-03
     vertex -7.455437e-03 -4.190000e-01  1.348940e-03
   endloop
 endfacet
 facet normal  0.000000e+00 -1.000000e+00  0.000000e+00
   outer loop
     vertex -3.926054e-03 -4.190000e-01  6.768367e-03
     vertex -3.477591e-03 -4.190000e-01  7.016156e-03
     vertex -3.927100e-03 -4.190000e-01  7.277560e-03
   endloop
 endfacet
 facet normal  0.000000e+00 -1.000000e+00  0.000000e+00
   outer loop
     vertex -3.477591e-03 -4.190000e-01  7.016156e-03
     vertex -3.483475e-03 -4.190000e-01  7.531144e-03
     vertex -3.927100e-03 -4.190000e-01  7.277560e-03
   endloop
 endfacet
 facet normal  0.000000e+00 -1.000000e+00  0.000000e+00
   outer loop
     vertex -3.906785e-03 -4.190000e-01  5.254536e-03
     vertex -3.453769e-03 -4.190000e-01  5.491609e-03
     vertex -3.907303e-03 -4.190000e-01  5.754567e-03
   endloop
 endfacet
 facet normal  0.000000e+00 -1.000000e+00 -0.000000e+00
   outer loop
     vertex -8.642014e-03 -4.190000e-01  4.737379e-03
     vertex -9.090799e-03 -4.190000e-01  4.499154e-03
     vertex -8.627143e-03 -4.190000e-01  4.234804e-03
   endloop
 endfacet
 facet normal  0.000000e+00 -1.000000e+00 -0.000000e+00
   outer loop
     vertex -7.652211e-03 -4.190000e-01  9.075796e-03
     vertex -7.916930e-03 -4.190000e-01  8.607688e-03
     vertex -7.428219e-03 -4.190000e-01  8.598916e-03
   endloop
 endfacet
 facet normal  0.000000e+00 -1.000000e+00 -0.000000e+00
   outer loop
     vertex -5.750328e-03 -4.190000e-01  9.117149e-03
     vertex -5.977938e-03 -4.190000e-01  8.686087e-03
     vertex -5.479686e-03 -4.190000e-01  8.678018e-03
   endloop
 endfacet
 facet normal -0.000000e+00 -1.000000e+00  0.000000e+00
   outer loop
     vertex -3.483475e-03 -4.190000e-01  7.531144e-03
     vertex -3.914631e-03 -4.190000e-01  7.791770e-03
     vertex -3.927100e-03 -4.190000e-01  7.277560e-03
   endloop
 endfacet
 facet normal -0.000000e+00 -1.000000e+00  0.000000e+00
   outer loop
     vertex -3.460682e-03 -4.190000e-01  4.488482e-03
     vertex -3.901746e-03 -4.190000e-01  4.735025e-03
     vertex -3.896569e-03 -4.190000e-01  4.238503e-03
   endloop
 endfacet
 facet normal -0.000000e+00 -1.000000e+00  0.000000e+00
   outer loop
     vertex -8.533093e-03 -4.190000e-01  9.162369e-03
     vertex -8.918777e-03 -4.190000e-01  9.220309e-03
     vertex -8.829974e-03 -4.190000e-01  8.808112e-03
   endloop
 endfacet
 facet normal  0.000000e+00 -1.000000e+00 -0.000000e+00
   outer loop
     vertex -8.623484e-03 -4.190000e-01  3.214086e-03
     vertex -9.076889e-03 -4.190000e-01  2.973798e-03
     vertex -8.609534e-03 -4.190000e-01  2.687876e-03
   endloop
 endfacet
 facet normal  0.000000e+00 -1.000000e+00  0.000000e+00
   outer loop
     vertex -9.076889e-03 -4.190000e-01  2.973798e-03
     vertex -9.076075e-03 -4.190000e-01  2.471611e-03
     vertex -8.609534e-03 -4.190000e-01  2.687876e-03
   endloop
 endfacet
 facet normal  0.000000e+00 -1.000000e+00  0.000000e+00
   outer loop
     vertex -6.003856e-03 -4.190000e-01  1.367782e-03
     vertex -5.743825e-03 -4.190000e-01  9.081695e-04
     vertex -5.477757e-03 -4.190000e-01  1.367473e-03
   endloop
 endfacet
 facet normal  0.000000e+00 -1.000000e+00  0.000000e+00
   outer loop
     vertex -5.743825e-03 -4.190000e-01  9.081695e-04
     vertex -5.265845e-03 -4.190000e-01  9.149016e-04
     vertex -5.477757e-03 -4.190000e-01  1.367473e-03
   endloop
 endfacet
 facet normal  0.000000e+00 -1.000000e+00  0.000000e+00
   outer loop
     vertex -4.983228e-03 -4.190000e-01  1.354776e-03
     vertex -4.786915e-03 -4.190000e-01  8.983852e-04
     vertex -4.459059e-03 -4.190000e-01  1.333637e-03
   endloop
 endfacet
 facet normal  0.000000e+00 -1.000000e+00  0.000000e+00
   outer loop
     vertex -4.786915e-03 -4.190000e-01  8.983852e-04
     vertex -4.271761e-03 -4.190000e-01  8.494395e-04
     vertex -4.459059e-03 -4.190000e-01  1.333637e-03
   endloop
 endfacet
 facet normal  0.000000e+00 -1.000000e+00  0.000000e+00
   outer loop
     vertex -4.271761e-03 -4.190000e-01  8.494395e-04
     vertex -3.900771e-03 -4.190000e-01  1.205374e-03
     vertex -4.459059e-03 -4.190000e-01  1.333637e-03
   endloop
 endfacet
 facet normal  0.000000e+00 -1.000000e+00  0.000000e+00
   outer loop
     vertex -8.600140e-03 -4.190000e-01  8.837718e-04
     vertex -8.124584e-03 -4.190000e-01  8.984474e-04
     vertex -8.373579e-03 -4.190000e-01  1.326058e-03
   endloop
 endfacet
 facet normal  0.000000e+00 -1.000000e+00  0.000000e+00
   outer loop
     vertex -8.807914e-03 -4.190000e-01  1.280945e-03
     vertex -8.600140e-03 -4.190000e-01  8.837718e-04
     vertex -8.373579e-03 -4.190000e-01  1.326058e-03
   endloop
 endfacet
 facet normal  0.000000e+00 -1.000000e+00  0.000000e+00
   outer loop
     vertex -8.124584e-03 -4.190000e-01  8.984474e-04
     vertex -7.923554e-03 -4.190000e-01  1.347193e-03
     vertex -8.373579e-03 -4.190000e-01  1.326058e-03
   endloop
 endfacet
 facet normal  0.000000e+00 -1.000000e+00  0.000000e+00
   outer loop
     vertex -3.900771e-03 -4.190000e-01  1.205374e-03
     vertex -3.479612e-03 -4.190000e-01  1.491523e-03
     vertex -4.049888e-03 -4.190000e-01  1.769117e-03
   endloop
 endfacet
 facet normal  0.000000e+00 -1.000000e+00  0.000000e+00
   outer loop
     vertex -3.479612e-03 -4.190000e-01  1.491523e-03
     vertex -3.503766e-03 -4.190000e-01  2.002419e-03
     vertex -4.049888e-03 -4.190000e-01  1.769117e-03
   endloop
 endfacet
 facet normal  0.000000e+00 -1.000000e+00  0.000000e+00
   outer loop
     vertex -9.099426e-03 -4.190000e-01  7.029729e-03
     vertex -8.652526e-03 -4.190000e-01  6.772494e-03
     vertex -8.659920e-03 -4.190000e-01  7.325608e-03
   endloop
 endfacet
 facet normal  0.000000e+00 -1.000000e+00  0.000000e+00
   outer loop
     vertex -3.428814e-03 -4.190000e-01  3.009432e-03
     vertex -3.449530e-03 -4.190000e-01  3.512122e-03
     vertex -3.867947e-03 -4.190000e-01  3.263022e-03
   endloop
 endfacet
 facet normal -0.000000e+00 -1.000000e+00  0.000000e+00
   outer loop
     vertex -3.449530e-03 -4.190000e-01  3.512122e-03
     vertex -3.884335e-03 -4.190000e-01  3.747126e-03
     vertex -3.867947e-03 -4.190000e-01  3.263022e-03
   endloop
 endfacet
 facet normal  0.000000e+00 -1.000000e+00 -0.000000e+00
   outer loop
     vertex -8.533093e-03 -4.190000e-01  9.162369e-03
     vertex -8.829974e-03 -4.190000e-01  8.808112e-03
     vertex -8.387956e-03 -4.190000e-01  8.693987e-03
   endloop
 endfacet
 facet normal  0.000000e+00 -1.000000e+00  0.000000e+00
   outer loop
     vertex -3.456411e-03 -4.190000e-01  2.501307e-03
     vertex -3.428814e-03 -4.190000e-01  3.009432e-03
     vertex -3.845715e-03 -4.190000e-01  2.769166e-03
   endloop
 endfacet
 facet normal -0.000000e+00 -1.000000e+00  0.000000e+00
   outer loop
     vertex -3.428814e-03 -4.190000e-01  3.009432e-03
     vertex -3.867947e-03 -4.190000e-01  3.263022e-03
     vertex -3.845715e-03 -4.190000e-01  2.769166e-03
   endloop
 endfacet
 facet normal  0.000000e+00 -1.000000e+00  0.000000e+00
   outer loop
     vertex -8.609534e-03 -4.190000e-01  2.687876e-03
     vertex -9.076075e-03 -4.190000e-01  2.471611e-03
     vertex -8.631689e-03 -4.190000e-01  2.171680e-03
   endloop
 endfacet
 facet normal  0.000000e+00 -1.000000e+00  0.000000e+00
   outer loop
     vertex -5.477757e-03 -4.190000e-01  1.367473e-03
     vertex -5.265845e-03 -4.190000e-01  9.149016e-04
     vertex -4.983228e-03 -4.190000e-01  1.354776e-03
   endloop
 endfacet
 facet normal -0.000000e+00 -1.000000e+00  0.000000e+00
   outer loop
     vertex -8.918777e-03 -4.190000e-01  9.220309e-03
     vertex -9.211646e-03 -4.190000e-01  9.551522e-03
     vertex -9.249565e-03 -4.190000e-01  9.009187e-03
   endloop
 endfacet
 facet normal  0.000000e+00 -1.000000e+00  0.000000e+00
   outer loop
     vertex -3.896569e-03 -4.190000e-01  4.238503e-03
     vertex -3.901746e-03 -4.190000e-01  4.735025e-03
     vertex -4.347436e-03 -4.190000e-01  4.476429e-03
   endloop
 endfacet
 facet normal  0.000000e+00 -1.000000e+00  0.000000e+00
   outer loop
     vertex -6.483794e-03 -4.190000e-01  1.366578e-03
     vertex -6.003856e-03 -4.190000e-01  1.367782e-03
     vertex -6.241445e-03 -4.190000e-01  1.827064e-03
   endloop
 endfacet
 facet normal  0.000000e+00 -1.000000e+00  0.000000e+00
   outer loop
     vertex -5.477757e-03 -4.190000e-01  1.367473e-03
     vertex -4.983228e-03 -4.190000e-01  1.354776e-03
     vertex -5.217945e-03 -4.190000e-01  1.822211e-03
   endloop
 endfacet
 facet normal  0.000000e+00 -1.000000e+00  0.000000e+00
   outer loop
     vertex -3.924569e-03 -4.190000e-01  8.302811e-03
     vertex -3.908243e-03 -4.190000e-01  8.801668e-03
     vertex -4.430577e-03 -4.190000e-01  8.635185e-03
   endloop
 endfacet
 facet normal -0.000000e+00 -1.000000e+00  0.000000e+00
   outer loop
     vertex -3.924569e-03 -4.190000e-01  8.302811e-03
     vertex -4.430577e-03 -4.190000e-01  8.635185e-03
     vertex -4.365943e-03 -4.190000e-01  8.075505e-03
   endloop
 endfacet
 facet normal  0.000000e+00 -1.000000e+00  0.000000e+00
   outer loop
     vertex -8.642014e-03 -4.190000e-01  4.737379e-03
     vertex -8.627143e-03 -4.190000e-01  4.234804e-03
     vertex -8.182450e-03 -4.190000e-01  4.493458e-03
   endloop
 endfacet
 facet normal  0.000000e+00 -1.000000e+00  0.000000e+00
   outer loop
     vertex -3.921915e-03 -4.190000e-01  6.260930e-03
     vertex -3.926054e-03 -4.190000e-01  6.768367e-03
     vertex -4.376863e-03 -4.190000e-01  6.519113e-03
   endloop
 endfacet
 facet normal -0.000000e+00 -1.000000e+00  0.000000e+00
   outer loop
     vertex -3.456411e-03 -4.190000e-01  2.501307e-03
     vertex -3.845715e-03 -4.190000e-01  2.769166e-03
     vertex -3.904493e-03 -4.190000e-01  2.286698e-03
   endloop
 endfacet
 facet normal  0.000000e+00 -1.000000e+00  0.000000e+00
   outer loop
     vertex -8.623484e-03 -4.190000e-01  3.214086e-03
     vertex -8.609534e-03 -4.190000e-01  2.687876e-03
     vertex -8.171962e-03 -4.190000e-01  2.947855e-03
   endloop
 endfacet
 facet normal  0.000000e+00 -1.000000e+00  0.000000e+00
   outer loop
     vertex -3.906785e-03 -4.190000e-01  5.254536e-03
     vertex -3.907303e-03 -4.190000e-01  5.754567e-03
     vertex -4.354601e-03 -4.190000e-01  5.497983e-03
   endloop
 endfacet
 facet normal  0.000000e+00 -1.000000e+00  0.000000e+00
   outer loop
     vertex -8.652526e-03 -4.190000e-01  6.772494e-03
     vertex -8.633134e-03 -4.190000e-01  6.260408e-03
     vertex -8.198847e-03 -4.190000e-01  6.525616e-03
   endloop
 endfacet
 facet normal  0.000000e+00 -1.000000e+00  0.000000e+00
   outer loop
     vertex -9.185988e-03 -4.190000e-01  8.529677e-03
     vertex -8.738877e-03 -4.190000e-01  8.340395e-03
     vertex -8.829974e-03 -4.190000e-01  8.808112e-03
   endloop
 endfacet
 facet normal  0.000000e+00 -1.000000e+00 -0.000000e+00
   outer loop
     vertex -8.638896e-03 -4.190000e-01  5.753662e-03
     vertex -8.642914e-03 -4.190000e-01  5.254250e-03
     vertex -8.189294e-03 -4.190000e-01  5.502955e-03
   endloop
 endfacet
 facet normal  0.000000e+00 -1.000000e+00 -0.000000e+00
   outer loop
     vertex -8.633134e-03 -4.190000e-01  6.260408e-03
     vertex -8.638896e-03 -4.190000e-01  5.753662e-03
     vertex -8.184874e-03 -4.190000e-01  5.998088e-03
   endloop
 endfacet
 facet normal  0.000000e+00 -1.000000e+00  0.000000e+00
   outer loop
     vertex -8.638896e-03 -4.190000e-01  5.753662e-03
     vertex -8.189294e-03 -4.190000e-01  5.502955e-03
     vertex -8.184874e-03 -4.190000e-01  5.998088e-03
   endloop
 endfacet
 facet normal  0.000000e+00 -1.000000e+00  0.000000e+00
   outer loop
     vertex -8.631150e-03 -4.190000e-01  3.727575e-03
     vertex -8.623484e-03 -4.190000e-01  3.214086e-03
     vertex -8.171402e-03 -4.190000e-01  3.470666e-03
   endloop
 endfacet
 facet normal  0.000000e+00 -1.000000e+00  0.000000e+00
   outer loop
     vertex -8.623484e-03 -4.190000e-01  3.214086e-03
     vertex -8.171962e-03 -4.190000e-01  2.947855e-03
     vertex -8.171402e-03 -4.190000e-01  3.470666e-03
   endloop
 endfacet
 facet normal  0.000000e+00 -1.000000e+00 -0.000000e+00
   outer loop
     vertex -8.627143e-03 -4.190000e-01  4.234804e-03
     vertex -8.631150e-03 -4.190000e-01  3.727575e-03
     vertex -8.181088e-03 -4.190000e-01  3.973396e-03
   endloop
 endfacet
 facet normal  0.000000e+00 -1.000000e+00 -0.000000e+00
   outer loop
     vertex -8.182450e-03 -4.190000e-01  4.493458e-03
     vertex -8.627143e-03 -4.190000e-01  4.234804e-03
     vertex -8.181088e-03 -4.190000e-01  3.973396e-03
   endloop
 endfacet
 facet normal  0.000000e+00 -1.000000e+00  0.000000e+00
   outer loop
     vertex -8.631150e-03 -4.190000e-01  3.727575e-03
     vertex -8.171402e-03 -4.190000e-01  3.470666e-03
     vertex -8.181088e-03 -4.190000e-01  3.973396e-03
   endloop
 endfacet
 facet normal  0.000000e+00 -1.000000e+00  0.000000e+00
   outer loop
     vertex -7.455437e-03 -4.190000e-01  1.348940e-03
     vertex -6.970726e-03 -4.190000e-01  1.352212e-03
     vertex -7.233866e-03 -4.190000e-01  1.774753e-03
   endloop
 endfacet
 facet normal -0.000000e+00 -1.000000e+00  0.000000e+00
   outer loop
     vertex -5.479686e-03 -4.190000e-01  8.678018e-03
     vertex -5.977938e-03 -4.190000e-01  8.686087e-03
     vertex -5.703263e-03 -4.190000e-01  8.216678e-03
   endloop
 endfacet
 facet normal -0.000000e+00 -1.000000e+00  0.000000e+00
   outer loop
     vertex -7.916930e-03 -4.190000e-01  8.607688e-03
     vertex -8.387956e-03 -4.190000e-01  8.693987e-03
     vertex -8.262074e-03 -4.190000e-01  8.187964e-03
   endloop
 endfacet
 facet normal  0.000000e+00 -1.000000e+00  0.000000e+00
   outer loop
     vertex -6.938875e-03 -4.190000e-01  8.647868e-03
     vertex -7.428219e-03 -4.190000e-01  8.598916e-03
     vertex -7.145026e-03 -4.190000e-01  8.162132e-03
   endloop
 endfacet
 facet normal -0.000000e+00 -1.000000e+00  0.000000e+00
   outer loop
     vertex -7.428219e-03 -4.190000e-01  8.598916e-03
     vertex -7.916930e-03 -4.190000e-01  8.607688e-03
     vertex -7.704260e-03 -4.190000e-01  8.037939e-03
   endloop
 endfacet
 facet normal  0.000000e+00 -1.000000e+00 -0.000000e+00
   outer loop
     vertex -7.916930e-03 -4.190000e-01  8.607688e-03
     vertex -8.262074e-03 -4.190000e-01  8.187964e-03
     vertex -7.704260e-03 -4.190000e-01  8.037939e-03
   endloop
 endfacet
 facet normal  0.000000e+00 -1.000000e+00  0.000000e+00
   outer loop
     vertex -8.659920e-03 -4.190000e-01  7.325608e-03
     vertex -8.652526e-03 -4.190000e-01  6.772494e-03
     vertex -8.184530e-03 -4.190000e-01  7.070572e-03
   endloop
 endfacet
 facet normal  0.000000e+00 -1.000000e+00  0.000000e+00
   outer loop
     vertex -8.652526e-03 -4.190000e-01  6.772494e-03
     vertex -8.198847e-03 -4.190000e-01  6.525616e-03
     vertex -8.184530e-03 -4.190000e-01  7.070572e-03
   endloop
 endfacet
 facet normal  0.000000e+00 -1.000000e+00  0.000000e+00
   outer loop
     vertex -9.249565e-03 -4.190000e-01  9.009187e-03
     vertex -9.185988e-03 -4.190000e-01  8.529677e-03
     vertex -8.829974e-03 -4.190000e-01  8.808112e-03
   endloop
 endfacet
 facet normal  0.000000e+00 -1.000000e+00  0.000000e+00
   outer loop
     vertex -3.884335e-03 -4.190000e-01  3.747126e-03
     vertex -3.896569e-03 -4.190000e-01  4.238503e-03
     vertex -4.336483e-03 -4.190000e-01  3.972012e-03
   endloop
 endfacet
 facet normal -0.000000e+00 -1.000000e+00  0.000000e+00
   outer loop
     vertex -3.896569e-03 -4.190000e-01  4.238503e-03
     vertex -4.347436e-03 -4.190000e-01  4.476429e-03
     vertex -4.336483e-03 -4.190000e-01  3.972012e-03
   endloop
 endfacet
 facet normal  0.000000e+00 -1.000000e+00  0.000000e+00
   outer loop
     vertex -3.904493e-03 -4.190000e-01  2.286698e-03
     vertex -3.845715e-03 -4.190000e-01  2.769166e-03
     vertex -4.215663e-03 -4.190000e-01  2.576906e-03
   endloop
 endfacet
 facet normal  0.000000e+00 -1.000000e+00  0.000000e+00
   outer loop
     vertex -3.900771e-03 -4.190000e-01  1.205374e-03
     vertex -4.049888e-03 -4.190000e-01  1.769117e-03
     vertex -4.459059e-03 -4.190000e-01  1.333637e-03
   endloop
 endfacet
 facet normal  0.000000e+00 -1.000000e+00  0.000000e+00
   outer loop
     vertex -4.680344e-03 -4.190000e-01  1.780445e-03
     vertex -4.459059e-03 -4.190000e-01  1.333637e-03
     vertex -4.049888e-03 -4.190000e-01  1.769117e-03
   endloop
 endfacet
 facet normal  0.000000e+00 -1.000000e+00  0.000000e+00
   outer loop
     vertex -3.914631e-03 -4.190000e-01  7.791770e-03
     vertex -3.924569e-03 -4.190000e-01  8.302811e-03
     vertex -4.365943e-03 -4.190000e-01  8.075505e-03
   endloop
 endfacet
 facet normal  0.000000e+00 -1.000000e+00  0.000000e+00
   outer loop
     vertex -7.923554e-03 -4.190000e-01  1.347193e-03
     vertex -7.455437e-03 -4.190000e-01  1.348940e-03
     vertex -7.742482e-03 -4.190000e-01  1.789615e-03
   endloop
 endfacet
 facet normal  0.000000e+00 -1.000000e+00  0.000000e+00
   outer loop
     vertex -7.455437e-03 -4.190000e-01  1.348940e-03
     vertex -7.233866e-03 -4.190000e-01  1.774753e-03
     vertex -7.742482e-03 -4.190000e-01  1.789615e-03
   endloop
 endfacet
 facet normal  0.000000e+00 -1.000000e+00  0.000000e+00
   outer loop
     vertex -8.642914e-03 -4.190000e-01  5.254250e-03
     vertex -8.642014e-03 -4.190000e-01  4.737379e-03
     vertex -8.173183e-03 -4.190000e-01  4.987694e-03
   endloop
 endfacet
 facet normal  0.000000e+00 -1.000000e+00  0.000000e+00
   outer loop
     vertex -8.642014e-03 -4.190000e-01  4.737379e-03
     vertex -8.182450e-03 -4.190000e-01  4.493458e-03
     vertex -8.173183e-03 -4.190000e-01  4.987694e-03
   endloop
 endfacet
 facet normal  0.000000e+00 -1.000000e+00  0.000000e+00
   outer loop
     vertex -4.996501e-03 -4.190000e-01  8.685154e-03
     vertex -5.479686e-03 -4.190000e-01  8.678018e-03
     vertex -5.223022e-03 -4.190000e-01  8.225632e-03
   endloop
 endfacet
 facet normal  0.000000e+00 -1.000000e+00 -0.000000e+00
   outer loop
     vertex -5.479686e-03 -4.190000e-01  8.678018e-03
     vertex -5.703263e-03 -4.190000e-01  8.216678e-03
     vertex -5.223022e-03 -4.190000e-01  8.225632e-03
   endloop
 endfacet
 facet normal  0.000000e+00 -1.000000e+00  0.000000e+00
   outer loop
     vertex -3.927100e-03 -4.190000e-01  7.277560e-03
     vertex -3.914631e-03 -4.190000e-01  7.791770e-03
     vertex -4.386107e-03 -4.190000e-01  7.533774e-03
   endloop
 endfacet
 facet normal -0.000000e+00 -1.000000e+00  0.000000e+00
   outer loop
     vertex -3.914631e-03 -4.190000e-01  7.791770e-03
     vertex -4.365943e-03 -4.190000e-01  8.075505e-03
     vertex -4.386107e-03 -4.190000e-01  7.533774e-03
   endloop
 endfacet
 facet normal  0.000000e+00 -1.000000e+00  0.000000e+00
   outer loop
     vertex -3.503766e-03 -4.190000e-01  2.002419e-03
     vertex -3.456411e-03 -4.190000e-01  2.501307e-03
     vertex -3.904493e-03 -4.190000e-01  2.286698e-03
   endloop
 endfacet
 facet normal  0.000000e+00 -1.000000e+00  0.000000e+00
   outer loop
     vertex -8.676126e-03 -4.190000e-01  7.837640e-03
     vertex -8.659920e-03 -4.190000e-01  7.325608e-03
     vertex -8.206438e-03 -4.190000e-01  7.621389e-03
   endloop
 endfacet
 facet normal  0.000000e+00 -1.000000e+00  0.000000e+00
   outer loop
     vertex -8.659920e-03 -4.190000e-01  7.325608e-03
     vertex -8.184530e-03 -4.190000e-01  7.070572e-03
     vertex -8.206438e-03 -4.190000e-01  7.621389e-03
   endloop
 endfacet
 facet normal  0.000000e+00 -1.000000e+00  0.000000e+00
   outer loop
     vertex -3.901746e-03 -4.190000e-01  4.735025e-03
     vertex -3.906785e-03 -4.190000e-01  5.254536e-03
     vertex -4.347707e-03 -4.190000e-01  4.986640e-03
   endloop
 endfacet
 facet normal -0.000000e+00 -1.000000e+00  0.000000e+00
   outer loop
     vertex -3.906785e-03 -4.190000e-01  5.254536e-03
     vertex -4.354601e-03 -4.190000e-01  5.497983e-03
     vertex -4.347707e-03 -4.190000e-01  4.986640e-03
   endloop
 endfacet
 facet normal  0.000000e+00 -1.000000e+00  0.000000e+00
   outer loop
     vertex -6.970726e-03 -4.190000e-01  1.352212e-03
     vertex -6.483794e-03 -4.190000e-01  1.366578e-03
     vertex -6.734236e-03 -4.190000e-01  1.790018e-03
   endloop
 endfacet
 facet normal  0.000000e+00 -1.000000e+00  0.000000e+00
   outer loop
     vertex -6.483794e-03 -4.190000e-01  1.366578e-03
     vertex -6.241445e-03 -4.190000e-01  1.827064e-03
     vertex -6.734236e-03 -4.190000e-01  1.790018e-03
   endloop
 endfacet
 facet normal  0.000000e+00 -1.000000e+00  0.000000e+00
   outer loop
     vertex -6.456014e-03 -4.190000e-01  8.680291e-03
     vertex -6.938875e-03 -4.190000e-01  8.647868e-03
     vertex -6.670466e-03 -4.190000e-01  8.246824e-03
   endloop
 endfacet
 facet normal  0.000000e+00 -1.000000e+00 -0.000000e+00
   outer loop
     vertex -6.938875e-03 -4.190000e-01  8.647868e-03
     vertex -7.145026e-03 -4.190000e-01  8.162132e-03
     vertex -6.670466e-03 -4.190000e-01  8.246824e-03
   endloop
 endfacet
 facet normal  0.000000e+00 -1.000000e+00  0.000000e+00
   outer loop
     vertex -6.003856e-03 -4.190000e-01  1.367782e-03
     vertex -5.477757e-03 -4.190000e-01  1.367473e-03
     vertex -5.737019e-03 -4.190000e-01  1.860129e-03
   endloop
 endfacet
 facet normal  0.000000e+00 -1.000000e+00  0.000000e+00
   outer loop
     vertex -5.477757e-03 -4.190000e-01  1.367473e-03
     vertex -5.217945e-03 -4.190000e-01  1.822211e-03
     vertex -5.737019e-03 -4.190000e-01  1.860129e-03
   endloop
 endfacet
 facet normal  0.000000e+00 -1.000000e+00  0.000000e+00
   outer loop
     vertex -3.907303e-03 -4.190000e-01  5.754567e-03
     vertex -3.921915e-03 -4.190000e-01  6.260930e-03
     vertex -4.364214e-03 -4.190000e-01  6.007078e-03
   endloop
 endfacet
 facet normal -0.000000e+00 -1.000000e+00  0.000000e+00
   outer loop
     vertex -3.921915e-03 -4.190000e-01  6.260930e-03
     vertex -4.376863e-03 -4.190000e-01  6.519113e-03
     vertex -4.364214e-03 -4.190000e-01  6.007078e-03
   endloop
 endfacet
 facet normal  0.000000e+00 -1.000000e+00  0.000000e+00
   outer loop
     vertex -3.926054e-03 -4.190000e-01  6.768367e-03
     vertex -3.927100e-03 -4.190000e-01  7.277560e-03
     vertex -4.387215e-03 -4.190000e-01  7.031187e-03
   endloop
 endfacet
 facet normal  0.000000e+00 -1.000000e+00  0.000000e+00
   outer loop
     vertex -4.376863e-03 -4.190000e-01  6.519113e-03
     vertex -3.926054e-03 -4.190000e-01  6.768367e-03
     vertex -4.387215e-03 -4.190000e-01  7.031187e-03
   endloop
 endfacet
 facet normal -0.000000e+00 -1.000000e+00  0.000000e+00
   outer loop
     vertex -3.927100e-03 -4.190000e-01  7.277560e-03
     vertex -4.386107e-03 -4.190000e-01  7.533774e-03
     vertex -4.387215e-03 -4.190000e-01  7.031187e-03
   endloop
 endfacet
 facet normal  0.000000e+00 -1.000000e+00  0.000000e+00
   outer loop
     vertex -5.977938e-03 -4.190000e-01  8.686087e-03
     vertex -6.456014e-03 -4.190000e-01  8.680291e-03
     vertex -6.188584e-03 -4.190000e-01  8.269087e-03
   endloop
 endfacet
 facet normal  0.000000e+00 -1.000000e+00 -0.000000e+00
   outer loop
     vertex -6.456014e-03 -4.190000e-01  8.680291e-03
     vertex -6.670466e-03 -4.190000e-01  8.246824e-03
     vertex -6.188584e-03 -4.190000e-01  8.269087e-03
   endloop
 endfacet
 facet normal  0.000000e+00 -1.000000e+00 -0.000000e+00
   outer loop
     vertex -8.631689e-03 -4.190000e-01  2.171680e-03
     vertex -8.711879e-03 -4.190000e-01  1.695238e-03
     vertex -8.235710e-03 -4.190000e-01  1.793341e-03
   endloop
 endfacet
 facet normal  0.000000e+00 -1.000000e+00  0.000000e+00
   outer loop
     vertex -8.829974e-03 -4.190000e-01  8.808112e-03
     vertex -8.738877e-03 -4.190000e-01  8.340395e-03
     vertex -8.387956e-03 -4.190000e-01  8.693987e-03
   endloop
 endfacet
 facet normal -0.000000e+00 -1.000000e+00  0.000000e+00
   outer loop
     vertex -3.503766e-03 -4.190000e-01  2.002419e-03
     vertex -3.904493e-03 -4.190000e-01  2.286698e-03
     vertex -4.049888e-03 -4.190000e-01  1.769117e-03
   endloop
 endfacet
 facet normal  0.000000e+00 -1.000000e+00 -0.000000e+00
   outer loop
     vertex -8.387956e-03 -4.190000e-01  8.693987e-03
     vertex -8.738877e-03 -4.190000e-01  8.340395e-03
     vertex -8.262074e-03 -4.190000e-01  8.187964e-03
   endloop
 endfacet
 facet normal  0.000000e+00 -1.000000e+00  0.000000e+00
   outer loop
     vertex -4.347436e-03 -4.190000e-01  4.476429e-03
     vertex -3.901746e-03 -4.190000e-01  4.735025e-03
     vertex -4.347707e-03 -4.190000e-01  4.986640e-03
   endloop
 endfacet
 facet normal -0.000000e+00 -1.000000e+00  0.000000e+00
   outer loop
     vertex -7.145026e-03 -4.190000e-01  8.162132e-03
     vertex -7.428219e-03 -4.190000e-01  8.598916e-03
     vertex -7.704260e-03 -4.190000e-01  8.037939e-03
   endloop
 endfacet
 facet normal -0.000000e+00 -1.000000e+00  0.000000e+00
   outer loop
     vertex -3.907303e-03 -4.190000e-01  5.754567e-03
     vertex -4.364214e-03 -4.190000e-01  6.007078e-03
     vertex -4.354601e-03 -4.190000e-01  5.497983e-03
   endloop
 endfacet
 facet normal  0.000000e+00 -1.000000e+00  0.000000e+00
   outer loop
     vertex -4.049888e-03 -4.190000e-01  1.769117e-03
     vertex -3.904493e-03 -4.190000e-01  2.286698e-03
     vertex -4.412719e-03 -4.190000e-01  2.192726e-03
   endloop
 endfacet
 facet normal  0.000000e+00 -1.000000e+00  0.000000e+00
   outer loop
     vertex -4.680344e-03 -4.190000e-01  1.780445e-03
     vertex -4.049888e-03 -4.190000e-01  1.769117e-03
     vertex -4.412719e-03 -4.190000e-01  2.192726e-03
   endloop
 endfacet
 facet normal -0.000000e+00 -1.000000e+00  0.000000e+00
   outer loop
     vertex -3.904493e-03 -4.190000e-01  2.286698e-03
     vertex -4.215663e-03 -4.190000e-01  2.576906e-03
     vertex -4.412719e-03 -4.190000e-01  2.192726e-03
   endloop
 endfacet
 facet normal  0.000000e+00 -1.000000e+00  0.000000e+00
   outer loop
     vertex -7.923554e-03 -4.190000e-01  1.347193e-03
     vertex -7.742482e-03 -4.190000e-01  1.789615e-03
     vertex -8.235710e-03 -4.190000e-01  1.793341e-03
   endloop
 endfacet
 facet normal  0.000000e+00 -1.000000e+00 -0.000000e+00
   outer loop
     vertex -8.189294e-03 -4.190000e-01  5.502955e-03
     vertex -8.642914e-03 -4.190000e-01  5.254250e-03
     vertex -8.173183e-03 -4.190000e-01  4.987694e-03
   endloop
 endfacet
 facet normal -0.000000e+00 -1.000000e+00  0.000000e+00
   outer loop
     vertex -4.430577e-03 -4.190000e-01  8.635185e-03
     vertex -4.996501e-03 -4.190000e-01  8.685154e-03
     vertex -4.771415e-03 -4.190000e-01  8.290156e-03
   endloop
 endfacet
 facet normal  0.000000e+00 -1.000000e+00 -0.000000e+00
   outer loop
     vertex -8.198847e-03 -4.190000e-01  6.525616e-03
     vertex -8.633134e-03 -4.190000e-01  6.260408e-03
     vertex -8.184874e-03 -4.190000e-01  5.998088e-03
   endloop
 endfacet
 facet normal  0.000000e+00 -1.000000e+00  0.000000e+00
   outer loop
     vertex -6.970726e-03 -4.190000e-01  1.352212e-03
     vertex -6.734236e-03 -4.190000e-01  1.790018e-03
     vertex -7.233866e-03 -4.190000e-01  1.774753e-03
   endloop
 endfacet
 facet normal  0.000000e+00 -1.000000e+00  0.000000e+00
   outer loop
     vertex -6.241445e-03 -4.190000e-01  1.827064e-03
     vertex -6.003856e-03 -4.190000e-01  1.367782e-03
     vertex -5.737019e-03 -4.190000e-01  1.860129e-03
   endloop
 endfacet
 facet normal  0.000000e+00 -1.000000e+00 -0.000000e+00
   outer loop
     vertex -8.711879e-03 -4.190000e-01  1.695238e-03
     vertex -8.807914e-03 -4.190000e-01  1.280945e-03
     vertex -8.373579e-03 -4.190000e-01  1.326058e-03
   endloop
 endfacet
 facet normal  0.000000e+00 -1.000000e+00 -0.000000e+00
   outer loop
     vertex -4.430577e-03 -4.190000e-01  8.635185e-03
     vertex -4.771415e-03 -4.190000e-01  8.290156e-03
     vertex -4.365943e-03 -4.190000e-01  8.075505e-03
   endloop
 endfacet
 facet normal  0.000000e+00 -1.000000e+00  0.000000e+00
   outer loop
     vertex -5.703263e-03 -4.190000e-01  8.216678e-03
     vertex -5.977938e-03 -4.190000e-01  8.686087e-03
     vertex -6.188584e-03 -4.190000e-01  8.269087e-03
   endloop
 endfacet
 facet normal  0.000000e+00 -1.000000e+00  0.000000e+00
   outer loop
     vertex -4.983228e-03 -4.190000e-01  1.354776e-03
     vertex -4.459059e-03 -4.190000e-01  1.333637e-03
     vertex -4.680344e-03 -4.190000e-01  1.780445e-03
   endloop
 endfacet
 facet normal  0.000000e+00 -1.000000e+00  0.000000e+00
   outer loop
     vertex -4.983228e-03 -4.190000e-01  1.354776e-03
     vertex -4.680344e-03 -4.190000e-01  1.780445e-03
     vertex -5.217945e-03 -4.190000e-01  1.822211e-03
   endloop
 endfacet
 facet normal  0.000000e+00 -1.000000e+00  0.000000e+00
   outer loop
     vertex -4.215663e-03 -4.190000e-01  2.576906e-03
     vertex -3.845715e-03 -4.190000e-01  2.769166e-03
     vertex -4.273482e-03 -4.190000e-01  2.999868e-03
   endloop
 endfacet
 facet normal  0.000000e+00 -1.000000e+00  0.000000e+00
   outer loop
     vertex -3.845715e-03 -4.190000e-01  2.769166e-03
     vertex -3.867947e-03 -4.190000e-01  3.263022e-03
     vertex -4.273482e-03 -4.190000e-01  2.999868e-03
   endloop
 endfacet
 facet normal  0.000000e+00 -1.000000e+00 -0.000000e+00
   outer loop
     vertex -8.171962e-03 -4.190000e-01  2.947855e-03
     vertex -8.609534e-03 -4.190000e-01  2.687876e-03
     vertex -8.106137e-03 -4.190000e-01  2.328818e-03
   endloop
 endfacet
 facet normal  0.000000e+00 -1.000000e+00 -0.000000e+00
   outer loop
     vertex -8.609534e-03 -4.190000e-01  2.687876e-03
     vertex -8.631689e-03 -4.190000e-01  2.171680e-03
     vertex -8.106137e-03 -4.190000e-01  2.328818e-03
   endloop
 endfacet
 facet normal  0.000000e+00 -1.000000e+00  0.000000e+00
   outer loop
     vertex -3.867947e-03 -4.190000e-01  3.263022e-03
     vertex -3.884335e-03 -4.190000e-01  3.747126e-03
     vertex -4.315172e-03 -4.190000e-01  3.474655e-03
   endloop
 endfacet
 facet normal -0.000000e+00 -1.000000e+00  0.000000e+00
   outer loop
     vertex -3.884335e-03 -4.190000e-01  3.747126e-03
     vertex -4.336483e-03 -4.190000e-01  3.972012e-03
     vertex -4.315172e-03 -4.190000e-01  3.474655e-03
   endloop
 endfacet
 facet normal -0.000000e+00 -1.000000e+00  0.000000e+00
   outer loop
     vertex -8.262074e-03 -4.190000e-01  8.187964e-03
     vertex -8.738877e-03 -4.190000e-01  8.340395e-03
     vertex -8.676126e-03 -4.190000e-01  7.837640e-03
   endloop
 endfacet
 facet normal -0.000000e+00 -1.000000e+00  0.000000e+00
   outer loop
     vertex -4.771415e-03 -4.190000e-01  8.290156e-03
     vertex -4.996501e-03 -4.190000e-01  8.685154e-03
     vertex -5.223022e-03 -4.190000e-01  8.225632e-03
   endloop
 endfacet
 facet normal  0.000000e+00 -1.000000e+00 -0.000000e+00
   outer loop
     vertex -8.262074e-03 -4.190000e-01  8.187964e-03
     vertex -8.676126e-03 -4.190000e-01  7.837640e-03
     vertex -8.206438e-03 -4.190000e-01  7.621389e-03
   endloop
 endfacet
 facet normal  0.000000e+00 -1.000000e+00  0.000000e+00
   outer loop
     vertex -8.106137e-03 -4.190000e-01  2.328818e-03
     vertex -8.631689e-03 -4.190000e-01  2.171680e-03
     vertex -8.235710e-03 -4.190000e-01  1.793341e-03
   endloop
 endfacet
 facet normal  0.000000e+00 -1.000000e+00  0.000000e+00
   outer loop
     vertex -8.262074e-03 -4.190000e-01  8.187964e-03
     vertex -8.206438e-03 -4.190000e-01  7.621389e-03
     vertex -7.704260e-03 -4.190000e-01  8.037939e-03
   endloop
 endfacet
 facet normal  0.000000e+00 -1.000000e+00  0.000000e+00
   outer loop
     vertex -7.733237e-03 -4.190000e-01  7.351121e-03
     vertex -7.704260e-03 -4.190000e-01  8.037939e-03
     vertex -8.206438e-03 -4.190000e-01  7.621389e-03
   endloop
 endfacet
 facet normal  0.000000e+00 -1.000000e+00  0.000000e+00
   outer loop
     vertex -8.711879e-03 -4.190000e-01  1.695238e-03
     vertex -8.373579e-03 -4.190000e-01  1.326058e-03
     vertex -8.235710e-03 -4.190000e-01  1.793341e-03
   endloop
 endfacet
 facet normal  0.000000e+00 -1.000000e+00  0.000000e+00
   outer loop
     vertex -4.347436e-03 -4.190000e-01  4.476429e-03
     vertex -4.347707e-03 -4.190000e-01  4.986640e-03
     vertex -4.807164e-03 -4.190000e-01  4.718099e-03
   endloop
 endfacet
 facet normal -0.000000e+00 -1.000000e+00  0.000000e+00
   outer loop
     vertex -5.703263e-03 -4.190000e-01  8.216678e-03
     vertex -6.188584e-03 -4.190000e-01  8.269087e-03
     vertex -5.974164e-03 -4.190000e-01  7.799723e-03
   endloop
 endfacet
 facet normal  0.000000e+00 -1.000000e+00 -0.000000e+00
   outer loop
     vertex -8.184874e-03 -4.190000e-01  5.998088e-03
     vertex -8.189294e-03 -4.190000e-01  5.502955e-03
     vertex -7.703331e-03 -4.190000e-01  5.748008e-03
   endloop
 endfacet
 facet normal  0.000000e+00 -1.000000e+00 -0.000000e+00
   outer loop
     vertex -8.918777e-03 -4.190000e-01  9.220309e-03
     vertex -9.249565e-03 -4.190000e-01  9.009187e-03
     vertex -8.829974e-03 -4.190000e-01  8.808112e-03
   endloop
 endfacet
 facet normal  0.000000e+00 -1.000000e+00  0.000000e+00
   outer loop
     vertex -8.235710e-03 -4.190000e-01  1.793341e-03
     vertex -7.742482e-03 -4.190000e-01  1.789615e-03
     vertex -8.106137e-03 -4.190000e-01  2.328818e-03
   endloop
 endfacet
 facet normal -0.000000e+00 -1.000000e+00  0.000000e+00
   outer loop
     vertex -7.507266e-03 -4.190000e-01  2.199393e-03
     vertex -8.106137e-03 -4.190000e-01  2.328818e-03
     vertex -7.742482e-03 -4.190000e-01  1.789615e-03
   endloop
 endfacet
 facet normal  0.000000e+00 -1.000000e+00  0.000000e+00
   outer loop
     vertex -8.198847e-03 -4.190000e-01  6.525616e-03
     vertex -8.184874e-03 -4.190000e-01  5.998088e-03
     vertex -7.715786e-03 -4.190000e-01  6.248086e-03
   endloop
 endfacet
 facet normal  0.000000e+00 -1.000000e+00  0.000000e+00
   outer loop
     vertex -8.184874e-03 -4.190000e-01  5.998088e-03
     vertex -7.703331e-03 -4.190000e-01  5.748008e-03
     vertex -7.715786e-03 -4.190000e-01  6.248086e-03
   endloop
 endfacet
 facet normal  0.000000e+00 -1.000000e+00  0.000000e+00
   outer loop
     vertex -7.233866e-03 -4.190000e-01  1.774753e-03
     vertex -6.734236e-03 -4.190000e-01  1.790018e-03
     vertex -6.995132e-03 -4.190000e-01  2.184475e-03
   endloop
 endfacet
 facet normal  0.000000e+00 -1.000000e+00 -0.000000e+00
   outer loop
     vertex -8.171402e-03 -4.190000e-01  3.470666e-03
     vertex -8.171962e-03 -4.190000e-01  2.947855e-03
     vertex -7.702666e-03 -4.190000e-01  3.234262e-03
   endloop
 endfacet
 facet normal -0.000000e+00 -1.000000e+00  0.000000e+00
   outer loop
     vertex -4.365943e-03 -4.190000e-01  8.075505e-03
     vertex -4.771415e-03 -4.190000e-01  8.290156e-03
     vertex -4.846362e-03 -4.190000e-01  7.828710e-03
   endloop
 endfacet
 facet normal  0.000000e+00 -1.000000e+00  0.000000e+00
   outer loop
     vertex -4.386107e-03 -4.190000e-01  7.533774e-03
     vertex -4.365943e-03 -4.190000e-01  8.075505e-03
     vertex -4.846362e-03 -4.190000e-01  7.828710e-03
   endloop
 endfacet
 facet normal  0.000000e+00 -1.000000e+00  0.000000e+00
   outer loop
     vertex -4.771415e-03 -4.190000e-01  8.290156e-03
     vertex -5.223022e-03 -4.190000e-01  8.225632e-03
     vertex -4.846362e-03 -4.190000e-01  7.828710e-03
   endloop
 endfacet
 facet normal  0.000000e+00 -1.000000e+00  0.000000e+00
   outer loop
     vertex -7.145026e-03 -4.190000e-01  8.162132e-03
     vertex -7.704260e-03 -4.190000e-01  8.037939e-03
     vertex -7.241893e-03 -4.190000e-01  7.594053e-03
   endloop
 endfacet
 facet normal  0.000000e+00 -1.000000e+00 -0.000000e+00
   outer loop
     vertex -7.704260e-03 -4.190000e-01  8.037939e-03
     vertex -7.733237e-03 -4.190000e-01  7.351121e-03
     vertex -7.241893e-03 -4.190000e-01  7.594053e-03
   endloop
 endfacet
 facet normal  0.000000e+00 -1.000000e+00  0.000000e+00
   outer loop
     vertex -4.354601e-03 -4.190000e-01  5.497983e-03
     vertex -4.364214e-03 -4.190000e-01  6.007078e-03
     vertex -4.815904e-03 -4.190000e-01  5.745864e-03
   endloop
 endfacet
 facet normal  0.000000e+00 -1.000000e+00 -0.000000e+00
   outer loop
     vertex -8.184530e-03 -4.190000e-01  7.070572e-03
     vertex -8.198847e-03 -4.190000e-01  6.525616e-03
     vertex -7.701719e-03 -4.190000e-01  6.782719e-03
   endloop
 endfacet
 facet normal  0.000000e+00 -1.000000e+00  0.000000e+00
   outer loop
     vertex -8.198847e-03 -4.190000e-01  6.525616e-03
     vertex -7.715786e-03 -4.190000e-01  6.248086e-03
     vertex -7.701719e-03 -4.190000e-01  6.782719e-03
   endloop
 endfacet
 facet normal  0.000000e+00 -1.000000e+00  0.000000e+00
   outer loop
     vertex -4.336483e-03 -4.190000e-01  3.972012e-03
     vertex -4.347436e-03 -4.190000e-01  4.476429e-03
     vertex -4.801904e-03 -4.190000e-01  4.200854e-03
   endloop
 endfacet
 facet normal -0.000000e+00 -1.000000e+00  0.000000e+00
   outer loop
     vertex -4.347436e-03 -4.190000e-01  4.476429e-03
     vertex -4.807164e-03 -4.190000e-01  4.718099e-03
     vertex -4.801904e-03 -4.190000e-01  4.200854e-03
   endloop
 endfacet
 facet normal  0.000000e+00 -1.000000e+00  0.000000e+00
   outer loop
     vertex -5.217945e-03 -4.190000e-01  1.822211e-03
     vertex -4.680344e-03 -4.190000e-01  1.780445e-03
     vertex -4.932192e-03 -4.190000e-01  2.243060e-03
   endloop
 endfacet
 facet normal  0.000000e+00 -1.000000e+00  0.000000e+00
   outer loop
     vertex -7.742482e-03 -4.190000e-01  1.789615e-03
     vertex -7.233866e-03 -4.190000e-01  1.774753e-03
     vertex -7.507266e-03 -4.190000e-01  2.199393e-03
   endloop
 endfacet
 facet normal  0.000000e+00 -1.000000e+00 -0.000000e+00
   outer loop
     vertex -8.173183e-03 -4.190000e-01  4.987694e-03
     vertex -8.182450e-03 -4.190000e-01  4.493458e-03
     vertex -7.713932e-03 -4.190000e-01  4.741275e-03
   endloop
 endfacet
 facet normal  0.000000e+00 -1.000000e+00  0.000000e+00
   outer loop
     vertex -5.223022e-03 -4.190000e-01  8.225632e-03
     vertex -5.703263e-03 -4.190000e-01  8.216678e-03
     vertex -5.392436e-03 -4.190000e-01  7.665328e-03
   endloop
 endfacet
 facet normal  0.000000e+00 -1.000000e+00 -0.000000e+00
   outer loop
     vertex -5.703263e-03 -4.190000e-01  8.216678e-03
     vertex -5.974164e-03 -4.190000e-01  7.799723e-03
     vertex -5.392436e-03 -4.190000e-01  7.665328e-03
   endloop
 endfacet
 facet normal  0.000000e+00 -1.000000e+00  0.000000e+00
   outer loop
     vertex -8.206438e-03 -4.190000e-01  7.621389e-03
     vertex -8.184530e-03 -4.190000e-01  7.070572e-03
     vertex -7.733237e-03 -4.190000e-01  7.351121e-03
   endloop
 endfacet
 facet normal  0.000000e+00 -1.000000e+00  0.000000e+00
   outer loop
     vertex -4.347707e-03 -4.190000e-01  4.986640e-03
     vertex -4.354601e-03 -4.190000e-01  5.497983e-03
     vertex -4.801134e-03 -4.190000e-01  5.234397e-03
   endloop
 endfacet
 facet normal -0.000000e+00 -1.000000e+00  0.000000e+00
   outer loop
     vertex -4.354601e-03 -4.190000e-01  5.497983e-03
     vertex -4.815904e-03 -4.190000e-01  5.745864e-03
     vertex -4.801134e-03 -4.190000e-01  5.234397e-03
   endloop
 endfacet
 facet normal  0.000000e+00 -1.000000e+00  0.000000e+00
   outer loop
     vertex -6.670466e-03 -4.190000e-01  8.246824e-03
     vertex -7.145026e-03 -4.190000e-01  8.162132e-03
     vertex -6.787319e-03 -4.190000e-01  7.760914e-03
   endloop
 endfacet
 facet normal  0.000000e+00 -1.000000e+00 -0.000000e+00
   outer loop
     vertex -7.145026e-03 -4.190000e-01  8.162132e-03
     vertex -7.241893e-03 -4.190000e-01  7.594053e-03
     vertex -6.787319e-03 -4.190000e-01  7.760914e-03
   endloop
 endfacet
 facet normal  0.000000e+00 -1.000000e+00  0.000000e+00
   outer loop
     vertex -5.737019e-03 -4.190000e-01  1.860129e-03
     vertex -5.217945e-03 -4.190000e-01  1.822211e-03
     vertex -5.475785e-03 -4.190000e-01  2.326403e-03
   endloop
 endfacet
 facet normal  0.000000e+00 -1.000000e+00  0.000000e+00
   outer loop
     vertex -5.217945e-03 -4.190000e-01  1.822211e-03
     vertex -4.932192e-03 -4.190000e-01  2.243060e-03
     vertex -5.475785e-03 -4.190000e-01  2.326403e-03
   endloop
 endfacet
 facet normal  0.000000e+00 -1.000000e+00  0.000000e+00
   outer loop
     vertex -8.171962e-03 -4.190000e-01  2.947855e-03
     vertex -8.106137e-03 -4.190000e-01  2.328818e-03
     vertex -7.691125e-03 -4.190000e-01  2.719316e-03
   endloop
 endfacet
 facet normal  0.000000e+00 -1.000000e+00 -0.000000e+00
   outer loop
     vertex -7.702666e-03 -4.190000e-01  3.234262e-03
     vertex -8.171962e-03 -4.190000e-01  2.947855e-03
     vertex -7.691125e-03 -4.190000e-01  2.719316e-03
   endloop
 endfacet
 facet normal  0.000000e+00 -1.000000e+00  0.000000e+00
   outer loop
     vertex -8.106137e-03 -4.190000e-01  2.328818e-03
     vertex -7.507266e-03 -4.190000e-01  2.199393e-03
     vertex -7.691125e-03 -4.190000e-01  2.719316e-03
   endloop
 endfacet
 facet normal  0.000000e+00 -1.000000e+00  0.000000e+00
   outer loop
     vertex -6.241445e-03 -4.190000e-01  1.827064e-03
     vertex -5.737019e-03 -4.190000e-01  1.860129e-03
     vertex -5.999609e-03 -4.190000e-01  2.330383e-03
   endloop
 endfacet
 facet normal  0.000000e+00 -1.000000e+00  0.000000e+00
   outer loop
     vertex -5.737019e-03 -4.190000e-01  1.860129e-03
     vertex -5.475785e-03 -4.190000e-01  2.326403e-03
     vertex -5.999609e-03 -4.190000e-01  2.330383e-03
   endloop
 endfacet
 facet normal  0.000000e+00 -1.000000e+00  0.000000e+00
   outer loop
     vertex -4.807164e-03 -4.190000e-01  4.718099e-03
     vertex -4.347707e-03 -4.190000e-01  4.986640e-03
     vertex -4.801134e-03 -4.190000e-01  5.234397e-03
   endloop
 endfacet
 facet normal  0.000000e+00 -1.000000e+00 -0.000000e+00
   outer loop
     vertex -7.733237e-03 -4.190000e-01  7.351121e-03
     vertex -8.184530e-03 -4.190000e-01  7.070572e-03
     vertex -7.701719e-03 -4.190000e-01  6.782719e-03
   endloop
 endfacet
 facet normal  0.000000e+00 -1.000000e+00  0.000000e+00
   outer loop
     vertex -7.233866e-03 -4.190000e-01  1.774753e-03
     vertex -6.995132e-03 -4.190000e-01  2.184475e-03
     vertex -7.507266e-03 -4.190000e-01  2.199393e-03
   endloop
 endfacet
 facet normal -0.000000e+00 -1.000000e+00  0.000000e+00
   outer loop
     vertex -4.846362e-03 -4.190000e-01  7.828710e-03
     vertex -5.223022e-03 -4.190000e-01  8.225632e-03
     vertex -5.392436e-03 -4.190000e-01  7.665328e-03
   endloop
 endfacet
 facet normal  0.000000e+00 -1.000000e+00  0.000000e+00
   outer loop
     vertex -4.376863e-03 -4.190000e-01  6.519113e-03
     vertex -4.387215e-03 -4.190000e-01  7.031187e-03
     vertex -4.848252e-03 -4.190000e-01  6.784461e-03
   endloop
 endfacet
 facet normal  0.000000e+00 -1.000000e+00  0.000000e+00
   outer loop
     vertex -8.189294e-03 -4.190000e-01  5.502955e-03
     vertex -8.173183e-03 -4.190000e-01  4.987694e-03
     vertex -7.690762e-03 -4.190000e-01  5.233928e-03
   endloop
 endfacet
 facet normal  0.000000e+00 -1.000000e+00  0.000000e+00
   outer loop
     vertex -6.995132e-03 -4.190000e-01  2.184475e-03
     vertex -6.734236e-03 -4.190000e-01  1.790018e-03
     vertex -6.509732e-03 -4.190000e-01  2.259565e-03
   endloop
 endfacet
 facet normal  0.000000e+00 -1.000000e+00  0.000000e+00
   outer loop
     vertex -6.734236e-03 -4.190000e-01  1.790018e-03
     vertex -6.241445e-03 -4.190000e-01  1.827064e-03
     vertex -6.509732e-03 -4.190000e-01  2.259565e-03
   endloop
 endfacet
 facet normal  0.000000e+00 -1.000000e+00  0.000000e+00
   outer loop
     vertex -4.215663e-03 -4.190000e-01  2.576906e-03
     vertex -4.273482e-03 -4.190000e-01  2.999868e-03
     vertex -4.636023e-03 -4.190000e-01  2.662986e-03
   endloop
 endfacet
 facet normal  0.000000e+00 -1.000000e+00  0.000000e+00
   outer loop
     vertex -6.241445e-03 -4.190000e-01  1.827064e-03
     vertex -5.999609e-03 -4.190000e-01  2.330383e-03
     vertex -6.509732e-03 -4.190000e-01  2.259565e-03
   endloop
 endfacet
 facet normal  0.000000e+00 -1.000000e+00  0.000000e+00
   outer loop
     vertex -8.173183e-03 -4.190000e-01  4.987694e-03
     vertex -7.713932e-03 -4.190000e-01  4.741275e-03
     vertex -7.690762e-03 -4.190000e-01  5.233928e-03
   endloop
 endfacet
 facet normal  0.000000e+00 -1.000000e+00 -0.000000e+00
   outer loop
     vertex -7.703331e-03 -4.190000e-01  5.748008e-03
     vertex -8.189294e-03 -4.190000e-01  5.502955e-03
     vertex -7.690762e-03 -4.190000e-01  5.233928e-03
   endloop
 endfacet
 facet normal -0.000000e+00 -1.000000e+00  0.000000e+00
   outer loop
     vertex -4.386107e-03 -4.190000e-01  7.533774e-03
     vertex -4.846362e-03 -4.190000e-01  7.828710e-03
     vertex -4.871077e-03 -4.190000e-01  7.312836e-03
   endloop
 endfacet
 facet normal  0.000000e+00 -1.000000e+00  0.000000e+00
   outer loop
     vertex -8.181088e-03 -4.190000e-01  3.973396e-03
     vertex -8.171402e-03 -4.190000e-01  3.470666e-03
     vertex -7.708829e-03 -4.190000e-01  3.728043e-03
   endloop
 endfacet
 facet normal  0.000000e+00 -1.000000e+00  0.000000e+00
   outer loop
     vertex -8.171402e-03 -4.190000e-01  3.470666e-03
     vertex -7.702666e-03 -4.190000e-01  3.234262e-03
     vertex -7.708829e-03 -4.190000e-01  3.728043e-03
   endloop
 endfacet
 facet normal  0.000000e+00 -1.000000e+00  0.000000e+00
   outer loop
     vertex -4.273482e-03 -4.190000e-01  2.999868e-03
     vertex -3.867947e-03 -4.190000e-01  3.263022e-03
     vertex -4.315172e-03 -4.190000e-01  3.474655e-03
   endloop
 endfacet
 facet normal  0.000000e+00 -1.000000e+00  0.000000e+00
   outer loop
     vertex -4.680344e-03 -4.190000e-01  1.780445e-03
     vertex -4.412719e-03 -4.190000e-01  2.192726e-03
     vertex -4.932192e-03 -4.190000e-01  2.243060e-03
   endloop
 endfacet
 facet normal  0.000000e+00 -1.000000e+00  0.000000e+00
   outer loop
     vertex -4.315172e-03 -4.190000e-01  3.474655e-03
     vertex -4.336483e-03 -4.190000e-01  3.972012e-03
     vertex -4.777802e-03 -4.190000e-01  3.679023e-03
   endloop
 endfacet
 facet normal -0.000000e+00 -1.000000e+00  0.000000e+00
   outer loop
     vertex -4.336483e-03 -4.190000e-01  3.972012e-03
     vertex -4.801904e-03 -4.190000e-01  4.200854e-03
     vertex -4.777802e-03 -4.190000e-01  3.679023e-03
   endloop
 endfacet
 facet normal  0.000000e+00 -1.000000e+00  0.000000e+00
   outer loop
     vertex -7.713932e-03 -4.190000e-01  4.741275e-03
     vertex -8.182450e-03 -4.190000e-01  4.493458e-03
     vertex -7.718015e-03 -4.190000e-01  4.225838e-03
   endloop
 endfacet
 facet normal  0.000000e+00 -1.000000e+00  0.000000e+00
   outer loop
     vertex -8.182450e-03 -4.190000e-01  4.493458e-03
     vertex -8.181088e-03 -4.190000e-01  3.973396e-03
     vertex -7.718015e-03 -4.190000e-01  4.225838e-03
   endloop
 endfacet
 facet normal  0.000000e+00 -1.000000e+00  0.000000e+00
   outer loop
     vertex -6.188584e-03 -4.190000e-01  8.269087e-03
     vertex -6.670466e-03 -4.190000e-01  8.246824e-03
     vertex -6.397897e-03 -4.190000e-01  7.909500e-03
   endloop
 endfacet
 facet normal -0.000000e+00 -1.000000e+00  0.000000e+00
   outer loop
     vertex -4.215663e-03 -4.190000e-01  2.576906e-03
     vertex -4.636023e-03 -4.190000e-01  2.662986e-03
     vertex -4.412719e-03 -4.190000e-01  2.192726e-03
   endloop
 endfacet
 facet normal  0.000000e+00 -1.000000e+00  0.000000e+00
   outer loop
     vertex -4.364214e-03 -4.190000e-01  6.007078e-03
     vertex -4.376863e-03 -4.190000e-01  6.519113e-03
     vertex -4.830533e-03 -4.190000e-01  6.261931e-03
   endloop
 endfacet
 facet normal  0.000000e+00 -1.000000e+00  0.000000e+00
   outer loop
     vertex -4.387215e-03 -4.190000e-01  7.031187e-03
     vertex -4.386107e-03 -4.190000e-01  7.533774e-03
     vertex -4.871077e-03 -4.190000e-01  7.312836e-03
   endloop
 endfacet
 facet normal -0.000000e+00 -1.000000e+00  0.000000e+00
   outer loop
     vertex -4.364214e-03 -4.190000e-01  6.007078e-03
     vertex -4.830533e-03 -4.190000e-01  6.261931e-03
     vertex -4.815904e-03 -4.190000e-01  5.745864e-03
   endloop
 endfacet
 facet normal  0.000000e+00 -1.000000e+00 -0.000000e+00
   outer loop
     vertex -6.188584e-03 -4.190000e-01  8.269087e-03
     vertex -6.397897e-03 -4.190000e-01  7.909500e-03
     vertex -5.974164e-03 -4.190000e-01  7.799723e-03
   endloop
 endfacet
 facet normal  0.000000e+00 -1.000000e+00  0.000000e+00
   outer loop
     vertex -4.830533e-03 -4.190000e-01  6.261931e-03
     vertex -4.376863e-03 -4.190000e-01  6.519113e-03
     vertex -4.848252e-03 -4.190000e-01  6.784461e-03
   endloop
 endfacet
 facet normal  0.000000e+00 -1.000000e+00  0.000000e+00
   outer loop
     vertex -4.830533e-03 -4.190000e-01  6.261931e-03
     vertex -4.848252e-03 -4.190000e-01  6.784461e-03
     vertex -5.304263e-03 -4.190000e-01  6.522642e-03
   endloop
 endfacet
 facet normal  0.000000e+00 -1.000000e+00 -0.000000e+00
   outer loop
     vertex -6.670466e-03 -4.190000e-01  8.246824e-03
     vertex -6.787319e-03 -4.190000e-01  7.760914e-03
     vertex -6.397897e-03 -4.190000e-01  7.909500e-03
   endloop
 endfacet
 facet normal  0.000000e+00 -1.000000e+00 -0.000000e+00
   outer loop
     vertex -7.690762e-03 -4.190000e-01  5.233928e-03
     vertex -7.713932e-03 -4.190000e-01  4.741275e-03
     vertex -7.216702e-03 -4.190000e-01  4.988161e-03
   endloop
 endfacet
 facet normal -0.000000e+00 -1.000000e+00  0.000000e+00
   outer loop
     vertex -7.923554e-03 -4.190000e-01  1.347193e-03
     vertex -8.235710e-03 -4.190000e-01  1.793341e-03
     vertex -8.373579e-03 -4.190000e-01  1.326058e-03
   endloop
 endfacet
 facet normal  0.000000e+00 -1.000000e+00  0.000000e+00
   outer loop
     vertex -7.703331e-03 -4.190000e-01  5.748008e-03
     vertex -7.690762e-03 -4.190000e-01  5.233928e-03
     vertex -7.229379e-03 -4.190000e-01  5.480421e-03
   endloop
 endfacet
 facet normal  0.000000e+00 -1.000000e+00  0.000000e+00
   outer loop
     vertex -7.690762e-03 -4.190000e-01  5.233928e-03
     vertex -7.216702e-03 -4.190000e-01  4.988161e-03
     vertex -7.229379e-03 -4.190000e-01  5.480421e-03
   endloop
 endfacet
 facet normal  0.000000e+00 -1.000000e+00  0.000000e+00
   outer loop
     vertex -4.848252e-03 -4.190000e-01  6.784461e-03
     vertex -4.387215e-03 -4.190000e-01  7.031187e-03
     vertex -4.871077e-03 -4.190000e-01  7.312836e-03
   endloop
 endfacet
 facet normal  0.000000e+00 -1.000000e+00  0.000000e+00
   outer loop
     vertex -5.999609e-03 -4.190000e-01  2.330383e-03
     vertex -5.475785e-03 -4.190000e-01  2.326403e-03
     vertex -5.725739e-03 -4.190000e-01  2.921353e-03
   endloop
 endfacet
 facet normal  0.000000e+00 -1.000000e+00  0.000000e+00
   outer loop
     vertex -4.815904e-03 -4.190000e-01  5.745864e-03
     vertex -4.830533e-03 -4.190000e-01  6.261931e-03
     vertex -5.286782e-03 -4.190000e-01  5.988731e-03
   endloop
 endfacet
 facet normal -0.000000e+00 -1.000000e+00  0.000000e+00
   outer loop
     vertex -4.830533e-03 -4.190000e-01  6.261931e-03
     vertex -5.304263e-03 -4.190000e-01  6.522642e-03
     vertex -5.286782e-03 -4.190000e-01  5.988731e-03
   endloop
 endfacet
 facet normal  0.000000e+00 -1.000000e+00  0.000000e+00
   outer loop
     vertex -6.995132e-03 -4.190000e-01  2.184475e-03
     vertex -6.509732e-03 -4.190000e-01  2.259565e-03
     vertex -6.809059e-03 -4.190000e-01  2.665714e-03
   endloop
 endfacet
 facet normal -0.000000e+00 -1.000000e+00  0.000000e+00
   outer loop
     vertex -5.392436e-03 -4.190000e-01  7.665328e-03
     vertex -5.974164e-03 -4.190000e-01  7.799723e-03
     vertex -5.863533e-03 -4.190000e-01  7.281518e-03
   endloop
 endfacet
 facet normal  0.000000e+00 -1.000000e+00  0.000000e+00
   outer loop
     vertex -7.715786e-03 -4.190000e-01  6.248086e-03
     vertex -7.703331e-03 -4.190000e-01  5.748008e-03
     vertex -7.225385e-03 -4.190000e-01  5.971091e-03
   endloop
 endfacet
 facet normal  0.000000e+00 -1.000000e+00  0.000000e+00
   outer loop
     vertex -7.703331e-03 -4.190000e-01  5.748008e-03
     vertex -7.229379e-03 -4.190000e-01  5.480421e-03
     vertex -7.225385e-03 -4.190000e-01  5.971091e-03
   endloop
 endfacet
 facet normal  0.000000e+00 -1.000000e+00  0.000000e+00
   outer loop
     vertex -6.509732e-03 -4.190000e-01  2.259565e-03
     vertex -5.999609e-03 -4.190000e-01  2.330383e-03
     vertex -6.327806e-03 -4.190000e-01  2.765968e-03
   endloop
 endfacet
 facet normal  0.000000e+00 -1.000000e+00  0.000000e+00
   outer loop
     vertex -6.809059e-03 -4.190000e-01  2.665714e-03
     vertex -6.509732e-03 -4.190000e-01  2.259565e-03
     vertex -6.327806e-03 -4.190000e-01  2.765968e-03
   endloop
 endfacet
 facet normal  0.000000e+00 -1.000000e+00  0.000000e+00
   outer loop
     vertex -5.999609e-03 -4.190000e-01  2.330383e-03
     vertex -5.725739e-03 -4.190000e-01  2.921353e-03
     vertex -6.327806e-03 -4.190000e-01  2.765968e-03
   endloop
 endfacet
 facet normal  0.000000e+00 -1.000000e+00  0.000000e+00
   outer loop
     vertex -4.871077e-03 -4.190000e-01  7.312836e-03
     vertex -4.846362e-03 -4.190000e-01  7.828710e-03
     vertex -5.392436e-03 -4.190000e-01  7.665328e-03
   endloop
 endfacet
 facet normal  0.000000e+00 -1.000000e+00  0.000000e+00
   outer loop
     vertex -4.273482e-03 -4.190000e-01  2.999868e-03
     vertex -4.315172e-03 -4.190000e-01  3.474655e-03
     vertex -4.741487e-03 -4.190000e-01  3.159008e-03
   endloop
 endfacet
 facet normal  0.000000e+00 -1.000000e+00  0.000000e+00
   outer loop
     vertex -4.636023e-03 -4.190000e-01  2.662986e-03
     vertex -4.273482e-03 -4.190000e-01  2.999868e-03
     vertex -4.741487e-03 -4.190000e-01  3.159008e-03
   endloop
 endfacet
 facet normal -0.000000e+00 -1.000000e+00  0.000000e+00
   outer loop
     vertex -4.315172e-03 -4.190000e-01  3.474655e-03
     vertex -4.777802e-03 -4.190000e-01  3.679023e-03
     vertex -4.741487e-03 -4.190000e-01  3.159008e-03
   endloop
 endfacet
 facet normal  0.000000e+00 -1.000000e+00 -0.000000e+00
   outer loop
     vertex -7.701719e-03 -4.190000e-01  6.782719e-03
     vertex -7.715786e-03 -4.190000e-01  6.248086e-03
     vertex -7.236266e-03 -4.190000e-01  6.505591e-03
   endloop
 endfacet
 facet normal  0.000000e+00 -1.000000e+00  0.000000e+00
   outer loop
     vertex -7.715786e-03 -4.190000e-01  6.248086e-03
     vertex -7.225385e-03 -4.190000e-01  5.971091e-03
     vertex -7.236266e-03 -4.190000e-01  6.505591e-03
   endloop
 endfacet
 facet normal -0.000000e+00 -1.000000e+00  0.000000e+00
   outer loop
     vertex -5.974164e-03 -4.190000e-01  7.799723e-03
     vertex -6.397897e-03 -4.190000e-01  7.909500e-03
     vertex -6.351691e-03 -4.190000e-01  7.485512e-03
   endloop
 endfacet
 facet normal  0.000000e+00 -1.000000e+00  0.000000e+00
   outer loop
     vertex -5.863533e-03 -4.190000e-01  7.281518e-03
     vertex -5.974164e-03 -4.190000e-01  7.799723e-03
     vertex -6.351691e-03 -4.190000e-01  7.485512e-03
   endloop
 endfacet
 facet normal  0.000000e+00 -1.000000e+00 -0.000000e+00
   outer loop
     vertex -6.397897e-03 -4.190000e-01  7.909500e-03
     vertex -6.787319e-03 -4.190000e-01  7.760914e-03
     vertex -6.351691e-03 -4.190000e-01  7.485512e-03
   endloop
 endfacet
 facet normal  0.000000e+00 -1.000000e+00  0.000000e+00
   outer loop
     vertex -7.507266e-03 -4.190000e-01  2.199393e-03
     vertex -6.995132e-03 -4.190000e-01  2.184475e-03
     vertex -7.250134e-03 -4.190000e-01  2.547941e-03
   endloop
 endfacet
 facet normal  0.000000e+00 -1.000000e+00  0.000000e+00
   outer loop
     vertex -7.691125e-03 -4.190000e-01  2.719316e-03
     vertex -7.507266e-03 -4.190000e-01  2.199393e-03
     vertex -7.250134e-03 -4.190000e-01  2.547941e-03
   endloop
 endfacet
 facet normal  0.000000e+00 -1.000000e+00  0.000000e+00
   outer loop
     vertex -6.995132e-03 -4.190000e-01  2.184475e-03
     vertex -6.809059e-03 -4.190000e-01  2.665714e-03
     vertex -7.250134e-03 -4.190000e-01  2.547941e-03
   endloop
 endfacet
 facet normal  0.000000e+00 -1.000000e+00  0.000000e+00
   outer loop
     vertex -4.801904e-03 -4.190000e-01  4.200854e-03
     vertex -4.807164e-03 -4.190000e-01  4.718099e-03
     vertex -5.273485e-03 -4.190000e-01  4.442014e-03
   endloop
 endfacet
 facet normal  0.000000e+00 -1.000000e+00  0.000000e+00
   outer loop
     vertex -7.733237e-03 -4.190000e-01  7.351121e-03
     vertex -7.701719e-03 -4.190000e-01  6.782719e-03
     vertex -7.256678e-03 -4.190000e-01  7.019484e-03
   endloop
 endfacet
 facet normal  0.000000e+00 -1.000000e+00  0.000000e+00
   outer loop
     vertex -7.241893e-03 -4.190000e-01  7.594053e-03
     vertex -7.733237e-03 -4.190000e-01  7.351121e-03
     vertex -7.256678e-03 -4.190000e-01  7.019484e-03
   endloop
 endfacet
 facet normal  0.000000e+00 -1.000000e+00  0.000000e+00
   outer loop
     vertex -7.701719e-03 -4.190000e-01  6.782719e-03
     vertex -7.236266e-03 -4.190000e-01  6.505591e-03
     vertex -7.256678e-03 -4.190000e-01  7.019484e-03
   endloop
 endfacet
 facet normal  0.000000e+00 -1.000000e+00  0.000000e+00
   outer loop
     vertex -4.932192e-03 -4.190000e-01  2.243060e-03
     vertex -4.412719e-03 -4.190000e-01  2.192726e-03
     vertex -4.636023e-03 -4.190000e-01  2.662986e-03
   endloop
 endfacet
 facet normal  0.000000e+00 -1.000000e+00  0.000000e+00
   outer loop
     vertex -4.801134e-03 -4.190000e-01  5.234397e-03
     vertex -4.815904e-03 -4.190000e-01  5.745864e-03
     vertex -5.284417e-03 -4.190000e-01  5.487158e-03
   endloop
 endfacet
 facet normal -0.000000e+00 -1.000000e+00  0.000000e+00
   outer loop
     vertex -4.815904e-03 -4.190000e-01  5.745864e-03
     vertex -5.286782e-03 -4.190000e-01  5.988731e-03
     vertex -5.284417e-03 -4.190000e-01  5.487158e-03
   endloop
 endfacet
 facet normal  0.000000e+00 -1.000000e+00  0.000000e+00
   outer loop
     vertex -6.787319e-03 -4.190000e-01  7.760914e-03
     vertex -7.241893e-03 -4.190000e-01  7.594053e-03
     vertex -6.808180e-03 -4.190000e-01  7.266890e-03
   endloop
 endfacet
 facet normal  0.000000e+00 -1.000000e+00 -0.000000e+00
   outer loop
     vertex -7.241893e-03 -4.190000e-01  7.594053e-03
     vertex -7.256678e-03 -4.190000e-01  7.019484e-03
     vertex -6.808180e-03 -4.190000e-01  7.266890e-03
   endloop
 endfacet
 facet normal  0.000000e+00 -1.000000e+00  0.000000e+00
   outer loop
     vertex -4.807164e-03 -4.190000e-01  4.718099e-03
     vertex -4.801134e-03 -4.190000e-01  5.234397e-03
     vertex -5.280875e-03 -4.190000e-01  4.960139e-03
   endloop
 endfacet
 facet normal  0.000000e+00 -1.000000e+00  0.000000e+00
   outer loop
     vertex -5.273485e-03 -4.190000e-01  4.442014e-03
     vertex -4.807164e-03 -4.190000e-01  4.718099e-03
     vertex -5.280875e-03 -4.190000e-01  4.960139e-03
   endloop
 endfacet
 facet normal -0.000000e+00 -1.000000e+00  0.000000e+00
   outer loop
     vertex -4.801134e-03 -4.190000e-01  5.234397e-03
     vertex -5.284417e-03 -4.190000e-01  5.487158e-03
     vertex -5.280875e-03 -4.190000e-01  4.960139e-03
   endloop
 endfacet
 facet normal  0.000000e+00 -1.000000e+00  0.000000e+00
   outer loop
     vertex -5.475785e-03 -4.190000e-01  2.326403e-03
     vertex -4.932192e-03 -4.190000e-01  2.243060e-03
     vertex -5.149349e-03 -4.190000e-01  2.792502e-03
   endloop
 endfacet
 facet normal  0.000000e+00 -1.000000e+00  0.000000e+00
   outer loop
     vertex -5.725739e-03 -4.190000e-01  2.921353e-03
     vertex -5.475785e-03 -4.190000e-01  2.326403e-03
     vertex -5.149349e-03 -4.190000e-01  2.792502e-03
   endloop
 endfacet
 facet normal  0.000000e+00 -1.000000e+00  0.000000e+00
   outer loop
     vertex -4.932192e-03 -4.190000e-01  2.243060e-03
     vertex -4.636023e-03 -4.190000e-01  2.662986e-03
     vertex -5.149349e-03 -4.190000e-01  2.792502e-03
   endloop
 endfacet
 facet normal  0.000000e+00 -1.000000e+00  0.000000e+00
   outer loop
     vertex -5.863533e-03 -4.190000e-01  7.281518e-03
     vertex -5.337591e-03 -4.190000e-01  7.052977e-03
     vertex -5.392436e-03 -4.190000e-01  7.665328e-03
   endloop
 endfacet
 facet normal  0.000000e+00 -1.000000e+00 -0.000000e+00
   outer loop
     vertex -7.216702e-03 -4.190000e-01  4.988161e-03
     vertex -7.713932e-03 -4.190000e-01  4.741275e-03
     vertex -7.198275e-03 -4.190000e-01  4.482404e-03
   endloop
 endfacet
 facet normal  0.000000e+00 -1.000000e+00 -0.000000e+00
   outer loop
     vertex -7.713932e-03 -4.190000e-01  4.741275e-03
     vertex -7.718015e-03 -4.190000e-01  4.225838e-03
     vertex -7.198275e-03 -4.190000e-01  4.482404e-03
   endloop
 endfacet
 facet normal  0.000000e+00 -1.000000e+00 -0.000000e+00
   outer loop
     vertex -6.787319e-03 -4.190000e-01  7.760914e-03
     vertex -6.808180e-03 -4.190000e-01  7.266890e-03
     vertex -6.351691e-03 -4.190000e-01  7.485512e-03
   endloop
 endfacet
 facet normal  0.000000e+00 -1.000000e+00  0.000000e+00
   outer loop
     vertex -7.708829e-03 -4.190000e-01  3.728043e-03
     vertex -7.702666e-03 -4.190000e-01  3.234262e-03
     vertex -7.231320e-03 -4.190000e-01  3.476111e-03
   endloop
 endfacet
 facet normal  0.000000e+00 -1.000000e+00  0.000000e+00
   outer loop
     vertex -8.181088e-03 -4.190000e-01  3.973396e-03
     vertex -7.708829e-03 -4.190000e-01  3.728043e-03
     vertex -7.718015e-03 -4.190000e-01  4.225838e-03
   endloop
 endfacet
 facet normal  0.000000e+00 -1.000000e+00  0.000000e+00
   outer loop
     vertex -4.777802e-03 -4.190000e-01  3.679023e-03
     vertex -4.801904e-03 -4.190000e-01  4.200854e-03
     vertex -5.269925e-03 -4.190000e-01  3.909384e-03
   endloop
 endfacet
 facet normal -0.000000e+00 -1.000000e+00  0.000000e+00
   outer loop
     vertex -4.801904e-03 -4.190000e-01  4.200854e-03
     vertex -5.273485e-03 -4.190000e-01  4.442014e-03
     vertex -5.269925e-03 -4.190000e-01  3.909384e-03
   endloop
 endfacet
 facet normal  0.000000e+00 -1.000000e+00  0.000000e+00
   outer loop
     vertex -4.636023e-03 -4.190000e-01  2.662986e-03
     vertex -4.741487e-03 -4.190000e-01  3.159008e-03
     vertex -5.149349e-03 -4.190000e-01  2.792502e-03
   endloop
 endfacet
 facet normal  0.000000e+00 -1.000000e+00  0.000000e+00
   outer loop
     vertex -4.848252e-03 -4.190000e-01  6.784461e-03
     vertex -4.871077e-03 -4.190000e-01  7.312836e-03
     vertex -5.337591e-03 -4.190000e-01  7.052977e-03
   endloop
 endfacet
 facet normal  0.000000e+00 -1.000000e+00  0.000000e+00
   outer loop
     vertex -5.304263e-03 -4.190000e-01  6.522642e-03
     vertex -4.848252e-03 -4.190000e-01  6.784461e-03
     vertex -5.337591e-03 -4.190000e-01  7.052977e-03
   endloop
 endfacet
 facet normal  0.000000e+00 -1.000000e+00  0.000000e+00
   outer loop
     vertex -7.702666e-03 -4.190000e-01  3.234262e-03
     vertex -7.691125e-03 -4.190000e-01  2.719316e-03
     vertex -7.246184e-03 -4.190000e-01  2.997207e-03
   endloop
 endfacet
 facet normal  0.000000e+00 -1.000000e+00  0.000000e+00
   outer loop
     vertex -7.231320e-03 -4.190000e-01  3.476111e-03
     vertex -7.702666e-03 -4.190000e-01  3.234262e-03
     vertex -7.246184e-03 -4.190000e-01  2.997207e-03
   endloop
 endfacet
 facet normal  0.000000e+00 -1.000000e+00  0.000000e+00
   outer loop
     vertex -7.691125e-03 -4.190000e-01  2.719316e-03
     vertex -7.250134e-03 -4.190000e-01  2.547941e-03
     vertex -7.246184e-03 -4.190000e-01  2.997207e-03
   endloop
 endfacet
 facet normal -0.000000e+00 -1.000000e+00  0.000000e+00
   outer loop
     vertex -4.871077e-03 -4.190000e-01  7.312836e-03
     vertex -5.392436e-03 -4.190000e-01  7.665328e-03
     vertex -5.337591e-03 -4.190000e-01  7.052977e-03
   endloop
 endfacet
 facet normal -0.000000e+00 -1.000000e+00  0.000000e+00
   outer loop
     vertex -5.337591e-03 -4.190000e-01  7.052977e-03
     vertex -5.863533e-03 -4.190000e-01  7.281518e-03
     vertex -5.794458e-03 -4.190000e-01  6.763788e-03
   endloop
 endfacet
 facet normal  0.000000e+00 -1.000000e+00 -0.000000e+00
   outer loop
     vertex -7.225385e-03 -4.190000e-01  5.971091e-03
     vertex -7.229379e-03 -4.190000e-01  5.480421e-03
     vertex -6.759040e-03 -4.190000e-01  5.717646e-03
   endloop
 endfacet
 facet normal  0.000000e+00 -1.000000e+00  0.000000e+00
   outer loop
     vertex -5.286782e-03 -4.190000e-01  5.988731e-03
     vertex -5.304263e-03 -4.190000e-01  6.522642e-03
     vertex -5.776279e-03 -4.190000e-01  6.230670e-03
   endloop
 endfacet
 facet normal -0.000000e+00 -1.000000e+00  0.000000e+00
   outer loop
     vertex -5.863533e-03 -4.190000e-01  7.281518e-03
     vertex -6.351691e-03 -4.190000e-01  7.485512e-03
     vertex -6.302077e-03 -4.190000e-01  6.994152e-03
   endloop
 endfacet
 facet normal  0.000000e+00 -1.000000e+00  0.000000e+00
   outer loop
     vertex -5.794458e-03 -4.190000e-01  6.763788e-03
     vertex -5.863533e-03 -4.190000e-01  7.281518e-03
     vertex -6.302077e-03 -4.190000e-01  6.994152e-03
   endloop
 endfacet
 facet normal  0.000000e+00 -1.000000e+00 -0.000000e+00
   outer loop
     vertex -6.351691e-03 -4.190000e-01  7.485512e-03
     vertex -6.808180e-03 -4.190000e-01  7.266890e-03
     vertex -6.302077e-03 -4.190000e-01  6.994152e-03
   endloop
 endfacet
 facet normal  0.000000e+00 -1.000000e+00  0.000000e+00
   outer loop
     vertex -7.236266e-03 -4.190000e-01  6.505591e-03
     vertex -7.225385e-03 -4.190000e-01  5.971091e-03
     vertex -6.764186e-03 -4.190000e-01  6.219219e-03
   endloop
 endfacet
 facet normal  0.000000e+00 -1.000000e+00  0.000000e+00
   outer loop
     vertex -7.225385e-03 -4.190000e-01  5.971091e-03
     vertex -6.759040e-03 -4.190000e-01  5.717646e-03
     vertex -6.764186e-03 -4.190000e-01  6.219219e-03
   endloop
 endfacet
 facet normal  0.000000e+00 -1.000000e+00  0.000000e+00
   outer loop
     vertex -7.718015e-03 -4.190000e-01  4.225838e-03
     vertex -7.708829e-03 -4.190000e-01  3.728043e-03
     vertex -7.228826e-03 -4.190000e-01  3.956416e-03
   endloop
 endfacet
 facet normal  0.000000e+00 -1.000000e+00  0.000000e+00
   outer loop
     vertex -7.198275e-03 -4.190000e-01  4.482404e-03
     vertex -7.718015e-03 -4.190000e-01  4.225838e-03
     vertex -7.228826e-03 -4.190000e-01  3.956416e-03
   endloop
 endfacet
 facet normal  0.000000e+00 -1.000000e+00  0.000000e+00
   outer loop
     vertex -7.708829e-03 -4.190000e-01  3.728043e-03
     vertex -7.231320e-03 -4.190000e-01  3.476111e-03
     vertex -7.228826e-03 -4.190000e-01  3.956416e-03
   endloop
 endfacet
 facet normal  0.000000e+00 -1.000000e+00  0.000000e+00
   outer loop
     vertex -4.741487e-03 -4.190000e-01  3.159008e-03
     vertex -4.777802e-03 -4.190000e-01  3.679023e-03
     vertex -5.242211e-03 -4.190000e-01  3.344007e-03
   endloop
 endfacet
 facet normal -0.000000e+00 -1.000000e+00  0.000000e+00
   outer loop
     vertex -4.777802e-03 -4.190000e-01  3.679023e-03
     vertex -5.269925e-03 -4.190000e-01  3.909384e-03
     vertex -5.242211e-03 -4.190000e-01  3.344007e-03
   endloop
 endfacet
 facet normal  0.000000e+00 -1.000000e+00  0.000000e+00
   outer loop
     vertex -7.256678e-03 -4.190000e-01  7.019484e-03
     vertex -7.236266e-03 -4.190000e-01  6.505591e-03
     vertex -6.786601e-03 -4.190000e-01  6.724116e-03
   endloop
 endfacet
 facet normal  0.000000e+00 -1.000000e+00 -0.000000e+00
   outer loop
     vertex -6.808180e-03 -4.190000e-01  7.266890e-03
     vertex -7.256678e-03 -4.190000e-01  7.019484e-03
     vertex -6.786601e-03 -4.190000e-01  6.724116e-03
   endloop
 endfacet
 facet normal  0.000000e+00 -1.000000e+00  0.000000e+00
   outer loop
     vertex -7.236266e-03 -4.190000e-01  6.505591e-03
     vertex -6.764186e-03 -4.190000e-01  6.219219e-03
     vertex -6.786601e-03 -4.190000e-01  6.724116e-03
   endloop
 endfacet
 facet normal  0.000000e+00 -1.000000e+00  0.000000e+00
   outer loop
     vertex -5.284417e-03 -4.190000e-01  5.487158e-03
     vertex -5.286782e-03 -4.190000e-01  5.988731e-03
     vertex -5.766265e-03 -4.190000e-01  5.725895e-03
   endloop
 endfacet
 facet normal -0.000000e+00 -1.000000e+00  0.000000e+00
   outer loop
     vertex -5.286782e-03 -4.190000e-01  5.988731e-03
     vertex -5.776279e-03 -4.190000e-01  6.230670e-03
     vertex -5.766265e-03 -4.190000e-01  5.725895e-03
   endloop
 endfacet
 facet normal  0.000000e+00 -1.000000e+00  0.000000e+00
   outer loop
     vertex -5.304263e-03 -4.190000e-01  6.522642e-03
     vertex -5.337591e-03 -4.190000e-01  7.052977e-03
     vertex -5.794458e-03 -4.190000e-01  6.763788e-03
   endloop
 endfacet
 facet normal  0.000000e+00 -1.000000e+00  0.000000e+00
   outer loop
     vertex -5.149349e-03 -4.190000e-01  2.792502e-03
     vertex -4.741487e-03 -4.190000e-01  3.159008e-03
     vertex -5.242211e-03 -4.190000e-01  3.344007e-03
   endloop
 endfacet
 facet normal  0.000000e+00 -1.000000e+00  0.000000e+00
   outer loop
     vertex -5.149349e-03 -4.190000e-01  2.792502e-03
     vertex -5.242211e-03 -4.190000e-01  3.344007e-03
     vertex -5.725739e-03 -4.190000e-01  2.921353e-03
   endloop
 endfacet
 facet normal  0.000000e+00 -1.000000e+00  0.000000e+00
   outer loop
     vertex -5.727745e-03 -4.190000e-01  3.586529e-03
     vertex -5.725739e-03 -4.190000e-01  2.921353e-03
     vertex -5.242211e-03 -4.190000e-01  3.344007e-03
   endloop
 endfacet
 facet normal -0.000000e+00 -1.000000e+00  0.000000e+00
   outer loop
     vertex -5.304263e-03 -4.190000e-01  6.522642e-03
     vertex -5.794458e-03 -4.190000e-01  6.763788e-03
     vertex -5.776279e-03 -4.190000e-01  6.230670e-03
   endloop
 endfacet
 facet normal  0.000000e+00 -1.000000e+00 -0.000000e+00
   outer loop
     vertex -6.759040e-03 -4.190000e-01  5.717646e-03
     vertex -7.229379e-03 -4.190000e-01  5.480421e-03
     vertex -6.754822e-03 -4.190000e-01  5.231102e-03
   endloop
 endfacet
 facet normal  0.000000e+00 -1.000000e+00  0.000000e+00
   outer loop
     vertex -7.229379e-03 -4.190000e-01  5.480421e-03
     vertex -7.216702e-03 -4.190000e-01  4.988161e-03
     vertex -6.754822e-03 -4.190000e-01  5.231102e-03
   endloop
 endfacet
 facet normal  0.000000e+00 -1.000000e+00  0.000000e+00
   outer loop
     vertex -6.327806e-03 -4.190000e-01  2.765968e-03
     vertex -5.725739e-03 -4.190000e-01  2.921353e-03
     vertex -6.233608e-03 -4.190000e-01  3.342850e-03
   endloop
 endfacet
 facet normal  0.000000e+00 -1.000000e+00  0.000000e+00
   outer loop
     vertex -5.725739e-03 -4.190000e-01  2.921353e-03
     vertex -5.727745e-03 -4.190000e-01  3.586529e-03
     vertex -6.233608e-03 -4.190000e-01  3.342850e-03
   endloop
 endfacet
 facet normal  0.000000e+00 -1.000000e+00 -0.000000e+00
   outer loop
     vertex -7.228826e-03 -4.190000e-01  3.956416e-03
     vertex -7.231320e-03 -4.190000e-01  3.476111e-03
     vertex -6.725896e-03 -4.190000e-01  3.673045e-03
   endloop
 endfacet
 facet normal  0.000000e+00 -1.000000e+00  0.000000e+00
   outer loop
     vertex -5.269925e-03 -4.190000e-01  3.909384e-03
     vertex -5.273485e-03 -4.190000e-01  4.442014e-03
     vertex -5.743353e-03 -4.190000e-01  4.173401e-03
   endloop
 endfacet
 facet normal -0.000000e+00 -1.000000e+00  0.000000e+00
   outer loop
     vertex -6.302077e-03 -4.190000e-01  6.994152e-03
     vertex -6.808180e-03 -4.190000e-01  7.266890e-03
     vertex -6.786601e-03 -4.190000e-01  6.724116e-03
   endloop
 endfacet
 facet normal  0.000000e+00 -1.000000e+00  0.000000e+00
   outer loop
     vertex -6.809059e-03 -4.190000e-01  2.665714e-03
     vertex -6.327806e-03 -4.190000e-01  2.765968e-03
     vertex -6.757643e-03 -4.190000e-01  3.154965e-03
   endloop
 endfacet
 facet normal  0.000000e+00 -1.000000e+00  0.000000e+00
   outer loop
     vertex -6.757643e-03 -4.190000e-01  3.154965e-03
     vertex -7.246184e-03 -4.190000e-01  2.997207e-03
     vertex -6.809059e-03 -4.190000e-01  2.665714e-03
   endloop
 endfacet
 facet normal  0.000000e+00 -1.000000e+00  0.000000e+00
   outer loop
     vertex -6.327806e-03 -4.190000e-01  2.765968e-03
     vertex -6.233608e-03 -4.190000e-01  3.342850e-03
     vertex -6.757643e-03 -4.190000e-01  3.154965e-03
   endloop
 endfacet
 facet normal  0.000000e+00 -1.000000e+00  0.000000e+00
   outer loop
     vertex -5.743353e-03 -4.190000e-01  4.173401e-03
     vertex -5.273485e-03 -4.190000e-01  4.442014e-03
     vertex -5.746529e-03 -4.190000e-01  4.695056e-03
   endloop
 endfacet
 facet normal  0.000000e+00 -1.000000e+00  0.000000e+00
   outer loop
     vertex -5.273485e-03 -4.190000e-01  4.442014e-03
     vertex -5.280875e-03 -4.190000e-01  4.960139e-03
     vertex -5.746529e-03 -4.190000e-01  4.695056e-03
   endloop
 endfacet
 facet normal  0.000000e+00 -1.000000e+00  0.000000e+00
   outer loop
     vertex -5.280875e-03 -4.190000e-01  4.960139e-03
     vertex -5.284417e-03 -4.190000e-01  5.487158e-03
     vertex -5.754385e-03 -4.190000e-01  5.223282e-03
   endloop
 endfacet
 facet normal  0.000000e+00 -1.000000e+00  0.000000e+00
   outer loop
     vertex -5.746529e-03 -4.190000e-01  4.695056e-03
     vertex -5.280875e-03 -4.190000e-01  4.960139e-03
     vertex -5.754385e-03 -4.190000e-01  5.223282e-03
   endloop
 endfacet
 facet normal -0.000000e+00 -1.000000e+00  0.000000e+00
   outer loop
     vertex -5.284417e-03 -4.190000e-01  5.487158e-03
     vertex -5.766265e-03 -4.190000e-01  5.725895e-03
     vertex -5.754385e-03 -4.190000e-01  5.223282e-03
   endloop
 endfacet
 facet normal  0.000000e+00 -1.000000e+00 -0.000000e+00
   outer loop
     vertex -6.754822e-03 -4.190000e-01  5.231102e-03
     vertex -7.216702e-03 -4.190000e-01  4.988161e-03
     vertex -6.730886e-03 -4.190000e-01  4.722716e-03
   endloop
 endfacet
 facet normal  0.000000e+00 -1.000000e+00  0.000000e+00
   outer loop
     vertex -7.216702e-03 -4.190000e-01  4.988161e-03
     vertex -7.198275e-03 -4.190000e-01  4.482404e-03
     vertex -6.730886e-03 -4.190000e-01  4.722716e-03
   endloop
 endfacet
 facet normal  0.000000e+00 -1.000000e+00  0.000000e+00
   outer loop
     vertex -6.725896e-03 -4.190000e-01  3.673045e-03
     vertex -7.231320e-03 -4.190000e-01  3.476111e-03
     vertex -6.757643e-03 -4.190000e-01  3.154965e-03
   endloop
 endfacet
 facet normal  0.000000e+00 -1.000000e+00 -0.000000e+00
   outer loop
     vertex -7.198275e-03 -4.190000e-01  4.482404e-03
     vertex -7.228826e-03 -4.190000e-01  3.956416e-03
     vertex -6.727418e-03 -4.190000e-01  4.217277e-03
   endloop
 endfacet
 facet normal  0.000000e+00 -1.000000e+00 -0.000000e+00
   outer loop
     vertex -6.730886e-03 -4.190000e-01  4.722716e-03
     vertex -7.198275e-03 -4.190000e-01  4.482404e-03
     vertex -6.727418e-03 -4.190000e-01  4.217277e-03
   endloop
 endfacet
 facet normal  0.000000e+00 -1.000000e+00  0.000000e+00
   outer loop
     vertex -7.228826e-03 -4.190000e-01  3.956416e-03
     vertex -6.725896e-03 -4.190000e-01  3.673045e-03
     vertex -6.727418e-03 -4.190000e-01  4.217277e-03
   endloop
 endfacet
 facet normal -0.000000e+00 -1.000000e+00  0.000000e+00
   outer loop
     vertex -6.757643e-03 -4.190000e-01  3.154965e-03
     vertex -7.231320e-03 -4.190000e-01  3.476111e-03
     vertex -7.246184e-03 -4.190000e-01  2.997207e-03
   endloop
 endfacet
 facet normal -0.000000e+00 -1.000000e+00  0.000000e+00
   outer loop
     vertex -5.794458e-03 -4.190000e-01  6.763788e-03
     vertex -6.302077e-03 -4.190000e-01  6.994152e-03
     vertex -6.294711e-03 -4.190000e-01  6.469399e-03
   endloop
 endfacet
 facet normal  0.000000e+00 -1.000000e+00  0.000000e+00
   outer loop
     vertex -5.776279e-03 -4.190000e-01  6.230670e-03
     vertex -5.794458e-03 -4.190000e-01  6.763788e-03
     vertex -6.294711e-03 -4.190000e-01  6.469399e-03
   endloop
 endfacet
 facet normal  0.000000e+00 -1.000000e+00 -0.000000e+00
   outer loop
     vertex -6.302077e-03 -4.190000e-01  6.994152e-03
     vertex -6.786601e-03 -4.190000e-01  6.724116e-03
     vertex -6.294711e-03 -4.190000e-01  6.469399e-03
   endloop
 endfacet
 facet normal  0.000000e+00 -1.000000e+00 -0.000000e+00
   outer loop
     vertex -6.725896e-03 -4.190000e-01  3.673045e-03
     vertex -6.757643e-03 -4.190000e-01  3.154965e-03
     vertex -6.233608e-03 -4.190000e-01  3.342850e-03
   endloop
 endfacet
 facet normal  0.000000e+00 -1.000000e+00  0.000000e+00
   outer loop
     vertex -6.786601e-03 -4.190000e-01  6.724116e-03
     vertex -6.764186e-03 -4.190000e-01  6.219219e-03
     vertex -6.294711e-03 -4.190000e-01  6.469399e-03
   endloop
 endfacet
 facet normal  0.000000e+00 -1.000000e+00  0.000000e+00
   outer loop
     vertex -7.250134e-03 -4.190000e-01  2.547941e-03
     vertex -6.809059e-03 -4.190000e-01  2.665714e-03
     vertex -7.246184e-03 -4.190000e-01  2.997207e-03
   endloop
 endfacet
 facet normal  0.000000e+00 -1.000000e+00  0.000000e+00
   outer loop
     vertex -5.727745e-03 -4.190000e-01  3.586529e-03
     vertex -5.242211e-03 -4.190000e-01  3.344007e-03
     vertex -5.269925e-03 -4.190000e-01  3.909384e-03
   endloop
 endfacet
 facet normal  0.000000e+00 -1.000000e+00  0.000000e+00
   outer loop
     vertex -5.766265e-03 -4.190000e-01  5.725895e-03
     vertex -5.776279e-03 -4.190000e-01  6.230670e-03
     vertex -6.267473e-03 -4.190000e-01  5.966663e-03
   endloop
 endfacet
 facet normal -0.000000e+00 -1.000000e+00  0.000000e+00
   outer loop
     vertex -5.776279e-03 -4.190000e-01  6.230670e-03
     vertex -6.294711e-03 -4.190000e-01  6.469399e-03
     vertex -6.267473e-03 -4.190000e-01  5.966663e-03
   endloop
 endfacet
 facet normal  0.000000e+00 -1.000000e+00  0.000000e+00
   outer loop
     vertex -6.759040e-03 -4.190000e-01  5.717646e-03
     vertex -6.754822e-03 -4.190000e-01  5.231102e-03
     vertex -6.245907e-03 -4.190000e-01  5.465361e-03
   endloop
 endfacet
 facet normal  0.000000e+00 -1.000000e+00  0.000000e+00
   outer loop
     vertex -5.727745e-03 -4.190000e-01  3.586529e-03
     vertex -5.269925e-03 -4.190000e-01  3.909384e-03
     vertex -5.743353e-03 -4.190000e-01  4.173401e-03
   endloop
 endfacet
 facet normal  0.000000e+00 -1.000000e+00  0.000000e+00
   outer loop
     vertex -6.233608e-03 -4.190000e-01  3.342850e-03
     vertex -5.727745e-03 -4.190000e-01  3.586529e-03
     vertex -6.240654e-03 -4.190000e-01  3.909067e-03
   endloop
 endfacet
 facet normal  0.000000e+00 -1.000000e+00  0.000000e+00
   outer loop
     vertex -6.725896e-03 -4.190000e-01  3.673045e-03
     vertex -6.233608e-03 -4.190000e-01  3.342850e-03
     vertex -6.240654e-03 -4.190000e-01  3.909067e-03
   endloop
 endfacet
 facet normal  0.000000e+00 -1.000000e+00  0.000000e+00
   outer loop
     vertex -5.727745e-03 -4.190000e-01  3.586529e-03
     vertex -5.743353e-03 -4.190000e-01  4.173401e-03
     vertex -6.240654e-03 -4.190000e-01  3.909067e-03
   endloop
 endfacet
 facet normal  0.000000e+00 -1.000000e+00  0.000000e+00
   outer loop
     vertex -6.725896e-03 -4.190000e-01  3.673045e-03
     vertex -6.240654e-03 -4.190000e-01  3.909067e-03
     vertex -6.727418e-03 -4.190000e-01  4.217277e-03
   endloop
 endfacet
 facet normal  0.000000e+00 -1.000000e+00 -0.000000e+00
   outer loop
     vertex -6.294711e-03 -4.190000e-01  6.469399e-03
     vertex -6.764186e-03 -4.190000e-01  6.219219e-03
     vertex -6.267473e-03 -4.190000e-01  5.966663e-03
   endloop
 endfacet
 facet normal  0.000000e+00 -1.000000e+00  0.000000e+00
   outer loop
     vertex -6.240654e-03 -4.190000e-01  3.909067e-03
     vertex -5.743353e-03 -4.190000e-01  4.173401e-03
     vertex -6.231345e-03 -4.190000e-01  4.453652e-03
   endloop
 endfacet
 facet normal  0.000000e+00 -1.000000e+00  0.000000e+00
   outer loop
     vertex -6.727418e-03 -4.190000e-01  4.217277e-03
     vertex -6.240654e-03 -4.190000e-01  3.909067e-03
     vertex -6.231345e-03 -4.190000e-01  4.453652e-03
   endloop
 endfacet
 facet normal  0.000000e+00 -1.000000e+00  0.000000e+00
   outer loop
     vertex -5.743353e-03 -4.190000e-01  4.173401e-03
     vertex -5.746529e-03 -4.190000e-01  4.695056e-03
     vertex -6.231345e-03 -4.190000e-01  4.453652e-03
   endloop
 endfacet
 facet normal  0.000000e+00 -1.000000e+00  0.000000e+00
   outer loop
     vertex -6.764186e-03 -4.190000e-01  6.219219e-03
     vertex -6.759040e-03 -4.190000e-01  5.717646e-03
     vertex -6.267473e-03 -4.190000e-01  5.966663e-03
   endloop
 endfacet
 facet normal  0.000000e+00 -1.000000e+00  0.000000e+00
   outer loop
     vertex -5.754385e-03 -4.190000e-01  5.223282e-03
     vertex -5.766265e-03 -4.190000e-01  5.725895e-03
     vertex -6.245907e-03 -4.190000e-01  5.465361e-03
   endloop
 endfacet
 facet normal  0.000000e+00 -1.000000e+00  0.000000e+00
   outer loop
     vertex -6.245907e-03 -4.190000e-01  5.465361e-03
     vertex -6.754822e-03 -4.190000e-01  5.231102e-03
     vertex -6.247790e-03 -4.190000e-01  4.957070e-03
   endloop
 endfacet
 facet normal  0.000000e+00 -1.000000e+00  0.000000e+00
   outer loop
     vertex -6.754822e-03 -4.190000e-01  5.231102e-03
     vertex -6.730886e-03 -4.190000e-01  4.722716e-03
     vertex -6.247790e-03 -4.190000e-01  4.957070e-03
   endloop
 endfacet
 facet normal  0.000000e+00 -1.000000e+00  0.000000e+00
   outer loop
     vertex -6.759040e-03 -4.190000e-01  5.717646e-03
     vertex -6.245907e-03 -4.190000e-01  5.465361e-03
     vertex -6.267473e-03 -4.190000e-01  5.966663e-03
   endloop
 endfacet
 facet normal -0.000000e+00 -1.000000e+00  0.000000e+00
   outer loop
     vertex -5.766265e-03 -4.190000e-01  5.725895e-03
     vertex -6.267473e-03 -4.190000e-01  5.966663e-03
     vertex -6.245907e-03 -4.190000e-01  5.465361e-03
   endloop
 endfacet
 facet normal  0.000000e+00 -1.000000e+00  0.000000e+00
   outer loop
     vertex -6.730886e-03 -4.190000e-01  4.722716e-03
     vertex -6.727418e-03 -4.190000e-01  4.217277e-03
     vertex -6.231345e-03 -4.190000e-01  4.453652e-03
   endloop
 endfacet
 facet normal  0.000000e+00 -1.000000e+00  0.000000e+00
   outer loop
     vertex -5.746529e-03 -4.190000e-01  4.695056e-03
     vertex -5.754385e-03 -4.190000e-01  5.223282e-03
     vertex -6.247790e-03 -4.190000e-01  4.957070e-03
   endloop
 endfacet
 facet normal -0.000000e+00 -1.000000e+00  0.000000e+00
   outer loop
     vertex -5.754385e-03 -4.190000e-01  5.223282e-03
     vertex -6.245907e-03 -4.190000e-01  5.465361e-03
     vertex -6.247790e-03 -4.190000e-01  4.957070e-03
   endloop
 endfacet
 facet normal  0.000000e+00 -1.000000e+00  0.000000e+00
   outer loop
     vertex -6.231345e-03 -4.190000e-01  4.453652e-03
     vertex -5.746529e-03 -4.190000e-01  4.695056e-03
     vertex -6.247790e-03 -4.190000e-01  4.957070e-03
   endloop
 endfacet
 facet normal  0.000000e+00 -1.000000e+00  0.000000e+00
   outer loop
     vertex -6.730886e-03 -4.190000e-01  4.722716e-03
     vertex -6.231345e-03 -4.190000e-01  4.453652e-03
     vertex -6.247790e-03 -4.190000e-01  4.957070e-03
   endloop
 endfacet
endsolid wallsRef2
