{
    "mesh_stats": {
        "num_points": 5524,
        "num_cells": 4512,
        "bounds": [
            0.0,
            0.8100000023841858,
            -0.07999999821186066,
            0.1599999964237213,
            -0.07999999821186066,
            0.07999999821186066
        ],
        "volume": 0.009447480969487068,
        "area": null
    },
    "cell_region_stats_U": {
        "mean": 1.8200982809066772,
        "std": 3.4640614986419678,
        "min": -4.677606105804443,
        "max": 12.572113037109375,
        "volume_weighted_mean": [
            5.307658297250772,
            1.094723060860277,
            -1.055348874386327e-05
        ]
    },
    "boundary1_region_stats_p": "N/A"
}