{
    "mesh_stats": {
        "num_points": 5524,
        "num_cells": 4512,
        "bounds": [
            0.0,
            0.8100000023841858,
            -0.07999999821186066,
            0.1599999964237213,
            -0.07999999821186066,
            0.07999999821186066
        ],
        "volume": 0.009447480969487068,
        "area": null
    },
    "cell_region_stats_U": {
        "mean": 1.859032154083252,
        "std": 3.5957369804382324,
        "min": -5.472109317779541,
        "max": 14.198135375976562,
        "volume_weighted_mean": [
            5.467697041862737,
            1.101903628387539,
            -2.666489601708383e-06
        ]
    },
    "boundary1_region_stats_p": "N/A"
}