X,Y,Z,p,U_0,U_1,U_2
0.318981,0.247331,0.0571207,0.0,-9.4394e-40,1.37889e-40,3.663511e-39
0.318895,0.245762,0.057261,0.0,-6.18181e-40,1.71326e-40,1.72516e-39
0.318781,0.245554,0.056174,0.0,-6.41268e-40,2.10971e-40,1.73154e-39
0.319762,0.246352,0.0562646,0.0,-8.47937e-40,1.49579e-40,3.42069e-39
0.317789,0.247277,0.0579386,0.0,-1.55722e-39,4.91808e-40,4.170948e-39
0.318183,0.245047,0.0578211,0.0,-5.44655e-40,2.03177e-40,1.34886e-39
0.317901,0.244661,0.0558442,0.0,-4.43022e-40,1.72917e-40,1.066446e-39
0.250023,0.198799,0.057925,0.0,0.0,0.0,0.0
0.250067,0.199871,0.0587335,0.0,0.0,0.0,0.0
0.24846,0.200176,0.0580981,0.0,0.0,0.0,0.0
0.248458,0.198784,0.0579897,0.0,0.0,0.0,0.0
0.302197,0.223832,0.0558084,0.0,-1e-45,7e-45,3e-45
0.302264,0.223393,0.0571669,0.0,-1e-45,7e-45,4e-45
0.301369,0.222448,0.0571519,0.0,-0.0,3e-45,3e-45
0.300133,0.221567,0.0572668,0.0,-0.0,1e-45,1e-45
0.300753,0.22137,0.0561418,0.0,0.0,1e-45,1e-45
0.313468,0.238239,0.0569235,0.0,-1.794e-41,2.2551e-41,2.6138e-41
0.313198,0.236929,0.0570443,0.0,-1.1456e-41,1.507e-41,1.5716e-41
0.312581,0.237125,0.0560878,0.0,-1.1386e-41,1.5326e-41,1.3374e-41
0.31361,0.238131,0.0561667,0.0,-1.726e-41,2.2027e-41,2.2857e-41
0.314442,0.239092,0.0561361,0.0,-2.954e-41,3.2786e-41,4.3753e-41
0.31464,0.238914,0.0571285,0.0,-3.1843e-41,3.3392e-41,5.1764e-41
0.272556,0.246325,0.0571948,0.0,9.4669e-41,8.1766e-41,1.00543e-40
0.272918,0.247559,0.0570607,0.0,2.7388e-40,2.85927e-40,4.12423e-40
0.273712,0.247408,0.0559349,0.0,2.57395e-40,2.66835e-40,3.89837e-40
0.273246,0.246122,0.0558349,0.0,7.93e-41,7.1257e-41,8.6966e-41
0.275921,0.249889,0.0568852,0.0,2.41923e-39,4.522443e-39,7.031354e-39
0.274971,0.249124,0.0569377,0.0,5.34015e-40,7.11251e-40,1.068284e-39
0.27497,0.248745,0.0579768,0.0,5.36517e-40,7.21253e-40,1.116965e-39
0.276493,0.249226,0.0579169,0.0,2.422188e-39,4.192842e-39,6.620173e-39
0.285825,0.255601,0.058231,0.0,7.6663935e-36,1.8006183e-35,1.9685115e-35
0.287031,0.255717,0.0582054,0.0,1.1338007e-35,2.447633e-35,2.918911e-35
0.28752,0.256994,0.0579489,0.0,4.1161284e-35,1.0173175e-34,9.829395e-35
0.285923,0.257004,0.0579339,0.0,2.1843733e-35,6.399187e-35,6.3725804e-35
0.293793,0.257127,0.0579292,0.0,9.671203e-35,3.6516987e-34,2.6885273e-34
0.293874,0.255765,0.0584247,0.0,1.8280484e-35,7.8240646e-35,6.3551076e-35
0.295377,0.255662,0.0584677,0.0,1.9170739e-35,9.297638e-35,8.2859696e-35
0.295329,0.257105,0.0579122,0.0,1.0233095e-34,4.173161e-34,3.4354174e-34
0.262249,0.240398,0.0558401,0.0,1e-45,0.0,1e-45
0.263104,0.24073,0.0552602,0.0,1e-45,1e-45,1e-45
0.263082,0.240709,0.0547166,0.0,1e-45,0.0,1e-45
0.262148,0.240007,0.0546875,0.0,1e-45,0.0,1e-45
0.234329,0.208446,0.0557967,0.0,0.0,0.0,0.0
0.234282,0.206573,0.055757,0.0,0.0,0.0,0.0
0.23561,0.206605,0.055804,0.0,0.0,0.0,0.0
0.235506,0.208391,0.0558423,0.0,0.0,0.0,0.0
0.235399,0.209837,0.0558729,0.0,0.0,0.0,0.0
0.234353,0.210025,0.0559292,0.0,0.0,0.0,0.0
0.238828,0.212415,0.0587789,0.0,0.0,0.0,-0.0
0.239065,0.210768,0.0588882,0.0,0.0,0.0,-0.0
0.239963,0.210499,0.0588565,0.0,0.0,0.0,-0.0
0.240422,0.210529,0.0591931,0.0,0.0,0.0,-0.0
0.240288,0.21247,0.0597414,0.0,0.0,0.0,-0.0
0.237878,0.210308,0.0586927,0.0,0.0,0.0,-0.0
0.238307,0.209451,0.0589792,0.0,0.0,0.0,-0.0
0.239128,0.209636,0.0589795,0.0,0.0,0.0,-0.0
0.285977,0.222036,0.0588798,0.0,0.0,0.0,0.0
0.284911,0.222478,0.0588533,0.0,0.0,0.0,0.0
0.284558,0.221975,0.0591629,0.0,0.0,0.0,0.0
0.284809,0.220606,0.0596482,0.0,0.0,0.0,0.0
0.285806,0.219979,0.0593445,0.0,0.0,0.0,0.0
0.286259,0.220597,0.058898,0.0,0.0,0.0,0.0
0.260796,0.239832,0.0546717,0.0,0.0,0.0,0.0
0.260866,0.239563,0.0556797,0.0,0.0,0.0,0.0
0.314029,0.239609,0.0578614,0.0,-3.6826e-41,3.8607e-41,6.2603e-41
0.313533,0.238308,0.0576716,0.0,-1.936e-41,2.4272e-41,2.9789e-41
0.290626,0.253123,0.0589584,0.0,3.09784e-36,7.3073806e-36,7.7043266e-36
0.289081,0.253099,0.0589832,0.0,2.1225519e-36,5.107609e-36,6.2427675e-36
0.289055,0.251676,0.0599405,0.0,5.785993e-37,1.2619116e-36,1.1178257e-36
0.290633,0.251669,0.0599055,0.0,5.6968042e-37,1.5877572e-36,1.6227499e-36
0.237565,0.200884,0.0556968,0.0,0.0,0.0,0.0
0.237925,0.19944,0.0556861,0.0,0.0,0.0,0.0
0.239008,0.19876,0.0559249,0.0,0.0,0.0,0.0
0.239009,0.200337,0.0558444,0.0,0.0,0.0,-0.0
0.256247,0.196522,0.0558746,0.0,0.0,0.0,0.0
0.256105,0.197328,0.0561723,0.0,0.0,0.0,0.0
0.254798,0.196775,0.05662,0.0,0.0,0.0,0.0
0.254792,0.196311,0.0560364,0.0,0.0,0.0,0.0
0.253614,0.196274,0.0559417,0.0,0.0,0.0,0.0
0.253172,0.195221,0.0559148,0.0,0.0,0.0,0.0
0.254748,0.195254,0.0559152,0.0,0.0,0.0,0.0
0.256293,0.19531,0.0559557,0.0,0.0,0.0,0.0
0.265731,0.200567,0.055936,0.0,0.0,0.0,0.0
0.264441,0.200605,0.0559397,0.0,0.0,0.0,0.0
0.264362,0.198913,0.0559115,0.0,0.0,0.0,0.0
0.265683,0.198879,0.0559583,0.0,0.0,0.0,0.0
0.317522,0.244898,0.0554018,0.0,-5.75872e-40,2.8368e-40,1.387546e-39
0.318393,0.245833,0.055378,0.0,-7.75567e-40,3.57471e-40,2.01266e-39
0.319253,0.246785,0.0552744,0.0,-9.74043e-40,3.08964e-40,3.590605e-39
0.316043,0.241059,0.0559923,0.0,-9.3441e-41,7.2537e-41,1.66771e-40
0.316499,0.240717,0.0572547,0.0,-9.7815e-41,7.2115e-41,1.84443e-40
0.31558,0.239753,0.0571575,0.0,-4.9641e-41,4.7288e-41,8.4082e-41
0.319343,0.255577,0.0557665,0.0,-2.1295385e-37,-6.957339e-38,1.0622398e-36
0.318555,0.254879,0.0548788,0.0,-2.6633359e-37,-7.385301e-38,1.29482965e-36
0.31851,0.256946,0.0544421,0.0,-9.4454745e-37,3.77453e-37,3.8286742e-36
0.318377,0.257027,0.0557795,0.0,-1.1092923e-36,5.7794674e-37,4.359873e-36
0.31846,0.258895,0.055812,0.0,-5.3088084e-36,4.6613015e-36,1.984142e-35
0.317072,0.258866,0.0558854,0.0,-7.021e-36,5.1665807e-36,2.5690977e-35
0.317453,0.257416,0.0558646,0.0,-1.677062e-36,3.5094812e-37,6.22966e-36
0.318158,0.258913,0.054317,0.0,-5.320065e-36,4.6720175e-36,1.9883752e-35
0.315677,0.259277,0.0559109,0.0,-1.3289479e-35,9.035595e-36,4.964294e-35
0.315708,0.260789,0.0559729,0.0,-4.332005e-35,2.7198084e-35,1.9432765e-34
0.3144,0.260768,0.0559267,0.0,-6.881525e-35,6.282676e-35,3.6056071e-34
0.314548,0.259464,0.0559454,0.0,-2.3798824e-35,2.10378e-35,8.3263307e-35
0.318908,0.26074,0.0547697,0.0,-2.5818832e-35,1.9491258e-35,7.860631e-35
0.318378,0.260718,0.055907,0.0,-1.685892e-35,1.1431519e-35,6.7872315e-35
0.317069,0.256845,0.0564353,0.0,-1.0888102e-36,-3.5928645e-37,4.1176827e-36
0.31557,0.258261,0.0560477,0.0,-2.9114261e-36,-8.27488e-37,1.2307865e-35
0.315644,0.257327,0.0567874,0.0,-1.9174048e-36,-4.903558e-37,7.833258e-36
0.317626,0.255566,0.0568172,0.0,-3.6522654e-37,-1.2189315e-37,1.5999042e-36
0.318691,0.255297,0.0565032,0.0,-1.4118204e-37,-5.2853284e-38,7.3000587e-37
0.291018,0.273715,0.0555611,0.0,1.4597632e-30,8.5862456e-30,3.623528e-30
0.291813,0.274698,0.055586,0.0,1.4281563e-29,3.2732103e-29,-1.11891685e-29
0.291765,0.274291,0.054507,0.0,8.885035e-30,2.328163e-29,-4.7671513e-30
0.291264,0.273458,0.054895,0.0,1.36218e-30,8.92876e-30,3.55769e-30
0.291792,0.278082,0.0543217,0.0,2.5790554e-28,5.1369405e-28,-3.9076798e-28
0.291573,0.27603,0.054431,0.0,6.962585e-29,1.2916366e-28,-8.231962e-29
0.291931,0.276319,0.0557887,0.0,8.043677e-29,1.4838833e-28,-1.0387704e-28
0.292062,0.278072,0.0557667,0.0,2.7055856e-28,5.7898673e-28,-4.1402616e-28
0.237015,0.204118,0.0558525,0.0,0.0,0.0,-0.0
0.235932,0.204703,0.0558523,0.0,0.0,0.0,0.0
0.235928,0.202766,0.0555962,0.0,0.0,0.0,0.0
0.237151,0.202704,0.0558332,0.0,0.0,0.0,-0.0
0.246405,0.196281,0.0559603,0.0,0.0,0.0,0.0
0.246874,0.196641,0.0562705,0.0,0.0,0.0,0.0
0.245256,0.196856,0.0565633,0.0,0.0,0.0,0.0
0.245196,0.196353,0.0560027,0.0,0.0,0.0,0.0
0.245207,0.195291,0.0558748,0.0,0.0,0.0,0.0
0.246848,0.195286,0.0558885,0.0,0.0,0.0,0.0
0.257887,0.195368,0.0560133,0.0,0.0,0.0,0.0
0.257814,0.196863,0.0559038,0.0,0.0,0.0,0.0
0.255866,0.204738,0.0587068,0.0,0.0,0.0,0.0
0.256567,0.20468,0.0581228,0.0,0.0,0.0,0.0
0.256822,0.206529,0.058307,0.0,0.0,0.0,0.0
0.256285,0.206574,0.0588825,0.0,0.0,0.0,0.0
0.257431,0.204647,0.0577738,0.0,0.0,0.0,0.0
0.257972,0.204581,0.057082,0.0,0.0,0.0,0.0
0.258395,0.205939,0.057611,0.0,0.0,0.0,0.0
0.257929,0.206557,0.0580075,0.0,0.0,0.0,0.0
0.275084,0.20098,0.0557843,0.0,0.0,0.0,0.0
0.274993,0.202234,0.0559223,0.0,0.0,0.0,0.0
0.273447,0.20212,0.0559223,0.0,0.0,0.0,0.0
0.273504,0.200542,0.055883,0.0,0.0,0.0,0.0
0.276625,0.202213,0.0557672,0.0,0.0,0.0,0.0
0.277162,0.201841,0.0546115,0.0,0.0,0.0,0.0
0.278485,0.20212,0.0544319,0.0,0.0,0.0,0.0
0.278218,0.202675,0.055611,0.0,0.0,0.0,0.0
0.275944,0.201489,0.055347,0.0,0.0,0.0,0.0
0.276017,0.201467,0.0547361,0.0,0.0,0.0,0.0
0.268674,0.21618,0.0589435,0.0,0.0,0.0,0.0
0.269066,0.214277,0.058733,0.0,0.0,0.0,0.0
0.270032,0.214341,0.0589097,0.0,0.0,0.0,0.0
0.269873,0.215704,0.0589173,0.0,0.0,0.0,0.0
0.276569,0.21084,0.0589436,0.0,0.0,0.0,0.0
0.27653,0.209752,0.0585275,0.0,0.0,0.0,0.0
0.278118,0.209726,0.0584455,0.0,0.0,0.0,0.0
0.278153,0.210473,0.058977,0.0,0.0,0.0,0.0
0.27656,0.208491,0.0578861,0.0,0.0,0.0,0.0
0.278086,0.208494,0.0578896,0.0,0.0,0.0,0.0
0.259318,0.239152,0.0558713,0.0,0.0,0.0,0.0
0.25777,0.238919,0.0556561,0.0,0.0,0.0,0.0
0.257776,0.237575,0.0558981,0.0,0.0,0.0,0.0
0.258954,0.238019,0.0558872,0.0,0.0,0.0,0.0
0.261066,0.238813,0.0562013,0.0,0.0,0.0,0.0
0.262344,0.239624,0.056552,0.0,0.0,0.0,0.0
0.298828,0.229664,0.0589439,0.0,-1.4e-44,3.74e-43,-6e-44
0.296748,0.229741,0.0589702,0.0,1.1e-44,4.09e-43,-9.2e-44
0.296702,0.227991,0.0589931,0.0,3e-45,7.4e-44,4e-45
0.29874,0.227926,0.0589192,0.0,-3e-45,9.2e-44,8e-45
0.307621,0.228546,0.0561461,0.0,-4.2e-44,1.25e-43,-7e-45
0.306463,0.227916,0.0559422,0.0,-2.8e-44,8.7e-44,-6e-45
0.306444,0.229761,0.0559595,0.0,-8.1e-44,2.12e-43,-3.4e-44
0.307999,0.229847,0.0561884,0.0,-9.4e-44,2.47e-43,-1.7e-44
0.308046,0.231639,0.0558838,0.0,-3.15e-43,7e-43,-3e-44
0.309496,0.231785,0.0558963,0.0,-2.65e-43,6.29e-43,-1.3e-44
0.309567,0.230305,0.056082,0.0,-1.7e-43,4.04e-43,-1.3e-44
0.312907,0.235464,0.0570445,0.0,-3.12e-42,5.068e-42,2.731e-42
0.312291,0.235457,0.0559463,0.0,-3.018e-42,4.956e-42,2.52e-42
0.303195,0.231694,0.0589522,0.0,-3.05e-43,1.36e-42,-3e-43
0.303119,0.229874,0.0588754,0.0,-9.4e-44,3.77e-43,-2.1e-44
0.304615,0.229952,0.0584183,0.0,-1.11e-43,3.28e-43,-2.5e-44
0.304697,0.231475,0.0589198,0.0,-3.14e-43,9.99e-43,-1.61e-43
0.306769,0.23504,0.0589305,0.0,-3.297e-42,7.773e-42,5.2e-43
0.306098,0.235831,0.0590145,0.0,-7.259e-42,1.8106e-41,-8.4e-44
0.304973,0.23526,0.0592781,0.0,-5.61e-42,1.4714e-41,-8.65e-43
0.304529,0.234023,0.0588695,0.0,-1.766e-42,5.105e-42,-5.24e-43
0.305737,0.23381,0.0589601,0.0,-1.436e-42,3.646e-42,-2.86e-43
0.306613,0.233662,0.0589608,0.0,-1.312e-42,3.136e-42,-1.28e-43
0.307904,0.23367,0.0586846,0.0,-1.35e-42,2.97e-42,7.1e-44
0.307889,0.235237,0.0589194,0.0,-3.865e-42,8.238e-42,1.453e-42
0.30778,0.236318,0.058976,0.0,-5.99e-42,1.261e-41,2.752e-42
0.307803,0.237718,0.0589795,0.0,-1.4279e-41,2.9406e-41,1.1052e-41
0.30648,0.237668,0.0592639,0.0,-1.9649e-41,4.5444e-41,5.6e-42
0.271744,0.245466,0.0560866,0.0,8.682e-42,1.1011e-41,7.514e-42
0.273331,0.245445,0.055072,0.0,1.7169e-41,1.953e-41,9.036e-42
0.271935,0.244822,0.0556312,0.0,6.302e-42,7.022e-42,4.769e-42
0.279624,0.251142,0.0558893,0.0,3.1579508e-38,9.2342464e-38,1.2775047e-37
0.280177,0.25236,0.0561221,0.0,5.55212e-38,1.77829e-37,2.44954e-37
0.281243,0.252977,0.0559149,0.0,2.0372402e-37,7.2253635e-37,7.7221545e-37
0.281253,0.251117,0.0559148,0.0,8.473023e-38,2.052736e-37,2.467904e-37
0.278085,0.251085,0.0568599,0.0,5.945924e-39,1.4147506e-38,2.1251653e-38
0.278065,0.250654,0.0579243,0.0,5.649937e-39,1.3802906e-38,2.1643642e-38
0.279678,0.251089,0.0577889,0.0,2.8072355e-38,9.269233e-38,1.3746785e-37
0.278993,0.251847,0.056848,0.0,3.1507635e-38,1.0446287e-37,1.4880673e-37
0.280215,0.25237,0.0578456,0.0,5.07984e-38,1.86293e-37,2.72323e-37
0.279812,0.25274,0.0568543,0.0,5.321475e-38,1.8196252e-37,2.5832004e-37
0.281329,0.251035,0.0582421,0.0,7.3693586e-38,1.6378026e-37,2.3263117e-37
0.281162,0.249656,0.0588913,0.0,2.7805052e-38,5.292619e-38,7.015741e-38
0.282306,0.249811,0.0589368,0.0,5.327415e-38,9.4036796e-38,9.851165e-38
0.282444,0.251115,0.0589609,0.0,1.0856007e-37,2.4678687e-37,3.239789e-37
0.287454,0.255359,0.0586843,0.0,6.2023205e-36,1.345425e-35,1.9597132e-35
0.285926,0.254963,0.0588292,0.0,1.8808258e-36,4.2467775e-36,6.558699e-36
0.28304,0.248921,0.0591006,0.0,2.7383855e-38,4.814898e-38,3.9417853e-38
0.284058,0.249632,0.0593985,0.0,5.7860987e-38,1.0087815e-37,9.398888e-38
0.284618,0.250948,0.0589201,0.0,1.5674088e-37,3.2179671e-37,3.6368343e-37
0.288981,0.25309,0.0550618,0.0,5.3014995e-37,2.514721e-36,-4.126849e-38
0.288923,0.253688,0.0556382,0.0,3.5108473e-36,1.006792e-35,5.2517926e-36
0.290054,0.253865,0.0556416,0.0,3.6990796e-36,1.4226013e-35,5.959707e-36
0.290195,0.253594,0.0551474,0.0,9.592058e-37,8.698129e-36,2.0406665e-36
0.288983,0.255147,0.0559411,0.0,1.7560442e-35,4.4516795e-35,3.482119e-35
0.290523,0.255136,0.0559809,0.0,1.6828129e-35,5.515431e-35,3.5596449e-35
0.293837,0.255088,0.0589683,0.0,4.091307e-36,1.7588275e-35,2.3954923e-35
0.295331,0.254613,0.0589515,0.0,4.435385e-36,2.1687872e-35,3.370957e-35
0.303515,0.247847,0.0588675,0.0,-3.1810512e-38,1.2182243e-37,1.7423052e-37
0.304713,0.247427,0.0589139,0.0,-2.3664024e-38,7.0198265e-38,1.0453879e-37
0.304722,0.249248,0.0587565,0.0,-9.3319785e-38,2.7861896e-37,4.9626575e-37
0.303145,0.249217,0.0588599,0.0,-7.493623e-38,4.2716326e-37,7.3142533e-37
0.301979,0.249734,0.0588578,0.0,-1.0958597e-38,6.9771346e-37,1.054549e-36
0.301398,0.249129,0.0591436,0.0,5.88404e-39,3.0655698e-37,4.3052095e-37
0.301937,0.247776,0.0595889,0.0,-1.718537e-39,9.295778e-38,1.4828087e-37
0.30299,0.247465,0.0592033,0.0,-6.988353e-39,5.0136856e-38,7.6096123e-38
0.320212,0.254628,0.0553238,0.0,-3.5938295e-38,1.707024e-39,2.2968268e-37
0.320781,0.252982,0.054892,0.0,-1.9761873e-38,2.035464e-39,1.213529e-37
0.318554,0.25297,0.0549043,0.0,-5.2829905e-38,4.184768e-39,2.697728e-37
0.282871,0.254819,0.0561358,0.0,1.758177e-36,5.7954157e-36,5.6777016e-36
0.283205,0.256212,0.0560088,0.0,3.50801e-36,1.17168e-35,1.14555e-35
0.284355,0.256822,0.0558938,0.0,8.555005e-36,2.6425127e-35,2.5681466e-35
0.284367,0.254944,0.0559134,0.0,4.127753e-36,1.0870807e-35,1.0867213e-35
0.28445,0.258457,0.0567677,0.0,1.9328113e-35,6.90314e-35,6.91556e-35
0.284722,0.258225,0.0580231,0.0,1.86797e-35,6.96447e-35,7.17352e-35
0.285899,0.258849,0.0579236,0.0,6.086927e-35,1.8802507e-34,1.9020714e-34
0.284838,0.259713,0.0567786,0.0,7.4605946e-35,2.2428754e-34,2.3167857e-34
0.286326,0.260709,0.0579434,0.0,1.1135956e-34,5.7946674e-34,6.474584e-34
0.285458,0.260821,0.056752,0.0,1.1802548e-34,5.650537e-34,6.166173e-34
0.291265,0.270581,0.0573213,0.0,5.8792806e-31,1.4664567e-30,1.7521866e-30
0.29114,0.26859,0.0570704,0.0,1.9362836e-31,5.3380877e-31,6.0810486e-31
0.29234,0.268637,0.0569285,0.0,2.171776e-31,5.656336e-31,6.339766e-31
0.292412,0.270364,0.0569132,0.0,6.224378e-31,1.4634461e-30,1.791682e-30
0.319733,0.266522,0.054953,0.0,-2.43899e-33,2.1410322e-33,1.4994967e-33
0.31971,0.264828,0.0549271,0.0,-8.3032935e-34,6.9740055e-34,5.8782354e-34
0.319662,0.264917,0.0547021,0.0,-8.469688e-34,7.111097e-34,5.9713938e-34
0.319867,0.266579,0.0547235,0.0,-2.4742e-33,2.1738075e-33,1.519561e-33
0.237569,0.193046,0.0539086,0.0,0.0,0.0,0.0
0.23913,0.192745,0.0538449,0.0,0.0,0.0,0.0
0.239143,0.193746,0.0545518,0.0,0.0,0.0,0.0
0.239072,0.195064,0.0549447,0.0,0.0,0.0,0.0
0.2375,0.194997,0.054869,0.0,0.0,0.0,0.0
0.237123,0.194463,0.0540881,0.0,0.0,0.0,0.0
0.249996,0.194393,0.0550591,0.0,0.0,0.0,0.0
0.249997,0.192975,0.0549677,0.0,0.0,0.0,0.0
0.251538,0.192984,0.0549592,0.0,0.0,0.0,0.0
0.251572,0.194405,0.0550598,0.0,0.0,0.0,0.0
0.225106,0.210483,0.0549384,0.0,0.0,0.0,0.0
0.225017,0.208534,0.0548707,0.0,0.0,0.0,0.0
0.226571,0.208514,0.0549077,0.0,0.0,0.0,0.0
0.226549,0.210437,0.0549262,0.0,0.0,0.0,0.0
0.262555,0.239476,0.0539908,0.0,0.0,0.0,0.0
0.263192,0.240501,0.054181,0.0,0.0,0.0,0.0
0.264204,0.240593,0.0541917,0.0,1e-45,0.0,1e-45
0.264203,0.24108,0.0547419,0.0,1e-45,1e-45,1e-45
0.314075,0.270501,0.0549068,0.0,-5.4284536e-31,5.6661165e-31,-2.560866e-31
0.314065,0.272432,0.0549065,0.0,-1.7777204e-30,1.706913e-30,-1.5708022e-30
0.312515,0.272447,0.0549089,0.0,-3.7730514e-30,4.3239666e-30,-3.9987655e-30
0.312519,0.27051,0.0549299,0.0,-1.0890608e-30,1.3518441e-30,-6.3290473e-31
0.248368,0.190935,0.0538549,0.0,0.0,0.0,0.0
0.250015,0.19124,0.0539703,0.0,0.0,0.0,0.0
0.249988,0.191797,0.0545797,0.0,0.0,0.0,0.0
0.248431,0.192983,0.0549708,0.0,0.0,0.0,0.0
0.251493,0.191836,0.0546159,0.0,0.0,0.0,0.0
0.225385,0.206598,0.0550031,0.0,0.0,0.0,0.0
0.226646,0.206628,0.0548907,0.0,0.0,0.0,0.0
0.24842,0.19442,0.0550725,0.0,0.0,0.0,0.0
0.223239,0.210483,0.0539449,0.0,0.0,0.0,0.0
0.223467,0.208573,0.0539167,0.0,0.0,0.0,0.0
0.223991,0.209264,0.0547664,0.0,0.0,0.0,0.0
0.22395,0.210537,0.0547241,0.0,0.0,0.0,0.0
0.275008,0.22385,0.0599635,0.0,0.0,0.0,0.0
0.273561,0.223818,0.059947,0.0,0.0,0.0,0.0
0.273494,0.222045,0.059968,0.0,0.0,0.0,0.0
0.275007,0.222058,0.0599601,0.0,0.0,0.0,0.0
0.276559,0.222064,0.0599608,0.0,0.0,0.0,0.0
0.276554,0.22386,0.059966,0.0,0.0,0.0,0.0
0.274986,0.226517,0.0599731,0.0,0.0,0.0,0.0
0.273413,0.226432,0.0598479,0.0,0.0,0.0,0.0
0.273558,0.225231,0.059966,0.0,0.0,0.0,0.0
0.287501,0.239493,0.0599641,0.0,7.4406e-41,2.06138e-40,-4.2569e-41
0.285941,0.239499,0.0599653,0.0,6.0458e-41,1.45743e-40,-2.5048e-41
0.285955,0.237601,0.0599637,0.0,1.3834e-41,3.444e-41,-6.283e-42
0.287506,0.237562,0.0599646,0.0,1.6313e-41,4.6424e-41,-9.65e-42
0.299496,0.23958,0.0539864,0.0,1.31e-42,5.0777e-41,4.6518e-41
0.300258,0.239514,0.0546605,0.0,-1.1317e-41,3.76037e-40,2.00524e-40
0.299811,0.237786,0.0548057,0.0,-5.008e-42,9.4698e-41,4.0144e-41
0.299383,0.238327,0.0539694,0.0,1.31e-42,5.0777e-41,4.6518e-41
0.289064,0.237555,0.0599642,0.0,1.9293e-41,6.5586e-41,-1.4736e-41
0.289063,0.239493,0.0599636,0.0,8.7014e-41,2.90116e-40,-6.1317e-41
0.300002,0.239498,0.0599669,0.0,-3.6933e-41,4.76454e-40,-1.46651e-40
0.298438,0.239498,0.0599644,0.0,-1.1048e-41,5.27904e-40,-1.96756e-40
0.29844,0.237559,0.0599663,0.0,-3.579e-42,1.22891e-40,-4.7175e-41
0.300006,0.237564,0.0599675,0.0,-9.233e-42,1.12032e-40,-3.6914e-41
0.30157,0.237572,0.0599668,0.0,-1.4837e-41,1.0042e-40,-2.322e-41
0.301565,0.239497,0.0599675,0.0,-6.2282e-41,4.23034e-40,-7.4444e-41
0.287501,0.241435,0.0599664,0.0,3.39528e-40,9.01172e-40,-1.53825e-40
0.285938,0.241436,0.0599677,0.0,2.75198e-40,6.35018e-40,-8.6516e-41
0.299997,0.241437,0.0599654,0.0,-1.3351e-40,1.971484e-39,-3.84899e-40
0.298436,0.241438,0.0599637,0.0,-2.373e-41,2.21109e-39,-6.26278e-40
0.312525,0.268578,0.0549321,0.0,-2.887971e-31,3.9170932e-31,-2.492047e-32
0.310963,0.270517,0.054931,0.0,-1.9923602e-30,3.061133e-30,-1.3538833e-30
0.310973,0.268591,0.05493,0.0,-4.89917e-31,8.126369e-31,-2.986939e-32
0.314081,0.268567,0.0549371,0.0,-1.5733362e-31,1.809746e-31,-1.01759394e-32
0.300004,0.283966,0.0549295,0.0,1.3230128e-26,8.8053295e-26,-2.681589e-25
0.300065,0.285469,0.0549644,0.0,1.7852888e-26,1.2316297e-25,-3.951067e-25
0.300125,0.286617,0.0546699,0.0,1.8013193e-26,1.229244e-25,-3.945619e-25
0.298892,0.286654,0.0545548,0.0,4.1695936e-26,1.5201675e-25,-4.6753035e-25
0.298442,0.285943,0.0549904,0.0,3.7140286e-26,1.3107805e-25,-4.0241385e-25
0.298438,0.284045,0.0549284,0.0,2.0917826e-26,7.596363e-26,-2.2298867e-25
0.310957,0.272453,0.0549085,0.0,-7.409179e-30,1.0455966e-29,-9.216507e-30
0.301583,0.285368,0.0548365,0.0,3.351333e-27,1.3429494e-25,-4.0300941e-25
0.301568,0.283913,0.0549046,0.0,2.2097677e-27,1.001492e-25,-2.8891801e-25
0.231297,0.198939,0.0549179,0.0,0.0,0.0,0.0
0.231276,0.200817,0.054917,0.0,0.0,0.0,0.0
0.229746,0.200865,0.0548959,0.0,0.0,0.0,0.0
0.229181,0.200182,0.0547105,0.0,0.0,0.0,0.0
0.229676,0.19881,0.0541103,0.0,0.0,0.0,0.0
0.230804,0.198277,0.0545202,0.0,0.0,0.0,0.0
0.243238,0.19816,0.0568151,0.0,0.0,0.0,-0.0
0.243696,0.198477,0.0572396,0.0,0.0,0.0,-0.0
0.242262,0.19936,0.0571201,0.0,0.0,0.0,-0.0
0.242261,0.198593,0.0563288,0.0,0.0,0.0,-0.0
0.243676,0.192569,0.0541783,0.0,0.0,0.0,0.0
0.243671,0.193417,0.0549915,0.0,0.0,0.0,0.0
0.242152,0.193555,0.0549842,0.0,0.0,0.0,0.0
0.242167,0.192579,0.0542511,0.0,0.0,0.0,0.0
0.243782,0.194731,0.0548239,0.0,0.0,0.0,0.0
0.242204,0.195067,0.0549122,0.0,0.0,0.0,0.0
0.256324,0.20068,0.0573759,0.0,0.0,0.0,0.0
0.255264,0.200095,0.0578263,0.0,0.0,0.0,0.0
0.254719,0.198873,0.0572319,0.0,0.0,0.0,0.0
0.256231,0.198971,0.0569608,0.0,0.0,0.0,0.0
0.256429,0.192566,0.0542786,0.0,0.0,0.0,0.0
0.256314,0.19343,0.0549316,0.0,0.0,0.0,0.0
0.254772,0.193325,0.0549109,0.0,0.0,0.0,0.0
0.254796,0.192498,0.0541534,0.0,0.0,0.0,0.0
0.25629,0.19454,0.0551656,0.0,0.0,0.0,0.0
0.254705,0.194518,0.0551174,0.0,0.0,0.0,0.0
0.22966,0.208489,0.0549234,0.0,0.0,0.0,0.0
0.231162,0.208485,0.0549224,0.0,0.0,0.0,0.0
0.231137,0.210423,0.0549281,0.0,0.0,0.0,0.0
0.229661,0.210428,0.0549177,0.0,0.0,0.0,0.0
0.224616,0.216344,0.0542734,0.0,0.0,0.0,0.0
0.224486,0.214873,0.0544435,0.0,0.0,0.0,0.0
0.225023,0.214295,0.0549416,0.0,0.0,0.0,0.0
0.225394,0.216311,0.0549504,0.0,0.0,0.0,0.0
0.226654,0.216251,0.0549053,0.0,0.0,0.0,0.0
0.226585,0.214307,0.0549227,0.0,0.0,0.0,0.0
0.23114,0.214299,0.0549263,0.0,0.0,0.0,0.0
0.23115,0.21624,0.0549179,0.0,0.0,0.0,0.0
0.229677,0.216247,0.0549226,0.0,0.0,0.0,0.0
0.229671,0.214306,0.0549179,0.0,0.0,0.0,0.0
0.262475,0.208475,0.056942,0.0,0.0,0.0,0.0
0.264026,0.208453,0.0569373,0.0,0.0,0.0,0.0
0.264211,0.21063,0.0568893,0.0,0.0,0.0,0.0
0.262446,0.21038,0.0569461,0.0,0.0,0.0,0.0
0.293762,0.216299,0.0569257,0.0,0.0,0.0,0.0
0.292195,0.216267,0.0570747,0.0,0.0,0.0,0.0
0.292215,0.214455,0.0569429,0.0,0.0,0.0,0.0
0.293718,0.215025,0.0568768,0.0,0.0,0.0,0.0
0.293692,0.214671,0.0562022,0.0,0.0,0.0,0.0
0.2926,0.213941,0.0562919,0.0,0.0,0.0,0.0
0.287381,0.209228,0.0569034,0.0,0.0,0.0,0.0
0.287466,0.20862,0.0563375,0.0,0.0,0.0,0.0
0.288695,0.209054,0.0564119,0.0,0.0,0.0,0.0
0.289597,0.210196,0.0566541,0.0,0.0,0.0,0.0
0.287402,0.210558,0.0571722,0.0,0.0,0.0,0.0
0.229735,0.223953,0.0549212,0.0,0.0,0.0,0.0
0.231242,0.224017,0.0549202,0.0,0.0,0.0,0.0
0.231266,0.225941,0.0549191,0.0,0.0,0.0,0.0
0.229701,0.225922,0.0549455,0.0,0.0,0.0,0.0
0.239051,0.23181,0.0549131,0.0,0.0,0.0,0.0
0.237528,0.23166,0.0548721,0.0,0.0,0.0,0.0
0.237549,0.22975,0.0549202,0.0,0.0,0.0,0.0
0.23909,0.230181,0.0549305,0.0,0.0,0.0,0.0
0.256376,0.231599,0.0569257,0.0,0.0,0.0,0.0
0.255186,0.231638,0.056921,0.0,0.0,0.0,0.0
0.254753,0.229751,0.0569047,0.0,0.0,0.0,0.0
0.256295,0.229786,0.0569375,0.0,0.0,0.0,0.0
0.254522,0.23173,0.0560949,0.0,0.0,0.0,0.0
0.254218,0.230353,0.0566085,0.0,0.0,0.0,0.0
0.250044,0.225958,0.0561393,0.0,0.0,0.0,0.0
0.24958,0.224654,0.0566264,0.0,0.0,0.0,0.0
0.250096,0.224095,0.0569126,0.0,0.0,0.0,0.0
0.251653,0.224048,0.0569504,0.0,0.0,0.0,0.0
0.251679,0.225822,0.0569307,0.0,0.0,0.0,0.0
0.251111,0.226473,0.0567479,0.0,0.0,0.0,0.0
0.256259,0.224003,0.056938,0.0,0.0,0.0,0.0
0.256258,0.225936,0.0569393,0.0,0.0,0.0,0.0
0.254713,0.225924,0.0569392,0.0,0.0,0.0,0.0
0.25471,0.224008,0.0569382,0.0,0.0,0.0,0.0
0.268737,0.241765,0.0544291,0.0,2.3e-43,1.68e-43,1.44e-43
0.268727,0.240784,0.0538373,0.0,1.5e-44,1.1e-44,1.5e-44
0.267182,0.24066,0.0542592,0.0,1.3e-44,8e-45,1.3e-44
0.267257,0.241512,0.0549456,0.0,6.6e-44,4.5e-44,5.3e-44
0.28125,0.241124,0.0548505,0.0,5.4893e-41,8.5345e-41,-8.961e-42
0.28125,0.240627,0.0542651,0.0,4.724e-42,6.583e-42,-4.065e-42
0.279689,0.240628,0.0542669,0.0,2.78e-42,3.3e-42,-1.603e-42
0.279691,0.241077,0.0548339,0.0,3.0505e-41,3.888e-41,-2.587e-42
0.274917,0.246028,0.0558031,0.0,1.28286e-40,1.27164e-40,1.35365e-40
0.275028,0.247364,0.0559027,0.0,3.76736e-40,4.49772e-40,6.3885e-40
0.276576,0.247342,0.0559652,0.0,8.6916e-40,1.177803e-39,1.501748e-39
0.276107,0.246053,0.0558424,0.0,2.31045e-40,2.78494e-40,1.86726e-40
0.287449,0.255066,0.0559128,0.0,1.3175834e-35,2.96311e-35,2.6117938e-35
0.287458,0.256957,0.055917,0.0,4.276602e-35,1.0546618e-34,9.304783e-35
0.289013,0.256973,0.0559159,0.0,6.74467e-35,1.7272611e-34,1.365095e-34
0.287557,0.260741,0.0559515,0.0,2.0108385e-34,8.111882e-34,8.677561e-34
0.287516,0.26267,0.0561651,0.0,4.374533e-34,2.217062e-33,3.014463e-33
0.289017,0.262704,0.0559049,0.0,9.733266e-34,4.306218e-33,5.442672e-33
0.28901,0.260806,0.0559098,0.0,4.6785575e-34,1.5707192e-33,1.5599354e-33
0.305077,0.25691,0.0540523,0.0,-1.5454818e-35,5.83331e-35,1.1878568e-34
0.304824,0.254925,0.0542182,0.0,-4.2804614e-36,1.4937616e-35,2.2218763e-35
0.304514,0.255289,0.0547386,0.0,-5.7625995e-36,4.5382008e-35,6.4762954e-35
0.3044,0.256915,0.0548169,0.0,-1.9149866e-35,1.5390929e-34,2.5811234e-34
0.306219,0.255035,0.056889,0.0,-7.423495e-36,2.2496896e-35,5.607138e-35
0.306266,0.25697,0.0569332,0.0,-1.5183932e-35,9.141437e-35,2.7998783e-34
0.304625,0.256923,0.0569211,0.0,-1.9913784e-35,1.520578e-34,3.908548e-34
0.304998,0.255457,0.0570513,0.0,-8.6341875e-36,3.4272623e-35,9.901849e-35
0.299994,0.262757,0.0569632,0.0,5.4308463e-33,2.3502717e-32,3.1571836e-32
0.300076,0.260923,0.0569698,0.0,1.1383299e-33,6.3227424e-33,8.801618e-33
0.301536,0.260812,0.0569612,0.0,1.0552772e-33,4.6855087e-33,8.786512e-33
0.301543,0.262724,0.0568881,0.0,4.5567337e-33,2.0283675e-32,2.9253585e-32
0.312513,0.255065,0.0569331,0.0,-1.8227314e-36,1.3201501e-36,6.861305e-36
0.314058,0.254992,0.0569612,0.0,-9.710644e-37,4.054365e-37,3.7295536e-36
0.314032,0.256823,0.0569714,0.0,-3.5107487e-36,1.452359e-36,1.6505518e-35
0.312509,0.256732,0.0569122,0.0,-5.2164815e-36,3.4672366e-36,2.4576097e-35
0.318545,0.262527,0.0539181,0.0,-1.9140301e-34,1.644634e-34,2.0703665e-34
0.318529,0.262741,0.0549253,0.0,-1.9818396e-34,1.7304832e-34,2.2146543e-34
0.318255,0.260744,0.0539522,0.0,-4.39843e-35,3.59517e-35,9.95741e-35
0.293816,0.270361,0.0569678,0.0,7.0747673e-31,1.792405e-30,2.0750411e-30
0.293892,0.272963,0.056559,0.0,2.9368415e-30,8.5691785e-30,3.821659e-30
0.2924,0.272801,0.0565095,0.0,1.9883694e-30,6.77093e-30,3.295325e-30
0.292418,0.271772,0.0569885,0.0,9.1485895e-31,2.0837614e-30,2.657682e-30
0.301627,0.27833,0.0549099,0.0,2.5244837e-28,5.243228e-27,-8.459014e-27
0.300055,0.278338,0.0548675,0.0,6.9224085e-28,4.1917557e-27,-6.2131035e-27
0.300482,0.276903,0.0550723,0.0,2.6557852e-28,1.5550221e-27,-1.6397385e-27
0.301618,0.276412,0.0548284,0.0,8.6987966e-29,1.3360939e-27,-1.5274943e-27
0.306268,0.276326,0.0549142,0.0,-2.794462e-28,8.376689e-28,-1.1425874e-27
0.306214,0.2782,0.0549119,0.0,-8.453041e-28,2.5739957e-27,-4.3654603e-27
0.304698,0.27826,0.0549144,0.0,-8.18859e-28,4.1518135e-27,-6.828045e-27
0.304718,0.27636,0.0549138,0.0,-2.3793858e-28,1.2509823e-27,-1.5900087e-27
0.294094,0.286696,0.054479,0.0,2.5119391e-26,3.8085638e-26,-1.1187583e-25
0.293655,0.287924,0.0539065,0.0,2.50263e-26,3.02234e-26,-9.98475e-26
0.29213,0.288243,0.0539901,0.0,1.9161396e-26,2.2236464e-26,-7.225769e-26
0.292108,0.287291,0.0548901,0.0,1.8660577e-26,2.1554438e-26,-6.990173e-26
0.292132,0.285848,0.0548848,0.0,1.5565529e-26,1.8743102e-26,-5.788077e-26
0.293689,0.286038,0.0549528,0.0,2.302103e-26,3.4832868e-26,-1.0142794e-25
0.237466,0.198785,0.0549809,0.0,0.0,0.0,0.0
0.237132,0.200297,0.0549818,0.0,0.0,0.0,0.0
0.235915,0.200738,0.0548634,0.0,0.0,0.0,0.0
0.235873,0.198764,0.0549244,0.0,0.0,0.0,0.0
0.232787,0.200757,0.0549225,0.0,0.0,0.0,0.0
0.232832,0.19894,0.0549273,0.0,0.0,0.0,0.0
0.231202,0.206551,0.0549243,0.0,0.0,0.0,0.0
0.229663,0.206555,0.0549236,0.0,0.0,0.0,0.0
0.231228,0.20269,0.0549223,0.0,0.0,0.0,0.0
0.22972,0.202756,0.0549199,0.0,0.0,0.0,0.0
0.232524,0.208548,0.0549463,0.0,0.0,0.0,0.0
0.232791,0.20661,0.0549286,0.0,0.0,0.0,0.0
0.232758,0.202673,0.0549175,0.0,0.0,0.0,0.0
0.245299,0.192943,0.0549653,0.0,0.0,0.0,0.0
0.24529,0.194504,0.0551353,0.0,0.0,0.0,0.0
0.243739,0.199238,0.0579596,0.0,0.0,0.0,-0.0
0.243802,0.200361,0.0580565,0.0,0.0,0.0,-0.0
0.242214,0.200759,0.0579471,0.0,0.0,0.0,-0.0
0.241716,0.200248,0.0575015,0.0,0.0,0.0,-0.0
0.244975,0.198507,0.0571227,0.0,0.0,0.0,-0.0
0.245343,0.19884,0.057731,0.0,0.0,0.0,-0.0
0.245329,0.200254,0.0579906,0.0,0.0,0.0,-0.0
0.237763,0.207078,0.0579305,0.0,0.0,0.0,-0.0
0.237587,0.206551,0.0573074,0.0,0.0,0.0,-0.0
0.238226,0.205812,0.0575719,0.0,0.0,0.0,-0.0
0.238457,0.205967,0.0579911,0.0,0.0,0.0,-0.0
0.257685,0.198993,0.0569589,0.0,0.0,0.0,0.0
0.257719,0.20077,0.056888,0.0,0.0,0.0,0.0
0.257754,0.202714,0.0571076,0.0,0.0,0.0,0.0
0.256728,0.202143,0.0575152,0.0,0.0,0.0,0.0
0.260968,0.208471,0.0569513,0.0,0.0,0.0,0.0
0.260933,0.206543,0.0569538,0.0,0.0,0.0,0.0
0.262478,0.206541,0.0569481,0.0,0.0,0.0,0.0
0.251563,0.200318,0.0579769,0.0,0.0,0.0,0.0
0.251569,0.198833,0.0580258,0.0,0.0,0.0,0.0
0.25784,0.208522,0.0579628,0.0,0.0,0.0,0.0
0.256854,0.208478,0.0582883,0.0,0.0,0.0,0.0
0.264037,0.206543,0.05694,0.0,0.0,0.0,0.0
0.268771,0.208402,0.0570314,0.0,0.0,0.0,0.0
0.267371,0.208703,0.0569173,0.0,0.0,0.0,0.0
0.267169,0.206532,0.0569394,0.0,0.0,0.0,0.0
0.268729,0.206472,0.056958,0.0,0.0,0.0,0.0
0.270277,0.206437,0.0569094,0.0,0.0,0.0,0.0
0.270198,0.207892,0.0575876,0.0,0.0,0.0,0.0
0.275003,0.207137,0.057887,0.0,0.0,0.0,0.0
0.275003,0.208496,0.0579469,0.0,0.0,0.0,0.0
0.273466,0.208544,0.0579406,0.0,0.0,0.0,0.0
0.273483,0.207155,0.0579641,0.0,0.0,0.0,0.0
0.27348,0.206303,0.0570082,0.0,0.0,0.0,0.0
0.274997,0.206336,0.0570228,0.0,0.0,0.0,0.0
0.281336,0.207896,0.0575497,0.0,0.0,0.0,0.0
0.280132,0.207825,0.0575006,0.0,0.0,0.0,0.0
0.279595,0.206715,0.0569357,0.0,0.0,0.0,0.0
0.281238,0.206528,0.0569064,0.0,0.0,0.0,0.0
0.28175,0.205877,0.0568117,0.0,0.0,0.0,0.0
0.282889,0.206077,0.0567443,0.0,0.0,0.0,0.0
0.282769,0.208134,0.0573249,0.0,0.0,0.0,0.0
0.276558,0.207136,0.0578887,0.0,0.0,0.0,0.0
0.276552,0.206353,0.0570253,0.0,0.0,0.0,0.0
0.232438,0.210426,0.0550671,0.0,0.0,0.0,0.0
0.23248,0.216228,0.0549087,0.0,0.0,0.0,0.0
0.232408,0.214295,0.0550368,0.0,0.0,0.0,0.0
0.225461,0.218229,0.0549469,0.0,0.0,0.0,0.0
0.226695,0.2182,0.0549179,0.0,0.0,0.0,0.0
0.231226,0.222078,0.0549249,0.0,0.0,0.0,0.0
0.229695,0.222066,0.0549213,0.0,0.0,0.0,0.0
0.231159,0.218182,0.0549218,0.0,0.0,0.0,0.0
0.229681,0.21819,0.0549229,0.0,0.0,0.0,0.0
0.23276,0.224063,0.0549414,0.0,0.0,0.0,0.0
0.232835,0.222022,0.0549199,0.0,0.0,0.0,0.0
0.232498,0.218167,0.0549087,0.0,0.0,0.0,0.0
0.238596,0.216335,0.0572937,0.0,0.0,0.0,0.0
0.239131,0.218103,0.0569446,0.0,0.0,0.0,0.0
0.23878,0.218582,0.056146,0.0,0.0,0.0,0.0
0.237632,0.218095,0.0559129,0.0,0.0,0.0,0.0
0.237351,0.216188,0.0560066,0.0,0.0,0.0,0.0
0.242223,0.222049,0.0570257,0.0,0.0,0.0,0.0
0.2437,0.222468,0.0572097,0.0,0.0,0.0,0.0
0.243773,0.224422,0.0563329,0.0,0.0,0.0,0.0
0.242279,0.223952,0.0558964,0.0,0.0,0.0,0.0
0.241846,0.222537,0.0562632,0.0,0.0,0.0,0.0
0.249963,0.213843,0.0595682,0.0,0.0,0.0,0.0
0.250075,0.216392,0.0599677,0.0,0.0,0.0,0.0
0.248505,0.216354,0.0599505,0.0,0.0,0.0,0.0
0.247962,0.215603,0.0598724,0.0,0.0,0.0,0.0
0.248392,0.214148,0.0599236,0.0,0.0,0.0,0.0
0.243668,0.216212,0.0600111,0.0,0.0,0.0,0.0
0.243632,0.214299,0.0600083,0.0,0.0,0.0,0.0
0.245512,0.214259,0.0588976,0.0,0.0,0.0,0.0
0.245637,0.216256,0.0588803,0.0,0.0,0.0,0.0
0.243756,0.218027,0.0600257,0.0,0.0,0.0,0.0
0.242336,0.21801,0.0599354,0.0,0.0,0.0,0.0
0.242315,0.216242,0.05996,0.0,0.0,0.0,0.0
0.25002,0.218166,0.0599631,0.0,0.0,0.0,0.0
0.248489,0.21822,0.05997,0.0,0.0,0.0,0.0
0.245398,0.217441,0.0591982,0.0,0.0,0.0,0.0
0.245392,0.21783,0.0593041,0.0,0.0,0.0,0.0
0.260966,0.210416,0.0569525,0.0,0.0,0.0,0.0
0.250135,0.222744,0.0574033,0.0,0.0,0.0,0.0
0.251533,0.22238,0.0568645,0.0,0.0,0.0,0.0
0.254743,0.222163,0.0569443,0.0,0.0,0.0,0.0
0.256267,0.222084,0.0569363,0.0,0.0,0.0,0.0
0.256864,0.216867,0.0576291,0.0,0.0,0.0,0.0
0.257851,0.216209,0.0572168,0.0,0.0,0.0,0.0
0.257877,0.218212,0.0569628,0.0,0.0,0.0,0.0
0.256183,0.218201,0.0570382,0.0,0.0,0.0,0.0
0.257738,0.222056,0.0569544,0.0,0.0,0.0,0.0
0.257739,0.223999,0.0569552,0.0,0.0,0.0,0.0
0.256331,0.216211,0.0579607,0.0,0.0,0.0,0.0
0.25737,0.215513,0.0579155,0.0,0.0,0.0,0.0
0.258089,0.214324,0.0570265,0.0,0.0,0.0,0.0
0.257503,0.214245,0.0577895,0.0,0.0,0.0,0.0
0.256534,0.214215,0.0579468,0.0,0.0,0.0,0.0
0.256865,0.210427,0.0582681,0.0,0.0,0.0,0.0
0.257856,0.21038,0.0579742,0.0,0.0,0.0,0.0
0.261353,0.216252,0.0579455,0.0,0.0,0.0,0.0
0.260626,0.216204,0.0571874,0.0,0.0,0.0,0.0
0.260977,0.214357,0.0569133,0.0,0.0,0.0,0.0
0.262197,0.213888,0.0569037,0.0,0.0,0.0,0.0
0.262645,0.214445,0.0575006,0.0,0.0,0.0,0.0
0.262579,0.216284,0.0579317,0.0,0.0,0.0,0.0
0.25578,0.218096,0.0574929,0.0,0.0,0.0,0.0
0.255073,0.218153,0.0580783,0.0,0.0,0.0,0.0
0.255359,0.21685,0.0582437,0.0,0.0,0.0,0.0
0.251569,0.216302,0.0599653,0.0,0.0,0.0,0.0
0.251478,0.218065,0.0599525,0.0,0.0,0.0,0.0
0.262484,0.222059,0.057946,0.0,0.0,0.0,0.0
0.262488,0.224001,0.0579502,0.0,0.0,0.0,0.0
0.261044,0.223994,0.0579771,0.0,0.0,0.0,0.0
0.261041,0.222064,0.0579767,0.0,0.0,0.0,0.0
0.260421,0.217619,0.0574607,0.0,0.0,0.0,0.0
0.26095,0.218195,0.0579728,0.0,0.0,0.0,0.0
0.262511,0.218184,0.0579492,0.0,0.0,0.0,0.0
0.268416,0.214242,0.0580262,0.0,0.0,0.0,0.0
0.2682,0.215646,0.0583197,0.0,0.0,0.0,0.0
0.267174,0.216267,0.0579194,0.0,0.0,0.0,0.0
0.26708,0.214232,0.05796,0.0,0.0,0.0,0.0
0.266772,0.209913,0.0571981,0.0,0.0,0.0,0.0
0.267795,0.209314,0.0575874,0.0,0.0,0.0,0.0
0.267151,0.210473,0.0579489,0.0,0.0,0.0,0.0
0.268769,0.209106,0.0579307,0.0,0.0,0.0,0.0
0.268757,0.210541,0.0579056,0.0,0.0,0.0,0.0
0.264034,0.216228,0.0579475,0.0,0.0,0.0,0.0
0.264071,0.214348,0.0579649,0.0,0.0,0.0,0.0
0.275009,0.210173,0.0579203,0.0,0.0,0.0,0.0
0.273478,0.210053,0.0579334,0.0,0.0,0.0,0.0
0.275061,0.216398,0.0599673,0.0,0.0,0.0,0.0
0.273543,0.216426,0.0599082,0.0,0.0,0.0,0.0
0.272998,0.215724,0.0598024,0.0,0.0,0.0,0.0
0.273474,0.214452,0.0593844,0.0,0.0,0.0,0.0
0.274962,0.213959,0.0596193,0.0,0.0,0.0,0.0
0.270243,0.208986,0.0579678,0.0,0.0,0.0,0.0
0.270271,0.210396,0.0579523,0.0,0.0,0.0,0.0
0.264005,0.224006,0.0579391,0.0,0.0,0.0,0.0
0.263985,0.222059,0.0579671,0.0,0.0,0.0,0.0
0.264023,0.218167,0.0579399,0.0,0.0,0.0,0.0
0.275015,0.218209,0.0599617,0.0,0.0,0.0,0.0
0.273509,0.218264,0.0599667,0.0,0.0,0.0,0.0
0.285946,0.210124,0.0571708,0.0,0.0,0.0,0.0
0.286017,0.208963,0.0569458,0.0,0.0,0.0,0.0
0.281298,0.208839,0.0579693,0.0,0.0,0.0,0.0
0.281226,0.21005,0.0579547,0.0,0.0,0.0,0.0
0.279709,0.209707,0.0584442,0.0,0.0,0.0,0.0
0.279677,0.208385,0.0579509,0.0,0.0,0.0,0.0
0.282769,0.20901,0.0579011,0.0,0.0,0.0,0.0
0.282745,0.210175,0.0579688,0.0,0.0,0.0,0.0
0.281237,0.216281,0.0599625,0.0,0.0,0.0,0.0
0.281197,0.214525,0.0599412,0.0,0.0,0.0,0.0
0.282716,0.214488,0.0600084,0.0,0.0,0.0,0.0
0.282742,0.21633,0.059964,0.0,0.0,0.0,0.0
0.276585,0.216307,0.0599633,0.0,0.0,0.0,0.0
0.276568,0.218197,0.059961,0.0,0.0,0.0,0.0
0.281199,0.223897,0.0599353,0.0,0.0,0.0,0.0
0.279631,0.223835,0.0599664,0.0,0.0,0.0,0.0
0.279673,0.222059,0.0599607,0.0,0.0,0.0,0.0
0.281217,0.222019,0.05996,0.0,0.0,0.0,0.0
0.281242,0.218191,0.059961,0.0,0.0,0.0,0.0
0.279685,0.218192,0.0599608,0.0,0.0,0.0,0.0
0.279689,0.216277,0.0599613,0.0,0.0,0.0,0.0
0.282737,0.223384,0.0599939,0.0,0.0,0.0,0.0
0.282799,0.224381,0.0593092,0.0,0.0,0.0,0.0
0.281716,0.224638,0.0597891,0.0,0.0,0.0,0.0
0.28268,0.221913,0.0599869,0.0,0.0,0.0,0.0
0.282781,0.218192,0.0599655,0.0,0.0,0.0,0.0
0.294647,0.215317,0.0567148,0.0,0.0,0.0,0.0
0.295251,0.216395,0.0569729,0.0,0.0,0.0,0.0
0.294772,0.215099,0.0562132,0.0,0.0,0.0,0.0
0.295613,0.215944,0.0562512,0.0,0.0,0.0,0.0
0.293786,0.217816,0.0571334,0.0,0.0,0.0,0.0
0.292765,0.217514,0.0577087,0.0,0.0,0.0,0.0
0.295239,0.218253,0.0569709,0.0,0.0,0.0,0.0
0.289114,0.216294,0.0579119,0.0,0.0,0.0,0.0
0.287909,0.21626,0.0582551,0.0,0.0,0.0,0.0
0.287424,0.214408,0.0578856,0.0,0.0,0.0,0.0
0.289063,0.214378,0.0579648,0.0,0.0,0.0,0.0
0.289143,0.223527,0.0579137,0.0,0.0,1e-45,0.0
0.28796,0.223411,0.0579985,0.0,0.0,1e-45,0.0
0.287826,0.22195,0.0578901,0.0,0.0,0.0,0.0
0.289168,0.221921,0.0579421,0.0,0.0,0.0,0.0
0.287937,0.21818,0.0582019,0.0,0.0,0.0,0.0
0.289176,0.218184,0.0579209,0.0,0.0,0.0,0.0
0.293775,0.221916,0.0579549,0.0,0.0,0.0,0.0
0.293777,0.223474,0.0580905,0.0,0.0,3e-45,0.0
0.292202,0.223451,0.0580791,0.0,0.0,3e-45,0.0
0.292206,0.221911,0.0579565,0.0,0.0,0.0,0.0
0.300035,0.222582,0.0580407,0.0,-0.0,3e-45,3e-45
0.300004,0.224022,0.0579244,0.0,-0.0,6e-45,3e-45
0.29841,0.224022,0.0579427,0.0,0.0,4e-45,1e-45
0.298485,0.222067,0.0579503,0.0,0.0,1e-45,1e-45
0.298944,0.221437,0.0574288,0.0,0.0,1e-45,1e-45
0.29534,0.223521,0.058113,0.0,0.0,3e-45,0.0
0.295336,0.221955,0.0579487,0.0,0.0,0.0,0.0
0.232787,0.225971,0.0549197,0.0,0.0,0.0,0.0
0.235935,0.23168,0.0548642,0.0,0.0,0.0,0.0
0.235902,0.229811,0.0549258,0.0,0.0,0.0,0.0
0.237506,0.233108,0.0548755,0.0,0.0,0.0,0.0
0.23748,0.234025,0.0541385,0.0,0.0,0.0,0.0
0.235992,0.233562,0.0539684,0.0,0.0,0.0,0.0
0.235456,0.232376,0.0545681,0.0,0.0,0.0,0.0
0.238634,0.234219,0.0543138,0.0,0.0,0.0,0.0
0.239056,0.233629,0.0549065,0.0,0.0,0.0,0.0
0.242194,0.231818,0.0549081,0.0,0.0,0.0,0.0
0.243713,0.232219,0.0549689,0.0,0.0,0.0,0.0
0.243715,0.233763,0.0549293,0.0,0.0,0.0,0.0
0.242176,0.233626,0.0549084,0.0,0.0,0.0,0.0
0.244917,0.232333,0.0549097,0.0,0.0,0.0,0.0
0.245342,0.233724,0.0549208,0.0,0.0,0.0,0.0
0.257815,0.229811,0.056935,0.0,0.0,0.0,0.0
0.257826,0.231713,0.0569523,0.0,0.0,0.0,0.0
0.257761,0.225945,0.0569561,0.0,0.0,0.0,0.0
0.25631,0.233066,0.0569783,0.0,0.0,0.0,0.0
0.255452,0.232752,0.0565899,0.0,0.0,0.0,0.0
0.254846,0.233513,0.0558402,0.0,0.0,0.0,0.0
0.256273,0.233981,0.0561429,0.0,0.0,0.0,0.0
0.255719,0.238251,0.0553016,0.0,0.0,0.0,0.0
0.256288,0.238777,0.0546985,0.0,0.0,0.0,0.0
0.254651,0.238724,0.0544983,0.0,0.0,0.0,0.0
0.254602,0.237993,0.0550938,0.0,0.0,0.0,0.0
0.257805,0.233683,0.0569808,0.0,0.0,0.0,0.0
0.257237,0.234366,0.0567955,0.0,0.0,0.0,0.0
0.25626,0.238801,0.0540683,0.0,0.0,0.0,0.0
0.257728,0.239697,0.054867,0.0,0.0,0.0,0.0
0.257746,0.239332,0.0538919,0.0,0.0,0.0,0.0
0.262526,0.238821,0.05702,0.0,0.0,0.0,0.0
0.261537,0.238558,0.0568492,0.0,0.0,0.0,0.0
0.26096,0.237414,0.0569694,0.0,0.0,0.0,0.0
0.262524,0.237444,0.0569185,0.0,0.0,0.0,0.0
0.26057,0.237943,0.0564863,0.0,0.0,0.0,0.0
0.261938,0.232315,0.0575785,0.0,0.0,0.0,0.0
0.262503,0.233663,0.0570234,0.0,0.0,0.0,0.0
0.260868,0.233717,0.0569546,0.0,0.0,0.0,0.0
0.261015,0.231673,0.0568341,0.0,0.0,0.0,0.0
0.262494,0.225938,0.0579519,0.0,0.0,0.0,0.0
0.261058,0.225889,0.0579763,0.0,0.0,0.0,0.0
0.260614,0.229849,0.0572336,0.0,0.0,0.0,0.0
0.261348,0.229788,0.0580103,0.0,0.0,0.0,0.0
0.262591,0.229754,0.0579274,0.0,0.0,0.0,0.0
0.262492,0.23174,0.0580587,0.0,0.0,0.0,0.0
0.264113,0.237502,0.0569117,0.0,1e-45,1e-45,1e-45
0.26409,0.239399,0.0569271,0.0,4e-45,3e-45,4e-45
0.268686,0.229869,0.0579765,0.0,0.0,0.0,0.0
0.26868,0.231811,0.0579565,0.0,0.0,0.0,0.0
0.267156,0.231767,0.0579508,0.0,0.0,0.0,0.0
0.267116,0.229865,0.0579434,0.0,0.0,0.0,0.0
0.264024,0.225944,0.0579466,0.0,0.0,0.0,0.0
0.264084,0.231735,0.0579381,0.0,0.0,0.0,0.0
0.264051,0.229811,0.0579508,0.0,0.0,0.0,0.0
0.270231,0.231802,0.0579444,0.0,1e-45,1e-45,1e-45
0.269838,0.230408,0.0582155,0.0,0.0,0.0,0.0
0.268719,0.2337,0.0579478,0.0,1e-45,1e-45,1e-45
0.267172,0.233692,0.0579505,0.0,1e-45,0.0,1e-45
0.262959,0.233632,0.0577689,0.0,0.0,0.0,0.0
0.264152,0.233626,0.0579702,0.0,0.0,0.0,0.0
0.268742,0.237561,0.057944,0.0,3.4e-44,2.5e-44,2.4e-44
0.268773,0.239465,0.0579616,0.0,1.28e-43,8.8e-44,8e-44
0.267251,0.239403,0.0577562,0.0,4.5e-44,3.1e-44,3.1e-44
0.267225,0.237506,0.0579378,0.0,1.4e-44,8e-45,1e-44
0.270177,0.233734,0.057949,0.0,4e-45,4e-45,3e-45
0.270288,0.239511,0.057936,0.0,3.1e-43,2.52e-43,2.03e-43
0.270239,0.237572,0.0579399,0.0,7e-44,6.3e-44,5e-44
0.281265,0.237608,0.0593277,0.0,6.852e-42,1.1076e-41,-1.06e-42
0.282348,0.237023,0.059777,0.0,5.97e-42,1.0583e-41,-1.156e-42
0.28293,0.237715,0.059981,0.0,9.166e-42,1.6569e-41,-2.014e-42
0.282969,0.239565,0.0599538,0.0,3.8031e-41,6.9524e-41,-7.252e-42
0.280872,0.239538,0.0595873,0.0,2.6386e-41,4.1037e-41,-2.702e-42
0.300021,0.225557,0.0579357,0.0,-3e-45,2.4e-44,4e-45
0.298766,0.225554,0.0579833,0.0,-1e-45,1.8e-44,3e-45
0.293749,0.239497,0.0599636,0.0,7.1909e-41,4.89443e-40,-1.85365e-40
0.292186,0.239496,0.0599636,0.0,8.4033e-41,4.38929e-40,-1.358e-40
0.292184,0.237554,0.0599637,0.0,1.845e-41,1.00631e-40,-3.201e-41
0.293747,0.237556,0.0599637,0.0,1.5945e-41,1.13204e-40,-4.2382e-41
0.293738,0.23384,0.059967,0.0,9.64e-43,7.207e-42,-2.084e-42
0.29218,0.233842,0.0599652,0.0,1.086e-42,5.992e-42,-1.323e-42
0.292173,0.23241,0.0599527,0.0,4.25e-43,2.151e-42,-4.1e-43
0.292135,0.231205,0.0597841,0.0,2.51e-43,1.324e-42,-2.5e-43
0.293723,0.231191,0.0599039,0.0,1.84e-43,1.414e-42,-4.86e-43
0.29531,0.237557,0.0599637,0.0,1.1561e-41,1.30406e-40,-5.1212e-41
0.295311,0.239498,0.0599637,0.0,5.2564e-41,5.6296e-40,-2.19652e-40
0.306928,0.231084,0.0557107,0.0,-2.44e-43,5.48e-43,-3.6e-44
0.30154,0.224115,0.0579719,0.0,-1e-45,7e-45,6e-45
0.301519,0.225967,0.0579718,0.0,-4e-45,2.7e-44,6e-45
0.305741,0.239513,0.0600249,0.0,-6.2215e-41,1.43776e-40,1.4595e-41
0.305686,0.237654,0.0598649,0.0,-2.0585e-41,4.8804e-41,-1.1e-44
0.30667,0.239516,0.0596581,0.0,-6.6167e-41,1.45851e-40,5.0279e-41
0.304543,0.239504,0.0599564,0.0,-7.9395e-41,2.26569e-40,2.5564e-41
0.304539,0.237627,0.0599827,0.0,-2.0875e-41,5.856e-41,-1.271e-42
0.312559,0.237563,0.0578129,0.0,-1.2762e-41,1.7292e-41,1.8094e-41
0.312491,0.239586,0.0579129,0.0,-3.3498e-41,4.3252e-41,5.1978e-41
0.311612,0.238899,0.058393,0.0,-2.2562e-41,3.237e-41,2.7749e-41
0.311266,0.237537,0.0579665,0.0,-9.383e-42,1.4653e-41,8.363e-42
0.273914,0.248567,0.0569957,0.0,3.60114e-40,4.10697e-40,6.0721e-40
0.274045,0.248445,0.0562419,0.0,3.38018e-40,3.8183e-40,5.67861e-40
0.27506,0.248624,0.0562459,0.0,5.30062e-40,6.98856e-40,1.016987e-39
0.268837,0.241327,0.0575863,0.0,4.48e-43,3.34e-43,3.08e-43
0.270333,0.241407,0.0579251,0.0,1.214e-42,9.74e-43,7.86e-43
0.273781,0.247229,0.0579439,0.0,2.86334e-40,2.9883e-40,4.24913e-40
0.273289,0.245392,0.0579279,0.0,8.4549e-41,7.3476e-41,8.2206e-41
0.274579,0.245339,0.0581757,0.0,1.27727e-40,1.07774e-40,1.23396e-40
0.275102,0.247114,0.0579315,0.0,3.67359e-40,4.39049e-40,6.59038e-40
0.28281,0.24063,0.0542694,0.0,7.874e-42,1.2899e-41,-8.489e-42
0.28281,0.241183,0.0548649,0.0,8.7505e-41,1.60852e-40,-2.8012e-41
0.281182,0.249382,0.0559312,0.0,3.152471e-38,6.0259825e-38,5.559549e-38
0.281147,0.247846,0.0559701,0.0,7.16276e-39,1.3401082e-38,6.607666e-39
0.279656,0.247779,0.0559746,0.0,3.964568e-39,6.405299e-39,5.276772e-39
0.279661,0.249333,0.055924,0.0,1.2549959e-38,2.4702392e-38,3.2094356e-38
0.276479,0.249236,0.0559255,0.0,2.318454e-39,4.191187e-39,6.383325e-39
0.282275,0.247996,0.0557359,0.0,1.1111169e-38,2.4335608e-38,4.323422e-39
0.282787,0.249297,0.055975,0.0,5.341955e-38,1.1341604e-37,6.120593e-38
0.285892,0.25502,0.0559112,0.0,8.42032e-36,1.8866666e-35,1.8044471e-35
0.287478,0.253134,0.0559632,0.0,2.5580885e-36,6.4510906e-36,4.097869e-36
0.285859,0.253149,0.0559359,0.0,2.3089277e-36,5.1041473e-36,4.431128e-36
0.281525,0.25448,0.0568442,0.0,3.5176387e-37,1.4903045e-36,1.5633592e-36
0.282369,0.255322,0.0568132,0.0,1.8602822e-36,6.5968135e-36,6.725481e-36
0.281842,0.254168,0.0562862,0.0,3.57773e-37,1.38971e-36,1.40148e-36
0.28281,0.253026,0.0559381,0.0,5.621538e-37,1.5832807e-36,1.5477655e-36
0.287502,0.24724,0.059967,0.0,2.404203e-38,5.2951807e-38,6.205102e-39
0.285948,0.247234,0.0599673,0.0,1.8311381e-38,3.5977977e-38,9.086747e-39
0.28594,0.245317,0.0599674,0.0,4.724949e-39,9.751714e-39,5.78246e-40
0.287501,0.245318,0.0599672,0.0,5.965754e-39,1.4234021e-38,-2.4604e-41
0.282929,0.247146,0.0600233,0.0,8.73655e-39,1.7934525e-38,1.1897603e-38
0.282389,0.24774,0.0595626,0.0,1.0637443e-38,2.0600363e-38,1.7447574e-38
0.28137,0.247082,0.0589992,0.0,5.225582e-39,7.79381e-39,9.279383e-39
0.280904,0.245289,0.0595479,0.0,1.431062e-39,1.967224e-39,7.94479e-40
0.281804,0.245225,0.0600036,0.0,1.409772e-39,2.259787e-39,9.12939e-40
0.282973,0.24526,0.0599611,0.0,2.16836e-39,3.877745e-39,1.506414e-39
0.276492,0.247685,0.0579578,0.0,8.77817e-40,1.143042e-39,1.747289e-39
0.287506,0.249024,0.0599695,0.0,7.8755614e-38,1.7098723e-37,1.054542e-37
0.285988,0.248999,0.0599466,0.0,6.011329e-38,1.1250901e-37,8.9993994e-38
0.281597,0.25442,0.0579952,0.0,3.45186e-37,1.60042e-36,1.74056e-36
0.282702,0.255055,0.058062,0.0,1.6927476e-36,6.015772e-36,6.3768796e-36
0.281306,0.252953,0.0579164,0.0,1.8643302e-37,7.7640975e-37,9.010877e-37
0.282818,0.25341,0.0578776,0.0,5.051908e-37,1.5404705e-36,1.7014075e-36
0.295312,0.241437,0.059964,0.0,2.42818e-40,2.384472e-39,-7.58702e-40
0.29375,0.241437,0.0599647,0.0,3.23326e-40,2.093667e-39,-6.59623e-40
0.299927,0.247113,0.0599746,0.0,5.69308e-39,7.8674114e-38,1.0273959e-37
0.298409,0.247205,0.0599676,0.0,7.981114e-39,9.863071e-38,9.3981265e-38
0.298426,0.245312,0.0599672,0.0,3.52953e-40,3.03512e-38,8.14142e-39
0.299979,0.245303,0.059966,0.0,-2.1297e-41,2.6096135e-38,1.2600584e-38
0.293751,0.247241,0.059967,0.0,2.2388323e-38,1.1892156e-37,2.9623805e-38
0.29375,0.245317,0.0599672,0.0,5.495933e-39,3.159144e-38,4.59521e-40
0.295311,0.245318,0.0599672,0.0,4.401568e-39,3.476219e-38,2.374031e-39
0.295309,0.247241,0.0599671,0.0,1.8011234e-38,1.2848441e-37,4.89651e-38
0.289065,0.24724,0.0599671,0.0,2.9270076e-38,7.727051e-38,1.4507182e-38
0.289065,0.249027,0.0599679,0.0,1.0132799e-37,2.5235932e-37,1.6394194e-37
0.293752,0.249029,0.0599721,0.0,9.175247e-38,3.6973442e-37,3.56654e-37
0.292192,0.249028,0.0599671,0.0,1.0639421e-37,3.63438e-37,2.8776884e-37
0.29219,0.24724,0.0599672,0.0,2.6977577e-38,1.12443e-37,2.7169033e-38
0.300024,0.253575,0.0579943,0.0,3.464156e-39,1.7415897e-35,2.4514085e-35
0.300039,0.255154,0.0579322,0.0,4.2135833e-36,7.564043e-35,1.1661944e-34
0.298395,0.255061,0.0578885,0.0,8.7692115e-36,9.030432e-35,1.0250087e-34
0.298887,0.253835,0.0582809,0.0,1.25745385e-36,1.9585593e-35,2.6597075e-35
0.299935,0.248562,0.0600105,0.0,1.0636606e-38,1.1595241e-37,1.7895818e-37
0.299995,0.249631,0.0596079,0.0,2.544923e-38,5.038011e-37,6.500356e-37
0.298874,0.249783,0.0597085,0.0,4.775545e-38,5.5648948e-37,8.287431e-37
0.298387,0.249071,0.0599619,0.0,3.8017267e-38,3.135438e-37,5.424489e-37
0.295305,0.249026,0.0599718,0.0,6.9047973e-38,3.744537e-37,4.445985e-37
0.306254,0.245355,0.0547776,0.0,-2.981258e-39,7.483606e-39,9.721033e-39
0.306263,0.245986,0.0540385,0.0,-3.35847e-39,8.14863e-39,1.15813e-38
0.307729,0.245972,0.054005,0.0,-5.013759e-39,9.673752e-39,1.5581305e-38
0.307758,0.245184,0.0548994,0.0,-3.380136e-39,7.00522e-39,1.0226466e-38
0.310945,0.255109,0.0569319,0.0,-2.7410671e-36,2.968112e-36,1.1331921e-35
0.310942,0.253304,0.0569366,0.0,-7.2733507e-37,8.287865e-37,2.3945218e-36
0.312469,0.253171,0.0569825,0.0,-4.100785e-37,2.9394473e-37,1.2665919e-36
0.306694,0.253718,0.0574211,0.0,-1.7804657e-36,4.5264547e-36,1.1375458e-35
0.307908,0.2537,0.0575929,0.0,-1.5867762e-36,2.9238234e-36,7.397008e-36
0.307836,0.255143,0.0569047,0.0,-6.872252e-36,1.5271768e-35,3.8587508e-35
0.3064,0.241407,0.0589048,0.0,-3.05818e-40,6.5109e-40,5.30565e-40
0.305629,0.241425,0.0596624,0.0,-3.35214e-40,7.89336e-40,3.77696e-40
0.304539,0.241431,0.0600015,0.0,-3.15146e-40,9.21808e-40,3.97616e-40
0.312451,0.245255,0.0579546,0.0,-1.701415e-39,1.777435e-39,3.801281e-39
0.312536,0.247323,0.0579275,0.0,-8.935838e-39,8.236024e-39,2.0001677e-38
0.311003,0.247417,0.0578961,0.0,-1.4197188e-38,1.6629095e-38,3.290831e-38
0.310982,0.245752,0.057952,0.0,-2.903105e-39,3.674133e-39,7.002856e-39
0.301571,0.255059,0.0579404,0.0,1.8801788e-36,5.623493e-35,1.213779e-34
0.301546,0.253164,0.0579769,0.0,-1.1002784e-36,1.318181e-35,2.0991646e-35
0.301507,0.247142,0.0599882,0.0,4.143282e-39,6.140464e-38,9.439238e-38
0.300942,0.248403,0.0599595,0.0,8.61228e-39,1.10012e-37,1.85641e-37
0.306243,0.253111,0.0579586,0.0,-1.0905546e-36,2.7464327e-36,7.3657176e-36
0.304645,0.254949,0.0578441,0.0,-3.5590836e-36,2.0952534e-35,6.048851e-35
0.30465,0.253112,0.0579243,0.0,-1.9050574e-36,7.619298e-36,1.6158885e-35
0.312524,0.249223,0.0579345,0.0,-3.2243082e-38,2.5427455e-38,8.1184524e-38
0.310966,0.249248,0.0579394,0.0,-5.2909644e-38,5.788133e-38,1.3944876e-37
0.318809,0.249214,0.0569052,0.0,-3.097977e-39,7.032e-41,1.3136586e-38
0.31764,0.249186,0.0576283,0.0,-5.640647e-39,6.22724e-40,1.7345303e-38
0.313935,0.25293,0.05698,0.0,-2.3615872e-37,1.1381281e-37,7.0559144e-37
0.317141,0.254882,0.0569275,0.0,-2.7794533e-37,-6.621714e-38,1.1057489e-36
0.317178,0.253043,0.0569576,0.0,-9.483193e-38,-1.0389881e-38,3.840469e-37
0.318665,0.252889,0.056956,0.0,-3.6191616e-38,-9.297395e-39,1.9707072e-37
0.320283,0.247871,0.0570162,0.0,-1.122802e-39,5.6503e-41,5.835315e-39
0.320182,0.249279,0.0569503,0.0,-2.038397e-39,2.9821e-41,1.1418211e-38
0.320088,0.252755,0.0569382,0.0,-1.3787855e-38,-1.652235e-39,8.206321e-38
0.320882,0.253469,0.0568364,0.0,-1.7696268e-38,-1.814942e-39,1.1345393e-37
0.320059,0.254587,0.056643,0.0,-3.1912712e-38,-4.728483e-39,2.0875863e-37
0.312779,0.241486,0.0579544,0.0,-1.26296e-40,1.511e-40,2.33622e-40
0.314102,0.241482,0.0579486,0.0,-9.5588e-41,9.7501e-41,1.75728e-40
0.314078,0.247275,0.0579319,0.0,-5.491619e-39,3.8467e-39,1.273065e-38
0.314098,0.245331,0.0579307,0.0,-1.410005e-39,1.180263e-39,2.98789e-39
0.314068,0.249176,0.057931,0.0,-1.9194412e-38,1.0051873e-38,5.117749e-38
0.285935,0.256884,0.0559256,0.0,2.2488068e-35,6.2049973e-35,5.828535e-35
0.287041,0.263141,0.0569434,0.0,4.544083e-34,2.4511686e-33,3.445758e-33
0.286595,0.261902,0.056303,0.0,1.31116e-34,7.73057e-34,8.32278e-34
0.286194,0.262197,0.0568729,0.0,1.1945052e-34,7.79415e-34,8.695233e-34
0.28625,0.260743,0.0559375,0.0,1.2379315e-34,5.6770045e-34,6.081212e-34
0.286356,0.262025,0.0580531,0.0,1.06875e-34,7.86269e-34,9.09674e-34
0.287469,0.262676,0.0580332,0.0,3.971563e-34,2.1973869e-33,3.036006e-33
0.287587,0.260732,0.0579735,0.0,1.9370652e-34,8.356559e-34,9.409157e-34
0.298391,0.262705,0.0570134,0.0,6.2447564e-33,2.4622351e-32,3.120855e-32
0.298731,0.260886,0.0571253,0.0,1.1722633e-33,5.447744e-33,7.242412e-33
0.287723,0.264426,0.0570684,0.0,4.699126e-34,7.2954985e-33,1.1782186e-32
0.287875,0.264449,0.056281,0.0,5.2463015e-34,7.476425e-33,1.1933671e-32
0.289079,0.264499,0.0558994,0.0,7.4631737e-34,1.1030697e-32,1.6702858e-32
0.293805,0.268624,0.0569524,0.0,2.6736128e-31,6.7728387e-31,7.3078763e-31
0.29989,0.264614,0.0569078,0.0,3.6941303e-32,8.2179415e-32,1.1195326e-31
0.29846,0.264703,0.0569708,0.0,3.8854823e-32,9.851681e-32,1.1227311e-31
0.29534,0.268557,0.0569557,0.0,4.116256e-31,8.977534e-31,8.653412e-31
0.295305,0.270314,0.0569298,0.0,1.0420058e-30,2.7595823e-30,2.3735778e-30
0.29376,0.26082,0.0579483,0.0,1.1376523e-33,3.757705e-33,3.8128867e-33
0.293755,0.262715,0.0579522,0.0,3.8689666e-33,1.13281e-32,1.3890493e-32
0.292195,0.262713,0.0579624,0.0,2.8663563e-33,9.6248655e-33,1.1485771e-32
0.292198,0.260819,0.0579585,0.0,9.83229e-34,3.243794e-33,3.045126e-33
0.29271,0.255812,0.0583146,0.0,1.9466661e-35,7.4819366e-35,6.4436496e-35
0.292173,0.257025,0.0579343,0.0,8.383896e-35,2.9131631e-34,2.1861192e-34
0.289086,0.262678,0.0579533,0.0,9.726282e-34,4.0847025e-33,5.4552717e-33
0.289065,0.260803,0.0579585,0.0,4.686185e-34,1.5711656e-33,1.6721628e-33
0.295266,0.262671,0.0579159,0.0,4.5717095e-33,1.251749e-32,1.928076e-32
0.295309,0.260814,0.0579296,0.0,1.4035952e-33,4.2327858e-33,5.258618e-33
0.299963,0.256858,0.0579168,0.0,2.8061762e-35,2.2861223e-34,4.900853e-34
0.298441,0.256975,0.0579233,0.0,7.6474293e-35,3.4576445e-34,4.6909617e-34
0.293724,0.264491,0.0580006,0.0,9.977492e-33,2.730492e-32,4.4253145e-32
0.292193,0.264497,0.057991,0.0,6.875184e-33,2.2436521e-32,4.0675872e-32
0.287991,0.264412,0.0577539,0.0,4.1626023e-34,7.1046776e-33,1.161493e-32
0.289149,0.264416,0.0579839,0.0,9.9190555e-34,9.781252e-33,1.5998156e-32
0.295236,0.264523,0.0578043,0.0,9.015747e-33,2.4485649e-32,4.123792e-32
0.310998,0.256898,0.0569479,0.0,-6.6446884e-36,5.8696625e-36,3.2382352e-35
0.307764,0.256841,0.0569212,0.0,-1.2289552e-35,5.0979755e-35,1.6576562e-34
0.301111,0.264647,0.0569825,0.0,2.596467e-32,6.4176414e-32,1.0111652e-31
0.302009,0.263265,0.0563047,0.0,3.4258247e-33,3.817522e-32,3.978503e-32
0.301904,0.264735,0.0563498,0.0,5.337893e-33,1.0289597e-31,9.4835193e-32
0.307943,0.270579,0.0549092,0.0,-3.7476622e-30,1.0250136e-29,-3.2488843e-30
0.306693,0.270609,0.0551584,0.0,-2.4746206e-30,1.1855699e-29,-7.266999e-31
0.306927,0.269252,0.0553069,0.0,-6.496876e-31,3.7135104e-30,7.773004e-31
0.307952,0.26865,0.0550297,0.0,-4.9851484e-31,1.8936238e-30,3.1585583e-31
0.301574,0.256905,0.0579629,0.0,7.057266e-36,1.6043928e-34,4.177129e-34
0.312485,0.264714,0.054895,0.0,-1.2137271e-32,1.9383354e-32,1.172885e-32
0.312975,0.263373,0.0551888,0.0,-1.5378062e-33,2.0779206e-33,3.632673e-33
0.314139,0.263199,0.0550473,0.0,-1.1725351e-33,1.5203943e-33,1.6416385e-33
0.314111,0.264818,0.0549448,0.0,-8.675599e-33,1.1480519e-32,5.9750117e-33
0.318612,0.268442,0.0549667,0.0,-9.610637e-33,8.494965e-33,2.974093e-33
0.319015,0.268996,0.0544364,0.0,-1.17874915e-32,1.06594805e-32,3.1395044e-33
0.318465,0.270149,0.0540365,0.0,-2.65768e-32,2.40918e-32,4.85357e-33
0.317698,0.271011,0.0545556,0.0,-1.3680001e-31,1.0826484e-31,-4.1093028e-32
0.317161,0.270439,0.0549495,0.0,-1.104006e-31,9.0177373e-32,-2.5984802e-32
0.317137,0.26849,0.0549403,0.0,-3.2776565e-32,2.9552263e-32,3.252745e-33
0.317109,0.263066,0.0550211,0.0,-3.651655e-34,3.6293875e-34,4.063219e-34
0.318543,0.264757,0.0549274,0.0,-1.1725533e-33,1.0218311e-33,8.070191e-34
0.317163,0.264756,0.0549318,0.0,-2.507577e-33,2.4852544e-33,1.6114668e-33
0.319671,0.263514,0.0548138,0.0,-3.27862e-34,2.83421e-34,3.0651e-34
0.319776,0.263409,0.0539942,0.0,-3.27862e-34,2.83421e-34,3.0651e-34
0.295298,0.272805,0.0563271,0.0,1.0074506e-29,2.615126e-29,-9.551504e-30
0.293729,0.284093,0.0549179,0.0,1.452296e-26,2.2653558e-26,-6.104652e-26
0.292161,0.28407,0.0549015,0.0,8.3755234e-27,1.0795076e-26,-2.8773886e-26
0.29894,0.278858,0.0551645,0.0,1.1826907e-27,4.5368373e-27,-5.9381416e-27
0.300055,0.280264,0.0549144,0.0,2.2162756e-27,1.4755686e-26,-2.9518244e-26
0.298435,0.280246,0.0549576,0.0,2.5647091e-27,9.868465e-27,-1.7522642e-26
0.295349,0.286032,0.0549713,0.0,3.7302918e-26,7.319018e-26,-2.0904489e-25
0.294956,0.286702,0.0544859,0.0,4.0882023e-26,7.9272435e-26,-2.2855975e-25
0.295305,0.2841,0.0549233,0.0,2.1326154e-26,4.2093076e-26,-1.120802e-25
0.306272,0.272413,0.054924,0.0,-1.6702036e-29,6.068036e-29,-3.6849886e-29
0.307873,0.272472,0.0549044,0.0,-1.7109598e-29,4.1564045e-29,-3.043503e-29
0.3125,0.278683,0.0544155,0.0,-3.6684716e-29,3.7225235e-29,-7.5882434e-29
0.310963,0.278746,0.0544451,0.0,-8.1889115e-29,1.1112272e-28,-2.0882396e-28
0.310948,0.276166,0.0549114,0.0,-5.6334943e-29,7.4408996e-29,-1.296124e-28
0.31247,0.27614,0.0549011,0.0,-2.5364837e-29,2.572737e-29,-4.801914e-29
0.307816,0.278215,0.0549445,0.0,-5.008781e-28,1.0770308e-27,-1.8223213e-27
0.307822,0.27629,0.0549136,0.0,-2.1707818e-28,4.727751e-28,-6.8706564e-28
0.301585,0.280217,0.0549237,0.0,6.6272723e-28,1.6715272e-26,-3.3890232e-26
0.306177,0.28008,0.0548628,0.0,-1.9877122e-27,7.0183206e-27,-1.3604321e-26
0.304649,0.280139,0.0549094,0.0,-2.3330346e-27,1.2569851e-26,-2.4786144e-26
0.308267,0.278835,0.0544,0.0,-5.9967493e-28,1.2758086e-27,-2.2249479e-27
0.307842,0.280262,0.0542592,0.0,-1.21427e-27,2.64261e-27,-4.82309e-27
0.306739,0.280757,0.0546844,0.0,-2.4586697e-27,8.706481e-27,-1.7468465e-26
0.240576,0.194994,0.0549165,0.0,0.0,0.0,0.0
0.24059,0.193574,0.0550266,0.0,0.0,0.0,0.0
0.240618,0.192571,0.054288,0.0,0.0,0.0,0.0
0.239085,0.196905,0.0548817,0.0,0.0,0.0,0.0
0.237456,0.196861,0.0549173,0.0,0.0,0.0,0.0
0.251544,0.194978,0.0557516,0.0,0.0,0.0,0.0
0.253139,0.19445,0.0550875,0.0,0.0,0.0,0.0
0.253151,0.192898,0.0549547,0.0,0.0,0.0,0.0
0.264083,0.196599,0.054912,0.0,0.0,0.0,0.0
0.262597,0.19638,0.0550892,0.0,0.0,0.0,0.0
0.262634,0.195304,0.0548868,0.0,0.0,0.0,0.0
0.264179,0.195342,0.0549861,0.0,0.0,0.0,0.0
0.228105,0.210432,0.0549213,0.0,0.0,0.0,0.0
0.228105,0.208496,0.0549231,0.0,0.0,0.0,0.0
0.226556,0.212373,0.0549265,0.0,0.0,0.0,0.0
0.225113,0.21233,0.0549388,0.0,0.0,0.0,0.0
0.289266,0.212097,0.0548809,0.0,0.0,0.0,0.0
0.288579,0.210562,0.0547943,0.0,0.0,0.0,0.0
0.288487,0.21116,0.0541032,0.0,0.0,0.0,0.0
0.288876,0.21256,0.0542873,0.0,0.0,0.0,0.0
0.289607,0.210163,0.0552356,0.0,0.0,0.0,0.0
0.288681,0.209071,0.0554173,0.0,0.0,0.0,0.0
0.287713,0.208219,0.0553435,0.0,0.0,0.0,0.0
0.287325,0.209059,0.0548986,0.0,0.0,0.0,0.0
0.287785,0.210088,0.054539,0.0,0.0,0.0,0.0
0.237923,0.22779,0.0556058,0.0,0.0,0.0,0.0
0.237164,0.227953,0.0549345,0.0,0.0,0.0,0.0
0.236902,0.226619,0.0552413,0.0,0.0,0.0,0.0
0.237152,0.226375,0.0557179,0.0,0.0,0.0,0.0
0.302536,0.226773,0.0549165,0.0,-7e-45,3e-44,-0.0
0.301433,0.226107,0.0549154,0.0,-4e-45,2.4e-44,1e-45
0.301491,0.227958,0.0549471,0.0,-8e-45,7.4e-44,3e-45
0.30301,0.228062,0.0549073,0.0,-1.8e-44,7.3e-44,-3e-45
0.301938,0.225517,0.0554013,0.0,-4e-45,2e-44,1e-45
0.303085,0.226506,0.0555073,0.0,-7e-45,3e-44,1e-45
0.303483,0.227521,0.0551993,0.0,-1.4e-44,5.2e-44,-3e-45
0.265762,0.241321,0.0548665,0.0,2e-44,1.1e-44,1.7e-44
0.265643,0.240636,0.054275,0.0,6e-45,4e-45,6e-45
0.263893,0.24127,0.0555877,0.0,4e-45,3e-45,3e-45
0.263439,0.240332,0.05597,0.0,3e-45,1e-45,3e-45
0.278128,0.241103,0.0548358,0.0,1.6258e-41,1.8116e-41,-6.9e-43
0.276541,0.24165,0.0550244,0.0,1.3252e-41,1.3961e-41,1.369e-42
0.276569,0.243312,0.0549322,0.0,3.9574e-41,4.8554e-41,-6.474e-42
0.278137,0.243366,0.0549297,0.0,9.5762e-41,1.19249e-40,-5.692e-42
0.278128,0.240633,0.0542719,0.0,1.662e-42,1.839e-42,-7.62e-43
0.276557,0.240627,0.0543182,0.0,1.167e-42,1.288e-42,-5.89e-43
0.29071,0.242587,0.0542207,0.0,1.55684e-40,4.6081e-40,-3.51775e-40
0.28968,0.242556,0.0540832,0.0,1.36152e-40,4.11725e-40,-2.65906e-40
0.289119,0.243271,0.0548945,0.0,1.65017e-39,5.167567e-39,-4.18593e-40
0.290638,0.242988,0.0547797,0.0,1.369427e-39,4.890984e-39,-7.86176e-40
0.303132,0.241461,0.0549097,0.0,-4.45331e-40,1.994278e-39,1.369081e-39
0.301491,0.241551,0.0547803,0.0,-2.89093e-40,1.820098e-39,1.184232e-39
0.301836,0.243388,0.0543625,0.0,-6.81474e-40,3.53822e-39,2.49065e-39
0.303146,0.2434,0.0548185,0.0,-1.854306e-39,5.928553e-39,5.551929e-39
0.315047,0.242164,0.0549098,0.0,-1.29554e-40,1.21131e-40,2.10963e-40
0.313971,0.241556,0.0548921,0.0,-1.16133e-40,1.17334e-40,1.88737e-40
0.314019,0.243422,0.0549249,0.0,-3.11252e-40,3.07204e-40,6.0854e-40
0.31551,0.243493,0.0548917,0.0,-2.5519e-40,1.93018e-40,4.76514e-40
0.314487,0.240953,0.0551188,0.0,-8.4423e-41,8.3265e-41,1.33582e-40
0.315411,0.241627,0.055603,0.0,-1.16078e-40,1.02928e-40,1.93884e-40
0.316015,0.24286,0.055067,0.0,-1.85686e-40,1.34149e-40,3.37158e-40
0.314026,0.239601,0.0553678,0.0,-4.0196e-41,4.5211e-41,5.8358e-41
0.312959,0.239051,0.0550044,0.0,-2.6693e-41,3.2776e-41,3.522e-41
0.312399,0.239658,0.0549129,0.0,-3.9859e-41,5.1496e-41,5.4872e-41
0.312455,0.241487,0.0549172,0.0,-1.20237e-40,1.56912e-40,2.06305e-40
0.303048,0.256914,0.0548923,0.0,-6.380045e-36,3.1254257e-34,4.4555864e-34
0.301577,0.256918,0.0549251,0.0,1.7349804e-35,3.888864e-34,4.8095457e-34
0.301554,0.258838,0.0549036,0.0,1.7589017e-34,1.6059047e-33,1.9999506e-33
0.303195,0.258913,0.0549318,0.0,9.934249e-35,1.24085615e-33,1.9030128e-33
0.303094,0.273806,0.0555419,0.0,1.02500286e-29,1.0335208e-28,-1.17138384e-29
0.303186,0.274793,0.0548906,0.0,-1.5386507e-29,3.9795072e-28,-3.1187616e-28
0.302137,0.275078,0.0552051,0.0,3.0790916e-29,4.1436195e-28,-2.900224e-28
0.301968,0.274775,0.0556932,0.0,4.9151986e-29,2.1887828e-28,-9.623743e-29
0.314025,0.276201,0.0549717,0.0,-9.811386e-30,8.393999e-30,-1.5004464e-29
0.314436,0.276788,0.0543017,0.0,-1.0937524e-29,9.2660906e-30,-1.7654598e-29
0.313973,0.278192,0.0538712,0.0,-2.20104e-29,1.87818e-29,-3.90906e-29
0.290709,0.287291,0.0549232,0.0,1.0052832e-26,1.0905749e-26,-3.519397e-26
0.290752,0.28821,0.0539626,0.0,1.021637e-26,1.10962485e-26,-3.5789713e-26
0.289578,0.287857,0.0540461,0.0,5.31759e-27,5.38984e-27,-1.79442e-26
0.289842,0.287038,0.0545414,0.0,5.31759e-27,5.38984e-27,-1.79442e-26
0.289646,0.28587,0.0546487,0.0,4.215089e-27,4.1409316e-27,-1.3524658e-26
0.290719,0.285836,0.0549269,0.0,7.790265e-27,8.370735e-27,-2.5987457e-26
0.246861,0.191,0.0538692,0.0,0.0,0.0,0.0
0.246899,0.193017,0.0549603,0.0,0.0,0.0,0.0
0.251536,0.191325,0.054,0.0,0.0,0.0,0.0
0.253107,0.191443,0.0542004,0.0,0.0,0.0,0.0
0.253682,0.19228,0.0545967,0.0,0.0,0.0,0.0
0.235954,0.196989,0.0549131,0.0,0.0,0.0,0.0
0.235943,0.195478,0.0550098,0.0,0.0,0.0,0.0
0.233849,0.196238,0.0546041,0.0,0.0,0.0,0.0
0.234476,0.195029,0.0539822,0.0,0.0,0.0,0.0
0.234913,0.19567,0.0549276,0.0,0.0,0.0,0.0
0.234346,0.196946,0.054946,0.0,0.0,0.0,0.0
0.226642,0.204737,0.0547745,0.0,0.0,0.0,0.0
0.225662,0.205426,0.0545589,0.0,0.0,0.0,0.0
0.228112,0.206568,0.0549241,0.0,0.0,0.0,0.0
0.233855,0.206032,0.0552339,0.0,0.0,0.0,0.0
0.234066,0.20461,0.0548792,0.0,0.0,0.0,0.0
0.24685,0.194461,0.0551,0.0,0.0,0.0,0.0
0.248446,0.195003,0.0557717,0.0,0.0,0.0,0.0
0.240674,0.20659,0.0589422,0.0,0.0,0.0,-0.0
0.239262,0.20671,0.0589697,0.0,0.0,0.0,-0.0
0.238779,0.206201,0.0585683,0.0,0.0,0.0,-0.0
0.239458,0.204689,0.0585922,0.0,0.0,0.0,-0.0
0.240253,0.204199,0.0589244,0.0,0.0,0.0,-0.0
0.24077,0.204784,0.058952,0.0,0.0,0.0,-0.0
0.238288,0.207423,0.0590148,0.0,0.0,0.0,-0.0
0.237885,0.207192,0.0586579,0.0,0.0,0.0,-0.0
0.237763,0.208589,0.0585419,0.0,0.0,0.0,-0.0
0.238254,0.208449,0.0589423,0.0,0.0,0.0,-0.0
0.248444,0.204626,0.0589532,0.0,0.0,0.0,0.0
0.248435,0.206545,0.0589541,0.0,0.0,0.0,0.0
0.246869,0.206537,0.0589539,0.0,0.0,0.0,0.0
0.246875,0.204621,0.058953,0.0,0.0,0.0,0.0
0.260937,0.194979,0.0549515,0.0,0.0,0.0,0.0
0.261363,0.196295,0.0549958,0.0,0.0,0.0,0.0
0.260953,0.196652,0.0555913,0.0,0.0,0.0,0.0
0.25942,0.196931,0.0559539,0.0,0.0,0.0,0.0
0.259336,0.194746,0.0549,0.0,0.0,0.0,0.0
0.259391,0.193579,0.0549055,0.0,0.0,0.0,0.0
0.260352,0.193848,0.0546629,0.0,0.0,0.0,0.0
0.253122,0.206569,0.058956,0.0,0.0,0.0,0.0
0.251573,0.206557,0.0589544,0.0,0.0,0.0,0.0
0.251569,0.204641,0.0589528,0.0,0.0,0.0,0.0
0.253075,0.204704,0.0589866,0.0,0.0,0.0,0.0
0.22395,0.212276,0.0547409,0.0,0.0,0.0,0.0
0.223227,0.212334,0.0539413,0.0,0.0,0.0,0.0
0.234328,0.224043,0.0549773,0.0,0.0,0.0,0.0
0.233938,0.222554,0.0552,0.0,0.0,0.0,0.0
0.234376,0.221962,0.0558237,0.0,0.0,0.0,0.0
0.23552,0.222541,0.0559307,0.0,0.0,0.0,0.0
0.235565,0.224024,0.055996,0.0,0.0,0.0,0.0
0.235273,0.224662,0.0555392,0.0,0.0,0.0,0.0
0.246874,0.210398,0.058969,0.0,0.0,0.0,0.0
0.248426,0.210402,0.0589524,0.0,0.0,0.0,0.0
0.248436,0.212324,0.0589346,0.0,0.0,0.0,0.0
0.24693,0.212324,0.0589669,0.0,0.0,0.0,0.0
0.246909,0.222237,0.0598656,0.0,0.0,0.0,0.0
0.248425,0.221926,0.0594693,0.0,0.0,0.0,0.0
0.248571,0.222333,0.0587761,0.0,0.0,0.0,0.0
0.246874,0.222672,0.0589908,0.0,0.0,0.0,0.0
0.248418,0.219938,0.0599703,0.0,0.0,0.0,0.0
0.249977,0.219975,0.059917,0.0,0.0,0.0,0.0
0.250485,0.220662,0.0597914,0.0,0.0,0.0,0.0
0.249925,0.221509,0.0594091,0.0,0.0,0.0,0.0
0.246937,0.219907,0.0599607,0.0,0.0,0.0,0.0
0.251615,0.212405,0.0592447,0.0,0.0,0.0,0.0
0.251568,0.210421,0.058968,0.0,0.0,0.0,0.0
0.253129,0.210415,0.058967,0.0,0.0,0.0,0.0
0.253129,0.212199,0.0590754,0.0,0.0,0.0,0.0
0.275007,0.220134,0.0599609,0.0,0.0,0.0,0.0
0.273474,0.220137,0.059966,0.0,0.0,0.0,0.0
0.272381,0.223897,0.0599777,0.0,0.0,0.0,0.0
0.271976,0.222028,0.0600187,0.0,0.0,0.0,0.0
0.271655,0.224022,0.0592634,0.0,0.0,0.0,0.0
0.2714,0.22262,0.0596776,0.0,0.0,0.0,0.0
0.272071,0.220134,0.0599916,0.0,0.0,0.0,0.0
0.278234,0.212357,0.0591065,0.0,0.0,0.0,0.0
0.276667,0.212558,0.0591639,0.0,0.0,0.0,0.0
0.276143,0.211906,0.0589107,0.0,0.0,0.0,0.0
0.276562,0.220134,0.0599609,0.0,0.0,0.0,0.0
0.278108,0.223858,0.0599652,0.0,0.0,0.0,0.0
0.278116,0.222064,0.0599609,0.0,0.0,0.0,0.0
0.278122,0.220135,0.0599607,0.0,0.0,0.0,0.0
0.296771,0.222162,0.0549616,0.0,0.0,0.0,0.0
0.298336,0.222171,0.0549214,0.0,0.0,1e-45,0.0
0.298433,0.219842,0.0553924,0.0,0.0,0.0,0.0
0.297448,0.219465,0.054998,0.0,0.0,0.0,0.0
0.296898,0.220079,0.0549007,0.0,0.0,0.0,0.0
0.300452,0.223439,0.0549938,0.0,-0.0,3e-45,1e-45
0.300409,0.222009,0.0551493,0.0,0.0,1e-45,1e-45
0.298445,0.223966,0.0549271,0.0,0.0,3e-45,1e-45
0.29989,0.224046,0.0549373,0.0,-0.0,4e-45,1e-45
0.301021,0.22286,0.0577913,0.0,-0.0,3e-45,3e-45
0.234302,0.226024,0.0549144,0.0,0.0,0.0,0.0
0.235857,0.226009,0.0549182,0.0,0.0,0.0,0.0
0.235823,0.227966,0.0549491,0.0,0.0,0.0,0.0
0.248451,0.235531,0.0548937,0.0,0.0,0.0,0.0
0.250015,0.235854,0.0548063,0.0,0.0,0.0,0.0
0.249923,0.23717,0.0549014,0.0,0.0,-0.0,0.0
0.248348,0.237016,0.0549701,0.0,0.0,0.0,0.0
0.251461,0.236113,0.054977,0.0,0.0,0.0,0.0
0.251533,0.237597,0.0547618,0.0,0.0,0.0,0.0
0.253133,0.237509,0.0548958,0.0,0.0,0.0,0.0
0.25322,0.238702,0.0545517,0.0,0.0,-0.0,0.0
0.252218,0.238616,0.0545487,0.0,0.0,-0.0,0.0
0.259317,0.239781,0.0547521,0.0,0.0,0.0,0.0
0.272008,0.225825,0.0591547,0.0,0.0,0.0,0.0
0.273442,0.227947,0.0589076,0.0,0.0,0.0,0.0
0.271899,0.227856,0.0589698,0.0,0.0,0.0,0.0
0.272542,0.225095,0.0600402,0.0,0.0,0.0,0.0
0.272743,0.236722,0.0588486,0.0,3.9e-44,4e-44,3.8e-44
0.273606,0.237483,0.0589992,0.0,1.71e-43,1.93e-43,9.4e-44
0.273107,0.238015,0.058764,0.0,1.96e-43,2.19e-43,1.33e-43
0.272474,0.237379,0.0583163,0.0,6.7e-44,7.3e-44,7.1e-44
0.274095,0.239326,0.0588265,0.0,9.81e-43,1.19e-42,7.75e-43
0.273485,0.239316,0.0581699,0.0,9.44e-43,1.132e-42,7.95e-43
0.276542,0.228003,0.0589042,0.0,0.0,1e-45,0.0
0.276556,0.226509,0.0597336,0.0,0.0,0.0,0.0
0.278107,0.226513,0.0597646,0.0,0.0,0.0,0.0
0.278112,0.228008,0.0589271,0.0,1e-45,1e-45,1e-45
0.284346,0.226015,0.0589646,0.0,1e-45,3e-45,1e-45
0.285865,0.226089,0.0590113,0.0,1e-45,4e-45,3e-45
0.285917,0.227888,0.0589583,0.0,7e-45,2e-44,1e-44
0.28436,0.227894,0.0589566,0.0,6e-45,1.4e-44,8e-45
0.278111,0.237561,0.0589591,0.0,2.073e-42,2.566e-42,3.7e-43
0.276564,0.237556,0.058958,0.0,9.96e-43,1.075e-42,2.3e-43
0.276561,0.235626,0.05896,0.0,2.42e-43,2.72e-43,6.9e-44
0.278118,0.235628,0.0589592,0.0,4.8e-43,6.21e-43,1.14e-43
0.287552,0.235749,0.0599663,0.0,3.997e-42,1.1303e-41,-1.977e-42
0.285972,0.235725,0.0599524,0.0,3.43e-42,8.447e-42,-1.306e-42
0.284396,0.239512,0.0599654,0.0,4.8817e-41,1.03737e-40,-1.2102e-41
0.28444,0.237701,0.0599718,0.0,1.0964e-41,2.3535e-41,-3.238e-42
0.284426,0.23626,0.059958,0.0,4.917e-42,1.035e-41,-1.163e-42
0.284297,0.235105,0.0597939,0.0,2.95e-42,6.404e-42,-5.89e-43
0.285473,0.234993,0.0597685,0.0,2.23e-42,5.395e-42,-7.12e-43
0.28905,0.22787,0.058966,0.0,1e-44,3.8e-44,1.7e-44
0.289124,0.22605,0.0589717,0.0,3e-45,8e-45,4e-45
0.290672,0.226145,0.059013,0.0,1e-45,1e-44,4e-45
0.290617,0.227866,0.0589634,0.0,1e-44,4.5e-44,1.7e-44
0.296902,0.225631,0.0589513,0.0,1e-45,1.7e-44,1e-45
0.298382,0.226076,0.0586988,0.0,-0.0,2.8e-44,3e-45
0.289074,0.235657,0.059968,0.0,4.843e-42,1.6673e-41,-3.303e-42
0.290624,0.239495,0.0599637,0.0,9.1278e-41,3.81425e-40,-9.0934e-41
0.290623,0.237552,0.0599636,0.0,2.0163e-41,8.6582e-41,-2.2383e-41
0.290623,0.235628,0.0599622,0.0,4.777e-42,2.0948e-41,-4.717e-42
0.300001,0.235674,0.0599705,0.0,-2.459e-42,2.883e-41,-8.863e-42
0.298437,0.235641,0.0599645,0.0,-1.01e-42,3.0055e-41,-1.0099e-41
0.296875,0.239498,0.0599637,0.0,1.987e-41,5.80093e-40,-2.21123e-40
0.296875,0.237558,0.0599639,0.0,3.706e-42,1.3432e-40,-5.2898e-41
0.296872,0.235635,0.0599639,0.0,7.62e-43,3.2912e-41,-1.1245e-41
0.301546,0.235634,0.054894,0.0,-3.076e-42,3.182e-41,7.975e-42
0.301568,0.237571,0.0549152,0.0,-1.5526e-41,1.38667e-40,4.7093e-41
0.303123,0.237572,0.0549169,0.0,-2.3713e-41,1.22544e-40,4.554e-41
0.303116,0.235632,0.054923,0.0,-4.99e-42,2.6797e-41,6.676e-42
0.309323,0.237635,0.0549349,0.0,-1.3321e-41,2.5222e-41,1.1884e-41
0.310819,0.237755,0.0548816,0.0,-1.3067e-41,2.0212e-41,1.1579e-41
0.311427,0.237062,0.0551518,0.0,-1.0783e-41,1.5203e-41,9.931e-42
0.309733,0.235251,0.0553063,0.0,-3.255e-42,5.493e-42,1.185e-42
0.309232,0.235836,0.054905,0.0,-3.734e-42,6.876e-42,1.427e-42
0.310887,0.239559,0.0549235,0.0,-4.085e-41,6.5886e-41,5.6849e-41
0.312528,0.23801,0.055318,0.0,-1.6214e-41,2.1836e-41,1.8143e-41
0.307898,0.231764,0.0579193,0.0,-3.28e-43,7.36e-43,3.4e-44
0.30667,0.231307,0.0579597,0.0,-2.6e-43,6.01e-43,8e-45
0.306306,0.229849,0.0579595,0.0,-8e-44,2.33e-43,0.0
0.307936,0.229897,0.0577911,0.0,-1.04e-43,2.69e-43,1.4e-44
0.301564,0.235752,0.0599671,0.0,-3.92e-42,2.6305e-41,-6.126e-42
0.303109,0.239498,0.0599664,0.0,-8.1691e-41,3.3751e-40,-1.113e-42
0.303115,0.237581,0.0599668,0.0,-1.9594e-41,8.12e-41,-9.124e-42
0.303091,0.235819,0.0599546,0.0,-5.335e-42,2.2152e-41,-3.098e-42
0.273427,0.243273,0.0549428,0.0,9.375e-42,9.808e-42,4.759e-42
0.273431,0.241799,0.0545382,0.0,5.092e-42,4.567e-42,2.513e-42
0.271866,0.241803,0.0545359,0.0,2.323e-42,1.878e-42,1.512e-42
0.2719,0.24327,0.0549257,0.0,4.055e-42,4.068e-42,2.906e-42
0.268406,0.241857,0.0570117,0.0,3.92e-43,3.01e-43,2.97e-43
0.26722,0.241337,0.056958,0.0,1.05e-43,7.4e-44,8.3e-44
0.26686,0.239921,0.0570128,0.0,4.5e-44,3e-44,3.2e-44
0.273851,0.240831,0.0586491,0.0,1.579e-42,1.911e-42,1.383e-42
0.27423,0.240506,0.0589556,0.0,1.49e-42,1.834e-42,1.275e-42
0.275182,0.241321,0.0589555,0.0,7.315e-42,6.939e-42,1.754e-42
0.274636,0.241861,0.0586268,0.0,9.293e-42,8.746e-42,2.574e-42
0.274081,0.248358,0.0576992,0.0,3.83038e-40,4.40643e-40,6.48032e-40
0.285928,0.243413,0.0549203,0.0,1.177515e-39,2.837678e-39,-2.25465e-40
0.285943,0.241666,0.0550145,0.0,2.98419e-40,6.93888e-40,-1.07024e-40
0.284369,0.241214,0.0548713,0.0,1.25502e-40,2.57713e-40,-4.4647e-41
0.284369,0.243394,0.0549187,0.0,8.09794e-40,1.732022e-39,-2.14542e-40
0.285932,0.240635,0.0543354,0.0,1.4945e-41,2.7751e-41,-2.0549e-41
0.284369,0.240637,0.0542762,0.0,1.2203e-41,2.2009e-41,-1.5554e-41
0.276681,0.243307,0.0589354,0.0,6.0411e-41,5.1907e-41,2.475e-41
0.276598,0.241416,0.0589465,0.0,1.6095e-41,1.524e-41,4.097e-42
0.278097,0.241442,0.0589446,0.0,3.4641e-41,3.7734e-41,1.0854e-41
0.278109,0.243377,0.0589483,0.0,1.36519e-40,1.37082e-40,7.0663e-41
0.284389,0.241439,0.0599671,0.0,2.20939e-40,4.50879e-40,-2.7457e-41
0.287501,0.243377,0.0599672,0.0,1.508848e-39,3.866352e-39,-3.8595e-40
0.285938,0.243378,0.0599675,0.0,1.203675e-39,2.693558e-39,-1.72301e-40
0.28439,0.243378,0.0599669,0.0,9.55331e-40,1.86815e-39,8.2581e-41
0.285968,0.251494,0.0594997,0.0,2.9936623e-37,5.7173937e-37,5.592695e-37
0.28601,0.252908,0.0588959,0.0,9.7810095e-37,2.0886335e-36,2.9589587e-36
0.284554,0.25282,0.0590309,0.0,6.350423e-37,1.3566797e-36,1.8841361e-36
0.287529,0.253016,0.058908,0.0,1.3142489e-36,3.0981465e-36,4.3962316e-36
0.28405,0.253403,0.0586233,0.0,7.764421e-37,1.6999495e-36,2.4833122e-36
0.289181,0.252269,0.0549129,0.0,4.201998e-37,2.0750817e-36,-7.3922984e-38
0.290713,0.25289,0.0548959,0.0,5.782919e-37,6.601697e-36,1.9119768e-36
0.290649,0.251063,0.0549183,0.0,3.244381e-37,1.9950535e-36,4.6539714e-37
0.289141,0.250944,0.0548986,0.0,2.9552988e-37,1.3957621e-36,1.996638e-38
0.296876,0.253061,0.0549313,0.0,3.567653e-36,2.6455468e-35,1.7211167e-35
0.298443,0.253062,0.0549381,0.0,2.2084358e-36,2.691819e-35,1.923812e-35
0.298439,0.251127,0.0549299,0.0,4.0663493e-37,6.623094e-36,4.103888e-36
0.296874,0.251122,0.0549254,0.0,7.471431e-37,6.361582e-36,3.5476734e-36
0.296874,0.241438,0.0599636,0.0,1.05914e-40,2.443598e-39,-7.2887e-40
0.299991,0.243377,0.0599638,0.0,-3.91027e-40,7.778388e-39,5.92151e-40
0.298433,0.243377,0.0599646,0.0,1.3827e-41,8.883344e-39,-6.22272e-40
0.296872,0.243377,0.059965,0.0,5.22546e-40,9.871841e-39,-1.129517e-39
0.29843,0.253424,0.058741,0.0,1.1723333e-36,8.6239715e-36,1.5354454e-35
0.296917,0.253445,0.0588632,0.0,2.7179863e-36,1.4498088e-35,2.4922196e-35
0.296844,0.25145,0.059617,0.0,4.2408125e-37,1.4647482e-36,3.361395e-36
0.29837,0.250997,0.0593078,0.0,2.713123e-37,1.3255919e-36,2.7009537e-36
0.310938,0.243352,0.0549298,0.0,-6.7925e-40,1.022225e-39,1.50165e-39
0.310935,0.241429,0.0549335,0.0,-1.59633e-40,2.55465e-40,2.99968e-40
0.309377,0.241422,0.0549293,0.0,-2.31143e-40,4.29235e-40,4.58572e-40
0.309374,0.243337,0.0549303,0.0,-9.40299e-40,1.778402e-39,2.260037e-39
0.301498,0.251135,0.0549254,0.0,-3.7463746e-37,5.846813e-36,4.60365e-36
0.301526,0.253068,0.0549289,0.0,-1.01122325e-36,2.4202373e-35,2.2691373e-35
0.303368,0.253034,0.0548934,0.0,-2.0327834e-36,1.5346627e-35,1.4147017e-35
0.302947,0.251112,0.0550213,0.0,-6.9897615e-37,4.7521723e-36,4.082188e-36
0.30923,0.24145,0.0589454,0.0,-1.73669e-40,2.52021e-40,3.63238e-40
0.311214,0.241476,0.0589672,0.0,-1.39711e-40,1.78e-40,2.45369e-40
0.31115,0.24325,0.0589482,0.0,-4.0382e-40,5.3536e-40,1.225982e-39
0.309209,0.243315,0.058947,0.0,-5.4767e-40,9.63218e-40,1.906981e-39
0.314267,0.251177,0.0548502,0.0,-3.693852e-38,2.6383443e-38,1.121032e-37
0.314089,0.253049,0.0547902,0.0,-1.3403254e-37,8.029569e-38,4.3751363e-37
0.315714,0.253041,0.0548913,0.0,-1.6594691e-37,6.5555814e-38,5.836391e-37
0.315693,0.251117,0.0548911,0.0,-4.1496696e-38,1.989994e-38,1.3730289e-37
0.313539,0.25124,0.0540632,0.0,-2.5140536e-38,2.3146387e-38,7.446048e-38
0.313591,0.25305,0.0541452,0.0,-3.98494e-38,3.76195e-38,1.20272e-37
0.298439,0.25886,0.0549089,0.0,3.2035855e-34,1.869757e-33,1.7592004e-33
0.298442,0.256929,0.0549395,0.0,6.9441663e-35,4.503178e-34,4.024206e-34
0.29688,0.256931,0.0549393,0.0,8.637465e-35,4.1583847e-34,3.10248e-34
0.296883,0.258865,0.0549423,0.0,3.908269e-34,1.6666177e-33,1.3564089e-33
0.30053,0.26723,0.0559066,0.0,1.3067794e-31,8.356748e-31,4.4319885e-31
0.301188,0.267184,0.0558806,0.0,7.0306417e-32,8.100259e-31,2.142035e-31
0.301149,0.26803,0.0559086,0.0,2.1142434e-31,2.6350037e-30,1.2380063e-32
0.300475,0.268081,0.0558564,0.0,2.5759266e-31,2.0799853e-30,4.288172e-31
0.311006,0.26674,0.0549347,0.0,-1.0342875e-31,1.8828833e-31,4.885543e-32
0.312534,0.26667,0.0549307,0.0,-6.847942e-32,1.0158177e-31,2.5189404e-32
0.309457,0.268636,0.0549383,0.0,-6.66259e-31,1.4961944e-30,6.213569e-33
0.30942,0.270531,0.0549318,0.0,-3.1137689e-30,6.2050224e-30,-2.492023e-30
0.314082,0.266642,0.0549363,0.0,-4.0983804e-32,5.1050797e-32,1.3262772e-32
0.315633,0.268554,0.0549391,0.0,-7.6265115e-32,7.5951993e-32,-3.1171004e-34
0.315605,0.270476,0.0548987,0.0,-2.5053878e-31,2.2581025e-31,-8.8639985e-32
0.297414,0.271121,0.0559393,0.0,2.9939933e-30,9.970917e-30,2.2138795e-31
0.298076,0.271051,0.0558872,0.0,2.9693843e-30,1.1147815e-29,-1.5520251e-30
0.298026,0.271899,0.0559027,0.0,9.660732e-30,3.28541e-29,-1.4238141e-29
0.297345,0.271962,0.0558814,0.0,7.473708e-30,2.3791942e-29,-7.531284e-30
0.290698,0.284106,0.054985,0.0,3.5925504e-27,3.816981e-27,-1.00383675e-26
0.289758,0.28422,0.0544682,0.0,2.0242465e-27,1.862361e-27,-5.405893e-27
0.298452,0.282183,0.0549303,0.0,8.5980554e-27,3.3335878e-26,-8.0626404e-26
0.300014,0.282143,0.0549244,0.0,5.877999e-27,3.9084647e-26,-9.900419e-26
0.296878,0.284085,0.0549227,0.0,2.4345553e-26,6.4095195e-26,-1.7524368e-25
0.296883,0.285826,0.0548985,0.0,4.666938e-26,1.2262305e-25,-3.5848283e-25
0.309405,0.27246,0.0549072,0.0,-1.2674116e-29,2.2843123e-29,-1.8675524e-29
0.310952,0.274375,0.0549078,0.0,-2.4286535e-29,3.12984e-29,-4.2537016e-29
0.312507,0.274367,0.0549086,0.0,-1.15603855e-29,1.20995894e-29,-1.7440621e-29
0.301573,0.282128,0.0549234,0.0,1.0333215e-27,4.3976087e-26,-1.0891505e-25
0.303032,0.283882,0.0548813,0.0,-1.3011715e-26,9.7095755e-26,-2.6598349e-25
0.303045,0.285354,0.0549248,0.0,-1.4735168e-26,1.3559501e-25,-3.8294518e-25
0.29838,0.287883,0.0538596,0.0,5.54371e-26,1.85436e-25,-5.49316e-25
0.296884,0.288185,0.0539949,0.0,6.2697334e-26,1.6612715e-25,-4.8953907e-25
0.296891,0.28727,0.0549981,0.0,6.2679726e-26,1.6617398e-25,-4.896841e-25
0.240711,0.20086,0.057087,0.0,0.0,0.0,-0.0
0.240375,0.200467,0.0562972,0.0,0.0,0.0,-0.0
0.243752,0.196549,0.0559207,0.0,0.0,0.0,0.0
0.242182,0.1969,0.0557722,0.0,0.0,0.0,0.0
0.241779,0.196385,0.0549951,0.0,0.0,0.0,0.0
0.238588,0.198244,0.0553037,0.0,0.0,0.0,0.0
0.240592,0.196505,0.0549488,0.0,0.0,0.0,0.0
0.240556,0.198751,0.0559271,0.0,0.0,0.0,0.0
0.240119,0.200103,0.0558933,0.0,0.0,0.0,-0.0
0.253396,0.196619,0.0562984,0.0,0.0,0.0,0.0
0.2561,0.197842,0.0566872,0.0,0.0,0.0,0.0
0.254748,0.197498,0.0570309,0.0,0.0,0.0,0.0
0.253,0.197136,0.0569039,0.0,0.0,0.0,0.0
0.253411,0.198525,0.0571516,0.0,0.0,0.0,0.0
0.252583,0.195727,0.0563326,0.0,0.0,0.0,0.0
0.25144,0.195479,0.0562016,0.0,0.0,0.0,0.0
0.250041,0.197111,0.056956,0.0,0.0,0.0,0.0
0.250082,0.19585,0.0566668,0.0,0.0,0.0,0.0
0.251427,0.195861,0.0567163,0.0,0.0,0.0,0.0
0.251484,0.197096,0.0569409,0.0,0.0,0.0,0.0
0.252373,0.19601,0.0567299,0.0,0.0,0.0,0.0
0.26712,0.196995,0.0548369,0.0,0.0,0.0,0.0
0.267535,0.198415,0.0549984,0.0,0.0,0.0,0.0
0.267191,0.198825,0.0556379,0.0,0.0,0.0,0.0
0.265567,0.196676,0.0549475,0.0,0.0,0.0,0.0
0.268788,0.198416,0.0550638,0.0,0.0,0.0,0.0
0.268808,0.199187,0.0558993,0.0,0.0,0.0,0.0
0.268765,0.197206,0.0550122,0.0,0.0,0.0,0.0
0.231135,0.212359,0.0549262,0.0,0.0,0.0,0.0
0.229665,0.212367,0.054918,0.0,0.0,0.0,0.0
0.22812,0.214312,0.0549219,0.0,0.0,0.0,0.0
0.228133,0.216254,0.0549232,0.0,0.0,0.0,0.0
0.265571,0.208391,0.0569557,0.0,0.0,0.0,0.0
0.265612,0.210241,0.0569468,0.0,0.0,0.0,0.0
0.262501,0.212367,0.0569242,0.0,0.0,0.0,0.0
0.263698,0.211931,0.0571129,0.0,0.0,0.0,0.0
0.2926,0.213941,0.0554942,0.0,0.0,0.0,0.0
0.29085,0.212291,0.0564292,0.0,0.0,0.0,0.0
0.290843,0.212312,0.0553844,0.0,0.0,0.0,0.0
0.293688,0.214677,0.055578,0.0,0.0,0.0,0.0
0.291139,0.215706,0.0575479,0.0,0.0,0.0,0.0
0.290747,0.214319,0.057475,0.0,0.0,0.0,0.0
0.290196,0.214364,0.0539009,0.0,0.0,0.0,0.0
0.290899,0.21442,0.0546364,0.0,0.0,0.0,0.0
0.290467,0.213145,0.0549268,0.0,0.0,0.0,0.0
0.288973,0.214353,0.0539458,0.0,0.0,0.0,0.0
0.289906,0.21153,0.0565674,0.0,0.0,0.0,0.0
0.288814,0.212832,0.0571393,0.0,0.0,0.0,0.0
0.287863,0.211886,0.0572903,0.0,0.0,0.0,0.0
0.292216,0.214479,0.0548931,0.0,0.0,0.0,0.0
0.293689,0.215073,0.0549623,0.0,0.0,0.0,0.0
0.22917,0.226521,0.0545324,0.0,0.0,0.0,0.0
0.230114,0.22781,0.0548962,0.0,0.0,0.0,0.0
0.229442,0.227884,0.0540195,0.0,0.0,0.0,0.0
0.231337,0.227759,0.0549067,0.0,0.0,0.0,0.0
0.231278,0.229247,0.0548664,0.0,0.0,0.0,0.0
0.231236,0.230134,0.0539654,0.0,0.0,0.0,0.0
0.229787,0.229683,0.0538426,0.0,0.0,0.0,0.0
0.242341,0.229544,0.0559673,0.0,0.0,0.0,0.0
0.241862,0.230176,0.0556061,0.0,0.0,0.0,0.0
0.240556,0.229447,0.0557122,0.0,0.0,0.0,0.0
0.240187,0.228345,0.0558636,0.0,0.0,0.0,0.0
0.240693,0.227741,0.0559167,0.0,0.0,0.0,0.0
0.242249,0.227814,0.0559324,0.0,0.0,0.0,0.0
0.242929,0.230683,0.0559328,0.0,0.0,0.0,0.0
0.242715,0.231079,0.0555402,0.0,0.0,0.0,0.0
0.243811,0.231614,0.0556598,0.0,0.0,0.0,0.0
0.243894,0.230875,0.0560092,0.0,0.0,0.0,0.0
0.240544,0.230305,0.0549258,0.0,0.0,0.0,0.0
0.239094,0.228185,0.0558381,0.0,0.0,0.0,0.0
0.24058,0.231894,0.0549434,0.0,0.0,0.0,0.0
0.239133,0.225802,0.0559298,0.0,0.0,0.0,0.0
0.240641,0.225915,0.0559284,0.0,0.0,0.0,0.0
0.241679,0.230494,0.0551376,0.0,0.0,0.0,0.0
0.242188,0.225986,0.0559288,0.0,0.0,0.0,0.0
0.256263,0.22787,0.0569395,0.0,0.0,0.0,0.0
0.254749,0.227806,0.056926,0.0,0.0,0.0,0.0
0.253102,0.22982,0.0563222,0.0,0.0,0.0,0.0
0.252683,0.228392,0.056747,0.0,0.0,0.0,0.0
0.253239,0.227731,0.0568775,0.0,0.0,0.0,0.0
0.253163,0.224029,0.0569374,0.0,0.0,0.0,0.0
0.253203,0.225867,0.0569319,0.0,0.0,0.0,0.0
0.251558,0.229822,0.055927,0.0,0.0,0.0,0.0
0.251535,0.227906,0.0564403,0.0,0.0,0.0,0.0
0.305107,0.227934,0.0559451,0.0,-2.2e-44,6.9e-44,-4e-45
0.304202,0.228067,0.0556709,0.0,-3e-44,8.7e-44,-6e-45
0.305005,0.229463,0.0554448,0.0,-9.5e-44,2.42e-43,-4.9e-44
0.3053,0.229215,0.0558873,0.0,-5.2e-44,1.36e-43,-2.1e-44
0.30589,0.230371,0.0553987,0.0,-1.43e-43,3.46e-43,-8e-44
0.306694,0.231353,0.0551995,0.0,-3.62e-43,8.07e-43,-5.2e-44
0.301538,0.22983,0.0549251,0.0,-3.2e-44,3.52e-43,1.7e-44
0.303074,0.2299,0.0549106,0.0,-6.6e-44,3.2e-43,-1.7e-44
0.303311,0.22556,0.0560252,0.0,-6e-45,2.4e-44,3e-45
0.302213,0.225236,0.0558144,0.0,-3e-45,1.4e-44,4e-45
0.301354,0.223946,0.0551945,0.0,-0.0,6e-45,3e-45
0.303863,0.225234,0.0570781,0.0,-7e-45,2.7e-44,6e-45
0.303113,0.224245,0.0571446,0.0,-3e-45,1.1e-44,6e-45
0.304548,0.23001,0.0549351,0.0,-1.25e-43,3.56e-43,-6.9e-44
0.305606,0.230695,0.0549199,0.0,-1.57e-43,4.02e-43,-9.2e-44
0.306112,0.231988,0.0549002,0.0,-4.13e-43,1.005e-42,-5.3e-44
0.304698,0.226557,0.0561166,0.0,-1.3e-44,4.3e-44,0.0
0.305744,0.2268,0.0563468,0.0,-1.5e-44,5.2e-44,-1e-45
0.306936,0.227327,0.0570541,0.0,-3e-44,9e-44,0.0
0.305805,0.226661,0.0570119,0.0,-1.7e-44,5.5e-44,1e-45
0.265204,0.241827,0.0550489,0.0,3.1e-44,1.8e-44,2.5e-44
0.267118,0.243486,0.0552202,0.0,1.44e-43,1.04e-43,1.08e-43
0.26718,0.239401,0.0538938,0.0,1.1e-44,6e-45,1.1e-44
0.265624,0.239428,0.0538812,0.0,1.1e-44,6e-45,1.1e-44
0.265222,0.24186,0.0562936,0.0,4.6e-44,3e-44,3.6e-44
0.264392,0.240967,0.056327,0.0,8e-45,6e-45,7e-45
0.264657,0.240664,0.0568713,0.0,8e-45,6e-45,8e-45
0.265698,0.241281,0.0569258,0.0,4.5e-44,2.8e-44,3.4e-44
0.265699,0.239419,0.0568795,0.0,1.3e-44,8e-45,1e-44
0.268773,0.243269,0.0569354,0.0,9.43e-43,8.69e-43,8.6e-43
0.267185,0.242761,0.056916,0.0,1.46e-43,1.06e-43,1.19e-43
0.266246,0.242441,0.0567449,0.0,8.8e-44,5.5e-44,6.6e-44
0.281213,0.246938,0.0556837,0.0,1.301872e-39,3.365737e-39,-9.89363e-40
0.279721,0.246873,0.055617,0.0,8.61499e-40,1.505027e-39,-2.58961e-40
0.278222,0.246684,0.055452,0.0,5.84208e-40,8.90382e-40,1.4239e-41
0.278135,0.247699,0.0559503,0.0,2.013112e-39,2.941101e-39,3.335648e-39
0.279693,0.243369,0.0549283,0.0,2.02635e-40,2.75172e-40,1.2106e-41
0.276537,0.244681,0.0548778,0.0,5.9463e-41,7.6287e-41,-1.5525e-41
0.278166,0.245132,0.0549253,0.0,3.22666e-40,4.82851e-40,-4.6795e-41
0.276529,0.245659,0.0554051,0.0,1.42205e-40,1.93211e-40,4.0681e-41
0.277732,0.245745,0.0552138,0.0,3.84834e-40,5.74242e-40,6.142e-42
0.279733,0.245065,0.0549379,0.0,5.4956e-40,9.11634e-40,-1.40134e-40
0.281246,0.246462,0.0550404,0.0,1.115218e-39,3.007289e-39,-9.73855e-40
0.279772,0.246333,0.0549902,0.0,7.54734e-40,1.332505e-39,-2.8804e-40
0.278763,0.246263,0.0549334,0.0,5.75288e-40,8.94047e-40,-8.487e-41
0.293725,0.242665,0.0543724,0.0,5.0542e-41,7.89339e-40,-1.057103e-39
0.292184,0.242627,0.0542591,0.0,1.86158e-40,5.63445e-40,-6.32933e-40
0.292185,0.243229,0.0548813,0.0,1.888498e-39,7.797864e-39,-1.750781e-39
0.293704,0.243689,0.0549906,0.0,2.361598e-39,1.2658756e-38,-3.029602e-39
0.289058,0.245293,0.0549155,0.0,8.126631e-39,2.6262175e-38,9.82328e-40
0.290618,0.245341,0.0549171,0.0,1.1057199e-38,3.9541722e-38,1.290447e-39
0.292179,0.245375,0.0549185,0.0,1.3066866e-38,5.3759313e-38,-8.00444e-40
0.304675,0.243333,0.0549554,0.0,-2.098817e-39,6.003537e-39,6.280492e-39
0.304685,0.241443,0.0549253,0.0,-4.67699e-40,1.47597e-39,1.13054e-39
0.303159,0.245368,0.0539075,0.0,-4.034e-39,1.1274e-38,1.18329e-38
0.304749,0.244864,0.054222,0.0,-3.513061e-39,9.85476e-39,1.0854274e-38
0.317464,0.243284,0.0560733,0.0,-2.33214e-40,1.2563e-40,4.46515e-40
0.316794,0.243406,0.0554121,0.0,-2.76308e-40,1.56627e-40,5.26733e-40
0.314068,0.245299,0.0549381,0.0,-1.203979e-39,1.102365e-39,2.749984e-39
0.315585,0.245359,0.0549398,0.0,-8.65803e-40,6.10589e-40,1.926839e-39
0.317068,0.245446,0.0548495,0.0,-8.05531e-40,4.33382e-40,1.95222e-39
0.318114,0.246133,0.0549173,0.0,-8.64646e-40,4.40977e-40,2.23875e-39
0.318618,0.247415,0.0548935,0.0,-1.24735e-39,4.76285e-40,4.210336e-39
0.291822,0.262739,0.055975,0.0,3.0018891e-33,1.1672475e-32,1.1306772e-32
0.293354,0.262665,0.0549338,0.0,4.5387743e-33,1.4605248e-32,1.4013723e-32
0.293385,0.260812,0.0549126,0.0,1.2130985e-33,4.1389725e-33,3.462061e-33
0.291836,0.260814,0.0559751,0.0,1.0160568e-33,3.4526694e-33,2.7868795e-33
0.290493,0.260812,0.055907,0.0,7.842074e-34,2.6063595e-33,2.2635663e-33
0.290483,0.262725,0.0559073,0.0,2.1077903e-33,8.22579e-33,8.65069e-33
0.293359,0.258963,0.0549311,0.0,3.5307256e-34,1.2542323e-33,8.881324e-34
0.291834,0.258893,0.0559749,0.0,3.2119198e-34,1.08706035e-33,7.5943083e-34
0.292365,0.254814,0.0549635,0.0,4.2569056e-36,4.056637e-35,1.3972103e-35
0.291917,0.255376,0.055422,0.0,9.511796e-36,6.832133e-35,2.2338867e-35
0.292593,0.256963,0.0555099,0.0,6.200325e-35,2.5828194e-34,1.3893683e-34
0.293355,0.257473,0.0551249,0.0,1.134372e-34,4.359288e-34,2.7349118e-34
0.293854,0.256874,0.0549349,0.0,5.7217813e-35,2.5609878e-34,1.5523929e-34
0.293815,0.254927,0.054915,0.0,9.916194e-36,6.7754415e-35,3.0624687e-35
0.290482,0.257014,0.0559049,0.0,8.515469e-35,2.5694116e-34,1.7992507e-34
0.287486,0.258862,0.0559116,0.0,1.1728829e-34,3.2067089e-34,3.042345e-34
0.289015,0.258886,0.0559152,0.0,2.0415437e-34,5.7124842e-34,4.8090397e-34
0.291662,0.255625,0.0558673,0.0,2.1553228e-35,9.779742e-35,4.7941424e-35
0.29178,0.257065,0.0559718,0.0,8.371901e-35,3.0318708e-34,1.8431731e-34
0.306233,0.258802,0.0569303,0.0,-6.2989335e-36,2.1173227e-34,7.532501e-34
0.306714,0.259501,0.0566256,0.0,-1.3272207e-34,4.1368314e-34,1.0344184e-33
0.30619,0.260784,0.0559623,0.0,-4.7279985e-34,1.8907538e-33,2.8675007e-33
0.304711,0.261216,0.0564417,0.0,1.6351064e-34,2.0991872e-33,4.4437742e-33
0.304661,0.260208,0.0569057,0.0,1.4038229e-34,6.6937676e-34,2.42474e-33
0.304653,0.258801,0.0569445,0.0,3.8778833e-35,4.3650835e-34,1.4144472e-33
0.304351,0.258383,0.0547468,0.0,-1.09938095e-35,5.3695806e-34,1.0033474e-33
0.304744,0.258879,0.0539913,0.0,1.5768823e-35,7.916845e-34,1.5481132e-33
0.301501,0.260694,0.0548977,0.0,7.107763e-34,6.199202e-33,8.792498e-33
0.302931,0.260775,0.0549842,0.0,6.1398366e-34,4.7086307e-33,7.543737e-33
0.303147,0.258955,0.0569516,0.0,1.384715e-34,8.457654e-34,1.9916265e-33
0.301533,0.258899,0.0571428,0.0,1.0999766e-34,1.00232475e-33,1.8611273e-33
0.302108,0.257642,0.0577163,0.0,7.985643e-36,2.6031589e-34,6.0447005e-34
0.303119,0.257321,0.0570524,0.0,-4.9705137e-36,2.3359316e-34,5.0793276e-34
0.300021,0.259024,0.0570559,0.0,1.6219168e-34,1.33616e-33,1.957508e-33
0.303118,0.260774,0.0569276,0.0,7.4435466e-34,2.5136176e-33,6.685693e-33
0.312559,0.263065,0.055768,0.0,-6.436845e-34,8.382807e-34,3.0346863e-33
0.314089,0.26227,0.055911,0.0,-1.1033664e-34,1.0840155e-34,7.083559e-34
0.315624,0.263121,0.0550069,0.0,-8.012518e-34,9.174074e-34,9.422834e-34
0.313973,0.258782,0.0560702,0.0,-1.283603e-35,1.0822759e-35,4.651701e-35
0.314488,0.257481,0.0566591,0.0,-3.7266177e-36,7.165406e-37,1.7467081e-35
0.315579,0.254892,0.056977,0.0,-4.9716043e-37,8.836678e-39,1.8852812e-36
0.313455,0.25805,0.0568938,0.0,-5.50879e-36,2.36187e-36,2.66657e-35
0.312513,0.258108,0.0569646,0.0,-7.164968e-36,4.6673978e-36,3.5498736e-35
0.31246,0.259028,0.0560975,0.0,-3.7921333e-35,3.9755804e-35,1.1083497e-34
0.317944,0.261865,0.0553577,0.0,-2.39385e-35,1.4448e-35,9.85446e-35
0.317015,0.261938,0.055231,0.0,-3.3840436e-35,1.9856362e-35,1.5025538e-34
0.312374,0.260668,0.0559705,0.0,-1.2161541e-34,1.3061471e-34,6.7208687e-34
0.292412,0.272433,0.0548311,0.0,1.3898962e-30,5.6332292e-30,3.2967606e-30
0.291331,0.272261,0.054937,0.0,1.2147971e-30,6.0382365e-30,3.0375154e-30
0.290772,0.27229,0.0554851,0.0,1.25349705e-30,5.923726e-30,3.0946401e-30
0.290789,0.270574,0.0554356,0.0,7.026901e-31,1.9475192e-30,1.7806955e-30
0.291321,0.270605,0.0549268,0.0,8.518578e-31,2.2981684e-30,2.0366179e-30
0.290962,0.272409,0.0565911,0.0,1.1451671e-30,4.669365e-30,2.9418947e-30
0.292463,0.274299,0.0559227,0.0,1.0404905e-29,2.4605722e-29,-5.9430974e-30
0.291525,0.273487,0.0559719,0.0,1.5638e-30,8.22108e-30,3.69372e-30
0.29148,0.271603,0.0569008,0.0,8.00266e-31,1.94935e-30,2.38992e-30
0.294234,0.27394,0.0559055,0.0,1.7725155e-29,3.8106296e-29,-1.7473625e-29
0.293843,0.274422,0.0559263,0.0,2.7286284e-29,5.653867e-29,-3.1191007e-29
0.29428,0.273174,0.0560674,0.0,5.61135e-30,1.4007296e-29,4.8518285e-31
0.303461,0.272399,0.0557598,0.0,3.9279465e-30,6.2744896e-29,-7.589519e-30
0.304563,0.272276,0.0550498,0.0,-4.2296327e-31,5.339941e-29,-2.8451259e-30
0.305069,0.27289,0.0548855,0.0,-1.3884545e-29,9.5671744e-29,-3.9480502e-29
0.304682,0.274376,0.0549317,0.0,-5.7004126e-29,3.431553e-28,-2.96728e-28
0.306308,0.274428,0.0549062,0.0,-7.603891e-29,2.4880538e-28,-2.4526528e-28
0.304711,0.270901,0.0558913,0.0,-6.247699e-32,1.734945e-29,1.8005387e-30
0.305921,0.270487,0.0557778,0.0,-8.296661e-31,9.381587e-30,2.021978e-30
0.303644,0.271097,0.0558742,0.0,1.2321591e-30,2.3317178e-29,-1.2393238e-30
0.303194,0.27644,0.0549151,0.0,-9.489936e-29,1.5056156e-27,-1.857392e-27
0.30315,0.278281,0.0549162,0.0,-3.8568902e-28,5.1614915e-27,-8.442353e-27
0.301387,0.274142,0.0559517,0.0,4.3528e-29,1.7122445e-28,-8.3536315e-29
0.30145,0.272348,0.0559127,0.0,1.2634567e-29,6.1936866e-29,-1.9373202e-29
0.234309,0.200707,0.0549227,0.0,0.0,0.0,0.0
0.234349,0.19884,0.0549243,0.0,0.0,0.0,0.0
0.232821,0.197505,0.0547352,0.0,0.0,0.0,0.0
0.2313,0.196951,0.0538527,0.0,0.0,0.0,0.0
0.232811,0.196712,0.0540218,0.0,0.0,0.0,0.0
0.229673,0.204631,0.0549233,0.0,0.0,0.0,0.0
0.231219,0.204619,0.0549213,0.0,0.0,0.0,0.0
0.228166,0.2028,0.0549349,0.0,0.0,0.0,0.0
0.22767,0.202188,0.0544371,0.0,0.0,0.0,0.0
0.228067,0.20071,0.0543181,0.0,0.0,0.0,0.0
0.234368,0.202729,0.0549018,0.0,0.0,0.0,0.0
0.235519,0.20222,0.0550828,0.0,0.0,0.0,0.0
0.232704,0.204581,0.0549426,0.0,0.0,0.0,0.0
0.237536,0.204716,0.0562656,0.0,0.0,0.0,-0.0
0.237082,0.206605,0.0566705,0.0,0.0,0.0,-0.0
0.243885,0.197534,0.0561978,0.0,0.0,0.0,0.0
0.245417,0.197557,0.0570252,0.0,0.0,0.0,-0.0
0.246917,0.197207,0.0569432,0.0,0.0,0.0,0.0
0.248524,0.195573,0.056342,0.0,0.0,0.0,0.0
0.247986,0.196272,0.0567203,0.0,0.0,0.0,0.0
0.248548,0.196934,0.0569612,0.0,0.0,0.0,0.0
0.250035,0.195468,0.0561748,0.0,0.0,0.0,0.0
0.238578,0.204506,0.057264,0.0,0.0,0.0,-0.0
0.23839,0.20402,0.0567673,0.0,0.0,0.0,-0.0
0.246915,0.198807,0.0580204,0.0,0.0,0.0,-0.0
0.246891,0.200225,0.0579859,0.0,0.0,0.0,0.0
0.241842,0.20229,0.0586344,0.0,0.0,0.0,-0.0
0.240541,0.202987,0.0588859,0.0,0.0,0.0,-0.0
0.240582,0.202262,0.0580064,0.0,0.0,0.0,-0.0
0.241659,0.201986,0.0582019,0.0,0.0,0.0,-0.0
0.240046,0.20197,0.05764,0.0,0.0,0.0,-0.0
0.243821,0.200874,0.0587455,0.0,0.0,0.0,-0.0
0.242698,0.201387,0.0585728,0.0,0.0,0.0,-0.0
0.238995,0.204526,0.0579398,0.0,0.0,0.0,-0.0
0.242241,0.204673,0.0589574,0.0,0.0,0.0,-0.0
0.242182,0.206525,0.0589526,0.0,0.0,0.0,-0.0
0.242331,0.202929,0.0589828,0.0,0.0,0.0,-0.0
0.242914,0.201784,0.0589684,0.0,0.0,0.0,-0.0
0.243877,0.20164,0.059033,0.0,0.0,0.0,-0.0
0.246881,0.202863,0.0589428,0.0,0.0,0.0,0.0
0.248452,0.202867,0.058945,0.0,0.0,0.0,0.0
0.245304,0.206527,0.0589539,0.0,0.0,0.0,0.0
0.245309,0.204615,0.0589528,0.0,0.0,0.0,0.0
0.245318,0.202861,0.0589419,0.0,0.0,0.0,-0.0
0.245322,0.200856,0.0586685,0.0,0.0,0.0,0.0
0.243804,0.202885,0.0589362,0.0,0.0,0.0,-0.0
0.246886,0.200849,0.0586714,0.0,0.0,0.0,0.0
0.257073,0.197922,0.0567657,0.0,0.0,0.0,0.0
0.257225,0.197622,0.056249,0.0,0.0,0.0,0.0
0.258061,0.198446,0.0563207,0.0,0.0,0.0,0.0
0.259351,0.198985,0.0559205,0.0,0.0,0.0,0.0
0.258709,0.199574,0.056786,0.0,0.0,0.0,0.0
0.2589,0.200757,0.0570235,0.0,0.0,0.0,0.0
0.259719,0.200643,0.0564856,0.0,0.0,0.0,0.0
0.258238,0.198092,0.0559436,0.0,0.0,0.0,0.0
0.257867,0.194533,0.0552218,0.0,0.0,0.0,0.0
0.257892,0.193494,0.0549126,0.0,0.0,0.0,0.0
0.259968,0.201966,0.0568728,0.0,0.0,0.0,0.0
0.259399,0.202648,0.0569679,0.0,0.0,0.0,0.0
0.259426,0.204595,0.0569575,0.0,0.0,0.0,0.0
0.262432,0.204628,0.056977,0.0,0.0,0.0,0.0
0.260878,0.204732,0.0569223,0.0,0.0,0.0,0.0
0.259555,0.20852,0.0568706,0.0,0.0,0.0,0.0
0.259306,0.206599,0.0569406,0.0,0.0,0.0,0.0
0.260903,0.203283,0.0569529,0.0,0.0,0.0,0.0
0.253069,0.198913,0.0577647,0.0,0.0,0.0,0.0
0.254196,0.199412,0.0579886,0.0,0.0,0.0,0.0
0.254694,0.200718,0.0579898,0.0,0.0,0.0,0.0
0.253106,0.200719,0.0579381,0.0,0.0,0.0,0.0
0.254661,0.203187,0.0585739,0.0,0.0,0.0,0.0
0.253518,0.202286,0.0587231,0.0,0.0,0.0,0.0
0.253708,0.201958,0.0582669,0.0,0.0,0.0,0.0
0.254715,0.202291,0.0579727,0.0,0.0,0.0,0.0
0.251528,0.202906,0.0589405,0.0,0.0,0.0,0.0
0.252995,0.202959,0.0589836,0.0,0.0,0.0,0.0
0.254512,0.204805,0.0589813,0.0,0.0,0.0,0.0
0.254528,0.206621,0.0589479,0.0,0.0,0.0,0.0
0.256337,0.208486,0.0588851,0.0,0.0,0.0,0.0
0.254552,0.208506,0.0589446,0.0,0.0,0.0,0.0
0.255045,0.204234,0.0589126,0.0,0.0,0.0,0.0
0.257314,0.203382,0.0579132,0.0,0.0,0.0,0.0
0.25614,0.202816,0.0578871,0.0,0.0,0.0,0.0
0.27187,0.200667,0.0559763,0.0,0.0,0.0,0.0
0.27181,0.199478,0.0555651,0.0,0.0,0.0,0.0
0.272773,0.199681,0.0553793,0.0,0.0,0.0,0.0
0.270406,0.198308,0.0550407,0.0,0.0,0.0,0.0
0.270368,0.19924,0.0559377,0.0,0.0,0.0,0.0
0.269779,0.197501,0.0546811,0.0,0.0,0.0,0.0
0.270649,0.198443,0.0539798,0.0,0.0,0.0,0.0
0.269819,0.197554,0.0539653,0.0,0.0,0.0,0.0
0.271913,0.199128,0.0538815,0.0,0.0,0.0,0.0
0.271865,0.198866,0.0548819,0.0,0.0,0.0,0.0
0.265683,0.202758,0.0564887,0.0,0.0,0.0,0.0
0.265705,0.202086,0.0558971,0.0,0.0,0.0,0.0
0.267192,0.202101,0.0559028,0.0,0.0,0.0,0.0
0.267187,0.20276,0.0565296,0.0,0.0,0.0,0.0
0.268735,0.204779,0.056929,0.0,0.0,0.0,0.0
0.267177,0.204792,0.0569297,0.0,0.0,0.0,0.0
0.267182,0.203466,0.0570063,0.0,0.0,0.0,0.0
0.26874,0.203464,0.057007,0.0,0.0,0.0,0.0
0.265655,0.204805,0.0569315,0.0,0.0,0.0,0.0
0.265693,0.203477,0.0569815,0.0,0.0,0.0,0.0
0.262832,0.203946,0.0566433,0.0,0.0,0.0,0.0
0.263663,0.203899,0.0568174,0.0,0.0,0.0,0.0
0.264102,0.204653,0.0569272,0.0,0.0,0.0,0.0
0.265608,0.206552,0.0569427,0.0,0.0,0.0,0.0
0.264096,0.202653,0.0562934,0.0,0.0,0.0,0.0
0.264526,0.202016,0.0558614,0.0,0.0,0.0,0.0
0.271873,0.202761,0.0565362,0.0,0.0,0.0,0.0
0.27031,0.202762,0.0565345,0.0,0.0,0.0,0.0
0.270317,0.202103,0.0558982,0.0,0.0,0.0,0.0
0.271882,0.202098,0.0558928,0.0,0.0,0.0,0.0
0.270303,0.203462,0.0570037,0.0,0.0,0.0,0.0
0.270301,0.204775,0.0569206,0.0,0.0,0.0,0.0
0.271857,0.204761,0.0569143,0.0,0.0,0.0,0.0
0.271859,0.203462,0.0570059,0.0,0.0,0.0,0.0
0.27496,0.204658,0.0569922,0.0,0.0,0.0,0.0
0.273379,0.20473,0.0569438,0.0,0.0,0.0,0.0
0.271931,0.206606,0.0568672,0.0,0.0,0.0,0.0
0.273419,0.202782,0.0565607,0.0,0.0,0.0,0.0
0.274954,0.203234,0.0563011,0.0,0.0,0.0,0.0
0.275461,0.204055,0.0568181,0.0,0.0,0.0,0.0
0.27335,0.203498,0.0569982,0.0,0.0,0.0,0.0
0.271421,0.207816,0.0575637,0.0,0.0,0.0,0.0
0.271866,0.208483,0.0580067,0.0,0.0,0.0,0.0
0.279669,0.202781,0.0555981,0.0,0.0,0.0,0.0
0.279605,0.204548,0.0561702,0.0,0.0,0.0,0.0
0.278185,0.204154,0.056838,0.0,0.0,0.0,0.0
0.281781,0.203894,0.0556888,0.0,0.0,0.0,0.0
0.281217,0.204677,0.0563659,0.0,0.0,0.0,0.0
0.276659,0.204114,0.0568366,0.0,0.0,0.0,0.0
0.278146,0.205198,0.0569324,0.0,0.0,0.0,0.0
0.278079,0.206381,0.0570608,0.0,0.0,0.0,0.0
0.279746,0.203056,0.0545336,0.0,0.0,0.0,0.0
0.280659,0.205347,0.0569925,0.0,0.0,0.0,0.0
0.27963,0.205284,0.0569306,0.0,0.0,0.0,0.0
0.281558,0.203961,0.0543337,0.0,0.0,0.0,0.0
0.282858,0.205055,0.0546117,0.0,0.0,0.0,0.0
0.282926,0.204592,0.0555977,0.0,0.0,0.0,0.0
0.28429,0.206624,0.0563545,0.0,0.0,0.0,0.0
0.284856,0.207824,0.0567344,0.0,0.0,0.0,0.0
0.284345,0.208505,0.0571132,0.0,0.0,0.0,0.0
0.278072,0.20715,0.0579503,0.0,0.0,0.0,0.0
0.223978,0.213546,0.0548339,0.0,0.0,0.0,0.0
0.223456,0.214258,0.0540318,0.0,0.0,0.0,0.0
0.23354,0.212511,0.0559984,0.0,0.0,0.0,0.0
0.233548,0.21419,0.0559738,0.0,0.0,0.0,0.0
0.232938,0.214255,0.0556527,0.0,0.0,0.0,0.0
0.232917,0.212401,0.0556931,0.0,0.0,0.0,0.0
0.234551,0.214247,0.0559403,0.0,0.0,0.0,0.0
0.234541,0.212494,0.0559334,0.0,0.0,0.0,0.0
0.234042,0.21673,0.0557595,0.0,0.0,0.0,0.0
0.233391,0.216145,0.0552967,0.0,0.0,0.0,0.0
0.233655,0.215404,0.0558828,0.0,0.0,0.0,0.0
0.234527,0.216168,0.0559812,0.0,0.0,0.0,0.0
0.232413,0.212351,0.0550327,0.0,0.0,0.0,0.0
0.233151,0.210478,0.0559138,0.0,0.0,0.0,0.0
0.236987,0.2157,0.0558739,0.0,0.0,0.0,0.0
0.236334,0.215704,0.0559084,0.0,0.0,0.0,0.0
0.236333,0.214832,0.0558983,0.0,0.0,0.0,0.0
0.236991,0.214813,0.0558323,0.0,0.0,0.0,0.0
0.235871,0.210458,0.0559525,0.0,0.0,0.0,0.0
0.235891,0.212398,0.0559032,0.0,0.0,0.0,0.0
0.235904,0.214308,0.0559469,0.0,0.0,0.0,0.0
0.228144,0.218196,0.054922,0.0,0.0,0.0,0.0
0.228191,0.222009,0.0549101,0.0,0.0,0.0,0.0
0.228208,0.223896,0.0548816,0.0,0.0,0.0,0.0
0.229686,0.220133,0.0549217,0.0,0.0,0.0,0.0
0.231185,0.220133,0.0549229,0.0,0.0,0.0,0.0
0.232539,0.220078,0.0549314,0.0,0.0,0.0,0.0
0.234171,0.220031,0.0557821,0.0,0.0,0.0,0.0
0.236077,0.221996,0.055923,0.0,0.0,0.0,0.0
0.236108,0.220067,0.0559263,0.0,0.0,0.0,0.0
0.237547,0.222062,0.0559295,0.0,0.0,0.0,0.0
0.237635,0.223932,0.0559411,0.0,0.0,0.0,0.0
0.240696,0.222039,0.0559071,0.0,0.0,0.0,0.0
0.239038,0.222122,0.0559277,0.0,0.0,0.0,0.0
0.239151,0.220101,0.0559093,0.0,0.0,0.0,0.0
0.240184,0.220675,0.0564735,0.0,0.0,0.0,0.0
0.24052,0.22023,0.0571336,0.0,0.0,0.0,0.0
0.241552,0.220929,0.0575257,0.0,0.0,0.0,0.0
0.240207,0.214334,0.0599073,0.0,0.0,0.0,-0.0
0.238799,0.214252,0.0585931,0.0,0.0,0.0,-0.0
0.245454,0.212389,0.0588987,0.0,0.0,0.0,0.0
0.245169,0.210509,0.059009,0.0,0.0,0.0,0.0
0.243623,0.212531,0.0600071,0.0,0.0,0.0,0.0
0.243755,0.209927,0.0599093,0.0,0.0,0.0,0.0
0.246971,0.214201,0.0588957,0.0,0.0,0.0,0.0
0.240222,0.218649,0.0578538,0.0,0.0,0.0,0.0
0.24011,0.218628,0.0586625,0.0,0.0,0.0,0.0
0.241045,0.219566,0.058638,0.0,0.0,0.0,0.0
0.242051,0.220304,0.0587548,0.0,0.0,0.0,0.0
0.241939,0.220819,0.0581098,0.0,0.0,0.0,0.0
0.24014,0.218765,0.0572426,0.0,0.0,0.0,0.0
0.243358,0.220608,0.0586228,0.0,0.0,0.0,0.0
0.243129,0.220935,0.0582304,0.0,0.0,0.0,0.0
0.243719,0.221727,0.0578695,0.0,0.0,0.0,0.0
0.241227,0.218002,0.059971,0.0,0.0,0.0,0.0
0.240076,0.218203,0.0597504,0.0,0.0,0.0,0.0
0.240208,0.216245,0.0598778,0.0,0.0,0.0,0.0
0.243749,0.219433,0.0598034,0.0,0.0,0.0,0.0
0.242347,0.219311,0.0598793,0.0,0.0,0.0,0.0
0.241366,0.219152,0.0599917,0.0,0.0,0.0,0.0
0.248522,0.222775,0.0581201,0.0,0.0,0.0,0.0
0.246874,0.222809,0.0582928,0.0,0.0,0.0,0.0
0.246983,0.218253,0.0600031,0.0,0.0,0.0,0.0
0.246963,0.215823,0.0593791,0.0,0.0,0.0,0.0
0.245101,0.222604,0.0590791,0.0,0.0,0.0,0.0
0.245182,0.221762,0.0599399,0.0,0.0,0.0,0.0
0.245168,0.222815,0.0582365,0.0,0.0,0.0,0.0
0.246867,0.223944,0.0571861,0.0,0.0,0.0,0.0
0.245261,0.223772,0.057306,0.0,0.0,0.0,0.0
0.244681,0.222926,0.0576474,0.0,0.0,0.0,0.0
0.24534,0.219934,0.0600192,0.0,0.0,0.0,0.0
0.259333,0.216208,0.0569319,0.0,0.0,0.0,0.0
0.259425,0.214325,0.0569487,0.0,0.0,0.0,0.0
0.259339,0.212294,0.0569232,0.0,0.0,0.0,0.0
0.258162,0.212829,0.0569559,0.0,0.0,0.0,0.0
0.259558,0.210369,0.0568675,0.0,0.0,0.0,0.0
0.260907,0.212321,0.0569328,0.0,0.0,0.0,0.0
0.253087,0.222075,0.0569236,0.0,0.0,0.0,0.0
0.25618,0.220031,0.0569445,0.0,0.0,0.0,0.0
0.254701,0.220166,0.0569327,0.0,0.0,0.0,0.0
0.25355,0.220708,0.057177,0.0,0.0,0.0,0.0
0.259418,0.218234,0.0570262,0.0,0.0,0.0,0.0
0.257784,0.220121,0.0569553,0.0,0.0,0.0,0.0
0.259249,0.220165,0.0569576,0.0,0.0,0.0,0.0
0.2592,0.223993,0.056941,0.0,0.0,0.0,0.0
0.259197,0.222064,0.0569397,0.0,0.0,0.0,0.0
0.255195,0.216329,0.0588485,0.0,0.0,0.0,0.0
0.25521,0.214822,0.0589136,0.0,0.0,0.0,0.0
0.25581,0.214179,0.058503,0.0,0.0,0.0,0.0
0.256288,0.212346,0.0588117,0.0,0.0,0.0,0.0
0.256835,0.212377,0.058251,0.0,0.0,0.0,0.0
0.254554,0.210436,0.0589565,0.0,0.0,0.0,0.0
0.25448,0.212466,0.0591926,0.0,0.0,0.0,0.0
0.256346,0.210429,0.0588795,0.0,0.0,0.0,0.0
0.253047,0.216244,0.0599525,0.0,0.0,0.0,0.0
0.254059,0.215519,0.0600252,0.0,0.0,0.0,0.0
0.25451,0.216253,0.0596198,0.0,0.0,0.0,0.0
0.253633,0.216806,0.0598272,0.0,0.0,0.0,0.0
0.257747,0.21228,0.0574752,0.0,0.0,0.0,0.0
0.254468,0.218131,0.058732,0.0,0.0,0.0,0.0
0.254566,0.219494,0.0576991,0.0,0.0,0.0,0.0
0.25318,0.22044,0.0578148,0.0,0.0,0.0,0.0
0.253156,0.219661,0.0585948,0.0,0.0,0.0,0.0
0.253701,0.218711,0.0590066,0.0,0.0,0.0,0.0
0.255615,0.219276,0.0575582,0.0,0.0,0.0,0.0
0.25265,0.219453,0.0593587,0.0,0.0,0.0,0.0
0.25353,0.218221,0.0596286,0.0,0.0,0.0,0.0
0.251986,0.220601,0.0586728,0.0,0.0,0.0,0.0
0.251589,0.220415,0.0594379,0.0,0.0,0.0,0.0
0.251482,0.219475,0.0599897,0.0,0.0,0.0,0.0
0.252641,0.218064,0.0600144,0.0,0.0,0.0,0.0
0.252386,0.219169,0.059861,0.0,0.0,0.0,0.0
0.261053,0.220167,0.057975,0.0,0.0,0.0,0.0
0.262485,0.220116,0.0579498,0.0,0.0,0.0,0.0
0.259905,0.22399,0.0576705,0.0,0.0,0.0,0.0
0.259903,0.222067,0.0576672,0.0,0.0,0.0,0.0
0.259922,0.220226,0.0576918,0.0,0.0,0.0,0.0
0.267146,0.21237,0.0579429,0.0,0.0,0.0,0.0
0.268798,0.212408,0.057938,0.0,0.0,0.0,0.0
0.265559,0.216207,0.0579563,0.0,0.0,0.0,0.0
0.265589,0.214288,0.0579454,0.0,0.0,0.0,0.0
0.263018,0.213084,0.0576806,0.0,0.0,0.0,0.0
0.264061,0.21246,0.0579343,0.0,0.0,0.0,0.0
0.2719,0.212055,0.0587924,0.0,0.0,0.0,0.0
0.270409,0.212895,0.0587194,0.0,0.0,0.0,0.0
0.270299,0.21194,0.0579432,0.0,0.0,0.0,0.0
0.271413,0.211661,0.0582797,0.0,0.0,0.0,0.0
0.271914,0.210392,0.0579234,0.0,0.0,0.0,0.0
0.273458,0.212045,0.0588729,0.0,0.0,0.0,0.0
0.271985,0.214484,0.0590196,0.0,0.0,0.0,0.0
0.265505,0.218125,0.0579132,0.0,0.0,0.0,0.0
0.266717,0.218108,0.0582992,0.0,0.0,0.0,0.0
0.26745,0.218213,0.0589704,0.0,0.0,0.0,0.0
0.268427,0.217731,0.0589744,0.0,0.0,0.0,0.0
0.264002,0.22011,0.0579391,0.0,0.0,0.0,0.0
0.265349,0.222059,0.0580098,0.0,0.0,0.0,0.0
0.265582,0.223957,0.0579585,0.0,0.0,0.0,0.0
0.272011,0.218308,0.0599909,0.0,0.0,0.0,0.0
0.271487,0.217713,0.0595574,0.0,0.0,0.0,0.0
0.271872,0.216231,0.0594789,0.0,0.0,0.0,0.0
0.270448,0.222,0.0590764,0.0,0.0,0.0,0.0
0.270506,0.220131,0.059197,0.0,0.0,0.0,0.0
0.270986,0.220129,0.0597764,0.0,0.0,0.0,0.0
0.271003,0.218984,0.0598168,0.0,0.0,0.0,0.0
0.284907,0.209723,0.0576795,0.0,0.0,0.0,0.0
0.286153,0.207827,0.0566051,0.0,0.0,0.0,0.0
0.27972,0.210388,0.0590034,0.0,0.0,0.0,0.0
0.279695,0.212327,0.0590796,0.0,0.0,0.0,0.0
0.286984,0.211135,0.057952,0.0,0.0,0.0,0.0
0.287489,0.21245,0.057867,0.0,0.0,0.0,0.0
0.285899,0.212454,0.0579,0.0,0.0,0.0,0.0
0.285969,0.210958,0.0578739,0.0,0.0,0.0,0.0
0.286434,0.213746,0.0583451,0.0,0.0,0.0,0.0
0.282654,0.212611,0.0591902,0.0,0.0,0.0,0.0
0.283193,0.213854,0.0596153,0.0,0.0,0.0,0.0
0.282186,0.213213,0.0599288,0.0,0.0,0.0,0.0
0.281157,0.213136,0.0599006,0.0,0.0,0.0,0.0
0.284272,0.214429,0.0592521,0.0,0.0,0.0,0.0
0.283793,0.215053,0.0599606,0.0,0.0,0.0,0.0
0.28423,0.216381,0.0599598,0.0,0.0,0.0,0.0
0.278135,0.216278,0.0599612,0.0,0.0,0.0,0.0
0.278126,0.218193,0.0599608,0.0,0.0,0.0,0.0
0.281235,0.220121,0.0599607,0.0,0.0,0.0,0.0
0.279681,0.220132,0.0599607,0.0,0.0,0.0,0.0
0.287171,0.220117,0.0588898,0.0,0.0,0.0,0.0
0.28792,0.220121,0.0582006,0.0,0.0,0.0,0.0
0.28527,0.217037,0.0599403,0.0,0.0,0.0,0.0
0.2853,0.218182,0.059915,0.0,0.0,0.0,0.0
0.284187,0.218188,0.0599632,0.0,0.0,0.0,0.0
0.284268,0.223963,0.0589791,0.0,0.0,0.0,0.0
0.282756,0.220098,0.0599665,0.0,0.0,0.0,0.0
0.284262,0.220065,0.0599522,0.0,0.0,0.0,0.0
0.287159,0.216312,0.0589189,0.0,0.0,0.0,0.0
0.287401,0.218184,0.0588457,0.0,0.0,0.0,0.0
0.294768,0.215101,0.0555438,0.0,0.0,0.0,0.0
0.295604,0.215952,0.0554755,0.0,0.0,0.0,0.0
0.296272,0.217032,0.0568049,0.0,0.0,0.0,0.0
0.296481,0.216812,0.0562245,0.0,0.0,0.0,0.0
0.297364,0.217729,0.0562897,0.0,0.0,0.0,0.0
0.2968,0.218238,0.0569356,0.0,0.0,0.0,0.0
0.29693,0.219652,0.0573544,0.0,0.0,0.0,0.0
0.295835,0.219452,0.0575636,0.0,0.0,0.0,0.0
0.295246,0.220133,0.0548652,0.0,0.0,0.0,0.0
0.295577,0.221694,0.0547332,0.0,0.0,0.0,0.0
0.295222,0.222154,0.0539471,0.0,0.0,0.0,0.0
0.296202,0.222837,0.0541832,0.0,0.0,0.0,0.0
0.298328,0.220215,0.0570045,0.0,0.0,0.0,0.0
0.298964,0.219564,0.0562486,0.0,0.0,0.0,0.0
0.295231,0.218207,0.0549282,0.0,0.0,0.0,0.0
0.297424,0.218013,0.0551195,0.0,0.0,0.0,0.0
0.295174,0.216453,0.0548743,0.0,0.0,0.0,0.0
0.290165,0.214982,0.057991,0.0,0.0,0.0,0.0
0.289541,0.213768,0.057503,0.0,0.0,0.0,0.0
0.290612,0.21634,0.0579655,0.0,0.0,0.0,0.0
0.288516,0.213086,0.0576761,0.0,0.0,0.0,0.0
0.29062,0.218236,0.0579333,0.0,0.0,0.0,0.0
0.291713,0.216907,0.0579653,0.0,0.0,0.0,0.0
0.292216,0.218226,0.0579483,0.0,0.0,0.0,0.0
0.293777,0.218762,0.0578777,0.0,0.0,0.0,0.0
0.293738,0.220213,0.0579404,0.0,0.0,0.0,0.0
0.292203,0.22013,0.0579391,0.0,0.0,0.0,0.0
0.289174,0.220104,0.0579207,0.0,0.0,0.0,0.0
0.290646,0.221915,0.0579605,0.0,0.0,0.0,0.0
0.290632,0.223457,0.0581117,0.0,0.0,1e-45,1e-45
0.296842,0.223674,0.057855,0.0,0.0,4e-45,0.0
0.296871,0.222077,0.0579144,0.0,0.0,1e-45,0.0
0.297943,0.220814,0.0578168,0.0,0.0,0.0,0.0
0.296921,0.220629,0.0580377,0.0,0.0,0.0,0.0
0.295343,0.220157,0.0579364,0.0,0.0,0.0,0.0
0.232799,0.227865,0.0549208,0.0,0.0,0.0,0.0
0.234351,0.231188,0.0549279,0.0,0.0,0.0,0.0
0.234384,0.229718,0.054911,0.0,0.0,0.0,0.0
0.234355,0.232116,0.0541179,0.0,0.0,0.0,0.0
0.23771,0.225729,0.0559763,0.0,0.0,0.0,0.0
0.232789,0.229759,0.0548541,0.0,0.0,0.0,0.0
0.246889,0.229758,0.0559341,0.0,0.0,0.0,0.0
0.245333,0.22968,0.0559175,0.0,0.0,0.0,0.0
0.245313,0.2279,0.0559254,0.0,0.0,0.0,0.0
0.246878,0.227902,0.0559253,0.0,0.0,0.0,0.0
0.245313,0.231057,0.0559547,0.0,0.0,0.0,0.0
0.245345,0.23194,0.055354,0.0,0.0,0.0,0.0
0.246441,0.232201,0.0558975,0.0,0.0,0.0,0.0
0.246926,0.231547,0.0559506,0.0,0.0,0.0,0.0
0.24688,0.226063,0.0558892,0.0,0.0,0.0,0.0
0.248424,0.226062,0.0559995,0.0,0.0,0.0,0.0
0.248443,0.227894,0.0559433,0.0,0.0,0.0,0.0
0.245309,0.226072,0.0559089,0.0,0.0,0.0,0.0
0.248444,0.22979,0.055934,0.0,0.0,0.0,0.0
0.240643,0.233548,0.0549423,0.0,0.0,0.0,0.0
0.242121,0.235125,0.0549622,0.0,0.0,0.0,0.0
0.243747,0.235545,0.0548784,0.0,0.0,0.0,0.0
0.248505,0.23385,0.0554649,0.0,0.0,0.0,0.0
0.249918,0.234078,0.0559903,0.0,0.0,0.0,0.0
0.24804,0.234224,0.0549101,0.0,0.0,0.0,0.0
0.245331,0.235506,0.0549499,0.0,0.0,0.0,0.0
0.245396,0.236688,0.0545007,0.0,0.0,-0.0,0.0
0.244374,0.236628,0.0545854,0.0,0.0,-0.0,0.0
0.248487,0.231536,0.0559324,0.0,0.0,0.0,0.0
0.250016,0.231611,0.0559436,0.0,0.0,0.0,0.0
0.257798,0.227883,0.0569587,0.0,0.0,0.0,0.0
0.259347,0.23176,0.05695,0.0,0.0,0.0,0.0
0.259307,0.229852,0.0569206,0.0,0.0,0.0,0.0
0.259412,0.227826,0.0570455,0.0,0.0,0.0,0.0
0.259438,0.225882,0.0570441,0.0,0.0,0.0,0.0
0.260309,0.228478,0.057763,0.0,0.0,0.0,0.0
0.25469,0.235394,0.0558982,0.0,0.0,0.0,0.0
0.253269,0.235337,0.0559393,0.0,0.0,0.0,0.0
0.253175,0.233599,0.0559277,0.0,0.0,0.0,0.0
0.251614,0.233538,0.0559146,0.0,0.0,0.0,0.0
0.2511,0.234152,0.055927,0.0,0.0,0.0,0.0
0.251577,0.231698,0.0559311,0.0,0.0,0.0,0.0
0.259398,0.233663,0.0569381,0.0,0.0,0.0,0.0
0.256543,0.236267,0.0558721,0.0,0.0,0.0,0.0
0.25612,0.235598,0.0559341,0.0,0.0,0.0,0.0
0.257634,0.235632,0.0562165,0.0,0.0,0.0,0.0
0.257364,0.236302,0.0559744,0.0,0.0,0.0,0.0
0.259495,0.235464,0.0569411,0.0,0.0,0.0,0.0
0.258326,0.235479,0.0569806,0.0,0.0,0.0,0.0
0.256804,0.238712,0.055474,0.0,0.0,0.0,0.0
0.256171,0.237615,0.0559317,0.0,0.0,0.0,0.0
0.262565,0.235541,0.0568786,0.0,0.0,0.0,0.0
0.260935,0.235577,0.0569273,0.0,0.0,0.0,0.0
0.259564,0.236774,0.0566309,0.0,0.0,0.0,0.0
0.258401,0.236844,0.056241,0.0,0.0,0.0,0.0
0.259546,0.237593,0.0560289,0.0,0.0,0.0,0.0
0.258641,0.236546,0.056739,0.0,0.0,0.0,0.0
0.259925,0.225831,0.0577033,0.0,0.0,0.0,0.0
0.262521,0.227863,0.0579538,0.0,0.0,0.0,0.0
0.260959,0.227849,0.0580072,0.0,0.0,0.0,0.0
0.263943,0.23578,0.0571335,0.0,0.0,0.0,0.0
0.265281,0.237998,0.0571314,0.0,4e-45,3e-45,4e-45
0.267148,0.227842,0.0579327,0.0,0.0,0.0,0.0
0.268322,0.228347,0.0579895,0.0,0.0,0.0,0.0
0.265608,0.231753,0.0579486,0.0,0.0,0.0,0.0
0.265595,0.229821,0.0579472,0.0,0.0,0.0,0.0
0.265504,0.225983,0.0579431,0.0,0.0,0.0,0.0
0.264036,0.227881,0.0579468,0.0,0.0,0.0,0.0
0.267584,0.22583,0.058563,0.0,0.0,0.0,0.0
0.266996,0.223916,0.0585782,0.0,0.0,0.0,0.0
0.268921,0.223943,0.0589682,0.0,0.0,0.0,0.0
0.268897,0.225868,0.0589805,0.0,0.0,0.0,0.0
0.268342,0.226426,0.0589085,0.0,0.0,0.0,0.0
0.266657,0.224516,0.058146,0.0,0.0,0.0,0.0
0.266821,0.225965,0.0579707,0.0,0.0,0.0,0.0
0.270447,0.227718,0.0589581,0.0,0.0,0.0,0.0
0.27036,0.225924,0.058954,0.0,0.0,0.0,0.0
0.273463,0.229831,0.0589529,0.0,0.0,1e-45,0.0
0.271896,0.229802,0.0589751,0.0,0.0,0.0,0.0
0.271667,0.231773,0.0584241,0.0,1e-45,1e-45,1e-45
0.271416,0.230365,0.0587803,0.0,0.0,0.0,0.0
0.272399,0.231781,0.0589862,0.0,1e-45,1e-45,1e-45
0.270278,0.230137,0.058761,0.0,0.0,0.0,0.0
0.265623,0.233679,0.0579578,0.0,0.0,0.0,0.0
0.26873,0.235629,0.0579422,0.0,8e-45,7e-45,7e-45
0.267186,0.235617,0.0579447,0.0,4e-45,3e-45,3e-45
0.265655,0.237477,0.0579281,0.0,6e-45,3e-45,4e-45
0.271413,0.233766,0.0580296,0.0,6e-45,7e-45,4e-45
0.271352,0.232286,0.0580294,0.0,3e-45,3e-45,1e-45
0.270201,0.235634,0.0579425,0.0,1.7e-44,1.5e-44,1.3e-44
0.272,0.23558,0.0586403,0.0,2.7e-44,2.8e-44,2.4e-44
0.271594,0.23751,0.0578937,0.0,9.8e-44,1e-43,8.8e-44
0.271461,0.235631,0.0580571,0.0,2.5e-44,2.5e-44,2.1e-44
0.272525,0.233668,0.0590174,0.0,8e-45,8e-45,4e-45
0.273601,0.23368,0.0589406,0.0,1.3e-44,1.3e-44,7e-45
0.273631,0.23556,0.0589703,0.0,4.3e-44,4.8e-44,3e-44
0.272611,0.235504,0.0589703,0.0,2.7e-44,2.7e-44,2.2e-44
0.271899,0.233719,0.0586336,0.0,8e-45,8e-45,6e-45
0.271871,0.23946,0.0579577,0.0,5.68e-43,5.3e-43,3.98e-43
0.279662,0.226438,0.059772,0.0,0.0,0.0,0.0
0.279674,0.227977,0.0589204,0.0,3e-45,4e-45,3e-45
0.278116,0.229868,0.0589527,0.0,6e-45,8e-45,4e-45
0.276551,0.229866,0.0589512,0.0,3e-45,4e-45,3e-45
0.27968,0.229859,0.0589521,0.0,1e-44,1.7e-44,8e-45
0.282798,0.227901,0.0589539,0.0,4e-45,1e-44,6e-45
0.282807,0.226036,0.0589534,0.0,1e-45,1e-45,1e-45
0.285924,0.229793,0.0589603,0.0,3.5e-44,9.7e-44,3.8e-44
0.284366,0.229808,0.0589569,0.0,2.8e-44,7.1e-44,3e-44
0.282805,0.229824,0.0589558,0.0,2.2e-44,4.9e-44,2.2e-44
0.27656,0.233698,0.0589579,0.0,6.2e-44,7.1e-44,2.4e-44
0.27812,0.233699,0.0589588,0.0,1.2e-43,1.6e-43,4.3e-44
0.279681,0.235627,0.0589572,0.0,9.56e-43,1.474e-42,1.46e-43
0.279669,0.237563,0.0589522,0.0,4.053e-42,5.91e-42,3.11e-43
0.279681,0.233694,0.0589588,0.0,2.21e-43,3.43e-43,7e-44
0.284361,0.233606,0.0589201,0.0,6.46e-43,1.618e-42,2.5e-44
0.285984,0.233674,0.059239,0.0,1.111e-42,2.734e-42,-1.57e-43
0.286529,0.234462,0.060005,0.0,1.766e-42,4.208e-42,-3.14e-43
0.287546,0.234315,0.0599182,0.0,1.806e-42,4.778e-42,-6.17e-43
0.283406,0.236423,0.06001,0.0,4.87e-42,9.285e-42,-4.67e-43
0.282887,0.23568,0.0591287,0.0,3.079e-42,5.947e-42,-2.26e-43
0.28281,0.233659,0.0589671,0.0,5.13e-43,1.131e-42,1.44e-43
0.296706,0.231744,0.053867,0.0,8e-44,6.01e-43,5.63e-43
0.29829,0.231751,0.05485,0.0,6.6e-44,1.03e-42,4.99e-43
0.298272,0.229819,0.0548756,0.0,1.5e-44,2.41e-43,1e-43
0.296698,0.229815,0.0538653,0.0,1.8e-44,1.4e-43,1.15e-43
0.292186,0.226126,0.0589577,0.0,1e-45,1.3e-44,4e-45
0.292177,0.227856,0.0589556,0.0,8e-45,5.6e-44,1.3e-44
0.290611,0.229716,0.0589822,0.0,4.9e-44,2.5e-43,2.7e-44
0.289049,0.229764,0.0589576,0.0,4.9e-44,1.85e-43,5.5e-44
0.292178,0.229702,0.0589147,0.0,4.8e-44,3.12e-43,-3.9e-44
0.295255,0.226124,0.0589602,0.0,1e-45,1.8e-44,3e-45
0.295753,0.225492,0.0589726,0.0,0.0,1.3e-44,1e-45
0.295279,0.227896,0.0589584,0.0,6e-45,7.6e-44,3e-45
0.295288,0.229729,0.0589121,0.0,3.4e-44,4.18e-43,-1.18e-43
0.29068,0.232433,0.0599867,0.0,5.27e-43,2.033e-42,-1.63e-43
0.290659,0.23386,0.0599391,0.0,1.214e-42,5.054e-42,-7.58e-43
0.289087,0.23378,0.0599585,0.0,1.497e-42,4.837e-42,-7.26e-43
0.288616,0.233066,0.0596706,0.0,8.79e-43,2.685e-42,-3.57e-43
0.289126,0.231788,0.059001,0.0,3.11e-43,9.81e-43,-3e-45
0.290664,0.231421,0.0592033,0.0,3e-43,1.187e-42,-5.7e-44
0.293743,0.23563,0.059964,0.0,3.768e-42,2.7771e-41,-9.047e-42
0.292181,0.235629,0.0599639,0.0,4.361e-42,2.4569e-41,-6.827e-42
0.298394,0.233884,0.0599538,0.0,-3.55e-43,7.165e-42,-1.944e-42
0.299979,0.233849,0.0599765,0.0,-8.72e-43,8.433e-42,-2.463e-42
0.296864,0.232436,0.0599465,0.0,-2.8e-44,2.836e-42,-7.37e-43
0.298358,0.232488,0.0600244,0.0,-2.21e-43,2.789e-42,-5.9e-43
0.296865,0.233853,0.0599699,0.0,1.18e-43,7.996e-42,-2.234e-42
0.295307,0.235632,0.0599641,0.0,2.676e-42,3.1968e-41,-1.0905e-41
0.295304,0.233843,0.0599672,0.0,6.66e-43,8.284e-42,-2.476e-42
0.308243,0.229585,0.0570252,0.0,-9.7e-44,2.44e-43,-3e-45
0.307848,0.228293,0.0570532,0.0,-4.3e-44,1.29e-43,-1e-45
0.309604,0.229831,0.0570413,0.0,-1.78e-43,4.23e-43,0.0
0.310707,0.231844,0.0562171,0.0,-2.79e-43,6.54e-43,7e-45
0.310391,0.230764,0.0564602,0.0,-1.86e-43,4.48e-43,-3e-45
0.310411,0.230702,0.0570297,0.0,-1.95e-43,4.68e-43,4e-45
0.303112,0.233695,0.0549271,0.0,-1.135e-42,6.449e-42,9.63e-43
0.30154,0.233691,0.0549278,0.0,-5.83e-43,7.645e-42,1.464e-42
0.30469,0.237569,0.054921,0.0,-2.6372e-41,9.2459e-41,3.5544e-41
0.304691,0.23563,0.0549267,0.0,-5.925e-42,2.1151e-41,5.158e-42
0.304684,0.233708,0.0549287,0.0,-1.335e-42,4.984e-42,5.94e-43
0.309548,0.233558,0.0559484,0.0,-1.036e-42,2.002e-42,1.81e-43
0.308365,0.233104,0.0559359,0.0,-6.78e-43,1.356e-42,1.3e-44
0.308041,0.233447,0.0555445,0.0,-1.169e-42,2.311e-42,9.1e-44
0.308927,0.234294,0.0555256,0.0,-1.823e-42,3.442e-42,2.12e-43
0.309951,0.234979,0.0558286,0.0,-2.438e-42,4.11e-42,9.71e-43
0.307588,0.232216,0.0552013,0.0,-5.3e-43,1.15e-42,-2.4e-44
0.307764,0.235709,0.0549538,0.0,-4.144e-42,9.421e-42,1.993e-42
0.307815,0.237568,0.0549322,0.0,-1.7215e-41,3.971e-41,1.7491e-41
0.311593,0.236764,0.055691,0.0,-7.969e-42,1.1383e-41,7.451e-42
0.311011,0.235489,0.0559871,0.0,-3.331e-42,5.349e-42,2.07e-42
0.308704,0.234575,0.0550077,0.0,-2.071e-42,4.037e-42,2.62e-43
0.307673,0.233918,0.0549384,0.0,-1.474e-42,3.116e-42,1.61e-43
0.307197,0.232626,0.0548735,0.0,-6.25e-43,1.4e-42,-1.8e-44
0.310991,0.233663,0.0562663,0.0,-1.375e-42,2.463e-42,7.75e-43
0.311925,0.234422,0.0563866,0.0,-2.105e-42,3.513e-42,1.45e-42
0.311986,0.234352,0.0570154,0.0,-2.162e-42,3.627e-42,1.53e-42
0.304675,0.228002,0.0579545,0.0,-2.5e-44,8.5e-44,3e-45
0.305095,0.229368,0.057972,0.0,-6.2e-44,1.86e-43,-7e-45
0.303172,0.227521,0.0579539,0.0,-2.2e-44,9.1e-44,1e-45
0.306302,0.228014,0.0579322,0.0,-3e-44,9.4e-44,6e-45
0.306183,0.231905,0.0586582,0.0,-4.72e-43,1.115e-42,-9.4e-44
0.303193,0.225935,0.0579334,0.0,-7e-45,2.8e-44,7e-45
0.302679,0.224669,0.0578933,0.0,-3e-45,1.3e-44,7e-45
0.304718,0.226584,0.057752,0.0,-1.4e-44,4.9e-44,6e-45
0.305681,0.226858,0.0576371,0.0,-1.7e-44,5.6e-44,4e-45
0.303168,0.233538,0.0591437,0.0,-1.775e-42,7.34e-42,-1.167e-42
0.301615,0.233257,0.0595324,0.0,-1.44e-42,7.847e-42,-1.749e-42
0.30196,0.232935,0.0590072,0.0,-1.012e-42,4.965e-42,-1.073e-42
0.302812,0.233013,0.0588466,0.0,-9.91e-43,4.714e-42,-9.47e-43
0.30046,0.233175,0.0598341,0.0,-7.4e-43,5.47e-42,-1.62e-42
0.301614,0.234309,0.0599371,0.0,-1.8e-42,1.045e-41,-2.365e-42
0.303096,0.234391,0.060027,0.0,-2.49e-42,9.953e-42,-1.462e-42
0.305591,0.236429,0.0597599,0.0,-9.298e-42,2.379e-41,-1.15e-42
0.304586,0.235793,0.0599076,0.0,-7.875e-42,2.1975e-41,-1.404e-42
0.309266,0.235754,0.0585238,0.0,-4.368e-42,8.328e-42,2.183e-42
0.308261,0.233216,0.0580076,0.0,-7.68e-43,1.658e-42,9.7e-44
0.30944,0.233675,0.0579483,0.0,-9.8e-43,2.056e-42,2.87e-43
0.309671,0.235297,0.0579389,0.0,-2.524e-42,4.783e-42,9.64e-43
0.309425,0.231836,0.0579706,0.0,-2.86e-43,6.8e-43,4.9e-44
0.310869,0.235708,0.0578806,0.0,-3.332e-42,5.717e-42,2.249e-42
0.310589,0.237637,0.0587213,0.0,-1.2505e-41,1.9046e-41,9.057e-42
0.309709,0.23713,0.0588844,0.0,-7.55e-42,1.2718e-41,5.083e-42
0.312188,0.235641,0.0579677,0.0,-3.314e-42,5.314e-42,3.06e-42
0.310621,0.231882,0.0577726,0.0,-3.01e-43,7.03e-43,5.9e-44
0.310934,0.233716,0.0577209,0.0,-1.449e-42,2.61e-42,9.12e-43
0.311858,0.234488,0.0576078,0.0,-2.221e-42,3.741e-42,1.609e-42
0.270397,0.244726,0.0553817,0.0,2.759e-42,2.726e-42,2.207e-42
0.270238,0.245477,0.0561005,0.0,2.902e-42,3.003e-42,2.501e-42
0.269933,0.243764,0.0571929,0.0,3.516e-42,3.793e-42,2.957e-42
0.270347,0.244707,0.0570252,0.0,4.252e-42,4.655e-42,3.599e-42
0.269319,0.24455,0.0568439,0.0,1.588e-42,1.555e-42,1.54e-42
0.270305,0.241789,0.0545145,0.0,1.066e-42,7.96e-43,6.84e-43
0.270338,0.243305,0.0549047,0.0,2.126e-42,1.994e-42,1.586e-42
0.268715,0.243678,0.0553791,0.0,6.4e-43,5.65e-43,5.27e-43
0.26985,0.243902,0.0550476,0.0,2.059e-42,1.994e-42,1.641e-42
0.271946,0.244402,0.0550567,0.0,5.559e-42,5.965e-42,4.107e-42
0.273417,0.244517,0.0548875,0.0,1.3028e-41,1.4368e-41,6.908e-42
0.270932,0.244355,0.0549591,0.0,3.09e-42,3.066e-42,2.402e-42
0.273348,0.2415,0.0579597,0.0,4.048e-42,4.033e-42,2.696e-42
0.273068,0.239956,0.0578807,0.0,1.236e-42,1.359e-42,9.96e-43
0.274401,0.242068,0.0581601,0.0,1.0685e-41,1.0112e-41,4.53e-42
0.271824,0.24149,0.0579471,0.0,2.606e-42,2.409e-42,1.645e-42
0.274509,0.243522,0.0580808,0.0,3.8901e-41,3.4852e-41,2.2886e-41
0.273295,0.243427,0.0579213,0.0,2.0201e-41,2.2145e-41,1.6252e-41
0.270301,0.243288,0.057893,0.0,4.551e-42,4.837e-42,3.566e-42
0.282409,0.247698,0.0552627,0.0,5.892946e-39,1.647564e-38,-3.835906e-39
0.28281,0.243376,0.054919,0.0,5.79995e-40,1.094006e-39,-1.65034e-40
0.284377,0.24525,0.0549163,0.0,2.821569e-39,6.874794e-39,-2.702e-40
0.285935,0.245272,0.0549166,0.0,4.307324e-39,1.0590651e-38,-5.87569e-40
0.282824,0.245202,0.0549223,0.0,1.657229e-39,4.219434e-39,-7.04332e-40
0.282869,0.247019,0.0548663,0.0,4.366516e-39,1.2189503e-38,-2.586441e-39
0.278132,0.249213,0.0559169,0.0,4.800596e-39,9.666901e-39,1.3682903e-38
0.278153,0.250552,0.0561221,0.0,6.2542e-39,1.4563108e-38,2.1009682e-38
0.28276,0.251202,0.0559245,0.0,2.1631777e-37,4.905397e-37,4.403535e-37
0.287108,0.251653,0.056039,0.0,6.151142e-37,1.9015485e-36,4.9438267e-37
0.285843,0.251271,0.0559086,0.0,4.3201103e-37,1.0798263e-36,5.484577e-37
0.284322,0.253099,0.0559193,0.0,1.37517315e-36,3.169376e-36,2.941773e-36
0.279613,0.241447,0.0589063,0.0,7.2147e-41,9.4677e-41,1.3196e-41
0.279617,0.243388,0.0589073,0.0,2.96757e-40,3.65082e-40,1.10134e-40
0.278169,0.245244,0.058972,0.0,5.03205e-40,5.09062e-40,4.26666e-40
0.276737,0.245139,0.0589508,0.0,1.90114e-40,1.86706e-40,1.73287e-40
0.276568,0.246792,0.0586224,0.0,3.52246e-40,3.67743e-40,4.39258e-40
0.27529,0.245261,0.0588773,0.0,1.18972e-40,9.9398e-41,1.08798e-40
0.276218,0.245711,0.0588982,0.0,2.37765e-40,2.29727e-40,2.66764e-40
0.277711,0.247702,0.0587646,0.0,1.474515e-39,1.945333e-39,3.088752e-39
0.277511,0.248027,0.0582835,0.0,1.68852e-39,2.26296e-39,3.61448e-39
0.279652,0.245302,0.058911,0.0,1.070053e-39,1.202492e-39,6.23892e-40
0.28295,0.241447,0.0599543,0.0,1.64398e-40,2.90348e-40,-8.457e-42
0.282952,0.243376,0.0599545,0.0,7.11837e-40,1.17431e-39,1.03361e-40
0.284438,0.247184,0.0599723,0.0,1.2479478e-38,2.4521776e-38,1.281455e-38
0.284397,0.245309,0.0599664,0.0,3.507174e-39,6.640217e-39,1.620966e-39
0.280845,0.243384,0.0595662,0.0,4.72626e-40,6.55679e-40,6.5767e-41
0.279821,0.249376,0.0584433,0.0,9.941526e-39,1.8269821e-38,2.9048455e-38
0.279295,0.2497,0.0579575,0.0,1.0203665e-38,2.2845516e-38,3.607742e-38
0.278083,0.249235,0.057974,0.0,3.972981e-39,8.043432e-39,1.2793223e-38
0.280923,0.251532,0.057855,0.0,6.876006e-38,1.970594e-37,2.906329e-37
0.2844,0.255026,0.0579177,0.0,3.5163356e-36,9.845912e-36,1.0914622e-35
0.283859,0.253719,0.058116,0.0,1.0388863e-36,2.5561601e-36,3.0934952e-36
0.284442,0.249054,0.0600394,0.0,4.174575e-38,7.6523144e-38,7.0765914e-38
0.285034,0.250257,0.0597364,0.0,7.94099e-38,1.40808e-37,1.46672e-37
0.286009,0.250421,0.0600083,0.0,9.0169986e-38,1.6666915e-37,1.6038232e-37
0.282824,0.252579,0.0586954,0.0,1.7251162e-37,4.5062e-37,6.2999926e-37
0.283382,0.248474,0.05985,0.0,1.37124e-38,2.8738e-38,2.00071e-38
0.294941,0.2438,0.0547751,0.0,1.787736e-39,1.392415e-38,-5.238069e-39
0.2953,0.243261,0.0539536,0.0,2.06097e-40,6.64705e-39,-5.395026e-39
0.290628,0.249165,0.0549167,0.0,1.5952725e-37,5.9933576e-37,1.4508011e-37
0.289081,0.24915,0.0549165,0.0,9.911063e-38,3.898627e-37,7.501802e-38
0.292255,0.252981,0.0549265,0.0,1.22815995e-36,1.2198381e-35,5.1828083e-36
0.292194,0.251109,0.0549232,0.0,6.2810013e-37,3.362435e-36,1.1684304e-36
0.292186,0.249169,0.0549167,0.0,2.19123e-37,9.181016e-37,2.3092125e-37
0.298435,0.249201,0.0549235,0.0,8.3153124e-38,1.6463626e-36,7.791774e-37
0.296869,0.249189,0.0549158,0.0,1.6589561e-37,1.6165232e-36,6.8687534e-37
0.295311,0.251119,0.0549249,0.0,1.0019516e-36,6.0075732e-36,2.9278591e-36
0.295314,0.25306,0.0549295,0.0,4.3048083e-36,2.3464556e-35,1.3266646e-35
0.295307,0.249178,0.0549168,0.0,2.3443275e-37,1.5234553e-36,5.6628825e-37
0.29375,0.243376,0.0599673,0.0,1.403262e-39,8.708131e-39,-1.508886e-39
0.295311,0.243377,0.0599663,0.0,1.09453e-39,9.739242e-39,-1.570226e-39
0.296864,0.247238,0.0599671,0.0,1.2297232e-38,1.2394121e-37,8.3125585e-38
0.29687,0.245317,0.0599672,0.0,2.148954e-39,3.449199e-38,6.736172e-39
0.287497,0.251603,0.0596319,0.0,4.754018e-37,9.507271e-37,7.698485e-37
0.290628,0.24724,0.0599673,0.0,3.0530958e-38,1.0107707e-37,2.609743e-38
0.29063,0.249027,0.0599688,0.0,1.0941547e-37,3.2656732e-37,2.4181757e-37
0.292199,0.251678,0.0599651,0.0,5.476383e-37,1.9361312e-36,1.858766e-36
0.292165,0.253095,0.0590143,0.0,2.883358e-36,7.8386475e-36,8.7005315e-36
0.292558,0.255501,0.0587754,0.0,9.819139e-36,3.1266095e-35,3.9734355e-35
0.292095,0.254791,0.0590037,0.0,8.0496876e-36,2.2528958e-35,2.7916963e-35
0.293677,0.252987,0.05892,0.0,2.0340897e-36,8.3963235e-36,1.1062181e-35
0.293753,0.251595,0.0596144,0.0,5.8875844e-37,2.3778721e-36,2.5682096e-36
0.296823,0.249007,0.0599743,0.0,4.8927597e-38,3.5529212e-37,5.318539e-37
0.296786,0.2504,0.0599756,0.0,7.56544e-38,5.110636e-37,8.984646e-37
0.297819,0.250316,0.0599972,0.0,5.92099e-38,4.67418e-37,8.88708e-37
0.295743,0.253543,0.0588866,0.0,3.4534656e-36,1.6202412e-35,2.6302346e-35
0.295256,0.252979,0.0590178,0.0,1.4487377e-36,7.150836e-36,1.0757025e-35
0.295304,0.251544,0.0595751,0.0,5.2635003e-37,2.1990227e-36,3.440356e-36
0.296855,0.254561,0.0586803,0.0,4.5707717e-36,2.4254518e-35,4.0155102e-35
0.296841,0.255231,0.0579328,0.0,1.5764523e-35,1.0137019e-34,1.0012638e-34
0.307813,0.241423,0.054929,0.0,-3.25229e-40,7.02087e-40,6.84077e-40
0.30781,0.243295,0.0549251,0.0,-1.281717e-39,2.857426e-39,3.37979e-39
0.309132,0.245587,0.0549347,0.0,-3.965394e-39,6.552165e-39,1.1090795e-38
0.310963,0.245212,0.0549408,0.0,-2.546748e-39,3.740545e-39,6.679541e-39
0.302792,0.249224,0.0544927,0.0,-1.3495472e-37,1.1733617e-36,7.1680345e-37
0.301501,0.249208,0.0549579,0.0,-9.870559e-38,1.3916562e-36,8.297689e-37
0.309381,0.255128,0.0569371,0.0,-5.259341e-36,7.827425e-36,2.4473663e-35
0.309392,0.253009,0.0570953,0.0,-1.0918011e-36,1.4647143e-36,4.149881e-36
0.305616,0.243263,0.0597214,0.0,-5.96917e-40,2.234138e-39,2.450134e-39
0.30611,0.243312,0.0590806,0.0,-9.53228e-40,2.288133e-39,3.044149e-39
0.302988,0.24654,0.059823,0.0,-1.494419e-39,2.0726781e-38,2.928842e-38
0.306206,0.245153,0.0589232,0.0,-2.015942e-39,4.634907e-39,7.804068e-39
0.305507,0.244491,0.0596391,0.0,-7.2735e-40,3.29033e-39,4.16482e-39
0.30397,0.246341,0.059939,0.0,-3.73727e-39,1.83251e-38,2.8155e-38
0.304191,0.246736,0.0594416,0.0,-5.599454e-39,2.210241e-38,3.4267894e-38
0.309015,0.246836,0.0590502,0.0,-4.843242e-39,7.355528e-39,1.8099327e-38
0.309785,0.245761,0.0588512,0.0,-2.62824e-39,4.092831e-39,9.994468e-39
0.309976,0.246074,0.0583538,0.0,-4.377997e-39,6.159476e-39,1.3002521e-38
0.309558,0.24756,0.0584765,0.0,-1.6171056e-38,2.207346e-38,4.2894346e-38
0.308216,0.247856,0.0581568,0.0,-2.5754075e-38,3.833846e-38,7.6813935e-38
0.307735,0.247438,0.0586418,0.0,-1.3527705e-38,2.1539656e-38,4.843382e-38
0.3129,0.243346,0.0583047,0.0,-4.4338e-40,4.7153e-40,1.014923e-39
0.3122,0.243279,0.0589896,0.0,-4.76478e-40,5.2482e-40,1.279513e-39
0.307838,0.243367,0.0589628,0.0,-1.070165e-39,1.764912e-39,3.060687e-39
0.30786,0.241442,0.0589615,0.0,-2.49427e-40,4.36496e-40,5.85517e-40
0.310887,0.244799,0.0587113,0.0,-5.74112e-40,8.26496e-40,2.050184e-39
0.309187,0.245064,0.0589602,0.0,-1.839231e-39,3.056595e-39,7.006195e-39
0.311911,0.244589,0.058708,0.0,-6.01968e-40,6.48405e-40,1.70144e-39
0.307797,0.245102,0.0589536,0.0,-3.173497e-39,5.239154e-39,1.1322762e-38
0.305113,0.249826,0.0581746,0.0,-2.2339166e-37,4.9618804e-37,8.8440345e-37
0.30465,0.251208,0.0579495,0.0,-7.767853e-37,2.1441226e-36,3.6822856e-36
0.303157,0.251589,0.0579629,0.0,-7.68338e-37,3.770129e-36,5.5296333e-36
0.306268,0.249642,0.057966,0.0,-1.8358846e-37,3.4861629e-37,6.0997733e-37
0.306271,0.251264,0.0579378,0.0,-5.8662815e-37,1.1809852e-36,2.5443082e-36
0.306265,0.247234,0.0588492,0.0,-2.1860084e-38,4.635986e-38,8.482534e-38
0.303157,0.253229,0.0579355,0.0,-1.9816999e-36,1.3043662e-35,2.2160011e-35
0.30309,0.254942,0.0579088,0.0,-1.2187112e-36,3.6235477e-35,9.473055e-35
0.309422,0.249299,0.0579392,0.0,-8.3345993e-38,1.1198913e-37,2.362855e-37
0.307787,0.249252,0.057973,0.0,-1.1397992e-37,1.8642229e-37,3.6127943e-37
0.307817,0.251117,0.0579369,0.0,-3.700441e-37,5.734293e-37,1.6414368e-36
0.312437,0.252415,0.0578697,0.0,-1.3156729e-37,6.294629e-38,4.187524e-37
0.310943,0.252457,0.0578346,0.0,-2.0881946e-37,1.7422025e-37,7.90414e-37
0.31095,0.251012,0.0579212,0.0,-1.4860312e-37,1.3301323e-37,5.198461e-37
0.312479,0.25098,0.0579184,0.0,-9.3387305e-38,5.077564e-38,2.8310011e-37
0.307874,0.252602,0.058005,0.0,-5.439695e-37,8.331531e-37,2.6708577e-36
0.318755,0.251091,0.0569515,0.0,-1.2667543e-38,-2.93842e-40,5.908995e-38
0.31708,0.250997,0.0569053,0.0,-2.560595e-38,1.37158e-39,9.3213107e-38
0.315654,0.249173,0.0549197,0.0,-1.1253316e-38,6.145095e-39,3.3084046e-38
0.314021,0.249243,0.0547586,0.0,-1.155645e-38,8.704451e-39,3.2217427e-38
0.313491,0.249966,0.0539513,0.0,-1.077e-38,9.00618e-39,2.97027e-38
0.317165,0.253048,0.0549074,0.0,-1.0309212e-37,1.0780412e-38,4.36416e-37
0.317181,0.251109,0.0549105,0.0,-2.535477e-38,6.360977e-39,1.0250685e-37
0.315657,0.253152,0.0569524,0.0,-1.8058662e-37,4.4101637e-38,5.831252e-37
0.315682,0.251555,0.0573777,0.0,-4.7698726e-38,1.250295e-38,1.4307446e-37
0.314515,0.251728,0.0574557,0.0,-7.5055827e-38,2.6920605e-38,2.1715048e-37
0.317188,0.24917,0.0549078,0.0,-6.73699e-39,2.257744e-39,2.3220047e-38
0.320587,0.249248,0.0551279,0.0,-2.456179e-39,4.05334e-40,1.308604e-38
0.320668,0.250986,0.0549285,0.0,-6.972582e-39,9.31698e-40,4.0352629e-38
0.321533,0.250821,0.0555177,0.0,-5.940236e-39,9.67451e-40,3.4444594e-38
0.32206,0.250652,0.0563063,0.0,-4.9228e-39,4.65866e-40,3.0470767e-38
0.321685,0.249281,0.0562217,0.0,-1.970356e-39,1.98146e-40,1.1491631e-38
0.321279,0.248101,0.0569425,0.0,-1.21221e-39,7.2188e-41,6.60946e-39
0.321422,0.247945,0.0561774,0.0,-1.238508e-39,1.04833e-40,6.655073e-39
0.321344,0.249292,0.0570235,0.0,-1.8626e-39,1.45465e-40,1.1120067e-38
0.320141,0.251009,0.0569499,0.0,-6.437823e-39,-3.0056e-40,3.7438494e-38
0.321231,0.250891,0.0569752,0.0,-4.780705e-39,7.2213e-41,3.1808217e-38
0.318604,0.24921,0.0549221,0.0,-3.899675e-39,9.20339e-40,1.684593e-38
0.320308,0.247774,0.055333,0.0,-1.259102e-39,2.21401e-40,6.034266e-39
0.321348,0.252225,0.0569277,0.0,-7.069322e-39,5.5947e-40,4.453173e-38
0.321868,0.252321,0.0555041,0.0,-7.93077e-39,1.35647e-39,4.59264e-38
0.321093,0.252086,0.0569346,0.0,-6.41303e-39,-4.7724e-41,4.34692e-38
0.315549,0.241552,0.0579689,0.0,-1.06838e-40,8.0227e-41,2.04531e-40
0.315132,0.240198,0.0578884,0.0,-5.1978e-41,4.8615e-41,9.0846e-41
0.314136,0.243384,0.0579033,0.0,-3.67324e-40,3.398e-40,7.195e-40
0.31553,0.245318,0.0579337,0.0,-8.53116e-40,5.3358e-40,1.869146e-39
0.315526,0.247252,0.0579322,0.0,-3.309032e-39,1.727395e-39,7.888024e-39
0.315503,0.249075,0.0579229,0.0,-1.0802781e-38,3.261409e-39,3.013814e-38
0.314068,0.251068,0.0579546,0.0,-5.8046743e-38,2.1474987e-38,1.6998674e-37
0.313473,0.252292,0.0577725,0.0,-1.03493e-37,3.57626e-38,3.0747e-37
0.285858,0.258851,0.0558492,0.0,7.3895966e-35,2.1470643e-34,2.2095124e-34
0.28364,0.257549,0.0568136,0.0,1.039543e-35,3.6885403e-35,3.7007254e-35
0.282801,0.256571,0.0568544,0.0,3.358029e-36,1.1708224e-35,1.1929396e-35
0.284365,0.256874,0.0579471,0.0,1.0558628e-35,3.7236616e-35,3.8610082e-35
0.287512,0.258896,0.0579498,0.0,1.2053665e-34,3.3621193e-34,3.2403002e-34
0.28315,0.256279,0.0578672,0.0,3.20371e-36,1.16994e-35,1.2417e-35
0.295351,0.25692,0.0549368,0.0,8.331193e-35,3.6047e-34,2.4271766e-34
0.295413,0.258857,0.0549356,0.0,3.7777319e-34,1.42363395e-33,1.0756338e-33
0.296881,0.260797,0.054924,0.0,1.7398756e-33,6.685391e-33,6.13589e-33
0.298436,0.260788,0.0549083,0.0,1.4760328e-33,7.382697e-33,7.559229e-33
0.295442,0.260806,0.0549359,0.0,1.557029e-33,5.451651e-33,4.7449256e-33
0.2989,0.259468,0.0572699,0.0,3.594801e-34,1.9114875e-33,2.2824522e-33
0.291772,0.264605,0.0559885,0.0,1.11803156e-32,3.9775952e-32,5.474142e-32
0.292603,0.264723,0.0555013,0.0,1.9518145e-32,5.777203e-32,6.8330335e-32
0.293349,0.264165,0.0551163,0.0,1.4249298e-32,4.172193e-32,4.513208e-32
0.290477,0.264587,0.0559086,0.0,4.9094305e-33,2.6189335e-32,4.0399455e-32
0.287889,0.265733,0.0562159,0.0,2.41912e-34,1.04673e-32,1.72361e-32
0.289015,0.266143,0.055945,0.0,2.1066966e-34,1.5952847e-32,2.51663e-32
0.287666,0.265953,0.0571671,0.0,1.9031105e-34,1.0079313e-32,1.6830963e-32
0.293696,0.26652,0.0569153,0.0,6.962785e-32,1.7920488e-31,2.0988995e-31
0.292232,0.266896,0.0569311,0.0,6.3065413e-32,1.732176e-31,2.2289663e-31
0.290689,0.266854,0.0570936,0.0,4.1493126e-32,1.2884418e-31,1.710238e-31
0.296909,0.266632,0.0569566,0.0,1.1319788e-31,3.290658e-31,3.515682e-31
0.295273,0.266548,0.056961,0.0,9.109089e-32,2.614677e-31,2.7205641e-31
0.295576,0.26497,0.057124,0.0,2.0105929e-32,6.224782e-32,7.796222e-32
0.296871,0.264665,0.0570968,0.0,2.1312058e-32,6.867927e-32,7.9549664e-32
0.299905,0.266497,0.0569097,0.0,1.1930544e-31,3.0135133e-31,4.3334073e-31
0.299476,0.267808,0.0568721,0.0,2.16697e-31,5.92279e-31,8.51579e-31
0.298377,0.268427,0.0569629,0.0,3.8139563e-31,9.069454e-31,1.2300968e-30
0.298392,0.266541,0.0569323,0.0,1.4173419e-31,3.7281607e-31,4.765606e-31
0.300301,0.266991,0.0561657,0.0,1.269888e-31,4.144215e-31,5.2656777e-31
0.299993,0.268527,0.0561067,0.0,2.9582369e-31,2.4379948e-30,5.5979904e-31
0.296825,0.270329,0.0569251,0.0,9.91421e-31,2.4039659e-30,2.239211e-30
0.29684,0.26847,0.05693,0.0,4.7742463e-31,1.0205364e-30,1.1454126e-30
0.297875,0.269745,0.0567912,0.0,6.49262e-31,1.43093e-30,1.94351e-30
0.298415,0.270425,0.0559473,0.0,1.4057529e-30,5.9586738e-30,3.569921e-31
0.297248,0.270915,0.0562846,0.0,1.4573947e-30,4.282443e-30,2.825278e-30
0.296949,0.264752,0.0549599,0.0,3.1081214e-32,1.05099e-31,9.464006e-32
0.29532,0.264668,0.0548991,0.0,2.7510227e-32,8.6976784e-32,7.61856e-32
0.295381,0.266704,0.0548935,0.0,1.0038389e-31,3.1435836e-31,2.5069361e-31
0.29655,0.266218,0.0547022,0.0,7.2624815e-32,2.559093e-31,2.1171434e-31
0.297371,0.263273,0.0576259,0.0,6.949524e-33,2.3871672e-32,3.3584517e-32
0.292202,0.258936,0.0579569,0.0,3.2814382e-34,1.101716e-33,8.562382e-34
0.293762,0.258919,0.0579456,0.0,3.5859305e-34,1.2516559e-33,1.0355194e-33
0.290628,0.262702,0.0579602,0.0,1.9872402e-33,7.136596e-33,8.895279e-33
0.290629,0.260816,0.0579611,0.0,7.858474e-34,2.5287859e-33,2.4521525e-33
0.289142,0.256383,0.0586242,0.0,1.6910593e-35,3.824161e-35,5.56827e-35
0.289083,0.257339,0.0579975,0.0,6.718092e-35,1.7040829e-34,1.5355487e-34
0.288668,0.255424,0.0588088,0.0,1.16856615e-35,2.6145666e-35,3.8192047e-35
0.289055,0.25897,0.0579685,0.0,2.1078804e-34,5.908497e-34,5.2370445e-34
0.29532,0.258916,0.0579289,0.0,3.807229e-34,1.4007071e-33,1.3466599e-33
0.296784,0.260764,0.0579195,0.0,1.4202266e-33,4.2866415e-33,6.090881e-33
0.296795,0.262643,0.0579051,0.0,4.416902e-33,1.2369407e-32,2.2055176e-32
0.296891,0.257066,0.0579426,0.0,1.0218626e-34,4.374652e-34,4.180977e-34
0.299977,0.258309,0.0578584,0.0,5.0084244e-35,3.3146874e-34,7.585799e-34
0.298472,0.258921,0.0578618,0.0,2.8106513e-34,1.2188956e-33,1.4457704e-33
0.290634,0.264473,0.0579678,0.0,3.35561e-33,1.6533544e-32,2.9802276e-32
0.290671,0.265895,0.0578318,0.0,3.639318e-33,2.2129379e-32,4.4343635e-32
0.289174,0.265833,0.0579625,0.0,7.4251083e-34,1.3097138e-32,2.2538958e-32
0.288089,0.265616,0.0578928,0.0,1.37535e-34,9.68249e-33,1.64166e-32
0.296347,0.264011,0.0579408,0.0,6.34854e-33,1.78893e-32,3.32318e-32
0.309764,0.257655,0.0568325,0.0,-2.598093e-35,3.9330566e-35,1.0592754e-34
0.310568,0.257613,0.0567158,0.0,-1.8642728e-35,1.9832969e-35,5.591986e-35
0.31102,0.258823,0.056172,0.0,-5.9725324e-35,7.0913235e-35,1.676439e-34
0.309318,0.258905,0.0562384,0.0,-7.94404e-35,1.1459976e-34,2.7987836e-34
0.309324,0.25692,0.0569239,0.0,-1.2124919e-35,2.5028485e-35,8.5110785e-35
0.311554,0.258079,0.0570207,0.0,-8.80842e-36,6.95521e-36,4.42639e-35
0.307776,0.258267,0.0569209,0.0,-1.1974584e-35,8.4740016e-35,2.9769287e-34
0.310924,0.260758,0.0559629,0.0,-2.921169e-34,5.4228544e-34,1.3334769e-33
0.309379,0.260794,0.0559674,0.0,-5.3517774e-34,1.4827777e-33,1.9299994e-33
0.304697,0.266637,0.0559543,0.0,-1.5057257e-32,7.929371e-31,3.0133744e-31
0.303156,0.266646,0.0559633,0.0,2.7842069e-33,8.429805e-31,2.2281477e-31
0.303222,0.2648,0.0559621,0.0,-1.4560118e-32,1.7117423e-31,8.4454896e-32
0.304724,0.264827,0.0559531,0.0,-1.6292143e-32,1.8443613e-31,9.650052e-32
0.306635,0.268993,0.0557147,0.0,-2.3017936e-31,2.5365447e-30,9.882259e-31
0.301563,0.268537,0.0559524,0.0,4.2854744e-31,5.123401e-30,-3.6288155e-31
0.301503,0.266517,0.0558868,0.0,2.674415e-32,3.5992636e-31,1.7758833e-31
0.303128,0.268516,0.0559364,0.0,2.0785423e-31,3.8546487e-30,6.781263e-31
0.30154,0.270475,0.0559254,0.0,1.7903074e-30,1.6794118e-29,-3.5824362e-30
0.300033,0.270515,0.0559492,0.0,2.4670991e-30,1.561704e-29,-3.2080937e-30
0.300892,0.265832,0.0566911,0.0,4.40676e-32,9.40455e-32,1.56199e-31
0.304642,0.268415,0.0559212,0.0,-8.843956e-32,2.9587776e-30,1.21477655e-30
0.310972,0.265091,0.0548989,0.0,-1.6374288e-32,3.3792812e-32,2.2931971e-32
0.310869,0.264135,0.0554865,0.0,-1.3307841e-33,4.63319e-33,1.250673e-32
0.311351,0.263168,0.0558442,0.0,-1.1593815e-33,3.399693e-33,9.421687e-33
0.303138,0.256399,0.0579083,0.0,1.9731041e-36,5.647113e-35,1.6517535e-34
0.301006,0.258183,0.0580009,0.0,8.96635e-36,2.79378e-34,7.41363e-34
0.315638,0.264793,0.0549296,0.0,-5.025831e-33,5.718316e-33,3.1629052e-33
0.317167,0.266618,0.0549412,0.0,-1.0245655e-32,9.373362e-33,3.762383e-33
0.31856,0.266565,0.0549373,0.0,-4.20509e-33,3.5668253e-33,1.9910738e-33
0.319807,0.268525,0.054241,0.0,-3.66495e-33,3.28222e-33,2.19811e-33
0.319651,0.267798,0.0549305,0.0,-3.66495e-33,3.28222e-33,2.19811e-33
0.296884,0.276296,0.0559192,0.0,2.20783e-28,5.6510193e-28,-5.6016154e-28
0.295351,0.276305,0.0559211,0.0,1.6498426e-28,3.602336e-28,-3.5785194e-28
0.295347,0.274417,0.0559861,0.0,4.5979667e-29,1.0304056e-28,-6.9337986e-29
0.296897,0.274393,0.0559604,0.0,5.66417e-29,1.5931391e-28,-1.059338e-28
0.294923,0.273105,0.0559713,0.0,1.0758302e-29,2.660653e-29,-9.275668e-30
0.294937,0.273928,0.0558672,0.0,2.4862505e-29,5.5490423e-29,-3.1055675e-29
0.298444,0.272412,0.055951,0.0,1.8772874e-29,6.682047e-29,-3.5116907e-29
0.298435,0.274358,0.0559521,0.0,7.152557e-29,2.240295e-28,-1.5566813e-28
0.296804,0.27236,0.0559591,0.0,1.1951569e-29,3.4525574e-29,-1.4764543e-29
0.299997,0.272413,0.0559258,0.0,1.591815e-29,6.515353e-29,-2.9121072e-29
0.298374,0.276218,0.0559153,0.0,2.5470508e-28,7.260308e-28,-6.4208005e-28
0.299495,0.277637,0.0554357,0.0,3.9453248e-28,1.21997185e-27,-9.787533e-28
0.298688,0.27854,0.0555685,0.0,7.7101293e-28,2.296674e-27,-2.2372236e-27
0.298244,0.277953,0.0559226,0.0,5.0887836e-28,1.4528145e-27,-1.4189462e-27
0.299263,0.277328,0.0558728,0.0,3.55041e-28,1.04299e-27,-8.72812e-28
0.29259,0.279463,0.0558712,0.0,4.116535e-28,9.248727e-28,-6.433793e-28
0.293949,0.278003,0.0559296,0.0,3.2182492e-28,6.918831e-28,-6.0377543e-28
0.293798,0.280058,0.0559837,0.0,5.5041566e-28,1.2594078e-27,-1.0047112e-27
0.292166,0.282166,0.0549183,0.0,3.271663e-27,4.3645617e-27,-8.739073e-27
0.293719,0.282227,0.0548911,0.0,5.7127835e-27,9.284664e-27,-2.0109312e-26
0.29223,0.28018,0.0549772,0.0,9.314694e-28,1.3996397e-27,-1.7845443e-27
0.293704,0.28079,0.055413,0.0,1.6893098e-27,3.0910569e-27,-4.501917e-27
0.290959,0.280249,0.0546994,0.0,1.1227667e-27,1.1877478e-27,-1.7369461e-27
0.290932,0.278966,0.0546778,0.0,2.21058e-28,3.41271e-28,-3.75138e-28
0.295322,0.280162,0.0559537,0.0,8.503068e-28,2.09759e-27,-1.8875608e-27
0.295341,0.278038,0.0559246,0.0,4.698875e-28,1.1054224e-27,-1.0754233e-27
0.295302,0.282272,0.0549089,0.0,8.3699914e-27,1.7113669e-26,-3.7329992e-26
0.295308,0.280837,0.0553178,0.0,2.5227148e-27,5.6441746e-27,-8.792732e-27
0.30784,0.274392,0.0549072,0.0,-6.826519e-29,1.5221709e-28,-1.6697172e-28
0.309431,0.27772,0.0549683,0.0,-1.8901813e-28,3.525246e-28,-5.405958e-28
0.309382,0.276213,0.0549129,0.0,-1.2171557e-28,2.1708707e-28,-3.2264353e-28
0.309464,0.27878,0.0544291,0.0,-1.9067662e-28,3.5658018e-28,-5.4571403e-28
0.303135,0.280201,0.0549232,0.0,-1.3164288e-27,1.6505879e-26,-3.3067046e-26
0.304666,0.282099,0.0549029,0.0,-9.366616e-27,3.9269006e-26,-9.733557e-26
0.306279,0.282145,0.0541349,0.0,-3.5347e-27,1.39499e-26,-2.84029e-26
0.305189,0.282694,0.0544849,0.0,-1.1283225e-26,4.4210212e-26,-1.1281013e-25
0.295409,0.2879,0.0538919,0.0,6.97663e-26,1.47327e-25,-4.31337e-25
0.315528,0.272364,0.0549009,0.0,-7.54037e-31,6.36607e-31,-4.9933825e-31
0.314022,0.274312,0.0549053,0.0,-5.1897124e-30,4.5918962e-30,-6.4976325e-30
0.315544,0.274278,0.0549463,0.0,-2.2923007e-30,1.9031701e-30,-2.3886495e-30
0.294612,0.215356,0.0550896,0.0,0.0,0.0,0.0
0.3166,0.273624,0.0549421,0.0,-6.0177e-31,4.93737e-31,-3.00273e-31
0.316734,0.272367,0.0549642,0.0,-4.721656e-31,3.842945e-31,-2.2373532e-31
0.31607,0.274895,0.0545184,0.0,-2.6392942e-30,2.1877043e-30,-2.8672675e-30
0.31706,0.274257,0.0541605,0.0,-6.0177e-31,4.93737e-31,-3.00273e-31
0.315076,0.275603,0.0547809,0.0,-4.52857e-30,3.75842e-30,-5.24749e-30
0.315538,0.276264,0.0538939,0.0,-4.52857e-30,3.75842e-30,-5.24749e-30
0.307513,0.228597,0.0578585,0.0,-4.5e-44,1.35e-43,6e-45
0.309484,0.23039,0.0578896,0.0,-1.85e-43,4.41e-43,1.4e-44
0.310325,0.23081,0.0575623,0.0,-2.03e-43,4.86e-43,1.1e-44
0.264192,0.195058,0.0539275,0.0,0.0,0.0,0.0
0.262737,0.194654,0.0540363,0.0,0.0,0.0,0.0
0.286853,0.209436,0.0543013,0.0,0.0,0.0,0.0
0.287453,0.210563,0.0539147,0.0,0.0,0.0,0.0
0.299933,0.225994,0.0549258,0.0,-0.0,1.7e-44,3e-45
0.300583,0.240892,0.0541061,0.0,-1.9234e-41,9.20032e-40,5.14178e-40
0.301612,0.239495,0.0549185,0.0,-5.3764e-41,5.84036e-40,2.97734e-40
0.300011,0.256923,0.0549426,0.0,3.954243e-35,4.402541e-34,4.7630457e-34
0.301566,0.254991,0.0549376,0.0,-9.891638e-38,9.611877e-35,1.0754846e-34
0.300011,0.254995,0.0549385,0.0,6.245597e-36,1.0698717e-34,1.0079109e-34
0.301578,0.285983,0.0540832,0.0,3.0374159e-27,1.3443331e-25,-4.027742e-25
0.289063,0.241435,0.059966,0.0,3.94335e-40,1.268985e-39,-2.08756e-40
0.301557,0.241437,0.0599663,0.0,-2.35012e-40,1.71741e-39,-5.5473e-41
0.224593,0.208015,0.0541649,0.0,0.0,0.0,0.0
0.224609,0.206522,0.0543331,0.0,0.0,0.0,0.0
0.235905,0.194534,0.0542289,0.0,0.0,0.0,0.0
0.239226,0.20836,0.0589551,0.0,0.0,0.0,-0.0
0.248429,0.208478,0.0589538,0.0,0.0,0.0,0.0
0.250004,0.20655,0.0589542,0.0,0.0,0.0,0.0
0.249997,0.208487,0.0589539,0.0,0.0,0.0,0.0
0.261672,0.193986,0.0541478,0.0,0.0,0.0,0.0
0.260491,0.193637,0.054031,0.0,0.0,0.0,0.0
0.251569,0.208495,0.0589555,0.0,0.0,0.0,0.0
0.285963,0.20819,0.0546925,0.0,0.0,0.0,0.0
0.285977,0.209063,0.0538996,0.0,0.0,0.0,0.0
0.249996,0.210418,0.0589507,0.0,0.0,0.0,0.0
0.248338,0.237885,0.0542564,0.0,0.0,0.0,0.0
0.249887,0.237983,0.0541573,0.0,0.0,-0.0,0.0
0.251168,0.238174,0.0540357,0.0,0.0,-0.0,0.0
0.275059,0.237531,0.0589485,0.0,4.33e-43,4.58e-43,1.54e-43
0.275139,0.239411,0.0589834,0.0,1.61e-42,1.83e-42,7.72e-43
0.276568,0.239489,0.0589613,0.0,4.03e-42,4.316e-42,9.49e-43
0.298315,0.226006,0.0549269,0.0,1e-45,1.3e-44,6e-45
0.300006,0.253065,0.0549371,0.0,5.727685e-37,2.6574994e-35,2.189378e-35
0.298444,0.254996,0.0549378,0.0,1.3476526e-35,1.1363692e-34,8.885248e-35
0.289111,0.254826,0.058971,0.0,6.7076625e-36,1.6316203e-35,2.3606547e-35
0.262344,0.199003,0.0559523,0.0,0.0,0.0,0.0
0.26239,0.200739,0.0559354,0.0,0.0,0.0,0.0
0.292206,0.216288,0.0547108,0.0,0.0,0.0,0.0
0.293728,0.216374,0.0549466,0.0,0.0,0.0,0.0
0.243816,0.229598,0.0559082,0.0,0.0,0.0,0.0
0.239073,0.224012,0.0559297,0.0,0.0,0.0,0.0
0.243746,0.226045,0.0559175,0.0,0.0,0.0,0.0
0.250008,0.229796,0.0559332,0.0,0.0,0.0,0.0
0.301536,0.231756,0.0549272,0.0,-1.47e-43,1.659e-42,1.71e-43
0.300023,0.229814,0.054916,0.0,-0.0,3.52e-43,5.7e-44
0.300025,0.231751,0.0549174,0.0,-1e-44,1.586e-42,3.27e-43
0.30463,0.231849,0.0549411,0.0,-3.04e-43,1.073e-42,-3.2e-44
0.304771,0.226102,0.0569883,0.0,-1.4e-44,4.8e-44,3e-45
0.263614,0.240019,0.056435,0.0,4e-45,3e-45,4e-45
0.281266,0.245117,0.0549268,0.0,8.36037e-40,1.955267e-39,-4.90052e-40
0.289064,0.247223,0.0549166,0.0,3.084002e-38,1.0667844e-37,1.3273389e-38
0.287498,0.245278,0.0549172,0.0,6.088474e-39,1.7132447e-38,-6.06783e-40
0.287509,0.247214,0.0549165,0.0,1.9402524e-38,6.6543466e-38,-3.07093e-40
0.293719,0.245391,0.0549189,0.0,1.3085842e-38,6.7070287e-38,-2.436345e-39
0.292183,0.24723,0.0549166,0.0,5.5613786e-38,2.2521055e-37,3.2536303e-38
0.293746,0.247231,0.0549163,0.0,5.826344e-38,2.9307115e-37,4.621365e-38
0.304688,0.239511,0.0549178,0.0,-1.0967e-40,3.78279e-40,2.05562e-40
0.306248,0.24143,0.0549298,0.0,-4.1739e-40,1.03724e-39,9.1681e-40
0.306253,0.239501,0.0549255,0.0,-9.4481e-41,2.51226e-40,1.52631e-40
0.301529,0.247264,0.0549575,0.0,-3.4773168e-38,3.8451957e-37,1.5986477e-37
0.301504,0.245327,0.0539561,0.0,-6.89032e-39,1.04465e-37,9.76617e-39
0.299935,0.245736,0.054358,0.0,-2.071489e-39,1.1510025e-37,6.736716e-39
0.299996,0.247327,0.0549194,0.0,-6.424478e-39,3.6030173e-37,1.1607035e-37
0.314093,0.247209,0.0549478,0.0,-4.552072e-39,4.019525e-39,1.2079118e-38
0.312511,0.24527,0.0549341,0.0,-1.690556e-39,2.058936e-39,4.131445e-39
0.31244,0.247303,0.0548802,0.0,-4.186592e-39,4.88215e-39,1.1560836e-38
0.317147,0.247295,0.0549185,0.0,-1.863629e-39,8.68418e-40,5.284568e-39
0.301535,0.262344,0.0546377,0.0,1.0497398e-33,9.55927e-33,1.3790399e-32
0.299996,0.260759,0.0548979,0.0,9.05871e-34,7.0802324e-33,8.246355e-33
0.300031,0.262719,0.0546251,0.0,4.54877e-33,2.3240398e-32,2.7340738e-32
0.31716,0.254917,0.0548698,0.0,-3.7368975e-37,-8.5347776e-38,1.6461138e-36
0.317112,0.256605,0.0546446,0.0,-5.5879487e-37,-1.753619e-37,2.4999796e-36
0.29391,0.276279,0.0559426,0.0,1.1264939e-28,2.1760038e-28,-1.9448021e-28
0.292323,0.270512,0.0549134,0.0,9.675494e-31,2.4582071e-30,2.194502e-30
0.293285,0.271921,0.0542879,0.0,1.80648e-30,4.35174e-30,3.88383e-30
0.293689,0.270467,0.054541,0.0,9.253673e-31,2.4102112e-30,2.1452435e-30
0.242309,0.214323,0.0599572,0.0,0.0,0.0,0.0
0.251105,0.213708,0.0598172,0.0,0.0,0.0,0.0
0.251609,0.214458,0.0599068,0.0,0.0,0.0,0.0
0.27616,0.21381,0.0595421,0.0,0.0,0.0,0.0
0.276608,0.214437,0.0599845,0.0,0.0,0.0,0.0
0.279692,0.214507,0.0599399,0.0,0.0,0.0,0.0
0.280625,0.225156,0.05998,0.0,0.0,0.0,0.0
0.279591,0.225245,0.0599471,0.0,0.0,0.0,0.0
0.292187,0.241437,0.0599647,0.0,3.75584e-40,1.892378e-39,-4.6828e-40
0.289064,0.245317,0.0599672,0.0,7.083344e-39,2.0185438e-38,8.63458e-40
0.292189,0.245317,0.0599672,0.0,6.410789e-39,2.9213954e-38,1.24664e-39
0.301524,0.245265,0.0599688,0.0,-1.5941e-41,2.03857e-38,1.8009041e-38
0.244808,0.19232,0.054605,0.0,0.0,0.0,0.0
0.245349,0.191242,0.0539692,0.0,0.0,0.0,0.0
0.257975,0.192654,0.0541674,0.0,0.0,0.0,0.0
0.237513,0.208518,0.0571381,0.0,0.0,0.0,-0.0
0.236979,0.208497,0.0566507,0.0,0.0,0.0,-0.0
0.23775,0.208598,0.0578144,0.0,0.0,0.0,-0.0
0.239185,0.201368,0.0562038,0.0,0.0,0.0,-0.0
0.238763,0.202748,0.0564885,0.0,0.0,0.0,-0.0
0.242162,0.20842,0.0589049,0.0,0.0,0.0,-0.0
0.24374,0.206519,0.0589607,0.0,0.0,0.0,0.0
0.24373,0.20841,0.058983,0.0,0.0,0.0,0.0
0.250015,0.202873,0.0589585,0.0,0.0,0.0,0.0
0.248457,0.20083,0.0587219,0.0,0.0,0.0,0.0
0.250046,0.200708,0.0590422,0.0,0.0,0.0,0.0
0.245293,0.208452,0.0589484,0.0,0.0,0.0,0.0
0.260966,0.20067,0.055911,0.0,0.0,0.0,0.0
0.26098,0.19899,0.0559507,0.0,0.0,0.0,0.0
0.26236,0.202744,0.0559355,0.0,0.0,0.0,0.0
0.260956,0.202279,0.0563358,0.0,0.0,0.0,0.0
0.251521,0.200908,0.0587508,0.0,0.0,0.0,0.0
0.268745,0.202762,0.0565352,0.0,0.0,0.0,0.0
0.224643,0.218218,0.0543078,0.0,0.0,0.0,0.0
0.237485,0.210424,0.0571044,0.0,0.0,0.0,-0.0
0.236932,0.210437,0.0566143,0.0,0.0,0.0,-0.0
0.236047,0.218159,0.0559225,0.0,0.0,0.0,0.0
0.23596,0.216204,0.0559402,0.0,0.0,0.0,0.0
0.237745,0.210405,0.0577828,0.0,0.0,0.0,-0.0
0.238062,0.214238,0.0568258,0.0,0.0,0.0,-0.0
0.238601,0.214895,0.0572284,0.0,0.0,0.0,0.0
0.23735,0.21424,0.0560606,0.0,0.0,0.0,0.0
0.238783,0.214681,0.05778,0.0,0.0,0.0,-0.0
0.238794,0.216337,0.0579338,0.0,0.0,0.0,0.0
0.238099,0.213622,0.0577287,0.0,0.0,0.0,-0.0
0.237474,0.212349,0.0571197,0.0,0.0,0.0,-0.0
0.237747,0.212217,0.0577586,0.0,0.0,0.0,-0.0
0.248432,0.223771,0.0572693,0.0,0.0,0.0,0.0
0.248953,0.222872,0.0574899,0.0,0.0,0.0,0.0
0.248389,0.224738,0.0568883,0.0,0.0,0.0,0.0
0.250071,0.222171,0.0579625,0.0,0.0,0.0,0.0
0.254116,0.214398,0.0599437,0.0,0.0,0.0,0.0
0.254851,0.214298,0.0593301,0.0,0.0,0.0,0.0
0.251478,0.221499,0.0576939,0.0,0.0,0.0,0.0
0.268907,0.222065,0.0589851,0.0,0.0,0.0,0.0
0.266964,0.222061,0.0587674,0.0,0.0,0.0,0.0
0.270305,0.224028,0.0589452,0.0,0.0,0.0,0.0
0.285915,0.218179,0.0592957,0.0,0.0,0.0,0.0
0.2858,0.216382,0.0593717,0.0,0.0,0.0,0.0
0.286254,0.215812,0.0589125,0.0,0.0,0.0,0.0
0.292693,0.217618,0.0541247,0.0,0.0,0.0,0.0
0.293789,0.218151,0.0545287,0.0,0.0,0.0,0.0
0.232446,0.230254,0.0540691,0.0,0.0,0.0,0.0
0.232871,0.231686,0.0538544,0.0,0.0,0.0,0.0
0.245285,0.224602,0.0565835,0.0,0.0,0.0,0.0
0.273542,0.231747,0.0589359,0.0,3e-45,3e-45,1e-45
0.274994,0.229855,0.0589674,0.0,1e-45,1e-45,1e-45
0.275006,0.231768,0.0589604,0.0,7e-45,7e-45,4e-45
0.275017,0.233692,0.0589609,0.0,3e-44,3.2e-44,1.4e-44
0.276556,0.231775,0.0589559,0.0,1.4e-44,1.7e-44,8e-45
0.279682,0.231772,0.0589569,0.0,4.8e-44,7.6e-44,2.8e-44
0.281244,0.229842,0.0589565,0.0,1.5e-44,3e-44,1.5e-44
0.281245,0.231761,0.0589577,0.0,7.4e-44,1.39e-43,4.5e-44
0.281189,0.225966,0.0592936,0.0,0.0,1e-45,1e-45
0.28593,0.231703,0.0589736,0.0,1.78e-43,5.09e-43,8.7e-44
0.287487,0.229785,0.0589557,0.0,4.5e-44,1.35e-43,4.6e-44
0.287469,0.231658,0.0589179,0.0,2.3e-43,7.1e-43,3e-44
0.282806,0.231743,0.0589592,0.0,1.08e-43,2.34e-43,6.7e-44
0.279635,0.239501,0.0589134,0.0,1.7352e-41,2.3994e-41,1.455e-42
0.281248,0.233688,0.0589602,0.0,3.69e-43,6.6e-43,1.06e-43
0.287426,0.233147,0.05981,0.0,1.085e-42,2.95e-42,-3.01e-43
0.298706,0.233686,0.0547261,0.0,8.5e-44,5.098e-42,1.885e-42
0.296734,0.233681,0.0539083,0.0,1.33e-43,1.003e-42,9.6e-43
0.300034,0.233689,0.0549455,0.0,-7.8e-44,7.575e-42,2.056e-42
0.293703,0.226143,0.0589558,0.0,1e-45,1.4e-44,4e-45
0.292193,0.22404,0.0588439,0.0,0.0,4e-45,1e-45
0.293738,0.224087,0.058862,0.0,0.0,4e-45,1e-45
0.293738,0.229713,0.0589083,0.0,4.5e-44,3.7e-43,-1e-43
0.298372,0.231478,0.0592276,0.0,-2.1e-43,2.129e-42,-4.68e-43
0.299922,0.232281,0.0593496,0.0,-4.27e-43,2.734e-42,-7.15e-43
0.295297,0.231199,0.0599184,0.0,1.29e-43,1.626e-42,-5.72e-43
0.310946,0.231856,0.0570285,0.0,-2.87e-43,6.73e-43,3.2e-44
0.306258,0.237563,0.0549286,0.0,-2.2321e-41,6.133e-41,2.4901e-41
0.306203,0.23378,0.0549212,0.0,-1.267e-42,3.468e-42,2.68e-43
0.307818,0.239494,0.0549302,0.0,-7.6737e-41,1.72063e-40,1.17785e-40
0.311056,0.233446,0.0570102,0.0,-1.35e-42,2.382e-42,8.53e-43
0.300075,0.231277,0.0589377,0.0,-2.38e-43,1.624e-42,-4.04e-43
0.301544,0.231667,0.0588988,0.0,-3.11e-43,1.7e-42,-4.58e-43
0.304665,0.232576,0.0589461,0.0,-5.34e-43,1.74e-42,-3.22e-43
0.307846,0.239523,0.0589009,0.0,-5.802e-41,1.11029e-40,8.1219e-41
0.269272,0.244641,0.0561708,0.0,1.565e-42,1.52e-42,1.491e-42
0.28596,0.247168,0.0549179,0.0,1.1654308e-38,3.9244322e-38,-5.8598e-39
0.280648,0.253595,0.0568463,0.0,2.0364761e-37,8.393075e-37,9.130635e-37
0.286033,0.248998,0.0549149,0.0,4.129937e-38,1.7330851e-37,-3.1422672e-38
0.287574,0.249084,0.0549254,0.0,5.937145e-38,2.5020807e-37,-5.369477e-39
0.280841,0.241449,0.0595655,0.0,1.10286e-40,1.641e-40,1.117e-42
0.279735,0.247051,0.058967,0.0,3.014123e-39,3.725356e-39,4.960796e-39
0.298426,0.245215,0.0547791,0.0,2.986819e-39,7.620115e-38,3.02449e-40
0.298433,0.247351,0.0549175,0.0,1.685422e-38,3.87165e-37,1.0544593e-37
0.295304,0.247253,0.0549163,0.0,5.322392e-38,3.6447627e-37,7.299633e-38
0.295372,0.245242,0.0549253,0.0,1.0649475e-38,7.572251e-38,-2.906215e-39
0.293762,0.253049,0.0549294,0.0,3.0365425e-36,1.8157209e-35,8.961409e-36
0.293747,0.249171,0.0549167,0.0,2.5005164e-37,1.2651436e-36,3.9358833e-37
0.299994,0.249208,0.0549318,0.0,-8.981728e-39,1.6441388e-36,8.8926795e-37
0.295321,0.254992,0.0549367,0.0,1.6455297e-35,9.431077e-35,5.562931e-35
0.311902,0.24799,0.0539914,0.0,-3.74367e-39,5.25693e-39,1.10437e-38
0.310928,0.246912,0.0548347,0.0,-3.823628e-39,5.503161e-39,1.0719014e-38
0.310914,0.247853,0.0540446,0.0,-3.74367e-39,5.25693e-39,1.10437e-38
0.304897,0.245687,0.0592721,0.0,-3.077145e-39,1.2287855e-38,1.8531275e-38
0.304515,0.245099,0.0598513,0.0,-2.01451e-39,1.0125399e-38,1.4437931e-38
0.312969,0.248641,0.0542504,0.0,-7.69993e-39,7.66796e-39,2.15973e-38
0.298412,0.26265,0.0549127,0.0,6.7401744e-33,2.9494896e-32,3.1287316e-32
0.29371,0.268546,0.0549089,0.0,3.1588441e-31,9.349242e-31,8.185591e-31
0.292303,0.268625,0.0548975,0.0,3.1029456e-31,8.23212e-31,7.6551305e-31
0.298437,0.264325,0.0547334,0.0,2.2203939e-32,7.849406e-32,7.8924566e-32
0.299448,0.263988,0.0540461,0.0,1.01153e-32,4.51013e-32,5.30394e-32
0.294719,0.269877,0.0540572,0.0,4.85599e-31,1.6372e-30,1.47453e-30
0.295035,0.268554,0.0547541,0.0,2.7767986e-31,9.013015e-31,7.740951e-31
0.29887,0.269043,0.0565171,0.0,3.931943e-31,1.9114734e-30,1.2622341e-30
0.293868,0.264742,0.0549052,0.0,2.7873798e-32,7.674271e-32,7.877784e-32
0.295408,0.262756,0.0549376,0.0,7.143068e-33,2.1574005e-32,1.9579444e-32
0.297923,0.260765,0.0576509,0.0,1.0405702e-33,3.6351024e-33,4.9899133e-33
0.307843,0.260885,0.0559596,0.0,-1.0052498e-33,3.2956354e-33,3.499217e-33
0.307812,0.262733,0.0559695,0.0,-1.5019155e-33,1.3888131e-32,1.4317608e-32
0.306228,0.262861,0.0559553,0.0,-4.1596524e-33,3.648356e-32,2.2512213e-32
0.305753,0.262372,0.0559062,0.0,-3.0683865e-33,2.2651585e-32,1.3892014e-32
0.305814,0.26142,0.0558576,0.0,-7.469709e-34,4.8651992e-33,4.800734e-33
0.310892,0.262557,0.055967,0.0,-7.799239e-34,3.096191e-33,8.02579e-33
0.306248,0.264755,0.0559482,0.0,-1.227043e-32,1.3695237e-31,8.45547e-32
0.304704,0.262475,0.0558914,0.0,-2.594577e-33,3.3028952e-32,1.8765881e-32
0.307807,0.264672,0.0559587,0.0,-2.323203e-33,9.5164296e-32,6.080811e-32
0.299819,0.276075,0.055986,0.0,2.4190186e-28,7.2618147e-28,-5.831972e-28
0.304264,0.283991,0.0549613,0.0,-2.0175242e-26,7.9802747e-26,-2.1407077e-25
0.304968,0.284087,0.0541354,0.0,-2.2088597e-26,8.760306e-26,-2.3657835e-25
0.30459,0.285874,0.0538584,0.0,-3.22238e-26,1.28922e-25,-3.55803e-25
0.303086,0.286273,0.0539587,0.0,-1.6693257e-26,1.3484787e-25,-3.7990624e-25
0.24999,0.194953,0.0557279,0.0,0.0,0.0,0.0
0.265527,0.195759,0.0545455,0.0,0.0,0.0,0.0
0.263983,0.197532,0.0555036,0.0,0.0,0.0,0.0
0.265472,0.195604,0.0540086,0.0,0.0,0.0,0.0
0.262522,0.196958,0.0557359,0.0,0.0,0.0,0.0
0.22811,0.212372,0.0549213,0.0,0.0,0.0,0.0
0.289823,0.211618,0.0553465,0.0,0.0,0.0,0.0
0.227636,0.22457,0.0546983,0.0,0.0,0.0,0.0
0.226553,0.224036,0.0542032,0.0,0.0,0.0,0.0
0.226133,0.222573,0.0544678,0.0,0.0,0.0,0.0
0.226643,0.221975,0.0549672,0.0,0.0,0.0,0.0
0.228102,0.225957,0.0541398,0.0,0.0,0.0,0.0
0.300003,0.227881,0.054923,0.0,-1e-45,8.1e-44,1.3e-44
0.275006,0.241813,0.0544964,0.0,9.899e-42,9.525e-42,2.545e-42
0.27499,0.243274,0.0549465,0.0,2.0484e-41,2.3274e-41,2.78e-42
0.288607,0.241948,0.0544328,0.0,6.58973e-40,1.87073e-39,-2.98167e-40
0.287429,0.241841,0.0545709,0.0,6.10169e-40,1.625429e-39,-2.60384e-40
0.287471,0.243433,0.0549015,0.0,1.597786e-39,4.356124e-39,-3.18266e-40
0.303126,0.23952,0.0549153,0.0,-1.0339e-40,5.13972e-40,2.61964e-40
0.312501,0.24336,0.0549367,0.0,-4.74966e-40,5.93783e-40,1.00641e-39
0.303202,0.254911,0.0549272,0.0,-4.2085704e-36,7.3675773e-35,9.096638e-35
0.300004,0.258848,0.0549048,0.0,2.1623462e-34,1.8545637e-33,2.0495458e-33
0.317648,0.272482,0.0546671,0.0,-4.5553726e-31,3.702529e-31,-2.1391547e-31
0.290625,0.241436,0.0599646,0.0,4.08711e-40,1.656923e-39,-2.98848e-40
0.289064,0.243376,0.0599672,0.0,1.760395e-39,5.43737e-39,-4.41549e-40
0.290626,0.243376,0.0599672,0.0,1.790848e-39,6.99945e-39,-5.5813e-40
0.3031,0.241435,0.059971,0.0,-2.99927e-40,1.325464e-39,2.7883e-40
0.301547,0.243372,0.0599657,0.0,-7.4918e-40,6.529452e-39,1.726167e-39
0.303085,0.24336,0.0599725,0.0,-7.71388e-40,4.847786e-39,2.505747e-39
0.259521,0.192794,0.0540842,0.0,0.0,0.0,0.0
0.22506,0.204712,0.0538457,0.0,0.0,0.0,0.0
0.228156,0.204692,0.0549215,0.0,0.0,0.0,0.0
0.240607,0.208409,0.0589565,0.0,0.0,0.0,-0.0
0.250011,0.20463,0.0589546,0.0,0.0,0.0,0.0
0.246861,0.208473,0.0589521,0.0,0.0,0.0,0.0
0.253128,0.2085,0.0589553,0.0,0.0,0.0,0.0
0.284387,0.206569,0.0546328,0.0,0.0,0.0,0.0
0.2847,0.20618,0.0555412,0.0,0.0,0.0,0.0
0.283381,0.205991,0.0541613,0.0,0.0,0.0,0.0
0.286476,0.207758,0.0554284,0.0,0.0,0.0,0.0
0.284987,0.207763,0.0540949,0.0,0.0,0.0,0.0
0.224826,0.22008,0.0538431,0.0,0.0,0.0,0.0
0.226705,0.220088,0.0549788,0.0,0.0,0.0,0.0
0.225142,0.221954,0.0539075,0.0,0.0,0.0,0.0
0.228152,0.220129,0.054917,0.0,0.0,0.0,0.0
0.249979,0.212298,0.0589303,0.0,0.0,0.0,0.0
0.249897,0.221732,0.0585522,0.0,0.0,0.0,0.0
0.278227,0.213125,0.0599179,0.0,0.0,0.0,0.0
0.277206,0.213224,0.0598495,0.0,0.0,0.0,0.0
0.287392,0.22404,0.0583163,0.0,0.0,1e-45,1e-45
0.286826,0.224877,0.0588667,0.0,0.0,1e-45,1e-45
0.285862,0.224696,0.0589725,0.0,0.0,1e-45,1e-45
0.285994,0.223637,0.0588398,0.0,0.0,1e-45,0.0
0.284922,0.223511,0.0588949,0.0,0.0,0.0,0.0
0.29709,0.223977,0.0547666,0.0,0.0,1e-45,1e-45
0.296404,0.224045,0.0539433,0.0,0.0,0.0,0.0
0.234335,0.227913,0.0549176,0.0,0.0,0.0,0.0
0.246874,0.236705,0.0544371,0.0,0.0,0.0,0.0
0.246825,0.235592,0.0549699,0.0,0.0,0.0,0.0
0.246885,0.237181,0.0538891,0.0,0.0,0.0,0.0
0.252577,0.236335,0.0551537,0.0,0.0,0.0,0.0
0.252772,0.236001,0.0556326,0.0,0.0,0.0,0.0
0.251433,0.235335,0.0558832,0.0,0.0,0.0,0.0
0.254647,0.237476,0.0558334,0.0,0.0,0.0,0.0
0.275,0.227992,0.0590574,0.0,0.0,0.0,0.0
0.275025,0.235616,0.0589647,0.0,1.14e-43,1.23e-43,4.5e-44
0.287421,0.226014,0.0589687,0.0,1e-45,6e-45,3e-45
0.287483,0.227877,0.0589648,0.0,1e-44,3.1e-44,1.4e-44
0.278101,0.2395,0.0589524,0.0,8.973e-42,1.0573e-41,1.766e-42
0.297196,0.225449,0.0546652,0.0,1e-45,7e-45,6e-45
0.298197,0.227898,0.0548474,0.0,4e-45,5.9e-44,2.2e-44
0.296792,0.225967,0.0539165,0.0,1e-45,1.3e-44,1e-44
0.296692,0.227926,0.0538697,0.0,4e-45,3.6e-44,2.7e-44
0.288702,0.225391,0.0588087,0.0,1e-45,6e-45,3e-45
0.289154,0.224515,0.0584457,0.0,1e-45,3e-45,1e-45
0.290662,0.224165,0.0586816,0.0,1e-45,4e-45,1e-45
0.287839,0.225351,0.0587876,0.0,1e-45,4e-45,1e-45
0.300067,0.227951,0.0588926,0.0,-1.1e-44,1.19e-43,8e-45
0.300074,0.235595,0.0547228,0.0,-6.32e-43,2.8903e-41,9.668e-42
0.309373,0.239499,0.0549297,0.0,-5.701e-41,1.09283e-40,8.3876e-41
0.309206,0.237761,0.0589662,0.0,-1.0967e-41,1.8688e-41,9.25e-42
0.308742,0.236505,0.0589856,0.0,-5.127e-42,9.872e-42,2.926e-42
0.311311,0.239531,0.0589778,0.0,-3.8122e-41,5.2497e-41,4.8608e-41
0.309216,0.239579,0.0589585,0.0,-4.5604e-41,7.1724e-41,6.4392e-41
0.274957,0.243458,0.0587279,0.0,4.2496e-41,3.4668e-41,1.982e-41
0.275607,0.243282,0.0590168,0.0,3.2048e-41,2.621e-41,1.2204e-41
0.287738,0.250784,0.0552491,0.0,2.9639698e-37,1.2168402e-36,-3.066632e-38
0.287984,0.252417,0.0553018,0.0,5.6036504e-37,2.2876771e-36,3.342196e-39
0.288215,0.252012,0.0549285,0.0,4.60513e-37,1.97177e-36,-6.11715e-38
0.287764,0.25077,0.055219,0.0,2.3336025e-37,1.0036556e-36,-3.5399338e-38
0.286639,0.250255,0.0549035,0.0,6.38429e-38,2.74642e-37,-4.95748e-38
0.286352,0.250628,0.0552876,0.0,8.153051e-38,3.3356177e-37,-5.360816e-38
0.299999,0.251134,0.0549282,0.0,1.5624265e-38,6.72477e-36,4.757818e-36
0.296878,0.254997,0.054938,0.0,1.7824307e-35,1.1075111e-34,7.5542416e-35
0.290617,0.254779,0.0589326,0.0,9.4065405e-36,2.4283813e-35,3.1483604e-35
0.29985,0.250984,0.0589518,0.0,1.1525724e-37,1.8847691e-36,3.3856885e-36
0.299903,0.252877,0.0586059,0.0,2.0715077e-37,3.648043e-36,7.051536e-36
0.301909,0.251211,0.0589222,0.0,-9.510971e-38,2.0663424e-36,3.931817e-36
0.301059,0.252491,0.0588245,0.0,-2.0996043e-37,3.441668e-36,6.935878e-36
0.314617,0.254443,0.0542131,0.0,-2.99214e-37,1.63527e-37,9.98393e-37
0.315579,0.255037,0.0549299,0.0,-4.0787014e-37,-1.2474877e-38,1.6175816e-36
0.290581,0.255973,0.0590289,0.0,1.3552966e-35,3.6164698e-35,5.004591e-35
0.29056,0.256642,0.058632,0.0,1.7145288e-35,4.6149667e-35,6.284446e-35
0.309438,0.266703,0.0548931,0.0,-1.1371778e-31,2.9382753e-31,1.020425e-31
0.315636,0.266634,0.0549371,0.0,-2.1835558e-32,2.3191375e-32,7.21123e-33
0.289774,0.283026,0.054466,0.0,1.08744e-27,1.0158e-27,-2.35149e-27
0.290533,0.282149,0.0549765,0.0,1.7690252e-27,1.8732821e-27,-3.4062143e-27
0.296883,0.282247,0.0549245,0.0,9.567088e-27,2.6536353e-26,-5.9125236e-26
0.309394,0.274383,0.0549075,0.0,-4.4791025e-29,7.512296e-29,-9.201914e-29
0.303104,0.282111,0.0549253,0.0,-5.7984015e-27,4.3948578e-26,-1.0764775e-25
0.241765,0.198287,0.0558782,0.0,0.0,0.0,0.0
0.239457,0.202744,0.0571071,0.0,0.0,0.0,-0.0
0.266518,0.195899,0.0545425,0.0,0.0,0.0,0.0
0.266591,0.19583,0.054029,0.0,0.0,0.0,0.0
0.267432,0.196687,0.0540445,0.0,0.0,0.0,0.0
0.268695,0.197044,0.053948,0.0,0.0,0.0,0.0
0.275117,0.20063,0.0547461,0.0,0.0,0.0,0.0
0.291131,0.215698,0.0543569,0.0,0.0,0.0,0.0
0.243759,0.227883,0.0559265,0.0,0.0,0.0,0.0
0.240595,0.224066,0.0559322,0.0,0.0,0.0,0.0
0.253084,0.231764,0.0559601,0.0,0.0,0.0,0.0
0.249999,0.227905,0.0559329,0.0,0.0,0.0,0.0
0.303107,0.231772,0.0549271,0.0,-2.68e-43,1.478e-42,6.6e-44
0.26703,0.243594,0.0562904,0.0,1.5e-43,1.1e-43,1.18e-43
0.268215,0.244196,0.0559962,0.0,8.25e-43,7.79e-43,7.67e-43
0.266089,0.242707,0.0561703,0.0,8.3e-44,5e-44,6.3e-44
0.281251,0.243364,0.0549245,0.0,3.53279e-40,5.82776e-40,-9.064e-42
0.274991,0.244549,0.054902,0.0,3.3009e-41,3.9634e-41,2.426e-42
0.274926,0.245463,0.0550855,0.0,3.6592e-41,4.4962e-41,5.751e-42
0.290623,0.247227,0.0549166,0.0,4.5305333e-38,1.6342359e-37,2.664444e-38
0.306241,0.243281,0.0549327,0.0,-1.681711e-39,4.31824e-39,4.929869e-39
0.315637,0.247239,0.0549388,0.0,-3.191775e-39,2.041898e-39,8.34951e-39
0.290496,0.258894,0.0559069,0.0,2.8028802e-34,8.72165e-34,6.5640587e-34
0.305046,0.261463,0.0559771,0.0,-3.960202e-34,5.3673112e-33,5.8456283e-33
0.303771,0.262711,0.0558366,0.0,-1.7498736e-33,4.3796072e-32,2.274731e-32
0.303366,0.262729,0.0559558,0.0,-5.476504e-34,4.0616515e-32,2.768805e-32
0.303614,0.261392,0.0566698,0.0,7.857427e-34,4.1925402e-33,9.3234e-33
0.304845,0.253007,0.0538752,0.0,-2.3089779e-36,8.896063e-36,6.874101e-36
0.302596,0.262012,0.0541755,0.0,1.24886e-33,9.06225e-33,1.48201e-32
0.304787,0.260837,0.053868,0.0,6.03266e-35,1.52623e-33,2.97882e-33
0.317065,0.260708,0.0559617,0.0,-2.2866353e-35,1.5046442e-35,9.635627e-35
0.316023,0.25645,0.0545192,0.0,-6.6771e-37,-1.96309e-37,2.8266e-36
0.290614,0.2705,0.0560895,0.0,5.897247e-31,1.588344e-30,1.6640016e-30
0.300295,0.276648,0.0556022,0.0,2.698469e-28,8.566279e-28,-6.59081e-28
0.303121,0.270468,0.0559223,0.0,9.492089e-31,1.2857317e-29,-1.4493166e-30
0.299934,0.274281,0.0559205,0.0,6.7226986e-29,2.2783217e-28,-1.4554431e-28
0.306061,0.268341,0.0559217,0.0,-8.893144e-32,1.5373843e-30,7.3640494e-31
0.242313,0.212544,0.0599613,0.0,0.0,0.0,0.0
0.253032,0.214503,0.0599209,0.0,0.0,0.0,0.0
0.253104,0.213185,0.0598646,0.0,0.0,0.0,0.0
0.254034,0.213275,0.0599523,0.0,0.0,0.0,0.0
0.278181,0.21452,0.0599392,0.0,0.0,0.0,0.0
0.279695,0.2131,0.0599037,0.0,0.0,0.0,0.0
0.292188,0.243376,0.0599672,0.0,1.615067e-39,7.925036e-39,-1.003777e-39
0.290627,0.245317,0.0599672,0.0,7.220871e-39,2.5995336e-38,1.940924e-39
0.304513,0.243313,0.0600005,0.0,-6.39092e-40,3.065989e-39,2.793794e-39
0.303027,0.245161,0.0599483,0.0,-1.427985e-39,1.4599897e-38,1.786226e-38
0.304836,0.251122,0.053865,0.0,-1.05803e-36,3.51088e-36,3.51584e-36
0.296934,0.268586,0.0539025,0.0,1.40235e-31,5.13119e-31,3.98446e-31
0.296946,0.26675,0.0539398,0.0,9.961047e-32,3.505207e-31,2.8796172e-31
0.227052,0.203401,0.0548578,0.0,0.0,0.0,0.0
0.226274,0.20425,0.0540266,0.0,0.0,0.0,0.0
0.226589,0.202707,0.0539906,0.0,0.0,0.0,0.0
0.243752,0.204617,0.0589521,0.0,0.0,0.0,0.0
0.259073,0.198158,0.0558951,0.0,0.0,0.0,0.0
0.272901,0.199496,0.0548281,0.0,0.0,0.0,0.0
0.27404,0.199891,0.0548516,0.0,0.0,0.0,0.0
0.26875,0.202106,0.0558985,0.0,0.0,0.0,0.0
0.268748,0.200644,0.0559125,0.0,0.0,0.0,0.0
0.267195,0.200586,0.0559121,0.0,0.0,0.0,0.0
0.270326,0.200674,0.0559236,0.0,0.0,0.0,0.0
0.280273,0.203954,0.0540649,0.0,0.0,0.0,0.0
0.236915,0.212398,0.0566486,0.0,0.0,0.0,-0.0
0.233398,0.218183,0.0551012,0.0,0.0,0.0,0.0
0.234079,0.218236,0.0558115,0.0,0.0,0.0,0.0
0.237499,0.22016,0.055942,0.0,0.0,0.0,0.0
0.237821,0.212233,0.0585862,0.0,0.0,0.0,-0.0
0.237987,0.213516,0.0583602,0.0,0.0,0.0,-0.0
0.24213,0.209948,0.0597889,0.0,0.0,0.0,-0.0
0.24226,0.21114,0.0599639,0.0,0.0,0.0,-0.0
0.241257,0.211298,0.0599286,0.0,0.0,0.0,-0.0
0.24118,0.21252,0.0599756,0.0,0.0,0.0,-0.0
0.239002,0.216186,0.0586713,0.0,0.0,0.0,0.0
0.241021,0.219553,0.0595434,0.0,0.0,0.0,0.0
0.242266,0.219862,0.0593382,0.0,0.0,0.0,0.0
0.243862,0.220135,0.0590199,0.0,0.0,0.0,0.0
0.244898,0.220516,0.0595896,0.0,0.0,0.0,0.0
0.255559,0.212275,0.0590011,0.0,0.0,0.0,0.0
0.255478,0.213498,0.0589342,0.0,0.0,0.0,0.0
0.252184,0.22087,0.0582449,0.0,0.0,0.0,0.0
0.259948,0.218953,0.0577718,0.0,0.0,0.0,0.0
0.265635,0.212474,0.0579102,0.0,0.0,0.0,0.0
0.265611,0.210972,0.0578551,0.0,0.0,0.0,0.0
0.274936,0.21198,0.0589001,0.0,0.0,0.0,0.0
0.26663,0.219592,0.0582047,0.0,0.0,0.0,0.0
0.265586,0.220165,0.0579014,0.0,0.0,0.0,0.0
0.266942,0.220189,0.0586996,0.0,0.0,0.0,0.0
0.268921,0.220188,0.0589637,0.0,0.0,0.0,0.0
0.268952,0.218329,0.058971,0.0,0.0,0.0,0.0
0.270401,0.216294,0.0590019,0.0,0.0,0.0,0.0
0.27045,0.218295,0.0591745,0.0,0.0,0.0,0.0
0.281202,0.210713,0.0585652,0.0,0.0,0.0,0.0
0.281149,0.212371,0.0591012,0.0,0.0,0.0,0.0
0.284774,0.21189,0.0581232,0.0,0.0,0.0,0.0
0.284336,0.210487,0.0579125,0.0,0.0,0.0,0.0
0.282749,0.210931,0.0587852,0.0,0.0,0.0,0.0
0.283176,0.211999,0.0589121,0.0,0.0,0.0,0.0
0.284406,0.212377,0.0588294,0.0,0.0,0.0,0.0
0.284744,0.213859,0.0588666,0.0,0.0,0.0,0.0
0.285953,0.214316,0.0588508,0.0,0.0,0.0,0.0
0.284762,0.215802,0.0596679,0.0,0.0,0.0,0.0
0.29416,0.219627,0.05444,0.0,0.0,0.0,0.0
0.290654,0.220101,0.0579341,0.0,0.0,0.0,0.0
0.295339,0.224402,0.0589524,0.0,0.0,6e-45,1e-45
0.246867,0.224599,0.0565459,0.0,0.0,0.0,0.0
0.240685,0.234889,0.0546296,0.0,0.0,0.0,0.0
0.240665,0.235633,0.0540051,0.0,0.0,0.0,0.0
0.239143,0.235432,0.0540063,0.0,0.0,0.0,0.0
0.243359,0.235992,0.0541641,0.0,0.0,-0.0,0.0
0.242125,0.235905,0.0541651,0.0,0.0,0.0,0.0
0.24379,0.23696,0.0540591,0.0,0.0,-0.0,0.0
0.246933,0.233187,0.0556168,0.0,0.0,0.0,0.0
0.246845,0.23411,0.0549644,0.0,0.0,0.0,0.0
0.245359,0.237182,0.0539516,0.0,0.0,-0.0,0.0
0.265563,0.227893,0.0579496,0.0,0.0,0.0,0.0
0.268541,0.227796,0.0585804,0.0,0.0,0.0,0.0
0.269145,0.229225,0.0587987,0.0,0.0,0.0,0.0
0.265662,0.235562,0.057956,0.0,1e-45,1e-45,1e-45
0.264187,0.235493,0.0576604,0.0,0.0,0.0,0.0
0.281235,0.227928,0.058961,0.0,3e-45,7e-45,4e-45
0.278119,0.231776,0.0589557,0.0,3e-44,3.9e-44,1.5e-44
0.284371,0.231729,0.0589546,0.0,1.43e-43,3.53e-43,8.4e-44
0.281233,0.235601,0.0589706,0.0,1.666e-42,2.985e-42,-7e-45
0.298953,0.235517,0.0540042,0.0,6.2e-43,2.318e-41,1.0329e-41
0.293737,0.227857,0.0589548,0.0,8e-45,6.7e-44,6e-45
0.298921,0.231083,0.0588903,0.0,-1.68e-43,1.391e-42,-3.22e-43
0.29687,0.231225,0.0598828,0.0,-4e-45,1.792e-42,-4.72e-43
0.300126,0.229702,0.0589241,0.0,-3e-44,4.06e-43,-4.6e-44
0.306254,0.235638,0.0549286,0.0,-5.398e-42,1.5028e-41,3.562e-42
0.301977,0.227367,0.0579592,0.0,-1.5e-44,8.1e-44,1e-45
0.301549,0.22799,0.0584594,0.0,-2.4e-44,1.46e-43,1e-45
0.301594,0.229793,0.0589128,0.0,-6e-44,4.39e-43,-2.5e-44
0.271552,0.245807,0.0572591,0.0,1.0709e-41,1.4276e-41,1.0349e-41
0.271782,0.244799,0.0580435,0.0,1.1097e-41,1.4673e-41,1.1048e-41
0.270854,0.24442,0.0575882,0.0,6.646e-42,7.468e-42,5.413e-42
0.271877,0.24329,0.0579235,0.0,7.622e-42,9.208e-42,6.774e-42
0.284437,0.247054,0.054906,0.0,8.018817e-39,2.409749e-38,-5.464468e-39
0.27711,0.250365,0.0561645,0.0,3.85269e-39,7.64289e-39,1.18088e-38
0.276889,0.2507,0.0568956,0.0,3.99282e-39,7.755765e-39,1.2105792e-38
0.284235,0.249832,0.0556149,0.0,8.931833e-38,2.1050142e-37,7.875816e-38
0.284286,0.249267,0.0549743,0.0,1.5376597e-38,4.895952e-38,-1.4170961e-38
0.28429,0.251283,0.0559569,0.0,3.991449e-37,9.100827e-37,6.4348177e-37
0.285541,0.249674,0.0551985,0.0,5.1909594e-38,2.090877e-37,-3.819965e-38
0.28538,0.24997,0.0556537,0.0,1.0454032e-37,3.0850404e-37,3.6071914e-38
0.278267,0.24699,0.0589521,0.0,1.446304e-39,1.735084e-39,2.415974e-39
0.277046,0.250504,0.0577981,0.0,4.13546e-39,7.87066e-39,1.24081e-38
0.296905,0.245313,0.0548971,0.0,5.891942e-39,7.071371e-38,-1.537133e-39
0.298416,0.244608,0.0541636,0.0,-3.5722e-41,6.03663e-39,-4.81466e-39
0.29695,0.244586,0.054128,0.0,2.53667e-40,9.517227e-39,-7.40756e-39
0.296864,0.247313,0.0549162,0.0,3.774937e-38,4.0210185e-37,9.830342e-38
0.296904,0.243179,0.05392,0.0,5.98162e-40,1.36606e-38,-1.04942e-38
0.29375,0.251118,0.0549252,0.0,9.773594e-37,4.959334e-36,2.0042017e-36
0.309783,0.246698,0.0545159,0.0,-5.668072e-39,8.958567e-39,1.6123228e-38
0.309366,0.247315,0.0538854,0.0,-6.90004e-39,1.14117e-38,2.01395e-38
0.307772,0.247423,0.0539243,0.0,-6.90004e-39,1.14117e-38,2.01395e-38
0.302819,0.247337,0.0544069,0.0,-6.49974e-38,4.71001e-37,2.31237e-37
0.305922,0.245992,0.0588879,0.0,-6.310767e-39,1.3450216e-38,1.9773543e-38
0.305132,0.246093,0.0590378,0.0,-7.501382e-39,1.9799138e-38,2.8153824e-38
0.302133,0.251868,0.0583997,0.0,-5.0656392e-37,4.3227994e-36,7.001146e-36
0.309388,0.251035,0.0579198,0.0,-2.5961796e-37,2.949546e-37,9.93325e-37
0.309399,0.252467,0.0578062,0.0,-3.7660625e-37,4.0287223e-37,1.5509252e-36
0.320565,0.247135,0.0561949,0.0,-1.129413e-39,1.04947e-40,5.713673e-39
0.318596,0.251088,0.0549084,0.0,-1.3708574e-38,2.08797e-39,6.871666e-38
0.315508,0.243421,0.057932,0.0,-2.66762e-40,1.81894e-40,5.43292e-40
0.316679,0.243468,0.0580093,0.0,-2.41564e-40,1.34403e-40,4.98562e-40
0.316716,0.245309,0.0579438,0.0,-5.75907e-40,2.68576e-40,1.279119e-39
0.317781,0.243253,0.0573705,0.0,-2.41008e-40,1.29323e-40,4.86965e-40
0.31655,0.24224,0.0578045,0.0,-1.53232e-40,1.00978e-40,3.0276e-40
0.31698,0.241931,0.0571433,0.0,-1.48137e-40,9.7959e-41,2.88309e-40
0.31559,0.250548,0.0579676,0.0,-1.7541999e-38,4.611351e-39,5.131678e-38
0.296871,0.262716,0.0549201,0.0,7.552583e-33,2.7309646e-32,2.4994378e-32
0.291586,0.266076,0.0557375,0.0,3.5424563e-32,1.1247389e-31,1.4725958e-31
0.291932,0.26664,0.0553892,0.0,7.2905077e-32,2.032633e-31,2.1850841e-31
0.290484,0.266643,0.0559962,0.0,4.4529648e-32,1.4305278e-31,1.8285324e-31
0.291726,0.268059,0.0549728,0.0,1.8918869e-31,5.166737e-31,5.3097038e-31
0.290901,0.268673,0.0552262,0.0,2.5652331e-31,7.274902e-31,7.6661435e-31
0.293836,0.266688,0.0548571,0.0,9.6318497e-32,2.554405e-31,2.2039731e-31
0.290229,0.268669,0.0562218,0.0,1.978731e-31,5.665913e-31,6.30549e-31
0.289098,0.266422,0.0578187,0.0,5.2572364e-34,1.4229534e-32,2.3564866e-32
0.298438,0.265275,0.0539059,0.0,5.48334e-32,1.71302e-31,1.66184e-31
0.298471,0.266726,0.0539416,0.0,5.48334e-32,1.71302e-31,1.66184e-31
0.290634,0.258979,0.057973,0.0,2.8892198e-34,8.934711e-34,7.221876e-34
0.290599,0.257335,0.0579509,0.0,8.432926e-35,2.519373e-34,2.0605302e-34
0.296859,0.258901,0.0579218,0.0,3.7504046e-34,1.5225981e-33,1.5995113e-33
0.307873,0.259282,0.0563112,0.0,-1.1769124e-34,2.42846e-34,4.9691765e-34
0.308264,0.259501,0.0559042,0.0,-2.0761326e-34,4.8983984e-34,6.1531775e-34
0.308247,0.26036,0.0558985,0.0,-5.323498e-34,1.5149927e-33,1.5950253e-33
0.308973,0.259441,0.0558517,0.0,-1.5398107e-34,3.3599316e-34,4.6169506e-34
0.308947,0.260316,0.0559264,0.0,-3.9100905e-34,1.1054399e-33,1.1661465e-33
0.309333,0.262605,0.0559733,0.0,-1.0298464e-33,4.9604234e-33,1.02626564e-32
0.306145,0.266562,0.0559396,0.0,-1.222734e-32,5.885805e-31,3.425231e-31
0.307236,0.266496,0.0559065,0.0,4.4964496e-33,4.5093247e-31,3.161576e-31
0.308304,0.265264,0.055866,0.0,-4.998049e-33,1.0267492e-31,7.979602e-32
0.307901,0.266506,0.0552674,0.0,-3.7072825e-33,4.2229517e-31,3.1483855e-31
0.309323,0.263966,0.0559331,0.0,-1.1373607e-33,6.945411e-33,1.6254551e-32
0.309473,0.265057,0.0557589,0.0,-3.3395067e-33,2.189698e-32,3.4114818e-32
0.309896,0.265355,0.0552224,0.0,-1.5710667e-32,4.7555432e-32,4.3992759e-32
0.308247,0.267116,0.0549635,0.0,-8.518045e-32,5.754583e-31,3.3523289e-31
0.307538,0.26804,0.0558209,0.0,-3.0542478e-33,7.283535e-31,5.4237653e-31
0.310296,0.263721,0.0559267,0.0,-1.08651e-33,5.07568e-33,1.31208e-32
0.307064,0.267658,0.0560127,0.0,1.10762e-32,6.9178e-31,5.02845e-31
0.296824,0.278019,0.055902,0.0,6.2940927e-28,1.6777165e-27,-1.7449642e-27
0.289963,0.28161,0.0539231,0.0,1.58497e-27,1.62164e-27,-2.43499e-27
0.290669,0.280252,0.0538715,0.0,1.58497e-27,1.62164e-27,-2.43499e-27
0.296787,0.279952,0.0556645,0.0,1.11508455e-27,3.1008458e-27,-3.0623723e-27
0.296851,0.280645,0.0550474,0.0,3.0127538e-27,8.66277e-27,-1.4466063e-26
0.297965,0.279596,0.0557186,0.0,1.2541702e-27,3.7232667e-27,-3.8224143e-27
0.274971,0.201263,0.053934,0.0,0.0,0.0,0.0
0.273536,0.200342,0.0538492,0.0,0.0,0.0,0.0
0.298852,0.237052,0.0544542,0.0,1.183e-42,3.5227e-41,1.6846e-41
