X,Y,Z,p,U_0,U_1,U_2
0.199249,0.20848,0.0478133,0.0,0.0,0.0,0.0
0.19939,0.208477,0.0491194,0.0,0.0,0.0,0.0
0.199308,0.210433,0.0491868,0.0,0.0,0.0,0.0
0.199203,0.210443,0.0478358,0.0,0.0,0.0,0.0
0.311916,0.318951,0.0353738,0.0,0.0,0.0,0.0
0.31198,0.316968,0.0355569,0.0,0.0,0.0,0.0
0.311772,0.316919,0.0349124,0.0,0.0,0.0,0.0
0.3117,0.318258,0.0349791,0.0,0.0,0.0,0.0
0.274699,0.208591,0.042339,0.0,0.0,0.0,0.0
0.275483,0.206646,0.042524,0.0,0.0,0.0,0.0
0.274998,0.206604,0.0409968,0.0,0.0,0.0,0.0
0.275243,0.208477,0.0412346,0.0,0.0,0.0,0.0
0.301532,0.301526,0.0409569,0.0,0.0,0.0,0.0
0.300405,0.302097,0.0410845,0.0,0.0,0.0,0.0
0.300007,0.303493,0.0410939,0.0,0.0,0.0,0.0
0.301159,0.302983,0.0408746,0.0,0.0,0.0,0.0
0.199235,0.206526,0.0477833,0.0,0.0,0.0,0.0
0.199369,0.206517,0.0491126,0.0,0.0,0.0,0.0
0.287932,0.223983,0.0534655,0.0,0.0,0.0,0.0
0.288096,0.221945,0.0530288,0.0,0.0,0.0,0.0
0.287044,0.222022,0.0529029,0.0,0.0,0.0,0.0
0.287072,0.223976,0.0528601,0.0,0.0,0.0,0.0
0.287081,0.225925,0.052864,0.0,0.0,0.0,0.0
0.285834,0.223979,0.0529166,0.0,0.0,0.0,0.0
0.285836,0.22593,0.0529223,0.0,0.0,0.0,0.0
0.281008,0.286008,0.0176606,0.0,0.0,0.0,0.0
0.279967,0.286027,0.0177021,0.0,0.0,0.0,0.0
0.279915,0.287928,0.0176941,0.0,0.0,0.0,0.0
0.280949,0.287977,0.0176505,0.0,0.0,0.0,0.0
0.237151,0.208518,0.0386885,0.0,0.0,0.0,0.0
0.237106,0.210337,0.0388126,0.0,0.0,0.0,0.0
0.237746,0.210447,0.0383284,0.0,0.0,0.0,0.0
0.23791,0.208605,0.0381141,0.0,0.0,0.0,0.0
0.204612,0.200747,0.0439981,0.0,0.0,0.0,0.0
0.206241,0.200746,0.0438636,0.0,0.0,0.0,0.0
0.206042,0.198846,0.0438159,0.0,0.0,0.0,0.0
0.204952,0.198835,0.0439442,0.0,0.0,0.0,0.0
0.307209,0.293976,0.0451291,0.0,0.0,0.0,0.0
0.306551,0.29165,0.0438854,0.0,0.0,0.0,0.0
0.30574,0.29254,0.0439058,0.0,0.0,0.0,0.0
0.306364,0.293323,0.0437861,0.0,0.0,0.0,0.0
0.304551,0.29147,0.0445603,0.0,0.0,0.0,0.0
0.304581,0.292322,0.0438534,0.0,0.0,0.0,0.0
0.293362,0.302944,0.0438862,0.0,0.0,0.0,0.0
0.293462,0.301511,0.0438839,0.0,0.0,0.0,0.0
0.291964,0.301611,0.0447291,0.0,0.0,0.0,0.0
0.291709,0.303449,0.0444657,0.0,0.0,0.0,0.0
0.292439,0.303473,0.0438485,0.0,0.0,0.0,0.0
0.24393,0.231495,0.0478081,0.0,0.0,0.0,0.0
0.242593,0.232204,0.0478711,0.0,0.0,0.0,0.0
0.242833,0.232504,0.0482115,0.0,0.0,0.0,0.0
0.243879,0.232167,0.048554,0.0,0.0,0.0,0.0
0.256158,0.225804,0.0504127,0.0,0.0,0.0,0.0
0.256265,0.223979,0.0499663,0.0,0.0,0.0,0.0
0.254823,0.224076,0.0498821,0.0,0.0,0.0,0.0
0.25473,0.225916,0.0498966,0.0,0.0,0.0,0.0
0.291792,0.278082,0.0543217,0.0,0.0,0.0,0.0
0.291731,0.277802,0.0538249,0.0,0.0,0.0,0.0
0.2925,0.276211,0.0538166,0.0,0.0,0.0,0.0
0.291573,0.27603,0.054431,0.0,0.0,0.0,0.0
0.268642,0.285491,0.0117728,0.0,0.0,0.0,0.0
0.269027,0.284426,0.0116314,0.0,0.0,0.0,0.0
0.268534,0.28385,0.0113013,0.0,0.0,0.0,0.0
0.267142,0.284406,0.0107762,0.0,0.0,0.0,0.0
0.267147,0.285726,0.0119763,0.0,0.0,0.0,0.0
0.269964,0.283993,0.0116996,0.0,0.0,0.0,0.0
0.269763,0.285345,0.011662,0.0,0.0,0.0,0.0
0.270291,0.285897,0.0123315,0.0,0.0,0.0,0.0
0.270933,0.284217,0.0116821,0.0,0.0,0.0,0.0
0.27568,0.278173,0.0148151,0.0,0.0,0.0,0.0
0.27562,0.27813,0.0139021,0.0,0.0,0.0,0.0
0.275613,0.280202,0.0139192,0.0,0.0,0.0,0.0
0.275779,0.27966,0.0145409,0.0,0.0,0.0,0.0
0.26865,0.288095,0.0140627,0.0,0.0,0.0,0.0
0.268493,0.288535,0.0147578,0.0,0.0,0.0,0.0
0.26971,0.288991,0.0146724,0.0,0.0,0.0,0.0
0.270276,0.288629,0.013918,0.0,0.0,0.0,0.0
0.250009,0.190782,0.0381391,0.0,0.0,0.0,0.0
0.249551,0.190367,0.0385272,0.0,0.0,0.0,0.0
0.248372,0.190529,0.0385261,0.0,0.0,0.0,0.0
0.248442,0.191494,0.0378933,0.0,0.0,0.0,0.0
0.260926,0.239375,0.0377737,0.0,0.0,0.0,0.0
0.262624,0.239539,0.0378116,0.0,0.0,0.0,0.0
0.262569,0.237565,0.0378001,0.0,0.0,0.0,0.0
0.2613,0.237617,0.0377636,0.0,0.0,0.0,0.0
0.263828,0.238983,0.038152,0.0,0.0,0.0,0.0
0.26428,0.237551,0.0378343,0.0,0.0,0.0,0.0
0.26246,0.239586,0.0396131,0.0,0.0,0.0,0.0
0.262381,0.239327,0.0398251,0.0,0.0,0.0,0.0
0.263489,0.238791,0.03976,0.0,0.0,0.0,0.0
0.263894,0.239102,0.0391414,0.0,0.0,0.0,0.0
0.249111,0.240656,0.039251,0.0,0.0,0.0,0.0
0.248311,0.240191,0.038748,0.0,0.0,0.0,0.0
0.248009,0.24017,0.0398681,0.0,0.0,0.0,0.0
0.24901,0.240782,0.0397717,0.0,0.0,0.0,0.0
0.262275,0.241116,0.038833,0.0,0.0,0.0,0.0
0.261906,0.240557,0.0398276,0.0,0.0,0.0,0.0
0.257848,0.241904,0.038852,0.0,0.0,0.0,0.0
0.256222,0.241302,0.0388662,0.0,0.0,0.0,0.0
0.25608,0.240892,0.0391116,0.0,0.0,0.0,0.0
0.257902,0.241099,0.0401397,0.0,0.0,0.0,0.0
0.210906,0.192984,0.0438811,0.0,0.0,0.0,0.0
0.212098,0.192508,0.0438803,0.0,0.0,0.0,0.0
0.212524,0.191075,0.0438931,0.0,0.0,0.0,0.0
0.210891,0.19104,0.0438224,0.0,0.0,0.0,0.0
0.218353,0.186653,0.0438831,0.0,0.0,0.0,0.0
0.218742,0.185242,0.043926,0.0,0.0,0.0,0.0
0.217188,0.185796,0.0441881,0.0,0.0,0.0,0.0
0.21715,0.187161,0.0438511,0.0,0.0,0.0,0.0
0.205892,0.202664,0.0439061,0.0,0.0,0.0,0.0
0.20466,0.202674,0.0437825,0.0,0.0,0.0,0.0
0.258237,0.20068,0.044752,0.0,0.0,0.0,0.0
0.257426,0.200709,0.0448349,0.0,0.0,0.0,0.0
0.257318,0.198903,0.044836,0.0,0.0,0.0,0.0
0.258142,0.198831,0.044519,0.0,0.0,0.0,0.0
0.206107,0.229809,0.0468683,0.0,0.0,0.0,0.0
0.206669,0.231009,0.0472283,0.0,0.0,0.0,0.0
0.207694,0.231329,0.0468841,0.0,0.0,0.0,0.0
0.207744,0.229784,0.0468823,0.0,0.0,0.0,0.0
0.210817,0.233924,0.0481092,0.0,0.0,0.0,0.0
0.211763,0.234544,0.0479317,0.0,0.0,0.0,0.0
0.212395,0.233718,0.0468798,0.0,0.0,0.0,0.0
0.210883,0.233225,0.0469005,0.0,0.0,0.0,0.0
0.21245,0.231846,0.0469055,0.0,0.0,0.0,0.0
0.210898,0.231781,0.0468635,0.0,0.0,0.0,0.0
0.249933,0.233079,0.0428528,0.0,0.0,0.0,0.0
0.249967,0.233926,0.0422741,0.0,0.0,0.0,0.0
0.248633,0.234367,0.0427851,0.0,0.0,0.0,0.0
0.248463,0.233447,0.0427763,0.0,0.0,0.0,0.0
0.243826,0.232105,0.0452281,0.0,0.0,0.0,0.0
0.242843,0.232573,0.0455531,0.0,0.0,0.0,0.0
0.242576,0.232207,0.0458478,0.0,0.0,0.0,0.0
0.243904,0.231499,0.0459155,0.0,0.0,0.0,0.0
0.306871,0.293864,0.0456575,0.0,0.0,0.0,0.0
0.307064,0.29203,0.0458199,0.0,0.0,0.0,0.0
0.256382,0.198772,0.0499124,0.0,0.0,0.0,0.0
0.256313,0.200791,0.0499171,0.0,0.0,0.0,0.0
0.257804,0.200847,0.0498313,0.0,0.0,0.0,0.0
0.257785,0.199429,0.0502337,0.0,0.0,0.0,0.0
0.320095,0.27034,0.0537231,0.0,0.0,0.0,0.0
0.319634,0.270362,0.0539541,0.0,0.0,0.0,0.0
0.319807,0.268525,0.054241,0.0,0.0,0.0,0.0
0.319979,0.268509,0.0529736,0.0,0.0,0.0,0.0
0.31351,0.284029,0.0508713,0.0,0.0,0.0,0.0
0.313555,0.285972,0.0508979,0.0,0.0,0.0,0.0
0.313627,0.286015,0.051212,0.0,0.0,0.0,0.0
0.314218,0.284143,0.051029,0.0,0.0,0.0,0.0
0.293744,0.29409,0.05395,0.0,0.0,0.0,0.0
0.292169,0.294094,0.0539265,0.0,0.0,0.0,0.0
0.292176,0.293031,0.0539091,0.0,0.0,0.0,0.0
0.292185,0.291654,0.0539186,0.0,0.0,0.0,0.0
0.293747,0.291656,0.0539147,0.0,0.0,0.0,0.0
0.312254,0.287838,0.0499267,0.0,0.0,0.0,0.0
0.312054,0.286038,0.0499976,0.0,0.0,0.0,0.0
0.310877,0.286047,0.049898,0.0,0.0,0.0,0.0
0.311228,0.287907,0.0499383,0.0,0.0,0.0,0.0
0.31372,0.293602,0.0502656,0.0,0.0,0.0,0.0
0.312938,0.293693,0.0497954,0.0,0.0,0.0,0.0
0.313397,0.295714,0.0498966,0.0,0.0,0.0,0.0
0.313745,0.294861,0.0503824,0.0,0.0,0.0,0.0
0.312752,0.29593,0.0509675,0.0,0.0,0.0,0.0
0.313533,0.294919,0.0510007,0.0,0.0,0.0,0.0
0.265214,0.212374,0.0438238,0.0,0.0,0.0,0.0
0.263975,0.212374,0.0438212,0.0,0.0,0.0,0.0
0.263974,0.21043,0.0438224,0.0,0.0,0.0,0.0
0.265215,0.210428,0.0438232,0.0,0.0,0.0,0.0
0.26521,0.208483,0.0438101,0.0,0.0,0.0,0.0
0.263977,0.208489,0.0438235,0.0,0.0,0.0,0.0
0.199258,0.212447,0.0478486,0.0,0.0,0.0,0.0
0.199814,0.212428,0.0496835,0.0,0.0,0.0,0.0
0.200219,0.212391,0.0498612,0.0,0.0,0.0,0.0
0.200206,0.210442,0.0498604,0.0,0.0,0.0,0.0
0.275002,0.290703,0.0178024,0.0,0.0,0.0,0.0
0.275023,0.290484,0.0168288,0.0,0.0,0.0,0.0
0.273308,0.290603,0.0169321,0.0,0.0,0.0,0.0
0.273243,0.290779,0.0178806,0.0,0.0,0.0,0.0
0.300023,0.297787,0.0279414,0.0,0.0,0.0,0.0
0.300134,0.297783,0.0296602,0.0,0.0,0.0,0.0
0.298933,0.298256,0.029693,0.0,0.0,0.0,0.0
0.298429,0.297542,0.0290048,0.0,0.0,0.0,0.0
0.301035,0.312971,0.0352821,0.0,0.0,0.0,0.0
0.300816,0.315028,0.0353189,0.0,0.0,0.0,0.0
0.300851,0.314554,0.0345503,0.0,0.0,0.0,0.0
0.30112,0.3129,0.0345593,0.0,0.0,0.0,0.0
0.311244,0.330557,0.0310488,0.0,0.0,0.0,0.0
0.311217,0.328704,0.0313313,0.0,0.0,0.0,0.0
0.309768,0.328627,0.0301961,0.0,0.0,0.0,0.0
0.309317,0.330384,0.0303587,0.0,0.0,0.0,0.0
0.234355,0.191075,0.0408603,0.0,0.0,0.0,0.0
0.234772,0.192431,0.0408338,0.0,0.0,0.0,0.0
0.235893,0.192416,0.040847,0.0,0.0,0.0,0.0
0.235951,0.19105,0.0407936,0.0,0.0,0.0,0.0
0.237421,0.191039,0.0407989,0.0,0.0,0.0,0.0
0.238656,0.190616,0.0408763,0.0,0.0,0.0,0.0
0.239105,0.189694,0.0412397,0.0,0.0,0.0,0.0
0.239034,0.189101,0.0418312,0.0,0.0,0.0,0.0
0.237493,0.188992,0.041851,0.0,0.0,0.0,0.0
0.22172,0.206575,0.040753,0.0,0.0,0.0,0.0
0.222987,0.207045,0.0408304,0.0,0.0,0.0,0.0
0.22352,0.206438,0.0408065,0.0,0.0,0.0,0.0
0.223556,0.204524,0.0407764,0.0,0.0,0.0,0.0
0.221533,0.204542,0.0409588,0.0,0.0,0.0,0.0
0.222103,0.208449,0.0407999,0.0,0.0,0.0,0.0
0.223044,0.208415,0.0408297,0.0,0.0,0.0,0.0
0.274405,0.20667,0.0405828,0.0,0.0,0.0,0.0
0.273826,0.206672,0.0400122,0.0,0.0,0.0,0.0
0.274056,0.208442,0.0400013,0.0,0.0,0.0,0.0
0.274677,0.208382,0.040465,0.0,0.0,0.0,0.0
0.275112,0.204846,0.042687,0.0,0.0,0.0,0.0
0.274501,0.2055,0.0406899,0.0,0.0,0.0,0.0
0.275036,0.204752,0.0397797,0.0,0.0,0.0,0.0
0.298565,0.305531,0.0412769,0.0,0.0,0.0,0.0
0.2996,0.304941,0.0409153,0.0,0.0,0.0,0.0
0.299599,0.302953,0.0416571,0.0,0.0,0.0,0.0
0.298429,0.303446,0.0418369,0.0,0.0,0.0,0.0
0.298142,0.305011,0.0418737,0.0,0.0,0.0,0.0
0.263983,0.206585,0.043868,0.0,0.0,0.0,0.0
0.265877,0.20661,0.0428704,0.0,0.0,0.0,0.0
0.26595,0.208499,0.0430131,0.0,0.0,0.0,0.0
0.268703,0.198947,0.0529802,0.0,0.0,0.0,0.0
0.269133,0.20063,0.0529147,0.0,0.0,0.0,0.0
0.270399,0.200649,0.0529389,0.0,0.0,0.0,0.0
0.270305,0.198919,0.0531909,0.0,0.0,0.0,0.0
0.201803,0.222008,0.0496206,0.0,0.0,0.0,0.0
0.201497,0.221967,0.0487842,0.0,0.0,0.0,0.0
0.200766,0.220616,0.048777,0.0,0.0,0.0,0.0
0.20152,0.220038,0.0496689,0.0,0.0,0.0,0.0
0.202539,0.220651,0.0499032,0.0,0.0,0.0,0.0
0.202743,0.222068,0.0498538,0.0,0.0,0.0,0.0
0.203029,0.223953,0.0497816,0.0,0.0,0.0,0.0
0.201922,0.223261,0.0496095,0.0,0.0,0.0,0.0
0.285812,0.220133,0.0529079,0.0,0.0,0.0,0.0
0.285827,0.222031,0.0529032,0.0,0.0,0.0,0.0
0.287024,0.220146,0.0528926,0.0,0.0,0.0,0.0
0.26089,0.235901,0.0529625,0.0,0.0,0.0,0.0
0.260994,0.237183,0.0529318,0.0,0.0,0.0,0.0
0.262518,0.237046,0.0528791,0.0,0.0,0.0,0.0
0.262473,0.235543,0.0529235,0.0,0.0,0.0,0.0
0.264098,0.235552,0.0529277,0.0,0.0,0.0,0.0
0.264067,0.236982,0.0528447,0.0,0.0,0.0,0.0
0.285825,0.227828,0.0529288,0.0,0.0,0.0,0.0
0.28705,0.227791,0.0528656,0.0,0.0,0.0,0.0
0.299973,0.313599,0.0498387,0.0,0.0,0.0,0.0
0.301593,0.313637,0.049811,0.0,0.0,0.0,0.0
0.301598,0.315126,0.049728,0.0,0.0,0.0,0.0
0.300463,0.314612,0.049699,0.0,0.0,0.0,0.0
0.253711,0.272456,0.0132661,0.0,0.0,0.0,0.0
0.253757,0.272422,0.0141102,0.0,0.0,0.0,0.0
0.253801,0.274433,0.0140124,0.0,0.0,0.0,0.0
0.253761,0.274167,0.0126903,0.0,0.0,0.0,0.0
0.25376,0.272445,0.012662,0.0,0.0,0.0,0.0
0.264323,0.274365,0.0206391,0.0,0.0,0.0,0.0
0.264373,0.272487,0.020695,0.0,0.0,0.0,0.0
0.265431,0.272553,0.020625,0.0,0.0,0.0,0.0
0.265363,0.274362,0.0206149,0.0,0.0,0.0,0.0
0.265588,0.270151,0.0198735,0.0,0.0,0.0,0.0
0.267233,0.269646,0.0199879,0.0,0.0,0.0,0.0
0.267223,0.270483,0.0206213,0.0,0.0,0.0,0.0
0.26572,0.270998,0.0206438,0.0,0.0,0.0,0.0
0.265343,0.276305,0.0206181,0.0,0.0,0.0,0.0
0.26431,0.276316,0.0206297,0.0,0.0,0.0,0.0
0.280823,0.28978,0.0177864,0.0,0.0,0.0,0.0
0.279592,0.289751,0.0176316,0.0,0.0,0.0,0.0
0.289179,0.30319,0.0268482,0.0,0.0,0.0,0.0
0.289997,0.303965,0.0274315,0.0,0.0,0.0,0.0
0.290003,0.305433,0.0273134,0.0,0.0,0.0,0.0
0.289924,0.305915,0.0262804,0.0,0.0,0.0,0.0
0.28858,0.303833,0.0263485,0.0,0.0,0.0,0.0
0.266598,0.19995,0.0376985,0.0,0.0,0.0,0.0
0.266745,0.198677,0.0379559,0.0,0.0,0.0,0.0
0.265577,0.198684,0.0377528,0.0,0.0,0.0,0.0
0.265624,0.200044,0.0384505,0.0,0.0,0.0,0.0
0.268757,0.226286,0.0379503,0.0,0.0,0.0,0.0
0.267593,0.226457,0.0378593,0.0,0.0,0.0,0.0
0.267208,0.227891,0.0379103,0.0,0.0,0.0,0.0
0.267633,0.228416,0.0385364,0.0,0.0,0.0,0.0
0.268692,0.227955,0.0387563,0.0,0.0,0.0,0.0
0.269298,0.226655,0.0383528,0.0,0.0,0.0,0.0
0.265205,0.214311,0.043805,0.0,0.0,0.0,0.0
0.263976,0.214315,0.0438222,0.0,0.0,0.0,0.0
0.265193,0.216174,0.0438437,0.0,0.0,0.0,0.0
0.266009,0.214312,0.0431442,0.0,0.0,0.0,0.0
0.265963,0.216222,0.04311,0.0,0.0,0.0,0.0
0.2673,0.21432,0.0428369,0.0,0.0,0.0,0.0
0.267276,0.216266,0.0428004,0.0,0.0,0.0,0.0
0.25321,0.227919,0.0438824,0.0,0.0,0.0,0.0
0.253212,0.226004,0.043805,0.0,0.0,0.0,0.0
0.254698,0.225926,0.0435972,0.0,0.0,0.0,0.0
0.254278,0.227268,0.0437339,0.0,0.0,0.0,0.0
0.26566,0.232157,0.042708,0.0,0.0,0.0,0.0
0.264075,0.232159,0.0426832,0.0,0.0,0.0,0.0
0.264071,0.229645,0.0428328,0.0,0.0,0.0,0.0
0.26564,0.229641,0.0428266,0.0,0.0,0.0,0.0
0.304641,0.293382,0.0437889,0.0,0.0,0.0,0.0
0.303104,0.292354,0.0439595,0.0,0.0,0.0,0.0
0.303126,0.293432,0.0437599,0.0,0.0,0.0,0.0
0.202989,0.196904,0.0497397,0.0,0.0,0.0,0.0
0.203515,0.195602,0.049548,0.0,0.0,0.0,0.0
0.204638,0.195016,0.049862,0.0,0.0,0.0,0.0
0.2043,0.196886,0.0498306,0.0,0.0,0.0,0.0
0.206136,0.192907,0.0499187,0.0,0.0,0.0,0.0
0.20617,0.194515,0.0498487,0.0,0.0,0.0,0.0
0.204993,0.193571,0.0497916,0.0,0.0,0.0,0.0
0.202721,0.200717,0.049817,0.0,0.0,0.0,0.0
0.201466,0.200755,0.0496032,0.0,0.0,0.0,0.0
0.201868,0.198826,0.0496291,0.0,0.0,0.0,0.0
0.203061,0.198871,0.0498613,0.0,0.0,0.0,0.0
0.200037,0.214454,0.0481761,0.0,0.0,0.0,0.0
0.200002,0.214293,0.0479083,0.0,0.0,0.0,0.0
0.200182,0.214315,0.0498458,0.0,0.0,0.0,0.0
0.301836,0.243388,0.0543625,0.0,0.0,0.0,0.0
0.301504,0.245327,0.0539561,0.0,0.0,0.0,0.0
0.303159,0.245368,0.0539075,0.0,0.0,0.0,0.0
0.303146,0.2434,0.0548185,0.0,0.0,0.0,0.0
0.300978,0.243341,0.0538549,0.0,0.0,0.0,0.0
0.299819,0.243261,0.0539345,0.0,0.0,0.0,0.0
0.299839,0.244645,0.0538499,0.0,0.0,0.0,0.0
0.299935,0.245736,0.054358,0.0,0.0,0.0,0.0
0.266362,0.258797,0.00873108,0.0,0.0,0.0,0.0
0.266729,0.259665,0.00914712,0.0,0.0,0.0,0.0
0.266919,0.259475,0.0098409,0.0,0.0,0.0,0.0
0.265603,0.258636,0.00993571,0.0,0.0,0.0,0.0
0.264935,0.257946,0.00953392,0.0,0.0,0.0,0.0
0.26517,0.257727,0.00947885,0.0,0.0,0.0,0.0
0.255717,0.272527,0.0161915,0.0,0.0,0.0,0.0
0.255346,0.274504,0.0165468,0.0,0.0,0.0,0.0
0.254731,0.274429,0.0150914,0.0,0.0,0.0,0.0
0.254734,0.27254,0.0151209,0.0,0.0,0.0,0.0
0.265477,0.269107,0.0195959,0.0,0.0,0.0,0.0
0.266538,0.269054,0.0195634,0.0,0.0,0.0,0.0
0.264453,0.28148,0.0205712,0.0,0.0,0.0,0.0
0.264348,0.280139,0.0206375,0.0,0.0,0.0,0.0
0.265392,0.280118,0.0205978,0.0,0.0,0.0,0.0
0.265526,0.282128,0.0206741,0.0,0.0,0.0,0.0
0.266701,0.282641,0.020605,0.0,0.0,0.0,0.0
0.266845,0.284029,0.0206529,0.0,0.0,0.0,0.0
0.265907,0.28405,0.0204191,0.0,0.0,0.0,0.0
0.278333,0.27776,0.0245655,0.0,0.0,0.0,0.0
0.276597,0.277941,0.024587,0.0,0.0,0.0,0.0
0.276594,0.276679,0.0245931,0.0,0.0,0.0,0.0
0.277794,0.276859,0.0238254,0.0,0.0,0.0,0.0
0.287177,0.291776,0.0196765,0.0,0.0,0.0,0.0
0.287295,0.290441,0.0197341,0.0,0.0,0.0,0.0
0.286407,0.289831,0.0196738,0.0,0.0,0.0,0.0
0.285874,0.291671,0.0197365,0.0,0.0,0.0,0.0
0.277486,0.292585,0.0216986,0.0,0.0,0.0,0.0
0.276413,0.291904,0.0217989,0.0,0.0,0.0,0.0
0.276399,0.291469,0.0226556,0.0,0.0,0.0,0.0
0.277371,0.292552,0.0226627,0.0,0.0,0.0,0.0
0.284834,0.288698,0.0263571,0.0,0.0,0.0,0.0
0.285661,0.288032,0.0266603,0.0,0.0,0.0,0.0
0.285641,0.289917,0.0267568,0.0,0.0,0.0,0.0
0.284819,0.289976,0.0262488,0.0,0.0,0.0,0.0
0.287467,0.297712,0.0267654,0.0,0.0,0.0,0.0
0.28661,0.29843,0.0267139,0.0,0.0,0.0,0.0
0.285925,0.297654,0.0263496,0.0,0.0,0.0,0.0
0.286913,0.297204,0.0266863,0.0,0.0,0.0,0.0
0.288657,0.297613,0.0272983,0.0,0.0,0.0,0.0
0.288755,0.299559,0.0270948,0.0,0.0,0.0,0.0
0.287582,0.29956,0.0267099,0.0,0.0,0.0,0.0
0.294792,0.290597,0.0277524,0.0,0.0,0.0,0.0
0.295247,0.29013,0.0268543,0.0,0.0,0.0,0.0
0.296,0.291023,0.0268532,0.0,0.0,0.0,0.0
0.295311,0.291919,0.0277308,0.0,0.0,0.0,0.0
0.297082,0.291574,0.0279349,0.0,0.0,0.0,0.0
0.29698,0.291933,0.0267628,0.0,0.0,0.0,0.0
0.303286,0.313131,0.0266796,0.0,0.0,0.0,0.0
0.303424,0.315108,0.0268037,0.0,0.0,0.0,0.0
0.303812,0.314562,0.0272546,0.0,0.0,0.0,0.0
0.303796,0.313077,0.0271767,0.0,0.0,0.0,0.0
0.305347,0.313035,0.0287333,0.0,0.0,0.0,0.0
0.304836,0.313072,0.0282771,0.0,0.0,0.0,0.0
0.304949,0.314729,0.0284639,0.0,0.0,0.0,0.0
0.305358,0.314465,0.0287831,0.0,0.0,0.0,0.0
0.305805,0.31512,0.0292605,0.0,0.0,0.0,0.0
0.30638,0.314979,0.0298172,0.0,0.0,0.0,0.0
0.306354,0.313157,0.0297444,0.0,0.0,0.0,0.0
0.304507,0.315262,0.0278521,0.0,0.0,0.0,0.0
0.304672,0.323218,0.0279064,0.0,0.0,0.0,0.0
0.304742,0.320735,0.0270849,0.0,0.0,0.0,0.0
0.303145,0.320997,0.0275218,0.0,0.0,0.0,0.0
0.303132,0.322171,0.0277464,0.0,0.0,0.0,0.0
0.303143,0.323187,0.02803,0.0,0.0,0.0,0.0
0.310784,0.31306,0.0334665,0.0,0.0,0.0,0.0
0.310849,0.315023,0.033725,0.0,0.0,0.0,0.0
0.311241,0.314911,0.0345029,0.0,0.0,0.0,0.0
0.311384,0.312986,0.0341105,0.0,0.0,0.0,0.0
0.311403,0.30918,0.0338643,0.0,0.0,0.0,0.0
0.311142,0.311103,0.0343945,0.0,0.0,0.0,0.0
0.31268,0.311129,0.0349966,0.0,0.0,0.0,0.0
0.31263,0.309187,0.0349847,0.0,0.0,0.0,0.0
0.300885,0.3209,0.0354166,0.0,0.0,0.0,0.0
0.301423,0.322869,0.0353397,0.0,0.0,0.0,0.0
0.301033,0.322899,0.0347717,0.0,0.0,0.0,0.0
0.300792,0.321463,0.0348819,0.0,0.0,0.0,0.0
0.313345,0.324745,0.0347662,0.0,0.0,0.0,0.0
0.313267,0.32279,0.0347187,0.0,0.0,0.0,0.0
0.313082,0.322784,0.0335827,0.0,0.0,0.0,0.0
0.313151,0.324742,0.0335955,0.0,0.0,0.0,0.0
0.312728,0.320841,0.034506,0.0,0.0,0.0,0.0
0.312799,0.320833,0.0336501,0.0,0.0,0.0,0.0
0.313142,0.332702,0.034658,0.0,0.0,0.0,0.0
0.313397,0.330658,0.0347685,0.0,0.0,0.0,0.0
0.31305,0.330644,0.0336329,0.0,0.0,0.0,0.0
0.31302,0.332627,0.0336193,0.0,0.0,0.0,0.0
0.313199,0.328633,0.0326459,0.0,0.0,0.0,0.0
0.312747,0.330619,0.0328431,0.0,0.0,0.0,0.0
0.313898,0.328662,0.0336507,0.0,0.0,0.0,0.0
0.313287,0.32866,0.0347545,0.0,0.0,0.0,0.0
0.31331,0.326574,0.0335799,0.0,0.0,0.0,0.0
0.312816,0.326706,0.0327693,0.0,0.0,0.0,0.0
0.313403,0.326688,0.034759,0.0,0.0,0.0,0.0
0.311034,0.335052,0.0322294,0.0,0.0,0.0,0.0
0.310946,0.333984,0.0318658,0.0,0.0,0.0,0.0
0.309448,0.334347,0.0318646,0.0,0.0,0.0,0.0
0.309403,0.335008,0.0323774,0.0,0.0,0.0,0.0
0.221567,0.202655,0.0407653,0.0,0.0,0.0,0.0
0.223491,0.202662,0.0408023,0.0,0.0,0.0,0.0
0.271858,0.207169,0.0377492,0.0,0.0,0.0,0.0
0.270859,0.207407,0.0380105,0.0,0.0,0.0,0.0
0.270606,0.208572,0.0377103,0.0,0.0,0.0,0.0
0.271861,0.208375,0.0378291,0.0,0.0,0.0,0.0
0.274566,0.202895,0.0422575,0.0,0.0,0.0,0.0
0.275109,0.202938,0.0417078,0.0,0.0,0.0,0.0
0.275099,0.202918,0.0399171,0.0,0.0,0.0,0.0
0.271751,0.212332,0.0376402,0.0,0.0,0.0,0.0
0.270338,0.212448,0.0376086,0.0,0.0,0.0,0.0
0.270241,0.214361,0.0371006,0.0,0.0,0.0,0.0
0.272197,0.214327,0.0379237,0.0,0.0,0.0,0.0
0.272274,0.212874,0.0378697,0.0,0.0,0.0,0.0
0.26882,0.212521,0.0376517,0.0,0.0,0.0,0.0
0.26871,0.213934,0.036931,0.0,0.0,0.0,0.0
0.274765,0.212497,0.0419526,0.0,0.0,0.0,0.0
0.27483,0.213609,0.0419314,0.0,0.0,0.0,0.0
0.274234,0.214548,0.0425234,0.0,0.0,0.0,0.0
0.274,0.212441,0.0426774,0.0,0.0,0.0,0.0
0.272627,0.216946,0.0400611,0.0,0.0,0.0,0.0
0.272412,0.216776,0.0395794,0.0,0.0,0.0,0.0
0.271994,0.21833,0.039593,0.0,0.0,0.0,0.0
0.272593,0.21834,0.0400438,0.0,0.0,0.0,0.0
0.272784,0.218001,0.0413404,0.0,0.0,0.0,0.0
0.272814,0.216206,0.0412922,0.0,0.0,0.0,0.0
0.272817,0.21622,0.040583,0.0,0.0,0.0,0.0
0.246845,0.239422,0.0389148,0.0,0.0,0.0,0.0
0.246695,0.239923,0.0398312,0.0,0.0,0.0,0.0
0.248479,0.235059,0.0419597,0.0,0.0,0.0,0.0
0.250029,0.235556,0.0415359,0.0,0.0,0.0,0.0
0.248478,0.236089,0.0416888,0.0,0.0,0.0,0.0
0.262573,0.235664,0.0378259,0.0,0.0,0.0,0.0
0.261424,0.23619,0.0377343,0.0,0.0,0.0,0.0
0.264076,0.235627,0.0377684,0.0,0.0,0.0,0.0
0.262908,0.23416,0.03784,0.0,0.0,0.0,0.0
0.264013,0.233664,0.0378825,0.0,0.0,0.0,0.0
0.265634,0.234098,0.0418019,0.0,0.0,0.0,0.0
0.264072,0.234062,0.0417103,0.0,0.0,0.0,0.0
0.267853,0.234691,0.0405,0.0,0.0,0.0,0.0
0.267288,0.234169,0.0416501,0.0,0.0,0.0,0.0
0.268869,0.233742,0.0415806,0.0,0.0,0.0,0.0
0.269014,0.233926,0.0404613,0.0,0.0,0.0,0.0
0.259407,0.240725,0.0397736,0.0,0.0,0.0,0.0
0.258333,0.239392,0.0407576,0.0,0.0,0.0,0.0
0.25942,0.239341,0.0397788,0.0,0.0,0.0,0.0
0.2594,0.241156,0.0388354,0.0,0.0,0.0,0.0
0.257188,0.240649,0.0408237,0.0,0.0,0.0,0.0
0.257288,0.23942,0.0407875,0.0,0.0,0.0,0.0
0.298026,0.308722,0.0408289,0.0,0.0,0.0,0.0
0.298173,0.307311,0.0409478,0.0,0.0,0.0,0.0
0.296681,0.307404,0.0417917,0.0,0.0,0.0,0.0
0.296528,0.309182,0.041678,0.0,0.0,0.0,0.0
0.29713,0.309238,0.0409541,0.0,0.0,0.0,0.0
0.303569,0.32805,0.0405566,0.0,0.0,0.0,0.0
0.304465,0.329221,0.0407984,0.0,0.0,0.0,0.0
0.303848,0.329352,0.0399137,0.0,0.0,0.0,0.0
0.303606,0.327992,0.0397697,0.0,0.0,0.0,0.0
0.309382,0.332849,0.0393251,0.0,0.0,0.0,0.0
0.310973,0.332935,0.0395362,0.0,0.0,0.0,0.0
0.310368,0.333842,0.0392142,0.0,0.0,0.0,0.0
0.309406,0.333667,0.0388539,0.0,0.0,0.0,0.0
0.212474,0.189118,0.0438145,0.0,0.0,0.0,0.0
0.211416,0.189743,0.0440778,0.0,0.0,0.0,0.0
0.209784,0.191631,0.043899,0.0,0.0,0.0,0.0
0.209277,0.192951,0.0438348,0.0,0.0,0.0,0.0
0.203696,0.192163,0.0472755,0.0,0.0,0.0,0.0
0.203841,0.192326,0.046154,0.0,0.0,0.0,0.0
0.20484,0.191024,0.0463615,0.0,0.0,0.0,0.0
0.204715,0.191056,0.0472679,0.0,0.0,0.0,0.0
0.208681,0.186365,0.0475056,0.0,0.0,0.0,0.0
0.208701,0.186387,0.0462328,0.0,0.0,0.0,0.0
0.210821,0.185148,0.0463505,0.0,0.0,0.0,0.0
0.210816,0.185117,0.0473826,0.0,0.0,0.0,0.0
0.207692,0.187199,0.0463923,0.0,0.0,0.0,0.0
0.207694,0.187199,0.0473065,0.0,0.0,0.0,0.0
0.215526,0.187105,0.043805,0.0,0.0,0.0,0.0
0.216178,0.185924,0.0440908,0.0,0.0,0.0,0.0
0.214031,0.189078,0.0438292,0.0,0.0,0.0,0.0
0.213983,0.190587,0.0438899,0.0,0.0,0.0,0.0
0.213072,0.187902,0.0441731,0.0,0.0,0.0,0.0
0.214089,0.187762,0.0442495,0.0,0.0,0.0,0.0
0.209324,0.194892,0.0439022,0.0,0.0,0.0,0.0
0.210516,0.194438,0.0438652,0.0,0.0,0.0,0.0
0.207781,0.196467,0.0438562,0.0,0.0,0.0,0.0
0.207806,0.194927,0.0437973,0.0,0.0,0.0,0.0
0.206379,0.194911,0.044756,0.0,0.0,0.0,0.0
0.205678,0.196314,0.0444442,0.0,0.0,0.0,0.0
0.206249,0.196918,0.0438308,0.0,0.0,0.0,0.0
0.207758,0.193521,0.0439932,0.0,0.0,0.0,0.0
0.204391,0.208508,0.0438696,0.0,0.0,0.0,0.0
0.20446,0.206607,0.0439351,0.0,0.0,0.0,0.0
0.203376,0.206577,0.0438005,0.0,0.0,0.0,0.0
0.20263,0.206569,0.0444588,0.0,0.0,0.0,0.0
0.20284,0.208474,0.0449207,0.0,0.0,0.0,0.0
0.259527,0.196801,0.0438468,0.0,0.0,0.0,0.0
0.260545,0.19753,0.0436868,0.0,0.0,0.0,0.0
0.260957,0.198854,0.0437175,0.0,0.0,0.0,0.0
0.259428,0.198861,0.0438203,0.0,0.0,0.0,0.0
0.262074,0.200757,0.0435478,0.0,0.0,0.0,0.0
0.262553,0.20267,0.0437729,0.0,0.0,0.0,0.0
0.261068,0.202634,0.0438375,0.0,0.0,0.0,0.0
0.26098,0.200759,0.0438629,0.0,0.0,0.0,0.0
0.207486,0.220136,0.0438818,0.0,0.0,0.0,0.0
0.208324,0.219978,0.0435527,0.0,0.0,0.0,0.0
0.207615,0.218163,0.0434573,0.0,0.0,0.0,0.0
0.207273,0.218735,0.0438093,0.0,0.0,0.0,0.0
0.206176,0.218151,0.0439888,0.0,0.0,0.0,0.0
0.20645,0.220207,0.0438266,0.0,0.0,0.0,0.0
0.207842,0.22197,0.0440471,0.0,0.0,0.0,0.0
0.208979,0.222501,0.0439107,0.0,0.0,0.0,0.0
0.209429,0.221972,0.0434357,0.0,0.0,0.0,0.0
0.208949,0.220592,0.0429887,0.0,0.0,0.0,0.0
0.205714,0.220199,0.0443671,0.0,0.0,0.0,0.0
0.206297,0.221944,0.0448238,0.0,0.0,0.0,0.0
0.20748,0.222398,0.0446827,0.0,0.0,0.0,0.0
0.20817,0.223421,0.0440557,0.0,0.0,0.0,0.0
0.209295,0.223998,0.0439619,0.0,0.0,0.0,0.0
0.265107,0.217477,0.043726,0.0,0.0,0.0,0.0
0.26405,0.218149,0.0438776,0.0,0.0,0.0,0.0
0.263964,0.216212,0.0438194,0.0,0.0,0.0,0.0
0.203565,0.225837,0.047257,0.0,0.0,0.0,0.0
0.204735,0.22588,0.0469025,0.0,0.0,0.0,0.0
0.204361,0.224061,0.0469228,0.0,0.0,0.0,0.0
0.203362,0.224023,0.0471037,0.0,0.0,0.0,0.0
0.202616,0.223929,0.0477264,0.0,0.0,0.0,0.0
0.202898,0.225918,0.0478641,0.0,0.0,0.0,0.0
0.20614,0.226408,0.0468794,0.0,0.0,0.0,0.0
0.204641,0.227808,0.0471316,0.0,0.0,0.0,0.0
0.206147,0.227973,0.0468492,0.0,0.0,0.0,0.0
0.204937,0.229219,0.0470909,0.0,0.0,0.0,0.0
0.210856,0.230307,0.0468666,0.0,0.0,0.0,0.0
0.209342,0.229833,0.0469285,0.0,0.0,0.0,0.0
0.209269,0.2318,0.0468894,0.0,0.0,0.0,0.0
0.207709,0.228003,0.0468896,0.0,0.0,0.0,0.0
0.2086,0.232798,0.0480683,0.0,0.0,0.0,0.0
0.207509,0.232066,0.0480229,0.0,0.0,0.0,0.0
0.209808,0.233142,0.0468745,0.0,0.0,0.0,0.0
0.209573,0.233387,0.0480976,0.0,0.0,0.0,0.0
0.214035,0.235201,0.0469127,0.0,0.0,0.0,0.0
0.214096,0.233611,0.0469085,0.0,0.0,0.0,0.0
0.212917,0.234987,0.0469888,0.0,0.0,0.0,0.0
0.220234,0.236023,0.0468956,0.0,0.0,0.0,0.0
0.218733,0.235631,0.0468739,0.0,0.0,0.0,0.0
0.218674,0.236957,0.0472749,0.0,0.0,0.0,0.0
0.2203,0.236807,0.0478468,0.0,0.0,0.0,0.0
0.293833,0.299701,0.0440604,0.0,0.0,0.0,0.0
0.29528,0.299164,0.0438933,0.0,0.0,0.0,0.0
0.295276,0.2976,0.0439512,0.0,0.0,0.0,0.0
0.294189,0.298262,0.0440795,0.0,0.0,0.0,0.0
0.292124,0.290358,0.0469898,0.0,0.0,0.0,0.0
0.292223,0.291883,0.0469341,0.0,0.0,0.0,0.0
0.293635,0.291362,0.0469217,0.0,0.0,0.0,0.0
0.293633,0.289816,0.0471004,0.0,0.0,0.0,0.0
0.291792,0.293276,0.0469163,0.0,0.0,0.0,0.0
0.290979,0.291846,0.0471374,0.0,0.0,0.0,0.0
0.290547,0.29372,0.0469041,0.0,0.0,0.0,0.0
0.305773,0.290017,0.0449071,0.0,0.0,0.0,0.0
0.306657,0.289923,0.0452343,0.0,0.0,0.0,0.0
0.229694,0.191086,0.0528401,0.0,0.0,0.0,0.0
0.231256,0.190743,0.0528282,0.0,0.0,0.0,0.0
0.231345,0.191636,0.0533426,0.0,0.0,0.0,0.0
0.230844,0.192562,0.0536294,0.0,0.0,0.0,0.0
0.229685,0.192725,0.0533857,0.0,0.0,0.0,0.0
0.229235,0.192346,0.0529527,0.0,0.0,0.0,0.0
0.215619,0.200357,0.0529432,0.0,0.0,0.0,0.0
0.215557,0.198757,0.0527331,0.0,0.0,0.0,0.0
0.216845,0.19876,0.0529178,0.0,0.0,0.0,0.0
0.21669,0.200137,0.0528882,0.0,0.0,0.0,0.0
0.259422,0.206568,0.049876,0.0,0.0,0.0,0.0
0.25812,0.206603,0.0499339,0.0,0.0,0.0,0.0
0.258164,0.208499,0.0499196,0.0,0.0,0.0,0.0
0.259448,0.208498,0.0499039,0.0,0.0,0.0,0.0
0.25786,0.216221,0.0498914,0.0,0.0,0.0,0.0
0.259383,0.216257,0.0498935,0.0,0.0,0.0,0.0
0.259428,0.214324,0.0499011,0.0,0.0,0.0,0.0
0.258131,0.214271,0.0499222,0.0,0.0,0.0,0.0
0.258168,0.210434,0.0499182,0.0,0.0,0.0,0.0
0.259442,0.210438,0.0499037,0.0,0.0,0.0,0.0
0.259325,0.218155,0.0498724,0.0,0.0,0.0,0.0
0.26054,0.218156,0.0500889,0.0,0.0,0.0,0.0
0.260952,0.216264,0.0498644,0.0,0.0,0.0,0.0
0.256329,0.222098,0.0498904,0.0,0.0,0.0,0.0
0.257791,0.222037,0.049851,0.0,0.0,0.0,0.0
0.257848,0.220143,0.0499052,0.0,0.0,0.0,0.0
0.256396,0.220202,0.0498756,0.0,0.0,0.0,0.0
0.282819,0.212344,0.0528522,0.0,0.0,0.0,0.0
0.282427,0.210454,0.0529333,0.0,0.0,0.0,0.0
0.281181,0.21053,0.0529152,0.0,0.0,0.0,0.0
0.281238,0.212357,0.0529033,0.0,0.0,0.0,0.0
0.28279,0.216231,0.0529053,0.0,0.0,0.0,0.0
0.284371,0.216235,0.0528961,0.0,0.0,0.0,0.0
0.283969,0.21429,0.0528493,0.0,0.0,0.0,0.0
0.282724,0.214331,0.0529147,0.0,0.0,0.0,0.0
0.207786,0.231248,0.0488646,0.0,0.0,0.0,0.0
0.208983,0.232145,0.0488847,0.0,0.0,0.0,0.0
0.216119,0.234939,0.0510839,0.0,0.0,0.0,0.0
0.217077,0.235664,0.0513921,0.0,0.0,0.0,0.0
0.217022,0.236257,0.0509061,0.0,0.0,0.0,0.0
0.215492,0.235715,0.0505921,0.0,0.0,0.0,0.0
0.215034,0.234372,0.0507444,0.0,0.0,0.0,0.0
0.21529,0.23401,0.0511113,0.0,0.0,0.0,0.0
0.217254,0.236774,0.0501281,0.0,0.0,0.0,0.0
0.216213,0.236739,0.0501304,0.0,0.0,0.0,0.0
0.221449,0.228596,0.0529202,0.0,0.0,0.0,0.0
0.221885,0.229931,0.0528596,0.0,0.0,0.0,0.0
0.220564,0.229909,0.0529115,0.0,0.0,0.0,0.0
0.220641,0.228579,0.0528586,0.0,0.0,0.0,0.0
0.221843,0.231772,0.0529001,0.0,0.0,0.0,0.0
0.220243,0.231595,0.0529042,0.0,0.0,0.0,0.0
0.222443,0.229073,0.0532233,0.0,0.0,0.0,0.0
0.223457,0.229683,0.0534967,0.0,0.0,0.0,0.0
0.223362,0.230324,0.0528832,0.0,0.0,0.0,0.0
0.221603,0.228231,0.0532892,0.0,0.0,0.0,0.0
0.218745,0.231927,0.0527087,0.0,0.0,0.0,0.0
0.218655,0.229563,0.0528984,0.0,0.0,0.0,0.0
0.22181,0.233661,0.0528505,0.0,0.0,0.0,0.0
0.220252,0.233196,0.0528724,0.0,0.0,0.0,0.0
0.275005,0.233516,0.0528741,0.0,0.0,0.0,0.0
0.273446,0.233519,0.0529179,0.0,0.0,0.0,0.0
0.273468,0.235031,0.0528312,0.0,0.0,0.0,0.0
0.273444,0.235977,0.0537575,0.0,0.0,0.0,0.0
0.274991,0.235918,0.0539057,0.0,0.0,0.0,0.0
0.286963,0.229136,0.0528474,0.0,0.0,0.0,0.0
0.285878,0.229702,0.0531056,0.0,0.0,0.0,0.0
0.282858,0.231672,0.0530792,0.0,0.0,0.0,0.0
0.28441,0.231187,0.0529903,0.0,0.0,0.0,0.0
0.28437,0.229699,0.0529035,0.0,0.0,0.0,0.0
0.282839,0.229774,0.0529083,0.0,0.0,0.0,0.0
0.278126,0.233563,0.0531479,0.0,0.0,0.0,0.0
0.279751,0.23305,0.053265,0.0,0.0,0.0,0.0
0.279701,0.231629,0.0528895,0.0,0.0,0.0,0.0
0.278134,0.23169,0.0529162,0.0,0.0,0.0,0.0
0.30622,0.268481,0.0529176,0.0,0.0,0.0,0.0
0.306176,0.267063,0.0530348,0.0,0.0,0.0,0.0
0.304655,0.267161,0.0530234,0.0,0.0,0.0,0.0
0.304665,0.268545,0.0529579,0.0,0.0,0.0,0.0
0.307766,0.266642,0.0531489,0.0,0.0,0.0,0.0
0.30775,0.268397,0.0528985,0.0,0.0,0.0,0.0
0.318787,0.267945,0.0526494,0.0,0.0,0.0,0.0
0.317604,0.267947,0.052874,0.0,0.0,0.0,0.0
0.317126,0.268455,0.0526257,0.0,0.0,0.0,0.0
0.318744,0.268543,0.0520318,0.0,0.0,0.0,0.0
0.31866,0.26654,0.052931,0.0,0.0,0.0,0.0
0.317153,0.266609,0.0529033,0.0,0.0,0.0,0.0
0.319769,0.269243,0.05236,0.0,0.0,0.0,0.0
0.320431,0.270593,0.0522982,0.0,0.0,0.0,0.0
0.319867,0.266579,0.0547235,0.0,0.0,0.0,0.0
0.320077,0.266603,0.0529838,0.0,0.0,0.0,0.0
0.319662,0.264917,0.0547021,0.0,0.0,0.0,0.0
0.320085,0.264796,0.0529403,0.0,0.0,0.0,0.0
0.308042,0.286051,0.0486906,0.0,0.0,0.0,0.0
0.308397,0.285501,0.0490351,0.0,0.0,0.0,0.0
0.308272,0.284066,0.0490692,0.0,0.0,0.0,0.0
0.307286,0.284287,0.0488049,0.0,0.0,0.0,0.0
0.315729,0.282149,0.0529448,0.0,0.0,0.0,0.0
0.31675,0.281386,0.0525927,0.0,0.0,0.0,0.0
0.31652,0.281172,0.0518796,0.0,0.0,0.0,0.0
0.315573,0.281388,0.0518248,0.0,0.0,0.0,0.0
0.313907,0.28612,0.0527462,0.0,0.0,0.0,0.0
0.313884,0.284258,0.0527793,0.0,0.0,0.0,0.0
0.314834,0.28227,0.050894,0.0,0.0,0.0,0.0
0.312394,0.282061,0.0509094,0.0,0.0,0.0,0.0
0.312327,0.284098,0.0508307,0.0,0.0,0.0,0.0
0.290186,0.29436,0.0529038,0.0,0.0,0.0,0.0
0.289022,0.294147,0.0527567,0.0,0.0,0.0,0.0
0.28928,0.293032,0.053158,0.0,0.0,0.0,0.0
0.290614,0.293997,0.0534929,0.0,0.0,0.0,0.0
0.311392,0.289371,0.0498905,0.0,0.0,0.0,0.0
0.312502,0.28994,0.0500043,0.0,0.0,0.0,0.0
0.312171,0.293792,0.0492876,0.0,0.0,0.0,0.0
0.312633,0.295721,0.0491617,0.0,0.0,0.0,0.0
0.312163,0.297612,0.0509951,0.0,0.0,0.0,0.0
0.312781,0.297661,0.0502256,0.0,0.0,0.0,0.0
0.309386,0.289943,0.0528426,0.0,0.0,0.0,0.0
0.309415,0.291821,0.0528831,0.0,0.0,0.0,0.0
0.307867,0.291962,0.0529045,0.0,0.0,0.0,0.0
0.30791,0.290312,0.0528835,0.0,0.0,0.0,0.0
0.309485,0.293783,0.052871,0.0,0.0,0.0,0.0
0.30807,0.293772,0.0528989,0.0,0.0,0.0,0.0
0.309009,0.295657,0.0527202,0.0,0.0,0.0,0.0
0.307765,0.295584,0.0529143,0.0,0.0,0.0,0.0
0.313793,0.287936,0.0527706,0.0,0.0,0.0,0.0
0.313541,0.287952,0.0512625,0.0,0.0,0.0,0.0
0.303183,0.316345,0.0495359,0.0,0.0,0.0,0.0
0.303152,0.315083,0.0497771,0.0,0.0,0.0,0.0
0.304664,0.315049,0.0498498,0.0,0.0,0.0,0.0
0.30462,0.316433,0.049802,0.0,0.0,0.0,0.0
0.306231,0.313183,0.049821,0.0,0.0,0.0,0.0
0.306279,0.315109,0.0499057,0.0,0.0,0.0,0.0
0.304664,0.313566,0.0498447,0.0,0.0,0.0,0.0
0.281361,0.282745,0.0257603,0.0,0.0,0.0,0.0
0.281223,0.281785,0.0251696,0.0,0.0,0.0,0.0
0.282959,0.281511,0.0252208,0.0,0.0,0.0,0.0
0.282756,0.282765,0.0257348,0.0,0.0,0.0,0.0
0.281127,0.280958,0.0244587,0.0,0.0,0.0,0.0
0.282248,0.280727,0.0247045,0.0,0.0,0.0,0.0
0.206649,0.19164,0.0497136,0.0,0.0,0.0,0.0
0.207723,0.191049,0.0499123,0.0,0.0,0.0,0.0
0.20773,0.192893,0.0498248,0.0,0.0,0.0,0.0
0.279754,0.208487,0.0528461,0.0,0.0,0.0,0.0
0.279255,0.207168,0.0529394,0.0,0.0,0.0,0.0
0.278155,0.206583,0.0528525,0.0,0.0,0.0,0.0
0.278134,0.208519,0.052901,0.0,0.0,0.0,0.0
0.287866,0.28561,0.0239257,0.0,0.0,0.0,0.0
0.289561,0.287451,0.0237785,0.0,0.0,0.0,0.0
0.28975,0.287176,0.0242875,0.0,0.0,0.0,0.0
0.288993,0.286549,0.0247708,0.0,0.0,0.0,0.0
0.28797,0.285459,0.02476,0.0,0.0,0.0,0.0
0.289106,0.303373,0.0239188,0.0,0.0,0.0,0.0
0.288458,0.30228,0.0235661,0.0,0.0,0.0,0.0
0.287201,0.302198,0.0236705,0.0,0.0,0.0,0.0
0.286707,0.302271,0.0246514,0.0,0.0,0.0,0.0
0.288736,0.30376,0.0247004,0.0,0.0,0.0,0.0
0.212476,0.208494,0.0418137,0.0,0.0,0.0,0.0
0.21243,0.210438,0.0418066,0.0,0.0,0.0,0.0
0.213818,0.210505,0.0419036,0.0,0.0,0.0,0.0
0.214132,0.208581,0.0418395,0.0,0.0,0.0,0.0
0.26251,0.225966,0.0428335,0.0,0.0,0.0,0.0
0.262525,0.224063,0.042831,0.0,0.0,0.0,0.0
0.26408,0.224025,0.0428337,0.0,0.0,0.0,0.0
0.264072,0.225951,0.0428335,0.0,0.0,0.0,0.0
0.287884,0.225922,0.0535721,0.0,0.0,0.0,0.0
0.289176,0.225924,0.0539313,0.0,0.0,0.0,0.0
0.289176,0.22397,0.0539393,0.0,0.0,0.0,0.0
0.262555,0.239476,0.0539908,0.0,0.0,0.0,0.0
0.263192,0.240501,0.054181,0.0,0.0,0.0,0.0
0.264204,0.240593,0.0541917,0.0,0.0,0.0,0.0
0.264105,0.239433,0.0538617,0.0,0.0,0.0,0.0
0.275006,0.239276,0.0539179,0.0,0.0,0.0,0.0
0.275021,0.240754,0.0538279,0.0,0.0,0.0,0.0
0.275006,0.241813,0.0544964,0.0,0.0,0.0,0.0
0.276541,0.24165,0.0550244,0.0,0.0,0.0,0.0
0.276557,0.240627,0.0543182,0.0,0.0,0.0,0.0
0.276571,0.239265,0.0538978,0.0,0.0,0.0,0.0
0.287502,0.23933,0.0539198,0.0,0.0,0.0,0.0
0.287428,0.240843,0.0538458,0.0,0.0,0.0,0.0
0.289067,0.241297,0.0539177,0.0,0.0,0.0,0.0
0.289066,0.239412,0.053913,0.0,0.0,0.0,0.0
0.287429,0.241841,0.0545709,0.0,0.0,0.0,0.0
0.288607,0.241948,0.0544328,0.0,0.0,0.0,0.0
0.312476,0.255028,0.0539394,0.0,0.0,0.0,0.0
0.312497,0.256958,0.0539299,0.0,0.0,0.0,0.0
0.314016,0.257019,0.0539052,0.0,0.0,0.0,0.0
0.314061,0.255046,0.0538538,0.0,0.0,0.0,0.0
0.262485,0.268124,0.0175314,0.0,0.0,0.0,0.0
0.262481,0.268729,0.0180971,0.0,0.0,0.0,0.0
0.260938,0.268766,0.0181654,0.0,0.0,0.0,0.0
0.260908,0.268171,0.0175676,0.0,0.0,0.0,0.0
0.264056,0.268743,0.0180445,0.0,0.0,0.0,0.0
0.264063,0.268105,0.0175068,0.0,0.0,0.0,0.0
0.264002,0.28556,0.0181304,0.0,0.0,0.0,0.0
0.263871,0.286135,0.0174224,0.0,0.0,0.0,0.0
0.262152,0.284456,0.017379,0.0,0.0,0.0,0.0
0.262494,0.283982,0.0181202,0.0,0.0,0.0,0.0
0.26346,0.284603,0.0184935,0.0,0.0,0.0,0.0
0.262519,0.269255,0.0187971,0.0,0.0,0.0,0.0
0.264061,0.268728,0.0188734,0.0,0.0,0.0,0.0
0.275054,0.285948,0.0237673,0.0,0.0,0.0,0.0
0.274536,0.286481,0.0235939,0.0,0.0,0.0,0.0
0.273528,0.285854,0.0232674,0.0,0.0,0.0,0.0
0.27322,0.283992,0.0235325,0.0,0.0,0.0,0.0
0.275035,0.284001,0.0243131,0.0,0.0,0.0,0.0
0.276033,0.284611,0.0245273,0.0,0.0,0.0,0.0
0.276125,0.286078,0.0244279,0.0,0.0,0.0,0.0
0.28613,0.283923,0.0239367,0.0,0.0,0.0,0.0
0.286008,0.28453,0.0231852,0.0,0.0,0.0,0.0
0.286519,0.28548,0.0228142,0.0,0.0,0.0,0.0
0.287551,0.286031,0.0230932,0.0,0.0,0.0,0.0
0.287334,0.301591,0.0229383,0.0,0.0,0.0,0.0
0.286353,0.300859,0.0231735,0.0,0.0,0.0,0.0
0.2855,0.299961,0.0231916,0.0,0.0,0.0,0.0
0.285074,0.300465,0.0239171,0.0,0.0,0.0,0.0
0.288065,0.287323,0.0226748,0.0,0.0,0.0,0.0
0.289166,0.287893,0.022933,0.0,0.0,0.0,0.0
0.288627,0.301969,0.0230852,0.0,0.0,0.0,0.0
0.285258,0.300093,0.0248722,0.0,0.0,0.0,0.0
0.300061,0.301531,0.029843,0.0,0.0,0.0,0.0
0.29851,0.301563,0.029738,0.0,0.0,0.0,0.0
0.299079,0.299799,0.0297055,0.0,0.0,0.0,0.0
0.30011,0.29984,0.0297937,0.0,0.0,0.0,0.0
0.297995,0.300954,0.0296542,0.0,0.0,0.0,0.0
0.298352,0.299694,0.0291956,0.0,0.0,0.0,0.0
0.301404,0.299876,0.0296998,0.0,0.0,0.0,0.0
0.301483,0.30155,0.0298438,0.0,0.0,0.0,0.0
0.300127,0.303522,0.029847,0.0,0.0,0.0,0.0
0.29847,0.303433,0.0297377,0.0,0.0,0.0,0.0
0.312564,0.31699,0.0359403,0.0,0.0,0.0,0.0
0.312619,0.315048,0.0359071,0.0,0.0,0.0,0.0
0.312088,0.314952,0.0352734,0.0,0.0,0.0,0.0
0.311555,0.315518,0.0349556,0.0,0.0,0.0,0.0
0.31253,0.318931,0.0359868,0.0,0.0,0.0,0.0
0.312779,0.332621,0.0361423,0.0,0.0,0.0,0.0
0.312778,0.330638,0.036137,0.0,0.0,0.0,0.0
0.312792,0.33064,0.0353838,0.0,0.0,0.0,0.0
0.312792,0.33262,0.0353769,0.0,0.0,0.0,0.0
0.312715,0.334529,0.0353714,0.0,0.0,0.0,0.0
0.312691,0.334528,0.0361684,0.0,0.0,0.0,0.0
0.226588,0.191031,0.041861,0.0,0.0,0.0,0.0
0.225039,0.191047,0.0418559,0.0,0.0,0.0,0.0
0.224536,0.192294,0.0415002,0.0,0.0,0.0,0.0
0.224981,0.192624,0.0408289,0.0,0.0,0.0,0.0
0.226588,0.192705,0.0407717,0.0,0.0,0.0,0.0
0.236995,0.192337,0.040797,0.0,0.0,0.0,0.0
0.262511,0.192931,0.0418442,0.0,0.0,0.0,0.0
0.260896,0.193011,0.0419597,0.0,0.0,0.0,0.0
0.260948,0.191083,0.0418192,0.0,0.0,0.0,0.0
0.262444,0.191208,0.0418432,0.0,0.0,0.0,0.0
0.263919,0.191279,0.0418037,0.0,0.0,0.0,0.0
0.263994,0.193055,0.0418118,0.0,0.0,0.0,0.0
0.262479,0.194604,0.0419806,0.0,0.0,0.0,0.0
0.261495,0.194262,0.0426754,0.0,0.0,0.0,0.0
0.274334,0.209556,0.0412671,0.0,0.0,0.0,0.0
0.274022,0.210501,0.0412161,0.0,0.0,0.0,0.0
0.273653,0.210583,0.0418065,0.0,0.0,0.0,0.0
0.273799,0.209096,0.0423731,0.0,0.0,0.0,0.0
0.311835,0.301617,0.0418244,0.0,0.0,0.0,0.0
0.311012,0.30157,0.042036,0.0,0.0,0.0,0.0
0.311268,0.299901,0.0422878,0.0,0.0,0.0,0.0
0.311723,0.30054,0.0418086,0.0,0.0,0.0,0.0
0.311763,0.300367,0.0418172,0.0,0.0,0.0,0.0
0.312579,0.301607,0.0416021,0.0,0.0,0.0,0.0
0.311184,0.298992,0.0410766,0.0,0.0,0.0,0.0
0.312858,0.316997,0.0367033,0.0,0.0,0.0,0.0
0.312849,0.315062,0.036692,0.0,0.0,0.0,0.0
0.311061,0.30342,0.0419686,0.0,0.0,0.0,0.0
0.312344,0.303483,0.0416523,0.0,0.0,0.0,0.0
0.311496,0.303997,0.0417136,0.0,0.0,0.0,0.0
0.312852,0.332636,0.0369345,0.0,0.0,0.0,0.0
0.312797,0.330626,0.0368876,0.0,0.0,0.0,0.0
0.250279,0.192696,0.0473264,0.0,0.0,0.0,0.0
0.249942,0.193085,0.0479514,0.0,0.0,0.0,0.0
0.249057,0.192412,0.0482343,0.0,0.0,0.0,0.0
0.24847,0.191574,0.04799,0.0,0.0,0.0,0.0
0.248439,0.190796,0.0473223,0.0,0.0,0.0,0.0
0.273315,0.208575,0.0428654,0.0,0.0,0.0,0.0
0.273206,0.206604,0.0428422,0.0,0.0,0.0,0.0
0.250039,0.224389,0.0479284,0.0,0.0,0.0,0.0
0.250023,0.224017,0.0472337,0.0,0.0,0.0,0.0
0.249189,0.224773,0.0473936,0.0,0.0,0.0,0.0
0.249218,0.224828,0.0476347,0.0,0.0,0.0,0.0
0.262475,0.222063,0.0428114,0.0,0.0,0.0,0.0
0.260983,0.224138,0.0428319,0.0,0.0,0.0,0.0
0.260964,0.222472,0.0429092,0.0,0.0,0.0,0.0
0.251084,0.223429,0.0479,0.0,0.0,0.0,0.0
0.25136,0.222072,0.048016,0.0,0.0,0.0,0.0
0.250955,0.222036,0.047321,0.0,0.0,0.0,0.0
0.250702,0.222873,0.0470675,0.0,0.0,0.0,0.0
0.264119,0.222131,0.0428323,0.0,0.0,0.0,0.0
0.260946,0.225982,0.0428323,0.0,0.0,0.0,0.0
0.299539,0.285435,0.0475943,0.0,0.0,0.0,0.0
0.299997,0.285997,0.0469795,0.0,0.0,0.0,0.0
0.301612,0.285729,0.0469509,0.0,0.0,0.0,0.0
0.301595,0.28389,0.0478787,0.0,0.0,0.0,0.0
0.30005,0.284216,0.0478493,0.0,0.0,0.0,0.0
0.300028,0.301563,0.0417557,0.0,0.0,0.0,0.0
0.299964,0.299164,0.0423899,0.0,0.0,0.0,0.0
0.298527,0.29975,0.0427924,0.0,0.0,0.0,0.0
0.298013,0.301451,0.0423088,0.0,0.0,0.0,0.0
0.298381,0.285606,0.0476954,0.0,0.0,0.0,0.0
0.298344,0.286392,0.0469154,0.0,0.0,0.0,0.0
0.299542,0.287349,0.0468651,0.0,0.0,0.0,0.0
0.298403,0.287586,0.0469407,0.0,0.0,0.0,0.0
0.297789,0.3028,0.041966,0.0,0.0,0.0,0.0
0.299868,0.317433,0.0483944,0.0,0.0,0.0,0.0
0.299458,0.317603,0.0477402,0.0,0.0,0.0,0.0
0.298455,0.31696,0.0473463,0.0,0.0,0.0,0.0
0.297756,0.315857,0.0477699,0.0,0.0,0.0,0.0
0.297931,0.315587,0.0482775,0.0,0.0,0.0,0.0
0.2988,0.316523,0.0481916,0.0,0.0,0.0,0.0
0.237569,0.193046,0.0539086,0.0,0.0,0.0,0.0
0.235921,0.19295,0.0539332,0.0,0.0,0.0,0.0
0.235979,0.191211,0.0539222,0.0,0.0,0.0,0.0
0.237552,0.191236,0.0539178,0.0,0.0,0.0,0.0
0.239071,0.191164,0.0539265,0.0,0.0,0.0,0.0
0.23913,0.192745,0.0538449,0.0,0.0,0.0,0.0
0.249994,0.190687,0.0532774,0.0,0.0,0.0,0.0
0.250015,0.19124,0.0539703,0.0,0.0,0.0,0.0
0.248368,0.190935,0.0538549,0.0,0.0,0.0,0.0
0.248828,0.190505,0.0535295,0.0,0.0,0.0,0.0
0.251536,0.191325,0.054,0.0,0.0,0.0,0.0
0.251666,0.190692,0.0533755,0.0,0.0,0.0,0.0
0.224593,0.208015,0.0541649,0.0,0.0,0.0,0.0
0.223467,0.208573,0.0539167,0.0,0.0,0.0,0.0
0.223351,0.20653,0.0538911,0.0,0.0,0.0,0.0
0.224609,0.206522,0.0543331,0.0,0.0,0.0,0.0
0.237123,0.194463,0.0540881,0.0,0.0,0.0,0.0
0.235905,0.194534,0.0542289,0.0,0.0,0.0,0.0
0.274,0.207864,0.0528005,0.0,0.0,0.0,0.0
0.275132,0.208409,0.0528911,0.0,0.0,0.0,0.0
0.275137,0.206469,0.0529187,0.0,0.0,0.0,0.0
0.273842,0.206457,0.0528909,0.0,0.0,0.0,0.0
0.224974,0.224054,0.0539393,0.0,0.0,0.0,0.0
0.223437,0.224014,0.0539097,0.0,0.0,0.0,0.0
0.223418,0.222083,0.0539259,0.0,0.0,0.0,0.0
0.225142,0.221954,0.0539075,0.0,0.0,0.0,0.0
0.226133,0.222573,0.0544678,0.0,0.0,0.0,0.0
0.226553,0.224036,0.0542032,0.0,0.0,0.0,0.0
0.251481,0.223955,0.0487319,0.0,0.0,0.0,0.0
0.251876,0.222103,0.048598,0.0,0.0,0.0,0.0
0.276647,0.208428,0.0529031,0.0,0.0,0.0,0.0
0.275422,0.209959,0.0529665,0.0,0.0,0.0,0.0
0.276607,0.210446,0.0529083,0.0,0.0,0.0,0.0
0.224991,0.225945,0.0539143,0.0,0.0,0.0,0.0
0.223441,0.225928,0.0539117,0.0,0.0,0.0,0.0
0.298535,0.270658,0.0533751,0.0,0.0,0.0,0.0
0.299985,0.270511,0.0529141,0.0,0.0,0.0,0.0
0.299911,0.26808,0.0534923,0.0,0.0,0.0,0.0
0.298485,0.268599,0.0538916,0.0,0.0,0.0,0.0
0.298108,0.270075,0.0539111,0.0,0.0,0.0,0.0
0.301588,0.270471,0.0529494,0.0,0.0,0.0,0.0
0.301559,0.268591,0.0530568,0.0,0.0,0.0,0.0
0.301107,0.267957,0.0534968,0.0,0.0,0.0,0.0
0.298402,0.284073,0.0479508,0.0,0.0,0.0,0.0
0.299967,0.271995,0.052963,0.0,0.0,0.0,0.0
0.298481,0.272473,0.0530035,0.0,0.0,0.0,0.0
0.301152,0.27184,0.052954,0.0,0.0,0.0,0.0
0.312333,0.283897,0.0538738,0.0,0.0,0.0,0.0
0.312736,0.284447,0.053324,0.0,0.0,0.0,0.0
0.312022,0.2859,0.0532317,0.0,0.0,0.0,0.0
0.311264,0.286371,0.0536534,0.0,0.0,0.0,0.0
0.310808,0.285787,0.0539047,0.0,0.0,0.0,0.0
0.310876,0.283994,0.0539183,0.0,0.0,0.0,0.0
0.300125,0.286617,0.0546699,0.0,0.0,0.0,0.0
0.300038,0.288053,0.0538805,0.0,0.0,0.0,0.0
0.29838,0.287883,0.0538596,0.0,0.0,0.0,0.0
0.298892,0.286654,0.0545548,0.0,0.0,0.0,0.0
0.299016,0.316171,0.0487446,0.0,0.0,0.0,0.0
0.299962,0.316453,0.0488984,0.0,0.0,0.0,0.0
0.2984,0.315049,0.0489286,0.0,0.0,0.0,0.0
0.300026,0.315032,0.0489134,0.0,0.0,0.0,0.0
0.249988,0.191797,0.0545797,0.0,0.0,0.0,0.0
0.251493,0.191836,0.0546159,0.0,0.0,0.0,0.0
0.260948,0.239101,0.0539288,0.0,0.0,0.0,0.0
0.260796,0.239832,0.0546717,0.0,0.0,0.0,0.0
0.262148,0.240007,0.0546875,0.0,0.0,0.0,0.0
0.298341,0.237605,0.05396,0.0,0.0,0.0,0.0
0.299383,0.238327,0.0539694,0.0,0.0,0.0,0.0
0.299811,0.237786,0.0548057,0.0,0.0,0.0,0.0
0.298852,0.237052,0.0544542,0.0,0.0,0.0,0.0
0.273442,0.239289,0.0539264,0.0,0.0,0.0,0.0
0.273437,0.240752,0.0538662,0.0,0.0,0.0,0.0
0.273431,0.241799,0.0545382,0.0,0.0,0.0,0.0
0.28593,0.239278,0.0539004,0.0,0.0,0.0,0.0
0.285932,0.240635,0.0543354,0.0,0.0,0.0,0.0
0.285943,0.241666,0.0550145,0.0,0.0,0.0,0.0
0.313591,0.25305,0.0541452,0.0,0.0,0.0,0.0
0.314617,0.254443,0.0542131,0.0,0.0,0.0,0.0
0.314089,0.253049,0.0547902,0.0,0.0,0.0,0.0
0.255768,0.278603,0.0150981,0.0,0.0,0.0,0.0
0.255484,0.278859,0.0143333,0.0,0.0,0.0,0.0
0.254801,0.277732,0.0143432,0.0,0.0,0.0,0.0
0.254731,0.276212,0.0143265,0.0,0.0,0.0,0.0
0.254749,0.276216,0.0150797,0.0,0.0,0.0,0.0
0.254666,0.276125,0.0120716,0.0,0.0,0.0,0.0
0.254721,0.276334,0.0127498,0.0,0.0,0.0,0.0
0.254772,0.277788,0.0126986,0.0,0.0,0.0,0.0
0.255581,0.278798,0.0126715,0.0,0.0,0.0,0.0
0.255789,0.278607,0.0119245,0.0,0.0,0.0,0.0
0.254782,0.270689,0.0143677,0.0,0.0,0.0,0.0
0.254817,0.270633,0.0152681,0.0,0.0,0.0,0.0
0.254203,0.272448,0.0146385,0.0,0.0,0.0,0.0
0.267014,0.288365,0.0147803,0.0,0.0,0.0,0.0
0.267212,0.287808,0.0141398,0.0,0.0,0.0,0.0
0.26197,0.269976,0.019444,0.0,0.0,0.0,0.0
0.260889,0.270641,0.0192182,0.0,0.0,0.0,0.0
0.268909,0.269774,0.0183413,0.0,0.0,0.0,0.0
0.269034,0.269779,0.0189734,0.0,0.0,0.0,0.0
0.267823,0.269399,0.0190429,0.0,0.0,0.0,0.0
0.267859,0.269491,0.0184626,0.0,0.0,0.0,0.0
0.268778,0.27039,0.0205415,0.0,0.0,0.0,0.0
0.268794,0.27112,0.0210664,0.0,0.0,0.0,0.0
0.268337,0.272009,0.0214266,0.0,0.0,0.0,0.0
0.267415,0.272642,0.0208924,0.0,0.0,0.0,0.0
0.275399,0.275867,0.0187465,0.0,0.0,0.0,0.0
0.275438,0.275897,0.0179979,0.0,0.0,0.0,0.0
0.276728,0.278017,0.0180322,0.0,0.0,0.0,0.0
0.276999,0.277806,0.0187195,0.0,0.0,0.0,0.0
0.276799,0.277933,0.0202218,0.0,0.0,0.0,0.0
0.27698,0.27775,0.0209036,0.0,0.0,0.0,0.0
0.275369,0.275884,0.020937,0.0,0.0,0.0,0.0
0.275381,0.275865,0.0202225,0.0,0.0,0.0,0.0
0.268515,0.288163,0.0189549,0.0,0.0,0.0,0.0
0.268491,0.288735,0.0182368,0.0,0.0,0.0,0.0
0.267196,0.287867,0.018079,0.0,0.0,0.0,0.0
0.267302,0.287333,0.0187213,0.0,0.0,0.0,0.0
0.281324,0.293889,0.0210859,0.0,0.0,0.0,0.0
0.281285,0.292356,0.0198053,0.0,0.0,0.0,0.0
0.279717,0.29247,0.0197613,0.0,0.0,0.0,0.0
0.279771,0.293615,0.0209008,0.0,0.0,0.0,0.0
0.281685,0.287961,0.0182711,0.0,0.0,0.0,0.0
0.281671,0.286056,0.0182516,0.0,0.0,0.0,0.0
0.28711,0.284567,0.0247848,0.0,0.0,0.0,0.0
0.286161,0.283725,0.0249577,0.0,0.0,0.0,0.0
0.279739,0.285917,0.024737,0.0,0.0,0.0,0.0
0.280781,0.286503,0.025123,0.0,0.0,0.0,0.0
0.280781,0.288013,0.0252114,0.0,0.0,0.0,0.0
0.279585,0.287961,0.0246674,0.0,0.0,0.0,0.0
0.280773,0.291827,0.0252563,0.0,0.0,0.0,0.0
0.281109,0.2936,0.0246192,0.0,0.0,0.0,0.0
0.279741,0.293578,0.0247006,0.0,0.0,0.0,0.0
0.27969,0.291739,0.0246664,0.0,0.0,0.0,0.0
0.28758,0.286981,0.0267374,0.0,0.0,0.0,0.0
0.28758,0.286175,0.0265202,0.0,0.0,0.0,0.0
0.288931,0.286658,0.0262699,0.0,0.0,0.0,0.0
0.288417,0.287026,0.0267181,0.0,0.0,0.0,0.0
0.29345,0.293728,0.0238422,0.0,0.0,0.0,0.0
0.293425,0.29238,0.023747,0.0,0.0,0.0,0.0
0.292339,0.291696,0.0237071,0.0,0.0,0.0,0.0
0.292591,0.293254,0.0236762,0.0,0.0,0.0,0.0
0.293979,0.293693,0.0245767,0.0,0.0,0.0,0.0
0.293787,0.291858,0.0245337,0.0,0.0,0.0,0.0
0.292795,0.291206,0.0242004,0.0,0.0,0.0,0.0
0.2876,0.293678,0.0266893,0.0,0.0,0.0,0.0
0.287607,0.291794,0.0266872,0.0,0.0,0.0,0.0
0.288782,0.291844,0.0272122,0.0,0.0,0.0,0.0
0.288754,0.293741,0.0271726,0.0,0.0,0.0,0.0
0.29147,0.3079,0.0270644,0.0,0.0,0.0,0.0
0.292024,0.309314,0.0269769,0.0,0.0,0.0,0.0
0.292609,0.309218,0.0262825,0.0,0.0,0.0,0.0
0.291656,0.307893,0.0261775,0.0,0.0,0.0,0.0
0.286907,0.3019,0.0264873,0.0,0.0,0.0,0.0
0.287597,0.301281,0.0267355,0.0,0.0,0.0,0.0
0.288751,0.301403,0.0271679,0.0,0.0,0.0,0.0
0.301657,0.309269,0.0259747,0.0,0.0,0.0,0.0
0.302104,0.309206,0.0265355,0.0,0.0,0.0,0.0
0.301718,0.307416,0.0269994,0.0,0.0,0.0,0.0
0.301027,0.307504,0.0263095,0.0,0.0,0.0,0.0
0.306189,0.309296,0.0306371,0.0,0.0,0.0,0.0
0.305825,0.307489,0.0306953,0.0,0.0,0.0,0.0
0.304965,0.306935,0.0306074,0.0,0.0,0.0,0.0
0.304764,0.307463,0.0300847,0.0,0.0,0.0,0.0
0.305185,0.30923,0.0296198,0.0,0.0,0.0,0.0
0.301572,0.324744,0.0299188,0.0,0.0,0.0,0.0
0.300847,0.323617,0.0294792,0.0,0.0,0.0,0.0
0.299929,0.323138,0.0298742,0.0,0.0,0.0,0.0
0.2996,0.323188,0.0306915,0.0,0.0,0.0,0.0
0.300311,0.324262,0.0306777,0.0,0.0,0.0,0.0
0.301199,0.32517,0.0306756,0.0,0.0,0.0,0.0
0.299913,0.324372,0.0323473,0.0,0.0,0.0,0.0
0.299794,0.322682,0.0322278,0.0,0.0,0.0,0.0
0.299763,0.322788,0.0331462,0.0,0.0,0.0,0.0
0.300765,0.325368,0.0330982,0.0,0.0,0.0,0.0
0.300759,0.325427,0.0322522,0.0,0.0,0.0,0.0
0.243576,0.198473,0.0383901,0.0,0.0,0.0,0.0
0.243211,0.198202,0.038698,0.0,0.0,0.0,0.0
0.242097,0.198752,0.0388615,0.0,0.0,0.0,0.0
0.241665,0.20021,0.0385483,0.0,0.0,0.0,0.0
0.241924,0.20081,0.0381133,0.0,0.0,0.0,0.0
0.242642,0.199424,0.0381818,0.0,0.0,0.0,0.0
0.249532,0.240209,0.038609,0.0,0.0,0.0,0.0
0.250154,0.240731,0.039052,0.0,0.0,0.0,0.0
0.251525,0.241501,0.0388428,0.0,0.0,0.0,0.0
0.251556,0.239879,0.0377571,0.0,0.0,0.0,0.0
0.249927,0.239962,0.0378976,0.0,0.0,0.0,0.0
0.254681,0.241361,0.0388794,0.0,0.0,0.0,0.0
0.256295,0.240768,0.0382692,0.0,0.0,0.0,0.0
0.255814,0.239982,0.0378752,0.0,0.0,0.0,0.0
0.254599,0.239938,0.0377495,0.0,0.0,0.0,0.0
0.304737,0.307445,0.0359701,0.0,0.0,0.0,0.0
0.305672,0.306532,0.0358651,0.0,0.0,0.0,0.0
0.305621,0.306433,0.0363361,0.0,0.0,0.0,0.0
0.304729,0.306978,0.036692,0.0,0.0,0.0,0.0
0.313794,0.309026,0.0382836,0.0,0.0,0.0,0.0
0.31389,0.309054,0.038969,0.0,0.0,0.0,0.0
0.313872,0.307268,0.0389669,0.0,0.0,0.0,0.0
0.313793,0.307259,0.0382587,0.0,0.0,0.0,0.0
0.299481,0.317017,0.0386587,0.0,0.0,0.0,0.0
0.299494,0.318921,0.0386683,0.0,0.0,0.0,0.0
0.299927,0.318955,0.0381193,0.0,0.0,0.0,0.0
0.299888,0.317014,0.0380902,0.0,0.0,0.0,0.0
0.243748,0.183285,0.0442099,0.0,0.0,0.0,0.0
0.243686,0.183531,0.044982,0.0,0.0,0.0,0.0
0.242454,0.182792,0.0452245,0.0,0.0,0.0,0.0
0.242443,0.182654,0.0441694,0.0,0.0,0.0,0.0
0.204322,0.198771,0.0447098,0.0,0.0,0.0,0.0
0.204238,0.200243,0.0447432,0.0,0.0,0.0,0.0
0.218823,0.193122,0.041828,0.0,0.0,0.0,0.0
0.217601,0.193065,0.0417958,0.0,0.0,0.0,0.0
0.2172,0.194958,0.0418125,0.0,0.0,0.0,0.0
0.218716,0.194939,0.0418093,0.0,0.0,0.0,0.0
0.216819,0.192948,0.0423939,0.0,0.0,0.0,0.0
0.216668,0.194384,0.042274,0.0,0.0,0.0,0.0
0.21862,0.200746,0.0418088,0.0,0.0,0.0,0.0
0.218616,0.198814,0.0418056,0.0,0.0,0.0,0.0
0.217171,0.198821,0.0418262,0.0,0.0,0.0,0.0
0.217146,0.200743,0.0418227,0.0,0.0,0.0,0.0
0.264149,0.200697,0.0428184,0.0,0.0,0.0,0.0
0.262813,0.2007,0.0429137,0.0,0.0,0.0,0.0
0.262469,0.198857,0.0428085,0.0,0.0,0.0,0.0
0.264052,0.198853,0.0428678,0.0,0.0,0.0,0.0
0.268716,0.20093,0.042856,0.0,0.0,0.0,0.0
0.267183,0.200872,0.0428207,0.0,0.0,0.0,0.0
0.267241,0.199369,0.0428125,0.0,0.0,0.0,0.0
0.26721,0.198461,0.0419543,0.0,0.0,0.0,0.0
0.268608,0.198654,0.041763,0.0,0.0,0.0,0.0
0.20473,0.216156,0.0442629,0.0,0.0,0.0,0.0
0.205904,0.216186,0.0439191,0.0,0.0,0.0,0.0
0.205784,0.214401,0.0439004,0.0,0.0,0.0,0.0
0.204597,0.214335,0.0437649,0.0,0.0,0.0,0.0
0.212456,0.21626,0.0418265,0.0,0.0,0.0,0.0
0.214,0.216233,0.0418764,0.0,0.0,0.0,0.0
0.214154,0.214303,0.0418167,0.0,0.0,0.0,0.0
0.212405,0.21433,0.0418098,0.0,0.0,0.0,0.0
0.267287,0.208501,0.0428189,0.0,0.0,0.0,0.0
0.268761,0.208511,0.04282,0.0,0.0,0.0,0.0
0.268767,0.210451,0.0428189,0.0,0.0,0.0,0.0
0.267293,0.21044,0.0428197,0.0,0.0,0.0,0.0
0.268776,0.214327,0.0428328,0.0,0.0,0.0,0.0
0.268776,0.216267,0.0428267,0.0,0.0,0.0,0.0
0.218117,0.232622,0.0443573,0.0,0.0,0.0,0.0
0.21859,0.232272,0.043815,0.0,0.0,0.0,0.0
0.217164,0.231363,0.0440332,0.0,0.0,0.0,0.0
0.217137,0.2321,0.0448063,0.0,0.0,0.0,0.0
0.218123,0.224641,0.0413096,0.0,0.0,0.0,0.0
0.217194,0.223966,0.0418196,0.0,0.0,0.0,0.0
0.217145,0.225956,0.0418356,0.0,0.0,0.0,0.0
0.218729,0.22596,0.0418092,0.0,0.0,0.0,0.0
0.224915,0.231777,0.0418364,0.0,0.0,0.0,0.0
0.226504,0.231733,0.0417661,0.0,0.0,0.0,0.0
0.225942,0.230604,0.0414722,0.0,0.0,0.0,0.0
0.224926,0.230241,0.0418407,0.0,0.0,0.0,0.0
0.267196,0.224005,0.0428324,0.0,0.0,0.0,0.0
0.268681,0.223998,0.0428556,0.0,0.0,0.0,0.0
0.268635,0.225932,0.0428592,0.0,0.0,0.0,0.0
0.26719,0.225936,0.0428335,0.0,0.0,0.0,0.0
0.262495,0.231061,0.042811,0.0,0.0,0.0,0.0
0.2625,0.229649,0.0428386,0.0,0.0,0.0,0.0
0.262479,0.232183,0.0427107,0.0,0.0,0.0,0.0
0.268633,0.231581,0.0421962,0.0,0.0,0.0,0.0
0.267234,0.232101,0.042679,0.0,0.0,0.0,0.0
0.267138,0.231002,0.0427788,0.0,0.0,0.0,0.0
0.268172,0.230913,0.0428248,0.0,0.0,0.0,0.0
0.293232,0.30932,0.0438819,0.0,0.0,0.0,0.0
0.293198,0.307863,0.0438465,0.0,0.0,0.0,0.0
0.292361,0.307333,0.0439105,0.0,0.0,0.0,0.0
0.291819,0.307325,0.0448509,0.0,0.0,0.0,0.0
0.292175,0.309179,0.0448987,0.0,0.0,0.0,0.0
0.306176,0.324652,0.0445398,0.0,0.0,0.0,0.0
0.30472,0.324657,0.044513,0.0,0.0,0.0,0.0
0.304678,0.323538,0.045747,0.0,0.0,0.0,0.0
0.30627,0.323455,0.0457274,0.0,0.0,0.0,0.0
0.299464,0.323278,0.0420081,0.0,0.0,0.0,0.0
0.299668,0.323153,0.0427731,0.0,0.0,0.0,0.0
0.300573,0.324046,0.0427151,0.0,0.0,0.0,0.0
0.30143,0.324907,0.0427522,0.0,0.0,0.0,0.0
0.301297,0.325039,0.0420058,0.0,0.0,0.0,0.0
0.218664,0.183695,0.0489632,0.0,0.0,0.0,0.0
0.218794,0.185005,0.0487892,0.0,0.0,0.0,0.0
0.217221,0.185308,0.0489284,0.0,0.0,0.0,0.0
0.21721,0.183923,0.0487599,0.0,0.0,0.0,0.0
0.217247,0.183242,0.0479978,0.0,0.0,0.0,0.0
0.218623,0.182768,0.0485705,0.0,0.0,0.0,0.0
0.231286,0.18323,0.0488685,0.0,0.0,0.0,0.0
0.231317,0.184551,0.0491706,0.0,0.0,0.0,0.0
0.23012,0.18449,0.0492025,0.0,0.0,0.0,0.0
0.229648,0.183341,0.0489076,0.0,0.0,0.0,0.0
0.237574,0.183704,0.0489555,0.0,0.0,0.0,0.0
0.237807,0.182664,0.0485242,0.0,0.0,0.0,0.0
0.238973,0.183551,0.04806,0.0,0.0,0.0,0.0
0.239,0.183963,0.0488007,0.0,0.0,0.0,0.0
0.238986,0.185304,0.0488633,0.0,0.0,0.0,0.0
0.237525,0.185233,0.0489296,0.0,0.0,0.0,0.0
0.206259,0.200742,0.0509045,0.0,0.0,0.0,0.0
0.2048,0.20081,0.0508875,0.0,0.0,0.0,0.0
0.205225,0.198896,0.0508583,0.0,0.0,0.0,0.0
0.206356,0.198889,0.0509079,0.0,0.0,0.0,0.0
0.204264,0.200258,0.0506663,0.0,0.0,0.0,0.0
0.204518,0.198866,0.050225,0.0,0.0,0.0,0.0
0.255217,0.200203,0.0498633,0.0,0.0,0.0,0.0
0.255074,0.19879,0.0498751,0.0,0.0,0.0,0.0
0.276586,0.206563,0.0529268,0.0,0.0,0.0,0.0
0.205783,0.216278,0.0515214,0.0,0.0,0.0,0.0
0.204632,0.216258,0.0508471,0.0,0.0,0.0,0.0
0.204593,0.214324,0.0508504,0.0,0.0,0.0,0.0
0.205773,0.214335,0.0515144,0.0,0.0,0.0,0.0
0.200224,0.21623,0.0478275,0.0,0.0,0.0,0.0
0.199626,0.216265,0.0488047,0.0,0.0,0.0,0.0
0.205768,0.208504,0.0515138,0.0,0.0,0.0,0.0
0.205767,0.210447,0.0515074,0.0,0.0,0.0,0.0
0.20458,0.210444,0.0508501,0.0,0.0,0.0,0.0
0.204587,0.208505,0.0508495,0.0,0.0,0.0,0.0
0.255592,0.210296,0.0488352,0.0,0.0,0.0,0.0
0.256058,0.208486,0.0487033,0.0,0.0,0.0,0.0
0.255049,0.208507,0.0477706,0.0,0.0,0.0,0.0
0.254518,0.21037,0.0481463,0.0,0.0,0.0,0.0
0.254943,0.2109,0.0486937,0.0,0.0,0.0,0.0
0.206265,0.22397,0.0508838,0.0,0.0,0.0,0.0
0.20636,0.225787,0.0509439,0.0,0.0,0.0,0.0
0.205314,0.225194,0.0508877,0.0,0.0,0.0,0.0
0.204908,0.223834,0.0508166,0.0,0.0,0.0,0.0
0.205933,0.226323,0.0505733,0.0,0.0,0.0,0.0
0.205153,0.225817,0.0502589,0.0,0.0,0.0,0.0
0.204563,0.224287,0.0501647,0.0,0.0,0.0,0.0
0.250357,0.232164,0.0508701,0.0,0.0,0.0,0.0
0.251572,0.231745,0.05093,0.0,0.0,0.0,0.0
0.251997,0.230341,0.0507533,0.0,0.0,0.0,0.0
0.251661,0.229858,0.0500242,0.0,0.0,0.0,0.0
0.250024,0.229844,0.0499677,0.0,0.0,0.0,0.0
0.249996,0.231671,0.0501716,0.0,0.0,0.0,0.0
0.287757,0.293763,0.0510157,0.0,0.0,0.0,0.0
0.287757,0.293801,0.0502514,0.0,0.0,0.0,0.0
0.287782,0.29191,0.050196,0.0,0.0,0.0,0.0
0.287745,0.292008,0.0510335,0.0,0.0,0.0,0.0
0.313922,0.293562,0.0509962,0.0,0.0,0.0,0.0
0.313929,0.291838,0.0509567,0.0,0.0,0.0,0.0
0.313721,0.291879,0.0501742,0.0,0.0,0.0,0.0
0.312794,0.291892,0.0498696,0.0,0.0,0.0,0.0
0.293521,0.309597,0.0479405,0.0,0.0,0.0,0.0
0.291891,0.30767,0.0480487,0.0,0.0,0.0,0.0
0.292208,0.3073,0.0488029,0.0,0.0,0.0,0.0
0.293201,0.307962,0.0491193,0.0,0.0,0.0,0.0
0.293923,0.309135,0.0486521,0.0,0.0,0.0,0.0
0.306196,0.309121,0.0509037,0.0,0.0,0.0,0.0
0.30468,0.309278,0.0508967,0.0,0.0,0.0,0.0
0.304646,0.307058,0.051075,0.0,0.0,0.0,0.0
0.306159,0.307182,0.0509777,0.0,0.0,0.0,0.0
0.300004,0.309368,0.0508941,0.0,0.0,0.0,0.0
0.299999,0.307795,0.0513729,0.0,0.0,0.0,0.0
0.30157,0.307807,0.0514249,0.0,0.0,0.0,0.0
0.301558,0.309364,0.0508938,0.0,0.0,0.0,0.0
0.287546,0.216172,0.0539028,0.0,0.0,0.0,0.0
0.289052,0.216233,0.0539216,0.0,0.0,0.0,0.0
0.288973,0.214353,0.0539458,0.0,0.0,0.0,0.0
0.287516,0.214277,0.0539266,0.0,0.0,0.0,0.0
0.293741,0.224001,0.0539149,0.0,0.0,0.0,0.0
0.292203,0.223986,0.0539194,0.0,0.0,0.0,0.0
0.292199,0.225928,0.053909,0.0,0.0,0.0,0.0
0.293741,0.225934,0.0539084,0.0,0.0,0.0,0.0
0.287553,0.231793,0.0539016,0.0,0.0,0.0,0.0
0.289082,0.231759,0.0539089,0.0,0.0,0.0,0.0
0.289105,0.229825,0.0539186,0.0,0.0,0.0,0.0
0.287535,0.229798,0.0536294,0.0,0.0,0.0,0.0
0.29373,0.231748,0.0539118,0.0,0.0,0.0,0.0
0.293731,0.229811,0.0539098,0.0,0.0,0.0,0.0
0.292186,0.229813,0.0539088,0.0,0.0,0.0,0.0
0.292183,0.231751,0.0539099,0.0,0.0,0.0,0.0
0.268752,0.239354,0.0539331,0.0,0.0,0.0,0.0
0.26718,0.239401,0.0538938,0.0,0.0,0.0,0.0
0.267182,0.24066,0.0542592,0.0,0.0,0.0,0.0
0.268727,0.240784,0.0538373,0.0,0.0,0.0,0.0
0.281254,0.239232,0.0539043,0.0,0.0,0.0,0.0
0.279693,0.239233,0.0539031,0.0,0.0,0.0,0.0
0.279689,0.240628,0.0542669,0.0,0.0,0.0,0.0
0.28125,0.240627,0.0542651,0.0,0.0,0.0,0.0
0.293743,0.239467,0.0539092,0.0,0.0,0.0,0.0
0.292182,0.239456,0.0539096,0.0,0.0,0.0,0.0
0.292185,0.241241,0.0539051,0.0,0.0,0.0,0.0
0.293748,0.241294,0.0538995,0.0,0.0,0.0,0.0
0.306266,0.247421,0.0539238,0.0,0.0,0.0,0.0
0.306263,0.245986,0.0540385,0.0,0.0,0.0,0.0
0.304836,0.246026,0.0538608,0.0,0.0,0.0,0.0
0.30485,0.247449,0.05392,0.0,0.0,0.0,0.0
0.306254,0.245355,0.0547776,0.0,0.0,0.0,0.0
0.304749,0.244864,0.054222,0.0,0.0,0.0,0.0
0.306302,0.254974,0.0539225,0.0,0.0,0.0,0.0
0.304824,0.254925,0.0542182,0.0,0.0,0.0,0.0
0.305077,0.25691,0.0540523,0.0,0.0,0.0,0.0
0.306319,0.256918,0.0539242,0.0,0.0,0.0,0.0
0.306241,0.262702,0.0539004,0.0,0.0,0.0,0.0
0.306258,0.260788,0.053908,0.0,0.0,0.0,0.0
0.304787,0.260837,0.053868,0.0,0.0,0.0,0.0
0.304712,0.262709,0.053907,0.0,0.0,0.0,0.0
0.312528,0.262462,0.0539197,0.0,0.0,0.0,0.0
0.314052,0.262419,0.0538938,0.0,0.0,0.0,0.0
0.314049,0.260726,0.0538967,0.0,0.0,0.0,0.0
0.312485,0.260749,0.0539025,0.0,0.0,0.0,0.0
0.318545,0.262527,0.0539181,0.0,0.0,0.0,0.0
0.318255,0.260744,0.0539522,0.0,0.0,0.0,0.0
0.317041,0.260747,0.0539213,0.0,0.0,0.0,0.0
0.317097,0.262416,0.0538372,0.0,0.0,0.0,0.0
0.255531,0.261989,0.00961638,0.0,0.0,0.0,0.0
0.256266,0.260817,0.00912956,0.0,0.0,0.0,0.0
0.257318,0.260209,0.0094448,0.0,0.0,0.0,0.0
0.257744,0.260426,0.0100264,0.0,0.0,0.0,0.0
0.255808,0.262306,0.010019,0.0,0.0,0.0,0.0
0.254592,0.264384,0.0089682,0.0,0.0,0.0,0.0
0.254861,0.262689,0.00922065,0.0,0.0,0.0,0.0
0.254653,0.264814,0.00971714,0.0,0.0,0.0,0.0
0.25786,0.263266,0.0122096,0.0,0.0,0.0,0.0
0.25734,0.264205,0.0125048,0.0,0.0,0.0,0.0
0.256281,0.264784,0.0121467,0.0,0.0,0.0,0.0
0.255968,0.264334,0.0113881,0.0,0.0,0.0,0.0
0.257853,0.262482,0.0114459,0.0,0.0,0.0,0.0
0.255819,0.278283,0.0111027,0.0,0.0,0.0,0.0
0.255617,0.276997,0.0109039,0.0,0.0,0.0,0.0
0.254824,0.276418,0.0111321,0.0,0.0,0.0,0.0
0.25734,0.280676,0.0118657,0.0,0.0,0.0,0.0
0.257832,0.280466,0.0111684,0.0,0.0,0.0,0.0
0.255012,0.269258,0.0143917,0.0,0.0,0.0,0.0
0.2558,0.268242,0.0144109,0.0,0.0,0.0,0.0
0.255857,0.268651,0.0152179,0.0,0.0,0.0,0.0
0.255506,0.269957,0.0155781,0.0,0.0,0.0,0.0
0.262519,0.263964,0.0133319,0.0,0.0,0.0,0.0
0.260932,0.263968,0.0133323,0.0,0.0,0.0,0.0
0.260933,0.262847,0.0121837,0.0,0.0,0.0,0.0
0.262512,0.262849,0.0121849,0.0,0.0,0.0,0.0
0.256562,0.268741,0.015898,0.0,0.0,0.0,0.0
0.255726,0.270552,0.0161184,0.0,0.0,0.0,0.0
0.26407,0.26288,0.0121982,0.0,0.0,0.0,0.0
0.26402,0.263382,0.0127029,0.0,0.0,0.0,0.0
0.264122,0.263966,0.013359,0.0,0.0,0.0,0.0
0.268983,0.267824,0.0152763,0.0,0.0,0.0,0.0
0.269323,0.26783,0.014469,0.0,0.0,0.0,0.0
0.270417,0.268874,0.0143411,0.0,0.0,0.0,0.0
0.271147,0.269656,0.0146752,0.0,0.0,0.0,0.0
0.271063,0.269716,0.0152295,0.0,0.0,0.0,0.0
0.267261,0.268775,0.0181682,0.0,0.0,0.0,0.0
0.267231,0.268026,0.0174422,0.0,0.0,0.0,0.0
0.268617,0.26885,0.0171926,0.0,0.0,0.0,0.0
0.267867,0.267623,0.0154881,0.0,0.0,0.0,0.0
0.268941,0.268285,0.0159265,0.0,0.0,0.0,0.0
0.267755,0.267735,0.0159491,0.0,0.0,0.0,0.0
0.270549,0.27015,0.0172544,0.0,0.0,0.0,0.0
0.270181,0.270537,0.0179348,0.0,0.0,0.0,0.0
0.270751,0.269971,0.0158399,0.0,0.0,0.0,0.0
0.26244,0.285767,0.0141186,0.0,0.0,0.0,0.0
0.261823,0.285024,0.0138127,0.0,0.0,0.0,0.0
0.260745,0.284765,0.0140836,0.0,0.0,0.0,0.0
0.260346,0.284845,0.0149885,0.0,0.0,0.0,0.0
0.261284,0.285701,0.0149739,0.0,0.0,0.0,0.0
0.262552,0.285919,0.0149881,0.0,0.0,0.0,0.0
0.257221,0.280744,0.0126589,0.0,0.0,0.0,0.0
0.255749,0.276352,0.0161309,0.0,0.0,0.0,0.0
0.25614,0.278036,0.0156857,0.0,0.0,0.0,0.0
0.260365,0.28479,0.0159268,0.0,0.0,0.0,0.0
0.262496,0.285994,0.015755,0.0,0.0,0.0,0.0
0.268751,0.286239,0.0125508,0.0,0.0,0.0,0.0
0.275656,0.277777,0.0156489,0.0,0.0,0.0,0.0
0.275252,0.276227,0.0156358,0.0,0.0,0.0,0.0
0.27481,0.276455,0.0149593,0.0,0.0,0.0,0.0
0.263564,0.286839,0.015771,0.0,0.0,0.0,0.0
0.263856,0.286763,0.0148646,0.0,0.0,0.0,0.0
0.276481,0.285896,0.0148115,0.0,0.0,0.0,0.0
0.276536,0.284069,0.0148371,0.0,0.0,0.0,0.0
0.275442,0.28407,0.0136965,0.0,0.0,0.0,0.0
0.275342,0.285954,0.0137364,0.0,0.0,0.0,0.0
0.275692,0.276118,0.0171369,0.0,0.0,0.0,0.0
0.275788,0.277506,0.0169341,0.0,0.0,0.0,0.0
0.276569,0.278017,0.0172555,0.0,0.0,0.0,0.0
0.276955,0.285961,0.0153657,0.0,0.0,0.0,0.0
0.277007,0.284076,0.0154015,0.0,0.0,0.0,0.0
0.276402,0.280313,0.0147871,0.0,0.0,0.0,0.0
0.276813,0.280373,0.0156887,0.0,0.0,0.0,0.0
0.26819,0.288809,0.0173257,0.0,0.0,0.0,0.0
0.266929,0.288328,0.0173892,0.0,0.0,0.0,0.0
0.268554,0.288712,0.0156373,0.0,0.0,0.0,0.0
0.26688,0.288465,0.0156816,0.0,0.0,0.0,0.0
0.269644,0.288949,0.0153336,0.0,0.0,0.0,0.0
0.270953,0.27151,0.0183222,0.0,0.0,0.0,0.0
0.270962,0.27154,0.0188297,0.0,0.0,0.0,0.0
0.267644,0.283923,0.0210253,0.0,0.0,0.0,0.0
0.268321,0.28456,0.0214848,0.0,0.0,0.0,0.0
0.268931,0.285771,0.020881,0.0,0.0,0.0,0.0
0.268296,0.286459,0.0205299,0.0,0.0,0.0,0.0
0.267185,0.285495,0.020435,0.0,0.0,0.0,0.0
0.267686,0.27824,0.0217241,0.0,0.0,0.0,0.0
0.266907,0.278238,0.0213091,0.0,0.0,0.0,0.0
0.266915,0.276298,0.0213142,0.0,0.0,0.0,0.0
0.2677,0.276301,0.0217199,0.0,0.0,0.0,0.0
0.268797,0.276301,0.0216117,0.0,0.0,0.0,0.0
0.268788,0.278242,0.02161,0.0,0.0,0.0,0.0
0.26983,0.278244,0.0222605,0.0,0.0,0.0,0.0
0.269842,0.276282,0.0222714,0.0,0.0,0.0,0.0
0.268858,0.272595,0.0217053,0.0,0.0,0.0,0.0
0.269362,0.2714,0.021672,0.0,0.0,0.0,0.0
0.270277,0.271307,0.021692,0.0,0.0,0.0,0.0
0.270405,0.272703,0.0216927,0.0,0.0,0.0,0.0
0.266918,0.280143,0.0213041,0.0,0.0,0.0,0.0
0.267684,0.28018,0.0217248,0.0,0.0,0.0,0.0
0.268794,0.280178,0.0216093,0.0,0.0,0.0,0.0
0.269826,0.280192,0.0222615,0.0,0.0,0.0,0.0
0.275233,0.278508,0.0239179,0.0,0.0,0.0,0.0
0.27484,0.280299,0.0242427,0.0,0.0,0.0,0.0
0.27321,0.280239,0.0236126,0.0,0.0,0.0,0.0
0.273506,0.27827,0.0236783,0.0,0.0,0.0,0.0
0.274656,0.277788,0.0235941,0.0,0.0,0.0,0.0
0.28138,0.284297,0.0187052,0.0,0.0,0.0,0.0
0.28077,0.284239,0.0180961,0.0,0.0,0.0,0.0
0.275029,0.276409,0.0236076,0.0,0.0,0.0,0.0
0.276806,0.275601,0.0236606,0.0,0.0,0.0,0.0
0.277177,0.277522,0.0213564,0.0,0.0,0.0,0.0
0.276493,0.276404,0.0217687,0.0,0.0,0.0,0.0
0.275513,0.275764,0.0214785,0.0,0.0,0.0,0.0
0.269635,0.288907,0.018449,0.0,0.0,0.0,0.0
0.269711,0.288795,0.0189788,0.0,0.0,0.0,0.0
0.269935,0.286373,0.0213113,0.0,0.0,0.0,0.0
0.270499,0.287252,0.0208802,0.0,0.0,0.0,0.0
0.270228,0.288405,0.020551,0.0,0.0,0.0,0.0
0.282849,0.294046,0.0206858,0.0,0.0,0.0,0.0
0.282866,0.292293,0.0197581,0.0,0.0,0.0,0.0
0.28593,0.293927,0.0206555,0.0,0.0,0.0,0.0
0.287463,0.293498,0.0206878,0.0,0.0,0.0,0.0
0.287913,0.291794,0.0203613,0.0,0.0,0.0,0.0
0.279659,0.2942,0.0215555,0.0,0.0,0.0,0.0
0.280915,0.294149,0.0216406,0.0,0.0,0.0,0.0
0.27905,0.294394,0.0233873,0.0,0.0,0.0,0.0
0.279407,0.29402,0.0240461,0.0,0.0,0.0,0.0
0.280232,0.29499,0.0239498,0.0,0.0,0.0,0.0
0.281093,0.295854,0.0239654,0.0,0.0,0.0,0.0
0.280779,0.296178,0.0232513,0.0,0.0,0.0,0.0
0.28891,0.294991,0.0207754,0.0,0.0,0.0,0.0
0.287499,0.294845,0.0212841,0.0,0.0,0.0,0.0
0.2875,0.295919,0.0217115,0.0,0.0,0.0,0.0
0.289022,0.295948,0.0214821,0.0,0.0,0.0,0.0
0.293755,0.295736,0.0231248,0.0,0.0,0.0,0.0
0.294212,0.295201,0.0237176,0.0,0.0,0.0,0.0
0.292356,0.293826,0.0232331,0.0,0.0,0.0,0.0
0.292968,0.294951,0.0226432,0.0,0.0,0.0,0.0
0.292196,0.303927,0.0237485,0.0,0.0,0.0,0.0
0.29376,0.30401,0.0234875,0.0,0.0,0.0,0.0
0.293715,0.3034,0.0227073,0.0,0.0,0.0,0.0
0.292224,0.30297,0.0234265,0.0,0.0,0.0,0.0
0.295325,0.303887,0.0234468,0.0,0.0,0.0,0.0
0.295306,0.302878,0.0227149,0.0,0.0,0.0,0.0
0.28761,0.288174,0.0267572,0.0,0.0,0.0,0.0
0.286369,0.286601,0.0267175,0.0,0.0,0.0,0.0
0.285657,0.293698,0.0267592,0.0,0.0,0.0,0.0
0.285623,0.291805,0.0267593,0.0,0.0,0.0,0.0
0.281397,0.295444,0.0246797,0.0,0.0,0.0,0.0
0.28041,0.294738,0.0243789,0.0,0.0,0.0,0.0
0.286592,0.299523,0.0267718,0.0,0.0,0.0,0.0
0.285937,0.299526,0.0264205,0.0,0.0,0.0,0.0
0.28749,0.295594,0.0267216,0.0,0.0,0.0,0.0
0.286937,0.296116,0.026698,0.0,0.0,0.0,0.0
0.285918,0.295595,0.0267462,0.0,0.0,0.0,0.0
0.294443,0.29493,0.024135,0.0,0.0,0.0,0.0
0.288737,0.29568,0.0271617,0.0,0.0,0.0,0.0
0.300288,0.301559,0.0267228,0.0,0.0,0.0,0.0
0.300064,0.299613,0.0268204,0.0,0.0,0.0,0.0
0.299065,0.299028,0.0265911,0.0,0.0,0.0,0.0
0.298747,0.299547,0.0261474,0.0,0.0,0.0,0.0
0.298909,0.301018,0.02589,0.0,0.0,0.0,0.0
0.299677,0.301599,0.0260815,0.0,0.0,0.0,0.0
0.293681,0.291834,0.0277244,0.0,0.0,0.0,0.0
0.293755,0.293738,0.0277953,0.0,0.0,0.0,0.0
0.292165,0.293699,0.027718,0.0,0.0,0.0,0.0
0.292195,0.291819,0.027704,0.0,0.0,0.0,0.0
0.295004,0.293341,0.0277138,0.0,0.0,0.0,0.0
0.293434,0.295251,0.0278209,0.0,0.0,0.0,0.0
0.292248,0.295741,0.0276961,0.0,0.0,0.0,0.0
0.299684,0.294564,0.0269167,0.0,0.0,0.0,0.0
0.299627,0.295856,0.027012,0.0,0.0,0.0,0.0
0.300012,0.29587,0.0276345,0.0,0.0,0.0,0.0
0.299852,0.294375,0.027636,0.0,0.0,0.0,0.0
0.300598,0.299008,0.0272238,0.0,0.0,0.0,0.0
0.301632,0.301623,0.0278648,0.0,0.0,0.0,0.0
0.301222,0.299694,0.0276542,0.0,0.0,0.0,0.0
0.293753,0.311115,0.0261521,0.0,0.0,0.0,0.0
0.29332,0.309787,0.0258918,0.0,0.0,0.0,0.0
0.292797,0.310458,0.0270484,0.0,0.0,0.0,0.0
0.293328,0.311561,0.026919,0.0,0.0,0.0,0.0
0.300047,0.317332,0.0266961,0.0,0.0,0.0,0.0
0.300068,0.316473,0.026092,0.0,0.0,0.0,0.0
0.299587,0.315531,0.025861,0.0,0.0,0.0,0.0
0.298406,0.315426,0.0259825,0.0,0.0,0.0,0.0
0.297969,0.315692,0.026545,0.0,0.0,0.0,0.0
0.298466,0.316979,0.0268152,0.0,0.0,0.0,0.0
0.291762,0.309332,0.0279783,0.0,0.0,0.0,0.0
0.29165,0.307338,0.028014,0.0,0.0,0.0,0.0
0.292767,0.310478,0.0277396,0.0,0.0,0.0,0.0
0.29306,0.311722,0.0278381,0.0,0.0,0.0,0.0
0.302109,0.310684,0.0265996,0.0,0.0,0.0,0.0
0.301801,0.311218,0.0261705,0.0,0.0,0.0,0.0
0.306877,0.31654,0.0297726,0.0,0.0,0.0,0.0
0.306696,0.317069,0.0290351,0.0,0.0,0.0,0.0
0.297939,0.317579,0.0272746,0.0,0.0,0.0,0.0
0.298529,0.31882,0.0276742,0.0,0.0,0.0,0.0
0.299893,0.319462,0.0271935,0.0,0.0,0.0,0.0
0.306634,0.31893,0.0290108,0.0,0.0,0.0,0.0
0.307629,0.31906,0.0299982,0.0,0.0,0.0,0.0
0.307868,0.32476,0.0293111,0.0,0.0,0.0,0.0
0.308246,0.324252,0.0296864,0.0,0.0,0.0,0.0
0.308215,0.322771,0.0296775,0.0,0.0,0.0,0.0
0.30772,0.322821,0.0291463,0.0,0.0,0.0,0.0
0.304673,0.327085,0.0297012,0.0,0.0,0.0,0.0
0.305847,0.327239,0.0296913,0.0,0.0,0.0,0.0
0.306283,0.326798,0.0291779,0.0,0.0,0.0,0.0
0.304748,0.326156,0.0291374,0.0,0.0,0.0,0.0
0.300063,0.307404,0.0307259,0.0,0.0,0.0,0.0
0.299701,0.308868,0.0307846,0.0,0.0,0.0,0.0
0.298497,0.309319,0.0307203,0.0,0.0,0.0,0.0
0.298473,0.307431,0.0307376,0.0,0.0,0.0,0.0
0.29973,0.317052,0.0331452,0.0,0.0,0.0,0.0
0.298759,0.317108,0.0322024,0.0,0.0,0.0,0.0
0.298859,0.315642,0.0323929,0.0,0.0,0.0,0.0
0.29964,0.314628,0.0323717,0.0,0.0,0.0,0.0
0.299863,0.315086,0.0331544,0.0,0.0,0.0,0.0
0.307882,0.309299,0.032349,0.0,0.0,0.0,0.0
0.308211,0.308689,0.0327272,0.0,0.0,0.0,0.0
0.308174,0.307286,0.0326354,0.0,0.0,0.0,0.0
0.307709,0.307399,0.0321381,0.0,0.0,0.0,0.0
0.306948,0.316384,0.030327,0.0,0.0,0.0,0.0
0.306873,0.314958,0.0303017,0.0,0.0,0.0,0.0
0.305729,0.311315,0.0300833,0.0,0.0,0.0,0.0
0.3064,0.311285,0.030775,0.0,0.0,0.0,0.0
0.305182,0.310711,0.0296898,0.0,0.0,0.0,0.0
0.304558,0.306751,0.0332483,0.0,0.0,0.0,0.0
0.305655,0.306512,0.0333673,0.0,0.0,0.0,0.0
0.305667,0.306527,0.0338627,0.0,0.0,0.0,0.0
0.304578,0.307224,0.0338476,0.0,0.0,0.0,0.0
0.305638,0.306507,0.0352043,0.0,0.0,0.0,0.0
0.304707,0.307449,0.0352374,0.0,0.0,0.0,0.0
0.31285,0.3092,0.0357825,0.0,0.0,0.0,0.0
0.313016,0.307276,0.0355561,0.0,0.0,0.0,0.0
0.312537,0.307362,0.0349507,0.0,0.0,0.0,0.0
0.31286,0.311151,0.0358412,0.0,0.0,0.0,0.0
0.299709,0.318893,0.033118,0.0,0.0,0.0,0.0
0.298731,0.318874,0.0321885,0.0,0.0,0.0,0.0
0.311403,0.324732,0.0317928,0.0,0.0,0.0,0.0
0.312638,0.324747,0.0328833,0.0,0.0,0.0,0.0
0.312482,0.322855,0.0329168,0.0,0.0,0.0,0.0
0.311328,0.322836,0.0318584,0.0,0.0,0.0,0.0
0.306347,0.331947,0.0322985,0.0,0.0,0.0,0.0
0.305688,0.331266,0.0317264,0.0,0.0,0.0,0.0
0.304604,0.330933,0.0320481,0.0,0.0,0.0,0.0
0.304079,0.331162,0.0328001,0.0,0.0,0.0,0.0
0.306162,0.332947,0.032785,0.0,0.0,0.0,0.0
0.312449,0.332503,0.0329029,0.0,0.0,0.0,0.0
0.312624,0.330626,0.0319663,0.0,0.0,0.0,0.0
0.311903,0.332332,0.03227,0.0,0.0,0.0,0.0
0.31147,0.326614,0.0317928,0.0,0.0,0.0,0.0
0.312236,0.326693,0.0321927,0.0,0.0,0.0,0.0
0.307306,0.333188,0.0326175,0.0,0.0,0.0,0.0
0.307512,0.332882,0.0321141,0.0,0.0,0.0,0.0
0.301205,0.325135,0.0337575,0.0,0.0,0.0,0.0
0.300197,0.322654,0.0337451,0.0,0.0,0.0,0.0
0.312831,0.32477,0.0361458,0.0,0.0,0.0,0.0
0.312806,0.322815,0.0360921,0.0,0.0,0.0,0.0
0.312836,0.32281,0.035336,0.0,0.0,0.0,0.0
0.312822,0.324759,0.0353786,0.0,0.0,0.0,0.0
0.305738,0.332943,0.0360964,0.0,0.0,0.0,0.0
0.30565,0.333111,0.0353121,0.0,0.0,0.0,0.0
0.304322,0.330842,0.0352683,0.0,0.0,0.0,0.0
0.304549,0.330406,0.0359422,0.0,0.0,0.0,0.0
0.303746,0.331376,0.0336995,0.0,0.0,0.0,0.0
0.305639,0.333188,0.0336016,0.0,0.0,0.0,0.0
0.312706,0.326701,0.0353825,0.0,0.0,0.0,0.0
0.311963,0.326703,0.0359028,0.0,0.0,0.0,0.0
0.311317,0.33288,0.0318128,0.0,0.0,0.0,0.0
0.312224,0.334371,0.0327344,0.0,0.0,0.0,0.0
0.312823,0.334494,0.0336072,0.0,0.0,0.0,0.0
0.306578,0.334499,0.033671,0.0,0.0,0.0,0.0
0.307401,0.33499,0.0333491,0.0,0.0,0.0,0.0
0.307848,0.334492,0.0327964,0.0,0.0,0.0,0.0
0.229613,0.192645,0.0407735,0.0,0.0,0.0,0.0
0.230817,0.192576,0.0409015,0.0,0.0,0.0,0.0
0.231287,0.191644,0.0412474,0.0,0.0,0.0,0.0
0.231233,0.190855,0.0418451,0.0,0.0,0.0,0.0
0.229674,0.190944,0.0418657,0.0,0.0,0.0,0.0
0.232742,0.190503,0.041575,0.0,0.0,0.0,0.0
0.232765,0.191198,0.040984,0.0,0.0,0.0,0.0
0.24374,0.192983,0.0388079,0.0,0.0,0.0,0.0
0.243745,0.191121,0.0387551,0.0,0.0,0.0,0.0
0.243313,0.190627,0.0393273,0.0,0.0,0.0,0.0
0.242226,0.19119,0.0397725,0.0,0.0,0.0,0.0
0.241915,0.192733,0.0395758,0.0,0.0,0.0,0.0
0.242226,0.193076,0.0389057,0.0,0.0,0.0,0.0
0.264329,0.193011,0.0380695,0.0,0.0,0.0,0.0
0.264528,0.192462,0.0386964,0.0,0.0,0.0,0.0
0.264173,0.190935,0.0387239,0.0,0.0,0.0,0.0
0.263054,0.190377,0.0384893,0.0,0.0,0.0,0.0
0.262861,0.190656,0.0379535,0.0,0.0,0.0,0.0
0.263599,0.185855,0.0397398,0.0,0.0,0.0,0.0
0.26351,0.186005,0.0390671,0.0,0.0,0.0,0.0
0.264125,0.187182,0.0388255,0.0,0.0,0.0,0.0
0.264536,0.186642,0.0397422,0.0,0.0,0.0,0.0
0.220232,0.206168,0.0417703,0.0,0.0,0.0,0.0
0.218732,0.206475,0.0417608,0.0,0.0,0.0,0.0
0.219174,0.207111,0.040927,0.0,0.0,0.0,0.0
0.220313,0.206813,0.0410839,0.0,0.0,0.0,0.0
0.235864,0.199354,0.0387832,0.0,0.0,0.0,0.0
0.237465,0.198847,0.0387484,0.0,0.0,0.0,0.0
0.236928,0.198147,0.0390816,0.0,0.0,0.0,0.0
0.235873,0.198497,0.0396911,0.0,0.0,0.0,0.0
0.226073,0.201323,0.0408763,0.0,0.0,0.0,0.0
0.225326,0.201387,0.040839,0.0,0.0,0.0,0.0
0.225238,0.202699,0.0408418,0.0,0.0,0.0,0.0
0.226043,0.202284,0.0407946,0.0,0.0,0.0,0.0
0.238718,0.208023,0.0379694,0.0,0.0,0.0,0.0
0.238864,0.206581,0.0382224,0.0,0.0,0.0,0.0
0.23855,0.206028,0.0386446,0.0,0.0,0.0,0.0
0.237459,0.206596,0.038784,0.0,0.0,0.0,0.0
0.261088,0.208394,0.0384907,0.0,0.0,0.0,0.0
0.261428,0.208828,0.0388197,0.0,0.0,0.0,0.0
0.262526,0.208456,0.0387427,0.0,0.0,0.0,0.0
0.262823,0.207164,0.0387774,0.0,0.0,0.0,0.0
0.262425,0.206802,0.0383502,0.0,0.0,0.0,0.0
0.261381,0.207093,0.0379696,0.0,0.0,0.0,0.0
0.264627,0.202245,0.038729,0.0,0.0,0.0,0.0
0.264591,0.201178,0.0388282,0.0,0.0,0.0,0.0
0.264353,0.200729,0.0383216,0.0,0.0,0.0,0.0
0.264354,0.202736,0.0382525,0.0,0.0,0.0,0.0
0.268787,0.200734,0.0387034,0.0,0.0,0.0,0.0
0.270185,0.200732,0.0388508,0.0,0.0,0.0,0.0
0.270301,0.198823,0.0388231,0.0,0.0,0.0,0.0
0.268786,0.198792,0.0388654,0.0,0.0,0.0,0.0
0.268613,0.193735,0.0392533,0.0,0.0,0.0,0.0
0.268671,0.194998,0.0387299,0.0,0.0,0.0,0.0
0.269677,0.195094,0.0391596,0.0,0.0,0.0,0.0
0.269566,0.193955,0.0391889,0.0,0.0,0.0,0.0
0.269767,0.193747,0.039715,0.0,0.0,0.0,0.0
0.270164,0.195045,0.0396816,0.0,0.0,0.0,0.0
0.218377,0.224048,0.0407609,0.0,0.0,0.0,0.0
0.218374,0.222579,0.0408271,0.0,0.0,0.0,0.0
0.217384,0.222128,0.0407834,0.0,0.0,0.0,0.0
0.216691,0.222212,0.0414287,0.0,0.0,0.0,0.0
0.269856,0.223859,0.0382576,0.0,0.0,0.0,0.0
0.270334,0.224052,0.0388423,0.0,0.0,0.0,0.0
0.270761,0.222233,0.0387265,0.0,0.0,0.0,0.0
0.270543,0.222164,0.0379847,0.0,0.0,0.0,0.0
0.270822,0.224077,0.039599,0.0,0.0,0.0,0.0
0.270822,0.222173,0.0394456,0.0,0.0,0.0,0.0
0.219806,0.226555,0.0415626,0.0,0.0,0.0,0.0
0.21999,0.226297,0.041036,0.0,0.0,0.0,0.0
0.236862,0.232513,0.0384498,0.0,0.0,0.0,0.0
0.237037,0.232215,0.0379302,0.0,0.0,0.0,0.0
0.23592,0.231277,0.0381138,0.0,0.0,0.0,0.0
0.235856,0.232153,0.0387808,0.0,0.0,0.0,0.0
0.231267,0.233596,0.0411706,0.0,0.0,0.0,0.0
0.230668,0.232486,0.0406814,0.0,0.0,0.0,0.0
0.229576,0.232211,0.040828,0.0,0.0,0.0,0.0
0.229725,0.233839,0.0420312,0.0,0.0,0.0,0.0
0.230865,0.23407,0.0417444,0.0,0.0,0.0,0.0
0.235828,0.233713,0.0387972,0.0,0.0,0.0,0.0
0.237448,0.233708,0.0388164,0.0,0.0,0.0,0.0
0.238565,0.234306,0.0385669,0.0,0.0,0.0,0.0
0.238977,0.234082,0.0379071,0.0,0.0,0.0,0.0
0.248402,0.23944,0.03811,0.0,0.0,0.0,0.0
0.243729,0.238931,0.0390548,0.0,0.0,0.0,0.0
0.24282,0.238658,0.039199,0.0,0.0,0.0,0.0
0.242724,0.238827,0.0397492,0.0,0.0,0.0,0.0
0.24388,0.239047,0.0397471,0.0,0.0,0.0,0.0
0.242138,0.237612,0.0388361,0.0,0.0,0.0,0.0
0.241686,0.238242,0.0396998,0.0,0.0,0.0,0.0
0.24517,0.2398,0.0397901,0.0,0.0,0.0,0.0
0.245245,0.239198,0.0387525,0.0,0.0,0.0,0.0
0.256242,0.231698,0.0417834,0.0,0.0,0.0,0.0
0.256262,0.230487,0.0426276,0.0,0.0,0.0,0.0
0.25739,0.230452,0.0424821,0.0,0.0,0.0,0.0
0.257878,0.231592,0.0419023,0.0,0.0,0.0,0.0
0.256244,0.233005,0.0418908,0.0,0.0,0.0,0.0
0.254697,0.23301,0.0418063,0.0,0.0,0.0,0.0
0.254647,0.231636,0.0421218,0.0,0.0,0.0,0.0
0.256164,0.233892,0.0411936,0.0,0.0,0.0,0.0
0.254688,0.234081,0.041801,0.0,0.0,0.0,0.0
0.262481,0.237504,0.039824,0.0,0.0,0.0,0.0
0.260891,0.23932,0.0398266,0.0,0.0,0.0,0.0
0.260907,0.237681,0.0397556,0.0,0.0,0.0,0.0
0.262501,0.234083,0.0417488,0.0,0.0,0.0,0.0
0.260929,0.234088,0.0417658,0.0,0.0,0.0,0.0
0.260943,0.23196,0.0420913,0.0,0.0,0.0,0.0
0.257798,0.233016,0.0418548,0.0,0.0,0.0,0.0
0.257812,0.234087,0.0415204,0.0,0.0,0.0,0.0
0.263934,0.237505,0.0395938,0.0,0.0,0.0,0.0
0.268727,0.231682,0.0388287,0.0,0.0,0.0,0.0
0.269053,0.232103,0.0395241,0.0,0.0,0.0,0.0
0.269817,0.23159,0.0397199,0.0,0.0,0.0,0.0
0.269677,0.231011,0.0390826,0.0,0.0,0.0,0.0
0.269677,0.229744,0.0391512,0.0,0.0,0.0,0.0
0.268696,0.229833,0.0387638,0.0,0.0,0.0,0.0
0.269917,0.229797,0.0398134,0.0,0.0,0.0,0.0
0.269805,0.225959,0.0418896,0.0,0.0,0.0,0.0
0.270428,0.223974,0.0419448,0.0,0.0,0.0,0.0
0.270612,0.224385,0.0412592,0.0,0.0,0.0,0.0
0.269711,0.226027,0.0412614,0.0,0.0,0.0,0.0
0.269804,0.225959,0.038932,0.0,0.0,0.0,0.0
0.269729,0.225942,0.039808,0.0,0.0,0.0,0.0
0.269189,0.230345,0.0426205,0.0,0.0,0.0,0.0
0.269873,0.229784,0.0421515,0.0,0.0,0.0,0.0
0.270633,0.229869,0.0413973,0.0,0.0,0.0,0.0
0.270243,0.231648,0.0413574,0.0,0.0,0.0,0.0
0.26868,0.233098,0.0397799,0.0,0.0,0.0,0.0
0.267282,0.231736,0.0388282,0.0,0.0,0.0,0.0
0.267219,0.233538,0.0390399,0.0,0.0,0.0,0.0
0.267544,0.234021,0.0397305,0.0,0.0,0.0,0.0
0.263905,0.23763,0.0397863,0.0,0.0,0.0,0.0
0.250201,0.240758,0.0396603,0.0,0.0,0.0,0.0
0.261965,0.240716,0.0381949,0.0,0.0,0.0,0.0
0.26085,0.240712,0.0382501,0.0,0.0,0.0,0.0
0.260797,0.241297,0.0388626,0.0,0.0,0.0,0.0
0.257826,0.241255,0.0380943,0.0,0.0,0.0,0.0
0.251514,0.241361,0.0398089,0.0,0.0,0.0,0.0
0.25473,0.241787,0.0398809,0.0,0.0,0.0,0.0
0.260832,0.240733,0.0398695,0.0,0.0,0.0,0.0
0.312737,0.3112,0.0366501,0.0,0.0,0.0,0.0
0.312754,0.30913,0.0367362,0.0,0.0,0.0,0.0
0.31285,0.317008,0.0390752,0.0,0.0,0.0,0.0
0.312859,0.315093,0.039058,0.0,0.0,0.0,0.0
0.312801,0.315084,0.0382527,0.0,0.0,0.0,0.0
0.312803,0.317004,0.038257,0.0,0.0,0.0,0.0
0.312143,0.309412,0.0419581,0.0,0.0,0.0,0.0
0.311875,0.308023,0.0419944,0.0,0.0,0.0,0.0
0.311098,0.307014,0.0419352,0.0,0.0,0.0,0.0
0.31149,0.306761,0.0416372,0.0,0.0,0.0,0.0
0.31197,0.307388,0.0412152,0.0,0.0,0.0,0.0
0.312759,0.309274,0.0414765,0.0,0.0,0.0,0.0
0.312369,0.317005,0.0397594,0.0,0.0,0.0,0.0
0.312368,0.315072,0.039749,0.0,0.0,0.0,0.0
0.312753,0.311225,0.0414192,0.0,0.0,0.0,0.0
0.31217,0.311195,0.041941,0.0,0.0,0.0,0.0
0.313813,0.310517,0.0390315,0.0,0.0,0.0,0.0
0.313765,0.310467,0.03825,0.0,0.0,0.0,0.0
0.313377,0.311694,0.0382255,0.0,0.0,0.0,0.0
0.312935,0.311537,0.0390044,0.0,0.0,0.0,0.0
0.312466,0.30201,0.039019,0.0,0.0,0.0,0.0
0.313575,0.302267,0.0390231,0.0,0.0,0.0,0.0
0.313814,0.302112,0.0396916,0.0,0.0,0.0,0.0
0.312421,0.301361,0.0397334,0.0,0.0,0.0,0.0
0.313635,0.303574,0.038962,0.0,0.0,0.0,0.0
0.313871,0.303581,0.0397461,0.0,0.0,0.0,0.0
0.313613,0.309097,0.0395668,0.0,0.0,0.0,0.0
0.313634,0.307328,0.0395721,0.0,0.0,0.0,0.0
0.312969,0.309226,0.0399984,0.0,0.0,0.0,0.0
0.313021,0.307401,0.0400516,0.0,0.0,0.0,0.0
0.313572,0.310314,0.0395493,0.0,0.0,0.0,0.0
0.312808,0.311111,0.0397493,0.0,0.0,0.0,0.0
0.30487,0.330616,0.0368116,0.0,0.0,0.0,0.0
0.30558,0.331248,0.037095,0.0,0.0,0.0,0.0
0.305832,0.332521,0.0368696,0.0,0.0,0.0,0.0
0.311715,0.326717,0.0366926,0.0,0.0,0.0,0.0
0.31238,0.32475,0.0367852,0.0,0.0,0.0,0.0
0.311959,0.331888,0.0391985,0.0,0.0,0.0,0.0
0.312079,0.330463,0.0389798,0.0,0.0,0.0,0.0
0.312715,0.330603,0.0384825,0.0,0.0,0.0,0.0
0.312307,0.332581,0.0386062,0.0,0.0,0.0,0.0
0.311403,0.333118,0.0388455,0.0,0.0,0.0,0.0
0.311818,0.324728,0.0390424,0.0,0.0,0.0,0.0
0.311791,0.324744,0.0382923,0.0,0.0,0.0,0.0
0.311765,0.32674,0.0382718,0.0,0.0,0.0,0.0
0.311774,0.326705,0.0389664,0.0,0.0,0.0,0.0
0.301188,0.325041,0.039686,0.0,0.0,0.0,0.0
0.301368,0.324614,0.0389989,0.0,0.0,0.0,0.0
0.300779,0.323527,0.0384906,0.0,0.0,0.0,0.0
0.300207,0.322771,0.038847,0.0,0.0,0.0,0.0
0.299703,0.322701,0.0396433,0.0,0.0,0.0,0.0
0.312852,0.318936,0.0390801,0.0,0.0,0.0,0.0
0.312306,0.318941,0.039755,0.0,0.0,0.0,0.0
0.311932,0.324672,0.0397111,0.0,0.0,0.0,0.0
0.312354,0.322836,0.0398194,0.0,0.0,0.0,0.0
0.312191,0.322781,0.0390617,0.0,0.0,0.0,0.0
0.310911,0.330469,0.0401182,0.0,0.0,0.0,0.0
0.311898,0.32664,0.0397555,0.0,0.0,0.0,0.0
0.306812,0.331739,0.0397912,0.0,0.0,0.0,0.0
0.307918,0.332104,0.0397742,0.0,0.0,0.0,0.0
0.307931,0.332731,0.0391139,0.0,0.0,0.0,0.0
0.305632,0.33117,0.0391312,0.0,0.0,0.0,0.0
0.305921,0.330894,0.0398625,0.0,0.0,0.0,0.0
0.307819,0.33476,0.0368672,0.0,0.0,0.0,0.0
0.307377,0.334984,0.0361683,0.0,0.0,0.0,0.0
0.204791,0.190949,0.0482407,0.0,0.0,0.0,0.0
0.204181,0.19251,0.0481345,0.0,0.0,0.0,0.0
0.218283,0.184686,0.0444585,0.0,0.0,0.0,0.0
0.220295,0.18489,0.0438836,0.0,0.0,0.0,0.0
0.220363,0.183091,0.0448632,0.0,0.0,0.0,0.0
0.218811,0.183959,0.0449247,0.0,0.0,0.0,0.0
0.224599,0.18279,0.0440004,0.0,0.0,0.0,0.0
0.224404,0.182521,0.0444289,0.0,0.0,0.0,0.0
0.223283,0.182654,0.0444503,0.0,0.0,0.0,0.0
0.223326,0.183208,0.0439163,0.0,0.0,0.0,0.0
0.217165,0.185103,0.0448365,0.0,0.0,0.0,0.0
0.218772,0.191644,0.0418668,0.0,0.0,0.0,0.0
0.218784,0.190755,0.0427116,0.0,0.0,0.0,0.0
0.217353,0.191259,0.0428727,0.0,0.0,0.0,0.0
0.2203,0.191097,0.0417971,0.0,0.0,0.0,0.0
0.219757,0.190396,0.0420658,0.0,0.0,0.0,0.0
0.218634,0.182803,0.0452536,0.0,0.0,0.0,0.0
0.21714,0.18284,0.0452065,0.0,0.0,0.0,0.0
0.217105,0.183773,0.0448178,0.0,0.0,0.0,0.0
0.213844,0.183043,0.0474394,0.0,0.0,0.0,0.0
0.213968,0.184782,0.0483482,0.0,0.0,0.0,0.0
0.212627,0.185173,0.0478657,0.0,0.0,0.0,0.0
0.211839,0.184429,0.0475738,0.0,0.0,0.0,0.0
0.219751,0.182578,0.0450198,0.0,0.0,0.0,0.0
0.237628,0.182679,0.0474212,0.0,0.0,0.0,0.0
0.236412,0.182642,0.0482619,0.0,0.0,0.0,0.0
0.23658,0.182374,0.0477514,0.0,0.0,0.0,0.0
0.244962,0.183608,0.0451124,0.0,0.0,0.0,0.0
0.244924,0.183645,0.0442245,0.0,0.0,0.0,0.0
0.245881,0.184409,0.0442367,0.0,0.0,0.0,0.0
0.245884,0.184409,0.0451815,0.0,0.0,0.0,0.0
0.249365,0.186156,0.0447344,0.0,0.0,0.0,0.0
0.250019,0.187198,0.0450683,0.0,0.0,0.0,0.0
0.249035,0.186559,0.0454036,0.0,0.0,0.0,0.0
0.24845,0.18575,0.0450628,0.0,0.0,0.0,0.0
0.249531,0.185871,0.0442735,0.0,0.0,0.0,0.0
0.250353,0.186807,0.0443122,0.0,0.0,0.0,0.0
0.243758,0.183926,0.0456939,0.0,0.0,0.0,0.0
0.242253,0.183694,0.045843,0.0,0.0,0.0,0.0
0.24379,0.185201,0.0458488,0.0,0.0,0.0,0.0
0.242638,0.184731,0.0459873,0.0,0.0,0.0,0.0
0.238995,0.183493,0.0473038,0.0,0.0,0.0,0.0
0.244789,0.183964,0.0458165,0.0,0.0,0.0,0.0
0.245392,0.185248,0.0458442,0.0,0.0,0.0,0.0
0.244229,0.186423,0.0460322,0.0,0.0,0.0,0.0
0.245111,0.186567,0.0458093,0.0,0.0,0.0,0.0
0.257793,0.19269,0.0428514,0.0,0.0,0.0,0.0
0.256853,0.192324,0.0433439,0.0,0.0,0.0,0.0
0.256272,0.19116,0.0428525,0.0,0.0,0.0,0.0
0.257817,0.191093,0.0428527,0.0,0.0,0.0,0.0
0.200851,0.19837,0.0472075,0.0,0.0,0.0,0.0
0.200714,0.198618,0.0482064,0.0,0.0,0.0,0.0
0.200782,0.200094,0.0483986,0.0,0.0,0.0,0.0
0.200124,0.200775,0.0480963,0.0,0.0,0.0,0.0
0.200129,0.200897,0.0472421,0.0,0.0,0.0,0.0
0.204589,0.193033,0.0455414,0.0,0.0,0.0,0.0
0.204282,0.194531,0.0455136,0.0,0.0,0.0,0.0
0.204602,0.194978,0.0448328,0.0,0.0,0.0,0.0
0.206273,0.19307,0.0448381,0.0,0.0,0.0,0.0
0.205658,0.192413,0.0452024,0.0,0.0,0.0,0.0
0.256691,0.200732,0.0453949,0.0,0.0,0.0,0.0
0.25655,0.198837,0.0452617,0.0,0.0,0.0,0.0
0.258263,0.202151,0.0446563,0.0,0.0,0.0,0.0
0.257796,0.202734,0.0448645,0.0,0.0,0.0,0.0
0.256737,0.202676,0.0453416,0.0,0.0,0.0,0.0
0.256748,0.208488,0.0453459,0.0,0.0,0.0,0.0
0.256762,0.20655,0.0453265,0.0,0.0,0.0,0.0
0.257781,0.206559,0.0447885,0.0,0.0,0.0,0.0
0.257771,0.208477,0.0447869,0.0,0.0,0.0,0.0
0.255992,0.200758,0.0459577,0.0,0.0,0.0,0.0
0.255125,0.200239,0.0459873,0.0,0.0,0.0,0.0
0.255065,0.198725,0.0459967,0.0,0.0,0.0,0.0
0.256203,0.202718,0.045893,0.0,0.0,0.0,0.0
0.256212,0.20844,0.0459001,0.0,0.0,0.0,0.0
0.256231,0.206541,0.0458776,0.0,0.0,0.0,0.0
0.262953,0.202146,0.0430517,0.0,0.0,0.0,0.0
0.264093,0.202667,0.0428691,0.0,0.0,0.0,0.0
0.268755,0.206569,0.0428155,0.0,0.0,0.0,0.0
0.26726,0.206556,0.0428182,0.0,0.0,0.0,0.0
0.268749,0.202709,0.0428272,0.0,0.0,0.0,0.0
0.267196,0.202697,0.0428214,0.0,0.0,0.0,0.0
0.270295,0.208529,0.0428278,0.0,0.0,0.0,0.0
0.270295,0.206586,0.0428171,0.0,0.0,0.0,0.0
0.270288,0.200852,0.042837,0.0,0.0,0.0,0.0
0.270289,0.202748,0.0428177,0.0,0.0,0.0,0.0
0.204383,0.216726,0.0447521,0.0,0.0,0.0,0.0
0.204736,0.218184,0.0447943,0.0,0.0,0.0,0.0
0.205686,0.218757,0.0444986,0.0,0.0,0.0,0.0
0.211348,0.21814,0.0418,0.0,0.0,0.0,0.0
0.21097,0.216221,0.0419428,0.0,0.0,0.0,0.0
0.210567,0.216735,0.0426158,0.0,0.0,0.0,0.0
0.210611,0.218213,0.0424892,0.0,0.0,0.0,0.0
0.201006,0.216806,0.0476133,0.0,0.0,0.0,0.0
0.201135,0.216307,0.0470143,0.0,0.0,0.0,0.0
0.201139,0.214774,0.0469661,0.0,0.0,0.0,0.0
0.200649,0.214124,0.0473659,0.0,0.0,0.0,0.0
0.206547,0.223951,0.0455428,0.0,0.0,0.0,0.0
0.207276,0.224531,0.0451138,0.0,0.0,0.0,0.0
0.207798,0.223947,0.0447616,0.0,0.0,0.0,0.0
0.205835,0.222512,0.0455042,0.0,0.0,0.0,0.0
0.255964,0.215945,0.0448359,0.0,0.0,0.0,0.0
0.2561,0.214271,0.0449492,0.0,0.0,0.0,0.0
0.258233,0.214345,0.0448257,0.0,0.0,0.0,0.0
0.257918,0.216117,0.044207,0.0,0.0,0.0,0.0
0.257212,0.216118,0.044837,0.0,0.0,0.0,0.0
0.257745,0.210356,0.0448226,0.0,0.0,0.0,0.0
0.256744,0.210431,0.0454159,0.0,0.0,0.0,0.0
0.256148,0.218131,0.04484,0.0,0.0,0.0,0.0
0.254796,0.218214,0.0452383,0.0,0.0,0.0,0.0
0.254953,0.216651,0.0449689,0.0,0.0,0.0,0.0
0.257079,0.217352,0.0447914,0.0,0.0,0.0,0.0
0.25726,0.218004,0.0440772,0.0,0.0,0.0,0.0
0.256613,0.218638,0.0445471,0.0,0.0,0.0,0.0
0.254585,0.216105,0.0456597,0.0,0.0,0.0,0.0
0.255055,0.214249,0.0460331,0.0,0.0,0.0,0.0
0.255909,0.210382,0.0458692,0.0,0.0,0.0,0.0
0.252198,0.222677,0.045438,0.0,0.0,0.0,0.0
0.251839,0.223994,0.0451906,0.0,0.0,0.0,0.0
0.251254,0.223943,0.0458488,0.0,0.0,0.0,0.0
0.25202,0.222198,0.0459762,0.0,0.0,0.0,0.0
0.270299,0.210467,0.0428249,0.0,0.0,0.0,0.0
0.27031,0.216273,0.0428231,0.0,0.0,0.0,0.0
0.270307,0.214339,0.0428318,0.0,0.0,0.0,0.0
0.268744,0.222066,0.0428329,0.0,0.0,0.0,0.0
0.267208,0.222076,0.0428311,0.0,0.0,0.0,0.0
0.268774,0.218203,0.0428309,0.0,0.0,0.0,0.0
0.267237,0.218207,0.0428335,0.0,0.0,0.0,0.0
0.270878,0.222684,0.0426037,0.0,0.0,0.0,0.0
0.269768,0.22403,0.0425031,0.0,0.0,0.0,0.0
0.270279,0.222046,0.0427955,0.0,0.0,0.0,0.0
0.270312,0.218198,0.042821,0.0,0.0,0.0,0.0
0.212047,0.230448,0.0469015,0.0,0.0,0.0,0.0
0.206579,0.231162,0.0480443,0.0,0.0,0.0,0.0
0.223392,0.231238,0.0418656,0.0,0.0,0.0,0.0
0.223425,0.231984,0.0426001,0.0,0.0,0.0,0.0
0.224562,0.232157,0.0425064,0.0,0.0,0.0,0.0
0.213662,0.232264,0.0468799,0.0,0.0,0.0,0.0
0.220231,0.233722,0.0447928,0.0,0.0,0.0,0.0
0.218873,0.233053,0.0449518,0.0,0.0,0.0,0.0
0.218773,0.23358,0.0456062,0.0,0.0,0.0,0.0
0.220271,0.23406,0.0456505,0.0,0.0,0.0,0.0
0.225019,0.233091,0.042751,0.0,0.0,0.0,0.0
0.226552,0.233497,0.04269,0.0,0.0,0.0,0.0
0.243786,0.233607,0.0443851,0.0,0.0,0.0,0.0
0.242385,0.234301,0.044634,0.0,0.0,0.0,0.0
0.242203,0.233142,0.0449794,0.0,0.0,0.0,0.0
0.245256,0.231608,0.044945,0.0,0.0,0.0,0.0
0.245744,0.232217,0.0446229,0.0,0.0,0.0,0.0
0.245204,0.23306,0.0441986,0.0,0.0,0.0,0.0
0.244501,0.230616,0.0475198,0.0,0.0,0.0,0.0
0.244437,0.230502,0.0471124,0.0,0.0,0.0,0.0
0.243528,0.231468,0.0471418,0.0,0.0,0.0,0.0
0.242051,0.231846,0.0473346,0.0,0.0,0.0,0.0
0.244509,0.230634,0.0462175,0.0,0.0,0.0,0.0
0.245353,0.230148,0.0458129,0.0,0.0,0.0,0.0
0.245731,0.230332,0.0452414,0.0,0.0,0.0,0.0
0.250033,0.225485,0.0458095,0.0,0.0,0.0,0.0
0.249951,0.226247,0.0450365,0.0,0.0,0.0,0.0
0.249083,0.22672,0.0455073,0.0,0.0,0.0,0.0
0.248925,0.226456,0.0459161,0.0,0.0,0.0,0.0
0.256245,0.225982,0.042787,0.0,0.0,0.0,0.0
0.256741,0.224715,0.0433369,0.0,0.0,0.0,0.0
0.257851,0.224449,0.0430156,0.0,0.0,0.0,0.0
0.25786,0.226084,0.0428301,0.0,0.0,0.0,0.0
0.260932,0.231088,0.0428214,0.0,0.0,0.0,0.0
0.260939,0.229656,0.0428175,0.0,0.0,0.0,0.0
0.251544,0.23361,0.042196,0.0,0.0,0.0,0.0
0.25032,0.232038,0.0429199,0.0,0.0,0.0,0.0
0.251542,0.23165,0.0427485,0.0,0.0,0.0,0.0
0.252112,0.232399,0.0426874,0.0,0.0,0.0,0.0
0.250591,0.224529,0.0462095,0.0,0.0,0.0,0.0
0.251256,0.225629,0.0447921,0.0,0.0,0.0,0.0
0.306146,0.284194,0.0478945,0.0,0.0,0.0,0.0
0.304617,0.283902,0.0478775,0.0,0.0,0.0,0.0
0.304674,0.285608,0.0468213,0.0,0.0,0.0,0.0
0.306124,0.285839,0.0471987,0.0,0.0,0.0,0.0
0.306531,0.285577,0.0477667,0.0,0.0,0.0,0.0
0.293453,0.299197,0.0447272,0.0,0.0,0.0,0.0
0.292251,0.299654,0.0448488,0.0,0.0,0.0,0.0
0.299916,0.295623,0.0438525,0.0,0.0,0.0,0.0
0.30113,0.295165,0.0438662,0.0,0.0,0.0,0.0
0.301569,0.29382,0.0440673,0.0,0.0,0.0,0.0
0.301171,0.293274,0.0448245,0.0,0.0,0.0,0.0
0.300009,0.293418,0.0448346,0.0,0.0,0.0,0.0
0.307288,0.294699,0.0448053,0.0,0.0,0.0,0.0
0.307321,0.295933,0.044836,0.0,0.0,0.0,0.0
0.306859,0.295815,0.0453134,0.0,0.0,0.0,0.0
0.307733,0.294298,0.0443024,0.0,0.0,0.0,0.0
0.307789,0.295912,0.0443735,0.0,0.0,0.0,0.0
0.306872,0.301393,0.045253,0.0,0.0,0.0,0.0
0.306856,0.299577,0.0452868,0.0,0.0,0.0,0.0
0.307753,0.299595,0.0443871,0.0,0.0,0.0,0.0
0.307748,0.301518,0.0443859,0.0,0.0,0.0,0.0
0.307661,0.2881,0.0471904,0.0,0.0,0.0,0.0
0.308215,0.287995,0.0477693,0.0,0.0,0.0,0.0
0.307387,0.286106,0.0479382,0.0,0.0,0.0,0.0
0.307705,0.29379,0.0472679,0.0,0.0,0.0,0.0
0.308199,0.293796,0.0477909,0.0,0.0,0.0,0.0
0.308186,0.291852,0.0477701,0.0,0.0,0.0,0.0
0.307733,0.291852,0.0472219,0.0,0.0,0.0,0.0
0.306714,0.295767,0.0457758,0.0,0.0,0.0,0.0
0.306886,0.301438,0.0455887,0.0,0.0,0.0,0.0
0.306762,0.299621,0.0457953,0.0,0.0,0.0,0.0
0.308246,0.295721,0.0477913,0.0,0.0,0.0,0.0
0.307705,0.295726,0.0472779,0.0,0.0,0.0,0.0
0.293067,0.311179,0.0439671,0.0,0.0,0.0,0.0
0.293032,0.311693,0.044921,0.0,0.0,0.0,0.0
0.291735,0.309235,0.0456503,0.0,0.0,0.0,0.0
0.291726,0.307804,0.0455192,0.0,0.0,0.0,0.0
0.293087,0.309916,0.0476815,0.0,0.0,0.0,0.0
0.291901,0.309377,0.0475232,0.0,0.0,0.0,0.0
0.291685,0.307921,0.0475468,0.0,0.0,0.0,0.0
0.293155,0.311684,0.0457575,0.0,0.0,0.0,0.0
0.311669,0.308259,0.0424412,0.0,0.0,0.0,0.0
0.310778,0.307437,0.0424484,0.0,0.0,0.0,0.0
0.31174,0.309433,0.0424345,0.0,0.0,0.0,0.0
0.310866,0.30932,0.0428658,0.0,0.0,0.0,0.0
0.307777,0.303401,0.0443651,0.0,0.0,0.0,0.0
0.307194,0.303452,0.0448993,0.0,0.0,0.0,0.0
0.306829,0.30279,0.045226,0.0,0.0,0.0,0.0
0.311759,0.311186,0.0423932,0.0,0.0,0.0,0.0
0.311182,0.311219,0.0429332,0.0,0.0,0.0,0.0
0.30683,0.302796,0.0455764,0.0,0.0,0.0,0.0
0.299536,0.319465,0.0459377,0.0,0.0,0.0,0.0
0.299336,0.319721,0.04549,0.0,0.0,0.0,0.0
0.298452,0.31926,0.0450477,0.0,0.0,0.0,0.0
0.298421,0.318487,0.0458081,0.0,0.0,0.0,0.0
0.307433,0.322824,0.045157,0.0,0.0,0.0,0.0
0.307925,0.322728,0.0442769,0.0,0.0,0.0,0.0
0.225043,0.183369,0.0488328,0.0,0.0,0.0,0.0
0.224581,0.184559,0.0491299,0.0,0.0,0.0,0.0
0.223365,0.184569,0.0492022,0.0,0.0,0.0,0.0
0.223406,0.183261,0.0488594,0.0,0.0,0.0,0.0
0.219856,0.182754,0.0484228,0.0,0.0,0.0,0.0
0.22031,0.183251,0.0488771,0.0,0.0,0.0,0.0
0.220278,0.184627,0.049257,0.0,0.0,0.0,0.0
0.212568,0.186997,0.0488239,0.0,0.0,0.0,0.0
0.212536,0.185859,0.0486675,0.0,0.0,0.0,0.0
0.213966,0.185619,0.0488166,0.0,0.0,0.0,0.0
0.213991,0.186687,0.0492467,0.0,0.0,0.0,0.0
0.212538,0.193066,0.0508525,0.0,0.0,0.0,0.0
0.212508,0.191191,0.0508881,0.0,0.0,0.0,0.0
0.214151,0.191232,0.0509401,0.0,0.0,0.0,0.0
0.213813,0.192724,0.0510691,0.0,0.0,0.0,0.0
0.217113,0.190615,0.0512429,0.0,0.0,0.0,0.0
0.218319,0.190527,0.0512837,0.0,0.0,0.0,0.0
0.218731,0.191116,0.0518892,0.0,0.0,0.0,0.0
0.21711,0.191588,0.0518972,0.0,0.0,0.0,0.0
0.218687,0.192914,0.0519136,0.0,0.0,0.0,0.0
0.217162,0.193066,0.0518954,0.0,0.0,0.0,0.0
0.220276,0.192915,0.0518926,0.0,0.0,0.0,0.0
0.220298,0.191169,0.0519035,0.0,0.0,0.0,0.0
0.235924,0.183239,0.0488695,0.0,0.0,0.0,0.0
0.235921,0.184833,0.0488156,0.0,0.0,0.0,0.0
0.232838,0.184571,0.0492346,0.0,0.0,0.0,0.0
0.232827,0.183242,0.048867,0.0,0.0,0.0,0.0
0.232898,0.191884,0.0538908,0.0,0.0,0.0,0.0
0.232851,0.193184,0.0539116,0.0,0.0,0.0,0.0
0.231279,0.193158,0.0539336,0.0,0.0,0.0,0.0
0.2328,0.191169,0.0534611,0.0,0.0,0.0,0.0
0.249927,0.191712,0.050272,0.0,0.0,0.0,0.0
0.250044,0.191104,0.0509046,0.0,0.0,0.0,0.0
0.24846,0.190777,0.0510274,0.0,0.0,0.0,0.0
0.248549,0.191088,0.0502068,0.0,0.0,0.0,0.0
0.243676,0.192569,0.0541783,0.0,0.0,0.0,0.0
0.242167,0.192579,0.0542511,0.0,0.0,0.0,0.0
0.242178,0.19112,0.053932,0.0,0.0,0.0,0.0
0.243716,0.191112,0.0539311,0.0,0.0,0.0,0.0
0.250053,0.190596,0.0516598,0.0,0.0,0.0,0.0
0.248806,0.190588,0.0515882,0.0,0.0,0.0,0.0
0.245349,0.191242,0.0539692,0.0,0.0,0.0,0.0
0.244808,0.19232,0.054605,0.0,0.0,0.0,0.0
0.250536,0.192471,0.0498858,0.0,0.0,0.0,0.0
0.251539,0.193115,0.0502263,0.0,0.0,0.0,0.0
0.251903,0.192673,0.0508073,0.0,0.0,0.0,0.0
0.25138,0.191878,0.0511613,0.0,0.0,0.0,0.0
0.251515,0.191336,0.051787,0.0,0.0,0.0,0.0
0.207761,0.198795,0.0508788,0.0,0.0,0.0,0.0
0.207797,0.200757,0.0511398,0.0,0.0,0.0,0.0
0.212154,0.194509,0.0511154,0.0,0.0,0.0,0.0
0.210989,0.194995,0.0508027,0.0,0.0,0.0,0.0
0.21097,0.19312,0.0508831,0.0,0.0,0.0,0.0
0.206334,0.202773,0.0509031,0.0,0.0,0.0,0.0
0.204774,0.202755,0.050922,0.0,0.0,0.0,0.0
0.200285,0.201314,0.0489251,0.0,0.0,0.0,0.0
0.200141,0.202791,0.0488017,0.0,0.0,0.0,0.0
0.199648,0.202657,0.0480772,0.0,0.0,0.0,0.0
0.204598,0.206574,0.0508431,0.0,0.0,0.0,0.0
0.205762,0.20655,0.0515639,0.0,0.0,0.0,0.0
0.207472,0.202259,0.0511783,0.0,0.0,0.0,0.0
0.212459,0.198791,0.0519033,0.0,0.0,0.0,0.0
0.212399,0.200689,0.0518905,0.0,0.0,0.0,0.0
0.210944,0.20075,0.0518936,0.0,0.0,0.0,0.0
0.211021,0.198866,0.0519035,0.0,0.0,0.0,0.0
0.21244,0.202665,0.0519126,0.0,0.0,0.0,0.0
0.210894,0.202648,0.0518929,0.0,0.0,0.0,0.0
0.207907,0.208509,0.0518827,0.0,0.0,0.0,0.0
0.207919,0.20657,0.0518871,0.0,0.0,0.0,0.0
0.21869,0.194507,0.0519051,0.0,0.0,0.0,0.0
0.217195,0.19494,0.0519057,0.0,0.0,0.0,0.0
0.21371,0.200704,0.0519922,0.0,0.0,0.0,0.0
0.214062,0.198838,0.0518691,0.0,0.0,0.0,0.0
0.225002,0.20077,0.0539136,0.0,0.0,0.0,0.0
0.223503,0.200835,0.0539271,0.0,0.0,0.0,0.0
0.223546,0.198965,0.0539272,0.0,0.0,0.0,0.0
0.22506,0.198911,0.053921,0.0,0.0,0.0,0.0
0.219692,0.194171,0.0523283,0.0,0.0,0.0,0.0
0.218901,0.208578,0.0539281,0.0,0.0,0.0,0.0
0.217811,0.208688,0.0538275,0.0,0.0,0.0,0.0
0.217961,0.207527,0.0537817,0.0,0.0,0.0,0.0
0.218913,0.206753,0.0538558,0.0,0.0,0.0,0.0
0.217066,0.208687,0.0532705,0.0,0.0,0.0,0.0
0.217698,0.207276,0.0533119,0.0,0.0,0.0,0.0
0.218477,0.206307,0.0532463,0.0,0.0,0.0,0.0
0.213548,0.202151,0.0521143,0.0,0.0,0.0,0.0
0.224963,0.202662,0.0539179,0.0,0.0,0.0,0.0
0.223446,0.202707,0.0539156,0.0,0.0,0.0,0.0
0.220359,0.206635,0.0539051,0.0,0.0,0.0,0.0
0.220309,0.208511,0.0539143,0.0,0.0,0.0,0.0
0.232776,0.194858,0.0539353,0.0,0.0,0.0,0.0
0.231244,0.194956,0.0539131,0.0,0.0,0.0,0.0
0.22653,0.200722,0.0539036,0.0,0.0,0.0,0.0
0.226589,0.202707,0.0539906,0.0,0.0,0.0,0.0
0.257829,0.198481,0.0508787,0.0,0.0,0.0,0.0
0.256779,0.198186,0.0504828,0.0,0.0,0.0,0.0
0.255969,0.206572,0.0485934,0.0,0.0,0.0,0.0
0.255393,0.20595,0.0482656,0.0,0.0,0.0,0.0
0.25518,0.206557,0.04786,0.0,0.0,0.0,0.0
0.256616,0.202649,0.0499511,0.0,0.0,0.0,0.0
0.257903,0.202652,0.049849,0.0,0.0,0.0,0.0
0.260825,0.20854,0.0498389,0.0,0.0,0.0,0.0
0.26241,0.208526,0.0509105,0.0,0.0,0.0,0.0
0.26245,0.206617,0.0508961,0.0,0.0,0.0,0.0
0.261165,0.206212,0.0507691,0.0,0.0,0.0,0.0
0.260864,0.206589,0.0502123,0.0,0.0,0.0,0.0
0.262474,0.200843,0.0508628,0.0,0.0,0.0,0.0
0.262895,0.200285,0.0515059,0.0,0.0,0.0,0.0
0.262399,0.19893,0.05196,0.0,0.0,0.0,0.0
0.261919,0.199572,0.0512168,0.0,0.0,0.0,0.0
0.260935,0.198931,0.0508886,0.0,0.0,0.0,0.0
0.261258,0.19843,0.0516985,0.0,0.0,0.0,0.0
0.264007,0.200814,0.0517875,0.0,0.0,0.0,0.0
0.263554,0.201474,0.0510596,0.0,0.0,0.0,0.0
0.263969,0.20279,0.0510631,0.0,0.0,0.0,0.0
0.264334,0.202304,0.0518344,0.0,0.0,0.0,0.0
0.273527,0.201263,0.053096,0.0,0.0,0.0,0.0
0.273486,0.202712,0.0529158,0.0,0.0,0.0,0.0
0.275012,0.202769,0.0531469,0.0,0.0,0.0,0.0
0.275358,0.202328,0.0538293,0.0,0.0,0.0,0.0
0.274971,0.201263,0.053934,0.0,0.0,0.0,0.0
0.273536,0.200342,0.0538492,0.0,0.0,0.0,0.0
0.269283,0.202017,0.0529288,0.0,0.0,0.0,0.0
0.270417,0.202215,0.0529189,0.0,0.0,0.0,0.0
0.205825,0.218231,0.0514944,0.0,0.0,0.0,0.0
0.204707,0.218198,0.0508299,0.0,0.0,0.0,0.0
0.204851,0.222019,0.050928,0.0,0.0,0.0,0.0
0.206343,0.221999,0.0508775,0.0,0.0,0.0,0.0
0.20754,0.222473,0.0510844,0.0,0.0,0.0,0.0
0.207525,0.224026,0.0511678,0.0,0.0,0.0,0.0
0.217701,0.210441,0.0539458,0.0,0.0,0.0,0.0
0.216856,0.210446,0.0535025,0.0,0.0,0.0,0.0
0.220297,0.210435,0.0539128,0.0,0.0,0.0,0.0
0.218868,0.210441,0.0539023,0.0,0.0,0.0,0.0
0.224616,0.216344,0.0542734,0.0,0.0,0.0,0.0
0.223341,0.216291,0.0538902,0.0,0.0,0.0,0.0
0.223456,0.214258,0.0540318,0.0,0.0,0.0,0.0
0.224486,0.214873,0.0544435,0.0,0.0,0.0,0.0
0.218754,0.216229,0.0539179,0.0,0.0,0.0,0.0
0.218769,0.214314,0.0539176,0.0,0.0,0.0,0.0
0.220295,0.214312,0.0539122,0.0,0.0,0.0,0.0
0.220297,0.216245,0.0539143,0.0,0.0,0.0,0.0
0.2188,0.218095,0.0539017,0.0,0.0,0.0,0.0
0.217343,0.218015,0.053919,0.0,0.0,0.0,0.0
0.217364,0.216212,0.053911,0.0,0.0,0.0,0.0
0.224643,0.218218,0.0543078,0.0,0.0,0.0,0.0
0.22335,0.218207,0.053888,0.0,0.0,0.0,0.0
0.220306,0.218169,0.0539155,0.0,0.0,0.0,0.0
0.261379,0.216795,0.0505909,0.0,0.0,0.0,0.0
0.262433,0.216211,0.0509373,0.0,0.0,0.0,0.0
0.262263,0.214304,0.050857,0.0,0.0,0.0,0.0
0.260825,0.214279,0.0498292,0.0,0.0,0.0,0.0
0.254801,0.222101,0.0499168,0.0,0.0,0.0,0.0
0.256702,0.216722,0.0499391,0.0,0.0,0.0,0.0
0.256383,0.218256,0.0499172,0.0,0.0,0.0,0.0
0.257891,0.218241,0.0498726,0.0,0.0,0.0,0.0
0.25773,0.223899,0.0502468,0.0,0.0,0.0,0.0
0.26823,0.21614,0.0509065,0.0,0.0,0.0,0.0
0.268974,0.216201,0.0517136,0.0,0.0,0.0,0.0
0.268995,0.214303,0.0517425,0.0,0.0,0.0,0.0
0.268255,0.214304,0.0509167,0.0,0.0,0.0,0.0
0.268793,0.218154,0.0514973,0.0,0.0,0.0,0.0
0.267034,0.216196,0.0509073,0.0,0.0,0.0,0.0
0.267121,0.21815,0.0508841,0.0,0.0,0.0,0.0
0.267792,0.218794,0.0510495,0.0,0.0,0.0,0.0
0.281282,0.208306,0.0538453,0.0,0.0,0.0,0.0
0.280274,0.207805,0.0532721,0.0,0.0,0.0,0.0
0.281262,0.209042,0.0530061,0.0,0.0,0.0,0.0
0.279713,0.21044,0.0528966,0.0,0.0,0.0,0.0
0.279722,0.216222,0.0529118,0.0,0.0,0.0,0.0
0.28126,0.216223,0.052907,0.0,0.0,0.0,0.0
0.281257,0.214283,0.0529065,0.0,0.0,0.0,0.0
0.279721,0.214281,0.0529102,0.0,0.0,0.0,0.0
0.283104,0.210385,0.0538156,0.0,0.0,0.0,0.0
0.282722,0.208605,0.0539673,0.0,0.0,0.0,0.0
0.27971,0.224006,0.0529059,0.0,0.0,0.0,0.0
0.281262,0.223999,0.0529056,0.0,0.0,0.0,0.0
0.281263,0.222056,0.0529074,0.0,0.0,0.0,0.0
0.279732,0.222069,0.0529086,0.0,0.0,0.0,0.0
0.281265,0.218164,0.0529085,0.0,0.0,0.0,0.0
0.27974,0.218162,0.0528932,0.0,0.0,0.0,0.0
0.282826,0.223994,0.0529044,0.0,0.0,0.0,0.0
0.282823,0.222047,0.0529053,0.0,0.0,0.0,0.0
0.282816,0.218162,0.0529082,0.0,0.0,0.0,0.0
0.206753,0.23095,0.0486703,0.0,0.0,0.0,0.0
0.206226,0.229762,0.0488847,0.0,0.0,0.0,0.0
0.207389,0.230222,0.0490402,0.0,0.0,0.0,0.0
0.207962,0.225789,0.0508184,0.0,0.0,0.0,0.0
0.212538,0.231574,0.0509729,0.0,0.0,0.0,0.0
0.211973,0.232339,0.0506085,0.0,0.0,0.0,0.0
0.210863,0.231693,0.0504702,0.0,0.0,0.0,0.0
0.210952,0.231044,0.0509429,0.0,0.0,0.0,0.0
0.210932,0.229711,0.0511911,0.0,0.0,0.0,0.0
0.211967,0.23036,0.051585,0.0,0.0,0.0,0.0
0.212079,0.234126,0.0488321,0.0,0.0,0.0,0.0
0.21101,0.233368,0.0487363,0.0,0.0,0.0,0.0
0.210959,0.223948,0.0518968,0.0,0.0,0.0,0.0
0.212122,0.224448,0.0519483,0.0,0.0,0.0,0.0
0.212474,0.225951,0.0519233,0.0,0.0,0.0,0.0
0.210939,0.225911,0.0518705,0.0,0.0,0.0,0.0
0.213623,0.232149,0.0513872,0.0,0.0,0.0,0.0
0.214129,0.23309,0.0509981,0.0,0.0,0.0,0.0
0.214114,0.233888,0.0502726,0.0,0.0,0.0,0.0
0.212974,0.231072,0.0518106,0.0,0.0,0.0,0.0
0.214056,0.231658,0.0519283,0.0,0.0,0.0,0.0
0.212508,0.229733,0.0519619,0.0,0.0,0.0,0.0
0.214023,0.229807,0.051896,0.0,0.0,0.0,0.0
0.217133,0.231811,0.0518823,0.0,0.0,0.0,0.0
0.21835,0.23225,0.0519855,0.0,0.0,0.0,0.0
0.218918,0.233433,0.051827,0.0,0.0,0.0,0.0
0.217165,0.233599,0.0519023,0.0,0.0,0.0,0.0
0.237541,0.23901,0.0508645,0.0,0.0,0.0,0.0
0.237991,0.23808,0.0505986,0.0,0.0,0.0,0.0
0.237532,0.237596,0.0499699,0.0,0.0,0.0,0.0
0.23695,0.238706,0.0502671,0.0,0.0,0.0,0.0
0.235896,0.238747,0.0504087,0.0,0.0,0.0,0.0
0.235944,0.23937,0.0509145,0.0,0.0,0.0,0.0
0.235923,0.237862,0.0499158,0.0,0.0,0.0,0.0
0.231279,0.239825,0.0510482,0.0,0.0,0.0,0.0
0.23285,0.239644,0.0509573,0.0,0.0,0.0,0.0
0.232865,0.238931,0.0503312,0.0,0.0,0.0,0.0
0.231289,0.23922,0.0498904,0.0,0.0,0.0,0.0
0.231688,0.238191,0.0498658,0.0,0.0,0.0,0.0
0.23292,0.238152,0.0497954,0.0,0.0,0.0,0.0
0.231208,0.231721,0.0539382,0.0,0.0,0.0,0.0
0.231236,0.230134,0.0539654,0.0,0.0,0.0,0.0
0.232446,0.230254,0.0540691,0.0,0.0,0.0,0.0
0.232871,0.231686,0.0538544,0.0,0.0,0.0,0.0
0.229675,0.239841,0.0511489,0.0,0.0,0.0,0.0
0.229734,0.238928,0.0519245,0.0,0.0,0.0,0.0
0.231202,0.239047,0.0518969,0.0,0.0,0.0,0.0
0.231154,0.237961,0.0520758,0.0,0.0,0.0,0.0
0.22969,0.237909,0.0521739,0.0,0.0,0.0,0.0
0.231195,0.233064,0.0539026,0.0,0.0,0.0,0.0
0.229733,0.23293,0.0539858,0.0,0.0,0.0,0.0
0.229713,0.23157,0.0538945,0.0,0.0,0.0,0.0
0.231164,0.234066,0.0537181,0.0,0.0,0.0,0.0
0.229736,0.233856,0.053295,0.0,0.0,0.0,0.0
0.235964,0.239421,0.0518223,0.0,0.0,0.0,0.0
0.237538,0.239276,0.0517583,0.0,0.0,0.0,0.0
0.2328,0.239099,0.0519836,0.0,0.0,0.0,0.0
0.232353,0.238074,0.0521338,0.0,0.0,0.0,0.0
0.232815,0.233558,0.0539186,0.0,0.0,0.0,0.0
0.232311,0.234213,0.0538647,0.0,0.0,0.0,0.0
0.248421,0.231679,0.0499412,0.0,0.0,0.0,0.0
0.248835,0.230296,0.0499564,0.0,0.0,0.0,0.0
0.248454,0.233904,0.0509663,0.0,0.0,0.0,0.0
0.249956,0.233515,0.0508641,0.0,0.0,0.0,0.0
0.239041,0.238797,0.0517537,0.0,0.0,0.0,0.0
0.239086,0.238645,0.0513265,0.0,0.0,0.0,0.0
0.256616,0.226397,0.0508818,0.0,0.0,0.0,0.0
0.257841,0.225962,0.0508608,0.0,0.0,0.0,0.0
0.258186,0.22445,0.0508466,0.0,0.0,0.0,0.0
0.256225,0.231164,0.0509124,0.0,0.0,0.0,0.0
0.254686,0.231699,0.050941,0.0,0.0,0.0,0.0
0.255147,0.23236,0.0512599,0.0,0.0,0.0,0.0
0.256246,0.232076,0.0517362,0.0,0.0,0.0,0.0
0.257734,0.231704,0.0517499,0.0,0.0,0.0,0.0
0.257243,0.231015,0.0508682,0.0,0.0,0.0,0.0
0.257818,0.229743,0.0508386,0.0,0.0,0.0,0.0
0.258323,0.230462,0.0511513,0.0,0.0,0.0,0.0
0.25626,0.238801,0.0540683,0.0,0.0,0.0,0.0
0.256237,0.238717,0.0533977,0.0,0.0,0.0,0.0
0.254703,0.238724,0.0533892,0.0,0.0,0.0,0.0
0.254701,0.238855,0.0539912,0.0,0.0,0.0,0.0
0.25628,0.237628,0.0528457,0.0,0.0,0.0,0.0
0.254678,0.237536,0.052898,0.0,0.0,0.0,0.0
0.257746,0.239332,0.0538919,0.0,0.0,0.0,0.0
0.257718,0.238698,0.0533701,0.0,0.0,0.0,0.0
0.257782,0.237592,0.0528599,0.0,0.0,0.0,0.0
0.264017,0.225344,0.0508889,0.0,0.0,0.0,0.0
0.262492,0.225888,0.0508671,0.0,0.0,0.0,0.0
0.263045,0.226615,0.0510788,0.0,0.0,0.0,0.0
0.264043,0.226276,0.0517495,0.0,0.0,0.0,0.0
0.273448,0.231762,0.052906,0.0,0.0,0.0,0.0
0.275004,0.231726,0.0529016,0.0,0.0,0.0,0.0
0.275037,0.229855,0.052909,0.0,0.0,0.0,0.0
0.273417,0.229807,0.0529056,0.0,0.0,0.0,0.0
0.268765,0.233747,0.052895,0.0,0.0,0.0,0.0
0.268734,0.232156,0.0528985,0.0,0.0,0.0,0.0
0.267256,0.232278,0.0528845,0.0,0.0,0.0,0.0
0.267224,0.233793,0.052883,0.0,0.0,0.0,0.0
0.270288,0.231773,0.0528989,0.0,0.0,0.0,0.0
0.270316,0.233661,0.0528992,0.0,0.0,0.0,0.0
0.281265,0.22594,0.0529045,0.0,0.0,0.0,0.0
0.279705,0.225943,0.0529049,0.0,0.0,0.0,0.0
0.27657,0.231717,0.0529,0.0,0.0,0.0,0.0
0.276576,0.229814,0.0529046,0.0,0.0,0.0,0.0
0.281255,0.231591,0.0528601,0.0,0.0,0.0,0.0
0.281277,0.229794,0.0529001,0.0,0.0,0.0,0.0
0.279704,0.229793,0.0529033,0.0,0.0,0.0,0.0
0.282833,0.22594,0.0529041,0.0,0.0,0.0,0.0
0.276541,0.233506,0.0528566,0.0,0.0,0.0,0.0
0.279754,0.234042,0.0538706,0.0,0.0,0.0,0.0
0.281231,0.233938,0.0539491,0.0,0.0,0.0,0.0
0.282794,0.23364,0.0539334,0.0,0.0,0.0,0.0
0.283234,0.232216,0.0538216,0.0,0.0,0.0,0.0
0.304672,0.27002,0.052937,0.0,0.0,0.0,0.0
0.306217,0.269966,0.052954,0.0,0.0,0.0,0.0
0.312496,0.264819,0.0528738,0.0,0.0,0.0,0.0
0.310959,0.26277,0.0539305,0.0,0.0,0.0,0.0
0.310509,0.264188,0.0537671,0.0,0.0,0.0,0.0
0.310893,0.264725,0.0530155,0.0,0.0,0.0,0.0
0.307728,0.269908,0.0529793,0.0,0.0,0.0,0.0
0.314039,0.264801,0.052881,0.0,0.0,0.0,0.0
0.318594,0.264814,0.0528768,0.0,0.0,0.0,0.0
0.318474,0.263604,0.0536,0.0,0.0,0.0,0.0
0.317161,0.264794,0.0528709,0.0,0.0,0.0,0.0
0.318465,0.270149,0.0540365,0.0,0.0,0.0,0.0
0.319015,0.268996,0.0544364,0.0,0.0,0.0,0.0
0.319442,0.263693,0.0534956,0.0,0.0,0.0,0.0
0.319776,0.263409,0.0539942,0.0,0.0,0.0,0.0
0.291725,0.283959,0.0506876,0.0,0.0,0.0,0.0
0.291552,0.285341,0.0505769,0.0,0.0,0.0,0.0
0.291845,0.285552,0.0501381,0.0,0.0,0.0,0.0
0.292469,0.284053,0.0499788,0.0,0.0,0.0,0.0
0.298016,0.277731,0.0515071,0.0,0.0,0.0,0.0
0.298421,0.278224,0.0509403,0.0,0.0,0.0,0.0
0.300062,0.278381,0.0508641,0.0,0.0,0.0,0.0
0.300064,0.27698,0.0510632,0.0,0.0,0.0,0.0
0.300105,0.276076,0.0518369,0.0,0.0,0.0,0.0
0.298532,0.276415,0.0518502,0.0,0.0,0.0,0.0
0.293134,0.279467,0.0528329,0.0,0.0,0.0,0.0
0.29334,0.278145,0.0528902,0.0,0.0,0.0,0.0
0.292132,0.278205,0.0530938,0.0,0.0,0.0,0.0
0.292126,0.279744,0.052935,0.0,0.0,0.0,0.0
0.301647,0.27884,0.0503037,0.0,0.0,0.0,0.0
0.300589,0.278859,0.050178,0.0,0.0,0.0,0.0
0.299995,0.279808,0.0499665,0.0,0.0,0.0,0.0
0.301593,0.279784,0.0498882,0.0,0.0,0.0,0.0
0.307256,0.278966,0.0501376,0.0,0.0,0.0,0.0
0.306197,0.278882,0.0502282,0.0,0.0,0.0,0.0
0.306281,0.280229,0.0498574,0.0,0.0,0.0,0.0
0.307874,0.280194,0.0498787,0.0,0.0,0.0,0.0
0.308269,0.279646,0.0505319,0.0,0.0,0.0,0.0
0.307788,0.278274,0.0508736,0.0,0.0,0.0,0.0
0.306482,0.283736,0.0485925,0.0,0.0,0.0,0.0
0.312732,0.285997,0.0505334,0.0,0.0,0.0,0.0
0.311313,0.283587,0.0506161,0.0,0.0,0.0,0.0
0.31095,0.284084,0.049895,0.0,0.0,0.0,0.0
0.301506,0.276755,0.0507972,0.0,0.0,0.0,0.0
0.301482,0.275788,0.0513527,0.0,0.0,0.0,0.0
0.306277,0.285995,0.0539181,0.0,0.0,0.0,0.0
0.30459,0.285874,0.0538584,0.0,0.0,0.0,0.0
0.304968,0.284087,0.0541354,0.0,0.0,0.0,0.0
0.306329,0.284115,0.05393,0.0,0.0,0.0,0.0
0.3125,0.278683,0.0544155,0.0,0.0,0.0,0.0
0.312502,0.280281,0.0538942,0.0,0.0,0.0,0.0
0.310954,0.280318,0.0538963,0.0,0.0,0.0,0.0
0.310963,0.278746,0.0544451,0.0,0.0,0.0,0.0
0.307829,0.284079,0.0539062,0.0,0.0,0.0,0.0
0.307814,0.285955,0.0539156,0.0,0.0,0.0,0.0
0.318599,0.272321,0.053872,0.0,0.0,0.0,0.0
0.317648,0.272482,0.0546671,0.0,0.0,0.0,0.0
0.317698,0.271011,0.0545556,0.0,0.0,0.0,0.0
0.314545,0.27828,0.0510226,0.0,0.0,0.0,0.0
0.314045,0.276372,0.0515886,0.0,0.0,0.0,0.0
0.312895,0.275798,0.0513443,0.0,0.0,0.0,0.0
0.3124,0.276431,0.050831,0.0,0.0,0.0,0.0
0.312351,0.278298,0.0509144,0.0,0.0,0.0,0.0
0.31916,0.272807,0.0536411,0.0,0.0,0.0,0.0
0.313973,0.278192,0.0538712,0.0,0.0,0.0,0.0
0.314012,0.280178,0.053927,0.0,0.0,0.0,0.0
0.288107,0.299435,0.0508072,0.0,0.0,0.0,0.0
0.288721,0.299578,0.0513534,0.0,0.0,0.0,0.0
0.289244,0.301271,0.0509686,0.0,0.0,0.0,0.0
0.288977,0.301623,0.0502209,0.0,0.0,0.0,0.0
0.287748,0.299381,0.0502406,0.0,0.0,0.0,0.0
0.294094,0.286696,0.054479,0.0,0.0,0.0,0.0
0.294956,0.286702,0.0544859,0.0,0.0,0.0,0.0
0.295409,0.2879,0.0538919,0.0,0.0,0.0,0.0
0.293655,0.287924,0.0539065,0.0,0.0,0.0,0.0
0.2953,0.294106,0.0539609,0.0,0.0,0.0,0.0
0.295314,0.291653,0.0539165,0.0,0.0,0.0,0.0
0.287951,0.295635,0.0516756,0.0,0.0,0.0,0.0
0.287875,0.293771,0.0518659,0.0,0.0,0.0,0.0
0.288581,0.294382,0.0521821,0.0,0.0,0.0,0.0
0.288724,0.295777,0.0520796,0.0,0.0,0.0,0.0
0.308502,0.287379,0.0481528,0.0,0.0,0.0,0.0
0.311736,0.302004,0.050438,0.0,0.0,0.0,0.0
0.310809,0.301369,0.0508869,0.0,0.0,0.0,0.0
0.311099,0.299517,0.0509772,0.0,0.0,0.0,0.0
0.31284,0.299472,0.0503153,0.0,0.0,0.0,0.0
0.307785,0.287764,0.0539189,0.0,0.0,0.0,0.0
0.30622,0.287745,0.0539045,0.0,0.0,0.0,0.0
0.312483,0.292201,0.0519295,0.0,0.0,0.0,0.0
0.312486,0.293818,0.0519341,0.0,0.0,0.0,0.0
0.31101,0.293802,0.0519162,0.0,0.0,0.0,0.0
0.311559,0.292511,0.0524645,0.0,0.0,0.0,0.0
0.301602,0.301639,0.0518993,0.0,0.0,0.0,0.0
0.299969,0.301507,0.0518861,0.0,0.0,0.0,0.0
0.300401,0.300087,0.0519655,0.0,0.0,0.0,0.0
0.301629,0.30001,0.0519176,0.0,0.0,0.0,0.0
0.306227,0.299557,0.0519025,0.0,0.0,0.0,0.0
0.306269,0.301493,0.0519005,0.0,0.0,0.0,0.0
0.304707,0.301579,0.0518934,0.0,0.0,0.0,0.0
0.304675,0.299557,0.0518481,0.0,0.0,0.0,0.0
0.312388,0.295535,0.0515865,0.0,0.0,0.0,0.0
0.311031,0.295699,0.0518641,0.0,0.0,0.0,0.0
0.307804,0.301381,0.0518995,0.0,0.0,0.0,0.0
0.307867,0.299652,0.0519038,0.0,0.0,0.0,0.0
0.313597,0.287901,0.050931,0.0,0.0,0.0,0.0
0.313602,0.293647,0.0517332,0.0,0.0,0.0,0.0
0.313524,0.291726,0.0517243,0.0,0.0,0.0,0.0
0.295405,0.309007,0.0502383,0.0,0.0,0.0,0.0
0.294181,0.308696,0.050455,0.0,0.0,0.0,0.0
0.293646,0.307224,0.0502582,0.0,0.0,0.0,0.0
0.295272,0.307444,0.0517596,0.0,0.0,0.0,0.0
0.298491,0.309312,0.0509049,0.0,0.0,0.0,0.0
0.298442,0.30794,0.051881,0.0,0.0,0.0,0.0
0.294825,0.311737,0.0484729,0.0,0.0,0.0,0.0
0.294167,0.31112,0.047996,0.0,0.0,0.0,0.0
0.294892,0.309814,0.0490601,0.0,0.0,0.0,0.0
0.295348,0.311173,0.0488302,0.0,0.0,0.0,0.0
0.300053,0.31102,0.0508593,0.0,0.0,0.0,0.0
0.298574,0.311006,0.0509847,0.0,0.0,0.0,0.0
0.292295,0.301336,0.0518904,0.0,0.0,0.0,0.0
0.293743,0.30176,0.0518448,0.0,0.0,0.0,0.0
0.293781,0.303379,0.0518934,0.0,0.0,0.0,0.0
0.292217,0.30332,0.051915,0.0,0.0,0.0,0.0
0.298455,0.301487,0.0518566,0.0,0.0,0.0,0.0
0.30001,0.303468,0.0518975,0.0,0.0,0.0,0.0
0.298442,0.303499,0.0518939,0.0,0.0,0.0,0.0
0.29521,0.301477,0.0518456,0.0,0.0,0.0,0.0
0.295317,0.303457,0.0518941,0.0,0.0,0.0,0.0
0.307728,0.307251,0.0508805,0.0,0.0,0.0,0.0
0.30768,0.309059,0.0509328,0.0,0.0,0.0,0.0
0.3062,0.310505,0.0509094,0.0,0.0,0.0,0.0
0.306281,0.311505,0.0504702,0.0,0.0,0.0,0.0
0.305086,0.311622,0.0506057,0.0,0.0,0.0,0.0
0.304648,0.311032,0.0508994,0.0,0.0,0.0,0.0
0.30156,0.311035,0.0508698,0.0,0.0,0.0,0.0
0.307195,0.310277,0.0508864,0.0,0.0,0.0,0.0
0.308168,0.309631,0.0506348,0.0,0.0,0.0,0.0
0.307685,0.310622,0.0502717,0.0,0.0,0.0,0.0
0.307758,0.316989,0.0489008,0.0,0.0,0.0,0.0
0.306166,0.316873,0.0488453,0.0,0.0,0.0,0.0
0.306732,0.315774,0.0493908,0.0,0.0,0.0,0.0
0.307824,0.31552,0.0492221,0.0,0.0,0.0,0.0
0.301572,0.303442,0.0518973,0.0,0.0,0.0,0.0
0.306313,0.303447,0.0519149,0.0,0.0,0.0,0.0
0.304677,0.303415,0.0519002,0.0,0.0,0.0,0.0
0.307851,0.303598,0.0510075,0.0,0.0,0.0,0.0
0.306845,0.304066,0.0515383,0.0,0.0,0.0,0.0
0.307838,0.302821,0.0517723,0.0,0.0,0.0,0.0
0.276576,0.20277,0.0539416,0.0,0.0,0.0,0.0
0.277162,0.201841,0.0546115,0.0,0.0,0.0,0.0
0.276017,0.201467,0.0547361,0.0,0.0,0.0,0.0
0.275117,0.20063,0.0547461,0.0,0.0,0.0,0.0
0.281293,0.20656,0.0539213,0.0,0.0,0.0,0.0
0.279621,0.206685,0.0537749,0.0,0.0,0.0,0.0
0.282814,0.206648,0.0538619,0.0,0.0,0.0,0.0
0.254651,0.238724,0.0544983,0.0,0.0,0.0,0.0
0.256288,0.238777,0.0546985,0.0,0.0,0.0,0.0
0.270309,0.240765,0.0538632,0.0,0.0,0.0,0.0
0.270316,0.239305,0.0539273,0.0,0.0,0.0,0.0
0.268737,0.241765,0.0544291,0.0,0.0,0.0,0.0
0.270305,0.241789,0.0545145,0.0,0.0,0.0,0.0
0.311902,0.24799,0.0539914,0.0,0.0,0.0,0.0
0.312415,0.249315,0.0538956,0.0,0.0,0.0,0.0
0.312969,0.248641,0.0542504,0.0,0.0,0.0,0.0
0.31244,0.247303,0.0548802,0.0,0.0,0.0,0.0
0.276192,0.287357,0.0147262,0.0,0.0,0.0,0.0
0.274747,0.287645,0.0142865,0.0,0.0,0.0,0.0
0.275339,0.288278,0.0147394,0.0,0.0,0.0,0.0
0.262531,0.270637,0.0196879,0.0,0.0,0.0,0.0
0.264166,0.270718,0.0195779,0.0,0.0,0.0,0.0
0.263663,0.272444,0.0200118,0.0,0.0,0.0,0.0
0.262524,0.272479,0.0196033,0.0,0.0,0.0,0.0
0.262473,0.274384,0.0196103,0.0,0.0,0.0,0.0
0.263634,0.274371,0.019955,0.0,0.0,0.0,0.0
0.287576,0.285545,0.0257591,0.0,0.0,0.0,0.0
0.288885,0.286414,0.0255112,0.0,0.0,0.0,0.0
0.290633,0.287678,0.0246692,0.0,0.0,0.0,0.0
0.29108,0.287393,0.0254019,0.0,0.0,0.0,0.0
0.290042,0.286713,0.0255092,0.0,0.0,0.0,0.0
0.288456,0.304,0.0254666,0.0,0.0,0.0,0.0
0.290153,0.305847,0.0254064,0.0,0.0,0.0,0.0
0.29063,0.305626,0.0246711,0.0,0.0,0.0,0.0
0.286694,0.302157,0.0255939,0.0,0.0,0.0,0.0
0.290612,0.304895,0.0239654,0.0,0.0,0.0,0.0
0.290646,0.30383,0.0236702,0.0,0.0,0.0,0.0
0.301576,0.30549,0.0307415,0.0,0.0,0.0,0.0
0.300024,0.305474,0.0307768,0.0,0.0,0.0,0.0
0.300618,0.304251,0.0307544,0.0,0.0,0.0,0.0
0.301658,0.304181,0.0307346,0.0,0.0,0.0,0.0
0.299548,0.304802,0.030451,0.0,0.0,0.0,0.0
0.253126,0.225937,0.036784,0.0,0.0,0.0,0.0
0.251564,0.225937,0.0367849,0.0,0.0,0.0,0.0
0.251562,0.227872,0.036784,0.0,0.0,0.0,0.0
0.253124,0.227871,0.0367828,0.0,0.0,0.0,0.0
0.301259,0.320934,0.0366446,0.0,0.0,0.0,0.0
0.300827,0.318982,0.0365558,0.0,0.0,0.0,0.0
0.300805,0.318959,0.0371185,0.0,0.0,0.0,0.0
0.300877,0.32088,0.0371297,0.0,0.0,0.0,0.0
0.215617,0.194982,0.0425886,0.0,0.0,0.0,0.0
0.21408,0.194995,0.0427974,0.0,0.0,0.0,0.0
0.21398,0.196833,0.0428095,0.0,0.0,0.0,0.0
0.215356,0.196841,0.0427115,0.0,0.0,0.0,0.0
0.212405,0.212388,0.0418437,0.0,0.0,0.0,0.0
0.213654,0.2124,0.0415252,0.0,0.0,0.0,0.0
0.265954,0.210434,0.0430207,0.0,0.0,0.0,0.0
0.265959,0.212376,0.0430297,0.0,0.0,0.0,0.0
0.262588,0.208491,0.0438337,0.0,0.0,0.0,0.0
0.26255,0.210431,0.0438351,0.0,0.0,0.0,0.0
0.262536,0.212372,0.043841,0.0,0.0,0.0,0.0
0.215614,0.226311,0.0425219,0.0,0.0,0.0,0.0
0.214146,0.225805,0.0427455,0.0,0.0,0.0,0.0
0.213568,0.226525,0.0429857,0.0,0.0,0.0,0.0
0.214107,0.227771,0.0434534,0.0,0.0,0.0,0.0
0.215165,0.228336,0.0430406,0.0,0.0,0.0,0.0
0.215663,0.22779,0.0428146,0.0,0.0,0.0,0.0
0.215644,0.225369,0.041863,0.0,0.0,0.0,0.0
0.215676,0.223921,0.0417696,0.0,0.0,0.0,0.0
0.214152,0.22397,0.0426275,0.0,0.0,0.0,0.0
0.212588,0.225273,0.0428049,0.0,0.0,0.0,0.0
0.21258,0.226158,0.0434677,0.0,0.0,0.0,0.0
0.265637,0.225942,0.0428325,0.0,0.0,0.0,0.0
0.265642,0.224013,0.042833,0.0,0.0,0.0,0.0
0.26407,0.227863,0.0428348,0.0,0.0,0.0,0.0
0.262502,0.227871,0.0428335,0.0,0.0,0.0,0.0
0.200207,0.208484,0.0498393,0.0,0.0,0.0,0.0
0.201176,0.208489,0.0499049,0.0,0.0,0.0,0.0
0.201195,0.21043,0.0499037,0.0,0.0,0.0,0.0
0.201203,0.212374,0.0499015,0.0,0.0,0.0,0.0
0.25175,0.225861,0.0494174,0.0,0.0,0.0,0.0
0.251965,0.224508,0.0491283,0.0,0.0,0.0,0.0
0.251069,0.225836,0.0488351,0.0,0.0,0.0,0.0
0.249924,0.2281,0.0494712,0.0,0.0,0.0,0.0
0.25096,0.227147,0.0495504,0.0,0.0,0.0,0.0
0.250755,0.226864,0.0490281,0.0,0.0,0.0,0.0
0.249931,0.227236,0.0488678,0.0,0.0,0.0,0.0
0.289511,0.290025,0.0486986,0.0,0.0,0.0,0.0
0.290388,0.289539,0.0486086,0.0,0.0,0.0,0.0
0.29084,0.288237,0.0488763,0.0,0.0,0.0,0.0
0.290365,0.287701,0.0494105,0.0,0.0,0.0,0.0
0.288798,0.289834,0.0492766,0.0,0.0,0.0,0.0
0.290081,0.304072,0.0488836,0.0,0.0,0.0,0.0
0.289819,0.304274,0.0484041,0.0,0.0,0.0,0.0
0.288944,0.303622,0.048046,0.0,0.0,0.0,0.0
0.289166,0.303142,0.0488492,0.0,0.0,0.0,0.0
0.304727,0.319078,0.0480061,0.0,0.0,0.0,0.0
0.304695,0.318407,0.0488309,0.0,0.0,0.0,0.0
0.306189,0.31832,0.0488406,0.0,0.0,0.0,0.0
0.306177,0.319055,0.0480464,0.0,0.0,0.0,0.0
0.304652,0.31722,0.0489533,0.0,0.0,0.0,0.0
0.287475,0.212408,0.0539038,0.0,0.0,0.0,0.0
0.288876,0.21256,0.0542873,0.0,0.0,0.0,0.0
0.288487,0.21116,0.0541032,0.0,0.0,0.0,0.0
0.287453,0.210563,0.0539147,0.0,0.0,0.0,0.0
0.290664,0.223977,0.0539186,0.0,0.0,0.0,0.0
0.290659,0.225927,0.0539137,0.0,0.0,0.0,0.0
0.287858,0.227838,0.053553,0.0,0.0,0.0,0.0
0.289149,0.22788,0.0539304,0.0,0.0,0.0,0.0
0.290651,0.227875,0.053913,0.0,0.0,0.0,0.0
0.265624,0.239428,0.0538812,0.0,0.0,0.0,0.0
0.265643,0.240636,0.054275,0.0,0.0,0.0,0.0
0.278131,0.239247,0.0539019,0.0,0.0,0.0,0.0
0.278128,0.240633,0.0542719,0.0,0.0,0.0,0.0
0.290622,0.239447,0.0539099,0.0,0.0,0.0,0.0
0.29066,0.241211,0.0539113,0.0,0.0,0.0,0.0
0.29071,0.242587,0.0542207,0.0,0.0,0.0,0.0
0.28968,0.242556,0.0540832,0.0,0.0,0.0,0.0
0.301491,0.241551,0.0547803,0.0,0.0,0.0,0.0
0.30095,0.242209,0.0538901,0.0,0.0,0.0,0.0
0.299925,0.241481,0.0538732,0.0,0.0,0.0,0.0
0.315591,0.257022,0.0539061,0.0,0.0,0.0,0.0
0.316023,0.25645,0.0545192,0.0,0.0,0.0,0.0
0.315579,0.255037,0.0549299,0.0,0.0,0.0,0.0
0.312492,0.258879,0.0538978,0.0,0.0,0.0,0.0
0.31405,0.258887,0.0538987,0.0,0.0,0.0,0.0
0.315585,0.258924,0.0538985,0.0,0.0,0.0,0.0
0.264073,0.284447,0.0110088,0.0,0.0,0.0,0.0
0.26564,0.284474,0.0108013,0.0,0.0,0.0,0.0
0.265612,0.282533,0.00989348,0.0,0.0,0.0,0.0
0.264068,0.282534,0.0100482,0.0,0.0,0.0,0.0
0.265715,0.285714,0.0119515,0.0,0.0,0.0,0.0
0.263655,0.284649,0.0118226,0.0,0.0,0.0,0.0
0.259444,0.268314,0.0175843,0.0,0.0,0.0,0.0
0.259516,0.267598,0.0169233,0.0,0.0,0.0,0.0
0.259456,0.267108,0.0164998,0.0,0.0,0.0,0.0
0.260931,0.267043,0.0164548,0.0,0.0,0.0,0.0
0.259551,0.269303,0.0179803,0.0,0.0,0.0,0.0
0.265612,0.268111,0.0174916,0.0,0.0,0.0,0.0
0.264068,0.267024,0.0164314,0.0,0.0,0.0,0.0
0.265511,0.266973,0.016507,0.0,0.0,0.0,0.0
0.265608,0.268749,0.018029,0.0,0.0,0.0,0.0
0.260709,0.284439,0.0132954,0.0,0.0,0.0,0.0
0.260919,0.28406,0.0126284,0.0,0.0,0.0,0.0
0.259866,0.283433,0.012673,0.0,0.0,0.0,0.0
0.258888,0.282694,0.0126289,0.0,0.0,0.0,0.0
0.258708,0.282877,0.0133608,0.0,0.0,0.0,0.0
0.259074,0.282468,0.011907,0.0,0.0,0.0,0.0
0.259875,0.283373,0.0119324,0.0,0.0,0.0,0.0
0.260427,0.282654,0.0174901,0.0,0.0,0.0,0.0
0.260844,0.282116,0.0182567,0.0,0.0,0.0,0.0
0.261977,0.282683,0.0185061,0.0,0.0,0.0,0.0
0.273092,0.272644,0.0134638,0.0,0.0,0.0,0.0
0.272952,0.272664,0.0128505,0.0,0.0,0.0,0.0
0.273398,0.274348,0.0126958,0.0,0.0,0.0,0.0
0.273822,0.274357,0.0134209,0.0,0.0,0.0,0.0
0.271939,0.28417,0.0124293,0.0,0.0,0.0,0.0
0.273061,0.284137,0.0125871,0.0,0.0,0.0,0.0
0.273331,0.282014,0.012645,0.0,0.0,0.0,0.0
0.271925,0.282496,0.0125294,0.0,0.0,0.0,0.0
0.27378,0.284136,0.0131223,0.0,0.0,0.0,0.0
0.273794,0.282623,0.0131968,0.0,0.0,0.0,0.0
0.273242,0.272707,0.017298,0.0,0.0,0.0,0.0
0.272268,0.271916,0.0172958,0.0,0.0,0.0,0.0
0.272429,0.271822,0.0165374,0.0,0.0,0.0,0.0
0.273947,0.273878,0.0164808,0.0,0.0,0.0,0.0
0.27415,0.273703,0.0172754,0.0,0.0,0.0,0.0
0.265116,0.286591,0.0181954,0.0,0.0,0.0,0.0
0.265034,0.286728,0.0174262,0.0,0.0,0.0,0.0
0.264973,0.286866,0.0168703,0.0,0.0,0.0,0.0
0.263833,0.286694,0.0166709,0.0,0.0,0.0,0.0
0.278037,0.282189,0.0164174,0.0,0.0,0.0,0.0
0.278026,0.284084,0.0164202,0.0,0.0,0.0,0.0
0.27856,0.284086,0.0169085,0.0,0.0,0.0,0.0
0.27855,0.282175,0.0169131,0.0,0.0,0.0,0.0
0.277991,0.285978,0.0163926,0.0,0.0,0.0,0.0
0.278546,0.286029,0.01687,0.0,0.0,0.0,0.0
0.271842,0.289708,0.016431,0.0,0.0,0.0,0.0
0.271827,0.289822,0.0172153,0.0,0.0,0.0,0.0
0.273417,0.289945,0.0163524,0.0,0.0,0.0,0.0
0.275007,0.289884,0.0162666,0.0,0.0,0.0,0.0
0.271724,0.290118,0.0179748,0.0,0.0,0.0,0.0
0.265524,0.268753,0.0188304,0.0,0.0,0.0,0.0
0.264075,0.269199,0.0196598,0.0,0.0,0.0,0.0
0.263042,0.269408,0.0195731,0.0,0.0,0.0,0.0
0.260636,0.272511,0.0189918,0.0,0.0,0.0,0.0
0.259405,0.272517,0.0186475,0.0,0.0,0.0,0.0
0.258869,0.271916,0.0185734,0.0,0.0,0.0,0.0
0.259037,0.270567,0.0184346,0.0,0.0,0.0,0.0
0.261381,0.272542,0.0196787,0.0,0.0,0.0,0.0
0.261345,0.274395,0.0196652,0.0,0.0,0.0,0.0
0.271875,0.272463,0.0187505,0.0,0.0,0.0,0.0
0.273644,0.274065,0.0187397,0.0,0.0,0.0,0.0
0.273616,0.274087,0.0194903,0.0,0.0,0.0,0.0
0.271878,0.272456,0.019487,0.0,0.0,0.0,0.0
0.264377,0.284054,0.0196678,0.0,0.0,0.0,0.0
0.2637,0.284063,0.0190007,0.0,0.0,0.0,0.0
0.263502,0.282692,0.0192599,0.0,0.0,0.0,0.0
0.264014,0.282103,0.0197262,0.0,0.0,0.0,0.0
0.265079,0.282715,0.0200304,0.0,0.0,0.0,0.0
0.265388,0.283998,0.0196982,0.0,0.0,0.0,0.0
0.26573,0.285441,0.0196108,0.0,0.0,0.0,0.0
0.264774,0.285093,0.0193629,0.0,0.0,0.0,0.0
0.273171,0.282145,0.0235744,0.0,0.0,0.0,0.0
0.271722,0.283982,0.0226699,0.0,0.0,0.0,0.0
0.271704,0.282128,0.0225918,0.0,0.0,0.0,0.0
0.274819,0.282102,0.0242326,0.0,0.0,0.0,0.0
0.273115,0.286384,0.0226941,0.0,0.0,0.0,0.0
0.271949,0.285865,0.0226381,0.0,0.0,0.0,0.0
0.284905,0.283499,0.0231588,0.0,0.0,0.0,0.0
0.28489,0.283458,0.0240018,0.0,0.0,0.0,0.0
0.271943,0.289706,0.0195596,0.0,0.0,0.0,0.0
0.273201,0.29025,0.019636,0.0,0.0,0.0,0.0
0.273132,0.290769,0.0188563,0.0,0.0,0.0,0.0
0.271863,0.289884,0.0188054,0.0,0.0,0.0,0.0
0.274601,0.29067,0.0187385,0.0,0.0,0.0,0.0
0.274489,0.290791,0.0195512,0.0,0.0,0.0,0.0
0.273533,0.28777,0.0224819,0.0,0.0,0.0,0.0
0.274736,0.287878,0.0233489,0.0,0.0,0.0,0.0
0.274509,0.288432,0.0228598,0.0,0.0,0.0,0.0
0.276676,0.289673,0.024035,0.0,0.0,0.0,0.0
0.276142,0.29025,0.0234796,0.0,0.0,0.0,0.0
0.276209,0.287877,0.0244827,0.0,0.0,0.0,0.0
0.284174,0.299642,0.0230949,0.0,0.0,0.0,0.0
0.285939,0.299435,0.022687,0.0,0.0,0.0,0.0
0.285862,0.297923,0.0225016,0.0,0.0,0.0,0.0
0.284395,0.297889,0.0223297,0.0,0.0,0.0,0.0
0.286554,0.300509,0.0226887,0.0,0.0,0.0,0.0
0.287538,0.300766,0.0225959,0.0,0.0,0.0,0.0
0.287731,0.299151,0.0225692,0.0,0.0,0.0,0.0
0.286956,0.298255,0.0219176,0.0,0.0,0.0,0.0
0.289114,0.301319,0.0226822,0.0,0.0,0.0,0.0
0.289108,0.299706,0.022733,0.0,0.0,0.0,0.0
0.290673,0.301338,0.0226645,0.0,0.0,0.0,0.0
0.290631,0.299783,0.0227206,0.0,0.0,0.0,0.0
0.290742,0.30293,0.0234208,0.0,0.0,0.0,0.0
0.289522,0.302832,0.0231266,0.0,0.0,0.0,0.0
0.28975,0.302419,0.0226934,0.0,0.0,0.0,0.0
0.290754,0.302478,0.0227746,0.0,0.0,0.0,0.0
0.28432,0.285966,0.0256894,0.0,0.0,0.0,0.0
0.285828,0.285962,0.0260306,0.0,0.0,0.0,0.0
0.285484,0.287437,0.0259303,0.0,0.0,0.0,0.0
0.28437,0.287962,0.0257342,0.0,0.0,0.0,0.0
0.285443,0.299542,0.0256841,0.0,0.0,0.0,0.0
0.28423,0.299081,0.02484,0.0,0.0,0.0,0.0
0.283769,0.29808,0.0252224,0.0,0.0,0.0,0.0
0.284312,0.297494,0.0256723,0.0,0.0,0.0,0.0
0.285498,0.298031,0.0257279,0.0,0.0,0.0,0.0
0.300119,0.298661,0.0297229,0.0,0.0,0.0,0.0
0.301403,0.298123,0.0295389,0.0,0.0,0.0,0.0
0.301822,0.299423,0.0292266,0.0,0.0,0.0,0.0
0.300951,0.298716,0.0297969,0.0,0.0,0.0,0.0
0.302706,0.300285,0.0292433,0.0,0.0,0.0,0.0
0.30246,0.300432,0.0298272,0.0,0.0,0.0,0.0
0.302862,0.301444,0.0300485,0.0,0.0,0.0,0.0
0.30276,0.301748,0.029205,0.0,0.0,0.0,0.0
0.301574,0.297936,0.028398,0.0,0.0,0.0,0.0
0.302518,0.301735,0.0286058,0.0,0.0,0.0,0.0
0.302471,0.300457,0.0287485,0.0,0.0,0.0,0.0
0.301872,0.299689,0.028409,0.0,0.0,0.0,0.0
0.301887,0.301084,0.0283539,0.0,0.0,0.0,0.0
0.298792,0.303412,0.0252122,0.0,0.0,0.0,0.0
0.29826,0.303478,0.0246959,0.0,0.0,0.0,0.0
0.298862,0.305347,0.0243039,0.0,0.0,0.0,0.0
0.299072,0.304812,0.0249568,0.0,0.0,0.0,0.0
0.298489,0.305279,0.029877,0.0,0.0,0.0,0.0
0.296999,0.305504,0.0298142,0.0,0.0,0.0,0.0
0.296976,0.303604,0.0297393,0.0,0.0,0.0,0.0
0.303012,0.30537,0.028509,0.0,0.0,0.0,0.0
0.303584,0.305371,0.0289744,0.0,0.0,0.0,0.0
0.303697,0.303443,0.0290827,0.0,0.0,0.0,0.0
0.303007,0.303496,0.0284693,0.0,0.0,0.0,0.0
0.303422,0.302954,0.0305938,0.0,0.0,0.0,0.0
0.297798,0.319417,0.0300069,0.0,0.0,0.0,0.0
0.297901,0.319476,0.0291872,0.0,0.0,0.0,0.0
0.296971,0.318535,0.0292692,0.0,0.0,0.0,0.0
0.29666,0.317204,0.0292177,0.0,0.0,0.0,0.0
0.296688,0.316844,0.0299628,0.0,0.0,0.0,0.0
0.298793,0.320847,0.0292014,0.0,0.0,0.0,0.0
0.298452,0.320841,0.0299695,0.0,0.0,0.0,0.0
0.29664,0.317252,0.0284966,0.0,0.0,0.0,0.0
0.296939,0.318593,0.0283163,0.0,0.0,0.0,0.0
0.299644,0.321252,0.0283181,0.0,0.0,0.0,0.0
0.297903,0.319462,0.0282869,0.0,0.0,0.0,0.0
0.29939,0.321502,0.0287872,0.0,0.0,0.0,0.0
0.296785,0.315008,0.0307682,0.0,0.0,0.0,0.0
0.297836,0.315005,0.0312613,0.0,0.0,0.0,0.0
0.297766,0.31694,0.0312285,0.0,0.0,0.0,0.0
0.296278,0.315635,0.0304568,0.0,0.0,0.0,0.0
0.298536,0.314966,0.0318524,0.0,0.0,0.0,0.0
0.298274,0.317002,0.0317248,0.0,0.0,0.0,0.0
0.299581,0.312945,0.0318492,0.0,0.0,0.0,0.0
0.299442,0.314383,0.0319038,0.0,0.0,0.0,0.0
0.297921,0.313066,0.0312212,0.0,0.0,0.0,0.0
0.312837,0.313115,0.0358602,0.0,0.0,0.0,0.0
0.312659,0.313049,0.0350455,0.0,0.0,0.0,0.0
0.297732,0.318941,0.0309022,0.0,0.0,0.0,0.0
0.29863,0.320713,0.0307215,0.0,0.0,0.0,0.0
0.298133,0.31896,0.0317169,0.0,0.0,0.0,0.0
0.312777,0.320861,0.036008,0.0,0.0,0.0,0.0
0.312786,0.320834,0.0352511,0.0,0.0,0.0,0.0
0.311708,0.318298,0.034647,0.0,0.0,0.0,0.0
0.311831,0.319106,0.0344253,0.0,0.0,0.0,0.0
0.312854,0.328643,0.0361646,0.0,0.0,0.0,0.0
0.31281,0.328658,0.0353937,0.0,0.0,0.0,0.0
0.309285,0.33684,0.0344012,0.0,0.0,0.0,0.0
0.309255,0.336863,0.0353681,0.0,0.0,0.0,0.0
0.311036,0.336895,0.0353603,0.0,0.0,0.0,0.0
0.311045,0.336889,0.0344164,0.0,0.0,0.0,0.0
0.312811,0.334519,0.0345539,0.0,0.0,0.0,0.0
0.311741,0.335621,0.0361003,0.0,0.0,0.0,0.0
0.311006,0.33684,0.0362791,0.0,0.0,0.0,0.0
0.309273,0.336756,0.0362912,0.0,0.0,0.0,0.0
0.228114,0.192689,0.0407636,0.0,0.0,0.0,0.0
0.228126,0.190983,0.0418802,0.0,0.0,0.0,0.0
0.235965,0.189025,0.0418593,0.0,0.0,0.0,0.0
0.234417,0.189143,0.0418386,0.0,0.0,0.0,0.0
0.233971,0.190513,0.0416846,0.0,0.0,0.0,0.0
0.239242,0.191054,0.0406871,0.0,0.0,0.0,0.0
0.240595,0.190754,0.0402601,0.0,0.0,0.0,0.0
0.240593,0.189117,0.0409406,0.0,0.0,0.0,0.0
0.240548,0.188522,0.0415473,0.0,0.0,0.0,0.0
0.260866,0.189336,0.0418057,0.0,0.0,0.0,0.0
0.261292,0.188695,0.0413788,0.0,0.0,0.0,0.0
0.26258,0.189161,0.0414404,0.0,0.0,0.0,0.0
0.259852,0.192448,0.0424926,0.0,0.0,0.0,0.0
0.259172,0.191298,0.04196,0.0,0.0,0.0,0.0
0.262639,0.18846,0.040939,0.0,0.0,0.0,0.0
0.26146,0.188366,0.0409136,0.0,0.0,0.0,0.0
0.259356,0.189305,0.041811,0.0,0.0,0.0,0.0
0.265348,0.191041,0.0415924,0.0,0.0,0.0,0.0
0.2644,0.190657,0.0417008,0.0,0.0,0.0,0.0
0.263958,0.189694,0.0413373,0.0,0.0,0.0,0.0
0.264053,0.188715,0.040753,0.0,0.0,0.0,0.0
0.265497,0.189234,0.0407848,0.0,0.0,0.0,0.0
0.265981,0.19094,0.0409166,0.0,0.0,0.0,0.0
0.265952,0.192584,0.0414269,0.0,0.0,0.0,0.0
0.265446,0.193184,0.0418351,0.0,0.0,0.0,0.0
0.266207,0.192325,0.0409829,0.0,0.0,0.0,0.0
0.222079,0.196898,0.040757,0.0,0.0,0.0,0.0
0.223455,0.196898,0.0408105,0.0,0.0,0.0,0.0
0.223493,0.195169,0.040815,0.0,0.0,0.0,0.0
0.222097,0.195225,0.0407832,0.0,0.0,0.0,0.0
0.221989,0.193095,0.0418829,0.0,0.0,0.0,0.0
0.22137,0.194356,0.041571,0.0,0.0,0.0,0.0
0.221568,0.194619,0.0410514,0.0,0.0,0.0,0.0
0.22343,0.193045,0.0408414,0.0,0.0,0.0,0.0
0.223376,0.192492,0.0416478,0.0,0.0,0.0,0.0
0.224991,0.196896,0.0408101,0.0,0.0,0.0,0.0
0.224995,0.195134,0.0408134,0.0,0.0,0.0,0.0
0.224692,0.208003,0.0404061,0.0,0.0,0.0,0.0
0.224705,0.206468,0.0403471,0.0,0.0,0.0,0.0
0.223887,0.208532,0.0406848,0.0,0.0,0.0,0.0
0.225073,0.204359,0.0407216,0.0,0.0,0.0,0.0
0.221335,0.204998,0.0416626,0.0,0.0,0.0,0.0
0.221116,0.205899,0.0412301,0.0,0.0,0.0,0.0
0.228128,0.196915,0.0408076,0.0,0.0,0.0,0.0
0.228122,0.195133,0.04081,0.0,0.0,0.0,0.0
0.226552,0.19513,0.0408114,0.0,0.0,0.0,0.0
0.226553,0.1969,0.040797,0.0,0.0,0.0,0.0
0.273885,0.205238,0.0398538,0.0,0.0,0.0,0.0
0.21539,0.210608,0.0407951,0.0,0.0,0.0,0.0
0.215703,0.209043,0.0408412,0.0,0.0,0.0,0.0
0.21471,0.209374,0.0412974,0.0,0.0,0.0,0.0
0.214664,0.210616,0.0415085,0.0,0.0,0.0,0.0
0.223302,0.210161,0.040709,0.0,0.0,0.0,0.0
0.223016,0.209708,0.040911,0.0,0.0,0.0,0.0
0.222237,0.209711,0.0408743,0.0,0.0,0.0,0.0
0.221843,0.210247,0.0407324,0.0,0.0,0.0,0.0
0.221857,0.224003,0.040884,0.0,0.0,0.0,0.0
0.222971,0.224076,0.0399854,0.0,0.0,0.0,0.0
0.222887,0.222639,0.0399179,0.0,0.0,0.0,0.0
0.221795,0.222099,0.0402719,0.0,0.0,0.0,0.0
0.246887,0.222077,0.0367845,0.0,0.0,0.0,0.0
0.248446,0.222066,0.036784,0.0,0.0,0.0,0.0
0.248457,0.22017,0.0367863,0.0,0.0,0.0,0.0
0.246901,0.220252,0.0367827,0.0,0.0,0.0,0.0
0.251571,0.220138,0.0367842,0.0,0.0,0.0,0.0
0.251568,0.222059,0.0367841,0.0,0.0,0.0,0.0
0.253128,0.222063,0.0367845,0.0,0.0,0.0,0.0
0.253123,0.220146,0.0367835,0.0,0.0,0.0,0.0
0.265709,0.221907,0.0367234,0.0,0.0,0.0,0.0
0.264619,0.221336,0.0368044,0.0,0.0,0.0,0.0
0.264137,0.222019,0.037696,0.0,0.0,0.0,0.0
0.26521,0.222574,0.0371496,0.0,0.0,0.0,0.0
0.264184,0.220023,0.0368398,0.0,0.0,0.0,0.0
0.265691,0.220065,0.0367946,0.0,0.0,0.0,0.0
0.263721,0.220574,0.0373928,0.0,0.0,0.0,0.0
0.274384,0.210114,0.0403386,0.0,0.0,0.0,0.0
0.274299,0.209409,0.0407846,0.0,0.0,0.0,0.0
0.274521,0.211504,0.0418118,0.0,0.0,0.0,0.0
0.274792,0.211335,0.0412559,0.0,0.0,0.0,0.0
0.274769,0.212523,0.0411807,0.0,0.0,0.0,0.0
0.274827,0.212485,0.0404651,0.0,0.0,0.0,0.0
0.274787,0.211279,0.0404141,0.0,0.0,0.0,0.0
0.221976,0.227075,0.0407556,0.0,0.0,0.0,0.0
0.223491,0.22767,0.0407217,0.0,0.0,0.0,0.0
0.223475,0.225822,0.0404879,0.0,0.0,0.0,0.0
0.221938,0.225765,0.040876,0.0,0.0,0.0,0.0
0.221891,0.227667,0.0412407,0.0,0.0,0.0,0.0
0.223019,0.22834,0.0410466,0.0,0.0,0.0,0.0
0.225171,0.227612,0.0408632,0.0,0.0,0.0,0.0
0.224687,0.226313,0.0404733,0.0,0.0,0.0,0.0
0.221818,0.228293,0.041867,0.0,0.0,0.0,0.0
0.222877,0.22862,0.0415477,0.0,0.0,0.0,0.0
0.24844,0.227879,0.0367843,0.0,0.0,0.0,0.0
0.248441,0.22594,0.036784,0.0,0.0,0.0,0.0
0.246879,0.225945,0.0367837,0.0,0.0,0.0,0.0
0.246881,0.227883,0.0367837,0.0,0.0,0.0,0.0
0.238965,0.236614,0.0415667,0.0,0.0,0.0,0.0
0.240661,0.236346,0.041704,0.0,0.0,0.0,0.0
0.240665,0.237577,0.0406085,0.0,0.0,0.0,0.0
0.238431,0.236765,0.0404527,0.0,0.0,0.0,0.0
0.248889,0.236351,0.0410039,0.0,0.0,0.0,0.0
0.248422,0.237624,0.0407502,0.0,0.0,0.0,0.0
0.246847,0.23789,0.0407729,0.0,0.0,0.0,0.0
0.246788,0.236909,0.0410351,0.0,0.0,0.0,0.0
0.246886,0.236121,0.0417956,0.0,0.0,0.0,0.0
0.260776,0.22794,0.036807,0.0,0.0,0.0,0.0
0.260852,0.225997,0.0367949,0.0,0.0,0.0,0.0
0.259327,0.225972,0.036789,0.0,0.0,0.0,0.0
0.259354,0.227886,0.03678,0.0,0.0,0.0,0.0
0.251604,0.237328,0.0377473,0.0,0.0,0.0,0.0
0.253155,0.237614,0.0377908,0.0,0.0,0.0,0.0
0.253156,0.235406,0.0367778,0.0,0.0,0.0,0.0
0.251569,0.235494,0.0367751,0.0,0.0,0.0,0.0
0.251076,0.236216,0.0370245,0.0,0.0,0.0,0.0
0.269676,0.225257,0.0381628,0.0,0.0,0.0,0.0
0.310912,0.299654,0.0404225,0.0,0.0,0.0,0.0
0.312053,0.3003,0.0405608,0.0,0.0,0.0,0.0
0.313288,0.301422,0.0409003,0.0,0.0,0.0,0.0
0.309378,0.297341,0.0418316,0.0,0.0,0.0,0.0
0.309344,0.298054,0.0410301,0.0,0.0,0.0,0.0
0.310262,0.29852,0.0415366,0.0,0.0,0.0,0.0
0.310604,0.298239,0.0419802,0.0,0.0,0.0,0.0
0.297395,0.313229,0.0406037,0.0,0.0,0.0,0.0
0.296485,0.313174,0.0408683,0.0,0.0,0.0,0.0
0.296347,0.315034,0.0408092,0.0,0.0,0.0,0.0
0.296843,0.315112,0.0402782,0.0,0.0,0.0,0.0
0.296807,0.316922,0.0402727,0.0,0.0,0.0,0.0
0.296136,0.317031,0.0408852,0.0,0.0,0.0,0.0
0.310951,0.304751,0.0362969,0.0,0.0,0.0,0.0
0.310949,0.303693,0.0374537,0.0,0.0,0.0,0.0
0.309408,0.303666,0.0374597,0.0,0.0,0.0,0.0
0.309382,0.304746,0.0363723,0.0,0.0,0.0,0.0
0.300841,0.315057,0.0371648,0.0,0.0,0.0,0.0
0.300864,0.314978,0.0365821,0.0,0.0,0.0,0.0
0.300942,0.312979,0.0365505,0.0,0.0,0.0,0.0
0.300776,0.313037,0.0372162,0.0,0.0,0.0,0.0
0.312788,0.313124,0.0366779,0.0,0.0,0.0,0.0
0.312779,0.317,0.0374975,0.0,0.0,0.0,0.0
0.312782,0.315073,0.037485,0.0,0.0,0.0,0.0
0.312803,0.313165,0.0374609,0.0,0.0,0.0,0.0
0.300088,0.305495,0.0407297,0.0,0.0,0.0,0.0
0.30116,0.305338,0.0401098,0.0,0.0,0.0,0.0
0.30165,0.303575,0.0404834,0.0,0.0,0.0,0.0
0.313003,0.3035,0.0410069,0.0,0.0,0.0,0.0
0.312954,0.305399,0.0407863,0.0,0.0,0.0,0.0
0.312004,0.305392,0.04101,0.0,0.0,0.0,0.0
0.311495,0.305385,0.0416853,0.0,0.0,0.0,0.0
0.311822,0.316988,0.0403542,0.0,0.0,0.0,0.0
0.311509,0.317124,0.0416855,0.0,0.0,0.0,0.0
0.311758,0.315737,0.0417697,0.0,0.0,0.0,0.0
0.3118,0.315012,0.041214,0.0,0.0,0.0,0.0
0.311785,0.315012,0.0403614,0.0,0.0,0.0,0.0
0.311903,0.312963,0.0418605,0.0,0.0,0.0,0.0
0.312108,0.313066,0.0412264,0.0,0.0,0.0,0.0
0.311622,0.315555,0.042252,0.0,0.0,0.0,0.0
0.312646,0.313167,0.0406028,0.0,0.0,0.0,0.0
0.295967,0.31761,0.0418487,0.0,0.0,0.0,0.0
0.296779,0.318938,0.0419239,0.0,0.0,0.0,0.0
0.296884,0.318971,0.0410284,0.0,0.0,0.0,0.0
0.296984,0.318431,0.0401855,0.0,0.0,0.0,0.0
0.297796,0.321283,0.0419519,0.0,0.0,0.0,0.0
0.297792,0.320923,0.0410758,0.0,0.0,0.0,0.0
0.297584,0.319614,0.0407792,0.0,0.0,0.0,0.0
0.312465,0.328661,0.0368458,0.0,0.0,0.0,0.0
0.312816,0.332629,0.03777,0.0,0.0,0.0,0.0
0.312825,0.330624,0.0376504,0.0,0.0,0.0,0.0
0.312358,0.328664,0.037579,0.0,0.0,0.0,0.0
0.30936,0.336056,0.0369992,0.0,0.0,0.0,0.0
0.308765,0.335264,0.0373534,0.0,0.0,0.0,0.0
0.309264,0.335053,0.0379514,0.0,0.0,0.0,0.0
0.310922,0.334995,0.0381234,0.0,0.0,0.0,0.0
0.310838,0.33622,0.0369163,0.0,0.0,0.0,0.0
0.311823,0.335624,0.0368503,0.0,0.0,0.0,0.0
0.312212,0.334356,0.0368509,0.0,0.0,0.0,0.0
0.311835,0.334263,0.0375512,0.0,0.0,0.0,0.0
0.223472,0.179688,0.046316,0.0,0.0,0.0,0.0
0.223569,0.179654,0.047235,0.0,0.0,0.0,0.0
0.2223,0.179732,0.0472942,0.0,0.0,0.0,0.0
0.221393,0.180565,0.0473469,0.0,0.0,0.0,0.0
0.221786,0.180778,0.0463286,0.0,0.0,0.0,0.0
0.222879,0.180464,0.0459186,0.0,0.0,0.0,0.0
0.221839,0.180925,0.048303,0.0,0.0,0.0,0.0
0.222528,0.180071,0.0479086,0.0,0.0,0.0,0.0
0.223561,0.180107,0.047795,0.0,0.0,0.0,0.0
0.223445,0.180835,0.0485848,0.0,0.0,0.0,0.0
0.228111,0.179644,0.0472256,0.0,0.0,0.0,0.0
0.226555,0.179641,0.0472126,0.0,0.0,0.0,0.0
0.226555,0.17961,0.0465071,0.0,0.0,0.0,0.0
0.22811,0.179607,0.046521,0.0,0.0,0.0,0.0
0.248895,0.190483,0.0468492,0.0,0.0,0.0,0.0
0.247507,0.190399,0.0476935,0.0,0.0,0.0,0.0
0.246965,0.189493,0.0473717,0.0,0.0,0.0,0.0
0.247015,0.188599,0.046851,0.0,0.0,0.0,0.0
0.248464,0.189086,0.0468251,0.0,0.0,0.0,0.0
0.250094,0.190976,0.0468252,0.0,0.0,0.0,0.0
0.25053,0.192396,0.0468829,0.0,0.0,0.0,0.0
0.24737,0.190597,0.0481171,0.0,0.0,0.0,0.0
0.209399,0.206612,0.0426709,0.0,0.0,0.0,0.0
0.210288,0.205943,0.0419707,0.0,0.0,0.0,0.0
0.210601,0.20458,0.0425227,0.0,0.0,0.0,0.0
0.209318,0.204591,0.0428514,0.0,0.0,0.0,0.0
0.210947,0.20658,0.0417706,0.0,0.0,0.0,0.0
0.211343,0.204636,0.0417694,0.0,0.0,0.0,0.0
0.209308,0.208554,0.0427395,0.0,0.0,0.0,0.0
0.209893,0.208606,0.0420347,0.0,0.0,0.0,0.0
0.211042,0.208544,0.0417968,0.0,0.0,0.0,0.0
0.202539,0.194493,0.0472353,0.0,0.0,0.0,0.0
0.201696,0.195469,0.0472277,0.0,0.0,0.0,0.0
0.201733,0.196995,0.0472479,0.0,0.0,0.0,0.0
0.201654,0.197002,0.0464656,0.0,0.0,0.0,0.0
0.202681,0.194619,0.0463793,0.0,0.0,0.0,0.0
0.259611,0.194991,0.0427452,0.0,0.0,0.0,0.0
0.259275,0.193156,0.0428498,0.0,0.0,0.0,0.0
0.260443,0.193675,0.0428384,0.0,0.0,0.0,0.0
0.261015,0.194951,0.0428717,0.0,0.0,0.0,0.0
0.260986,0.196877,0.0429343,0.0,0.0,0.0,0.0
0.262514,0.195537,0.0428236,0.0,0.0,0.0,0.0
0.262509,0.196961,0.0428843,0.0,0.0,0.0,0.0
0.261257,0.208446,0.0438153,0.0,0.0,0.0,0.0
0.26126,0.20659,0.0438073,0.0,0.0,0.0,0.0
0.262587,0.206545,0.0438232,0.0,0.0,0.0,0.0
0.262524,0.204652,0.0438388,0.0,0.0,0.0,0.0
0.261001,0.204653,0.0437778,0.0,0.0,0.0,0.0
0.252254,0.196185,0.0476787,0.0,0.0,0.0,0.0
0.251809,0.194985,0.0472651,0.0,0.0,0.0,0.0
0.252084,0.194391,0.0468886,0.0,0.0,0.0,0.0
0.253242,0.194877,0.046757,0.0,0.0,0.0,0.0
0.253543,0.196395,0.0468853,0.0,0.0,0.0,0.0
0.253249,0.196868,0.0474603,0.0,0.0,0.0,0.0
0.252027,0.196314,0.0480646,0.0,0.0,0.0,0.0
0.251115,0.194929,0.0479404,0.0,0.0,0.0,0.0
0.27006,0.199119,0.0417636,0.0,0.0,0.0,0.0
0.270725,0.200215,0.0424195,0.0,0.0,0.0,0.0
0.263992,0.204713,0.0435521,0.0,0.0,0.0,0.0
0.264241,0.204382,0.042999,0.0,0.0,0.0,0.0
0.265595,0.204674,0.0428096,0.0,0.0,0.0,0.0
0.273197,0.204755,0.0428237,0.0,0.0,0.0,0.0
0.274284,0.204836,0.0428418,0.0,0.0,0.0,0.0
0.27182,0.20661,0.0428168,0.0,0.0,0.0,0.0
0.271809,0.208548,0.0428203,0.0,0.0,0.0,0.0
0.209195,0.210449,0.0427948,0.0,0.0,0.0,0.0
0.209875,0.210449,0.0420715,0.0,0.0,0.0,0.0
0.209872,0.212371,0.0420725,0.0,0.0,0.0,0.0
0.209187,0.212375,0.0428004,0.0,0.0,0.0,0.0
0.210962,0.222036,0.0427683,0.0,0.0,0.0,0.0
0.211068,0.219974,0.0427256,0.0,0.0,0.0,0.0
0.209493,0.219998,0.0427836,0.0,0.0,0.0,0.0
0.210472,0.222565,0.0431115,0.0,0.0,0.0,0.0
0.210705,0.223928,0.0433973,0.0,0.0,0.0,0.0
0.21143,0.22386,0.0427571,0.0,0.0,0.0,0.0
0.200963,0.212435,0.0460052,0.0,0.0,0.0,0.0
0.200949,0.210954,0.0460745,0.0,0.0,0.0,0.0
0.200531,0.210317,0.0465416,0.0,0.0,0.0,0.0
0.199915,0.210414,0.0471369,0.0,0.0,0.0,0.0
0.199918,0.212327,0.047094,0.0,0.0,0.0,0.0
0.250454,0.22407,0.0466439,0.0,0.0,0.0,0.0
0.250719,0.222859,0.0468198,0.0,0.0,0.0,0.0
0.259776,0.212424,0.0437747,0.0,0.0,0.0,0.0
0.259919,0.21095,0.0439713,0.0,0.0,0.0,0.0
0.260995,0.210384,0.0438031,0.0,0.0,0.0,0.0
0.261081,0.212403,0.0438456,0.0,0.0,0.0,0.0
0.260983,0.221546,0.0437591,0.0,0.0,0.0,0.0
0.259848,0.222746,0.0433092,0.0,0.0,0.0,0.0
0.259423,0.22208,0.0438903,0.0,0.0,0.0,0.0
0.259421,0.220125,0.0438381,0.0,0.0,0.0,0.0
0.260935,0.220037,0.0438093,0.0,0.0,0.0,0.0
0.259332,0.224029,0.0427958,0.0,0.0,0.0,0.0
0.262508,0.22006,0.0437523,0.0,0.0,0.0,0.0
0.262835,0.220544,0.0429376,0.0,0.0,0.0,0.0
0.253874,0.212489,0.0476429,0.0,0.0,0.0,0.0
0.253884,0.211117,0.0476714,0.0,0.0,0.0,0.0
0.253762,0.211089,0.0473836,0.0,0.0,0.0,0.0
0.253782,0.21249,0.0473736,0.0,0.0,0.0,0.0
0.251638,0.220462,0.047243,0.0,0.0,0.0,0.0
0.251882,0.220579,0.0479553,0.0,0.0,0.0,0.0
0.271783,0.21048,0.0428787,0.0,0.0,0.0,0.0
0.272909,0.210543,0.042471,0.0,0.0,0.0,0.0
0.264058,0.220121,0.0427925,0.0,0.0,0.0,0.0
0.265654,0.222087,0.0428332,0.0,0.0,0.0,0.0
0.211538,0.225205,0.0435397,0.0,0.0,0.0,0.0
0.211741,0.224926,0.0430089,0.0,0.0,0.0,0.0
0.221916,0.236861,0.047326,0.0,0.0,0.0,0.0
0.22342,0.237479,0.0471331,0.0,0.0,0.0,0.0
0.223308,0.236279,0.0460108,0.0,0.0,0.0,0.0
0.221927,0.235841,0.0464906,0.0,0.0,0.0,0.0
0.221406,0.236201,0.0468773,0.0,0.0,0.0,0.0
0.226598,0.236916,0.0466275,0.0,0.0,0.0,0.0
0.22653,0.237573,0.0471519,0.0,0.0,0.0,0.0
0.22811,0.237573,0.0471558,0.0,0.0,0.0,0.0
0.228104,0.236881,0.04661,0.0,0.0,0.0,0.0
0.248779,0.225901,0.0472045,0.0,0.0,0.0,0.0
0.248707,0.226182,0.0464891,0.0,0.0,0.0,0.0
0.246788,0.228128,0.0464492,0.0,0.0,0.0,0.0
0.246804,0.228142,0.0472573,0.0,0.0,0.0,0.0
0.259391,0.226016,0.0428283,0.0,0.0,0.0,0.0
0.26094,0.227882,0.0428306,0.0,0.0,0.0,0.0
0.269682,0.225929,0.0425741,0.0,0.0,0.0,0.0
0.303122,0.283845,0.0478774,0.0,0.0,0.0,0.0
0.303122,0.285608,0.0468456,0.0,0.0,0.0,0.0
0.2985,0.288492,0.0464874,0.0,0.0,0.0,0.0
0.29683,0.287939,0.0469735,0.0,0.0,0.0,0.0
0.296412,0.289327,0.0468616,0.0,0.0,0.0,0.0
0.296919,0.289679,0.0464791,0.0,0.0,0.0,0.0
0.298,0.289435,0.0461497,0.0,0.0,0.0,0.0
0.296965,0.286153,0.0479273,0.0,0.0,0.0,0.0
0.296422,0.287402,0.0476724,0.0,0.0,0.0,0.0
0.289095,0.2977,0.0470379,0.0,0.0,0.0,0.0
0.289038,0.299619,0.0470679,0.0,0.0,0.0,0.0
0.290152,0.299596,0.0459592,0.0,0.0,0.0,0.0
0.290281,0.29771,0.0460261,0.0,0.0,0.0,0.0
0.303059,0.297171,0.0423117,0.0,0.0,0.0,0.0
0.301657,0.297767,0.0427182,0.0,0.0,0.0,0.0
0.301068,0.298915,0.0422011,0.0,0.0,0.0,0.0
0.301568,0.299618,0.0417899,0.0,0.0,0.0,0.0
0.30314,0.299255,0.0418009,0.0,0.0,0.0,0.0
0.309828,0.29965,0.0432855,0.0,0.0,0.0,0.0
0.310512,0.299771,0.0427314,0.0,0.0,0.0,0.0
0.310509,0.301556,0.042678,0.0,0.0,0.0,0.0
0.30978,0.301553,0.0432233,0.0,0.0,0.0,0.0
0.310544,0.298436,0.0427435,0.0,0.0,0.0,0.0
0.309925,0.297668,0.0430683,0.0,0.0,0.0,0.0
0.28957,0.303343,0.046647,0.0,0.0,0.0,0.0
0.289059,0.303369,0.0471302,0.0,0.0,0.0,0.0
0.289763,0.304595,0.0472245,0.0,0.0,0.0,0.0
0.289732,0.304521,0.046765,0.0,0.0,0.0,0.0
0.28996,0.305459,0.0462785,0.0,0.0,0.0,0.0
0.290048,0.303463,0.0460542,0.0,0.0,0.0,0.0
0.290202,0.305762,0.0472406,0.0,0.0,0.0,0.0
0.29009,0.301539,0.0460071,0.0,0.0,0.0,0.0
0.28902,0.301558,0.0470964,0.0,0.0,0.0,0.0
0.309514,0.30347,0.0427811,0.0,0.0,0.0,0.0
0.310539,0.303457,0.0427127,0.0,0.0,0.0,0.0
0.311219,0.313078,0.0429141,0.0,0.0,0.0,0.0
0.311326,0.315003,0.0428781,0.0,0.0,0.0,0.0
0.310725,0.31505,0.0434421,0.0,0.0,0.0,0.0
0.310733,0.313146,0.0434365,0.0,0.0,0.0,0.0
0.311751,0.312952,0.0424141,0.0,0.0,0.0,0.0
0.296751,0.319007,0.0427153,0.0,0.0,0.0,0.0
0.296819,0.319008,0.0435125,0.0,0.0,0.0,0.0
0.298459,0.320908,0.0433985,0.0,0.0,0.0,0.0
0.298091,0.321168,0.0427467,0.0,0.0,0.0,0.0
0.296077,0.317641,0.0426929,0.0,0.0,0.0,0.0
0.296065,0.3177,0.0435117,0.0,0.0,0.0,0.0
0.298086,0.317366,0.0466255,0.0,0.0,0.0,0.0
0.299987,0.318533,0.0474496,0.0,0.0,0.0,0.0
0.29998,0.319272,0.0466646,0.0,0.0,0.0,0.0
0.301605,0.319159,0.0472367,0.0,0.0,0.0,0.0
0.302633,0.319559,0.0477958,0.0,0.0,0.0,0.0
0.303133,0.320514,0.0475958,0.0,0.0,0.0,0.0
0.303152,0.32124,0.046897,0.0,0.0,0.0,0.0
0.301642,0.320803,0.0466612,0.0,0.0,0.0,0.0
0.301138,0.319529,0.0468247,0.0,0.0,0.0,0.0
0.30163,0.318396,0.0480644,0.0,0.0,0.0,0.0
0.303191,0.319096,0.0480261,0.0,0.0,0.0,0.0
0.236052,0.1897,0.0532956,0.0,0.0,0.0,0.0
0.235559,0.19064,0.0535349,0.0,0.0,0.0,0.0
0.234357,0.190733,0.0533735,0.0,0.0,0.0,0.0
0.233934,0.190365,0.0529577,0.0,0.0,0.0,0.0
0.234405,0.189102,0.0527561,0.0,0.0,0.0,0.0
0.236005,0.188818,0.0528032,0.0,0.0,0.0,0.0
0.236579,0.190062,0.0538908,0.0,0.0,0.0,0.0
0.237606,0.189994,0.0538006,0.0,0.0,0.0,0.0
0.237568,0.189518,0.0531305,0.0,0.0,0.0,0.0
0.234356,0.191683,0.0539533,0.0,0.0,0.0,0.0
0.234382,0.19309,0.0539132,0.0,0.0,0.0,0.0
0.237513,0.188689,0.0528932,0.0,0.0,0.0,0.0
0.247236,0.190732,0.0487725,0.0,0.0,0.0,0.0
0.249035,0.192433,0.0485637,0.0,0.0,0.0,0.0
0.248352,0.191762,0.0488396,0.0,0.0,0.0,0.0
0.240593,0.188811,0.0525209,0.0,0.0,0.0,0.0
0.240627,0.189453,0.0531491,0.0,0.0,0.0,0.0
0.23908,0.189497,0.0531002,0.0,0.0,0.0,0.0
0.239065,0.188641,0.052919,0.0,0.0,0.0,0.0
0.239081,0.189952,0.0537738,0.0,0.0,0.0,0.0
0.240618,0.192571,0.054288,0.0,0.0,0.0,0.0
0.240626,0.191127,0.05393,0.0,0.0,0.0,0.0
0.240631,0.189944,0.0537614,0.0,0.0,0.0,0.0
0.246865,0.189383,0.0525274,0.0,0.0,0.0,0.0
0.248245,0.189642,0.052526,0.0,0.0,0.0,0.0
0.248301,0.189744,0.0532568,0.0,0.0,0.0,0.0
0.246809,0.189627,0.0531577,0.0,0.0,0.0,0.0
0.24677,0.189936,0.0537664,0.0,0.0,0.0,0.0
0.247807,0.189923,0.0538463,0.0,0.0,0.0,0.0
0.246861,0.191,0.0538692,0.0,0.0,0.0,0.0
0.251719,0.190679,0.0523789,0.0,0.0,0.0,0.0
0.250261,0.190653,0.0525048,0.0,0.0,0.0,0.0
0.253199,0.190768,0.0533067,0.0,0.0,0.0,0.0
0.253107,0.191443,0.0542004,0.0,0.0,0.0,0.0
0.199775,0.204589,0.0480273,0.0,0.0,0.0,0.0
0.199659,0.204575,0.0489429,0.0,0.0,0.0,0.0
0.200186,0.206533,0.0498304,0.0,0.0,0.0,0.0
0.201175,0.206548,0.0499053,0.0,0.0,0.0,0.0
0.200179,0.204565,0.0498613,0.0,0.0,0.0,0.0
0.201259,0.204652,0.0498388,0.0,0.0,0.0,0.0
0.221809,0.195196,0.0529173,0.0,0.0,0.0,0.0
0.223714,0.194853,0.0529271,0.0,0.0,0.0,0.0
0.223792,0.196197,0.0528391,0.0,0.0,0.0,0.0
0.223428,0.196917,0.0530639,0.0,0.0,0.0,0.0
0.221834,0.196904,0.0529442,0.0,0.0,0.0,0.0
0.214102,0.206608,0.0529152,0.0,0.0,0.0,0.0
0.213626,0.206051,0.0528611,0.0,0.0,0.0,0.0
0.213693,0.204589,0.0528819,0.0,0.0,0.0,0.0
0.214574,0.204595,0.0529064,0.0,0.0,0.0,0.0
0.215647,0.204562,0.052928,0.0,0.0,0.0,0.0
0.21551,0.20647,0.0529172,0.0,0.0,0.0,0.0
0.22506,0.204712,0.0538457,0.0,0.0,0.0,0.0
0.223408,0.204624,0.0539184,0.0,0.0,0.0,0.0
0.221831,0.208499,0.0539155,0.0,0.0,0.0,0.0
0.221857,0.20657,0.0539126,0.0,0.0,0.0,0.0
0.221899,0.204646,0.05392,0.0,0.0,0.0,0.0
0.260892,0.195235,0.0525281,0.0,0.0,0.0,0.0
0.261143,0.194354,0.0529117,0.0,0.0,0.0,0.0
0.259894,0.194306,0.0528394,0.0,0.0,0.0,0.0
0.259444,0.194677,0.0524549,0.0,0.0,0.0,0.0
0.260403,0.193715,0.0534015,0.0,0.0,0.0,0.0
0.259423,0.193407,0.0530331,0.0,0.0,0.0,0.0
0.262895,0.196505,0.0523102,0.0,0.0,0.0,0.0
0.263117,0.196222,0.0527463,0.0,0.0,0.0,0.0
0.262702,0.195121,0.0528989,0.0,0.0,0.0,0.0
0.262019,0.195655,0.0524506,0.0,0.0,0.0,0.0
0.264179,0.19651,0.0529409,0.0,0.0,0.0,0.0
0.264151,0.195609,0.0533785,0.0,0.0,0.0,0.0
0.273042,0.206593,0.0524034,0.0,0.0,0.0,0.0
0.273473,0.204623,0.0529298,0.0,0.0,0.0,0.0
0.272282,0.204131,0.0528961,0.0,0.0,0.0,0.0
0.271784,0.204738,0.0524575,0.0,0.0,0.0,0.0
0.272203,0.206108,0.0521334,0.0,0.0,0.0,0.0
0.275043,0.204614,0.0529524,0.0,0.0,0.0,0.0
0.214051,0.212357,0.0529071,0.0,0.0,0.0,0.0
0.214015,0.210413,0.05291,0.0,0.0,0.0,0.0
0.215601,0.21006,0.05291,0.0,0.0,0.0,0.0
0.21554,0.212298,0.0529321,0.0,0.0,0.0,0.0
0.215884,0.208445,0.0528782,0.0,0.0,0.0,0.0
0.215649,0.209622,0.0528309,0.0,0.0,0.0,0.0
0.214022,0.208543,0.0529273,0.0,0.0,0.0,0.0
0.223239,0.210483,0.0539449,0.0,0.0,0.0,0.0
0.221791,0.210432,0.0539303,0.0,0.0,0.0,0.0
0.221794,0.21238,0.0539304,0.0,0.0,0.0,0.0
0.223227,0.212334,0.0539413,0.0,0.0,0.0,0.0
0.215644,0.22197,0.05291,0.0,0.0,0.0,0.0
0.214147,0.221952,0.0529098,0.0,0.0,0.0,0.0
0.21404,0.220068,0.0529147,0.0,0.0,0.0,0.0
0.215547,0.21971,0.0528996,0.0,0.0,0.0,0.0
0.224826,0.22008,0.0538431,0.0,0.0,0.0,0.0
0.223374,0.220146,0.0539235,0.0,0.0,0.0,0.0
0.221958,0.223992,0.0539029,0.0,0.0,0.0,0.0
0.221892,0.222059,0.0539184,0.0,0.0,0.0,0.0
0.221863,0.220128,0.0539151,0.0,0.0,0.0,0.0
0.252153,0.220763,0.0483963,0.0,0.0,0.0,0.0
0.253036,0.22196,0.0488035,0.0,0.0,0.0,0.0
0.253082,0.220075,0.0486326,0.0,0.0,0.0,0.0
0.274595,0.209086,0.0522724,0.0,0.0,0.0,0.0
0.275129,0.210581,0.0524452,0.0,0.0,0.0,0.0
0.273723,0.208125,0.052375,0.0,0.0,0.0,0.0
0.278185,0.210404,0.0529005,0.0,0.0,0.0,0.0
0.276572,0.222379,0.0523254,0.0,0.0,0.0,0.0
0.277017,0.222625,0.0528912,0.0,0.0,0.0,0.0
0.278172,0.222056,0.0529253,0.0,0.0,0.0,0.0
0.277576,0.221379,0.0523073,0.0,0.0,0.0,0.0
0.277776,0.220112,0.0524383,0.0,0.0,0.0,0.0
0.278414,0.220118,0.0529318,0.0,0.0,0.0,0.0
0.276028,0.223991,0.0527559,0.0,0.0,0.0,0.0
0.276902,0.224063,0.0529415,0.0,0.0,0.0,0.0
0.275537,0.222681,0.0519342,0.0,0.0,0.0,0.0
0.275328,0.224042,0.0520158,0.0,0.0,0.0,0.0
0.278225,0.224052,0.052903,0.0,0.0,0.0,0.0
0.287824,0.220112,0.0535888,0.0,0.0,0.0,0.0
0.284376,0.222038,0.0529044,0.0,0.0,0.0,0.0
0.284382,0.223987,0.0529031,0.0,0.0,0.0,0.0
0.223509,0.236909,0.0494224,0.0,0.0,0.0,0.0
0.223412,0.237435,0.048776,0.0,0.0,0.0,0.0
0.22189,0.2372,0.0487354,0.0,0.0,0.0,0.0
0.221894,0.236707,0.0494504,0.0,0.0,0.0,0.0
0.222011,0.225875,0.0539038,0.0,0.0,0.0,0.0
0.225003,0.227752,0.0539157,0.0,0.0,0.0,0.0
0.223483,0.227665,0.053893,0.0,0.0,0.0,0.0
0.221991,0.227669,0.0539341,0.0,0.0,0.0,0.0
0.228093,0.237697,0.0486692,0.0,0.0,0.0,0.0
0.226535,0.237731,0.0487145,0.0,0.0,0.0,0.0
0.226497,0.237739,0.0494745,0.0,0.0,0.0,0.0
0.228189,0.237836,0.0495315,0.0,0.0,0.0,0.0
0.235987,0.236927,0.0531246,0.0,0.0,0.0,0.0
0.235954,0.237863,0.0529077,0.0,0.0,0.0,0.0
0.234393,0.237534,0.0529276,0.0,0.0,0.0,0.0
0.233931,0.236239,0.052872,0.0,0.0,0.0,0.0
0.234402,0.235851,0.0533909,0.0,0.0,0.0,0.0
0.235844,0.236104,0.0539421,0.0,0.0,0.0,0.0
0.239037,0.238096,0.0529715,0.0,0.0,0.0,0.0
0.239076,0.237419,0.0534539,0.0,0.0,0.0,0.0
0.240614,0.237614,0.0535761,0.0,0.0,0.0,0.0
0.24059,0.238161,0.0529533,0.0,0.0,0.0,0.0
0.237497,0.235547,0.0539596,0.0,0.0,0.0,0.0
0.239143,0.235432,0.0540063,0.0,0.0,0.0,0.0
0.237547,0.236969,0.0532495,0.0,0.0,0.0,0.0
0.237043,0.236128,0.0537363,0.0,0.0,0.0,0.0
0.246874,0.237709,0.0532473,0.0,0.0,0.0,0.0
0.24833,0.238295,0.0529993,0.0,0.0,0.0,0.0
0.248444,0.237629,0.0522625,0.0,0.0,0.0,0.0
0.246902,0.237632,0.0523324,0.0,0.0,0.0,0.0
0.251517,0.236941,0.0525526,0.0,0.0,0.0,0.0
0.251603,0.237977,0.0530404,0.0,0.0,0.0,0.0
0.253138,0.237841,0.052905,0.0,0.0,0.0,0.0
0.253069,0.236926,0.0526722,0.0,0.0,0.0,0.0
0.253189,0.236105,0.0518949,0.0,0.0,0.0,0.0
0.252006,0.236139,0.0520618,0.0,0.0,0.0,0.0
0.252246,0.238726,0.0533891,0.0,0.0,0.0,0.0
0.253266,0.238727,0.0533924,0.0,0.0,0.0,0.0
0.2533,0.23883,0.0539594,0.0,0.0,0.0,0.0
0.252135,0.238788,0.0539647,0.0,0.0,0.0,0.0
0.274901,0.225808,0.0523484,0.0,0.0,0.0,0.0
0.27382,0.226376,0.0520409,0.0,0.0,0.0,0.0
0.273313,0.227704,0.0524411,0.0,0.0,0.0,0.0
0.273807,0.22834,0.0528986,0.0,0.0,0.0,0.0
0.275025,0.227901,0.0529059,0.0,0.0,0.0,0.0
0.275376,0.226394,0.0529096,0.0,0.0,0.0,0.0
0.276565,0.225914,0.0529124,0.0,0.0,0.0,0.0
0.278164,0.225953,0.0529058,0.0,0.0,0.0,0.0
0.276607,0.227917,0.0529085,0.0,0.0,0.0,0.0
0.284388,0.225938,0.0529028,0.0,0.0,0.0,0.0
0.303139,0.26861,0.0530223,0.0,0.0,0.0,0.0
0.303151,0.270105,0.0529326,0.0,0.0,0.0,0.0
0.303152,0.266262,0.0538251,0.0,0.0,0.0,0.0
0.301597,0.266617,0.0538678,0.0,0.0,0.0,0.0
0.31257,0.269164,0.0526477,0.0,0.0,0.0,0.0
0.312423,0.268061,0.052898,0.0,0.0,0.0,0.0
0.310946,0.26816,0.0529243,0.0,0.0,0.0,0.0
0.310893,0.270132,0.0521508,0.0,0.0,0.0,0.0
0.31206,0.270014,0.0521077,0.0,0.0,0.0,0.0
0.310899,0.266554,0.0529059,0.0,0.0,0.0,0.0
0.312443,0.266503,0.0529013,0.0,0.0,0.0,0.0
0.314078,0.266609,0.0529107,0.0,0.0,0.0,0.0
0.313647,0.267983,0.0529455,0.0,0.0,0.0,0.0
0.314159,0.268458,0.0526032,0.0,0.0,0.0,0.0
0.315636,0.268265,0.0520321,0.0,0.0,0.0,0.0
0.315623,0.266344,0.0529344,0.0,0.0,0.0,0.0
0.29688,0.283829,0.0486212,0.0,0.0,0.0,0.0
0.298047,0.283638,0.0486263,0.0,0.0,0.0,0.0
0.298555,0.282378,0.0488775,0.0,0.0,0.0,0.0
0.298083,0.281777,0.0493796,0.0,0.0,0.0,0.0
0.29684,0.282252,0.0493583,0.0,0.0,0.0,0.0
0.300087,0.282077,0.0488786,0.0,0.0,0.0,0.0
0.296855,0.28464,0.0479876,0.0,0.0,0.0,0.0
0.293795,0.276389,0.0530033,0.0,0.0,0.0,0.0
0.29333,0.275725,0.0534666,0.0,0.0,0.0,0.0
0.296887,0.270497,0.0539002,0.0,0.0,0.0,0.0
0.296523,0.271999,0.0538437,0.0,0.0,0.0,0.0
0.296897,0.272484,0.0531761,0.0,0.0,0.0,0.0
0.299617,0.273973,0.052144,0.0,0.0,0.0,0.0
0.300073,0.272968,0.0524193,0.0,0.0,0.0,0.0
0.298055,0.273887,0.0529827,0.0,0.0,0.0,0.0
0.298519,0.274476,0.0524992,0.0,0.0,0.0,0.0
0.301567,0.282015,0.0489005,0.0,0.0,0.0,0.0
0.312762,0.286098,0.0528012,0.0,0.0,0.0,0.0
0.312975,0.284732,0.0529215,0.0,0.0,0.0,0.0
0.312431,0.282079,0.0538936,0.0,0.0,0.0,0.0
0.310933,0.282153,0.0539006,0.0,0.0,0.0,0.0
0.309319,0.285848,0.0539096,0.0,0.0,0.0,0.0
0.309373,0.284062,0.0539108,0.0,0.0,0.0,0.0
0.309386,0.282162,0.0538977,0.0,0.0,0.0,0.0
0.314504,0.28261,0.0534518,0.0,0.0,0.0,0.0
0.313615,0.283572,0.0533509,0.0,0.0,0.0,0.0
0.313375,0.28323,0.0538477,0.0,0.0,0.0,0.0
0.313943,0.281974,0.053992,0.0,0.0,0.0,0.0
0.288748,0.28781,0.0524661,0.0,0.0,0.0,0.0
0.288769,0.287885,0.0534145,0.0,0.0,0.0,0.0
0.288746,0.289925,0.0533556,0.0,0.0,0.0,0.0
0.288662,0.289513,0.0525131,0.0,0.0,0.0,0.0
0.300008,0.289778,0.0539181,0.0,0.0,0.0,0.0
0.298447,0.28987,0.0539102,0.0,0.0,0.0,0.0
0.296884,0.289917,0.05393,0.0,0.0,0.0,0.0
0.296884,0.288185,0.0539949,0.0,0.0,0.0,0.0
0.298424,0.299826,0.0529285,0.0,0.0,0.0,0.0
0.296913,0.299954,0.0527423,0.0,0.0,0.0,0.0
0.296925,0.297661,0.0529027,0.0,0.0,0.0,0.0
0.298422,0.297517,0.0529248,0.0,0.0,0.0,0.0
0.312238,0.300765,0.0488599,0.0,0.0,0.0,0.0
0.31271,0.299445,0.0492373,0.0,0.0,0.0,0.0
0.31194,0.299383,0.0488697,0.0,0.0,0.0,0.0
0.311899,0.300589,0.0488413,0.0,0.0,0.0,0.0
0.311131,0.301399,0.0487369,0.0,0.0,0.0,0.0
0.311828,0.301999,0.0493011,0.0,0.0,0.0,0.0
0.309426,0.288263,0.0535501,0.0,0.0,0.0,0.0
0.309324,0.287228,0.0539193,0.0,0.0,0.0,0.0
0.310303,0.287003,0.053895,0.0,0.0,0.0,0.0
0.310827,0.287371,0.053322,0.0,0.0,0.0,0.0
0.313302,0.294781,0.0514265,0.0,0.0,0.0,0.0
0.298444,0.313509,0.0488985,0.0,0.0,0.0,0.0
0.299439,0.313902,0.049363,0.0,0.0,0.0,0.0
0.296312,0.313663,0.0485692,0.0,0.0,0.0,0.0
0.29692,0.313048,0.0488752,0.0,0.0,0.0,0.0
0.297329,0.314401,0.0488105,0.0,0.0,0.0,0.0
0.296832,0.314599,0.0481327,0.0,0.0,0.0,0.0
0.311758,0.303639,0.0493886,0.0,0.0,0.0,0.0
0.311025,0.303468,0.0486461,0.0,0.0,0.0,0.0
0.311079,0.305392,0.0486581,0.0,0.0,0.0,0.0
0.311281,0.305415,0.0495933,0.0,0.0,0.0,0.0
0.303126,0.313656,0.0498333,0.0,0.0,0.0,0.0
0.303184,0.317215,0.0489592,0.0,0.0,0.0,0.0
0.301599,0.316894,0.0488525,0.0,0.0,0.0,0.0
0.301119,0.315609,0.0492147,0.0,0.0,0.0,0.0
0.226274,0.20425,0.0540266,0.0,0.0,0.0,0.0
0.226642,0.204737,0.0547745,0.0,0.0,0.0,0.0
0.225662,0.205426,0.0545589,0.0,0.0,0.0,0.0
0.252218,0.238616,0.0545487,0.0,0.0,0.0,0.0
0.25322,0.238702,0.0545517,0.0,0.0,0.0,0.0
0.259353,0.239049,0.0537921,0.0,0.0,0.0,0.0
0.259317,0.239781,0.0547521,0.0,0.0,0.0,0.0
0.271866,0.241803,0.0545359,0.0,0.0,0.0,0.0
0.271873,0.24076,0.0538639,0.0,0.0,0.0,0.0
0.271877,0.239291,0.0539268,0.0,0.0,0.0,0.0
0.284373,0.239258,0.0539037,0.0,0.0,0.0,0.0
0.284369,0.240637,0.0542762,0.0,0.0,0.0,0.0
0.312371,0.251189,0.0539064,0.0,0.0,0.0,0.0
0.312421,0.253089,0.0539035,0.0,0.0,0.0,0.0
0.313539,0.25124,0.0540632,0.0,0.0,0.0,0.0
0.289963,0.28161,0.0539231,0.0,0.0,0.0,0.0
0.290533,0.282149,0.0549765,0.0,0.0,0.0,0.0
0.289774,0.283026,0.054466,0.0,0.0,0.0,0.0
0.289643,0.282899,0.0539613,0.0,0.0,0.0,0.0
0.254653,0.277787,0.0135325,0.0,0.0,0.0,0.0
0.254695,0.276057,0.0134232,0.0,0.0,0.0,0.0
0.255402,0.278941,0.0134868,0.0,0.0,0.0,0.0
0.254271,0.274454,0.0145317,0.0,0.0,0.0,0.0
0.253864,0.27072,0.0132006,0.0,0.0,0.0,0.0
0.254438,0.270667,0.0136703,0.0,0.0,0.0,0.0
0.253737,0.274241,0.0120219,0.0,0.0,0.0,0.0
0.25381,0.275462,0.0122693,0.0,0.0,0.0,0.0
0.254041,0.275051,0.0116338,0.0,0.0,0.0,0.0
0.253783,0.275513,0.0127308,0.0,0.0,0.0,0.0
0.267213,0.286344,0.0126626,0.0,0.0,0.0,0.0
0.266744,0.286729,0.0130771,0.0,0.0,0.0,0.0
0.26733,0.287271,0.0135362,0.0,0.0,0.0,0.0
0.26782,0.287151,0.0129267,0.0,0.0,0.0,0.0
0.268808,0.28738,0.0126003,0.0,0.0,0.0,0.0
0.268746,0.287858,0.01332,0.0,0.0,0.0,0.0
0.265993,0.287575,0.0140754,0.0,0.0,0.0,0.0
0.265553,0.287703,0.0148661,0.0,0.0,0.0,0.0
0.276574,0.287844,0.0155454,0.0,0.0,0.0,0.0
0.275633,0.288561,0.0151553,0.0,0.0,0.0,0.0
0.265344,0.278249,0.020615,0.0,0.0,0.0,0.0
0.26619,0.274363,0.0207381,0.0,0.0,0.0,0.0
0.266956,0.274385,0.0213467,0.0,0.0,0.0,0.0
0.268968,0.269706,0.0198408,0.0,0.0,0.0,0.0
0.266269,0.272616,0.0207139,0.0,0.0,0.0,0.0
0.263628,0.276325,0.0199445,0.0,0.0,0.0,0.0
0.277058,0.277754,0.0195141,0.0,0.0,0.0,0.0
0.275398,0.275855,0.0194907,0.0,0.0,0.0,0.0
0.266659,0.286673,0.0192235,0.0,0.0,0.0,0.0
0.265974,0.287542,0.0181659,0.0,0.0,0.0,0.0
0.265593,0.286336,0.0189314,0.0,0.0,0.0,0.0
0.267122,0.286324,0.0196278,0.0,0.0,0.0,0.0
0.268108,0.286729,0.0200104,0.0,0.0,0.0,0.0
0.268638,0.28763,0.0196671,0.0,0.0,0.0,0.0
0.278292,0.291937,0.0203385,0.0,0.0,0.0,0.0
0.279719,0.291896,0.0192684,0.0,0.0,0.0,0.0
0.278164,0.291795,0.0194179,0.0,0.0,0.0,0.0
0.277859,0.292208,0.0210158,0.0,0.0,0.0,0.0
0.281587,0.289744,0.0184117,0.0,0.0,0.0,0.0
0.27817,0.2915,0.0187706,0.0,0.0,0.0,0.0
0.276736,0.291521,0.0187587,0.0,0.0,0.0,0.0
0.276651,0.29188,0.0194272,0.0,0.0,0.0,0.0
0.276655,0.290576,0.0175366,0.0,0.0,0.0,0.0
0.278163,0.290284,0.0175989,0.0,0.0,0.0,0.0
0.279679,0.291412,0.0187466,0.0,0.0,0.0,0.0
0.281217,0.291095,0.0186392,0.0,0.0,0.0,0.0
0.276634,0.291825,0.0202272,0.0,0.0,0.0,0.0
0.278225,0.287886,0.0247195,0.0,0.0,0.0,0.0
0.278178,0.285982,0.0246939,0.0,0.0,0.0,0.0
0.280794,0.289887,0.0252238,0.0,0.0,0.0,0.0
0.279609,0.289866,0.0246723,0.0,0.0,0.0,0.0
0.278633,0.291695,0.0246015,0.0,0.0,0.0,0.0
0.278892,0.292825,0.0244346,0.0,0.0,0.0,0.0
0.278638,0.293048,0.0240137,0.0,0.0,0.0,0.0
0.292615,0.289836,0.0244393,0.0,0.0,0.0,0.0
0.292752,0.289388,0.0250559,0.0,0.0,0.0,0.0
0.292178,0.288484,0.0254239,0.0,0.0,0.0,0.0
0.287623,0.289891,0.0267397,0.0,0.0,0.0,0.0
0.288996,0.288098,0.0267753,0.0,0.0,0.0,0.0
0.289139,0.289985,0.0268606,0.0,0.0,0.0,0.0
0.29069,0.287526,0.0265247,0.0,0.0,0.0,0.0
0.28997,0.286791,0.0260552,0.0,0.0,0.0,0.0
0.291041,0.28982,0.023566,0.0,0.0,0.0,0.0
0.291176,0.291166,0.0236292,0.0,0.0,0.0,0.0
0.291928,0.289845,0.0238262,0.0,0.0,0.0,0.0
0.29226,0.287795,0.0262386,0.0,0.0,0.0,0.0
0.294374,0.289332,0.0268708,0.0,0.0,0.0,0.0
0.293627,0.2882,0.0271953,0.0,0.0,0.0,0.0
0.293547,0.288385,0.0259918,0.0,0.0,0.0,0.0
0.294011,0.289631,0.0261338,0.0,0.0,0.0,0.0
0.292141,0.307718,0.0253466,0.0,0.0,0.0,0.0
0.293831,0.309218,0.0255378,0.0,0.0,0.0,0.0
0.29333,0.3079,0.0252415,0.0,0.0,0.0,0.0
0.293779,0.305398,0.0236511,0.0,0.0,0.0,0.0
0.29214,0.305476,0.0237514,0.0,0.0,0.0,0.0
0.29172,0.305918,0.0243594,0.0,0.0,0.0,0.0
0.292261,0.306795,0.0247115,0.0,0.0,0.0,0.0
0.293827,0.307541,0.0247669,0.0,0.0,0.0,0.0
0.293813,0.306675,0.0239342,0.0,0.0,0.0,0.0
0.300457,0.306855,0.0258978,0.0,0.0,0.0,0.0
0.300153,0.30743,0.0254449,0.0,0.0,0.0,0.0
0.30098,0.308127,0.0255652,0.0,0.0,0.0,0.0
0.300968,0.309421,0.0256716,0.0,0.0,0.0,0.0
0.301356,0.30536,0.0267691,0.0,0.0,0.0,0.0
0.300621,0.304788,0.0264965,0.0,0.0,0.0,0.0
0.300501,0.3053,0.0259117,0.0,0.0,0.0,0.0
0.303562,0.305962,0.0317008,0.0,0.0,0.0,0.0
0.304718,0.305196,0.0317201,0.0,0.0,0.0,0.0
0.304762,0.30589,0.0323672,0.0,0.0,0.0,0.0
0.30414,0.306549,0.0328576,0.0,0.0,0.0,0.0
0.30325,0.307118,0.0325791,0.0,0.0,0.0,0.0
0.302607,0.307112,0.0318849,0.0,0.0,0.0,0.0
0.30592,0.305259,0.0325169,0.0,0.0,0.0,0.0
0.30619,0.305758,0.0330802,0.0,0.0,0.0,0.0
0.302934,0.308996,0.0329933,0.0,0.0,0.0,0.0
0.302639,0.308683,0.0324149,0.0,0.0,0.0,0.0
0.306291,0.30575,0.0312497,0.0,0.0,0.0,0.0
0.302452,0.308497,0.031963,0.0,0.0,0.0,0.0
0.301553,0.307,0.0307623,0.0,0.0,0.0,0.0
0.301484,0.307819,0.0314511,0.0,0.0,0.0,0.0
0.301465,0.308871,0.0317831,0.0,0.0,0.0,0.0
0.300081,0.309383,0.0316416,0.0,0.0,0.0,0.0
0.306716,0.309171,0.031129,0.0,0.0,0.0,0.0
0.306659,0.307423,0.0310318,0.0,0.0,0.0,0.0
0.305687,0.306198,0.0308016,0.0,0.0,0.0,0.0
0.299825,0.324522,0.0314302,0.0,0.0,0.0,0.0
0.299733,0.323047,0.0314643,0.0,0.0,0.0,0.0
0.300848,0.325421,0.0313933,0.0,0.0,0.0,0.0
0.299633,0.320842,0.0330521,0.0,0.0,0.0,0.0
0.29924,0.321432,0.0326686,0.0,0.0,0.0,0.0
0.242961,0.199715,0.0377702,0.0,0.0,0.0,0.0
0.243934,0.198928,0.0377952,0.0,0.0,0.0,0.0
0.24276,0.200888,0.0377406,0.0,0.0,0.0,0.0
0.243876,0.200827,0.0378104,0.0,0.0,0.0,0.0
0.253124,0.196872,0.0377917,0.0,0.0,0.0,0.0
0.253125,0.198812,0.0377915,0.0,0.0,0.0,0.0
0.254687,0.198812,0.0377922,0.0,0.0,0.0,0.0
0.254687,0.196873,0.0377919,0.0,0.0,0.0,0.0
0.256249,0.200749,0.0377923,0.0,0.0,0.0,0.0
0.25625,0.198811,0.0377914,0.0,0.0,0.0,0.0
0.254687,0.20075,0.0377917,0.0,0.0,0.0,0.0
0.25625,0.196873,0.0377904,0.0,0.0,0.0,0.0
0.253125,0.20075,0.0377913,0.0,0.0,0.0,0.0
0.265732,0.201023,0.0387773,0.0,0.0,0.0,0.0
0.267188,0.20072,0.0384134,0.0,0.0,0.0,0.0
0.266148,0.196299,0.0386219,0.0,0.0,0.0,0.0
0.265896,0.196806,0.0379132,0.0,0.0,0.0,0.0
0.267518,0.19875,0.038533,0.0,0.0,0.0,0.0
0.26724,0.196861,0.0387516,0.0,0.0,0.0,0.0
0.262376,0.193064,0.0377954,0.0,0.0,0.0,0.0
0.262463,0.194925,0.0377958,0.0,0.0,0.0,0.0
0.263914,0.194961,0.0377913,0.0,0.0,0.0,0.0
0.264445,0.194417,0.0379082,0.0,0.0,0.0,0.0
0.265285,0.194964,0.0380666,0.0,0.0,0.0,0.0
0.266028,0.194846,0.0386934,0.0,0.0,0.0,0.0
0.265657,0.19299,0.0388159,0.0,0.0,0.0,0.0
0.264532,0.199282,0.0378197,0.0,0.0,0.0,0.0
0.263936,0.198721,0.0377943,0.0,0.0,0.0,0.0
0.262458,0.198776,0.0377764,0.0,0.0,0.0,0.0
0.26239,0.20072,0.0377755,0.0,0.0,0.0,0.0
0.240639,0.212372,0.0377877,0.0,0.0,0.0,0.0
0.240635,0.21431,0.037791,0.0,0.0,0.0,0.0
0.242193,0.214309,0.0377912,0.0,0.0,0.0,0.0
0.24219,0.21237,0.0377914,0.0,0.0,0.0,0.0
0.243762,0.21623,0.0377916,0.0,0.0,0.0,0.0
0.243755,0.214305,0.0377911,0.0,0.0,0.0,0.0
0.242198,0.216249,0.0377909,0.0,0.0,0.0,0.0
0.243753,0.21237,0.0377913,0.0,0.0,0.0,0.0
0.240632,0.216248,0.0377911,0.0,0.0,0.0,0.0
0.237029,0.211842,0.0388068,0.0,0.0,0.0,0.0
0.237355,0.21237,0.0384102,0.0,0.0,0.0,0.0
0.238066,0.212356,0.0378498,0.0,0.0,0.0,0.0
0.238217,0.21055,0.0378336,0.0,0.0,0.0,0.0
0.237023,0.213725,0.0378711,0.0,0.0,0.0,0.0
0.237537,0.214332,0.0377883,0.0,0.0,0.0,0.0
0.253133,0.212353,0.0377937,0.0,0.0,0.0,0.0
0.253134,0.214232,0.0378032,0.0,0.0,0.0,0.0
0.254691,0.214285,0.0377862,0.0,0.0,0.0,0.0
0.254691,0.212362,0.0377916,0.0,0.0,0.0,0.0
0.256268,0.216222,0.0377966,0.0,0.0,0.0,0.0
0.256248,0.214309,0.0377927,0.0,0.0,0.0,0.0
0.254479,0.216515,0.0376601,0.0,0.0,0.0,0.0
0.256248,0.21237,0.0377923,0.0,0.0,0.0,0.0
0.25313,0.215791,0.0371544,0.0,0.0,0.0,0.0
0.265576,0.213119,0.0378416,0.0,0.0,0.0,0.0
0.265647,0.214473,0.0375622,0.0,0.0,0.0,0.0
0.267176,0.214018,0.0370746,0.0,0.0,0.0,0.0
0.267148,0.213115,0.0378485,0.0,0.0,0.0,0.0
0.267121,0.212629,0.0384363,0.0,0.0,0.0,0.0
0.265413,0.21256,0.0384036,0.0,0.0,0.0,0.0
0.268154,0.211651,0.0385117,0.0,0.0,0.0,0.0
0.267114,0.211841,0.0388704,0.0,0.0,0.0,0.0
0.268294,0.211911,0.0380113,0.0,0.0,0.0,0.0
0.265945,0.211826,0.0388805,0.0,0.0,0.0,0.0
0.240581,0.22792,0.0378415,0.0,0.0,0.0,0.0
0.240604,0.22984,0.0378043,0.0,0.0,0.0,0.0
0.242208,0.229795,0.0374097,0.0,0.0,0.0,0.0
0.241819,0.227942,0.0372259,0.0,0.0,0.0,0.0
0.243726,0.231807,0.0373275,0.0,0.0,0.0,0.0
0.243267,0.230387,0.0369065,0.0,0.0,0.0,0.0
0.242171,0.231795,0.0377777,0.0,0.0,0.0,0.0
0.240623,0.231726,0.037793,0.0,0.0,0.0,0.0
0.254687,0.227872,0.0367823,0.0,0.0,0.0,0.0
0.254688,0.225938,0.0367825,0.0,0.0,0.0,0.0
0.25156,0.229806,0.0367826,0.0,0.0,0.0,0.0
0.253122,0.229804,0.0367821,0.0,0.0,0.0,0.0
0.254685,0.229804,0.0367811,0.0,0.0,0.0,0.0
0.253092,0.241378,0.0388852,0.0,0.0,0.0,0.0
0.253089,0.239899,0.0377431,0.0,0.0,0.0,0.0
0.302438,0.30856,0.0385446,0.0,0.0,0.0,0.0
0.302595,0.308687,0.0380677,0.0,0.0,0.0,0.0
0.303256,0.307117,0.0379963,0.0,0.0,0.0,0.0
0.302602,0.307159,0.0386708,0.0,0.0,0.0,0.0
0.304759,0.305433,0.0382091,0.0,0.0,0.0,0.0
0.304406,0.30501,0.0387626,0.0,0.0,0.0,0.0
0.303448,0.305417,0.0388062,0.0,0.0,0.0,0.0
0.304085,0.306562,0.0377451,0.0,0.0,0.0,0.0
0.302803,0.309265,0.0366838,0.0,0.0,0.0,0.0
0.303178,0.309227,0.0359709,0.0,0.0,0.0,0.0
0.303926,0.308212,0.0360315,0.0,0.0,0.0,0.0
0.305742,0.304798,0.0378508,0.0,0.0,0.0,0.0
0.306306,0.303917,0.0381375,0.0,0.0,0.0,0.0
0.306276,0.303063,0.0387989,0.0,0.0,0.0,0.0
0.304765,0.303922,0.0388746,0.0,0.0,0.0,0.0
0.313516,0.308402,0.0369936,0.0,0.0,0.0,0.0
0.313426,0.308968,0.0376625,0.0,0.0,0.0,0.0
0.313782,0.307242,0.0375439,0.0,0.0,0.0,0.0
0.313876,0.307244,0.0367575,0.0,0.0,0.0,0.0
0.31282,0.309414,0.0373549,0.0,0.0,0.0,0.0
0.313121,0.304711,0.0369173,0.0,0.0,0.0,0.0
0.312858,0.304966,0.035967,0.0,0.0,0.0,0.0
0.313883,0.305951,0.0366657,0.0,0.0,0.0,0.0
0.313811,0.305417,0.0373732,0.0,0.0,0.0,0.0
0.313535,0.304095,0.0381754,0.0,0.0,0.0,0.0
0.313798,0.305468,0.0382491,0.0,0.0,0.0,0.0
0.313806,0.30539,0.0389929,0.0,0.0,0.0,0.0
0.312556,0.303337,0.0379426,0.0,0.0,0.0,0.0
0.312498,0.303901,0.0373039,0.0,0.0,0.0,0.0
0.301457,0.322612,0.0375872,0.0,0.0,0.0,0.0
0.301893,0.322642,0.0367682,0.0,0.0,0.0,0.0
0.302601,0.325284,0.0360769,0.0,0.0,0.0,0.0
0.301833,0.324241,0.0360672,0.0,0.0,0.0,0.0
0.301766,0.324197,0.0367329,0.0,0.0,0.0,0.0
0.302776,0.325173,0.0367556,0.0,0.0,0.0,0.0
0.302618,0.325268,0.0374444,0.0,0.0,0.0,0.0
0.301809,0.324247,0.0374184,0.0,0.0,0.0,0.0
0.299419,0.320899,0.0386625,0.0,0.0,0.0,0.0
0.299952,0.320796,0.0380877,0.0,0.0,0.0,0.0
0.301051,0.323265,0.0380903,0.0,0.0,0.0,0.0
0.22809,0.182924,0.0431225,0.0,0.0,0.0,0.0
0.229674,0.182877,0.0430716,0.0,0.0,0.0,0.0
0.229685,0.181717,0.0443135,0.0,0.0,0.0,0.0
0.228122,0.181729,0.0442957,0.0,0.0,0.0,0.0
0.231279,0.18115,0.0448305,0.0,0.0,0.0,0.0
0.229696,0.181208,0.0448196,0.0,0.0,0.0,0.0
0.231263,0.181707,0.044325,0.0,0.0,0.0,0.0
0.231246,0.182855,0.0430599,0.0,0.0,0.0,0.0
0.228115,0.181239,0.0447929,0.0,0.0,0.0,0.0
0.225086,0.184049,0.0428689,0.0,0.0,0.0,0.0
0.226564,0.183958,0.0429372,0.0,0.0,0.0,0.0
0.226636,0.183561,0.0435839,0.0,0.0,0.0,0.0
0.225146,0.183318,0.0436946,0.0,0.0,0.0,0.0
0.22491,0.181598,0.0446568,0.0,0.0,0.0,0.0
0.225415,0.181882,0.0439836,0.0,0.0,0.0,0.0
0.242326,0.182963,0.0431793,0.0,0.0,0.0,0.0
0.243647,0.18361,0.0435097,0.0,0.0,0.0,0.0
0.241044,0.18264,0.0450779,0.0,0.0,0.0,0.0
0.241056,0.18259,0.0442001,0.0,0.0,0.0,0.0
0.239053,0.182835,0.0431012,0.0,0.0,0.0,0.0
0.237522,0.182842,0.0430929,0.0,0.0,0.0,0.0
0.23751,0.184802,0.0422196,0.0,0.0,0.0,0.0
0.239078,0.18478,0.042217,0.0,0.0,0.0,0.0
0.204832,0.197163,0.0448975,0.0,0.0,0.0,0.0
0.218648,0.196869,0.041871,0.0,0.0,0.0,0.0
0.217247,0.196929,0.0418139,0.0,0.0,0.0,0.0
0.216044,0.196928,0.0419099,0.0,0.0,0.0,0.0
0.216153,0.195673,0.0418199,0.0,0.0,0.0,0.0
0.214127,0.198905,0.0428429,0.0,0.0,0.0,0.0
0.215246,0.198321,0.04268,0.0,0.0,0.0,0.0
0.215601,0.19883,0.0418912,0.0,0.0,0.0,0.0
0.213713,0.200333,0.0427514,0.0,0.0,0.0,0.0
0.214133,0.200851,0.042082,0.0,0.0,0.0,0.0
0.21563,0.200791,0.0418015,0.0,0.0,0.0,0.0
0.263833,0.197134,0.0422235,0.0,0.0,0.0,0.0
0.265618,0.198856,0.0428054,0.0,0.0,0.0,0.0
0.265633,0.200781,0.0428172,0.0,0.0,0.0,0.0
0.266013,0.19833,0.0420917,0.0,0.0,0.0,0.0
0.205689,0.212909,0.0438389,0.0,0.0,0.0,0.0
0.204682,0.212355,0.0438976,0.0,0.0,0.0,0.0
0.202993,0.214229,0.0449996,0.0,0.0,0.0,0.0
0.20349,0.216252,0.0448667,0.0,0.0,0.0,0.0
0.204423,0.210408,0.0438809,0.0,0.0,0.0,0.0
0.205232,0.210331,0.0437267,0.0,0.0,0.0,0.0
0.205209,0.208508,0.0437294,0.0,0.0,0.0,0.0
0.268772,0.212389,0.042824,0.0,0.0,0.0,0.0
0.267298,0.21238,0.0428216,0.0,0.0,0.0,0.0
0.262529,0.216261,0.0438396,0.0,0.0,0.0,0.0
0.262536,0.214321,0.0438406,0.0,0.0,0.0,0.0
0.215481,0.230265,0.0439092,0.0,0.0,0.0,0.0
0.216652,0.230468,0.0437256,0.0,0.0,0.0,0.0
0.217025,0.23025,0.0431136,0.0,0.0,0.0,0.0
0.215665,0.229261,0.0434391,0.0,0.0,0.0,0.0
0.218763,0.231269,0.0433405,0.0,0.0,0.0,0.0
0.218259,0.230355,0.0429602,0.0,0.0,0.0,0.0
0.215679,0.231257,0.0448689,0.0,0.0,0.0,0.0
0.215015,0.230592,0.0443578,0.0,0.0,0.0,0.0
0.217167,0.227857,0.042525,0.0,0.0,0.0,0.0
0.216622,0.226638,0.0420044,0.0,0.0,0.0,0.0
0.218266,0.228445,0.042193,0.0,0.0,0.0,0.0
0.218734,0.227854,0.041771,0.0,0.0,0.0,0.0
0.212072,0.226476,0.0438612,0.0,0.0,0.0,0.0
0.212522,0.227784,0.0441241,0.0,0.0,0.0,0.0
0.213642,0.228296,0.0438636,0.0,0.0,0.0,0.0
0.214064,0.229345,0.0440391,0.0,0.0,0.0,0.0
0.212121,0.228243,0.044829,0.0,0.0,0.0,0.0
0.214072,0.230083,0.0448448,0.0,0.0,0.0,0.0
0.254981,0.226321,0.0430269,0.0,0.0,0.0,0.0
0.254694,0.227891,0.0428653,0.0,0.0,0.0,0.0
0.253617,0.228454,0.0432635,0.0,0.0,0.0,0.0
0.256301,0.227901,0.0428364,0.0,0.0,0.0,0.0
0.254738,0.224049,0.0437492,0.0,0.0,0.0,0.0
0.256328,0.224092,0.0438646,0.0,0.0,0.0,0.0
0.253663,0.224574,0.043954,0.0,0.0,0.0,0.0
0.2531,0.229726,0.0428059,0.0,0.0,0.0,0.0
0.251962,0.230263,0.0430191,0.0,0.0,0.0,0.0
0.251639,0.229854,0.0437738,0.0,0.0,0.0,0.0
0.252629,0.229158,0.0435294,0.0,0.0,0.0,0.0
0.251668,0.227974,0.0438327,0.0,0.0,0.0,0.0
0.253151,0.231191,0.0428103,0.0,0.0,0.0,0.0
0.253138,0.232012,0.0421185,0.0,0.0,0.0,0.0
0.250017,0.231652,0.0436089,0.0,0.0,0.0,0.0
0.250075,0.229877,0.0437673,0.0,0.0,0.0,0.0
0.250626,0.228587,0.0440929,0.0,0.0,0.0,0.0
0.251792,0.22622,0.0443224,0.0,0.0,0.0,0.0
0.253472,0.224023,0.0445065,0.0,0.0,0.0,0.0
0.250433,0.228338,0.0446039,0.0,0.0,0.0,0.0
0.249875,0.227753,0.0448794,0.0,0.0,0.0,0.0
0.252074,0.226545,0.0438849,0.0,0.0,0.0,0.0
0.254716,0.229798,0.042857,0.0,0.0,0.0,0.0
0.254129,0.231019,0.0428678,0.0,0.0,0.0,0.0
0.267191,0.227851,0.0428277,0.0,0.0,0.0,0.0
0.268613,0.22781,0.0428321,0.0,0.0,0.0,0.0
0.268644,0.22965,0.0428304,0.0,0.0,0.0,0.0
0.267165,0.229622,0.0428331,0.0,0.0,0.0,0.0
0.303135,0.291514,0.0447455,0.0,0.0,0.0,0.0
0.292197,0.30541,0.0439355,0.0,0.0,0.0,0.0
0.291675,0.305379,0.0445064,0.0,0.0,0.0,0.0
0.306176,0.325166,0.0439542,0.0,0.0,0.0,0.0
0.304679,0.325208,0.0439254,0.0,0.0,0.0,0.0
0.30314,0.324402,0.0446181,0.0,0.0,0.0,0.0
0.302639,0.323453,0.0447897,0.0,0.0,0.0,0.0
0.3032,0.323045,0.0450642,0.0,0.0,0.0,0.0
0.303149,0.325139,0.0439565,0.0,0.0,0.0,0.0
0.300607,0.32404,0.0432991,0.0,0.0,0.0,0.0
0.299917,0.323205,0.0436926,0.0,0.0,0.0,0.0
0.301122,0.323414,0.043848,0.0,0.0,0.0,0.0
0.3016,0.324723,0.043707,0.0,0.0,0.0,0.0
0.29994,0.322417,0.0445056,0.0,0.0,0.0,0.0
0.299437,0.321409,0.0447957,0.0,0.0,0.0,0.0
0.29999,0.32084,0.0450532,0.0,0.0,0.0,0.0
0.301001,0.32146,0.0454487,0.0,0.0,0.0,0.0
0.30159,0.322318,0.0450902,0.0,0.0,0.0,0.0
0.301588,0.323062,0.0442805,0.0,0.0,0.0,0.0
0.204539,0.192969,0.0490427,0.0,0.0,0.0,0.0
0.2057,0.190431,0.0485707,0.0,0.0,0.0,0.0
0.206226,0.191092,0.0489104,0.0,0.0,0.0,0.0
0.205615,0.192352,0.0494552,0.0,0.0,0.0,0.0
0.21102,0.18728,0.0488651,0.0,0.0,0.0,0.0
0.210519,0.186701,0.0484216,0.0,0.0,0.0,0.0
0.211124,0.186007,0.047836,0.0,0.0,0.0,0.0
0.211016,0.191754,0.0509187,0.0,0.0,0.0,0.0
0.210991,0.190826,0.0503548,0.0,0.0,0.0,0.0
0.212042,0.190556,0.0507534,0.0,0.0,0.0,0.0
0.216177,0.184024,0.0487227,0.0,0.0,0.0,0.0
0.215697,0.183459,0.047948,0.0,0.0,0.0,0.0
0.215566,0.185149,0.0488439,0.0,0.0,0.0,0.0
0.225027,0.184901,0.0496606,0.0,0.0,0.0,0.0
0.226599,0.183128,0.048875,0.0,0.0,0.0,0.0
0.226626,0.183796,0.0496185,0.0,0.0,0.0,0.0
0.226581,0.184872,0.04987,0.0,0.0,0.0,0.0
0.228084,0.184825,0.0498636,0.0,0.0,0.0,0.0
0.228046,0.183816,0.0495607,0.0,0.0,0.0,0.0
0.229718,0.18187,0.0489312,0.0,0.0,0.0,0.0
0.231261,0.181945,0.0487232,0.0,0.0,0.0,0.0
0.240244,0.183721,0.0481974,0.0,0.0,0.0,0.0
0.240051,0.184046,0.0488596,0.0,0.0,0.0,0.0
0.240586,0.185221,0.0489045,0.0,0.0,0.0,0.0
0.241162,0.184641,0.0482544,0.0,0.0,0.0,0.0
0.206388,0.197049,0.050911,0.0,0.0,0.0,0.0
0.205238,0.197083,0.0500608,0.0,0.0,0.0,0.0
0.205903,0.196527,0.0506004,0.0,0.0,0.0,0.0
0.203138,0.195058,0.0488189,0.0,0.0,0.0,0.0
0.204211,0.194474,0.0491212,0.0,0.0,0.0,0.0
0.202631,0.194589,0.0481076,0.0,0.0,0.0,0.0
0.201303,0.198671,0.0489962,0.0,0.0,0.0,0.0
0.202017,0.197031,0.0487531,0.0,0.0,0.0,0.0
0.202583,0.196363,0.0492313,0.0,0.0,0.0,0.0
0.254359,0.198859,0.0493592,0.0,0.0,0.0,0.0
0.254699,0.19694,0.0500014,0.0,0.0,0.0,0.0
0.253557,0.196391,0.049877,0.0,0.0,0.0,0.0
0.25322,0.196837,0.0493216,0.0,0.0,0.0,0.0
0.253576,0.198299,0.0491588,0.0,0.0,0.0,0.0
0.256239,0.196877,0.0508595,0.0,0.0,0.0,0.0
0.255115,0.196371,0.0506408,0.0,0.0,0.0,0.0
0.253656,0.200177,0.0480178,0.0,0.0,0.0,0.0
0.253782,0.200115,0.0484229,0.0,0.0,0.0,0.0
0.253513,0.198758,0.0486322,0.0,0.0,0.0,0.0
0.253307,0.19869,0.0480399,0.0,0.0,0.0,0.0
0.253171,0.194935,0.0500536,0.0,0.0,0.0,0.0
0.252123,0.194375,0.0497818,0.0,0.0,0.0,0.0
0.251791,0.194976,0.0494923,0.0,0.0,0.0,0.0
0.252265,0.196139,0.0490322,0.0,0.0,0.0,0.0
0.250307,0.192706,0.0494311,0.0,0.0,0.0,0.0
0.253494,0.19451,0.0508143,0.0,0.0,0.0,0.0
0.253129,0.193089,0.0509442,0.0,0.0,0.0,0.0
0.205768,0.212391,0.0515083,0.0,0.0,0.0,0.0
0.204582,0.212385,0.0508501,0.0,0.0,0.0,0.0
0.20322,0.216216,0.0508958,0.0,0.0,0.0,0.0
0.203245,0.21427,0.0508998,0.0,0.0,0.0,0.0
0.203223,0.212377,0.0509005,0.0,0.0,0.0,0.0
0.200152,0.216267,0.0498224,0.0,0.0,0.0,0.0
0.201195,0.214328,0.0499219,0.0,0.0,0.0,0.0
0.201217,0.216265,0.0499104,0.0,0.0,0.0,0.0
0.201712,0.210434,0.0504135,0.0,0.0,0.0,0.0
0.201711,0.212372,0.0504173,0.0,0.0,0.0,0.0
0.203226,0.208507,0.0508999,0.0,0.0,0.0,0.0
0.203219,0.210441,0.0509006,0.0,0.0,0.0,0.0
0.202202,0.210438,0.0508662,0.0,0.0,0.0,0.0
0.202204,0.208507,0.0508655,0.0,0.0,0.0,0.0
0.202207,0.212371,0.0508678,0.0,0.0,0.0,0.0
0.201719,0.214275,0.0504278,0.0,0.0,0.0,0.0
0.202237,0.214212,0.0508759,0.0,0.0,0.0,0.0
0.256576,0.208494,0.0492201,0.0,0.0,0.0,0.0
0.256581,0.210432,0.0491884,0.0,0.0,0.0,0.0
0.254929,0.21243,0.0486492,0.0,0.0,0.0,0.0
0.256563,0.212361,0.0491847,0.0,0.0,0.0,0.0
0.256291,0.216052,0.0496541,0.0,0.0,0.0,0.0
0.256544,0.214261,0.0491828,0.0,0.0,0.0,0.0
0.254893,0.214267,0.048603,0.0,0.0,0.0,0.0
0.254732,0.216191,0.0484316,0.0,0.0,0.0,0.0
0.25386,0.214305,0.0476301,0.0,0.0,0.0,0.0
0.253897,0.216313,0.0476721,0.0,0.0,0.0,0.0
0.253878,0.216852,0.0482103,0.0,0.0,0.0,0.0
0.204607,0.227898,0.0489701,0.0,0.0,0.0,0.0
0.204083,0.228297,0.0479427,0.0,0.0,0.0,0.0
0.203585,0.22719,0.0479936,0.0,0.0,0.0,0.0
0.203099,0.226043,0.0489945,0.0,0.0,0.0,0.0
0.204018,0.226621,0.049325,0.0,0.0,0.0,0.0
0.204176,0.224568,0.0498546,0.0,0.0,0.0,0.0
0.20425,0.226036,0.049884,0.0,0.0,0.0,0.0
0.203318,0.225411,0.0497498,0.0,0.0,0.0,0.0
0.206187,0.228255,0.0497094,0.0,0.0,0.0,0.0
0.205723,0.228497,0.0491778,0.0,0.0,0.0,0.0
0.204769,0.229432,0.0480192,0.0,0.0,0.0,0.0
0.205691,0.230308,0.0480335,0.0,0.0,0.0,0.0
0.250419,0.228425,0.0499393,0.0,0.0,0.0,0.0
0.251642,0.227929,0.0499255,0.0,0.0,0.0,0.0
0.252043,0.226454,0.0498479,0.0,0.0,0.0,0.0
0.253516,0.224091,0.0499483,0.0,0.0,0.0,0.0
0.253178,0.225925,0.0499491,0.0,0.0,0.0,0.0
0.292241,0.285795,0.0494294,0.0,0.0,0.0,0.0
0.292179,0.287683,0.0485939,0.0,0.0,0.0,0.0
0.288664,0.291407,0.0494124,0.0,0.0,0.0,0.0
0.28884,0.291868,0.0486881,0.0,0.0,0.0,0.0
0.289973,0.293147,0.0473339,0.0,0.0,0.0,0.0
0.29039,0.291852,0.0478245,0.0,0.0,0.0,0.0
0.288673,0.293289,0.0484464,0.0,0.0,0.0,0.0
0.289121,0.293842,0.0479268,0.0,0.0,0.0,0.0
0.288123,0.292665,0.0489419,0.0,0.0,0.0,0.0
0.287808,0.292402,0.0493833,0.0,0.0,0.0,0.0
0.287756,0.293888,0.0494903,0.0,0.0,0.0,0.0
0.287904,0.293894,0.04866,0.0,0.0,0.0,0.0
0.290033,0.287385,0.0500104,0.0,0.0,0.0,0.0
0.288766,0.289941,0.050208,0.0,0.0,0.0,0.0
0.290576,0.285985,0.0508969,0.0,0.0,0.0,0.0
0.28984,0.287184,0.050493,0.0,0.0,0.0,0.0
0.288346,0.291182,0.0498696,0.0,0.0,0.0,0.0
0.313424,0.289944,0.0509712,0.0,0.0,0.0,0.0
0.3129,0.289363,0.0505705,0.0,0.0,0.0,0.0
0.29175,0.305928,0.0497038,0.0,0.0,0.0,0.0
0.291528,0.306158,0.0492295,0.0,0.0,0.0,0.0
0.290828,0.305508,0.0488563,0.0,0.0,0.0,0.0
0.290357,0.303802,0.0495498,0.0,0.0,0.0,0.0
0.30312,0.30935,0.0508971,0.0,0.0,0.0,0.0
0.303108,0.307352,0.0510206,0.0,0.0,0.0,0.0
0.3083,0.317563,0.0485967,0.0,0.0,0.0,0.0
0.307707,0.318816,0.0481584,0.0,0.0,0.0,0.0
0.307246,0.318218,0.0488679,0.0,0.0,0.0,0.0
0.290613,0.21627,0.0539103,0.0,0.0,0.0,0.0
0.291131,0.215698,0.0543569,0.0,0.0,0.0,0.0
0.290899,0.21442,0.0546364,0.0,0.0,0.0,0.0
0.290196,0.214364,0.0539009,0.0,0.0,0.0,0.0
0.293737,0.227873,0.0539098,0.0,0.0,0.0,0.0
0.292192,0.227872,0.0539085,0.0,0.0,0.0,0.0
0.290632,0.231754,0.0539094,0.0,0.0,0.0,0.0
0.290641,0.229818,0.0539107,0.0,0.0,0.0,0.0
0.293725,0.242665,0.0543724,0.0,0.0,0.0,0.0
0.292184,0.242627,0.0542591,0.0,0.0,0.0,0.0
0.302819,0.247337,0.0544069,0.0,0.0,0.0,0.0
0.303673,0.247441,0.0538536,0.0,0.0,0.0,0.0
0.306288,0.258863,0.0539135,0.0,0.0,0.0,0.0
0.304744,0.258879,0.0539913,0.0,0.0,0.0,0.0
0.303098,0.262672,0.0538703,0.0,0.0,0.0,0.0
0.302931,0.260775,0.0549842,0.0,0.0,0.0,0.0
0.302596,0.262012,0.0541755,0.0,0.0,0.0,0.0
0.318137,0.259009,0.0539464,0.0,0.0,0.0,0.0
0.318058,0.25778,0.0538667,0.0,0.0,0.0,0.0
0.317057,0.257552,0.0538588,0.0,0.0,0.0,0.0
0.316992,0.259011,0.0538982,0.0,0.0,0.0,0.0
0.318158,0.258913,0.054317,0.0,0.0,0.0,0.0
0.31851,0.256946,0.0544421,0.0,0.0,0.0,0.0
0.315598,0.262402,0.0538145,0.0,0.0,0.0,0.0
0.315593,0.260729,0.0539033,0.0,0.0,0.0,0.0
0.318908,0.26074,0.0547697,0.0,0.0,0.0,0.0
0.292603,0.274323,0.0538578,0.0,0.0,0.0,0.0
0.291765,0.274291,0.054507,0.0,0.0,0.0,0.0
0.293852,0.274373,0.0539049,0.0,0.0,0.0,0.0
0.257856,0.26132,0.0106544,0.0,0.0,0.0,0.0
0.25743,0.262327,0.0108136,0.0,0.0,0.0,0.0
0.256306,0.262832,0.0106069,0.0,0.0,0.0,0.0
0.262513,0.261189,0.0115473,0.0,0.0,0.0,0.0
0.260906,0.261181,0.0115533,0.0,0.0,0.0,0.0
0.260964,0.260525,0.0107681,0.0,0.0,0.0,0.0
0.26251,0.260535,0.0107459,0.0,0.0,0.0,0.0
0.255771,0.264075,0.0108964,0.0,0.0,0.0,0.0
0.254956,0.264621,0.0106426,0.0,0.0,0.0,0.0
0.253763,0.266787,0.00896012,0.0,0.0,0.0,0.0
0.253733,0.265349,0.00901631,0.0,0.0,0.0,0.0
0.253883,0.265551,0.00949008,0.0,0.0,0.0,0.0
0.253699,0.266766,0.00975272,0.0,0.0,0.0,0.0
0.253698,0.267244,0.0105493,0.0,0.0,0.0,0.0
0.254365,0.266163,0.0106031,0.0,0.0,0.0,0.0
0.254651,0.266447,0.0112219,0.0,0.0,0.0,0.0
0.253814,0.267386,0.0112564,0.0,0.0,0.0,0.0
0.254035,0.267551,0.0116935,0.0,0.0,0.0,0.0
0.254754,0.266703,0.0120943,0.0,0.0,0.0,0.0
0.254269,0.267994,0.0123818,0.0,0.0,0.0,0.0
0.253692,0.268708,0.0120287,0.0,0.0,0.0,0.0
0.266755,0.260989,0.0105358,0.0,0.0,0.0,0.0
0.266621,0.259707,0.0105962,0.0,0.0,0.0,0.0
0.267647,0.260767,0.0097096,0.0,0.0,0.0,0.0
0.265565,0.259452,0.0106279,0.0,0.0,0.0,0.0
0.265551,0.260602,0.0107124,0.0,0.0,0.0,0.0
0.264082,0.260539,0.0107346,0.0,0.0,0.0,0.0
0.264108,0.261201,0.0115389,0.0,0.0,0.0,0.0
0.268558,0.266702,0.00876447,0.0,0.0,0.0,0.0
0.26897,0.266738,0.00973191,0.0,0.0,0.0,0.0
0.26842,0.264851,0.00973559,0.0,0.0,0.0,0.0
0.267923,0.264172,0.00927952,0.0,0.0,0.0,0.0
0.267571,0.264711,0.00882331,0.0,0.0,0.0,0.0
0.267502,0.266618,0.00864902,0.0,0.0,0.0,0.0
0.268769,0.263213,0.0104749,0.0,0.0,0.0,0.0
0.268531,0.263479,0.00975845,0.0,0.0,0.0,0.0
0.269041,0.26484,0.0104594,0.0,0.0,0.0,0.0
0.269076,0.266247,0.0103914,0.0,0.0,0.0,0.0
0.268466,0.268474,0.00871534,0.0,0.0,0.0,0.0
0.269066,0.268581,0.0094376,0.0,0.0,0.0,0.0
0.268895,0.2646,0.0112285,0.0,0.0,0.0,0.0
0.268455,0.263341,0.0113907,0.0,0.0,0.0,0.0
0.265651,0.263207,0.0121497,0.0,0.0,0.0,0.0
0.267108,0.263494,0.0117188,0.0,0.0,0.0,0.0
0.267312,0.264178,0.0124237,0.0,0.0,0.0,0.0
0.266123,0.264052,0.0124254,0.0,0.0,0.0,0.0
0.27114,0.269888,0.0106612,0.0,0.0,0.0,0.0
0.270732,0.268534,0.0111545,0.0,0.0,0.0,0.0
0.2703,0.268587,0.0104163,0.0,0.0,0.0,0.0
0.270754,0.270538,0.0101989,0.0,0.0,0.0,0.0
0.27078,0.268117,0.01199,0.0,0.0,0.0,0.0
0.270057,0.266583,0.0120443,0.0,0.0,0.0,0.0
0.270256,0.266739,0.0112016,0.0,0.0,0.0,0.0
0.268849,0.270504,0.00930604,0.0,0.0,0.0,0.0
0.269259,0.265989,0.0123426,0.0,0.0,0.0,0.0
0.268588,0.264892,0.011938,0.0,0.0,0.0,0.0
0.253647,0.273684,0.0104758,0.0,0.0,0.0,0.0
0.253712,0.273776,0.0112145,0.0,0.0,0.0,0.0
0.254322,0.274857,0.0111701,0.0,0.0,0.0,0.0
0.254265,0.274769,0.0104083,0.0,0.0,0.0,0.0
0.25432,0.274351,0.00957414,0.0,0.0,0.0,0.0
0.25422,0.272975,0.00942353,0.0,0.0,0.0,0.0
0.2537,0.272282,0.0097559,0.0,0.0,0.0,0.0
0.253781,0.273542,0.00995791,0.0,0.0,0.0,0.0
0.254208,0.272582,0.00876863,0.0,0.0,0.0,0.0
0.254997,0.274356,0.00886485,0.0,0.0,0.0,0.0
0.253696,0.271737,0.00916755,0.0,0.0,0.0,0.0
0.259321,0.278562,0.00883675,0.0,0.0,0.0,0.0
0.257884,0.277689,0.00896639,0.0,0.0,0.0,0.0
0.257828,0.278507,0.00965955,0.0,0.0,0.0,0.0
0.258904,0.278795,0.00938476,0.0,0.0,0.0,0.0
0.256504,0.278293,0.0103713,0.0,0.0,0.0,0.0
0.257325,0.278823,0.0100698,0.0,0.0,0.0,0.0
0.255754,0.27677,0.00953124,0.0,0.0,0.0,0.0
0.255564,0.276998,0.010261,0.0,0.0,0.0,0.0
0.259193,0.280743,0.010106,0.0,0.0,0.0,0.0
0.258777,0.280971,0.0107255,0.0,0.0,0.0,0.0
0.259462,0.282036,0.0111826,0.0,0.0,0.0,0.0
0.260855,0.282585,0.0108205,0.0,0.0,0.0,0.0
0.260925,0.281775,0.010253,0.0,0.0,0.0,0.0
0.260458,0.28081,0.0100297,0.0,0.0,0.0,0.0
0.257854,0.279711,0.0104137,0.0,0.0,0.0,0.0
0.268942,0.278273,0.0103563,0.0,0.0,0.0,0.0
0.269212,0.27684,0.0101311,0.0,0.0,0.0,0.0
0.26882,0.276301,0.0095721,0.0,0.0,0.0,0.0
0.268334,0.278216,0.00964621,0.0,0.0,0.0,0.0
0.271288,0.274278,0.0106265,0.0,0.0,0.0,0.0
0.271327,0.272542,0.0106317,0.0,0.0,0.0,0.0
0.270412,0.272479,0.0105789,0.0,0.0,0.0,0.0
0.270359,0.274277,0.0105821,0.0,0.0,0.0,0.0
0.270184,0.276216,0.0105167,0.0,0.0,0.0,0.0
0.270656,0.276809,0.0109695,0.0,0.0,0.0,0.0
0.271268,0.276206,0.0114335,0.0,0.0,0.0,0.0
0.271114,0.275503,0.0107219,0.0,0.0,0.0,0.0
0.27063,0.278282,0.0109385,0.0,0.0,0.0,0.0
0.272154,0.2782,0.0116624,0.0,0.0,0.0,0.0
0.272221,0.276311,0.0116501,0.0,0.0,0.0,0.0
0.267145,0.280108,0.00959194,0.0,0.0,0.0,0.0
0.2655,0.28,0.00951512,0.0,0.0,0.0,0.0
0.26713,0.282013,0.0102522,0.0,0.0,0.0,0.0
0.267667,0.280717,0.00995437,0.0,0.0,0.0,0.0
0.268174,0.279455,0.00968573,0.0,0.0,0.0,0.0
0.268524,0.279993,0.0104883,0.0,0.0,0.0,0.0
0.269845,0.282019,0.0111841,0.0,0.0,0.0,0.0
0.269082,0.282593,0.0108298,0.0,0.0,0.0,0.0
0.270718,0.282191,0.0116927,0.0,0.0,0.0,0.0
0.270855,0.280687,0.0115695,0.0,0.0,0.0,0.0
0.270602,0.280148,0.0110019,0.0,0.0,0.0,0.0
0.253711,0.26924,0.0128086,0.0,0.0,0.0,0.0
0.254642,0.268209,0.0129149,0.0,0.0,0.0,0.0
0.255718,0.266045,0.0125391,0.0,0.0,0.0,0.0
0.256206,0.26658,0.0128657,0.0,0.0,0.0,0.0
0.255511,0.26775,0.0133069,0.0,0.0,0.0,0.0
0.255655,0.268012,0.0137348,0.0,0.0,0.0,0.0
0.254538,0.269037,0.0137125,0.0,0.0,0.0,0.0
0.253842,0.269533,0.0133027,0.0,0.0,0.0,0.0
0.257644,0.2664,0.0143282,0.0,0.0,0.0,0.0
0.25743,0.266174,0.0136652,0.0,0.0,0.0,0.0
0.259372,0.264538,0.0138401,0.0,0.0,0.0,0.0
0.259476,0.264941,0.0143759,0.0,0.0,0.0,0.0
0.258484,0.265568,0.0142359,0.0,0.0,0.0,0.0
0.259355,0.266072,0.01546,0.0,0.0,0.0,0.0
0.257807,0.26629,0.0152225,0.0,0.0,0.0,0.0
0.25855,0.265655,0.0147376,0.0,0.0,0.0,0.0
0.259494,0.265466,0.0147998,0.0,0.0,0.0,0.0
0.260939,0.264508,0.013795,0.0,0.0,0.0,0.0
0.259334,0.264064,0.0133416,0.0,0.0,0.0,0.0
0.257879,0.264773,0.0128221,0.0,0.0,0.0,0.0
0.257222,0.265932,0.0132249,0.0,0.0,0.0,0.0
0.25938,0.262873,0.0122033,0.0,0.0,0.0,0.0
0.259421,0.263413,0.0127141,0.0,0.0,0.0,0.0
0.258401,0.263621,0.0126432,0.0,0.0,0.0,0.0
0.260944,0.264944,0.0143133,0.0,0.0,0.0,0.0
0.262484,0.266029,0.0154209,0.0,0.0,0.0,0.0
0.260925,0.266033,0.0154362,0.0,0.0,0.0,0.0
0.262483,0.264952,0.0143252,0.0,0.0,0.0,0.0
0.259346,0.266653,0.0159725,0.0,0.0,0.0,0.0
0.260923,0.266605,0.0159289,0.0,0.0,0.0,0.0
0.262512,0.26659,0.0159082,0.0,0.0,0.0,0.0
0.262504,0.267028,0.0164374,0.0,0.0,0.0,0.0
0.258174,0.26873,0.0175344,0.0,0.0,0.0,0.0
0.258553,0.267683,0.017085,0.0,0.0,0.0,0.0
0.257459,0.268645,0.0167774,0.0,0.0,0.0,0.0
0.258262,0.267396,0.0166943,0.0,0.0,0.0,0.0
0.258366,0.270671,0.017784,0.0,0.0,0.0,0.0
0.257489,0.270583,0.0175335,0.0,0.0,0.0,0.0
0.257783,0.267088,0.0160095,0.0,0.0,0.0,0.0
0.257167,0.268063,0.0163614,0.0,0.0,0.0,0.0
0.257144,0.269974,0.0171248,0.0,0.0,0.0,0.0
0.256442,0.270619,0.0168096,0.0,0.0,0.0,0.0
0.265574,0.26509,0.013396,0.0,0.0,0.0,0.0
0.267137,0.265236,0.0135963,0.0,0.0,0.0,0.0
0.267707,0.266002,0.013947,0.0,0.0,0.0,0.0
0.267226,0.266168,0.014512,0.0,0.0,0.0,0.0
0.265696,0.266187,0.0144737,0.0,0.0,0.0,0.0
0.264146,0.264528,0.0138302,0.0,0.0,0.0,0.0
0.265575,0.26452,0.0127085,0.0,0.0,0.0,0.0
0.265066,0.263496,0.0126755,0.0,0.0,0.0,0.0
0.265634,0.266802,0.0150293,0.0,0.0,0.0,0.0
0.264136,0.265952,0.0153439,0.0,0.0,0.0,0.0
0.264633,0.265795,0.0148178,0.0,0.0,0.0,0.0
0.267222,0.264691,0.0129681,0.0,0.0,0.0,0.0
0.264107,0.265076,0.0144748,0.0,0.0,0.0,0.0
0.267247,0.266857,0.0152248,0.0,0.0,0.0,0.0
0.268717,0.266645,0.0135495,0.0,0.0,0.0,0.0
0.2694,0.267742,0.0139139,0.0,0.0,0.0,0.0
0.271701,0.268974,0.0127699,0.0,0.0,0.0,0.0
0.27071,0.268099,0.0127891,0.0,0.0,0.0,0.0
0.271593,0.269167,0.0119487,0.0,0.0,0.0,0.0
0.269029,0.266266,0.012807,0.0,0.0,0.0,0.0
0.270316,0.26823,0.0135448,0.0,0.0,0.0,0.0
0.271882,0.27041,0.0134237,0.0,0.0,0.0,0.0
0.271924,0.270486,0.0142847,0.0,0.0,0.0,0.0
0.271343,0.269211,0.0134737,0.0,0.0,0.0,0.0
0.264093,0.266567,0.0159019,0.0,0.0,0.0,0.0
0.265587,0.266734,0.015854,0.0,0.0,0.0,0.0
0.267645,0.267851,0.0166352,0.0,0.0,0.0,0.0
0.268773,0.268567,0.0165723,0.0,0.0,0.0,0.0
0.270613,0.270091,0.0165403,0.0,0.0,0.0,0.0
0.257072,0.280834,0.0134299,0.0,0.0,0.0,0.0
0.256792,0.280975,0.0142869,0.0,0.0,0.0,0.0
0.258525,0.282996,0.0141855,0.0,0.0,0.0,0.0
0.258006,0.272475,0.018416,0.0,0.0,0.0,0.0
0.257699,0.278162,0.0172048,0.0,0.0,0.0,0.0
0.257398,0.27873,0.0167463,0.0,0.0,0.0,0.0
0.25682,0.278056,0.016375,0.0,0.0,0.0,0.0
0.256273,0.276335,0.0166615,0.0,0.0,0.0,0.0
0.257371,0.276342,0.0177107,0.0,0.0,0.0,0.0
0.25902,0.278309,0.0183935,0.0,0.0,0.0,0.0
0.257998,0.276359,0.0183852,0.0,0.0,0.0,0.0
0.258883,0.276897,0.0184918,0.0,0.0,0.0,0.0
0.257773,0.279976,0.0163883,0.0,0.0,0.0,0.0
0.259368,0.282444,0.0165699,0.0,0.0,0.0,0.0
0.258883,0.282673,0.0158716,0.0,0.0,0.0,0.0
0.257524,0.280446,0.0157658,0.0,0.0,0.0,0.0
0.258523,0.282969,0.0151074,0.0,0.0,0.0,0.0
0.257202,0.280722,0.0150891,0.0,0.0,0.0,0.0
0.260846,0.284198,0.0166681,0.0,0.0,0.0,0.0
0.260279,0.282924,0.0169495,0.0,0.0,0.0,0.0
0.259535,0.280014,0.0179251,0.0,0.0,0.0,0.0
0.260489,0.280661,0.0183742,0.0,0.0,0.0,0.0
0.259365,0.281661,0.0173548,0.0,0.0,0.0,0.0
0.259036,0.280555,0.0175124,0.0,0.0,0.0,0.0
0.258415,0.279949,0.0170739,0.0,0.0,0.0,0.0
0.273717,0.276344,0.0126418,0.0,0.0,0.0,0.0
0.274128,0.275746,0.0130185,0.0,0.0,0.0,0.0
0.274553,0.277076,0.0127363,0.0,0.0,0.0,0.0
0.274816,0.276405,0.0133011,0.0,0.0,0.0,0.0
0.273746,0.274026,0.0142269,0.0,0.0,0.0,0.0
0.272914,0.272527,0.0141795,0.0,0.0,0.0,0.0
0.272755,0.271275,0.0134432,0.0,0.0,0.0,0.0
0.272764,0.271292,0.0139607,0.0,0.0,0.0,0.0
0.274986,0.27829,0.0133613,0.0,0.0,0.0,0.0
0.274556,0.278345,0.0127792,0.0,0.0,0.0,0.0
0.274527,0.280093,0.0127522,0.0,0.0,0.0,0.0
0.274969,0.280146,0.0133432,0.0,0.0,0.0,0.0
0.274461,0.282021,0.0135015,0.0,0.0,0.0,0.0
0.274388,0.281354,0.0127623,0.0,0.0,0.0,0.0
0.270989,0.282817,0.0120848,0.0,0.0,0.0,0.0
0.275501,0.28218,0.0137325,0.0,0.0,0.0,0.0
0.272372,0.271892,0.0157851,0.0,0.0,0.0,0.0
0.273713,0.274046,0.0157425,0.0,0.0,0.0,0.0
0.273804,0.273944,0.0180186,0.0,0.0,0.0,0.0
0.275746,0.277621,0.0163827,0.0,0.0,0.0,0.0
0.275652,0.276023,0.0163378,0.0,0.0,0.0,0.0
0.274638,0.274976,0.0149533,0.0,0.0,0.0,0.0
0.274541,0.275002,0.0157256,0.0,0.0,0.0,0.0
0.262479,0.285623,0.0165658,0.0,0.0,0.0,0.0
0.276542,0.282187,0.0148496,0.0,0.0,0.0,0.0
0.277019,0.282179,0.0154057,0.0,0.0,0.0,0.0
0.278146,0.280482,0.0173494,0.0,0.0,0.0,0.0
0.277488,0.280486,0.0166871,0.0,0.0,0.0,0.0
0.279165,0.28602,0.0175211,0.0,0.0,0.0,0.0
0.279184,0.284099,0.0174977,0.0,0.0,0.0,0.0
0.27691,0.279884,0.0163275,0.0,0.0,0.0,0.0
0.276645,0.278739,0.0164584,0.0,0.0,0.0,0.0
0.270291,0.287929,0.013271,0.0,0.0,0.0,0.0
0.270315,0.287286,0.0126409,0.0,0.0,0.0,0.0
0.273413,0.288296,0.0138147,0.0,0.0,0.0,0.0
0.273355,0.289646,0.0148701,0.0,0.0,0.0,0.0
0.265939,0.287532,0.0173567,0.0,0.0,0.0,0.0
0.268249,0.288736,0.0164874,0.0,0.0,0.0,0.0
0.266842,0.288448,0.0165352,0.0,0.0,0.0,0.0
0.265637,0.287845,0.015728,0.0,0.0,0.0,0.0
0.273412,0.289791,0.0156043,0.0,0.0,0.0,0.0
0.271863,0.28984,0.0156357,0.0,0.0,0.0,0.0
0.27499,0.289373,0.0155647,0.0,0.0,0.0,0.0
0.27195,0.289654,0.0149118,0.0,0.0,0.0,0.0
0.27037,0.289775,0.016465,0.0,0.0,0.0,0.0
0.270357,0.289805,0.0172352,0.0,0.0,0.0,0.0
0.27022,0.289731,0.0181335,0.0,0.0,0.0,0.0
0.266836,0.268693,0.0189866,0.0,0.0,0.0,0.0
0.260681,0.278187,0.0189922,0.0,0.0,0.0,0.0
0.259362,0.2763,0.0187073,0.0,0.0,0.0,0.0
0.260337,0.276346,0.0195604,0.0,0.0,0.0,0.0
0.261352,0.276335,0.0196652,0.0,0.0,0.0,0.0
0.261368,0.278198,0.019676,0.0,0.0,0.0,0.0
0.262485,0.278228,0.0196065,0.0,0.0,0.0,0.0
0.262464,0.27633,0.0196295,0.0,0.0,0.0,0.0
0.26103,0.28006,0.0187623,0.0,0.0,0.0,0.0
0.262065,0.280659,0.0191082,0.0,0.0,0.0,0.0
0.262508,0.282064,0.0188182,0.0,0.0,0.0,0.0
0.261439,0.279483,0.0195966,0.0,0.0,0.0,0.0
0.262442,0.280138,0.0196744,0.0,0.0,0.0,0.0
0.270962,0.271565,0.0194561,0.0,0.0,0.0,0.0
0.273608,0.274079,0.020245,0.0,0.0,0.0,0.0
0.271799,0.272122,0.0202716,0.0,0.0,0.0,0.0
0.270957,0.271572,0.0199537,0.0,0.0,0.0,0.0
0.270359,0.270784,0.0202684,0.0,0.0,0.0,0.0
0.270131,0.270642,0.0195469,0.0,0.0,0.0,0.0
0.272284,0.271836,0.0210312,0.0,0.0,0.0,0.0
0.271448,0.27093,0.0210624,0.0,0.0,0.0,0.0
0.270239,0.270732,0.0210903,0.0,0.0,0.0,0.0
0.267118,0.282005,0.0208636,0.0,0.0,0.0,0.0
0.263625,0.278269,0.0199439,0.0,0.0,0.0,0.0
0.263662,0.280144,0.0199662,0.0,0.0,0.0,0.0
0.267752,0.27445,0.0217004,0.0,0.0,0.0,0.0
0.268836,0.274405,0.0216817,0.0,0.0,0.0,0.0
0.27069,0.276276,0.0227427,0.0,0.0,0.0,0.0
0.27012,0.274428,0.0217458,0.0,0.0,0.0,0.0
0.270861,0.274489,0.022416,0.0,0.0,0.0,0.0
0.272026,0.274571,0.0226653,0.0,0.0,0.0,0.0
0.27201,0.276343,0.0226218,0.0,0.0,0.0,0.0
0.271712,0.278256,0.0226077,0.0,0.0,0.0,0.0
0.270654,0.278244,0.0227407,0.0,0.0,0.0,0.0
0.271749,0.272299,0.0217743,0.0,0.0,0.0,0.0
0.273162,0.272677,0.0219152,0.0,0.0,0.0,0.0
0.272861,0.273063,0.0226184,0.0,0.0,0.0,0.0
0.27186,0.273089,0.0225736,0.0,0.0,0.0,0.0
0.273974,0.273743,0.0217575,0.0,0.0,0.0,0.0
0.273485,0.274051,0.0226787,0.0,0.0,0.0,0.0
0.273532,0.274904,0.0234443,0.0,0.0,0.0,0.0
0.273473,0.276372,0.0237319,0.0,0.0,0.0,0.0
0.270959,0.27328,0.0224222,0.0,0.0,0.0,0.0
0.271227,0.271304,0.0216802,0.0,0.0,0.0,0.0
0.274974,0.274873,0.0217559,0.0,0.0,0.0,0.0
0.273683,0.274023,0.0210013,0.0,0.0,0.0,0.0
0.267825,0.281993,0.021471,0.0,0.0,0.0,0.0
0.26881,0.282061,0.0216623,0.0,0.0,0.0,0.0
0.268816,0.283936,0.0217142,0.0,0.0,0.0,0.0
0.270644,0.282146,0.0227326,0.0,0.0,0.0,0.0
0.269841,0.282132,0.0222504,0.0,0.0,0.0,0.0
0.270666,0.280199,0.022682,0.0,0.0,0.0,0.0
0.271589,0.280205,0.0228922,0.0,0.0,0.0,0.0
0.272178,0.280206,0.0235517,0.0,0.0,0.0,0.0
0.270811,0.283974,0.0224183,0.0,0.0,0.0,0.0
0.270098,0.283947,0.0218436,0.0,0.0,0.0,0.0
0.278458,0.279838,0.0202109,0.0,0.0,0.0,0.0
0.27836,0.279904,0.0194663,0.0,0.0,0.0,0.0
0.280156,0.281683,0.0194043,0.0,0.0,0.0,0.0
0.280172,0.28166,0.0201337,0.0,0.0,0.0,0.0
0.278384,0.279961,0.0179741,0.0,0.0,0.0,0.0
0.278442,0.279848,0.0187146,0.0,0.0,0.0,0.0
0.280609,0.283051,0.0181993,0.0,0.0,0.0,0.0
0.280713,0.282882,0.0187309,0.0,0.0,0.0,0.0
0.279997,0.281867,0.0186758,0.0,0.0,0.0,0.0
0.279763,0.282378,0.0180303,0.0,0.0,0.0,0.0
0.281564,0.283809,0.0194046,0.0,0.0,0.0,0.0
0.281789,0.283563,0.0198958,0.0,0.0,0.0,0.0
0.281235,0.282655,0.0202338,0.0,0.0,0.0,0.0
0.283041,0.28609,0.0194063,0.0,0.0,0.0,0.0
0.282752,0.284209,0.0201983,0.0,0.0,0.0,0.0
0.283082,0.28381,0.0209418,0.0,0.0,0.0,0.0
0.28125,0.2819,0.0209541,0.0,0.0,0.0,0.0
0.283319,0.28548,0.0198108,0.0,0.0,0.0,0.0
0.283952,0.286107,0.0202255,0.0,0.0,0.0,0.0
0.284611,0.286048,0.0209297,0.0,0.0,0.0,0.0
0.277782,0.276878,0.0232261,0.0,0.0,0.0,0.0
0.278499,0.277903,0.0232604,0.0,0.0,0.0,0.0
0.27969,0.279921,0.0225196,0.0,0.0,0.0,0.0
0.278866,0.279342,0.0221451,0.0,0.0,0.0,0.0
0.278859,0.279371,0.0215863,0.0,0.0,0.0,0.0
0.279764,0.28026,0.0217047,0.0,0.0,0.0,0.0
0.281467,0.281921,0.0217722,0.0,0.0,0.0,0.0
0.279821,0.280558,0.0209023,0.0,0.0,0.0,0.0
0.280343,0.28145,0.0205923,0.0,0.0,0.0,0.0
0.281561,0.281802,0.0225136,0.0,0.0,0.0,0.0
0.281786,0.281504,0.0229824,0.0,0.0,0.0,0.0
0.281218,0.280716,0.0232892,0.0,0.0,0.0,0.0
0.280167,0.279702,0.0232404,0.0,0.0,0.0,0.0
0.283087,0.281738,0.0240117,0.0,0.0,0.0,0.0
0.282665,0.281995,0.0233379,0.0,0.0,0.0,0.0
0.282606,0.282627,0.0226432,0.0,0.0,0.0,0.0
0.284295,0.284215,0.0217414,0.0,0.0,0.0,0.0
0.283317,0.283579,0.0214341,0.0,0.0,0.0,0.0
0.284887,0.285456,0.0213425,0.0,0.0,0.0,0.0
0.269788,0.288673,0.0197383,0.0,0.0,0.0,0.0
0.271948,0.289359,0.0203174,0.0,0.0,0.0,0.0
0.273349,0.289828,0.0203075,0.0,0.0,0.0,0.0
0.274697,0.290243,0.0210551,0.0,0.0,0.0,0.0
0.27446,0.290686,0.0203684,0.0,0.0,0.0,0.0
0.273224,0.289692,0.0212433,0.0,0.0,0.0,0.0
0.271438,0.288498,0.0205716,0.0,0.0,0.0,0.0
0.27178,0.288309,0.0211787,0.0,0.0,0.0,0.0
0.272784,0.288651,0.0215882,0.0,0.0,0.0,0.0
0.271959,0.287331,0.0216661,0.0,0.0,0.0,0.0
0.273173,0.288212,0.0217491,0.0,0.0,0.0,0.0
0.2737,0.289444,0.0219531,0.0,0.0,0.0,0.0
0.274709,0.290206,0.0218271,0.0,0.0,0.0,0.0
0.28443,0.292169,0.0196627,0.0,0.0,0.0,0.0
0.284401,0.291317,0.0188736,0.0,0.0,0.0,0.0
0.282839,0.291723,0.0191087,0.0,0.0,0.0,0.0
0.284392,0.29402,0.0206621,0.0,0.0,0.0,0.0
0.282869,0.287985,0.0186971,0.0,0.0,0.0,0.0
0.282778,0.289751,0.018658,0.0,0.0,0.0,0.0
0.284735,0.289786,0.0187358,0.0,0.0,0.0,0.0
0.284403,0.28803,0.0192005,0.0,0.0,0.0,0.0
0.283409,0.287401,0.0189077,0.0,0.0,0.0,0.0
0.284795,0.287509,0.0200188,0.0,0.0,0.0,0.0
0.282777,0.291032,0.0186078,0.0,0.0,0.0,0.0
0.278963,0.294598,0.0223499,0.0,0.0,0.0,0.0
0.277774,0.292126,0.0233353,0.0,0.0,0.0,0.0
0.275871,0.290539,0.0230238,0.0,0.0,0.0,0.0
0.287896,0.289364,0.0222683,0.0,0.0,0.0,0.0
0.287608,0.287876,0.0223241,0.0,0.0,0.0,0.0
0.286604,0.287231,0.0220306,0.0,0.0,0.0,0.0
0.286359,0.287464,0.0215679,0.0,0.0,0.0,0.0
0.287658,0.289647,0.0217492,0.0,0.0,0.0,0.0
0.281246,0.296004,0.0224033,0.0,0.0,0.0,0.0
0.284395,0.29588,0.0216861,0.0,0.0,0.0,0.0
0.28284,0.295916,0.0216871,0.0,0.0,0.0,0.0
0.282277,0.29642,0.0219832,0.0,0.0,0.0,0.0
0.282986,0.297389,0.0226453,0.0,0.0,0.0,0.0
0.284387,0.297079,0.0217025,0.0,0.0,0.0,0.0
0.281322,0.295177,0.0217005,0.0,0.0,0.0,0.0
0.282496,0.297924,0.023231,0.0,0.0,0.0,0.0
0.285861,0.29715,0.0216594,0.0,0.0,0.0,0.0
0.285915,0.295588,0.0217026,0.0,0.0,0.0,0.0
0.288925,0.289998,0.0225772,0.0,0.0,0.0,0.0
0.289606,0.291192,0.0220651,0.0,0.0,0.0,0.0
0.290586,0.29185,0.0223856,0.0,0.0,0.0,0.0
0.290875,0.291446,0.0231981,0.0,0.0,0.0,0.0
0.290318,0.28986,0.02307,0.0,0.0,0.0,0.0
0.289504,0.289337,0.022784,0.0,0.0,0.0,0.0
0.290228,0.292364,0.0215849,0.0,0.0,0.0,0.0
0.289376,0.291462,0.0216024,0.0,0.0,0.0,0.0
0.289031,0.291896,0.0208528,0.0,0.0,0.0,0.0
0.289957,0.292603,0.0210483,0.0,0.0,0.0,0.0
0.287515,0.289985,0.0208153,0.0,0.0,0.0,0.0
0.292043,0.297457,0.0216624,0.0,0.0,0.0,0.0
0.292126,0.295757,0.021601,0.0,0.0,0.0,0.0
0.290403,0.295323,0.0216729,0.0,0.0,0.0,0.0
0.290624,0.297422,0.021652,0.0,0.0,0.0,0.0
0.289099,0.297455,0.0216356,0.0,0.0,0.0,0.0
0.293619,0.301263,0.0226842,0.0,0.0,0.0,0.0
0.293509,0.299429,0.022686,0.0,0.0,0.0,0.0
0.292137,0.299737,0.0227175,0.0,0.0,0.0,0.0
0.292197,0.301324,0.0226586,0.0,0.0,0.0,0.0
0.289992,0.294808,0.0209196,0.0,0.0,0.0,0.0
0.292056,0.298724,0.0220736,0.0,0.0,0.0,0.0
0.293954,0.297684,0.022313,0.0,0.0,0.0,0.0
0.293237,0.297582,0.0216165,0.0,0.0,0.0,0.0
0.293034,0.29865,0.0219464,0.0,0.0,0.0,0.0
0.29556,0.301363,0.0228864,0.0,0.0,0.0,0.0
0.295651,0.299586,0.0229621,0.0,0.0,0.0,0.0
0.294736,0.299636,0.022614,0.0,0.0,0.0,0.0
0.295881,0.299043,0.023547,0.0,0.0,0.0,0.0
0.295542,0.297719,0.0238921,0.0,0.0,0.0,0.0
0.294857,0.297783,0.0232385,0.0,0.0,0.0,0.0
0.294246,0.297129,0.0228097,0.0,0.0,0.0,0.0
0.293636,0.302509,0.0226452,0.0,0.0,0.0,0.0
0.2922,0.302513,0.0227829,0.0,0.0,0.0,0.0
0.296732,0.303412,0.0236941,0.0,0.0,0.0,0.0
0.296913,0.301581,0.024046,0.0,0.0,0.0,0.0
0.284122,0.289908,0.0256799,0.0,0.0,0.0,0.0
0.282834,0.28986,0.0257024,0.0,0.0,0.0,0.0
0.282854,0.287899,0.0256989,0.0,0.0,0.0,0.0
0.281287,0.285962,0.0256842,0.0,0.0,0.0,0.0
0.28283,0.28597,0.0256908,0.0,0.0,0.0,0.0
0.281619,0.287963,0.0257549,0.0,0.0,0.0,0.0
0.281667,0.289878,0.0257539,0.0,0.0,0.0,0.0
0.284072,0.291812,0.025666,0.0,0.0,0.0,0.0
0.282922,0.297401,0.0246554,0.0,0.0,0.0,0.0
0.282421,0.29609,0.0249688,0.0,0.0,0.0,0.0
0.282727,0.295625,0.0257012,0.0,0.0,0.0,0.0
0.284093,0.295586,0.0256762,0.0,0.0,0.0,0.0
0.28182,0.294897,0.0253743,0.0,0.0,0.0,0.0
0.282444,0.297956,0.0240486,0.0,0.0,0.0,0.0
0.295738,0.29144,0.0260893,0.0,0.0,0.0,0.0
0.296844,0.292397,0.0261645,0.0,0.0,0.0,0.0
0.293729,0.290017,0.0253929,0.0,0.0,0.0,0.0
0.294354,0.291223,0.0248498,0.0,0.0,0.0,0.0
0.295357,0.291909,0.0252712,0.0,0.0,0.0,0.0
0.29568,0.293786,0.0251688,0.0,0.0,0.0,0.0
0.296809,0.293893,0.0256316,0.0,0.0,0.0,0.0
0.297286,0.293363,0.02585,0.0,0.0,0.0,0.0
0.296867,0.297564,0.0253342,0.0,0.0,0.0,0.0
0.296085,0.296883,0.0248689,0.0,0.0,0.0,0.0
0.295866,0.297125,0.0244401,0.0,0.0,0.0,0.0
0.297188,0.299615,0.0245475,0.0,0.0,0.0,0.0
0.297397,0.298999,0.0250215,0.0,0.0,0.0,0.0
0.296554,0.299687,0.0238581,0.0,0.0,0.0,0.0
0.292197,0.2901,0.0276748,0.0,0.0,0.0,0.0
0.293671,0.290078,0.027712,0.0,0.0,0.0,0.0
0.290755,0.293741,0.0277008,0.0,0.0,0.0,0.0
0.290779,0.291863,0.0276876,0.0,0.0,0.0,0.0
0.292164,0.288837,0.0276082,0.0,0.0,0.0,0.0
0.293141,0.288878,0.0276858,0.0,0.0,0.0,0.0
0.289573,0.293747,0.0277671,0.0,0.0,0.0,0.0
0.289633,0.291908,0.0276796,0.0,0.0,0.0,0.0
0.296922,0.293961,0.0287256,0.0,0.0,0.0,0.0
0.295422,0.293891,0.0283958,0.0,0.0,0.0,0.0
0.295865,0.292694,0.0283145,0.0,0.0,0.0,0.0
0.296941,0.292458,0.0287537,0.0,0.0,0.0,0.0
0.298082,0.292545,0.0267328,0.0,0.0,0.0,0.0
0.298089,0.292679,0.0271885,0.0,0.0,0.0,0.0
0.290727,0.295668,0.0277058,0.0,0.0,0.0,0.0
0.293869,0.297655,0.0287428,0.0,0.0,0.0,0.0
0.29271,0.297688,0.0285076,0.0,0.0,0.0,0.0
0.291947,0.297673,0.0278463,0.0,0.0,0.0,0.0
0.293823,0.295766,0.0286294,0.0,0.0,0.0,0.0
0.28951,0.301412,0.0277966,0.0,0.0,0.0,0.0
0.289513,0.299555,0.027794,0.0,0.0,0.0,0.0
0.290646,0.299554,0.0276644,0.0,0.0,0.0,0.0
0.290635,0.301455,0.0276635,0.0,0.0,0.0,0.0
0.289558,0.295673,0.0277671,0.0,0.0,0.0,0.0
0.291769,0.299551,0.0281752,0.0,0.0,0.0,0.0
0.291751,0.3015,0.0281612,0.0,0.0,0.0,0.0
0.292613,0.299539,0.0287693,0.0,0.0,0.0,0.0
0.292586,0.301484,0.0287814,0.0,0.0,0.0,0.0
0.296876,0.297581,0.0286904,0.0,0.0,0.0,0.0
0.295332,0.297612,0.0287131,0.0,0.0,0.0,0.0
0.295384,0.295741,0.0286847,0.0,0.0,0.0,0.0
0.296919,0.295705,0.0287054,0.0,0.0,0.0,0.0
0.294261,0.294387,0.0286667,0.0,0.0,0.0,0.0
0.300211,0.297694,0.0276991,0.0,0.0,0.0,0.0
0.299008,0.295704,0.0264757,0.0,0.0,0.0,0.0
0.29905,0.297546,0.0265166,0.0,0.0,0.0,0.0
0.299621,0.294543,0.028437,0.0,0.0,0.0,0.0
0.299785,0.295767,0.0285797,0.0,0.0,0.0,0.0
0.301166,0.298346,0.0277552,0.0,0.0,0.0,0.0
0.295452,0.311036,0.0256103,0.0,0.0,0.0,0.0
0.294834,0.31166,0.025821,0.0,0.0,0.0,0.0
0.295266,0.312686,0.0261176,0.0,0.0,0.0,0.0
0.296411,0.313634,0.0259868,0.0,0.0,0.0,0.0
0.296992,0.312994,0.0256641,0.0,0.0,0.0,0.0
0.296934,0.311541,0.025252,0.0,0.0,0.0,0.0
0.296216,0.313921,0.0264778,0.0,0.0,0.0,0.0
0.295174,0.31357,0.0267541,0.0,0.0,0.0,0.0
0.299322,0.310342,0.0246937,0.0,0.0,0.0,0.0
0.298335,0.310518,0.0246772,0.0,0.0,0.0,0.0
0.298407,0.311655,0.0250256,0.0,0.0,0.0,0.0
0.299976,0.311229,0.0248623,0.0,0.0,0.0,0.0
0.300073,0.309303,0.0254546,0.0,0.0,0.0,0.0
0.299463,0.309141,0.0247503,0.0,0.0,0.0,0.0
0.298497,0.313082,0.0256907,0.0,0.0,0.0,0.0
0.292416,0.307346,0.0287197,0.0,0.0,0.0,0.0
0.292474,0.309216,0.0287188,0.0,0.0,0.0,0.0
0.293422,0.309219,0.0287961,0.0,0.0,0.0,0.0
0.293403,0.307343,0.0287731,0.0,0.0,0.0,0.0
0.293462,0.305419,0.0287977,0.0,0.0,0.0,0.0
0.292454,0.305392,0.0287434,0.0,0.0,0.0,0.0
0.290529,0.303407,0.0277376,0.0,0.0,0.0,0.0
0.289601,0.302671,0.0276102,0.0,0.0,0.0,0.0
0.291745,0.303441,0.0281412,0.0,0.0,0.0,0.0
0.292545,0.303428,0.0287513,0.0,0.0,0.0,0.0
0.295508,0.305457,0.029706,0.0,0.0,0.0,0.0
0.295557,0.30373,0.0297547,0.0,0.0,0.0,0.0
0.29449,0.305565,0.0297958,0.0,0.0,0.0,0.0
0.295553,0.307404,0.0298639,0.0,0.0,0.0,0.0
0.294449,0.30733,0.0297518,0.0,0.0,0.0,0.0
0.296454,0.306815,0.0304154,0.0,0.0,0.0,0.0
0.292828,0.310367,0.0283269,0.0,0.0,0.0,0.0
0.293587,0.311165,0.0287614,0.0,0.0,0.0,0.0
0.294976,0.313309,0.0294865,0.0,0.0,0.0,0.0
0.295503,0.314935,0.029276,0.0,0.0,0.0,0.0
0.294957,0.315176,0.0286042,0.0,0.0,0.0,0.0
0.294442,0.313387,0.0287893,0.0,0.0,0.0,0.0
0.295702,0.314938,0.0300708,0.0,0.0,0.0,0.0
0.294403,0.313922,0.0275964,0.0,0.0,0.0,0.0
0.295391,0.315237,0.0275335,0.0,0.0,0.0,0.0
0.294598,0.311831,0.0289085,0.0,0.0,0.0,0.0
0.294905,0.311621,0.0293247,0.0,0.0,0.0,0.0
0.302706,0.313278,0.026091,0.0,0.0,0.0,0.0
0.302005,0.312677,0.0257754,0.0,0.0,0.0,0.0
0.301428,0.313216,0.0256558,0.0,0.0,0.0,0.0
0.301418,0.314929,0.0256807,0.0,0.0,0.0,0.0
0.302345,0.31498,0.0257521,0.0,0.0,0.0,0.0
0.302817,0.315007,0.0261972,0.0,0.0,0.0,0.0
0.30302,0.31702,0.0267011,0.0,0.0,0.0,0.0
0.302603,0.316309,0.0259783,0.0,0.0,0.0,0.0
0.302282,0.315946,0.0256771,0.0,0.0,0.0,0.0
0.302557,0.303532,0.0279632,0.0,0.0,0.0,0.0
0.301938,0.303441,0.0273966,0.0,0.0,0.0,0.0
0.301962,0.305282,0.0274286,0.0,0.0,0.0,0.0
0.301364,0.303333,0.0267768,0.0,0.0,0.0,0.0
0.302555,0.302266,0.0279062,0.0,0.0,0.0,0.0
0.303711,0.307284,0.0281723,0.0,0.0,0.0,0.0
0.303657,0.306823,0.0289422,0.0,0.0,0.0,0.0
0.301959,0.306809,0.0275246,0.0,0.0,0.0,0.0
0.302759,0.307363,0.0277037,0.0,0.0,0.0,0.0
0.304637,0.311169,0.028155,0.0,0.0,0.0,0.0
0.303797,0.310637,0.0279866,0.0,0.0,0.0,0.0
0.303391,0.311256,0.0276877,0.0,0.0,0.0,0.0
0.306031,0.317156,0.0284823,0.0,0.0,0.0,0.0
0.304187,0.315873,0.0270369,0.0,0.0,0.0,0.0
0.30488,0.311278,0.0292412,0.0,0.0,0.0,0.0
0.297337,0.318265,0.0277844,0.0,0.0,0.0,0.0
0.296947,0.316922,0.0277171,0.0,0.0,0.0,0.0
0.299955,0.322393,0.0291236,0.0,0.0,0.0,0.0
0.298936,0.322123,0.0299459,0.0,0.0,0.0,0.0
0.306752,0.320825,0.0280425,0.0,0.0,0.0,0.0
0.306231,0.322827,0.0278349,0.0,0.0,0.0,0.0
0.303115,0.320203,0.0266905,0.0,0.0,0.0,0.0
0.302136,0.32016,0.0267804,0.0,0.0,0.0,0.0
0.301658,0.320704,0.0276639,0.0,0.0,0.0,0.0
0.306035,0.318945,0.0285643,0.0,0.0,0.0,0.0
0.306795,0.320354,0.0288797,0.0,0.0,0.0,0.0
0.301661,0.322955,0.0283997,0.0,0.0,0.0,0.0
0.301055,0.323371,0.028962,0.0,0.0,0.0,0.0
0.303067,0.325105,0.0289545,0.0,0.0,0.0,0.0
0.301639,0.322136,0.0276587,0.0,0.0,0.0,0.0
0.307437,0.320936,0.0291792,0.0,0.0,0.0,0.0
0.308094,0.32091,0.0298923,0.0,0.0,0.0,0.0
0.307196,0.322916,0.0286313,0.0,0.0,0.0,0.0
0.307184,0.324583,0.028716,0.0,0.0,0.0,0.0
0.304261,0.325213,0.0288168,0.0,0.0,0.0,0.0
0.306222,0.325832,0.0286387,0.0,0.0,0.0,0.0
0.30614,0.324524,0.0287142,0.0,0.0,0.0,0.0
0.304739,0.324607,0.0286684,0.0,0.0,0.0,0.0
0.302596,0.325378,0.0294961,0.0,0.0,0.0,0.0
0.303142,0.326651,0.0297706,0.0,0.0,0.0,0.0
0.298506,0.306051,0.0306117,0.0,0.0,0.0,0.0
0.296988,0.309309,0.0307756,0.0,0.0,0.0,0.0
0.296976,0.307471,0.0307882,0.0,0.0,0.0,0.0
0.297492,0.306192,0.0306964,0.0,0.0,0.0,0.0
0.295977,0.308135,0.0305716,0.0,0.0,0.0,0.0
0.295934,0.309373,0.0304827,0.0,0.0,0.0,0.0
0.296903,0.311169,0.030801,0.0,0.0,0.0,0.0
0.298215,0.311219,0.0307504,0.0,0.0,0.0,0.0
0.299761,0.311218,0.031745,0.0,0.0,0.0,0.0
0.295919,0.311176,0.0304581,0.0,0.0,0.0,0.0
0.307218,0.307493,0.0316866,0.0,0.0,0.0,0.0
0.3078,0.305834,0.0328401,0.0,0.0,0.0,0.0
0.307401,0.305962,0.0320807,0.0,0.0,0.0,0.0
0.307121,0.306296,0.0316185,0.0,0.0,0.0,0.0
0.306832,0.313135,0.0302415,0.0,0.0,0.0,0.0
0.300185,0.312993,0.0324249,0.0,0.0,0.0,0.0
0.30098,0.312502,0.032607,0.0,0.0,0.0,0.0
0.300994,0.312938,0.033188,0.0,0.0,0.0,0.0
0.300776,0.314365,0.0333847,0.0,0.0,0.0,0.0
0.306711,0.310681,0.0312088,0.0,0.0,0.0,0.0
0.307096,0.311352,0.0315431,0.0,0.0,0.0,0.0
0.308251,0.311092,0.03174,0.0,0.0,0.0,0.0
0.309366,0.31113,0.0328049,0.0,0.0,0.0,0.0
0.309046,0.309207,0.0328065,0.0,0.0,0.0,0.0
0.309912,0.313033,0.0326166,0.0,0.0,0.0,0.0
0.308341,0.31256,0.0317554,0.0,0.0,0.0,0.0
0.309183,0.313077,0.0318924,0.0,0.0,0.0,0.0
0.307908,0.317014,0.0306004,0.0,0.0,0.0,0.0
0.308127,0.316559,0.0314219,0.0,0.0,0.0,0.0
0.307967,0.315072,0.0315159,0.0,0.0,0.0,0.0
0.307485,0.315001,0.0308498,0.0,0.0,0.0,0.0
0.302813,0.309251,0.0338232,0.0,0.0,0.0,0.0
0.305629,0.306485,0.0345145,0.0,0.0,0.0,0.0
0.30472,0.307465,0.0345152,0.0,0.0,0.0,0.0
0.303133,0.3092,0.0345478,0.0,0.0,0.0,0.0
0.303876,0.308205,0.0344968,0.0,0.0,0.0,0.0
0.303901,0.308196,0.0352471,0.0,0.0,0.0,0.0
0.303645,0.309414,0.0352466,0.0,0.0,0.0,0.0
0.309311,0.305661,0.0344248,0.0,0.0,0.0,0.0
0.30792,0.305868,0.0344636,0.0,0.0,0.0,0.0
0.307815,0.305739,0.0337153,0.0,0.0,0.0,0.0
0.309143,0.306138,0.0338046,0.0,0.0,0.0,0.0
0.30661,0.305792,0.0337684,0.0,0.0,0.0,0.0
0.308695,0.306282,0.0331732,0.0,0.0,0.0,0.0
0.308761,0.307415,0.0332687,0.0,0.0,0.0,0.0
0.309402,0.30744,0.0338084,0.0,0.0,0.0,0.0
0.30666,0.305736,0.0344659,0.0,0.0,0.0,0.0
0.312378,0.305622,0.0355113,0.0,0.0,0.0,0.0
0.312106,0.305914,0.0348947,0.0,0.0,0.0,0.0
0.311329,0.307334,0.0337918,0.0,0.0,0.0,0.0
0.310436,0.307395,0.0337364,0.0,0.0,0.0,0.0
0.310231,0.306268,0.0338233,0.0,0.0,0.0,0.0
0.310844,0.30583,0.0341174,0.0,0.0,0.0,0.0
0.302694,0.310652,0.0345414,0.0,0.0,0.0,0.0
0.302509,0.310513,0.034063,0.0,0.0,0.0,0.0
0.300842,0.314441,0.0338738,0.0,0.0,0.0,0.0
0.301275,0.312868,0.0338454,0.0,0.0,0.0,0.0
0.299967,0.317124,0.0345753,0.0,0.0,0.0,0.0
0.299762,0.317057,0.0339059,0.0,0.0,0.0,0.0
0.302782,0.310721,0.0352475,0.0,0.0,0.0,0.0
0.301799,0.311164,0.0338411,0.0,0.0,0.0,0.0
0.309848,0.311017,0.0333333,0.0,0.0,0.0,0.0
0.30974,0.309149,0.0333436,0.0,0.0,0.0,0.0
0.309964,0.312509,0.0332949,0.0,0.0,0.0,0.0
0.310571,0.31379,0.0329381,0.0,0.0,0.0,0.0
0.298737,0.322233,0.0307169,0.0,0.0,0.0,0.0
0.298803,0.320723,0.0322778,0.0,0.0,0.0,0.0
0.308084,0.318943,0.030585,0.0,0.0,0.0,0.0
0.308184,0.320396,0.0305698,0.0,0.0,0.0,0.0
0.309039,0.320899,0.0306158,0.0,0.0,0.0,0.0
0.309721,0.320854,0.0311843,0.0,0.0,0.0,0.0
0.309618,0.319009,0.0312421,0.0,0.0,0.0,0.0
0.311003,0.320966,0.0324026,0.0,0.0,0.0,0.0
0.310772,0.319034,0.0322173,0.0,0.0,0.0,0.0
0.309747,0.322726,0.0312234,0.0,0.0,0.0,0.0
0.302642,0.327177,0.030271,0.0,0.0,0.0,0.0
0.301864,0.32666,0.0306338,0.0,0.0,0.0,0.0
0.301716,0.326659,0.0314791,0.0,0.0,0.0,0.0
0.30316,0.328826,0.0314393,0.0,0.0,0.0,0.0
0.303138,0.328112,0.030663,0.0,0.0,0.0,0.0
0.30425,0.329034,0.0305292,0.0,0.0,0.0,0.0
0.305114,0.329953,0.0305501,0.0,0.0,0.0,0.0
0.305336,0.329643,0.0300273,0.0,0.0,0.0,0.0
0.304657,0.328602,0.0297398,0.0,0.0,0.0,0.0
0.306301,0.328518,0.0297004,0.0,0.0,0.0,0.0
0.306363,0.329758,0.0300645,0.0,0.0,0.0,0.0
0.301344,0.326843,0.032193,0.0,0.0,0.0,0.0
0.302806,0.328951,0.0321882,0.0,0.0,0.0,0.0
0.309807,0.326748,0.0302675,0.0,0.0,0.0,0.0
0.310879,0.326729,0.0313471,0.0,0.0,0.0,0.0
0.312501,0.328647,0.0317979,0.0,0.0,0.0,0.0
0.311514,0.328133,0.0318142,0.0,0.0,0.0,0.0
0.307927,0.3324,0.0313463,0.0,0.0,0.0,0.0
0.307376,0.331265,0.0309991,0.0,0.0,0.0,0.0
0.306215,0.330939,0.0313285,0.0,0.0,0.0,0.0
0.302292,0.325475,0.035679,0.0,0.0,0.0,0.0
0.301752,0.324749,0.0353549,0.0,0.0,0.0,0.0
0.312235,0.320904,0.0328266,0.0,0.0,0.0,0.0
0.311893,0.319226,0.033794,0.0,0.0,0.0,0.0
0.311775,0.319109,0.0333104,0.0,0.0,0.0,0.0
0.303943,0.331156,0.0346182,0.0,0.0,0.0,0.0
0.303172,0.330095,0.0346715,0.0,0.0,0.0,0.0
0.302878,0.328507,0.034496,0.0,0.0,0.0,0.0
0.303063,0.328567,0.0353424,0.0,0.0,0.0,0.0
0.305676,0.33313,0.0344818,0.0,0.0,0.0,0.0
0.303622,0.328486,0.035964,0.0,0.0,0.0,0.0
0.303929,0.32932,0.0363945,0.0,0.0,0.0,0.0
0.302772,0.330414,0.0337965,0.0,0.0,0.0,0.0
0.310961,0.336491,0.033538,0.0,0.0,0.0,0.0
0.30939,0.336313,0.0336472,0.0,0.0,0.0,0.0
0.307782,0.336395,0.0344331,0.0,0.0,0.0,0.0
0.307709,0.336123,0.0353685,0.0,0.0,0.0,0.0
0.232817,0.192023,0.0407975,0.0,0.0,0.0,0.0
0.231289,0.19321,0.0407713,0.0,0.0,0.0,0.0
0.232786,0.193226,0.0407151,0.0,0.0,0.0,0.0
0.246903,0.191043,0.0388032,0.0,0.0,0.0,0.0
0.246511,0.192513,0.0387764,0.0,0.0,0.0,0.0
0.246939,0.193085,0.038182,0.0,0.0,0.0,0.0
0.248078,0.192643,0.0379136,0.0,0.0,0.0,0.0
0.23802,0.19172,0.0404405,0.0,0.0,0.0,0.0
0.238213,0.192056,0.0399331,0.0,0.0,0.0,0.0
0.239197,0.191896,0.0399791,0.0,0.0,0.0,0.0
0.241708,0.190558,0.0400545,0.0,0.0,0.0,0.0
0.242199,0.189623,0.0404084,0.0,0.0,0.0,0.0
0.242183,0.188812,0.0411563,0.0,0.0,0.0,0.0
0.243653,0.188711,0.040255,0.0,0.0,0.0,0.0
0.243235,0.188419,0.0406775,0.0,0.0,0.0,0.0
0.241776,0.188502,0.0416875,0.0,0.0,0.0,0.0
0.243889,0.187772,0.0412648,0.0,0.0,0.0,0.0
0.243805,0.186914,0.0419242,0.0,0.0,0.0,0.0
0.242231,0.18724,0.0418476,0.0,0.0,0.0,0.0
0.245796,0.187835,0.0396577,0.0,0.0,0.0,0.0
0.246961,0.187477,0.0397224,0.0,0.0,0.0,0.0
0.246827,0.187061,0.0403212,0.0,0.0,0.0,0.0
0.245341,0.187654,0.0403735,0.0,0.0,0.0,0.0
0.244761,0.18846,0.0400543,0.0,0.0,0.0,0.0
0.244943,0.188723,0.0395901,0.0,0.0,0.0,0.0
0.246887,0.189195,0.0388018,0.0,0.0,0.0,0.0
0.246948,0.187868,0.0389891,0.0,0.0,0.0,0.0
0.245944,0.188046,0.0390886,0.0,0.0,0.0,0.0
0.245329,0.189205,0.0387926,0.0,0.0,0.0,0.0
0.246848,0.186785,0.0409704,0.0,0.0,0.0,0.0
0.248395,0.186706,0.0403762,0.0,0.0,0.0,0.0
0.248454,0.186731,0.0411014,0.0,0.0,0.0,0.0
0.248329,0.186682,0.0393586,0.0,0.0,0.0,0.0
0.245288,0.187057,0.0409453,0.0,0.0,0.0,0.0
0.251653,0.189639,0.038096,0.0,0.0,0.0,0.0
0.251166,0.190619,0.0378772,0.0,0.0,0.0,0.0
0.251627,0.191254,0.0377858,0.0,0.0,0.0,0.0
0.253174,0.191272,0.0377866,0.0,0.0,0.0,0.0
0.25322,0.190031,0.0377699,0.0,0.0,0.0,0.0
0.25314,0.189152,0.0378188,0.0,0.0,0.0,0.0
0.25007,0.193157,0.037787,0.0,0.0,0.0,0.0
0.251584,0.19305,0.0377883,0.0,0.0,0.0,0.0
0.25312,0.188502,0.0385928,0.0,0.0,0.0,0.0
0.251605,0.188679,0.0387509,0.0,0.0,0.0,0.0
0.262503,0.189044,0.0388639,0.0,0.0,0.0,0.0
0.260947,0.18852,0.0384934,0.0,0.0,0.0,0.0
0.260887,0.189161,0.0377736,0.0,0.0,0.0,0.0
0.259368,0.188493,0.0386014,0.0,0.0,0.0,0.0
0.259365,0.189126,0.0378567,0.0,0.0,0.0,0.0
0.256268,0.185731,0.0403743,0.0,0.0,0.0,0.0
0.256293,0.186469,0.0410174,0.0,0.0,0.0,0.0
0.254722,0.186431,0.0410014,0.0,0.0,0.0,0.0
0.25472,0.185729,0.040365,0.0,0.0,0.0,0.0
0.253277,0.185729,0.0403696,0.0,0.0,0.0,0.0
0.253187,0.186397,0.040976,0.0,0.0,0.0,0.0
0.253178,0.186901,0.0415831,0.0,0.0,0.0,0.0
0.251612,0.186804,0.0414608,0.0,0.0,0.0,0.0
0.251472,0.186058,0.0408315,0.0,0.0,0.0,0.0
0.25474,0.186954,0.0416886,0.0,0.0,0.0,0.0
0.256207,0.189051,0.0418235,0.0,0.0,0.0,0.0
0.254841,0.18868,0.0423082,0.0,0.0,0.0,0.0
0.254755,0.188056,0.0417554,0.0,0.0,0.0,0.0
0.256321,0.187055,0.0416429,0.0,0.0,0.0,0.0
0.256298,0.187884,0.0418349,0.0,0.0,0.0,0.0
0.25376,0.188396,0.0425033,0.0,0.0,0.0,0.0
0.253197,0.187571,0.0421567,0.0,0.0,0.0,0.0
0.257835,0.185713,0.0404096,0.0,0.0,0.0,0.0
0.257837,0.186679,0.0407854,0.0,0.0,0.0,0.0
0.259414,0.185727,0.0404511,0.0,0.0,0.0,0.0
0.259385,0.186765,0.0407993,0.0,0.0,0.0,0.0
0.259271,0.187565,0.0411445,0.0,0.0,0.0,0.0
0.260988,0.187113,0.0408298,0.0,0.0,0.0,0.0
0.260435,0.187807,0.0413424,0.0,0.0,0.0,0.0
0.259258,0.18808,0.041773,0.0,0.0,0.0,0.0
0.260221,0.188217,0.0417389,0.0,0.0,0.0,0.0
0.258206,0.190591,0.0422434,0.0,0.0,0.0,0.0
0.257754,0.189341,0.0418754,0.0,0.0,0.0,0.0
0.257796,0.187562,0.0410505,0.0,0.0,0.0,0.0
0.257827,0.188012,0.0417379,0.0,0.0,0.0,0.0
0.26229,0.191319,0.0377878,0.0,0.0,0.0,0.0
0.266598,0.188066,0.040458,0.0,0.0,0.0,0.0
0.26568,0.187627,0.0407426,0.0,0.0,0.0,0.0
0.265781,0.187098,0.0397481,0.0,0.0,0.0,0.0
0.26668,0.187956,0.0397619,0.0,0.0,0.0,0.0
0.267138,0.189251,0.0397041,0.0,0.0,0.0,0.0
0.266885,0.189178,0.0408041,0.0,0.0,0.0,0.0
0.265569,0.189182,0.0387572,0.0,0.0,0.0,0.0
0.266639,0.189277,0.0391127,0.0,0.0,0.0,0.0
0.266574,0.188105,0.0391118,0.0,0.0,0.0,0.0
0.26566,0.187695,0.0388203,0.0,0.0,0.0,0.0
0.264152,0.187065,0.0407546,0.0,0.0,0.0,0.0
0.263533,0.185946,0.0404389,0.0,0.0,0.0,0.0
0.267215,0.19095,0.0397177,0.0,0.0,0.0,0.0
0.267089,0.190886,0.0408076,0.0,0.0,0.0,0.0
0.220742,0.195543,0.0409894,0.0,0.0,0.0,0.0
0.22045,0.196958,0.0410064,0.0,0.0,0.0,0.0
0.221112,0.196936,0.0408042,0.0,0.0,0.0,0.0
0.222029,0.198759,0.0407619,0.0,0.0,0.0,0.0
0.223471,0.198799,0.0408027,0.0,0.0,0.0,0.0
0.224933,0.200795,0.0408049,0.0,0.0,0.0,0.0
0.224992,0.198816,0.0408082,0.0,0.0,0.0,0.0
0.223488,0.200723,0.0408076,0.0,0.0,0.0,0.0
0.221496,0.199337,0.0409025,0.0,0.0,0.0,0.0
0.221523,0.200836,0.0407616,0.0,0.0,0.0,0.0
0.220767,0.19877,0.041227,0.0,0.0,0.0,0.0
0.219985,0.19881,0.0418789,0.0,0.0,0.0,0.0
0.220021,0.200745,0.0418726,0.0,0.0,0.0,0.0
0.225028,0.203852,0.040881,0.0,0.0,0.0,0.0
0.227719,0.200279,0.0402872,0.0,0.0,0.0,0.0
0.228211,0.200868,0.0397724,0.0,0.0,0.0,0.0
0.2287,0.199564,0.0399924,0.0,0.0,0.0,0.0
0.228156,0.198883,0.0408275,0.0,0.0,0.0,0.0
0.229788,0.196976,0.040859,0.0,0.0,0.0,0.0
0.229688,0.195075,0.0408088,0.0,0.0,0.0,0.0
0.228549,0.197411,0.0408387,0.0,0.0,0.0,0.0
0.229212,0.197364,0.04086,0.0,0.0,0.0,0.0
0.231235,0.194948,0.0407837,0.0,0.0,0.0,0.0
0.231237,0.196554,0.0404789,0.0,0.0,0.0,0.0
0.226527,0.198789,0.0407755,0.0,0.0,0.0,0.0
0.228497,0.19825,0.0408748,0.0,0.0,0.0,0.0
0.2266,0.200834,0.0406723,0.0,0.0,0.0,0.0
0.234389,0.198502,0.0395849,0.0,0.0,0.0,0.0
0.234404,0.196873,0.0397878,0.0,0.0,0.0,0.0
0.23284,0.196958,0.0398712,0.0,0.0,0.0,0.0
0.232884,0.198945,0.0398703,0.0,0.0,0.0,0.0
0.233414,0.199678,0.0391424,0.0,0.0,0.0,0.0
0.234389,0.199461,0.0387312,0.0,0.0,0.0,0.0
0.234388,0.200937,0.0388091,0.0,0.0,0.0,0.0
0.232827,0.200885,0.0387764,0.0,0.0,0.0,0.0
0.231253,0.197523,0.0397713,0.0,0.0,0.0,0.0
0.232345,0.196304,0.0400894,0.0,0.0,0.0,0.0
0.235899,0.19679,0.0397735,0.0,0.0,0.0,0.0
0.235978,0.195109,0.0397895,0.0,0.0,0.0,0.0
0.234462,0.195118,0.039913,0.0,0.0,0.0,0.0
0.23438,0.193244,0.0408001,0.0,0.0,0.0,0.0
0.234016,0.194528,0.0404181,0.0,0.0,0.0,0.0
0.235009,0.193972,0.0401178,0.0,0.0,0.0,0.0
0.232823,0.194965,0.0405952,0.0,0.0,0.0,0.0
0.229402,0.204616,0.0396527,0.0,0.0,0.0,0.0
0.229759,0.202786,0.039883,0.0,0.0,0.0,0.0
0.228205,0.20276,0.0398043,0.0,0.0,0.0,0.0
0.228082,0.204611,0.0397993,0.0,0.0,0.0,0.0
0.228168,0.206627,0.0398081,0.0,0.0,0.0,0.0
0.226629,0.204659,0.0398429,0.0,0.0,0.0,0.0
0.226647,0.206611,0.0398192,0.0,0.0,0.0,0.0
0.227044,0.202758,0.0398405,0.0,0.0,0.0,0.0
0.226239,0.202706,0.0403467,0.0,0.0,0.0,0.0
0.226104,0.204103,0.0401257,0.0,0.0,0.0,0.0
0.22946,0.206262,0.0395663,0.0,0.0,0.0,0.0
0.229735,0.206597,0.0389716,0.0,0.0,0.0,0.0
0.230087,0.204678,0.0388207,0.0,0.0,0.0,0.0
0.2469,0.196925,0.0377879,0.0,0.0,0.0,0.0
0.24546,0.197039,0.0377931,0.0,0.0,0.0,0.0
0.245363,0.198841,0.0377962,0.0,0.0,0.0,0.0
0.246879,0.198816,0.0377901,0.0,0.0,0.0,0.0
0.245322,0.200755,0.0377914,0.0,0.0,0.0,0.0
0.244396,0.197076,0.0377823,0.0,0.0,0.0,0.0
0.246872,0.200747,0.0377908,0.0,0.0,0.0,0.0
0.246456,0.194419,0.0378544,0.0,0.0,0.0,0.0
0.246946,0.195062,0.0377847,0.0,0.0,0.0,0.0
0.248495,0.195018,0.0377503,0.0,0.0,0.0,0.0
0.248566,0.193236,0.037786,0.0,0.0,0.0,0.0
0.245379,0.194684,0.0381656,0.0,0.0,0.0,0.0
0.245291,0.192929,0.038799,0.0,0.0,0.0,0.0
0.244938,0.194412,0.038774,0.0,0.0,0.0,0.0
0.242273,0.202766,0.0377913,0.0,0.0,0.0,0.0
0.241717,0.202186,0.0378386,0.0,0.0,0.0,0.0
0.24062,0.202734,0.0380573,0.0,0.0,0.0,0.0
0.240278,0.204179,0.037862,0.0,0.0,0.0,0.0
0.240801,0.204772,0.0377836,0.0,0.0,0.0,0.0
0.242242,0.20469,0.0377702,0.0,0.0,0.0,0.0
0.243783,0.202707,0.0377883,0.0,0.0,0.0,0.0
0.240562,0.200718,0.0388148,0.0,0.0,0.0,0.0
0.240217,0.202215,0.0387295,0.0,0.0,0.0,0.0
0.243749,0.204627,0.0377905,0.0,0.0,0.0,0.0
0.239461,0.204701,0.038152,0.0,0.0,0.0,0.0
0.239639,0.206644,0.0377506,0.0,0.0,0.0,0.0
0.240751,0.206633,0.0378025,0.0,0.0,0.0,0.0
0.246873,0.204623,0.0377913,0.0,0.0,0.0,0.0
0.246872,0.202685,0.0377913,0.0,0.0,0.0,0.0
0.245311,0.202687,0.037791,0.0,0.0,0.0,0.0
0.245308,0.204622,0.0377913,0.0,0.0,0.0,0.0
0.240636,0.196916,0.0387951,0.0,0.0,0.0,0.0
0.240645,0.195005,0.0387757,0.0,0.0,0.0,0.0
0.23959,0.19564,0.0389944,0.0,0.0,0.0,0.0
0.239086,0.196955,0.0387529,0.0,0.0,0.0,0.0
0.259378,0.196866,0.037788,0.0,0.0,0.0,0.0
0.257813,0.196871,0.0377897,0.0,0.0,0.0,0.0
0.257813,0.19881,0.0377901,0.0,0.0,0.0,0.0
0.259376,0.198806,0.0377895,0.0,0.0,0.0,0.0
0.257811,0.200747,0.0377906,0.0,0.0,0.0,0.0
0.259373,0.200744,0.0377899,0.0,0.0,0.0,0.0
0.253125,0.204624,0.037791,0.0,0.0,0.0,0.0
0.254687,0.204623,0.0377918,0.0,0.0,0.0,0.0
0.254687,0.202687,0.0377918,0.0,0.0,0.0,0.0
0.253125,0.202687,0.0377911,0.0,0.0,0.0,0.0
0.256249,0.202686,0.0377923,0.0,0.0,0.0,0.0
0.256247,0.204622,0.0377923,0.0,0.0,0.0,0.0
0.259359,0.20461,0.0377902,0.0,0.0,0.0,0.0
0.259368,0.202679,0.03779,0.0,0.0,0.0,0.0
0.257809,0.202684,0.0377906,0.0,0.0,0.0,0.0
0.257805,0.204618,0.0377914,0.0,0.0,0.0,0.0
0.265583,0.206437,0.0377505,0.0,0.0,0.0,0.0
0.265578,0.208748,0.0388462,0.0,0.0,0.0,0.0
0.267073,0.208405,0.038826,0.0,0.0,0.0,0.0
0.26743,0.206515,0.0388044,0.0,0.0,0.0,0.0
0.273002,0.207183,0.0386013,0.0,0.0,0.0,0.0
0.271836,0.206559,0.0383979,0.0,0.0,0.0,0.0
0.272788,0.207479,0.0380874,0.0,0.0,0.0,0.0
0.273065,0.208682,0.0377424,0.0,0.0,0.0,0.0
0.270371,0.207078,0.0387331,0.0,0.0,0.0,0.0
0.268569,0.197038,0.0418431,0.0,0.0,0.0,0.0
0.268009,0.195848,0.0416901,0.0,0.0,0.0,0.0
0.268212,0.195571,0.0412175,0.0,0.0,0.0,0.0
0.269,0.196543,0.0413761,0.0,0.0,0.0,0.0
0.270865,0.196587,0.0396048,0.0,0.0,0.0,0.0
0.269981,0.196784,0.0387276,0.0,0.0,0.0,0.0
0.270995,0.198167,0.0395451,0.0,0.0,0.0,0.0
0.268725,0.196842,0.0387936,0.0,0.0,0.0,0.0
0.27196,0.199285,0.0394946,0.0,0.0,0.0,0.0
0.272255,0.200855,0.039059,0.0,0.0,0.0,0.0
0.270159,0.194898,0.0409219,0.0,0.0,0.0,0.0
0.269667,0.193744,0.0404249,0.0,0.0,0.0,0.0
0.269816,0.197441,0.0413053,0.0,0.0,0.0,0.0
0.270484,0.198606,0.0411902,0.0,0.0,0.0,0.0
0.269545,0.197775,0.0416882,0.0,0.0,0.0,0.0
0.271812,0.199314,0.0413211,0.0,0.0,0.0,0.0
0.272345,0.200127,0.0417697,0.0,0.0,0.0,0.0
0.271826,0.200536,0.0420781,0.0,0.0,0.0,0.0
0.268853,0.204536,0.0387666,0.0,0.0,0.0,0.0
0.268813,0.206578,0.0390831,0.0,0.0,0.0,0.0
0.269228,0.206065,0.0396495,0.0,0.0,0.0,0.0
0.269394,0.205058,0.0389043,0.0,0.0,0.0,0.0
0.271801,0.202608,0.0397477,0.0,0.0,0.0,0.0
0.270725,0.20312,0.0393398,0.0,0.0,0.0,0.0
0.270394,0.204527,0.039317,0.0,0.0,0.0,0.0
0.271845,0.204594,0.0398752,0.0,0.0,0.0,0.0
0.273167,0.206597,0.0393403,0.0,0.0,0.0,0.0
0.273279,0.204593,0.0398021,0.0,0.0,0.0,0.0
0.271875,0.205965,0.0389496,0.0,0.0,0.0,0.0
0.27474,0.201298,0.0402555,0.0,0.0,0.0,0.0
0.274768,0.201301,0.0414611,0.0,0.0,0.0,0.0
0.273233,0.202719,0.0397869,0.0,0.0,0.0,0.0
0.270398,0.205969,0.0389878,0.0,0.0,0.0,0.0
0.217325,0.212401,0.040815,0.0,0.0,0.0,0.0
0.217358,0.210611,0.0408264,0.0,0.0,0.0,0.0
0.216267,0.210671,0.040828,0.0,0.0,0.0,0.0
0.215344,0.21241,0.0408088,0.0,0.0,0.0,0.0
0.218838,0.208766,0.0407872,0.0,0.0,0.0,0.0
0.217317,0.209306,0.040794,0.0,0.0,0.0,0.0
0.218769,0.210524,0.0408084,0.0,0.0,0.0,0.0
0.216376,0.209566,0.0407524,0.0,0.0,0.0,0.0
0.21872,0.212396,0.0408156,0.0,0.0,0.0,0.0
0.222055,0.214336,0.0398127,0.0,0.0,0.0,0.0
0.222071,0.212533,0.0398085,0.0,0.0,0.0,0.0
0.220904,0.212541,0.0399173,0.0,0.0,0.0,0.0
0.220851,0.21433,0.0397685,0.0,0.0,0.0,0.0
0.219865,0.21432,0.0400789,0.0,0.0,0.0,0.0
0.220138,0.212475,0.0406519,0.0,0.0,0.0,0.0
0.221998,0.211081,0.0398422,0.0,0.0,0.0,0.0
0.223599,0.210626,0.0401378,0.0,0.0,0.0,0.0
0.223471,0.212436,0.0398044,0.0,0.0,0.0,0.0
0.224082,0.209268,0.0399146,0.0,0.0,0.0,0.0
0.220438,0.210661,0.040764,0.0,0.0,0.0,0.0
0.220243,0.208784,0.0408216,0.0,0.0,0.0,0.0
0.221011,0.211336,0.0399113,0.0,0.0,0.0,0.0
0.223444,0.214329,0.0397978,0.0,0.0,0.0,0.0
0.215302,0.218133,0.0408084,0.0,0.0,0.0,0.0
0.215334,0.216227,0.0408047,0.0,0.0,0.0,0.0
0.214082,0.218162,0.0418369,0.0,0.0,0.0,0.0
0.215104,0.218745,0.0414728,0.0,0.0,0.0,0.0
0.216891,0.220521,0.0411205,0.0,0.0,0.0,0.0
0.216625,0.220777,0.0415532,0.0,0.0,0.0,0.0
0.222049,0.218131,0.0397819,0.0,0.0,0.0,0.0
0.220916,0.21808,0.0399618,0.0,0.0,0.0,0.0
0.220459,0.218126,0.0405555,0.0,0.0,0.0,0.0
0.220399,0.220058,0.0406557,0.0,0.0,0.0,0.0
0.221432,0.22061,0.0401511,0.0,0.0,0.0,0.0
0.221975,0.220001,0.0398087,0.0,0.0,0.0,0.0
0.223488,0.222008,0.0398539,0.0,0.0,0.0,0.0
0.223469,0.220067,0.0397914,0.0,0.0,0.0,0.0
0.225098,0.223936,0.0398143,0.0,0.0,0.0,0.0
0.224983,0.222089,0.0397825,0.0,0.0,0.0,0.0
0.220341,0.222072,0.0408379,0.0,0.0,0.0,0.0
0.218806,0.220066,0.0408081,0.0,0.0,0.0,0.0
0.218877,0.221998,0.0408306,0.0,0.0,0.0,0.0
0.22043,0.223926,0.0407948,0.0,0.0,0.0,0.0
0.223446,0.218188,0.0397917,0.0,0.0,0.0,0.0
0.23595,0.214019,0.0380612,0.0,0.0,0.0,0.0
0.235485,0.213723,0.0385157,0.0,0.0,0.0,0.0
0.234343,0.214305,0.0387315,0.0,0.0,0.0,0.0
0.233784,0.216146,0.0383584,0.0,0.0,0.0,0.0
0.234317,0.216302,0.0377988,0.0,0.0,0.0,0.0
0.235871,0.212314,0.0387875,0.0,0.0,0.0,0.0
0.228162,0.22398,0.0388513,0.0,0.0,0.0,0.0
0.227137,0.223265,0.0389164,0.0,0.0,0.0,0.0
0.226628,0.223922,0.0397932,0.0,0.0,0.0,0.0
0.227681,0.224509,0.0394383,0.0,0.0,0.0,0.0
0.246879,0.212365,0.0377914,0.0,0.0,0.0,0.0
0.245316,0.212368,0.0377914,0.0,0.0,0.0,0.0
0.245317,0.214296,0.0377924,0.0,0.0,0.0,0.0
0.246884,0.214292,0.0377925,0.0,0.0,0.0,0.0
0.24532,0.216175,0.0377887,0.0,0.0,0.0,0.0
0.246863,0.216136,0.0377883,0.0,0.0,0.0,0.0
0.240613,0.220107,0.0377911,0.0,0.0,0.0,0.0
0.242248,0.220178,0.0378258,0.0,0.0,0.0,0.0
0.242179,0.21816,0.0377898,0.0,0.0,0.0,0.0
0.240631,0.218187,0.0377904,0.0,0.0,0.0,0.0
0.243948,0.218409,0.0377617,0.0,0.0,0.0,0.0
0.243658,0.220054,0.0374641,0.0,0.0,0.0,0.0
0.24533,0.217756,0.0372209,0.0,0.0,0.0,0.0
0.246827,0.217707,0.0373092,0.0,0.0,0.0,0.0
0.248469,0.21828,0.0367827,0.0,0.0,0.0,0.0
0.246858,0.218756,0.0367409,0.0,0.0,0.0,0.0
0.248053,0.217681,0.0374177,0.0,0.0,0.0,0.0
0.249082,0.217072,0.0369862,0.0,0.0,0.0,0.0
0.248624,0.216443,0.0377763,0.0,0.0,0.0,0.0
0.245374,0.220325,0.0367928,0.0,0.0,0.0,0.0
0.245333,0.222093,0.0367832,0.0,0.0,0.0,0.0
0.245386,0.218886,0.0367339,0.0,0.0,0.0,0.0
0.25935,0.212388,0.0377894,0.0,0.0,0.0,0.0
0.257802,0.212376,0.0377905,0.0,0.0,0.0,0.0
0.257805,0.214316,0.0377906,0.0,0.0,0.0,0.0
0.259358,0.214328,0.0377896,0.0,0.0,0.0,0.0
0.257807,0.216255,0.0377907,0.0,0.0,0.0,0.0
0.25936,0.216265,0.0377893,0.0,0.0,0.0,0.0
0.255101,0.217688,0.0372178,0.0,0.0,0.0,0.0
0.256211,0.218221,0.0376709,0.0,0.0,0.0,0.0
0.253086,0.218378,0.0367757,0.0,0.0,0.0,0.0
0.251573,0.218355,0.0367822,0.0,0.0,0.0,0.0
0.25468,0.222079,0.0367841,0.0,0.0,0.0,0.0
0.254636,0.220205,0.0367879,0.0,0.0,0.0,0.0
0.254617,0.218342,0.0367807,0.0,0.0,0.0,0.0
0.256711,0.219586,0.0370222,0.0,0.0,0.0,0.0
0.255696,0.218911,0.0368029,0.0,0.0,0.0,0.0
0.256158,0.220263,0.0368122,0.0,0.0,0.0,0.0
0.259385,0.220063,0.0377794,0.0,0.0,0.0,0.0
0.259361,0.218198,0.0377828,0.0,0.0,0.0,0.0
0.257824,0.218167,0.0377889,0.0,0.0,0.0,0.0
0.257801,0.220102,0.0374527,0.0,0.0,0.0,0.0
0.27194,0.216029,0.0382988,0.0,0.0,0.0,0.0
0.270549,0.21625,0.037176,0.0,0.0,0.0,0.0
0.272846,0.212278,0.0382804,0.0,0.0,0.0,0.0
0.273321,0.210441,0.0380137,0.0,0.0,0.0,0.0
0.272664,0.210486,0.0377291,0.0,0.0,0.0,0.0
0.272601,0.21156,0.0377931,0.0,0.0,0.0,0.0
0.27272,0.215312,0.0385037,0.0,0.0,0.0,0.0
0.272803,0.214142,0.0384539,0.0,0.0,0.0,0.0
0.272152,0.216559,0.0389465,0.0,0.0,0.0,0.0
0.272768,0.215441,0.0390326,0.0,0.0,0.0,0.0
0.265646,0.218256,0.0367791,0.0,0.0,0.0,0.0
0.264226,0.218293,0.0367769,0.0,0.0,0.0,0.0
0.267234,0.221872,0.0367859,0.0,0.0,0.0,0.0
0.267192,0.220118,0.0367805,0.0,0.0,0.0,0.0
0.267181,0.218234,0.0367785,0.0,0.0,0.0,0.0
0.270943,0.218801,0.0386083,0.0,0.0,0.0,0.0
0.271507,0.218173,0.0389594,0.0,0.0,0.0,0.0
0.270711,0.218609,0.0381463,0.0,0.0,0.0,0.0
0.270555,0.220285,0.0380493,0.0,0.0,0.0,0.0
0.271033,0.2203,0.038671,0.0,0.0,0.0,0.0
0.269957,0.222021,0.0375209,0.0,0.0,0.0,0.0
0.269588,0.221913,0.03701,0.0,0.0,0.0,0.0
0.269526,0.223099,0.0369169,0.0,0.0,0.0,0.0
0.269715,0.223775,0.0374583,0.0,0.0,0.0,0.0
0.268653,0.224324,0.0370455,0.0,0.0,0.0,0.0
0.268616,0.223273,0.0367552,0.0,0.0,0.0,0.0
0.269754,0.216432,0.0367574,0.0,0.0,0.0,0.0
0.269804,0.218226,0.0367367,0.0,0.0,0.0,0.0
0.270697,0.21818,0.0372734,0.0,0.0,0.0,0.0
0.274791,0.213756,0.0412021,0.0,0.0,0.0,0.0
0.273815,0.214681,0.0404496,0.0,0.0,0.0,0.0
0.274032,0.214834,0.0412388,0.0,0.0,0.0,0.0
0.273892,0.212389,0.0394318,0.0,0.0,0.0,0.0
0.27346,0.214068,0.0398478,0.0,0.0,0.0,0.0
0.272653,0.220232,0.0402166,0.0,0.0,0.0,0.0
0.271825,0.220207,0.0394475,0.0,0.0,0.0,0.0
0.271105,0.220804,0.0392352,0.0,0.0,0.0,0.0
0.272794,0.220723,0.0412703,0.0,0.0,0.0,0.0
0.271284,0.223219,0.0418119,0.0,0.0,0.0,0.0
0.271599,0.223443,0.0413007,0.0,0.0,0.0,0.0
0.271729,0.22212,0.0422372,0.0,0.0,0.0,0.0
0.271668,0.223468,0.0404515,0.0,0.0,0.0,0.0
0.270633,0.224397,0.040503,0.0,0.0,0.0,0.0
0.271397,0.221988,0.0399311,0.0,0.0,0.0,0.0
0.271786,0.22197,0.0404892,0.0,0.0,0.0,0.0
0.271396,0.223223,0.0399054,0.0,0.0,0.0,0.0
0.220815,0.227213,0.0411788,0.0,0.0,0.0,0.0
0.221037,0.22682,0.0408142,0.0,0.0,0.0,0.0
0.220509,0.22568,0.0407512,0.0,0.0,0.0,0.0
0.23452,0.225857,0.0378022,0.0,0.0,0.0,0.0
0.233997,0.226404,0.0379014,0.0,0.0,0.0,0.0
0.234058,0.227885,0.0380191,0.0,0.0,0.0,0.0
0.234938,0.227777,0.0377615,0.0,0.0,0.0,0.0
0.236049,0.227797,0.0377546,0.0,0.0,0.0,0.0
0.235965,0.225915,0.0377849,0.0,0.0,0.0,0.0
0.23479,0.229677,0.0382063,0.0,0.0,0.0,0.0
0.235584,0.230179,0.0378946,0.0,0.0,0.0,0.0
0.2361,0.229627,0.0377689,0.0,0.0,0.0,0.0
0.234098,0.22982,0.0388422,0.0,0.0,0.0,0.0
0.234475,0.231567,0.0388264,0.0,0.0,0.0,0.0
0.227589,0.228498,0.0399295,0.0,0.0,0.0,0.0
0.228122,0.229708,0.0403612,0.0,0.0,0.0,0.0
0.229198,0.230258,0.0400078,0.0,0.0,0.0,0.0
0.229792,0.229602,0.0398088,0.0,0.0,0.0,0.0
0.229375,0.228236,0.0396271,0.0,0.0,0.0,0.0
0.228162,0.227756,0.039743,0.0,0.0,0.0,0.0
0.23122,0.230063,0.0396162,0.0,0.0,0.0,0.0
0.231195,0.229219,0.0388792,0.0,0.0,0.0,0.0
0.231226,0.227752,0.038794,0.0,0.0,0.0,0.0
0.229725,0.227754,0.0389146,0.0,0.0,0.0,0.0
0.22965,0.231236,0.0404223,0.0,0.0,0.0,0.0
0.231065,0.232204,0.0401024,0.0,0.0,0.0,0.0
0.227915,0.2259,0.0397242,0.0,0.0,0.0,0.0
0.226554,0.225819,0.0398398,0.0,0.0,0.0,0.0
0.226564,0.227239,0.0397723,0.0,0.0,0.0,0.0
0.226584,0.228167,0.0404502,0.0,0.0,0.0,0.0
0.225671,0.226969,0.0401197,0.0,0.0,0.0,0.0
0.226629,0.22963,0.04079,0.0,0.0,0.0,0.0
0.225097,0.229029,0.0407425,0.0,0.0,0.0,0.0
0.228269,0.231786,0.0413616,0.0,0.0,0.0,0.0
0.227735,0.232124,0.041793,0.0,0.0,0.0,0.0
0.228089,0.233228,0.0418373,0.0,0.0,0.0,0.0
0.234386,0.233421,0.0397357,0.0,0.0,0.0,0.0
0.234516,0.232869,0.039267,0.0,0.0,0.0,0.0
0.233562,0.232652,0.0391503,0.0,0.0,0.0,0.0
0.233289,0.232933,0.0395947,0.0,0.0,0.0,0.0
0.23319,0.231663,0.0388149,0.0,0.0,0.0,0.0
0.235855,0.235289,0.0403119,0.0,0.0,0.0,0.0
0.235292,0.234483,0.0399365,0.0,0.0,0.0,0.0
0.234114,0.234355,0.0400247,0.0,0.0,0.0,0.0
0.233784,0.234465,0.0406732,0.0,0.0,0.0,0.0
0.234455,0.234802,0.041362,0.0,0.0,0.0,0.0
0.235918,0.2355,0.0411759,0.0,0.0,0.0,0.0
0.235491,0.234146,0.0395408,0.0,0.0,0.0,0.0
0.236312,0.23505,0.0395779,0.0,0.0,0.0,0.0
0.236511,0.234759,0.0390545,0.0,0.0,0.0,0.0
0.237414,0.235153,0.0387725,0.0,0.0,0.0,0.0
0.232694,0.234138,0.0407839,0.0,0.0,0.0,0.0
0.231437,0.234726,0.0421747,0.0,0.0,0.0,0.0
0.232825,0.235426,0.0418862,0.0,0.0,0.0,0.0
0.245322,0.225946,0.0367834,0.0,0.0,0.0,0.0
0.245333,0.227878,0.0367832,0.0,0.0,0.0,0.0
0.24689,0.229812,0.0367845,0.0,0.0,0.0,0.0
0.24844,0.229815,0.0367847,0.0,0.0,0.0,0.0
0.245381,0.229759,0.0367805,0.0,0.0,0.0,0.0
0.242313,0.235381,0.0377696,0.0,0.0,0.0,0.0
0.242228,0.233636,0.0377407,0.0,0.0,0.0,0.0
0.240659,0.233565,0.0377603,0.0,0.0,0.0,0.0
0.240174,0.23417,0.0378857,0.0,0.0,0.0,0.0
0.240643,0.235137,0.0382827,0.0,0.0,0.0,0.0
0.241805,0.23604,0.0381054,0.0,0.0,0.0,0.0
0.24374,0.233718,0.0377896,0.0,0.0,0.0,0.0
0.243795,0.235441,0.0378025,0.0,0.0,0.0,0.0
0.240571,0.236002,0.0387989,0.0,0.0,0.0,0.0
0.2416,0.236356,0.0385684,0.0,0.0,0.0,0.0
0.237617,0.231497,0.0377644,0.0,0.0,0.0,0.0
0.2391,0.231609,0.0377928,0.0,0.0,0.0,0.0
0.243682,0.238008,0.0387047,0.0,0.0,0.0,0.0
0.243732,0.237551,0.0379838,0.0,0.0,0.0,0.0
0.24694,0.235532,0.0375974,0.0,0.0,0.0,0.0
0.246463,0.2342,0.0370803,0.0,0.0,0.0,0.0
0.245323,0.233698,0.0374951,0.0,0.0,0.0,0.0
0.245307,0.235538,0.0377837,0.0,0.0,0.0,0.0
0.244888,0.232289,0.0370594,0.0,0.0,0.0,0.0
0.248515,0.238662,0.0377693,0.0,0.0,0.0,0.0
0.249961,0.237479,0.0377648,0.0,0.0,0.0,0.0
0.248461,0.237433,0.0376964,0.0,0.0,0.0,0.0
0.246987,0.238816,0.0383369,0.0,0.0,0.0,0.0
0.245186,0.238058,0.0378469,0.0,0.0,0.0,0.0
0.246457,0.23802,0.0379279,0.0,0.0,0.0,0.0
0.246908,0.237407,0.0377341,0.0,0.0,0.0,0.0
0.244729,0.23835,0.0384338,0.0,0.0,0.0,0.0
0.24061,0.237548,0.0397266,0.0,0.0,0.0,0.0
0.239622,0.236848,0.0397707,0.0,0.0,0.0,0.0
0.238584,0.236263,0.0395698,0.0,0.0,0.0,0.0
0.242215,0.236977,0.0410087,0.0,0.0,0.0,0.0
0.242196,0.237946,0.0406455,0.0,0.0,0.0,0.0
0.242199,0.23631,0.0417211,0.0,0.0,0.0,0.0
0.242846,0.238755,0.0403244,0.0,0.0,0.0,0.0
0.243865,0.238725,0.0402593,0.0,0.0,0.0,0.0
0.24682,0.239199,0.0407727,0.0,0.0,0.0,0.0
0.248454,0.239518,0.0406644,0.0,0.0,0.0,0.0
0.246896,0.23518,0.0421772,0.0,0.0,0.0,0.0
0.247463,0.234418,0.0426158,0.0,0.0,0.0,0.0
0.245299,0.23791,0.0407749,0.0,0.0,0.0,0.0
0.245306,0.236974,0.0410321,0.0,0.0,0.0,0.0
0.245341,0.236235,0.0417926,0.0,0.0,0.0,0.0
0.245232,0.239135,0.0407453,0.0,0.0,0.0,0.0
0.257804,0.225951,0.036784,0.0,0.0,0.0,0.0
0.257809,0.227877,0.0367819,0.0,0.0,0.0,0.0
0.259355,0.229815,0.0367797,0.0,0.0,0.0,0.0
0.260788,0.229819,0.036797,0.0,0.0,0.0,0.0
0.25781,0.22981,0.0367805,0.0,0.0,0.0,0.0
0.25312,0.233639,0.0367805,0.0,0.0,0.0,0.0
0.25156,0.233615,0.0367791,0.0,0.0,0.0,0.0
0.254701,0.237703,0.0378376,0.0,0.0,0.0,0.0
0.254685,0.235424,0.0367618,0.0,0.0,0.0,0.0
0.254683,0.233641,0.0367814,0.0,0.0,0.0,0.0
0.257763,0.235411,0.0367711,0.0,0.0,0.0,0.0
0.257756,0.237759,0.0378103,0.0,0.0,0.0,0.0
0.259182,0.237371,0.037801,0.0,0.0,0.0,0.0
0.259733,0.236103,0.0371677,0.0,0.0,0.0,0.0
0.259279,0.235453,0.0367617,0.0,0.0,0.0,0.0
0.260938,0.235682,0.0372121,0.0,0.0,0.0,0.0
0.25923,0.239283,0.0377246,0.0,0.0,0.0,0.0
0.259776,0.23987,0.0378616,0.0,0.0,0.0,0.0
0.259311,0.233602,0.0367817,0.0,0.0,0.0,0.0
0.257803,0.233646,0.0367843,0.0,0.0,0.0,0.0
0.252036,0.234197,0.0417849,0.0,0.0,0.0,0.0
0.251582,0.235164,0.041546,0.0,0.0,0.0,0.0
0.25322,0.234123,0.041777,0.0,0.0,0.0,0.0
0.260906,0.23651,0.0407095,0.0,0.0,0.0,0.0
0.262138,0.236145,0.039975,0.0,0.0,0.0,0.0
0.259419,0.237674,0.0397538,0.0,0.0,0.0,0.0
0.259383,0.234086,0.0418366,0.0,0.0,0.0,0.0
0.260924,0.235526,0.0407923,0.0,0.0,0.0,0.0
0.259422,0.235546,0.0407841,0.0,0.0,0.0,0.0
0.259406,0.23195,0.0421399,0.0,0.0,0.0,0.0
0.25774,0.23761,0.0398154,0.0,0.0,0.0,0.0
0.256904,0.23753,0.0402587,0.0,0.0,0.0,0.0
0.257327,0.238306,0.0407606,0.0,0.0,0.0,0.0
0.25654,0.237523,0.0406702,0.0,0.0,0.0,0.0
0.257825,0.235589,0.0406895,0.0,0.0,0.0,0.0
0.257451,0.23438,0.0408943,0.0,0.0,0.0,0.0
0.256568,0.234303,0.0407369,0.0,0.0,0.0,0.0
0.265637,0.235319,0.0391592,0.0,0.0,0.0,0.0
0.26495,0.23542,0.0385726,0.0,0.0,0.0,0.0
0.264931,0.236645,0.0385056,0.0,0.0,0.0,0.0
0.265437,0.237074,0.0388585,0.0,0.0,0.0,0.0
0.269762,0.227919,0.0398266,0.0,0.0,0.0,0.0
0.269684,0.22795,0.0391646,0.0,0.0,0.0,0.0
0.270331,0.231677,0.0404442,0.0,0.0,0.0,0.0
0.270395,0.229796,0.0404052,0.0,0.0,0.0,0.0
0.269729,0.226012,0.0405388,0.0,0.0,0.0,0.0
0.270687,0.22791,0.0412841,0.0,0.0,0.0,0.0
0.27027,0.227853,0.0421578,0.0,0.0,0.0,0.0
0.266638,0.234928,0.039845,0.0,0.0,0.0,0.0
0.266733,0.235096,0.0405867,0.0,0.0,0.0,0.0
0.265617,0.235966,0.0407752,0.0,0.0,0.0,0.0
0.265902,0.235882,0.0397937,0.0,0.0,0.0,0.0
0.266019,0.23365,0.0386383,0.0,0.0,0.0,0.0
0.265291,0.237096,0.0399145,0.0,0.0,0.0,0.0
0.264008,0.23676,0.04028,0.0,0.0,0.0,0.0
0.264934,0.236724,0.040373,0.0,0.0,0.0,0.0
0.249106,0.240601,0.0403728,0.0,0.0,0.0,0.0
0.250116,0.240719,0.0403943,0.0,0.0,0.0,0.0
0.250033,0.239426,0.0408476,0.0,0.0,0.0,0.0
0.259332,0.240722,0.0382538,0.0,0.0,0.0,0.0
0.251546,0.240701,0.0403749,0.0,0.0,0.0,0.0
0.253059,0.241757,0.0398912,0.0,0.0,0.0,0.0
0.254696,0.24088,0.0408284,0.0,0.0,0.0,0.0
0.256165,0.240868,0.0408212,0.0,0.0,0.0,0.0
0.304219,0.298898,0.0415238,0.0,0.0,0.0,0.0
0.303149,0.300031,0.0410237,0.0,0.0,0.0,0.0
0.304649,0.299196,0.0409915,0.0,0.0,0.0,0.0
0.305864,0.299111,0.040894,0.0,0.0,0.0,0.0
0.30465,0.30109,0.0400492,0.0,0.0,0.0,0.0
0.305788,0.300871,0.0399614,0.0,0.0,0.0,0.0
0.30633,0.299698,0.0404821,0.0,0.0,0.0,0.0
0.30633,0.298123,0.041054,0.0,0.0,0.0,0.0
0.306324,0.297365,0.0417736,0.0,0.0,0.0,0.0
0.30474,0.297657,0.0418687,0.0,0.0,0.0,0.0
0.303239,0.301674,0.0404834,0.0,0.0,0.0,0.0
0.302759,0.301119,0.0409066,0.0,0.0,0.0,0.0
0.31086,0.300205,0.0398254,0.0,0.0,0.0,0.0
0.311806,0.300579,0.0401185,0.0,0.0,0.0,0.0
0.307818,0.297907,0.041178,0.0,0.0,0.0,0.0
0.307782,0.297323,0.0417735,0.0,0.0,0.0,0.0
0.30786,0.299562,0.0406668,0.0,0.0,0.0,0.0
0.306877,0.300302,0.0398093,0.0,0.0,0.0,0.0
0.307909,0.300204,0.0398939,0.0,0.0,0.0,0.0
0.298585,0.309347,0.0405582,0.0,0.0,0.0,0.0
0.299584,0.308763,0.040158,0.0,0.0,0.0,0.0
0.299982,0.307306,0.040235,0.0,0.0,0.0,0.0
0.297385,0.315171,0.0398311,0.0,0.0,0.0,0.0
0.298274,0.315174,0.0397143,0.0,0.0,0.0,0.0
0.298452,0.313212,0.0396903,0.0,0.0,0.0,0.0
0.297995,0.312614,0.0401299,0.0,0.0,0.0,0.0
0.297373,0.316879,0.0398472,0.0,0.0,0.0,0.0
0.298101,0.311175,0.0401294,0.0,0.0,0.0,0.0
0.297422,0.311283,0.0407141,0.0,0.0,0.0,0.0
0.296503,0.311234,0.0409036,0.0,0.0,0.0,0.0
0.296339,0.310647,0.0415314,0.0,0.0,0.0,0.0
0.295608,0.314906,0.0419981,0.0,0.0,0.0,0.0
0.307808,0.304748,0.0362933,0.0,0.0,0.0,0.0
0.307912,0.303674,0.0374028,0.0,0.0,0.0,0.0
0.311016,0.303174,0.0379113,0.0,0.0,0.0,0.0
0.309412,0.303148,0.0379097,0.0,0.0,0.0,0.0
0.307784,0.303173,0.0378543,0.0,0.0,0.0,0.0
0.301819,0.311214,0.0366836,0.0,0.0,0.0,0.0
0.301644,0.311289,0.0374636,0.0,0.0,0.0,0.0
0.301122,0.311165,0.0380875,0.0,0.0,0.0,0.0
0.300747,0.312538,0.0378176,0.0,0.0,0.0,0.0
0.312942,0.311159,0.0374807,0.0,0.0,0.0,0.0
0.312791,0.313236,0.0390379,0.0,0.0,0.0,0.0
0.312793,0.313231,0.0382483,0.0,0.0,0.0,0.0
0.302793,0.30534,0.039458,0.0,0.0,0.0,0.0
0.303285,0.303625,0.0397772,0.0,0.0,0.0,0.0
0.302692,0.302947,0.0400378,0.0,0.0,0.0,0.0
0.301531,0.307314,0.0396809,0.0,0.0,0.0,0.0
0.302511,0.306698,0.0392958,0.0,0.0,0.0,0.0
0.301002,0.306721,0.0400046,0.0,0.0,0.0,0.0
0.312789,0.309273,0.0406914,0.0,0.0,0.0,0.0
0.312561,0.307372,0.0406365,0.0,0.0,0.0,0.0
0.31319,0.305939,0.0401982,0.0,0.0,0.0,0.0
0.312848,0.313193,0.0398451,0.0,0.0,0.0,0.0
0.312844,0.311222,0.0406366,0.0,0.0,0.0,0.0
0.313718,0.303512,0.0404769,0.0,0.0,0.0,0.0
0.313728,0.302299,0.0404289,0.0,0.0,0.0,0.0
0.313805,0.305351,0.0398341,0.0,0.0,0.0,0.0
0.313769,0.304672,0.0405431,0.0,0.0,0.0,0.0
0.297338,0.318102,0.0397453,0.0,0.0,0.0,0.0
0.303107,0.326702,0.0374789,0.0,0.0,0.0,0.0
0.302812,0.326618,0.038226,0.0,0.0,0.0,0.0
0.304403,0.32888,0.0382691,0.0,0.0,0.0,0.0
0.304505,0.328865,0.0374895,0.0,0.0,0.0,0.0
0.302331,0.325468,0.0378445,0.0,0.0,0.0,0.0
0.302628,0.327062,0.0389493,0.0,0.0,0.0,0.0
0.303533,0.327993,0.0390048,0.0,0.0,0.0,0.0
0.303999,0.329154,0.0389823,0.0,0.0,0.0,0.0
0.304201,0.329128,0.0368324,0.0,0.0,0.0,0.0
0.304804,0.330176,0.038274,0.0,0.0,0.0,0.0
0.305647,0.331146,0.0383356,0.0,0.0,0.0,0.0
0.311762,0.324741,0.037444,0.0,0.0,0.0,0.0
0.311822,0.326733,0.0375303,0.0,0.0,0.0,0.0
0.312165,0.32864,0.0390079,0.0,0.0,0.0,0.0
0.312795,0.328619,0.0383829,0.0,0.0,0.0,0.0
0.299913,0.324483,0.0403132,0.0,0.0,0.0,0.0
0.30084,0.325391,0.0403941,0.0,0.0,0.0,0.0
0.29956,0.323125,0.0403911,0.0,0.0,0.0,0.0
0.311783,0.318955,0.040324,0.0,0.0,0.0,0.0
0.312791,0.320901,0.0390501,0.0,0.0,0.0,0.0
0.312872,0.320885,0.0399151,0.0,0.0,0.0,0.0
0.312542,0.320813,0.0406912,0.0,0.0,0.0,0.0
0.310649,0.324672,0.0414785,0.0,0.0,0.0,0.0
0.309884,0.325268,0.041735,0.0,0.0,0.0,0.0
0.309421,0.32467,0.041894,0.0,0.0,0.0,0.0
0.309728,0.32327,0.042299,0.0,0.0,0.0,0.0
0.310314,0.32261,0.0418703,0.0,0.0,0.0,0.0
0.311375,0.322784,0.0416334,0.0,0.0,0.0,0.0
0.311814,0.324666,0.0403006,0.0,0.0,0.0,0.0
0.312118,0.322779,0.0406513,0.0,0.0,0.0,0.0
0.302637,0.327126,0.0397361,0.0,0.0,0.0,0.0
0.30264,0.327161,0.0405297,0.0,0.0,0.0,0.0
0.303183,0.326943,0.0420885,0.0,0.0,0.0,0.0
0.302707,0.327144,0.0413467,0.0,0.0,0.0,0.0
0.300883,0.325392,0.0413097,0.0,0.0,0.0,0.0
0.311096,0.328665,0.0399209,0.0,0.0,0.0,0.0
0.310509,0.329887,0.0407833,0.0,0.0,0.0,0.0
0.310567,0.328629,0.0405722,0.0,0.0,0.0,0.0
0.309896,0.331084,0.0404315,0.0,0.0,0.0,0.0
0.309292,0.330427,0.04083,0.0,0.0,0.0,0.0
0.309375,0.33204,0.0399981,0.0,0.0,0.0,0.0
0.30779,0.330742,0.0408089,0.0,0.0,0.0,0.0
0.307735,0.329,0.041842,0.0,0.0,0.0,0.0
0.309048,0.32857,0.0417143,0.0,0.0,0.0,0.0
0.309767,0.328678,0.0410525,0.0,0.0,0.0,0.0
0.310959,0.326651,0.0407198,0.0,0.0,0.0,0.0
0.311504,0.327283,0.0403462,0.0,0.0,0.0,0.0
0.309941,0.327239,0.0410192,0.0,0.0,0.0,0.0
0.311745,0.325902,0.0403035,0.0,0.0,0.0,0.0
0.306921,0.331531,0.0403151,0.0,0.0,0.0,0.0
0.307821,0.331762,0.0405138,0.0,0.0,0.0,0.0
0.308785,0.331685,0.0405617,0.0,0.0,0.0,0.0
0.307835,0.334026,0.0376235,0.0,0.0,0.0,0.0
0.306415,0.332605,0.0376469,0.0,0.0,0.0,0.0
0.30726,0.333134,0.03792,0.0,0.0,0.0,0.0
0.310962,0.334248,0.0388208,0.0,0.0,0.0,0.0
0.309351,0.334431,0.038624,0.0,0.0,0.0,0.0
0.307493,0.332922,0.0384036,0.0,0.0,0.0,0.0
0.210435,0.190464,0.0444131,0.0,0.0,0.0,0.0
0.210966,0.18914,0.0449001,0.0,0.0,0.0,0.0
0.212085,0.188598,0.0445875,0.0,0.0,0.0,0.0
0.209345,0.19102,0.0448086,0.0,0.0,0.0,0.0
0.208757,0.192284,0.0442193,0.0,0.0,0.0,0.0
0.205159,0.189802,0.0472773,0.0,0.0,0.0,0.0
0.205955,0.188892,0.0472674,0.0,0.0,0.0,0.0
0.206332,0.189262,0.0480578,0.0,0.0,0.0,0.0
0.205805,0.189118,0.0463121,0.0,0.0,0.0,0.0
0.205329,0.189966,0.0467818,0.0,0.0,0.0,0.0
0.205733,0.190524,0.0461806,0.0,0.0,0.0,0.0
0.206098,0.191129,0.0458464,0.0,0.0,0.0,0.0
0.20784,0.188839,0.0455561,0.0,0.0,0.0,0.0
0.20877,0.18842,0.0450706,0.0,0.0,0.0,0.0
0.209369,0.187247,0.0456509,0.0,0.0,0.0,0.0
0.206741,0.189346,0.0457906,0.0,0.0,0.0,0.0
0.221424,0.184705,0.0438052,0.0,0.0,0.0,0.0
0.221847,0.183676,0.0439202,0.0,0.0,0.0,0.0
0.221841,0.182848,0.0445194,0.0,0.0,0.0,0.0
0.223573,0.183994,0.0436021,0.0,0.0,0.0,0.0
0.22408,0.184227,0.0429269,0.0,0.0,0.0,0.0
0.223462,0.185337,0.0428166,0.0,0.0,0.0,0.0
0.22305,0.184821,0.0431899,0.0,0.0,0.0,0.0
0.215688,0.185358,0.0448529,0.0,0.0,0.0,0.0
0.215167,0.186574,0.044546,0.0,0.0,0.0,0.0
0.215723,0.191251,0.0427683,0.0,0.0,0.0,0.0
0.21734,0.189353,0.0427865,0.0,0.0,0.0,0.0
0.21632,0.190007,0.0429026,0.0,0.0,0.0,0.0
0.216107,0.189708,0.0434247,0.0,0.0,0.0,0.0
0.21697,0.188846,0.0433856,0.0,0.0,0.0,0.0
0.214105,0.191597,0.0434593,0.0,0.0,0.0,0.0
0.212577,0.19313,0.0434675,0.0,0.0,0.0,0.0
0.213676,0.192627,0.0431377,0.0,0.0,0.0,0.0
0.218828,0.186967,0.0434194,0.0,0.0,0.0,0.0
0.219956,0.18679,0.043236,0.0,0.0,0.0,0.0
0.220469,0.185882,0.0436536,0.0,0.0,0.0,0.0
0.221931,0.18923,0.0417798,0.0,0.0,0.0,0.0
0.222475,0.187939,0.0419163,0.0,0.0,0.0,0.0
0.221991,0.187363,0.042723,0.0,0.0,0.0,0.0
0.221435,0.188583,0.0422437,0.0,0.0,0.0,0.0
0.220367,0.189172,0.0427254,0.0,0.0,0.0,0.0
0.220824,0.189782,0.0418018,0.0,0.0,0.0,0.0
0.220345,0.187322,0.0428094,0.0,0.0,0.0,0.0
0.221873,0.184996,0.0433504,0.0,0.0,0.0,0.0
0.220981,0.186206,0.0429916,0.0,0.0,0.0,0.0
0.221923,0.185903,0.0427958,0.0,0.0,0.0,0.0
0.217261,0.181602,0.046449,0.0,0.0,0.0,0.0
0.21599,0.181803,0.0463802,0.0,0.0,0.0,0.0
0.215134,0.182691,0.0463557,0.0,0.0,0.0,0.0
0.215732,0.183218,0.0458164,0.0,0.0,0.0,0.0
0.215647,0.18393,0.0449459,0.0,0.0,0.0,0.0
0.215105,0.182686,0.0473815,0.0,0.0,0.0,0.0
0.215148,0.184641,0.0483481,0.0,0.0,0.0,0.0
0.21422,0.184037,0.0458211,0.0,0.0,0.0,0.0
0.213608,0.184694,0.0453277,0.0,0.0,0.0,0.0
0.214012,0.185207,0.0448385,0.0,0.0,0.0,0.0
0.220113,0.180821,0.0462241,0.0,0.0,0.0,0.0
0.220249,0.18166,0.0454079,0.0,0.0,0.0,0.0
0.221867,0.181478,0.0456655,0.0,0.0,0.0,0.0
0.221927,0.181969,0.0450371,0.0,0.0,0.0,0.0
0.220872,0.18202,0.0448616,0.0,0.0,0.0,0.0
0.218697,0.181408,0.0460794,0.0,0.0,0.0,0.0
0.218704,0.182018,0.0478525,0.0,0.0,0.0,0.0
0.22037,0.181978,0.0479265,0.0,0.0,0.0,0.0
0.232815,0.18285,0.0430681,0.0,0.0,0.0,0.0
0.234384,0.18283,0.0430371,0.0,0.0,0.0,0.0
0.234412,0.181682,0.0443196,0.0,0.0,0.0,0.0
0.23284,0.181701,0.0443309,0.0,0.0,0.0,0.0
0.232864,0.181127,0.0448438,0.0,0.0,0.0,0.0
0.234468,0.181063,0.0448508,0.0,0.0,0.0,0.0
0.231277,0.18065,0.045618,0.0,0.0,0.0,0.0
0.22967,0.180685,0.0453625,0.0,0.0,0.0,0.0
0.228113,0.180707,0.0453366,0.0,0.0,0.0,0.0
0.226532,0.180738,0.0453007,0.0,0.0,0.0,0.0
0.229571,0.179577,0.0465161,0.0,0.0,0.0,0.0
0.229563,0.179625,0.0472665,0.0,0.0,0.0,0.0
0.234605,0.180994,0.0466017,0.0,0.0,0.0,0.0
0.233038,0.180672,0.0465662,0.0,0.0,0.0,0.0
0.232959,0.180633,0.0456393,0.0,0.0,0.0,0.0
0.234581,0.180667,0.0457524,0.0,0.0,0.0,0.0
0.231617,0.18073,0.0465388,0.0,0.0,0.0,0.0
0.237108,0.181803,0.0466129,0.0,0.0,0.0,0.0
0.237577,0.181713,0.0458466,0.0,0.0,0.0,0.0
0.238113,0.182457,0.0461868,0.0,0.0,0.0,0.0
0.237941,0.182638,0.0466552,0.0,0.0,0.0,0.0
0.244897,0.18365,0.0433834,0.0,0.0,0.0,0.0
0.245857,0.184378,0.0433581,0.0,0.0,0.0,0.0
0.243749,0.184745,0.0422754,0.0,0.0,0.0,0.0
0.245385,0.184629,0.0423999,0.0,0.0,0.0,0.0
0.24955,0.185784,0.0435244,0.0,0.0,0.0,0.0
0.249364,0.186021,0.0430418,0.0,0.0,0.0,0.0
0.250091,0.186671,0.0427368,0.0,0.0,0.0,0.0
0.250367,0.186754,0.0435451,0.0,0.0,0.0,0.0
0.240562,0.183068,0.0456991,0.0,0.0,0.0,0.0
0.239245,0.183032,0.0467099,0.0,0.0,0.0,0.0
0.24027,0.183739,0.0473916,0.0,0.0,0.0,0.0
0.241173,0.184629,0.0474349,0.0,0.0,0.0,0.0
0.241303,0.184432,0.0469719,0.0,0.0,0.0,0.0
0.2406,0.18376,0.0465307,0.0,0.0,0.0,0.0
0.239046,0.181885,0.045644,0.0,0.0,0.0,0.0
0.239243,0.182581,0.0461676,0.0,0.0,0.0,0.0
0.245922,0.188357,0.0469531,0.0,0.0,0.0,0.0
0.245566,0.187297,0.0461547,0.0,0.0,0.0,0.0
0.247008,0.187159,0.0468952,0.0,0.0,0.0,0.0
0.246965,0.185855,0.0466923,0.0,0.0,0.0,0.0
0.245955,0.185955,0.0464988,0.0,0.0,0.0,0.0
0.24573,0.188672,0.047355,0.0,0.0,0.0,0.0
0.245557,0.188847,0.0480302,0.0,0.0,0.0,0.0
0.250115,0.189118,0.0467992,0.0,0.0,0.0,0.0
0.249469,0.187915,0.0464503,0.0,0.0,0.0,0.0
0.249672,0.187642,0.0458668,0.0,0.0,0.0,0.0
0.250518,0.188613,0.0459922,0.0,0.0,0.0,0.0
0.251541,0.187704,0.043516,0.0,0.0,0.0,0.0
0.25139,0.187739,0.0427207,0.0,0.0,0.0,0.0
0.252698,0.18776,0.0428454,0.0,0.0,0.0,0.0
0.252552,0.187931,0.0433365,0.0,0.0,0.0,0.0
0.253154,0.188856,0.043603,0.0,0.0,0.0,0.0
0.253563,0.188643,0.0429398,0.0,0.0,0.0,0.0
0.252261,0.188365,0.0439765,0.0,0.0,0.0,0.0
0.254836,0.189497,0.0429332,0.0,0.0,0.0,0.0
0.255264,0.190576,0.0431906,0.0,0.0,0.0,0.0
0.255152,0.191008,0.043819,0.0,0.0,0.0,0.0
0.256238,0.18982,0.0425595,0.0,0.0,0.0,0.0
0.256454,0.192922,0.0438372,0.0,0.0,0.0,0.0
0.255322,0.192371,0.0439703,0.0,0.0,0.0,0.0
0.253148,0.189593,0.0443556,0.0,0.0,0.0,0.0
0.252061,0.188613,0.0444338,0.0,0.0,0.0,0.0
0.251613,0.188818,0.0451167,0.0,0.0,0.0,0.0
0.253642,0.190586,0.0446954,0.0,0.0,0.0,0.0
0.253275,0.191223,0.0449492,0.0,0.0,0.0,0.0
0.253717,0.192471,0.0453996,0.0,0.0,0.0,0.0
0.254535,0.191039,0.0445458,0.0,0.0,0.0,0.0
0.255043,0.19261,0.044367,0.0,0.0,0.0,0.0
0.254519,0.193194,0.0448506,0.0,0.0,0.0,0.0
0.258854,0.191727,0.0427376,0.0,0.0,0.0,0.0
0.257223,0.189933,0.0426147,0.0,0.0,0.0,0.0
0.250711,0.188313,0.0455183,0.0,0.0,0.0,0.0
0.251611,0.189583,0.0458889,0.0,0.0,0.0,0.0
0.253359,0.193041,0.0457539,0.0,0.0,0.0,0.0
0.2526,0.191279,0.0456445,0.0,0.0,0.0,0.0
0.251168,0.189813,0.0465812,0.0,0.0,0.0,0.0
0.251974,0.190671,0.0460923,0.0,0.0,0.0,0.0
0.251642,0.192933,0.0468318,0.0,0.0,0.0,0.0
0.251603,0.191103,0.0466235,0.0,0.0,0.0,0.0
0.208069,0.198968,0.0437665,0.0,0.0,0.0,0.0
0.208951,0.198361,0.0431285,0.0,0.0,0.0,0.0
0.209436,0.196979,0.0435814,0.0,0.0,0.0,0.0
0.208925,0.196323,0.0438759,0.0,0.0,0.0,0.0
0.206905,0.199851,0.0438523,0.0,0.0,0.0,0.0
0.207457,0.200744,0.0436249,0.0,0.0,0.0,0.0
0.206912,0.19884,0.0438204,0.0,0.0,0.0,0.0
0.207176,0.200728,0.0438504,0.0,0.0,0.0,0.0
0.209487,0.198935,0.042802,0.0,0.0,0.0,0.0
0.210988,0.198875,0.04284,0.0,0.0,0.0,0.0
0.211034,0.197012,0.0428357,0.0,0.0,0.0,0.0
0.209957,0.197621,0.0428734,0.0,0.0,0.0,0.0
0.20317,0.200838,0.0448505,0.0,0.0,0.0,0.0
0.202883,0.202756,0.0449146,0.0,0.0,0.0,0.0
0.204704,0.204656,0.043885,0.0,0.0,0.0,0.0
0.205752,0.204115,0.0438787,0.0,0.0,0.0,0.0
0.202629,0.204608,0.0444433,0.0,0.0,0.0,0.0
0.20343,0.204591,0.0437889,0.0,0.0,0.0,0.0
0.206663,0.202814,0.0434098,0.0,0.0,0.0,0.0
0.207307,0.202171,0.0429413,0.0,0.0,0.0,0.0
0.210995,0.202755,0.0428991,0.0,0.0,0.0,0.0
0.209388,0.202689,0.0428182,0.0,0.0,0.0,0.0
0.211596,0.203468,0.0422102,0.0,0.0,0.0,0.0
0.21258,0.204669,0.041857,0.0,0.0,0.0,0.0
0.212564,0.202769,0.0419572,0.0,0.0,0.0,0.0
0.207954,0.204677,0.0427945,0.0,0.0,0.0,0.0
0.207925,0.206569,0.0428169,0.0,0.0,0.0,0.0
0.207911,0.202729,0.0428068,0.0,0.0,0.0,0.0
0.203486,0.196887,0.0449257,0.0,0.0,0.0,0.0
0.202824,0.196863,0.045497,0.0,0.0,0.0,0.0
0.20267,0.198268,0.045416,0.0,0.0,0.0,0.0
0.203065,0.198793,0.0449229,0.0,0.0,0.0,0.0
0.203257,0.195155,0.0457975,0.0,0.0,0.0,0.0
0.201094,0.198809,0.0463497,0.0,0.0,0.0,0.0
0.200947,0.200608,0.0460738,0.0,0.0,0.0,0.0
0.202103,0.198889,0.0459134,0.0,0.0,0.0,0.0
0.201488,0.200644,0.0455859,0.0,0.0,0.0,0.0
0.201954,0.20078,0.0449369,0.0,0.0,0.0,0.0
0.257484,0.196949,0.0443885,0.0,0.0,0.0,0.0
0.256327,0.196987,0.0448813,0.0,0.0,0.0,0.0
0.256669,0.196401,0.0445462,0.0,0.0,0.0,0.0
0.258219,0.196823,0.0438632,0.0,0.0,0.0,0.0
0.257811,0.19505,0.0437646,0.0,0.0,0.0,0.0
0.259915,0.196287,0.0432149,0.0,0.0,0.0,0.0
0.257859,0.19355,0.0435502,0.0,0.0,0.0,0.0
0.256741,0.194464,0.0438359,0.0,0.0,0.0,0.0
0.261304,0.198353,0.0429479,0.0,0.0,0.0,0.0
0.259711,0.200768,0.043781,0.0,0.0,0.0,0.0
0.259929,0.204083,0.0439373,0.0,0.0,0.0,0.0
0.259617,0.204688,0.0444078,0.0,0.0,0.0,0.0
0.258955,0.202721,0.0442289,0.0,0.0,0.0,0.0
0.259797,0.202598,0.0437814,0.0,0.0,0.0,0.0
0.256763,0.204616,0.0453255,0.0,0.0,0.0,0.0
0.257772,0.204677,0.0448626,0.0,0.0,0.0,0.0
0.258797,0.204734,0.0448418,0.0,0.0,0.0,0.0
0.259607,0.206601,0.0444766,0.0,0.0,0.0,0.0
0.258851,0.208476,0.0448853,0.0,0.0,0.0,0.0
0.258856,0.206563,0.0448858,0.0,0.0,0.0,0.0
0.254603,0.198818,0.0465732,0.0,0.0,0.0,0.0
0.254404,0.196935,0.0467364,0.0,0.0,0.0,0.0
0.255019,0.196922,0.0460647,0.0,0.0,0.0,0.0
0.253777,0.194355,0.0463,0.0,0.0,0.0,0.0
0.253638,0.198702,0.0475802,0.0,0.0,0.0,0.0
0.253681,0.200107,0.0475359,0.0,0.0,0.0,0.0
0.254527,0.195129,0.0456657,0.0,0.0,0.0,0.0
0.254918,0.194586,0.0451091,0.0,0.0,0.0,0.0
0.255698,0.195143,0.0448586,0.0,0.0,0.0,0.0
0.256227,0.204615,0.0458771,0.0,0.0,0.0,0.0
0.255229,0.204608,0.0468776,0.0,0.0,0.0,0.0
0.255191,0.202695,0.0468848,0.0,0.0,0.0,0.0
0.254793,0.204603,0.0473394,0.0,0.0,0.0,0.0
0.255178,0.206537,0.0468129,0.0,0.0,0.0,0.0
0.254813,0.206539,0.0473026,0.0,0.0,0.0,0.0
0.254765,0.202672,0.0473714,0.0,0.0,0.0,0.0
0.265671,0.202647,0.0428277,0.0,0.0,0.0,0.0
0.26359,0.203368,0.0435894,0.0,0.0,0.0,0.0
0.267217,0.204617,0.0428251,0.0,0.0,0.0,0.0
0.268752,0.204629,0.0428204,0.0,0.0,0.0,0.0
0.273234,0.202924,0.0428487,0.0,0.0,0.0,0.0
0.274235,0.203549,0.0428623,0.0,0.0,0.0,0.0
0.271781,0.20286,0.0428006,0.0,0.0,0.0,0.0
0.271832,0.201386,0.042896,0.0,0.0,0.0,0.0
0.272781,0.201676,0.0427246,0.0,0.0,0.0,0.0
0.273211,0.201408,0.0420353,0.0,0.0,0.0,0.0
0.270295,0.204646,0.0428167,0.0,0.0,0.0,0.0
0.207848,0.210446,0.042822,0.0,0.0,0.0,0.0
0.20785,0.212376,0.0428086,0.0,0.0,0.0,0.0
0.209198,0.214262,0.0428029,0.0,0.0,0.0,0.0
0.209887,0.214211,0.0420432,0.0,0.0,0.0,0.0
0.207892,0.214268,0.0427779,0.0,0.0,0.0,0.0
0.206692,0.21613,0.0434281,0.0,0.0,0.0,0.0
0.207464,0.216719,0.0432175,0.0,0.0,0.0,0.0
0.207902,0.216201,0.0428206,0.0,0.0,0.0,0.0
0.206989,0.215454,0.0429255,0.0,0.0,0.0,0.0
0.209421,0.218144,0.0428642,0.0,0.0,0.0,0.0
0.211507,0.219402,0.0418363,0.0,0.0,0.0,0.0
0.210431,0.224512,0.0437945,0.0,0.0,0.0,0.0
0.20832,0.218112,0.0428216,0.0,0.0,0.0,0.0
0.208491,0.219335,0.0428396,0.0,0.0,0.0,0.0
0.20888,0.224534,0.0444887,0.0,0.0,0.0,0.0
0.202691,0.214791,0.0454397,0.0,0.0,0.0,0.0
0.2027,0.216323,0.0454895,0.0,0.0,0.0,0.0
0.201513,0.212373,0.0455631,0.0,0.0,0.0,0.0
0.201319,0.210421,0.0457204,0.0,0.0,0.0,0.0
0.201472,0.214187,0.046564,0.0,0.0,0.0,0.0
0.202109,0.21414,0.0458419,0.0,0.0,0.0,0.0
0.2033,0.219939,0.0465471,0.0,0.0,0.0,0.0
0.203615,0.219478,0.0456695,0.0,0.0,0.0,0.0
0.203357,0.218081,0.0457453,0.0,0.0,0.0,0.0
0.20281,0.218197,0.0462394,0.0,0.0,0.0,0.0
0.204044,0.220735,0.0459748,0.0,0.0,0.0,0.0
0.204419,0.220413,0.045668,0.0,0.0,0.0,0.0
0.203798,0.218065,0.0452308,0.0,0.0,0.0,0.0
0.203875,0.219251,0.0451769,0.0,0.0,0.0,0.0
0.204805,0.219954,0.0451207,0.0,0.0,0.0,0.0
0.202571,0.216812,0.0461012,0.0,0.0,0.0,0.0
0.201815,0.218061,0.0472848,0.0,0.0,0.0,0.0
0.202047,0.219465,0.0471911,0.0,0.0,0.0,0.0
0.20288,0.220435,0.0472355,0.0,0.0,0.0,0.0
0.204235,0.222615,0.0468886,0.0,0.0,0.0,0.0
0.203245,0.222165,0.0469193,0.0,0.0,0.0,0.0
0.205174,0.223917,0.0467765,0.0,0.0,0.0,0.0
0.204625,0.222106,0.0463666,0.0,0.0,0.0,0.0
0.205886,0.223993,0.0461605,0.0,0.0,0.0,0.0
0.205624,0.222726,0.0460316,0.0,0.0,0.0,0.0
0.258257,0.21288,0.0446984,0.0,0.0,0.0,0.0
0.258927,0.212303,0.0442185,0.0,0.0,0.0,0.0
0.259691,0.214257,0.0437827,0.0,0.0,0.0,0.0
0.257772,0.212297,0.0448833,0.0,0.0,0.0,0.0
0.256417,0.212301,0.0448105,0.0,0.0,0.0,0.0
0.259429,0.216205,0.0438333,0.0,0.0,0.0,0.0
0.258292,0.216737,0.043825,0.0,0.0,0.0,0.0
0.261044,0.214322,0.0438463,0.0,0.0,0.0,0.0
0.260997,0.216264,0.0438348,0.0,0.0,0.0,0.0
0.258784,0.210302,0.0448426,0.0,0.0,0.0,0.0
0.259603,0.210346,0.0444111,0.0,0.0,0.0,0.0
0.255658,0.219916,0.0446926,0.0,0.0,0.0,0.0
0.256311,0.219972,0.0440984,0.0,0.0,0.0,0.0
0.254649,0.220004,0.0448065,0.0,0.0,0.0,0.0
0.253645,0.220208,0.0454166,0.0,0.0,0.0,0.0
0.253874,0.218841,0.0455649,0.0,0.0,0.0,0.0
0.255711,0.221376,0.0442936,0.0,0.0,0.0,0.0
0.255478,0.221043,0.0447495,0.0,0.0,0.0,0.0
0.254635,0.221391,0.0448977,0.0,0.0,0.0,0.0
0.256676,0.220606,0.0437671,0.0,0.0,0.0,0.0
0.256326,0.222124,0.043827,0.0,0.0,0.0,0.0
0.255125,0.222626,0.0438268,0.0,0.0,0.0,0.0
0.254675,0.222319,0.0443429,0.0,0.0,0.0,0.0
0.25303,0.221832,0.0449853,0.0,0.0,0.0,0.0
0.258182,0.218216,0.0438169,0.0,0.0,0.0,0.0
0.259483,0.218239,0.0438325,0.0,0.0,0.0,0.0
0.260974,0.218202,0.0438367,0.0,0.0,0.0,0.0
0.262493,0.218156,0.043831,0.0,0.0,0.0,0.0
0.257838,0.222022,0.0438233,0.0,0.0,0.0,0.0
0.257857,0.220106,0.0438362,0.0,0.0,0.0,0.0
0.25785,0.223506,0.0438109,0.0,0.0,0.0,0.0
0.254587,0.214188,0.0465433,0.0,0.0,0.0,0.0
0.254625,0.212375,0.0465053,0.0,0.0,0.0,0.0
0.255093,0.212424,0.0459907,0.0,0.0,0.0,0.0
0.25398,0.210339,0.0470465,0.0,0.0,0.0,0.0
0.254758,0.210332,0.0463242,0.0,0.0,0.0,0.0
0.254109,0.212373,0.0468615,0.0,0.0,0.0,0.0
0.25378,0.214298,0.047362,0.0,0.0,0.0,0.0
0.253668,0.216236,0.0472153,0.0,0.0,0.0,0.0
0.255081,0.210911,0.0459157,0.0,0.0,0.0,0.0
0.254066,0.214149,0.046887,0.0,0.0,0.0,0.0
0.253605,0.216679,0.0465421,0.0,0.0,0.0,0.0
0.251382,0.222266,0.0465918,0.0,0.0,0.0,0.0
0.252652,0.219558,0.0465327,0.0,0.0,0.0,0.0
0.252585,0.219476,0.0472339,0.0,0.0,0.0,0.0
0.252822,0.218036,0.0472182,0.0,0.0,0.0,0.0
0.25334,0.218277,0.0466513,0.0,0.0,0.0,0.0
0.253133,0.218147,0.047884,0.0,0.0,0.0,0.0
0.25283,0.219626,0.0478331,0.0,0.0,0.0,0.0
0.270303,0.212404,0.042834,0.0,0.0,0.0,0.0
0.272743,0.216259,0.0424699,0.0,0.0,0.0,0.0
0.271751,0.216279,0.0428706,0.0,0.0,0.0,0.0
0.27175,0.214354,0.042819,0.0,0.0,0.0,0.0
0.272948,0.214378,0.0428413,0.0,0.0,0.0,0.0
0.265515,0.218024,0.0428409,0.0,0.0,0.0,0.0
0.267216,0.220142,0.0428314,0.0,0.0,0.0,0.0
0.268769,0.220135,0.0428289,0.0,0.0,0.0,0.0
0.271739,0.218152,0.0428694,0.0,0.0,0.0,0.0
0.272718,0.21805,0.0425241,0.0,0.0,0.0,0.0
0.270279,0.220079,0.0428159,0.0,0.0,0.0,0.0
0.210857,0.225953,0.0439576,0.0,0.0,0.0,0.0
0.210522,0.226331,0.0446454,0.0,0.0,0.0,0.0
0.20937,0.225834,0.0448117,0.0,0.0,0.0,0.0
0.210942,0.227366,0.0448726,0.0,0.0,0.0,0.0
0.206408,0.225276,0.046581,0.0,0.0,0.0,0.0
0.203708,0.227057,0.047364,0.0,0.0,0.0,0.0
0.208858,0.226453,0.0454076,0.0,0.0,0.0,0.0
0.208695,0.226722,0.0458983,0.0,0.0,0.0,0.0
0.209365,0.227872,0.0463566,0.0,0.0,0.0,0.0
0.210433,0.228436,0.0460029,0.0,0.0,0.0,0.0
0.210783,0.228324,0.0453781,0.0,0.0,0.0,0.0
0.2119,0.228579,0.0452021,0.0,0.0,0.0,0.0
0.207754,0.226265,0.0463592,0.0,0.0,0.0,0.0
0.207306,0.226585,0.0468597,0.0,0.0,0.0,0.0
0.208934,0.228401,0.0469048,0.0,0.0,0.0,0.0
0.210937,0.229383,0.0462954,0.0,0.0,0.0,0.0
0.207758,0.225486,0.0455422,0.0,0.0,0.0,0.0
0.219865,0.232277,0.0438582,0.0,0.0,0.0,0.0
0.220321,0.231935,0.0434782,0.0,0.0,0.0,0.0
0.221798,0.229888,0.0417371,0.0,0.0,0.0,0.0
0.221346,0.230495,0.0421349,0.0,0.0,0.0,0.0
0.221923,0.231614,0.0427559,0.0,0.0,0.0,0.0
0.22344,0.229798,0.0418188,0.0,0.0,0.0,0.0
0.221423,0.23224,0.0430721,0.0,0.0,0.0,0.0
0.220314,0.230088,0.0426126,0.0,0.0,0.0,0.0
0.220308,0.231168,0.0428469,0.0,0.0,0.0,0.0
0.221784,0.234139,0.044821,0.0,0.0,0.0,0.0
0.221854,0.23353,0.0441627,0.0,0.0,0.0,0.0
0.220279,0.233312,0.0439271,0.0,0.0,0.0,0.0
0.223399,0.233588,0.0433444,0.0,0.0,0.0,0.0
0.224888,0.234182,0.0431176,0.0,0.0,0.0,0.0
0.222898,0.234439,0.0444882,0.0,0.0,0.0,0.0
0.223285,0.234254,0.0439363,0.0,0.0,0.0,0.0
0.224499,0.234361,0.0437744,0.0,0.0,0.0,0.0
0.223447,0.235171,0.0448257,0.0,0.0,0.0,0.0
0.22493,0.235605,0.0448241,0.0,0.0,0.0,0.0
0.22497,0.235226,0.043995,0.0,0.0,0.0,0.0
0.215541,0.231807,0.0454776,0.0,0.0,0.0,0.0
0.216728,0.232348,0.045463,0.0,0.0,0.0,0.0
0.21549,0.232307,0.0459937,0.0,0.0,0.0,0.0
0.216555,0.23256,0.0458891,0.0,0.0,0.0,0.0
0.21707,0.233452,0.0461651,0.0,0.0,0.0,0.0
0.218694,0.23412,0.0463041,0.0,0.0,0.0,0.0
0.214127,0.231708,0.0463832,0.0,0.0,0.0,0.0
0.21564,0.234063,0.0469222,0.0,0.0,0.0,0.0
0.215677,0.233046,0.0466959,0.0,0.0,0.0,0.0
0.217167,0.235665,0.046814,0.0,0.0,0.0,0.0
0.217302,0.236724,0.0474137,0.0,0.0,0.0,0.0
0.217091,0.234247,0.0468403,0.0,0.0,0.0,0.0
0.218279,0.234374,0.0468273,0.0,0.0,0.0,0.0
0.221336,0.234483,0.0452134,0.0,0.0,0.0,0.0
0.219823,0.234412,0.0460251,0.0,0.0,0.0,0.0
0.22042,0.235081,0.046574,0.0,0.0,0.0,0.0
0.221958,0.235083,0.0457231,0.0,0.0,0.0,0.0
0.228213,0.234968,0.0435691,0.0,0.0,0.0,0.0
0.228197,0.235725,0.0443036,0.0,0.0,0.0,0.0
0.229676,0.236198,0.0437466,0.0,0.0,0.0,0.0
0.229673,0.235688,0.0431853,0.0,0.0,0.0,0.0
0.231255,0.235713,0.0432823,0.0,0.0,0.0,0.0
0.231265,0.236219,0.0438068,0.0,0.0,0.0,0.0
0.228093,0.233999,0.0426312,0.0,0.0,0.0,0.0
0.226456,0.234306,0.0429163,0.0,0.0,0.0,0.0
0.229353,0.234053,0.0425978,0.0,0.0,0.0,0.0
0.229792,0.235004,0.0426797,0.0,0.0,0.0,0.0
0.23132,0.235244,0.0427416,0.0,0.0,0.0,0.0
0.229773,0.236783,0.0444236,0.0,0.0,0.0,0.0
0.231272,0.23677,0.0444712,0.0,0.0,0.0,0.0
0.234394,0.235882,0.0433406,0.0,0.0,0.0,0.0
0.232826,0.235773,0.0433221,0.0,0.0,0.0,0.0
0.232831,0.236245,0.0438395,0.0,0.0,0.0,0.0
0.234374,0.236354,0.0438297,0.0,0.0,0.0,0.0
0.232821,0.236781,0.0444924,0.0,0.0,0.0,0.0
0.22818,0.236729,0.0458405,0.0,0.0,0.0,0.0
0.226666,0.236769,0.045798,0.0,0.0,0.0,0.0
0.22966,0.237212,0.0472507,0.0,0.0,0.0,0.0
0.229649,0.236754,0.0465711,0.0,0.0,0.0,0.0
0.229692,0.2367,0.0457882,0.0,0.0,0.0,0.0
0.232688,0.236724,0.0464817,0.0,0.0,0.0,0.0
0.232644,0.23672,0.0472333,0.0,0.0,0.0,0.0
0.233849,0.236795,0.0472342,0.0,0.0,0.0,0.0
0.233908,0.236805,0.0465086,0.0,0.0,0.0,0.0
0.234241,0.23669,0.0456944,0.0,0.0,0.0,0.0
0.232759,0.236711,0.0457284,0.0,0.0,0.0,0.0
0.24684,0.231099,0.0449179,0.0,0.0,0.0,0.0
0.246857,0.232007,0.044389,0.0,0.0,0.0,0.0
0.246724,0.22961,0.0449856,0.0,0.0,0.0,0.0
0.247742,0.230785,0.0447895,0.0,0.0,0.0,0.0
0.247905,0.231095,0.0442614,0.0,0.0,0.0,0.0
0.248333,0.22962,0.0449208,0.0,0.0,0.0,0.0
0.247418,0.228524,0.0453983,0.0,0.0,0.0,0.0
0.248399,0.227868,0.0450106,0.0,0.0,0.0,0.0
0.242762,0.234483,0.0440498,0.0,0.0,0.0,0.0
0.242254,0.2353,0.0437302,0.0,0.0,0.0,0.0
0.240675,0.235706,0.0436487,0.0,0.0,0.0,0.0
0.240665,0.235254,0.0444133,0.0,0.0,0.0,0.0
0.241222,0.234425,0.0447373,0.0,0.0,0.0,0.0
0.243858,0.234183,0.0438374,0.0,0.0,0.0,0.0
0.241002,0.234125,0.0451081,0.0,0.0,0.0,0.0
0.245293,0.234019,0.0438568,0.0,0.0,0.0,0.0
0.247255,0.234086,0.0429696,0.0,0.0,0.0,0.0
0.248507,0.231755,0.0438449,0.0,0.0,0.0,0.0
0.247301,0.232269,0.0438548,0.0,0.0,0.0,0.0
0.246884,0.233638,0.0437576,0.0,0.0,0.0,0.0
0.243522,0.231466,0.0465627,0.0,0.0,0.0,0.0
0.244436,0.230504,0.0465904,0.0,0.0,0.0,0.0
0.24205,0.231852,0.046375,0.0,0.0,0.0,0.0
0.241336,0.23257,0.0467196,0.0,0.0,0.0,0.0
0.241323,0.232558,0.0469944,0.0,0.0,0.0,0.0
0.245467,0.229486,0.0465059,0.0,0.0,0.0,0.0
0.246089,0.22876,0.0467361,0.0,0.0,0.0,0.0
0.247189,0.228287,0.0458373,0.0,0.0,0.0,0.0
0.246077,0.228746,0.0469732,0.0,0.0,0.0,0.0
0.239058,0.233879,0.0464143,0.0,0.0,0.0,0.0
0.238195,0.23455,0.0467557,0.0,0.0,0.0,0.0
0.238198,0.234547,0.0469781,0.0,0.0,0.0,0.0
0.239064,0.233874,0.0473011,0.0,0.0,0.0,0.0
0.23946,0.234115,0.0477837,0.0,0.0,0.0,0.0
0.240613,0.23394,0.0479032,0.0,0.0,0.0,0.0
0.240681,0.233307,0.0472104,0.0,0.0,0.0,0.0
0.240659,0.233289,0.0464938,0.0,0.0,0.0,0.0
0.257836,0.227891,0.0428354,0.0,0.0,0.0,0.0
0.259442,0.231068,0.0428053,0.0,0.0,0.0,0.0
0.259418,0.229663,0.0428029,0.0,0.0,0.0,0.0
0.257851,0.229762,0.0428013,0.0,0.0,0.0,0.0
0.299706,0.297313,0.0434195,0.0,0.0,0.0,0.0
0.299485,0.296978,0.0438499,0.0,0.0,0.0,0.0
0.298345,0.297166,0.043868,0.0,0.0,0.0,0.0
0.298382,0.298017,0.0432182,0.0,0.0,0.0,0.0
0.298426,0.295724,0.0443116,0.0,0.0,0.0,0.0
0.292217,0.293866,0.0463844,0.0,0.0,0.0,0.0
0.293299,0.293326,0.0460285,0.0,0.0,0.0,0.0
0.29374,0.292315,0.0464016,0.0,0.0,0.0,0.0
0.296894,0.291887,0.0458838,0.0,0.0,0.0,0.0
0.296925,0.290551,0.0457798,0.0,0.0,0.0,0.0
0.295978,0.290817,0.0458731,0.0,0.0,0.0,0.0
0.295405,0.292021,0.0458161,0.0,0.0,0.0,0.0
0.294874,0.291381,0.0462072,0.0,0.0,0.0,0.0
0.295735,0.290432,0.0463247,0.0,0.0,0.0,0.0
0.293818,0.293845,0.0458326,0.0,0.0,0.0,0.0
0.295413,0.293856,0.0457942,0.0,0.0,0.0,0.0
0.295219,0.289826,0.0469222,0.0,0.0,0.0,0.0
0.295186,0.288396,0.0469766,0.0,0.0,0.0,0.0
0.295268,0.287556,0.0477257,0.0,0.0,0.0,0.0
0.293761,0.287987,0.0479512,0.0,0.0,0.0,0.0
0.293296,0.289379,0.0477527,0.0,0.0,0.0,0.0
0.298551,0.291951,0.0457397,0.0,0.0,0.0,0.0
0.298422,0.290001,0.0458056,0.0,0.0,0.0,0.0
0.294686,0.291075,0.0466802,0.0,0.0,0.0,0.0
0.29189,0.297631,0.0453696,0.0,0.0,0.0,0.0
0.292361,0.295892,0.0457823,0.0,0.0,0.0,0.0
0.291761,0.295248,0.0460434,0.0,0.0,0.0,0.0
0.290745,0.295853,0.0464242,0.0,0.0,0.0,0.0
0.29257,0.297675,0.0448386,0.0,0.0,0.0,0.0
0.293794,0.297726,0.044795,0.0,0.0,0.0,0.0
0.293729,0.296242,0.0448624,0.0,0.0,0.0,0.0
0.293738,0.295328,0.0454496,0.0,0.0,0.0,0.0
0.289366,0.29579,0.0469346,0.0,0.0,0.0,0.0
0.290274,0.295274,0.0468515,0.0,0.0,0.0,0.0
0.291041,0.299657,0.0456431,0.0,0.0,0.0,0.0
0.29181,0.299085,0.0453902,0.0,0.0,0.0,0.0
0.291199,0.300331,0.0449247,0.0,0.0,0.0,0.0
0.30161,0.295474,0.0434022,0.0,0.0,0.0,0.0
0.301621,0.296345,0.0428008,0.0,0.0,0.0,0.0
0.303135,0.295782,0.0428264,0.0,0.0,0.0,0.0
0.302645,0.295177,0.0429326,0.0,0.0,0.0,0.0
0.304215,0.296986,0.0421957,0.0,0.0,0.0,0.0
0.304756,0.295855,0.0426242,0.0,0.0,0.0,0.0
0.305275,0.296391,0.0419031,0.0,0.0,0.0,0.0
0.308456,0.295741,0.0438363,0.0,0.0,0.0,0.0
0.307691,0.294227,0.0432807,0.0,0.0,0.0,0.0
0.307768,0.297688,0.0443771,0.0,0.0,0.0,0.0
0.306845,0.297685,0.0453205,0.0,0.0,0.0,0.0
0.307729,0.295515,0.0426276,0.0,0.0,0.0,0.0
0.309126,0.296195,0.0427112,0.0,0.0,0.0,0.0
0.30911,0.296345,0.0438344,0.0,0.0,0.0,0.0
0.307164,0.294714,0.0428442,0.0,0.0,0.0,0.0
0.308251,0.299596,0.0438927,0.0,0.0,0.0,0.0
0.308261,0.301512,0.0439042,0.0,0.0,0.0,0.0
0.306834,0.293907,0.0462812,0.0,0.0,0.0,0.0
0.30686,0.292411,0.0462443,0.0,0.0,0.0,0.0
0.303132,0.289991,0.0447897,0.0,0.0,0.0,0.0
0.303189,0.288106,0.0458365,0.0,0.0,0.0,0.0
0.301634,0.288163,0.045825,0.0,0.0,0.0,0.0
0.301235,0.28954,0.0456783,0.0,0.0,0.0,0.0
0.301592,0.289993,0.0448902,0.0,0.0,0.0,0.0
0.306113,0.286685,0.0464731,0.0,0.0,0.0,0.0
0.305622,0.287018,0.0459616,0.0,0.0,0.0,0.0
0.306076,0.288232,0.0457767,0.0,0.0,0.0,0.0
0.306568,0.287642,0.0462089,0.0,0.0,0.0,0.0
0.304641,0.286548,0.046702,0.0,0.0,0.0,0.0
0.304611,0.286953,0.0460839,0.0,0.0,0.0,0.0
0.303172,0.286536,0.0466909,0.0,0.0,0.0,0.0
0.303212,0.286947,0.0460832,0.0,0.0,0.0,0.0
0.307161,0.288213,0.0466009,0.0,0.0,0.0,0.0
0.307785,0.289914,0.0471741,0.0,0.0,0.0,0.0
0.308162,0.289955,0.0477794,0.0,0.0,0.0,0.0
0.30737,0.291807,0.0465645,0.0,0.0,0.0,0.0
0.306714,0.29764,0.0457973,0.0,0.0,0.0,0.0
0.3068,0.295762,0.0463158,0.0,0.0,0.0,0.0
0.306803,0.297609,0.046304,0.0,0.0,0.0,0.0
0.306765,0.299102,0.0463216,0.0,0.0,0.0,0.0
0.308303,0.301537,0.0468611,0.0,0.0,0.0,0.0
0.309587,0.301554,0.0479023,0.0,0.0,0.0,0.0
0.30935,0.299625,0.0478374,0.0,0.0,0.0,0.0
0.308286,0.299102,0.047863,0.0,0.0,0.0,0.0
0.308029,0.299655,0.0472867,0.0,0.0,0.0,0.0
0.307386,0.299666,0.0465838,0.0,0.0,0.0,0.0
0.307793,0.301556,0.0463925,0.0,0.0,0.0,0.0
0.308273,0.297582,0.0478113,0.0,0.0,0.0,0.0
0.307719,0.29764,0.0472787,0.0,0.0,0.0,0.0
0.296779,0.303403,0.042411,0.0,0.0,0.0,0.0
0.295354,0.303473,0.0428384,0.0,0.0,0.0,0.0
0.295471,0.305476,0.0427355,0.0,0.0,0.0,0.0
0.296363,0.30485,0.0422303,0.0,0.0,0.0,0.0
0.294404,0.313909,0.0450252,0.0,0.0,0.0,0.0
0.294482,0.3138,0.0441791,0.0,0.0,0.0,0.0
0.293794,0.312682,0.0441171,0.0,0.0,0.0,0.0
0.29395,0.312542,0.0433495,0.0,0.0,0.0,0.0
0.294819,0.313561,0.0434298,0.0,0.0,0.0,0.0
0.294788,0.315251,0.0433611,0.0,0.0,0.0,0.0
0.295269,0.315013,0.0426377,0.0,0.0,0.0,0.0
0.294762,0.313124,0.04255,0.0,0.0,0.0,0.0
0.294839,0.315303,0.0442595,0.0,0.0,0.0,0.0
0.29076,0.307199,0.0464635,0.0,0.0,0.0,0.0
0.291183,0.307139,0.0458329,0.0,0.0,0.0,0.0
0.290595,0.305389,0.0455955,0.0,0.0,0.0,0.0
0.291043,0.308585,0.0465168,0.0,0.0,0.0,0.0
0.291115,0.308467,0.0459377,0.0,0.0,0.0,0.0
0.291811,0.309523,0.0465158,0.0,0.0,0.0,0.0
0.292278,0.310752,0.046554,0.0,0.0,0.0,0.0
0.293118,0.311687,0.0465885,0.0,0.0,0.0,0.0
0.292569,0.310481,0.0470993,0.0,0.0,0.0,0.0
0.293044,0.311374,0.0476813,0.0,0.0,0.0,0.0
0.294412,0.313953,0.0458618,0.0,0.0,0.0,0.0
0.294602,0.3138,0.0466939,0.0,0.0,0.0,0.0
0.296884,0.316958,0.0457877,0.0,0.0,0.0,0.0
0.296208,0.315833,0.0461913,0.0,0.0,0.0,0.0
0.296415,0.315612,0.0466914,0.0,0.0,0.0,0.0
0.297848,0.317593,0.0461355,0.0,0.0,0.0,0.0
0.294945,0.313473,0.0473831,0.0,0.0,0.0,0.0
0.29685,0.31538,0.0473749,0.0,0.0,0.0,0.0
0.295653,0.315112,0.0457773,0.0,0.0,0.0,0.0
0.308901,0.307401,0.0442314,0.0,0.0,0.0,0.0
0.30843,0.306715,0.0446525,0.0,0.0,0.0,0.0
0.30846,0.305227,0.044622,0.0,0.0,0.0,0.0
0.308523,0.304762,0.0440742,0.0,0.0,0.0,0.0
0.309245,0.305361,0.0438733,0.0,0.0,0.0,0.0
0.309477,0.30725,0.04371,0.0,0.0,0.0,0.0
0.307924,0.306919,0.0449499,0.0,0.0,0.0,0.0
0.307958,0.305193,0.0451036,0.0,0.0,0.0,0.0
0.309221,0.309465,0.0439837,0.0,0.0,0.0,0.0
0.308772,0.309449,0.04489,0.0,0.0,0.0,0.0
0.309637,0.308901,0.0434791,0.0,0.0,0.0,0.0
0.308261,0.303366,0.0438584,0.0,0.0,0.0,0.0
0.309928,0.308678,0.0430422,0.0,0.0,0.0,0.0
0.309948,0.307213,0.0431622,0.0,0.0,0.0,0.0
0.309792,0.311224,0.0444457,0.0,0.0,0.0,0.0
0.309717,0.311124,0.0450968,0.0,0.0,0.0,0.0
0.309767,0.313103,0.0451046,0.0,0.0,0.0,0.0
0.309787,0.313127,0.0444272,0.0,0.0,0.0,0.0
0.310704,0.311334,0.0434738,0.0,0.0,0.0,0.0
0.309781,0.315064,0.0444274,0.0,0.0,0.0,0.0
0.307758,0.30524,0.0457395,0.0,0.0,0.0,0.0
0.308047,0.306886,0.0457696,0.0,0.0,0.0,0.0
0.30874,0.309414,0.0457535,0.0,0.0,0.0,0.0
0.30891,0.309313,0.0465824,0.0,0.0,0.0,0.0
0.308894,0.307413,0.0465033,0.0,0.0,0.0,0.0
0.308528,0.306671,0.0460681,0.0,0.0,0.0,0.0
0.30783,0.303407,0.0464076,0.0,0.0,0.0,0.0
0.308342,0.303375,0.0468745,0.0,0.0,0.0,0.0
0.307285,0.303428,0.0458433,0.0,0.0,0.0,0.0
0.309811,0.313117,0.0465275,0.0,0.0,0.0,0.0
0.309683,0.311125,0.0464302,0.0,0.0,0.0,0.0
0.309641,0.311103,0.0457422,0.0,0.0,0.0,0.0
0.309794,0.313093,0.0457772,0.0,0.0,0.0,0.0
0.297335,0.318907,0.0442111,0.0,0.0,0.0,0.0
0.297996,0.319531,0.0445886,0.0,0.0,0.0,0.0
0.29839,0.320856,0.0443781,0.0,0.0,0.0,0.0
0.296152,0.317687,0.0443693,0.0,0.0,0.0,0.0
0.296557,0.317366,0.0450407,0.0,0.0,0.0,0.0
0.308273,0.323298,0.0437377,0.0,0.0,0.0,0.0
0.308419,0.321573,0.0446472,0.0,0.0,0.0,0.0
0.309137,0.320873,0.0443969,0.0,0.0,0.0,0.0
0.309554,0.320945,0.0437304,0.0,0.0,0.0,0.0
0.307443,0.324741,0.043722,0.0,0.0,0.0,0.0
0.30851,0.321614,0.0452891,0.0,0.0,0.0,0.0
0.308548,0.32355,0.0433572,0.0,0.0,0.0,0.0
0.308046,0.324762,0.0430041,0.0,0.0,0.0,0.0
0.309327,0.322771,0.0428318,0.0,0.0,0.0,0.0
0.303262,0.326379,0.0427652,0.0,0.0,0.0,0.0
0.30622,0.326969,0.0431528,0.0,0.0,0.0,0.0
0.304656,0.327096,0.0430684,0.0,0.0,0.0,0.0
0.304645,0.326335,0.0438446,0.0,0.0,0.0,0.0
0.306205,0.326249,0.0438286,0.0,0.0,0.0,0.0
0.304152,0.327438,0.0425895,0.0,0.0,0.0,0.0
0.307599,0.326433,0.0427991,0.0,0.0,0.0,0.0
0.308042,0.326993,0.0423193,0.0,0.0,0.0,0.0
0.308894,0.326543,0.042116,0.0,0.0,0.0,0.0
0.307593,0.32792,0.0419684,0.0,0.0,0.0,0.0
0.306228,0.328168,0.0419391,0.0,0.0,0.0,0.0
0.304659,0.322768,0.0460124,0.0,0.0,0.0,0.0
0.303242,0.322461,0.0457581,0.0,0.0,0.0,0.0
0.304677,0.321333,0.0468875,0.0,0.0,0.0,0.0
0.301251,0.321213,0.0459012,0.0,0.0,0.0,0.0
0.304719,0.320753,0.0474675,0.0,0.0,0.0,0.0
0.306237,0.320762,0.0474764,0.0,0.0,0.0,0.0
0.306227,0.321307,0.0468616,0.0,0.0,0.0,0.0
0.302063,0.322114,0.0458465,0.0,0.0,0.0,0.0
0.307731,0.320349,0.047449,0.0,0.0,0.0,0.0
0.308235,0.31939,0.047767,0.0,0.0,0.0,0.0
0.308845,0.318749,0.0473097,0.0,0.0,0.0,0.0
0.308534,0.319906,0.04702,0.0,0.0,0.0,0.0
0.308732,0.320128,0.0465704,0.0,0.0,0.0,0.0
0.307711,0.321122,0.0466615,0.0,0.0,0.0,0.0
0.308583,0.318155,0.0477656,0.0,0.0,0.0,0.0
0.221854,0.184594,0.0492191,0.0,0.0,0.0,0.0
0.221901,0.183293,0.0488523,0.0,0.0,0.0,0.0
0.216061,0.187801,0.0504501,0.0,0.0,0.0,0.0
0.215482,0.187396,0.0499031,0.0,0.0,0.0,0.0
0.217096,0.186702,0.0498493,0.0,0.0,0.0,0.0
0.217278,0.187562,0.0501732,0.0,0.0,0.0,0.0
0.215052,0.188438,0.0499986,0.0,0.0,0.0,0.0
0.215218,0.188681,0.0504617,0.0,0.0,0.0,0.0
0.218814,0.189316,0.0509148,0.0,0.0,0.0,0.0
0.2172,0.189211,0.0508943,0.0,0.0,0.0,0.0
0.217308,0.188042,0.0508124,0.0,0.0,0.0,0.0
0.218749,0.187882,0.0508754,0.0,0.0,0.0,0.0
0.215668,0.189253,0.0509081,0.0,0.0,0.0,0.0
0.216299,0.188161,0.0508633,0.0,0.0,0.0,0.0
0.215501,0.186605,0.0491653,0.0,0.0,0.0,0.0
0.21389,0.188528,0.05004,0.0,0.0,0.0,0.0
0.213949,0.189121,0.0505123,0.0,0.0,0.0,0.0
0.212568,0.189671,0.0503444,0.0,0.0,0.0,0.0
0.214102,0.189841,0.0508746,0.0,0.0,0.0,0.0
0.212508,0.188789,0.0498487,0.0,0.0,0.0,0.0
0.215693,0.19085,0.0508048,0.0,0.0,0.0,0.0
0.216619,0.186369,0.0494042,0.0,0.0,0.0,0.0
0.218844,0.185793,0.0495535,0.0,0.0,0.0,0.0
0.218344,0.186636,0.0498549,0.0,0.0,0.0,0.0
0.215688,0.191794,0.0515772,0.0,0.0,0.0,0.0
0.215634,0.193153,0.0519046,0.0,0.0,0.0,0.0
0.214109,0.193131,0.051764,0.0,0.0,0.0,0.0
0.224914,0.190579,0.0521147,0.0,0.0,0.0,0.0
0.223468,0.190811,0.0518439,0.0,0.0,0.0,0.0
0.223359,0.189535,0.0519733,0.0,0.0,0.0,0.0
0.224967,0.189086,0.0519177,0.0,0.0,0.0,0.0
0.224512,0.188574,0.0514715,0.0,0.0,0.0,0.0
0.22335,0.188698,0.0513727,0.0,0.0,0.0,0.0
0.221842,0.188716,0.0514507,0.0,0.0,0.0,0.0
0.221835,0.189692,0.0519506,0.0,0.0,0.0,0.0
0.221935,0.192861,0.0526016,0.0,0.0,0.0,0.0
0.221474,0.192462,0.0520676,0.0,0.0,0.0,0.0
0.221899,0.19117,0.0519015,0.0,0.0,0.0,0.0
0.223388,0.193167,0.0528964,0.0,0.0,0.0,0.0
0.219348,0.189917,0.0516914,0.0,0.0,0.0,0.0
0.220378,0.189839,0.0516918,0.0,0.0,0.0,0.0
0.234357,0.184773,0.0488395,0.0,0.0,0.0,0.0
0.23435,0.183271,0.0488736,0.0,0.0,0.0,0.0
0.232822,0.181968,0.0487666,0.0,0.0,0.0,0.0
0.228202,0.186007,0.0508213,0.0,0.0,0.0,0.0
0.229602,0.185965,0.050832,0.0,0.0,0.0,0.0
0.229636,0.187005,0.0509543,0.0,0.0,0.0,0.0
0.228165,0.18714,0.0509116,0.0,0.0,0.0,0.0
0.226645,0.187094,0.0508995,0.0,0.0,0.0,0.0
0.227196,0.18609,0.0508562,0.0,0.0,0.0,0.0
0.234358,0.186689,0.0504433,0.0,0.0,0.0,0.0
0.234812,0.186439,0.0499816,0.0,0.0,0.0,0.0
0.236005,0.186403,0.0500815,0.0,0.0,0.0,0.0
0.235988,0.186805,0.0505935,0.0,0.0,0.0,0.0
0.231216,0.188619,0.0523245,0.0,0.0,0.0,0.0
0.229674,0.188795,0.0520406,0.0,0.0,0.0,0.0
0.231189,0.187021,0.0508781,0.0,0.0,0.0,0.0
0.226512,0.191026,0.0528207,0.0,0.0,0.0,0.0
0.226116,0.190483,0.0521106,0.0,0.0,0.0,0.0
0.226617,0.189242,0.051883,0.0,0.0,0.0,0.0
0.22815,0.188911,0.0518772,0.0,0.0,0.0,0.0
0.228096,0.191053,0.052904,0.0,0.0,0.0,0.0
0.224899,0.191528,0.0527457,0.0,0.0,0.0,0.0
0.225587,0.187958,0.0518134,0.0,0.0,0.0,0.0
0.226634,0.187888,0.0516565,0.0,0.0,0.0,0.0
0.232741,0.190536,0.052945,0.0,0.0,0.0,0.0
0.234407,0.187699,0.0519479,0.0,0.0,0.0,0.0
0.235985,0.187601,0.0517537,0.0,0.0,0.0,0.0
0.23602,0.187751,0.0525601,0.0,0.0,0.0,0.0
0.234966,0.187974,0.0525,0.0,0.0,0.0,0.0
0.240497,0.187547,0.0502751,0.0,0.0,0.0,0.0
0.240693,0.18699,0.0497882,0.0,0.0,0.0,0.0
0.242107,0.187704,0.049517,0.0,0.0,0.0,0.0
0.242741,0.188314,0.0499372,0.0,0.0,0.0,0.0
0.242545,0.188666,0.0503056,0.0,0.0,0.0,0.0
0.241632,0.187914,0.0502824,0.0,0.0,0.0,0.0
0.239029,0.186762,0.0496267,0.0,0.0,0.0,0.0
0.239467,0.186509,0.0490383,0.0,0.0,0.0,0.0
0.240689,0.186528,0.0491701,0.0,0.0,0.0,0.0
0.237516,0.186413,0.0501266,0.0,0.0,0.0,0.0
0.242178,0.186826,0.0489095,0.0,0.0,0.0,0.0
0.241687,0.185759,0.048863,0.0,0.0,0.0,0.0
0.239016,0.18742,0.0502571,0.0,0.0,0.0,0.0
0.24635,0.189756,0.049516,0.0,0.0,0.0,0.0
0.245059,0.189623,0.0494326,0.0,0.0,0.0,0.0
0.24518,0.188946,0.0487403,0.0,0.0,0.0,0.0
0.246319,0.189778,0.0487676,0.0,0.0,0.0,0.0
0.243892,0.188532,0.0496693,0.0,0.0,0.0,0.0
0.244251,0.188459,0.0491162,0.0,0.0,0.0,0.0
0.248324,0.191537,0.0496031,0.0,0.0,0.0,0.0
0.249514,0.191802,0.0494866,0.0,0.0,0.0,0.0
0.247368,0.190455,0.0507458,0.0,0.0,0.0,0.0
0.247239,0.190646,0.050232,0.0,0.0,0.0,0.0
0.242241,0.188898,0.0526822,0.0,0.0,0.0,0.0
0.242187,0.189482,0.0531697,0.0,0.0,0.0,0.0
0.243748,0.189949,0.0537635,0.0,0.0,0.0,0.0
0.242187,0.189944,0.0537584,0.0,0.0,0.0,0.0
0.243755,0.189496,0.0531876,0.0,0.0,0.0,0.0
0.24378,0.188887,0.0526824,0.0,0.0,0.0,0.0
0.246793,0.189575,0.0518342,0.0,0.0,0.0,0.0
0.248205,0.190036,0.0519689,0.0,0.0,0.0,0.0
0.24677,0.18981,0.0510712,0.0,0.0,0.0,0.0
0.249399,0.189822,0.0525194,0.0,0.0,0.0,0.0
0.249308,0.189959,0.0520226,0.0,0.0,0.0,0.0
0.245308,0.189502,0.0531963,0.0,0.0,0.0,0.0
0.24537,0.188857,0.052661,0.0,0.0,0.0,0.0
0.245296,0.189943,0.053772,0.0,0.0,0.0,0.0
0.252902,0.191903,0.0519098,0.0,0.0,0.0,0.0
0.252515,0.191977,0.051235,0.0,0.0,0.0,0.0
0.253472,0.192641,0.0515921,0.0,0.0,0.0,0.0
0.207854,0.196956,0.0508899,0.0,0.0,0.0,0.0
0.208828,0.200174,0.0515887,0.0,0.0,0.0,0.0
0.209008,0.198759,0.0513417,0.0,0.0,0.0,0.0
0.209432,0.196954,0.0509911,0.0,0.0,0.0,0.0
0.20726,0.194261,0.0499746,0.0,0.0,0.0,0.0
0.209517,0.193238,0.0509437,0.0,0.0,0.0,0.0
0.20941,0.195,0.0508991,0.0,0.0,0.0,0.0
0.210517,0.196386,0.0513514,0.0,0.0,0.0,0.0
0.206838,0.195778,0.0508864,0.0,0.0,0.0,0.0
0.207932,0.195153,0.0509354,0.0,0.0,0.0,0.0
0.208501,0.193888,0.050812,0.0,0.0,0.0,0.0
0.208272,0.193579,0.0503362,0.0,0.0,0.0,0.0
0.209137,0.192707,0.0503707,0.0,0.0,0.0,0.0
0.208892,0.192403,0.0499111,0.0,0.0,0.0,0.0
0.207438,0.19456,0.0504711,0.0,0.0,0.0,0.0
0.203652,0.202767,0.0508712,0.0,0.0,0.0,0.0
0.202826,0.202686,0.0504531,0.0,0.0,0.0,0.0
0.203547,0.200867,0.0502638,0.0,0.0,0.0,0.0
0.206081,0.204705,0.0508293,0.0,0.0,0.0,0.0
0.204649,0.204644,0.0509036,0.0,0.0,0.0,0.0
0.202528,0.202138,0.0499666,0.0,0.0,0.0,0.0
0.203227,0.204682,0.0509062,0.0,0.0,0.0,0.0
0.202776,0.20417,0.0505284,0.0,0.0,0.0,0.0
0.201535,0.202749,0.0498205,0.0,0.0,0.0,0.0
0.200644,0.202833,0.0492935,0.0,0.0,0.0,0.0
0.201074,0.200289,0.04889,0.0,0.0,0.0,0.0
0.202004,0.20476,0.0503394,0.0,0.0,0.0,0.0
0.20172,0.206611,0.0504059,0.0,0.0,0.0,0.0
0.202237,0.206674,0.050862,0.0,0.0,0.0,0.0
0.203251,0.206618,0.0508993,0.0,0.0,0.0,0.0
0.202285,0.205417,0.0509087,0.0,0.0,0.0,0.0
0.210994,0.196951,0.0519357,0.0,0.0,0.0,0.0
0.211505,0.195667,0.0516274,0.0,0.0,0.0,0.0
0.212523,0.195003,0.051918,0.0,0.0,0.0,0.0
0.212525,0.19692,0.0518894,0.0,0.0,0.0,0.0
0.209825,0.198859,0.0518763,0.0,0.0,0.0,0.0
0.209392,0.200783,0.0519165,0.0,0.0,0.0,0.0
0.209418,0.202746,0.0518925,0.0,0.0,0.0,0.0
0.207892,0.202799,0.0518696,0.0,0.0,0.0,0.0
0.208293,0.201445,0.0519453,0.0,0.0,0.0,0.0
0.207937,0.204682,0.0519306,0.0,0.0,0.0,0.0
0.20685,0.204743,0.051565,0.0,0.0,0.0,0.0
0.206866,0.203479,0.0516982,0.0,0.0,0.0,0.0
0.21052,0.208507,0.0521619,0.0,0.0,0.0,0.0
0.209274,0.208511,0.0518825,0.0,0.0,0.0,0.0
0.209309,0.206562,0.0519055,0.0,0.0,0.0,0.0
0.210701,0.206629,0.0518269,0.0,0.0,0.0,0.0
0.210963,0.204675,0.051874,0.0,0.0,0.0,0.0
0.212128,0.20418,0.0519472,0.0,0.0,0.0,0.0
0.212506,0.204706,0.0525425,0.0,0.0,0.0,0.0
0.212512,0.206561,0.0529564,0.0,0.0,0.0,0.0
0.215599,0.19684,0.0518616,0.0,0.0,0.0,0.0
0.216879,0.196511,0.0519442,0.0,0.0,0.0,0.0
0.21721,0.19698,0.0526824,0.0,0.0,0.0,0.0
0.215222,0.198322,0.0520086,0.0,0.0,0.0,0.0
0.215571,0.194891,0.0518988,0.0,0.0,0.0,0.0
0.214077,0.194979,0.0518948,0.0,0.0,0.0,0.0
0.214006,0.19682,0.0518958,0.0,0.0,0.0,0.0
0.220377,0.19696,0.0529636,0.0,0.0,0.0,0.0
0.220458,0.195219,0.0529253,0.0,0.0,0.0,0.0
0.223001,0.198291,0.0537189,0.0,0.0,0.0,0.0
0.221889,0.198824,0.0533094,0.0,0.0,0.0,0.0
0.224018,0.197625,0.053915,0.0,0.0,0.0,0.0
0.225116,0.19711,0.0539439,0.0,0.0,0.0,0.0
0.222467,0.199565,0.0539396,0.0,0.0,0.0,0.0
0.220327,0.19881,0.0529204,0.0,0.0,0.0,0.0
0.213865,0.202775,0.0525489,0.0,0.0,0.0,0.0
0.2147,0.202851,0.0529595,0.0,0.0,0.0,0.0
0.215779,0.202814,0.0528987,0.0,0.0,0.0,0.0
0.2171,0.206568,0.0528956,0.0,0.0,0.0,0.0
0.215958,0.207003,0.0528936,0.0,0.0,0.0,0.0
0.217075,0.204564,0.0529253,0.0,0.0,0.0,0.0
0.217442,0.205182,0.052868,0.0,0.0,0.0,0.0
0.216838,0.208077,0.0528191,0.0,0.0,0.0,0.0
0.218175,0.206124,0.0529156,0.0,0.0,0.0,0.0
0.217195,0.202717,0.0529137,0.0,0.0,0.0,0.0
0.222021,0.200893,0.0538403,0.0,0.0,0.0,0.0
0.221993,0.202765,0.0538924,0.0,0.0,0.0,0.0
0.220371,0.204692,0.0538704,0.0,0.0,0.0,0.0
0.234476,0.195029,0.0539822,0.0,0.0,0.0,0.0
0.2313,0.196951,0.0538527,0.0,0.0,0.0,0.0
0.232811,0.196712,0.0540218,0.0,0.0,0.0,0.0
0.233849,0.196238,0.0546041,0.0,0.0,0.0,0.0
0.228067,0.20071,0.0543181,0.0,0.0,0.0,0.0
0.22767,0.202188,0.0544371,0.0,0.0,0.0,0.0
0.259483,0.200774,0.0509268,0.0,0.0,0.0,0.0
0.259285,0.199012,0.050896,0.0,0.0,0.0,0.0
0.256569,0.206589,0.0491999,0.0,0.0,0.0,0.0
0.256248,0.204762,0.0497549,0.0,0.0,0.0,0.0
0.255833,0.20279,0.0494783,0.0,0.0,0.0,0.0
0.255257,0.20214,0.0490379,0.0,0.0,0.0,0.0
0.255001,0.202712,0.0486522,0.0,0.0,0.0,0.0
0.254936,0.204601,0.0486656,0.0,0.0,0.0,0.0
0.259277,0.20275,0.0503633,0.0,0.0,0.0,0.0
0.25952,0.20253,0.0507368,0.0,0.0,0.0,0.0
0.257861,0.204656,0.0499034,0.0,0.0,0.0,0.0
0.256738,0.204109,0.0499256,0.0,0.0,0.0,0.0
0.25725,0.206675,0.0497935,0.0,0.0,0.0,0.0
0.257278,0.208503,0.0498042,0.0,0.0,0.0,0.0
0.259407,0.197455,0.0508962,0.0,0.0,0.0,0.0
0.259417,0.196617,0.0516352,0.0,0.0,0.0,0.0
0.258347,0.196242,0.0511999,0.0,0.0,0.0,0.0
0.257861,0.196838,0.0509201,0.0,0.0,0.0,0.0
0.259479,0.195487,0.05186,0.0,0.0,0.0,0.0
0.260847,0.195795,0.0519856,0.0,0.0,0.0,0.0
0.260839,0.19713,0.0519029,0.0,0.0,0.0,0.0
0.26181,0.19597,0.0519756,0.0,0.0,0.0,0.0
0.262411,0.197102,0.0518896,0.0,0.0,0.0,0.0
0.258305,0.194428,0.0520841,0.0,0.0,0.0,0.0
0.257797,0.19507,0.0518314,0.0,0.0,0.0,0.0
0.256392,0.192959,0.052367,0.0,0.0,0.0,0.0
0.256169,0.193649,0.0518034,0.0,0.0,0.0,0.0
0.256578,0.19464,0.0516266,0.0,0.0,0.0,0.0
0.257768,0.193639,0.0524769,0.0,0.0,0.0,0.0
0.264039,0.197407,0.0524906,0.0,0.0,0.0,0.0
0.264479,0.198408,0.0521179,0.0,0.0,0.0,0.0
0.265612,0.198877,0.0524787,0.0,0.0,0.0,0.0
0.266073,0.198252,0.052933,0.0,0.0,0.0,0.0
0.265625,0.196948,0.0529624,0.0,0.0,0.0,0.0
0.263474,0.197704,0.0519176,0.0,0.0,0.0,0.0
0.267245,0.196881,0.0531974,0.0,0.0,0.0,0.0
0.267232,0.198419,0.0529844,0.0,0.0,0.0,0.0
0.268648,0.197644,0.0534892,0.0,0.0,0.0,0.0
0.267247,0.204595,0.0518957,0.0,0.0,0.0,0.0
0.267149,0.202827,0.0518819,0.0,0.0,0.0,0.0
0.26554,0.202805,0.0519669,0.0,0.0,0.0,0.0
0.265913,0.204589,0.0516294,0.0,0.0,0.0,0.0
0.265187,0.204641,0.0508546,0.0,0.0,0.0,0.0
0.265591,0.206572,0.0508816,0.0,0.0,0.0,0.0
0.266178,0.205982,0.0511935,0.0,0.0,0.0,0.0
0.267161,0.206601,0.0517899,0.0,0.0,0.0,0.0
0.268324,0.200847,0.0524002,0.0,0.0,0.0,0.0
0.269033,0.202324,0.0525006,0.0,0.0,0.0,0.0
0.271881,0.202683,0.0529386,0.0,0.0,0.0,0.0
0.271971,0.200667,0.052846,0.0,0.0,0.0,0.0
0.272523,0.19997,0.0533081,0.0,0.0,0.0,0.0
0.270197,0.204804,0.0519141,0.0,0.0,0.0,0.0
0.270264,0.20662,0.0518889,0.0,0.0,0.0,0.0
0.271742,0.2067,0.0518563,0.0,0.0,0.0,0.0
0.270702,0.204238,0.0521079,0.0,0.0,0.0,0.0
0.270238,0.203262,0.0525832,0.0,0.0,0.0,0.0
0.203568,0.218249,0.0509637,0.0,0.0,0.0,0.0
0.202827,0.218238,0.0505183,0.0,0.0,0.0,0.0
0.202695,0.216808,0.0507023,0.0,0.0,0.0,0.0
0.206484,0.220117,0.0510776,0.0,0.0,0.0,0.0
0.204771,0.220146,0.050907,0.0,0.0,0.0,0.0
0.203673,0.220141,0.050915,0.0,0.0,0.0,0.0
0.202817,0.22011,0.0504299,0.0,0.0,0.0,0.0
0.201299,0.218106,0.0497999,0.0,0.0,0.0,0.0
0.200574,0.218036,0.049362,0.0,0.0,0.0,0.0
0.203967,0.223106,0.0507498,0.0,0.0,0.0,0.0
0.203907,0.221893,0.0506409,0.0,0.0,0.0,0.0
0.207894,0.212403,0.051882,0.0,0.0,0.0,0.0
0.207896,0.214347,0.051902,0.0,0.0,0.0,0.0
0.207906,0.216286,0.0518834,0.0,0.0,0.0,0.0
0.209244,0.214353,0.0519347,0.0,0.0,0.0,0.0
0.209256,0.216291,0.0518814,0.0,0.0,0.0,0.0
0.210981,0.210505,0.0527874,0.0,0.0,0.0,0.0
0.210506,0.210458,0.0520938,0.0,0.0,0.0,0.0
0.211232,0.208521,0.0529481,0.0,0.0,0.0,0.0
0.209258,0.21046,0.051886,0.0,0.0,0.0,0.0
0.210962,0.216286,0.0527532,0.0,0.0,0.0,0.0
0.210875,0.21435,0.0529207,0.0,0.0,0.0,0.0
0.212605,0.214313,0.0529034,0.0,0.0,0.0,0.0
0.212577,0.216255,0.052884,0.0,0.0,0.0,0.0
0.207898,0.210456,0.0518833,0.0,0.0,0.0,0.0
0.21014,0.214356,0.0527419,0.0,0.0,0.0,0.0
0.210488,0.21629,0.0520762,0.0,0.0,0.0,0.0
0.209268,0.218223,0.0518825,0.0,0.0,0.0,0.0
0.20792,0.218215,0.0518917,0.0,0.0,0.0,0.0
0.207934,0.220103,0.0519293,0.0,0.0,0.0,0.0
0.206855,0.220039,0.0515853,0.0,0.0,0.0,0.0
0.206732,0.218225,0.0519027,0.0,0.0,0.0,0.0
0.210711,0.222009,0.0518235,0.0,0.0,0.0,0.0
0.212506,0.22207,0.0529589,0.0,0.0,0.0,0.0
0.212562,0.223894,0.0523949,0.0,0.0,0.0,0.0
0.209451,0.223944,0.0518849,0.0,0.0,0.0,0.0
0.209339,0.222068,0.0519046,0.0,0.0,0.0,0.0
0.210505,0.218228,0.0520915,0.0,0.0,0.0,0.0
0.210984,0.218175,0.0527827,0.0,0.0,0.0,0.0
0.206925,0.221289,0.0515851,0.0,0.0,0.0,0.0
0.207891,0.222031,0.0517187,0.0,0.0,0.0,0.0
0.208226,0.223969,0.051919,0.0,0.0,0.0,0.0
0.216777,0.212265,0.0534708,0.0,0.0,0.0,0.0
0.217622,0.212325,0.0539696,0.0,0.0,0.0,0.0
0.214009,0.214356,0.052925,0.0,0.0,0.0,0.0
0.215619,0.214383,0.0532699,0.0,0.0,0.0,0.0
0.215163,0.214959,0.0529105,0.0,0.0,0.0,0.0
0.214412,0.214971,0.0528727,0.0,0.0,0.0,0.0
0.216619,0.213735,0.0537353,0.0,0.0,0.0,0.0
0.217254,0.214333,0.0539339,0.0,0.0,0.0,0.0
0.216259,0.215057,0.0539291,0.0,0.0,0.0,0.0
0.218827,0.212379,0.0539002,0.0,0.0,0.0,0.0
0.220295,0.212374,0.0539128,0.0,0.0,0.0,0.0
0.221852,0.216254,0.0539094,0.0,0.0,0.0,0.0
0.221836,0.214317,0.0539288,0.0,0.0,0.0,0.0
0.213926,0.218235,0.0529081,0.0,0.0,0.0,0.0
0.214387,0.217669,0.0528828,0.0,0.0,0.0,0.0
0.215298,0.218058,0.0528954,0.0,0.0,0.0,0.0
0.215513,0.219271,0.0528653,0.0,0.0,0.0,0.0
0.21725,0.22002,0.0531229,0.0,0.0,0.0,0.0
0.217149,0.222037,0.0529235,0.0,0.0,0.0,0.0
0.216181,0.217943,0.0531209,0.0,0.0,0.0,0.0
0.216823,0.218591,0.0535752,0.0,0.0,0.0,0.0
0.216391,0.217341,0.0538703,0.0,0.0,0.0,0.0
0.216285,0.216201,0.0539218,0.0,0.0,0.0,0.0
0.217748,0.21935,0.0539021,0.0,0.0,0.0,0.0
0.218822,0.219978,0.0539517,0.0,0.0,0.0,0.0
0.221854,0.218194,0.0539099,0.0,0.0,0.0,0.0
0.219854,0.224087,0.0535778,0.0,0.0,0.0,0.0
0.219747,0.22263,0.0537832,0.0,0.0,0.0,0.0
0.220351,0.222009,0.0538892,0.0,0.0,0.0,0.0
0.220351,0.220052,0.0539151,0.0,0.0,0.0,0.0
0.218675,0.222072,0.0533901,0.0,0.0,0.0,0.0
0.218306,0.220597,0.053579,0.0,0.0,0.0,0.0
0.257257,0.214187,0.0497794,0.0,0.0,0.0,0.0
0.257285,0.212359,0.0497886,0.0,0.0,0.0,0.0
0.260825,0.210446,0.0498294,0.0,0.0,0.0,0.0
0.257285,0.210431,0.049797,0.0,0.0,0.0,0.0
0.255169,0.22024,0.0498138,0.0,0.0,0.0,0.0
0.255372,0.218851,0.0496475,0.0,0.0,0.0,0.0
0.255135,0.218642,0.0492306,0.0,0.0,0.0,0.0
0.254668,0.220128,0.049282,0.0,0.0,0.0,0.0
0.253674,0.218281,0.0483121,0.0,0.0,0.0,0.0
0.253476,0.222488,0.0492927,0.0,0.0,0.0,0.0
0.254612,0.218116,0.0488829,0.0,0.0,0.0,0.0
0.253705,0.222703,0.0497856,0.0,0.0,0.0,0.0
0.268229,0.212466,0.0509041,0.0,0.0,0.0,0.0
0.268975,0.212404,0.0517131,0.0,0.0,0.0,0.0
0.271894,0.214306,0.0519026,0.0,0.0,0.0,0.0
0.271888,0.212363,0.0519018,0.0,0.0,0.0,0.0
0.270384,0.212353,0.0518908,0.0,0.0,0.0,0.0
0.270404,0.214304,0.0518897,0.0,0.0,0.0,0.0
0.273344,0.212383,0.051903,0.0,0.0,0.0,0.0
0.273281,0.210498,0.0518931,0.0,0.0,0.0,0.0
0.271873,0.210432,0.0518968,0.0,0.0,0.0,0.0
0.274241,0.2094,0.0518911,0.0,0.0,0.0,0.0
0.274354,0.210599,0.0519593,0.0,0.0,0.0,0.0
0.275359,0.212307,0.0519851,0.0,0.0,0.0,0.0
0.270346,0.210415,0.0518959,0.0,0.0,0.0,0.0
0.273409,0.214316,0.0518984,0.0,0.0,0.0,0.0
0.265186,0.223924,0.0508523,0.0,0.0,0.0,0.0
0.265909,0.224021,0.051624,0.0,0.0,0.0,0.0
0.266158,0.22264,0.0512337,0.0,0.0,0.0,0.0
0.26558,0.222039,0.050837,0.0,0.0,0.0,0.0
0.271894,0.218189,0.0519029,0.0,0.0,0.0,0.0
0.270345,0.218192,0.051894,0.0,0.0,0.0,0.0
0.270334,0.22013,0.0518998,0.0,0.0,0.0,0.0
0.271891,0.220128,0.0518987,0.0,0.0,0.0,0.0
0.271882,0.222064,0.0518991,0.0,0.0,0.0,0.0
0.273414,0.222046,0.0518957,0.0,0.0,0.0,0.0
0.27345,0.220122,0.0518993,0.0,0.0,0.0,0.0
0.274988,0.222035,0.0519145,0.0,0.0,0.0,0.0
0.273322,0.223922,0.0518942,0.0,0.0,0.0,0.0
0.273449,0.218187,0.0518997,0.0,0.0,0.0,0.0
0.270331,0.222072,0.0519003,0.0,0.0,0.0,0.0
0.279718,0.212345,0.052904,0.0,0.0,0.0,0.0
0.277075,0.216109,0.0527823,0.0,0.0,0.0,0.0
0.277003,0.21427,0.052754,0.0,0.0,0.0,0.0
0.27634,0.214287,0.0519863,0.0,0.0,0.0,0.0
0.276612,0.216164,0.0521868,0.0,0.0,0.0,0.0
0.278279,0.216183,0.0529189,0.0,0.0,0.0,0.0
0.278258,0.214277,0.0529192,0.0,0.0,0.0,0.0
0.275424,0.213755,0.0519449,0.0,0.0,0.0,0.0
0.276002,0.21246,0.0527378,0.0,0.0,0.0,0.0
0.27487,0.214357,0.0519114,0.0,0.0,0.0,0.0
0.274881,0.216315,0.0519174,0.0,0.0,0.0,0.0
0.27598,0.216334,0.0518279,0.0,0.0,0.0,0.0
0.28335,0.211768,0.0533962,0.0,0.0,0.0,0.0
0.277294,0.221061,0.0518985,0.0,0.0,0.0,0.0
0.277345,0.220066,0.0519629,0.0,0.0,0.0,0.0
0.276371,0.220036,0.0518815,0.0,0.0,0.0,0.0
0.276431,0.221364,0.0518591,0.0,0.0,0.0,0.0
0.278228,0.218166,0.0528462,0.0,0.0,0.0,0.0
0.277244,0.217531,0.0526179,0.0,0.0,0.0,0.0
0.277,0.21773,0.0521914,0.0,0.0,0.0,0.0
0.281266,0.22011,0.0529083,0.0,0.0,0.0,0.0
0.279756,0.220116,0.0528927,0.0,0.0,0.0,0.0
0.276403,0.218275,0.0518776,0.0,0.0,0.0,0.0
0.284333,0.218206,0.0529058,0.0,0.0,0.0,0.0
0.285887,0.218227,0.052878,0.0,0.0,0.0,0.0
0.285455,0.216895,0.0529687,0.0,0.0,0.0,0.0
0.28282,0.220103,0.0529073,0.0,0.0,0.0,0.0
0.207544,0.228162,0.0502539,0.0,0.0,0.0,0.0
0.208386,0.229123,0.0501094,0.0,0.0,0.0,0.0
0.209282,0.229968,0.0501274,0.0,0.0,0.0,0.0
0.20891,0.230362,0.0498408,0.0,0.0,0.0,0.0
0.207732,0.22987,0.0497056,0.0,0.0,0.0,0.0
0.207289,0.228517,0.049896,0.0,0.0,0.0,0.0
0.20957,0.227631,0.0509326,0.0,0.0,0.0,0.0
0.20953,0.229554,0.0507967,0.0,0.0,0.0,0.0
0.208578,0.228851,0.0506202,0.0,0.0,0.0,0.0
0.207906,0.2277,0.0509107,0.0,0.0,0.0,0.0
0.206886,0.227017,0.0507577,0.0,0.0,0.0,0.0
0.208914,0.226438,0.0514488,0.0,0.0,0.0,0.0
0.210029,0.230744,0.0508388,0.0,0.0,0.0,0.0
0.209767,0.231178,0.0504546,0.0,0.0,0.0,0.0
0.211813,0.232615,0.0500718,0.0,0.0,0.0,0.0
0.210822,0.232232,0.0498625,0.0,0.0,0.0,0.0
0.209384,0.231687,0.0496501,0.0,0.0,0.0,0.0
0.210574,0.228311,0.0512069,0.0,0.0,0.0,0.0
0.21243,0.233702,0.0496356,0.0,0.0,0.0,0.0
0.209412,0.225857,0.0519569,0.0,0.0,0.0,0.0
0.212479,0.227857,0.0519077,0.0,0.0,0.0,0.0
0.210971,0.22777,0.0518488,0.0,0.0,0.0,0.0
0.209923,0.227153,0.0516872,0.0,0.0,0.0,0.0
0.21139,0.229131,0.0519391,0.0,0.0,0.0,0.0
0.218351,0.236005,0.0512168,0.0,0.0,0.0,0.0
0.218154,0.23635,0.0508235,0.0,0.0,0.0,0.0
0.217364,0.236738,0.0494545,0.0,0.0,0.0,0.0
0.217364,0.236695,0.0487589,0.0,0.0,0.0,0.0
0.216225,0.236683,0.0487592,0.0,0.0,0.0,0.0
0.216194,0.236715,0.0494967,0.0,0.0,0.0,0.0
0.213589,0.234207,0.0498816,0.0,0.0,0.0,0.0
0.215338,0.235861,0.0495298,0.0,0.0,0.0,0.0
0.214223,0.234873,0.0493799,0.0,0.0,0.0,0.0
0.220333,0.236664,0.0487238,0.0,0.0,0.0,0.0
0.220318,0.236746,0.0495075,0.0,0.0,0.0,0.0
0.22187,0.236718,0.0502601,0.0,0.0,0.0,0.0
0.223478,0.236691,0.0502187,0.0,0.0,0.0,0.0
0.220348,0.23673,0.0502634,0.0,0.0,0.0,0.0
0.216868,0.230138,0.0526592,0.0,0.0,0.0,0.0
0.216657,0.230417,0.0521609,0.0,0.0,0.0,0.0
0.215555,0.229848,0.0518822,0.0,0.0,0.0,0.0
0.214943,0.228501,0.0524635,0.0,0.0,0.0,0.0
0.215219,0.227861,0.0529202,0.0,0.0,0.0,0.0
0.215583,0.231751,0.051892,0.0,0.0,0.0,0.0
0.214035,0.227868,0.0518148,0.0,0.0,0.0,0.0
0.213633,0.226418,0.0520922,0.0,0.0,0.0,0.0
0.215729,0.225852,0.0529034,0.0,0.0,0.0,0.0
0.217188,0.225912,0.0529163,0.0,0.0,0.0,0.0
0.217278,0.227777,0.0529092,0.0,0.0,0.0,0.0
0.215172,0.226397,0.0528555,0.0,0.0,0.0,0.0
0.217365,0.229526,0.0529417,0.0,0.0,0.0,0.0
0.220314,0.227788,0.0529283,0.0,0.0,0.0,0.0
0.219903,0.225938,0.053652,0.0,0.0,0.0,0.0
0.224974,0.229154,0.0539017,0.0,0.0,0.0,0.0
0.223529,0.228992,0.0540199,0.0,0.0,0.0,0.0
0.222592,0.228742,0.0537298,0.0,0.0,0.0,0.0
0.215636,0.233531,0.0518911,0.0,0.0,0.0,0.0
0.21875,0.235469,0.0518359,0.0,0.0,0.0,0.0
0.217195,0.234959,0.051925,0.0,0.0,0.0,0.0
0.216281,0.234619,0.0515989,0.0,0.0,0.0,0.0
0.214613,0.232878,0.0516266,0.0,0.0,0.0,0.0
0.220275,0.235508,0.0519488,0.0,0.0,0.0,0.0
0.220246,0.234053,0.0519822,0.0,0.0,0.0,0.0
0.224893,0.23697,0.0518134,0.0,0.0,0.0,0.0
0.223379,0.236685,0.0515364,0.0,0.0,0.0,0.0
0.223416,0.235751,0.0519012,0.0,0.0,0.0,0.0
0.224968,0.235752,0.0518162,0.0,0.0,0.0,0.0
0.219386,0.236594,0.0516914,0.0,0.0,0.0,0.0
0.220405,0.236624,0.0516159,0.0,0.0,0.0,0.0
0.229677,0.238372,0.0488995,0.0,0.0,0.0,0.0
0.229699,0.237866,0.04852,0.0,0.0,0.0,0.0
0.226432,0.237689,0.0502738,0.0,0.0,0.0,0.0
0.227754,0.238088,0.050254,0.0,0.0,0.0,0.0
0.23395,0.236943,0.0486097,0.0,0.0,0.0,0.0
0.232704,0.237066,0.0487782,0.0,0.0,0.0,0.0
0.232858,0.237623,0.0492599,0.0,0.0,0.0,0.0
0.234492,0.237301,0.0491439,0.0,0.0,0.0,0.0
0.234447,0.238054,0.0497748,0.0,0.0,0.0,0.0
0.235909,0.236934,0.0497084,0.0,0.0,0.0,0.0
0.234392,0.239439,0.0509329,0.0,0.0,0.0,0.0
0.228209,0.231529,0.0539422,0.0,0.0,0.0,0.0
0.227768,0.232076,0.0535529,0.0,0.0,0.0,0.0
0.226661,0.231598,0.0532114,0.0,0.0,0.0,0.0
0.227135,0.230987,0.0538922,0.0,0.0,0.0,0.0
0.226452,0.235959,0.0520104,0.0,0.0,0.0,0.0
0.226425,0.237136,0.0518899,0.0,0.0,0.0,0.0
0.229658,0.237085,0.0529499,0.0,0.0,0.0,0.0
0.228149,0.237469,0.0518749,0.0,0.0,0.0,0.0
0.228626,0.236859,0.0526182,0.0,0.0,0.0,0.0
0.228678,0.238742,0.0517942,0.0,0.0,0.0,0.0
0.228499,0.239029,0.0510976,0.0,0.0,0.0,0.0
0.228236,0.233046,0.0531915,0.0,0.0,0.0,0.0
0.228744,0.232735,0.0538394,0.0,0.0,0.0,0.0
0.234409,0.239396,0.0518651,0.0,0.0,0.0,0.0
0.234443,0.238734,0.0524296,0.0,0.0,0.0,0.0
0.235888,0.235028,0.053912,0.0,0.0,0.0,0.0
0.235992,0.233562,0.0539684,0.0,0.0,0.0,0.0
0.23748,0.234025,0.0541385,0.0,0.0,0.0,0.0
0.234355,0.232116,0.0541179,0.0,0.0,0.0,0.0
0.235456,0.232376,0.0545681,0.0,0.0,0.0,0.0
0.234372,0.233593,0.0539112,0.0,0.0,0.0,0.0
0.234428,0.234876,0.0539507,0.0,0.0,0.0,0.0
0.233394,0.238681,0.0525063,0.0,0.0,0.0,0.0
0.232773,0.235198,0.0534901,0.0,0.0,0.0,0.0
0.248377,0.229719,0.0494673,0.0,0.0,0.0,0.0
0.248934,0.228463,0.0490402,0.0,0.0,0.0,0.0
0.248476,0.22786,0.0486962,0.0,0.0,0.0,0.0
0.247434,0.228512,0.048336,0.0,0.0,0.0,0.0
0.2468,0.229678,0.0487835,0.0,0.0,0.0,0.0
0.247314,0.230243,0.0491076,0.0,0.0,0.0,0.0
0.244249,0.232414,0.049058,0.0,0.0,0.0,0.0
0.245424,0.232202,0.049194,0.0,0.0,0.0,0.0
0.245247,0.231174,0.0487665,0.0,0.0,0.0,0.0
0.240689,0.235206,0.0493064,0.0,0.0,0.0,0.0
0.240668,0.236029,0.0498346,0.0,0.0,0.0,0.0
0.242207,0.235967,0.0499794,0.0,0.0,0.0,0.0
0.24232,0.234138,0.0490359,0.0,0.0,0.0,0.0
0.241247,0.234373,0.048942,0.0,0.0,0.0,0.0
0.243815,0.235976,0.0507999,0.0,0.0,0.0,0.0
0.243815,0.23521,0.0499604,0.0,0.0,0.0,0.0
0.242704,0.236332,0.0504752,0.0,0.0,0.0,0.0
0.243652,0.233545,0.0494972,0.0,0.0,0.0,0.0
0.24416,0.234071,0.0499302,0.0,0.0,0.0,0.0
0.241008,0.234089,0.0485877,0.0,0.0,0.0,0.0
0.240155,0.234942,0.0486393,0.0,0.0,0.0,0.0
0.239184,0.236156,0.0498475,0.0,0.0,0.0,0.0
0.237999,0.236351,0.0497663,0.0,0.0,0.0,0.0
0.239206,0.237286,0.0499485,0.0,0.0,0.0,0.0
0.242189,0.233222,0.0487211,0.0,0.0,0.0,0.0
0.245358,0.233674,0.0499415,0.0,0.0,0.0,0.0
0.24583,0.232433,0.0497727,0.0,0.0,0.0,0.0
0.246945,0.233707,0.050158,0.0,0.0,0.0,0.0
0.246934,0.232176,0.0499645,0.0,0.0,0.0,0.0
0.245258,0.235791,0.0508931,0.0,0.0,0.0,0.0
0.247277,0.234141,0.0508245,0.0,0.0,0.0,0.0
0.237501,0.238808,0.0523428,0.0,0.0,0.0,0.0
0.239052,0.238756,0.0522885,0.0,0.0,0.0,0.0
0.240516,0.23863,0.0512909,0.0,0.0,0.0,0.0
0.240457,0.238811,0.0517774,0.0,0.0,0.0,0.0
0.240493,0.238757,0.0523014,0.0,0.0,0.0,0.0
0.242196,0.237666,0.0535393,0.0,0.0,0.0,0.0
0.24224,0.238385,0.0527952,0.0,0.0,0.0,0.0
0.240665,0.235633,0.0540051,0.0,0.0,0.0,0.0
0.242125,0.235905,0.0541651,0.0,0.0,0.0,0.0
0.241625,0.238835,0.0517217,0.0,0.0,0.0,0.0
0.241523,0.238642,0.0511502,0.0,0.0,0.0,0.0
0.241498,0.238761,0.0522934,0.0,0.0,0.0,0.0
0.24848,0.235871,0.0516458,0.0,0.0,0.0,0.0
0.247412,0.236256,0.0510631,0.0,0.0,0.0,0.0
0.246867,0.236972,0.0516547,0.0,0.0,0.0,0.0
0.245659,0.237784,0.0522321,0.0,0.0,0.0,0.0
0.245334,0.237771,0.0533751,0.0,0.0,0.0,0.0
0.245293,0.23716,0.0518035,0.0,0.0,0.0,0.0
0.261978,0.227204,0.050847,0.0,0.0,0.0,0.0
0.260878,0.227751,0.0508405,0.0,0.0,0.0,0.0
0.261399,0.228442,0.0511979,0.0,0.0,0.0,0.0
0.262466,0.227885,0.0517456,0.0,0.0,0.0,0.0
0.259337,0.227752,0.0509057,0.0,0.0,0.0,0.0
0.259345,0.229217,0.0509128,0.0,0.0,0.0,0.0
0.260354,0.229052,0.0509081,0.0,0.0,0.0,0.0
0.254631,0.233521,0.0518402,0.0,0.0,0.0,0.0
0.253143,0.233964,0.0516441,0.0,0.0,0.0,0.0
0.254711,0.235998,0.0522137,0.0,0.0,0.0,0.0
0.256282,0.235608,0.0522423,0.0,0.0,0.0,0.0
0.256271,0.233592,0.0518904,0.0,0.0,0.0,0.0
0.255116,0.236306,0.0528289,0.0,0.0,0.0,0.0
0.256315,0.236218,0.0528933,0.0,0.0,0.0,0.0
0.251586,0.233634,0.0509414,0.0,0.0,0.0,0.0
0.251954,0.234146,0.0515829,0.0,0.0,0.0,0.0
0.253109,0.233092,0.0509919,0.0,0.0,0.0,0.0
0.251485,0.235476,0.051802,0.0,0.0,0.0,0.0
0.249917,0.234852,0.051271,0.0,0.0,0.0,0.0
0.249921,0.235761,0.0517515,0.0,0.0,0.0,0.0
0.259331,0.233518,0.0518796,0.0,0.0,0.0,0.0
0.257769,0.233511,0.0518505,0.0,0.0,0.0,0.0
0.257729,0.23475,0.0519043,0.0,0.0,0.0,0.0
0.257795,0.235484,0.0522496,0.0,0.0,0.0,0.0
0.25931,0.235017,0.0525177,0.0,0.0,0.0,0.0
0.259804,0.234142,0.0520717,0.0,0.0,0.0,0.0
0.262905,0.234255,0.0528893,0.0,0.0,0.0,0.0
0.262413,0.233837,0.0524809,0.0,0.0,0.0,0.0
0.260985,0.234063,0.0520115,0.0,0.0,0.0,0.0
0.257825,0.236166,0.0528637,0.0,0.0,0.0,0.0
0.262408,0.232897,0.0518791,0.0,0.0,0.0,0.0
0.260953,0.233041,0.0519114,0.0,0.0,0.0,0.0
0.265612,0.229684,0.0518993,0.0,0.0,0.0,0.0
0.267137,0.229599,0.051907,0.0,0.0,0.0,0.0
0.26718,0.227853,0.0518962,0.0,0.0,0.0,0.0
0.265629,0.22789,0.0519003,0.0,0.0,0.0,0.0
0.26568,0.232094,0.0522492,0.0,0.0,0.0,0.0
0.267189,0.231619,0.0522838,0.0,0.0,0.0,0.0
0.267098,0.2309,0.0518533,0.0,0.0,0.0,0.0
0.265638,0.231075,0.0518788,0.0,0.0,0.0,0.0
0.265512,0.225824,0.0519501,0.0,0.0,0.0,0.0
0.264085,0.22796,0.0518937,0.0,0.0,0.0,0.0
0.263956,0.223866,0.0509254,0.0,0.0,0.0,0.0
0.267207,0.225949,0.0518962,0.0,0.0,0.0,0.0
0.264053,0.22977,0.0518934,0.0,0.0,0.0,0.0
0.268662,0.231149,0.0523588,0.0,0.0,0.0,0.0
0.266056,0.23239,0.052821,0.0,0.0,0.0,0.0
0.273289,0.225748,0.0519304,0.0,0.0,0.0,0.0
0.271813,0.225787,0.0518745,0.0,0.0,0.0,0.0
0.271805,0.227183,0.0519364,0.0,0.0,0.0,0.0
0.271891,0.22821,0.0520627,0.0,0.0,0.0,0.0
0.271904,0.230225,0.0528999,0.0,0.0,0.0,0.0
0.27191,0.231836,0.052914,0.0,0.0,0.0,0.0
0.270299,0.225891,0.0518966,0.0,0.0,0.0,0.0
0.270258,0.227765,0.0519106,0.0,0.0,0.0,0.0
0.270757,0.22841,0.052048,0.0,0.0,0.0,0.0
0.270723,0.230345,0.0529179,0.0,0.0,0.0,0.0
0.264087,0.234096,0.0529118,0.0,0.0,0.0,0.0
0.263951,0.233099,0.0524863,0.0,0.0,0.0,0.0
0.264483,0.232209,0.0520205,0.0,0.0,0.0,0.0
0.265602,0.23371,0.0529244,0.0,0.0,0.0,0.0
0.264019,0.231568,0.0518862,0.0,0.0,0.0,0.0
0.262447,0.231552,0.0518797,0.0,0.0,0.0,0.0
0.267195,0.235451,0.0528729,0.0,0.0,0.0,0.0
0.268719,0.235438,0.0528747,0.0,0.0,0.0,0.0
0.271873,0.233564,0.0529167,0.0,0.0,0.0,0.0
0.270322,0.235546,0.0528696,0.0,0.0,0.0,0.0
0.268723,0.23712,0.0538315,0.0,0.0,0.0,0.0
0.270246,0.237429,0.0539623,0.0,0.0,0.0,0.0
0.270786,0.236185,0.05343,0.0,0.0,0.0,0.0
0.279704,0.227876,0.0529042,0.0,0.0,0.0,0.0
0.281271,0.227877,0.0529041,0.0,0.0,0.0,0.0
0.278137,0.229802,0.0529052,0.0,0.0,0.0,0.0
0.282839,0.227877,0.0529045,0.0,0.0,0.0,0.0
0.284425,0.232107,0.0538424,0.0,0.0,0.0,0.0
0.285652,0.23137,0.053964,0.0,0.0,0.0,0.0
0.286161,0.230052,0.0536783,0.0,0.0,0.0,0.0
0.276521,0.235855,0.0539488,0.0,0.0,0.0,0.0
0.278442,0.233987,0.0538001,0.0,0.0,0.0,0.0
0.306168,0.266181,0.0538899,0.0,0.0,0.0,0.0
0.304666,0.266215,0.0538787,0.0,0.0,0.0,0.0
0.308918,0.269781,0.0528,0.0,0.0,0.0,0.0
0.30938,0.268487,0.0529613,0.0,0.0,0.0,0.0
0.307416,0.26613,0.0538576,0.0,0.0,0.0,0.0
0.313145,0.269506,0.0519468,0.0,0.0,0.0,0.0
0.314161,0.26936,0.0518904,0.0,0.0,0.0,0.0
0.318576,0.269433,0.0518805,0.0,0.0,0.0,0.0
0.317179,0.269334,0.0519017,0.0,0.0,0.0,0.0
0.318579,0.270656,0.0518894,0.0,0.0,0.0,0.0
0.319594,0.270573,0.0519137,0.0,0.0,0.0,0.0
0.294825,0.283554,0.0491419,0.0,0.0,0.0,0.0
0.295484,0.284363,0.0488098,0.0,0.0,0.0,0.0
0.294852,0.285477,0.0482888,0.0,0.0,0.0,0.0
0.295297,0.286012,0.0478777,0.0,0.0,0.0,0.0
0.293715,0.284492,0.0493255,0.0,0.0,0.0,0.0
0.293192,0.285438,0.0489444,0.0,0.0,0.0,0.0
0.293708,0.286036,0.0486382,0.0,0.0,0.0,0.0
0.295265,0.282109,0.0500876,0.0,0.0,0.0,0.0
0.29463,0.283255,0.0496253,0.0,0.0,0.0,0.0
0.296745,0.281646,0.0497794,0.0,0.0,0.0,0.0
0.293666,0.283615,0.0498163,0.0,0.0,0.0,0.0
0.296887,0.276037,0.0524644,0.0,0.0,0.0,0.0
0.297968,0.275723,0.0520149,0.0,0.0,0.0,0.0
0.296858,0.274308,0.0529646,0.0,0.0,0.0,0.0
0.296425,0.275686,0.0529276,0.0,0.0,0.0,0.0
0.292312,0.282259,0.0518148,0.0,0.0,0.0,0.0
0.291676,0.283494,0.0513331,0.0,0.0,0.0,0.0
0.293806,0.281902,0.0509873,0.0,0.0,0.0,0.0
0.293377,0.281654,0.0515145,0.0,0.0,0.0,0.0
0.292245,0.280709,0.0524884,0.0,0.0,0.0,0.0
0.291008,0.280289,0.053081,0.0,0.0,0.0,0.0
0.290245,0.282096,0.0531047,0.0,0.0,0.0,0.0
0.290924,0.282169,0.0523484,0.0,0.0,0.0,0.0
0.291756,0.281676,0.0520879,0.0,0.0,0.0,0.0
0.291185,0.278986,0.0532398,0.0,0.0,0.0,0.0
0.29089,0.278818,0.0538378,0.0,0.0,0.0,0.0
0.30313,0.279765,0.0498783,0.0,0.0,0.0,0.0
0.303117,0.280594,0.0496559,0.0,0.0,0.0,0.0
0.304576,0.280628,0.0495922,0.0,0.0,0.0,0.0
0.304687,0.279847,0.0498922,0.0,0.0,0.0,0.0
0.301571,0.280595,0.0496536,0.0,0.0,0.0,0.0
0.30157,0.280992,0.0490219,0.0,0.0,0.0,0.0
0.303115,0.280993,0.0490225,0.0,0.0,0.0,0.0
0.303116,0.282066,0.048888,0.0,0.0,0.0,0.0
0.306036,0.282443,0.0488623,0.0,0.0,0.0,0.0
0.304593,0.282097,0.0488714,0.0,0.0,0.0,0.0
0.30457,0.281045,0.0489534,0.0,0.0,0.0,0.0
0.306536,0.281826,0.0493311,0.0,0.0,0.0,0.0
0.305693,0.280975,0.0495231,0.0,0.0,0.0,0.0
0.305519,0.281272,0.0490436,0.0,0.0,0.0,0.0
0.307976,0.282043,0.0497355,0.0,0.0,0.0,0.0
0.306777,0.281522,0.0497794,0.0,0.0,0.0,0.0
0.309857,0.281592,0.0504946,0.0,0.0,0.0,0.0
0.30936,0.280203,0.0509101,0.0,0.0,0.0,0.0
0.308958,0.280803,0.0500384,0.0,0.0,0.0,0.0
0.309446,0.282138,0.0499247,0.0,0.0,0.0,0.0
0.307606,0.282613,0.0490387,0.0,0.0,0.0,0.0
0.309438,0.28407,0.0498915,0.0,0.0,0.0,0.0
0.309786,0.285537,0.0499411,0.0,0.0,0.0,0.0
0.306261,0.27501,0.0510432,0.0,0.0,0.0,0.0
0.306257,0.274285,0.0518768,0.0,0.0,0.0,0.0
0.304736,0.274347,0.0518316,0.0,0.0,0.0,0.0
0.304766,0.275033,0.0509675,0.0,0.0,0.0,0.0
0.303104,0.273032,0.051877,0.0,0.0,0.0,0.0
0.301658,0.273203,0.0519267,0.0,0.0,0.0,0.0
0.301602,0.274469,0.0519381,0.0,0.0,0.0,0.0
0.303215,0.274547,0.0519354,0.0,0.0,0.0,0.0
0.301643,0.272261,0.0525325,0.0,0.0,0.0,0.0
0.303087,0.272067,0.052163,0.0,0.0,0.0,0.0
0.303206,0.271158,0.0528156,0.0,0.0,0.0,0.0
0.304265,0.27198,0.0521984,0.0,0.0,0.0,0.0
0.30474,0.271073,0.0525328,0.0,0.0,0.0,0.0
0.304724,0.272533,0.0518574,0.0,0.0,0.0,0.0
0.305308,0.271448,0.0519102,0.0,0.0,0.0,0.0
0.302716,0.275773,0.0514853,0.0,0.0,0.0,0.0
0.303144,0.276298,0.0508975,0.0,0.0,0.0,0.0
0.307815,0.27501,0.0510415,0.0,0.0,0.0,0.0
0.307811,0.274175,0.0519162,0.0,0.0,0.0,0.0
0.309365,0.27502,0.0510375,0.0,0.0,0.0,0.0
0.309364,0.274223,0.0518993,0.0,0.0,0.0,0.0
0.310881,0.274278,0.0518711,0.0,0.0,0.0,0.0
0.310947,0.272492,0.0518964,0.0,0.0,0.0,0.0
0.309369,0.27251,0.0518981,0.0,0.0,0.0,0.0
0.307813,0.272531,0.0519234,0.0,0.0,0.0,0.0
0.306279,0.282145,0.0541349,0.0,0.0,0.0,0.0
0.305189,0.282694,0.0544849,0.0,0.0,0.0,0.0
0.309464,0.27878,0.0544291,0.0,0.0,0.0,0.0
0.309415,0.280329,0.0539075,0.0,0.0,0.0,0.0
0.307849,0.282182,0.0539118,0.0,0.0,0.0,0.0
0.307842,0.280262,0.0542592,0.0,0.0,0.0,0.0
0.308267,0.278835,0.0544,0.0,0.0,0.0,0.0
0.306739,0.280757,0.0546844,0.0,0.0,0.0,0.0
0.315619,0.276316,0.0518839,0.0,0.0,0.0,0.0
0.317081,0.276254,0.0518902,0.0,0.0,0.0,0.0
0.317087,0.274311,0.0518949,0.0,0.0,0.0,0.0
0.315637,0.27438,0.0518878,0.0,0.0,0.0,0.0
0.315646,0.272461,0.051915,0.0,0.0,0.0,0.0
0.31408,0.272464,0.0519143,0.0,0.0,0.0,0.0
0.314094,0.27436,0.0519151,0.0,0.0,0.0,0.0
0.31706,0.274257,0.0541605,0.0,0.0,0.0,0.0
0.319139,0.274484,0.0537083,0.0,0.0,0.0,0.0
0.31887,0.274335,0.0524948,0.0,0.0,0.0,0.0
0.319241,0.272876,0.0524967,0.0,0.0,0.0,0.0
0.315543,0.27826,0.0539193,0.0,0.0,0.0,0.0
0.314436,0.276788,0.0543017,0.0,0.0,0.0,0.0
0.315538,0.276264,0.0538939,0.0,0.0,0.0,0.0
0.317167,0.272439,0.0518882,0.0,0.0,0.0,0.0
0.318638,0.272365,0.0518657,0.0,0.0,0.0,0.0
0.318219,0.274242,0.051901,0.0,0.0,0.0,0.0
0.317911,0.276918,0.0535689,0.0,0.0,0.0,0.0
0.317079,0.276274,0.0539331,0.0,0.0,0.0,0.0
0.31607,0.274895,0.0545184,0.0,0.0,0.0,0.0
0.319872,0.27176,0.052512,0.0,0.0,0.0,0.0
0.319535,0.271562,0.0520179,0.0,0.0,0.0,0.0
0.316536,0.280012,0.0520097,0.0,0.0,0.0,0.0
0.315522,0.280061,0.0519196,0.0,0.0,0.0,0.0
0.316843,0.280035,0.0525982,0.0,0.0,0.0,0.0
0.315486,0.280083,0.0539429,0.0,0.0,0.0,0.0
0.314565,0.280174,0.0510677,0.0,0.0,0.0,0.0
0.312373,0.280165,0.0509104,0.0,0.0,0.0,0.0
0.316026,0.280652,0.0537398,0.0,0.0,0.0,0.0
0.3168,0.280115,0.0534161,0.0,0.0,0.0,0.0
0.315594,0.281628,0.0533752,0.0,0.0,0.0,0.0
0.28786,0.29759,0.0510811,0.0,0.0,0.0,0.0
0.288619,0.29815,0.0513312,0.0,0.0,0.0,0.0
0.288784,0.289509,0.0517659,0.0,0.0,0.0,0.0
0.288932,0.287864,0.0516688,0.0,0.0,0.0,0.0
0.287948,0.293151,0.0527189,0.0,0.0,0.0,0.0
0.28784,0.291871,0.0525032,0.0,0.0,0.0,0.0
0.288815,0.291707,0.0535387,0.0,0.0,0.0,0.0
0.29071,0.292984,0.0539853,0.0,0.0,0.0,0.0
0.289738,0.292764,0.0538592,0.0,0.0,0.0,0.0
0.293748,0.289901,0.0539131,0.0,0.0,0.0,0.0
0.295316,0.289897,0.0539137,0.0,0.0,0.0,0.0
0.296846,0.291638,0.0539124,0.0,0.0,0.0,0.0
0.298427,0.29171,0.0539075,0.0,0.0,0.0,0.0
0.298931,0.292437,0.0537094,0.0,0.0,0.0,0.0
0.298428,0.293805,0.0533071,0.0,0.0,0.0,0.0
0.29683,0.294064,0.0535247,0.0,0.0,0.0,0.0
0.297196,0.29436,0.0529734,0.0,0.0,0.0,0.0
0.298012,0.294353,0.0528858,0.0,0.0,0.0,0.0
0.290687,0.299897,0.0519223,0.0,0.0,0.0,0.0
0.289478,0.299454,0.0519124,0.0,0.0,0.0,0.0
0.288878,0.29756,0.0518309,0.0,0.0,0.0,0.0
0.290653,0.297585,0.0529743,0.0,0.0,0.0,0.0
0.290639,0.301509,0.0518894,0.0,0.0,0.0,0.0
0.290069,0.302048,0.0515589,0.0,0.0,0.0,0.0
0.290662,0.295754,0.0528946,0.0,0.0,0.0,0.0
0.287923,0.29691,0.0517777,0.0,0.0,0.0,0.0
0.291672,0.300199,0.0523566,0.0,0.0,0.0,0.0
0.292117,0.299566,0.0529327,0.0,0.0,0.0,0.0
0.2938,0.299378,0.0529212,0.0,0.0,0.0,0.0
0.29219,0.29608,0.0529872,0.0,0.0,0.0,0.0
0.292178,0.295269,0.0538047,0.0,0.0,0.0,0.0
0.293825,0.296123,0.0528974,0.0,0.0,0.0,0.0
0.297514,0.300824,0.0524269,0.0,0.0,0.0,0.0
0.296947,0.301543,0.0518588,0.0,0.0,0.0,0.0
0.296551,0.300247,0.0520628,0.0,0.0,0.0,0.0
0.298456,0.300815,0.0523845,0.0,0.0,0.0,0.0
0.296766,0.295417,0.0528705,0.0,0.0,0.0,0.0
0.297948,0.295324,0.052899,0.0,0.0,0.0,0.0
0.298437,0.295789,0.0529267,0.0,0.0,0.0,0.0
0.295329,0.299946,0.0529146,0.0,0.0,0.0,0.0
0.295514,0.297735,0.0529013,0.0,0.0,0.0,0.0
0.295715,0.300395,0.0523492,0.0,0.0,0.0,0.0
0.295318,0.295741,0.0528521,0.0,0.0,0.0,0.0
0.310518,0.291893,0.0488384,0.0,0.0,0.0,0.0
0.311335,0.291788,0.0489601,0.0,0.0,0.0,0.0
0.310874,0.289975,0.0494874,0.0,0.0,0.0,0.0
0.309954,0.289343,0.0490202,0.0,0.0,0.0,0.0
0.309488,0.289998,0.0488425,0.0,0.0,0.0,0.0
0.309513,0.291901,0.048838,0.0,0.0,0.0,0.0
0.310396,0.288015,0.0498353,0.0,0.0,0.0,0.0
0.309397,0.29766,0.0478484,0.0,0.0,0.0,0.0
0.310461,0.297738,0.0479567,0.0,0.0,0.0,0.0
0.310418,0.296449,0.0478838,0.0,0.0,0.0,0.0
0.309451,0.295728,0.0478941,0.0,0.0,0.0,0.0
0.311473,0.298199,0.0514691,0.0,0.0,0.0,0.0
0.312699,0.297618,0.0492149,0.0,0.0,0.0,0.0
0.306191,0.28913,0.0539143,0.0,0.0,0.0,0.0
0.30625,0.290105,0.0531378,0.0,0.0,0.0,0.0
0.304797,0.290455,0.0536874,0.0,0.0,0.0,0.0
0.304717,0.289309,0.0539215,0.0,0.0,0.0,0.0
0.301933,0.292305,0.0530057,0.0,0.0,0.0,0.0
0.301502,0.292074,0.0535527,0.0,0.0,0.0,0.0
0.302624,0.291302,0.0534577,0.0,0.0,0.0,0.0
0.30289,0.291928,0.0529287,0.0,0.0,0.0,0.0
0.303168,0.290794,0.052901,0.0,0.0,0.0,0.0
0.30336,0.290583,0.0530126,0.0,0.0,0.0,0.0
0.301623,0.293429,0.0528486,0.0,0.0,0.0,0.0
0.300679,0.293745,0.0528377,0.0,0.0,0.0,0.0
0.300337,0.293795,0.0529522,0.0,0.0,0.0,0.0
0.300099,0.292287,0.0536929,0.0,0.0,0.0,0.0
0.304819,0.291962,0.0529302,0.0,0.0,0.0,0.0
0.306798,0.290452,0.0528327,0.0,0.0,0.0,0.0
0.306779,0.291487,0.0529268,0.0,0.0,0.0,0.0
0.307758,0.289353,0.0533557,0.0,0.0,0.0,0.0
0.308243,0.288391,0.0537082,0.0,0.0,0.0,0.0
0.309844,0.28858,0.0529719,0.0,0.0,0.0,0.0
0.310537,0.293148,0.0527744,0.0,0.0,0.0,0.0
0.309931,0.294339,0.052236,0.0,0.0,0.0,0.0
0.306199,0.291983,0.0529183,0.0,0.0,0.0,0.0
0.306085,0.293776,0.0529104,0.0,0.0,0.0,0.0
0.303139,0.299961,0.0518855,0.0,0.0,0.0,0.0
0.303142,0.301618,0.051899,0.0,0.0,0.0,0.0
0.309744,0.295746,0.0520427,0.0,0.0,0.0,0.0
0.309326,0.297554,0.051902,0.0,0.0,0.0,0.0
0.307848,0.298008,0.0519384,0.0,0.0,0.0,0.0
0.306656,0.298131,0.0519618,0.0,0.0,0.0,0.0
0.306231,0.297556,0.0527226,0.0,0.0,0.0,0.0
0.306637,0.29613,0.0528712,0.0,0.0,0.0,0.0
0.310319,0.300718,0.0515121,0.0,0.0,0.0,0.0
0.309341,0.301379,0.0517835,0.0,0.0,0.0,0.0
0.309328,0.299536,0.0519001,0.0,0.0,0.0,0.0
0.310534,0.299521,0.051749,0.0,0.0,0.0,0.0
0.30963,0.301793,0.0510393,0.0,0.0,0.0,0.0
0.310966,0.297607,0.0518029,0.0,0.0,0.0,0.0
0.31403,0.289853,0.0516803,0.0,0.0,0.0,0.0
0.312436,0.289813,0.0529134,0.0,0.0,0.0,0.0
0.313682,0.289767,0.0525868,0.0,0.0,0.0,0.0
0.312534,0.29127,0.0526872,0.0,0.0,0.0,0.0
0.294233,0.308708,0.0495778,0.0,0.0,0.0,0.0
0.295316,0.309629,0.0495983,0.0,0.0,0.0,0.0
0.296934,0.309233,0.0509571,0.0,0.0,0.0,0.0
0.296412,0.309822,0.0505012,0.0,0.0,0.0,0.0
0.296846,0.307876,0.0517694,0.0,0.0,0.0,0.0
0.296237,0.310092,0.0500217,0.0,0.0,0.0,0.0
0.298086,0.31158,0.05048,0.0,0.0,0.0,0.0
0.297234,0.31075,0.0504217,0.0,0.0,0.0,0.0
0.297524,0.310415,0.0509001,0.0,0.0,0.0,0.0
0.299152,0.312119,0.0508143,0.0,0.0,0.0,0.0
0.298907,0.312485,0.0504156,0.0,0.0,0.0,0.0
0.300119,0.312277,0.0509022,0.0,0.0,0.0,0.0
0.291664,0.303945,0.0516025,0.0,0.0,0.0,0.0
0.292713,0.304581,0.0518931,0.0,0.0,0.0,0.0
0.292205,0.304901,0.0511922,0.0,0.0,0.0,0.0
0.293736,0.304817,0.0519774,0.0,0.0,0.0,0.0
0.29111,0.302775,0.0518742,0.0,0.0,0.0,0.0
0.290621,0.303349,0.0511754,0.0,0.0,0.0,0.0
0.296871,0.303485,0.0518964,0.0,0.0,0.0,0.0
0.300003,0.305235,0.0518972,0.0,0.0,0.0,0.0
0.298439,0.305249,0.0518992,0.0,0.0,0.0,0.0
0.295311,0.305325,0.0518921,0.0,0.0,0.0,0.0
0.306711,0.305472,0.0515688,0.0,0.0,0.0,0.0
0.307859,0.305447,0.0508389,0.0,0.0,0.0,0.0
0.308884,0.307262,0.0509098,0.0,0.0,0.0,0.0
0.309699,0.307341,0.0504106,0.0,0.0,0.0,0.0
0.308918,0.309104,0.0502329,0.0,0.0,0.0,0.0
0.309745,0.309247,0.0496697,0.0,0.0,0.0,0.0
0.30997,0.307844,0.049923,0.0,0.0,0.0,0.0
0.30931,0.305359,0.0509001,0.0,0.0,0.0,0.0
0.309822,0.305885,0.0505984,0.0,0.0,0.0,0.0
0.310899,0.307131,0.0487656,0.0,0.0,0.0,0.0
0.310626,0.307167,0.0495773,0.0,0.0,0.0,0.0
0.310182,0.309247,0.0477747,0.0,0.0,0.0,0.0
0.310267,0.309806,0.0488655,0.0,0.0,0.0,0.0
0.310896,0.308598,0.0487836,0.0,0.0,0.0,0.0
0.309967,0.307254,0.0475854,0.0,0.0,0.0,0.0
0.310707,0.308501,0.0495268,0.0,0.0,0.0,0.0
0.31067,0.305323,0.0504177,0.0,0.0,0.0,0.0
0.311329,0.303623,0.050558,0.0,0.0,0.0,0.0
0.309245,0.303328,0.0508462,0.0,0.0,0.0,0.0
0.303076,0.312856,0.0503085,0.0,0.0,0.0,0.0
0.304589,0.312572,0.0503629,0.0,0.0,0.0,0.0
0.30308,0.311007,0.0508737,0.0,0.0,0.0,0.0
0.306707,0.311843,0.0499416,0.0,0.0,0.0,0.0
0.303032,0.312261,0.0508605,0.0,0.0,0.0,0.0
0.304063,0.312179,0.0509189,0.0,0.0,0.0,0.0
0.30156,0.31231,0.0508694,0.0,0.0,0.0,0.0
0.307796,0.311643,0.0498278,0.0,0.0,0.0,0.0
0.308719,0.314892,0.0487311,0.0,0.0,0.0,0.0
0.307839,0.314573,0.0498735,0.0,0.0,0.0,0.0
0.30874,0.314242,0.0494182,0.0,0.0,0.0,0.0
0.308748,0.313012,0.0493546,0.0,0.0,0.0,0.0
0.307781,0.313156,0.0499048,0.0,0.0,0.0,0.0
0.308662,0.316252,0.0486184,0.0,0.0,0.0,0.0
0.308865,0.316883,0.0480569,0.0,0.0,0.0,0.0
0.305573,0.306507,0.0518238,0.0,0.0,0.0,0.0
0.304569,0.306592,0.0516847,0.0,0.0,0.0,0.0
0.304593,0.305178,0.0518837,0.0,0.0,0.0,0.0
0.305818,0.305285,0.051963,0.0,0.0,0.0,0.0
0.303134,0.303432,0.0518996,0.0,0.0,0.0,0.0
0.30157,0.305219,0.0518979,0.0,0.0,0.0,0.0
0.301579,0.306695,0.0519561,0.0,0.0,0.0,0.0
0.271865,0.198866,0.0548819,0.0,0.0,0.0,0.0
0.271913,0.199128,0.0538815,0.0,0.0,0.0,0.0
0.27404,0.199891,0.0548516,0.0,0.0,0.0,0.0
0.272901,0.199496,0.0548281,0.0,0.0,0.0,0.0
0.2813,0.205205,0.0539,0.0,0.0,0.0,0.0
0.281558,0.203961,0.0543337,0.0,0.0,0.0,0.0
0.280273,0.203954,0.0540649,0.0,0.0,0.0,0.0
0.279779,0.204663,0.0538667,0.0,0.0,0.0,0.0
0.27814,0.204708,0.053904,0.0,0.0,0.0,0.0
0.278634,0.20599,0.0534564,0.0,0.0,0.0,0.0
0.284387,0.206569,0.0546328,0.0,0.0,0.0,0.0
0.283381,0.205991,0.0541613,0.0,0.0,0.0,0.0
0.2839,0.207183,0.0538941,0.0,0.0,0.0,0.0
0.284419,0.208501,0.0539102,0.0,0.0,0.0,0.0
0.282858,0.205055,0.0546117,0.0,0.0,0.0,0.0
0.282325,0.205395,0.0539025,0.0,0.0,0.0,0.0
0.293699,0.220226,0.0538979,0.0,0.0,0.0,0.0
0.29416,0.219627,0.05444,0.0,0.0,0.0,0.0
0.293789,0.218151,0.0545287,0.0,0.0,0.0,0.0
0.292693,0.217618,0.0541247,0.0,0.0,0.0,0.0
0.29212,0.218296,0.0539563,0.0,0.0,0.0,0.0
0.292153,0.220176,0.0539185,0.0,0.0,0.0,0.0
0.257728,0.239697,0.054867,0.0,0.0,0.0,0.0
0.282814,0.239241,0.0539055,0.0,0.0,0.0,0.0
0.28281,0.24063,0.0542694,0.0,0.0,0.0,0.0
0.298414,0.243213,0.0539064,0.0,0.0,0.0,0.0
0.298416,0.244608,0.0541636,0.0,0.0,0.0,0.0
0.296904,0.243179,0.05392,0.0,0.0,0.0,0.0
0.29695,0.244586,0.054128,0.0,0.0,0.0,0.0
0.313491,0.249966,0.0539513,0.0,0.0,0.0,0.0
0.303182,0.318363,0.0488409,0.0,0.0,0.0,0.0
0.301057,0.317619,0.0486257,0.0,0.0,0.0,0.0
0.276651,0.290204,0.0167357,0.0,0.0,0.0,0.0
0.278146,0.289437,0.0168164,0.0,0.0,0.0,0.0
0.277685,0.287786,0.0163917,0.0,0.0,0.0,0.0
0.27847,0.28785,0.0168215,0.0,0.0,0.0,0.0
0.276573,0.289403,0.016192,0.0,0.0,0.0,0.0
0.276873,0.28829,0.0161951,0.0,0.0,0.0,0.0
0.276709,0.282093,0.0246863,0.0,0.0,0.0,0.0
0.276638,0.284014,0.0246722,0.0,0.0,0.0,0.0
0.275575,0.282042,0.0247331,0.0,0.0,0.0,0.0
0.278127,0.282138,0.0246989,0.0,0.0,0.0,0.0
0.278116,0.284046,0.0247082,0.0,0.0,0.0,0.0
0.284898,0.283445,0.0249018,0.0,0.0,0.0,0.0
0.285911,0.284557,0.0257574,0.0,0.0,0.0,0.0
0.28693,0.284768,0.0254836,0.0,0.0,0.0,0.0
0.28438,0.284115,0.0257171,0.0,0.0,0.0,0.0
0.276612,0.204609,0.0529242,0.0,0.0,0.0,0.0
0.277639,0.205281,0.0531721,0.0,0.0,0.0,0.0
0.276992,0.204149,0.0537067,0.0,0.0,0.0,0.0
0.269453,0.224946,0.0377464,0.0,0.0,0.0,0.0
0.268591,0.225286,0.0377194,0.0,0.0,0.0,0.0
0.26969,0.22777,0.0427049,0.0,0.0,0.0,0.0
0.270649,0.198443,0.0539798,0.0,0.0,0.0,0.0
0.269819,0.197554,0.0539653,0.0,0.0,0.0,0.0
0.268695,0.197044,0.053948,0.0,0.0,0.0,0.0
0.27911,0.287827,0.0175015,0.0,0.0,0.0,0.0
0.275585,0.280353,0.024705,0.0,0.0,0.0,0.0
0.276715,0.280378,0.0246941,0.0,0.0,0.0,0.0
0.278107,0.280395,0.0247046,0.0,0.0,0.0,0.0
0.279521,0.284058,0.0248429,0.0,0.0,0.0,0.0
0.280233,0.284082,0.0256676,0.0,0.0,0.0,0.0
0.28026,0.285244,0.0256474,0.0,0.0,0.0,0.0
0.281409,0.28416,0.0256859,0.0,0.0,0.0,0.0
0.279807,0.28229,0.0246438,0.0,0.0,0.0,0.0
0.280365,0.282947,0.0255217,0.0,0.0,0.0,0.0
0.279647,0.280353,0.0247106,0.0,0.0,0.0,0.0
0.280188,0.279708,0.0241288,0.0,0.0,0.0,0.0
0.282792,0.284202,0.0256896,0.0,0.0,0.0,0.0
0.283846,0.282872,0.0256927,0.0,0.0,0.0,0.0
0.284046,0.282535,0.0249044,0.0,0.0,0.0,0.0
0.282253,0.280913,0.0240123,0.0,0.0,0.0,0.0
0.210912,0.189084,0.0498244,0.0,0.0,0.0,0.0
0.210529,0.188566,0.0491339,0.0,0.0,0.0,0.0
0.207758,0.189502,0.0490605,0.0,0.0,0.0,0.0
0.207299,0.190553,0.0493114,0.0,0.0,0.0,0.0
0.207725,0.188672,0.0483737,0.0,0.0,0.0,0.0
0.208805,0.18835,0.0485728,0.0,0.0,0.0,0.0
0.209344,0.188764,0.0489233,0.0,0.0,0.0,0.0
0.209316,0.191024,0.0498805,0.0,0.0,0.0,0.0
0.209354,0.189686,0.0495313,0.0,0.0,0.0,0.0
0.210121,0.192066,0.0507308,0.0,0.0,0.0,0.0
0.209958,0.191742,0.0502269,0.0,0.0,0.0,0.0
0.210533,0.190528,0.0498461,0.0,0.0,0.0,0.0
0.27711,0.287839,0.0246633,0.0,0.0,0.0,0.0
0.301582,0.30302,0.0305928,0.0,0.0,0.0,0.0
0.250002,0.225937,0.0367844,0.0,0.0,0.0,0.0
0.251565,0.223999,0.0367844,0.0,0.0,0.0,0.0
0.250003,0.223999,0.036784,0.0,0.0,0.0,0.0
0.300752,0.316978,0.0365681,0.0,0.0,0.0,0.0
0.300834,0.318978,0.0360953,0.0,0.0,0.0,0.0
0.300847,0.316963,0.0360656,0.0,0.0,0.0,0.0
0.31286,0.318933,0.0367266,0.0,0.0,0.0,0.0
0.212596,0.195078,0.0428631,0.0,0.0,0.0,0.0
0.214152,0.193169,0.0428341,0.0,0.0,0.0,0.0
0.212077,0.194462,0.0430235,0.0,0.0,0.0,0.0
0.263909,0.195073,0.0417822,0.0,0.0,0.0,0.0
0.264319,0.196502,0.0417911,0.0,0.0,0.0,0.0
0.212564,0.223886,0.0428827,0.0,0.0,0.0,0.0
0.250707,0.194113,0.0482746,0.0,0.0,0.0,0.0
0.250678,0.194135,0.0485029,0.0,0.0,0.0,0.0
0.249959,0.193074,0.0488063,0.0,0.0,0.0,0.0
0.251092,0.194927,0.0488297,0.0,0.0,0.0,0.0
0.252028,0.196303,0.0486705,0.0,0.0,0.0,0.0
0.250431,0.224585,0.048414,0.0,0.0,0.0,0.0
0.249927,0.225874,0.0486754,0.0,0.0,0.0,0.0
0.287907,0.300685,0.0481436,0.0,0.0,0.0,0.0
0.287829,0.300859,0.0487809,0.0,0.0,0.0,0.0
0.288612,0.30188,0.0487591,0.0,0.0,0.0,0.0
0.288442,0.301551,0.0477987,0.0,0.0,0.0,0.0
0.226534,0.225982,0.0539064,0.0,0.0,0.0,0.0
0.299496,0.23958,0.0539864,0.0,0.0,0.0,0.0
0.300583,0.240892,0.0541061,0.0,0.0,0.0,0.0
0.300258,0.239514,0.0546605,0.0,0.0,0.0,0.0
0.289646,0.28587,0.0546487,0.0,0.0,0.0,0.0
0.289842,0.287038,0.0545414,0.0,0.0,0.0,0.0
0.289578,0.287857,0.0540461,0.0,0.0,0.0,0.0
0.289148,0.285965,0.0541,0.0,0.0,0.0,0.0
0.301578,0.285983,0.0540832,0.0,0.0,0.0,0.0
0.301581,0.288041,0.0539284,0.0,0.0,0.0,0.0
0.261048,0.2837,0.0119953,0.0,0.0,0.0,0.0
0.262276,0.284373,0.0117058,0.0,0.0,0.0,0.0
0.262433,0.283738,0.0110172,0.0,0.0,0.0,0.0
0.26198,0.282798,0.0106862,0.0,0.0,0.0,0.0
0.262308,0.284801,0.0125099,0.0,0.0,0.0,0.0
0.272785,0.272605,0.0122709,0.0,0.0,0.0,0.0
0.272752,0.271293,0.0127951,0.0,0.0,0.0,0.0
0.272781,0.271395,0.0122646,0.0,0.0,0.0,0.0
0.263491,0.284915,0.0122857,0.0,0.0,0.0,0.0
0.264158,0.285471,0.0127257,0.0,0.0,0.0,0.0
0.265544,0.286216,0.0124751,0.0,0.0,0.0,0.0
0.261978,0.284855,0.0133144,0.0,0.0,0.0,0.0
0.264076,0.285952,0.0134091,0.0,0.0,0.0,0.0
0.264548,0.285348,0.0188531,0.0,0.0,0.0,0.0
0.297768,0.303562,0.0241649,0.0,0.0,0.0,0.0
0.29785,0.301697,0.0248461,0.0,0.0,0.0,0.0
0.297739,0.302316,0.0241461,0.0,0.0,0.0,0.0
0.300865,0.317008,0.0354932,0.0,0.0,0.0,0.0
0.300778,0.314953,0.036026,0.0,0.0,0.0,0.0
0.300858,0.318907,0.0355222,0.0,0.0,0.0,0.0
0.300534,0.318835,0.034912,0.0,0.0,0.0,0.0
0.30052,0.317139,0.0349235,0.0,0.0,0.0,0.0
0.223398,0.190952,0.0418006,0.0,0.0,0.0,0.0
0.212513,0.206563,0.0418155,0.0,0.0,0.0,0.0
0.214041,0.206524,0.0418233,0.0,0.0,0.0,0.0
0.211026,0.210444,0.0417953,0.0,0.0,0.0,0.0
0.250006,0.22206,0.0367835,0.0,0.0,0.0,0.0
0.248442,0.224,0.0367836,0.0,0.0,0.0,0.0
0.301066,0.300954,0.0414545,0.0,0.0,0.0,0.0
0.3109,0.317085,0.0421067,0.0,0.0,0.0,0.0
0.311472,0.318936,0.0417308,0.0,0.0,0.0,0.0
0.310908,0.318932,0.0421928,0.0,0.0,0.0,0.0
0.224998,0.179639,0.047211,0.0,0.0,0.0,0.0
0.224987,0.180819,0.0485828,0.0,0.0,0.0,0.0
0.199709,0.208486,0.0471386,0.0,0.0,0.0,0.0
0.199707,0.206531,0.0471718,0.0,0.0,0.0,0.0
0.212528,0.222056,0.0426318,0.0,0.0,0.0,0.0
0.213494,0.222712,0.0420682,0.0,0.0,0.0,0.0
0.21407,0.222075,0.0418005,0.0,0.0,0.0,0.0
0.213021,0.221377,0.0418912,0.0,0.0,0.0,0.0
0.22497,0.237553,0.0471407,0.0,0.0,0.0,0.0
0.223373,0.237801,0.0479433,0.0,0.0,0.0,0.0
0.224969,0.23777,0.0479613,0.0,0.0,0.0,0.0
0.226535,0.237778,0.0479496,0.0,0.0,0.0,0.0
0.249034,0.226104,0.0477323,0.0,0.0,0.0,0.0
0.24916,0.226612,0.0481207,0.0,0.0,0.0,0.0
0.288564,0.299557,0.0476358,0.0,0.0,0.0,0.0
0.287956,0.299426,0.0481357,0.0,0.0,0.0,0.0
0.310771,0.316975,0.0428016,0.0,0.0,0.0,0.0
0.31053,0.318928,0.042864,0.0,0.0,0.0,0.0
0.225477,0.195511,0.0534142,0.0,0.0,0.0,0.0
0.226622,0.19471,0.0533557,0.0,0.0,0.0,0.0
0.226648,0.195641,0.0539763,0.0,0.0,0.0,0.0
0.225691,0.195899,0.0539128,0.0,0.0,0.0,0.0
0.261672,0.193986,0.0541478,0.0,0.0,0.0,0.0
0.260491,0.193637,0.054031,0.0,0.0,0.0,0.0
0.262737,0.194654,0.0540363,0.0,0.0,0.0,0.0
0.264192,0.195058,0.0539275,0.0,0.0,0.0,0.0
0.201877,0.221969,0.0480964,0.0,0.0,0.0,0.0
0.201664,0.223402,0.0488181,0.0,0.0,0.0,0.0
0.201892,0.223182,0.0480991,0.0,0.0,0.0,0.0
0.212667,0.210515,0.052891,0.0,0.0,0.0,0.0
0.212693,0.208664,0.0528899,0.0,0.0,0.0,0.0
0.286853,0.209436,0.0543013,0.0,0.0,0.0,0.0
0.285977,0.209063,0.0538996,0.0,0.0,0.0,0.0
0.285919,0.210532,0.0539634,0.0,0.0,0.0,0.0
0.224958,0.237749,0.0487573,0.0,0.0,0.0,0.0
0.262522,0.237942,0.053742,0.0,0.0,0.0,0.0
0.261012,0.237939,0.0537515,0.0,0.0,0.0,0.0
0.264065,0.237936,0.0537182,0.0,0.0,0.0,0.0
0.275003,0.237593,0.0539095,0.0,0.0,0.0,0.0
0.273446,0.237608,0.0538984,0.0,0.0,0.0,0.0
0.27657,0.23755,0.05391,0.0,0.0,0.0,0.0
0.287501,0.237519,0.0539134,0.0,0.0,0.0,0.0
0.28594,0.237501,0.0539088,0.0,0.0,0.0,0.0
0.289062,0.237534,0.0539123,0.0,0.0,0.0,0.0
0.298313,0.239572,0.0539047,0.0,0.0,0.0,0.0
0.298389,0.241444,0.0539143,0.0,0.0,0.0,0.0
0.31094,0.253065,0.0539238,0.0,0.0,0.0,0.0
0.310943,0.255006,0.0539311,0.0,0.0,0.0,0.0
0.31094,0.256942,0.0539127,0.0,0.0,0.0,0.0
0.288764,0.285947,0.0532841,0.0,0.0,0.0,0.0
0.289742,0.284273,0.0533327,0.0,0.0,0.0,0.0
0.289675,0.284297,0.0538981,0.0,0.0,0.0,0.0
0.287734,0.299394,0.048774,0.0,0.0,0.0,0.0
0.311069,0.299503,0.0487133,0.0,0.0,0.0,0.0
0.310518,0.299567,0.0479755,0.0,0.0,0.0,0.0
0.310567,0.301482,0.0480087,0.0,0.0,0.0,0.0
0.312387,0.287904,0.0528595,0.0,0.0,0.0,0.0
0.310979,0.288381,0.0528486,0.0,0.0,0.0,0.0
0.310582,0.303433,0.0480431,0.0,0.0,0.0,0.0
0.251168,0.238174,0.0540357,0.0,0.0,0.0,0.0
0.251533,0.237597,0.0547618,0.0,0.0,0.0,0.0
0.289758,0.28422,0.0544682,0.0,0.0,0.0,0.0
0.27485,0.276476,0.0141912,0.0,0.0,0.0,0.0
0.263839,0.28637,0.0140561,0.0,0.0,0.0,0.0
0.276577,0.291778,0.0210034,0.0,0.0,0.0,0.0
0.288961,0.293586,0.0206909,0.0,0.0,0.0,0.0
0.292124,0.288221,0.0270537,0.0,0.0,0.0,0.0
0.299784,0.303475,0.0262526,0.0,0.0,0.0,0.0
0.300381,0.303347,0.0267172,0.0,0.0,0.0,0.0
0.301542,0.317385,0.0267072,0.0,0.0,0.0,0.0
0.301488,0.316723,0.0260558,0.0,0.0,0.0,0.0
0.301046,0.319691,0.0270202,0.0,0.0,0.0,0.0
0.301559,0.318992,0.0266535,0.0,0.0,0.0,0.0
0.242181,0.194957,0.0388037,0.0,0.0,0.0,0.0
0.243745,0.19493,0.0388461,0.0,0.0,0.0,0.0
0.237473,0.200778,0.0387938,0.0,0.0,0.0,0.0
0.238995,0.200701,0.0388063,0.0,0.0,0.0,0.0
0.239072,0.198859,0.0387998,0.0,0.0,0.0,0.0
0.267263,0.192948,0.0390116,0.0,0.0,0.0,0.0
0.267305,0.194869,0.0388,0.0,0.0,0.0,0.0
0.231229,0.216254,0.0387922,0.0,0.0,0.0,0.0
0.231239,0.214307,0.0387988,0.0,0.0,0.0,0.0
0.229703,0.214311,0.0388001,0.0,0.0,0.0,0.0
0.229698,0.216256,0.0387993,0.0,0.0,0.0,0.0
0.231248,0.208496,0.0388,0.0,0.0,0.0,0.0
0.229775,0.208549,0.0387774,0.0,0.0,0.0,0.0
0.229718,0.210441,0.0387944,0.0,0.0,0.0,0.0
0.231249,0.210429,0.038799,0.0,0.0,0.0,0.0
0.22674,0.216251,0.03875,0.0,0.0,0.0,0.0
0.226737,0.214324,0.03875,0.0,0.0,0.0,0.0
0.225225,0.214338,0.0397676,0.0,0.0,0.0,0.0
0.225265,0.216249,0.0397491,0.0,0.0,0.0,0.0
0.262564,0.210041,0.038899,0.0,0.0,0.0,0.0
0.26392,0.209904,0.0383063,0.0,0.0,0.0,0.0
0.264089,0.208423,0.0388449,0.0,0.0,0.0,0.0
0.262455,0.210714,0.0384114,0.0,0.0,0.0,0.0
0.264004,0.210872,0.0377367,0.0,0.0,0.0,0.0
0.267241,0.215081,0.0367804,0.0,0.0,0.0,0.0
0.267207,0.21647,0.0367782,0.0,0.0,0.0,0.0
0.268609,0.216472,0.0367885,0.0,0.0,0.0,0.0
0.268646,0.20847,0.0388576,0.0,0.0,0.0,0.0
0.267118,0.210316,0.0387832,0.0,0.0,0.0,0.0
0.26865,0.210356,0.0388515,0.0,0.0,0.0,0.0
0.231116,0.224002,0.038792,0.0,0.0,0.0,0.0
0.229687,0.22399,0.038814,0.0,0.0,0.0,0.0
0.229747,0.225874,0.0387737,0.0,0.0,0.0,0.0
0.231149,0.22593,0.038801,0.0,0.0,0.0,0.0
0.242373,0.224022,0.0367967,0.0,0.0,0.0,0.0
0.242278,0.225911,0.0367776,0.0,0.0,0.0,0.0
0.243798,0.225935,0.0367784,0.0,0.0,0.0,0.0
0.243781,0.224019,0.0367783,0.0,0.0,0.0,0.0
0.254687,0.224005,0.0367838,0.0,0.0,0.0,0.0
0.256249,0.225941,0.0367822,0.0,0.0,0.0,0.0
0.256244,0.224015,0.0367828,0.0,0.0,0.0,0.0
0.251557,0.231731,0.0367808,0.0,0.0,0.0,0.0
0.249998,0.22981,0.0367836,0.0,0.0,0.0,0.0
0.249997,0.23173,0.0367832,0.0,0.0,0.0,0.0
0.256248,0.229806,0.0367809,0.0,0.0,0.0,0.0
0.254684,0.231733,0.0367791,0.0,0.0,0.0,0.0
0.256248,0.231736,0.0367797,0.0,0.0,0.0,0.0
0.267237,0.229832,0.0387977,0.0,0.0,0.0,0.0
0.313532,0.307254,0.0359546,0.0,0.0,0.0,0.0
0.312584,0.302821,0.0384615,0.0,0.0,0.0,0.0
0.301681,0.322727,0.0359918,0.0,0.0,0.0,0.0
0.301822,0.324737,0.0381961,0.0,0.0,0.0,0.0
0.312355,0.322804,0.0367495,0.0,0.0,0.0,0.0
0.312809,0.318936,0.0382661,0.0,0.0,0.0,0.0
0.311759,0.322733,0.0383099,0.0,0.0,0.0,0.0
0.226643,0.185911,0.041928,0.0,0.0,0.0,0.0
0.226621,0.185138,0.0427933,0.0,0.0,0.0,0.0
0.225125,0.185488,0.0429025,0.0,0.0,0.0,0.0
0.2246,0.186636,0.0424228,0.0,0.0,0.0,0.0
0.225011,0.187242,0.0418036,0.0,0.0,0.0,0.0
0.226607,0.18734,0.0418232,0.0,0.0,0.0,0.0
0.231236,0.185852,0.0418128,0.0,0.0,0.0,0.0
0.231237,0.184829,0.042246,0.0,0.0,0.0,0.0
0.229703,0.185102,0.0428896,0.0,0.0,0.0,0.0
0.22968,0.185898,0.0420457,0.0,0.0,0.0,0.0
0.243756,0.18565,0.0417554,0.0,0.0,0.0,0.0
0.242209,0.184771,0.0422744,0.0,0.0,0.0,0.0
0.242191,0.185763,0.0417832,0.0,0.0,0.0,0.0
0.212977,0.201418,0.041921,0.0,0.0,0.0,0.0
0.21249,0.200742,0.042725,0.0,0.0,0.0,0.0
0.212458,0.198775,0.0428202,0.0,0.0,0.0,0.0
0.255168,0.230506,0.0426615,0.0,0.0,0.0,0.0
0.301629,0.291898,0.0448835,0.0,0.0,0.0,0.0
0.300008,0.291819,0.0448536,0.0,0.0,0.0,0.0
0.229637,0.18552,0.0502326,0.0,0.0,0.0,0.0
0.231155,0.185964,0.0500477,0.0,0.0,0.0,0.0
0.231651,0.186572,0.0505704,0.0,0.0,0.0,0.0
0.201708,0.208499,0.0504062,0.0,0.0,0.0,0.0
0.201875,0.216235,0.050538,0.0,0.0,0.0,0.0
0.267039,0.214307,0.050907,0.0,0.0,0.0,0.0
0.262333,0.210441,0.0508814,0.0,0.0,0.0,0.0
0.264097,0.210431,0.050879,0.0,0.0,0.0,0.0
0.264089,0.208487,0.0508793,0.0,0.0,0.0,0.0
0.264058,0.216268,0.0508827,0.0,0.0,0.0,0.0
0.264078,0.214325,0.0508808,0.0,0.0,0.0,0.0
0.256248,0.229729,0.0509018,0.0,0.0,0.0,0.0
0.254663,0.229759,0.0508934,0.0,0.0,0.0,0.0
0.262503,0.223973,0.0508869,0.0,0.0,0.0,0.0
0.229719,0.239521,0.050069,0.0,0.0,0.0,0.0
0.306233,0.278042,0.0509511,0.0,0.0,0.0,0.0
0.304692,0.278064,0.0509413,0.0,0.0,0.0,0.0
0.306268,0.276385,0.0508965,0.0,0.0,0.0,0.0
0.304733,0.276373,0.0508922,0.0,0.0,0.0,0.0
0.301612,0.278088,0.0509439,0.0,0.0,0.0,0.0
0.293171,0.287287,0.0481365,0.0,0.0,0.0,0.0
0.292112,0.288438,0.0479251,0.0,0.0,0.0,0.0
0.292136,0.289566,0.0477144,0.0,0.0,0.0,0.0
0.287987,0.294472,0.0479535,0.0,0.0,0.0,0.0
0.312857,0.287852,0.0505176,0.0,0.0,0.0,0.0
0.290284,0.303785,0.0503708,0.0,0.0,0.0,0.0
0.229731,0.195081,0.0539075,0.0,0.0,0.0,0.0
0.22973,0.193679,0.0539633,0.0,0.0,0.0,0.0
0.226563,0.198838,0.0539124,0.0,0.0,0.0,0.0
0.229787,0.229683,0.0538426,0.0,0.0,0.0,0.0
0.301589,0.263314,0.0539188,0.0,0.0,0.0,0.0
0.301535,0.262344,0.0546377,0.0,0.0,0.0,0.0
0.300031,0.262719,0.0546251,0.0,0.0,0.0,0.0
0.299448,0.263988,0.0540461,0.0,0.0,0.0,0.0
0.300008,0.264759,0.0539075,0.0,0.0,0.0,0.0
0.301602,0.264762,0.0539093,0.0,0.0,0.0,0.0
0.317112,0.256605,0.0546446,0.0,0.0,0.0,0.0
0.293689,0.270467,0.054541,0.0,0.0,0.0,0.0
0.293285,0.271921,0.0542879,0.0,0.0,0.0,0.0
0.293763,0.272456,0.0538361,0.0,0.0,0.0,0.0
0.295335,0.272457,0.0539157,0.0,0.0,0.0,0.0
0.295301,0.270487,0.0539397,0.0,0.0,0.0,0.0
0.294719,0.269877,0.0540572,0.0,0.0,0.0,0.0
0.292412,0.272433,0.0548311,0.0,0.0,0.0,0.0
0.304692,0.287839,0.0539187,0.0,0.0,0.0,0.0
0.260901,0.257379,0.00929141,0.0,0.0,0.0,0.0
0.2625,0.256977,0.00938895,0.0,0.0,0.0,0.0
0.262535,0.258675,0.00992704,0.0,0.0,0.0,0.0
0.260985,0.258686,0.00985118,0.0,0.0,0.0,0.0
0.260444,0.258301,0.00954189,0.0,0.0,0.0,0.0
0.26093,0.262272,0.0116475,0.0,0.0,0.0,0.0
0.262515,0.26228,0.0116386,0.0,0.0,0.0,0.0
0.267874,0.262642,0.00954853,0.0,0.0,0.0,0.0
0.266949,0.260926,0.00883013,0.0,0.0,0.0,0.0
0.267344,0.262733,0.00877506,0.0,0.0,0.0,0.0
0.264061,0.256952,0.00936828,0.0,0.0,0.0,0.0
0.263946,0.257769,0.00958634,0.0,0.0,0.0,0.0
0.264033,0.258666,0.00994442,0.0,0.0,0.0,0.0
0.264107,0.26231,0.0116387,0.0,0.0,0.0,0.0
0.268055,0.263738,0.0116824,0.0,0.0,0.0,0.0
0.26722,0.262437,0.0115024,0.0,0.0,0.0,0.0
0.267437,0.276256,0.00958611,0.0,0.0,0.0,0.0
0.26711,0.27817,0.00950119,0.0,0.0,0.0,0.0
0.267868,0.271078,0.00908224,0.0,0.0,0.0,0.0
0.267791,0.272541,0.00911014,0.0,0.0,0.0,0.0
0.268828,0.272482,0.00956387,0.0,0.0,0.0,0.0
0.257381,0.272502,0.0177239,0.0,0.0,0.0,0.0
0.273661,0.278286,0.012616,0.0,0.0,0.0,0.0
0.2736,0.280087,0.012624,0.0,0.0,0.0,0.0
0.271871,0.280058,0.0116788,0.0,0.0,0.0,0.0
0.279977,0.284128,0.0176816,0.0,0.0,0.0,0.0
0.26497,0.28696,0.0145699,0.0,0.0,0.0,0.0
0.270413,0.28579,0.0217598,0.0,0.0,0.0,0.0
0.281142,0.280589,0.0239837,0.0,0.0,0.0,0.0
0.271569,0.286293,0.0219177,0.0,0.0,0.0,0.0
0.286042,0.287932,0.0207825,0.0,0.0,0.0,0.0
0.28669,0.289227,0.0203622,0.0,0.0,0.0,0.0
0.297932,0.293976,0.026252,0.0,0.0,0.0,0.0
0.298677,0.293981,0.0268397,0.0,0.0,0.0,0.0
0.295097,0.295553,0.0245537,0.0,0.0,0.0,0.0
0.295757,0.29554,0.0252137,0.0,0.0,0.0,0.0
0.298495,0.295693,0.0259599,0.0,0.0,0.0,0.0
0.299078,0.293331,0.0275527,0.0,0.0,0.0,0.0
0.299463,0.307447,0.0247877,0.0,0.0,0.0,0.0
0.298506,0.307396,0.023882,0.0,0.0,0.0,0.0
0.298327,0.309128,0.0247079,0.0,0.0,0.0,0.0
0.295339,0.307283,0.0245852,0.0,0.0,0.0,0.0
0.295312,0.306692,0.0239659,0.0,0.0,0.0,0.0
0.293878,0.309153,0.0293861,0.0,0.0,0.0,0.0
0.293867,0.30734,0.0293821,0.0,0.0,0.0,0.0
0.295606,0.309233,0.0299388,0.0,0.0,0.0,0.0
0.295335,0.311087,0.0297743,0.0,0.0,0.0,0.0
0.304062,0.307483,0.0294281,0.0,0.0,0.0,0.0
0.30472,0.309282,0.0291052,0.0,0.0,0.0,0.0
0.30498,0.317103,0.0273961,0.0,0.0,0.0,0.0
0.304322,0.317101,0.0267104,0.0,0.0,0.0,0.0
0.304264,0.318806,0.0267211,0.0,0.0,0.0,0.0
0.304957,0.318905,0.0273862,0.0,0.0,0.0,0.0
0.30166,0.311241,0.0330518,0.0,0.0,0.0,0.0
0.301095,0.311141,0.0326114,0.0,0.0,0.0,0.0
0.301515,0.309709,0.0323567,0.0,0.0,0.0,0.0
0.30197,0.309881,0.0330706,0.0,0.0,0.0,0.0
0.31145,0.31662,0.0336021,0.0,0.0,0.0,0.0
0.310655,0.315045,0.0329917,0.0,0.0,0.0,0.0
0.311067,0.317001,0.0327963,0.0,0.0,0.0,0.0
0.299787,0.318955,0.0338843,0.0,0.0,0.0,0.0
0.311284,0.318931,0.0327376,0.0,0.0,0.0,0.0
0.310662,0.31755,0.03195,0.0,0.0,0.0,0.0
0.306324,0.330315,0.0306504,0.0,0.0,0.0,0.0
0.307809,0.330839,0.0305213,0.0,0.0,0.0,0.0
0.307712,0.329979,0.0296807,0.0,0.0,0.0,0.0
0.301559,0.326669,0.0337861,0.0,0.0,0.0,0.0
0.301284,0.326851,0.0330306,0.0,0.0,0.0,0.0
0.307123,0.335242,0.0357007,0.0,0.0,0.0,0.0
0.306261,0.334707,0.0353919,0.0,0.0,0.0,0.0
0.220259,0.192982,0.0418178,0.0,0.0,0.0,0.0
0.229685,0.187318,0.0418253,0.0,0.0,0.0,0.0
0.231244,0.187313,0.041819,0.0,0.0,0.0,0.0
0.232807,0.187311,0.0418295,0.0,0.0,0.0,0.0
0.232805,0.185861,0.0418584,0.0,0.0,0.0,0.0
0.245311,0.191038,0.0388026,0.0,0.0,0.0,0.0
0.239079,0.19318,0.0397971,0.0,0.0,0.0,0.0
0.237538,0.193206,0.0397578,0.0,0.0,0.0,0.0
0.237499,0.187216,0.0418196,0.0,0.0,0.0,0.0
0.239058,0.187202,0.0418196,0.0,0.0,0.0,0.0
0.248516,0.186421,0.0417859,0.0,0.0,0.0,0.0
0.250043,0.1867,0.0412713,0.0,0.0,0.0,0.0
0.250147,0.186696,0.0419603,0.0,0.0,0.0,0.0
0.249887,0.186659,0.0395193,0.0,0.0,0.0,0.0
0.248391,0.187717,0.0387467,0.0,0.0,0.0,0.0
0.249955,0.18758,0.0387807,0.0,0.0,0.0,0.0
0.245299,0.186585,0.0415544,0.0,0.0,0.0,0.0
0.256246,0.185828,0.0390398,0.0,0.0,0.0,0.0
0.2547,0.185822,0.0390421,0.0,0.0,0.0,0.0
0.254686,0.187076,0.0387652,0.0,0.0,0.0,0.0
0.256236,0.187078,0.0387644,0.0,0.0,0.0,0.0
0.257801,0.187089,0.0388122,0.0,0.0,0.0,0.0
0.25781,0.185822,0.0390223,0.0,0.0,0.0,0.0
0.262439,0.185851,0.0389644,0.0,0.0,0.0,0.0
0.260954,0.185832,0.0390159,0.0,0.0,0.0,0.0
0.260962,0.187131,0.0387772,0.0,0.0,0.0,0.0
0.262513,0.18722,0.0387783,0.0,0.0,0.0,0.0
0.256256,0.185596,0.0397414,0.0,0.0,0.0,0.0
0.254715,0.185593,0.039747,0.0,0.0,0.0,0.0
0.257821,0.185598,0.0397357,0.0,0.0,0.0,0.0
0.26239,0.185581,0.0397384,0.0,0.0,0.0,0.0
0.260954,0.185594,0.0397366,0.0,0.0,0.0,0.0
0.251542,0.187497,0.041955,0.0,0.0,0.0,0.0
0.252102,0.185664,0.0396893,0.0,0.0,0.0,0.0
0.251154,0.186399,0.0396116,0.0,0.0,0.0,0.0
0.25158,0.187059,0.0388433,0.0,0.0,0.0,0.0
0.252214,0.185919,0.0390335,0.0,0.0,0.0,0.0
0.268611,0.193392,0.0397827,0.0,0.0,0.0,0.0
0.267591,0.192537,0.0397741,0.0,0.0,0.0,0.0
0.266691,0.19101,0.0391777,0.0,0.0,0.0,0.0
0.220279,0.194958,0.0418304,0.0,0.0,0.0,0.0
0.214082,0.202731,0.0418316,0.0,0.0,0.0,0.0
0.218152,0.207692,0.0414065,0.0,0.0,0.0,0.0
0.218303,0.207993,0.0409147,0.0,0.0,0.0,0.0
0.217113,0.208017,0.0418751,0.0,0.0,0.0,0.0
0.217176,0.208728,0.041297,0.0,0.0,0.0,0.0
0.21713,0.206396,0.0418069,0.0,0.0,0.0,0.0
0.217148,0.202673,0.0418217,0.0,0.0,0.0,0.0
0.218647,0.202678,0.0418084,0.0,0.0,0.0,0.0
0.220036,0.202633,0.0418661,0.0,0.0,0.0,0.0
0.220751,0.202582,0.0413021,0.0,0.0,0.0,0.0
0.23592,0.200865,0.0388105,0.0,0.0,0.0,0.0
0.231265,0.206577,0.0387986,0.0,0.0,0.0,0.0
0.231768,0.201474,0.0389878,0.0,0.0,0.0,0.0
0.231287,0.202793,0.0387806,0.0,0.0,0.0,0.0
0.232839,0.202765,0.0388171,0.0,0.0,0.0,0.0
0.235894,0.206539,0.0388062,0.0,0.0,0.0,0.0
0.235852,0.208467,0.0388107,0.0,0.0,0.0,0.0
0.235908,0.202685,0.0387993,0.0,0.0,0.0,0.0
0.237443,0.202664,0.038797,0.0,0.0,0.0,0.0
0.232801,0.208487,0.0387991,0.0,0.0,0.0,0.0
0.232798,0.206557,0.0387965,0.0,0.0,0.0,0.0
0.23126,0.198947,0.0398107,0.0,0.0,0.0,0.0
0.229732,0.19897,0.0397862,0.0,0.0,0.0,0.0
0.2297,0.200808,0.0398062,0.0,0.0,0.0,0.0
0.231461,0.201046,0.0397185,0.0,0.0,0.0,0.0
0.232439,0.200334,0.0395358,0.0,0.0,0.0,0.0
0.236015,0.193833,0.0401,0.0,0.0,0.0,0.0
0.237479,0.194984,0.039802,0.0,0.0,0.0,0.0
0.230769,0.202199,0.0392833,0.0,0.0,0.0,0.0
0.231328,0.204697,0.0387989,0.0,0.0,0.0,0.0
0.226548,0.208431,0.0398207,0.0,0.0,0.0,0.0
0.225486,0.206585,0.0398389,0.0,0.0,0.0,0.0
0.225097,0.208547,0.0398411,0.0,0.0,0.0,0.0
0.243146,0.196693,0.0383284,0.0,0.0,0.0,0.0
0.243622,0.196826,0.0378202,0.0,0.0,0.0,0.0
0.239047,0.202714,0.0388127,0.0,0.0,0.0,0.0
0.239287,0.195244,0.039706,0.0,0.0,0.0,0.0
0.267137,0.202788,0.0387738,0.0,0.0,0.0,0.0
0.268734,0.20261,0.0388097,0.0,0.0,0.0,0.0
0.263653,0.207233,0.0384961,0.0,0.0,0.0,0.0
0.264017,0.206546,0.0378166,0.0,0.0,0.0,0.0
0.270229,0.202548,0.0388889,0.0,0.0,0.0,0.0
0.273786,0.208543,0.0385992,0.0,0.0,0.0,0.0
0.269749,0.208414,0.0382982,0.0,0.0,0.0,0.0
0.266759,0.193546,0.0413381,0.0,0.0,0.0,0.0
0.267361,0.194695,0.0412339,0.0,0.0,0.0,0.0
0.267009,0.195156,0.0418398,0.0,0.0,0.0,0.0
0.266463,0.193896,0.0417275,0.0,0.0,0.0,0.0
0.273567,0.200273,0.0415802,0.0,0.0,0.0,0.0
0.273725,0.202331,0.042519,0.0,0.0,0.0,0.0
0.273734,0.208511,0.0394095,0.0,0.0,0.0,0.0
0.211034,0.214276,0.0417928,0.0,0.0,0.0,0.0
0.212579,0.218143,0.0418274,0.0,0.0,0.0,0.0
0.215327,0.214339,0.0408006,0.0,0.0,0.0,0.0
0.225199,0.210608,0.0398181,0.0,0.0,0.0,0.0
0.223442,0.216256,0.0397974,0.0,0.0,0.0,0.0
0.225369,0.218163,0.0396968,0.0,0.0,0.0,0.0
0.226741,0.218148,0.0387509,0.0,0.0,0.0,0.0
0.232701,0.216213,0.0388476,0.0,0.0,0.0,0.0
0.232762,0.21429,0.0387816,0.0,0.0,0.0,0.0
0.232803,0.21042,0.0387992,0.0,0.0,0.0,0.0
0.229688,0.218198,0.0387993,0.0,0.0,0.0,0.0
0.231202,0.218193,0.0388032,0.0,0.0,0.0,0.0
0.231117,0.22207,0.0387938,0.0,0.0,0.0,0.0
0.22967,0.222067,0.038798,0.0,0.0,0.0,0.0
0.232752,0.218235,0.0387506,0.0,0.0,0.0,0.0
0.232387,0.224001,0.0386903,0.0,0.0,0.0,0.0
0.232391,0.222069,0.0386921,0.0,0.0,0.0,0.0
0.232892,0.223948,0.0380373,0.0,0.0,0.0,0.0
0.232898,0.222113,0.0380444,0.0,0.0,0.0,0.0
0.226573,0.210078,0.0396136,0.0,0.0,0.0,0.0
0.22662,0.21102,0.0387862,0.0,0.0,0.0,0.0
0.22576,0.211354,0.0392236,0.0,0.0,0.0,0.0
0.226413,0.222077,0.0397193,0.0,0.0,0.0,0.0
0.227034,0.222018,0.0389189,0.0,0.0,0.0,0.0
0.243824,0.222147,0.0367732,0.0,0.0,0.0,0.0
0.242325,0.222182,0.0368004,0.0,0.0,0.0,0.0
0.250055,0.218369,0.0367953,0.0,0.0,0.0,0.0
0.250094,0.216957,0.0369161,0.0,0.0,0.0,0.0
0.245323,0.22401,0.0367838,0.0,0.0,0.0,0.0
0.261585,0.209743,0.0385674,0.0,0.0,0.0,0.0
0.261414,0.209908,0.0381539,0.0,0.0,0.0,0.0
0.251564,0.216893,0.0367273,0.0,0.0,0.0,0.0
0.256196,0.222143,0.0367815,0.0,0.0,0.0,0.0
0.257788,0.224059,0.0367824,0.0,0.0,0.0,0.0
0.257771,0.222161,0.0368386,0.0,0.0,0.0,0.0
0.273601,0.210444,0.0387418,0.0,0.0,0.0,0.0
0.269705,0.209803,0.0384991,0.0,0.0,0.0,0.0
0.269965,0.210046,0.0380166,0.0,0.0,0.0,0.0
0.272909,0.214037,0.0391248,0.0,0.0,0.0,0.0
0.263069,0.218264,0.0367516,0.0,0.0,0.0,0.0
0.264143,0.21693,0.036967,0.0,0.0,0.0,0.0
0.263184,0.217136,0.0369168,0.0,0.0,0.0,0.0
0.268624,0.218233,0.036788,0.0,0.0,0.0,0.0
0.268615,0.221889,0.0367447,0.0,0.0,0.0,0.0
0.273932,0.210548,0.0395559,0.0,0.0,0.0,0.0
0.272859,0.216201,0.0418383,0.0,0.0,0.0,0.0
0.272819,0.218013,0.0419223,0.0,0.0,0.0,0.0
0.225105,0.225784,0.0398059,0.0,0.0,0.0,0.0
0.224998,0.229634,0.0412045,0.0,0.0,0.0,0.0
0.232433,0.225901,0.0386583,0.0,0.0,0.0,0.0
0.233136,0.225832,0.0379607,0.0,0.0,0.0,0.0
0.226104,0.230325,0.0409739,0.0,0.0,0.0,0.0
0.226956,0.231245,0.0410236,0.0,0.0,0.0,0.0
0.232155,0.230494,0.0391272,0.0,0.0,0.0,0.0
0.23264,0.229885,0.0387304,0.0,0.0,0.0,0.0
0.232522,0.231688,0.0396354,0.0,0.0,0.0,0.0
0.232195,0.232343,0.0398729,0.0,0.0,0.0,0.0
0.248445,0.231729,0.0367837,0.0,0.0,0.0,0.0
0.248484,0.233491,0.0368318,0.0,0.0,0.0,0.0
0.250005,0.233547,0.0367948,0.0,0.0,0.0,0.0
0.261969,0.229816,0.0367283,0.0,0.0,0.0,0.0
0.260773,0.231692,0.0367945,0.0,0.0,0.0,0.0
0.261932,0.231641,0.0367347,0.0,0.0,0.0,0.0
0.257809,0.231739,0.0367789,0.0,0.0,0.0,0.0
0.256246,0.233645,0.0367851,0.0,0.0,0.0,0.0
0.260798,0.233553,0.036785,0.0,0.0,0.0,0.0
0.261404,0.234186,0.0368528,0.0,0.0,0.0,0.0
0.262436,0.233573,0.0372942,0.0,0.0,0.0,0.0
0.262713,0.231641,0.0372621,0.0,0.0,0.0,0.0
0.310922,0.301303,0.0397477,0.0,0.0,0.0,0.0
0.311015,0.302693,0.0384508,0.0,0.0,0.0,0.0
0.307904,0.301489,0.0397203,0.0,0.0,0.0,0.0
0.306325,0.301544,0.0396844,0.0,0.0,0.0,0.0
0.299499,0.315103,0.0386483,0.0,0.0,0.0,0.0
0.298289,0.316982,0.0398441,0.0,0.0,0.0,0.0
0.299948,0.315098,0.0381213,0.0,0.0,0.0,0.0
0.300102,0.309391,0.0397767,0.0,0.0,0.0,0.0
0.299684,0.311194,0.0395374,0.0,0.0,0.0,0.0
0.300288,0.311246,0.0388915,0.0,0.0,0.0,0.0
0.301074,0.310684,0.0386751,0.0,0.0,0.0,0.0
0.301431,0.30921,0.0388219,0.0,0.0,0.0,0.0
0.30114,0.308792,0.0394647,0.0,0.0,0.0,0.0
0.307813,0.302717,0.0383797,0.0,0.0,0.0,0.0
0.299537,0.313142,0.03875,0.0,0.0,0.0,0.0
0.300145,0.313175,0.0380532,0.0,0.0,0.0,0.0
0.305714,0.302659,0.0391137,0.0,0.0,0.0,0.0
0.304718,0.303118,0.0395574,0.0,0.0,0.0,0.0
0.29807,0.318871,0.0395521,0.0,0.0,0.0,0.0
0.299038,0.323539,0.0411798,0.0,0.0,0.0,0.0
0.207783,0.192612,0.0447933,0.0,0.0,0.0,0.0
0.212494,0.185812,0.044972,0.0,0.0,0.0,0.0
0.212519,0.185021,0.0457006,0.0,0.0,0.0,0.0
0.211128,0.185999,0.0458936,0.0,0.0,0.0,0.0
0.21051,0.186708,0.0453065,0.0,0.0,0.0,0.0
0.210934,0.187239,0.0448312,0.0,0.0,0.0,0.0
0.212561,0.187277,0.0448448,0.0,0.0,0.0,0.0
0.207811,0.191047,0.0447755,0.0,0.0,0.0,0.0
0.214067,0.186844,0.0449479,0.0,0.0,0.0,0.0
0.223459,0.187057,0.0427131,0.0,0.0,0.0,0.0
0.223494,0.187812,0.0420337,0.0,0.0,0.0,0.0
0.213868,0.1831,0.0462896,0.0,0.0,0.0,0.0
0.211778,0.184324,0.046235,0.0,0.0,0.0,0.0
0.235942,0.184803,0.0422147,0.0,0.0,0.0,0.0
0.235929,0.187245,0.0418176,0.0,0.0,0.0,0.0
0.235957,0.182815,0.04302,0.0,0.0,0.0,0.0
0.232812,0.184952,0.0425359,0.0,0.0,0.0,0.0
0.248315,0.185674,0.0442275,0.0,0.0,0.0,0.0
0.248937,0.186397,0.0424236,0.0,0.0,0.0,0.0
0.248396,0.185702,0.0427113,0.0,0.0,0.0,0.0
0.246958,0.185181,0.0426031,0.0,0.0,0.0,0.0
0.246864,0.186518,0.0416119,0.0,0.0,0.0,0.0
0.242865,0.186381,0.0483078,0.0,0.0,0.0,0.0
0.242888,0.186376,0.0476466,0.0,0.0,0.0,0.0
0.243698,0.186959,0.047231,0.0,0.0,0.0,0.0
0.243797,0.187235,0.0480935,0.0,0.0,0.0,0.0
0.248808,0.1868,0.0458883,0.0,0.0,0.0,0.0
0.199822,0.202641,0.0471774,0.0,0.0,0.0,0.0
0.210908,0.200716,0.0428175,0.0,0.0,0.0,0.0
0.20147,0.208461,0.0448921,0.0,0.0,0.0,0.0
0.201531,0.206509,0.0448308,0.0,0.0,0.0,0.0
0.200277,0.20649,0.0457573,0.0,0.0,0.0,0.0
0.200419,0.208342,0.0456646,0.0,0.0,0.0,0.0
0.20122,0.208914,0.0455623,0.0,0.0,0.0,0.0
0.212182,0.202269,0.042749,0.0,0.0,0.0,0.0
0.201244,0.202292,0.0456984,0.0,0.0,0.0,0.0
0.20155,0.20275,0.0449906,0.0,0.0,0.0,0.0
0.20045,0.203306,0.0456408,0.0,0.0,0.0,0.0
0.200726,0.203581,0.0452129,0.0,0.0,0.0,0.0
0.256528,0.194991,0.0443941,0.0,0.0,0.0,0.0
0.254856,0.208511,0.0472684,0.0,0.0,0.0,0.0
0.207876,0.208501,0.0428208,0.0,0.0,0.0,0.0
0.205945,0.208508,0.0431264,0.0,0.0,0.0,0.0
0.205952,0.210402,0.0431392,0.0,0.0,0.0,0.0
0.206931,0.214197,0.0430019,0.0,0.0,0.0,0.0
0.199761,0.208459,0.0462684,0.0,0.0,0.0,0.0
0.201887,0.210448,0.0450377,0.0,0.0,0.0,0.0
0.20035,0.218122,0.0480023,0.0,0.0,0.0,0.0
0.201255,0.218184,0.047806,0.0,0.0,0.0,0.0
0.253811,0.218358,0.0461445,0.0,0.0,0.0,0.0
0.253855,0.21686,0.0461674,0.0,0.0,0.0,0.0
0.218952,0.229493,0.0427673,0.0,0.0,0.0,0.0
0.220272,0.229287,0.0418835,0.0,0.0,0.0,0.0
0.22033,0.227832,0.0418222,0.0,0.0,0.0,0.0
0.217362,0.236752,0.0481163,0.0,0.0,0.0,0.0
0.218765,0.236884,0.0480871,0.0,0.0,0.0,0.0
0.220301,0.237116,0.0480261,0.0,0.0,0.0,0.0
0.229752,0.236788,0.0450965,0.0,0.0,0.0,0.0
0.231264,0.236765,0.0450922,0.0,0.0,0.0,0.0
0.232804,0.23677,0.0450849,0.0,0.0,0.0,0.0
0.231182,0.236709,0.0472724,0.0,0.0,0.0,0.0
0.229709,0.237609,0.0479109,0.0,0.0,0.0,0.0
0.231148,0.236716,0.0480891,0.0,0.0,0.0,0.0
0.231242,0.236716,0.0457526,0.0,0.0,0.0,0.0
0.232627,0.236668,0.0480363,0.0,0.0,0.0,0.0
0.248746,0.230154,0.0444221,0.0,0.0,0.0,0.0
0.245376,0.230135,0.0479017,0.0,0.0,0.0,0.0
0.24574,0.230275,0.0484597,0.0,0.0,0.0,0.0
0.24548,0.229497,0.0471969,0.0,0.0,0.0,0.0
0.240601,0.233954,0.0458032,0.0,0.0,0.0,0.0
0.298459,0.293775,0.0448257,0.0,0.0,0.0,0.0
0.298041,0.295224,0.0448361,0.0,0.0,0.0,0.0
0.299615,0.291362,0.0455255,0.0,0.0,0.0,0.0
0.297922,0.293039,0.0450845,0.0,0.0,0.0,0.0
0.288015,0.295793,0.0481162,0.0,0.0,0.0,0.0
0.288665,0.295755,0.0475499,0.0,0.0,0.0,0.0
0.294823,0.295062,0.0451859,0.0,0.0,0.0,0.0
0.295333,0.295781,0.0448739,0.0,0.0,0.0,0.0
0.296869,0.295404,0.0447923,0.0,0.0,0.0,0.0
0.296812,0.293302,0.0453886,0.0,0.0,0.0,0.0
0.306237,0.29557,0.0426351,0.0,0.0,0.0,0.0
0.306127,0.294575,0.042814,0.0,0.0,0.0,0.0
0.306196,0.293866,0.0432159,0.0,0.0,0.0,0.0
0.304704,0.293891,0.0432065,0.0,0.0,0.0,0.0
0.306324,0.296245,0.0419044,0.0,0.0,0.0,0.0
0.30775,0.296192,0.0418603,0.0,0.0,0.0,0.0
0.304616,0.288175,0.0458257,0.0,0.0,0.0,0.0
0.294863,0.309234,0.0422757,0.0,0.0,0.0,0.0
0.295227,0.307379,0.0428114,0.0,0.0,0.0,0.0
0.294229,0.307311,0.0428902,0.0,0.0,0.0,0.0
0.294224,0.309241,0.0428964,0.0,0.0,0.0,0.0
0.29537,0.315104,0.044989,0.0,0.0,0.0,0.0
0.306146,0.322642,0.0459319,0.0,0.0,0.0,0.0
0.308191,0.32135,0.0459428,0.0,0.0,0.0,0.0
0.218779,0.186959,0.0503098,0.0,0.0,0.0,0.0
0.220333,0.186875,0.0505295,0.0,0.0,0.0,0.0
0.220341,0.189177,0.0510294,0.0,0.0,0.0,0.0
0.22342,0.186814,0.0505519,0.0,0.0,0.0,0.0
0.22493,0.186805,0.0505041,0.0,0.0,0.0,0.0
0.224977,0.187599,0.0511857,0.0,0.0,0.0,0.0
0.226067,0.186546,0.0508421,0.0,0.0,0.0,0.0
0.226577,0.185677,0.0504358,0.0,0.0,0.0,0.0
0.235942,0.187244,0.0511472,0.0,0.0,0.0,0.0
0.237546,0.186825,0.0506076,0.0,0.0,0.0,0.0
0.237499,0.187399,0.051066,0.0,0.0,0.0,0.0
0.23283,0.186768,0.0515642,0.0,0.0,0.0,0.0
0.23274,0.188607,0.0522738,0.0,0.0,0.0,0.0
0.237503,0.187703,0.0517011,0.0,0.0,0.0,0.0
0.242015,0.185524,0.0482221,0.0,0.0,0.0,0.0
0.243738,0.187603,0.0488741,0.0,0.0,0.0,0.0
0.239017,0.187712,0.0509859,0.0,0.0,0.0,0.0
0.239006,0.187643,0.051717,0.0,0.0,0.0,0.0
0.25454,0.193001,0.0520033,0.0,0.0,0.0,0.0
0.254642,0.193735,0.0513116,0.0,0.0,0.0,0.0
0.254663,0.195041,0.0509232,0.0,0.0,0.0,0.0
0.256227,0.195067,0.0510294,0.0,0.0,0.0,0.0
0.256429,0.192566,0.0542786,0.0,0.0,0.0,0.0
0.256616,0.192399,0.0531127,0.0,0.0,0.0,0.0
0.257905,0.193031,0.0531298,0.0,0.0,0.0,0.0
0.257975,0.192654,0.0541674,0.0,0.0,0.0,0.0
0.206306,0.195488,0.0502795,0.0,0.0,0.0,0.0
0.218879,0.198887,0.052914,0.0,0.0,0.0,0.0
0.218781,0.20076,0.0529344,0.0,0.0,0.0,0.0
0.217209,0.200765,0.0529078,0.0,0.0,0.0,0.0
0.220349,0.200797,0.0532813,0.0,0.0,0.0,0.0
0.218716,0.202666,0.0528526,0.0,0.0,0.0,0.0
0.219965,0.202647,0.0535029,0.0,0.0,0.0,0.0
0.260977,0.200787,0.0508926,0.0,0.0,0.0,0.0
0.254669,0.202709,0.0479848,0.0,0.0,0.0,0.0
0.254124,0.200859,0.0488787,0.0,0.0,0.0,0.0
0.260924,0.202755,0.0509244,0.0,0.0,0.0,0.0
0.262486,0.202745,0.0508776,0.0,0.0,0.0,0.0
0.26404,0.206561,0.0508811,0.0,0.0,0.0,0.0
0.263994,0.198952,0.0518689,0.0,0.0,0.0,0.0
0.268622,0.202901,0.0519357,0.0,0.0,0.0,0.0
0.267184,0.200384,0.0520464,0.0,0.0,0.0,0.0
0.267604,0.208407,0.0512867,0.0,0.0,0.0,0.0
0.265529,0.20854,0.0509063,0.0,0.0,0.0,0.0
0.266737,0.20852,0.0508565,0.0,0.0,0.0,0.0
0.268774,0.206545,0.0518702,0.0,0.0,0.0,0.0
0.268814,0.208448,0.0519537,0.0,0.0,0.0,0.0
0.270323,0.20849,0.0518916,0.0,0.0,0.0,0.0
0.200088,0.218034,0.0487801,0.0,0.0,0.0,0.0
0.21263,0.218144,0.0528906,0.0,0.0,0.0,0.0
0.214352,0.21629,0.052882,0.0,0.0,0.0,0.0
0.217161,0.223979,0.0529134,0.0,0.0,0.0,0.0
0.21867,0.224015,0.0528591,0.0,0.0,0.0,0.0
0.262524,0.222077,0.0508911,0.0,0.0,0.0,0.0
0.261046,0.222123,0.0508858,0.0,0.0,0.0,0.0
0.260985,0.224022,0.0508889,0.0,0.0,0.0,0.0
0.261224,0.218233,0.050836,0.0,0.0,0.0,0.0
0.262575,0.218249,0.0508717,0.0,0.0,0.0,0.0
0.264037,0.222053,0.0508878,0.0,0.0,0.0,0.0
0.264059,0.218203,0.0508931,0.0,0.0,0.0,0.0
0.268815,0.210443,0.0514539,0.0,0.0,0.0,0.0
0.267805,0.209803,0.050959,0.0,0.0,0.0,0.0
0.267114,0.210456,0.050897,0.0,0.0,0.0,0.0
0.267028,0.212415,0.0509083,0.0,0.0,0.0,0.0
0.265575,0.210437,0.0508825,0.0,0.0,0.0,0.0
0.270381,0.216253,0.0518933,0.0,0.0,0.0,0.0
0.273235,0.208675,0.0519339,0.0,0.0,0.0,0.0
0.273439,0.216252,0.0518977,0.0,0.0,0.0,0.0
0.268782,0.222076,0.0518984,0.0,0.0,0.0,0.0
0.267179,0.222014,0.0516682,0.0,0.0,0.0,0.0
0.267256,0.224038,0.0519002,0.0,0.0,0.0,0.0
0.268765,0.224007,0.0519047,0.0,0.0,0.0,0.0
0.274965,0.218202,0.0518958,0.0,0.0,0.0,0.0
0.27032,0.224,0.0518991,0.0,0.0,0.0,0.0
0.28602,0.214227,0.0539575,0.0,0.0,0.0,0.0
0.285968,0.216191,0.0537376,0.0,0.0,0.0,0.0
0.286348,0.217667,0.0535353,0.0,0.0,0.0,0.0
0.287438,0.218211,0.0539594,0.0,0.0,0.0,0.0
0.289099,0.218148,0.0539124,0.0,0.0,0.0,0.0
0.293705,0.222118,0.0539238,0.0,0.0,0.0,0.0
0.292199,0.222054,0.0539231,0.0,0.0,0.0,0.0
0.295192,0.224062,0.0539238,0.0,0.0,0.0,0.0
0.295222,0.222154,0.0539471,0.0,0.0,0.0,0.0
0.218768,0.236688,0.0487501,0.0,0.0,0.0,0.0
0.224916,0.237556,0.0503069,0.0,0.0,0.0,0.0
0.223432,0.236745,0.0508987,0.0,0.0,0.0,0.0
0.224852,0.237452,0.0510874,0.0,0.0,0.0,0.0
0.220417,0.236772,0.0509364,0.0,0.0,0.0,0.0
0.218769,0.236764,0.050284,0.0,0.0,0.0,0.0
0.219235,0.236763,0.0510867,0.0,0.0,0.0,0.0
0.21868,0.225937,0.0528775,0.0,0.0,0.0,0.0
0.224941,0.230188,0.0534934,0.0,0.0,0.0,0.0
0.231189,0.237203,0.0488114,0.0,0.0,0.0,0.0
0.226386,0.237742,0.0511542,0.0,0.0,0.0,0.0
0.226124,0.230339,0.0536859,0.0,0.0,0.0,0.0
0.226585,0.229716,0.0539295,0.0,0.0,0.0,0.0
0.23917,0.237962,0.0506884,0.0,0.0,0.0,0.0
0.243768,0.237703,0.0534693,0.0,0.0,0.0,0.0
0.243359,0.235992,0.0541641,0.0,0.0,0.0,0.0
0.24379,0.23696,0.0540591,0.0,0.0,0.0,0.0
0.242138,0.237481,0.0509269,0.0,0.0,0.0,0.0
0.242718,0.238407,0.0515279,0.0,0.0,0.0,0.0
0.243916,0.237852,0.0515391,0.0,0.0,0.0,0.0
0.243871,0.237164,0.0508828,0.0,0.0,0.0,0.0
0.245359,0.237182,0.0539516,0.0,0.0,0.0,0.0
0.245241,0.236687,0.0513212,0.0,0.0,0.0,0.0
0.260907,0.225885,0.0508816,0.0,0.0,0.0,0.0
0.262511,0.229832,0.0518735,0.0,0.0,0.0,0.0
0.260817,0.229686,0.0518235,0.0,0.0,0.0,0.0
0.26092,0.231646,0.0518823,0.0,0.0,0.0,0.0
0.253129,0.231731,0.0509296,0.0,0.0,0.0,0.0
0.26864,0.229576,0.0518952,0.0,0.0,0.0,0.0
0.269144,0.230188,0.0520391,0.0,0.0,0.0,0.0
0.268754,0.225937,0.0518962,0.0,0.0,0.0,0.0
0.267154,0.237312,0.0538363,0.0,0.0,0.0,0.0
0.267181,0.236774,0.0533973,0.0,0.0,0.0,0.0
0.281261,0.237467,0.0539067,0.0,0.0,0.0,0.0
0.279696,0.237466,0.0539056,0.0,0.0,0.0,0.0
0.285969,0.233711,0.0539104,0.0,0.0,0.0,0.0
0.287518,0.23369,0.0539095,0.0,0.0,0.0,0.0
0.282822,0.237472,0.0539077,0.0,0.0,0.0,0.0
0.295251,0.22595,0.0539083,0.0,0.0,0.0,0.0
0.295259,0.231747,0.0539124,0.0,0.0,0.0,0.0
0.295257,0.229812,0.0539107,0.0,0.0,0.0,0.0
0.289073,0.23369,0.0539107,0.0,0.0,0.0,0.0
0.29374,0.23755,0.0539117,0.0,0.0,0.0,0.0
0.292181,0.237547,0.0539121,0.0,0.0,0.0,0.0
0.292181,0.233685,0.0539124,0.0,0.0,0.0,0.0
0.293732,0.233684,0.0539127,0.0,0.0,0.0,0.0
0.295303,0.239481,0.0539126,0.0,0.0,0.0,0.0
0.295293,0.237555,0.0539111,0.0,0.0,0.0,0.0
0.29527,0.233683,0.0539145,0.0,0.0,0.0,0.0
0.295311,0.241369,0.0539141,0.0,0.0,0.0,0.0
0.307772,0.247423,0.0539243,0.0,0.0,0.0,0.0
0.307729,0.245972,0.054005,0.0,0.0,0.0,0.0
0.306289,0.253049,0.0539324,0.0,0.0,0.0,0.0
0.304845,0.253007,0.0538752,0.0,0.0,0.0,0.0
0.304841,0.249215,0.0539206,0.0,0.0,0.0,0.0
0.306277,0.249202,0.0539213,0.0,0.0,0.0,0.0
0.310914,0.247853,0.0540446,0.0,0.0,0.0,0.0
0.310887,0.249315,0.0539151,0.0,0.0,0.0,0.0
0.307829,0.254989,0.0539267,0.0,0.0,0.0,0.0
0.307829,0.253053,0.0539312,0.0,0.0,0.0,0.0
0.307817,0.249196,0.0539205,0.0,0.0,0.0,0.0
0.307825,0.256925,0.0539289,0.0,0.0,0.0,0.0
0.310917,0.260783,0.0539023,0.0,0.0,0.0,0.0
0.307782,0.262686,0.0539024,0.0,0.0,0.0,0.0
0.307799,0.260785,0.0539026,0.0,0.0,0.0,0.0
0.304671,0.264527,0.0538901,0.0,0.0,0.0,0.0
0.3062,0.264514,0.0538895,0.0,0.0,0.0,0.0
0.307833,0.264667,0.053939,0.0,0.0,0.0,0.0
0.314123,0.270713,0.0519308,0.0,0.0,0.0,0.0
0.31254,0.270664,0.0518632,0.0,0.0,0.0,0.0
0.317191,0.270688,0.0518952,0.0,0.0,0.0,0.0
0.298351,0.279665,0.0505924,0.0,0.0,0.0,0.0
0.299525,0.279531,0.0505488,0.0,0.0,0.0,0.0
0.298317,0.280447,0.0498497,0.0,0.0,0.0,0.0
0.307827,0.276432,0.0509059,0.0,0.0,0.0,0.0
0.310891,0.276483,0.0509107,0.0,0.0,0.0,0.0
0.310937,0.278241,0.0509067,0.0,0.0,0.0,0.0
0.310978,0.280117,0.0508972,0.0,0.0,0.0,0.0
0.306295,0.272556,0.0519195,0.0,0.0,0.0,0.0
0.306329,0.271351,0.0518976,0.0,0.0,0.0,0.0
0.312516,0.272472,0.0519117,0.0,0.0,0.0,0.0
0.307817,0.271285,0.0519245,0.0,0.0,0.0,0.0
0.31757,0.27851,0.053589,0.0,0.0,0.0,0.0
0.287672,0.295742,0.0487306,0.0,0.0,0.0,0.0
0.28775,0.295632,0.0509958,0.0,0.0,0.0,0.0
0.287791,0.295686,0.0502447,0.0,0.0,0.0,0.0
0.287726,0.291958,0.0517932,0.0,0.0,0.0,0.0
0.289444,0.287983,0.0509759,0.0,0.0,0.0,0.0
0.29029,0.285577,0.0516667,0.0,0.0,0.0,0.0
0.289578,0.291623,0.0539945,0.0,0.0,0.0,0.0
0.300034,0.295721,0.052913,0.0,0.0,0.0,0.0
0.31089,0.293803,0.0488612,0.0,0.0,0.0,0.0
0.310767,0.295823,0.0487433,0.0,0.0,0.0,0.0
0.311417,0.293226,0.048944,0.0,0.0,0.0,0.0
0.301536,0.289707,0.0539325,0.0,0.0,0.0,0.0
0.304739,0.293797,0.0529094,0.0,0.0,0.0,0.0
0.306093,0.29551,0.0529143,0.0,0.0,0.0,0.0
0.304651,0.295512,0.0529269,0.0,0.0,0.0,0.0
0.244374,0.236628,0.0545854,0.0,0.0,0.0,0.0
0.245396,0.236688,0.0545007,0.0,0.0,0.0,0.0
0.298426,0.245215,0.0547791,0.0,0.0,0.0,0.0
0.314021,0.249243,0.0547586,0.0,0.0,0.0,0.0
0.298437,0.264325,0.0547334,0.0,0.0,0.0,0.0
0.298438,0.265275,0.0539059,0.0,0.0,0.0,0.0
0.295035,0.268554,0.0547541,0.0,0.0,0.0,0.0
0.296934,0.268586,0.0539025,0.0,0.0,0.0,0.0
0.253718,0.270567,0.0119624,0.0,0.0,0.0,0.0
0.253751,0.270671,0.0126547,0.0,0.0,0.0,0.0
0.253744,0.272399,0.0119909,0.0,0.0,0.0,0.0
0.265449,0.286799,0.0131678,0.0,0.0,0.0,0.0
0.278173,0.289828,0.0246686,0.0,0.0,0.0,0.0
0.277202,0.28908,0.0245824,0.0,0.0,0.0,0.0
0.290593,0.288459,0.0238878,0.0,0.0,0.0,0.0
0.253125,0.194933,0.0377921,0.0,0.0,0.0,0.0
0.251566,0.194937,0.0377911,0.0,0.0,0.0,0.0
0.251562,0.196872,0.0377911,0.0,0.0,0.0,0.0
0.250013,0.194954,0.0377895,0.0,0.0,0.0,0.0
0.253131,0.193014,0.0377919,0.0,0.0,0.0,0.0
0.250001,0.196874,0.0377911,0.0,0.0,0.0,0.0
0.263884,0.196831,0.037799,0.0,0.0,0.0,0.0
0.262486,0.196844,0.0377895,0.0,0.0,0.0,0.0
0.240644,0.210435,0.0377859,0.0,0.0,0.0,0.0
0.239241,0.210486,0.0377812,0.0,0.0,0.0,0.0
0.239179,0.212388,0.0377817,0.0,0.0,0.0,0.0
0.239225,0.208559,0.0377832,0.0,0.0,0.0,0.0
0.24067,0.208511,0.0377858,0.0,0.0,0.0,0.0
0.253128,0.210428,0.0377915,0.0,0.0,0.0,0.0
0.251567,0.210427,0.0377913,0.0,0.0,0.0,0.0
0.25157,0.212348,0.0377931,0.0,0.0,0.0,0.0
0.250002,0.208495,0.0377914,0.0,0.0,0.0,0.0
0.250004,0.210427,0.0377913,0.0,0.0,0.0,0.0
0.251565,0.208494,0.0377912,0.0,0.0,0.0,0.0
0.253126,0.208494,0.0377912,0.0,0.0,0.0,0.0
0.250006,0.212351,0.0377906,0.0,0.0,0.0,0.0
0.26239,0.21258,0.0378156,0.0,0.0,0.0,0.0
0.263959,0.212615,0.0377419,0.0,0.0,0.0,0.0
0.263357,0.211476,0.0377198,0.0,0.0,0.0,0.0
0.262365,0.211255,0.0378254,0.0,0.0,0.0,0.0
0.240626,0.225911,0.0374227,0.0,0.0,0.0,0.0
0.23904,0.225952,0.0377745,0.0,0.0,0.0,0.0
0.239042,0.22789,0.0377943,0.0,0.0,0.0,0.0
0.237485,0.224004,0.0377934,0.0,0.0,0.0,0.0
0.237485,0.225942,0.0377932,0.0,0.0,0.0,0.0
0.239033,0.22401,0.0377764,0.0,0.0,0.0,0.0
0.240487,0.224016,0.0376501,0.0,0.0,0.0,0.0
0.237493,0.227872,0.0377885,0.0,0.0,0.0,0.0
0.253127,0.224,0.0367848,0.0,0.0,0.0,0.0
0.25,0.227875,0.0367848,0.0,0.0,0.0,0.0
0.2655,0.227708,0.0377815,0.0,0.0,0.0,0.0
0.265574,0.225876,0.0377675,0.0,0.0,0.0,0.0
0.264065,0.225927,0.0377659,0.0,0.0,0.0,0.0
0.264043,0.227798,0.0377973,0.0,0.0,0.0,0.0
0.262551,0.223983,0.0377666,0.0,0.0,0.0,0.0
0.262423,0.226029,0.0377034,0.0,0.0,0.0,0.0
0.264051,0.224026,0.0377794,0.0,0.0,0.0,0.0
0.265825,0.22374,0.0376085,0.0,0.0,0.0,0.0
0.262779,0.227922,0.0373218,0.0,0.0,0.0,0.0
0.300641,0.317008,0.0370446,0.0,0.0,0.0,0.0
0.312825,0.320886,0.0367836,0.0,0.0,0.0,0.0
0.31278,0.318934,0.0375083,0.0,0.0,0.0,0.0
0.312876,0.320909,0.0375373,0.0,0.0,0.0,0.0
0.215617,0.193044,0.0428618,0.0,0.0,0.0,0.0
0.212538,0.196936,0.0428268,0.0,0.0,0.0,0.0
0.265564,0.19499,0.0417994,0.0,0.0,0.0,0.0
0.265488,0.197044,0.041792,0.0,0.0,0.0,0.0
0.265638,0.227857,0.0428291,0.0,0.0,0.0,0.0
0.226556,0.180815,0.0485717,0.0,0.0,0.0,0.0
0.201927,0.195596,0.0480578,0.0,0.0,0.0,0.0
0.201692,0.197011,0.0480079,0.0,0.0,0.0,0.0
0.202368,0.224508,0.0489034,0.0,0.0,0.0,0.0
0.252753,0.223974,0.0494071,0.0,0.0,0.0,0.0
0.290742,0.290066,0.0479323,0.0,0.0,0.0,0.0
0.288811,0.301778,0.0495179,0.0,0.0,0.0,0.0
0.287757,0.299395,0.0494976,0.0,0.0,0.0,0.0
0.290444,0.305338,0.0479519,0.0,0.0,0.0,0.0
0.226623,0.197046,0.0539094,0.0,0.0,0.0,0.0
0.228127,0.196926,0.0539193,0.0,0.0,0.0,0.0
0.228158,0.195102,0.0539227,0.0,0.0,0.0,0.0
0.227636,0.22457,0.0546983,0.0,0.0,0.0,0.0
0.228102,0.225957,0.0541398,0.0,0.0,0.0,0.0
0.226557,0.227842,0.0539121,0.0,0.0,0.0,0.0
0.228052,0.227915,0.0539425,0.0,0.0,0.0,0.0
0.289119,0.243271,0.0548945,0.0,0.0,0.0,0.0
0.290728,0.289934,0.0539076,0.0,0.0,0.0,0.0
0.289553,0.289891,0.0539787,0.0,0.0,0.0,0.0
0.290752,0.28821,0.0539626,0.0,0.0,0.0,0.0
0.303086,0.286273,0.0539587,0.0,0.0,0.0,0.0
0.303138,0.287974,0.053911,0.0,0.0,0.0,0.0
0.303041,0.289689,0.0536459,0.0,0.0,0.0,0.0
0.253807,0.268806,0.0112182,0.0,0.0,0.0,0.0
0.253797,0.268732,0.0105024,0.0,0.0,0.0,0.0
0.25305,0.270585,0.011295,0.0,0.0,0.0,0.0
0.253372,0.270521,0.0104829,0.0,0.0,0.0,0.0
0.272091,0.270687,0.0119673,0.0,0.0,0.0,0.0
0.271764,0.27059,0.0109783,0.0,0.0,0.0,0.0
0.253767,0.272251,0.0105326,0.0,0.0,0.0,0.0
0.253754,0.272313,0.0112493,0.0,0.0,0.0,0.0
0.262675,0.282028,0.0104017,0.0,0.0,0.0,0.0
0.271794,0.274334,0.011101,0.0,0.0,0.0,0.0
0.271816,0.272479,0.0111222,0.0,0.0,0.0,0.0
0.27233,0.272469,0.0116418,0.0,0.0,0.0,0.0
0.272302,0.274379,0.0116303,0.0,0.0,0.0,0.0
0.271852,0.27044,0.0127658,0.0,0.0,0.0,0.0
0.261937,0.284705,0.0168691,0.0,0.0,0.0,0.0
0.271775,0.285856,0.0126423,0.0,0.0,0.0,0.0
0.273578,0.285848,0.0133511,0.0,0.0,0.0,0.0
0.273129,0.272758,0.018071,0.0,0.0,0.0,0.0
0.271774,0.272134,0.0179459,0.0,0.0,0.0,0.0
0.271801,0.287227,0.0125621,0.0,0.0,0.0,0.0
0.271853,0.287887,0.0131917,0.0,0.0,0.0,0.0
0.273243,0.287249,0.0135091,0.0,0.0,0.0,0.0
0.265575,0.287585,0.0165449,0.0,0.0,0.0,0.0
0.260605,0.274411,0.0189191,0.0,0.0,0.0,0.0
0.259427,0.27441,0.0186261,0.0,0.0,0.0,0.0
0.274977,0.274522,0.0225096,0.0,0.0,0.0,0.0
0.274995,0.274917,0.0233663,0.0,0.0,0.0,0.0
0.27599,0.275166,0.0224573,0.0,0.0,0.0,0.0
0.276069,0.274974,0.0228017,0.0,0.0,0.0,0.0
0.284633,0.283815,0.0224788,0.0,0.0,0.0,0.0
0.28604,0.286128,0.0225183,0.0,0.0,0.0,0.0
0.274879,0.289891,0.02273,0.0,0.0,0.0,0.0
0.284096,0.29969,0.0240419,0.0,0.0,0.0,0.0
0.29678,0.305255,0.0236871,0.0,0.0,0.0,0.0
0.297994,0.30522,0.0236898,0.0,0.0,0.0,0.0
0.298042,0.299594,0.0254519,0.0,0.0,0.0,0.0
0.297142,0.301102,0.0245989,0.0,0.0,0.0,0.0
0.298545,0.301617,0.0255385,0.0,0.0,0.0,0.0
0.2986,0.297575,0.0259217,0.0,0.0,0.0,0.0
0.298071,0.299082,0.0287946,0.0,0.0,0.0,0.0
0.296865,0.299517,0.0287122,0.0,0.0,0.0,0.0
0.296937,0.301264,0.0293555,0.0,0.0,0.0,0.0
0.296516,0.300996,0.0287343,0.0,0.0,0.0,0.0
0.299972,0.313153,0.0256433,0.0,0.0,0.0,0.0
0.300032,0.314928,0.0256826,0.0,0.0,0.0,0.0
0.301469,0.316083,0.0256485,0.0,0.0,0.0,0.0
0.296879,0.313055,0.0307429,0.0,0.0,0.0,0.0
0.310934,0.30513,0.0348123,0.0,0.0,0.0,0.0
0.309329,0.305061,0.0349386,0.0,0.0,0.0,0.0
0.311029,0.304733,0.0355112,0.0,0.0,0.0,0.0
0.309336,0.304808,0.0356153,0.0,0.0,0.0,0.0
0.311813,0.316917,0.0343864,0.0,0.0,0.0,0.0
0.298828,0.320657,0.0314367,0.0,0.0,0.0,0.0
0.299991,0.318911,0.0345575,0.0,0.0,0.0,0.0
0.300436,0.32082,0.034444,0.0,0.0,0.0,0.0
0.309415,0.332715,0.0310373,0.0,0.0,0.0,0.0
0.310841,0.332302,0.0313169,0.0,0.0,0.0,0.0
0.308934,0.328456,0.0297057,0.0,0.0,0.0,0.0
0.308774,0.329783,0.0297103,0.0,0.0,0.0,0.0
0.301375,0.32091,0.0360165,0.0,0.0,0.0,0.0
0.22501,0.189128,0.0418263,0.0,0.0,0.0,0.0
0.223489,0.189235,0.0418176,0.0,0.0,0.0,0.0
0.221894,0.191075,0.041824,0.0,0.0,0.0,0.0
0.226564,0.189053,0.0418213,0.0,0.0,0.0,0.0
0.228128,0.189025,0.0418225,0.0,0.0,0.0,0.0
0.237176,0.192666,0.0404156,0.0,0.0,0.0,0.0
0.235969,0.193367,0.040737,0.0,0.0,0.0,0.0
0.259369,0.191246,0.0377996,0.0,0.0,0.0,0.0
0.260879,0.19127,0.0377958,0.0,0.0,0.0,0.0
0.260929,0.193006,0.0377978,0.0,0.0,0.0,0.0
0.259377,0.193004,0.0377943,0.0,0.0,0.0,0.0
0.214044,0.204608,0.0418196,0.0,0.0,0.0,0.0
0.215649,0.208131,0.0418055,0.0,0.0,0.0,0.0
0.215594,0.206451,0.0418114,0.0,0.0,0.0,0.0
0.215597,0.204592,0.0418201,0.0,0.0,0.0,0.0
0.248443,0.196882,0.0377898,0.0,0.0,0.0,0.0
0.246874,0.20656,0.0377913,0.0,0.0,0.0,0.0
0.248438,0.20656,0.0377913,0.0,0.0,0.0,0.0
0.248437,0.204624,0.0377913,0.0,0.0,0.0,0.0
0.250001,0.20656,0.0377913,0.0,0.0,0.0,0.0
0.248439,0.208496,0.0377913,0.0,0.0,0.0,0.0
0.25,0.204624,0.0377913,0.0,0.0,0.0,0.0
0.246875,0.208496,0.0377913,0.0,0.0,0.0,0.0
0.260942,0.196857,0.0377864,0.0,0.0,0.0,0.0
0.260941,0.19492,0.0377922,0.0,0.0,0.0,0.0
0.259379,0.194925,0.0377867,0.0,0.0,0.0,0.0
0.251563,0.204624,0.0377913,0.0,0.0,0.0,0.0
0.251563,0.20656,0.0377913,0.0,0.0,0.0,0.0
0.253125,0.20656,0.037791,0.0,0.0,0.0,0.0
0.259325,0.206536,0.0377916,0.0,0.0,0.0,0.0
0.260894,0.206521,0.0377501,0.0,0.0,0.0,0.0
0.260892,0.204565,0.0377858,0.0,0.0,0.0,0.0
0.262307,0.204466,0.0377976,0.0,0.0,0.0,0.0
0.262368,0.205869,0.0377412,0.0,0.0,0.0,0.0
0.211024,0.212377,0.0417989,0.0,0.0,0.0,0.0
0.214313,0.212407,0.0408911,0.0,0.0,0.0,0.0
0.212565,0.220062,0.0417504,0.0,0.0,0.0,0.0
0.214065,0.220138,0.0418266,0.0,0.0,0.0,0.0
0.215561,0.222134,0.0418584,0.0,0.0,0.0,0.0
0.215576,0.220187,0.0418525,0.0,0.0,0.0,0.0
0.234519,0.220196,0.0377917,0.0,0.0,0.0,0.0
0.234539,0.222117,0.0378076,0.0,0.0,0.0,0.0
0.235941,0.22207,0.0377885,0.0,0.0,0.0,0.0
0.235967,0.220144,0.0377886,0.0,0.0,0.0,0.0
0.237489,0.222067,0.0377933,0.0,0.0,0.0,0.0
0.235939,0.223995,0.0377883,0.0,0.0,0.0,0.0
0.237496,0.22013,0.0377909,0.0,0.0,0.0,0.0
0.234538,0.223943,0.0378084,0.0,0.0,0.0,0.0
0.248443,0.212359,0.0377913,0.0,0.0,0.0,0.0
0.248441,0.210429,0.0377913,0.0,0.0,0.0,0.0
0.246877,0.210431,0.0377913,0.0,0.0,0.0,0.0
0.239065,0.220131,0.0377913,0.0,0.0,0.0,0.0
0.239053,0.222068,0.0377796,0.0,0.0,0.0,0.0
0.240666,0.222121,0.0374759,0.0,0.0,0.0,0.0
0.241222,0.224016,0.0368248,0.0,0.0,0.0,0.0
0.241253,0.222832,0.0367735,0.0,0.0,0.0,0.0
0.250013,0.220139,0.036782,0.0,0.0,0.0,0.0
0.246881,0.224004,0.0367838,0.0,0.0,0.0,0.0
0.260883,0.212445,0.0377868,0.0,0.0,0.0,0.0
0.260889,0.210478,0.0377153,0.0,0.0,0.0,0.0
0.259318,0.21045,0.0377932,0.0,0.0,0.0,0.0
0.259291,0.208489,0.0377773,0.0,0.0,0.0,0.0
0.260437,0.208488,0.0379251,0.0,0.0,0.0,0.0
0.260802,0.2222,0.0377922,0.0,0.0,0.0,0.0
0.259383,0.221706,0.0374128,0.0,0.0,0.0,0.0
0.259298,0.222701,0.0367872,0.0,0.0,0.0,0.0
0.260248,0.222957,0.036971,0.0,0.0,0.0,0.0
0.26092,0.220126,0.0377892,0.0,0.0,0.0,0.0
0.25925,0.224163,0.0367723,0.0,0.0,0.0,0.0
0.260431,0.224128,0.036878,0.0,0.0,0.0,0.0
0.261122,0.22404,0.0377302,0.0,0.0,0.0,0.0
0.262493,0.222097,0.0377881,0.0,0.0,0.0,0.0
0.262598,0.22005,0.0378186,0.0,0.0,0.0,0.0
0.266242,0.223176,0.0368115,0.0,0.0,0.0,0.0
0.262122,0.21822,0.0369653,0.0,0.0,0.0,0.0
0.271845,0.22204,0.0412591,0.0,0.0,0.0,0.0
0.272507,0.220637,0.0422423,0.0,0.0,0.0,0.0
0.272831,0.219399,0.0419995,0.0,0.0,0.0,0.0
0.237508,0.235688,0.0419992,0.0,0.0,0.0,0.0
0.237419,0.235832,0.0412392,0.0,0.0,0.0,0.0
0.235925,0.235611,0.0419378,0.0,0.0,0.0,0.0
0.237336,0.235828,0.0404098,0.0,0.0,0.0,0.0
0.234369,0.235426,0.0419406,0.0,0.0,0.0,0.0
0.248461,0.235948,0.0373981,0.0,0.0,0.0,0.0
0.24851,0.234885,0.0368909,0.0,0.0,0.0,0.0
0.246978,0.233514,0.0368652,0.0,0.0,0.0,0.0
0.24994,0.235936,0.0376136,0.0,0.0,0.0,0.0
0.249951,0.235032,0.0367663,0.0,0.0,0.0,0.0
0.239072,0.235899,0.0421224,0.0,0.0,0.0,0.0
0.240648,0.235844,0.0421856,0.0,0.0,0.0,0.0
0.250041,0.237751,0.0408195,0.0,0.0,0.0,0.0
0.250078,0.236182,0.0408283,0.0,0.0,0.0,0.0
0.261936,0.227987,0.0367906,0.0,0.0,0.0,0.0
0.261435,0.225407,0.0370746,0.0,0.0,0.0,0.0
0.253135,0.236058,0.0407982,0.0,0.0,0.0,0.0
0.253136,0.237682,0.0407951,0.0,0.0,0.0,0.0
0.251576,0.237715,0.0408145,0.0,0.0,0.0,0.0
0.251587,0.236099,0.0408353,0.0,0.0,0.0,0.0
0.253144,0.234996,0.0410111,0.0,0.0,0.0,0.0
0.251556,0.239418,0.0408315,0.0,0.0,0.0,0.0
0.253119,0.239383,0.0408039,0.0,0.0,0.0,0.0
0.264058,0.235993,0.0409765,0.0,0.0,0.0,0.0
0.253078,0.240867,0.0407641,0.0,0.0,0.0,0.0
0.309792,0.299027,0.0409411,0.0,0.0,0.0,0.0
0.309305,0.299506,0.0407092,0.0,0.0,0.0,0.0
0.310974,0.305346,0.0421183,0.0,0.0,0.0,0.0
0.297839,0.319411,0.0402833,0.0,0.0,0.0,0.0
0.297854,0.321019,0.0401383,0.0,0.0,0.0,0.0
0.311402,0.320822,0.0417451,0.0,0.0,0.0,0.0
0.310887,0.320816,0.0422423,0.0,0.0,0.0,0.0
0.215273,0.190681,0.0432954,0.0,0.0,0.0,0.0
0.21464,0.19188,0.0428558,0.0,0.0,0.0,0.0
0.225028,0.179624,0.0464861,0.0,0.0,0.0,0.0
0.228126,0.180815,0.0485744,0.0,0.0,0.0,0.0
0.235873,0.181729,0.0465244,0.0,0.0,0.0,0.0
0.235955,0.181686,0.0474008,0.0,0.0,0.0,0.0
0.234571,0.180985,0.0474665,0.0,0.0,0.0,0.0
0.234349,0.181498,0.0481479,0.0,0.0,0.0,0.0
0.235547,0.181845,0.0481963,0.0,0.0,0.0,0.0
0.199758,0.206536,0.0463215,0.0,0.0,0.0,0.0
0.199676,0.204577,0.0471704,0.0,0.0,0.0,0.0
0.199773,0.204607,0.0463187,0.0,0.0,0.0,0.0
0.2106,0.196474,0.043276,0.0,0.0,0.0,0.0
0.210973,0.195011,0.043352,0.0,0.0,0.0,0.0
0.271817,0.204676,0.0428151,0.0,0.0,0.0,0.0
0.212085,0.220629,0.0423418,0.0,0.0,0.0,0.0
0.202565,0.222145,0.0475747,0.0,0.0,0.0,0.0
0.202554,0.220699,0.0476843,0.0,0.0,0.0,0.0
0.201491,0.220067,0.0478881,0.0,0.0,0.0,0.0
0.251977,0.220681,0.0465915,0.0,0.0,0.0,0.0
0.271754,0.212421,0.0428329,0.0,0.0,0.0,0.0
0.265688,0.220183,0.0428309,0.0,0.0,0.0,0.0
0.264493,0.218687,0.0431412,0.0,0.0,0.0,0.0
0.271803,0.220021,0.042905,0.0,0.0,0.0,0.0
0.27269,0.219244,0.0425566,0.0,0.0,0.0,0.0
0.212706,0.235323,0.0479049,0.0,0.0,0.0,0.0
0.213962,0.235809,0.0479238,0.0,0.0,0.0,0.0
0.215211,0.236081,0.0480162,0.0,0.0,0.0,0.0
0.21555,0.23574,0.046806,0.0,0.0,0.0,0.0
0.21619,0.236765,0.0480283,0.0,0.0,0.0,0.0
0.216263,0.236732,0.0473625,0.0,0.0,0.0,0.0
0.225027,0.236885,0.0465506,0.0,0.0,0.0,0.0
0.224493,0.236363,0.0460199,0.0,0.0,0.0,0.0
0.221841,0.237355,0.0480027,0.0,0.0,0.0,0.0
0.236017,0.236633,0.0432235,0.0,0.0,0.0,0.0
0.235956,0.235934,0.0426312,0.0,0.0,0.0,0.0
0.234378,0.235784,0.0426318,0.0,0.0,0.0,0.0
0.237565,0.23592,0.0427107,0.0,0.0,0.0,0.0
0.228109,0.23779,0.0479209,0.0,0.0,0.0,0.0
0.234801,0.236033,0.0465305,0.0,0.0,0.0,0.0
0.234802,0.236057,0.0472334,0.0,0.0,0.0,0.0
0.236168,0.235719,0.047219,0.0,0.0,0.0,0.0
0.23615,0.235712,0.046545,0.0,0.0,0.0,0.0
0.23748,0.235213,0.0480028,0.0,0.0,0.0,0.0
0.237409,0.234793,0.0473255,0.0,0.0,0.0,0.0
0.236117,0.235664,0.0479212,0.0,0.0,0.0,0.0
0.237403,0.234837,0.0463757,0.0,0.0,0.0,0.0
0.23479,0.236057,0.0479385,0.0,0.0,0.0,0.0
0.233806,0.236717,0.0479599,0.0,0.0,0.0,0.0
0.240672,0.2357,0.0428684,0.0,0.0,0.0,0.0
0.239104,0.235657,0.0428066,0.0,0.0,0.0,0.0
0.23913,0.235752,0.0435678,0.0,0.0,0.0,0.0
0.237689,0.236103,0.0435773,0.0,0.0,0.0,0.0
0.247211,0.228294,0.0478967,0.0,0.0,0.0,0.0
0.238847,0.234678,0.0481867,0.0,0.0,0.0,0.0
0.259385,0.227898,0.0428301,0.0,0.0,0.0,0.0
0.301669,0.286648,0.0465105,0.0,0.0,0.0,0.0
0.300006,0.287724,0.0464675,0.0,0.0,0.0,0.0
0.301109,0.287462,0.0460372,0.0,0.0,0.0,0.0
0.297953,0.29907,0.0429798,0.0,0.0,0.0,0.0
0.300095,0.297786,0.0428485,0.0,0.0,0.0,0.0
0.296842,0.299295,0.0433487,0.0,0.0,0.0,0.0
0.296901,0.300234,0.0428334,0.0,0.0,0.0,0.0
0.296896,0.301611,0.0428469,0.0,0.0,0.0,0.0
0.296886,0.297642,0.0439224,0.0,0.0,0.0,0.0
0.296415,0.298955,0.0438671,0.0,0.0,0.0,0.0
0.288596,0.297644,0.0476041,0.0,0.0,0.0,0.0
0.287957,0.29763,0.0481285,0.0,0.0,0.0,0.0
0.309175,0.29775,0.0438149,0.0,0.0,0.0,0.0
0.30918,0.2996,0.043821,0.0,0.0,0.0,0.0
0.296914,0.30549,0.0417615,0.0,0.0,0.0,0.0
0.310544,0.305374,0.0426324,0.0,0.0,0.0,0.0
0.309855,0.305368,0.043221,0.0,0.0,0.0,0.0
0.310726,0.316869,0.0435101,0.0,0.0,0.0,0.0
0.309642,0.303458,0.047894,0.0,0.0,0.0,0.0
0.309708,0.305377,0.0478169,0.0,0.0,0.0,0.0
0.310587,0.305367,0.0480785,0.0,0.0,0.0,0.0
0.30959,0.315088,0.0466154,0.0,0.0,0.0,0.0
0.308882,0.315021,0.0472002,0.0,0.0,0.0,0.0
0.309778,0.313167,0.0473245,0.0,0.0,0.0,0.0
0.308794,0.314973,0.0479486,0.0,0.0,0.0,0.0
0.30887,0.316921,0.0472179,0.0,0.0,0.0,0.0
0.309031,0.316951,0.0464793,0.0,0.0,0.0,0.0
0.30927,0.313128,0.0480394,0.0,0.0,0.0,0.0
0.309878,0.319529,0.0430991,0.0,0.0,0.0,0.0
0.309798,0.319365,0.0436204,0.0,0.0,0.0,0.0
0.310552,0.31834,0.0436192,0.0,0.0,0.0,0.0
0.309913,0.320978,0.0432328,0.0,0.0,0.0,0.0
0.308848,0.318732,0.0465093,0.0,0.0,0.0,0.0
0.223425,0.181922,0.0488917,0.0,0.0,0.0,0.0
0.221916,0.18197,0.0488981,0.0,0.0,0.0,0.0
0.224965,0.19301,0.0528849,0.0,0.0,0.0,0.0
0.235311,0.182169,0.0487342,0.0,0.0,0.0,0.0
0.234299,0.182022,0.048824,0.0,0.0,0.0,0.0
0.228078,0.192528,0.052845,0.0,0.0,0.0,0.0
0.228209,0.193533,0.0532958,0.0,0.0,0.0,0.0
0.227737,0.194524,0.0535669,0.0,0.0,0.0,0.0
0.226143,0.19435,0.0529289,0.0,0.0,0.0,0.0
0.226564,0.192957,0.0528485,0.0,0.0,0.0,0.0
0.247235,0.190681,0.0495021,0.0,0.0,0.0,0.0
0.252985,0.191405,0.0525041,0.0,0.0,0.0,0.0
0.259521,0.192794,0.0540842,0.0,0.0,0.0,0.0
0.212192,0.208034,0.0529183,0.0,0.0,0.0,0.0
0.224648,0.196411,0.0535185,0.0,0.0,0.0,0.0
0.224537,0.196105,0.0530739,0.0,0.0,0.0,0.0
0.224996,0.194801,0.0528282,0.0,0.0,0.0,0.0
0.228742,0.19391,0.0538922,0.0,0.0,0.0,0.0
0.265566,0.195704,0.0533705,0.0,0.0,0.0,0.0
0.265472,0.195604,0.0540086,0.0,0.0,0.0,0.0
0.210963,0.212408,0.052751,0.0,0.0,0.0,0.0
0.21264,0.21239,0.0528887,0.0,0.0,0.0,0.0
0.213611,0.222568,0.0528671,0.0,0.0,0.0,0.0
0.215722,0.223915,0.0529326,0.0,0.0,0.0,0.0
0.213744,0.223976,0.0527738,0.0,0.0,0.0,0.0
0.276878,0.212398,0.0529434,0.0,0.0,0.0,0.0
0.278227,0.212338,0.0528993,0.0,0.0,0.0,0.0
0.284465,0.210388,0.0539098,0.0,0.0,0.0,0.0
0.285978,0.212334,0.0539035,0.0,0.0,0.0,0.0
0.284339,0.212393,0.0539366,0.0,0.0,0.0,0.0
0.284369,0.220099,0.0529057,0.0,0.0,0.0,0.0
0.28918,0.222022,0.0538625,0.0,0.0,0.0,0.0
0.289144,0.22008,0.0539426,0.0,0.0,0.0,0.0
0.290662,0.222033,0.0539087,0.0,0.0,0.0,0.0
0.290649,0.220103,0.0539255,0.0,0.0,0.0,0.0
0.215388,0.235801,0.0487419,0.0,0.0,0.0,0.0
0.214083,0.235387,0.0487549,0.0,0.0,0.0,0.0
0.212921,0.235037,0.048825,0.0,0.0,0.0,0.0
0.224928,0.237757,0.0495377,0.0,0.0,0.0,0.0
0.214092,0.2258,0.0526082,0.0,0.0,0.0,0.0
0.23502,0.23643,0.0489163,0.0,0.0,0.0,0.0
0.236093,0.236291,0.0489974,0.0,0.0,0.0,0.0
0.236127,0.235805,0.0485591,0.0,0.0,0.0,0.0
0.234862,0.236194,0.0485644,0.0,0.0,0.0,0.0
0.237579,0.235621,0.0485801,0.0,0.0,0.0,0.0
0.237577,0.236179,0.0491943,0.0,0.0,0.0,0.0
0.237482,0.237954,0.0529068,0.0,0.0,0.0,0.0
0.23894,0.2351,0.0488135,0.0,0.0,0.0,0.0
0.239128,0.235615,0.0492938,0.0,0.0,0.0,0.0
0.249982,0.238145,0.0530078,0.0,0.0,0.0,0.0
0.249996,0.237499,0.0523147,0.0,0.0,0.0,0.0
0.246885,0.237181,0.0538891,0.0,0.0,0.0,0.0
0.248338,0.237885,0.0542564,0.0,0.0,0.0,0.0
0.259364,0.23605,0.0529559,0.0,0.0,0.0,0.0
0.259391,0.237654,0.0528963,0.0,0.0,0.0,0.0
0.25985,0.23813,0.0534825,0.0,0.0,0.0,0.0
0.265653,0.23696,0.0528125,0.0,0.0,0.0,0.0
0.265622,0.237925,0.0536804,0.0,0.0,0.0,0.0
0.271906,0.237616,0.0539024,0.0,0.0,0.0,0.0
0.27193,0.235983,0.0538257,0.0,0.0,0.0,0.0
0.271928,0.235094,0.0528707,0.0,0.0,0.0,0.0
0.27814,0.227877,0.0529045,0.0,0.0,0.0,0.0
0.284394,0.227873,0.0529026,0.0,0.0,0.0,0.0
0.278134,0.237489,0.053906,0.0,0.0,0.0,0.0
0.278083,0.235544,0.0539153,0.0,0.0,0.0,0.0
0.287508,0.235612,0.0539126,0.0,0.0,0.0,0.0
0.285952,0.235607,0.0539106,0.0,0.0,0.0,0.0
0.284381,0.237485,0.0539095,0.0,0.0,0.0,0.0
0.284393,0.235597,0.0539089,0.0,0.0,0.0,0.0
0.289065,0.235615,0.0539123,0.0,0.0,0.0,0.0
0.290621,0.237543,0.0539121,0.0,0.0,0.0,0.0
0.290624,0.235617,0.0539122,0.0,0.0,0.0,0.0
0.296852,0.239501,0.0539087,0.0,0.0,0.0,0.0
0.296818,0.237572,0.0539249,0.0,0.0,0.0,0.0
0.296865,0.241412,0.0539099,0.0,0.0,0.0,0.0
0.310931,0.251134,0.0539154,0.0,0.0,0.0,0.0
0.309385,0.254996,0.0539294,0.0,0.0,0.0,0.0
0.309388,0.253056,0.0539307,0.0,0.0,0.0,0.0
0.309384,0.251119,0.0539226,0.0,0.0,0.0,0.0
0.299969,0.266559,0.0539169,0.0,0.0,0.0,0.0
0.298471,0.266726,0.0539416,0.0,0.0,0.0,0.0
0.296946,0.26675,0.0539398,0.0,0.0,0.0,0.0
0.309379,0.256932,0.0539191,0.0,0.0,0.0,0.0
0.310931,0.258872,0.0539008,0.0,0.0,0.0,0.0
0.30937,0.258866,0.0539001,0.0,0.0,0.0,0.0
0.309361,0.270131,0.052244,0.0,0.0,0.0,0.0
0.309362,0.266673,0.052929,0.0,0.0,0.0,0.0
0.290119,0.283529,0.0529494,0.0,0.0,0.0,0.0
0.290179,0.283932,0.0522991,0.0,0.0,0.0,0.0
0.289166,0.285926,0.0523185,0.0,0.0,0.0,0.0
0.289989,0.285329,0.0520845,0.0,0.0,0.0,0.0
0.314924,0.282946,0.052844,0.0,0.0,0.0,0.0
0.287765,0.297616,0.0487752,0.0,0.0,0.0,0.0
0.287853,0.297603,0.0494887,0.0,0.0,0.0,0.0
0.299967,0.297503,0.0529069,0.0,0.0,0.0,0.0
0.30044,0.298162,0.0528971,0.0,0.0,0.0,0.0
0.300005,0.299561,0.052803,0.0,0.0,0.0,0.0
0.309666,0.287968,0.0492571,0.0,0.0,0.0,0.0
0.309033,0.288049,0.0486406,0.0,0.0,0.0,0.0
0.311034,0.297675,0.0487071,0.0,0.0,0.0,0.0
0.311002,0.289966,0.0528843,0.0,0.0,0.0,0.0
0.301648,0.298043,0.0529346,0.0,0.0,0.0,0.0
0.301603,0.295699,0.0529106,0.0,0.0,0.0,0.0
0.298444,0.312697,0.0496493,0.0,0.0,0.0,0.0
0.308888,0.31303,0.0486806,0.0,0.0,0.0,0.0
0.285963,0.20819,0.0546925,0.0,0.0,0.0,0.0
0.284987,0.207763,0.0540949,0.0,0.0,0.0,0.0
0.296404,0.224045,0.0539433,0.0,0.0,0.0,0.0
0.296792,0.225967,0.0539165,0.0,0.0,0.0,0.0
0.297196,0.225449,0.0546652,0.0,0.0,0.0,0.0
0.29709,0.223977,0.0547666,0.0,0.0,0.0,0.0
0.274636,0.275033,0.0142022,0.0,0.0,0.0,0.0
0.265125,0.286788,0.0140588,0.0,0.0,0.0,0.0
0.264311,0.278265,0.0206286,0.0,0.0,0.0,0.0
0.278752,0.279545,0.020854,0.0,0.0,0.0,0.0
0.281296,0.29182,0.0191815,0.0,0.0,0.0,0.0
0.290227,0.29368,0.0205917,0.0,0.0,0.0,0.0
0.277964,0.291655,0.0240141,0.0,0.0,0.0,0.0
0.277595,0.290396,0.0244733,0.0,0.0,0.0,0.0
0.281855,0.293629,0.0252349,0.0,0.0,0.0,0.0
0.281639,0.291831,0.0257865,0.0,0.0,0.0,0.0
0.282805,0.291807,0.025702,0.0,0.0,0.0,0.0
0.28279,0.293703,0.0257666,0.0,0.0,0.0,0.0
0.289478,0.287453,0.0266316,0.0,0.0,0.0,0.0
0.290679,0.288544,0.0269222,0.0,0.0,0.0,0.0
0.290197,0.289436,0.0274257,0.0,0.0,0.0,0.0
0.29497,0.309706,0.0253066,0.0,0.0,0.0,0.0
0.29538,0.309245,0.0246843,0.0,0.0,0.0,0.0
0.299808,0.305377,0.0252203,0.0,0.0,0.0,0.0
0.303069,0.318799,0.0267388,0.0,0.0,0.0,0.0
0.304118,0.320046,0.0266896,0.0,0.0,0.0,0.0
0.30506,0.30523,0.0305684,0.0,0.0,0.0,0.0
0.303107,0.30558,0.0308531,0.0,0.0,0.0,0.0
0.303043,0.304239,0.0307095,0.0,0.0,0.0,0.0
0.304191,0.304352,0.0307651,0.0,0.0,0.0,0.0
0.304406,0.304186,0.0299368,0.0,0.0,0.0,0.0
0.304545,0.305609,0.0299393,0.0,0.0,0.0,0.0
0.302543,0.306625,0.0312776,0.0,0.0,0.0,0.0
0.311384,0.32038,0.0327407,0.0,0.0,0.0,0.0
0.242075,0.196803,0.0388412,0.0,0.0,0.0,0.0
0.240551,0.198754,0.0387958,0.0,0.0,0.0,0.0
0.241232,0.193766,0.0392128,0.0,0.0,0.0,0.0
0.237984,0.197539,0.0387949,0.0,0.0,0.0,0.0
0.254686,0.194933,0.037791,0.0,0.0,0.0,0.0
0.256247,0.19301,0.0377886,0.0,0.0,0.0,0.0
0.254687,0.193011,0.0377904,0.0,0.0,0.0,0.0
0.256249,0.194933,0.0377901,0.0,0.0,0.0,0.0
0.251562,0.198811,0.0377911,0.0,0.0,0.0,0.0
0.249999,0.200749,0.0377913,0.0,0.0,0.0,0.0
0.251562,0.20075,0.0377911,0.0,0.0,0.0,0.0
0.249999,0.198811,0.0377913,0.0,0.0,0.0,0.0
0.231246,0.212365,0.0387987,0.0,0.0,0.0,0.0
0.2297,0.212369,0.0387997,0.0,0.0,0.0,0.0
0.228183,0.216255,0.0388026,0.0,0.0,0.0,0.0
0.228184,0.214316,0.0388025,0.0,0.0,0.0,0.0
0.22818,0.212405,0.0388019,0.0,0.0,0.0,0.0
0.225728,0.21255,0.0393311,0.0,0.0,0.0,0.0
0.226738,0.212503,0.0387551,0.0,0.0,0.0,0.0
0.228109,0.210398,0.0387752,0.0,0.0,0.0,0.0
0.225091,0.212446,0.0398245,0.0,0.0,0.0,0.0
0.242187,0.210431,0.0377916,0.0,0.0,0.0,0.0
0.243747,0.208494,0.0377913,0.0,0.0,0.0,0.0
0.242188,0.208496,0.0377914,0.0,0.0,0.0,0.0
0.24375,0.210432,0.0377914,0.0,0.0,0.0,0.0
0.239102,0.214319,0.0377895,0.0,0.0,0.0,0.0
0.237525,0.216292,0.0377905,0.0,0.0,0.0,0.0
0.239069,0.216251,0.0377908,0.0,0.0,0.0,0.0
0.254688,0.21043,0.0377918,0.0,0.0,0.0,0.0
0.256245,0.208494,0.0377925,0.0,0.0,0.0,0.0
0.254687,0.208495,0.0377919,0.0,0.0,0.0,0.0
0.256246,0.210432,0.0377923,0.0,0.0,0.0,0.0
0.251577,0.214201,0.037797,0.0,0.0,0.0,0.0
0.250091,0.216013,0.0378633,0.0,0.0,0.0,0.0
0.251562,0.215746,0.037174,0.0,0.0,0.0,0.0
0.250011,0.214222,0.0377879,0.0,0.0,0.0,0.0
0.253063,0.216948,0.0367611,0.0,0.0,0.0,0.0
0.254103,0.217055,0.0368248,0.0,0.0,0.0,0.0
0.263993,0.214345,0.037791,0.0,0.0,0.0,0.0
0.262601,0.216431,0.0377955,0.0,0.0,0.0,0.0
0.264073,0.216251,0.0376121,0.0,0.0,0.0,0.0
0.262456,0.214357,0.0377866,0.0,0.0,0.0,0.0
0.265101,0.215667,0.0369941,0.0,0.0,0.0,0.0
0.26563,0.216384,0.0367746,0.0,0.0,0.0,0.0
0.26622,0.215172,0.0368442,0.0,0.0,0.0,0.0
0.264423,0.212017,0.0379173,0.0,0.0,0.0,0.0
0.265508,0.210471,0.0388797,0.0,0.0,0.0,0.0
0.228635,0.225869,0.0391301,0.0,0.0,0.0,0.0
0.241609,0.226533,0.0368416,0.0,0.0,0.0,0.0
0.24268,0.227832,0.0367343,0.0,0.0,0.0,0.0
0.243874,0.227821,0.0367938,0.0,0.0,0.0,0.0
0.239045,0.229817,0.0377917,0.0,0.0,0.0,0.0
0.237541,0.229738,0.0377776,0.0,0.0,0.0,0.0
0.243876,0.229715,0.0367452,0.0,0.0,0.0,0.0
0.245423,0.231629,0.0368467,0.0,0.0,0.0,0.0
0.256249,0.227873,0.0367823,0.0,0.0,0.0,0.0
0.25312,0.231732,0.0367795,0.0,0.0,0.0,0.0
0.265995,0.228307,0.0379239,0.0,0.0,0.0,0.0
0.26556,0.229747,0.0383261,0.0,0.0,0.0,0.0
0.266069,0.230328,0.0387639,0.0,0.0,0.0,0.0
0.265037,0.229039,0.0377171,0.0,0.0,0.0,0.0
0.266002,0.231818,0.0388075,0.0,0.0,0.0,0.0
0.264507,0.230321,0.0379377,0.0,0.0,0.0,0.0
0.264372,0.231781,0.0378975,0.0,0.0,0.0,0.0
0.265104,0.231816,0.0386214,0.0,0.0,0.0,0.0
0.267111,0.225877,0.0377547,0.0,0.0,0.0,0.0
0.267194,0.224372,0.037138,0.0,0.0,0.0,0.0
0.267262,0.223265,0.0367932,0.0,0.0,0.0,0.0
0.264025,0.229721,0.0377685,0.0,0.0,0.0,0.0
0.262777,0.229793,0.0373311,0.0,0.0,0.0,0.0
0.304292,0.306789,0.0373131,0.0,0.0,0.0,0.0
0.30597,0.305013,0.037379,0.0,0.0,0.0,0.0
0.30278,0.308902,0.0374248,0.0,0.0,0.0,0.0
0.306349,0.305392,0.0366826,0.0,0.0,0.0,0.0
0.311734,0.322734,0.0374186,0.0,0.0,0.0,0.0
0.31286,0.320915,0.0382693,0.0,0.0,0.0,0.0
0.228112,0.183859,0.0427813,0.0,0.0,0.0,0.0
0.228128,0.185211,0.042783,0.0,0.0,0.0,0.0
0.228135,0.185893,0.0420153,0.0,0.0,0.0,0.0
0.226652,0.181753,0.0442381,0.0,0.0,0.0,0.0
0.22655,0.181297,0.0447502,0.0,0.0,0.0,0.0
0.240655,0.182767,0.0432409,0.0,0.0,0.0,0.0
0.239929,0.182154,0.0437434,0.0,0.0,0.0,0.0
0.240171,0.181795,0.0442125,0.0,0.0,0.0,0.0
0.238975,0.18155,0.0449915,0.0,0.0,0.0,0.0
0.238938,0.181755,0.0443094,0.0,0.0,0.0,0.0
0.240645,0.184768,0.0422347,0.0,0.0,0.0,0.0
0.238946,0.182184,0.0438456,0.0,0.0,0.0,0.0
0.237532,0.181617,0.0449994,0.0,0.0,0.0,0.0
0.237521,0.181717,0.0443257,0.0,0.0,0.0,0.0
0.203761,0.195743,0.0452549,0.0,0.0,0.0,0.0
0.267133,0.196859,0.0418272,0.0,0.0,0.0,0.0
0.202923,0.212327,0.0448584,0.0,0.0,0.0,0.0
0.206538,0.214278,0.0435803,0.0,0.0,0.0,0.0
0.205946,0.212354,0.0432838,0.0,0.0,0.0,0.0
0.206793,0.212371,0.0428519,0.0,0.0,0.0,0.0
0.202865,0.210422,0.0448558,0.0,0.0,0.0,0.0
0.201952,0.212281,0.0449524,0.0,0.0,0.0,0.0
0.202184,0.213532,0.0451565,0.0,0.0,0.0,0.0
0.213642,0.230312,0.0455266,0.0,0.0,0.0,0.0
0.248952,0.230413,0.0439188,0.0,0.0,0.0,0.0
0.30457,0.290008,0.0448198,0.0,0.0,0.0,0.0
0.300595,0.290654,0.0452072,0.0,0.0,0.0,0.0
0.293626,0.307282,0.0435642,0.0,0.0,0.0,0.0
0.293687,0.305445,0.043482,0.0,0.0,0.0,0.0
0.293751,0.309296,0.0433934,0.0,0.0,0.0,0.0
0.293936,0.303574,0.043663,0.0,0.0,0.0,0.0
0.294296,0.305483,0.0428834,0.0,0.0,0.0,0.0
0.294371,0.304232,0.0428877,0.0,0.0,0.0,0.0
0.294245,0.301605,0.0437421,0.0,0.0,0.0,0.0
0.291106,0.301624,0.0449855,0.0,0.0,0.0,0.0
0.291056,0.303473,0.0450296,0.0,0.0,0.0,0.0
0.290611,0.303491,0.045574,0.0,0.0,0.0,0.0
0.217267,0.182137,0.04782,0.0,0.0,0.0,0.0
0.216267,0.182275,0.0478479,0.0,0.0,0.0,0.0
0.231282,0.185111,0.0497982,0.0,0.0,0.0,0.0
0.229677,0.184767,0.0497601,0.0,0.0,0.0,0.0
0.228159,0.185574,0.0502034,0.0,0.0,0.0,0.0
0.231168,0.181164,0.0479443,0.0,0.0,0.0,0.0
0.2297,0.180802,0.0486105,0.0,0.0,0.0,0.0
0.231614,0.180751,0.0473393,0.0,0.0,0.0,0.0
0.228097,0.18321,0.0489163,0.0,0.0,0.0,0.0
0.229101,0.183854,0.0496201,0.0,0.0,0.0,0.0
0.204144,0.198291,0.0498655,0.0,0.0,0.0,0.0
0.254849,0.200783,0.0495249,0.0,0.0,0.0,0.0
0.265597,0.216254,0.0508865,0.0,0.0,0.0,0.0
0.265588,0.214314,0.0508865,0.0,0.0,0.0,0.0
0.265587,0.212371,0.0508843,0.0,0.0,0.0,0.0
0.262317,0.212372,0.0508765,0.0,0.0,0.0,0.0
0.260824,0.212378,0.0498285,0.0,0.0,0.0,0.0
0.264093,0.212374,0.0508799,0.0,0.0,0.0,0.0
0.206445,0.227215,0.0500846,0.0,0.0,0.0,0.0
0.203685,0.22334,0.0502897,0.0,0.0,0.0,0.0
0.254706,0.227806,0.0500263,0.0,0.0,0.0,0.0
0.255069,0.228328,0.0507896,0.0,0.0,0.0,0.0
0.25627,0.227889,0.0508968,0.0,0.0,0.0,0.0
0.253154,0.230169,0.0509533,0.0,0.0,0.0,0.0
0.253178,0.227841,0.0498652,0.0,0.0,0.0,0.0
0.227641,0.238149,0.0511427,0.0,0.0,0.0,0.0
0.303132,0.278049,0.0509609,0.0,0.0,0.0,0.0
0.288831,0.289586,0.0510133,0.0,0.0,0.0,0.0
0.292193,0.3057,0.0504044,0.0,0.0,0.0,0.0
0.293106,0.306205,0.0508389,0.0,0.0,0.0,0.0
0.293413,0.307715,0.0496137,0.0,0.0,0.0,0.0
0.293628,0.305889,0.0513188,0.0,0.0,0.0,0.0
0.294818,0.306032,0.0515807,0.0,0.0,0.0,0.0
0.229653,0.196852,0.0539212,0.0,0.0,0.0,0.0
0.228088,0.198785,0.0539391,0.0,0.0,0.0,0.0
0.230804,0.198277,0.0545202,0.0,0.0,0.0,0.0
0.229676,0.19881,0.0541103,0.0,0.0,0.0,0.0
0.229181,0.200182,0.0547105,0.0,0.0,0.0,0.0
0.266591,0.19583,0.054029,0.0,0.0,0.0,0.0
0.266518,0.195899,0.0545425,0.0,0.0,0.0,0.0
0.265527,0.195759,0.0545455,0.0,0.0,0.0,0.0
0.292206,0.216288,0.0547108,0.0,0.0,0.0,0.0
0.290599,0.218224,0.0539221,0.0,0.0,0.0,0.0
0.22917,0.226521,0.0545324,0.0,0.0,0.0,0.0
0.229442,0.227884,0.0540195,0.0,0.0,0.0,0.0
0.228148,0.229741,0.0539198,0.0,0.0,0.0,0.0
0.292186,0.289946,0.0539327,0.0,0.0,0.0,0.0
0.29213,0.288243,0.0539901,0.0,0.0,0.0,0.0
0.290747,0.291629,0.0538919,0.0,0.0,0.0,0.0
0.259296,0.258474,0.00945983,0.0,0.0,0.0,0.0
0.259452,0.259424,0.00975893,0.0,0.0,0.0,0.0
0.262505,0.25939,0.0105775,0.0,0.0,0.0,0.0
0.259411,0.260605,0.0106058,0.0,0.0,0.0,0.0
0.259375,0.262312,0.0116378,0.0,0.0,0.0,0.0
0.258883,0.260182,0.0103066,0.0,0.0,0.0,0.0
0.254067,0.265949,0.0101572,0.0,0.0,0.0,0.0
0.253738,0.268629,0.00974974,0.0,0.0,0.0,0.0
0.253733,0.270416,0.0090025,0.0,0.0,0.0,0.0
0.253753,0.268541,0.00899689,0.0,0.0,0.0,0.0
0.253804,0.270449,0.00980038,0.0,0.0,0.0,0.0
0.267786,0.262227,0.0106096,0.0,0.0,0.0,0.0
0.264081,0.259389,0.0105866,0.0,0.0,0.0,0.0
0.265601,0.261356,0.011294,0.0,0.0,0.0,0.0
0.265663,0.262377,0.0116181,0.0,0.0,0.0,0.0
0.269816,0.266838,0.01055,0.0,0.0,0.0,0.0
0.259356,0.279785,0.00954649,0.0,0.0,0.0,0.0
0.260977,0.280425,0.00966169,0.0,0.0,0.0,0.0
0.26101,0.279644,0.0088943,0.0,0.0,0.0,0.0
0.260493,0.278802,0.00857289,0.0,0.0,0.0,0.0
0.262572,0.281529,0.00982902,0.0,0.0,0.0,0.0
0.261481,0.281513,0.00966634,0.0,0.0,0.0,0.0
0.262486,0.280782,0.00908732,0.0,0.0,0.0,0.0
0.268783,0.274343,0.00957752,0.0,0.0,0.0,0.0
0.26776,0.274411,0.00907282,0.0,0.0,0.0,0.0
0.266148,0.278823,0.009062,0.0,0.0,0.0,0.0
0.268624,0.28201,0.0105414,0.0,0.0,0.0,0.0
0.264095,0.280704,0.0090448,0.0,0.0,0.0,0.0
0.262528,0.264515,0.0138047,0.0,0.0,0.0,0.0
0.272596,0.271662,0.0146113,0.0,0.0,0.0,0.0
0.272399,0.271847,0.0150802,0.0,0.0,0.0,0.0
0.266805,0.267081,0.015883,0.0,0.0,0.0,0.0
0.255803,0.274453,0.0170858,0.0,0.0,0.0,0.0
0.25631,0.272544,0.016658,0.0,0.0,0.0,0.0
0.257353,0.274424,0.0177212,0.0,0.0,0.0,0.0
0.256414,0.274436,0.0175824,0.0,0.0,0.0,0.0
0.257855,0.274416,0.0182719,0.0,0.0,0.0,0.0
0.273742,0.274017,0.0149747,0.0,0.0,0.0,0.0
0.272009,0.281602,0.011759,0.0,0.0,0.0,0.0
0.279131,0.282319,0.0174963,0.0,0.0,0.0,0.0
0.271914,0.288483,0.0137894,0.0,0.0,0.0,0.0
0.270228,0.289748,0.0155741,0.0,0.0,0.0,0.0
0.270707,0.289553,0.0147806,0.0,0.0,0.0,0.0
0.258444,0.274411,0.0186954,0.0,0.0,0.0,0.0
0.273119,0.272757,0.0209691,0.0,0.0,0.0,0.0
0.276824,0.276025,0.0224731,0.0,0.0,0.0,0.0
0.27824,0.278402,0.0225804,0.0,0.0,0.0,0.0
0.277763,0.278235,0.0217412,0.0,0.0,0.0,0.0
0.282694,0.282831,0.0218149,0.0,0.0,0.0,0.0
0.285485,0.286103,0.0217858,0.0,0.0,0.0,0.0
0.28504,0.287272,0.0205161,0.0,0.0,0.0,0.0
0.278142,0.29346,0.0234832,0.0,0.0,0.0,0.0
0.287484,0.297578,0.0216275,0.0,0.0,0.0,0.0
0.290939,0.293756,0.0214731,0.0,0.0,0.0,0.0
0.290934,0.293311,0.0222479,0.0,0.0,0.0,0.0
0.291618,0.29448,0.0218637,0.0,0.0,0.0,0.0
0.291704,0.293867,0.0225389,0.0,0.0,0.0,0.0
0.292696,0.295186,0.022188,0.0,0.0,0.0,0.0
0.294555,0.298463,0.0228495,0.0,0.0,0.0,0.0
0.29533,0.30535,0.0236726,0.0,0.0,0.0,0.0
0.296774,0.306696,0.0236381,0.0,0.0,0.0,0.0
0.297854,0.306498,0.0236191,0.0,0.0,0.0,0.0
0.284073,0.293739,0.0256519,0.0,0.0,0.0,0.0
0.297808,0.295771,0.0256552,0.0,0.0,0.0,0.0
0.296833,0.295687,0.0256418,0.0,0.0,0.0,0.0
0.290749,0.290067,0.0276749,0.0,0.0,0.0,0.0
0.29817,0.292569,0.0286324,0.0,0.0,0.0,0.0
0.298528,0.293876,0.0287107,0.0,0.0,0.0,0.0
0.290676,0.297609,0.027704,0.0,0.0,0.0,0.0
0.289546,0.297617,0.0277484,0.0,0.0,0.0,0.0
0.293806,0.301436,0.0286992,0.0,0.0,0.0,0.0
0.293851,0.29954,0.0287115,0.0,0.0,0.0,0.0
0.298432,0.295746,0.0287389,0.0,0.0,0.0,0.0
0.295285,0.2995,0.0287205,0.0,0.0,0.0,0.0
0.294987,0.303063,0.0295901,0.0,0.0,0.0,0.0
0.295288,0.301432,0.028696,0.0,0.0,0.0,0.0
0.296851,0.307794,0.024147,0.0,0.0,0.0,0.0
0.296932,0.309172,0.0247106,0.0,0.0,0.0,0.0
0.29694,0.310533,0.0246805,0.0,0.0,0.0,0.0
0.29677,0.31523,0.0267066,0.0,0.0,0.0,0.0
0.291748,0.305354,0.0281482,0.0,0.0,0.0,0.0
0.293674,0.303388,0.0290204,0.0,0.0,0.0,0.0
0.293903,0.305524,0.0294242,0.0,0.0,0.0,0.0
0.294111,0.304034,0.029648,0.0,0.0,0.0,0.0
0.294768,0.302754,0.0291277,0.0,0.0,0.0,0.0
0.295568,0.313095,0.0299463,0.0,0.0,0.0,0.0
0.29628,0.315774,0.0271758,0.0,0.0,0.0,0.0
0.302678,0.311297,0.0269964,0.0,0.0,0.0,0.0
0.303153,0.309265,0.0275919,0.0,0.0,0.0,0.0
0.303677,0.309201,0.0280771,0.0,0.0,0.0,0.0
0.304071,0.305587,0.0295257,0.0,0.0,0.0,0.0
0.30406,0.304378,0.0294895,0.0,0.0,0.0,0.0
0.300078,0.32077,0.027753,0.0,0.0,0.0,0.0
0.300474,0.322163,0.0284226,0.0,0.0,0.0,0.0
0.300683,0.321875,0.0278995,0.0,0.0,0.0,0.0
0.308939,0.32482,0.0299423,0.0,0.0,0.0,0.0
0.309688,0.324793,0.0305506,0.0,0.0,0.0,0.0
0.309248,0.322835,0.0306782,0.0,0.0,0.0,0.0
0.303608,0.327918,0.0300075,0.0,0.0,0.0,0.0
0.307744,0.326524,0.0287294,0.0,0.0,0.0,0.0
0.30929,0.326686,0.0297344,0.0,0.0,0.0,0.0
0.307743,0.3286,0.0298234,0.0,0.0,0.0,0.0
0.295938,0.313001,0.0305136,0.0,0.0,0.0,0.0
0.300685,0.310101,0.0319558,0.0,0.0,0.0,0.0
0.300564,0.311264,0.0319136,0.0,0.0,0.0,0.0
0.307961,0.313204,0.0314976,0.0,0.0,0.0,0.0
0.309567,0.314939,0.0319029,0.0,0.0,0.0,0.0
0.310086,0.316336,0.0325213,0.0,0.0,0.0,0.0
0.309992,0.31492,0.0324984,0.0,0.0,0.0,0.0
0.309808,0.316551,0.0320607,0.0,0.0,0.0,0.0
0.309177,0.317153,0.0316583,0.0,0.0,0.0,0.0
0.306631,0.305711,0.0358561,0.0,0.0,0.0,0.0
0.306647,0.305708,0.0351597,0.0,0.0,0.0,0.0
0.307967,0.305856,0.0352306,0.0,0.0,0.0,0.0
0.307852,0.305298,0.035812,0.0,0.0,0.0,0.0
0.301084,0.31297,0.0359419,0.0,0.0,0.0,0.0
0.302695,0.310665,0.0359621,0.0,0.0,0.0,0.0
0.298866,0.322121,0.0314845,0.0,0.0,0.0,0.0
0.30001,0.320877,0.0338008,0.0,0.0,0.0,0.0
0.310067,0.324156,0.0308472,0.0,0.0,0.0,0.0
0.310766,0.324762,0.0311424,0.0,0.0,0.0,0.0
0.304025,0.329321,0.0309895,0.0,0.0,0.0,0.0
0.304632,0.330201,0.0312899,0.0,0.0,0.0,0.0
0.302632,0.329043,0.0329507,0.0,0.0,0.0,0.0
0.303154,0.330282,0.0328417,0.0,0.0,0.0,0.0
0.301294,0.324677,0.0345149,0.0,0.0,0.0,0.0
0.302697,0.328944,0.033757,0.0,0.0,0.0,0.0
0.302796,0.326757,0.0352825,0.0,0.0,0.0,0.0
0.302483,0.327238,0.0348454,0.0,0.0,0.0,0.0
0.301928,0.326564,0.0344973,0.0,0.0,0.0,0.0
0.30277,0.326902,0.0361387,0.0,0.0,0.0,0.0
0.307889,0.335877,0.0336584,0.0,0.0,0.0,0.0
0.305997,0.334681,0.0344307,0.0,0.0,0.0,0.0
0.228133,0.187324,0.0418257,0.0,0.0,0.0,0.0
0.231242,0.189007,0.0418228,0.0,0.0,0.0,0.0
0.229687,0.189018,0.041822,0.0,0.0,0.0,0.0
0.234363,0.18584,0.0417896,0.0,0.0,0.0,0.0
0.234365,0.187293,0.0418218,0.0,0.0,0.0,0.0
0.234367,0.184809,0.0422181,0.0,0.0,0.0,0.0
0.23278,0.188991,0.0418031,0.0,0.0,0.0,0.0
0.250036,0.1891,0.038783,0.0,0.0,0.0,0.0
0.248394,0.189091,0.0388298,0.0,0.0,0.0,0.0
0.24428,0.189855,0.0390357,0.0,0.0,0.0,0.0
0.240537,0.191613,0.039704,0.0,0.0,0.0,0.0
0.24067,0.193144,0.0398616,0.0,0.0,0.0,0.0
0.240598,0.187173,0.041825,0.0,0.0,0.0,0.0
0.243766,0.18963,0.0396859,0.0,0.0,0.0,0.0
0.249966,0.186766,0.0404982,0.0,0.0,0.0,0.0
0.253258,0.185832,0.0390136,0.0,0.0,0.0,0.0
0.25317,0.187095,0.0387699,0.0,0.0,0.0,0.0
0.256234,0.188494,0.038612,0.0,0.0,0.0,0.0
0.254678,0.188493,0.0386181,0.0,0.0,0.0,0.0
0.254679,0.189104,0.0378309,0.0,0.0,0.0,0.0
0.256232,0.189111,0.0378389,0.0,0.0,0.0,0.0
0.25469,0.191251,0.0377889,0.0,0.0,0.0,0.0
0.256243,0.191248,0.0377908,0.0,0.0,0.0,0.0
0.257798,0.18909,0.0377827,0.0,0.0,0.0,0.0
0.257807,0.191246,0.0377919,0.0,0.0,0.0,0.0
0.259384,0.18583,0.0390281,0.0,0.0,0.0,0.0
0.259377,0.187083,0.0387633,0.0,0.0,0.0,0.0
0.257727,0.188267,0.0381799,0.0,0.0,0.0,0.0
0.257811,0.193008,0.0377872,0.0,0.0,0.0,0.0
0.25331,0.185588,0.0397415,0.0,0.0,0.0,0.0
0.252242,0.185727,0.0403356,0.0,0.0,0.0,0.0
0.259394,0.185599,0.0397341,0.0,0.0,0.0,0.0
0.262454,0.185789,0.0405638,0.0,0.0,0.0,0.0
0.260977,0.185759,0.0405142,0.0,0.0,0.0,0.0
0.26255,0.187094,0.040842,0.0,0.0,0.0,0.0
0.264143,0.189034,0.0387865,0.0,0.0,0.0,0.0
0.265651,0.190971,0.038745,0.0,0.0,0.0,0.0
0.26742,0.192822,0.0408309,0.0,0.0,0.0,0.0
0.268807,0.193491,0.0405921,0.0,0.0,0.0,0.0
0.219785,0.196896,0.0413213,0.0,0.0,0.0,0.0
0.2156,0.202677,0.0418192,0.0,0.0,0.0,0.0
0.218688,0.204575,0.0418102,0.0,0.0,0.0,0.0
0.217154,0.20459,0.0418211,0.0,0.0,0.0,0.0
0.220256,0.204488,0.0417858,0.0,0.0,0.0,0.0
0.220755,0.203836,0.0411965,0.0,0.0,0.0,0.0
0.234355,0.202705,0.0388006,0.0,0.0,0.0,0.0
0.232801,0.204634,0.0387948,0.0,0.0,0.0,0.0
0.234353,0.204617,0.0387987,0.0,0.0,0.0,0.0
0.237392,0.204565,0.0388012,0.0,0.0,0.0,0.0
0.235907,0.204607,0.0388002,0.0,0.0,0.0,0.0
0.234356,0.208479,0.0387982,0.0,0.0,0.0,0.0
0.234355,0.206547,0.038798,0.0,0.0,0.0,0.0
0.229354,0.198424,0.040531,0.0,0.0,0.0,0.0
0.227153,0.201522,0.0398284,0.0,0.0,0.0,0.0
0.229149,0.198184,0.0408104,0.0,0.0,0.0,0.0
0.237562,0.196958,0.0397269,0.0,0.0,0.0,0.0
0.228038,0.208476,0.039714,0.0,0.0,0.0,0.0
0.248436,0.198811,0.0377911,0.0,0.0,0.0,0.0
0.248436,0.200748,0.0377913,0.0,0.0,0.0,0.0
0.242196,0.206569,0.0377888,0.0,0.0,0.0,0.0
0.243745,0.206559,0.0377909,0.0,0.0,0.0,0.0
0.238698,0.204577,0.0387435,0.0,0.0,0.0,0.0
0.248436,0.202686,0.0377913,0.0,0.0,0.0,0.0
0.25,0.202687,0.0377914,0.0,0.0,0.0,0.0
0.245309,0.206559,0.0377913,0.0,0.0,0.0,0.0
0.245311,0.208496,0.0377913,0.0,0.0,0.0,0.0
0.240261,0.194504,0.0395381,0.0,0.0,0.0,0.0
0.238606,0.196357,0.0393015,0.0,0.0,0.0,0.0
0.257813,0.194931,0.0377884,0.0,0.0,0.0,0.0
0.260935,0.198796,0.0377869,0.0,0.0,0.0,0.0
0.260925,0.200737,0.0377862,0.0,0.0,0.0,0.0
0.251562,0.202687,0.0377912,0.0,0.0,0.0,0.0
0.254686,0.206559,0.0377918,0.0,0.0,0.0,0.0
0.256246,0.206558,0.0377923,0.0,0.0,0.0,0.0
0.260912,0.20267,0.0377871,0.0,0.0,0.0,0.0
0.262342,0.202661,0.0377726,0.0,0.0,0.0,0.0
0.257799,0.206553,0.0377923,0.0,0.0,0.0,0.0
0.257795,0.208492,0.0377868,0.0,0.0,0.0,0.0
0.266634,0.204778,0.0382707,0.0,0.0,0.0,0.0
0.266458,0.203638,0.0385034,0.0,0.0,0.0,0.0
0.265562,0.203426,0.0385681,0.0,0.0,0.0,0.0
0.265597,0.20473,0.0378577,0.0,0.0,0.0,0.0
0.265716,0.202406,0.0387877,0.0,0.0,0.0,0.0
0.267444,0.204674,0.0388185,0.0,0.0,0.0,0.0
0.264351,0.204599,0.0378618,0.0,0.0,0.0,0.0
0.271742,0.210598,0.0377314,0.0,0.0,0.0,0.0
0.267675,0.194368,0.0408677,0.0,0.0,0.0,0.0
0.268737,0.194916,0.0407528,0.0,0.0,0.0,0.0
0.26919,0.196237,0.0409192,0.0,0.0,0.0,0.0
0.270235,0.19661,0.0408117,0.0,0.0,0.0,0.0
0.270957,0.19805,0.0407416,0.0,0.0,0.0,0.0
0.272045,0.198714,0.0405585,0.0,0.0,0.0,0.0
0.273124,0.199213,0.0406398,0.0,0.0,0.0,0.0
0.272856,0.199505,0.0411275,0.0,0.0,0.0,0.0
0.273594,0.200475,0.040116,0.0,0.0,0.0,0.0
0.272931,0.199664,0.039705,0.0,0.0,0.0,0.0
0.273278,0.200993,0.0397543,0.0,0.0,0.0,0.0
0.209445,0.216163,0.0428407,0.0,0.0,0.0,0.0
0.218706,0.216256,0.0408636,0.0,0.0,0.0,0.0
0.218707,0.214328,0.0408635,0.0,0.0,0.0,0.0
0.217315,0.214328,0.0408076,0.0,0.0,0.0,0.0
0.21732,0.21626,0.040807,0.0,0.0,0.0,0.0
0.220846,0.216255,0.0397581,0.0,0.0,0.0,0.0
0.222052,0.21625,0.0398132,0.0,0.0,0.0,0.0
0.219857,0.216263,0.0400767,0.0,0.0,0.0,0.0
0.217354,0.218133,0.0408031,0.0,0.0,0.0,0.0
0.218723,0.218187,0.0408103,0.0,0.0,0.0,0.0
0.217408,0.219953,0.040784,0.0,0.0,0.0,0.0
0.225118,0.22005,0.039812,0.0,0.0,0.0,0.0
0.232797,0.212357,0.0387988,0.0,0.0,0.0,0.0
0.236112,0.216405,0.0377908,0.0,0.0,0.0,0.0
0.234323,0.212312,0.0388021,0.0,0.0,0.0,0.0
0.234355,0.21041,0.038801,0.0,0.0,0.0,0.0
0.235818,0.210371,0.0387906,0.0,0.0,0.0,0.0
0.228175,0.218196,0.0388025,0.0,0.0,0.0,0.0
0.231151,0.22013,0.0387964,0.0,0.0,0.0,0.0
0.229678,0.220134,0.0388025,0.0,0.0,0.0,0.0
0.228181,0.220124,0.0387993,0.0,0.0,0.0,0.0
0.228229,0.222013,0.0387932,0.0,0.0,0.0,0.0
0.226617,0.220119,0.0387478,0.0,0.0,0.0,0.0
0.226125,0.220679,0.0393471,0.0,0.0,0.0,0.0
0.233201,0.220249,0.0380739,0.0,0.0,0.0,0.0
0.234017,0.219664,0.0379585,0.0,0.0,0.0,0.0
0.23408,0.218175,0.0381042,0.0,0.0,0.0,0.0
0.23377,0.217655,0.0385171,0.0,0.0,0.0,0.0
0.232455,0.220169,0.0386819,0.0,0.0,0.0,0.0
0.236038,0.218221,0.0377969,0.0,0.0,0.0,0.0
0.237506,0.218196,0.0377919,0.0,0.0,0.0,0.0
0.233526,0.222172,0.0377301,0.0,0.0,0.0,0.0
0.233524,0.223887,0.0377253,0.0,0.0,0.0,0.0
0.227521,0.209695,0.0390133,0.0,0.0,0.0,0.0
0.245313,0.210432,0.0377913,0.0,0.0,0.0,0.0
0.248446,0.214272,0.0377917,0.0,0.0,0.0,0.0
0.239064,0.218189,0.037791,0.0,0.0,0.0,0.0
0.241854,0.221656,0.0374439,0.0,0.0,0.0,0.0
0.243871,0.220326,0.0369873,0.0,0.0,0.0,0.0
0.244349,0.219021,0.0368676,0.0,0.0,0.0,0.0
0.257797,0.210434,0.0377925,0.0,0.0,0.0,0.0
0.260912,0.214351,0.0377884,0.0,0.0,0.0,0.0
0.260912,0.216282,0.0377847,0.0,0.0,0.0,0.0
0.260909,0.21821,0.0378426,0.0,0.0,0.0,0.0
0.258193,0.221582,0.0374297,0.0,0.0,0.0,0.0
0.270478,0.21068,0.0377297,0.0,0.0,0.0,0.0
0.27338,0.212346,0.0388793,0.0,0.0,0.0,0.0
0.268626,0.220127,0.0367405,0.0,0.0,0.0,0.0
0.269991,0.220145,0.0375911,0.0,0.0,0.0,0.0
0.269619,0.220116,0.0370608,0.0,0.0,0.0,0.0
0.232757,0.227802,0.038818,0.0,0.0,0.0,0.0
0.233785,0.228429,0.0385344,0.0,0.0,0.0,0.0
0.228216,0.230952,0.0407622,0.0,0.0,0.0,0.0
0.227286,0.230736,0.0408077,0.0,0.0,0.0,0.0
0.232768,0.233253,0.0403003,0.0,0.0,0.0,0.0
0.237347,0.235767,0.0395222,0.0,0.0,0.0,0.0
0.246936,0.23168,0.0367996,0.0,0.0,0.0,0.0
0.239061,0.235595,0.0388548,0.0,0.0,0.0,0.0
0.239696,0.236718,0.039183,0.0,0.0,0.0,0.0
0.240662,0.236959,0.0391779,0.0,0.0,0.0,0.0
0.245935,0.232927,0.0370021,0.0,0.0,0.0,0.0
0.243752,0.236986,0.0410094,0.0,0.0,0.0,0.0
0.243768,0.237924,0.0408024,0.0,0.0,0.0,0.0
0.243761,0.236289,0.0417561,0.0,0.0,0.0,0.0
0.243775,0.235782,0.0422735,0.0,0.0,0.0,0.0
0.242215,0.235805,0.0422309,0.0,0.0,0.0,0.0
0.245339,0.235736,0.0423506,0.0,0.0,0.0,0.0
0.259352,0.231738,0.0367781,0.0,0.0,0.0,0.0
0.256242,0.235428,0.0367601,0.0,0.0,0.0,0.0
0.256261,0.237785,0.0378106,0.0,0.0,0.0,0.0
0.256298,0.239392,0.0377306,0.0,0.0,0.0,0.0
0.257812,0.23932,0.037703,0.0,0.0,0.0,0.0
0.254675,0.235993,0.040785,0.0,0.0,0.0,0.0
0.254738,0.237626,0.0407822,0.0,0.0,0.0,0.0
0.256143,0.23937,0.0407992,0.0,0.0,0.0,0.0
0.254701,0.239343,0.0407935,0.0,0.0,0.0,0.0
0.256187,0.235612,0.0408102,0.0,0.0,0.0,0.0
0.262581,0.235781,0.0404507,0.0,0.0,0.0,0.0
0.258111,0.235992,0.0400793,0.0,0.0,0.0,0.0
0.259384,0.236436,0.040698,0.0,0.0,0.0,0.0
0.265333,0.233721,0.0379114,0.0,0.0,0.0,0.0
0.26994,0.227948,0.0405692,0.0,0.0,0.0,0.0
0.257819,0.240475,0.0377685,0.0,0.0,0.0,0.0
0.30938,0.300164,0.0399151,0.0,0.0,0.0,0.0
0.309409,0.30133,0.0397751,0.0,0.0,0.0,0.0
0.309417,0.302689,0.0384415,0.0,0.0,0.0,0.0
0.30878,0.296497,0.0421378,0.0,0.0,0.0,0.0
0.299463,0.312613,0.039442,0.0,0.0,0.0,0.0
0.295268,0.313199,0.0418142,0.0,0.0,0.0,0.0
0.295492,0.311227,0.0416881,0.0,0.0,0.0,0.0
0.294819,0.311159,0.0423052,0.0,0.0,0.0,0.0
0.302512,0.310537,0.0364563,0.0,0.0,0.0,0.0
0.298579,0.320811,0.0395081,0.0,0.0,0.0,0.0
0.299143,0.321522,0.0390998,0.0,0.0,0.0,0.0
0.302913,0.326824,0.0368078,0.0,0.0,0.0,0.0
0.304819,0.330225,0.0375756,0.0,0.0,0.0,0.0
0.305735,0.331118,0.0376022,0.0,0.0,0.0,0.0
0.311684,0.323422,0.041157,0.0,0.0,0.0,0.0
0.311246,0.324752,0.0408405,0.0,0.0,0.0,0.0
0.304636,0.328671,0.0415308,0.0,0.0,0.0,0.0
0.306158,0.329188,0.0417222,0.0,0.0,0.0,0.0
0.304772,0.328045,0.0421223,0.0,0.0,0.0,0.0
0.305694,0.329434,0.0410487,0.0,0.0,0.0,0.0
0.306313,0.330477,0.0406427,0.0,0.0,0.0,0.0
0.30964,0.326678,0.0414646,0.0,0.0,0.0,0.0
0.209305,0.189082,0.0448166,0.0,0.0,0.0,0.0
0.209836,0.187787,0.0448439,0.0,0.0,0.0,0.0
0.207808,0.189665,0.0448608,0.0,0.0,0.0,0.0
0.20938,0.187223,0.0480673,0.0,0.0,0.0,0.0
0.216715,0.188527,0.0438098,0.0,0.0,0.0,0.0
0.215537,0.188995,0.0438861,0.0,0.0,0.0,0.0
0.215097,0.190377,0.0437709,0.0,0.0,0.0,0.0
0.2178,0.187895,0.0435412,0.0,0.0,0.0,0.0
0.218799,0.189205,0.0428273,0.0,0.0,0.0,0.0
0.217947,0.1882,0.0430087,0.0,0.0,0.0,0.0
0.218849,0.187886,0.0428175,0.0,0.0,0.0,0.0
0.217261,0.181616,0.0472569,0.0,0.0,0.0,0.0
0.215977,0.181819,0.0473547,0.0,0.0,0.0,0.0
0.218656,0.180932,0.0476421,0.0,0.0,0.0,0.0
0.223339,0.180717,0.0452826,0.0,0.0,0.0,0.0
0.224982,0.180784,0.0452501,0.0,0.0,0.0,0.0
0.220076,0.180777,0.0475574,0.0,0.0,0.0,0.0
0.235977,0.181702,0.0443245,0.0,0.0,0.0,0.0
0.235989,0.181542,0.0450143,0.0,0.0,0.0,0.0
0.235957,0.181638,0.0457693,0.0,0.0,0.0,0.0
0.233019,0.180721,0.04749,0.0,0.0,0.0,0.0
0.232863,0.181423,0.0480959,0.0,0.0,0.0,0.0
0.2472,0.184734,0.0452398,0.0,0.0,0.0,0.0
0.247222,0.18471,0.0442706,0.0,0.0,0.0,0.0
0.247175,0.18472,0.0433534,0.0,0.0,0.0,0.0
0.248311,0.185664,0.043525,0.0,0.0,0.0,0.0
0.242233,0.184895,0.0465892,0.0,0.0,0.0,0.0
0.242247,0.185617,0.0473185,0.0,0.0,0.0,0.0
0.244078,0.186708,0.046543,0.0,0.0,0.0,0.0
0.246984,0.185255,0.0459798,0.0,0.0,0.0,0.0
0.248474,0.187232,0.0466894,0.0,0.0,0.0,0.0
0.200729,0.204773,0.0453081,0.0,0.0,0.0,0.0
0.200305,0.204741,0.0457593,0.0,0.0,0.0,0.0
0.201535,0.204666,0.0448332,0.0,0.0,0.0,0.0
0.20026,0.202655,0.0463709,0.0,0.0,0.0,0.0
0.200942,0.202047,0.0461127,0.0,0.0,0.0,0.0
0.209482,0.200815,0.0428462,0.0,0.0,0.0,0.0
0.208291,0.200804,0.0428459,0.0,0.0,0.0,0.0
0.206212,0.204757,0.0436835,0.0,0.0,0.0,0.0
0.205946,0.206605,0.043102,0.0,0.0,0.0,0.0
0.206782,0.206571,0.0427851,0.0,0.0,0.0,0.0
0.206914,0.204757,0.04303,0.0,0.0,0.0,0.0
0.258355,0.198267,0.0438876,0.0,0.0,0.0,0.0
0.259604,0.208439,0.0444783,0.0,0.0,0.0,0.0
0.255029,0.200758,0.0466426,0.0,0.0,0.0,0.0
0.254356,0.200731,0.0473023,0.0,0.0,0.0,0.0
0.255182,0.208464,0.0468319,0.0,0.0,0.0,0.0
0.254626,0.204579,0.047991,0.0,0.0,0.0,0.0
0.201808,0.21625,0.046322,0.0,0.0,0.0,0.0
0.253657,0.222646,0.0446613,0.0,0.0,0.0,0.0
0.253012,0.220213,0.046007,0.0,0.0,0.0,0.0
0.25223,0.220835,0.0462085,0.0,0.0,0.0,0.0
0.212503,0.230107,0.04644,0.0,0.0,0.0,0.0
0.212522,0.229324,0.0456976,0.0,0.0,0.0,0.0
0.221976,0.232993,0.0435165,0.0,0.0,0.0,0.0
0.213482,0.230548,0.0459912,0.0,0.0,0.0,0.0
0.223338,0.235744,0.0454696,0.0,0.0,0.0,0.0
0.224954,0.235934,0.0456928,0.0,0.0,0.0,0.0
0.227636,0.234395,0.0429657,0.0,0.0,0.0,0.0
0.22654,0.235518,0.0441018,0.0,0.0,0.0,0.0
0.226451,0.236144,0.0447347,0.0,0.0,0.0,0.0
0.22774,0.236051,0.0447498,0.0,0.0,0.0,0.0
0.228268,0.236618,0.0451219,0.0,0.0,0.0,0.0
0.228799,0.236537,0.0445646,0.0,0.0,0.0,0.0
0.232789,0.235788,0.042576,0.0,0.0,0.0,0.0
0.235331,0.236742,0.0450307,0.0,0.0,0.0,0.0
0.236212,0.235998,0.0450126,0.0,0.0,0.0,0.0
0.236112,0.2368,0.0441341,0.0,0.0,0.0,0.0
0.235257,0.236749,0.0445493,0.0,0.0,0.0,0.0
0.237617,0.235766,0.0450671,0.0,0.0,0.0,0.0
0.237582,0.235758,0.044278,0.0,0.0,0.0,0.0
0.234265,0.236785,0.0445025,0.0,0.0,0.0,0.0
0.234201,0.236781,0.0450576,0.0,0.0,0.0,0.0
0.225999,0.236443,0.0452289,0.0,0.0,0.0,0.0
0.231217,0.236737,0.0465102,0.0,0.0,0.0,0.0
0.234926,0.236238,0.0460472,0.0,0.0,0.0,0.0
0.235926,0.23579,0.0456963,0.0,0.0,0.0,0.0
0.235258,0.236617,0.0454682,0.0,0.0,0.0,0.0
0.237512,0.235424,0.0457494,0.0,0.0,0.0,0.0
0.243757,0.235285,0.0427654,0.0,0.0,0.0,0.0
0.242251,0.235707,0.0429375,0.0,0.0,0.0,0.0
0.240141,0.234973,0.0450473,0.0,0.0,0.0,0.0
0.239125,0.235713,0.0443524,0.0,0.0,0.0,0.0
0.238977,0.235271,0.0449834,0.0,0.0,0.0,0.0
0.246414,0.234954,0.0429309,0.0,0.0,0.0,0.0
0.245232,0.235257,0.0428189,0.0,0.0,0.0,0.0
0.238886,0.234837,0.0456104,0.0,0.0,0.0,0.0
0.239449,0.234128,0.0459227,0.0,0.0,0.0,0.0
0.302206,0.287004,0.0459848,0.0,0.0,0.0,0.0
0.294864,0.297128,0.0445485,0.0,0.0,0.0,0.0
0.300722,0.296673,0.0429765,0.0,0.0,0.0,0.0
0.300555,0.296361,0.0435088,0.0,0.0,0.0,0.0
0.295478,0.300235,0.0435969,0.0,0.0,0.0,0.0
0.295988,0.300532,0.0429433,0.0,0.0,0.0,0.0
0.295771,0.301643,0.0427951,0.0,0.0,0.0,0.0
0.294984,0.301566,0.0431386,0.0,0.0,0.0,0.0
0.299026,0.288846,0.0458782,0.0,0.0,0.0,0.0
0.299987,0.288589,0.0457714,0.0,0.0,0.0,0.0
0.300081,0.290064,0.0459235,0.0,0.0,0.0,0.0
0.290655,0.30158,0.0455316,0.0,0.0,0.0,0.0
0.303123,0.29418,0.0431007,0.0,0.0,0.0,0.0
0.308272,0.297712,0.043909,0.0,0.0,0.0,0.0
0.30769,0.289905,0.0464578,0.0,0.0,0.0,0.0
0.307385,0.289891,0.0457964,0.0,0.0,0.0,0.0
0.307767,0.291229,0.0456665,0.0,0.0,0.0,0.0
0.309849,0.295185,0.0484176,0.0,0.0,0.0,0.0
0.309641,0.293743,0.0487039,0.0,0.0,0.0,0.0
0.294888,0.302953,0.0432414,0.0,0.0,0.0,0.0
0.293771,0.311071,0.0433752,0.0,0.0,0.0,0.0
0.294245,0.311053,0.0428882,0.0,0.0,0.0,0.0
0.294234,0.312289,0.0428752,0.0,0.0,0.0,0.0
0.290877,0.307334,0.0472873,0.0,0.0,0.0,0.0
0.295319,0.313043,0.0481434,0.0,0.0,0.0,0.0
0.309794,0.316969,0.0444537,0.0,0.0,0.0,0.0
0.309816,0.317063,0.0451792,0.0,0.0,0.0,0.0
0.309759,0.315068,0.0451141,0.0,0.0,0.0,0.0
0.307997,0.305367,0.046545,0.0,0.0,0.0,0.0
0.308328,0.304859,0.0469399,0.0,0.0,0.0,0.0
0.308884,0.305478,0.0473584,0.0,0.0,0.0,0.0
0.309519,0.307341,0.0470322,0.0,0.0,0.0,0.0
0.309578,0.309237,0.0471166,0.0,0.0,0.0,0.0
0.309866,0.315083,0.0458363,0.0,0.0,0.0,0.0
0.309552,0.317052,0.0458546,0.0,0.0,0.0,0.0
0.309782,0.311175,0.047188,0.0,0.0,0.0,0.0
0.309785,0.311252,0.0480141,0.0,0.0,0.0,0.0
0.30895,0.320328,0.045104,0.0,0.0,0.0,0.0
0.309049,0.31882,0.0449547,0.0,0.0,0.0,0.0
0.309741,0.318885,0.0443563,0.0,0.0,0.0,0.0
0.308785,0.320206,0.0458266,0.0,0.0,0.0,0.0
0.30871,0.318734,0.0457267,0.0,0.0,0.0,0.0
0.220324,0.185349,0.0497346,0.0,0.0,0.0,0.0
0.220927,0.182203,0.0486334,0.0,0.0,0.0,0.0
0.223399,0.185192,0.0497734,0.0,0.0,0.0,0.0
0.221857,0.185264,0.0497737,0.0,0.0,0.0,0.0
0.221865,0.186836,0.0505512,0.0,0.0,0.0,0.0
0.219916,0.194517,0.0527435,0.0,0.0,0.0,0.0
0.232811,0.185147,0.0499004,0.0,0.0,0.0,0.0
0.234306,0.185751,0.0494946,0.0,0.0,0.0,0.0
0.232863,0.186239,0.0510023,0.0,0.0,0.0,0.0
0.234434,0.186718,0.0515515,0.0,0.0,0.0,0.0
0.228114,0.187805,0.0515843,0.0,0.0,0.0,0.0
0.231196,0.189521,0.0529397,0.0,0.0,0.0,0.0
0.229639,0.189669,0.0526488,0.0,0.0,0.0,0.0
0.233955,0.188605,0.0521736,0.0,0.0,0.0,0.0
0.23273,0.189385,0.0529018,0.0,0.0,0.0,0.0
0.237514,0.187692,0.0524789,0.0,0.0,0.0,0.0
0.241575,0.187922,0.05101,0.0,0.0,0.0,0.0
0.240455,0.187637,0.0510175,0.0,0.0,0.0,0.0
0.242432,0.188794,0.0510139,0.0,0.0,0.0,0.0
0.243914,0.188687,0.0510273,0.0,0.0,0.0,0.0
0.243985,0.188628,0.0503596,0.0,0.0,0.0,0.0
0.246394,0.18978,0.0502486,0.0,0.0,0.0,0.0
0.245135,0.189642,0.0502897,0.0,0.0,0.0,0.0
0.245353,0.189186,0.0509828,0.0,0.0,0.0,0.0
0.242222,0.188595,0.051847,0.0,0.0,0.0,0.0
0.241047,0.18845,0.052119,0.0,0.0,0.0,0.0
0.240463,0.187903,0.0517022,0.0,0.0,0.0,0.0
0.241523,0.187953,0.0515469,0.0,0.0,0.0,0.0
0.239034,0.187676,0.0525342,0.0,0.0,0.0,0.0
0.243846,0.188635,0.0518304,0.0,0.0,0.0,0.0
0.245456,0.188678,0.051719,0.0,0.0,0.0,0.0
0.254156,0.19169,0.0524574,0.0,0.0,0.0,0.0
0.255049,0.192543,0.0524309,0.0,0.0,0.0,0.0
0.255336,0.191828,0.0531839,0.0,0.0,0.0,0.0
0.253995,0.191939,0.0520075,0.0,0.0,0.0,0.0
0.20995,0.197629,0.0517824,0.0,0.0,0.0,0.0
0.209362,0.204629,0.0518995,0.0,0.0,0.0,0.0
0.218353,0.196495,0.0528692,0.0,0.0,0.0,0.0
0.21891,0.197059,0.0529283,0.0,0.0,0.0,0.0
0.218748,0.195424,0.0525886,0.0,0.0,0.0,0.0
0.214464,0.200842,0.0527143,0.0,0.0,0.0,0.0
0.221457,0.200259,0.0536687,0.0,0.0,0.0,0.0
0.218656,0.20465,0.0533348,0.0,0.0,0.0,0.0
0.219767,0.204072,0.0537818,0.0,0.0,0.0,0.0
0.218195,0.205167,0.0529206,0.0,0.0,0.0,0.0
0.26056,0.204669,0.0500298,0.0,0.0,0.0,0.0
0.259333,0.204665,0.0498801,0.0,0.0,0.0,0.0
0.261226,0.204606,0.05082,0.0,0.0,0.0,0.0
0.262562,0.204594,0.0508615,0.0,0.0,0.0,0.0
0.263959,0.204679,0.0509288,0.0,0.0,0.0,0.0
0.266098,0.200181,0.052011,0.0,0.0,0.0,0.0
0.265609,0.20082,0.0518833,0.0,0.0,0.0,0.0
0.266556,0.195876,0.053477,0.0,0.0,0.0,0.0
0.267432,0.196687,0.0540445,0.0,0.0,0.0,0.0
0.2687,0.204698,0.0518662,0.0,0.0,0.0,0.0
0.271816,0.208562,0.0518993,0.0,0.0,0.0,0.0
0.20354,0.221926,0.0501012,0.0,0.0,0.0,0.0
0.20925,0.212409,0.0518859,0.0,0.0,0.0,0.0
0.210508,0.212414,0.0520408,0.0,0.0,0.0,0.0
0.209285,0.220148,0.0518774,0.0,0.0,0.0,0.0
0.210529,0.220156,0.0521309,0.0,0.0,0.0,0.0
0.211249,0.220133,0.0528997,0.0,0.0,0.0,0.0
0.212194,0.2206,0.0529006,0.0,0.0,0.0,0.0
0.21269,0.219976,0.0528899,0.0,0.0,0.0,0.0
0.215713,0.216244,0.0534272,0.0,0.0,0.0,0.0
0.215253,0.216308,0.0529467,0.0,0.0,0.0,0.0
0.258166,0.21237,0.0499177,0.0,0.0,0.0,0.0
0.259441,0.212378,0.0499024,0.0,0.0,0.0,0.0
0.259408,0.22014,0.0499583,0.0,0.0,0.0,0.0
0.262543,0.220156,0.0508928,0.0,0.0,0.0,0.0
0.260942,0.220093,0.0509083,0.0,0.0,0.0,0.0
0.259378,0.22397,0.0508868,0.0,0.0,0.0,0.0
0.259693,0.222101,0.0508813,0.0,0.0,0.0,0.0
0.259867,0.220666,0.0506029,0.0,0.0,0.0,0.0
0.260392,0.219402,0.0501469,0.0,0.0,0.0,0.0
0.265584,0.21818,0.0508887,0.0,0.0,0.0,0.0
0.264064,0.220138,0.0508915,0.0,0.0,0.0,0.0
0.265519,0.220069,0.0509009,0.0,0.0,0.0,0.0
0.266614,0.22133,0.050836,0.0,0.0,0.0,0.0
0.26673,0.220074,0.0508432,0.0,0.0,0.0,0.0
0.271896,0.216248,0.0519028,0.0,0.0,0.0,0.0
0.267643,0.220189,0.0512367,0.0,0.0,0.0,0.0
0.268812,0.220156,0.0519511,0.0,0.0,0.0,0.0
0.274986,0.220086,0.0518941,0.0,0.0,0.0,0.0
0.271866,0.223984,0.0518971,0.0,0.0,0.0,0.0
0.284941,0.215617,0.0532816,0.0,0.0,0.0,0.0
0.284772,0.214206,0.0534868,0.0,0.0,0.0,0.0
0.296202,0.222837,0.0541832,0.0,0.0,0.0,0.0
0.295577,0.221694,0.0547332,0.0,0.0,0.0,0.0
0.295246,0.220133,0.0548652,0.0,0.0,0.0,0.0
0.218768,0.236752,0.049496,0.0,0.0,0.0,0.0
0.221857,0.236791,0.0509264,0.0,0.0,0.0,0.0
0.21868,0.227837,0.052926,0.0,0.0,0.0,0.0
0.22453,0.230491,0.0529535,0.0,0.0,0.0,0.0
0.221412,0.234195,0.0520878,0.0,0.0,0.0,0.0
0.221867,0.23543,0.0518925,0.0,0.0,0.0,0.0
0.221834,0.236663,0.0515874,0.0,0.0,0.0,0.0
0.223411,0.233568,0.0529448,0.0,0.0,0.0,0.0
0.224911,0.233609,0.0529427,0.0,0.0,0.0,0.0
0.231194,0.237845,0.0494788,0.0,0.0,0.0,0.0
0.227601,0.236232,0.0522552,0.0,0.0,0.0,0.0
0.228017,0.235706,0.0528788,0.0,0.0,0.0,0.0
0.226406,0.2352,0.0528969,0.0,0.0,0.0,0.0
0.226544,0.23361,0.0528789,0.0,0.0,0.0,0.0
0.228062,0.234102,0.0528746,0.0,0.0,0.0,0.0
0.22615,0.232228,0.0528945,0.0,0.0,0.0,0.0
0.231149,0.237231,0.0528532,0.0,0.0,0.0,0.0
0.229235,0.23429,0.0529135,0.0,0.0,0.0,0.0
0.23125,0.23594,0.0528361,0.0,0.0,0.0,0.0
0.229696,0.235568,0.0528646,0.0,0.0,0.0,0.0
0.23274,0.237678,0.052836,0.0,0.0,0.0,0.0
0.232719,0.236133,0.0529028,0.0,0.0,0.0,0.0
0.24682,0.231211,0.0494473,0.0,0.0,0.0,0.0
0.240633,0.237059,0.050183,0.0,0.0,0.0,0.0
0.240608,0.237839,0.0507375,0.0,0.0,0.0,0.0
0.246855,0.235529,0.0508437,0.0,0.0,0.0,0.0
0.248547,0.235172,0.0508614,0.0,0.0,0.0,0.0
0.243941,0.238541,0.0526907,0.0,0.0,0.0,0.0
0.257853,0.227887,0.0508858,0.0,0.0,0.0,0.0
0.259422,0.225977,0.050891,0.0,0.0,0.0,0.0
0.259358,0.23001,0.0517529,0.0,0.0,0.0,0.0
0.25938,0.231786,0.0518631,0.0,0.0,0.0,0.0
0.268698,0.227798,0.0518875,0.0,0.0,0.0,0.0
0.270284,0.229735,0.0524258,0.0,0.0,0.0,0.0
0.265641,0.235472,0.0529215,0.0,0.0,0.0,0.0
0.281275,0.235645,0.0539131,0.0,0.0,0.0,0.0
0.279727,0.235679,0.0539035,0.0,0.0,0.0,0.0
0.284435,0.233764,0.0538981,0.0,0.0,0.0,0.0
0.282835,0.235603,0.05391,0.0,0.0,0.0,0.0
0.295262,0.227877,0.0539109,0.0,0.0,0.0,0.0
0.296692,0.227926,0.0538697,0.0,0.0,0.0,0.0
0.296706,0.231744,0.053867,0.0,0.0,0.0,0.0
0.296698,0.229815,0.0538653,0.0,0.0,0.0,0.0
0.290627,0.233687,0.0539116,0.0,0.0,0.0,0.0
0.293736,0.235618,0.0539123,0.0,0.0,0.0,0.0
0.292181,0.235617,0.0539123,0.0,0.0,0.0,0.0
0.296768,0.235631,0.0539179,0.0,0.0,0.0,0.0
0.298953,0.235517,0.0540042,0.0,0.0,0.0,0.0
0.298706,0.233686,0.0547261,0.0,0.0,0.0,0.0
0.296734,0.233681,0.0539083,0.0,0.0,0.0,0.0
0.295282,0.235621,0.0539117,0.0,0.0,0.0,0.0
0.2953,0.243261,0.0539536,0.0,0.0,0.0,0.0
0.306286,0.251117,0.0539248,0.0,0.0,0.0,0.0
0.304836,0.251122,0.053865,0.0,0.0,0.0,0.0
0.303634,0.249238,0.0538944,0.0,0.0,0.0,0.0
0.309366,0.247315,0.0538854,0.0,0.0,0.0,0.0
0.309368,0.249224,0.0539273,0.0,0.0,0.0,0.0
0.307826,0.251115,0.0539228,0.0,0.0,0.0,0.0
0.307815,0.258859,0.0538987,0.0,0.0,0.0,0.0
0.309318,0.262642,0.053888,0.0,0.0,0.0,0.0
0.309357,0.260791,0.0538994,0.0,0.0,0.0,0.0
0.303125,0.264603,0.0538898,0.0,0.0,0.0,0.0
0.306271,0.270739,0.0524431,0.0,0.0,0.0,0.0
0.309368,0.271208,0.0518842,0.0,0.0,0.0,0.0
0.30933,0.264309,0.0538389,0.0,0.0,0.0,0.0
0.309324,0.26521,0.0529882,0.0,0.0,0.0,0.0
0.307787,0.270705,0.0525461,0.0,0.0,0.0,0.0
0.315608,0.264781,0.0528886,0.0,0.0,0.0,0.0
0.315648,0.269309,0.0518996,0.0,0.0,0.0,0.0
0.31565,0.270692,0.0519081,0.0,0.0,0.0,0.0
0.29679,0.280639,0.0500376,0.0,0.0,0.0,0.0
0.296883,0.279858,0.0506336,0.0,0.0,0.0,0.0
0.295379,0.280298,0.0509157,0.0,0.0,0.0,0.0
0.294927,0.281662,0.0507714,0.0,0.0,0.0,0.0
0.298945,0.280945,0.0494483,0.0,0.0,0.0,0.0
0.299154,0.281244,0.0490226,0.0,0.0,0.0,0.0
0.300117,0.281043,0.0489594,0.0,0.0,0.0,0.0
0.300113,0.28063,0.0495761,0.0,0.0,0.0,0.0
0.2979,0.281515,0.0498326,0.0,0.0,0.0,0.0
0.296869,0.27795,0.0515636,0.0,0.0,0.0,0.0
0.295469,0.278473,0.0518573,0.0,0.0,0.0,0.0
0.294986,0.279792,0.0515805,0.0,0.0,0.0,0.0
0.295934,0.277204,0.0519563,0.0,0.0,0.0,0.0
0.295375,0.276827,0.0524018,0.0,0.0,0.0,0.0
0.294912,0.277796,0.0520036,0.0,0.0,0.0,0.0
0.294026,0.278238,0.052269,0.0,0.0,0.0,0.0
0.295297,0.275902,0.0529852,0.0,0.0,0.0,0.0
0.2949,0.273855,0.0536661,0.0,0.0,0.0,0.0
0.29528,0.274311,0.0529768,0.0,0.0,0.0,0.0
0.296902,0.276925,0.0519419,0.0,0.0,0.0,0.0
0.300105,0.274502,0.0518905,0.0,0.0,0.0,0.0
0.293885,0.280345,0.0518737,0.0,0.0,0.0,0.0
0.293371,0.279756,0.0523815,0.0,0.0,0.0,0.0
0.290838,0.28399,0.0515693,0.0,0.0,0.0,0.0
0.290669,0.280252,0.0538715,0.0,0.0,0.0,0.0
0.309425,0.2782,0.0509077,0.0,0.0,0.0,0.0
0.309379,0.27646,0.0509118,0.0,0.0,0.0,0.0
0.310857,0.275046,0.0509524,0.0,0.0,0.0,0.0
0.310914,0.282116,0.0509424,0.0,0.0,0.0,0.0
0.30837,0.283526,0.0497405,0.0,0.0,0.0,0.0
0.309193,0.286209,0.0496738,0.0,0.0,0.0,0.0
0.312424,0.274472,0.0519525,0.0,0.0,0.0,0.0
0.316721,0.27831,0.0518418,0.0,0.0,0.0,0.0
0.315563,0.278249,0.0519544,0.0,0.0,0.0,0.0
0.317936,0.276933,0.0523419,0.0,0.0,0.0,0.0
0.318784,0.275836,0.0523106,0.0,0.0,0.0,0.0
0.317586,0.278552,0.0523641,0.0,0.0,0.0,0.0
0.28748,0.295644,0.0494727,0.0,0.0,0.0,0.0
0.287802,0.297597,0.0502368,0.0,0.0,0.0,0.0
0.287788,0.290536,0.0525732,0.0,0.0,0.0,0.0
0.288036,0.290596,0.0517682,0.0,0.0,0.0,0.0
0.293521,0.297732,0.0529184,0.0,0.0,0.0,0.0
0.292133,0.297697,0.0529092,0.0,0.0,0.0,0.0
0.302748,0.293283,0.0528921,0.0,0.0,0.0,0.0
0.303207,0.293838,0.052915,0.0,0.0,0.0,0.0
0.311036,0.291835,0.0529566,0.0,0.0,0.0,0.0
0.303164,0.295593,0.0529128,0.0,0.0,0.0,0.0
0.303142,0.297957,0.0529508,0.0,0.0,0.0,0.0
0.304642,0.297888,0.0529219,0.0,0.0,0.0,0.0
0.297879,0.311792,0.0499728,0.0,0.0,0.0,0.0
0.296876,0.311199,0.0495864,0.0,0.0,0.0,0.0
0.295705,0.312551,0.04888,0.0,0.0,0.0,0.0
0.30009,0.312856,0.0503554,0.0,0.0,0.0,0.0
0.296554,0.311606,0.0488817,0.0,0.0,0.0,0.0
0.296904,0.305243,0.0518963,0.0,0.0,0.0,0.0
0.301559,0.312884,0.0502877,0.0,0.0,0.0,0.0
0.309083,0.311195,0.04978,0.0,0.0,0.0,0.0
0.309784,0.311331,0.048922,0.0,0.0,0.0,0.0
0.303126,0.306633,0.0517154,0.0,0.0,0.0,0.0
0.303126,0.305206,0.0518953,0.0,0.0,0.0,0.0
0.278485,0.20212,0.0544319,0.0,0.0,0.0,0.0
0.278192,0.203278,0.053932,0.0,0.0,0.0,0.0
0.279746,0.203056,0.0545336,0.0,0.0,0.0,0.0
0.238634,0.234219,0.0543138,0.0,0.0,0.0,0.0
0.310928,0.246912,0.0548347,0.0,0.0,0.0,0.0
0.309783,0.246698,0.0545159,0.0,0.0,0.0,0.0
0.302792,0.249224,0.0544927,0.0,0.0,0.0,0.0
0.302947,0.251112,0.0550213,0.0,0.0,0.0,0.0
0.290932,0.278966,0.0546778,0.0,0.0,0.0,0.0
0.290959,0.280249,0.0546994,0.0,0.0,0.0,0.0
0.249887,0.237983,0.0541573,0.0,0.0,0.0,0.0
0.254796,0.192498,0.0541534,0.0,0.0,0.0,0.0
0.253682,0.19228,0.0545967,0.0,0.0,0.0,0.0
0.301529,0.247264,0.0549575,0.0,0.0,0.0,0.0
0.257904,0.259015,0.00906207,0.0,0.0,0.0,0.0
0.224941,0.231838,0.0528619,0.0,0.0,0.0,0.0
0.223353,0.231863,0.0529211,0.0,0.0,0.0,0.0
