# Patch: human
7894
(
4(0 1 2 3)
4(4 3 2 5)
4(0 3 6 7)
4(4 8 6 3)
4(9 10 11 12)
4(13 14 11 10)
4(15 16 13 10)
4(17 18 19 20)
4(19 21 22 20)
4(9 23 15 10)
4(24 25 17 20)
4(22 26 24 20)
4(27 28 29 30)
4(31 32 33 34)
4(6 35 36 7)
4(4 37 38 8)
4(39 40 41 42)
4(43 44 45 46)
4(47 48 49 50)
4(51 52 53 54)
4(11 55 56 12)
4(57 58 59 60)
4(61 62 63 64)
4(61 64 65 66)
4(67 68 69 70)
4(71 72 73 74)
4(61 75 76 62)
4(77 78 79 80)
4(81 82 83 84)
4(85 86 87 88)
4(89 90 91 92)
4(93 94 95 96)
4(97 98 99 100)
4(101 102 103 104)
4(105 106 107 108)
4(56 55 109 110)
4(111 112 113 114)
4(115 116 117 118)
4(119 120 121 122)
4(123 102 124 125)
4(126 127 128 129)
4(130 106 131 132)
4(113 112 17 25)
4(133 134 135 136)
4(137 138 139 27)
4(140 141 36 142)
4(143 144 145 146)
4(143 146 147 148)
4(143 149 150 144)
4(151 152 153 154)
4(155 156 157 158)
4(159 160 161 162)
4(163 164 165 166)
4(167 168 169 170)
4(171 172 173 174)
4(175 176 177 178)
4(179 54 53 180)
4(181 182 183 184)
4(185 186 187 188)
4(189 190 191 192)
4(193 194 195 196)
4(197 198 199 200)
4(4 5 201 37)
4(202 203 204 205)
4(202 206 207 203)
4(208 209 210 211)
4(212 66 65 213)
5(214 215 216 217 218)
4(219 220 221 222)
4(220 219 223 224)
4(225 226 227 228)
4(229 230 231 232)
4(233 234 235 236)
4(237 238 239 240)
4(241 234 233 242)
4(243 244 245 246)
4(247 248 249 250)
4(251 252 253 254)
4(255 256 257 258)
5(259 260 261 262 263)
4(264 265 266 267)
4(264 268 269 265)
4(270 271 269 272)
4(270 272 273 92)
4(274 275 276 277)
4(278 279 280 281)
4(176 282 283 284)
4(278 281 283 285)
4(176 175 286 282)
4(270 92 91 287)
4(288 289 91 90)
4(290 291 292 293)
4(294 98 295 296)
4(297 298 299 300)
4(301 302 303 304)
4(305 306 134 133)
4(307 308 309 310)
4(173 311 312 174)
4(313 314 315 316)
4(317 318 319 320)
4(317 321 322 318)
4(323 180 53 324)
4(325 326 126 327)
4(123 125 328 329)
4(330 327 126 129)
4(331 132 131 332)
4(9 333 334 23)
4(24 26 335 336)
4(337 338 339 340)
5(339 338 341 342 343)
4(344 345 346 347)
4(345 344 348 349)
4(350 351 352 353)
4(0 354 355 1)
4(189 356 357 190)
4(358 359 357 356)
3(359 358 360)
3(361 362 145)
4(363 364 365 366)
4(367 368 363 366)
4(367 369 370 368)
3(147 371 372)
3(373 370 369)
4(193 374 375 376)
4(377 378 375 374)
4(377 379 380 378)
4(381 379 382 383)
4(195 194 384 385)
4(197 386 387 388)
4(389 390 391 392)
4(387 393 394 388)
4(395 396 397 398)
4(199 399 400 200)
4(401 392 400 399)
4(31 34 402 403)
4(404 405 406 407)
4(408 409 410 411)
4(412 413 414 415)
4(416 417 418 419)
4(58 420 421 422)
5(423 424 425 426 427)
4(428 429 430 431)
4(432 433 434 435)
5(436 437 438 439 440)
5(441 442 443 444 445)
4(446 447 448 449)
4(450 451 452 453)
4(454 455 456 457)
5(458 459 460 461 462)
4(463 464 465 466)
4(467 468 469 470)
4(471 472 473 474)
4(475 476 477 478)
5(479 480 481 482 483)
4(484 485 486 487)
4(488 489 490 491)
4(492 493 494 495)
4(496 497 498 499)
4(500 501 502 503)
4(504 505 506 507)
6(508 509 510 511 512 513)
4(514 515 516 517)
4(518 519 520 521)
4(522 523 524 525)
4(526 527 528 529)
4(530 531 532 533)
4(534 535 536 537)
4(538 539 540 541)
4(542 543 544 545)
4(546 547 548 549)
4(550 551 552 553)
4(554 555 556 557)
4(558 559 560 561)
4(562 563 564 565)
5(566 567 568 569 570)
4(571 572 573 574)
4(575 576 577 578)
4(579 580 581 582)
4(581 580 583 584)
5(585 586 587 588 589)
4(590 591 592 593)
5(594 595 596 597 598)
4(599 600 601 602)
4(603 68 67 604)
4(605 606 607 608)
4(609 610 611 612)
4(613 614 615 616)
5(617 618 619 620 621)
4(622 623 624 625)
6(626 627 628 629 630 631)
5(632 633 634 635 636)
4(637 638 639 640)
4(641 642 643 644)
5(645 646 647 648 649)
4(650 651 652 653)
4(654 655 656 657)
5(658 659 660 661 662)
6(663 664 665 666 667 668)
4(669 670 671 672)
4(673 674 675 676)
5(677 678 679 680 681)
4(682 683 684 685)
4(686 687 688 689)
4(690 691 692 693)
4(694 695 696 697)
4(698 699 700 701)
4(702 703 704 705)
4(704 703 706 707)
4(708 709 710 711)
4(712 713 714 715)
5(716 717 718 719 720)
5(721 722 723 724 725)
4(726 727 728 729)
4(730 731 732 733)
4(734 735 736 737)
4(738 739 740 741)
4(742 166 165 743)
6(744 745 746 747 748 749)
4(750 86 751 752)
5(753 754 755 756 757)
4(758 759 760 761)
4(762 763 178 177)
5(764 765 766 767 768)
4(769 770 771 772)
4(773 774 775 776)
4(777 778 779 780)
6(781 782 783 784 785 786)
5(787 788 320 789 790)
4(791 792 793 794)
4(795 796 53 52)
4(795 52 51 797)
4(798 799 800 801)
4(131 106 105 802)
4(803 804 805 806)
4(807 808 809 810)
4(187 186 811 812)
4(811 813 814 812)
4(815 136 135 816)
5(817 818 819 820 821)
4(822 823 824 825)
4(826 827 828 829)
4(830 831 832 833)
5(834 835 836 837 838)
4(839 840 841 842)
4(843 844 845 846)
4(847 848 849 850)
4(851 852 853 854)
4(855 856 857 858)
5(859 860 861 862 863)
4(864 865 866 867)
4(868 869 870 871)
4(872 873 874 875)
4(876 877 878 879)
4(880 881 882 883)
4(884 885 886 887)
4(888 889 890 891)
4(892 893 894 895)
4(896 897 898 899)
5(900 901 902 903 904)
4(905 906 907 908)
4(909 910 911 912)
5(913 914 915 916 917)
4(918 919 920 921)
4(922 923 924 925)
4(926 120 119 927)
4(928 929 930 931)
4(932 933 934 935)
4(936 937 938 939)
5(940 941 942 943 944)
5(139 945 946 947 948)
5(949 950 951 952 953)
4(954 955 956 957)
5(958 959 960 961 962)
5(963 964 965 966 967)
4(968 969 970 971)
4(972 966 965 973)
4(969 968 974 975)
4(441 976 977 978)
4(979 978 977 980)
4(981 962 961 982)
4(983 984 985 986)
4(987 988 989 990)
5(962 981 991 992 958)
4(989 988 993 994)
4(995 968 971 996)
4(974 968 995 997)
5(441 978 979 998 442)
5(985 984 999 1000 1001)
4(1002 988 987 1003)
4(988 1002 1004 993)
4(1005 488 1006 1007)
5(488 1005 1008 1009 489)
4(1010 1011 1012 1013)
4(1012 1011 207 1014)
4(208 1015 1016 1017)
4(1016 1015 1018 1019)
4(1020 1011 1010 1021)
4(207 1011 1020 203)
6(1022 1023 1024 1025 1026 1027)
5(1028 1029 1030 1031 1032)
4(1033 1026 1034 1035)
4(1036 1022 1033 1035)
4(1037 1015 208 211)
4(1018 1015 1037 1038)
5(1039 1040 1041 414 413)
4(1042 1026 1025 1043)
4(1034 1026 1042 1044)
4(514 1045 1046 1047)
4(514 517 1048 1045)
4(518 1049 1050 1051)
4(518 521 1052 1049)
4(522 1053 1054 1055)
4(522 525 1056 1053)
5(1057 1058 1059 1060 1061)
4(562 1062 1063 1064)
4(562 1064 1065 563)
6(1066 1067 1068 1069 1070 1071)
5(579 1072 1073 1074 1075)
5(1076 1077 1078 1079 1080)
6(585 1081 1082 1083 1084 1085)
4(1086 1087 1069 1068)
4(590 1088 1089 1090)
4(579 1075 1091 580)
4(583 580 1091 1092)
4(1076 1093 1094 1077)
4(1094 1093 1095 1096)
4(585 1085 1097 586)
4(590 1090 1098 591)
4(1099 1100 601 244)
4(1101 1102 77 80)
4(1103 1104 1105 1106)
5(1107 1108 594 598 1109)
4(1110 1111 1112 1113)
5(1100 1114 1115 602 601)
4(69 68 1116 1117)
5(1118 1101 80 1119 1120)
4(1121 72 71 1122)
5(1103 1106 1123 1124 1125)
4(1126 1127 1128 1129)
5(1130 1131 428 1132 1133)
5(1132 428 431 1134 1135)
5(1136 1137 432 1138 1139)
4(441 445 1140 976)
4(1141 610 1142 1143)
4(1144 1145 1146 1147)
4(611 610 1141 1148)
5(1149 1150 1000 999 1151)
4(1152 454 1153 1154)
4(1146 1145 1155 1156)
5(462 1157 1158 1159 458)
5(1160 1161 1162 447 446)
4(1163 1164 1165 1166)
4(1167 1168 1169 1170)
4(1171 614 1172 1173)
6(1174 1175 1165 1164 1176 1177)
5(617 621 1178 1179 1180)
5(1181 1182 1183 1184 1185)
6(1171 1186 1187 1188 615 614)
4(626 1189 1190 1191)
4(1192 1193 1194 1195)
5(626 1191 1196 1197 627)
4(1198 1199 1200 1201)
4(1202 1203 1204 1205)
5(1206 1207 1208 1209 475)
4(1210 1211 1212 1213)
4(1214 1215 485 484)
6(1216 1217 1218 1219 1220 1221)
6(1222 1223 1224 1225 1030 1029)
5(1226 1227 1228 1229 1230)
4(1231 1232 1233 1234)
4(1235 1236 1237 1238)
4(1239 642 1240 1241)
4(1237 1236 1242 1243)
5(1244 1245 1246 1247 1248)
4(643 642 1239 1249)
5(645 649 1250 1251 1252)
4(645 1252 1253 646)
5(1254 1255 1256 1257 1258)
5(1259 1260 1261 1262 1263)
5(1254 1258 1264 1265 1266)
5(654 657 1267 1268 1269)
4(1270 1271 1272 1273)
6(654 1269 1274 1275 1276 655)
4(1277 1278 1279 1280)
6(1281 1271 1270 1282 1283 1284)
4(1285 1286 1287 1288)
4(1289 1271 1281 1290)
4(1287 1286 1291 1292)
4(1293 1294 1295 1296)
4(1297 1278 1298 1299)
4(1295 1294 1300 1301)
4(1302 1303 1304 1305)
6(1279 1278 1297 1306 1307 1308)
4(1304 1303 1309 1310)
4(1311 1312 1313 1314)
4(1312 1315 1316 1313)
4(1317 1286 1285 1318)
4(1309 1303 1319 1320)
6(1321 1322 1323 1324 1325 1326)
4(1327 1328 1329 1330)
4(1328 1331 1332 1329)
4(223 1312 1311 1333)
4(1315 1312 223 219)
5(1334 1335 1336 1337 1338)
4(1339 1335 1334 1340)
4(1341 1326 1325 1342)
5(1343 1344 1321 1326 1341)
4(225 1328 1327 226)
6(1345 1346 1347 1348 1349 1350)
4(1331 1328 225 1351)
4(1352 1353 1354 1355)
5(1356 1357 1358 1359 534)
5(1356 534 537 1360 1361)
5(1362 1363 542 545 1364)
4(669 1365 1366 1367)
4(1368 1369 1370 1371)
6(1372 1353 1352 1373 1374 1375)
6(1376 1377 1378 1379 546 549)
6(566 570 1380 1381 1382 1383)
6(1370 1369 1384 1385 675 674)
4(680 679 1386 1387)
5(1388 1389 1390 1391 1392)
4(1393 1394 1395 1396)
4(1397 1398 1399 1400)
4(1397 1400 1401 1402)
4(576 575 1403 1404)
4(1405 1406 1407 1408)
6(1409 1410 682 685 1411 1412)
4(1413 1414 237 240)
4(1415 1416 1417 1418)
4(233 1414 1413 242)
6(1408 1419 1420 1421 1422 1405)
4(1417 1416 1423 1424)
4(1425 1416 1415 1426)
4(1423 1416 1425 1427)
5(1428 1429 1430 1431 1432)
5(1433 1434 1435 1436 1437)
4(1438 690 693 1439)
4(1429 1428 1440 1441)
5(1442 1443 695 1444 1445)
4(1446 1433 1437 1447)
4(701 1448 1449 1450)
4(1443 1451 696 695)
6(1452 1453 1454 1455 1456 1457)
6(701 1450 1458 1459 1460 698)
4(1068 1067 1461 1462)
4(1461 1067 1066 1463)
4(579 582 1464 1072)
4(1465 1466 1467 1468)
4(1076 1080 1469 1470)
4(585 589 1471 1081)
4(1082 1081 1471 1472)
4(1473 1474 1475 1476)
5(1068 1462 1477 1478 1086)
4(1479 1480 1481 1482)
5(1483 1484 1485 1486 1487)
5(593 1488 1489 1088 590)
5(702 1490 1491 706 703)
4(1492 1493 1494 1495)
4(1076 1470 1496 1093)
4(1095 1093 1496 1497)
5(708 1498 1499 1500 1501)
4(1502 1503 1504 1505)
5(1506 1507 1508 1509 1510)
4(714 713 1511 1512)
4(601 600 245 244)
5(716 720 1513 1504 1503)
4(1103 1514 1515 1104)
4(1516 1517 1113 1112)
4(1116 68 603 1518)
4(1119 80 79 1519)
4(1520 72 1121 1521)
5(1522 1514 1103 1125 1523)
4(1126 1129 1524 1525)
4(73 72 1520 1526)
4(1527 1528 1529 1530)
4(1531 1532 1533 1534)
4(1527 1530 1535 1536)
6(1537 1538 1142 610 609 1539)
6(1144 1540 1541 1542 1543 1145)
4(1544 1545 1546 1547)
4(1544 1547 1548 1549)
4(1527 1550 1551 1528)
4(1552 1553 1554 1555)
4(1552 1555 1556 1557)
6(1558 1559 1560 1561 1562 1563)
4(1155 1145 1543 1564)
4(1544 1565 1566 1545)
4(1567 1568 1569 1570)
4(1549 1571 1565 1544)
4(1567 1570 1572 1573)
4(1574 1164 1163 1575)
4(1552 1576 1577 1553)
4(1560 1578 1579 1561)
5(1580 1581 1582 1583 1584)
4(1567 1585 1586 1568)
4(1587 1588 1589 1590)
4(1172 614 613 1591)
4(1176 1164 1574 1592)
5(1593 1594 1595 1596 1597)
4(1181 1598 1599 1182)
4(1587 1590 1600 1601)
4(1602 1603 1604 1605)
4(626 631 1606 1189)
6(1607 1608 1609 1610 1611 1612)
4(726 1613 1614 1615)
4(1603 1616 1617 1604)
4(1618 735 1619 1620)
5(1621 1622 1623 1624 1625)
4(1626 1627 1628 1629)
6(1630 1631 1632 1633 1634 1635)
4(1636 1637 1638 1639)
4(1636 1639 1640 1641)
4(1642 1643 1644 1645)
4(1646 1647 1648 1649)
4(1650 1651 635 634)
4(1642 1645 1652 1653)
4(1654 1655 1656 1657)
5(638 637 1658 1211 1210)
5(744 1659 1660 1661 745)
5(1662 1663 1664 1665 1666)
4(1654 1657 1667 1668)
5(1669 1670 1671 1672 1673)
4(1674 44 43 1675)
4(746 745 1661 1676)
4(1227 1226 1677 1678)
4(1663 1662 1679 1680)
4(1669 1673 1681 1682)
4(1242 1236 1683 1684)
4(1685 1247 1246 1686)
4(1250 649 648 1687)
4(83 82 1688 1689)
4(1690 1691 1692 1693)
4(1254 1694 1695 1255)
4(751 86 85 1696)
4(1697 754 1698 1699)
4(1692 1691 1700 1701)
4(1702 755 754 1697)
4(1703 1704 1705 1706)
4(1707 1708 1709 1710)
4(1711 1712 1713 1714)
4(1715 759 1716 1717)
4(47 1718 1719 1720)
5(1721 1722 1723 1724 1725)
5(1726 1337 1336 1727 1728)
4(1709 1708 1729 1730)
4(760 759 1715 1731)
5(762 1732 1733 1734 1735)
5(1736 1737 1738 1739 1740)
4(1741 1742 1743 1744)
5(1745 266 265 1746 1747)
4(1746 265 269 271)
5(1748 1749 89 92 273)
4(762 177 1750 1732)
4(1751 285 283 282)
4(1741 1744 1752 1753)
5(293 1751 282 286 1754)
5(93 1755 1756 1757 94)
6(1758 1759 1760 90 89 1749)
5(1761 1762 1763 1764 1765)
4(669 672 1766 1365)
5(1767 1768 1769 1770 1771)
6(1772 1773 1774 1775 1345 1350)
6(1751 293 292 1776 1777 285)
5(97 100 1778 1779 1780)
4(1374 1373 1781 1782)
5(93 1783 1784 1785 1755)
5(1762 1786 1787 1788 1763)
4(97 1789 295 98)
5(681 680 1790 1791 1792)
5(1793 1794 1795 1796 1797)
4(1798 778 1799 1800)
4(1799 778 777 1801)
4(1802 1803 1804 1805)
5(783 782 1806 1807 1808)
4(1405 1809 1810 1406)
5(787 790 1811 1812 1813)
4(1811 790 789 1814)
4(1815 792 1816 1817)
4(1816 792 791 1818)
6(1819 1820 1821 1822 1823 1824)
5(1825 1826 124 102 101)
4(1429 1827 1828 1430)
4(1821 1820 1829 1830)
5(130 1831 1832 107 106)
4(1833 1437 1436 1834)
4(1444 695 694 1835)
4(1447 1437 1833 1836)
5(700 1837 1838 1448 701)
4(1839 1840 1453 1452)
4(1841 1842 1843 1844)
4(1845 1846 1847 1848)
4(1845 1849 1850 1846)
4(805 804 1851 1852)
4(1853 1466 1465 1854)
4(1855 1856 1857 1858)
4(1859 1860 1861 1862)
4(1475 1474 1863 1864)
4(1865 1866 1867 1868)
4(1869 1870 1871 1872)
4(1481 1480 1873 1874)
4(1875 182 1876 1877)
4(708 711 1878 1498)
4(1499 1498 1878 1879)
5(716 1503 1502 1880 717)
5(1881 1506 1510 1882 1883)
4(811 186 1884 1885)
5(1886 1887 304 303 1888)
4(722 721 1889 1890)
4(1891 1892 1893 1894)
4(1895 1896 1897 1898)
4(1587 1899 1900 1588)
5(1899 1587 1601 1901 1902)
4(726 729 1903 1613)
4(731 730 1904 1905)
4(1906 1907 1908 1909)
4(1906 1909 1910 1911)
4(1619 735 734 1912)
4(1621 1625 1913 1914)
4(1915 1627 1626 1916)
4(1917 1918 1919 1920)
4(1636 1921 1922 1637)
4(1917 1920 1923 1924)
4(1906 1925 1926 1907)
4(1927 1928 1929 1930)
4(1931 1627 1915 1932)
4(1917 1933 1934 1918)
4(1921 1636 1641 1935)
4(1642 1936 1937 1643)
5(1938 1939 1929 1928 1940)
4(1941 1942 1943 1944)
4(1941 1944 1945 1946)
4(1947 1948 1949 1950)
4(1947 1950 1951 1952)
4(1654 1953 1954 1655)
4(1941 1955 1956 1942)
4(744 749 1957 1659)
4(1946 1958 1955 1941)
4(834 1959 1960 835)
4(1947 1961 1962 1948)
4(1963 1964 1965 1966)
4(1669 1967 1968 1670)
5(1969 1970 1971 1972 1973)
6(1679 1662 1666 1974 1975 1976)
5(1977 1978 1979 1980 1981)
4(1982 1983 1984 1985)
5(1970 1986 1987 1988 1971)
4(1989 1990 1991 1992)
4(1985 1993 1994 1982)
4(1989 1995 1996 1997)
4(1998 1999 2000 2001)
4(1992 2002 1995 1989)
4(2003 82 81 2004)
4(1999 2005 2006 2000)
4(2007 2008 2009 2010)
4(87 86 750 2011)
4(1688 82 2003 2012)
4(2013 1691 1690 2014)
5(2015 2016 2017 2009 2008)
4(1698 754 753 2018)
5(1691 2013 2019 2020 1700)
4(2021 1708 1707 2022)
4(2023 2024 2025 2026)
4(1716 759 758 2027)
4(2028 918 2029 2030)
4(2031 2032 2033 1740)
4(2034 2035 2036 2037)
4(1720 2038 48 47)
5(912 2039 2040 2041 909)
5(1721 2042 2043 2044 1722)
4(1729 1708 2021 2045)
4(2025 2024 2046 2047)
4(2048 116 115 2049)
4(919 918 2028 2050)
4(121 120 2051 2052)
5(763 762 1735 2053 2054)
5(2034 2037 2055 2056 2057)
4(2058 2059 2060 770)
4(2060 2061 771 770)
4(2062 2063 2064 2065)
4(2066 2067 2068 2069)
4(2066 2069 2070 2071)
4(2072 2073 2074 2075)
4(2076 2077 776 2078)
4(2077 2079 773 776)
4(2080 2058 770 769)
3(2081 2082 2083)
4(2062 2084 2085 2063)
4(783 1808 2086 784)
4(2087 2088 2089 2090)
4(2066 2091 2092 2067)
4(2093 2094 2095 2096)
4(787 1813 2097 788)
4(2072 2098 2099 2100)
4(2078 776 775 2101)
3(1793 1797 2102)
4(778 1798 2103 779)
6(2104 2105 2106 2107 2108 2109)
4(792 1815 2110 793)
4(2111 799 2112 2113)
4(800 799 2111 2114)
4(2115 2116 2117 2118)
4(2112 799 798 2119)
4(2120 933 2121 2122)
4(103 102 123 2123)
4(2117 2116 2124 2125)
4(2126 2127 2128 2129)
4(934 933 2120 2130)
4(2131 937 2132 2133)
4(2128 2127 2134 2135)
4(2136 2137 2138 2139)
4(938 937 2131 2140)
4(2141 2142 2143 2144)
4(1843 1842 2145 2146)
6(940 944 2147 2148 2138 2137)
4(1845 1848 2149 2150)
6(2151 2152 2153 2142 2141 2154)
4(2155 1856 1855 2156)
4(1861 1860 2157 2158)
5(2157 1860 55 11 14)
5(1866 2159 18 17 112)
4(2159 1866 1865 2160)
4(1871 1870 2161 2162)
4(1876 182 181 2163)
4(809 808 1876 2163)
4(814 813 2164 2165)
4(2166 133 136 2167)
4(821 2168 309 308)
4(308 2169 817 821)
5(2170 2167 136 815 2171)
4(2172 823 2173 2174)
4(824 823 2172 2175)
4(2168 821 820 2176)
4(2177 827 2178 2179)
4(828 827 2177 2180)
4(2173 823 822 2181)
4(2182 831 2183 2184)
4(832 831 2182 2185)
5(834 838 2186 2187 1959)
4(2178 827 826 2188)
5(841 840 1963 1966 2189)
4(2190 844 2191 2192)
4(845 844 2190 2193)
4(2183 831 830 2194)
4(2195 2196 2197 848)
4(2186 838 837 2198)
4(849 848 2197 2199)
4(2200 852 2201 2202)
4(853 852 2200 2203)
5(2204 1964 1963 840 839)
4(2205 856 2206 2207)
4(2191 844 843 2208)
4(857 856 2205 2209)
4(2210 863 2211 2212)
4(2213 859 863 2210)
5(2214 2195 848 847 2215)
4(2201 852 851 2216)
4(2217 865 2218 2219)
4(866 865 2217 2220)
4(2221 869 2222 2223)
5(2221 2224 2225 870 869)
4(2226 2227 2228 2229)
4(2230 2227 2226 2231)
5(2232 873 2233 2234 2235)
4(2206 856 855 2236)
4(874 873 2232 2237)
4(2238 877 2239 2240)
4(2211 863 862 2241)
4(878 877 2238 2242)
5(2243 2244 1990 1989 1997)
4(2218 865 864 2245)
4(2246 881 2247 2248)
4(2222 869 868 2249)
4(882 881 2246 2250)
4(2233 873 872 2251)
4(2239 877 876 2252)
4(2253 885 2254 2255)
4(886 885 2253 2256)
4(2247 881 880 2257)
4(2258 889 2259 2260)
4(890 889 2258 2261)
4(2254 885 884 2262)
4(2263 893 2264 2265)
4(894 893 2263 2266)
4(2259 889 888 2267)
4(2268 2269 2270 2271)
5(342 341 2272 349 2273)
4(2264 893 892 2274)
4(898 897 2275 2276)
4(2270 2269 2277 2278)
4(2279 2280 2281 2282)
4(349 2272 2283 345)
4(900 904 2284 2285)
5(2286 2287 2281 2280 2288)
4(2289 2290 2291 2292)
6(2293 2294 2295 2296 2297 2298)
4(2299 2300 2301 2302)
4(2299 2302 2303 2304)
6(2305 2306 2307 2308 2309 2310)
4(908 2311 2312 905)
4(910 909 2313 2314)
4(2315 917 916 2316)
4(2317 2289 2292 2318)
4(2024 2023 2319 2320)
4(952 2321 2322 2323)
4(2299 2324 2325 2300)
4(952 2323 2326 953)
4(2307 2327 2328 2308)
4(2329 2330 2331 2332)
6(2333 2334 2335 2327 2307 2306)
4(2329 2332 2336 2337)
4(2029 918 921 2338)
4(2339 2340 2341 923)
4(2342 916 915 2343)
4(2046 2024 2320 2344)
5(2345 116 2048 2346 2347)
4(952 951 2348 2321)
4(2349 2350 2351 2352)
4(2353 2354 2355 2356)
5(2051 120 926 2357 2358)
5(2359 2339 923 922 2360)
4(2057 2361 2362 2034)
4(117 116 2345 2363)
4(2364 2365 2366 2367)
4(2349 2368 2369 2350)
4(2370 2371 2372 2373)
4(2374 2375 2376 2377)
4(2370 2373 2378 2379)
4(2380 2381 2382 2383)
4(2353 2384 2385 2386)
4(2387 2380 2383 2388)
4(2389 2390 2391 2392)
4(2389 2392 2393 2394)
4(2395 2396 2397 2398)
4(2399 2400 2401 2402)
4(2370 2403 2404 2371)
5(2389 2405 2406 2407 2390)
4(2396 2408 2409 2397)
4(2087 2090 2410 2411)
4(2411 2412 2413 2087)
4(2093 2096 2414 2415)
4(2415 2416 2417 2093)
5(2418 2419 2073 2072 2100)
4(2420 2116 2115 2421)
4(2422 146 145 362)
4(147 146 2422 371)
4(2121 933 932 2423)
4(2124 2116 2420 2424)
4(2425 2127 2126 378)
4(2426 2427 2428 2429)
4(2426 2429 2430 2431)
4(2132 937 936 399)
4(2134 2127 2425 2432)
5(940 2137 2136 2433 941)
4(2426 2434 2435 2427)
5(2436 2437 2143 2142 2153)
5(2438 2436 2153 2152 2439)
4(139 948 28 27)
4(2440 2441 955 2442)
4(956 955 2441 2443)
5(2444 2445 142 2446 2447)
4(2442 955 954 2448)
4(2374 2377 2449 2450)
4(2450 2451 2452 2374)
4(2354 2353 2386 2453)
4(2454 2455 2456 2457)
6(2458 2459 2460 2455 2454 2461)
5(2462 2463 2464 2465 2466)
5(2467 2468 2469 2470 2471)
4(2472 413 412 2473)
5(2474 412 415 2475 2476)
4(2477 2473 412 2474)
4(2478 419 2479 2480)
4(418 2481 2479 419)
4(2482 2483 2484 2485)
4(2486 422 421 2487)
5(2488 421 420 2489 2490)
4(2491 2487 421 2488)
4(2492 2493 2494 2495)
4(2496 2497 2498 2499)
4(2500 2499 2498 2501)
4(2502 424 423 2503)
5(2504 423 427 2505 2506)
4(2507 2508 427 426)
4(2509 2503 423 2504)
4(2510 2505 427 2508)
4(2511 2512 2513 2514)
4(2513 2512 2515 2516)
4(2517 2518 2519 2520)
4(2521 2522 2523 2524)
4(2525 2526 2527 2528)
4(2529 2530 2531 2532)
5(2533 2534 2535 2536 2537)
4(2538 2539 2540 2541)
4(2542 2543 2544 2545)
5(431 430 2546 2547 1134)
4(2548 2549 430 429)
5(430 2549 2550 2551 2546)
4(2552 2547 2546 2553)
6(2554 2555 2556 2557 2558 2559)
4(435 434 2560 2561)
4(2562 2563 434 433)
4(434 2563 2564 2560)
4(2565 2566 2567 2568)
5(2569 2570 440 439 2571)
4(2572 2573 439 438)
4(2574 2571 439 2573)
4(992 991 2575 2576)
4(2577 2575 991 2578)
4(2579 2580 2581 2582)
4(2583 443 442 2584)
4(2585 2586 444 443)
4(993 1004 2587 2588)
4(1004 2589 2590 2587)
4(2591 449 448 2592)
6(2593 448 447 1162 2594 2595)
4(2596 2592 448 2593)
5(451 2597 2598 2599 452)
4(2600 2601 453 452)
4(2602 457 456 2603)
4(2604 2605 456 455)
4(2606 2603 456 2605)
5(2607 2608 2609 2610 2611)
4(2612 2613 2614 2615)
4(2616 2617 2618 2619)
4(2620 2621 2622 2623)
4(2624 2625 2626 2627)
4(463 2628 2629 464)
4(2630 463 466 2631)
4(2632 2628 463 2630)
4(2633 2634 2635 2636)
5(2637 2638 2639 2640 2641)
5(2637 2642 2643 2644 2638)
4(2645 470 469 2646)
4(2647 2648 469 468)
4(2649 2646 469 2648)
4(2650 473 2651 2652)
5(2653 2654 2651 473 472)
5(2655 474 473 2650 2656)
6(2657 2658 2659 2660 2661 2662)
4(2663 478 477 2664)
4(2665 2666 477 476)
4(2667 2664 477 2666)
4(481 2668 2669 2670)
4(2668 481 480 2671)
4(2672 487 486 2673)
4(2674 2675 486 485)
4(2676 2673 486 2675)
5(491 490 2677 2678 2679)
4(2680 2677 490 2681)
5(2682 2683 2684 2685 2686)
5(2687 2688 494 2689 2690)
5(2689 494 493 2691 2692)
4(2693 495 494 2688)
4(2694 497 496 2695)
4(499 2696 2697 496)
6(1219 2698 2699 2700 2701 1220)
4(2702 2703 2704 2705)
4(2706 500 503 2707)
5(2708 2709 2710 2711 2712)
5(2713 504 507 2714 2715)
4(2716 2717 507 506)
4(2718 2714 507 2717)
4(2719 2720 2721 2722)
5(2723 2724 2725 2720 2726)
5(2727 2726 2720 2719 2728)
4(2729 509 508 2730)
4(2731 517 516 2732)
4(516 515 2733 2734)
4(2732 516 2734 2735)
4(2736 521 520 2737)
4(520 519 2738 2739)
4(2737 520 2739 2740)
4(2741 525 524 2742)
4(524 523 2743 2744)
4(2742 524 2744 2745)
6(2746 2747 2748 2749 2750 2751)
4(2752 2753 2754 2755)
5(2756 2757 2758 2759 2760)
4(2761 2762 2763 2764)
4(231 2765 2766 232)
4(2767 2768 2769 2770)
4(2771 2772 2773 2774)
4(2775 529 528 2776)
4(2777 2778 528 527)
4(2779 2776 528 2778)
4(2780 533 532 2781)
4(2782 2783 532 531)
4(2784 2781 532 2783)
4(2785 537 536 2786)
4(2787 2788 536 535)
4(2789 2786 536 2788)
4(2790 541 540 2791)
4(2792 2793 540 539)
4(2794 2791 540 2793)
5(545 544 2795 2796 2797)
4(2798 2799 544 543)
4(2800 2795 544 2799)
4(2801 2802 2803 2804)
4(2805 2806 2807 2808)
4(2809 2810 2806 2811)
4(2812 549 548 2813)
4(2814 2815 548 547)
4(2816 2813 548 2815)
4(2817 2818 2819 2820)
4(2821 2822 2819 2818)
4(2823 553 552 2824)
4(2825 2826 552 551)
4(2827 2824 552 2826)
4(2828 557 556 2829)
4(2830 2831 556 555)
4(2832 2829 556 2831)
4(2833 561 560 2834)
4(2835 2836 560 559)
4(2837 2834 560 2836)
4(2838 565 564 2839)
4(2840 2841 564 563)
4(2842 2839 564 2841)
4(2843 568 2844 2845)
5(2844 568 567 2846 2847)
5(2848 2849 2850 2851 2852)
5(2853 2854 2855 2856 2857)
4(2858 573 2859 2860)
5(573 2858 2861 2862 574)
4(2863 2864 2865 2866)
4(2867 577 2868 2869)
5(577 2867 2870 2871 578)
5(2872 2868 577 576 2873)
5(2874 2875 2876 2877 2878)
4(2879 2880 2881 2882)
4(2883 2884 2885 2886)
4(2887 2888 1467 1466)
4(1479 2888 2887 1480)
4(1473 2889 2890 1474)
4(2890 2889 1511 713)
4(2891 584 583 2892)
4(2893 2894 581 584)
4(2895 582 581 2894)
4(587 586 2896 2897)
4(2898 2899 588 587)
4(2900 42 41 2901)
4(2902 2903 41 40)
4(2904 2901 41 2903)
4(592 591 243 246)
4(2905 2906 593 592)
4(2907 597 2908 2909)
4(2907 2910 598 597)
5(602 2911 2912 2913 599)
4(2914 2915 1519 79)
4(2916 2917 1519 2915)
4(2918 2919 2920 2921)
4(603 604 2922 2923)
4(2924 2925 2926 2927)
4(2928 2926 2925 2929)
5(2930 2931 2932 2933 2934)
4(2935 2936 2930 2937)
4(2937 2930 2934 2938)
4(2939 2940 2941 2942)
4(2943 607 2944 2945)
5(2943 2946 2947 608 607)
4(2948 2949 2950 2951)
4(2952 612 611 2953)
5(609 612 2954 2955 1539)
5(2956 2954 612 2952 2957)
4(2958 2959 2960 2961)
4(2962 2963 2960 2964)
4(2965 2961 2960 2963)
6(2966 2967 2964 2960 2959 2968)
5(2969 2970 2971 2972 2973)
4(2974 2971 2970 2975)
4(2976 2977 2970 2969)
4(2978 2979 2980 2981)
5(616 615 1188 2982 2983)
4(2984 2985 613 616)
4(2986 620 619 2987)
4(2988 2989 619 618)
4(2990 2987 619 2989)
5(2991 2992 622 625 2993)
4(2994 2995 625 624)
4(2996 2993 625 2995)
4(2997 2998 2999 3000)
4(3001 629 628 3002)
4(3003 3004 630 629)
4(3005 3006 3007 3008)
4(3009 3010 3011 3012)
4(3013 3014 3011 3015)
4(3016 3012 3011 3014)
4(3017 3015 3011 3010)
4(3018 3019 3020 3021)
5(3019 3022 3023 3024 3020)
4(3025 157 156 3026)
5(3027 3028 3029 158 157)
4(3030 3031 3032 3033)
4(3034 632 636 3035)
4(3036 3037 636 635)
4(3038 3035 636 3037)
4(3039 3040 3041 3042)
4(3043 640 639 3044)
4(3045 3046 637 640)
5(3047 3048 3049 3050 3051)
4(3052 3053 3054 3055)
4(3056 3057 3054 3053)
4(3058 3059 3060 3061)
4(3062 3063 3060 3059)
4(3064 3065 3066 3067)
4(3068 3069 3066 3070)
5(3067 3066 3069 3071 3072)
4(3073 3070 3066 3065)
4(644 3074 3075 3076)
4(3074 644 643 3077)
4(3078 647 646 3079)
4(3080 3081 648 647)
6(3082 3083 653 652 3084 3085)
4(3086 3087 652 651)
4(3088 3084 652 3087)
4(3089 3090 3091 3092)
6(3093 3094 3095 3096 3097 3098)
6(656 3096 3095 3099 3100 657)
6(3097 3096 656 655 3101 3102)
4(3103 3099 3095 3094)
4(3104 3105 3106 3107)
4(3108 3109 3106 3105)
4(3110 1308 1307 3111)
4(3112 3113 3114 3115)
4(3116 3112 3115 3117)
4(3118 661 660 3119)
5(3120 3121 660 659 3122)
4(3123 3124 659 658)
4(3125 3126 3127 3128)
5(3129 3130 3131 3132 3133)
5(3129 3134 3135 3136 3130)
4(3131 3130 3136 3137)
4(3138 3139 3140 3141)
5(1344 1343 3140 3142 3143)
5(1343 3144 3145 3141 3140)
4(3146 3142 3140 3139)
4(3147 162 161 3148)
5(3149 3150 3151 3152 3153)
4(3154 3155 667 666)
4(3156 3157 3158 3159)
6(3160 3161 3162 3163 3164 3165)
4(3166 3167 3168 3169)
6(3168 3167 671 670 3170 3171)
6(3166 3172 3173 672 671 3167)
5(676 675 1385 3174 3175)
4(3176 3177 673 676)
4(3178 3179 3180 3181)
4(3182 3183 3184 3185)
4(3186 3185 3184 3187)
4(3188 3189 678 677)
5(3190 677 681 3191 3192)
6(3193 3194 3195 3196 3197 3198)
4(3199 3200 3196 3201)
4(3202 3201 3196 3195)
4(3203 3197 3196 3200)
5(3204 3205 3206 3207 3208)
5(3209 3205 3204 3210 3211)
4(3206 3205 3209 3212)
4(3213 3210 3204 3208)
5(3214 3215 3216 3217 3218)
4(3219 3220 3215 3214)
4(3221 3216 3215 3222)
4(3223 3224 3225 3226)
4(3227 3224 3223 3228)
5(3229 3225 3224 3230 3231)
5(3232 3233 3234 3235 3236)
4(3237 3238 3234 3239)
5(3239 3234 3233 3240 3241)
4(3242 3235 3234 3238)
5(3243 1411 685 684 3244)
4(3245 3246 684 683)
4(3247 3244 684 3246)
4(3248 686 689 3249)
4(3250 3251 689 688)
4(3252 3249 689 3251)
5(3253 3254 3255 1441 3256)
6(3257 3258 3259 1827 3255 3254)
5(3260 3261 3262 3263 697)
4(3260 697 696 3264)
5(3265 1454 1453 1840 3266)
4(3267 3265 3266 3268)
5(3269 3270 3266 1840 3271)
5(3272 3273 700 699 3274)
4(2887 1466 1853 3275)
4(1873 1480 2887 3275)
4(183 3276 1857 1856)
4(1875 3276 183 182)
5(1860 1859 3277 109 55)
5(111 3278 1867 1866 112)
4(1863 1474 2890 3279)
4(2890 713 712 3279)
4(1869 3280 185 1870)
4(185 3280 1884 186)
4(3281 707 706 3282)
4(3283 3284 704 707)
4(3285 705 704 3284)
4(3286 711 710 3287)
4(715 714 3288 3289)
4(3290 3291 712 715)
4(3292 3290 715 3289)
4(3293 719 718 3294)
4(3295 3296 1557 3297)
5(3298 3299 3300 3301 3302)
6(3303 3304 3305 1581 3301 3300)
4(3306 723 3307 3308)
5(722 3309 3310 3307 723)
5(3311 3312 3313 3314 3315)
5(3311 3315 1891 3316 3317)
6(1891 3315 3314 3318 3319 1892)
4(3320 3318 3314 3313)
4(3321 3322 3323 3324)
4(3325 3326 3323 3322)
4(3327 3328 3329 3330)
4(3331 3332 3333 3334)
5(3335 3336 3337 3332 3331)
5(3338 3339 3340 3333 3332)
5(3341 3342 3343 3344 3345)
5(727 3346 3347 3348 728)
5(3349 1914 1913 3350 3351)
4(3352 3353 1914 3349)
4(3354 732 3355 3356)
5(3354 3357 3358 733 732)
5(734 737 3359 3360 3361)
4(3362 741 740 3363)
4(740 739 3364 3365)
4(3363 740 3365 3366)
5(3367 3368 3369 3370 3371)
4(3372 3373 3367 3374)
4(3374 3367 3371 3375)
4(3376 743 165 3377)
4(164 3378 3377 165)
4(3379 3380 3381 3382)
4(3383 46 3384 3385)
4(3386 3384 46 45)
4(3387 747 746 3388)
4(3389 3390 1975 1974)
6(3391 3392 3393 3394 3395 3396)
4(3397 3398 3399 3400)
6(3401 3402 3400 3399 3403 3404)
4(3405 3406 3407 3408)
5(3409 3410 3411 3412 3413)
4(3414 3415 3410 3416)
4(3417 3411 3410 3415)
4(3418 3416 3410 3409)
5(3419 3420 3421 3422 3423)
4(3424 3421 3420 3425)
4(3426 3427 3422 3421)
4(3428 752 751 3429)
5(3430 3431 750 752 3432)
4(3433 3432 752 3428)
4(3434 1700 2020 3435)
4(3436 3437 2020 2019)
5(3435 2020 3437 3438 3439)
4(3440 3441 173 172)
4(3442 3443 3444 3445)
5(3446 1712 1711 3444 3447)
5(1711 3448 3449 3445 3444)
4(3450 3447 3444 3443)
4(3451 3452 3453 3454)
4(3455 3456 3457 3458)
4(3459 3460 3461 3462)
4(3463 3464 3465 3466)
5(3462 3461 3465 3464 3467)
4(3468 3469 3470 3471)
4(3472 3473 3470 3469)
4(49 48 3474 3475)
4(3476 50 49 3477)
4(3478 3479 3480 3481)
4(3482 275 3480 3483)
4(274 3481 3480 275)
4(3484 3483 3480 3479)
4(3485 175 178 3486)
4(3487 3486 178 763)
4(3488 3489 3490 3491)
4(3492 3493 3494 3495)
4(3496 3497 3494 3493)
4(3498 765 764 3499)
4(3500 772 771 3501)
4(3502 3503 769 772)
4(3504 3505 3506 3507)
4(3508 3509 3505 3510)
5(3509 3511 3512 3506 3505)
4(3513 3510 3505 3504)
5(774 3514 3515 3516 775)
4(3517 777 780 3518)
6(3519 3520 3521 3522 3523 3524)
4(3525 3526 3520 3527)
4(3528 3521 3520 3526)
4(3529 3527 3520 3519)
4(3530 789 320 319)
5(3531 3532 791 794 3533)
4(3534 3535 3536 3537)
4(3536 3535 3538 3539)
4(3540 3541 3538 3535)
4(3542 797 51 3543)
4(330 801 800 327)
4(3544 3545 798 801)
4(3546 3547 3548 3549)
6(297 3549 3548 802 105 298)
4(3550 3551 3552 3553)
4(3554 3555 3552 3556)
4(3557 3553 3552 3555)
4(3558 3556 3552 3551)
4(806 805 3559 3560)
4(3561 3562 803 806)
4(3563 3561 806 3560)
4(183 1856 2155 184)
4(2161 1870 185 188)
4(3564 810 809 3565)
4(3566 12 56 3567)
5(3568 3569 3570 3571 3572)
4(3573 3574 3571 3570)
4(3571 3575 336 3572)
4(3576 411 187 812)
4(3576 812 814 3577)
4(408 411 3576 3577)
5(3578 816 135 3579 3580)
4(3581 3582 815 816)
4(3583 3584 820 819)
4(3585 825 824 3586)
4(3587 3588 822 825)
4(829 828 3589 3590)
4(3591 3592 826 829)
4(3593 833 832 3594)
4(3595 3596 830 833)
5(836 3597 3598 3599 837)
4(3600 842 841 3601)
4(3602 3603 839 842)
5(3604 3605 846 845 3606)
5(846 3605 3607 3608 843)
4(3609 850 849 3610)
5(3611 3612 2215 847 850)
5(3613 854 853 3614 3615)
4(3616 3617 851 854)
4(3618 858 857 3619)
4(3620 3621 855 858)
5(3622 3623 3624 3625 3626)
4(3627 867 866 3628)
4(3629 3630 864 867)
6(871 3631 3632 3633 3634 3635)
4(3631 871 870 3636)
4(3635 3637 868 871)
4(3638 3639 3640 3641)
4(2227 2230 3640 3642)
5(2230 3643 3644 3641 3640)
4(3645 3642 3640 3639)
4(3646 875 874 3647)
4(3648 3649 872 875)
4(3650 879 878 3651)
4(3652 3653 876 879)
5(3654 883 3655 3656 3657)
4(3655 883 882 3658)
4(3654 3659 880 883)
4(3660 3661 3662 3663)
4(3664 3665 3666 3667)
4(3668 3669 3666 3670)
6(3671 3672 3667 3666 3669 3673)
4(3674 3670 3666 3665)
4(3675 887 886 3676)
4(3677 3678 884 887)
5(3679 891 3680 3681 3682)
4(3679 3683 888 891)
4(3684 3680 891 890)
4(3685 3686 3687 3688)
4(3689 3688 3687 3690)
4(895 894 3691 3692)
4(3693 3694 892 895)
4(3695 3696 3697 3698)
4(2277 2269 3699 3697)
4(3700 3698 3697 3699)
4(3701 2277 3697 3696)
4(3702 3703 3704 3705)
4(3706 3705 3704 3707)
4(3708 3709 899 898)
4(3710 3711 896 899)
4(3712 3713 3714 3715)
4(2288 2280 3716 3714)
4(3717 3715 3714 3716)
4(3714 3713 3718 2288)
4(902 3719 3720 903)
4(2318 2292 3721 3722)
4(3723 2318 3722 3724)
4(906 3725 3726 907)
4(3727 3728 3729 3730)
5(3731 3732 3733 3734 3735)
4(911 910 3736 3737)
4(3738 912 911 3739)
4(3740 3741 2344 2320)
5(3742 3743 2344 3741 3744)
4(919 3745 3746 920)
5(922 925 3747 3748 2360)
4(3749 3747 925 3750)
4(3751 927 119 3752)
5(926 927 3753 3754 2357)
5(2401 2400 3755 3756 3757)
4(3758 3759 2401 3757)
4(3760 3761 3757 3756)
4(3762 3763 3764 3765)
4(3766 3767 3764 3768)
4(3769 3765 3764 3767)
5(3770 3771 3768 3764 3763)
5(3772 3773 3774 3775 3776)
4(3777 3778 3776 3779)
4(3780 3772 3776 3778)
4(3775 3781 3779 3776)
4(3782 3783 3784 3785)
4(3785 3784 3786 3787)
4(3788 3789 3790 3791)
4(3792 3793 3790 3794)
4(3795 3791 3790 3793)
4(3789 3796 3794 3790)
5(3797 3798 3799 3800 3801)
5(3802 3803 3799 3798 3804)
5(3800 3799 3803 3805 3806)
4(189 192 3807 3808)
4(193 196 3809 374)
6(3810 3811 3812 3813 3814 3815)
4(3816 3817 930 929)
4(3818 931 930 3819)
4(199 935 934 3820)
5(932 935 3821 388 3822)
4(197 388 3821 198)
4(3823 939 938 3824)
5(3825 936 939 3826 389)
5(3823 3827 3828 3826 939)
4(944 943 3829 3830)
4(3831 3830 3829 3832)
5(3833 3834 3835 3836 3837)
4(3836 3838 3839 3837)
5(946 3840 3841 3842 947)
4(5 2 3843 201)
4(3844 3845 3843 3846)
4(3847 3848 2447 2446)
4(3847 37 201 3848)
4(2 1 3846 3843)
5(3845 2447 3848 201 3843)
4(3849 950 949 3850)
4(3851 951 950 3852)
4(3853 957 956 3854)
4(3855 3856 954 957)
4(3857 3858 2384 3859)
5(972 3860 3861 3862 3863)
5(961 960 3864 3865 3866)
4(965 964 3867 3868)
4(969 3868 3867 970)
4(3869 3860 972 973)
4(3870 973 965 3868)
5(3860 3869 3871 3872 3861)
4(969 975 3870 3868)
4(974 3873 3874 975)
4(979 980 3874 3873)
4(961 3866 3875 982)
4(981 982 3876 3877)
4(985 3878 3879 986)
4(989 3877 3876 990)
4(987 990 3879 3878)
4(981 3877 2578 991)
4(994 2578 3877 989)
5(995 996 3880 3881 3882)
4(3883 3873 974 997)
4(3884 997 995 3882)
4(979 3873 3883 998)
4(2584 442 998 3885)
5(3886 3887 3888 449 2591)
4(3889 3878 985 1001)
4(987 3878 3889 1003)
4(1002 1003 3890 3891)
6(3892 3891 3890 3893 3894 1159)
5(3893 3895 2602 3896 3894)
5(1002 3891 3892 2589 1004)
4(3897 3898 3899 3900)
4(1005 2672 2673 1008)
4(1009 1008 3901 3902)
4(1012 3902 3901 1013)
4(1012 1014 3903 3902)
4(207 206 3904 1014)
6(3905 209 3906 3907 3908 3909)
4(1016 3910 3911 1017)
4(208 1017 3906 209)
4(3897 3912 3913 3898)
4(3914 3912 3915 3910)
4(1016 1019 3914 3910)
4(1018 3916 3917 1019)
4(3918 3914 1019 3917)
6(3919 3920 3921 3922 3923 3924)
5(3925 3926 3927 3928 205)
4(3929 202 205 3928)
4(3930 206 202 3929)
5(2460 2459 3931 3932 3933)
4(3934 3935 3936 3937)
6(3938 2699 2698 3935 3934 3939)
5(3940 3941 3939 3934 3931)
5(3942 3943 3944 3945 3946)
4(1028 1032 3947 3948)
5(3949 3950 3951 3952 3953)
5(3949 3942 3946 3954 3950)
4(210 3955 3953 3952)
4(210 209 3905 3955)
5(1018 1038 3956 3957 3916)
4(3958 3959 3960 2471)
5(3961 3962 3963 3964 3965)
5(3965 3966 501 500 3961)
4(3962 3967 3968 3963)
5(2454 2457 3969 3970 2461)
4(2456 3971 3972 2457)
4(2457 3972 3973 3969)
6(3974 3975 1042 1043 3970 3969)
4(3976 3977 2463 2462)
4(3978 2462 2466 3979)
4(3976 2462 3978 60)
4(3976 60 59 3980)
4(3981 3982 2494 2493)
5(3983 3984 3985 3986 3987)
5(3988 3989 3990 2724 2723)
5(3988 3991 3984 3983 3989)
5(3992 3993 2481 418 3994)
4(2478 2480 3995 3996)
4(2479 3997 3998 2480)
6(3999 4000 3998 3997 4001 4002)
5(2480 3998 4000 4003 3995)
4(4004 4005 2482 2485)
5(4006 2485 2484 4007 4008)
4(4004 2485 4006 4009)
4(4010 4011 4012 4013)
5(4014 4010 4013 4015 4016)
4(4017 4018 4019 4020)
5(2727 4021 4019 4018 2726)
6(4022 4020 4019 4021 4023 4024)
4(4025 4026 4027 4028)
5(4029 4030 4031 4032 4033)
4(4022 4031 4030 4020)
4(4032 4031 509 2729)
4(1046 4032 2729 1047)
5(4034 4035 4036 4037 4026)
5(4038 4039 4040 4041 4042)
5(4040 4039 4043 4044 4045)
4(4043 4039 4038 4046)
4(1045 1048 4036 4035)
4(4047 1048 517 2731)
4(1049 4046 4038 1050)
4(1050 4047 2731 1051)
5(4048 4049 4050 4051 4052)
4(4053 4054 4043 4046)
4(1049 1052 4053 4046)
4(4055 1052 521 2736)
4(1053 4056 4057 1054)
4(2736 1055 1054 4055)
5(4058 4059 4060 4061 4062)
4(4063 1056 525 2741)
5(4063 1060 4064 4065 4066)
4(1059 4067 4064 1060)
4(1060 4063 2741 1061)
6(4068 4016 4015 4060 4059 4069)
5(4014 4016 4068 4070 4071)
4(4072 4068 4069 4067)
5(4073 4070 4068 4072 4074)
4(4075 4076 4077 4078)
4(4077 2779 2778 4078)
4(1063 1062 2798 4079)
4(1064 1063 4080 2833)
4(4075 2819 2822 4076)
4(1065 1064 2833 2834)
4(4081 4082 4083 4084)
4(4085 4086 4087 4082)
4(4088 4089 4087 4086)
5(4090 4081 4084 4091 4092)
4(4093 4090 4094 4095)
4(4096 4095 4094 4097)
4(1070 4086 4085 1071)
4(4088 4086 1070 1069)
4(1066 1071 4098 4099)
4(1074 1073 4093 4095)
4(4096 1075 1074 4095)
4(4098 1073 1072 4099)
4(4100 4101 4102 4103)
4(2507 426 4102 4101)
4(4104 4105 4106 4107)
4(4108 4107 4106 4109)
4(1078 4101 4100 1079)
4(2507 4101 1078 1077)
4(1080 1079 4110 4111)
4(1084 1083 4104 4107)
4(4108 1085 1084 4107)
4(4110 1083 1082 4111)
4(1087 2501 4088 1069)
4(4112 4113 1087 1086)
4(4113 2500 2501 1087)
5(4114 4115 4116 4117 4118)
4(4114 1090 1089 4115)
4(4119 4115 1089 4120)
5(1092 1091 1075 4096 4121)
4(4122 2892 583 1092)
5(4119 4120 4122 1092 4121)
6(4122 4120 1089 1088 1489 2892)
5(1094 1096 2508 2507 1077)
4(1095 4123 4124 1096)
5(4125 4126 4127 4128 4129)
4(4125 64 63 4126)
4(2896 4130 63 62)
4(4131 4126 63 4130)
4(1097 1085 4108 4132)
4(586 1097 4130 2896)
4(4133 2511 2514 4134)
4(2513 4135 4136 2514)
4(4137 4135 2513 2516)
4(2514 4136 4138 4134)
4(243 591 1098 4139)
5(1108 1107 4140 4137 4141)
4(243 4139 1099 244)
4(4142 4143 2517 2520)
4(4144 4143 4142 4145)
4(4146 2520 2519 4147)
4(4142 2520 4146 4148)
4(4142 4148 4149 4145)
5(65 64 4125 4129 4144)
4(213 65 4144 4145)
4(212 213 1105 1104)
4(4150 4151 2521 2524)
4(4152 2524 2523 4153)
4(4150 2524 4152 4154)
4(4155 4150 4154 4156)
4(2522 1109 4157 2523)
5(4158 1114 1100 4159 4160)
4(4153 2523 4157 1111)
4(1111 4157 2910 1112)
4(4161 2911 602 1115)
4(4161 1117 1116 2911)
4(1119 4162 4163 1120)
4(1121 1122 4163 4162)
4(2525 2528 4164 4165)
4(2527 4166 4167 2528)
4(2528 4167 4168 4164)
4(4169 1124 4165 4164)
4(4170 1125 1124 4169)
4(4168 1127 4169 4164)
4(4169 1127 1126 4170)
4(4171 4172 2529 2532)
4(4173 2532 2531 4174)
4(4171 2532 4173 1133)
4(2530 4175 4176 2531)
4(4174 2531 4176 4177)
6(2552 4178 4179 1135 1134 2547)
4(70 2533 4180 4181)
4(2533 70 69 2534)
4(2935 4182 4183 4184)
4(2552 4184 4183 4178)
4(4185 4181 4183 4182)
4(71 74 4186 4187)
4(4188 2538 2541 4189)
4(2540 4190 4191 2541)
4(4191 4190 435 2561)
4(2541 4191 4192 4189)
4(4193 4194 4188 4189)
4(4192 4195 4193 4189)
4(4196 2545 2544 4197)
4(2543 4198 4199 2544)
4(4197 2544 4199 4200)
6(2546 2551 4201 4202 4203 2553)
4(4201 4204 4205 4202)
5(4205 4204 4206 4207 4208)
4(4209 4210 4203 4202)
4(4205 4211 4209 4202)
4(4212 4213 2558 2557)
5(4212 2572 438 437 4213)
4(2556 4214 4215 2557)
4(4212 2557 4215 4216)
4(2560 2564 4217 4218)
4(2564 4219 4220 4217)
4(4221 4222 4218 4217)
4(4220 4223 4221 4217)
4(4224 2567 2566 4225)
4(2565 4226 4227 2566)
4(4225 2566 4227 4228)
4(4229 976 1140 4230)
4(4208 4231 4232 4233)
4(4234 1534 4232 4235)
4(4236 4235 4232 4231)
5(4237 1140 445 444 2586)
4(1141 1143 4237 2586)
5(1143 1142 1538 4234 4235)
4(4238 1147 1146 4239)
5(1144 1147 4240 2947 1540)
4(2575 2577 4241 4242)
4(2577 4243 4244 4241)
4(4245 4246 4242 4241)
4(4244 4247 4245 4241)
5(4248 2582 2581 4249 4250)
4(2580 4251 4252 2581)
4(4249 2581 4252 4253)
4(2583 2584 4254 4255)
4(4256 4255 453 2601)
4(2585 1148 1141 2586)
4(4257 2953 611 1148)
4(2962 4258 4259 4260)
4(4260 4259 4256 2601)
4(4261 1150 1149 4239)
4(1152 1154 4262 4263)
4(1146 1156 4261 4239)
4(1155 4264 4265 1156)
5(4264 4266 4267 4268 4265)
4(2587 2590 4269 4270)
5(4271 4272 4273 1157 462)
5(4273 4272 4274 4269 2590)
4(4275 4276 4270 4269)
4(4274 4277 4275 4269)
6(4278 4279 4280 4281 4282 4283)
6(1165 1175 4284 4285 4286 1166)
5(1169 2598 2597 4287 1170)
4(2962 4260 4288 2963)
4(2965 2963 4288 4289)
4(4290 4289 4291 4292)
4(4293 4294 4290 4295)
4(4295 4290 4292 4296)
4(2965 4289 4290 4294)
4(4297 4298 1152 4263)
6(4299 4300 4301 460 459 4302)
5(4303 4304 4305 4306 4307)
6(4308 4309 4310 4311 4312 4313)
6(4314 4315 4316 4317 4318 4319)
4(4271 4316 4315 4320)
4(2974 2975 4315 4314)
5(4321 4320 4315 2975 4322)
6(1171 1173 4323 4309 4308 1186)
4(4324 4325 2611 2610)
5(4326 4327 4328 4329 4330)
5(2608 4331 1179 4332 2609)
4(4333 4334 4335 4336)
4(4337 4333 4336 4338)
4(4333 4337 1597 1596)
4(4339 4340 4341 4342)
4(4343 4344 4345 4346)
5(4347 2612 2615 4348 4349)
6(2614 4350 4351 4352 4348 2615)
4(4308 4353 1187 1186)
4(2982 1188 1187 4354)
6(4349 4355 4354 1187 4353 4347)
5(4354 4355 1183 1182 2982)
5(4356 4357 4337 4338 4358)
5(4359 4357 4356 4360 4361)
5(4362 4363 4364 4365 4366)
5(4362 4367 623 622 4363)
5(1193 4364 2992 2991 1194)
4(4368 4369 4370 4371)
4(4372 4373 4374 4375)
5(4376 4377 4378 4379 4380)
5(4381 4382 4383 4384 4385)
5(1197 4383 3002 628 627)
5(4382 4381 4386 1198 1201)
5(4382 1201 1200 3002 4383)
5(4387 4388 4389 4390 4391)
5(4392 1205 1204 4393 4394)
5(4392 4389 4388 1202 1205)
4(4395 4369 4396 4397)
4(4398 4399 4400 4401)
4(4402 4398 4401 2625)
4(4403 4404 4405 4406)
4(4407 4408 2616 2619)
4(2618 4409 4410 2619)
4(4407 2619 4410 4411)
5(1198 4412 3014 3013 1199)
4(3016 3014 4412 4413)
4(4414 4415 4416 4417)
5(4414 4418 4419 4420 4415)
5(4421 4422 4423 4424 4425)
4(1204 4426 4427 4393)
4(4421 4428 4429 4422)
4(4430 4431 2620 2623)
4(2622 4432 4433 2623)
4(4430 2623 4433 4434)
4(4435 4436 2643 2642)
4(4437 4438 2624 4439)
5(4440 4441 4442 4443 4444)
5(4441 4440 466 465 4445)
5(4446 4403 4406 4447 4448)
5(4449 4450 4451 4452 4453)
5(4454 4455 4456 4457 4458)
5(4459 4460 4461 4462 4463)
5(4462 4464 4465 4466 4463)
4(4419 4418 4465 4467)
4(4462 4461 4468 4464)
4(4469 4470 4423 4422)
5(1208 4471 4472 4473 4474)
4(2639 4475 4476 2640)
5(4477 4478 2641 2640 4479)
4(4480 4481 4482 4476)
5(4483 4479 2640 4476 4482)
4(4484 2647 468 4485)
4(4484 4486 4487 4488)
4(4484 4488 4489 2647)
6(2650 2652 4490 4491 4492 2656)
4(2679 4493 4494 491)
4(4490 2652 4493 4495)
4(4490 4495 4496 4491)
4(4497 4498 4492 4491)
5(4498 4497 4499 4500 4501)
4(4496 4502 4497 4491)
6(1212 4502 4496 4503 4504 1213)
5(4497 4502 1212 1211 4499)
4(4505 4506 2659 2658)
4(2657 4507 4508 2658)
4(4509 4507 2657 2662)
4(2661 4510 4511 2662)
5(4511 4510 633 632 3034)
4(4509 2662 4511 4512)
6(4509 4512 4513 1229 2684 2683)
5(4513 4512 4511 3034 4514)
4(2668 4515 4516 2669)
4(2693 4516 4515 495)
4(2669 4517 4518 2670)
4(4480 2670 4518 4481)
4(4481 4518 4519 4520)
4(2669 4516 4521 4517)
4(2693 4522 4521 4516)
5(4523 4524 4525 1215 4526)
5(1215 4525 4527 2674 485)
4(4504 4528 4529 1213)
4(4530 4531 4529 4528)
5(4532 4533 1221 1220 2701)
5(4529 4531 4534 3044 639)
4(4534 4535 4536 3044)
5(4536 4535 4537 4538 4539)
5(1228 1227 4540 4541 4542)
4(4543 4544 4541 4540)
5(4544 4543 4545 3052 4546)
5(1232 2692 2691 4547 1233)
4(2687 4548 4549 2688)
4(2693 2688 4549 4522)
4(4522 4549 4550 4551)
5(4552 4553 4550 4549 4548)
5(4554 4548 2687 2690 4555)
4(3058 4556 4554 4557)
4(4552 4548 4554 4556)
4(4558 499 498 4559)
5(4560 4561 4562 4558 4563)
4(4564 4565 4566 4567)
4(4568 4569 4570 4571)
5(4572 4573 4574 4575 4576)
4(3058 4557 4573 3059)
4(4573 4557 4577 4574)
4(3062 3059 4573 4572)
4(4578 4579 4580 4581)
4(4578 3068 4582 4579)
5(3062 4572 4576 4579 4582)
4(4583 503 502 4567)
5(4584 2707 503 4583 4585)
4(4566 4586 4583 4567)
5(4566 4587 4588 4589 4586)
4(4589 4590 4591 4586)
4(1235 1238 4591 4590)
4(4592 2712 4593 4594)
4(4595 4596 4592 4597)
4(2708 2712 4592 4596)
4(2710 4598 4578 4581)
5(4578 4598 3071 3069 3068)
4(4599 3072 3071 4598)
4(1239 1241 4596 4595)
4(4599 1241 1240 3072)
4(1242 4600 4601 1243)
5(1245 4602 4601 4600 1246)
5(4603 4604 4605 4606 4607)
5(4608 4609 4610 4611 4612)
4(4608 1252 1251 4609)
4(4613 4609 1251 4614)
4(4615 3077 643 1249)
5(4613 4614 4615 1249 4616)
5(1251 1250 3077 4615 4614)
5(4617 2728 2719 2722 4618)
4(4619 4620 4621 4622)
4(4623 4624 4625 4626)
5(4624 4627 4073 4074 4625)
5(4621 4627 4624 4628 4622)
4(3079 646 1253 4629)
4(3079 4629 1256 1255)
5(1262 4630 4631 4632 1263)
5(4633 4634 4635 4636 4637)
4(4638 4637 4636 4639)
4(2734 4640 4641 2735)
4(4642 2735 4641 4643)
5(4644 4645 4643 4646 4647)
4(2739 4648 4649 2740)
4(4650 2740 4649 4651)
5(4652 4653 4651 4654 4655)
4(2744 4656 4657 2745)
5(4658 4659 4657 4656 4660)
5(4661 2745 4657 4659 4662)
5(1274 1269 1268 4663 4662)
5(4658 4664 1274 4662 4659)
5(4665 1267 657 3100 4666)
4(4667 4668 4669 4670)
4(1272 4671 4672 1273)
6(4673 4664 4658 4660 4674 4675)
6(4676 4677 4678 4675 4674 4679)
4(1274 4664 4673 1275)
6(4680 4681 1276 1275 4673 4682)
4(1277 1280 4678 4677)
5(3110 4683 1280 1279 1308)
4(1281 1284 4684 4685)
4(1287 4685 4684 1288)
4(4686 1290 1281 4685)
5(4687 4688 4689 4690 4691)
5(4689 4688 4692 4693 4694)
4(4692 4688 4687 4695)
4(1287 1292 4686 4685)
4(1295 4695 4687 1296)
4(214 218 4692 4695)
4(4696 1299 216 215)
4(1297 1299 4696 4697)
4(1295 1301 214 4695)
4(1304 4697 4696 1305)
4(4698 1306 1297 4697)
4(1304 1310 4698 4697)
4(1309 4699 4700 1310)
4(4701 1316 1315 4702)
5(1285 3118 3119 4703 1318)
4(1339 4704 4705 4706)
6(4707 1319 1303 1302 4708 4709)
5(1309 1320 4710 4711 4699)
4(1325 1324 4712 4713)
4(1327 1330 4714 4715)
4(1331 4716 4717 1332)
5(4718 4719 224 223 1333)
5(4720 224 4719 4721 4722)
4(222 4702 1315 219)
5(4723 4724 4725 4726 4727)
4(220 4728 4729 221)
4(4720 4728 220 224)
5(4730 4731 4732 4729 4728)
5(4733 4734 4735 4726 4725)
5(4736 4737 4738 4735 4734)
5(1334 1338 4739 4740 4741)
6(4742 4743 4744 4745 4746 4747)
4(4747 4741 4740 4742)
5(4743 4742 4748 4749 4750)
5(1340 4751 4752 4753 4754)
4(4751 1340 1334 4741)
5(2753 4755 4756 4757 2754)
4(2752 4758 4759 2753)
4(4755 2753 4759 4760)
4(4761 4762 2758 2757)
4(2756 4763 4764 2757)
4(4761 2757 4764 4765)
5(4766 1342 4767 4768 4769)
4(1341 1342 4766 4770)
6(4771 4772 4770 4766 4769 4773)
5(1341 4770 4774 3144 1343)
6(4772 4771 4775 4776 4777 4778)
4(4772 4778 4774 4770)
5(4777 4779 4780 4781 4778)
6(4782 4783 4784 4785 4786 4787)
5(4782 4788 159 4789 4783)
5(4790 4791 4792 4793 4794)
5(4794 4715 4714 160 4790)
5(4791 4790 160 159 4788)
4(226 4794 4793 227)
4(1327 4715 4794 226)
4(1347 228 227 1348)
5(1331 1351 3150 3149 4716)
5(1351 225 228 3151 3150)
5(228 1347 1346 4795 3151)
5(4796 4797 4798 663 4799)
4(4800 4801 4802 4803)
4(4804 4805 4806 4807)
5(4804 4807 4808 4809 4810)
4(4808 4807 4811 4812)
5(4813 4814 4815 4816 4817)
5(4815 4818 4819 4820 4816)
4(4821 4822 2761 2764)
4(4821 2764 4823 4824)
5(4821 4824 4825 4826 4827)
6(4825 4824 4823 4828 2775 4829)
4(4830 4831 151 154)
4(4832 4833 2767 2770)
4(2769 4834 4835 2770)
5(4836 4834 2769 4837 4838)
4(4839 1364 545 2797)
6(4779 4840 4841 4842 4843 4780)
5(4844 4845 4846 4847 4848)
4(4849 4850 4851 4852)
5(4853 4850 4849 4854 4855)
4(4850 4853 3170 4856)
4(4857 4858 4859 4860)
5(1349 4861 4862 1772 1350)
4(1371 1370 674 4863)
5(4864 4865 1372 1375 4866)
5(4864 4867 4868 4869 4870)
4(4871 4872 2773 2772)
4(2771 4873 4874 2772)
4(4871 2772 4874 4875)
4(4876 4877 2803 2802)
4(2801 4878 4879 2802)
4(4876 2802 4879 4880)
5(1384 1369 4881 4882 4883)
5(1384 4883 4884 3174 1385)
5(4885 4886 4887 4888 4889)
4(4890 4891 3180 3179)
4(4892 4893 2805 2808)
6(4894 2808 2807 4895 4896 4897)
4(4892 2808 4894 4898)
5(2862 2861 4899 4900 4901)
5(2871 2870 1393 1396 4902)
5(4903 2847 2846 4904 4905)
4(4906 4907 2843 2845)
4(2844 4908 4909 2845)
6(4910 4911 4906 2845 4909 4912)
5(1400 1399 4913 4910 1401)
5(4914 4915 1401 4910 4912)
6(4916 4917 1386 679 678 3189)
4(4918 4919 4916 3189)
5(4918 4920 3199 4921 4919)
4(4922 4923 1389 1388)
4(2848 2852 4921 4924)
4(4924 4921 3199 3201)
4(3211 4925 4926 4927)
5(4926 4925 4923 4922 4928)
4(4929 2854 2853 4930)
4(2853 2857 4931 4932)
4(3211 3210 4931 4925)
5(4925 4931 2857 2856 4923)
4(3213 4932 4931 3210)
4(4933 4930 2853 4932)
4(4934 4935 2858 2860)
4(2859 4936 4937 2860)
5(4934 2860 4937 4938 4939)
4(4940 1404 2863 2866)
5(2866 2865 4941 236 235)
4(4940 2866 235 4942)
5(1419 1408 1407 4943 4942)
4(234 1419 4942 235)
5(4944 2867 2869 4945 4946)
4(2869 4947 4948 4945)
4(3226 4949 4948 4950)
5(4945 4948 4949 4951 4946)
4(3219 4950 4948 4947)
4(4952 4947 2869 2868)
4(3226 3225 4953 4949)
5(4949 4953 4954 4955 4951)
5(3229 4956 4954 4953 3225)
4(4957 4958 4959 4960)
4(4959 4958 4961 3237)
4(4962 4963 3241 3240)
5(4963 4959 3237 3239 3241)
4(239 238 1409 1412)
4(1413 240 4964 4965)
4(4966 4967 4968 687)
4(1417 4965 4964 1418)
4(1415 1418 4967 4966)
4(4969 242 1413 4965)
4(1419 234 241 1420)
4(1417 1424 4969 4965)
4(1423 4970 4971 1424)
4(4972 4966 687 686)
4(1415 4966 4972 1426)
4(1425 1426 4973 4974)
4(1438 4975 4976 4977)
4(4978 4974 4973 4979)
4(4980 4970 1423 1427)
4(4981 1427 1425 4974)
4(4970 4980 4982 4983)
4(4978 4984 4985 4986)
4(4978 4986 4981 4974)
5(4987 4988 4989 4986 4985)
4(1428 1432 4989 4988)
5(4990 4991 4992 4993 4994)
4(4995 4992 4991 4996)
4(2875 4997 4998 2876)
5(1440 4999 5000 3256 1441)
4(3256 5000 1442 1445)
4(1446 1447 5001 5002)
5(5001 5003 5004 5005 5002)
4(5006 5007 2879 2882)
4(2882 2881 5008 5009)
5(5006 2882 5009 5010 5011)
5(5012 5013 5011 5010 5014)
4(2883 2886 5015 5016)
5(2885 5017 5018 5019 2886)
4(5020 5015 2886 5019)
4(1451 1443 5021 5016)
4(5022 1451 5016 5015)
4(3264 696 1451 5022)
4(5023 5024 5025 5026)
4(5027 5023 5026 5028)
4(5029 5030 5027 5028)
4(5031 1463 1066 4099)
4(5032 5033 1461 1463)
4(1072 1464 5031 4099)
5(5034 1464 582 2895 5035)
4(1467 5033 5032 1468)
4(1465 1468 5036 5037)
4(5038 1469 1080 4111)
5(5039 5040 5041 1470 1469)
4(1082 1472 5038 4111)
4(5042 1472 1471 5043)
4(1473 1476 5042 5043)
4(5044 1476 1475 5045)
4(4112 1086 1478 5046)
4(5047 1478 1477 5048)
4(5049 5046 1478 5047)
4(1479 1482 5047 5048)
4(1481 5050 5051 1482)
4(5049 5047 1482 5051)
4(2891 2892 1489 1488)
4(5052 1488 593 2906)
5(2894 2893 1491 1490 2895)
4(5053 3282 706 1491)
4(1492 1495 5052 2906)
4(5053 1495 1494 3282)
4(5054 4123 1095 1497)
4(5055 1497 1496 5056)
4(5041 5056 1496 1470)
4(5057 4123 5054 5058)
4(5059 5058 5060 5061)
5(1500 5055 5056 5041 1501)
4(1499 5062 5063 1500)
4(5060 1505 1504 5061)
4(1502 1505 5063 5062)
4(2896 62 76 2897)
4(5064 5065 76 75)
4(5066 2897 76 5065)
4(5064 1508 1507 5065)
4(3288 5067 1507 1506)
4(5066 5065 1507 5067)
4(1511 2899 2898 1512)
4(3288 714 1512 5067)
4(5066 5067 1512 2898)
5(5068 5069 596 595 5070)
5(2904 5071 5068 5070 2901)
4(5072 5073 245 600)
4(5074 246 245 5073)
5(5075 247 1887 1886 5076)
4(5074 5075 5076 5077)
4(5078 1887 247 250)
5(5068 5071 5079 250 249)
4(5074 5073 5080 5075)
5(1492 2906 2905 5077 5076)
4(5081 5082 5083 5084)
4(5085 5081 5059 5061)
5(5086 5082 5081 5085 5087)
5(1513 5087 5085 5061 1504)
4(212 1104 1515 5088)
5(5089 5090 1515 1514 1522)
5(5090 5091 5092 5088 1515)
5(5064 5093 5094 1509 1508)
5(5092 5091 5095 5094 5093)
5(5095 254 3293 5096 5094)
5(5090 251 254 5095 5091)
5(5097 5098 1516 2907 2909)
4(2907 1516 1112 2910)
4(5099 1517 1516 5098)
5(2908 5100 5101 5097 2909)
4(5100 5102 5103 5101)
4(2923 5104 5105 5106)
4(2912 2911 1116 1518)
4(1518 603 2923 5106)
5(5107 4162 1119 1519 2917)
4(1121 4162 5107 1521)
4(1520 1521 5108 5109)
5(2916 5108 1521 5107 2917)
4(5110 1523 5111 5112)
5(5111 1525 5113 5114 5112)
4(1525 5111 4170 1126)
4(5115 5113 1525 1524)
4(5116 5117 5118 5119)
5(5114 5119 5118 5110 5112)
5(5120 5116 5119 5114 5113)
4(5121 2919 2918 5122)
4(2923 2922 5123 5104)
4(2935 2937 5124 4182)
5(4185 4182 5124 5125 5126)
4(1526 1520 5109 5127)
5(5128 5129 5130 1526 5127)
4(5131 5132 5133 5134)
4(5135 5136 5137 5138)
4(5136 5139 5140 5137)
4(5141 5140 5139 5142)
4(5143 5144 5138 5137)
4(5115 5138 5144 5145)
4(5146 5143 5137 5140)
4(5141 5147 5146 5140)
4(5148 2924 2927 5149)
4(2932 2931 5150 5151)
5(5152 5153 2933 2932 5151)
4(5154 5155 5152 5151)
4(5134 5156 5157 5158)
5(5159 5160 5161 5162 5163)
4(5164 5165 5166 5167)
4(5141 5142 5164 5167)
4(5165 5168 5169 5166)
4(5170 5169 5168 5171)
4(5166 5172 5173 5167)
4(5174 5172 5166 5169)
4(5175 2939 2942 5176)
4(5177 5178 2942 2941)
4(5178 5177 5179 5180)
4(1529 5178 5180 1530)
4(5181 1531 5182 5183)
5(5154 1532 1531 5181 5184)
4(4234 1538 1537 5185)
5(2955 5186 5187 1537 1539)
5(5187 5183 5182 5185 1537)
4(5188 5189 5190 5191)
5(5154 5184 5190 5189 5155)
5(5190 5184 5181 5183 5191)
4(5192 5193 5188 5191)
5(5188 5193 1535 1530 5180)
5(5192 5194 1536 1535 5193)
4(5187 5192 5191 5183)
5(5195 5196 2945 2944 5197)
4(5195 5198 5199 5196)
4(5199 5198 5200 5201)
4(5202 2945 5196 5203)
4(5199 5204 5203 5196)
5(5201 1547 1546 5204 5199)
5(5203 5204 1546 1545 5205)
4(5206 5207 5208 5209)
4(5207 5210 5211 5208)
4(5212 5211 5210 5213)
4(5214 5215 5209 5208)
4(5214 5201 5200 5215)
4(1548 5214 5208 5211)
4(5201 5214 1548 1547)
5(5216 2948 2951 5217 5218)
4(5219 5220 1551 1550)
4(5220 1554 5217 2951)
4(1554 5220 5219 1555)
5(5194 5221 5222 5223 1536)
4(5219 5224 1556 1555)
4(3297 1557 1556 5225)
4(5226 5225 1556 5224)
4(3297 5225 1562 1561)
5(5226 5227 1563 1562 5225)
4(2952 2953 5228 5229)
6(2962 2964 2967 5229 5228 4258)
4(5230 5229 2967 2966)
5(5230 2966 5231 1559 1558)
4(5232 4264 1155 1564)
5(1564 1543 1542 5233 5234)
4(4266 4264 5232 5235)
6(4266 5235 5236 5237 5238 4267)
4(5236 5235 5239 5240)
5(5239 5241 1584 1583 5240)
5(1545 1566 5242 5243 5205)
4(5244 5245 1566 1565)
4(5246 5242 1566 5245)
4(3298 3302 5247 5248)
5(5246 5248 5247 5249 5250)
4(5244 1570 1569 5245)
4(3298 5248 1569 1568)
4(5246 5245 1569 5248)
4(5251 5252 5253 5254)
4(2976 5255 5256 2977)
5(5252 5257 5256 5255 5253)
4(5258 1571 5254 5253)
4(1572 5258 5253 5255)
4(5258 1572 1570 5244)
5(5259 5260 5261 5262 5263)
4(1574 1575 5264 5265)
5(5266 1577 1576 5267 5268)
4(2958 2961 5269 5270)
4(2965 4294 5269 2961)
6(5271 2968 2959 2958 5272 5273)
4(2968 5271 5231 2966)
4(2958 5270 5274 5272)
4(3316 5275 5274 5276)
6(5275 5277 5278 5273 5272 5274)
6(5240 5279 5280 5281 5237 5236)
6(5279 1582 5282 5283 5284 5280)
4(1583 1582 5279 5240)
5(5285 5282 1582 1581 3305)
6(5285 5286 5287 5288 5283 5282)
4(5289 5290 1586 1585)
4(5289 5291 1589 1588)
4(2975 2970 2977 4322)
4(1591 5292 2972 2971)
4(5292 1591 613 2985)
4(2974 1172 1591 2971)
5(5293 5294 5291 5289 1585)
4(5292 2985 1590 1589)
4(5295 1592 1574 5265)
5(5296 5297 1592 5295 5298)
4(5299 5300 5301 5302)
4(5303 5304 1594 1593)
5(1594 5304 5302 5301 1595)
4(5305 5306 5299 5302)
5(5303 1607 1612 5307 5304)
4(5304 5307 5305 5302)
4(2980 5308 5309 2981)
4(2982 1182 1599 2983)
4(5310 5311 1599 1598)
4(5312 2983 1599 5311)
5(1601 1600 5313 5314 1901)
4(5312 5313 1600 5315)
4(5310 1603 1602 5311)
4(5313 1602 1605 5314)
4(5312 5311 1602 5313)
5(2985 2984 5315 1600 1590)
4(5316 1189 1606 5317)
4(5318 5317 1606 5319)
4(5303 5320 1608 1607)
4(5321 1609 1608 5322)
4(5318 5322 1608 5320)
4(5321 5322 1614 1613)
4(5318 5319 1614 5322)
5(5319 1606 631 630 3004)
4(5323 5324 5325 5326)
4(5310 5327 1616 1603)
4(5328 1617 1616 5329)
4(5323 5329 1616 5327)
6(5330 1630 1635 5331 5332 5326)
5(5329 5332 5331 5333 5328)
4(5323 5326 5332 5329)
4(5334 5335 2997 3000)
4(3001 3002 1200 5336)
5(5336 1200 1199 3013 3015)
4(3017 5337 5336 3015)
4(3003 5338 5339 3004)
4(5340 3346 727 5338)
4(5340 1620 1619 3346)
4(5341 4388 4387 5342)
4(5343 5342 5344 5345)
4(1202 4388 5341 5346)
4(1623 1622 5343 5345)
4(1621 5347 5348 1622)
4(1626 1629 5348 5347)
4(5349 5350 5351 5352)
4(5351 5353 5354 5352)
5(5355 5354 5353 5356 5357)
4(5358 1632 1631 5359)
4(5357 1639 1638 5355)
4(5358 5359 1638 1637)
5(5355 1638 5359 5352 5354)
4(3009 3012 257 256)
4(4419 258 257 4420)
4(3016 4420 257 3012)
4(3009 5360 5361 3010)
4(3017 3010 5361 5362)
4(5363 5364 5361 5360)
4(3009 256 5365 5360)
4(3372 5366 5365 5367)
4(255 5367 5365 256)
4(5363 5360 5365 5366)
6(1627 1931 5368 5369 5370 1628)
4(5371 5372 5373 5374)
4(5357 5375 1640 1639)
4(5376 1641 1640 5377)
4(5378 5377 1640 5375)
4(5371 1645 1644 5372)
4(5376 5377 1644 1643)
4(5378 5372 1644 5377)
4(5379 5380 3024 3023)
4(5381 5382 5383 5384)
4(5383 1646 5385 5384)
4(5385 1646 1649 5386)
4(5387 5388 5381 5384)
4(5385 5389 5387 5384)
4(5390 1651 3025 3026)
4(5390 3036 635 1651)
4(156 5391 5392 3026)
4(5390 3026 5392 5393)
4(5394 5395 5396 5397)
4(5371 5398 1652 1645)
4(5399 1653 1652 5400)
4(5401 5400 1652 5398)
4(1657 1656 5396 5402)
4(5399 5400 1656 1655)
5(1656 5400 5401 5397 5396)
4(5403 5404 3030 3033)
4(4499 1211 1658 5405)
4(5406 5405 1658 5407)
4(5386 5408 5409 5410)
4(5411 5412 5409 5413)
4(5406 5413 5409 5408)
4(5411 5413 1660 1659)
4(5406 5407 1660 5413)
4(5407 1658 637 3046)
4(1660 5407 3046 1661)
4(5414 5415 5416 1677)
4(1664 1663 5416 5415)
4(5417 5418 5419 5420)
4(5419 5421 5422 5420)
4(5423 1668 1667 5424)
4(5424 1667 5417 5420)
4(5423 5424 1671 1670)
5(1671 5424 5420 5422 1672)
4(5425 5426 3039 3042)
4(3041 1675 5427 3042)
4(5425 3042 5427 5428)
4(4538 5429 5430 4539)
5(4539 5430 3043 3044 4536)
4(5431 5432 5430 5429)
4(3045 1676 1661 3046)
4(5433 3388 746 1676)
4(3397 5434 5435 5436)
4(5431 5436 5435 5432)
4(5437 4540 1227 1678)
4(5438 1678 1677 5416)
4(1663 1680 5438 5416)
4(1679 5439 5440 1680)
4(5441 5442 5443 5444)
4(5443 5445 5446 5444)
4(5447 1681 5441 5444)
4(5446 5448 5447 5444)
4(3050 5449 5450 3051)
5(3051 5450 5451 5452 3047)
5(3060 3063 5453 5454 5455)
4(5453 3063 5456 5457)
4(3068 3070 5456 4582)
4(3062 4582 5456 3063)
4(3073 5457 5456 3070)
4(5458 5459 5455 5454)
4(3414 5460 5461 5462)
4(3073 5462 5461 5457)
5(5457 5461 5458 5454 5453)
4(3064 3067 5463 5464)
5(5465 5463 1240 642 641)
4(5466 5464 5463 5465)
4(3064 5467 5468 3065)
4(3414 5462 5468 3415)
4(3073 3065 5468 5462)
4(3417 3415 5468 5467)
4(3064 5464 5469 5467)
4(3423 5470 5469 5471)
4(5466 5471 5469 5464)
4(3417 5467 5469 5470)
4(5472 4600 1242 1684)
4(5472 5473 5474 1686)
4(1246 4600 5472 1686)
4(1685 1686 5474 5475)
5(5476 5477 5478 5479 5480)
4(5474 5473 5479 84)
4(5474 84 83 5475)
4(3074 1687 5481 3075)
4(3074 3077 1250 1687)
4(5481 1687 648 3081)
4(3075 5482 5483 3076)
4(3423 5471 5483 3419)
4(5466 3076 5483 5471)
5(3419 5483 5482 3425 3420)
4(5481 88 5482 3075)
4(85 88 5481 3081)
4(5484 5485 5486 5487)
4(5488 5487 1685 5475)
5(5484 5489 5490 5491 5485)
6(5489 5492 5493 3086 651 5490)
4(83 1689 5488 5475)
4(1688 5494 5495 1689)
4(5492 1693 1692 5493)
4(1690 1693 5495 5494)
6(5496 5497 1695 1694 5498 5499)
4(3080 1696 85 3081)
4(5500 3429 751 1696)
4(1697 1699 5496 5499)
4(5500 1699 1698 3429)
5(5501 5502 5503 5504 5505)
6(3103 5506 5505 5504 5507 3099)
4(5508 755 1702 5509)
4(5501 5509 1702 5510)
4(5501 5505 5511 5509)
6(5512 5513 5514 5515 5516 5517)
6(5514 5513 5518 1263 4632 5519)
6(5518 5513 5512 5520 3089 3092)
6(1703 5521 5522 5523 5524 1704)
6(5525 3102 3101 4681 5526 5527)
4(3093 5528 5529 3094)
4(171 174 5529 5528)
6(5530 5528 3093 3098 5531 5532)
5(1713 5532 5531 5533 5534)
6(5530 5532 1713 1712 3446 5535)
4(171 5528 5530 5535)
4(1705 5536 5537 1706)
4(1707 1710 5537 5536)
5(5538 5539 5540 5541 5542)
4(5543 5544 5540 5539)
4(1714 1713 5534 5545)
4(5546 3448 1711 1714)
4(5546 1717 1716 3448)
4(5547 5548 5549 5550)
4(1719 1718 3137 5551)
4(1720 1719 5552 5553)
4(5554 5555 3114 3113)
4(1316 5556 5557 1313)
4(5556 1316 4701 5558)
5(1709 1730 5559 3124 3123)
4(1729 5560 5561 1730)
5(5562 1731 1715 5538 5563)
4(5564 5565 760 1731)
4(3482 5566 5567 5568)
4(3146 5568 5567 5569)
5(5567 5566 5570 5565 5564)
4(5571 1330 1329 5572)
4(1330 5571 5573 4714)
4(5574 5575 3127 3126)
4(5576 5577 5578 5579)
5(5580 1737 1736 5581 5575)
5(3472 3469 1738 5582 5583)
4(5576 1744 1743 5577)
4(5582 1743 1742 5583)
4(5584 5585 3133 3132)
4(5585 5584 3154 666)
4(3131 5586 5587 3132)
4(3476 5587 5586 50)
4(5584 3132 5587 1745)
4(5584 1745 1747 3154)
4(5588 272 269 268)
5(5589 1748 273 5590 5591)
4(5592 5593 1748 5589)
4(5588 5590 273 272)
4(4735 5594 5595 4726)
4(5594 4735 4738 5596)
5(5596 5597 5598 5599 5594)
6(1748 5593 5599 5598 1758 1749)
4(3145 4781 5600 3141)
6(5601 5600 4781 4780 4843 5602)
4(3138 277 276 3139)
4(3482 5568 276 275)
4(3146 3139 276 5568)
4(4789 159 162 5603)
4(4789 5603 5604 5605)
4(176 284 1750 177)
4(5606 5607 1750 284)
5(5608 280 5609 5610 5611)
4(5606 281 280 5608)
4(5606 284 283 281)
5(5612 3153 3152 5613 5614)
4(5615 5616 5613 3152)
4(5616 5615 1775 290)
4(3152 3151 4795 5615)
4(1752 5614 5613 5617)
4(5576 5614 1752 1744)
4(3485 1753 1752 5617)
4(5616 1754 5617 5613)
4(1754 5616 290 293)
4(5618 5619 5620 5621)
4(1781 1373 5622 5618)
4(5623 1781 5618 5621)
4(5624 287 91 289)
5(5625 5626 5627 5621 5620)
4(288 94 1757 289)
4(5628 5629 5630 5631)
6(5632 5633 5634 5635 1760 1759)
6(5632 5636 5637 5638 5639 5633)
4(288 5635 95 94)
4(5640 96 95 5641)
4(5634 5641 95 5635)
4(5640 5641 1764 1763)
6(5628 5631 1761 1765 5639 5638)
6(1764 5641 5634 5633 5639 1765)
5(4808 5642 5630 5629 4809)
5(5642 4808 4812 3162 3161)
5(5642 3161 3160 5631 5630)
4(1761 5631 3160 1762)
4(3158 5643 5644 3159)
4(5645 3159 5644 5646)
4(5647 1365 1766 5648)
4(3173 5649 1766 672)
5(5649 5650 5651 5648 1766)
4(5652 5653 5654 5651)
4(5650 5655 5652 5651)
5(4853 4855 5656 5657 5658)
5(4853 5658 5659 3171 3170)
5(5657 5660 5661 5659 5658)
6(5662 5663 5664 5665 5666 5667)
4(5668 5669 5670 5671)
4(294 1770 1769 5672)
4(5668 100 99 5669)
4(294 5672 99 98)
4(5673 5669 99 5672)
4(5674 5675 5676 5677)
4(278 285 1777 5678)
5(5677 5679 1776 292 291)
6(5679 5680 5681 5678 1777 1776)
4(5668 5682 1778 100)
6(1778 5682 5681 5680 5683 1779)
5(5679 5677 5676 5683 5680)
5(1374 1782 5684 4866 1375)
4(5685 1782 1781 5623)
4(1755 1785 5685 5623)
5(5686 5685 1785 1784 5687)
4(5640 1763 1788 5688)
4(5689 5690 1788 1787)
4(5691 5688 1788 5690)
5(5692 5693 5694 5695 5696)
5(5691 5692 5696 5697 5698)
4(5689 2060 2059 5690)
4(5693 5692 2059 2058)
4(5691 5690 2059 5692)
4(3163 5699 5700 3164)
6(5701 5702 5700 5699 5703 5704)
5(5705 3165 3164 5706 5707)
5(5700 5708 5709 5706 3164)
6(3498 5710 5709 5708 5711 765)
4(5689 5712 2061 2060)
5(5713 2061 5712 5707 5706)
5(5710 5714 5713 5706 5709)
6(5661 5715 3169 3168 3171 5659)
5(5716 3166 3169 5717 5718)
5(5715 5719 5720 5717 3169)
4(5721 2077 2076 5722)
4(3174 5723 5724 3175)
5(5725 5726 5727 5724 5728)
4(5729 3175 5724 5727)
6(5730 5731 5732 295 1789 5733)
4(5734 296 295 5732)
4(5721 5735 2079 2077)
4(5736 773 2079 5737)
4(5734 5737 2079 5735)
4(3176 5738 1780 3177)
4(1792 5739 3191 681)
5(5739 5740 5741 5742 5743)
5(5739 5743 5744 5745 3191)
6(5743 5742 5746 5747 2083 5744)
4(3191 5745 5748 3192)
4(5749 5750 1796 1795)
4(3184 5728 4888 3187)
4(5751 5752 3182 3185)
4(5752 5751 5753 5749)
5(3185 3186 5754 5755 5751)
4(3182 5756 5757 3183)
5(5736 5758 5757 774 773)
5(5752 5759 5760 5756 3182)
5(5759 5752 5749 1795 1794)
5(5761 5762 3188 5763 5764)
4(3199 4920 5762 3200)
4(3203 3200 5762 5761)
4(1798 1800 5765 5766)
4(5767 3209 3211 4927)
4(5768 3212 3209 5767)
5(3202 3195 3194 5767 4927)
4(5769 1801 777 3517)
4(5768 1805 1804 3212)
4(1802 1805 5769 3517)
5(5770 5771 3208 3207 5772)
4(3213 3208 5771 5773)
4(5774 5775 5771 5770)
4(3206 3212 1804 5776)
4(1807 5777 5778 1808)
5(5779 5780 5781 5782 5783)
4(5784 5785 1810 1809)
4(3221 3222 1810 5785)
5(5784 5786 5787 5788 5785)
5(5789 5790 5791 5788 5787)
4(3221 5785 5788 5791)
5(5792 5793 5794 3214 3218)
5(5794 5793 3223 3226 4950)
4(5792 3228 3223 5793)
4(3219 3214 5794 4950)
6(3215 3220 5795 1406 1810 3222)
4(5792 1812 1811 3228)
4(1812 5796 5797 1813)
6(5798 5799 3231 3230 5800 5801)
4(3237 4961 5799 3238)
4(3229 3231 5799 4961)
4(3242 3238 5799 5798)
4(3227 3228 1811 1814)
4(5802 1814 789 3530)
4(1815 1817 5802 3530)
5(3242 5798 5801 1817 1816)
4(3233 5803 5804 3240)
5(5803 5805 5750 5749 5753)
4(5806 1818 791 3532)
4(5807 5808 5809 5810)
4(5811 5812 5809 5808)
4(5807 1820 1819 5808)
5(101 5813 5814 5815 1825)
5(1430 1828 5816 5817 1431)
4(3259 5818 1828 1827)
4(5819 5816 1828 5818)
4(5807 5820 1829 1820)
4(5821 1830 1829 5822)
4(5819 5822 1829 5820)
4(5821 5822 1832 1831)
4(5819 5818 1832 5822)
5(1832 5818 3259 3258 107)
6(5823 5824 692 691 5814 5813)
4(101 104 5823 5813)
5(5825 5826 5827 1835 694)
4(3257 108 107 3258)
4(3554 5828 5829 5830)
4(5825 5830 5829 5826)
4(297 300 5829 5828)
5(5831 1836 5832 5833 5834)
4(5831 5001 1447 1836)
4(5003 5001 5831 5835)
4(1839 5835 5836 5837)
4(1842 1841 5838 5839)
4(3260 3264 1838 1837)
4(5840 1837 700 3273)
4(3262 5841 5842 3263)
4(3554 5830 5842 3555)
4(5825 3263 5842 5830)
4(3557 3555 5842 5841)
4(5843 5844 1851 804)
4(3557 5841 5844 5843)
5(1839 5837 5845 3271 1840)
4(1841 1844 5845 5837)
4(1843 5846 5847 1844)
6(3266 3270 5848 5849 5850 3268)
4(5851 5852 5850 5849)
4(5848 5853 5854 5849)
4(5029 5855 5856 5857)
5(5856 5858 5859 3274 699)
4(5860 5861 5862 5863)
6(5856 5855 5860 5863 5864 5858)
4(5865 5866 1850 1849)
4(5866 5863 5862 1850)
4(5864 5863 5866 5867)
5(5868 5859 5858 5864 5867)
4(3272 1852 1851 3273)
4(805 1852 5868 3559)
4(5869 1854 1465 5037)
4(5870 5871 1853 1854)
4(1857 5871 5870 1858)
4(1855 1858 5872 5873)
6(1859 1862 5874 5875 3285 3277)
4(5872 1862 1861 5873)
4(5876 710 709 5045)
4(1475 1864 5876 5045)
4(5877 1864 1863 5878)
4(1865 1868 5879 5880)
4(1869 1872 5877 5878)
4(5879 1872 1871 5880)
4(1481 1874 5881 5050)
4(5882 1874 1873 5883)
4(5884 5881 1874 5882)
4(1875 1877 5882 5883)
4(1877 1876 808 5885)
4(304 5886 5887 301)
5(5888 5889 5885 808 807)
4(5884 5885 5889 5890)
4(5891 5892 5889 5888)
6(5893 5890 5889 5892 5894 5887)
4(301 5887 5894 5895)
6(5891 5896 5897 5895 5894 5892)
4(3281 3282 1494 5898)
4(5899 5898 303 302)
4(109 3284 3283 110)
4(3285 3284 109 3277)
4(5900 3567 56 110)
4(5900 5901 5902 3567)
4(5903 5062 1499 1879)
4(5904 1879 1878 5905)
4(3286 5905 1878 711)
4(1502 5062 5903 1880)
4(1880 5906 5907 717)
4(111 114 5904 5905)
4(3286 3278 111 5905)
4(113 5908 5909 114)
4(5910 5911 5909 5908)
4(3288 1506 1881 3289)
5(5912 5913 1883 1882 3294)
5(5914 5915 5916 2164 813)
4(3292 5917 5915 5914)
4(3573 5916 5915 5918)
4(5919 5920 5921 5912)
6(5922 3574 3573 5918 5921 5920)
6(5915 5917 5913 5912 5921 5918)
4(1884 3291 3290 1885)
4(1887 5078 5886 304)
4(5923 3309 722 1890)
4(1893 5924 5925 5926)
5(5924 1893 1892 3319 5927)
5(1891 1894 5277 5275 3316)
6(5286 5285 3305 3304 1895 1898)
5(5286 1898 1897 5928 5287)
4(3303 5929 1895 3304)
5(1895 5929 3322 3321 1896)
5(5930 5931 3325 3322 5929)
4(5930 1900 1899 5931)
4(3319 3318 5932 5927)
4(3310 5927 5932 3307)
4(5933 3306 3308 5934)
4(5935 5936 5937 5938)
4(3312 5939 5940 3313)
5(5939 5941 5942 5943 5940)
5(1897 5944 5945 5946 5928)
6(5947 5944 1897 1896 3321 3324)
4(5948 5949 5947 3324)
4(1902 5950 5951 3326)
5(3326 3325 5931 1899 1902)
4(5950 5952 5953 5951)
4(5954 5953 5952 5955)
5(5951 5956 5957 3323 3326)
4(5958 5959 5957 5956)
4(5951 5953 5958 5956)
4(5960 3327 3330 5961)
4(5962 5963 5961 3330)
4(5964 5965 5966 5967)
5(5967 5942 5941 5968 5964)
5(5965 5969 5970 5971 5966)
5(5321 1613 1903 5969 5965)
5(5970 5969 1903 729 5972)
4(5973 5974 5967 5966)
5(5966 5971 5975 5976 5973)
5(5977 5978 3331 3334 5979)
5(3331 5978 5980 5981 3335)
5(5980 5978 5977 3350 1913)
4(5982 5983 3334 3333)
4(5984 5985 5986 5987)
4(5985 5988 5989 5986)
4(5990 5991 5987 5986)
4(5954 5987 5991 5992)
4(5993 5990 5986 5989)
4(5994 1905 3341 3345)
5(5994 3345 3344 5995 5996)
4(5997 5998 5996 5995)
5(1908 5998 5997 5999 1909)
5(6000 6001 5972 729 728)
5(6002 6003 6004 6005 6006)
4(6002 6007 6008 6003)
5(6009 6008 6007 6001 6000)
4(5999 6005 1910 1909)
4(6010 1911 1910 6011)
4(6004 6011 1910 6005)
5(6010 6011 6012 6013 6014)
4(3347 3346 1619 1912)
4(1912 734 3361 6015)
5(1914 3353 6016 5347 1621)
4(1626 5347 6016 1916)
4(1915 1916 6017 6018)
5(3352 6017 1916 6016 3353)
4(6019 6020 6021 6022)
4(6023 6024 6025 6026)
5(6027 6028 6029 6030 6031)
5(6032 6031 6030 6019 6022)
4(6023 1920 1919 6024)
4(6027 6031 1919 1918)
4(6032 6024 1919 6031)
5(6033 6034 6035 6036 6037)
4(6038 6039 6033 6037)
4(6034 1922 6040 6035)
4(1922 6034 5358 1637)
5(6041 6042 6037 6036 6043)
4(6044 6045 6041 6043)
5(6041 6045 1923 1920 6023)
5(1923 6045 6044 6046 1924)
4(6047 3364 739 6048)
5(3356 6047 6048 3357 3354)
4(3355 6049 6050 3356)
4(1907 1926 6049 6051)
4(305 6052 1926 1925)
4(1926 6052 6050 6049)
4(6053 6047 3356 6050)
4(305 133 2166 6052)
4(6054 6055 2166 2167)
5(6052 2166 6055 6053 6050)
4(3361 3360 6056 6057)
4(6010 6014 6058 6059)
4(6056 6060 6061 6058)
4(6062 6059 6058 6061)
4(6062 6063 134 306)
4(6060 1927 1930 6061)
4(3579 6063 1930 1929)
4(6062 6061 1930 6063)
4(3372 3374 6064 5366)
5(6064 3374 3375 6065 6066)
5(6067 1932 1915 6018 6068)
4(6027 1918 1934 6069)
4(307 310 1934 1933)
4(6070 6069 1934 310)
4(6071 6072 6073 6074)
4(6075 6076 6072 6077)
4(6070 6077 6072 6071)
4(6070 310 309 6077)
4(6078 1935 6079 6080)
4(5376 1643 1937 6081)
4(6082 6083 1937 1936)
5(6083 6080 6079 6081 1937)
4(6084 6078 6080 6085)
4(307 6086 2169 308)
4(6087 6088 6089 6090)
4(6087 817 2169 6088)
5(6085 6089 6088 2169 6086)
4(6083 6089 6085 6080)
4(6091 163 166 6092)
4(3366 6091 6092 3363)
4(3365 6093 6094 3366)
4(6054 2167 2170 6095)
4(6091 3366 6094 6096)
4(6097 6098 6096 6099)
4(3579 1929 1939 3580)
4(6100 6101 1939 1938)
4(6100 1944 1943 6101)
4(3369 3368 6102 6103)
4(6104 1945 1944 6100)
4(6105 1946 1945 6103)
4(6106 6107 6108 6109)
5(6110 6111 6112 6113 6114)
5(6111 1949 6115 6116 6117)
4(1949 6111 6110 1950)
4(6110 6118 1951 1950)
4(5399 1655 1954 6119)
4(6120 6121 1954 1953)
4(6121 6122 6119 1954)
4(6123 6124 6125 6122)
4(6121 6126 6123 6122)
4(3589 6127 6126 6128)
4(6129 6123 6126 6127)
4(6130 3386 45 6131)
4(3378 6130 6131 3377)
4(164 6132 6133 3378)
4(6130 3378 6133 6134)
4(6135 6136 1956 1955)
4(6137 6138 6139 6140)
4(5411 1659 1957 6141)
5(6142 6143 6144 1957 749)
5(6141 1957 6144 6140 6139)
4(6145 1958 6146 6147)
5(6105 6148 6146 1958 1946)
5(6146 6148 6137 6140 6147)
4(6135 6149 1960 1959)
5(6150 6151 6152 835 1960)
5(6147 6150 1960 6149 6145)
4(6144 6150 6147 6140)
5(3381 6153 6154 6155 3382)
4(6154 1962 6156 6155)
5(6157 6156 1962 1961 6158)
4(6159 3382 6155 6160)
4(6158 1966 1965 6157)
5(1965 1964 6161 6162 6160)
5(6157 1965 6160 6155 6156)
4(6163 6164 6165 6166)
4(5423 1670 1968 6166)
4(6167 6168 1968 1967)
4(6166 1968 6168 6163)
4(6169 6170 6164 6163)
4(3589 6128 6170 3590)
4(6171 3590 6170 6169)
4(6168 6172 6169 6163)
4(6173 6174 3383 3385)
4(3384 6175 6176 3385)
4(6177 6178 6179 6180)
4(6173 3385 6176 6181)
4(6177 6180 2196 6182)
5(6183 6184 6185 6186 6187)
4(6188 6189 6186 6185)
4(3614 6190 1972 1971)
5(6188 6185 1973 1972 6190)
5(3400 3402 6191 5434 3397)
4(6192 6191 3402 3401)
4(6192 3401 1970 1969)
4(6193 5439 1679 1976)
6(6194 6195 6193 1976 1975 3390)
5(6196 6197 6198 6199 6200)
4(6197 6196 6201 6202)
4(6201 1980 1979 6202)
4(6161 1964 2204 6203)
4(6204 6203 2204 6205)
4(6206 1978 1977 6207)
5(6204 6207 1977 1981 6208)
4(6209 6210 6211 6212)
4(6210 6209 6167 1967)
4(6211 6213 6214 6212)
4(6215 6216 6209 6212)
4(6217 3604 6216 6215)
5(6218 6219 6220 859 2213)
4(6217 6218 2213 3607)
4(6214 6221 6215 6212)
4(3612 6222 2214 2215)
5(6222 6223 6224 6225 2214)
5(1983 6223 6222 3612 1984)
4(3614 1971 1988 3615)
4(6226 6227 1988 1987)
4(3399 6228 6229 3403)
5(6230 3404 3403 6231 6232)
5(3404 6230 1986 1970 3401)
4(6229 6233 6231 3403)
4(6226 6234 2225 2224)
5(6235 6236 6237 6231 6233)
6(6202 6238 3408 3407 6198 6197)
4(3405 3408 6239 6240)
5(6238 6241 6242 6239 3408)
6(6243 6244 6242 6241 6245 6246)
5(6247 6248 6249 6240 6239)
4(6243 2235 2234 6244)
5(6244 2234 6247 6239 6242)
6(6250 6251 6252 6253 6254 6255)
4(6254 6253 6256 6257)
4(3414 3416 6256 5460)
4(3418 6257 6256 3416)
4(6254 6258 6259 6255)
4(6220 6259 860 859)
5(1991 6260 6258 6254 6257)
5(6260 1991 1990 6261 6262)
4(3418 1992 1991 6257)
5(6263 6264 6265 6266 6267)
4(6268 6269 6270 6271)
5(6272 1994 1993 6273 6274)
4(6270 6275 6276 6271)
4(6277 6278 1996 1995)
5(6277 6279 1998 2001 6278)
5(6280 6281 6282 3412 3411)
5(3422 6281 6280 5470 3423)
4(6282 6281 3422 3427)
4(3417 5470 6280 3411)
5(6283 6279 6277 1995 2002)
5(3418 3409 3413 2002 1992)
4(6282 3427 1999 1998)
4(6284 5478 5477 6285)
4(6286 6285 6268 6271)
4(81 5478 6284 2004)
4(2003 2004 6287 6288)
4(6286 6271 6276 6289)
4(6290 6291 6292 6293)
4(6294 6295 6291 6296)
4(6297 6296 6291 6290)
4(6298 2006 2005 6299)
4(6299 2007 2010 6298)
4(3691 6300 2010 2009)
4(3424 3425 87 2011)
4(6301 2011 750 3431)
5(3430 2008 2007 6301 3431)
4(6302 5494 1688 2012)
5(2012 2003 6288 6303 6304)
4(1690 5494 6302 2014)
5(3436 2019 2013 2014 6305)
4(6306 6305 2014 6302)
4(6307 6308 6309 6310)
4(6311 6310 6309 6312)
4(3430 3432 2015 2008)
4(3691 2009 2017 3692)
4(6313 6314 6315 6316)
4(3428 3429 1698 2018)
4(3439 6317 6318 3435)
4(3438 6319 6320 3439)
5(3438 3437 3436 6308 6319)
4(6317 3439 6320 6321)
5(6322 6323 6324 6325 6326)
4(6313 6327 6328 6314)
4(6329 6330 6331 6332)
4(6325 6333 6334 6326)
6(6335 6332 6331 6333 6325 6336)
5(6337 6334 6333 6331 6330)
5(6338 2287 2286 6339 6340)
4(2286 6341 6342 6339)
4(2290 2289 6343 6344)
4(3440 172 6345 6346)
4(3446 3447 6345 5535)
4(171 5535 6345 172)
4(3450 6346 6345 3447)
4(3440 6347 6348 3441)
5(6329 6332 6348 902 901)
4(6335 3441 6348 6332)
4(3440 6346 6349 6347)
4(6349 6350 905 2312)
4(3450 6350 6349 6346)
4(6347 6349 2312 3719)
5(2041 2040 6351 6352 6353)
4(6354 6355 6356 6357)
4(2315 6358 6359 917)
4(6360 6359 6358 6361)
5(6362 6363 5536 1705 6364)
4(1707 5536 6363 2022)
4(2289 2317 6365 6343)
4(2317 6366 6367 6365)
5(3442 3445 3449 2027 6368)
4(3449 3448 1716 2027)
4(6369 6368 2027 758)
4(3442 6370 6371 3443)
4(6350 6371 906 905)
4(3450 3443 6371 6350)
4(6371 6370 3725 906)
4(3442 6368 6372 6370)
5(6369 2028 2030 6372 6368)
5(6370 6372 2030 2029 3725)
4(2340 6373 6374 6375)
5(6376 6377 6378 6379 6380)
5(6376 6380 1739 3468 3471)
5(6381 6382 6383 6384 6385)
4(6383 6382 2036 2035)
4(2036 6382 6381 6386)
4(6387 2038 3453 3452)
4(2038 6387 3474 48)
4(3451 2039 6388 3452)
4(3738 6389 6390 6388)
4(259 1722 2044 6391)
5(6392 6393 6394 2043 2042)
5(6395 6396 6397 6398 913)
4(6399 6400 6396 6395)
4(6401 6402 6397 6396)
5(6397 6402 6403 6404 6398)
5(6401 6393 6392 3475 6402)
5(6400 6394 6393 6401 6396)
4(2046 6405 6406 2047)
4(6406 2049 6407 6408)
4(2048 2049 6406 6405)
4(3455 3458 6409 6410)
4(3482 3483 6409 5566)
4(5570 5566 6409 3458)
4(3484 6410 6409 3483)
4(3455 6411 2050 3456)
4(6411 3745 919 2050)
4(2052 6411 3455 6410)
4(6411 2052 2051 3745)
5(3487 763 2054 6412 6413)
4(3464 6414 6415 3467)
4(3748 6416 2359 2360)
5(6417 6413 6412 3467 6415)
4(6418 6419 6417 6415)
4(6420 6421 6419 6422)
5(6419 6418 6416 3748 6422)
4(6423 3470 3473 6424)
4(6425 6426 6424 3473)
4(6426 6425 6427 6420)
4(2056 6423 6424 6428)
4(3749 2057 2056 6428)
4(6426 6429 6428 6424)
4(6429 6426 6420 6422)
4(6430 6431 264 267)
4(3476 3477 6430 267)
4(6392 2042 6430 3477)
4(117 6432 6433 118)
5(2366 2365 6434 6435 6436)
4(3478 3481 6437 6438)
4(3496 6438 6437 3497)
5(6439 122 3479 3478 6440)
4(6439 3752 119 122)
4(3478 6438 6441 6440)
5(6441 6442 3755 2400 2399)
4(3496 6442 6441 6438)
5(6440 6441 2399 3752 6439)
4(3487 6421 6443 3486)
6(6444 6445 767 6446 6447 6448)
4(3494 3497 6449 6450)
4(3492 3495 6451 6452)
4(3492 6453 6454 3493)
4(3755 6442 6454 3756)
4(3496 3493 6454 6442)
4(3760 3756 6454 6453)
4(3492 6452 6455 6453)
4(3801 6456 6455 6457)
4(6458 6457 6455 6452)
4(3760 6453 6455 6456)
4(2061 5713 3501 771)
6(6459 6460 5714 5710 3498 3499)
5(5714 6460 6461 3501 5713)
6(6459 6462 6463 6464 6461 6460)
5(6465 6466 6462 6459 3499)
4(6467 6468 6465 6469)
5(6470 6471 6472 6468 6467)
5(6466 6465 6468 6473 6474)
4(2064 2063 6475 6473)
5(6476 6477 6478 6479 6480)
4(3801 6457 6481 3797)
5(3797 6481 6482 3804 3798)
4(6483 6478 6482 6481)
4(6484 6485 2075 2074)
4(6482 6484 2074 3804)
5(6477 6486 6484 6482 6478)
5(6487 6488 6489 3512 3511)
6(6476 6480 6487 3511 3509 3508)
4(2076 2078 3512 6489)
5(769 3503 5747 5746 2080)
4(6490 6491 6492 3500)
4(6463 6493 6490 6464)
4(6494 6491 6490 6493)
4(6495 6496 779 2103)
4(6494 6496 6495 6491)
4(313 6497 6498 6499)
4(6499 3518 314 313)
4(6500 6501 6502 315)
4(6502 6503 316 315)
5(2085 6503 6502 6475 2063)
5(6504 316 6503 2085 2084)
4(6505 6500 315 314)
4(5778 6506 2086 1808)
5(6507 6508 6509 784 2086)
4(6510 6507 2086 6506)
4(6511 2090 2089 6512)
4(2089 2088 6513 6514)
4(6514 6515 6512 2089)
4(6516 6517 6515 6510)
4(6507 6510 6515 6514)
4(6518 6519 6520 6521)
4(6522 2067 2092 6521)
4(6523 6524 2092 2091)
4(6524 6518 6521 2092)
4(6525 6526 6519 6518)
4(6527 6528 6526 6525)
4(6524 6529 6525 6518)
5(6527 6525 6529 6530 6531)
4(6532 2096 2095 6533)
4(6534 6535 2095 2094)
4(6535 6536 6533 2095)
4(6537 6538 6539 6536)
4(6535 6540 6537 6536)
5(6541 6542 6543 6544 2108)
4(6543 6545 6546 6544)
4(5797 6546 2097 1813)
4(6547 6548 788 2097)
4(6545 6547 2097 6546)
4(6549 6550 6551 6552)
4(6553 2100 2099 6552)
4(6554 6555 2099 2098)
4(6555 6549 6552 2099)
4(6543 6550 6549 6545)
4(6547 6545 6549 6555)
4(6548 317 320 788)
4(6556 6557 793 2110)
4(318 6556 2110 319)
4(321 6558 6559 322)
5(6559 6558 6560 2075 6485)
4(6559 6561 6562 322)
4(6556 318 322 6562)
4(3506 3512 2078 2101)
4(6563 2101 775 3516)
4(3507 6564 6565 3504)
4(3513 3504 6565 6557)
5(2102 6563 3516 3515 1793)
5(6564 2102 1797 3531 3533)
5(6566 2103 1798 5766 6567)
4(1802 3517 3518 6499)
6(6568 6569 6570 6571 6572 6573)
4(3525 3527 6573 6531)
4(6527 6531 6573 6572)
4(3529 6568 6573 3527)
5(6574 6575 6576 5780 6577)
4(6574 6578 6579 6575)
4(6579 6578 6580 3539)
5(3529 6580 6578 6569 6568)
4(6581 3537 3536 6582)
4(3539 6580 6582 3536)
5(3529 3519 3524 6582 6580)
5(6581 6583 5789 6584 3537)
4(1815 3530 319 2110)
4(6585 6575 6579 6586)
4(6586 6579 3539 3538)
4(3541 6587 6586 3538)
4(2111 2113 6587 3541)
4(323 2113 2112 180)
4(3540 2114 2111 3541)
4(325 327 800 2114)
4(328 2118 2117 329)
4(2115 2118 6588 6589)
4(179 180 2112 2119)
4(6590 2119 798 3545)
4(6591 6592 6590 3545)
4(6591 6593 6594 6592)
4(6595 6596 6594 6593)
4(6597 3808 3807 6598)
4(6597 6599 6600 3808)
5(6600 6599 6601 6602 6603)
4(3544 6604 6591 3545)
4(6605 6593 6591 6604)
4(6595 6593 6605 6606)
4(6607 6608 6609 6610)
4(6611 6612 6609 6608)
5(6613 6612 6611 3816 6614)
4(6615 6616 6617 6618)
4(2120 2122 331 332)
4(6615 2122 2121 6616)
4(2124 6619 6620 2125)
4(2126 2129 6620 6619)
4(3546 3549 6621 6622)
4(3554 3556 6621 5828)
4(297 5828 6621 3549)
4(3558 6622 6621 3556)
4(6623 2130 3547 3546)
4(6623 3820 934 2130)
4(3547 2130 2120 332)
4(2133 6623 3546 6622)
4(6623 2133 2132 3820)
4(2145 1842 5839 6624)
4(2135 6625 6626 6627)
4(2134 6628 6625 2135)
5(6629 6630 6626 6625 2139)
4(6629 2139 2138 6631)
4(2136 2139 6625 6628)
4(3550 3553 6632 6633)
4(3557 5843 6632 3553)
5(6633 6632 803 3562 6634)
4(6635 2140 3551 3550)
4(6635 3824 938 2140)
5(2144 6635 3550 6633 6634)
4(2141 2144 6634 3562)
4(6635 2144 2143 3824)
4(1843 2146 6636 5846)
4(6637 2146 2145 6631)
4(2138 2148 6637 6631)
5(6638 6637 2148 2147 6639)
4(6640 6641 6642 6643)
4(2149 1848 6644 6640)
4(6645 2150 2149 6646)
4(6642 6647 6648 6643)
6(3831 6649 6648 6647 6650 3830)
4(6651 6643 6648 6652)
4(6653 6654 6655 6656)
4(3559 6657 6654 3560)
4(3563 3560 6654 6653)
5(6658 6659 6660 2152 2151)
4(6661 6662 6663 6656)
4(6653 6656 6663 6664)
6(6665 6660 6659 6664 6663 6666)
4(3561 2154 2141 3562)
5(3563 6658 2151 2154 3561)
4(6667 2156 1855 5873)
4(6668 407 2155 2156)
4(1861 2158 6667 5873)
4(2157 6669 6670 2158)
5(407 6668 6671 6672 404)
4(6673 6674 6670 6669)
4(13 6669 2157 14)
4(6673 6669 13 16)
4(2159 6675 19 18)
4(6676 21 19 6675)
4(6677 2160 1865 5880)
4(6678 6675 2159 2160)
4(1871 2162 6677 5880)
4(6679 2162 2161 409)
4(6676 6675 6678 6680)
4(6681 2163 181 405)
4(6681 3565 809 2163)
4(404 3565 6681 405)
5(6682 6683 6684 6685 6686)
4(5891 6683 6682 5896)
4(6687 6682 6686 333)
5(6682 6687 6688 5897 5896)
4(3564 3565 6689 6690)
5(6686 6691 6692 334 333)
5(3566 3567 5902 6688 6687)
4(6693 5908 113 25)
5(6693 3575 6694 5910 5908)
4(6695 3577 814 2165)
4(6695 6696 6697 3577)
4(408 3577 6697 6698)
4(134 6063 3579 135)
4(309 2168 6075 6077)
4(6699 2171 815 3582)
4(2172 2174 6699 3582)
4(3581 2175 2172 3582)
4(6700 3586 824 2175)
5(2168 2176 6701 6702 6075)
4(6703 2176 820 3584)
4(2177 2179 6703 3584)
4(6704 2179 2178 6705)
4(3583 2180 2177 3584)
5(828 2180 6706 6127 3589)
4(6129 6127 6706 6707)
4(6708 2181 822 3588)
4(2182 2184 6708 3588)
4(3585 3586 1942 1956)
4(3587 2185 2182 3588)
4(6709 3594 832 2185)
5(2187 6710 6136 6135 1959)
4(6709 2187 2186 3594)
4(6711 6705 2178 2188)
4(6712 2188 826 3592)
5(6713 2189 1966 6158 6714)
4(6715 3601 841 2189)
4(2190 2192 6712 3592)
4(6715 2192 2191 3601)
4(3591 2193 2190 3592)
4(845 2193 6716 3606)
5(2194 6179 6178 6717 2183)
5(6180 6179 2194 830 3596)
4(2196 6180 3596 2197)
4(3593 3594 2186 2198)
4(6718 2198 837 3599)
4(3595 2199 2197 3596)
4(6719 3610 849 2199)
4(2200 2202 6718 3599)
4(6719 2202 2201 3610)
4(3598 2203 2200 3599)
4(853 2203 6190 3614)
5(6720 6205 2204 839 3603)
4(2205 2207 6720 3603)
4(3600 3601 2191 2208)
4(6721 2208 843 3608)
4(3602 2209 2205 3603)
4(6722 3619 857 2209)
4(2210 2212 6721 3608)
4(6722 2212 2211 3619)
4(3607 2213 2210 3608)
4(3609 3610 2201 2216)
4(6723 2216 851 3617)
4(6724 3626 3625 6725)
4(2217 2219 6723 3617)
4(6724 2219 2218 3626)
4(3616 2220 2217 3617)
4(6726 3628 866 2220)
4(6726 2223 2222 3628)
4(3636 870 2225 6237)
5(6236 6235 6727 2226 2229)
5(6236 2229 2228 3636 6237)
5(3643 2230 2231 6248 6247)
4(2234 2233 3643 6247)
4(6728 2236 855 3621)
4(6729 3647 874 2237)
4(2238 2240 6728 3621)
4(6729 2240 2239 3647)
4(3618 3619 2211 2241)
5(6730 2241 862 861 6261)
4(3620 2242 2238 3621)
4(6731 3651 878 2242)
4(2244 6730 6261 1990)
4(6731 2244 2243 3651)
4(3622 3626 2218 2245)
4(6732 2245 864 3630)
4(2246 2248 6732 3630)
4(6733 2248 2247 6734)
4(3627 3628 2222 2249)
4(6735 2249 868 3637)
4(3629 2250 2246 3630)
4(6736 3658 882 2250)
4(6737 6738 6735 3637)
4(6736 6738 6739 3658)
6(6737 6740 3660 6741 6739 6738)
4(3633 3632 6742 6743)
5(6742 3632 3631 3636 2228)
4(3645 6743 6742 3642)
4(3633 6744 6745 3634)
4(3660 6740 6745 3661)
4(6746 3661 6745 6744)
4(3633 6743 6747 6744)
4(3645 6748 6747 6743)
4(6747 6748 6749 6750)
6(3644 2251 6751 6752 3638 3641)
4(3644 3643 2233 2251)
4(6751 2251 872 3649)
4(3638 6753 6754 3639)
4(3645 3639 6754 6748)
4(3638 6752 6755 6753)
4(3668 6756 6755 6757)
4(6758 6753 6755 6756)
4(3646 3647 2239 2252)
4(6759 2252 876 3653)
4(3648 6760 6761 3649)
4(6762 3671 3673 6760)
6(6757 6761 6760 3673 3669 3668)
4(2253 2255 6759 3653)
4(6762 2255 2254 3671)
5(3650 3651 2243 1997 1996)
4(3652 2256 2253 3653)
4(6763 3676 886 2256)
4(6763 2001 2000 3676)
4(6764 6734 2247 2257)
4(6765 2257 880 3659)
4(2258 2260 6765 3659)
4(3657 3656 6766 6767)
4(3660 3663 6766 6741)
6(6741 6766 3656 3655 3658 6739)
4(6768 6767 6766 3663)
4(2261 3654 3657 6769)
4(3654 2261 2258 3659)
4(3657 6767 6770 6769)
4(6768 6771 6770 6767)
4(3684 6769 6770 6772)
5(6770 6771 6773 6774 6772)
4(6775 6776 6777 6778)
4(6777 6779 6780 6778)
4(6781 6782 6775 6778)
4(6780 6783 6781 6778)
4(3668 3670 6784 6756)
4(6785 6786 6787 6788)
4(6787 6789 6790 6788)
4(6791 6792 6785 6788)
4(6790 6793 6791 6788)
5(3672 2262 6794 3664 3667)
4(3672 3671 2254 2262)
4(6794 2262 884 3678)
4(3664 6795 6796 3665)
4(3674 3665 6796 6797)
4(3689 3690 6796 6795)
4(6794 2265 6795 3664)
4(2263 2265 6794 3678)
4(3677 2266 2263 3678)
5(894 2266 6798 6300 3691)
4(6799 2267 888 3683)
4(2268 2271 6799 3683)
4(3681 3680 6800 6801)
4(3684 6772 6800 3680)
4(3681 6802 6803 3682)
4(6803 3699 2269 2268)
5(3682 6803 2268 3683 3679)
4(3700 3699 6803 6802)
4(3681 6801 6804 6802)
4(3700 6802 6804 6805)
4(6806 6807 6808 6809)
4(6808 6810 6811 6809)
4(6812 6813 6806 6809)
4(343 342 2273 6814)
4(339 6815 6816 340)
4(339 343 6817 6815)
4(6816 6818 6819 340)
4(6819 6820 337 340)
5(2274 6821 6822 3685 3688)
4(6821 2274 892 3694)
4(3689 2264 2274 3688)
4(3685 6823 6824 3686)
4(3706 3707 6824 6823)
4(3685 6822 6825 6823)
4(6826 6825 2275 897)
4(3706 6823 6825 6826)
4(3687 6827 6828 3690)
4(6824 3707 6829 6830)
4(3693 2276 2275 3694)
4(898 2276 6831 3708)
4(6832 2278 2277 3701)
4(2279 2282 6832 3701)
5(2282 2281 2287 6338 6833)
4(3695 3698 6834 6835)
4(3700 6805 6834 3698)
4(3695 6836 6837 3696)
4(3696 6837 2279 3701)
4(3717 3716 6837 6836)
4(3695 6835 6838 6836)
4(6834 6805 6839 6840)
4(6841 6842 344 347)
4(6843 6844 6841 347)
4(346 6845 6843 347)
4(352 6846 6847 353)
4(6848 6849 350 353)
4(6847 6850 6848 353)
4(3702 3705 6851 6852)
4(3706 6826 6851 3705)
4(3702 6853 6854 3703)
4(3702 6852 6855 6853)
4(6856 6855 2284 904)
4(6855 6852 3711 2284)
4(6857 6853 6855 6856)
4(3710 2285 2284 3711)
5(900 2285 6330 6329 901)
4(6341 2286 2288 3718)
4(2290 6341 3718 2291)
4(3712 6858 6859 3713)
4(6859 3721 2292 2291)
4(6860 6861 6862 6863)
5(6864 6865 6866 6867 6868)
4(6869 2294 2293 6870)
4(6866 2302 2301 6867)
4(6869 6870 2301 2300)
4(6871 6867 2301 6870)
5(6872 6873 6874 6875 6876)
4(6872 6877 6878 6873)
4(6866 6875 2303 2302)
4(6879 2304 2303 6880)
4(6874 6880 2303 6875)
4(6879 6880 2309 2308)
4(6881 6882 6883 6884)
4(6883 6856 904 903)
4(6857 6856 6883 6882)
4(6881 6884 6885 6886)
4(6887 6885 2311 908)
4(6885 6884 3720 2311)
4(6888 6889 6882 6881)
4(6857 6882 6889 6890)
5(6891 6892 6888 6881 6886)
4(3719 2312 2311 3720)
5(36 141 354 0 7)
5(6893 6894 6895 6896 6897)
4(2314 6898 3736 910)
4(6899 6900 6901 6902)
4(6898 6903 6904 3736)
5(6903 6900 6899 3841 6904)
4(6905 6906 6907 6908)
5(2316 916 2342 6909 6910)
5(6910 6907 6906 6911 2316)
4(6908 6912 6913 6914)
4(6907 6915 6912 6908)
4(3736 6904 6916 3737)
4(6917 6915 6907 6910)
4(6918 6917 6910 6909)
4(2315 2316 6911 6919)
4(6366 2317 2318 3723)
4(2023 6366 3723 2319)
4(6920 3740 2320 2319)
4(3724 6920 2319 3723)
4(3722 6921 6922 3724)
4(6923 6924 6925 6926)
4(6920 3724 6922 6927)
4(6923 2323 2322 6924)
4(2322 2321 6928 6927)
4(6924 2322 6927 6922)
4(6869 2300 2325 6929)
4(6930 6931 2325 2324)
4(6932 6929 2325 6931)
4(6923 6933 2326 2323)
4(6932 6934 2326 6933)
4(6930 2441 2440 6931)
4(6932 6931 2440 6934)
4(6879 2308 2328 6935)
4(6936 6937 2328 2327)
4(6938 6935 2328 6937)
4(6930 6939 2443 2441)
4(6938 6940 2443 6939)
4(6936 2332 2331 6937)
4(6938 6937 2331 6940)
4(6941 6887 908 907)
4(6942 6943 2338 921)
4(6943 6944 3726 2338)
4(6941 6944 6945 6946)
4(6936 6947 2336 2332)
4(6948 6949 2337 2336)
4(6945 6948 2336 6947)
4(6948 6945 6944 6943)
4(3725 2029 2338 3726)
4(2340 6375 6950 2341)
4(3729 3728 6951 6952)
4(2444 6953 6952 6951)
4(6954 3729 6952 6955)
4(3844 6956 6957 6953)
4(6958 6383 2035 6959)
4(1 355 6960 3846)
4(6961 6962 6963 6956)
5(6960 6961 6956 3844 3846)
4(3738 3739 2343 6389)
5(6918 6909 2342 2343 3739)
4(6405 2046 2344 3743)
4(2048 6405 3743 2346)
5(3741 6964 6965 6966 3744)
4(2321 2348 6964 6928)
4(3851 6967 2348 951)
4(6968 6969 6966 6965)
4(3851 2352 2351 6967)
5(6970 6971 6972 920 3746)
4(3754 6973 2358 2357)
4(6970 3746 2358 6973)
4(6949 6974 6975 2337)
5(6972 6971 6976 6977 6974)
4(6978 6979 2355 2354)
5(6980 6981 6982 2356 2355)
4(6977 6980 2355 6979)
4(6976 6983 6980 6977)
4(2358 3746 3745 2051)
4(2361 6984 6963 2362)
4(3749 3750 2361 2057)
4(6985 6984 2361 3750)
4(6986 6432 117 2363)
5(6987 6988 6986 2363 6989)
4(2366 6432 6986 2367)
4(2364 2367 6990 6991)
4(6992 2350 2369 6993)
4(6994 6995 6996 6997)
4(6994 6997 2372 2371)
4(6998 2377 2376 6999)
4(7000 7001 2376 2375)
4(7002 6999 2376 7001)
4(7003 7004 2378 2373)
4(7005 2379 2378 7006)
4(7002 7006 2378 7004)
4(7000 2383 2382 7001)
5(7005 7006 2382 2381 7007)
4(7002 7001 2382 7006)
4(7008 2386 2385 7009)
4(3858 7010 2385 2384)
4(7011 7009 2385 7010)
4(7000 7012 2388 2383)
5(7013 7014 2387 2388 7015)
4(7011 7015 2388 7012)
4(3858 2392 2391 7010)
4(7013 7015 2391 2390)
4(7011 7010 2391 7015)
5(3754 3753 7016 7017 7018)
4(7019 7020 7016 3753)
4(7021 2394 2393 7022)
4(7020 2395 2398 7023)
4(7021 7022 2398 2397)
4(3751 3752 2399 2402)
4(7024 2402 2401 3759)
5(2364 7025 7026 6434 2365)
4(7027 7025 2364 6991)
4(7028 7029 7030 7031)
4(7029 7028 7032 3766)
4(3766 7032 7033 3767)
4(7034 7035 7036 7037)
5(7036 7035 6995 6994 7038)
4(6994 2371 2404 7038)
5(7039 7040 2404 2403 7041)
5(7038 2404 7040 7037 7036)
4(7042 7043 7034 7037)
4(7040 7044 7042 7037)
4(3780 3778 7045 7046)
4(3786 7047 7048 7049)
4(3780 7046 7048 7047)
4(7050 7051 7052 7053)
5(7052 7051 2379 7005 7007)
4(7052 7054 7055 7053)
5(7045 7056 7050 7053 7046)
5(3777 7057 7056 7045 3778)
4(7048 7046 7053 7055)
4(3786 7049 7058 3787)
4(7059 3787 7058 7060)
4(7059 7060 7061 7062)
4(7063 7064 7065 7066)
4(7065 2407 7067 7066)
5(2407 7065 7014 7013 2390)
4(7058 7063 7066 7060)
5(7061 7060 7066 7067 7068)
4(3806 7069 7070 7071)
4(7072 2409 7073 7074)
5(2409 7072 7075 7021 2397)
4(7076 7077 7078 7074)
4(3792 7079 7077 3793)
4(3795 3793 7077 7076)
4(7073 7080 7076 7074)
4(3800 7081 6456 3801)
4(3806 7071 7081 3800)
4(3760 6456 7081 3761)
5(7082 7083 3761 7081 7071)
5(7082 7084 2408 3758 7083)
5(7085 3771 3770 6472 6471)
5(7085 7029 3766 3768 3771)
4(7086 3762 3765 7087)
4(3777 3779 7087 7088)
4(3769 7088 7087 3765)
4(3781 7086 7087 3779)
4(3763 7089 7090 3770)
4(2411 2410 7086 3781)
4(6511 7091 2410 2090)
4(7092 7093 3784 3783)
4(3784 7093 7047 3786)
4(3775 2412 2411 3781)
5(7094 7095 2068 2067 6522)
5(7096 7097 7098 7099 7100)
4(3792 3794 7100 7062)
4(7059 7062 7100 7099)
4(3796 7096 7100 3794)
5(3782 7101 2070 2069 3783)
4(2415 2414 7096 3796)
4(7102 2414 2096 6532)
4(7103 3788 3791 7104)
4(3806 3805 7104 7069)
4(3795 7069 7104 3791)
5(3802 7103 7104 3805 3803)
4(3789 2416 2415 3796)
4(2419 2418 7103 3802)
4(7105 2418 2100 6553)
5(3804 2074 2073 2419 3802)
4(6589 7106 191 190)
5(2115 6589 190 357 2421)
5(7107 2420 2421 357 359)
4(189 3808 6600 356)
5(7108 356 6600 6603 7109)
5(2422 362 7110 7111 3818)
4(363 6608 6607 364)
4(6611 6608 363 368)
5(6611 368 7112 3817 3816)
5(2422 3818 3819 7113 371)
4(148 147 372 7114)
5(3822 7115 7116 373 369)
5(6616 2121 2423 367 366)
5(3822 369 367 2423 932)
4(375 6619 2124 2424)
5(7117 2424 2420 7107 194)
4(193 376 7117 194)
4(2126 6619 375 378)
4(2425 378 380 7118)
4(381 7118 380 379)
6(7119 7120 7121 7122 7123 7124)
4(3809 7125 377 374)
4(382 379 377 7125)
5(7126 7127 7128 150 149)
5(2428 7129 7127 7126 2429)
4(7130 7129 2428 7131)
4(7132 7131 2428 2427)
4(197 200 7133 386)
4(400 7134 7133 200)
4(400 392 391 7134)
6(395 398 7135 7134 391 390)
4(3822 388 394 7115)
5(7136 7137 2430 2429 7126)
4(2430 7137 397 7138)
4(7139 7138 397 396)
4(7139 2431 2430 7138)
4(199 3820 2132 399)
4(401 399 936 3825)
4(389 392 401 3825)
4(7140 6628 2134 2432)
5(2432 2425 7118 381 7141)
5(2136 6628 7140 7142 2433)
4(7143 7144 7145 7146)
5(7132 2427 2435 7145 7147)
4(7148 7149 2435 2434)
5(7150 7151 7143 7146 7152)
5(7153 7154 2437 2436 2438)
5(7154 7155 3828 3827 2437)
4(7156 7157 7158 7159)
4(389 3826 7160 7161)
6(3828 7155 7158 7157 7160 3826)
4(7148 7162 7163 7164)
5(7154 7165 7159 7158 7155)
5(7166 7167 7165 7154 7153)
5(3823 3824 2143 2437 3827)
4(3838 7168 7169 3839)
4(7169 7170 7171 3839)
4(7172 2439 2152 6660)
4(6665 3835 7172 6660)
4(3837 3839 7171 7173)
5(33 28 948 7174 34)
4(403 402 7175 7176)
4(3841 6899 7175 3842)
4(7174 7177 402 34)
4(2440 2442 3850 6934)
4(2443 6940 3854 956)
5(6940 2331 2330 7178 3854)
5(3844 6953 2444 2447 3845)
4(3849 3850 2442 2448)
4(7179 2448 954 3856)
4(2450 2449 7179 3856)
4(7180 2449 2377 6998)
4(3853 3854 7178 7181)
4(3855 2451 2450 3856)
4(7182 7008 2452 2451)
4(2453 7183 6978 2354)
4(7182 2453 2386 7008)
4(1467 2888 7184 5033)
4(1479 5048 7184 2888)
6(7185 5043 1471 589 588 2899)
4(7185 2889 1473 5043)
4(1511 2889 7185 2899)
4(1853 5871 7186 3275)
4(7186 5883 1873 3275)
4(1857 3276 7186 5871)
4(1875 5883 7186 3276)
4(7187 5878 1863 3279)
4(712 3291 7187 3279)
4(7187 3280 1869 5878)
4(1884 3280 7187 3291)
4(2155 407 406 184)
4(406 405 181 184)
4(410 409 2161 188)
4(187 411 410 188)
4(7188 7189 3923 3922)
4(2455 7190 7191 2456)
4(7190 2455 2460 3933)
4(7192 7193 3980 7194)
4(7193 7192 3954 3946)
5(7195 3986 3985 7196 7197)
5(4001 4027 4026 4037 4002)
4(7198 4052 4051 7199)
4(4083 2498 2497 4084)
5(2498 4083 4089 4088 2501)
4(7200 2539 7201 7202)
5(7203 4207 4206 3872 3871)
4(7204 7205 4296 1168)
4(4341 4307 4306 7206)
4(4340 2613 4307 4341)
4(4329 7207 4358 4338)
4(4345 7208 7209 7210)
4(7211 2617 7212 4374)
4(7213 4466 4417 7214)
5(7215 7216 2635 2634 7217)
5(2635 7216 4470 7218 2636)
4(4470 7216 7215 4423)
4(7219 4574 4577 1231)
4(2711 2710 4581 7220)
4(4606 4597 7221 4607)
4(2750 2749 4626 7222)
6(7223 2762 7224 7225 4745 7226)
4(7227 152 7228 7229)
4(7230 2765 7231 7232)
4(7233 2768 7234 7235)
6(7236 7237 7238 7239 7240 7241)
5(2855 7242 1389 4923 2856)
4(7243 7244 7245 7246)
4(7247 2864 7244 7243)
4(7248 1394 4951 4955)
4(7249 2884 7250 7251)
4(1517 2920 7252 1113)
4(2929 2925 7253 7254)
4(7255 2940 7256 7257)
4(7258 2949 7259 7260)
4(7261 7262 5263 7263)
4(7264 2979 7265 7266)
5(7267 1598 1181 1185 7268)
4(7269 2998 7270 7271)
4(7272 3007 7273 7274)
4(3007 7272 7275 3008)
4(3021 3020 4447 4406)
4(7276 3031 7277 4453)
5(4500 7278 1649 1648 4501)
4(7279 3040 7280 7281)
4(1254 1266 7282 1694)
4(7283 3157 7284 7285)
5(7284 3157 3156 7286 7287)
4(7288 7289 5605 5604)
4(7289 7288 5656 4855)
5(1345 1775 5615 4795 1346)
5(1397 5753 5751 5755 1398)
5(5753 1397 1402 5804 5803)
4(1405 1422 7290 1809)
4(7291 5810 4983 4982)
4(1429 1441 3255 1827)
5(7292 1483 7293 5886 5078)
5(1888 1493 1492 5076 1886)
5(1888 303 5898 1494 1493)
4(1527 1536 5223 1550)
4(1552 1557 3296 1576)
5(1578 1560 1559 5231 5271)
4(1580 3302 3301 1581)
4(1567 1573 5293 1585)
4(7294 7295 7296 7297)
4(7298 3328 7295 7294)
6(7299 3337 3336 7300 7301 7302)
4(3338 3332 3337 7299)
4(7303 3342 7304 7305)
5(7304 3342 3341 7306 7307)
4(1642 1653 7308 1936)
6(7309 7310 7311 7312 7313 7314)
4(7315 3380 7310 7309)
6(7310 3380 3379 7316 7317 7311)
4(1654 1668 6165 1953)
4(1669 1682 6210 1967)
4(7318 3392 7319 7320)
4(7321 3406 7322 7323)
4(1721 1725 7324 6431)
4(1721 6431 6430 2042)
6(1746 271 7325 7326 7327 1747)
4(93 96 7328 1783)
5(97 1780 5738 5733 1789)
5(7329 7330 5776 1804 1803)
4(7329 6498 7331 7330)
5(7329 1803 1802 6499 6498)
5(2109 7332 7333 7334 2104)
4(2109 2108 6544 7332)
4(7335 6576 6575 6585)
4(1821 1830 128 127)
4(1845 2150 7336 1849)
4(1906 1911 7337 1925)
4(1917 1924 7338 1933)
4(1947 1952 7339 1961)
4(7339 1952 6705 6711)
5(1978 7340 6246 6245 1979)
4(1985 3624 3623 1993)
5(3625 3624 1985 1984 6725)
4(7341 7342 6734 6764)
5(6295 7343 7344 7345 7346)
4(7347 7348 6896 6895)
4(6896 7348 6914 7349)
5(3735 3734 6384 6383 6958)
4(2062 7350 7351 2084)
5(7350 2062 2065 7090 7089)
4(2087 2413 6520 2088)
4(2066 2071 7352 2091)
4(2093 2417 6551 2094)
4(2072 2075 6560 2098)
4(365 6617 6616 366)
4(2295 2294 7353 6926)
4(2299 2304 7354 2324)
4(2329 2337 6975 7355)
5(2329 7355 7181 7178 2330)
4(2349 7356 7357 2368)
4(7356 2349 2352 7358)
4(2374 2452 7359 2375)
4(2353 2356 3859 2384)
5(2370 2379 7051 7041 2403)
4(2389 2394 7360 2405)
4(2426 2431 7361 2434)
4(417 7362 7363 7364)
4(417 416 3971 7362)
4(58 422 7365 59)
5(7366 7367 2494 3982 7368)
4(417 7364 3994 418)
4(58 57 4005 420)
4(7367 7369 2495 2494)
5(4091 7370 7371 4097 4092)
4(432 435 4190 1138)
4(428 1131 7372 429)
5(967 966 972 3863 7373)
4(967 7373 7374 963)
4(432 1137 7375 433)
4(958 992 7376 959)
4(999 984 983 7377)
5(446 7378 7379 7380 1160)
4(446 449 3888 7378)
4(450 4254 7381 7382)
5(7383 7381 4254 2584 3885)
5(7381 7383 3886 2591 7382)
4(450 453 4255 4254)
4(454 457 7384 1153)
5(7384 7385 7386 7387 1153)
5(7385 7384 457 2602 3895)
4(458 1159 3894 3896)
4(450 7382 7388 451)
4(454 1152 4298 455)
4(458 3896 4302 459)
4(471 4454 4458 7389)
5(471 474 4460 4455 4454)
4(7390 2644 2643 7391)
4(475 478 7392 1206)
5(7393 7394 479 483 7395)
5(468 467 7396 7397 4485)
4(484 4489 4488 1214)
4(471 7389 7398 472)
4(484 487 7399 4489)
4(488 491 4494 1006)
4(475 1209 4506 476)
4(7400 3897 3900 7401)
4(7400 7401 7402 7403)
4(479 7394 7404 480)
4(492 7405 7406 7407)
4(492 495 4515 7405)
6(490 489 1009 3902 3903 2681)
5(1218 7408 3930 3929 3936)
4(1218 1217 7409 7408)
6(3930 7408 7409 7410 3904 206)
5(1218 3936 3935 2698 1219)
5(7400 7411 3915 3912 3897)
4(7400 7403 7412 7411)
6(3915 7411 7412 7413 3911 3910)
5(1029 1028 3955 3905 3909)
4(1029 3909 3908 1222)
4(492 7407 7414 493)
4(7415 501 3966 7416)
5(3926 7417 3933 3932 3927)
4(1027 1026 1033 1022)
6(7418 7419 2468 2467 7420 7421)
4(1234 7422 7219 1231)
4(7423 7424 7220 7425)
4(7423 3959 3958 7424)
5(7188 3922 3921 7426 7427)
4(1041 7428 7429 414)
4(7430 3967 7431 505)
4(7190 7432 7433 7191)
4(7417 7432 7190 3933)
4(7193 3977 3976 3980)
4(3945 3977 7193 3946)
4(7419 7434 2469 2468)
4(7424 7435 2711 7220)
5(7436 7435 7424 3958 7437)
4(4594 7221 4597 4592)
4(4594 7438 7439 7221)
4(415 414 7429 7440)
4(504 7441 7430 505)
4(7195 7442 3987 3986)
4(7443 7444 4028 4027)
4(4001 3997 7443 4027)
4(7445 4009 4048 4052)
4(7198 7446 7445 4052)
4(7447 7448 4062 4061)
4(7439 7449 4607 7221)
5(7450 4010 4014 4071 7451)
5(4022 4024 510 509 4031)
5(510 4024 4023 7452 511)
5(4625 1058 1057 7222 4626)
6(1059 1058 4625 4074 4072 4067)
4(514 1047 7453 515)
4(518 1051 7454 519)
4(522 1055 7455 523)
6(1057 1061 7456 7457 2750 7222)
5(526 7458 7459 7460 7461)
4(526 529 7462 7458)
4(530 4826 4825 4829)
4(530 533 7463 4826)
4(538 4838 7464 7465)
4(538 541 4836 4838)
4(542 1363 7466 7467)
4(526 7461 7468 527)
4(7469 4075 4078 7470)
4(7469 7470 7471 7472)
4(530 4829 7473 531)
4(550 7474 7475 7476)
4(534 1359 7477 535)
4(550 553 7478 7474)
4(554 7479 7480 7481)
4(538 7465 7482 539)
4(554 557 7483 7479)
4(558 7484 7485 7486)
4(542 7467 7487 543)
4(558 561 7488 7484)
4(562 565 7489 1062)
5(547 546 1379 7490 4893)
4(7469 2820 2819 4075)
4(7469 7472 7491 2820)
4(550 7476 7492 551)
4(7493 1390 1389 7242)
4(571 7494 7495 7496)
4(554 7481 7497 555)
4(571 574 7498 7494)
4(7246 4900 4899 7243)
4(558 7486 7499 559)
4(575 7500 7501 1403)
4(575 578 7502 7500)
4(566 1383 7503 567)
5(7504 1395 1394 7248 7505)
4(571 7496 4929 572)
4(4083 4082 4087 4089)
4(4094 4090 4092 4097)
5(4103 425 424 2502 7506)
4(425 4103 4102 426)
4(7507 4105 7506 2502)
4(4106 4105 7507 4109)
4(7508 7509 7510 7511)
5(7508 7511 5057 5058 5059)
6(5057 7511 7510 7512 4124 4123)
4(7513 7507 2502 2503)
5(7507 7513 4132 4108 4109)
4(594 1108 4141 7514)
4(7508 5084 7515 7509)
4(7508 5059 5081 5084)
5(4154 7516 2536 2535 4156)
4(7516 4172 2537 2536)
4(7517 4177 7518 7254)
5(7200 7202 7519 4187 4186)
4(7520 4195 7521 7522)
4(7253 4198 7517 7254)
4(7523 4200 7524 7257)
5(1533 7525 4233 4232 1534)
5(7525 4211 4205 4208 4233)
4(7526 4211 7525 1533)
4(7527 4216 7528 605)
4(7521 4222 7529 7522)
4(7530 4223 7531 7532)
4(7256 4226 7523 7257)
4(7533 4228 7534 7260)
4(999 7377 7535 1151)
5(7535 4238 4239 1149 1151)
5(608 7536 7537 7527 605)
4(7531 4246 7538 7532)
4(7539 4247 7540 7541)
4(7259 4251 7533 7260)
4(7542 4253 7543 7261)
4(7540 4276 7544 7541)
4(7545 4277 4321 4322)
5(7542 7261 7263 4283 7546)
6(7547 7548 7549 4285 4284 7550)
4(1169 1168 4296 4292)
4(7206 7551 4342 4341)
4(1167 4325 7204 1168)
4(4330 4329 4338 4336)
5(7552 7553 4293 4295 7554)
5(7265 7555 7556 7557 7266)
4(7558 623 4367 7559)
5(4350 4346 4345 7210 4351)
4(4329 4328 7560 7207)
4(620 7561 1178 621)
4(7562 7271 7563 7564)
4(1597 7565 7566 1593)
5(4359 7565 1597 4337 4357)
4(4345 4344 7567 7208)
4(1184 7568 7268 1185)
4(7270 7569 7563 7271)
4(7570 7274 7571 7572)
4(7212 4377 4375 4374)
5(1195 4391 4390 7573 1192)
4(7574 7575 7576 2626)
4(7574 2626 2625 4401)
4(7577 4370 4369 4395)
4(7578 4398 4402 7579)
4(7211 4374 4373 7580)
4(7581 7582 4445 465)
4(7273 7583 7571 7274)
4(464 4409 7581 465)
4(7584 4411 7585 7214)
5(7584 7214 4417 4416 7586)
4(7576 4431 2627 2626)
4(7215 4432 4424 4423)
4(4436 4434 7391 2643)
4(7587 7579 4402 4438)
4(7588 7589 7590 7591)
5(7592 7396 467 470 7593)
4(7592 7594 7397 7396)
5(7595 7596 7585 2629 2628)
4(7585 7596 7213 7214)
4(1647 7597 7598 1648)
4(7599 7600 1650 634)
4(482 4475 7395 483)
5(4477 7601 7591 7590 4478)
5(7602 4483 4482 4481 4520)
4(7277 7603 4449 4453)
4(7604 7281 7605 7606)
4(7598 4498 4501 1648)
5(1210 1213 4529 639 638)
4(1230 1229 4513 4514)
5(1230 4514 5414 1677 1226)
4(633 4510 7599 634)
4(7607 4521 4522 4551)
4(7608 498 497 7609)
4(7608 7610 4559 498)
4(7280 7611 7605 7281)
4(1232 1231 4577 4555)
4(7612 502 501 7415)
4(7612 4564 4567 502)
4(7613 7614 7615 7616)
4(7615 7617 7618 7616)
4(7425 7220 4581 4580)
4(7619 506 505 7431)
4(3990 7620 2725 2724)
5(2725 7620 7621 7622 7623)
4(4611 4610 7450 7451)
4(1248 5486 7624 1244)
5(1248 1247 1685 5487 5486)
5(650 7625 7626 7627 5491)
5(4620 4611 7451 4071 4070)
5(650 653 3083 7628 7625)
4(7452 7629 512 511)
4(7630 4639 7631 7632)
4(4656 4653 4652 4660)
6(1259 3092 3091 4670 4669 1260)
4(1259 1263 5518 3092)
6(1336 1335 1339 4706 7633 1727)
5(1321 1344 3143 7634 1322)
6(4720 4722 665 664 4730 4728)
5(665 4722 4721 5585 666)
4(7635 7636 7637 7229)
4(7228 4758 7635 7229)
4(7638 4760 7639 7232)
4(7231 4763 7638 7232)
4(7640 4765 7641 7235)
4(7234 7642 7640 7235)
5(663 4798 4731 4730 664)
5(7643 4801 4800 4810 4809)
4(7644 7645 7646 7647)
4(7644 7648 7649 7645)
4(7637 4822 7227 7229)
4(7639 4831 7230 7232)
4(7641 230 7233 7235)
6(7650 4833 7651 7652 4775 7653)
4(669 1367 7654 670)
5(3180 7655 7656 7657 3181)
5(4867 7655 3180 4891 4868)
4(1378 4875 7490 1379)
4(569 4878 1380 570)
4(4880 7658 7659 7660)
5(5723 4889 4888 5728 5724)
5(4885 4889 5723 3174 4884)
4(680 1387 7661 1790)
5(7661 7662 7663 1791 1790)
5(7664 4898 7665 2851 2850)
5(7664 7666 2815 2814 7667)
4(2849 7666 7664 2850)
4(4903 4905 7668 7669)
4(7658 4907 7670 7659)
4(4888 4887 7671 3187)
5(1399 1398 5755 5754 7672)
4(682 1410 7673 7674)
4(7673 4933 7675 7674)
4(4899 4935 7247 7243)
5(1393 4944 4946 4951 1394)
4(5795 4952 1407 1406)
5(7668 4957 4960 7676 7669)
6(5804 1402 1401 4915 4962 3240)
4(7677 4983 5810 5809)
4(7677 4971 4970 4983)
5(690 1438 4977 7678 7679)
4(7680 4996 7681 7251)
4(7250 4997 7680 7251)
4(1452 1457 5005 5004)
5(1452 5004 5003 5835 1839)
4(7681 5007 7249 7251)
5(5017 5013 5012 7682 5018)
5(1449 1448 1838 3264 5022)
4(702 7683 7684 1490)
4(7684 7683 5037 5036)
4(708 1501 7685 709)
4(7685 5044 5045 709)
4(594 7514 5070 595)
4(7292 7686 1484 1483)
5(7687 248 5080 5073 5072)
4(1509 5094 5096 1510)
4(5102 7687 5072 7688)
4(5120 5145 5109 5108)
4(7518 5121 2929 7254)
4(7689 7690 7691 7692)
4(7691 7693 2938 7692)
4(7694 5135 1524 1129)
4(5142 5139 7520 7522)
4(5145 5144 5127 5109)
4(5132 5146 5147 5133)
4(7524 5148 7255 7257)
4(7695 7696 7689 7692)
4(7697 7698 7699 7700)
4(1532 7701 7526 1533)
4(7695 7692 2938 2934)
4(7699 5152 5155 7700)
4(7528 7702 606 605)
4(7703 5156 5134 5133)
4(7704 5160 7705 7706)
4(7529 5164 5142 7522)
4(5171 5168 7530 7532)
4(5147 5173 7703 5133)
4(7705 5174 7707 7706)
4(7534 5175 7258 7260)
4(5155 5189 5179 7700)
4(5179 5189 5188 5180)
4(5200 5198 7704 7706)
4(7538 5206 5171 7532)
4(5213 5210 7539 7541)
5(7543 5216 5218 7262 7261)
6(1580 1584 5241 5249 5247 3302)
4(7544 5251 5213 7541)
5(5257 7545 4322 2977 5256)
4(721 7708 7709 1889)
4(7709 7708 5265 5264)
4(617 1180 7710 618)
4(721 725 7711 7708)
5(7708 7711 5298 5295 5265)
4(7297 7712 7713 7294)
4(7552 5300 7714 7553)
4(7715 5307 1612 1611)
5(7716 624 623 7558 7717)
6(7718 5308 7719 7720 5928 5946)
4(7302 7721 7722 7299)
5(7723 7724 7562 2986 2987)
4(7562 7724 7269 7271)
6(7269 7724 7723 7725 7726 7727)
4(7728 7729 7730 7305)
5(726 1615 5339 5338 727)
5(5339 1615 1614 5319 3004)
4(1195 1194 7731 7732)
6(1195 7732 5344 5342 4387 4391)
5(5344 7732 7731 7733 5345)
4(1625 1624 7734 5981)
5(7734 1624 1623 5345 7733)
5(4371 7735 5325 5324 7736)
4(7737 7735 4371 4370)
6(5325 7735 7737 7738 5330 5326)
4(5333 5331 1635 1634)
6(7307 7739 7740 7728 7305 7304)
4(730 7741 7742 1904)
4(7570 5335 7272 7274)
5(7272 5335 5334 7743 7275)
4(7577 5350 7737 4370)
4(5356 5353 7578 7579)
4(730 733 7744 7741)
4(738 7745 7746 7747)
4(4405 7748 3021 4406)
4(3021 7748 7749 3018)
4(7587 7750 5356 7579)
4(5374 5373 7588 7591)
4(738 741 7751 7745)
4(742 7752 7753 7754)
4(4452 5380 7276 4453)
5(5388 7755 3373 3372 5367)
6(7756 7757 5410 5409 5412 7758)
5(7757 5389 5385 5386 5410)
4(7759 5389 7757 7756)
5(7760 5391 7761 7762 7763)
5(5393 7314 7313 3036 5390)
4(7314 5393 7764 7309)
4(7601 7765 5374 7591)
4(7766 5395 7602 4520)
4(742 743 7767 7752)
5(44 1674 7768 7769 7770)
4(7604 5404 7279 7281)
4(4519 5418 7766 4520)
4(7771 5421 7607 4551)
4(7772 5428 7773 7320)
4(4550 5442 7771 4551)
5(7774 5445 4556 3058 3061)
4(7775 5448 7776 7777)
4(7319 5449 7772 7320)
4(7778 7779 7780 7323)
4(7780 7781 7321 7323)
4(7776 5459 7782 7777)
4(650 5491 5490 651)
4(7783 7784 7785 169)
4(5511 7786 5508 5509)
4(7786 5511 7787 312)
4(7783 169 168 7788)
6(7789 7790 7791 3090 3089 5520)
5(3105 7790 7789 7792 3108)
5(5525 5527 7793 5534 5533)
4(7787 5529 174 312)
5(7794 5548 5547 7795 7796)
4(7794 7797 7798 5548)
4(7794 7796 7799 6355)
4(7794 6355 6354 7797)
4(7800 7793 3110 3111)
4(7793 7800 5545 5534)
5(5542 5541 7801 7802 7803)
4(1740 2033 5581 1736)
4(1740 1739 6380 2031)
4(7804 3136 3135 7805)
4(3136 7804 5551 3137)
4(262 261 6356 7806)
5(7807 7808 3460 3459 7809)
4(47 50 5586 1718)
4(7810 7811 7812 3490)
4(7813 7814 7815 6449)
5(7816 7817 5609 280 279)
6(7818 7817 7816 5671 5670 7819)
6(5609 7817 7818 7820 7821 7822)
5(5612 5579 4716 3149 3153)
4(7644 7647 7823 5704)
4(7644 5704 5703 7648)
4(3489 5643 7810 3490)
4(7824 5646 7825 766)
4(4842 7826 5602 4843)
5(7826 4842 7827 5647 5648)
4(7815 5653 6450 6449)
5(7828 7829 7830 7831 7832)
6(7829 5655 5650 5649 3173 7830)
4(7833 5655 7829 7828)
4(1767 1771 5661 5660)
5(5705 1786 1762 3160 3165)
6(1786 5705 5707 5712 5689 1787)
5(765 5711 7834 7824 766)
6(7831 5716 5718 7835 7836 7832)
5(7837 7838 1771 1770 7839)
5(7838 5719 5715 5661 1771)
6(5719 7838 7837 5721 5722 5720)
5(7840 7841 5758 5736 5737)
5(5745 5744 2083 2082 5748)
6(5759 1794 1793 3515 3514 5760)
5(5748 2082 6567 5766 5765)
4(682 7674 7842 683)
6(7842 7674 7675 5773 5771 5775)
4(7843 5781 5780 6576)
4(5789 5787 5786 6584)
5(1796 5806 3532 3531 1797)
4(7844 688 687 4968)
6(795 7845 7846 7847 7848 796)
4(7335 7849 7843 6576)
4(7850 5786 5784 7851)
4(5786 7850 7852 6584)
4(690 7679 7853 691)
4(795 797 7854 7845)
4(7855 5861 5028 5026)
4(5867 6657 3559 5868)
4(702 705 7856 7683)
4(7856 5869 5037 7683)
5(1487 7857 7858 7293 1483)
4(7859 5895 5897 6688)
4(5902 5901 7859 6688)
4(7860 5911 5910 6694)
4(5922 5920 7860 6694)
5(1882 1510 5096 3293 3294)
5(1579 7861 3295 3297 1561)
4(7713 5933 7298 7294)
4(7862 5936 7863 7864)
5(7715 1611 5968 5941 5939)
5(7863 5940 5943 7865 7864)
5(7722 7866 3339 3338 7299)
5(7867 7868 7869 7870 7871)
4(5955 5952 1605 1604)
4(7867 5959 5992 7868)
4(7730 5960 7303 7305)
4(7872 7873 7862 7864)
4(7874 5963 7875 7876)
4(1610 5964 5968 1611)
4(7865 5974 7872 7864)
4(7875 5976 7877 7876)
4(1625 5981 5980 1913)
4(7878 5982 7869 7868)
4(7879 7880 7881 7882)
4(1617 5984 5955 1604)
4(6039 5988 5333 1634)
4(5992 5991 7878 7868)
4(7881 5993 7883 7882)
4(7884 7885 7874 7876)
4(7885 7884 5999 5997)
4(7877 6006 7884 7876)
5(6014 6013 6057 6056 6058)
5(6013 6012 6015 3361 6057)
4(6026 6025 7879 7882)
5(7886 6029 6028 7887 7888)
5(6030 6029 7886 6018 6017)
4(1633 6033 6039 1634)
5(6033 1633 1632 5358 6034)
4(7883 6042 6026 7882)
4(738 7747 6048 739)
4(1927 6065 3375 1928)
4(7889 6073 6072 6076)
4(6073 7889 6106 7890)
4(742 7754 6092 166)
4(7891 7892 7759 7756)
5(7893 1940 1928 3375 3371)
4(7764 7894 7315 7309)
5(6114 6113 7889 6076 7895)
5(6113 6112 6107 6106 7889)
4(44 7770 6131 45)
4(6132 6098 6097 7896)
4(7897 6134 7898 6717)
4(7758 6138 7891 7756)
4(1666 1665 7899 1974)
4(6172 7900 3606 6716)
4(7773 6174 7318 7320)
4(6175 7897 6717 6178)
5(6186 7901 6143 6142 6187)
5(7902 7903 3390 3389 7904)
5(7903 7902 6162 6161 6203)
4(7905 6213 7775 7777)
4(7900 6216 3604 3606)
4(7322 6228 7778 7323)
5(6245 6241 6238 6202 1979)
4(7782 6251 7905 7777)
4(6276 6275 7906 7342)
4(6289 6276 7342 7341)
4(7346 6292 6291 6295)
5(6292 7346 6303 6288 6287)
4(2005 1999 3427 3426)
4(6315 6314 3708 6831)
4(6318 7785 3434 3435)
4(7785 6318 170 169)
4(6319 6308 6307 7907)
4(7786 6324 6323 5508)
4(311 6324 7786 312)
4(6314 6328 3709 3708)
4(909 2041 6353 2313)
5(7347 6895 6894 7908 7909)
4(2035 2034 2362 6959)
4(6390 6403 3474 6387)
4(6403 6390 6389 6404)
4(6403 6402 3475 3474)
4(6429 6422 3748 3747)
4(7812 7910 3491 3490)
4(7813 6449 3497 6437)
4(7825 6446 767 766)
5(7911 7828 7832 7912 7913)
4(7911 7914 7833 7828)
5(7915 6486 6477 6476 3508)
5(7916 6526 6528 6509 6508)
5(6540 7917 6542 6541 7918)
4(6561 7915 3508 3510)
4(7848 324 53 796)
4(7852 3534 3537 6584)
4(1821 127 126 1822)
4(126 326 1823 1822)
4(7919 7106 6589 6588)
4(928 7920 7921 7922)
4(928 7922 7923 929)
4(6641 7924 5846 6636)
5(6652 7925 6645 6646 6651)
4(7925 6652 7926 7927)
5(7925 6662 6661 7928 6645)
4(7929 6662 7925 7927)
5(5922 6694 3575 3571 3574)
4(1943 1942 3586 6700)
4(1951 6704 6705 1952)
4(7906 6733 6734 7342)
4(7930 6749 6748 6754)
4(7931 6779 6750 6749)
4(6773 6782 7932 6774)
4(7933 6783 7934 7935)
4(7930 6786 7931 6749)
4(7934 6792 7936 7935)
4(7937 6793 7938 6828)
5(6828 7938 6797 6796 3690)
4(2006 3675 3676 2000)
4(7939 6800 6772 6774)
4(7940 6839 6805 6804)
4(7932 6807 7939 6774)
4(6817 6810 7933 7935)
5(6810 6817 343 6814 6811)
4(7940 6813 7941 6839)
4(7936 6815 6817 7935)
4(6827 6818 7937 6828)
4(341 338 7942 2272)
4(7943 6820 6830 6829)
4(7944 7945 7946 7947)
4(7941 6842 6840 6839)
4(7946 6844 7948 7947)
4(7949 6845 7950 7951)
4(7952 6846 7943 6829)
4(7950 6849 7953 7951)
4(7954 6850 7955 7956)
4(7952 6829 3707 3704)
4(7955 7957 6890 7956)
4(7958 7959 7944 7947)
6(7960 2296 2295 6926 6925 7961)
4(7960 7962 2297 2296)
4(7948 6861 7958 7947)
4(6864 6868 7949 7951)
4(7953 6876 6864 7951)
4(7963 6877 7954 7956)
4(6890 6889 7963 7956)
4(2305 6892 2333 2306)
4(6916 6904 3841 3840)
4(3734 7964 6385 6384)
4(6957 6956 6963 6984)
4(7018 6983 6973 3754)
4(7965 7966 6996 6995)
4(7966 7965 6991 6990)
6(7967 7968 7969 7970 6992 6993)
5(7971 7017 7016 7020 7023)
4(2395 7024 3759 2396)
4(7972 7965 6995 7035)
4(7972 7027 6991 7965)
4(7044 7057 3777 7088)
4(7973 7054 2381 2380)
4(2387 7064 7973 2380)
5(7068 7079 3792 7062 7061)
4(2408 2396 3759 3758)
5(7090 2065 2064 6472 3770)
5(2068 7095 7092 3783 2069)
4(928 931 7974 7920)
4(7975 385 384 7976)
4(394 393 7116 7115)
4(7977 7144 7978 7979)
4(7170 7980 7164 7171)
4(7164 7980 7149 7148)
4(7160 7157 7981 7161)
4(7164 7163 7173 7171)
4(7926 7168 3838 7927)
4(7929 7927 3838 3836)
4(142 36 35 2446)
5(949 953 2326 6934 3850)
4(2369 2368 7003 7982)
4(2372 7982 7003 2373)
5(205 204 3919 3924 3925)
5(7983 7984 7985 1038 1037)
4(7986 7189 7987 7988)
4(7986 7989 3923 7189)
4(7987 7189 7188 7990)
6(7991 2464 2463 3977 3945 3944)
5(7991 1034 1044 2465 2464)
6(3974 2466 2465 1044 1042 3975)
4(7992 7192 7194 7993)
4(7992 7994 3954 7192)
4(7995 2470 2469 7996)
4(7997 7998 2470 7995)
5(2471 2470 7998 7437 3958)
5(7999 7430 7441 8000 8001)
4(2478 8002 416 419)
4(2482 8003 8004 2483)
4(8005 8006 2483 8004)
4(8007 2484 2483 8006)
5(8008 2492 4012 4011 8009)
4(2495 8010 4012 2492)
5(8010 2495 7369 8011 8012)
4(8013 2493 2492 8008)
4(7197 8014 8015 7195)
4(4033 8014 7197 4029)
4(4041 4037 4036 4042)
4(3999 4002 4037 4041)
5(8016 8017 4054 4053 8018)
5(4044 4043 4054 8017 8019)
4(8020 8019 8017 8016)
4(4066 8021 7199 8022)
4(8023 7198 7199 8021)
4(8024 8022 7199 4051)
5(4060 4015 4013 7447 4061)
5(8025 7371 7370 8026 8027)
4(4096 4097 7371 4121)
4(4119 4121 7371 8025)
4(2511 8028 8029 2512)
4(2515 2512 8029 8030)
5(2517 8031 8032 8033 2518)
5(8034 8033 8032 8035 8036)
5(2518 8033 8034 7509 7515)
4(2519 2518 7515 8037)
4(2521 8038 4140 2522)
4(2525 8039 8040 2526)
5(2527 2526 8041 8042 8043)
4(8041 2526 8040 8044)
5(8042 8041 8044 1101 1118)
4(2529 8045 8046 2530)
4(2537 8047 4180 2533)
4(2538 8048 7201 2539)
4(2540 2539 7200 8049)
4(2542 8050 8051 2543)
5(8052 2559 2558 4213 3864)
4(8053 2555 2554 8054)
4(2568 8055 8056 2565)
5(4229 4230 7203 3871 8057)
4(4208 4207 7203 4231)
4(4236 4231 7203 4230)
4(4236 4230 1140 4237)
4(2579 8058 8059 2580)
4(8058 2579 996 971)
4(2583 8060 2585 443)
4(2599 4291 2600 452)
4(2600 4291 4289 4288)
4(2601 2600 4288 4260)
5(462 461 4317 4316 4271)
5(461 460 4301 4318 4317)
5(2611 8061 7547 7550 2607)
4(4284 8062 2607 7550)
4(4335 7205 7204 8063)
4(7205 4335 4334 7554)
4(4296 7205 7554 4295)
4(2612 4303 4307 2613)
4(2614 2613 4340 8064)
4(4360 4356 4358 8065)
5(8066 7209 8067 8068 8069)
4(8070 7210 7209 8066)
4(8071 8067 7209 7208)
4(4379 8072 8073 4380)
4(8074 8075 8073 8072)
4(8076 8077 8078 8079)
4(4397 4400 4399 4395)
4(8080 4400 4397 8081)
4(8082 8081 4397 4396)
4(2616 8083 7212 2617)
4(2618 2617 7211 8084)
4(4386 8085 4412 1198)
4(8086 4413 4412 8085)
6(2620 8087 8088 8089 8090 2621)
5(2622 2621 8090 4427 8091)
4(4393 4427 8090 8089)
4(2627 8092 4439 2624)
4(2625 2624 4438 4402)
5(4443 4442 4446 4448 8093)
5(4459 4463 4466 7213 4456)
5(4456 7213 7596 7595 4457)
5(4417 4466 4465 4418 4414)
4(2639 2638 2644 8094)
5(2642 2637 2641 4478 7590)
4(4486 4484 4485 8095)
5(2652 2651 2654 4494 4493)
5(8096 2660 2659 4506 1209)
5(8096 7599 4510 2661 2660)
4(482 481 2670 4480)
5(4530 8097 1216 1221 4533)
6(8098 2686 8099 8100 8101 8102)
4(8098 8103 2682 2686)
5(8099 2686 2685 8104 8105)
6(8106 2703 2702 8107 8108 8109)
5(8106 8110 8111 2704 2703)
4(8112 8113 2702 2705)
4(4575 4574 7219 8114)
4(8114 7219 7422 8115)
4(4595 4597 4606 4616)
4(4595 4616 1249 1239)
4(4613 4616 4606 4605)
4(2721 2720 2725 7623)
5(2721 7623 7622 1244 7624)
5(8116 8117 4617 4618 8118)
5(508 513 4633 4637 2730)
4(4633 513 512 8119)
5(8120 2748 2747 8121 8122)
6(4623 4626 2749 2748 8120 8123)
4(8124 8125 8126 8127)
5(8128 8129 8126 8125 8130)
5(7632 8129 8128 4640 7630)
4(7632 8131 8126 8129)
4(8132 8127 8126 8131)
5(8133 8134 8135 8136 8137)
4(8138 8134 8133 8139)
5(4644 8137 8136 4648 4645)
4(4644 8140 8133 8137)
4(8141 8139 8133 8140)
4(4652 4679 4674 4660)
4(4690 1290 4686 4691)
5(8142 8143 1289 1290 4690)
5(4693 4692 218 217 8144)
4(8145 8144 217 216)
4(8146 8147 8148 8149)
6(8150 8148 8151 1291 1286 1317)
4(8152 8151 8148 8147)
4(8153 8149 8148 8150)
4(8154 8155 8156 8157)
4(8158 8159 8156 8155)
4(8160 8157 8156 8161)
5(4754 8162 4704 1339 1340)
4(2752 2755 8163 8164)
4(8165 8166 2755 2754)
4(8167 8168 2759 8169)
4(8170 8169 2759 2758)
4(8171 2760 2759 8168)
4(4768 4767 8172 8173)
4(8174 8173 8172 8175)
4(8176 8175 8172 8177)
4(8178 8177 8172 4767)
4(8179 8180 8181 8182)
4(8183 8184 8181 8185)
4(8186 8182 8181 8184)
4(2761 8187 7224 2762)
4(2763 2762 7223 8188)
4(151 8189 7228 152)
4(153 152 7227 4827)
4(153 4827 4826 7463)
4(231 8190 7231 2765)
4(2766 2765 7230 8191)
4(2767 8192 7234 2768)
4(2769 2768 7233 4837)
6(8193 8194 8195 7652 7651 8196)
6(4847 8194 8193 1364 4839 4848)
4(4847 8197 8195 8194)
4(4775 7652 8195 4776)
4(8198 8199 4857 4860)
4(4857 8199 8200 4858)
5(8201 8202 8203 8204 4862)
4(4786 8205 8201 8206)
5(8207 8206 8201 4862 4861)
4(8208 8202 8201 8205)
5(4870 8209 8210 4865 4864)
4(8211 8212 8210 8209)
4(2771 2774 8213 8214)
4(8215 8213 2774 8216)
4(8217 8216 2774 2773)
4(8218 8219 7238 7237)
5(8220 8221 8222 8218 7237)
4(8220 7237 7236 8223)
5(2801 2804 8224 8225 8226)
4(8227 8228 8229 8230)
4(8231 8232 8229 8233)
4(8234 8233 8229 8228)
4(8235 8232 4877 4876)
4(8235 8230 8229 8232)
4(2805 8236 2811 2806)
5(2807 2806 2810 8237 4895)
4(2843 8238 569 568)
4(7659 7670 8239 8240)
5(8240 8239 8241 7671 4887)
4(2848 8242 8243 2849)
4(2854 8244 7242 2855)
5(8245 8244 2854 4929 7496)
4(2859 573 572 8246)
4(2863 8247 7244 2864)
5(7244 8247 8248 8249 7245)
5(2865 2864 7247 8250 4941)
4(4955 8251 8252 7248)
5(7676 8253 4908 4903 7669)
5(7676 4960 4959 4963 8253)
5(4993 4992 4995 8254 8255)
5(4993 8255 1439 8256 4994)
4(2875 2874 8257 8258)
4(4984 8257 2874 4985)
4(4987 4985 2874 2878)
4(2879 8259 8260 2880)
4(2880 8260 1433 1446)
4(2883 8261 7250 2884)
4(2885 2884 7249 8262)
4(5012 5023 5027 7682)
4(8263 7682 5027 5030)
6(1477 1462 1461 5033 7184 5048)
4(2891 8264 2893 584)
4(2898 587 2897 5066)
5(2905 592 246 5074 5077)
4(212 5088 8265 66)
4(5064 75 8265 5093)
4(5092 5093 8265 5088)
4(2908 597 596 5069)
4(5072 600 599 7688)
4(8266 7688 599 2913)
4(4170 5111 1523 1125)
4(2919 8267 7252 2920)
4(2920 1517 5099 2921)
4(5126 604 67 4185)
5(5126 8268 8269 2922 604)
4(2924 8270 7253 2925)
5(5157 8271 8272 8273 8274)
5(5162 8271 5157 5156 5163)
5(8275 8274 8273 4214 8276)
4(8275 5158 5157 8274)
4(2939 8277 7256 2940)
4(2940 7255 8278 2941)
5(4234 5185 5182 1531 1534)
5(2944 607 606 8279 5197)
5(2946 2943 2945 5202 1541)
4(2948 8280 7259 2949)
4(2949 7258 8281 2950)
4(8282 7263 5263 5262)
4(8283 5259 5263 7262)
4(5284 8284 5281 5280)
4(5238 5237 5281 8285)
4(8286 8285 5281 8284)
4(2978 8287 7265 2979)
4(2980 2979 7264 8288)
5(2978 2981 8289 7716 7717)
5(2984 616 2983 5312 5315)
5(5316 5317 7566 7565 8290)
4(5303 1593 7566 5320)
4(5318 5320 7566 5317)
4(5310 1598 7267 5327)
4(5323 5327 7267 5324)
4(2997 8291 7270 2998)
4(2999 2998 7269 7727)
5(2999 7727 7726 7740 7739)
4(3000 2999 7739 8292)
4(3001 8293 3003 629)
4(3006 8294 7273 3007)
4(8295 8296 8297 8298)
4(8299 8300 8297 8301)
4(8302 8301 8297 8296)
4(8303 8298 8297 8300)
4(5357 5356 7750 5375)
4(5378 5375 7750 8304)
4(3024 8305 4447 3020)
4(3025 8306 3027 157)
4(5371 5374 7765 5398)
4(3030 8307 7277 3031)
4(3032 3031 7276 8308)
4(4499 5405 7278 4500)
4(5386 1649 7278 5408)
4(5406 5408 7278 5405)
4(3039 8309 7280 3040)
4(3041 3040 7279 8310)
4(3043 8311 3045 640)
4(8311 3043 5430 5432)
5(3049 8312 8313 8314 3050)
4(8315 8312 3049 8316)
4(8317 8316 3049 3048)
4(8318 8319 3054 3057)
4(8318 8320 8321 8319)
4(8322 8323 8324 8325)
4(4587 8326 8324 4588)
5(4588 8324 8323 4590 4589)
4(8327 8325 8324 8326)
4(5473 5472 1684 8328)
5(5465 641 644 3076 5466)
4(3078 8329 3080 647)
6(5502 7282 1266 1265 8330 5503)
4(5498 1694 7282 5510)
5(5498 5510 1702 1697 5499)
4(5501 5510 7282 5502)
4(8331 5515 5514 5519)
4(8332 8333 3107 3106)
4(8332 3106 3109 8334)
4(3113 3112 7804 7805)
6(8335 8336 5562 5563 7803 8337)
4(5538 5542 7803 5563)
4(3125 5572 1329 1332)
4(3128 8338 5572 3125)
4(3126 3125 1332 4717)
5(5592 5595 5594 5599 5593)
4(8339 8340 8341 8342)
5(8339 8343 8344 8345 8340)
5(8346 8341 1338 1337 1726)
5(8341 8340 8347 4739 1338)
4(8348 8342 8341 8346)
4(3148 161 5573 8349)
4(5576 5579 5612 5614)
4(5619 4799 663 668)
5(5619 668 667 3155 5620)
4(4809 5629 8350 7643)
4(3158 3157 7283 8351)
4(5648 5651 5654 7826)
5(5662 7288 5604 8352 5663)
5(7288 5662 5667 8353 5656)
4(290 1775 1774 291)
4(3176 676 3175 5729)
4(674 673 5675 4863)
4(673 3177 5676 5675)
4(8354 3178 3181 8355)
4(5740 8356 3178 8354)
4(8357 3179 3178 8356)
4(3190 5763 3188 677)
4(3227 5800 3230 3224)
5(5812 7290 1422 1421 8358)
4(5784 1809 7290 7851)
4(5811 7851 7290 5812)
4(5807 5810 7291 5820)
4(5819 5820 7291 5816)
4(3253 8359 3257 3254)
4(8360 5832 1836 1833)
4(694 697 3263 5825)
5(699 698 1460 5857 5856)
4(3281 8361 3283 707)
5(5886 7293 7858 5893 5887)
4(718 717 5907 5919)
4(719 3293 254 253)
4(3294 718 5919 5912)
4(5219 1550 5223 5224)
4(5226 5224 5223 5222)
4(5244 1565 1571 5258)
5(3295 8362 8363 8364 3296)
4(5267 1576 3296 8364)
5(8365 1578 5271 5273 5278)
6(8365 5926 5925 7861 1579 1578)
6(8365 5278 5277 1894 1893 5926)
4(3299 8366 3303 3300)
4(3306 8367 724 723)
5(5945 8368 8369 7718 5946)
5(8368 5945 5944 5947 5949)
4(3327 8370 7295 3328)
4(3328 7298 8371 3329)
5(5321 5965 5964 1610 1609)
4(3342 7303 8372 3343)
4(6009 6000 728 3348)
4(3355 732 731 8373)
5(8374 737 736 5364 5363)
4(8374 8375 3359 737)
5(5376 6081 6079 1935 1641)
5(6108 8376 8377 7760 7763)
5(6116 8376 6108 6107 6117)
4(7762 6109 6108 7763)
4(5399 6119 7308 1653)
4(1936 7308 6125 6082)
4(7308 6119 6122 6125)
6(5411 6141 6139 6138 7758 5412)
5(3381 3380 7315 8378 6153)
4(5423 6166 6165 1668)
4(1953 6165 6164 6120)
6(3387 8379 6183 6187 748 747)
4(6142 749 748 6187)
4(3387 3388 5434 6191)
4(3391 8380 7319 3392)
4(3393 3392 7318 8381)
4(3407 3406 7321 8382)
6(6199 8382 7321 7781 8383 8384)
4(6199 6198 3407 8382)
4(3405 8385 7322 3406)
4(8386 8387 6267 8388)
4(8389 8388 6267 6266)
4(8390 6263 6267 8387)
5(8391 6268 6285 5477 5476)
4(3424 8392 3426 3421)
4(5508 6323 756 755)
5(753 757 6313 6316 2018)
4(6313 757 756 6327)
4(6322 6327 756 6323)
5(8393 167 170 8394 8395)
4(8396 8397 167 8393)
4(8398 6362 6364 8399)
4(8400 8399 6364 8401)
4(8402 2031 6380 6379)
4(3454 8403 6351 3451)
4(5549 8403 3454 5550)
4(8404 5550 3454 3453)
4(259 6391 8405 260)
4(6408 8406 8407 8408)
5(8409 8408 8407 2045 2021)
6(3457 761 760 5565 5570 3458)
5(758 761 3457 3456 6369)
4(3477 49 3475 6392)
4(264 6431 7324 268)
4(5588 268 7324 8410)
4(8411 8412 8413 8414)
4(8415 8416 8413 8417)
4(8418 8417 8413 8412)
4(8418 8412 7910 7812)
4(8419 8414 8413 8416)
4(6420 6427 6443 6421)
4(270 287 7325 271)
6(7325 287 5624 5626 5625 7326)
4(288 90 1760 5635)
4(3488 8420 8421 3489)
4(8422 8420 3488 8423)
4(8424 8423 3488 3491)
4(5681 5682 8425 5678)
6(1783 7328 5698 5697 5687 1784)
4(5691 5698 7328 5688)
4(6469 768 767 6445)
5(764 768 6469 6465 3499)
4(7836 6479 7912 7832)
6(7836 7835 6488 6487 6480 6479)
4(294 296 7839 1770)
4(5721 7837 7839 5735)
4(5734 5735 7839 296)
5(3514 774 5757 5756 5760)
5(6567 2082 2081 8426 6566)
4(780 779 6496 6505)
4(3518 780 6505 314)
4(5778 5777 5776 7330)
4(5778 7330 7331 6506)
4(7331 6498 6497 6516)
4(6506 7331 6516 6510)
6(6571 6570 8427 5779 781 786)
6(6572 6571 786 785 6528 6527)
4(6509 6528 785 784)
4(5797 5796 7333 7332)
4(5797 7332 6544 6546)
4(794 793 6557 6565)
4(3533 794 6565 6564)
5(6585 8428 8429 8430 7335)
4(179 8431 8432 54)
4(8432 8433 8434 54)
4(330 8435 3544 801)
5(128 8436 8437 8438 8439)
4(5821 8436 128 1830)
4(8440 8441 8442 8443)
6(8444 8445 103 2123 8442 8441)
5(131 802 3548 3547 332)
4(6626 8446 8447 6627)
4(8448 8449 8447 8450)
4(8451 8450 8447 8446)
4(8452 6627 8447 8449)
4(804 803 6632 5843)
4(1849 7336 6655 5865)
4(6645 7928 7336 2150)
5(7336 7928 6661 6656 6655)
6(6684 6683 5891 5888 807 810)
4(3564 6685 6684 810)
4(813 811 1885 5914)
4(5999 7884 6006 6005)
4(6023 6026 6042 6041)
4(6010 6059 7337 1911)
4(305 1925 7337 306)
4(6062 306 7337 6059)
4(6027 6069 7887 6028)
4(7887 6071 6074 7888)
4(6070 6071 7887 6069)
4(7338 1924 6046 6084)
4(307 1933 7338 6086)
4(6086 7338 6084 6085)
4(3578 8453 3581 816)
5(6100 1938 1940 7893 6104)
5(6701 8454 6118 7895 6702)
4(6075 6702 7895 6076)
4(6110 6114 7895 6118)
6(6707 3583 819 818 8455 6129)
4(6087 8455 818 817)
4(6097 2173 2181 7896)
4(8456 6133 6132 7896)
4(3585 8457 3587 825)
5(6135 1955 1958 6145 6149)
5(6711 8458 6713 6714 7339)
4(6158 1961 7339 6714)
4(3591 829 3590 6171)
4(6177 6176 6175 6178)
4(3593 8459 3595 833)
4(6152 6189 836 835)
4(6188 3597 836 6189)
4(3600 8460 3602 842)
4(6217 3607 3605 3604)
4(3609 8461 3611 850)
4(3613 8462 3616 854)
6(6226 1987 1986 6230 6232 6234)
5(6727 6249 6248 2231 2226)
4(6206 8463 7340 1978)
5(6206 2206 2236 8464 8463)
6(8465 8466 7340 8463 8464 8467)
4(6243 6246 7340 8466)
6(6243 8466 8465 2237 2232 2235)
4(3618 8468 3620 858)
4(6261 861 860 6262)
5(6262 860 6259 6258 6260)
4(3622 8469 8470 3623)
4(6273 1993 3623 8470)
4(3627 8471 3629 867)
4(3646 8472 3648 875)
4(3650 8473 3652 879)
5(6764 8474 6297 6290 7341)
4(3675 8475 3677 887)
4(6294 8476 7343 6295)
4(6294 2259 2267 8476)
5(6311 6312 7344 7343 8476)
4(3693 895 3692 8477)
4(6307 2270 2278 7907)
4(8478 7907 2278 6832)
4(3710 899 3709 6337)
4(897 896 6851 6826)
4(896 3711 6852 6851)
4(3719 902 6348 6347)
4(903 3720 6884 6883)
4(6905 7348 7347 8479)
4(7348 6905 6908 6914)
4(907 3726 6944 6941)
4(3727 3730 8480 8481)
5(6950 3730 3729 6954 2341)
5(3732 3731 355 354 141)
4(3739 911 3737 6918)
4(913 917 6359 6395)
4(6404 914 913 6398)
5(915 914 6404 6389 2343)
4(921 920 6972 6942)
5(925 924 8482 6985 3750)
5(8482 924 923 2341 6954)
4(6963 6962 6959 2362)
5(3751 8483 7019 3753 927)
4(3761 7083 3758 3757)
5(7030 7029 7085 6471 6470)
4(7098 7097 3782 3785)
5(7099 7098 3785 3787 7059)
4(6511 6512 7351 7350)
4(6511 7350 7089 7091)
4(2084 7351 6517 6504)
4(7351 6512 6515 6517)
4(6522 6521 6520 2413)
4(6522 2413 2412 7094)
4(2088 6520 6519 6513)
4(6532 6533 7352 2071)
5(6532 2071 2070 7101 7102)
4(2091 7352 6539 6523)
4(7352 6533 6536 6539)
4(6553 6552 6551 2417)
4(6553 2417 2416 7105)
4(2094 6551 6550 6534)
5(2098 6560 6558 321 6554)
4(7122 7121 3809 8484)
4(195 7123 7122 8484)
4(3809 196 195 8484)
4(199 198 3821 935)
4(8485 3832 3829 943)
6(8486 8485 943 942 8487 8488)
5(3832 8485 8486 7169 7168)
4(6902 7176 7175 6899)
4(946 945 6913 6912)
4(7174 948 947 7177)
4(3840 946 6912 6915)
5(7177 947 3842 7175 402)
4(6869 6929 7353 2294)
4(6923 6926 7353 6933)
4(6932 6933 7353 6929)
4(6879 6935 7354 2304)
4(6930 2324 7354 6939)
4(6938 6939 7354 6935)
4(6936 2327 2335 6947)
4(3849 8489 3852 950)
4(3853 8490 3855 957)
4(6978 7355 6975 6979)
4(6978 7183 7181 7355)
4(6979 6975 6974 6977)
4(8491 8492 7967 6993)
4(6998 6999 7357 7356)
4(6998 7356 7358 7180)
4(7003 2368 7357 7004)
4(7002 7004 7357 6999)
4(7008 7009 7359 2452)
4(7000 2375 7359 7012)
4(7011 7012 7359 7009)
4(8493 3857 3859 8494)
4(6982 8494 3859 2356)
4(7021 7075 7360 2394)
5(7360 7075 7072 7074 7078)
5(8495 148 7114 8496 8497)
5(7126 149 8495 8497 7136)
5(7361 2431 7139 396 7156)
4(7148 2434 7361 7162)
4(7162 7361 7156 7159)
4(2472 8498 1039 413)
5(7988 7987 1040 1039 8498)
4(7191 7433 7363 7362)
4(2472 7364 7363 8498)
4(7988 8498 7363 7433)
4(7191 7362 3971 2456)
4(7993 8499 7434 7992)
4(3980 59 7365 7194)
4(2486 8500 7365 422)
4(7993 7194 7365 8500)
4(2486 7367 7366 8500)
4(2472 2473 3994 7364)
4(2477 3992 3994 2473)
5(2477 8501 7444 3993 3992)
4(420 4005 4004 2489)
4(2486 2487 7369 7367)
4(2491 8011 7369 2487)
5(2491 8502 7448 8012 8011)
4(4084 2497 7370 4091)
4(2496 8026 7370 2497)
4(2509 8503 4127 8504)
5(7372 1131 1130 8050 2542)
4(2548 429 7372 8505)
4(8505 7372 2542 2545)
4(2548 8505 7374 7373)
4(7374 8505 2545 4196)
4(2548 7373 3863 2549)
4(2550 2549 3863 3862)
5(3861 3872 4206 4204 3862)
4(2562 433 7375 8506)
5(8052 8506 7375 2554 2559)
5(3865 436 440 3875 3866)
5(3865 3864 4213 437 436)
4(2562 8506 960 959)
4(8052 3864 960 8506)
4(2562 959 7376 2563)
4(7376 992 2576 4219)
4(2563 7376 4219 2564)
4(964 963 8055 2568)
4(3867 964 2568 2567)
4(3870 8507 3869 973)
5(3871 3869 8507 8508 8057)
6(4229 8057 8508 980 977 976)
4(3874 8507 3870 975)
4(8508 8507 3874 980)
5(8509 8510 3875 440 2570)
6(8509 2570 2569 7377 983 986)
4(3875 8510 3876 982)
4(3879 8510 8509 986)
4(3876 8510 3879 990)
4(994 993 2588 4243)
4(2578 994 4243 2577)
4(3880 996 2579 2582)
6(3881 7378 3888 3887 3884 3882)
4(3881 3880 7379 7378)
4(3884 8511 3883 997)
4(3883 8511 3885 998)
4(3886 8511 3884 3887)
4(3885 8511 3886 7383)
4(7387 7386 1001 1000)
4(7387 1000 1150 8512)
4(7387 8512 1154 1153)
4(7386 8513 3889 1001)
4(3889 8513 3890 1003)
4(3895 8513 7386 7385)
4(3890 8513 3895 3893)
4(3892 1159 1158 2589)
5(2589 1158 1157 4273 2590)
4(2591 2592 7388 7382)
4(2597 451 7388 4287)
4(2596 4287 7388 2592)
4(2596 8514 1170 4287)
5(2604 455 4298 8515 8516)
4(2602 2603 4302 3896)
4(2606 4299 4302 2603)
5(4306 2605 2604 8516 7206)
4(2606 2605 4306 4305)
6(2606 4305 4304 4311 4300 4299)
4(2632 4457 7595 2628)
4(7593 2630 2631 7592)
4(2645 8517 7593 470)
4(2632 2630 7593 8517)
4(2645 7389 4458 8517)
4(2632 8517 4458 4457)
4(2634 7390 7391 7217)
4(7390 8518 8094 2644)
4(2633 8518 7390 2634)
5(1206 7392 2636 7218 1207)
4(2663 8519 7392 478)
4(2633 2636 7392 8519)
4(8518 7393 7395 8094)
4(2663 7394 7393 8519)
4(2633 8519 7393 8518)
4(2645 2646 7398 7389)
4(2653 472 7398 8520)
4(2649 8520 7398 2646)
4(2647 4489 7399 2648)
4(2672 1005 1007 8521)
4(2672 8521 7399 487)
4(2649 2648 7399 8521)
4(2649 8521 1007 8520)
4(2653 1006 4494 2654)
5(2665 476 4506 4505 8522)
4(2665 8522 7402 7401)
4(2663 2664 7404 7394)
4(2671 480 7404 8523)
4(2667 8523 7404 2664)
4(2667 2666 3900 3899)
4(2671 8523 7406 7405)
4(3898 7407 7406 3899)
4(2667 3899 7406 8523)
4(2671 7405 4515 2668)
4(2676 3901 1008 2673)
4(2694 1010 1013 8524)
4(2694 8524 7609 497)
4(2676 8524 1013 3901)
4(2676 2675 7609 8524)
6(3903 1014 3904 7410 2680 2681)
4(2680 7410 7409 8525)
5(8102 7412 7403 8103 8098)
4(8101 7413 7412 8102)
4(8101 8100 3908 3907)
6(3906 1017 3911 7413 8101 3907)
4(3914 3918 3913 3912)
4(3898 3913 7414 7407)
4(2691 493 7414 4547)
4(3918 4547 7414 3913)
4(3916 1234 1233 3917)
4(3918 3917 1233 4547)
4(3921 3920 8526 7426)
4(8527 8528 8526 3920)
4(7426 8526 7416 3966)
5(8529 8530 2695 496 2697)
5(2694 2695 8530 1021 1010)
4(8530 8529 8531 1021)
5(1020 1021 8531 8528 8527)
4(7416 8529 2697 7415)
5(8529 7416 8526 8528 8531)
5(3928 8532 3937 3936 3929)
4(3925 3924 3923 7989)
4(8527 3920 3919 204)
4(3925 7989 7417 3926)
4(8532 3928 3927 3932)
4(203 1020 8527 204)
5(8532 3932 3931 3934 3937)
4(2458 3940 3931 2459)
6(3938 8533 4570 4569 2700 2699)
5(1024 3941 3940 2458 1025)
6(3939 3941 1024 1023 8533 3938)
5(3943 3942 8534 3948 3947)
4(7991 3944 3943 8535)
6(8108 8536 3947 1032 1031 8109)
6(8108 8107 1036 1035 8537 8536)
6(8109 1031 1030 1225 8110 8106)
5(8535 8537 1035 1034 7991)
5(8536 8537 8535 3943 3947)
6(1022 1036 8107 2702 8113 8538)
5(3952 3951 7418 7421 8539)
4(3952 8539 211 210)
4(3951 3950 3954 7994)
4(8534 3942 3949 3953)
4(3951 7994 7419 7418)
4(7983 8539 7421 7420)
5(3955 1028 3948 8534 3953)
4(1037 211 8539 7983)
4(2467 2471 3960 7420)
4(7983 7420 3960 7984)
4(7985 8540 3956 1038)
5(8540 7985 7984 3960 3959)
5(3956 8540 8115 7422 3957)
4(3916 3957 7422 1234)
4(7423 8115 8540 3959)
4(8115 7423 7425 8114)
4(7427 8541 7990 7188)
4(3963 8541 7427 3964)
4(8541 7428 1041 7990)
4(3963 3968 7428 8541)
4(7999 7429 7428 3968)
4(3962 3961 500 2706)
5(3966 3965 3964 7427 7426)
4(7430 7999 3968 3967)
4(3962 2706 7431 3967)
4(7986 7988 7433 7432)
4(7986 7432 7417 7989)
4(7987 7990 1041 1040)
4(8542 3973 3972 8002)
4(8005 8543 3973 8542)
4(3974 3969 3973 8543)
5(1025 2458 2461 3970 1043)
4(3979 8004 8003 3978)
4(8005 8004 3979 8543)
4(3974 8543 3979 2466)
4(7992 7434 7419 7994)
4(8499 7996 2469 7434)
5(7366 7368 8499 7993 8500)
4(3982 7996 8499 7368)
5(7997 8544 7436 7437 7998)
4(3981 7995 7996 3982)
4(7997 7995 3981 8545)
4(8013 8545 3981 2493)
4(7997 8545 7438 8544)
4(8013 7439 7438 8545)
4(7435 7436 8544 4593)
4(7435 4593 2712 2711)
4(4594 4593 8544 7438)
5(8546 7440 8001 8000 8547)
4(2475 415 7440 8546)
4(7999 8001 7440 7429)
4(8546 3983 3987 2475)
4(3983 8546 8547 3989)
5(8547 8000 7441 504 2713)
4(3989 8547 2713 3990)
5(2476 7442 8501 2477 2474)
4(2476 2475 3987 7442)
4(8501 7442 7195 8015)
4(7443 2481 3993 7444)
4(8501 8015 4028 7444)
4(2478 3996 8542 8002)
4(8005 8542 3996 8006)
4(8007 8006 3996 3995)
4(2479 2481 7443 3997)
4(4044 8548 4003 4045)
4(8007 3995 4003 8548)
4(3999 4045 4003 4000)
4(2482 4005 57 8003)
4(4044 8019 4007 8548)
4(8007 8548 4007 2484)
6(4006 4008 8020 4049 4048 4009)
4(8020 4008 4007 8019)
4(7445 2489 4004 4009)
5(2490 7446 8502 2491 2488)
4(2490 2489 7445 7446)
4(8502 7446 7198 8023)
4(7447 8010 8012 7448)
4(8502 8023 4062 7448)
5(8013 8008 8009 7449 7439)
4(4013 4012 8010 7447)
5(4607 7449 8009 4011 4603)
4(4011 4010 7450 4603)
6(3985 3984 3991 4018 4017 7196)
5(2723 2726 4018 3991 3988)
6(7196 4017 4020 4030 4029 7197)
4(4023 4617 8117 7452)
5(4023 4021 2727 2728 4617)
4(8014 4025 4028 8015)
4(4033 8549 4025 8014)
4(4034 4026 4025 8549)
4(4033 4032 1046 8549)
5(4034 8549 1046 1045 4035)
4(3999 4041 4040 4045)
4(4047 4042 4036 1048)
4(4038 4042 4047 1050)
4(4050 8016 8018 4057)
4(8020 8016 4050 4049)
5(8024 4051 4050 4057 4056)
4(4055 8018 4053 1052)
4(4057 8018 4055 1054)
4(4066 4065 4058 8021)
4(4062 8023 8021 4058)
6(4059 4058 4065 4064 4067 4069)
4(4066 8022 1056 4063)
5(8022 8024 4056 1053 1056)
5(4070 4073 4627 4621 4620)
4(2729 2730 7453 1047)
4(515 7453 4638 2733)
4(7453 2730 4637 4638)
4(2731 2732 7454 1051)
4(519 7454 4642 2738)
4(7454 2732 2735 4642)
4(2736 2737 7455 1055)
4(523 7455 4650 2743)
4(7455 2737 2740 4650)
4(2741 2742 7456 1061)
4(2775 4828 7462 529)
5(7462 4828 4823 2764 2763)
4(2780 8550 7463 533)
4(2780 1359 1358 8550)
5(8550 1358 1357 4830 154)
4(2785 8551 1360 537)
5(1360 8551 232 2766 1361)
4(2785 7465 7464 8551)
6(2790 8552 4835 4834 4836 541)
5(7466 1363 1362 8196 4832)
4(2790 7467 7466 8552)
5(8222 7468 7461 8219 8218)
4(2777 527 7468 8553)
4(8221 8553 7468 8222)
4(2812 8554 1376 549)
5(8221 8220 1377 1376 8554)
4(2777 7470 4078 2778)
4(2777 8553 7471 7470)
4(2812 7472 7471 8554)
4(8221 8554 7471 8553)
4(2775 2776 7473 4829)
4(2782 531 7473 8555)
4(2779 8555 7473 2776)
4(2782 8555 7475 7474)
4(4076 7476 7475 4077)
4(2779 4077 7475 8555)
4(2780 2781 7477 1359)
4(2787 535 7477 8556)
4(2784 8556 7477 2781)
4(2782 7474 7478 2783)
4(2823 8557 7478 553)
4(2784 2783 7478 8557)
4(2787 8556 7480 7479)
4(2823 7481 7480 8557)
4(2784 8557 7480 8556)
4(2785 2786 7482 7465)
4(2792 539 7482 8558)
4(2789 8558 7482 2786)
4(2787 7479 7483 2788)
4(2828 8559 7483 557)
4(2789 2788 7483 8559)
4(2792 8558 7485 7484)
4(2828 7486 7485 8559)
4(2789 8559 7485 8558)
4(2790 2791 7487 7467)
4(2798 543 7487 4079)
4(2794 4079 7487 2791)
4(2792 7484 7488 2793)
4(2833 4080 7488 561)
4(2794 4080 1063 4079)
4(2794 2793 7488 4080)
5(2800 8560 8561 2796 2795)
4(2798 1062 7489 2799)
4(2838 8562 7489 565)
4(2800 2799 7489 8562)
4(2838 1383 1382 8562)
5(2800 8562 1382 1381 8560)
5(2814 547 4893 4892 7667)
4(2812 2813 7491 7472)
4(2817 2820 7491 8563)
4(2816 8563 7491 2813)
4(2816 2815 7666 8564)
4(2817 8563 1391 1390)
5(2816 8564 1392 1391 8563)
4(4076 2822 7492 7476)
4(2825 551 7492 8565)
4(2821 8565 7492 2822)
4(2817 1390 7493 2818)
5(8245 8566 7493 7242 8244)
4(2821 2818 7493 8566)
4(2825 8565 7495 7494)
4(8245 7496 7495 8566)
4(2821 8566 7495 8565)
4(2823 2824 7497 7481)
4(2830 555 7497 8567)
4(2827 8567 7497 2824)
4(2825 7494 7498 2826)
4(2862 4901 7498 574)
4(2827 2826 7498 4901)
4(2830 8567 4900 7246)
4(2827 4901 4900 8567)
4(2828 2829 7499 7486)
4(2835 559 7499 8568)
4(2832 8568 7499 2829)
4(2830 7246 7245 2831)
4(2832 2831 7245 8249)
4(2835 8568 7501 7500)
4(8248 1403 7501 8249)
4(2832 8249 7501 8568)
4(2840 563 1065 8569)
4(2837 8569 1065 2834)
4(2835 7500 7502 2836)
4(2871 4902 7502 578)
4(2837 2836 7502 4902)
4(2840 8569 1396 1395)
4(2837 4902 1396 8569)
4(2838 2839 7503 1383)
4(2846 567 7503 4904)
4(2842 4904 7503 2839)
4(2840 1395 7504 2841)
5(2842 2841 7504 7505 8570)
4(2842 8570 4905 4904)
5(1403 8248 8247 2863 1404)
4(4081 8571 4085 4082)
4(4093 8571 4081 4090)
4(4085 8571 4098 1071)
4(4093 1073 4098 8571)
4(7506 8572 4100 4103)
4(4104 8572 7506 4105)
4(4100 8572 4110 1079)
4(4104 1083 4110 8572)
5(8573 8574 8030 8029 8575)
4(2500 8573 8575 2499)
4(8574 8573 8576 8577)
4(4112 8578 8576 4113)
4(2500 4113 8576 8573)
4(8579 2496 2499 8575)
4(8579 8575 8029 8028)
5(4116 8027 8026 2496 8579)
5(8025 8027 4116 4115 4119)
4(8579 8028 4117 4116)
5(2510 2508 1096 4124 7512)
4(8034 8036 7510 7509)
4(2510 7512 7510 8036)
4(8504 7513 2503 2509)
4(8504 4131 4132 7513)
5(2506 8035 8503 2509 2504)
5(2506 2505 2510 8036 8035)
4(8503 8035 8032 8031)
4(8504 4127 4126 4131)
4(8503 8031 4128 4127)
4(1097 4132 4131 4130)
5(8574 8577 8580 2515 8030)
4(8580 8581 2516 2515)
4(2900 7514 4141 8581)
5(2511 4133 4118 4117 8028)
5(4114 4118 4133 1098 1090)
4(4133 4134 4139 1098)
5(4136 4135 4137 4140 8038)
4(4137 2516 8581 4141)
5(4136 8038 8582 4159 4138)
4(4138 4159 1100 1099)
4(4134 4138 1099 4139)
4(5083 8037 7515 5084)
4(1102 1101 8044 4147)
4(5083 77 1102 8037)
4(2517 4143 4128 8031)
4(4144 4129 4128 4143)
5(4146 4147 8044 8040 8039)
4(4147 2519 8037 1102)
5(4146 8039 8583 4149 4148)
5(4149 8583 1123 1106 1105)
4(4145 4149 1105 213)
4(2910 4157 1109 598)
4(2521 4151 8582 8038)
5(4150 4155 4158 4160 4151)
4(4160 4159 8582 4151)
4(4152 4153 8046 8045)
4(4152 8045 7516 4154)
4(2522 4140 1107 1109)
4(1110 8046 4153 1111)
5(2535 2534 69 1117 4156)
4(4155 4156 1117 4161)
5(4161 1115 1114 4158 4155)
5(7519 8584 1122 71 4187)
5(7519 7202 7201 4166 8584)
5(4163 8043 8042 1118 1120)
4(4163 1122 8584 8043)
4(2525 4165 8583 8039)
4(2527 8043 8584 4166)
4(4167 4166 7201 8048)
4(4167 8048 8585 4168)
4(1123 8583 4165 1124)
4(4168 8585 1128 1127)
4(2529 4172 7516 8045)
4(4171 8047 2537 4172)
4(4173 4174 8051 8050)
4(4173 8050 1130 1133)
4(2530 8046 1110 4175)
4(4176 4175 7252 8267)
4(7517 8051 4174 4177)
4(4176 8267 7518 4177)
5(4179 4180 8047 1132 1135)
5(4180 4179 4178 4183 4181)
5(2935 4184 4210 8586 2936)
5(4184 2552 2553 4203 4210)
5(4186 8587 8588 8049 7200)
5(8588 8587 8589 8590 1139)
4(1138 8049 8588 1139)
5(8054 1136 1139 8590 8053)
5(1137 1136 8054 2554 7375)
5(8591 8589 8587 4186 74)
4(8592 8591 74 73)
4(8589 8591 8593 8590)
4(8275 8276 8593 8594)
4(8053 8590 8593 8276)
5(8053 8276 4214 2556 2555)
4(8592 8594 8593 8591)
4(2538 4188 8585 8048)
4(4191 2561 8595 4192)
4(1128 8585 4188 4194)
4(7694 4194 4193 8596)
4(4192 8595 7521 4195)
4(7520 8596 4193 4195)
4(4196 4197 8056 8055)
4(4196 8055 963 7374)
4(2543 8051 7517 4198)
4(4199 4198 7253 8270)
4(7523 8056 4197 4200)
4(4199 8270 7524 4200)
5(4201 2551 2550 3862 4204)
4(8586 4210 4209 8597)
4(7526 8597 4209 4211)
5(2572 4212 4216 7527 7537)
4(4215 4214 8273 8272)
4(4215 8272 7528 4216)
4(4218 8595 2561 2560)
4(4219 2576 8598 4220)
4(7521 8595 4218 4222)
4(7529 4222 4221 8599)
4(4220 8598 7531 4223)
4(7530 8599 4221 4223)
4(4224 8058 971 970)
4(4225 8059 8058 4224)
4(2567 4224 970 3867)
4(2565 8056 7523 4226)
4(7533 8059 4225 4228)
4(4236 4237 1143 4235)
4(2574 4238 7535 2571)
4(2569 2571 7535 7377)
4(2572 7537 7536 2573)
4(2947 4240 7536 608)
4(2574 4240 1147 4238)
4(2574 2573 7536 4240)
4(2575 4242 8598 2576)
4(4243 2588 8600 4244)
4(7531 8598 4242 4246)
4(4244 8600 7540 4247)
5(2582 4248 7380 7379 3880)
5(8601 1160 7380 4248 4250)
4(2580 8059 7533 4251)
4(4252 4251 7259 8280)
6(4249 4253 7542 7546 8601 4250)
4(4252 8280 7543 4253)
4(4256 8060 2583 4255)
4(8060 4256 4259 4257)
4(2585 8060 4257 1148)
5(2953 4257 4259 4258 5228)
4(4261 8602 8512 1150)
4(8512 8602 4262 1154)
4(4265 8602 4261 1156)
4(4268 4262 8602 4265)
4(5238 8603 4268 4267)
4(4268 8603 4263 4262)
4(2587 4270 8600 2588)
6(4274 4272 4271 4320 4321 4277)
4(7540 8600 4270 4276)
4(7544 4276 4275 8604)
4(7545 8604 4275 4277)
5(1161 1160 8601 4282 4281)
5(2594 1162 1161 4281 4280)
5(4280 4286 4285 7549 2594)
4(8601 7546 4283 4282)
4(8282 4278 4283 7263)
5(8282 1163 1166 4279 4278)
4(4286 4280 4279 1166)
4(2595 2594 7549 7548)
6(8605 8514 2596 2593 2595 7548)
4(8605 7548 7547 8061)
5(8514 8605 8061 1167 1170)
5(4292 4291 2599 2598 1169)
5(4293 7553 7714 5269 4294)
4(4297 8606 8515 4298)
5(8515 8606 7551 7206 8516)
4(4342 7551 8607 7556)
4(8608 8609 8606 4297)
4(5238 8285 8608 8603)
4(8603 8608 4297 4263)
4(8286 8609 8608 8285)
4(8609 8607 7551 8606)
4(7557 7556 8607 8610)
5(7557 8610 8611 7264 7266)
4(8286 8610 8607 8609)
4(4310 4301 4300 4311)
4(4304 4303 4312 4311)
5(4301 4310 4309 4323 4318)
4(4323 1173 4319 4318)
5(4314 4319 1173 1172 2974)
4(4284 1175 1174 8062)
4(8612 8613 1174 1177)
5(8612 1177 1176 1592 5297)
6(8062 1174 8613 4331 2608 2607)
5(8612 1180 1179 4331 8613)
4(2611 4325 1167 8061)
4(4324 8063 7204 4325)
6(2609 4332 4327 4326 4324 2610)
4(4330 8063 4324 4326)
4(8614 4328 4327 4332)
4(1178 8614 4332 1179)
4(4336 4335 8063 4330)
4(7552 7554 4334 8615)
4(4334 4333 1596 8615)
4(4339 8616 8064 4340)
4(4346 8064 8616 4343)
4(8617 7555 7265 8287)
4(7555 8617 8616 4339)
4(7556 7555 4339 4342)
4(8617 7559 4343 8616)
4(8287 7558 7559 8617)
4(7559 4367 4344 4343)
5(2612 4347 4313 4312 4303)
4(4308 4313 4347 4353)
4(2614 8064 4346 4350)
4(8070 4352 4351 7210)
5(4348 4352 1183 4355 4349)
4(8070 1184 1183 4352)
5(8618 7560 8619 8620 8621)
4(8614 8619 7560 4328)
4(8622 7207 7560 8618)
4(8623 8624 8625 8626)
4(8622 8618 8625 8624)
4(8626 8625 7564 7563)
5(8620 8619 8614 1178 7561)
5(8621 8620 7561 620 2986)
4(7564 8621 2986 7562)
4(8621 7564 8625 8618)
4(4360 8065 8627 8628)
4(8074 8628 8627 8075)
4(4360 8628 1190 4361)
4(8074 1191 1190 8628)
4(7565 4359 4361 8290)
5(5316 8290 4361 1190 1189)
4(4365 8629 7567 4366)
5(4366 7567 4344 4367 4362)
4(4365 4364 1193 8630)
4(4365 8630 8631 8629)
4(8632 8633 8631 8630)
4(4364 4363 622 2992)
4(1192 8632 8630 1193)
4(8067 8634 4368 8068)
4(8082 4396 8634 8635)
4(8071 8635 8634 8067)
4(8634 4396 4369 4368)
5(1184 8070 8066 8069 7568)
5(7268 7568 8069 8068 7736)
4(7268 7736 5324 7267)
4(8068 4368 4371 7736)
4(8636 8637 8638 8639)
4(8623 8626 8638 8637)
4(8639 4372 4375 8636)
4(8640 7569 7270 8291)
4(7569 8640 8639 8638)
4(7563 7569 8638 8626)
4(7572 8640 8291 7570)
4(8640 7572 4372 8639)
4(7572 7571 4373 4372)
4(4379 4384 8641 8072)
5(8074 8072 8641 1196 1191)
5(8641 4384 4383 1197 1196)
4(4376 8636 4375 4377)
5(4377 7212 8083 8642 4378)
4(4379 4378 4385 4384)
4(4386 4381 4385 8643)
4(8642 8643 4385 4378)
6(8642 8083 2616 4408 8644 8643)
5(4390 4389 8079 8078 7573)
5(1204 1203 8299 8301 4426)
5(8299 1203 1202 5346 8300)
5(4389 4392 4394 8645 8079)
4(8076 8646 8647 8077)
4(8632 8077 8647 8633)
5(8076 8648 7575 8649 8646)
4(8076 8079 8645 8648)
4(4393 8089 8645 4394)
4(8088 8648 8645 8089)
4(7574 8080 8649 7575)
5(8087 7576 7575 8648 8088)
5(1192 7573 8078 8077 8632)
4(4401 4400 8080 7574)
4(7577 4395 4399 8650)
4(4399 4398 7578 8650)
4(7580 8651 8084 7211)
4(7581 8084 8651 7582)
4(8652 7583 7273 8294)
4(7583 8652 8651 7580)
4(7571 7583 7580 4373)
4(8652 4404 7582 8651)
4(8294 4405 4404 8652)
4(4404 4403 4445 7582)
5(4407 8086 8085 8644 4408)
4(4386 8643 8644 8085)
4(2618 8084 7581 4409)
4(4410 4409 464 2629)
5(4407 4411 7584 7586 8086)
4(4410 2629 7585 4411)
5(4416 4415 4413 8086 7586)
4(4413 4415 4420 3016)
4(8302 8653 4426 8301)
4(8653 8091 4427 4426)
5(3029 8654 4429 4428 8655)
4(8302 8655 4428 8653)
5(8653 4428 4421 4425 8091)
4(2620 4431 7576 8087)
4(4430 8092 2627 4431)
5(2622 8091 4425 4424 4432)
4(4433 4432 7215 7217)
4(4436 8092 4430 4434)
4(4433 7217 7391 4434)
4(4439 4435 7589 4437)
4(8092 4436 4435 4439)
4(4435 2642 7590 7589)
4(4438 4437 8656 7587)
4(4437 7589 7588 8656)
4(4444 2631 466 4440)
4(4443 8657 7594 4444)
5(4443 8093 4451 4450 8657)
4(8658 7397 7594 8657)
4(7592 2631 4444 7594)
4(8093 4448 4447 8305)
5(4403 4446 4442 4441 4445)
4(8093 8305 4452 4451)
4(8658 8657 4450 4449)
4(4459 4456 4455 4460)
4(4460 474 2655 4461)
5(4419 4467 8659 5382 258)
5(8660 8659 4467 4465 4464)
5(7597 4468 4461 2655 7598)
5(4464 4468 7597 1647 8660)
5(4473 4472 4469 8661 8662)
5(4471 7218 4470 4469 4472)
5(4469 4422 4429 8654 8661)
4(1207 7218 4471 1208)
4(1209 1208 4474 8096)
5(8662 8661 3028 3027 8306)
4(3029 3028 8661 8654)
5(8663 8662 8306 1650 7600)
4(4473 8662 8663 4474)
5(7599 8096 4474 8663 7600)
4(2639 8094 7395 4475)
4(4475 482 4480 4476)
4(7601 4477 4479 8664)
4(7602 8664 4479 4483)
4(4485 7397 8658 8095)
4(8665 1214 4488 4487)
4(4486 8095 7603 8666)
4(7277 8307 8666 7603)
4(8658 4449 7603 8095)
4(7606 8666 8307 7604)
4(4486 8666 7606 4487)
4(8665 4487 7606 7605)
4(4493 2679 8667 4495)
4(8667 4503 4496 4495)
5(4504 4503 8667 8668 4528)
5(7598 2655 2656 4492 4498)
5(8522 4505 2658 4508 7402)
4(4508 4507 2682 8103)
4(4508 8103 7403 7402)
4(4509 2683 2682 4507)
4(4518 4517 8669 4519)
4(4517 4521 7607 8669)
4(1215 1214 8665 4526)
5(4525 4524 7610 7608 4527)
5(2674 4527 7608 7609 2675)
5(8670 7611 7280 8309 8671)
4(4523 4526 7611 8670)
4(8665 7605 7611 4526)
5(4523 8670 8672 7610 4524)
4(8315 8673 8672 8674)
5(8315 8674 5426 8313 8312)
4(8672 8673 4559 7610)
4(8671 8674 8672 8670)
6(2678 2677 2680 8525 8675 8668)
4(2678 8668 8667 2679)
5(8675 8097 4530 4528 8668)
6(8097 8675 8525 7409 1217 1216)
5(4530 4533 4535 4534 4531)
4(4533 4532 4537 4535)
5(4538 4537 7614 7613 8676)
4(4532 4568 7614 4537)
5(1223 8105 8104 8677 1224)
6(8105 1223 1222 3908 8100 8099)
5(8110 1225 1224 8677 8111)
4(2684 1229 1228 2685)
4(8104 2685 1228 4542)
5(3052 3055 7618 7617 4546)
4(8111 8677 4544 4546)
5(8677 8104 4542 4541 4544)
5(2689 2692 1232 4555 2690)
4(4555 4577 4557 4554)
5(4552 4556 5445 5443 4553)
4(2696 499 4558 4562)
4(4558 4559 8673 4563)
4(4562 4564 7612 2696)
4(2696 7612 7415 2697)
4(8315 8316 4563 8673)
4(8317 4560 4563 8316)
4(4587 4566 4565 8678)
5(8317 8678 4565 4561 4560)
4(4564 4562 4561 4565)
6(8113 4570 8533 1023 1022 8538)
5(4568 4532 2701 2700 4569)
4(8112 4571 4570 8113)
6(4568 4571 8112 8679 7615 7614)
4(2704 8111 4546 7617)
6(2704 7617 7615 8679 8112 2705)
4(4580 4575 8114 7425)
4(4580 4579 4576 4575)
4(2707 7619 7431 2706)
4(2716 8680 1238 1237)
4(2716 506 7619 8680)
4(4584 8680 7619 2707)
4(4591 4585 4583 4586)
5(4585 4591 1238 8680 4584)
5(1236 1235 8681 8682 1683)
4(1235 4590 8323 8681)
5(2708 4596 1241 4599 2709)
4(2710 2709 4599 4598)
4(3072 1240 5463 3067)
4(2716 1237 1243 2717)
5(2718 2717 1243 4601 4602)
4(7622 7621 1245 1244)
4(2718 4602 1245 7621)
4(2715 7620 3990 2713)
5(2715 2714 2718 7621 7620)
4(7450 4610 4604 4603)
5(4605 4604 4610 4609 4613)
4(5485 8683 7624 5486)
4(7624 8683 2722 2721)
4(5485 5491 7627 8683)
5(4618 2722 8683 7627 7626)
4(7625 8118 4618 7626)
4(4619 4612 4611 4620)
5(4608 4612 4619 1253 1252)
4(4619 4622 4629 1253)
5(8684 4628 4624 4623 8123)
5(4622 4628 1257 1256 4629)
4(4628 8684 1258 1257)
5(3079 1255 1695 5497 3078)
6(7629 7452 8117 8116 8685 8686)
6(8119 512 7629 8686 8687 8688)
4(8687 8689 4630 1262)
5(8688 8687 1262 1261 8690)
5(8685 8691 8689 8687 8686)
6(8118 7625 7628 8691 8685 8116)
5(7628 3083 3082 8689 8691)
4(4630 8689 3082 4631)
5(8690 1261 1260 4669 4634)
5(4633 8119 8688 8690 4634)
5(4636 4635 8692 7631 4639)
5(8692 4635 4634 4669 4668)
4(7630 2733 4638 4639)
4(2734 2733 7630 4640)
4(4641 4640 8128 8130)
4(4645 2738 4642 4643)
4(4641 8130 4646 4643)
4(2739 2738 4645 4648)
4(4649 4648 8136 8135)
4(4653 2743 4650 4651)
4(4649 8135 4654 4651)
5(4661 7457 7456 2742 2745)
4(4661 2751 2750 7457)
4(2744 2743 4653 4656)
5(2751 4661 4662 4663 2746)
6(8123 8120 8122 1264 1258 8684)
4(2747 1267 4665 8121)
5(8122 8121 8330 1265 1264)
5(1268 1267 2747 2746 4663)
4(8121 4665 4666 8330)
4(7632 7631 8693 8131)
6(8132 8131 8693 8694 4672 4671)
6(8695 4667 4670 3091 3090 8696)
6(8692 4668 4667 8694 8693 7631)
4(4667 8695 4672 8694)
5(8697 3104 1282 1270 1273)
5(3104 8697 7791 7790 3105)
5(8696 8697 1273 4672 8695)
4(8696 3090 7791 8697)
5(1272 1271 1289 8143 8698)
5(8132 4671 1272 8698 8127)
4(8124 8699 8700 8125)
5(4646 8130 8125 8700 4647)
4(4644 4647 8700 8140)
4(8141 8140 8700 8699)
4(8124 8127 8698 8701)
4(8142 8701 8698 8143)
4(8124 8701 8702 8699)
4(4693 8703 8702 4694)
4(8141 8699 8702 8703)
4(8142 4694 8702 8701)
4(8138 8704 8705 8134)
5(8705 4655 4654 8135 8134)
4(4652 4655 8705 4679)
4(4676 4679 8705 8704)
4(8138 8139 8706 8707)
4(4693 8144 8706 8703)
4(8141 8703 8706 8139)
4(8145 8707 8706 8144)
4(8138 8707 8708 8704)
5(8708 8709 1298 1278 1277)
5(4676 8704 8708 1277 4677)
4(8145 8709 8708 8707)
4(4678 4682 4673 4675)
4(3101 655 1276 4681)
5(4682 4678 1280 4683 4680)
5(3110 7793 5527 5526 4683)
4(4680 4683 5526 4681)
5(8333 4684 1284 1283 3107)
4(3104 3107 1283 1282)
4(3118 1285 1288 8710)
5(3118 8710 8711 662 661)
4(8333 8710 1288 4684)
4(8142 4690 4689 4694)
5(8152 8712 1292 1291 8151)
4(8712 4691 4686 1292)
5(8713 1293 1296 8712 8152)
5(8145 216 1299 1298 8709)
5(8159 1300 1294 8161 8156)
5(1305 8714 8158 4708 1302)
4(4696 215 8714 1305)
5(4698 8715 3111 1307 1306)
4(8715 5544 7800 3111)
4(4698 1310 4700 8715)
5(4699 7801 5541 5540 4700)
4(8715 4700 5540 5544)
4(3135 1311 1314 7805)
4(7805 1314 5554 3113)
5(4701 4702 222 4723 4727)
5(1727 3120 3122 8716 1728)
5(8153 8150 1317 1318 8717)
4(8718 8719 8720 8721)
5(8722 4703 3119 660 3121)
4(4703 8722 8717 1318)
5(4705 8722 3121 7633 4706)
4(3120 1727 7633 3121)
6(4705 4704 8162 8721 8720 8723)
5(8717 8723 8720 8719 8153)
4(8717 8722 4705 8723)
4(8146 8724 8725 8147)
5(8713 8725 8161 1294 1293)
4(8152 8147 8725 8713)
4(8160 8161 8725 8724)
4(8146 8149 8726 8727)
4(8718 8166 8726 8719)
4(8153 8719 8726 8149)
4(8165 8727 8726 8166)
4(8146 8727 8728 8724)
4(8167 8729 8728 8730)
4(8160 8724 8728 8729)
4(8165 8730 8728 8727)
4(8154 8731 4709 8155)
4(8158 8155 4709 4708)
4(8732 4707 4709 8731)
4(8154 8157 8733 8734)
4(8167 8169 8733 8729)
4(8160 8729 8733 8157)
4(8170 8734 8733 8169)
4(8154 8734 8735 8731)
4(8176 8736 8735 8737)
4(8732 8731 8735 8736)
4(8170 8737 8735 8734)
4(8176 8177 8738 8736)
5(8732 8736 8738 8739 8740)
6(8738 8177 8178 4713 4712 8739)
5(8740 1320 1319 4707 8732)
4(8740 8741 4710 1320)
4(4699 4711 7802 7801)
5(8742 7802 4711 4710 8741)
5(7802 8742 8743 8337 7803)
4(4712 8741 8740 8739)
5(8741 4712 1324 1323 8742)
4(8743 8742 1323 1322)
5(8743 1322 7634 8335 8337)
4(4716 5579 5578 4717)
4(4717 5578 5574 3126)
5(3135 3134 4718 1333 1311)
5(4719 4718 3134 3129 3133)
5(221 8744 4724 4723 222)
4(221 4729 8745 8744)
4(8183 8746 8745 8747)
6(8744 8745 8746 4733 4725 4724)
4(4732 8747 8745 4729)
6(8183 8185 4736 4734 4733 8746)
5(4737 4736 8185 8181 8180)
4(4738 4737 4801 7643)
6(4749 7285 7284 4814 4813 4750)
6(4749 4748 8345 8344 7283 7285)
5(8347 4748 4742 4740 4739)
4(4753 8748 8749 4754)
4(8164 8163 8749 8748)
4(8718 8721 8749 8163)
4(8162 4754 8749 8721)
5(8750 8751 7225 7224 8187)
4(4753 4752 8751 8750)
4(4745 7225 8751 4746)
5(8748 8752 7636 7635 8164)
5(8752 8750 8187 7637 7636)
4(4753 8750 8752 8748)
6(4752 4751 4741 4747 4746 8751)
4(8167 8730 4757 8168)
4(8165 2754 4757 8730)
5(8171 4756 4755 4760 7638)
4(8171 8168 4757 4756)
4(2752 8164 7635 4758)
4(4759 4758 7228 8189)
4(4759 8189 7639 4760)
4(4761 8174 8175 4762)
4(8170 2758 4762 8737)
5(7638 4763 2756 2760 8171)
4(4764 4763 7231 8190)
4(7640 8174 4761 4765)
4(4764 8190 7641 4765)
5(8178 4767 1342 1325 4713)
5(8753 8173 8174 7640 7642)
5(8754 8753 7642 7234 8192)
4(4768 8173 8753 8754)
4(4768 8754 4773 4769)
5(8192 7650 7653 4773 8754)
4(4775 4771 4773 7653)
5(3145 3144 4774 4778 4781)
6(4779 4777 4776 8195 8197 4840)
5(5605 8200 4784 4783 4789)
4(5605 7289 4858 8200)
4(4793 4792 8755 8756)
4(4786 8206 8755 4787)
6(4787 8755 4792 4791 4788 4782)
4(8207 8756 8755 8206)
4(4793 8756 1348 227)
5(8756 8207 4861 1349 1348)
5(8757 8758 4798 4797 8759)
4(8183 8747 8758 8184)
4(8186 8184 8758 8757)
5(4732 4731 4798 8758 8747)
4(5622 1373 1352 1355)
5(4796 5622 1355 8759 4797)
6(8757 8759 1355 1354 8760 8186)
4(8179 4803 4802 8180)
4(8180 4802 4801 4737)
4(8179 8182 8761 8762)
5(8212 8761 8760 1354 1353)
4(8186 8760 8761 8182)
4(8211 8762 8761 8212)
4(8179 8762 8763 4803)
4(8215 4805 8763 8764)
6(4803 8763 4805 4804 4810 4800)
4(8211 8764 8763 8762)
4(8215 8216 4806 4805)
5(4806 8216 8217 4811 4807)
6(7646 7645 7240 7239 4819 4818)
5(7240 7645 7649 4872 7241)
6(7286 7647 7646 4818 4815 7287)
4(4812 4811 7649 7648)
5(7649 4811 8217 2773 4872)
4(4816 8765 8766 4817)
6(8767 8188 7223 7226 8766 8765)
4(4745 4744 8766 7226)
6(4817 8766 4744 4743 4750 4813)
6(4816 4820 8768 7460 8767 8765)
4(8768 8219 7461 7460)
6(4819 7239 7238 8219 8768 4820)
4(7459 8188 8767 7460)
5(8188 7459 7458 7462 2763)
4(4815 4814 7284 7287)
4(2761 4822 7637 8187)
4(4821 4827 7227 4822)
4(151 4831 7639 8189)
4(4830 8191 7230 4831)
4(1356 8191 4830 1357)
4(231 230 7641 8190)
4(229 4837 7233 230)
4(4837 229 7464 4838)
4(2766 8191 1356 1361)
4(2767 4833 7650 8192)
4(4832 8196 7651 4833)
5(4832 2770 4835 8552 7466)
5(4847 4846 4841 4840 8197)
4(8193 8196 1362 1364)
6(4844 4848 4839 2797 8769 8770)
6(4844 8770 8771 1367 1366 4845)
6(8771 8770 8769 8561 8225 8224)
4(4842 4841 4846 7827)
6(5647 7827 4846 4845 1366 1365)
4(8231 4852 4851 8772)
5(4855 4854 4859 4858 7289)
5(7654 1367 8771 8224 2804)
4(3170 670 7654 4856)
5(4856 8773 8772 4851 4850)
5(8773 4856 7654 2804 2803)
4(8198 8774 8775 8199)
4(4786 4785 8775 8205)
5(8199 8775 4785 4784 8200)
4(8208 8205 8775 8774)
4(8198 4860 8776 8777)
4(8231 8233 8776 4852)
4(8234 8777 8776 8233)
4(8198 8777 8778 8774)
5(8779 8778 4881 1369 1368)
4(8208 8774 8778 8779)
4(8234 4881 8778 8777)
6(4860 4859 4854 4849 4852 8776)
5(1772 4862 8204 8780 8781)
6(1371 8203 8202 8208 8779 1368)
5(8204 8203 1371 4863 8780)
5(1353 1372 4865 8210 8212)
5(4866 7656 7655 4867 4864)
4(4870 8782 8783 8209)
4(8215 8764 8783 8213)
4(8211 8209 8783 8764)
4(8214 8213 8783 8782)
4(4870 4869 8784 8782)
4(2809 8785 8784 8786)
4(2809 2811 4873 8785)
5(8786 8784 4869 4868 4891)
5(4871 8223 7236 7241 4872)
4(4874 4873 2811 8236)
4(1378 8223 4871 4875)
4(4874 8236 7490 4875)
4(8220 8223 1378 1377)
4(2796 8561 8769 2797)
4(8560 8226 8225 8561)
4(1380 8226 8560 1381)
4(8231 8772 4877 8232)
4(8773 2803 4877 8772)
4(2801 8226 1380 4878)
4(4879 4878 569 8238)
4(4876 4880 7660 8235)
4(4879 8238 7658 4880)
5(8227 4884 4883 4882 8228)
4(8234 8228 4882 4881)
4(8227 8230 8787 8788)
4(7659 8240 8787 7660)
5(8788 8787 8240 4887 4886)
5(8227 8788 4886 4885 4884)
4(2809 8786 8789 2810)
5(4890 8790 8789 8786 4891)
5(7662 8237 2810 8789 8790)
6(7662 8790 4890 3179 8357 7663)
4(7662 7661 8791 8237)
4(2805 4893 7490 8236)
5(4896 8791 7661 1387 1386)
4(8237 8791 4896 4895)
5(4894 4897 8792 7665 4898)
5(8792 4897 4896 1386 4917)
4(7664 7667 4892 4898)
4(8564 7666 2849 8243)
4(8564 8243 1388 1392)
4(8570 7505 7248 8252)
4(8570 8252 7668 4905)
4(2843 4907 7658 8238)
5(4907 4906 4911 8793 7670)
4(2844 2847 4903 4908)
5(4909 4908 8253 4914 4912)
4(8793 4911 4910 4913)
5(7672 8241 8239 7670 8793)
6(7671 8241 7672 5754 3186 3187)
4(7672 8793 4913 1399)
5(2851 7665 4919 4921 2852)
5(4916 4919 7665 8792 4917)
5(4920 4918 3189 3188 5762)
4(8242 4922 1388 8243)
4(8794 8242 2848 4924)
4(8794 4924 3201 3202)
4(4922 8242 8794 4928)
5(8794 3202 4927 4926 4928)
5(8246 572 4929 4930 8795)
5(7673 8796 8795 4930 4933)
5(8796 7673 1410 1409 4936)
5(7675 4933 4932 3213 5773)
4(2858 4935 4899 2861)
5(7247 4935 4934 4939 8250)
5(2859 8246 8795 8796 4936)
4(4937 4936 1409 238)
4(8797 4938 237 1414)
4(8250 4939 4938 8797)
4(4938 4937 238 237)
4(4940 2873 576 1404)
4(236 8797 1414 233)
4(8250 8797 236 4941)
5(2873 4940 4942 4943 2872)
4(2867 4944 1393 2870)
5(1407 4952 2868 2872 4943)
5(4952 5795 3220 3219 4947)
4(8251 4957 7668 8252)
4(4956 8251 4955 4954)
4(4957 8251 4956 4958)
4(4956 3229 4961 4958)
5(4963 4962 4915 4914 8253)
5(8798 239 1412 1411 3243)
4(239 8798 4964 240)
4(4967 8798 3243 4968)
4(4964 8798 4967 1418)
4(4969 8799 241 242)
5(241 8799 8358 1421 1420)
4(4971 8799 4969 1424)
4(8799 4971 7677 8358)
4(8358 7677 5809 5812)
4(4984 4978 4979 8800)
4(8801 4972 686 3248)
4(4972 8801 4973 1426)
5(4976 8801 3248 7678 4977)
5(7679 7678 3248 3249 7853)
5(4976 4975 8802 8800 4979)
4(4973 8801 4976 4979)
4(4981 8803 4980 1427)
4(4980 8803 5817 4982)
4(4982 5817 5816 7291)
4(4989 8803 4981 4986)
5(8803 4989 1432 1431 5817)
5(1428 4988 4987 2878 1440)
5(8804 8805 8256 1439 693)
5(8804 693 692 5824 8806)
4(1434 1433 8260 4990)
4(8804 1435 1434 8805)
5(8804 8806 1834 1436 1435)
4(8254 4995 8258 8257)
4(4984 8800 8254 8257)
4(8802 8255 8254 8800)
4(4991 4990 8260 8259)
4(7680 8258 4995 4996)
4(4991 8259 7681 4996)
5(1438 1439 8255 8802 4975)
5(4994 8256 8805 1434 4990)
5(2877 2876 4998 8807 8808)
5(2877 8808 4999 1440 2878)
4(2875 8258 7680 4997)
4(4998 4997 7250 8261)
4(4998 8261 5021 8807)
4(8807 5021 1443 1442)
5(8808 8807 1442 5000 4999)
5(3256 1445 1444 1835 3253)
4(1446 5002 2881 2880)
5(5005 1457 1456 8809 5008)
4(5002 5005 5008 2881)
4(2879 5007 7681 8259)
4(5006 8262 7249 5007)
4(8810 5009 5008 8809)
4(5013 8262 5006 5011)
4(8810 5014 5010 5009)
4(2883 5016 5021 8261)
4(2885 8262 5013 5017)
4(8263 5019 5018 7682)
5(5020 8811 1458 1450 1449)
4(5015 5020 1449 5022)
4(8263 8811 5020 5019)
4(5012 5014 5024 5023)
5(8812 8810 8809 1456 1455)
5(1455 1454 3265 3267 8812)
4(8812 5024 5014 8810)
4(8812 3267 5025 5024)
4(5026 5025 5852 7855)
5(5030 1459 1458 8811 8263)
5(5030 5029 5857 1460 1459)
4(5031 8813 5032 1463)
4(5034 8813 5031 1464)
4(5032 8813 5036 1468)
5(5036 8813 5034 5035 7684)
4(2895 1490 7684 5035)
4(5038 8814 5039 1469)
4(5042 8814 5038 1472)
5(7685 5040 5039 8814 5044)
4(5041 5040 7685 1501)
4(5042 1476 5044 8814)
4(4112 5046 8815 8578)
4(2902 40 8815 8816)
4(5049 8816 8815 5046)
4(2902 8816 1486 1485)
4(5050 1487 1486 5051)
4(5049 5051 1486 8816)
4(5052 8264 2891 1488)
4(2893 8264 5053 1491)
4(5052 1495 5053 8264)
4(5055 8817 5054 1497)
4(5054 8817 5060 5058)
4(5063 8817 5055 1500)
4(5060 8817 5063 1505)
4(2900 2901 5070 7514)
5(2902 1485 1484 7686 2903)
5(7686 5079 5071 2904 2903)
5(5079 7686 7292 5078 250)
4(5069 5068 249 8818)
4(5080 248 247 5075)
4(7687 8818 249 248)
4(2914 79 78 8819)
4(5086 8819 78 5082)
5(8820 1513 720 719 253)
4(5086 5087 1513 8820)
5(2914 8819 8821 252 8822)
4(5086 8820 8821 8819)
4(8821 8820 253 252)
4(8822 252 251 8823)
4(5090 5089 8823 251)
4(2908 5069 8818 5100)
4(7687 5102 5100 8818)
4(5103 5102 7688 8266)
5(5097 5101 5103 5105 5098)
4(5099 5098 5105 5104)
4(5105 5103 8266 5106)
5(2912 1518 5106 8266 2913)
4(2914 8822 5117 2915)
4(2916 2915 5117 5116)
4(5110 5089 1522 1523)
4(5118 5117 8822 8823)
4(5089 5110 5118 8823)
4(5116 5120 5108 2916)
4(5145 5120 5113 5115)
4(2919 5121 7518 8267)
4(2929 5121 5122 2928)
4(2918 2921 5123 8824)
4(5104 5123 2921 5099)
5(8825 8824 5123 2922 8269)
4(2918 8824 7690 5122)
4(2928 5122 7690 7689)
4(7691 7690 8824 8825)
4(7693 8268 5126 5125)
5(7693 5125 5124 2937 2938)
5(8269 8268 7693 7691 8825)
4(5130 8592 73 1526)
4(8275 8594 8826 5158)
5(8592 5130 8827 8826 8594)
5(5158 8826 8827 5131 5134)
4(5130 5129 5131 8827)
5(5131 5129 5128 8828 5132)
4(5136 5135 7694 8596)
4(1524 5135 5138 5115)
4(7520 5139 5136 8596)
5(5143 8828 5128 5127 5144)
4(5132 8828 5143 5146)
4(2924 5148 7524 8270)
4(7255 5148 5149 8278)
4(2927 2926 7696 8829)
4(2928 7689 7696 2926)
4(7695 8830 8829 7696)
4(2927 8829 7698 5149)
4(8278 5149 7698 7697)
4(7699 7698 8829 8830)
5(2931 2930 2936 8586 8597)
5(5151 5150 7701 1532 5154)
5(7526 7701 5150 2931 8597)
5(2934 2933 5153 8830 7695)
4(7699 8830 5153 5152)
5(8271 8831 7702 7528 8272)
5(8831 5161 8279 606 7702)
4(5162 5161 8831 8271)
5(5159 5163 5156 7703 8832)
4(8279 5161 5160 7704)
4(7705 5160 5159 8832)
4(5165 5164 7529 8599)
4(7530 5168 5165 8599)
4(5173 5147 5141 5167)
4(5172 8832 7703 5173)
4(7705 8832 5172 5174)
4(7707 5174 5169 5170)
4(2939 5175 7534 8277)
4(7258 5175 5176 8281)
4(7697 5177 2941 8278)
4(2942 5178 1529 5176)
4(8281 5176 1529 1528)
5(8833 5186 2955 2954 8834)
5(8833 5194 5192 5187 5186)
4(2947 2946 1541 1540)
5(5233 1542 1541 5202 8835)
5(8279 7704 5198 5195 5197)
5(8836 8835 5202 5203 5205)
4(5207 5206 7538 8837)
4(5171 5206 5209 5170)
4(7539 5210 5207 8837)
4(5215 7707 5170 5209)
4(1549 1548 5211 5212)
4(2948 5216 7543 8280)
4(8283 7262 5218 5217)
4(2951 2950 1551 5220)
4(8281 1528 1551 2950)
4(8283 5217 1554 1553)
4(8833 8834 5221 5194)
5(5222 5221 8834 5227 5226)
5(8838 5227 8834 2954 2956)
4(1558 1563 5227 8838)
4(5230 2957 2952 5229)
5(2956 2957 5230 1558 8838)
5(8839 5232 1564 5234 8840)
4(5232 8839 5239 5235)
5(5234 5233 8835 8836 8841)
5(8840 8842 5241 5239 8839)
4(5243 8841 8836 5205)
5(5250 8842 8840 5234 8841)
5(5250 8841 5243 5242 5246)
4(5241 8842 5250 5249)
4(5252 5251 7544 8604)
4(5213 5251 5254 5212)
4(7545 5257 5252 8604)
4(1571 1549 5212 5254)
4(1573 1572 5255 2976)
4(5262 5261 5264 1575)
4(8282 5262 1575 1163)
5(8283 1553 1577 5260 5259)
4(5266 5261 5260 1577)
5(5264 5261 5266 5268 7709)
4(5267 1889 7709 5268)
4(5270 5269 7714 8843)
5(8844 5276 5274 5270 8843)
6(3316 5276 8844 5306 8845 3317)
4(8611 8846 8288 7264)
4(5284 8846 8611 8284)
4(8286 8284 8611 8610)
5(8846 5288 7720 7719 8288)
4(5284 5283 5288 8846)
4(5928 7720 5288 5287)
5(2969 2973 5293 1573 2976)
4(2973 2972 5294 5293)
5(5292 1589 5291 5294 2972)
4(8612 5297 7710 1180)
4(2988 618 7710 8847)
4(5296 8847 7710 5297)
5(8848 7711 725 724 8367)
4(5296 5298 7711 8848)
4(2988 8847 7712 7297)
4(7712 8848 8367 7713)
4(5296 8848 7712 8847)
4(5301 5300 7552 8615)
4(5299 8843 7714 5300)
4(1596 1595 5301 8615)
4(8844 8843 5299 5306)
4(8845 5306 5305 8849)
4(7715 8849 5305 5307)
4(2994 624 7716 8289)
5(2994 8289 7721 7302 7301)
4(2978 7717 7558 8287)
4(2980 8288 7719 5308)
4(5309 5308 7718 8369)
4(2981 5309 7721 8289)
4(5309 8369 7722 7721)
4(2990 7725 7723 2987)
4(2988 7297 7296 2989)
4(8850 7296 7295 8370)
4(2990 2989 7296 8850)
6(7726 7725 8851 7729 7728 7740)
5(8851 8850 8370 7730 7729)
4(2990 8850 8851 7725)
4(2991 2993 7731 1194)
4(2996 7733 7731 2993)
4(2994 7301 7300 2995)
4(3335 8852 7300 3336)
4(2996 2995 7300 8852)
4(3335 5981 7734 8852)
4(2996 8852 7734 7733)
4(7306 8292 7739 7307)
4(7275 7743 7742 7741)
4(7306 1904 7742 8292)
5(8292 7742 7743 5334 3000)
4(2997 5335 7570 8291)
4(5337 8293 3001 5336)
4(3003 8293 5340 5338)
4(5337 1620 5340 8293)
5(5337 3017 5362 1618 1620)
6(735 1618 5362 5361 5364 736)
4(5343 8853 5341 5342)
4(8303 8300 5346 8854)
4(5341 8853 8854 5346)
4(5348 8853 5343 1622)
5(8303 8854 1629 1628 5370)
4(8854 8853 5348 1629)
4(5351 5350 7577 8650)
4(5349 7738 7737 5350)
5(5330 7738 5349 1631 1630)
4(5349 5352 5359 1631)
4(7578 5353 5351 8650)
4(7275 7741 7744 3008)
4(3358 8855 7744 733)
4(3005 3008 7744 8855)
4(3018 7749 7746 7745)
4(3358 7747 7746 8855)
4(3005 8855 7746 7749)
4(3006 7748 4405 8294)
4(3006 3005 7749 7748)
4(255 5381 5388 5367)
4(8295 8856 8857 8296)
4(3029 8655 8857 158)
4(8302 8296 8857 8655)
4(8295 8298 5369 8858)
4(8303 5370 5369 8298)
4(8859 8858 5369 5368)
4(8295 8858 8860 8856)
4(7762 7761 8860 8861)
4(155 8856 8860 7761)
4(155 7761 5391 156)
4(8859 8861 8860 8858)
4(8304 7750 7587 8656)
4(7588 5373 8304 8656)
4(8304 5373 5372 5378)
4(3018 7745 7751 3019)
4(3362 8862 7751 741)
4(3022 3019 7751 8862)
4(3362 7754 7753 8862)
4(3024 5380 4452 8305)
4(5379 8308 7276 5380)
4(8308 5379 7753 7752)
5(5379 3023 3022 8862 7753)
4(5383 5382 8659 8660)
4(1647 1646 5383 8660)
4(7755 5388 5387 8863)
4(7759 8863 5387 5389)
4(3025 1651 1650 8306)
4(5392 5391 7760 8377)
4(5392 8377 7764 5393)
4(5394 7765 7601 8664)
5(7765 5394 5397 5401 5398)
4(7602 5395 5394 8664)
4(7766 5402 5396 5395)
4(7752 7767 3032 8308)
4(3376 8864 7767 743)
4(7767 8864 3033 3032)
4(3376 7770 7769 8864)
5(8864 7769 7768 5403 3033)
4(3030 5404 7604 8307)
4(5403 8310 7279 5404)
4(1674 8310 5403 7768)
4(3034 3035 5414 4514)
4(3038 5415 5414 3035)
4(3036 7313 7312 3037)
4(7317 8865 7312 7311)
4(3038 3037 7312 8865)
4(7317 1665 1664 8865)
4(3038 8865 1664 5415)
4(5419 5418 4519 8669)
4(5417 5402 7766 5418)
4(5402 5417 1667 1657)
4(7607 5421 5419 8669)
4(7771 8866 5422 5421)
4(5422 8866 1673 1672)
5(3039 5426 8674 8671 8309)
4(5425 8314 8313 5426)
4(3041 8310 1674 1675)
4(5427 1675 43 8867)
4(7772 8314 5425 5428)
4(5427 8867 7773 5428)
4(4538 8676 8868 5429)
4(5431 5429 8868 8869)
4(3045 8311 5433 1676)
4(5433 8311 5432 5435)
4(3388 5433 5435 5434)
6(3397 5436 8870 7779 7778 3398)
4(5431 8869 8870 5436)
4(5438 8871 5437 1678)
4(8872 8873 5437 8871)
4(3052 4545 8873 3053)
5(8873 4545 4543 4540 5437)
4(3056 3053 8873 8872)
4(5440 8871 5438 1680)
4(8871 5440 8874 8872)
4(6199 8384 8874 6200)
4(3056 8872 8874 8384)
4(3056 8384 8383 3057)
4(6200 8874 5440 5439)
4(5443 5442 4550 4553)
4(5441 8866 7771 5442)
4(7774 8875 5446 5445)
4(1673 8866 5441 1681)
4(1682 1681 5447 8876)
4(5446 8875 7776 5448)
4(7775 8876 5447 5448)
4(3047 5452 8877 3048)
4(4587 8678 8877 8326)
4(8317 3048 8877 8678)
4(8327 8326 8877 5452)
4(3050 8314 7772 5449)
4(5450 5449 7319 8380)
4(5450 8380 8878 5451)
4(8386 8879 5451 8878)
4(8327 5452 5451 8879)
4(8880 8869 8868 8881)
4(8880 8881 8321 8320)
4(8870 8869 8880 7779)
4(8880 8320 7780 7779)
4(8318 3057 8383 7781)
4(8318 7781 7780 8320)
5(3060 5455 8875 7774 3061)
4(7776 8875 5455 5459)
4(7782 5459 5458 8882)
4(8882 5458 5461 5460)
4(8322 8883 8681 8323)
4(8884 8682 8681 8883)
4(8322 8325 8885 8886)
4(8386 8388 8885 8879)
4(8327 8879 8885 8325)
4(8389 8886 8885 8388)
4(8322 8886 8887 8883)
4(8391 8888 8887 8889)
4(8884 8883 8887 8888)
4(8389 8889 8887 8886)
5(1684 1683 8682 8884 8328)
4(5473 8328 5480 5479)
4(8391 5476 5480 8888)
4(8884 8888 5480 8328)
4(5479 5478 81 84)
4(5488 8890 5484 5487)
4(5484 8890 5492 5489)
4(5495 8890 5488 1689)
4(5492 8890 5495 1693)
4(5496 8329 3078 5497)
4(3080 8329 5500 1696)
4(5496 1699 5500 8329)
5(3086 5493 1692 1701 3087)
5(3088 8891 8892 3085 3084)
4(3434 8893 1701 1700)
4(3088 3087 1701 8893)
4(3434 7785 7784 8893)
5(8894 4631 3082 3085 8892)
6(8894 8892 8891 8895 8331 5519)
4(4632 4631 8894 5519)
4(7784 8891 3088 8893)
4(7783 8895 8891 7784)
5(4666 5507 5504 5503 8330)
4(3100 3099 5507 4666)
4(5505 5506 7787 5511)
6(5512 5517 8896 7792 7789 5520)
6(8896 5517 5516 8897 5522 5521)
5(3108 7792 8896 5521 1703)
4(5516 5515 7788 8897)
5(8895 7783 7788 5515 8331)
4(8898 8897 7788 168)
4(8898 5523 5522 8897)
6(3097 3102 5525 5533 5531 3098)
5(3094 5529 7787 5506 3103)
5(7799 7796 7795 3117 3115)
4(6356 6355 7799 7806)
4(7806 7799 3115 3114)
4(3108 1703 1706 3109)
4(3123 8899 1710 1709)
5(3123 658 662 8711 8899)
4(8334 5537 1710 8899)
4(5537 8334 3109 1706)
5(1705 1704 5524 8401 6364)
4(8332 8711 8710 8333)
4(8332 8334 8899 8711)
4(5544 5543 5545 7800)
4(5538 1715 1717 5539)
4(5546 1714 5545 5543)
4(1717 5546 5543 5539)
4(8900 7808 7807 8901)
4(8900 8901 5581 2033)
4(3468 1739 1738 3469)
5(5550 8404 5553 5552 5547)
5(5552 3116 3117 7795 5547)
4(5552 1719 5551 3116)
4(5557 5554 1314 1313)
4(5555 5554 5557 8902)
4(3114 5555 262 7806)
4(3112 3116 5551 7804)
4(5555 8902 263 262)
4(8903 8902 5557 5556)
4(8903 5556 5558 8904)
4(8902 8903 1723 263)
5(8903 8904 8905 1724 1723)
6(1725 1724 8905 8906 8410 7324)
5(8904 8907 8908 8906 8905)
6(5559 8909 8716 3122 659 3124)
4(8716 8909 8910 1728)
6(8910 8911 8348 8346 1726 1728)
4(5561 8909 5559 1730)
6(8912 5560 1729 2045 8407 8406)
5(8913 8911 8910 8909 5561)
4(8415 8914 8913 8915)
4(8348 8911 8913 8914)
5(8912 8915 8913 5561 5560)
4(8916 8336 8335 7634)
6(7634 3143 3142 3146 5569 8916)
4(5562 8336 5564 1731)
5(5564 8336 8916 5569 5567)
4(8917 5571 5572 8338)
4(8917 8349 5573 5571)
4(8338 7809 1734 8917)
5(1733 8918 8349 8917 1734)
6(8918 1733 1732 1750 5607 8919)
4(5574 8920 5580 5575)
4(3127 5575 5581 8901)
4(5574 5578 5577 8920)
4(7807 3128 3127 8901)
4(3128 7807 7809 8338)
5(5582 1738 1737 5580 8920)
4(1743 5582 8920 5577)
4(3137 1718 5586 3131)
4(3133 5585 4721 4719)
5(5587 3476 267 266 1745)
4(8907 8904 5558 8921)
4(8907 8921 5595 5592)
5(5589 5591 8908 8907 5592)
6(8908 5591 5590 5588 8410 8906)
4(4738 7643 8350 5596)
4(8343 8351 7283 8344)
4(8347 8340 8345 4748)
4(8339 8342 8922 8923)
4(8339 8923 7811 8343)
4(8415 8417 8922 8914)
4(8348 8914 8922 8342)
4(7810 8351 8343 7811)
5(3138 3141 5600 5601 8924)
4(5602 8925 8924 5601)
4(3138 8924 7814 277)
4(8924 8925 7815 7814)
4(7813 274 277 7814)
5(7821 5603 162 3147 7822)
5(5603 7821 7820 8352 5604)
5(3147 3148 8926 5611 5610)
4(3147 5610 5609 7822)
5(8919 8926 3148 8349 8918)
6(8919 5607 5606 5608 5611 8926)
5(1754 286 175 3485 5617)
5(3155 7327 7326 5625 5620)
5(5619 5618 5622 4796 4799)
5(5621 5627 1756 1755 5623)
6(5627 5626 5624 289 1757 1756)
5(8350 5637 5636 5597 5596)
5(5637 8350 5629 5628 5638)
6(5632 1759 1758 5598 5597 5636)
4(7286 3156 7823 7647)
6(4812 7648 5703 5699 3163 3162)
4(5701 5704 7823 8927)
5(8927 7823 3156 3159 5645)
6(5701 8927 5645 5646 7824 7834)
4(3158 8351 7810 5643)
4(5644 5643 3489 8421)
4(5644 8421 7825 5646)
4(5654 8925 5602 7826)
4(7815 8925 5654 5653)
4(6450 5653 5652 8928)
4(7833 8928 5652 5655)
4(8353 5660 5657 5656)
6(8353 5667 5666 1768 1767 5660)
6(5673 5665 5664 7819 5670 5669)
6(5666 5665 5673 5672 1769 1768)
6(7818 7819 5664 5663 8352 7820)
4(5674 1773 1772 8781)
5(1774 1773 5674 5677 291)
5(5674 8781 8780 4863 5675)
5(1780 1779 5683 5676 3177)
4(5685 5686 5684 1782)
4(4866 5684 7657 7656)
5(7657 8929 8930 8355 3181)
4(5686 8929 7657 5684)
4(5695 8355 8930 5696)
6(5687 5697 5696 8930 8929 5686)
4(5700 5702 5711 5708)
4(5701 7834 5711 5702)
4(7831 3172 3166 5716)
4(3173 3172 7831 7830)
5(7835 5718 5717 6489 6488)
5(5717 5720 5722 2076 6489)
6(5727 5726 7840 5731 5730 5729)
4(5726 5725 7841 7840)
5(5732 5731 7840 5737 5734)
5(5730 5733 5738 3176 5729)
4(5740 5739 1792 8356)
5(8357 8356 1792 1791 7663)
5(8931 8354 8355 5695 5694)
4(5740 8354 8931 5741)
5(8931 5694 5693 2058 2080)
5(5741 8931 2080 5746 5742)
4(3184 3183 5725 5728)
5(5757 5758 7841 5725 3183)
5(5765 5763 3190 3192 5748)
4(5764 5763 5765 1800)
5(5761 5764 1800 1799 3203)
4(3194 3193 5768 5767)
4(5769 3193 3198 1801)
5(3198 3197 3203 1799 1801)
4(5768 3193 5769 1805)
4(3245 683 7842 8932)
4(5774 8932 7842 5775)
4(5777 3207 3206 5776)
4(5772 3207 5777 1807)
6(5770 5772 1807 1806 5783 5774)
5(5783 1806 782 781 5779)
5(3245 8932 5782 5781 7843)
4(5774 5783 5782 8932)
4(5796 3218 3217 7333)
6(5791 7334 7333 3217 3216 3221)
4(5792 3218 5796 1812)
4(5802 5800 3227 1814)
4(5801 5800 5802 1817)
4(3233 3232 5805 5803)
4(5806 3232 3236 1818)
5(3236 3235 3242 1816 1818)
5(5805 3232 5806 1796 5750)
4(3244 7844 4968 3243)
4(3250 688 7844 8933)
4(3247 8933 7844 3244)
4(3245 7843 7849 3246)
4(3247 3246 7849 8934)
4(3250 8933 7846 7845)
5(3247 8934 7847 7846 8933)
4(8934 7849 7335 8430)
4(8934 8430 7848 7847)
4(8935 7850 7851 5811)
4(7852 7850 8935 8936)
5(1819 1824 8935 5811 5808)
4(1823 8936 8935 1824)
4(5814 691 7853 5815)
4(3252 5815 7853 3249)
4(3250 7845 7854 3251)
4(3542 8937 7854 797)
4(3252 3251 7854 8937)
4(3542 1826 1825 8937)
6(124 1826 3542 3543 8938 125)
4(3252 8937 1825 5815)
6(5821 1831 130 132 8437 8436)
4(5823 8939 8806 5824)
5(8360 1833 1834 8940 8941)
4(8806 8939 8940 1834)
4(8942 8939 5823 104)
4(8943 8944 8942 104)
6(8939 8942 8944 8945 8941 8940)
4(8448 8946 8945 8947)
4(8360 8941 8945 8946)
4(8444 8947 8945 8944)
4(5827 8359 3253 1835)
6(8359 5827 5826 5829 300 8948)
4(3257 8359 8948 108)
4(8948 300 299 108)
4(5831 5834 5836 5835)
4(5837 5836 5838 1841)
4(5833 5832 8949 8950)
4(8448 8450 8949 8946)
4(8360 8946 8949 5832)
4(8451 8950 8949 8450)
5(5833 8950 5838 5836 5834)
4(8451 5839 5838 8950)
4(5840 3261 3260 1837)
5(3262 3261 5840 5844 5841)
4(5840 3273 1851 5844)
5(3269 3271 5845 1844 5847)
4(5846 7924 5853 5847)
5(3267 3268 5850 5852 5025)
5(5848 3270 3269 5847 5853)
4(7855 5852 5851 8951)
4(8951 5851 1847 1846)
4(7924 6644 5854 5853)
4(5854 6644 1848 1847)
4(5849 5854 1847 5851)
5(5861 5860 5855 5029 5028)
4(5862 5861 7855 8951)
4(5862 8951 1846 1850)
4(5866 5865 6657 5867)
5(1852 3272 3274 5859 5868)
4(5869 8952 5870 1854)
5(5874 8952 5869 7856 5875)
4(3285 5875 7856 705)
4(5870 8952 5872 1858)
4(5874 1862 5872 8952)
5(5876 8953 8954 3287 710)
6(3286 3287 8954 1868 1867 3278)
4(5877 8953 5876 1864)
4(8954 8953 5879 1868)
4(5877 1872 5879 8953)
4(5050 5881 7857 1487)
6(7857 5881 5884 5890 5893 7858)
4(5882 1877 5885 5884)
4(5899 8361 3281 5898)
4(3283 8361 5900 110)
4(5899 5901 5900 8361)
4(7859 5901 5899 302)
4(5904 8955 5903 1879)
4(5903 8955 5906 1880)
4(5909 8955 5904 114)
4(5906 8955 5909 5911)
4(7860 5907 5906 5911)
6(1881 1883 5913 5917 3292 3289)
4(3290 3292 5914 1885)
4(3298 1568 1586 3299)
5(1889 5267 8364 8363 1890)
4(5925 8362 3295 7861)
4(8363 8362 5923 1890)
5(3310 3309 5923 5924 5927)
4(5925 5924 5923 8362)
5(8956 8366 3299 1586 5290)
5(8956 5290 5289 1588 1900)
4(3303 8366 5930 5929)
4(8956 1900 5930 8366)
4(3306 5933 7713 8367)
4(7298 5933 5934 8371)
5(3308 3307 5932 5935 5938)
5(5932 3318 3320 8957 5935)
4(3308 5938 5937 5934)
5(8371 5934 5937 5936 7862)
4(7863 5936 5935 8957)
5(3312 3311 3317 8845 8849)
4(5939 3312 8849 7715)
5(7863 8957 3320 3313 5940)
5(7865 5943 5942 5967 5974)
4(8368 7866 7722 8369)
4(7866 8368 5949 7871)
5(3340 3339 7866 7871 7870)
5(7871 5949 5948 8958 7867)
4(5950 1902 1901 5314)
4(1605 5952 5950 5314)
5(5957 8958 5948 3324 3323)
4(7867 8958 5957 5959)
5(5992 5959 5958 5953 5954)
4(3327 5960 7730 8370)
4(7303 5960 5961 8372)
4(3330 3329 7873 5962)
4(8371 7862 7873 3329)
4(7872 8959 5962 7873)
4(8372 5961 5963 7874)
4(7875 5963 5962 8959)
4(5973 8959 7872 5974)
4(7875 8959 5973 5976)
4(7877 5976 5975 8960)
6(5975 5971 5970 5972 8961 8960)
5(3333 3340 7870 7869 5982)
4(7878 8962 5983 5982)
5(5977 5979 8963 8964 3350)
5(3334 5983 7880 8963 5979)
4(7881 7880 5983 8962)
4(7879 8964 8963 7880)
4(5985 5984 1617 5328)
4(5955 5984 5987 5954)
4(5333 5988 5985 5328)
4(6039 6038 5989 5988)
4(5990 8962 7878 5991)
4(7881 8962 5990 5993)
4(7883 5993 5989 6038)
4(7306 3341 1905 1904)
4(5994 8373 731 1905)
5(3344 3343 7885 5997 5995)
4(8372 7874 7885 3343)
4(5996 6051 8373 5994)
5(6051 5996 5998 1908 1907)
4(6002 6006 7877 8960)
4(8961 5972 6001 6007)
4(8961 6007 6002 8960)
5(6004 6003 6008 6012 6011)
4(6012 6008 6009 6015)
5(3347 1912 6015 6009 3348)
4(3352 6019 6030 6017)
5(3351 3350 8964 6021 6020)
5(3351 6020 6019 3352 3349)
4(7879 6025 6021 8964)
5(6021 6025 6024 6032 6022)
4(1921 8965 6040 1922)
4(6042 7883 6038 6037)
5(6036 6035 6040 6044 6043)
4(6046 6044 6040 8965)
4(3358 3357 6048 7747)
4(3355 8373 6051 6049)
5(8966 3364 6047 6053 8967)
4(6054 8967 6053 6055)
5(8966 8967 6054 6095 6093)
5(8374 5363 5366 6064 6066)
4(6065 8375 8374 6066)
5(3359 8375 6060 6056 3360)
4(6065 1927 6060 8375)
5(8968 8859 5368 1931 1932)
4(6067 8969 8968 1932)
4(7762 8861 8970 6109)
5(8859 8968 8971 8970 8861)
5(6109 8970 8971 7890 6106)
4(8968 8969 7890 8971)
4(6018 7886 7888 6068)
5(7888 6074 8969 6067 6068)
4(7890 8969 6074 6073)
4(6078 8965 1921 1935)
4(8965 6078 6084 6046)
5(6083 6082 8972 6090 6089)
5(6087 6090 8972 6124 8455)
4(3362 3363 6092 7754)
4(3365 3364 8966 6093)
4(6094 6093 6095 8973)
4(6098 163 6091 6096)
4(6094 8973 6099 6096)
5(3368 3367 3373 7755 8863)
5(6103 6102 7892 7891 6105)
5(7759 7892 6102 3368 8863)
4(3371 3370 6104 7893)
5(6104 3370 3369 6103 1945)
4(6116 6115 8974 8376)
5(7894 7764 8377 8376 8974)
5(7315 7894 8974 6115 8378)
4(6111 6117 6107 6112)
4(8378 6115 1949 1948)
4(8972 6082 6125 6124)
4(6124 6123 6129 8455)
4(6121 6120 6128 6126)
4(3376 3377 6131 7770)
4(7897 3386 6130 6134)
4(6133 8456 7898 6134)
5(7891 6138 6137 6148 6105)
5(7901 6151 6150 6144 6143)
5(6152 6151 7901 6186 6189)
4(7317 7316 7899 1665)
5(3389 1974 7899 6159 7904)
5(7899 7316 3379 3382 6159)
5(8378 1948 1962 6154 6153)
5(7902 7904 6159 6160 6162)
4(6168 6167 7900 6172)
4(6169 6172 6716 6171)
4(3383 6174 7773 8867)
4(6173 8381 7318 6174)
4(3384 3386 7897 6175)
5(8381 6173 6181 8975 8976)
5(6182 8975 6181 6176 6177)
5(8976 8975 6182 2196 2195)
4(1969 1973 6185 6184)
4(6192 8379 3387 6191)
5(6183 8379 6192 1969 6184)
4(6193 6196 6200 5439)
4(6193 6195 6201 6196)
5(6194 8977 1980 6201 6195)
5(6208 8977 6194 3390 7903)
4(6208 7903 6203 6204)
4(1980 8977 6208 1981)
4(7775 6213 6211 8876)
4(7905 8978 6214 6213)
4(7900 6167 6209 6216)
5(6214 8978 6220 6219 6221)
5(6215 6221 6219 6218 6217)
5(3391 3396 8979 8878 8380)
4(3395 8980 8979 3396)
4(8386 8878 8979 8387)
4(8390 8387 8979 8980)
5(6225 3394 3393 8381 8976)
4(3395 3394 6225 6224)
4(6225 8976 2195 2214)
5(3395 6224 6223 1983 8980)
4(8390 8980 1983 1982)
4(3399 3398 7778 6228)
4(6229 6228 7322 8385)
5(6234 6232 6231 6237 2225)
4(6229 8385 8981 6233)
4(6727 6235 6233 8981)
4(3405 6240 8981 8385)
4(6727 8981 6240 6249)
4(6252 6251 7782 8882)
4(6250 8978 7905 6251)
5(6256 6253 6252 8882 5460)
5(6250 6255 6259 6220 8978)
5(8982 6266 6265 6270 6269)
5(8391 8889 8982 6269 6268)
4(8389 6266 8982 8889)
5(8390 1982 1994 6264 6263)
4(6272 6265 6264 1994)
5(6275 6270 6265 6272 6274)
5(6275 6274 6273 8470 7906)
4(3413 3412 6283 2002)
5(6282 1998 6279 6283 3412)
4(6286 8983 6284 6285)
4(6284 8983 6287 2004)
4(8983 6286 6289 6293)
4(6293 6289 7341 6290)
4(6287 8983 6293 6292)
4(6301 8392 3424 2011)
4(3426 8392 6299 2005)
4(6301 2007 6299 8392)
4(6302 2012 6304 6306)
4(6303 7346 7345 6304)
4(3436 6305 6309 6308)
4(6306 6312 6309 6305)
5(6312 6306 6304 7345 7344)
5(8984 2016 2015 3432 3433)
5(2017 2016 8984 8477 3692)
4(6315 8984 3433 6316)
4(8984 6315 6831 8477)
4(3428 2018 6316 3433)
4(6317 8394 170 6318)
4(6320 6319 7907 8478)
6(8394 6317 6321 8985 6340 8395)
5(6320 8478 6833 8985 6321)
4(6338 6340 8985 6833)
4(311 6336 6325 6324)
5(6334 6328 6327 6322 6326)
4(6328 6334 6337 3709)
4(8396 8986 8987 8397)
4(5524 5523 8987 8401)
4(8898 8397 8987 5523)
4(8400 8401 8987 8986)
4(8396 8393 6339 6342)
4(8395 6340 6339 8393)
4(8396 6342 6344 8986)
4(8400 8986 6344 6343)
4(6344 6342 6341 2290)
5(173 3441 6335 6336 311)
4(6894 2313 6353 7908)
4(6894 6893 2314 2313)
5(8988 8989 8990 8991 7798)
4(8992 8988 7798 7797)
5(8991 8403 5549 5548 7798)
5(6352 6351 8403 8991 8990)
4(7909 8993 8479 7347)
5(8989 8993 7909 6352 8990)
4(7909 7908 6353 6352)
4(8993 8994 8995 8479)
4(8989 8988 8994 8993)
4(6919 8995 8994 8996)
4(8992 8996 8994 8988)
4(6361 6354 6357 6360)
4(7797 6354 6361 8992)
4(6360 6357 8997 6399)
4(6919 8996 6358 2315)
4(8992 6361 6358 8996)
4(6360 6399 6395 6359)
5(8398 8998 2022 6363 6362)
4(8409 2021 2022 8998)
4(8398 8399 6365 6367)
4(8400 6343 6365 8399)
4(8398 6367 8999 8998)
5(8409 8998 8999 2026 2025)
5(8999 6367 6366 2023 2026)
4(8402 9000 2032 2031)
4(3466 8900 2033 2032)
4(3463 3466 2032 9000)
4(9001 6373 2340 2339)
4(3463 9000 6373 9001)
4(9000 8402 6374 6373)
5(6376 3471 9002 6386 6377)
5(6386 9002 2055 2037 2036)
4(9003 9004 8481 8480)
4(6378 9004 9003 6379)
4(6375 6374 9003 8480)
4(8402 6379 9003 6374)
4(9004 6381 6385 8481)
5(6381 9004 6378 6377 6386)
5(8404 3453 2038 1720 5553)
4(3451 6351 2040 2039)
4(2039 912 3738 6388)
4(3452 6388 6390 6387)
5(6399 8997 8405 6391 6400)
5(2044 2043 6394 6400 6391)
4(6408 6407 9005 8406)
4(8415 8915 9005 8416)
4(8912 8406 9005 8915)
4(8419 8416 9005 6407)
4(6408 8408 2047 6406)
4(8409 2025 2047 8408)
4(8419 6407 2049 115)
4(2050 2028 6369 3456)
4(121 2052 6410 3484)
4(3459 3462 2053 1735)
5(2053 3462 3467 6412 2054)
4(3464 3463 9001 6414)
4(6414 9001 2339 2359)
5(6415 6414 2359 6416 6418)
5(3487 6413 6417 6419 6421)
4(3470 6423 9002 3471)
5(1742 6425 3473 3472 5583)
4(2055 9002 6423 2056)
4(6429 3747 3749 6428)
4(8411 9006 7910 8412)
4(8424 3491 7910 9006)
5(8411 8414 118 6433 9007)
4(8411 9007 6436 9006)
4(8424 9006 6436 6435)
5(6436 9007 6433 6432 2366)
4(274 7813 6437 3481)
4(6443 1753 3485 3486)
5(8420 6447 6446 7825 8421)
4(8422 6448 6447 8420)
4(8422 8423 9008 9009)
4(6434 7026 9008 6435)
4(8424 6435 9008 8423)
4(9010 9009 9008 7026)
4(8422 9009 9011 6448)
4(7030 9012 9011 7031)
4(6444 6448 9011 9012)
4(9010 7031 9011 9009)
4(6450 8928 3495 3494)
5(7914 6451 3495 8928 7833)
6(6452 6451 7914 7911 9013 6458)
5(3501 6461 6464 6490 3500)
5(6463 6462 6466 6474 9014)
5(6469 6445 6444 9012 6467)
4(7030 6470 6467 9012)
4(9014 6474 6473 6475)
4(6473 6468 6472 2064)
4(6483 9013 7911 7913)
5(6483 7913 7912 6479 6478)
5(9013 6483 6481 6457 6458)
4(7915 6485 6484 6486)
5(5747 3503 3502 2081 2083)
4(3502 6492 8426 2081)
4(8426 6492 6491 6495)
4(6566 8426 6495 2103)
4(6463 9014 6501 6493)
4(6494 6493 6501 6500)
4(6502 6501 9014 6475)
4(6505 6496 6494 6500)
4(6497 313 316 6504)
4(6516 6497 6504 6517)
5(6514 6513 7916 6508 6507)
4(7916 6513 6519 6526)
5(9015 6530 6529 6524 6523)
4(3525 6531 6530 9015)
5(6538 9016 9015 6523 6539)
5(3526 9016 6538 6537 3528)
4(3525 9015 9016 3526)
4(7917 6540 6535 6534)
4(6537 6540 7918 3528)
5(7917 6534 6550 6543 6542)
4(6548 6547 6555 6554)
4(7915 6561 6559 6485)
4(6562 6561 3510 3513)
4(317 6548 6554 321)
4(6562 3513 6557 6556)
4(6563 2102 6564 3507)
4(8427 6570 6574 6577)
4(8427 6577 5780 5779)
4(6569 6578 6574 6570)
6(2106 2105 5790 9017 3523 3522)
5(5790 2105 2104 7334 5791)
6(7918 2107 2106 3522 3521 3528)
4(6541 2108 2107 7918)
4(3524 3523 6581 6582)
4(9017 6583 6581 3523)
4(5789 6583 9017 5790)
4(8429 324 7848 8430)
5(9018 9019 3534 7852 8936)
4(1823 326 9018 8936)
5(9020 8938 3543 51 9021)
4(8938 9020 328 125)
4(6588 9020 9021 7919)
4(328 9020 6588 2118)
4(329 2117 2125 8443)
4(6590 8431 179 2119)
4(6590 6592 9022 8431)
4(6594 9023 9022 6592)
6(8431 9022 9023 9024 8433 8432)
4(8434 8433 6597 6598)
4(9024 6599 6597 8433)
4(9024 9023 6601 6599)
4(6595 7922 7921 6596)
6(7921 6602 6601 9023 6594 6596)
4(6603 6602 7921 7920)
4(9025 8435 330 129)
4(9026 9027 9025 129)
4(3544 8435 9028 6604)
4(9028 9029 6605 6604)
4(6609 9027 9026 6610)
6(6605 9029 6613 6614 7923 6606)
4(6595 6606 7923 7922)
4(3816 929 7923 6614)
4(9030 9027 6609 6612)
4(9030 6612 6613 9029)
6(9027 9030 9029 9028 8435 9025)
4(331 8438 8437 132)
4(8438 6615 6618 8439)
4(331 2122 6615 8438)
5(8442 2123 123 329 8443)
4(8440 9031 9032 8441)
4(8448 8947 9032 8449)
4(8444 8441 9032 8947)
4(8452 8449 9032 9031)
4(8440 8443 2125 6620)
4(8440 6620 2129 9031)
4(8452 9031 2129 2128)
4(2131 2133 6622 3558)
4(6626 6630 6624 8446)
4(8451 8446 6624 5839)
5(6624 6630 6629 6631 2145)
4(8452 2128 2135 6627)
4(2140 2131 3558 3551)
4(6637 6638 6636 2146)
4(6638 6642 6641 6636)
5(6639 2147 944 3830 6650)
4(6640 6644 7924 6641)
5(6640 6643 6651 6646 2149)
5(6647 6642 6638 6639 6650)
4(6648 6649 7926 6652)
4(6657 5865 6655 6654)
4(7929 6666 6663 6662)
5(6653 6664 6659 6658 3563)
4(6667 9033 6668 2156)
4(6670 9033 6667 2158)
5(6668 9033 9034 9035 6671)
4(6670 6674 9034 9033)
4(6677 9036 6678 2160)
4(6679 9036 6677 2162)
4(6678 9036 9037 6680)
4(404 6672 6689 3565)
5(6685 3564 6690 6671 9035)
4(6686 6685 9035 6691)
6(3570 3569 2165 2164 5916 3573)
4(3569 3568 6695 2165)
6(6699 9038 8973 6095 2170 2171)
5(6097 6099 9039 2174 2173)
4(8973 9038 9039 6099)
4(6699 2174 9039 9038)
5(8453 3578 3580 1939 6101)
4(3581 8453 6700 2175)
4(6700 8453 6101 1943)
4(6703 8454 6701 2176)
4(8454 6704 1951 6118)
4(6703 2179 6704 8454)
4(3583 6707 6706 2180)
4(6708 8456 7896 2181)
4(6717 7898 2184 2183)
4(8456 6708 2184 7898)
5(6710 8457 3585 1956 6136)
4(3587 8457 6709 2185)
4(6710 2187 6709 8457)
4(6712 8458 6711 2188)
4(6713 8458 6715 2189)
4(6712 2192 6715 8458)
4(3591 6171 6716 2193)
4(6718 8459 3593 2198)
4(3595 8459 6719 2199)
4(6718 2202 6719 8459)
5(2203 3598 3597 6188 6190)
5(6204 6205 6720 2207 6207)
4(6206 6207 2207 2206)
4(6721 8460 3600 2208)
4(3602 8460 6722 2209)
4(6721 2212 6722 8460)
4(3612 3611 6725 1984)
4(6723 8461 3609 2216)
4(3611 8461 6724 6725)
4(6723 2219 6724 8461)
6(9040 8462 3613 3615 1988 6227)
6(9040 6227 6226 2224 2221 2223)
4(3616 8462 6726 2220)
4(9040 2223 6726 8462)
4(2228 2227 3642 6742)
4(6728 8467 8464 2236)
4(8465 8467 6729 2237)
4(6728 2240 6729 8467)
4(6730 8468 3618 2241)
4(3620 8468 6731 2242)
4(6730 2244 6731 8468)
4(6732 8469 3622 2245)
4(8469 6733 7906 8470)
4(6732 2248 6733 8469)
4(6735 8471 3627 2249)
4(3629 8471 6736 2250)
4(6735 6738 6736 8471)
6(6740 6737 3637 3635 3634 6745)
5(6747 6750 9041 6746 6744)
6(6752 6751 3649 6761 6757 6755)
5(6754 6753 6758 9042 7930)
4(6759 8472 3646 2252)
4(3648 8472 6762 6760)
4(6759 2255 6762 8472)
4(8473 3650 1996 6278)
4(3652 8473 6763 2256)
4(6763 8473 6278 2001)
4(6765 8474 6764 2257)
4(6294 6296 2260 2259)
5(6297 8474 6765 2260 6296)
4(890 2261 6769 3684)
6(3662 3661 6746 9041 6777 6776)
5(6775 6768 3663 3662 6776)
4(6750 6779 6777 9041)
4(7931 9043 6780 6779)
5(6775 6782 6773 6771 6768)
4(7932 6782 6781 9044)
4(7934 6783 6780 9043)
4(7933 9044 6781 6783)
4(6787 6786 7930 9042)
4(6785 9043 7931 6786)
6(6756 6784 6789 6787 9042 6758)
5(6784 3670 3674 6790 6789)
4(7934 9043 6785 6792)
4(7936 6792 6791 9045)
5(7938 6793 6790 3674 6797)
4(7937 9045 6791 6793)
4(2264 3689 6795 2265)
4(8475 3675 2006 6298)
4(3677 8475 6798 2266)
5(6798 8475 6298 2010 6300)
4(6799 6311 8476 2267)
4(6307 6310 2271 2270)
4(6311 6799 2271 6310)
4(6801 6800 7939 9046)
4(6804 6801 9046 7940)
4(6808 6807 7932 9044)
4(6806 9046 7939 6807)
4(7933 6810 6808 9044)
4(7940 9046 6806 6813)
4(7941 6813 6812 348)
4(348 6812 2273 349)
5(6812 6809 6811 6814 2273)
4(6816 6815 7936 9045)
4(7937 6818 6816 9045)
4(6827 9047 6819 6818)
4(6830 6820 6819 9047)
4(7943 9048 337 6820)
5(6822 6821 3694 2275 6825)
4(3687 3686 9047 6827)
4(6824 6830 9047 3686)
4(3693 8477 6831 2276)
4(8478 6832 2282 6833)
4(2280 2279 6837 3716)
4(6835 6834 6840 9049)
5(6838 7945 7944 3717 6836)
5(7946 7945 6838 6835 9049)
4(344 6842 7941 348)
4(6841 9049 6840 6842)
4(2283 9050 346 345)
4(7946 9049 6841 6844)
4(7948 6844 6843 9051)
4(7950 6845 346 9050)
4(7949 9051 6843 6845)
4(350 9050 2283 351)
4(7943 6846 352 9048)
4(7952 9052 6847 6846)
4(7950 9050 350 6849)
4(7953 6849 6848 9053)
4(7955 6850 6847 9052)
4(7954 9053 6848 6850)
4(3704 3703 9052 7952)
5(6854 7957 7955 9052 3703)
5(6854 6853 6857 6890 7957)
4(3710 6337 6330 2285)
5(7349 9054 9055 6897 6896)
5(9056 9057 137 27 30)
4(7349 6914 6913 138)
4(2291 3718 3713 6859)
4(3712 3715 7959 9058)
4(3717 7944 7959 3715)
4(7958 9059 9058 7959)
5(3712 9058 7962 9060 6858)
5(9060 9061 3721 6859 6858)
4(2297 7962 9058 9059)
4(7960 9061 9060 7962)
4(6862 6861 7948 9051)
4(6860 9059 7958 6861)
4(7949 6868 6862 9051)
5(6862 6868 6867 6871 6863)
5(6866 6865 6864 6876 6875)
4(2297 9059 6860 2298)
6(2293 2298 6860 6863 6871 6870)
4(6872 6876 7953 9053)
4(7954 6877 6872 9053)
4(7963 9062 6878 6877)
6(6874 6873 6878 2310 2309 6880)
4(2305 2310 6878 9062)
4(6888 9062 7963 6889)
4(2305 9062 6888 6892)
4(2333 6892 6891 9063)
5(6885 6887 9063 6891 6886)
4(3733 9064 7964 3734)
4(3733 140 9065 9064)
5(9055 9054 137 9057 6901)
4(6893 9066 6898 2314)
4(6901 6900 9066 9055)
4(6898 9066 6900 6903)
4(6916 6917 6918 3737)
4(6917 6916 3840 6915)
4(3722 3721 9061 6921)
5(6922 6921 7961 6925 6924)
4(7960 7961 6921 9061)
4(3740 6920 6927 6928)
4(6946 2334 2333 9063)
5(2335 2334 6946 6945 6947)
4(6887 6941 6946 9063)
4(6943 6942 6949 6948)
4(3727 8481 6385 7964)
4(3727 7964 9064 3728)
4(6951 9065 2445 2444)
4(6951 3728 9064 9065)
4(8482 6954 6955 6985)
4(6955 6957 6984 6985)
4(6957 6955 6952 6953)
4(6962 9067 6958 6959)
4(6962 6961 6960 9067)
4(9068 2347 2346 9069)
5(2345 2347 9068 6989 2363)
4(3742 9069 2346 3743)
4(9068 9069 6969 7969)
4(3741 3740 6928 6964)
4(6965 6964 2348 6967)
5(6966 6969 9069 3742 3744)
4(7969 6969 6968 7970)
5(6992 7970 6968 2351 2350)
4(6968 6965 6967 2351)
4(6942 6972 6974 6949)
5(6976 6971 6970 6973 6983)
4(7018 6981 6980 6983)
6(6982 6981 7018 7017 7971 8494)
4(6986 6988 6990 2367)
5(9068 7969 7968 9070 6989)
5(9071 9070 7968 7967 8492)
5(6987 9071 7966 6990 6988)
4(6987 6989 9070 9071)
4(7966 9071 8492 6996)
4(7024 8483 3751 2402)
5(7019 8483 7024 2395 7020)
4(9072 9010 7026 7025)
4(7027 9073 9072 7025)
4(9010 9072 7028 7031)
5(9072 9073 9074 7032 7028)
5(9073 7027 7972 9075 9074)
4(7034 9075 7972 7035)
6(7043 7033 7032 9074 9075 7034)
5(3767 7033 7043 7042 3769)
4(7057 7044 7040 7039)
4(7042 7044 7088 3769)
4(7050 7039 7041 7051)
4(2381 7054 7052 7007)
4(7973 9076 7055 7054)
4(7057 7039 7050 7056)
4(7049 7048 7055 9076)
4(7065 7064 2387 7014)
4(7063 9076 7973 7064)
4(2406 9077 7067 2407)
5(9077 2406 2405 7360 7078)
4(7058 7049 9076 7063)
4(7079 7068 7067 9077)
4(2408 7084 7073 2409)
4(7079 9077 7078 7077)
5(7070 7069 3795 7076 7080)
6(7080 7073 7084 7082 7071 7070)
4(3763 3762 7091 7089)
4(7086 2410 7091 3762)
4(7092 3774 3773 7093)
5(3773 3772 3780 7047 7093)
4(3775 3774 7094 2412)
4(7092 7095 7094 3774)
4(3782 7097 7102 7101)
4(7096 2414 7102 7097)
4(3789 3788 7105 2416)
4(7103 2418 7105 3788)
5(7107 359 360 7975 7976)
6(7110 9078 7108 7109 7974 7111)
4(6603 7920 7974 7109)
4(3818 7111 7974 931)
4(7110 362 361 9078)
6(7112 9079 7113 3819 930 3817)
4(7113 9079 372 371)
4(7117 376 375 2424)
4(7107 7976 384 194)
4(3809 7121 9080 7125)
6(9080 9081 9082 383 382 7125)
4(7120 9083 9080 7121)
4(7120 7119 9084 9083)
4(9084 9081 9080 9083)
4(9085 7123 195 385)
4(9085 385 7975 9086)
5(9085 9086 144 150 7128)
4(7132 7147 7130 7131)
4(9084 7119 7127 7129)
4(9084 7129 7130 9081)
4(7133 3812 3811 9087)
4(3811 3810 387 9087)
4(387 386 7133 9087)
4(3813 3812 7135 9088)
4(9089 3814 3813 9088)
4(7135 398 9089 9088)
4(7133 7134 7135 3812)
4(387 3810 8496 393)
4(7116 393 8496 7114)
4(9089 7137 7136 3814)
4(9089 398 397 7137)
5(7140 2432 7141 9090 7142)
5(941 2433 7150 8487 942)
5(2433 7142 9090 7151 7150)
4(381 7979 7978 7141)
6(9090 7141 7978 7144 7143 7151)
4(7145 7144 7977 7147)
4(7146 7145 2435 7149)
5(8487 7150 7152 9091 8488)
4(7152 7146 7149 7980)
4(7170 9091 7152 7980)
4(7981 7157 7156 396)
4(7173 7163 7165 7167)
4(7165 7163 7162 7159)
5(3831 3832 7168 7926 6649)
5(7169 8486 8488 9091 7170)
4(7172 3835 3834 2439)
6(3834 3833 7166 7153 2438 2439)
5(3836 3835 6665 6666 7929)
5(7173 7167 7166 3833 3837)
5(3847 2446 35 38 37)
4(3851 3852 7358 2352)
4(7179 8489 3849 2448)
4(3852 8489 7180 7358)
4(7179 2449 7180 8489)
4(7183 8490 3853 7181)
4(3855 8490 7182 2451)
4(7183 2453 7182 8490)
4(7982 8491 6993 2369)
4(8491 6997 6996 8492)
4(7982 2372 6997 8491)
4(3858 3857 2393 2392)
4(8493 8494 7971 7023)
4(3857 8493 7022 2393)
4(2398 7022 8493 7023)
4(61 66 8265 75)
4(3054 8319 7618 3055)
4(7618 8319 8321 7616)
4(161 160 4714 5573)
4(3465 7808 8900 3466)
4(7808 3465 3461 3460)
4(1741 6427 6425 1742)
4(1741 1753 6443 6427)
4(7816 279 8425 5671)
4(3807 192 191 7106)
4(143 148 8495 149)
4(39 8577 8576 8578)
4(39 42 8580 8577)
4(7252 4175 1110 1113)
4(1128 4194 7694 1129)
4(39 8578 8815 40)
4(5179 5177 7697 7700)
4(7707 5215 5200 7706)
4(7613 8881 8868 8676)
4(8321 8881 7613 7616)
4(4727 8921 5558 4701)
4(8921 4727 4726 5595)
4(261 8997 6357 6356)
4(8405 8997 261 260)
4(7919 6598 3807 7106)
4(6607 6610 6618 6617)
4(6691 6674 6673 6692)
4(6673 16 15 6692)
4(22 21 6676 9092)
4(6676 6680 9093 9092)
5(9094 6679 409 408 6698)
4(6671 6690 6689 6672)
4(15 23 334 6692)
4(335 26 22 9092)
5(9093 3572 336 335 9092)
4(6697 6696 9094 6698)
4(7942 351 2283 2272)
4(139 138 6913 945)
4(142 2445 9065 140)
4(365 364 6607 6617)
4(8622 8065 4358 7207)
5(8073 8637 8636 4376 4380)
4(8623 8637 8073 8075)
4(8718 8163 2755 8166)
4(154 153 7463 8550)
4(3383 8867 43 46)
4(8898 168 167 8397)
4(278 5678 8425 279)
4(5668 5671 8425 5682)
4(5640 5688 7328 96)
4(3500 6492 3502 772)
4(3534 9019 3540 3535)
4(8434 9021 51 54)
5(9 12 3566 6687 333)
4(6375 8480 3730 6950)
4(6958 9067 3731 3735)
4(3731 9067 6960 355)
4(2653 8520 1007 1006)
4(2665 7401 3900 2666)
4(3972 3971 416 8002)
4(3978 8003 57 60)
4(2900 8581 8580 42)
4(1132 8047 4171 1133)
4(67 70 4181 4185)
4(2540 8049 1138 4190)
4(4227 4226 7256 8277)
4(4227 8277 7534 4228)
4(7538 4246 4245 8837)
4(7539 8837 4245 4247)
4(8623 8075 8627 8624)
4(8622 8624 8627 8065)
4(8071 7208 7567 8629)
4(8082 8635 8631 8633)
4(8071 8629 8631 8635)
5(8081 8647 8646 8649 8080)
4(8082 8633 8647 8081)
4(4687 4691 8712 1296)
5(8714 1301 1300 8159 8158)
4(8714 215 214 1301)
4(8176 8737 4762 8175)
4(229 232 8551 7464)
4(8214 8782 8784 8785)
4(8214 8785 4873 2771)
4(8235 7660 8787 8230)
4(5083 5082 78 77)
4(255 258 5382 5381)
4(155 158 8857 8856)
4(88 87 3425 5482)
4(259 263 1723 1722)
4(7809 3459 1735 1734)
4(8418 8923 8922 8417)
4(8418 7812 7811 8923)
4(3154 1747 7327 3155)
4(8444 8944 8943 8445)
4(103 8445 8943 104)
4(299 298 105 108)
4(7859 302 301 5895)
4(7860 5920 5919 5907)
4(164 163 6098 6132)
4(6128 6120 6164 6170)
4(6211 6210 1682 8876)
4(115 118 8414 8419)
4(122 121 3484 3479)
4(6563 3507 3506 2101)
4(6587 8428 6585 6586)
4(8429 8428 323 324)
4(6587 2113 323 8428)
4(3540 9019 325 2114)
4(9018 326 325 9019)
4(8434 6598 7919 9021)
4(9026 129 128 8439)
4(9026 8439 6618 6610)
4(6691 9035 9034 6674)
4(9093 6680 9037 9095)
5(9094 9095 9037 9036 6679)
5(6693 25 24 336 3575)
4(9093 9095 3568 3572)
5(9094 6696 6695 3568 9095)
4(7942 338 337 9048)
4(352 351 7942 9048)
4(7349 138 137 9054)
4(3733 3732 141 140)
4(9055 9066 6893 6897)
4(9056 6902 6901 9057)
4(6906 6905 8479 8995)
4(6919 6911 6906 8995)
4(7108 9078 358 356)
4(358 9078 361 360)
4(7975 360 361 9086)
4(9086 361 145 144)
4(370 9079 7112 368)
4(370 373 372 9079)
4(7116 7114 372 373)
4(7124 7123 9085 7128)
4(7127 7119 7124 7128)
4(381 383 7977 7979)
4(9082 9081 7130 7147)
4(9082 7147 7977 383)
4(8496 3810 3815 8497)
4(3815 3814 7136 8497)
4(389 7161 7981 390)
4(395 390 7981 396)
4(33 32 29 28)
4(6 8 38 35)
4(9056 9096 7176 6902)
4(31 403 7176 9096)
4(9056 30 29 9096)
4(31 9096 29 32)
)

