# Patch: human
9097
(
(4.32392 2.48547 1.43146)
(4.29328 2.65785 1.4968)
(4.2573 2.66668 1.62511)
(4.32123 2.60691 1.62851)
(4.2483 2.4627 1.7565)
(4.22059 2.667 1.70453)
(4.2855 2.4255 1.7039)
(4.22864 2.371 1.43742)
(4.26257 2.44843 1.73633)
(-1.92804 -7.9335 1.27923)
(-1.9136 -7.99055 1.29706)
(-1.8015 -8.00597 1.10311)
(-1.83066 -7.84114 1.11291)
(-1.92685 -8.13323 1.22441)
(-1.92021 -8.12385 1.11594)
(-1.92988 -7.9956 1.31538)
(-1.92966 -8.04273 1.31553)
(1.8015 -8.00597 1.10311)
(1.92021 -8.12385 1.11594)
(1.92685 -8.13323 1.22441)
(1.9136 -7.99055 1.29706)
(1.92966 -8.04273 1.31553)
(1.92988 -7.9956 1.31538)
(-1.93251 -7.95743 1.31297)
(1.92804 -7.9335 1.27923)
(1.83066 -7.84114 1.11291)
(1.93251 -7.95743 1.31297)
(-4.09695 2.33547 1.48381)
(-4.05581 2.36821 1.62814)
(-4.2855 2.4255 1.7039)
(-4.22864 2.371 1.43742)
(-4.2483 2.4627 1.7565)
(-4.26257 2.44843 1.73633)
(-4.05411 2.41158 1.71002)
(-4.04244 2.49358 1.74863)
(4.05581 2.36821 1.62814)
(4.09695 2.33547 1.48381)
(4.04244 2.49358 1.74863)
(4.05411 2.41158 1.71002)
(-2.59179 -7.51701 0.00340707)
(-2.55346 -7.48596 0.158241)
(-2.53641 -7.36622 0.15162)
(-2.57145 -7.34699 0.0126715)
(-1.94709 -0.849564 0.49514)
(-1.96184 -1.01338 0.507967)
(-1.9561 -1.01256 0.613921)
(-1.94043 -0.850705 0.627891)
(-3.56963 3.55622 0.482474)
(-3.54428 3.57026 0.647258)
(-3.36957 3.66345 0.633393)
(-3.43344 3.69127 0.492552)
(-0.530715 6.62148 0.610581)
(-0.472877 6.5401 0.568206)
(-0.434513 6.46686 0.590279)
(-0.317844 6.64854 0.654565)
(-1.85998 -8.05534 0.96759)
(-1.81716 -7.86559 0.992328)
(0.336888 0.501437 -0.944748)
(0.512329 0.499103 -0.981407)
(0.512337 0.376212 -0.983591)
(0.335647 0.377661 -0.949285)
(2.59179 -7.51701 0.00340707)
(2.55621 -7.62638 -0.0162809)
(2.53015 -7.60649 -0.137839)
(2.52383 -7.48669 -0.161806)
(2.51346 -7.36273 -0.148573)
(2.57145 -7.34699 0.0126715)
(-1.79258 -6.41093 -0.00762895)
(-1.81397 -6.50861 0.000207499)
(-1.82346 -6.50566 -0.121856)
(-1.80862 -6.41004 -0.140347)
(1.82349 -6.5058 -0.121814)
(1.81398 -6.50861 0.000248686)
(1.79258 -6.4109 -0.00771361)
(1.80879 -6.41026 -0.140626)
(2.55346 -7.48596 0.158241)
(2.55789 -7.63462 0.131949)
(1.92532 -7.14171 0.00302444)
(1.93248 -7.11406 0.125788)
(1.9405 -6.99717 0.151363)
(1.91624 -6.98496 -0.00278337)
(-1.6815 0.871839 0.501911)
(-1.67223 1.00432 0.509959)
(-1.68079 1.01042 0.372798)
(-1.69126 0.900786 0.370916)
(1.68207 1.01037 0.373857)
(1.67321 1.0045 0.509352)
(1.68171 0.871358 0.501906)
(1.6919 0.900126 0.370888)
(-2.47932 3.98688 0.498646)
(-2.46557 4.10456 0.536819)
(-2.6126 4.12349 0.57725)
(-2.59002 3.96597 0.554932)
(-2.48755 4.49445 0.536956)
(-2.52195 4.39119 0.550491)
(-2.36783 4.37088 0.558558)
(-2.37419 4.49894 0.567472)
(2.48755 4.49445 0.536956)
(2.37419 4.49894 0.567472)
(2.36783 4.37088 0.558558)
(2.52195 4.39119 0.550491)
(-0.624089 7.00047 0.370887)
(-0.656459 6.96121 0.453083)
(-0.7018 7.0924 0.5258)
(-0.670027 7.11572 0.361915)
(0.7018 7.0924 0.5258)
(0.656459 6.96121 0.453083)
(0.624089 7.00047 0.370887)
(0.670027 7.11572 0.361915)
(-1.91685 -8.04929 0.862687)
(-1.82411 -7.86076 0.86847)
(1.91685 -8.04929 0.862687)
(1.85998 -8.05534 0.96759)
(1.81716 -7.86559 0.992328)
(1.82411 -7.86076 0.86847)
(-1.19312 3.49708 0.918584)
(-1.15086 3.50154 1.02225)
(-1.14877 3.62419 1.02079)
(-1.19409 3.62115 0.923336)
(1.14877 3.62419 1.02079)
(1.15086 3.50154 1.02225)
(1.19312 3.49708 0.918584)
(1.19409 3.62115 0.923336)
(-0.703027 6.99236 0.65306)
(-0.609495 6.86154 0.48478)
(-0.659081 6.82844 0.627191)
(0.434513 6.46686 0.590279)
(0.472877 6.5401 0.568206)
(0.530715 6.62148 0.610581)
(0.317844 6.64854 0.654565)
(0.609495 6.86154 0.48478)
(0.703027 6.99236 0.65306)
(0.659081 6.82844 0.627191)
(-1.48971 -2.15392 1.07553)
(-1.3732 -2.15204 1.06228)
(-1.38342 -1.98641 1.08747)
(-1.49115 -1.98572 1.09537)
(-4.13857 2.44008 1.3186)
(-3.98526 2.41783 1.35217)
(-3.94299 2.44761 1.51638)
(3.98526 2.41783 1.35217)
(4.13857 2.44008 1.3186)
(3.94299 2.44761 1.51638)
(0.0802572 7.06586 1.55295)
(-0.1416 7.0264 1.4881)
(-0.164898 6.95565 1.48582)
(-0.0213637 6.87407 1.38735)
(0.164898 6.95565 1.48582)
(0.1416 7.0264 1.4881)
(-0.0537299 7.15554 1.52616)
(-0.128295 7.12626 1.46266)
(-0.249391 4.11708 -0.421511)
(-0.37504 4.11401 -0.431363)
(-0.379799 4.22099 -0.441047)
(-0.250947 4.22446 -0.438116)
(0.680604 -2.03531 0.250122)
(0.639918 -1.86282 0.250068)
(0.638478 -1.86073 0.129698)
(0.679334 -2.0328 0.128727)
(2.43997 3.69456 -0.00427908)
(2.56784 3.56342 -0.00820325)
(2.56175 3.56233 0.142538)
(2.4437 3.70437 0.140755)
(-1.94403 -1.50177 0.798308)
(-1.94643 -1.3714 0.800274)
(-1.97469 -1.375 0.613455)
(-1.97213 -1.5 0.613634)
(-1.3201 2.16335 0.633131)
(-1.31473 2.16515 0.49508)
(-1.38902 2.01119 0.497747)
(-1.38557 2.00491 0.629493)
(1.27621 2.26843 0.497702)
(1.28645 2.26704 0.633881)
(1.3201 2.16335 0.633131)
(1.31473 2.16515 0.49508)
(3.1399 3.79101 0.551382)
(3.00958 3.75168 0.57402)
(2.97133 3.61526 0.551531)
(3.13818 3.61174 0.635092)
(-0.262261 6.61626 0.591888)
(-0.218537 6.50369 0.616477)
(-2.58385 -7.99645 1.1725)
(-2.67742 -7.95103 0.9929)
(-2.5534 -8.13409 0.996245)
(-2.55791 -8.11881 1.11099)
(2.5534 -8.13409 0.996245)
(2.67742 -7.95103 0.9929)
(2.58385 -7.99645 1.1725)
(2.55791 -8.11881 1.11099)
(-0.349573 6.75577 1.05035)
(-0.563016 6.74324 1.11721)
(-0.553126 6.67322 1.07743)
(-0.356585 6.69732 1.02936)
(-0.447393 7.21527 1.20586)
(-0.522952 7.11548 1.28876)
(-0.374469 7.14136 1.24421)
(-0.428382 7.19078 1.19537)
(0.447393 7.21527 1.20586)
(0.591382 7.18948 1.20295)
(0.623228 7.24544 1.13336)
(0.447729 7.26619 1.16813)
(4.12718 2.6724 1.74913)
(-0.739089 -0.421207 -0.6856)
(-0.888693 -0.41915 -0.704641)
(-0.877997 -0.251245 -0.784788)
(-0.748901 -0.269844 -0.784977)
(-0.746818 -0.516445 -0.63621)
(-0.862272 -0.531148 -0.662262)
(0.862272 -0.531148 -0.662262)
(0.746818 -0.516445 -0.63621)
(0.739089 -0.421207 -0.6856)
(0.888693 -0.41915 -0.704641)
(2.5436 -7.24987 0.000401643)
(2.52469 -7.25017 -0.111252)
(0.124879 2.75021 -0.187852)
(0.251169 2.76526 -0.186466)
(0.244404 2.6088 -0.196573)
(0.129228 2.61457 -0.192599)
(0.0907131 2.6598 -0.188375)
(-2.86264 3.61452 -0.189281)
(-2.91102 3.75326 -0.198451)
(-2.74032 3.76543 -0.225147)
(-2.74103 3.59859 -0.174815)
(-3.02305 3.6295 -0.172409)
(-3.01905 3.75653 -0.155431)
(3.02305 3.6295 -0.172409)
(2.86264 3.61452 -0.189281)
(2.91102 3.75326 -0.198451)
(3.01905 3.75653 -0.155431)
(0.379799 4.22099 -0.441047)
(0.37504 4.11401 -0.431363)
(0.249391 4.11708 -0.421511)
(0.250947 4.22446 -0.438116)
(0.107776 6.04517 -0.201891)
(0.245293 6.04647 -0.19395)
(0.252692 5.89842 -0.276456)
(0.122013 5.87224 -0.278457)
(-0.107776 6.04517 -0.201891)
(-0.245293 6.04647 -0.19395)
(-0.246517 6.13282 -0.159886)
(-0.109418 6.1478 -0.165731)
(0.246517 6.13282 -0.159886)
(0.109418 6.1478 -0.165731)
(-1.92 -7.25247 -0.0248575)
(-1.92532 -7.14171 0.00302444)
(-1.93248 -7.11406 0.125788)
(-1.91652 -7.22338 0.127501)
(-2.11647 -7.19687 0.433927)
(-2.13657 -7.11729 0.4072)
(-2.2412 -7.11927 0.403791)
(-2.2558 -7.21116 0.437072)
(2.2412 -7.11927 0.403791)
(2.13657 -7.11729 0.4072)
(2.11647 -7.19687 0.433927)
(2.2558 -7.21116 0.437072)
(-0.680604 -2.03531 0.250122)
(-0.702842 -2.13547 0.250007)
(-0.701759 -2.13299 0.124593)
(-0.679334 -2.0328 0.128727)
(-2.94353 3.26582 0.520679)
(-2.98141 3.1449 0.523874)
(-3.06771 3.05297 0.491759)
(-3.0905 3.07067 0.366309)
(-2.93728 3.18265 0.360103)
(-3.00958 3.75168 0.57402)
(-2.99435 3.8732 0.558712)
(-3.12486 3.88828 0.495696)
(-3.1399 3.79101 0.551382)
(-2.87288 3.75197 0.55744)
(-2.87367 3.87469 0.570475)
(-2.77379 4.01787 0.575674)
(-2.91084 4.0275 0.539414)
(-2.74357 3.86059 0.563127)
(-2.61269 3.85912 0.517645)
(1.31343 3.72347 0.501024)
(1.29872 3.61695 0.500705)
(1.29763 3.61441 0.374825)
(1.32418 3.71201 0.375518)
(2.77379 4.01787 0.575674)
(2.59002 3.96597 0.554932)
(2.61269 3.85912 0.517645)
(2.74357 3.86059 0.563127)
(2.99435 3.8732 0.558712)
(2.87367 3.87469 0.570475)
(2.87288 3.75197 0.55744)
(2.91084 4.0275 0.539414)
(3.12486 3.88828 0.495696)
(-2.76536 4.13556 0.554885)
(-2.49088 4.24518 0.563617)
(-2.63764 4.26468 0.550806)
(3.06475 4.05898 0.248575)
(3.02282 4.11605 0.250834)
(2.99278 4.13079 0.373705)
(3.05111 4.04949 0.383063)
(2.24537 4.49573 0.555795)
(2.36838 4.61792 0.54195)
(2.24132 4.62607 0.56264)
(0.76132 7.242 0.525948)
(0.731595 7.13628 0.506874)
(0.709379 7.18023 0.387876)
(0.719067 7.26155 0.374988)
(-2.13239 -7.55175 0.817742)
(-1.955 -7.5546 0.793807)
(-1.98203 -7.46051 0.623427)
(-2.14795 -7.44214 0.677995)
(-1.49123 -2.26434 1.0597)
(-1.3707 -2.26043 1.05124)
(1.49123 -2.26434 1.0597)
(1.48971 -2.15392 1.07553)
(1.3732 -2.15204 1.06228)
(1.3707 -2.26043 1.05124)
(1.38554 2.00497 0.629518)
(1.38902 2.01119 0.497744)
(-1.11854 5.44044 0.81422)
(-1.25573 5.4224 0.82047)
(-1.25263 5.23995 0.904759)
(-1.12568 5.2572 0.924895)
(1.11854 5.44044 0.81422)
(1.25573 5.4224 0.82047)
(1.24416 5.55753 0.656352)
(1.12473 5.54909 0.648212)
(1.12568 5.2572 0.924895)
(1.25263 5.23995 0.904759)
(-0.207364 6.40286 0.632914)
(-0.3742 6.3577 0.586)
(0.207364 6.40286 0.632914)
(0.3742 6.3577 0.586)
(0.218537 6.50369 0.616477)
(-0.670179 6.86369 0.754827)
(-0.690572 6.97725 0.754708)
(0.262261 6.61626 0.591888)
(0.670179 6.86369 0.754827)
(0.690572 6.97725 0.754708)
(-2.01919 -7.82791 1.27845)
(-2.07619 -7.95583 1.33922)
(2.07619 -7.95583 1.33922)
(2.01919 -7.82791 1.27845)
(0.253552 1.37563 1.43253)
(0.113822 1.37108 1.44509)
(0.142526 1.24543 1.44683)
(0.255621 1.24989 1.42945)
(0.0324281 1.40915 1.43899)
(-0.0111153 1.36931 1.44458)
(-0.00877031 1.25996 1.44826)
(-0.251048 1.61895 1.43274)
(-0.100666 1.6609 1.44218)
(-0.0882751 1.75933 1.4108)
(-0.259465 1.75492 1.42206)
(-0.276422 1.49676 1.42936)
(-0.121693 1.48634 1.45129)
(0.0850491 1.75719 1.40841)
(0.139487 1.62561 1.44943)
(0.262097 1.63013 1.43044)
(0.260541 1.75445 1.42191)
(4.23858 2.48063 1.34349)
(4.28531 2.64329 1.3721)
(-0.308098 6.82267 1.09739)
(-0.567261 6.83218 1.17253)
(-0.280422 6.82651 1.20291)
(-0.525933 6.90886 1.26797)
(-0.407663 6.93268 1.38515)
(-0.263841 6.90311 1.44549)
(-0.107063 6.88746 1.34954)
(0.349573 6.75577 1.05035)
(0.356585 6.69732 1.02936)
(0.553126 6.67322 1.07743)
(0.563016 6.74324 1.11721)
(0.567261 6.83218 1.17253)
(0.308098 6.82267 1.09739)
(0.525933 6.90886 1.26797)
(0.280422 6.82651 1.20291)
(0.107063 6.88746 1.34954)
(0.263841 6.90311 1.44549)
(0.407663 6.93268 1.38515)
(-0.447729 7.26619 1.16813)
(-0.623228 7.24544 1.13336)
(-0.591382 7.18948 1.20295)
(-0.443316 7.33425 1.17472)
(-0.612855 7.38491 1.13035)
(-0.431287 7.3814 1.21669)
(-0.580062 7.43716 1.19751)
(-0.518865 7.5172 1.28094)
(-0.375767 7.42176 1.20919)
(-0.35665 7.43523 1.25877)
(-0.466699 7.07183 1.34527)
(-0.353853 7.14305 1.29272)
(0.428382 7.19078 1.19537)
(0.374469 7.14136 1.24421)
(0.522952 7.11548 1.28876)
(0.518865 7.5172 1.28094)
(0.35665 7.43523 1.25877)
(0.375767 7.42176 1.20919)
(0.431287 7.3814 1.21669)
(0.353853 7.14305 1.29272)
(0.466699 7.07183 1.34527)
(0.292538 7.44506 1.27793)
(0.296717 7.49858 1.43612)
(0.231088 7.38918 1.33245)
(0.248795 7.42148 1.24893)
(0.612855 7.38491 1.13035)
(0.443316 7.33425 1.17472)
(0.580062 7.43716 1.19751)
(-4.12718 2.6724 1.74913)
(-4.22059 2.667 1.70453)
(-2.49973 -7.99983 1.25102)
(-2.56758 -7.9995 1.19358)
(-2.5653 -8.04257 1.19167)
(-2.47903 -8.04305 1.23373)
(2.49973 -7.99983 1.25102)
(2.47903 -8.04305 1.23373)
(2.5653 -8.04257 1.19167)
(2.56758 -7.9995 1.19358)
(-0.860056 0.620446 -0.989311)
(-0.860273 0.503783 -0.986418)
(-1.02767 0.50211 -0.919953)
(-1.02391 0.629151 -0.912381)
(-0.336888 0.501437 -0.944748)
(-0.512329 0.499103 -0.981407)
(-0.51477 0.614865 -0.979788)
(-0.343894 0.632005 -0.930944)
(0.51477 0.614865 -0.979788)
(0.627797 0.620867 -1.00296)
(0.626095 0.499716 -1.0052)
(2.14093 -7.8755 -0.490433)
(2.13083 -7.99448 -0.475423)
(2.09271 -8.0422 -0.435499)
(1.99187 -8.00541 -0.384277)
(1.98128 -7.87497 -0.364125)
(-1.99957 -5.98208 -0.48836)
(-1.99965 -5.87308 -0.504011)
(-1.8866 -5.8695 -0.501002)
(-1.88561 -5.99131 -0.462711)
(2.00354 -5.98506 -0.484729)
(2.00029 -5.87361 -0.503059)
(2.11293 -5.8738 -0.484523)
(2.1122 -5.98636 -0.475859)
(1.62479 -5.50593 -0.500403)
(1.58095 -5.53664 -0.414937)
(1.53796 -5.49071 -0.366443)
(1.49241 -5.37051 -0.363895)
(1.59704 -5.37583 -0.528992)
(-1.4777 -5.00095 -0.495084)
(-1.47675 -4.87231 -0.521416)
(-1.37536 -4.87067 -0.359892)
(-1.39968 -5.00233 -0.371564)
(-1.43694 -5.03876 -0.430939)
(-1.99131 -4.50269 -0.516843)
(-1.99428 -4.37673 -0.478267)
(-1.8687 -4.37927 -0.519228)
(-1.88383 -4.48759 -0.550682)
(-1.50976 -4.49769 -0.510842)
(-1.51467 -4.37889 -0.489324)
(-1.3772 -4.37896 -0.368846)
(-1.36607 -4.50019 -0.370892)
(1.50976 -4.49769 -0.510842)
(1.51467 -4.37889 -0.489324)
(1.62555 -4.37306 -0.532791)
(1.61409 -4.48525 -0.556639)
(1.99131 -4.50269 -0.516843)
(1.99428 -4.37673 -0.478267)
(2.04625 -4.33375 -0.42354)
(2.12635 -4.36733 -0.377202)
(2.16242 -4.49978 -0.409441)
(-1.3631 -1.86222 -0.460062)
(-1.37419 -2.02749 -0.429874)
(-1.49525 -2.00165 -0.404866)
(-1.53079 -1.87107 -0.40346)
(-1.49286 -1.49892 -0.464291)
(-1.48649 -1.37106 -0.473706)
(-1.37376 -1.37434 -0.522355)
(-1.37088 -1.49773 -0.51611)
(-1.01437 -1.49585 -0.487483)
(-1.00985 -1.37338 -0.510192)
(-0.825983 -1.37978 -0.418503)
(-0.84768 -1.49617 -0.402266)
(1.01437 -1.49585 -0.487483)
(1.00985 -1.37338 -0.510192)
(1.12512 -1.37566 -0.543132)
(1.12633 -1.49926 -0.523233)
(1.49286 -1.49892 -0.464291)
(1.48649 -1.37106 -0.473706)
(1.63839 -1.37194 -0.390302)
(1.62299 -1.50357 -0.404519)
(1.54652 -1.53581 -0.436391)
(-1.48833 -1.00046 -0.486349)
(-1.48637 -0.879069 -0.489729)
(-1.38338 -0.875831 -0.531564)
(-1.38139 -1.00058 -0.532592)
(-0.958666 -1.00426 -0.544727)
(-0.955416 -0.914191 -0.561102)
(-0.866616 -0.88265 -0.53578)
(-0.877149 -1.00145 -0.513187)
(1.48833 -1.00046 -0.486349)
(1.48637 -0.879069 -0.489729)
(1.62879 -0.881669 -0.37867)
(1.63053 -1.001 -0.380395)
(-1.38272 -0.379747 -0.544916)
(-1.38533 -0.502528 -0.523737)
(-1.538 -0.49621 -0.414288)
(-1.5342 -0.377561 -0.409085)
(-1.4283 0.124388 -0.549241)
(-1.4287 -0.00283224 -0.550501)
(-1.54097 0.00110962 -0.409828)
(-1.53636 0.124006 -0.397475)
(-1.40187 0.620702 -0.530184)
(-1.41265 0.499289 -0.541241)
(-1.50965 0.500058 -0.370563)
(-1.49245 0.621349 -0.366365)
(-0.872011 1.62324 -0.481617)
(-0.870318 1.53764 -0.541617)
(-1.00392 1.50367 -0.501046)
(-1.04872 1.55675 -0.445727)
(-1.0064 1.63275 -0.412987)
(-0.914991 1.67211 -0.426486)
(-0.500172 1.53799 -0.544609)
(-0.500021 1.62068 -0.496336)
(-0.375004 1.62067 -0.498072)
(-0.373303 1.53609 -0.542928)
(4.68079e-19 1.52577 -0.523245)
(9.73928e-18 1.62063 -0.485591)
(0.124999 1.62065 -0.493629)
(0.124999 1.53383 -0.531421)
(0.500172 1.53799 -0.544609)
(0.500019 1.62067 -0.49526)
(0.62464 1.62048 -0.496936)
(0.62409 1.54576 -0.550412)
(-0.997475 4.50381 -0.523958)
(-1.00064 4.62227 -0.549423)
(-0.87504 4.62031 -0.535071)
(-0.874945 4.50139 -0.507468)
(-0.499673 4.50131 -0.480342)
(-0.499958 4.62493 -0.493752)
(-0.374995 4.62492 -0.500996)
(-0.375 4.50142 -0.483055)
(-3.44499e-18 4.50448 -0.446821)
(6.42947e-18 4.62563 -0.463773)
(0.125109 4.62534 -0.48025)
(0.125367 4.50311 -0.462816)
(0.499673 4.50131 -0.480342)
(0.499958 4.62493 -0.493752)
(0.625237 4.62527 -0.483989)
(0.625068 4.50087 -0.463596)
(0.997475 4.50381 -0.523958)
(1.00064 4.62227 -0.549423)
(1.12099 4.62747 -0.531015)
(1.11161 4.51321 -0.52599)
(-1.48636 5.00951 -0.452299)
(-1.48481 5.12461 -0.464485)
(-1.37267 5.12431 -0.485219)
(-1.36916 5.00498 -0.480472)
(-0.499438 5.00007 -0.497669)
(-0.499722 5.12511 -0.496054)
(-0.374986 5.12502 -0.524221)
(-0.375006 5 -0.524289)
(9.12566e-18 5 -0.500314)
(-2.75366e-17 5.12504 -0.498782)
(0.124988 5.12506 -0.509256)
(0.125 5 -0.512616)
(0.499438 5.00007 -0.497669)
(0.499722 5.12511 -0.496054)
(0.623921 5.12495 -0.48938)
(0.616214 5.00147 -0.500388)
(1.03325 5.00507 -0.568616)
(0.995687 5.12628 -0.548702)
(1.12721 5.12543 -0.530759)
(1.13264 5.00055 -0.544281)
(1.48636 5.00951 -0.452299)
(1.48481 5.12461 -0.464485)
(1.65024 5.12213 -0.427768)
(1.63242 4.995 -0.41452)
(1.53519 4.96626 -0.431102)
(-0.500037 5.4871 -0.488585)
(-0.498067 5.67284 -0.418064)
(-0.377131 5.67022 -0.419892)
(-0.379346 5.48447 -0.494188)
(0.500037 5.4871 -0.488585)
(0.498067 5.67284 -0.418064)
(0.620731 5.65775 -0.408374)
(0.620968 5.48581 -0.482019)
(-1.96264 -8.03663 -0.000514425)
(-1.91634 -7.9613 0.000824096)
(-1.92828 -7.95143 0.125151)
(-1.97904 -8.02299 0.121954)
(-1.91515 -7.86449 0.00208842)
(-1.92123 -7.86437 0.125281)
(2.56797 -8.04349 -0.0027919)
(2.59976 -7.8785 0.00252614)
(2.59319 -7.88275 0.12603)
(2.58631 -7.9889 0.128358)
(2.55797 -8.04082 0.0857368)
(-1.9473 -7.49218 -0.0357745)
(-1.93711 -7.37191 -0.0405202)
(-1.90052 -7.39071 0.134214)
(-1.90781 -7.50252 0.132863)
(-2.48033 -7.00267 7.03578e-05)
(-2.45953 -7.00273 0.116741)
(-2.43128 -6.96217 0.170515)
(-2.41627 -6.86936 0.168186)
(-2.45829 -6.87637 -3.19613e-06)
(-1.93986 -6.87951 0.157561)
(-1.9405 -6.99717 0.151363)
(-1.91624 -6.98496 -0.00278337)
(-1.89937 -6.8713 -0.00505751)
(-1.84275 -6.50205 0.111987)
(-1.82679 -6.37753 0.13492)
(1.58105 -5.54503 0.00317083)
(1.60794 -5.49525 0.115643)
(1.5941 -5.37648 0.159363)
(1.49333 -5.36489 -0.0118123)
(-1.4094 -4.99447 0.116084)
(-1.36206 -4.99338 -0.00674727)
(-1.33778 -4.87677 -0.000533058)
(-1.36839 -4.86922 0.113299)
(2.13207 -3.99658 0.124726)
(2.1341 -4.0003 0.00567134)
(2.09212 -3.88402 0.00545279)
(2.0954 -3.89031 0.124687)
(-1.97828 -3.49618 0.00237206)
(-1.99993 -3.50126 0.1289)
(-1.98358 -3.37652 0.134033)
(-1.93162 -3.36605 -0.0444058)
(-1.94227 -3.46041 -0.0531246)
(1.07814 -3.37976 -0.0522789)
(1.09078 -3.49643 -0.0338316)
(1.00843 -3.49497 0.139664)
(0.98926 -3.37348 0.13498)
(-0.947316 -3.01677 -0.00951553)
(-0.94441 -2.91526 -0.0603324)
(-0.902489 -2.87201 0.00685524)
(-0.870179 -2.86887 0.13147)
(-0.903666 -2.99184 0.128964)
(-0.928726 -3.0414 0.0852381)
(0.540465 -1.37164 0.00872835)
(0.571287 -1.41259 -0.0441823)
(0.589542 -1.50253 -0.0363761)
(0.536266 -1.48634 0.133978)
(0.512894 -1.37305 0.128626)
(-0.380666 -0.985093 0.129724)
(-0.422931 -0.987185 0.0126232)
(-0.382648 -0.870905 0.0106706)
(-0.342157 -0.880875 0.125722)
(1.68868 0.535397 0.0807674)
(1.66264 0.504163 -0.00802204)
(1.64868 0.627034 -0.00839583)
(1.67456 0.631733 0.0740747)
(1.57131 1.03922 -0.0495451)
(1.55232 1.13176 -0.054009)
(1.63103 1.12343 0.134822)
(1.64964 1.00001 0.12858)
(1.59932 1.00148 0.0044256)
(-1.50198 1.49697 0.00844713)
(-1.54391 1.51102 0.114227)
(-1.51463 1.6219 0.128232)
(-1.46516 1.6187 0.00967432)
(1.0532 2.06068 -0.0579442)
(1.00315 2.1315 -0.0224205)
(1.10631 2.11133 0.0443289)
(1.12459 2.03213 -0.028325)
(-0.972622 3.00026 0.12484)
(-1.01519 3.12521 0.129875)
(-0.891435 3.1242 -0.0274036)
(-0.883408 2.99646 0.0206769)
(-0.922335 2.95845 0.0784076)
(-2.92047 4.13874 -0.0234617)
(-2.94469 4.05058 -0.0593728)
(-3.01352 4.00294 -0.00714071)
(-3.05257 4.04536 0.121334)
(-2.98723 4.13729 0.126485)
(-2.94066 4.18111 0.0836898)
(1.5438 4.45517 0.000526521)
(1.62754 4.50783 0.000955735)
(1.61575 4.5512 0.113531)
(1.52666 4.47439 0.121503)
(2.67548 4.55571 0.125698)
(2.65473 4.53579 0.0124693)
(2.59651 4.62099 0.00784618)
(2.63397 4.61794 0.129403)
(-1.88857 5.63198 0.130481)
(-1.88974 5.61102 0.00107501)
(-1.93401 5.55568 -0.0413269)
(-2.00286 5.50187 -0.00540625)
(-2.01527 5.51687 0.128266)
(-0.519593 6.00131 0.00651683)
(-0.507315 6.00149 0.125334)
(-0.478909 6.12407 0.127388)
(-0.470607 6.12547 0.00491418)
(-0.405532 6.62269 -0.0291505)
(-0.404416 6.50129 -0.0317576)
(-0.455104 6.49973 0.138935)
(-0.466703 6.62676 0.137985)
(-0.495389 6.99892 0.00347881)
(-0.542106 6.99382 0.116209)
(-0.556462 7.08756 0.0850997)
(-0.528826 7.12169 -0.00346985)
(0.668701 7.49901 0.0945185)
(0.621689 7.50237 0.000930478)
(0.626589 7.62677 -0.00324493)
(0.670797 7.62347 0.09303)
(0.500918 8.1182 0.0015698)
(0.532754 8.15579 0.120813)
(0.624401 7.99914 0.119797)
(0.539152 8.00503 -0.030631)
(-2.00411 -7.99773 0.500003)
(-1.93366 -7.9421 0.5)
(-1.91273 -7.95591 0.61811)
(-2.0022 -8.01245 0.622371)
(-1.89552 -7.86224 0.500005)
(-1.86681 -7.86234 0.624985)
(2.00411 -7.99773 0.500003)
(2.09063 -8.04186 0.500538)
(2.08471 -8.04932 0.617516)
(2.0022 -8.01245 0.622371)
(2.6441 -7.9871 0.618865)
(2.63561 -7.98923 0.499935)
(2.62185 -7.88724 0.5001)
(2.6224 -7.88725 0.625226)
(1.95755 -7.45364 0.534985)
(1.98203 -7.46051 0.623427)
(2.14795 -7.44214 0.677995)
(2.12771 -7.32712 0.538994)
(1.99498 -7.36708 0.504563)
(-2.00118 -4.00325 0.49118)
(-1.87245 -4.01023 0.656481)
(-1.8987 -3.87005 0.619961)
(-1.93865 -3.83764 0.551661)
(-1.9764 -3.874 0.496506)
(-0.945641 -3.03209 0.502954)
(-0.905604 -2.86447 0.489456)
(-0.954564 -2.88106 0.655007)
(-0.970912 -2.9998 0.619842)
(-1.95757 -2.49983 0.490134)
(-1.92851 -2.50072 0.679666)
(-1.93322 -2.38226 0.684226)
(-1.95855 -2.37456 0.492476)
(-0.858918 -2.50117 0.618655)
(-0.824927 -2.50658 0.50723)
(-0.814496 -2.41014 0.539381)
(-0.838351 -2.37545 0.629585)
(-1.96673 -1.99984 0.498438)
(-1.9667 -1.99942 0.613585)
(-1.97014 -1.87499 0.613751)
(-1.96944 -1.87507 0.498697)
(-1.97639 -1.50006 0.49991)
(-1.97688 -1.37514 0.500096)
(-0.441362 -1.0387 0.533179)
(-0.416755 -0.98882 0.490758)
(-0.377548 -0.879833 0.49804)
(-0.409597 -0.86747 0.616926)
(-0.447772 -0.913474 0.664999)
(-0.466231 -1.00563 0.631087)
(1.65255 1.00105 0.629637)
(1.66522 1.13098 0.508937)
(1.64785 1.12313 0.614795)
(1.58605 1.49013 0.615085)
(1.61017 1.48497 0.495539)
(1.54788 1.67128 0.497726)
(1.53315 1.62956 0.627681)
(1.55337 1.53708 0.661971)
(1.18024 2.99534 0.5907)
(1.16047 2.99714 0.489639)
(1.17314 3.11133 0.486358)
(1.18835 3.08148 0.583184)
(2.96902 3.49804 0.533765)
(3.09738 3.50858 0.656771)
(-1.45748 4.63792 0.612394)
(-1.50645 4.63969 0.490282)
(-1.418 4.4701 0.506202)
(-1.39422 4.50247 0.620606)
(-1.41936 4.58862 0.658119)
(-1.9865 5.1223 0.604813)
(-1.98697 5.01241 0.59409)
(-1.87606 5.01276 0.636786)
(-1.88067 5.12471 0.650847)
(2.15962 5.00056 0.532831)
(2.14963 5.11566 0.540639)
(1.9865 5.1223 0.604813)
(1.98697 5.01241 0.59409)
(-1.37443 5.65353 0.489101)
(-1.50524 5.65819 0.514806)
(-1.50627 5.55124 0.670342)
(-1.38458 5.56482 0.681641)
(-0.421129 5.67042 0.543491)
(-0.502721 5.62901 0.499114)
(-0.541893 5.56024 0.546165)
(-0.501686 5.52556 0.626877)
(-0.407349 5.54112 0.659175)
(-0.375026 5.62944 0.623568)
(0.962505 5.55749 0.540304)
(0.992919 5.53855 0.626508)
(1.12889 5.60142 0.486399)
(1.00401 5.58075 0.489798)
(1.62856 5.64606 0.504496)
(1.50524 5.65819 0.514806)
(1.50627 5.55124 0.670342)
(1.62075 5.54387 0.668101)
(-0.46345 6.50854 0.487996)
(-0.437305 6.45632 0.524706)
(-0.505313 6.61933 0.489919)
(0 6.62434 0.588384)
(4.0766e-17 6.50018 0.591048)
(0.124345 6.50026 0.579632)
(0.124343 6.62351 0.572371)
(0.6851 7.0758 0.5748)
(0.678027 8.03478 0.626693)
(0.669331 8.04564 0.499896)
(0.636891 8.12089 0.500214)
(0.642038 8.11886 0.625357)
(-2.41669 -7.80259 1.04886)
(-2.49819 -7.82413 1.04129)
(-2.49071 -7.86724 1.12812)
(-2.37574 -7.83827 1.13712)
(2.58774 -7.84707 1.0101)
(2.57603 -7.89556 1.12427)
(2.49819 -7.82413 1.04129)
(2.49071 -7.86724 1.12812)
(-1.49658 -1.87247 1.10501)
(-1.37829 -1.87257 1.09814)
(1.65366 -2.00635 1.05759)
(1.6648 -1.91312 1.06984)
(1.61636 -1.87203 1.08538)
(1.49658 -1.87247 1.10501)
(1.49115 -1.98572 1.09537)
(-1.49893 -1.37501 1.12094)
(-1.49896 -1.50002 1.12317)
(-1.37601 -1.49997 1.12143)
(-1.37333 -1.37503 1.12262)
(1.49893 -1.37501 1.12094)
(1.49896 -1.50002 1.12317)
(1.61274 -1.50003 1.11607)
(1.61272 -1.375 1.11614)
(-1.49729 -0.87587 1.1172)
(-1.4992 -1.00035 1.11771)
(-1.37579 -1.00022 1.12466)
(-1.3757 -0.875071 1.12514)
(-0.95649 -1.03597 1.05796)
(-0.871141 -0.999268 1.03161)
(-0.844054 -0.880394 1.04355)
(-1.01033 -0.870087 1.09967)
(-1.00868 -0.995898 1.08399)
(1.01033 -0.870087 1.09967)
(1.00868 -0.995898 1.08399)
(1.1287 -0.998567 1.10377)
(1.12582 -0.874584 1.10916)
(1.49729 -0.87587 1.1172)
(1.4992 -1.00035 1.11771)
(1.61259 -1.00382 1.11032)
(1.62534 -0.877782 1.0976)
(-1.49201 -0.377811 1.10617)
(-1.48782 -0.503482 1.11102)
(-1.37497 -0.500385 1.12138)
(-1.37264 -0.375236 1.11692)
(-1.00021 -0.374917 1.1293)
(-1.00074 -0.499782 1.12215)
(-0.884203 -0.498305 1.11397)
(-0.878581 -0.37331 1.12142)
(1.00021 -0.374917 1.1293)
(1.00074 -0.499782 1.12215)
(1.12322 -0.501072 1.13167)
(1.12276 -0.376348 1.13751)
(1.65294 -0.498778 1.0404)
(1.6283 -0.376031 1.03266)
(1.55545 -0.335547 1.06687)
(1.49201 -0.377811 1.10617)
(1.48782 -0.503482 1.11102)
(-1.00013 0.12502 1.15669)
(-1.00005 1.28555e-05 1.15117)
(-0.874937 -7.1e-05 1.14507)
(-0.875005 0.124968 1.15767)
(-0.502849 0.122599 1.12833)
(-0.500426 0.00288198 1.08726)
(-0.377823 0.00566214 1.11231)
(-0.383508 0.116868 1.16273)
(0.502849 0.122599 1.12833)
(0.500426 0.00288198 1.08726)
(0.62564 0.000666682 1.10829)
(0.625355 0.124699 1.12467)
(1.00013 0.12502 1.15669)
(1.00005 1.28555e-05 1.15117)
(1.13236 0.00319594 1.14614)
(1.13561 0.124174 1.14675)
(-1.00244 0.624509 1.14806)
(-1.00063 0.499768 1.15274)
(-0.878818 0.49643 1.1652)
(-0.884009 0.618278 1.16808)
(1.00246 0.624525 1.14806)
(1.0006 0.49974 1.15274)
(1.12427 0.499971 1.13376)
(1.12428 0.62482 1.12587)
(-1.00915 1.12242 1.15093)
(-1.00851 0.999626 1.14772)
(-0.913176 0.998613 1.1821)
(-0.917556 1.11863 1.18517)
(1.0092 1.12238 1.15091)
(1.00875 0.99954 1.14763)
(1.11724 0.998895 1.10744)
(1.11433 1.12509 1.10446)
(1.03891 1.62496 1.1619)
(1.03462 1.50022 1.1576)
(1.12054 1.5 1.11549)
(1.12094 1.62507 1.12197)
(1.13678 1.99765 1.10473)
(1.18161 2.0351 1.05487)
(1.17398 2.1347 1.0485)
(1.03205 2.12419 1.16564)
(1.0336 1.9987 1.16255)
(1.1723 2.50126 1.04891)
(1.17488 2.63071 1.0253)
(1.04666 2.62492 1.17126)
(1.04105 2.49673 1.17367)
(-4.03536 2.99318 0.998164)
(-4.03124 3.02915 1.1253)
(-3.86848 3.15219 1.11835)
(-3.9092 3.16028 1.00059)
(-3.38068 3.1256 1.02503)
(-3.46063 3.16695 1.05549)
(-3.50361 3.12133 1.10788)
(-3.50186 3.00481 1.16489)
(-3.34404 2.99899 1.03011)
(1.14823 3.00153 1.01229)
(1.14556 3.12594 1.01338)
(1.05258 3.12524 1.16965)
(1.05271 2.99953 1.16736)
(3.50361 3.12133 1.10788)
(3.50186 3.00481 1.16489)
(3.57706 3.05216 1.19396)
(3.61904 3.12373 1.16698)
(1.09841 3.50344 1.12465)
(1.10192 3.62996 1.11627)
(0.0155386 6.96649 1.00621)
(0.116258 6.98839 1.00164)
(0.120851 6.97332 1.12182)
(0.0150029 6.9612 1.11133)
(0.624689 6.99999 1.12066)
(0.65466 6.99668 1.00906)
(0.660489 7.12294 1.01412)
(0.630641 7.12093 1.12215)
(0.61409 7.50459 1.11805)
(0.646184 7.49833 1.01664)
(0.651994 7.62195 1.01697)
(0.610589 7.62272 1.11824)
(-0.547877 8.04359 1.04371)
(-0.505202 8.00505 1.12861)
(-0.428423 8.05167 1.18539)
(-0.386282 8.13536 1.15816)
(-0.528405 8.13155 1.00097)
(-3.86465 2.52443 1.49658)
(-3.83099 2.61202 1.53261)
(-3.94799 2.60391 1.66665)
(-3.96356 2.49616 1.62339)
(-0.363195 3.01181 1.57996)
(-0.361273 3.1298 1.59897)
(-0.535844 3.12337 1.55253)
(-0.508487 2.9931 1.54313)
(-0.409562 2.96509 1.56425)
(2.08167e-17 3.12636 1.60052)
(1.38778e-17 3.0107 1.587)
(0.124471 3.01164 1.59623)
(0.124892 3.1263 1.61077)
(2.03857 -5.53234 -0.5566)
(2.00734 -5.63575 -0.54733)
(1.87887 -5.65149 -0.558002)
(1.8749 -5.48464 -0.591213)
(1.98731 -5.48678 -0.576002)
(-2.12263 -5.50606 -0.533798)
(-2.14681 -5.37715 -0.550853)
(-1.98679 -5.37014 -0.59409)
(-1.98731 -5.48678 -0.576002)
(-2.03857 -5.53234 -0.5566)
(-1.99663 -4.99797 -0.62317)
(-1.99622 -5.12879 -0.627524)
(-2.15962 -5.12678 -0.563076)
(-2.15771 -4.99496 -0.564893)
(-1.8749 -5.48464 -0.591213)
(-1.8746 -5.37271 -0.604343)
(-1.87411 -5.00001 -0.638954)
(-1.87416 -5.12503 -0.639161)
(-1.49807 -5.12352 -0.492441)
(-1.55371 -5.11692 -0.568587)
(-1.54714 -4.99919 -0.572371)
(-1.63751 -4.99958 -0.60753)
(-1.63953 -5.12097 -0.601708)
(1.98679 -5.37014 -0.59409)
(1.8746 -5.37271 -0.604343)
(1.55371 -5.11692 -0.568587)
(1.54714 -4.99919 -0.572371)
(1.63751 -4.99958 -0.60753)
(1.63953 -5.12097 -0.601708)
(1.87411 -5.00001 -0.638954)
(1.99663 -4.99797 -0.62317)
(1.99622 -5.12879 -0.627524)
(1.87416 -5.12503 -0.639161)
(2.14681 -5.37715 -0.550853)
(2.12263 -5.50606 -0.533798)
(2.15771 -4.99496 -0.564893)
(2.15962 -5.12678 -0.563076)
(-1.98514 -4.8795 -0.614642)
(-2.15883 -4.87067 -0.537162)
(-1.8733 -4.87584 -0.635602)
(-1.6377 -4.87542 -0.619278)
(1.4777 -5.00095 -0.495084)
(1.47675 -4.87231 -0.521416)
(1.6377 -4.87542 -0.619278)
(1.98514 -4.8795 -0.614642)
(1.8733 -4.87584 -0.635602)
(2.15883 -4.87067 -0.537162)
(-1.12191 -0.985509 -0.578506)
(-0.996167 -1.13051 -0.543179)
(-1.1284 -1.14416 -0.567903)
(-1.11703 -0.872485 -0.587078)
(-1.00378 -0.872401 -0.589562)
(-1.11635 -0.500479 -0.621246)
(-0.999962 -0.506536 -0.647905)
(-1.00023 -0.624595 -0.625357)
(-1.11369 -0.624972 -0.604491)
(-0.881677 -0.619394 -0.628017)
(0.999962 -0.506536 -0.647905)
(1.00023 -0.624595 -0.625357)
(0.881677 -0.619394 -0.628017)
(1.11635 -0.500479 -0.621246)
(1.11369 -0.624972 -0.604491)
(-1.00441 -0.4103 -0.680598)
(-1.1251 -0.382618 -0.66437)
(-0.0149655 -0.133263 -0.505894)
(-0.0912552 -0.15975 -0.532255)
(-0.125399 -0.123975 -0.620195)
(-0.0913056 0.000313639 -0.656784)
(-0.0222198 -0.0183726 -0.592758)
(0.00244911 -0.0454334 -0.534137)
(0.499613 -0.379764 -0.649825)
(0.498538 -0.524327 -0.520875)
(0.390053 -0.485936 -0.482555)
(0.336091 -0.411725 -0.531151)
(0.3783 -0.371832 -0.600475)
(0.0667904 -0.0694599 -0.565421)
(0.0913056 0.000313639 -0.656784)
(0.125399 -0.123975 -0.620195)
(0.0912552 -0.15975 -0.532255)
(1.00441 -0.4103 -0.680598)
(1.1251 -0.382618 -0.66437)
(-0.86955 0.377861 -0.968881)
(-0.92115 0.33602 -0.94365)
(-1.00275 0.37316 -0.920018)
(8.22687e-18 0.155229 -0.643011)
(-0.0697072 0.0797878 -0.680012)
(0.0697072 0.0797878 -0.680012)
(-0.498811 1.37002 -0.647668)
(-0.627867 1.39961 -0.652956)
(-0.62409 1.54576 -0.550412)
(-0.37271 1.37158 -0.635783)
(1.15353e-17 1.36489 -0.585816)
(-0.125019 1.36523 -0.605563)
(-0.124999 1.53383 -0.531421)
(0.125019 1.36523 -0.605563)
(0.498811 1.37002 -0.647668)
(0.37271 1.37158 -0.635783)
(0.373303 1.53609 -0.542928)
(0.627867 1.39961 -0.652956)
(1.00392 1.50367 -0.501046)
(1.03877 1.41531 -0.542873)
(0.99692 1.36841 -0.600191)
(0.879231 1.37174 -0.659178)
(0.870318 1.53764 -0.541617)
(1.03535 4.87691 -0.566882)
(0.875 4.88868 -0.596871)
(0.875 4.98672 -0.591856)
(0.876309 5.14784 -0.549366)
(-2.3654 -8.14616 0.001871)
(-2.494 -8.11103 -0.00222991)
(-2.56797 -8.04349 -0.0027919)
(-2.55506 -8.05552 -0.130911)
(-2.46533 -8.11392 -0.128201)
(-2.36167 -8.14489 -0.125505)
(-2.13833 -8.13937 -0.000442958)
(-2.13889 -8.15383 -0.125573)
(-2.00629 -8.11712 -0.126681)
(-1.94628 -8.04749 -0.125285)
(1.96264 -8.03663 -0.000514425)
(1.94628 -8.04749 -0.125285)
(2.00629 -8.11712 -0.126681)
(2.13889 -8.15383 -0.125573)
(2.13833 -8.13937 -0.000442958)
(2.494 -8.11103 -0.00222991)
(2.3654 -8.14616 0.001871)
(2.36167 -8.14489 -0.125505)
(2.46533 -8.11392 -0.128201)
(2.55506 -8.05552 -0.130911)
(-2.59976 -7.8785 0.00252614)
(-2.59596 -7.87558 -0.110397)
(-1.92738 -7.58363 -0.0389616)
(-1.94855 -7.61197 -0.141172)
(-1.97334 -7.49884 -0.131772)
(-1.90465 -7.97241 -0.113425)
(-1.90489 -7.86633 -0.109517)
(1.91634 -7.9613 0.000824096)
(1.90465 -7.97241 -0.113425)
(1.91515 -7.86449 0.00208842)
(1.90489 -7.86633 -0.109517)
(2.59596 -7.87558 -0.110397)
(-1.97377 -7.37626 -0.122885)
(-1.96906 -7.12319 -0.11855)
(-1.95804 -7.00389 -0.163079)
(1.95804 -7.00389 -0.163079)
(1.96906 -7.12319 -0.11855)
(2.48033 -7.00267 7.03578e-05)
(2.50618 -7.12647 0.000291094)
(2.49144 -7.12921 -0.110136)
(2.46401 -7.00118 -0.117983)
(-2.43571 -6.96408 -0.17613)
(-2.46401 -7.00118 -0.117983)
(-2.4243 -6.86834 -0.173894)
(-2.42859 -6.50492 -0.132212)
(-2.42058 -6.6266 -0.166174)
(-2.44634 -6.63848 -0.00022796)
(-2.44209 -6.48176 -0.00160428)
(-1.94002 -6.91751 -0.178585)
(-1.90984 -6.87407 -0.11911)
(-1.84141 -6.62488 -0.00101837)
(-1.84956 -6.62372 -0.115173)
(1.94002 -6.91751 -0.178585)
(1.89937 -6.8713 -0.00505751)
(1.90984 -6.87407 -0.11911)
(1.84141 -6.62488 -0.00101626)
(1.84956 -6.62372 -0.115159)
(2.43571 -6.96408 -0.17613)
(2.4243 -6.86834 -0.173894)
(2.45829 -6.87637 -3.19613e-06)
(2.44634 -6.63848 -0.00022796)
(2.42058 -6.6266 -0.166174)
(2.42859 -6.50492 -0.132212)
(2.44209 -6.48176 -0.00160428)
(-2.16781 -6.03292 -0.44328)
(-2.11767 -5.99257 -0.469317)
(-2.00102 -6.1551 -0.459338)
(-2.15132 -6.12477 -0.445241)
(-1.83792 -6.03476 -0.422708)
(-1.86301 -6.13317 -0.402985)
(1.84177 -6.03631 -0.422712)
(1.88666 -5.99027 -0.460947)
(2.00737 -6.15624 -0.456643)
(1.87894 -6.13235 -0.41013)
(-1.45069 -5.12957 -0.423692)
(-1.35164 -4.99899 -0.125846)
(-1.40381 -5.11687 -0.00410568)
(-1.37874 -5.10882 -0.128996)
(1.40381 -5.11687 -0.00410568)
(1.36206 -4.99338 -0.00674727)
(1.35164 -4.99899 -0.125846)
(1.37874 -5.10882 -0.128996)
(-1.32764 -4.88044 -0.125098)
(1.39968 -5.00233 -0.371564)
(1.37536 -4.87067 -0.359892)
(1.43694 -5.03876 -0.430939)
(1.36607 -4.50019 -0.370892)
(1.50171 -4.61905 -0.533882)
(1.34955 -4.62528 -0.369043)
(1.33778 -4.87677 -0.000533058)
(1.32764 -4.88044 -0.125098)
(2.17837 -4.58101 -0.431552)
(2.12591 -4.61897 -0.486303)
(2.0094 -4.61416 -0.54217)
(-2.16242 -4.49978 -0.409441)
(-2.12635 -4.36733 -0.377202)
(-2.04625 -4.33375 -0.42354)
(-2.17483 -4.08996 0.00195881)
(-2.1341 -4.0003 0.00567134)
(-2.10728 -4.00128 -0.122493)
(-2.16568 -4.11814 -0.129019)
(-1.62546 -3.97439 -0.426852)
(-1.50588 -3.99428 -0.411073)
(-1.46739 -4.11992 -0.413402)
(-1.63042 -4.14146 -0.469838)
(2.10728 -4.00128 -0.122493)
(2.17483 -4.08996 0.00195881)
(2.16568 -4.11814 -0.129019)
(-2.03598 -3.86684 -0.127318)
(-2.05949 -3.95182 -0.167707)
(-2.09212 -3.88402 0.00545279)
(-2.06599 -3.83154 -0.0530098)
(-1.91144 -3.49504 -0.125673)
(-1.91744 -3.62148 -0.16774)
(-2.01209 -3.62887 0.0115626)
(1.97828 -3.49618 0.00237206)
(2.01209 -3.62887 0.0115626)
(1.91744 -3.62148 -0.16774)
(1.91144 -3.49504 -0.125673)
(1.94227 -3.46041 -0.0531246)
(2.05949 -3.95182 -0.167707)
(2.03598 -3.86684 -0.127318)
(2.06599 -3.83154 -0.0530098)
(-0.972491 -3.12418 0.0124578)
(-1.09575 -3.12265 -0.152732)
(-1.08186 -3.00869 -0.164695)
(1.08186 -3.00869 -0.164695)
(1.09575 -3.12265 -0.152732)
(0.972491 -3.12418 0.0124578)
(0.947316 -3.01677 -0.00951553)
(-1.06425 -2.91888 -0.177488)
(-0.998747 -2.88007 -0.125244)
(-0.857274 -2.49794 -0.115887)
(-0.821643 -2.53335 -0.0322598)
(-0.835667 -2.63303 -0.0045904)
(-0.896564 -2.6277 -0.120394)
(0.835667 -2.63303 -0.0045904)
(0.821643 -2.53335 -0.0322598)
(0.857274 -2.49794 -0.115887)
(0.896564 -2.6277 -0.120394)
(1.00919 -1.62186 -0.459165)
(0.950868 -1.66342 -0.427728)
(0.882445 -1.62231 -0.392089)
(0.84768 -1.49617 -0.402266)
(-0.458882 -1.03347 -0.0343636)
(-0.476487 -1.1263 0.0015332)
(-0.52742 -1.12408 -0.121855)
(-0.481335 -0.996789 -0.122379)
(-1.63053 -1.001 -0.380395)
(-1.62879 -0.881669 -0.37867)
(-0.469359 -0.65614 -0.402956)
(-0.509392 -0.618692 -0.460716)
(-0.498538 -0.524327 -0.520875)
(-0.390053 -0.485936 -0.482555)
(-0.34819 -0.530987 -0.40441)
(-0.385172 -0.614666 -0.364672)
(0.509392 -0.618692 -0.460716)
(0.469359 -0.65614 -0.402956)
(0.385172 -0.614666 -0.364672)
(0.34819 -0.530987 -0.40441)
(0.422931 -0.987185 0.0126232)
(0.382648 -0.870905 0.0106706)
(0.458523 -0.88081 -0.167473)
(0.481335 -0.996789 -0.122379)
(0.458882 -1.03347 -0.0343636)
(1.538 -0.49621 -0.414288)
(1.54876 -0.614692 -0.422899)
(1.37534 -0.627208 -0.525866)
(1.38533 -0.502528 -0.523737)
(-1.67135 0.375466 -0.0288812)
(-1.66264 0.504163 -0.00802204)
(-1.63094 0.499859 -0.114282)
(-1.64441 0.374117 -0.122255)
(1.63094 0.499859 -0.114282)
(1.67135 0.375466 -0.0288812)
(1.64441 0.374117 -0.122255)
(-1.64868 0.627034 -0.00839583)
(-1.61659 0.620851 -0.110829)
(-1.53508 1.00406 -0.131846)
(-1.54115 0.877706 -0.167674)
(-1.62422 0.86955 0.00993525)
(-1.59957 1.00157 0.00434048)
(-1.57129 1.03925 -0.0497056)
(1.61659 0.620851 -0.110829)
(1.62421 0.86955 0.00993464)
(1.54122 0.877712 -0.167736)
(1.53548 1.0042 -0.132024)
(1.51469 1.1257 -0.125058)
(1.50198 1.49697 0.00844713)
(1.53142 1.37784 -0.00316617)
(1.47086 1.37413 -0.11942)
(1.43149 1.41534 -0.172039)
(1.4088 1.49908 -0.164989)
(-1.0532 2.06068 -0.0579442)
(-1.00253 2.00504 -0.133402)
(-1.043 1.92569 -0.180515)
(-1.12891 1.90311 -0.153416)
(-1.12459 2.03213 -0.028325)
(1.37976 1.63298 -0.133125)
(1.41671 1.66299 -0.0364894)
(1.46516 1.6187 0.00967432)
(1.12891 1.90311 -0.153416)
(1.043 1.92569 -0.180515)
(1.00253 2.00504 -0.133402)
(-0.634218 2.49585 -0.109561)
(-0.505833 2.49822 -0.168041)
(-0.538688 2.38404 -0.172873)
(-0.629722 2.37679 -0.128332)
(0.882 2.03532 -0.168795)
(0.876791 2.13327 -0.108724)
(0.92212 2.17166 -0.0596286)
(0.538688 2.38404 -0.172873)
(0.505833 2.49822 -0.168041)
(0.634218 2.49585 -0.109561)
(0.629722 2.37679 -0.128332)
(-0.522222 2.62907 -0.155785)
(-0.687802 2.53491 -0.0640082)
(-0.684332 2.59759 -0.0617451)
(-0.634366 2.63017 -0.102893)
(-0.633501 2.99381 -0.142094)
(-0.505997 2.99493 -0.186294)
(-0.515622 2.86644 -0.167449)
(-0.627405 2.87233 -0.128044)
(-0.418781 2.53581 -0.188038)
(-0.407415 2.62772 -0.184314)
(-0.40747 2.96658 -0.192043)
(-0.371981 2.87545 -0.186913)
(-0.0898963 2.9612 -0.180713)
(0 2.96479 -0.169902)
(0 2.86856 -0.173443)
(-0.123378 2.87683 -0.184828)
(0.522222 2.62907 -0.155785)
(0.418781 2.53581 -0.188038)
(0.407415 2.62772 -0.184314)
(0.0898963 2.9612 -0.180713)
(0.123378 2.87683 -0.184828)
(0.40747 2.96658 -0.192043)
(0.505997 2.99493 -0.186294)
(0.515622 2.86644 -0.167449)
(0.371981 2.87545 -0.186913)
(0.634366 2.63017 -0.102893)
(0.684332 2.59759 -0.0617451)
(0.687802 2.53491 -0.0640082)
(0.633501 2.99381 -0.142094)
(0.627405 2.87233 -0.128044)
(-3.13852 3.5207 -0.134303)
(-2.99822 3.51257 -0.15751)
(-3.00099 3.33014 -0.0475245)
(-3.12593 3.32774 -0.0463902)
(-2.87809 3.51241 -0.156138)
(-2.87713 3.33647 -0.000483933)
(-0.540532 3.09239 -0.186601)
(-0.633041 3.1241 -0.164015)
(0.540532 3.09239 -0.186601)
(0.633041 3.1241 -0.164015)
(1.03897 3.46331 -0.0428143)
(1.00329 3.36845 -0.031463)
(0.941202 3.32894 -0.0575572)
(0.879531 3.36929 -0.115992)
(0.87705 3.49946 -0.15445)
(0.992579 3.50529 -0.0957003)
(2.87809 3.51241 -0.156138)
(2.99822 3.51257 -0.15751)
(3.00099 3.33014 -0.0475245)
(2.87713 3.33647 -0.000483933)
(3.13852 3.5207 -0.134303)
(3.12593 3.32774 -0.0463902)
(-3.13823 3.63237 -0.117252)
(-0.996199 3.62758 -0.140247)
(-0.992579 3.50529 -0.0957003)
(-1.03897 3.46331 -0.0428143)
(-1.11392 3.50459 0.0110018)
(-1.15169 3.62457 -0.0265937)
(-0.87705 3.49946 -0.15445)
(-0.921968 3.62176 -0.170832)
(0.996199 3.62758 -0.140247)
(0.921968 3.62176 -0.170832)
(1.15169 3.62457 -0.0265937)
(1.11392 3.50459 0.0110018)
(3.01352 4.00294 -0.00714071)
(3.05155 3.92101 -0.0391194)
(3.01303 3.88124 -0.107353)
(2.91237 3.87871 -0.179947)
(2.88965 4.0059 -0.139585)
(2.94469 4.05058 -0.0593728)
(3.13823 3.63237 -0.117252)
(-2.61661 4.49425 -0.0969898)
(-2.54166 4.4995 -0.162472)
(-2.55134 4.41868 -0.19349)
(-2.62841 4.38141 -0.158366)
(0 4.3398 -0.422337)
(-0.088715 4.33612 -0.435094)
(-0.1317 4.38706 -0.448289)
(-0.125367 4.50311 -0.462816)
(0.1317 4.38706 -0.448289)
(0.088715 4.33612 -0.435094)
(1.02885 4.31743 -0.445308)
(1.00371 4.37729 -0.479187)
(1.1246 4.32811 -0.417729)
(1.50869 4.37242 0.00568131)
(1.4982 4.36372 -0.116414)
(1.54574 4.4548 -0.139104)
(2.55134 4.41868 -0.19349)
(2.54166 4.4995 -0.162472)
(2.61661 4.49425 -0.0969898)
(2.62841 4.38141 -0.158366)
(-2.502 4.62872 -0.124898)
(-2.65473 4.53579 0.0124693)
(-2.59651 4.62099 0.00784618)
(-2.54878 4.66588 -0.0356638)
(-1.36888 4.87876 -0.460456)
(-1.41929 4.83736 -0.434133)
(-1.5099 4.86755 -0.412555)
(-1.53519 4.96626 -0.431102)
(1.5099 4.86755 -0.412555)
(1.41929 4.83736 -0.434133)
(1.36888 4.87876 -0.460456)
(1.36916 5.00498 -0.480472)
(2.502 4.62872 -0.124898)
(2.54878 4.66588 -0.0356638)
(-1.88205 5.52436 -0.13949)
(-1.97408 5.47438 -0.115226)
(-1.13019 5.49942 -0.408236)
(-0.996352 5.53022 -0.405394)
(-0.995888 5.36092 -0.487057)
(-1.12568 5.36956 -0.46938)
(-1.16183 5.42445 -0.442335)
(0.879584 5.54683 -0.41648)
(0.996352 5.53022 -0.405394)
(0.995888 5.36092 -0.487057)
(0.873205 5.36588 -0.499112)
(2.00286 5.50187 -0.00540625)
(2.05733 5.43175 -0.0417803)
(2.03252 5.40754 -0.132202)
(1.97408 5.47438 -0.115226)
(1.88205 5.52436 -0.13949)
(1.93401 5.55568 -0.0413269)
(0.379346 5.48447 -0.494188)
(0.377131 5.67022 -0.419892)
(0.519593 6.00131 0.00651683)
(0.565032 5.92364 -0.00401594)
(0.539905 5.92827 -0.121112)
(0.485517 6.00341 -0.118211)
(-0.379955 6.03659 -0.165852)
(-0.485517 6.00341 -0.118211)
(-0.434919 6.16478 -0.0363016)
(-0.371667 6.13376 -0.10971)
(8.5452e-21 6.13508 -0.13401)
(3.11596e-22 6.04177 -0.176561)
(-0.123554 6.49993 -0.108999)
(0.00258227 6.50338 -0.0911462)
(-0.00220243 6.37409 -0.0955495)
(-0.122864 6.37536 -0.11425)
(0.379955 6.03659 -0.165852)
(0.371667 6.13376 -0.10971)
(0.434919 6.16478 -0.0363016)
(0.470607 6.12547 0.00491418)
(0.123554 6.49993 -0.108999)
(0.122864 6.37536 -0.11425)
(0 6.62285 -0.115191)
(-0.123507 6.62219 -0.122412)
(0.123507 6.62219 -0.122412)
(0.381296 6.99859 -0.1503)
(0.495389 6.99892 0.00347881)
(0.467979 6.87728 0.0065142)
(0.423618 6.83628 -0.0518709)
(0.37942 6.87256 -0.103681)
(-0.529719 7.50203 -0.146907)
(-0.529108 7.37543 -0.12844)
(-0.565746 7.3325 -0.0564659)
(-0.605523 7.37677 -0.000590737)
(-0.621689 7.50237 0.000930478)
(-0.381296 6.99859 -0.1503)
(-0.413135 7.1156 -0.164182)
(0.413135 7.1156 -0.164182)
(0.528826 7.12169 -0.00346985)
(0.529108 7.37543 -0.12844)
(0.529719 7.50203 -0.146907)
(0.605523 7.37677 -0.000590737)
(0.565746 7.3325 -0.0564659)
(-0.530712 7.62489 -0.150715)
(-0.626589 7.62677 -0.00324493)
(0.561934 7.91827 -0.0469943)
(0.527936 7.87065 -0.126733)
(0.477336 8.00332 -0.129197)
(0.530712 7.62489 -0.150715)
(-0.539152 8.00503 -0.030631)
(-0.500918 8.1182 0.0015698)
(-0.415109 8.16989 -0.0532556)
(-0.369029 8.12187 -0.122667)
(-0.416867 8.04062 -0.164617)
(-0.477336 8.00332 -0.129197)
(0.416867 8.04062 -0.164617)
(0.369029 8.12187 -0.122667)
(0.415109 8.16989 -0.0532556)
(-2.49869 -8.10652 0.12039)
(-2.55797 -8.04082 0.0857368)
(-2.37124 -8.13763 0.127147)
(-2.13979 -8.11607 0.120781)
(-2.37484 -8.11154 0.499997)
(-2.48764 -8.11335 0.499974)
(-2.4878 -8.12162 0.37529)
(-2.37461 -8.11898 0.374945)
(2.13979 -8.11607 0.120781)
(1.97904 -8.02299 0.121954)
(2.49869 -8.10652 0.12039)
(2.37124 -8.13763 0.127147)
(2.4878 -8.12162 0.37529)
(2.48764 -8.11335 0.499974)
(2.37484 -8.11154 0.499997)
(2.37461 -8.11898 0.374945)
(-2.58631 -7.9889 0.128358)
(-2.59319 -7.88275 0.12603)
(-2.61907 -7.9886 0.375297)
(-2.63561 -7.98923 0.499935)
(-2.62185 -7.88724 0.5001)
(-2.61446 -7.88663 0.375093)
(-2.40685 -7.46344 0.501617)
(-2.43816 -7.45301 0.424028)
(-2.47403 -7.49592 0.378394)
(-2.51727 -7.61929 0.373036)
(-2.4954 -7.62771 0.494671)
(-1.90927 -7.62582 0.127984)
(-1.91908 -7.62969 0.00743732)
(-2.00367 -7.99986 0.377013)
(-1.9078 -7.86242 0.374849)
(-1.90077 -7.51029 0.370187)
(-1.92907 -7.51315 0.49264)
(-1.89372 -7.62896 0.498384)
(-1.89384 -7.62617 0.374442)
(1.92828 -7.95143 0.125151)
(1.92123 -7.86437 0.125281)
(1.93366 -7.9421 0.5)
(1.89552 -7.86224 0.500005)
(1.9078 -7.86242 0.374849)
(2.00367 -7.99986 0.377013)
(1.89372 -7.62896 0.498384)
(1.92907 -7.51315 0.49264)
(1.90077 -7.51029 0.370187)
(1.89384 -7.62617 0.374442)
(2.4954 -7.62771 0.494671)
(2.51727 -7.61929 0.373036)
(2.47403 -7.49592 0.378394)
(2.43816 -7.45301 0.424028)
(2.40685 -7.46344 0.501617)
(2.61907 -7.9886 0.375297)
(2.61446 -7.88663 0.375093)
(1.95215 -7.34589 0.38023)
(2.45953 -7.00273 0.116741)
(2.48845 -7.13051 0.113765)
(-2.41042 -6.62839 0.157083)
(-2.41578 -6.50581 0.123079)
(-1.86882 -6.62102 0.109139)
(1.93986 -6.87951 0.157561)
(1.84275 -6.50205 0.11199)
(1.86882 -6.62102 0.109139)
(2.43128 -6.96217 0.170515)
(2.41627 -6.86936 0.168186)
(2.41578 -6.50581 0.123079)
(2.41042 -6.62839 0.157083)
(1.82688 -6.37723 0.134847)
(-1.98851 -4.9993 0.495088)
(-2.15913 -5.00024 0.410967)
(-2.16067 -5.12556 0.413801)
(-1.99148 -5.12222 0.483069)
(-1.5941 -5.37648 0.159363)
(-1.60794 -5.49525 0.115643)
(-1.58105 -5.54503 0.00317083)
(-1.49333 -5.36489 -0.0118123)
(-1.87639 -5.12989 0.482887)
(-1.88711 -4.99381 0.506329)
(-1.46844 -5.13104 0.125509)
(-1.43963 -5.16701 0.0443975)
(-1.45855 -5.03573 0.164674)
(1.43963 -5.16701 0.0443975)
(1.46844 -5.13104 0.125509)
(1.45855 -5.03573 0.164674)
(1.4094 -4.99447 0.116084)
(1.98851 -4.9993 0.495088)
(1.88711 -4.99381 0.506329)
(1.87639 -5.12989 0.482887)
(1.99148 -5.12222 0.483069)
(2.16067 -5.12556 0.413801)
(2.15913 -5.00024 0.410967)
(-1.98754 -4.87485 0.498273)
(-2.15313 -4.87494 0.403941)
(-1.98903 -4.50075 0.509491)
(-2.13745 -4.50355 0.385469)
(-2.14367 -4.62526 0.39338)
(-1.98731 -4.62485 0.503079)
(-1.87515 -4.62741 0.543522)
(-1.87582 -4.49727 0.553507)
(-1.49649 -4.63499 0.412087)
(-1.45741 -4.5405 0.424066)
(-1.50804 -4.49818 0.478208)
(-1.62309 -4.5052 0.537171)
(-1.62403 -4.63141 0.490148)
(-1.56999 -4.67401 0.441814)
(1.36839 -4.86922 0.113299)
(1.98754 -4.87485 0.498273)
(1.87877 -4.8724 0.520525)
(1.98903 -4.50075 0.509491)
(1.87582 -4.49727 0.553507)
(1.87515 -4.62741 0.543522)
(1.98731 -4.62485 0.503079)
(2.15313 -4.87494 0.403941)
(2.14367 -4.62526 0.39338)
(2.13745 -4.50355 0.385469)
(-2.13207 -3.99658 0.124726)
(-2.16796 -4.08227 0.122445)
(-1.99226 -4.38193 0.511797)
(-2.1398 -4.37848 0.366293)
(-1.49899 -4.38179 0.533015)
(-1.58679 -4.41582 0.559463)
(1.50804 -4.49818 0.478208)
(1.49899 -4.38179 0.533015)
(1.34242 -4.38186 0.376191)
(1.39569 -4.50431 0.370559)
(1.45741 -4.5405 0.424066)
(1.99226 -4.38193 0.511797)
(1.93041 -4.37968 0.553861)
(2.00118 -4.00325 0.49118)
(2.00397 -4.11909 0.494389)
(2.05601 -4.11565 0.43063)
(2.04648 -3.99842 0.420268)
(2.16796 -4.08227 0.122445)
(-2.0954 -3.89031 0.124687)
(-1.00843 -3.49497 0.139664)
(-1.03352 -3.61676 0.132878)
(-1.06352 -3.6597 0.0794568)
(-1.09566 -3.62929 0.0040127)
(-1.09078 -3.49643 -0.0338316)
(1.99993 -3.50126 0.1289)
(2.0193 -3.62171 0.126227)
(2.03926 -3.86907 0.381602)
(1.9764 -3.874 0.496506)
(2.00564 -3.62481 0.36198)
(1.99882 -3.49986 0.361872)
(1.94114 -3.49467 0.541669)
(1.94231 -3.62569 0.539862)
(-0.946622 -3.13859 0.115344)
(-1.03586 -3.49717 0.370242)
(-1.00951 -3.36971 0.368924)
(-1.03633 -3.36855 0.489783)
(-1.07548 -3.41339 0.541713)
(-1.084 -3.50972 0.510773)
(-1.0585 -3.54075 0.419939)
(-0.971924 -3.1307 0.499391)
(-0.959913 -3.13439 0.379728)
(-0.939623 -3.04037 0.409465)
(1.98834 -3.37535 0.362228)
(1.92115 -3.37501 0.547556)
(-0.815331 -2.53708 0.407833)
(-0.851174 -2.62769 0.501817)
(-0.836752 -2.63194 0.37985)
(0.905604 -2.86447 0.489456)
(0.895753 -2.87117 0.373282)
(0.923967 -2.98817 0.369443)
(0.939623 -3.04037 0.409465)
(0.945641 -3.03209 0.502954)
(0.851174 -2.62769 0.501817)
(0.824927 -2.50658 0.50723)
(0.815331 -2.53708 0.407833)
(0.836752 -2.63194 0.37985)
(1.95037 -2.99374 0.373748)
(1.94863 -2.87106 0.37797)
(1.94751 -2.86346 0.48625)
(1.94178 -2.90705 0.541287)
(1.934 -3.0117 0.516717)
(1.94036 -3.02608 0.420512)
(1.95757 -2.49983 0.490134)
(1.9567 -2.62413 0.489766)
(1.95694 -2.62452 0.376628)
(1.95879 -2.49971 0.37517)
(1.95923 -2.3746 0.375615)
(1.95855 -2.37456 0.492476)
(1.96673 -1.99984 0.498438)
(1.96401 -2.12476 0.498402)
(1.96171 -2.12492 0.376384)
(1.96388 -2.00017 0.376601)
(-0.581425 -1.66746 0.127268)
(-0.599658 -1.62415 0.00273346)
(-0.589542 -1.50253 -0.0363761)
(-0.536266 -1.48634 0.133978)
(0.599658 -1.62415 0.00273346)
(0.581425 -1.66746 0.127268)
(1.96285 -1.87523 0.376589)
(1.96944 -1.87507 0.498697)
(1.97639 -1.50006 0.49991)
(1.97436 -1.62517 0.499574)
(1.96487 -1.62559 0.382835)
(1.96197 -1.50007 0.385277)
(-0.447894 -1.15837 0.12921)
(-0.464735 -1.12851 0.498683)
(-0.454638 -1.15465 0.375678)
(-0.395937 -0.990041 0.372116)
(0.416755 -0.98882 0.490758)
(0.395937 -0.990041 0.372116)
(0.454638 -1.15465 0.375678)
(0.464735 -1.12851 0.498683)
(0.441362 -1.0387 0.533179)
(1.9576 -1.37563 0.385692)
(1.97688 -1.37514 0.500096)
(1.96184 -1.01338 0.507967)
(1.966 -1.12715 0.502214)
(1.94764 -1.13252 0.387623)
(1.93843 -1.09195 0.336892)
(1.93629 -0.997733 0.344738)
(-1.93629 -0.997733 0.344738)
(-1.93098 -0.877006 0.374321)
(-0.352854 -0.882546 0.374152)
(0.380666 -0.985093 0.129724)
(0.342157 -0.880875 0.125722)
(0.377548 -0.879833 0.49804)
(0.352854 -0.882546 0.374152)
(1.93098 -0.877006 0.374321)
(1.94709 -0.849564 0.49514)
(-1.68868 0.535397 0.0807674)
(-1.67456 0.631733 0.0740747)
(-1.64992 1.00001 0.128579)
(-1.66723 0.879938 0.120447)
(1.66718 0.879923 0.120463)
(-1.66522 1.13098 0.508937)
(-1.66944 1.13271 0.372835)
(-1.64109 1.37357 0.498542)
(-1.61016 1.48499 0.495549)
(-1.60823 1.48502 0.379152)
(-1.63869 1.37344 0.375949)
(1.54391 1.51102 0.114227)
(1.5594 1.41225 0.0844961)
(1.66944 1.13271 0.372835)
(1.60823 1.48502 0.379149)
(1.64109 1.37358 0.498549)
(1.63869 1.37344 0.375949)
(-1.54771 1.67117 0.497521)
(-1.54709 1.67069 0.377524)
(1.54728 1.67088 0.377488)
(-1.15632 2.50486 0.373703)
(-1.17484 2.53574 0.457599)
(-1.16427 2.62916 0.468213)
(-1.12463 2.62767 0.380099)
(-1.15214 2.87731 0.49058)
(-1.16047 2.99714 0.489639)
(-1.12983 3.00101 0.383348)
(-1.11056 2.87489 0.385927)
(1.16427 2.62916 0.468213)
(1.17484 2.53574 0.457599)
(1.15632 2.50486 0.373703)
(1.12463 2.62767 0.380099)
(1.12983 3.00101 0.383348)
(1.15214 2.87731 0.49058)
(1.11056 2.87489 0.385927)
(-3.54748 3.53596 0.368008)
(-3.64147 3.36393 0.386033)
(-3.67939 3.37964 0.484762)
(-2.96902 3.49804 0.533765)
(-2.95725 3.37604 0.54307)
(-2.83616 3.36485 0.381356)
(-2.82453 3.46103 0.422902)
(-2.87125 3.50053 0.475489)
(-1.15374 3.46617 0.0929853)
(-1.00329 3.36845 -0.031463)
(-1.12946 3.38053 0.135145)
(-1.17314 3.11133 0.486358)
(-1.14942 3.11925 0.374948)
(1.14942 3.11925 0.374948)
(2.87125 3.50053 0.475489)
(2.82453 3.46103 0.422902)
(2.83616 3.36485 0.381356)
(2.95725 3.37604 0.54307)
(3.50512 3.01215 0.368493)
(3.5418 3.07989 0.319482)
(3.62257 3.12568 0.343909)
(3.61402 2.9686 0.463314)
(3.50919 2.94432 0.447943)
(3.56963 3.55622 0.482474)
(3.67939 3.37964 0.484762)
(3.64147 3.36393 0.386033)
(3.54748 3.53596 0.368008)
(-3.17077 3.9243 0.38619)
(-3.00955 4.00633 0.487237)
(-3.05111 4.04949 0.383063)
(-2.46376 3.86052 0.384022)
(-2.43574 3.94291 0.426381)
(2.87376 3.63154 0.526753)
(3.00955 4.00633 0.487237)
(3.43444 3.67727 0.359604)
(3.43344 3.69127 0.492552)
(3.17077 3.9243 0.38619)
(-2.66806 4.52111 0.371091)
(-2.6862 4.43742 0.438351)
(-2.65624 4.40097 0.491255)
(-2.35911 3.98916 0.383275)
(-2.32018 4.07535 0.419978)
(-2.3664 4.11921 0.494914)
(-2.00792 4.38275 0.365123)
(-1.96997 4.4934 0.401166)
(-2.11616 4.49267 0.509392)
(-2.12051 4.37286 0.467711)
(-2.08417 4.33899 0.410307)
(1.48886 4.37251 0.122664)
(2.00792 4.38275 0.365123)
(2.08417 4.33899 0.410307)
(2.12051 4.37286 0.467711)
(2.11616 4.49267 0.509392)
(1.96997 4.4934 0.401166)
(2.92047 4.13874 -0.0234617)
(2.94066 4.18111 0.0836898)
(2.98723 4.13729 0.126485)
(3.05257 4.04536 0.121334)
(2.93557 4.18021 0.404332)
(2.8878 4.1383 0.494265)
(2.65624 4.40097 0.491255)
(2.6862 4.43742 0.438351)
(2.66806 4.52111 0.371091)
(-2.67548 4.55571 0.125698)
(-2.63397 4.61794 0.129403)
(-2.50554 4.62968 0.469636)
(-2.53803 4.66304 0.411394)
(-2.60027 4.62036 0.367816)
(-1.93965 4.5684 0.428534)
(-1.98924 4.61354 0.493312)
(-2.09924 4.60003 0.539773)
(2.50554 4.62968 0.469636)
(-2.05733 5.43175 -0.0417803)
(-2.12626 5.37722 -0.00475466)
(-2.14028 5.39024 0.130798)
(2.03733 5.37508 0.501043)
(2.06191 5.42563 0.411916)
(2.00915 5.48134 0.376302)
(1.92736 5.55199 0.38096)
(1.88687 5.52931 0.507718)
(-1.62856 5.64606 0.504496)
(-1.51138 5.70117 0.402996)
(-1.62971 5.68256 0.379623)
(-1.36921 5.67922 0.374699)
(-1.12889 5.60142 0.486399)
(-1.00401 5.58075 0.489798)
(-1.00104 5.61427 0.372009)
(-1.12539 5.62995 0.374589)
(-0.550879 5.67801 0.418125)
(-0.628978 5.64774 0.373673)
(-0.631639 5.54174 0.537456)
(0.507315 6.00149 0.125334)
(0.548664 5.88693 0.130719)
(1.00104 5.61427 0.372009)
(0.875812 5.5982 0.368666)
(0.869249 5.5396 0.541826)
(1.12539 5.62995 0.374589)
(1.37443 5.65353 0.489101)
(1.51138 5.70117 0.402996)
(1.36921 5.67922 0.374699)
(1.62971 5.68256 0.379623)
(0.447735 6.38132 0.366177)
(0.473316 6.50524 0.369611)
(0.46345 6.50854 0.487996)
(0.437305 6.45632 0.524706)
(0.418949 6.3698 0.504014)
(0.437743 6.33868 0.411434)
(-0.561371 6.84184 0.363624)
(-0.569354 6.81845 0.453869)
(0.542106 6.99382 0.116209)
(0.512339 6.86933 0.118702)
(0.498883 6.62191 0.372741)
(0.505313 6.61933 0.489919)
(0.569354 6.81845 0.453869)
(0.561371 6.84184 0.363624)
(-0.668701 7.49901 0.0945185)
(-0.661124 7.37566 0.120221)
(0.661124 7.37566 0.120221)
(-0.670797 7.62347 0.09303)
(0.651936 7.87591 0.121229)
(0.599067 7.87667 -5.78681e-06)
(-0.624401 7.99914 0.119797)
(-0.532754 8.15579 0.120813)
(-0.668508 8.03026 0.374111)
(-0.669331 8.04564 0.499896)
(-0.636891 8.12089 0.500214)
(-0.631555 8.11644 0.378572)
(-0.000429364 8.48427 0.500945)
(0.000781764 8.48014 0.386653)
(-0.112139 8.46751 0.387861)
(-0.113087 8.47198 0.50088)
(0.113087 8.47198 0.50088)
(0.112139 8.46751 0.387861)
(0.668508 8.03026 0.374111)
(0.631555 8.11644 0.378572)
(-2.4875 -8.1102 0.624996)
(-2.37456 -8.10458 0.625165)
(-2.37385 -8.11735 0.999938)
(-2.48866 -8.127 1.00021)
(-2.4882 -8.12113 0.87514)
(-2.37388 -8.11158 0.875047)
(-2.01201 -8.08753 0.881641)
(-2.01392 -8.12904 1.00475)
(-2.12651 -8.12758 1.00098)
(-2.13057 -8.09875 0.879719)
(2.4875 -8.1102 0.624996)
(2.37456 -8.10458 0.625165)
(2.12651 -8.12758 1.00098)
(2.01392 -8.12904 1.00475)
(2.01201 -8.08753 0.881641)
(2.13057 -8.09875 0.879719)
(2.4882 -8.12113 0.87514)
(2.48866 -8.127 1.00021)
(2.37385 -8.11735 0.999938)
(2.37388 -8.11158 0.875047)
(-2.6441 -7.9871 0.618865)
(-2.6224 -7.88725 0.625226)
(-2.67001 -7.97912 0.857016)
(-2.58774 -7.84707 1.0101)
(-2.62959 -7.87225 0.86324)
(1.91273 -7.95591 0.61811)
(1.86681 -7.86234 0.624985)
(1.87811 -7.63623 0.619811)
(2.47403 -7.62665 0.620288)
(2.36327 -7.50973 0.614059)
(2.41313 -7.5816 0.658985)
(2.67001 -7.97912 0.857016)
(2.62959 -7.87225 0.86324)
(-1.99498 -7.36708 0.504563)
(-2.12771 -7.32712 0.538994)
(-1.95755 -7.45364 0.534985)
(-2.00397 -4.11909 0.494389)
(-1.86268 -4.12374 0.640969)
(-1.3729 -4.00783 0.658154)
(-1.44464 -4.05268 0.689143)
(-1.48561 -4.13767 0.663973)
(-1.38454 -4.12169 0.597523)
(1.48561 -4.13767 0.663973)
(1.44464 -4.05268 0.689143)
(1.3729 -4.00783 0.658154)
(1.38454 -4.12169 0.597523)
(1.87245 -4.01023 0.656481)
(1.86268 -4.12374 0.640969)
(1.93865 -3.83764 0.551661)
(1.8987 -3.87005 0.619961)
(-1.0136 -3.13139 0.624856)
(-1.9567 -2.62413 0.489766)
(-1.92281 -2.62436 0.675514)
(-1.49857 -2.49942 1.01797)
(-1.60965 -2.49581 0.999968)
(-1.62043 -2.62619 0.972169)
(-1.49613 -2.62244 0.990812)
(-1.37591 -2.62308 0.990859)
(-1.37524 -2.50001 1.01515)
(-0.880605 -2.62122 0.610749)
(0.970912 -2.9998 0.619842)
(0.958395 -2.87755 0.669113)
(0.858918 -2.50117 0.618655)
(0.880605 -2.62122 0.610749)
(1.49857 -2.49942 1.01797)
(1.37524 -2.50001 1.01515)
(1.37591 -2.62308 0.990859)
(1.49613 -2.62244 0.990812)
(1.92851 -2.50072 0.679666)
(1.92281 -2.62436 0.675514)
(1.62043 -2.62619 0.972169)
(1.60965 -2.49581 0.999968)
(-1.49659 -2.38687 1.04193)
(-1.62603 -2.38235 1.01607)
(-0.955832 -2.13015 0.909328)
(-0.945519 -2.00888 0.917438)
(-1.11432 -2.00223 1.019)
(-1.12464 -2.12925 1.00798)
(0.814496 -2.41014 0.539381)
(0.838351 -2.37545 0.629585)
(1.49659 -2.38687 1.04193)
(1.37308 -2.38591 1.03761)
(1.93322 -2.38226 0.684226)
(1.9667 -1.99942 0.613585)
(1.96252 -2.12121 0.612426)
(-1.00483 -1.87114 0.973812)
(-1.11996 -1.8731 1.02866)
(-0.938284 -1.91153 0.924475)
(-0.991216 -1.5036 1.0092)
(-1.08507 -1.50256 1.05434)
(-1.08925 -1.62769 1.04363)
(-0.998724 -1.6262 0.995867)
(-0.857488 -1.62251 0.88913)
(-0.842527 -1.50263 0.902615)
(0.991216 -1.5036 1.0092)
(0.842527 -1.50263 0.902615)
(0.857488 -1.62251 0.88913)
(0.998724 -1.6262 0.995867)
(1.08925 -1.62769 1.04363)
(1.08507 -1.50256 1.05434)
(1.97213 -1.5 0.613634)
(1.9704 -1.625 0.613751)
(-0.987603 -1.37789 1.017)
(-1.08046 -1.38176 1.06037)
(-0.501927 -1.12679 0.623558)
(-0.825101 -1.3867 0.922485)
(-0.965967 -1.1299 1.04767)
(-0.869462 -1.12625 1.01107)
(0.987603 -1.37789 1.017)
(0.825101 -1.3867 0.922485)
(0.95649 -1.03597 1.05796)
(0.871141 -0.999268 1.03161)
(0.869462 -1.12625 1.01107)
(0.965967 -1.1299 1.04767)
(1.9561 -1.01256 0.613921)
(1.96017 -1.12684 0.614697)
(-0.499465 -0.623053 0.894619)
(-0.467992 -0.507066 0.908078)
(-0.613113 -0.502326 1.02665)
(-0.602731 -0.632194 0.992681)
(-0.559681 -0.669822 0.937647)
(0.466231 -1.00563 0.631087)
(0.447772 -0.913474 0.664999)
(0.409597 -0.86747 0.616926)
(0.602731 -0.632194 0.992681)
(0.613113 -0.502326 1.02665)
(0.467992 -0.507066 0.908078)
(0.499465 -0.623053 0.894619)
(0.559681 -0.669822 0.937647)
(-1.65584 0.00227192 0.897739)
(-1.67767 -0.110711 0.915154)
(-1.53136 -0.123396 1.04095)
(-1.50273 0.000419919 1.02908)
(-0.447663 -0.416396 0.924852)
(-0.492267 -0.377488 0.97892)
(-0.614914 -0.377865 1.04328)
(1.50273 0.000419919 1.02908)
(1.53136 -0.123396 1.04095)
(1.67767 -0.110711 0.915154)
(1.65584 0.00227192 0.897739)
(-1.50494 0.126399 1.00083)
(-1.64122 0.121029 0.868802)
(1.50494 0.126399 1.00083)
(1.42537 0.134487 1.05532)
(1.43193 0.0401177 1.06689)
(1.54434 0.385229 0.928728)
(1.5354 0.50367 0.916051)
(1.39785 0.500669 1.02433)
(1.40666 0.376574 1.03294)
(1.64122 0.121029 0.868802)
(-1.6534 0.99759 0.620992)
(-1.65876 0.875062 0.626192)
(1.53044 0.626473 0.909878)
(1.39467 0.624713 1.01985)
(1.52356 0.871981 0.895814)
(1.52515 1.00027 0.870745)
(1.36968 0.998288 1.0012)
(1.36932 0.875294 1.02068)
(1.65912 0.875064 0.626203)
(-1.64785 1.12313 0.614795)
(-1.58605 1.49013 0.615079)
(-1.61626 1.37024 0.610061)
(1.48922 1.12375 0.899826)
(1.43212 1.15882 0.941595)
(1.37728 1.12839 0.984453)
(1.61628 1.37021 0.610016)
(-1.55307 1.53745 0.662464)
(-1.53277 1.62987 0.626846)
(-1.18024 2.99534 0.5907)
(-1.1785 2.87865 0.591087)
(-1.15853 2.87449 1.00052)
(-1.14823 3.00153 1.01229)
(-1.19032 3.00417 0.921339)
(-1.18866 2.90707 0.923193)
(1.1785 2.87865 0.591087)
(1.19032 3.00417 0.921339)
(1.15853 2.87449 1.00052)
(1.18866 2.90707 0.923193)
(3.50232 2.84177 0.596364)
(3.3829 2.84962 0.6335)
(3.37617 2.93332 0.452203)
(4.03536 2.99318 0.998164)
(4.05512 2.88006 0.958526)
(4.01548 2.87398 0.88614)
(3.986 2.99561 0.877655)
(-3.69067 3.41811 0.615487)
(-3.92054 3.13562 0.872713)
(-3.94791 3.04418 0.829141)
(-3.986 2.99561 0.877655)
(-3.09738 3.50858 0.656771)
(-3.07144 3.41782 0.679563)
(-3.01509 3.37824 0.628425)
(-1.18835 3.08148 0.583184)
(-1.14556 3.12594 1.01338)
(-1.19176 3.12506 0.920397)
(-1.14849 3.37377 1.0138)
(-1.18722 3.37289 0.915666)
(1.19176 3.12506 0.920397)
(1.14849 3.37377 1.0138)
(1.18722 3.37289 0.915666)
(3.01509 3.37824 0.628425)
(3.07144 3.41782 0.679563)
(3.94791 3.04418 0.829141)
(3.92054 3.13562 0.872713)
(3.9092 3.16028 1.00059)
(-2.15962 5.00056 0.532831)
(-2.13076 4.88568 0.548493)
(-2.00347 4.84788 0.558358)
(-1.87128 4.83526 0.545064)
(-1.00387 5.00579 1.0359)
(-1.11249 4.99763 1.00304)
(-1.1255 4.88762 1.04224)
(-1.03883 4.91891 1.0587)
(1.72316e-17 5.00996 1.02877)
(-0.120888 5.00831 1.03821)
(-0.0911798 4.92478 1.06685)
(-8.35015e-18 4.93497 1.058)
(0.0911798 4.92478 1.06685)
(0.120888 5.00831 1.03821)
(1.00387 5.00579 1.0359)
(1.03883 4.91891 1.0587)
(1.1255 4.88762 1.04224)
(1.11249 4.99763 1.00304)
(1.87128 4.83526 0.545064)
(2.00347 4.84788 0.558358)
(1.87606 5.01276 0.636786)
(2.13076 4.88568 0.548493)
(-2.14963 5.11566 0.540639)
(-1.87093 5.36423 0.645219)
(-1.88687 5.52931 0.507718)
(-2.03733 5.37508 0.501043)
(-0.99557 5.11199 1.00283)
(-1.11659 5.11689 0.968273)
(-0.626262 5.48548 0.624486)
(-0.494938 5.03898 1.05681)
(-0.500067 5.12096 1.01952)
(-0.625111 5.12123 1.02292)
(-0.621909 5.04904 1.06361)
(2.44552e-17 5.11331 0.993092)
(-0.124868 5.11469 0.996193)
(0.494938 5.03898 1.05681)
(0.500067 5.12096 1.01952)
(0.37498 5.1206 1.01181)
(0.375076 5.0462 1.0442)
(0.872671 5.51411 0.622216)
(0.99557 5.11199 1.00283)
(0.875276 5.11859 1.01333)
(0.875829 5.03654 1.0527)
(1.88067 5.12471 0.650847)
(1.87093 5.36423 0.645219)
(-1.62075 5.54387 0.668101)
(0.502721 5.62901 0.499114)
(0.421129 5.67042 0.543491)
(0.375026 5.62944 0.623568)
(0.407349 5.54112 0.659175)
(0.501686 5.52556 0.626877)
(0.541893 5.56024 0.546165)
(1.38458 5.56482 0.681641)
(-1.73472e-17 6.37712 0.609192)
(-0.124345 6.50026 0.579632)
(-0.123899 6.37581 0.604696)
(0.123899 6.37581 0.604696)
(-0.633494 6.87154 1.00457)
(-0.65466 6.99668 1.00906)
(-0.680958 7.00124 0.873848)
(-0.654665 6.86506 0.881703)
(-0.124343 6.62351 0.572371)
(0.680958 7.00124 0.873848)
(0.633494 6.87154 1.00457)
(0.654665 6.86506 0.881703)
(-0.6851 7.0758 0.5748)
(-0.660489 7.12294 1.01412)
(-0.684521 7.12694 0.903123)
(-0.652012 7.37678 1.01873)
(-0.646184 7.49833 1.01664)
(-0.677441 7.4981 0.909514)
(-0.676167 7.37698 0.905918)
(0.684521 7.12694 0.903123)
(0.677441 7.4981 0.909514)
(0.652012 7.37678 1.01873)
(0.676167 7.37698 0.905918)
(-0.651994 7.62195 1.01697)
(-0.685088 7.62233 0.908945)
(-0.632178 7.87989 1.00493)
(-0.598101 7.99481 0.99569)
(-0.63894 8.00816 0.879066)
(-0.678924 7.87721 0.882689)
(0.685088 7.62233 0.908945)
(0.63894 8.00816 0.879066)
(0.598101 7.99481 0.99569)
(0.632178 7.87989 1.00493)
(0.678924 7.87721 0.882689)
(-0.678027 8.03478 0.626693)
(-0.642038 8.11886 0.625357)
(-0.545698 8.16486 0.913434)
(-0.592431 8.12163 0.870804)
(-0.110998 8.47759 0.62009)
(-0.00125389 8.48852 0.622483)
(0.545698 8.16486 0.913434)
(0.528405 8.13155 1.00097)
(0.547877 8.04359 1.04371)
(0.592431 8.12163 0.870804)
(-2.48774 -8.12696 1.12191)
(-2.37381 -8.1288 1.12381)
(-2.01052 -8.14639 1.12527)
(-2.12567 -8.13986 1.12436)
(2.01052 -8.14639 1.12527)
(2.12567 -8.13986 1.12436)
(2.48774 -8.12696 1.12191)
(2.37381 -8.1288 1.12381)
(-2.57603 -7.89556 1.12427)
(2.41669 -7.80259 1.04886)
(2.37574 -7.83827 1.13712)
(-1.62368 -2.12163 1.04681)
(-1.65366 -2.00635 1.05759)
(1.38342 -1.98641 1.08747)
(1.62368 -2.12163 1.04681)
(-1.6648 -1.91312 1.06984)
(-1.61636 -1.87203 1.08538)
(-1.49872 -1.62488 1.11171)
(-1.61274 -1.50003 1.11607)
(-1.61299 -1.62453 1.1029)
(-1.37623 -1.6249 1.11541)
(1.37829 -1.87257 1.09814)
(1.49872 -1.62488 1.11171)
(1.37601 -1.49997 1.12143)
(1.37623 -1.6249 1.11541)
(1.61299 -1.62453 1.1029)
(-1.61272 -1.375 1.11614)
(-1.49914 -1.12522 1.11663)
(-1.61259 -1.00382 1.11032)
(-1.61362 -1.12525 1.11073)
(-1.37589 -1.12511 1.12332)
(-1.1287 -0.998567 1.10377)
(-1.13522 -1.12015 1.0964)
(1.37572 -1.37486 1.12304)
(1.13522 -1.12015 1.0964)
(1.49914 -1.12522 1.11663)
(1.37579 -1.00022 1.12466)
(1.37589 -1.12511 1.12332)
(1.61362 -1.12525 1.11073)
(-1.62534 -0.877782 1.0976)
(-1.65294 -0.498778 1.0404)
(-1.66635 -0.621728 1.05313)
(-1.48965 -0.625539 1.11403)
(-1.12582 -0.874584 1.10916)
(-1.37492 -0.624753 1.12307)
(-1.00143 -0.624473 1.11513)
(-1.12322 -0.501072 1.13167)
(-1.1237 -0.625755 1.12484)
(-0.888324 -0.620983 1.09988)
(0.844054 -0.880394 1.04355)
(1.00143 -0.624473 1.11513)
(0.884203 -0.498305 1.11397)
(0.888324 -0.620983 1.09988)
(1.3757 -0.875071 1.12514)
(1.1237 -0.625755 1.12484)
(1.48965 -0.625539 1.11403)
(1.37497 -0.500385 1.12138)
(1.37492 -0.624753 1.12307)
(1.66635 -0.621728 1.05313)
(-1.6283 -0.376031 1.03266)
(-1.55545 -0.335547 1.06687)
(-1.12276 -0.376348 1.13751)
(-0.999972 -0.12503 1.14332)
(-1.13236 0.00319594 1.14614)
(-1.13318 -0.125591 1.14614)
(-0.875004 -0.124981 1.13699)
(-0.508429 -0.113385 1.06914)
(-0.62564 0.000666682 1.10829)
(-0.629822 -0.119931 1.09878)
(-0.46101 -0.166408 1.04914)
(-0.371475 -0.160039 1.0292)
(5.55112e-17 -0.116245 1.12261)
(-5.55112e-17 -0.0402756 1.16052)
(-0.12066 -0.0333205 1.15541)
(-0.126869 -0.124399 1.1044)
(0.12066 -0.0333205 1.15541)
(0.126869 -0.124399 1.1044)
(0.508429 -0.113385 1.06914)
(0.377823 0.00566214 1.11231)
(0.371475 -0.160039 1.0292)
(0.46101 -0.166408 1.04914)
(0.878581 -0.37331 1.12142)
(0.629822 -0.119931 1.09878)
(0.999972 -0.12503 1.14332)
(0.874937 -7.1e-05 1.14507)
(0.875004 -0.124981 1.13699)
(1.37264 -0.375236 1.11692)
(1.13318 -0.125591 1.14614)
(1.36707 -0.00257192 1.09641)
(1.36374 -0.127876 1.10834)
(-1.13561 0.124174 1.14675)
(-1.00038 0.374817 1.15627)
(-1.12422 0.499908 1.13377)
(-1.12429 0.375016 1.139)
(-0.625355 0.124699 1.12467)
(-0.875725 0.374282 1.1669)
(0.383508 0.116868 1.16273)
(0.875005 0.124968 1.15767)
(1.00037 0.374809 1.15627)
(0.878813 0.496427 1.1652)
(0.875725 0.374281 1.1669)
(1.12427 0.374996 1.13901)
(-1.12386 0.624295 1.12601)
(-1.00811 0.874857 1.14371)
(-1.11416 0.999862 1.10835)
(-1.11689 0.873741 1.11314)
(-0.911144 0.871401 1.17488)
(0.884002 0.618265 1.16808)
(1.00884 0.874884 1.14868)
(0.913176 0.998613 1.1821)
(0.911651 0.876729 1.18145)
(1.12203 0.873602 1.11578)
(-1.114 1.12516 1.1046)
(-1.02865 1.37799 1.15348)
(-1.03472 1.50021 1.1577)
(-1.12055 1.5 1.11556)
(-1.1184 1.37475 1.10915)
(0.0241906 1.50336 1.43203)
(-0.11647 1.37759 1.45043)
(0.917556 1.11863 1.18517)
(1.02865 1.37799 1.15348)
(1.1184 1.37475 1.10915)
(-1.0391 1.62496 1.1621)
(-1.12095 1.62508 1.12234)
(-1.03366 1.875 1.16375)
(-1.0336 1.9987 1.16255)
(-1.13678 1.99765 1.10473)
(-1.11867 1.87114 1.12038)
(-0.00327766 1.62406 1.41801)
(1.03366 1.875 1.16375)
(1.11866 1.87114 1.12039)
(-1.17398 2.1347 1.0485)
(-1.18161 2.0351 1.05487)
(-1.03205 2.12419 1.16564)
(-1.1723 2.50126 1.04891)
(-1.17319 2.3733 1.04446)
(-1.04101 2.37337 1.17678)
(-1.04105 2.49673 1.17367)
(-0.364697 2.38549 1.45528)
(-0.370303 2.50467 1.47745)
(-0.48981 2.51034 1.45505)
(-0.537991 2.46536 1.43128)
(-0.508944 2.37027 1.42288)
(-0.411187 2.34042 1.4399)
(0 2.49879 1.4876)
(-0.122623 2.49671 1.50014)
(-0.12405 2.3753 1.47881)
(0.00189495 2.37553 1.46387)
(0.12405 2.3753 1.47881)
(0.122623 2.49671 1.50014)
(0.508944 2.37027 1.42288)
(0.537991 2.46536 1.43128)
(0.48981 2.51034 1.45505)
(0.370303 2.50467 1.47745)
(0.364697 2.38549 1.45528)
(0.411187 2.34042 1.4399)
(1.04101 2.37337 1.17678)
(1.17319 2.3733 1.04446)
(-4.05512 2.88006 0.958526)
(-4.12941 2.86088 1.14001)
(-3.35017 2.88157 0.992495)
(-3.46388 2.88051 1.15779)
(-1.17488 2.63071 1.0253)
(-1.04666 2.62492 1.17126)
(-1.0519 2.87317 1.17605)
(-1.05271 2.99953 1.16736)
(-0.614611 2.99967 1.49588)
(-0.612867 2.8754 1.48765)
(-0.502181 2.87205 1.52441)
(0 2.61728 1.51487)
(-0.120196 2.61678 1.52319)
(-0.377841 2.87034 1.5524)
(0.494123 2.63037 1.47863)
(0.377998 2.62172 1.50077)
(0.508487 2.9931 1.54313)
(0.409562 2.96509 1.56425)
(0.377841 2.87034 1.5524)
(0.502181 2.87205 1.52441)
(0.629279 2.49681 1.40872)
(0.658154 2.59023 1.42232)
(0.610401 2.63611 1.44935)
(0.612867 2.8754 1.48765)
(0.614611 2.99967 1.49588)
(1.0519 2.87317 1.17605)
(3.34404 2.99899 1.03011)
(3.35017 2.88157 0.992495)
(3.46388 2.88051 1.15779)
(-3.57706 3.05216 1.19396)
(-3.61904 3.12373 1.16698)
(-1.05258 3.12524 1.16965)
(-1.09841 3.50344 1.12465)
(-1.05881 3.36762 1.17597)
(-1.06431 3.46474 1.18063)
(-0.618513 3.12443 1.51389)
(-0.497681 3.49451 1.53414)
(-0.62491 3.49563 1.50311)
(-0.621788 3.37642 1.51188)
(-0.532416 3.37861 1.54716)
(0.497681 3.49451 1.53414)
(0.532416 3.37861 1.54716)
(0.621788 3.37642 1.51188)
(0.62491 3.49563 1.50311)
(1.06431 3.46474 1.18063)
(1.05881 3.36762 1.17597)
(3.38068 3.1256 1.02503)
(3.46063 3.16695 1.05549)
(3.86848 3.15219 1.11835)
(4.03124 3.02915 1.1253)
(-1.10192 3.62996 1.11627)
(-1.16569 3.99465 1.13425)
(-1.17776 3.96372 1.0374)
(-1.15917 3.87126 1.02705)
(-1.1491 3.87258 1.13116)
(-0.502906 3.62599 1.54702)
(-0.628194 3.59582 1.53246)
(-0.496147 4.01035 1.51478)
(-0.624547 4.00504 1.53235)
(-0.627377 3.91006 1.56187)
(-0.496975 3.87805 1.55801)
(0.00171313 3.53816 1.57065)
(0.0016104 3.64658 1.54078)
(-0.126067 3.64509 1.537)
(-0.12307 3.54062 1.56914)
(-0.363489 3.87935 1.52059)
(-0.375742 3.99634 1.49373)
(0 4.03204 1.41589)
(-0.119631 4.03468 1.41925)
(-0.12577 3.86483 1.47012)
(0 3.86319 1.47253)
(0.502906 3.62599 1.54702)
(0.373736 3.63158 1.53797)
(0.375954 3.53096 1.55308)
(0.119631 4.03468 1.41925)
(0.12577 3.86483 1.47012)
(0.496147 4.01035 1.51478)
(0.375742 3.99634 1.49373)
(0.363489 3.87935 1.52059)
(0.496975 3.87805 1.55801)
(0.627377 3.91006 1.56187)
(0.624547 4.00504 1.53235)
(1.04695 3.87873 1.4165)
(1.03208 3.99813 1.40916)
(0.859933 3.99084 1.50758)
(0.87259 3.88186 1.54631)
(1.15917 3.87126 1.02705)
(1.17776 3.96372 1.0374)
(1.16569 3.99465 1.13425)
(1.1491 3.87258 1.13116)
(-0.50194 4.12012 1.46808)
(-0.624948 4.10846 1.48389)
(0.50194 4.12012 1.46808)
(0.461238 4.17323 1.43711)
(0.368565 4.16093 1.42343)
(0.992074 4.12481 1.40254)
(0.881564 4.16268 1.43105)
(-0.625067 4.8709 1.15353)
(-0.499922 4.8706 1.13658)
(-0.375062 4.86811 1.12123)
(-0.375076 5.0462 1.0442)
(0.375062 4.86811 1.12123)
(0.499922 4.8706 1.13658)
(0.625067 4.8709 1.15353)
(0.621909 5.04904 1.06361)
(0.870688 4.86554 1.13835)
(0.992758 4.86881 1.0986)
(-0.624689 6.99999 1.12066)
(-0.59975 6.87728 1.12036)
(-0.0119815 6.88677 1.35577)
(0.59975 6.87728 1.12036)
(-0.630641 7.12093 1.12215)
(-0.61409 7.50459 1.11805)
(0.00574 7.49585 1.52656)
(-0.108681 7.50378 1.51104)
(-0.119731 7.3724 1.47177)
(-0.00296622 7.37517 1.50855)
(0.119731 7.3724 1.47177)
(0.108681 7.50378 1.51104)
(-0.610589 7.62272 1.11824)
(-0.547629 7.88204 1.16044)
(-0.00381513 7.62831 1.52897)
(-0.110528 7.62423 1.51377)
(0.505202 8.00505 1.12861)
(0.547629 7.88204 1.16044)
(0.428423 8.05167 1.18539)
(0.386282 8.13536 1.15816)
(-0.122081 2.84092 1.56792)
(0 2.84259 1.5598)
(-0.124471 3.01164 1.59623)
(0.122081 2.84092 1.56792)
(3.83099 2.61202 1.53261)
(3.86465 2.52443 1.49658)
(3.96356 2.49616 1.62339)
(3.94799 2.60391 1.66665)
(-0.124892 3.1263 1.61077)
(-0.125026 3.36302 1.60602)
(-2.77556e-17 3.36335 1.60124)
(0.125026 3.36302 1.60602)
(0.12307 3.54062 1.56914)
(0.36195 3.36194 1.59561)
(-0.24701 0.125682 -0.879569)
(-0.371296 0.12148 -0.919506)
(-0.34379 0.246991 -0.933929)
(-0.243104 0.244381 -0.902431)
(-0.238901 -0.0202524 -0.799195)
(-0.325902 -0.0547679 -0.820075)
(-0.376505 -0.00188337 -0.862954)
(-0.186049 0.0747757 -0.80995)
(0.243104 0.244381 -0.902431)
(0.24701 0.125682 -0.879569)
(0.186049 0.0747757 -0.80995)
(0.117787 0.117873 -0.755333)
(0.097567 0.251783 -0.770874)
(1.0433 -0.0397083 -0.81894)
(0.993642 0.00505212 -0.849447)
(0.985988 0.128853 -0.883894)
(1.16349 0.122992 -0.795342)
(1.13178 -0.00293997 -0.787101)
(-0.748434 0.500421 -0.995691)
(-0.748973 0.622962 -0.999756)
(-0.863681 0.738205 -0.955447)
(-0.992816 0.751139 -0.896642)
(-0.915583 0.784977 -0.927002)
(-0.749101 0.73501 -0.965459)
(-0.257064 0.625554 -0.906554)
(-0.373715 0.751588 -0.908139)
(-0.26374 0.745627 -0.873394)
(-0.491349 0.783005 -0.934349)
(0.257064 0.625554 -0.906554)
(0.0839918 0.624912 -0.790482)
(0.089949 0.747409 -0.786385)
(0.26374 0.745627 -0.873394)
(0.748434 0.500421 -0.995691)
(0.748973 0.622962 -0.999756)
(0.625806 0.743247 -0.966116)
(0.491349 0.783005 -0.934349)
(0.588049 0.795495 -0.945016)
(0.749101 0.73501 -0.965459)
(1.18025 0.631289 -0.803868)
(1.18742 0.502836 -0.812546)
(1.02767 0.50211 -0.919953)
(1.02391 0.629151 -0.912381)
(-2.24156 -7.76558 -0.473134)
(-2.23866 -7.8755 -0.501839)
(-2.4348 -7.86543 -0.43033)
(-2.40924 -7.75086 -0.417333)
(-2.52807 -7.74866 -0.241693)
(-2.54688 -7.87134 -0.275893)
(2.2406 -7.98537 -0.492154)
(2.23866 -7.8755 -0.501839)
(2.13891 -7.76217 -0.451683)
(2.02023 -7.74686 -0.372522)
(2.09764 -7.71434 -0.41777)
(1.93468 -8.00637 -0.250451)
(1.93661 -7.86577 -0.275759)
(2.24156 -7.76558 -0.473134)
(1.95018 -7.74978 -0.252026)
(-2.25005 -7.37886 -0.385573)
(-2.35983 -7.373 -0.353855)
(-2.34837 -7.24962 -0.347013)
(-2.25014 -7.25018 -0.369735)
(-2.41183 -7.36836 -0.288391)
(-2.40622 -7.24949 -0.282945)
(2.25005 -7.37886 -0.385573)
(2.08203 -7.36771 -0.296042)
(2.09021 -7.24973 -0.289132)
(2.25014 -7.25018 -0.369735)
(-2.24118 -6.87304 -0.365782)
(-2.37778 -6.87299 -0.246862)
(-2.37624 -6.74973 -0.246078)
(-2.23898 -6.74929 -0.375366)
(2.24118 -6.87304 -0.365782)
(2.12694 -6.87864 -0.352846)
(2.13934 -6.74571 -0.373835)
(2.23898 -6.74929 -0.375366)
(-2.23822 -6.37508 -0.386974)
(-2.3881 -6.375 -0.238535)
(-2.38729 -6.24992 -0.238346)
(-2.23868 -6.25042 -0.392065)
(-1.83965 -6.37838 -0.245009)
(-1.88247 -6.50857 -0.251031)
(-1.93269 -6.54275 -0.306029)
(-2.00022 -6.50843 -0.365799)
(-1.98716 -6.38644 -0.389018)
(2.23834 -6.37536 -0.388146)
(2.12589 -6.37487 -0.421224)
(2.12249 -6.2659 -0.438602)
(2.2391 -6.25201 -0.399243)
(-2.27038 -5.87224 -0.397594)
(-2.38457 -5.87519 -0.236935)
(-2.38399 -5.75014 -0.237045)
(-2.27641 -5.74984 -0.401357)
(-1.72898 -5.87737 -0.369482)
(-1.77792 -5.99654 -0.365723)
(-1.9999 -5.75235 -0.527229)
(-1.87893 -5.75288 -0.535713)
(-1.75324 -5.75789 -0.48632)
(-1.70766 -5.78903 -0.40833)
(-1.7227 -6.00134 -0.249091)
(-1.70764 -5.91754 -0.290421)
(1.72908 -5.87755 -0.369485)
(1.70763 -5.91758 -0.290349)
(1.66983 -5.86225 -0.24083)
(1.62393 -5.74736 -0.244096)
(1.65399 -5.74588 -0.363702)
(1.70766 -5.78903 -0.40833)
(2.27296 -5.87485 -0.398093)
(2.26986 -5.99721 -0.397428)
(1.99992 -5.75237 -0.527223)
(2.11263 -5.75031 -0.497851)
(2.27644 -5.75007 -0.401292)
(-2.40533 -5.37769 -0.252798)
(-2.40549 -5.24666 -0.25328)
(-2.30975 -5.25073 -0.439083)
(-2.30552 -5.38289 -0.432402)
(1.52592 -5.25058 -0.49445)
(1.57595 -5.29031 -0.541904)
(1.45706 -5.25588 -0.37937)
(1.50899 -5.48253 -0.249768)
(1.46402 -5.38016 -0.250221)
(1.43016 -5.28453 -0.261376)
(2.30552 -5.38289 -0.432402)
(2.29413 -5.50575 -0.420838)
(2.30975 -5.25073 -0.439083)
(2.1578 -5.25127 -0.55925)
(-2.28798 -4.86933 -0.419118)
(-2.39609 -4.87488 -0.236372)
(-2.37486 -4.75439 -0.23459)
(-2.27908 -4.75555 -0.402045)
(-1.35591 -4.75004 -0.363849)
(-1.47515 -4.75251 -0.527587)
(-1.33504 -4.87674 -0.249236)
(-1.34902 -4.99738 -0.245816)
(2.28798 -4.86933 -0.419118)
(2.30784 -4.99817 -0.432877)
(2.12169 -4.74634 -0.532604)
(2.27908 -4.75555 -0.402045)
(-1.74692 -4.47179 -0.563645)
(-1.74884 -4.37094 -0.537527)
(-1.87026 -4.25438 -0.473931)
(-2.00279 -4.24163 -0.411602)
(-1.91611 -4.20669 -0.443698)
(-1.74365 -4.25648 -0.504088)
(-1.51001 -4.25244 -0.461312)
(-1.46119 -4.21219 -0.42906)
(-1.39404 -4.24803 -0.376836)
(-1.32694 -4.37589 -0.301012)
(-1.32602 -4.50048 -0.299543)
(1.74692 -4.47179 -0.563645)
(1.74884 -4.37094 -0.537527)
(1.51001 -4.25244 -0.461312)
(1.62781 -4.25321 -0.501126)
(1.74365 -4.25648 -0.504088)
(-1.91058 -3.8634 -0.285849)
(-1.87457 -3.74483 -0.251112)
(-1.79033 -3.71107 -0.301377)
(-1.741 -3.75506 -0.341477)
(-1.73819 -3.879 -0.390881)
(1.73819 -3.879 -0.390881)
(1.62447 -3.87173 -0.400562)
(1.61948 -3.7555 -0.373035)
(1.741 -3.75506 -0.341477)
(-1.25591 -2.36967 -0.35986)
(-1.37466 -2.37437 -0.365044)
(-1.37428 -2.25064 -0.387945)
(-1.25129 -2.24965 -0.38982)
(1.25591 -2.36967 -0.35986)
(1.13654 -2.36693 -0.33373)
(1.13628 -2.24437 -0.364932)
(1.25129 -2.24965 -0.38982)
(1.65602 -2.37502 -0.282002)
(1.65207 -2.5001 -0.277867)
(1.48901 -2.49968 -0.347106)
(1.48803 -2.37498 -0.359011)
(-1.25326 -1.86155 -0.467823)
(-1.25656 -2.02971 -0.439652)
(-1.36343 -1.74854 -0.477877)
(-1.54134 -1.75007 -0.413383)
(-1.25014 -1.74811 -0.484761)
(1.25014 -1.74811 -0.484761)
(1.25326 -1.86155 -0.467823)
(1.13726 -1.86255 -0.453197)
(1.13562 -1.74418 -0.476611)
(1.68999 -1.90948 -0.308931)
(1.62711 -1.87755 -0.35619)
(1.61888 -1.74627 -0.37635)
(1.75497 -1.74654 -0.25337)
(1.75025 -1.87795 -0.25015)
(1.68438 -2.00695 -0.306806)
(1.49525 -2.00165 -0.404866)
(1.53079 -1.87107 -0.40346)
(-1.2498 -1.49999 -0.518731)
(-1.2502 -1.37552 -0.531582)
(-1.48806 -1.24954 -0.477382)
(-1.37456 -1.25015 -0.527323)
(-1.25073 -1.25257 -0.546362)
(-0.74653 -1.38009 -0.36234)
(-0.821416 -1.28793 -0.433008)
(-0.755803 -1.24876 -0.395981)
(-1.00367 -1.24987 -0.53087)
(-0.878471 -1.25271 -0.477426)
(-0.711105 -1.50449 -0.286154)
(-0.69005 -1.41556 -0.291653)
(0.667298 -1.24254 -0.335301)
(0.755803 -1.24876 -0.395981)
(0.74653 -1.38009 -0.36234)
(0.69005 -1.41556 -0.291653)
(0.655643 -1.37389 -0.242253)
(0.624843 -1.24892 -0.242531)
(1.2498 -1.49999 -0.518731)
(1.2502 -1.37552 -0.531582)
(1.00367 -1.24987 -0.53087)
(1.12482 -1.25555 -0.558805)
(1.25073 -1.25257 -0.546362)
(1.6363 -1.24959 -0.386345)
(1.76884 -1.25014 -0.246554)
(1.7747 -1.37487 -0.246757)
(1.48806 -1.24954 -0.477382)
(-1.27424 -0.998374 -0.564686)
(-1.2783 -0.876693 -0.56981)
(-1.50228 -0.754238 -0.484945)
(-1.38111 -0.752273 -0.530022)
(-1.2904 -0.747635 -0.56333)
(-0.747769 -0.878981 -0.484879)
(-0.694866 -0.918366 -0.439261)
(-0.701537 -1.0051 -0.417174)
(-0.743865 -0.756148 -0.535491)
(-0.838345 -0.788949 -0.551533)
(0.619619 -1.0077 -0.366521)
(0.579375 -1.03592 -0.282235)
(0.540144 -0.991159 -0.236429)
(0.497512 -0.876618 -0.245638)
(0.623099 -0.880003 -0.403398)
(1.732 -0.752793 -0.250843)
(1.74192 -0.877786 -0.246797)
(1.62481 -0.755628 -0.37484)
(1.68363 -0.716241 -0.314419)
(1.50228 -0.754238 -0.484945)
(1.56107 -0.711267 -0.431944)
(1.74802 -0.999341 -0.250938)
(-1.29149 -0.505171 -0.560452)
(-1.30199 -0.421227 -0.572511)
(-1.53816 -0.250133 -0.411253)
(-1.41798 -0.249828 -0.542446)
(-0.336091 -0.411725 -0.531151)
(-0.237974 -0.388855 -0.51213)
(-0.20459 -0.417084 -0.40856)
(-0.264593 -0.487485 -0.364116)
(0.0940855 -0.282507 -0.374427)
(0.157016 -0.369082 -0.368821)
(0.105225 -0.369249 -0.246781)
(0.0678176 -0.306714 -0.297252)
(-1.43024 0.252815 -0.547369)
(-1.53493 0.248873 -0.377035)
(1.56881 0.28482 -0.301807)
(1.5982 0.246802 -0.247692)
(1.61301 0.121118 -0.23794)
(1.53636 0.124006 -0.397475)
(1.53493 0.248873 -0.377035)
(-1.39657 0.749678 -0.497214)
(-1.46366 0.746362 -0.366812)
(-1.42798 0.787059 -0.418854)
(-1.54999 0.503797 -0.288339)
(-1.53305 0.621595 -0.28451)
(-1.52166 0.748875 -0.250524)
(-1.34408 1.24843 -0.372118)
(-1.37964 1.12215 -0.373162)
(-1.41879 1.13087 -0.298321)
(-1.40422 1.24592 -0.28256)
(-1.30512 1.03809 -0.545331)
(-1.34098 0.997765 -0.49349)
(-1.40201 1.00109 -0.378202)
(-1.29174 1.12842 -0.531379)
(-1.25529 1.25953 -0.504754)
(-1.30498 1.28988 -0.421454)
(-0.75127 1.54323 -0.547292)
(-0.745671 1.6183 -0.495618)
(-0.250045 1.53919 -0.536931)
(-0.249999 1.62067 -0.498238)
(-0.501118 1.78195 -0.410231)
(-0.377676 1.78542 -0.418483)
(-0.248168 1.78779 -0.426113)
(0.250045 1.53919 -0.536931)
(0.249999 1.62067 -0.498386)
(-1.90032e-17 1.79307 -0.41553)
(0.125063 1.79437 -0.416868)
(0.248987 1.78798 -0.426738)
(0.75127 1.54323 -0.547292)
(0.745678 1.61831 -0.493923)
(0.500786 1.78018 -0.407986)
(0.624758 1.77933 -0.404878)
(0.747502 1.77178 -0.396057)
(1.0364 1.78848 -0.291243)
(1.12493 1.75002 -0.275218)
(1.16617 1.67865 -0.308193)
(1.12487 1.62829 -0.363079)
(1.0064 1.63275 -0.412987)
(0.993535 1.74076 -0.341649)
(-0.374625 3.76328 -0.367408)
(-0.253982 3.76376 -0.350819)
(-0.246342 3.59286 -0.309117)
(-0.375449 3.55889 -0.315838)
(0.129405 3.75986 -0.330049)
(0.253982 3.76376 -0.350819)
(0.246342 3.59286 -0.309117)
(0.121163 3.61972 -0.29764)
(0.0868722 3.70855 -0.308021)
(-0.74873 4.12405 -0.391427)
(-0.868917 4.12746 -0.381997)
(-0.876912 4.22749 -0.409711)
(-0.754126 4.24347 -0.420846)
(0.124649 4.12221 -0.404132)
(0.123588 4.24462 -0.424707)
(0.74873 4.12405 -0.391427)
(0.625342 4.12237 -0.404824)
(0.624597 4.24434 -0.425892)
(0.754126 4.24347 -0.420846)
(-1.86177 4.76322 -0.348216)
(-1.74869 4.76162 -0.353954)
(-1.7517 4.58937 -0.281069)
(-1.8733 4.58775 -0.287121)
(-0.749772 4.50085 -0.466685)
(-0.749817 4.62345 -0.509256)
(-1.009 4.7398 -0.557335)
(-0.867508 4.71137 -0.563033)
(-0.74871 4.73643 -0.555344)
(-0.250362 4.50159 -0.476467)
(-0.25004 4.62503 -0.492203)
(-0.499696 4.74988 -0.502276)
(-0.374998 4.74999 -0.517281)
(-0.249993 4.74999 -0.508468)
(0.250362 4.50159 -0.476467)
(0.25004 4.62503 -0.492203)
(4.39612e-17 4.75001 -0.476289)
(0.124997 4.74999 -0.493819)
(0.249993 4.74999 -0.508468)
(0.749772 4.50085 -0.466685)
(0.749817 4.62345 -0.509256)
(0.499696 4.74988 -0.502276)
(0.623445 4.74981 -0.507352)
(0.74871 4.73643 -0.555344)
(1.24207 4.62751 -0.461858)
(1.29853 4.58803 -0.423563)
(1.28622 4.50156 -0.40652)
(1.009 4.7398 -0.557335)
(1.12615 4.75026 -0.529852)
(1.23938 4.75518 -0.483703)
(1.62453 4.75816 -0.356451)
(1.74869 4.76162 -0.353954)
(1.7517 4.58937 -0.281069)
(1.63003 4.59826 -0.271678)
(-1.75312 5.12414 -0.405067)
(-1.85959 5.12056 -0.374238)
(-1.87251 5.25227 -0.364027)
(-1.74555 5.24372 -0.400474)
(-2.03922 4.99938 -0.313917)
(-2.03975 5.12586 -0.305142)
(-1.86218 4.99956 -0.370582)
(-1.24994 5.00095 -0.512607)
(-1.25024 5.12464 -0.511121)
(-1.4877 5.23827 -0.453788)
(-1.37006 5.23671 -0.473702)
(-1.2484 5.24063 -0.492534)
(-0.999585 5.25049 -0.520122)
(-0.874878 5.25372 -0.528475)
(-0.876309 5.14784 -0.549366)
(-0.995687 5.12628 -0.548702)
(-0.749651 5.25157 -0.517939)
(-0.747773 5.11681 -0.534875)
(-0.25 5 -0.522568)
(-0.249981 5.12505 -0.515172)
(-0.499914 5.25018 -0.508287)
(-0.374972 5.25018 -0.523113)
(-0.2501 5.24984 -0.507855)
(0.25 5 -0.522568)
(0.249981 5.12505 -0.515172)
(0 5.24898 -0.487713)
(0.125142 5.24932 -0.496946)
(0.2501 5.24984 -0.507855)
(0.710271 5.00246 -0.553251)
(0.747773 5.11681 -0.534875)
(0.499914 5.25018 -0.508287)
(0.625092 5.24988 -0.498097)
(0.749651 5.25157 -0.517939)
(1.24994 5.00095 -0.512607)
(1.25024 5.12464 -0.511121)
(0.999585 5.25049 -0.520122)
(1.12317 5.24609 -0.507693)
(1.2484 5.24063 -0.492534)
(1.75312 5.12414 -0.405067)
(1.63884 5.26021 -0.429222)
(1.74555 5.24372 -0.400474)
(1.4877 5.23827 -0.453788)
(1.53515 5.28894 -0.440705)
(-1.37128 5.62841 -0.244022)
(-1.37161 5.49194 -0.381787)
(-1.49807 5.50076 -0.359698)
(-1.54367 5.55066 -0.308696)
(-1.49814 5.60275 -0.253203)
(-0.750814 5.77831 -0.240916)
(-0.751788 5.62227 -0.403947)
(-0.882033 5.62944 -0.366695)
(-0.919044 5.67853 -0.297409)
(-0.874797 5.71963 -0.240787)
(-0.242928 5.6368 -0.420612)
(-0.370877 5.74134 -0.383974)
(-0.253751 5.73716 -0.376981)
(-0.210638 5.54505 -0.44277)
(-0.25042 5.49349 -0.466246)
(0.242928 5.6368 -0.420612)
(0.124071 5.6312 -0.393478)
(0.126478 5.74368 -0.341877)
(0.253751 5.73716 -0.376981)
(0.751788 5.62227 -0.403947)
(0.630518 5.79863 -0.289582)
(0.750814 5.77831 -0.240916)
(0.788474 5.54713 -0.434502)
(0.748929 5.49273 -0.46408)
(0.542754 5.81294 -0.308243)
(0.505113 5.75722 -0.364904)
(0.126594 7.08732 -0.302098)
(0.123849 7.25537 -0.368018)
(0.245906 7.25676 -0.341556)
(0.290451 7.21164 -0.300919)
(0.251756 7.11993 -0.284368)
(-0.24063 7.62646 -0.36911)
(-0.406945 7.62577 -0.286313)
(-0.401926 7.747 -0.283944)
(-0.237784 7.74179 -0.355394)
(0.24063 7.62646 -0.36911)
(0.127906 7.62444 -0.386906)
(0.123656 7.74871 -0.369695)
(0.237784 7.74179 -0.355394)
(-2.58241 -8.082 0.499923)
(-2.58425 -8.08379 0.375318)
(2.58425 -8.08379 0.375318)
(2.58241 -8.082 0.499923)
(-1.91263 -7.74887 0.125685)
(-1.9168 -7.75232 0.00482263)
(-1.9165 -7.86348 0.249797)
(-1.93651 -7.9447 0.24955)
(-2.00587 -8.02 0.250224)
(2.55918 -7.71039 -0.00211789)
(2.56281 -7.70959 0.123806)
(2.60506 -7.88562 0.250539)
(2.60397 -7.98654 0.254034)
(-2.5436 -7.24987 0.000401643)
(-2.51922 -7.25243 0.120833)
(-2.51464 -7.50126 0.24636)
(-2.49517 -7.38059 0.238619)
(-2.46791 -7.24989 0.244623)
(-1.91961 -7.38527 0.246845)
(-1.90506 -7.50412 0.249721)
(-2.41141 -6.75102 0.164314)
(-2.38054 -6.87675 0.245231)
(-2.35674 -6.74767 0.252168)
(-2.4504 -6.75193 -8.60832e-05)
(-1.87026 -6.74735 -0.00271513)
(-1.90237 -6.75179 0.12058)
(-1.9359 -6.78954 0.17813)
(1.97686 -7.00066 0.245843)
(1.98788 -6.87722 0.247602)
(1.97288 -6.7528 0.247945)
(1.9359 -6.78954 0.17813)
(-2.29126 -6.25066 0.298541)
(-2.40701 -6.24908 0.134608)
(-2.40929 -6.37325 0.133276)
(-2.29199 -6.37462 0.29651)
(-1.95963 -6.3826 0.295722)
(-1.96571 -6.5009 0.287836)
(-2.39624 -5.75173 0.134662)
(-2.39755 -5.87371 0.135511)
(-2.29606 -5.87432 0.291567)
(-2.29653 -5.75161 0.29159)
(-2.29757 -5.99929 0.292861)
(-2.40034 -5.99863 0.136804)
(-1.71406 -5.881 0.126597)
(-1.70841 -5.75227 0.169675)
(-1.76403 -5.75504 0.251674)
(-1.8212 -5.79088 0.305751)
(-1.83472 -5.8822 0.29276)
(-1.70513 -6.01003 0.00663296)
(-1.68949 -5.91103 0.0352881)
(-1.7325 -5.99865 0.11279)
(-1.84646 -5.99774 0.277591)
(-2.41792 -5.24999 0.110361)
(-2.40497 -5.37621 0.141599)
(-2.30649 -5.37701 0.301086)
(-2.3018 -5.24678 0.298066)
(1.57242 -5.29181 0.175428)
(1.65252 -5.37482 0.245034)
(1.60887 -5.24737 0.242105)
(1.51682 -5.25435 0.123746)
(1.45713 -5.25938 0.00539364)
(-2.36498 -4.75411 0.110244)
(-2.38412 -4.8752 0.111717)
(-2.28191 -4.87511 0.280831)
(-2.27641 -4.75285 0.27344)
(-1.34094 -4.75158 0.124908)
(-1.31662 -4.76533 0.0108955)
(-1.47067 -4.87544 0.278136)
(-1.50237 -5.00167 0.246091)
(-1.45352 -4.79392 0.301643)
(-1.3948 -4.75403 0.245908)
(-1.25288 -4.2497 0.244637)
(-1.29078 -4.36631 0.240792)
(-1.26828 -4.36989 0.119279)
(-1.23644 -4.25508 0.123558)
(-1.26716 -4.49383 -0.00454741)
(-1.25011 -4.37435 -0.00017135)
(-1.2888 -4.49161 0.116554)
(-1.23166 -4.25222 0.000341539)
(-1.33311 -4.51071 0.259349)
(-1.30593 -4.5362 0.162283)
(-1.313 -4.41679 0.292629)
(2.22762 -4.3735 0.246964)
(2.28159 -4.37398 0.124518)
(2.24544 -4.26422 0.115192)
(2.1616 -4.24728 0.289803)
(2.17819 -4.33599 0.301809)
(2.25928 -4.26224 0.00393723)
(2.29176 -4.33592 0.00130981)
(2.26326 -4.50125 0.242353)
(2.2951 -4.49575 0.168661)
(1.06786 -3.76151 0.125626)
(1.10673 -3.87563 0.126029)
(1.09047 -3.87823 0.249011)
(1.06548 -3.78143 0.246188)
(2.05059 -3.73726 -0.00788983)
(2.04459 -3.72592 0.122628)
(2.08866 -3.88401 0.241004)
(2.1235 -4.00349 0.235305)
(-1.92084 -3.24913 -0.0308792)
(-1.96677 -3.25446 0.137909)
(-2.00585 -3.49979 0.249392)
(-1.99104 -3.37533 0.249633)
(-1.97335 -3.25123 0.250476)
(1.01381 -3.25593 0.000194122)
(1.06097 -3.29003 -0.0619425)
(0.970475 -3.2503 0.128592)
(1.01962 -3.49692 0.24805)
(0.997969 -3.37455 0.249868)
(0.976286 -3.25412 0.250119)
(-1.92117 -2.75265 0.114031)
(-1.9229 -2.87203 0.113829)
(-1.94086 -2.87049 0.213947)
(-1.93921 -2.75353 0.213982)
(-0.841927 -2.75627 0.125705)
(-0.8643 -2.74615 0.0112292)
(-0.882525 -2.87339 0.250422)
(-0.910472 -2.98501 0.250525)
(-1.95539 -2.24995 0.260249)
(-1.93149 -2.2501 0.0674028)
(-1.92588 -2.37503 0.0729)
(-1.95243 -2.37432 0.260429)
(-0.728512 -2.25109 0.249932)
(-0.760232 -2.37317 0.249214)
(-0.756731 -2.37335 0.12652)
(-0.728145 -2.25088 0.125544)
(-0.803699 -2.48548 0.0147899)
(-0.778894 -2.37024 0.0134756)
(-0.781353 -2.48643 0.129247)
(-0.751417 -2.25002 0.0126727)
(-0.790595 -2.48715 0.246333)
(-1.95403 -2.00065 0.260563)
(-1.9531 -1.87856 0.261451)
(-1.92305 -1.8777 0.0777673)
(-1.92739 -1.99988 0.0712284)
(-1.95009 -1.75581 0.261803)
(-1.93974 -1.71638 0.21058)
(-1.92334 -1.74211 0.111721)
(0.607186 -1.75461 0.125812)
(0.611095 -1.75497 0.250386)
(0.66454 -1.86494 0.0100385)
(0.693403 -1.90913 -0.0378661)
(0.703406 -2.01094 -0.00709303)
(-1.90057 -1.24952 0.118954)
(-1.90432 -1.375 0.11631)
(-1.92665 -1.37436 0.21843)
(-1.92328 -1.25216 0.222237)
(0.514622 -1.24644 0.010219)
(0.483742 -1.25575 0.125733)
(0.541989 -1.48722 0.246879)
(0.512669 -1.37378 0.24953)
(0.481434 -1.25851 0.249925)
(-1.87096 -0.750302 0.124274)
(-1.87787 -0.873846 0.1208)
(-1.90839 -0.871889 0.237579)
(-1.90062 -0.747779 0.240208)
(-0.315018 -0.783775 0.116731)
(-0.341852 -0.757276 -0.00182184)
(-0.343851 -0.88385 0.249926)
(-0.385369 -0.98785 0.24995)
(-1.80972 -0.215785 0.213686)
(-1.79248 -0.247666 0.120752)
(-1.80466 -0.368556 0.0914521)
(-1.85411 -0.380922 0.260842)
(-1.82782 -0.262581 0.262264)
(0.216453 -0.539784 0.00168627)
(0.218262 -0.535907 0.125501)
(0.166565 -0.458602 0.124906)
(0.159047 -0.465789 -0.000120626)
(0.215675 -0.536965 0.249838)
(0.172155 -0.453051 0.249152)
(1.79908 -0.497577 -0.00758564)
(1.77769 -0.372512 -0.00631688)
(1.80466 -0.368556 0.0914521)
(1.81762 -0.461449 0.0815839)
(1.76325 -0.251047 0.00151741)
(1.79248 -0.247666 0.120752)
(1.7417 0.249758 0.250824)
(1.75206 0.125201 0.250113)
(1.73538 0.123857 0.128716)
(1.72954 0.248521 0.133873)
(1.7211 -0.00389736 0.012842)
(1.7033 0.120236 0.0107718)
(1.7503 -0.000397707 0.126333)
(1.68555 0.159921 -0.0416745)
(1.67897 0.25568 -0.0365581)
(1.77254 0.00234058 0.249403)
(1.66602 0.748388 0.0850632)
(1.70102 0.737705 0.260304)
(1.70696 0.622652 0.257169)
(1.63105 0.74882 -0.0020256)
(1.61277 1.24538 0.139853)
(1.53801 1.24728 -0.0387982)
(1.66554 1.12587 0.249983)
(1.67827 1.00804 0.249254)
(-1.40121 1.75142 -0.000242718)
(-1.42031 1.66251 -0.0383715)
(-1.46134 1.73894 0.132699)
(-1.42112 1.78769 0.0870127)
(-1.56647 1.54173 0.209608)
(-1.54389 1.6342 0.242964)
(-1.49792 1.73691 0.253992)
(-0.994633 2.24342 0.0348103)
(-0.885052 2.2581 -0.0335632)
(-0.92212 2.17166 -0.0596286)
(-1.00315 2.1315 -0.0224205)
(1.20934 2.24232 0.258534)
(1.27504 2.1287 0.253516)
(1.20228 2.10833 0.140836)
(1.13917 2.14705 0.110919)
(1.11343 2.24215 0.136496)
(1.1565 2.28206 0.216876)
(1.28326 2.01692 0.118184)
(1.21568 2.00099 0.00352538)
(0.994633 2.24342 0.0348103)
(1.04141 2.28445 0.0901816)
(1.30237 2.05204 0.199665)
(-0.749028 2.49673 -0.0241148)
(-0.901794 2.50768 0.0982234)
(-0.897369 2.62727 0.103845)
(-0.748277 2.62838 -0.0233022)
(-1.03437 2.50773 0.215604)
(-1.01436 2.6249 0.235578)
(0.749028 2.49673 -0.0241148)
(0.748277 2.62838 -0.0233022)
(-3.38119 3.24735 0.0927678)
(-3.24839 3.21477 0.0867663)
(-3.25281 3.09609 0.224728)
(-3.3694 3.09976 0.225388)
(-3.52711 3.25544 0.22214)
(-3.49705 3.12863 0.251615)
(-0.796349 2.98979 -0.0442243)
(-0.804627 3.07748 -0.0675594)
(-0.994942 3.24957 0.028691)
(-0.923311 3.23993 -0.0391936)
(-1.03725 3.21409 0.0940736)
(-1.03935 2.99258 0.211707)
(-1.05089 3.08828 0.202213)
(3.12688 3.21167 0.089481)
(3.24839 3.21477 0.0867663)
(3.25281 3.09609 0.224728)
(3.13322 3.10016 0.25793)
(-3.31228 3.67034 0.0793339)
(-3.37002 3.62007 0.129269)
(-3.41229 3.65677 0.247659)
(-3.29928 3.79358 0.243608)
(-3.28682 3.75419 0.116909)
(-3.264 3.62943 -0.00838463)
(-3.27639 3.49617 -0.0316114)
(-3.40187 3.49442 0.0986149)
(-3.52006 3.49015 0.259499)
(1.30823 3.71733 0.247547)
(1.27753 3.61892 0.250679)
(1.2475 3.62888 0.135827)
(1.28527 3.74354 0.121998)
(1.20541 3.50885 0.137068)
(1.15374 3.46617 0.0929853)
(1.17038 3.69797 -0.04537)
(1.23247 3.74533 0.00340283)
(1.24339 3.50559 0.25602)
(2.46726 3.74669 0.25763)
(2.58441 3.59174 0.264388)
(3.264 3.62943 -0.00838463)
(3.19278 3.67769 -0.0622365)
(3.16786 3.76185 -0.0405063)
(3.28682 3.75419 0.116909)
(3.31228 3.67034 0.0793339)
(-3.06475 4.05898 0.248575)
(-3.02282 4.11605 0.250834)
(-1.46551 4.26532 0.119838)
(-1.42712 4.10067 0.128068)
(-1.42292 4.12374 0.247395)
(-1.4321 4.2448 0.283919)
(-1.84934 4.49462 0.250871)
(-1.82651 4.45727 0.165442)
(-1.75589 4.50517 0.120231)
(-1.71821 4.57054 0.169241)
(-1.74973 4.60184 0.249485)
(-1.81432 4.56739 0.296204)
(1.62 4.61859 0.243815)
(1.65392 4.58636 0.162641)
(1.71821 4.57054 0.169241)
(1.74973 4.60184 0.249485)
(1.72109 4.47632 -0.00205008)
(1.75589 4.50517 0.120231)
(1.5422 4.58317 0.284654)
(1.50626 4.50525 0.240783)
(2.52342 4.75058 0.00593048)
(2.5365 4.78902 0.127823)
(2.63861 4.61597 0.246592)
(2.68262 4.54742 0.25773)
(-2.31624 5.17466 0.129644)
(-2.29695 5.17997 0.00633683)
(-2.4003 4.99464 0.00337848)
(-2.40924 5.02734 0.124941)
(2.25923 5.24149 0.246208)
(2.30742 5.16689 0.257372)
(2.31624 5.17466 0.129644)
(2.26859 5.24359 0.129359)
(2.2377 5.25156 0.000547809)
(2.29695 5.17997 0.00633683)
(-1.7755 5.67288 0.12805)
(-1.75158 5.66853 0.00309357)
(-1.88829 5.61306 0.250257)
(-1.99968 5.52053 0.246652)
(-1.93683 5.56367 0.290859)
(-1.24511 5.66243 0.254698)
(-1.21069 5.6808 0.166747)
(-1.25613 5.69964 0.116618)
(-1.37911 5.71819 0.121003)
(-1.38418 5.70346 0.236687)
(-1.33891 5.68241 0.282388)
(-1.49531 5.72891 0.0139727)
(-1.49873 5.73548 0.124322)
(-1.37487 5.71344 0.0102652)
(-1.25 5.69725 0.0044853)
(-1.49963 5.72819 0.233121)
(-0.875008 5.71968 0.118931)
(-0.915509 5.6879 0.170647)
(-0.878903 5.66036 0.257334)
(-0.753374 5.6643 0.289821)
(-0.747475 5.76054 0.115928)
(-1.00593 5.67341 0.174698)
(-0.874961 5.7453 -0.00310769)
(-0.999003 5.7145 -0.00639307)
(-1.00232 5.64904 0.259785)
(-0.755869 5.78491 0.00311914)
(0.747475 5.76054 0.115928)
(0.639125 5.794 0.134797)
(0.637401 5.74529 0.254447)
(0.673062 5.67671 0.30152)
(0.753374 5.6643 0.289821)
(0.755869 5.78491 0.00311914)
(0.674345 5.81148 0.0519874)
(0.536994 5.79328 0.253941)
(0.550502 5.81171 0.169853)
(1.00593 5.67341 0.174698)
(1.12036 5.67906 0.165188)
(1.125 5.70373 -0.00379514)
(0.999003 5.7145 -0.00639307)
(1.12252 5.646 0.259936)
(1.00232 5.64904 0.259785)
(1.25 5.69725 0.0044853)
(1.21069 5.6808 0.166747)
(1.25613 5.69964 0.116618)
(1.75246 5.66806 0.250262)
(1.7755 5.67288 0.12805)
(1.6093 5.72042 0.1249)
(1.6136 5.70544 0.238611)
(1.66211 5.68797 0.281248)
(1.49531 5.72891 0.0139727)
(1.49873 5.73548 0.124322)
(1.61296 5.70476 0.0115793)
(1.75158 5.66853 0.00309357)
(1.66162 5.68693 -0.0312002)
(1.49963 5.72819 0.233121)
(-0.428441 6.26194 -0.029172)
(-0.458519 6.24773 0.132369)
(-0.480266 5.99938 0.241584)
(-0.458096 6.12477 0.240821)
(-0.453542 6.25171 0.240136)
(-0.410966 6.74026 -0.0346503)
(-0.489291 6.74873 0.130997)
(-0.466641 6.503 0.251193)
(-0.488643 6.62393 0.249789)
(-0.513431 6.74288 0.245695)
(0.633317 7.24672 0.121446)
(0.59328 7.12932 0.132016)
(0.556462 7.08756 0.0850997)
(0.549085 7.24053 -0.0416573)
(0.631296 7.12058 0.249642)
(0.591973 7.00962 0.25773)
(0.564547 6.95953 0.210945)
(0.67094 7.75125 0.116752)
(0.693752 7.78779 0.204471)
(0.716892 7.7469 0.256425)
(0.727849 7.62143 0.264244)
(0.619462 7.74764 0.00340018)
(-0.380215 8.24227 -0.00382758)
(-0.383389 8.29344 0.113643)
(-0.253338 8.29338 -0.00414656)
(-0.290147 8.3208 0.0765537)
(-0.50379 8.25268 0.250471)
(-0.420899 8.31534 0.202906)
(-0.551595 8.17099 0.211251)
(0.593447 8.12123 0.252396)
(0.658211 8.00096 0.252802)
(0.551595 8.17099 0.211251)
(-2.58444 -8.09608 0.617116)
(-2.55531 -8.11963 0.863886)
(-1.97012 -8.05096 0.834497)
(1.97012 -8.05096 0.834497)
(2.58444 -8.09608 0.617116)
(2.55531 -8.11963 0.863886)
(-1.85218 -7.75045 0.62421)
(-1.86942 -7.74938 0.499874)
(-1.84666 -7.88698 0.735337)
(-1.88698 -7.9783 0.73243)
(-2.00168 -8.02918 0.746927)
(2.00168 -8.02918 0.746927)
(2.0808 -8.05172 0.71454)
(2.54135 -7.71356 0.502548)
(2.53246 -7.72216 0.621914)
(2.61848 -7.86971 0.749895)
(2.65427 -8.00174 0.739149)
(2.51265 -7.71498 0.747005)
(2.24605 -7.34611 0.531618)
(2.25288 -7.47137 0.65418)
(-1.74415 -4.35739 0.607351)
(-1.93041 -4.37968 0.553861)
(-1.74564 -4.52809 0.552608)
(1.74564 -4.52809 0.552608)
(1.74415 -4.35739 0.607351)
(1.63001 -4.36603 0.59278)
(1.58679 -4.41582 0.559463)
(1.62309 -4.5052 0.537171)
(1.63181 -4.24771 0.654579)
(1.50168 -4.24958 0.609846)
(1.45325 -4.2922 0.548933)
(-1.90381 -3.74757 0.62273)
(-1.74256 -3.87701 0.785319)
(-1.77905 -3.74808 0.784734)
(-1.80238 -4.03727 0.697375)
(-1.74848 -4.00027 0.744607)
(-1.24842 -3.88175 0.625666)
(-1.22145 -3.75295 0.656126)
(-1.36025 -3.75504 0.785281)
(-1.36772 -3.87915 0.731869)
(-1.32725 -3.91806 0.673316)
(-1.2213 -4.00498 0.499524)
(-1.20392 -3.9174 0.544139)
(-1.49842 -3.88014 0.790405)
(-1.4969 -4.00602 0.743097)
(-1.46527 -3.7969 0.820107)
(1.4969 -4.00602 0.743097)
(1.62471 -3.98402 0.774911)
(1.63131 -3.90252 0.803656)
(1.49842 -3.88014 0.790405)
(1.74848 -4.00027 0.744607)
(1.74256 -3.87701 0.785319)
(-1.8715 -3.2497 0.618617)
(-1.88254 -3.37497 0.621015)
(-1.75797 -3.37499 0.757831)
(-1.76304 -3.25 0.763011)
(1.08048 -3.2621 0.658136)
(1.10349 -3.3747 0.617918)
(1.23478 -3.36907 0.765086)
(1.21448 -3.25454 0.783447)
(1.00167 -3.24456 0.488374)
(1.03633 -3.36855 0.489783)
(1.07548 -3.41339 0.541713)
(1.14384 -3.50412 0.623977)
(1.19435 -3.53737 0.683638)
(1.24893 -3.49588 0.749998)
(-1.91964 -2.74914 0.652609)
(-1.91492 -2.88189 0.628125)
(-1.79743 -2.88373 0.797752)
(-1.80792 -2.78899 0.807283)
(-1.8665 -2.75622 0.753589)
(-0.879387 -2.74801 0.496016)
(-0.91201 -2.74797 0.617171)
(-0.938384 -2.7892 0.667987)
(1.00236 -2.88458 0.755294)
(1.08502 -3.00272 0.791118)
(1.066 -2.92151 0.808462)
(0.968748 -2.74963 0.756526)
(0.938384 -2.7892 0.667987)
(-1.94242 -2.28406 0.671469)
(-1.90965 -2.37797 0.748046)
(-1.91431 -2.24796 0.751343)
(-1.95877 -2.2471 0.615908)
(-1.96034 -2.24967 0.496633)
(-0.891312 -2.37487 0.756763)
(-0.934281 -2.41327 0.80862)
(-0.944194 -2.5093 0.80019)
(-1.97158 -1.75018 0.499071)
(-1.972 -1.75 0.613637)
(-1.91868 -2.00103 0.782027)
(-1.92971 -1.87886 0.789496)
(-1.93985 -1.75008 0.794064)
(-0.730477 -1.87295 0.620245)
(-0.71157 -1.75759 0.656442)
(-0.769986 -1.75247 0.759374)
(-0.820823 -1.78773 0.804393)
(-0.831877 -1.88301 0.794299)
(-0.713934 -2.00268 0.499871)
(-0.700634 -1.9085 0.536607)
(-0.756738 -2.00011 0.619023)
(-0.843451 -2.00019 0.779606)
(-1.97124 -1.25036 0.50021)
(-1.96522 -1.25012 0.614217)
(-1.94025 -1.248 0.798715)
(0.575772 -1.28513 0.664327)
(0.587273 -1.38061 0.634343)
(0.643263 -1.37705 0.748354)
(0.604626 -1.24777 0.743982)
(-1.93148 -0.740691 0.633574)
(-1.92985 -0.876928 0.747311)
(-1.91585 -0.744014 0.753935)
(-1.93251 -1.00045 0.791731)
(-0.361394 -0.743012 0.617952)
(-0.336582 -0.778841 0.499986)
(0.517997 -1.00316 0.749892)
(0.472956 -0.878657 0.74808)
(-1.83501 -0.261771 0.616202)
(-1.86516 -0.376165 0.623056)
(-1.84108 -0.381485 0.739573)
(-1.81244 -0.336934 0.801564)
(-1.8049 -0.241256 0.755113)
(-1.81569 -0.212528 0.6604)
(-0.231447 -0.500992 0.495928)
(-0.20226 -0.435212 0.542417)
(-0.221789 -0.406344 0.624957)
(-0.267287 -0.510016 0.626673)
(-0.330819 -0.513968 0.759733)
(-0.305691 -0.547535 0.673958)
(-0.255643 -0.389717 0.739062)
(-0.307239 -0.428357 0.795659)
(0.123489 -0.359558 0.739184)
(0.118139 -0.387272 0.626766)
(0.221789 -0.406344 0.624957)
(0.255643 -0.389717 0.739062)
(1.71696 0.123458 0.74681)
(1.74596 0.123408 0.621054)
(1.72652 0.245015 0.614542)
(1.66308 0.254579 0.78282)
(1.67564 0.162782 0.796409)
(1.78275 0.0151588 0.506674)
(1.75916 0.129055 0.502554)
(1.76623 0.00624318 0.627061)
(1.74116 0.249367 0.498856)
(1.74786 0.00290121 0.751843)
(1.69953 0.618042 0.488216)
(1.6886 0.658826 0.538698)
(1.67494 0.624495 0.629901)
(1.68239 0.506447 0.654925)
(1.71282 0.495602 0.490607)
(1.66562 0.753475 0.632636)
(1.68415 0.753366 0.530974)
(1.63178 0.625675 0.739814)
(1.64068 0.50272 0.745012)
(1.63395 1.24983 0.611644)
(1.65438 1.25022 0.499467)
(1.56251 1.03259 0.80539)
(1.60158 1.00305 0.747162)
(1.55958 1.13262 0.802053)
(1.55364 1.25299 0.793671)
(-1.51585 1.74289 0.499851)
(-1.49437 1.73662 0.615106)
(-1.52963 1.50254 0.745322)
(-1.48499 1.62989 0.749314)
(-1.43108 1.66555 0.802154)
(-1.41713 1.75237 0.781736)
(1.26565 2.25861 0.753985)
(1.30225 2.1348 0.754359)
(1.20579 2.74817 0.751947)
(1.20959 2.62318 0.749825)
(1.20597 2.61737 0.636824)
(1.19073 2.74445 0.636309)
(1.20117 2.49425 0.508642)
(1.22265 2.4979 0.629465)
(1.16244 2.74984 0.492934)
(1.18167 2.78492 0.588705)
(1.2251 2.49883 0.748665)
(-3.8958 3.11399 0.761997)
(-3.80118 3.28392 0.745106)
(-3.78903 3.24762 0.621569)
(-3.80829 3.12215 0.579827)
(1.23149 3.25068 0.738587)
(1.22305 3.12586 0.742597)
(1.21402 3.12682 0.629131)
(1.23736 3.25543 0.62941)
(2.94353 3.26582 0.520679)
(2.98141 3.1449 0.523874)
(3.01695 3.16076 0.627859)
(2.99149 3.25952 0.610134)
(3.19604 2.93831 0.754933)
(3.09559 3.13841 0.752705)
(3.05394 3.08984 0.645298)
(3.2095 2.936 0.619989)
(3.10278 3.24694 0.768702)
(3.73993 3.0038 0.50086)
(3.76617 3.12387 0.511224)
(3.80829 3.12215 0.579827)
(3.80014 3.00292 0.578355)
(3.74051 3.24676 0.500553)
(3.78903 3.24762 0.621569)
(-3.49362 3.53914 0.760427)
(-3.36603 3.53516 0.791491)
(-3.2563 3.79211 0.504632)
(-3.24405 3.64494 0.652268)
(1.26759 3.75171 0.748022)
(1.25833 3.6267 0.740215)
(1.28513 3.62274 0.625211)
(1.29744 3.75338 0.626968)
(1.27249 3.49931 0.500271)
(1.27242 3.49953 0.624503)
(1.24818 3.5 0.737138)
(3.2563 3.79211 0.504632)
(3.24405 3.64494 0.652268)
(3.25083 3.49831 0.781615)
(-1.29745 4.12891 0.660448)
(-1.35986 4.1249 0.488408)
(-1.35654 4.00121 0.487831)
(-1.30577 3.99968 0.66018)
(1.26596 4.24246 0.762066)
(1.27241 4.12644 0.759097)
(1.29745 4.12891 0.660448)
(1.29359 4.24117 0.662793)
(1.27661 4.00006 0.759032)
(1.30577 3.99968 0.66018)
(-1.54468 4.71198 0.534232)
(-1.52689 4.74432 0.623124)
(-1.79773 5.12466 0.693323)
(-1.76601 4.99113 0.670493)
(-1.88051 5.24764 0.650926)
(-1.99511 5.25065 0.593399)
(1.6179 5.25026 0.780388)
(1.61752 5.12976 0.781878)
(1.79773 5.12466 0.693323)
(1.79791 5.25287 0.692738)
(1.53281 4.99752 0.789288)
(1.62978 4.99911 0.741647)
(1.54104 5.12159 0.814463)
(1.66683 4.94662 0.689838)
(1.76601 4.99113 0.670493)
(1.54225 5.24606 0.815629)
(2.12591 5.25266 0.500889)
(2.05484 5.29385 0.540836)
(1.99511 5.25065 0.593399)
(-1.25024 5.62391 0.487517)
(-1.24416 5.55753 0.656352)
(0.112601 5.74002 0.689406)
(0.121545 5.62207 0.708522)
(0.239909 5.61903 0.711286)
(0.282457 5.66658 0.665732)
(0.251462 5.75608 0.653178)
(0.159732 5.78511 0.666589)
(6.93889e-18 5.50735 0.738715)
(0.124153 5.50355 0.776038)
(1.38778e-17 5.62423 0.701583)
(0.248504 5.52627 0.771225)
(-2.08167e-17 5.74984 0.692952)
(1.25024 5.62391 0.487517)
(1.8158 5.5604 0.555494)
(1.74553 5.62436 0.504849)
(1.75691 5.49851 0.64743)
(0.25501 6.12345 0.625063)
(0.181624 6.09773 0.683603)
(0.164045 6.00059 0.664064)
(0.245152 6.00028 0.619131)
(-0.00246379 6.07199 0.745522)
(-1.56066e-17 5.99853 0.727258)
(0.0991079 6.26972 0.664989)
(0 6.27239 0.648861)
(-0.547477 6.73817 0.493025)
(-0.558523 6.70893 0.588645)
(0.116392 6.74911 0.617538)
(-0.00452195 6.73867 0.62547)
(0.706062 7.25181 0.737423)
(0.703289 7.13993 0.740484)
(0.719803 7.13488 0.632933)
(0.727274 7.25421 0.625581)
(0.727061 7.74521 0.735972)
(0.725481 7.62452 0.738084)
(0.741168 7.62493 0.623807)
(0.739562 7.74839 0.623368)
(0.739438 7.49965 0.50023)
(0.74907 7.62503 0.500038)
(0.732724 7.50001 0.623742)
(0.74616 7.74875 0.500269)
(0.714183 7.49999 0.739174)
(0.525268 8.27686 0.499541)
(0.532055 8.28206 0.624661)
(0.629666 8.11208 0.746073)
(0.671624 8.00971 0.750179)
(0.520585 8.27059 0.744064)
(-2.37271 -7.8796 1.23902)
(-2.48829 -7.89575 1.2371)
(-1.89384 -7.73593 1.11166)
(-1.8662 -7.73645 0.999271)
(2.2577 -7.83711 1.24654)
(2.28877 -7.82727 1.16311)
(2.24556 -7.78162 1.11601)
(2.12426 -7.72653 1.12086)
(2.1301 -7.81861 1.28107)
(2.25343 -7.72141 1.00311)
(2.1637 -7.69955 1.04204)
(2.01572 -7.71692 1.1505)
(2.56523 -7.95934 1.19174)
(2.48829 -7.89575 1.2371)
(-1.26019 -1.87011 1.08103)
(-1.21085 -2.00692 1.06159)
(-1.19798 -1.91129 1.06571)
(-1.37648 -1.74953 1.1064)
(-1.49852 -1.74953 1.10814)
(1.61209 -1.74617 1.09037)
(1.49852 -1.74953 1.10814)
(-1.25803 -1.37413 1.10275)
(-1.26135 -1.49993 1.10144)
(-1.37605 -1.24957 1.1238)
(-1.49922 -1.24977 1.11849)
(1.77923 -1.50119 1.03181)
(1.77689 -1.37277 1.03021)
(1.61285 -1.24998 1.11344)
(1.49891 -1.25 1.11851)
(-1.24847 -0.87566 1.12297)
(-1.24936 -1.00011 1.11777)
(-1.37545 -0.750128 1.12376)
(-1.49251 -0.750576 1.11553)
(-0.832961 -0.785704 1.05792)
(-0.885025 -0.745587 1.08152)
(-1.00397 -0.748418 1.10813)
(1.24847 -0.87566 1.12297)
(1.24936 -1.00011 1.11777)
(1.12473 -0.750419 1.11762)
(1.00397 -0.748418 1.10813)
(1.74896 -0.878579 1.02773)
(1.6773 -0.842518 1.06633)
(1.76545 -1.00247 1.02082)
(1.67271 -0.740643 1.06366)
(1.49251 -0.750576 1.11553)
(-1.25241 -0.37494 1.13134)
(-1.25239 -0.500018 1.13356)
(-1.36781 -0.250579 1.11326)
(-1.54513 -0.23944 1.05411)
(-0.753835 -0.371893 1.09145)
(-0.710012 -0.508194 1.05945)
(-0.703227 -0.412246 1.06849)
(-0.875797 -0.249279 1.12827)
(-0.999969 -0.250018 1.13647)
(1.25241 -0.37494 1.13134)
(1.25239 -0.500018 1.13356)
(1.12262 -0.252021 1.14452)
(0.999969 -0.250018 1.13647)
(-1.24093 0.123687 1.1156)
(-1.42537 0.134487 1.05532)
(-1.43193 0.0401177 1.06689)
(-1.36707 -0.00257192 1.09641)
(-1.24611 -0.00165318 1.12303)
(-0.750117 0.124772 1.15096)
(-0.750013 -2.35383e-05 1.13975)
(-0.875188 0.24981 1.15944)
(-1.00017 0.249994 1.15542)
(-0.283704 0.0837467 1.1801)
(-0.243413 0.13535 1.21332)
(-0.244007 0.254508 1.25895)
(-0.370031 0.254766 1.22483)
(-0.415617 0.207832 1.19131)
(-0.2507 0.00372501 1.1478)
(-0.51238 0.237553 1.17232)
(0.244007 0.254508 1.25895)
(0.124565 0.244892 1.27064)
(0.120621 0.138974 1.23373)
(0.243413 0.13535 1.21332)
(1.38778e-17 0.137105 1.239)
(0.2507 0.00372501 1.1478)
(0.283704 0.0837467 1.1801)
(3.46945e-17 0.24177 1.27583)
(0.750117 0.124772 1.15096)
(0.750013 -2.35383e-05 1.13975)
(0.628759 0.246206 1.16091)
(0.51238 0.237553 1.17232)
(1.24093 0.123687 1.1156)
(1.24611 -0.00165318 1.12303)
(1.12441 0.24997 1.14555)
(1.00017 0.249994 1.15542)
(-0.899246 0.753464 1.16293)
(-0.789756 0.592538 1.18311)
(-0.737699 0.63388 1.2065)
(-0.736779 0.754451 1.22423)
(-0.749589 0.49793 1.17937)
(-1.00639 0.749434 1.14675)
(-0.496757 0.503464 1.26612)
(-0.388035 0.486936 1.29886)
(-0.417178 0.588649 1.31067)
(-0.505412 0.621313 1.28411)
(0.736592 0.754458 1.22646)
(0.630334 0.748031 1.26509)
(0.620739 0.6303 1.24819)
(0.738231 0.633266 1.20831)
(0.496745 0.503485 1.26851)
(0.621844 0.504298 1.22372)
(0.507118 0.619782 1.28814)
(0.749589 0.49793 1.17937)
(0.785516 0.591662 1.18468)
(0.668598 0.458586 1.1876)
(0.545313 0.746196 1.29591)
(1.23829 0.62447 1.09531)
(1.23852 0.499993 1.09764)
(1.12412 0.749367 1.11945)
(1.00706 0.749496 1.15432)
(-0.922071 1.21534 1.18907)
(-0.749056 1.12638 1.25474)
(-0.754888 1.25173 1.26199)
(-0.868013 1.2516 1.21343)
(-1.00548 1.24781 1.15705)
(-0.743614 0.999733 1.24609)
(0.754888 1.25173 1.26199)
(0.675425 1.24997 1.29858)
(0.668818 1.12518 1.29197)
(0.749056 1.12638 1.25474)
(0.743614 0.999733 1.24609)
(0.656963 1.00296 1.282)
(1.28675 1.00704 1.05358)
(1.2943 1.1235 1.03875)
(1.11512 1.24996 1.10676)
(1.00547 1.24781 1.15705)
(-0.759586 1.74731 1.28108)
(-0.863375 1.75009 1.24064)
(-0.863564 1.62492 1.23823)
(-0.758996 1.62464 1.27934)
(-0.863537 1.50044 1.2331)
(-0.758467 1.50004 1.27504)
(-1.04 1.74994 1.16279)
(0.759586 1.74731 1.28108)
(0.667751 1.74497 1.31485)
(0.665619 1.623 1.31361)
(0.758974 1.62464 1.27906)
(0.758461 1.50004 1.27498)
(0.663873 1.49858 1.30944)
(1.27029 1.50008 1.02025)
(1.27037 1.62484 1.02033)
(1.1207 1.74974 1.12521)
(1.04 1.74994 1.16279)
(-0.790556 2.24137 1.30664)
(-0.872467 2.2475 1.27394)
(-0.87096 2.12472 1.25819)
(-0.783191 2.12195 1.2934)
(-0.868391 1.99969 1.24624)
(-0.775762 2.00244 1.28295)
(-1.03753 2.24659 1.173)
(1.17203 2.24943 1.04258)
(1.03753 2.24659 1.173)
(-0.901242 2.50129 1.28243)
(-0.911966 2.62461 1.28619)
(-1.04868 2.74841 1.17306)
(-0.912746 2.7485 1.29196)
(1.16399 2.75011 1.02272)
(1.04868 2.74841 1.17306)
(3.74953 2.56929 1.11387)
(3.71382 2.58602 1.25076)
(3.58159 2.73951 1.25442)
(3.55965 2.69517 1.13948)
(4.18299 2.61127 1.19723)
(4.11985 2.50504 1.23278)
(4.00186 2.47626 1.23056)
(3.98842 2.58184 1.07652)
(4.09723 2.61142 1.10649)
(-3.99451 3.02654 1.24319)
(-3.87822 3.04678 1.28567)
(-3.74446 3.28075 0.994396)
(-3.75173 3.16329 1.16268)
(-0.92284 2.99917 1.30104)
(-0.932147 3.1148 1.30048)
(-0.983818 3.25297 1.26104)
(-1.05194 3.24718 1.17028)
(-0.940467 3.2118 1.30833)
(1.14268 3.25059 1.01106)
(1.05194 3.24718 1.17028)
(3.6258 3.2826 1.0316)
(3.49714 3.24666 1.03061)
(3.74446 3.28075 0.994396)
(3.75173 3.16329 1.16268)
(1.11494 3.74601 1.12206)
(1.15655 3.7525 1.00593)
(1.03714 3.62233 1.27863)
(1.01452 3.50365 1.24626)
(1.19555 4.00641 0.98772)
(1.21667 4.12883 0.987155)
(1.17699 4.12698 1.17697)
(1.15701 4.12102 1.24221)
(1.14727 3.99988 1.23934)
(1.23312 4.25038 0.987779)
(1.17345 4.24785 1.17803)
(-0.75021 4.80506 1.17822)
(-0.871548 4.79272 1.16674)
(-0.870551 4.61242 1.23783)
(-0.750243 4.61807 1.26092)
(-0.988086 4.49844 1.26028)
(-0.877821 4.50471 1.28307)
(-0.988789 4.61372 1.20784)
(-0.74744 4.54007 1.29032)
(-0.99461 4.75125 1.15007)
(-1.03228 4.66413 1.17491)
(-0.251457 4.61812 1.2161)
(-0.21333 4.67231 1.18845)
(-0.247824 4.75558 1.15636)
(-0.377932 4.78524 1.16016)
(-0.378875 4.61293 1.23532)
(-0.502945 4.5364 1.28633)
(-0.373348 4.50495 1.27991)
(-0.499958 4.6181 1.25369)
(-0.249122 4.50557 1.26246)
(-0.500018 4.79871 1.17176)
(0.124062 4.75617 1.1438)
(-1.38004e-17 4.75304 1.12925)
(-3.1094e-17 4.6667 1.16416)
(0.11842 4.67753 1.17519)
(0 4.49722 1.23718)
(0.124252 4.50372 1.24742)
(0.75021 4.80506 1.17822)
(0.62622 4.79222 1.18783)
(0.625 4.62045 1.26127)
(0.750243 4.61807 1.26092)
(0.502945 4.5364 1.28633)
(0.625015 4.54328 1.29119)
(0.499958 4.6181 1.25369)
(0.74744 4.54007 1.29032)
(0.500018 4.79871 1.17176)
(1.25553 4.62008 1.01782)
(1.18115 4.6697 1.07304)
(1.12623 4.63061 1.12733)
(1.15416 4.49437 1.15374)
(1.26981 4.49534 0.986587)
(0.99461 4.75125 1.15007)
(1.03228 4.66413 1.17491)
(1.16656 4.76222 1.05397)
(0.988789 4.61372 1.20784)
(0.988086 4.49844 1.26028)
(-0.363125 6.68492 0.983572)
(-0.359579 6.75176 0.992499)
(-0.388982 7.23149 1.11727)
(0.247179 7.13742 1.24741)
(0.273148 7.15603 1.15884)
(0.239945 7.23521 1.11393)
(0.168974 7.27323 1.16958)
(0.155529 7.24709 1.25473)
(0.191122 7.18324 1.27662)
(0.210523 6.95354 1.0036)
(0.205862 6.94313 1.08675)
(-0.0132748 6.94592 1.21477)
(0.0931561 6.96116 1.2152)
(0.658929 7.25167 1.01837)
(0.590114 7.11263 1.20733)
(0.540288 7.00523 1.27956)
(0.5954 7.74927 1.12553)
(0.647868 7.75054 1.01627)
(0.575048 7.51282 1.19976)
(0.518616 7.62566 1.26749)
(0.554168 7.78842 1.17431)
(0.508333 7.74695 1.25264)
(-0.365149 8.22459 1.0996)
(-0.37758 8.28242 1.00229)
(-0.28857 8.29969 1.04511)
(-0.258137 8.25279 1.12949)
(0.25283 8.12694 1.25158)
(0.293201 8.18194 1.1842)
(0.258137 8.25279 1.12949)
(0.119308 8.2769 1.15113)
(0.118941 8.15223 1.27838)
(-0.00582337 8.29418 1.15776)
(0.00387851 8.16123 1.29262)
(-3.85273 2.75223 1.54778)
(-4.0002 2.81878 1.56413)
(-3.99206 2.7359 1.65119)
(4.11751 2.76062 1.61426)
(4.0002 2.81878 1.56413)
(3.99206 2.7359 1.65119)
(4.13799 2.80121 1.51369)
(4.01716 2.50018 1.71249)
(4.01479 2.61941 1.73182)
(-0.248352 3.12667 1.61002)
(-0.245248 3.01315 1.59298)
(-0.536479 3.24994 1.55706)
(-0.36284 3.24915 1.60101)
(0.248352 3.12667 1.61002)
(0.245248 3.01315 1.59298)
(0.125033 3.24884 1.61562)
(-3.46945e-18 3.24876 1.60895)
(0.638521 3.74996 1.59409)
(0.471167 3.74835 1.56519)
(0.628194 3.59582 1.53246)
(-1.76024 -5.48884 -0.58166)
(-1.71591 -5.53798 -0.557467)
(-1.75109 -5.63278 -0.538676)
(-1.87887 -5.65149 -0.558002)
(1.75109 -5.63278 -0.538676)
(1.71591 -5.53798 -0.557467)
(1.76024 -5.48884 -0.58166)
(-2.1578 -5.25127 -0.55925)
(-1.98754 -5.24966 -0.613009)
(-1.76061 -5.36908 -0.604262)
(-1.87423 -5.24973 -0.61953)
(-1.59704 -5.37583 -0.528992)
(-1.62479 -5.50593 -0.500403)
(-1.75085 -4.99992 -0.638809)
(-1.75128 -5.12435 -0.640446)
(1.76061 -5.36908 -0.604262)
(1.87423 -5.24973 -0.61953)
(1.98754 -5.24966 -0.613009)
(1.75085 -4.99992 -0.638809)
(1.75128 -5.12435 -0.640446)
(-2.12169 -4.74634 -0.532604)
(-2.04331 -4.71457 -0.560987)
(-1.99073 -4.75531 -0.592066)
(-1.75082 -4.87501 -0.636762)
(-1.86806 -4.75688 -0.630508)
(-1.63941 -4.75494 -0.610888)
(-1.75033 -4.64153 -0.600121)
(-1.87251 -4.6317 -0.601512)
(-1.91896 -4.58326 -0.567247)
(1.75082 -4.87501 -0.636762)
(1.86806 -4.75688 -0.630508)
(1.99073 -4.75531 -0.592066)
(2.04331 -4.71457 -0.560987)
(1.87251 -4.6317 -0.601512)
(1.91896 -4.58326 -0.567247)
(1.75033 -4.64153 -0.600121)
(1.88383 -4.48759 -0.550682)
(1.12191 -0.985509 -0.578506)
(1.27424 -0.998374 -0.564686)
(1.24756 -1.12085 -0.561027)
(1.1284 -1.14416 -0.567903)
(-1.11419 -0.749394 -0.597008)
(-1.00483 -0.744404 -0.612969)
(-0.883995 -0.741145 -0.584377)
(-0.757305 -0.620678 -0.591945)
(0.624736 -0.505306 -0.608444)
(0.757305 -0.620678 -0.591945)
(0.711154 -0.665984 -0.56049)
(0.616097 -0.63534 -0.528981)
(0.572258 -0.55353 -0.556095)
(1.00483 -0.744404 -0.612969)
(0.883995 -0.741145 -0.584377)
(1.11703 -0.872485 -0.587078)
(1.2783 -0.876693 -0.56981)
(1.11419 -0.749394 -0.597008)
(1.00378 -0.872401 -0.589562)
(1.29149 -0.505171 -0.560452)
(1.28879 -0.626792 -0.557628)
(1.2904 -0.747635 -0.56333)
(-0.913519 -0.173232 -0.81662)
(-1.01008 -0.136379 -0.798542)
(-1.0433 -0.0397083 -0.81894)
(-0.993642 0.00505212 -0.849447)
(-0.879642 -0.00472975 -0.885556)
(-0.873308 -0.120324 -0.851083)
(-0.749755 -0.107813 -0.868403)
(-0.627903 -0.126037 -0.852237)
(-0.584754 -0.181979 -0.812941)
(-0.626844 -0.250633 -0.774594)
(-0.624109 -0.408807 -0.662424)
(-0.624736 -0.505306 -0.608444)
(-0.36836 -0.128271 -0.792387)
(-0.491707 -0.168374 -0.79916)
(-0.50585 0.00553586 -0.892854)
(-0.367611 -0.288348 -0.662884)
(-0.3783 -0.371832 -0.600475)
(-0.499613 -0.379764 -0.649825)
(-0.45368 -0.308623 -0.686085)
(-0.181898 -0.298561 -0.541057)
(-0.240521 -0.261316 -0.630534)
(-0.24976 -0.134779 -0.733831)
(-0.197791 -0.168322 -0.669176)
(0.491707 -0.168374 -0.79916)
(0.36836 -0.128271 -0.792387)
(0.325902 -0.0547679 -0.820075)
(0.376505 -0.00188337 -0.862954)
(0.50585 0.00553586 -0.892854)
(0.367611 -0.288348 -0.662884)
(0.45368 -0.308623 -0.686085)
(0.584754 -0.181979 -0.812941)
(0.627903 -0.126037 -0.852237)
(0.749755 -0.107813 -0.868403)
(0.748901 -0.269844 -0.784977)
(0.626844 -0.250633 -0.774594)
(0.627373 -0.00532431 -0.901059)
(0.624109 -0.408807 -0.662424)
(1.25124 -0.379347 -0.61044)
(1.30199 -0.421227 -0.572511)
(1.29534 -0.0107679 -0.683931)
(1.27854 -0.128739 -0.667259)
(1.11315 -0.12311 -0.765446)
(-1.36188 0.128203 -0.637005)
(-1.38012 0.25413 -0.619134)
(-1.25685 0.252474 -0.748544)
(-1.25596 0.124755 -0.733445)
(-1.30437 0.0855701 -0.693967)
(-1.29534 -0.0107679 -0.683931)
(-1.37233 0.375005 -0.619975)
(-1.25971 0.374437 -0.75333)
(-0.097567 0.251783 -0.770874)
(-0.117787 0.117873 -0.755333)
(-0.335647 0.377661 -0.949285)
(-0.219079 0.375768 -0.907654)
(-0.0833586 0.372906 -0.783463)
(0 0.228703 -0.728544)
(0 0.206116 -0.668198)
(0.34379 0.246991 -0.933929)
(0.371296 0.12148 -0.919506)
(0.219079 0.375768 -0.907654)
(0.0833586 0.372906 -0.783463)
(0.512745 0.26275 -0.965548)
(1.18264 0.373851 -0.814331)
(1.00275 0.37316 -0.920018)
(-1.15367 0.869341 -0.778744)
(-1.12004 0.996335 -0.744234)
(-1.03154 1.03113 -0.783039)
(-0.986815 0.986892 -0.826314)
(-0.988164 0.872782 -0.873634)
(-1.24896 1.00418 -0.626739)
(-1.28124 0.870186 -0.656109)
(-1.37016 0.873404 -0.492843)
(-1.16918 1.0373 -0.676546)
(-0.625806 0.743247 -0.966116)
(-0.588049 0.795495 -0.945016)
(-0.627797 0.620867 -1.00296)
(-0.089949 0.747409 -0.786385)
(-0.0839918 0.624912 -0.790482)
(-0.380937 0.870461 -0.880532)
(-0.261868 0.866736 -0.835692)
(-0.244714 1.00459 -0.779519)
(-0.212028 0.910407 -0.797554)
(-0.383274 0.988191 -0.83333)
(-0.339219 1.0359 -0.796072)
(-0.124194 0.874658 -0.774728)
(0.373715 0.751588 -0.908139)
(0.343894 0.632005 -0.930944)
(0.261868 0.866736 -0.835692)
(0.12424 0.874616 -0.77462)
(0.213385 0.911008 -0.794399)
(0.380937 0.870461 -0.880532)
(1.28186 0.870223 -0.656716)
(1.30075 0.758559 -0.662694)
(1.16699 0.753737 -0.792277)
(1.15398 0.869363 -0.779073)
(1.25162 1.00658 -0.629279)
(1.12148 0.997696 -0.745727)
(1.17316 1.04253 -0.681544)
(-1.04869 1.17771 -0.69467)
(-1.12805 1.13355 -0.670061)
(-1.11933 1.24766 -0.602083)
(-1.00816 1.25733 -0.666017)
(-1.16196 1.28715 -0.543877)
(-0.99692 1.36841 -0.600191)
(-1.12459 1.37436 -0.524277)
(-1.03877 1.41531 -0.542873)
(-0.625748 1.17241 -0.793748)
(-0.50439 1.16342 -0.785396)
(-0.504435 0.985669 -0.864166)
(-0.625074 0.989005 -0.877309)
(-0.872914 1.24981 -0.735013)
(-0.922224 1.29993 -0.686102)
(-0.879231 1.37174 -0.659178)
(-0.747386 1.40105 -0.654671)
(-0.745909 1.24338 -0.75259)
(-0.498954 1.24979 -0.727413)
(-0.464785 1.30432 -0.688166)
(-0.367909 1.30342 -0.674652)
(-0.375032 1.12037 -0.771245)
(-0.125014 1.25314 -0.651791)
(-0.0893693 1.16859 -0.679996)
(-0.129562 1.11502 -0.707138)
(-0.251931 1.11412 -0.73695)
(-0.25215 1.28703 -0.66149)
(-4.06044e-18 1.16585 -0.663248)
(-1.23142e-19 0.99487 -0.713243)
(-0.123652 0.998827 -0.739817)
(-1.7563e-17 1.25763 -0.627542)
(-0.24936 1.36851 -0.621989)
(0.384251 0.987343 -0.830486)
(0.340698 1.0352 -0.794864)
(0.375244 1.12015 -0.770696)
(0.50439 1.16342 -0.785396)
(0.504435 0.985699 -0.863759)
(0.125014 1.25314 -0.651791)
(0.0893693 1.16859 -0.679996)
(0.24936 1.36851 -0.621989)
(0.464785 1.30432 -0.688166)
(0.367909 1.30342 -0.674652)
(0.870419 1.15898 -0.790901)
(1.00058 1.12758 -0.75121)
(1.03154 1.03113 -0.783039)
(0.986815 0.986892 -0.826314)
(0.87074 0.987152 -0.867185)
(0.747386 1.40105 -0.654671)
(0.922224 1.29993 -0.686102)
(0.872914 1.24981 -0.735013)
(0.745909 1.24338 -0.75259)
(1.00816 1.25733 -0.666017)
(1.12811 1.13362 -0.670222)
(1.04869 1.17771 -0.69467)
(1.29172 1.12953 -0.531353)
(1.30561 1.03863 -0.546727)
(1.11933 1.24766 -0.602083)
(1.25529 1.25953 -0.504754)
(1.16196 1.28715 -0.543877)
(-0.875 4.98672 -0.591856)
(-0.710271 5.00246 -0.553251)
(-0.705793 4.87994 -0.562403)
(-0.875 4.88868 -0.596871)
(0.867508 4.71137 -0.563033)
(0.705793 4.87994 -0.562403)
(-2.25048 -8.13151 -0.359906)
(-2.36992 -8.11199 -0.374255)
(-2.42614 -7.99799 -0.43461)
(-2.2406 -7.98537 -0.492154)
(-2.36022 -8.13318 -0.246721)
(-2.48056 -8.10348 -0.240844)
(-2.45749 -8.08262 -0.340563)
(-2.55176 -8.00346 -0.251534)
(-2.49953 -8.00512 -0.350897)
(-2.1331 -8.1085 -0.384954)
(-2.13083 -7.99448 -0.475423)
(-2.09271 -8.0422 -0.435499)
(-2.14081 -8.1477 -0.247189)
(-2.04021 -8.09712 -0.348133)
(-2.02238 -8.12305 -0.258825)
(-1.93468 -8.00637 -0.250451)
(-1.99187 -8.00541 -0.384277)
(-2.25002 -8.15374 -0.125211)
(-2.25025 -8.14776 3.80606e-05)
(2.14081 -8.1477 -0.247189)
(2.02238 -8.12305 -0.258825)
(2.04021 -8.09712 -0.348133)
(2.1331 -8.1085 -0.384954)
(2.36022 -8.13318 -0.246721)
(2.36992 -8.11199 -0.374255)
(2.45749 -8.08262 -0.340563)
(2.48056 -8.10348 -0.240844)
(2.55176 -8.00346 -0.251534)
(2.49953 -8.00512 -0.350897)
(2.25002 -8.15374 -0.125211)
(2.25025 -8.14776 3.80606e-05)
(-2.55918 -7.71039 -0.00211789)
(-2.55242 -7.71835 -0.124868)
(-2.02507 -7.49784 -0.244494)
(-1.97636 -7.62742 -0.242385)
(-2.12975 -7.62299 -0.400717)
(-2.12579 -7.49775 -0.352612)
(-2.07021 -7.46065 -0.293841)
(-1.95018 -7.74978 -0.252026)
(-1.93494 -7.71756 -0.160926)
(-1.93661 -7.86577 -0.275759)
(-1.9195 -7.75786 -0.112423)
(1.9168 -7.75232 0.00482263)
(1.9195 -7.75786 -0.112423)
(2.46933 -7.4988 -0.242694)
(2.50288 -7.62729 -0.235568)
(2.36781 -7.62287 -0.408011)
(2.37754 -7.48931 -0.373695)
(2.42614 -7.46275 -0.298914)
(2.55242 -7.71835 -0.124868)
(2.52807 -7.74866 -0.241693)
(2.54688 -7.87134 -0.275893)
(-2.08203 -7.36771 -0.296042)
(-2.09021 -7.24973 -0.289132)
(-2.33782 -7.12459 -0.333302)
(-2.24977 -7.1248 -0.358187)
(-2.39763 -7.12799 -0.271669)
(-2.08895 -7.12606 -0.291458)
(-1.96701 -7.25143 -0.114686)
(-2.39688 -6.99903 -0.245448)
(-2.49144 -7.12921 -0.110136)
(2.34837 -7.24962 -0.347013)
(2.35983 -7.373 -0.353855)
(2.41183 -7.36836 -0.288391)
(2.40622 -7.24949 -0.282945)
(2.24977 -7.1248 -0.358187)
(2.08895 -7.12606 -0.291458)
(2.33782 -7.12459 -0.333302)
(2.39763 -7.12799 -0.271669)
(-2.13934 -6.74571 -0.373835)
(-2.12694 -6.87864 -0.352846)
(-2.23819 -6.62483 -0.374386)
(-2.37839 -6.62463 -0.243774)
(-2.13417 -6.62298 -0.391343)
(-1.9664 -6.74468 -0.283803)
(-1.95062 -6.6327 -0.299977)
(-2.42172 -6.74914 -0.170551)
(-1.98709 -6.88864 -0.26284)
(-2.07826 -7.00991 -0.302557)
(-2.0673 -6.91661 -0.314675)
(-1.87706 -6.74572 -0.110212)
(1.87026 -6.74735 -0.00271513)
(1.87706 -6.74572 -0.110212)
(2.37624 -6.74973 -0.246078)
(2.37778 -6.87299 -0.246862)
(2.13418 -6.62299 -0.391343)
(2.23819 -6.62484 -0.374385)
(2.37839 -6.62463 -0.243774)
(2.42172 -6.74914 -0.170551)
(2.4504 -6.75193 -8.60832e-05)
(-2.12902 -6.26206 -0.441126)
(-2.12612 -6.37454 -0.42212)
(-2.24207 -6.12819 -0.404478)
(-2.3867 -6.12524 -0.237508)
(-2.42659 -6.37237 -0.125362)
(-2.41924 -6.24941 -0.144431)
(-2.41813 -6.1242 -0.143178)
(-1.76392 -6.12997 -0.252237)
(-1.80976 -6.17227 -0.311007)
(-1.82903 -6.25512 -0.294114)
(-1.75495 -6.23424 -0.115305)
(-1.72749 -6.12446 -0.00349634)
(-1.72803 -6.12647 -0.121458)
(-1.70671 -6.04114 -0.124012)
(-1.75016 -6.23366 -0.0101731)
(1.84128 -6.38122 -0.246108)
(1.88252 -6.50889 -0.251004)
(2.3881 -6.37498 -0.238482)
(2.38719 -6.25026 -0.237814)
(2.14224 -6.15033 -0.451773)
(2.24462 -6.12871 -0.407706)
(2.38628 -6.12547 -0.237146)
(2.41859 -6.24907 -0.144233)
(2.42659 -6.37238 -0.125348)
(2.41711 -6.12425 -0.143927)
(-2.28555 -5.62534 -0.409223)
(-2.39484 -5.62503 -0.236474)
(-2.4208 -5.87502 -0.124618)
(-2.42022 -5.75 -0.124573)
(-2.42233 -5.62813 -0.140482)
(-1.654 -5.74589 -0.363708)
(-1.62393 -5.74737 -0.244107)
(-1.66981 -5.8622 -0.24082)
(-1.59543 -5.62846 -0.370835)
(-1.58791 -5.66072 -0.249354)
(-1.58095 -5.53664 -0.414937)
(-1.53796 -5.49071 -0.366443)
(-1.50899 -5.48253 -0.249768)
(-1.62409 -5.74947 -0.125166)
(-1.65928 -5.85983 -0.125263)
(-1.58491 -5.63447 -0.120298)
(1.58791 -5.66072 -0.249354)
(1.59543 -5.62846 -0.370835)
(1.65928 -5.85984 -0.125267)
(1.62409 -5.74947 -0.125163)
(1.58491 -5.63447 -0.120298)
(2.38403 -5.75002 -0.236966)
(2.38404 -5.87515 -0.237067)
(2.28556 -5.62528 -0.409224)
(2.39484 -5.62501 -0.236458)
(2.42022 -5.75 -0.124563)
(2.42054 -5.875 -0.124577)
(2.42233 -5.62813 -0.140482)
(-2.31049 -5.12309 -0.435449)
(-2.39756 -5.12638 -0.256665)
(-2.43367 -5.37868 -0.143427)
(-2.43371 -5.2522 -0.152804)
(-2.43762 -5.12331 -0.121889)
(-1.52592 -5.25058 -0.49445)
(-1.45706 -5.25588 -0.37937)
(-1.46402 -5.38016 -0.250221)
(-1.47073 -5.37797 -0.127348)
(-1.52319 -5.49721 -0.122497)
(-1.45713 -5.25938 0.00539364)
(-1.43548 -5.2859 -0.123267)
(-1.43016 -5.28453 -0.261376)
(-1.37701 -5.10843 -0.239395)
(1.37701 -5.10843 -0.239395)
(1.34902 -4.99738 -0.245816)
(1.43548 -5.2859 -0.123267)
(2.40549 -5.24666 -0.25328)
(2.40533 -5.37769 -0.252798)
(2.31049 -5.12309 -0.435449)
(2.39756 -5.12638 -0.256665)
(2.43371 -5.2522 -0.152804)
(2.43367 -5.37868 -0.143427)
(2.43762 -5.12331 -0.121889)
(-2.26054 -4.61235 -0.382836)
(-2.34946 -4.62754 -0.243597)
(-2.30643 -4.58091 -0.294213)
(-2.42283 -4.87478 -0.124618)
(-2.40336 -4.75077 -0.123469)
(-2.38497 -4.63202 -0.118319)
(-1.50171 -4.61905 -0.533882)
(-1.34955 -4.62528 -0.369043)
(-1.32404 -4.62407 -0.297231)
(-1.31079 -4.77471 -0.125549)
(-1.2855 -4.61492 -0.00550718)
(-1.28786 -4.61019 -0.116582)
(-1.27519 -4.49805 -0.113926)
(1.33504 -4.87674 -0.249236)
(1.32404 -4.62407 -0.297231)
(1.32602 -4.50048 -0.299543)
(1.31662 -4.76533 0.0108955)
(1.31538 -4.8033 -0.126777)
(1.30272 -4.6616 0.0379025)
(1.2855 -4.61492 -0.00550718)
(1.28786 -4.61019 -0.116582)
(2.37486 -4.75439 -0.23459)
(2.39609 -4.87488 -0.236372)
(2.28742 -4.49165 -0.252697)
(2.30643 -4.58091 -0.294213)
(2.26054 -4.61235 -0.382836)
(2.34946 -4.62754 -0.243597)
(2.40336 -4.75077 -0.123469)
(2.42283 -4.87478 -0.124618)
(2.38497 -4.63202 -0.118319)
(-2.24085 -4.25178 -0.125955)
(-2.18875 -4.20112 -0.172389)
(-2.16427 -4.23922 -0.254825)
(-2.18642 -4.32696 -0.296841)
(-2.23595 -4.37379 -0.24729)
(-2.29502 -4.36687 -0.12912)
(-2.0149 -3.97849 -0.264182)
(-2.04509 -4.08308 -0.298652)
(-2.10876 -4.12389 -0.244271)
(-1.62781 -4.25321 -0.501126)
(-1.26591 -4.37493 -0.112976)
(-1.25593 -4.25015 -0.112501)
(-1.23033 -4.1278 -0.114901)
(-1.33338 -4.25203 -0.297456)
(-1.33249 -4.12705 -0.296327)
(-1.18825 -4.03767 -0.0358675)
(-1.20504 -4.13484 -0.00689007)
(-1.21751 -4.00558 -0.122148)
(-1.33365 -3.99984 -0.291715)
(1.32694 -4.37589 -0.301012)
(1.3772 -4.37896 -0.368846)
(1.87026 -4.25438 -0.473931)
(1.91611 -4.20669 -0.443698)
(2.00279 -4.24163 -0.411602)
(1.8687 -4.37927 -0.519228)
(1.75561 -3.98956 -0.420246)
(1.79065 -4.08326 -0.440719)
(1.7458 -4.13348 -0.470237)
(1.63042 -4.14146 -0.469838)
(1.62546 -3.97439 -0.426852)
(2.0149 -3.97849 -0.264182)
(2.04509 -4.08308 -0.298652)
(1.99449 -4.12383 -0.359049)
(1.88547 -4.11412 -0.421649)
(1.88528 -3.98911 -0.377549)
(1.93774 -3.94562 -0.312381)
(2.24085 -4.25178 -0.125955)
(2.29502 -4.36687 -0.12912)
(2.23595 -4.37379 -0.24729)
(2.18642 -4.32696 -0.296841)
(2.16427 -4.23922 -0.254825)
(2.18875 -4.20112 -0.172389)
(2.3137 -4.45424 -0.174325)
(2.34735 -4.50787 -0.121426)
(2.34701 -4.51668 -0.00555438)
(2.10876 -4.12389 -0.244271)
(-1.61948 -3.7555 -0.373035)
(-1.62447 -3.87173 -0.400562)
(-1.62363 -3.62482 -0.348255)
(-1.67987 -3.58367 -0.319643)
(-1.6677 -3.49215 -0.305457)
(-1.5033 -3.51535 -0.338153)
(-1.50861 -3.62778 -0.352141)
(-1.92741 -3.7059 -0.190259)
(-1.75436 -3.61606 -0.285914)
(-1.2062 -3.62868 -0.1712)
(-1.2123 -3.75035 -0.162751)
(-1.34256 -3.74989 -0.283854)
(-1.34073 -3.6244 -0.286906)
(-1.19956 -3.50824 -0.178246)
(-1.33887 -3.49915 -0.289734)
(1.33649 -3.87468 -0.289247)
(1.51296 -3.87313 -0.39719)
(1.50588 -3.99428 -0.411073)
(1.33365 -3.99984 -0.291715)
(1.34073 -3.6244 -0.286906)
(1.33887 -3.49915 -0.289734)
(1.5033 -3.51535 -0.338153)
(1.50861 -3.62778 -0.352141)
(1.91058 -3.8634 -0.285849)
(1.79033 -3.71107 -0.301377)
(1.87457 -3.74483 -0.251112)
(1.62363 -3.62482 -0.348255)
(1.67987 -3.58367 -0.319643)
(1.75436 -3.61606 -0.285914)
(1.98313 -3.87809 -0.232356)
(1.9883 -3.74308 -0.12651)
(1.92741 -3.7059 -0.190259)
(-1.24944 -3.38124 -0.242172)
(-1.19303 -3.41254 -0.183519)
(-1.36845 -3.38005 -0.306826)
(-1.13597 -3.38036 -0.129341)
(-1.26619 -3.24582 -0.273171)
(-1.10027 -3.25007 -0.12108)
(1.19303 -3.41254 -0.183519)
(1.13597 -3.38036 -0.129341)
(1.10027 -3.25007 -0.12108)
(1.26619 -3.24582 -0.273171)
(1.24944 -3.38124 -0.242172)
(1.19956 -3.50824 -0.178246)
(1.79825 -3.12482 -0.172402)
(1.79356 -3.00022 -0.16872)
(1.89862 -2.99701 0.00929)
(1.90953 -3.1188 0.00184924)
(-1.64879 -2.62494 -0.274652)
(-1.65207 -2.5001 -0.277867)
(-1.48901 -2.49968 -0.347106)
(-1.49004 -2.6229 -0.33534)
(-1.38495 -2.73876 -0.331963)
(-1.38345 -2.61939 -0.340927)
(-1.19996 -2.62961 -0.30156)
(-1.23901 -2.75927 -0.298486)
(-1.33799 -2.78178 -0.317889)
(-1.00429 -2.62859 -0.22914)
(-0.954841 -2.66438 -0.167563)
(-0.973714 -2.75009 -0.151564)
(-1.13426 -2.74483 -0.266371)
(-1.12083 -2.62652 -0.2751)
(-1.01153 -2.49879 -0.259817)
(0.902489 -2.87201 0.00685524)
(0.8643 -2.74615 0.0112292)
(0.973714 -2.75009 -0.151564)
(0.998747 -2.88007 -0.125244)
(0.94441 -2.91526 -0.0603324)
(0.954841 -2.66438 -0.167563)
(1.01153 -2.49879 -0.259817)
(1.00429 -2.62859 -0.22914)
(1.79203 -2.87573 -0.164977)
(1.61172 -3.00221 -0.286981)
(1.62004 -2.88123 -0.288545)
(1.79282 -2.62496 -0.164991)
(1.79208 -2.75048 -0.165352)
(1.64586 -2.74754 -0.27469)
(1.64879 -2.62494 -0.274652)
(1.79171 -2.50093 -0.16623)
(-1.80605 -2.00709 -0.18202)
(-1.80192 -2.12847 -0.175808)
(-1.9004 -2.12489 0.00330602)
(-1.89545 -1.99819 0.00012702)
(-1.13628 -2.24437 -0.364932)
(-1.13654 -2.36693 -0.33373)
(-1.37482 -2.13206 -0.409954)
(-1.24953 -2.1327 -0.419609)
(-1.12834 -2.12519 -0.393421)
(-0.851667 -2.37206 -0.145587)
(-0.838006 -2.24911 -0.163945)
(-0.805862 -2.0438 -0.182674)
(-0.825298 -2.13059 -0.182242)
(-0.880672 -2.13245 -0.256763)
(-0.838491 -2.00601 -0.251681)
(-0.756073 -2.00859 -0.128012)
(-0.703406 -2.01094 -0.00709303)
(-0.722909 -2.12573 0.00943244)
(0.880672 -2.13245 -0.256763)
(0.838491 -2.00601 -0.251681)
(1.01195 -1.9986 -0.384167)
(1.00688 -2.12642 -0.348271)
(0.954832 -2.1627 -0.302034)
(0.851667 -2.37206 -0.145587)
(1.00087 -2.38283 -0.287596)
(0.825298 -2.13059 -0.182242)
(0.805862 -2.0438 -0.182674)
(1.37428 -2.25064 -0.387945)
(1.37466 -2.37437 -0.365044)
(1.12834 -2.12519 -0.393421)
(1.24953 -2.1327 -0.419609)
(1.37482 -2.13206 -0.409954)
(1.6615 -2.13066 -0.305807)
(1.48745 -2.12681 -0.393537)
(1.79664 -2.25266 -0.170548)
(1.7939 -2.376 -0.168359)
(1.65465 -2.25372 -0.293182)
(-1.62711 -1.87755 -0.35619)
(-1.68999 -1.90948 -0.308931)
(-1.75025 -1.87795 -0.25015)
(-1.75497 -1.74654 -0.25337)
(-1.61888 -1.74627 -0.37635)
(-1.68438 -2.00695 -0.306806)
(-1.80846 -1.90956 -0.187966)
(-1.89247 -1.87266 -0.00283785)
(-1.84647 -1.87639 -0.12132)
(-1.81629 -1.49387 -0.168079)
(-1.81869 -1.59105 -0.171961)
(-1.84019 -1.62567 -0.118096)
(-1.88706 -1.62696 0.00309713)
(-1.88335 -1.50172 0.00882798)
(-1.00919 -1.62186 -0.459165)
(-0.950868 -1.66342 -0.427728)
(-0.960957 -1.75203 -0.411202)
(-1.13562 -1.74418 -0.476611)
(-1.12913 -1.6231 -0.497667)
(-0.877112 -1.75278 -0.353925)
(-0.882445 -1.62231 -0.392089)
(-0.726908 -1.625 -0.244795)
(-0.767861 -1.75353 -0.248972)
(-0.826477 -1.79078 -0.309436)
(-0.715217 -1.75196 -0.163773)
(-0.720167 -1.87685 -0.123593)
(-0.83238 -1.8803 -0.289939)
(-0.693403 -1.90913 -0.0378661)
(-0.698494 -1.66223 -0.17121)
(0.83238 -1.8803 -0.289939)
(1.00046 -1.87923 -0.406459)
(0.877112 -1.75278 -0.353925)
(0.826477 -1.79078 -0.309436)
(0.767861 -1.75353 -0.248972)
(0.726908 -1.625 -0.244795)
(1.62206 -1.62694 -0.389642)
(1.76936 -1.62455 -0.243453)
(1.84647 -1.87639 -0.12132)
(1.80846 -1.90956 -0.187966)
(1.84914 -1.74999 -0.109531)
(1.77011 -1.49786 -0.247429)
(1.81629 -1.49387 -0.168079)
(1.81869 -1.59105 -0.171961)
(1.84019 -1.62567 -0.118096)
(-1.6363 -1.24959 -0.386345)
(-1.63839 -1.37194 -0.390302)
(-1.76884 -1.25014 -0.246554)
(-1.76039 -1.12495 -0.246317)
(-1.63331 -1.12501 -0.38323)
(-1.4884 -1.12509 -0.482398)
(-0.667298 -1.24254 -0.335301)
(-0.624843 -1.24892 -0.242531)
(-0.655643 -1.37389 -0.242253)
(-0.72238 -1.12124 -0.402399)
(-0.88787 -1.12134 -0.4995)
(-0.644041 -1.12762 -0.349808)
(-0.595282 -1.13281 -0.250217)
(-0.588691 -1.25278 -0.163225)
(-0.601399 -1.37488 -0.126564)
(-0.514622 -1.24644 0.010219)
(-0.540465 -1.37164 0.00872835)
(-0.571287 -1.41259 -0.0441823)
(-0.567127 -1.16669 -0.17112)
(-0.579375 -1.03592 -0.282235)
(-0.540144 -0.991159 -0.236429)
(0.821416 -1.28793 -0.433008)
(0.825983 -1.37978 -0.418503)
(0.644041 -1.12762 -0.349808)
(0.72238 -1.12124 -0.402399)
(0.595282 -1.13281 -0.250217)
(0.601399 -1.37488 -0.126564)
(0.588691 -1.25278 -0.163225)
(0.567127 -1.16669 -0.17112)
(0.52742 -1.12408 -0.121855)
(0.476487 -1.1263 0.0015332)
(1.63331 -1.12501 -0.38323)
(1.76039 -1.12495 -0.246317)
(1.80559 -1.2472 -0.163723)
(1.81248 -1.37242 -0.164824)
(1.87887 -1.3751 0.012307)
(1.88335 -1.50172 0.00882798)
(1.79688 -1.12292 -0.16002)
(1.78827 -0.999061 -0.156128)
(-1.732 -0.752793 -0.250843)
(-1.68363 -0.716241 -0.314419)
(-1.62481 -0.755628 -0.37484)
(-1.74192 -0.877786 -0.246797)
(-1.56107 -0.711267 -0.431944)
(-0.497512 -0.876618 -0.245638)
(-0.458523 -0.88081 -0.167473)
(-0.462878 -0.786959 -0.258337)
(-0.431386 -0.802385 -0.179728)
(-0.231206 -0.519065 -0.243848)
(-0.356744 -0.646161 -0.242963)
(-0.38661 -0.762174 -0.131822)
(-0.335127 -0.671883 -0.12945)
(-0.311962 -0.678779 -0.0381596)
(-0.222652 -0.530779 -0.123496)
(-0.216453 -0.539784 0.00168627)
(-0.277931 -0.624258 0.00111186)
(0.341852 -0.757276 -0.00182184)
(0.38661 -0.762174 -0.131822)
(0.431386 -0.802385 -0.179728)
(0.311962 -0.678779 -0.0381596)
(0.335127 -0.671883 -0.12945)
(0.277931 -0.624258 0.00111186)
(0.222652 -0.530779 -0.123496)
(1.38111 -0.752273 -0.530022)
(1.78425 -0.752483 -0.131025)
(1.78315 -0.87753 -0.151723)
(1.8507 -0.878963 0.0137269)
(1.85788 -1.00041 0.0123116)
(1.81756 -0.71569 -0.0491504)
(1.84143 -0.753925 0.00754666)
(1.76471 -0.61795 -0.133831)
(1.67564 -0.615078 -0.305622)
(1.80772 -0.617301 -0.0403744)
(1.75093 -0.499852 -0.114909)
(-1.65389 -0.376805 -0.269019)
(-1.67178 -0.493296 -0.28019)
(-1.7157 -0.250637 -0.118423)
(-1.68562 -0.213689 -0.172244)
(-1.65336 -0.246677 -0.247518)
(-1.73121 -0.379011 -0.11159)
(-1.63803 -0.122629 -0.247051)
(-1.67241 -0.118624 -0.174184)
(-1.66347 -0.00235398 -0.16305)
(-1.62463 0.000280466 -0.243545)
(-0.105225 -0.369249 -0.246781)
(-0.157016 -0.369082 -0.368821)
(-0.0940855 -0.282507 -0.374427)
(-0.0678176 -0.306714 -0.297252)
(1.7157 -0.250637 -0.118423)
(1.73121 -0.379011 -0.11159)
(1.65389 -0.376805 -0.269019)
(1.65336 -0.246677 -0.247518)
(1.68562 -0.213689 -0.172244)
(1.67178 -0.493296 -0.28019)
(1.66347 -0.00235398 -0.16305)
(1.67241 -0.118624 -0.174184)
(1.63803 -0.122629 -0.247051)
(1.62463 0.000280466 -0.243545)
(1.74172 -0.126616 0.00905589)
(-1.61301 0.121118 -0.23794)
(-1.56881 0.28482 -0.301807)
(-1.5982 0.246802 -0.247692)
(-1.66267 0.129308 -0.133324)
(-1.7211 -0.00389736 0.012842)
(-1.7033 0.120236 0.0107718)
(-1.68555 0.159921 -0.0416745)
(-1.67897 0.25568 -0.0365581)
(-1.65326 0.250768 -0.131416)
(1.52545 0.377628 -0.37198)
(1.43024 0.252815 -0.547369)
(1.42427 0.37674 -0.542782)
(1.54999 0.503797 -0.288339)
(1.56224 0.384475 -0.296113)
(1.50965 0.500058 -0.370563)
(1.66267 0.129308 -0.133324)
(1.65326 0.250768 -0.131416)
(-1.63105 0.74882 -0.0020256)
(-1.59236 0.749561 -0.118983)
(-1.5565 0.78698 -0.172103)
(1.39657 0.749678 -0.497214)
(1.42798 0.787059 -0.418854)
(1.46366 0.746362 -0.366812)
(1.49245 0.621349 -0.366365)
(1.40187 0.620702 -0.530184)
(1.47432 1.0006 -0.246275)
(1.50033 0.872289 -0.245647)
(1.41063 0.877484 -0.412764)
(1.40342 1.0016 -0.378831)
(1.43691 1.0387 -0.30017)
(1.52166 0.748875 -0.250524)
(1.5565 0.78698 -0.172103)
(1.59236 0.749561 -0.118983)
(1.53305 0.621595 -0.28451)
(-1.29011 1.37752 -0.408636)
(-1.40001 1.37419 -0.24837)
(1.41881 1.13088 -0.298338)
(1.38003 1.12215 -0.373172)
(1.34408 1.24843 -0.372118)
(1.40422 1.24592 -0.28256)
(1.24409 1.50152 -0.384945)
(1.29011 1.37752 -0.408636)
(1.12459 1.37436 -0.524277)
(1.13196 1.53399 -0.417131)
(1.30498 1.28988 -0.421454)
(1.40001 1.37419 -0.24837)
(1.49708 1.2466 -0.116687)
(-1.23796 1.86481 -0.111984)
(-1.29556 1.91609 -0.00764395)
(-1.21568 2.00099 0.00352538)
(-0.871809 1.74381 -0.392993)
(-0.876447 1.89858 -0.273381)
(-0.790509 1.92109 -0.2945)
(-0.74614 1.87003 -0.338421)
(-0.748926 1.77663 -0.401454)
(-0.624822 1.78083 -0.406649)
(-0.621179 1.86897 -0.357205)
(-0.373632 1.87941 -0.379072)
(-0.249997 1.88193 -0.391132)
(-0.125063 1.79437 -0.416868)
(-0.121871 1.88361 -0.378688)
(0 2.03924 -0.301987)
(0 1.88369 -0.375466)
(-0.125284 1.99515 -0.345626)
(-0.0836376 2.04616 -0.320015)
(0.121871 1.88361 -0.378688)
(0.249997 1.88193 -0.391132)
(0.374778 1.78449 -0.415953)
(0.373632 1.87941 -0.379072)
(0.506637 2.03194 -0.286374)
(0.498566 1.87368 -0.365372)
(0.372187 1.99176 -0.334342)
(0.415265 2.0416 -0.305411)
(0.621179 1.86897 -0.357205)
(0.74614 1.87003 -0.338421)
(0.747922 2.00144 -0.250732)
(0.790509 1.92109 -0.2945)
(0.619484 2.02303 -0.271589)
(0.871809 1.74381 -0.392993)
(0.876447 1.89858 -0.273381)
(0.996575 1.87088 -0.2462)
(0.797836 2.05327 -0.194141)
(1.23796 1.86481 -0.111984)
(1.29556 1.91609 -0.00764395)
(-0.75793 2.13712 -0.164356)
(-0.797836 2.05327 -0.194141)
(-0.882 2.03532 -0.168795)
(-0.876791 2.13327 -0.108724)
(-0.553917 2.29937 -0.191803)
(-0.637278 2.25986 -0.162949)
(0.75793 2.13712 -0.164356)
(0.62054 2.12782 -0.227382)
(0.666188 2.17059 -0.187117)
(0.495601 2.24844 -0.222126)
(0.553917 2.29937 -0.191803)
(0.637278 2.25986 -0.162949)
(0.500985 2.13309 -0.253518)
(0.8013 2.29619 -0.0618731)
(0.885052 2.2581 -0.0335632)
(0.752981 2.25531 -0.107498)
(0.781597 2.38268 -0.0357516)
(-0.622332 2.75179 -0.115905)
(-0.512865 2.74976 -0.154192)
(-0.371594 2.74482 -0.181919)
(-0.124879 2.75021 -0.187852)
(-0.0907131 2.6598 -0.188375)
(-0.129228 2.61457 -0.192599)
(-0.244404 2.6088 -0.196573)
(-0.251169 2.76526 -0.186466)
(0 2.65945 -0.185603)
(-0.00265495 2.49103 -0.205603)
(-0.125757 2.49295 -0.215348)
(0 2.76041 -0.178386)
(0.371594 2.74482 -0.181919)
(0.512865 2.74976 -0.154192)
(0.622332 2.75179 -0.115905)
(0.796349 2.98979 -0.0442243)
(0.780946 2.87277 -0.0299073)
(-2.70639 3.44437 -0.0021668)
(-2.75262 3.5016 -0.117467)
(-0.762458 3.12231 -0.110437)
(-0.790556 3.46306 -0.186249)
(-0.761145 3.3682 -0.174011)
(-0.879531 3.36929 -0.115992)
(0.487212 3.13472 -0.204014)
(0.365263 3.01398 -0.201117)
(0.369947 3.13047 -0.217168)
(0.762458 3.12231 -0.110437)
(0.804627 3.07748 -0.0675594)
(0.761145 3.3682 -0.174011)
(0.790556 3.46306 -0.186249)
(2.70639 3.44437 -0.0021668)
(2.75262 3.5016 -0.117467)
(3.27639 3.49617 -0.0316114)
(3.27143 3.38891 -0.0416492)
(-3.19278 3.67769 -0.0622365)
(-3.16786 3.76185 -0.0405063)
(-3.01303 3.88124 -0.107353)
(-3.1222 3.87341 0.00257923)
(-3.05155 3.92101 -0.0391194)
(-2.62039 3.61623 -0.132515)
(-2.59012 3.71052 -0.173477)
(-2.48909 3.73316 -0.137895)
(-2.43997 3.69456 -0.00427908)
(-2.56784 3.56342 -0.00820325)
(-2.91237 3.87871 -0.179947)
(-2.7358 3.87271 -0.236333)
(-2.88965 4.0059 -0.139585)
(-2.80505 4.04879 -0.181532)
(-2.74697 4.00264 -0.225274)
(-2.4593 3.82699 -0.186599)
(-2.35708 3.85784 -0.13708)
(-2.32199 3.82703 -0.00304911)
(-2.32355 3.94317 -0.185376)
(-2.24386 3.96731 -0.139719)
(-2.20442 3.95204 -0.00242513)
(-1.17038 3.69797 -0.04537)
(-1.12207 3.74522 -0.107968)
(-1.01493 3.73658 -0.171692)
(-1.12725 3.86708 -0.158588)
(-1.17045 3.95643 -0.17667)
(-1.12404 4.00146 -0.232685)
(-1.00841 3.99157 -0.290859)
(-0.997572 3.87714 -0.231831)
(-1.04501 3.83125 -0.193568)
(-1.28922 3.86532 -0.0035237)
(-1.30165 3.95371 -0.0519482)
(-1.25395 3.98831 -0.128943)
(-0.925843 3.70346 -0.196867)
(-0.875638 3.74641 -0.233381)
(-0.753896 3.74431 -0.273064)
(-0.740366 3.63004 -0.244125)
(-0.129405 3.75986 -0.330049)
(-0.0868722 3.70855 -0.308021)
(-0.121163 3.61972 -0.29764)
(-0.374836 3.87581 -0.392743)
(-0.250616 3.87647 -0.374202)
(-0.125833 3.87833 -0.351702)
(0.374625 3.76328 -0.367408)
(0.375449 3.55889 -0.315838)
(0.125833 3.87833 -0.351702)
(0.250616 3.87647 -0.374202)
(0.374836 3.87581 -0.392743)
(0.925843 3.70346 -0.196867)
(0.740366 3.63004 -0.244125)
(0.753896 3.74431 -0.273064)
(0.875638 3.74641 -0.233381)
(1.01493 3.73658 -0.171692)
(0.997572 3.87714 -0.231831)
(1.04501 3.83125 -0.193568)
(0.873921 3.87453 -0.275493)
(1.12207 3.74522 -0.107968)
(1.00841 3.99157 -0.290859)
(1.12404 4.00146 -0.232685)
(1.17045 3.95643 -0.17667)
(1.12725 3.86708 -0.158588)
(1.25395 3.98831 -0.128943)
(1.30165 3.95371 -0.0519482)
(1.28922 3.86532 -0.0035237)
(2.4593 3.82699 -0.186599)
(2.35708 3.85784 -0.13708)
(2.32355 3.94317 -0.185376)
(2.36783 3.99106 -0.238216)
(2.50604 4.00612 -0.265432)
(2.50426 3.87332 -0.2269)
(2.48909 3.73316 -0.137895)
(2.32199 3.82703 -0.00304911)
(2.62039 3.61623 -0.132515)
(2.59012 3.71052 -0.173477)
(2.63123 3.7608 -0.208951)
(2.74032 3.76543 -0.225147)
(2.74103 3.59859 -0.174815)
(3.1222 3.87341 0.00257923)
(-2.79871 4.29415 -0.0523483)
(-2.74953 4.25582 -0.125545)
(-2.78815 4.12524 -0.162326)
(-2.86211 4.24903 0.000886765)
(-2.06546 4.19473 -0.184552)
(-2.07884 4.10532 -0.117196)
(-2.15198 4.13737 -0.212631)
(-2.11957 4.23979 -0.252201)
(-1.94438 4.3121 -0.188339)
(-1.98821 4.36454 -0.252903)
(-1.8845 4.39749 -0.217757)
(-1.8627 4.33633 -0.129052)
(-1.84881 4.35041 0.00595502)
(-1.96658 4.22419 0.00666896)
(-1.97572 4.2262 -0.121733)
(-1.71519 4.45937 -0.121718)
(-1.72109 4.47632 -0.00205008)
(-1.28964 4.08498 -0.163175)
(-1.35874 4.12384 -0.119077)
(-1.41314 4.23585 -0.141501)
(-1.25298 4.24243 -0.288011)
(-1.24167 4.12715 -0.225528)
(-1.43339 4.32559 -0.181184)
(-1.3889 4.36557 -0.260875)
(-1.29723 4.32978 -0.308719)
(-0.624597 4.24434 -0.425892)
(-0.625342 4.12237 -0.404824)
(-0.722731 4.33398 -0.434004)
(-0.656164 4.33333 -0.435434)
(-0.616816 4.38351 -0.44947)
(-0.496069 4.38735 -0.465783)
(-0.497121 4.22075 -0.439119)
(-0.755778 4.38194 -0.453328)
(-0.625068 4.50087 -0.463596)
(-0.123588 4.24462 -0.424707)
(-0.124649 4.12221 -0.404132)
(0.876912 4.22749 -0.409711)
(0.868917 4.12746 -0.381997)
(0.656164 4.33333 -0.435434)
(0.722731 4.33398 -0.434004)
(0.616816 4.38351 -0.44947)
(0.497121 4.22075 -0.439119)
(0.496069 4.38735 -0.465783)
(1.24694 4.37829 -0.370585)
(1.28964 4.08498 -0.163175)
(1.35874 4.12384 -0.119077)
(1.41588 4.11793 -0.00113538)
(1.35458 3.99705 0.00162479)
(1.3889 4.36557 -0.260875)
(1.43339 4.32559 -0.181184)
(1.41314 4.23585 -0.141501)
(1.25298 4.24243 -0.288011)
(1.29723 4.32978 -0.308719)
(1.94438 4.3121 -0.188339)
(1.8627 4.33633 -0.129052)
(1.8845 4.39749 -0.217757)
(1.98821 4.36454 -0.252903)
(1.84881 4.35041 0.00595502)
(1.97572 4.2262 -0.121733)
(1.96658 4.22419 0.00666896)
(1.71519 4.45937 -0.121718)
(2.15198 4.13737 -0.212631)
(2.07884 4.10532 -0.117196)
(2.06546 4.19473 -0.184552)
(2.11957 4.23979 -0.252201)
(2.80505 4.04879 -0.181532)
(2.78815 4.12524 -0.162326)
(2.7719 4.36903 0.0041917)
(-2.40793 4.74956 -0.155925)
(-2.42854 4.66757 -0.173838)
(-2.52342 4.75058 0.00593048)
(-2.37345 4.87799 -0.123125)
(-2.30498 4.91549 -0.172985)
(-2.24856 4.8783 -0.227344)
(-2.23852 4.74381 -0.261252)
(-1.62453 4.75816 -0.356451)
(-1.63003 4.59826 -0.271678)
(-1.86244 4.87612 -0.363262)
(-1.74918 4.87587 -0.377769)
(-1.62813 4.87288 -0.390674)
(1.86177 4.76322 -0.348216)
(1.8733 4.58775 -0.287121)
(1.62813 4.87288 -0.390674)
(1.74918 4.87587 -0.377769)
(1.86244 4.87612 -0.363262)
(2.36241 4.49384 -0.260753)
(2.37126 4.62689 -0.22264)
(2.42854 4.66757 -0.173838)
(2.40793 4.74956 -0.155925)
(2.37345 4.87799 -0.123125)
(2.30498 4.91549 -0.172985)
(2.28561 5.00002 -0.157837)
(2.4003 4.99464 0.00337848)
(2.42131 4.91111 -0.0383984)
(-2.25543 5.13282 -0.128719)
(-2.28561 5.00002 -0.157837)
(-1.63884 5.26021 -0.429222)
(-1.65024 5.12213 -0.427768)
(-1.75515 5.38398 -0.357446)
(-1.92927 5.29165 -0.322635)
(-1.88663 5.38411 -0.293504)
(-1.79763 5.42218 -0.314938)
(-1.62204 5.36631 -0.402384)
(-0.118295 5.55416 -0.427368)
(-0.125931 5.36655 -0.476772)
(-0.251439 5.37117 -0.49177)
(0.748077 5.37138 -0.505157)
(1.50714 5.38338 -0.41801)
(1.37006 5.23671 -0.473702)
(1.37252 5.41796 -0.417598)
(1.87251 5.25227 -0.364027)
(1.85959 5.12056 -0.374238)
(1.62204 5.36631 -0.402384)
(1.75515 5.38398 -0.357446)
(1.88663 5.38411 -0.293504)
(1.92927 5.29165 -0.322635)
(1.79763 5.42218 -0.314938)
(1.99274 5.36759 -0.230186)
(1.75357 5.50924 -0.265433)
(1.79735 5.54423 -0.180665)
(-1.74886 5.62802 -0.136978)
(-1.79735 5.54423 -0.180665)
(-1.66162 5.68693 -0.0312002)
(-1.62214 5.65641 -0.127703)
(-1.61296 5.70476 0.0115793)
(-1.5002 5.66333 -0.155801)
(-1.12868 5.65315 -0.247313)
(-1.00334 5.65692 -0.27848)
(-1.37513 5.6743 -0.159718)
(-0.995652 5.71335 -0.116194)
(-1.1198 5.70107 -0.11456)
(-1.125 5.70373 -0.00379514)
(-1.1586 5.68264 -0.164561)
(-0.620731 5.65775 -0.408374)
(-0.630518 5.79863 -0.289582)
(-0.876275 5.74751 -0.121371)
(-0.788848 5.79033 -0.124747)
(-0.612822 5.88769 -0.119676)
(-0.126478 5.74368 -0.341877)
(-0.124071 5.6312 -0.393478)
(-0.369287 5.89901 -0.275096)
(-0.252692 5.89842 -0.276456)
(-0.122013 5.87224 -0.278457)
(-0.0846789 5.79411 -0.306105)
(0.370877 5.74134 -0.383974)
(0.0846789 5.79411 -0.306105)
(0.369287 5.89901 -0.275096)
(0.504699 5.87804 -0.248516)
(0.882033 5.62944 -0.366695)
(0.874797 5.71963 -0.240787)
(0.919044 5.67853 -0.297409)
(0.788848 5.79033 -0.124747)
(0.876275 5.74751 -0.121371)
(0.995652 5.71335 -0.116194)
(0.874961 5.7453 -0.00310769)
(1.00334 5.65692 -0.27848)
(0.612822 5.88769 -0.119676)
(1.1198 5.70107 -0.11456)
(1.1586 5.68264 -0.164561)
(1.12868 5.65315 -0.247313)
(1.25639 5.67549 -0.175738)
(1.37128 5.62841 -0.244022)
(1.37513 5.6743 -0.159718)
(1.5002 5.66333 -0.155801)
(1.49814 5.60275 -0.253203)
(1.37487 5.71344 0.0102652)
(1.74886 5.62802 -0.136978)
(1.62214 5.65641 -0.127703)
(-0.119263 6.2576 -0.132858)
(2.60804e-21 6.25121 -0.111956)
(-0.240948 6.4995 -0.109627)
(-0.242114 6.37633 -0.116187)
(-0.409208 6.37951 -0.0398368)
(0.119263 6.2576 -0.132858)
(0.240948 6.4995 -0.109627)
(0.242114 6.37633 -0.116187)
(-0.239135 6.62199 -0.120524)
(-0.124858 6.74046 -0.144106)
(0.00110557 6.73633 -0.145429)
(-0.300339 6.95553 -0.185099)
(-0.250769 6.86812 -0.174451)
(-0.37942 6.87256 -0.103681)
(-0.000818096 6.83748 -0.180798)
(-0.122851 6.84121 -0.178429)
(0.239135 6.62199 -0.120524)
(0.124858 6.74046 -0.144106)
(0.405532 6.62269 -0.0291505)
(0.404416 6.50129 -0.0317576)
(0.0014905 6.99142 -0.258387)
(0.122741 6.99626 -0.252194)
(0.122851 6.84121 -0.178429)
(0.243903 6.99993 -0.229475)
(0.300339 6.95553 -0.185099)
(0.250769 6.86812 -0.174451)
(-0.397073 7.37769 -0.277984)
(-0.242409 7.37817 -0.36014)
(-0.245906 7.25676 -0.341556)
(-0.290451 7.21164 -0.300919)
(-0.376293 7.24971 -0.255392)
(-0.123849 7.25537 -0.368018)
(-0.126942 7.37426 -0.38055)
(0.126942 7.37426 -0.38055)
(0.242409 7.37817 -0.36014)
(0.43226 7.20559 -0.183393)
(0.486238 7.24409 -0.137791)
(-0.619462 7.74764 0.00340018)
(-0.529183 7.74843 -0.146537)
(-0.599067 7.87667 -5.78681e-06)
(-0.561934 7.91827 -0.0469943)
(-0.527936 7.87065 -0.126733)
(-0.123656 7.74871 -0.369695)
(-0.127906 7.62444 -0.386906)
(-0.366053 7.87237 -0.27176)
(-0.255093 7.91169 -0.302831)
(-0.162185 7.92145 -0.313606)
(-0.121361 7.86896 -0.340652)
(0.00253213 8.01875 -0.286836)
(0.00108563 7.8648 -0.353915)
(-0.123607 8.00023 -0.284637)
(0.401926 7.747 -0.283944)
(0.406945 7.62577 -0.286313)
(0.121361 7.86896 -0.340652)
(0.162185 7.92145 -0.313606)
(0.255093 7.91169 -0.302831)
(0.366053 7.87237 -0.27176)
(0.405876 7.49955 -0.285797)
(0.529183 7.74843 -0.146537)
(0.00415156 8.17264 -0.176453)
(-0.127531 8.16555 -0.168667)
(-0.127734 8.30898 -0.0320559)
(-0.00507958 8.30368 -0.0581453)
(0.127531 8.16555 -0.168667)
(0.127734 8.30898 -0.0320559)
(0.253338 8.29338 -0.00414656)
(0.249462 8.15292 -0.153857)
(-2.25127 -8.13232 0.124429)
(-2.37388 -8.12924 0.250527)
(-2.48596 -8.12383 0.25421)
(-2.13409 -8.08371 0.247066)
(-2.07827 -8.055 0.286883)
(-2.2583 -8.09878 0.374159)
(-2.25988 -8.08638 0.500003)
(2.25127 -8.13232 0.124429)
(2.13409 -8.08371 0.247066)
(2.07827 -8.055 0.286883)
(2.00587 -8.02 0.250224)
(2.37388 -8.12924 0.250527)
(2.48596 -8.12383 0.25421)
(2.2583 -8.09878 0.374159)
(2.25988 -8.08638 0.500003)
(-2.56281 -7.70959 0.123806)
(-2.60506 -7.88562 0.250539)
(-2.60397 -7.98654 0.254034)
(-2.55953 -7.70665 0.252332)
(-2.54135 -7.71356 0.502548)
(-2.55023 -7.69846 0.375003)
(-1.89487 -7.62567 0.250123)
(-1.88938 -7.74886 0.374952)
(1.91263 -7.74887 0.125685)
(1.9165 -7.86348 0.249797)
(1.93651 -7.9447 0.24955)
(1.91908 -7.62969 0.00743732)
(1.90927 -7.62582 0.127984)
(1.90781 -7.50252 0.132863)
(1.89487 -7.62567 0.250123)
(1.90506 -7.50412 0.249721)
(1.86942 -7.74938 0.499874)
(1.88938 -7.74886 0.374952)
(2.51464 -7.50126 0.24636)
(2.54593 -7.615 0.249248)
(2.55953 -7.70665 0.252332)
(2.55023 -7.69846 0.375003)
(-2.40765 -7.12267 0.28252)
(-2.40387 -6.99635 0.248453)
(-2.48845 -7.13051 0.113765)
(-2.42317 -7.20893 0.302863)
(-1.97686 -7.00066 0.245843)
(-1.96708 -7.12445 0.244249)
(-1.94577 -7.24217 0.255936)
(-2.01417 -7.24381 0.379676)
(-1.95215 -7.34589 0.38023)
(-1.93272 -7.33217 0.291103)
(-2.24605 -7.34611 0.531618)
(-2.37328 -7.24656 0.376832)
(-2.03085 -7.1234 0.350561)
(1.90052 -7.39071 0.134214)
(1.91652 -7.22338 0.127501)
(1.92 -7.25247 -0.0248575)
(1.93711 -7.37191 -0.0405202)
(1.91961 -7.38527 0.246845)
(1.94577 -7.24217 0.255936)
(1.93272 -7.33217 0.291103)
(2.51922 -7.25243 0.120833)
(2.40387 -6.99635 0.248453)
(2.40765 -7.12267 0.28252)
(2.42317 -7.20893 0.302863)
(2.46791 -7.24989 0.244623)
(2.49517 -7.38059 0.238619)
(2.40555 -7.37368 0.410148)
(2.37328 -7.24656 0.376832)
(2.34824 -7.38173 0.493374)
(-2.29122 -6.71682 0.307104)
(-2.29931 -6.6164 0.306999)
(-2.2958 -6.49844 0.303472)
(-2.23651 -6.87906 0.352343)
(-2.24157 -6.75116 0.33814)
(-2.13612 -6.87551 0.354662)
(-2.13355 -6.75143 0.352833)
(-2.12496 -6.50007 0.354809)
(-2.12842 -6.62646 0.354819)
(-1.97301 -6.622 0.276231)
(1.90237 -6.75179 0.12058)
(1.97301 -6.622 0.276231)
(1.96571 -6.5009 0.287836)
(2.38054 -6.87675 0.245231)
(2.41141 -6.75102 0.164314)
(2.35674 -6.74767 0.252168)
(2.29931 -6.6164 0.306999)
(2.29122 -6.71682 0.307104)
(2.2958 -6.49844 0.303472)
(2.13355 -6.75143 0.352833)
(2.13612 -6.87551 0.354662)
(2.23651 -6.87906 0.352343)
(2.24157 -6.75116 0.33814)
(2.12842 -6.62646 0.354819)
(-2.40312 -6.12356 0.138096)
(-2.2923 -6.12566 0.29997)
(-2.12165 -6.37363 0.354726)
(-1.76657 -6.12972 0.12355)
(-1.80498 -6.16604 0.180432)
(-1.82338 -6.25396 0.178315)
(1.95963 -6.3826 0.295722)
(1.95035 -6.28829 0.30664)
(1.88341 -6.25707 0.254464)
(1.82389 -6.25391 0.177952)
(1.84794 -6.12611 0.247364)
(2.01331 -6.12099 0.355641)
(2.01171 -5.99972 0.371282)
(1.84646 -5.99774 0.277591)
(2.40929 -6.37325 0.133276)
(2.40474 -6.24794 0.13374)
(2.28954 -6.24962 0.296348)
(2.29199 -6.37462 0.29651)
(2.40078 -6.12319 0.132468)
(2.28711 -6.12648 0.302109)
(2.29838 -5.99861 0.287478)
(2.39729 -5.99951 0.135325)
(2.11641 -6.24832 0.360889)
(2.12165 -6.37364 0.354629)
(2.12496 -6.50007 0.354809)
(2.11362 -6.1243 0.372981)
(2.1126 -5.99996 0.382767)
(-2.4001 -5.62688 0.13643)
(-2.30004 -5.62675 0.294637)
(-1.69108 -5.66361 0.173788)
(-1.72904 -5.62456 0.244871)
(-1.89057 -5.62118 0.382519)
(-1.87974 -5.75369 0.352532)
(-1.71953 -5.50351 0.278494)
(-1.88436 -5.50018 0.401238)
(1.83472 -5.8822 0.29276)
(1.71406 -5.881 0.1266)
(1.73281 -5.99863 0.112813)
(1.87974 -5.75369 0.352532)
(1.89057 -5.62118 0.382519)
(1.72904 -5.62456 0.244871)
(1.76403 -5.75504 0.251674)
(1.8212 -5.79088 0.305751)
(2.39623 -5.87453 0.134837)
(2.39624 -5.75173 0.134662)
(2.29653 -5.75161 0.29159)
(2.29473 -5.87531 0.290264)
(2.4001 -5.62688 0.13643)
(2.30004 -5.62675 0.294637)
(2.30326 -5.50182 0.297892)
(2.4028 -5.50116 0.140488)
(2.11099 -5.74999 0.403064)
(2.11194 -5.87493 0.390533)
(2.11036 -5.62565 0.416998)
(-2.40908 -5.12499 0.11075)
(-2.29581 -5.12231 0.292638)
(-2.11692 -5.37038 0.441721)
(-2.15955 -5.24918 0.417643)
(-1.99023 -5.39893 0.447138)
(-1.99679 -5.23415 0.469507)
(-1.65252 -5.37482 0.245034)
(-1.57242 -5.29181 0.175428)
(-1.60887 -5.24737 0.242105)
(-1.70079 -5.41464 0.292411)
(-1.51682 -5.25435 0.123746)
(-1.57434 -5.04066 0.296375)
(-1.59281 -5.12691 0.276884)
(-1.82561 -5.25513 0.428667)
(-1.87037 -5.3824 0.422714)
(-1.75376 -5.37833 0.355059)
(-1.75752 -5.24894 0.392)
(-1.74706 -5.13033 0.411025)
(-1.82031 -5.16475 0.446091)
(-1.70283 -5.00227 0.419921)
(1.75376 -5.37833 0.355059)
(1.75752 -5.24894 0.392)
(1.70079 -5.41464 0.292411)
(1.87037 -5.3824 0.422714)
(1.82561 -5.25513 0.428667)
(1.99023 -5.39893 0.447138)
(1.99679 -5.23415 0.469507)
(1.59281 -5.12691 0.276884)
(1.74706 -5.13033 0.411025)
(1.82031 -5.16475 0.446091)
(1.70283 -5.00227 0.419921)
(2.40497 -5.37621 0.141599)
(2.41792 -5.24999 0.110361)
(2.3018 -5.24678 0.298066)
(2.30649 -5.37701 0.301086)
(2.40908 -5.12499 0.11075)
(2.29581 -5.12231 0.292638)
(2.28862 -4.99995 0.287196)
(2.39998 -4.99991 0.111213)
(2.15955 -5.24918 0.417643)
(2.11692 -5.37038 0.441721)
(-2.3462 -4.62415 0.120037)
(-2.28439 -4.6195 0.249722)
(-2.31724 -4.58265 0.173133)
(-1.98727 -4.75011 0.500484)
(-2.14843 -4.74987 0.398854)
(-1.70287 -4.91623 0.439254)
(-1.75517 -4.87586 0.47112)
(-1.87877 -4.8724 0.520525)
(-1.87585 -4.74955 0.533272)
(-1.75414 -4.62704 0.52791)
(-1.76236 -4.74445 0.503218)
(-1.57948 -4.7521 0.417353)
(-1.30272 -4.6616 0.0379025)
(-1.32153 -4.64017 0.139639)
(-1.35507 -4.6229 0.241893)
(-1.39569 -4.50431 0.370559)
(1.34094 -4.75158 0.124908)
(1.50237 -5.00167 0.246091)
(1.47067 -4.87544 0.278136)
(1.32153 -4.64017 0.139639)
(1.30593 -4.5362 0.162283)
(1.2888 -4.49161 0.116554)
(1.26716 -4.49383 -0.00454741)
(1.35507 -4.6229 0.241893)
(1.33311 -4.51071 0.259349)
(1.49649 -4.63499 0.412087)
(1.75517 -4.87586 0.47112)
(1.70287 -4.91623 0.439254)
(1.98727 -4.75011 0.500484)
(1.87585 -4.74955 0.533272)
(1.76236 -4.74445 0.503218)
(1.62403 -4.63141 0.490148)
(1.75414 -4.62704 0.52791)
(1.56999 -4.67401 0.441814)
(1.57948 -4.7521 0.417353)
(2.38412 -4.8752 0.111717)
(2.36498 -4.75411 0.110244)
(2.27641 -4.75285 0.27344)
(2.28191 -4.87511 0.280831)
(2.28439 -4.6195 0.249722)
(2.31724 -4.58265 0.173133)
(2.3462 -4.62415 0.120037)
(2.14843 -4.74987 0.398854)
(-2.22762 -4.3735 0.246964)
(-2.17819 -4.33599 0.301809)
(-2.1616 -4.24728 0.289803)
(-2.24544 -4.26422 0.115192)
(-2.28159 -4.37398 0.124518)
(-2.15796 -4.12323 0.242922)
(-2.1235 -4.00349 0.235305)
(-2.11232 -4.24444 0.379081)
(-2.00431 -4.24966 0.505312)
(-2.06207 -4.21439 0.43779)
(-1.20625 -4.16785 0.127444)
(-1.21759 -4.15887 0.246627)
(-1.34242 -4.38186 0.376191)
(-1.2729 -4.24693 0.370827)
(-1.33194 -4.29095 0.416119)
(-1.21547 -4.12913 0.376717)
(-1.28111 -4.12024 0.48923)
(-1.18252 -4.04665 0.40553)
(-1.33836 -4.16055 0.532022)
(-1.37464 -4.25787 0.500384)
(1.313 -4.41679 0.292629)
(1.29078 -4.36631 0.240792)
(1.26828 -4.36989 0.119279)
(1.33194 -4.29095 0.416119)
(1.2729 -4.24693 0.370827)
(1.25288 -4.2497 0.244637)
(1.37464 -4.25787 0.500384)
(1.33836 -4.16055 0.532022)
(1.28111 -4.12024 0.48923)
(1.21547 -4.12913 0.376717)
(2.00431 -4.24966 0.505312)
(1.93767 -4.28524 0.557024)
(2.06207 -4.21439 0.43779)
(2.15796 -4.12323 0.242922)
(2.1398 -4.37848 0.366293)
(2.11232 -4.24444 0.379081)
(-2.08866 -3.88401 0.241004)
(-2.05258 -3.74414 0.246184)
(-2.04459 -3.72592 0.122628)
(-2.07104 -3.83765 0.29752)
(-1.09047 -3.87823 0.249011)
(-1.10673 -3.87563 0.126029)
(-1.06786 -3.76151 0.125626)
(-1.06548 -3.78143 0.246188)
(-1.01962 -3.49692 0.24805)
(-1.0373 -3.60949 0.245202)
(-1.07695 -3.75763 0.381152)
(-1.10517 -3.87018 0.368612)
(-1.07594 -3.63021 0.421115)
(1.10517 -3.87018 0.368612)
(1.07695 -3.75763 0.381152)
(2.00585 -3.49979 0.249392)
(2.02423 -3.62279 0.249732)
(2.05258 -3.74414 0.246184)
(2.02116 -3.7487 0.368328)
(1.93958 -3.74612 0.540845)
(2.07104 -3.83765 0.29752)
(-1.01381 -3.25593 0.000194122)
(-0.970475 -3.2503 0.128592)
(-0.976286 -3.25412 0.250119)
(-0.951397 -3.15014 0.253131)
(-0.997969 -3.37455 0.249868)
(-1.00167 -3.24456 0.488374)
(-0.988044 -3.25111 0.373967)
(1.97335 -3.25123 0.250476)
(1.96677 -3.25446 0.137909)
(1.94593 -3.13698 0.140263)
(1.9544 -3.129 0.253938)
(1.99104 -3.37533 0.249633)
(1.91216 -3.25276 0.536371)
(1.97435 -3.25419 0.361837)
(1.94982 -3.0052 0.257878)
(1.94168 -3.09703 0.421198)
(1.95633 -3.13052 0.370676)
(1.92102 -3.12175 0.510477)
(-1.93727 -2.65696 0.210834)
(-1.92348 -2.62372 0.120728)
(-0.817706 -2.65412 0.131553)
(-0.828059 -2.652 0.249715)
(-0.895753 -2.87117 0.373282)
(-0.923967 -2.98817 0.369443)
(-0.866137 -2.7516 0.374951)
(0.841927 -2.75627 0.125705)
(0.870179 -2.86887 0.13147)
(0.882525 -2.87339 0.250422)
(0.903666 -2.99184 0.128964)
(0.910472 -2.98501 0.250525)
(0.817706 -2.65412 0.131553)
(0.879387 -2.74801 0.496016)
(0.866137 -2.7516 0.374951)
(1.94086 -2.87049 0.213947)
(1.9229 -2.87203 0.113829)
(1.92117 -2.75265 0.114031)
(1.93921 -2.75353 0.213982)
(1.92348 -2.62372 0.120728)
(1.93727 -2.65696 0.210834)
(1.94681 -2.61809 0.262748)
(1.92694 -2.49877 0.0988404)
(1.94957 -2.49648 0.26105)
(1.95281 -2.74556 0.488923)
(1.95323 -2.74884 0.380081)
(-0.742684 -2.24971 0.3738)
(-0.766068 -2.36896 0.369063)
(-0.79663 -2.48683 0.365157)
(-0.769893 -2.24646 0.491501)
(-0.79259 -2.36571 0.487951)
(-0.717756 -2.1321 0.375477)
(-0.74521 -2.12996 0.500214)
(-0.696501 -2.0287 0.379725)
(0.79259 -2.36571 0.487951)
(0.766068 -2.36896 0.369063)
(0.79663 -2.48683 0.365157)
(1.95403 -2.00065 0.260563)
(1.95503 -2.12502 0.260237)
(1.93024 -2.12491 0.0685482)
(1.92739 -1.99988 0.0712284)
(1.95243 -2.37432 0.260429)
(1.96034 -2.24967 0.496633)
(1.95966 -2.24978 0.376023)
(1.95539 -2.24995 0.260249)
(-1.93707 -1.61923 0.214876)
(-1.91811 -1.62215 0.11382)
(-0.639918 -1.86282 0.250068)
(-0.638478 -1.86073 0.129698)
(-0.607186 -1.75461 0.125812)
(-0.611095 -1.75497 0.250386)
(-0.583544 -1.65257 0.24851)
(-0.541989 -1.48722 0.246879)
(-0.624205 -1.75008 0.374049)
(-0.653218 -1.86172 0.370397)
(-0.589303 -1.62896 0.373723)
(0.583544 -1.65257 0.24851)
(0.653218 -1.86172 0.370397)
(0.624205 -1.75008 0.374049)
(0.589303 -1.62896 0.373723)
(1.92334 -1.74211 0.111721)
(1.91811 -1.62215 0.11382)
(1.93707 -1.61923 0.214876)
(1.93974 -1.71638 0.21058)
(1.9531 -1.87856 0.261451)
(1.97158 -1.75018 0.499071)
(1.96276 -1.75041 0.378384)
(1.95009 -1.75581 0.261803)
(1.93336 -1.49833 0.217917)
(-1.92365 -1.12703 0.243615)
(-1.89457 -1.12459 0.12334)
(-0.483742 -1.25575 0.125733)
(-0.481434 -1.25851 0.249925)
(-0.449832 -1.15871 0.249281)
(-0.512669 -1.37378 0.24953)
(-0.516074 -1.36952 0.369472)
(-0.546621 -1.48678 0.36498)
(-0.502638 -1.25121 0.496801)
(-0.531255 -1.36808 0.491245)
(-0.486831 -1.25527 0.374437)
(0.447894 -1.15837 0.12921)
(0.449832 -1.15871 0.249281)
(0.385369 -0.98785 0.24995)
(1.92665 -1.37436 0.21843)
(1.90432 -1.375 0.11631)
(1.90057 -1.24952 0.118954)
(1.92328 -1.25216 0.222237)
(1.89457 -1.12459 0.12334)
(1.92365 -1.12703 0.243615)
(1.97124 -1.25036 0.50021)
(1.95216 -1.25361 0.386279)
(-1.88761 -0.6207 0.24249)
(-1.85959 -0.627374 0.131968)
(-1.92101 -0.745163 0.367783)
(-1.90754 -0.617271 0.368728)
(-0.218262 -0.535907 0.125501)
(-0.255038 -0.618539 0.128985)
(-0.215675 -0.536965 0.249838)
(-0.248066 -0.620292 0.250415)
(-0.315919 -0.790743 0.382621)
(-0.269374 -0.612581 0.490442)
(-0.247473 -0.618065 0.374634)
(-0.215674 -0.535006 0.37173)
(0.315018 -0.783775 0.116731)
(0.343851 -0.88385 0.249926)
(0.336582 -0.778841 0.499986)
(0.315919 -0.790743 0.382621)
(1.90839 -0.871889 0.237579)
(1.87787 -0.873846 0.1208)
(1.87096 -0.750302 0.124274)
(1.90062 -0.747779 0.240208)
(1.85959 -0.627374 0.131968)
(1.88761 -0.6207 0.24249)
(1.92101 -0.745163 0.367783)
(1.90754 -0.617271 0.368728)
(-1.86707 -0.376799 0.376175)
(-1.84078 -0.263354 0.37911)
(-1.80305 -0.0964762 0.374319)
(-1.79547 -0.121047 0.250077)
(1.80972 -0.215785 0.213686)
(1.82782 -0.262581 0.262264)
(1.85411 -0.380922 0.260842)
(1.76951 -0.122384 0.122798)
(1.79547 -0.121047 0.250077)
(1.84078 -0.263354 0.37911)
(1.86707 -0.376799 0.376175)
(1.81157 -0.0927887 0.50397)
(1.80305 -0.0964762 0.374319)
(1.78371 0.0070334 0.374503)
(1.72202 0.371021 0.138054)
(1.72797 0.374556 0.25148)
(1.70932 0.497297 0.133797)
(1.7168 0.499306 0.253348)
(1.74721 0.250005 0.374948)
(1.76195 0.125696 0.374935)
(1.73353 0.374665 0.374603)
(1.72477 0.373587 0.496178)
(1.72154 0.499286 0.374306)
(-1.66602 0.748388 0.0850632)
(-1.70102 0.737705 0.260304)
(-1.68879 0.900494 0.252266)
(-1.67741 1.00799 0.249267)
(-1.69953 0.618042 0.488216)
(-1.6886 0.658826 0.538698)
(-1.68415 0.753366 0.530974)
(-1.7037 0.737289 0.367424)
(-1.7116 0.622673 0.372563)
(1.68938 0.899865 0.252239)
(1.7037 0.737289 0.367424)
(1.7116 0.622673 0.372563)
(-1.61277 1.24538 0.139853)
(-1.53801 1.24728 -0.0387982)
(-1.55226 1.13175 -0.053949)
(-1.6311 1.12343 0.134824)
(-1.66536 1.12587 0.249986)
(-1.58868 1.36861 0.135305)
(-1.5594 1.41225 0.0844961)
(-1.53142 1.37784 -0.00316617)
(-1.63516 1.36795 0.25711)
(-1.59672 1.49201 0.253828)
(-1.65438 1.25022 0.499467)
(-1.65522 1.25027 0.375)
(1.63516 1.36795 0.25711)
(1.58868 1.36861 0.135305)
(1.56647 1.54173 0.209608)
(1.59672 1.49201 0.253828)
(1.65522 1.25027 0.375)
(1.49593 1.737 0.254014)
(1.46062 1.73872 0.132948)
(1.41808 1.78679 0.0859255)
(1.38271 1.87857 0.121819)
(1.41044 1.90469 0.250519)
(1.35502 2.00338 0.255092)
(1.31942 1.93152 0.0730131)
(1.51608 1.74292 0.500225)
(1.51484 1.74301 0.374688)
(1.54366 1.6341 0.243048)
(1.42968 1.91712 0.375822)
(-1.11343 2.24215 0.136496)
(-1.13917 2.14705 0.110919)
(-1.20228 2.10833 0.140836)
(-1.27504 2.1287 0.253516)
(-1.20934 2.24232 0.258534)
(-1.1565 2.28206 0.216876)
(-1.10631 2.11133 0.0443289)
(-1.28326 2.01692 0.118184)
(-1.04141 2.28445 0.0901816)
(-1.17433 2.41253 0.338423)
(-1.20744 2.36693 0.38373)
(-1.23886 2.3755 0.503759)
(-1.20117 2.49425 0.508642)
(1.01166 2.38092 0.118332)
(0.881114 2.37891 0.018647)
(0.926192 2.42116 0.0723718)
(1.25695 2.2502 0.380572)
(1.29349 2.15851 0.371384)
(1.20744 2.36693 0.38373)
(1.12646 2.37656 0.247914)
(1.17433 2.41253 0.338423)
(1.05931 2.4218 0.193352)
(1.03437 2.50773 0.215604)
(1.23886 2.3755 0.503759)
(-1.16244 2.74984 0.492934)
(-1.11329 2.75037 0.384846)
(1.03935 2.99258 0.211707)
(1.02163 2.87336 0.226522)
(0.905162 2.86806 0.095579)
(0.922335 2.95845 0.0784076)
(0.972622 3.00026 0.12484)
(1.01472 2.75001 0.234835)
(0.891272 2.74943 0.108525)
(1.01436 2.6249 0.235578)
(1.11329 2.75037 0.384846)
(-3.62257 3.12568 0.343909)
(-3.61402 2.9686 0.463314)
(-3.73993 3.0038 0.50086)
(-3.76617 3.12387 0.511224)
(-3.52933 3.37254 0.223701)
(-3.65424 3.24994 0.37065)
(-3.69788 3.2979 0.453394)
(-3.12688 3.21167 0.089481)
(-3.13322 3.10016 0.25793)
(-2.83125 3.31715 0.113777)
(-3.00428 3.21758 0.129144)
(-2.68959 3.43147 0.132213)
(-1.0951 3.1257 0.254342)
(-1.195 3.20331 0.456007)
(-1.17517 3.21757 0.367355)
(1.0951 3.1257 0.254342)
(1.05089 3.08828 0.202213)
(1.17517 3.21757 0.367355)
(1.195 3.20331 0.456007)
(1.25074 3.37887 0.502247)
(1.23658 3.3864 0.380845)
(1.2644 3.50039 0.375958)
(1.20185 3.38843 0.260556)
(1.22327 3.25172 0.499985)
(2.83125 3.31715 0.113777)
(3.00428 3.21758 0.129144)
(2.68959 3.43147 0.132213)
(3.38119 3.24735 0.0927678)
(3.3694 3.09976 0.225388)
(3.52006 3.49015 0.259499)
(3.52933 3.37254 0.223701)
(3.40747 3.37695 0.0895903)
(3.40187 3.49442 0.0986149)
(3.49705 3.12863 0.251615)
(3.37157 2.97925 0.383341)
(3.65424 3.24994 0.37065)
(3.69788 3.2979 0.453394)
(-3.17904 3.92578 0.249207)
(-3.16293 3.91081 0.124497)
(-3.43444 3.67727 0.359604)
(-3.30079 3.80478 0.370467)
(-2.7382 3.73503 0.517657)
(-2.53296 3.75493 0.368166)
(-2.62555 3.74733 0.464262)
(-2.59314 3.71601 0.403516)
(-2.46726 3.74669 0.25763)
(-2.43516 3.82036 0.298687)
(-2.33216 3.83919 0.133251)
(-2.4437 3.70437 0.140755)
(-2.2171 3.97062 0.130564)
(-2.25273 4.00453 0.245151)
(-2.32353 3.95348 0.290517)
(-2.36494 3.87195 0.251358)
(1.30846 3.83078 0.0836375)
(1.34899 3.88002 0.131745)
(1.39294 4.00256 0.131385)
(2.33216 3.83919 0.133251)
(2.2171 3.97062 0.130564)
(2.20442 3.95204 -0.00242513)
(2.7382 3.73503 0.517657)
(2.75274 3.62881 0.473788)
(2.62555 3.74733 0.464262)
(2.46376 3.86052 0.384022)
(2.53296 3.75493 0.368166)
(2.59314 3.71601 0.403516)
(3.37002 3.62007 0.129269)
(3.29928 3.79358 0.243608)
(3.41229 3.65677 0.247659)
(3.16293 3.91081 0.124497)
(3.17904 3.92578 0.249207)
(3.30079 3.80478 0.370467)
(-2.78429 4.40691 0.127141)
(-2.90702 4.24641 0.122184)
(-2.8996 4.27112 0.247244)
(-2.78995 4.40688 0.241886)
(-2.7719 4.36903 0.0041917)
(-2.68262 4.54742 0.25773)
(-2.77254 4.26644 0.491384)
(-2.8861 4.26076 0.368203)
(-2.82495 4.3174 0.406097)
(-2.77377 4.3894 0.369492)
(-2.03238 4.25637 0.243657)
(-1.97995 4.25288 0.12367)
(-1.94034 4.32123 0.167163)
(-1.96824 4.34474 0.252901)
(-2.243 4.12078 0.376249)
(-2.2039 4.20777 0.412224)
(-2.24601 4.24953 0.4873)
(-2.35437 4.23761 0.530161)
(-2.20874 4.08651 0.284445)
(-2.13637 4.13452 0.240913)
(-2.09096 4.21174 0.283381)
(-2.12488 4.24893 0.373967)
(-2.24537 4.49573 0.555795)
(-2.23696 4.36599 0.519664)
(-1.87421 4.37805 0.12278)
(-1.39147 4.12429 0.376145)
(-1.40457 4.24639 0.382116)
(-1.44259 4.33362 0.294331)
(-1.42343 4.36585 0.385299)
(1.46545 4.25757 0.00795791)
(1.46551 4.26532 0.119838)
(1.46625 4.37827 0.243819)
(1.44259 4.33362 0.294331)
(1.4321 4.2448 0.283919)
(1.40457 4.24639 0.382116)
(1.39147 4.12429 0.376145)
(1.42292 4.12374 0.247395)
(1.42343 4.36585 0.385299)
(1.97995 4.25288 0.12367)
(1.94034 4.32123 0.167163)
(1.87421 4.37805 0.12278)
(1.82651 4.45727 0.165442)
(1.96824 4.34474 0.252901)
(1.84934 4.49462 0.250871)
(2.13637 4.13452 0.240913)
(2.20874 4.08651 0.284445)
(2.243 4.12078 0.376249)
(2.2039 4.20777 0.412224)
(2.12488 4.24893 0.373967)
(2.09096 4.21174 0.283381)
(2.49088 4.24518 0.563617)
(2.35437 4.23761 0.530161)
(2.3664 4.11921 0.494914)
(2.46557 4.10456 0.536819)
(2.23696 4.36599 0.519664)
(2.24601 4.24953 0.4873)
(2.90702 4.24641 0.122184)
(2.78429 4.40691 0.127141)
(2.78995 4.40688 0.241886)
(2.8996 4.27112 0.247244)
(2.76536 4.13556 0.554885)
(2.8861 4.26076 0.368203)
(2.82495 4.3174 0.406097)
(2.77254 4.26644 0.491384)
(2.63764 4.26468 0.550806)
(2.77377 4.3894 0.369492)
(-2.5365 4.78902 0.127823)
(-2.63861 4.61597 0.246592)
(-2.53668 4.79163 0.242368)
(-2.51065 4.7629 0.382325)
(-2.24132 4.62607 0.56264)
(-1.97869 4.73047 0.536657)
(-2.12516 4.75537 0.556422)
(-2.24631 4.74678 0.545765)
(-2.24046 4.86939 0.511816)
(-2.25229 5.00588 0.490117)
(-2.30183 5.03972 0.423626)
(-2.36801 5.00044 0.375135)
(-2.42743 4.88984 0.383065)
(-2.43608 4.80181 0.431246)
(-2.39807 4.76577 0.487277)
(-1.65392 4.58636 0.162641)
(-1.62 4.61859 0.243815)
(-1.50626 4.50525 0.240783)
(-1.5422 4.58317 0.284654)
(-1.61575 4.5512 0.113531)
(-1.52666 4.47439 0.121503)
(-1.8592 4.61051 0.384903)
(-1.74851 4.71589 0.40687)
(-1.82223 4.69497 0.424451)
(-1.61934 4.67151 0.363489)
(-1.66009 4.71712 0.409846)
(-1.62664 4.75192 0.498138)
(-1.52303 4.60348 0.373242)
(-1.87149 4.73508 0.494545)
(-1.76265 4.82063 0.539327)
(-1.67315 4.81271 0.552947)
(1.81432 4.56739 0.296204)
(1.61934 4.67151 0.363489)
(1.74851 4.71589 0.40687)
(1.66009 4.71712 0.409846)
(1.8592 4.61051 0.384903)
(1.82223 4.69497 0.424451)
(1.97869 4.73047 0.536657)
(1.87149 4.73508 0.494545)
(2.46514 4.86614 0.0092794)
(2.5055 4.86351 0.124668)
(2.41273 4.99804 0.255257)
(2.44152 4.93295 0.29651)
(2.4944 4.8783 0.25086)
(2.40924 5.02734 0.124941)
(2.53668 4.79163 0.242368)
(2.51065 4.7629 0.382325)
(2.43608 4.80181 0.431246)
(2.39807 4.76577 0.487277)
(2.53803 4.66304 0.411394)
(2.24631 4.74678 0.545765)
(2.12516 4.75537 0.556422)
(2.25229 5.00588 0.490117)
(2.24046 4.86939 0.511816)
(2.60027 4.62036 0.367816)
(-2.13793 5.38807 0.24397)
(-2.25923 5.24149 0.246208)
(-2.22586 5.2461 0.369413)
(-2.17419 5.30008 0.406419)
(-2.12312 5.37086 0.366829)
(-2.06191 5.42563 0.411916)
(-2.00915 5.48134 0.376302)
(-2.12591 5.25266 0.500889)
(-2.05484 5.29385 0.540836)
(-1.92736 5.55199 0.38096)
(1.99968 5.52053 0.246652)
(1.93683 5.56367 0.290859)
(2.14028 5.39024 0.130798)
(2.13793 5.38807 0.24397)
(2.01527 5.51687 0.128266)
(2.18248 5.30167 -0.0420871)
(2.12626 5.37722 -0.00475466)
(2.22586 5.2461 0.369413)
(2.29547 5.1366 0.36985)
(2.30183 5.03972 0.423626)
(2.12312 5.37086 0.366829)
(2.17419 5.30008 0.406419)
(-1.6136 5.70544 0.238611)
(-1.6093 5.72042 0.1249)
(-1.75246 5.66806 0.250262)
(-1.66211 5.68797 0.281248)
(-1.75422 5.65562 0.375571)
(-1.74553 5.62436 0.504849)
(-1.12036 5.67906 0.165188)
(-1.12252 5.646 0.259936)
(-1.24702 5.65151 0.377816)
(-0.637401 5.74529 0.254447)
(-0.639125 5.794 0.134797)
(-0.673062 5.67671 0.30152)
(-0.674345 5.81148 0.0519874)
(-0.536994 5.79328 0.253941)
(-0.550502 5.81171 0.169853)
(-0.875812 5.5982 0.368666)
(-0.752614 5.61885 0.370093)
(-0.749907 5.52521 0.527415)
(-0.397898 5.75079 0.520918)
(-0.393685 5.87517 0.493849)
(-0.430577 5.90842 0.419888)
(-0.462836 5.87245 0.365587)
(-0.515431 5.74743 0.364792)
(0.480266 5.99938 0.241584)
(0.509219 5.88067 0.249013)
(0.422073 6.00633 0.423928)
(0.430577 5.90842 0.419888)
(0.462836 5.87245 0.365587)
(0.393685 5.87517 0.493849)
(0.397898 5.75079 0.520918)
(0.515431 5.74743 0.364792)
(0.878903 5.66036 0.257334)
(0.915509 5.6879 0.170647)
(0.875008 5.71968 0.118931)
(0.634688 5.8629 -0.00315218)
(0.752614 5.61885 0.370093)
(0.749907 5.52521 0.527415)
(1.38418 5.70346 0.236687)
(1.37911 5.71819 0.121003)
(1.24511 5.66243 0.254698)
(1.33891 5.68241 0.282388)
(1.24702 5.65151 0.377816)
(1.88857 5.63198 0.130481)
(1.88974 5.61102 0.00107501)
(1.88829 5.61306 0.250257)
(1.75422 5.65562 0.375571)
(0.466641 6.503 0.251193)
(0.446362 6.38005 0.250207)
(0.449052 6.37392 0.13462)
(0.455104 6.49973 0.138935)
(0.453542 6.25171 0.240136)
(0.458519 6.24773 0.132369)
(-0.591973 7.00962 0.25773)
(-0.564547 6.95953 0.210945)
(-0.548531 6.86777 0.247502)
(0.489291 6.74873 0.130997)
(0.410966 6.74026 -0.0346503)
(0.548531 6.86777 0.247502)
(0.513431 6.74288 0.245695)
(0.488643 6.62393 0.249789)
(0.547477 6.73817 0.493025)
(0.529792 6.73431 0.36903)
(-0.631296 7.12058 0.249642)
(-0.59328 7.12932 0.132016)
(0.723896 7.50335 0.263179)
(0.703721 7.38497 0.263229)
(0.684614 7.33984 0.215931)
(0.731675 7.37644 0.501029)
(0.725586 7.38031 0.380381)
(0.736918 7.50002 0.376424)
(-0.67094 7.75125 0.116752)
(-0.727849 7.62143 0.264244)
(-0.716892 7.7469 0.256425)
(-0.693752 7.78779 0.204471)
(-0.651936 7.87591 0.121229)
(-0.681989 7.88345 0.21869)
(-0.658211 8.00096 0.252802)
(-0.7203 7.86111 0.384757)
(-0.731207 7.8624 0.500444)
(0.681989 7.88345 0.21869)
(0.739366 7.74751 0.378925)
(0.746458 7.62456 0.37653)
(0.731207 7.8624 0.500444)
(0.7203 7.86111 0.384757)
(-0.593447 8.12123 0.252396)
(-0.525268 8.27686 0.499541)
(-0.521337 8.27089 0.381227)
(-0.376381 8.35843 0.247843)
(-0.247212 8.41127 0.246752)
(-0.246077 8.35644 0.126897)
(-0.123668 8.42291 0.217082)
(-0.120917 8.38556 0.133862)
(-0.366301 8.39497 0.37886)
(-0.277388 8.43341 0.376637)
(0.290147 8.3208 0.0765537)
(0.383389 8.29344 0.113643)
(0.380215 8.24227 -0.00382758)
(0.420899 8.31534 0.202906)
(0.50379 8.25268 0.250471)
(0.246077 8.35644 0.126897)
(0.120917 8.38556 0.133862)
(0.123668 8.42291 0.217082)
(0.247212 8.41127 0.246752)
(0.376381 8.35843 0.247843)
(0.305417 8.42986 0.499562)
(0.277388 8.43341 0.376637)
(0.366301 8.39497 0.37886)
(0.521337 8.27089 0.381227)
(-2.25745 -8.08393 0.625469)
(-2.37409 -8.10466 0.750165)
(-2.48773 -8.11449 0.75001)
(-2.25074 -8.10861 0.875584)
(-2.25014 -8.12046 1.00018)
(-2.1328 -8.06915 0.754619)
(-2.0808 -8.05172 0.71454)
(2.25745 -8.08393 0.625469)
(2.37409 -8.10466 0.750165)
(2.48773 -8.11449 0.75001)
(2.25074 -8.10861 0.875584)
(2.25014 -8.12046 1.00018)
(-2.53246 -7.72216 0.621914)
(-2.61848 -7.86971 0.749895)
(-2.65427 -8.00174 0.739149)
(-2.51265 -7.71498 0.747005)
(-2.48921 -7.73874 0.86733)
(-2.25288 -7.47137 0.65418)
(-2.25589 -7.58451 0.789339)
(-2.37628 -7.77146 0.999636)
(-2.38232 -7.70833 0.886924)
(-2.4219 -7.67463 0.799137)
(-2.25343 -7.72141 1.00311)
(-2.29249 -7.69238 0.922579)
(-2.3748 -7.62131 0.754111)
(-2.24882 -7.64589 0.87904)
(-2.13659 -7.60453 0.897551)
(-2.1637 -7.69955 1.04204)
(-2.12288 -7.65599 0.996384)
(-1.87811 -7.63623 0.619811)
(-1.89491 -7.63041 0.753973)
(-1.85661 -7.7382 0.874026)
(-1.90768 -7.6503 0.876157)
(-1.91402 -7.66447 0.989393)
(1.85218 -7.75045 0.62421)
(1.84666 -7.88698 0.735337)
(1.88698 -7.9783 0.73243)
(1.89491 -7.63041 0.753973)
(1.955 -7.5546 0.793807)
(1.8662 -7.73645 0.999271)
(1.85661 -7.7382 0.874026)
(1.91402 -7.66447 0.989393)
(1.90768 -7.6503 0.876157)
(2.25589 -7.58451 0.789339)
(2.3748 -7.62131 0.754111)
(2.48921 -7.73874 0.86733)
(2.38232 -7.70833 0.886924)
(2.37628 -7.77146 0.999636)
(2.4219 -7.67463 0.799137)
(2.29249 -7.69238 0.922579)
(2.13239 -7.55175 0.817742)
(2.13659 -7.60453 0.897551)
(2.24882 -7.64589 0.87904)
(2.12288 -7.65599 0.996384)
(-1.74863 -4.14245 0.68971)
(-1.61083 -4.16709 0.691122)
(-1.63181 -4.24771 0.654579)
(-1.50168 -4.24958 0.609846)
(-1.62471 -3.98402 0.774911)
(1.2213 -4.00498 0.499524)
(1.61083 -4.16709 0.691122)
(1.74863 -4.14245 0.68971)
(1.80238 -4.03727 0.697375)
(-1.63131 -3.90252 0.803656)
(-1.90931 -3.6249 0.622204)
(-1.77793 -3.62518 0.778781)
(-1.61659 -3.73469 0.844203)
(-1.61398 -3.62313 0.858919)
(-1.7119 -3.62425 0.834569)
(-1.71534 -3.7383 0.837379)
(-1.20275 -3.63382 0.672989)
(-1.32583 -3.63339 0.798442)
(-1.19435 -3.53737 0.683638)
(-1.24893 -3.49588 0.749998)
(-1.31183 -3.53946 0.807352)
(1.32725 -3.91806 0.673316)
(1.24842 -3.88175 0.625666)
(1.20392 -3.9174 0.544139)
(1.36772 -3.87915 0.731869)
(1.46527 -3.7969 0.820107)
(1.36025 -3.75504 0.785281)
(1.90381 -3.74757 0.62273)
(1.77905 -3.74808 0.784734)
(1.90931 -3.6249 0.622204)
(1.77793 -3.62518 0.778781)
(1.77065 -3.50005 0.770847)
(1.90683 -3.50002 0.621837)
(1.71534 -3.7383 0.837379)
(1.61659 -3.73469 0.844203)
(1.7119 -3.62425 0.834569)
(1.61398 -3.62313 0.858919)
(-1.87258 -3.12498 0.615026)
(-1.77169 -3.12497 0.77192)
(-1.61235 -3.25004 0.873002)
(-1.61195 -3.12541 0.885538)
(-1.10349 -3.3747 0.617918)
(-1.08048 -3.2621 0.658136)
(-1.21448 -3.25454 0.783447)
(-1.23478 -3.36907 0.765086)
(-1.14384 -3.50412 0.623977)
(-1.05645 -3.17338 0.676936)
(-1.121 -3.12975 0.760103)
(-1.19952 -3.16649 0.800324)
(-1.08549 -3.00955 0.788514)
(-1.38405 -3.24846 0.86137)
(-1.38922 -3.37092 0.861912)
(-1.25542 -3.12531 0.842156)
(-1.37856 -3.12427 0.862028)
(1.121 -3.12975 0.760103)
(1.05645 -3.17338 0.676936)
(1.19952 -3.16649 0.800324)
(1.0136 -3.13139 0.624856)
(0.971924 -3.1307 0.499391)
(1.38922 -3.37092 0.861912)
(1.38405 -3.24846 0.86137)
(1.88254 -3.37497 0.621015)
(1.8715 -3.2497 0.618617)
(1.76304 -3.25 0.763011)
(1.75797 -3.37499 0.757831)
(1.87258 -3.12498 0.615026)
(1.77169 -3.12497 0.77192)
(1.61235 -3.25004 0.873002)
(1.61308 -3.37497 0.858184)
(1.61346 -3.49978 0.857364)
(1.61195 -3.12541 0.885538)
(-1.90015 -2.62107 0.744013)
(-1.75361 -2.75673 0.865756)
(-1.74877 -2.62393 0.901173)
(-1.66038 -2.75448 0.919437)
(-1.67429 -2.66491 0.932719)
(-1.49091 -2.73615 0.965813)
(-1.00236 -2.88458 0.755294)
(-1.066 -2.92151 0.808462)
(-1.24573 -2.88282 0.9139)
(-1.21735 -2.78546 0.934)
(-1.26261 -2.73724 0.952209)
(-1.37868 -2.73633 0.968589)
(-1.37575 -2.90522 0.921842)
(-1.12023 -2.88794 0.87872)
(-1.12668 -2.75084 0.919798)
(-0.968748 -2.74963 0.756526)
(-1.25392 -2.49797 1.00303)
(-1.26067 -2.61915 0.9781)
(-1.0982 -2.63359 0.932625)
(-1.08652 -2.54016 0.946087)
(-1.13372 -2.4977 0.967674)
(-0.959218 -2.62811 0.78451)
(0.91201 -2.74797 0.617171)
(0.959218 -2.62811 0.78451)
(0.944194 -2.5093 0.80019)
(1.12668 -2.75084 0.919798)
(1.12023 -2.88794 0.87872)
(1.24573 -2.88282 0.9139)
(1.21735 -2.78546 0.934)
(1.49091 -2.73615 0.965813)
(1.37868 -2.73633 0.968589)
(1.37575 -2.90522 0.921842)
(1.49744 -2.90283 0.917069)
(1.25392 -2.49797 1.00303)
(1.13372 -2.4977 0.967674)
(1.08652 -2.54016 0.946087)
(1.0982 -2.63359 0.932625)
(1.26067 -2.61915 0.9781)
(1.26261 -2.73724 0.952209)
(1.91492 -2.88189 0.628125)
(1.91964 -2.74914 0.652609)
(1.8665 -2.75622 0.753589)
(1.80792 -2.78899 0.807283)
(1.79743 -2.88373 0.797752)
(1.7848 -3.00119 0.785181)
(1.89872 -3.00283 0.616033)
(1.90015 -2.62107 0.744013)
(1.66038 -2.75448 0.919437)
(1.63047 -2.87391 0.916362)
(1.75361 -2.75673 0.865756)
(1.74877 -2.62393 0.901173)
(1.67429 -2.66491 0.932719)
(1.77745 -2.49697 0.905055)
(-1.91382 -2.12285 0.773463)
(-1.96252 -2.12121 0.612426)
(-1.79427 -2.38055 0.912679)
(-1.80893 -2.25897 0.92431)
(-1.77745 -2.49697 0.905055)
(-1.62896 -2.25499 1.03481)
(-1.81219 -2.13149 0.92974)
(-1.77004 -1.99891 0.9884)
(-1.75639 -2.12878 0.997734)
(-0.974562 -2.37188 0.875473)
(-1.00565 -2.50216 0.888869)
(-1.13945 -2.37107 0.984336)
(-1.23999 -2.37783 1.01676)
(-0.968881 -2.24978 0.898039)
(-1.13209 -2.25061 0.992333)
(-1.23454 -2.25761 1.03155)
(-1.25359 -2.12363 1.05672)
(-0.785519 -2.12207 0.617188)
(-0.847729 -2.1247 0.754662)
(-0.816741 -2.16382 0.668706)
(0.891312 -2.37487 0.756763)
(0.934281 -2.41327 0.80862)
(1.23999 -2.37783 1.01676)
(1.23454 -2.25761 1.03155)
(1.13209 -2.25061 0.992333)
(1.12464 -2.12925 1.00798)
(0.955832 -2.13015 0.909328)
(0.968881 -2.24978 0.898039)
(1.21085 -2.00692 1.06159)
(1.11432 -2.00223 1.019)
(1.25359 -2.12363 1.05672)
(1.90965 -2.37797 0.748046)
(1.94242 -2.28406 0.671469)
(1.91431 -2.24796 0.751343)
(1.95877 -2.2471 0.615908)
(1.91868 -2.00103 0.782027)
(1.91382 -2.12285 0.773463)
(1.79427 -2.38055 0.912679)
(1.80893 -2.25897 0.92431)
(1.62896 -2.25499 1.03481)
(1.77004 -1.99891 0.9884)
(1.75639 -2.12878 0.997734)
(1.81219 -2.13149 0.92974)
(1.81106 -2.03985 0.940406)
(-1.9403 -1.62663 0.796418)
(-1.9704 -1.625 0.613751)
(-1.89515 -1.87106 0.869113)
(-1.90437 -1.75009 0.87166)
(-1.75401 -1.87218 1.02489)
(-1.89745 -1.62516 0.887826)
(-1.77923 -1.50119 1.03181)
(-1.89767 -1.50142 0.889788)
(-1.77614 -1.62485 1.02644)
(-1.00662 -1.74685 0.983752)
(-1.09716 -1.74839 1.03213)
(-0.690642 -1.66665 0.673587)
(-0.724562 -1.62507 0.758389)
(-0.864279 -1.74444 0.865687)
(-0.714451 -1.50755 0.785986)
(0.843451 -2.00019 0.779606)
(0.831877 -1.88301 0.794299)
(0.730477 -1.87295 0.620245)
(0.756738 -2.00011 0.619023)
(1.00662 -1.74685 0.983752)
(0.864279 -1.74444 0.865687)
(0.90051 -1.87425 0.876279)
(0.938284 -1.91153 0.924475)
(1.00483 -1.87114 0.973812)
(0.724562 -1.62507 0.758389)
(0.769986 -1.75247 0.759374)
(0.820823 -1.78773 0.804393)
(1.09716 -1.74839 1.03213)
(1.972 -1.75 0.613637)
(1.94403 -1.50177 0.798308)
(1.9403 -1.62663 0.796418)
(1.93985 -1.75008 0.794064)
(1.90437 -1.75009 0.87166)
(1.89515 -1.87106 0.869113)
(1.92971 -1.87886 0.789496)
(1.89745 -1.62516 0.887826)
(1.77614 -1.62485 1.02644)
(1.89767 -1.50142 0.889788)
(1.77116 -1.7468 1.02348)
(-1.93595 -1.12363 0.796146)
(-1.96017 -1.12684 0.614697)
(-1.89907 -1.37215 0.891091)
(-1.89197 -1.24767 0.887384)
(-1.88606 -1.12377 0.885167)
(-0.992451 -1.25131 1.03823)
(-1.07709 -1.28931 1.06585)
(-0.643263 -1.37705 0.748354)
(-0.587273 -1.38061 0.634343)
(-0.575772 -1.28513 0.664327)
(-0.604626 -1.24777 0.743982)
(-0.5389 -1.24153 0.614647)
(-0.517997 -1.00316 0.749892)
(-0.573328 -1.04266 0.809054)
(-0.584291 -1.13498 0.779627)
(-0.809803 -1.29402 0.938238)
(-0.744718 -1.376 0.852778)
(-0.748414 -1.24851 0.8959)
(-0.700531 -1.41441 0.801468)
(-0.872338 -1.25131 0.988507)
(-0.717931 -1.13094 0.90723)
(-0.698152 -1.04066 0.923676)
(-0.741899 -1.00267 0.978347)
(0.700531 -1.41441 0.801468)
(0.744718 -1.376 0.852778)
(0.748414 -1.24851 0.8959)
(0.809803 -1.29402 0.938238)
(0.872338 -1.25131 0.988507)
(0.992451 -1.25131 1.03823)
(0.584291 -1.13498 0.779627)
(0.717931 -1.13094 0.90723)
(0.741899 -1.00267 0.978347)
(0.698152 -1.04066 0.923676)
(1.94025 -1.248 0.798715)
(1.94643 -1.3714 0.800274)
(1.97469 -1.375 0.613455)
(1.96522 -1.25012 0.614217)
(1.93251 -1.00045 0.791731)
(1.93595 -1.12363 0.796146)
(1.89197 -1.24767 0.887384)
(1.89907 -1.37215 0.891091)
(1.77014 -1.24992 1.02391)
(1.89382 -1.1248 0.871402)
(-1.89695 -0.615942 0.7546)
(-1.91687 -0.61563 0.632558)
(-1.88167 -0.874817 0.863859)
(-1.86832 -0.752878 0.872314)
(-1.7612 -0.747548 1.01986)
(-1.74896 -0.878579 1.02773)
(-1.6773 -0.842518 1.06633)
(-1.67271 -0.740643 1.06366)
(-1.84574 -0.625876 0.872452)
(-1.77517 -0.621144 0.982471)
(-0.453949 -0.786746 0.780937)
(-0.497545 -0.750578 0.848456)
(-0.576631 -0.762133 0.919783)
(-0.599886 -0.873363 0.898542)
(-0.472956 -0.878657 0.74808)
(-0.749985 -0.749553 1.0345)
(-0.747992 -0.878612 1.01245)
(-0.721811 -0.62651 1.04563)
(-0.334565 -0.634225 0.657707)
(-0.371672 -0.623598 0.742421)
(0.361394 -0.743012 0.617952)
(0.453949 -0.786746 0.780937)
(0.41595 -0.740649 0.73607)
(0.334565 -0.634225 0.657707)
(0.305691 -0.547535 0.673958)
(0.267287 -0.510016 0.626673)
(0.231447 -0.500992 0.495928)
(0.269374 -0.612581 0.490442)
(0.371672 -0.623598 0.742421)
(0.330819 -0.513968 0.759733)
(0.747992 -0.878612 1.01245)
(0.749985 -0.749553 1.0345)
(0.832961 -0.785704 1.05792)
(0.710012 -0.508194 1.05945)
(0.721811 -0.62651 1.04563)
(0.576631 -0.762133 0.919783)
(1.92985 -0.876928 0.747311)
(1.94043 -0.850705 0.627891)
(1.93148 -0.740691 0.633574)
(1.91585 -0.744014 0.753935)
(1.91687 -0.61563 0.632558)
(1.89695 -0.615942 0.7546)
(1.86832 -0.752878 0.872314)
(1.88167 -0.874817 0.863859)
(1.7612 -0.747548 1.01986)
(1.77517 -0.621144 0.982471)
(1.80634 -0.585473 0.91966)
(1.7903 -0.491571 0.905277)
(1.84574 -0.625876 0.872452)
(-1.63928 -0.245428 0.999964)
(-1.69434 -0.206728 0.929059)
(-1.73693 -0.246628 0.880024)
(-1.7757 -0.376083 0.874296)
(-0.497807 -0.254357 1.0265)
(-0.589084 -0.281218 1.04531)
(-0.118139 -0.387272 0.626766)
(-0.123489 -0.359558 0.739184)
(-0.367635 -0.382488 0.874863)
(-0.24469 -0.269912 0.895392)
(-0.338053 -0.284661 0.90627)
(-0.122088 -0.288441 0.920255)
(-0.380617 -0.247572 0.96304)
(-0.128164 -0.236956 1.00435)
(-0.176714 -0.17575 1.04901)
(-0.258018 -0.166761 1.03757)
(0.307239 -0.428357 0.795659)
(0.24469 -0.269912 0.895392)
(0.122088 -0.288441 0.920255)
(0.367635 -0.382488 0.874863)
(0.338053 -0.284661 0.90627)
(0.497807 -0.254357 1.0265)
(0.380617 -0.247572 0.96304)
(0.447663 -0.416396 0.924852)
(0.492267 -0.377488 0.97892)
(0.258018 -0.166761 1.03757)
(0.176714 -0.17575 1.04901)
(0.128164 -0.236956 1.00435)
(1.84108 -0.381485 0.739573)
(1.86516 -0.376165 0.623056)
(1.83501 -0.261771 0.616202)
(1.81569 -0.212528 0.6604)
(1.8049 -0.241256 0.755113)
(1.81244 -0.336934 0.801564)
(1.79859 -0.118764 0.626427)
(1.7764 -0.11493 0.750803)
(1.73693 -0.246628 0.880024)
(1.7757 -0.376083 0.874296)
(1.69434 -0.206728 0.929059)
(1.54513 -0.23944 1.05411)
(1.63928 -0.245428 0.999964)
(-1.71696 0.123458 0.74681)
(-1.67564 0.162782 0.796409)
(-1.66308 0.254579 0.78282)
(-1.72652 0.245015 0.614542)
(-1.74596 0.123408 0.621054)
(-1.68239 0.506447 0.654925)
(-1.69465 0.412823 0.66422)
(-1.65698 0.375109 0.754651)
(-1.64068 0.502718 0.745012)
(-1.6099 0.251433 0.878115)
(-1.50568 0.248838 0.979023)
(-1.55326 0.288428 0.938324)
(-1.54434 0.385229 0.928728)
(-1.53536 0.503701 0.916074)
(1.50568 0.248838 0.979023)
(1.41562 0.25397 1.04282)
(1.55326 0.288428 0.938324)
(1.7092 0.37172 0.616063)
(1.69465 0.412823 0.66422)
(1.65698 0.375109 0.754651)
(1.6099 0.251433 0.878115)
(-1.66562 0.753475 0.632636)
(-1.67494 0.624495 0.629901)
(-1.63178 0.625675 0.739817)
(-1.61867 0.871022 0.735511)
(-1.60805 1.00523 0.749473)
(-1.53034 0.626503 0.909957)
(-1.37395 0.754679 1.03185)
(-1.37222 0.877303 1.01824)
(-1.52348 0.871907 0.895895)
(-1.52569 0.750729 0.904488)
(-1.28324 1.00303 1.05402)
(-1.36893 0.996424 1.00205)
(-1.2876 0.882595 1.06296)
(-1.29291 0.785702 1.06967)
(1.39085 0.747021 1.01784)
(1.52584 0.750771 0.904367)
(1.29204 0.910102 1.06076)
(1.61479 0.871057 0.735753)
(-1.63395 1.24984 0.611654)
(-1.56583 1.0367 0.808282)
(-1.55958 1.13262 0.802053)
(-1.54127 1.38037 0.781718)
(-1.55364 1.25299 0.793671)
(-1.27026 1.50012 1.02028)
(-1.40863 1.50401 0.902144)
(-1.41352 1.38183 0.928173)
(-1.2729 1.37501 1.02275)
(-1.28255 1.24854 1.02968)
(-1.42353 1.26064 0.94158)
(1.52891 1.50402 0.745686)
(1.40629 1.50027 0.906799)
(1.41353 1.38212 0.928111)
(1.54055 1.37271 0.786027)
(-1.40062 1.87092 0.745002)
(-1.42159 1.90627 0.63126)
(-1.39375 1.6247 0.868611)
(-1.38464 1.7483 0.867222)
(-1.35275 1.87019 0.869552)
(1.45167 1.73627 0.736029)
(1.49334 1.73712 0.620547)
(1.42141 1.90645 0.631561)
(1.39944 1.87318 0.746646)
(1.41473 1.78317 0.783175)
(1.49463 1.62241 0.738229)
(1.3962 1.62198 0.894112)
(1.23263 2.00164 1.01108)
(1.27608 1.87682 0.995379)
(1.322 1.91565 0.919387)
(1.30125 2.01337 0.886502)
(1.35282 1.87067 0.869)
(1.39303 1.74777 0.866104)
(1.32384 2.04575 0.795888)
(1.35684 1.9968 0.745361)
(1.27241 1.74708 1.02075)
(-1.23263 2.00164 1.01108)
(-1.2701 2.13593 0.878116)
(-1.30125 2.01339 0.886507)
(-1.17203 2.24943 1.04258)
(-1.24555 2.25295 0.867502)
(-1.21545 2.49975 0.862324)
(-1.22938 2.3755 0.863988)
(1.24887 2.38077 0.6242)
(1.2425 2.37668 0.749985)
(1.24555 2.25295 0.867502)
(1.2701 2.13593 0.878116)
(1.22938 2.3755 0.863988)
(1.21545 2.49975 0.862324)
(-3.91428 3.00196 0.743741)
(-3.88163 2.86839 0.70015)
(-4.01548 2.87398 0.88614)
(-3.3829 2.84962 0.6335)
(-3.37617 2.93332 0.452203)
(-3.24837 2.95174 0.489849)
(-3.2095 2.936 0.619989)
(-3.3399 2.84145 0.873239)
(-3.21108 3.0022 0.872988)
(-3.19604 2.93831 0.754933)
(-3.34305 2.83812 0.752464)
(-1.19073 2.74445 0.636309)
(-1.18167 2.78492 0.588705)
(-1.20597 2.61737 0.636824)
(-1.20953 2.62429 0.863887)
(-1.16399 2.75011 1.02272)
(-1.20423 2.74614 0.863482)
(1.20249 2.87467 0.75307)
(1.21392 3.00029 0.749333)
(1.20423 2.74614 0.863482)
(1.20953 2.62429 0.863887)
(1.19687 2.87036 0.865008)
(3.3399 2.84145 0.873239)
(3.51102 2.72613 0.875595)
(3.50686 2.72058 0.996881)
(3.74909 2.87722 0.621936)
(3.78538 2.82377 0.696467)
(3.75157 2.77097 0.749214)
(3.62175 2.73813 0.763251)
(3.61883 2.85223 0.602938)
(3.8636 2.72329 0.844763)
(3.98113 2.75751 0.878408)
(4.04587 2.76164 0.949009)
(3.9904 2.65043 1.00309)
(3.87163 2.59792 1.00857)
(3.88163 2.86839 0.70015)
(-3.68171 3.42918 0.750022)
(-3.7917 3.29596 0.873691)
(-3.6258 3.2826 1.0316)
(-3.62325 3.41531 0.873547)
(-2.99149 3.25952 0.610134)
(-3.25083 3.49831 0.781615)
(-3.20956 3.41307 0.796061)
(-3.12678 3.37317 0.752446)
(-3.2177 3.12442 0.906418)
(-3.25689 3.24949 0.896999)
(-3.33148 3.28985 0.929169)
(-3.38035 3.24465 0.977932)
(-3.09559 3.13841 0.752705)
(-3.10278 3.24694 0.768702)
(-3.25636 3.36834 0.848122)
(-3.36921 3.37454 0.912711)
(-3.49058 3.40738 0.918407)
(-3.49714 3.24666 1.03061)
(-1.14268 3.25059 1.01106)
(-1.18749 3.2519 0.919352)
(-1.23621 3.37512 0.737754)
(-1.23149 3.25068 0.738587)
(1.25449 3.37581 0.624856)
(1.23621 3.37512 0.737754)
(1.18749 3.2519 0.919352)
(3.12678 3.37317 0.752446)
(3.20956 3.41307 0.796061)
(3.2177 3.12442 0.906418)
(3.25689 3.24949 0.896999)
(3.38035 3.24465 0.977932)
(3.25636 3.36834 0.848122)
(3.33148 3.28985 0.929169)
(3.36921 3.37454 0.912711)
(3.49362 3.53914 0.760427)
(3.36603 3.53516 0.791491)
(3.49058 3.40738 0.918407)
(3.8958 3.11399 0.761997)
(3.80118 3.28392 0.745106)
(3.69067 3.41811 0.615487)
(3.68171 3.42918 0.750022)
(3.54428 3.57026 0.647258)
(3.7917 3.29596 0.873691)
(3.62325 3.41531 0.873547)
(-3.13818 3.61174 0.635092)
(-2.97133 3.61526 0.551531)
(-1.15655 3.7525 1.00593)
(-1.19226 3.71594 0.926196)
(-1.19555 4.00641 0.98772)
(-1.2292 4.00129 0.872076)
(-1.22652 3.8796 0.867171)
(1.30264 3.87507 0.654605)
(1.27616 3.87531 0.755685)
(1.19226 3.71594 0.926196)
(1.22001 3.7534 0.872098)
(1.22652 3.8796 0.867171)
(1.2292 4.00129 0.872076)
(3.36957 3.66345 0.633393)
(-1.32266 4.45769 0.791204)
(-1.35514 4.5016 0.744301)
(-1.34828 4.3748 0.621358)
(-1.31816 4.33003 0.670367)
(-1.3025 4.36507 0.759569)
(1.35654 4.00121 0.487831)
(1.35986 4.1249 0.488408)
(1.31816 4.33003 0.670367)
(1.3025 4.36507 0.759569)
(1.2535 4.2487 0.880096)
(1.24606 4.12546 0.87444)
(1.27681 4.37192 0.877837)
(1.25237 4.37473 0.987308)
(1.30695 4.49118 0.883012)
(1.32266 4.45769 0.791204)
(-1.55181 4.82449 0.678187)
(-1.63173 4.86261 0.645671)
(-1.66683 4.94662 0.689838)
(-1.5105 4.87385 0.765562)
(-1.53281 4.99752 0.789288)
(-1.62978 4.99911 0.741647)
(-1.42758 4.73151 0.782503)
(-1.43611 4.83573 0.810918)
(-1.31161 4.62505 0.925438)
(-1.31613 4.74891 0.926192)
(-1.39961 4.6244 0.745263)
(-1.25553 4.62008 1.01782)
(-1.18115 4.6697 1.07304)
(-1.16656 4.76222 1.05397)
(-1.29532 4.87954 0.930914)
(-1.39087 4.87519 0.857193)
(-1.28666 4.99615 0.925098)
(1.5105 4.87385 0.765562)
(1.43611 4.83573 0.810918)
(1.42758 4.73151 0.782503)
(1.52689 4.74432 0.623124)
(1.55181 4.82449 0.678187)
(1.31161 4.62505 0.925438)
(1.31613 4.74891 0.926192)
(1.39961 4.6244 0.745263)
(1.29532 4.87954 0.930914)
(1.28666 4.99615 0.925098)
(1.39087 4.87519 0.857193)
(1.63173 4.86261 0.645671)
(1.67315 4.81271 0.552947)
(1.76265 4.82063 0.539327)
(-1.61752 5.12976 0.781878)
(-1.6179 5.25026 0.780388)
(-1.79791 5.25287 0.692738)
(-1.54104 5.12159 0.814463)
(-1.54225 5.24606 0.815629)
(-1.62433 5.37208 0.752078)
(-1.5057 5.37271 0.794327)
(-0.994701 5.43257 0.806203)
(-0.992919 5.53855 0.626508)
(-1.12473 5.54909 0.648212)
(-1.36062 5.23599 0.878179)
(-1.36351 5.12485 0.890954)
(-1.25642 5.12876 0.927492)
(-1.16439 5.16128 0.944756)
(-1.00096 5.27956 0.927043)
(-1.37796 5.41932 0.807253)
(-0.749902 5.4923 0.621414)
(-0.626283 5.42268 0.782398)
(-0.538198 5.42423 0.782894)
(-0.495272 5.4588 0.736934)
(-0.744352 5.42977 0.780974)
(-0.754924 5.04485 1.06355)
(-0.750179 5.12139 1.02706)
(-0.497852 5.29461 0.942623)
(-0.62405 5.29161 0.946081)
(-0.758935 5.29568 0.93137)
(-0.878757 5.43583 0.804419)
(-0.873559 5.29473 0.930296)
(-0.251897 5.29741 0.939979)
(-0.374991 5.29793 0.938968)
(-0.37498 5.1206 1.01181)
(-0.249582 5.1183 1.00487)
(-0.252818 5.03814 1.03827)
(-2.08167e-17 5.28955 0.908055)
(-0.116925 5.29424 0.927759)
(-0.254781 5.36775 0.903371)
(-0.371327 5.36862 0.89971)
(-0.248504 5.52627 0.771225)
(-0.370749 5.51728 0.73878)
(-0.118936 5.38392 0.87159)
(-0.078411 5.43352 0.808863)
(-0.124153 5.50355 0.776038)
(0.252818 5.03814 1.03827)
(0.249582 5.1183 1.00487)
(0.497852 5.29461 0.942623)
(0.374991 5.29793 0.938968)
(0.251897 5.29741 0.939979)
(0.254781 5.36775 0.903371)
(0.118936 5.38392 0.87159)
(0.116925 5.29424 0.927759)
(0.371327 5.36862 0.89971)
(0.495272 5.4588 0.736934)
(0.538198 5.42423 0.782894)
(0.626283 5.42268 0.782398)
(0.626262 5.48548 0.624486)
(0.744352 5.42977 0.780974)
(0.749902 5.4923 0.621414)
(0.878757 5.43583 0.804419)
(0.994701 5.43257 0.806203)
(0.758935 5.29568 0.93137)
(0.62405 5.29161 0.946081)
(0.625111 5.12123 1.02292)
(0.750179 5.12139 1.02706)
(0.754924 5.04485 1.06355)
(1.00096 5.27956 0.927043)
(0.873559 5.29473 0.930296)
(1.37796 5.41932 0.807253)
(1.5057 5.37271 0.794327)
(1.16439 5.16128 0.944756)
(1.25642 5.12876 0.927492)
(1.11659 5.11689 0.968273)
(1.36351 5.12485 0.890954)
(1.36062 5.23599 0.878179)
(1.88051 5.24764 0.650926)
(1.78736 5.38449 0.679766)
(1.62433 5.37208 0.752078)
(-1.75691 5.49851 0.64743)
(-1.8158 5.5604 0.555494)
(-0.112601 5.74002 0.689406)
(-0.159732 5.78511 0.666589)
(-0.251462 5.75608 0.653178)
(-0.282457 5.66658 0.665732)
(-0.239909 5.61903 0.711286)
(-0.121545 5.62207 0.708522)
(-0.247126 5.87754 0.6301)
(-0.245152 6.00028 0.619131)
(-0.389098 6.00226 0.497338)
(-0.338121 5.87536 0.585564)
(-0.163897 5.88073 0.662815)
(-0.164045 6.00059 0.664064)
(8.67362e-18 5.87384 0.703212)
(0.247126 5.87754 0.6301)
(0.163897 5.88073 0.662815)
(0.338121 5.87536 0.585564)
(0.389098 6.00226 0.497338)
(-0.25501 6.12345 0.625063)
(-0.181624 6.09773 0.683603)
(-0.0991079 6.26972 0.664989)
(-0.626601 6.75616 0.879515)
(-0.606199 6.76239 0.99226)
(-0.116392 6.74911 0.617538)
(3.81639e-17 6.8925 0.6042)
(-0.115911 6.8321 0.669725)
(0.0167016 6.87476 0.745901)
(-0.123195 6.89646 0.757512)
(0.0230203 6.92298 0.813805)
(-0.0928093 6.93828 0.805544)
(-0.35993 6.75307 0.87608)
(-0.357849 6.69146 0.877695)
(-0.318477 6.82935 0.881279)
(-0.330577 6.82884 0.999431)
(-0.25027 6.90622 0.872502)
(-0.204784 6.93853 0.912751)
(-0.210523 6.95354 1.0036)
(0.115911 6.8321 0.669725)
(0.123195 6.89646 0.757512)
(0.0928093 6.93828 0.805544)
(0.363125 6.68492 0.983572)
(0.359579 6.75176 0.992499)
(0.35993 6.75307 0.87608)
(0.357849 6.69146 0.877695)
(0.330577 6.82884 0.999431)
(0.318477 6.82935 0.881279)
(0.25027 6.90622 0.872502)
(0.204784 6.93853 0.912751)
(0.626601 6.75616 0.879515)
(0.606199 6.76239 0.99226)
(0.566286 6.64674 1.00063)
(0.580665 6.6232 0.879601)
(-0.658929 7.25167 1.01837)
(-0.684131 7.2522 0.905709)
(0.726225 7.37573 0.623052)
(0.709058 7.3755 0.736762)
(0.684131 7.2522 0.905709)
(-0.727512 7.86095 0.620183)
(-0.686254 7.75078 0.911362)
(-0.727061 7.74521 0.735972)
(-0.725481 7.62452 0.738084)
(-0.647868 7.75054 1.01627)
(-0.694813 7.91236 0.786557)
(-0.712876 7.86442 0.738653)
(-0.671624 8.00971 0.750179)
(0.727512 7.86095 0.620183)
(0.712876 7.86442 0.738653)
(0.694813 7.91236 0.786557)
(0.686254 7.75078 0.911362)
(-0.532055 8.28206 0.624661)
(-0.629666 8.11208 0.746073)
(-0.520585 8.27059 0.744064)
(-0.501124 8.25524 0.873816)
(-0.306827 8.43428 0.622941)
(-0.369236 8.40746 0.625615)
(-0.377529 8.38247 0.754433)
(-0.26086 8.42325 0.758914)
(-0.305417 8.42986 0.499562)
(0.00136251 8.47878 0.7382)
(-0.116722 8.46596 0.74164)
(-0.369274 8.35225 0.872788)
(-0.246616 8.39174 0.871642)
(-0.247602 8.35181 0.994072)
(-0.424086 8.2983 0.919172)
(-0.174644 8.43202 0.801731)
(-0.130551 8.41539 0.88249)
(0.377529 8.38247 0.754433)
(0.369236 8.40746 0.625615)
(0.306827 8.43428 0.622941)
(0.26086 8.42325 0.758914)
(0.384279 8.39246 0.498246)
(0.501124 8.25524 0.873816)
(0.424086 8.2983 0.919172)
(0.37758 8.28242 1.00229)
(0.174644 8.43202 0.801731)
(0.130551 8.41539 0.88249)
(0.246616 8.39174 0.871642)
(0.369274 8.35225 0.872788)
(0.28857 8.29969 1.04511)
(0.247602 8.35181 0.994072)
(-2.24994 -8.13223 1.12417)
(-2.37315 -8.14581 1.23993)
(-2.02281 -8.15235 1.23223)
(-2.16035 -8.09799 1.23678)
(-2.34633 -7.99968 1.33317)
(-2.44367 -7.99987 1.30891)
(-2.08922 -8.04264 1.34369)
(-2.12665 -8.04134 1.34607)
(2.02281 -8.15235 1.23223)
(2.08922 -8.04264 1.34369)
(2.24994 -8.13223 1.12417)
(2.16035 -8.09799 1.23678)
(2.37315 -8.14581 1.23993)
(2.12665 -8.04134 1.34607)
(-2.56523 -7.95934 1.19174)
(-2.12426 -7.72653 1.12086)
(-2.24556 -7.78162 1.11601)
(-2.28877 -7.82727 1.16311)
(-2.2577 -7.83711 1.24654)
(-2.1301 -7.81861 1.28107)
(-2.01572 -7.71692 1.1505)
(-2.00659 -7.6191 0.983764)
(-2.43634 -7.964 1.29977)
(-2.37542 -7.90944 1.32477)
(-2.12641 -7.99937 1.34673)
(-2.08412 -7.99808 1.34506)
(1.89384 -7.73593 1.11166)
(2.00659 -7.6191 0.983764)
(2.37271 -7.8796 1.23902)
(2.37542 -7.90944 1.32477)
(2.43634 -7.964 1.29977)
(2.44367 -7.99987 1.30891)
(-1.61209 -1.74617 1.09037)
(-1.26175 -1.62449 1.09785)
(1.26019 -1.87011 1.08103)
(1.19798 -1.91129 1.06571)
(1.37648 -1.74953 1.1064)
(1.26175 -1.62449 1.09785)
(1.26135 -1.49993 1.10144)
(1.71024 -1.62486 1.08362)
(1.70655 -1.74292 1.07977)
(-1.61401 -1.24971 1.11338)
(-1.2502 -1.12502 1.11273)
(-1.13416 -1.24629 1.0851)
(1.2585 -1.37404 1.10284)
(1.37605 -1.24957 1.1238)
(1.13416 -1.24629 1.0851)
(1.07709 -1.28931 1.06585)
(1.2502 -1.12502 1.11273)
(1.76958 -1.12531 1.02334)
(-1.76545 -1.00247 1.02082)
(-1.12473 -0.750419 1.11762)
(-1.25247 -0.624967 1.13373)
(0.885025 -0.745587 1.08152)
(1.37545 -0.750128 1.12376)
(1.25247 -0.624967 1.13373)
(-1.12262 -0.252021 1.14452)
(-1.2512 -0.123784 1.12436)
(-1.36374 -0.127876 1.10834)
(-0.751015 -0.123989 1.12815)
(3.46945e-18 -0.272353 0.992834)
(0.875797 -0.249279 1.12827)
(0.751015 -0.123989 1.12815)
(1.36781 -0.250579 1.11326)
(1.2512 -0.123784 1.12436)
(-1.12441 0.24997 1.14555)
(-1.23827 0.37501 1.10277)
(-1.2382 0.499489 1.09775)
(-0.628759 0.246206 1.16091)
(-0.754233 0.370773 1.17482)
(-0.5462 0.331381 1.19376)
(-0.632369 0.368026 1.17048)
(-0.668598 0.458586 1.1876)
(-0.495411 0.378772 1.22585)
(-0.621844 0.504298 1.22372)
(-0.120621 0.138974 1.23373)
(-0.124565 0.244892 1.27064)
(-0.257686 0.364735 1.29559)
(-0.371459 0.378273 1.27682)
(-0.282588 0.463675 1.31399)
(-0.122598 0.326861 1.29919)
(2.77556e-17 0.320955 1.30286)
(0 0.51238 1.35313)
(-0.120619 0.513457 1.34475)
(0.415617 0.207832 1.19131)
(0.370031 0.254766 1.22483)
(0.257733 0.364682 1.29571)
(0.1226 0.326813 1.29924)
(0.371459 0.378273 1.27682)
(0.38878 0.486189 1.30063)
(0.495411 0.378772 1.22585)
(0.283359 0.461783 1.31663)
(0.875188 0.24981 1.15944)
(0.632369 0.368026 1.17048)
(0.5462 0.331381 1.19376)
(0.754233 0.370773 1.17482)
(1.23827 0.375005 1.10277)
(-1.2367 0.621112 1.09591)
(-1.12181 0.748456 1.11773)
(-0.620761 0.630224 1.24586)
(-0.630212 0.748076 1.26332)
(-0.544593 0.746285 1.29513)
(-0.739473 0.875249 1.24039)
(-0.628438 0.874308 1.27773)
(-0.544306 0.838726 1.31023)
(-0.656968 1.00296 1.282)
(-0.491436 0.877674 1.33564)
(-0.486001 1.00401 1.35335)
(-0.363437 0.755894 1.36239)
(-0.3654 0.630865 1.34062)
(-0.244029 0.631082 1.36)
(-0.248669 0.750975 1.3769)
(-0.124128 0.626659 1.37397)
(-0.125058 0.74987 1.39201)
(-0.250006 0.874935 1.39409)
(-0.37089 0.877034 1.37584)
(-0.125264 0.874482 1.41013)
(0.415999 0.587878 1.3148)
(0.125058 0.74987 1.39201)
(0.124128 0.626658 1.37399)
(0.243993 0.631116 1.36082)
(0.248669 0.750975 1.3769)
(0.365454 0.630799 1.34082)
(0.363437 0.755894 1.36239)
(0.250019 0.874926 1.39409)
(0.125285 0.874468 1.41012)
(0.370893 0.877033 1.37584)
(0.904319 0.747826 1.18215)
(0.739473 0.875249 1.24039)
(0.628437 0.874308 1.27773)
(0.544306 0.838726 1.31023)
(1.23981 0.871043 1.08053)
(-1.11512 1.24996 1.10676)
(-0.668837 1.12518 1.29196)
(-0.675468 1.24997 1.29857)
(-0.757695 1.37567 1.27043)
(-0.862197 1.37894 1.22584)
(-0.678976 1.37495 1.30228)
(-0.666142 1.4986 1.31182)
(-0.37697 1.24939 1.40542)
(-0.374764 1.12476 1.39799)
(-0.253801 1.12132 1.4199)
(-0.262263 1.24025 1.42759)
(-0.135757 1.11027 1.43405)
(-0.159713 1.21884 1.44323)
(-0.297469 1.378 1.42597)
(-0.381398 1.37452 1.40825)
(-0.113358 1.26293 1.4485)
(0.135584 1.11433 1.43443)
(0.252665 1.12434 1.42032)
(-0.002451 1.10452 1.43755)
(0.374762 1.12488 1.398)
(0.375112 1.24996 1.40609)
(0.374989 1.37513 1.4091)
(0.922071 1.21534 1.18907)
(0.868013 1.2516 1.21343)
(0.757695 1.37567 1.27043)
(0.678912 1.37494 1.3023)
(0.862197 1.37894 1.22584)
(0.863636 1.50045 1.23141)
(0.487403 1.12539 1.36136)
(0.486 1.004 1.35335)
(0.486811 1.5 1.37328)
(0.48688 1.375 1.37258)
(1.27287 1.37494 1.02277)
(-1.12071 1.74974 1.1252)
(-1.27664 1.8764 0.994965)
(-0.665581 1.62413 1.31404)
(-0.667751 1.74497 1.31485)
(-0.755692 1.87723 1.28459)
(-0.864786 1.87487 1.24147)
(-0.669605 1.84291 1.31433)
(-0.487371 1.50009 1.37523)
(-0.487342 1.62526 1.37492)
(-0.381825 1.75279 1.39939)
(-0.376681 1.62553 1.40699)
(-0.252129 1.87008 1.4133)
(-0.382184 1.8725 1.39586)
(-0.109862 1.87285 1.40625)
(0.374607 1.62503 1.40759)
(0.382527 1.75319 1.39922)
(0.252099 1.86985 1.41328)
(0.109702 1.87259 1.40618)
(0.382232 1.87245 1.39585)
(0.86362 1.62492 1.23732)
(0.863375 1.75009 1.24064)
(0.755692 1.87723 1.28459)
(0.669605 1.84291 1.31433)
(0.864786 1.87487 1.24147)
(0.868391 1.99969 1.24624)
(0.775762 2.00244 1.28295)
(-0.798202 2.33707 1.31736)
(-0.876914 2.37642 1.28759)
(-0.382458 2.24419 1.4317)
(-0.385896 2.11842 1.41696)
(-0.25102 2.12289 1.43866)
(-0.286835 2.21514 1.44525)
(0 2.12833 1.41325)
(0 2.2026 1.43389)
(0.00170946 2.23972 1.44403)
(-0.124882 2.2632 1.46439)
(-0.12565 2.10008 1.4381)
(-0.249866 2.49799 1.49535)
(-0.24482 2.38085 1.4727)
(-0.240762 2.2631 1.4561)
(0.25102 2.12289 1.43866)
(0.286835 2.21514 1.44525)
(0.240762 2.2631 1.4561)
(0.124882 2.2632 1.46439)
(0.12565 2.10008 1.4381)
(0.385896 2.11842 1.41696)
(0.382458 2.24419 1.4317)
(0.249866 2.49799 1.49535)
(0.24482 2.38085 1.4727)
(0.790556 2.24137 1.30664)
(0.783191 2.12195 1.2934)
(0.87096 2.12472 1.25819)
(0.872467 2.2475 1.27394)
(0.876914 2.37642 1.28759)
(0.798202 2.33707 1.31736)
(0.901242 2.50129 1.28243)
(0.622083 2.24805 1.37087)
(0.615596 2.12482 1.35688)
(0.610559 2.0041 1.34301)
(0.744664 2.37813 1.3443)
(0.630449 2.36967 1.38663)
(-4.16348 2.75343 1.13938)
(-4.04587 2.76164 0.949009)
(-3.9904 2.65043 1.00309)
(-3.98842 2.58184 1.07652)
(-4.09723 2.61142 1.10649)
(-4.15126 2.86246 1.24743)
(-4.13799 2.80121 1.51369)
(-4.18726 2.80309 1.37794)
(-4.28531 2.64329 1.3721)
(-4.29328 2.65785 1.4968)
(-4.10456 2.88812 1.36833)
(-3.99696 2.92752 1.41347)
(-3.74953 2.56929 1.11387)
(-3.55965 2.69517 1.13948)
(-3.58159 2.73951 1.25442)
(-3.71382 2.58602 1.25076)
(-3.62333 3.00091 1.25312)
(-3.58686 2.87274 1.286)
(-3.49729 2.75833 1.1233)
(-3.71829 2.62859 1.37015)
(-3.85968 2.48854 1.37764)
(-3.88984 2.47527 1.26641)
(-3.70618 2.74537 1.41495)
(-3.8701 2.92265 1.4272)
(-3.75273 2.8716 1.41157)
(-3.74611 3.03339 1.2871)
(-3.50686 2.72058 0.996881)
(-0.918563 2.87243 1.29684)
(-0.740561 2.62642 1.39042)
(-0.772173 2.75272 1.40002)
(-0.498501 2.75061 1.50474)
(-0.6109 2.75437 1.48006)
(-0.610401 2.63611 1.44935)
(-0.494123 2.63037 1.47863)
(-0.778453 2.87509 1.40412)
(-0.777104 2.99957 1.40819)
(-0.251468 2.6178 1.51959)
(0 2.73428 1.5397)
(-0.122009 2.73263 1.54671)
(-0.252466 2.73569 1.54219)
(-0.382324 2.74059 1.52655)
(-0.249174 2.84497 1.56326)
(0.251468 2.6178 1.51959)
(0.498501 2.75061 1.50474)
(0.382324 2.74059 1.52655)
(0.252466 2.73569 1.54219)
(0.122009 2.73263 1.54671)
(0.249174 2.84497 1.56326)
(0.911966 2.62461 1.28619)
(0.92284 2.99917 1.30104)
(0.918563 2.87243 1.29684)
(0.912746 2.7485 1.29196)
(0.772173 2.75272 1.40002)
(0.740561 2.62642 1.39042)
(0.6109 2.75437 1.48006)
(0.778453 2.87509 1.40412)
(0.777104 2.99957 1.40819)
(3.49729 2.75833 1.1233)
(3.71829 2.62859 1.37015)
(3.70618 2.74537 1.41495)
(3.85273 2.75223 1.54778)
(3.58686 2.87274 1.286)
(3.75273 2.8716 1.41157)
(3.99696 2.92752 1.41347)
(3.8701 2.92265 1.4272)
(4.16348 2.75343 1.13938)
(4.12941 2.86088 1.14001)
(4.18726 2.80309 1.37794)
(4.10456 2.88812 1.36833)
(4.15126 2.86246 1.24743)
(3.99451 3.02654 1.24319)
(-0.785228 3.12207 1.4186)
(-0.796414 3.24445 1.43008)
(-0.889758 3.25421 1.36898)
(-0.620886 3.25009 1.52709)
(-0.796935 3.37333 1.43038)
(-0.879193 3.37692 1.3751)
(0.983818 3.25297 1.26104)
(0.940467 3.2118 1.30833)
(0.932147 3.1148 1.30048)
(0.99674 3.37614 1.25477)
(0.785228 3.12207 1.4186)
(0.618513 3.12443 1.51389)
(0.889758 3.25421 1.36898)
(0.796414 3.24445 1.43008)
(0.536479 3.24994 1.55706)
(0.620886 3.25009 1.52709)
(0.796935 3.37333 1.43038)
(0.793911 3.46841 1.42395)
(0.740944 3.50098 1.4616)
(0.879193 3.37692 1.3751)
(3.87822 3.04678 1.28567)
(3.74611 3.03339 1.2871)
(-1.11494 3.74601 1.12206)
(-1.06783 3.69817 1.30454)
(-1.11318 3.73265 1.25417)
(-1.03714 3.62233 1.27863)
(-1.13953 3.87944 1.23479)
(-1.14727 3.99988 1.23934)
(-0.740944 3.50098 1.4616)
(-0.747799 3.59616 1.52194)
(-0.747638 4.00267 1.52507)
(-0.859933 3.99084 1.50758)
(-0.87259 3.88186 1.54631)
(-0.748655 3.9241 1.55623)
(-0.25236 3.53833 1.56617)
(-0.25099 3.64373 1.53368)
(0.000791736 3.75682 1.50707)
(-0.12576 3.7559 1.50381)
(-0.247246 3.75515 1.50876)
(-0.471167 3.74835 1.56519)
(-0.359451 3.75153 1.53095)
(-0.253446 3.99096 1.4578)
(-0.250276 3.87265 1.48334)
(-0.212848 4.04192 1.43281)
(0.25236 3.53833 1.56617)
(0.25099 3.64373 1.53368)
(0.359451 3.75153 1.53095)
(0.247246 3.75515 1.50876)
(0.12576 3.7559 1.50381)
(0.253446 3.99096 1.4578)
(0.212848 4.04192 1.43281)
(0.250276 3.87265 1.48334)
(0.969848 3.6189 1.37482)
(0.907201 3.58849 1.41407)
(0.867071 3.50194 1.38793)
(1.06783 3.69817 1.30454)
(1.0439 3.73234 1.38801)
(0.747638 4.00267 1.52507)
(0.748655 3.9241 1.55623)
(0.910261 3.75291 1.54497)
(1.13953 3.87944 1.23479)
(-1.17699 4.12698 1.17697)
(-1.21667 4.12883 0.987155)
(-1.15701 4.12102 1.24221)
(-1.17118 4.37348 1.17273)
(-1.15416 4.49437 1.15374)
(-1.26981 4.49534 0.986587)
(-1.25237 4.37473 0.987308)
(-1.00448 4.39067 1.29639)
(-0.907764 4.41526 1.30998)
(-0.871818 4.25091 1.39219)
(-0.881564 4.16268 1.43105)
(-0.786668 4.17564 1.4409)
(-0.751684 4.25482 1.4054)
(-0.750865 4.12036 1.47124)
(-0.501959 4.2546 1.40312)
(-0.625021 4.27604 1.40287)
(-0.461238 4.17323 1.43711)
(-0.745722 4.36283 1.35356)
(-0.86737 4.36414 1.3379)
(-0.625001 4.36566 1.35846)
(-0.338503 4.4209 1.31034)
(-0.242113 4.41253 1.29928)
(-0.124252 4.50372 1.24742)
(-0.123259 4.40572 1.28706)
(0 4.40317 1.27986)
(-0.370839 4.25859 1.38224)
(-0.368565 4.16093 1.42343)
(-0.24901 4.13101 1.41079)
(-0.249226 4.24659 1.36551)
(-0.122365 4.13652 1.38663)
(-0.1253 4.23893 1.35223)
(-0.378186 4.36729 1.3381)
(-0.503785 4.36313 1.35356)
(0.123259 4.40572 1.28706)
(0.249122 4.50557 1.26246)
(0.242113 4.41253 1.29928)
(0.338503 4.4209 1.31034)
(0.373348 4.50495 1.27991)
(0.1253 4.23893 1.35223)
(0.122365 4.13652 1.38663)
(0.24901 4.13101 1.41079)
(0.249226 4.24659 1.36551)
(0.370839 4.25859 1.38224)
(0.378186 4.36729 1.3381)
(0.877821 4.50471 1.28307)
(0.907764 4.41526 1.30998)
(1.00448 4.39067 1.29639)
(0.786668 4.17564 1.4409)
(0.871818 4.25091 1.39219)
(0.751684 4.25482 1.4054)
(0.750865 4.12036 1.47124)
(0.745722 4.36283 1.35356)
(0.625001 4.36566 1.35846)
(0.625021 4.27604 1.40287)
(0.503785 4.36313 1.35356)
(0.86737 4.36414 1.3379)
(1.17118 4.37348 1.17273)
(1.03757 4.28983 1.31115)
(1.12482 4.25969 1.25836)
(0.991085 4.24742 1.35103)
(-1.12623 4.63061 1.12733)
(-0.62622 4.79222 1.18783)
(-0.625 4.62045 1.26127)
(-0.625015 4.54328 1.29119)
(-0.870688 4.86554 1.13835)
(-0.992758 4.86881 1.0986)
(-0.74991 4.87054 1.14837)
(-0.124062 4.75617 1.1438)
(-0.11842 4.67753 1.17519)
(-0.253854 4.8631 1.10778)
(-0.12572 4.86934 1.09382)
(0.377932 4.78524 1.16016)
(0.247824 4.75558 1.15636)
(0.21333 4.67231 1.18845)
(0.251457 4.61812 1.2161)
(0.378875 4.61293 1.23532)
(0.12572 4.86934 1.09382)
(0.253854 4.8631 1.10778)
(0.871548 4.79272 1.16674)
(0.870551 4.61242 1.23783)
(0.74991 4.87054 1.14837)
(-0.566286 6.64674 1.00063)
(-0.540288 7.00523 1.27956)
(-0.24766 6.90256 1.12572)
(-0.205862 6.94313 1.08675)
(-0.131473 6.92451 1.25736)
(-0.0931561 6.96116 1.2152)
(0.24766 6.90256 1.12572)
(0.131473 6.92451 1.25736)
(0.279443 6.99243 1.44692)
(0.470945 7.00328 1.34556)
(0.392422 6.99934 1.39677)
(-0.590114 7.11263 1.20733)
(-0.575048 7.51282 1.19976)
(-0.155529 7.24709 1.25473)
(-0.168974 7.27323 1.16958)
(-0.239945 7.23521 1.11393)
(-0.273148 7.15603 1.15884)
(-0.247179 7.13742 1.24741)
(-0.191122 7.18324 1.27662)
(-0.374261 7.37252 1.13367)
(-0.00833912 7.25867 1.51281)
(-0.235686 7.25171 1.37522)
(-0.167511 7.1784 1.41465)
(-0.189742 7.33735 1.33087)
(-0.231088 7.38918 1.33245)
(-0.194165 7.42264 1.46422)
(-0.225196 7.51152 1.47408)
(0.388982 7.23149 1.11727)
(0.374261 7.37252 1.13367)
(0.258329 7.37012 1.13741)
(0.235686 7.25171 1.37522)
(0.189742 7.33735 1.33087)
(0.194165 7.42264 1.46422)
(0.225196 7.51152 1.47408)
(-0.5954 7.74927 1.12553)
(-0.518616 7.62566 1.26749)
(-0.554168 7.78842 1.17431)
(-0.38661 7.75537 1.358)
(-0.365642 7.63141 1.4)
(-0.298649 7.63125 1.43923)
(-0.296041 7.74644 1.4194)
(-0.296717 7.49858 1.43612)
(-0.00212277 7.74803 1.50458)
(-0.110632 7.73548 1.49552)
(-0.414935 7.88069 1.28996)
(-0.431541 7.79111 1.30569)
(-0.245207 7.87512 1.40646)
(0.378276 8.00224 1.25711)
(0.414935 7.88069 1.28996)
(0.431541 7.79111 1.30569)
(0.298649 7.63125 1.43923)
(0.365642 7.63141 1.4)
(0.38661 7.75537 1.358)
(0.296041 7.74644 1.4194)
(0.460799 7.63033 1.32924)
(0.463226 7.56408 1.33362)
(0.110632 7.73548 1.49552)
(0.122842 7.92561 1.4268)
(0.00359772 7.92396 1.44248)
(0.245207 7.87512 1.40646)
(0.286347 8.04248 1.29862)
(0.243281 7.99443 1.34746)
(-0.119308 8.2769 1.15113)
(-0.118941 8.15223 1.27838)
(-0.121121 7.99143 1.39128)
(-0.0035643 8.01717 1.39251)
(0.365149 8.22459 1.0996)
(0.121121 7.99143 1.39128)
(-4.01716 2.50018 1.71249)
(-4.11751 2.76062 1.61426)
(-4.2573 2.66668 1.62511)
(-4.01479 2.61941 1.73182)
(0.363195 3.01181 1.57996)
(-0.125033 3.24884 1.61562)
(-0.248755 3.36284 1.60556)
(0.361273 3.1298 1.59897)
(0.248755 3.36284 1.60556)
(0.36284 3.24915 1.60101)
(-2.5822 -8.08168 0.25804)
(2.5822 -8.08168 0.25804)
(-2.58459 -8.10244 0.749895)
(2.58459 -8.10244 0.749895)
(-0.985988 0.128853 -0.883894)
(-0.881256 0.125307 -0.922606)
(-0.500208 0.0917635 -0.92617)
(-0.512745 0.26275 -0.965548)
(0.622461 0.0844222 -0.936675)
(0.500208 0.0917635 -0.92617)
(0.625376 0.262351 -0.978377)
(-0.870747 0.987138 -0.867517)
(-1.00058 1.12758 -0.75121)
(-0.870419 1.15898 -0.790901)
(0.625079 0.989015 -0.876944)
(0.625748 1.17241 -0.793748)
(1.98535 -6.38428 -0.387906)
(2.12846 -6.49735 -0.405631)
(2.00024 -6.50833 -0.365836)
(-1.49241 -5.37051 -0.363895)
(-1.51296 -3.87313 -0.39719)
(-1.33649 -3.87468 -0.289247)
(1.46739 -4.11992 -0.413402)
(-1.50387 -3.35524 -0.322131)
(1.50387 -3.35524 -0.322131)
(1.63774 -3.37615 -0.299537)
(1.6677 -3.49215 -0.305457)
(-1.48803 -2.37498 -0.359011)
(-1.37727 -2.49844 -0.350517)
(-1.00046 -1.87923 -0.406459)
(-1.01195 -1.9986 -0.384167)
(1.11841 -2.00936 -0.4185)
(1.08973 -1.9089 -0.430986)
(1.25656 -2.02971 -0.439652)
(0.960957 -1.75203 -0.411202)
(1.5342 -0.377561 -0.409085)
(1.54097 0.00110962 -0.409828)
(1.41265 0.499289 -0.541241)
(1.04872 1.55675 -0.445727)
(-0.996353 4.12688 -0.356684)
(-0.867443 4.01068 -0.336262)
(-0.906775 3.95743 -0.30502)
(-1.0476 4.08264 -0.312058)
(-0.500584 4.11699 -0.420873)
(-0.375045 3.9987 -0.414613)
(-0.499401 3.99981 -0.400145)
(-3.90671e-17 4.12418 -0.387384)
(0.124959 3.99985 -0.379417)
(-1.79842e-17 4.00035 -0.363644)
(0.500584 4.11699 -0.420873)
(0.623062 4.00306 -0.376411)
(0.499401 3.99981 -0.400145)
(-1.49371 4.63514 -0.327397)
(-1.37257 4.63038 -0.389032)
(-1.37245 4.50608 -0.345456)
(-1.41696 4.46292 -0.293233)
(-1.49856 4.50182 -0.241017)
(-1.5352 4.59006 -0.281039)
(-0.879584 5.54683 -0.41648)
(0 5.54599 -0.418917)
(0.118295 5.55416 -0.427368)
(0.125931 5.36655 -0.476772)
(-1.38778e-17 5.36465 -0.467236)
(0 5.62812 -0.380429)
(1.13019 5.49942 -0.408236)
(0.000977505 7.62492 -0.391004)
(0.127883 7.50002 -0.386437)
(0.000976763 7.50011 -0.391391)
(-2.43908 -6.36921 -0.000459023)
(-2.42545 -5.87298 -0.000708148)
(-2.4292 -5.99786 -0.000677921)
(-2.4028 -5.50116 0.140488)
(-2.43615 -5.37755 0.000256021)
(-2.43208 -5.50242 0.000177471)
(-2.39998 -4.99991 0.111213)
(-2.41558 -4.87486 -0.000551101)
(-2.42795 -4.99994 -0.000316076)
(-2.34701 -4.51668 -0.00555438)
(-2.2951 -4.49575 0.168661)
(-2.29176 -4.33592 0.00130981)
(1.13762 -3.98505 0.129429)
(1.1381 -3.87033 0.0143415)
(1.16393 -3.99009 0.00995485)
(1.98358 -3.37652 0.134033)
(1.93162 -3.36605 -0.0444058)
(-1.92622 -2.98703 0.109836)
(-1.89497 -2.8747 0.0121908)
(-1.89862 -2.99701 0.00929)
(-1.92694 -2.49877 0.0988404)
(-1.89487 -2.37505 0.00372861)
(-1.88846 -2.50047 0.00622279)
(-1.94957 -2.49648 0.26105)
(-1.91119 -1.49975 0.115224)
(-1.87887 -1.3751 0.012307)
(-0.512894 -1.37305 0.128626)
(-1.8859 -0.998644 0.11942)
(-1.8507 -0.878963 0.0137269)
(-1.85788 -1.00041 0.0123116)
(1.51463 1.6219 0.128232)
(-1.39294 4.00256 0.131385)
(-1.41588 4.11793 -0.00113538)
(-1.35458 3.99705 0.00162479)
(-1.46545 4.25757 0.00795791)
(-1.43893 4.20912 -0.0361611)
(2.10275 4.10565 0.125023)
(2.07896 4.0845 0.000786103)
(0.478909 6.12407 0.127388)
(0.466703 6.62676 0.137985)
(-2.34824 -7.38173 0.493374)
(-2.36327 -7.50973 0.614059)
(-1.94114 -3.49467 0.541669)
(-1.92115 -3.37501 0.547556)
(-1.98834 -3.37535 0.362228)
(-1.99882 -3.49986 0.361872)
(-1.90683 -3.50002 0.621837)
(1.084 -3.50972 0.510773)
(1.00951 -3.36971 0.368924)
(1.03586 -3.49717 0.370242)
(1.0585 -3.54075 0.419939)
(-1.89872 -3.00283 0.616033)
(-1.94178 -2.90705 0.541287)
(-1.934 -3.0117 0.516717)
(-1.95281 -2.74556 0.488923)
(-1.94751 -2.86346 0.48625)
(1.97014 -1.87499 0.613751)
(0.567672 -1.51078 0.504048)
(0.55378 -1.41551 0.551115)
(0.531255 -1.36808 0.491245)
(0.516074 -1.36952 0.369472)
(0.546621 -1.48678 0.36498)
(0.56446 -1.53735 0.407158)
(0.617499 -1.50394 0.629681)
(0.5389 -1.24153 0.614647)
(0.502638 -1.25121 0.496801)
(-1.89231 -0.492668 0.630697)
(-1.88005 -0.371299 0.496398)
(-1.90369 -0.492131 0.494025)
(0.119212 -0.40734 0.501787)
(1.38778e-17 -0.413743 0.625143)
(6.93889e-18 -0.418135 0.50127)
(-2.87376 3.63154 0.526753)
(-2.8878 4.1383 0.494265)
(-2.93557 4.18021 0.404332)
(-2.99278 4.13079 0.373705)
(-2.36838 4.61792 0.54195)
(-0.962505 5.55749 0.540304)
(-0.869249 5.5396 0.541826)
(-0.872671 5.51411 0.622216)
(0.631639 5.54174 0.537456)
(0.628978 5.64774 0.373673)
(0.550879 5.67801 0.418125)
(-0.387399 6.1232 0.505522)
(0.110998 8.47759 0.62009)
(-1.37308 -2.38591 1.03761)
(1.62603 -2.38235 1.01607)
(1.08046 -1.38176 1.06037)
(0.614914 -0.377865 1.04328)
(-1.39354 0.62201 1.02092)
(-1.39778 0.50032 1.02442)
(-1.37727 1.1282 0.984467)
(-1.43212 1.15882 0.941592)
(-1.48924 1.12379 0.899807)
(-1.52685 1.00082 0.87181)
(-3.87163 2.59792 1.00857)
(-3.8803 2.56019 1.07739)
(-4.00186 2.47626 1.23056)
(-0.875829 5.03654 1.0527)
(-0.875276 5.11859 1.01333)
(0.124868 5.11469 0.996193)
(-0.377998 2.62172 1.50077)
(0.120196 2.61678 1.52319)
(0.535844 3.12337 1.55253)
(-0.375954 3.53096 1.55308)
(-0.373736 3.63158 1.53797)
(-0.36195 3.36194 1.59561)
(0.126067 3.64509 1.537)
(0.624948 4.10846 1.48389)
(0.110528 7.62423 1.51377)
(-0.512337 0.376212 -0.983591)
(-0.625716 0.376181 -0.9997)
(-0.626095 0.499716 -1.0052)
(0.625716 0.376181 -0.9997)
(0.86955 0.377861 -0.968881)
(0.860273 0.503783 -0.986418)
(0.92115 0.33602 -0.94365)
(0.860056 0.620446 -0.989311)
(-2.14093 -7.8755 -0.490433)
(-1.98128 -7.87497 -0.364125)
(-2.11077 -5.87019 -0.483359)
(-2.00735 -5.63577 -0.547327)
(-2.11528 -5.62775 -0.514047)
(1.88676 -5.8693 -0.500886)
(2.11525 -5.62771 -0.514064)
(1.49807 -5.12352 -0.492441)
(-2.0094 -4.61416 -0.54217)
(-2.12591 -4.61897 -0.486303)
(-2.17837 -4.58101 -0.431552)
(-1.58287 -4.59138 -0.56323)
(-1.61409 -4.48525 -0.556639)
(-1.63335 -4.6337 -0.590235)
(1.58287 -4.59138 -0.56323)
(1.63335 -4.6337 -0.590235)
(1.63941 -4.75494 -0.610888)
(1.47515 -4.75251 -0.527587)
(-1.62555 -4.37306 -0.532791)
(-1.12633 -1.49926 -0.523233)
(1.3631 -1.86222 -0.460062)
(1.37419 -2.02749 -0.429874)
(1.12913 -1.6231 -0.497667)
(1.36556 -1.62361 -0.497329)
(1.37088 -1.49773 -0.51611)
(1.55028 -1.63154 -0.423785)
(-1.54652 -1.53581 -0.436391)
(-1.62299 -1.50357 -0.404519)
(-1.12512 -1.37566 -0.543132)
(-1.37667 -1.12551 -0.531733)
(0.958666 -1.00426 -0.544727)
(0.996167 -1.13051 -0.543179)
(0.88787 -1.12134 -0.4995)
(0.877149 -1.00145 -0.513187)
(1.37376 -1.37434 -0.522355)
(1.4884 -1.12509 -0.482398)
(1.37667 -1.12551 -0.531733)
(1.38139 -1.00058 -0.532592)
(-0.572258 -0.55353 -0.556095)
(-0.616097 -0.63534 -0.528981)
(-0.711154 -0.665984 -0.56049)
(0.955416 -0.914191 -0.561102)
(0.866616 -0.88265 -0.53578)
(0.838345 -0.788949 -0.551533)
(1.38338 -0.875831 -0.531564)
(-1.42552 -0.124126 -0.546122)
(-1.27854 -0.128739 -0.667259)
(-0.627373 -0.00532431 -0.901059)
(0.873308 -0.120324 -0.851083)
(0.879642 -0.00472975 -0.885556)
(1.01008 -0.136379 -0.798542)
(0.913519 -0.173232 -0.81662)
(1.38272 -0.379747 -0.544916)
(1.42552 -0.124126 -0.546122)
(1.4287 -0.00283224 -0.550501)
(1.54082 -0.124725 -0.41229)
(-1.13178 -0.00293997 -0.787101)
(-1.16349 0.122992 -0.795342)
(-1.18264 0.373851 -0.814331)
(-1.18742 0.502836 -0.812546)
(-1.36576 0.496064 -0.617967)
(-1.42427 0.37674 -0.542782)
(-0.622461 0.0844222 -0.936675)
(-0.625376 0.262351 -0.978377)
(0.881256 0.125307 -0.922606)
(1.4283 0.124388 -0.549241)
(1.36188 0.128203 -0.637005)
(1.30437 0.0855701 -0.693967)
(1.37233 0.375005 -0.619975)
(1.36576 0.496064 -0.617967)
(-1.18025 0.631289 -0.803868)
(-1.34643 0.624288 -0.620793)
(-0.879144 0.881265 -0.912153)
(-0.49758 0.881384 -0.906751)
(-0.618594 0.886022 -0.919771)
(0.49758 0.881384 -0.906751)
(0.618605 0.886007 -0.919737)
(0.988164 0.872782 -0.873634)
(0.879108 0.881222 -0.912052)
(1.34643 0.624288 -0.620793)
(1.37055 0.873411 -0.492842)
(1.34387 0.998811 -0.494624)
(-1.13196 1.53399 -0.417131)
(-0.624647 1.62048 -0.497667)
(-0.124999 1.62065 -0.493629)
(0.375004 1.62067 -0.497232)
(0.871634 1.62282 -0.480445)
(0.914991 1.67211 -0.426486)
(-1.00371 4.37729 -0.479187)
(-1.02885 4.31743 -0.445308)
(-1.1246 4.32811 -0.417729)
(-1.11161 4.51321 -0.52599)
(-0.875038 4.39158 -0.481051)
(-0.374999 4.3868 -0.468387)
(0.374999 4.3868 -0.468387)
(0.375 4.50142 -0.483055)
(0.875038 4.39158 -0.481051)
(0.874945 4.50139 -0.507468)
(-1.12099 4.62747 -0.531015)
(-1.03325 5.00507 -0.568616)
(-1.03535 4.87691 -0.566882)
(-1.13204 4.8745 -0.5372)
(-1.13264 5.00055 -0.544281)
(-0.625237 4.62527 -0.483989)
(-0.4994 4.87492 -0.504344)
(-0.610407 4.87743 -0.513119)
(-0.616214 5.00147 -0.500388)
(-0.125109 4.62534 -0.48025)
(-0.375007 4.875 -0.526604)
(-2.40561e-17 4.875 -0.490489)
(-0.125 4.875 -0.506782)
(-0.125 5 -0.512616)
(0.374995 4.62492 -0.500996)
(0.125 4.875 -0.506782)
(0.4994 4.87492 -0.504344)
(0.375007 4.875 -0.526604)
(0.375006 5 -0.524289)
(0.87504 4.62031 -0.535071)
(0.610407 4.87743 -0.513119)
(1.13204 4.8745 -0.5372)
(-1.63242 4.995 -0.41452)
(-1.12721 5.12543 -0.530759)
(-0.623921 5.12495 -0.48938)
(-0.873205 5.36588 -0.499112)
(-0.499987 5.37419 -0.512291)
(-0.624215 5.37373 -0.511164)
(-0.620968 5.48581 -0.482019)
(-0.124988 5.12506 -0.509256)
(-0.37571 5.37361 -0.510235)
(0.374986 5.12502 -0.524221)
(0.499987 5.37419 -0.512291)
(0.37571 5.37361 -0.510235)
(0.624215 5.37373 -0.511164)
(1.37267 5.12431 -0.485219)
(1.12568 5.36956 -0.46938)
(1.16183 5.42445 -0.442335)
(2.25048 -8.13151 -0.359906)
(2.42614 -7.99799 -0.43461)
(1.9473 -7.49218 -0.0357745)
(1.97334 -7.49884 -0.131772)
(1.94855 -7.61197 -0.141172)
(1.92738 -7.58363 -0.0389616)
(1.93494 -7.71756 -0.160926)
(2.4348 -7.86543 -0.43033)
(-2.50618 -7.12647 0.000291094)
(1.97377 -7.37626 -0.122885)
(-2.12848 -6.49739 -0.405628)
(-2.41662 -5.99922 -0.142703)
(-2.43294 -6.12275 -0.000647693)
(1.93269 -6.54275 -0.306029)
(2.43141 -6.12272 -0.00241676)
(2.41569 -5.99927 -0.143444)
(2.42791 -5.9983 -0.000711779)
(-2.428 -5.50341 -0.141955)
(-2.42777 -5.62774 -0.00097652)
(-1.55546 -5.5515 -0.0856825)
(-1.60969 -5.63017 -0.00108089)
(1.55546 -5.5515 -0.0856825)
(1.60969 -5.63017 -0.00108089)
(2.42487 -5.87337 -0.000735307)
(2.42777 -5.62774 -0.00097652)
(2.428 -5.50341 -0.141955)
(2.43208 -5.50242 0.000177471)
(-2.43451 -4.99665 -0.119431)
(-2.43341 -5.125 -0.000265026)
(1.45069 -5.12957 -0.423692)
(1.47073 -5.37797 -0.127348)
(1.52319 -5.49721 -0.122497)
(2.43615 -5.37755 0.000256021)
(2.43341 -5.125 -0.000265026)
(2.43451 -4.99665 -0.119431)
(2.42795 -4.99994 -0.000316076)
(-2.34735 -4.50787 -0.121426)
(-2.37987 -4.62865 -0.00323498)
(2.41558 -4.87486 -0.000551101)
(2.37987 -4.62865 -0.00323498)
(-2.3137 -4.45424 -0.174325)
(-1.88528 -3.98911 -0.377549)
(-1.88547 -4.11412 -0.421649)
(-1.99449 -4.12383 -0.359049)
(-1.93774 -3.94562 -0.312381)
(1.33249 -4.12705 -0.296327)
(-1.1381 -3.87033 0.0143415)
(-1.16393 -3.99009 0.00995485)
(-1.21908 -3.87251 -0.152556)
(1.21908 -3.87251 -0.152556)
(1.21751 -4.00558 -0.122148)
(1.18825 -4.03767 -0.0358675)
(1.09566 -3.62929 0.0040127)
(1.2062 -3.62868 -0.1712)
(-1.63774 -3.37615 -0.299537)
(-1.8647 -3.37155 -0.14715)
(-1.90953 -3.1188 0.00184924)
(-1.79356 -3.00022 -0.16872)
(-1.79825 -3.12482 -0.172402)
(-1.07814 -3.37976 -0.0522789)
(-0.98926 -3.37348 0.13498)
(1.36845 -3.38005 -0.306826)
(1.8647 -3.37155 -0.14715)
(-1.79203 -2.87573 -0.164977)
(-1.89138 -2.62539 0.0104739)
(-1.79171 -2.50093 -0.16623)
(-1.79282 -2.62496 -0.164991)
(1.06425 -2.91888 -0.177488)
(1.49004 -2.6229 -0.33534)
(1.38345 -2.61939 -0.340927)
(1.37727 -2.49844 -0.350517)
(1.89497 -2.8747 0.0121908)
(1.89138 -2.62539 0.0104739)
(1.88846 -2.50047 0.00622279)
(-1.65602 -2.37502 -0.282002)
(-1.48745 -2.12681 -0.393537)
(-1.6615 -2.13066 -0.305807)
(-1.7939 -2.376 -0.168359)
(-1.00688 -2.12642 -0.348271)
(-1.11841 -2.00936 -0.4185)
(-0.954832 -2.1627 -0.302034)
(1.89487 -2.37505 0.00372861)
(1.9004 -2.12489 0.00330602)
(1.80192 -2.12847 -0.175808)
(1.80605 -2.00709 -0.18202)
(1.89545 -1.99819 0.00012702)
(-1.55028 -1.63154 -0.423785)
(-1.36556 -1.62361 -0.497329)
(-1.62206 -1.62694 -0.389642)
(-1.13726 -1.86255 -0.453197)
(-1.08973 -1.9089 -0.430986)
(-0.656945 -1.62303 -0.118426)
(-0.628539 -1.49736 -0.120632)
(0.628539 -1.49736 -0.120632)
(0.656945 -1.62303 -0.118426)
(1.89247 -1.87266 -0.00283785)
(1.88706 -1.62696 0.00309713)
(-1.81248 -1.37242 -0.164824)
(-1.86541 -1.12487 0.0122536)
(-1.78827 -0.999061 -0.156128)
(-1.79688 -1.12292 -0.16002)
(1.86541 -1.12487 0.0122536)
(-1.54876 -0.614692 -0.422899)
(-1.37534 -0.627208 -0.525866)
(-1.67564 -0.615078 -0.305622)
(-1.78315 -0.87753 -0.151723)
(-1.54082 -0.124725 -0.41229)
(-0.0773304 -0.429678 -0.0103865)
(-0.094832 -0.402581 -0.128483)
(5.28642e-18 -0.333126 -0.144633)
(1.32966e-17 -0.387144 -0.00316791)
(0.094832 -0.402581 -0.128483)
(0.0773304 -0.429678 -0.0103865)
(-1.52545 0.377628 -0.37198)
(-1.41032 0.877452 -0.412452)
(-1.50027 0.87229 -0.245647)
(-1.47375 1.00039 -0.246069)
(-1.43692 1.03863 -0.299895)
(-1.51457 1.1257 -0.125054)
(-1.4088 1.49908 -0.164989)
(-1.43149 1.41534 -0.172039)
(-1.47086 1.37413 -0.11942)
(-1.38068 1.63384 -0.134057)
(-1.12508 1.62852 -0.363673)
(-0.498566 1.87368 -0.365372)
(-0.619484 2.02303 -0.271589)
(-0.506637 2.03194 -0.286374)
(-0.941202 3.32894 -0.0575572)
(1.12946 3.38053 0.135145)
(-0.496467 3.87772 -0.379676)
(-0.625271 3.87507 -0.339853)
(-0.623062 4.00306 -0.376411)
(-1.40973e-18 3.87986 -0.335786)
(-0.124959 3.99985 -0.379417)
(0.496467 3.87772 -0.379676)
(0.375045 3.9987 -0.414613)
(0.625271 3.87507 -0.339853)
(-2.07896 4.0845 0.000786103)
(-1.5438 4.45517 0.000526521)
(-1.54574 4.4548 -0.139104)
(-1.4982 4.36372 -0.116414)
(-1.50869 4.37242 0.00568131)
(-1.62754 4.50783 0.000955735)
(-1.62479 4.48767 -0.117381)
(0.867443 4.01068 -0.336262)
(0.996353 4.12688 -0.356684)
(1.0476 4.08264 -0.312058)
(0.906775 3.95743 -0.30502)
(1.62479 4.48767 -0.117381)
(-2.42131 4.91111 -0.0383984)
(-2.46514 4.86614 0.0092794)
(-2.5055 4.86351 0.124668)
(1.86218 4.99956 -0.370582)
(2.03922 4.99938 -0.313917)
(2.04133 4.8808 -0.322254)
(-2.03252 5.40754 -0.132202)
(-2.17592 5.26017 -0.132253)
(-2.18248 5.30167 -0.0420871)
(-1.50714 5.38338 -0.41801)
(-1.63266 5.53399 -0.289664)
(-1.37252 5.41796 -0.417598)
(-1.53515 5.28894 -0.440705)
(1.37161 5.49194 -0.381787)
(1.49807 5.50076 -0.359698)
(2.03975 5.12586 -0.305142)
(2.25543 5.13282 -0.128719)
(2.17592 5.26017 -0.132253)
(-0.539905 5.92827 -0.121112)
(-0.565032 5.92364 -0.00401594)
(-0.634688 5.8629 -0.00315218)
(1.54367 5.55066 -0.308696)
(0.409208 6.37951 -0.0398368)
(-0.423618 6.83628 -0.0518709)
(-0.467979 6.87728 0.0065142)
(0.000752424 7.37435 -0.386768)
(-0.127883 7.50002 -0.386437)
(0.123607 8.00023 -0.284637)
(-2.09063 -8.04186 0.500538)
(-2.07846 -8.04488 0.381133)
(2.07846 -8.04488 0.381133)
(-2.40555 -7.37368 0.410148)
(-2.13664 -6.9993 0.379131)
(-1.98788 -6.87722 0.247602)
(-2.11253 -5.99996 0.383943)
(-2.1135 -6.12429 0.375068)
(-2.01357 -6.12098 0.35935)
(-2.01177 -5.99973 0.372349)
(-1.84726 -6.12636 0.247693)
(2.43908 -6.36921 -0.000458846)
(-2.00863 -5.87337 0.38389)
(-2.11189 -5.87493 0.391344)
(-2.12527 -5.50856 0.427557)
(-2.11036 -5.62565 0.416998)
(-2.00072 -5.62472 0.417244)
(-1.99976 -5.50563 0.434122)
(-1.65228 -5.62571 0.119047)
(1.65228 -5.62571 0.119047)
(2.00861 -5.87338 0.383477)
(1.88436 -5.50018 0.401238)
(2.00072 -5.62472 0.417244)
(1.99976 -5.50563 0.434122)
(2.12527 -5.50856 0.427557)
(-2.04648 -3.99842 0.420268)
(-2.05601 -4.11565 0.43063)
(-2.0193 -3.62171 0.126227)
(-2.03926 -3.86907 0.381602)
(-2.00564 -3.62481 0.36198)
(-1.94231 -3.62569 0.539862)
(-1.13762 -3.98505 0.129429)
(-1.10087 -3.62681 0.498413)
(1.03352 -3.61676 0.132878)
(1.06352 -3.6597 0.0794568)
(1.14646 -3.8732 0.494356)
(1.15568 -3.99149 0.370321)
(1.18252 -4.04665 0.40553)
(1.07594 -3.63021 0.421115)
(1.10087 -3.62681 0.498413)
(-1.94593 -3.13698 0.140263)
(-1.93561 -3.09279 0.0935401)
(-1.9544 -3.129 0.253938)
(-1.94982 -3.0052 0.257878)
(-1.94276 -2.96599 0.210432)
(-1.94036 -3.02608 0.420512)
(-1.94168 -3.09703 0.421198)
(-1.92102 -3.12175 0.510477)
(0.946622 -3.13859 0.115344)
(0.928726 -3.0414 0.0852381)
(0.951397 -3.15014 0.253131)
(0.959913 -3.13439 0.379728)
(1.93561 -3.09279 0.0935401)
(1.92084 -3.24913 -0.0308792)
(1.92622 -2.98703 0.109836)
(1.94276 -2.96599 0.210432)
(-1.94863 -2.87106 0.37797)
(-1.95037 -2.99374 0.373748)
(-1.95879 -2.49971 0.37517)
(-1.95694 -2.62452 0.376628)
(-1.94681 -2.61809 0.262748)
(-1.95923 -2.3746 0.375615)
(-1.96388 -2.00017 0.376601)
(-1.96171 -2.12492 0.376384)
(-1.96401 -2.12476 0.498402)
(-1.93024 -2.12491 0.0685482)
(-1.95503 -2.12502 0.260237)
(1.92588 -2.37503 0.0729)
(-1.96285 -1.87523 0.376589)
(-1.96197 -1.50007 0.385277)
(-1.96487 -1.62559 0.382835)
(-1.97436 -1.62517 0.499574)
(-0.676184 -1.86124 0.486629)
(-0.567672 -1.51078 0.504048)
(-0.56446 -1.53735 0.407158)
(-0.55378 -1.41551 0.551115)
(-0.605991 -1.63577 0.501743)
(0.676184 -1.86124 0.486629)
(0.696501 -2.0287 0.379725)
(0.713934 -2.00268 0.499871)
(0.700634 -1.9085 0.536607)
(0.605991 -1.63577 0.501743)
(1.92305 -1.8777 0.0777673)
(1.91119 -1.49975 0.115224)
(-1.9576 -1.37563 0.385692)
(-1.93843 -1.09195 0.336892)
(-1.94764 -1.13252 0.387623)
(-1.966 -1.12715 0.502214)
(1.8859 -0.998644 0.11942)
(-1.88859 -0.495398 0.37157)
(-1.92303 -0.614398 0.491833)
(1.83893 -0.503312 0.132725)
(1.92303 -0.614398 0.491833)
(1.88859 -0.495398 0.37157)
(1.90369 -0.492131 0.494025)
(-0.119212 -0.40734 0.501787)
(-0.101179 -0.412293 0.37344)
(2.42861e-17 -0.417601 0.376018)
(0.101179 -0.412293 0.37344)
(1.88005 -0.371299 0.496398)
(-1.38061 2.00815 0.372054)
(-1.42968 1.91712 0.375822)
(-1.43404 1.91594 0.496453)
(1.43406 1.91591 0.496541)
(1.38061 2.00815 0.372054)
(-1.29349 2.15851 0.371384)
(-1.01166 2.38092 0.118332)
(-0.926192 2.42116 0.0723718)
(-0.881114 2.37891 0.018647)
(-1.05931 2.4218 0.193352)
(0.901794 2.50768 0.0982234)
(-3.50919 2.94432 0.447943)
(-3.5418 3.07989 0.319482)
(-3.50512 3.01215 0.368493)
(-3.50232 2.84177 0.596364)
(-3.61883 2.85223 0.602938)
(-3.37157 2.97925 0.383341)
(0.897369 2.62727 0.103845)
(0.883408 2.99646 0.0206769)
(0.891435 3.1242 -0.0274036)
(1.01519 3.12521 0.129875)
(-3.40747 3.37695 0.0895903)
(-3.27143 3.38891 -0.0416492)
(-3.26336 2.99526 0.387265)
(3.0905 3.07067 0.366309)
(3.06771 3.05297 0.491759)
(2.93728 3.18265 0.360103)
(-1.37899 4.00107 0.373996)
(-1.36006 3.88764 0.374254)
(-1.34123 3.88779 0.487217)
(1.34123 3.88779 0.487217)
(1.36006 3.88764 0.374254)
(1.37899 4.00107 0.373996)
(2.47932 3.98688 0.498646)
(2.43574 3.94291 0.426381)
(2.35911 3.98916 0.383275)
(2.32018 4.07535 0.419978)
(2.32353 3.95348 0.290517)
(2.36494 3.87195 0.251358)
(2.43516 3.82036 0.298687)
(-1.48886 4.37251 0.122664)
(-1.43799 4.45798 0.415522)
(-1.38536 4.36407 0.506181)
(1.42712 4.10067 0.128068)
(1.43893 4.20912 -0.0361611)
(1.418 4.4701 0.506202)
(1.43799 4.45798 0.415522)
(1.46701 4.50294 0.371476)
(1.52303 4.60348 0.373242)
(1.50645 4.63969 0.490282)
(1.38536 4.36407 0.506181)
(-1.46701 4.50294 0.371476)
(1.62664 4.75192 0.498138)
(1.54468 4.71198 0.534232)
(1.98924 4.61354 0.493312)
(1.93965 4.5684 0.428534)
(2.09924 4.60003 0.539773)
(2.42743 4.88984 0.383065)
(2.36801 5.00044 0.375135)
(-0.548664 5.88693 0.130719)
(-0.422073 6.00633 0.423928)
(-0.449052 6.37392 0.13462)
(-0.473316 6.50524 0.369611)
(-0.447735 6.38132 0.366177)
(-0.437743 6.33868 0.411434)
(-0.418949 6.3698 0.504014)
(-0.422395 6.12322 0.404047)
(0.422395 6.12322 0.404047)
(0.458096 6.12477 0.240821)
(0.387399 6.1232 0.505522)
(-0.512339 6.86933 0.118702)
(-0.498883 6.62191 0.372741)
(-3.46945e-17 8.3671 0.1197)
(-2.08471 -8.04932 0.617516)
(-2.47403 -7.62665 0.620288)
(-2.41313 -7.5816 0.658985)
(-2.0053 -7.58414 0.919577)
(2.0053 -7.58414 0.919577)
(-1.63001 -4.36603 0.59278)
(-1.61346 -3.49978 0.857364)
(-1.51107 -3.61852 0.873362)
(-1.50321 -3.49795 0.878742)
(-1.37676 -3.50395 0.853999)
(1.20275 -3.63382 0.672989)
(1.51107 -3.61852 0.873362)
(1.50321 -3.49795 0.878742)
(1.37676 -3.50395 0.853999)
(1.31183 -3.53946 0.807352)
(1.32583 -3.63339 0.798442)
(-1.50052 -3.37434 0.883583)
(-1.61308 -3.37497 0.858184)
(-1.61233 -3.00193 0.899471)
(-1.49941 -3.12558 0.885583)
(-1.49953 -3.00593 0.891294)
(-1.37577 -3.00529 0.888012)
(1.50052 -3.37434 0.883583)
(1.37577 -3.00529 0.888012)
(1.37856 -3.12427 0.862028)
(1.49941 -3.12558 0.885583)
(1.49953 -3.00593 0.891294)
(1.61233 -3.00193 0.899471)
(-1.49744 -2.90283 0.917069)
(-1.63047 -2.87391 0.916362)
(1.00565 -2.50216 0.888869)
(1.13945 -2.37107 0.984336)
(0.974562 -2.37188 0.875473)
(0.945519 -2.00888 0.917438)
(0.847729 -2.1247 0.754662)
(-0.617499 -1.50394 0.629681)
(-0.651241 -1.62541 0.623197)
(-0.90051 -1.87425 0.876279)
(0.651241 -1.62541 0.623197)
(1.11996 -1.8731 1.02866)
(-1.77689 -1.37277 1.03021)
(-1.88871 -0.999292 0.868684)
(-1.76958 -1.12531 1.02334)
(0.501927 -1.12679 0.623558)
(1.88871 -0.999292 0.868684)
(-0.626068 -0.997652 0.87444)
(0.626068 -0.997652 0.87444)
(0.599886 -0.873363 0.898542)
(0.573328 -1.04266 0.809054)
(1.89231 -0.492668 0.630697)
(-1.40666 0.376574 1.03294)
(-1.2711 1.62487 1.02111)
(-3.98113 2.75751 0.878408)
(-3.8636 2.72329 0.844763)
(-1.30264 3.87507 0.654605)
(1.39422 4.50247 0.620606)
(1.45748 4.63792 0.612394)
(1.41936 4.58862 0.658119)
(1.34828 4.3748 0.621358)
(1.37807 5.00316 0.878458)
(-0.491305 5.39336 0.863597)
(0.491305 5.39336 0.863597)
(0.370749 5.51728 0.73878)
(-0.580665 6.6232 0.879601)
(-0.116258 6.98839 1.00164)
(-0.119013 6.96519 0.880175)
(-0.0195739 6.94929 0.891665)
(0.119013 6.96519 0.880175)
(-0.384279 8.39246 0.498246)
(-0.00427198 8.43017 0.902557)
(-0.121003 8.38588 0.986683)
(-0.00542613 8.38658 1.00838)
(0.116722 8.46596 0.74164)
(0.121003 8.38588 0.986683)
(0.1206 0.513625 1.34653)
(5.55112e-17 0.625917 1.38132)
(-0.373812 1.00051 1.38977)
(-0.125727 0.99704 1.4247)
(1.0094e-05 0.87435 1.41668)
(6.70553e-05 0.994591 1.43001)
(0.125707 0.997419 1.42472)
(0.373759 1.00061 1.3898)
(0.491435 0.877675 1.33564)
(-0.487473 1.12537 1.36134)
(-0.487494 1.37492 1.37356)
(-0.381176 1.50051 1.40695)
(0.135316 1.50446 1.45069)
(0.374687 1.50007 1.40746)
(-0.610559 2.0041 1.34301)
(-0.616069 1.87883 1.33378)
(-0.500202 1.87459 1.37188)
(-0.505912 1.99902 1.3783)
(-0.38386 1.99675 1.40477)
(-0.124315 1.9945 1.42343)
(0 1.86748 1.37522)
(-0.00104099 2.00153 1.39075)
(0.48695 1.62513 1.37503)
(0.124315 1.9945 1.42343)
(0.38386 1.99675 1.40477)
(0.500219 1.87459 1.37188)
(0.505912 1.99902 1.3783)
(0.616069 1.87883 1.33378)
(-0.507898 2.12198 1.38989)
(-0.615596 2.12482 1.35688)
(-0.629279 2.49681 1.40872)
(-0.658154 2.59023 1.42232)
(-0.630449 2.36967 1.38663)
(0.507898 2.12198 1.38989)
(3.8803 2.56019 1.07739)
(-1.03208 3.99813 1.40916)
(-1.04695 3.87873 1.4165)
(-0.870298 3.62094 1.49486)
(-0.907201 3.58849 1.41407)
(-0.867071 3.50194 1.38793)
(-0.793911 3.46841 1.42395)
(0.870298 3.62094 1.49486)
(-0.992074 4.12481 1.40254)
(0 4.13564 1.38162)
(-0.120851 6.97332 1.12182)
(-0.392422 6.99934 1.39677)
(-0.470945 7.00328 1.34556)
(-0.404312 7.54995 1.3807)
(-0.460799 7.63033 1.32924)
(-0.463226 7.56408 1.33362)
(-0.122842 7.92561 1.4268)
(0.404312 7.54995 1.3807)
(-0.638521 3.74996 1.59409)
(0.99805 -0.237381 -0.762027)
(1.11777 -0.242594 -0.72073)
(1.16717 -0.28799 -0.678546)
(-0.748488 0.0931681 -0.933413)
(-0.910946 0.243529 -0.931263)
(-0.740263 0.263851 -0.969731)
(-0.750436 -0.00505927 -0.905818)
(-1.00579 0.242429 -0.896129)
(0.238901 -0.0202524 -0.799195)
(0.748488 0.0931681 -0.933413)
(0.740263 0.263851 -0.969731)
(0.750436 -0.00505927 -0.905818)
(1.17563 0.243 -0.810089)
(1.00579 0.242429 -0.896129)
(1.25685 0.252474 -0.748544)
(1.25596 0.124755 -0.733445)
(-1.25862 0.497525 -0.747882)
(-1.31018 0.662395 -0.67111)
(-1.26084 0.624621 -0.731315)
(-0.226156 0.502719 -0.905277)
(0.226156 0.502719 -0.905277)
(0.0791673 0.498497 -0.78851)
(1.46674e-17 0.499695 -0.753682)
(-7.88936e-18 0.624995 -0.757697)
(1.01109e-18 0.75057 -0.751114)
(1.26084 0.624621 -0.731315)
(1.31018 0.662395 -0.67111)
(0.992816 0.751139 -0.896642)
(0.863681 0.738205 -0.955447)
(0.915583 0.784977 -0.927002)
(1.25862 0.497525 -0.747882)
(-0.749193 1.17298 -0.794144)
(-0.749761 0.990761 -0.876201)
(0.251966 1.11425 -0.734884)
(0.12969 1.11489 -0.706781)
(0.25215 1.28703 -0.66149)
(0.123663 0.998776 -0.737162)
(0.248236 1.00098 -0.771137)
(0.749193 1.17298 -0.794144)
(0.628718 1.24344 -0.748702)
(0.749749 0.990769 -0.875198)
(0.498954 1.24979 -0.727413)
(-2.02023 -7.74686 -0.372522)
(-2.13891 -7.76217 -0.451683)
(-2.09764 -7.71434 -0.41777)
(-2.25006 -7.50021 -0.407842)
(-2.37754 -7.48931 -0.373695)
(-2.42614 -7.46275 -0.298914)
(2.25006 -7.50021 -0.407842)
(2.12579 -7.49775 -0.352612)
(2.07021 -7.46065 -0.293841)
(2.02507 -7.49784 -0.244494)
(2.12975 -7.62299 -0.400717)
(1.97636 -7.62742 -0.242385)
(1.96701 -7.25143 -0.114686)
(-2.2465 -6.99839 -0.359045)
(2.2465 -6.99839 -0.359045)
(2.14447 -7.0015 -0.349728)
(2.0673 -6.91661 -0.314675)
(1.98709 -6.88864 -0.26284)
(1.9664 -6.74468 -0.283803)
(2.07826 -7.00991 -0.302557)
(-2.23796 -6.49991 -0.378848)
(-2.38424 -6.49972 -0.240042)
(-1.97558 -6.27124 -0.422674)
(2.23796 -6.49991 -0.378845)
(1.96986 -6.27161 -0.4161)
(-2.25139 -6.00815 -0.414754)
(-2.38602 -6.0003 -0.236969)
(1.75323 -5.75786 -0.48633)
(1.72328 -6.00283 -0.249497)
(1.77854 -6.00111 -0.367535)
(-2.29413 -5.50575 -0.420838)
(-2.40375 -5.50001 -0.236025)
(-1.57595 -5.29031 -0.541904)
(-2.30784 -4.99817 -0.432877)
(-2.40072 -5.00147 -0.257874)
(-1.32223 -4.75899 -0.257954)
(-1.75561 -3.98956 -0.420246)
(-1.98313 -3.87809 -0.232356)
(-1.51179 -3.75041 -0.371353)
(1.51179 -3.75041 -0.371353)
(-1.37525 -3.24609 -0.310165)
(1.7498 -3.36833 -0.239795)
(1.63364 -3.24696 -0.27468)
(1.80204 -3.24187 -0.181268)
(1.80732 -3.33486 -0.18796)
(1.74266 -3.50074 -0.265717)
(1.5118 -3.24648 -0.307777)
(-1.25025 -2.87621 -0.290529)
(-1.36582 -2.87365 -0.316668)
(-1.25973 -2.99862 -0.286808)
(-1.3582 -3.00276 -0.311758)
(1.23901 -2.75927 -0.298486)
(1.25025 -2.87621 -0.290529)
(1.12197 -2.87694 -0.227411)
(1.13426 -2.74483 -0.266371)
(1.49215 -2.73629 -0.325749)
(1.50131 -2.89538 -0.314095)
(1.49961 -3.00572 -0.310083)
(-1.25712 -2.49535 -0.332615)
(-1.48719 -2.25038 -0.37876)
(-1.00087 -2.38283 -0.287596)
(-0.964657 -2.2545 -0.289117)
(1.25712 -2.49535 -0.332615)
(1.20731 -2.53679 -0.3131)
(1.11458 -2.50857 -0.289084)
(1.08786 -2.4119 -0.307385)
(0.964657 -2.2545 -0.289117)
(1.48719 -2.25038 -0.37876)
(-1.84914 -1.74999 -0.109531)
(1.54134 -1.75007 -0.413383)
(-1.7747 -1.37487 -0.246757)
(0.711105 -1.50449 -0.286154)
(-0.501241 -0.753348 -0.37077)
(0.694866 -0.918366 -0.439261)
(0.58696 -0.788661 -0.415434)
(0.630164 -0.744875 -0.471707)
(0.743865 -0.756148 -0.535491)
(0.747769 -0.878981 -0.484879)
(0.701537 -1.0051 -0.417174)
(0.462878 -0.786959 -0.258337)
(0.501241 -0.753348 -0.37077)
(0.20459 -0.417084 -0.40856)
(0.132514 -0.243624 -0.492601)
(0.181898 -0.298561 -0.541057)
(0.237974 -0.388855 -0.51213)
(0.264593 -0.487485 -0.364116)
(0.231206 -0.519065 -0.243848)
(9.31841e-18 -0.278091 -0.23375)
(0.0106008 -0.220378 -0.393457)
(1.53816 -0.250133 -0.411253)
(1.41798 -0.249828 -0.542446)
(-1.29932 1.54062 -0.299174)
(-1.24409 1.50152 -0.384945)
(-1.35609 1.49877 -0.248951)
(-0.993535 1.74076 -0.341649)
(1.2725 1.63761 -0.267983)
(1.29337 1.75013 -0.168366)
(1.31826 1.67696 -0.186921)
(1.29932 1.54062 -0.299174)
(-0.253274 2.26304 -0.274836)
(-0.252648 2.15324 -0.306409)
(-0.378493 2.13123 -0.287437)
(-0.375434 2.25387 -0.25088)
(-0.372187 1.99176 -0.334342)
(-0.415265 2.0416 -0.305411)
(-0.250358 1.98914 -0.353257)
(-0.500985 2.13309 -0.253518)
(-0.495601 2.24844 -0.222126)
(0.117466 2.13394 -0.3042)
(0.252648 2.15324 -0.306409)
(0.250358 1.98914 -0.353257)
(0.125284 1.99515 -0.345626)
(0.0836376 2.04616 -0.320015)
(0.253274 2.26304 -0.274836)
(0.117633 2.26042 -0.272783)
(0 2.13952 -0.270505)
(0 2.25159 -0.245693)
(-0.24706 2.49493 -0.214696)
(-0.364705 2.49446 -0.200434)
(0.125757 2.49295 -0.215348)
(0.24706 2.49493 -0.214696)
(-0.249916 3.25018 -0.2413)
(-0.24946 3.12713 -0.217225)
(-0.369947 3.13047 -0.217168)
(-0.373579 3.251 -0.23498)
(-0.487212 3.13472 -0.204014)
(-0.365263 3.01398 -0.201117)
(-0.249347 3.01288 -0.197408)
(-0.48921 3.25557 -0.227927)
(0.249916 3.25018 -0.2413)
(0.24946 3.12713 -0.217225)
(0.125086 3.12823 -0.210489)
(0.125099 3.25038 -0.226989)
(0.249347 3.01288 -0.197408)
(0.128965 3.01135 -0.195113)
(2.13836e-18 3.25055 -0.224333)
(2.61984e-18 3.12972 -0.204087)
(-0.739348 3.507 -0.214429)
(-0.498753 3.56988 -0.307544)
(-0.489944 3.76502 -0.357198)
(-0.249501 3.49268 -0.285763)
(-0.375175 3.48961 -0.296312)
(-8.67513e-18 3.49928 -0.257597)
(4.35805e-18 3.61484 -0.270763)
(0.124683 3.49731 -0.276647)
(0.249501 3.49268 -0.285763)
(0 3.71495 -0.289799)
(0.625446 3.62391 -0.281253)
(0.667959 3.74334 -0.294988)
(0.489944 3.76502 -0.357198)
(0.498753 3.56988 -0.307544)
(0.499783 3.49347 -0.285614)
(0.618892 3.50411 -0.253485)
(0.739348 3.507 -0.214429)
(-2.25379 4.25236 -0.281446)
(-2.26098 4.13596 -0.265164)
(-2.37743 4.12871 -0.27815)
(-2.37407 4.24898 -0.287936)
(-2.50604 4.00612 -0.265432)
(-2.49952 4.12459 -0.279709)
(-2.36783 3.99106 -0.238216)
(-2.49275 4.24286 -0.271318)
(-0.744154 4.01084 -0.361284)
(-0.992256 4.24538 -0.401129)
(-0.249868 3.99906 -0.401529)
(0.249868 3.99906 -0.401529)
(-4.56708e-18 4.23912 -0.405332)
(0.744154 4.01084 -0.361284)
(1.12345 4.24734 -0.362311)
(1.16813 4.20175 -0.316645)
(1.13345 4.11661 -0.288254)
(0.992256 4.24538 -0.401129)
(1.24167 4.12715 -0.225528)
(2.25379 4.25236 -0.281446)
(2.26098 4.13596 -0.265164)
(2.24386 3.96731 -0.139719)
(2.61277 4.1187 -0.256497)
(2.61693 4.24548 -0.218769)
(2.66758 4.28729 -0.177784)
(2.74953 4.25582 -0.125545)
(2.49952 4.12459 -0.279709)
(2.62193 3.99859 -0.260449)
(2.74697 4.00264 -0.225274)
(2.49275 4.24286 -0.271318)
(-2.24647 4.62225 -0.276448)
(-2.37126 4.62689 -0.22264)
(-2.24912 4.49884 -0.291311)
(-2.36241 4.49384 -0.260753)
(-1.99316 4.62281 -0.309125)
(-2.02976 4.74493 -0.323956)
(-2.00268 4.50102 -0.28524)
(-1.88037 4.50391 -0.273546)
(-1.751 4.50207 -0.225977)
(-1.29853 4.58803 -0.423563)
(-1.28622 4.50156 -0.40652)
(-1.41092 4.74791 -0.409186)
(-1.23938 4.75518 -0.483703)
(-1.24207 4.62751 -0.461858)
(-1.50508 4.75048 -0.373647)
(1.5352 4.59006 -0.281039)
(1.49371 4.63514 -0.327397)
(1.50508 4.75048 -0.373647)
(2.23852 4.74381 -0.261252)
(2.24647 4.62225 -0.276448)
(2.1279 4.62408 -0.304156)
(2.13214 4.74835 -0.299144)
(2.00268 4.50102 -0.28524)
(1.99316 4.62281 -0.309125)
(2.12618 4.50049 -0.291229)
(2.24912 4.49884 -0.291311)
(2.02976 4.74493 -0.323956)
(-1.75127 4.99946 -0.393727)
(-2.00344 5.25598 -0.291725)
(1.75127 4.99946 -0.393727)
(2.14145 5.13105 -0.248779)
(2.12301 4.99446 -0.275139)
(2.18978 5.16858 -0.180398)
(-1.25212 5.63895 -0.246989)
(-1.25229 5.49707 -0.392779)
(-0.788474 5.54713 -0.434502)
(-0.748929 5.49273 -0.46408)
(-0.505113 5.75722 -0.364904)
(0.210638 5.54505 -0.44277)
(0.25042 5.49349 -0.466246)
(0.251439 5.37117 -0.49177)
(2.08167e-17 5.78884 -0.286551)
(1.25212 5.63895 -0.246989)
(1.25229 5.49707 -0.392779)
(1.63266 5.53399 -0.289664)
(-0.126594 7.08732 -0.302098)
(-0.251756 7.11993 -0.284368)
(-0.43226 7.20559 -0.183393)
(0.00230357 7.07996 -0.308724)
(-0.0022015 7.25369 -0.374747)
(-0.244979 7.50001 -0.366542)
(-0.405876 7.49955 -0.285797)
(0.244979 7.50001 -0.366542)
(0.000790378 7.75103 -0.374548)
(0.252185 8.0049 -0.263719)
(-1.89879 -7.74872 0.2501)
(2.53641 -7.36622 0.15162)
(-1.97288 -6.7528 0.247945)
(-2.4362 -6.24792 -0.00246693)
(-1.88296 -6.25723 0.254681)
(-1.95035 -6.28829 0.30664)
(-2.42287 -5.75255 -0.000995987)
(1.70841 -5.75227 0.169675)
(1.63611 -5.74437 -0.0111159)
(1.667 -5.86393 -0.0104611)
(1.68949 -5.91103 0.0352864)
(1.70512 -6.01003 0.00661193)
(1.70648 -6.04021 -0.124737)
(-2.43741 -5.24832 0.000597372)
(-2.30326 -5.50182 0.297892)
(1.71953 -5.50351 0.278494)
(-2.39736 -4.75063 -0.00147915)
(-2.28862 -4.99995 0.287196)
(-2.25928 -4.26224 0.00393723)
(-2.26326 -4.50125 0.242353)
(1.23644 -4.25508 0.123558)
(1.25011 -4.37435 -0.00017135)
(1.23166 -4.25222 0.000341539)
(1.11646 -3.75224 0.00996481)
(1.12947 -3.98452 0.245744)
(1.0373 -3.60949 0.245202)
(-1.06097 -3.29003 -0.0619425)
(-1.89387 -2.74997 0.0123291)
(-1.95323 -2.74884 0.380081)
(-0.853556 -2.75641 0.250468)
(-1.9028 -2.25002 0.00339589)
(0.728512 -2.25109 0.249932)
(0.728145 -2.25088 0.125544)
(0.756731 -2.37335 0.12652)
(0.760232 -2.37317 0.249214)
(0.803699 -2.48548 0.0147899)
(0.781353 -2.48643 0.129247)
(0.778894 -2.37024 0.0134756)
(0.751417 -2.25002 0.0126727)
(0.790595 -2.48715 0.246333)
(1.93149 -2.2501 0.0674028)
(-1.89147 -1.74966 -0.00052413)
(0.627689 -1.74541 0.0111838)
(-1.87221 -1.24988 0.0123551)
(-1.93336 -1.49833 0.217917)
(-1.84143 -0.753925 0.00754666)
(-1.91552 -0.995141 0.23303)
(-0.308921 -0.790226 0.249747)
(-1.81762 -0.461449 0.0815839)
(-1.83893 -0.503312 0.132725)
(-1.87241 -0.501964 0.25405)
(-1.79908 -0.497577 -0.00758564)
(-1.77769 -0.372512 -0.00631688)
(-1.76325 -0.251047 0.00151741)
(0.0968128 -0.423664 0.252006)
(0.101812 -0.43604 0.12949)
(2.77371e-17 -0.413048 0.250088)
(-3.44346e-18 -0.417991 0.124654)
(-1.7417 0.249758 0.250824)
(-1.72954 0.248521 0.133873)
(-1.73538 0.123857 0.128716)
(-1.75206 0.125201 0.250113)
(-1.7503 -0.000397707 0.126333)
(-1.77254 0.00234058 0.249403)
(-1.70696 0.622652 0.257169)
(1.65079 1.24912 0.251418)
(1.39484 1.74689 0.0025099)
(-1.30237 2.05204 0.199665)
(-0.891272 2.74943 0.108525)
(-0.768488 2.75204 -0.0202294)
(-1.01472 2.75001 0.234835)
(1.08385 3.25917 0.13939)
(1.14098 3.25321 0.254741)
(1.03725 3.21409 0.0940736)
(2.96248 3.19042 0.236442)
(-1.30823 3.71733 0.247547)
(-1.28527 3.74354 0.121998)
(-1.2475 3.62888 0.135827)
(-1.27753 3.61892 0.250679)
(-1.36446 3.88995 0.254677)
(-1.34899 3.88002 0.131745)
(-1.30846 3.83078 0.0836375)
(-1.20541 3.50885 0.137068)
(-1.23247 3.74533 0.00340283)
(-1.24339 3.50559 0.25602)
(2.69724 3.45643 0.271887)
(-2.10275 4.10565 0.125023)
(-1.39593 3.99965 0.251324)
(2.25273 4.00453 0.245151)
(2.03238 4.25637 0.243657)
(-2.30742 5.16689 0.257372)
(-2.41273 4.99804 0.255257)
(-2.26859 5.24359 0.129359)
(-2.2377 5.25156 0.000547809)
(0.428441 6.26194 -0.029172)
(0.667906 7.2434 0.246449)
(-0.723896 7.50335 0.263179)
(-1.85302 -7.73198 0.751269)
(-1.74732 -4.24859 0.647023)
(-1.87345 -4.25343 0.605238)
(-1.93767 -4.28524 0.557024)
(-1.45325 -4.2922 0.548933)
(1.74732 -4.24859 0.647023)
(-1.93958 -3.74612 0.540845)
(1.22145 -3.75295 0.656126)
(1.10788 -3.74632 0.48649)
(-1.91216 -3.25276 0.536371)
(-1.77065 -3.50005 0.770847)
(-1.7848 -3.00119 0.785181)
(-1.90457 -2.50045 0.746804)
(-0.829712 -2.25502 0.657779)
(-0.870627 -2.25149 0.75634)
(0.71157 -1.75759 0.656442)
(0.641395 -1.74736 0.49072)
(0.714451 -1.50755 0.785986)
(-0.41595 -0.740649 0.73607)
(-1.85365 -0.264596 0.495944)
(-1.87168 -0.499576 0.744419)
(0.20226 -0.435212 0.542417)
(0.173671 -0.451571 0.367911)
(0.215674 -0.535006 0.37173)
(6.93889e-18 -0.393307 0.736117)
(-1.78275 0.0151588 0.506674)
(-1.76623 0.00624318 0.627061)
(-1.75916 0.129055 0.502554)
(-1.74116 0.249367 0.498856)
(-1.74786 0.00290121 0.751843)
(-1.71282 0.495602 0.490607)
(1.62505 0.749766 0.737821)
(-1.30225 2.1348 0.754359)
(-1.35692 1.99666 0.745258)
(-1.32384 2.04575 0.795881)
(-1.26565 2.25861 0.753985)
(-1.28645 2.26704 0.633881)
(-1.20579 2.74817 0.751947)
(-1.20959 2.62318 0.749825)
(-1.2251 2.49883 0.748665)
(-1.22265 2.4979 0.629465)
(3.51338 2.75925 0.763964)
(-3.80014 3.00292 0.578355)
(-3.74051 3.24676 0.500553)
(-3.01695 3.16076 0.627859)
(-1.23736 3.25543 0.62941)
(-1.21402 3.12682 0.629131)
(-1.22305 3.12586 0.742597)
(-1.21392 3.00029 0.749333)
(-2.75274 3.62881 0.473788)
(-1.26759 3.75171 0.748022)
(-1.29744 3.75338 0.626968)
(-1.28513 3.62274 0.625211)
(-1.25833 3.6267 0.740215)
(-1.27249 3.49931 0.500271)
(-1.27242 3.49953 0.624503)
(-1.29872 3.61695 0.500705)
(-1.31343 3.72347 0.501024)
(-1.24818 3.5 0.737138)
(-1.29359 4.24117 0.662793)
(-1.3706 4.24831 0.497169)
(-1.26596 4.24246 0.762066)
(-1.27241 4.12644 0.759097)
(-1.27661 4.00006 0.759032)
(2.6126 4.12349 0.57725)
(-1.78736 5.38449 0.679766)
(-0.344442 5.75429 0.595129)
(-0.298592 6.22427 0.640551)
(-0.348125 6.24342 0.579494)
(-0.396813 6.24236 0.508286)
(-0.252288 6.75257 0.635041)
(-0.329761 6.71034 0.667785)
(-0.34497 6.74207 0.758893)
(-0.345248 6.68218 0.767361)
(0.252288 6.75257 0.635041)
(0.558523 6.70893 0.588645)
(0.592362 6.75497 0.624942)
(0.635654 6.75426 0.740859)
(0.560576 6.6127 0.733585)
(-0.706062 7.25181 0.737423)
(-0.727274 7.25421 0.625581)
(-0.719803 7.13488 0.632933)
(-0.703289 7.13993 0.740484)
(-0.76132 7.242 0.525948)
(-0.731595 7.13628 0.506874)
(-0.739562 7.74839 0.623368)
(-0.741168 7.62493 0.623807)
(-0.739438 7.49965 0.50023)
(-0.732724 7.50001 0.623742)
(-0.74907 7.62503 0.500038)
(-0.74616 7.74875 0.500269)
(-0.714183 7.49999 0.739174)
(-1.26262 -1.74619 1.08936)
(1.26262 -1.74619 1.08936)
(1.75401 -1.87218 1.02489)
(-1.77014 -1.24992 1.02391)
(-1.25344 -1.24901 1.10362)
(1.25344 -1.24901 1.10362)
(-1.24771 -0.751006 1.12909)
(1.24771 -0.751006 1.12909)
(-1.25217 -0.250279 1.12749)
(-0.755671 -0.244536 1.1108)
(0.703227 -0.412246 1.06849)
(0.753835 -0.371893 1.09145)
(0.636527 -0.238489 1.07496)
(0.589084 -0.281218 1.04531)
(0.755671 -0.244536 1.1108)
(1.25217 -0.250279 1.12749)
(-1.23794 0.24993 1.11255)
(-1.41562 0.25397 1.04282)
(-0.750638 0.249351 1.15997)
(0.750638 0.249351 1.15997)
(1.23794 0.24993 1.11255)
(-1.24179 0.747923 1.08626)
(1.23728 0.746229 1.08831)
(-1.29438 1.12293 1.03878)
(1.28255 1.24852 1.02968)
(-1.27247 1.74699 1.02071)
(-3.76568 2.59549 1.01358)
(3.57411 2.67828 0.997922)
(3.76568 2.59549 1.01358)
(3.62333 3.00091 1.25312)
(1.11318 3.73265 1.25417)
(-0.349974 7.15607 1.15883)
(-0.293201 8.18194 1.1842)
(-0.25283 8.12694 1.25158)
(-0.378276 8.00224 1.25711)
(-0.286347 8.04248 1.29862)
(-0.24871 3.24888 1.61189)
(0.24871 3.24888 1.61189)
(-0.736813 3.7498 1.59666)
(-0.910261 3.75291 1.54497)
(0.736813 3.7498 1.59666)
(0.747799 3.59616 1.52194)
(0.128295 7.12626 1.46266)
(0.262842 7.11424 1.42593)
(0.167511 7.1784 1.41465)
(-0.746108 0.377412 -0.98454)
(0.910946 0.243529 -0.931263)
(0.746108 0.377412 -0.98454)
(-0.75032 0.907913 -0.910861)
(0.750314 0.907679 -0.910598)
(2.25288 -7.59974 -0.429941)
(2.40924 -7.75086 -0.417333)
(-2.1124 -5.74996 -0.497989)
(1.8789 -5.75282 -0.535729)
(-1.75394 -5.24815 -0.624853)
(-1.63407 -5.24869 -0.588833)
(1.63407 -5.24869 -0.588833)
(1.75394 -5.24815 -0.624853)
(-1.75068 -4.75229 -0.622948)
(1.35591 -4.75004 -0.363849)
(1.75068 -4.75229 -0.622948)
(-1.7458 -4.13348 -0.470237)
(1.39404 -4.24803 -0.376836)
(1.46119 -4.21219 -0.42906)
(-1.24966 -1.62477 -0.503048)
(1.36343 -1.74854 -0.477877)
(1.24966 -1.62477 -0.503048)
(-1.12482 -1.25555 -0.558805)
(-1.24756 -1.12085 -0.561027)
(0.878471 -1.25271 -0.477426)
(1.37456 -1.25015 -0.527323)
(-1.28879 -0.626792 -0.557628)
(-0.630164 -0.744875 -0.471707)
(-1.11315 -0.12311 -0.765446)
(-0.99805 -0.237381 -0.762027)
(-1.11777 -0.242594 -0.72073)
(-1.24654 -0.249941 -0.650043)
(-1.25124 -0.379347 -0.61044)
(-1.16717 -0.28799 -0.678546)
(-0.493846 -0.253683 -0.739628)
(-0.132514 -0.243624 -0.492601)
(0.493846 -0.253683 -0.739628)
(0.24976 -0.134779 -0.733831)
(0.240521 -0.261316 -0.630534)
(0.197791 -0.168322 -0.669176)
(-5.21205e-18 -0.173522 -0.429488)
(0.877997 -0.251245 -0.784788)
(1.24654 -0.249941 -0.650043)
(-1.17563 0.243 -0.810089)
(-0.0791673 0.498497 -0.78851)
(-7.48945e-18 0.372204 -0.739349)
(1.38012 0.25413 -0.619134)
(1.25971 0.374437 -0.75333)
(-1.16699 0.753737 -0.792277)
(-1.30075 0.758559 -0.662694)
(6.90304e-18 0.874831 -0.743824)
(-0.628718 1.24344 -0.748702)
(-0.253688 4.38716 -0.460146)
(0.253688 4.38716 -0.460146)
(0.755778 4.38194 -0.453328)
(-1.12615 4.75026 -0.529852)
(-1.24679 4.87708 -0.500447)
(-0.623445 4.74981 -0.507352)
(-0.124997 4.74999 -0.493819)
(-0.25 4.875 -0.519061)
(0.374998 4.74999 -0.517281)
(0.25 4.875 -0.519061)
(1.41092 4.74791 -0.409186)
(1.37257 4.63038 -0.389032)
(1.24679 4.87708 -0.500447)
(-1.12317 5.24609 -0.507693)
(-1.25699 5.42984 -0.428558)
(-0.625092 5.24988 -0.498097)
(-0.748077 5.37138 -0.505157)
(-0.125142 5.24932 -0.496946)
(0.374972 5.25018 -0.523113)
(0.874878 5.25372 -0.528475)
(1.25699 5.42984 -0.428558)
(-2.25001 -8.14738 -0.248537)
(2.25001 -8.14738 -0.248537)
(-2.50288 -7.62729 -0.235568)
(-2.46933 -7.4988 -0.242694)
(-2.36781 -7.62287 -0.408011)
(-2.53015 -7.60649 -0.137839)
(-2.52383 -7.48669 -0.161806)
(-2.55621 -7.62638 -0.0162809)
(-2.25288 -7.59974 -0.429941)
(-2.51346 -7.36273 -0.148573)
(-2.52469 -7.25017 -0.111252)
(-2.14447 -7.0015 -0.349728)
(2.39688 -6.99903 -0.245448)
(1.95063 -6.63271 -0.29998)
(2.38424 -6.49972 -0.240032)
(-1.667 -5.86392 -0.010467)
(1.83387 -6.29451 -0.284707)
(1.87675 -6.25787 -0.361625)
(1.79352 -6.23887 -0.236748)
(1.75723 -6.12072 -0.239241)
(1.75508 -6.23459 -0.121117)
(1.75019 -6.23372 -0.0105112)
(1.72833 -6.12757 -0.12411)
(1.72747 -6.12454 -0.00368002)
(2.38519 -6.00028 -0.237)
(2.43527 -6.24737 -0.00246227)
(-1.63611 -5.74437 -0.011116)
(2.40375 -5.50001 -0.236025)
(2.42287 -5.75255 -0.000995987)
(2.40072 -5.00147 -0.257874)
(-2.28742 -4.49165 -0.252697)
(1.32223 -4.75899 -0.257954)
(1.27519 -4.49805 -0.113926)
(2.39736 -4.75063 -0.00147915)
(-1.79065 -4.08326 -0.440719)
(1.33338 -4.25203 -0.297456)
(1.23033 -4.1278 -0.114901)
(1.26591 -4.37493 -0.112976)
(1.25593 -4.25015 -0.112501)
(1.20504 -4.13484 -0.00689007)
(1.20625 -4.16785 0.127444)
(-2.05059 -3.73726 -0.00788983)
(-1.9883 -3.74308 -0.12651)
(-1.74266 -3.50074 -0.265717)
(-1.11646 -3.75224 0.00996481)
(1.34256 -3.74989 -0.283854)
(1.2123 -3.75035 -0.162751)
(-1.63364 -3.24696 -0.27468)
(-1.7498 -3.36833 -0.239795)
(-1.80732 -3.33486 -0.18796)
(-1.80204 -3.24187 -0.181268)
(-1.5118 -3.24648 -0.307777)
(-1.49961 -3.00572 -0.310083)
(-1.51051 -3.12697 -0.308328)
(-1.63451 -3.12612 -0.274096)
(-1.61172 -3.00221 -0.286981)
(-1.35681 -3.12807 -0.306837)
(-1.26386 -3.12518 -0.282263)
(1.37525 -3.24609 -0.310165)
(1.26386 -3.12518 -0.282263)
(1.35681 -3.12807 -0.306837)
(1.25973 -2.99862 -0.286808)
(1.3582 -3.00276 -0.311758)
(1.63451 -3.12612 -0.274096)
(1.51051 -3.12697 -0.308328)
(-1.49215 -2.73629 -0.325749)
(-1.50131 -2.89538 -0.314095)
(-1.62004 -2.88123 -0.288545)
(-1.64586 -2.74754 -0.27469)
(-1.79208 -2.75048 -0.165352)
(-1.12197 -2.87694 -0.227411)
(-1.20731 -2.53679 -0.3131)
(-1.11458 -2.50857 -0.289084)
(-1.08786 -2.4119 -0.307385)
(1.12083 -2.62652 -0.2751)
(1.33799 -2.78178 -0.317889)
(1.36582 -2.87365 -0.316668)
(1.19996 -2.62961 -0.30156)
(1.38495 -2.73876 -0.331963)
(1.89387 -2.74997 0.0123291)
(-1.65465 -2.25372 -0.293182)
(-1.79664 -2.25266 -0.170548)
(0.838006 -2.24911 -0.163945)
(0.756073 -2.00859 -0.128012)
(0.722909 -2.12573 0.00943244)
(1.9028 -2.25002 0.00339589)
(-1.76936 -1.62455 -0.243453)
(-1.77011 -1.49786 -0.247429)
(-0.66454 -1.86494 0.0100385)
(-0.627689 -1.74541 0.0111838)
(0.720167 -1.87685 -0.123593)
(0.715217 -1.75196 -0.163773)
(0.698494 -1.66223 -0.17121)
(1.89147 -1.74966 -0.00052413)
(-1.75035 -1.00028 -0.245645)
(-1.80559 -1.2472 -0.163723)
(-0.619619 -1.0077 -0.366521)
(-0.623099 -0.880003 -0.403398)
(1.87221 -1.24988 0.0123551)
(-1.78425 -0.752483 -0.131025)
(-1.81756 -0.71569 -0.0491504)
(-1.76471 -0.61795 -0.133831)
(-1.75093 -0.499852 -0.114909)
(-1.80772 -0.617301 -0.0403744)
(-0.58696 -0.788661 -0.415434)
(-0.159047 -0.465789 -0.000120626)
(0.356744 -0.646161 -0.242963)
(-1.74172 -0.126616 0.00905589)
(4.44149e-19 -0.307023 -0.175296)
(-1.56224 0.384475 -0.296113)
(-1.72202 0.371021 0.138054)
(-1.70932 0.497297 0.133797)
(-1.49708 1.2466 -0.116687)
(1.35609 1.49877 -0.248951)
(-1.26777 1.64047 -0.264202)
(-1.16708 1.67882 -0.310094)
(-1.12575 1.75084 -0.277017)
(-1.0357 1.7886 -0.291614)
(-1.28278 1.74845 -0.157771)
(-0.996575 1.87088 -0.2462)
(-1.30938 1.67852 -0.179722)
(-0.747922 2.00144 -0.250732)
(-0.62054 2.12782 -0.227382)
(-0.666188 2.17059 -0.187117)
(-0.752981 2.25531 -0.107498)
(-0.8013 2.29619 -0.0618731)
(-0.781597 2.38268 -0.0357516)
(-0.365865 2.3711 -0.226414)
(-0.117633 2.26042 -0.272783)
(-0.117466 2.13394 -0.3042)
(-0.249462 2.37711 -0.244055)
(-0.12356 2.37774 -0.243654)
(-0.00158363 2.37345 -0.226382)
(0.375434 2.25387 -0.25088)
(0.378493 2.13123 -0.287437)
(0.12356 2.37774 -0.243654)
(0.249462 2.37711 -0.244055)
(0.365865 2.3711 -0.226414)
(0.364705 2.49446 -0.200434)
(-0.780946 2.87277 -0.0299073)
(-0.905162 2.86806 0.095579)
(-0.249047 2.85845 -0.187689)
(-0.128965 3.01135 -0.195113)
(0.249047 2.85845 -0.187689)
(0.768488 2.75204 -0.0202294)
(-1.08385 3.25917 0.13939)
(-0.659445 3.2414 -0.179394)
(-0.499783 3.49347 -0.285614)
(-0.496236 3.37656 -0.256007)
(-0.622521 3.37525 -0.221068)
(-0.618892 3.50411 -0.253485)
(-0.745881 3.25252 -0.153775)
(-0.671373 3.33328 -0.19648)
(-0.125099 3.25038 -0.226989)
(-0.125086 3.12823 -0.210489)
(-0.374847 3.37419 -0.265259)
(-0.24995 3.37424 -0.264215)
(-0.124888 3.37468 -0.253952)
(3.47973e-18 3.37491 -0.241479)
(-0.124683 3.49731 -0.276647)
(0.373579 3.251 -0.23498)
(0.48921 3.25557 -0.227927)
(0.124888 3.37468 -0.253952)
(0.24995 3.37424 -0.264215)
(0.374847 3.37419 -0.265259)
(0.496236 3.37656 -0.256007)
(0.375175 3.48961 -0.296312)
(0.622521 3.37525 -0.221068)
(0.671373 3.33328 -0.19648)
(0.659445 3.2414 -0.179394)
(0.745881 3.25252 -0.153775)
(0.923311 3.23993 -0.0391936)
(0.994942 3.24957 0.028691)
(-2.63123 3.7608 -0.208951)
(-2.62932 3.88055 -0.243835)
(-2.50426 3.87332 -0.2269)
(-2.62193 3.99859 -0.260449)
(-0.667959 3.74334 -0.294988)
(-0.625446 3.62391 -0.281253)
(-0.756202 3.82668 -0.29881)
(-0.873921 3.87453 -0.275493)
(-0.668521 3.82782 -0.317696)
(0.668521 3.82782 -0.317696)
(0.756202 3.82668 -0.29881)
(2.62932 3.88055 -0.243835)
(2.7358 3.87271 -0.236333)
(-2.61693 4.24548 -0.218769)
(-2.61277 4.1187 -0.256497)
(-2.66758 4.28729 -0.177784)
(-2.50062 4.37737 -0.229858)
(-2.37079 4.37214 -0.278303)
(-2.25082 4.37563 -0.289765)
(-2.13174 4.38128 -0.284246)
(-2.12618 4.50049 -0.291229)
(-1.16813 4.20175 -0.316645)
(-1.13345 4.11661 -0.288254)
(-1.12345 4.24734 -0.362311)
(-1.24694 4.37829 -0.370585)
(1.37245 4.50608 -0.345456)
(1.41696 4.46292 -0.293233)
(1.49856 4.50182 -0.241017)
(1.88037 4.50391 -0.273546)
(1.751 4.50207 -0.225977)
(2.37407 4.24898 -0.287936)
(2.37743 4.12871 -0.27815)
(2.13174 4.38128 -0.284246)
(2.25082 4.37563 -0.289765)
(2.37079 4.37214 -0.278303)
(2.50062 4.37737 -0.229858)
(2.79871 4.29415 -0.0523483)
(2.86211 4.24903 0.000886765)
(-2.13214 4.74835 -0.299144)
(-2.1279 4.62408 -0.304156)
(-2.13196 4.87236 -0.293498)
(-2.04133 4.8808 -0.322254)
(-2.12301 4.99446 -0.275139)
(2.13196 4.87236 -0.293498)
(2.24856 4.8783 -0.227344)
(-2.14145 5.13105 -0.248779)
(-2.18978 5.16858 -0.180398)
(-1.99274 5.36759 -0.230186)
(-1.75357 5.50924 -0.265433)
(2.00344 5.25598 -0.291725)
(-1.25639 5.67549 -0.175738)
(-0.542754 5.81294 -0.308243)
(-0.504699 5.87804 -0.248516)
(-2.77556e-17 5.87259 -0.252374)
(-0.247889 6.2571 -0.132371)
(0.247889 6.2571 -0.132371)
(-0.122741 6.99626 -0.252194)
(-0.24461 6.74182 -0.138849)
(-0.243903 6.99993 -0.229475)
(0.24461 6.74182 -0.138849)
(-0.549085 7.24053 -0.0416573)
(-0.486238 7.24409 -0.137791)
(-0.633317 7.24672 0.121446)
(0.397073 7.37769 -0.277984)
(0.376293 7.24971 -0.255392)
(-0.367812 7.99482 -0.223404)
(-0.252185 8.0049 -0.263719)
(0.367812 7.99482 -0.223404)
(-0.249462 8.15292 -0.153857)
(-2.25384 -8.11761 0.248548)
(2.25384 -8.11761 0.248548)
(-2.55789 -7.63462 0.131949)
(-2.54593 -7.615 0.249248)
(1.89879 -7.74872 0.2501)
(-2.23819 -6.99957 0.372742)
(1.96708 -7.12445 0.244249)
(2.01417 -7.24381 0.379676)
(2.03085 -7.1234 0.350561)
(2.13664 -6.9993 0.379131)
(2.23819 -6.99957 0.372742)
(-2.11623 -6.24816 0.364989)
(-2.00766 -6.25004 0.341318)
(1.76711 -6.12952 0.123427)
(1.80492 -6.16607 0.179131)
(2.00767 -6.25002 0.34127)
(-2.11099 -5.74999 0.403064)
(-2.00333 -5.74745 0.400115)
(1.69108 -5.66361 0.173788)
(2.00333 -5.74745 0.400115)
(-1.62287 -5.00407 0.357522)
(-1.62518 -4.87565 0.403283)
(1.57434 -5.04066 0.296375)
(1.62287 -5.00407 0.357522)
(2.43741 -5.24832 0.000597372)
(-1.49956 -4.75438 0.359054)
(1.3948 -4.75403 0.245908)
(1.45352 -4.79392 0.301643)
(1.62518 -4.87565 0.403283)
(1.49956 -4.75438 0.359054)
(-1.12947 -3.98452 0.245744)
(-1.15568 -3.99149 0.370321)
(-1.14646 -3.8732 0.494356)
(1.21759 -4.15887 0.246627)
(-2.02423 -3.62279 0.249732)
(-2.02116 -3.7487 0.368328)
(-1.10788 -3.74632 0.48649)
(-1.97435 -3.25419 0.361837)
(-1.95633 -3.13052 0.370676)
(0.988044 -3.25111 0.373967)
(0.853556 -2.75641 0.250468)
(0.828059 -2.652 0.249715)
(-1.95966 -2.24978 0.376023)
(0.702842 -2.13547 0.250007)
(0.701759 -2.13299 0.124593)
(0.742684 -2.24971 0.3738)
(0.769893 -2.24646 0.491501)
(0.717756 -2.1321 0.375477)
(0.74521 -2.12996 0.500214)
(-1.96276 -1.75041 0.378384)
(-0.641395 -1.74736 0.49072)
(-1.95216 -1.25361 0.386279)
(0.486831 -1.25527 0.374437)
(1.91552 -0.995141 0.23303)
(-1.93663 -0.73943 0.489266)
(-0.166565 -0.458602 0.124906)
(-0.172155 -0.453051 0.249152)
(-0.173671 -0.451571 0.367911)
(0.308921 -0.790226 0.249747)
(0.248066 -0.620292 0.250415)
(0.255038 -0.618539 0.128985)
(0.247473 -0.618065 0.374634)
(1.87241 -0.501964 0.25405)
(1.93663 -0.73943 0.489266)
(-1.76951 -0.122384 0.122798)
(-1.81157 -0.0927887 0.50397)
(-1.78371 0.0070334 0.374503)
(-0.0968128 -0.423664 0.252006)
(-0.101812 -0.43604 0.12949)
(1.85365 -0.264596 0.495944)
(-1.72797 0.374556 0.25148)
(-1.7168 0.499306 0.253348)
(-1.76195 0.125696 0.374935)
(-1.74721 0.250005 0.374948)
(-1.73353 0.374665 0.374603)
(-1.72154 0.499286 0.374306)
(-1.72477 0.373587 0.496178)
(-1.65079 1.24912 0.251418)
(-1.41044 1.90469 0.250519)
(-1.38271 1.87857 0.121819)
(-1.51459 1.74301 0.374724)
(-1.31942 1.93152 0.0730131)
(-1.35502 2.00338 0.255092)
(-1.12646 2.37656 0.247914)
(-1.25695 2.2502 0.380572)
(-1.27621 2.26843 0.497702)
(-1.02163 2.87336 0.226522)
(3.24837 2.95174 0.489849)
(3.26336 2.99526 0.387265)
(-2.96248 3.19042 0.236442)
(-2.81581 3.31506 0.244176)
(-2.69724 3.45643 0.271887)
(-2.74437 3.49588 0.377487)
(-2.71191 3.58663 0.409698)
(-2.58441 3.59174 0.264388)
(-2.63057 3.63037 0.368786)
(-1.14098 3.25321 0.254741)
(-1.15838 3.34216 0.217697)
(-1.20185 3.38843 0.260556)
(-1.22327 3.25172 0.499985)
(-1.23658 3.3864 0.380845)
(-1.2644 3.50039 0.375958)
(-1.25074 3.37887 0.502247)
(1.15838 3.34216 0.217697)
(2.81581 3.31506 0.244176)
(2.74437 3.49588 0.377487)
(2.71191 3.58663 0.409698)
(3.52711 3.25544 0.22214)
(-2.56175 3.56233 0.142538)
(-1.29763 3.61441 0.374825)
(-1.32418 3.71201 0.375518)
(1.36446 3.88995 0.254677)
(1.39593 3.99965 0.251324)
(2.63057 3.63037 0.368786)
(-1.46625 4.37827 0.243819)
(1.3706 4.24831 0.497169)
(-2.4944 4.8783 0.25086)
(-2.44152 4.93295 0.29651)
(-2.29547 5.1366 0.36985)
(-0.509219 5.88067 0.249013)
(-0.446362 6.38005 0.250207)
(-0.430448 6.24324 0.407563)
(0.430448 6.24324 0.407563)
(0.396813 6.24236 0.508286)
(-0.529792 6.73431 0.36903)
(-0.592362 6.75497 0.624942)
(-0.667906 7.2434 0.246449)
(-0.684614 7.33984 0.215931)
(-0.703721 7.38497 0.263229)
(-0.681552 7.21383 0.331879)
(-0.709379 7.18023 0.387876)
(-0.719067 7.26155 0.374988)
(-0.725586 7.38031 0.380381)
(-0.736918 7.50002 0.376424)
(-0.731675 7.37644 0.501029)
(0.681552 7.21383 0.331879)
(-0.746458 7.62456 0.37653)
(-0.739366 7.74751 0.378925)
(0.00337145 8.43154 0.210846)
(-2.2529 -8.08418 0.750444)
(2.2529 -8.08418 0.750444)
(2.1328 -8.06915 0.754619)
(1.85302 -7.73198 0.751269)
(1.87345 -4.25343 0.605238)
(-1.50709 -3.74229 0.84325)
(1.50709 -3.74229 0.84325)
(-1.49974 -3.24983 0.881814)
(-1.26097 -2.99643 0.880354)
(-1.14553 -2.99438 0.846886)
(1.49974 -3.24983 0.881814)
(1.25542 -3.12531 0.842156)
(1.26097 -2.99643 0.880354)
(1.90457 -2.50045 0.746804)
(-1.86477 -2.0018 0.898995)
(-1.81106 -2.03985 0.940406)
(0.829712 -2.25502 0.657779)
(0.870627 -2.25149 0.75634)
(0.785519 -2.12207 0.617188)
(0.816741 -2.16382 0.668706)
(1.86477 -2.0018 0.898995)
(-1.77116 -1.7468 1.02348)
(0.690642 -1.66665 0.673587)
(-1.80634 -0.585473 0.91966)
(-1.7903 -0.491571 0.905277)
(0.497545 -0.750578 0.848456)
(1.87168 -0.499576 0.744419)
(-1.79859 -0.118764 0.626427)
(-1.7764 -0.11493 0.750803)
(-0.0143936 -0.312483 0.930303)
(-1.7092 0.37172 0.616063)
(-1.62505 0.749771 0.737833)
(1.42353 1.26064 0.94158)
(-1.32192 1.91578 0.91951)
(-1.2425 2.37668 0.749985)
(-1.24887 2.38077 0.6242)
(-3.62175 2.73813 0.763251)
(-3.75157 2.77097 0.749214)
(-3.78538 2.82377 0.696467)
(-3.74909 2.87722 0.621936)
(-3.51338 2.75925 0.763964)
(-3.74968 2.70495 0.828289)
(-3.61329 2.69202 0.864181)
(-3.57411 2.67828 0.997922)
(-3.51102 2.72613 0.875595)
(-3.05394 3.08984 0.645298)
(-1.20249 2.87467 0.75307)
(-1.19687 2.87036 0.865008)
(3.34305 2.83812 0.752464)
(3.21108 3.0022 0.872988)
(3.91428 3.00196 0.743741)
(3.61329 2.69202 0.864181)
(3.74968 2.70495 0.828289)
(-1.25449 3.37581 0.624856)
(-1.27616 3.87531 0.755685)
(-1.22001 3.7534 0.872098)
(-1.24606 4.12546 0.87444)
(-1.2535 4.2487 0.880096)
(-1.23312 4.25038 0.987779)
(-1.27681 4.37192 0.877837)
(-1.30695 4.49118 0.883012)
(1.35514 4.5016 0.744301)
(-1.37807 5.00316 0.878458)
(5.89806e-17 5.42342 0.795437)
(0.078411 5.43352 0.808863)
(0.344442 5.75429 0.595129)
(0.348125 6.24342 0.579494)
(0.298592 6.22427 0.640551)
(-0.635654 6.75426 0.740859)
(-0.560576 6.6127 0.733585)
(-0.20969 6.81724 0.677808)
(-0.245105 6.85063 0.754946)
(-0.308294 6.81875 0.798284)
(0.329761 6.71034 0.667785)
(0.345248 6.68218 0.767361)
(0.34497 6.74207 0.758893)
(0.20969 6.81724 0.677808)
(0.245105 6.85063 0.754946)
(0.308294 6.81875 0.798284)
(-0.709058 7.3755 0.736762)
(-0.726225 7.37573 0.623052)
(-2.25014 -8.13991 1.24017)
(-2.27117 -8.04029 1.31578)
(-2.27087 -7.99893 1.33845)
(2.25014 -8.13991 1.24017)
(2.27117 -8.04029 1.31578)
(-1.70655 -1.74292 1.07977)
(-1.71024 -1.62486 1.08362)
(-0.636527 -0.238489 1.07496)
(-0.24101 0.512462 1.33087)
(0.242046 0.511591 1.33399)
(-2.77556e-17 0.749743 1.39895)
(-0.250591 0.999368 1.4107)
(0.250466 0.999712 1.41075)
(-0.487589 1.24986 1.36763)
(0.487239 1.24996 1.36776)
(0.260697 1.49989 1.43112)
(-0.497511 1.75103 1.37123)
(0 1.75752 1.38696)
(-0.249588 1.99561 1.42476)
(0.497565 1.75102 1.37121)
(0.249588 1.99561 1.42476)
(-4.11985 2.50504 1.23278)
(-4.18299 2.61127 1.19723)
(-4.32392 2.48547 1.43146)
(-4.23858 2.48063 1.34349)
(-0.622083 2.24805 1.37087)
(-0.511926 2.24281 1.4039)
(-0.744664 2.37813 1.3443)
(-0.738764 2.50179 1.36629)
(0.511926 2.24281 1.4039)
(0.738764 2.50179 1.36629)
(3.88984 2.47527 1.26641)
(3.85968 2.48854 1.37764)
(-4.19712 2.77334 1.24612)
(4.19712 2.77334 1.24612)
(-1.01452 3.50365 1.24626)
(-0.99674 3.37614 1.25477)
(-0.969848 3.6189 1.37482)
(-1.0439 3.73234 1.38801)
(-1.17345 4.24785 1.17803)
(-1.12482 4.25969 1.25836)
(-1.03757 4.28983 1.31115)
(-0.991085 4.24742 1.35103)
(0.000262928 4.2374 1.34651)
(0.501959 4.2546 1.40312)
(-0.229014 6.87458 1.22975)
(0.229014 6.87458 1.22975)
(-0.258329 7.37012 1.13741)
(-0.248795 7.42148 1.24893)
(-0.292538 7.44506 1.27793)
(-0.17578 7.33608 1.17614)
(-0.1651 7.34466 1.25928)
(-0.262842 7.11424 1.42593)
(-0.279443 6.99243 1.44692)
(0.349974 7.15607 1.15883)
(0.17578 7.33608 1.17614)
(0.1651 7.34466 1.25928)
(-0.508333 7.74695 1.25264)
(-0.243281 7.99443 1.34746)
(2.08412 -7.99808 1.34506)
(2.12641 -7.99937 1.34673)
(2.34633 -7.99968 1.33317)
(2.27087 -7.99893 1.33845)
(-4.32123 2.60691 1.62851)
)

