# Probe 0 (0 1 0)
# Time          0              
0               (0 0 0)        
0.005           (0.016432962 -1.8748357e-21 0)
0.01            (0.038312661 -1.7739844e-20 0)
0.015           (0.062029904 -1.9948114e-20 0)
0.02            (0.086383192 -3.8916473e-20 0)
0.025           (0.11096731 -3.7826774e-20 0)
0.03            (0.13564299 -3.9428761e-20 0)
0.035           (0.16036081 -6.8924904e-20 0)
0.04            (0.18510219 -1.3445802e-19 0)
0.045           (0.20985943 -2.7496212e-19 0)
0.05            (0.23462882 -3.742976e-19 0)
0.055           (0.25940828 -4.0860735e-19 0)
0.06            (0.28419643 -3.9481659e-19 0)
0.065           (0.30899227 -3.9266122e-19 0)
0.07            (0.333795 -4.3707502e-19 0)
0.075           (0.35860398 -3.5545091e-19 0)
0.08            (0.38341867 -4.4479317e-19 0)
0.085           (0.40823862 -5.7355156e-19 0)
0.09            (0.43306343 -7.0104382e-19 0)
0.095           (0.45789274 -7.0804112e-19 0)
0.1             (0.48272626 -8.4466288e-19 0)
0.105           (0.50756372 -1.0672226e-18 0)
0.11            (0.53240486 -1.0889142e-18 0)
0.115           (0.55724947 -1.1704414e-18 0)
0.12            (0.58209735 -1.1426899e-18 0)
0.125           (0.60694829 -1.0178176e-18 0)
0.13            (0.63180213 -8.6191847e-19 0)
0.135           (0.65665869 -9.4507832e-19 0)
0.14            (0.68151781 -9.817177e-19 0)
0.145           (0.70637931 -8.8825068e-19 0)
0.15            (0.73124305 -1.0453662e-18 0)
0.155           (0.75610887 -1.1724481e-18 0)
0.16            (0.7809766 -1.1259419e-18 0)
0.165           (0.80584611 -1.0289562e-18 0)
0.17            (0.83071722 -9.442913e-19 0)
0.175           (0.8555898 -8.7957247e-19 0)
0.18            (0.88046368 -1.0480729e-18 0)
0.185           (0.90533871 -1.0887673e-18 0)
0.19            (0.93021475 -1.1013539e-18 0)
0.195           (0.95509163 -1.1143004e-18 0)
0.2             (0.97996922 -1.1885293e-18 0)
0.205           (1.0048474 -1.3035982e-18 0)
0.21            (1.0297259 -1.537458e-18 0)
0.215           (1.0546047 -1.6506824e-18 0)
0.22            (1.0794836 -1.5040622e-18 0)
0.225           (1.1043625 -1.3867507e-18 0)
0.23            (1.1292413 -1.196631e-18 0)
0.235           (1.1541197 -8.8872349e-19 0)
0.24            (1.1789976 -1.037205e-18 0)
0.245           (1.2038749 -1.2325542e-18 0)
0.25            (1.2287515 -1.2926799e-18 0)
0.255           (1.2536272 -1.4956934e-18 0)
0.26            (1.2785018 -1.7079822e-18 0)
0.265           (1.3033753 -1.8978459e-18 0)
0.27            (1.3282474 -2.1291253e-18 0)
0.275           (1.353118 -1.9361199e-18 0)
0.28            (1.377987 -1.8512443e-18 0)
0.285           (1.4028542 -2.3015937e-18 0)
0.29            (1.4277194 -2.4869367e-18 0)
0.295           (1.4525826 -2.6376112e-18 0)
0.3             (1.4774434 -2.5899204e-18 0)
0.305           (1.5023018 -2.5467454e-18 0)
0.31            (1.5271576 -2.0044307e-18 0)
0.315           (1.5520106 -1.6029038e-18 0)
0.32            (1.5768606 -1.4850353e-18 0)
0.325           (1.6017075 -1.5748384e-18 0)
0.33            (1.626551 -1.5405499e-18 0)
0.335           (1.6513909 -1.5397303e-18 0)
0.34            (1.6762271 -1.6118772e-18 0)
0.345           (1.7010593 -1.5130894e-18 0)
0.35            (1.7258873 -1.6695019e-18 0)
0.355           (1.7507109 -1.4913073e-18 0)
0.36            (1.7755299 -1.6688142e-18 0)
0.365           (1.800344 -1.2687234e-18 0)
0.37            (1.825153 -1.0267012e-18 0)
0.375           (1.8499567 -2.3724288e-19 0)
0.38            (1.8747547 9.1343308e-20 0)
0.385           (1.8995468 4.2255797e-19 0)
0.39            (1.9243328 5.3307045e-19 0)
0.395           (1.9491123 9.0063392e-19 0)
0.4             (1.9738851 7.8007998e-19 0)
0.405           (1.9986509 6.4723311e-19 0)
0.41            (2.0234094 3.7572598e-19 0)
0.415           (2.0481603 2.6179495e-19 0)
0.42            (2.0729033 -2.7409754e-19 0)
0.425           (2.097638 -1.1021592e-18 0)
0.43            (2.1223642 -1.3676142e-18 0)
0.435           (2.1470814 -1.4260868e-18 0)
0.44            (2.1717894 -1.8405366e-18 0)
0.445           (2.1964877 -1.8387823e-18 0)
0.45            (2.2211761 -2.1016811e-18 0)
0.455           (2.2458542 -2.1085117e-18 0)
0.46            (2.2705216 -2.3499141e-18 0)
0.465           (2.2951779 -2.5527705e-18 0)
0.47            (2.3198228 -2.6758546e-18 0)
0.475           (2.3444558 -2.3627767e-18 0)
0.48            (2.3690766 -1.8707758e-18 0)
0.485           (2.3936847 -1.5976906e-18 0)
0.49            (2.4182798 -1.3925657e-18 0)
0.495           (2.4428614 -9.6714361e-19 0)
0.5             (2.4674291 -3.1960254e-19 0)
0.505           (2.4919825 2.4588023e-20 0)
0.51            (2.5165211 4.8908017e-19 0)
0.515           (2.5410446 3.4565543e-19 0)
0.52            (2.5655524 1.3720221e-19 0)
0.525           (2.5900441 -5.4332718e-19 0)
0.53            (2.6145193 -3.4398228e-19 0)
0.535           (2.6389775 -2.9528317e-19 0)
0.54            (2.6634183 5.8135961e-20 0)
0.545           (2.6878412 6.9843195e-20 0)
0.55            (2.7122456 -1.7137283e-23 0)
0.555           (2.7366313 -2.2780865e-19 0)
0.56            (2.7609975 -1.090041e-19 0)
0.565           (2.7853439 1.3236917e-19 0)
0.57            (2.80967 -1.6123845e-19 0)
0.575           (2.8339752 -3.2002005e-19 0)
0.58            (2.858259 2.172901e-19 0)
0.585           (2.8825209 -6.2998685e-20 0)
0.59            (2.9067604 -2.7497177e-19 0)
0.595           (2.930977 -6.496448e-19 0)
0.6             (2.9551703 -1.3428267e-18 0)
0.605           (2.9793395 -1.3339696e-18 0)
0.61            (3.0034844 -1.5894006e-18 0)
0.615           (3.0276042 -2.0249521e-18 0)
0.62            (3.0516986 -2.3702649e-18 0)
0.625           (3.075767 -3.2157926e-18 0)
0.63            (3.0998089 -4.5283724e-18 0)
0.635           (3.1238237 -4.9663649e-18 0)
0.64            (3.147811 -5.348889e-18 0)
0.645           (3.1717701 -5.6923191e-18 0)
0.65            (3.1957005 -6.3214446e-18 0)
0.655           (3.2196017 -6.6035493e-18 0)
0.66            (3.2434731 -6.9116815e-18 0)
0.665           (3.2673142 -7.3082212e-18 0)
0.67            (3.2911244 -8.1770863e-18 0)
0.675           (3.3149032 -8.7062314e-18 0)
0.68            (3.33865 -9.8123466e-18 0)
0.685           (3.3623643 -9.7890721e-18 0)
0.69            (3.3860455 -9.7026673e-18 0)
0.695           (3.409693 -9.837843e-18 0)
0.7             (3.4333063 -1.0702794e-17 0)
0.705           (3.4568849 -1.0466403e-17 0)
0.71            (3.4804281 -1.1046688e-17 0)
0.715           (3.5039355 -1.12484e-17 0)
0.72            (3.5274065 -1.1296661e-17 0)
0.725           (3.5508405 -1.1172232e-17 0)
0.73            (3.5742371 -1.2298278e-17 0)
0.735           (3.5975955 -1.3273072e-17 0)
0.74            (3.6209153 -1.4179553e-17 0)
0.745           (3.644196 -1.4949085e-17 0)
0.75            (3.6674369 -1.6164793e-17 0)
0.755           (3.6906376 -1.6455216e-17 0)
0.76            (3.7137975 -1.6400245e-17 0)
0.765           (3.7369161 -1.7016016e-17 0)
0.77            (3.7599927 -1.7259095e-17 0)
0.775           (3.7830269 -1.7391872e-17 0)
0.78            (3.806018 -1.6889375e-17 0)
0.785           (3.8289656 -1.6506707e-17 0)
0.79            (3.851869 -1.6372948e-17 0)
0.795           (3.8747277 -1.7009858e-17 0)
0.8             (3.8975413 -1.7412406e-17 0)
0.805           (3.920309 -1.7775551e-17 0)
0.81            (3.9430305 -1.78011e-17 0)
0.815           (3.9657051 -1.7804145e-17 0)
0.82            (3.9883323 -1.7460786e-17 0)
0.825           (4.0109115 -1.7564451e-17 0)
0.83            (4.0334424 -1.7451709e-17 0)
0.835           (4.0559243 -1.7171157e-17 0)
0.84            (4.0783568 -1.7169862e-17 0)
0.845           (4.1007392 -1.7913789e-17 0)
0.85            (4.1230711 -1.793885e-17 0)
0.855           (4.1453518 -1.7815163e-17 0)
0.86            (4.167581 -1.7688239e-17 0)
0.865           (4.1897579 -1.7838071e-17 0)
0.87            (4.2118823 -1.7342399e-17 0)
0.875           (4.2339534 -1.6836312e-17 0)
0.88            (4.2559708 -1.6874365e-17 0)
0.885           (4.2779341 -1.6746666e-17 0)
0.89            (4.2998425 -1.6551679e-17 0)
0.895           (4.3216957 -1.6726094e-17 0)
0.9             (4.3434931 -1.6598513e-17 0)
0.905           (4.3652341 -1.7103874e-17 0)
0.91            (4.3869184 -1.7266308e-17 0)
0.915           (4.4085454 -1.7438702e-17 0)
0.92            (4.4301146 -1.8423012e-17 0)
0.925           (4.4516256 -1.8589287e-17 0)
0.93            (4.4730779 -1.9783221e-17 0)
0.935           (4.4944712 -1.9883396e-17 0)
0.94            (4.5158049 -1.9672623e-17 0)
0.945           (4.5370785 -1.9809862e-17 0)
0.95            (4.5582916 -1.999014e-17 0)
0.955           (4.5794436 -2.0969592e-17 0)
0.96            (4.6005341 -2.1163743e-17 0)
0.965           (4.6215625 -2.138935e-17 0)
0.97            (4.6425285 -2.1215125e-17 0)
0.975           (4.6634315 -2.0793605e-17 0)
0.98            (4.684271 -2.0513031e-17 0)
0.985           (4.7050467 -2.0722566e-17 0)
0.99            (4.7257579 -2.0938844e-17 0)
0.995           (4.7464043 -2.1153933e-17 0)
1               (4.7669855 -2.0976851e-17 0)
1.005           (4.787501 -2.1102739e-17 0)
1.01            (4.8079504 -2.1182613e-17 0)
1.015           (4.8283332 -2.0933008e-17 0)
1.02            (4.8486491 -2.115244e-17 0)
1.025           (4.8688975 -2.1117698e-17 0)
1.03            (4.8890781 -2.1061695e-17 0)
1.035           (4.9091905 -2.027684e-17 0)
1.04            (4.9292342 -1.9864077e-17 0)
1.045           (4.9492089 -1.9481217e-17 0)
1.05            (4.9691141 -1.8385865e-17 0)
1.055           (4.9889496 -1.71915e-17 0)
1.06            (5.0087147 -1.692534e-17 0)
1.065           (5.0284092 -1.6703397e-17 0)
1.07            (5.0480329 -1.6200948e-17 0)
1.075           (5.0675853 -1.5566767e-17 0)
1.08            (5.0870659 -1.643558e-17 0)
1.085           (5.1064745 -1.6466473e-17 0)
1.09            (5.1258105 -1.5871841e-17 0)
1.095           (5.1450737 -1.5805634e-17 0)
1.1             (5.1642636 -1.5052273e-17 0)
1.105           (5.1833798 -1.4543498e-17 0)
1.11            (5.202422 -1.419902e-17 0)
1.115           (5.2213898 -1.3788605e-17 0)
1.12            (5.2402829 -1.3117238e-17 0)
1.125           (5.2591009 -1.2179927e-17 0)
1.13            (5.2778435 -1.1011016e-17 0)
1.135           (5.2965103 -1.0297465e-17 0)
1.14            (5.3151011 -1.025821e-17 0)
1.145           (5.3336155 -9.8154227e-18 0)
1.15            (5.3520532 -9.9538831e-18 0)
1.155           (5.3704138 -9.7734203e-18 0)
1.16            (5.388697 -8.8601253e-18 0)
1.165           (5.4069027 -8.1632248e-18 0)
1.17            (5.4250305 -7.7050658e-18 0)
1.175           (5.4430801 -7.5251148e-18 0)
1.18            (5.4610512 -7.5654808e-18 0)
1.185           (5.4789433 -7.7295002e-18 0)
1.19            (5.4967562 -7.6469809e-18 0)
1.195           (5.5144897 -6.9565162e-18 0)
1.2             (5.5321434 -5.7861798e-18 0)
1.205           (5.5497171 -4.7109538e-18 0)
1.21            (5.5672103 -3.8988669e-18 0)
1.215           (5.5846229 -3.4861746e-18 0)
1.22            (5.6019545 -2.1185716e-18 0)
1.225           (5.619205 -1.0249725e-18 0)
1.23            (5.6363741 -5.9109885e-19 0)
1.235           (5.6534614 -1.0116283e-18 0)
1.24            (5.6704668 -1.7580284e-18 0)
1.245           (5.68739 -1.6502594e-18 0)
1.25            (5.7042307 -9.4915244e-19 0)
1.255           (5.7209888 -4.2918299e-19 0)
1.26            (5.7376639 1.3562096e-19 0)
1.265           (5.754256 4.5807859e-19 0)
1.27            (5.7707648 7.8368978e-19 0)
1.275           (5.78719 8.8608518e-19 0)
1.28            (5.8035315 9.9298041e-19 0)
1.285           (5.819789 5.8544332e-19 0)
1.29            (5.8359622 7.7388003e-19 0)
1.295           (5.8520509 7.6497068e-19 0)
1.3             (5.868055 9.3617515e-19 0)
1.305           (5.8839741 1.325489e-18 0)
1.31            (5.8998081 1.6085765e-18 0)
1.315           (5.9155568 1.9431814e-18 0)
1.32            (5.9312199 1.5521103e-18 0)
1.325           (5.9467974 1.8837255e-18 0)
1.33            (5.9622889 2.3544296e-18 0)
1.335           (5.9776944 2.5201098e-18 0)
1.34            (5.9930136 2.8495813e-18 0)
1.345           (6.0082465 3.6164298e-18 0)
1.35            (6.0233927 4.9003618e-18 0)
1.355           (6.0384523 4.7997308e-18 0)
1.36            (6.053425 5.0819308e-18 0)
1.365           (6.0683108 5.9267213e-18 0)
1.37            (6.0831095 6.4954082e-18 0)
1.375           (6.0978209 7.3181978e-18 0)
1.38            (6.1124448 6.5609757e-18 0)
1.385           (6.1269811 6.6129691e-18 0)
1.39            (6.1414297 6.7746795e-18 0)
1.395           (6.1557903 6.9182736e-18 0)
1.4             (6.1700629 7.405336e-18 0)
1.405           (6.1842472 8.4217431e-18 0)
1.41            (6.1983432 8.6405332e-18 0)
1.415           (6.2123506 8.7990316e-18 0)
1.42            (6.2262695 9.2398479e-18 0)
1.425           (6.2400997 1.0075905e-17 0)
1.43            (6.2538411 9.5514771e-18 0)
1.435           (6.2674936 9.7137027e-18 0)
1.44            (6.281057 9.7046745e-18 0)
1.445           (6.2945314 1.0552172e-17 0)
1.45            (6.3079165 1.1718573e-17 0)
1.455           (6.3212124 1.2979672e-17 0)
1.46            (6.3344188 1.4420826e-17 0)
1.465           (6.3475356 1.5383379e-17 0)
1.47            (6.3605627 1.7620017e-17 0)
1.475           (6.3735001 1.9863574e-17 0)
1.48            (6.3863477 2.1088831e-17 0)
1.485           (6.3991054 2.248635e-17 0)
1.49            (6.4117734 2.387545e-17 0)
1.495           (6.4243514 2.4737421e-17 0)
1.5             (6.4368393 2.5263816e-17 0)
1.505           (6.4492371 2.5232899e-17 0)
1.51            (6.4615447 2.466127e-17 0)
1.515           (6.4737622 2.4526843e-17 0)
1.52            (6.4858894 2.4264975e-17 0)
1.525           (6.4979267 2.505156e-17 0)
1.53            (6.5098741 2.6212848e-17 0)
1.535           (6.5217314 2.7599578e-17 0)
1.54            (6.5334986 2.8719443e-17 0)
1.545           (6.5451755 2.95171e-17 0)
1.55            (6.5567621 3.035011e-17 0)
1.555           (6.5682583 3.1128528e-17 0)
1.56            (6.5796641 3.1871121e-17 0)
1.565           (6.5909795 3.1560134e-17 0)
1.57            (6.6022044 3.1195528e-17 0)
1.575           (6.6133388 3.0858082e-17 0)
1.58            (6.6243827 3.0866349e-17 0)
1.585           (6.635336 3.0621602e-17 0)
1.59            (6.6461987 3.0053583e-17 0)
1.595           (6.6569707 3.0383163e-17 0)
1.6             (6.6676522 2.9359371e-17 0)
1.605           (6.678243 2.9125326e-17 0)
1.61            (6.6887432 2.9449722e-17 0)
1.615           (6.6991529 2.9522728e-17 0)
1.62            (6.709472 2.9728803e-17 0)
1.625           (6.7197004 2.9053232e-17 0)
1.63            (6.7298382 2.9093293e-17 0)
1.635           (6.7398853 2.9132915e-17 0)
1.64            (6.7498419 2.9567527e-17 0)
1.645           (6.7597079 2.9866457e-17 0)
1.65            (6.7694834 2.9906385e-17 0)
1.655           (6.7791685 3.0467858e-17 0)
1.66            (6.7887631 3.1582269e-17 0)
1.665           (6.7982674 3.1316913e-17 0)
1.67            (6.8076814 3.1301349e-17 0)
1.675           (6.8170051 3.1810398e-17 0)
1.68            (6.8262385 3.2140958e-17 0)
1.685           (6.8353817 3.2286713e-17 0)
1.69            (6.8444348 3.2367309e-17 0)
1.695           (6.8533977 3.2298048e-17 0)
1.7             (6.8622706 3.0894233e-17 0)
1.705           (6.8710536 3.0083007e-17 0)
1.71            (6.8797466 2.9868256e-17 0)
1.715           (6.8883497 3.0539956e-17 0)
1.72            (6.896863 3.159884e-17 0)
1.725           (6.905287 3.3573383e-17 0)
1.73            (6.9136217 3.4045747e-17 0)
1.735           (6.9218672 3.4491777e-17 0)
1.74            (6.9300233 3.3730283e-17 0)
1.745           (6.9380901 3.2570117e-17 0)
1.75            (6.9460676 3.2287957e-17 0)
1.755           (6.9539559 3.2189321e-17 0)
1.76            (6.9617551 3.318241e-17 0)
1.765           (6.9694653 3.4587691e-17 0)
1.77            (6.9770865 3.5607851e-17 0)
1.775           (6.9846187 3.6643059e-17 0)
1.78            (6.9920622 3.7641651e-17 0)
1.785           (6.999417 3.8864362e-17 0)
1.79            (7.0066831 3.9044275e-17 0)
1.795           (7.0138608 3.9584339e-17 0)
1.8             (7.0209499 3.9027219e-17 0)
1.805           (7.0279507 4.0090944e-17 0)
1.81            (7.0348631 4.0903812e-17 0)
1.815           (7.0416874 4.1534928e-17 0)
1.82            (7.0484237 4.2511643e-17 0)
1.825           (7.055072 3.6348114e-17 0)
1.83            (7.0616325 3.7363646e-17 0)
1.835           (7.0681052 3.7950025e-17 0)
1.84            (7.0744904 3.8735838e-17 0)
1.845           (7.0807881 4.0199889e-17 0)
1.85            (7.0869984 4.209476e-17 0)
1.855           (7.0931214 4.303954e-17 0)
1.86            (7.0991573 4.432244e-17 0)
1.865           (7.1051062 4.6056423e-17 0)
1.87            (7.1109682 4.8696357e-17 0)
1.875           (7.1167434 5.0786355e-17 0)
1.88            (7.1224321 4.8698966e-17 0)
1.885           (7.1280342 4.8656846e-17 0)
1.89            (7.13355 5.0860919e-17 0)
1.895           (7.1389796 5.0989195e-17 0)
1.9             (7.1443231 5.0302511e-17 0)
1.905           (7.1495807 5.0552415e-17 0)
1.91            (7.1547525 4.9309256e-17 0)
1.915           (7.1598391 4.8941349e-17 0)
1.92            (7.1648406 5.030936e-17 0)
1.925           (7.169757 4.9152763e-17 0)
1.93            (7.1745885 4.8538581e-17 0)
1.935           (7.1793351 4.7575037e-17 0)
1.94            (7.1839969 4.7426519e-17 0)
1.945           (7.1885741 4.8286486e-17 0)
1.95            (7.1930668 4.7753639e-17 0)
1.955           (7.1974752 4.5749425e-17 0)
1.96            (7.2017993 4.3707648e-17 0)
1.965           (7.2060394 4.2950425e-17 0)
1.97            (7.2101955 4.2736388e-17 0)
1.975           (7.2142679 4.3078168e-17 0)
1.98            (7.2182567 4.3143381e-17 0)
1.985           (7.2221621 4.3221217e-17 0)
1.99            (7.2259841 4.3870355e-17 0)
1.995           (7.2297231 4.3923064e-17 0)
2               (7.2333791 4.4151824e-17 0)
2.005           (7.2369523 4.5122337e-17 0)
2.01            (7.240443 4.3584299e-17 0)
2.015           (7.2438511 4.1859207e-17 0)
2.02            (7.247177 4.0834991e-17 0)
2.025           (7.2504209 4.1139338e-17 0)
2.03            (7.2535827 4.1159852e-17 0)
2.035           (7.2566629 4.1025098e-17 0)
2.04            (7.2596615 4.1733582e-17 0)
2.045           (7.2625787 4.2547666e-17 0)
2.05            (7.2654147 4.2941328e-17 0)
2.055           (7.2681696 4.3075276e-17 0)
2.06            (7.2708437 4.2801798e-17 0)
2.065           (7.2734372 4.2631323e-17 0)
2.07            (7.2759502 4.2913219e-17 0)
2.075           (7.2783829 4.2178231e-17 0)
2.08            (7.2807355 4.2307035e-17 0)
2.085           (7.2830082 4.1928555e-17 0)
2.09            (7.2852012 4.1716999e-17 0)
2.095           (7.2873147 4.2710733e-17 0)
2.1             (7.2893488 4.2456518e-17 0)
2.105           (7.2913038 4.2618505e-17 0)
2.11            (7.2931798 4.2740525e-17 0)
2.115           (7.2949771 4.2405096e-17 0)
2.12            (7.2966958 4.2707045e-17 0)
2.125           (7.2983362 4.2841592e-17 0)
2.13            (7.2998984 4.4042281e-17 0)
2.135           (7.3013826 4.6420283e-17 0)
2.14            (7.3027891 4.7044209e-17 0)
2.145           (7.3041181 4.7049323e-17 0)
2.15            (7.3053696 4.8556555e-17 0)
2.155           (7.3065441 4.8673992e-17 0)
2.16            (7.3076415 5.045857e-17 0)
2.165           (7.3086623 4.8025383e-17 0)
2.17            (7.3096064 4.6217063e-17 0)
2.175           (7.3104743 4.5536572e-17 0)
2.18            (7.311266 4.5358886e-17 0)
2.185           (7.3119818 4.6045922e-17 0)
2.19            (7.3126219 4.6634408e-17 0)
2.195           (7.3131865 4.6569174e-17 0)
2.2             (7.3136758 4.7913523e-17 0)
2.205           (7.31409 4.2587278e-17 0)
2.21            (7.3144294 3.8290309e-17 0)
2.215           (7.3146941 3.5191172e-17 0)
2.22            (7.3148844 3.3884768e-17 0)
2.225           (7.3150004 3.2963308e-17 0)
2.23            (7.3150425 3.3478075e-17 0)
2.235           (7.3150107 3.3677827e-17 0)
2.24            (7.3149053 3.4041835e-17 0)
2.245           (7.3147266 3.4505641e-17 0)
2.25            (7.3144748 3.4545234e-17 0)
2.255           (7.31415 3.511452e-17 0)
2.26            (7.3137525 3.5660244e-17 0)
2.265           (7.3132825 3.6340003e-17 0)
2.27            (7.3127403 3.7112861e-17 0)
2.275           (7.3121259 3.6493874e-17 0)
2.28            (7.3114398 3.6056436e-17 0)
2.285           (7.3106821 3.6183375e-17 0)
2.29            (7.3098529 3.6771022e-17 0)
2.295           (7.3089526 3.6862425e-17 0)
2.3             (7.3079814 3.5499608e-17 0)
2.305           (7.3069394 3.4631303e-17 0)
2.31            (7.305827 3.4079661e-17 0)
2.315           (7.3046443 3.4734699e-17 0)
2.32            (7.3033915 3.5811281e-17 0)
2.325           (7.3020689 3.5830637e-17 0)
2.33            (7.3006768 3.6004579e-17 0)
2.335           (7.2992152 3.5813031e-17 0)
2.34            (7.2976845 3.4658572e-17 0)
2.345           (7.296085 3.3793491e-17 0)
2.35            (7.2944167 3.3393949e-17 0)
2.355           (7.2926799 3.4751704e-17 0)
2.36            (7.290875 3.6045087e-17 0)
2.365           (7.289002 3.6700394e-17 0)
2.37            (7.2870613 3.6511111e-17 0)
2.375           (7.285053 3.6080136e-17 0)
2.38            (7.2829774 3.6716137e-17 0)
2.385           (7.2808348 3.6893024e-17 0)
2.39            (7.2786253 3.7765948e-17 0)
2.395           (7.2763491 3.8286648e-17 0)
2.4             (7.2740066 3.8920189e-17 0)
2.405           (7.2715979 3.9166688e-17 0)
2.41            (7.2691233 3.8452401e-17 0)
2.415           (7.266583 3.9182195e-17 0)
2.42            (7.2639773 4.0655951e-17 0)
2.425           (7.2613063 4.2620152e-17 0)
2.43            (7.2585703 4.4185947e-17 0)
2.435           (7.2557696 4.4755257e-17 0)
2.44            (7.2529043 4.4325518e-17 0)
2.445           (7.2499747 4.3699041e-17 0)
2.45            (7.2469811 4.2469424e-17 0)
2.455           (7.2439236 4.1482284e-17 0)
2.46            (7.2408026 4.0088919e-17 0)
2.465           (7.2376182 4.0481754e-17 0)
2.47            (7.2343707 4.0996795e-17 0)
2.475           (7.2310602 4.0587477e-17 0)
2.48            (7.2276872 4.0388031e-17 0)
2.485           (7.2242517 3.9531425e-17 0)
2.49            (7.220754 3.8663238e-17 0)
2.495           (7.2171943 3.8608526e-17 0)
2.5             (7.213573 3.9243156e-17 0)
2.505           (7.2098902 3.9922437e-17 0)
2.51            (7.2061461 4.048508e-17 0)
2.515           (7.2023411 4.1035841e-17 0)
2.52            (7.1984752 4.0614199e-17 0)
2.525           (7.1945488 4.0510151e-17 0)
2.53            (7.1905622 4.0791523e-17 0)
2.535           (7.1865155 4.0377208e-17 0)
2.54            (7.1824089 3.983396e-17 0)
2.545           (7.1782428 3.9504353e-17 0)
2.55            (7.1740173 3.9477331e-17 0)
2.555           (7.1697327 3.9579123e-17 0)
2.56            (7.1653892 3.9289189e-17 0)
2.565           (7.1609871 3.9453911e-17 0)
2.57            (7.1565266 3.9238639e-17 0)
2.575           (7.152008 3.9269146e-17 0)
2.58            (7.1474314 3.9879969e-17 0)
2.585           (7.1427972 4.0550396e-17 0)
2.59            (7.1381055 4.1295431e-17 0)
2.595           (7.1333567 4.5302014e-17 0)
2.6             (7.1285508 4.4883478e-17 0)
2.605           (7.1236882 4.4162824e-17 0)
2.61            (7.1187691 4.4603282e-17 0)
2.615           (7.1137938 4.7016509e-17 0)
2.62            (7.1087625 3.9878203e-17 0)
2.625           (7.1036754 3.3933493e-17 0)
2.63            (7.0985328 2.9948398e-17 0)
2.635           (7.093335 2.7411381e-17 0)
2.64            (7.0880821 2.5419876e-17 0)
2.645           (7.0827744 2.5663782e-17 0)
2.65            (7.0774121 2.7068758e-17 0)
2.655           (7.0719955 2.8823911e-17 0)
2.66            (7.0665248 3.0224564e-17 0)
2.665           (7.0610001 3.1967159e-17 0)
2.67            (7.0554218 3.3039649e-17 0)
2.675           (7.0497901 3.3545854e-17 0)
2.68            (7.0441053 3.4453741e-17 0)
2.685           (7.0383675 3.5940353e-17 0)
2.69            (7.032577 3.6891779e-17 0)
2.695           (7.026734 3.7277477e-17 0)
2.7             (7.0208388 3.7619999e-17 0)
2.705           (7.0148916 3.8914198e-17 0)
2.71            (7.0088927 4.0786951e-17 0)
2.715           (7.0028422 4.2457822e-17 0)
2.72            (6.9967404 4.2607055e-17 0)
2.725           (6.9905875 4.1818701e-17 0)
2.73            (6.9843838 4.2341932e-17 0)
2.735           (6.9781296 4.1270458e-17 0)
2.74            (6.971825 3.9250461e-17 0)
2.745           (6.9654702 3.8576181e-17 0)
2.75            (6.9590656 3.8034653e-17 0)
2.755           (6.9526113 3.875431e-17 0)
2.76            (6.9461076 4.0018821e-17 0)
2.765           (6.9395547 4.2033908e-17 0)
2.77            (6.9329529 3.2281686e-17 0)
2.775           (6.9263024 3.1432131e-17 0)
2.78            (6.9196033 3.2762806e-17 0)
2.785           (6.9128561 3.4112594e-17 0)
2.79            (6.9060608 3.4742894e-17 0)
2.795           (6.8992177 3.4679712e-17 0)
2.8             (6.8923271 3.614539e-17 0)
2.805           (6.8853892 3.8095687e-17 0)
2.81            (6.8784042 3.9789789e-17 0)
2.815           (6.8713723 3.1035533e-17 0)
2.82            (6.8642938 3.1395343e-17 0)
2.825           (6.857169 3.2787624e-17 0)
2.83            (6.849998 3.4318533e-17 0)
2.835           (6.8427811 3.5886359e-17 0)
2.84            (6.8355184 3.5909891e-17 0)
2.845           (6.8282104 3.6244056e-17 0)
2.85            (6.8208571 3.799536e-17 0)
2.855           (6.8134588 3.9558923e-17 0)
2.86            (6.8060157 4.198528e-17 0)
2.865           (6.7985281 1.9638999e-17 0)
2.87            (6.7909962 1.1699874e-17 0)
2.875           (6.7834203 8.9483991e-18 0)
2.88            (6.7758005 8.5834493e-18 0)
2.885           (6.7681371 9.1266324e-18 0)
2.89            (6.7604303 1.1008494e-17 0)
2.895           (6.7526803 1.2920381e-17 0)
2.9             (6.7448875 1.4227368e-17 0)
2.905           (6.7370519 1.5367183e-17 0)
2.91            (6.7291739 1.6364143e-17 0)
2.915           (6.7212536 1.7618947e-17 0)
2.92            (6.7132913 1.9136868e-17 0)
2.925           (6.7052873 1.9875188e-17 0)
2.93            (6.6972419 2.0341244e-17 0)
2.935           (6.6891551 2.0601321e-17 0)
2.94            (6.6810272 2.0563049e-17 0)
2.945           (6.6728585 2.0407657e-17 0)
2.95            (6.6646491 2.0067368e-17 0)
2.955           (6.6563994 2.0553264e-17 0)
2.96            (6.6481094 2.1966181e-17 0)
2.965           (6.6397795 2.3094399e-17 0)
2.97            (6.6314099 2.3137256e-17 0)
2.975           (6.6230009 2.285133e-17 0)
2.98            (6.6145526 2.2688772e-17 0)
2.985           (6.6060653 2.2418222e-17 0)
2.99            (6.5975392 2.2535304e-17 0)
2.995           (6.5889745 2.3080458e-17 0)
3               (6.5803714 2.3983337e-17 0)
3.005           (6.5717301 2.4985016e-17 0)
3.01            (6.5630509 2.5592102e-17 0)
3.015           (6.554334 2.6665131e-17 0)
3.02            (6.5455796 2.6648226e-17 0)
3.025           (6.5367879 2.6722293e-17 0)
3.03            (6.5279592 2.6869873e-17 0)
3.035           (6.5190937 2.6802533e-17 0)
3.04            (6.5101915 2.5668193e-17 0)
3.045           (6.5012529 2.5112666e-17 0)
3.05            (6.4922782 2.4657165e-17 0)
3.055           (6.4832676 2.3935207e-17 0)
3.06            (6.4742212 2.4612343e-17 0)
3.065           (6.4651393 2.3708951e-17 0)
3.07            (6.4560221 2.3159436e-17 0)
3.075           (6.4468698 2.2333515e-17 0)
3.08            (6.4376827 2.1352991e-17 0)
3.085           (6.4284609 2.1613976e-17 0)
3.09            (6.4192048 2.1362409e-17 0)
3.095           (6.4099144 2.1287647e-17 0)
3.1             (6.4005901 2.032586e-17 0)
3.105           (6.391232 2.0037599e-17 0)
3.11            (6.3818404 1.9740225e-17 0)
3.115           (6.3724154 1.9694286e-17 0)
3.12            (6.3629573 1.9830231e-17 0)
3.125           (6.3534664 1.9804715e-17 0)
3.13            (6.3439427 1.8857122e-17 0)
3.135           (6.3343866 1.8234648e-17 0)
3.14            (6.3247983 1.8373527e-17 0)
3.145           (6.3151779 1.8609114e-17 0)
3.15            (6.3055257 1.8872504e-17 0)
3.155           (6.2958419 1.875627e-17 0)
3.16            (6.2861267 1.8411254e-17 0)
3.165           (6.2763804 1.8294081e-17 0)
3.17            (6.2666031 1.8466639e-17 0)
3.175           (6.256795 1.8223193e-17 0)
3.18            (6.2469564 1.8024708e-17 0)
3.185           (6.2370875 1.7813568e-17 0)
3.19            (6.2271885 1.758034e-17 0)
3.195           (6.2172596 1.7327331e-17 0)
3.2             (6.207301 1.7075418e-17 0)
3.205           (6.1973129 1.6517312e-17 0)
3.21            (6.1872956 1.602773e-17 0)
3.215           (6.1772492 1.5705237e-17 0)
3.22            (6.167174 1.6020067e-17 0)
3.225           (6.1570701 1.6057057e-17 0)
3.23            (6.1469379 1.6524591e-17 0)
3.235           (6.1367774 1.5461817e-17 0)
3.24            (6.1265889 1.4952235e-17 0)
3.245           (6.1163726 1.4514541e-17 0)
3.25            (6.1061287 1.4664836e-17 0)
3.255           (6.0958575 1.5146246e-17 0)
3.26            (6.0855591 1.5278789e-17 0)
3.265           (6.0752337 1.5169135e-17 0)
3.27            (6.0648816 1.6012185e-17 0)
3.275           (6.0545029 1.5368603e-17 0)
3.28            (6.0440979 1.3923717e-17 0)
3.285           (6.0336667 1.3384776e-17 0)
3.29            (6.0232096 1.2477925e-17 0)
3.295           (6.0127268 1.2208951e-17 0)
3.3             (6.0022185 1.2043284e-17 0)
3.305           (5.9916848 1.2205138e-17 0)
3.31            (5.9811261 1.1876212e-17 0)
3.315           (5.9705424 1.1544287e-17 0)
3.32            (5.9599341 9.9702433e-18 0)
3.325           (5.9493012 9.3669168e-18 0)
3.33            (5.938644 9.324991e-18 0)
3.335           (5.9279628 9.7222444e-18 0)
3.34            (5.9172576 1.0338364e-17 0)
3.345           (5.9065288 1.0847182e-17 0)
3.35            (5.8957765 1.1372069e-17 0)
3.355           (5.8850009 1.1742895e-17 0)
3.36            (5.8742022 1.175222e-17 0)
3.365           (5.8633807 1.1419192e-17 0)
3.37            (5.8525364 1.1921008e-17 0)
3.375           (5.8416697 1.2102693e-17 0)
3.38            (5.8307807 1.1979874e-17 0)
3.385           (5.8198696 1.1554121e-17 0)
3.39            (5.8089366 1.1885132e-17 0)
3.395           (5.7979819 1.1590632e-17 0)
3.4             (5.7870057 1.1312598e-17 0)
3.405           (5.7760083 1.0593276e-17 0)
3.41            (5.7649898 1.0145532e-17 0)
3.415           (5.7539503 9.5428728e-18 0)
3.42            (5.7428902 9.4839775e-18 0)
3.425           (5.7318095 8.8095943e-18 0)
3.43            (5.7207086 8.0012066e-18 0)
3.435           (5.7095876 7.8460842e-18 0)
3.44            (5.6984466 7.9579249e-18 0)
3.445           (5.6872859 9.0486329e-18 0)
3.45            (5.6761057 9.1106091e-18 0)
3.455           (5.6649062 8.4904086e-18 0)
3.46            (5.6536875 8.0468008e-18 0)
3.465           (5.6424499 8.2432176e-18 0)
3.47            (5.6311935 8.3445628e-18 0)
3.475           (5.6199186 8.7598777e-18 0)
3.48            (5.6086254 9.2550981e-18 0)
3.485           (5.5973139 1.0538343e-17 0)
3.49            (5.5859845 1.1103661e-17 0)
3.495           (5.5746373 1.1136372e-17 0)
3.5             (5.5632725 1.1500225e-17 0)
3.505           (5.5518903 1.1424285e-17 0)
3.51            (5.5404909 1.1280555e-17 0)
3.515           (5.5290745 1.159517e-17 0)
3.52            (5.5176413 1.2032459e-17 0)
3.525           (5.5061914 1.2877189e-17 0)
3.53            (5.494725 1.3561211e-17 0)
3.535           (5.4832424 1.405917e-17 0)
3.54            (5.4717437 1.4876794e-17 0)
3.545           (5.4602292 1.5377094e-17 0)
3.55            (5.4486989 1.6567213e-17 0)
3.555           (5.4371531 1.7090041e-17 0)
3.56            (5.425592 1.8248436e-17 0)
3.565           (5.4140158 1.7956907e-17 0)
3.57            (5.4024246 1.7536761e-17 0)
3.575           (5.3908187 1.6741371e-17 0)
3.58            (5.3791982 1.7007897e-17 0)
3.585           (5.3675633 1.7331751e-17 0)
3.59            (5.3559142 1.8137785e-17 0)
3.595           (5.344251 1.8632442e-17 0)
3.6             (5.3325741 1.8155484e-17 0)
3.605           (5.3208834 1.8518114e-17 0)
3.61            (5.3091794 1.9269292e-17 0)
3.615           (5.297462 1.9664465e-17 0)
3.62            (5.2857315 2.0385411e-17 0)
3.625           (5.2739881 2.0872035e-17 0)
3.63            (5.262232 2.0785656e-17 0)
3.635           (5.2504633 2.1104112e-17 0)
3.64            (5.2386823 2.1247104e-17 0)
3.645           (5.2268891 2.1129107e-17 0)
3.65            (5.2150838 2.1091146e-17 0)
3.655           (5.2032667 2.084564e-17 0)
3.66            (5.191438 2.0871855e-17 0)
3.665           (5.1795978 2.130188e-17 0)
3.67            (5.1677464 2.2059263e-17 0)
3.675           (5.1558838 2.3528562e-17 0)
3.68            (5.1440103 2.3360418e-17 0)
3.685           (5.132126 2.3944379e-17 0)
3.69            (5.1202312 2.4310638e-17 0)
3.695           (5.1083259 2.5161961e-17 0)
3.7             (5.0964105 2.5473386e-17 0)
3.705           (5.084485 2.4906644e-17 0)
3.71            (5.0725497 2.4958848e-17 0)
3.715           (5.0606046 2.4173405e-17 0)
3.72            (5.0486501 2.3797241e-17 0)
3.725           (5.0366868 2.2469112e-17 0)
3.73            (5.0247144 2.1525974e-17 0)
3.735           (5.0127335 2.0398874e-17 0)
3.74            (5.0007442 1.9035331e-17 0)
3.745           (4.9887468 1.8246723e-17 0)
3.75            (4.9767412 1.8017801e-17 0)
3.755           (4.9647275 1.8116387e-17 0)
3.76            (4.9527059 1.8248235e-17 0)
3.765           (4.9406766 1.8387111e-17 0)
3.77            (4.9286396 1.9175557e-17 0)
3.775           (4.9165951 1.8900052e-17 0)
3.78            (4.9045433 1.8924649e-17 0)
3.785           (4.8924843 1.8313448e-17 0)
3.79            (4.8804183 1.8120894e-17 0)
3.795           (4.8683454 1.7065686e-17 0)
3.8             (4.8562659 1.6903572e-17 0)
3.805           (4.8441798 1.7147718e-17 0)
3.81            (4.8320874 1.7650379e-17 0)
3.815           (4.8199887 1.8259466e-17 0)
3.82            (4.8078841 1.8185673e-17 0)
3.825           (4.7957735 1.8519247e-17 0)
3.83            (4.7836573 1.8101337e-17 0)
3.835           (4.7715355 1.7806049e-17 0)
3.84            (4.7594083 1.7809242e-17 0)
3.845           (4.7472759 1.8060431e-17 0)
3.85            (4.7351385 1.8459724e-17 0)
3.855           (4.7229961 1.9004649e-17 0)
3.86            (4.7108491 1.8901379e-17 0)
3.865           (4.6986975 1.9030915e-17 0)
3.87            (4.6865415 1.8803444e-17 0)
3.875           (4.6743812 1.7613199e-17 0)
3.88            (4.6622169 1.6263729e-17 0)
3.885           (4.6500487 1.575472e-17 0)
3.89            (4.6378768 1.557506e-17 0)
3.895           (4.6257012 1.531639e-17 0)
3.9             (4.6135223 1.5254647e-17 0)
3.905           (4.6013401 1.5006888e-17 0)
3.91            (4.5891548 1.4805494e-17 0)
3.915           (4.5769666 1.4361187e-17 0)
3.92            (4.5647756 1.3818524e-17 0)
3.925           (4.552582 1.2611913e-17 0)
3.93            (4.5403859 1.1972177e-17 0)
3.935           (4.5281876 1.0811964e-17 0)
3.94            (4.5159871 1.0112501e-17 0)
3.945           (4.5037847 9.1242086e-18 0)
3.95            (4.4915804 8.5064391e-18 0)
3.955           (4.4793745 8.158803e-18 0)
3.96            (4.4671671 7.5531734e-18 0)
3.965           (4.4549584 7.5932673e-18 0)
3.97            (4.4427485 7.9197247e-18 0)
3.975           (4.4305376 9.0030315e-18 0)
3.98            (4.4183258 9.6847247e-18 0)
3.985           (4.4061134 9.1016011e-18 0)
3.99            (4.3939004 8.9490829e-18 0)
3.995           (4.381687 8.9569748e-18 0)
4               (4.3694733 8.8989086e-18 0)
4.005           (4.3572596 9.1060665e-18 0)
4.01            (4.345046 9.282779e-18 0)
4.015           (4.3328326 9.594654e-18 0)
4.02            (4.3206196 9.4893805e-18 0)
4.025           (4.3084072 9.019313e-18 0)
4.03            (4.2961954 8.9968805e-18 0)
4.035           (4.2839845 8.3469426e-18 0)
4.04            (4.2717746 7.3017784e-18 0)
4.045           (4.2595659 6.4768103e-18 0)
4.05            (4.2473579 5.6493892e-18 0)
4.055           (4.2351513 4.4203213e-18 0)
4.06            (4.2229458 3.8393089e-18 0)
4.065           (4.2107417 3.2725289e-18 0)
4.07            (4.198539 3.0131216e-18 0)
4.075           (4.1863381 3.2686614e-18 0)
4.08            (4.1741391 4.168176e-18 0)
4.085           (4.1619424 4.9020217e-18 0)
4.09            (4.149748 4.8371703e-18 0)
4.095           (4.1375561 4.2989441e-18 0)
4.1             (4.125367 4.0765071e-18 0)
4.105           (4.1131808 3.1780888e-18 0)
4.11            (4.1009976 2.9527258e-18 0)
4.115           (4.0888176 3.6129978e-18 0)
4.12            (4.0766409 4.2188258e-18 0)
4.125           (4.0644678 3.9618306e-18 0)
4.13            (4.0522984 4.2872191e-18 0)
4.135           (4.0401328 4.6304933e-18 0)
4.14            (4.0279712 4.5825052e-18 0)
4.145           (4.0158137 4.4823735e-18 0)
4.15            (4.0036605 4.277269e-18 0)
4.155           (3.9915118 3.8562549e-18 0)
4.16            (3.9793676 4.3729407e-18 0)
4.165           (3.9672281 4.7603213e-18 0)
4.17            (3.9550936 5.4165069e-18 0)
4.175           (3.942964 5.9624864e-18 0)
4.18            (3.9308397 6.021804e-18 0)
4.185           (3.9187206 5.0277618e-18 0)
4.19            (3.906607 4.437471e-18 0)
4.195           (3.8944991 4.3084285e-18 0)
4.2             (3.8823969 4.0571901e-18 0)
4.205           (3.8703005 4.2725395e-18 0)
4.21            (3.8582103 4.4610009e-18 0)
4.215           (3.8461262 5.0578321e-18 0)
4.22            (3.8340484 5.7778214e-18 0)
4.225           (3.8219771 6.3815376e-18 0)
4.23            (3.8099124 6.758431e-18 0)
4.235           (3.7978544 6.9230724e-18 0)
4.24            (3.7858034 6.6861009e-18 0)
4.245           (3.7737593 6.8537357e-18 0)
4.25            (3.7617224 7.1889177e-18 0)
4.255           (3.7496929 7.3487031e-18 0)
4.26            (3.7376708 7.7250298e-18 0)
4.265           (3.7256562 8.0096573e-18 0)
4.27            (3.7136494 7.9046445e-18 0)
4.275           (3.7016504 7.2045017e-18 0)
4.28            (3.6896595 7.2082097e-18 0)
4.285           (3.6776766 6.9467231e-18 0)
4.29            (3.665702 7.1016103e-18 0)
4.295           (3.6537359 7.0631324e-18 0)
4.3             (3.6417782 7.513918e-18 0)
4.305           (3.6298293 7.8583709e-18 0)
4.31            (3.6178891 7.5159919e-18 0)
4.315           (3.6059579 7.4349615e-18 0)
4.32            (3.5940357 7.3997985e-18 0)
4.325           (3.5821228 7.17584e-18 0)
4.33            (3.5702191 6.7099231e-18 0)
4.335           (3.558325 6.4204218e-18 0)
4.34            (3.5464405 6.3481703e-18 0)
4.345           (3.5345656 6.1940802e-18 0)
4.35            (3.5227007 6.4172769e-18 0)
4.355           (3.5108457 5.9271047e-18 0)
4.36            (3.4990009 5.5973326e-18 0)
4.365           (3.4871664 5.3928557e-18 0)
4.37            (3.4753424 5.1387536e-18 0)
4.375           (3.463529 4.9711625e-18 0)
4.38            (3.4517265 4.7901678e-18 0)
4.385           (3.439935 4.6372004e-18 0)
4.39            (3.4281546 4.5715635e-18 0)
4.395           (3.4163854 4.634539e-18 0)
4.4             (3.4046277 4.5307686e-18 0)
4.405           (3.3928815 4.1535491e-18 0)
4.41            (3.381147 4.1557213e-18 0)
4.415           (3.3694241 3.7324975e-18 0)
4.42            (3.357713 2.9998497e-18 0)
4.425           (3.3460138 2.5709267e-18 0)
4.43            (3.3343267 2.61609e-18 0)
4.435           (3.3226516 2.1127052e-18 0)
4.44            (3.3109887 1.4619699e-18 0)
4.445           (3.2993381 1.6203663e-18 0)
4.45            (3.2876998 1.5946649e-18 0)
4.455           (3.2760739 1.5120778e-18 0)
4.46            (3.2644605 1.6860104e-18 0)
4.465           (3.2528598 1.6113456e-18 0)
4.47            (3.2412719 1.5906886e-18 0)
4.475           (3.2296969 1.2659837e-18 0)
4.48            (3.218135 1.1836733e-18 0)
4.485           (3.2065863 1.1217821e-18 0)
4.49            (3.1950509 1.1068299e-18 0)
4.495           (3.1835291 9.6170744e-19 0)
4.5             (3.1720209 1.291828e-18 0)
4.505           (3.1605264 1.4248071e-18 0)
4.51            (3.1490456 1.5281971e-18 0)
4.515           (3.1375785 1.6061331e-18 0)
4.52            (3.1261253 1.5163103e-18 0)
4.525           (3.1146862 1.2654674e-18 0)
4.53            (3.1032613 1.6782936e-18 0)
4.535           (3.0918508 1.8226239e-18 0)
4.54            (3.0804547 2.0382744e-18 0)
4.545           (3.0690733 1.7882907e-18 0)
4.55            (3.0577065 1.7044272e-18 0)
4.555           (3.0463546 1.9462962e-18 0)
4.56            (3.0350177 2.2209805e-18 0)
4.565           (3.0236958 2.2311483e-18 0)
4.57            (3.012389 2.0935264e-18 0)
4.575           (3.0010976 2.3176914e-18 0)
4.58            (2.9898215 1.9853383e-18 0)
4.585           (2.978561 1.2565786e-18 0)
4.59            (2.9673161 1.3777816e-18 0)
4.595           (2.9560869 2.3172262e-18 0)
4.6             (2.9448736 3.246745e-18 0)
4.605           (2.9336762 3.6471407e-18 0)
4.61            (2.9224949 3.6738919e-18 0)
4.615           (2.9113297 3.4620024e-18 0)
4.62            (2.9001805 3.2117526e-18 0)
4.625           (2.8890474 3.4628695e-18 0)
4.63            (2.8779308 3.6274117e-18 0)
4.635           (2.8668306 3.5735274e-18 0)
4.64            (2.8557471 3.5958723e-18 0)
4.645           (2.8446803 3.7151278e-18 0)
4.65            (2.8336303 3.7012082e-18 0)
4.655           (2.8225974 3.99793e-18 0)
4.66            (2.8115816 4.289989e-18 0)
4.665           (2.800583 4.1616663e-18 0)
4.67            (2.7896017 4.0851982e-18 0)
4.675           (2.7786378 3.8027305e-18 0)
4.68            (2.7676915 3.4855143e-18 0)
4.685           (2.7567629 3.4200472e-18 0)
4.69            (2.745852 3.6223615e-18 0)
4.695           (2.7349589 3.6629047e-18 0)
4.7             (2.7240838 3.6545109e-18 0)
4.705           (2.7132268 3.5965074e-18 0)
4.71            (2.702388 3.9871519e-18 0)
4.715           (2.6915674 3.8062118e-18 0)
4.72            (2.6807652 3.625589e-18 0)
4.725           (2.6699815 3.1718934e-18 0)
4.73            (2.6592164 2.5861484e-18 0)
4.735           (2.6484699 2.3687646e-18 0)
4.74            (2.6377422 2.3901332e-18 0)
4.745           (2.6270334 2.3375688e-18 0)
4.75            (2.6163436 2.011204e-18 0)
4.755           (2.6056728 1.5325756e-18 0)
4.76            (2.5950212 1.5163866e-18 0)
4.765           (2.5843888 7.6854976e-19 0)
4.77            (2.5737759 3.3610431e-19 0)
4.775           (2.5631823 4.9573989e-20 0)
4.78            (2.5526084 1.3431649e-19 0)
4.785           (2.542054 -5.4657185e-21 0)
4.79            (2.5315194 -2.0431815e-19 0)
4.795           (2.5210047 -2.5390315e-19 0)
4.8             (2.5105099 -6.8941883e-19 0)
4.805           (2.500035 -4.3777294e-19 0)
4.81            (2.4895804 -3.9818579e-19 0)
4.815           (2.4791459 -4.7007848e-19 0)
4.82            (2.4687317 -4.7520089e-19 0)
4.825           (2.4583379 -3.5251333e-19 0)
4.83            (2.4479645 2.0515499e-19 0)
4.835           (2.4376118 6.3084167e-19 0)
4.84            (2.4272797 4.3316563e-19 0)
4.845           (2.4169683 5.0234756e-19 0)
4.85            (2.4066778 7.2085019e-19 0)
4.855           (2.3964082 7.8063938e-19 0)
4.86            (2.3861596 7.0431561e-19 0)
4.865           (2.3759322 7.8891159e-19 0)
4.87            (2.3657259 9.9185665e-19 0)
4.875           (2.3555409 6.4070064e-19 0)
4.88            (2.3453772 3.2093802e-19 0)
4.885           (2.335235 -1.7572822e-20 0)
4.89            (2.3251143 -1.1199247e-19 0)
4.895           (2.3150153 -2.5955169e-19 0)
4.9             (2.304938 -4.2581634e-19 0)
4.905           (2.2948826 -1.6491083e-19 0)
4.91            (2.2848492 -2.52426e-19 0)
4.915           (2.2748377 -2.6396506e-19 0)
4.92            (2.2648484 -1.1374913e-19 0)
4.925           (2.2548813 1.0316096e-19 0)
4.93            (2.2449364 4.5888508e-19 0)
4.935           (2.2350137 1.0422173e-18 0)
4.94            (2.2251135 1.1827643e-18 0)
4.945           (2.2152357 1.5473326e-18 0)
4.95            (2.2053805 1.5775901e-18 0)
4.955           (2.1955478 1.6167163e-18 0)
4.96            (2.1857379 1.6071357e-18 0)
4.965           (2.1759507 2.0444609e-18 0)
4.97            (2.1661863 2.59589e-18 0)
4.975           (2.1564449 3.2049683e-18 0)
4.98            (2.1467265 3.828309e-18 0)
4.985           (2.1370311 3.8982446e-18 0)
4.99            (2.1273588 4.0775461e-18 0)
4.995           (2.1177098 4.1776749e-18 0)
5               (2.1080841 4.2230869e-18 0)
5.005           (2.0984817 3.8555328e-18 0)
5.01            (2.0889028 3.7059557e-18 0)
5.015           (2.0793474 3.7978415e-18 0)
5.02            (2.0698156 3.8416717e-18 0)
5.025           (2.0603074 4.049063e-18 0)
5.03            (2.050823 4.1266231e-18 0)
5.035           (2.0413623 3.8204236e-18 0)
5.04            (2.0319256 3.9207161e-18 0)
5.045           (2.0225128 4.1246384e-18 0)
5.05            (2.013124 4.350492e-18 0)
5.055           (2.0037593 4.4459408e-18 0)
5.06            (1.9944187 4.3893188e-18 0)
5.065           (1.9851024 4.2835682e-18 0)
5.07            (1.9758104 3.8058851e-18 0)
5.075           (1.9665427 3.5279827e-18 0)
5.08            (1.9572995 3.4801794e-18 0)
5.085           (1.9480807 3.0921421e-18 0)
5.09            (1.9388865 2.7469191e-18 0)
5.095           (1.929717 2.3101836e-18 0)
5.1             (1.9205722 1.7923746e-18 0)
5.105           (1.9114521 1.3686594e-18 0)
5.11            (1.9023569 1.1074221e-18 0)
5.115           (1.8932865 8.2204296e-19 0)
5.12            (1.8842411 7.3751274e-19 0)
5.125           (1.8752208 6.4618498e-19 0)
5.13            (1.8662255 8.6464501e-19 0)
5.135           (1.8572554 1.4306599e-18 0)
5.14            (1.8483105 1.872487e-18 0)
5.145           (1.8393908 1.9279989e-18 0)
5.15            (1.8304965 2.1623904e-18 0)
5.155           (1.8216277 2.42145e-18 0)
5.16            (1.8127842 2.6013772e-18 0)
5.165           (1.8039663 2.8688149e-18 0)
5.17            (1.795174 3.0067902e-18 0)
5.175           (1.7864073 3.0571666e-18 0)
5.18            (1.7776663 2.9665875e-18 0)
5.185           (1.7689511 3.2411204e-18 0)
5.19            (1.7602617 3.6179282e-18 0)
5.195           (1.7515982 3.8856913e-18 0)
5.2             (1.7429606 4.1490488e-18 0)
5.205           (1.7343491 4.1971951e-18 0)
5.21            (1.7257637 4.164206e-18 0)
5.215           (1.7172045 4.3751632e-18 0)
5.22            (1.7086715 4.5044001e-18 0)
5.225           (1.7001648 4.5935559e-18 0)
5.23            (1.6916843 4.6990223e-18 0)
5.235           (1.6832302 4.7158766e-18 0)
5.24            (1.6748025 4.6143047e-18 0)
5.245           (1.6664012 4.5933927e-18 0)
5.25            (1.6580264 4.6625119e-18 0)
5.255           (1.6496781 4.7076614e-18 0)
5.26            (1.6413565 4.7457714e-18 0)
5.265           (1.6330615 4.6927083e-18 0)
5.27            (1.6247932 4.8143051e-18 0)
5.275           (1.6165516 4.9687049e-18 0)
5.28            (1.6083369 4.9855362e-18 0)
5.285           (1.6001489 5.161394e-18 0)
5.29            (1.5919879 5.352e-18 0)
5.295           (1.5838538 5.2245695e-18 0)
5.3             (1.5757467 5.4698748e-18 0)
5.305           (1.5676667 5.8164695e-18 0)
5.31            (1.5596137 6.0710155e-18 0)
5.315           (1.5515878 6.3094433e-18 0)
5.32            (1.5435892 6.2840505e-18 0)
5.325           (1.5356177 6.3617478e-18 0)
5.33            (1.5276735 6.5495425e-18 0)
5.335           (1.5197567 6.6797512e-18 0)
5.34            (1.5118672 6.6942947e-18 0)
5.345           (1.504005 6.6865761e-18 0)
5.35            (1.4961704 6.6525794e-18 0)
5.355           (1.4883632 6.5386763e-18 0)
5.36            (1.4805836 6.4017033e-18 0)
5.365           (1.4728315 6.2537991e-18 0)
5.37            (1.4651071 6.2117239e-18 0)
5.375           (1.4574104 6.0149794e-18 0)
5.38            (1.4497414 5.9925853e-18 0)
5.385           (1.4421003 6.1085223e-18 0)
5.39            (1.4344869 6.0955682e-18 0)
5.395           (1.4269014 5.9507676e-18 0)
5.4             (1.4193438 6.0502265e-18 0)
5.405           (1.4118141 6.1838886e-18 0)
5.41            (1.4043123 6.0999118e-18 0)
5.415           (1.3968385 6.0455202e-18 0)
5.42            (1.3893928 5.8311413e-18 0)
5.425           (1.3819751 5.6306449e-18 0)
5.43            (1.3745855 5.3075799e-18 0)
5.435           (1.3672241 5.1393597e-18 0)
5.44            (1.3598908 5.0033195e-18 0)
5.445           (1.3525857 4.5856598e-18 0)
5.45            (1.3453088 4.2780082e-18 0)
5.455           (1.3380603 4.0168013e-18 0)
5.46            (1.33084 3.7552776e-18 0)
5.465           (1.323648 3.492589e-18 0)
5.47            (1.3164845 3.4005409e-18 0)
5.475           (1.3093493 3.1561087e-18 0)
5.48            (1.3022426 3.1755579e-18 0)
5.485           (1.2951644 3.189577e-18 0)
5.49            (1.2881148 3.0315756e-18 0)
5.495           (1.2810937 2.7965189e-18 0)
5.5             (1.2741012 2.7907497e-18 0)
5.505           (1.2671373 2.514332e-18 0)
5.51            (1.260202 2.227103e-18 0)
5.515           (1.2532954 2.1818621e-18 0)
5.52            (1.2464174 1.9371477e-18 0)
5.525           (1.2395682 2.0257699e-18 0)
5.53            (1.2327478 2.0258746e-18 0)
5.535           (1.2259561 2.0655801e-18 0)
5.54            (1.2191931 2.2035596e-18 0)
5.545           (1.212459 2.0892278e-18 0)
5.55            (1.2057539 2.0100843e-18 0)
5.555           (1.1990776 1.7719305e-18 0)
5.56            (1.1924302 1.6071379e-18 0)
5.565           (1.1858117 1.3252677e-18 0)
5.57            (1.1792222 1.2044639e-18 0)
5.575           (1.1726617 1.2418278e-18 0)
5.58            (1.1661302 1.4436741e-18 0)
5.585           (1.1596278 1.5144152e-18 0)
5.59            (1.1531543 1.5920931e-18 0)
5.595           (1.1467099 1.6631023e-18 0)
5.6             (1.1402947 1.5674803e-18 0)
5.605           (1.1339085 1.6350157e-18 0)
5.61            (1.1275516 1.5673694e-18 0)
5.615           (1.1212237 1.4080304e-18 0)
5.62            (1.1149251 1.4310509e-18 0)
5.625           (1.1086556 1.5400392e-18 0)
5.63            (1.1024154 1.589465e-18 0)
5.635           (1.0962044 1.6561187e-18 0)
5.64            (1.0900227 1.6935386e-18 0)
5.645           (1.0838702 1.789229e-18 0)
5.65            (1.077747 1.7627375e-18 0)
5.655           (1.0716531 1.849249e-18 0)
5.66            (1.0655887 1.8227563e-18 0)
5.665           (1.0595534 1.8417913e-18 0)
5.67            (1.0535476 1.9626403e-18 0)
5.675           (1.0475713 1.8593302e-18 0)
5.68            (1.0416237 1.9243956e-18 0)
5.685           (1.0357051 1.8365854e-18 0)
5.69            (1.0298154 1.7405712e-18 0)
5.695           (1.0239549 1.4767297e-18 0)
5.7             (1.0181236 1.3212393e-18 0)
5.705           (1.0123216 1.0858313e-18 0)
5.71            (1.0065489 9.8190464e-19 0)
5.715           (1.0008056 8.2924273e-19 0)
5.72            (0.99509177 7.1325436e-19 0)
5.725           (0.98940733 7.4603766e-19 0)
5.73            (0.98375236 6.757855e-19 0)
5.735           (0.97812686 5.8506906e-19 0)
5.74            (0.97253087 2.0938629e-19 0)
5.745           (0.9669644 2.4357081e-20 0)
5.75            (0.96142746 -1.2313872e-19 0)
5.755           (0.95592006 -2.088166e-19 0)
5.76            (0.95044223 -1.4612547e-19 0)
5.765           (0.94499397 -1.8919377e-19 0)
5.77            (0.93957529 -1.1492986e-19 0)
5.775           (0.93418621 -2.2484573e-19 0)
5.78            (0.92882672 -4.218242e-19 0)
5.785           (0.92349686 -6.3048986e-19 0)
5.79            (0.91819661 -9.6732621e-19 0)
5.795           (0.91292599 -1.0760923e-18 0)
5.8             (0.907685 -1.141658e-18 0)
5.805           (0.90247366 -1.0708977e-18 0)
5.81            (0.89729196 -1.1952244e-18 0)
5.815           (0.89213992 -1.3725238e-18 0)
5.82            (0.88701753 -1.5160563e-18 0)
5.825           (0.8819248 -1.3528946e-18 0)
5.83            (0.87686174 -1.2973621e-18 0)
5.835           (0.87182835 -1.2143037e-18 0)
5.84            (0.86682464 -1.2789218e-18 0)
5.845           (0.86185059 -1.4045602e-18 0)
5.85            (0.85690622 -1.3875833e-18 0)
5.855           (0.85199153 -1.3761921e-18 0)
5.86            (0.84710652 -1.1919653e-18 0)
5.865           (0.84225119 -7.8338702e-19 0)
5.87            (0.83742553 -5.9188222e-19 0)
5.875           (0.83262956 -3.9282073e-19 0)
5.88            (0.82786326 -2.2720564e-19 0)
5.885           (0.82312664 -1.7709871e-19 0)
5.89            (0.8184197 -2.3799957e-19 0)
5.895           (0.81374243 -2.3999139e-19 0)
5.9             (0.80909483 -1.0607876e-20 0)
5.905           (0.8044769 2.2626363e-19 0)
5.91            (0.79988863 6.3663251e-19 0)
5.915           (0.79533003 9.6682443e-19 0)
5.92            (0.79080109 1.1622437e-18 0)
5.925           (0.78630179 1.3321948e-18 0)
5.93            (0.78183215 1.4027e-18 0)
5.935           (0.77739215 1.5090876e-18 0)
5.94            (0.77298179 1.6224094e-18 0)
5.945           (0.76860106 1.7689198e-18 0)
5.95            (0.76424995 1.8846301e-18 0)
5.955           (0.75992846 2.1197862e-18 0)
5.96            (0.75563659 2.2996928e-18 0)
5.965           (0.75137431 2.4111681e-18 0)
5.97            (0.74714164 2.3726685e-18 0)
5.975           (0.74293855 2.4468797e-18 0)
5.98            (0.73876504 2.5156027e-18 0)
5.985           (0.7346211 2.6029388e-18 0)
5.99            (0.73050672 2.5956746e-18 0)
5.995           (0.72642189 2.4675419e-18 0)
6               (0.7223666 2.273683e-18 0)
6.005           (0.71834084 1.8772064e-18 0)
6.01            (0.7143446 1.5577034e-18 0)
6.015           (0.71037786 1.3229679e-18 0)
6.02            (0.70644062 1.0265737e-18 0)
6.025           (0.70253287 8.4327508e-19 0)
6.03            (0.69865458 6.2951908e-19 0)
6.035           (0.69480576 4.0335886e-19 0)
6.04            (0.69098637 2.3746727e-19 0)
6.045           (0.68719642 1.8818113e-19 0)
6.05            (0.68343589 1.6249766e-19 0)
6.055           (0.67970476 2.0452609e-19 0)
6.06            (0.67600302 1.821509e-19 0)
6.065           (0.67233065 2.8859526e-19 0)
6.07            (0.66868764 5.0885565e-19 0)
6.075           (0.66507398 7.6513886e-19 0)
6.08            (0.66148964 9.6806787e-19 0)
6.085           (0.65793461 1.2235127e-18 0)
6.09            (0.65440887 1.410613e-18 0)
6.095           (0.65091241 1.6375371e-18 0)
6.1             (0.6474452 1.8394513e-18 0)
6.105           (0.64400724 2.0377064e-18 0)
6.11            (0.6405985 2.2294408e-18 0)
6.115           (0.63721896 2.3086289e-18 0)
6.12            (0.63386861 2.3738412e-18 0)
6.125           (0.63054742 2.4639885e-18 0)
6.13            (0.62725538 2.5214478e-18 0)
6.135           (0.62399247 2.407633e-18 0)
6.14            (0.62075866 2.4050003e-18 0)
6.145           (0.61755393 2.4578237e-18 0)
6.15            (0.61437827 2.6076218e-18 0)
6.155           (0.61123165 2.7152297e-18 0)
6.16            (0.60811407 2.6872126e-18 0)
6.165           (0.60502548 2.5754246e-18 0)
6.17            (0.60196587 2.4361454e-18 0)
6.175           (0.59893523 2.3763207e-18 0)
6.18            (0.59593351 2.2933499e-18 0)
6.185           (0.59296069 2.1982644e-18 0)
6.19            (0.59001674 2.1540898e-18 0)
6.195           (0.58710167 2.082583e-18 0)
6.2             (0.58421542 1.8324046e-18 0)
6.205           (0.581358 1.7312527e-18 0)
6.21            (0.57852936 1.6017553e-18 0)
6.215           (0.57572947 1.4199357e-18 0)
6.22            (0.57295832 1.2957472e-18 0)
6.225           (0.57021588 1.1435888e-18 0)
6.23            (0.56750211 1.1552496e-18 0)
6.235           (0.564817 9.4942812e-19 0)
6.24            (0.56216052 8.2764426e-19 0)
6.245           (0.55953264 7.4767827e-19 0)
6.25            (0.55693333 5.5731596e-19 0)
6.255           (0.55436257 5.4306626e-19 0)
6.26            (0.55182032 5.2640969e-19 0)
6.265           (0.54930658 6.4205624e-19 0)
6.27            (0.5468213 5.9605622e-19 0)
6.275           (0.54436448 5.4783923e-19 0)
6.28            (0.54193606 5.0168855e-19 0)
6.285           (0.539536 5.3871501e-19 0)
6.29            (0.53716428 6.1845211e-19 0)
6.295           (0.53482087 4.4005469e-19 0)
6.3             (0.53250574 2.5167105e-19 0)
6.305           (0.53021886 1.8105002e-19 0)
6.31            (0.52796019 9.1384374e-20 0)
6.315           (0.52572974 1.424944e-19 0)
6.32            (0.52352743 1.8011253e-19 0)
6.325           (0.52135323 2.2992196e-19 0)
6.33            (0.51920712 1.7400836e-19 0)
6.335           (0.51708907 1.6790481e-19 0)
6.34            (0.51499903 1.2567065e-20 0)
6.345           (0.51293701 -1.084144e-19 0)
6.35            (0.51090294 -2.2718143e-19 0)
6.355           (0.50889678 -4.9756467e-19 0)
6.36            (0.50691853 -5.8959818e-19 0)
6.365           (0.50496812 -6.1252462e-19 0)
6.37            (0.50304553 -5.7585209e-19 0)
6.375           (0.50115072 -5.2490526e-19 0)
6.38            (0.49928372 -6.2651337e-19 0)
6.385           (0.49744445 -6.3652302e-19 0)
6.39            (0.49563284 -6.1803624e-19 0)
6.395           (0.49384891 -7.0296744e-19 0)
6.4             (0.49209264 -6.0627224e-19 0)
6.405           (0.49036395 -5.2595582e-19 0)
6.41            (0.48866275 -5.7273897e-19 0)
6.415           (0.486989 -6.3952312e-19 0)
6.42            (0.48534268 -7.2255302e-19 0)
6.425           (0.48372377 -8.6868929e-19 0)
6.43            (0.48213223 -8.5376908e-19 0)
6.435           (0.48056805 -8.935352e-19 0)
6.44            (0.47903125 -8.6497526e-19 0)
6.445           (0.47752178 -9.0143845e-19 0)
6.45            (0.47603947 -7.9826611e-19 0)
6.455           (0.47458426 -6.7077604e-19 0)
6.46            (0.47315617 -6.5360416e-19 0)
6.465           (0.47175519 -7.0437229e-19 0)
6.47            (0.47038129 -6.8656883e-19 0)
6.475           (0.46903434 -6.8555977e-19 0)
6.48            (0.46771434 -7.5622502e-19 0)
6.485           (0.46642121 -7.389089e-19 0)
6.49            (0.46515494 -8.3579476e-19 0)
6.495           (0.46391553 -8.9995417e-19 0)
6.5             (0.46270284 -9.9674219e-19 0)
6.505           (0.46151688 -9.7991548e-19 0)
6.51            (0.46035762 -9.285304e-19 0)
6.515           (0.45922497 -1.0177688e-18 0)
6.52            (0.45811887 -1.0175639e-18 0)
6.525           (0.45703928 -9.7774868e-19 0)
6.53            (0.4559862 -9.9048761e-19 0)
6.535           (0.45495957 -9.5575966e-19 0)
6.54            (0.45395932 -1.0978907e-18 0)
6.545           (0.4529854 -1.1582233e-18 0)
6.55            (0.45203777 -1.2661342e-18 0)
6.555           (0.45111637 -1.3481517e-18 0)
6.56            (0.45022118 -1.3984913e-18 0)
6.565           (0.44935214 -1.2993182e-18 0)
6.57            (0.44850921 -1.1485075e-18 0)
6.575           (0.44769236 -1.0069938e-18 0)
6.58            (0.44690154 -1.0685981e-18 0)
6.585           (0.4461367 -1.168302e-18 0)
6.59            (0.4453978 -1.2828457e-18 0)
6.595           (0.4446848 -1.2873475e-18 0)
6.6             (0.44399764 -1.341946e-18 0)
6.605           (0.44333629 -1.4389304e-18 0)
6.61            (0.44270068 -1.47562e-18 0)
6.615           (0.44209078 -1.3648139e-18 0)
6.62            (0.44150654 -1.4376139e-18 0)
6.625           (0.44094791 -1.571983e-18 0)
6.63            (0.44041484 -1.6680701e-18 0)
6.635           (0.43990729 -1.614859e-18 0)
6.64            (0.43942519 -1.5743929e-18 0)
6.645           (0.43896851 -1.529363e-18 0)
6.65            (0.4385372 -1.5024037e-18 0)
6.655           (0.4381312 -1.6556666e-18 0)
6.66            (0.43775047 -1.7224449e-18 0)
6.665           (0.43739495 -1.7606159e-18 0)
6.67            (0.43706459 -1.8432745e-18 0)
6.675           (0.43675935 -1.9066766e-18 0)
6.68            (0.43647917 -1.9143578e-18 0)
6.685           (0.43622401 -1.9651167e-18 0)
6.69            (0.4359938 -2.0132931e-18 0)
6.695           (0.4357885 -2.2672548e-18 0)
6.7             (0.43560806 -2.4502055e-18 0)
6.705           (0.43545242 -2.5164262e-18 0)
6.71            (0.43532153 -2.504354e-18 0)
6.715           (0.43521534 -2.4935433e-18 0)
6.72            (0.4351338 -2.2274533e-18 0)
6.725           (0.43507685 -2.0498326e-18 0)
6.73            (0.43504444 -2.0150056e-18 0)
6.735           (0.43503652 -1.9475073e-18 0)
6.74            (0.43505303 -1.8177283e-18 0)
6.745           (0.43509391 -1.7295487e-18 0)
6.75            (0.43515913 -1.8143232e-18 0)
6.755           (0.43524861 -1.7508675e-18 0)
6.76            (0.43536231 -1.6688265e-18 0)
6.765           (0.43550017 -1.7708418e-18 0)
6.77            (0.43566214 -1.8147254e-18 0)
6.775           (0.43584816 -1.8534111e-18 0)
6.78            (0.43605818 -1.8184818e-18 0)
6.785           (0.43629213 -1.6857188e-18 0)
6.79            (0.43654998 -1.6373286e-18 0)
6.795           (0.43683165 -1.5265266e-18 0)
6.8             (0.4371371 -1.3780934e-18 0)
6.805           (0.43746626 -1.2982027e-18 0)
6.81            (0.43781909 -1.1917785e-18 0)
6.815           (0.43819552 -1.0559167e-18 0)
6.82            (0.43859549 -8.9656315e-19 0)
6.825           (0.43901896 -7.0494576e-19 0)
6.83            (0.43946586 -5.5494361e-19 0)
6.835           (0.43993614 -3.1267496e-19 0)
6.84            (0.44042973 -9.0481023e-20 0)
6.845           (0.44094659 7.0103679e-20 0)
6.85            (0.44148664 -7.4742782e-20 0)
6.855           (0.44204985 -9.4251854e-20 0)
6.86            (0.44263613 -7.2144363e-20 0)
6.865           (0.44324545 -7.2142411e-20 0)
6.87            (0.44387773 5.0438374e-20 0)
6.875           (0.44453293 1.663535e-19 0)
6.88            (0.44521098 1.5747045e-19 0)
6.885           (0.44591182 3.0542198e-19 0)
6.89            (0.4466354 3.8745783e-19 0)
6.895           (0.44738165 5.8039456e-19 0)
6.9             (0.44815051 7.3084002e-19 0)
6.905           (0.44894193 7.2047279e-19 0)
6.91            (0.44975584 7.8979599e-19 0)
6.915           (0.45059219 8.4040874e-19 0)
6.92            (0.45145091 8.36052e-19 0)
6.925           (0.45233195 8.5703512e-19 0)
6.93            (0.45323524 9.0230383e-19 0)
6.935           (0.45416072 1.0054128e-18 0)
6.94            (0.45510833 1.0869353e-18 0)
6.945           (0.45607801 1.2034435e-18 0)
6.95            (0.4570697 1.2009813e-18 0)
6.955           (0.45808334 1.141032e-18 0)
6.96            (0.45911886 9.677221e-19 0)
6.965           (0.46017621 1.065793e-18 0)
6.97            (0.46125531 1.0798583e-18 0)
6.975           (0.46235612 1.2658069e-18 0)
6.98            (0.46347856 1.3688385e-18 0)
6.985           (0.46462258 1.4520629e-18 0)
6.99            (0.46578811 1.5971357e-18 0)
6.995           (0.46697509 1.8535994e-18 0)
7               (0.46818346 2.1249465e-18 0)
7.005           (0.46941315 2.2081308e-18 0)
7.01            (0.4706641 2.3992689e-18 0)
7.015           (0.47193625 2.513204e-18 0)
7.02            (0.47322953 2.6002846e-18 0)
7.025           (0.47454389 2.655879e-18 0)
7.03            (0.47587925 2.7362344e-18 0)
7.035           (0.47723555 2.6599155e-18 0)
7.04            (0.47861274 2.6875422e-18 0)
7.045           (0.48001074 2.7595152e-18 0)
7.05            (0.48142949 2.8628638e-18 0)
7.055           (0.48286892 2.8769068e-18 0)
7.06            (0.48432898 2.8462163e-18 0)
7.065           (0.4858096 2.8226422e-18 0)
7.07            (0.48731071 2.8025594e-18 0)
7.075           (0.48883225 2.7955538e-18 0)
7.08            (0.49037414 2.8091348e-18 0)
7.085           (0.49193634 2.8592863e-18 0)
7.09            (0.49351877 2.9574186e-18 0)
7.095           (0.49512136 3.0317674e-18 0)
7.1             (0.49674405 3.1068228e-18 0)
7.105           (0.49838678 3.2355426e-18 0)
7.11            (0.50004948 3.2816346e-18 0)
7.115           (0.50173208 3.2975304e-18 0)
7.12            (0.50343451 3.3878125e-18 0)
7.125           (0.50515672 3.4272822e-18 0)
7.13            (0.50689863 3.4548906e-18 0)
7.135           (0.50866018 3.2752671e-18 0)
7.14            (0.5104413 3.1168523e-18 0)
7.145           (0.51224192 2.9427964e-18 0)
7.15            (0.51406198 2.7542107e-18 0)
7.155           (0.51590142 2.6282996e-18 0)
7.16            (0.51776015 2.5190882e-18 0)
7.165           (0.51963813 2.4871267e-18 0)
7.17            (0.52153527 2.4302906e-18 0)
7.175           (0.52345151 2.3451648e-18 0)
7.18            (0.52538679 2.250801e-18 0)
7.185           (0.52734104 2.2212297e-18 0)
7.19            (0.52931419 2.1731325e-18 0)
7.195           (0.53130613 2.1295408e-18 0)
7.2             (0.53331681 2.1015875e-18 0)
7.205           (0.53534618 2.1383716e-18 0)
7.21            (0.53739418 2.1552922e-18 0)
7.215           (0.5394608 1.9528763e-18 0)
7.22            (0.54154596 1.741381e-18 0)
7.225           (0.54364957 1.5833463e-18 0)
7.23            (0.54577154 1.5728701e-18 0)
7.235           (0.54791181 1.4838882e-18 0)
7.24            (0.55007029 1.523802e-18 0)
7.245           (0.55224687 1.4897446e-18 0)
7.25            (0.55444154 1.5504264e-18 0)
7.255           (0.55665424 1.6000415e-18 0)
7.26            (0.55888475 1.6200748e-18 0)
7.265           (0.56113318 1.7058627e-18 0)
7.27            (0.56339946 1.5812423e-18 0)
7.275           (0.56568351 1.5833821e-18 0)
7.28            (0.56798526 1.6459794e-18 0)
7.285           (0.57030458 1.5925605e-18 0)
7.29            (0.57264144 1.6228205e-18 0)
7.295           (0.57499579 1.7186563e-18 0)
7.3             (0.57736756 1.7904249e-18 0)
7.305           (0.57975669 1.7238923e-18 0)
7.31            (0.58216315 1.69982e-18 0)
7.315           (0.58458686 1.7116565e-18 0)
7.32            (0.58702777 1.7228339e-18 0)
7.325           (0.58948559 1.6709673e-18 0)
7.33            (0.59196039 1.5737974e-18 0)
7.335           (0.59445213 1.5119192e-18 0)
7.34            (0.59696079 1.497114e-18 0)
7.345           (0.59948615 1.4027704e-18 0)
7.35            (0.60202817 1.3953163e-18 0)
7.355           (0.60458686 1.2891053e-18 0)
7.36            (0.60716224 1.2746106e-18 0)
7.365           (0.60975422 1.2007021e-18 0)
7.37            (0.61236279 1.1967221e-18 0)
7.375           (0.61498776 9.8423242e-19 0)
7.38            (0.61762898 8.7550472e-19 0)
7.385           (0.62028638 8.4913266e-19 0)
7.39            (0.62296002 9.9806893e-19 0)
7.395           (0.62564978 1.1679945e-18 0)
7.4             (0.62835553 1.2573942e-18 0)
7.405           (0.63107717 1.1866871e-18 0)
7.41            (0.63381467 1.2193201e-18 0)
7.415           (0.63656796 1.2093539e-18 0)
7.42            (0.63933697 1.1592871e-18 0)
7.425           (0.6421216 1.0707097e-18 0)
7.43            (0.64492194 1.0799081e-18 0)
7.435           (0.64773785 1.0710967e-18 0)
7.44            (0.65056934 9.7157056e-19 0)
7.445           (0.6534162 9.1305769e-19 0)
7.45            (0.65627828 8.2248584e-19 0)
7.455           (0.65915554 7.8815674e-19 0)
7.46            (0.66204795 8.3277721e-19 0)
7.465           (0.66495544 9.1519214e-19 0)
7.47            (0.66787793 8.3736458e-19 0)
7.475           (0.67081534 7.7132279e-19 0)
7.48            (0.67376764 8.7346727e-19 0)
7.485           (0.67673473 9.8186459e-19 0)
7.49            (0.67971667 1.1438065e-18 0)
7.495           (0.68271332 1.2252836e-18 0)
7.5             (0.68572467 1.2838984e-18 0)
7.505           (0.68875064 1.1586775e-18 0)
7.51            (0.69179114 1.150087e-18 0)
7.515           (0.69484599 1.1132797e-18 0)
7.52            (0.69791515 1.2005085e-18 0)
7.525           (0.70099858 1.2153206e-18 0)
7.53            (0.70409622 1.2886714e-18 0)
7.535           (0.70720787 1.4864517e-18 0)
7.54            (0.71033355 1.446668e-18 0)
7.545           (0.71347308 1.4046901e-18 0)
7.55            (0.71662647 1.3942313e-18 0)
7.555           (0.71979369 1.4344554e-18 0)
7.56            (0.7229747 1.4082739e-18 0)
7.565           (0.72616938 1.4884609e-18 0)
7.57            (0.72937766 1.6012459e-18 0)
7.575           (0.73259933 1.5741879e-18 0)
7.58            (0.73583427 1.4674365e-18 0)
7.585           (0.73908255 1.3318347e-18 0)
7.59            (0.74234417 1.2958601e-18 0)
7.595           (0.74561893 1.2585081e-18 0)
7.6             (0.74890683 1.1977138e-18 0)
7.605           (0.75220785 1.2804934e-18 0)
7.61            (0.75552179 1.3982105e-18 0)
7.615           (0.75884856 1.446145e-18 0)
7.62            (0.7621882 1.4778499e-18 0)
7.625           (0.76554056 1.6037508e-18 0)
7.63            (0.76890553 1.6263705e-18 0)
7.635           (0.77228317 1.7355041e-18 0)
7.64            (0.77567344 1.8828816e-18 0)
7.645           (0.77907614 1.9829836e-18 0)
7.65            (0.78249127 1.9610609e-18 0)
7.655           (0.78591865 1.8380235e-18 0)
7.66            (0.78935833 1.9328437e-18 0)
7.665           (0.79281024 2.1145454e-18 0)
7.67            (0.79627431 2.3096189e-18 0)
7.675           (0.79975046 2.3429929e-18 0)
7.68            (0.80323858 2.2336867e-18 0)
7.685           (0.80673853 2.2568172e-18 0)
7.69            (0.81025028 2.2897102e-18 0)
7.695           (0.8137738 2.3034533e-18 0)
7.7             (0.81730893 2.3212811e-18 0)
7.705           (0.82085565 2.4089957e-18 0)
7.71            (0.82441393 2.4905144e-18 0)
7.715           (0.82798359 2.5210766e-18 0)
7.72            (0.83156463 2.4569305e-18 0)
7.725           (0.83515699 2.5681755e-18 0)
7.73            (0.83876055 2.5755567e-18 0)
7.735           (0.8423753 2.7066423e-18 0)
7.74            (0.8460011 2.9907786e-18 0)
7.745           (0.84963792 2.9864496e-18 0)
7.75            (0.85328571 2.9312771e-18 0)
7.755           (0.85694436 2.9662019e-18 0)
7.76            (0.86061382 2.9136183e-18 0)
7.765           (0.86429399 2.8699182e-18 0)
7.77            (0.86798482 2.8830819e-18 0)
7.775           (0.8716862 2.8798778e-18 0)
7.78            (0.87539808 2.7816286e-18 0)
7.785           (0.87912037 2.7198043e-18 0)
7.79            (0.882853 2.6591694e-18 0)
7.795           (0.88659589 2.5467958e-18 0)
7.8             (0.890349 2.310636e-18 0)
7.805           (0.89411224 2.2058793e-18 0)
7.81            (0.89788555 2.1337827e-18 0)
7.815           (0.90166883 2.0823043e-18 0)
7.82            (0.90546203 2.0143292e-18 0)
7.825           (0.90926506 2.1061339e-18 0)
7.83            (0.91307785 2.4037789e-18 0)
7.835           (0.91690033 2.5548471e-18 0)
7.84            (0.92073242 2.7041427e-18 0)
7.845           (0.92457406 2.8302365e-18 0)
7.85            (0.92842517 2.7516209e-18 0)
7.855           (0.93228568 2.8385429e-18 0)
7.86            (0.93615552 2.8471966e-18 0)
7.865           (0.9400346 2.9292338e-18 0)
7.87            (0.94392287 2.8915469e-18 0)
7.875           (0.94782025 2.7422544e-18 0)
7.88            (0.95172667 2.6014722e-18 0)
7.885           (0.95564205 2.6368311e-18 0)
7.89            (0.95956633 2.7812575e-18 0)
7.895           (0.96349942 2.6737486e-18 0)
7.9             (0.96744126 2.5402989e-18 0)
7.905           (0.97139175 2.514967e-18 0)
7.91            (0.97535086 2.5271784e-18 0)
7.915           (0.97931851 2.5447372e-18 0)
7.92            (0.98329462 2.5888317e-18 0)
7.925           (0.98727912 2.6837226e-18 0)
7.93            (0.99127193 2.8276229e-18 0)
7.935           (0.99527299 3.0047477e-18 0)
7.94            (0.99928222 2.9934781e-18 0)
7.945           (1.0032996 2.8415148e-18 0)
7.95            (1.0073249 2.8559758e-18 0)
7.955           (1.0113583 2.742774e-18 0)
7.96            (1.0153995 2.700294e-18 0)
7.965           (1.0194486 2.6131999e-18 0)
7.97            (1.0235054 2.634316e-18 0)
7.975           (1.0275698 2.7157707e-18 0)
7.98            (1.0316419 2.709134e-18 0)
7.985           (1.0357215 2.5820673e-18 0)
7.99            (1.0398086 2.3741988e-18 0)
7.995           (1.043903 2.2455056e-18 0)
8               (1.0480048 2.2411679e-18 0)
8.005           (1.0521138 2.1845895e-18 0)
8.01            (1.05623 1.9325219e-18 0)
8.015           (1.0603532 1.9386154e-18 0)
8.02            (1.0644836 1.8920843e-18 0)
8.025           (1.0686209 2.0194939e-18 0)
8.03            (1.0727651 1.8868978e-18 0)
8.035           (1.0769161 1.8377694e-18 0)
8.04            (1.0810738 1.6884177e-18 0)
8.045           (1.0852383 1.7057922e-18 0)
8.05            (1.0894094 1.7527682e-18 0)
8.055           (1.093587 1.8393093e-18 0)
8.06            (1.097771 1.8945572e-18 0)
8.065           (1.1019615 2.1080992e-18 0)
8.07            (1.1061583 2.156145e-18 0)
8.075           (1.1103614 2.2389991e-18 0)
8.08            (1.1145706 2.3489152e-18 0)
8.085           (1.118786 2.3424812e-18 0)
8.09            (1.1230073 2.3822739e-18 0)
8.095           (1.1272346 2.3219962e-18 0)
8.1             (1.1314679 2.430013e-18 0)
8.105           (1.135707 2.7285463e-18 0)
8.11            (1.1399519 2.8039043e-18 0)
8.115           (1.1442026 3.0087336e-18 0)
8.12            (1.1484588 3.2332267e-18 0)
8.125           (1.1527206 3.325215e-18 0)
8.13            (1.1569878 3.4135669e-18 0)
8.135           (1.1612605 3.7217172e-18 0)
8.14            (1.1655386 3.8060293e-18 0)
8.145           (1.1698219 3.9650226e-18 0)
8.15            (1.1741104 4.1181957e-18 0)
8.155           (1.1784041 4.2012506e-18 0)
8.16            (1.1827028 4.4150616e-18 0)
8.165           (1.1870065 4.3014919e-18 0)
8.17            (1.1913152 4.2019947e-18 0)
8.175           (1.1956288 3.9903595e-18 0)
8.18            (1.1999473 3.9085794e-18 0)
8.185           (1.2042704 3.7656542e-18 0)
8.19            (1.208598 3.6797778e-18 0)
8.195           (1.2129303 3.6680378e-18 0)
8.2             (1.2172671 3.7830066e-18 0)
8.205           (1.2216083 3.8813687e-18 0)
8.21            (1.2259538 4.0947922e-18 0)
8.215           (1.2303037 4.1075839e-18 0)
8.22            (1.234658 4.1836995e-18 0)
8.225           (1.2390165 4.4952452e-18 0)
8.23            (1.243379 4.5789486e-18 0)
8.235           (1.2477455 4.896602e-18 0)
8.24            (1.2521161 5.1575264e-18 0)
8.245           (1.2564905 5.2283631e-18 0)
8.25            (1.2608687 5.3515189e-18 0)
8.255           (1.2652506 5.5101625e-18 0)
8.26            (1.2696361 5.5134047e-18 0)
8.265           (1.2740255 5.8049205e-18 0)
8.27            (1.2784184 6.0628012e-18 0)
8.275           (1.2828147 5.9471129e-18 0)
8.28            (1.2872146 5.7795427e-18 0)
8.285           (1.2916178 5.433452e-18 0)
8.29            (1.2960243 5.1221705e-18 0)
8.295           (1.300434 4.9145204e-18 0)
8.3             (1.304847 4.8443624e-18 0)
8.305           (1.309263 4.8857934e-18 0)
8.31            (1.313682 4.9654721e-18 0)
8.315           (1.3181041 4.9250939e-18 0)
8.32            (1.322529 4.8302232e-18 0)
8.325           (1.3269568 4.6654947e-18 0)
8.33            (1.3313874 4.599851e-18 0)
8.335           (1.3358208 4.5194483e-18 0)
8.34            (1.3402568 4.4707559e-18 0)
8.345           (1.3446954 4.3763148e-18 0)
8.35            (1.3491365 4.3349041e-18 0)
8.355           (1.3535802 4.5579243e-18 0)
8.36            (1.3580262 4.8498413e-18 0)
8.365           (1.3624746 4.8768627e-18 0)
8.37            (1.3669252 4.7747317e-18 0)
8.375           (1.3713781 4.813807e-18 0)
8.38            (1.3758331 4.7197953e-18 0)
8.385           (1.3802903 4.7862704e-18 0)
8.39            (1.3847494 4.8552852e-18 0)
8.395           (1.3892105 4.9850529e-18 0)
8.4             (1.3936734 5.0007587e-18 0)
8.405           (1.3981381 4.8888332e-18 0)
8.41            (1.4026046 5.0136023e-18 0)
8.415           (1.4070727 4.8682908e-18 0)
8.42            (1.4115425 4.6992217e-18 0)
8.425           (1.4160138 4.7815108e-18 0)
8.43            (1.4204866 4.8450299e-18 0)
8.435           (1.4249609 4.8860063e-18 0)
8.44            (1.4294366 4.844497e-18 0)
8.445           (1.4339135 4.776103e-18 0)
8.45            (1.4383918 4.5031551e-18 0)
8.455           (1.4428712 4.2487496e-18 0)
8.46            (1.4473518 4.1240989e-18 0)
8.465           (1.4518335 4.2101097e-18 0)
8.47            (1.4563162 4.3192021e-18 0)
8.475           (1.4607998 4.3323783e-18 0)
8.48            (1.4652843 4.2665944e-18 0)
8.485           (1.4697696 4.1932216e-18 0)
8.49            (1.4742557 3.9174221e-18 0)
8.495           (1.4787425 3.8704758e-18 0)
8.5             (1.48323 3.5765237e-18 0)
8.505           (1.487718 3.3120876e-18 0)
8.51            (1.4922065 3.326589e-18 0)
8.515           (1.4966955 3.175836e-18 0)
8.52            (1.5011848 3.185149e-18 0)
8.525           (1.5056745 3.1870201e-18 0)
8.53            (1.5101644 3.4204738e-18 0)
8.535           (1.5146545 3.5462709e-18 0)
8.54            (1.5191448 3.7141434e-18 0)
8.545           (1.5236351 3.5287223e-18 0)
8.55            (1.5281255 3.5376717e-18 0)
8.555           (1.5326159 3.4394999e-18 0)
8.56            (1.5371062 3.6036798e-18 0)
8.565           (1.5415963 3.8477286e-18 0)
8.57            (1.5460863 4.0162071e-18 0)
8.575           (1.5505759 3.910376e-18 0)
8.58            (1.5550653 3.9335174e-18 0)
8.585           (1.5595542 4.0266777e-18 0)
8.59            (1.5640427 4.1626667e-18 0)
8.595           (1.5685307 4.226131e-18 0)
8.6             (1.5730182 4.2776912e-18 0)
8.605           (1.5775049 4.292777e-18 0)
8.61            (1.5819911 4.5592737e-18 0)
8.615           (1.5864764 4.5998736e-18 0)
8.62            (1.590961 4.7346133e-18 0)
8.625           (1.5954447 4.8526665e-18 0)
8.63            (1.5999275 5.1134807e-18 0)
8.635           (1.6044094 5.4074037e-18 0)
8.64            (1.6088902 5.4305383e-18 0)
8.645           (1.61337 5.4551496e-18 0)
8.65            (1.6178486 5.4306359e-18 0)
8.655           (1.622326 5.5869844e-18 0)
8.66            (1.6268021 5.7576601e-18 0)
8.665           (1.6312769 5.8809147e-18 0)
8.67            (1.6357504 6.3270978e-18 0)
8.675           (1.6402224 6.9677338e-18 0)
8.68            (1.644693 7.5597054e-18 0)
8.685           (1.649162 7.6710995e-18 0)
8.69            (1.6536294 7.8167362e-18 0)
8.695           (1.6580952 7.9476282e-18 0)
8.7             (1.6625593 8.1544919e-18 0)
8.705           (1.6670216 8.3088459e-18 0)
8.71            (1.6714821 8.6862802e-18 0)
8.715           (1.6759407 9.1793418e-18 0)
8.72            (1.6803974 9.6869448e-18 0)
8.725           (1.6848521 1.0100229e-17 0)
8.73            (1.6893047 1.1414532e-17 0)
8.735           (1.6937553 9.5428508e-18 0)
8.74            (1.6982038 9.591432e-18 0)
8.745           (1.70265 9.7932564e-18 0)
8.75            (1.707094 9.9548698e-18 0)
8.755           (1.7115357 1.0351363e-17 0)
8.76            (1.715975 8.0790902e-18 0)
8.765           (1.7204119 7.8541689e-18 0)
8.77            (1.7248463 8.3066458e-18 0)
8.775           (1.7292782 9.0864632e-18 0)
8.78            (1.7337075 9.860189e-18 0)
8.785           (1.7381342 1.0730828e-17 0)
8.79            (1.7425582 1.1397452e-17 0)
8.795           (1.7469794 9.7402949e-18 0)
8.8             (1.7513979 8.5351084e-18 0)
8.805           (1.7558135 8.2752217e-18 0)
8.81            (1.7602262 8.3786082e-18 0)
8.815           (1.7646361 8.6721169e-18 0)
8.82            (1.7690429 8.7481673e-18 0)
8.825           (1.7734468 8.66435e-18 0)
8.83            (1.7778475 8.7033019e-18 0)
8.835           (1.782245 8.8872528e-18 0)
8.84            (1.7866392 8.7885064e-18 0)
8.845           (1.7910303 8.5604244e-18 0)
8.85            (1.795418 8.7022843e-18 0)
8.855           (1.7998026 8.6009135e-18 0)
8.86            (1.8041835 8.6689821e-18 0)
8.865           (1.8085611 8.5948013e-18 0)
8.87            (1.8129351 8.6820512e-18 0)
8.875           (1.8173056 8.7262607e-18 0)
8.88            (1.8216724 8.6671126e-18 0)
8.885           (1.8260356 8.4386252e-18 0)
8.89            (1.8303951 8.405345e-18 0)
8.895           (1.8347509 8.4479325e-18 0)
8.9             (1.8391032 8.4439774e-18 0)
8.905           (1.8434518 8.425307e-18 0)
8.91            (1.8477964 8.6782909e-18 0)
8.915           (1.8521369 8.7616735e-18 0)
8.92            (1.8564733 8.3646874e-18 0)
8.925           (1.8608057 8.3573529e-18 0)
8.93            (1.8651339 8.8744145e-18 0)
8.935           (1.8694579 8.7243759e-18 0)
8.94            (1.8737777 8.5367785e-18 0)
8.945           (1.8780932 8.459538e-18 0)
8.95            (1.8824043 8.6504318e-18 0)
8.955           (1.8867111 8.6606838e-18 0)
8.96            (1.8910136 8.3622251e-18 0)
8.965           (1.8953117 8.0118483e-18 0)
8.97            (1.8996053 7.7962713e-18 0)
8.975           (1.9038942 7.5546881e-18 0)
8.98            (1.9081787 7.7526414e-18 0)
8.985           (1.9124585 7.6024559e-18 0)
8.99            (1.9167336 7.479461e-18 0)
8.995           (1.9210041 7.2373342e-18 0)
9               (1.9252698 7.6001995e-18 0)
9.005           (1.9295307 8.1765323e-18 0)
9.01            (1.9337867 8.5961346e-18 0)
9.015           (1.9380379 8.6822328e-18 0)
9.02            (1.9422841 8.8022937e-18 0)
9.025           (1.9465253 8.9895574e-18 0)
9.03            (1.9507615 8.7629877e-18 0)
9.035           (1.9549927 8.5262496e-18 0)
9.04            (1.9592186 8.1087922e-18 0)
9.045           (1.9634395 8.3176693e-18 0)
9.05            (1.9676551 7.9123359e-18 0)
9.055           (1.9718656 7.4550152e-18 0)
9.06            (1.9760707 6.7484422e-18 0)
9.065           (1.9802705 6.4901906e-18 0)
9.07            (1.9844649 6.2132697e-18 0)
9.075           (1.9886539 6.2289933e-18 0)
9.08            (1.9928374 6.4971318e-18 0)
9.085           (1.9970154 6.5130329e-18 0)
9.09            (2.0011879 6.1772457e-18 0)
9.095           (2.0053547 6.2090817e-18 0)
9.1             (2.009516 5.8778216e-18 0)
9.105           (2.0136715 5.8819342e-18 0)
9.11            (2.0178213 6.1545054e-18 0)
9.115           (2.0219654 6.0980749e-18 0)
9.12            (2.0261037 6.1081745e-18 0)
9.125           (2.0302361 6.5292586e-18 0)
9.13            (2.0343626 7.0962735e-18 0)
9.135           (2.0384831 7.2787916e-18 0)
9.14            (2.0425977 7.2568899e-18 0)
9.145           (2.0467063 7.1957144e-18 0)
9.15            (2.0508088 7.2562311e-18 0)
9.155           (2.0549053 7.0098361e-18 0)
9.16            (2.0589956 7.129414e-18 0)
9.165           (2.0630797 7.099519e-18 0)
9.17            (2.0671576 7.4519903e-18 0)
9.175           (2.0712292 7.6435748e-18 0)
9.18            (2.0752946 7.807471e-18 0)
9.185           (2.0793537 8.0444811e-18 0)
9.19            (2.0834063 8.7734654e-18 0)
9.195           (2.0874526 8.5858947e-18 0)
9.2             (2.0914925 8.7623408e-18 0)
9.205           (2.0955258 8.7207799e-18 0)
9.21            (2.0995526 8.5844028e-18 0)
9.215           (2.1035729 8.4021833e-18 0)
9.22            (2.1075865 8.3341334e-18 0)
9.225           (2.1115935 8.5409953e-18 0)
9.23            (2.1155938 8.5740866e-18 0)
9.235           (2.1195874 8.6328499e-18 0)
9.24            (2.1235743 9.0531042e-18 0)
9.245           (2.1275543 9.224835e-18 0)
9.25            (2.1315276 9.2450221e-18 0)
9.255           (2.1354939 9.2772016e-18 0)
9.26            (2.1394533 9.3670499e-18 0)
9.265           (2.1434058 9.3773651e-18 0)
9.27            (2.1473512 9.6362746e-18 0)
9.275           (2.1512896 1.0241904e-17 0)
9.28            (2.1552209 1.0002114e-17 0)
9.285           (2.1591451 9.943426e-18 0)
9.29            (2.1630621 1.0157171e-17 0)
9.295           (2.1669719 9.9929756e-18 0)
9.3             (2.1708745 9.866248e-18 0)
9.305           (2.1747699 9.9486855e-18 0)
9.31            (2.1786579 9.7301246e-18 0)
9.315           (2.1825387 9.9427485e-18 0)
9.32            (2.1864121 1.0141444e-17 0)
9.325           (2.1902781 1.0462008e-17 0)
9.33            (2.1941366 1.0777759e-17 0)
9.335           (2.1979877 1.1374327e-17 0)
9.34            (2.2018313 1.163345e-17 0)
9.345           (2.2056673 1.1516664e-17 0)
9.35            (2.2094958 1.1374039e-17 0)
9.355           (2.2133166 1.1474821e-17 0)
9.36            (2.2171298 1.1445357e-17 0)
9.365           (2.2209353 1.1764484e-17 0)
9.37            (2.2247331 1.1577393e-17 0)
9.375           (2.2285232 1.2047276e-17 0)
9.38            (2.2323054 1.2786583e-17 0)
9.385           (2.2360798 1.2783952e-17 0)
9.39            (2.2398464 1.3033333e-17 0)
9.395           (2.243605 1.2641106e-17 0)
9.4             (2.2473558 1.2451934e-17 0)
9.405           (2.2510986 1.2876236e-17 0)
9.41            (2.2548334 1.3311098e-17 0)
9.415           (2.2585603 1.3704685e-17 0)
9.42            (2.2622791 1.4121988e-17 0)
9.425           (2.2659898 1.4761148e-17 0)
9.43            (2.2696923 1.4928437e-17 0)
9.435           (2.2733868 1.5050374e-17 0)
9.44            (2.2770731 1.5058908e-17 0)
9.445           (2.2807511 1.5124903e-17 0)
9.45            (2.2844209 1.4985997e-17 0)
9.455           (2.2880824 1.486333e-17 0)
9.46            (2.2917357 1.4674949e-17 0)
9.465           (2.2953806 1.4224267e-17 0)
9.47            (2.2990171 1.3793565e-17 0)
9.475           (2.3026453 1.3346898e-17 0)
9.48            (2.306265 1.2851274e-17 0)
9.485           (2.3098762 1.2646024e-17 0)
9.49            (2.3134789 1.240384e-17 0)
9.495           (2.3170731 1.2141117e-17 0)
9.5             (2.3206588 1.1445711e-17 0)
9.505           (2.3242359 1.0959881e-17 0)
9.51            (2.3278044 1.0712655e-17 0)
9.515           (2.3313643 1.0477882e-17 0)
9.52            (2.3349155 1.0430291e-17 0)
9.525           (2.3384581 1.0322153e-17 0)
9.53            (2.3419919 1.0334717e-17 0)
9.535           (2.3455169 1.0115322e-17 0)
9.54            (2.3490332 9.6828825e-18 0)
9.545           (2.3525407 9.0962467e-18 0)
9.55            (2.3560394 8.4669092e-18 0)
9.555           (2.3595292 7.8316868e-18 0)
9.56            (2.3630101 7.5664243e-18 0)
9.565           (2.3664821 7.7813475e-18 0)
9.57            (2.3699452 7.8512599e-18 0)
9.575           (2.3733993 7.9133733e-18 0)
9.58            (2.3768444 7.8532788e-18 0)
9.585           (2.3802805 7.4633977e-18 0)
9.59            (2.3837076 7.4051686e-18 0)
9.595           (2.3871256 7.1597729e-18 0)
9.6             (2.3905345 7.0092598e-18 0)
9.605           (2.3939343 7.2660298e-18 0)
9.61            (2.397325 7.5564179e-18 0)
9.615           (2.4007065 7.4804656e-18 0)
9.62            (2.4040788 7.1706678e-18 0)
9.625           (2.4074419 7.113709e-18 0)
9.63            (2.4107957 7.4057329e-18 0)
9.635           (2.4141403 7.2152527e-18 0)
9.64            (2.4174756 7.1287275e-18 0)
9.645           (2.4208016 7.1784905e-18 0)
9.65            (2.4241182 7.6909942e-18 0)
9.655           (2.4274255 8.1746828e-18 0)
9.66            (2.4307234 7.9260539e-18 0)
9.665           (2.434012 7.5211642e-18 0)
9.67            (2.437291 7.5295174e-18 0)
9.675           (2.4405607 7.5780527e-18 0)
9.68            (2.4438209 7.7909379e-18 0)
9.685           (2.4470716 8.2082294e-18 0)
9.69            (2.4503127 8.6272317e-18 0)
9.695           (2.4535444 8.5471881e-18 0)
9.7             (2.4567665 8.5263374e-18 0)
9.705           (2.459979 8.3751089e-18 0)
9.71            (2.4631819 7.7993448e-18 0)
9.715           (2.4663752 7.713488e-18 0)
9.72            (2.4695588 7.4789383e-18 0)
9.725           (2.4727328 7.1540114e-18 0)
9.73            (2.4758971 7.2138003e-18 0)
9.735           (2.4790517 7.0378985e-18 0)
9.74            (2.4821966 7.0067667e-18 0)
9.745           (2.4853317 7.0359305e-18 0)
9.75            (2.4884571 7.1838406e-18 0)
9.755           (2.4915727 7.7924702e-18 0)
9.76            (2.4946784 7.7659969e-18 0)
9.765           (2.4977744 8.0176975e-18 0)
9.77            (2.5008605 8.4002919e-18 0)
9.775           (2.5039368 8.7572774e-18 0)
9.78            (2.5070032 8.1620268e-18 0)
9.785           (2.5100597 7.6522749e-18 0)
9.79            (2.5131062 7.2191002e-18 0)
9.795           (2.5161429 6.9159925e-18 0)
9.8             (2.5191696 7.094768e-18 0)
9.805           (2.5221863 7.1038331e-18 0)
9.81            (2.525193 7.1642976e-18 0)
9.815           (2.5281897 7.5891439e-18 0)
9.82            (2.5311764 7.1596032e-18 0)
9.825           (2.5341531 6.9770833e-18 0)
9.83            (2.5371197 7.0618135e-18 0)
9.835           (2.5400762 6.6604802e-18 0)
9.84            (2.5430227 6.3868436e-18 0)
9.845           (2.545959 6.125486e-18 0)
9.85            (2.5488852 6.3640382e-18 0)
9.855           (2.5518013 6.375578e-18 0)
9.86            (2.5547072 6.0742955e-18 0)
9.865           (2.557603 5.8715261e-18 0)
9.87            (2.5604885 5.4912203e-18 0)
9.875           (2.5633639 5.2471698e-18 0)
9.88            (2.566229 5.0815099e-18 0)
9.885           (2.5690839 5.0827458e-18 0)
9.89            (2.5719286 5.2028975e-18 0)
9.895           (2.574763 4.7412405e-18 0)
9.9             (2.5775871 4.2750583e-18 0)
9.905           (2.5804009 4.0147606e-18 0)
9.91            (2.5832044 3.9594352e-18 0)
9.915           (2.5859976 3.7623661e-18 0)
9.92            (2.5887805 3.5616822e-18 0)
9.925           (2.591553 3.5410252e-18 0)
9.93            (2.5943151 3.2169827e-18 0)
9.935           (2.5970669 2.7432191e-18 0)
9.94            (2.5998082 2.5391642e-18 0)
9.945           (2.6025392 2.4593144e-18 0)
9.95            (2.6052597 2.8368636e-18 0)
9.955           (2.6079699 3.3567847e-18 0)
9.96            (2.6106695 3.8097091e-18 0)
9.965           (2.6133588 3.9915025e-18 0)
9.97            (2.6160375 3.8982546e-18 0)
9.975           (2.6187058 4.0336708e-18 0)
9.98            (2.6213636 4.1335204e-18 0)
9.985           (2.6240108 4.6895376e-18 0)
9.99            (2.6266476 5.1889914e-18 0)
9.995           (2.6292738 5.1768548e-18 0)
10              (2.6318895 4.8431413e-18 0)
10.005          (2.6344946 4.4483033e-18 0)
10.01           (2.6370892 4.2606927e-18 0)
10.015          (2.6396732 4.1369799e-18 0)
10.02           (2.6422466 3.9693476e-18 0)
10.025          (2.6448095 3.5471208e-18 0)
10.03           (2.6473617 3.4336631e-18 0)
10.035          (2.6499033 3.7585069e-18 0)
10.04           (2.6524343 4.0055365e-18 0)
10.045          (2.6549546 3.6761183e-18 0)
10.05           (2.6574643 3.355524e-18 0)
10.055          (2.6599633 3.0615042e-18 0)
10.06           (2.6624517 3.3561694e-18 0)
10.065          (2.6649294 3.0519323e-18 0)
10.07           (2.6673964 2.8663553e-18 0)
10.075          (2.6698527 2.6335e-18 0)
10.08           (2.6722984 2.0073925e-18 0)
10.085          (2.6747333 1.3738021e-18 0)
10.09           (2.6771575 7.9807179e-19 0)
10.095          (2.6795709 4.6419026e-19 0)
10.1            (2.6819737 2.9613408e-19 0)
10.105          (2.6843657 3.7913369e-19 0)
10.11           (2.6867469 -2.6831498e-19 0)
10.115          (2.6891174 -6.1213509e-19 0)
10.12           (2.6914771 -1.1204422e-18 0)
10.125          (2.693826 -9.941121e-19 0)
10.13           (2.6961642 -9.2563761e-19 0)
10.135          (2.6984915 -1.1737601e-18 0)
10.14           (2.7008081 -1.632626e-18 0)
10.145          (2.7031139 -1.5453746e-18 0)
10.15           (2.7054088 -1.278723e-18 0)
10.155          (2.707693 -1.3960844e-18 0)
10.16           (2.7099663 -1.3448831e-18 0)
10.165          (2.7122288 -1.9172182e-18 0)
10.17           (2.7144804 -2.3053107e-18 0)
10.175          (2.7167212 -2.2201482e-18 0)
10.18           (2.7189512 -2.2035853e-18 0)
10.185          (2.7211703 -2.2285257e-18 0)
10.19           (2.7233785 -1.9690749e-18 0)
10.195          (2.7255759 -1.8831526e-18 0)
10.2            (2.7277625 -1.3765924e-18 0)
10.205          (2.7299381 -8.0737781e-19 0)
10.21           (2.7321029 -2.9235838e-19 0)
10.215          (2.7342568 -1.7124205e-20 0)
10.22           (2.7363998 -6.6069862e-20 0)
10.225          (2.7385319 -2.9347754e-19 0)
10.23           (2.7406531 -2.6890639e-19 0)
10.235          (2.7427634 1.0040275e-19 0)
10.24           (2.7448628 1.401117e-19 0)
10.245          (2.7469513 5.320032e-19 0)
10.25           (2.7490289 4.9418599e-19 0)
10.255          (2.7510956 4.8073558e-19 0)
10.26           (2.7531514 2.2863701e-19 0)
10.265          (2.7551962 4.9575496e-19 0)
10.27           (2.7572301 2.3344441e-19 0)
10.275          (2.7592531 4.5580178e-19 0)
10.28           (2.7612652 4.1514564e-19 0)
10.285          (2.7632663 7.1731815e-19 0)
10.29           (2.7652565 1.0410779e-18 0)
10.295          (2.7672357 1.0623889e-18 0)
10.3            (2.769204 1.476362e-18 0)
10.305          (2.7711614 1.8787668e-18 0)
10.31           (2.7731078 1.9476807e-18 0)
10.315          (2.7750433 1.6736283e-18 0)
10.32           (2.7769679 1.4009973e-18 0)
10.325          (2.7788815 1.5251524e-18 0)
10.33           (2.7807841 1.650566e-18 0)
10.335          (2.7826758 1.7152642e-18 0)
10.34           (2.7845565 1.9069411e-18 0)
10.345          (2.7864263 2.4288823e-18 0)
10.35           (2.7882852 2.6105382e-18 0)
10.355          (2.7901331 2.2867463e-18 0)
10.36           (2.79197 1.9345401e-18 0)
10.365          (2.793796 2.163302e-18 0)
10.37           (2.795611 1.9105411e-18 0)
10.375          (2.7974151 1.8739641e-18 0)
10.38           (2.7992082 2.2606449e-18 0)
10.385          (2.8009904 3.0225929e-18 0)
10.39           (2.8027616 3.3643995e-18 0)
10.395          (2.8045218 3.2429505e-18 0)
10.4            (2.8062712 3.5347058e-18 0)
10.405          (2.8080095 3.5198803e-18 0)
10.41           (2.8097369 3.5177681e-18 0)
10.415          (2.8114534 3.3955331e-18 0)
10.42           (2.8131589 3.1020996e-18 0)
10.425          (2.8148535 3.0782059e-18 0)
10.43           (2.8165371 3.3222252e-18 0)
10.435          (2.8182098 3.1916888e-18 0)
10.44           (2.8198716 2.7826158e-18 0)
10.445          (2.8215224 2.6381531e-18 0)
10.45           (2.8231623 2.2906972e-18 0)
10.455          (2.8247912 1.6954856e-18 0)
10.46           (2.8264092 1.2402945e-18 0)
10.465          (2.8280163 7.4210297e-19 0)
10.47           (2.8296125 1.3199931e-19 0)
10.475          (2.8311977 -3.1812781e-19 0)
10.48           (2.8327721 -3.0746701e-19 0)
10.485          (2.8343355 -2.7415772e-19 0)
10.49           (2.835888 -5.6589366e-19 0)
10.495          (2.8374296 -1.5824784e-18 0)
10.5            (2.8389602 -2.0915681e-18 0)
10.505          (2.84048 -2.2300209e-18 0)
10.51           (2.8419889 -2.0012498e-18 0)
10.515          (2.8434869 -1.5783275e-18 0)
10.52           (2.844974 -1.2550489e-18 0)
10.525          (2.8464502 -9.3928764e-19 0)
10.53           (2.8479156 -7.7847428e-19 0)
10.535          (2.84937 -6.6405468e-19 0)
10.54           (2.8508136 -3.7535371e-19 0)
10.545          (2.8522463 3.9667153e-20 0)
10.55           (2.8536682 4.3267527e-19 0)
10.555          (2.8550792 6.1851168e-19 0)
10.56           (2.8564793 3.7248538e-19 0)
10.565          (2.8578686 6.8940877e-19 0)
10.57           (2.8592471 8.4544296e-19 0)
10.575          (2.8606147 1.0951032e-18 0)
10.58           (2.8619715 1.2165566e-18 0)
10.585          (2.8633175 1.3406223e-18 0)
10.59           (2.8646527 1.3042929e-18 0)
10.595          (2.865977 1.6043573e-18 0)
10.6            (2.8672905 1.6410086e-18 0)
10.605          (2.8685933 1.702333e-18 0)
10.61           (2.8698852 1.553232e-18 0)
10.615          (2.8711664 1.672168e-18 0)
10.62           (2.8724368 1.3795904e-18 0)
10.625          (2.8736964 8.452377e-19 0)
10.63           (2.8749452 6.764019e-19 0)
10.635          (2.8761833 6.5800734e-19 0)
10.64           (2.8774107 5.341288e-19 0)
10.645          (2.8786273 6.2733832e-19 0)
10.65           (2.8798331 7.4509309e-19 0)
10.655          (2.8810282 1.1428563e-18 0)
10.66           (2.8822126 1.1393521e-18 0)
10.665          (2.8833863 9.7836183e-19 0)
10.67           (2.8845493 7.1667771e-19 0)
10.675          (2.8857016 1.0552298e-19 0)
10.68           (2.8868432 -6.0706868e-19 0)
10.685          (2.8879742 -1.3239768e-18 0)
10.69           (2.8890944 -1.3665709e-18 0)
10.695          (2.890204 -1.6800285e-18 0)
10.7            (2.891303 -1.6179376e-18 0)
10.705          (2.8923913 -1.6098158e-18 0)
10.71           (2.8934689 -1.3697659e-18 0)
10.715          (2.8945359 -1.4807128e-18 0)
10.72           (2.8955924 -1.213877e-18 0)
10.725          (2.8966382 -1.3864982e-18 0)
10.73           (2.8976734 -1.5176755e-18 0)
10.735          (2.898698 -1.5994638e-18 0)
10.74           (2.899712 -1.9452717e-18 0)
10.745          (2.9007155 -2.2507557e-18 0)
10.75           (2.9017084 -1.8707731e-18 0)
10.755          (2.9026908 -1.7656326e-18 0)
10.76           (2.9036626 -2.1246214e-18 0)
10.765          (2.9046239 -2.0666493e-18 0)
10.77           (2.9055747 -2.0360748e-18 0)
10.775          (2.9065149 -2.0067661e-18 0)
10.78           (2.9074447 -2.1322273e-18 0)
10.785          (2.908364 -2.1872585e-18 0)
10.79           (2.9092728 -1.5932296e-18 0)
10.795          (2.9101711 -1.4527747e-18 0)
10.8            (2.911059 -1.079858e-18 0)
10.805          (2.9119365 -3.9581331e-19 0)
10.81           (2.9128035 -8.7497423e-20 0)
10.815          (2.9136601 8.1833043e-20 0)
10.82           (2.9145063 -1.1817114e-19 0)
10.825          (2.915342 -4.9496855e-19 0)
10.83           (2.9161675 -5.6973762e-19 0)
10.835          (2.9169825 -5.3885107e-19 0)
10.84           (2.9177872 -2.1559367e-19 0)
10.845          (2.9185815 -9.80471e-20 0)
10.85           (2.9193655 1.2151487e-19 0)
10.855          (2.9201391 4.2436415e-19 0)
10.86           (2.9209025 6.5406269e-19 0)
10.865          (2.9216555 7.6465671e-19 0)
10.87           (2.9223983 6.5771084e-19 0)
10.875          (2.9231308 2.9370746e-19 0)
10.88           (2.923853 1.2479436e-19 0)
10.885          (2.924565 7.4482047e-19 0)
10.89           (2.9252668 1.1960949e-18 0)
10.895          (2.9259583 1.4282172e-18 0)
10.9            (2.9266396 1.5326633e-18 0)
10.905          (2.9273108 1.7845225e-18 0)
10.91           (2.9279717 2.1323107e-18 0)
10.915          (2.9286225 2.7218498e-18 0)
10.92           (2.9292631 3.3108935e-18 0)
10.925          (2.9298936 2.9137044e-18 0)
10.93           (2.930514 2.9808898e-18 0)
10.935          (2.9311242 2.9775905e-18 0)
10.94           (2.9317244 2.7853036e-18 0)
10.945          (2.9323144 2.8053295e-18 0)
10.95           (2.9328944 3.0405707e-18 0)
10.955          (2.9334644 2.8633286e-18 0)
10.96           (2.9340243 2.9203632e-18 0)
10.965          (2.9345742 3.654609e-18 0)
10.97           (2.9351141 3.297938e-18 0)
10.975          (2.9356439 3.0986741e-18 0)
10.98           (2.9361638 3.196341e-18 0)
10.985          (2.9366738 3.2092525e-18 0)
10.99           (2.9371737 3.2125678e-18 0)
10.995          (2.9376638 2.9539544e-18 0)
11              (2.9381439 2.3617036e-18 0)
11.005          (2.9386141 1.99773e-18 0)
11.01           (2.9390745 2.1400313e-18 0)
11.015          (2.9395249 2.3648882e-18 0)
11.02           (2.9399655 2.6150994e-18 0)
11.025          (2.9403963 2.5638654e-18 0)
11.03           (2.9408172 2.7693213e-18 0)
11.035          (2.9412284 2.4344308e-18 0)
11.04           (2.9416297 2.135455e-18 0)
11.045          (2.9420213 1.7018061e-18 0)
11.05           (2.9424031 1.4518519e-18 0)
11.055          (2.9427751 1.4846509e-18 0)
11.06           (2.9431374 1.0392354e-18 0)
11.065          (2.9434901 6.4005304e-19 0)
11.07           (2.943833 7.0929754e-19 0)
11.075          (2.9441662 9.3577966e-19 0)
11.08           (2.9444898 8.0017151e-19 0)
11.085          (2.9448038 6.423878e-19 0)
11.09           (2.9451081 6.5207369e-19 0)
11.095          (2.9454028 3.7382382e-19 0)
11.1            (2.9456879 -1.1818235e-19 0)
11.105          (2.9459634 -4.0255776e-19 0)
11.11           (2.9462294 -1.0546329e-18 0)
11.115          (2.9464858 -1.7893729e-18 0)
11.12           (2.9467328 -2.10077e-18 0)
11.125          (2.9469702 -2.1862662e-18 0)
11.13           (2.9471981 -2.1344378e-18 0)
11.135          (2.9474166 -1.9934217e-18 0)
11.14           (2.9476256 -1.5884182e-18 0)
11.145          (2.9478251 -1.5292446e-18 0)
11.15           (2.9480153 -1.0843837e-18 0)
11.155          (2.9481961 -1.1638998e-18 0)
11.16           (2.9483674 -8.8568982e-19 0)
11.165          (2.9485295 -3.4426465e-19 0)
11.17           (2.9486822 3.962199e-19 0)
11.175          (2.9488255 5.4947477e-19 0)
11.18           (2.9489596 5.3084833e-19 0)
11.185          (2.9490843 5.9240625e-19 0)
11.19           (2.9491999 9.6886939e-19 0)
11.195          (2.9493061 1.3424651e-18 0)
11.2            (2.9494031 1.7376218e-18 0)
11.205          (2.949491 2.1279731e-18 0)
11.21           (2.9495696 2.6472771e-18 0)
11.215          (2.949639 3.2434453e-18 0)
11.22           (2.9496993 3.7017687e-18 0)
11.225          (2.9497505 3.7181008e-18 0)
11.23           (2.9497926 3.980677e-18 0)
11.235          (2.9498255 4.0847727e-18 0)
11.24           (2.9498494 4.5289579e-18 0)
11.245          (2.9498643 4.6341042e-18 0)
11.25           (2.9498701 4.4550072e-18 0)
11.255          (2.9498668 4.7503635e-18 0)
11.26           (2.9498546 5.2176597e-18 0)
11.265          (2.9498334 5.6948017e-18 0)
11.27           (2.9498033 6.1991578e-18 0)
11.275          (2.9497642 6.8134211e-18 0)
11.28           (2.9497162 7.3120782e-18 0)
11.285          (2.9496593 7.6222817e-18 0)
11.29           (2.9495936 8.0578933e-18 0)
11.295          (2.949519 8.4101631e-18 0)
11.3            (2.9494355 8.8757024e-18 0)
11.305          (2.9493433 9.0249332e-18 0)
11.31           (2.9492422 9.3021177e-18 0)
11.315          (2.9491324 9.6201005e-18 0)
11.32           (2.9490138 9.5959492e-18 0)
11.325          (2.9488865 9.2538219e-18 0)
11.33           (2.9487505 8.9768195e-18 0)
11.335          (2.9486058 8.7501848e-18 0)
11.34           (2.9484524 8.3353023e-18 0)
11.345          (2.9482904 8.1513045e-18 0)
11.35           (2.9481198 8.1610889e-18 0)
11.355          (2.9479405 7.6048264e-18 0)
11.36           (2.9477527 6.9975351e-18 0)
11.365          (2.9475563 6.5947212e-18 0)
11.37           (2.9473514 6.4097792e-18 0)
11.375          (2.947138 6.1223043e-18 0)
11.38           (2.946916 5.9465771e-18 0)
11.385          (2.9466856 5.4849559e-18 0)
11.39           (2.9464468 5.4444353e-18 0)
11.395          (2.9461995 5.0384059e-18 0)
11.4            (2.9459438 4.954653e-18 0)
11.405          (2.9456797 4.9409172e-18 0)
11.41           (2.9454072 4.6796951e-18 0)
11.415          (2.9451265 4.5857555e-18 0)
11.42           (2.9448373 4.2405386e-18 0)
11.425          (2.9445399 3.7764487e-18 0)
11.43           (2.9442342 3.1317132e-18 0)
11.435          (2.9439203 2.7548395e-18 0)
11.44           (2.9435981 2.4820082e-18 0)
11.445          (2.9432677 1.8098079e-18 0)
11.45           (2.9429292 1.5385266e-18 0)
11.455          (2.9425824 1.2474919e-18 0)
11.46           (2.9422275 9.8388011e-19 0)
11.465          (2.9418645 5.6322507e-19 0)
11.47           (2.9414934 -2.8364013e-19 0)
11.475          (2.9411143 -2.7474275e-19 0)
11.48           (2.9407271 1.7837438e-19 0)
11.485          (2.9403318 2.9723246e-19 0)
11.49           (2.9399286 5.881546e-19 0)
11.495          (2.9395173 6.9303783e-19 0)
11.5            (2.9390981 1.0135448e-18 0)
11.505          (2.938671 1.133796e-18 0)
11.51           (2.938236 1.2106644e-18 0)
11.515          (2.9377931 1.1917981e-18 0)
11.52           (2.9373423 1.044273e-18 0)
11.525          (2.9368836 9.1029047e-19 0)
11.53           (2.9364172 5.2001449e-19 0)
11.535          (2.9359429 4.0128953e-19 0)
11.54           (2.9354609 -6.0130436e-20 0)
11.545          (2.9349711 -4.7041425e-19 0)
11.55           (2.9344736 -3.0521316e-19 0)
11.555          (2.9339684 -6.5867522e-19 0)
11.56           (2.9334555 -8.7089659e-19 0)
11.565          (2.932935 -1.208666e-18 0)
11.57           (2.9324068 -1.3975192e-18 0)
11.575          (2.9318711 -1.6247805e-18 0)
11.58           (2.9313277 -1.5906353e-18 0)
11.585          (2.9307768 -1.5327405e-18 0)
11.59           (2.9302184 -1.7189229e-18 0)
11.595          (2.9296524 -2.0793242e-18 0)
11.6            (2.929079 -2.6432492e-18 0)
11.605          (2.9284981 -2.5918013e-18 0)
11.61           (2.9279097 -2.5306644e-18 0)
11.615          (2.927314 -2.3263389e-18 0)
11.62           (2.9267108 -2.3377733e-18 0)
11.625          (2.9261003 -3.1148885e-18 0)
11.63           (2.9254825 -3.5871198e-18 0)
11.635          (2.9248573 -4.1854643e-18 0)
11.64           (2.9242248 -4.13595e-18 0)
11.645          (2.9235851 -3.9669523e-18 0)
11.65           (2.9229381 -3.8791081e-18 0)
11.655          (2.9222839 -4.3363015e-18 0)
11.66           (2.9216225 -4.5164209e-18 0)
11.665          (2.920954 -4.6033805e-18 0)
11.67           (2.9202783 -4.1694622e-18 0)
11.675          (2.9195955 -3.6633707e-18 0)
11.68           (2.9189055 -3.3193384e-18 0)
11.685          (2.9182086 -3.0704488e-18 0)
11.69           (2.9175045 -3.0084113e-18 0)
11.695          (2.9167935 -3.0799587e-18 0)
11.7            (2.9160754 -2.560702e-18 0)
11.705          (2.9153504 -1.984418e-18 0)
11.71           (2.9146184 -2.2855357e-18 0)
11.715          (2.9138796 -3.0292259e-18 0)
11.72           (2.9131338 -3.5043017e-18 0)
11.725          (2.9123811 -3.3695936e-18 0)
11.73           (2.9116216 -3.3252489e-18 0)
11.735          (2.9108553 -2.955121e-18 0)
11.74           (2.9100822 -3.0184148e-18 0)
11.745          (2.9093023 -3.2212631e-18 0)
11.75           (2.9085157 -3.3691138e-18 0)
11.755          (2.9077223 -3.1854129e-18 0)
11.76           (2.9069223 -2.8434024e-18 0)
11.765          (2.9061156 -2.4933156e-18 0)
11.77           (2.9053022 -2.785489e-18 0)
11.775          (2.9044822 -2.7693293e-18 0)
11.78           (2.9036557 -2.318627e-18 0)
11.785          (2.9028226 -1.8106292e-18 0)
11.79           (2.9019829 -1.2128664e-18 0)
11.795          (2.9011367 -9.238834e-19 0)
11.8            (2.900284 -8.5059875e-19 0)
11.805          (2.8994249 -2.5890738e-20 0)
11.81           (2.8985593 4.8196732e-19 0)
11.815          (2.8976873 1.1802481e-18 0)
11.82           (2.8968089 1.9338252e-18 0)
11.825          (2.8959242 2.2320488e-18 0)
11.83           (2.8950331 2.495168e-18 0)
11.835          (2.8941357 2.8892915e-18 0)
11.84           (2.8932321 3.2122736e-18 0)
11.845          (2.8923222 3.3887417e-18 0)
11.85           (2.891406 3.2988279e-18 0)
11.855          (2.8904836 3.7182795e-18 0)
11.86           (2.8895551 4.3634548e-18 0)
11.865          (2.8886204 4.2373391e-18 0)
11.87           (2.8876796 4.1231754e-18 0)
11.875          (2.8867326 4.3242035e-18 0)
11.88           (2.8857796 4.9355224e-18 0)
11.885          (2.8848206 5.398194e-18 0)
11.89           (2.8838555 6.0350123e-18 0)
11.895          (2.8828844 6.5043128e-18 0)
11.9            (2.8819074 6.5762931e-18 0)
11.905          (2.8809244 6.4310338e-18 0)
11.91           (2.8799355 6.127252e-18 0)
11.915          (2.8789407 5.7022903e-18 0)
11.92           (2.87794 5.2902204e-18 0)
11.925          (2.8769335 4.9764194e-18 0)
11.93           (2.8759212 4.8770102e-18 0)
11.935          (2.874903 4.7891361e-18 0)
11.94           (2.8738792 5.0479747e-18 0)
11.945          (2.8728496 4.6867471e-18 0)
11.95           (2.8718142 4.0645292e-18 0)
11.955          (2.8707732 3.7931947e-18 0)
11.96           (2.8697266 3.492423e-18 0)
11.965          (2.8686743 3.7840844e-18 0)
11.97           (2.8676164 4.0126768e-18 0)
11.975          (2.8665529 4.3592433e-18 0)
11.98           (2.8654839 4.289956e-18 0)
11.985          (2.8644093 4.4282753e-18 0)
11.99           (2.8633293 4.0163312e-18 0)
11.995          (2.8622438 3.7498471e-18 0)
12              (2.8611528 3.7454915e-18 0)
12.005          (2.8600565 3.8205851e-18 0)
12.01           (2.8589547 4.2134153e-18 0)
12.015          (2.8578476 4.4975458e-18 0)
12.02           (2.8567351 4.776465e-18 0)
12.025          (2.8556173 5.2197407e-18 0)
12.03           (2.8544942 5.8950473e-18 0)
12.035          (2.8533659 6.6593528e-18 0)
12.04           (2.8522323 7.1428147e-18 0)
12.045          (2.8510936 6.8881143e-18 0)
12.05           (2.8499496 7.0005104e-18 0)
12.055          (2.8488005 7.3483149e-18 0)
12.06           (2.8476463 7.6977239e-18 0)
12.065          (2.846487 8.2285488e-18 0)
12.07           (2.8453226 8.236238e-18 0)
12.075          (2.8441531 8.0977211e-18 0)
12.08           (2.8429787 7.9624069e-18 0)
12.085          (2.8417992 7.9536875e-18 0)
12.09           (2.8406148 7.9152355e-18 0)
12.095          (2.8394255 7.8005507e-18 0)
12.1            (2.8382312 7.7335701e-18 0)
12.105          (2.837032 7.5572761e-18 0)
12.11           (2.835828 7.1898656e-18 0)
12.115          (2.8346192 7.2531113e-18 0)
12.12           (2.8334056 7.1235013e-18 0)
12.125          (2.8321874 7.1746798e-18 0)
12.13           (2.8309646 7.3959739e-18 0)
12.135          (2.8297372 7.0678966e-18 0)
12.14           (2.8285052 6.6828064e-18 0)
12.145          (2.8272685 6.4815944e-18 0)
12.15           (2.8260271 6.7211988e-18 0)
12.155          (2.8247812 6.6968358e-18 0)
12.16           (2.8235306 6.3155399e-18 0)
12.165          (2.8222755 6.4278788e-18 0)
12.17           (2.8210159 6.5132102e-18 0)
12.175          (2.8197517 6.5788217e-18 0)
12.18           (2.8184829 6.9510461e-18 0)
12.185          (2.8172097 6.9079921e-18 0)
12.19           (2.815932 6.8550681e-18 0)
12.195          (2.8146499 6.8764736e-18 0)
12.2            (2.8133634 7.0907158e-18 0)
12.205          (2.8120726 6.9965123e-18 0)
12.21           (2.8107774 6.846839e-18 0)
12.215          (2.8094781 6.7658377e-18 0)
12.22           (2.8081747 6.9279778e-18 0)
12.225          (2.8068671 6.7870078e-18 0)
12.23           (2.8055552 6.8337912e-18 0)
12.235          (2.8042392 6.6575151e-18 0)
12.24           (2.802919 6.3430747e-18 0)
12.245          (2.8015947 6.4951757e-18 0)
12.25           (2.8002663 6.7999395e-18 0)
12.255          (2.7989338 6.9768971e-18 0)
12.26           (2.7975974 7.2676756e-18 0)
12.265          (2.7962569 7.5447435e-18 0)
12.27           (2.7949125 6.8459138e-18 0)
12.275          (2.7935643 6.4159029e-18 0)
12.28           (2.7922122 6.03154e-18 0)
12.285          (2.7908563 5.9110558e-18 0)
12.29           (2.7894967 5.8992533e-18 0)
12.295          (2.7881332 5.707288e-18 0)
12.3            (2.7867659 5.2512468e-18 0)
12.305          (2.7853949 5.1762676e-18 0)
12.31           (2.7840201 5.1288114e-18 0)
12.315          (2.7826416 5.3853828e-18 0)
12.32           (2.7812595 5.6722498e-18 0)
12.325          (2.7798737 6.2282607e-18 0)
12.33           (2.7784843 6.9446049e-18 0)
12.335          (2.7770913 7.4169673e-18 0)
12.34           (2.7756947 7.6913548e-18 0)
12.345          (2.7742946 7.7457777e-18 0)
12.35           (2.7728909 7.6607226e-18 0)
12.355          (2.7714837 7.7467626e-18 0)
12.36           (2.7700731 8.3873376e-18 0)
12.365          (2.768659 8.6427214e-18 0)
12.37           (2.7672415 8.8293439e-18 0)
12.375          (2.7658206 9.1339638e-18 0)
12.38           (2.7643963 9.568769e-18 0)
12.385          (2.7629687 1.0024988e-17 0)
12.39           (2.7615378 1.0200316e-17 0)
12.395          (2.7601035 1.0049763e-17 0)
12.4            (2.758666 1.0068016e-17 0)
12.405          (2.7572252 9.936576e-18 0)
12.41           (2.7557813 9.5448801e-18 0)
12.415          (2.7543341 9.4656338e-18 0)
12.42           (2.7528837 9.3502052e-18 0)
12.425          (2.7514303 9.7664682e-18 0)
12.43           (2.7499737 1.0035446e-17 0)
12.435          (2.748514 1.0042424e-17 0)
12.44           (2.7470512 9.8524483e-18 0)
12.445          (2.7455854 9.4875509e-18 0)
12.45           (2.7441166 9.0750787e-18 0)
12.455          (2.7426449 8.4787876e-18 0)
12.46           (2.7411701 7.8898197e-18 0)
12.465          (2.7396924 6.7566058e-18 0)
12.47           (2.7382118 6.3492573e-18 0)
12.475          (2.7367283 6.5809235e-18 0)
12.48           (2.735242 6.5971206e-18 0)
12.485          (2.7337528 6.7515485e-18 0)
12.49           (2.7322609 7.0002749e-18 0)
12.495          (2.7307661 7.0472248e-18 0)
12.5            (2.7292686 7.2281494e-18 0)
12.505          (2.7277683 7.2397174e-18 0)
12.51           (2.7262654 7.3953972e-18 0)
12.515          (2.7247598 7.2322665e-18 0)
12.52           (2.7232515 6.7479635e-18 0)
12.525          (2.7217406 6.0111768e-18 0)
12.53           (2.7202271 6.2122029e-18 0)
12.535          (2.718711 6.1018278e-18 0)
12.54           (2.7171923 5.7936764e-18 0)
12.545          (2.7156712 5.5656251e-18 0)
12.55           (2.7141475 5.3334256e-18 0)
12.555          (2.7126214 5.4190782e-18 0)
12.56           (2.7110928 4.9552077e-18 0)
12.565          (2.7095618 4.7718063e-18 0)
12.57           (2.7080284 4.6462883e-18 0)
12.575          (2.7064926 4.4089874e-18 0)
12.58           (2.7049544 4.4249722e-18 0)
12.585          (2.703414 4.495064e-18 0)
12.59           (2.7018712 4.6035491e-18 0)
12.595          (2.7003262 4.5585205e-18 0)
12.6            (2.6987789 4.323705e-18 0)
12.605          (2.6972294 3.6595413e-18 0)
12.61           (2.6956777 3.0448744e-18 0)
12.615          (2.6941238 2.6867921e-18 0)
12.62           (2.6925678 2.1683199e-18 0)
12.625          (2.6910096 1.97589e-18 0)
12.63           (2.6894494 1.6397106e-18 0)
12.635          (2.6878871 1.404744e-18 0)
12.64           (2.6863227 1.3358857e-18 0)
12.645          (2.6847563 1.5194027e-18 0)
12.65           (2.6831879 1.5752609e-18 0)
12.655          (2.6816175 1.391924e-18 0)
12.66           (2.6800452 1.0476029e-18 0)
12.665          (2.6784709 1.0858817e-18 0)
12.67           (2.6768947 8.7497067e-19 0)
12.675          (2.6753167 6.0805393e-19 0)
12.68           (2.6737368 7.4092282e-19 0)
12.685          (2.6721551 1.254213e-18 0)
12.69           (2.6705716 1.4215945e-18 0)
12.695          (2.6689863 1.4934703e-18 0)
12.7            (2.6673993 1.4090441e-18 0)
12.705          (2.6658105 1.0719982e-18 0)
12.71           (2.66422 1.0816727e-18 0)
12.715          (2.6626278 1.0474707e-18 0)
12.72           (2.661034 1.5845847e-18 0)
12.725          (2.6594386 2.002536e-18 0)
12.73           (2.6578415 2.0287284e-18 0)
12.735          (2.6562429 2.2539222e-18 0)
12.74           (2.6546427 2.5565833e-18 0)
12.745          (2.6530409 3.0705242e-18 0)
12.75           (2.6514377 3.2410723e-18 0)
12.755          (2.649833 3.1453029e-18 0)
12.76           (2.6482268 2.8340828e-18 0)
12.765          (2.6466191 2.7029362e-18 0)
12.77           (2.6450101 2.3571077e-18 0)
12.775          (2.6433997 2.0910051e-18 0)
12.78           (2.6417879 2.3153521e-18 0)
12.785          (2.6401748 2.7148011e-18 0)
12.79           (2.6385603 3.1080558e-18 0)
12.795          (2.6369446 3.1431281e-18 0)
12.8            (2.6353275 3.1402433e-18 0)
12.805          (2.6337093 2.5895979e-18 0)
12.81           (2.6320898 2.2893466e-18 0)
12.815          (2.6304691 2.3587954e-18 0)
12.82           (2.6288473 2.6542977e-18 0)
12.825          (2.6272243 2.4723396e-18 0)
12.83           (2.6256002 2.5391152e-18 0)
12.835          (2.6239749 2.518339e-18 0)
12.84           (2.6223486 2.6222624e-18 0)
12.845          (2.6207213 2.6939139e-18 0)
12.85           (2.6190929 3.0195033e-18 0)
12.855          (2.6174635 3.3706237e-18 0)
12.86           (2.6158331 3.5885418e-18 0)
12.865          (2.6142018 3.4131197e-18 0)
12.87           (2.6125695 3.1919987e-18 0)
12.875          (2.6109363 2.7056875e-18 0)
12.88           (2.6093022 2.6273848e-18 0)
12.885          (2.6076673 2.3790676e-18 0)
12.89           (2.6060315 2.3996208e-18 0)
12.895          (2.6043949 2.1005182e-18 0)
12.9            (2.6027575 1.9944684e-18 0)
12.905          (2.6011193 1.5628058e-18 0)
12.91           (2.5994804 1.4197712e-18 0)
12.915          (2.5978407 1.1762064e-18 0)
12.92           (2.5962004 1.0439042e-18 0)
12.925          (2.5945593 1.1718614e-18 0)
12.93           (2.5929176 1.150358e-18 0)
12.935          (2.5912753 1.0457452e-18 0)
12.94           (2.5896323 1.0393658e-18 0)
12.945          (2.5879888 1.03596e-18 0)
12.95           (2.5863447 9.5465251e-19 0)
12.955          (2.5847001 1.3429136e-18 0)
12.96           (2.5830549 1.922571e-18 0)
12.965          (2.5814092 2.33449e-18 0)
12.97           (2.5797631 2.5549108e-18 0)
12.975          (2.5781165 2.6641065e-18 0)
12.98           (2.5764695 2.8335071e-18 0)
12.985          (2.574822 3.4633283e-18 0)
12.99           (2.5731742 4.0208566e-18 0)
12.995          (2.571526 4.0797814e-18 0)
13              (2.5698775 3.8459035e-18 0)
13.005          (2.5682287 3.8532773e-18 0)
13.01           (2.5665796 4.1448366e-18 0)
13.015          (2.5649302 4.3392199e-18 0)
13.02           (2.5632805 4.3232309e-18 0)
13.025          (2.5616306 4.173692e-18 0)
13.03           (2.5599805 4.3627831e-18 0)
13.035          (2.5583303 4.4817871e-18 0)
13.04           (2.5566798 4.465878e-18 0)
13.045          (2.5550293 4.6657545e-18 0)
13.05           (2.5533786 4.6556108e-18 0)
13.055          (2.5517278 4.86825e-18 0)
13.06           (2.5500769 4.7040542e-18 0)
13.065          (2.548426 4.4768111e-18 0)
13.07           (2.5467751 4.1891996e-18 0)
13.075          (2.5451241 4.1735361e-18 0)
13.08           (2.5434732 4.5262364e-18 0)
13.085          (2.5418223 4.5141971e-18 0)
13.09           (2.5401714 4.4661046e-18 0)
13.095          (2.5385207 4.502083e-18 0)
13.1            (2.53687 4.389401e-18 0)
13.105          (2.5352194 4.5176525e-18 0)
13.11           (2.533569 4.5994649e-18 0)
13.115          (2.5319188 4.4378761e-18 0)
13.12           (2.5302687 4.1656552e-18 0)
13.125          (2.5286189 4.2432853e-18 0)
13.13           (2.5269693 4.4098224e-18 0)
13.135          (2.5253199 4.3096401e-18 0)
13.14           (2.5236708 4.0822124e-18 0)
13.145          (2.522022 3.7139182e-18 0)
13.15           (2.5203735 3.6853666e-18 0)
13.155          (2.5187254 3.6997645e-18 0)
13.16           (2.5170776 3.7370412e-18 0)
13.165          (2.5154302 4.2358592e-18 0)
13.17           (2.5137831 4.8082467e-18 0)
13.175          (2.5121365 5.2239715e-18 0)
13.18           (2.5104904 5.6957655e-18 0)
13.185          (2.5088447 5.850338e-18 0)
13.19           (2.5071994 6.1350524e-18 0)
13.195          (2.5055547 6.7449206e-18 0)
13.2            (2.5039105 7.4243832e-18 0)
13.205          (2.5022668 8.0168994e-18 0)
13.21           (2.5006237 8.4143228e-18 0)
13.215          (2.4989812 9.1091206e-18 0)
13.22           (2.4973393 9.9704626e-18 0)
13.225          (2.495698 1.0323452e-17 0)
13.23           (2.4940574 1.0118705e-17 0)
13.235          (2.4924174 9.9379936e-18 0)
13.24           (2.4907781 1.0123367e-17 0)
13.245          (2.4891395 1.0251859e-17 0)
13.25           (2.4875016 1.046712e-17 0)
13.255          (2.4858645 1.0513443e-17 0)
13.26           (2.4842282 1.0669986e-17 0)
13.265          (2.4825926 1.0641182e-17 0)
13.27           (2.4809578 1.0615171e-17 0)
13.275          (2.4793239 1.0839203e-17 0)
13.28           (2.4776908 1.1045009e-17 0)
13.285          (2.4760585 1.0833619e-17 0)
13.29           (2.4744272 1.0584335e-17 0)
13.295          (2.4727967 1.0095243e-17 0)
13.3            (2.4711672 9.5518162e-18 0)
13.305          (2.4695386 9.1567736e-18 0)
13.31           (2.467911 8.7760408e-18 0)
13.315          (2.4662844 8.702851e-18 0)
13.32           (2.4646587 8.4600614e-18 0)
13.325          (2.4630341 7.9720182e-18 0)
13.33           (2.4614106 7.6720717e-18 0)
13.335          (2.459788 7.04261e-18 0)
13.34           (2.4581666 6.5021469e-18 0)
13.345          (2.4565463 6.455767e-18 0)
13.35           (2.454927 6.4756008e-18 0)
13.355          (2.4533089 5.7140903e-18 0)
13.36           (2.451692 4.9914021e-18 0)
13.365          (2.4500762 4.4974961e-18 0)
13.37           (2.4484617 3.9687218e-18 0)
13.375          (2.4468483 3.3289848e-18 0)
13.38           (2.4452362 2.7802705e-18 0)
13.385          (2.4436253 2.3022701e-18 0)
13.39           (2.4420157 2.3338805e-18 0)
13.395          (2.4404074 2.2557279e-18 0)
13.4            (2.4388003 2.226394e-18 0)
13.405          (2.4371946 1.9099779e-18 0)
13.41           (2.4355903 1.6907333e-18 0)
13.415          (2.4339872 1.6674208e-18 0)
13.42           (2.4323856 1.2238856e-18 0)
13.425          (2.4307854 9.6902432e-19 0)
13.43           (2.4291866 8.5806166e-19 0)
13.435          (2.4275892 8.6541911e-19 0)
13.44           (2.4259932 6.1631353e-19 0)
13.445          (2.4243988 4.5949814e-19 0)
13.45           (2.4228058 1.6300051e-19 0)
13.455          (2.4212143 -4.4648647e-19 0)
13.46           (2.4196244 -5.4960289e-19 0)
13.465          (2.4180359 -7.018982e-19 0)
13.47           (2.4164491 -1.1302512e-18 0)
13.475          (2.4148638 -1.4769853e-18 0)
13.48           (2.4132801 -1.8904161e-18 0)
13.485          (2.411698 -1.9295642e-18 0)
13.49           (2.4101175 -1.912295e-18 0)
13.495          (2.4085387 -1.6120516e-18 0)
13.5            (2.4069616 -1.4656463e-18 0)
13.505          (2.4053861 -8.6888365e-19 0)
13.51           (2.4038123 -4.8275461e-19 0)
13.515          (2.4022403 -2.5233962e-19 0)
13.52           (2.4006699 -9.3179592e-20 0)
13.525          (2.3991013 -1.5935976e-19 0)
13.53           (2.3975345 6.1979153e-20 0)
13.535          (2.3959695 2.7398143e-19 0)
13.54           (2.3944062 3.3929216e-19 0)
13.545          (2.3928448 4.4393496e-19 0)
13.55           (2.3912852 7.6068483e-19 0)
13.555          (2.3897276 1.2524345e-18 0)
13.56           (2.388172 1.928824e-18 0)
13.565          (2.3866183 2.3388326e-18 0)
13.57           (2.3850665 2.5453311e-18 0)
13.575          (2.3835166 3.2418457e-18 0)
13.58           (2.3819686 3.3306913e-18 0)
13.585          (2.3804225 3.3452592e-18 0)
13.59           (2.3788784 3.3316533e-18 0)
13.595          (2.3773362 3.221933e-18 0)
13.6            (2.375796 3.4855777e-18 0)
13.605          (2.3742578 3.6318433e-18 0)
13.61           (2.3727216 3.4378334e-18 0)
13.615          (2.3711874 3.2774524e-18 0)
13.62           (2.3696553 3.263111e-18 0)
13.625          (2.3681253 3.237978e-18 0)
13.63           (2.3665974 3.0630448e-18 0)
13.635          (2.3650715 2.6492593e-18 0)
13.64           (2.3635478 2.0673179e-18 0)
13.645          (2.3620262 1.7047078e-18 0)
13.65           (2.3605068 1.716466e-18 0)
13.655          (2.3589895 1.5554653e-18 0)
13.66           (2.3574745 1.4628756e-18 0)
13.665          (2.3559616 1.7627862e-18 0)
13.67           (2.3544509 2.2829299e-18 0)
13.675          (2.3529425 2.4802364e-18 0)
13.68           (2.3514363 2.6558198e-18 0)
13.685          (2.3499324 2.7087467e-18 0)
13.69           (2.3484307 2.6073613e-18 0)
13.695          (2.3469313 2.4604837e-18 0)
13.7            (2.3454343 2.5101931e-18 0)
13.705          (2.3439395 3.0083214e-18 0)
13.71           (2.3424471 3.0902346e-18 0)
13.715          (2.3409571 3.5053535e-18 0)
13.72           (2.3394694 3.880138e-18 0)
13.725          (2.3379841 4.5020371e-18 0)
13.73           (2.3365012 4.9622969e-18 0)
13.735          (2.3350206 5.1966758e-18 0)
13.74           (2.3335426 5.2771973e-18 0)
13.745          (2.3320669 5.007342e-18 0)
13.75           (2.3305937 5.0768541e-18 0)
13.755          (2.329123 5.1974085e-18 0)
13.76           (2.3276547 5.2344476e-18 0)
13.765          (2.326189 4.9879998e-18 0)
13.77           (2.3247257 4.8871335e-18 0)
13.775          (2.323265 5.0945877e-18 0)
13.78           (2.3218068 5.1161793e-18 0)
13.785          (2.3203511 4.9428248e-18 0)
13.79           (2.318898 4.7387872e-18 0)
13.795          (2.3174475 4.3908517e-18 0)
13.8            (2.3159996 4.1750205e-18 0)
13.805          (2.3145543 4.1633978e-18 0)
13.81           (2.3131116 4.4378338e-18 0)
13.815          (2.3116716 4.7806624e-18 0)
13.82           (2.3102341 4.854524e-18 0)
13.825          (2.3087994 5.2260361e-18 0)
13.83           (2.3073673 5.347171e-18 0)
13.835          (2.3059379 5.7168687e-18 0)
13.84           (2.3045112 6.0565753e-18 0)
13.845          (2.3030872 6.5152305e-18 0)
13.85           (2.3016659 6.7923466e-18 0)
13.855          (2.3002474 6.5558985e-18 0)
13.86           (2.2988316 6.862941e-18 0)
13.865          (2.2974186 6.8179559e-18 0)
13.87           (2.2960083 6.9049142e-18 0)
13.875          (2.2946008 6.7940637e-18 0)
13.88           (2.2931962 6.9461279e-18 0)
13.885          (2.2917943 7.037846e-18 0)
13.89           (2.2903953 6.872764e-18 0)
13.895          (2.2889991 6.8297932e-18 0)
13.9            (2.2876058 6.5805657e-18 0)
13.905          (2.2862153 6.4494723e-18 0)
13.91           (2.2848277 6.4997673e-18 0)
13.915          (2.283443 6.5462395e-18 0)
13.92           (2.2820612 6.7593505e-18 0)
13.925          (2.2806823 6.9566001e-18 0)
13.93           (2.2793063 7.200954e-18 0)
13.935          (2.2779333 7.4745856e-18 0)
13.94           (2.2765632 7.5570471e-18 0)
13.945          (2.275196 7.4824227e-18 0)
13.95           (2.2738319 6.9962624e-18 0)
13.955          (2.2724707 6.3263386e-18 0)
13.96           (2.2711125 5.6757836e-18 0)
13.965          (2.2697573 5.2370519e-18 0)
13.97           (2.2684051 4.7249408e-18 0)
13.975          (2.267056 4.3354436e-18 0)
13.98           (2.2657099 3.8576014e-18 0)
13.985          (2.2643668 3.4631574e-18 0)
13.99           (2.2630268 3.246035e-18 0)
13.995          (2.2616899 3.0680109e-18 0)
14              (2.2603561 2.998584e-18 0)
14.005          (2.2590253 2.706964e-18 0)
14.01           (2.2576977 2.4768304e-18 0)
14.015          (2.2563732 2.3008314e-18 0)
14.02           (2.2550518 2.6812229e-18 0)
14.025          (2.2537335 2.9975237e-18 0)
14.03           (2.2524184 3.7347044e-18 0)
14.035          (2.2511064 4.4211517e-18 0)
14.04           (2.2497977 4.5817393e-18 0)
14.045          (2.2484921 4.5528971e-18 0)
14.05           (2.2471897 4.7789958e-18 0)
14.055          (2.2458904 5.579632e-18 0)
14.06           (2.2445945 5.9510506e-18 0)
14.065          (2.2433017 6.1592231e-18 0)
14.07           (2.2420121 5.6611086e-18 0)
14.075          (2.2407258 5.1970182e-18 0)
14.08           (2.2394428 4.8124947e-18 0)
14.085          (2.238163 4.3787863e-18 0)
14.09           (2.2368865 4.2099816e-18 0)
14.095          (2.2356132 4.1590484e-18 0)
14.1            (2.2343433 4.1427488e-18 0)
14.105          (2.2330766 4.1159785e-18 0)
14.11           (2.2318133 4.1588684e-18 0)
14.115          (2.2305533 3.9426228e-18 0)
14.12           (2.2292966 4.0273339e-18 0)
14.125          (2.2280432 3.9434695e-18 0)
14.13           (2.2267932 4.0498831e-18 0)
14.135          (2.2255466 3.9174563e-18 0)
14.14           (2.2243033 4.4288525e-18 0)
14.145          (2.2230634 4.9619384e-18 0)
14.15           (2.2218269 5.2690889e-18 0)
14.155          (2.2205938 6.0076509e-18 0)
14.16           (2.2193641 6.1753948e-18 0)
14.165          (2.2181378 5.8086305e-18 0)
14.17           (2.2169149 5.8893566e-18 0)
14.175          (2.2156954 6.3650083e-18 0)
14.18           (2.2144794 7.1191114e-18 0)
14.185          (2.2132668 7.6783842e-18 0)
14.19           (2.2120577 7.8467757e-18 0)
14.195          (2.2108521 8.0950443e-18 0)
14.2            (2.2096499 8.0693259e-18 0)
14.205          (2.2084512 8.1004093e-18 0)
14.21           (2.207256 8.0524357e-18 0)
14.215          (2.2060642 8.18072e-18 0)
14.22           (2.204876 8.3761112e-18 0)
14.225          (2.2036913 8.4665835e-18 0)
14.23           (2.2025102 8.1802184e-18 0)
14.235          (2.2013325 7.9537886e-18 0)
14.24           (2.2001584 8.0565104e-18 0)
14.245          (2.1989878 7.9391496e-18 0)
14.25           (2.1978208 7.5978168e-18 0)
14.255          (2.1966574 7.3613366e-18 0)
14.26           (2.1954975 7.5005745e-18 0)
14.265          (2.1943412 7.5103502e-18 0)
14.27           (2.1931885 7.4184459e-18 0)
14.275          (2.1920393 7.6726273e-18 0)
14.28           (2.1908938 8.4564144e-18 0)
14.285          (2.1897519 8.7627772e-18 0)
14.29           (2.1886135 8.694548e-18 0)
14.295          (2.1874788 8.42542e-18 0)
14.3            (2.1863478 8.3477325e-18 0)
14.305          (2.1852203 8.0671779e-18 0)
14.31           (2.1840965 8.3856947e-18 0)
14.315          (2.1829764 8.0832948e-18 0)
14.32           (2.1818599 7.7748681e-18 0)
14.325          (2.1807471 7.6893954e-18 0)
14.33           (2.1796379 7.5913636e-18 0)
14.335          (2.1785324 6.9908695e-18 0)
14.34           (2.1774306 6.597061e-18 0)
14.345          (2.1763325 6.1321254e-18 0)
14.35           (2.1752381 5.859942e-18 0)
14.355          (2.1741474 5.557921e-18 0)
14.36           (2.1730604 5.5138071e-18 0)
14.365          (2.1719771 5.6577547e-18 0)
14.37           (2.1708975 6.1355478e-18 0)
14.375          (2.1698216 6.0427049e-18 0)
14.38           (2.1687495 5.9565695e-18 0)
14.385          (2.1676812 5.8753585e-18 0)
14.39           (2.1666165 6.1691209e-18 0)
14.395          (2.1655556 6.5974917e-18 0)
14.4            (2.1644985 6.6990657e-18 0)
14.405          (2.1634452 6.6939188e-18 0)
14.41           (2.1623956 6.4900506e-18 0)
14.415          (2.1613498 6.5593416e-18 0)
14.42           (2.1603077 6.6894032e-18 0)
14.425          (2.1592695 6.7467371e-18 0)
14.43           (2.158235 6.4023691e-18 0)
14.435          (2.1572043 6.2535902e-18 0)
14.44           (2.1561775 6.0042523e-18 0)
14.445          (2.1551544 5.5419322e-18 0)
14.45           (2.1541352 4.7960161e-18 0)
14.455          (2.1531197 4.3189465e-18 0)
14.46           (2.1521081 3.9723155e-18 0)
14.465          (2.1511004 3.6156089e-18 0)
14.47           (2.1500964 3.2267653e-18 0)
14.475          (2.1490963 2.732398e-18 0)
14.48           (2.1481 2.7137376e-18 0)
14.485          (2.1471076 2.0488877e-18 0)
14.49           (2.146119 1.4955844e-18 0)
14.495          (2.1451343 1.5048458e-18 0)
14.5            (2.1441535 1.8233861e-18 0)
14.505          (2.1431765 1.6260608e-18 0)
14.51           (2.1422034 1.3850758e-18 0)
14.515          (2.1412341 1.3889789e-18 0)
14.52           (2.1402688 9.6121875e-19 0)
14.525          (2.1393073 6.9574676e-19 0)
14.53           (2.1383497 5.4474541e-19 0)
14.535          (2.137396 3.7242217e-19 0)
14.54           (2.1364462 3.2032331e-20 0)
14.545          (2.1355003 -6.3410471e-19 0)
14.55           (2.1345583 -6.3410184e-19 0)
14.555          (2.1336202 -7.3051952e-19 0)
14.56           (2.132686 -1.126568e-18 0)
14.565          (2.1317557 -1.2677334e-18 0)
14.57           (2.1308294 -1.6104693e-18 0)
14.575          (2.129907 -1.8323531e-18 0)
14.58           (2.1289885 -2.2391294e-18 0)
14.585          (2.1280739 -2.3741467e-18 0)
14.59           (2.1271633 -2.128177e-18 0)
14.595          (2.1262566 -2.3133824e-18 0)
14.6            (2.1253538 -2.4217639e-18 0)
14.605          (2.124455 -2.184928e-18 0)
14.61           (2.1235601 -1.9962339e-18 0)
14.615          (2.1226692 -1.9922491e-18 0)
14.62           (2.1217822 -1.6627786e-18 0)
14.625          (2.1208992 -1.091419e-18 0)
14.63           (2.1200202 -3.850008e-19 0)
14.635          (2.1191451 2.4083508e-19 0)
14.64           (2.118274 1.0707508e-18 0)
14.645          (2.1174068 1.9290043e-18 0)
14.65           (2.1165437 2.2305338e-18 0)
14.655          (2.1156845 2.3593537e-18 0)
14.66           (2.1148292 2.5451521e-18 0)
14.665          (2.113978 2.7448932e-18 0)
14.67           (2.1131307 2.8401125e-18 0)
14.675          (2.1122874 3.1978213e-18 0)
14.68           (2.1114481 3.6916823e-18 0)
14.685          (2.1106128 4.1197335e-18 0)
14.69           (2.1097815 4.8261638e-18 0)
14.695          (2.1089542 5.5591491e-18 0)
14.7            (2.1081309 6.2190641e-18 0)
14.705          (2.1073115 6.2960288e-18 0)
14.71           (2.1064962 6.0842548e-18 0)
14.715          (2.1056849 5.8574856e-18 0)
14.72           (2.1048776 5.980983e-18 0)
14.725          (2.1040742 6.0155697e-18 0)
14.73           (2.1032749 6.3491893e-18 0)
14.735          (2.1024796 6.5336596e-18 0)
14.74           (2.1016883 6.5477298e-18 0)
14.745          (2.1009011 6.9210155e-18 0)
14.75           (2.1001178 7.1739834e-18 0)
14.755          (2.0993386 7.7425492e-18 0)
14.76           (2.0985633 8.0213726e-18 0)
14.765          (2.0977921 8.5670304e-18 0)
14.77           (2.0970249 8.83867e-18 0)
14.775          (2.0962618 9.0036334e-18 0)
14.78           (2.0955026 9.3807605e-18 0)
14.785          (2.0947475 9.6518867e-18 0)
14.79           (2.0939964 9.8509037e-18 0)
14.795          (2.0932493 1.0240868e-17 0)
14.8            (2.0925063 1.0461337e-17 0)
14.805          (2.0917673 1.0581879e-17 0)
14.81           (2.0910323 1.0666711e-17 0)
14.815          (2.0903013 1.0937514e-17 0)
14.82           (2.0895744 1.0736171e-17 0)
14.825          (2.0888515 1.069641e-17 0)
14.83           (2.0881327 1.032196e-17 0)
14.835          (2.0874178 1.0251416e-17 0)
14.84           (2.086707 1.0096957e-17 0)
14.845          (2.0860003 1.0191415e-17 0)
14.85           (2.0852976 1.0104682e-17 0)
14.855          (2.0845989 9.9500352e-18 0)
14.86           (2.0839042 9.596016e-18 0)
14.865          (2.0832136 9.6212627e-18 0)
14.87           (2.082527 9.997597e-18 0)
14.875          (2.0818445 1.00235e-17 0)
14.88           (2.081166 9.7848e-18 0)
14.885          (2.0804915 1.0119836e-17 0)
14.89           (2.0798211 1.0680441e-17 0)
14.895          (2.0791547 1.0713587e-17 0)
14.9            (2.0784923 1.073031e-17 0)
14.905          (2.077834 1.0285897e-17 0)
14.91           (2.0771797 1.0284661e-17 0)
14.915          (2.0765295 1.0125436e-17 0)
14.92           (2.0758832 9.8663681e-18 0)
14.925          (2.0752411 9.7931855e-18 0)
14.93           (2.0746029 9.4602794e-18 0)
14.935          (2.0739688 9.5998777e-18 0)
14.94           (2.0733387 9.6123767e-18 0)
14.945          (2.0727127 9.9234806e-18 0)
14.95           (2.0720907 9.8289926e-18 0)
14.955          (2.0714727 9.5915401e-18 0)
14.96           (2.0708588 9.708605e-18 0)
14.965          (2.0702489 1.0102293e-17 0)
14.97           (2.069643 1.0049668e-17 0)
14.975          (2.0690412 1.0167638e-17 0)
14.98           (2.0684433 9.9038183e-18 0)
14.985          (2.0678495 9.7533955e-18 0)
14.99           (2.0672598 9.651025e-18 0)
14.995          (2.066674 9.5857169e-18 0)
15              (2.0660923 9.1224589e-18 0)
15.005          (2.0655146 9.1408481e-18 0)
15.01           (2.064941 8.5622046e-18 0)
15.015          (2.0643713 8.2031265e-18 0)
15.02           (2.0638057 7.6850371e-18 0)
15.025          (2.0632441 7.6810246e-18 0)
15.03           (2.0626865 7.3550942e-18 0)
15.035          (2.0621329 7.1338211e-18 0)
15.04           (2.0615834 6.9669567e-18 0)
15.045          (2.0610378 6.7462816e-18 0)
15.05           (2.0604963 7.1238091e-18 0)
15.055          (2.0599588 7.1155233e-18 0)
15.06           (2.0594252 7.4464096e-18 0)
15.065          (2.0588957 7.4512538e-18 0)
15.07           (2.0583702 7.0692356e-18 0)
15.075          (2.0578487 6.6429632e-18 0)
15.08           (2.0573312 6.2363158e-18 0)
15.085          (2.0568177 5.9246179e-18 0)
15.09           (2.0563082 5.9624251e-18 0)
15.095          (2.0558027 5.9190482e-18 0)
15.1            (2.0553011 5.9901109e-18 0)
15.105          (2.0548036 5.947055e-18 0)
15.11           (2.05431 6.0676825e-18 0)
15.115          (2.0538205 6.1019832e-18 0)
15.12           (2.0533349 6.1160894e-18 0)
15.125          (2.0528533 5.9365916e-18 0)
15.13           (2.0523757 5.7268841e-18 0)
15.135          (2.051902 5.3489394e-18 0)
15.14           (2.0514324 5.3068358e-18 0)
15.145          (2.0509667 4.7887382e-18 0)
15.15           (2.0505049 4.3083097e-18 0)
15.155          (2.0500472 4.5576825e-18 0)
15.16           (2.0495934 4.8256224e-18 0)
15.165          (2.0491435 5.4557293e-18 0)
15.17           (2.0486976 5.748994e-18 0)
15.175          (2.0482557 6.0215433e-18 0)
15.18           (2.0478177 6.1491082e-18 0)
15.185          (2.0473837 5.9516988e-18 0)
15.19           (2.0469536 5.8981685e-18 0)
15.195          (2.0465275 5.7349136e-18 0)
15.2            (2.0461053 5.8853795e-18 0)
15.205          (2.045687 5.5298571e-18 0)
15.21           (2.0452727 5.4107419e-18 0)
15.215          (2.0448623 5.2057916e-18 0)
15.22           (2.0444558 5.6604946e-18 0)
15.225          (2.0440533 5.5946566e-18 0)
15.23           (2.0436547 5.8413703e-18 0)
15.235          (2.0432599 6.1959147e-18 0)
15.24           (2.0428691 6.6897102e-18 0)
15.245          (2.0424823 6.7116958e-18 0)
15.25           (2.0420993 6.8743021e-18 0)
15.255          (2.0417202 7.0551875e-18 0)
15.26           (2.041345 7.7551418e-18 0)
15.265          (2.0409738 7.9114214e-18 0)
15.27           (2.0406064 8.1764138e-18 0)
15.275          (2.0402429 8.6417058e-18 0)
15.28           (2.0398833 8.4181422e-18 0)
15.285          (2.0395275 8.1209648e-18 0)
15.29           (2.0391757 7.7424307e-18 0)
15.295          (2.0388277 7.7124201e-18 0)
15.3            (2.0384836 7.4770669e-18 0)
15.305          (2.0381433 7.1694185e-18 0)
15.31           (2.0378069 6.8020839e-18 0)
15.315          (2.0374744 6.6085904e-18 0)
15.32           (2.0371457 6.4213351e-18 0)
15.325          (2.0368209 5.8451808e-18 0)
15.33           (2.0364999 5.5683438e-18 0)
15.335          (2.0361828 5.1888678e-18 0)
15.34           (2.0358695 4.8185542e-18 0)
15.345          (2.03556 4.7714461e-18 0)
15.35           (2.0352544 4.7301063e-18 0)
15.355          (2.0349526 4.3201539e-18 0)
15.36           (2.0346546 3.7567526e-18 0)
15.365          (2.0343604 3.5463462e-18 0)
15.37           (2.03407 3.4945005e-18 0)
15.375          (2.0337834 3.4142964e-18 0)
15.38           (2.0335007 3.1728794e-18 0)
15.385          (2.0332217 3.1086625e-18 0)
15.39           (2.0329465 3.0511894e-18 0)
15.395          (2.0326751 2.7521413e-18 0)
15.4            (2.0324075 3.0115933e-18 0)
15.405          (2.0321437 3.3091858e-18 0)
15.41           (2.0318836 3.3666253e-18 0)
15.415          (2.0316273 3.5302211e-18 0)
15.42           (2.0313748 4.105585e-18 0)
15.425          (2.031126 4.165205e-18 0)
15.43           (2.030881 4.3699126e-18 0)
15.435          (2.0306397 4.6722435e-18 0)
15.44           (2.0304022 4.7207665e-18 0)
15.445          (2.0301684 4.7531324e-18 0)
15.45           (2.0299383 4.348908e-18 0)
15.455          (2.029712 4.5616617e-18 0)
15.46           (2.0294894 4.5586097e-18 0)
15.465          (2.0292705 4.223307e-18 0)
15.47           (2.0290553 4.2719024e-18 0)
15.475          (2.0288438 4.3774387e-18 0)
15.48           (2.0286361 4.6693847e-18 0)
15.485          (2.028432 4.4952672e-18 0)
15.49           (2.0282316 4.4036306e-18 0)
15.495          (2.0280349 4.2978352e-18 0)
15.5            (2.0278419 4.1672028e-18 0)
15.505          (2.0276525 4.3937606e-18 0)
15.51           (2.0274668 4.247574e-18 0)
15.515          (2.0272848 4.7203243e-18 0)
15.52           (2.0271064 5.1188676e-18 0)
15.525          (2.0269317 5.5758457e-18 0)
15.53           (2.0267607 6.1811906e-18 0)
15.535          (2.0265932 6.3458133e-18 0)
15.54           (2.0264295 6.5614779e-18 0)
15.545          (2.0262693 6.6281877e-18 0)
15.55           (2.0261128 6.5371948e-18 0)
15.555          (2.0259598 6.5522778e-18 0)
15.56           (2.0258105 6.7858667e-18 0)
15.565          (2.0256648 6.9237518e-18 0)
15.57           (2.0255227 6.6214152e-18 0)
15.575          (2.0253842 6.7446863e-18 0)
15.58           (2.0252492 6.96844e-18 0)
15.585          (2.0251179 6.98433e-18 0)
15.59           (2.0249901 7.3584754e-18 0)
15.595          (2.0248659 7.3991375e-18 0)
15.6            (2.0247452 7.7685479e-18 0)
15.605          (2.0246282 8.1358837e-18 0)
15.61           (2.0245146 8.7092417e-18 0)
15.615          (2.0244046 9.2516626e-18 0)
15.62           (2.0242981 9.2584114e-18 0)
15.625          (2.0241952 9.1653606e-18 0)
15.63           (2.0240958 8.7942638e-18 0)
15.635          (2.0239999 8.4965127e-18 0)
15.64           (2.0239075 8.3271358e-18 0)
15.645          (2.0238186 8.6331323e-18 0)
15.65           (2.0237332 8.811081e-18 0)
15.655          (2.0236513 9.2361822e-18 0)
15.66           (2.0235729 9.8857584e-18 0)
15.665          (2.023498 1.0132427e-17 0)
15.67           (2.0234265 1.068384e-17 0)
15.675          (2.0233585 1.072831e-17 0)
15.68           (2.023294 1.0849668e-17 0)
15.685          (2.0232329 1.1059896e-17 0)
15.69           (2.0231752 1.0745687e-17 0)
15.695          (2.023121 1.045427e-17 0)
15.7            (2.0230702 1.0453903e-17 0)
15.705          (2.0230229 1.0364829e-17 0)
15.71           (2.0229789 1.0207506e-17 0)
15.715          (2.0229384 1.0049984e-17 0)
15.72           (2.0229013 9.8042329e-18 0)
15.725          (2.0228676 9.6186857e-18 0)
15.73           (2.0228372 9.6430008e-18 0)
15.735          (2.0228102 9.4351947e-18 0)
15.74           (2.0227867 9.0798017e-18 0)
15.745          (2.0227664 8.7509073e-18 0)
15.75           (2.0227496 8.1091155e-18 0)
15.755          (2.0227361 7.7243145e-18 0)
15.76           (2.0227259 7.5448218e-18 0)
15.765          (2.0227191 7.346616e-18 0)
15.77           (2.0227156 7.5219367e-18 0)
15.775          (2.0227154 7.5336052e-18 0)
15.78           (2.0227186 7.3468223e-18 0)
15.785          (2.022725 7.3432215e-18 0)
15.79           (2.0227348 7.8444806e-18 0)
15.795          (2.0227479 8.5043453e-18 0)
15.8            (2.0227642 8.7857714e-18 0)
15.805          (2.0227838 8.9209208e-18 0)
15.81           (2.0228067 8.935422e-18 0)
15.815          (2.0228329 8.3655231e-18 0)
15.82           (2.0228623 7.8671289e-18 0)
15.825          (2.022895 7.3918863e-18 0)
15.83           (2.0229309 7.565065e-18 0)
15.835          (2.02297 7.6041103e-18 0)
15.84           (2.0230124 7.7320226e-18 0)
15.845          (2.023058 7.63128e-18 0)
15.85           (2.0231068 7.6851792e-18 0)
15.855          (2.0231588 7.6584657e-18 0)
15.86           (2.023214 7.6889451e-18 0)
15.865          (2.0232723 7.304763e-18 0)
15.87           (2.0233339 7.1566896e-18 0)
15.875          (2.0233986 7.2768316e-18 0)
15.88           (2.0234666 7.511899e-18 0)
15.885          (2.0235376 7.7912655e-18 0)
15.89           (2.0236118 7.8942508e-18 0)
15.895          (2.0236892 7.5579133e-18 0)
15.9            (2.0237697 7.4973194e-18 0)
15.905          (2.0238533 7.3761001e-18 0)
15.91           (2.02394 7.3399207e-18 0)
15.915          (2.0240298 7.3699161e-18 0)
15.92           (2.0241228 7.3523207e-18 0)
15.925          (2.0242188 7.2709661e-18 0)
15.93           (2.0243179 7.1935044e-18 0)
15.935          (2.0244201 7.1690283e-18 0)
15.94           (2.0245253 6.8925591e-18 0)
15.945          (2.0246337 7.252015e-18 0)
15.95           (2.024745 7.3893111e-18 0)
15.955          (2.0248594 7.3951651e-18 0)
15.96           (2.0249769 7.2424364e-18 0)
15.965          (2.0250974 6.912146e-18 0)
15.97           (2.0252209 6.701518e-18 0)
15.975          (2.0253474 6.9597356e-18 0)
15.98           (2.0254769 7.2762261e-18 0)
15.985          (2.0256094 7.3075326e-18 0)
15.99           (2.0257449 7.3053462e-18 0)
15.995          (2.0258833 7.0121333e-18 0)
16              (2.0260248 6.839941e-18 0)
16.005          (2.0261691 6.5813547e-18 0)
16.01           (2.0263165 6.4164352e-18 0)
16.015          (2.0264668 6.2585333e-18 0)
16.02           (2.02662 5.9373773e-18 0)
16.025          (2.0267762 5.088807e-18 0)
16.03           (2.0269352 4.5735824e-18 0)
16.035          (2.0270972 4.1865404e-18 0)
16.04           (2.0272621 4.2913222e-18 0)
16.045          (2.0274299 4.4116898e-18 0)
16.05           (2.0276005 4.563396e-18 0)
16.055          (2.027774 4.4919072e-18 0)
16.06           (2.0279504 4.4183014e-18 0)
16.065          (2.0281297 4.4263453e-18 0)
16.07           (2.0283118 4.5405878e-18 0)
16.075          (2.0284968 4.6243338e-18 0)
16.08           (2.0286845 4.4660578e-18 0)
16.085          (2.0288751 4.3657779e-18 0)
16.09           (2.0290685 4.3418208e-18 0)
16.095          (2.0292648 4.3035151e-18 0)
16.1            (2.0294638 4.3752386e-18 0)
16.105          (2.0296656 4.8052861e-18 0)
16.11           (2.0298702 4.9999066e-18 0)
16.115          (2.0300775 4.9298861e-18 0)
16.12           (2.0302877 5.0455609e-18 0)
16.125          (2.0305005 5.0734383e-18 0)
16.13           (2.0307161 5.1167688e-18 0)
16.135          (2.0309345 5.0448361e-18 0)
16.14           (2.0311556 4.9089712e-18 0)
16.145          (2.0313794 4.9176122e-18 0)
16.15           (2.0316059 4.6134971e-18 0)
16.155          (2.0318351 4.6988387e-18 0)
16.16           (2.0320669 4.6538305e-18 0)
16.165          (2.0323015 4.7591658e-18 0)
16.17           (2.0325388 4.8148785e-18 0)
16.175          (2.0327787 5.1716232e-18 0)
16.18           (2.0330212 5.4754699e-18 0)
16.185          (2.0332664 5.2459126e-18 0)
16.19           (2.0335143 5.3535977e-18 0)
16.195          (2.0337647 5.4136374e-18 0)
16.2            (2.0340178 5.8060462e-18 0)
16.205          (2.0342735 5.378152e-18 0)
16.21           (2.0345318 5.3189301e-18 0)
16.215          (2.0347927 5.4392065e-18 0)
16.22           (2.0350561 5.6840318e-18 0)
16.225          (2.0353222 5.7554488e-18 0)
16.23           (2.0355908 5.7553939e-18 0)
16.235          (2.0358619 5.783467e-18 0)
16.24           (2.0361356 5.9578505e-18 0)
16.245          (2.0364118 5.921898e-18 0)
16.25           (2.0366906 6.0256491e-18 0)
16.255          (2.0369718 5.8152027e-18 0)
16.26           (2.0372556 5.7170527e-18 0)
16.265          (2.0375419 5.700824e-18 0)
16.27           (2.0378307 5.9602828e-18 0)
16.275          (2.0381219 6.3089746e-18 0)
16.28           (2.0384156 6.6303818e-18 0)
16.285          (2.0387118 6.5516479e-18 0)
16.29           (2.0390104 6.5293363e-18 0)
16.295          (2.0393115 6.5692305e-18 0)
16.3            (2.039615 6.4132211e-18 0)
16.305          (2.0399209 6.4797714e-18 0)
16.31           (2.0402292 6.1936435e-18 0)
16.315          (2.04054 6.0456608e-18 0)
16.32           (2.0408531 6.1708128e-18 0)
16.325          (2.0411686 6.1651455e-18 0)
16.33           (2.0414865 5.9176424e-18 0)
16.335          (2.0418068 5.7546866e-18 0)
16.34           (2.0421294 5.6088214e-18 0)
16.345          (2.0424544 5.6426778e-18 0)
16.35           (2.0427817 5.5502911e-18 0)
16.355          (2.0431113 5.4471374e-18 0)
16.36           (2.0434433 5.4903234e-18 0)
16.365          (2.0437775 5.3133936e-18 0)
16.37           (2.0441141 5.0336107e-18 0)
16.375          (2.044453 4.6981289e-18 0)
16.38           (2.0447941 4.5793532e-18 0)
16.385          (2.0451375 4.3066243e-18 0)
16.39           (2.0454832 4.3885015e-18 0)
16.395          (2.0458311 4.7310188e-18 0)
16.4            (2.0461813 5.0117651e-18 0)
16.405          (2.0465337 4.8624638e-18 0)
16.41           (2.0468883 4.8432812e-18 0)
16.415          (2.0472451 4.4227523e-18 0)
16.42           (2.0476042 4.1849125e-18 0)
16.425          (2.0479654 3.683625e-18 0)
16.43           (2.0483288 3.0787715e-18 0)
16.435          (2.0486944 2.7758371e-18 0)
16.44           (2.0490622 2.219156e-18 0)
16.445          (2.0494321 1.7718188e-18 0)
16.45           (2.0498042 1.1556775e-18 0)
16.455          (2.0501784 6.5302846e-19 0)
16.46           (2.0505547 4.1725536e-19 0)
16.465          (2.0509332 1.9713786e-19 0)
16.47           (2.0513137 -9.39854e-21 0)
16.475          (2.0516964 -3.5138357e-19 0)
16.48           (2.0520811 -5.9643218e-19 0)
16.485          (2.0524679 -7.664065e-19 0)
16.49           (2.0528568 -1.2390331e-18 0)
16.495          (2.0532478 -1.350956e-18 0)
16.5            (2.0536408 -1.3758912e-18 0)
16.505          (2.0540358 -1.4347199e-18 0)
16.51           (2.0544329 -1.479356e-18 0)
16.515          (2.054832 -1.1850107e-18 0)
16.52           (2.0552331 -9.3527035e-19 0)
16.525          (2.0556362 -3.3541627e-19 0)
16.53           (2.0560412 -3.1192034e-19 0)
16.535          (2.0564483 -1.3177984e-19 0)
16.54           (2.0568574 -6.0124525e-20 0)
16.545          (2.0572684 5.4271756e-19 0)
16.55           (2.0576813 1.1848923e-18 0)
16.555          (2.0580962 1.4964502e-18 0)
16.56           (2.0585131 1.6540519e-18 0)
16.565          (2.0589318 1.9343641e-18 0)
16.57           (2.0593525 2.2516897e-18 0)
16.575          (2.0597751 2.4255238e-18 0)
16.58           (2.0601996 2.4456799e-18 0)
16.585          (2.0606259 2.4825396e-18 0)
16.59           (2.0610541 2.8240946e-18 0)
16.595          (2.0614842 3.5491033e-18 0)
16.6            (2.0619162 3.6523552e-18 0)
16.605          (2.06235 3.8503619e-18 0)
16.61           (2.0627856 4.3609067e-18 0)
16.615          (2.063223 5.04731e-18 0)
16.62           (2.0636623 5.6639477e-18 0)
16.625          (2.0641034 6.2022765e-18 0)
16.63           (2.0645462 6.7914357e-18 0)
16.635          (2.0649909 7.1819288e-18 0)
16.64           (2.0654373 7.3167101e-18 0)
16.645          (2.0658855 7.33283e-18 0)
16.65           (2.0663354 7.1462421e-18 0)
16.655          (2.0667871 7.0023982e-18 0)
16.66           (2.0672406 6.9609402e-18 0)
16.665          (2.0676957 6.9856281e-18 0)
16.67           (2.0681526 7.0218848e-18 0)
16.675          (2.0686112 7.067499e-18 0)
16.68           (2.0690714 7.0215714e-18 0)
16.685          (2.0695334 7.3740889e-18 0)
16.69           (2.069997 7.1470745e-18 0)
16.695          (2.0704624 7.4508174e-18 0)
16.7            (2.0709293 7.20564e-18 0)
16.705          (2.0713979 6.569813e-18 0)
16.71           (2.0718682 6.5041541e-18 0)
16.715          (2.0723401 6.6919366e-18 0)
16.72           (2.0728136 6.8614845e-18 0)
16.725          (2.0732887 7.3700374e-18 0)
16.73           (2.0737654 7.8448641e-18 0)
16.735          (2.0742437 8.1257667e-18 0)
16.74           (2.0747236 8.078024e-18 0)
16.745          (2.075205 8.1362796e-18 0)
16.75           (2.075688 7.9314926e-18 0)
16.755          (2.0761726 8.0300413e-18 0)
16.76           (2.0766587 8.1307295e-18 0)
16.765          (2.0771463 8.096932e-18 0)
16.77           (2.0776354 8.1071878e-18 0)
16.775          (2.0781261 8.0275757e-18 0)
16.78           (2.0786182 7.7442222e-18 0)
16.785          (2.0791119 7.3152618e-18 0)
16.79           (2.079607 6.7841105e-18 0)
16.795          (2.0801036 6.3597354e-18 0)
16.8            (2.0806017 5.9753231e-18 0)
16.805          (2.0811012 5.666992e-18 0)
16.81           (2.0816021 5.5822546e-18 0)
16.815          (2.0821045 5.8533181e-18 0)
16.82           (2.0826083 5.9605629e-18 0)
16.825          (2.0831135 5.8343893e-18 0)
16.83           (2.0836201 6.1278006e-18 0)
16.835          (2.0841281 6.3824334e-18 0)
16.84           (2.0846375 6.3598592e-18 0)
16.845          (2.0851483 6.29267e-18 0)
16.85           (2.0856604 6.1638416e-18 0)
16.855          (2.0861739 5.9406977e-18 0)
16.86           (2.0866887 5.7112898e-18 0)
16.865          (2.0872049 5.7110408e-18 0)
16.87           (2.0877224 6.1267438e-18 0)
16.875          (2.0882412 6.3601772e-18 0)
16.88           (2.0887613 6.5394135e-18 0)
16.885          (2.0892827 6.9324615e-18 0)
16.89           (2.0898054 6.7041106e-18 0)
16.895          (2.0903293 6.8052565e-18 0)
16.9            (2.0908546 6.7083362e-18 0)
16.905          (2.091381 6.617708e-18 0)
16.91           (2.0919088 6.7500514e-18 0)
16.915          (2.0924377 6.635837e-18 0)
16.92           (2.0929679 6.5698452e-18 0)
16.925          (2.0934993 6.8331889e-18 0)
16.93           (2.0940319 6.611752e-18 0)
16.935          (2.0945657 6.7877315e-18 0)
16.94           (2.0951007 7.160911e-18 0)
16.945          (2.0956369 7.3792937e-18 0)
16.95           (2.0961743 7.7577826e-18 0)
16.955          (2.0967128 7.7553056e-18 0)
16.96           (2.0972524 7.6430625e-18 0)
16.965          (2.0977932 7.6342282e-18 0)
16.97           (2.0983351 7.8360935e-18 0)
16.975          (2.0988782 8.0070918e-18 0)
16.98           (2.0994223 8.2234971e-18 0)
16.985          (2.0999676 8.1345842e-18 0)
16.99           (2.1005139 8.09464e-18 0)
16.995          (2.1010614 7.7647155e-18 0)
17              (2.1016099 7.7340989e-18 0)
17.005          (2.1021594 7.8584803e-18 0)
17.01           (2.10271 7.8053241e-18 0)
17.015          (2.1032617 7.8048974e-18 0)
17.02           (2.1038144 7.5470194e-18 0)
17.025          (2.1043681 7.1154248e-18 0)
17.03           (2.1049228 7.1919336e-18 0)
17.035          (2.1054786 7.14382e-18 0)
17.04           (2.1060353 7.0588412e-18 0)
17.045          (2.106593 7.0175493e-18 0)
17.05           (2.1071517 7.0720974e-18 0)
17.055          (2.1077114 6.9679859e-18 0)
17.06           (2.108272 6.7073298e-18 0)
17.065          (2.1088335 6.6073284e-18 0)
17.07           (2.109396 6.8490934e-18 0)
17.075          (2.1099595 6.8166837e-18 0)
17.08           (2.1105238 6.942516e-18 0)
17.085          (2.1110891 7.0541489e-18 0)
17.09           (2.1116552 7.2698832e-18 0)
17.095          (2.1122223 7.2668372e-18 0)
17.1            (2.1127902 7.3501318e-18 0)
17.105          (2.113359 7.1785991e-18 0)
17.11           (2.1139287 6.794421e-18 0)
17.115          (2.1144992 6.3521234e-18 0)
17.12           (2.1150706 6.3455754e-18 0)
17.125          (2.1156428 6.5490021e-18 0)
17.13           (2.1162158 6.8505475e-18 0)
17.135          (2.1167896 7.4598572e-18 0)
17.14           (2.1173643 7.5045501e-18 0)
17.145          (2.1179397 7.4335937e-18 0)
17.15           (2.118516 7.2386476e-18 0)
17.155          (2.119093 7.0976601e-18 0)
17.16           (2.1196707 6.4927692e-18 0)
17.165          (2.1202493 5.753215e-18 0)
17.17           (2.1208286 5.4846858e-18 0)
17.175          (2.1214086 5.3784262e-18 0)
17.18           (2.1219893 5.2882551e-18 0)
17.185          (2.1225708 5.6037496e-18 0)
17.19           (2.123153 6.0386547e-18 0)
17.195          (2.1237359 6.1051823e-18 0)
17.2            (2.1243195 6.5348755e-18 0)
17.205          (2.1249038 6.4744361e-18 0)
17.21           (2.1254887 6.4634699e-18 0)
17.215          (2.1260743 6.3686717e-18 0)
17.22           (2.1266606 6.2503367e-18 0)
17.225          (2.1272475 6.2676333e-18 0)
17.23           (2.1278351 6.0247103e-18 0)
17.235          (2.1284233 5.3730302e-18 0)
17.24           (2.1290121 4.8302143e-18 0)
17.245          (2.1296015 4.3120467e-18 0)
17.25           (2.1301915 3.954958e-18 0)
17.255          (2.1307821 3.7653393e-18 0)
17.26           (2.1313733 3.8613415e-18 0)
17.265          (2.1319651 4.080472e-18 0)
17.27           (2.1325574 4.1628913e-18 0)
17.275          (2.1331503 4.6202419e-18 0)
17.28           (2.1337438 5.1707111e-18 0)
17.285          (2.1343377 5.2578949e-18 0)
17.29           (2.1349323 5.2640386e-18 0)
17.295          (2.1355273 5.2553097e-18 0)
17.3            (2.1361228 5.0843118e-18 0)
17.305          (2.1367189 4.6848097e-18 0)
17.31           (2.1373154 4.0699718e-18 0)
17.315          (2.1379124 3.9865574e-18 0)
17.32           (2.1385099 3.8528788e-18 0)
17.325          (2.1391079 3.7894435e-18 0)
17.33           (2.1397063 3.894002e-18 0)
17.335          (2.1403052 3.7728687e-18 0)
17.34           (2.1409045 3.0140649e-18 0)
17.345          (2.1415042 2.791051e-18 0)
17.35           (2.1421044 2.7526666e-18 0)
17.355          (2.142705 2.6758636e-18 0)
17.36           (2.143306 2.7600542e-18 0)
17.365          (2.1439073 2.5611204e-18 0)
17.37           (2.1445091 2.3061227e-18 0)
17.375          (2.1451112 1.921316e-18 0)
17.38           (2.1457137 1.5532513e-18 0)
17.385          (2.1463166 1.5290131e-18 0)
17.39           (2.1469198 1.5417267e-18 0)
17.395          (2.1475234 1.4199036e-18 0)
17.4            (2.1481273 1.2767714e-18 0)
17.405          (2.1487315 1.2255523e-18 0)
17.41           (2.1493361 1.3057471e-18 0)
17.415          (2.1499409 1.3503964e-18 0)
17.42           (2.1505461 9.9108069e-19 0)
17.425          (2.1511515 1.0348108e-18 0)
17.43           (2.1517572 9.3411576e-19 0)
17.435          (2.1523632 8.7297968e-19 0)
17.44           (2.1529695 9.4633727e-19 0)
17.445          (2.153576 8.298543e-19 0)
17.45           (2.1541827 8.9064368e-19 0)
17.455          (2.1547897 9.9815576e-19 0)
17.46           (2.155397 8.5748982e-19 0)
17.465          (2.1560044 7.4992439e-19 0)
17.47           (2.1566121 5.2742541e-19 0)
17.475          (2.1572199 6.0386006e-19 0)
17.48           (2.157828 3.8271588e-19 0)
17.485          (2.1584363 6.6851687e-20 0)
17.49           (2.1590447 3.0823245e-19 0)
17.495          (2.1596533 4.8200423e-19 0)
17.5            (2.1602621 2.7191917e-19 0)
17.505          (2.160871 1.1226378e-19 0)
17.51           (2.16148 -1.624593e-19 0)
17.515          (2.1620892 -3.0135969e-19 0)
17.52           (2.1626986 -3.6123534e-19 0)
17.525          (2.163308 -3.2643361e-19 0)
17.53           (2.1639176 -6.7216163e-19 0)
17.535          (2.1645272 -8.0197621e-19 0)
17.54           (2.165137 -4.971869e-19 0)
17.545          (2.1657468 -4.2923269e-19 0)
17.55           (2.1663568 -1.3950635e-19 0)
17.555          (2.1669668 -3.3664782e-19 0)
17.56           (2.1675768 -5.5260937e-19 0)
17.565          (2.1681869 -9.2947868e-19 0)
17.57           (2.1687971 -1.1138073e-18 0)
17.575          (2.1694073 -1.6321443e-18 0)
17.58           (2.1700175 -1.5267533e-18 0)
17.585          (2.1706277 -1.3224038e-18 0)
17.59           (2.171238 -1.3427055e-18 0)
17.595          (2.1718483 -1.4700871e-18 0)
17.6            (2.1724585 -1.7773344e-18 0)
17.605          (2.1730688 -1.7726575e-18 0)
17.61           (2.173679 -1.6897881e-18 0)
17.615          (2.1742892 -1.5391205e-18 0)
17.62           (2.1748994 -1.2729439e-18 0)
17.625          (2.1755095 -1.1829657e-18 0)
17.63           (2.1761195 -1.2916159e-18 0)
17.635          (2.1767296 -1.6215231e-18 0)
17.64           (2.1773395 -1.5873383e-18 0)
17.645          (2.1779494 -1.3490063e-18 0)
17.65           (2.1785592 -1.4271157e-18 0)
17.655          (2.1791689 -1.2778255e-18 0)
17.66           (2.1797785 -8.0049415e-19 0)
17.665          (2.1803879 -3.0980949e-19 0)
17.67           (2.1809973 2.6902427e-19 0)
17.675          (2.1816066 7.472599e-19 0)
17.68           (2.1822157 1.5696226e-18 0)
17.685          (2.1828247 2.7143409e-18 0)
17.69           (2.1834335 3.5123455e-18 0)
17.695          (2.1840422 3.9737722e-18 0)
17.7            (2.1846507 4.8159489e-18 0)
17.705          (2.1852591 5.2728311e-18 0)
17.71           (2.1858673 5.8871768e-18 0)
17.715          (2.1864752 6.2237248e-18 0)
17.72           (2.187083 6.389659e-18 0)
17.725          (2.1876906 6.3020233e-18 0)
17.73           (2.188298 6.3670893e-18 0)
17.735          (2.1889052 6.5605654e-18 0)
17.74           (2.1895122 6.4695543e-18 0)
17.745          (2.1901189 6.4979783e-18 0)
17.75           (2.1907254 6.9718633e-18 0)
17.755          (2.1913316 7.1654753e-18 0)
17.76           (2.1919376 7.7033829e-18 0)
17.765          (2.1925434 7.8299212e-18 0)
17.77           (2.1931488 7.6915648e-18 0)
17.775          (2.193754 7.5920739e-18 0)
17.78           (2.1943589 7.652453e-18 0)
17.785          (2.1949636 7.2727742e-18 0)
17.79           (2.1955679 7.0435598e-18 0)
17.795          (2.1961719 6.9767955e-18 0)
17.8            (2.1967756 7.0754404e-18 0)
17.805          (2.197379 6.6697788e-18 0)
17.81           (2.1979821 6.1358853e-18 0)
17.815          (2.1985848 6.1234348e-18 0)
17.82           (2.1991872 6.2253058e-18 0)
17.825          (2.1997892 6.5036816e-18 0)
17.83           (2.2003909 6.6377121e-18 0)
17.835          (2.2009922 7.1174418e-18 0)
17.84           (2.2015932 7.7070639e-18 0)
17.845          (2.2021938 8.3213999e-18 0)
17.85           (2.202794 8.6723149e-18 0)
17.855          (2.2033938 8.7729537e-18 0)
17.86           (2.2039932 8.5976614e-18 0)
17.865          (2.2045922 8.4600402e-18 0)
17.87           (2.2051908 8.7936347e-18 0)
17.875          (2.2057889 9.5518608e-18 0)
17.88           (2.2063867 9.7612654e-18 0)
17.885          (2.206984 9.6722925e-18 0)
17.89           (2.2075809 9.3982556e-18 0)
17.895          (2.2081773 9.2570248e-18 0)
17.9            (2.2087733 9.5410286e-18 0)
17.905          (2.2093688 9.4131455e-18 0)
17.91           (2.2099638 9.1143367e-18 0)
17.915          (2.2105584 8.9424066e-18 0)
17.92           (2.2111525 9.0266235e-18 0)
17.925          (2.2117461 9.248503e-18 0)
17.93           (2.2123392 9.5104105e-18 0)
17.935          (2.2129318 9.6700172e-18 0)
17.94           (2.2135239 9.5855106e-18 0)
17.945          (2.2141155 9.8423363e-18 0)
17.95           (2.2147065 1.0004995e-17 0)
17.955          (2.2152971 9.8503333e-18 0)
17.96           (2.2158871 9.863868e-18 0)
17.965          (2.2164765 9.6342638e-18 0)
17.97           (2.2170654 9.036219e-18 0)
17.975          (2.2176538 8.8898625e-18 0)
17.98           (2.2182416 8.7871877e-18 0)
17.985          (2.2188288 8.6824447e-18 0)
17.99           (2.2194154 8.6013066e-18 0)
17.995          (2.2200015 8.542737e-18 0)
18              (2.220587 8.569076e-18 0)
18.005          (2.2211719 8.5348834e-18 0)
18.01           (2.2217562 8.7301277e-18 0)
18.015          (2.2223398 8.5949281e-18 0)
18.02           (2.2229229 8.5852134e-18 0)
18.025          (2.2235054 8.4569582e-18 0)
18.03           (2.2240872 8.5428171e-18 0)
18.035          (2.2246684 8.5845897e-18 0)
18.04           (2.2252489 8.6246043e-18 0)
18.045          (2.2258288 8.5685424e-18 0)
18.05           (2.2264081 8.538911e-18 0)
18.055          (2.2269867 8.4760495e-18 0)
18.06           (2.2275646 8.4995755e-18 0)
18.065          (2.2281419 8.520841e-18 0)
18.07           (2.2287184 8.3422583e-18 0)
18.075          (2.2292942 7.992129e-18 0)
18.08           (2.2298693 7.5956577e-18 0)
18.085          (2.2304436 7.2637544e-18 0)
18.09           (2.2310172 7.1142822e-18 0)
18.095          (2.2315901 7.1180804e-18 0)
18.1            (2.2321623 7.210119e-18 0)
18.105          (2.2327338 7.2757104e-18 0)
18.11           (2.2333045 7.7063836e-18 0)
18.115          (2.2338746 7.8517571e-18 0)
18.12           (2.234444 7.859725e-18 0)
18.125          (2.2350126 8.1097317e-18 0)
18.13           (2.2355805 7.9769778e-18 0)
18.135          (2.2361477 7.8809815e-18 0)
18.14           (2.2367142 7.7242186e-18 0)
18.145          (2.2372798 7.3966353e-18 0)
18.15           (2.2378448 7.3695242e-18 0)
18.155          (2.2384089 7.3750835e-18 0)
18.16           (2.2389723 7.2479046e-18 0)
18.165          (2.2395349 7.7282251e-18 0)
18.17           (2.2400967 7.7817225e-18 0)
18.175          (2.2406577 7.9342234e-18 0)
18.18           (2.2412179 7.7974099e-18 0)
18.185          (2.2417773 8.0472226e-18 0)
18.19           (2.2423359 8.4869168e-18 0)
18.195          (2.2428936 8.6822249e-18 0)
18.2            (2.2434506 8.7913873e-18 0)
18.205          (2.2440067 8.7557914e-18 0)
18.21           (2.2445619 8.8984314e-18 0)
18.215          (2.2451164 8.8056731e-18 0)
18.22           (2.2456699 8.6607421e-18 0)
18.225          (2.2462226 9.1342641e-18 0)
18.23           (2.2467745 9.4118705e-18 0)
18.235          (2.2473255 9.437704e-18 0)
18.24           (2.2478756 9.6321879e-18 0)
18.245          (2.2484249 9.5562592e-18 0)
18.25           (2.2489732 9.6137057e-18 0)
18.255          (2.2495207 9.7090746e-18 0)
18.26           (2.2500673 9.6029521e-18 0)
18.265          (2.250613 9.4285381e-18 0)
18.27           (2.2511578 9.371737e-18 0)
18.275          (2.2517016 9.3312906e-18 0)
18.28           (2.2522446 8.9887799e-18 0)
18.285          (2.2527866 8.5264795e-18 0)
18.29           (2.2533278 8.1311615e-18 0)
18.295          (2.253868 7.4471466e-18 0)
18.3            (2.2544072 7.2412957e-18 0)
18.305          (2.2549455 6.9729874e-18 0)
18.31           (2.2554829 6.6990581e-18 0)
18.315          (2.2560193 7.0234961e-18 0)
18.32           (2.2565548 6.9032931e-18 0)
18.325          (2.2570893 6.7915911e-18 0)
18.33           (2.2576228 6.834673e-18 0)
18.335          (2.2581554 6.6358377e-18 0)
18.34           (2.258687 6.2625877e-18 0)
18.345          (2.2592176 6.0116494e-18 0)
18.35           (2.2597473 5.7145706e-18 0)
18.355          (2.2602759 5.4731822e-18 0)
18.36           (2.2608036 5.6375988e-18 0)
18.365          (2.2613303 5.5336419e-18 0)
18.37           (2.2618559 5.3240647e-18 0)
18.375          (2.2623806 5.0316972e-18 0)
18.38           (2.2629042 4.7521828e-18 0)
18.385          (2.2634268 4.3093251e-18 0)
18.39           (2.2639484 4.3194682e-18 0)
18.395          (2.264469 4.3207964e-18 0)
18.4            (2.2649885 4.213959e-18 0)
18.405          (2.265507 3.9837651e-18 0)
18.41           (2.2660245 3.5927956e-18 0)
18.415          (2.2665409 3.1059953e-18 0)
18.42           (2.2670562 2.9219142e-18 0)
18.425          (2.2675706 2.6626784e-18 0)
18.43           (2.2680838 2.3476591e-18 0)
18.435          (2.268596 1.8979591e-18 0)
18.44           (2.2691071 1.7623677e-18 0)
18.445          (2.2696172 1.6393362e-18 0)
18.45           (2.2701261 1.1136367e-18 0)
18.455          (2.270634 1.159716e-18 0)
18.46           (2.2711408 7.7014872e-19 0)
18.465          (2.2716466 7.6382824e-19 0)
18.47           (2.2721512 7.059387e-19 0)
18.475          (2.2726547 8.828309e-19 0)
18.48           (2.2731571 9.9795111e-19 0)
18.485          (2.2736584 1.136792e-18 0)
18.49           (2.2741587 1.1474433e-18 0)
18.495          (2.2746577 9.5436815e-19 0)
18.5            (2.2751557 6.4020168e-19 0)
18.505          (2.2756526 2.1462485e-19 0)
18.51           (2.2761483 -1.3691507e-19 0)
18.515          (2.2766429 -5.6460134e-19 0)
18.52           (2.2771363 -1.0672844e-18 0)
18.525          (2.2776286 -1.3134854e-18 0)
18.53           (2.2781198 -1.556162e-18 0)
18.535          (2.2786098 -1.5999482e-18 0)
18.54           (2.2790987 -1.6623067e-18 0)
18.545          (2.2795864 -1.6664291e-18 0)
18.55           (2.280073 -1.3945251e-18 0)
18.555          (2.2805584 -1.3185635e-18 0)
18.56           (2.2810426 -1.3523151e-18 0)
18.565          (2.2815257 -1.149166e-18 0)
18.57           (2.2820075 -1.258965e-18 0)
18.575          (2.2824883 -1.250906e-18 0)
18.58           (2.2829678 -1.1238992e-18 0)
18.585          (2.2834461 -1.2403982e-18 0)
18.59           (2.2839232 -1.4944942e-18 0)
18.595          (2.2843992 -1.4273927e-18 0)
18.6            (2.284874 -1.3074809e-18 0)
18.605          (2.2853475 -1.1318724e-18 0)
18.61           (2.2858199 -7.0958932e-19 0)
18.615          (2.286291 -1.8106003e-19 0)
18.62           (2.2867609 2.1216644e-19 0)
18.625          (2.2872296 5.3780865e-19 0)
18.63           (2.2876971 4.4094977e-19 0)
18.635          (2.2881634 2.9906648e-19 0)
18.64           (2.2886285 4.5373352e-20 0)
18.645          (2.2890923 -3.6082134e-19 0)
18.65           (2.2895549 -9.9742209e-19 0)
18.655          (2.2900162 -1.293107e-18 0)
18.66           (2.2904763 -1.4036964e-18 0)
18.665          (2.2909352 -1.5113441e-18 0)
18.67           (2.2913928 -1.7129791e-18 0)
18.675          (2.2918492 -1.6165219e-18 0)
18.68           (2.2923043 -1.9086909e-18 0)
18.685          (2.2927581 -1.8998921e-18 0)
18.69           (2.2932107 -1.8395777e-18 0)
18.695          (2.2936621 -1.6344678e-18 0)
18.7            (2.2941122 -1.5502225e-18 0)
18.705          (2.294561 -1.2754399e-18 0)
18.71           (2.2950085 -1.5435542e-18 0)
18.715          (2.2954548 -1.4474891e-18 0)
18.72           (2.2958997 -1.2315483e-18 0)
18.725          (2.2963434 -1.4078553e-18 0)
18.73           (2.2967858 -9.166629e-19 0)
18.735          (2.297227 -4.6056792e-19 0)
18.74           (2.2976668 -3.3975952e-19 0)
18.745          (2.2981053 -2.2116641e-19 0)
18.75           (2.2985426 1.5211619e-20 0)
18.755          (2.2989785 5.961322e-20 0)
18.76           (2.2994132 8.0308614e-19 0)
18.765          (2.2998465 1.6798399e-18 0)
18.77           (2.3002785 2.6346198e-18 0)
18.775          (2.3007092 3.4775539e-18 0)
18.78           (2.3011386 4.20117e-18 0)
18.785          (2.3015667 4.8866926e-18 0)
18.79           (2.3019935 5.5829092e-18 0)
18.795          (2.3024189 6.1034045e-18 0)
18.8            (2.3028431 6.4308273e-18 0)
18.805          (2.3032659 7.0013252e-18 0)
18.81           (2.3036873 7.2120456e-18 0)
18.815          (2.3041075 7.4725044e-18 0)
18.82           (2.3045262 7.5521162e-18 0)
18.825          (2.3049437 7.5641489e-18 0)
18.83           (2.3053598 7.8276945e-18 0)
18.835          (2.3057746 7.9887353e-18 0)
18.84           (2.306188 8.1966983e-18 0)
18.845          (2.3066001 8.2155519e-18 0)
18.85           (2.3070108 7.9745059e-18 0)
18.855          (2.3074202 8.0516467e-18 0)
18.86           (2.3078282 8.209165e-18 0)
18.865          (2.3082349 8.0626464e-18 0)
18.87           (2.3086402 7.7744618e-18 0)
18.875          (2.3090441 7.5284935e-18 0)
18.88           (2.3094467 7.3774622e-18 0)
18.885          (2.3098479 7.6468718e-18 0)
18.89           (2.3102477 7.7760901e-18 0)
18.895          (2.3106461 7.6820445e-18 0)
18.9            (2.3110432 7.4383398e-18 0)
18.905          (2.3114389 7.1523893e-18 0)
18.91           (2.3118333 7.4148533e-18 0)
18.915          (2.3122262 7.7051983e-18 0)
18.92           (2.3126178 8.2903115e-18 0)
18.925          (2.3130079 8.1795225e-18 0)
18.93           (2.3133967 8.3071311e-18 0)
18.935          (2.3137841 7.9657763e-18 0)
18.94           (2.3141701 7.6119202e-18 0)
18.945          (2.3145548 7.2676499e-18 0)
18.95           (2.314938 7.2187614e-18 0)
18.955          (2.3153198 7.1633389e-18 0)
18.96           (2.3157002 7.2169473e-18 0)
18.965          (2.3160792 7.2966492e-18 0)
18.97           (2.3164568 7.3896882e-18 0)
18.975          (2.3168331 7.4924361e-18 0)
18.98           (2.3172079 7.4443588e-18 0)
18.985          (2.3175812 7.254363e-18 0)
18.99           (2.3179532 7.0475431e-18 0)
18.995          (2.3183238 7.074047e-18 0)
19              (2.3186929 6.8463075e-18 0)
19.005          (2.3190607 6.639585e-18 0)
19.01           (2.319427 6.4575672e-18 0)
19.015          (2.3197919 6.0941541e-18 0)
19.02           (2.3201554 5.3768258e-18 0)
19.025          (2.3205174 5.2948378e-18 0)
19.03           (2.320878 5.1147107e-18 0)
19.035          (2.3212372 4.9941914e-18 0)
19.04           (2.321595 4.7592653e-18 0)
19.045          (2.3219513 4.6733324e-18 0)
19.05           (2.3223062 4.6822876e-18 0)
19.055          (2.3226597 4.8999078e-18 0)
19.06           (2.3230118 5.2193075e-18 0)
19.065          (2.3233624 5.6693942e-18 0)
19.07           (2.3237115 5.9599806e-18 0)
19.075          (2.3240592 5.7405404e-18 0)
19.08           (2.3244055 5.5897773e-18 0)
19.085          (2.3247504 5.2167534e-18 0)
19.09           (2.3250938 5.2682879e-18 0)
19.095          (2.3254357 4.7924473e-18 0)
19.1            (2.3257762 4.7339478e-18 0)
19.105          (2.3261153 4.7830603e-18 0)
19.11           (2.3264529 4.5161867e-18 0)
19.115          (2.3267891 4.1974726e-18 0)
19.12           (2.3271238 4.1339637e-18 0)
19.125          (2.327457 3.7839004e-18 0)
19.13           (2.3277888 3.3349606e-18 0)
19.135          (2.3281192 3.3726209e-18 0)
19.14           (2.3284481 3.501038e-18 0)
19.145          (2.3287755 3.4283346e-18 0)
19.15           (2.3291015 3.4621213e-18 0)
19.155          (2.329426 3.6873088e-18 0)
19.16           (2.3297491 3.5772269e-18 0)
19.165          (2.3300707 3.7830542e-18 0)
19.17           (2.3303908 4.0754363e-18 0)
19.175          (2.3307095 3.6693297e-18 0)
19.18           (2.3310267 3.5251433e-18 0)
19.185          (2.3313424 3.6240943e-18 0)
19.19           (2.3316567 3.5664391e-18 0)
19.195          (2.3319695 3.6570526e-18 0)
19.2            (2.3322808 3.5248791e-18 0)
19.205          (2.3325907 3.3992515e-18 0)
19.21           (2.3328991 2.8398796e-18 0)
19.215          (2.333206 2.928639e-18 0)
19.22           (2.3335114 2.8980923e-18 0)
19.225          (2.3338154 2.5375192e-18 0)
19.23           (2.3341179 2.2781894e-18 0)
19.235          (2.3344189 2.6404251e-18 0)
19.24           (2.3347185 2.8359557e-18 0)
19.245          (2.3350166 3.0439262e-18 0)
19.25           (2.3353132 3.156981e-18 0)
19.255          (2.3356083 3.1744906e-18 0)
19.26           (2.3359019 3.1757103e-18 0)
19.265          (2.3361941 3.1641307e-18 0)
19.27           (2.3364848 2.97234e-18 0)
19.275          (2.336774 2.9627965e-18 0)
19.28           (2.3370617 3.0450033e-18 0)
19.285          (2.337348 3.1522244e-18 0)
19.29           (2.3376328 2.935752e-18 0)
19.295          (2.337916 2.5604527e-18 0)
19.3            (2.3381978 2.5009821e-18 0)
19.305          (2.3384782 2.4322339e-18 0)
19.31           (2.338757 2.1775713e-18 0)
19.315          (2.3390343 1.8211177e-18 0)
19.32           (2.3393102 1.4230249e-18 0)
19.325          (2.3395846 7.2230572e-19 0)
19.33           (2.3398575 2.9368007e-19 0)
19.335          (2.3401289 -1.7742301e-19 0)
19.34           (2.3403988 -7.2446855e-19 0)
19.345          (2.3406673 -1.1185181e-18 0)
19.35           (2.3409342 -1.1489407e-18 0)
19.355          (2.3411997 -7.1966011e-19 0)
19.36           (2.3414637 -4.3880884e-19 0)
19.365          (2.3417261 1.3344612e-20 0)
19.37           (2.3419872 4.6771828e-19 0)
19.375          (2.3422467 6.4865059e-19 0)
19.38           (2.3425047 5.8085913e-19 0)
19.385          (2.3427612 5.8105176e-19 0)
19.39           (2.3430163 6.1027809e-19 0)
19.395          (2.3432699 8.6465856e-19 0)
19.4            (2.3435219 1.0749239e-18 0)
19.405          (2.3437725 1.7538887e-18 0)
19.41           (2.3440216 2.5557891e-18 0)
19.415          (2.3442692 2.6182508e-18 0)
19.42           (2.3445154 2.4650333e-18 0)
19.425          (2.34476 2.5135825e-18 0)
19.43           (2.3450031 2.4370308e-18 0)
19.435          (2.3452448 2.4329317e-18 0)
19.44           (2.345485 2.5948834e-18 0)
19.445          (2.3457237 2.967944e-18 0)
19.45           (2.3459609 3.6321108e-18 0)
19.455          (2.3461966 3.7004776e-18 0)
19.46           (2.3464308 4.1219317e-18 0)
19.465          (2.3466635 4.1393938e-18 0)
19.47           (2.3468948 4.2514264e-18 0)
19.475          (2.3471245 4.3396825e-18 0)
19.48           (2.3473528 4.353837e-18 0)
19.485          (2.3475796 4.3315608e-18 0)
19.49           (2.3478049 4.6465886e-18 0)
19.495          (2.3480287 4.3789063e-18 0)
19.5            (2.348251 4.3035633e-18 0)
19.505          (2.3484718 4.6198022e-18 0)
19.51           (2.3486912 4.4745887e-18 0)
19.515          (2.3489091 4.4592433e-18 0)
19.52           (2.3491255 4.7277418e-18 0)
19.525          (2.3493404 4.9730586e-18 0)
19.53           (2.3495538 5.020644e-18 0)
19.535          (2.3497657 4.5945953e-18 0)
19.54           (2.3499762 4.3460668e-18 0)
19.545          (2.3501851 3.8140372e-18 0)
19.55           (2.3503926 3.4218155e-18 0)
19.555          (2.3505986 3.4510658e-18 0)
19.56           (2.3508032 3.5816878e-18 0)
19.565          (2.3510062 3.3720744e-18 0)
19.57           (2.3512078 2.9972995e-18 0)
19.575          (2.3514079 2.7437429e-18 0)
19.58           (2.3516065 2.8320063e-18 0)
19.585          (2.3518036 2.8384372e-18 0)
19.59           (2.3519993 3.1316949e-18 0)
19.595          (2.3521935 3.1337999e-18 0)
19.6            (2.3523862 2.8089717e-18 0)
19.605          (2.3525774 2.8390793e-18 0)
19.61           (2.3527671 2.6238666e-18 0)
19.615          (2.3529554 2.667035e-18 0)
19.62           (2.3531422 3.0314516e-18 0)
19.625          (2.3533276 3.1262536e-18 0)
19.63           (2.3535114 3.0904121e-18 0)
19.635          (2.3536938 2.5495978e-18 0)
19.64           (2.3538748 2.442266e-18 0)
19.645          (2.3540542 2.4991023e-18 0)
19.65           (2.3542322 2.6399566e-18 0)
19.655          (2.3544087 2.4655872e-18 0)
19.66           (2.3545838 2.2690871e-18 0)
19.665          (2.3547574 2.0300969e-18 0)
19.67           (2.3549295 2.2621964e-18 0)
19.675          (2.3551002 2.8130995e-18 0)
19.68           (2.3552694 2.9054138e-18 0)
19.685          (2.3554371 3.0264762e-18 0)
19.69           (2.3556034 2.9724186e-18 0)
19.695          (2.3557682 3.2727007e-18 0)
19.7            (2.3559315 3.3379959e-18 0)
19.705          (2.3560934 2.9408681e-18 0)
19.71           (2.3562539 2.5465649e-18 0)
19.715          (2.3564129 2.0585551e-18 0)
19.72           (2.3565704 2.3125989e-18 0)
19.725          (2.3567265 2.5086175e-18 0)
19.73           (2.3568811 2.8247432e-18 0)
19.735          (2.3570343 3.1074555e-18 0)
19.74           (2.357186 3.0635255e-18 0)
19.745          (2.3573363 2.9768379e-18 0)
19.75           (2.3574851 2.6117994e-18 0)
19.755          (2.3576325 2.4364308e-18 0)
19.76           (2.3577784 2.6766908e-18 0)
19.765          (2.3579229 3.0233841e-18 0)
19.77           (2.358066 3.7266048e-18 0)
19.775          (2.3582076 4.398414e-18 0)
19.78           (2.3583478 4.753177e-18 0)
19.785          (2.3584865 4.8745841e-18 0)
19.79           (2.3586238 5.211075e-18 0)
19.795          (2.3587597 5.4811392e-18 0)
19.8            (2.3588941 5.7191869e-18 0)
19.805          (2.3590271 6.0581675e-18 0)
19.81           (2.3591586 6.3837212e-18 0)
19.815          (2.3592888 6.663009e-18 0)
19.82           (2.3594175 6.9602406e-18 0)
19.825          (2.3595447 7.491011e-18 0)
19.83           (2.3596706 7.9415815e-18 0)
19.835          (2.359795 8.2444749e-18 0)
19.84           (2.359918 8.9207637e-18 0)
19.845          (2.3600396 9.3853913e-18 0)
19.85           (2.3601597 9.7840103e-18 0)
19.855          (2.3602785 1.0060671e-17 0)
19.86           (2.3603958 9.8510828e-18 0)
19.865          (2.3605117 9.8936681e-18 0)
19.87           (2.3606262 9.7308781e-18 0)
19.875          (2.3607393 9.6765082e-18 0)
19.88           (2.3608509 9.6128998e-18 0)
19.885          (2.3609612 9.770467e-18 0)
19.89           (2.36107 9.5152412e-18 0)
19.895          (2.3611775 9.5701125e-18 0)
19.9            (2.3612835 9.4352063e-18 0)
19.905          (2.3613881 9.6512168e-18 0)
19.91           (2.3614914 1.0044137e-17 0)
19.915          (2.3615932 1.0367393e-17 0)
19.92           (2.3616936 1.0448112e-17 0)
19.925          (2.3617927 1.0590771e-17 0)
19.93           (2.3618903 1.0748718e-17 0)
19.935          (2.3619866 1.0941996e-17 0)
19.94           (2.3620815 1.1286544e-17 0)
19.945          (2.3621749 1.112544e-17 0)
19.95           (2.362267 1.1043619e-17 0)
19.955          (2.3623577 1.1034704e-17 0)
19.96           (2.3624471 1.0831707e-17 0)
19.965          (2.362535 1.0867273e-17 0)
19.97           (2.3626216 1.0888316e-17 0)
19.975          (2.3627067 1.093705e-17 0)
19.98           (2.3627905 1.1119498e-17 0)
19.985          (2.362873 1.10578e-17 0)
19.99           (2.362954 1.0777426e-17 0)
19.995          (2.3630337 1.1021668e-17 0)
20              (2.3631121 1.101727e-17 0)
20.005          (2.363189 1.0806604e-17 0)
20.01           (2.3632646 1.0581e-17 0)
20.015          (2.3633388 1.0313104e-17 0)
20.02           (2.3634117 1.0272335e-17 0)
20.025          (2.3634832 1.0355741e-17 0)
20.03           (2.3635534 1.0521381e-17 0)
20.035          (2.3636222 1.043084e-17 0)
20.04           (2.3636897 1.0312129e-17 0)
20.045          (2.3637558 1.0256064e-17 0)
20.05           (2.3638205 1.0181416e-17 0)
20.055          (2.3638839 1.0428484e-17 0)
20.06           (2.363946 1.0123361e-17 0)
20.065          (2.3640067 9.9146147e-18 0)
20.07           (2.3640661 9.7906302e-18 0)
20.075          (2.3641242 9.785907e-18 0)
20.08           (2.3641809 9.9564294e-18 0)
20.085          (2.3642363 1.024678e-17 0)
20.09           (2.3642903 1.0421535e-17 0)
20.095          (2.364343 1.0595493e-17 0)
20.1            (2.3643944 1.0756115e-17 0)
20.105          (2.3644445 1.0957553e-17 0)
20.11           (2.3644933 1.094899e-17 0)
20.115          (2.3645407 1.0963335e-17 0)
20.12           (2.3645868 1.1024002e-17 0)
20.125          (2.3646316 1.0923968e-17 0)
20.13           (2.3646751 1.1126094e-17 0)
20.135          (2.3647173 1.1112956e-17 0)
20.14           (2.3647582 1.0868228e-17 0)
20.145          (2.3647978 1.0832664e-17 0)
20.15           (2.364836 1.0763207e-17 0)
20.155          (2.364873 1.0739768e-17 0)
20.16           (2.3649087 1.0662375e-17 0)
20.165          (2.364943 1.0612238e-17 0)
20.17           (2.3649761 1.0247608e-17 0)
20.175          (2.3650079 9.7152802e-18 0)
20.18           (2.3650384 9.2469103e-18 0)
20.185          (2.3650676 9.1865563e-18 0)
20.19           (2.3650955 8.9371657e-18 0)
20.195          (2.3651222 8.5843434e-18 0)
20.2            (2.3651476 8.3431991e-18 0)
20.205          (2.3651717 7.8563783e-18 0)
20.21           (2.3651945 7.4720943e-18 0)
20.215          (2.365216 7.3627165e-18 0)
20.22           (2.3652363 7.6410406e-18 0)
20.225          (2.3652553 7.6190249e-18 0)
20.23           (2.3652731 7.2430377e-18 0)
20.235          (2.3652896 7.2623485e-18 0)
20.24           (2.3653048 7.4194879e-18 0)
20.245          (2.3653188 7.4054298e-18 0)
20.25           (2.3653315 7.4968682e-18 0)
20.255          (2.365343 7.4346483e-18 0)
20.26           (2.3653532 7.2104606e-18 0)
20.265          (2.3653622 7.0837483e-18 0)
20.27           (2.3653699 6.9818519e-18 0)
20.275          (2.3653764 6.712205e-18 0)
20.28           (2.3653817 6.2351663e-18 0)
20.285          (2.3653857 5.7507096e-18 0)
20.29           (2.3653885 5.858715e-18 0)
20.295          (2.36539 5.7326053e-18 0)
20.3            (2.3653904 5.5495432e-18 0)
20.305          (2.3653895 4.9429637e-18 0)
20.31           (2.3653874 4.7447339e-18 0)
20.315          (2.3653841 4.8804741e-18 0)
20.32           (2.3653795 4.991603e-18 0)
20.325          (2.3653738 5.0312448e-18 0)
20.33           (2.3653668 4.7444285e-18 0)
20.335          (2.3653586 4.6454037e-18 0)
20.34           (2.3653492 4.3000634e-18 0)
20.345          (2.3653386 4.1742116e-18 0)
20.35           (2.3653269 3.957046e-18 0)
20.355          (2.3653139 3.4865406e-18 0)
20.36           (2.3652997 3.4382563e-18 0)
20.365          (2.3652843 3.4311364e-18 0)
20.37           (2.3652678 3.5667538e-18 0)
20.375          (2.36525 3.731106e-18 0)
20.38           (2.3652311 3.833916e-18 0)
20.385          (2.365211 3.7868184e-18 0)
20.39           (2.3651897 3.4528663e-18 0)
20.395          (2.3651673 3.1786834e-18 0)
20.4            (2.3651437 3.3601937e-18 0)
20.405          (2.3651189 3.3215441e-18 0)
20.41           (2.3650929 2.8097955e-18 0)
20.415          (2.3650658 2.6010047e-18 0)
20.42           (2.3650375 2.6214866e-18 0)
20.425          (2.3650081 3.0274923e-18 0)
20.43           (2.3649775 3.3376222e-18 0)
20.435          (2.3649457 3.6782846e-18 0)
20.44           (2.3649128 4.0419252e-18 0)
20.445          (2.3648788 4.5440231e-18 0)
20.45           (2.3648436 4.8435977e-18 0)
20.455          (2.3648073 5.094626e-18 0)
20.46           (2.3647699 5.1414441e-18 0)
20.465          (2.3647313 4.9690225e-18 0)
20.47           (2.3646916 5.0096555e-18 0)
20.475          (2.3646507 5.0710532e-18 0)
20.48           (2.3646088 4.8665115e-18 0)
20.485          (2.3645657 4.7124842e-18 0)
20.49           (2.3645215 4.8408292e-18 0)
20.495          (2.3644762 4.767327e-18 0)
20.5            (2.3644297 4.815487e-18 0)
20.505          (2.3643822 4.8439388e-18 0)
20.51           (2.3643335 4.9187457e-18 0)
20.515          (2.3642838 5.2906579e-18 0)
20.52           (2.3642329 5.4211231e-18 0)
20.525          (2.364181 5.6211417e-18 0)
20.53           (2.364128 5.7242223e-18 0)
20.535          (2.3640738 5.7890782e-18 0)
20.54           (2.3640186 5.4850039e-18 0)
20.545          (2.3639623 5.5006356e-18 0)
20.55           (2.3639049 5.8595122e-18 0)
20.555          (2.3638465 5.9715488e-18 0)
20.56           (2.363787 6.0439574e-18 0)
20.565          (2.3637264 5.9493666e-18 0)
20.57           (2.3636647 6.366458e-18 0)
20.575          (2.3636019 6.7962181e-18 0)
20.58           (2.3635381 7.1240061e-18 0)
20.585          (2.3634733 7.5705123e-18 0)
20.59           (2.3634074 7.4420196e-18 0)
20.595          (2.3633404 7.5756719e-18 0)
20.6            (2.3632724 7.480492e-18 0)
20.605          (2.3632033 7.6163593e-18 0)
20.61           (2.3631332 7.8702688e-18 0)
20.615          (2.3630621 8.2113478e-18 0)
20.62           (2.3629899 8.3338229e-18 0)
20.625          (2.3629167 8.3640039e-18 0)
20.63           (2.3628424 8.157431e-18 0)
20.635          (2.3627672 8.3109699e-18 0)
20.64           (2.3626909 7.8682484e-18 0)
20.645          (2.3626136 7.4201743e-18 0)
20.65           (2.3625352 6.9402278e-18 0)
20.655          (2.3624559 6.7853447e-18 0)
20.66           (2.3623755 6.6590158e-18 0)
20.665          (2.3622942 6.7649844e-18 0)
20.67           (2.3622118 6.7448553e-18 0)
20.675          (2.3621285 6.5334753e-18 0)
20.68           (2.3620441 5.9428253e-18 0)
20.685          (2.3619587 5.2278482e-18 0)
20.69           (2.3618724 4.8205707e-18 0)
20.695          (2.3617851 5.0709193e-18 0)
20.7            (2.3616968 5.0360399e-18 0)
20.705          (2.3616075 4.893909e-18 0)
20.71           (2.3615172 4.8860826e-18 0)
20.715          (2.3614259 4.3514207e-18 0)
20.72           (2.3613337 4.0138539e-18 0)
20.725          (2.3612405 3.8987058e-18 0)
20.73           (2.3611464 4.0602161e-18 0)
20.735          (2.3610513 4.3067393e-18 0)
20.74           (2.3609552 4.4693643e-18 0)
20.745          (2.3608582 4.3723548e-18 0)
20.75           (2.3607602 4.7116533e-18 0)
20.755          (2.3606613 5.0029484e-18 0)
20.76           (2.3605615 4.6274636e-18 0)
20.765          (2.3604607 4.2020681e-18 0)
20.77           (2.3603589 3.7020448e-18 0)
20.775          (2.3602563 3.1964697e-18 0)
20.78           (2.3601527 2.9650543e-18 0)
20.785          (2.3600481 2.753164e-18 0)
20.79           (2.3599427 2.2749676e-18 0)
20.795          (2.3598363 2.2964981e-18 0)
20.8            (2.359729 2.2466975e-18 0)
20.805          (2.3596208 2.1580045e-18 0)
20.81           (2.3595117 1.5491604e-18 0)
20.815          (2.3594017 1.663527e-18 0)
20.82           (2.3592908 1.5958878e-18 0)
20.825          (2.359179 1.2932961e-18 0)
20.83           (2.3590663 1.1818289e-18 0)
20.835          (2.3589527 1.0536815e-18 0)
20.84           (2.3588382 1.1096248e-18 0)
20.845          (2.3587228 1.3146772e-18 0)
20.85           (2.3586066 1.8125822e-18 0)
20.855          (2.3584894 1.8634973e-18 0)
20.86           (2.3583714 2.107851e-18 0)
20.865          (2.3582526 2.2298829e-18 0)
20.87           (2.3581328 2.4972483e-18 0)
20.875          (2.3580122 2.8376733e-18 0)
20.88           (2.3578907 3.0161662e-18 0)
20.885          (2.3577684 3.1501081e-18 0)
20.89           (2.3576452 3.5750091e-18 0)
20.895          (2.3575212 3.6276019e-18 0)
20.9            (2.3573963 3.4400028e-18 0)
20.905          (2.3572706 3.5356496e-18 0)
20.91           (2.3571441 3.5093709e-18 0)
20.915          (2.3570167 3.7261164e-18 0)
20.92           (2.3568884 4.0643271e-18 0)
20.925          (2.3567594 3.9282552e-18 0)
20.93           (2.3566295 4.3803898e-18 0)
20.935          (2.3564988 4.8743358e-18 0)
20.94           (2.3563673 5.055518e-18 0)
20.945          (2.3562349 5.3443396e-18 0)
20.95           (2.3561018 5.4899713e-18 0)
20.955          (2.3559678 5.5426261e-18 0)
20.96           (2.3558331 5.4114824e-18 0)
20.965          (2.3556975 5.2713618e-18 0)
20.97           (2.3555612 5.0575559e-18 0)
20.975          (2.355424 5.2389524e-18 0)
20.98           (2.3552861 5.1882007e-18 0)
20.985          (2.3551473 4.6901519e-18 0)
20.99           (2.3550078 4.7111186e-18 0)
20.995          (2.3548675 4.5261086e-18 0)
21              (2.3547265 4.3818296e-18 0)
21.005          (2.3545846 4.0391277e-18 0)
21.01           (2.354442 3.5064899e-18 0)
21.015          (2.3542987 3.0379838e-18 0)
21.02           (2.3541545 2.4918062e-18 0)
21.025          (2.3540096 1.8870621e-18 0)
21.03           (2.353864 1.6323507e-18 0)
21.035          (2.3537176 1.8928361e-18 0)
21.04           (2.3535705 2.0956963e-18 0)
21.045          (2.3534226 2.000408e-18 0)
21.05           (2.353274 1.8468809e-18 0)
21.055          (2.3531246 1.7694643e-18 0)
21.06           (2.3529745 1.4512886e-18 0)
21.065          (2.3528237 1.1732164e-18 0)
21.07           (2.3526722 9.8717674e-19 0)
21.075          (2.3525199 5.3128977e-19 0)
21.08           (2.3523669 3.5157813e-19 0)
21.085          (2.3522132 2.5967774e-19 0)
21.09           (2.3520588 2.2090922e-19 0)
21.095          (2.3519037 4.1870014e-19 0)
21.1            (2.3517479 7.4721138e-19 0)
21.105          (2.3515913 9.7557601e-19 0)
21.11           (2.3514341 1.2753521e-18 0)
21.115          (2.3512762 1.4821028e-18 0)
21.12           (2.3511176 1.7850004e-18 0)
21.125          (2.3509583 1.6641946e-18 0)
21.13           (2.3507984 1.8606505e-18 0)
21.135          (2.3506377 1.9732224e-18 0)
21.14           (2.3504764 2.0579855e-18 0)
21.145          (2.3503144 2.2646693e-18 0)
21.15           (2.3501517 2.4205643e-18 0)
21.155          (2.3499884 2.6115285e-18 0)
21.16           (2.3498244 2.731308e-18 0)
21.165          (2.3496598 2.8879435e-18 0)
21.17           (2.3494945 2.8761127e-18 0)
21.175          (2.3493285 2.5010378e-18 0)
21.18           (2.349162 2.3958275e-18 0)
21.185          (2.3489947 2.0115828e-18 0)
21.19           (2.3488269 1.81623e-18 0)
21.195          (2.3486584 1.1617776e-18 0)
21.2            (2.3484892 3.2747476e-19 0)
21.205          (2.3483195 -1.8436657e-19 0)
21.21           (2.3481491 -2.0156576e-19 0)
21.215          (2.3479781 -4.295158e-19 0)
21.22           (2.3478064 -5.5848103e-19 0)
21.225          (2.3476342 -5.6005358e-19 0)
21.23           (2.3474614 -8.3065354e-19 0)
21.235          (2.3472879 -6.188656e-19 0)
21.24           (2.3471138 -4.4258129e-19 0)
21.245          (2.3469392 -3.8051726e-19 0)
21.25           (2.3467639 -9.4206024e-20 0)
21.255          (2.3465881 5.9814468e-20 0)
21.26           (2.3464117 -4.4524931e-19 0)
21.265          (2.3462347 -6.5102062e-19 0)
21.27           (2.3460571 -1.1443883e-18 0)
21.275          (2.3458789 -1.0502624e-18 0)
21.28           (2.3457002 -4.7971497e-19 0)
21.285          (2.3455208 -2.5146854e-19 0)
21.29           (2.345341 9.3191419e-20 0)
21.295          (2.3451605 4.9624234e-19 0)
21.3            (2.3449795 7.7777435e-19 0)
21.305          (2.344798 1.140631e-18 0)
21.31           (2.3446159 2.1836817e-18 0)
21.315          (2.3444332 2.9635505e-18 0)
21.32           (2.34425 3.2562044e-18 0)
21.325          (2.3440663 3.4671248e-18 0)
21.33           (2.343882 3.8096255e-18 0)
21.335          (2.3436972 4.2028563e-18 0)
21.34           (2.3435119 3.5688698e-18 0)
21.345          (2.343326 3.4872708e-18 0)
21.35           (2.3431396 2.8806993e-18 0)
21.355          (2.3429527 2.5723366e-18 0)
21.36           (2.3427653 2.3959727e-18 0)
21.365          (2.3425773 2.2720587e-18 0)
21.37           (2.3423889 2.6758319e-18 0)
21.375          (2.3422 3.1709505e-18 0)
21.38           (2.3420105 3.582441e-18 0)
21.385          (2.3418206 3.928302e-18 0)
21.39           (2.3416301 4.1340943e-18 0)
21.395          (2.3414392 4.852003e-18 0)
21.4            (2.3412478 5.4031796e-18 0)
21.405          (2.3410559 5.5501425e-18 0)
21.41           (2.3408635 5.3545723e-18 0)
21.415          (2.3406707 4.9345316e-18 0)
21.42           (2.3404774 4.9318915e-18 0)
21.425          (2.3402836 5.1518534e-18 0)
21.43           (2.3400893 5.0715557e-18 0)
21.435          (2.3398946 5.3762975e-18 0)
21.44           (2.3396994 5.8059083e-18 0)
21.445          (2.3395038 6.0349364e-18 0)
21.45           (2.3393077 6.2439304e-18 0)
21.455          (2.3391112 6.4443527e-18 0)
21.46           (2.3389142 6.9657477e-18 0)
21.465          (2.3387168 7.4008786e-18 0)
21.47           (2.338519 7.8040808e-18 0)
21.475          (2.3383207 8.3393444e-18 0)
21.48           (2.338122 8.7572872e-18 0)
21.485          (2.3379229 8.8599763e-18 0)
21.49           (2.3377233 9.0064853e-18 0)
21.495          (2.3375234 9.3387098e-18 0)
21.5            (2.337323 9.4189981e-18 0)
21.505          (2.3371222 9.178501e-18 0)
21.51           (2.336921 9.3635189e-18 0)
21.515          (2.3367194 9.7871886e-18 0)
21.52           (2.3365174 9.6437481e-18 0)
21.525          (2.336315 9.7981618e-18 0)
21.53           (2.3361122 9.7772766e-18 0)
21.535          (2.335909 1.0033274e-17 0)
21.54           (2.3357054 1.0144872e-17 0)
21.545          (2.3355015 1.0053588e-17 0)
21.55           (2.3352971 1.0104325e-17 0)
21.555          (2.3350924 9.7684033e-18 0)
21.56           (2.3348873 9.2555971e-18 0)
21.565          (2.3346819 9.1529865e-18 0)
21.57           (2.3344761 9.255489e-18 0)
21.575          (2.3342699 9.0795341e-18 0)
21.58           (2.3340634 9.2124241e-18 0)
21.585          (2.3338565 9.4099535e-18 0)
21.59           (2.3336492 9.4569263e-18 0)
21.595          (2.3334417 8.8806402e-18 0)
21.6            (2.3332337 8.7850377e-18 0)
21.605          (2.3330255 8.5202311e-18 0)
21.61           (2.3328168 8.2166867e-18 0)
21.615          (2.3326079 7.617146e-18 0)
21.62           (2.3323986 6.819635e-18 0)
21.625          (2.332189 6.0502765e-18 0)
21.63           (2.3319791 5.702757e-18 0)
21.635          (2.3317689 5.0636115e-18 0)
21.64           (2.3315583 4.7843521e-18 0)
21.645          (2.3313474 4.2178131e-18 0)
21.65           (2.3311363 4.233837e-18 0)
21.655          (2.3309248 3.9912286e-18 0)
21.66           (2.330713 3.9484845e-18 0)
21.665          (2.3305009 3.7238362e-18 0)
21.67           (2.3302885 3.5665016e-18 0)
21.675          (2.3300759 3.4583984e-18 0)
21.68           (2.3298629 3.4883521e-18 0)
21.685          (2.3296497 3.4357355e-18 0)
21.69           (2.3294361 3.4315302e-18 0)
21.695          (2.3292223 3.7156027e-18 0)
21.7            (2.3290082 3.5605545e-18 0)
21.705          (2.3287939 3.2995778e-18 0)
21.71           (2.3285793 3.2736555e-18 0)
21.715          (2.3283644 3.165632e-18 0)
21.72           (2.3281493 2.8696626e-18 0)
21.725          (2.3279339 2.8641699e-18 0)
21.73           (2.3277182 3.0800686e-18 0)
21.735          (2.3275023 3.6900098e-18 0)
21.74           (2.3272862 4.0648324e-18 0)
21.745          (2.3270698 3.8046121e-18 0)
21.75           (2.3268531 3.5833969e-18 0)
21.755          (2.3266363 3.4510695e-18 0)
21.76           (2.3264192 3.1386473e-18 0)
21.765          (2.3262018 3.0164666e-18 0)
21.77           (2.3259843 3.1756106e-18 0)
21.775          (2.3257665 3.580943e-18 0)
21.78           (2.3255485 3.8328978e-18 0)
21.785          (2.3253303 3.8343085e-18 0)
21.79           (2.3251118 3.9441284e-18 0)
21.795          (2.3248932 4.0466885e-18 0)
21.8            (2.3246743 3.8942592e-18 0)
21.805          (2.3244553 3.6157363e-18 0)
21.81           (2.324236 3.5956086e-18 0)
21.815          (2.3240166 3.7397866e-18 0)
21.82           (2.3237969 3.6964575e-18 0)
21.825          (2.3235771 3.4686233e-18 0)
21.83           (2.3233571 3.3590365e-18 0)
21.835          (2.3231369 3.2090666e-18 0)
21.84           (2.3229165 3.3468478e-18 0)
21.845          (2.322696 3.5338123e-18 0)
21.85           (2.3224752 3.6069024e-18 0)
21.855          (2.3222543 3.8095609e-18 0)
21.86           (2.3220333 3.9614997e-18 0)
21.865          (2.321812 4.0334585e-18 0)
21.87           (2.3215907 3.9685818e-18 0)
21.875          (2.3213691 3.4577994e-18 0)
21.88           (2.3211474 2.9370747e-18 0)
21.885          (2.3209256 2.3624758e-18 0)
21.89           (2.3207036 1.7079764e-18 0)
21.895          (2.3204814 1.3650121e-18 0)
21.9            (2.3202591 9.1832908e-19 0)
21.905          (2.3200367 6.0086399e-20 0)
21.91           (2.3198142 -6.0165783e-19 0)
21.915          (2.3195915 -1.1515053e-18 0)
21.92           (2.3193687 -1.5413361e-18 0)
21.925          (2.3191457 -2.0209351e-18 0)
21.93           (2.3189227 -1.9037143e-18 0)
21.935          (2.3186995 -2.0177489e-18 0)
21.94           (2.3184762 -2.1380423e-18 0)
21.945          (2.3182528 -2.5321575e-18 0)
21.95           (2.3180293 -2.9002003e-18 0)
21.955          (2.3178057 -2.9385936e-18 0)
21.96           (2.317582 -2.9254099e-18 0)
21.965          (2.3173582 -3.3836849e-18 0)
21.97           (2.3171343 -3.2262852e-18 0)
21.975          (2.3169103 -3.0288312e-18 0)
21.98           (2.3166862 -2.9305977e-18 0)
21.985          (2.316462 -2.3160674e-18 0)
21.99           (2.3162378 -2.0307081e-18 0)
21.995          (2.3160134 -1.8452585e-18 0)
22              (2.315789 -1.4121257e-18 0)
22.005          (2.3155645 -1.1153339e-18 0)
22.01           (2.31534 -4.3877011e-19 0)
22.015          (2.3151154 -2.3317311e-19 0)
22.02           (2.3148907 -1.1664034e-19 0)
22.025          (2.3146659 1.6054474e-19 0)
22.03           (2.3144411 2.4335138e-19 0)
22.035          (2.3142163 2.4021747e-19 0)
22.04           (2.3139914 3.0188885e-19 0)
22.045          (2.3137664 5.3164596e-19 0)
22.05           (2.3135414 8.605693e-19 0)
22.055          (2.3133164 1.1761161e-18 0)
22.06           (2.3130913 1.5556001e-18 0)
22.065          (2.3128661 1.7381218e-18 0)
22.07           (2.312641 1.9200962e-18 0)
22.075          (2.3124158 2.0105884e-18 0)
22.08           (2.3121906 1.9525754e-18 0)
22.085          (2.3119654 2.1661987e-18 0)
22.09           (2.3117401 2.070442e-18 0)
22.095          (2.3115148 1.7789014e-18 0)
22.1            (2.3112896 2.0487145e-18 0)
22.105          (2.3110643 2.3648239e-18 0)
22.11           (2.3108389 2.6436331e-18 0)
22.115          (2.3106136 2.68454e-18 0)
22.12           (2.3103883 2.6500016e-18 0)
22.125          (2.310163 3.0695053e-18 0)
22.13           (2.3099377 3.3034809e-18 0)
22.135          (2.3097124 3.5726204e-18 0)
22.14           (2.3094871 4.1226775e-18 0)
22.145          (2.3092618 4.4234481e-18 0)
22.15           (2.3090365 4.7095517e-18 0)
22.155          (2.3088113 4.7731572e-18 0)
22.16           (2.308586 5.0061569e-18 0)
22.165          (2.3083608 5.2367265e-18 0)
22.17           (2.3081357 5.4047864e-18 0)
22.175          (2.3079105 5.5130991e-18 0)
22.18           (2.3076854 5.5906714e-18 0)
22.185          (2.3074603 5.6988947e-18 0)
22.19           (2.3072353 5.8382876e-18 0)
22.195          (2.3070103 5.8995895e-18 0)
22.2            (2.3067853 6.3381444e-18 0)
22.205          (2.3065604 6.397019e-18 0)
22.21           (2.3063355 6.4411494e-18 0)
22.215          (2.3061107 5.9910874e-18 0)
22.22           (2.305886 5.7466588e-18 0)
22.225          (2.3056613 5.4217404e-18 0)
22.23           (2.3054367 4.7768616e-18 0)
22.235          (2.3052121 4.5018169e-18 0)
22.24           (2.3049876 4.7565175e-18 0)
22.245          (2.3047632 5.3739371e-18 0)
22.25           (2.3045388 5.9808518e-18 0)
22.255          (2.3043145 6.5613987e-18 0)
22.26           (2.3040903 7.1012578e-18 0)
22.265          (2.3038662 7.4550901e-18 0)
22.27           (2.3036422 8.0718591e-18 0)
22.275          (2.3034182 8.9405685e-18 0)
22.28           (2.3031944 9.6965944e-18 0)
22.285          (2.3029706 1.0137418e-17 0)
22.29           (2.3027469 1.0205709e-17 0)
22.295          (2.3025233 1.0614879e-17 0)
22.3            (2.3022999 1.0501201e-17 0)
22.305          (2.3020765 1.0462292e-17 0)
22.31           (2.3018532 1.0375435e-17 0)
22.315          (2.3016301 1.0404432e-17 0)
22.32           (2.301407 1.045515e-17 0)
22.325          (2.3011841 1.0353161e-17 0)
22.33           (2.3009613 1.0370172e-17 0)
22.335          (2.3007386 1.0484575e-17 0)
22.34           (2.300516 1.0416818e-17 0)
22.345          (2.3002936 9.9678321e-18 0)
22.35           (2.3000713 9.9598096e-18 0)
22.355          (2.2998491 9.9831837e-18 0)
22.36           (2.299627 1.0082783e-17 0)
22.365          (2.2994051 1.0165756e-17 0)
22.37           (2.2991833 1.0567258e-17 0)
22.375          (2.2989617 1.0936716e-17 0)
22.38           (2.2987402 1.1470829e-17 0)
22.385          (2.2985188 1.1544404e-17 0)
22.39           (2.2982976 1.0859259e-17 0)
22.395          (2.2980766 1.037562e-17 0)
22.4            (2.2978557 9.706006e-18 0)
22.405          (2.297635 9.1089279e-18 0)
22.41           (2.2974144 9.2096689e-18 0)
22.415          (2.297194 8.8187577e-18 0)
22.42           (2.2969737 8.2479156e-18 0)
22.425          (2.2967536 8.0156571e-18 0)
22.43           (2.2965337 8.3579758e-18 0)
22.435          (2.296314 8.4689479e-18 0)
22.44           (2.2960944 8.2520914e-18 0)
22.445          (2.295875 7.9364387e-18 0)
22.45           (2.2956558 8.1017886e-18 0)
22.455          (2.2954367 8.1938773e-18 0)
22.46           (2.2952179 8.0408083e-18 0)
22.465          (2.2949992 7.1721233e-18 0)
22.47           (2.2947808 6.6561634e-18 0)
22.475          (2.2945625 6.594484e-18 0)
22.48           (2.2943444 6.2976178e-18 0)
22.485          (2.2941265 6.4836809e-18 0)
22.49           (2.2939088 6.4100554e-18 0)
22.495          (2.2936913 6.3380271e-18 0)
22.5            (2.293474 6.4962795e-18 0)
22.505          (2.293257 6.4944912e-18 0)
22.51           (2.2930401 6.1373233e-18 0)
22.515          (2.2928234 5.6138626e-18 0)
22.52           (2.292607 5.2830275e-18 0)
22.525          (2.2923908 5.2953994e-18 0)
22.53           (2.2921748 5.3172045e-18 0)
22.535          (2.291959 5.4035166e-18 0)
22.54           (2.2917434 5.5816284e-18 0)
22.545          (2.2915281 5.7025421e-18 0)
22.55           (2.291313 6.0485304e-18 0)
22.555          (2.2910981 6.0664313e-18 0)
22.56           (2.2908835 6.2860829e-18 0)
22.565          (2.2906691 6.3450872e-18 0)
22.57           (2.2904551 6.4819338e-18 0)
22.575          (2.2902413 6.3349998e-18 0)
22.58           (2.2900277 6.1408761e-18 0)
22.585          (2.2898145 5.8345046e-18 0)
22.59           (2.2896015 5.8987683e-18 0)
22.595          (2.2893888 5.947912e-18 0)
22.6            (2.2891763 6.0231589e-18 0)
22.605          (2.2889641 5.8824072e-18 0)
22.61           (2.2887522 5.9945469e-18 0)
22.615          (2.2885405 5.8147563e-18 0)
22.62           (2.2883291 5.6175733e-18 0)
22.625          (2.2881179 5.8382379e-18 0)
22.63           (2.287907 5.9566987e-18 0)
22.635          (2.2876964 5.9926532e-18 0)
22.64           (2.287486 6.1070317e-18 0)
22.645          (2.2872759 5.9676255e-18 0)
22.65           (2.287066 5.9943186e-18 0)
22.655          (2.2868564 6.1191166e-18 0)
22.66           (2.2866471 6.4459357e-18 0)
22.665          (2.286438 6.6123624e-18 0)
22.67           (2.2862292 6.73312e-18 0)
22.675          (2.2860206 6.6945278e-18 0)
22.68           (2.2858123 6.7546758e-18 0)
22.685          (2.2856042 6.7809138e-18 0)
22.69           (2.2853964 6.7055659e-18 0)
22.695          (2.2851889 6.3532807e-18 0)
22.7            (2.2849816 6.6226262e-18 0)
22.705          (2.2847746 6.6106988e-18 0)
22.71           (2.2845679 6.1116349e-18 0)
22.715          (2.2843615 5.759985e-18 0)
22.72           (2.2841554 5.2180633e-18 0)
22.725          (2.2839496 5.3650859e-18 0)
22.73           (2.2837441 5.5163682e-18 0)
22.735          (2.2835389 5.5057675e-18 0)
22.74           (2.283334 5.8492011e-18 0)
22.745          (2.2831294 6.280681e-18 0)
22.75           (2.2829251 6.6743539e-18 0)
22.755          (2.2827212 6.7035324e-18 0)
22.76           (2.2825175 7.0106995e-18 0)
22.765          (2.2823142 7.1327496e-18 0)
22.77           (2.2821112 7.2971173e-18 0)
22.775          (2.2819085 7.4767531e-18 0)
22.78           (2.2817062 7.8306852e-18 0)
22.785          (2.2815042 8.5040108e-18 0)
22.79           (2.2813025 9.066082e-18 0)
22.795          (2.2811011 9.1921442e-18 0)
22.8            (2.2809001 9.062454e-18 0)
22.805          (2.2806994 9.4165509e-18 0)
22.81           (2.2804991 9.3817053e-18 0)
22.815          (2.2802991 9.2664362e-18 0)
22.82           (2.2800994 8.8615341e-18 0)
22.825          (2.2799001 8.7024021e-18 0)
22.83           (2.2797011 8.5378352e-18 0)
22.835          (2.2795025 8.4948984e-18 0)
22.84           (2.2793042 8.5292963e-18 0)
22.845          (2.2791063 8.3093295e-18 0)
22.85           (2.2789087 8.2417851e-18 0)
22.855          (2.2787115 8.1405547e-18 0)
22.86           (2.2785146 7.7758534e-18 0)
22.865          (2.2783181 7.2208563e-18 0)
22.87           (2.278122 7.1528935e-18 0)
22.875          (2.2779262 7.038729e-18 0)
22.88           (2.2777308 7.1856549e-18 0)
22.885          (2.2775357 7.6408904e-18 0)
22.89           (2.2773411 7.8446548e-18 0)
22.895          (2.2771468 7.5519422e-18 0)
22.9            (2.2769528 7.4704041e-18 0)
22.905          (2.2767593 7.3440685e-18 0)
22.91           (2.2765661 6.9383151e-18 0)
22.915          (2.2763733 6.698535e-18 0)
22.92           (2.2761808 6.3920139e-18 0)
22.925          (2.2759888 6.063078e-18 0)
22.93           (2.2757971 5.7240354e-18 0)
22.935          (2.2756058 5.3877937e-18 0)
22.94           (2.2754149 5.2981595e-18 0)
22.945          (2.2752244 5.2898016e-18 0)
22.95           (2.2750343 4.9349687e-18 0)
22.955          (2.2748445 4.5398319e-18 0)
22.96           (2.2746552 4.2197022e-18 0)
22.965          (2.2744662 4.2037515e-18 0)
22.97           (2.2742777 3.9449327e-18 0)
22.975          (2.2740895 3.5936337e-18 0)
22.98           (2.2739017 3.6646042e-18 0)
22.985          (2.2737144 3.5006249e-18 0)
22.99           (2.2735274 3.787987e-18 0)
22.995          (2.2733409 3.4427829e-18 0)
23              (2.2731547 3.1187406e-18 0)
23.005          (2.272969 2.782869e-18 0)
23.01           (2.2727836 2.2794292e-18 0)
23.015          (2.2725987 1.4783694e-18 0)
23.02           (2.2724142 9.4702197e-19 0)
23.025          (2.2722301 1.0042473e-18 0)
23.03           (2.2720464 7.7683936e-19 0)
23.035          (2.2718631 4.9704101e-19 0)
23.04           (2.2716803 2.9309635e-19 0)
23.045          (2.2714978 4.9952533e-20 0)
23.05           (2.2713158 -4.1094956e-20 0)
23.055          (2.2711342 -1.5570566e-19 0)
23.06           (2.2709531 -4.6676916e-19 0)
23.065          (2.2707723 -5.0537886e-19 0)
23.07           (2.270592 -8.3516208e-19 0)
23.075          (2.2704121 -9.7958461e-19 0)
23.08           (2.2702326 -7.3129031e-19 0)
23.085          (2.2700536 -4.3084756e-19 0)
23.09           (2.269875 -3.8795595e-20 0)
23.095          (2.2696968 4.5525045e-19 0)
23.1            (2.2695191 7.3832252e-19 0)
23.105          (2.2693418 7.1316995e-19 0)
23.11           (2.2691649 6.9364775e-19 0)
23.115          (2.2689885 1.007802e-18 0)
23.12           (2.2688125 1.3226296e-18 0)
23.125          (2.268637 1.2897955e-18 0)
23.13           (2.2684619 1.3546623e-18 0)
23.135          (2.2682872 1.4641885e-18 0)
23.14           (2.268113 1.902192e-18 0)
23.145          (2.2679393 1.9510032e-18 0)
23.15           (2.267766 1.9769205e-18 0)
23.155          (2.2675931 2.2344108e-18 0)
23.16           (2.2674207 2.5634978e-18 0)
23.165          (2.2672487 2.6403696e-18 0)
23.17           (2.2670772 2.7033912e-18 0)
23.175          (2.2669062 2.36887e-18 0)
23.18           (2.2667356 2.2648053e-18 0)
23.185          (2.2665655 1.9195705e-18 0)
23.19           (2.2663958 2.1040591e-18 0)
23.195          (2.2662266 2.1353935e-18 0)
23.2            (2.2660578 2.1032838e-18 0)
23.205          (2.2658895 2.444753e-18 0)
23.21           (2.2657217 2.8917979e-18 0)
23.215          (2.2655543 3.3279633e-18 0)
23.22           (2.2653874 3.8850097e-18 0)
23.225          (2.265221 4.2972454e-18 0)
23.23           (2.265055 4.6534589e-18 0)
23.235          (2.2648895 4.9329254e-18 0)
23.24           (2.2647245 5.3387355e-18 0)
23.245          (2.26456 5.4861981e-18 0)
23.25           (2.2643959 5.1887384e-18 0)
23.255          (2.2642323 5.0835995e-18 0)
23.26           (2.2640691 4.9187045e-18 0)
23.265          (2.2639065 4.9390467e-18 0)
23.27           (2.2637443 4.8324082e-18 0)
23.275          (2.2635826 4.8740459e-18 0)
23.28           (2.2634214 5.1822442e-18 0)
23.285          (2.2632607 5.1719608e-18 0)
23.29           (2.2631004 4.9274197e-18 0)
23.295          (2.2629406 4.9598004e-18 0)
23.3            (2.2627813 5.1900865e-18 0)
23.305          (2.2626225 5.4265453e-18 0)
23.31           (2.2624642 5.9870334e-18 0)
23.315          (2.2623064 5.9622082e-18 0)
23.32           (2.2621491 6.0150949e-18 0)
23.325          (2.2619922 5.7393546e-18 0)
23.33           (2.2618358 5.4222807e-18 0)
23.335          (2.26168 5.0264929e-18 0)
23.34           (2.2615246 5.2757681e-18 0)
23.345          (2.2613697 5.5317314e-18 0)
23.35           (2.2612153 5.3856379e-18 0)
23.355          (2.2610614 5.2674317e-18 0)
23.36           (2.260908 4.9768115e-18 0)
23.365          (2.2607551 5.0531291e-18 0)
23.37           (2.2606027 5.185216e-18 0)
23.375          (2.2604508 5.0230731e-18 0)
23.38           (2.2602994 4.8244734e-18 0)
23.385          (2.2601485 4.8057171e-18 0)
23.39           (2.2599981 4.6128832e-18 0)
23.395          (2.2598482 4.5695196e-18 0)
23.4            (2.2596988 4.6619653e-18 0)
23.405          (2.2595499 4.63662e-18 0)
23.41           (2.2594015 4.7530963e-18 0)
23.415          (2.2592536 4.7928502e-18 0)
23.42           (2.2591062 4.7645186e-18 0)
23.425          (2.2589594 4.5740914e-18 0)
23.43           (2.258813 4.2013834e-18 0)
23.435          (2.2586672 3.9180684e-18 0)
23.44           (2.2585218 3.8044826e-18 0)
23.445          (2.258377 3.7990288e-18 0)
23.45           (2.2582327 3.8258721e-18 0)
23.455          (2.2580889 4.0009001e-18 0)
23.46           (2.2579456 3.8951151e-18 0)
23.465          (2.2578028 3.8021331e-18 0)
23.47           (2.2576605 3.9094674e-18 0)
23.475          (2.2575188 3.9814811e-18 0)
23.48           (2.2573775 4.3670147e-18 0)
23.485          (2.2572368 4.933939e-18 0)
23.49           (2.2570966 5.2190541e-18 0)
23.495          (2.2569569 5.6857891e-18 0)
23.5            (2.2568178 5.9429078e-18 0)
23.505          (2.2566791 5.951736e-18 0)
23.51           (2.256541 5.9593889e-18 0)
23.515          (2.2564034 6.2591796e-18 0)
23.52           (2.2562664 5.8894212e-18 0)
23.525          (2.2561298 5.7554289e-18 0)
23.53           (2.2559938 5.5897645e-18 0)
23.535          (2.2558583 5.5795552e-18 0)
23.54           (2.2557233 5.6250328e-18 0)
23.545          (2.2555888 6.0795705e-18 0)
23.55           (2.2554549 6.1994188e-18 0)
23.555          (2.2553215 6.8552924e-18 0)
23.56           (2.2551886 7.2823802e-18 0)
23.565          (2.2550563 7.2970167e-18 0)
23.57           (2.2549245 7.3344123e-18 0)
23.575          (2.2547932 7.2992872e-18 0)
23.58           (2.2546624 7.8411495e-18 0)
23.585          (2.2545322 8.3695037e-18 0)
23.59           (2.2544025 8.0425931e-18 0)
23.595          (2.2542733 8.1688683e-18 0)
23.6            (2.2541447 8.1203356e-18 0)
23.605          (2.2540166 8.1667143e-18 0)
23.61           (2.253889 8.0945314e-18 0)
23.615          (2.2537619 7.5604148e-18 0)
23.62           (2.2536354 7.196718e-18 0)
23.625          (2.2535095 6.9914525e-18 0)
23.63           (2.253384 6.8565049e-18 0)
23.635          (2.2532591 6.8141936e-18 0)
23.64           (2.2531348 6.8161084e-18 0)
23.645          (2.2530109 6.6756935e-18 0)
23.65           (2.2528876 6.5860803e-18 0)
23.655          (2.2527649 6.6936522e-18 0)
23.66           (2.2526427 6.8359369e-18 0)
23.665          (2.252521 6.5084691e-18 0)
23.67           (2.2523998 6.4903954e-18 0)
23.675          (2.2522792 6.413346e-18 0)
23.68           (2.2521592 6.2493011e-18 0)
23.685          (2.2520397 6.2669534e-18 0)
23.69           (2.2519207 6.3815833e-18 0)
23.695          (2.2518022 6.1362806e-18 0)
23.7            (2.2516843 5.656027e-18 0)
23.705          (2.251567 5.2185352e-18 0)
23.71           (2.2514501 5.0054164e-18 0)
23.715          (2.2513339 4.889687e-18 0)
23.72           (2.2512181 4.9337547e-18 0)
23.725          (2.2511029 4.6922333e-18 0)
23.73           (2.2509883 4.5118706e-18 0)
23.735          (2.2508742 4.2584013e-18 0)
23.74           (2.2507606 3.9916016e-18 0)
23.745          (2.2506476 3.8647899e-18 0)
23.75           (2.2505351 4.1531485e-18 0)
23.755          (2.2504232 4.5446187e-18 0)
23.76           (2.2503118 4.867372e-18 0)
23.765          (2.250201 5.2154336e-18 0)
23.77           (2.2500907 5.540373e-18 0)
23.775          (2.2499809 5.6517638e-18 0)
23.78           (2.2498717 6.0478844e-18 0)
23.785          (2.2497631 6.6820389e-18 0)
23.79           (2.249655 7.4154829e-18 0)
23.795          (2.2495474 8.3701263e-18 0)
23.8            (2.2494404 8.7949726e-18 0)
23.805          (2.2493339 9.0234603e-18 0)
23.81           (2.249228 9.13343e-18 0)
23.815          (2.2491226 8.5964187e-18 0)
23.82           (2.2490178 8.4525797e-18 0)
23.825          (2.2489135 8.2434035e-18 0)
23.83           (2.2488098 8.1666171e-18 0)
23.835          (2.2487066 8.7016072e-18 0)
23.84           (2.248604 8.8273843e-18 0)
23.845          (2.2485019 8.4540382e-18 0)
23.85           (2.2484003 8.2628307e-18 0)
23.855          (2.2482994 7.7840076e-18 0)
23.86           (2.2481989 7.4963163e-18 0)
23.865          (2.248099 7.2157014e-18 0)
23.87           (2.2479997 6.7763243e-18 0)
23.875          (2.2479009 6.5149792e-18 0)
23.88           (2.2478026 6.2106149e-18 0)
23.885          (2.2477049 6.0031781e-18 0)
23.89           (2.2476078 5.5100561e-18 0)
23.895          (2.2475112 5.2910425e-18 0)
23.9            (2.2474152 4.9848688e-18 0)
23.905          (2.2473197 4.3906725e-18 0)
23.91           (2.2472247 3.937144e-18 0)
23.915          (2.2471303 3.6766987e-18 0)
23.92           (2.2470365 3.3506378e-18 0)
23.925          (2.2469432 2.79833e-18 0)
23.93           (2.2468504 1.9404885e-18 0)
23.935          (2.2467583 1.5074305e-18 0)
23.94           (2.2466666 1.2140842e-18 0)
23.945          (2.2465755 8.1128262e-19 0)
23.95           (2.246485 6.5168268e-19 0)
23.955          (2.246395 8.0806981e-19 0)
23.96           (2.2463055 8.690952e-19 0)
23.965          (2.2462166 9.769171e-19 0)
23.97           (2.2461283 7.7411125e-19 0)
23.975          (2.2460405 9.3163321e-19 0)
23.98           (2.2459532 8.5089174e-19 0)
23.985          (2.2458666 9.7800711e-19 0)
23.99           (2.2457804 9.5026353e-19 0)
23.995          (2.2456948 1.1439467e-18 0)
24              (2.2456098 1.5439847e-18 0)
24.005          (2.2455253 2.1435438e-18 0)
24.01           (2.2454413 2.3983471e-18 0)
24.015          (2.2453579 2.4388982e-18 0)
24.02           (2.2452751 2.3413022e-18 0)
24.025          (2.2451928 2.5414834e-18 0)
24.03           (2.245111 2.3723602e-18 0)
24.035          (2.2450298 2.4965235e-18 0)
24.04           (2.2449492 2.5162227e-18 0)
24.045          (2.2448691 2.5723513e-18 0)
24.05           (2.2447895 2.6005066e-18 0)
24.055          (2.2447105 2.6311498e-18 0)
24.06           (2.244632 2.593315e-18 0)
24.065          (2.2445541 2.6346242e-18 0)
24.07           (2.2444768 2.7612101e-18 0)
24.075          (2.2444 3.138813e-18 0)
24.08           (2.2443237 3.3065766e-18 0)
24.085          (2.244248 3.4457237e-18 0)
24.09           (2.2441728 3.6875076e-18 0)
24.095          (2.2440982 4.3433311e-18 0)
24.1            (2.2440241 4.7266507e-18 0)
24.105          (2.2439506 4.5365944e-18 0)
24.11           (2.2438776 4.4164232e-18 0)
24.115          (2.2438051 4.3998472e-18 0)
24.12           (2.2437332 4.2472456e-18 0)
24.125          (2.2436619 4.3695631e-18 0)
24.13           (2.2435911 4.6063427e-18 0)
24.135          (2.2435208 5.2225281e-18 0)
24.14           (2.2434511 6.1353255e-18 0)
24.145          (2.2433819 6.9199518e-18 0)
24.15           (2.2433133 7.130564e-18 0)
24.155          (2.2432452 7.7609068e-18 0)
24.16           (2.2431777 7.7556696e-18 0)
24.165          (2.2431107 7.7072129e-18 0)
24.17           (2.2430442 7.815888e-18 0)
24.175          (2.2429783 8.196225e-18 0)
24.18           (2.242913 8.2940786e-18 0)
24.185          (2.2428481 8.0636764e-18 0)
24.19           (2.2427838 8.0032238e-18 0)
24.195          (2.2427201 7.9391701e-18 0)
24.2            (2.2426569 8.1553852e-18 0)
24.205          (2.2425942 8.0105564e-18 0)
24.21           (2.2425321 7.832574e-18 0)
24.215          (2.2424705 8.0388011e-18 0)
24.22           (2.2424095 8.1308084e-18 0)
24.225          (2.242349 8.163421e-18 0)
24.23           (2.242289 8.2173226e-18 0)
24.235          (2.2422296 8.1438796e-18 0)
24.24           (2.2421707 7.8948144e-18 0)
24.245          (2.2421124 7.3786882e-18 0)
24.25           (2.2420545 6.6803436e-18 0)
24.255          (2.2419973 6.3548421e-18 0)
24.26           (2.2419405 6.5842533e-18 0)
24.265          (2.2418843 6.4865269e-18 0)
24.27           (2.2418287 6.2334968e-18 0)
24.275          (2.2417735 6.072868e-18 0)
24.28           (2.2417189 5.7463978e-18 0)
24.285          (2.2416649 5.5318452e-18 0)
24.29           (2.2416113 5.4968265e-18 0)
24.295          (2.2415583 5.5735717e-18 0)
24.3            (2.2415059 5.5471832e-18 0)
24.305          (2.2414539 5.3868448e-18 0)
24.31           (2.2414025 4.9816689e-18 0)
24.315          (2.2413517 4.3454234e-18 0)
24.32           (2.2413013 3.7079154e-18 0)
24.325          (2.2412515 3.5131252e-18 0)
24.33           (2.2412023 3.4242626e-18 0)
24.335          (2.2411535 3.0242786e-18 0)
24.34           (2.2411053 2.9257346e-18 0)
24.345          (2.2410576 2.398061e-18 0)
24.35           (2.2410104 2.1153191e-18 0)
24.355          (2.2409638 1.9648724e-18 0)
24.36           (2.2409177 1.8491482e-18 0)
24.365          (2.2408721 1.7358931e-18 0)
24.37           (2.240827 1.9534849e-18 0)
24.375          (2.2407825 2.0109456e-18 0)
24.38           (2.2407385 2.0219864e-18 0)
24.385          (2.240695 1.9251045e-18 0)
24.39           (2.240652 1.8825333e-18 0)
24.395          (2.2406096 1.9722955e-18 0)
24.4            (2.2405677 1.8630078e-18 0)
24.405          (2.2405263 1.605206e-18 0)
24.41           (2.2404854 1.4863901e-18 0)
24.415          (2.2404451 1.2998608e-18 0)
24.42           (2.2404052 1.2010915e-18 0)
24.425          (2.2403659 8.9332279e-19 0)
24.43           (2.2403271 5.7071965e-19 0)
24.435          (2.2402888 5.4975659e-21 0)
24.44           (2.2402511 -2.0242729e-20 0)
24.445          (2.2402138 2.3333377e-19 0)
24.45           (2.2401771 8.2396149e-19 0)
24.455          (2.2401409 1.2067004e-18 0)
24.46           (2.2401052 1.5201401e-18 0)
24.465          (2.24007 1.7178369e-18 0)
24.47           (2.2400353 1.8164795e-18 0)
24.475          (2.2400012 1.9448556e-18 0)
24.48           (2.2399675 2.092613e-18 0)
24.485          (2.2399344 1.9490835e-18 0)
24.49           (2.2399018 2.3339599e-18 0)
24.495          (2.2398696 2.6264852e-18 0)
24.5            (2.239838 2.7594512e-18 0)
24.505          (2.2398069 2.8032391e-18 0)
24.51           (2.2397764 2.9967572e-18 0)
24.515          (2.2397463 3.2350587e-18 0)
24.52           (2.2397167 3.7500054e-18 0)
24.525          (2.2396876 4.1554535e-18 0)
24.53           (2.2396591 4.7512846e-18 0)
24.535          (2.239631 5.3904123e-18 0)
24.54           (2.2396034 5.8058084e-18 0)
24.545          (2.2395764 6.3259109e-18 0)
24.55           (2.2395498 6.9702324e-18 0)
24.555          (2.2395238 7.3963457e-18 0)
24.56           (2.2394982 7.4853469e-18 0)
24.565          (2.2394732 7.4897991e-18 0)
24.57           (2.2394486 7.5066197e-18 0)
24.575          (2.2394246 7.6960524e-18 0)
24.58           (2.239401 7.9154495e-18 0)
24.585          (2.2393779 8.3373012e-18 0)
24.59           (2.2393554 8.5976954e-18 0)
24.595          (2.2393333 8.9500466e-18 0)
24.6            (2.2393117 8.9964076e-18 0)
24.605          (2.2392906 8.6491161e-18 0)
24.61           (2.23927 8.3149592e-18 0)
24.615          (2.2392499 7.9857133e-18 0)
24.62           (2.2392303 7.836958e-18 0)
24.625          (2.2392112 7.956704e-18 0)
24.63           (2.2391926 7.7756899e-18 0)
24.635          (2.2391744 7.418177e-18 0)
24.64           (2.2391568 7.2919703e-18 0)
24.645          (2.2391396 7.1020315e-18 0)
24.65           (2.2391229 6.9599016e-18 0)
24.655          (2.2391067 7.008985e-18 0)
24.66           (2.239091 7.3020191e-18 0)
24.665          (2.2390758 7.6709643e-18 0)
24.67           (2.2390611 7.6703005e-18 0)
24.675          (2.2390468 7.5744511e-18 0)
24.68           (2.239033 7.5373071e-18 0)
24.685          (2.2390197 7.2706041e-18 0)
24.69           (2.2390069 6.8358647e-18 0)
24.695          (2.2389946 6.7320117e-18 0)
24.7            (2.2389827 7.2380659e-18 0)
24.705          (2.2389713 7.5386862e-18 0)
24.71           (2.2389604 7.821858e-18 0)
24.715          (2.2389499 7.750036e-18 0)
24.72           (2.23894 7.779032e-18 0)
24.725          (2.2389305 8.2502582e-18 0)
24.73           (2.2389215 8.3646478e-18 0)
24.735          (2.2389129 8.0951349e-18 0)
24.74           (2.2389048 8.1828434e-18 0)
24.745          (2.2388972 8.2822124e-18 0)
24.75           (2.2388901 8.6707378e-18 0)
24.755          (2.2388834 9.0666426e-18 0)
24.76           (2.2388772 9.1033047e-18 0)
24.765          (2.2388714 9.1028264e-18 0)
24.77           (2.2388661 8.9605618e-18 0)
24.775          (2.2388613 8.9937063e-18 0)
24.78           (2.238857 8.877884e-18 0)
24.785          (2.2388531 8.2076833e-18 0)
24.79           (2.2388496 7.3689898e-18 0)
24.795          (2.2388467 6.585228e-18 0)
24.8            (2.2388442 6.3268096e-18 0)
24.805          (2.2388421 6.1707566e-18 0)
24.81           (2.2388405 6.0066244e-18 0)
24.815          (2.2388394 5.6033516e-18 0)
24.82           (2.2388387 5.3507368e-18 0)
24.825          (2.2388384 5.3757461e-18 0)
24.83           (2.2388387 5.6285833e-18 0)
24.835          (2.2388393 5.5667166e-18 0)
24.84           (2.2388404 5.7321966e-18 0)
24.845          (2.238842 5.9059234e-18 0)
24.85           (2.238844 5.892314e-18 0)
24.855          (2.2388465 5.9882961e-18 0)
24.86           (2.2388494 6.3801721e-18 0)
24.865          (2.2388528 6.5002545e-18 0)
24.87           (2.2388566 5.9519036e-18 0)
24.875          (2.2388608 5.5760874e-18 0)
24.88           (2.2388655 5.2401383e-18 0)
24.885          (2.2388706 5.2576067e-18 0)
24.89           (2.2388762 4.7980924e-18 0)
24.895          (2.2388822 4.7572293e-18 0)
24.9            (2.2388887 5.1558503e-18 0)
24.905          (2.2388955 5.672837e-18 0)
24.91           (2.2389029 5.4639939e-18 0)
24.915          (2.2389106 5.1656999e-18 0)
24.92           (2.2389188 4.5173818e-18 0)
24.925          (2.2389274 4.2005618e-18 0)
24.93           (2.2389365 3.7896483e-18 0)
24.935          (2.238946 3.5760566e-18 0)
24.94           (2.2389559 3.5497627e-18 0)
24.945          (2.2389662 3.504203e-18 0)
24.95           (2.238977 3.4149224e-18 0)
24.955          (2.2389882 3.3346921e-18 0)
24.96           (2.2389998 3.1128577e-18 0)
24.965          (2.2390119 3.1291457e-18 0)
24.97           (2.2390244 3.0148148e-18 0)
24.975          (2.2390372 3.2939203e-18 0)
24.98           (2.2390506 3.2626727e-18 0)
24.985          (2.2390643 3.0285868e-18 0)
24.99           (2.2390785 2.9233223e-18 0)
24.995          (2.239093 3.0017628e-18 0)
25              (2.239108 3.0942595e-18 0)
