# Residuals     
# Time          	p               	sigmaxx         	sigmaxy         	sigmayy         	sigmazz         
0               	N/A             	N/A             	N/A             	N/A             	N/A             
0.005           	2.75973453e-01	2.43497399e-01	1.00000000e+00	3.93846879e-01	0.00000000e+00
0.01            	1.63467653e-01	2.11156102e-01	4.51425016e-01	4.69347475e-01	0.00000000e+00
0.015           	2.58099210e-01	1.78981572e-01	2.61301128e-01	4.04830582e-01	0.00000000e+00
0.02            	1.29769809e-01	1.50171981e-01	1.84835418e-01	2.30578989e-01	0.00000000e+00
0.025           	2.59780788e-01	1.28307029e-01	1.42627430e-01	1.98999006e-01	0.00000000e+00
0.03            	4.65961104e-01	1.11575097e-01	1.15846035e-01	2.11589481e-01	0.00000000e+00
0.035           	2.55227031e-01	9.84624505e-02	9.74541441e-02	1.50816101e-01	0.00000000e+00
0.04            	1.20767358e-01	8.81371619e-02	8.40622436e-02	8.91826783e-02	0.00000000e+00
0.045           	3.79436155e-01	7.98339005e-02	7.38884178e-02	1.28833794e-01	0.00000000e+00
0.05            	2.26320311e-01	7.29267193e-02	6.59407993e-02	1.00578540e-01	0.00000000e+00
0.055           	1.62741147e-01	6.71180085e-02	5.95510094e-02	1.17810989e-01	0.00000000e+00
0.06            	5.88584456e-01	6.22136648e-02	5.43081345e-02	9.26965700e-02	0.00000000e+00
0.065           	3.92493023e-01	5.80209119e-02	4.99420990e-02	8.21445828e-02	0.00000000e+00
0.07            	1.89636514e-01	5.43936923e-02	4.62586758e-02	7.21023837e-02	0.00000000e+00
0.075           	2.10050862e-01	5.11899482e-02	4.30931724e-02	7.17541656e-02	0.00000000e+00
0.08            	1.60616710e-01	4.83535457e-02	4.03484632e-02	5.56144818e-02	0.00000000e+00
0.085           	4.85705196e-01	4.58274348e-02	3.79506417e-02	3.79065498e-02	0.00000000e+00
0.09            	2.16954477e-01	4.35730227e-02	3.58384500e-02	5.86230845e-02	0.00000000e+00
0.095           	3.72778497e-01	4.15487794e-02	3.39641533e-02	8.43204982e-02	0.00000000e+00
0.1             	1.57789877e-01	3.97211573e-02	3.22889010e-02	5.71730792e-02	0.00000000e+00
0.105           	1.40117274e-01	3.80472901e-02	3.07706763e-02	6.67074817e-02	0.00000000e+00
0.11            	2.04912906e-01	3.65170830e-02	2.93973906e-02	4.74876564e-02	0.00000000e+00
0.115           	1.24755585e-01	3.51167916e-02	2.81509498e-02	4.21682653e-02	0.00000000e+00
0.12            	4.58400641e-01	3.38195148e-02	2.70146877e-02	6.31977664e-02	0.00000000e+00
0.125           	1.89924695e-01	3.26212585e-02	2.59747145e-02	4.84673612e-02	0.00000000e+00
0.13            	5.79081109e-01	3.15133109e-02	2.50193733e-02	3.62324748e-02	0.00000000e+00
0.135           	2.14406411e-01	3.04857944e-02	2.41388061e-02	4.11355186e-02	0.00000000e+00
0.14            	2.26803429e-01	2.95302174e-02	2.33242191e-02	2.79240670e-02	0.00000000e+00
0.145           	2.24135985e-01	2.86345033e-02	2.25639133e-02	2.68304939e-02	0.00000000e+00
0.15            	1.71161649e-01	2.77917704e-02	2.18570304e-02	2.94628985e-02	0.00000000e+00
0.155           	5.59841277e-01	2.70024897e-02	2.11981693e-02	2.69449413e-02	0.00000000e+00
0.16            	2.34085043e-01	2.62617102e-02	2.05826296e-02	2.89326067e-02	0.00000000e+00
0.165           	3.73337973e-01	2.55650746e-02	2.00036663e-02	3.22863227e-02	0.00000000e+00
0.17            	2.02946537e-01	2.49067372e-02	1.94596949e-02	2.29867752e-02	0.00000000e+00
0.175           	4.53058135e-01	2.42805980e-02	1.89483517e-02	1.98603372e-02	0.00000000e+00
0.18            	1.52691132e-01	2.36887395e-02	1.84668068e-02	2.82859263e-02	0.00000000e+00
0.185           	4.36081357e-01	2.31284116e-02	1.80125480e-02	2.38975395e-02	0.00000000e+00
0.19            	2.27881970e-01	2.25971484e-02	1.75833382e-02	2.20890183e-02	0.00000000e+00
0.195           	2.64999532e-01	2.20927386e-02	1.71777753e-02	2.07143259e-02	0.00000000e+00
0.2             	2.50562256e-01	2.16104300e-02	1.67917151e-02	1.75301230e-02	0.00000000e+00
0.205           	1.40180015e-01	2.11485307e-02	1.64245476e-02	2.22025314e-02	0.00000000e+00
0.21            	1.95088088e-01	2.07083720e-02	1.60757086e-02	2.01518737e-02	0.00000000e+00
0.215           	1.66729607e-01	2.02884497e-02	1.57438692e-02	1.79848617e-02	0.00000000e+00
0.22            	1.74973093e-01	1.98873960e-02	1.54278291e-02	2.14603173e-02	0.00000000e+00
0.225           	1.55445431e-01	1.95039626e-02	1.51264946e-02	2.21848551e-02	0.00000000e+00
0.23            	3.19539185e-01	1.91370110e-02	1.48388727e-02	2.27811098e-02	0.00000000e+00
0.235           	1.76963773e-01	1.87854967e-02	1.45640550e-02	2.38878730e-02	0.00000000e+00
0.24            	1.80494743e-01	1.84475325e-02	1.43012136e-02	1.95595471e-02	0.00000000e+00
0.245           	2.57941291e-01	1.81205294e-02	1.40480424e-02	1.30287075e-02	0.00000000e+00
0.25            	1.34251787e-01	1.78064920e-02	1.38051457e-02	1.70669241e-02	0.00000000e+00
0.255           	3.77181832e-01	1.75046640e-02	1.35722096e-02	2.87672579e-02	0.00000000e+00
0.26            	2.19133858e-01	1.72143462e-02	1.33486405e-02	1.84050917e-02	0.00000000e+00
0.265           	1.57556790e-01	1.69348915e-02	1.31338888e-02	1.80351577e-02	0.00000000e+00
0.27            	2.16827554e-01	1.66653937e-02	1.29275056e-02	2.09592550e-02	0.00000000e+00
0.275           	3.77386343e-01	1.64028190e-02	1.27297705e-02	1.83783827e-02	0.00000000e+00
0.28            	1.27034499e-01	1.61495766e-02	1.25378335e-02	1.55210665e-02	0.00000000e+00
0.285           	1.10469611e-01	1.59051756e-02	1.23528843e-02	1.20168860e-02	0.00000000e+00
0.29            	1.86976976e-01	1.56691633e-02	1.21746161e-02	2.22095692e-02	0.00000000e+00
0.295           	2.65513634e-01	1.54411147e-02	1.20026760e-02	1.95989279e-02	0.00000000e+00
0.3             	2.92360055e-01	1.52206353e-02	1.18367391e-02	2.35810116e-02	0.00000000e+00
0.305           	1.53192584e-01	1.50073546e-02	1.16764982e-02	2.09530295e-02	0.00000000e+00
0.31            	1.17021613e-01	1.48009276e-02	1.15216711e-02	1.50314598e-02	0.00000000e+00
0.315           	7.39632333e-01	1.46010293e-02	1.13719892e-02	1.77045017e-02	0.00000000e+00
0.32            	1.31242846e-01	1.44073561e-02	1.12272049e-02	1.13465444e-02	0.00000000e+00
0.325           	7.98665230e-01	1.42196225e-02	1.10870836e-02	1.28166143e-02	0.00000000e+00
0.33            	6.27108671e-01	1.40375607e-02	1.09514075e-02	1.36901341e-02	0.00000000e+00
0.335           	2.01960708e-01	1.38591759e-02	1.08199699e-02	1.13471034e-02	0.00000000e+00
0.34            	7.17744406e-01	1.36857452e-02	1.06925784e-02	1.11829710e-02	0.00000000e+00
0.345           	4.20692176e-01	1.35173431e-02	1.05690510e-02	1.27751839e-02	0.00000000e+00
0.35            	1.95003387e-01	1.33537575e-02	1.04487148e-02	1.03997034e-02	0.00000000e+00
0.355           	2.16376958e-01	1.31947896e-02	1.03313739e-02	1.32532845e-02	0.00000000e+00
0.36            	1.38701378e-01	1.30402437e-02	1.02174466e-02	1.01995036e-02	0.00000000e+00
0.365           	2.16439752e-01	1.28891650e-02	1.01070829e-02	9.78732094e-03	0.00000000e+00
0.37            	1.33996393e-01	1.27411501e-02	1.00002740e-02	8.49427833e-03	0.00000000e+00
0.375           	1.29631228e-01	1.25971026e-02	9.89645608e-03	8.61809154e-03	0.00000000e+00
0.38            	2.08266056e-01	1.24568674e-02	9.79550842e-03	1.39825864e-02	0.00000000e+00
0.385           	1.21219645e-01	1.23202970e-02	9.69671768e-03	1.29933066e-02	0.00000000e+00
0.39            	5.32752688e-01	1.21872509e-02	9.60022476e-03	1.75090514e-02	0.00000000e+00
0.395           	4.73490783e-01	1.20575960e-02	9.50630247e-03	1.51128318e-02	0.00000000e+00
0.4             	3.51798668e-01	1.19312059e-02	9.41485103e-03	1.62259650e-02	0.00000000e+00
0.405           	1.52327236e-01	1.18079609e-02	9.32577680e-03	1.66689050e-02	0.00000000e+00
0.41            	4.13413707e-01	1.16877463e-02	9.23898980e-03	1.57320143e-02	0.00000000e+00
0.415           	2.98315241e-01	1.15704530e-02	9.15440404e-03	1.50062559e-02	0.00000000e+00
0.42            	2.41725808e-01	1.14559776e-02	9.07193868e-03	1.65735570e-02	0.00000000e+00
0.425           	1.88067438e-01	1.13442212e-02	8.99151655e-03	9.19829725e-03	0.00000000e+00
0.43            	5.71493816e-01	1.12350895e-02	8.91306345e-03	1.37164429e-02	0.00000000e+00
0.435           	3.72111191e-01	1.11284925e-02	8.83650939e-03	1.29724530e-02	0.00000000e+00
0.44            	1.64690041e-01	1.10243467e-02	8.76178739e-03	1.36138507e-02	0.00000000e+00
0.445           	1.87053245e-01	1.09225739e-02	8.68883327e-03	1.07100690e-02	0.00000000e+00
0.45            	1.41938917e-01	1.08227841e-02	8.61758637e-03	1.05902671e-02	0.00000000e+00
0.455           	1.53789504e-01	1.07243217e-02	8.54798786e-03	1.01636058e-02	0.00000000e+00
0.46            	1.20919867e-01	1.06280331e-02	8.47998243e-03	9.97412471e-03	0.00000000e+00
0.465           	6.21326278e-01	1.05338488e-02	8.41351652e-03	8.46885270e-03	0.00000000e+00
0.47            	1.03729602e-01	1.04417022e-02	8.34853969e-03	1.20615782e-02	0.00000000e+00
0.475           	1.22895390e-01	1.03515291e-02	8.28500270e-03	1.09991716e-02	0.00000000e+00
0.48            	1.68283296e-01	1.02632680e-02	8.22285873e-03	1.76539529e-02	0.00000000e+00
0.485           	2.80473288e-01	1.01761875e-02	8.16206335e-03	1.32077893e-02	0.00000000e+00
0.49            	2.36680676e-01	1.00904934e-02	8.10242801e-03	1.15070703e-02	0.00000000e+00
0.495           	1.38490949e-01	1.00065696e-02	8.04358027e-03	6.85480779e-03	0.00000000e+00
0.5             	7.07461464e-01	9.92417472e-03	7.98597167e-03	1.60830645e-02	0.00000000e+00
0.505           	1.16056641e-01	9.84361421e-03	7.92956418e-03	7.93197441e-03	0.00000000e+00
0.51            	1.57964703e-01	9.76472249e-03	7.87432055e-03	5.42780885e-03	0.00000000e+00
0.515           	1.19874738e-01	9.68741541e-03	7.82020566e-03	1.01451445e-02	0.00000000e+00
0.52            	6.63903003e-01	9.61180580e-03	7.76718559e-03	1.11608794e-02	0.00000000e+00
0.525           	4.89171526e-01	9.53753359e-03	7.71539455e-03	8.40182949e-03	0.00000000e+00
0.53            	3.90103318e-01	9.46465467e-03	7.66444581e-03	9.90720542e-03	0.00000000e+00
0.535           	2.50484449e-01	9.39315547e-03	7.61448244e-03	9.29911108e-03	0.00000000e+00
0.54            	1.58642593e-01	9.32300936e-03	7.56552212e-03	9.99393002e-03	0.00000000e+00
0.545           	1.72200130e-01	9.25403549e-03	7.51751967e-03	1.08851811e-02	0.00000000e+00
0.55            	1.28352067e-01	9.18648256e-03	7.47044213e-03	1.26229324e-02	0.00000000e+00
0.555           	1.55818199e-01	9.12022504e-03	7.42426117e-03	1.02551861e-02	0.00000000e+00
0.56            	1.17138654e-01	9.05520050e-03	7.37895113e-03	9.41586150e-03	0.00000000e+00
0.565           	1.47863008e-01	8.99136695e-03	7.33448744e-03	1.24440997e-02	0.00000000e+00
0.57            	2.64209798e-01	8.92868986e-03	7.29084631e-03	8.56891867e-03	0.00000000e+00
0.575           	3.29451395e-01	8.86727028e-03	7.24800587e-03	7.23579338e-03	0.00000000e+00
0.58            	1.12941338e-01	8.80683611e-03	7.20596455e-03	1.05516242e-02	0.00000000e+00
0.585           	2.26425056e-01	8.74743875e-03	7.16465879e-03	1.51250839e-02	0.00000000e+00
0.59            	6.24415795e-01	8.68907329e-03	7.12408262e-03	1.30454001e-02	0.00000000e+00
0.595           	7.84027471e-01	8.63172075e-03	7.08422219e-03	1.06584559e-02	0.00000000e+00
0.6             	1.56389099e-01	8.57487300e-03	7.04505970e-03	1.04389754e-02	0.00000000e+00
0.605           	1.53841010e-01	8.51863028e-03	7.00657754e-03	1.06414051e-02	0.00000000e+00
0.61            	1.03692456e-01	8.46344230e-03	6.96875801e-03	1.22753904e-02	0.00000000e+00
0.615           	4.39050234e-01	8.40921898e-03	6.93158368e-03	1.36092969e-02	0.00000000e+00
0.62            	7.82128921e-02	8.35591572e-03	6.89503870e-03	1.28402073e-02	0.00000000e+00
0.625           	2.17112442e-01	8.30349979e-03	6.85908659e-03	1.10551565e-02	0.00000000e+00
0.63            	5.02166607e-01	8.25195175e-03	6.82375147e-03	9.37933403e-03	0.00000000e+00
0.635           	3.86980456e-01	8.20067242e-03	6.78900377e-03	1.59822297e-02	0.00000000e+00
0.64            	1.36004923e-01	8.15021287e-03	6.75482537e-03	1.62030336e-02	0.00000000e+00
0.645           	1.99102659e-01	8.10049026e-03	6.72120074e-03	9.30762885e-03	0.00000000e+00
0.65            	1.02618015e-01	8.05154368e-03	6.68823208e-03	1.18105258e-02	0.00000000e+00
0.655           	1.16536342e-01	8.00337305e-03	6.65588825e-03	1.25303855e-02	0.00000000e+00
0.66            	2.43371180e-01	7.95596703e-03	6.62405575e-03	1.35991648e-02	0.00000000e+00
0.665           	2.07379326e-01	7.90930962e-03	6.59272106e-03	1.12143978e-02	0.00000000e+00
0.67            	2.13972924e-01	7.86319684e-03	6.56187291e-03	9.00822979e-03	0.00000000e+00
0.675           	1.11205465e-01	7.81795842e-03	6.53136057e-03	1.11892918e-02	0.00000000e+00
0.68            	3.82381537e-01	7.77356732e-03	6.50106555e-03	1.39409712e-02	0.00000000e+00
0.685           	2.45075806e-01	7.72979784e-03	6.47127711e-03	1.05416455e-02	0.00000000e+00
0.69            	3.55853853e-01	7.68667715e-03	6.44189950e-03	1.25812481e-02	0.00000000e+00
0.695           	1.40069911e-01	7.64420396e-03	6.41294644e-03	1.48976067e-02	0.00000000e+00
0.7             	2.78762662e-01	7.60244414e-03	6.38441661e-03	1.31669264e-02	0.00000000e+00
0.705           	3.60787739e-01	7.56124691e-03	6.35630296e-03	1.21617908e-02	0.00000000e+00
0.71            	2.93844844e-01	7.52064204e-03	6.32856675e-03	9.13694447e-03	0.00000000e+00
0.715           	1.04998136e-01	7.48063109e-03	6.30089198e-03	1.25168148e-02	0.00000000e+00
0.72            	5.37228668e-01	7.44120588e-03	6.27361205e-03	8.85207369e-03	0.00000000e+00
0.725           	1.24110603e-01	7.40235614e-03	6.24671822e-03	1.13191225e-02	0.00000000e+00
0.73            	1.49536513e-01	7.36392136e-03	6.22020161e-03	9.75631618e-03	0.00000000e+00
0.735           	3.47438128e-01	7.32624116e-03	6.19405327e-03	1.03314315e-02	0.00000000e+00
0.74            	1.20174111e-01	7.28907495e-03	6.16826551e-03	1.31581123e-02	0.00000000e+00
0.745           	2.43559852e-01	7.25242967e-03	6.14282992e-03	9.64513304e-03	0.00000000e+00
0.75            	5.17135503e-01	7.21629813e-03	6.11769701e-03	1.11217302e-02	0.00000000e+00
0.755           	1.94475362e-01	7.18067263e-03	6.09293235e-03	1.17354673e-02	0.00000000e+00
0.76            	2.31330492e-01	7.14554493e-03	6.06850785e-03	1.09614862e-02	0.00000000e+00
0.765           	2.18687779e-01	7.11090467e-03	6.04440854e-03	9.11541682e-03	0.00000000e+00
0.77            	1.13771627e-01	7.07674279e-03	6.02062563e-03	9.38680399e-03	0.00000000e+00
0.775           	5.09056022e-01	7.04304936e-03	5.99715085e-03	1.12955768e-02	0.00000000e+00
0.78            	2.49890981e-01	7.00969986e-03	5.97397783e-03	8.56903057e-03	0.00000000e+00
0.785           	1.42858818e-01	6.97643606e-03	5.95109985e-03	7.82919126e-03	0.00000000e+00
0.79            	2.09324558e-01	6.94355737e-03	5.92851028e-03	7.65777836e-03	0.00000000e+00
0.795           	1.22093847e-01	6.91117110e-03	5.90620306e-03	7.36150202e-03	0.00000000e+00
0.8             	1.82508229e-01	6.87923375e-03	5.88417228e-03	7.53020749e-03	0.00000000e+00
0.805           	1.00910485e-01	6.84772502e-03	5.86241202e-03	9.41946292e-03	0.00000000e+00
0.81            	1.34682061e-01	6.81663315e-03	5.84091657e-03	9.28395339e-03	0.00000000e+00
0.815           	1.22518069e-01	6.78584591e-03	5.81971585e-03	6.50264006e-03	0.00000000e+00
0.82            	1.94051627e-01	6.75510759e-03	5.79874238e-03	7.40243446e-03	0.00000000e+00
0.825           	1.97232427e-01	6.72476550e-03	5.77792498e-03	7.67627227e-03	0.00000000e+00
0.83            	7.71552532e-01	6.69481359e-03	5.75740942e-03	8.48333206e-03	0.00000000e+00
0.835           	4.06508479e-01	6.66524545e-03	5.73715147e-03	7.68983799e-03	0.00000000e+00
0.84            	1.37346402e-01	6.63605428e-03	5.71713314e-03	5.93839061e-03	0.00000000e+00
0.845           	3.58123807e-01	6.60723303e-03	5.69734535e-03	5.73346222e-03	0.00000000e+00
0.85            	1.81771972e-01	6.57877496e-03	5.67778181e-03	7.33690740e-03	0.00000000e+00
0.855           	2.13756292e-01	6.55067334e-03	5.65843739e-03	7.03708307e-03	0.00000000e+00
0.86            	5.26209577e-01	6.52292203e-03	5.63930777e-03	7.41011426e-03	0.00000000e+00
0.865           	1.42757409e-01	6.49545500e-03	5.62038810e-03	7.21472124e-03	0.00000000e+00
0.87            	1.17963749e-01	6.46837240e-03	5.60167447e-03	6.42522622e-03	0.00000000e+00
0.875           	1.95849821e-01	6.44163658e-03	5.58316235e-03	5.88451915e-03	0.00000000e+00
0.88            	3.10186017e-01	6.41523067e-03	5.56484808e-03	6.15964376e-03	0.00000000e+00
0.885           	3.67629166e-01	6.38914572e-03	5.54672725e-03	7.01017733e-03	0.00000000e+00
0.89            	1.10714046e-01	6.36337541e-03	5.52883720e-03	6.39911294e-03	0.00000000e+00
0.895           	4.90594084e-01	6.33791365e-03	5.51110332e-03	6.46804733e-03	0.00000000e+00
0.9             	2.61354728e-01	6.31275429e-03	5.49354146e-03	6.49033221e-03	0.00000000e+00
0.905           	1.34244635e-01	6.28789221e-03	5.47618667e-03	5.59701360e-03	0.00000000e+00
0.91            	6.85971234e-01	6.26332271e-03	5.45898260e-03	5.83056031e-03	0.00000000e+00
0.915           	6.57080885e-01	6.23903983e-03	5.44175272e-03	5.77151265e-03	0.00000000e+00
0.92            	1.52615651e-01	6.21503847e-03	5.42463086e-03	6.68898031e-03	0.00000000e+00
0.925           	2.21616995e-01	6.19131362e-03	5.40767620e-03	7.02842849e-03	0.00000000e+00
0.93            	1.52819191e-01	6.16785861e-03	5.39076509e-03	6.06907762e-03	0.00000000e+00
0.935           	2.75330063e-01	6.14471683e-03	5.37410197e-03	6.66764650e-03	0.00000000e+00
0.94            	2.96197756e-01	6.12183812e-03	5.35762586e-03	6.52817126e-03	0.00000000e+00
0.945           	1.14737236e-01	6.09917424e-03	5.34131427e-03	5.17339728e-03	0.00000000e+00
0.95            	1.35653781e-01	6.07675068e-03	5.32514034e-03	5.84051346e-03	0.00000000e+00
0.955           	1.74201100e-01	6.05457203e-03	5.30889494e-03	4.98313532e-03	0.00000000e+00
0.96            	1.16102537e-01	6.03250362e-03	5.29279889e-03	4.86004885e-03	0.00000000e+00
0.965           	1.89540075e-01	6.01078176e-03	5.27684906e-03	5.31257391e-03	0.00000000e+00
0.97            	4.14664500e-01	5.98933156e-03	5.26104247e-03	6.66873238e-03	0.00000000e+00
0.975           	2.80445757e-01	5.96812580e-03	5.24542264e-03	5.02567097e-03	0.00000000e+00
0.98            	3.46198864e-01	5.94715294e-03	5.22990760e-03	3.88352672e-03	0.00000000e+00
0.985           	1.90744865e-01	5.92640626e-03	5.21451695e-03	5.13362405e-03	0.00000000e+00
0.99            	1.95579237e-01	5.90588083e-03	5.19929089e-03	4.12109166e-03	0.00000000e+00
0.995           	5.79531321e-01	5.88557346e-03	5.18416816e-03	5.74657815e-03	0.00000000e+00
1               	6.14879178e-01	5.86551099e-03	5.16916399e-03	5.38857715e-03	0.00000000e+00
1.005           	7.36521362e-01	5.84531450e-03	5.15428209e-03	5.19877878e-03	0.00000000e+00
1.01            	2.26054982e-01	5.82531601e-03	5.13952192e-03	3.94850934e-03	0.00000000e+00
1.015           	1.79428210e-01	5.80552091e-03	5.12490623e-03	4.04608823e-03	0.00000000e+00
1.02            	2.84512827e-01	5.78599493e-03	5.11039097e-03	6.18683224e-03	0.00000000e+00
1.025           	1.97193908e-01	5.76661637e-03	5.09598599e-03	3.94882109e-03	0.00000000e+00
1.03            	6.86051093e-01	5.74741727e-03	5.08169276e-03	5.35666431e-03	0.00000000e+00
1.035           	4.95603841e-01	5.72840649e-03	5.06751032e-03	5.55013962e-03	0.00000000e+00
1.04            	4.58853608e-01	5.70934184e-03	5.05343732e-03	3.16038301e-03	0.00000000e+00
1.045           	1.39662924e-01	5.69039994e-03	5.03947169e-03	4.99203521e-03	0.00000000e+00
1.05            	1.83572217e-01	5.67164613e-03	5.02561147e-03	4.07308961e-03	0.00000000e+00
1.055           	2.69996448e-01	5.65307719e-03	5.01185464e-03	3.56248664e-03	0.00000000e+00
1.06            	1.45466146e-01	5.63469017e-03	4.99819948e-03	3.25077629e-03	0.00000000e+00
1.065           	5.02397139e-01	5.61648199e-03	4.98464383e-03	3.81236988e-03	0.00000000e+00
1.07            	1.24300093e-01	5.59844907e-03	4.97109182e-03	3.19706589e-03	0.00000000e+00
1.075           	1.29178171e-01	5.58058834e-03	4.95770238e-03	3.38963286e-03	0.00000000e+00
1.08            	3.69765498e-01	5.56291845e-03	4.94442897e-03	3.91841367e-03	0.00000000e+00
1.085           	2.77712090e-01	5.54540043e-03	4.93129532e-03	1.97050582e-03	0.00000000e+00
1.09            	1.34735910e-01	5.52804211e-03	4.91822652e-03	3.21770901e-03	0.00000000e+00
1.095           	3.07082866e-01	5.51084430e-03	4.90523803e-03	3.37471280e-03	0.00000000e+00
1.1             	1.35381367e-01	5.49369623e-03	4.89233396e-03	2.67174110e-03	0.00000000e+00
1.105           	4.43788760e-01	5.47679057e-03	4.87954173e-03	2.76519163e-03	0.00000000e+00
1.11            	6.62310214e-01	5.46006739e-03	4.86681381e-03	2.09281304e-03	0.00000000e+00
1.115           	1.63744373e-01	5.44356791e-03	4.85416183e-03	2.10900348e-03	0.00000000e+00
1.12            	2.34056231e-01	5.42717195e-03	4.84158848e-03	2.34613821e-03	0.00000000e+00
1.125           	3.23370487e-01	5.41090779e-03	4.82909384e-03	3.17660053e-03	0.00000000e+00
1.13            	8.79078786e-01	5.39478322e-03	4.81667689e-03	2.65928110e-03	0.00000000e+00
1.135           	3.80157176e-01	5.37879925e-03	4.80433611e-03	2.03805532e-03	0.00000000e+00
1.14            	3.77050581e-01	5.36295439e-03	4.79207052e-03	2.65446347e-03	0.00000000e+00
1.145           	2.12635980e-01	5.34726819e-03	4.77987834e-03	3.28111954e-03	0.00000000e+00
1.15            	1.61304830e-01	5.33170068e-03	4.76775851e-03	2.07190062e-03	0.00000000e+00
1.155           	1.35978801e-01	5.31626123e-03	4.75570957e-03	2.44224785e-03	0.00000000e+00
1.16            	1.34783390e-01	5.30095081e-03	4.74373002e-03	1.90090430e-03	0.00000000e+00
1.165           	2.22710344e-01	5.28576816e-03	4.73171426e-03	2.89909115e-03	0.00000000e+00
1.17            	1.67564098e-01	5.27071122e-03	4.71983862e-03	2.42638882e-03	0.00000000e+00
1.175           	1.59402333e-01	5.25577959e-03	4.70809821e-03	1.65257505e-03	0.00000000e+00
1.18            	1.44736400e-01	5.24097096e-03	4.69639908e-03	1.98429764e-03	0.00000000e+00
1.185           	3.87927975e-01	5.22628312e-03	4.68475542e-03	2.79464790e-03	0.00000000e+00
1.19            	1.15208380e-01	5.21172967e-03	4.67317139e-03	2.25063155e-03	0.00000000e+00
1.195           	1.74818059e-01	5.19728123e-03	4.66164744e-03	1.86267094e-03	0.00000000e+00
1.2             	4.25082281e-01	5.18294410e-03	4.65018300e-03	3.35254070e-03	0.00000000e+00
1.205           	9.38079241e-01	5.16871932e-03	4.63880710e-03	2.94775206e-03	0.00000000e+00
1.21            	1.28168402e-01	5.15460565e-03	4.62746771e-03	2.37154674e-03	0.00000000e+00
1.215           	1.54932676e-01	5.14060181e-03	4.61611157e-03	1.90381738e-03	0.00000000e+00
1.22            	1.36996969e-01	5.12670549e-03	4.60470898e-03	1.67803007e-03	0.00000000e+00
1.225           	1.55800678e-01	5.11291553e-03	4.59336177e-03	3.05092623e-03	0.00000000e+00
1.23            	2.19042162e-01	5.09902509e-03	4.58206919e-03	2.52325490e-03	0.00000000e+00
1.235           	1.24285243e-01	5.08539247e-03	4.57083051e-03	3.62164778e-03	0.00000000e+00
1.24            	1.49793379e-01	5.07191101e-03	4.55964469e-03	3.00419264e-03	0.00000000e+00
1.245           	2.06277204e-01	5.05854454e-03	4.54851068e-03	1.93881154e-03	0.00000000e+00
1.25            	7.43168619e-01	5.04528099e-03	4.53742782e-03	2.61151359e-03	0.00000000e+00
1.255           	1.48880706e-01	5.03216429e-03	4.52634871e-03	2.49928400e-03	0.00000000e+00
1.26            	1.57513291e-01	5.01910573e-03	4.51520482e-03	2.46978779e-03	0.00000000e+00
1.265           	1.70449300e-01	5.00612782e-03	4.50404580e-03	2.38947265e-03	0.00000000e+00
1.27            	1.79542430e-01	4.99308357e-03	4.49298072e-03	2.82539566e-03	0.00000000e+00
1.275           	1.55229095e-01	4.98005967e-03	4.48197858e-03	1.97657792e-03	0.00000000e+00
1.28            	1.23184229e-01	4.96712599e-03	4.47102847e-03	2.91958596e-03	0.00000000e+00
1.285           	6.07806053e-01	4.95428080e-03	4.46012609e-03	3.14597824e-03	0.00000000e+00
1.29            	2.91246804e-01	4.94152248e-03	4.44926961e-03	2.07691592e-03	0.00000000e+00
1.295           	3.43643594e-01	4.92885037e-03	4.43845783e-03	2.31171736e-03	0.00000000e+00
1.3             	2.75117934e-01	4.91626335e-03	4.42768987e-03	1.93654384e-03	0.00000000e+00
1.305           	1.21973330e-01	4.90374840e-03	4.41699751e-03	1.81190774e-03	0.00000000e+00
1.31            	2.15842793e-01	4.89111390e-03	4.40632454e-03	2.03168674e-03	0.00000000e+00
1.315           	4.10173955e-01	4.87856152e-03	4.39568520e-03	1.61303238e-03	0.00000000e+00
1.32            	5.42078454e-01	4.86609007e-03	4.38508389e-03	2.87970986e-03	0.00000000e+00
1.325           	4.63287940e-01	4.85369941e-03	4.37452157e-03	2.16549784e-03	0.00000000e+00
1.33            	2.36566498e-01	4.84138695e-03	4.36399800e-03	3.12832811e-03	0.00000000e+00
1.335           	2.12060524e-01	4.82915149e-03	4.35351259e-03	2.99270012e-03	0.00000000e+00
1.34            	4.41992757e-01	4.81699244e-03	4.34306483e-03	2.40007155e-03	0.00000000e+00
1.345           	1.84745334e-01	4.80493907e-03	4.33265402e-03	4.22518014e-03	0.00000000e+00
1.35            	1.20944050e-01	4.79293607e-03	4.32227950e-03	2.87206200e-03	0.00000000e+00
1.355           	2.35317798e-01	4.78099795e-03	4.31194060e-03	2.73663634e-03	0.00000000e+00
1.36            	1.80737856e-01	4.76912746e-03	4.30156499e-03	3.50346635e-03	0.00000000e+00
1.365           	1.79502377e-01	4.75732641e-03	4.29127320e-03	2.90757507e-03	0.00000000e+00
1.37            	1.44584795e-01	4.74559414e-03	4.28103156e-03	2.92546915e-03	0.00000000e+00
1.375           	1.52643680e-01	4.73392949e-03	4.27082842e-03	3.56466238e-03	0.00000000e+00
1.38            	1.92698367e-01	4.72238667e-03	4.26065964e-03	3.83004933e-03	0.00000000e+00
1.385           	1.52454905e-01	4.71087904e-03	4.25052322e-03	2.52781127e-03	0.00000000e+00
1.39            	1.43610373e-01	4.69941374e-03	4.24041822e-03	3.35437195e-03	0.00000000e+00
1.395           	1.09933700e-01	4.68800440e-03	4.23034378e-03	2.88635670e-03	0.00000000e+00
1.4             	2.57503871e-01	4.67665540e-03	4.22029955e-03	3.40110594e-03	0.00000000e+00
1.405           	6.43228949e-01	4.66536757e-03	4.21032064e-03	3.63499498e-03	0.00000000e+00
1.41            	1.51692516e-01	4.65414867e-03	4.20034600e-03	3.75264182e-03	0.00000000e+00
1.415           	3.72351213e-01	4.64298276e-03	4.19039176e-03	4.12085971e-03	0.00000000e+00
1.42            	2.90863824e-01	4.63187299e-03	4.18046258e-03	3.14828064e-03	0.00000000e+00
1.425           	1.71799093e-01	4.62081989e-03	4.17055980e-03	3.12936724e-03	0.00000000e+00
1.43            	1.42314103e-01	4.60959149e-03	4.16068348e-03	4.26981732e-03	0.00000000e+00
1.435           	2.15653305e-01	4.59858856e-03	4.15083370e-03	3.13134479e-03	0.00000000e+00
1.44            	3.62665285e-01	4.58769594e-03	4.14100958e-03	3.78495160e-03	0.00000000e+00
1.445           	1.44182650e-01	4.57687558e-03	4.13121105e-03	3.72169481e-03	0.00000000e+00
1.45            	1.59077945e-01	4.56611291e-03	4.12143736e-03	3.79506039e-03	0.00000000e+00
1.455           	1.37701242e-01	4.55540385e-03	4.11168809e-03	3.92733180e-03	0.00000000e+00
1.46            	1.55003064e-01	4.54474689e-03	4.10202109e-03	4.58779427e-03	0.00000000e+00
1.465           	1.39050824e-01	4.53413979e-03	4.09233735e-03	4.76434557e-03	0.00000000e+00
1.47            	1.64035945e-01	4.52358064e-03	4.08266335e-03	5.50963362e-03	0.00000000e+00
1.475           	9.89632682e-02	4.51307053e-03	4.07300761e-03	5.76209416e-03	0.00000000e+00
1.48            	1.72081464e-01	4.50260786e-03	4.06337267e-03	6.22865497e-03	0.00000000e+00
1.485           	3.70186120e-01	4.49219022e-03	4.05375910e-03	6.53372093e-03	0.00000000e+00
1.49            	4.05837560e-01	4.48181906e-03	4.04416683e-03	6.71231735e-03	0.00000000e+00
1.495           	2.33093362e-01	4.47149241e-03	4.03460518e-03	6.92913299e-03	0.00000000e+00
1.5             	2.75778523e-01	4.46120933e-03	4.02505758e-03	7.24604689e-03	0.00000000e+00
1.505           	3.83553717e-01	4.45097062e-03	4.01552806e-03	7.32226476e-03	0.00000000e+00
1.51            	1.60417629e-01	4.44077339e-03	4.00601778e-03	6.91353659e-03	0.00000000e+00
1.515           	1.86741142e-01	4.43066713e-03	3.99652678e-03	6.46396547e-03	0.00000000e+00
1.52            	1.05036306e-01	4.42056574e-03	3.98705501e-03	7.11940335e-03	0.00000000e+00
1.525           	3.18963408e-01	4.41049305e-03	3.97742289e-03	7.48224203e-03	0.00000000e+00
1.53            	1.09670572e-01	4.40045474e-03	3.96793261e-03	6.89836601e-03	0.00000000e+00
1.535           	1.38873876e-01	4.39045503e-03	3.95850200e-03	6.73942840e-03	0.00000000e+00
1.54            	1.09601794e-01	4.38049210e-03	3.94910276e-03	7.08660590e-03	0.00000000e+00
1.545           	4.65870892e-01	4.37056673e-03	3.93972575e-03	7.05279824e-03	0.00000000e+00
1.55            	1.45384198e-01	4.36067877e-03	3.93036759e-03	8.26249766e-03	0.00000000e+00
1.555           	1.51005283e-01	4.35082688e-03	3.92102722e-03	8.76651528e-03	0.00000000e+00
1.56            	1.17732147e-01	4.34101046e-03	3.91170304e-03	8.28530407e-03	0.00000000e+00
1.565           	1.13051954e-01	4.33122909e-03	3.90239552e-03	7.71472247e-03	0.00000000e+00
1.57            	4.76768248e-01	4.32148202e-03	3.89310414e-03	8.96051598e-03	0.00000000e+00
1.575           	2.63146628e-01	4.31176833e-03	3.88382815e-03	7.99570335e-03	0.00000000e+00
1.58            	1.30428077e-01	4.30208813e-03	3.87456767e-03	7.89911059e-03	0.00000000e+00
1.585           	1.21061749e-01	4.29244050e-03	3.86532250e-03	8.03747659e-03	0.00000000e+00
1.59            	1.29089647e-01	4.28285532e-03	3.85609385e-03	8.77300972e-03	0.00000000e+00
1.595           	1.41545517e-01	4.27317523e-03	3.84678137e-03	7.62696584e-03	0.00000000e+00
1.6             	1.13099886e-01	4.26347450e-03	3.83747434e-03	8.40533376e-03	0.00000000e+00
1.605           	1.87063916e-01	4.25380373e-03	3.82817940e-03	7.92574359e-03	0.00000000e+00
1.61            	2.43257741e-01	4.24416258e-03	3.81889790e-03	8.87087991e-03	0.00000000e+00
1.615           	1.91127498e-01	4.23455273e-03	3.80963084e-03	9.35594470e-03	0.00000000e+00
1.62            	5.28917425e-01	4.22497177e-03	3.80037782e-03	7.35795351e-03	0.00000000e+00
1.625           	1.20967812e-01	4.21542129e-03	3.79119260e-03	7.19938307e-03	0.00000000e+00
1.63            	1.96697568e-01	4.20589900e-03	3.78198410e-03	7.31860713e-03	0.00000000e+00
1.635           	2.03646883e-01	4.19635116e-03	3.77269896e-03	7.38825616e-03	0.00000000e+00
1.64            	2.71713402e-01	4.18674771e-03	3.76340042e-03	8.48596490e-03	0.00000000e+00
1.645           	1.19226451e-01	4.17716859e-03	3.75411059e-03	7.70611788e-03	0.00000000e+00
1.65            	4.56202194e-01	4.16761481e-03	3.74483312e-03	7.49177723e-03	0.00000000e+00
1.655           	9.01352500e-02	4.15808868e-03	3.73556862e-03	7.36702902e-03	0.00000000e+00
1.66            	1.76447785e-01	4.14859000e-03	3.72631742e-03	7.44817631e-03	0.00000000e+00
1.665           	1.77534319e-01	4.13913150e-03	3.71707948e-03	6.74310865e-03	0.00000000e+00
1.67            	1.58698779e-01	4.12968897e-03	3.70786568e-03	8.40749863e-03	0.00000000e+00
1.675           	1.96499997e-01	4.12026958e-03	3.69865684e-03	8.17178438e-03	0.00000000e+00
1.68            	2.19895658e-01	4.11087298e-03	3.68945807e-03	7.87065650e-03	0.00000000e+00
1.685           	1.92825013e-01	4.10150165e-03	3.68027112e-03	7.01216656e-03	0.00000000e+00
1.69            	1.22096969e-01	4.09216506e-03	3.67110401e-03	7.74155844e-03	0.00000000e+00
1.695           	1.22288120e-01	4.08284448e-03	3.66194347e-03	7.73577697e-03	0.00000000e+00
1.7             	2.69827684e-01	4.07355223e-03	3.65279282e-03	6.09474181e-03	0.00000000e+00
1.705           	4.48562084e-01	4.06427666e-03	3.64365337e-03	6.04042016e-03	0.00000000e+00
1.71            	2.27726120e-01	4.05502140e-03	3.63453113e-03	7.17227998e-03	0.00000000e+00
1.715           	2.26256233e-01	4.04579384e-03	3.62541622e-03	8.08712800e-03	0.00000000e+00
1.72            	3.00944171e-01	4.03658814e-03	3.61631122e-03	8.00684503e-03	0.00000000e+00
1.725           	1.36036299e-01	4.02740191e-03	3.60701000e-03	7.54781344e-03	0.00000000e+00
1.73            	2.32347573e-01	4.01823146e-03	3.59786191e-03	7.59445093e-03	0.00000000e+00
1.735           	3.59337132e-01	4.00878386e-03	3.58877164e-03	8.15527378e-03	0.00000000e+00
1.74            	2.04739656e-01	3.99956663e-03	3.57975907e-03	8.05829971e-03	0.00000000e+00
1.745           	1.24761257e-01	3.99043821e-03	3.57072715e-03	7.04264862e-03	0.00000000e+00
1.75            	1.22047063e-01	3.98135246e-03	3.56169658e-03	7.80931384e-03	0.00000000e+00
1.755           	1.89023313e-01	3.97229338e-03	3.55267237e-03	7.62604293e-03	0.00000000e+00
1.76            	1.00868803e-01	3.96325531e-03	3.54365762e-03	7.63706425e-03	0.00000000e+00
1.765           	2.91927860e-01	3.95423663e-03	3.53465201e-03	7.47758294e-03	0.00000000e+00
1.77            	2.11338439e-01	3.94523585e-03	3.52565631e-03	7.91119737e-03	0.00000000e+00
1.775           	2.34027266e-01	3.93625324e-03	3.51667042e-03	8.27171785e-03	0.00000000e+00
1.78            	1.97952403e-01	3.92728757e-03	3.50769444e-03	8.61641822e-03	0.00000000e+00
1.785           	1.98367277e-01	3.91833956e-03	3.49872747e-03	7.96269840e-03	0.00000000e+00
1.79            	2.48883501e-01	3.90940820e-03	3.48976983e-03	7.84790814e-03	0.00000000e+00
1.795           	1.46018675e-01	3.90049318e-03	3.48082200e-03	7.87442285e-03	0.00000000e+00
1.8             	1.18172954e-01	3.89159456e-03	3.47188320e-03	7.45241399e-03	0.00000000e+00
1.805           	1.65008397e-01	3.88271142e-03	3.46298531e-03	8.11805080e-03	0.00000000e+00
1.81            	8.80361012e-02	3.87384475e-03	3.45407417e-03	7.28846853e-03	0.00000000e+00
1.815           	1.43655909e-01	3.86499301e-03	3.44516511e-03	8.21276165e-03	0.00000000e+00
1.82            	7.89519355e-02	3.85615621e-03	3.43626177e-03	7.58608887e-03	0.00000000e+00
1.825           	1.26811518e-01	3.84733428e-03	3.42736713e-03	8.10826278e-03	0.00000000e+00
1.83            	1.01644449e-01	3.83852691e-03	3.41848038e-03	7.34909927e-03	0.00000000e+00
1.835           	2.73782299e-01	3.82973381e-03	3.40960214e-03	7.11406624e-03	0.00000000e+00
1.84            	4.20015112e-01	3.82095454e-03	3.40073257e-03	6.98515127e-03	0.00000000e+00
1.845           	6.67960796e-02	3.81218880e-03	3.39189220e-03	6.86480800e-03	0.00000000e+00
1.85            	1.32435193e-01	3.80343655e-03	3.38304561e-03	6.50908372e-03	0.00000000e+00
1.855           	2.20698222e-01	3.79469824e-03	3.37420242e-03	6.60461483e-03	0.00000000e+00
1.86            	1.56768201e-01	3.78597232e-03	3.36536555e-03	6.25884038e-03	0.00000000e+00
1.865           	1.11641981e-01	3.77725947e-03	3.35653641e-03	5.98995486e-03	0.00000000e+00
1.87            	1.44933950e-01	3.76855920e-03	3.34772990e-03	6.63672919e-03	0.00000000e+00
1.875           	4.27502000e-01	3.75987094e-03	3.33892064e-03	5.54519544e-03	0.00000000e+00
1.88            	2.33196916e-01	3.75119531e-03	3.33011639e-03	5.64573866e-03	0.00000000e+00
1.885           	2.29165614e-01	3.74253141e-03	3.32132927e-03	5.87085145e-03	0.00000000e+00
1.89            	9.06593713e-02	3.73387914e-03	3.31254206e-03	5.55830995e-03	0.00000000e+00
1.895           	1.07332811e-01	3.72523799e-03	3.30376824e-03	6.22548933e-03	0.00000000e+00
1.9             	1.33441574e-01	3.71660844e-03	3.29499533e-03	5.38777250e-03	0.00000000e+00
1.905           	9.02887771e-02	3.70799008e-03	3.28623416e-03	6.48258234e-03	0.00000000e+00
1.91            	2.33636031e-01	3.69938275e-03	3.27747974e-03	5.61737304e-03	0.00000000e+00
1.915           	1.65590378e-01	3.69078437e-03	3.26844397e-03	5.36651835e-03	0.00000000e+00
1.92            	1.88731878e-01	3.68219518e-03	3.25960999e-03	5.14001718e-03	0.00000000e+00
1.925           	1.45605494e-01	3.67361406e-03	3.25084658e-03	5.79763960e-03	0.00000000e+00
1.93            	8.73040355e-02	3.66504609e-03	3.24211474e-03	4.93814234e-03	0.00000000e+00
1.935           	1.06598178e-01	3.65648742e-03	3.23339686e-03	5.46172308e-03	0.00000000e+00
1.94            	4.70154133e-01	3.64793824e-03	3.22468841e-03	5.10086531e-03	0.00000000e+00
1.945           	1.13552364e-01	3.63939592e-03	3.21598595e-03	4.44724942e-03	0.00000000e+00
1.95            	1.14941748e-01	3.63086820e-03	3.20729470e-03	4.73078390e-03	0.00000000e+00
1.955           	1.52395912e-01	3.62234855e-03	3.19860982e-03	4.72713744e-03	0.00000000e+00
1.96            	2.22968562e-01	3.61383762e-03	3.18993180e-03	3.96289934e-03	0.00000000e+00
1.965           	3.11434662e-01	3.60533590e-03	3.18126092e-03	3.63121621e-03	0.00000000e+00
1.97            	3.04156093e-01	3.59684291e-03	3.17259710e-03	4.35700332e-03	0.00000000e+00
1.975           	2.59887793e-01	3.58835698e-03	3.16393890e-03	4.45123031e-03	0.00000000e+00
1.98            	1.48548236e-01	3.57988276e-03	3.15529016e-03	4.29314866e-03	0.00000000e+00
1.985           	2.27369137e-01	3.57141467e-03	3.14664648e-03	4.31216794e-03	0.00000000e+00
1.99            	1.40099059e-01	3.56295758e-03	3.13801197e-03	4.09154824e-03	0.00000000e+00
1.995           	1.51275840e-01	3.55450503e-03	3.12938161e-03	4.70352731e-03	0.00000000e+00
2               	3.58778619e-01	3.54606538e-03	3.12076172e-03	3.54065206e-03	0.00000000e+00
2.005           	2.06664748e-01	3.53763235e-03	3.11214773e-03	4.30752323e-03	0.00000000e+00
2.01            	1.30399442e-01	3.52912335e-03	3.10353968e-03	3.98681879e-03	0.00000000e+00
2.015           	1.06131120e-01	3.52061640e-03	3.09493969e-03	3.84249413e-03	0.00000000e+00
2.02            	9.63765078e-02	3.51211587e-03	3.08634496e-03	3.59134435e-03	0.00000000e+00
2.025           	1.28680862e-01	3.50362486e-03	3.07775796e-03	3.49445510e-03	0.00000000e+00
2.03            	1.57675351e-01	3.49514397e-03	3.06917945e-03	4.13067503e-03	0.00000000e+00
2.035           	1.10704881e-01	3.48666889e-03	3.06060578e-03	3.51703728e-03	0.00000000e+00
2.04            	9.92967543e-02	3.47820259e-03	3.05203966e-03	3.86465788e-03	0.00000000e+00
2.045           	1.08588990e-01	3.46974638e-03	3.04348206e-03	3.67996799e-03	0.00000000e+00
2.05            	2.00839859e-01	3.46129706e-03	3.03493052e-03	3.49745697e-03	0.00000000e+00
2.055           	1.22528458e-01	3.45278646e-03	3.02638436e-03	3.83867485e-03	0.00000000e+00
2.06            	1.67390604e-01	3.44426751e-03	3.01784729e-03	3.85482102e-03	0.00000000e+00
2.065           	1.75382334e-01	3.43575629e-03	3.00931640e-03	3.57943368e-03	0.00000000e+00
2.07            	1.38413390e-01	3.42725331e-03	3.00079238e-03	3.25195269e-03	0.00000000e+00
2.075           	3.14852629e-01	3.41875833e-03	2.99222783e-03	3.86883797e-03	0.00000000e+00
2.08            	1.34314093e-01	3.41027171e-03	2.98365613e-03	3.73501619e-03	0.00000000e+00
2.085           	2.05497511e-01	3.40179141e-03	2.97509060e-03	3.04089012e-03	0.00000000e+00
2.09            	1.48335629e-01	3.39332192e-03	2.96653488e-03	3.65734451e-03	0.00000000e+00
2.095           	1.54540874e-01	3.38485985e-03	2.95798620e-03	3.59060064e-03	0.00000000e+00
2.1             	7.46611607e-02	3.37640554e-03	2.94944497e-03	3.29758023e-03	0.00000000e+00
2.105           	2.35784458e-01	3.36795708e-03	2.94090996e-03	3.38108773e-03	0.00000000e+00
2.11            	2.02786546e-01	3.35951931e-03	2.93238477e-03	3.17664517e-03	0.00000000e+00
2.115           	1.99915845e-01	3.35108831e-03	2.92386657e-03	3.47246628e-03	0.00000000e+00
2.12            	1.76160193e-01	3.34266467e-03	2.91531909e-03	2.81957429e-03	0.00000000e+00
2.125           	1.58266577e-01	3.33424855e-03	2.90675697e-03	3.41871522e-03	0.00000000e+00
2.13            	1.33001487e-01	3.32584004e-03	2.89820315e-03	3.27407281e-03	0.00000000e+00
2.135           	1.09906181e-01	3.31743772e-03	2.88965689e-03	3.34054311e-03	0.00000000e+00
2.14            	1.57739674e-01	3.30904459e-03	2.88112011e-03	2.96863501e-03	0.00000000e+00
2.145           	2.02401914e-01	3.30066812e-03	2.87259137e-03	3.27060731e-03	0.00000000e+00
2.15            	1.49767209e-01	3.29228225e-03	2.86407080e-03	2.64605116e-03	0.00000000e+00
2.155           	3.47648944e-01	3.28390804e-03	2.85555857e-03	2.95115426e-03	0.00000000e+00
2.16            	2.21357700e-01	3.27554082e-03	2.84705340e-03	2.65368629e-03	0.00000000e+00
2.165           	8.99674559e-02	3.26718377e-03	2.83855870e-03	3.01484454e-03	0.00000000e+00
2.17            	2.71693201e-01	3.25884327e-03	2.83007179e-03	2.91406860e-03	0.00000000e+00
2.175           	2.42328671e-01	3.25050194e-03	2.82159314e-03	2.91652773e-03	0.00000000e+00
2.18            	1.60812092e-01	3.24216494e-03	2.81312282e-03	2.79717341e-03	0.00000000e+00
2.185           	1.73325109e-01	3.23383624e-03	2.80466090e-03	2.91834920e-03	0.00000000e+00
2.19            	8.71354258e-02	3.22551214e-03	2.79620742e-03	3.19097832e-03	0.00000000e+00
2.195           	1.33978491e-01	3.21719426e-03	2.78776240e-03	3.33379091e-03	0.00000000e+00
2.2             	1.25038002e-01	3.20888290e-03	2.77932586e-03	2.96986098e-03	0.00000000e+00
2.205           	2.57242953e-01	3.20057817e-03	2.77089784e-03	2.74069027e-03	0.00000000e+00
2.21            	1.05977075e-01	3.19198036e-03	2.76247832e-03	2.54047233e-03	0.00000000e+00
2.215           	3.25015813e-01	3.18388713e-03	2.75406734e-03	2.41718708e-03	0.00000000e+00
2.22            	1.20633720e-01	3.17567200e-03	2.74566372e-03	2.34568806e-03	0.00000000e+00
2.225           	1.72536886e-01	3.16741366e-03	2.73727068e-03	2.35459939e-03	0.00000000e+00
2.23            	2.42551720e-01	3.15885979e-03	2.72888571e-03	2.48569077e-03	0.00000000e+00
2.235           	1.04638861e-01	3.15079825e-03	2.72050799e-03	2.56043322e-03	0.00000000e+00
2.24            	9.99035727e-02	3.14259671e-03	2.71214083e-03	2.50542480e-03	0.00000000e+00
2.245           	4.42408044e-02	3.13436441e-03	2.70378181e-03	2.36085540e-03	0.00000000e+00
2.25            	5.48641869e-01	3.12612587e-03	2.69543130e-03	2.21436965e-03	0.00000000e+00
2.255           	6.26897936e-02	3.11789099e-03	2.68708944e-03	2.42818345e-03	0.00000000e+00
2.26            	1.65014666e-01	3.10965991e-03	2.67875630e-03	2.37255603e-03	0.00000000e+00
2.265           	1.32379735e-01	3.10143554e-03	2.67043191e-03	2.65928911e-03	0.00000000e+00
2.27            	3.44537521e-01	3.09321779e-03	2.66211631e-03	2.73362039e-03	0.00000000e+00
2.275           	1.45910273e-01	3.08500775e-03	2.65380951e-03	2.23195620e-03	0.00000000e+00
2.28            	1.95204122e-01	3.07683246e-03	2.64551092e-03	2.11960358e-03	0.00000000e+00
2.285           	1.09706284e-01	3.06861378e-03	2.63722227e-03	2.22623023e-03	0.00000000e+00
2.29            	1.06282166e-01	3.06044833e-03	2.62894159e-03	2.24450306e-03	0.00000000e+00
2.295           	2.79161641e-01	3.05223848e-03	2.62067083e-03	2.48515889e-03	0.00000000e+00
2.3             	2.24196927e-01	3.04407857e-03	2.61240863e-03	2.38574452e-03	0.00000000e+00
2.305           	1.57369215e-01	3.03588474e-03	2.60415531e-03	2.20666313e-03	0.00000000e+00
2.31            	1.02498841e-01	3.02771097e-03	2.59591098e-03	2.29438325e-03	0.00000000e+00
2.315           	7.79575391e-02	3.01958030e-03	2.58767505e-03	1.80392905e-03	0.00000000e+00
2.32            	1.33127313e-01	3.01140497e-03	2.57944918e-03	2.04476886e-03	0.00000000e+00
2.325           	2.04711985e-01	3.00325151e-03	2.57123211e-03	1.92512258e-03	0.00000000e+00
2.33            	1.01527243e-01	2.99511079e-03	2.56302405e-03	2.10501256e-03	0.00000000e+00
2.335           	3.47158290e-01	2.98697896e-03	2.55482508e-03	1.96757372e-03	0.00000000e+00
2.34            	1.91251379e-01	2.97885284e-03	2.54663531e-03	2.16785354e-03	0.00000000e+00
2.345           	4.04019889e-01	2.97073314e-03	2.53845470e-03	1.70037900e-03	0.00000000e+00
2.35            	9.09737991e-02	2.96261976e-03	2.53028333e-03	1.69539361e-03	0.00000000e+00
2.355           	6.06303962e-02	2.95456745e-03	2.52212059e-03	1.60509138e-03	0.00000000e+00
2.36            	1.35345100e-01	2.94645631e-03	2.51396755e-03	1.56889736e-03	0.00000000e+00
2.365           	1.02943993e-01	2.93834966e-03	2.50582401e-03	1.86350554e-03	0.00000000e+00
2.37            	1.99649115e-01	2.93024032e-03	2.49769037e-03	1.58888092e-03	0.00000000e+00
2.375           	2.77417162e-01	2.92215226e-03	2.48956574e-03	1.89059785e-03	0.00000000e+00
2.38            	2.22158774e-01	2.91409416e-03	2.48144976e-03	1.76610423e-03	0.00000000e+00
2.385           	1.08824517e-01	2.90601259e-03	2.47334418e-03	1.57285467e-03	0.00000000e+00
2.39            	1.18519515e-01	2.89794689e-03	2.46524773e-03	1.57608296e-03	0.00000000e+00
2.395           	2.52242083e-01	2.88989100e-03	2.45716074e-03	1.91473424e-03	0.00000000e+00
2.4             	1.57538230e-01	2.88184273e-03	2.44908317e-03	1.99680046e-03	0.00000000e+00
2.405           	1.95075192e-01	2.87380494e-03	2.44101519e-03	1.93328719e-03	0.00000000e+00
2.41            	2.90150858e-01	2.86576788e-03	2.43295672e-03	1.88299411e-03	0.00000000e+00
2.415           	1.89257925e-01	2.85773935e-03	2.42490798e-03	1.61511148e-03	0.00000000e+00
2.42            	2.70524299e-01	2.84974106e-03	2.41686878e-03	1.94675262e-03	0.00000000e+00
2.425           	1.41144972e-01	2.84171379e-03	2.40883918e-03	2.24600563e-03	0.00000000e+00
2.43            	8.19831631e-02	2.83369794e-03	2.40081932e-03	2.02763370e-03	0.00000000e+00
2.435           	1.92999276e-01	2.82569820e-03	2.39280924e-03	2.04491928e-03	0.00000000e+00
2.44            	2.07711218e-01	2.81770436e-03	2.38480891e-03	1.63175951e-03	0.00000000e+00
2.445           	1.09022615e-01	2.80973828e-03	2.37681834e-03	1.81883959e-03	0.00000000e+00
2.45            	1.30206814e-01	2.80174242e-03	2.36883756e-03	1.95291357e-03	0.00000000e+00
2.455           	1.10173217e-01	2.79378482e-03	2.36086608e-03	1.66585586e-03	0.00000000e+00
2.46            	1.05693189e-01	2.78582262e-03	2.35290484e-03	2.14154426e-03	0.00000000e+00
2.465           	1.19760921e-01	2.77784128e-03	2.34495415e-03	2.05724484e-03	0.00000000e+00
2.47            	3.22467521e-01	2.76988087e-03	2.33701308e-03	1.84686809e-03	0.00000000e+00
2.475           	1.15856409e-01	2.76193794e-03	2.32908194e-03	1.84958911e-03	0.00000000e+00
2.48            	1.73414839e-01	2.75399352e-03	2.32116071e-03	1.95150780e-03	0.00000000e+00
2.485           	1.13529960e-01	2.74606519e-03	2.31324947e-03	1.78638086e-03	0.00000000e+00
2.49            	8.80260965e-02	2.73814084e-03	2.30534826e-03	1.84675852e-03	0.00000000e+00
2.495           	5.95906596e-02	2.73022246e-03	2.29745711e-03	1.74925896e-03	0.00000000e+00
2.5             	2.90234942e-02	2.72231818e-03	2.28957554e-03	1.66838366e-03	0.00000000e+00
2.505           	2.41863905e-01	2.71440814e-03	2.28170500e-03	1.75939212e-03	0.00000000e+00
2.51            	1.43471611e-01	2.70650862e-03	2.27384439e-03	1.77090251e-03	0.00000000e+00
2.515           	1.67542643e-01	2.69862593e-03	2.26599391e-03	2.02107867e-03	0.00000000e+00
2.52            	8.04094145e-02	2.69079386e-03	2.25815218e-03	1.86953556e-03	0.00000000e+00
2.525           	1.76569298e-01	2.68289583e-03	2.25032298e-03	1.67782534e-03	0.00000000e+00
2.53            	8.23324600e-02	2.67499831e-03	2.24250354e-03	1.70788193e-03	0.00000000e+00
2.535           	1.48209705e-01	2.66712696e-03	2.23469413e-03	1.89104236e-03	0.00000000e+00
2.54            	1.77045271e-01	2.65928936e-03	2.22689409e-03	1.80888286e-03	0.00000000e+00
2.545           	9.45758716e-02	2.65148986e-03	2.21910582e-03	1.96617255e-03	0.00000000e+00
2.55            	1.45110299e-01	2.64362254e-03	2.21132756e-03	1.80110549e-03	0.00000000e+00
2.555           	1.89903452e-01	2.63575819e-03	2.20355969e-03	1.77779861e-03	0.00000000e+00
2.56            	2.31403590e-01	2.62793113e-03	2.19580162e-03	1.81494148e-03	0.00000000e+00
2.565           	9.70491663e-02	2.62012593e-03	2.18805479e-03	1.87950330e-03	0.00000000e+00
2.57            	2.21666058e-01	2.61230586e-03	2.18031825e-03	1.69380320e-03	0.00000000e+00
2.575           	1.69371683e-01	2.60448920e-03	2.17254726e-03	1.53480312e-03	0.00000000e+00
2.58            	1.21033733e-01	2.59668884e-03	2.16481671e-03	1.72755638e-03	0.00000000e+00
2.585           	1.25508274e-01	2.58894142e-03	2.15715234e-03	1.73984216e-03	0.00000000e+00
2.59            	1.70700968e-01	2.58113021e-03	2.14942504e-03	1.73248218e-03	0.00000000e+00
2.595           	3.88983153e-01	2.57337111e-03	2.14177709e-03	1.68986795e-03	0.00000000e+00
2.6             	8.45017941e-02	2.56558505e-03	2.13406847e-03	1.81616413e-03	0.00000000e+00
2.605           	2.33364457e-01	2.55786462e-03	2.12644196e-03	1.63940717e-03	0.00000000e+00
2.61            	2.49171002e-01	2.55008102e-03	2.11875377e-03	1.76538155e-03	0.00000000e+00
2.615           	1.72606117e-01	2.54232731e-03	2.11110059e-03	1.62864934e-03	0.00000000e+00
2.62            	2.22918080e-01	2.53459920e-03	2.10346616e-03	1.54242627e-03	0.00000000e+00
2.625           	1.82593253e-01	2.52687382e-03	2.09584516e-03	1.50381999e-03	0.00000000e+00
2.63            	8.94610170e-02	2.51910739e-03	2.08819815e-03	1.41816186e-03	0.00000000e+00
2.635           	1.27373099e-01	2.51136705e-03	2.08062539e-03	1.31301110e-03	0.00000000e+00
2.64            	2.56577349e-01	2.50361827e-03	2.07300809e-03	1.30141089e-03	0.00000000e+00
2.645           	8.94968624e-02	2.49588394e-03	2.06542186e-03	1.28362865e-03	0.00000000e+00
2.65            	1.11142456e-01	2.48816004e-03	2.05785331e-03	1.45583793e-03	0.00000000e+00
2.655           	1.37026139e-01	2.48045635e-03	2.05029774e-03	1.23868465e-03	0.00000000e+00
2.66            	1.49097989e-01	2.47274146e-03	2.04275346e-03	1.45211472e-03	0.00000000e+00
2.665           	1.77896862e-01	2.46505163e-03	2.03526001e-03	1.56210498e-03	0.00000000e+00
2.67            	1.65387914e-01	2.45736555e-03	2.02771192e-03	1.37840646e-03	0.00000000e+00
2.675           	1.43264844e-01	2.44968520e-03	2.02019229e-03	1.56736132e-03	0.00000000e+00
2.68            	2.17627093e-01	2.44201276e-03	2.01268990e-03	1.45543457e-03	0.00000000e+00
2.685           	1.81254773e-01	2.43433188e-03	2.00520045e-03	1.23266082e-03	0.00000000e+00
2.69            	9.86972975e-02	2.42664261e-03	1.99772285e-03	1.48308732e-03	0.00000000e+00
2.695           	1.31129624e-01	2.41896224e-03	1.99025647e-03	1.56270682e-03	0.00000000e+00
2.7             	1.83921929e-01	2.41129069e-03	1.98280121e-03	1.35107325e-03	0.00000000e+00
2.705           	1.46216611e-01	2.40362805e-03	1.97535693e-03	1.42502251e-03	0.00000000e+00
2.71            	1.08032139e-01	2.39597468e-03	1.96792388e-03	1.45325148e-03	0.00000000e+00
2.715           	2.52505051e-01	2.38832952e-03	1.96050137e-03	1.49207459e-03	0.00000000e+00
2.72            	1.03913754e-01	2.38069484e-03	1.95309107e-03	1.58556163e-03	0.00000000e+00
2.725           	2.55766609e-01	2.37306927e-03	1.94569196e-03	1.36853539e-03	0.00000000e+00
2.73            	1.94361678e-01	2.36545249e-03	1.93830372e-03	1.52154996e-03	0.00000000e+00
2.735           	1.88354422e-01	2.35784520e-03	1.93092700e-03	1.26300635e-03	0.00000000e+00
2.74            	1.15441929e-01	2.35024729e-03	1.92356160e-03	1.30620752e-03	0.00000000e+00
2.745           	2.78200136e-01	2.34265827e-03	1.91620714e-03	1.14393294e-03	0.00000000e+00
2.75            	1.59654312e-01	2.33507858e-03	1.90886404e-03	1.05044911e-03	0.00000000e+00
2.755           	1.44725669e-01	2.32750828e-03	1.90153228e-03	9.43267097e-04	0.00000000e+00
2.76            	8.61522465e-02	2.31994735e-03	1.89421180e-03	1.26862272e-03	0.00000000e+00
2.765           	1.44406816e-01	2.31239585e-03	1.88690277e-03	1.26914360e-03	0.00000000e+00
2.77            	1.11719651e-01	2.30485377e-03	1.87960506e-03	1.11791027e-03	0.00000000e+00
2.775           	1.55035831e-01	2.29732106e-03	1.87231872e-03	9.64064860e-04	0.00000000e+00
2.78            	3.16663701e-01	2.28979778e-03	1.86504376e-03	1.12751546e-03	0.00000000e+00
2.785           	1.29826575e-01	2.28228381e-03	1.85777998e-03	1.00522993e-03	0.00000000e+00
2.79            	2.27212907e-01	2.27477950e-03	1.85052777e-03	1.10541635e-03	0.00000000e+00
2.795           	2.03093392e-01	2.26728508e-03	1.84328731e-03	1.18548124e-03	0.00000000e+00
2.8             	2.31565682e-01	2.25980021e-03	1.83605832e-03	9.02381384e-04	0.00000000e+00
2.805           	1.23910409e-01	2.25232429e-03	1.82884021e-03	9.89392111e-04	0.00000000e+00
2.81            	1.76226470e-01	2.24485762e-03	1.82163336e-03	1.18232043e-03	0.00000000e+00
2.815           	9.19391606e-02	2.23740192e-03	1.81443900e-03	1.11914305e-03	0.00000000e+00
2.82            	1.25606624e-01	2.22995556e-03	1.80725586e-03	9.56978349e-04	0.00000000e+00
2.825           	1.46973791e-01	2.22251842e-03	1.80008392e-03	1.14964386e-03	0.00000000e+00
2.83            	4.11680597e-01	2.21509112e-03	1.79292361e-03	9.67371632e-04	0.00000000e+00
2.835           	1.87969470e-01	2.20767392e-03	1.78577509e-03	1.05067115e-03	0.00000000e+00
2.84            	2.74630437e-01	2.20026604e-03	1.77863780e-03	9.42502271e-04	0.00000000e+00
2.845           	1.93088389e-01	2.19286805e-03	1.77151216e-03	1.05834422e-03	0.00000000e+00
2.85            	1.64342255e-01	2.18548036e-03	1.76439855e-03	1.01896289e-03	0.00000000e+00
2.855           	4.24453392e-02	2.17810177e-03	1.75729583e-03	9.60202237e-04	0.00000000e+00
2.86            	1.03514449e-01	2.17073324e-03	1.75020489e-03	9.08429587e-04	0.00000000e+00
2.865           	3.26038667e-01	2.16337492e-03	1.74312583e-03	1.02413318e-03	0.00000000e+00
2.87            	1.42583643e-01	2.15602608e-03	1.73605807e-03	9.06028275e-04	0.00000000e+00
2.875           	1.51402152e-01	2.14868726e-03	1.72900201e-03	7.25424745e-04	0.00000000e+00
2.88            	4.14342550e-01	2.14135895e-03	1.72195809e-03	7.04917015e-04	0.00000000e+00
2.885           	2.27968924e-01	2.13403988e-03	1.71492509e-03	6.83085398e-04	0.00000000e+00
2.89            	1.01353507e-01	2.12673144e-03	1.70790333e-03	6.25837195e-04	0.00000000e+00
2.895           	1.79166941e-01	2.11943258e-03	1.70087859e-03	4.90680754e-04	0.00000000e+00
2.9             	2.37766605e-01	2.11214410e-03	1.69386604e-03	7.06282625e-04	0.00000000e+00
2.905           	2.22316634e-01	2.10486526e-03	1.68686507e-03	7.84002626e-04	0.00000000e+00
2.91            	3.28238118e-01	2.09759658e-03	1.67987602e-03	5.26596728e-04	0.00000000e+00
2.915           	3.16298170e-01	2.09033782e-03	1.67289876e-03	5.90956550e-04	0.00000000e+00
2.92            	3.04327503e-01	2.08308968e-03	1.66593380e-03	5.04316622e-04	0.00000000e+00
2.925           	1.39125780e-01	2.07585152e-03	1.65898066e-03	5.83301527e-04	0.00000000e+00
2.93            	1.41241866e-01	2.06862285e-03	1.65199832e-03	5.01582389e-04	0.00000000e+00
2.935           	1.98490305e-01	2.06140480e-03	1.64505559e-03	7.13680668e-04	0.00000000e+00
2.94            	1.13617666e-01	2.05419737e-03	1.63817532e-03	5.72030713e-04	0.00000000e+00
2.945           	1.10155459e-01	2.04700007e-03	1.63128221e-03	5.13536237e-04	0.00000000e+00
2.95            	2.55784402e-01	2.03981256e-03	1.62435115e-03	4.79602634e-04	0.00000000e+00
2.955           	4.45115323e-01	2.03263584e-03	1.61748506e-03	4.43461563e-04	0.00000000e+00
2.96            	1.13107368e-01	2.02546883e-03	1.61056943e-03	5.44100086e-04	0.00000000e+00
2.965           	3.24204132e-01	2.01831249e-03	1.60372951e-03	6.30598405e-04	0.00000000e+00
2.97            	8.98369763e-02	2.01116632e-03	1.59683878e-03	6.53040497e-04	0.00000000e+00
2.975           	9.11781717e-02	2.00403048e-03	1.58998149e-03	5.21373118e-04	0.00000000e+00
2.98            	1.02144152e-01	1.99690501e-03	1.58314345e-03	4.99031712e-04	0.00000000e+00
2.985           	1.39112874e-01	1.98979021e-03	1.57632023e-03	5.61031979e-04	0.00000000e+00
2.99            	1.55693647e-01	1.98266912e-03	1.56950948e-03	4.04407759e-04	0.00000000e+00
2.995           	1.66366826e-01	1.97558676e-03	1.56271186e-03	6.71465580e-04	0.00000000e+00
3               	1.09239067e-01	1.96850630e-03	1.55592559e-03	5.32099577e-04	0.00000000e+00
3.005           	1.85589198e-01	1.96143410e-03	1.54915178e-03	5.71324816e-04	0.00000000e+00
3.01            	2.64794029e-01	1.95437192e-03	1.54239048e-03	5.77728857e-04	0.00000000e+00
3.015           	1.00745901e-01	1.94731983e-03	1.53564120e-03	4.94793769e-04	0.00000000e+00
3.02            	1.43195367e-01	1.94027812e-03	1.52890408e-03	4.80810554e-04	0.00000000e+00
3.025           	1.28590609e-01	1.93322988e-03	1.52217873e-03	5.81332208e-04	0.00000000e+00
3.03            	1.18480162e-01	1.92622102e-03	1.51546602e-03	5.64210623e-04	0.00000000e+00
3.035           	4.75698125e-01	1.91921515e-03	1.50876564e-03	6.24667612e-04	0.00000000e+00
3.04            	1.38920359e-01	1.91221677e-03	1.50207686e-03	3.99228381e-04	0.00000000e+00
3.045           	3.04168225e-01	1.90522852e-03	1.49540063e-03	6.10700838e-04	0.00000000e+00
3.05            	1.15266908e-01	1.89824986e-03	1.48873578e-03	5.72598144e-04	0.00000000e+00
3.055           	1.56601352e-01	1.89128241e-03	1.48208368e-03	5.58832363e-04	0.00000000e+00
3.06            	1.31805768e-01	1.88432521e-03	1.47544337e-03	3.94759197e-04	0.00000000e+00
3.065           	1.17056857e-01	1.87737910e-03	1.46881559e-03	3.67676546e-04	0.00000000e+00
3.07            	1.77234437e-01	1.87044350e-03	1.46219975e-03	3.69838662e-04	0.00000000e+00
3.075           	1.07778995e-01	1.86351862e-03	1.45559609e-03	4.06164544e-04	0.00000000e+00
3.08            	1.19013267e-01	1.85660443e-03	1.44900443e-03	5.28381344e-04	0.00000000e+00
3.085           	1.90811085e-01	1.84970067e-03	1.44242463e-03	3.92067209e-04	0.00000000e+00
3.09            	1.79028120e-01	1.84279082e-03	1.43585738e-03	4.19832236e-04	0.00000000e+00
3.095           	1.39029527e-01	1.83592064e-03	1.42930179e-03	4.72132924e-04	0.00000000e+00
3.1             	2.50438274e-01	1.82905359e-03	1.42275870e-03	5.20889031e-04	0.00000000e+00
3.105           	1.00332083e-01	1.82217717e-03	1.41622752e-03	3.31601542e-04	0.00000000e+00
3.11            	1.42070660e-01	1.81532300e-03	1.40970871e-03	3.37559562e-04	0.00000000e+00
3.115           	1.27578185e-01	1.80848279e-03	1.40320145e-03	2.97255237e-04	0.00000000e+00
3.12            	2.10525172e-01	1.80165476e-03	1.39670636e-03	3.68610171e-04	0.00000000e+00
3.125           	1.19944941e-01	1.79483794e-03	1.39022334e-03	2.19525741e-04	0.00000000e+00
3.13            	2.22491745e-01	1.78803191e-03	1.38375217e-03	3.10032735e-04	0.00000000e+00
3.135           	1.44825394e-01	1.78123720e-03	1.37729347e-03	3.67452573e-04	0.00000000e+00
3.14            	1.77144685e-01	1.77445337e-03	1.37084669e-03	2.61828101e-04	0.00000000e+00
3.145           	4.89063377e-01	1.76768026e-03	1.36441180e-03	2.20014781e-04	0.00000000e+00
3.15            	2.97334074e-01	1.76091778e-03	1.35798868e-03	2.99233819e-04	0.00000000e+00
3.155           	3.42022608e-01	1.75416648e-03	1.35157779e-03	3.01778201e-04	0.00000000e+00
3.16            	3.17215992e-01	1.74742614e-03	1.34517907e-03	2.40540886e-04	0.00000000e+00
3.165           	3.49416136e-01	1.74069725e-03	1.33879264e-03	2.78745531e-04	0.00000000e+00
3.17            	1.16042523e-01	1.73397870e-03	1.33241764e-03	2.73493780e-04	0.00000000e+00
3.175           	4.23246492e-01	1.72727079e-03	1.32605439e-03	2.23438059e-04	0.00000000e+00
3.18            	2.84926954e-01	1.72057416e-03	1.31970335e-03	2.49651236e-04	0.00000000e+00
3.185           	1.00762675e-01	1.71388878e-03	1.31336456e-03	2.89662416e-04	0.00000000e+00
3.19            	2.11952798e-01	1.70721395e-03	1.30703730e-03	3.66576061e-04	0.00000000e+00
3.195           	2.08704198e-01	1.70055056e-03	1.30072237e-03	2.77089107e-04	0.00000000e+00
3.2             	1.47880062e-01	1.69389771e-03	1.29441901e-03	2.12549993e-04	0.00000000e+00
3.205           	5.13895243e-01	1.68725611e-03	1.28812764e-03	2.40838469e-04	0.00000000e+00
3.21            	1.32044859e-01	1.68062577e-03	1.28184845e-03	2.51269126e-04	0.00000000e+00
3.215           	2.47978603e-01	1.67400605e-03	1.27558078e-03	1.83847190e-04	0.00000000e+00
3.22            	2.07698034e-01	1.66739748e-03	1.26932516e-03	3.60359488e-04	0.00000000e+00
3.225           	2.05350723e-01	1.66080022e-03	1.26308167e-03	2.48426914e-04	0.00000000e+00
3.23            	6.08928845e-01	1.65421418e-03	1.25685005e-03	2.35403283e-04	0.00000000e+00
3.235           	2.17739700e-01	1.64763866e-03	1.25062989e-03	2.19360749e-04	0.00000000e+00
3.24            	1.33957273e-01	1.64107394e-03	1.24442127e-03	2.83635303e-04	0.00000000e+00
3.245           	1.38480182e-01	1.63452128e-03	1.23822530e-03	2.15869726e-04	0.00000000e+00
3.25            	5.88220951e-01	1.62797866e-03	1.23204030e-03	2.84423902e-04	0.00000000e+00
3.255           	2.86267727e-01	1.62144785e-03	1.22586763e-03	2.64422455e-04	0.00000000e+00
3.26            	1.31912736e-01	1.61492770e-03	1.21970641e-03	3.22165704e-04	0.00000000e+00
3.265           	3.57667026e-01	1.60841887e-03	1.21355716e-03	2.62946414e-04	0.00000000e+00
3.27            	1.02598467e-01	1.60192169e-03	1.20742023e-03	3.67444611e-04	0.00000000e+00
3.275           	3.12057879e-01	1.59543487e-03	1.20129439e-03	3.36604549e-04	0.00000000e+00
3.28            	2.12126598e-01	1.58895922e-03	1.19518017e-03	2.33883227e-04	0.00000000e+00
3.285           	1.65655986e-01	1.58249544e-03	1.18907842e-03	2.62820301e-04	0.00000000e+00
3.29            	3.24425695e-01	1.57604244e-03	1.18298806e-03	2.72963390e-04	0.00000000e+00
3.295           	3.51539928e-01	1.56960015e-03	1.17690900e-03	1.97806273e-04	0.00000000e+00
3.3             	2.92882978e-01	1.56316888e-03	1.17084153e-03	3.44522907e-04	0.00000000e+00
3.305           	3.94307125e-01	1.55674890e-03	1.16478599e-03	2.44772126e-04	0.00000000e+00
3.31            	4.23508902e-01	1.55034096e-03	1.15874275e-03	2.21464968e-04	0.00000000e+00
3.315           	1.30006748e-01	1.54394316e-03	1.15271022e-03	2.39354589e-04	0.00000000e+00
3.32            	1.61059876e-01	1.53755673e-03	1.14668957e-03	2.63115897e-04	0.00000000e+00
3.325           	4.76549015e-01	1.53118220e-03	1.14068121e-03	1.80079768e-04	0.00000000e+00
3.33            	1.21298374e-01	1.52481818e-03	1.13468386e-03	1.89387205e-04	0.00000000e+00
3.335           	3.20150169e-01	1.51846553e-03	1.12869817e-03	2.05984907e-04	0.00000000e+00
3.34            	2.20984075e-01	1.51212357e-03	1.12272381e-03	1.82501819e-04	0.00000000e+00
3.345           	2.61225924e-01	1.50579319e-03	1.11676118e-03	3.25514721e-04	0.00000000e+00
3.35            	1.28621198e-01	1.49947404e-03	1.11081019e-03	2.75258693e-04	0.00000000e+00
3.355           	1.05000609e-01	1.49316646e-03	1.10487110e-03	2.39238474e-04	0.00000000e+00
3.36            	1.59214542e-01	1.48686979e-03	1.09894329e-03	2.60609366e-04	0.00000000e+00
3.365           	1.41549854e-01	1.48058467e-03	1.09302723e-03	3.48204925e-04	0.00000000e+00
3.37            	1.02691733e-01	1.47431019e-03	1.08712219e-03	1.17671362e-04	0.00000000e+00
3.375           	4.26285606e-01	1.46804667e-03	1.08122840e-03	2.79839301e-04	0.00000000e+00
3.38            	1.19140026e-01	1.46179464e-03	1.07534634e-03	2.36571786e-04	0.00000000e+00
3.385           	2.11947026e-01	1.45555422e-03	1.06947612e-03	3.52723198e-04	0.00000000e+00
3.39            	1.02846992e-01	1.44932451e-03	1.06361692e-03	1.80209552e-04	0.00000000e+00
3.395           	1.93824716e-01	1.44310683e-03	1.05776975e-03	2.16438380e-04	0.00000000e+00
3.4             	4.33455537e-01	1.43689949e-03	1.05193316e-03	2.11252286e-04	0.00000000e+00
3.405           	3.76895600e-01	1.43070419e-03	1.04610877e-03	1.70123909e-04	0.00000000e+00
3.41            	1.49820495e-01	1.42451951e-03	1.04029517e-03	2.79474875e-04	0.00000000e+00
3.415           	1.08386053e-01	1.41834642e-03	1.03449333e-03	2.24255050e-04	0.00000000e+00
3.42            	1.15176932e-01	1.41218404e-03	1.02870233e-03	2.50421872e-04	0.00000000e+00
3.425           	1.74593601e-01	1.40603285e-03	1.02292260e-03	1.47680609e-04	0.00000000e+00
3.43            	1.68542436e-01	1.39989303e-03	1.01715437e-03	2.07557807e-04	0.00000000e+00
3.435           	1.51871908e-01	1.39376486e-03	1.01139782e-03	2.43637025e-04	0.00000000e+00
3.44            	4.53287178e-01	1.38764753e-03	1.00565220e-03	3.28221588e-04	0.00000000e+00
3.445           	2.24532621e-01	1.38154195e-03	9.99918269e-04	2.70580610e-04	0.00000000e+00
3.45            	4.45068610e-01	1.37544690e-03	9.94194983e-04	2.66238262e-04	0.00000000e+00
3.455           	2.13362680e-01	1.36936339e-03	9.88483069e-04	1.88508737e-04	0.00000000e+00
3.46            	1.00780324e-01	1.36329138e-03	9.82782784e-04	1.58443274e-04	0.00000000e+00
3.465           	9.98854075e-02	1.35723057e-03	9.77093608e-04	1.85007708e-04	0.00000000e+00
3.47            	3.93144070e-02	1.35118076e-03	9.71415358e-04	1.70408132e-04	0.00000000e+00
3.475           	2.97997341e-01	1.34514232e-03	9.65748472e-04	1.45169497e-04	0.00000000e+00
3.48            	1.14566505e-01	1.33911484e-03	9.60092495e-04	2.35823846e-04	0.00000000e+00
3.485           	1.06195856e-01	1.33309885e-03	9.54447824e-04	1.90623586e-04	0.00000000e+00
3.49            	3.74862178e-01	1.32709392e-03	9.48814064e-04	2.80854970e-04	0.00000000e+00
3.495           	2.57228188e-01	1.32110041e-03	9.43191603e-04	1.58883376e-04	0.00000000e+00
3.5             	2.69478920e-01	1.31511785e-03	9.37579980e-04	3.48882650e-04	0.00000000e+00
3.505           	1.37435853e-01	1.30914658e-03	9.31979538e-04	2.34525859e-04	0.00000000e+00
3.51            	1.33243739e-01	1.30318664e-03	9.26390221e-04	2.96401593e-04	0.00000000e+00
3.515           	1.33286735e-01	1.29723795e-03	9.20811963e-04	2.81950168e-04	0.00000000e+00
3.52            	1.70186179e-01	1.29130057e-03	9.15244765e-04	3.52933186e-04	0.00000000e+00
3.525           	2.97257400e-01	1.28537449e-03	9.09688699e-04	2.64932580e-04	0.00000000e+00
3.53            	1.57218622e-01	1.27945945e-03	9.04143472e-04	2.63724024e-04	0.00000000e+00
3.535           	1.19017355e-01	1.27355563e-03	8.98609084e-04	3.42850570e-04	0.00000000e+00
3.54            	1.27548176e-01	1.26766328e-03	8.93085978e-04	3.63027253e-04	0.00000000e+00
3.545           	1.57984877e-01	1.26178237e-03	8.87573948e-04	3.63649471e-04	0.00000000e+00
3.55            	1.21945010e-01	1.25591195e-03	8.82072192e-04	4.45039525e-04	0.00000000e+00
3.555           	1.83889392e-01	1.25005331e-03	8.76581876e-04	4.70754148e-04	0.00000000e+00
3.56            	1.23378438e-01	1.24420553e-03	8.71102126e-04	4.15147126e-04	0.00000000e+00
3.565           	2.80045430e-01	1.23836889e-03	8.65633146e-04	5.62480471e-04	0.00000000e+00
3.57            	1.46472500e-01	1.23254358e-03	8.60175069e-04	3.85719760e-04	0.00000000e+00
3.575           	2.44614703e-01	1.22672924e-03	8.54727755e-04	3.76134556e-04	0.00000000e+00
3.58            	1.04524796e-01	1.22092623e-03	8.49291224e-04	2.97707667e-04	0.00000000e+00
3.585           	1.69306363e-01	1.21513450e-03	8.43865609e-04	4.40392739e-04	0.00000000e+00
3.59            	6.45543227e-01	1.20935457e-03	8.38451354e-04	4.64946998e-04	0.00000000e+00
3.595           	1.12071592e-01	1.20358496e-03	8.33046999e-04	3.42241710e-04	0.00000000e+00
3.6             	3.49508136e-01	1.19782689e-03	8.27653774e-04	4.33845002e-04	0.00000000e+00
3.605           	1.50528304e-01	1.19208005e-03	8.22271327e-04	3.77149345e-04	0.00000000e+00
3.61            	1.32918711e-01	1.18634433e-03	8.16899520e-04	3.67132644e-04	0.00000000e+00
3.615           	1.36568726e-01	1.18061957e-03	8.11538117e-04	3.31782647e-04	0.00000000e+00
3.62            	1.11006944e-01	1.17490611e-03	8.06187549e-04	5.08089605e-04	0.00000000e+00
3.625           	1.02756758e-01	1.16920436e-03	8.00848197e-04	5.03398092e-04	0.00000000e+00
3.63            	1.77409139e-01	1.16351333e-03	7.95519078e-04	4.68979682e-04	0.00000000e+00
3.635           	1.18267666e-01	1.15783318e-03	7.90200235e-04	4.29832189e-04	0.00000000e+00
3.64            	1.23142712e-01	1.15216476e-03	7.84892535e-04	4.74473250e-04	0.00000000e+00
3.645           	2.88319812e-01	1.14650695e-03	7.79594902e-04	4.51447162e-04	0.00000000e+00
3.65            	1.87319831e-01	1.14086030e-03	7.74307942e-04	4.59533473e-04	0.00000000e+00
3.655           	1.60204775e-01	1.13522503e-03	7.69031640e-04	3.84826986e-04	0.00000000e+00
3.66            	5.07735019e-01	1.12960096e-03	7.63765919e-04	4.06407043e-04	0.00000000e+00
3.665           	1.45566584e-01	1.12398810e-03	7.58510807e-04	2.75085015e-04	0.00000000e+00
3.67            	9.85543586e-02	1.11838622e-03	7.53266034e-04	4.02161370e-04	0.00000000e+00
3.675           	1.51140307e-01	1.11279554e-03	7.48031797e-04	4.78735077e-04	0.00000000e+00
3.68            	1.26719996e-01	1.10721566e-03	7.42807752e-04	4.88366618e-04	0.00000000e+00
3.685           	1.34844253e-01	1.10164707e-03	7.37594312e-04	4.15415559e-04	0.00000000e+00
3.69            	1.43435344e-01	1.09608988e-03	7.32391564e-04	5.05715823e-04	0.00000000e+00
3.695           	1.10782435e-01	1.09054347e-03	7.27199013e-04	4.25559181e-04	0.00000000e+00
3.7             	1.21251015e-01	1.08500871e-03	7.22017226e-04	5.31985255e-04	0.00000000e+00
3.705           	2.64037375e-01	1.07948424e-03	7.16845050e-04	5.44258148e-04	0.00000000e+00
3.71            	1.05590572e-01	1.07397147e-03	7.11683777e-04	4.74344325e-04	0.00000000e+00
3.715           	6.98072109e-02	1.06846980e-03	7.06532958e-04	4.97935985e-04	0.00000000e+00
3.72            	1.66242342e-01	1.06297880e-03	7.01392006e-04	4.45735047e-04	0.00000000e+00
3.725           	1.00723154e-01	1.05749851e-03	6.96109099e-04	5.87950074e-04	0.00000000e+00
3.73            	1.40387231e-01	1.05202975e-03	6.91091589e-04	4.13500459e-04	0.00000000e+00
3.735           	9.00921426e-02	1.04657185e-03	6.85863556e-04	4.66225807e-04	0.00000000e+00
3.74            	1.92358831e-01	1.04112469e-03	6.80725558e-04	4.30721232e-04	0.00000000e+00
3.745           	1.20822876e-01	1.03568839e-03	6.75624589e-04	2.60328871e-04	0.00000000e+00
3.75            	1.36345324e-01	1.03026368e-03	6.70542776e-04	3.08460162e-04	0.00000000e+00
3.755           	2.27962827e-01	1.02484952e-03	6.65474180e-04	2.19210281e-04	0.00000000e+00
3.76            	1.12882235e-01	1.01944629e-03	6.60416917e-04	3.19857931e-04	0.00000000e+00
3.765           	2.07410549e-01	1.01405456e-03	6.55370173e-04	2.19446439e-04	0.00000000e+00
3.77            	3.02463340e-01	1.00867360e-03	6.50333637e-04	2.34219344e-04	0.00000000e+00
3.775           	1.30211348e-01	1.00330384e-03	6.45307417e-04	2.78076396e-04	0.00000000e+00
3.78            	1.37469702e-01	9.97945125e-04	6.40291350e-04	3.24930823e-04	0.00000000e+00
3.785           	9.25490926e-02	9.92597118e-04	6.35285323e-04	3.78949231e-04	0.00000000e+00
3.79            	1.03259118e-01	9.87260553e-04	6.30289435e-04	3.39770945e-04	0.00000000e+00
3.795           	1.88310297e-01	9.81934888e-04	6.25303560e-04	3.16191924e-04	0.00000000e+00
3.8             	1.56678364e-01	9.76620309e-04	6.20327729e-04	2.35210888e-04	0.00000000e+00
3.805           	1.24398934e-01	9.71316459e-04	6.15362018e-04	2.27738608e-04	0.00000000e+00
3.81            	5.16121206e-01	9.66023773e-04	6.10406204e-04	3.17436618e-04	0.00000000e+00
3.815           	3.93332203e-01	9.60741785e-04	6.05460377e-04	2.76287849e-04	0.00000000e+00
3.82            	1.69591562e-01	9.55471073e-04	6.00524626e-04	2.28571289e-04	0.00000000e+00
3.825           	1.38997295e-01	9.50211565e-04	5.95598797e-04	3.17837219e-04	0.00000000e+00
3.83            	2.44358587e-01	9.44962680e-04	5.90682888e-04	3.45888891e-04	0.00000000e+00
3.835           	1.16846390e-01	9.39724858e-04	5.85776888e-04	2.19686707e-04	0.00000000e+00
3.84            	2.27554392e-01	9.34497917e-04	5.80880710e-04	2.12324623e-04	0.00000000e+00
3.845           	1.18897292e-01	9.29281972e-04	5.75994528e-04	2.96634697e-04	0.00000000e+00
3.85            	3.04269700e-01	9.24077278e-04	5.71118107e-04	2.99928698e-04	0.00000000e+00
3.855           	1.96185492e-01	9.18883005e-04	5.66251556e-04	2.14018312e-04	0.00000000e+00
3.86            	7.41983924e-02	9.13699777e-04	5.61394882e-04	3.41330538e-04	0.00000000e+00
3.865           	1.19987109e-01	9.08527790e-04	5.56547999e-04	2.20230193e-04	0.00000000e+00
3.87            	2.13775748e-01	9.03366315e-04	5.51710923e-04	2.18204130e-04	0.00000000e+00
3.875           	1.46590665e-01	8.98215660e-04	5.46883563e-04	3.05431845e-04	0.00000000e+00
3.88            	1.75516845e-01	8.93076017e-04	5.42066038e-04	1.80537504e-04	0.00000000e+00
3.885           	1.31547962e-01	8.87947617e-04	5.37258107e-04	2.03414832e-04	0.00000000e+00
3.89            	1.31090400e-01	8.82830095e-04	5.32459956e-04	2.79542645e-04	0.00000000e+00
3.895           	2.09354449e-01	8.77723110e-04	5.27671557e-04	1.44070786e-04	0.00000000e+00
3.9             	2.16180685e-01	8.72627037e-04	5.22892834e-04	2.54876918e-04	0.00000000e+00
3.905           	1.88037498e-01	8.67541951e-04	5.18123734e-04	2.40631554e-04	0.00000000e+00
3.91            	1.95294160e-01	8.62467763e-04	5.13364375e-04	2.18878911e-04	0.00000000e+00
3.915           	2.03371555e-01	8.57404124e-04	5.08614538e-04	1.51537070e-04	0.00000000e+00
3.92            	1.50773645e-01	8.52351901e-04	5.03874436e-04	1.25267421e-04	0.00000000e+00
3.925           	1.19844059e-01	8.47310406e-04	4.99143833e-04	1.92524723e-04	0.00000000e+00
3.93            	1.38736798e-01	8.42279571e-04	4.94422914e-04	1.68814641e-04	0.00000000e+00
3.935           	2.43837332e-01	8.37259260e-04	4.89711467e-04	1.86877588e-04	0.00000000e+00
3.94            	2.56547716e-01	8.32249618e-04	4.85009701e-04	2.14909370e-04	0.00000000e+00
3.945           	1.77159300e-01	8.27251448e-04	4.80317388e-04	2.01324185e-04	0.00000000e+00
3.95            	1.34639150e-01	8.22263454e-04	4.75634634e-04	2.05332250e-04	0.00000000e+00
3.955           	1.13011067e-01	8.17286698e-04	4.70961270e-04	2.48758958e-04	0.00000000e+00
3.96            	2.38404796e-01	8.12320606e-04	4.66297447e-04	2.06938370e-04	0.00000000e+00
3.965           	1.53783227e-01	8.07365473e-04	4.61643228e-04	3.41541254e-04	0.00000000e+00
3.97            	1.02776158e-01	8.02421126e-04	4.56998367e-04	1.87738014e-04	0.00000000e+00
3.975           	1.77932508e-01	7.97487053e-04	4.52362919e-04	2.19283192e-04	0.00000000e+00
3.98            	1.82369551e-01	7.92563959e-04	4.47736958e-04	1.77070482e-04	0.00000000e+00
3.985           	1.60418620e-01	7.87651945e-04	4.43120365e-04	8.28233647e-05	0.00000000e+00
3.99            	1.75168045e-01	7.82750009e-04	4.38513142e-04	1.64667283e-04	0.00000000e+00
3.995           	2.59528034e-01	7.77859002e-04	4.33915367e-04	1.85519813e-04	0.00000000e+00
4               	1.83654848e-01	7.72979305e-04	4.29326949e-04	1.51164903e-04	0.00000000e+00
4.005           	1.59382923e-01	7.68109774e-04	4.24747902e-04	1.46107897e-04	0.00000000e+00
4.01            	4.91431963e-01	7.63251086e-04	4.20178103e-04	1.74141037e-04	0.00000000e+00
4.015           	1.43167369e-01	7.58402883e-04	4.15617658e-04	1.80939196e-04	0.00000000e+00
4.02            	1.10306843e-01	7.53565766e-04	4.11066576e-04	1.52932520e-04	0.00000000e+00
4.025           	2.63773601e-01	7.48739186e-04	4.06524760e-04	1.98624751e-04	0.00000000e+00
4.03            	2.37667039e-01	7.43923307e-04	4.01992247e-04	2.09763335e-04	0.00000000e+00
4.035           	1.94983116e-01	7.39118080e-04	3.97468939e-04	2.26606975e-04	0.00000000e+00
4.04            	1.47680010e-01	7.34323497e-04	3.92954925e-04	1.44693120e-04	0.00000000e+00
4.045           	3.26881100e-02	7.29539625e-04	3.88450057e-04	1.41576732e-04	0.00000000e+00
4.05            	2.83388316e-01	7.24766813e-04	3.84106512e-04	1.73688659e-04	0.00000000e+00
4.055           	3.13656276e-01	7.20004222e-04	3.79517928e-04	3.46584971e-04	0.00000000e+00
4.06            	1.55879691e-01	7.15252563e-04	3.75158207e-04	3.15924544e-04	0.00000000e+00
4.065           	1.18348979e-01	7.10511842e-04	3.70728520e-04	4.35277695e-04	0.00000000e+00
4.07            	1.09834991e-01	7.05781447e-04	3.66281103e-04	2.74937229e-04	0.00000000e+00
4.075           	3.85975241e-01	7.01061776e-04	3.61834001e-04	2.93837813e-04	0.00000000e+00
4.08            	4.90354110e-01	6.96352694e-04	3.57393007e-04	3.02820394e-04	0.00000000e+00
4.085           	1.53565184e-01	6.91654321e-04	3.52960117e-04	2.01222640e-04	0.00000000e+00
4.09            	2.80988587e-01	6.86966485e-04	3.48535954e-04	2.53418149e-04	0.00000000e+00
4.095           	1.13037411e-01	6.82289187e-04	3.44120757e-04	2.10414001e-04	0.00000000e+00
4.1             	4.34497412e-01	6.77622242e-04	3.39714320e-04	3.22575551e-04	0.00000000e+00
4.105           	3.56904523e-01	6.72966192e-04	3.35317283e-04	1.80168819e-04	0.00000000e+00
4.11            	1.94523393e-01	6.68320618e-04	3.30929142e-04	2.46693771e-04	0.00000000e+00
4.115           	1.90142488e-01	6.63685573e-04	3.26550056e-04	2.15171906e-04	0.00000000e+00
4.12            	2.42313858e-01	6.59060965e-04	3.22179915e-04	1.78842334e-04	0.00000000e+00
4.125           	1.04584036e-01	6.54446701e-04	3.17818553e-04	1.64375996e-04	0.00000000e+00
4.13            	1.19704507e-01	6.49843096e-04	3.13466336e-04	1.83027196e-04	0.00000000e+00
4.135           	1.01274117e-01	6.45250264e-04	3.09123348e-04	1.78852435e-04	0.00000000e+00
4.14            	9.38104243e-02	6.40667584e-04	3.04789018e-04	2.03485680e-04	0.00000000e+00
4.145           	5.46948911e-01	6.36095919e-04	3.00464161e-04	2.29823413e-04	0.00000000e+00
4.15            	1.31621921e-01	6.31534078e-04	2.96147582e-04	1.69981570e-04	0.00000000e+00
4.155           	1.92870960e-01	6.26983380e-04	2.91840578e-04	1.71911035e-04	0.00000000e+00
4.16            	1.35997220e-01	6.22442445e-04	2.87541831e-04	1.81188625e-04	0.00000000e+00
4.165           	1.76969334e-01	6.17912205e-04	2.83252218e-04	2.64304126e-04	0.00000000e+00
4.17            	1.99056892e-01	6.13392930e-04	2.78972005e-04	1.89906129e-04	0.00000000e+00
4.175           	3.35448460e-01	6.08883465e-04	2.74700028e-04	1.32493901e-04	0.00000000e+00
4.18            	1.41668991e-01	6.04384762e-04	2.70437301e-04	1.31687342e-04	0.00000000e+00
4.185           	1.24228371e-01	5.99896303e-04	2.66183186e-04	9.64957172e-05	0.00000000e+00
4.19            	1.03580998e-01	5.95418359e-04	2.61938033e-04	1.61167308e-04	0.00000000e+00
4.195           	1.30897598e-01	5.90950868e-04	2.57701763e-04	1.73195321e-04	0.00000000e+00
4.2             	1.24073290e-01	5.86493951e-04	2.53474524e-04	1.62605669e-04	0.00000000e+00
4.205           	1.93897281e-01	5.82047351e-04	2.49255992e-04	2.46540886e-04	0.00000000e+00
4.21            	9.30370754e-02	5.77611285e-04	2.45046399e-04	2.19144798e-04	0.00000000e+00
4.215           	1.40739523e-01	5.73185389e-04	2.40845315e-04	2.14864224e-04	0.00000000e+00
4.22            	1.91511323e-01	5.68769853e-04	2.36653086e-04	1.50783048e-04	0.00000000e+00
4.225           	1.44880448e-01	5.64364764e-04	2.32469643e-04	1.35512136e-04	0.00000000e+00
4.23            	6.38145865e-02	5.59970045e-04	2.28295015e-04	1.66068164e-04	0.00000000e+00
4.235           	1.17392714e-01	5.55585704e-04	2.24129133e-04	1.98639764e-04	0.00000000e+00
4.24            	1.60861073e-01	5.51211931e-04	2.19972181e-04	1.68381346e-04	0.00000000e+00
4.245           	2.89763564e-01	5.46848039e-04	2.15823480e-04	1.56771672e-04	0.00000000e+00
4.25            	1.33630230e-01	5.42494960e-04	2.11684046e-04	1.27098493e-04	0.00000000e+00
4.255           	2.57151415e-01	5.38152154e-04	2.07553186e-04	2.63485431e-04	0.00000000e+00
4.26            	9.34498203e-02	5.33819405e-04	2.03430783e-04	2.06951703e-04	0.00000000e+00
4.265           	9.67632041e-02	5.29497307e-04	1.99317367e-04	2.14087512e-04	0.00000000e+00
4.27            	1.64599660e-01	5.25185015e-04	1.95212136e-04	1.56523191e-04	0.00000000e+00
4.275           	1.21131944e-01	5.20883466e-04	1.91115992e-04	1.72234222e-04	0.00000000e+00
4.28            	3.17845690e-01	5.16591975e-04	1.87028290e-04	2.25301060e-04	0.00000000e+00
4.285           	7.71612509e-02	5.12311082e-04	1.82949546e-04	1.34964727e-04	0.00000000e+00
4.29            	1.94637134e-01	5.08040388e-04	1.78879314e-04	1.50254315e-04	0.00000000e+00
4.295           	1.20707210e-01	5.03780010e-04	1.74817752e-04	1.41371090e-04	0.00000000e+00
4.3             	9.99386943e-02	4.99529828e-04	1.70764747e-04	1.91682555e-04	0.00000000e+00
4.305           	7.14991016e-02	4.95289938e-04	1.66720359e-04	1.24826116e-04	0.00000000e+00
4.31            	1.36594511e-01	4.91060330e-04	1.62684549e-04	1.35465063e-04	0.00000000e+00
4.315           	1.43553965e-01	4.86840975e-04	1.58657346e-04	1.15687937e-04	0.00000000e+00
4.32            	1.82296355e-01	4.82631728e-04	1.54638582e-04	1.69046933e-04	0.00000000e+00
4.325           	2.08421628e-01	4.78432825e-04	1.50628492e-04	1.68068597e-04	0.00000000e+00
4.33            	3.28905407e-01	4.74244338e-04	1.46627144e-04	1.30715484e-04	0.00000000e+00
4.335           	1.66804202e-01	4.70065814e-04	1.42634091e-04	1.32424017e-04	0.00000000e+00
4.34            	1.64032274e-01	4.65897971e-04	1.38650027e-04	1.74805761e-04	0.00000000e+00
4.345           	1.91926723e-01	4.61739830e-04	1.34673950e-04	1.69550787e-04	0.00000000e+00
4.35            	1.47412772e-01	4.57592355e-04	1.30706884e-04	1.17082841e-04	0.00000000e+00
4.355           	9.33945306e-02	4.53440836e-04	1.26747806e-04	2.08993897e-04	0.00000000e+00
4.36            	1.04898221e-01	4.49309199e-04	1.22797584e-04	1.50525386e-04	0.00000000e+00
4.365           	9.86734453e-02	4.45190800e-04	1.18855845e-04	1.34485128e-04	0.00000000e+00
4.37            	1.35053120e-01	4.41083498e-04	1.14883750e-04	1.59076826e-04	0.00000000e+00
4.375           	6.00956828e-01	4.36986539e-04	1.10946109e-04	1.88784272e-04	0.00000000e+00
4.38            	1.45443853e-01	4.32900109e-04	1.07025825e-04	1.52038364e-04	0.00000000e+00
4.385           	1.55602544e-01	4.28823694e-04	1.03066051e-04	1.37329429e-04	0.00000000e+00
4.39            	3.22182746e-01	4.24757580e-04	9.91499326e-05	2.23851789e-04	0.00000000e+00
4.395           	2.00031741e-01	4.20701514e-04	9.52540048e-05	2.28150185e-04	0.00000000e+00
4.4             	1.11090922e-01	4.16655311e-04	9.13321198e-05	1.53787037e-04	0.00000000e+00
4.405           	3.47317959e-01	4.12619472e-04	8.74458489e-05	2.02240991e-04	0.00000000e+00
4.41            	1.69048568e-01	4.08593937e-04	8.35770075e-05	1.42765067e-04	0.00000000e+00
4.415           	9.23775807e-02	4.04578145e-04	7.97196665e-05	1.53409730e-04	0.00000000e+00
4.42            	1.20762376e-01	4.00572446e-04	7.58717505e-05	1.97633458e-04	0.00000000e+00
4.425           	1.78870717e-01	3.96576999e-04	7.20326603e-05	1.58108936e-04	0.00000000e+00
4.43            	5.66019101e-02	3.92591869e-04	6.82020711e-05	1.59546156e-04	0.00000000e+00
4.435           	3.29610091e-01	3.88616660e-04	6.43798807e-05	1.39548589e-04	0.00000000e+00
4.44            	9.38254056e-02	3.84651562e-04	6.05661914e-05	1.35571395e-04	0.00000000e+00
4.445           	2.22472986e-01	3.80696764e-04	5.67608224e-05	1.84094779e-04	0.00000000e+00
4.45            	2.12929741e-01	3.76751915e-04	5.30016598e-05	1.70754521e-04	0.00000000e+00
4.455           	3.28205453e-01	3.72817457e-04	4.92255162e-05	1.65609379e-04	0.00000000e+00
4.46            	2.04935066e-01	3.68892806e-04	4.54490827e-05	2.29076813e-04	0.00000000e+00
4.465           	2.07483006e-01	3.64978396e-04	4.16781688e-05	1.86027259e-04	0.00000000e+00
4.47            	1.53296988e-01	3.61074022e-04	3.79146089e-05	1.70542250e-04	0.00000000e+00
4.475           	2.30842907e-01	3.57179731e-04	3.41590581e-05	1.60828137e-04	0.00000000e+00
4.48            	1.11632117e-01	3.53295483e-04	3.04116717e-05	1.84660463e-04	0.00000000e+00
4.485           	7.53334055e-02	3.49421098e-04	2.66724775e-05	1.71203081e-04	0.00000000e+00
4.49            	3.46270114e-01	3.45556869e-04	2.29415960e-05	1.79187264e-04	0.00000000e+00
4.495           	3.95817608e-01	3.41702737e-04	1.92032385e-05	1.67258775e-04	0.00000000e+00
4.5             	1.17776715e-01	3.37858748e-04	1.54838185e-05	1.76107839e-04	0.00000000e+00
4.505           	1.13936171e-01	3.34024629e-04	1.17761018e-05	2.27039900e-04	0.00000000e+00
4.51            	1.34619111e-01	3.30200548e-04	8.43824916e-06	1.87872498e-04	0.00000000e+00
4.515           	1.23988439e-01	3.26386675e-04	6.09534349e-06	1.54357072e-04	0.00000000e+00
4.52            	3.04184315e-01	3.22582471e-04	4.83083915e-06	1.83170311e-04	0.00000000e+00
4.525           	1.26757685e-01	3.18788478e-04	4.89249697e-06	1.13883330e-04	0.00000000e+00
4.53            	2.02016735e-01	3.15004594e-04	7.09022444e-06	1.78760649e-04	0.00000000e+00
4.535           	2.72156659e-01	3.11230718e-04	1.06726139e-05	1.32395074e-04	0.00000000e+00
4.54            	3.96524317e-02	3.07466724e-04	1.42474269e-05	1.45477313e-04	0.00000000e+00
4.545           	1.62213637e-01	3.03712709e-04	1.78143203e-05	1.65566856e-04	0.00000000e+00
4.55            	3.32404249e-01	2.99968530e-04	2.13941405e-05	2.22349292e-04	0.00000000e+00
4.555           	3.96877427e-01	2.96234458e-04	2.49987968e-05	2.37344112e-04	0.00000000e+00
4.56            	9.95458785e-02	2.92510641e-04	2.85950879e-05	2.38028866e-04	0.00000000e+00
4.565           	4.47716757e-01	2.88786466e-04	3.21835481e-05	2.40816250e-04	0.00000000e+00
4.57            	1.07297264e-01	2.85079070e-04	3.57637341e-05	2.53419129e-04	0.00000000e+00
4.575           	1.11245338e-01	2.81383936e-04	3.93356893e-05	2.51904114e-04	0.00000000e+00
4.58            	9.22612048e-02	2.77699469e-04	4.28995165e-05	2.33281274e-04	0.00000000e+00
4.585           	1.89726706e-01	2.74025013e-04	4.64553164e-05	3.26321368e-04	0.00000000e+00
4.59            	1.01080489e-01	2.70360719e-04	5.00028707e-05	3.61963075e-04	0.00000000e+00
4.595           	5.47454510e-02	2.66706363e-04	5.35423095e-05	2.54683528e-04	0.00000000e+00
4.6             	7.18395516e-02	2.63061806e-04	5.70737138e-05	2.32452726e-04	0.00000000e+00
4.605           	3.41746718e-01	2.59427448e-04	6.05967956e-05	2.19086634e-04	0.00000000e+00
4.61            	1.87529125e-01	2.56004493e-04	6.41120074e-05	1.94380459e-04	0.00000000e+00
4.615           	6.56099973e-02	2.52455719e-04	6.76265860e-05	2.06013992e-04	0.00000000e+00
4.62            	1.14770601e-01	2.48670466e-04	7.10863909e-05	1.99491116e-04	0.00000000e+00
4.625           	2.28260133e-01	2.45015361e-04	7.45696143e-05	2.16479782e-04	0.00000000e+00
4.63            	1.90406445e-01	2.41410256e-04	7.80646712e-05	3.00975409e-04	0.00000000e+00
4.635           	8.77158660e-02	2.38028866e-04	8.15560854e-05	2.14578522e-04	0.00000000e+00
4.64            	1.76652754e-01	2.34526559e-04	8.50412185e-05	2.01811638e-04	0.00000000e+00
4.645           	2.73305366e-01	2.30991268e-04	8.85185604e-05	2.51851343e-04	0.00000000e+00
4.65            	1.77258506e-01	2.27450815e-04	9.19880293e-05	1.98328254e-04	0.00000000e+00
4.655           	9.76117646e-02	2.23915848e-04	9.54496030e-05	2.63288737e-04	0.00000000e+00
4.66            	2.50085685e-01	2.20325201e-04	9.89028664e-05	2.23115254e-04	0.00000000e+00
4.665           	3.01324055e-02	2.16786221e-04	1.02348079e-04	2.04494235e-04	0.00000000e+00
4.67            	1.36489576e-01	2.13271857e-04	1.05785232e-04	1.98565795e-04	0.00000000e+00
4.675           	2.18702772e-01	2.09772198e-04	1.09214450e-04	2.34967705e-04	0.00000000e+00
4.68            	3.60785467e-01	2.06283862e-04	1.12635325e-04	2.59383733e-04	0.00000000e+00
4.685           	2.58833540e-01	2.02805838e-04	1.16048141e-04	2.70846815e-04	0.00000000e+00
4.69            	8.73769686e-02	1.99293833e-04	1.19452910e-04	2.35234812e-04	0.00000000e+00
4.695           	5.64170478e-02	1.95821491e-04	1.22849564e-04	2.54984005e-04	0.00000000e+00
4.7             	1.70361383e-01	1.92368559e-04	1.26238030e-04	2.54004822e-04	0.00000000e+00
4.705           	9.40279176e-02	1.88928690e-04	1.29618597e-04	2.13594636e-04	0.00000000e+00
4.71            	1.49071747e-01	1.85469423e-04	1.32990899e-04	2.68992130e-04	0.00000000e+00
4.715           	2.10389442e-01	1.82071539e-04	1.36355434e-04	2.73290900e-04	0.00000000e+00
4.72            	2.42109636e-01	1.78669581e-04	1.39711714e-04	2.94013619e-04	0.00000000e+00
4.725           	6.34135861e-02	1.75242466e-04	1.43059887e-04	2.33670718e-04	0.00000000e+00
4.73            	1.14230541e-01	1.71844200e-04	1.46399954e-04	2.60495836e-04	0.00000000e+00
4.735           	1.19400432e-01	1.68462102e-04	1.49731915e-04	2.48540360e-04	0.00000000e+00
4.74            	1.48687881e-01	1.65092054e-04	1.53055692e-04	2.82349958e-04	0.00000000e+00
4.745           	6.11612533e-02	1.61710269e-04	1.56371586e-04	2.03955642e-04	0.00000000e+00
4.75            	1.40517204e-01	1.58353225e-04	1.59679239e-04	3.31216267e-04	0.00000000e+00
4.755           	1.73120071e-01	1.55011084e-04	1.62978895e-04	2.38074294e-04	0.00000000e+00
4.76            	1.05850782e-01	1.51680532e-04	1.66270359e-04	2.39674472e-04	0.00000000e+00
4.765           	3.46197378e-01	1.48360273e-04	1.69553948e-04	2.41124728e-04	0.00000000e+00
4.77            	9.64870807e-02	1.45033809e-04	1.72829556e-04	2.65224200e-04	0.00000000e+00
4.775           	1.46754923e-01	1.41743901e-04	1.76096901e-04	3.47430585e-04	0.00000000e+00
4.78            	1.02754701e-01	1.38456629e-04	1.79356184e-04	2.44004615e-04	0.00000000e+00
4.785           	2.01576426e-01	1.35176644e-04	1.82607448e-04	2.33338081e-04	0.00000000e+00
4.79            	1.76176053e-01	1.31905393e-04	1.85850644e-04	2.70207026e-04	0.00000000e+00
4.795           	9.02449586e-02	1.28643997e-04	1.89085768e-04	2.27757792e-04	0.00000000e+00
4.8             	3.95348809e-02	1.25376240e-04	1.92312978e-04	2.14497000e-04	0.00000000e+00
4.805           	7.34231509e-02	1.22128825e-04	1.95532037e-04	2.44006528e-04	0.00000000e+00
4.81            	3.00158705e-01	1.18894664e-04	1.98743006e-04	2.02098440e-04	0.00000000e+00
4.815           	2.01942057e-01	1.15671390e-04	2.01945906e-04	2.10594509e-04	0.00000000e+00
4.82            	2.03609965e-01	1.12458246e-04	2.05140728e-04	2.26444492e-04	0.00000000e+00
4.825           	5.81596399e-02	1.09254871e-04	2.08327518e-04	2.13145647e-04	0.00000000e+00
4.83            	1.10979078e-01	1.06061249e-04	2.11506243e-04	1.99654513e-04	0.00000000e+00
4.835           	1.61812580e-01	1.02877404e-04	2.14676771e-04	2.27344561e-04	0.00000000e+00
4.84            	1.65094890e-01	9.97031342e-05	2.17839473e-04	1.67212856e-04	0.00000000e+00
4.845           	1.30656965e-01	9.65539383e-05	2.20994042e-04	2.08811644e-04	0.00000000e+00
4.85            	2.88466383e-01	9.34042997e-05	2.24140337e-04	1.89966955e-04	0.00000000e+00
4.855           	2.41063756e-01	9.02452808e-05	2.27278921e-04	1.64285881e-04	0.00000000e+00
4.86            	1.00593261e-01	8.71203554e-05	2.30409355e-04	1.87587254e-04	0.00000000e+00
4.865           	7.11504265e-02	8.39981035e-05	2.33531600e-04	1.99377246e-04	0.00000000e+00
4.87            	3.43151213e-01	8.08828051e-05	2.36645966e-04	2.09510479e-04	0.00000000e+00
4.875           	2.49666522e-01	7.77764595e-05	2.39752217e-04	1.93743491e-04	0.00000000e+00
4.88            	2.11189408e-01	7.46795314e-05	2.42850393e-04	2.05354439e-04	0.00000000e+00
4.885           	9.95895184e-02	7.16128955e-05	2.45940395e-04	2.32262588e-04	0.00000000e+00
4.89            	1.03601730e-01	6.85419593e-05	2.49022399e-04	2.78497669e-04	0.00000000e+00
4.895           	1.51498083e-01	6.54553727e-05	2.52096491e-04	2.12622078e-04	0.00000000e+00
4.9             	1.30098383e-01	6.24112721e-05	2.55162367e-04	2.45592437e-04	0.00000000e+00
4.905           	1.71392411e-01	5.93669079e-05	2.58252887e-04	2.30930079e-04	0.00000000e+00
4.91            	2.17118453e-01	5.63293354e-05	2.61313329e-04	2.08355783e-04	0.00000000e+00
4.915           	8.53147227e-02	5.32997992e-05	2.64358523e-04	2.04722681e-04	0.00000000e+00
4.92            	1.15384705e-01	5.02799681e-05	2.67393159e-04	3.49511173e-04	0.00000000e+00
4.925           	1.62175807e-01	4.72693558e-05	2.70418798e-04	2.19682633e-04	0.00000000e+00
4.93            	2.09174951e-01	4.42681700e-05	2.73436139e-04	2.44133246e-04	0.00000000e+00
4.935           	8.82891653e-02	4.12767408e-05	2.76445252e-04	2.35642176e-04	0.00000000e+00
4.94            	1.28200597e-01	3.83018036e-05	2.79446434e-04	1.98016611e-04	0.00000000e+00
4.945           	5.51409213e-02	3.53905671e-05	2.82439471e-04	1.90401260e-04	0.00000000e+00
4.95            	4.50425280e-01	3.25786521e-05	2.85424535e-04	2.21074286e-04	0.00000000e+00
4.955           	1.16029822e-01	2.99136228e-05	2.88401455e-04	2.03311039e-04	0.00000000e+00
4.96            	2.32912198e-01	2.74527482e-05	2.91370198e-04	1.95695440e-04	0.00000000e+00
4.965           	1.34896345e-01	2.51571090e-05	2.94330893e-04	2.11698282e-04	0.00000000e+00
4.97            	7.97704469e-02	2.30671530e-05	2.97283664e-04	1.79374326e-04	0.00000000e+00
4.975           	1.39850209e-01	2.11968519e-05	3.00228172e-04	2.53770837e-04	0.00000000e+00
4.98            	3.40712940e-01	1.95631159e-05	3.03164576e-04	1.64282889e-04	0.00000000e+00
4.985           	1.19280647e-01	1.81891999e-05	3.06093074e-04	2.34142932e-04	0.00000000e+00
4.99            	2.20289793e-01	1.70581052e-05	3.09013459e-04	2.28091763e-04	0.00000000e+00
4.995           	1.01164360e-01	1.62244590e-05	3.11925727e-04	1.60188825e-04	0.00000000e+00
5               	1.27742346e-01	1.56453988e-05	3.14829942e-04	2.54602895e-04	0.00000000e+00
5.005           	5.39216370e-02	1.53563414e-05	3.17726046e-04	2.78700561e-04	0.00000000e+00
5.01            	1.11911965e-01	1.53493681e-05	3.20614092e-04	2.27630150e-04	0.00000000e+00
5.015           	4.18677138e-02	1.56233529e-05	3.23494038e-04	3.10785437e-04	0.00000000e+00
5.02            	3.81936987e-01	1.61934302e-05	3.26365884e-04	2.73253309e-04	0.00000000e+00
5.025           	7.91068083e-02	1.70362026e-05	3.29229721e-04	2.75678998e-04	0.00000000e+00
5.03            	9.84531893e-02	1.81732401e-05	3.32085425e-04	3.20642734e-04	0.00000000e+00
5.035           	1.58181410e-01	1.95698453e-05	3.34932989e-04	1.95667233e-04	0.00000000e+00
5.04            	1.15357324e-01	2.12470222e-05	3.37772287e-04	2.39350218e-04	0.00000000e+00
5.045           	9.21136851e-02	2.31543479e-05	3.40603686e-04	2.37622409e-04	0.00000000e+00
5.05            	1.09866443e-01	2.53286174e-05	3.43426942e-04	1.73281972e-04	0.00000000e+00
5.055           	1.39710350e-01	2.77645036e-05	3.46242096e-04	2.23780914e-04	0.00000000e+00
5.06            	1.17139788e-01	3.03264508e-05	3.49049239e-04	1.87581623e-04	0.00000000e+00
5.065           	7.62726925e-02	3.30911236e-05	3.51848115e-04	1.83266532e-04	0.00000000e+00
5.07            	1.85096466e-01	3.57965827e-05	3.54638891e-04	1.75765277e-04	0.00000000e+00
5.075           	6.25793728e-02	3.85116037e-05	3.57421591e-04	2.37462842e-04	0.00000000e+00
5.08            	1.25115016e-01	4.12235220e-05	3.60196248e-04	2.36888537e-04	0.00000000e+00
5.085           	1.68413607e-01	4.39279919e-05	3.62962722e-04	1.88220944e-04	0.00000000e+00
5.09            	7.69473369e-02	4.66235526e-05	3.65721048e-04	1.81803824e-04	0.00000000e+00
5.095           	2.94351913e-01	4.93100295e-05	3.68471148e-04	2.24249165e-04	0.00000000e+00
5.1             	2.32768920e-01	5.19868893e-05	3.71213242e-04	2.56494329e-04	0.00000000e+00
5.105           	3.26449952e-01	5.46545791e-05	3.73947167e-04	2.13723878e-04	0.00000000e+00
5.11            	3.05593087e-01	5.73126998e-05	3.76672868e-04	2.32690782e-04	0.00000000e+00
5.115           	3.96020135e-01	5.99613542e-05	3.79390473e-04	2.59446444e-04	0.00000000e+00
5.12            	5.21394871e-01	6.26004159e-05	3.82099921e-04	2.43519930e-04	0.00000000e+00
5.125           	1.74101908e-01	6.52300896e-05	3.84801251e-04	2.93429166e-04	0.00000000e+00
5.13            	4.85842424e-01	6.78504461e-05	3.87494404e-04	2.69827299e-04	0.00000000e+00
5.135           	1.37326562e-01	7.04612843e-05	3.90179416e-04	2.58566952e-04	0.00000000e+00
5.14            	2.21497447e-01	7.30625289e-05	3.92856173e-04	2.46898784e-04	0.00000000e+00
5.145           	1.36980943e-01	7.56543759e-05	3.95524974e-04	1.93382525e-04	0.00000000e+00
5.15            	1.94138674e-01	7.82369740e-05	3.98185433e-04	2.31223412e-04	0.00000000e+00
5.155           	1.78605342e-01	8.08099658e-05	4.00837806e-04	1.80799821e-04	0.00000000e+00
5.16            	1.29841837e-01	8.33736542e-05	4.03481898e-04	1.47344813e-04	0.00000000e+00
5.165           	1.15077287e-01	8.59277651e-05	4.06117897e-04	1.55080291e-04	0.00000000e+00
5.17            	1.36487476e-01	8.84725228e-05	4.08745674e-04	1.70278133e-04	0.00000000e+00
5.175           	7.97053284e-02	9.10078868e-05	4.11365258e-04	1.42644801e-04	0.00000000e+00
5.18            	4.40785737e-02	9.35337132e-05	4.13976620e-04	1.30858625e-04	0.00000000e+00
5.185           	1.45633472e-01	9.60502947e-05	4.16579796e-04	1.37019355e-04	0.00000000e+00
5.19            	1.41969155e-01	9.85575592e-05	4.19174745e-04	1.41994941e-04	0.00000000e+00
5.195           	2.49029703e-01	1.01055230e-04	4.21761351e-04	1.61780140e-04	0.00000000e+00
5.2             	4.24666777e-02	1.03543467e-04	4.24339907e-04	2.05244810e-04	0.00000000e+00
5.205           	5.48952139e-01	1.06022569e-04	4.26931737e-04	1.38130942e-04	0.00000000e+00
5.21            	1.09701036e-01	1.08492084e-04	4.29500876e-04	1.33732910e-04	0.00000000e+00
5.215           	1.59250032e-01	1.10952291e-04	4.32056873e-04	1.64244203e-04	0.00000000e+00
5.22            	4.50529466e-02	1.13403200e-04	4.34603116e-04	1.63870908e-04	0.00000000e+00
5.225           	1.55705436e-01	1.15844577e-04	4.37140415e-04	2.03753772e-04	0.00000000e+00
5.23            	1.29078811e-01	1.18228985e-04	4.39669501e-04	2.03970741e-04	0.00000000e+00
5.235           	1.12644200e-01	1.20683539e-04	4.42190198e-04	1.71027616e-04	0.00000000e+00
5.24            	2.04728114e-01	1.23107503e-04	4.44702590e-04	1.72208836e-04	0.00000000e+00
5.245           	1.27914778e-01	1.25515137e-04	4.47206688e-04	1.84893723e-04	0.00000000e+00
5.25            	2.46508678e-01	1.27910888e-04	4.49702519e-04	1.58945338e-04	0.00000000e+00
5.255           	8.38825784e-02	1.30296634e-04	4.52189953e-04	1.36893293e-04	0.00000000e+00
5.26            	3.46506368e-02	1.32626137e-04	4.54669314e-04	2.46044932e-04	0.00000000e+00
5.265           	1.85105850e-01	1.35023841e-04	4.57140269e-04	2.06352021e-04	0.00000000e+00
5.27            	7.71997255e-02	1.37345146e-04	4.59602903e-04	2.39328213e-04	0.00000000e+00
5.275           	1.40788652e-01	1.39681342e-04	4.62057279e-04	1.36857181e-04	0.00000000e+00
5.28            	1.53430286e-01	1.42016272e-04	4.64503446e-04	2.34969215e-04	0.00000000e+00
5.285           	1.14527433e-01	1.44344746e-04	4.66941271e-04	1.70792395e-04	0.00000000e+00
5.29            	1.74785969e-01	1.46664674e-04	4.69370773e-04	1.48800620e-04	0.00000000e+00
5.295           	1.29400177e-01	1.48975380e-04	4.71792032e-04	1.40409312e-04	0.00000000e+00
5.3             	1.16743772e-01	1.51322388e-04	4.74204904e-04	1.81018321e-04	0.00000000e+00
5.305           	5.88413912e-02	1.53629637e-04	4.76609451e-04	1.99322092e-04	0.00000000e+00
5.31            	9.50064174e-02	1.55917427e-04	4.79005579e-04	1.35845701e-04	0.00000000e+00
5.315           	1.55379801e-01	1.58147616e-04	4.81393479e-04	1.41256170e-04	0.00000000e+00
5.32            	9.29857906e-02	1.60442390e-04	4.83772957e-04	9.77430614e-05	0.00000000e+00
5.325           	1.78100535e-01	1.62662978e-04	4.86144110e-04	1.49855519e-04	0.00000000e+00
5.33            	8.88255525e-02	1.64897207e-04	4.88506851e-04	1.24714722e-04	0.00000000e+00
5.335           	1.73713872e-01	1.67129916e-04	4.90861324e-04	1.62415035e-04	0.00000000e+00
5.34            	1.48380399e-01	1.69356120e-04	4.93207426e-04	2.38856663e-04	0.00000000e+00
5.345           	1.26582032e-01	1.71573689e-04	4.95545198e-04	2.00473677e-04	0.00000000e+00
5.35            	2.25467284e-01	1.73826040e-04	4.97874485e-04	1.60492605e-04	0.00000000e+00
5.355           	3.45372929e-01	1.75996548e-04	5.00195469e-04	1.93258988e-04	0.00000000e+00
5.36            	1.74324450e-01	1.78220406e-04	5.02508029e-04	1.59891965e-04	0.00000000e+00
5.365           	1.56234317e-01	1.80412497e-04	5.04812121e-04	1.97937439e-04	0.00000000e+00
5.37            	1.34940672e-01	1.82544746e-04	5.07107900e-04	2.43489579e-04	0.00000000e+00
5.375           	1.37224516e-01	1.84736899e-04	5.09409852e-04	2.02258423e-04	0.00000000e+00
5.38            	6.68047025e-02	1.86857015e-04	5.11693600e-04	2.09029082e-04	0.00000000e+00
5.385           	1.73765690e-02	1.89032732e-04	5.13965561e-04	2.16805936e-04	0.00000000e+00
5.39            	2.59369785e-01	1.91135468e-04	5.16228059e-04	2.10265069e-04	0.00000000e+00
5.395           	1.32456550e-01	1.93292700e-04	5.18481702e-04	2.23783454e-04	0.00000000e+00
5.4             	9.88279875e-02	1.95419434e-04	5.20726769e-04	2.37847458e-04	0.00000000e+00
5.405           	4.81316810e-02	1.97529931e-04	5.22963294e-04	2.04190073e-04	0.00000000e+00
5.41            	6.37302985e-02	1.99586930e-04	5.25191357e-04	2.04364753e-04	0.00000000e+00
5.415           	1.58417458e-01	2.01662215e-04	5.27410979e-04	1.64557456e-04	0.00000000e+00
5.42            	9.08729727e-02	2.03737367e-04	5.29622109e-04	2.16866085e-04	0.00000000e+00
5.425           	1.20340276e-01	2.05806126e-04	5.31824762e-04	2.64345888e-04	0.00000000e+00
5.43            	8.67131664e-02	2.07866982e-04	5.34018944e-04	2.06829316e-04	0.00000000e+00
5.435           	2.30754514e-01	2.09918713e-04	5.36204677e-04	2.80448285e-04	0.00000000e+00
5.44            	7.40512881e-02	2.12002370e-04	5.38381770e-04	2.32842707e-04	0.00000000e+00
5.445           	1.11483320e-01	2.14008909e-04	5.40550412e-04	2.99577070e-04	0.00000000e+00
5.45            	1.16588877e-01	2.16024048e-04	5.42710607e-04	2.42875029e-04	0.00000000e+00
5.455           	2.20787592e-01	2.18036622e-04	5.44862306e-04	2.60827404e-04	0.00000000e+00
5.46            	1.00985591e-01	2.20081905e-04	5.47005375e-04	2.81043553e-04	0.00000000e+00
5.465           	2.02699119e-01	2.22051914e-04	5.49139994e-04	2.79506557e-04	0.00000000e+00
5.47            	3.16387747e-01	2.24070482e-04	5.51265990e-04	2.73316349e-04	0.00000000e+00
5.475           	3.36937209e-01	2.26019718e-04	5.53383463e-04	2.83132407e-04	0.00000000e+00
5.48            	2.17065397e-01	2.27979321e-04	5.55502710e-04	2.91479058e-04	0.00000000e+00
5.485           	1.52612123e-01	2.29936661e-04	5.57606453e-04	2.81915850e-04	0.00000000e+00
5.49            	1.45707005e-01	2.31886804e-04	5.59699318e-04	2.69584874e-04	0.00000000e+00
5.495           	3.64680655e-01	2.33828650e-04	5.61782866e-04	2.75789029e-04	0.00000000e+00
5.5             	7.76558977e-02	2.35800515e-04	5.63857477e-04	2.88813590e-04	0.00000000e+00
5.505           	1.61556960e-01	2.37698710e-04	5.65923441e-04	3.43971414e-04	0.00000000e+00
5.51            	9.32973180e-02	2.39605014e-04	5.67980815e-04	3.01634002e-04	0.00000000e+00
5.515           	9.94271302e-02	2.41546144e-04	5.70029499e-04	3.05660392e-04	0.00000000e+00
5.52            	5.75310994e-02	2.43416182e-04	5.72069577e-04	3.12987762e-04	0.00000000e+00
5.525           	8.53597832e-02	2.45295078e-04	5.74101084e-04	2.89819519e-04	0.00000000e+00
5.53            	5.42370797e-02	2.47208343e-04	5.76123846e-04	3.00423100e-04	0.00000000e+00
5.535           	1.40620751e-01	2.49051757e-04	5.78138103e-04	3.20846736e-04	0.00000000e+00
5.54            	9.90944368e-02	2.50940811e-04	5.80143579e-04	3.08069710e-04	0.00000000e+00
5.545           	8.37115713e-02	2.52764298e-04	5.82147986e-04	3.05818725e-04	0.00000000e+00
5.55            	1.13505531e-01	2.54634315e-04	5.84138649e-04	2.86496323e-04	0.00000000e+00
5.555           	1.97712956e-01	2.56476569e-04	5.86118989e-04	3.07656576e-04	0.00000000e+00
5.56            	1.12515716e-01	2.58266856e-04	5.88090080e-04	2.97650447e-04	0.00000000e+00
5.565           	7.74047975e-02	2.60070675e-04	5.90052352e-04	2.93369580e-04	0.00000000e+00
5.57            	1.00848631e-01	2.61909297e-04	5.92005837e-04	3.02788831e-04	0.00000000e+00
5.575           	2.00876681e-01	2.63716941e-04	5.93950553e-04	3.18098238e-04	0.00000000e+00
5.58            	1.14480712e-01	2.65508381e-04	5.95886611e-04	3.31474158e-04	0.00000000e+00
5.585           	1.19402159e-01	2.67288266e-04	5.97813933e-04	2.94651727e-04	0.00000000e+00
5.59            	9.57210337e-02	2.69058385e-04	5.99732480e-04	2.81324735e-04	0.00000000e+00
5.595           	1.36101819e-01	2.70783543e-04	6.01647781e-04	3.27699529e-04	0.00000000e+00
5.6             	2.25325209e-01	2.72559038e-04	6.03550685e-04	3.23710868e-04	0.00000000e+00
5.605           	1.10773340e-01	2.74309715e-04	6.05443601e-04	3.24570545e-04	0.00000000e+00
5.61            	3.10311572e-01	2.76045932e-04	6.07327397e-04	3.07974217e-04	0.00000000e+00
5.615           	7.10846520e-02	2.77771621e-04	6.09202249e-04	3.20462838e-04	0.00000000e+00
5.62            	1.90364911e-01	2.79487510e-04	6.11068332e-04	3.17972211e-04	0.00000000e+00
5.625           	6.01353253e-02	2.81194441e-04	6.12925615e-04	3.46896728e-04	0.00000000e+00
5.63            	2.44057947e-01	2.82892246e-04	6.14778073e-04	3.62222885e-04	0.00000000e+00
5.635           	1.72840707e-01	2.84581185e-04	6.16619069e-04	3.41445271e-04	0.00000000e+00
5.64            	2.72318394e-01	2.86261060e-04	6.18450328e-04	3.11284374e-04	0.00000000e+00
5.645           	1.29650175e-01	2.87932045e-04	6.20272528e-04	3.18786497e-04	0.00000000e+00
5.65            	1.21145190e-01	2.89594081e-04	6.22088740e-04	3.04813937e-04	0.00000000e+00
5.655           	1.77447028e-01	2.91247037e-04	6.23894118e-04	3.43930227e-04	0.00000000e+00
5.66            	5.79684905e-02	2.92891123e-04	6.25690025e-04	3.23532915e-04	0.00000000e+00
5.665           	6.07839628e-02	2.94526496e-04	6.27476798e-04	3.14549957e-04	0.00000000e+00
5.67            	1.16283174e-01	2.96152654e-04	6.29256840e-04	3.54695097e-04	0.00000000e+00
5.675           	1.83248322e-01	2.97737247e-04	6.31026614e-04	3.38797597e-04	0.00000000e+00
5.68            	4.00746154e-01	2.99367697e-04	6.32530040e-04	3.18515258e-04	0.00000000e+00
5.685           	1.44779976e-01	3.00974328e-04	6.34197027e-04	3.42619380e-04	0.00000000e+00
5.69            	2.07179677e-01	3.02589636e-04	6.35913127e-04	2.99835854e-04	0.00000000e+00
5.695           	9.91684513e-02	3.04157056e-04	6.37639368e-04	3.22916463e-04	0.00000000e+00
5.7             	2.94547881e-01	3.05747239e-04	6.39363571e-04	3.28482941e-04	0.00000000e+00
5.705           	9.93267549e-02	3.07294766e-04	6.41080771e-04	3.46109521e-04	0.00000000e+00
5.71            	8.11494983e-02	3.08844356e-04	6.42789939e-04	3.58121171e-04	0.00000000e+00
5.715           	9.51783563e-02	3.10388849e-04	6.44490727e-04	3.09576003e-04	0.00000000e+00
5.72            	1.12659961e-01	3.11925436e-04	6.46182159e-04	3.37637899e-04	0.00000000e+00
5.725           	1.26381028e-01	3.13422745e-04	6.47865177e-04	3.50567969e-04	0.00000000e+00
5.73            	1.11117633e-01	3.14963332e-04	6.49539351e-04	3.53816189e-04	0.00000000e+00
5.735           	9.92581692e-02	3.16481225e-04	6.51204452e-04	3.53314611e-04	0.00000000e+00
5.74            	1.52913684e-01	3.18006852e-04	6.52860549e-04	3.75966782e-04	0.00000000e+00
5.745           	9.40274414e-02	3.19486894e-04	6.54507700e-04	4.19875509e-04	0.00000000e+00
5.75            	1.05458142e-01	3.20987961e-04	6.56145860e-04	3.61746858e-04	0.00000000e+00
5.755           	4.01488816e-01	3.22469084e-04	6.57775011e-04	3.49516525e-04	0.00000000e+00
5.76            	1.33001427e-01	3.23937765e-04	6.59395192e-04	3.90793699e-04	0.00000000e+00
5.765           	1.20177911e-01	3.25396447e-04	6.61006372e-04	3.76410750e-04	0.00000000e+00
5.77            	1.32086763e-01	3.26845999e-04	6.62608556e-04	3.70650280e-04	0.00000000e+00
5.775           	3.16588111e-01	3.28286564e-04	6.64201676e-04	3.73469859e-04	0.00000000e+00
5.78            	1.93808209e-01	3.29718423e-04	6.65785803e-04	3.68693276e-04	0.00000000e+00
5.785           	2.48084672e-01	3.31141518e-04	6.67360888e-04	3.45250403e-04	0.00000000e+00
5.79            	1.40110318e-01	3.32535902e-04	6.68926949e-04	4.06889012e-04	0.00000000e+00
5.795           	1.61861807e-01	3.33969008e-04	6.70483941e-04	3.81817999e-04	0.00000000e+00
5.8             	1.13980881e-01	3.35361012e-04	6.72031863e-04	3.81883042e-04	0.00000000e+00
5.805           	1.62630388e-01	3.36727926e-04	6.73570715e-04	4.18930983e-04	0.00000000e+00
5.81            	7.15770622e-02	3.38100345e-04	6.75100267e-04	3.90125199e-04	0.00000000e+00
5.815           	2.11404217e-01	3.39502255e-04	6.76621073e-04	3.50952543e-04	0.00000000e+00
5.82            	1.04741798e-01	3.40861070e-04	6.78132718e-04	3.73292862e-04	0.00000000e+00
5.825           	1.05300370e-01	3.42227015e-04	6.79635197e-04	3.45989611e-04	0.00000000e+00
5.83            	1.33963935e-01	3.43562305e-04	6.81128361e-04	3.55954037e-04	0.00000000e+00
5.835           	1.09134253e-01	3.44876329e-04	6.82612547e-04	3.41052896e-04	0.00000000e+00
5.84            	1.36439862e-01	3.46215570e-04	6.84087831e-04	3.17761045e-04	0.00000000e+00
5.845           	1.05644175e-01	3.47561247e-04	6.85553863e-04	3.51878622e-04	0.00000000e+00
5.85            	9.02645594e-02	3.48838974e-04	6.87010727e-04	3.72662897e-04	0.00000000e+00
5.855           	8.76475692e-02	3.50129894e-04	6.88458413e-04	3.67893318e-04	0.00000000e+00
5.86            	1.94446173e-01	3.51437891e-04	6.89896928e-04	3.55220989e-04	0.00000000e+00
5.865           	2.96958471e-01	3.52740138e-04	6.91326069e-04	3.66285808e-04	0.00000000e+00
5.87            	2.52848057e-01	3.54031203e-04	6.92746334e-04	3.22139715e-04	0.00000000e+00
5.875           	1.46472542e-01	3.55294218e-04	6.94157372e-04	3.73126559e-04	0.00000000e+00
5.88            	1.38418312e-01	3.56551272e-04	6.95558977e-04	3.66519085e-04	0.00000000e+00
5.885           	1.85737343e-01	3.57800733e-04	6.96951524e-04	3.57157416e-04	0.00000000e+00
5.89            	5.73611119e-02	3.59042126e-04	6.98335050e-04	3.31008146e-04	0.00000000e+00
5.895           	1.43796924e-01	3.60290612e-04	6.99709235e-04	3.31142928e-04	0.00000000e+00
5.9             	1.52520392e-01	3.61504531e-04	7.01074186e-04	3.73891606e-04	0.00000000e+00
5.905           	7.14255898e-02	3.62704536e-04	7.02429885e-04	3.43167535e-04	0.00000000e+00
5.91            	1.03422521e-01	3.63906496e-04	7.03776195e-04	3.41055983e-04	0.00000000e+00
5.915           	1.01345524e-01	3.65124564e-04	7.05113486e-04	2.93091857e-04	0.00000000e+00
5.92            	1.32833817e-01	3.66336099e-04	7.06441431e-04	2.86011602e-04	0.00000000e+00
5.925           	1.23511587e-01	3.67524872e-04	7.07760134e-04	3.03942979e-04	0.00000000e+00
5.93            	2.38944670e-01	3.68700337e-04	7.09069540e-04	3.16536328e-04	0.00000000e+00
5.935           	7.38752196e-02	3.69850935e-04	7.10369522e-04	3.21663941e-04	0.00000000e+00
5.94            	1.62258917e-01	3.71002455e-04	7.11660280e-04	3.20438672e-04	0.00000000e+00
5.945           	1.15672655e-01	3.72148630e-04	7.12941794e-04	3.14373063e-04	0.00000000e+00
5.95            	7.08047822e-02	3.73308443e-04	7.14214173e-04	3.51623616e-04	0.00000000e+00
5.955           	1.20773727e-01	3.74444332e-04	7.15477139e-04	3.24545164e-04	0.00000000e+00
5.96            	8.80345778e-02	3.75541032e-04	7.16730663e-04	3.23736566e-04	0.00000000e+00
5.965           	8.88970693e-02	3.76660785e-04	7.17975028e-04	2.91398282e-04	0.00000000e+00
5.97            	7.01478662e-02	3.77784039e-04	7.19210022e-04	3.27861175e-04	0.00000000e+00
5.975           	1.09837208e-01	3.78561251e-04	7.20435630e-04	3.05309244e-04	0.00000000e+00
5.98            	1.26955031e-01	3.79858237e-04	7.21651729e-04	3.55139412e-04	0.00000000e+00
5.985           	9.90613757e-02	3.81014026e-04	7.22858630e-04	3.16264828e-04	0.00000000e+00
5.99            	6.86903021e-02	3.81795017e-04	7.24056295e-04	3.16014868e-04	0.00000000e+00
5.995           	2.26398321e-01	3.82763706e-04	7.25244494e-04	3.29154004e-04	0.00000000e+00
6               	1.27412111e-01	3.84099620e-04	7.26423302e-04	3.16585777e-04	0.00000000e+00
6.005           	9.28264853e-02	3.85246221e-04	7.27592713e-04	3.23875248e-04	0.00000000e+00
6.01            	1.54000456e-01	3.86004201e-04	7.28752743e-04	3.22328310e-04	0.00000000e+00
6.015           	2.43116429e-01	3.86938756e-04	7.29903345e-04	3.35683361e-04	0.00000000e+00
6.02            	9.46901670e-02	3.88236093e-04	7.31044455e-04	3.32765728e-04	0.00000000e+00
6.025           	2.27822093e-01	3.89341521e-04	7.32176221e-04	3.47982144e-04	0.00000000e+00
6.03            	2.60082901e-01	3.90074652e-04	7.33298695e-04	3.60328769e-04	0.00000000e+00
6.035           	1.78213822e-01	3.90969634e-04	7.34411690e-04	3.42660389e-04	0.00000000e+00
6.04            	9.06641641e-02	3.91943890e-04	7.35515201e-04	3.59809491e-04	0.00000000e+00
6.045           	7.81256635e-02	3.93220825e-04	7.36609143e-04	3.31443309e-04	0.00000000e+00
6.05            	1.99012649e-01	3.93993736e-04	7.37693878e-04	3.23302793e-04	0.00000000e+00
6.055           	9.36774776e-02	3.94893230e-04	7.38769087e-04	3.32262034e-04	0.00000000e+00
6.06            	2.37159369e-02	3.95829366e-04	7.39834798e-04	3.07527013e-04	0.00000000e+00
6.065           	7.80551226e-02	3.96754898e-04	7.40890903e-04	2.91988467e-04	0.00000000e+00
6.07            	8.82048347e-02	3.97688853e-04	7.41937771e-04	3.09992552e-04	0.00000000e+00
6.075           	1.48227999e-01	3.98637338e-04	7.42975079e-04	3.19208197e-04	0.00000000e+00
6.08            	1.68917869e-01	3.99547446e-04	7.44002782e-04	3.10440611e-04	0.00000000e+00
6.085           	3.65636290e-01	4.00463920e-04	7.45021040e-04	3.23041245e-04	0.00000000e+00
6.09            	1.83758216e-01	4.01355758e-04	7.46029798e-04	2.98850809e-04	0.00000000e+00
6.095           	8.88399854e-02	4.02267354e-04	7.47029208e-04	3.27699286e-04	0.00000000e+00
6.1             	1.75892770e-01	4.03164813e-04	7.48019027e-04	3.15930698e-04	0.00000000e+00
6.105           	6.64177808e-02	4.04063096e-04	7.48999286e-04	3.16560049e-04	0.00000000e+00
6.11            	6.40492013e-02	4.04932301e-04	7.49970018e-04	3.31122569e-04	0.00000000e+00
6.115           	1.09248787e-01	4.05814416e-04	7.50931207e-04	3.38031566e-04	0.00000000e+00
6.12            	1.52696477e-01	4.06675210e-04	7.51882854e-04	3.21036167e-04	0.00000000e+00
6.125           	8.38525503e-02	4.07531765e-04	7.52824953e-04	3.35788452e-04	0.00000000e+00
6.13            	9.02220375e-02	4.08377379e-04	7.53757490e-04	3.38988077e-04	0.00000000e+00
6.135           	2.34778316e-01	4.09198005e-04	7.54680479e-04	3.44747826e-04	0.00000000e+00
6.14            	9.91688548e-02	4.10036816e-04	7.55593889e-04	3.27186923e-04	0.00000000e+00
6.145           	8.46374767e-02	4.10839498e-04	7.56497611e-04	3.29691444e-04	0.00000000e+00
6.15            	1.79090383e-01	4.11649897e-04	7.57391969e-04	3.28563265e-04	0.00000000e+00
6.155           	2.11319659e-01	4.12470042e-04	7.58276673e-04	3.24744347e-04	0.00000000e+00
6.16            	8.97222084e-02	4.13254670e-04	7.59151783e-04	3.20017203e-04	0.00000000e+00
6.165           	1.66053193e-01	4.14055484e-04	7.60053087e-04	3.37296472e-04	0.00000000e+00
6.17            	7.61168944e-02	4.14818955e-04	7.60885075e-04	3.22421673e-04	0.00000000e+00
6.175           	1.79420865e-01	4.15606090e-04	7.61758580e-04	3.44266298e-04	0.00000000e+00
6.18            	8.34032435e-02	4.16375050e-04	7.62603948e-04	3.54477528e-04	0.00000000e+00
6.185           	1.26792488e-01	4.17100482e-04	7.63398897e-04	3.69925331e-04	0.00000000e+00
6.19            	1.05667468e-01	4.17854826e-04	7.64205701e-04	3.53966132e-04	0.00000000e+00
6.195           	2.44405738e-01	4.18596139e-04	7.65009963e-04	3.47205905e-04	0.00000000e+00
6.2             	1.56500053e-01	4.19345102e-04	7.65840573e-04	3.70068766e-04	0.00000000e+00
6.205           	1.70825707e-01	4.20058514e-04	7.66606247e-04	3.58909968e-04	0.00000000e+00
6.21            	1.01509728e-01	4.20787553e-04	7.67410504e-04	3.53086640e-04	0.00000000e+00
6.215           	2.03256704e-01	4.21480550e-04	7.68155053e-04	3.55961008e-04	0.00000000e+00
6.22            	1.03335205e-01	4.22179949e-04	7.68906476e-04	3.67650757e-04	0.00000000e+00
6.225           	2.07599487e-01	4.22883518e-04	7.69685729e-04	3.64943783e-04	0.00000000e+00
6.23            	1.13123163e-01	4.23556449e-04	7.70403639e-04	3.70377945e-04	0.00000000e+00
6.235           	1.90403670e-01	4.24232653e-04	7.71126639e-04	3.67252724e-04	0.00000000e+00
6.24            	2.40772070e-01	4.24886185e-04	7.71844920e-04	3.79097711e-04	0.00000000e+00
6.245           	1.08722122e-01	4.25542312e-04	7.72555342e-04	3.64661278e-04	0.00000000e+00
6.25            	2.91410153e-01	4.26205320e-04	7.73256593e-04	3.92691529e-04	0.00000000e+00
6.255           	6.32165834e-02	4.26842949e-04	7.73948334e-04	3.71667343e-04	0.00000000e+00
6.26            	2.01739508e-01	4.27493409e-04	7.74630433e-04	3.89036050e-04	0.00000000e+00
6.265           	1.02978241e-01	4.28123667e-04	7.75302960e-04	3.79574451e-04	0.00000000e+00
6.27            	6.48350086e-02	4.28765985e-04	7.75994971e-04	3.76996514e-04	0.00000000e+00
6.275           	1.70840377e-01	4.29371970e-04	7.76657403e-04	3.78948052e-04	0.00000000e+00
6.28            	1.40751904e-01	4.29991017e-04	7.77324938e-04	3.66989961e-04	0.00000000e+00
6.285           	1.23648106e-01	4.30559147e-04	7.77916221e-04	3.80967166e-04	0.00000000e+00
6.29            	1.36818834e-01	4.31140258e-04	7.78526035e-04	3.77987524e-04	0.00000000e+00
6.295           	1.87746084e-01	4.31735602e-04	7.79163266e-04	3.71973598e-04	0.00000000e+00
6.3             	1.48697902e-01	4.32316173e-04	7.79775009e-04	3.83835669e-04	0.00000000e+00
6.305           	8.70729399e-02	4.32889284e-04	7.80371655e-04	3.89224434e-04	0.00000000e+00
6.31            	3.61742396e-01	4.33451572e-04	7.80956974e-04	4.17900506e-04	0.00000000e+00
6.315           	1.25897723e-01	4.34001785e-04	7.81531926e-04	4.13239105e-04	0.00000000e+00
6.32            	1.73025637e-01	4.34565098e-04	7.82116492e-04	3.92677354e-04	0.00000000e+00
6.325           	8.92279778e-02	4.35074264e-04	7.82632645e-04	3.88324109e-04	0.00000000e+00
6.33            	1.61828037e-01	4.35609794e-04	7.83190867e-04	3.81835390e-04	0.00000000e+00
6.335           	1.41053979e-01	4.36138148e-04	7.83730864e-04	3.90637137e-04	0.00000000e+00
6.34            	1.37671951e-01	4.36655685e-04	7.84258171e-04	3.89182516e-04	0.00000000e+00
6.345           	2.14862651e-01	4.37163229e-04	7.84774747e-04	4.11936045e-04	0.00000000e+00
6.35            	7.37075794e-02	4.37674566e-04	7.85299401e-04	3.89971909e-04	0.00000000e+00
6.355           	1.02440566e-01	4.38159198e-04	7.85783743e-04	4.01461797e-04	0.00000000e+00
6.36            	1.13527873e-01	4.38641431e-04	7.86266526e-04	4.09153779e-04	0.00000000e+00
6.365           	2.91194220e-01	4.39118454e-04	7.86759654e-04	4.18046095e-04	0.00000000e+00
6.37            	1.80833486e-01	4.39583470e-04	7.87214624e-04	4.44908479e-04	0.00000000e+00
6.375           	8.97391107e-02	4.40033471e-04	7.87667955e-04	4.18863247e-04	0.00000000e+00
6.38            	1.30493268e-01	4.40498843e-04	7.88131089e-04	4.25643102e-04	0.00000000e+00
6.385           	8.39319501e-02	4.40964929e-04	7.88595559e-04	4.11845849e-04	0.00000000e+00
6.39            	1.11893704e-01	4.41395787e-04	7.89010322e-04	4.16345203e-04	0.00000000e+00
6.395           	8.90709805e-02	4.41806705e-04	7.89407884e-04	3.87955440e-04	0.00000000e+00
6.4             	9.09411789e-02	4.42258227e-04	7.89852777e-04	3.93745084e-04	0.00000000e+00
6.405           	1.80023705e-01	4.42684613e-04	7.90262822e-04	4.17303872e-04	0.00000000e+00
6.41            	1.57864303e-01	4.43083169e-04	7.90627908e-04	4.00251208e-04	0.00000000e+00
6.415           	2.01403591e-01	4.43466987e-04	7.90983565e-04	4.00790799e-04	0.00000000e+00
6.42            	9.06964623e-02	4.43870625e-04	7.91359833e-04	4.18586484e-04	0.00000000e+00
6.425           	7.91971691e-02	4.44247050e-04	7.91706670e-04	4.09084522e-04	0.00000000e+00
6.43            	1.18517439e-01	4.44638963e-04	7.92077277e-04	4.16897219e-04	0.00000000e+00
6.435           	8.26600306e-02	4.44997178e-04	7.92398830e-04	4.10652406e-04	0.00000000e+00
6.44            	2.09730957e-01	4.45391550e-04	7.92773178e-04	4.15289988e-04	0.00000000e+00
6.445           	1.87201970e-01	4.45759778e-04	7.93108579e-04	4.05298102e-04	0.00000000e+00
6.45            	9.57253005e-02	4.46099525e-04	7.93396399e-04	4.12488503e-04	0.00000000e+00
6.455           	6.26837158e-02	4.46454764e-04	7.93389141e-04	4.09243333e-04	0.00000000e+00
6.46            	7.60947209e-02	4.46766226e-04	7.93867553e-04	4.07523849e-04	0.00000000e+00
6.465           	7.42476740e-02	4.47098496e-04	7.94227550e-04	4.08379629e-04	0.00000000e+00
6.47            	2.25633860e-01	4.47425805e-04	7.94533753e-04	3.93444887e-04	0.00000000e+00
6.475           	8.07774916e-02	4.47738280e-04	7.94796715e-04	4.14766751e-04	0.00000000e+00
6.48            	2.48719478e-01	4.48064202e-04	7.94749485e-04	4.05039330e-04	0.00000000e+00
6.485           	1.12244945e-01	4.48356347e-04	7.95199159e-04	4.06240805e-04	0.00000000e+00
6.49            	1.03305832e-01	4.48661991e-04	7.95195818e-04	4.15717274e-04	0.00000000e+00
6.495           	1.42011930e-01	4.48938412e-04	7.95649501e-04	4.13306385e-04	0.00000000e+00
6.5             	1.85397241e-01	4.49195961e-04	7.95908888e-04	4.20239760e-04	0.00000000e+00
6.505           	2.12591374e-01	4.49493832e-04	7.95850907e-04	4.11381824e-04	0.00000000e+00
6.51            	8.89661518e-02	4.49738853e-04	7.96240777e-04	3.96639778e-04	0.00000000e+00
6.515           	2.32686591e-01	4.49990451e-04	7.96488949e-04	3.92593746e-04	0.00000000e+00
6.52            	8.54786866e-02	4.50264284e-04	7.96398864e-04	3.95610520e-04	0.00000000e+00
6.525           	1.80463653e-01	4.50505713e-04	7.96458213e-04	4.07915951e-04	0.00000000e+00
6.53            	7.75875167e-02	4.50737460e-04	7.96570463e-04	4.12308021e-04	0.00000000e+00
6.535           	9.66793744e-02	4.50955667e-04	7.97017424e-04	4.21847680e-04	0.00000000e+00
6.54            	2.18475405e-01	4.51203430e-04	7.96969147e-04	4.11070216e-04	0.00000000e+00
6.545           	1.18485821e-01	4.51427712e-04	7.97034354e-04	4.00470890e-04	0.00000000e+00
6.55            	1.23257772e-01	4.51639519e-04	7.97130764e-04	3.93962284e-04	0.00000000e+00
6.555           	2.81013432e-01	4.51842533e-04	7.97231003e-04	4.01699217e-04	0.00000000e+00
6.56            	9.16372758e-02	4.52023986e-04	7.97303071e-04	3.96745947e-04	0.00000000e+00
6.565           	1.92310958e-01	4.52221640e-04	7.97404911e-04	4.09579786e-04	0.00000000e+00
6.57            	9.22436725e-02	4.52388251e-04	7.97459580e-04	4.14665733e-04	0.00000000e+00
6.575           	1.09695255e-01	4.52561651e-04	7.97524555e-04	4.18704628e-04	0.00000000e+00
6.58            	1.97368195e-01	4.52728864e-04	7.97581531e-04	4.06872338e-04	0.00000000e+00
6.585           	8.99046300e-02	4.52903378e-04	7.97652023e-04	3.99893199e-04	0.00000000e+00
6.59            	1.24737037e-01	4.53033503e-04	7.97648939e-04	4.23410669e-04	0.00000000e+00
6.595           	1.02719294e-01	4.53172710e-04	7.97663565e-04	4.16546607e-04	0.00000000e+00
6.6             	1.18484278e-01	4.53334793e-04	7.97721340e-04	4.21095003e-04	0.00000000e+00
6.605           	3.13470876e-01	4.53465010e-04	7.97722071e-04	4.30080402e-04	0.00000000e+00
6.61            	2.69707396e-01	4.53591118e-04	7.97719059e-04	4.33169782e-04	0.00000000e+00
6.615           	2.43527985e-01	4.53710826e-04	7.97705406e-04	4.31340892e-04	0.00000000e+00
6.62            	1.17577065e-01	4.53809565e-04	7.97655994e-04	4.17984499e-04	0.00000000e+00
6.625           	1.97656584e-01	4.53907384e-04	7.97609132e-04	4.30563164e-04	0.00000000e+00
6.63            	6.37936000e-02	4.54022431e-04	7.97591973e-04	4.33221194e-04	0.00000000e+00
6.635           	8.62126132e-02	4.54134376e-04	7.97570083e-04	4.07639175e-04	0.00000000e+00
6.64            	1.31438190e-01	4.54213169e-04	7.97495077e-04	4.41068323e-04	0.00000000e+00
6.645           	1.06122926e-01	4.54300272e-04	7.97435955e-04	4.21855115e-04	0.00000000e+00
6.65            	7.57691762e-02	4.54365330e-04	7.97337167e-04	4.33430483e-04	0.00000000e+00
6.655           	8.19847723e-02	4.54429561e-04	7.97242658e-04	4.18598989e-04	0.00000000e+00
6.66            	2.27667214e-01	4.54502404e-04	7.97162246e-04	4.16308431e-04	0.00000000e+00
6.665           	9.95553605e-02	4.54556063e-04	7.97052762e-04	4.05555823e-04	0.00000000e+00
6.67            	6.46125485e-02	4.54602790e-04	7.96931876e-04	4.23474905e-04	0.00000000e+00
6.675           	8.96599621e-02	4.54632885e-04	7.96782187e-04	4.28178567e-04	0.00000000e+00
6.68            	1.09167674e-01	4.54662577e-04	7.96629042e-04	4.22430170e-04	0.00000000e+00
6.685           	1.99176880e-01	4.54674531e-04	7.96449831e-04	4.30358906e-04	0.00000000e+00
6.69            	1.27559155e-01	4.54690003e-04	7.96277746e-04	4.31455769e-04	0.00000000e+00
6.695           	2.41801694e-01	4.54726422e-04	7.96144379e-04	4.40343853e-04	0.00000000e+00
6.7             	1.04645991e-01	4.54727133e-04	7.95949054e-04	4.49715525e-04	0.00000000e+00
6.705           	2.03605457e-01	4.54730178e-04	7.95759888e-04	4.46730054e-04	0.00000000e+00
6.71            	7.41731775e-02	4.54721077e-04	7.95550445e-04	4.41813767e-04	0.00000000e+00
6.715           	1.03832911e-01	4.54708006e-04	7.95335781e-04	4.24444816e-04	0.00000000e+00
6.72            	2.16144884e-01	4.54703507e-04	7.95138148e-04	4.41825349e-04	0.00000000e+00
6.725           	8.01524631e-02	4.54673453e-04	7.94896732e-04	4.42078453e-04	0.00000000e+00
6.73            	1.42247591e-01	4.54640104e-04	7.94648697e-04	4.43380080e-04	0.00000000e+00
6.735           	1.05356364e-01	4.54584330e-04	7.94368111e-04	4.24721049e-04	0.00000000e+00
6.74            	1.08961177e-01	4.54534435e-04	7.94097206e-04	4.26431612e-04	0.00000000e+00
6.745           	8.40332513e-02	4.54499870e-04	7.93850099e-04	4.19531102e-04	0.00000000e+00
6.75            	4.65955896e-01	4.54445201e-04	7.93575619e-04	4.29363106e-04	0.00000000e+00
6.755           	2.79197767e-01	4.54400594e-04	7.93314196e-04	4.37850231e-04	0.00000000e+00
6.76            	2.09113165e-01	4.54333732e-04	7.93018874e-04	4.20524650e-04	0.00000000e+00
6.765           	2.22077203e-01	4.54248798e-04	7.92690111e-04	4.21826692e-04	0.00000000e+00
6.77            	1.73169456e-01	4.54160642e-04	7.92362555e-04	4.27809876e-04	0.00000000e+00
6.775           	1.00677178e-01	4.54088221e-04	7.92057564e-04	4.22505078e-04	0.00000000e+00
6.78            	2.02155819e-01	4.53971399e-04	7.91679193e-04	4.38678309e-04	0.00000000e+00
6.785           	6.12906394e-02	4.53877808e-04	7.91342731e-04	4.09123161e-04	0.00000000e+00
6.79            	8.11634565e-02	4.53773609e-04	7.90988398e-04	4.06958622e-04	0.00000000e+00
6.795           	1.25276569e-01	4.53675515e-04	7.90643883e-04	4.19832527e-04	0.00000000e+00
6.8             	7.75371455e-02	4.53533699e-04	7.90226580e-04	4.17856903e-04	0.00000000e+00
6.805           	9.55969405e-02	4.53425299e-04	7.89868818e-04	4.31323300e-04	0.00000000e+00
6.81            	1.71379763e-01	4.53271891e-04	7.89434232e-04	4.25544337e-04	0.00000000e+00
6.815           	1.35362982e-01	4.53141186e-04	7.89037425e-04	4.35072560e-04	0.00000000e+00
6.82            	1.90269470e-01	4.53004118e-04	7.88629410e-04	3.95536777e-04	0.00000000e+00
6.825           	1.42416943e-01	4.52857048e-04	7.88206470e-04	4.28077552e-04	0.00000000e+00
6.83            	1.20483284e-01	4.52688839e-04	7.87749890e-04	4.14249209e-04	0.00000000e+00
6.835           	7.10090800e-02	4.52537123e-04	7.87320132e-04	4.15698111e-04	0.00000000e+00
6.84            	9.97101505e-02	4.52373556e-04	7.86873704e-04	3.73226731e-04	0.00000000e+00
6.845           	1.17550874e-01	4.52197281e-04	7.86404354e-04	3.73232509e-04	0.00000000e+00
6.85            	8.78944631e-02	4.52021443e-04	7.85936749e-04	3.86463034e-04	0.00000000e+00
6.855           	1.02953004e-01	4.51833576e-04	7.85450583e-04	3.80594832e-04	0.00000000e+00
6.86            	2.13450978e-01	4.51627365e-04	7.84931336e-04	3.96217051e-04	0.00000000e+00
6.865           	2.60115360e-01	4.51457308e-04	7.84472452e-04	4.05898866e-04	0.00000000e+00
6.87            	1.85090079e-01	4.51249204e-04	7.83949660e-04	3.80409746e-04	0.00000000e+00
6.875           	1.70982928e-01	4.51053055e-04	7.83449939e-04	3.88586557e-04	0.00000000e+00
6.88            	9.82943799e-02	4.50824550e-04	7.82896017e-04	3.82690662e-04	0.00000000e+00
6.885           	2.11676783e-01	4.50603846e-04	7.82355704e-04	3.95052741e-04	0.00000000e+00
6.89            	6.84774076e-02	4.50387478e-04	7.81823118e-04	3.83020168e-04	0.00000000e+00
6.895           	8.57130679e-02	4.50144876e-04	7.81246992e-04	3.66905914e-04	0.00000000e+00
6.9             	7.72300277e-02	4.49907395e-04	7.80677069e-04	3.89905617e-04	0.00000000e+00
6.905           	6.83158812e-02	4.49659575e-04	7.80090274e-04	3.72354065e-04	0.00000000e+00
6.91            	1.20246095e-01	4.49423198e-04	7.79524982e-04	3.90325508e-04	0.00000000e+00
6.915           	2.23761992e-01	4.49176338e-04	7.78939817e-04	3.88104507e-04	0.00000000e+00
6.92            	1.05597230e-01	4.48886175e-04	7.78284377e-04	3.65979474e-04	0.00000000e+00
6.925           	1.55133290e-01	4.48609947e-04	7.77651885e-04	3.79736790e-04	0.00000000e+00
6.93            	1.82867296e-01	4.48348913e-04	7.77046148e-04	3.67891938e-04	0.00000000e+00
6.935           	2.45930969e-01	4.48074784e-04	7.76417496e-04	3.62390679e-04	0.00000000e+00
6.94            	6.61810126e-02	4.47792074e-04	7.75771851e-04	3.57106183e-04	0.00000000e+00
6.945           	2.15725476e-01	4.47517689e-04	7.75143075e-04	3.69394560e-04	0.00000000e+00
6.95            	2.19809938e-01	4.47213509e-04	7.74462545e-04	3.74024882e-04	0.00000000e+00
6.955           	1.98535494e-01	4.46928437e-04	7.73814468e-04	3.67564290e-04	0.00000000e+00
6.96            	1.28191776e-01	4.46599275e-04	7.73092536e-04	3.48264163e-04	0.00000000e+00
6.965           	2.75350233e-01	4.46294591e-04	7.72413386e-04	3.75753012e-04	0.00000000e+00
6.97            	7.39113043e-02	4.45993888e-04	7.71739049e-04	3.41403443e-04	0.00000000e+00
6.975           	9.32420541e-02	4.45644492e-04	7.70984804e-04	3.67760175e-04	0.00000000e+00
6.98            	5.64443066e-02	4.45307617e-04	7.70250693e-04	3.55250102e-04	0.00000000e+00
6.985           	8.12940964e-02	4.44989197e-04	7.69544401e-04	3.42838662e-04	0.00000000e+00
6.99            	1.51658221e-01	4.44651925e-04	7.68812239e-04	3.55663855e-04	0.00000000e+00
6.995           	1.08910065e-01	4.44326109e-04	7.68094133e-04	3.33643814e-04	0.00000000e+00
7               	1.33298789e-01	4.43953961e-04	7.67298989e-04	3.40917050e-04	0.00000000e+00
7.005           	3.93602281e-01	4.43605491e-04	7.66542956e-04	3.24628745e-04	0.00000000e+00
7.01            	1.91235070e-01	4.43243347e-04	7.65766474e-04	3.18725697e-04	0.00000000e+00
7.015           	1.22256898e-01	4.42895473e-04	7.65012369e-04	3.10713931e-04	0.00000000e+00
7.02            	1.55980091e-01	4.42512213e-04	7.64201444e-04	3.12603806e-04	0.00000000e+00
7.025           	2.24675359e-01	4.42135571e-04	7.63397655e-04	3.24443535e-04	0.00000000e+00
7.03            	2.24621252e-01	4.41767815e-04	7.62607989e-04	3.28617104e-04	0.00000000e+00
7.035           	8.11263716e-02	4.41385390e-04	7.61794339e-04	3.10326397e-04	0.00000000e+00
7.04            	2.46717079e-01	4.40990622e-04	7.60961768e-04	3.17139271e-04	0.00000000e+00
7.045           	2.36733608e-01	4.40577493e-04	7.60095688e-04	3.19044233e-04	0.00000000e+00
7.05            	6.51310545e-02	4.40188123e-04	7.59269187e-04	2.99522785e-04	0.00000000e+00
7.055           	1.06510997e-01	4.39766350e-04	7.58391310e-04	2.96133190e-04	0.00000000e+00
7.06            	1.78729207e-01	4.39337684e-04	7.57496614e-04	3.15549211e-04	0.00000000e+00
7.065           	1.01533110e-01	4.38928358e-04	7.56634399e-04	2.90029452e-04	0.00000000e+00
7.07            	1.48246499e-01	4.38504340e-04	7.55752580e-04	3.22972182e-04	0.00000000e+00
7.075           	9.17550170e-02	4.38064582e-04	7.54838394e-04	3.18475034e-04	0.00000000e+00
7.08            	1.18443637e-01	4.37652159e-04	7.53972892e-04	3.01918728e-04	0.00000000e+00
7.085           	2.85585630e-01	4.37205989e-04	7.53050528e-04	3.17016717e-04	0.00000000e+00
7.09            	6.97308362e-02	4.36773801e-04	7.52148945e-04	3.16235280e-04	0.00000000e+00
7.095           	2.61004984e-01	4.36318220e-04	7.51207367e-04	3.20472803e-04	0.00000000e+00
7.1             	9.47192865e-02	4.35876209e-04	7.50287486e-04	3.05748378e-04	0.00000000e+00
7.105           	2.52735253e-01	4.35402680e-04	7.49318152e-04	3.35249685e-04	0.00000000e+00
7.11            	7.42891262e-02	4.34937089e-04	7.48355698e-04	3.05368172e-04	0.00000000e+00
7.115           	1.12872902e-01	4.34449060e-04	7.47360392e-04	3.18658150e-04	0.00000000e+00
7.12            	1.56191945e-01	4.33997958e-04	7.46425336e-04	3.00878930e-04	0.00000000e+00
7.125           	6.83923097e-02	4.33515511e-04	7.45433535e-04	3.20488065e-04	0.00000000e+00
7.13            	2.90522551e-01	4.33041358e-04	7.44460087e-04	3.22124982e-04	0.00000000e+00
7.135           	9.88247843e-02	4.32526145e-04	7.43415621e-04	2.98585382e-04	0.00000000e+00
7.14            	1.33525728e-01	4.32042530e-04	7.42422537e-04	3.10757994e-04	0.00000000e+00
7.145           	9.52136598e-02	4.31546605e-04	7.41405943e-04	3.22247909e-04	0.00000000e+00
7.15            	8.34078371e-02	4.31039961e-04	7.40374346e-04	3.14012601e-04	0.00000000e+00
7.155           	3.46344058e-01	4.30531016e-04	7.39340028e-04	3.13699270e-04	0.00000000e+00
7.16            	1.19019412e-01	4.30016974e-04	7.38292122e-04	3.22584807e-04	0.00000000e+00
7.165           	9.13559548e-02	4.29503190e-04	7.37245625e-04	3.25312860e-04	0.00000000e+00
7.17            	9.14580398e-02	4.28992299e-04	7.36203793e-04	3.25315425e-04	0.00000000e+00
7.175           	2.16641595e-01	4.28468627e-04	7.35139370e-04	3.18931683e-04	0.00000000e+00
7.18            	1.01010145e-01	4.27922874e-04	7.34038270e-04	3.27687462e-04	0.00000000e+00
7.185           	1.87508375e-01	4.27384707e-04	7.32943939e-04	3.44239138e-04	0.00000000e+00
7.19            	1.31307654e-01	4.26843111e-04	7.31848237e-04	3.20507337e-04	0.00000000e+00
7.195           	1.25927734e-01	4.26292595e-04	7.30737846e-04	3.24597222e-04	0.00000000e+00
7.2             	3.15355886e-01	4.25728768e-04	7.29750091e-04	3.20704129e-04	0.00000000e+00
7.205           	7.77876041e-02	4.25179981e-04	7.28539851e-04	3.35413115e-04	0.00000000e+00
7.21            	2.33954358e-01	4.24610521e-04	7.27507191e-04	3.37106904e-04	0.00000000e+00
7.215           	1.38658746e-01	4.24053168e-04	7.26267514e-04	3.43906414e-04	0.00000000e+00
7.22            	2.16257205e-01	4.23486638e-04	7.25089236e-04	3.27679150e-04	0.00000000e+00
7.225           	6.17005785e-02	4.22932243e-04	7.23950490e-04	3.42214527e-04	0.00000000e+00
7.23            	1.39912488e-01	4.22360035e-04	7.22790859e-04	3.48433061e-04	0.00000000e+00
7.235           	2.47536001e-01	4.21763993e-04	7.21594974e-04	3.24101422e-04	0.00000000e+00
7.24            	1.17373030e-01	4.21182660e-04	7.20423663e-04	3.40960636e-04	0.00000000e+00
7.245           	1.97394455e-01	4.20581000e-04	7.19214005e-04	3.44297655e-04	0.00000000e+00
7.25            	1.55845485e-01	4.19966167e-04	7.18132693e-04	3.42532137e-04	0.00000000e+00
7.255           	8.31731006e-02	4.19370308e-04	7.16837465e-04	3.48539926e-04	0.00000000e+00
7.26            	1.58998243e-01	4.18765702e-04	7.15706754e-04	3.35827791e-04	0.00000000e+00
7.265           	1.01705306e-01	4.18140954e-04	7.14518452e-04	3.42705211e-04	0.00000000e+00
7.27            	6.68723654e-02	4.17552084e-04	7.13197173e-04	3.40479925e-04	0.00000000e+00
7.275           	1.03148543e-01	4.16915092e-04	7.12028296e-04	3.29460559e-04	0.00000000e+00
7.28            	1.26452353e-01	4.16285765e-04	7.10801383e-04	3.22583717e-04	0.00000000e+00
7.285           	1.24645068e-01	4.15671736e-04	7.09538064e-04	3.34178018e-04	0.00000000e+00
7.29            	2.94872520e-01	4.15039496e-04	7.08270206e-04	3.44809043e-04	0.00000000e+00
7.295           	1.32541975e-01	4.14407215e-04	7.06996110e-04	3.30091051e-04	0.00000000e+00
7.3             	1.65587930e-01	4.13763872e-04	7.05712065e-04	3.32803692e-04	0.00000000e+00
7.305           	8.34677573e-02	4.13118086e-04	7.04419270e-04	3.25048149e-04	0.00000000e+00
7.31            	9.53082451e-02	4.12468654e-04	7.03118221e-04	3.33681110e-04	0.00000000e+00
7.315           	2.36008424e-01	4.11835095e-04	7.01726191e-04	3.23550174e-04	0.00000000e+00
7.32            	1.33604969e-01	4.11153034e-04	7.00478207e-04	3.19519565e-04	0.00000000e+00
7.325           	1.46002449e-01	4.10514161e-04	6.99155187e-04	3.38599598e-04	0.00000000e+00
7.33            	1.01527433e-01	4.09836439e-04	6.97829454e-04	3.36641764e-04	0.00000000e+00
7.335           	8.93222474e-02	4.09165787e-04	6.96493900e-04	3.45709274e-04	0.00000000e+00
7.34            	7.69123967e-02	4.08487892e-04	6.95142878e-04	3.33180871e-04	0.00000000e+00
7.345           	1.08275015e-01	4.07823525e-04	6.93777588e-04	3.26333906e-04	0.00000000e+00
7.35            	2.64832453e-01	4.07145662e-04	6.92410571e-04	3.36378458e-04	0.00000000e+00
7.355           	8.87670759e-02	4.06464713e-04	6.91040119e-04	3.44236687e-04	0.00000000e+00
7.36            	1.18010695e-01	4.05771772e-04	6.89657765e-04	3.63833851e-04	0.00000000e+00
7.365           	7.60842703e-02	4.05044842e-04	6.88366853e-04	3.34720250e-04	0.00000000e+00
7.37            	9.19530777e-02	4.04355610e-04	6.86916721e-04	3.42184535e-04	0.00000000e+00
7.375           	2.88395458e-01	4.03635773e-04	6.85581113e-04	3.57323859e-04	0.00000000e+00
7.38            	5.05650028e-02	4.02959049e-04	6.84095940e-04	3.65050418e-04	0.00000000e+00
7.385           	8.81380771e-02	4.02238715e-04	6.82659699e-04	3.34133958e-04	0.00000000e+00
7.39            	1.01970988e-01	4.01536272e-04	6.81217646e-04	3.45346207e-04	0.00000000e+00
7.395           	5.73938375e-02	4.00794186e-04	6.79874839e-04	3.41266059e-04	0.00000000e+00
7.4             	1.14023944e-01	4.00075241e-04	6.78379408e-04	3.45416702e-04	0.00000000e+00
7.405           	7.09367727e-02	3.99366281e-04	6.76895450e-04	3.29370199e-04	0.00000000e+00
7.41            	8.64348922e-02	3.98629676e-04	6.75440964e-04	3.15233531e-04	0.00000000e+00
7.415           	7.53915976e-02	3.97894153e-04	6.73975880e-04	3.16280355e-04	0.00000000e+00
7.42            	1.99298125e-01	3.97150778e-04	6.72502174e-04	3.26261425e-04	0.00000000e+00
7.425           	1.81195973e-01	3.96423539e-04	6.71008689e-04	3.13864622e-04	0.00000000e+00
7.43            	2.70090138e-01	3.95682752e-04	6.69515474e-04	3.34922407e-04	0.00000000e+00
7.435           	1.79169099e-01	3.94907076e-04	6.68154259e-04	3.53397564e-04	0.00000000e+00
7.44            	2.61857233e-01	3.94160881e-04	6.66579104e-04	3.51003680e-04	0.00000000e+00
7.445           	1.05441574e-01	3.93390666e-04	6.65161158e-04	3.36289575e-04	0.00000000e+00
7.45            	6.16194991e-02	3.92653588e-04	6.63539419e-04	3.20340971e-04	0.00000000e+00
7.455           	3.99690974e-01	3.91897067e-04	6.61978560e-04	3.22145170e-04	0.00000000e+00
7.46            	7.15107602e-02	3.91120026e-04	6.60449462e-04	3.42688840e-04	0.00000000e+00
7.465           	3.99727412e-01	3.90345278e-04	6.58909887e-04	3.04523561e-04	0.00000000e+00
7.47            	8.89640367e-02	3.89568075e-04	6.57361830e-04	3.26648451e-04	0.00000000e+00
7.475           	1.33188711e-01	3.88805073e-04	6.55796578e-04	3.48309481e-04	0.00000000e+00
7.48            	1.38013298e-01	3.88027759e-04	6.54230291e-04	3.14971448e-04	0.00000000e+00
7.485           	1.65487871e-01	3.87226649e-04	6.52681257e-04	3.08632353e-04	0.00000000e+00
7.49            	9.94212092e-02	3.86448563e-04	6.51088316e-04	2.98192702e-04	0.00000000e+00
7.495           	1.02457809e-01	3.85622323e-04	6.49632226e-04	2.56549139e-04	0.00000000e+00
7.5             	1.87091059e-01	3.84830411e-04	6.47971798e-04	2.86548697e-04	0.00000000e+00
7.505           	5.39310863e-02	3.84015779e-04	6.46462394e-04	2.88291850e-04	0.00000000e+00
7.51            	9.14184595e-02	3.83223104e-04	6.44845237e-04	3.07689004e-04	0.00000000e+00
7.515           	1.57323349e-01	3.82407754e-04	6.43270158e-04	2.79776293e-04	0.00000000e+00
7.52            	9.08777249e-02	3.81606787e-04	6.41548788e-04	2.81467124e-04	0.00000000e+00
7.525           	1.96535438e-01	3.80794918e-04	6.39960564e-04	2.56957568e-04	0.00000000e+00
7.53            	5.67307320e-02	3.79978032e-04	6.38339586e-04	2.68051322e-04	0.00000000e+00
7.535           	5.94118231e-02	3.79161422e-04	6.36703168e-04	2.68405200e-04	0.00000000e+00
7.54            	1.07378701e-01	3.78339168e-04	6.34982788e-04	2.68431901e-04	0.00000000e+00
7.545           	1.05018331e-01	3.77495091e-04	6.33421000e-04	2.65632261e-04	0.00000000e+00
7.55            	2.42776661e-01	3.76691399e-04	6.31659101e-04	2.61339955e-04	0.00000000e+00
7.555           	1.31980924e-01	3.75848997e-04	6.30045825e-04	2.14982380e-04	0.00000000e+00
7.56            	4.40323012e-02	3.75008491e-04	6.28389121e-04	2.28437092e-04	0.00000000e+00
7.565           	1.31900621e-01	3.74150265e-04	6.26757095e-04	2.83781897e-04	0.00000000e+00
7.57            	1.43346068e-01	3.73312002e-04	6.25041348e-04	2.66683643e-04	0.00000000e+00
7.575           	6.25605342e-02	3.72466321e-04	6.23381240e-04	2.64352455e-04	0.00000000e+00
7.58            	1.48328561e-01	3.71637222e-04	6.21555756e-04	2.12596275e-04	0.00000000e+00
7.585           	8.95494218e-02	3.70785923e-04	6.19805770e-04	2.10294030e-04	0.00000000e+00
7.59            	1.96796770e-01	3.69917364e-04	6.18168497e-04	2.32553497e-04	0.00000000e+00
7.595           	2.16090837e-01	3.69047821e-04	6.16517727e-04	2.45622585e-04	0.00000000e+00
7.6             	9.62195848e-02	3.68202362e-04	6.14675424e-04	2.05416049e-04	0.00000000e+00
7.605           	2.27896559e-01	3.67320866e-04	6.12995581e-04	2.25020303e-04	0.00000000e+00
7.61            	1.18077890e-01	3.66444948e-04	6.11318264e-04	2.43299172e-04	0.00000000e+00
7.615           	1.07870495e-01	3.65591163e-04	6.09466890e-04	2.87772164e-04	0.00000000e+00
7.62            	1.58558988e-01	3.64716918e-04	6.07678149e-04	2.29663078e-04	0.00000000e+00
7.625           	1.52290425e-01	3.63808780e-04	6.06032254e-04	2.71230809e-04	0.00000000e+00
7.63            	1.69222652e-01	3.62950240e-04	6.04177053e-04	2.06261383e-04	0.00000000e+00
7.635           	1.69907561e-01	3.62072549e-04	6.02374413e-04	1.81523553e-04	0.00000000e+00
7.64            	9.07106114e-02	3.61169215e-04	6.00712870e-04	1.97477138e-04	0.00000000e+00
7.645           	2.78539234e-01	3.60272704e-04	5.98966911e-04	2.12258797e-04	0.00000000e+00
7.65            	9.50686922e-02	3.59389431e-04	5.97059613e-04	1.89728422e-04	0.00000000e+00
7.655           	2.85429624e-01	3.58461775e-04	5.95352481e-04	2.16170176e-04	0.00000000e+00
7.66            	1.23901981e-01	3.57584920e-04	5.93448918e-04	2.12191078e-04	0.00000000e+00
7.665           	2.61938894e-01	3.56655421e-04	5.91735759e-04	2.18965236e-04	0.00000000e+00
7.67            	8.65528919e-02	3.55744611e-04	5.89952168e-04	1.85932654e-04	0.00000000e+00
7.675           	1.56685058e-01	3.54850275e-04	5.88140976e-04	1.62256116e-04	0.00000000e+00
7.68            	1.53196900e-01	3.53922282e-04	5.86316553e-04	2.01401116e-04	0.00000000e+00
7.685           	7.60449888e-02	3.53018418e-04	5.84483897e-04	2.03392306e-04	0.00000000e+00
7.69            	1.28739333e-01	3.52125854e-04	5.82531881e-04	1.92980954e-04	0.00000000e+00
7.695           	9.74978792e-02	3.51196912e-04	5.80761472e-04	2.28461374e-04	0.00000000e+00
7.7             	2.25383285e-01	3.50269568e-04	5.78934959e-04	2.07419282e-04	0.00000000e+00
7.705           	9.15467526e-02	3.49359357e-04	5.76972049e-04	1.80544804e-04	0.00000000e+00
7.71            	2.53567498e-01	3.48417970e-04	5.75187566e-04	1.87611528e-04	0.00000000e+00
7.715           	6.55502644e-02	3.47465360e-04	5.73344968e-04	2.19543275e-04	0.00000000e+00
7.72            	5.23033503e-01	3.46557811e-04	5.71364000e-04	1.67844969e-04	0.00000000e+00
7.725           	1.13357993e-01	3.45595188e-04	5.69563473e-04	1.99182731e-04	0.00000000e+00
7.73            	3.91295531e-01	3.44676484e-04	5.67653952e-04	1.90405592e-04	0.00000000e+00
7.735           	8.35990239e-02	3.43744948e-04	5.65716691e-04	2.41298050e-04	0.00000000e+00
7.74            	1.67936862e-01	3.42786463e-04	5.63892485e-04	1.94872723e-04	0.00000000e+00
7.745           	7.86123965e-02	3.41850473e-04	5.61925452e-04	1.89377688e-04	0.00000000e+00
7.75            	1.36839122e-01	3.40882684e-04	5.60084511e-04	1.43400210e-04	0.00000000e+00
7.755           	3.64236797e-01	3.39927778e-04	5.58193371e-04	1.87740731e-04	0.00000000e+00
7.76            	1.70237601e-01	3.38983489e-04	5.56230588e-04	2.26493745e-04	0.00000000e+00
7.765           	8.27148429e-02	3.38011995e-04	5.54342822e-04	2.39321899e-04	0.00000000e+00
7.77            	8.81551279e-02	3.37049673e-04	5.52425084e-04	1.88547047e-04	0.00000000e+00
7.775           	1.94332617e-01	3.36064558e-04	5.50494069e-04	1.69204214e-04	0.00000000e+00
7.78            	9.34110924e-02	3.35125444e-04	5.48503135e-04	1.69560846e-04	0.00000000e+00
7.785           	2.67057652e-01	3.34148870e-04	5.46592581e-04	1.53085378e-04	0.00000000e+00
7.79            	2.26031400e-01	3.33191538e-04	5.44601186e-04	1.74029000e-04	0.00000000e+00
7.795           	1.69537748e-01	3.32226528e-04	5.42631561e-04	2.08413734e-04	0.00000000e+00
7.8             	1.71976173e-01	3.31248764e-04	5.40665814e-04	1.83816353e-04	0.00000000e+00
7.805           	1.22520855e-01	3.30252670e-04	5.38750580e-04	1.56211413e-04	0.00000000e+00
7.81            	4.69049275e-01	3.29269890e-04	5.36796291e-04	1.95102600e-04	0.00000000e+00
7.815           	3.18573376e-01	3.28285660e-04	5.34825765e-04	1.89470731e-04	0.00000000e+00
7.82            	1.93030155e-01	3.27298291e-04	5.32846245e-04	2.01488074e-04	0.00000000e+00
7.825           	2.15669287e-01	3.26305171e-04	5.30860754e-04	2.27885640e-04	0.00000000e+00
7.83            	3.93084957e-01	3.25318068e-04	5.28869771e-04	2.46326519e-04	0.00000000e+00
7.835           	1.08523752e-01	3.24308308e-04	5.26873673e-04	1.36242140e-04	0.00000000e+00
7.84            	5.25907695e-02	3.23303039e-04	5.24872927e-04	1.85173588e-04	0.00000000e+00
7.845           	8.28161209e-02	3.22322992e-04	5.22867370e-04	1.81021038e-04	0.00000000e+00
7.85            	1.19141616e-01	3.21307768e-04	5.20857061e-04	1.49931274e-04	0.00000000e+00
7.855           	1.83471976e-01	3.20318139e-04	5.18842051e-04	2.07058877e-04	0.00000000e+00
7.86            	1.93165978e-01	3.19304113e-04	5.16822195e-04	1.27672964e-04	0.00000000e+00
7.865           	1.49344389e-01	3.18289846e-04	5.14797803e-04	1.89307388e-04	0.00000000e+00
7.87            	6.77954313e-02	3.17278262e-04	5.12768859e-04	1.80197057e-04	0.00000000e+00
7.875           	1.21460056e-01	3.16266098e-04	5.10735383e-04	1.86115373e-04	0.00000000e+00
7.88            	2.07137991e-01	3.15256531e-04	5.08697505e-04	1.76076857e-04	0.00000000e+00
7.885           	1.22321719e-01	3.14254642e-04	5.06655097e-04	1.86959189e-04	0.00000000e+00
7.89            	2.04011512e-01	3.13228816e-04	5.04608210e-04	1.83215670e-04	0.00000000e+00
7.895           	3.07750746e-01	3.12222920e-04	5.02556944e-04	1.86009997e-04	0.00000000e+00
7.9             	1.31885782e-01	3.11188663e-04	5.00501445e-04	1.34743690e-04	0.00000000e+00
7.905           	8.06564464e-02	3.10190696e-04	4.98385696e-04	1.41734152e-04	0.00000000e+00
7.91            	7.10863289e-02	3.09177214e-04	4.96302867e-04	1.93711039e-04	0.00000000e+00
7.915           	1.82716282e-01	3.08135085e-04	4.94284293e-04	2.10261713e-04	0.00000000e+00
7.92            	5.08587401e-01	3.07096826e-04	4.92228266e-04	1.47652216e-04	0.00000000e+00
7.925           	1.69422869e-01	3.06082602e-04	4.90100624e-04	1.96978721e-04	0.00000000e+00
7.93            	1.84556330e-01	3.05031917e-04	4.88059239e-04	1.66439104e-04	0.00000000e+00
7.935           	2.22388612e-01	3.04007777e-04	4.85930765e-04	1.61088512e-04	0.00000000e+00
7.94            	1.60808357e-01	3.02960657e-04	4.83884022e-04	1.42157966e-04	0.00000000e+00
7.945           	2.07326732e-01	3.01933907e-04	4.81748164e-04	1.51654407e-04	0.00000000e+00
7.95            	1.31318977e-01	3.00873771e-04	4.79693965e-04	1.86852968e-04	0.00000000e+00
7.955           	3.41065846e-01	2.99824490e-04	4.77607237e-04	1.81027727e-04	0.00000000e+00
7.96            	9.64871403e-02	2.98758544e-04	4.75507131e-04	1.75751849e-04	0.00000000e+00
7.965           	7.67615457e-02	2.97720462e-04	4.73400098e-04	2.08537876e-04	0.00000000e+00
7.97            	1.07014318e-01	2.96656879e-04	4.71288360e-04	1.48066144e-04	0.00000000e+00
7.975           	1.83763225e-01	2.95639048e-04	4.69114714e-04	2.11685783e-04	0.00000000e+00
7.98            	2.53819251e-01	2.94557595e-04	4.67033359e-04	1.87667829e-04	0.00000000e+00
7.985           	4.15837740e-01	2.93509359e-04	4.64922688e-04	1.86930634e-04	0.00000000e+00
7.99            	4.18331736e-01	2.92437478e-04	4.62799689e-04	1.40153425e-04	0.00000000e+00
7.995           	2.08106270e-01	2.91373274e-04	4.60670583e-04	1.91522976e-04	0.00000000e+00
8               	5.46905278e-02	2.90344886e-04	4.58478449e-04	1.55110463e-04	0.00000000e+00
8.005           	2.36703955e-01	2.89279023e-04	4.56379714e-04	1.74241925e-04	0.00000000e+00
8.01            	1.58183632e-01	2.88213250e-04	4.54251622e-04	1.87576383e-04	0.00000000e+00
8.015           	3.57553774e-01	2.87164086e-04	4.52052522e-04	1.98388464e-04	0.00000000e+00
8.02            	1.53963570e-01	2.86101426e-04	4.49886340e-04	1.41586409e-04	0.00000000e+00
8.025           	1.10714425e-01	2.85011178e-04	4.47787748e-04	2.07102468e-04	0.00000000e+00
8.03            	8.43087783e-02	2.83916019e-04	4.45650523e-04	1.55153378e-04	0.00000000e+00
8.035           	4.61670446e-01	2.82838960e-04	4.43498374e-04	1.71737830e-04	0.00000000e+00
8.04            	2.01576050e-01	2.81758512e-04	4.41339372e-04	2.09341201e-04	0.00000000e+00
8.045           	1.59365923e-01	2.80718426e-04	4.39116273e-04	1.88001134e-04	0.00000000e+00
8.05            	1.36810034e-01	2.79617751e-04	4.36988636e-04	2.21506582e-04	0.00000000e+00
8.055           	1.81620520e-01	2.78548065e-04	4.34831435e-04	2.31644520e-04	0.00000000e+00
8.06            	2.20352112e-01	2.77486345e-04	4.32602448e-04	1.40100065e-04	0.00000000e+00
8.065           	6.24824594e-02	2.76375305e-04	4.30467133e-04	1.98541925e-04	0.00000000e+00
8.07            	1.46007063e-01	2.75294869e-04	4.28301305e-04	1.92364090e-04	0.00000000e+00
8.075           	1.41941830e-01	2.74196283e-04	4.26123425e-04	1.64242132e-04	0.00000000e+00
8.08            	1.14055039e-01	2.73134397e-04	4.23879246e-04	1.95210561e-04	0.00000000e+00
8.085           	8.78138858e-02	2.72036996e-04	4.21731765e-04	1.82954045e-04	0.00000000e+00
8.09            	1.24716230e-01	2.70959777e-04	4.19448374e-04	1.66135133e-04	0.00000000e+00
8.095           	2.11042687e-01	2.69871732e-04	4.17223890e-04	1.71185177e-04	0.00000000e+00
8.1             	1.47669904e-01	2.68749055e-04	4.15123100e-04	2.51484058e-04	0.00000000e+00
8.105           	1.11639630e-01	2.67640069e-04	4.12955808e-04	1.48071050e-04	0.00000000e+00
8.11            	1.44516450e-01	2.66542793e-04	4.10764738e-04	2.22493731e-04	0.00000000e+00
8.115           	2.48963559e-01	2.65461922e-04	4.08502972e-04	1.51540624e-04	0.00000000e+00
8.12            	1.06060983e-01	2.64366720e-04	4.06276861e-04	1.31552550e-04	0.00000000e+00
8.125           	1.26401635e-01	2.63268216e-04	4.04060969e-04	1.38966958e-04	0.00000000e+00
8.13            	1.28896117e-01	2.62178799e-04	4.01800938e-04	2.13531761e-04	0.00000000e+00
8.135           	6.85568600e-02	2.61065623e-04	3.99616636e-04	1.62094594e-04	0.00000000e+00
8.14            	5.29436108e-02	2.59954377e-04	3.97409837e-04	1.77011417e-04	0.00000000e+00
8.145           	6.59925003e-02	2.58832269e-04	3.95255775e-04	1.68302881e-04	0.00000000e+00
8.15            	1.19017860e-01	2.57748916e-04	3.92913336e-04	1.30258469e-04	0.00000000e+00
8.155           	1.04215259e-01	2.56635456e-04	3.90730567e-04	1.42176003e-04	0.00000000e+00
8.16            	4.96588171e-02	2.55522241e-04	3.88518339e-04	1.43347775e-04	0.00000000e+00
8.165           	5.80507414e-02	2.54422911e-04	3.86213614e-04	1.56021422e-04	0.00000000e+00
8.17            	2.57249908e-01	2.53280258e-04	3.84101396e-04	1.87867641e-04	0.00000000e+00
8.175           	1.09394309e-01	2.52173516e-04	3.81846309e-04	1.16435458e-04	0.00000000e+00
8.18            	1.45579083e-01	2.51064391e-04	3.79604444e-04	1.67123708e-04	0.00000000e+00
8.185           	1.05511763e-01	2.49949687e-04	3.77365767e-04	1.57074901e-04	0.00000000e+00
8.19            	1.97270081e-01	2.48844441e-04	3.75044796e-04	1.37093655e-04	0.00000000e+00
8.195           	4.70887741e-01	2.47729358e-04	3.72777253e-04	1.57441011e-04	0.00000000e+00
8.2             	3.70069554e-01	2.46594128e-04	3.70561362e-04	1.83032219e-04	0.00000000e+00
8.205           	1.38986390e-01	2.45467591e-04	3.68326361e-04	1.76257629e-04	0.00000000e+00
8.21            	1.08464664e-01	2.44343164e-04	3.66048578e-04	1.38052145e-04	0.00000000e+00
8.215           	1.16285274e-01	2.43234660e-04	3.63764219e-04	1.24653550e-04	0.00000000e+00
8.22            	5.74926282e-01	2.42081605e-04	3.61674848e-04	1.18264857e-04	0.00000000e+00
8.225           	6.75260275e-02	2.40946385e-04	3.59477519e-04	1.83327914e-04	0.00000000e+00
8.23            	7.57184095e-02	2.39836093e-04	3.57132705e-04	1.20090140e-04	0.00000000e+00
8.235           	7.03715195e-02	2.38726687e-04	3.54785885e-04	1.19294680e-04	0.00000000e+00
8.24            	6.16516617e-02	2.37590412e-04	3.52561845e-04	1.29113465e-04	0.00000000e+00
8.245           	1.33436759e-01	2.36453942e-04	3.50280086e-04	9.33390129e-05	0.00000000e+00
8.25            	1.50543237e-01	2.35325558e-04	3.48013598e-04	6.59423606e-05	0.00000000e+00
8.255           	1.96076974e-01	2.34209956e-04	3.45724512e-04	7.42244292e-05	0.00000000e+00
8.26            	4.25747727e-01	2.33082097e-04	3.43453902e-04	4.69052377e-05	0.00000000e+00
8.265           	1.10698553e-01	2.31945687e-04	3.41188722e-04	1.43886906e-04	0.00000000e+00
8.27            	1.23138295e-01	2.30777045e-04	3.39034653e-04	1.18737673e-04	0.00000000e+00
8.275           	6.26484737e-02	2.29645505e-04	3.36695960e-04	1.33372791e-04	0.00000000e+00
8.28            	1.16806825e-01	2.28511094e-04	3.34405471e-04	1.23595222e-04	0.00000000e+00
8.285           	1.17083261e-01	2.27360911e-04	3.32157290e-04	9.30563521e-05	0.00000000e+00
8.29            	5.98840737e-02	2.26229783e-04	3.29868570e-04	1.23235613e-04	0.00000000e+00
8.295           	1.31393502e-01	2.25080788e-04	3.27619672e-04	9.02352205e-05	0.00000000e+00
8.3             	1.19160938e-01	2.23952597e-04	3.25329421e-04	9.69188842e-05	0.00000000e+00
8.305           	1.54656386e-01	2.22816351e-04	3.23051667e-04	1.40778400e-04	0.00000000e+00
8.31            	8.28016619e-02	2.21655325e-04	3.20777421e-04	1.52582466e-04	0.00000000e+00
8.315           	1.19527990e-01	2.20521371e-04	3.18504050e-04	9.34699201e-05	0.00000000e+00
8.32            	1.33185048e-01	2.19381598e-04	3.16230133e-04	9.23501258e-05	0.00000000e+00
8.325           	1.12024856e-01	2.18238173e-04	3.13955782e-04	9.35904630e-05	0.00000000e+00
8.33            	2.02035150e-01	2.17095449e-04	3.11680487e-04	1.66324564e-04	0.00000000e+00
8.335           	1.32015863e-01	2.15946396e-04	3.09404679e-04	1.28693175e-04	0.00000000e+00
8.34            	7.74687144e-02	2.14814790e-04	3.07128298e-04	1.39531097e-04	0.00000000e+00
8.345           	1.09199922e-01	2.13640410e-04	3.04850881e-04	1.28122971e-04	0.00000000e+00
8.35            	6.20445575e-02	2.12486741e-04	3.02573219e-04	1.36447038e-04	0.00000000e+00
8.355           	3.62627236e-02	2.11363573e-04	3.00295071e-04	1.15674990e-04	0.00000000e+00
8.36            	2.69056265e-01	2.10190853e-04	2.98016008e-04	1.90403445e-04	0.00000000e+00
8.365           	3.44522055e-01	2.09032728e-04	2.95736745e-04	1.29834966e-04	0.00000000e+00
8.37            	2.02269690e-01	2.07895157e-04	2.93457115e-04	9.65507941e-05	0.00000000e+00
8.375           	3.57416922e-01	2.06735165e-04	2.91176940e-04	1.35973222e-04	0.00000000e+00
8.38            	1.71421360e-01	2.05594860e-04	2.88896486e-04	1.48903837e-04	0.00000000e+00
8.385           	2.27804290e-01	2.04442187e-04	2.86615738e-04	1.24842684e-04	0.00000000e+00
8.39            	1.39650236e-01	2.03292095e-04	2.84334899e-04	1.09466607e-04	0.00000000e+00
8.395           	1.75114499e-01	2.02140046e-04	2.82053685e-04	1.10380776e-04	0.00000000e+00
8.4             	8.14046733e-02	2.00997033e-04	2.79751661e-04	9.36072455e-05	0.00000000e+00
8.405           	2.59776162e-01	1.99829451e-04	2.77463239e-04	1.72123114e-04	0.00000000e+00
8.41            	1.64203001e-01	1.98688682e-04	2.75179550e-04	1.38131907e-04	0.00000000e+00
8.415           	2.33552620e-01	1.97503094e-04	2.72897037e-04	8.95381945e-05	0.00000000e+00
8.42            	1.31463503e-01	1.96350965e-04	2.70615240e-04	1.08805605e-04	0.00000000e+00
8.425           	1.79639856e-01	1.95180438e-04	2.68333591e-04	1.10537906e-04	0.00000000e+00
8.43            	1.54543342e-01	1.94032551e-04	2.66052216e-04	7.40589470e-05	0.00000000e+00
8.435           	2.08816130e-01	1.92892921e-04	2.63771077e-04	9.01301100e-05	0.00000000e+00
8.44            	1.90019351e-01	1.91713474e-04	2.61489806e-04	1.04717735e-04	0.00000000e+00
8.445           	1.20581391e-01	1.90559345e-04	2.59208878e-04	1.17794015e-04	0.00000000e+00
8.45            	1.00389843e-01	1.89415417e-04	2.56928259e-04	9.02455583e-05	0.00000000e+00
8.455           	2.49798094e-01	1.88246002e-04	2.54647834e-04	1.08109652e-04	0.00000000e+00
8.46            	1.09686788e-01	1.87070126e-04	2.52367668e-04	1.27507198e-04	0.00000000e+00
8.465           	3.34345181e-01	1.85919307e-04	2.50087986e-04	1.58889943e-04	0.00000000e+00
8.47            	1.77670751e-01	1.84771886e-04	2.47808678e-04	1.89613439e-04	0.00000000e+00
8.475           	1.32221256e-01	1.83617874e-04	2.45529815e-04	1.18762472e-04	0.00000000e+00
8.48            	1.05941522e-01	1.82458099e-04	2.43251517e-04	1.35919919e-04	0.00000000e+00
8.485           	2.18299646e-01	1.81278911e-04	2.40957967e-04	1.67172614e-04	0.00000000e+00
8.49            	1.36103552e-01	1.80112503e-04	2.38691157e-04	9.23011045e-05	0.00000000e+00
8.495           	3.79881120e-01	1.78963112e-04	2.36418068e-04	1.42361467e-04	0.00000000e+00
8.5             	1.54451916e-01	1.77789085e-04	2.34143087e-04	1.09662318e-04	0.00000000e+00
8.505           	4.68370937e-01	1.76621773e-04	2.31868255e-04	1.59915384e-04	0.00000000e+00
8.51            	1.46517946e-01	1.75457602e-04	2.29578008e-04	1.65714750e-04	0.00000000e+00
8.515           	9.44056744e-02	1.74303623e-04	2.27299004e-04	1.88536911e-04	0.00000000e+00
8.52            	1.94445349e-01	1.73145555e-04	2.25024324e-04	1.34820311e-04	0.00000000e+00
8.525           	1.23116159e-01	1.71982774e-04	2.22751746e-04	1.27998142e-04	0.00000000e+00
8.53            	3.58506509e-01	1.70804786e-04	2.20480309e-04	1.53538918e-04	0.00000000e+00
8.535           	2.07788401e-01	1.69632068e-04	2.18210020e-04	1.05223335e-04	0.00000000e+00
8.54            	2.14176700e-01	1.68480597e-04	2.15940750e-04	1.59364339e-04	0.00000000e+00
8.545           	1.90214614e-01	1.67319528e-04	2.13672592e-04	1.09272707e-04	0.00000000e+00
8.55            	1.25643282e-01	1.66140739e-04	2.11405354e-04	1.17232660e-04	0.00000000e+00
8.555           	1.24795102e-01	1.64984842e-04	2.09139332e-04	8.07728261e-05	0.00000000e+00
8.56            	1.03768351e-01	1.63805808e-04	2.06874370e-04	9.77912540e-05	0.00000000e+00
8.565           	1.85085721e-01	1.62621093e-04	2.04598558e-04	1.20575675e-04	0.00000000e+00
8.57            	9.44678018e-02	1.61464817e-04	2.02344002e-04	1.73696277e-04	0.00000000e+00
8.575           	2.73947613e-01	1.60312866e-04	2.00085423e-04	1.27863990e-04	0.00000000e+00
8.58            	2.66704803e-01	1.59141228e-04	1.97826217e-04	1.17744685e-04	0.00000000e+00
8.585           	1.86943804e-01	1.57970019e-04	1.95555911e-04	1.36888447e-04	0.00000000e+00
8.59            	1.65340312e-01	1.56814675e-04	1.93306733e-04	1.08340194e-04	0.00000000e+00
8.595           	2.23827001e-01	1.55639016e-04	1.91041597e-04	8.20845118e-05	0.00000000e+00
8.6             	5.94768227e-02	1.54458526e-04	1.88784009e-04	1.21665063e-04	0.00000000e+00
8.605           	1.62409083e-01	1.53301120e-04	1.86530042e-04	1.81928609e-04	0.00000000e+00
8.61            	9.39219969e-02	1.52134673e-04	1.84278324e-04	2.22930256e-04	0.00000000e+00
8.615           	1.71121289e-01	1.50980594e-04	1.82028467e-04	2.22299053e-04	0.00000000e+00
8.62            	7.37324675e-02	1.49805715e-04	1.79780237e-04	1.62813557e-04	0.00000000e+00
8.625           	1.43109493e-01	1.48638155e-04	1.77533592e-04	2.11633519e-04	0.00000000e+00
8.63            	2.26295149e-01	1.47459117e-04	1.75288573e-04	1.54522053e-04	0.00000000e+00
8.635           	2.73564059e-01	1.46288681e-04	1.73045424e-04	1.92006294e-04	0.00000000e+00
8.64            	2.93016121e-01	1.45146506e-04	1.70804179e-04	1.78981942e-04	0.00000000e+00
8.645           	6.63123212e-02	1.43960204e-04	1.68555455e-04	2.54895275e-04	0.00000000e+00
8.65            	3.18028045e-01	1.42812697e-04	1.66323714e-04	1.90535601e-04	0.00000000e+00
8.655           	1.38924906e-01	1.41639819e-04	1.64089668e-04	2.11363267e-04	0.00000000e+00
8.66            	5.12451142e-02	1.40471766e-04	1.61847413e-04	2.26756980e-04	0.00000000e+00
8.665           	8.71758549e-02	1.39306443e-04	1.59612510e-04	1.61240972e-04	0.00000000e+00
8.67            	1.45622063e-01	1.38143783e-04	1.57381516e-04	1.69816869e-04	0.00000000e+00
8.675           	9.39334569e-02	1.36991091e-04	1.55162305e-04	2.28771578e-04	0.00000000e+00
8.68            	1.01521210e-01	1.35805754e-04	1.52930103e-04	2.37497662e-04	0.00000000e+00
8.685           	1.52853476e-01	1.34644244e-04	1.50704223e-04	2.09306438e-04	0.00000000e+00
8.69            	1.22440551e-01	1.33482224e-04	1.48481728e-04	2.38907511e-04	0.00000000e+00
8.695           	2.49008397e-01	1.32328572e-04	1.46261888e-04	2.56387467e-04	0.00000000e+00
8.7             	4.28991765e-01	1.31167895e-04	1.44044582e-04	3.16116279e-04	0.00000000e+00
8.705           	1.95376010e-01	1.29981422e-04	1.41822525e-04	2.79825729e-04	0.00000000e+00
8.71            	1.19350405e-01	1.28836377e-04	1.39614314e-04	1.76483632e-04	0.00000000e+00
8.715           	8.41850167e-02	1.27653276e-04	1.37398343e-04	2.46782758e-04	0.00000000e+00
8.72            	3.24418842e-01	1.26497331e-04	1.35195118e-04	2.53695165e-04	0.00000000e+00
8.725           	2.01395693e-01	1.25336963e-04	1.32984330e-04	2.43290199e-04	0.00000000e+00
8.73            	2.62379818e-01	1.24173871e-04	1.30779206e-04	2.42544148e-04	0.00000000e+00
8.735           	9.63771998e-02	1.23024849e-04	1.28584546e-04	2.38468404e-04	0.00000000e+00
8.74            	9.95085105e-02	1.21856584e-04	1.26381368e-04	2.50520328e-04	0.00000000e+00
8.745           	2.50216864e-01	1.20693034e-04	1.24183896e-04	2.13539514e-04	0.00000000e+00
8.75            	1.90581841e-01	1.19531298e-04	1.21990132e-04	2.45828599e-04	0.00000000e+00
8.755           	3.89870336e-01	1.18369369e-04	1.19799181e-04	3.09515034e-04	0.00000000e+00
8.76            	1.26007009e-01	1.17220222e-04	1.17611200e-04	2.33704919e-04	0.00000000e+00
8.765           	2.92401877e-01	1.16039890e-04	1.15420549e-04	2.38660177e-04	0.00000000e+00
8.77            	9.35759512e-02	1.14873850e-04	1.13232270e-04	2.75454585e-04	0.00000000e+00
8.775           	1.26672239e-01	1.13736534e-04	1.11059480e-04	1.84639341e-04	0.00000000e+00
8.78            	1.44852014e-01	1.12574998e-04	1.08879639e-04	1.87299447e-04	0.00000000e+00
8.785           	8.15933822e-02	1.11402660e-04	1.06700453e-04	3.00383726e-04	0.00000000e+00
8.79            	1.90228655e-01	1.10240521e-04	1.04527340e-04	2.49615491e-04	0.00000000e+00
8.795           	1.64736408e-01	1.09091992e-04	1.02362031e-04	2.57258550e-04	0.00000000e+00
8.8             	1.14443744e-01	1.07951302e-04	1.00202581e-04	2.16946183e-04	0.00000000e+00
8.805           	6.66058461e-02	1.06790695e-04	9.80367446e-05	1.94488114e-04	0.00000000e+00
8.81            	1.19403314e-01	1.05643374e-04	9.58810090e-05	1.60505900e-04	0.00000000e+00
8.815           	1.58371906e-01	1.04488953e-04	9.37256489e-05	1.93005254e-04	0.00000000e+00
8.82            	5.84925357e-02	1.03324165e-04	9.15633988e-05	2.82748300e-04	0.00000000e+00
8.825           	1.31338470e-01	1.02177339e-04	8.94138911e-05	2.29135848e-04	0.00000000e+00
8.83            	2.53707503e-01	1.01006664e-04	8.72598587e-05	1.60455035e-04	0.00000000e+00
8.835           	4.48794301e-01	9.98606247e-05	8.51162040e-05	1.83022880e-04	0.00000000e+00
8.84            	1.12914437e-01	9.87107991e-05	8.29752344e-05	1.93508806e-04	0.00000000e+00
8.845           	5.80226684e-01	9.75692183e-05	8.08412452e-05	1.98927280e-04	0.00000000e+00
8.85            	1.33493036e-01	9.64096817e-05	7.87039376e-05	1.93249456e-04	0.00000000e+00
8.855           	2.46190584e-01	9.52665655e-05	7.65755779e-05	2.04519936e-04	0.00000000e+00
8.86            	1.52607109e-01	9.41025950e-05	7.44394196e-05	1.69093552e-04	0.00000000e+00
8.865           	6.98425536e-02	9.29675724e-05	7.23209034e-05	2.12095280e-04	0.00000000e+00
8.87            	9.20478921e-02	9.18133747e-05	7.01948177e-05	2.08002435e-04	0.00000000e+00
8.875           	1.91661429e-01	9.06725635e-05	6.80781892e-05	1.42016686e-04	0.00000000e+00
8.88            	3.34720573e-01	8.95203544e-05	6.59612167e-05	1.57161689e-04	0.00000000e+00
8.885           	1.27811218e-01	8.83716423e-05	6.38492496e-05	1.63592413e-04	0.00000000e+00
8.89            	2.00660532e-01	8.72272973e-05	6.17413661e-05	1.20564955e-04	0.00000000e+00
8.895           	1.60215304e-01	8.60830910e-05	5.96372938e-05	1.21541803e-04	0.00000000e+00
8.9             	1.73174340e-01	8.49306208e-05	5.78040299e-05	1.53920110e-04	0.00000000e+00
8.905           	2.03275946e-01	8.37835061e-05	5.57960777e-05	2.11333255e-04	0.00000000e+00
8.91            	3.13513526e-01	8.26490342e-05	5.34612503e-05	2.24607001e-04	0.00000000e+00
8.915           	1.95898264e-01	8.15181463e-05	5.12931149e-05	1.22448696e-04	0.00000000e+00
8.92            	2.18632042e-01	8.03826118e-05	4.91809442e-05	1.91776535e-04	0.00000000e+00
8.925           	5.29167894e-01	7.92427829e-05	4.70900022e-05	1.21929913e-04	0.00000000e+00
8.93            	1.43425943e-01	7.80960643e-05	4.50063898e-05	1.44686677e-04	0.00000000e+00
8.935           	4.61123495e-02	7.69553995e-05	4.29298960e-05	1.67784176e-04	0.00000000e+00
8.94            	1.21227517e-01	7.58263162e-05	4.08606374e-05	2.05894052e-04	0.00000000e+00
8.945           	3.38202360e-01	7.46843117e-05	3.87919501e-05	1.23239801e-04	0.00000000e+00
8.95            	9.21066597e-02	7.35454602e-05	3.67281634e-05	1.23999055e-04	0.00000000e+00
8.955           	3.69264103e-01	7.24192513e-05	3.46737625e-05	1.88377656e-04	0.00000000e+00
8.96            	1.92847467e-01	7.12796591e-05	3.26171597e-05	1.29341136e-04	0.00000000e+00
8.965           	1.52994930e-01	7.01463782e-05	3.05653383e-05	1.21065532e-04	0.00000000e+00
8.97            	6.57142017e-02	6.90143528e-05	2.85178599e-05	1.22087405e-04	0.00000000e+00
8.975           	4.12379717e-01	6.78757323e-05	2.64721506e-05	1.14425520e-04	0.00000000e+00
8.98            	2.51946139e-01	6.67575751e-05	2.44371414e-05	1.03627884e-04	0.00000000e+00
8.985           	3.58554132e-01	6.56183214e-05	2.24004535e-05	1.21872972e-04	0.00000000e+00
8.99            	1.10648678e-01	6.44857152e-05	2.03687148e-05	7.05479588e-05	0.00000000e+00
8.995           	1.11760227e-01	6.33658083e-05	1.83443103e-05	1.04814374e-04	0.00000000e+00
9               	1.46677395e-01	6.22401010e-05	1.63222544e-05	7.69554249e-05	0.00000000e+00
9.005           	2.79827242e-01	6.11152468e-05	1.43037267e-05	1.09912645e-04	0.00000000e+00
9.01            	1.16223659e-01	5.99982591e-05	1.22893355e-05	1.33419805e-04	0.00000000e+00
9.015           	1.59278382e-01	5.88714693e-05	1.02790467e-05	1.66248059e-04	0.00000000e+00
9.02            	1.16485288e-01	5.77494972e-05	8.27671130e-06	2.06547043e-04	0.00000000e+00
9.025           	1.73110863e-01	5.66274959e-05	6.27609865e-06	1.43842802e-04	0.00000000e+00
9.03            	2.15842919e-01	5.55131442e-05	4.27919073e-06	1.55114852e-04	0.00000000e+00
9.035           	6.08770797e-01	5.43840629e-05	2.28615417e-06	1.43852020e-04	0.00000000e+00
9.04            	1.51567420e-01	5.32694962e-05	6.65081864e-07	1.60281996e-04	0.00000000e+00
9.045           	3.23593535e-01	5.21481898e-05	1.93014433e-06	2.14956482e-04	0.00000000e+00
9.05            	4.00205481e-01	5.10440016e-05	4.02668658e-06	1.78841463e-04	0.00000000e+00
9.055           	3.75474767e-01	4.99281200e-05	6.01421989e-06	1.45590530e-04	0.00000000e+00
9.06            	1.76489017e-01	4.88135353e-05	7.96247830e-06	1.82322738e-04	0.00000000e+00
9.065           	1.22821593e-01	4.77004301e-05	9.89461028e-06	9.92104558e-05	0.00000000e+00
9.07            	1.30456624e-01	4.65852415e-05	1.18185633e-05	1.02147919e-04	0.00000000e+00
9.075           	9.43844179e-02	4.54798831e-05	1.37366908e-05	1.42648620e-04	0.00000000e+00
9.08            	1.53961588e-01	4.43713554e-05	1.56527066e-05	8.56388270e-05	0.00000000e+00
9.085           	7.47481183e-02	4.32695254e-05	1.75594202e-05	1.80833360e-04	0.00000000e+00
9.09            	2.18450902e-01	4.21652514e-05	1.94785398e-05	1.08572307e-04	0.00000000e+00
9.095           	2.58430570e-01	4.10564668e-05	2.14063520e-05	1.50866495e-04	0.00000000e+00
9.1             	3.96285009e-01	3.99509949e-05	2.33300347e-05	1.45188866e-04	0.00000000e+00
9.105           	1.93605233e-01	3.88494928e-05	2.52490576e-05	1.93150826e-04	0.00000000e+00
9.11            	2.37875541e-01	3.77431994e-05	2.71634960e-05	2.00215855e-04	0.00000000e+00
9.115           	2.54310209e-01	3.66425644e-05	2.90697498e-05	1.72141053e-04	0.00000000e+00
9.12            	7.74638763e-02	3.55518711e-05	3.09773498e-05	8.96390607e-05	0.00000000e+00
9.125           	1.27217655e-01	3.44572130e-05	3.28784830e-05	8.58862582e-05	0.00000000e+00
9.13            	8.41308074e-02	3.33627177e-05	3.47741480e-05	2.07712980e-04	0.00000000e+00
9.135           	3.29654573e-02	3.22648213e-05	3.66610982e-05	1.38167267e-04	0.00000000e+00
9.14            	2.19468580e-01	3.11699485e-05	3.85457894e-05	1.42755139e-04	0.00000000e+00
9.145           	4.99421435e-02	3.00810458e-05	4.04263579e-05	2.01170386e-04	0.00000000e+00
9.15            	1.52785108e-01	2.89914373e-05	4.23020976e-05	1.94498160e-04	0.00000000e+00
9.155           	1.52202866e-01	2.78953694e-05	4.41681936e-05	1.03842833e-04	0.00000000e+00
9.16            	2.09416046e-01	2.68096483e-05	4.60378644e-05	1.17418501e-04	0.00000000e+00
9.165           	2.53481639e-01	2.57270155e-05	4.79002463e-05	2.81077224e-04	0.00000000e+00
9.17            	1.67657892e-01	2.46427559e-05	4.97674482e-05	1.29527408e-04	0.00000000e+00
9.175           	2.20991293e-01	2.35597128e-05	5.16181896e-05	1.70937575e-04	0.00000000e+00
9.18            	1.84077676e-01	2.24715694e-05	5.34569343e-05	2.50953240e-04	0.00000000e+00
9.185           	2.67013851e-01	2.13948209e-05	5.53169204e-05	1.83740579e-04	0.00000000e+00
9.19            	1.09705432e-01	2.03164523e-05	5.71660786e-05	2.51171235e-04	0.00000000e+00
9.195           	1.21643310e-01	1.92361667e-05	5.89938339e-05	3.21078501e-04	0.00000000e+00
9.2             	3.13705312e-01	1.81566657e-05	6.08256893e-05	2.02605000e-04	0.00000000e+00
9.205           	5.39418745e-01	1.70833707e-05	6.26552758e-05	1.72509109e-04	0.00000000e+00
9.21            	1.60368086e-01	1.60081166e-05	6.44809860e-05	1.70738682e-04	0.00000000e+00
9.215           	2.12220597e-01	1.49402384e-05	6.63015978e-05	2.24795066e-04	0.00000000e+00
9.22            	1.25297588e-01	1.39271010e-05	6.81172058e-05	2.49159262e-04	0.00000000e+00
9.225           	9.36416205e-02	1.29393253e-05	6.99273932e-05	2.06746649e-04	0.00000000e+00
9.23            	2.32915487e-01	1.20309360e-05	7.17135122e-05	2.32270159e-04	0.00000000e+00
9.235           	1.46498303e-01	1.11960618e-05	7.35072580e-05	2.75078306e-04	0.00000000e+00
9.24            	3.61730862e-01	1.04355233e-05	7.52999926e-05	2.85384368e-04	0.00000000e+00
9.245           	1.27335453e-01	9.76670560e-06	7.70886803e-05	2.96426958e-04	0.00000000e+00
9.25            	1.54611999e-01	9.16759718e-06	7.88726555e-05	2.42650059e-04	0.00000000e+00
9.255           	4.67041998e-01	8.66993507e-06	8.06512584e-05	2.91773778e-04	0.00000000e+00
9.26            	1.11511030e-01	8.25324203e-06	8.24244043e-05	2.25565374e-04	0.00000000e+00
9.265           	1.43370720e-01	7.88902226e-06	8.41677402e-05	2.41996947e-04	0.00000000e+00
9.27            	1.34583590e-01	7.63921137e-06	8.59468905e-05	2.82229713e-04	0.00000000e+00
9.275           	2.23375511e-01	7.48065117e-06	8.77095613e-05	2.89636916e-04	0.00000000e+00
9.28            	1.04365420e-01	7.40553823e-06	8.94631553e-05	2.43103531e-04	0.00000000e+00
9.285           	1.10030580e-01	7.41251631e-06	9.12099842e-05	1.89499810e-04	0.00000000e+00
9.29            	8.28417622e-02	7.50034599e-06	9.29508787e-05	2.18390582e-04	0.00000000e+00
9.295           	5.61197253e-01	7.66510576e-06	9.46860203e-05	2.53331191e-04	0.00000000e+00
9.3             	9.95707700e-02	7.86115572e-06	9.63914484e-05	2.15886348e-04	0.00000000e+00
9.305           	1.75473480e-01	8.14347342e-06	9.81318145e-05	1.62061493e-04	0.00000000e+00
9.31            	1.08688646e-01	8.47793258e-06	9.98314793e-05	3.50885181e-04	0.00000000e+00
9.315           	2.82722917e-01	8.93718208e-06	1.01538307e-04	1.49014417e-04	0.00000000e+00
9.32            	2.70945448e-01	9.44665564e-06	1.03243966e-04	2.26565545e-04	0.00000000e+00
9.325           	8.86036412e-02	1.00463026e-05	1.04945246e-04	2.16195468e-04	0.00000000e+00
9.33            	1.62029371e-01	1.06917257e-05	1.06641453e-04	1.81809602e-04	0.00000000e+00
9.335           	4.07285363e-01	1.13478201e-05	1.08332127e-04	2.70311951e-04	0.00000000e+00
9.34            	3.11632758e-01	1.20579075e-05	1.10017026e-04	3.64378765e-04	0.00000000e+00
9.345           	1.56350415e-01	1.28525731e-05	1.11664738e-04	2.77291694e-04	0.00000000e+00
9.35            	2.11704300e-01	1.37263086e-05	1.13359736e-04	2.50054652e-04	0.00000000e+00
9.355           	2.01157131e-01	1.46350541e-05	1.15034715e-04	3.09415942e-04	0.00000000e+00
9.36            	9.55824972e-02	1.55547275e-05	1.16667913e-04	2.87483192e-04	0.00000000e+00
9.365           	1.37185308e-01	1.65401515e-05	1.18346376e-04	2.75435800e-04	0.00000000e+00
9.37            	3.16769588e-01	1.75343039e-05	1.19973027e-04	2.57156741e-04	0.00000000e+00
9.375           	9.40501097e-02	1.85360076e-05	1.21610251e-04	1.92450369e-04	0.00000000e+00
9.38            	1.06873643e-01	1.95499936e-05	1.23278328e-04	3.17510261e-04	0.00000000e+00
9.385           	1.49223930e-01	2.05615300e-05	1.24890194e-04	3.58110229e-04	0.00000000e+00
9.39            	9.89936885e-02	2.15745989e-05	1.26541826e-04	3.05647855e-04	0.00000000e+00
9.395           	4.30687928e-01	2.25807277e-05	1.28140447e-04	2.85701802e-04	0.00000000e+00
9.4             	5.49924106e-01	2.35877768e-05	1.29748762e-04	2.80341228e-04	0.00000000e+00
9.405           	1.17480825e-01	2.45918094e-05	1.31356754e-04	2.74366618e-04	0.00000000e+00
9.41            	7.34329453e-02	2.55980694e-05	1.32960376e-04	3.14149320e-04	0.00000000e+00
9.415           	1.57041249e-01	2.65981240e-05	1.34558475e-04	3.31422987e-04	0.00000000e+00
9.42            	4.45075838e-01	2.75956659e-05	1.36110254e-04	3.61465965e-04	0.00000000e+00
9.425           	1.41925331e-01	2.85975101e-05	1.37724517e-04	3.46816122e-04	0.00000000e+00
9.43            	1.66052675e-01	2.95908771e-05	1.39314302e-04	2.53957654e-04	0.00000000e+00
9.435           	8.05127897e-02	3.05809659e-05	1.40851266e-04	3.02560318e-04	0.00000000e+00
9.44            	1.85637904e-01	3.15712610e-05	1.42408018e-04	2.97293643e-04	0.00000000e+00
9.445           	1.05377354e-01	3.25634601e-05	1.44007750e-04	3.18193411e-04	0.00000000e+00
9.45            	2.74758893e-01	3.35546930e-05	1.45576946e-04	3.33036981e-04	0.00000000e+00
9.455           	1.99171289e-01	3.45393051e-05	1.47092016e-04	1.44709294e-04	0.00000000e+00
9.46            	1.30200099e-01	3.55303426e-05	1.48665494e-04	2.20720671e-04	0.00000000e+00
9.465           	8.27418942e-02	3.65108721e-05	1.50173653e-04	1.71303250e-04	0.00000000e+00
9.47            	1.27174552e-01	3.74911626e-05	1.51696530e-04	2.09834823e-04	0.00000000e+00
9.475           	2.21136784e-01	3.84675606e-05	1.53220326e-04	2.85094463e-04	0.00000000e+00
9.48            	1.32123645e-01	3.94475201e-05	1.54740656e-04	2.18947046e-04	0.00000000e+00
9.485           	1.67714096e-01	4.04234955e-05	1.56255585e-04	3.20143986e-04	0.00000000e+00
9.49            	1.20625963e-01	4.13995909e-05	1.57804289e-04	2.59738193e-04	0.00000000e+00
9.495           	3.06590765e-01	4.23716977e-05	1.59320207e-04	1.84083796e-04	0.00000000e+00
9.5             	2.06369761e-01	4.33381274e-05	1.60781522e-04	2.09816174e-04	0.00000000e+00
9.505           	1.35363166e-01	4.43026664e-05	1.62260383e-04	2.26895216e-04	0.00000000e+00
9.51            	3.33164382e-01	4.52619964e-05	1.63741394e-04	1.73564647e-04	0.00000000e+00
9.515           	1.10276805e-01	4.62335129e-05	1.65218730e-04	1.28309450e-04	0.00000000e+00
9.52            	1.70029419e-01	4.71970468e-05	1.66690695e-04	1.91046501e-04	0.00000000e+00
9.525           	1.56684512e-01	4.81500365e-05	1.68156875e-04	2.25286750e-04	0.00000000e+00
9.53            	1.41695203e-01	4.91110293e-05	1.69616849e-04	1.40139723e-04	0.00000000e+00
9.535           	2.59833208e-01	5.00565369e-05	1.71070535e-04	1.53951835e-04	0.00000000e+00
9.54            	2.57232419e-01	5.10092600e-05	1.72518509e-04	1.84671833e-04	0.00000000e+00
9.545           	1.35918679e-01	5.19610999e-05	1.73959975e-04	1.15717597e-04	0.00000000e+00
9.55            	3.19467113e-01	5.29095026e-05	1.75395321e-04	1.60445605e-04	0.00000000e+00
9.555           	1.87034640e-01	5.38535670e-05	1.76824418e-04	8.94251952e-05	0.00000000e+00
9.56            	2.53999666e-01	5.47905335e-05	1.78196291e-04	6.83421558e-05	0.00000000e+00
9.565           	2.75762226e-01	5.57370283e-05	1.79647578e-04	9.58199570e-05	0.00000000e+00
9.57            	2.05215106e-01	5.66819929e-05	1.81069604e-04	1.42043111e-04	0.00000000e+00
9.575           	1.25491493e-01	5.76208149e-05	1.82477621e-04	1.09455361e-04	0.00000000e+00
9.58            	1.25040781e-01	5.85454062e-05	1.83826496e-04	9.94726539e-05	0.00000000e+00
9.585           	2.27150094e-01	5.94869929e-05	1.85252581e-04	1.15494746e-04	0.00000000e+00
9.59            	3.12620852e-01	6.04183006e-05	1.86649462e-04	1.73421220e-04	0.00000000e+00
9.595           	1.49924044e-01	6.13398239e-05	1.87982140e-04	1.52557623e-04	0.00000000e+00
9.6             	1.61606529e-01	6.22651478e-05	1.89340242e-04	1.10609496e-04	0.00000000e+00
9.605           	1.32353394e-01	6.31932099e-05	1.90751997e-04	2.29598421e-04	0.00000000e+00
9.61            	2.07952670e-01	6.41038953e-05	1.92077613e-04	1.51515060e-04	0.00000000e+00
9.615           	3.55607761e-01	6.50261736e-05	1.93420679e-04	1.50606754e-04	0.00000000e+00
9.62            	1.24978903e-01	6.59487190e-05	1.94814380e-04	1.38937582e-04	0.00000000e+00
9.625           	2.11391198e-01	6.68502110e-05	1.96121691e-04	1.44991119e-04	0.00000000e+00
9.63            	2.50451191e-01	6.77670711e-05	1.97446139e-04	1.46329616e-04	0.00000000e+00
9.635           	8.16802948e-02	6.86836665e-05	1.98820676e-04	1.19246879e-04	0.00000000e+00
9.64            	3.81328136e-01	6.95932318e-05	2.00158373e-04	1.69713667e-04	0.00000000e+00
9.645           	2.13805533e-01	7.04931221e-05	2.01430608e-04	1.65538487e-04	0.00000000e+00
9.65            	1.02535893e-01	7.13838065e-05	2.02726254e-04	1.23444493e-04	0.00000000e+00
9.655           	1.04402419e-01	7.22902342e-05	2.04025596e-04	1.84706613e-04	0.00000000e+00
9.66            	2.12561339e-01	7.31980306e-05	2.05369910e-04	2.35581842e-04	0.00000000e+00
9.665           	2.28921894e-01	7.40968113e-05	2.06676375e-04	1.69101065e-04	0.00000000e+00
9.67            	1.14383064e-01	7.49826930e-05	2.07917859e-04	2.57131912e-04	0.00000000e+00
9.675           	7.23078126e-02	7.58708485e-05	2.09181882e-04	2.25442977e-04	0.00000000e+00
9.68            	1.02204894e-01	7.67493198e-05	2.10448860e-04	1.34831894e-04	0.00000000e+00
9.685           	6.44874111e-01	7.76317029e-05	2.11713309e-04	2.06360814e-04	0.00000000e+00
9.69            	1.65608726e-01	7.85202842e-05	2.12972262e-04	2.38987450e-04	0.00000000e+00
9.695           	1.22903007e-01	7.94028546e-05	2.14225379e-04	3.06537071e-04	0.00000000e+00
9.7             	1.26938765e-01	8.02813821e-05	2.15472075e-04	2.08394657e-04	0.00000000e+00
9.705           	1.98976919e-01	8.11602906e-05	2.16712368e-04	2.26661857e-04	0.00000000e+00
9.71            	1.01768488e-01	8.20413286e-05	2.17946201e-04	1.73805139e-04	0.00000000e+00
9.715           	3.64508513e-01	8.29078829e-05	2.19173251e-04	1.03553847e-04	0.00000000e+00
9.72            	9.97215845e-02	8.37629364e-05	2.20394609e-04	1.24977656e-04	0.00000000e+00
9.725           	2.36561289e-01	8.46464971e-05	2.21609357e-04	1.90291733e-04	0.00000000e+00
9.73            	2.70691562e-01	8.55133169e-05	2.22817618e-04	1.59170125e-04	0.00000000e+00
9.735           	1.04870457e-01	8.63755869e-05	2.24019431e-04	1.79211947e-04	0.00000000e+00
9.74            	1.06895835e-01	8.72271305e-05	2.25214850e-04	1.35474897e-04	0.00000000e+00
9.745           	1.63845619e-01	8.80785618e-05	2.26403827e-04	9.18304754e-05	0.00000000e+00
9.75            	1.74540078e-01	8.89301618e-05	2.27586425e-04	1.00402564e-04	0.00000000e+00
9.755           	1.16989638e-01	8.97838907e-05	2.28762309e-04	1.42923015e-04	0.00000000e+00
9.76            	9.28877068e-02	9.06305205e-05	2.29932223e-04	2.14409102e-04	0.00000000e+00
9.765           	1.07377481e-01	9.14782861e-05	2.31095162e-04	1.19824357e-04	0.00000000e+00
9.77            	1.21577500e-01	9.23089619e-05	2.32251636e-04	2.49538082e-04	0.00000000e+00
9.775           	3.09247141e-01	9.31485514e-05	2.33402260e-04	1.35674863e-04	0.00000000e+00
9.78            	1.31850667e-01	9.39941739e-05	2.34546758e-04	1.65794329e-04	0.00000000e+00
9.785           	9.86583458e-02	9.48359064e-05	2.35684529e-04	1.90643448e-04	0.00000000e+00
9.79            	1.58330358e-01	9.56791073e-05	2.36815684e-04	1.62242014e-04	0.00000000e+00
9.795           	3.54792539e-01	9.64935227e-05	2.37939689e-04	1.03642300e-04	0.00000000e+00
9.8             	1.46185859e-01	9.73131303e-05	2.39058193e-04	9.94101485e-05	0.00000000e+00
9.805           	2.40890355e-01	9.81507193e-05	2.40170073e-04	1.57396787e-04	0.00000000e+00
9.81            	2.30575567e-01	9.89625566e-05	2.41275842e-04	1.12477589e-04	0.00000000e+00
9.815           	2.03044418e-01	9.98027282e-05	2.42374886e-04	1.63072633e-04	0.00000000e+00
9.82            	2.47377538e-01	1.00606446e-04	2.43467173e-04	1.34789075e-04	0.00000000e+00
9.825           	2.06124562e-01	1.01425991e-04	2.44553481e-04	1.41930511e-04	0.00000000e+00
9.83            	1.96116922e-01	1.02242565e-04	2.45633215e-04	1.26953645e-04	0.00000000e+00
9.835           	1.03753308e-01	1.03051134e-04	2.46706483e-04	1.01055712e-04	0.00000000e+00
9.84            	2.58680304e-01	1.03873331e-04	2.47773249e-04	1.13495591e-04	0.00000000e+00
9.845           	2.48018899e-01	1.04667443e-04	2.48833234e-04	2.00001394e-04	0.00000000e+00
9.85            	1.33706181e-01	1.05456287e-04	2.49886905e-04	8.26652835e-05	0.00000000e+00
9.855           	1.06827809e-01	1.06263576e-04	2.50934775e-04	1.01040190e-04	0.00000000e+00
9.86            	3.40065723e-01	1.07076028e-04	2.51975933e-04	1.04737166e-04	0.00000000e+00
9.865           	4.68854164e-01	1.07875325e-04	2.53010561e-04	1.06017609e-04	0.00000000e+00
9.87            	5.04542997e-02	1.08664981e-04	2.54038666e-04	1.12442877e-04	0.00000000e+00
9.875           	1.63493813e-01	1.09430095e-04	2.55060072e-04	2.40661182e-04	0.00000000e+00
9.88            	1.34452340e-01	1.10218331e-04	2.56075569e-04	1.53028058e-04	0.00000000e+00
9.885           	1.99741041e-01	1.11005096e-04	2.57084017e-04	1.52750555e-04	0.00000000e+00
9.89            	1.33001961e-01	1.11786809e-04	2.58086807e-04	1.16341822e-04	0.00000000e+00
9.895           	1.69629979e-01	1.12578989e-04	2.59082915e-04	1.43908722e-04	0.00000000e+00
9.9             	1.81864344e-01	1.13355295e-04	2.60072480e-04	1.18841356e-04	0.00000000e+00
9.905           	1.23414318e-01	1.14117453e-04	2.61055107e-04	1.64527725e-04	0.00000000e+00
9.91            	1.27649818e-01	1.14866375e-04	2.62032174e-04	2.15944990e-04	0.00000000e+00
9.915           	9.67980070e-02	1.15654525e-04	2.63002560e-04	1.63805701e-04	0.00000000e+00
9.92            	1.42970871e-01	1.16414893e-04	2.63965944e-04	1.86215201e-04	0.00000000e+00
9.925           	6.55668590e-02	1.17157318e-04	2.64923413e-04	1.48018999e-04	0.00000000e+00
9.93            	1.92439811e-01	1.17928210e-04	2.65874416e-04	2.07258877e-04	0.00000000e+00
9.935           	1.21764646e-01	1.18669397e-04	2.66818903e-04	1.97467264e-04	0.00000000e+00
9.94            	2.87488167e-01	1.19435647e-04	2.67757066e-04	1.88878418e-04	0.00000000e+00
9.945           	2.26275304e-01	1.20190362e-04	2.68688851e-04	1.70861778e-04	0.00000000e+00
9.95            	1.05203540e-01	1.20939368e-04	2.69614241e-04	2.77947348e-04	0.00000000e+00
9.955           	2.87112719e-01	1.21684610e-04	2.70533775e-04	1.92718894e-04	0.00000000e+00
9.96            	1.77061470e-01	1.22438305e-04	2.71446512e-04	1.19380356e-04	0.00000000e+00
9.965           	2.53671616e-01	1.23166609e-04	2.72352786e-04	1.18739352e-04	0.00000000e+00
9.97            	1.56431125e-01	1.23914327e-04	2.73252616e-04	1.45746503e-04	0.00000000e+00
9.975           	1.15900369e-01	1.24640707e-04	2.74146037e-04	1.89502810e-04	0.00000000e+00
9.98            	3.98471199e-02	1.25368166e-04	2.75032553e-04	9.73474701e-05	0.00000000e+00
9.985           	1.04294597e-01	1.26095070e-04	2.75913037e-04	1.07731978e-04	0.00000000e+00
9.99            	9.26755332e-02	1.26819858e-04	2.76787821e-04	1.29061393e-04	0.00000000e+00
9.995           	2.10005788e-01	1.27558351e-04	2.77655875e-04	1.44418207e-04	0.00000000e+00
10              	5.86932441e-01	1.28267689e-04	2.78517456e-04	7.75251342e-05	0.00000000e+00
10.005          	1.30210395e-01	1.28980014e-04	2.79372111e-04	1.61846936e-04	0.00000000e+00
10.01           	1.64117335e-01	1.29692415e-04	2.80220752e-04	2.13307809e-04	0.00000000e+00
10.015          	1.81058472e-01	1.30398681e-04	2.81063729e-04	1.37804296e-04	0.00000000e+00
10.02           	1.17655872e-01	1.31126309e-04	2.81899956e-04	1.21014827e-04	0.00000000e+00
10.025          	2.13152067e-01	1.31800665e-04	2.82728835e-04	1.17784835e-04	0.00000000e+00
10.03           	1.49833295e-01	1.32497074e-04	2.83552949e-04	1.18759837e-04	0.00000000e+00
10.035          	3.04910702e-01	1.33223705e-04	2.84370196e-04	1.56544881e-04	0.00000000e+00
10.04           	1.49516433e-01	1.33895621e-04	2.85180494e-04	1.24521953e-04	0.00000000e+00
10.045          	2.13722683e-01	1.34601971e-04	2.85985357e-04	1.57522428e-04	0.00000000e+00
10.05           	3.83444801e-01	1.35310197e-04	2.86783613e-04	1.59799493e-04	0.00000000e+00
10.055          	1.58256069e-01	1.36008405e-04	2.87575433e-04	1.54435549e-04	0.00000000e+00
10.06           	1.43256411e-01	1.36675678e-04	2.88360534e-04	1.39728358e-04	0.00000000e+00
10.065          	1.95565967e-01	1.37356446e-04	2.89139587e-04	1.44177705e-04	0.00000000e+00
10.07           	2.92440133e-01	1.38035282e-04	2.89912395e-04	1.98031792e-04	0.00000000e+00
10.075          	9.95883742e-02	1.38688795e-04	2.90678994e-04	1.22658878e-04	0.00000000e+00
10.08           	3.35856929e-01	1.39377432e-04	2.91439724e-04	1.66324552e-04	0.00000000e+00
10.085          	3.45676636e-01	1.40070280e-04	2.92193866e-04	1.54990968e-04	0.00000000e+00
10.09           	1.92828575e-01	1.40727969e-04	2.92941644e-04	2.37382359e-04	0.00000000e+00
10.095          	1.72218285e-01	1.41383609e-04	2.93683143e-04	2.50340005e-04	0.00000000e+00
10.1            	2.76945116e-01	1.42048100e-04	2.94418388e-04	3.04983202e-04	0.00000000e+00
10.105          	3.36449614e-01	1.42725557e-04	2.95147326e-04	2.37253511e-04	0.00000000e+00
10.11           	2.27186939e-01	1.43364044e-04	2.95869422e-04	3.03995482e-04	0.00000000e+00
10.115          	1.77556048e-01	1.43998007e-04	2.96586328e-04	2.55043957e-04	0.00000000e+00
10.12           	1.29069437e-01	1.44678758e-04	2.97296676e-04	3.36346471e-04	0.00000000e+00
10.125          	1.38644514e-01	1.45316822e-04	2.98000747e-04	2.66531503e-04	0.00000000e+00
10.13           	2.52578925e-01	1.45972496e-04	2.98698503e-04	2.86340799e-04	0.00000000e+00
10.135          	5.85846555e-02	1.46584496e-04	2.99389482e-04	1.78763445e-04	0.00000000e+00
10.14           	1.18993221e-01	1.47231391e-04	3.00075256e-04	2.19507376e-04	0.00000000e+00
10.145          	1.11912408e-01	1.47870603e-04	3.00754127e-04	2.85928480e-04	0.00000000e+00
10.15           	1.49729421e-01	1.48499375e-04	3.01426999e-04	3.10128246e-04	0.00000000e+00
10.155          	1.75285765e-01	1.49132383e-04	3.02093718e-04	2.69828412e-04	0.00000000e+00
10.16           	3.50154440e-01	1.49734981e-04	3.02754781e-04	2.98321797e-04	0.00000000e+00
10.165          	2.69870508e-01	1.50394205e-04	3.03409343e-04	2.58233225e-04	0.00000000e+00
10.17           	1.59642164e-01	1.51002599e-04	3.04057648e-04	2.71778067e-04	0.00000000e+00
10.175          	1.19547347e-01	1.51619636e-04	3.04699800e-04	2.59182355e-04	0.00000000e+00
10.18           	1.65237815e-01	1.52249294e-04	3.05335760e-04	2.84246043e-04	0.00000000e+00
10.185          	1.48393677e-01	1.52865758e-04	3.05965584e-04	2.15148368e-04	0.00000000e+00
10.19           	1.48105818e-01	1.53475818e-04	3.06589280e-04	2.46816696e-04	0.00000000e+00
10.195          	3.81833460e-01	1.54067319e-04	3.07206845e-04	2.49152634e-04	0.00000000e+00
10.2            	1.09632561e-01	1.54663731e-04	3.07818309e-04	2.49187027e-04	0.00000000e+00
10.205          	2.58043173e-01	1.55262370e-04	3.08423192e-04	1.75199528e-04	0.00000000e+00
10.21           	2.09626925e-01	1.55837464e-04	3.09022782e-04	1.88629846e-04	0.00000000e+00
10.215          	1.34062928e-01	1.56464534e-04	3.09616037e-04	2.33437758e-04	0.00000000e+00
10.22           	1.21575967e-01	1.57040997e-04	3.10203145e-04	2.81868697e-04	0.00000000e+00
10.225          	2.10119224e-01	1.57627460e-04	3.10784191e-04	1.72463384e-04	0.00000000e+00
10.23           	6.17918274e-02	1.58227628e-04	3.11359131e-04	2.19848494e-04	0.00000000e+00
10.235          	2.66577382e-01	1.58814143e-04	3.11928004e-04	1.50641995e-04	0.00000000e+00
10.24           	3.30388324e-01	1.59373782e-04	3.12490887e-04	2.17540979e-04	0.00000000e+00
10.245          	1.61990241e-01	1.59968392e-04	3.13047666e-04	2.04175379e-04	0.00000000e+00
10.25           	1.50502427e-01	1.60504642e-04	3.13597332e-04	1.63639307e-04	0.00000000e+00
10.255          	9.17234014e-02	1.61386020e-04	3.14142389e-04	2.34348316e-04	0.00000000e+00
10.26           	1.79507609e-01	1.62053887e-04	3.14680585e-04	1.92272490e-04	0.00000000e+00
10.265          	1.21530805e-01	1.62655412e-04	3.15214320e-04	3.09193413e-04	0.00000000e+00
10.27           	4.28091491e-01	1.62934535e-04	3.15741399e-04	2.70037795e-04	0.00000000e+00
10.275          	1.38578962e-01	1.63383070e-04	3.16261803e-04	1.85333437e-04	0.00000000e+00
10.28           	4.30370420e-02	1.64202988e-04	3.16776524e-04	2.24996460e-04	0.00000000e+00
10.285          	3.44705479e-01	1.64538711e-04	3.17285810e-04	1.79716126e-04	0.00000000e+00
10.29           	1.99336505e-01	1.65013844e-04	3.17788869e-04	1.87204134e-04	0.00000000e+00
10.295          	1.86144594e-01	1.65530447e-04	3.18285398e-04	1.70349499e-04	0.00000000e+00
10.3            	1.93641142e-01	1.66062807e-04	3.18776290e-04	1.56593821e-04	0.00000000e+00
10.305          	1.05050457e-01	1.66598285e-04	3.19261335e-04	2.67338047e-04	0.00000000e+00
10.31           	1.28324433e-01	1.67440335e-04	3.19739866e-04	1.83886520e-04	0.00000000e+00
10.315          	2.13801051e-01	1.67792436e-04	3.20214115e-04	1.11939662e-04	0.00000000e+00
10.32           	1.41691490e-01	1.68238993e-04	3.20681147e-04	1.90278780e-04	0.00000000e+00
10.325          	1.40268563e-01	1.69040579e-04	3.21142763e-04	2.52929089e-04	0.00000000e+00
10.33           	3.26995214e-01	1.69346745e-04	3.21598478e-04	2.32038380e-04	0.00000000e+00
10.335          	1.50870235e-01	1.69800835e-04	3.22048773e-04	1.44817674e-04	0.00000000e+00
10.34           	7.66535823e-02	1.70288748e-04	3.22492191e-04	1.26905331e-04	0.00000000e+00
10.345          	2.49480359e-01	1.71105938e-04	3.22930146e-04	1.51809322e-04	0.00000000e+00
10.35           	1.54239487e-01	1.71404500e-04	3.23362574e-04	2.56238645e-04	0.00000000e+00
10.355          	1.10977276e-01	1.72154363e-04	3.23788404e-04	1.13204556e-04	0.00000000e+00
10.36           	3.76895454e-01	1.72448052e-04	3.24210041e-04	2.57984354e-04	0.00000000e+00
10.365          	3.86376672e-01	1.72857508e-04	3.24624729e-04	3.34020693e-04	0.00000000e+00
10.37           	1.15061244e-01	1.73633127e-04	3.25033589e-04	1.73504397e-04	0.00000000e+00
10.375          	1.35227926e-01	1.74220707e-04	3.25437553e-04	2.32525043e-04	0.00000000e+00
10.38           	1.42956865e-01	1.74438880e-04	3.25835324e-04	3.03375524e-04	0.00000000e+00
10.385          	1.50189432e-01	1.74860292e-04	3.26227163e-04	1.52591685e-04	0.00000000e+00
10.39           	1.33266740e-01	1.75608279e-04	3.26612553e-04	1.24811320e-04	0.00000000e+00
10.395          	1.57086855e-01	1.75867980e-04	3.26992666e-04	1.14574529e-04	0.00000000e+00
10.4            	5.94185382e-01	1.76268276e-04	3.27367929e-04	1.91109074e-04	0.00000000e+00
10.405          	1.04841484e-01	1.76726131e-04	3.27737054e-04	1.42943364e-04	0.00000000e+00
10.41           	1.35549874e-01	1.77191991e-04	3.28099636e-04	1.69040280e-04	0.00000000e+00
10.415          	5.15807498e-01	1.77660022e-04	3.28456965e-04	1.76327386e-04	0.00000000e+00
10.42           	1.15719102e-01	1.78126635e-04	3.28808750e-04	2.23081366e-04	0.00000000e+00
10.425          	1.96299134e-01	1.78899095e-04	3.29155688e-04	1.70302806e-04	0.00000000e+00
10.43           	7.76095160e-02	1.79154165e-04	3.29495957e-04	1.55528187e-04	0.00000000e+00
10.435          	1.77238223e-01	1.79852257e-04	3.29831330e-04	2.40385894e-04	0.00000000e+00
10.44           	1.22001450e-01	1.80077527e-04	3.30160764e-04	2.92893056e-04	0.00000000e+00
10.445          	2.55178846e-01	1.80445831e-04	3.30484488e-04	2.02987076e-04	0.00000000e+00
10.45           	3.48256124e-01	1.80868729e-04	3.30802610e-04	2.05756555e-04	0.00000000e+00
10.455          	2.24532629e-01	1.81329709e-04	3.31115108e-04	2.48483885e-04	0.00000000e+00
10.46           	1.26765464e-01	1.82081319e-04	3.31422046e-04	1.80759094e-04	0.00000000e+00
10.465          	2.63726548e-01	1.82298324e-04	3.31723457e-04	3.24943310e-04	0.00000000e+00
10.47           	1.60703282e-01	1.82680815e-04	3.32019292e-04	2.32156022e-04	0.00000000e+00
10.475          	1.89265426e-01	1.83102472e-04	3.32309581e-04	3.23713584e-04	0.00000000e+00
10.48           	2.21203333e-01	1.83528811e-04	3.32594305e-04	3.28113222e-04	0.00000000e+00
10.485          	9.69234440e-02	1.84231408e-04	3.32872822e-04	3.10657085e-04	0.00000000e+00
10.49           	2.79215681e-01	1.84746576e-04	3.33146299e-04	3.33990336e-04	0.00000000e+00
10.495          	1.46777591e-01	1.85217423e-04	3.33415224e-04	2.45447318e-04	0.00000000e+00
10.5            	1.80015221e-01	1.85325472e-04	3.33678232e-04	3.50001177e-04	0.00000000e+00
10.505          	4.12344436e-01	1.85639548e-04	3.33935106e-04	3.32323778e-04	0.00000000e+00
10.51           	4.24553406e-01	1.86341139e-04	3.34186808e-04	4.02633955e-04	0.00000000e+00
10.515          	1.96526906e-01	1.86520975e-04	3.34433182e-04	3.56131242e-04	0.00000000e+00
10.52           	1.33137711e-01	1.87154603e-04	3.34673426e-04	2.93504716e-04	0.00000000e+00
10.525          	7.93796703e-02	1.87632587e-04	3.34909297e-04	2.21557758e-04	0.00000000e+00
10.53           	1.03851230e-01	1.87748493e-04	3.35139580e-04	2.58578489e-04	0.00000000e+00
10.535          	1.30336919e-01	1.88051044e-04	3.35364413e-04	3.26902750e-04	0.00000000e+00
10.54           	2.61489580e-01	1.88413029e-04	3.35583851e-04	2.80784016e-04	0.00000000e+00
10.545          	1.93627981e-01	1.89115422e-04	3.35797899e-04	2.97033937e-04	0.00000000e+00
10.55           	3.54590792e-01	1.89582075e-04	3.36006100e-04	2.30747157e-04	0.00000000e+00
10.555          	2.97135832e-01	1.90015231e-04	3.36210597e-04	1.82049115e-04	0.00000000e+00
10.56           	1.64669565e-01	1.90388659e-04	3.36409033e-04	3.05478394e-04	0.00000000e+00
10.565          	1.25682950e-01	1.90788822e-04	3.36601922e-04	1.58192895e-04	0.00000000e+00
10.57           	2.21266412e-01	1.91164452e-04	3.36788669e-04	1.82729333e-04	0.00000000e+00
10.575          	3.70899587e-01	1.91212524e-04	3.36971364e-04	3.11082954e-04	0.00000000e+00
10.58           	3.54765157e-01	1.91796057e-04	3.37148453e-04	1.60216209e-04	0.00000000e+00
10.585          	8.76747185e-02	1.92229483e-04	3.37319394e-04	2.58585062e-04	0.00000000e+00
10.59           	2.54512937e-01	1.92594691e-04	3.37485040e-04	1.62037271e-04	0.00000000e+00
10.595          	1.23574929e-01	1.92979715e-04	3.37646748e-04	1.48928968e-04	0.00000000e+00
10.6            	1.17984581e-01	1.93336114e-04	3.37803440e-04	1.77541232e-04	0.00000000e+00
10.605          	1.71195406e-01	1.93384814e-04	3.37954433e-04	2.11915827e-04	0.00000000e+00
10.61           	1.26436713e-01	1.93942010e-04	3.38100106e-04	1.35940678e-04	0.00000000e+00
10.615          	3.06924682e-01	1.94357091e-04	3.38239985e-04	1.73343083e-04	0.00000000e+00
10.62           	1.24149209e-01	1.94418932e-04	3.38375603e-04	1.73837316e-04	0.00000000e+00
10.625          	4.08559409e-01	1.94962195e-04	3.38505846e-04	2.03039077e-04	0.00000000e+00
10.63           	1.19554653e-01	1.95365488e-04	3.38630276e-04	3.26953341e-04	0.00000000e+00
10.635          	3.34816731e-01	1.95423640e-04	3.38750520e-04	2.50048600e-04	0.00000000e+00
10.64           	1.68994255e-01	1.95964777e-04	3.38865412e-04	2.83649784e-04	0.00000000e+00
10.645          	1.33753863e-01	1.96354220e-04	3.38975081e-04	2.61771600e-04	0.00000000e+00
10.65           	1.98396126e-01	1.96698014e-04	3.39078901e-04	3.22075483e-04	0.00000000e+00
10.655          	1.33965968e-01	1.97027405e-04	3.39178410e-04	2.60662386e-04	0.00000000e+00
10.66           	1.43193237e-01	1.97345461e-04	3.39273391e-04	3.07644497e-04	0.00000000e+00
10.665          	3.92130676e-01	1.97664542e-04	3.39362238e-04	2.53479401e-04	0.00000000e+00
10.67           	1.42839186e-01	1.97958154e-04	3.39446452e-04	1.86484342e-04	0.00000000e+00
10.675          	1.18604675e-01	1.97978222e-04	3.39526565e-04	3.39566335e-04	0.00000000e+00
10.68           	1.01332294e-01	1.98490980e-04	3.39600668e-04	3.69495754e-04	0.00000000e+00
10.685          	2.65767021e-01	1.98832397e-04	3.39670550e-04	2.56770112e-04	0.00000000e+00
10.69           	1.20675236e-01	1.99166521e-04	3.39735125e-04	3.75198652e-04	0.00000000e+00
10.695          	1.64147896e-01	1.99478286e-04	3.39793920e-04	3.24992417e-04	0.00000000e+00
10.7            	1.65312972e-01	1.99776938e-04	3.39848496e-04	2.51504553e-04	0.00000000e+00
10.705          	1.37818650e-01	2.00059850e-04	3.39898705e-04	3.28062099e-04	0.00000000e+00
10.71           	3.78736416e-01	2.00343830e-04	3.39943626e-04	3.82536221e-04	0.00000000e+00
10.715          	1.51427607e-01	2.00628617e-04	3.39982967e-04	2.77130876e-04	0.00000000e+00
10.72           	1.16648791e-01	2.00906244e-04	3.40017556e-04	2.38306850e-04	0.00000000e+00
10.725          	1.99663678e-01	2.01185168e-04	3.40047763e-04	2.65359973e-04	0.00000000e+00
10.73           	4.19126446e-01	2.01456781e-04	3.40072804e-04	2.99072016e-04	0.00000000e+00
10.735          	3.85715711e-01	2.01729591e-04	3.40093393e-04	2.51504780e-04	0.00000000e+00
10.74           	1.31581016e-01	2.02001204e-04	3.40108826e-04	2.80151915e-04	0.00000000e+00
10.745          	1.68569928e-01	2.02261487e-04	3.40120369e-04	2.26134449e-04	0.00000000e+00
10.75           	2.76355386e-01	2.02528201e-04	3.40126049e-04	2.70831084e-04	0.00000000e+00
10.755          	1.11518999e-01	2.02788316e-04	3.40127179e-04	2.50815121e-04	0.00000000e+00
10.76           	1.66346242e-01	2.02742936e-04	3.40124154e-04	1.92666218e-04	0.00000000e+00
10.765          	2.51356341e-01	2.03196422e-04	3.40116040e-04	3.14597466e-04	0.00000000e+00
10.77           	3.49149004e-01	2.03490200e-04	3.40102526e-04	2.58158455e-04	0.00000000e+00
10.775          	1.45055770e-01	2.03767670e-04	3.40084620e-04	2.32078138e-04	0.00000000e+00
10.78           	1.75843571e-01	2.03726786e-04	3.40062666e-04	1.92515338e-04	0.00000000e+00
10.785          	1.27291598e-01	2.04173537e-04	3.40035695e-04	3.31354503e-04	0.00000000e+00
10.79           	4.21619445e-01	2.04481122e-04	3.40003933e-04	1.87735411e-04	0.00000000e+00
10.795          	8.48147281e-02	2.04730981e-04	3.39966917e-04	2.94410963e-04	0.00000000e+00
10.8            	1.10475241e-01	2.04967625e-04	3.39926180e-04	2.53930604e-04	0.00000000e+00
10.805          	1.20295939e-01	2.05196962e-04	3.39879756e-04	1.84433804e-04	0.00000000e+00
10.81           	1.53396188e-01	2.05422418e-04	3.39829403e-04	1.89400469e-04	0.00000000e+00
10.815          	1.48948743e-01	2.05630122e-04	3.39775010e-04	1.94937668e-04	0.00000000e+00
10.82           	1.36285286e-01	2.05862431e-04	3.39714838e-04	1.89814071e-04	0.00000000e+00
10.825          	1.35119415e-01	2.06084854e-04	3.39650743e-04	2.10043050e-04	0.00000000e+00
10.83           	1.82727357e-01	2.06279178e-04	3.39581282e-04	3.39648140e-04	0.00000000e+00
10.835          	1.34331748e-01	2.06195844e-04	3.39509152e-04	2.71873978e-04	0.00000000e+00
10.84           	3.27656892e-01	2.06614502e-04	3.39431202e-04	2.21398797e-04	0.00000000e+00
10.845          	1.98226627e-01	2.06888243e-04	3.39348883e-04	3.28990737e-04	0.00000000e+00
10.85           	1.66507557e-01	2.07106321e-04	3.39262664e-04	3.63712390e-04	0.00000000e+00
10.855          	1.62916195e-01	2.07306856e-04	3.39171569e-04	2.26640383e-04	0.00000000e+00
10.86           	5.48743172e-01	2.07203388e-04	3.39075897e-04	1.73509433e-04	0.00000000e+00
10.865          	3.17402141e-01	2.07585213e-04	3.38974962e-04	2.79560643e-04	0.00000000e+00
10.87           	1.04381103e-01	2.07549221e-04	3.38870922e-04	2.58840020e-04	0.00000000e+00
10.875          	2.20727558e-01	2.07969262e-04	3.38761534e-04	2.52970691e-04	0.00000000e+00
10.88           	1.91446126e-01	2.08229250e-04	3.38647984e-04	2.57847973e-04	0.00000000e+00
10.885          	3.02064366e-01	2.08127059e-04	3.38530676e-04	2.37846319e-04	0.00000000e+00
10.89           	7.03175360e-02	2.08517107e-04	3.38407856e-04	2.30037443e-04	0.00000000e+00
10.895          	1.18140501e-01	2.08744538e-04	3.38280531e-04	1.46146468e-04	0.00000000e+00
10.9            	1.65817156e-01	2.08946045e-04	3.38150700e-04	1.67475123e-04	0.00000000e+00
10.905          	9.31466618e-02	2.08829605e-04	3.38015838e-04	2.69159929e-04	0.00000000e+00
10.91           	4.22245614e-01	2.09183703e-04	3.37876424e-04	1.65697490e-04	0.00000000e+00
10.915          	9.59604387e-02	2.09424258e-04	3.37731809e-04	2.04754894e-04	0.00000000e+00
10.92           	2.03291900e-01	2.09604809e-04	3.37583638e-04	1.47236612e-04	0.00000000e+00
10.925          	5.09336756e-01	2.09772143e-04	3.37431797e-04	1.76816274e-04	0.00000000e+00
10.93           	1.53227497e-01	2.09913443e-04	3.37273967e-04	2.93603699e-04	0.00000000e+00
10.935          	5.51034382e-01	2.10077288e-04	3.37114027e-04	2.63150559e-04	0.00000000e+00
10.94           	1.02113817e-01	2.10222491e-04	3.36948658e-04	2.09703467e-04	0.00000000e+00
10.945          	1.43193932e-01	2.10370099e-04	3.36779001e-04	2.48787065e-04	0.00000000e+00
10.95           	1.19199887e-01	2.10506046e-04	3.36605342e-04	2.88286901e-04	0.00000000e+00
10.955          	1.32474592e-01	2.10351561e-04	3.36428396e-04	2.03844992e-04	0.00000000e+00
10.96           	1.46636879e-01	2.10673283e-04	3.36245430e-04	3.01651273e-04	0.00000000e+00
10.965          	1.37303322e-01	2.10878019e-04	3.36059810e-04	2.11617434e-04	0.00000000e+00
10.97           	1.10119453e-01	2.11031624e-04	3.35869794e-04	2.87330656e-04	0.00000000e+00
10.975          	1.58825797e-01	2.11156973e-04	3.35675590e-04	3.62294648e-04	0.00000000e+00
10.98           	1.55009171e-01	2.10989622e-04	3.35477780e-04	2.36602405e-04	0.00000000e+00
10.985          	1.60161064e-01	2.11305182e-04	3.35274715e-04	1.96659364e-04	0.00000000e+00
10.99           	1.24187467e-01	2.11495012e-04	3.35067975e-04	3.06021486e-04	0.00000000e+00
10.995          	1.92487938e-01	2.11627301e-04	3.34857551e-04	2.36278595e-04	0.00000000e+00
11              	1.12370455e-01	2.11454419e-04	3.34643520e-04	3.51886502e-04	0.00000000e+00
11.005          	3.90767095e-01	2.11446750e-04	3.34425062e-04	2.69595336e-04	0.00000000e+00
11.01           	1.59269638e-01	2.11539616e-04	3.34202443e-04	3.45958490e-04	0.00000000e+00
11.015          	9.98309625e-02	2.11928587e-04	3.33974450e-04	2.74712608e-04	0.00000000e+00
11.02           	1.76480040e-01	2.12124788e-04	3.33743891e-04	2.55103841e-04	0.00000000e+00
11.025          	3.85488574e-01	2.12263302e-04	3.33509562e-04	3.08797092e-04	0.00000000e+00
11.03           	2.53015714e-01	2.12362972e-04	3.33270836e-04	2.22567029e-04	0.00000000e+00
11.035          	1.47813827e-01	2.12465109e-04	3.33028540e-04	3.47947477e-04	0.00000000e+00
11.04           	1.18581693e-01	2.12549751e-04	3.32782748e-04	2.99863550e-04	0.00000000e+00
11.045          	4.21689882e-01	2.12321353e-04	3.32532075e-04	2.84058277e-04	0.00000000e+00
11.05           	1.25501345e-01	2.12614294e-04	3.32278306e-04	4.26196659e-04	0.00000000e+00
11.055          	1.84216187e-01	2.12451957e-04	3.32020367e-04	3.20010947e-04	0.00000000e+00
11.06           	9.59499682e-02	2.12472673e-04	3.31758449e-04	2.69940866e-04	0.00000000e+00
11.065          	4.86532030e-01	2.12529911e-04	3.31492665e-04	4.22248856e-04	0.00000000e+00
11.07           	2.82454083e-01	2.12886252e-04	3.31222273e-04	3.40512203e-04	0.00000000e+00
11.075          	1.24904404e-01	2.13049934e-04	3.30948066e-04	2.86427586e-04	0.00000000e+00
11.08           	2.03790813e-01	2.13154943e-04	3.30671140e-04	2.83510014e-04	0.00000000e+00
11.085          	1.48585542e-01	2.13231737e-04	3.30391003e-04	2.58656678e-04	0.00000000e+00
11.09           	1.40503583e-01	2.13290535e-04	3.30106551e-04	4.64663914e-04	0.00000000e+00
11.095          	2.03038342e-01	2.13027642e-04	3.29817589e-04	3.21224594e-04	0.00000000e+00
11.1            	1.67553659e-01	2.13296807e-04	3.29524962e-04	3.80465587e-04	0.00000000e+00
11.105          	3.23300431e-01	2.13101326e-04	3.29229654e-04	3.45829202e-04	0.00000000e+00
11.11           	2.03107504e-01	2.13107026e-04	3.28930203e-04	2.87120108e-04	0.00000000e+00
11.115          	2.72013305e-01	2.13140531e-04	3.28626916e-04	4.28439758e-04	0.00000000e+00
11.12           	1.81100763e-01	2.13151891e-04	3.28319909e-04	3.69491711e-04	0.00000000e+00
11.125          	4.73531959e-01	2.13181123e-04	3.28009231e-04	3.53088548e-04	0.00000000e+00
11.13           	1.24039591e-01	2.13241103e-04	3.27694881e-04	3.64387823e-04	0.00000000e+00
11.135          	1.22227322e-01	2.13285069e-04	3.27376939e-04	4.15716078e-04	0.00000000e+00
11.14           	9.31954101e-02	2.13299748e-04	3.27055379e-04	3.36793560e-04	0.00000000e+00
11.145          	1.48407371e-01	2.13354446e-04	3.26730216e-04	2.89862182e-04	0.00000000e+00
11.15           	1.53640345e-01	2.13361721e-04	3.26400930e-04	2.85647922e-04	0.00000000e+00
11.155          	3.78532203e-01	2.13690274e-04	3.26067670e-04	3.87377824e-04	0.00000000e+00
11.16           	4.68087579e-01	2.13493445e-04	3.25732816e-04	3.31323479e-04	0.00000000e+00
11.165          	1.56101319e-01	2.13451340e-04	3.25393759e-04	2.89510734e-04	0.00000000e+00
11.17           	2.17888810e-01	2.13470972e-04	3.25050935e-04	2.69510079e-04	0.00000000e+00
11.175          	1.33380689e-01	2.13457570e-04	3.24704009e-04	1.36818463e-04	0.00000000e+00
11.18           	2.22805477e-01	2.13777431e-04	3.24353942e-04	1.74921127e-04	0.00000000e+00
11.185          	1.17669617e-01	2.13889139e-04	3.24001053e-04	2.59998331e-04	0.00000000e+00
11.19           	2.24446335e-01	2.13647783e-04	3.23644403e-04	2.00694726e-04	0.00000000e+00
11.195          	1.86457863e-01	2.13850871e-04	3.23284191e-04	2.40454532e-04	0.00000000e+00
11.2            	2.19931938e-01	2.13917468e-04	3.22919972e-04	2.29975160e-04	0.00000000e+00
11.205          	2.77580837e-01	2.13619664e-04	3.22553202e-04	1.68769690e-04	0.00000000e+00
11.21           	1.30444124e-01	2.13547927e-04	3.22182828e-04	1.37540781e-04	0.00000000e+00
11.215          	1.92988743e-01	2.13805622e-04	3.21808219e-04	1.54306690e-04	0.00000000e+00
11.22           	8.67760143e-02	2.13603912e-04	3.21431488e-04	1.44441493e-04	0.00000000e+00
11.225          	1.91782245e-01	2.13528951e-04	3.21051056e-04	1.72745053e-04	0.00000000e+00
11.23           	4.25023731e-01	2.13486606e-04	3.20667172e-04	1.06988721e-04	0.00000000e+00
11.235          	1.24402130e-01	2.13467850e-04	3.20279930e-04	1.31056144e-04	0.00000000e+00
11.24           	1.99713191e-01	2.13725677e-04	3.19888610e-04	1.30418428e-04	0.00000000e+00
11.245          	1.05587319e-01	2.13479323e-04	3.19495265e-04	1.15162051e-04	0.00000000e+00
11.25           	4.39154336e-01	2.13417616e-04	3.19098305e-04	1.46801167e-04	0.00000000e+00
11.255          	1.21558668e-01	2.13346405e-04	3.18697216e-04	1.83757793e-04	0.00000000e+00
11.26           	2.02962429e-01	2.13302145e-04	3.18293353e-04	1.19304793e-04	0.00000000e+00
11.265          	5.03994982e-01	2.13257665e-04	3.17887152e-04	1.08727307e-04	0.00000000e+00
11.27           	1.49942253e-01	2.13220788e-04	3.17477320e-04	1.22774045e-04	0.00000000e+00
11.275          	1.35766937e-01	2.13219385e-04	3.17064131e-04	1.58572076e-04	0.00000000e+00
11.28           	2.68477853e-01	2.13467955e-04	3.16647705e-04	1.61594770e-04	0.00000000e+00
11.285          	1.36277312e-01	2.13519681e-04	3.16227319e-04	2.32572926e-04	0.00000000e+00
11.29           	1.64389917e-01	2.13195493e-04	3.15805067e-04	1.96661948e-04	0.00000000e+00
11.295          	3.47512659e-01	2.13050680e-04	3.15379329e-04	2.67189621e-04	0.00000000e+00
11.3            	1.40573276e-01	2.13005023e-04	3.14950355e-04	1.84793575e-04	0.00000000e+00
11.305          	1.07557946e-01	2.12924204e-04	3.14517714e-04	1.87986261e-04	0.00000000e+00
11.31           	3.99844762e-01	2.12852224e-04	3.14082320e-04	2.64650404e-04	0.00000000e+00
11.315          	1.51024413e-01	2.12796009e-04	3.13644482e-04	1.50416413e-04	0.00000000e+00
11.32           	2.19277547e-01	2.12757943e-04	3.13203250e-04	1.78253585e-04	0.00000000e+00
11.325          	1.06414497e-01	2.12672861e-04	3.12758880e-04	1.86019643e-04	0.00000000e+00
11.33           	2.18929363e-01	2.12629209e-04	3.12311453e-04	1.56775765e-04	0.00000000e+00
11.335          	2.06162107e-01	2.12848781e-04	3.11859740e-04	1.41849121e-04	0.00000000e+00
11.34           	1.28811198e-01	2.12873573e-04	3.11407120e-04	1.60263716e-04	0.00000000e+00
11.345          	3.31485120e-01	2.12526357e-04	3.10950460e-04	1.01342254e-04	0.00000000e+00
11.35           	8.70609882e-02	2.12360443e-04	3.10491488e-04	2.26750501e-04	0.00000000e+00
11.355          	1.51396521e-01	2.12281679e-04	3.10029264e-04	1.23407647e-04	0.00000000e+00
11.36           	2.58977286e-01	2.12164215e-04	3.09563978e-04	1.63330295e-04	0.00000000e+00
11.365          	1.32635335e-01	2.12066443e-04	3.09095034e-04	2.15034122e-04	0.00000000e+00
11.37           	5.03791459e-01	2.11983271e-04	3.08623651e-04	1.53379339e-04	0.00000000e+00
11.375          	1.08000927e-01	2.11888689e-04	3.08149531e-04	1.55508560e-04	0.00000000e+00
11.38           	1.06804625e-01	2.12105907e-04	3.07672799e-04	2.07456207e-04	0.00000000e+00
11.385          	3.67124682e-01	2.12113624e-04	3.07192347e-04	1.02030340e-04	0.00000000e+00
11.39           	1.64994429e-01	2.12050780e-04	3.06709995e-04	1.98696513e-04	0.00000000e+00
11.395          	1.39850614e-01	2.11653927e-04	3.06225341e-04	1.65254239e-04	0.00000000e+00
11.4            	1.39447614e-01	2.11459950e-04	3.05737314e-04	2.42166996e-04	0.00000000e+00
11.405          	1.39866388e-01	2.11328597e-04	3.05246294e-04	2.05245443e-04	0.00000000e+00
11.41           	1.89448993e-01	2.11243087e-04	3.04752431e-04	1.99317354e-04	0.00000000e+00
11.415          	6.41994246e-01	2.11411155e-04	3.04255238e-04	1.18656783e-04	0.00000000e+00
11.42           	1.73520724e-01	2.11114394e-04	3.03756139e-04	1.99441721e-04	0.00000000e+00
11.425          	1.87641378e-01	2.11216045e-04	3.03252847e-04	1.47787228e-04	0.00000000e+00
11.43           	4.05801653e-01	2.10902178e-04	3.02748800e-04	2.72670625e-04	0.00000000e+00
11.435          	4.68682876e-01	2.10712100e-04	3.02241460e-04	2.28120511e-04	0.00000000e+00
11.44           	3.88696420e-01	2.10546476e-04	3.01730723e-04	1.75481635e-04	0.00000000e+00
11.445          	5.43884431e-01	2.10409357e-04	3.01217575e-04	1.88259551e-04	0.00000000e+00
11.45           	1.13143459e-01	2.10575910e-04	3.00701837e-04	1.43277431e-04	0.00000000e+00
11.455          	3.39618304e-01	2.10240891e-04	3.00183472e-04	1.45176695e-04	0.00000000e+00
11.46           	1.42667899e-01	2.10050450e-04	2.99662968e-04	2.09064781e-04	0.00000000e+00
11.465          	1.14473443e-01	2.09927658e-04	2.99139506e-04	2.37620660e-04	0.00000000e+00
11.47           	4.87204658e-01	2.09796705e-04	2.98613331e-04	1.47185978e-04	0.00000000e+00
11.475          	1.58017379e-01	2.09926695e-04	2.98083995e-04	2.01320151e-04	0.00000000e+00
11.48           	2.00878086e-01	2.09573561e-04	2.97552924e-04	2.93394362e-04	0.00000000e+00
11.485          	1.54639463e-01	2.09366890e-04	2.97018346e-04	2.56773347e-04	0.00000000e+00
11.49           	6.34547162e-02	2.09195093e-04	2.96482285e-04	1.45263968e-04	0.00000000e+00
11.495          	1.67083056e-01	2.09042410e-04	2.95942889e-04	2.36891639e-04	0.00000000e+00
11.5            	1.43447927e-01	2.08899630e-04	2.95401661e-04	2.01937002e-04	0.00000000e+00
11.505          	3.05341134e-01	2.08772906e-04	2.94857646e-04	2.30482574e-04	0.00000000e+00
11.51           	5.15800839e-01	2.08599627e-04	2.94311063e-04	1.45527879e-04	0.00000000e+00
11.515          	1.31255064e-01	2.08435829e-04	2.93761277e-04	2.28784651e-04	0.00000000e+00
11.52           	2.18008144e-01	2.08276125e-04	2.93210191e-04	1.34397054e-04	0.00000000e+00
11.525          	1.97078667e-01	2.08125369e-04	2.92656329e-04	2.54629941e-04	0.00000000e+00
11.53           	1.66987491e-01	2.07957564e-04	2.92099916e-04	2.28944803e-04	0.00000000e+00
11.535          	4.66565952e-01	2.07801223e-04	2.91541039e-04	1.89712257e-04	0.00000000e+00
11.54           	1.24505159e-01	2.07666475e-04	2.90979743e-04	2.37995792e-04	0.00000000e+00
11.545          	1.20303748e-01	2.07508707e-04	2.90416054e-04	3.88245927e-04	0.00000000e+00
11.55           	2.41520029e-01	2.07313238e-04	2.89849503e-04	2.56663994e-04	0.00000000e+00
11.555          	1.26270051e-01	2.07125509e-04	2.89280892e-04	2.23639015e-04	0.00000000e+00
11.56           	3.88781205e-01	2.06915112e-04	2.88710038e-04	3.15937402e-04	0.00000000e+00
11.565          	1.42236946e-01	2.06757332e-04	2.88137377e-04	2.66642341e-04	0.00000000e+00
11.57           	1.47542254e-01	2.06620045e-04	2.87562085e-04	3.91942213e-04	0.00000000e+00
11.575          	1.39020185e-01	2.06414943e-04	2.86984366e-04	4.08943949e-04	0.00000000e+00
11.58           	3.40009717e-01	2.06261291e-04	2.86404320e-04	2.83969539e-04	0.00000000e+00
11.585          	2.49764350e-01	2.06085545e-04	2.85821990e-04	3.65045595e-04	0.00000000e+00
11.59           	2.05912666e-01	2.05870402e-04	2.85237379e-04	3.43366155e-04	0.00000000e+00
11.595          	3.13904457e-01	2.05694970e-04	2.84650530e-04	2.81311232e-04	0.00000000e+00
11.6            	4.49248813e-01	2.05455917e-04	2.84060762e-04	3.81996401e-04	0.00000000e+00
11.605          	1.91983333e-01	2.05267644e-04	2.83469218e-04	3.63165228e-04	0.00000000e+00
11.61           	6.47121765e-02	2.05080361e-04	2.82876272e-04	2.67637467e-04	0.00000000e+00
11.615          	2.90997167e-01	2.04908254e-04	2.82280743e-04	3.90458631e-04	0.00000000e+00
11.62           	4.34694007e-01	2.04695246e-04	2.81682903e-04	3.69870951e-04	0.00000000e+00
11.625          	1.38232903e-01	2.04486285e-04	2.81082196e-04	3.07205597e-04	0.00000000e+00
11.63           	1.45762224e-01	2.04251546e-04	2.80479948e-04	2.97604673e-04	0.00000000e+00
11.635          	1.37372424e-01	2.04065141e-04	2.79876028e-04	3.25399785e-04	0.00000000e+00
11.64           	1.40052828e-01	2.03891005e-04	2.79269689e-04	3.26863336e-04	0.00000000e+00
11.645          	9.28254561e-02	2.03656698e-04	2.78661138e-04	3.59019132e-04	0.00000000e+00
11.65           	4.01236187e-01	2.03440592e-04	2.78050444e-04	4.72882438e-04	0.00000000e+00
11.655          	1.42787388e-01	2.03254639e-04	2.77437676e-04	4.49747422e-04	0.00000000e+00
11.66           	4.64492014e-01	2.02982299e-04	2.76822347e-04	3.60896063e-04	0.00000000e+00
11.665          	2.02655803e-01	2.02775082e-04	2.76205754e-04	3.77451086e-04	0.00000000e+00
11.67           	3.17240974e-01	2.02562503e-04	2.75586264e-04	3.09004131e-04	0.00000000e+00
11.675          	5.52860674e-02	2.02342254e-04	2.74965748e-04	2.97619683e-04	0.00000000e+00
11.68           	1.30489142e-01	2.02120081e-04	2.74342912e-04	3.06069905e-04	0.00000000e+00
11.685          	2.06723769e-01	2.01891719e-04	2.73717339e-04	4.56354788e-04	0.00000000e+00
11.69           	1.84903072e-01	2.01627741e-04	2.73089706e-04	3.24260884e-04	0.00000000e+00
11.695          	3.26983636e-01	2.01385243e-04	2.72460999e-04	3.47308293e-04	0.00000000e+00
11.7            	3.70629822e-01	2.01182718e-04	2.71830181e-04	3.88020892e-04	0.00000000e+00
11.705          	7.78562544e-02	2.00923441e-04	2.71197335e-04	3.07927847e-04	0.00000000e+00
11.71           	3.81762536e-01	2.00705898e-04	2.70562556e-04	3.01594853e-04	0.00000000e+00
11.715          	1.38790862e-01	2.00473326e-04	2.69925884e-04	3.11335013e-04	0.00000000e+00
11.72           	9.23799469e-02	2.00213771e-04	2.69287286e-04	3.36370503e-04	0.00000000e+00
11.725          	1.98630579e-01	1.99985355e-04	2.68646784e-04	3.30133918e-04	0.00000000e+00
11.73           	3.02816796e-01	1.99717954e-04	2.68003979e-04	4.12673910e-04	0.00000000e+00
11.735          	4.08188817e-01	1.99463844e-04	2.67360034e-04	2.98637087e-04	0.00000000e+00
11.74           	1.11970277e-01	1.99239948e-04	2.66714068e-04	3.04313396e-04	0.00000000e+00
11.745          	1.08726493e-01	1.99004230e-04	2.66066200e-04	3.33844529e-04	0.00000000e+00
11.75           	1.36240337e-01	1.98729376e-04	2.65416656e-04	2.68082845e-04	0.00000000e+00
11.755          	1.39945326e-01	1.98490114e-04	2.64765186e-04	2.99050806e-04	0.00000000e+00
11.76           	1.52206677e-01	1.98216314e-04	2.64111682e-04	2.78284803e-04	0.00000000e+00
11.765          	3.62149238e-01	1.97972691e-04	2.63456513e-04	2.95282967e-04	0.00000000e+00
11.77           	2.30536806e-01	1.97697112e-04	2.62799185e-04	3.90676035e-04	0.00000000e+00
11.775          	1.37626306e-01	1.97423492e-04	2.62140816e-04	2.77836303e-04	0.00000000e+00
11.78           	2.39114634e-01	1.97189354e-04	2.61481118e-04	2.08822268e-04	0.00000000e+00
11.785          	2.20802589e-01	1.96962349e-04	2.60819252e-04	2.72659650e-04	0.00000000e+00
11.79           	3.03238366e-01	1.96645078e-04	2.60155470e-04	2.28945858e-04	0.00000000e+00
11.795          	1.22565990e-01	1.96414986e-04	2.59489963e-04	2.64212676e-04	0.00000000e+00
11.8            	3.48313538e-01	1.96129988e-04	2.58822774e-04	2.53446161e-04	0.00000000e+00
11.805          	3.27764061e-01	1.95856774e-04	2.58153296e-04	2.03753104e-04	0.00000000e+00
11.81           	4.60767827e-01	1.95581921e-04	2.57482560e-04	2.77715711e-04	0.00000000e+00
11.815          	1.36117490e-01	1.95272040e-04	2.56810275e-04	1.47024936e-04	0.00000000e+00
11.82           	2.47220688e-01	1.95009260e-04	2.56136440e-04	1.76405844e-04	0.00000000e+00
11.825          	4.92178293e-01	1.94714235e-04	2.55460576e-04	1.64725576e-04	0.00000000e+00
11.83           	3.29554592e-01	1.94427471e-04	2.54784359e-04	1.54686283e-04	0.00000000e+00
11.835          	5.82836375e-02	1.94196942e-04	2.54105993e-04	2.19794075e-04	0.00000000e+00
11.84           	1.74500990e-01	1.93893964e-04	2.53425266e-04	2.07627871e-04	0.00000000e+00
11.845          	1.77373260e-01	1.93607410e-04	2.52743297e-04	1.14285175e-04	0.00000000e+00
11.85           	1.78038291e-01	1.93318569e-04	2.52060457e-04	1.80445913e-04	0.00000000e+00
11.855          	1.54190830e-01	1.93023249e-04	2.51375698e-04	3.80551539e-04	0.00000000e+00
11.86           	1.24601231e-01	1.92755486e-04	2.50689337e-04	1.84994883e-04	0.00000000e+00
11.865          	1.20672463e-01	1.92447513e-04	2.50001405e-04	1.43805054e-04	0.00000000e+00
11.87           	1.72381312e-01	1.92149021e-04	2.49311567e-04	2.08296414e-04	0.00000000e+00
11.875          	1.96482882e-01	1.91816018e-04	2.48620871e-04	2.28544675e-04	0.00000000e+00
11.88           	9.23427255e-02	1.91565473e-04	2.47928549e-04	2.61808320e-04	0.00000000e+00
11.885          	2.09944204e-01	1.91220116e-04	2.47234284e-04	1.56579686e-04	0.00000000e+00
11.89           	9.60999121e-02	1.90937224e-04	2.46539204e-04	1.59945542e-04	0.00000000e+00
11.895          	3.19487327e-01	1.90658821e-04	2.45842503e-04	1.64664599e-04	0.00000000e+00
11.9            	1.13920696e-01	1.90333360e-04	2.45143770e-04	1.87756190e-04	0.00000000e+00
11.905          	2.25573281e-01	1.89993492e-04	2.44443967e-04	1.72058286e-04	0.00000000e+00
11.91           	1.43498292e-01	1.89699326e-04	2.43742910e-04	1.22902684e-04	0.00000000e+00
11.915          	3.04260466e-01	1.89374029e-04	2.43040643e-04	1.84246352e-04	0.00000000e+00
11.92           	1.12735259e-01	1.89084344e-04	2.42336906e-04	1.51921030e-04	0.00000000e+00
11.925          	1.54385338e-01	1.88777743e-04	2.41631776e-04	2.09809904e-04	0.00000000e+00
11.93           	1.07370843e-01	1.88458122e-04	2.40925656e-04	2.53686645e-04	0.00000000e+00
11.935          	1.24168029e-01	1.88137211e-04	2.40217414e-04	1.62992119e-04	0.00000000e+00
11.94           	2.15395449e-01	1.87823352e-04	2.39508651e-04	1.32282849e-04	0.00000000e+00
11.945          	2.61799300e-01	1.87525426e-04	2.38798317e-04	1.34605985e-04	0.00000000e+00
11.95           	1.82540438e-01	1.87191510e-04	2.38086225e-04	1.61508646e-04	0.00000000e+00
11.955          	1.84041392e-01	1.86830329e-04	2.37373032e-04	1.71018669e-04	0.00000000e+00
11.96           	3.07020965e-01	1.86519935e-04	2.36658653e-04	2.17370454e-04	0.00000000e+00
11.965          	3.50245083e-01	1.86198024e-04	2.35943422e-04	1.94387741e-04	0.00000000e+00
11.97           	1.57398065e-01	1.85869060e-04	2.35226163e-04	1.97022522e-04	0.00000000e+00
11.975          	3.06882606e-01	1.85538966e-04	2.34508486e-04	2.99480569e-04	0.00000000e+00
11.98           	1.15900547e-01	1.85215416e-04	2.33789301e-04	1.29165104e-04	0.00000000e+00
11.985          	2.56534077e-01	1.84909943e-04	2.33068834e-04	1.81735046e-04	0.00000000e+00
11.99           	3.95913682e-01	1.84551294e-04	2.32347101e-04	1.52177137e-04	0.00000000e+00
11.995          	1.69065180e-01	1.84234017e-04	2.31624186e-04	9.56804423e-05	0.00000000e+00
12              	1.75991264e-01	1.83902543e-04	2.30900137e-04	3.21689454e-04	0.00000000e+00
12.005          	1.06193648e-01	1.83519908e-04	2.30174524e-04	1.96900728e-04	0.00000000e+00
12.01           	1.74126304e-01	1.83191710e-04	2.29448371e-04	1.56754262e-04	0.00000000e+00
12.015          	4.38605046e-02	1.82845636e-04	2.28720885e-04	1.47998198e-04	0.00000000e+00
12.02           	3.70730670e-01	1.82527306e-04	2.27992261e-04	1.12670393e-04	0.00000000e+00
12.025          	3.33287950e-01	1.82172080e-04	2.27262499e-04	1.19756933e-04	0.00000000e+00
12.03           	6.11399457e-01	1.81820231e-04	2.26531115e-04	1.54467636e-04	0.00000000e+00
12.035          	1.35589489e-01	1.81470602e-04	2.25798989e-04	1.66884344e-04	0.00000000e+00
12.04           	5.50000315e-01	1.81090306e-04	2.25065523e-04	1.34709240e-04	0.00000000e+00
12.045          	4.51495780e-01	1.80729496e-04	2.24332118e-04	2.65845322e-04	0.00000000e+00
12.05           	2.98709778e-01	1.80430322e-04	2.23597185e-04	2.20173014e-04	0.00000000e+00
12.055          	1.74292075e-01	1.80088280e-04	2.22861047e-04	2.34903487e-04	0.00000000e+00
12.06           	1.50629906e-01	1.79712878e-04	2.22123835e-04	2.52587639e-04	0.00000000e+00
12.065          	8.17721936e-02	1.79347779e-04	2.21385091e-04	3.71379828e-04	0.00000000e+00
12.07           	1.49328611e-01	1.78987230e-04	2.20646156e-04	1.61101032e-04	0.00000000e+00
12.075          	1.13040267e-01	1.78628987e-04	2.19905996e-04	2.10521816e-04	0.00000000e+00
12.08           	1.98543738e-01	1.78292747e-04	2.19164802e-04	1.55374425e-04	0.00000000e+00
12.085          	1.01906342e-01	1.77913061e-04	2.18422130e-04	2.18825718e-04	0.00000000e+00
12.09           	9.82340303e-02	1.77520209e-04	2.17678485e-04	2.42565863e-04	0.00000000e+00
12.095          	1.60136309e-01	1.77151904e-04	2.16934216e-04	2.27391560e-04	0.00000000e+00
12.1            	1.42373039e-01	1.76779092e-04	2.16189584e-04	1.91752416e-04	0.00000000e+00
12.105          	5.72441926e-01	1.76440943e-04	2.15443766e-04	1.73356941e-04	0.00000000e+00
12.11           	1.50800187e-01	1.76050860e-04	2.14696920e-04	1.53999195e-04	0.00000000e+00
12.115          	1.31673028e-01	1.75705164e-04	2.13949149e-04	2.56895627e-04	0.00000000e+00
12.12           	1.15673906e-01	1.75342071e-04	2.13200803e-04	2.11603352e-04	0.00000000e+00
12.125          	1.87596115e-01	1.74989514e-04	2.12166257e-04	2.43661073e-04	0.00000000e+00
12.13           	1.26981028e-01	1.74627651e-04	2.11329269e-04	2.10378189e-04	0.00000000e+00
12.135          	9.98266239e-02	1.74250276e-04	2.10547113e-04	1.62708301e-04	0.00000000e+00
12.14           	2.91986407e-01	1.73872661e-04	2.09787035e-04	2.86897489e-04	0.00000000e+00
12.145          	2.43046161e-01	1.73451907e-04	2.09311031e-04	2.50380764e-04	0.00000000e+00
12.15           	4.01912049e-01	1.73078193e-04	2.08649713e-04	1.36655022e-04	0.00000000e+00
12.155          	1.19908085e-01	1.72699936e-04	2.07926414e-04	1.90898827e-04	0.00000000e+00
12.16           	2.06886532e-01	1.72341896e-04	2.06905450e-04	1.22158407e-04	0.00000000e+00
12.165          	1.19306815e-01	1.71947810e-04	2.06337899e-04	1.80992305e-04	0.00000000e+00
12.17           	1.16566638e-01	1.71562043e-04	2.05643691e-04	1.05316201e-04	0.00000000e+00
12.175          	1.28983534e-01	1.71146300e-04	2.04906610e-04	1.54694098e-04	0.00000000e+00
12.18           	2.03430119e-01	1.70755813e-04	2.04155490e-04	1.60110448e-04	0.00000000e+00
12.185          	9.85105637e-02	1.70389795e-04	2.03398889e-04	2.03706861e-04	0.00000000e+00
12.19           	2.63960889e-01	1.70002818e-04	2.02639958e-04	1.61489776e-04	0.00000000e+00
12.195          	2.99769434e-01	1.69613688e-04	2.01879806e-04	1.20626789e-04	0.00000000e+00
12.2            	1.83857766e-01	1.69206084e-04	2.01118444e-04	1.10712098e-04	0.00000000e+00
12.205          	1.29169876e-01	1.68808731e-04	2.00356820e-04	2.06657826e-04	0.00000000e+00
12.21           	2.45571723e-01	1.68436218e-04	1.99578157e-04	1.23269251e-04	0.00000000e+00
12.215          	1.17231328e-01	1.68044623e-04	1.98539051e-04	3.26252063e-04	0.00000000e+00
12.22           	1.80776243e-01	1.67655289e-04	1.97691402e-04	1.37635696e-04	0.00000000e+00
12.225          	2.93327948e-01	1.67282490e-04	1.96926323e-04	1.50383169e-04	0.00000000e+00
12.23           	1.31487258e-01	1.66846441e-04	1.96414477e-04	1.89546303e-04	0.00000000e+00
12.235          	3.73903565e-01	1.66435141e-04	1.95733216e-04	1.60754924e-04	0.00000000e+00
12.24           	1.75204991e-01	1.66031274e-04	1.94995362e-04	1.50612208e-04	0.00000000e+00
12.245          	4.89395805e-02	1.65650657e-04	1.93958442e-04	1.64224235e-04	0.00000000e+00
12.25           	2.66234508e-01	1.65233416e-04	1.93380972e-04	1.47824769e-04	0.00000000e+00
12.255          	1.47552258e-01	1.64825392e-04	1.92676540e-04	1.81031340e-04	0.00000000e+00
12.26           	1.63123452e-01	1.64441064e-04	1.91653851e-04	2.09839369e-04	0.00000000e+00
12.265          	8.90973551e-02	1.64015290e-04	1.91076422e-04	2.27221942e-04	0.00000000e+00
12.27           	9.41553990e-02	1.63646859e-04	1.90122816e-04	3.10445821e-04	0.00000000e+00
12.275          	1.37566600e-01	1.63230085e-04	1.89270679e-04	1.61962094e-04	0.00000000e+00
12.28           	1.20751249e-01	1.62821748e-04	1.88474209e-04	1.28600895e-04	0.00000000e+00
12.285          	1.46011132e-01	1.62412005e-04	1.87696776e-04	9.07474878e-05	0.00000000e+00
12.29           	2.90824355e-01	1.61979868e-04	1.87122207e-04	1.26478880e-04	0.00000000e+00
12.295          	5.08214942e-01	1.61599963e-04	1.86243303e-04	1.61298813e-04	0.00000000e+00
12.3            	1.11172802e-01	1.61202825e-04	1.85441924e-04	1.58958164e-04	0.00000000e+00
12.305          	8.71762273e-02	1.60788761e-04	1.84657427e-04	1.26505942e-04	0.00000000e+00
12.31           	3.34541052e-01	1.60356015e-04	1.83858243e-04	1.16987104e-04	0.00000000e+00
12.315          	1.34554205e-01	1.59907870e-04	1.83051159e-04	1.59135053e-04	0.00000000e+00
12.32           	1.07299218e-01	1.59485601e-04	1.82272198e-04	1.31332876e-04	0.00000000e+00
12.325          	1.39125559e-01	1.59088531e-04	1.81525568e-04	2.03781889e-04	0.00000000e+00
12.33           	6.37494118e-02	1.58654080e-04	1.80734565e-04	1.05559735e-04	0.00000000e+00
12.335          	8.44113231e-02	1.58251625e-04	1.79983216e-04	1.59683272e-04	0.00000000e+00
12.34           	8.68189314e-02	1.57831545e-04	1.79213547e-04	2.25946741e-04	0.00000000e+00
12.345          	2.80007134e-01	1.57392875e-04	1.78418346e-04	2.08465909e-04	0.00000000e+00
12.35           	2.82176417e-01	1.56985339e-04	1.77659751e-04	1.84132045e-04	0.00000000e+00
12.355          	5.08540322e-02	1.56588962e-04	1.76917437e-04	1.95368816e-04	0.00000000e+00
12.36           	2.47005326e-01	1.56168445e-04	1.76149700e-04	1.45949407e-04	0.00000000e+00
12.365          	3.36651213e-01	1.55706883e-04	1.75332669e-04	1.82875890e-04	0.00000000e+00
12.37           	1.10240122e-01	1.55306090e-04	1.74588039e-04	1.47205568e-04	0.00000000e+00
12.375          	2.21661176e-01	1.54872130e-04	1.73804952e-04	2.42916286e-04	0.00000000e+00
12.38           	7.26507597e-01	1.54457173e-04	1.73044504e-04	1.88602498e-04	0.00000000e+00
12.385          	1.30175443e-01	1.53995640e-04	1.72229958e-04	2.08640960e-04	0.00000000e+00
12.39           	8.94028477e-02	1.53575394e-04	1.71462478e-04	2.71963289e-04	0.00000000e+00
12.395          	1.18408166e-01	1.53123055e-04	1.70664156e-04	4.04279372e-04	0.00000000e+00
12.4            	8.59313891e-02	1.52726019e-04	1.69926854e-04	2.97225468e-04	0.00000000e+00
12.405          	1.10028549e-01	1.52283757e-04	1.69137496e-04	3.16684258e-04	0.00000000e+00
12.41           	2.15358930e-01	1.51847500e-04	1.68356280e-04	2.31454250e-04	0.00000000e+00
12.415          	2.72691063e-01	1.51392845e-04	1.67556823e-04	3.02434152e-04	0.00000000e+00
12.42           	1.77793737e-01	1.50971175e-04	1.66792693e-04	1.95793300e-04	0.00000000e+00
12.425          	1.53415307e-01	1.50546392e-04	1.66027194e-04	2.13723174e-04	0.00000000e+00
12.43           	9.50720568e-02	1.50128525e-04	1.65270080e-04	2.33051605e-04	0.00000000e+00
12.435          	8.10753036e-02	1.49682910e-04	1.64481880e-04	1.83568289e-04	0.00000000e+00
12.44           	1.31434791e-01	1.49237570e-04	1.63696634e-04	2.02208636e-04	0.00000000e+00
12.445          	3.42438483e-01	1.48820710e-04	1.62939290e-04	1.78036735e-04	0.00000000e+00
12.45           	4.48007686e-01	1.48348388e-04	1.62123107e-04	1.88596831e-04	0.00000000e+00
12.455          	1.53617851e-01	1.47912054e-04	1.61348357e-04	2.27677583e-04	0.00000000e+00
12.46           	1.43448066e-01	1.47478735e-04	1.60578264e-04	1.62011685e-04	0.00000000e+00
12.465          	2.39774752e-01	1.47058878e-04	1.59821663e-04	1.56094568e-04	0.00000000e+00
12.47           	1.34676005e-01	1.46619086e-04	1.59046202e-04	1.80857396e-04	0.00000000e+00
12.475          	9.84280667e-02	1.46181606e-04	1.58271222e-04	1.55366190e-04	0.00000000e+00
12.48           	1.10075595e-01	1.45720754e-04	1.57473518e-04	1.77851545e-04	0.00000000e+00
12.485          	2.96314396e-01	1.45289588e-04	1.56707013e-04	1.74610680e-04	0.00000000e+00
12.49           	1.35447256e-01	1.44830067e-04	1.55912238e-04	1.30713395e-04	0.00000000e+00
12.495          	1.50872751e-01	1.44374970e-04	1.55124049e-04	1.37185995e-04	0.00000000e+00
12.5            	1.35358584e-01	1.43930125e-04	1.54344635e-04	1.33324080e-04	0.00000000e+00
12.505          	2.30940948e-01	1.43497517e-04	1.53580216e-04	1.60287271e-04	0.00000000e+00
12.51           	1.59019635e-01	1.43036030e-04	1.52786419e-04	1.53751553e-04	0.00000000e+00
12.515          	6.57158160e-02	1.42601557e-04	1.52020319e-04	1.14242360e-04	0.00000000e+00
12.52           	1.56456661e-01	1.42143248e-04	1.51229337e-04	1.41858437e-04	0.00000000e+00
12.525          	5.47323077e-01	1.41708824e-04	1.50463901e-04	2.04020406e-04	0.00000000e+00
12.53           	2.51744072e-01	1.41240738e-04	1.49666859e-04	2.52311601e-04	0.00000000e+00
12.535          	5.84744260e-02	1.40802119e-04	1.48899213e-04	1.44397971e-04	0.00000000e+00
12.54           	1.90077379e-01	1.40354612e-04	1.48122977e-04	1.02054897e-04	0.00000000e+00
12.545          	6.96775298e-01	1.39870634e-04	1.47307137e-04	1.19856554e-04	0.00000000e+00
12.55           	3.41096363e-02	1.39407515e-04	1.46515342e-04	1.53865529e-04	0.00000000e+00
12.555          	2.02659800e-01	1.38987923e-04	1.45770678e-04	1.64178558e-04	0.00000000e+00
12.56           	2.34063868e-01	1.38522872e-04	1.44981359e-04	1.48545349e-04	0.00000000e+00
12.565          	3.99943002e-01	1.38063292e-04	1.44194415e-04	1.22592505e-04	0.00000000e+00
12.57           	1.40553630e-01	1.37593264e-04	1.43397706e-04	1.12045500e-04	0.00000000e+00
12.575          	1.34955225e-01	1.37169324e-04	1.42650664e-04	1.24802334e-04	0.00000000e+00
12.58           	3.13509451e-01	1.36704650e-04	1.41860557e-04	1.04345470e-04	0.00000000e+00
12.585          	2.47933888e-01	1.36242043e-04	1.41077875e-04	1.17191797e-04	0.00000000e+00
12.59           	3.70733170e-01	1.35781504e-04	1.40293545e-04	1.84341614e-04	0.00000000e+00
12.595          	2.70656907e-01	1.35341317e-04	1.39532899e-04	1.07563289e-04	0.00000000e+00
12.6            	3.77248863e-01	1.34870118e-04	1.38739038e-04	1.36642808e-04	0.00000000e+00
12.605          	2.11456976e-01	1.34425539e-04	1.37975113e-04	1.38383932e-04	0.00000000e+00
12.61           	1.54417037e-01	1.33957880e-04	1.37186981e-04	8.69631823e-05	0.00000000e+00
12.615          	3.90405151e-01	1.33493922e-04	1.36401286e-04	2.70910700e-04	0.00000000e+00
12.62           	1.20030573e-01	1.33050527e-04	1.35639972e-04	1.90267508e-04	0.00000000e+00
12.625          	1.99840540e-01	1.32576927e-04	1.34846931e-04	1.62489919e-04	0.00000000e+00
12.63           	8.11427686e-02	1.32090250e-04	1.34044368e-04	1.71422245e-04	0.00000000e+00
12.635          	2.38537355e-01	1.31636969e-04	1.33274183e-04	1.89786790e-04	0.00000000e+00
12.64           	2.68115949e-01	1.31177524e-04	1.32498552e-04	1.57758970e-04	0.00000000e+00
12.645          	6.18026512e-01	1.30737737e-04	1.31743227e-04	1.28679375e-04	0.00000000e+00
12.65           	9.19241230e-02	1.30260054e-04	1.30950647e-04	1.94075573e-04	0.00000000e+00
12.655          	1.45718550e-01	1.29779137e-04	1.30154970e-04	1.22642520e-04	0.00000000e+00
12.66           	1.86382831e-01	1.29305357e-04	1.29368849e-04	2.23246352e-04	0.00000000e+00
12.665          	1.59705476e-01	1.28854102e-04	1.28604250e-04	1.29277487e-04	0.00000000e+00
12.67           	2.12438780e-01	1.28381260e-04	1.27818561e-04	1.70014177e-04	0.00000000e+00
12.675          	2.22459912e-01	1.27926794e-04	1.27054728e-04	1.70739235e-04	0.00000000e+00
12.68           	3.57229184e-01	1.27464682e-04	1.26282369e-04	1.99886992e-04	0.00000000e+00
12.685          	4.21990214e-01	1.26982337e-04	1.25488972e-04	1.86612695e-04	0.00000000e+00
12.69           	1.52617667e-01	1.26547819e-04	1.24743074e-04	1.57034902e-04	0.00000000e+00
12.695          	2.55427405e-01	1.26075410e-04	1.23962084e-04	1.94122756e-04	0.00000000e+00
12.7            	7.23451927e-02	1.25601048e-04	1.23178923e-04	1.22386786e-04	0.00000000e+00
12.705          	2.07037516e-01	1.25131067e-04	1.22401089e-04	1.61350491e-04	0.00000000e+00
12.71           	4.18470490e-01	1.24667281e-04	1.21630720e-04	1.53592944e-04	0.00000000e+00
12.715          	3.41521849e-01	1.24195183e-04	1.20851858e-04	2.21224691e-04	0.00000000e+00
12.72           	8.87347771e-02	1.23713423e-04	1.20064123e-04	2.00647135e-04	0.00000000e+00
12.725          	2.45542140e-01	1.23255675e-04	1.19299990e-04	1.63744615e-04	0.00000000e+00
12.73           	3.20679774e-01	1.22789973e-04	1.18529439e-04	1.75957480e-04	0.00000000e+00
12.735          	4.06680072e-01	1.22317558e-04	1.17754504e-04	1.54384844e-04	0.00000000e+00
12.74           	1.93123685e-01	1.21847623e-04	1.16983684e-04	1.36950332e-04	0.00000000e+00
12.745          	9.39536776e-02	1.21376128e-04	1.16208698e-04	2.15894995e-04	0.00000000e+00
12.75           	9.15472391e-02	1.20925234e-04	1.15454633e-04	2.32833403e-04	0.00000000e+00
12.755          	2.11753697e-01	1.20440553e-04	1.14669423e-04	1.37366133e-04	0.00000000e+00
12.76           	1.10344572e-01	1.19969538e-04	1.13898523e-04	1.60121100e-04	0.00000000e+00
12.765          	1.19324331e-01	1.19496884e-04	1.13124551e-04	9.93735550e-05	0.00000000e+00
12.77           	1.18043073e-01	1.19005915e-04	1.12336930e-04	1.01897952e-04	0.00000000e+00
12.775          	2.20135176e-01	1.18542434e-04	1.11574295e-04	1.68085177e-04	0.00000000e+00
12.78           	3.36160078e-01	1.18077608e-04	1.10811770e-04	1.33906666e-04	0.00000000e+00
12.785          	1.93687727e-01	1.17591550e-04	1.10028636e-04	1.77981924e-04	0.00000000e+00
12.79           	1.60711728e-01	1.17130053e-04	1.09270733e-04	1.39435822e-04	0.00000000e+00
12.795          	1.13397925e-01	1.16659487e-04	1.08502803e-04	1.37014454e-04	0.00000000e+00
12.8            	9.61124284e-02	1.16168711e-04	1.07719573e-04	1.06845224e-04	0.00000000e+00
12.805          	3.31610135e-01	1.15708563e-04	1.06964384e-04	8.14799713e-05	0.00000000e+00
12.81           	2.64355533e-01	1.15239156e-04	1.06201036e-04	1.36875395e-04	0.00000000e+00
12.815          	1.47738937e-01	1.14751017e-04	1.05420057e-04	1.61356661e-04	0.00000000e+00
12.82           	1.23873352e-01	1.14298205e-04	1.04674212e-04	1.31835420e-04	0.00000000e+00
12.825          	1.36680609e-01	1.13815411e-04	1.03899831e-04	9.38267185e-05	0.00000000e+00
12.83           	2.18461825e-01	1.13356695e-04	1.03148356e-04	1.50358076e-04	0.00000000e+00
12.835          	1.39502551e-01	1.12868287e-04	1.02370845e-04	1.75551066e-04	0.00000000e+00
12.84           	2.54202368e-01	1.12388722e-04	1.01602062e-04	1.70211643e-04	0.00000000e+00
12.845          	1.51472742e-01	1.11915427e-04	1.00838576e-04	2.09075002e-04	0.00000000e+00
12.85           	1.51042735e-01	1.11440596e-04	1.00075082e-04	1.55398547e-04	0.00000000e+00
12.855          	7.30551167e-02	1.10976515e-04	9.93240646e-05	1.74701412e-04	0.00000000e+00
12.86           	1.44479267e-01	1.10479284e-04	9.85414993e-05	1.47792798e-04	0.00000000e+00
12.865          	3.55589318e-01	1.10011051e-04	9.77869020e-05	1.42014506e-04	0.00000000e+00
12.87           	2.20881485e-01	1.09522855e-04	9.70138921e-05	2.49715340e-04	0.00000000e+00
12.875          	2.13605658e-01	1.09070801e-04	9.62742996e-05	1.47907779e-04	0.00000000e+00
12.88           	1.12610874e-01	1.08574332e-04	9.54958169e-05	1.46403487e-04	0.00000000e+00
12.885          	1.72341429e-01	1.08104713e-04	9.47412566e-05	1.20955577e-04	0.00000000e+00
12.89           	3.14778781e-01	1.07616990e-04	9.39725722e-05	1.38959432e-04	0.00000000e+00
12.895          	1.05100779e-01	1.07136677e-04	9.32108378e-05	1.89029094e-04	0.00000000e+00
12.9            	1.78249310e-01	1.06682811e-04	9.24739157e-05	1.32397714e-04	0.00000000e+00
12.905          	1.17427654e-01	1.06186109e-04	9.16993560e-05	2.45991238e-04	0.00000000e+00
12.91           	2.63295176e-01	1.05715760e-04	9.09476162e-05	1.79424102e-04	0.00000000e+00
12.915          	2.38285558e-01	1.05254850e-04	9.02058099e-05	1.76788829e-04	0.00000000e+00
12.92           	8.77776746e-02	1.04772269e-04	8.94438462e-05	1.42897451e-04	0.00000000e+00
12.925          	8.12885798e-02	1.04280293e-04	8.86761937e-05	1.92742506e-04	0.00000000e+00
12.93           	1.13386617e-01	1.03807823e-04	8.79262073e-05	1.36343171e-04	0.00000000e+00
12.935          	1.83712305e-01	1.03345733e-04	8.71862035e-05	1.94169749e-04	0.00000000e+00
12.94           	2.09721359e-01	1.02863742e-04	8.64290469e-05	1.86087114e-04	0.00000000e+00
12.945          	2.15873049e-01	1.02380649e-04	8.56712705e-05	3.10914342e-04	0.00000000e+00
12.95           	1.85358163e-01	1.01904453e-04	8.49194098e-05	1.67647285e-04	0.00000000e+00
12.955          	1.30030788e-01	1.01411673e-04	8.41565597e-05	1.92714931e-04	0.00000000e+00
12.96           	2.36986702e-01	1.00942473e-04	8.34140796e-05	1.28964983e-04	0.00000000e+00
12.965          	2.75823392e-01	1.00457485e-04	8.26568460e-05	2.07994397e-04	0.00000000e+00
12.97           	4.70827072e-01	9.99744473e-05	8.19036726e-05	1.51038764e-04	0.00000000e+00
12.975          	4.07669202e-01	9.95073390e-05	8.11634648e-05	1.42278123e-04	0.00000000e+00
12.98           	1.37654568e-01	9.90240732e-05	8.04106473e-05	1.25138840e-04	0.00000000e+00
12.985          	3.28698845e-01	9.85567705e-05	7.96713195e-05	2.50464563e-04	0.00000000e+00
12.99           	2.39906636e-01	9.80954562e-05	7.89386281e-05	9.07361401e-05	0.00000000e+00
12.995          	3.13009681e-01	9.75983150e-05	7.81771613e-05	1.12846955e-04	0.00000000e+00
13              	3.38332071e-01	9.71360589e-05	7.74455085e-05	1.66965641e-04	0.00000000e+00
13.005          	2.65934005e-01	9.66516742e-05	7.66966399e-05	1.88737400e-04	0.00000000e+00
13.01           	2.78919127e-01	9.61739793e-05	7.59513004e-05	2.35004561e-04	0.00000000e+00
13.015          	8.72960804e-02	9.57061003e-05	7.52170601e-05	1.63817205e-04	0.00000000e+00
13.02           	1.97353099e-01	9.52221992e-05	7.44688065e-05	1.49981210e-04	0.00000000e+00
13.025          	1.07649867e-01	9.47551027e-05	7.37359080e-05	1.02378262e-04	0.00000000e+00
13.03           	1.17261216e-01	9.42571909e-05	7.29792941e-05	1.16191135e-04	0.00000000e+00
13.035          	2.11492055e-01	9.37818217e-05	7.22413742e-05	1.84285285e-04	0.00000000e+00
13.04           	1.68693320e-01	9.33203303e-05	7.15145874e-05	1.62930976e-04	0.00000000e+00
13.045          	1.99047990e-01	9.28483671e-05	7.07804029e-05	1.06544825e-04	0.00000000e+00
13.05           	6.84375823e-02	9.23701504e-05	7.00428714e-05	9.51036957e-05	0.00000000e+00
13.055          	1.16273133e-01	9.18835285e-05	6.92978408e-05	2.70199092e-04	0.00000000e+00
13.06           	1.32895918e-01	9.14042629e-05	6.85609858e-05	1.88520998e-04	0.00000000e+00
13.065          	2.00861250e-01	9.09231700e-05	6.78227286e-05	1.00705566e-04	0.00000000e+00
13.07           	1.81994295e-01	9.04451566e-05	6.70876233e-05	1.18608426e-04	0.00000000e+00
13.075          	2.67360476e-01	8.99682194e-05	6.63541021e-05	1.79468432e-04	0.00000000e+00
13.08           	9.27023038e-02	8.94835347e-05	6.56153511e-05	1.00095548e-04	0.00000000e+00
13.085          	3.21579219e-02	8.90019248e-05	6.48805464e-05	1.64420022e-04	0.00000000e+00
13.09           	1.82962621e-01	8.85241386e-05	6.41489323e-05	1.53101241e-04	0.00000000e+00
13.095          	1.21124827e-01	8.80697689e-05	6.34351139e-05	1.05471626e-04	0.00000000e+00
13.1            	2.42738631e-01	8.75923480e-05	6.27038797e-05	1.48719871e-04	0.00000000e+00
13.105          	1.66674679e-01	8.71142128e-05	6.19752803e-05	1.42083013e-04	0.00000000e+00
13.11           	1.15363817e-01	8.66379247e-05	6.12479372e-05	1.41813636e-04	0.00000000e+00
13.115          	1.98473166e-01	8.61649545e-05	6.05227982e-05	2.18909790e-04	0.00000000e+00
13.12           	3.08066262e-01	8.56905562e-05	5.97977513e-05	9.96181709e-05	0.00000000e+00
13.125          	1.38513687e-01	8.52234797e-05	5.90789538e-05	1.53605352e-04	0.00000000e+00
13.13           	1.17068699e-01	8.47409723e-05	5.83503876e-05	2.49662686e-04	0.00000000e+00
13.135          	4.71557149e-01	8.42528843e-05	5.76179897e-05	1.47841833e-04	0.00000000e+00
13.14           	1.73101247e-01	8.37849033e-05	5.69010375e-05	1.44938855e-04	0.00000000e+00
13.145          	1.31749940e-01	8.33228355e-05	5.61882359e-05	2.05246651e-04	0.00000000e+00
13.15           	4.04153257e-01	8.28445677e-05	5.54642391e-05	1.22028032e-04	0.00000000e+00
13.155          	1.55979954e-01	8.23569068e-05	5.47364837e-05	1.52637915e-04	0.00000000e+00
13.16           	1.60836982e-01	8.19016511e-05	5.40304209e-05	1.74290090e-04	0.00000000e+00
13.165          	1.12982760e-01	8.14342648e-05	5.33171641e-05	2.76377517e-04	0.00000000e+00
13.17           	3.53437795e-01	8.09532348e-05	5.25960779e-05	2.00564741e-04	0.00000000e+00
13.175          	3.66433222e-01	8.04648806e-05	5.18709636e-05	2.67262918e-04	0.00000000e+00
13.18           	2.54200389e-01	7.99991804e-05	5.11604473e-05	1.68023619e-04	0.00000000e+00
13.185          	1.06778675e-01	7.95170818e-05	5.04415979e-05	1.90467765e-04	0.00000000e+00
13.19           	1.55263839e-01	7.90441563e-05	4.97285495e-05	2.44160527e-04	0.00000000e+00
13.195          	1.75169870e-01	7.85720267e-05	4.90170720e-05	1.94239936e-04	0.00000000e+00
13.2            	4.58036500e-01	7.81079352e-05	4.83124801e-05	2.26863491e-04	0.00000000e+00
13.205          	7.98111183e-02	7.76483028e-05	4.76104893e-05	2.13949040e-04	0.00000000e+00
13.21           	1.70305336e-01	7.71734240e-05	4.68989082e-05	2.53253348e-04	0.00000000e+00
13.215          	1.21131786e-01	7.66898029e-05	4.61842749e-05	1.59270679e-04	0.00000000e+00
13.22           	1.03555521e-01	7.62173711e-05	4.54765439e-05	3.24518988e-04	0.00000000e+00
13.225          	3.58902545e-01	7.57561439e-05	4.47770237e-05	3.25698607e-04	0.00000000e+00
13.23           	1.75016438e-01	7.52795162e-05	4.40685439e-05	2.49864000e-04	0.00000000e+00
13.235          	1.05444031e-01	7.48171798e-05	4.33699627e-05	2.91608627e-04	0.00000000e+00
13.24           	3.03652333e-01	7.43501887e-05	4.26692645e-05	2.85832148e-04	0.00000000e+00
13.245          	1.48571873e-01	7.38812081e-05	4.19675455e-05	2.56259576e-04	0.00000000e+00
13.25           	1.36351406e-01	7.34195593e-05	4.12721019e-05	3.60397015e-04	0.00000000e+00
13.255          	1.42952264e-01	7.29446735e-05	4.05698149e-05	2.66517968e-04	0.00000000e+00
13.26           	3.37330980e-01	7.24651777e-05	3.98652111e-05	2.79212096e-04	0.00000000e+00
13.265          	1.45469140e-01	7.20022206e-05	3.91706466e-05	2.00215467e-04	0.00000000e+00
13.27           	8.04935856e-02	7.15390359e-05	3.84771899e-05	2.22159925e-04	0.00000000e+00
13.275          	1.92664404e-01	7.10817273e-05	3.77874710e-05	2.75566297e-04	0.00000000e+00
13.28           	1.19609742e-01	7.06097012e-05	3.70910560e-05	3.56710576e-04	0.00000000e+00
13.285          	2.39409737e-01	7.01326004e-05	3.63924662e-05	3.20043338e-04	0.00000000e+00
13.29           	8.91081850e-02	6.96718313e-05	3.57039236e-05	2.32749099e-04	0.00000000e+00
13.295          	1.32783820e-01	6.92057551e-05	3.50137416e-05	2.59575815e-04	0.00000000e+00
13.3            	3.55506052e-01	6.87402558e-05	3.43244523e-05	2.14501256e-04	0.00000000e+00
13.305          	1.70279152e-01	6.82772443e-05	3.36368586e-05	2.71230966e-04	0.00000000e+00
13.31           	1.57175145e-01	6.78191983e-05	3.29530062e-05	1.19588084e-04	0.00000000e+00
13.315          	2.93636850e-01	6.73505692e-05	3.22641574e-05	1.56060234e-04	0.00000000e+00
13.32           	1.45011231e-01	6.68753334e-05	3.15740843e-05	1.38736599e-04	0.00000000e+00
13.325          	1.47548992e-01	6.64184900e-05	3.08935222e-05	2.36044128e-04	0.00000000e+00
13.33           	2.38569371e-01	6.59570621e-05	3.02112169e-05	2.11522182e-04	0.00000000e+00
13.335          	5.27793033e-01	6.54852426e-05	2.95258733e-05	1.73002274e-04	0.00000000e+00
13.34           	2.04467160e-01	6.50219687e-05	2.88448999e-05	8.24209809e-05	0.00000000e+00
13.345          	5.03612808e-01	6.45754697e-05	2.81726213e-05	1.08622912e-04	0.00000000e+00
13.35           	7.17644271e-02	6.41095714e-05	2.74930847e-05	1.34793808e-04	0.00000000e+00
13.355          	4.83012256e-01	6.36484633e-05	2.68155887e-05	2.21419205e-04	0.00000000e+00
13.36           	1.15382028e-01	6.31938295e-05	2.61427307e-05	1.46750867e-04	0.00000000e+00
13.365          	2.52581754e-01	6.27355620e-05	2.54690339e-05	1.29094698e-04	0.00000000e+00
13.37           	2.31783067e-01	6.22612685e-05	2.47896014e-05	1.63799809e-04	0.00000000e+00
13.375          	1.07642509e-01	6.17990957e-05	2.41159680e-05	1.45733554e-04	0.00000000e+00
13.38           	1.53189568e-01	6.13393562e-05	2.34445624e-05	1.60112197e-04	0.00000000e+00
13.385          	1.85108470e-01	6.08953791e-05	2.27803970e-05	1.51877624e-04	0.00000000e+00
13.39           	2.64555181e-01	6.04421378e-05	2.21135530e-05	2.33764618e-04	0.00000000e+00
13.395          	9.55249379e-02	5.99786465e-05	2.14436762e-05	2.41120014e-04	0.00000000e+00
13.4            	3.88347509e-01	5.95108800e-05	2.07738645e-05	1.42197166e-04	0.00000000e+00
13.405          	1.48625622e-01	5.90599260e-05	2.01109050e-05	1.33229971e-04	0.00000000e+00
13.41           	1.40266419e-01	5.86034921e-05	1.94469640e-05	1.70405782e-04	0.00000000e+00
13.415          	1.34310567e-01	5.81549823e-05	1.87869402e-05	1.68638634e-04	0.00000000e+00
13.42           	2.68845043e-01	5.77038712e-05	1.81267165e-05	1.56686103e-04	0.00000000e+00
13.425          	5.42322801e-02	5.72433830e-05	1.74644852e-05	1.41355127e-04	0.00000000e+00
13.43           	1.81058033e-01	5.67859888e-05	1.68049623e-05	1.83470839e-04	0.00000000e+00
13.435          	2.06324191e-01	5.63312863e-05	1.61471258e-05	1.93930922e-04	0.00000000e+00
13.44           	1.89268736e-01	5.58708907e-05	1.54885458e-05	1.43721734e-04	0.00000000e+00
13.445          	3.75302235e-01	5.54223623e-05	1.48344976e-05	1.47149407e-04	0.00000000e+00
13.45           	2.79654524e-01	5.49716193e-05	1.41810085e-05	1.83765762e-04	0.00000000e+00
13.455          	1.24315135e-01	5.45208329e-05	1.35288363e-05	3.00249258e-04	0.00000000e+00
13.46           	1.61185611e-01	5.40633885e-05	1.28758707e-05	3.27970973e-04	0.00000000e+00
13.465          	8.56522366e-02	5.36235791e-05	1.22284672e-05	2.01616890e-04	0.00000000e+00
13.47           	1.66957508e-01	5.31643681e-05	1.15775360e-05	1.82583769e-04	0.00000000e+00
13.475          	3.90641177e-01	5.27119248e-05	1.09294163e-05	3.27323938e-04	0.00000000e+00
13.48           	1.94084889e-01	5.22760437e-05	1.02859112e-05	2.97479268e-04	0.00000000e+00
13.485          	1.84921070e-01	5.18318987e-05	9.64180151e-06	2.69778467e-04	0.00000000e+00
13.49           	2.91916204e-01	5.13778934e-05	8.99711893e-06	2.78210266e-04	0.00000000e+00
13.495          	1.27142008e-01	5.09344204e-05	8.35543408e-06	2.61523321e-04	0.00000000e+00
13.5            	1.22006975e-01	5.04783728e-05	7.71268532e-06	1.84218519e-04	0.00000000e+00
13.505          	2.64481825e-01	5.00291804e-05	7.07247948e-06	1.84035479e-04	0.00000000e+00
13.51           	1.76589284e-01	4.95928646e-05	6.43556483e-06	1.65833206e-04	0.00000000e+00
13.515          	9.67603421e-02	4.91448502e-05	5.79807583e-06	1.47696073e-04	0.00000000e+00
13.52           	1.72033454e-01	4.86937948e-05	5.16155807e-06	1.91281559e-04	0.00000000e+00
13.525          	1.04610401e-01	4.82477980e-05	4.52696593e-06	1.76941163e-04	0.00000000e+00
13.53           	1.58793846e-01	4.78165477e-05	3.89505466e-06	1.47415850e-04	0.00000000e+00
13.535          	1.53732799e-01	4.73651472e-05	3.26261845e-06	2.95564969e-04	0.00000000e+00
13.54           	3.49500747e-01	4.69258972e-05	2.63247601e-06	1.79988410e-04	0.00000000e+00
13.545          	7.10790111e-02	4.64849938e-05	2.00346396e-06	2.17666164e-04	0.00000000e+00
13.55           	1.60611289e-01	4.60390082e-05	1.37555266e-06	1.75455783e-04	0.00000000e+00
13.555          	3.45471349e-01	4.56091406e-05	7.61300770e-07	1.96390527e-04	0.00000000e+00
13.56           	1.49121294e-01	4.51674540e-05	4.72095538e-07	1.97003891e-04	0.00000000e+00
13.565          	8.86965530e-02	4.47261029e-05	7.20671735e-07	1.11388490e-04	0.00000000e+00
13.57           	9.23790145e-02	4.42821409e-05	1.07144349e-06	1.20346817e-04	0.00000000e+00
13.575          	4.85966424e-01	4.38492027e-05	1.83310700e-06	1.76098100e-04	0.00000000e+00
13.58           	1.08484002e-01	4.34070823e-05	2.49044211e-06	1.48724260e-04	0.00000000e+00
13.585          	1.55190166e-01	4.29753582e-05	3.11268532e-06	1.30894402e-04	0.00000000e+00
13.59           	1.32579969e-01	4.25397026e-05	3.72198044e-06	7.91083218e-05	0.00000000e+00
13.595          	2.11380356e-01	4.21044474e-05	4.32610733e-06	1.37348961e-04	0.00000000e+00
13.6            	1.32938288e-01	4.16757179e-05	4.92813282e-06	1.06554198e-04	0.00000000e+00
13.605          	2.44973357e-01	4.12423123e-05	5.52797566e-06	1.28595622e-04	0.00000000e+00
13.61           	2.81415749e-01	4.08041396e-05	6.12553890e-06	1.67979117e-04	0.00000000e+00
13.615          	2.61459138e-01	4.03758182e-05	6.72300010e-06	2.10016699e-04	0.00000000e+00
13.62           	2.81949557e-01	3.99357847e-05	7.31920068e-06	1.69870745e-04	0.00000000e+00
13.625          	9.86441849e-02	3.95109337e-05	7.92384139e-06	1.67405662e-04	0.00000000e+00
13.63           	1.60398689e-01	3.90822517e-05	8.52631510e-06	2.15379141e-04	0.00000000e+00
13.635          	2.11892766e-01	3.86483628e-05	9.12621931e-06	1.58607214e-04	0.00000000e+00
13.64           	2.08385750e-01	3.82176470e-05	9.72516224e-06	1.32191549e-04	0.00000000e+00
13.645          	1.67232339e-01	3.77915558e-05	1.03236635e-05	2.26245755e-04	0.00000000e+00
13.65           	1.51076878e-01	3.73611850e-05	1.09193972e-05	3.18645408e-04	0.00000000e+00
13.655          	1.66996905e-01	3.69330037e-05	1.15140915e-05	1.57717162e-04	0.00000000e+00
13.66           	1.20977762e-01	3.65057768e-05	1.21071915e-05	1.74424308e-04	0.00000000e+00
13.665          	6.56811217e-02	3.60795773e-05	1.26990805e-05	1.53633769e-04	0.00000000e+00
13.67           	1.64790364e-01	3.56541735e-05	1.32895987e-05	2.44094311e-04	0.00000000e+00
13.675          	1.31434984e-01	3.52296715e-05	1.38790057e-05	1.47415050e-04	0.00000000e+00
13.68           	1.40834564e-01	3.48045332e-05	1.44661660e-05	1.82318477e-04	0.00000000e+00
13.685          	9.38263171e-02	3.43859833e-05	1.50543574e-05	1.51903802e-04	0.00000000e+00
13.69           	2.47535997e-01	3.39639212e-05	1.56395362e-05	1.76451300e-04	0.00000000e+00
13.695          	1.90229560e-01	3.35355031e-05	1.62196310e-05	1.48853737e-04	0.00000000e+00
13.7            	1.97275032e-01	3.31151680e-05	1.68043910e-05	1.16227272e-04	0.00000000e+00
13.705          	1.41631205e-01	3.26960407e-05	1.73886832e-05	1.10614463e-04	0.00000000e+00
13.71           	1.79276640e-01	3.22803943e-05	1.79729730e-05	1.39467423e-04	0.00000000e+00
13.715          	1.26110098e-01	3.18627336e-05	1.85544889e-05	9.67661555e-05	0.00000000e+00
13.72           	6.69381430e-02	3.14448908e-05	1.91340867e-05	1.03968864e-04	0.00000000e+00
13.725          	4.02400316e-01	3.10194579e-05	1.97071713e-05	2.33214108e-04	0.00000000e+00
13.73           	5.70509135e-02	3.06045119e-05	2.02843150e-05	1.16140297e-04	0.00000000e+00
13.735          	2.27069796e-01	3.01883513e-05	2.08594700e-05	1.57489989e-04	0.00000000e+00
13.74           	1.42327869e-01	2.97772849e-05	2.14354960e-05	1.42073773e-04	0.00000000e+00
13.745          	1.97177906e-01	2.93641258e-05	2.20082605e-05	1.36427911e-04	0.00000000e+00
13.75           	3.53504637e-01	2.89498956e-05	2.25785061e-05	8.66030724e-05	0.00000000e+00
13.755          	1.19320712e-01	2.85342692e-05	2.31448393e-05	1.82989121e-04	0.00000000e+00
13.76           	2.95863371e-01	2.81211873e-05	2.37112910e-05	1.39249786e-04	0.00000000e+00
13.765          	1.38383127e-01	2.77063822e-05	2.42742548e-05	1.10041438e-04	0.00000000e+00
13.77           	8.34684678e-01	2.72976734e-05	2.48400555e-05	8.79201195e-05	0.00000000e+00
13.775          	1.53415064e-01	2.68876059e-05	2.54027943e-05	5.92982456e-05	0.00000000e+00
13.78           	1.84069000e-01	2.64784363e-05	2.59639577e-05	1.20388908e-04	0.00000000e+00
13.785          	1.10696721e-01	2.60679987e-05	2.65213288e-05	1.65440867e-04	0.00000000e+00
13.79           	1.23511924e-01	2.56655461e-05	2.70847931e-05	1.14140509e-04	0.00000000e+00
13.795          	1.65238633e-01	2.52567467e-05	2.76392056e-05	1.24395249e-04	0.00000000e+00
13.8            	1.90165266e-01	2.48481211e-05	2.81911106e-05	2.02958306e-04	0.00000000e+00
13.805          	6.70782041e-01	2.44440399e-05	2.87459169e-05	1.14944002e-04	0.00000000e+00
13.81           	2.73432889e-01	2.40407538e-05	2.92988090e-05	1.05475321e-04	0.00000000e+00
13.815          	3.12035376e-01	2.36394526e-05	2.98526598e-05	1.01130046e-04	0.00000000e+00
13.82           	2.27522130e-01	2.32380730e-05	3.04032330e-05	1.50589117e-04	0.00000000e+00
13.825          	1.24565968e-01	2.28339710e-05	3.09479208e-05	1.04623355e-04	0.00000000e+00
13.83           	1.42409573e-01	2.24288479e-05	3.14882243e-05	9.94064160e-05	0.00000000e+00
13.835          	2.96984486e-01	2.20272321e-05	3.20305025e-05	1.26148461e-04	0.00000000e+00
13.84           	1.36954087e-01	2.16296721e-05	3.25757251e-05	1.61775078e-04	0.00000000e+00
13.845          	4.03652017e-01	2.12299399e-05	3.31147794e-05	2.34507959e-04	0.00000000e+00
13.85           	1.49108067e-01	2.08339969e-05	3.36569505e-05	1.48107779e-04	0.00000000e+00
13.855          	2.45917739e-01	2.04369491e-05	3.41957908e-05	1.85668357e-04	0.00000000e+00
13.86           	1.32984485e-01	2.00406344e-05	3.47315948e-05	1.38369009e-04	0.00000000e+00
13.865          	4.15322560e-01	1.96451781e-05	3.52660988e-05	2.02065779e-04	0.00000000e+00
13.87           	1.57945062e-01	1.92511624e-05	3.57997639e-05	2.04678368e-04	0.00000000e+00
13.875          	1.18332472e-01	1.88549295e-05	3.63270169e-05	2.09921115e-04	0.00000000e+00
13.88           	3.02096860e-01	1.84618128e-05	3.68561245e-05	1.62744145e-04	0.00000000e+00
13.885          	1.25665588e-01	1.80710690e-05	3.73872464e-05	2.26091581e-04	0.00000000e+00
13.89           	2.38824479e-01	1.76808441e-05	3.79163755e-05	1.93945168e-04	0.00000000e+00
13.895          	1.19195827e-01	1.72907288e-05	3.84414271e-05	1.69392804e-04	0.00000000e+00
13.9            	2.45481388e-01	1.69030879e-05	3.89697427e-05	2.28002579e-04	0.00000000e+00
13.905          	6.61218182e-01	1.65131668e-05	3.94892034e-05	2.01761853e-04	0.00000000e+00
13.91           	1.17662543e-01	1.61231450e-05	4.00036767e-05	2.54177500e-04	0.00000000e+00
13.915          	3.39750727e-01	1.57371508e-05	4.05245116e-05	2.36761211e-04	0.00000000e+00
13.92           	2.71322385e-01	1.53529781e-05	4.10473582e-05	1.35618159e-04	0.00000000e+00
13.925          	1.76511480e-01	1.49650838e-05	4.15553031e-05	1.31658925e-04	0.00000000e+00
13.93           	2.51851707e-01	1.45809274e-05	4.20710239e-05	2.00331522e-04	0.00000000e+00
13.935          	1.78134340e-01	1.41994367e-05	4.25889588e-05	1.46964228e-04	0.00000000e+00
13.94           	4.80029232e-01	1.38173783e-05	4.31014520e-05	1.45884666e-04	0.00000000e+00
13.945          	1.16789778e-01	1.34324303e-05	4.36003438e-05	1.22755952e-04	0.00000000e+00
13.95           	1.22370769e-01	1.30518915e-05	4.41097209e-05	2.74611736e-04	0.00000000e+00
13.955          	1.20771064e-01	1.26710779e-05	4.46113264e-05	9.74224905e-05	0.00000000e+00
13.96           	1.06436146e-01	1.22917104e-05	4.51139492e-05	1.42582507e-04	0.00000000e+00
13.965          	1.61472701e-01	1.19134134e-05	4.56158047e-05	9.10529063e-05	0.00000000e+00
13.97           	1.90108366e-01	1.15380567e-05	4.61258588e-05	1.23063592e-04	0.00000000e+00
13.975          	3.05921545e-01	1.11625661e-05	4.66289169e-05	1.11759953e-04	0.00000000e+00
13.98           	7.77224700e-02	1.07857668e-05	4.71209901e-05	1.05572633e-04	0.00000000e+00
13.985          	2.00111210e-01	1.04117141e-05	4.76208604e-05	1.04698809e-04	0.00000000e+00
13.99           	3.37351872e-01	1.00363780e-05	4.81063636e-05	1.44618834e-04	0.00000000e+00
13.995          	5.50516965e-01	9.66396696e-06	4.86019343e-05	1.09473802e-04	0.00000000e+00
14              	3.58496678e-01	9.29120561e-06	4.90876957e-05	1.89418349e-04	0.00000000e+00
14.005          	2.64317069e-01	8.92081420e-06	4.95801701e-05	1.47086031e-04	0.00000000e+00
14.01           	1.11304098e-01	8.55085442e-06	5.00687515e-05	9.57959513e-05	0.00000000e+00
14.015          	6.01620718e-01	8.18081349e-06	5.05497598e-05	1.86926575e-04	0.00000000e+00
14.02           	1.34360701e-01	7.81224216e-06	5.10322700e-05	1.19336137e-04	0.00000000e+00
14.025          	4.06614274e-01	7.44620560e-06	5.15257235e-05	1.43996640e-04	0.00000000e+00
14.03           	1.59757213e-01	7.07937653e-06	5.20049106e-05	9.31934138e-05	0.00000000e+00
14.035          	2.62973361e-01	6.71365882e-06	5.24834988e-05	1.25767658e-04	0.00000000e+00
14.04           	2.80440904e-01	6.34836727e-06	5.29542234e-05	1.12106957e-04	0.00000000e+00
14.045          	2.64534659e-01	5.98503757e-06	5.34331478e-05	7.38702700e-05	0.00000000e+00
14.05           	2.03618157e-01	5.62244484e-06	5.39018195e-05	1.35969324e-04	0.00000000e+00
14.055          	1.27775445e-01	5.26304994e-06	5.43855502e-05	9.62649146e-05	0.00000000e+00
14.06           	1.81165798e-01	4.90735984e-06	5.48590681e-05	1.19807671e-04	0.00000000e+00
14.065          	3.13360323e-01	4.56397014e-06	5.53232352e-05	1.76991749e-04	0.00000000e+00
14.07           	1.41053091e-01	4.23307748e-06	5.57889605e-05	1.20878215e-04	0.00000000e+00
14.075          	4.95951506e-01	3.92968951e-06	5.62483424e-05	1.29482130e-04	0.00000000e+00
14.08           	1.18183683e-01	3.64423771e-06	5.67228633e-05	1.51698745e-04	0.00000000e+00
14.085          	1.95070005e-01	3.36762219e-06	5.71758373e-05	9.84450082e-05	0.00000000e+00
14.09           	4.11206432e-01	3.09591464e-06	5.76391171e-05	1.91268144e-04	0.00000000e+00
14.095          	1.79648173e-01	2.85932952e-06	5.80919301e-05	1.02665543e-04	0.00000000e+00
14.1            	5.23065886e-01	2.65693122e-06	5.85529531e-05	1.48359557e-04	0.00000000e+00
14.105          	1.49533306e-01	2.50659161e-06	5.90107345e-05	6.51780577e-05	0.00000000e+00
14.11           	2.59285545e-01	2.37334548e-06	5.94652363e-05	9.56654347e-05	0.00000000e+00
14.115          	1.73941638e-01	2.24044265e-06	5.99187406e-05	1.57073892e-04	0.00000000e+00
14.12           	1.94789967e-01	2.15146624e-06	6.03756488e-05	1.99046916e-04	0.00000000e+00
14.125          	1.42289369e-01	2.10931483e-06	6.08203123e-05	1.15831642e-04	0.00000000e+00
14.13           	6.01875583e-01	2.11064341e-06	6.12720657e-05	9.52336948e-05	0.00000000e+00
14.135          	1.79720736e-01	2.13845194e-06	6.17039713e-05	9.20463961e-05	0.00000000e+00
14.14           	9.67862334e-02	2.19771299e-06	6.21503797e-05	1.97637495e-04	0.00000000e+00
14.145          	1.22401324e-01	2.28252217e-06	6.25867731e-05	2.19036039e-04	0.00000000e+00
14.15           	1.91709535e-01	2.38573301e-06	6.30313274e-05	1.16807088e-04	0.00000000e+00
14.155          	1.46545463e-01	2.51266824e-06	6.34712848e-05	1.23879391e-04	0.00000000e+00
14.16           	1.48084013e-01	2.67941682e-06	6.39095461e-05	1.46116252e-04	0.00000000e+00
14.165          	1.15872158e-01	2.85803580e-06	6.43449357e-05	2.22170614e-04	0.00000000e+00
14.17           	1.19530546e-01	3.07271631e-06	6.47703074e-05	1.91180545e-04	0.00000000e+00
14.175          	1.06175319e-01	3.30937139e-06	6.52123907e-05	1.78736879e-04	0.00000000e+00
14.18           	2.42708941e-01	3.56551447e-06	6.56387903e-05	2.07025569e-04	0.00000000e+00
14.185          	8.18670660e-02	3.84717577e-06	6.60656248e-05	1.82885438e-04	0.00000000e+00
14.19           	3.30216887e-01	4.16421462e-06	6.64994887e-05	2.61302056e-04	0.00000000e+00
14.195          	8.42442002e-02	4.48624925e-06	6.69171620e-05	3.35520417e-04	0.00000000e+00
14.2            	5.10138309e-01	4.82084981e-06	6.73469695e-05	2.01772785e-04	0.00000000e+00
14.205          	1.79677914e-01	5.15340273e-06	6.77622725e-05	2.01699329e-04	0.00000000e+00
14.21           	2.89386202e-01	5.48524022e-06	6.81796011e-05	2.04738787e-04	0.00000000e+00
14.215          	8.01262087e-02	5.81617207e-06	6.85964268e-05	2.00238509e-04	0.00000000e+00
14.22           	1.45234432e-01	6.14522548e-06	6.90035323e-05	1.75342847e-04	0.00000000e+00
14.225          	2.24370068e-01	6.47488389e-06	6.94242628e-05	2.00864325e-04	0.00000000e+00
14.23           	3.36207018e-01	6.80211216e-06	6.98302589e-05	1.79312029e-04	0.00000000e+00
14.235          	9.78771641e-02	7.12964004e-06	7.02456640e-05	2.16658353e-04	0.00000000e+00
14.24           	5.31548719e-02	7.45685517e-06	7.06645513e-05	2.00653371e-04	0.00000000e+00
14.245          	1.06135401e-01	7.78015434e-06	7.10579275e-05	2.21491870e-04	0.00000000e+00
14.25           	2.30377567e-01	8.10571653e-06	7.14756524e-05	1.70896621e-04	0.00000000e+00
14.255          	1.72456108e-01	8.42793676e-06	7.18733173e-05	1.47678093e-04	0.00000000e+00
14.26           	1.21354975e-01	8.74996307e-06	7.22758596e-05	1.39776782e-04	0.00000000e+00
14.265          	1.38704993e-01	9.07181322e-06	7.26820501e-05	1.88083520e-04	0.00000000e+00
14.27           	1.43188299e-01	9.38986753e-06	7.30674793e-05	2.11100785e-04	0.00000000e+00
14.275          	1.31900907e-01	9.70922103e-06	7.34669930e-05	1.03338014e-04	0.00000000e+00
14.28           	1.40282184e-01	1.00272503e-05	7.38626854e-05	2.08901386e-04	0.00000000e+00
14.285          	1.16179647e-01	1.03455408e-05	7.42648423e-05	2.36507518e-04	0.00000000e+00
14.29           	1.37978568e-01	1.06606793e-05	7.46516103e-05	2.50938741e-04	0.00000000e+00
14.295          	2.71802899e-01	1.09738031e-05	7.50304818e-05	1.74475788e-04	0.00000000e+00
14.3            	3.28913829e-01	1.12897631e-05	7.54311552e-05	2.46729724e-04	0.00000000e+00
14.305          	1.14303142e-01	1.16032905e-05	7.58213511e-05	2.03003198e-04	0.00000000e+00
14.31           	1.71556677e-01	1.19137538e-05	7.61976940e-05	1.98217280e-04	0.00000000e+00
14.315          	1.53852388e-01	1.22254005e-05	7.65852701e-05	2.38676169e-04	0.00000000e+00
14.32           	1.84525246e-01	1.25326128e-05	7.69519910e-05	2.37509409e-04	0.00000000e+00
14.325          	2.48446421e-01	1.28432598e-05	7.73417483e-05	1.49574106e-04	0.00000000e+00
14.33           	1.29005252e-01	1.31503496e-05	7.77160380e-05	1.82603044e-04	0.00000000e+00
14.335          	5.64533043e-01	1.34550124e-05	7.80809632e-05	2.04825459e-04	0.00000000e+00
14.34           	1.50682550e-01	1.37616502e-05	7.84603743e-05	1.29569229e-04	0.00000000e+00
14.345          	1.14840468e-01	1.40665175e-05	7.88340088e-05	2.31117704e-04	0.00000000e+00
14.35           	1.72820240e-01	1.43698575e-05	7.92028608e-05	8.84729010e-05	0.00000000e+00
14.355          	2.44563013e-01	1.46722430e-05	7.95706412e-05	1.36085390e-04	0.00000000e+00
14.36           	1.32069929e-01	1.49716320e-05	7.99275068e-05	8.59421124e-05	0.00000000e+00
14.365          	1.31656123e-01	1.52752118e-05	8.03078401e-05	1.68099713e-04	0.00000000e+00
14.37           	9.54493387e-02	1.55738917e-05	8.06678632e-05	1.31481835e-04	0.00000000e+00
14.375          	1.56113383e-01	1.58713551e-05	8.10248111e-05	2.03761240e-04	0.00000000e+00
14.38           	3.28894694e-01	1.61706697e-05	8.13938281e-05	1.62821049e-04	0.00000000e+00
14.385          	4.57707761e-01	1.64651417e-05	8.17432965e-05	1.02931540e-04	0.00000000e+00
14.39           	4.50071129e-01	1.67581767e-05	8.20895986e-05	1.00028896e-04	0.00000000e+00
14.395          	3.26462494e-01	1.70555287e-05	8.24583032e-05	1.01783628e-04	0.00000000e+00
14.4            	4.37529459e-01	1.73474924e-05	8.28054247e-05	1.08299576e-04	0.00000000e+00
14.405          	2.38784557e-01	1.76387253e-05	8.31526042e-05	1.34492574e-04	0.00000000e+00
14.41           	8.47140549e-02	1.79300114e-05	8.35031852e-05	1.43613759e-04	0.00000000e+00
14.415          	1.41306679e-01	1.82199897e-05	8.38505887e-05	1.63819403e-04	0.00000000e+00
14.42           	2.42076940e-01	1.85084259e-05	8.41942447e-05	1.68721402e-04	0.00000000e+00
14.425          	9.39577373e-02	1.87964354e-05	8.45384119e-05	1.68229216e-04	0.00000000e+00
14.43           	8.94707369e-02	1.90825048e-05	8.48768075e-05	1.65329052e-04	0.00000000e+00
14.435          	2.04361959e-01	1.93679144e-05	8.52153944e-05	1.55075332e-04	0.00000000e+00
14.44           	2.31637492e-01	1.96526582e-05	8.55545296e-05	1.30745090e-04	0.00000000e+00
14.445          	2.65912551e-01	1.99388233e-05	8.59009055e-05	1.84230034e-04	0.00000000e+00
14.45           	1.60503868e-01	2.02196828e-05	8.62282707e-05	1.36035742e-04	0.00000000e+00
14.455          	2.37256520e-01	2.05003604e-05	8.65586149e-05	1.47823771e-04	0.00000000e+00
14.46           	1.50709229e-01	2.07831520e-05	8.68985812e-05	1.67814263e-04	0.00000000e+00
14.465          	2.44315540e-01	2.10609542e-05	8.72218992e-05	1.27115209e-04	0.00000000e+00
14.47           	2.50126272e-01	2.13383546e-05	8.75452550e-05	1.54029522e-04	0.00000000e+00
14.475          	4.64983833e-01	2.16147332e-05	8.78677311e-05	1.42689258e-04	0.00000000e+00
14.48           	1.58268245e-01	2.18912850e-05	8.81935148e-05	2.90578913e-04	0.00000000e+00
14.485          	1.12942429e-01	2.21659404e-05	8.85143753e-05	1.33013756e-04	0.00000000e+00
14.49           	3.27695816e-01	2.24421607e-05	8.88426274e-05	2.73511163e-04	0.00000000e+00
14.495          	1.23192762e-01	2.27133186e-05	8.91546878e-05	2.58604347e-04	0.00000000e+00
14.5            	1.23904575e-01	2.29842029e-05	8.94670694e-05	1.92693565e-04	0.00000000e+00
14.505          	1.49899522e-01	2.32574164e-05	8.97908457e-05	1.86562555e-04	0.00000000e+00
14.51           	1.52676523e-01	2.35284179e-05	9.01081437e-05	2.46670671e-04	0.00000000e+00
14.515          	1.27112428e-01	2.37974520e-05	9.04205155e-05	2.45686032e-04	0.00000000e+00
14.52           	5.26241624e-01	2.40595850e-05	9.07103987e-05	2.34195555e-04	0.00000000e+00
14.525          	4.34966155e-01	2.43241783e-05	9.10112961e-05	2.16682853e-04	0.00000000e+00
14.53           	3.01472376e-01	2.45888598e-05	9.13146232e-05	2.69518857e-04	0.00000000e+00
14.535          	2.16517781e-01	2.48585166e-05	9.16372746e-05	1.99027143e-04	0.00000000e+00
14.54           	1.66197833e-01	2.51207976e-05	9.19364390e-05	2.67711351e-04	0.00000000e+00
14.545          	1.60717615e-01	2.53822595e-05	9.22336929e-05	2.02298831e-04	0.00000000e+00
14.55           	1.64916977e-01	2.56433728e-05	9.25328683e-05	2.06715415e-04	0.00000000e+00
14.555          	2.19230492e-01	2.59027507e-05	9.28280079e-05	1.96079529e-04	0.00000000e+00
14.56           	1.23691470e-01	2.61588428e-05	9.31128272e-05	2.86188639e-04	0.00000000e+00
14.565          	1.36997412e-01	2.64150636e-05	9.34007980e-05	1.81518396e-04	0.00000000e+00
14.57           	4.14812102e-01	2.66740466e-05	9.36993399e-05	3.09586012e-04	0.00000000e+00
14.575          	1.24289243e-01	2.69310044e-05	9.39927075e-05	2.36570979e-04	0.00000000e+00
14.58           	4.71813270e-01	2.71856675e-05	9.42817281e-05	2.59542714e-04	0.00000000e+00
14.585          	1.50505538e-01	2.74364825e-05	9.45584164e-05	2.95112356e-04	0.00000000e+00
14.59           	3.04759341e-01	2.76908933e-05	9.48485257e-05	2.46110861e-04	0.00000000e+00
14.595          	1.41737195e-01	2.79392069e-05	9.51217356e-05	2.10267744e-04	0.00000000e+00
14.6            	1.36204867e-01	2.81890009e-05	9.54006994e-05	1.77381710e-04	0.00000000e+00
14.605          	8.66890675e-02	2.84443418e-05	9.56992144e-05	1.46349664e-04	0.00000000e+00
14.61           	3.39697897e-01	2.86944534e-05	9.59825365e-05	2.61104225e-04	0.00000000e+00
14.615          	1.68015045e-01	2.89383404e-05	9.62485461e-05	1.45579849e-04	0.00000000e+00
14.62           	1.33861317e-01	2.91862726e-05	9.65280336e-05	1.62817111e-04	0.00000000e+00
14.625          	1.40267628e-01	2.94324016e-05	9.68030847e-05	2.29329625e-04	0.00000000e+00
14.63           	2.92911345e-01	2.96698428e-05	9.70529323e-05	1.49974681e-04	0.00000000e+00
14.635          	1.18920109e-01	2.99131790e-05	9.73238147e-05	1.14410718e-04	0.00000000e+00
14.64           	1.33582130e-01	3.01552248e-05	9.75904409e-05	1.33381582e-04	0.00000000e+00
14.645          	1.63115601e-01	3.03918665e-05	9.78435818e-05	1.21320050e-04	0.00000000e+00
14.65           	3.61719650e-01	3.06367505e-05	9.81231905e-05	1.54833196e-04	0.00000000e+00
14.655          	3.19662721e-01	3.08698938e-05	9.83683453e-05	1.74462340e-04	0.00000000e+00
14.66           	1.03645062e-01	3.11086012e-05	9.86315080e-05	1.66972796e-04	0.00000000e+00
14.665          	3.95282055e-01	3.13451429e-05	9.88898800e-05	2.48682132e-04	0.00000000e+00
14.67           	1.71378037e-01	3.15809554e-05	9.91471579e-05	1.05142630e-04	0.00000000e+00
14.675          	2.04288757e-01	3.18116935e-05	9.93915108e-05	1.63442526e-04	0.00000000e+00
14.68           	2.50730522e-01	3.20433814e-05	9.96400403e-05	1.36671899e-04	0.00000000e+00
14.685          	3.89153587e-01	3.22780707e-05	9.98984038e-05	1.99016829e-04	0.00000000e+00
14.69           	7.20923400e-02	3.25088909e-05	1.00147459e-04	9.33563518e-05	0.00000000e+00
14.695          	2.93899607e-01	3.27430142e-05	1.00407344e-04	1.13527692e-04	0.00000000e+00
14.7            	1.60013369e-01	3.29722065e-05	1.00654492e-04	1.17880540e-04	0.00000000e+00
14.705          	2.15993738e-01	3.32005382e-05	1.00899664e-04	1.65828139e-04	0.00000000e+00
14.71           	1.57589115e-01	3.34227836e-05	1.01129708e-04	1.61059725e-04	0.00000000e+00
14.715          	3.41899527e-01	3.36465623e-05	1.01365085e-04	1.28242014e-04	0.00000000e+00
14.72           	3.13147305e-01	3.38744688e-05	1.01612568e-04	8.40463288e-05	0.00000000e+00
14.725          	1.76490801e-01	3.40910927e-05	1.01829607e-04	1.21772589e-04	0.00000000e+00
14.73           	1.99817708e-01	3.43140133e-05	1.02067229e-04	2.19764673e-04	0.00000000e+00
14.735          	2.34994654e-01	3.45350878e-05	1.02300336e-04	1.35841370e-04	0.00000000e+00
14.74           	1.16117732e-01	3.47592772e-05	1.02542370e-04	1.64361991e-04	0.00000000e+00
14.745          	1.17101797e-01	3.49752588e-05	1.02762576e-04	1.26312192e-04	0.00000000e+00
14.75           	3.09707312e-01	3.51951350e-05	1.02996537e-04	1.68370351e-04	0.00000000e+00
14.755          	1.60495746e-01	3.54085567e-05	1.03213671e-04	2.67125249e-04	0.00000000e+00
14.76           	1.49829838e-01	3.56265767e-05	1.03443972e-04	2.31330017e-04	0.00000000e+00
14.765          	1.26609001e-01	3.58383086e-05	1.03657187e-04	2.25291427e-04	0.00000000e+00
14.77           	5.56060152e-01	3.60459260e-05	1.03862062e-04	2.43774768e-04	0.00000000e+00
14.775          	1.40706427e-01	3.62606966e-05	1.04086574e-04	2.34840572e-04	0.00000000e+00
14.78           	1.41281382e-01	3.64720249e-05	1.04304830e-04	2.16046669e-04	0.00000000e+00
14.785          	2.16390532e-01	3.66815356e-05	1.04517511e-04	1.86466386e-04	0.00000000e+00
14.79           	1.53189385e-01	3.68870822e-05	1.04720949e-04	1.92435805e-04	0.00000000e+00
14.795          	1.89349355e-01	3.71017773e-05	1.04950637e-04	1.79624308e-04	0.00000000e+00
14.8            	2.03620636e-01	3.73106452e-05	1.05165619e-04	2.61663113e-04	0.00000000e+00
14.805          	3.64401011e-01	3.75076769e-05	1.05350336e-04	2.23210236e-04	0.00000000e+00
14.81           	2.17399717e-01	3.77091674e-05	1.05548048e-04	1.83720939e-04	0.00000000e+00
14.815          	1.21035454e-01	3.79197412e-05	1.05771219e-04	2.20048263e-04	0.00000000e+00
14.82           	1.57543931e-01	3.81167749e-05	1.05958636e-04	2.52937844e-04	0.00000000e+00
14.825          	1.95704931e-01	3.83160756e-05	1.06153679e-04	2.65854779e-04	0.00000000e+00
14.83           	2.17743382e-01	3.85189326e-05	1.06360502e-04	2.60603195e-04	0.00000000e+00
14.835          	1.22001352e-01	3.87182900e-05	1.06557456e-04	1.51689242e-04	0.00000000e+00
14.84           	3.86242222e-01	3.89161847e-05	1.06752107e-04	2.53940116e-04	0.00000000e+00
14.845          	1.15775030e-01	3.91128547e-05	1.06944789e-04	1.76413620e-04	0.00000000e+00
14.85           	3.79665306e-01	3.93096858e-05	1.07139496e-04	2.86333947e-04	0.00000000e+00
14.855          	7.22055507e-02	3.94990900e-05	1.07315606e-04	2.39302760e-04	0.00000000e+00
14.86           	1.22164478e-01	3.96994349e-05	1.07521282e-04	2.31699076e-04	0.00000000e+00
14.865          	1.37049541e-01	3.98949453e-05	1.07714722e-04	1.55545759e-04	0.00000000e+00
14.87           	2.25695244e-01	4.00820744e-05	1.07888878e-04	1.95559100e-04	0.00000000e+00
14.875          	1.61049929e-01	4.02661507e-05	1.08055163e-04	2.13279959e-04	0.00000000e+00
14.88           	2.52084341e-01	4.04628994e-05	1.08254844e-04	2.66297968e-04	0.00000000e+00
14.885          	2.25534350e-01	4.06435163e-05	1.08414997e-04	1.89401693e-04	0.00000000e+00
14.89           	1.23451536e-01	4.08367968e-05	1.08608514e-04	1.85186111e-04	0.00000000e+00
14.895          	4.85625822e-01	4.10256063e-05	1.08790861e-04	2.93931420e-04	0.00000000e+00
14.9            	1.45538240e-01	4.12059938e-05	1.08954167e-04	2.36516293e-04	0.00000000e+00
14.905          	1.71338704e-01	4.13842970e-05	1.09111546e-04	2.94114201e-04	0.00000000e+00
14.91           	2.94322729e-01	4.15639998e-05	1.09274710e-04	2.09040915e-04	0.00000000e+00
14.915          	1.96161073e-01	4.17534942e-05	1.09463463e-04	2.89887787e-04	0.00000000e+00
14.92           	1.38014135e-01	4.19282511e-05	1.09615271e-04	2.39519086e-04	0.00000000e+00
14.925          	1.24278822e-01	4.21099341e-05	1.09785403e-04	2.09373966e-04	0.00000000e+00
14.93           	1.46487231e-01	4.22834361e-05	1.09937570e-04	2.67871413e-04	0.00000000e+00
14.935          	1.13207857e-01	4.24636922e-05	1.10107613e-04	2.36867373e-04	0.00000000e+00
14.94           	1.42791662e-01	4.26416343e-05	1.10271648e-04	2.48677604e-04	0.00000000e+00
14.945          	1.65983870e-01	4.28205434e-05	1.10439281e-04	2.15880122e-04	0.00000000e+00
14.95           	9.21031713e-02	4.29906990e-05	1.10585565e-04	1.63501272e-04	0.00000000e+00
14.955          	4.43715988e-01	4.31670428e-05	1.10749074e-04	1.58989043e-04	0.00000000e+00
14.96           	1.07706900e-01	4.33358673e-05	1.10893520e-04	1.95206885e-04	0.00000000e+00
14.965          	9.12545810e-02	4.35008743e-05	1.11030771e-04	1.89928977e-04	0.00000000e+00
14.97           	1.46727122e-01	4.36683956e-05	1.11175092e-04	1.63830457e-04	0.00000000e+00
14.975          	4.69290677e-02	4.38409961e-05	1.11333321e-04	2.10565547e-04	0.00000000e+00
14.98           	5.39906378e-01	4.40091453e-05	1.11480054e-04	1.75571212e-04	0.00000000e+00
14.985          	1.36583560e-01	4.41795479e-05	1.11634928e-04	2.60340140e-04	0.00000000e+00
14.99           	3.26418948e-01	4.43363353e-05	1.11756924e-04	1.71932924e-04	0.00000000e+00
14.995          	1.64279605e-01	4.45031448e-05	1.11902935e-04	1.89593489e-04	0.00000000e+00
15              	2.41712895e-01	4.46719962e-05	1.12056004e-04	2.38777722e-04	0.00000000e+00
15.005          	1.41796754e-01	4.48306607e-05	1.12184562e-04	1.66951267e-04	0.00000000e+00
15.01           	1.57565178e-01	4.49845851e-05	1.12304111e-04	1.90578207e-04	0.00000000e+00
15.015          	1.97558871e-01	4.51419037e-05	1.12432142e-04	1.61680890e-04	0.00000000e+00
15.02           	2.88867641e-01	4.53006710e-05	1.12563724e-04	9.63837826e-05	0.00000000e+00
15.025          	2.89192691e-01	4.54632914e-05	1.12706291e-04	1.26422020e-04	0.00000000e+00
15.03           	1.57755952e-01	4.56213502e-05	1.12838475e-04	1.93243344e-04	0.00000000e+00
15.035          	8.49301855e-02	4.57719719e-05	1.12953103e-04	1.82084135e-04	0.00000000e+00
15.04           	1.91293911e-01	4.59297891e-05	1.13086670e-04	1.69785193e-04	0.00000000e+00
15.045          	1.71351285e-01	4.60830176e-05	1.13210505e-04	2.09787858e-04	0.00000000e+00
15.05           	9.73801456e-02	4.62298213e-05	1.13318886e-04	6.92708383e-05	0.00000000e+00
15.055          	1.53552639e-01	4.63837915e-05	1.13444780e-04	1.45298644e-04	0.00000000e+00
15.06           	1.54270401e-01	4.65309291e-05	1.13555706e-04	1.69765394e-04	0.00000000e+00
15.065          	1.98546771e-01	4.66777090e-05	1.13667484e-04	1.78305884e-04	0.00000000e+00
15.07           	4.04580291e-01	4.68310935e-05	1.13795192e-04	1.62278431e-04	0.00000000e+00
15.075          	1.39755053e-01	4.69844511e-05	1.13922936e-04	1.07095960e-04	0.00000000e+00
15.08           	1.32807924e-01	4.71322644e-05	1.14038755e-04	1.41151802e-04	0.00000000e+00
15.085          	8.77154846e-02	4.72710662e-05	1.14134482e-04	1.21441100e-04	0.00000000e+00
15.09           	1.48597531e-01	4.74088004e-05	1.14228511e-04	2.08162588e-04	0.00000000e+00
15.095          	1.23475841e-01	4.75481439e-05	1.14327860e-04	7.36437785e-05	0.00000000e+00
15.1            	1.75803063e-01	4.76948725e-05	1.14444699e-04	6.82070029e-05	0.00000000e+00
15.105          	8.37902120e-02	4.78352959e-05	1.14547074e-04	1.05811466e-04	0.00000000e+00
15.11           	3.76138728e-01	4.79810232e-05	1.14662700e-04	9.34866542e-05	0.00000000e+00
15.115          	7.53105706e-02	4.81163335e-05	1.14755676e-04	1.54497009e-04	0.00000000e+00
15.12           	1.93279321e-01	4.82519383e-05	1.14848663e-04	1.40233897e-04	0.00000000e+00
15.125          	2.89095198e-01	4.83813071e-05	1.14929978e-04	1.54464500e-04	0.00000000e+00
15.13           	1.06404772e-01	4.85139790e-05	1.15019130e-04	1.66831224e-04	0.00000000e+00
15.135          	1.86964626e-01	4.86536219e-05	1.15124761e-04	1.42921577e-04	0.00000000e+00
15.14           	9.34527402e-02	4.87921731e-05	1.15228648e-04	8.36180827e-05	0.00000000e+00
15.145          	7.80701505e-02	4.89207561e-05	1.15310953e-04	1.57029139e-04	0.00000000e+00
15.15           	2.93829382e-01	4.90448099e-05	1.15382738e-04	1.18680304e-04	0.00000000e+00
15.155          	1.92157458e-01	4.91838841e-05	1.15489107e-04	1.51465749e-04	0.00000000e+00
15.16           	3.57234943e-01	4.93100092e-05	1.15566645e-04	1.33430734e-04	0.00000000e+00
15.165          	2.21060970e-01	4.94366638e-05	1.15646699e-04	1.17545367e-04	0.00000000e+00
15.17           	1.67163329e-01	4.95565230e-05	1.15713545e-04	1.74612977e-04	0.00000000e+00
15.175          	1.14475266e-01	4.96847596e-05	1.15798775e-04	2.22526153e-04	0.00000000e+00
15.18           	1.06122717e-01	4.98104380e-05	1.15880207e-04	1.70521530e-04	0.00000000e+00
15.185          	3.16477288e-01	4.99403964e-05	1.15969987e-04	2.65827767e-04	0.00000000e+00
15.19           	1.66651501e-01	5.00580133e-05	1.16033346e-04	1.61450017e-04	0.00000000e+00
15.195          	2.16052205e-01	5.01787753e-05	1.16103987e-04	1.59784207e-04	0.00000000e+00
15.2            	3.65650969e-01	5.02987078e-05	1.16173974e-04	1.64875426e-04	0.00000000e+00
15.205          	9.34060051e-02	5.04164855e-05	1.16240682e-04	1.47967109e-04	0.00000000e+00
15.21           	1.07509171e-01	5.05408367e-05	1.16322277e-04	1.53198054e-04	0.00000000e+00
15.215          	1.34649150e-01	5.06586918e-05	1.16390613e-04	1.45618851e-04	0.00000000e+00
15.22           	1.78271786e-01	5.07651277e-05	1.16433078e-04	1.80096224e-04	0.00000000e+00
15.225          	3.16316783e-01	5.08820123e-05	1.16499250e-04	1.76230518e-04	0.00000000e+00
15.23           	1.31501672e-01	5.09957335e-05	1.16561402e-04	9.70982811e-05	0.00000000e+00
15.235          	1.23489571e-01	5.11091218e-05	1.16620580e-04	1.79701916e-04	0.00000000e+00
15.24           	3.21021832e-01	5.12267387e-05	1.16691224e-04	1.32714949e-04	0.00000000e+00
15.245          	9.92797467e-02	5.13328836e-05	1.16738322e-04	1.57400929e-04	0.00000000e+00
15.25           	9.67784286e-02	5.14409701e-05	1.16789524e-04	1.83058798e-04	0.00000000e+00
15.255          	1.09949375e-01	5.15432224e-05	1.16827706e-04	1.57996051e-04	0.00000000e+00
15.26           	1.43461790e-01	5.16550964e-05	1.16886781e-04	1.85497667e-04	0.00000000e+00
15.265          	3.24029609e-01	5.17565039e-05	1.16925741e-04	1.93981997e-04	0.00000000e+00
15.27           	3.29022434e-01	5.18713070e-05	1.16994181e-04	1.86793796e-04	0.00000000e+00
15.275          	1.45238715e-01	5.19730055e-05	1.17033766e-04	2.24898200e-04	0.00000000e+00
15.28           	1.25852894e-01	5.20701248e-05	1.17064952e-04	2.87917699e-04	0.00000000e+00
15.285          	1.61578620e-01	5.21773811e-05	1.17118543e-04	2.85903860e-04	0.00000000e+00
15.29           	1.30956983e-01	5.22732442e-05	1.17148009e-04	2.29372989e-04	0.00000000e+00
15.295          	1.48090054e-01	5.23770212e-05	1.17194695e-04	1.78704651e-04	0.00000000e+00
15.3            	1.50200173e-01	5.24832476e-05	1.17248240e-04	2.29676605e-04	0.00000000e+00
15.305          	4.27162758e-01	5.25783874e-05	1.17278639e-04	2.61052942e-04	0.00000000e+00
15.31           	1.36864267e-01	5.26811334e-05	1.17324363e-04	2.69258093e-04	0.00000000e+00
15.315          	3.64234176e-01	5.27720039e-05	1.17345803e-04	1.41496819e-04	0.00000000e+00
15.32           	2.41159246e-01	5.28670739e-05	1.17377624e-04	1.17761563e-04	0.00000000e+00
15.325          	2.54360237e-01	5.29653176e-05	1.17416712e-04	1.59244685e-04	0.00000000e+00
15.33           	2.18119111e-01	5.30538390e-05	1.17434724e-04	1.57555148e-04	0.00000000e+00
15.335          	1.22437210e-01	5.31443727e-05	1.17458057e-04	1.46812277e-04	0.00000000e+00
15.34           	1.32259014e-01	5.32294383e-05	1.17471003e-04	8.73369792e-05	0.00000000e+00
15.345          	1.25707858e-01	5.33241253e-05	1.17503560e-04	9.84734474e-05	0.00000000e+00
15.35           	1.22012099e-01	5.34193451e-05	1.17539829e-04	2.32680861e-04	0.00000000e+00
15.355          	6.48546315e-02	5.34992027e-05	1.17542534e-04	1.06276695e-04	0.00000000e+00
15.36           	2.97355010e-01	5.35881640e-05	1.17566851e-04	1.22716839e-04	0.00000000e+00
15.365          	1.53631319e-01	5.36747588e-05	1.17585925e-04	1.10187323e-04	0.00000000e+00
15.37           	1.56020750e-01	5.37666081e-05	1.17615195e-04	1.73295457e-04	0.00000000e+00
15.375          	2.44814197e-01	5.38515714e-05	1.17631832e-04	9.47134475e-05	0.00000000e+00
15.38           	2.00739249e-01	5.39300641e-05	1.17633821e-04	2.30634731e-04	0.00000000e+00
15.385          	4.28438222e-01	5.40109801e-05	1.17643541e-04	1.50646709e-04	0.00000000e+00
15.39           	7.66423443e-02	5.40957902e-05	1.17661644e-04	1.07813468e-04	0.00000000e+00
15.395          	2.19454458e-01	5.41722021e-05	1.17661019e-04	1.06144074e-04	0.00000000e+00
15.4            	2.60434600e-01	5.42491496e-05	1.17664795e-04	1.37244656e-04	0.00000000e+00
15.405          	3.19832114e-01	5.43276435e-05	1.17670703e-04	2.05552263e-04	0.00000000e+00
15.41           	1.30810800e-01	5.44041887e-05	1.17672019e-04	7.69629208e-05	0.00000000e+00
15.415          	3.44812587e-01	5.44860017e-05	1.17686392e-04	1.64610518e-04	0.00000000e+00
15.42           	1.22816798e-01	5.45572840e-05	1.17679658e-04	1.46126277e-04	0.00000000e+00
15.425          	9.28613629e-02	5.46226134e-05	1.17660710e-04	1.18903219e-04	0.00000000e+00
15.43           	2.24149825e-01	5.46994785e-05	1.17665014e-04	2.21777881e-04	0.00000000e+00
15.435          	2.55847315e-01	5.47726856e-05	1.17662993e-04	1.47826392e-04	0.00000000e+00
15.44           	1.33121114e-01	5.48371375e-05	1.17644807e-04	1.37434651e-04	0.00000000e+00
15.445          	1.30732422e-01	5.49104671e-05	1.17644334e-04	1.35014239e-04	0.00000000e+00
15.45           	1.02545939e-01	5.49822650e-05	1.17641811e-04	1.21638656e-04	0.00000000e+00
15.455          	1.53193148e-01	5.50506315e-05	1.17631187e-04	1.14429954e-04	0.00000000e+00
15.46           	2.03564238e-01	5.51108180e-05	1.17606127e-04	1.68033801e-04	0.00000000e+00
15.465          	4.88223330e-01	5.51875074e-05	1.17614513e-04	1.04903170e-04	0.00000000e+00
15.47           	2.55175495e-01	5.52430017e-05	1.17580427e-04	1.15573663e-04	0.00000000e+00
15.475          	1.33595543e-01	5.53107399e-05	1.17570575e-04	7.56486917e-05	0.00000000e+00
15.48           	1.58603568e-01	5.53693476e-05	1.17543707e-04	9.30278175e-05	0.00000000e+00
15.485          	1.24198130e-01	5.54342361e-05	1.17530304e-04	1.58560923e-04	0.00000000e+00
15.49           	1.25663740e-01	5.55023526e-05	1.17524510e-04	1.26191732e-04	0.00000000e+00
15.495          	6.40848992e-02	5.55660614e-05	1.17508947e-04	6.86111513e-05	0.00000000e+00
15.5            	1.23876132e-01	5.56132269e-05	1.17460902e-04	7.06313527e-05	0.00000000e+00
15.505          	1.19006318e-01	5.56735431e-05	1.17440686e-04	1.32766304e-04	0.00000000e+00
15.51           	5.71073071e-01	5.57327078e-05	1.17417376e-04	1.34326187e-04	0.00000000e+00
15.515          	2.05222699e-01	5.57890114e-05	1.17387805e-04	1.09508983e-04	0.00000000e+00
15.52           	1.51019445e-01	5.58434632e-05	1.17357747e-04	1.14336351e-04	0.00000000e+00
15.525          	8.04343206e-02	5.58969250e-05	1.17324006e-04	1.14982658e-04	0.00000000e+00
15.53           	2.03144096e-01	5.59561271e-05	1.17303550e-04	1.28340968e-04	0.00000000e+00
15.535          	1.15595800e-01	5.60042004e-05	1.17260027e-04	1.31078974e-04	0.00000000e+00
15.54           	1.33370887e-01	5.60603337e-05	1.17234344e-04	1.15165030e-04	0.00000000e+00
15.545          	1.97005426e-01	5.61123077e-05	1.17200360e-04	1.51593033e-04	0.00000000e+00
15.55           	1.52085427e-01	5.61622572e-05	1.17162636e-04	1.49173576e-04	0.00000000e+00
15.555          	1.26822743e-01	5.62046641e-05	1.17109471e-04	9.65371023e-05	0.00000000e+00
15.56           	2.17171117e-01	5.62444446e-05	1.17052517e-04	1.65608298e-04	0.00000000e+00
15.565          	3.36798633e-01	5.63003573e-05	1.17028472e-04	2.05049926e-04	0.00000000e+00
15.57           	1.50109675e-01	5.63503878e-05	1.16992146e-04	1.39505153e-04	0.00000000e+00
15.575          	1.86516666e-01	5.63845335e-05	1.16924640e-04	1.48797343e-04	0.00000000e+00
15.58           	2.23452496e-01	5.64247611e-05	1.16870105e-04	1.17335979e-04	0.00000000e+00
15.585          	6.02124728e-01	5.64783097e-05	1.16842948e-04	2.40447543e-04	0.00000000e+00
15.59           	1.90834037e-01	5.65179739e-05	1.16788855e-04	1.04514444e-04	0.00000000e+00
15.595          	1.28716720e-01	5.65625438e-05	1.16744811e-04	1.74106251e-04	0.00000000e+00
15.6            	1.00164182e-01	5.66050207e-05	1.16696086e-04	2.03680136e-04	0.00000000e+00
15.605          	1.63668898e-01	5.66377757e-05	1.16630019e-04	1.50992792e-04	0.00000000e+00
15.61           	1.16882417e-01	5.66674779e-05	1.16557019e-04	2.05038858e-04	0.00000000e+00
15.615          	1.35509180e-01	5.67080806e-05	1.16507107e-04	1.71226392e-04	0.00000000e+00
15.62           	1.57238619e-01	5.67524805e-05	1.16463564e-04	1.85318752e-04	0.00000000e+00
15.625          	1.54123202e-01	5.67904619e-05	1.16408349e-04	2.89384967e-04	0.00000000e+00
15.63           	2.08053622e-01	5.68122953e-05	1.16322330e-04	2.12679822e-04	0.00000000e+00
15.635          	2.18779470e-01	5.68478166e-05	1.16264321e-04	2.34947247e-04	0.00000000e+00
15.64           	4.29953840e-01	5.68823060e-05	1.16203461e-04	1.69004406e-04	0.00000000e+00
15.645          	2.03905695e-01	5.69068819e-05	1.16123747e-04	1.98295636e-04	0.00000000e+00
15.65           	1.03727600e-01	5.69472225e-05	1.16075849e-04	2.61356705e-04	0.00000000e+00
15.655          	2.28751347e-01	5.69814741e-05	1.16015542e-04	2.48047544e-04	0.00000000e+00
15.66           	1.38729731e-01	5.69983296e-05	1.15922363e-04	2.37853853e-04	0.00000000e+00
15.665          	2.65487215e-01	5.70285186e-05	1.15856369e-04	2.79798064e-04	0.00000000e+00
15.67           	2.68825475e-01	5.70562226e-05	1.15785383e-04	2.30379295e-04	0.00000000e+00
15.675          	8.62013695e-02	5.70775055e-05	1.15700688e-04	3.54358635e-04	0.00000000e+00
15.68           	5.96912242e-02	5.70997078e-05	1.15619801e-04	2.84470775e-04	0.00000000e+00
15.685          	1.12924530e-01	5.71292168e-05	1.15554151e-04	2.74064377e-04	0.00000000e+00
15.69           	2.35162140e-01	5.71600425e-05	1.15490421e-04	2.94026022e-04	0.00000000e+00
15.695          	1.35581649e-01	5.71786041e-05	1.15402597e-04	2.40627219e-04	0.00000000e+00
15.7            	1.01321193e-01	5.71930051e-05	1.15308125e-04	2.73815299e-04	0.00000000e+00
15.705          	2.14069510e-01	5.72246557e-05	1.15247022e-04	2.46880676e-04	0.00000000e+00
15.71           	1.75900886e-01	5.72345403e-05	1.15144700e-04	2.35052757e-04	0.00000000e+00
15.715          	7.83283575e-02	5.72621690e-05	1.15077261e-04	2.26079346e-04	0.00000000e+00
15.72           	1.72489127e-01	5.72843189e-05	1.14998639e-04	2.43244605e-04	0.00000000e+00
15.725          	1.58206351e-01	5.72905591e-05	1.14889748e-04	3.19233155e-04	0.00000000e+00
15.73           	1.83343223e-01	5.73093991e-05	1.14806670e-04	2.46553583e-04	0.00000000e+00
15.735          	1.73998755e-01	5.73299610e-05	1.14727111e-04	2.65842932e-04	0.00000000e+00
15.74           	1.25334452e-01	5.73473791e-05	1.14640900e-04	1.97314454e-04	0.00000000e+00
15.745          	1.27241661e-01	5.73604789e-05	1.14547774e-04	2.14345955e-04	0.00000000e+00
15.75           	1.29830747e-01	5.73684003e-05	1.14444541e-04	1.63849444e-04	0.00000000e+00
15.755          	1.84817477e-01	5.73829812e-05	1.14354752e-04	1.62288940e-04	0.00000000e+00
15.76           	2.23921648e-01	5.73883650e-05	1.14246837e-04	1.52981066e-04	0.00000000e+00
15.765          	4.58869320e-01	5.74027839e-05	1.14157822e-04	1.23573456e-04	0.00000000e+00
15.77           	1.10153226e-01	5.74074508e-05	1.14050610e-04	8.79373089e-05	0.00000000e+00
15.775          	1.26880300e-01	5.74154718e-05	1.13949125e-04	1.24384574e-04	0.00000000e+00
15.78           	2.52652628e-01	5.74221435e-05	1.13844573e-04	1.22566554e-04	0.00000000e+00
15.785          	2.11736130e-01	5.74288333e-05	1.13742514e-04	1.22427007e-04	0.00000000e+00
15.79           	9.84967987e-02	5.74339173e-05	1.13636090e-04	1.13408611e-04	0.00000000e+00
15.795          	1.44059676e-01	5.74325898e-05	1.13518922e-04	2.28470450e-04	0.00000000e+00
15.8            	2.80575183e-01	5.74465108e-05	1.13431338e-04	2.07642339e-04	0.00000000e+00
15.805          	1.91712298e-01	5.74527854e-05	1.13329305e-04	2.31514676e-04	0.00000000e+00
15.81           	7.51102557e-02	5.74437585e-05	1.13198223e-04	1.73890853e-04	0.00000000e+00
15.815          	1.35086845e-01	5.74470941e-05	1.13090738e-04	2.17298991e-04	0.00000000e+00
15.82           	1.66468401e-01	5.74467861e-05	1.12977727e-04	1.42350243e-04	0.00000000e+00
15.825          	9.92905213e-02	5.74478554e-05	1.12867866e-04	1.74866736e-04	0.00000000e+00
15.83           	1.03861636e-01	5.74464853e-05	1.12752116e-04	2.05131578e-04	0.00000000e+00
15.835          	1.03142697e-01	5.74384230e-05	1.12625177e-04	1.52059639e-04	0.00000000e+00
15.84           	1.24078207e-01	5.74397128e-05	1.12516908e-04	1.98374921e-04	0.00000000e+00
15.845          	2.37240505e-01	5.74416903e-05	1.12409961e-04	1.96904187e-04	0.00000000e+00
15.85           	4.55952193e-01	5.74338638e-05	1.12283163e-04	1.91485515e-04	0.00000000e+00
15.855          	2.67792297e-01	5.74263732e-05	1.12160021e-04	2.01173983e-04	0.00000000e+00
15.86           	5.89905084e-01	5.74201054e-05	1.12036761e-04	1.97319948e-04	0.00000000e+00
15.865          	1.88046144e-01	5.74191855e-05	1.11925518e-04	1.73686259e-04	0.00000000e+00
15.87           	3.36661165e-01	5.74068169e-05	1.11792203e-04	1.12655264e-04	0.00000000e+00
15.875          	2.93015683e-01	5.73950869e-05	1.11661545e-04	1.39393156e-04	0.00000000e+00
15.88           	1.13597052e-01	5.73920000e-05	1.11547186e-04	1.81571648e-04	0.00000000e+00
15.885          	1.01168744e-01	5.73759046e-05	1.11408596e-04	2.27030231e-04	0.00000000e+00
15.89           	4.28281852e-01	5.73630954e-05	1.11277677e-04	1.97643186e-04	0.00000000e+00
15.895          	9.08732852e-02	5.73561578e-05	1.11156844e-04	2.18650315e-04	0.00000000e+00
15.9            	2.07201938e-01	5.73389748e-05	1.11017685e-04	1.23764024e-04	0.00000000e+00
15.905          	1.23177408e-01	5.73236656e-05	1.10882094e-04	1.96758203e-04	0.00000000e+00
15.91           	2.31625874e-01	5.73078947e-05	1.10744746e-04	1.48140250e-04	0.00000000e+00
15.915          	9.61479726e-02	5.72924684e-05	1.10610283e-04	2.13619011e-04	0.00000000e+00
15.92           	1.81545525e-01	5.72755886e-05	1.10471772e-04	1.47334347e-04	0.00000000e+00
15.925          	9.29315090e-02	5.72658535e-05	1.10347517e-04	1.41343114e-04	0.00000000e+00
15.93           	1.90716839e-01	5.72489528e-05	1.10211060e-04	1.92468994e-04	0.00000000e+00
15.935          	1.36910591e-01	5.72246481e-05	1.10061255e-04	1.94343993e-04	0.00000000e+00
15.94           	6.31149154e-02	5.72103115e-05	1.09928753e-04	1.68761517e-04	0.00000000e+00
15.945          	6.34540409e-01	5.71781349e-05	1.09764525e-04	9.74861086e-05	0.00000000e+00
15.95           	1.83126138e-01	5.71601211e-05	1.09625731e-04	1.33785052e-04	0.00000000e+00
15.955          	1.02898479e-01	5.71391306e-05	1.09482464e-04	1.22741078e-04	0.00000000e+00
15.96           	9.88749616e-02	5.71170847e-05	1.09338940e-04	1.74841332e-04	0.00000000e+00
15.965          	1.83030269e-01	5.70860528e-05	1.09178430e-04	2.64131779e-04	0.00000000e+00
15.97           	5.06761004e-01	5.70667658e-05	1.09039779e-04	1.38129360e-04	0.00000000e+00
15.975          	3.77638114e-01	5.70418824e-05	1.08891665e-04	1.66333328e-04	0.00000000e+00
15.98           	5.10003273e-02	5.70109811e-05	1.08730994e-04	1.23050815e-04	0.00000000e+00
15.985          	7.96556877e-02	5.69874783e-05	1.08586354e-04	1.08399407e-04	0.00000000e+00
15.99           	1.45366236e-01	5.69609517e-05	1.08435806e-04	1.31730256e-04	0.00000000e+00
15.995          	4.64650722e-01	5.69337052e-05	1.08282254e-04	2.03570771e-04	0.00000000e+00
16              	1.52793454e-01	5.69035784e-05	1.08125501e-04	1.10774370e-04	0.00000000e+00
16.005          	9.42763353e-02	5.68751016e-05	1.07972510e-04	2.17887472e-04	0.00000000e+00
16.01           	1.16345690e-01	5.68448535e-05	1.07816232e-04	1.86538790e-04	0.00000000e+00
16.015          	2.87521167e-01	5.68179147e-05	1.07666396e-04	1.55265699e-04	0.00000000e+00
16.02           	1.40182564e-01	5.67826920e-05	1.07501338e-04	1.27809565e-04	0.00000000e+00
16.025          	1.55125887e-01	5.67473169e-05	1.07337046e-04	1.14343615e-04	0.00000000e+00
16.03           	1.39041743e-01	5.67064314e-05	1.07161952e-04	1.42986222e-04	0.00000000e+00
16.035          	1.07959927e-01	5.66694969e-05	1.06994742e-04	9.32382667e-05	0.00000000e+00
16.04           	5.83694068e-01	5.66390970e-05	1.06839421e-04	8.55425815e-05	0.00000000e+00
16.045          	1.76342629e-01	5.66050919e-05	1.06679262e-04	1.07343074e-04	0.00000000e+00
16.05           	3.96348116e-01	5.65639906e-05	1.06504547e-04	9.01641562e-05	0.00000000e+00
16.055          	1.25773153e-01	5.65355907e-05	1.06354756e-04	1.03297348e-04	0.00000000e+00
16.06           	8.98730718e-02	5.64940160e-05	1.06180280e-04	1.54656124e-04	0.00000000e+00
16.065          	2.94595005e-01	5.64480662e-05	1.05998969e-04	1.14439615e-04	0.00000000e+00
16.07           	7.64082979e-01	5.64121272e-05	1.05836608e-04	1.07596197e-04	0.00000000e+00
16.075          	1.84485210e-01	5.63722827e-05	1.05665843e-04	1.45732609e-04	0.00000000e+00
16.08           	1.11184638e-01	5.63373730e-05	1.05505529e-04	1.99916029e-04	0.00000000e+00
16.085          	1.40060971e-01	5.62916464e-05	1.05326115e-04	1.29266522e-04	0.00000000e+00
16.09           	2.26043926e-01	5.62483869e-05	1.05149355e-04	7.25419959e-05	0.00000000e+00
16.095          	1.69829539e-01	5.62033332e-05	1.04971333e-04	9.07520746e-05	0.00000000e+00
16.1            	4.75237661e-02	5.61646882e-05	1.04805740e-04	9.93310208e-05	0.00000000e+00
16.105          	1.49103637e-01	5.61214873e-05	1.04631732e-04	1.13378457e-04	0.00000000e+00
16.11           	1.73511370e-01	5.60718814e-05	1.04446138e-04	1.22326639e-04	0.00000000e+00
16.115          	1.41417805e-01	5.60240745e-05	1.04264163e-04	1.08977057e-04	0.00000000e+00
16.12           	2.74980562e-01	5.59820570e-05	1.04092472e-04	7.22800202e-05	0.00000000e+00
16.125          	2.69097194e-01	5.59357918e-05	1.03913722e-04	8.77717636e-05	0.00000000e+00
16.13           	1.73104273e-01	5.58819325e-05	1.03722174e-04	1.16240894e-04	0.00000000e+00
16.135          	2.78471029e-01	5.58307792e-05	1.03535532e-04	8.95673285e-05	0.00000000e+00
16.14           	1.52701185e-01	5.57843942e-05	1.03357826e-04	7.40575805e-05	0.00000000e+00
16.145          	6.26657026e-01	5.57347596e-05	1.03174422e-04	1.19629218e-04	0.00000000e+00
16.15           	8.19602640e-02	5.56778874e-05	1.02978751e-04	1.09970228e-04	0.00000000e+00
16.155          	1.48318625e-01	5.56294874e-05	1.02797774e-04	1.07702424e-04	0.00000000e+00
16.16           	3.13574161e-01	5.55734011e-05	1.02603359e-04	1.04716669e-04	0.00000000e+00
16.165          	4.12202221e-01	5.55168471e-05	1.02408143e-04	7.38369501e-05	0.00000000e+00
16.17           	1.70723479e-01	5.54676216e-05	1.02227289e-04	1.18168766e-04	0.00000000e+00
16.175          	1.39000578e-01	5.54080787e-05	1.02027390e-04	1.11964706e-04	0.00000000e+00
16.18           	1.17296996e-01	5.53451412e-05	1.01822532e-04	9.54079534e-05	0.00000000e+00
16.185          	8.98709607e-02	5.52932015e-05	1.01636301e-04	1.59059333e-04	0.00000000e+00
16.19           	4.63725391e-01	5.52423008e-05	1.01454053e-04	1.32578229e-04	0.00000000e+00
16.195          	8.61849479e-02	5.51747386e-05	1.01241685e-04	1.39777636e-04	0.00000000e+00
16.2            	2.83408789e-01	5.51198652e-05	1.01051015e-04	1.01561263e-04	0.00000000e+00
16.205          	5.68387865e-02	5.50605222e-05	1.00853980e-04	1.46914023e-04	0.00000000e+00
16.21           	1.55828396e-01	5.49962063e-05	1.00648067e-04	1.06636332e-04	0.00000000e+00
16.215          	2.05584407e-01	5.49328251e-05	1.00444774e-04	1.42078245e-04	0.00000000e+00
16.22           	1.27122788e-01	5.48766469e-05	1.00254722e-04	1.06908063e-04	0.00000000e+00
16.225          	1.38534407e-01	5.48102721e-05	1.00045760e-04	1.48511284e-04	0.00000000e+00
16.23           	2.11735230e-01	5.47577734e-05	9.98619805e-05	1.39470193e-04	0.00000000e+00
16.235          	1.23714098e-01	5.46977951e-05	9.96651862e-05	1.10253767e-04	0.00000000e+00
16.24           	1.24266401e-01	5.46301027e-05	9.94538272e-05	2.07936087e-04	0.00000000e+00
16.245          	3.95045737e-01	5.45573318e-05	9.92356821e-05	1.46269980e-04	0.00000000e+00
16.25           	7.90557055e-02	5.44953262e-05	9.90369597e-05	1.60511020e-04	0.00000000e+00
16.255          	8.07726427e-02	5.44316982e-05	9.88344894e-05	1.60026187e-04	0.00000000e+00
16.26           	6.02055685e-02	5.43597653e-05	9.86173171e-05	2.32812367e-04	0.00000000e+00
16.265          	1.81659250e-01	5.43009525e-05	9.84247025e-05	1.69926627e-04	0.00000000e+00
16.27           	3.88528640e-01	5.42310413e-05	9.82113053e-05	1.39342283e-04	0.00000000e+00
16.275          	1.26591736e-01	5.41604823e-05	9.79983383e-05	1.52096559e-04	0.00000000e+00
16.28           	1.38586818e-01	5.40922654e-05	9.77900058e-05	1.41755216e-04	0.00000000e+00
16.285          	6.84484831e-01	5.40281947e-05	9.75883962e-05	1.35706368e-04	0.00000000e+00
16.29           	1.77977097e-01	5.39522689e-05	9.73664899e-05	1.25075198e-04	0.00000000e+00
16.295          	1.20203004e-01	5.38750196e-05	9.71424733e-05	9.09909083e-05	0.00000000e+00
16.3            	1.13564932e-01	5.38071100e-05	9.69357575e-05	1.98731493e-04	0.00000000e+00
16.305          	2.11448158e-01	5.37286669e-05	9.67105862e-05	1.21170729e-04	0.00000000e+00
16.31           	2.13003683e-01	5.36662398e-05	9.65130407e-05	1.47459512e-04	0.00000000e+00
16.315          	8.33930004e-02	5.35887835e-05	9.62898116e-05	6.93724727e-05	0.00000000e+00
16.32           	1.71021864e-01	5.35144121e-05	9.60717215e-05	1.60810009e-04	0.00000000e+00
16.325          	2.64550595e-01	5.34452923e-05	9.58640109e-05	1.33719206e-04	0.00000000e+00
16.33           	9.37651257e-02	5.33648369e-05	9.56376229e-05	7.72764141e-05	0.00000000e+00
16.335          	9.39268712e-02	5.32877252e-05	9.54149636e-05	9.00913540e-05	0.00000000e+00
16.34           	7.78757116e-02	5.32097328e-05	9.51934495e-05	1.09175914e-04	0.00000000e+00
16.345          	1.21275885e-01	5.31259236e-05	9.49607673e-05	9.13235503e-05	0.00000000e+00
16.35           	1.12993990e-01	5.30582552e-05	9.47559822e-05	1.15105841e-04	0.00000000e+00
16.355          	9.92059818e-02	5.29762731e-05	9.45280011e-05	1.63197235e-04	0.00000000e+00
16.36           	1.03153309e-01	5.28953359e-05	9.43005377e-05	9.33065003e-05	0.00000000e+00
16.365          	7.99823564e-02	5.28094179e-05	9.40656632e-05	8.27940414e-05	0.00000000e+00
16.37           	1.18208927e-01	5.27381041e-05	9.38562637e-05	1.73479457e-04	0.00000000e+00
16.375          	1.45060060e-01	5.26599718e-05	9.36351877e-05	1.65541010e-04	0.00000000e+00
16.38           	1.89399165e-01	5.25691537e-05	9.33917640e-05	2.10792126e-04	0.00000000e+00
16.385          	2.95235807e-01	5.24891486e-05	9.31672798e-05	1.17060416e-04	0.00000000e+00
16.39           	3.63774433e-01	5.24073773e-05	9.29414244e-05	1.76514898e-04	0.00000000e+00
16.395          	1.19087596e-01	5.23224776e-05	9.27095241e-05	2.25244729e-04	0.00000000e+00
16.4            	1.95304118e-01	5.22448994e-05	9.24905321e-05	2.45224155e-04	0.00000000e+00
16.405          	2.12790500e-01	5.21557037e-05	9.22528794e-05	1.39457936e-04	0.00000000e+00
16.41           	1.47044614e-01	5.20630566e-05	9.20083938e-05	8.30365741e-05	0.00000000e+00
16.415          	1.70119368e-01	5.19812538e-05	9.17819333e-05	1.03417150e-04	0.00000000e+00
16.42           	1.11745079e-01	5.18960958e-05	9.15506833e-05	1.15530519e-04	0.00000000e+00
16.425          	1.55862254e-01	5.18094298e-05	9.13173383e-05	9.47227387e-05	0.00000000e+00
16.43           	1.73290713e-01	5.17263962e-05	9.10916188e-05	1.17620151e-04	0.00000000e+00
16.435          	2.23287960e-01	5.16343466e-05	9.08504524e-05	8.81734162e-05	0.00000000e+00
16.44           	2.49331243e-01	5.15397135e-05	9.06035384e-05	1.44114119e-04	0.00000000e+00
16.445          	1.95165676e-01	5.14536686e-05	9.03716818e-05	1.38143422e-04	0.00000000e+00
16.45           	2.75449271e-01	5.13595251e-05	9.01271727e-05	1.78407129e-04	0.00000000e+00
16.455          	4.25098180e-01	5.12733069e-05	8.98968103e-05	2.28721600e-04	0.00000000e+00
16.46           	1.24087566e-01	5.11767029e-05	8.96486607e-05	2.07459194e-04	0.00000000e+00
16.465          	2.64422121e-01	5.10832199e-05	8.94059429e-05	1.69356478e-04	0.00000000e+00
16.47           	2.77901582e-01	5.09916044e-05	8.91660550e-05	1.70563888e-04	0.00000000e+00
16.475          	8.01500094e-02	5.09042507e-05	8.89335702e-05	1.53647782e-04	0.00000000e+00
16.48           	2.40490303e-01	5.08119373e-05	8.86947859e-05	1.67983899e-04	0.00000000e+00
16.485          	1.81430483e-01	5.07179383e-05	8.84515862e-05	2.67479462e-04	0.00000000e+00
16.49           	1.78244032e-01	5.06303212e-05	8.82197306e-05	1.71775072e-04	0.00000000e+00
16.495          	1.17621341e-01	5.05363953e-05	8.79781014e-05	2.15858684e-04	0.00000000e+00
16.5            	2.04210548e-01	5.04355628e-05	8.77242213e-05	1.94696660e-04	0.00000000e+00
16.505          	1.20369117e-01	5.03381700e-05	8.74775834e-05	1.83701049e-04	0.00000000e+00
16.51           	1.38025409e-01	5.02418748e-05	8.72310428e-05	1.96765824e-04	0.00000000e+00
16.515          	1.66708187e-01	5.01436608e-05	8.69828634e-05	2.25599028e-04	0.00000000e+00
16.52           	1.67015239e-01	5.00456366e-05	8.67351613e-05	2.12570078e-04	0.00000000e+00
16.525          	1.69569427e-01	4.99477325e-05	8.64887910e-05	2.15743206e-04	0.00000000e+00
16.53           	1.14400154e-01	4.98447176e-05	8.62324213e-05	1.37660224e-04	0.00000000e+00
16.535          	1.45919105e-01	4.97440615e-05	8.59807688e-05	2.62457516e-04	0.00000000e+00
16.54           	2.46424276e-01	4.96544818e-05	8.57481804e-05	1.13225521e-04	0.00000000e+00
16.545          	2.85537898e-01	4.95520180e-05	8.54937024e-05	1.27043802e-04	0.00000000e+00
16.55           	2.96067579e-01	4.94493187e-05	8.52399454e-05	1.77066553e-04	0.00000000e+00
16.555          	6.40577278e-02	4.93528805e-05	8.49971517e-05	1.34983794e-04	0.00000000e+00
16.56           	1.52575484e-01	4.92487351e-05	8.47411701e-05	2.87943994e-04	0.00000000e+00
16.565          	2.24289714e-01	4.91495258e-05	8.44937352e-05	9.39939555e-05	0.00000000e+00
16.57           	1.62583410e-01	4.90382931e-05	8.42257806e-05	2.23474183e-04	0.00000000e+00
16.575          	1.35352352e-01	4.89310154e-05	8.39656027e-05	2.54933630e-04	0.00000000e+00
16.58           	1.99697446e-01	4.88324910e-05	8.37199960e-05	7.41106413e-05	0.00000000e+00
16.585          	1.07425684e-01	4.87287428e-05	8.34663828e-05	2.16402088e-04	0.00000000e+00
16.59           	2.76634511e-01	4.86197786e-05	8.32029790e-05	1.99666882e-04	0.00000000e+00
16.595          	1.34538700e-01	4.85169300e-05	8.29506564e-05	1.42485103e-04	0.00000000e+00
16.6            	1.39956339e-01	4.84080702e-05	8.26885876e-05	2.03029834e-04	0.00000000e+00
16.605          	7.40832264e-02	4.82996005e-05	8.24280452e-05	1.16112412e-04	0.00000000e+00
16.61           	2.68345925e-01	4.81932297e-05	8.21704132e-05	9.55707331e-05	0.00000000e+00
16.615          	1.98730157e-01	4.80952851e-05	8.19277745e-05	1.29095149e-04	0.00000000e+00
16.62           	9.60451273e-02	4.79813856e-05	8.16580677e-05	8.03408602e-05	0.00000000e+00
16.625          	7.55509367e-01	4.78749207e-05	8.14013019e-05	9.93023249e-05	0.00000000e+00
16.63           	7.67363793e-02	4.77732742e-05	8.11526923e-05	1.03822586e-04	0.00000000e+00
16.635          	1.26224105e-01	4.76603259e-05	8.08865863e-05	1.09633641e-04	0.00000000e+00
16.64           	3.29904714e-01	4.75505374e-05	8.06248422e-05	1.49056578e-04	0.00000000e+00
16.645          	1.49862251e-01	4.74387719e-05	8.03598740e-05	1.24922855e-04	0.00000000e+00
16.65           	2.00190020e-01	4.73329472e-05	8.01056604e-05	1.63820654e-04	0.00000000e+00
16.655          	1.75590459e-01	4.72192512e-05	7.98375671e-05	1.89696914e-04	0.00000000e+00
16.66           	4.42132047e-01	4.71019522e-05	7.95647790e-05	9.33267551e-05	0.00000000e+00
16.665          	1.23193212e-01	4.69981986e-05	7.93144475e-05	2.23796306e-04	0.00000000e+00
16.67           	1.41863856e-01	4.68831853e-05	7.90453547e-05	8.51761001e-05	0.00000000e+00
16.675          	1.37402233e-01	4.67683115e-05	7.87775135e-05	1.15701700e-04	0.00000000e+00
16.68           	1.52780933e-01	4.66494440e-05	7.85035467e-05	8.82311786e-05	0.00000000e+00
16.685          	1.31713924e-01	4.65390480e-05	7.82437844e-05	1.86642179e-04	0.00000000e+00
16.69           	2.72144840e-01	4.64266058e-05	7.79791775e-05	1.51090791e-04	0.00000000e+00
16.695          	3.71264810e-01	4.63118067e-05	7.77130115e-05	1.27886819e-04	0.00000000e+00
16.7            	5.93935147e-01	4.61973131e-05	7.74456382e-05	1.46071680e-04	0.00000000e+00
16.705          	1.61713210e-01	4.60808533e-05	7.71764498e-05	1.37392127e-04	0.00000000e+00
16.71           	2.20562248e-01	4.59645427e-05	7.69076434e-05	9.58797736e-05	0.00000000e+00
16.715          	1.59100063e-01	4.58542428e-05	7.66487538e-05	7.89438004e-05	0.00000000e+00
16.72           	1.87595991e-01	4.57283659e-05	7.63652380e-05	1.09140022e-04	0.00000000e+00
16.725          	2.34723789e-01	4.56080914e-05	7.60908091e-05	7.19190765e-05	0.00000000e+00
16.73           	2.16172420e-01	4.54904683e-05	7.58203652e-05	1.72232243e-04	0.00000000e+00
16.735          	1.70904828e-01	4.53821723e-05	7.55655794e-05	1.66652778e-04	0.00000000e+00
16.74           	2.00441364e-01	4.52610595e-05	7.52911655e-05	1.04707588e-04	0.00000000e+00
16.745          	3.48392586e-01	4.51459090e-05	7.50256960e-05	9.93642351e-05	0.00000000e+00
16.75           	3.49079294e-01	4.50226552e-05	7.47470172e-05	1.35240040e-04	0.00000000e+00
16.755          	1.53249520e-01	4.48979486e-05	7.44664735e-05	1.89315030e-04	0.00000000e+00
16.76           	1.69184721e-01	4.47750349e-05	7.41897063e-05	1.61922770e-04	0.00000000e+00
16.765          	1.15888782e-01	4.46596143e-05	7.39249378e-05	1.77096194e-04	0.00000000e+00
16.77           	3.51745467e-01	4.45438566e-05	7.36598666e-05	9.26539383e-05	0.00000000e+00
16.775          	2.02517839e-01	4.44205727e-05	7.33827478e-05	2.05131980e-04	0.00000000e+00
16.78           	2.90252130e-01	4.43016556e-05	7.31129919e-05	1.45298440e-04	0.00000000e+00
16.785          	2.40390430e-01	4.41814156e-05	7.28408300e-05	1.26995699e-04	0.00000000e+00
16.79           	1.98331442e-01	4.40544100e-05	7.25579451e-05	1.47087326e-04	0.00000000e+00
16.795          	1.24239200e-01	4.39299241e-05	7.22797204e-05	1.32006759e-04	0.00000000e+00
16.8            	1.36891564e-01	4.38014242e-05	7.19958185e-05	1.54917051e-04	0.00000000e+00
16.805          	1.10270533e-01	4.36759326e-05	7.17167765e-05	1.30552524e-04	0.00000000e+00
16.81           	2.01876139e-01	4.35606404e-05	7.14542046e-05	1.56562636e-04	0.00000000e+00
16.815          	1.72267317e-01	4.34284844e-05	7.11653244e-05	1.57108270e-04	0.00000000e+00
16.82           	3.17480580e-01	4.33114806e-05	7.09001214e-05	1.23770585e-04	0.00000000e+00
16.825          	9.60366902e-02	4.31828200e-05	7.06168080e-05	1.29546315e-04	0.00000000e+00
16.83           	4.53248284e-01	4.30559989e-05	7.03366932e-05	1.20123260e-04	0.00000000e+00
16.835          	6.17539121e-02	4.29305617e-05	7.00585857e-05	1.49702353e-04	0.00000000e+00
16.84           	1.01991572e-01	4.28036407e-05	6.97798321e-05	1.01871948e-04	0.00000000e+00
16.845          	2.10636956e-01	4.26762660e-05	6.94991592e-05	7.91446375e-05	0.00000000e+00
16.85           	1.19601970e-01	4.25492596e-05	6.92203108e-05	7.07188106e-05	0.00000000e+00
16.855          	1.56238855e-01	4.24227770e-05	6.89416816e-05	1.63068210e-04	0.00000000e+00
16.86           	1.49987564e-01	4.22941884e-05	6.86605380e-05	9.25523538e-05	0.00000000e+00
16.865          	1.64349823e-01	4.21710924e-05	6.83872722e-05	1.16045442e-04	0.00000000e+00
16.87           	1.12072339e-01	4.20441565e-05	6.81086061e-05	1.42452362e-04	0.00000000e+00
16.875          	8.87619336e-02	4.19099200e-05	6.78188752e-05	1.13625971e-04	0.00000000e+00
16.88           	3.89658671e-01	4.17792046e-05	6.75356769e-05	1.30270883e-04	0.00000000e+00
16.885          	2.10714486e-01	4.16496736e-05	6.72529638e-05	1.44211881e-04	0.00000000e+00
16.89           	1.72172674e-01	4.15244171e-05	6.69781595e-05	1.87098076e-04	0.00000000e+00
16.895          	2.65617797e-01	4.13902622e-05	6.66903380e-05	1.51037807e-04	0.00000000e+00
16.9            	1.23777008e-01	4.12592791e-05	6.64067868e-05	1.40822769e-04	0.00000000e+00
16.905          	9.50190940e-02	4.11324341e-05	6.61296995e-05	1.45135447e-04	0.00000000e+00
16.91           	4.03480185e-01	4.09967492e-05	6.58393365e-05	1.41371448e-04	0.00000000e+00
16.915          	1.85856378e-01	4.08692424e-05	6.55619869e-05	1.67580121e-04	0.00000000e+00
16.92           	1.21245381e-01	4.07342798e-05	6.52736236e-05	1.17336097e-04	0.00000000e+00
16.925          	3.08318273e-01	4.05962857e-05	6.49802253e-05	1.48306763e-04	0.00000000e+00
16.93           	2.68913396e-01	4.04696182e-05	6.47052894e-05	1.81851737e-04	0.00000000e+00
16.935          	2.02382322e-01	4.03343342e-05	6.44172842e-05	2.05162882e-04	0.00000000e+00
16.94           	7.32957215e-02	4.01956312e-05	6.41235698e-05	3.35665648e-04	0.00000000e+00
16.945          	1.23106566e-01	4.00602054e-05	6.38353358e-05	2.34726528e-04	0.00000000e+00
16.95           	7.83590895e-02	3.99343949e-05	6.35622827e-05	2.72726967e-04	0.00000000e+00
16.955          	1.27155216e-01	3.97940529e-05	6.32669499e-05	1.66716751e-04	0.00000000e+00
16.96           	1.30573451e-01	3.96671115e-05	6.29921979e-05	1.56747171e-04	0.00000000e+00
16.965          	1.66700365e-01	3.95301980e-05	6.27021776e-05	1.63138411e-04	0.00000000e+00
16.97           	1.73534397e-01	3.93892104e-05	6.24071584e-05	2.24726766e-04	0.00000000e+00
16.975          	1.60472052e-01	3.92604057e-05	6.21307784e-05	1.62718029e-04	0.00000000e+00
16.98           	2.18625213e-01	3.91277390e-05	6.18481406e-05	2.65880773e-04	0.00000000e+00
16.985          	1.73931446e-01	3.89875875e-05	6.15551489e-05	2.13570836e-04	0.00000000e+00
16.99           	1.45949103e-01	3.88539248e-05	6.12716308e-05	2.19186202e-04	0.00000000e+00
16.995          	1.43653535e-01	3.87105047e-05	6.09730869e-05	1.78492049e-04	0.00000000e+00
17              	1.50520715e-01	3.85788550e-05	6.06934911e-05	1.44381052e-04	0.00000000e+00
17.005          	1.33086805e-01	3.84357765e-05	6.03960968e-05	1.62728991e-04	0.00000000e+00
17.01           	1.71570544e-01	3.82963015e-05	6.01046717e-05	2.06404520e-04	0.00000000e+00
17.015          	2.14454608e-01	3.81662157e-05	5.98278733e-05	1.49228328e-04	0.00000000e+00
17.02           	1.62274956e-01	3.80297261e-05	5.95419051e-05	1.72416889e-04	0.00000000e+00
17.025          	8.42062102e-02	3.78927502e-05	5.92548033e-05	1.11254293e-04	0.00000000e+00
17.03           	3.24778259e-01	3.77492579e-05	5.89582497e-05	1.21483752e-04	0.00000000e+00
17.035          	1.07304008e-01	3.76090356e-05	5.86675642e-05	8.71801508e-05	0.00000000e+00
17.04           	2.69782972e-01	3.74690339e-05	5.83764201e-05	9.17335368e-05	0.00000000e+00
17.045          	1.15157965e-01	3.73262269e-05	5.80815048e-05	9.01659050e-05	0.00000000e+00
17.05           	6.87487304e-01	3.71884130e-05	5.77945686e-05	8.85196272e-05	0.00000000e+00
17.055          	1.99883668e-01	3.70493535e-05	5.75065958e-05	1.36383477e-04	0.00000000e+00
17.06           	1.69490498e-01	3.69090394e-05	5.72159407e-05	1.08433214e-04	0.00000000e+00
17.065          	9.11683844e-02	3.67727134e-05	5.69320975e-05	2.41485963e-04	0.00000000e+00
17.07           	1.47432408e-01	3.66302855e-05	5.66391285e-05	1.09060844e-04	0.00000000e+00
17.075          	1.16028106e-01	3.64916698e-05	5.63521670e-05	8.97823736e-05	0.00000000e+00
17.08           	1.90885457e-01	3.63439699e-05	5.60514282e-05	1.08997766e-04	0.00000000e+00
17.085          	8.21082959e-02	3.62036086e-05	5.57628129e-05	9.74830076e-05	0.00000000e+00
17.09           	1.06869467e-01	3.60589032e-05	5.54669378e-05	1.66579168e-04	0.00000000e+00
17.095          	1.68372096e-01	3.59188452e-05	5.51786153e-05	9.79849156e-05	0.00000000e+00
17.1            	3.06329299e-01	3.57775354e-05	5.48893049e-05	1.49023692e-04	0.00000000e+00
17.105          	1.50458858e-01	3.56312165e-05	5.45921056e-05	1.46170877e-04	0.00000000e+00
17.11           	1.51795076e-01	3.54909753e-05	5.43039847e-05	7.84279473e-05	0.00000000e+00
17.115          	1.46172943e-01	3.53537419e-05	5.40207204e-05	1.10224945e-04	0.00000000e+00
17.12           	1.60866734e-01	3.52124068e-05	5.37316773e-05	1.38969644e-04	0.00000000e+00
17.125          	1.32090334e-01	3.50658165e-05	5.34353946e-05	1.17204691e-04	0.00000000e+00
17.13           	2.23152280e-01	3.49239561e-05	5.31462205e-05	6.11454021e-05	0.00000000e+00
17.135          	4.92918185e-01	3.47814714e-05	5.28559337e-05	2.24671867e-04	0.00000000e+00
17.14           	9.34339641e-02	3.46329349e-05	5.25571896e-05	2.06609326e-04	0.00000000e+00
17.145          	1.28316014e-01	3.44882668e-05	5.22646706e-05	1.61972339e-04	0.00000000e+00
17.15           	6.01816877e-01	3.43472483e-05	5.19773309e-05	1.97419366e-04	0.00000000e+00
17.155          	1.55668982e-01	3.41996525e-05	5.16804190e-05	2.04359279e-04	0.00000000e+00
17.16           	2.73098780e-01	3.40532085e-05	5.13865435e-05	1.42039697e-04	0.00000000e+00
17.165          	2.58283662e-01	3.39111370e-05	5.10985333e-05	1.48409690e-04	0.00000000e+00
17.17           	2.09667559e-01	3.37600331e-05	5.07972529e-05	9.26556831e-05	0.00000000e+00
17.175          	1.45932869e-01	3.36200268e-05	5.05126456e-05	1.06726227e-04	0.00000000e+00
17.18           	2.67027749e-01	3.34760512e-05	5.02225342e-05	1.58332654e-04	0.00000000e+00
17.185          	8.01876407e-02	3.33306205e-05	4.99305538e-05	7.50180811e-05	0.00000000e+00
17.19           	1.02109193e-01	3.31837722e-05	4.96370600e-05	1.13215119e-04	0.00000000e+00
17.195          	1.94592735e-01	3.30343890e-05	4.93398914e-05	1.25281615e-04	0.00000000e+00
17.2            	1.27910012e-01	3.28903060e-05	4.90503492e-05	1.10798430e-04	0.00000000e+00
17.205          	2.11067770e-01	3.27400298e-05	4.87528043e-05	6.66374355e-05	0.00000000e+00
17.21           	4.55387308e-02	3.25915699e-05	4.84573038e-05	1.30026439e-04	0.00000000e+00
17.215          	3.49077948e-01	3.24476897e-05	4.81691465e-05	1.17134383e-04	0.00000000e+00
17.22           	2.91301077e-01	3.23014110e-05	4.78776669e-05	1.03770828e-04	0.00000000e+00
17.225          	1.06422952e-01	3.21515407e-05	4.75811947e-05	1.25013935e-04	0.00000000e+00
17.23           	1.65051784e-01	3.20030507e-05	4.72869691e-05	1.53669052e-04	0.00000000e+00
17.235          	1.34720614e-01	3.18575323e-05	4.69972844e-05	1.17414733e-04	0.00000000e+00
17.24           	2.15891414e-01	3.17076039e-05	4.67014670e-05	1.04362469e-04	0.00000000e+00
17.245          	1.03316964e-01	3.15542944e-05	4.64011343e-05	1.59200022e-04	0.00000000e+00
17.25           	1.31149393e-01	3.14083497e-05	4.61110202e-05	1.17526002e-04	0.00000000e+00
17.255          	1.16433204e-01	3.12564853e-05	4.58135929e-05	1.25210235e-04	0.00000000e+00
17.26           	1.00240214e-01	3.11143834e-05	4.55297625e-05	1.28829091e-04	0.00000000e+00
17.265          	1.69629738e-01	3.09676720e-05	4.52397117e-05	1.26147382e-04	0.00000000e+00
17.27           	1.78884175e-01	3.08149668e-05	4.49414825e-05	1.53072632e-04	0.00000000e+00
17.275          	1.99818145e-01	3.06681267e-05	4.46520188e-05	1.12348913e-04	0.00000000e+00
17.28           	1.00752986e-01	3.05162417e-05	4.43557491e-05	8.54037997e-05	0.00000000e+00
17.285          	1.87438195e-01	3.03630620e-05	4.40572058e-05	9.13510319e-05	0.00000000e+00
17.29           	1.73098741e-01	3.02157287e-05	4.37676362e-05	6.45017765e-05	0.00000000e+00
17.295          	5.87340160e-01	3.00656567e-05	4.34741970e-05	9.93963342e-05	0.00000000e+00
17.3            	1.46602660e-01	2.99156163e-05	4.31811587e-05	9.28589602e-05	0.00000000e+00
17.305          	1.05096029e-01	2.97622747e-05	4.28840219e-05	8.00154818e-05	0.00000000e+00
17.31           	3.28134636e-01	2.96109731e-05	4.25898527e-05	1.25511669e-04	0.00000000e+00
17.315          	2.76356598e-01	2.94668653e-05	4.23058928e-05	1.03371768e-04	0.00000000e+00
17.32           	4.03391764e-01	2.93159598e-05	4.20126561e-05	1.59751656e-04	0.00000000e+00
17.325          	1.20816477e-01	2.91610396e-05	4.17141481e-05	2.03551707e-04	0.00000000e+00
17.33           	1.21955708e-01	2.90088590e-05	4.14196887e-05	1.50128288e-04	0.00000000e+00
17.335          	1.28056043e-01	2.88639845e-05	4.11355629e-05	8.72461964e-05	0.00000000e+00
17.34           	1.48913491e-01	2.87084549e-05	4.08369700e-05	1.43569921e-04	0.00000000e+00
17.345          	3.02765758e-01	2.85589006e-05	4.05466497e-05	1.90383391e-04	0.00000000e+00
17.35           	1.07933385e-01	2.84084085e-05	4.02558491e-05	1.04648651e-04	0.00000000e+00
17.355          	1.61657760e-01	2.82572661e-05	3.99641604e-05	1.29615056e-04	0.00000000e+00
17.36           	1.98554280e-01	2.81062210e-05	3.96721171e-05	1.39255280e-04	0.00000000e+00
17.365          	1.70417462e-01	2.79543285e-05	3.93802288e-05	1.13785774e-04	0.00000000e+00
17.37           	3.49542423e-01	2.78022151e-05	3.90875783e-05	2.20741696e-04	0.00000000e+00
17.375          	1.38749008e-01	2.76479085e-05	3.87923566e-05	1.67664058e-04	0.00000000e+00
17.38           	1.61054605e-01	2.74981134e-05	3.85033875e-05	1.96616764e-04	0.00000000e+00
17.385          	1.66168522e-01	2.73460908e-05	3.82120336e-05	1.60407465e-04	0.00000000e+00
17.39           	2.39936410e-01	2.71971221e-05	3.79251456e-05	1.33166582e-04	0.00000000e+00
17.395          	1.11033362e-01	2.70426898e-05	3.76307680e-05	1.20692004e-04	0.00000000e+00
17.4            	1.76470576e-01	2.68904913e-05	3.73399042e-05	1.45503589e-04	0.00000000e+00
17.405          	1.53045398e-01	2.67374234e-05	3.70482544e-05	1.78153426e-04	0.00000000e+00
17.41           	1.14781609e-01	2.65821412e-05	3.67533155e-05	1.62355377e-04	0.00000000e+00
17.415          	7.23985574e-02	2.64285907e-05	3.64611790e-05	1.35840192e-04	0.00000000e+00
17.42           	1.89639498e-01	2.62786516e-05	3.61743706e-05	1.50390952e-04	0.00000000e+00
17.425          	1.40720492e-01	2.61261010e-05	3.58844363e-05	1.69317491e-04	0.00000000e+00
17.43           	2.02064670e-01	2.59738877e-05	3.55948127e-05	1.90175988e-04	0.00000000e+00
17.435          	2.35419038e-01	2.58202092e-05	3.53034219e-05	2.64341948e-04	0.00000000e+00
17.44           	1.74152034e-01	2.56668973e-05	3.50129121e-05	2.13679922e-04	0.00000000e+00
17.445          	1.77487044e-01	2.55114827e-05	3.47199218e-05	2.31820682e-04	0.00000000e+00
17.45           	3.28991500e-01	2.53596454e-05	3.44319456e-05	1.96917529e-04	0.00000000e+00
17.455          	2.74493616e-01	2.52103770e-05	3.41475515e-05	2.00482221e-04	0.00000000e+00
17.46           	2.13394925e-01	2.50525876e-05	3.38522790e-05	1.42747512e-04	0.00000000e+00
17.465          	1.01083130e-01	2.49000293e-05	3.35644755e-05	1.54057314e-04	0.00000000e+00
17.47           	2.70703712e-01	2.47471358e-05	3.32757024e-05	1.77376038e-04	0.00000000e+00
17.475          	1.45957379e-01	2.45910597e-05	3.29835192e-05	2.44519127e-04	0.00000000e+00
17.48           	1.03515354e-01	2.44359939e-05	3.26930853e-05	1.59200947e-04	0.00000000e+00
17.485          	2.38453133e-01	2.42844599e-05	3.24071686e-05	2.64537980e-04	0.00000000e+00
17.49           	2.40621369e-01	2.41342637e-05	3.21234497e-05	1.68665069e-04	0.00000000e+00
17.495          	8.53191294e-02	2.39787306e-05	3.18328715e-05	1.48420889e-04	0.00000000e+00
17.5            	1.53653956e-01	2.38244950e-05	3.15446324e-05	1.89092801e-04	0.00000000e+00
17.505          	1.53486197e-01	2.36681751e-05	3.12534681e-05	1.75616907e-04	0.00000000e+00
17.51           	5.49618604e-01	2.35187717e-05	3.09715365e-05	1.41968745e-04	0.00000000e+00
17.515          	2.31871663e-01	2.33628665e-05	3.06816717e-05	1.57896602e-04	0.00000000e+00
17.52           	2.09756169e-01	2.32083760e-05	3.03941918e-05	2.06578758e-04	0.00000000e+00
17.525          	1.35355545e-01	2.30566268e-05	3.01100632e-05	2.03827073e-04	0.00000000e+00
17.53           	9.85005330e-02	2.29032157e-05	2.98241303e-05	2.00692737e-04	0.00000000e+00
17.535          	7.72909997e-02	2.27445459e-05	2.95317210e-05	1.51822319e-04	0.00000000e+00
17.54           	1.30392141e-01	2.25940070e-05	2.92498737e-05	2.20026701e-04	0.00000000e+00
17.545          	2.44573313e-01	2.24382312e-05	2.89616444e-05	1.87677586e-04	0.00000000e+00
17.55           	1.34728190e-01	2.22804185e-05	2.86715943e-05	1.49123704e-04	0.00000000e+00
17.555          	1.26622414e-01	2.21299960e-05	2.83908007e-05	1.48493444e-04	0.00000000e+00
17.56           	1.09477002e-01	2.19742561e-05	2.81034963e-05	1.92064211e-04	0.00000000e+00
17.565          	1.65616328e-01	2.18169885e-05	2.78148199e-05	1.41301452e-04	0.00000000e+00
17.57           	1.16117267e-01	2.16645233e-05	2.75319487e-05	2.60232159e-04	0.00000000e+00
17.575          	9.10259123e-02	2.15101926e-05	2.72473891e-05	2.45630337e-04	0.00000000e+00
17.58           	1.30904486e-01	2.13583101e-05	2.69661673e-05	2.13373953e-04	0.00000000e+00
17.585          	7.91606781e-02	2.12002680e-05	2.66774820e-05	2.04303735e-04	0.00000000e+00
17.59           	2.37197109e-01	2.10494410e-05	2.63978677e-05	3.21870549e-04	0.00000000e+00
17.595          	1.48682266e-01	2.08935919e-05	2.61123486e-05	2.43695702e-04	0.00000000e+00
17.6            	1.80286113e-01	2.07358166e-05	2.58251807e-05	2.50433398e-04	0.00000000e+00
17.605          	1.11718920e-01	2.05829750e-05	2.55437816e-05	3.68438617e-04	0.00000000e+00
17.61           	2.81078309e-01	2.04267187e-05	2.52588508e-05	2.92057713e-04	0.00000000e+00
17.615          	3.05287551e-01	2.02757932e-05	2.49806178e-05	2.59001884e-04	0.00000000e+00
17.62           	1.93234751e-01	2.01228975e-05	2.47000645e-05	2.32698811e-04	0.00000000e+00
17.625          	1.86549476e-01	1.99637459e-05	2.44126102e-05	2.60890595e-04	0.00000000e+00
17.63           	1.43583120e-01	1.98127375e-05	2.41348043e-05	2.00931602e-04	0.00000000e+00
17.635          	2.08130767e-01	1.96593297e-05	2.38545179e-05	2.25246299e-04	0.00000000e+00
17.64           	2.62207052e-01	1.95027594e-05	2.35707316e-05	2.25942112e-04	0.00000000e+00
17.645          	1.76911652e-01	1.93449219e-05	2.32861150e-05	3.22998907e-04	0.00000000e+00
17.65           	1.32463732e-01	1.91937540e-05	2.30093546e-05	2.57670813e-04	0.00000000e+00
17.655          	1.79002214e-01	1.90407784e-05	2.27306118e-05	2.67089604e-04	0.00000000e+00
17.66           	8.58377288e-02	1.88867489e-05	2.24510020e-05	1.93311020e-04	0.00000000e+00
17.665          	1.34653404e-01	1.87296489e-05	2.21682133e-05	2.30685068e-04	0.00000000e+00
17.67           	1.31450370e-01	1.85749327e-05	2.18885410e-05	1.66608648e-04	0.00000000e+00
17.675          	2.64792246e-01	1.84197453e-05	2.16084593e-05	1.61147597e-04	0.00000000e+00
17.68           	5.68448169e-02	1.82652471e-05	2.13297094e-05	9.78711799e-05	0.00000000e+00
17.685          	1.32562597e-01	1.81132526e-05	2.10536954e-05	1.14003675e-04	0.00000000e+00
17.69           	2.64972076e-01	1.79596360e-05	2.07762533e-05	1.36245043e-04	0.00000000e+00
17.695          	1.20167475e-01	1.78009074e-05	2.04935953e-05	1.76059333e-04	0.00000000e+00
17.7            	1.77245872e-01	1.76471081e-05	2.02165256e-05	1.65155151e-04	0.00000000e+00
17.705          	2.03993652e-01	1.74935740e-05	1.99401838e-05	1.39550323e-04	0.00000000e+00
17.71           	3.94265700e-01	1.73393631e-05	1.96631515e-05	1.79123823e-04	0.00000000e+00
17.715          	2.66754051e-01	1.71872408e-05	1.93888844e-05	1.52331772e-04	0.00000000e+00
17.72           	1.53843416e-01	1.70333093e-05	1.91130191e-05	2.22317137e-04	0.00000000e+00
17.725          	5.06314933e-01	1.68771416e-05	1.88348903e-05	1.88242257e-04	0.00000000e+00
17.73           	2.16770625e-01	1.67225280e-05	1.85589570e-05	1.57732773e-04	0.00000000e+00
17.735          	3.14846656e-01	1.65701400e-05	1.82854807e-05	1.24482714e-04	0.00000000e+00
17.74           	1.44577283e-01	1.64131778e-05	1.80074243e-05	1.26916574e-04	0.00000000e+00
17.745          	3.88985934e-01	1.62616670e-05	1.77355499e-05	1.26562993e-04	0.00000000e+00
17.75           	1.35526940e-01	1.61071081e-05	1.74607575e-05	1.34451908e-04	0.00000000e+00
17.755          	1.06259273e-01	1.59506645e-05	1.71843276e-05	1.46885681e-04	0.00000000e+00
17.76           	8.94134711e-02	1.57960048e-05	1.69100596e-05	1.05378681e-04	0.00000000e+00
17.765          	1.14033567e-01	1.56423430e-05	1.66370477e-05	2.59601838e-04	0.00000000e+00
17.77           	2.05070411e-01	1.54905803e-05	1.63663998e-05	2.10076735e-04	0.00000000e+00
17.775          	2.82426626e-01	1.53375647e-05	1.60947489e-05	1.30725874e-04	0.00000000e+00
17.78           	2.87042410e-01	1.51822931e-05	1.58210690e-05	1.61185112e-04	0.00000000e+00
17.785          	5.01674769e-01	1.50278623e-05	1.55486801e-05	1.55180677e-04	0.00000000e+00
17.79           	2.20483174e-01	1.48776225e-05	1.52806943e-05	1.25671626e-04	0.00000000e+00
17.795          	5.73678574e-01	1.47252746e-05	1.50109234e-05	8.86363853e-05	0.00000000e+00
17.8            	2.51360722e-01	1.45706227e-05	1.47392974e-05	8.06784458e-05	0.00000000e+00
17.805          	3.89863505e-01	1.44151285e-05	1.44670843e-05	1.67161759e-04	0.00000000e+00
17.81           	1.81789728e-01	1.42633260e-05	1.41987638e-05	1.59656551e-04	0.00000000e+00
17.815          	1.09245230e-01	1.41103331e-05	1.39297082e-05	1.01913555e-04	0.00000000e+00
17.82           	9.68215788e-02	1.39592384e-05	1.36625778e-05	7.54683248e-05	0.00000000e+00
17.825          	5.02569312e-01	1.38048517e-05	1.33927775e-05	7.19377226e-05	0.00000000e+00
17.83           	3.54198038e-01	1.36515022e-05	1.31243017e-05	8.39694237e-05	0.00000000e+00
17.835          	1.87964712e-01	1.35005474e-05	1.28583487e-05	1.30969191e-04	0.00000000e+00
17.84           	7.91451554e-02	1.33449214e-05	1.25885670e-05	1.67945717e-04	0.00000000e+00
17.845          	1.54332691e-01	1.31928491e-05	1.23222286e-05	2.32579434e-04	0.00000000e+00
17.85           	2.26011060e-01	1.30390102e-05	1.20547531e-05	1.52809757e-04	0.00000000e+00
17.855          	4.72582450e-01	1.28877600e-05	1.17899169e-05	2.11912406e-04	0.00000000e+00
17.86           	1.78463943e-01	1.27360993e-05	1.15249549e-05	2.12147160e-04	0.00000000e+00
17.865          	5.66166992e-02	1.25840618e-05	1.12600228e-05	1.98476664e-04	0.00000000e+00
17.87           	1.05613654e-01	1.24303962e-05	1.09940191e-05	1.65314339e-04	0.00000000e+00
17.875          	1.78613571e-01	1.22778458e-05	1.07293536e-05	2.75263118e-04	0.00000000e+00
17.88           	7.73592535e-02	1.21269712e-05	1.04665292e-05	1.96466946e-04	0.00000000e+00
17.885          	2.63088356e-01	1.19771108e-05	1.02047127e-05	2.70216779e-04	0.00000000e+00
17.89           	2.46470907e-01	1.18259890e-05	9.94224640e-06	2.70588863e-04	0.00000000e+00
17.895          	1.24799663e-01	1.16714253e-05	9.67746355e-06	2.58736451e-04	0.00000000e+00
17.9            	2.19875697e-01	1.15203866e-05	9.41584863e-06	3.51622464e-04	0.00000000e+00
17.905          	5.53382928e-01	1.13689715e-05	9.15418840e-06	1.69561686e-04	0.00000000e+00
17.91           	1.05309573e-01	1.12177791e-05	8.89318249e-06	1.94178678e-04	0.00000000e+00
17.915          	1.44160187e-01	1.10678757e-05	8.63341974e-06	1.62381578e-04	0.00000000e+00
17.92           	1.39716243e-01	1.09157929e-05	8.37238964e-06	1.48190291e-04	0.00000000e+00
17.925          	1.54396246e-01	1.07644783e-05	8.11232999e-06	2.65496150e-04	0.00000000e+00
17.93           	8.46370901e-02	1.06122666e-05	7.85206841e-06	2.13022667e-04	0.00000000e+00
17.935          	1.51857800e-01	1.04626588e-05	7.59399485e-06	2.00327284e-04	0.00000000e+00
17.94           	1.12773056e-01	1.03121635e-05	7.33570150e-06	2.69956203e-04	0.00000000e+00
17.945          	1.03026780e-01	1.01616948e-05	7.07778342e-06	3.15631533e-04	0.00000000e+00
17.95           	8.30287921e-02	1.00102587e-05	6.81956565e-06	2.37013845e-04	0.00000000e+00
17.955          	1.71662447e-01	9.85944003e-06	6.56221572e-06	2.29913407e-04	0.00000000e+00
17.96           	1.10447777e-01	9.71173357e-06	6.30717169e-06	1.95098253e-04	0.00000000e+00
17.965          	1.04203850e-01	9.56139921e-06	6.05092280e-06	2.23504626e-04	0.00000000e+00
17.97           	1.34246180e-01	9.41119869e-06	5.79516420e-06	2.58543768e-04	0.00000000e+00
17.975          	1.57361140e-01	9.26155772e-06	5.54009974e-06	1.62214523e-04	0.00000000e+00
17.98           	4.02534431e-01	9.11283674e-06	5.28595751e-06	2.48603193e-04	0.00000000e+00
17.985          	3.77843165e-01	8.96267809e-06	5.03140128e-06	1.98246877e-04	0.00000000e+00
17.99           	1.79591737e-01	8.81292040e-06	4.77753077e-06	1.84539447e-04	0.00000000e+00
17.995          	1.42065216e-01	8.66378366e-06	4.52438890e-06	1.42754171e-04	0.00000000e+00
18              	2.28691783e-01	8.51474991e-06	4.27173315e-06	1.70602913e-04	0.00000000e+00
18.005          	3.23820428e-02	8.36566016e-06	4.01949843e-06	1.72919200e-04	0.00000000e+00
18.01           	1.13121527e-01	8.21586850e-06	3.76739895e-06	2.27700972e-04	0.00000000e+00
18.015          	1.43641979e-01	8.06816963e-06	3.51664311e-06	2.88720842e-04	0.00000000e+00
18.02           	1.63108867e-01	7.91989833e-06	3.26605232e-06	1.88242099e-04	0.00000000e+00
18.025          	1.52826555e-01	7.77164885e-06	3.01592390e-06	1.72810390e-04	0.00000000e+00
18.03           	3.21950943e-01	7.62333961e-06	2.76623833e-06	1.73534232e-04	0.00000000e+00
18.035          	1.19373211e-01	7.47455674e-06	2.51685373e-06	2.48357817e-04	0.00000000e+00
18.04           	9.53271277e-02	7.32733708e-06	2.26844040e-06	2.03352015e-04	0.00000000e+00
18.045          	1.46249777e-01	7.17969475e-06	2.02036869e-06	1.56257630e-04	0.00000000e+00
18.05           	3.34642588e-01	7.03227180e-06	1.77282828e-06	1.63813450e-04	0.00000000e+00
18.055          	7.79144566e-02	6.88483832e-06	1.52575208e-06	1.86906373e-04	0.00000000e+00
18.06           	1.74600146e-01	6.73679942e-06	1.27904882e-06	1.84264481e-04	0.00000000e+00
18.065          	1.61501281e-01	6.59052388e-06	1.03317993e-06	1.94755322e-04	0.00000000e+00
18.07           	2.28903850e-01	6.44379914e-06	7.87723035e-07	1.70025601e-04	0.00000000e+00
18.075          	9.04209627e-02	6.29674074e-06	2.82772034e-07	1.50638200e-04	0.00000000e+00
18.08           	1.33322884e-01	6.14991542e-06	1.93451500e-07	1.08981784e-04	0.00000000e+00
18.085          	2.47680217e-01	6.00337555e-06	2.48943079e-07	1.40301340e-04	0.00000000e+00
18.09           	1.24670099e-01	5.85726013e-06	3.38435800e-07	2.01920167e-04	0.00000000e+00
18.095          	1.09545164e-01	5.71133344e-06	4.47527901e-07	1.47833557e-04	0.00000000e+00
18.1            	3.17548043e-01	5.56571713e-06	5.80227199e-07	1.40856052e-04	0.00000000e+00
18.105          	7.99013949e-02	5.42043283e-06	7.36991281e-07	1.33684486e-04	0.00000000e+00
18.11           	1.16152772e-01	5.27468423e-06	8.95176667e-07	2.26997149e-04	0.00000000e+00
18.115          	1.65307580e-01	5.13050501e-06	1.05316897e-06	1.86603396e-04	0.00000000e+00
18.12           	1.16140615e-01	4.98526460e-06	1.56000977e-06	1.47067585e-04	0.00000000e+00
18.125          	1.06969919e-01	4.84092850e-06	1.88496781e-06	2.34595195e-04	0.00000000e+00
18.13           	1.24235611e-01	4.69576970e-06	2.14878185e-06	2.11766695e-04	0.00000000e+00
18.135          	1.17148431e-01	4.55154256e-06	2.39221077e-06	2.83746641e-04	0.00000000e+00
18.14           	2.00580419e-01	4.40669067e-06	2.62811423e-06	1.34738830e-04	0.00000000e+00
18.145          	1.02168444e-01	4.26295377e-06	2.86166353e-06	1.52570189e-04	0.00000000e+00
18.15           	1.99064081e-01	4.11959265e-06	3.09416323e-06	1.47692460e-04	0.00000000e+00
18.155          	1.48738326e-01	3.97602280e-06	3.32929894e-06	2.10557695e-04	0.00000000e+00
18.16           	9.70047448e-02	3.83137514e-06	3.56294089e-06	1.21553296e-04	0.00000000e+00
18.165          	3.90036482e-01	3.68760117e-06	3.79640388e-06	1.47373748e-04	0.00000000e+00
18.17           	1.32524149e-01	3.54424821e-06	4.02942835e-06	2.42155915e-04	0.00000000e+00
18.175          	9.19100079e-02	3.40155672e-06	4.26225359e-06	2.96542825e-04	0.00000000e+00
18.18           	1.35353051e-01	3.25881737e-06	4.49432459e-06	1.52671165e-04	0.00000000e+00
18.185          	1.33695915e-01	3.11578004e-06	4.72531030e-06	1.42650552e-04	0.00000000e+00
18.19           	2.51284819e-01	2.97407782e-06	4.95704044e-06	1.44973152e-04	0.00000000e+00
18.195          	1.98568664e-01	2.83161028e-06	5.18700933e-06	1.59502748e-04	0.00000000e+00
18.2            	1.47359679e-01	2.68912282e-06	5.41607063e-06	2.43539356e-04	0.00000000e+00
18.205          	2.03503750e-01	2.54792199e-06	5.64616085e-06	2.13406612e-04	0.00000000e+00
18.21           	2.62892288e-01	2.40608927e-06	5.87433553e-06	2.24352857e-04	0.00000000e+00
18.215          	6.98907297e-02	2.26465978e-06	6.10229014e-06	2.14644418e-04	0.00000000e+00
18.22           	1.42219171e-01	2.12341685e-06	6.32962588e-06	2.31635051e-04	0.00000000e+00
18.225          	1.11985962e-01	1.98872843e-06	6.55627201e-06	2.15888451e-04	0.00000000e+00
18.23           	2.38679313e-01	1.85600107e-06	6.78240775e-06	2.50753372e-04	0.00000000e+00
18.235          	1.11336212e-01	1.73419580e-06	7.00810450e-06	3.82676409e-04	0.00000000e+00
18.24           	1.36566959e-01	1.62116743e-06	7.23313654e-06	1.94767864e-04	0.00000000e+00
18.245          	4.30830440e-02	1.51798979e-06	7.45831144e-06	2.32527570e-04	0.00000000e+00
18.25           	1.56133659e-01	1.42346649e-06	7.68271329e-06	2.23629995e-04	0.00000000e+00
18.255          	1.23793157e-01	1.33726317e-06	7.90791646e-06	2.35298674e-04	0.00000000e+00
18.26           	3.65658677e-01	1.26506932e-06	8.13194568e-06	2.49617212e-04	0.00000000e+00
18.265          	1.25166656e-01	1.19840927e-06	8.35347948e-06	1.80711923e-04	0.00000000e+00
18.27           	2.18112908e-01	1.14229334e-06	8.57746884e-06	3.08465116e-04	0.00000000e+00
18.275          	1.25176054e-01	1.09961840e-06	8.79895403e-06	2.78644872e-04	0.00000000e+00
18.28           	3.86917599e-01	1.06186776e-06	9.01950662e-06	2.08823319e-04	0.00000000e+00
18.285          	3.44302168e-01	1.03608383e-06	9.23989358e-06	1.80815389e-04	0.00000000e+00
18.29           	1.40423878e-01	1.02021899e-06	9.45997728e-06	1.81730084e-04	0.00000000e+00
18.295          	1.25930468e-01	1.01443581e-06	9.68072206e-06	1.84164345e-04	0.00000000e+00
18.3            	2.28511195e-01	1.02010556e-06	9.90111327e-06	1.50483174e-04	0.00000000e+00
18.305          	8.96891602e-02	1.03464597e-06	1.01189550e-05	1.35189316e-04	0.00000000e+00
18.31           	1.42419050e-01	1.06393141e-06	1.03367882e-05	8.72700098e-05	0.00000000e+00
18.315          	2.93355498e-01	1.09692436e-06	1.05525070e-05	8.71485232e-05	0.00000000e+00
18.32           	7.44441994e-02	1.14567705e-06	1.07711440e-05	1.29640415e-04	0.00000000e+00
18.325          	1.97133562e-01	1.19658166e-06	1.09864509e-05	9.09443934e-05	0.00000000e+00
18.33           	8.06227772e-02	1.26194955e-06	1.12004247e-05	1.37902552e-04	0.00000000e+00
18.335          	1.09183011e-01	1.33333736e-06	1.14160355e-05	1.42144673e-04	0.00000000e+00
18.34           	2.05129368e-01	1.41066340e-06	1.16299341e-05	1.61515499e-04	0.00000000e+00
18.345          	1.10783727e-01	1.50066735e-06	1.18435172e-05	1.03010836e-04	0.00000000e+00
18.35           	3.28542881e-01	1.59343404e-06	1.20563585e-05	1.01302806e-04	0.00000000e+00
18.355          	1.53417261e-01	1.69674831e-06	1.22683058e-05	1.21735177e-04	0.00000000e+00
18.36           	1.15469950e-01	1.80281334e-06	1.24799766e-05	9.66727239e-05	0.00000000e+00
18.365          	4.01696304e-02	1.91680171e-06	1.26909422e-05	9.91246497e-05	0.00000000e+00
18.37           	1.27143971e-01	2.03502390e-06	1.29027523e-05	1.45976330e-04	0.00000000e+00
18.375          	1.34169013e-01	2.15697943e-06	1.31097196e-05	9.44049419e-05	0.00000000e+00
18.38           	1.41029571e-01	2.28183478e-06	1.33196622e-05	1.03353763e-04	0.00000000e+00
18.385          	1.31323059e-01	2.41225358e-06	1.35264005e-05	2.04780090e-04	0.00000000e+00
18.39           	1.34998096e-01	2.54449681e-06	1.37335295e-05	1.77093033e-04	0.00000000e+00
18.395          	1.32230471e-01	2.67702487e-06	1.39423170e-05	1.15637491e-04	0.00000000e+00
18.4            	1.19441499e-01	2.80938963e-06	1.41490279e-05	1.28577975e-04	0.00000000e+00
18.405          	1.06342253e-01	2.94137102e-06	1.43533595e-05	1.48887109e-04	0.00000000e+00
18.41           	1.56313686e-01	3.07332033e-06	1.45591699e-05	1.25712935e-04	0.00000000e+00
18.415          	1.49685571e-01	3.20492954e-06	1.47641518e-05	1.68912707e-04	0.00000000e+00
18.42           	9.53552581e-02	3.33626846e-06	1.49677879e-05	1.44284945e-04	0.00000000e+00
18.425          	3.07809701e-01	3.46732087e-06	1.51711850e-05	1.33682259e-04	0.00000000e+00
18.43           	2.49049653e-01	3.59856161e-06	1.53755871e-05	1.49755566e-04	0.00000000e+00
18.435          	1.84395156e-01	3.72878381e-06	1.55758513e-05	1.58376659e-04	0.00000000e+00
18.44           	1.44250237e-01	3.85892740e-06	1.57768233e-05	1.80228978e-04	0.00000000e+00
18.445          	4.19305376e-01	3.98906688e-06	1.59772014e-05	1.57619948e-04	0.00000000e+00
18.45           	2.13361436e-01	4.11888304e-06	1.61770463e-05	1.54715745e-04	0.00000000e+00
18.455          	1.67136514e-01	4.24849577e-06	1.63762228e-05	2.56088963e-04	0.00000000e+00
18.46           	1.19818797e-01	4.37800168e-06	1.65746680e-05	2.56176377e-04	0.00000000e+00
18.465          	2.73096677e-01	4.50699248e-06	1.67721880e-05	1.89577413e-04	0.00000000e+00
18.47           	1.72461204e-01	4.63592775e-06	1.69695632e-05	2.05856162e-04	0.00000000e+00
18.475          	1.14136826e-01	4.76434749e-06	1.71658233e-05	2.08731338e-04	0.00000000e+00
18.48           	5.07360023e-01	4.89209009e-06	1.73597978e-05	1.92043768e-04	0.00000000e+00
18.485          	2.81709415e-01	5.02052767e-06	1.75564455e-05	1.73515542e-04	0.00000000e+00
18.49           	1.10100949e-01	5.14837490e-06	1.77514355e-05	2.32913164e-04	0.00000000e+00
18.495          	3.86100042e-01	5.27584135e-06	1.79458007e-05	1.95503458e-04	0.00000000e+00
18.5            	1.23300033e-01	5.40297737e-06	1.81387470e-05	2.34797421e-04	0.00000000e+00
18.505          	3.50510834e-01	5.53019434e-06	1.83330942e-05	2.09827311e-04	0.00000000e+00
18.51           	1.71205057e-01	5.65649753e-06	1.85235746e-05	2.18763289e-04	0.00000000e+00
18.515          	2.64044290e-01	5.78267887e-06	1.87142661e-05	2.89720039e-04	0.00000000e+00
18.52           	1.97588177e-01	5.90803761e-06	1.89026294e-05	3.51983469e-04	0.00000000e+00
18.525          	1.71521363e-01	6.03392158e-06	1.90937097e-05	2.98419494e-04	0.00000000e+00
18.53           	3.29621104e-01	6.15894204e-06	1.92811967e-05	3.15862447e-04	0.00000000e+00
18.535          	1.28767306e-01	6.28517289e-06	1.94734709e-05	3.20505669e-04	0.00000000e+00
18.54           	1.24322057e-01	6.40972714e-06	1.96604839e-05	2.78492237e-04	0.00000000e+00
18.545          	1.42661894e-01	6.53392680e-06	1.98464981e-05	3.02589888e-04	0.00000000e+00
18.55           	2.02262792e-01	6.65737449e-06	2.00304613e-05	3.05119430e-04	0.00000000e+00
18.555          	1.45379132e-01	6.78195654e-06	2.02182065e-05	3.09333192e-04	0.00000000e+00
18.56           	1.36266776e-01	6.90651079e-06	2.04059834e-05	2.51657713e-04	0.00000000e+00
18.565          	1.80694905e-01	7.02946069e-06	2.05891121e-05	2.68451195e-04	0.00000000e+00
18.57           	2.17135759e-01	7.15215204e-06	2.07719622e-05	2.65218042e-04	0.00000000e+00
18.575          	3.31470069e-01	7.27551267e-06	2.09567867e-05	2.97220851e-04	0.00000000e+00
18.58           	1.35231134e-01	7.39741530e-06	2.11374910e-05	3.31490052e-04	0.00000000e+00
18.585          	1.22254848e-01	7.52036989e-06	2.13211129e-05	2.01022674e-04	0.00000000e+00
18.59           	1.54358845e-01	7.64089347e-06	2.14977714e-05	2.61977160e-04	0.00000000e+00
18.595          	3.25787216e-01	7.76173275e-06	2.16761385e-05	1.98259146e-04	0.00000000e+00
18.6            	6.45073923e-01	7.88378530e-06	2.18581156e-05	2.81093718e-04	0.00000000e+00
18.605          	6.42186892e-02	8.00554967e-06	2.20395900e-05	2.53461267e-04	0.00000000e+00
18.61           	1.52276409e-01	8.12473883e-06	2.22135111e-05	2.19596799e-04	0.00000000e+00
18.615          	1.85733596e-01	8.24564703e-06	2.23922236e-05	2.51847169e-04	0.00000000e+00
18.62           	1.47862410e-01	8.36583372e-06	2.25693532e-05	1.65517555e-04	0.00000000e+00
18.625          	1.83916263e-01	8.48648285e-06	2.27483171e-05	2.43923248e-04	0.00000000e+00
18.63           	1.16365388e-01	8.60409709e-06	2.29189534e-05	1.57695578e-04	0.00000000e+00
18.635          	3.21016646e-01	8.72345026e-06	2.30943741e-05	1.89208550e-04	0.00000000e+00
18.64           	2.84744341e-01	8.84350239e-06	2.32718629e-05	2.45109281e-04	0.00000000e+00
18.645          	1.54076752e-01	8.96237210e-06	2.34462615e-05	2.64591496e-04	0.00000000e+00
18.65           	1.75176011e-01	9.07968939e-06	2.36167143e-05	2.43211453e-04	0.00000000e+00
18.655          	1.58308255e-01	9.19688878e-06	2.37868665e-05	2.39765874e-04	0.00000000e+00
18.66           	1.34344106e-01	9.31346426e-06	2.39553668e-05	2.20247173e-04	0.00000000e+00
18.665          	7.81640613e-02	9.43099914e-06	2.41269274e-05	2.04692105e-04	0.00000000e+00
18.67           	1.12056346e-01	9.54823532e-06	2.42974346e-05	2.18590973e-04	0.00000000e+00
18.675          	1.24503677e-01	9.66491524e-06	2.44671876e-05	2.24338651e-04	0.00000000e+00
18.68           	1.51406318e-01	9.78188763e-06	2.46378096e-05	2.70667057e-04	0.00000000e+00
18.685          	1.46532167e-01	9.89698023e-06	2.48035827e-05	2.17017390e-04	0.00000000e+00
18.69           	1.72621266e-01	1.00122037e-05	2.49692853e-05	2.76171253e-04	0.00000000e+00
18.695          	5.56830813e-02	1.01287257e-05	2.51386499e-05	3.09564087e-04	0.00000000e+00
18.7            	1.57691256e-01	1.02418487e-05	2.52993571e-05	2.62317518e-04	0.00000000e+00
18.705          	1.93734629e-01	1.03580418e-05	2.54683245e-05	2.46459051e-04	0.00000000e+00
18.71           	2.06836425e-01	1.04716705e-05	2.56305370e-05	2.86591785e-04	0.00000000e+00
18.715          	1.19033858e-01	1.05853732e-05	2.57932360e-05	1.73104017e-04	0.00000000e+00
18.72           	1.47778272e-01	1.07000619e-05	2.59588613e-05	1.96807339e-04	0.00000000e+00
18.725          	3.20940664e-01	1.08110208e-05	2.61152732e-05	2.36156058e-04	0.00000000e+00
18.73           	1.45860783e-01	1.09243145e-05	2.62773364e-05	2.02201168e-04	0.00000000e+00
18.735          	1.65825003e-01	1.10370722e-05	2.64386344e-05	1.61044595e-04	0.00000000e+00
18.74           	3.51535820e-01	1.11508888e-05	2.66018978e-05	1.76732196e-04	0.00000000e+00
18.745          	2.20852266e-01	1.12617468e-05	2.67582341e-05	2.49182953e-04	0.00000000e+00
18.75           	2.29593138e-01	1.13729746e-05	2.69156421e-05	9.32413817e-05	0.00000000e+00
18.755          	2.10513727e-01	1.14853791e-05	2.70763127e-05	3.03913033e-04	0.00000000e+00
18.76           	5.53666548e-01	1.15957291e-05	2.72312868e-05	2.59344319e-04	0.00000000e+00
18.765          	1.87403697e-01	1.17058316e-05	2.73868796e-05	1.27776904e-04	0.00000000e+00
18.77           	1.54854032e-01	1.18162598e-05	2.75426351e-05	1.89400510e-04	0.00000000e+00
18.775          	2.23556806e-01	1.19271384e-05	2.76998177e-05	1.08686065e-04	0.00000000e+00
18.78           	2.62645299e-01	1.20343942e-05	2.78482236e-05	1.54387604e-04	0.00000000e+00
18.785          	2.49409181e-01	1.21431929e-05	2.80001539e-05	1.11023349e-04	0.00000000e+00
18.79           	1.46059254e-01	1.22528628e-05	2.81546565e-05	1.15689280e-04	0.00000000e+00
18.795          	1.36118397e-01	1.23616591e-05	2.83071318e-05	1.94698870e-04	0.00000000e+00
18.8            	1.16010202e-01	1.24699357e-05	2.84584493e-05	1.17036729e-04	0.00000000e+00
18.805          	1.83571593e-01	1.25778102e-05	2.86088996e-05	1.14643955e-04	0.00000000e+00
18.81           	1.04071200e-01	1.26853213e-05	2.87585794e-05	1.16239589e-04	0.00000000e+00
18.815          	2.11566500e-01	1.27924817e-05	2.89075209e-05	9.82636870e-05	0.00000000e+00
18.82           	1.65816325e-01	1.28992948e-05	2.90557346e-05	1.17013447e-04	0.00000000e+00
18.825          	5.15823507e-01	1.30058310e-05	2.92038377e-05	1.30989695e-04	0.00000000e+00
18.83           	5.36408143e-01	1.31108773e-05	2.93476616e-05	1.73406913e-04	0.00000000e+00
18.835          	7.99778353e-02	1.32177837e-05	2.94964408e-05	1.61494518e-04	0.00000000e+00
18.84           	1.87625409e-01	1.33232008e-05	2.96421276e-05	1.20216795e-04	0.00000000e+00
18.845          	3.44154159e-01	1.34267478e-05	2.97830836e-05	1.01560665e-04	0.00000000e+00
18.85           	1.93961640e-01	1.35309578e-05	2.99257475e-05	1.17160486e-04	0.00000000e+00
18.855          	3.05931093e-01	1.36366155e-05	3.00716212e-05	9.67619604e-05	0.00000000e+00
18.86           	6.08281719e-02	1.37399890e-05	3.02123510e-05	1.00807750e-04	0.00000000e+00
18.865          	2.42318172e-01	1.38460978e-05	3.03599082e-05	1.43634478e-04	0.00000000e+00
18.87           	2.20721187e-01	1.39486550e-05	3.04989863e-05	1.70743308e-04	0.00000000e+00
18.875          	2.68817748e-01	1.40518654e-05	3.06398255e-05	1.90198552e-04	0.00000000e+00
18.88           	1.08317224e-01	1.41545715e-05	3.07795526e-05	2.33089321e-04	0.00000000e+00
18.885          	5.48972894e-01	1.42568703e-05	3.09184176e-05	1.72780728e-04	0.00000000e+00
18.89           	2.05437986e-01	1.43586978e-05	3.10558165e-05	1.36444765e-04	0.00000000e+00
18.895          	1.71766039e-01	1.44603205e-05	3.11936146e-05	1.83421815e-04	0.00000000e+00
18.9            	1.14104140e-01	1.45598797e-05	3.13264224e-05	1.18731493e-04	0.00000000e+00
18.905          	2.22380756e-01	1.46613274e-05	3.14637488e-05	1.35398181e-04	0.00000000e+00
18.91           	5.65802565e-01	1.47608444e-05	3.15966608e-05	1.16100125e-04	0.00000000e+00
18.915          	1.28616146e-01	1.48622503e-05	3.17336612e-05	1.27990236e-04	0.00000000e+00
18.92           	1.42884920e-01	1.49620117e-05	3.18676259e-05	1.20408983e-04	0.00000000e+00
18.925          	1.83011729e-01	1.50597816e-05	3.19973239e-05	1.31407040e-04	0.00000000e+00
18.93           	7.98010380e-02	1.51599200e-05	3.21318423e-05	1.18722046e-04	0.00000000e+00
18.935          	1.50425051e-01	1.52594141e-05	3.22647096e-05	1.43139364e-04	0.00000000e+00
18.94           	1.17126330e-01	1.53558957e-05	3.23919404e-05	1.00656026e-04	0.00000000e+00
18.945          	1.78123385e-01	1.54549171e-05	3.25242225e-05	1.08604124e-04	0.00000000e+00
18.95           	1.08023517e-01	1.55533237e-05	3.26548941e-05	1.13621099e-04	0.00000000e+00
18.955          	1.20432117e-01	1.56504737e-05	3.27840227e-05	1.62655883e-04	0.00000000e+00
18.96           	6.55047214e-02	1.57472228e-05	3.29113560e-05	1.42568285e-04	0.00000000e+00
18.965          	2.80551064e-01	1.58437971e-05	3.30390318e-05	1.44128693e-04	0.00000000e+00
18.97           	2.01019775e-01	1.59403261e-05	3.31655125e-05	2.27757797e-04	0.00000000e+00
18.975          	1.85703500e-01	1.60363459e-05	3.32919395e-05	1.38826341e-04	0.00000000e+00
18.98           	2.37040318e-01	1.61295192e-05	3.34122871e-05	1.08604925e-04	0.00000000e+00
18.985          	1.27563821e-01	1.62242901e-05	3.35356067e-05	1.48365112e-04	0.00000000e+00
18.99           	3.62543314e-01	1.63188765e-05	3.36587983e-05	1.70511677e-04	0.00000000e+00
18.995          	1.73123815e-01	1.64144664e-05	3.37843698e-05	1.05052980e-04	0.00000000e+00
19              	4.76147832e-01	1.65075172e-05	3.39044012e-05	1.36168222e-04	0.00000000e+00
19.005          	1.24077855e-01	1.66003169e-05	3.40244086e-05	2.47490556e-04	0.00000000e+00
19.01           	1.94209221e-01	1.66932621e-05	3.41445485e-05	7.78231123e-05	0.00000000e+00
19.015          	3.73122584e-01	1.67883236e-05	3.42684741e-05	1.07683949e-04	0.00000000e+00
19.02           	4.29767026e-01	1.68834946e-05	3.43932978e-05	1.27807982e-04	0.00000000e+00
19.025          	2.68645280e-01	1.69741659e-05	3.45093096e-05	1.00328402e-04	0.00000000e+00
19.03           	3.31228974e-01	1.70659258e-05	3.46268273e-05	1.23647238e-04	0.00000000e+00
19.035          	1.01478637e-01	1.71553084e-05	3.47392868e-05	1.32191333e-04	0.00000000e+00
19.04           	2.48181023e-01	1.72490305e-05	3.48614412e-05	8.04297014e-05	0.00000000e+00
19.045          	8.31356844e-02	1.73410765e-05	3.49795453e-05	1.06876331e-04	0.00000000e+00
19.05           	2.72049575e-01	1.74313148e-05	3.50945100e-05	9.24703447e-05	0.00000000e+00
19.055          	1.45128978e-01	1.75217082e-05	3.52092489e-05	1.11137125e-04	0.00000000e+00
19.06           	9.30774603e-02	1.76093455e-05	3.53182713e-05	9.88453042e-05	0.00000000e+00
19.065          	7.75128910e-02	1.76959206e-05	3.54256775e-05	1.78561037e-04	0.00000000e+00
19.07           	4.22475440e-01	1.77858951e-05	3.55403069e-05	1.60843262e-04	0.00000000e+00
19.075          	5.40713996e-02	1.78740466e-05	3.56508870e-05	1.65359775e-04	0.00000000e+00
19.08           	1.15217697e-01	1.79600105e-05	3.57573198e-05	1.36413071e-04	0.00000000e+00
19.085          	6.07199470e-02	1.80489383e-05	3.58694317e-05	7.86087668e-05	0.00000000e+00
19.09           	1.01081678e-01	1.81351552e-05	3.59760366e-05	1.00578471e-04	0.00000000e+00
19.095          	1.42212236e-01	1.82211620e-05	3.60827855e-05	1.46561718e-04	0.00000000e+00
19.1            	1.13950428e-01	1.83100265e-05	3.61950282e-05	1.31140278e-04	0.00000000e+00
19.105          	2.34282701e-01	1.83962819e-05	3.63018700e-05	1.20836338e-04	0.00000000e+00
19.11           	8.80538668e-02	1.84800465e-05	3.64040739e-05	1.49206382e-04	0.00000000e+00
19.115          	1.03321994e-01	1.85652884e-05	3.65087711e-05	1.41921383e-04	0.00000000e+00
19.12           	1.19356881e-01	1.86502338e-05	3.66131268e-05	1.02228434e-04	0.00000000e+00
19.125          	3.23672091e-01	1.87348267e-05	3.67168816e-05	1.19840402e-04	0.00000000e+00
19.13           	1.94606544e-01	1.88227723e-05	3.68278185e-05	1.15374208e-04	0.00000000e+00
19.135          	5.30449220e-01	1.89084226e-05	3.69334864e-05	1.28941145e-04	0.00000000e+00
19.14           	3.80112473e-01	1.89881864e-05	3.70275790e-05	1.04366600e-04	0.00000000e+00
19.145          	1.32731235e-01	1.90738394e-05	3.71339546e-05	1.57505248e-04	0.00000000e+00
19.15           	4.83322921e-01	1.91551724e-05	3.72312110e-05	1.40069546e-04	0.00000000e+00
19.155          	3.06636571e-01	1.92371834e-05	3.73305088e-05	1.45091144e-04	0.00000000e+00
19.16           	9.30095438e-02	1.93195955e-05	3.74299020e-05	1.19676266e-04	0.00000000e+00
19.165          	1.40539678e-01	1.94029095e-05	3.75313961e-05	2.23474103e-04	0.00000000e+00
19.17           	1.00466215e-01	1.94824018e-05	3.76250340e-05	1.15682274e-04	0.00000000e+00
19.175          	3.70486815e-01	1.95627881e-05	3.77212099e-05	1.07086313e-04	0.00000000e+00
19.18           	1.24298322e-01	1.96436495e-05	3.78176401e-05	1.50357738e-04	0.00000000e+00
19.185          	1.25199867e-01	1.97232816e-05	3.79122524e-05	2.00057498e-04	0.00000000e+00
19.19           	1.55720126e-01	1.98004769e-05	3.80016200e-05	1.21297130e-04	0.00000000e+00
19.195          	1.77602837e-01	1.98795075e-05	3.80943491e-05	1.22966525e-04	0.00000000e+00
19.2            	9.55146695e-02	1.99622912e-05	3.81951742e-05	1.44257979e-04	0.00000000e+00
19.205          	3.99730320e-01	2.00397522e-05	3.82851362e-05	1.15507567e-04	0.00000000e+00
19.21           	2.61792916e-01	2.01153100e-05	3.83718334e-05	1.13315208e-04	0.00000000e+00
19.215          	1.45704281e-01	2.01945732e-05	3.84659359e-05	8.40220520e-05	0.00000000e+00
19.22           	8.80752062e-02	2.02730276e-05	3.85578337e-05	1.27506875e-04	0.00000000e+00
19.225          	2.67290482e-01	2.03526239e-05	3.86518762e-05	1.01727369e-04	0.00000000e+00
19.23           	8.99791572e-02	2.04254247e-05	3.87330011e-05	1.36127274e-04	0.00000000e+00
19.235          	2.67673487e-01	2.05022052e-05	3.88226690e-05	1.51988080e-04	0.00000000e+00
19.24           	2.25732103e-01	2.05786588e-05	3.89103120e-05	8.37303827e-05	0.00000000e+00
19.245          	1.12495563e-01	2.06520255e-05	3.89928154e-05	9.30634216e-05	0.00000000e+00
19.25           	1.52268678e-01	2.07282356e-05	3.90815172e-05	1.09868640e-04	0.00000000e+00
19.255          	7.65642686e-02	2.08008336e-05	3.91625322e-05	1.30648236e-04	0.00000000e+00
19.26           	2.71481299e-01	2.08744244e-05	3.92455323e-05	1.54288374e-04	0.00000000e+00
19.265          	1.98433334e-01	2.09528714e-05	3.93378823e-05	2.31289313e-04	0.00000000e+00
19.27           	1.12366272e-01	2.10260221e-05	3.94193761e-05	1.24660074e-04	0.00000000e+00
19.275          	1.64798478e-01	2.10966869e-05	3.94969024e-05	2.20021779e-04	0.00000000e+00
19.28           	2.41281371e-01	2.11679992e-05	3.95760947e-05	1.37409053e-04	0.00000000e+00
19.285          	2.47052116e-01	2.12447286e-05	3.96653536e-05	1.24973790e-04	0.00000000e+00
19.29           	2.51656862e-01	2.13162456e-05	3.97438755e-05	2.49637482e-04	0.00000000e+00
19.295          	2.45488486e-01	2.13876802e-05	3.98227054e-05	1.61910154e-04	0.00000000e+00
19.3            	9.38156453e-02	2.14589667e-05	3.99020028e-05	1.50768007e-04	0.00000000e+00
19.305          	8.48325082e-02	2.15272575e-05	3.99750218e-05	1.86823022e-04	0.00000000e+00
19.31           	1.22060093e-01	2.15987706e-05	4.00549736e-05	1.84866440e-04	0.00000000e+00
19.315          	1.55739316e-01	2.16696170e-05	4.01322303e-05	3.07754837e-04	0.00000000e+00
19.32           	1.90899415e-01	2.17396861e-05	4.02091375e-05	1.97871643e-04	0.00000000e+00
19.325          	1.95515071e-01	2.18089203e-05	4.02836903e-05	1.99992767e-04	0.00000000e+00
19.33           	1.23383361e-01	2.18803730e-05	4.03630444e-05	2.56701566e-04	0.00000000e+00
19.335          	4.04997972e-01	2.19446624e-05	4.04288581e-05	2.71017611e-04	0.00000000e+00
19.34           	1.36389741e-01	2.20139662e-05	4.05043945e-05	3.14390708e-04	0.00000000e+00
19.345          	1.21379229e-01	2.20845249e-05	4.05817942e-05	2.33289724e-04	0.00000000e+00
19.35           	1.52734150e-01	2.21503230e-05	4.06507086e-05	2.48295138e-04	0.00000000e+00
19.355          	1.41194078e-01	2.22134626e-05	4.07146689e-05	3.29862510e-04	0.00000000e+00
19.36           	1.38257815e-01	2.22793708e-05	4.07832859e-05	1.83292679e-04	0.00000000e+00
19.365          	1.16802528e-01	2.23452970e-05	4.08522052e-05	2.46177942e-04	0.00000000e+00
19.37           	1.37475220e-01	2.24109669e-05	4.09207514e-05	1.52115010e-04	0.00000000e+00
19.375          	1.26953521e-01	2.24781484e-05	4.09922833e-05	1.24976173e-04	0.00000000e+00
19.38           	1.74532746e-01	2.25470392e-05	4.10667749e-05	1.14840499e-04	0.00000000e+00
19.385          	1.21828721e-01	2.26077148e-05	4.11260988e-05	1.56491860e-04	0.00000000e+00
19.39           	1.78835331e-01	2.26726533e-05	4.11941028e-05	1.71718576e-04	0.00000000e+00
19.395          	9.54709590e-02	2.27365289e-05	4.12590863e-05	1.18849187e-04	0.00000000e+00
19.4            	4.02191192e-01	2.27999697e-05	4.13235257e-05	2.12691893e-04	0.00000000e+00
19.405          	1.53446811e-01	2.28663679e-05	4.13933784e-05	1.29474404e-04	0.00000000e+00
19.41           	7.21070067e-02	2.29301316e-05	4.14584875e-05	1.27022092e-04	0.00000000e+00
19.415          	9.07566701e-02	2.29867818e-05	4.15110033e-05	1.12674678e-04	0.00000000e+00
19.42           	1.30555727e-01	2.30500111e-05	4.15746538e-05	1.46447745e-04	0.00000000e+00
19.425          	9.89006278e-02	2.31114318e-05	4.16364273e-05	1.06771695e-04	0.00000000e+00
19.43           	1.19686688e-01	2.31731571e-05	4.16977900e-05	1.35640031e-04	0.00000000e+00
19.435          	1.57298584e-01	2.32340581e-05	4.17577624e-05	1.82949216e-04	0.00000000e+00
19.44           	2.04636583e-01	2.32970214e-05	4.18212490e-05	2.09151354e-04	0.00000000e+00
19.445          	3.99660768e-01	2.33524125e-05	4.18711383e-05	1.33675900e-04	0.00000000e+00
19.45           	3.01106654e-01	2.34130447e-05	4.19303966e-05	1.51377523e-04	0.00000000e+00
19.455          	5.88112991e-02	2.34699111e-05	4.19833464e-05	1.01105961e-04	0.00000000e+00
19.46           	3.88060419e-01	2.35326462e-05	4.20472970e-05	1.16008847e-04	0.00000000e+00
19.465          	1.56057743e-01	2.35930003e-05	4.21061483e-05	1.87336733e-04	0.00000000e+00
19.47           	7.44350840e-01	2.36487991e-05	4.21566213e-05	1.33887310e-04	0.00000000e+00
19.475          	4.57954057e-01	2.37077999e-05	4.22139219e-05	1.06027701e-04	0.00000000e+00
19.48           	2.79576537e-01	2.37626138e-05	4.22629538e-05	2.93009659e-04	0.00000000e+00
19.485          	2.97704698e-01	2.38187805e-05	4.23151416e-05	1.34865129e-04	0.00000000e+00
19.49           	2.07100860e-01	2.38727991e-05	4.23623594e-05	1.25057070e-04	0.00000000e+00
19.495          	1.21376942e-01	2.39306884e-05	4.24166494e-05	1.10499019e-04	0.00000000e+00
19.5            	1.27355162e-01	2.39869290e-05	4.24683034e-05	1.07202579e-04	0.00000000e+00
19.505          	4.91999338e-02	2.40416716e-05	4.25178221e-05	1.12751582e-04	0.00000000e+00
19.51           	8.05688922e-02	2.40999011e-05	4.25732296e-05	1.34090317e-04	0.00000000e+00
19.515          	2.20707803e-01	2.41547907e-05	4.26230807e-05	7.78534860e-05	0.00000000e+00
19.52           	1.80930305e-01	2.42069667e-05	4.26676659e-05	9.77629581e-05	0.00000000e+00
19.525          	2.68902624e-01	2.42598213e-05	4.27128734e-05	1.83509797e-04	0.00000000e+00
19.53           	1.06698604e-01	2.43157398e-05	4.27642906e-05	7.78592581e-05	0.00000000e+00
19.535          	4.67475126e-01	2.43667707e-05	4.28072262e-05	1.52735993e-04	0.00000000e+00
19.54           	2.23432508e-01	2.44157259e-05	4.28459594e-05	1.13811637e-04	0.00000000e+00
19.545          	4.91475279e-01	2.44688840e-05	4.28930941e-05	1.25961148e-04	0.00000000e+00
19.55           	3.84499006e-01	2.45214552e-05	4.29376894e-05	7.16186459e-05	0.00000000e+00
19.555          	1.04562839e-01	2.45753103e-05	4.29858723e-05	1.23300002e-04	0.00000000e+00
19.56           	3.23065984e-01	2.46248440e-05	4.30253271e-05	1.20597704e-04	0.00000000e+00
19.565          	1.11738590e-01	2.46771790e-05	4.30709110e-05	1.21307043e-04	0.00000000e+00
19.57           	1.68521189e-01	2.47249722e-05	4.31077867e-05	1.67771420e-04	0.00000000e+00
19.575          	7.61642309e-02	2.47741355e-05	4.31478215e-05	1.06660494e-04	0.00000000e+00
19.58           	2.26819760e-01	2.48210525e-05	4.31827815e-05	1.39726433e-04	0.00000000e+00
19.585          	1.70792284e-01	2.48722073e-05	4.32259329e-05	1.28965390e-04	0.00000000e+00
19.59           	1.52262321e-01	2.49215341e-05	4.32657849e-05	1.61182438e-04	0.00000000e+00
19.595          	1.32222138e-01	2.49697905e-05	4.33031178e-05	8.43303162e-05	0.00000000e+00
19.6            	6.32012064e-01	2.50199257e-05	4.33449225e-05	1.67372021e-04	0.00000000e+00
19.605          	4.60894083e-01	2.50688563e-05	4.33838035e-05	1.28953784e-04	0.00000000e+00
19.61           	2.13214281e-01	2.51164127e-05	4.34204512e-05	1.72873929e-04	0.00000000e+00
19.615          	2.89580196e-01	2.51604164e-05	4.34512587e-05	1.91710239e-04	0.00000000e+00
19.62           	9.49400669e-02	2.52086517e-05	4.34890052e-05	1.73707905e-04	0.00000000e+00
19.625          	9.72736438e-02	2.52521619e-05	4.35183335e-05	1.61825984e-04	0.00000000e+00
19.63           	2.29643252e-01	2.52933109e-05	4.35445880e-05	1.30169734e-04	0.00000000e+00
19.635          	1.69915250e-01	2.53400206e-05	4.35804806e-05	1.48957807e-04	0.00000000e+00
19.64           	5.61586870e-01	2.53858086e-05	4.36133665e-05	1.30370040e-04	0.00000000e+00
19.645          	1.37546960e-01	2.54335636e-05	4.36505901e-05	1.49516132e-04	0.00000000e+00
19.65           	1.69789036e-01	2.54720000e-05	4.36720443e-05	1.43151497e-04	0.00000000e+00
19.655          	4.06629520e-01	2.55175348e-05	4.37054475e-05	1.41115295e-04	0.00000000e+00
19.66           	1.25494135e-01	2.55606509e-05	4.37350921e-05	1.66974711e-04	0.00000000e+00
19.665          	1.37888202e-01	2.56070377e-05	4.37693652e-05	1.02294707e-04	0.00000000e+00
19.67           	2.75962735e-01	2.56477638e-05	4.37945509e-05	1.67838987e-04	0.00000000e+00
19.675          	1.68721166e-01	2.56883003e-05	4.38191792e-05	1.35637400e-04	0.00000000e+00
19.68           	9.44137464e-02	2.57301950e-05	4.38458378e-05	9.51563968e-05	0.00000000e+00
19.685          	1.28216264e-01	2.57715442e-05	4.38719008e-05	1.74809867e-04	0.00000000e+00
19.69           	1.33165407e-01	2.58118959e-05	4.38974400e-05	1.40213943e-04	0.00000000e+00
19.695          	2.78771807e-01	2.58529628e-05	4.39231097e-05	1.76700561e-04	0.00000000e+00
19.7            	1.25986768e-01	2.58894080e-05	4.39410482e-05	1.51046188e-04	0.00000000e+00
19.705          	6.34701388e-02	2.59346934e-05	4.39737075e-05	1.93402090e-04	0.00000000e+00
19.71           	1.08764376e-01	2.59751538e-05	4.39987850e-05	3.24625186e-04	0.00000000e+00
19.715          	1.59136142e-01	2.60115531e-05	4.40170178e-05	1.04910494e-04	0.00000000e+00
19.72           	4.15906051e-01	2.60522224e-05	4.40420028e-05	1.62423849e-04	0.00000000e+00
19.725          	1.33771893e-01	2.60887133e-05	4.40592060e-05	1.83016497e-04	0.00000000e+00
19.73           	1.48486895e-01	2.61259715e-05	4.40782964e-05	1.18918356e-04	0.00000000e+00
19.735          	2.56541923e-01	2.61626598e-05	4.40976897e-05	9.49428619e-05	0.00000000e+00
19.74           	1.27667132e-01	2.62000145e-05	4.41165147e-05	1.43257540e-04	0.00000000e+00
19.745          	2.81563451e-01	2.62392001e-05	4.41397296e-05	2.07256307e-04	0.00000000e+00
19.75           	1.57261826e-01	2.62731618e-05	4.41534013e-05	1.20953999e-04	0.00000000e+00
19.755          	1.52230979e-01	2.63122169e-05	4.41757302e-05	1.24178200e-04	0.00000000e+00
19.76           	1.80724648e-01	2.63458160e-05	4.41892262e-05	2.61328931e-04	0.00000000e+00
19.765          	1.14190623e-01	2.63763927e-05	4.41975836e-05	2.23930529e-04	0.00000000e+00
19.77           	2.85191815e-01	2.64133770e-05	4.42159502e-05	1.11405412e-04	0.00000000e+00
19.775          	9.06706846e-02	2.64479428e-05	4.42317596e-05	1.08199041e-04	0.00000000e+00
19.78           	1.91938354e-01	2.64857596e-05	4.42517589e-05	1.59596138e-04	0.00000000e+00
19.785          	2.17735671e-01	2.65167017e-05	4.42605837e-05	6.15985941e-05	0.00000000e+00
19.79           	1.39651083e-01	2.65500169e-05	4.42736551e-05	9.38555913e-05	0.00000000e+00
19.795          	1.35185083e-01	2.65859212e-05	4.42906763e-05	2.27603007e-04	0.00000000e+00
19.8            	1.28636057e-01	2.66162122e-05	4.42980977e-05	1.55941905e-04	0.00000000e+00
19.805          	2.11360784e-01	2.66508171e-05	4.43133916e-05	2.10622652e-04	0.00000000e+00
19.81           	8.34456207e-02	2.66803680e-05	4.43203878e-05	1.00927490e-04	0.00000000e+00
19.815          	4.73124105e-01	2.67077823e-05	4.43232624e-05	1.56826774e-04	0.00000000e+00
19.82           	1.12877394e-01	2.67404814e-05	4.43348628e-05	1.19134202e-04	0.00000000e+00
19.825          	1.77431791e-01	2.67748885e-05	4.43499005e-05	1.35401903e-04	0.00000000e+00
19.83           	3.20595257e-01	2.68023892e-05	4.43533713e-05	1.93283234e-04	0.00000000e+00
19.835          	1.12690005e-01	2.68353443e-05	4.43657416e-05	1.70578464e-04	0.00000000e+00
19.84           	1.77389646e-01	2.68658638e-05	4.43740842e-05	1.99774154e-04	0.00000000e+00
19.845          	5.92812755e-02	2.68890192e-05	4.43701622e-05	1.91981438e-04	0.00000000e+00
19.85           	1.69167251e-01	2.69220779e-05	4.43828153e-05	2.17791417e-04	0.00000000e+00
19.855          	1.21314858e-01	2.69478559e-05	4.43834632e-05	2.55794566e-04	0.00000000e+00
19.86           	1.18202574e-01	2.69759563e-05	4.43881142e-05	3.42007245e-04	0.00000000e+00
19.865          	1.60967643e-01	2.69995834e-05	4.43853219e-05	2.46744836e-04	0.00000000e+00
19.87           	1.53933055e-01	2.70287671e-05	4.43919830e-05	1.41940187e-04	0.00000000e+00
19.875          	1.91905166e-01	2.70568364e-05	4.43954756e-05	2.01404504e-04	0.00000000e+00
19.88           	6.69454588e-02	2.70799043e-05	4.43920801e-05	2.21850571e-04	0.00000000e+00
19.885          	2.57061035e-01	2.71087312e-05	4.43972081e-05	1.86294763e-04	0.00000000e+00
19.89           	1.09940405e-01	2.71315389e-05	4.43935473e-05	2.18793853e-04	0.00000000e+00
19.895          	1.03043194e-01	2.71597910e-05	4.43977937e-05	2.11837355e-04	0.00000000e+00
19.9            	1.21521299e-01	2.71890365e-05	4.44043779e-05	1.45211053e-04	0.00000000e+00
19.905          	1.23949567e-01	2.72110263e-05	4.43990283e-05	1.55229195e-04	0.00000000e+00
19.91           	2.64990628e-01	2.72377132e-05	4.44016546e-05	1.51677648e-04	0.00000000e+00
19.915          	1.21885807e-01	2.72591261e-05	4.43950397e-05	1.55544040e-04	0.00000000e+00
19.92           	1.78915439e-01	2.72787460e-05	4.43859568e-05	1.84816600e-04	0.00000000e+00
19.925          	1.73723801e-01	2.73046929e-05	4.43870208e-05	1.93068549e-04	0.00000000e+00
19.93           	1.35213059e-01	2.73315139e-05	4.43892383e-05	1.92149710e-04	0.00000000e+00
19.935          	2.05305120e-01	2.73514110e-05	4.43810694e-05	2.86166103e-04	0.00000000e+00
19.94           	4.98584912e-01	2.73701026e-05	4.43697707e-05	3.39043442e-04	0.00000000e+00
19.945          	1.25959665e-01	2.73930096e-05	4.43659056e-05	3.57516749e-04	0.00000000e+00
19.95           	7.93579311e-02	2.74149520e-05	4.43611408e-05	2.32833227e-04	0.00000000e+00
19.955          	1.40111045e-01	2.74369151e-05	4.43555765e-05	3.79950376e-04	0.00000000e+00
19.96           	9.38879453e-02	2.74578560e-05	4.43485162e-05	2.40181754e-04	0.00000000e+00
19.965          	2.20871118e-01	2.74748777e-05	4.43348217e-05	1.97622596e-04	0.00000000e+00
19.97           	3.86109345e-01	2.74960200e-05	4.43282372e-05	2.11363212e-04	0.00000000e+00
19.975          	1.91036414e-01	2.75159612e-05	4.43197020e-05	1.93770662e-04	0.00000000e+00
19.98           	1.37050292e-01	2.75321299e-05	4.43053624e-05	2.46159754e-04	0.00000000e+00
19.985          	2.34097808e-01	2.75530549e-05	4.42982629e-05	3.06325217e-04	0.00000000e+00
19.99           	3.86672792e-01	2.75729794e-05	4.42892491e-05	1.77605999e-04	0.00000000e+00
19.995          	1.27969497e-01	2.75907593e-05	4.42775480e-05	2.04648978e-04	0.00000000e+00
20              	1.55001028e-01	2.76093513e-05	4.42671915e-05	1.84364956e-04	0.00000000e+00
20.005          	9.89034689e-02	2.76293472e-05	4.42590602e-05	2.72750479e-04	0.00000000e+00
20.01           	1.52364340e-01	2.76415116e-05	4.42376882e-05	2.05735558e-04	0.00000000e+00
20.015          	1.57629930e-01	2.76591098e-05	4.42261397e-05	2.15664019e-04	0.00000000e+00
20.02           	4.12342821e-01	2.76764939e-05	4.42134044e-05	1.95092579e-04	0.00000000e+00
20.025          	7.91026119e-02	2.76959111e-05	4.42038013e-05	2.85366013e-04	0.00000000e+00
20.03           	1.37692071e-01	2.77061225e-05	4.41796298e-05	2.17567774e-04	0.00000000e+00
20.035          	3.93627639e-01	2.77260534e-05	4.41712384e-05	3.33825354e-04	0.00000000e+00
20.04           	2.13068694e-01	2.77393212e-05	4.41524712e-05	2.14229358e-04	0.00000000e+00
20.045          	1.27644938e-01	2.77522725e-05	4.41328372e-05	2.19393893e-04	0.00000000e+00
20.05           	2.42493810e-01	2.77668989e-05	4.41161714e-05	3.30401705e-04	0.00000000e+00
20.055          	4.21389142e-01	2.77766839e-05	4.40917820e-05	2.44066807e-04	0.00000000e+00
20.06           	2.18836391e-01	2.77895771e-05	4.40718658e-05	2.18704317e-04	0.00000000e+00
20.065          	1.29637946e-01	2.78048257e-05	4.40561232e-05	2.53260350e-04	0.00000000e+00
20.07           	1.21876514e-01	2.78182655e-05	4.40374981e-05	2.60144015e-04	0.00000000e+00
20.075          	1.35978315e-01	2.78308667e-05	4.40175502e-05	2.38377226e-04	0.00000000e+00
20.08           	1.53354771e-01	2.78397855e-05	4.39920594e-05	2.36662498e-04	0.00000000e+00
20.085          	7.19144713e-02	2.78543724e-05	4.39746917e-05	2.63809095e-04	0.00000000e+00
20.09           	7.00848028e-02	2.78668526e-05	4.39550254e-05	2.90552277e-04	0.00000000e+00
20.095          	1.13916105e-01	2.78805737e-05	4.39371974e-05	2.25027812e-04	0.00000000e+00
20.1            	1.39669799e-01	2.78863344e-05	4.39061130e-05	2.38127678e-04	0.00000000e+00
20.105          	1.11881563e-01	2.78981580e-05	4.38846326e-05	3.15553062e-04	0.00000000e+00
20.11           	1.95907038e-01	2.79119654e-05	4.38669093e-05	3.59373247e-04	0.00000000e+00
20.115          	1.40799877e-01	2.79194332e-05	4.38387124e-05	3.59143860e-04	0.00000000e+00
20.12           	3.39753310e-01	2.79279555e-05	4.38123908e-05	2.98858490e-04	0.00000000e+00
20.125          	7.01953040e-02	2.79365913e-05	4.37863339e-05	2.89228563e-04	0.00000000e+00
20.13           	1.38697016e-01	2.79450320e-05	4.37600128e-05	2.36468791e-04	0.00000000e+00
20.135          	1.30149283e-01	2.79523808e-05	4.37324290e-05	2.66214614e-04	0.00000000e+00
20.14           	1.56997435e-01	2.79607277e-05	4.37057315e-05	2.42349213e-04	0.00000000e+00
20.145          	1.18925027e-01	2.79717640e-05	4.36837954e-05	2.55958440e-04	0.00000000e+00
20.15           	1.49738789e-01	2.79735018e-05	4.36470757e-05	2.47256320e-04	0.00000000e+00
20.155          	1.79513476e-01	2.79850812e-05	4.36258487e-05	2.05178705e-04	0.00000000e+00
20.16           	2.77262024e-01	2.79931260e-05	4.35990464e-05	1.91538162e-04	0.00000000e+00
20.165          	2.87135036e-01	2.79957812e-05	4.35645244e-05	2.43174789e-04	0.00000000e+00
20.17           	1.12441503e-01	2.79970015e-05	4.35269899e-05	2.23517867e-04	0.00000000e+00
20.175          	1.42028951e-01	2.80041048e-05	4.34984683e-05	2.62836007e-04	0.00000000e+00
20.18           	1.28860570e-01	2.80139409e-05	4.34743422e-05	2.06043361e-04	0.00000000e+00
20.185          	1.93048654e-01	2.80170795e-05	4.34401932e-05	2.18451531e-04	0.00000000e+00
20.19           	1.45819807e-01	2.80199351e-05	4.34052917e-05	2.75435828e-04	0.00000000e+00
20.195          	1.11001563e-01	2.80242966e-05	4.33724246e-05	1.66861298e-04	0.00000000e+00
20.2            	3.25178319e-01	2.80241389e-05	4.33335741e-05	2.06623576e-04	0.00000000e+00
20.205          	3.20411793e-01	2.80336224e-05	4.33089870e-05	1.97114975e-04	0.00000000e+00
20.21           	1.47364830e-01	2.80345036e-05	4.32712683e-05	1.13694081e-04	0.00000000e+00
20.215          	1.62791359e-01	2.80375120e-05	4.32370543e-05	9.52504035e-05	0.00000000e+00
20.22           	1.45056367e-01	2.80431885e-05	4.32065724e-05	1.55245446e-04	0.00000000e+00
20.225          	1.31023604e-01	2.80397316e-05	4.31620699e-05	1.79497745e-04	0.00000000e+00
20.23           	1.10340449e-01	2.80430372e-05	4.31284772e-05	1.65020426e-04	0.00000000e+00
20.235          	1.39507414e-01	2.80481357e-05	4.30971923e-05	1.67832045e-04	0.00000000e+00
20.24           	3.22750560e-01	2.80438195e-05	4.30514699e-05	1.88533547e-04	0.00000000e+00
20.245          	9.30502287e-02	2.80461749e-05	4.30164792e-05	1.41320963e-04	0.00000000e+00
20.25           	1.51834574e-01	2.80460845e-05	4.29773536e-05	1.47587468e-04	0.00000000e+00
20.255          	4.20843387e-01	2.80428037e-05	4.29336942e-05	1.52592054e-04	0.00000000e+00
20.26           	1.76312661e-01	2.80456282e-05	4.28992005e-05	2.25826107e-04	0.00000000e+00
20.265          	1.08409222e-01	2.80492451e-05	4.28656548e-05	2.34855926e-04	0.00000000e+00
20.27           	2.06244180e-01	2.80497217e-05	4.28274800e-05	2.26328193e-04	0.00000000e+00
20.275          	7.79744054e-02	2.80415250e-05	4.27764629e-05	1.83319728e-04	0.00000000e+00
20.28           	1.65161636e-01	2.80416387e-05	4.27373112e-05	1.41446646e-04	0.00000000e+00
20.285          	1.51025773e-01	2.80395020e-05	4.26955391e-05	6.81502075e-05	0.00000000e+00
20.29           	1.94851236e-01	2.80373952e-05	4.26542941e-05	1.53744743e-04	0.00000000e+00
20.295          	2.03895908e-01	2.80314816e-05	4.26064849e-05	1.58410953e-04	0.00000000e+00
20.3            	2.04589404e-01	2.80316922e-05	4.25680385e-05	1.54989215e-04	0.00000000e+00
20.305          	1.52639818e-01	2.80287217e-05	4.25252470e-05	8.53683090e-05	0.00000000e+00
20.31           	1.66380598e-01	2.80218607e-05	4.24759836e-05	6.35437625e-05	0.00000000e+00
20.315          	2.89622496e-01	2.80234943e-05	4.24398626e-05	1.37542812e-04	0.00000000e+00
20.32           	5.42503338e-01	2.80211493e-05	4.23977046e-05	1.22786876e-04	0.00000000e+00
20.325          	3.48653674e-01	2.80172655e-05	4.23532269e-05	1.73838013e-04	0.00000000e+00
20.33           	7.96097476e-02	2.80092433e-05	4.23021729e-05	8.76533512e-05	0.00000000e+00
20.335          	3.22746432e-01	2.80072510e-05	4.22604284e-05	1.45369149e-04	0.00000000e+00
20.34           	8.31635226e-02	2.79988572e-05	4.22098184e-05	8.56838362e-05	0.00000000e+00
20.345          	1.77904851e-01	2.79921225e-05	4.21613430e-05	1.14744716e-04	0.00000000e+00
20.35           	2.32829915e-01	2.79854888e-05	4.21123198e-05	1.35550921e-04	0.00000000e+00
20.355          	1.21334091e-01	2.79757334e-05	4.20592450e-05	1.29598806e-04	0.00000000e+00
20.36           	1.50923705e-01	2.79744840e-05	4.20190204e-05	1.33583811e-04	0.00000000e+00
20.365          	1.07035675e-01	2.79634809e-05	4.19635957e-05	1.28639652e-04	0.00000000e+00
20.37           	1.17521051e-01	2.79574305e-05	4.19166807e-05	1.24860797e-04	0.00000000e+00
20.375          	1.93379578e-01	2.79541767e-05	4.18729238e-05	1.06868401e-04	0.00000000e+00
20.38           	1.39924387e-01	2.79468785e-05	4.18238191e-05	9.03468227e-05	0.00000000e+00
20.385          	1.02257358e-01	2.79322318e-05	4.17634972e-05	1.86283748e-04	0.00000000e+00
20.39           	2.63015391e-01	2.79215460e-05	4.17091547e-05	1.33404908e-04	0.00000000e+00
20.395          	1.24476418e-01	2.79151274e-05	4.16609683e-05	1.46772559e-04	0.00000000e+00
20.4            	9.81570918e-02	2.79077411e-05	4.16117131e-05	1.53185849e-04	0.00000000e+00
20.405          	1.59409261e-01	2.78988380e-05	4.15601407e-05	1.04523531e-04	0.00000000e+00
20.41           	1.27194546e-01	2.78923858e-05	4.15119606e-05	1.01877988e-04	0.00000000e+00
20.415          	3.35210132e-01	2.78825813e-05	4.14593580e-05	1.32973844e-04	0.00000000e+00
20.42           	1.07595301e-01	2.78698638e-05	4.14020961e-05	1.89728907e-04	0.00000000e+00
20.425          	1.30430647e-01	2.78573491e-05	4.13450074e-05	1.18533900e-04	0.00000000e+00
20.43           	1.29320260e-01	2.78425505e-05	4.12849595e-05	1.48306332e-04	0.00000000e+00
20.435          	1.85730488e-01	2.78333383e-05	4.12334434e-05	1.22426059e-04	0.00000000e+00
20.44           	1.44183748e-01	2.78198029e-05	4.11745586e-05	7.03566489e-05	0.00000000e+00
20.445          	2.15090542e-01	2.78064399e-05	4.11167572e-05	1.69550414e-04	0.00000000e+00
20.45           	1.48002762e-01	2.77978772e-05	4.10658896e-05	1.48320850e-04	0.00000000e+00
20.455          	4.39877078e-01	2.77865476e-05	4.10109428e-05	1.02114448e-04	0.00000000e+00
20.46           	2.65038270e-01	2.77764597e-05	4.09579860e-05	9.87212139e-05	0.00000000e+00
20.465          	1.62349222e-01	2.77642212e-05	4.09017746e-05	1.88892882e-04	0.00000000e+00
20.47           	3.55450308e-01	2.77484727e-05	4.08396676e-05	1.81813515e-04	0.00000000e+00
20.475          	1.67279108e-01	2.77331776e-05	4.07791281e-05	9.21761350e-05	0.00000000e+00
20.48           	1.33039125e-01	2.77186161e-05	4.07195992e-05	1.35329001e-04	0.00000000e+00
20.485          	1.35330323e-01	2.77040986e-05	4.06601316e-05	1.13939561e-04	0.00000000e+00
20.49           	7.53393801e-02	2.76862382e-05	4.05960288e-05	1.05802749e-04	0.00000000e+00
20.495          	1.14159425e-01	2.76733891e-05	4.05388952e-05	1.13979148e-04	0.00000000e+00
20.5            	8.82641955e-02	2.76564845e-05	4.04758160e-05	1.47726486e-04	0.00000000e+00
20.505          	7.38456137e-02	2.76429770e-05	4.04185781e-05	1.23689729e-04	0.00000000e+00
20.51           	1.41090048e-01	2.76286200e-05	4.03593002e-05	1.59343562e-04	0.00000000e+00
20.515          	3.23238449e-01	2.76122139e-05	4.02975494e-05	2.04066622e-04	0.00000000e+00
20.52           	3.70164187e-01	2.75954871e-05	4.02345713e-05	1.62923176e-04	0.00000000e+00
20.525          	1.23669497e-01	2.75820505e-05	4.01770469e-05	1.74203689e-04	0.00000000e+00
20.53           	1.28490364e-01	2.75627983e-05	4.01106342e-05	1.76673995e-04	0.00000000e+00
20.535          	2.00912528e-01	2.75489099e-05	4.00521778e-05	1.49045514e-04	0.00000000e+00
20.54           	1.49257079e-01	2.75285554e-05	3.99850659e-05	1.15577071e-04	0.00000000e+00
20.545          	1.54025907e-01	2.75103528e-05	3.99197881e-05	9.46773096e-05	0.00000000e+00
20.55           	1.90453043e-01	2.74882042e-05	3.98499525e-05	1.03905448e-04	0.00000000e+00
20.555          	7.46937997e-02	2.74718022e-05	3.97885595e-05	1.23992964e-04	0.00000000e+00
20.56           	1.05669886e-01	2.74504415e-05	3.97193972e-05	1.61768239e-04	0.00000000e+00
20.565          	2.12424966e-01	2.74339204e-05	3.96577077e-05	1.96095277e-04	0.00000000e+00
20.57           	4.17294321e-01	2.74152579e-05	3.95922095e-05	8.77314710e-05	0.00000000e+00
20.575          	1.92550590e-01	2.73959276e-05	3.95260907e-05	1.09384419e-04	0.00000000e+00
20.58           	1.73185712e-01	2.73761814e-05	3.94595058e-05	1.45000496e-04	0.00000000e+00
20.585          	2.00384871e-01	2.73563018e-05	3.93933489e-05	1.53588382e-04	0.00000000e+00
20.59           	3.63880686e-01	2.73398932e-05	3.93312382e-05	1.43098082e-04	0.00000000e+00
20.595          	1.34717733e-01	2.73197804e-05	3.92644778e-05	1.28808686e-04	0.00000000e+00
20.6            	1.39408107e-01	2.72990263e-05	3.91966681e-05	2.76254069e-04	0.00000000e+00
20.605          	1.00921275e-01	2.72714381e-05	3.91189594e-05	1.13757654e-04	0.00000000e+00
20.61           	2.77721787e-01	2.72511655e-05	3.90521459e-05	2.05990252e-04	0.00000000e+00
20.615          	2.88272746e-01	2.72329087e-05	3.89878091e-05	1.51386560e-04	0.00000000e+00
20.62           	1.24594623e-01	2.72094974e-05	3.89155238e-05	2.35942785e-04	0.00000000e+00
20.625          	1.84817808e-01	2.71869434e-05	3.88455391e-05	2.00298264e-04	0.00000000e+00
20.63           	1.14076211e-01	2.71640763e-05	3.87743873e-05	1.61559690e-04	0.00000000e+00
20.635          	1.89882898e-01	2.71372774e-05	3.86985679e-05	1.86832849e-04	0.00000000e+00
20.64           	9.47492550e-02	2.71128606e-05	3.86258883e-05	1.32315713e-04	0.00000000e+00
20.645          	4.49438804e-01	2.70931010e-05	3.85597166e-05	1.07550356e-04	0.00000000e+00
20.65           	1.86721736e-01	2.70673626e-05	3.84847560e-05	1.25539570e-04	0.00000000e+00
20.655          	3.97090148e-01	2.70483423e-05	3.84200272e-05	1.22067742e-04	0.00000000e+00
20.66           	1.14824515e-01	2.70227050e-05	3.83459237e-05	9.88339331e-05	0.00000000e+00
20.665          	1.14934751e-01	2.69975565e-05	3.82717782e-05	1.88621651e-04	0.00000000e+00
20.67           	7.74164131e-02	2.69758913e-05	3.82031930e-05	1.13271559e-04	0.00000000e+00
20.675          	1.78893745e-01	2.69463328e-05	3.81229131e-05	1.17859818e-04	0.00000000e+00
20.68           	1.21273375e-01	2.69259126e-05	3.80559316e-05	2.55756564e-04	0.00000000e+00
20.685          	2.66501768e-01	2.68981774e-05	3.79792610e-05	9.22787411e-05	0.00000000e+00
20.69           	1.50616443e-01	2.68684026e-05	3.78990668e-05	1.10480775e-04	0.00000000e+00
20.695          	8.68958838e-02	2.68441069e-05	3.78264944e-05	1.43438728e-04	0.00000000e+00
20.7            	3.16539990e-01	2.68224091e-05	3.77577267e-05	7.65298457e-05	0.00000000e+00
20.705          	1.35949549e-01	2.67910707e-05	3.76754385e-05	1.23125692e-04	0.00000000e+00
20.71           	1.27667662e-01	2.67649743e-05	3.76007808e-05	1.06706629e-04	0.00000000e+00
20.715          	1.64464994e-01	2.67381512e-05	3.75250749e-05	1.03761195e-04	0.00000000e+00
20.72           	6.94868917e-02	2.67141480e-05	3.74536335e-05	1.26523003e-04	0.00000000e+00
20.725          	1.50066099e-01	2.66876740e-05	3.73785405e-05	1.06192171e-04	0.00000000e+00
20.73           	1.43810514e-01	2.66546766e-05	3.72938537e-05	1.58289769e-04	0.00000000e+00
20.735          	5.95831778e-02	2.66248986e-05	3.72139908e-05	9.48628065e-05	0.00000000e+00
20.74           	2.57298203e-01	2.65960101e-05	3.71355038e-05	1.24056419e-04	0.00000000e+00
20.745          	2.19928633e-01	2.65672457e-05	3.70572584e-05	7.45875462e-05	0.00000000e+00
20.75           	1.56153072e-01	2.65408146e-05	3.69829569e-05	1.00278543e-04	0.00000000e+00
20.755          	9.63555529e-02	2.65155403e-05	3.69096313e-05	1.15858044e-04	0.00000000e+00
20.76           	1.45606015e-01	2.64849977e-05	3.68283554e-05	8.05477829e-05	0.00000000e+00
20.765          	1.59667889e-01	2.64512557e-05	3.67436856e-05	1.12670478e-04	0.00000000e+00
20.77           	1.38577539e-01	2.64270123e-05	3.66717324e-05	8.96018971e-05	0.00000000e+00
20.775          	1.99242980e-01	2.63987909e-05	3.65943802e-05	9.42055798e-05	0.00000000e+00
20.78           	3.62461793e-01	2.63683330e-05	3.65143373e-05	1.51298310e-04	0.00000000e+00
20.785          	2.04238862e-01	2.63352576e-05	3.64298488e-05	1.30225603e-04	0.00000000e+00
20.79           	2.66906872e-01	2.63060670e-05	3.63517691e-05	1.87149668e-04	0.00000000e+00
20.795          	2.87289455e-01	2.62732979e-05	3.62683460e-05	1.67386919e-04	0.00000000e+00
20.8            	1.48990576e-01	2.62375039e-05	3.61808306e-05	2.70409860e-04	0.00000000e+00
20.805          	2.25422828e-01	2.62074676e-05	3.61010455e-05	1.45952014e-04	0.00000000e+00
20.81           	1.40306192e-01	2.61763855e-05	3.60204924e-05	1.46833011e-04	0.00000000e+00
20.815          	2.08342345e-01	2.61446113e-05	3.59387241e-05	2.31081917e-04	0.00000000e+00
20.82           	2.57470555e-01	2.61129699e-05	3.58562287e-05	1.96964418e-04	0.00000000e+00
20.825          	2.91813654e-01	2.60777256e-05	3.57695797e-05	2.61722075e-04	0.00000000e+00
20.83           	5.89878007e-01	2.60440988e-05	3.56852297e-05	1.77200499e-04	0.00000000e+00
20.835          	9.88397844e-02	2.60101093e-05	3.56007758e-05	2.34058318e-04	0.00000000e+00
20.84           	1.16000483e-01	2.59773169e-05	3.55174406e-05	2.81950023e-04	0.00000000e+00
20.845          	2.62448729e-01	2.59471685e-05	3.54381868e-05	1.40467996e-04	0.00000000e+00
20.85           	4.05059063e-01	2.59107183e-05	3.53502705e-05	1.32830346e-04	0.00000000e+00
20.855          	1.59469439e-01	2.58797820e-05	3.52697835e-05	1.28466375e-04	0.00000000e+00
20.86           	1.40992952e-01	2.58464361e-05	3.51855525e-05	1.12232016e-04	0.00000000e+00
20.865          	1.13526613e-01	2.58123521e-05	3.51006862e-05	1.31839904e-04	0.00000000e+00
20.87           	1.49870932e-01	2.57778636e-05	3.50154180e-05	1.63629905e-04	0.00000000e+00
20.875          	2.58304143e-01	2.57432663e-05	3.49305678e-05	9.41271376e-05	0.00000000e+00
20.88           	1.13995055e-01	2.57112326e-05	3.48486990e-05	9.02265585e-05	0.00000000e+00
20.885          	2.70318587e-01	2.56769657e-05	3.47638656e-05	7.46096777e-05	0.00000000e+00
20.89           	1.52523908e-01	2.56357644e-05	3.46696320e-05	1.06560265e-04	0.00000000e+00
20.895          	3.17246572e-01	2.55981778e-05	3.45803995e-05	1.03568427e-04	0.00000000e+00
20.9            	1.93900029e-01	2.55676275e-05	3.45007950e-05	9.25376917e-05	0.00000000e+00
20.905          	1.51915890e-01	2.55301594e-05	3.44115641e-05	1.26155406e-04	0.00000000e+00
20.91           	2.06519814e-01	2.54935363e-05	3.43241708e-05	1.62236692e-04	0.00000000e+00
20.915          	4.31089243e-01	2.54559448e-05	3.42350911e-05	9.85677858e-05	0.00000000e+00
20.92           	4.83349934e-02	2.54226068e-05	3.41517348e-05	1.00140652e-04	0.00000000e+00
20.925          	3.01550895e-01	2.53838329e-05	3.40613537e-05	1.11428924e-04	0.00000000e+00
20.93           	1.17442871e-01	2.53488898e-05	3.39758215e-05	8.88659882e-05	0.00000000e+00
20.935          	2.56704883e-01	2.53093033e-05	3.38844040e-05	5.74296398e-05	0.00000000e+00
20.94           	8.94258758e-02	2.52730747e-05	3.37975368e-05	1.08656220e-04	0.00000000e+00
20.945          	1.56926277e-01	2.52327851e-05	3.37053697e-05	6.67904738e-05	0.00000000e+00
20.95           	2.20201896e-01	2.51943961e-05	3.36148227e-05	1.00350579e-04	0.00000000e+00
20.955          	1.01423288e-01	2.51524154e-05	3.35205309e-05	1.27253919e-04	0.00000000e+00
20.96           	1.00762505e-01	2.51162436e-05	3.34333180e-05	1.55509718e-04	0.00000000e+00
20.965          	1.15965672e-01	2.50777519e-05	3.33441220e-05	6.35703664e-05	0.00000000e+00
20.97           	1.11167514e-01	2.50386942e-05	3.32533119e-05	9.71407469e-05	0.00000000e+00
20.975          	5.50210482e-02	2.50003923e-05	3.31638681e-05	1.18977431e-04	0.00000000e+00
20.98           	2.77091113e-01	2.49611178e-05	3.30726615e-05	1.06849300e-04	0.00000000e+00
20.985          	1.45339786e-01	2.49180371e-05	3.29772707e-05	1.34431184e-04	0.00000000e+00
20.99           	1.13453748e-01	2.48778081e-05	3.28851500e-05	2.03215753e-04	0.00000000e+00
20.995          	1.15551376e-01	2.48404959e-05	3.27968564e-05	1.41454047e-04	0.00000000e+00
21              	2.15333799e-01	2.48041890e-05	3.27103538e-05	1.00962257e-04	0.00000000e+00
21.005          	7.84983996e-02	2.47592566e-05	3.26123299e-05	1.21792225e-04	0.00000000e+00
21.01           	1.39705920e-01	2.47192743e-05	3.25209985e-05	9.29273233e-05	0.00000000e+00
21.015          	1.05189163e-01	2.46816650e-05	3.24330104e-05	1.18970646e-04	0.00000000e+00
21.02           	2.15666702e-01	2.46389159e-05	3.23382993e-05	1.41675500e-04	0.00000000e+00
21.025          	1.11390719e-01	2.45941565e-05	3.22405456e-05	1.60416121e-04	0.00000000e+00
21.03           	2.09915810e-01	2.45543774e-05	3.21492897e-05	2.12414365e-04	0.00000000e+00
21.035          	4.96838169e-01	2.45133250e-05	3.20565716e-05	1.61087509e-04	0.00000000e+00
21.04           	1.35302400e-01	2.44689295e-05	3.19597760e-05	1.52098385e-04	0.00000000e+00
21.045          	1.06672279e-01	2.44290409e-05	3.18690587e-05	1.24645000e-04	0.00000000e+00
21.05           	7.45964960e-02	2.43846053e-05	3.17719871e-05	1.03767730e-04	0.00000000e+00
21.055          	1.48059947e-01	2.43471969e-05	3.16842805e-05	1.75499120e-04	0.00000000e+00
21.06           	1.83811998e-01	2.43005674e-05	3.15845354e-05	1.69605645e-04	0.00000000e+00
21.065          	1.37845815e-01	2.42571635e-05	3.14887814e-05	2.15697377e-04	0.00000000e+00
21.07           	2.61415058e-01	2.42196779e-05	3.14010258e-05	1.59988246e-04	0.00000000e+00
21.075          	1.62447932e-01	2.41776654e-05	3.13077510e-05	1.55230427e-04	0.00000000e+00
21.08           	3.64239918e-01	2.41319601e-05	3.12097337e-05	2.42122090e-04	0.00000000e+00
21.085          	5.33252806e-01	2.40874696e-05	3.11127122e-05	1.69178028e-04	0.00000000e+00
21.09           	4.76871869e-01	2.40443062e-05	3.10178275e-05	1.99693411e-04	0.00000000e+00
21.095          	6.20150992e-02	2.40006027e-05	3.09222707e-05	1.92645489e-04	0.00000000e+00
21.1            	1.04086217e-01	2.39530067e-05	3.08217879e-05	1.45192245e-04	0.00000000e+00
21.105          	3.75500463e-01	2.39111613e-05	3.07286823e-05	1.01614211e-04	0.00000000e+00
21.11           	1.97278524e-01	2.38673332e-05	3.06326550e-05	1.88029644e-04	0.00000000e+00
21.115          	1.30788898e-01	2.38195402e-05	3.05323580e-05	1.98745295e-04	0.00000000e+00
21.12           	1.27518132e-01	2.37799347e-05	3.04421548e-05	1.77004370e-04	0.00000000e+00
21.125          	2.25252212e-01	2.37304300e-05	3.03396219e-05	1.54172228e-04	0.00000000e+00
21.13           	1.57064360e-01	2.36844536e-05	3.02412483e-05	1.57288846e-04	0.00000000e+00
21.135          	2.24160407e-01	2.36388519e-05	3.01435562e-05	1.52204006e-04	0.00000000e+00
21.14           	2.24250442e-01	2.35932539e-05	3.00459678e-05	1.94056111e-04	0.00000000e+00
21.145          	3.59366508e-01	2.35468721e-05	2.99477316e-05	1.80841590e-04	0.00000000e+00
21.15           	8.83561693e-02	2.35041073e-05	2.98534908e-05	1.56254661e-04	0.00000000e+00
21.155          	1.95535789e-01	2.34612599e-05	2.97599470e-05	2.61265447e-04	0.00000000e+00
21.16           	1.96714213e-01	2.34141004e-05	2.96605965e-05	1.41457592e-04	0.00000000e+00
21.165          	1.29133216e-01	2.33667419e-05	2.95613052e-05	1.73790606e-04	0.00000000e+00
21.17           	5.06455426e-02	2.33225020e-05	2.94656340e-05	1.49328856e-04	0.00000000e+00
21.175          	1.17311968e-01	2.32717293e-05	2.93614688e-05	2.09349997e-04	0.00000000e+00
21.18           	1.44437541e-01	2.32235052e-05	2.92608305e-05	2.22502330e-04	0.00000000e+00
21.185          	6.36885472e-01	2.31753504e-05	2.91606958e-05	1.68465058e-04	0.00000000e+00
21.19           	1.50153686e-01	2.31303799e-05	2.90642842e-05	1.82946571e-04	0.00000000e+00
21.195          	3.00622177e-01	2.30811109e-05	2.89627522e-05	1.68180563e-04	0.00000000e+00
21.2            	1.03045245e-01	2.30363609e-05	2.88668026e-05	2.99608929e-04	0.00000000e+00
21.205          	2.25547083e-01	2.29895667e-05	2.87683253e-05	1.93248438e-04	0.00000000e+00
21.21           	2.83878021e-01	2.29411496e-05	2.86677307e-05	2.32942831e-04	0.00000000e+00
21.215          	2.38679846e-01	2.28935743e-05	2.85680529e-05	1.96700920e-04	0.00000000e+00
21.22           	1.17411820e-01	2.28482682e-05	2.84716906e-05	2.28789327e-04	0.00000000e+00
21.225          	6.03682657e-01	2.28002024e-05	2.83721127e-05	3.24511575e-04	0.00000000e+00
21.23           	1.42277677e-01	2.27464180e-05	2.82652039e-05	3.03045795e-04	0.00000000e+00
21.235          	4.27070224e-01	2.26985692e-05	2.81655405e-05	2.80246770e-04	0.00000000e+00
21.24           	3.06274832e-01	2.26474256e-05	2.80621129e-05	2.08374172e-04	0.00000000e+00
21.245          	2.77890676e-01	2.26002242e-05	2.79633803e-05	2.76864180e-04	0.00000000e+00
21.25           	2.13306886e-01	2.25524495e-05	2.78641930e-05	2.51215519e-04	0.00000000e+00
21.255          	1.65919013e-01	2.25002372e-05	2.77595550e-05	3.54131624e-04	0.00000000e+00
21.26           	2.39295698e-01	2.24498134e-05	2.76571405e-05	2.21755442e-04	0.00000000e+00
21.265          	1.32375881e-01	2.24057412e-05	2.75623788e-05	2.25116099e-04	0.00000000e+00
21.27           	1.82384059e-01	2.23571665e-05	2.74625005e-05	2.37465419e-04	0.00000000e+00
21.275          	1.16391026e-01	2.23023944e-05	2.73548692e-05	2.37849703e-04	0.00000000e+00
21.28           	2.43441047e-01	2.22534050e-05	2.72546134e-05	2.83667931e-04	0.00000000e+00
21.285          	1.39267299e-01	2.22014816e-05	2.71501872e-05	1.79082886e-04	0.00000000e+00
21.29           	1.01938452e-01	2.21499244e-05	2.70467996e-05	1.67874428e-04	0.00000000e+00
21.295          	7.89797145e-02	2.21022989e-05	2.69481437e-05	1.68588161e-04	0.00000000e+00
21.3            	1.92649226e-01	2.20517935e-05	2.68458950e-05	2.44055364e-04	0.00000000e+00
21.305          	1.36877013e-01	2.20010364e-05	2.67434712e-05	1.62869571e-04	0.00000000e+00
21.31           	1.13185392e-01	2.19507145e-05	2.66413998e-05	2.07441126e-04	0.00000000e+00
21.315          	1.12873656e-01	2.19024518e-05	2.65422676e-05	1.52310243e-04	0.00000000e+00
21.32           	3.67110796e-01	2.18490389e-05	2.64372628e-05	1.35704070e-04	0.00000000e+00
21.325          	2.33930959e-01	2.17969346e-05	2.63335972e-05	1.24584843e-04	0.00000000e+00
21.33           	1.16925611e-01	2.17476252e-05	2.62331048e-05	1.62482973e-04	0.00000000e+00
21.335          	3.74466329e-01	2.16966849e-05	2.61307602e-05	1.88046790e-04	0.00000000e+00
21.34           	6.11844457e-01	2.16400362e-05	2.60215633e-05	1.71160611e-04	0.00000000e+00
21.345          	1.51523491e-01	2.15889446e-05	2.59190127e-05	1.47355901e-04	0.00000000e+00
21.35           	1.71229120e-01	2.15371481e-05	2.58157873e-05	2.02002967e-04	0.00000000e+00
21.355          	5.79698003e-02	2.14876064e-05	2.57155616e-05	1.09204237e-04	0.00000000e+00
21.36           	2.58354716e-01	2.14367404e-05	2.56134206e-05	2.37563435e-04	0.00000000e+00
21.365          	2.82733985e-01	2.13815501e-05	2.55063207e-05	1.75967617e-04	0.00000000e+00
21.37           	4.35619220e-01	2.13286403e-05	2.54017807e-05	1.86493147e-04	0.00000000e+00
21.375          	7.61296460e-02	2.12757914e-05	2.52975390e-05	1.39702952e-04	0.00000000e+00
21.38           	1.67832950e-01	2.12222738e-05	2.51928554e-05	2.08787764e-04	0.00000000e+00
21.385          	1.80941529e-01	2.11697874e-05	2.50894223e-05	1.33810261e-04	0.00000000e+00
21.39           	1.26081046e-01	2.11168262e-05	2.49853557e-05	1.67700033e-04	0.00000000e+00
21.395          	1.15912428e-01	2.10630207e-05	2.48805418e-05	1.27500054e-04	0.00000000e+00
21.4            	8.17854442e-02	2.10094460e-05	2.47758843e-05	1.73844309e-04	0.00000000e+00
21.405          	2.67156141e-01	2.09588209e-05	2.46743194e-05	1.58524455e-04	0.00000000e+00
21.41           	1.09248569e-01	2.09031690e-05	2.45675006e-05	1.11915516e-04	0.00000000e+00
21.415          	1.42525137e-01	2.08491618e-05	2.44619230e-05	2.27045387e-04	0.00000000e+00
21.42           	1.62291428e-01	2.07971080e-05	2.43594554e-05	1.70287428e-04	0.00000000e+00
21.425          	1.46660627e-01	2.07388439e-05	2.42495328e-05	8.03586087e-05	0.00000000e+00
21.43           	2.68693269e-01	2.06856516e-05	2.41454476e-05	1.05633566e-04	0.00000000e+00
21.435          	3.47271061e-01	2.06318495e-05	2.40411308e-05	1.55412296e-04	0.00000000e+00
21.44           	5.55290525e-01	2.05776294e-05	2.39361836e-05	1.78485206e-04	0.00000000e+00
21.445          	1.65386539e-01	2.05260830e-05	2.38339655e-05	1.50239649e-04	0.00000000e+00
21.45           	1.58585677e-01	2.04701238e-05	2.37270356e-05	1.33849782e-04	0.00000000e+00
21.455          	2.38578778e-01	2.04149483e-05	2.36210571e-05	1.46472141e-04	0.00000000e+00
21.46           	1.07169838e-01	2.03593779e-05	2.35149016e-05	1.23728117e-04	0.00000000e+00
21.465          	1.57823447e-01	2.03017285e-05	2.34060643e-05	1.62194418e-04	0.00000000e+00
21.47           	1.64906787e-01	2.02457775e-05	2.32993357e-05	2.32029767e-04	0.00000000e+00
21.475          	1.10643460e-01	2.01908812e-05	2.31936888e-05	2.05061509e-04	0.00000000e+00
21.48           	1.00205978e-01	2.01398029e-05	2.30929133e-05	3.06540253e-04	0.00000000e+00
21.485          	8.11798388e-02	2.00839428e-05	2.29861559e-05	2.05803227e-04	0.00000000e+00
21.49           	1.05022301e-01	2.00284127e-05	2.28803876e-05	2.11848491e-04	0.00000000e+00
21.495          	2.23630778e-01	1.99727864e-05	2.27744280e-05	2.20403074e-04	0.00000000e+00
21.5            	1.22554649e-01	1.99187349e-05	2.26703599e-05	2.83209194e-04	0.00000000e+00
21.505          	1.43399050e-01	1.98634456e-05	2.25648620e-05	2.18274570e-04	0.00000000e+00
21.51           	4.29676122e-02	1.98082325e-05	2.24592673e-05	2.39911982e-04	0.00000000e+00
21.515          	2.80269062e-01	1.97477978e-05	2.23478979e-05	1.63721811e-04	0.00000000e+00
21.52           	2.57562401e-01	1.96896482e-05	2.22394908e-05	2.16265124e-04	0.00000000e+00
21.525          	1.15693562e-01	1.96332940e-05	2.21328552e-05	1.64079225e-04	0.00000000e+00
21.53           	2.26701687e-01	1.95763560e-05	2.20259407e-05	2.42022299e-04	0.00000000e+00
21.535          	1.35824411e-01	1.95219109e-05	2.19216579e-05	1.54337717e-04	0.00000000e+00
21.54           	1.30767128e-01	1.94661494e-05	2.18163046e-05	1.91997476e-04	0.00000000e+00
21.545          	1.48248466e-01	1.94124965e-05	2.17128439e-05	2.36133706e-04	0.00000000e+00
21.55           	7.70787587e-02	1.93538526e-05	2.16040420e-05	2.19888961e-04	0.00000000e+00
21.555          	1.50565669e-01	1.92965046e-05	2.14970922e-05	2.09113506e-04	0.00000000e+00
21.56           	1.56941733e-01	1.92421074e-05	2.13929696e-05	2.03005127e-04	0.00000000e+00
21.565          	1.58217846e-01	1.91830493e-05	2.12839057e-05	1.72599212e-04	0.00000000e+00
21.57           	3.14831701e-01	1.91257848e-05	2.11767333e-05	1.48503666e-04	0.00000000e+00
21.575          	7.43472681e-02	1.90685074e-05	2.10697589e-05	1.92973718e-04	0.00000000e+00
21.58           	3.24854066e-01	1.90111623e-05	2.09628227e-05	1.72771229e-04	0.00000000e+00
21.585          	1.03721979e-01	1.89537332e-05	2.08558738e-05	2.97504414e-04	0.00000000e+00
21.59           	1.23273803e-01	1.88956815e-05	2.07485089e-05	1.64958392e-04	0.00000000e+00
21.595          	1.12627251e-01	1.88378995e-05	2.06413741e-05	1.88538662e-04	0.00000000e+00
21.6            	1.31608253e-01	1.87806785e-05	2.05346773e-05	8.63703734e-05	0.00000000e+00
21.605          	2.76415281e-01	1.87209353e-05	2.04255242e-05	1.57860862e-04	0.00000000e+00
21.61           	5.78369479e-01	1.86641308e-05	2.03199718e-05	1.10703347e-04	0.00000000e+00
21.615          	2.86565089e-01	1.86086293e-05	2.02155216e-05	1.14421723e-04	0.00000000e+00
21.62           	1.52553815e-01	1.85513989e-05	2.01092382e-05	2.40618315e-04	0.00000000e+00
21.625          	1.58828675e-01	1.84918373e-05	2.00001286e-05	1.58032412e-04	0.00000000e+00
21.63           	1.65392945e-01	1.84353637e-05	1.98948345e-05	1.82583745e-04	0.00000000e+00
21.635          	1.63893293e-01	1.83728403e-05	1.97831836e-05	1.49372820e-04	0.00000000e+00
21.64           	6.87190670e-02	1.83152730e-05	1.96770114e-05	2.27327437e-04	0.00000000e+00
21.645          	4.78143382e-01	1.82569577e-05	1.95696806e-05	1.47641793e-04	0.00000000e+00
21.65           	3.70283549e-02	1.81969395e-05	1.94606548e-05	1.71462694e-04	0.00000000e+00
21.655          	1.63705990e-01	1.81415448e-05	1.93569760e-05	1.69360874e-04	0.00000000e+00
21.66           	1.48066365e-01	1.80844311e-05	1.92512019e-05	2.43493557e-04	0.00000000e+00
21.665          	1.51753241e-01	1.80219826e-05	1.91398437e-05	1.30673861e-04	0.00000000e+00
21.67           	1.08954947e-01	1.79639594e-05	1.90332208e-05	2.35239122e-04	0.00000000e+00
21.675          	1.38657880e-01	1.79053176e-05	1.89261020e-05	1.13091344e-04	0.00000000e+00
21.68           	5.05640065e-02	1.78465321e-05	1.88191935e-05	1.36093526e-04	0.00000000e+00
21.685          	9.72827096e-02	1.77890418e-05	1.87136216e-05	1.31334142e-04	0.00000000e+00
21.69           	2.41621052e-01	1.77289234e-05	1.86051683e-05	1.81799836e-04	0.00000000e+00
21.695          	2.46609402e-01	1.76667753e-05	1.84946983e-05	1.06450668e-04	0.00000000e+00
21.7            	4.92530996e-02	1.76085185e-05	1.83882697e-05	1.22022733e-04	0.00000000e+00
21.705          	1.34358300e-01	1.75496302e-05	1.82815713e-05	1.38851163e-04	0.00000000e+00
21.71           	1.73588551e-01	1.74903737e-05	1.81744054e-05	1.32495352e-04	0.00000000e+00
21.715          	2.13552716e-01	1.74329054e-05	1.80690117e-05	1.46461240e-04	0.00000000e+00
21.72           	2.72678538e-01	1.73740190e-05	1.79622601e-05	1.20538175e-04	0.00000000e+00
21.725          	1.64818933e-01	1.73125421e-05	1.78527656e-05	1.54444798e-04	0.00000000e+00
21.73           	1.46640578e-01	1.72522511e-05	1.77446817e-05	1.15843336e-04	0.00000000e+00
21.735          	7.25348964e-02	1.71903669e-05	1.76351724e-05	9.92411875e-05	0.00000000e+00
21.74           	5.35649211e-02	1.71338320e-05	1.75312219e-05	1.50700167e-04	0.00000000e+00
21.745          	1.42497178e-01	1.70710794e-05	1.74208710e-05	7.70809847e-05	0.00000000e+00
21.75           	1.73327443e-01	1.70146301e-05	1.73169298e-05	1.27415894e-04	0.00000000e+00
21.755          	2.22741401e-01	1.69533988e-05	1.72085286e-05	1.08713920e-04	0.00000000e+00
21.76           	1.35693366e-01	1.68929412e-05	1.71008403e-05	1.25146364e-04	0.00000000e+00
21.765          	3.27701110e-01	1.68345892e-05	1.69952118e-05	1.33758447e-04	0.00000000e+00
21.77           	1.46076387e-01	1.67711033e-05	1.68844689e-05	2.08265107e-04	0.00000000e+00
21.775          	9.38284148e-02	1.67141383e-05	1.67803106e-05	1.19347581e-04	0.00000000e+00
21.78           	1.96560923e-01	1.66525875e-05	1.66719574e-05	2.07494396e-04	0.00000000e+00
21.785          	2.10583739e-01	1.65921843e-05	1.65642977e-05	1.23919599e-04	0.00000000e+00
21.79           	4.23940552e-01	1.65299172e-05	1.64551660e-05	1.16884258e-04	0.00000000e+00
21.795          	1.27357650e-01	1.64708241e-05	1.63494255e-05	7.75926108e-05	0.00000000e+00
21.8            	1.99341434e-01	1.64126211e-05	1.62444555e-05	1.22358789e-04	0.00000000e+00
21.805          	1.42608081e-01	1.63485719e-05	1.61339065e-05	1.08266274e-04	0.00000000e+00
21.81           	1.85961919e-01	1.62868308e-05	1.60256653e-05	1.44192292e-04	0.00000000e+00
21.815          	1.12882375e-01	1.62258180e-05	1.59182040e-05	2.33597222e-04	0.00000000e+00
21.82           	8.63130398e-02	1.61692040e-05	1.58150195e-05	1.76420754e-04	0.00000000e+00
21.825          	4.00843082e-01	1.61060775e-05	1.57055471e-05	1.14155015e-04	0.00000000e+00
21.83           	1.31840384e-01	1.60482206e-05	1.56013980e-05	1.46549945e-04	0.00000000e+00
21.835          	9.53683628e-02	1.59861004e-05	1.54933914e-05	1.08614196e-04	0.00000000e+00
21.84           	1.10489922e-01	1.59246839e-05	1.53857694e-05	1.08218719e-04	0.00000000e+00
21.845          	2.05873767e-01	1.58636901e-05	1.52789436e-05	1.31332403e-04	0.00000000e+00
21.85           	1.17863107e-01	1.58012667e-05	1.51704298e-05	1.01689811e-04	0.00000000e+00
21.855          	1.00493301e-01	1.57412119e-05	1.50647002e-05	1.14376170e-04	0.00000000e+00
21.86           	1.09593479e-01	1.56786108e-05	1.49563460e-05	7.96365638e-05	0.00000000e+00
21.865          	2.00789336e-01	1.56188733e-05	1.48509778e-05	1.73992736e-04	0.00000000e+00
21.87           	1.21818076e-01	1.55603755e-05	1.47465626e-05	1.83265397e-04	0.00000000e+00
21.875          	2.34030882e-01	1.54977842e-05	1.46384786e-05	8.52754875e-05	0.00000000e+00
21.88           	1.21791536e-01	1.54361088e-05	1.45313777e-05	1.11022145e-04	0.00000000e+00
21.885          	2.05519296e-01	1.53729787e-05	1.44230820e-05	1.06335851e-04	0.00000000e+00
21.89           	1.16552210e-01	1.53128020e-05	1.43175199e-05	2.11598935e-04	0.00000000e+00
21.895          	1.56656172e-01	1.52501375e-05	1.42098238e-05	1.97617318e-04	0.00000000e+00
21.9            	1.17080662e-01	1.51901499e-05	1.41047897e-05	1.87121697e-04	0.00000000e+00
21.905          	5.94571567e-01	1.51309138e-05	1.40003557e-05	1.56445644e-04	0.00000000e+00
21.91           	6.09443095e-01	1.50685078e-05	1.38931539e-05	2.46414940e-04	0.00000000e+00
21.915          	1.15884066e-01	1.50066251e-05	1.37862834e-05	2.56035746e-04	0.00000000e+00
21.92           	1.71255343e-01	1.49450988e-05	1.36801348e-05	2.31049738e-04	0.00000000e+00
21.925          	5.22785852e-01	1.48839953e-05	1.35742329e-05	2.54376286e-04	0.00000000e+00
21.93           	2.64231229e-01	1.48225872e-05	1.34681943e-05	2.18746397e-04	0.00000000e+00
21.935          	3.46889258e-01	1.47605348e-05	1.33616170e-05	2.18247151e-04	0.00000000e+00
21.94           	1.36552404e-01	1.47005245e-05	1.32571341e-05	2.22456227e-04	0.00000000e+00
21.945          	2.03090149e-01	1.46360324e-05	1.31485822e-05	2.07408540e-04	0.00000000e+00
21.95           	1.30632222e-01	1.45754896e-05	1.30434897e-05	2.24809772e-04	0.00000000e+00
21.955          	1.64856677e-01	1.45121395e-05	1.29363005e-05	1.81590116e-04	0.00000000e+00
21.96           	5.95407321e-02	1.44519215e-05	1.28317163e-05	1.97315591e-04	0.00000000e+00
21.965          	1.00890128e-01	1.43923888e-05	1.27280302e-05	2.11619847e-04	0.00000000e+00
21.97           	4.66671759e-01	1.43297482e-05	1.26216960e-05	2.76949595e-04	0.00000000e+00
21.975          	1.85134661e-01	1.42675846e-05	1.25156384e-05	2.16169067e-04	0.00000000e+00
21.98           	3.87057485e-01	1.42057519e-05	1.24102349e-05	3.04669089e-04	0.00000000e+00
21.985          	2.36771649e-01	1.41439270e-05	1.23048421e-05	2.38569216e-04	0.00000000e+00
21.99           	8.32411481e-02	1.40815924e-05	1.21990162e-05	1.76293569e-04	0.00000000e+00
21.995          	1.18442445e-01	1.40195804e-05	1.20935879e-05	2.99375682e-04	0.00000000e+00
22              	1.66974543e-01	1.39581371e-05	1.19887989e-05	2.67453371e-04	0.00000000e+00
22.005          	1.48091553e-01	1.38975568e-05	1.18848609e-05	2.46089260e-04	0.00000000e+00
22.01           	2.03232978e-01	1.38344386e-05	1.17786847e-05	2.30268575e-04	0.00000000e+00
22.015          	3.21817016e-01	1.37709658e-05	1.16723064e-05	1.83813119e-04	0.00000000e+00
22.02           	1.49618157e-01	1.37096753e-05	1.15679875e-05	2.60623711e-04	0.00000000e+00
22.025          	2.17305984e-01	1.36495550e-05	1.14648255e-05	1.95260807e-04	0.00000000e+00
22.03           	2.11487243e-01	1.35885800e-05	1.13608387e-05	2.47907329e-04	0.00000000e+00
22.035          	1.09194190e-01	1.35254073e-05	1.12552097e-05	2.62582791e-04	0.00000000e+00
22.04           	2.03965012e-01	1.34625552e-05	1.11498791e-05	2.30355330e-04	0.00000000e+00
22.045          	1.11958447e-01	1.33987776e-05	1.10439648e-05	4.89789836e-04	0.00000000e+00
22.05           	1.71163542e-01	1.33365746e-05	1.09393165e-05	2.78617670e-04	0.00000000e+00
22.055          	9.63141749e-02	1.32759894e-05	1.08360993e-05	2.72297117e-04	0.00000000e+00
22.06           	4.08340338e-01	1.32141462e-05	1.07322559e-05	2.49754459e-04	0.00000000e+00
22.065          	1.04020789e-01	1.31506275e-05	1.06268976e-05	1.82535613e-04	0.00000000e+00
22.07           	2.86107804e-01	1.30900281e-05	1.05240043e-05	3.20970104e-04	0.00000000e+00
22.075          	1.35065988e-01	1.30265559e-05	1.04189129e-05	3.61229061e-04	0.00000000e+00
22.08           	1.73600296e-01	1.29658651e-05	1.03159931e-05	2.87226587e-04	0.00000000e+00
22.085          	1.52698783e-01	1.29028246e-05	1.02114491e-05	2.72423508e-04	0.00000000e+00
22.09           	4.21218936e-01	1.28419671e-05	1.01088246e-05	1.43557775e-04	0.00000000e+00
22.095          	2.15971244e-01	1.27799492e-05	1.00054153e-05	1.79992327e-04	0.00000000e+00
22.1            	3.29653564e-01	1.27164044e-05	9.90073306e-06	2.41036861e-04	0.00000000e+00
22.105          	9.33036587e-02	1.26542284e-05	9.79716004e-06	1.94004179e-04	0.00000000e+00
22.11           	1.39850750e-01	1.25931909e-05	9.69469458e-06	1.47563011e-04	0.00000000e+00
22.115          	2.01156192e-01	1.25300765e-05	9.59076498e-06	1.38369389e-04	0.00000000e+00
22.12           	1.58982467e-01	1.24676855e-05	9.48746219e-06	2.19849653e-04	0.00000000e+00
22.125          	1.32701743e-01	1.24069935e-05	9.38562802e-06	1.29223567e-04	0.00000000e+00
22.13           	1.66240894e-01	1.23457516e-05	9.28331606e-06	9.88913005e-05	0.00000000e+00
22.135          	1.94319416e-01	1.22839766e-05	9.18074082e-06	1.00049591e-04	0.00000000e+00
22.14           	1.51423736e-01	1.22230425e-05	9.07895333e-06	1.52211414e-04	0.00000000e+00
22.145          	2.80784930e-01	1.21585747e-05	8.97457363e-06	1.50308123e-04	0.00000000e+00
22.15           	3.46839956e-01	1.20974507e-05	8.87266738e-06	1.41912089e-04	0.00000000e+00
22.155          	1.63022704e-01	1.20357345e-05	8.77052159e-06	1.17436494e-04	0.00000000e+00
22.16           	2.34765230e-01	1.19724850e-05	8.66743569e-06	8.22279326e-05	0.00000000e+00
22.165          	1.10353807e-01	1.19114130e-05	8.56598104e-06	1.29305089e-04	0.00000000e+00
22.17           	1.49436883e-01	1.18497955e-05	8.46437313e-06	1.84959151e-04	0.00000000e+00
22.175          	3.29932586e-01	1.17865536e-05	8.36156077e-06	1.57279580e-04	0.00000000e+00
22.18           	1.39782201e-01	1.17268601e-05	8.26144405e-06	1.06157469e-04	0.00000000e+00
22.185          	3.80343039e-01	1.16639452e-05	8.15914243e-06	1.05449674e-04	0.00000000e+00
22.19           	1.60555235e-01	1.16030487e-05	8.05842882e-06	1.32312576e-04	0.00000000e+00
22.195          	1.95363180e-01	1.15391370e-05	7.95555503e-06	1.33267915e-04	0.00000000e+00
22.2            	1.24629795e-01	1.14775298e-05	7.85449814e-06	1.25009344e-04	0.00000000e+00
22.205          	1.72480196e-01	1.14157957e-05	7.75356212e-06	1.38822595e-04	0.00000000e+00
22.21           	4.01244817e-01	1.13542227e-05	7.65258630e-06	1.83543300e-04	0.00000000e+00
22.215          	1.42426376e-01	1.12911984e-05	7.55087691e-06	1.19192854e-04	0.00000000e+00
22.22           	1.58307506e-01	1.12302886e-05	7.45077963e-06	1.65472700e-04	0.00000000e+00
22.225          	3.98088773e-01	1.11684497e-05	7.35020295e-06	1.29268153e-04	0.00000000e+00
22.23           	1.36172163e-01	1.11078694e-05	7.25046801e-06	1.67162842e-04	0.00000000e+00
22.235          	1.82419893e-01	1.10467905e-05	7.15043841e-06	9.54480336e-05	0.00000000e+00
22.24           	1.12134469e-01	1.09827236e-05	7.04860002e-06	1.84686030e-04	0.00000000e+00
22.245          	1.42836769e-01	1.09215011e-05	6.94882437e-06	7.85737629e-05	0.00000000e+00
22.25           	5.02533562e-01	1.08586698e-05	6.84804575e-06	1.28044661e-04	0.00000000e+00
22.255          	1.46258450e-01	1.07978689e-05	6.74876913e-06	1.66670806e-04	0.00000000e+00
22.26           	6.21631989e-02	1.07352233e-05	6.64835772e-06	1.85988385e-04	0.00000000e+00
22.265          	1.36886030e-01	1.06732521e-05	6.54852235e-06	1.39556604e-04	0.00000000e+00
22.27           	1.10727334e-01	1.06115199e-05	6.44896687e-06	3.31052955e-04	0.00000000e+00
22.275          	3.54875531e-01	1.05508145e-05	6.35028295e-06	1.99981233e-04	0.00000000e+00
22.28           	3.04853545e-01	1.04909952e-05	6.25206851e-06	2.67663041e-04	0.00000000e+00
22.285          	2.33648185e-01	1.04288503e-05	6.15263228e-06	2.72634350e-04	0.00000000e+00
22.29           	1.09862035e-01	1.03659075e-05	6.05278780e-06	2.58459893e-04	0.00000000e+00
22.295          	1.08166070e-01	1.03051504e-05	5.95444703e-06	2.75373316e-04	0.00000000e+00
22.3            	1.41226138e-01	1.02427229e-05	5.85517903e-06	3.88471613e-04	0.00000000e+00
22.305          	2.22981792e-01	1.01821600e-05	5.75719171e-06	3.83629425e-04	0.00000000e+00
22.31           	5.86140454e-01	1.01218722e-05	5.65948391e-06	3.57033015e-04	0.00000000e+00
22.315          	1.21257550e-01	1.00585567e-05	5.56013533e-06	2.63516588e-04	0.00000000e+00
22.32           	2.44547867e-01	9.99797466e-06	5.46237180e-06	3.53374617e-04	0.00000000e+00
22.325          	1.11575633e-01	9.93696219e-06	5.36462251e-06	3.06720759e-04	0.00000000e+00
22.33           	1.22616039e-01	9.87687699e-06	5.26744566e-06	2.87758766e-04	0.00000000e+00
22.335          	1.71251232e-01	9.81492093e-06	5.16941146e-06	2.85885388e-04	0.00000000e+00
22.34           	1.03524715e-01	9.75455372e-06	5.07231576e-06	3.13809886e-04	0.00000000e+00
22.345          	2.07512982e-01	9.69364436e-06	4.97506869e-06	3.92090815e-04	0.00000000e+00
22.35           	2.57777250e-01	9.63150520e-06	4.87733959e-06	2.82809952e-04	0.00000000e+00
22.355          	8.31947600e-02	9.57006696e-06	4.78009546e-06	3.08692195e-04	0.00000000e+00
22.36           	1.79547637e-01	9.50861326e-06	4.68302641e-06	3.44113693e-04	0.00000000e+00
22.365          	1.63078520e-01	9.44850201e-06	4.58670449e-06	2.33806987e-04	0.00000000e+00
22.37           	1.47524807e-01	9.38566616e-06	4.48916006e-06	2.19432098e-04	0.00000000e+00
22.375          	2.91685364e-01	9.32438188e-06	4.39248488e-06	2.78202322e-04	0.00000000e+00
22.38           	1.24208015e-01	9.26439576e-06	4.29658572e-06	3.87860533e-04	0.00000000e+00
22.385          	8.57118416e-02	9.20387557e-06	4.20064309e-06	2.80567249e-04	0.00000000e+00
22.39           	2.27071997e-01	9.14290084e-06	4.10463928e-06	2.71021613e-04	0.00000000e+00
22.395          	1.32837368e-01	9.08100761e-06	4.00828565e-06	2.42600594e-04	0.00000000e+00
22.4            	8.14099698e-02	9.02016677e-06	3.91252105e-06	2.57888164e-04	0.00000000e+00
22.405          	1.31911926e-01	8.96022440e-06	3.81739864e-06	1.59118203e-04	0.00000000e+00
22.41           	1.75685366e-01	8.90007634e-06	3.72223935e-06	2.02884019e-04	0.00000000e+00
22.415          	9.57144009e-02	8.83834999e-06	3.62657405e-06	2.54438672e-04	0.00000000e+00
22.42           	8.55517833e-02	8.77767831e-06	3.53146152e-06	1.27909614e-04	0.00000000e+00
22.425          	1.20245630e-01	8.71885718e-06	3.43732529e-06	8.28327287e-05	0.00000000e+00
22.43           	2.15788569e-01	8.65822929e-06	3.34254251e-06	2.15235668e-04	0.00000000e+00
22.435          	9.37213988e-02	8.59746007e-06	3.24785412e-06	1.10148563e-04	0.00000000e+00
22.44           	2.21225856e-01	8.53627064e-06	3.15313915e-06	1.33002214e-04	0.00000000e+00
22.445          	7.35057306e-01	8.47568420e-06	3.05882641e-06	1.29940820e-04	0.00000000e+00
22.45           	1.97862204e-01	8.41606007e-06	2.96508143e-06	1.33406280e-04	0.00000000e+00
22.455          	1.25102184e-01	8.35508364e-06	2.87093676e-06	2.12409157e-04	0.00000000e+00
22.46           	1.25866929e-01	8.29586861e-06	2.77755860e-06	1.89047450e-04	0.00000000e+00
22.465          	9.34874529e-02	8.23606372e-06	2.68412801e-06	1.54999667e-04	0.00000000e+00
22.47           	1.58269099e-01	8.17609736e-06	2.59079407e-06	1.22275835e-04	0.00000000e+00
22.475          	3.40188710e-01	8.11606925e-06	2.49756561e-06	1.18010003e-04	0.00000000e+00
22.48           	1.67273305e-01	8.05587221e-06	2.40448788e-06	9.16003346e-05	0.00000000e+00
22.485          	1.75549003e-01	7.99588750e-06	2.31162171e-06	2.02484265e-04	0.00000000e+00
22.49           	1.02131044e-01	7.93623817e-06	2.21898313e-06	1.24835548e-04	0.00000000e+00
22.495          	2.28959501e-01	7.87540470e-06	2.12621360e-06	1.47074311e-04	0.00000000e+00
22.5            	2.02370118e-01	7.81619588e-06	2.03404251e-06	2.27573419e-04	0.00000000e+00
22.505          	8.69651338e-02	7.75668958e-06	1.94194679e-06	1.60444950e-04	0.00000000e+00
22.51           	1.56990183e-01	7.69712268e-06	1.84999468e-06	1.83487830e-04	0.00000000e+00
22.515          	2.40584865e-01	7.63760465e-06	1.75823236e-06	1.69130346e-04	0.00000000e+00
22.52           	4.79584090e-01	7.57833347e-06	1.66665959e-06	8.14413518e-05	0.00000000e+00
22.525          	1.54325666e-01	7.51874425e-06	1.57520784e-06	9.42832401e-05	0.00000000e+00
22.53           	1.45167072e-01	7.45844704e-06	1.48375580e-06	1.69567891e-04	0.00000000e+00
22.535          	1.44292765e-01	7.40071006e-06	1.39299859e-06	1.00084962e-04	0.00000000e+00
22.54           	1.13196978e-01	7.34093654e-06	1.30202281e-06	9.41606527e-05	0.00000000e+00
22.545          	1.32004032e-01	7.28072468e-06	1.21112937e-06	1.45169711e-04	0.00000000e+00
22.55           	1.68670843e-01	7.22125930e-06	1.12055590e-06	1.72347403e-04	0.00000000e+00
22.555          	2.94237613e-01	7.16390169e-06	1.03049019e-06	1.15192735e-04	0.00000000e+00
22.56           	2.34593516e-01	7.10442609e-06	9.40274980e-07	9.99380851e-05	0.00000000e+00
22.565          	3.57664623e-01	7.04419390e-06	5.39227507e-07	1.36551999e-04	0.00000000e+00
22.57           	6.20036061e-02	6.98635622e-06	4.79883943e-07	1.97122464e-04	0.00000000e+00
22.575          	1.15196645e-01	6.92760210e-06	4.20615650e-07	7.59111362e-05	0.00000000e+00
22.58           	2.20054418e-01	6.86783593e-06	3.61422172e-07	9.78679362e-05	0.00000000e+00
22.585          	1.98285231e-01	6.80786187e-06	3.02303071e-07	8.85652702e-05	0.00000000e+00
22.59           	1.69960025e-01	6.74923921e-06	2.43257967e-07	1.14568477e-04	0.00000000e+00
22.595          	2.62456866e-01	6.69073049e-06	1.84286531e-07	1.03626611e-04	0.00000000e+00
22.6            	1.22580844e-01	6.63198255e-06	1.25388476e-07	1.00252186e-04	0.00000000e+00
22.605          	1.65143598e-01	6.57362200e-06	7.29529062e-08	9.64538788e-05	0.00000000e+00
22.61           	7.80406188e-02	6.51583074e-06	7.53056920e-08	1.78363570e-04	0.00000000e+00
22.615          	1.03749354e-01	6.45648625e-06	1.01759285e-07	9.32851811e-05	0.00000000e+00
22.62           	3.26721945e-01	6.39799016e-06	1.40322735e-07	9.52200546e-05	0.00000000e+00
22.625          	1.06090114e-01	6.34036865e-06	1.87014936e-07	7.97381146e-05	0.00000000e+00
22.63           	6.19674430e-02	6.28349676e-06	2.42084738e-07	1.64484860e-04	0.00000000e+00
22.635          	6.04102076e-01	6.22515416e-06	2.99270423e-07	9.51610114e-05	0.00000000e+00
22.64           	8.16514438e-02	6.16818908e-06	3.56386080e-07	1.18750984e-04	0.00000000e+00
22.645          	1.34009690e-01	6.11001464e-06	4.13431789e-07	1.14184623e-04	0.00000000e+00
22.65           	1.57966631e-01	6.05305217e-06	4.70407629e-07	1.28234783e-04	0.00000000e+00
22.655          	4.19238496e-01	5.99589637e-06	5.27313684e-07	1.36021716e-04	0.00000000e+00
22.66           	1.85944137e-01	5.93827410e-06	5.84150035e-07	1.57497453e-04	0.00000000e+00
22.665          	6.56724512e-01	5.88106709e-06	6.40916769e-07	1.11498107e-04	0.00000000e+00
22.67           	1.54017630e-01	5.82407714e-06	6.97613970e-07	1.39067090e-04	0.00000000e+00
22.675          	1.13575309e-01	5.76787319e-06	7.54956617e-07	1.29976627e-04	0.00000000e+00
22.68           	1.35835557e-01	5.71055111e-06	8.12389567e-07	1.21285134e-04	0.00000000e+00
22.685          	1.19040530e-01	5.65394845e-06	8.69752054e-07	1.12203740e-04	0.00000000e+00
22.69           	1.62659089e-01	5.59809594e-06	9.27044174e-07	1.60391045e-04	0.00000000e+00
22.695          	1.78785390e-01	5.54070697e-06	9.84266025e-07	1.32548356e-04	0.00000000e+00
22.7            	1.23454155e-01	5.48358916e-06	1.37377124e-06	1.09826088e-04	0.00000000e+00
22.705          	1.31417673e-01	5.42682251e-06	1.55281980e-06	1.07320480e-04	0.00000000e+00
22.71           	1.39879959e-01	5.37047207e-06	1.66836191e-06	9.91485040e-05	0.00000000e+00
22.715          	2.24121255e-01	5.31340646e-06	1.76232412e-06	1.79128124e-04	0.00000000e+00
22.72           	1.10747237e-01	5.25761805e-06	1.84951958e-06	1.46307764e-04	0.00000000e+00
22.725          	1.05719000e-01	5.20027422e-06	1.93359165e-06	1.07661992e-04	0.00000000e+00
22.73           	1.97184219e-01	5.14391654e-06	2.01707022e-06	8.49423327e-05	0.00000000e+00
22.735          	3.71632914e-01	5.08750886e-06	2.10000837e-06	1.31688672e-04	0.00000000e+00
22.74           	1.17686403e-01	5.03057385e-06	2.18235646e-06	1.68139531e-04	0.00000000e+00
22.745          	6.51608444e-01	4.97424540e-06	2.26467205e-06	1.38218907e-04	0.00000000e+00
22.75           	1.13597879e-01	4.91802535e-06	2.34679625e-06	1.58734776e-04	0.00000000e+00
22.755          	1.43734923e-01	4.86283062e-06	2.42920676e-06	1.66651944e-04	0.00000000e+00
22.76           	2.08261573e-01	4.80670342e-06	2.51089878e-06	1.40900689e-04	0.00000000e+00
22.765          	2.36661912e-01	4.75018331e-06	2.59221369e-06	1.28394706e-04	0.00000000e+00
22.77           	1.30111602e-01	4.69465828e-06	2.67420715e-06	1.55696109e-04	0.00000000e+00
22.775          	1.08428387e-01	4.63897772e-06	2.75577088e-06	2.12300657e-04	0.00000000e+00
22.78           	2.01299455e-01	4.58369157e-06	2.83742169e-06	1.79052314e-04	0.00000000e+00
22.785          	8.44793339e-02	4.52721123e-06	2.91801442e-06	2.28677521e-04	0.00000000e+00
22.79           	1.39906012e-01	4.47155026e-06	2.99880043e-06	2.32655042e-04	0.00000000e+00
22.795          	1.06827213e-01	4.41595229e-06	3.07939520e-06	2.04663163e-04	0.00000000e+00
22.8            	5.05063091e-02	4.36070119e-06	3.15989386e-06	2.32077515e-04	0.00000000e+00
22.805          	1.51152534e-01	4.30549354e-06	3.24015848e-06	2.84158497e-04	0.00000000e+00
22.81           	7.50086902e-02	4.25083220e-06	3.32061121e-06	2.88606919e-04	0.00000000e+00
22.815          	1.14550703e-01	4.19639432e-06	3.40091330e-06	2.43170658e-04	0.00000000e+00
22.82           	2.04858176e-01	4.14150124e-06	3.48062633e-06	2.04854637e-04	0.00000000e+00
22.825          	7.77509148e-02	4.08619276e-06	3.55961451e-06	2.05220227e-04	0.00000000e+00
22.83           	1.49640329e-01	4.03082976e-06	3.63828846e-06	2.40069488e-04	0.00000000e+00
22.835          	2.36193646e-01	3.97651773e-06	3.71750266e-06	1.92781698e-04	0.00000000e+00
22.84           	1.66870232e-01	3.92236448e-06	3.79672017e-06	2.58509311e-04	0.00000000e+00
22.845          	2.45451253e-01	3.86758530e-06	3.87500882e-06	3.20566689e-04	0.00000000e+00
22.85           	4.52374214e-01	3.81351117e-06	3.95361394e-06	2.16454585e-04	0.00000000e+00
22.855          	1.63310255e-01	3.75901392e-06	4.03145819e-06	2.44522416e-04	0.00000000e+00
22.86           	1.57477501e-01	3.70474414e-06	4.10922377e-06	2.64411433e-04	0.00000000e+00
22.865          	1.84278183e-01	3.65101245e-06	4.18723039e-06	1.98738733e-04	0.00000000e+00
22.87           	3.32532644e-01	3.59700907e-06	4.26467790e-06	1.90264801e-04	0.00000000e+00
22.875          	9.61949196e-02	3.54320187e-06	4.34194485e-06	1.61313320e-04	0.00000000e+00
22.88           	1.10970736e-01	3.48941526e-06	4.41892241e-06	1.14220726e-04	0.00000000e+00
22.885          	9.81520994e-02	3.43522028e-06	4.49511824e-06	1.97062597e-04	0.00000000e+00
22.89           	1.42256458e-01	3.38192122e-06	4.57197152e-06	1.22497307e-04	0.00000000e+00
22.895          	1.33328135e-01	3.32803867e-06	4.64769121e-06	2.09646240e-04	0.00000000e+00
22.9            	1.19411208e-01	3.27450278e-06	4.72365151e-06	1.21648466e-04	0.00000000e+00
22.905          	9.37566570e-02	3.22115225e-06	4.79942791e-06	1.41282469e-04	0.00000000e+00
22.91           	1.45808005e-01	3.16793178e-06	4.87487003e-06	1.10088994e-04	0.00000000e+00
22.915          	1.02793933e-01	3.11458081e-06	4.94975924e-06	1.21340022e-04	0.00000000e+00
22.92           	1.65525162e-01	3.06183129e-06	5.02533741e-06	9.61709970e-05	0.00000000e+00
22.925          	1.27570426e-01	3.00892189e-06	5.10015676e-06	1.97970686e-04	0.00000000e+00
22.93           	1.27904843e-01	2.95621548e-06	5.17487937e-06	1.24116429e-04	0.00000000e+00
22.935          	1.35077225e-01	2.90323462e-06	5.24879040e-06	7.07966857e-05	0.00000000e+00
22.94           	4.76287608e-01	2.85086545e-06	5.32333765e-06	8.69760331e-05	0.00000000e+00
22.945          	1.79980561e-01	2.79836366e-06	5.39731142e-06	1.06297360e-04	0.00000000e+00
22.95           	9.94527716e-02	2.74626916e-06	5.47171574e-06	7.15462387e-05	0.00000000e+00
22.955          	8.59930349e-02	2.69350362e-06	5.54418355e-06	7.28345159e-05	0.00000000e+00
22.96           	3.60901444e-01	2.64154380e-06	5.61789358e-06	1.04130703e-04	0.00000000e+00
22.965          	3.43272319e-01	2.58954939e-06	5.69106557e-06	1.10936379e-04	0.00000000e+00
22.97           	1.84966421e-01	2.53753946e-06	5.76365766e-06	1.47578278e-04	0.00000000e+00
22.975          	2.05357690e-01	2.48575437e-06	5.83625026e-06	8.66363211e-05	0.00000000e+00
22.98           	1.09449480e-01	2.43369117e-06	5.90787171e-06	1.82892193e-04	0.00000000e+00
22.985          	3.23599588e-01	2.38254151e-06	5.98116978e-06	1.55253522e-04	0.00000000e+00
22.99           	3.10397106e-01	2.33067466e-06	6.05205640e-06	1.37302842e-04	0.00000000e+00
22.995          	1.41401780e-01	2.27963325e-06	6.12472048e-06	1.17987888e-04	0.00000000e+00
23              	2.17773165e-01	2.22797184e-06	6.19504658e-06	1.65383807e-04	0.00000000e+00
23.005          	3.35287883e-01	2.17681566e-06	6.26649142e-06	1.37311219e-04	0.00000000e+00
23.01           	1.15196151e-01	2.12581324e-06	6.33760424e-06	2.14580990e-04	0.00000000e+00
23.015          	2.95246961e-01	2.07479448e-06	6.40821487e-06	2.02864593e-04	0.00000000e+00
23.02           	1.30305503e-01	2.02399351e-06	6.47857970e-06	2.31086577e-04	0.00000000e+00
23.025          	2.10764303e-01	1.97298236e-06	6.54795689e-06	1.97553695e-04	0.00000000e+00
23.03           	1.87741644e-01	1.92272658e-06	6.61923589e-06	2.19639356e-04	0.00000000e+00
23.035          	1.22699093e-01	1.87231630e-06	6.68938545e-06	1.70967432e-04	0.00000000e+00
23.04           	1.02723516e-01	1.82167204e-06	6.75818737e-06	2.11333117e-04	0.00000000e+00
23.045          	1.42835296e-01	1.77129234e-06	6.82718607e-06	1.68711473e-04	0.00000000e+00
23.05           	2.22609892e-01	1.72125944e-06	6.89678674e-06	2.84740886e-04	0.00000000e+00
23.055          	1.24695641e-01	1.67110702e-06	6.96515206e-06	2.48004526e-04	0.00000000e+00
23.06           	1.00836783e-01	1.62111699e-06	7.03352229e-06	2.47181458e-04	0.00000000e+00
23.065          	1.22497881e-01	1.57121657e-06	7.10143516e-06	3.33618167e-04	0.00000000e+00
23.07           	1.17022879e-01	1.52166560e-06	7.17035362e-06	2.70186452e-04	0.00000000e+00
23.075          	1.32383839e-01	1.47209855e-06	7.23842608e-06	1.84810173e-04	0.00000000e+00
23.08           	1.59642157e-01	1.42226689e-06	7.30426531e-06	1.78821024e-04	0.00000000e+00
23.085          	1.37998874e-01	1.37282828e-06	7.37111530e-06	2.62235544e-04	0.00000000e+00
23.09           	2.13628643e-01	1.32361914e-06	7.43878961e-06	1.98903745e-04	0.00000000e+00
23.095          	2.07054666e-01	1.27436900e-06	7.50485630e-06	1.38976159e-04	0.00000000e+00
23.1            	1.03304676e-01	1.22559182e-06	7.57300286e-06	1.25573198e-04	0.00000000e+00
23.105          	2.49942941e-01	1.17647696e-06	7.63797160e-06	1.85341809e-04	0.00000000e+00
23.11           	1.65231108e-01	1.12771613e-06	7.70453704e-06	8.82179510e-05	0.00000000e+00
23.115          	1.78028143e-01	1.07906475e-06	7.77033596e-06	1.06031699e-04	0.00000000e+00
23.12           	2.71865896e-01	1.03049048e-06	7.83607121e-06	1.35614826e-04	0.00000000e+00
23.125          	2.20341559e-01	9.81998642e-07	7.90060513e-06	1.85760759e-04	0.00000000e+00
23.13           	1.42850626e-01	6.08054819e-07	7.96625571e-06	8.92130527e-05	0.00000000e+00
23.135          	1.92911680e-01	5.76729495e-07	8.03127089e-06	1.48112857e-04	0.00000000e+00
23.14           	1.03213180e-01	5.46434574e-07	8.09590909e-06	1.58148814e-04	0.00000000e+00
23.145          	1.81741109e-01	5.16261725e-07	8.16025640e-06	1.36403195e-04	0.00000000e+00
23.15           	1.94178323e-01	4.87365573e-07	8.22434137e-06	1.47263480e-04	0.00000000e+00
23.155          	1.41369111e-01	4.60172474e-07	8.28817335e-06	1.25448042e-04	0.00000000e+00
23.16           	9.95306108e-02	4.34113446e-07	8.35175525e-06	1.26244070e-04	0.00000000e+00
23.165          	2.84825303e-01	4.09125288e-07	8.41508786e-06	1.56373263e-04	0.00000000e+00
23.17           	1.12366735e-01	3.84541826e-07	8.47817125e-06	1.24903520e-04	0.00000000e+00
23.175          	1.28286829e-01	3.60557394e-07	8.54100525e-06	1.10773767e-04	0.00000000e+00
23.18           	4.69302051e-01	3.38302188e-07	8.60358963e-06	1.53595492e-04	0.00000000e+00
23.185          	1.55929496e-01	3.18029640e-07	8.66592411e-06	1.85997940e-04	0.00000000e+00
23.19           	1.15426656e-01	2.98751949e-07	8.72800844e-06	2.51140717e-04	0.00000000e+00
23.195          	2.35812800e-01	2.81661185e-07	8.78984236e-06	1.41884387e-04	0.00000000e+00
23.2            	1.16546513e-01	2.69446960e-07	8.85142558e-06	1.79913580e-04	0.00000000e+00
23.205          	1.15708926e-01	2.57824674e-07	8.91275787e-06	2.26802951e-04	0.00000000e+00
23.21           	6.58569773e-02	2.46222158e-07	8.97383895e-06	9.43053556e-05	0.00000000e+00
23.215          	1.53243855e-01	2.35325219e-07	9.03466858e-06	1.94924688e-04	0.00000000e+00
23.22           	1.26334551e-01	2.30792083e-07	9.09524651e-06	1.35682742e-04	0.00000000e+00
23.225          	1.00751750e-01	2.29253480e-07	9.15557250e-06	1.05848504e-04	0.00000000e+00
23.23           	3.28035564e-01	2.30772192e-07	9.21564629e-06	7.70104951e-05	0.00000000e+00
23.235          	1.30222619e-01	2.34292515e-07	9.27546766e-06	1.10074426e-04	0.00000000e+00
23.24           	3.42359712e-01	2.39803458e-07	9.33503637e-06	9.16571743e-05	0.00000000e+00
23.245          	1.52791634e-01	2.46926501e-07	9.39435219e-06	9.49580851e-05	0.00000000e+00
23.25           	1.38925062e-01	2.55511298e-07	9.45341489e-06	8.96297398e-05	0.00000000e+00
23.255          	1.04854721e-01	2.64686971e-07	9.51222425e-06	1.86557427e-04	0.00000000e+00
23.26           	3.03497794e-01	2.75967763e-07	9.57078004e-06	1.23418760e-04	0.00000000e+00
23.265          	2.15865224e-01	2.90872129e-07	9.62908206e-06	1.48468853e-04	0.00000000e+00
23.27           	1.74109725e-01	3.06085805e-07	9.68713009e-06	8.83313199e-05	0.00000000e+00
23.275          	1.91728096e-01	3.23985130e-07	9.74492391e-06	9.87524624e-05	0.00000000e+00
23.28           	1.37674515e-01	3.43575235e-07	9.80246334e-06	1.06431305e-04	0.00000000e+00
23.285          	1.83015000e-01	3.64525824e-07	9.85974815e-06	7.61304564e-05	0.00000000e+00
23.29           	8.92977674e-02	3.86810324e-07	9.91677816e-06	2.27366557e-04	0.00000000e+00
23.295          	1.05190039e-01	4.10888984e-07	9.97355318e-06	9.94126999e-05	0.00000000e+00
23.3            	3.68788110e-01	4.37874316e-07	1.00300730e-05	1.24353537e-04	0.00000000e+00
23.305          	1.10634920e-01	4.65893504e-07	1.00863375e-05	2.00583472e-04	0.00000000e+00
23.31           	1.87704558e-01	4.94847636e-07	1.01423463e-05	1.55845867e-04	0.00000000e+00
23.315          	3.00101571e-01	5.24467675e-07	1.01980995e-05	1.30212766e-04	0.00000000e+00
23.32           	1.81124178e-01	5.54029250e-07	1.02535967e-05	6.40853847e-05	0.00000000e+00
23.325          	2.04245935e-01	5.83532095e-07	1.03088379e-05	1.15913183e-04	0.00000000e+00
23.33           	1.00818444e-01	6.12975946e-07	1.03638228e-05	8.71056416e-05	0.00000000e+00
23.335          	3.78030548e-01	6.42360541e-07	1.04185513e-05	1.14554141e-04	0.00000000e+00
23.34           	3.47489702e-01	6.71685618e-07	1.04730232e-05	6.29181088e-05	0.00000000e+00
23.345          	4.22747936e-01	7.00950917e-07	1.05272383e-05	1.38373835e-04	0.00000000e+00
23.35           	3.27679360e-01	7.30156179e-07	1.05811966e-05	7.93710747e-05	0.00000000e+00
23.355          	1.24275988e-01	7.59301148e-07	1.06348978e-05	1.23147129e-04	0.00000000e+00
23.36           	7.85163760e-02	7.88385567e-07	1.06883419e-05	9.56870347e-05	0.00000000e+00
23.365          	3.15239412e-01	8.17409183e-07	1.07415286e-05	9.04431122e-05	0.00000000e+00
23.37           	5.23178766e-02	8.46371742e-07	1.07944579e-05	6.94978803e-05	0.00000000e+00
23.375          	2.08314086e-01	8.75272993e-07	1.08471295e-05	9.71905100e-05	0.00000000e+00
23.38           	1.43950363e-01	9.04112686e-07	1.08995434e-05	1.31102127e-04	0.00000000e+00
23.385          	1.56930957e-01	9.32890572e-07	1.09516995e-05	1.54982490e-04	0.00000000e+00
23.39           	1.30844209e-01	9.61606405e-07	1.10035975e-05	1.07687000e-04	0.00000000e+00
23.395          	1.50650225e-01	9.90259937e-07	1.10552375e-05	1.11856094e-04	0.00000000e+00
23.4            	2.28810944e-01	1.35116747e-06	1.11066192e-05	1.68289936e-04	0.00000000e+00
23.405          	2.41864351e-01	1.49461908e-06	1.11590836e-05	1.23862603e-04	0.00000000e+00
23.41           	1.89293242e-01	1.56932595e-06	1.12076531e-05	1.55057662e-04	0.00000000e+00
23.415          	6.45144573e-02	1.62189923e-06	1.12600445e-05	1.23726711e-04	0.00000000e+00
23.42           	1.32915422e-01	1.66642781e-06	1.13097906e-05	9.02803421e-05	0.00000000e+00
23.425          	2.31965180e-01	1.70838900e-06	1.13596834e-05	1.31023735e-04	0.00000000e+00
23.43           	1.20225942e-01	1.74944713e-06	1.14096913e-05	8.66992069e-05	0.00000000e+00
23.435          	1.45301572e-01	1.78978979e-06	1.14576952e-05	1.74311478e-04	0.00000000e+00
23.44           	2.17899540e-01	1.83054242e-06	1.15090873e-05	1.43810195e-04	0.00000000e+00
23.445          	3.54585113e-01	1.87062994e-06	1.15574009e-05	1.80666224e-04	0.00000000e+00
23.45           	1.54767623e-01	1.91073879e-06	1.16064105e-05	1.14376800e-04	0.00000000e+00
23.455          	3.13591015e-01	1.95090744e-06	1.16562116e-05	8.30740860e-05	0.00000000e+00
23.46           	9.04679518e-02	1.99051327e-06	1.17034569e-05	6.90768520e-05	0.00000000e+00
23.465          	8.88385395e-02	2.03015187e-06	1.17513850e-05	1.14118610e-04	0.00000000e+00
23.47           	5.01712051e-01	2.06990198e-06	1.18003216e-05	7.56233354e-05	0.00000000e+00
23.475          	1.33776809e-01	2.10903570e-06	1.18465263e-05	1.09133879e-04	0.00000000e+00
23.48           	1.19384061e-01	2.14848647e-06	1.18948103e-05	1.28655319e-04	0.00000000e+00
23.485          	1.07351086e-01	2.18745996e-06	1.19411310e-05	7.10703644e-05	0.00000000e+00
23.49           	1.39240189e-01	2.22608285e-06	1.19861450e-05	1.49837789e-04	0.00000000e+00
23.495          	3.32629562e-01	2.26474454e-06	1.20318216e-05	1.36470215e-04	0.00000000e+00
23.5            	2.32978483e-01	2.30368172e-06	1.20792126e-05	1.38352994e-04	0.00000000e+00
23.505          	1.86238384e-01	2.34231441e-06	1.21255494e-05	1.31982929e-04	0.00000000e+00
23.51           	3.54712058e-01	2.38075291e-06	1.21713610e-05	1.06652466e-04	0.00000000e+00
23.515          	1.53620801e-01	2.41875814e-06	1.22155718e-05	1.45249559e-04	0.00000000e+00
23.52           	4.53976095e-02	2.45707090e-06	1.22616226e-05	8.55961335e-05	0.00000000e+00
23.525          	1.45975713e-01	2.49540579e-06	1.23080763e-05	1.14767684e-04	0.00000000e+00
23.53           	2.76407913e-01	2.53308924e-06	1.23519697e-05	1.48645493e-04	0.00000000e+00
23.535          	1.26569028e-01	2.57080099e-06	1.23963276e-05	8.94758459e-05	0.00000000e+00
23.54           	1.21720044e-01	2.60802803e-06	1.24388948e-05	9.95516949e-05	0.00000000e+00
23.545          	2.99944375e-01	2.64564079e-06	1.24835154e-05	9.87386585e-05	0.00000000e+00
23.55           	8.82119635e-02	2.68298354e-06	1.25274079e-05	1.31724844e-04	0.00000000e+00
23.555          	1.47594158e-01	2.72016041e-06	1.25708006e-05	1.41154224e-04	0.00000000e+00
23.56           	2.51270209e-01	2.75754274e-06	1.26154611e-05	1.27494923e-04	0.00000000e+00
23.565          	1.30379325e-01	2.79454224e-06	1.26588073e-05	1.66752674e-04	0.00000000e+00
23.57           	1.59956762e-01	2.83093659e-06	1.27000090e-05	1.11305461e-04	0.00000000e+00
23.575          	6.99380659e-02	2.86703669e-06	1.27402766e-05	1.17295204e-04	0.00000000e+00
23.58           	2.09164153e-01	2.90369537e-06	1.27832256e-05	1.30245711e-04	0.00000000e+00
23.585          	4.08781156e-02	2.93968553e-06	1.28237167e-05	1.27253853e-04	0.00000000e+00
23.59           	1.22371169e-01	2.97573875e-06	1.28648098e-05	1.82162962e-04	0.00000000e+00
23.595          	2.21438747e-01	3.01171759e-06	1.29059270e-05	1.29220241e-04	0.00000000e+00
23.6            	4.83880441e-01	3.04757674e-06	1.29468779e-05	2.21701261e-04	0.00000000e+00
23.605          	1.33223522e-01	3.08377025e-06	1.29894391e-05	1.43032855e-04	0.00000000e+00
23.61           	1.15888829e-01	3.11946373e-06	1.30302394e-05	1.68112256e-04	0.00000000e+00
23.615          	2.39351947e-01	3.15500321e-06	1.30708464e-05	1.88674155e-04	0.00000000e+00
23.62           	4.50523754e-01	3.19063131e-06	1.31120378e-05	1.30838728e-04	0.00000000e+00
23.625          	2.30340722e-01	3.22512707e-06	1.31491685e-05	1.68740225e-04	0.00000000e+00
23.63           	1.33842036e-01	3.26034620e-06	1.31893905e-05	9.80234895e-05	0.00000000e+00
23.635          	1.81065735e-01	3.29523727e-06	1.32285415e-05	9.49801552e-05	0.00000000e+00
23.64           	2.61227863e-01	3.32960462e-06	1.32660974e-05	1.55690290e-04	0.00000000e+00
23.645          	3.20055611e-01	3.36488405e-06	1.33073092e-05	1.50394550e-04	0.00000000e+00
23.65           	1.27587948e-01	3.39874775e-06	1.33435391e-05	1.26588847e-04	0.00000000e+00
23.655          	4.34764841e-01	3.43293657e-06	1.33812061e-05	1.03430288e-04	0.00000000e+00
23.66           	1.68693793e-01	3.46750403e-06	1.34205885e-05	1.14787239e-04	0.00000000e+00
23.665          	2.31665723e-01	3.50166169e-06	1.34587103e-05	1.99390796e-04	0.00000000e+00
23.67           	2.28765758e-01	3.53544753e-06	1.34956968e-05	1.25013132e-04	0.00000000e+00
23.675          	2.48738596e-01	3.56883375e-06	1.35315399e-05	1.01465646e-04	0.00000000e+00
23.68           	1.18831276e-01	3.60268411e-06	1.35693974e-05	1.71145657e-04	0.00000000e+00
23.685          	1.72695003e-01	3.63575213e-06	1.36046347e-05	9.14905482e-05	0.00000000e+00
23.69           	1.43963374e-01	3.66939460e-06	1.36422014e-05	1.16438285e-04	0.00000000e+00
23.695          	2.01087517e-01	3.70316808e-06	1.36803252e-05	1.10190960e-04	0.00000000e+00
23.7            	1.45164532e-01	3.73582886e-06	1.37148677e-05	1.27635751e-04	0.00000000e+00
23.705          	1.28213961e-01	3.76864006e-06	1.37502903e-05	1.93018375e-04	0.00000000e+00
23.71           	1.70627783e-01	3.80134832e-06	1.37855418e-05	1.15258660e-04	0.00000000e+00
23.715          	1.31930432e-01	3.83435477e-06	1.38219722e-05	1.29771426e-04	0.00000000e+00
23.72           	1.76845701e-01	3.86650420e-06	1.38557913e-05	1.20787436e-04	0.00000000e+00
23.725          	2.11185523e-01	3.89864182e-06	1.38896864e-05	1.15394103e-04	0.00000000e+00
23.73           	2.46704727e-01	3.93074033e-06	1.39237424e-05	1.35798304e-04	0.00000000e+00
23.735          	4.65690808e-01	3.96287792e-06	1.39582203e-05	1.36241297e-04	0.00000000e+00
23.74           	1.82075988e-01	3.99472354e-06	1.39918211e-05	1.57171221e-04	0.00000000e+00
23.745          	2.48940836e-01	4.02634097e-06	1.40250065e-05	1.37174546e-04	0.00000000e+00
23.75           	3.53784021e-01	4.05848739e-06	1.40601228e-05	6.35886538e-05	0.00000000e+00
23.755          	2.75192479e-01	4.08949394e-06	1.40917180e-05	1.28976053e-04	0.00000000e+00
23.76           	2.97412293e-01	4.12125371e-06	1.41259745e-05	1.62816015e-04	0.00000000e+00
23.765          	1.97583039e-01	4.15198886e-06	1.41572317e-05	1.79679774e-04	0.00000000e+00
23.77           	1.13219482e-01	4.18341326e-06	1.41907392e-05	1.83223354e-04	0.00000000e+00
23.775          	1.18553766e-01	4.21440720e-06	1.42231121e-05	1.86940189e-04	0.00000000e+00
23.78           	1.35646633e-01	4.24516079e-06	1.42549355e-05	1.75604540e-04	0.00000000e+00
23.785          	6.30659258e-02	4.27461406e-06	1.42829092e-05	1.27973310e-04	0.00000000e+00
23.79           	1.45839452e-01	4.30475569e-06	1.43131973e-05	1.17458764e-04	0.00000000e+00
23.795          	1.60465844e-01	4.33482315e-06	1.43435584e-05	1.42968586e-04	0.00000000e+00
23.8            	5.64330622e-02	4.36541930e-06	1.43758038e-05	2.12823746e-04	0.00000000e+00
23.805          	2.92285381e-01	4.39558920e-06	1.44066790e-05	1.81862777e-04	0.00000000e+00
23.81           	3.68464354e-01	4.42554343e-06	1.44372874e-05	2.26327356e-04	0.00000000e+00
23.815          	1.25449237e-01	4.45565900e-06	1.44685458e-05	2.37074522e-04	0.00000000e+00
23.82           	1.06673136e-01	4.48477510e-06	1.44968342e-05	2.00948107e-04	0.00000000e+00
23.825          	1.42191230e-01	4.51362615e-06	1.45245408e-05	1.99735796e-04	0.00000000e+00
23.83           	1.52360569e-01	4.54268703e-06	1.45531101e-05	1.16091081e-04	0.00000000e+00
23.835          	9.86901492e-02	4.57160972e-06	1.45815282e-05	1.76668249e-04	0.00000000e+00
23.84           	2.15267318e-01	4.60060662e-06	1.46102540e-05	1.20483367e-04	0.00000000e+00
23.845          	2.63557540e-01	4.63051858e-06	1.46419456e-05	2.67218280e-04	0.00000000e+00
23.85           	2.36904616e-01	4.65885233e-06	1.46690729e-05	1.77916767e-04	0.00000000e+00
23.855          	2.20860273e-01	4.68673153e-06	1.46950905e-05	1.18549114e-04	0.00000000e+00
23.86           	1.33570145e-01	4.71558653e-06	1.47241598e-05	1.31467415e-04	0.00000000e+00
23.865          	2.36918287e-01	4.74396947e-06	1.47519879e-05	1.40326760e-04	0.00000000e+00
23.87           	6.12069631e-02	4.77251491e-06	1.47804722e-05	1.33051218e-04	0.00000000e+00
23.875          	9.06530535e-02	4.80006560e-06	1.48062484e-05	1.77591938e-04	0.00000000e+00
23.88           	1.80358987e-01	4.82837592e-06	1.48342568e-05	1.20192325e-04	0.00000000e+00
23.885          	9.59547609e-02	4.85564787e-06	1.48595299e-05	1.16729624e-04	0.00000000e+00
23.89           	1.24588628e-01	4.88289925e-06	1.48849794e-05	8.40242334e-05	0.00000000e+00
23.895          	1.17060290e-01	4.91070915e-06	1.49121090e-05	1.72655456e-04	0.00000000e+00
23.9            	1.05474500e-01	4.93701107e-06	1.49349952e-05	1.21551115e-04	0.00000000e+00
23.905          	1.09912402e-01	4.96364252e-06	1.49591516e-05	9.30223608e-05	0.00000000e+00
23.91           	1.11058019e-01	4.99052268e-06	1.49840990e-05	1.29677734e-04	0.00000000e+00
23.915          	1.63973227e-01	5.01782682e-06	1.50104000e-05	1.26243674e-04	0.00000000e+00
23.92           	5.04953585e-02	5.04449745e-06	1.50351772e-05	1.06911136e-04	0.00000000e+00
23.925          	1.67926589e-01	5.07173442e-06	1.50616794e-05	1.60366694e-04	0.00000000e+00
23.93           	8.90865673e-02	5.09710612e-06	1.50830457e-05	1.37028585e-04	0.00000000e+00
23.935          	8.89274177e-02	5.12417143e-06	1.51093662e-05	2.09430261e-04	0.00000000e+00
23.94           	1.28840034e-01	5.14927910e-06	1.51303271e-05	2.59209648e-04	0.00000000e+00
23.945          	1.03996856e-01	5.17542817e-06	1.51543183e-05	2.24730193e-04	0.00000000e+00
23.95           	6.43489605e-01	5.20066978e-06	1.51760405e-05	2.03869253e-04	0.00000000e+00
23.955          	2.64248937e-01	5.22673951e-06	1.52002714e-05	2.18010201e-04	0.00000000e+00
23.96           	7.59469935e-02	5.25234051e-06	1.52232932e-05	1.91167187e-04	0.00000000e+00
23.965          	8.56883210e-02	5.27690052e-06	1.52435806e-05	2.06114389e-04	0.00000000e+00
23.97           	1.75622877e-01	5.30258883e-06	1.52671237e-05	2.85048139e-04	0.00000000e+00
23.975          	3.03048751e-01	5.32769799e-06	1.52890844e-05	1.66803333e-04	0.00000000e+00
23.98           	1.45260974e-01	5.35186266e-06	1.53088445e-05	1.28317203e-04	0.00000000e+00
23.985          	1.14405783e-01	5.37693685e-06	1.53311186e-05	1.05134894e-04	0.00000000e+00
23.99           	1.27475918e-01	5.40175086e-06	1.53527698e-05	1.70866659e-04	0.00000000e+00
23.995          	1.76594997e-01	5.42692302e-06	1.53756626e-05	1.37728608e-04	0.00000000e+00
24              	2.18154903e-01	5.45144791e-06	1.53969071e-05	2.12846323e-04	0.00000000e+00
24.005          	4.13598713e-01	5.47504809e-06	1.54158562e-05	1.76617614e-04	0.00000000e+00
24.01           	2.07142814e-01	5.49871879e-06	1.54351836e-05	8.67247184e-05	0.00000000e+00
24.015          	1.09863859e-01	5.52319616e-06	1.54566064e-05	8.45765815e-05	0.00000000e+00
24.02           	1.62956415e-01	5.54648103e-06	1.54751166e-05	1.27669411e-04	0.00000000e+00
24.025          	1.69947459e-01	5.57037169e-06	1.54953840e-05	1.96698662e-04	0.00000000e+00
24.03           	1.25256741e-01	5.59256417e-06	1.55112554e-05	1.22036839e-04	0.00000000e+00
24.035          	5.61804982e-01	5.61603556e-06	1.55306110e-05	1.55053154e-04	0.00000000e+00
24.04           	1.16954459e-01	5.64004633e-06	1.55515633e-05	1.31897040e-04	0.00000000e+00
24.045          	1.10427099e-01	5.66183417e-06	1.55668786e-05	1.07876418e-04	0.00000000e+00
24.05           	1.82443131e-01	5.68495744e-06	1.55858917e-05	1.18389298e-04	0.00000000e+00
24.055          	1.40526943e-01	5.70849872e-06	1.56059156e-05	1.11733049e-04	0.00000000e+00
24.06           	1.24805599e-01	5.72982105e-06	1.56204178e-05	1.70452581e-04	0.00000000e+00
24.065          	1.05996744e-01	5.75243390e-06	1.56383471e-05	2.27475893e-04	0.00000000e+00
24.07           	1.58462709e-01	5.77480960e-06	1.56559729e-05	1.68025102e-04	0.00000000e+00
24.075          	2.66940749e-01	5.79700818e-06	1.56729575e-05	1.65554781e-04	0.00000000e+00
24.08           	1.34581980e-01	5.81898391e-06	1.56896208e-05	2.02664762e-04	0.00000000e+00
24.085          	1.49433661e-01	5.84013556e-06	1.57044017e-05	1.26896658e-04	0.00000000e+00
24.09           	2.39078002e-01	5.86207365e-06	1.57213314e-05	1.77130891e-04	0.00000000e+00
24.095          	2.08241265e-01	5.88315747e-06	1.57361593e-05	2.07917554e-04	0.00000000e+00
24.1            	3.87883655e-01	5.90495384e-06	1.57531128e-05	1.19781708e-04	0.00000000e+00
24.105          	1.80447844e-01	5.92696696e-06	1.57705630e-05	1.67677252e-04	0.00000000e+00
24.11           	9.98438017e-02	5.94756293e-06	1.57844505e-05	1.42176783e-04	0.00000000e+00
24.115          	1.38253602e-01	5.96906310e-06	1.58009014e-05	1.30638705e-04	0.00000000e+00
24.12           	1.40643235e-01	5.99003159e-06	1.58160874e-05	1.29108934e-04	0.00000000e+00
24.125          	2.32846564e-01	6.00945927e-06	1.58273958e-05	1.71532726e-04	0.00000000e+00
24.13           	3.24669069e-01	6.03013914e-06	1.58422326e-05	1.14199665e-04	0.00000000e+00
24.135          	1.16156606e-01	6.05121384e-06	1.58580237e-05	3.04031070e-04	0.00000000e+00
24.14           	3.59304425e-01	6.07090259e-06	1.58703857e-05	1.70624385e-04	0.00000000e+00
24.145          	2.30572149e-01	6.09100609e-06	1.58840377e-05	1.19597634e-04	0.00000000e+00
24.15           	1.68322583e-01	6.11017412e-06	1.58953738e-05	2.03236442e-04	0.00000000e+00
24.155          	3.12776230e-01	6.13097222e-06	1.59110481e-05	1.83722137e-04	0.00000000e+00
24.16           	2.72633676e-01	6.14949001e-06	1.59211003e-05	1.45261099e-04	0.00000000e+00
24.165          	1.41113773e-01	6.16935407e-06	1.59346988e-05	1.60843744e-04	0.00000000e+00
24.17           	6.10306788e-01	6.18964931e-06	1.59492605e-05	1.84364659e-04	0.00000000e+00
24.175          	3.04239888e-01	6.20823570e-06	1.59598010e-05	2.23028324e-04	0.00000000e+00
24.18           	2.06900612e-01	6.22707618e-06	1.59711184e-05	1.61264626e-04	0.00000000e+00
24.185          	1.17104738e-01	6.24612929e-06	1.59831508e-05	2.68780265e-04	0.00000000e+00
24.19           	1.17024976e-01	6.26562924e-06	1.59962813e-05	1.65715530e-04	0.00000000e+00
24.195          	1.29396468e-01	6.28355580e-06	1.60057084e-05	1.45012042e-04	0.00000000e+00
24.2            	1.73232362e-01	6.30272353e-06	1.60182893e-05	1.54774864e-04	0.00000000e+00
24.205          	1.76938553e-01	6.31963888e-06	1.60255753e-05	1.83539691e-04	0.00000000e+00
24.21           	1.67939131e-01	6.33882967e-06	1.60384884e-05	1.84584050e-04	0.00000000e+00
24.215          	6.76260992e-02	6.35570915e-06	1.60458603e-05	1.91800835e-04	0.00000000e+00
24.22           	1.64510596e-01	6.37337018e-06	1.60551639e-05	1.35315332e-04	0.00000000e+00
24.225          	1.00100135e-01	6.39253033e-06	1.60682762e-05	1.82628289e-04	0.00000000e+00
24.23           	1.44365201e-01	6.40981511e-06	1.60768874e-05	1.52583976e-04	0.00000000e+00
24.235          	2.92279286e-01	6.42716888e-06	1.60858389e-05	2.18100070e-04	0.00000000e+00
24.24           	1.97040373e-01	6.44444886e-06	1.60947455e-05	1.54944292e-04	0.00000000e+00
24.245          	1.81908582e-01	6.46168147e-06	1.61038121e-05	2.53281831e-04	0.00000000e+00
24.25           	1.68625953e-01	6.47793471e-06	1.61104604e-05	1.44129454e-04	0.00000000e+00
24.255          	3.30381142e-01	6.49440117e-06	1.61178534e-05	1.20101381e-04	0.00000000e+00
24.26           	6.77627251e-02	6.51116309e-06	1.61259202e-05	1.10519114e-04	0.00000000e+00
24.265          	1.35741717e-01	6.52912951e-06	1.61371043e-05	1.11274486e-04	0.00000000e+00
24.27           	2.99484933e-01	6.54451136e-06	1.61421791e-05	1.62579155e-04	0.00000000e+00
24.275          	1.52335874e-01	6.56200201e-06	1.61523672e-05	1.29681938e-04	0.00000000e+00
24.28           	1.99879255e-01	6.57792224e-06	1.61587454e-05	1.27709363e-04	0.00000000e+00
24.285          	2.27135310e-01	6.59394676e-06	1.61657508e-05	7.06341410e-05	0.00000000e+00
24.29           	2.40529475e-01	6.60975660e-06	1.61721301e-05	9.85190889e-05	0.00000000e+00
24.295          	1.01898514e-01	6.62457914e-06	1.61765474e-05	9.28009673e-05	0.00000000e+00
24.3            	3.47213720e-01	6.64085506e-06	1.61843978e-05	1.42451312e-04	0.00000000e+00
24.305          	1.46217631e-01	6.65637840e-06	1.61906534e-05	8.53059992e-05	0.00000000e+00
24.31           	1.12861722e-01	6.67172105e-06	1.61965186e-05	1.43614083e-04	0.00000000e+00
24.315          	2.10498394e-01	6.68707498e-06	1.62023950e-05	1.94378384e-04	0.00000000e+00
24.32           	1.34190814e-01	6.70134843e-06	1.62058257e-05	1.89794299e-04	0.00000000e+00
24.325          	2.24535355e-01	6.71599368e-06	1.62103090e-05	1.42523692e-04	0.00000000e+00
24.33           	4.65680630e-01	6.73141243e-06	1.62166427e-05	1.57836505e-04	0.00000000e+00
24.335          	2.05276953e-01	6.74707659e-06	1.62237791e-05	1.69304026e-04	0.00000000e+00
24.34           	1.37296442e-01	6.76115326e-06	1.62273684e-05	1.65248273e-04	0.00000000e+00
24.345          	2.12611580e-01	6.77519120e-06	1.62310043e-05	1.61644557e-04	0.00000000e+00
24.35           	1.79484088e-01	6.79021006e-06	1.62367485e-05	1.73057486e-04	0.00000000e+00
24.355          	8.05271929e-02	6.80278152e-06	1.62371248e-05	1.78481449e-04	0.00000000e+00
24.36           	1.70484892e-01	6.81696205e-06	1.62412094e-05	1.40488333e-04	0.00000000e+00
24.365          	2.17116592e-01	6.83166333e-06	1.62467092e-05	1.30201288e-04	0.00000000e+00
24.37           	1.71751662e-01	6.84494061e-06	1.62488122e-05	1.25810854e-04	0.00000000e+00
24.375          	1.44094248e-01	6.85738752e-06	1.62493991e-05	1.00964802e-04	0.00000000e+00
24.38           	5.18228131e-01	6.87140776e-06	1.62535937e-05	1.67310965e-04	0.00000000e+00
24.385          	2.43610421e-01	6.88459541e-06	1.62558969e-05	8.58540040e-05	0.00000000e+00
24.39           	1.59534955e-01	6.89690079e-06	1.62564060e-05	1.52782262e-04	0.00000000e+00
24.395          	1.51994428e-01	6.91119484e-06	1.62615017e-05	1.43082103e-04	0.00000000e+00
24.4            	1.22503050e-01	6.92283138e-06	1.62606291e-05	9.88208356e-05	0.00000000e+00
24.405          	3.39496468e-01	6.93595709e-06	1.62633175e-05	9.47398481e-05	0.00000000e+00
24.41           	1.84574471e-01	6.94863680e-06	1.62650308e-05	1.75303284e-04	0.00000000e+00
24.415          	1.27890952e-01	6.96099167e-06	1.62659216e-05	1.50212005e-04	0.00000000e+00
24.42           	2.52476439e-01	6.97408573e-06	1.62687571e-05	2.34088811e-04	0.00000000e+00
24.425          	2.21737469e-01	6.98502072e-06	1.62666957e-05	2.29068738e-04	0.00000000e+00
24.43           	6.62210247e-01	6.99738129e-06	1.62679241e-05	2.15181529e-04	0.00000000e+00
24.435          	1.15628146e-01	7.01020313e-06	1.62704312e-05	2.70915605e-04	0.00000000e+00
24.44           	1.00263742e-01	7.02205715e-06	1.62709173e-05	2.40829176e-04	0.00000000e+00
24.445          	1.99708404e-01	7.03384719e-06	1.62711750e-05	2.57306294e-04	0.00000000e+00
24.45           	1.15433614e-01	7.04439049e-06	1.62689568e-05	3.02786594e-04	0.00000000e+00
24.455          	1.30373936e-01	7.05616880e-06	1.62694064e-05	2.58877287e-04	0.00000000e+00
24.46           	1.12893599e-01	7.06669919e-06	1.62672640e-05	1.55740567e-04	0.00000000e+00
24.465          	4.52953269e-01	7.07829246e-06	1.62674525e-05	1.49309314e-04	0.00000000e+00
24.47           	1.36028114e-01	7.08936431e-06	1.62666055e-05	1.97055345e-04	0.00000000e+00
24.475          	1.50713320e-01	7.09868861e-06	1.62618870e-05	1.64319233e-04	0.00000000e+00
24.48           	8.34312333e-02	7.10864837e-06	1.62588511e-05	1.59099344e-04	0.00000000e+00
24.485          	1.29229345e-01	7.11986837e-06	1.62584751e-05	1.79749438e-04	0.00000000e+00
24.49           	3.95842329e-01	7.12966048e-06	1.62552181e-05	1.94500065e-04	0.00000000e+00
24.495          	1.56485561e-01	7.14134009e-06	1.62561930e-05	1.24081174e-04	0.00000000e+00
24.5            	1.19092321e-01	7.15092517e-06	1.62528059e-05	1.74328597e-04	0.00000000e+00
24.505          	3.91231312e-01	7.15999668e-06	1.62480783e-05	1.47955977e-04	0.00000000e+00
24.51           	2.04159546e-01	7.17012078e-06	1.62458543e-05	9.90046480e-05	0.00000000e+00
24.515          	3.33481194e-01	7.18094437e-06	1.62452432e-05	1.84422690e-04	0.00000000e+00
24.52           	1.08102702e-01	7.18979827e-06	1.62404314e-05	9.78110025e-05	0.00000000e+00
24.525          	3.25751862e-01	7.20002428e-06	1.62386846e-05	1.97736621e-04	0.00000000e+00
24.53           	1.77575678e-01	7.20937922e-06	1.62352234e-05	9.84032527e-05	0.00000000e+00
24.535          	1.19534560e-01	7.21684801e-06	1.62276771e-05	5.91429855e-05	0.00000000e+00
24.54           	1.72186391e-01	7.22528829e-06	1.62223262e-05	1.45539097e-04	0.00000000e+00
24.545          	3.90001341e-01	7.23582268e-06	1.62215066e-05	1.20045475e-04	0.00000000e+00
24.55           	4.02084306e-01	7.24510384e-06	1.62181001e-05	1.32682683e-04	0.00000000e+00
24.555          	2.10508598e-01	7.25387879e-06	1.62136948e-05	1.59971375e-04	0.00000000e+00
24.56           	1.15177786e-01	7.26150728e-06	1.62068170e-05	2.47924022e-04	0.00000000e+00
24.565          	1.33982257e-01	7.26874815e-06	1.61993360e-05	1.34291684e-04	0.00000000e+00
24.57           	1.20891167e-01	7.27808958e-06	1.61965411e-05	1.18504147e-04	0.00000000e+00
24.575          	2.11697533e-01	7.28572125e-06	1.61901415e-05	1.53710608e-04	0.00000000e+00
24.58           	2.43741845e-01	7.29350493e-06	1.61840734e-05	1.68200627e-04	0.00000000e+00
24.585          	1.41396714e-01	7.30134665e-06	1.61779221e-05	1.77710556e-04	0.00000000e+00
24.59           	1.37302830e-01	7.30991741e-06	1.61736648e-05	1.97713549e-04	0.00000000e+00
24.595          	1.84672958e-01	7.31685556e-06	1.61659027e-05	1.64300995e-04	0.00000000e+00
24.6            	1.64486054e-01	7.32476744e-06	1.61605461e-05	2.12884821e-04	0.00000000e+00
24.605          	2.22889040e-01	7.33067777e-06	1.61507901e-05	1.58243922e-04	0.00000000e+00
24.61           	4.17213786e-02	7.33718077e-06	1.61425250e-05	1.59024271e-04	0.00000000e+00
24.615          	1.84070717e-01	7.34586495e-06	1.61388344e-05	1.84118566e-04	0.00000000e+00
24.62           	8.89281187e-02	7.35140048e-06	1.61286616e-05	1.81057696e-04	0.00000000e+00
24.625          	1.15943567e-01	7.35851520e-06	1.61218007e-05	1.80290951e-04	0.00000000e+00
24.63           	1.22861994e-01	7.36525198e-06	1.61142529e-05	2.96840879e-04	0.00000000e+00
24.635          	1.04834475e-01	7.37203809e-06	1.61069642e-05	2.26315456e-04	0.00000000e+00
24.64           	2.47266592e-01	7.37931178e-06	1.61006591e-05	1.69423927e-04	0.00000000e+00
24.645          	1.12896290e-01	7.38483806e-06	1.60909570e-05	1.37583426e-04	0.00000000e+00
24.65           	1.20526908e-01	7.39088687e-06	1.60822329e-05	1.77350984e-04	0.00000000e+00
24.655          	1.82731274e-01	7.39675123e-06	1.60730651e-05	1.08230221e-04	0.00000000e+00
24.66           	1.35720032e-01	7.40263771e-06	1.60643083e-05	1.29629391e-04	0.00000000e+00
24.665          	3.33578341e-01	7.40809367e-06	1.60545889e-05	1.60476754e-04	0.00000000e+00
24.67           	1.76419374e-01	7.41295440e-06	1.60437036e-05	1.34211896e-04	0.00000000e+00
24.675          	6.82824804e-02	7.41798205e-06	1.60333707e-05	1.18994655e-04	0.00000000e+00
24.68           	3.40117566e-01	7.42316395e-06	1.60233815e-05	9.09057885e-05	0.00000000e+00
24.685          	1.14207844e-01	7.42849763e-06	1.60136674e-05	1.15053939e-04	0.00000000e+00
24.69           	2.10651835e-01	7.43533719e-06	1.60072299e-05	1.12378484e-04	0.00000000e+00
24.695          	1.62760569e-01	7.43913579e-06	1.59945309e-05	1.41953750e-04	0.00000000e+00
24.7            	4.43676270e-01	7.44530302e-06	1.59868541e-05	2.45526898e-04	0.00000000e+00
24.705          	4.88245320e-01	7.44953281e-06	1.59751303e-05	1.59204614e-04	0.00000000e+00
24.71           	5.70407575e-01	7.45394400e-06	1.59639176e-05	1.07842658e-04	0.00000000e+00
24.715          	1.74966095e-01	7.45832974e-06	1.59527466e-05	1.46904667e-04	0.00000000e+00
24.72           	1.29755282e-01	7.46251287e-06	1.59415011e-05	1.05228806e-04	0.00000000e+00
24.725          	1.79423431e-01	7.46657272e-06	1.59297363e-05	1.93073113e-04	0.00000000e+00
24.73           	1.60787328e-01	7.47085827e-06	1.59186293e-05	1.50523089e-04	0.00000000e+00
24.735          	8.47903012e-02	7.47569626e-06	1.59086247e-05	1.85168720e-04	0.00000000e+00
24.74           	2.86329125e-01	7.47889237e-06	1.58952639e-05	1.61845444e-04	0.00000000e+00
24.745          	4.22282423e-01	7.48154310e-06	1.58810119e-05	1.95213101e-04	0.00000000e+00
24.75           	7.08633552e-02	7.48631130e-06	1.58712640e-05	1.93333954e-04	0.00000000e+00
24.755          	1.00837665e-01	7.48859140e-06	1.58562914e-05	1.75522939e-04	0.00000000e+00
24.76           	2.94020422e-01	7.49152036e-06	1.58427736e-05	2.69158546e-04	0.00000000e+00
24.765          	1.78204764e-01	7.49522105e-06	1.58309445e-05	2.05605493e-04	0.00000000e+00
24.77           	2.84281453e-01	7.49864303e-06	1.58185050e-05	1.77971492e-04	0.00000000e+00
24.775          	1.51948975e-01	7.50159135e-06	1.58054919e-05	2.80277646e-04	0.00000000e+00
24.78           	1.34281792e-01	7.50441250e-06	1.57921344e-05	2.62974945e-04	0.00000000e+00
24.785          	1.68721008e-01	7.50637948e-06	1.57768734e-05	1.50685540e-04	0.00000000e+00
24.79           	1.52598614e-01	7.50962446e-06	1.57644783e-05	1.51733598e-04	0.00000000e+00
24.795          	1.49793093e-01	7.51138066e-06	1.57490177e-05	1.57795310e-04	0.00000000e+00
24.8            	3.81416219e-01	7.51420348e-06	1.57360293e-05	8.04710593e-05	0.00000000e+00
24.805          	3.94039846e-01	7.51759322e-06	1.57239703e-05	9.02490866e-05	0.00000000e+00
24.81           	7.44792459e-02	7.51813001e-06	1.57063720e-05	7.46375568e-05	0.00000000e+00
24.815          	8.53507897e-02	7.52049586e-06	1.56926031e-05	1.21711603e-04	0.00000000e+00
24.82           	1.43870093e-01	7.52247133e-06	1.56780438e-05	1.32671097e-04	0.00000000e+00
24.825          	7.78233715e-02	7.52350619e-06	1.56614496e-05	9.85219678e-05	0.00000000e+00
24.83           	1.63944774e-01	7.52571255e-06	1.56473262e-05	9.74715430e-05	0.00000000e+00
24.835          	1.16779596e-01	7.52739487e-06	1.56323019e-05	7.91274023e-05	0.00000000e+00
24.84           	1.76491885e-01	7.52973642e-06	1.56187813e-05	1.32909943e-04	0.00000000e+00
24.845          	1.29868241e-01	7.53027722e-06	1.56018347e-05	1.01314117e-04	0.00000000e+00
24.85           	3.19532485e-02	7.53219066e-06	1.55874022e-05	2.02353176e-04	0.00000000e+00
24.855          	3.00118499e-01	7.53170006e-06	1.55682838e-05	9.38236182e-05	0.00000000e+00
24.86           	2.56221723e-01	7.53209015e-06	1.55510363e-05	1.46895059e-04	0.00000000e+00
24.865          	1.31658740e-01	7.53425042e-06	1.55375105e-05	1.11724355e-04	0.00000000e+00
24.87           	1.50136397e-01	7.53379546e-06	1.55186501e-05	1.22596986e-04	0.00000000e+00
24.875          	1.18023737e-01	7.53487582e-06	1.55030564e-05	1.36205461e-04	0.00000000e+00
24.88           	3.09562241e-01	7.53546964e-06	1.54865149e-05	1.20382151e-04	0.00000000e+00
24.885          	2.15830456e-01	7.53554720e-06	1.54689331e-05	1.44162222e-04	0.00000000e+00
24.89           	1.13882627e-01	7.53481679e-06	1.54499301e-05	6.01293199e-05	0.00000000e+00
24.895          	1.40296936e-01	7.53632504e-06	1.54354091e-05	8.55674835e-05	0.00000000e+00
24.9            	2.42793081e-01	7.53674894e-06	1.54187738e-05	1.26491477e-04	0.00000000e+00
24.905          	3.72873466e-01	7.53608596e-06	1.54000208e-05	1.27985923e-04	0.00000000e+00
24.91           	1.64964274e-01	7.53544435e-06	1.53814865e-05	1.28894262e-04	0.00000000e+00
24.915          	2.13395358e-01	7.53502421e-06	1.53631387e-05	8.45782528e-05	0.00000000e+00
24.92           	3.70858653e-01	7.53541621e-06	1.53466938e-05	1.20706529e-04	0.00000000e+00
24.925          	2.28240529e-01	7.53397417e-06	1.53266982e-05	1.23832238e-04	0.00000000e+00
24.93           	4.34154142e-01	7.53387101e-06	1.53094813e-05	1.25102608e-04	0.00000000e+00
24.935          	1.87036448e-01	7.53321900e-06	1.52911836e-05	9.81237491e-05	0.00000000e+00
24.94           	6.35210126e-01	7.53074086e-06	1.52692374e-05	1.13326689e-04	0.00000000e+00
24.945          	2.29786102e-01	7.53090113e-06	1.52526134e-05	1.25983949e-04	0.00000000e+00
24.95           	2.13898774e-01	7.52816497e-06	1.52304716e-05	1.13719564e-04	0.00000000e+00
24.955          	1.30560772e-01	7.52808546e-06	1.52135588e-05	1.32399900e-04	0.00000000e+00
24.96           	2.69147364e-01	7.52549783e-06	1.51916681e-05	7.49859433e-05	0.00000000e+00
24.965          	6.39435134e-02	7.52440156e-06	1.51727482e-05	8.73604368e-05	0.00000000e+00
24.97           	1.80315195e-01	7.52380303e-06	1.51550122e-05	8.97095394e-05	0.00000000e+00
24.975          	1.58868039e-01	7.52127526e-06	1.51335492e-05	1.34776118e-04	0.00000000e+00
24.98           	2.19953868e-01	7.51940534e-06	1.51134786e-05	8.35415985e-05	0.00000000e+00
24.985          	1.11977129e-01	7.51733011e-06	1.50928631e-05	1.10207150e-04	0.00000000e+00
24.99           	1.80435449e-01	7.51591924e-06	1.50738688e-05	1.06022648e-04	0.00000000e+00
24.995          	1.09783567e-01	7.51236711e-06	1.50505821e-05	1.82951425e-04	0.00000000e+00
25              	3.72336413e-01	7.50940545e-06	1.50286467e-05	8.03149694e-05	0.00000000e+00
