ISO-10303-21;
HEADER;
FILE_DESCRIPTION(('Open CASCADE Model'),'2;1');
FILE_NAME('Open CASCADE Shape Model','2026-08-16T16:04:20',('Author'),(
    'Open CASCADE'),'Open CASCADE STEP processor 7.9','build123d',
  'Unknown');
FILE_SCHEMA(('AUTOMOTIVE_DESIGN { 1 0 10303 214 1 1 1 1 }'));
ENDSEC;
DATA;
#1 = APPLICATION_PROTOCOL_DEFINITION('international standard',
  'automotive_design',2000,#2);
#2 = APPLICATION_CONTEXT(
  'core data for automotive mechanical design processes');
#3 = SHAPE_DEFINITION_REPRESENTATION(#4,#10);
#4 = PRODUCT_DEFINITION_SHAPE('','',#5);
#5 = PRODUCT_DEFINITION('design','',#6,#9);
#6 = PRODUCT_DEFINITION_FORMATION('','',#7);
#7 = PRODUCT('SOLID','SOLID','',(#8));
#8 = PRODUCT_CONTEXT('',#2,'mechanical');
#9 = PRODUCT_DEFINITION_CONTEXT('part definition',#2,'design');
#10 = ADVANCED_BREP_SHAPE_REPRESENTATION('',(#11,#15),#3398);
#11 = AXIS2_PLACEMENT_3D('',#12,#13,#14);
#12 = CARTESIAN_POINT('',(0.,0.,0.));
#13 = DIRECTION('',(0.,0.,1.));
#14 = DIRECTION('',(1.,0.,-0.));
#15 = MANIFOLD_SOLID_BREP('',#16);
#16 = CLOSED_SHELL('',(#17,#103,#156,#209,#262,#315,#368,#421,#474,#527,
    #580,#633,#686,#739,#792,#845,#898,#951,#1004,#1057,#1110,#1163,
    #1216,#1269,#1322,#1375,#1428,#1481,#1534,#1587,#1640,#1693,#1746,
    #1799,#1852,#1905,#1958,#2011,#2064,#2117,#2170,#2223,#2276,#2329,
    #2382,#2435,#2488,#2541,#2594,#2647,#2700,#2753,#2806,#2859,#2912,
    #2965,#3018,#3071,#3124,#3177,#3230,#3283,#3336,#3390,#3394));
#17 = ADVANCED_FACE('',(#18),#32,.T.);
#18 = FACE_BOUND('',#19,.T.);
#19 = EDGE_LOOP('',(#20,#49,#75,#76));
#20 = ORIENTED_EDGE('',*,*,#21,.T.);
#21 = EDGE_CURVE('',#22,#24,#26,.T.);
#22 = VERTEX_POINT('',#23);
#23 = CARTESIAN_POINT('',(0.283555122702,0.316853886825,
    4.320795464531E-02));
#24 = VERTEX_POINT('',#25);
#25 = CARTESIAN_POINT('',(0.28290180239,0.314947240096,4.33279535772E-02
    ));
#26 = SEAM_CURVE('',#27,(#31,#42),.PCURVE_S1.);
#27 = LINE('',#28,#29);
#28 = CARTESIAN_POINT('',(0.283555122702,0.316853886825,
    4.320795464531E-02));
#29 = VECTOR('',#30,1.);
#30 = DIRECTION('',(-0.323579423708,-0.944332569835,5.943361086742E-02)
  );
#31 = PCURVE('',#32,#37);
#32 = CYLINDRICAL_SURFACE('',#33,3.E-03);
#33 = AXIS2_PLACEMENT_3D('',#34,#35,#36);
#34 = CARTESIAN_POINT('',(0.280851612192,0.317719160266,
    4.223721637419E-02));
#35 = DIRECTION('',(-0.323579423708,-0.944332569835,5.943361086742E-02)
  );
#36 = DIRECTION('',(0.901170170199,-0.288424480404,0.323579423708));
#37 = DEFINITIONAL_REPRESENTATION('',(#38),#41);
#38 = B_SPLINE_CURVE_WITH_KNOTS('',1,(#39,#40),.UNSPECIFIED.,.F.,.F.,(2,
    2),(0.,2.019041584945E-03),.PIECEWISE_BEZIER_KNOTS.);
#39 = CARTESIAN_POINT('',(6.28318530718,0.));
#40 = CARTESIAN_POINT('',(6.28318530718,2.019041584945E-03));
#41 = ( GEOMETRIC_REPRESENTATION_CONTEXT(2) 
PARAMETRIC_REPRESENTATION_CONTEXT() REPRESENTATION_CONTEXT('2D SPACE',''
  ) );
#42 = PCURVE('',#32,#43);
#43 = DEFINITIONAL_REPRESENTATION('',(#44),#48);
#44 = LINE('',#45,#46);
#45 = CARTESIAN_POINT('',(0.,0.));
#46 = VECTOR('',#47,1.);
#47 = DIRECTION('',(0.,1.));
#48 = ( GEOMETRIC_REPRESENTATION_CONTEXT(2) 
PARAMETRIC_REPRESENTATION_CONTEXT() REPRESENTATION_CONTEXT('2D SPACE',''
  ) );
#49 = ORIENTED_EDGE('',*,*,#50,.F.);
#50 = EDGE_CURVE('',#24,#24,#51,.T.);
#51 = SURFACE_CURVE('',#52,(#57,#64),.PCURVE_S1.);
#52 = CIRCLE('',#53,3.E-03);
#53 = AXIS2_PLACEMENT_3D('',#54,#55,#56);
#54 = CARTESIAN_POINT('',(0.280198291879,0.315812513537,
    4.235721530607E-02));
#55 = DIRECTION('',(-0.323579423708,-0.944332569835,5.943361086742E-02)
  );
#56 = DIRECTION('',(0.901170170199,-0.288424480404,0.323579423708));
#57 = PCURVE('',#32,#58);
#58 = DEFINITIONAL_REPRESENTATION('',(#59),#63);
#59 = LINE('',#60,#61);
#60 = CARTESIAN_POINT('',(0.,2.019041584945E-03));
#61 = VECTOR('',#62,1.);
#62 = DIRECTION('',(1.,0.));
#63 = ( GEOMETRIC_REPRESENTATION_CONTEXT(2) 
PARAMETRIC_REPRESENTATION_CONTEXT() REPRESENTATION_CONTEXT('2D SPACE',''
  ) );
#64 = PCURVE('',#65,#70);
#65 = CYLINDRICAL_SURFACE('',#66,3.E-03);
#66 = AXIS2_PLACEMENT_3D('',#67,#68,#69);
#67 = CARTESIAN_POINT('',(0.280198291879,0.315812513537,
    4.235721530607E-02));
#68 = DIRECTION('',(-0.323588300884,-0.944329481183,5.943435453094E-02)
  );
#69 = DIRECTION('',(0.901167371176,-0.288432648916,0.323579937831));
#70 = DEFINITIONAL_REPRESENTATION('',(#71),#74);
#71 = B_SPLINE_CURVE_WITH_KNOTS('',1,(#72,#73),.UNSPECIFIED.,.F.,.F.,(2,
    2),(0.,6.28318530718),.PIECEWISE_BEZIER_KNOTS.);
#72 = CARTESIAN_POINT('',(0.,0.));
#73 = CARTESIAN_POINT('',(6.28318530718,0.));
#74 = ( GEOMETRIC_REPRESENTATION_CONTEXT(2) 
PARAMETRIC_REPRESENTATION_CONTEXT() REPRESENTATION_CONTEXT('2D SPACE',''
  ) );
#75 = ORIENTED_EDGE('',*,*,#21,.F.);
#76 = ORIENTED_EDGE('',*,*,#77,.T.);
#77 = EDGE_CURVE('',#22,#22,#78,.T.);
#78 = SURFACE_CURVE('',#79,(#84,#91),.PCURVE_S1.);
#79 = CIRCLE('',#80,3.E-03);
#80 = AXIS2_PLACEMENT_3D('',#81,#82,#83);
#81 = CARTESIAN_POINT('',(0.280851612192,0.317719160266,
    4.223721637419E-02));
#82 = DIRECTION('',(-0.323579423708,-0.944332569835,5.943361086742E-02)
  );
#83 = DIRECTION('',(0.901170170199,-0.288424480404,0.323579423708));
#84 = PCURVE('',#32,#85);
#85 = DEFINITIONAL_REPRESENTATION('',(#86),#90);
#86 = LINE('',#87,#88);
#87 = CARTESIAN_POINT('',(0.,0.));
#88 = VECTOR('',#89,1.);
#89 = DIRECTION('',(1.,0.));
#90 = ( GEOMETRIC_REPRESENTATION_CONTEXT(2) 
PARAMETRIC_REPRESENTATION_CONTEXT() REPRESENTATION_CONTEXT('2D SPACE',''
  ) );
#91 = PCURVE('',#92,#97);
#92 = PLANE('',#93);
#93 = AXIS2_PLACEMENT_3D('',#94,#95,#96);
#94 = CARTESIAN_POINT('',(0.280851612192,0.317719160266,
    4.223721637419E-02));
#95 = DIRECTION('',(-0.323579423708,-0.944332569835,5.943361086742E-02)
  );
#96 = DIRECTION('',(-0.946004859995,0.324152440783,3.469446951954E-18));
#97 = DEFINITIONAL_REPRESENTATION('',(#98),#102);
#98 = CIRCLE('',#99,3.E-03);
#99 = AXIS2_PLACEMENT_2D('',#100,#101);
#100 = CARTESIAN_POINT('',(-2.407412430484E-35,6.926627747054E-18));
#101 = DIRECTION('',(-0.946004859995,-0.324152440783));
#102 = ( GEOMETRIC_REPRESENTATION_CONTEXT(2) 
PARAMETRIC_REPRESENTATION_CONTEXT() REPRESENTATION_CONTEXT('2D SPACE',''
  ) );
#103 = ADVANCED_FACE('',(#104),#65,.T.);
#104 = FACE_BOUND('',#105,.T.);
#105 = EDGE_LOOP('',(#106,#128,#154,#155));
#106 = ORIENTED_EDGE('',*,*,#107,.T.);
#107 = EDGE_CURVE('',#24,#108,#110,.T.);
#108 = VERTEX_POINT('',#109);
#109 = CARTESIAN_POINT('',(0.28224845156,0.31304056285,
    4.344795632378E-02));
#110 = SEAM_CURVE('',#111,(#115,#121),.PCURVE_S1.);
#111 = LINE('',#112,#113);
#112 = CARTESIAN_POINT('',(0.282901793993,0.314947215591,
    4.332795511957E-02));
#113 = VECTOR('',#114,1.);
#114 = DIRECTION('',(-0.323588300884,-0.944329481183,5.943435453094E-02)
  );
#115 = PCURVE('',#65,#116);
#116 = DEFINITIONAL_REPRESENTATION('',(#117),#120);
#117 = B_SPLINE_CURVE_WITH_KNOTS('',1,(#118,#119),.UNSPECIFIED.,.F.,.F.,
  (2,2),(0.,2.019080505359E-03),.PIECEWISE_BEZIER_KNOTS.);
#118 = CARTESIAN_POINT('',(6.28318530718,0.));
#119 = CARTESIAN_POINT('',(6.28318530718,2.019080505359E-03));
#120 = ( GEOMETRIC_REPRESENTATION_CONTEXT(2) 
PARAMETRIC_REPRESENTATION_CONTEXT() REPRESENTATION_CONTEXT('2D SPACE',''
  ) );
#121 = PCURVE('',#65,#122);
#122 = DEFINITIONAL_REPRESENTATION('',(#123),#127);
#123 = LINE('',#124,#125);
#124 = CARTESIAN_POINT('',(0.,0.));
#125 = VECTOR('',#126,1.);
#126 = DIRECTION('',(0.,1.));
#127 = ( GEOMETRIC_REPRESENTATION_CONTEXT(2) 
PARAMETRIC_REPRESENTATION_CONTEXT() REPRESENTATION_CONTEXT('2D SPACE',''
  ) );
#128 = ORIENTED_EDGE('',*,*,#129,.F.);
#129 = EDGE_CURVE('',#108,#108,#130,.T.);
#130 = SURFACE_CURVE('',#131,(#136,#143),.PCURVE_S1.);
#131 = CIRCLE('',#132,3.E-03);
#132 = AXIS2_PLACEMENT_3D('',#133,#134,#135);
#133 = CARTESIAN_POINT('',(0.279544941049,0.313905836291,
    4.247721805266E-02));
#134 = DIRECTION('',(-0.323588300884,-0.944329481183,5.943435453094E-02)
  );
#135 = DIRECTION('',(0.901167371176,-0.288432648916,0.323579937831));
#136 = PCURVE('',#65,#137);
#137 = DEFINITIONAL_REPRESENTATION('',(#138),#142);
#138 = LINE('',#139,#140);
#139 = CARTESIAN_POINT('',(0.,2.019080505359E-03));
#140 = VECTOR('',#141,1.);
#141 = DIRECTION('',(1.,0.));
#142 = ( GEOMETRIC_REPRESENTATION_CONTEXT(2) 
PARAMETRIC_REPRESENTATION_CONTEXT() REPRESENTATION_CONTEXT('2D SPACE',''
  ) );
#143 = PCURVE('',#144,#149);
#144 = CYLINDRICAL_SURFACE('',#145,3.E-03);
#145 = AXIS2_PLACEMENT_3D('',#146,#147,#148);
#146 = CARTESIAN_POINT('',(0.279544941049,0.313905836291,
    4.247721805266E-02));
#147 = DIRECTION('',(-0.323579423708,-0.944332569835,5.943361086742E-02)
  );
#148 = DIRECTION('',(0.901170170199,-0.288424480404,0.323579423708));
#149 = DEFINITIONAL_REPRESENTATION('',(#150),#153);
#150 = B_SPLINE_CURVE_WITH_KNOTS('',1,(#151,#152),.UNSPECIFIED.,.F.,.F.,
  (2,2),(0.,6.28318530718),.PIECEWISE_BEZIER_KNOTS.);
#151 = CARTESIAN_POINT('',(0.,0.));
#152 = CARTESIAN_POINT('',(6.28318530718,0.));
#153 = ( GEOMETRIC_REPRESENTATION_CONTEXT(2) 
PARAMETRIC_REPRESENTATION_CONTEXT() REPRESENTATION_CONTEXT('2D SPACE',''
  ) );
#154 = ORIENTED_EDGE('',*,*,#107,.F.);
#155 = ORIENTED_EDGE('',*,*,#50,.T.);
#156 = ADVANCED_FACE('',(#157),#144,.T.);
#157 = FACE_BOUND('',#158,.T.);
#158 = EDGE_LOOP('',(#159,#181,#207,#208));
#159 = ORIENTED_EDGE('',*,*,#160,.T.);
#160 = EDGE_CURVE('',#108,#161,#163,.T.);
#161 = VERTEX_POINT('',#162);
#162 = CARTESIAN_POINT('',(0.281595131247,0.311133916122,
    4.356795525567E-02));
#163 = SEAM_CURVE('',#164,(#168,#174),.PCURVE_S1.);
#164 = LINE('',#165,#166);
#165 = CARTESIAN_POINT('',(0.28224845156,0.31304056285,
    4.344795632378E-02));
#166 = VECTOR('',#167,1.);
#167 = DIRECTION('',(-0.323579423708,-0.944332569835,5.943361086742E-02)
  );
#168 = PCURVE('',#144,#169);
#169 = DEFINITIONAL_REPRESENTATION('',(#170),#173);
#170 = B_SPLINE_CURVE_WITH_KNOTS('',1,(#171,#172),.UNSPECIFIED.,.F.,.F.,
  (2,2),(0.,2.019041584945E-03),.PIECEWISE_BEZIER_KNOTS.);
#171 = CARTESIAN_POINT('',(6.28318530718,0.));
#172 = CARTESIAN_POINT('',(6.28318530718,2.019041584945E-03));
#173 = ( GEOMETRIC_REPRESENTATION_CONTEXT(2) 
PARAMETRIC_REPRESENTATION_CONTEXT() REPRESENTATION_CONTEXT('2D SPACE',''
  ) );
#174 = PCURVE('',#144,#175);
#175 = DEFINITIONAL_REPRESENTATION('',(#176),#180);
#176 = LINE('',#177,#178);
#177 = CARTESIAN_POINT('',(0.,0.));
#178 = VECTOR('',#179,1.);
#179 = DIRECTION('',(0.,1.));
#180 = ( GEOMETRIC_REPRESENTATION_CONTEXT(2) 
PARAMETRIC_REPRESENTATION_CONTEXT() REPRESENTATION_CONTEXT('2D SPACE',''
  ) );
#181 = ORIENTED_EDGE('',*,*,#182,.F.);
#182 = EDGE_CURVE('',#161,#161,#183,.T.);
#183 = SURFACE_CURVE('',#184,(#189,#196),.PCURVE_S1.);
#184 = CIRCLE('',#185,3.E-03);
#185 = AXIS2_PLACEMENT_3D('',#186,#187,#188);
#186 = CARTESIAN_POINT('',(0.278891620737,0.311999189563,
    4.259721698454E-02));
#187 = DIRECTION('',(-0.323579423708,-0.944332569835,5.943361086742E-02)
  );
#188 = DIRECTION('',(0.901170170199,-0.288424480404,0.323579423708));
#189 = PCURVE('',#144,#190);
#190 = DEFINITIONAL_REPRESENTATION('',(#191),#195);
#191 = LINE('',#192,#193);
#192 = CARTESIAN_POINT('',(0.,2.019041584945E-03));
#193 = VECTOR('',#194,1.);
#194 = DIRECTION('',(1.,0.));
#195 = ( GEOMETRIC_REPRESENTATION_CONTEXT(2) 
PARAMETRIC_REPRESENTATION_CONTEXT() REPRESENTATION_CONTEXT('2D SPACE',''
  ) );
#196 = PCURVE('',#197,#202);
#197 = CYLINDRICAL_SURFACE('',#198,3.E-03);
#198 = AXIS2_PLACEMENT_3D('',#199,#200,#201);
#199 = CARTESIAN_POINT('',(0.278891620737,0.311999189563,
    4.259721698454E-02));
#200 = DIRECTION('',(-0.32358833722,-0.944329587221,5.943247188054E-02)
  );
#201 = DIRECTION('',(0.901167173356,-0.288433226232,0.32357997415));
#202 = DEFINITIONAL_REPRESENTATION('',(#203),#206);
#203 = B_SPLINE_CURVE_WITH_KNOTS('',1,(#204,#205),.UNSPECIFIED.,.F.,.F.,
  (2,2),(0.,6.28318530718),.PIECEWISE_BEZIER_KNOTS.);
#204 = CARTESIAN_POINT('',(0.,0.));
#205 = CARTESIAN_POINT('',(6.28318530718,0.));
#206 = ( GEOMETRIC_REPRESENTATION_CONTEXT(2) 
PARAMETRIC_REPRESENTATION_CONTEXT() REPRESENTATION_CONTEXT('2D SPACE',''
  ) );
#207 = ORIENTED_EDGE('',*,*,#160,.F.);
#208 = ORIENTED_EDGE('',*,*,#129,.T.);
#209 = ADVANCED_FACE('',(#210),#197,.T.);
#210 = FACE_BOUND('',#211,.T.);
#211 = EDGE_LOOP('',(#212,#234,#260,#261));
#212 = ORIENTED_EDGE('',*,*,#213,.T.);
#213 = EDGE_CURVE('',#161,#214,#216,.T.);
#214 = VERTEX_POINT('',#215);
#215 = CARTESIAN_POINT('',(0.280941780417,0.309227238875,
    4.368795418755E-02));
#216 = SEAM_CURVE('',#217,(#221,#227),.PCURVE_S1.);
#217 = LINE('',#218,#219);
#218 = CARTESIAN_POINT('',(0.281595122257,0.311133889884,
    4.356795690699E-02));
#219 = VECTOR('',#220,1.);
#220 = DIRECTION('',(-0.32358833722,-0.944329587221,5.943247188054E-02)
  );
#221 = PCURVE('',#197,#222);
#222 = DEFINITIONAL_REPRESENTATION('',(#223),#226);
#223 = B_SPLINE_CURVE_WITH_KNOTS('',1,(#224,#225),.UNSPECIFIED.,.F.,.F.,
  (2,2),(0.,2.019080278639E-03),.PIECEWISE_BEZIER_KNOTS.);
#224 = CARTESIAN_POINT('',(6.28318530718,0.));
#225 = CARTESIAN_POINT('',(6.28318530718,2.019080278639E-03));
#226 = ( GEOMETRIC_REPRESENTATION_CONTEXT(2) 
PARAMETRIC_REPRESENTATION_CONTEXT() REPRESENTATION_CONTEXT('2D SPACE',''
  ) );
#227 = PCURVE('',#197,#228);
#228 = DEFINITIONAL_REPRESENTATION('',(#229),#233);
#229 = LINE('',#230,#231);
#230 = CARTESIAN_POINT('',(0.,0.));
#231 = VECTOR('',#232,1.);
#232 = DIRECTION('',(0.,1.));
#233 = ( GEOMETRIC_REPRESENTATION_CONTEXT(2) 
PARAMETRIC_REPRESENTATION_CONTEXT() REPRESENTATION_CONTEXT('2D SPACE',''
  ) );
#234 = ORIENTED_EDGE('',*,*,#235,.F.);
#235 = EDGE_CURVE('',#214,#214,#236,.T.);
#236 = SURFACE_CURVE('',#237,(#242,#249),.PCURVE_S1.);
#237 = CIRCLE('',#238,3.E-03);
#238 = AXIS2_PLACEMENT_3D('',#239,#240,#241);
#239 = CARTESIAN_POINT('',(0.278238269907,0.310092512317,
    4.271721591642E-02));
#240 = DIRECTION('',(-0.32358833722,-0.944329587221,5.943247188054E-02)
  );
#241 = DIRECTION('',(0.901167173356,-0.288433226232,0.32357997415));
#242 = PCURVE('',#197,#243);
#243 = DEFINITIONAL_REPRESENTATION('',(#244),#248);
#244 = LINE('',#245,#246);
#245 = CARTESIAN_POINT('',(0.,2.019080278639E-03));
#246 = VECTOR('',#247,1.);
#247 = DIRECTION('',(1.,0.));
#248 = ( GEOMETRIC_REPRESENTATION_CONTEXT(2) 
PARAMETRIC_REPRESENTATION_CONTEXT() REPRESENTATION_CONTEXT('2D SPACE',''
  ) );
#249 = PCURVE('',#250,#255);
#250 = CYLINDRICAL_SURFACE('',#251,3.E-03);
#251 = AXIS2_PLACEMENT_3D('',#252,#253,#254);
#252 = CARTESIAN_POINT('',(0.278238269907,0.310092512317,
    4.271721591642E-02));
#253 = DIRECTION('',(-0.323579423708,-0.944332569835,5.943361086742E-02)
  );
#254 = DIRECTION('',(0.901170170199,-0.288424480404,0.323579423708));
#255 = DEFINITIONAL_REPRESENTATION('',(#256),#259);
#256 = B_SPLINE_CURVE_WITH_KNOTS('',1,(#257,#258),.UNSPECIFIED.,.F.,.F.,
  (2,2),(0.,6.28318530718),.PIECEWISE_BEZIER_KNOTS.);
#257 = CARTESIAN_POINT('',(0.,0.));
#258 = CARTESIAN_POINT('',(6.28318530718,0.));
#259 = ( GEOMETRIC_REPRESENTATION_CONTEXT(2) 
PARAMETRIC_REPRESENTATION_CONTEXT() REPRESENTATION_CONTEXT('2D SPACE',''
  ) );
#260 = ORIENTED_EDGE('',*,*,#213,.F.);
#261 = ORIENTED_EDGE('',*,*,#182,.T.);
#262 = ADVANCED_FACE('',(#263),#250,.T.);
#263 = FACE_BOUND('',#264,.T.);
#264 = EDGE_LOOP('',(#265,#287,#313,#314));
#265 = ORIENTED_EDGE('',*,*,#266,.T.);
#266 = EDGE_CURVE('',#214,#267,#269,.T.);
#267 = VERTEX_POINT('',#268);
#268 = CARTESIAN_POINT('',(0.280288460105,0.307320592147,
    4.380795311944E-02));
#269 = SEAM_CURVE('',#270,(#274,#280),.PCURVE_S1.);
#270 = LINE('',#271,#272);
#271 = CARTESIAN_POINT('',(0.280941780417,0.309227238875,
    4.368795418755E-02));
#272 = VECTOR('',#273,1.);
#273 = DIRECTION('',(-0.323579423708,-0.944332569835,5.943361086742E-02)
  );
#274 = PCURVE('',#250,#275);
#275 = DEFINITIONAL_REPRESENTATION('',(#276),#279);
#276 = B_SPLINE_CURVE_WITH_KNOTS('',1,(#277,#278),.UNSPECIFIED.,.F.,.F.,
  (2,2),(0.,2.019041584945E-03),.PIECEWISE_BEZIER_KNOTS.);
#277 = CARTESIAN_POINT('',(6.28318530718,0.));
#278 = CARTESIAN_POINT('',(6.28318530718,2.019041584945E-03));
#279 = ( GEOMETRIC_REPRESENTATION_CONTEXT(2) 
PARAMETRIC_REPRESENTATION_CONTEXT() REPRESENTATION_CONTEXT('2D SPACE',''
  ) );
#280 = PCURVE('',#250,#281);
#281 = DEFINITIONAL_REPRESENTATION('',(#282),#286);
#282 = LINE('',#283,#284);
#283 = CARTESIAN_POINT('',(0.,0.));
#284 = VECTOR('',#285,1.);
#285 = DIRECTION('',(0.,1.));
#286 = ( GEOMETRIC_REPRESENTATION_CONTEXT(2) 
PARAMETRIC_REPRESENTATION_CONTEXT() REPRESENTATION_CONTEXT('2D SPACE',''
  ) );
#287 = ORIENTED_EDGE('',*,*,#288,.F.);
#288 = EDGE_CURVE('',#267,#267,#289,.T.);
#289 = SURFACE_CURVE('',#290,(#295,#302),.PCURVE_S1.);
#290 = CIRCLE('',#291,3.E-03);
#291 = AXIS2_PLACEMENT_3D('',#292,#293,#294);
#292 = CARTESIAN_POINT('',(0.277584949594,0.308185865588,
    4.283721484831E-02));
#293 = DIRECTION('',(-0.323579423708,-0.944332569835,5.943361086742E-02)
  );
#294 = DIRECTION('',(0.901170170199,-0.288424480404,0.323579423708));
#295 = PCURVE('',#250,#296);
#296 = DEFINITIONAL_REPRESENTATION('',(#297),#301);
#297 = LINE('',#298,#299);
#298 = CARTESIAN_POINT('',(0.,2.019041584945E-03));
#299 = VECTOR('',#300,1.);
#300 = DIRECTION('',(1.,0.));
#301 = ( GEOMETRIC_REPRESENTATION_CONTEXT(2) 
PARAMETRIC_REPRESENTATION_CONTEXT() REPRESENTATION_CONTEXT('2D SPACE',''
  ) );
#302 = PCURVE('',#303,#308);
#303 = CYLINDRICAL_SURFACE('',#304,3.E-03);
#304 = AXIS2_PLACEMENT_3D('',#305,#306,#307);
#305 = CARTESIAN_POINT('',(0.277584949594,0.308185865588,
    4.283721484831E-02));
#306 = DIRECTION('',(-0.323588300884,-0.944329481183,5.943435453093E-02)
  );
#307 = DIRECTION('',(0.901167371176,-0.288432648916,0.323579937831));
#308 = DEFINITIONAL_REPRESENTATION('',(#309),#312);
#309 = B_SPLINE_CURVE_WITH_KNOTS('',1,(#310,#311),.UNSPECIFIED.,.F.,.F.,
  (2,2),(0.,6.28318530718),.PIECEWISE_BEZIER_KNOTS.);
#310 = CARTESIAN_POINT('',(0.,0.));
#311 = CARTESIAN_POINT('',(6.28318530718,0.));
#312 = ( GEOMETRIC_REPRESENTATION_CONTEXT(2) 
PARAMETRIC_REPRESENTATION_CONTEXT() REPRESENTATION_CONTEXT('2D SPACE',''
  ) );
#313 = ORIENTED_EDGE('',*,*,#266,.F.);
#314 = ORIENTED_EDGE('',*,*,#235,.T.);
#315 = ADVANCED_FACE('',(#316),#303,.T.);
#316 = FACE_BOUND('',#317,.T.);
#317 = EDGE_LOOP('',(#318,#340,#366,#367));
#318 = ORIENTED_EDGE('',*,*,#319,.T.);
#319 = EDGE_CURVE('',#267,#320,#322,.T.);
#320 = VERTEX_POINT('',#321);
#321 = CARTESIAN_POINT('',(0.279635109275,0.305413914901,
    4.392795586602E-02));
#322 = SEAM_CURVE('',#323,(#327,#333),.PCURVE_S1.);
#323 = LINE('',#324,#325);
#324 = CARTESIAN_POINT('',(0.280288451708,0.307320567641,
    4.38079546618E-02));
#325 = VECTOR('',#326,1.);
#326 = DIRECTION('',(-0.323588300884,-0.944329481183,5.943435453093E-02)
  );
#327 = PCURVE('',#303,#328);
#328 = DEFINITIONAL_REPRESENTATION('',(#329),#332);
#329 = B_SPLINE_CURVE_WITH_KNOTS('',1,(#330,#331),.UNSPECIFIED.,.F.,.F.,
  (2,2),(0.,2.019080505359E-03),.PIECEWISE_BEZIER_KNOTS.);
#330 = CARTESIAN_POINT('',(6.28318530718,0.));
#331 = CARTESIAN_POINT('',(6.28318530718,2.019080505359E-03));
#332 = ( GEOMETRIC_REPRESENTATION_CONTEXT(2) 
PARAMETRIC_REPRESENTATION_CONTEXT() REPRESENTATION_CONTEXT('2D SPACE',''
  ) );
#333 = PCURVE('',#303,#334);
#334 = DEFINITIONAL_REPRESENTATION('',(#335),#339);
#335 = LINE('',#336,#337);
#336 = CARTESIAN_POINT('',(0.,0.));
#337 = VECTOR('',#338,1.);
#338 = DIRECTION('',(0.,1.));
#339 = ( GEOMETRIC_REPRESENTATION_CONTEXT(2) 
PARAMETRIC_REPRESENTATION_CONTEXT() REPRESENTATION_CONTEXT('2D SPACE',''
  ) );
#340 = ORIENTED_EDGE('',*,*,#341,.F.);
#341 = EDGE_CURVE('',#320,#320,#342,.T.);
#342 = SURFACE_CURVE('',#343,(#348,#355),.PCURVE_S1.);
#343 = CIRCLE('',#344,3.E-03);
#344 = AXIS2_PLACEMENT_3D('',#345,#346,#347);
#345 = CARTESIAN_POINT('',(0.276931598764,0.306279188342,
    4.295721759489E-02));
#346 = DIRECTION('',(-0.323588300884,-0.944329481183,5.943435453093E-02)
  );
#347 = DIRECTION('',(0.901167371176,-0.288432648916,0.323579937831));
#348 = PCURVE('',#303,#349);
#349 = DEFINITIONAL_REPRESENTATION('',(#350),#354);
#350 = LINE('',#351,#352);
#351 = CARTESIAN_POINT('',(0.,2.019080505359E-03));
#352 = VECTOR('',#353,1.);
#353 = DIRECTION('',(1.,0.));
#354 = ( GEOMETRIC_REPRESENTATION_CONTEXT(2) 
PARAMETRIC_REPRESENTATION_CONTEXT() REPRESENTATION_CONTEXT('2D SPACE',''
  ) );
#355 = PCURVE('',#356,#361);
#356 = CYLINDRICAL_SURFACE('',#357,3.E-03);
#357 = AXIS2_PLACEMENT_3D('',#358,#359,#360);
#358 = CARTESIAN_POINT('',(0.276931598764,0.306279188342,
    4.295721759489E-02));
#359 = DIRECTION('',(-0.323579423708,-0.944332569835,5.943361086742E-02)
  );
#360 = DIRECTION('',(0.901170170199,-0.288424480404,0.323579423708));
#361 = DEFINITIONAL_REPRESENTATION('',(#362),#365);
#362 = B_SPLINE_CURVE_WITH_KNOTS('',1,(#363,#364),.UNSPECIFIED.,.F.,.F.,
  (2,2),(0.,6.28318530718),.PIECEWISE_BEZIER_KNOTS.);
#363 = CARTESIAN_POINT('',(0.,0.));
#364 = CARTESIAN_POINT('',(6.28318530718,0.));
#365 = ( GEOMETRIC_REPRESENTATION_CONTEXT(2) 
PARAMETRIC_REPRESENTATION_CONTEXT() REPRESENTATION_CONTEXT('2D SPACE',''
  ) );
#366 = ORIENTED_EDGE('',*,*,#319,.F.);
#367 = ORIENTED_EDGE('',*,*,#288,.T.);
#368 = ADVANCED_FACE('',(#369),#356,.T.);
#369 = FACE_BOUND('',#370,.T.);
#370 = EDGE_LOOP('',(#371,#393,#419,#420));
#371 = ORIENTED_EDGE('',*,*,#372,.T.);
#372 = EDGE_CURVE('',#320,#373,#375,.T.);
#373 = VERTEX_POINT('',#374);
#374 = CARTESIAN_POINT('',(0.27832846865,0.301600621444,
    4.416795372979E-02));
#375 = SEAM_CURVE('',#376,(#380,#386),.PCURVE_S1.);
#376 = LINE('',#377,#378);
#377 = CARTESIAN_POINT('',(0.279635109275,0.305413914901,
    4.392795586602E-02));
#378 = VECTOR('',#379,1.);
#379 = DIRECTION('',(-0.323579423708,-0.944332569835,5.943361086742E-02)
  );
#380 = PCURVE('',#356,#381);
#381 = DEFINITIONAL_REPRESENTATION('',(#382),#385);
#382 = B_SPLINE_CURVE_WITH_KNOTS('',1,(#383,#384),.UNSPECIFIED.,.F.,.F.,
  (2,2),(0.,4.03808316989E-03),.PIECEWISE_BEZIER_KNOTS.);
#383 = CARTESIAN_POINT('',(6.28318530718,0.));
#384 = CARTESIAN_POINT('',(6.28318530718,4.03808316989E-03));
#385 = ( GEOMETRIC_REPRESENTATION_CONTEXT(2) 
PARAMETRIC_REPRESENTATION_CONTEXT() REPRESENTATION_CONTEXT('2D SPACE',''
  ) );
#386 = PCURVE('',#356,#387);
#387 = DEFINITIONAL_REPRESENTATION('',(#388),#392);
#388 = LINE('',#389,#390);
#389 = CARTESIAN_POINT('',(0.,0.));
#390 = VECTOR('',#391,1.);
#391 = DIRECTION('',(0.,1.));
#392 = ( GEOMETRIC_REPRESENTATION_CONTEXT(2) 
PARAMETRIC_REPRESENTATION_CONTEXT() REPRESENTATION_CONTEXT('2D SPACE',''
  ) );
#393 = ORIENTED_EDGE('',*,*,#394,.F.);
#394 = EDGE_CURVE('',#373,#373,#395,.T.);
#395 = SURFACE_CURVE('',#396,(#401,#408),.PCURVE_S1.);
#396 = CIRCLE('',#397,3.E-03);
#397 = AXIS2_PLACEMENT_3D('',#398,#399,#400);
#398 = CARTESIAN_POINT('',(0.275624958139,0.302465894885,
    4.319721545866E-02));
#399 = DIRECTION('',(-0.323579423708,-0.944332569835,5.943361086742E-02)
  );
#400 = DIRECTION('',(0.901170170199,-0.288424480404,0.323579423708));
#401 = PCURVE('',#356,#402);
#402 = DEFINITIONAL_REPRESENTATION('',(#403),#407);
#403 = LINE('',#404,#405);
#404 = CARTESIAN_POINT('',(0.,4.03808316989E-03));
#405 = VECTOR('',#406,1.);
#406 = DIRECTION('',(1.,0.));
#407 = ( GEOMETRIC_REPRESENTATION_CONTEXT(2) 
PARAMETRIC_REPRESENTATION_CONTEXT() REPRESENTATION_CONTEXT('2D SPACE',''
  ) );
#408 = PCURVE('',#409,#414);
#409 = CYLINDRICAL_SURFACE('',#410,3.E-03);
#410 = AXIS2_PLACEMENT_3D('',#411,#412,#413);
#411 = CARTESIAN_POINT('',(0.275624958139,0.302465894885,
    4.319721545866E-02));
#412 = DIRECTION('',(-0.323588300884,-0.944329481183,5.943435453093E-02)
  );
#413 = DIRECTION('',(0.901167371176,-0.288432648916,0.323579937831));
#414 = DEFINITIONAL_REPRESENTATION('',(#415),#418);
#415 = B_SPLINE_CURVE_WITH_KNOTS('',1,(#416,#417),.UNSPECIFIED.,.F.,.F.,
  (2,2),(0.,6.28318530718),.PIECEWISE_BEZIER_KNOTS.);
#416 = CARTESIAN_POINT('',(0.,0.));
#417 = CARTESIAN_POINT('',(6.28318530718,0.));
#418 = ( GEOMETRIC_REPRESENTATION_CONTEXT(2) 
PARAMETRIC_REPRESENTATION_CONTEXT() REPRESENTATION_CONTEXT('2D SPACE',''
  ) );
#419 = ORIENTED_EDGE('',*,*,#372,.F.);
#420 = ORIENTED_EDGE('',*,*,#341,.T.);
#421 = ADVANCED_FACE('',(#422),#409,.T.);
#422 = FACE_BOUND('',#423,.T.);
#423 = EDGE_LOOP('',(#424,#446,#472,#473));
#424 = ORIENTED_EDGE('',*,*,#425,.T.);
#425 = EDGE_CURVE('',#373,#426,#428,.T.);
#426 = VERTEX_POINT('',#427);
#427 = CARTESIAN_POINT('',(0.27767511782,0.299693944198,
    4.428795647637E-02));
#428 = SEAM_CURVE('',#429,(#433,#439),.PCURVE_S1.);
#429 = LINE('',#430,#431);
#430 = CARTESIAN_POINT('',(0.278328460253,0.301600596938,
    4.416795527215E-02));
#431 = VECTOR('',#432,1.);
#432 = DIRECTION('',(-0.323588300884,-0.944329481183,5.943435453093E-02)
  );
#433 = PCURVE('',#409,#434);
#434 = DEFINITIONAL_REPRESENTATION('',(#435),#438);
#435 = B_SPLINE_CURVE_WITH_KNOTS('',1,(#436,#437),.UNSPECIFIED.,.F.,.F.,
  (2,2),(0.,2.019080505359E-03),.PIECEWISE_BEZIER_KNOTS.);
#436 = CARTESIAN_POINT('',(6.28318530718,0.));
#437 = CARTESIAN_POINT('',(6.28318530718,2.019080505359E-03));
#438 = ( GEOMETRIC_REPRESENTATION_CONTEXT(2) 
PARAMETRIC_REPRESENTATION_CONTEXT() REPRESENTATION_CONTEXT('2D SPACE',''
  ) );
#439 = PCURVE('',#409,#440);
#440 = DEFINITIONAL_REPRESENTATION('',(#441),#445);
#441 = LINE('',#442,#443);
#442 = CARTESIAN_POINT('',(0.,0.));
#443 = VECTOR('',#444,1.);
#444 = DIRECTION('',(0.,1.));
#445 = ( GEOMETRIC_REPRESENTATION_CONTEXT(2) 
PARAMETRIC_REPRESENTATION_CONTEXT() REPRESENTATION_CONTEXT('2D SPACE',''
  ) );
#446 = ORIENTED_EDGE('',*,*,#447,.F.);
#447 = EDGE_CURVE('',#426,#426,#448,.T.);
#448 = SURFACE_CURVE('',#449,(#454,#461),.PCURVE_S1.);
#449 = CIRCLE('',#450,3.E-03);
#450 = AXIS2_PLACEMENT_3D('',#451,#452,#453);
#451 = CARTESIAN_POINT('',(0.274971607309,0.300559217639,
    4.331721820524E-02));
#452 = DIRECTION('',(-0.323588300884,-0.944329481183,5.943435453093E-02)
  );
#453 = DIRECTION('',(0.901167371176,-0.288432648916,0.323579937831));
#454 = PCURVE('',#409,#455);
#455 = DEFINITIONAL_REPRESENTATION('',(#456),#460);
#456 = LINE('',#457,#458);
#457 = CARTESIAN_POINT('',(0.,2.019080505359E-03));
#458 = VECTOR('',#459,1.);
#459 = DIRECTION('',(1.,0.));
#460 = ( GEOMETRIC_REPRESENTATION_CONTEXT(2) 
PARAMETRIC_REPRESENTATION_CONTEXT() REPRESENTATION_CONTEXT('2D SPACE',''
  ) );
#461 = PCURVE('',#462,#467);
#462 = CYLINDRICAL_SURFACE('',#463,3.E-03);
#463 = AXIS2_PLACEMENT_3D('',#464,#465,#466);
#464 = CARTESIAN_POINT('',(0.274971607309,0.300559217639,
    4.331721820524E-02));
#465 = DIRECTION('',(-0.323579423708,-0.944332569835,5.943361086742E-02)
  );
#466 = DIRECTION('',(0.901170170199,-0.288424480404,0.323579423708));
#467 = DEFINITIONAL_REPRESENTATION('',(#468),#471);
#468 = B_SPLINE_CURVE_WITH_KNOTS('',1,(#469,#470),.UNSPECIFIED.,.F.,.F.,
  (2,2),(0.,6.28318530718),.PIECEWISE_BEZIER_KNOTS.);
#469 = CARTESIAN_POINT('',(0.,0.));
#470 = CARTESIAN_POINT('',(6.28318530718,0.));
#471 = ( GEOMETRIC_REPRESENTATION_CONTEXT(2) 
PARAMETRIC_REPRESENTATION_CONTEXT() REPRESENTATION_CONTEXT('2D SPACE',''
  ) );
#472 = ORIENTED_EDGE('',*,*,#425,.F.);
#473 = ORIENTED_EDGE('',*,*,#394,.T.);
#474 = ADVANCED_FACE('',(#475),#462,.T.);
#475 = FACE_BOUND('',#476,.T.);
#476 = EDGE_LOOP('',(#477,#499,#525,#526));
#477 = ORIENTED_EDGE('',*,*,#478,.T.);
#478 = EDGE_CURVE('',#426,#479,#481,.T.);
#479 = VERTEX_POINT('',#480);
#480 = CARTESIAN_POINT('',(0.277021797507,0.297787297469,
    4.440795540825E-02));
#481 = SEAM_CURVE('',#482,(#486,#492),.PCURVE_S1.);
#482 = LINE('',#483,#484);
#483 = CARTESIAN_POINT('',(0.27767511782,0.299693944198,
    4.428795647637E-02));
#484 = VECTOR('',#485,1.);
#485 = DIRECTION('',(-0.323579423708,-0.944332569835,5.943361086742E-02)
  );
#486 = PCURVE('',#462,#487);
#487 = DEFINITIONAL_REPRESENTATION('',(#488),#491);
#488 = B_SPLINE_CURVE_WITH_KNOTS('',1,(#489,#490),.UNSPECIFIED.,.F.,.F.,
  (2,2),(0.,2.019041584945E-03),.PIECEWISE_BEZIER_KNOTS.);
#489 = CARTESIAN_POINT('',(6.28318530718,0.));
#490 = CARTESIAN_POINT('',(6.28318530718,2.019041584945E-03));
#491 = ( GEOMETRIC_REPRESENTATION_CONTEXT(2) 
PARAMETRIC_REPRESENTATION_CONTEXT() REPRESENTATION_CONTEXT('2D SPACE',''
  ) );
#492 = PCURVE('',#462,#493);
#493 = DEFINITIONAL_REPRESENTATION('',(#494),#498);
#494 = LINE('',#495,#496);
#495 = CARTESIAN_POINT('',(0.,0.));
#496 = VECTOR('',#497,1.);
#497 = DIRECTION('',(0.,1.));
#498 = ( GEOMETRIC_REPRESENTATION_CONTEXT(2) 
PARAMETRIC_REPRESENTATION_CONTEXT() REPRESENTATION_CONTEXT('2D SPACE',''
  ) );
#499 = ORIENTED_EDGE('',*,*,#500,.F.);
#500 = EDGE_CURVE('',#479,#479,#501,.T.);
#501 = SURFACE_CURVE('',#502,(#507,#514),.PCURVE_S1.);
#502 = CIRCLE('',#503,3.E-03);
#503 = AXIS2_PLACEMENT_3D('',#504,#505,#506);
#504 = CARTESIAN_POINT('',(0.274318286996,0.29865257091,
    4.343721713713E-02));
#505 = DIRECTION('',(-0.323579423708,-0.944332569835,5.943361086742E-02)
  );
#506 = DIRECTION('',(0.901170170199,-0.288424480404,0.323579423708));
#507 = PCURVE('',#462,#508);
#508 = DEFINITIONAL_REPRESENTATION('',(#509),#513);
#509 = LINE('',#510,#511);
#510 = CARTESIAN_POINT('',(0.,2.019041584945E-03));
#511 = VECTOR('',#512,1.);
#512 = DIRECTION('',(1.,0.));
#513 = ( GEOMETRIC_REPRESENTATION_CONTEXT(2) 
PARAMETRIC_REPRESENTATION_CONTEXT() REPRESENTATION_CONTEXT('2D SPACE',''
  ) );
#514 = PCURVE('',#515,#520);
#515 = CYLINDRICAL_SURFACE('',#516,3.E-03);
#516 = AXIS2_PLACEMENT_3D('',#517,#518,#519);
#517 = CARTESIAN_POINT('',(0.274318286996,0.29865257091,
    4.343721713713E-02));
#518 = DIRECTION('',(-0.32358833722,-0.944329587221,5.943247188054E-02)
  );
#519 = DIRECTION('',(0.901167173356,-0.288433226232,0.32357997415));
#520 = DEFINITIONAL_REPRESENTATION('',(#521),#524);
#521 = B_SPLINE_CURVE_WITH_KNOTS('',1,(#522,#523),.UNSPECIFIED.,.F.,.F.,
  (2,2),(0.,6.28318530718),.PIECEWISE_BEZIER_KNOTS.);
#522 = CARTESIAN_POINT('',(0.,0.));
#523 = CARTESIAN_POINT('',(6.28318530718,0.));
#524 = ( GEOMETRIC_REPRESENTATION_CONTEXT(2) 
PARAMETRIC_REPRESENTATION_CONTEXT() REPRESENTATION_CONTEXT('2D SPACE',''
  ) );
#525 = ORIENTED_EDGE('',*,*,#478,.F.);
#526 = ORIENTED_EDGE('',*,*,#447,.T.);
#527 = ADVANCED_FACE('',(#528),#515,.T.);
#528 = FACE_BOUND('',#529,.T.);
#529 = EDGE_LOOP('',(#530,#552,#578,#579));
#530 = ORIENTED_EDGE('',*,*,#531,.T.);
#531 = EDGE_CURVE('',#479,#532,#534,.T.);
#532 = VERTEX_POINT('',#533);
#533 = CARTESIAN_POINT('',(0.276368446677,0.295880620223,
    4.452795434014E-02));
#534 = SEAM_CURVE('',#535,(#539,#545),.PCURVE_S1.);
#535 = LINE('',#536,#537);
#536 = CARTESIAN_POINT('',(0.277021788517,0.297787271232,
    4.440795705958E-02));
#537 = VECTOR('',#538,1.);
#538 = DIRECTION('',(-0.32358833722,-0.944329587221,5.943247188054E-02)
  );
#539 = PCURVE('',#515,#540);
#540 = DEFINITIONAL_REPRESENTATION('',(#541),#544);
#541 = B_SPLINE_CURVE_WITH_KNOTS('',1,(#542,#543),.UNSPECIFIED.,.F.,.F.,
  (2,2),(0.,2.019080278639E-03),.PIECEWISE_BEZIER_KNOTS.);
#542 = CARTESIAN_POINT('',(6.28318530718,0.));
#543 = CARTESIAN_POINT('',(6.28318530718,2.019080278639E-03));
#544 = ( GEOMETRIC_REPRESENTATION_CONTEXT(2) 
PARAMETRIC_REPRESENTATION_CONTEXT() REPRESENTATION_CONTEXT('2D SPACE',''
  ) );
#545 = PCURVE('',#515,#546);
#546 = DEFINITIONAL_REPRESENTATION('',(#547),#551);
#547 = LINE('',#548,#549);
#548 = CARTESIAN_POINT('',(0.,0.));
#549 = VECTOR('',#550,1.);
#550 = DIRECTION('',(0.,1.));
#551 = ( GEOMETRIC_REPRESENTATION_CONTEXT(2) 
PARAMETRIC_REPRESENTATION_CONTEXT() REPRESENTATION_CONTEXT('2D SPACE',''
  ) );
#552 = ORIENTED_EDGE('',*,*,#553,.F.);
#553 = EDGE_CURVE('',#532,#532,#554,.T.);
#554 = SURFACE_CURVE('',#555,(#560,#567),.PCURVE_S1.);
#555 = CIRCLE('',#556,3.E-03);
#556 = AXIS2_PLACEMENT_3D('',#557,#558,#559);
#557 = CARTESIAN_POINT('',(0.273664936166,0.296745893664,
    4.355721606901E-02));
#558 = DIRECTION('',(-0.32358833722,-0.944329587221,5.943247188054E-02)
  );
#559 = DIRECTION('',(0.901167173356,-0.288433226232,0.32357997415));
#560 = PCURVE('',#515,#561);
#561 = DEFINITIONAL_REPRESENTATION('',(#562),#566);
#562 = LINE('',#563,#564);
#563 = CARTESIAN_POINT('',(0.,2.019080278639E-03));
#564 = VECTOR('',#565,1.);
#565 = DIRECTION('',(1.,0.));
#566 = ( GEOMETRIC_REPRESENTATION_CONTEXT(2) 
PARAMETRIC_REPRESENTATION_CONTEXT() REPRESENTATION_CONTEXT('2D SPACE',''
  ) );
#567 = PCURVE('',#568,#573);
#568 = CYLINDRICAL_SURFACE('',#569,3.E-03);
#569 = AXIS2_PLACEMENT_3D('',#570,#571,#572);
#570 = CARTESIAN_POINT('',(0.273664936166,0.296745893664,
    4.355721606901E-02));
#571 = DIRECTION('',(-0.323579423708,-0.944332569835,5.943361086742E-02)
  );
#572 = DIRECTION('',(0.901170170199,-0.288424480404,0.323579423708));
#573 = DEFINITIONAL_REPRESENTATION('',(#574),#577);
#574 = B_SPLINE_CURVE_WITH_KNOTS('',1,(#575,#576),.UNSPECIFIED.,.F.,.F.,
  (2,2),(0.,6.28318530718),.PIECEWISE_BEZIER_KNOTS.);
#575 = CARTESIAN_POINT('',(0.,0.));
#576 = CARTESIAN_POINT('',(6.28318530718,0.));
#577 = ( GEOMETRIC_REPRESENTATION_CONTEXT(2) 
PARAMETRIC_REPRESENTATION_CONTEXT() REPRESENTATION_CONTEXT('2D SPACE',''
  ) );
#578 = ORIENTED_EDGE('',*,*,#531,.F.);
#579 = ORIENTED_EDGE('',*,*,#500,.T.);
#580 = ADVANCED_FACE('',(#581),#568,.T.);
#581 = FACE_BOUND('',#582,.T.);
#582 = EDGE_LOOP('',(#583,#605,#631,#632));
#583 = ORIENTED_EDGE('',*,*,#584,.T.);
#584 = EDGE_CURVE('',#532,#585,#587,.T.);
#585 = VERTEX_POINT('',#586);
#586 = CARTESIAN_POINT('',(0.275715126365,0.293973973495,
    4.464795327202E-02));
#587 = SEAM_CURVE('',#588,(#592,#598),.PCURVE_S1.);
#588 = LINE('',#589,#590);
#589 = CARTESIAN_POINT('',(0.276368446677,0.295880620223,
    4.452795434014E-02));
#590 = VECTOR('',#591,1.);
#591 = DIRECTION('',(-0.323579423708,-0.944332569835,5.943361086742E-02)
  );
#592 = PCURVE('',#568,#593);
#593 = DEFINITIONAL_REPRESENTATION('',(#594),#597);
#594 = B_SPLINE_CURVE_WITH_KNOTS('',1,(#595,#596),.UNSPECIFIED.,.F.,.F.,
  (2,2),(0.,2.019041584945E-03),.PIECEWISE_BEZIER_KNOTS.);
#595 = CARTESIAN_POINT('',(6.28318530718,0.));
#596 = CARTESIAN_POINT('',(6.28318530718,2.019041584945E-03));
#597 = ( GEOMETRIC_REPRESENTATION_CONTEXT(2) 
PARAMETRIC_REPRESENTATION_CONTEXT() REPRESENTATION_CONTEXT('2D SPACE',''
  ) );
#598 = PCURVE('',#568,#599);
#599 = DEFINITIONAL_REPRESENTATION('',(#600),#604);
#600 = LINE('',#601,#602);
#601 = CARTESIAN_POINT('',(0.,0.));
#602 = VECTOR('',#603,1.);
#603 = DIRECTION('',(0.,1.));
#604 = ( GEOMETRIC_REPRESENTATION_CONTEXT(2) 
PARAMETRIC_REPRESENTATION_CONTEXT() REPRESENTATION_CONTEXT('2D SPACE',''
  ) );
#605 = ORIENTED_EDGE('',*,*,#606,.F.);
#606 = EDGE_CURVE('',#585,#585,#607,.T.);
#607 = SURFACE_CURVE('',#608,(#613,#620),.PCURVE_S1.);
#608 = CIRCLE('',#609,3.E-03);
#609 = AXIS2_PLACEMENT_3D('',#610,#611,#612);
#610 = CARTESIAN_POINT('',(0.273011615854,0.294839246936,
    4.36772150009E-02));
#611 = DIRECTION('',(-0.323579423708,-0.944332569835,5.943361086742E-02)
  );
#612 = DIRECTION('',(0.901170170199,-0.288424480404,0.323579423708));
#613 = PCURVE('',#568,#614);
#614 = DEFINITIONAL_REPRESENTATION('',(#615),#619);
#615 = LINE('',#616,#617);
#616 = CARTESIAN_POINT('',(0.,2.019041584945E-03));
#617 = VECTOR('',#618,1.);
#618 = DIRECTION('',(1.,0.));
#619 = ( GEOMETRIC_REPRESENTATION_CONTEXT(2) 
PARAMETRIC_REPRESENTATION_CONTEXT() REPRESENTATION_CONTEXT('2D SPACE',''
  ) );
#620 = PCURVE('',#621,#626);
#621 = CYLINDRICAL_SURFACE('',#622,3.E-03);
#622 = AXIS2_PLACEMENT_3D('',#623,#624,#625);
#623 = CARTESIAN_POINT('',(0.273011615854,0.294839246936,
    4.36772150009E-02));
#624 = DIRECTION('',(-0.323588300884,-0.944329481183,5.943435453093E-02)
  );
#625 = DIRECTION('',(0.901167371176,-0.288432648916,0.323579937831));
#626 = DEFINITIONAL_REPRESENTATION('',(#627),#630);
#627 = B_SPLINE_CURVE_WITH_KNOTS('',1,(#628,#629),.UNSPECIFIED.,.F.,.F.,
  (2,2),(0.,6.28318530718),.PIECEWISE_BEZIER_KNOTS.);
#628 = CARTESIAN_POINT('',(0.,0.));
#629 = CARTESIAN_POINT('',(6.28318530718,0.));
#630 = ( GEOMETRIC_REPRESENTATION_CONTEXT(2) 
PARAMETRIC_REPRESENTATION_CONTEXT() REPRESENTATION_CONTEXT('2D SPACE',''
  ) );
#631 = ORIENTED_EDGE('',*,*,#584,.F.);
#632 = ORIENTED_EDGE('',*,*,#553,.T.);
#633 = ADVANCED_FACE('',(#634),#621,.T.);
#634 = FACE_BOUND('',#635,.T.);
#635 = EDGE_LOOP('',(#636,#658,#684,#685));
#636 = ORIENTED_EDGE('',*,*,#637,.T.);
#637 = EDGE_CURVE('',#585,#638,#640,.T.);
#638 = VERTEX_POINT('',#639);
#639 = CARTESIAN_POINT('',(0.275061775534,0.292067296249,
    4.47679560186E-02));
#640 = SEAM_CURVE('',#641,(#645,#651),.PCURVE_S1.);
#641 = LINE('',#642,#643);
#642 = CARTESIAN_POINT('',(0.275715117967,0.293973948989,
    4.464795481439E-02));
#643 = VECTOR('',#644,1.);
#644 = DIRECTION('',(-0.323588300884,-0.944329481183,5.943435453093E-02)
  );
#645 = PCURVE('',#621,#646);
#646 = DEFINITIONAL_REPRESENTATION('',(#647),#650);
#647 = B_SPLINE_CURVE_WITH_KNOTS('',1,(#648,#649),.UNSPECIFIED.,.F.,.F.,
  (2,2),(0.,2.019080505359E-03),.PIECEWISE_BEZIER_KNOTS.);
#648 = CARTESIAN_POINT('',(6.28318530718,0.));
#649 = CARTESIAN_POINT('',(6.28318530718,2.019080505359E-03));
#650 = ( GEOMETRIC_REPRESENTATION_CONTEXT(2) 
PARAMETRIC_REPRESENTATION_CONTEXT() REPRESENTATION_CONTEXT('2D SPACE',''
  ) );
#651 = PCURVE('',#621,#652);
#652 = DEFINITIONAL_REPRESENTATION('',(#653),#657);
#653 = LINE('',#654,#655);
#654 = CARTESIAN_POINT('',(0.,0.));
#655 = VECTOR('',#656,1.);
#656 = DIRECTION('',(0.,1.));
#657 = ( GEOMETRIC_REPRESENTATION_CONTEXT(2) 
PARAMETRIC_REPRESENTATION_CONTEXT() REPRESENTATION_CONTEXT('2D SPACE',''
  ) );
#658 = ORIENTED_EDGE('',*,*,#659,.F.);
#659 = EDGE_CURVE('',#638,#638,#660,.T.);
#660 = SURFACE_CURVE('',#661,(#666,#673),.PCURVE_S1.);
#661 = CIRCLE('',#662,3.E-03);
#662 = AXIS2_PLACEMENT_3D('',#663,#664,#665);
#663 = CARTESIAN_POINT('',(0.272358265024,0.29293256969,
    4.379721774748E-02));
#664 = DIRECTION('',(-0.323588300884,-0.944329481183,5.943435453093E-02)
  );
#665 = DIRECTION('',(0.901167371176,-0.288432648916,0.323579937831));
#666 = PCURVE('',#621,#667);
#667 = DEFINITIONAL_REPRESENTATION('',(#668),#672);
#668 = LINE('',#669,#670);
#669 = CARTESIAN_POINT('',(0.,2.019080505359E-03));
#670 = VECTOR('',#671,1.);
#671 = DIRECTION('',(1.,0.));
#672 = ( GEOMETRIC_REPRESENTATION_CONTEXT(2) 
PARAMETRIC_REPRESENTATION_CONTEXT() REPRESENTATION_CONTEXT('2D SPACE',''
  ) );
#673 = PCURVE('',#674,#679);
#674 = CYLINDRICAL_SURFACE('',#675,3.E-03);
#675 = AXIS2_PLACEMENT_3D('',#676,#677,#678);
#676 = CARTESIAN_POINT('',(0.272358265024,0.29293256969,
    4.379721774748E-02));
#677 = DIRECTION('',(-0.323579423708,-0.944332569835,5.943361086742E-02)
  );
#678 = DIRECTION('',(0.901170170199,-0.288424480404,0.323579423708));
#679 = DEFINITIONAL_REPRESENTATION('',(#680),#683);
#680 = B_SPLINE_CURVE_WITH_KNOTS('',1,(#681,#682),.UNSPECIFIED.,.F.,.F.,
  (2,2),(0.,6.28318530718),.PIECEWISE_BEZIER_KNOTS.);
#681 = CARTESIAN_POINT('',(0.,0.));
#682 = CARTESIAN_POINT('',(6.28318530718,0.));
#683 = ( GEOMETRIC_REPRESENTATION_CONTEXT(2) 
PARAMETRIC_REPRESENTATION_CONTEXT() REPRESENTATION_CONTEXT('2D SPACE',''
  ) );
#684 = ORIENTED_EDGE('',*,*,#637,.F.);
#685 = ORIENTED_EDGE('',*,*,#606,.T.);
#686 = ADVANCED_FACE('',(#687),#674,.T.);
#687 = FACE_BOUND('',#688,.T.);
#688 = EDGE_LOOP('',(#689,#711,#737,#738));
#689 = ORIENTED_EDGE('',*,*,#690,.T.);
#690 = EDGE_CURVE('',#638,#691,#693,.T.);
#691 = VERTEX_POINT('',#692);
#692 = CARTESIAN_POINT('',(0.273755134909,0.288254002791,
    4.500795388237E-02));
#693 = SEAM_CURVE('',#694,(#698,#704),.PCURVE_S1.);
#694 = LINE('',#695,#696);
#695 = CARTESIAN_POINT('',(0.275061775534,0.292067296249,
    4.47679560186E-02));
#696 = VECTOR('',#697,1.);
#697 = DIRECTION('',(-0.323579423708,-0.944332569835,5.943361086742E-02)
  );
#698 = PCURVE('',#674,#699);
#699 = DEFINITIONAL_REPRESENTATION('',(#700),#703);
#700 = B_SPLINE_CURVE_WITH_KNOTS('',1,(#701,#702),.UNSPECIFIED.,.F.,.F.,
  (2,2),(0.,4.03808316989E-03),.PIECEWISE_BEZIER_KNOTS.);
#701 = CARTESIAN_POINT('',(6.28318530718,0.));
#702 = CARTESIAN_POINT('',(6.28318530718,4.03808316989E-03));
#703 = ( GEOMETRIC_REPRESENTATION_CONTEXT(2) 
PARAMETRIC_REPRESENTATION_CONTEXT() REPRESENTATION_CONTEXT('2D SPACE',''
  ) );
#704 = PCURVE('',#674,#705);
#705 = DEFINITIONAL_REPRESENTATION('',(#706),#710);
#706 = LINE('',#707,#708);
#707 = CARTESIAN_POINT('',(0.,0.));
#708 = VECTOR('',#709,1.);
#709 = DIRECTION('',(0.,1.));
#710 = ( GEOMETRIC_REPRESENTATION_CONTEXT(2) 
PARAMETRIC_REPRESENTATION_CONTEXT() REPRESENTATION_CONTEXT('2D SPACE',''
  ) );
#711 = ORIENTED_EDGE('',*,*,#712,.F.);
#712 = EDGE_CURVE('',#691,#691,#713,.T.);
#713 = SURFACE_CURVE('',#714,(#719,#726),.PCURVE_S1.);
#714 = CIRCLE('',#715,3.E-03);
#715 = AXIS2_PLACEMENT_3D('',#716,#717,#718);
#716 = CARTESIAN_POINT('',(0.271051624399,0.289119276233,
    4.403721561125E-02));
#717 = DIRECTION('',(-0.323579423708,-0.944332569835,5.943361086742E-02)
  );
#718 = DIRECTION('',(0.901170170199,-0.288424480404,0.323579423708));
#719 = PCURVE('',#674,#720);
#720 = DEFINITIONAL_REPRESENTATION('',(#721),#725);
#721 = LINE('',#722,#723);
#722 = CARTESIAN_POINT('',(0.,4.03808316989E-03));
#723 = VECTOR('',#724,1.);
#724 = DIRECTION('',(1.,0.));
#725 = ( GEOMETRIC_REPRESENTATION_CONTEXT(2) 
PARAMETRIC_REPRESENTATION_CONTEXT() REPRESENTATION_CONTEXT('2D SPACE',''
  ) );
#726 = PCURVE('',#727,#732);
#727 = CYLINDRICAL_SURFACE('',#728,3.E-03);
#728 = AXIS2_PLACEMENT_3D('',#729,#730,#731);
#729 = CARTESIAN_POINT('',(0.271051624399,0.289119276233,
    4.403721561125E-02));
#730 = DIRECTION('',(-0.32358833722,-0.944329587221,5.943247188054E-02)
  );
#731 = DIRECTION('',(0.901167173356,-0.288433226232,0.32357997415));
#732 = DEFINITIONAL_REPRESENTATION('',(#733),#736);
#733 = B_SPLINE_CURVE_WITH_KNOTS('',1,(#734,#735),.UNSPECIFIED.,.F.,.F.,
  (2,2),(0.,6.28318530718),.PIECEWISE_BEZIER_KNOTS.);
#734 = CARTESIAN_POINT('',(0.,0.));
#735 = CARTESIAN_POINT('',(6.28318530718,0.));
#736 = ( GEOMETRIC_REPRESENTATION_CONTEXT(2) 
PARAMETRIC_REPRESENTATION_CONTEXT() REPRESENTATION_CONTEXT('2D SPACE',''
  ) );
#737 = ORIENTED_EDGE('',*,*,#690,.F.);
#738 = ORIENTED_EDGE('',*,*,#659,.T.);
#739 = ADVANCED_FACE('',(#740),#727,.T.);
#740 = FACE_BOUND('',#741,.T.);
#741 = EDGE_LOOP('',(#742,#764,#790,#791));
#742 = ORIENTED_EDGE('',*,*,#743,.T.);
#743 = EDGE_CURVE('',#691,#744,#746,.T.);
#744 = VERTEX_POINT('',#745);
#745 = CARTESIAN_POINT('',(0.273101784079,0.286347325545,
    4.512795281426E-02));
#746 = SEAM_CURVE('',#747,(#751,#757),.PCURVE_S1.);
#747 = LINE('',#748,#749);
#748 = CARTESIAN_POINT('',(0.273755125919,0.288253976554,
    4.50079555337E-02));
#749 = VECTOR('',#750,1.);
#750 = DIRECTION('',(-0.32358833722,-0.944329587221,5.943247188054E-02)
  );
#751 = PCURVE('',#727,#752);
#752 = DEFINITIONAL_REPRESENTATION('',(#753),#756);
#753 = B_SPLINE_CURVE_WITH_KNOTS('',1,(#754,#755),.UNSPECIFIED.,.F.,.F.,
  (2,2),(0.,2.019080278639E-03),.PIECEWISE_BEZIER_KNOTS.);
#754 = CARTESIAN_POINT('',(6.28318530718,0.));
#755 = CARTESIAN_POINT('',(6.28318530718,2.019080278639E-03));
#756 = ( GEOMETRIC_REPRESENTATION_CONTEXT(2) 
PARAMETRIC_REPRESENTATION_CONTEXT() REPRESENTATION_CONTEXT('2D SPACE',''
  ) );
#757 = PCURVE('',#727,#758);
#758 = DEFINITIONAL_REPRESENTATION('',(#759),#763);
#759 = LINE('',#760,#761);
#760 = CARTESIAN_POINT('',(0.,0.));
#761 = VECTOR('',#762,1.);
#762 = DIRECTION('',(0.,1.));
#763 = ( GEOMETRIC_REPRESENTATION_CONTEXT(2) 
PARAMETRIC_REPRESENTATION_CONTEXT() REPRESENTATION_CONTEXT('2D SPACE',''
  ) );
#764 = ORIENTED_EDGE('',*,*,#765,.F.);
#765 = EDGE_CURVE('',#744,#744,#766,.T.);
#766 = SURFACE_CURVE('',#767,(#772,#779),.PCURVE_S1.);
#767 = CIRCLE('',#768,3.E-03);
#768 = AXIS2_PLACEMENT_3D('',#769,#770,#771);
#769 = CARTESIAN_POINT('',(0.270398273569,0.287212598987,
    4.415721454313E-02));
#770 = DIRECTION('',(-0.32358833722,-0.944329587221,5.943247188054E-02)
  );
#771 = DIRECTION('',(0.901167173356,-0.288433226232,0.32357997415));
#772 = PCURVE('',#727,#773);
#773 = DEFINITIONAL_REPRESENTATION('',(#774),#778);
#774 = LINE('',#775,#776);
#775 = CARTESIAN_POINT('',(0.,2.019080278639E-03));
#776 = VECTOR('',#777,1.);
#777 = DIRECTION('',(1.,0.));
#778 = ( GEOMETRIC_REPRESENTATION_CONTEXT(2) 
PARAMETRIC_REPRESENTATION_CONTEXT() REPRESENTATION_CONTEXT('2D SPACE',''
  ) );
#779 = PCURVE('',#780,#785);
#780 = CYLINDRICAL_SURFACE('',#781,3.E-03);
#781 = AXIS2_PLACEMENT_3D('',#782,#783,#784);
#782 = CARTESIAN_POINT('',(0.270398273569,0.287212598987,
    4.415721454313E-02));
#783 = DIRECTION('',(-0.323579387373,-0.944332463793,5.943549355364E-02)
  );
#784 = DIRECTION('',(0.901170368022,-0.288423903078,0.323579387372));
#785 = DEFINITIONAL_REPRESENTATION('',(#786),#789);
#786 = B_SPLINE_CURVE_WITH_KNOTS('',1,(#787,#788),.UNSPECIFIED.,.F.,.F.,
  (2,2),(0.,6.28318530718),.PIECEWISE_BEZIER_KNOTS.);
#787 = CARTESIAN_POINT('',(0.,0.));
#788 = CARTESIAN_POINT('',(6.28318530718,0.));
#789 = ( GEOMETRIC_REPRESENTATION_CONTEXT(2) 
PARAMETRIC_REPRESENTATION_CONTEXT() REPRESENTATION_CONTEXT('2D SPACE',''
  ) );
#790 = ORIENTED_EDGE('',*,*,#743,.F.);
#791 = ORIENTED_EDGE('',*,*,#712,.T.);
#792 = ADVANCED_FACE('',(#793),#780,.T.);
#793 = FACE_BOUND('',#794,.T.);
#794 = EDGE_LOOP('',(#795,#817,#843,#844));
#795 = ORIENTED_EDGE('',*,*,#796,.T.);
#796 = EDGE_CURVE('',#744,#797,#799,.T.);
#797 = VERTEX_POINT('',#798);
#798 = CARTESIAN_POINT('',(0.272448463767,0.284440678817,
    4.524795556084E-02));
#799 = SEAM_CURVE('',#800,(#804,#810),.PCURVE_S1.);
#800 = LINE('',#801,#802);
#801 = CARTESIAN_POINT('',(0.273101784673,0.286347327277,
    4.512795270525E-02));
#802 = VECTOR('',#803,1.);
#803 = DIRECTION('',(-0.323579387373,-0.944332463793,5.943549355364E-02)
  );
#804 = PCURVE('',#780,#805);
#805 = DEFINITIONAL_REPRESENTATION('',(#806),#809);
#806 = B_SPLINE_CURVE_WITH_KNOTS('',1,(#807,#808),.UNSPECIFIED.,.F.,.F.,
  (2,2),(0.,2.01904181167E-03),.PIECEWISE_BEZIER_KNOTS.);
#807 = CARTESIAN_POINT('',(6.28318530718,0.));
#808 = CARTESIAN_POINT('',(6.28318530718,2.01904181167E-03));
#809 = ( GEOMETRIC_REPRESENTATION_CONTEXT(2) 
PARAMETRIC_REPRESENTATION_CONTEXT() REPRESENTATION_CONTEXT('2D SPACE',''
  ) );
#810 = PCURVE('',#780,#811);
#811 = DEFINITIONAL_REPRESENTATION('',(#812),#816);
#812 = LINE('',#813,#814);
#813 = CARTESIAN_POINT('',(0.,0.));
#814 = VECTOR('',#815,1.);
#815 = DIRECTION('',(0.,1.));
#816 = ( GEOMETRIC_REPRESENTATION_CONTEXT(2) 
PARAMETRIC_REPRESENTATION_CONTEXT() REPRESENTATION_CONTEXT('2D SPACE',''
  ) );
#817 = ORIENTED_EDGE('',*,*,#818,.F.);
#818 = EDGE_CURVE('',#797,#797,#819,.T.);
#819 = SURFACE_CURVE('',#820,(#825,#832),.PCURVE_S1.);
#820 = CIRCLE('',#821,3.E-03);
#821 = AXIS2_PLACEMENT_3D('',#822,#823,#824);
#822 = CARTESIAN_POINT('',(0.269744953256,0.285305952258,
    4.427721728972E-02));
#823 = DIRECTION('',(-0.323579387373,-0.944332463793,5.943549355364E-02)
  );
#824 = DIRECTION('',(0.901170368022,-0.288423903078,0.323579387372));
#825 = PCURVE('',#780,#826);
#826 = DEFINITIONAL_REPRESENTATION('',(#827),#831);
#827 = LINE('',#828,#829);
#828 = CARTESIAN_POINT('',(0.,2.01904181167E-03));
#829 = VECTOR('',#830,1.);
#830 = DIRECTION('',(1.,0.));
#831 = ( GEOMETRIC_REPRESENTATION_CONTEXT(2) 
PARAMETRIC_REPRESENTATION_CONTEXT() REPRESENTATION_CONTEXT('2D SPACE',''
  ) );
#832 = PCURVE('',#833,#838);
#833 = CYLINDRICAL_SURFACE('',#834,3.E-03);
#834 = AXIS2_PLACEMENT_3D('',#835,#836,#837);
#835 = CARTESIAN_POINT('',(0.269744953256,0.285305952258,
    4.427721728972E-02));
#836 = DIRECTION('',(-0.32358833722,-0.944329587221,5.943247188054E-02)
  );
#837 = DIRECTION('',(0.901167173356,-0.288433226232,0.32357997415));
#838 = DEFINITIONAL_REPRESENTATION('',(#839),#842);
#839 = B_SPLINE_CURVE_WITH_KNOTS('',1,(#840,#841),.UNSPECIFIED.,.F.,.F.,
  (2,2),(0.,6.28318530718),.PIECEWISE_BEZIER_KNOTS.);
#840 = CARTESIAN_POINT('',(0.,0.));
#841 = CARTESIAN_POINT('',(6.28318530718,0.));
#842 = ( GEOMETRIC_REPRESENTATION_CONTEXT(2) 
PARAMETRIC_REPRESENTATION_CONTEXT() REPRESENTATION_CONTEXT('2D SPACE',''
  ) );
#843 = ORIENTED_EDGE('',*,*,#796,.F.);
#844 = ORIENTED_EDGE('',*,*,#765,.T.);
#845 = ADVANCED_FACE('',(#846),#833,.T.);
#846 = FACE_BOUND('',#847,.T.);
#847 = EDGE_LOOP('',(#848,#870,#896,#897));
#848 = ORIENTED_EDGE('',*,*,#849,.T.);
#849 = EDGE_CURVE('',#797,#850,#852,.T.);
#850 = VERTEX_POINT('',#851);
#851 = CARTESIAN_POINT('',(0.271795112937,0.282534001571,
    4.536795449273E-02));
#852 = SEAM_CURVE('',#853,(#857,#863),.PCURVE_S1.);
#853 = LINE('',#854,#855);
#854 = CARTESIAN_POINT('',(0.272448454776,0.284440652579,
    4.524795721217E-02));
#855 = VECTOR('',#856,1.);
#856 = DIRECTION('',(-0.32358833722,-0.944329587221,5.943247188054E-02)
  );
#857 = PCURVE('',#833,#858);
#858 = DEFINITIONAL_REPRESENTATION('',(#859),#862);
#859 = B_SPLINE_CURVE_WITH_KNOTS('',1,(#860,#861),.UNSPECIFIED.,.F.,.F.,
  (2,2),(0.,2.019080278639E-03),.PIECEWISE_BEZIER_KNOTS.);
#860 = CARTESIAN_POINT('',(6.28318530718,0.));
#861 = CARTESIAN_POINT('',(6.28318530718,2.019080278639E-03));
#862 = ( GEOMETRIC_REPRESENTATION_CONTEXT(2) 
PARAMETRIC_REPRESENTATION_CONTEXT() REPRESENTATION_CONTEXT('2D SPACE',''
  ) );
#863 = PCURVE('',#833,#864);
#864 = DEFINITIONAL_REPRESENTATION('',(#865),#869);
#865 = LINE('',#866,#867);
#866 = CARTESIAN_POINT('',(0.,0.));
#867 = VECTOR('',#868,1.);
#868 = DIRECTION('',(0.,1.));
#869 = ( GEOMETRIC_REPRESENTATION_CONTEXT(2) 
PARAMETRIC_REPRESENTATION_CONTEXT() REPRESENTATION_CONTEXT('2D SPACE',''
  ) );
#870 = ORIENTED_EDGE('',*,*,#871,.F.);
#871 = EDGE_CURVE('',#850,#850,#872,.T.);
#872 = SURFACE_CURVE('',#873,(#878,#885),.PCURVE_S1.);
#873 = CIRCLE('',#874,3.E-03);
#874 = AXIS2_PLACEMENT_3D('',#875,#876,#877);
#875 = CARTESIAN_POINT('',(0.269091602426,0.283399275012,
    4.43972162216E-02));
#876 = DIRECTION('',(-0.32358833722,-0.944329587221,5.943247188054E-02)
  );
#877 = DIRECTION('',(0.901167173356,-0.288433226232,0.32357997415));
#878 = PCURVE('',#833,#879);
#879 = DEFINITIONAL_REPRESENTATION('',(#880),#884);
#880 = LINE('',#881,#882);
#881 = CARTESIAN_POINT('',(0.,2.019080278639E-03));
#882 = VECTOR('',#883,1.);
#883 = DIRECTION('',(1.,0.));
#884 = ( GEOMETRIC_REPRESENTATION_CONTEXT(2) 
PARAMETRIC_REPRESENTATION_CONTEXT() REPRESENTATION_CONTEXT('2D SPACE',''
  ) );
#885 = PCURVE('',#886,#891);
#886 = CYLINDRICAL_SURFACE('',#887,3.E-03);
#887 = AXIS2_PLACEMENT_3D('',#888,#889,#890);
#888 = CARTESIAN_POINT('',(0.269091602426,0.283399275012,
    4.43972162216E-02));
#889 = DIRECTION('',(-0.323579423708,-0.944332569835,5.943361086742E-02)
  );
#890 = DIRECTION('',(0.901170170199,-0.288424480404,0.323579423708));
#891 = DEFINITIONAL_REPRESENTATION('',(#892),#895);
#892 = B_SPLINE_CURVE_WITH_KNOTS('',1,(#893,#894),.UNSPECIFIED.,.F.,.F.,
  (2,2),(0.,6.28318530718),.PIECEWISE_BEZIER_KNOTS.);
#893 = CARTESIAN_POINT('',(0.,0.));
#894 = CARTESIAN_POINT('',(6.28318530718,0.));
#895 = ( GEOMETRIC_REPRESENTATION_CONTEXT(2) 
PARAMETRIC_REPRESENTATION_CONTEXT() REPRESENTATION_CONTEXT('2D SPACE',''
  ) );
#896 = ORIENTED_EDGE('',*,*,#849,.F.);
#897 = ORIENTED_EDGE('',*,*,#818,.T.);
#898 = ADVANCED_FACE('',(#899),#886,.T.);
#899 = FACE_BOUND('',#900,.T.);
#900 = EDGE_LOOP('',(#901,#923,#949,#950));
#901 = ORIENTED_EDGE('',*,*,#902,.T.);
#902 = EDGE_CURVE('',#850,#903,#905,.T.);
#903 = VERTEX_POINT('',#904);
#904 = CARTESIAN_POINT('',(0.271141792624,0.280627354842,
    4.548795342461E-02));
#905 = SEAM_CURVE('',#906,(#910,#916),.PCURVE_S1.);
#906 = LINE('',#907,#908);
#907 = CARTESIAN_POINT('',(0.271795112937,0.282534001571,
    4.536795449273E-02));
#908 = VECTOR('',#909,1.);
#909 = DIRECTION('',(-0.323579423708,-0.944332569835,5.943361086742E-02)
  );
#910 = PCURVE('',#886,#911);
#911 = DEFINITIONAL_REPRESENTATION('',(#912),#915);
#912 = B_SPLINE_CURVE_WITH_KNOTS('',1,(#913,#914),.UNSPECIFIED.,.F.,.F.,
  (2,2),(0.,2.019041584945E-03),.PIECEWISE_BEZIER_KNOTS.);
#913 = CARTESIAN_POINT('',(6.28318530718,0.));
#914 = CARTESIAN_POINT('',(6.28318530718,2.019041584945E-03));
#915 = ( GEOMETRIC_REPRESENTATION_CONTEXT(2) 
PARAMETRIC_REPRESENTATION_CONTEXT() REPRESENTATION_CONTEXT('2D SPACE',''
  ) );
#916 = PCURVE('',#886,#917);
#917 = DEFINITIONAL_REPRESENTATION('',(#918),#922);
#918 = LINE('',#919,#920);
#919 = CARTESIAN_POINT('',(0.,0.));
#920 = VECTOR('',#921,1.);
#921 = DIRECTION('',(0.,1.));
#922 = ( GEOMETRIC_REPRESENTATION_CONTEXT(2) 
PARAMETRIC_REPRESENTATION_CONTEXT() REPRESENTATION_CONTEXT('2D SPACE',''
  ) );
#923 = ORIENTED_EDGE('',*,*,#924,.F.);
#924 = EDGE_CURVE('',#903,#903,#925,.T.);
#925 = SURFACE_CURVE('',#926,(#931,#938),.PCURVE_S1.);
#926 = CIRCLE('',#927,3.E-03);
#927 = AXIS2_PLACEMENT_3D('',#928,#929,#930);
#928 = CARTESIAN_POINT('',(0.268438282114,0.281492628283,
    4.451721515349E-02));
#929 = DIRECTION('',(-0.323579423708,-0.944332569835,5.943361086742E-02)
  );
#930 = DIRECTION('',(0.901170170199,-0.288424480404,0.323579423708));
#931 = PCURVE('',#886,#932);
#932 = DEFINITIONAL_REPRESENTATION('',(#933),#937);
#933 = LINE('',#934,#935);
#934 = CARTESIAN_POINT('',(0.,2.019041584945E-03));
#935 = VECTOR('',#936,1.);
#936 = DIRECTION('',(1.,0.));
#937 = ( GEOMETRIC_REPRESENTATION_CONTEXT(2) 
PARAMETRIC_REPRESENTATION_CONTEXT() REPRESENTATION_CONTEXT('2D SPACE',''
  ) );
#938 = PCURVE('',#939,#944);
#939 = CYLINDRICAL_SURFACE('',#940,3.E-03);
#940 = AXIS2_PLACEMENT_3D('',#941,#942,#943);
#941 = CARTESIAN_POINT('',(0.268438282114,0.281492628283,
    4.451721515349E-02));
#942 = DIRECTION('',(-0.323588300884,-0.944329481183,5.943435453093E-02)
  );
#943 = DIRECTION('',(0.901167371176,-0.288432648916,0.323579937831));
#944 = DEFINITIONAL_REPRESENTATION('',(#945),#948);
#945 = B_SPLINE_CURVE_WITH_KNOTS('',1,(#946,#947),.UNSPECIFIED.,.F.,.F.,
  (2,2),(0.,6.28318530718),.PIECEWISE_BEZIER_KNOTS.);
#946 = CARTESIAN_POINT('',(0.,0.));
#947 = CARTESIAN_POINT('',(6.28318530718,0.));
#948 = ( GEOMETRIC_REPRESENTATION_CONTEXT(2) 
PARAMETRIC_REPRESENTATION_CONTEXT() REPRESENTATION_CONTEXT('2D SPACE',''
  ) );
#949 = ORIENTED_EDGE('',*,*,#902,.F.);
#950 = ORIENTED_EDGE('',*,*,#871,.T.);
#951 = ADVANCED_FACE('',(#952),#939,.T.);
#952 = FACE_BOUND('',#953,.T.);
#953 = EDGE_LOOP('',(#954,#976,#1002,#1003));
#954 = ORIENTED_EDGE('',*,*,#955,.T.);
#955 = EDGE_CURVE('',#903,#956,#958,.T.);
#956 = VERTEX_POINT('',#957);
#957 = CARTESIAN_POINT('',(0.270488441794,0.278720677596,
    4.560795617119E-02));
#958 = SEAM_CURVE('',#959,(#963,#969),.PCURVE_S1.);
#959 = LINE('',#960,#961);
#960 = CARTESIAN_POINT('',(0.271141784227,0.280627330337,
    4.548795496698E-02));
#961 = VECTOR('',#962,1.);
#962 = DIRECTION('',(-0.323588300884,-0.944329481183,5.943435453093E-02)
  );
#963 = PCURVE('',#939,#964);
#964 = DEFINITIONAL_REPRESENTATION('',(#965),#968);
#965 = B_SPLINE_CURVE_WITH_KNOTS('',1,(#966,#967),.UNSPECIFIED.,.F.,.F.,
  (2,2),(0.,2.01908050536E-03),.PIECEWISE_BEZIER_KNOTS.);
#966 = CARTESIAN_POINT('',(6.28318530718,0.));
#967 = CARTESIAN_POINT('',(6.28318530718,2.01908050536E-03));
#968 = ( GEOMETRIC_REPRESENTATION_CONTEXT(2) 
PARAMETRIC_REPRESENTATION_CONTEXT() REPRESENTATION_CONTEXT('2D SPACE',''
  ) );
#969 = PCURVE('',#939,#970);
#970 = DEFINITIONAL_REPRESENTATION('',(#971),#975);
#971 = LINE('',#972,#973);
#972 = CARTESIAN_POINT('',(0.,0.));
#973 = VECTOR('',#974,1.);
#974 = DIRECTION('',(0.,1.));
#975 = ( GEOMETRIC_REPRESENTATION_CONTEXT(2) 
PARAMETRIC_REPRESENTATION_CONTEXT() REPRESENTATION_CONTEXT('2D SPACE',''
  ) );
#976 = ORIENTED_EDGE('',*,*,#977,.F.);
#977 = EDGE_CURVE('',#956,#956,#978,.T.);
#978 = SURFACE_CURVE('',#979,(#984,#991),.PCURVE_S1.);
#979 = CIRCLE('',#980,3.E-03);
#980 = AXIS2_PLACEMENT_3D('',#981,#982,#983);
#981 = CARTESIAN_POINT('',(0.267784931284,0.279585951037,
    4.463721790007E-02));
#982 = DIRECTION('',(-0.323588300884,-0.944329481183,5.943435453093E-02)
  );
#983 = DIRECTION('',(0.901167371176,-0.288432648916,0.323579937831));
#984 = PCURVE('',#939,#985);
#985 = DEFINITIONAL_REPRESENTATION('',(#986),#990);
#986 = LINE('',#987,#988);
#987 = CARTESIAN_POINT('',(0.,2.01908050536E-03));
#988 = VECTOR('',#989,1.);
#989 = DIRECTION('',(1.,0.));
#990 = ( GEOMETRIC_REPRESENTATION_CONTEXT(2) 
PARAMETRIC_REPRESENTATION_CONTEXT() REPRESENTATION_CONTEXT('2D SPACE',''
  ) );
#991 = PCURVE('',#992,#997);
#992 = CYLINDRICAL_SURFACE('',#993,3.E-03);
#993 = AXIS2_PLACEMENT_3D('',#994,#995,#996);
#994 = CARTESIAN_POINT('',(0.267784931284,0.279585951037,
    4.463721790007E-02));
#995 = DIRECTION('',(-0.323579423708,-0.944332569835,5.943361086742E-02)
  );
#996 = DIRECTION('',(0.901170170199,-0.288424480404,0.323579423708));
#997 = DEFINITIONAL_REPRESENTATION('',(#998),#1001);
#998 = B_SPLINE_CURVE_WITH_KNOTS('',1,(#999,#1000),.UNSPECIFIED.,.F.,.F.
  ,(2,2),(0.,6.28318530718),.PIECEWISE_BEZIER_KNOTS.);
#999 = CARTESIAN_POINT('',(0.,0.));
#1000 = CARTESIAN_POINT('',(6.28318530718,0.));
#1001 = ( GEOMETRIC_REPRESENTATION_CONTEXT(2) 
PARAMETRIC_REPRESENTATION_CONTEXT() REPRESENTATION_CONTEXT('2D SPACE',''
  ) );
#1002 = ORIENTED_EDGE('',*,*,#955,.F.);
#1003 = ORIENTED_EDGE('',*,*,#924,.T.);
#1004 = ADVANCED_FACE('',(#1005),#992,.T.);
#1005 = FACE_BOUND('',#1006,.T.);
#1006 = EDGE_LOOP('',(#1007,#1029,#1055,#1056));
#1007 = ORIENTED_EDGE('',*,*,#1008,.T.);
#1008 = EDGE_CURVE('',#956,#1009,#1011,.T.);
#1009 = VERTEX_POINT('',#1010);
#1010 = CARTESIAN_POINT('',(0.269835121482,0.276814030868,
    4.572795510308E-02));
#1011 = SEAM_CURVE('',#1012,(#1016,#1022),.PCURVE_S1.);
#1012 = LINE('',#1013,#1014);
#1013 = CARTESIAN_POINT('',(0.270488441794,0.278720677596,
    4.560795617119E-02));
#1014 = VECTOR('',#1015,1.);
#1015 = DIRECTION('',(-0.323579423708,-0.944332569835,5.943361086742E-02
    ));
#1016 = PCURVE('',#992,#1017);
#1017 = DEFINITIONAL_REPRESENTATION('',(#1018),#1021);
#1018 = B_SPLINE_CURVE_WITH_KNOTS('',1,(#1019,#1020),.UNSPECIFIED.,.F.,
  .F.,(2,2),(0.,2.019041584945E-03),.PIECEWISE_BEZIER_KNOTS.);
#1019 = CARTESIAN_POINT('',(6.28318530718,0.));
#1020 = CARTESIAN_POINT('',(6.28318530718,2.019041584945E-03));
#1021 = ( GEOMETRIC_REPRESENTATION_CONTEXT(2) 
PARAMETRIC_REPRESENTATION_CONTEXT() REPRESENTATION_CONTEXT('2D SPACE',''
  ) );
#1022 = PCURVE('',#992,#1023);
#1023 = DEFINITIONAL_REPRESENTATION('',(#1024),#1028);
#1024 = LINE('',#1025,#1026);
#1025 = CARTESIAN_POINT('',(0.,0.));
#1026 = VECTOR('',#1027,1.);
#1027 = DIRECTION('',(0.,1.));
#1028 = ( GEOMETRIC_REPRESENTATION_CONTEXT(2) 
PARAMETRIC_REPRESENTATION_CONTEXT() REPRESENTATION_CONTEXT('2D SPACE',''
  ) );
#1029 = ORIENTED_EDGE('',*,*,#1030,.F.);
#1030 = EDGE_CURVE('',#1009,#1009,#1031,.T.);
#1031 = SURFACE_CURVE('',#1032,(#1037,#1044),.PCURVE_S1.);
#1032 = CIRCLE('',#1033,3.E-03);
#1033 = AXIS2_PLACEMENT_3D('',#1034,#1035,#1036);
#1034 = CARTESIAN_POINT('',(0.267131610971,0.277679304309,
    4.475721683195E-02));
#1035 = DIRECTION('',(-0.323579423708,-0.944332569835,5.943361086742E-02
    ));
#1036 = DIRECTION('',(0.901170170199,-0.288424480404,0.323579423708));
#1037 = PCURVE('',#992,#1038);
#1038 = DEFINITIONAL_REPRESENTATION('',(#1039),#1043);
#1039 = LINE('',#1040,#1041);
#1040 = CARTESIAN_POINT('',(0.,2.019041584945E-03));
#1041 = VECTOR('',#1042,1.);
#1042 = DIRECTION('',(1.,0.));
#1043 = ( GEOMETRIC_REPRESENTATION_CONTEXT(2) 
PARAMETRIC_REPRESENTATION_CONTEXT() REPRESENTATION_CONTEXT('2D SPACE',''
  ) );
#1044 = PCURVE('',#1045,#1050);
#1045 = CYLINDRICAL_SURFACE('',#1046,3.E-03);
#1046 = AXIS2_PLACEMENT_3D('',#1047,#1048,#1049);
#1047 = CARTESIAN_POINT('',(0.267131610971,0.277679304309,
    4.475721683195E-02));
#1048 = DIRECTION('',(-0.323574805167,-0.944334205775,5.943276255453E-02
    ));
#1049 = DIRECTION('',(0.901171580813,-0.288420363638,0.323579164618));
#1050 = DEFINITIONAL_REPRESENTATION('',(#1051),#1054);
#1051 = B_SPLINE_CURVE_WITH_KNOTS('',1,(#1052,#1053),.UNSPECIFIED.,.F.,
  .F.,(2,2),(0.,6.28318530718),.PIECEWISE_BEZIER_KNOTS.);
#1052 = CARTESIAN_POINT('',(0.,0.));
#1053 = CARTESIAN_POINT('',(6.28318530718,0.));
#1054 = ( GEOMETRIC_REPRESENTATION_CONTEXT(2) 
PARAMETRIC_REPRESENTATION_CONTEXT() REPRESENTATION_CONTEXT('2D SPACE',''
  ) );
#1055 = ORIENTED_EDGE('',*,*,#1008,.F.);
#1056 = ORIENTED_EDGE('',*,*,#977,.T.);
#1057 = ADVANCED_FACE('',(#1058),#1045,.T.);
#1058 = FACE_BOUND('',#1059,.T.);
#1059 = EDGE_LOOP('',(#1060,#1082,#1108,#1109));
#1060 = ORIENTED_EDGE('',*,*,#1061,.T.);
#1061 = EDGE_CURVE('',#1009,#1062,#1064,.T.);
#1062 = VERTEX_POINT('',#1063);
#1063 = CARTESIAN_POINT('',(0.269181801169,0.274907353622,
    4.584795403496E-02));
#1064 = SEAM_CURVE('',#1065,(#1069,#1075),.PCURVE_S1.);
#1065 = LINE('',#1066,#1067);
#1066 = CARTESIAN_POINT('',(0.269835125714,0.276814043218,
    4.572795432581E-02));
#1067 = VECTOR('',#1068,1.);
#1068 = DIRECTION('',(-0.323574805167,-0.944334205775,5.943276255453E-02
    ));
#1069 = PCURVE('',#1045,#1070);
#1070 = DEFINITIONAL_REPRESENTATION('',(#1071),#1074);
#1071 = B_SPLINE_CURVE_WITH_KNOTS('',1,(#1072,#1073),.UNSPECIFIED.,.F.,
  .F.,(2,2),(0.,2.019070403713E-03),.PIECEWISE_BEZIER_KNOTS.);
#1072 = CARTESIAN_POINT('',(6.28318530718,0.));
#1073 = CARTESIAN_POINT('',(6.28318530718,2.019070403713E-03));
#1074 = ( GEOMETRIC_REPRESENTATION_CONTEXT(2) 
PARAMETRIC_REPRESENTATION_CONTEXT() REPRESENTATION_CONTEXT('2D SPACE',''
  ) );
#1075 = PCURVE('',#1045,#1076);
#1076 = DEFINITIONAL_REPRESENTATION('',(#1077),#1081);
#1077 = LINE('',#1078,#1079);
#1078 = CARTESIAN_POINT('',(0.,0.));
#1079 = VECTOR('',#1080,1.);
#1080 = DIRECTION('',(0.,1.));
#1081 = ( GEOMETRIC_REPRESENTATION_CONTEXT(2) 
PARAMETRIC_REPRESENTATION_CONTEXT() REPRESENTATION_CONTEXT('2D SPACE',''
  ) );
#1082 = ORIENTED_EDGE('',*,*,#1083,.F.);
#1083 = EDGE_CURVE('',#1062,#1062,#1084,.T.);
#1084 = SURFACE_CURVE('',#1085,(#1090,#1097),.PCURVE_S1.);
#1085 = CIRCLE('',#1086,3.E-03);
#1086 = AXIS2_PLACEMENT_3D('',#1087,#1088,#1089);
#1087 = CARTESIAN_POINT('',(0.266478290659,0.275772627063,
    4.487721576384E-02));
#1088 = DIRECTION('',(-0.323574805167,-0.944334205775,5.943276255453E-02
    ));
#1089 = DIRECTION('',(0.901171580813,-0.288420363638,0.323579164618));
#1090 = PCURVE('',#1045,#1091);
#1091 = DEFINITIONAL_REPRESENTATION('',(#1092),#1096);
#1092 = LINE('',#1093,#1094);
#1093 = CARTESIAN_POINT('',(0.,2.019070403713E-03));
#1094 = VECTOR('',#1095,1.);
#1095 = DIRECTION('',(1.,0.));
#1096 = ( GEOMETRIC_REPRESENTATION_CONTEXT(2) 
PARAMETRIC_REPRESENTATION_CONTEXT() REPRESENTATION_CONTEXT('2D SPACE',''
  ) );
#1097 = PCURVE('',#1098,#1103);
#1098 = CYLINDRICAL_SURFACE('',#1099,3.E-03);
#1099 = AXIS2_PLACEMENT_3D('',#1100,#1101,#1102);
#1100 = CARTESIAN_POINT('',(0.266478290659,0.275772627063,
    4.487721576384E-02));
#1101 = DIRECTION('',(-0.323592955909,-0.944327951158,5.943332018098E-02
    ));
#1102 = DIRECTION('',(0.901165762618,-0.288437343136,0.323580233281));
#1103 = DEFINITIONAL_REPRESENTATION('',(#1104),#1107);
#1104 = B_SPLINE_CURVE_WITH_KNOTS('',1,(#1105,#1106),.UNSPECIFIED.,.F.,
  .F.,(2,2),(0.,6.28318530718),.PIECEWISE_BEZIER_KNOTS.);
#1105 = CARTESIAN_POINT('',(0.,0.));
#1106 = CARTESIAN_POINT('',(6.28318530718,0.));
#1107 = ( GEOMETRIC_REPRESENTATION_CONTEXT(2) 
PARAMETRIC_REPRESENTATION_CONTEXT() REPRESENTATION_CONTEXT('2D SPACE',''
  ) );
#1108 = ORIENTED_EDGE('',*,*,#1061,.F.);
#1109 = ORIENTED_EDGE('',*,*,#1030,.T.);
#1110 = ADVANCED_FACE('',(#1111),#1098,.T.);
#1111 = FACE_BOUND('',#1112,.T.);
#1112 = EDGE_LOOP('',(#1113,#1135,#1161,#1162));
#1113 = ORIENTED_EDGE('',*,*,#1114,.T.);
#1114 = EDGE_CURVE('',#1062,#1115,#1117,.T.);
#1115 = VERTEX_POINT('',#1116);
#1116 = CARTESIAN_POINT('',(0.268528450339,0.273000706893,
    4.596795296685E-02));
#1117 = SEAM_CURVE('',#1118,(#1122,#1128),.PCURVE_S1.);
#1118 = LINE('',#1119,#1120);
#1119 = CARTESIAN_POINT('',(0.269181787946,0.274907315033,
    4.584795646368E-02));
#1120 = VECTOR('',#1121,1.);
#1121 = DIRECTION('',(-0.323592955909,-0.944327951158,5.943332018098E-02
    ));
#1122 = PCURVE('',#1098,#1123);
#1123 = DEFINITIONAL_REPRESENTATION('',(#1124),#1127);
#1124 = B_SPLINE_CURVE_WITH_KNOTS('',1,(#1125,#1126),.UNSPECIFIED.,.F.,
  .F.,(2,2),(0.,2.019051460012E-03),.PIECEWISE_BEZIER_KNOTS.);
#1125 = CARTESIAN_POINT('',(6.28318530718,0.));
#1126 = CARTESIAN_POINT('',(6.28318530718,2.019051460012E-03));
#1127 = ( GEOMETRIC_REPRESENTATION_CONTEXT(2) 
PARAMETRIC_REPRESENTATION_CONTEXT() REPRESENTATION_CONTEXT('2D SPACE',''
  ) );
#1128 = PCURVE('',#1098,#1129);
#1129 = DEFINITIONAL_REPRESENTATION('',(#1130),#1134);
#1130 = LINE('',#1131,#1132);
#1131 = CARTESIAN_POINT('',(0.,0.));
#1132 = VECTOR('',#1133,1.);
#1133 = DIRECTION('',(0.,1.));
#1134 = ( GEOMETRIC_REPRESENTATION_CONTEXT(2) 
PARAMETRIC_REPRESENTATION_CONTEXT() REPRESENTATION_CONTEXT('2D SPACE',''
  ) );
#1135 = ORIENTED_EDGE('',*,*,#1136,.F.);
#1136 = EDGE_CURVE('',#1115,#1115,#1137,.T.);
#1137 = SURFACE_CURVE('',#1138,(#1143,#1150),.PCURVE_S1.);
#1138 = CIRCLE('',#1139,3.E-03);
#1139 = AXIS2_PLACEMENT_3D('',#1140,#1141,#1142);
#1140 = CARTESIAN_POINT('',(0.265824939829,0.273865980334,
    4.499721469572E-02));
#1141 = DIRECTION('',(-0.323592955909,-0.944327951158,5.943332018098E-02
    ));
#1142 = DIRECTION('',(0.901165762618,-0.288437343136,0.323580233281));
#1143 = PCURVE('',#1098,#1144);
#1144 = DEFINITIONAL_REPRESENTATION('',(#1145),#1149);
#1145 = LINE('',#1146,#1147);
#1146 = CARTESIAN_POINT('',(0.,2.019051460012E-03));
#1147 = VECTOR('',#1148,1.);
#1148 = DIRECTION('',(1.,0.));
#1149 = ( GEOMETRIC_REPRESENTATION_CONTEXT(2) 
PARAMETRIC_REPRESENTATION_CONTEXT() REPRESENTATION_CONTEXT('2D SPACE',''
  ) );
#1150 = PCURVE('',#1151,#1156);
#1151 = CYLINDRICAL_SURFACE('',#1152,3.E-03);
#1152 = AXIS2_PLACEMENT_3D('',#1153,#1154,#1155);
#1153 = CARTESIAN_POINT('',(0.265824939829,0.273865980334,
    4.499721469572E-02));
#1154 = DIRECTION('',(-0.323579387373,-0.944332463793,5.943549355364E-02
    ));
#1155 = DIRECTION('',(0.901170368022,-0.288423903078,0.323579387372));
#1156 = DEFINITIONAL_REPRESENTATION('',(#1157),#1160);
#1157 = B_SPLINE_CURVE_WITH_KNOTS('',1,(#1158,#1159),.UNSPECIFIED.,.F.,
  .F.,(2,2),(0.,6.28318530718),.PIECEWISE_BEZIER_KNOTS.);
#1158 = CARTESIAN_POINT('',(0.,0.));
#1159 = CARTESIAN_POINT('',(6.28318530718,0.));
#1160 = ( GEOMETRIC_REPRESENTATION_CONTEXT(2) 
PARAMETRIC_REPRESENTATION_CONTEXT() REPRESENTATION_CONTEXT('2D SPACE',''
  ) );
#1161 = ORIENTED_EDGE('',*,*,#1114,.F.);
#1162 = ORIENTED_EDGE('',*,*,#1083,.T.);
#1163 = ADVANCED_FACE('',(#1164),#1151,.T.);
#1164 = FACE_BOUND('',#1165,.T.);
#1165 = EDGE_LOOP('',(#1166,#1188,#1214,#1215));
#1166 = ORIENTED_EDGE('',*,*,#1167,.T.);
#1167 = EDGE_CURVE('',#1115,#1168,#1170,.T.);
#1168 = VERTEX_POINT('',#1169);
#1169 = CARTESIAN_POINT('',(0.267875130027,0.271094060165,
    4.608795571343E-02));
#1170 = SEAM_CURVE('',#1171,(#1175,#1181),.PCURVE_S1.);
#1171 = LINE('',#1172,#1173);
#1172 = CARTESIAN_POINT('',(0.268528450933,0.273000708625,
    4.596795285784E-02));
#1173 = VECTOR('',#1174,1.);
#1174 = DIRECTION('',(-0.323579387373,-0.944332463793,5.943549355364E-02
    ));
#1175 = PCURVE('',#1151,#1176);
#1176 = DEFINITIONAL_REPRESENTATION('',(#1177),#1180);
#1177 = B_SPLINE_CURVE_WITH_KNOTS('',1,(#1178,#1179),.UNSPECIFIED.,.F.,
  .F.,(2,2),(0.,2.01904181167E-03),.PIECEWISE_BEZIER_KNOTS.);
#1178 = CARTESIAN_POINT('',(6.28318530718,0.));
#1179 = CARTESIAN_POINT('',(6.28318530718,2.01904181167E-03));
#1180 = ( GEOMETRIC_REPRESENTATION_CONTEXT(2) 
PARAMETRIC_REPRESENTATION_CONTEXT() REPRESENTATION_CONTEXT('2D SPACE',''
  ) );
#1181 = PCURVE('',#1151,#1182);
#1182 = DEFINITIONAL_REPRESENTATION('',(#1183),#1187);
#1183 = LINE('',#1184,#1185);
#1184 = CARTESIAN_POINT('',(0.,0.));
#1185 = VECTOR('',#1186,1.);
#1186 = DIRECTION('',(0.,1.));
#1187 = ( GEOMETRIC_REPRESENTATION_CONTEXT(2) 
PARAMETRIC_REPRESENTATION_CONTEXT() REPRESENTATION_CONTEXT('2D SPACE',''
  ) );
#1188 = ORIENTED_EDGE('',*,*,#1189,.F.);
#1189 = EDGE_CURVE('',#1168,#1168,#1190,.T.);
#1190 = SURFACE_CURVE('',#1191,(#1196,#1203),.PCURVE_S1.);
#1191 = CIRCLE('',#1192,3.E-03);
#1192 = AXIS2_PLACEMENT_3D('',#1193,#1194,#1195);
#1193 = CARTESIAN_POINT('',(0.265171619516,0.271959333606,
    4.51172174423E-02));
#1194 = DIRECTION('',(-0.323579387373,-0.944332463793,5.943549355364E-02
    ));
#1195 = DIRECTION('',(0.901170368022,-0.288423903078,0.323579387372));
#1196 = PCURVE('',#1151,#1197);
#1197 = DEFINITIONAL_REPRESENTATION('',(#1198),#1202);
#1198 = LINE('',#1199,#1200);
#1199 = CARTESIAN_POINT('',(0.,2.01904181167E-03));
#1200 = VECTOR('',#1201,1.);
#1201 = DIRECTION('',(1.,0.));
#1202 = ( GEOMETRIC_REPRESENTATION_CONTEXT(2) 
PARAMETRIC_REPRESENTATION_CONTEXT() REPRESENTATION_CONTEXT('2D SPACE',''
  ) );
#1203 = PCURVE('',#1204,#1209);
#1204 = CYLINDRICAL_SURFACE('',#1205,3.E-03);
#1205 = AXIS2_PLACEMENT_3D('',#1206,#1207,#1208);
#1206 = CARTESIAN_POINT('',(0.265171619516,0.271959333606,
    4.51172174423E-02));
#1207 = DIRECTION('',(-0.32358833722,-0.944329587221,5.943247188054E-02)
  );
#1208 = DIRECTION('',(0.901167173356,-0.288433226232,0.32357997415));
#1209 = DEFINITIONAL_REPRESENTATION('',(#1210),#1213);
#1210 = B_SPLINE_CURVE_WITH_KNOTS('',1,(#1211,#1212),.UNSPECIFIED.,.F.,
  .F.,(2,2),(0.,6.28318530718),.PIECEWISE_BEZIER_KNOTS.);
#1211 = CARTESIAN_POINT('',(0.,0.));
#1212 = CARTESIAN_POINT('',(6.28318530718,0.));
#1213 = ( GEOMETRIC_REPRESENTATION_CONTEXT(2) 
PARAMETRIC_REPRESENTATION_CONTEXT() REPRESENTATION_CONTEXT('2D SPACE',''
  ) );
#1214 = ORIENTED_EDGE('',*,*,#1167,.F.);
#1215 = ORIENTED_EDGE('',*,*,#1136,.T.);
#1216 = ADVANCED_FACE('',(#1217),#1204,.T.);
#1217 = FACE_BOUND('',#1218,.T.);
#1218 = EDGE_LOOP('',(#1219,#1241,#1267,#1268));
#1219 = ORIENTED_EDGE('',*,*,#1220,.T.);
#1220 = EDGE_CURVE('',#1168,#1221,#1223,.T.);
#1221 = VERTEX_POINT('',#1222);
#1222 = CARTESIAN_POINT('',(0.267221779197,0.269187382918,
    4.620795464531E-02));
#1223 = SEAM_CURVE('',#1224,(#1228,#1234),.PCURVE_S1.);
#1224 = LINE('',#1225,#1226);
#1225 = CARTESIAN_POINT('',(0.267875121036,0.271094033927,
    4.608795736475E-02));
#1226 = VECTOR('',#1227,1.);
#1227 = DIRECTION('',(-0.32358833722,-0.944329587221,5.943247188054E-02)
  );
#1228 = PCURVE('',#1204,#1229);
#1229 = DEFINITIONAL_REPRESENTATION('',(#1230),#1233);
#1230 = B_SPLINE_CURVE_WITH_KNOTS('',1,(#1231,#1232),.UNSPECIFIED.,.F.,
  .F.,(2,2),(0.,2.019080278639E-03),.PIECEWISE_BEZIER_KNOTS.);
#1231 = CARTESIAN_POINT('',(6.28318530718,0.));
#1232 = CARTESIAN_POINT('',(6.28318530718,2.019080278639E-03));
#1233 = ( GEOMETRIC_REPRESENTATION_CONTEXT(2) 
PARAMETRIC_REPRESENTATION_CONTEXT() REPRESENTATION_CONTEXT('2D SPACE',''
  ) );
#1234 = PCURVE('',#1204,#1235);
#1235 = DEFINITIONAL_REPRESENTATION('',(#1236),#1240);
#1236 = LINE('',#1237,#1238);
#1237 = CARTESIAN_POINT('',(0.,0.));
#1238 = VECTOR('',#1239,1.);
#1239 = DIRECTION('',(0.,1.));
#1240 = ( GEOMETRIC_REPRESENTATION_CONTEXT(2) 
PARAMETRIC_REPRESENTATION_CONTEXT() REPRESENTATION_CONTEXT('2D SPACE',''
  ) );
#1241 = ORIENTED_EDGE('',*,*,#1242,.F.);
#1242 = EDGE_CURVE('',#1221,#1221,#1243,.T.);
#1243 = SURFACE_CURVE('',#1244,(#1249,#1256),.PCURVE_S1.);
#1244 = CIRCLE('',#1245,3.E-03);
#1245 = AXIS2_PLACEMENT_3D('',#1246,#1247,#1248);
#1246 = CARTESIAN_POINT('',(0.264518268686,0.27005265636,
    4.523721637419E-02));
#1247 = DIRECTION('',(-0.32358833722,-0.944329587221,5.943247188054E-02)
  );
#1248 = DIRECTION('',(0.901167173356,-0.288433226232,0.32357997415));
#1249 = PCURVE('',#1204,#1250);
#1250 = DEFINITIONAL_REPRESENTATION('',(#1251),#1255);
#1251 = LINE('',#1252,#1253);
#1252 = CARTESIAN_POINT('',(0.,2.019080278639E-03));
#1253 = VECTOR('',#1254,1.);
#1254 = DIRECTION('',(1.,0.));
#1255 = ( GEOMETRIC_REPRESENTATION_CONTEXT(2) 
PARAMETRIC_REPRESENTATION_CONTEXT() REPRESENTATION_CONTEXT('2D SPACE',''
  ) );
#1256 = PCURVE('',#1257,#1262);
#1257 = CYLINDRICAL_SURFACE('',#1258,3.E-03);
#1258 = AXIS2_PLACEMENT_3D('',#1259,#1260,#1261);
#1259 = CARTESIAN_POINT('',(0.264518268686,0.27005265636,
    4.523721637419E-02));
#1260 = DIRECTION('',(-0.323579423708,-0.944332569835,5.943361086742E-02
    ));
#1261 = DIRECTION('',(0.901170170199,-0.288424480404,0.323579423708));
#1262 = DEFINITIONAL_REPRESENTATION('',(#1263),#1266);
#1263 = B_SPLINE_CURVE_WITH_KNOTS('',1,(#1264,#1265),.UNSPECIFIED.,.F.,
  .F.,(2,2),(0.,6.28318530718),.PIECEWISE_BEZIER_KNOTS.);
#1264 = CARTESIAN_POINT('',(0.,0.));
#1265 = CARTESIAN_POINT('',(6.28318530718,0.));
#1266 = ( GEOMETRIC_REPRESENTATION_CONTEXT(2) 
PARAMETRIC_REPRESENTATION_CONTEXT() REPRESENTATION_CONTEXT('2D SPACE',''
  ) );
#1267 = ORIENTED_EDGE('',*,*,#1220,.F.);
#1268 = ORIENTED_EDGE('',*,*,#1189,.T.);
#1269 = ADVANCED_FACE('',(#1270),#1257,.T.);
#1270 = FACE_BOUND('',#1271,.T.);
#1271 = EDGE_LOOP('',(#1272,#1294,#1320,#1321));
#1272 = ORIENTED_EDGE('',*,*,#1273,.T.);
#1273 = EDGE_CURVE('',#1221,#1274,#1276,.T.);
#1274 = VERTEX_POINT('',#1275);
#1275 = CARTESIAN_POINT('',(0.266568458884,0.26728073619,
    4.63279535772E-02));
#1276 = SEAM_CURVE('',#1277,(#1281,#1287),.PCURVE_S1.);
#1277 = LINE('',#1278,#1279);
#1278 = CARTESIAN_POINT('',(0.267221779197,0.269187382918,
    4.620795464531E-02));
#1279 = VECTOR('',#1280,1.);
#1280 = DIRECTION('',(-0.323579423708,-0.944332569835,5.943361086742E-02
    ));
#1281 = PCURVE('',#1257,#1282);
#1282 = DEFINITIONAL_REPRESENTATION('',(#1283),#1286);
#1283 = B_SPLINE_CURVE_WITH_KNOTS('',1,(#1284,#1285),.UNSPECIFIED.,.F.,
  .F.,(2,2),(0.,2.019041584945E-03),.PIECEWISE_BEZIER_KNOTS.);
#1284 = CARTESIAN_POINT('',(6.28318530718,0.));
#1285 = CARTESIAN_POINT('',(6.28318530718,2.019041584945E-03));
#1286 = ( GEOMETRIC_REPRESENTATION_CONTEXT(2) 
PARAMETRIC_REPRESENTATION_CONTEXT() REPRESENTATION_CONTEXT('2D SPACE',''
  ) );
#1287 = PCURVE('',#1257,#1288);
#1288 = DEFINITIONAL_REPRESENTATION('',(#1289),#1293);
#1289 = LINE('',#1290,#1291);
#1290 = CARTESIAN_POINT('',(0.,0.));
#1291 = VECTOR('',#1292,1.);
#1292 = DIRECTION('',(0.,1.));
#1293 = ( GEOMETRIC_REPRESENTATION_CONTEXT(2) 
PARAMETRIC_REPRESENTATION_CONTEXT() REPRESENTATION_CONTEXT('2D SPACE',''
  ) );
#1294 = ORIENTED_EDGE('',*,*,#1295,.F.);
#1295 = EDGE_CURVE('',#1274,#1274,#1296,.T.);
#1296 = SURFACE_CURVE('',#1297,(#1302,#1309),.PCURVE_S1.);
#1297 = CIRCLE('',#1298,3.E-03);
#1298 = AXIS2_PLACEMENT_3D('',#1299,#1300,#1301);
#1299 = CARTESIAN_POINT('',(0.263864948373,0.268146009631,
    4.535721530607E-02));
#1300 = DIRECTION('',(-0.323579423708,-0.944332569835,5.943361086742E-02
    ));
#1301 = DIRECTION('',(0.901170170199,-0.288424480404,0.323579423708));
#1302 = PCURVE('',#1257,#1303);
#1303 = DEFINITIONAL_REPRESENTATION('',(#1304),#1308);
#1304 = LINE('',#1305,#1306);
#1305 = CARTESIAN_POINT('',(0.,2.019041584945E-03));
#1306 = VECTOR('',#1307,1.);
#1307 = DIRECTION('',(1.,0.));
#1308 = ( GEOMETRIC_REPRESENTATION_CONTEXT(2) 
PARAMETRIC_REPRESENTATION_CONTEXT() REPRESENTATION_CONTEXT('2D SPACE',''
  ) );
#1309 = PCURVE('',#1310,#1315);
#1310 = CYLINDRICAL_SURFACE('',#1311,3.E-03);
#1311 = AXIS2_PLACEMENT_3D('',#1312,#1313,#1314);
#1312 = CARTESIAN_POINT('',(0.263864948373,0.268146009631,
    4.535721530607E-02));
#1313 = DIRECTION('',(-0.323588300884,-0.944329481183,5.943435453093E-02
    ));
#1314 = DIRECTION('',(0.901167371176,-0.288432648916,0.323579937831));
#1315 = DEFINITIONAL_REPRESENTATION('',(#1316),#1319);
#1316 = B_SPLINE_CURVE_WITH_KNOTS('',1,(#1317,#1318),.UNSPECIFIED.,.F.,
  .F.,(2,2),(0.,6.28318530718),.PIECEWISE_BEZIER_KNOTS.);
#1317 = CARTESIAN_POINT('',(0.,0.));
#1318 = CARTESIAN_POINT('',(6.28318530718,0.));
#1319 = ( GEOMETRIC_REPRESENTATION_CONTEXT(2) 
PARAMETRIC_REPRESENTATION_CONTEXT() REPRESENTATION_CONTEXT('2D SPACE',''
  ) );
#1320 = ORIENTED_EDGE('',*,*,#1273,.F.);
#1321 = ORIENTED_EDGE('',*,*,#1242,.T.);
#1322 = ADVANCED_FACE('',(#1323),#1310,.T.);
#1323 = FACE_BOUND('',#1324,.T.);
#1324 = EDGE_LOOP('',(#1325,#1347,#1373,#1374));
#1325 = ORIENTED_EDGE('',*,*,#1326,.T.);
#1326 = EDGE_CURVE('',#1274,#1327,#1329,.T.);
#1327 = VERTEX_POINT('',#1328);
#1328 = CARTESIAN_POINT('',(0.265915108054,0.265374058944,
    4.644795632378E-02));
#1329 = SEAM_CURVE('',#1330,(#1334,#1340),.PCURVE_S1.);
#1330 = LINE('',#1331,#1332);
#1331 = CARTESIAN_POINT('',(0.266568450487,0.267280711684,
    4.632795511957E-02));
#1332 = VECTOR('',#1333,1.);
#1333 = DIRECTION('',(-0.323588300884,-0.944329481183,5.943435453093E-02
    ));
#1334 = PCURVE('',#1310,#1335);
#1335 = DEFINITIONAL_REPRESENTATION('',(#1336),#1339);
#1336 = B_SPLINE_CURVE_WITH_KNOTS('',1,(#1337,#1338),.UNSPECIFIED.,.F.,
  .F.,(2,2),(0.,2.019080505359E-03),.PIECEWISE_BEZIER_KNOTS.);
#1337 = CARTESIAN_POINT('',(6.28318530718,0.));
#1338 = CARTESIAN_POINT('',(6.28318530718,2.019080505359E-03));
#1339 = ( GEOMETRIC_REPRESENTATION_CONTEXT(2) 
PARAMETRIC_REPRESENTATION_CONTEXT() REPRESENTATION_CONTEXT('2D SPACE',''
  ) );
#1340 = PCURVE('',#1310,#1341);
#1341 = DEFINITIONAL_REPRESENTATION('',(#1342),#1346);
#1342 = LINE('',#1343,#1344);
#1343 = CARTESIAN_POINT('',(0.,0.));
#1344 = VECTOR('',#1345,1.);
#1345 = DIRECTION('',(0.,1.));
#1346 = ( GEOMETRIC_REPRESENTATION_CONTEXT(2) 
PARAMETRIC_REPRESENTATION_CONTEXT() REPRESENTATION_CONTEXT('2D SPACE',''
  ) );
#1347 = ORIENTED_EDGE('',*,*,#1348,.F.);
#1348 = EDGE_CURVE('',#1327,#1327,#1349,.T.);
#1349 = SURFACE_CURVE('',#1350,(#1355,#1362),.PCURVE_S1.);
#1350 = CIRCLE('',#1351,3.E-03);
#1351 = AXIS2_PLACEMENT_3D('',#1352,#1353,#1354);
#1352 = CARTESIAN_POINT('',(0.263211597543,0.266239332385,
    4.547721805266E-02));
#1353 = DIRECTION('',(-0.323588300884,-0.944329481183,5.943435453093E-02
    ));
#1354 = DIRECTION('',(0.901167371176,-0.288432648916,0.323579937831));
#1355 = PCURVE('',#1310,#1356);
#1356 = DEFINITIONAL_REPRESENTATION('',(#1357),#1361);
#1357 = LINE('',#1358,#1359);
#1358 = CARTESIAN_POINT('',(0.,2.019080505359E-03));
#1359 = VECTOR('',#1360,1.);
#1360 = DIRECTION('',(1.,0.));
#1361 = ( GEOMETRIC_REPRESENTATION_CONTEXT(2) 
PARAMETRIC_REPRESENTATION_CONTEXT() REPRESENTATION_CONTEXT('2D SPACE',''
  ) );
#1362 = PCURVE('',#1363,#1368);
#1363 = CYLINDRICAL_SURFACE('',#1364,3.E-03);
#1364 = AXIS2_PLACEMENT_3D('',#1365,#1366,#1367);
#1365 = CARTESIAN_POINT('',(0.263211597543,0.266239332385,
    4.547721805266E-02));
#1366 = DIRECTION('',(-0.323579423708,-0.944332569835,5.943361086742E-02
    ));
#1367 = DIRECTION('',(0.901170170199,-0.288424480404,0.323579423708));
#1368 = DEFINITIONAL_REPRESENTATION('',(#1369),#1372);
#1369 = B_SPLINE_CURVE_WITH_KNOTS('',1,(#1370,#1371),.UNSPECIFIED.,.F.,
  .F.,(2,2),(0.,6.28318530718),.PIECEWISE_BEZIER_KNOTS.);
#1370 = CARTESIAN_POINT('',(0.,0.));
#1371 = CARTESIAN_POINT('',(6.28318530718,0.));
#1372 = ( GEOMETRIC_REPRESENTATION_CONTEXT(2) 
PARAMETRIC_REPRESENTATION_CONTEXT() REPRESENTATION_CONTEXT('2D SPACE',''
  ) );
#1373 = ORIENTED_EDGE('',*,*,#1326,.F.);
#1374 = ORIENTED_EDGE('',*,*,#1295,.T.);
#1375 = ADVANCED_FACE('',(#1376),#1363,.T.);
#1376 = FACE_BOUND('',#1377,.T.);
#1377 = EDGE_LOOP('',(#1378,#1400,#1426,#1427));
#1378 = ORIENTED_EDGE('',*,*,#1379,.T.);
#1379 = EDGE_CURVE('',#1327,#1380,#1382,.T.);
#1380 = VERTEX_POINT('',#1381);
#1381 = CARTESIAN_POINT('',(0.265261787741,0.263467412215,
    4.656795525567E-02));
#1382 = SEAM_CURVE('',#1383,(#1387,#1393),.PCURVE_S1.);
#1383 = LINE('',#1384,#1385);
#1384 = CARTESIAN_POINT('',(0.265915108054,0.265374058944,
    4.644795632378E-02));
#1385 = VECTOR('',#1386,1.);
#1386 = DIRECTION('',(-0.323579423708,-0.944332569835,5.943361086742E-02
    ));
#1387 = PCURVE('',#1363,#1388);
#1388 = DEFINITIONAL_REPRESENTATION('',(#1389),#1392);
#1389 = B_SPLINE_CURVE_WITH_KNOTS('',1,(#1390,#1391),.UNSPECIFIED.,.F.,
  .F.,(2,2),(0.,2.019041584945E-03),.PIECEWISE_BEZIER_KNOTS.);
#1390 = CARTESIAN_POINT('',(6.28318530718,0.));
#1391 = CARTESIAN_POINT('',(6.28318530718,2.019041584945E-03));
#1392 = ( GEOMETRIC_REPRESENTATION_CONTEXT(2) 
PARAMETRIC_REPRESENTATION_CONTEXT() REPRESENTATION_CONTEXT('2D SPACE',''
  ) );
#1393 = PCURVE('',#1363,#1394);
#1394 = DEFINITIONAL_REPRESENTATION('',(#1395),#1399);
#1395 = LINE('',#1396,#1397);
#1396 = CARTESIAN_POINT('',(0.,0.));
#1397 = VECTOR('',#1398,1.);
#1398 = DIRECTION('',(0.,1.));
#1399 = ( GEOMETRIC_REPRESENTATION_CONTEXT(2) 
PARAMETRIC_REPRESENTATION_CONTEXT() REPRESENTATION_CONTEXT('2D SPACE',''
  ) );
#1400 = ORIENTED_EDGE('',*,*,#1401,.F.);
#1401 = EDGE_CURVE('',#1380,#1380,#1402,.T.);
#1402 = SURFACE_CURVE('',#1403,(#1408,#1415),.PCURVE_S1.);
#1403 = CIRCLE('',#1404,3.E-03);
#1404 = AXIS2_PLACEMENT_3D('',#1405,#1406,#1407);
#1405 = CARTESIAN_POINT('',(0.262558277231,0.264332685657,
    4.559721698454E-02));
#1406 = DIRECTION('',(-0.323579423708,-0.944332569835,5.943361086742E-02
    ));
#1407 = DIRECTION('',(0.901170170199,-0.288424480404,0.323579423708));
#1408 = PCURVE('',#1363,#1409);
#1409 = DEFINITIONAL_REPRESENTATION('',(#1410),#1414);
#1410 = LINE('',#1411,#1412);
#1411 = CARTESIAN_POINT('',(0.,2.019041584945E-03));
#1412 = VECTOR('',#1413,1.);
#1413 = DIRECTION('',(1.,0.));
#1414 = ( GEOMETRIC_REPRESENTATION_CONTEXT(2) 
PARAMETRIC_REPRESENTATION_CONTEXT() REPRESENTATION_CONTEXT('2D SPACE',''
  ) );
#1415 = PCURVE('',#1416,#1421);
#1416 = CYLINDRICAL_SURFACE('',#1417,3.E-03);
#1417 = AXIS2_PLACEMENT_3D('',#1418,#1419,#1420);
#1418 = CARTESIAN_POINT('',(0.262558277231,0.264332685657,
    4.559721698454E-02));
#1419 = DIRECTION('',(-0.323574805167,-0.944334205775,5.943276255453E-02
    ));
#1420 = DIRECTION('',(0.901171580813,-0.288420363638,0.323579164618));
#1421 = DEFINITIONAL_REPRESENTATION('',(#1422),#1425);
#1422 = B_SPLINE_CURVE_WITH_KNOTS('',1,(#1423,#1424),.UNSPECIFIED.,.F.,
  .F.,(2,2),(0.,6.28318530718),.PIECEWISE_BEZIER_KNOTS.);
#1423 = CARTESIAN_POINT('',(0.,0.));
#1424 = CARTESIAN_POINT('',(6.28318530718,0.));
#1425 = ( GEOMETRIC_REPRESENTATION_CONTEXT(2) 
PARAMETRIC_REPRESENTATION_CONTEXT() REPRESENTATION_CONTEXT('2D SPACE',''
  ) );
#1426 = ORIENTED_EDGE('',*,*,#1379,.F.);
#1427 = ORIENTED_EDGE('',*,*,#1348,.T.);
#1428 = ADVANCED_FACE('',(#1429),#1416,.T.);
#1429 = FACE_BOUND('',#1430,.T.);
#1430 = EDGE_LOOP('',(#1431,#1453,#1479,#1480));
#1431 = ORIENTED_EDGE('',*,*,#1432,.T.);
#1432 = EDGE_CURVE('',#1380,#1433,#1435,.T.);
#1433 = VERTEX_POINT('',#1434);
#1434 = CARTESIAN_POINT('',(0.264608467429,0.261560734969,
    4.668795418755E-02));
#1435 = SEAM_CURVE('',#1436,(#1440,#1446),.PCURVE_S1.);
#1436 = LINE('',#1437,#1438);
#1437 = CARTESIAN_POINT('',(0.265261791973,0.263467424566,
    4.656795447839E-02));
#1438 = VECTOR('',#1439,1.);
#1439 = DIRECTION('',(-0.323574805167,-0.944334205775,5.943276255453E-02
    ));
#1440 = PCURVE('',#1416,#1441);
#1441 = DEFINITIONAL_REPRESENTATION('',(#1442),#1445);
#1442 = B_SPLINE_CURVE_WITH_KNOTS('',1,(#1443,#1444),.UNSPECIFIED.,.F.,
  .F.,(2,2),(0.,2.019070403713E-03),.PIECEWISE_BEZIER_KNOTS.);
#1443 = CARTESIAN_POINT('',(6.28318530718,0.));
#1444 = CARTESIAN_POINT('',(6.28318530718,2.019070403713E-03));
#1445 = ( GEOMETRIC_REPRESENTATION_CONTEXT(2) 
PARAMETRIC_REPRESENTATION_CONTEXT() REPRESENTATION_CONTEXT('2D SPACE',''
  ) );
#1446 = PCURVE('',#1416,#1447);
#1447 = DEFINITIONAL_REPRESENTATION('',(#1448),#1452);
#1448 = LINE('',#1449,#1450);
#1449 = CARTESIAN_POINT('',(0.,0.));
#1450 = VECTOR('',#1451,1.);
#1451 = DIRECTION('',(0.,1.));
#1452 = ( GEOMETRIC_REPRESENTATION_CONTEXT(2) 
PARAMETRIC_REPRESENTATION_CONTEXT() REPRESENTATION_CONTEXT('2D SPACE',''
  ) );
#1453 = ORIENTED_EDGE('',*,*,#1454,.F.);
#1454 = EDGE_CURVE('',#1433,#1433,#1455,.T.);
#1455 = SURFACE_CURVE('',#1456,(#1461,#1468),.PCURVE_S1.);
#1456 = CIRCLE('',#1457,3.E-03);
#1457 = AXIS2_PLACEMENT_3D('',#1458,#1459,#1460);
#1458 = CARTESIAN_POINT('',(0.261904956918,0.26242600841,
    4.571721591642E-02));
#1459 = DIRECTION('',(-0.323574805167,-0.944334205775,5.943276255453E-02
    ));
#1460 = DIRECTION('',(0.901171580813,-0.288420363638,0.323579164618));
#1461 = PCURVE('',#1416,#1462);
#1462 = DEFINITIONAL_REPRESENTATION('',(#1463),#1467);
#1463 = LINE('',#1464,#1465);
#1464 = CARTESIAN_POINT('',(0.,2.019070403713E-03));
#1465 = VECTOR('',#1466,1.);
#1466 = DIRECTION('',(1.,0.));
#1467 = ( GEOMETRIC_REPRESENTATION_CONTEXT(2) 
PARAMETRIC_REPRESENTATION_CONTEXT() REPRESENTATION_CONTEXT('2D SPACE',''
  ) );
#1468 = PCURVE('',#1469,#1474);
#1469 = CYLINDRICAL_SURFACE('',#1470,3.E-03);
#1470 = AXIS2_PLACEMENT_3D('',#1471,#1472,#1473);
#1471 = CARTESIAN_POINT('',(0.261904956918,0.26242600841,
    4.571721591642E-02));
#1472 = DIRECTION('',(-0.323592955909,-0.944327951158,5.943332018098E-02
    ));
#1473 = DIRECTION('',(0.901165762618,-0.288437343136,0.323580233281));
#1474 = DEFINITIONAL_REPRESENTATION('',(#1475),#1478);
#1475 = B_SPLINE_CURVE_WITH_KNOTS('',1,(#1476,#1477),.UNSPECIFIED.,.F.,
  .F.,(2,2),(0.,6.28318530718),.PIECEWISE_BEZIER_KNOTS.);
#1476 = CARTESIAN_POINT('',(0.,0.));
#1477 = CARTESIAN_POINT('',(6.28318530718,0.));
#1478 = ( GEOMETRIC_REPRESENTATION_CONTEXT(2) 
PARAMETRIC_REPRESENTATION_CONTEXT() REPRESENTATION_CONTEXT('2D SPACE',''
  ) );
#1479 = ORIENTED_EDGE('',*,*,#1432,.F.);
#1480 = ORIENTED_EDGE('',*,*,#1401,.T.);
#1481 = ADVANCED_FACE('',(#1482),#1469,.T.);
#1482 = FACE_BOUND('',#1483,.T.);
#1483 = EDGE_LOOP('',(#1484,#1506,#1532,#1533));
#1484 = ORIENTED_EDGE('',*,*,#1485,.T.);
#1485 = EDGE_CURVE('',#1433,#1486,#1488,.T.);
#1486 = VERTEX_POINT('',#1487);
#1487 = CARTESIAN_POINT('',(0.263955116599,0.259654088241,
    4.680795311944E-02));
#1488 = SEAM_CURVE('',#1489,(#1493,#1499),.PCURVE_S1.);
#1489 = LINE('',#1490,#1491);
#1490 = CARTESIAN_POINT('',(0.264608454206,0.261560696381,
    4.668795661627E-02));
#1491 = VECTOR('',#1492,1.);
#1492 = DIRECTION('',(-0.323592955909,-0.944327951158,5.943332018098E-02
    ));
#1493 = PCURVE('',#1469,#1494);
#1494 = DEFINITIONAL_REPRESENTATION('',(#1495),#1498);
#1495 = B_SPLINE_CURVE_WITH_KNOTS('',1,(#1496,#1497),.UNSPECIFIED.,.F.,
  .F.,(2,2),(0.,2.019051460012E-03),.PIECEWISE_BEZIER_KNOTS.);
#1496 = CARTESIAN_POINT('',(6.28318530718,0.));
#1497 = CARTESIAN_POINT('',(6.28318530718,2.019051460012E-03));
#1498 = ( GEOMETRIC_REPRESENTATION_CONTEXT(2) 
PARAMETRIC_REPRESENTATION_CONTEXT() REPRESENTATION_CONTEXT('2D SPACE',''
  ) );
#1499 = PCURVE('',#1469,#1500);
#1500 = DEFINITIONAL_REPRESENTATION('',(#1501),#1505);
#1501 = LINE('',#1502,#1503);
#1502 = CARTESIAN_POINT('',(0.,0.));
#1503 = VECTOR('',#1504,1.);
#1504 = DIRECTION('',(0.,1.));
#1505 = ( GEOMETRIC_REPRESENTATION_CONTEXT(2) 
PARAMETRIC_REPRESENTATION_CONTEXT() REPRESENTATION_CONTEXT('2D SPACE',''
  ) );
#1506 = ORIENTED_EDGE('',*,*,#1507,.F.);
#1507 = EDGE_CURVE('',#1486,#1486,#1508,.T.);
#1508 = SURFACE_CURVE('',#1509,(#1514,#1521),.PCURVE_S1.);
#1509 = CIRCLE('',#1510,3.E-03);
#1510 = AXIS2_PLACEMENT_3D('',#1511,#1512,#1513);
#1511 = CARTESIAN_POINT('',(0.261251606088,0.260519361682,
    4.583721484831E-02));
#1512 = DIRECTION('',(-0.323592955909,-0.944327951158,5.943332018098E-02
    ));
#1513 = DIRECTION('',(0.901165762618,-0.288437343136,0.323580233281));
#1514 = PCURVE('',#1469,#1515);
#1515 = DEFINITIONAL_REPRESENTATION('',(#1516),#1520);
#1516 = LINE('',#1517,#1518);
#1517 = CARTESIAN_POINT('',(0.,2.019051460012E-03));
#1518 = VECTOR('',#1519,1.);
#1519 = DIRECTION('',(1.,0.));
#1520 = ( GEOMETRIC_REPRESENTATION_CONTEXT(2) 
PARAMETRIC_REPRESENTATION_CONTEXT() REPRESENTATION_CONTEXT('2D SPACE',''
  ) );
#1521 = PCURVE('',#1522,#1527);
#1522 = CYLINDRICAL_SURFACE('',#1523,3.E-03);
#1523 = AXIS2_PLACEMENT_3D('',#1524,#1525,#1526);
#1524 = CARTESIAN_POINT('',(0.261251606088,0.260519361682,
    4.583721484831E-02));
#1525 = DIRECTION('',(-0.323579387373,-0.944332463793,5.943549355364E-02
    ));
#1526 = DIRECTION('',(0.901170368022,-0.288423903078,0.323579387372));
#1527 = DEFINITIONAL_REPRESENTATION('',(#1528),#1531);
#1528 = B_SPLINE_CURVE_WITH_KNOTS('',1,(#1529,#1530),.UNSPECIFIED.,.F.,
  .F.,(2,2),(0.,6.28318530718),.PIECEWISE_BEZIER_KNOTS.);
#1529 = CARTESIAN_POINT('',(0.,0.));
#1530 = CARTESIAN_POINT('',(6.28318530718,0.));
#1531 = ( GEOMETRIC_REPRESENTATION_CONTEXT(2) 
PARAMETRIC_REPRESENTATION_CONTEXT() REPRESENTATION_CONTEXT('2D SPACE',''
  ) );
#1532 = ORIENTED_EDGE('',*,*,#1485,.F.);
#1533 = ORIENTED_EDGE('',*,*,#1454,.T.);
#1534 = ADVANCED_FACE('',(#1535),#1522,.T.);
#1535 = FACE_BOUND('',#1536,.T.);
#1536 = EDGE_LOOP('',(#1537,#1559,#1585,#1586));
#1537 = ORIENTED_EDGE('',*,*,#1538,.T.);
#1538 = EDGE_CURVE('',#1486,#1539,#1541,.T.);
#1539 = VERTEX_POINT('',#1540);
#1540 = CARTESIAN_POINT('',(0.263301796286,0.257747441512,
    4.692795586602E-02));
#1541 = SEAM_CURVE('',#1542,(#1546,#1552),.PCURVE_S1.);
#1542 = LINE('',#1543,#1544);
#1543 = CARTESIAN_POINT('',(0.263955117192,0.259654089973,
    4.680795301043E-02));
#1544 = VECTOR('',#1545,1.);
#1545 = DIRECTION('',(-0.323579387373,-0.944332463793,5.943549355364E-02
    ));
#1546 = PCURVE('',#1522,#1547);
#1547 = DEFINITIONAL_REPRESENTATION('',(#1548),#1551);
#1548 = B_SPLINE_CURVE_WITH_KNOTS('',1,(#1549,#1550),.UNSPECIFIED.,.F.,
  .F.,(2,2),(0.,2.01904181167E-03),.PIECEWISE_BEZIER_KNOTS.);
#1549 = CARTESIAN_POINT('',(6.28318530718,0.));
#1550 = CARTESIAN_POINT('',(6.28318530718,2.01904181167E-03));
#1551 = ( GEOMETRIC_REPRESENTATION_CONTEXT(2) 
PARAMETRIC_REPRESENTATION_CONTEXT() REPRESENTATION_CONTEXT('2D SPACE',''
  ) );
#1552 = PCURVE('',#1522,#1553);
#1553 = DEFINITIONAL_REPRESENTATION('',(#1554),#1558);
#1554 = LINE('',#1555,#1556);
#1555 = CARTESIAN_POINT('',(0.,0.));
#1556 = VECTOR('',#1557,1.);
#1557 = DIRECTION('',(0.,1.));
#1558 = ( GEOMETRIC_REPRESENTATION_CONTEXT(2) 
PARAMETRIC_REPRESENTATION_CONTEXT() REPRESENTATION_CONTEXT('2D SPACE',''
  ) );
#1559 = ORIENTED_EDGE('',*,*,#1560,.F.);
#1560 = EDGE_CURVE('',#1539,#1539,#1561,.T.);
#1561 = SURFACE_CURVE('',#1562,(#1567,#1574),.PCURVE_S1.);
#1562 = CIRCLE('',#1563,3.E-03);
#1563 = AXIS2_PLACEMENT_3D('',#1564,#1565,#1566);
#1564 = CARTESIAN_POINT('',(0.260598285776,0.258612714953,
    4.595721759489E-02));
#1565 = DIRECTION('',(-0.323579387373,-0.944332463793,5.943549355364E-02
    ));
#1566 = DIRECTION('',(0.901170368022,-0.288423903078,0.323579387372));
#1567 = PCURVE('',#1522,#1568);
#1568 = DEFINITIONAL_REPRESENTATION('',(#1569),#1573);
#1569 = LINE('',#1570,#1571);
#1570 = CARTESIAN_POINT('',(0.,2.01904181167E-03));
#1571 = VECTOR('',#1572,1.);
#1572 = DIRECTION('',(1.,0.));
#1573 = ( GEOMETRIC_REPRESENTATION_CONTEXT(2) 
PARAMETRIC_REPRESENTATION_CONTEXT() REPRESENTATION_CONTEXT('2D SPACE',''
  ) );
#1574 = PCURVE('',#1575,#1580);
#1575 = CYLINDRICAL_SURFACE('',#1576,3.E-03);
#1576 = AXIS2_PLACEMENT_3D('',#1577,#1578,#1579);
#1577 = CARTESIAN_POINT('',(0.260598285776,0.258612714953,
    4.595721759489E-02));
#1578 = DIRECTION('',(-0.32358833722,-0.944329587221,5.943247188054E-02)
  );
#1579 = DIRECTION('',(0.901167173356,-0.288433226232,0.32357997415));
#1580 = DEFINITIONAL_REPRESENTATION('',(#1581),#1584);
#1581 = B_SPLINE_CURVE_WITH_KNOTS('',1,(#1582,#1583),.UNSPECIFIED.,.F.,
  .F.,(2,2),(0.,6.28318530718),.PIECEWISE_BEZIER_KNOTS.);
#1582 = CARTESIAN_POINT('',(0.,0.));
#1583 = CARTESIAN_POINT('',(6.28318530718,0.));
#1584 = ( GEOMETRIC_REPRESENTATION_CONTEXT(2) 
PARAMETRIC_REPRESENTATION_CONTEXT() REPRESENTATION_CONTEXT('2D SPACE',''
  ) );
#1585 = ORIENTED_EDGE('',*,*,#1538,.F.);
#1586 = ORIENTED_EDGE('',*,*,#1507,.T.);
#1587 = ADVANCED_FACE('',(#1588),#1575,.T.);
#1588 = FACE_BOUND('',#1589,.T.);
#1589 = EDGE_LOOP('',(#1590,#1612,#1638,#1639));
#1590 = ORIENTED_EDGE('',*,*,#1591,.T.);
#1591 = EDGE_CURVE('',#1539,#1592,#1594,.T.);
#1592 = VERTEX_POINT('',#1593);
#1593 = CARTESIAN_POINT('',(0.262648445456,0.255840764266,
    4.70479547979E-02));
#1594 = SEAM_CURVE('',#1595,(#1599,#1605),.PCURVE_S1.);
#1595 = LINE('',#1596,#1597);
#1596 = CARTESIAN_POINT('',(0.263301787296,0.257747415275,
    4.692795751734E-02));
#1597 = VECTOR('',#1598,1.);
#1598 = DIRECTION('',(-0.32358833722,-0.944329587221,5.943247188054E-02)
  );
#1599 = PCURVE('',#1575,#1600);
#1600 = DEFINITIONAL_REPRESENTATION('',(#1601),#1604);
#1601 = B_SPLINE_CURVE_WITH_KNOTS('',1,(#1602,#1603),.UNSPECIFIED.,.F.,
  .F.,(2,2),(0.,2.019080278639E-03),.PIECEWISE_BEZIER_KNOTS.);
#1602 = CARTESIAN_POINT('',(6.28318530718,0.));
#1603 = CARTESIAN_POINT('',(6.28318530718,2.019080278639E-03));
#1604 = ( GEOMETRIC_REPRESENTATION_CONTEXT(2) 
PARAMETRIC_REPRESENTATION_CONTEXT() REPRESENTATION_CONTEXT('2D SPACE',''
  ) );
#1605 = PCURVE('',#1575,#1606);
#1606 = DEFINITIONAL_REPRESENTATION('',(#1607),#1611);
#1607 = LINE('',#1608,#1609);
#1608 = CARTESIAN_POINT('',(0.,0.));
#1609 = VECTOR('',#1610,1.);
#1610 = DIRECTION('',(0.,1.));
#1611 = ( GEOMETRIC_REPRESENTATION_CONTEXT(2) 
PARAMETRIC_REPRESENTATION_CONTEXT() REPRESENTATION_CONTEXT('2D SPACE',''
  ) );
#1612 = ORIENTED_EDGE('',*,*,#1613,.F.);
#1613 = EDGE_CURVE('',#1592,#1592,#1614,.T.);
#1614 = SURFACE_CURVE('',#1615,(#1620,#1627),.PCURVE_S1.);
#1615 = CIRCLE('',#1616,3.E-03);
#1616 = AXIS2_PLACEMENT_3D('',#1617,#1618,#1619);
#1617 = CARTESIAN_POINT('',(0.259944934946,0.256706037707,
    4.607721652678E-02));
#1618 = DIRECTION('',(-0.32358833722,-0.944329587221,5.943247188054E-02)
  );
#1619 = DIRECTION('',(0.901167173356,-0.288433226232,0.32357997415));
#1620 = PCURVE('',#1575,#1621);
#1621 = DEFINITIONAL_REPRESENTATION('',(#1622),#1626);
#1622 = LINE('',#1623,#1624);
#1623 = CARTESIAN_POINT('',(0.,2.019080278639E-03));
#1624 = VECTOR('',#1625,1.);
#1625 = DIRECTION('',(1.,0.));
#1626 = ( GEOMETRIC_REPRESENTATION_CONTEXT(2) 
PARAMETRIC_REPRESENTATION_CONTEXT() REPRESENTATION_CONTEXT('2D SPACE',''
  ) );
#1627 = PCURVE('',#1628,#1633);
#1628 = CYLINDRICAL_SURFACE('',#1629,3.E-03);
#1629 = AXIS2_PLACEMENT_3D('',#1630,#1631,#1632);
#1630 = CARTESIAN_POINT('',(0.259944934946,0.256706037707,
    4.607721652678E-02));
#1631 = DIRECTION('',(-0.323577114422,-0.944333387814,5.943318670813E-02
    ));
#1632 = DIRECTION('',(0.901170875514,-0.288422422007,0.323579294161));
#1633 = DEFINITIONAL_REPRESENTATION('',(#1634),#1637);
#1634 = B_SPLINE_CURVE_WITH_KNOTS('',1,(#1635,#1636),.UNSPECIFIED.,.F.,
  .F.,(2,2),(0.,6.28318530718),.PIECEWISE_BEZIER_KNOTS.);
#1635 = CARTESIAN_POINT('',(0.,0.));
#1636 = CARTESIAN_POINT('',(6.28318530718,0.));
#1637 = ( GEOMETRIC_REPRESENTATION_CONTEXT(2) 
PARAMETRIC_REPRESENTATION_CONTEXT() REPRESENTATION_CONTEXT('2D SPACE',''
  ) );
#1638 = ORIENTED_EDGE('',*,*,#1591,.F.);
#1639 = ORIENTED_EDGE('',*,*,#1560,.T.);
#1640 = ADVANCED_FACE('',(#1641),#1628,.T.);
#1641 = FACE_BOUND('',#1642,.T.);
#1642 = EDGE_LOOP('',(#1643,#1665,#1691,#1692));
#1643 = ORIENTED_EDGE('',*,*,#1644,.T.);
#1644 = EDGE_CURVE('',#1592,#1645,#1647,.T.);
#1645 = VERTEX_POINT('',#1646);
#1646 = CARTESIAN_POINT('',(0.261995125144,0.253934102279,
    4.716795372979E-02));
#1647 = SEAM_CURVE('',#1648,(#1652,#1658),.PCURVE_S1.);
#1648 = LINE('',#1649,#1650);
#1649 = CARTESIAN_POINT('',(0.262648447572,0.255840770441,
    4.704795440926E-02));
#1650 = VECTOR('',#1651,1.);
#1651 = DIRECTION('',(-0.323577114422,-0.944333387814,5.943318670813E-02
    ));
#1652 = PCURVE('',#1628,#1653);
#1653 = DEFINITIONAL_REPRESENTATION('',(#1654),#1657);
#1654 = B_SPLINE_CURVE_WITH_KNOTS('',1,(#1655,#1656),.UNSPECIFIED.,.F.,
  .F.,(2,2),(0.,2.019055994323E-03),.PIECEWISE_BEZIER_KNOTS.);
#1655 = CARTESIAN_POINT('',(6.28318530718,0.));
#1656 = CARTESIAN_POINT('',(6.28318530718,2.019055994323E-03));
#1657 = ( GEOMETRIC_REPRESENTATION_CONTEXT(2) 
PARAMETRIC_REPRESENTATION_CONTEXT() REPRESENTATION_CONTEXT('2D SPACE',''
  ) );
#1658 = PCURVE('',#1628,#1659);
#1659 = DEFINITIONAL_REPRESENTATION('',(#1660),#1664);
#1660 = LINE('',#1661,#1662);
#1661 = CARTESIAN_POINT('',(0.,0.));
#1662 = VECTOR('',#1663,1.);
#1663 = DIRECTION('',(0.,1.));
#1664 = ( GEOMETRIC_REPRESENTATION_CONTEXT(2) 
PARAMETRIC_REPRESENTATION_CONTEXT() REPRESENTATION_CONTEXT('2D SPACE',''
  ) );
#1665 = ORIENTED_EDGE('',*,*,#1666,.F.);
#1666 = EDGE_CURVE('',#1645,#1645,#1667,.T.);
#1667 = SURFACE_CURVE('',#1668,(#1673,#1680),.PCURVE_S1.);
#1668 = CIRCLE('',#1669,3.E-03);
#1669 = AXIS2_PLACEMENT_3D('',#1670,#1671,#1672);
#1670 = CARTESIAN_POINT('',(0.259291614633,0.25479937572,
    4.619721545866E-02));
#1671 = DIRECTION('',(-0.323577114422,-0.944333387814,5.943318670813E-02
    ));
#1672 = DIRECTION('',(0.901170875514,-0.288422422007,0.323579294161));
#1673 = PCURVE('',#1628,#1674);
#1674 = DEFINITIONAL_REPRESENTATION('',(#1675),#1679);
#1675 = LINE('',#1676,#1677);
#1676 = CARTESIAN_POINT('',(0.,2.019055994323E-03));
#1677 = VECTOR('',#1678,1.);
#1678 = DIRECTION('',(1.,0.));
#1679 = ( GEOMETRIC_REPRESENTATION_CONTEXT(2) 
PARAMETRIC_REPRESENTATION_CONTEXT() REPRESENTATION_CONTEXT('2D SPACE',''
  ) );
#1680 = PCURVE('',#1681,#1686);
#1681 = CYLINDRICAL_SURFACE('',#1682,3.E-03);
#1682 = AXIS2_PLACEMENT_3D('',#1683,#1684,#1685);
#1683 = CARTESIAN_POINT('',(0.259291614633,0.25479937572,
    4.619721545866E-02));
#1684 = DIRECTION('',(-0.323592919572,-0.944327845117,5.943520285805E-02
    ));
#1685 = DIRECTION('',(0.901165960442,-0.288436765811,0.323580196968));
#1686 = DEFINITIONAL_REPRESENTATION('',(#1687),#1690);
#1687 = B_SPLINE_CURVE_WITH_KNOTS('',1,(#1688,#1689),.UNSPECIFIED.,.F.,
  .F.,(2,2),(0.,6.28318530718),.PIECEWISE_BEZIER_KNOTS.);
#1688 = CARTESIAN_POINT('',(0.,0.));
#1689 = CARTESIAN_POINT('',(6.28318530718,0.));
#1690 = ( GEOMETRIC_REPRESENTATION_CONTEXT(2) 
PARAMETRIC_REPRESENTATION_CONTEXT() REPRESENTATION_CONTEXT('2D SPACE',''
  ) );
#1691 = ORIENTED_EDGE('',*,*,#1644,.F.);
#1692 = ORIENTED_EDGE('',*,*,#1613,.T.);
#1693 = ADVANCED_FACE('',(#1694),#1681,.T.);
#1694 = FACE_BOUND('',#1695,.T.);
#1695 = EDGE_LOOP('',(#1696,#1718,#1744,#1745));
#1696 = ORIENTED_EDGE('',*,*,#1697,.T.);
#1697 = EDGE_CURVE('',#1645,#1698,#1700,.T.);
#1698 = VERTEX_POINT('',#1699);
#1699 = CARTESIAN_POINT('',(0.261341774314,0.25202745555,
    4.728795647637E-02));
#1700 = SEAM_CURVE('',#1701,(#1705,#1711),.PCURVE_S1.);
#1701 = LINE('',#1702,#1703);
#1702 = CARTESIAN_POINT('',(0.261995112515,0.253934065423,
    4.716795604956E-02));
#1703 = VECTOR('',#1704,1.);
#1704 = DIRECTION('',(-0.323592919572,-0.944327845117,5.943520285805E-02
    ));
#1705 = PCURVE('',#1681,#1706);
#1706 = DEFINITIONAL_REPRESENTATION('',(#1707),#1710);
#1707 = B_SPLINE_CURVE_WITH_KNOTS('',1,(#1708,#1709),.UNSPECIFIED.,.F.,
  .F.,(2,2),(0.,2.019051686736E-03),.PIECEWISE_BEZIER_KNOTS.);
#1708 = CARTESIAN_POINT('',(6.28318530718,0.));
#1709 = CARTESIAN_POINT('',(6.28318530718,2.019051686736E-03));
#1710 = ( GEOMETRIC_REPRESENTATION_CONTEXT(2) 
PARAMETRIC_REPRESENTATION_CONTEXT() REPRESENTATION_CONTEXT('2D SPACE',''
  ) );
#1711 = PCURVE('',#1681,#1712);
#1712 = DEFINITIONAL_REPRESENTATION('',(#1713),#1717);
#1713 = LINE('',#1714,#1715);
#1714 = CARTESIAN_POINT('',(0.,0.));
#1715 = VECTOR('',#1716,1.);
#1716 = DIRECTION('',(0.,1.));
#1717 = ( GEOMETRIC_REPRESENTATION_CONTEXT(2) 
PARAMETRIC_REPRESENTATION_CONTEXT() REPRESENTATION_CONTEXT('2D SPACE',''
  ) );
#1718 = ORIENTED_EDGE('',*,*,#1719,.F.);
#1719 = EDGE_CURVE('',#1698,#1698,#1720,.T.);
#1720 = SURFACE_CURVE('',#1721,(#1726,#1733),.PCURVE_S1.);
#1721 = CIRCLE('',#1722,3.E-03);
#1722 = AXIS2_PLACEMENT_3D('',#1723,#1724,#1725);
#1723 = CARTESIAN_POINT('',(0.258638263803,0.252892728991,
    4.631721820524E-02));
#1724 = DIRECTION('',(-0.323592919572,-0.944327845117,5.943520285805E-02
    ));
#1725 = DIRECTION('',(0.901165960442,-0.288436765811,0.323580196968));
#1726 = PCURVE('',#1681,#1727);
#1727 = DEFINITIONAL_REPRESENTATION('',(#1728),#1732);
#1728 = LINE('',#1729,#1730);
#1729 = CARTESIAN_POINT('',(0.,2.019051686736E-03));
#1730 = VECTOR('',#1731,1.);
#1731 = DIRECTION('',(1.,0.));
#1732 = ( GEOMETRIC_REPRESENTATION_CONTEXT(2) 
PARAMETRIC_REPRESENTATION_CONTEXT() REPRESENTATION_CONTEXT('2D SPACE',''
  ) );
#1733 = PCURVE('',#1734,#1739);
#1734 = CYLINDRICAL_SURFACE('',#1735,3.E-03);
#1735 = AXIS2_PLACEMENT_3D('',#1736,#1737,#1738);
#1736 = CARTESIAN_POINT('',(0.258638263803,0.252892728991,
    4.631721820524E-02));
#1737 = DIRECTION('',(-0.323577114422,-0.944333387814,5.943318670813E-02
    ));
#1738 = DIRECTION('',(0.901170875514,-0.288422422007,0.323579294161));
#1739 = DEFINITIONAL_REPRESENTATION('',(#1740),#1743);
#1740 = B_SPLINE_CURVE_WITH_KNOTS('',1,(#1741,#1742),.UNSPECIFIED.,.F.,
  .F.,(2,2),(0.,6.28318530718),.PIECEWISE_BEZIER_KNOTS.);
#1741 = CARTESIAN_POINT('',(0.,0.));
#1742 = CARTESIAN_POINT('',(6.28318530718,0.));
#1743 = ( GEOMETRIC_REPRESENTATION_CONTEXT(2) 
PARAMETRIC_REPRESENTATION_CONTEXT() REPRESENTATION_CONTEXT('2D SPACE',''
  ) );
#1744 = ORIENTED_EDGE('',*,*,#1697,.F.);
#1745 = ORIENTED_EDGE('',*,*,#1666,.T.);
#1746 = ADVANCED_FACE('',(#1747),#1734,.T.);
#1747 = FACE_BOUND('',#1748,.T.);
#1748 = EDGE_LOOP('',(#1749,#1771,#1797,#1798));
#1749 = ORIENTED_EDGE('',*,*,#1750,.T.);
#1750 = EDGE_CURVE('',#1698,#1751,#1753,.T.);
#1751 = VERTEX_POINT('',#1752);
#1752 = CARTESIAN_POINT('',(0.260035133689,0.248214131576,
    4.752795434014E-02));
#1753 = SEAM_CURVE('',#1754,(#1758,#1764),.PCURVE_S1.);
#1754 = LINE('',#1755,#1756);
#1755 = CARTESIAN_POINT('',(0.26134177643,0.252027461725,
    4.728795608773E-02));
#1756 = VECTOR('',#1757,1.);
#1757 = DIRECTION('',(-0.323577114422,-0.944333387814,5.943318670813E-02
    ));
#1758 = PCURVE('',#1734,#1759);
#1759 = DEFINITIONAL_REPRESENTATION('',(#1760),#1763);
#1760 = B_SPLINE_CURVE_WITH_KNOTS('',1,(#1761,#1762),.UNSPECIFIED.,.F.,
  .F.,(2,2),(0.,4.038111988646E-03),.PIECEWISE_BEZIER_KNOTS.);
#1761 = CARTESIAN_POINT('',(6.28318530718,0.));
#1762 = CARTESIAN_POINT('',(6.28318530718,4.038111988646E-03));
#1763 = ( GEOMETRIC_REPRESENTATION_CONTEXT(2) 
PARAMETRIC_REPRESENTATION_CONTEXT() REPRESENTATION_CONTEXT('2D SPACE',''
  ) );
#1764 = PCURVE('',#1734,#1765);
#1765 = DEFINITIONAL_REPRESENTATION('',(#1766),#1770);
#1766 = LINE('',#1767,#1768);
#1767 = CARTESIAN_POINT('',(0.,0.));
#1768 = VECTOR('',#1769,1.);
#1769 = DIRECTION('',(0.,1.));
#1770 = ( GEOMETRIC_REPRESENTATION_CONTEXT(2) 
PARAMETRIC_REPRESENTATION_CONTEXT() REPRESENTATION_CONTEXT('2D SPACE',''
  ) );
#1771 = ORIENTED_EDGE('',*,*,#1772,.F.);
#1772 = EDGE_CURVE('',#1751,#1751,#1773,.T.);
#1773 = SURFACE_CURVE('',#1774,(#1779,#1786),.PCURVE_S1.);
#1774 = CIRCLE('',#1775,3.E-03);
#1775 = AXIS2_PLACEMENT_3D('',#1776,#1777,#1778);
#1776 = CARTESIAN_POINT('',(0.257331623178,0.249079405017,
    4.655721606901E-02));
#1777 = DIRECTION('',(-0.323577114422,-0.944333387814,5.943318670813E-02
    ));
#1778 = DIRECTION('',(0.901170875514,-0.288422422007,0.323579294161));
#1779 = PCURVE('',#1734,#1780);
#1780 = DEFINITIONAL_REPRESENTATION('',(#1781),#1785);
#1781 = LINE('',#1782,#1783);
#1782 = CARTESIAN_POINT('',(0.,4.038111988646E-03));
#1783 = VECTOR('',#1784,1.);
#1784 = DIRECTION('',(1.,0.));
#1785 = ( GEOMETRIC_REPRESENTATION_CONTEXT(2) 
PARAMETRIC_REPRESENTATION_CONTEXT() REPRESENTATION_CONTEXT('2D SPACE',''
  ) );
#1786 = PCURVE('',#1787,#1792);
#1787 = CYLINDRICAL_SURFACE('',#1788,3.E-03);
#1788 = AXIS2_PLACEMENT_3D('',#1789,#1790,#1791);
#1789 = CARTESIAN_POINT('',(0.257331623178,0.249079405017,
    4.655721606901E-02));
#1790 = DIRECTION('',(-0.323590646549,-0.944328769198,5.943289602792E-02
    ));
#1791 = DIRECTION('',(0.901166467995,-0.28843528467,0.323580103713));
#1792 = DEFINITIONAL_REPRESENTATION('',(#1793),#1796);
#1793 = B_SPLINE_CURVE_WITH_KNOTS('',1,(#1794,#1795),.UNSPECIFIED.,.F.,
  .F.,(2,2),(0.,6.28318530718),.PIECEWISE_BEZIER_KNOTS.);
#1794 = CARTESIAN_POINT('',(0.,0.));
#1795 = CARTESIAN_POINT('',(6.28318530718,0.));
#1796 = ( GEOMETRIC_REPRESENTATION_CONTEXT(2) 
PARAMETRIC_REPRESENTATION_CONTEXT() REPRESENTATION_CONTEXT('2D SPACE',''
  ) );
#1797 = ORIENTED_EDGE('',*,*,#1750,.F.);
#1798 = ORIENTED_EDGE('',*,*,#1719,.T.);
#1799 = ADVANCED_FACE('',(#1800),#1787,.T.);
#1800 = FACE_BOUND('',#1801,.T.);
#1801 = EDGE_LOOP('',(#1802,#1824,#1850,#1851));
#1802 = ORIENTED_EDGE('',*,*,#1803,.T.);
#1803 = EDGE_CURVE('',#1751,#1804,#1806,.T.);
#1804 = VERTEX_POINT('',#1805);
#1805 = CARTESIAN_POINT('',(0.259381782859,0.246307469588,
    4.764795327202E-02));
#1806 = SEAM_CURVE('',#1807,(#1811,#1817),.PCURVE_S1.);
#1807 = LINE('',#1808,#1809);
#1808 = CARTESIAN_POINT('',(0.260035122582,0.248214099163,
    4.752795638015E-02));
#1809 = VECTOR('',#1810,1.);
#1810 = DIRECTION('',(-0.323590646549,-0.944328769198,5.943289602792E-02
    ));
#1811 = PCURVE('',#1787,#1812);
#1812 = DEFINITIONAL_REPRESENTATION('',(#1813),#1816);
#1813 = B_SPLINE_CURVE_WITH_KNOTS('',1,(#1814,#1815),.UNSPECIFIED.,.F.,
  .F.,(2,2),(0.,2.019065869319E-03),.PIECEWISE_BEZIER_KNOTS.);
#1814 = CARTESIAN_POINT('',(6.28318530718,0.));
#1815 = CARTESIAN_POINT('',(6.28318530718,2.019065869319E-03));
#1816 = ( GEOMETRIC_REPRESENTATION_CONTEXT(2) 
PARAMETRIC_REPRESENTATION_CONTEXT() REPRESENTATION_CONTEXT('2D SPACE',''
  ) );
#1817 = PCURVE('',#1787,#1818);
#1818 = DEFINITIONAL_REPRESENTATION('',(#1819),#1823);
#1819 = LINE('',#1820,#1821);
#1820 = CARTESIAN_POINT('',(0.,0.));
#1821 = VECTOR('',#1822,1.);
#1822 = DIRECTION('',(0.,1.));
#1823 = ( GEOMETRIC_REPRESENTATION_CONTEXT(2) 
PARAMETRIC_REPRESENTATION_CONTEXT() REPRESENTATION_CONTEXT('2D SPACE',''
  ) );
#1824 = ORIENTED_EDGE('',*,*,#1825,.F.);
#1825 = EDGE_CURVE('',#1804,#1804,#1826,.T.);
#1826 = SURFACE_CURVE('',#1827,(#1832,#1839),.PCURVE_S1.);
#1827 = CIRCLE('',#1828,3.E-03);
#1828 = AXIS2_PLACEMENT_3D('',#1829,#1830,#1831);
#1829 = CARTESIAN_POINT('',(0.256678272348,0.24717274303,
    4.66772150009E-02));
#1830 = DIRECTION('',(-0.323590646549,-0.944328769198,5.943289602792E-02
    ));
#1831 = DIRECTION('',(0.901166467995,-0.28843528467,0.323580103713));
#1832 = PCURVE('',#1787,#1833);
#1833 = DEFINITIONAL_REPRESENTATION('',(#1834),#1838);
#1834 = LINE('',#1835,#1836);
#1835 = CARTESIAN_POINT('',(0.,2.019065869319E-03));
#1836 = VECTOR('',#1837,1.);
#1837 = DIRECTION('',(1.,0.));
#1838 = ( GEOMETRIC_REPRESENTATION_CONTEXT(2) 
PARAMETRIC_REPRESENTATION_CONTEXT() REPRESENTATION_CONTEXT('2D SPACE',''
  ) );
#1839 = PCURVE('',#1840,#1845);
#1840 = CYLINDRICAL_SURFACE('',#1841,3.E-03);
#1841 = AXIS2_PLACEMENT_3D('',#1842,#1843,#1844);
#1842 = CARTESIAN_POINT('',(0.256678272348,0.24717274303,
    4.66772150009E-02));
#1843 = DIRECTION('',(-0.323577078087,-0.944333281773,5.943506938101E-02
    ));
#1844 = DIRECTION('',(0.901171073335,-0.288421844686,0.323579257821));
#1845 = DEFINITIONAL_REPRESENTATION('',(#1846),#1849);
#1846 = B_SPLINE_CURVE_WITH_KNOTS('',1,(#1847,#1848),.UNSPECIFIED.,.F.,
  .F.,(2,2),(0.,6.28318530718),.PIECEWISE_BEZIER_KNOTS.);
#1847 = CARTESIAN_POINT('',(0.,0.));
#1848 = CARTESIAN_POINT('',(6.28318530718,0.));
#1849 = ( GEOMETRIC_REPRESENTATION_CONTEXT(2) 
PARAMETRIC_REPRESENTATION_CONTEXT() REPRESENTATION_CONTEXT('2D SPACE',''
  ) );
#1850 = ORIENTED_EDGE('',*,*,#1803,.F.);
#1851 = ORIENTED_EDGE('',*,*,#1772,.T.);
#1852 = ADVANCED_FACE('',(#1853),#1840,.T.);
#1853 = FACE_BOUND('',#1854,.T.);
#1854 = EDGE_LOOP('',(#1855,#1877,#1903,#1904));
#1855 = ORIENTED_EDGE('',*,*,#1856,.T.);
#1856 = EDGE_CURVE('',#1804,#1857,#1859,.T.);
#1857 = VERTEX_POINT('',#1858);
#1858 = CARTESIAN_POINT('',(0.258728462546,0.244400807601,
    4.77679560186E-02));
#1859 = SEAM_CURVE('',#1860,(#1864,#1870),.PCURVE_S1.);
#1860 = LINE('',#1861,#1862);
#1861 = CARTESIAN_POINT('',(0.259381785568,0.246307477496,
    4.764795277436E-02));
#1862 = VECTOR('',#1863,1.);
#1863 = DIRECTION('',(-0.323577078087,-0.944333281773,5.943506938101E-02
    ));
#1864 = PCURVE('',#1840,#1865);
#1865 = DEFINITIONAL_REPRESENTATION('',(#1866),#1869);
#1866 = B_SPLINE_CURVE_WITH_KNOTS('',1,(#1867,#1868),.UNSPECIFIED.,.F.,
  .F.,(2,2),(0.,2.019056221046E-03),.PIECEWISE_BEZIER_KNOTS.);
#1867 = CARTESIAN_POINT('',(6.28318530718,0.));
#1868 = CARTESIAN_POINT('',(6.28318530718,2.019056221046E-03));
#1869 = ( GEOMETRIC_REPRESENTATION_CONTEXT(2) 
PARAMETRIC_REPRESENTATION_CONTEXT() REPRESENTATION_CONTEXT('2D SPACE',''
  ) );
#1870 = PCURVE('',#1840,#1871);
#1871 = DEFINITIONAL_REPRESENTATION('',(#1872),#1876);
#1872 = LINE('',#1873,#1874);
#1873 = CARTESIAN_POINT('',(0.,0.));
#1874 = VECTOR('',#1875,1.);
#1875 = DIRECTION('',(0.,1.));
#1876 = ( GEOMETRIC_REPRESENTATION_CONTEXT(2) 
PARAMETRIC_REPRESENTATION_CONTEXT() REPRESENTATION_CONTEXT('2D SPACE',''
  ) );
#1877 = ORIENTED_EDGE('',*,*,#1878,.F.);
#1878 = EDGE_CURVE('',#1857,#1857,#1879,.T.);
#1879 = SURFACE_CURVE('',#1880,(#1885,#1892),.PCURVE_S1.);
#1880 = CIRCLE('',#1881,3.E-03);
#1881 = AXIS2_PLACEMENT_3D('',#1882,#1883,#1884);
#1882 = CARTESIAN_POINT('',(0.256024952036,0.245266081042,
    4.679721774748E-02));
#1883 = DIRECTION('',(-0.323577078087,-0.944333281773,5.943506938101E-02
    ));
#1884 = DIRECTION('',(0.901171073335,-0.288421844686,0.323579257821));
#1885 = PCURVE('',#1840,#1886);
#1886 = DEFINITIONAL_REPRESENTATION('',(#1887),#1891);
#1887 = LINE('',#1888,#1889);
#1888 = CARTESIAN_POINT('',(0.,2.019056221046E-03));
#1889 = VECTOR('',#1890,1.);
#1890 = DIRECTION('',(1.,0.));
#1891 = ( GEOMETRIC_REPRESENTATION_CONTEXT(2) 
PARAMETRIC_REPRESENTATION_CONTEXT() REPRESENTATION_CONTEXT('2D SPACE',''
  ) );
#1892 = PCURVE('',#1893,#1898);
#1893 = CYLINDRICAL_SURFACE('',#1894,3.E-03);
#1894 = AXIS2_PLACEMENT_3D('',#1895,#1896,#1897);
#1895 = CARTESIAN_POINT('',(0.256024952036,0.245266081042,
    4.679721774748E-02));
#1896 = DIRECTION('',(-0.323590646549,-0.944328769198,5.943289602792E-02
    ));
#1897 = DIRECTION('',(0.901166467995,-0.28843528467,0.323580103713));
#1898 = DEFINITIONAL_REPRESENTATION('',(#1899),#1902);
#1899 = B_SPLINE_CURVE_WITH_KNOTS('',1,(#1900,#1901),.UNSPECIFIED.,.F.,
  .F.,(2,2),(0.,6.28318530718),.PIECEWISE_BEZIER_KNOTS.);
#1900 = CARTESIAN_POINT('',(0.,0.));
#1901 = CARTESIAN_POINT('',(6.28318530718,0.));
#1902 = ( GEOMETRIC_REPRESENTATION_CONTEXT(2) 
PARAMETRIC_REPRESENTATION_CONTEXT() REPRESENTATION_CONTEXT('2D SPACE',''
  ) );
#1903 = ORIENTED_EDGE('',*,*,#1856,.F.);
#1904 = ORIENTED_EDGE('',*,*,#1825,.T.);
#1905 = ADVANCED_FACE('',(#1906),#1893,.T.);
#1906 = FACE_BOUND('',#1907,.T.);
#1907 = EDGE_LOOP('',(#1908,#1930,#1956,#1957));
#1908 = ORIENTED_EDGE('',*,*,#1909,.T.);
#1909 = EDGE_CURVE('',#1857,#1910,#1912,.T.);
#1910 = VERTEX_POINT('',#1911);
#1911 = CARTESIAN_POINT('',(0.258075111716,0.242494145614,
    4.788795495049E-02));
#1912 = SEAM_CURVE('',#1913,(#1917,#1923),.PCURVE_S1.);
#1913 = LINE('',#1914,#1915);
#1914 = CARTESIAN_POINT('',(0.25872845144,0.244400775188,
    4.776795805862E-02));
#1915 = VECTOR('',#1916,1.);
#1916 = DIRECTION('',(-0.323590646549,-0.944328769198,5.943289602792E-02
    ));
#1917 = PCURVE('',#1893,#1918);
#1918 = DEFINITIONAL_REPRESENTATION('',(#1919),#1922);
#1919 = B_SPLINE_CURVE_WITH_KNOTS('',1,(#1920,#1921),.UNSPECIFIED.,.F.,
  .F.,(2,2),(0.,2.019065869319E-03),.PIECEWISE_BEZIER_KNOTS.);
#1920 = CARTESIAN_POINT('',(6.28318530718,0.));
#1921 = CARTESIAN_POINT('',(6.28318530718,2.019065869319E-03));
#1922 = ( GEOMETRIC_REPRESENTATION_CONTEXT(2) 
PARAMETRIC_REPRESENTATION_CONTEXT() REPRESENTATION_CONTEXT('2D SPACE',''
  ) );
#1923 = PCURVE('',#1893,#1924);
#1924 = DEFINITIONAL_REPRESENTATION('',(#1925),#1929);
#1925 = LINE('',#1926,#1927);
#1926 = CARTESIAN_POINT('',(0.,0.));
#1927 = VECTOR('',#1928,1.);
#1928 = DIRECTION('',(0.,1.));
#1929 = ( GEOMETRIC_REPRESENTATION_CONTEXT(2) 
PARAMETRIC_REPRESENTATION_CONTEXT() REPRESENTATION_CONTEXT('2D SPACE',''
  ) );
#1930 = ORIENTED_EDGE('',*,*,#1931,.F.);
#1931 = EDGE_CURVE('',#1910,#1910,#1932,.T.);
#1932 = SURFACE_CURVE('',#1933,(#1938,#1945),.PCURVE_S1.);
#1933 = CIRCLE('',#1934,3.E-03);
#1934 = AXIS2_PLACEMENT_3D('',#1935,#1936,#1937);
#1935 = CARTESIAN_POINT('',(0.255371601205,0.243359419055,
    4.691721667936E-02));
#1936 = DIRECTION('',(-0.323590646549,-0.944328769198,5.943289602792E-02
    ));
#1937 = DIRECTION('',(0.901166467995,-0.28843528467,0.323580103713));
#1938 = PCURVE('',#1893,#1939);
#1939 = DEFINITIONAL_REPRESENTATION('',(#1940),#1944);
#1940 = LINE('',#1941,#1942);
#1941 = CARTESIAN_POINT('',(0.,2.019065869319E-03));
#1942 = VECTOR('',#1943,1.);
#1943 = DIRECTION('',(1.,0.));
#1944 = ( GEOMETRIC_REPRESENTATION_CONTEXT(2) 
PARAMETRIC_REPRESENTATION_CONTEXT() REPRESENTATION_CONTEXT('2D SPACE',''
  ) );
#1945 = PCURVE('',#1946,#1951);
#1946 = CYLINDRICAL_SURFACE('',#1947,3.E-03);
#1947 = AXIS2_PLACEMENT_3D('',#1948,#1949,#1950);
#1948 = CARTESIAN_POINT('',(0.255371601205,0.243359419055,
    4.691721667936E-02));
#1949 = DIRECTION('',(-0.323577114422,-0.944333387814,5.943318670813E-02
    ));
#1950 = DIRECTION('',(0.901170875514,-0.288422422007,0.323579294161));
#1951 = DEFINITIONAL_REPRESENTATION('',(#1952),#1955);
#1952 = B_SPLINE_CURVE_WITH_KNOTS('',1,(#1953,#1954),.UNSPECIFIED.,.F.,
  .F.,(2,2),(0.,6.28318530718),.PIECEWISE_BEZIER_KNOTS.);
#1953 = CARTESIAN_POINT('',(0.,0.));
#1954 = CARTESIAN_POINT('',(6.28318530718,0.));
#1955 = ( GEOMETRIC_REPRESENTATION_CONTEXT(2) 
PARAMETRIC_REPRESENTATION_CONTEXT() REPRESENTATION_CONTEXT('2D SPACE',''
  ) );
#1956 = ORIENTED_EDGE('',*,*,#1909,.F.);
#1957 = ORIENTED_EDGE('',*,*,#1878,.T.);
#1958 = ADVANCED_FACE('',(#1959),#1946,.T.);
#1959 = FACE_BOUND('',#1960,.T.);
#1960 = EDGE_LOOP('',(#1961,#1983,#2009,#2010));
#1961 = ORIENTED_EDGE('',*,*,#1962,.T.);
#1962 = EDGE_CURVE('',#1910,#1963,#1965,.T.);
#1963 = VERTEX_POINT('',#1964);
#1964 = CARTESIAN_POINT('',(0.257421791404,0.240587483626,
    4.800795388237E-02));
#1965 = SEAM_CURVE('',#1966,(#1970,#1976),.PCURVE_S1.);
#1966 = LINE('',#1967,#1968);
#1967 = CARTESIAN_POINT('',(0.258075113832,0.242494151789,
    4.788795456185E-02));
#1968 = VECTOR('',#1969,1.);
#1969 = DIRECTION('',(-0.323577114422,-0.944333387814,5.943318670813E-02
    ));
#1970 = PCURVE('',#1946,#1971);
#1971 = DEFINITIONAL_REPRESENTATION('',(#1972),#1975);
#1972 = B_SPLINE_CURVE_WITH_KNOTS('',1,(#1973,#1974),.UNSPECIFIED.,.F.,
  .F.,(2,2),(0.,2.019055994323E-03),.PIECEWISE_BEZIER_KNOTS.);
#1973 = CARTESIAN_POINT('',(6.28318530718,0.));
#1974 = CARTESIAN_POINT('',(6.28318530718,2.019055994323E-03));
#1975 = ( GEOMETRIC_REPRESENTATION_CONTEXT(2) 
PARAMETRIC_REPRESENTATION_CONTEXT() REPRESENTATION_CONTEXT('2D SPACE',''
  ) );
#1976 = PCURVE('',#1946,#1977);
#1977 = DEFINITIONAL_REPRESENTATION('',(#1978),#1982);
#1978 = LINE('',#1979,#1980);
#1979 = CARTESIAN_POINT('',(0.,0.));
#1980 = VECTOR('',#1981,1.);
#1981 = DIRECTION('',(0.,1.));
#1982 = ( GEOMETRIC_REPRESENTATION_CONTEXT(2) 
PARAMETRIC_REPRESENTATION_CONTEXT() REPRESENTATION_CONTEXT('2D SPACE',''
  ) );
#1983 = ORIENTED_EDGE('',*,*,#1984,.F.);
#1984 = EDGE_CURVE('',#1963,#1963,#1985,.T.);
#1985 = SURFACE_CURVE('',#1986,(#1991,#1998),.PCURVE_S1.);
#1986 = CIRCLE('',#1987,3.E-03);
#1987 = AXIS2_PLACEMENT_3D('',#1988,#1989,#1990);
#1988 = CARTESIAN_POINT('',(0.254718280893,0.241452757068,
    4.703721561125E-02));
#1989 = DIRECTION('',(-0.323577114422,-0.944333387814,5.943318670813E-02
    ));
#1990 = DIRECTION('',(0.901170875514,-0.288422422007,0.323579294161));
#1991 = PCURVE('',#1946,#1992);
#1992 = DEFINITIONAL_REPRESENTATION('',(#1993),#1997);
#1993 = LINE('',#1994,#1995);
#1994 = CARTESIAN_POINT('',(0.,2.019055994323E-03));
#1995 = VECTOR('',#1996,1.);
#1996 = DIRECTION('',(1.,0.));
#1997 = ( GEOMETRIC_REPRESENTATION_CONTEXT(2) 
PARAMETRIC_REPRESENTATION_CONTEXT() REPRESENTATION_CONTEXT('2D SPACE',''
  ) );
#1998 = PCURVE('',#1999,#2004);
#1999 = CYLINDRICAL_SURFACE('',#2000,3.E-03);
#2000 = AXIS2_PLACEMENT_3D('',#2001,#2002,#2003);
#2001 = CARTESIAN_POINT('',(0.254718280893,0.241452757068,
    4.703721561125E-02));
#2002 = DIRECTION('',(-0.32358388051,-0.944331078525,5.943304136919E-02)
  );
#2003 = DIRECTION('',(0.901168671774,-0.288428853363,0.323579698931));
#2004 = DEFINITIONAL_REPRESENTATION('',(#2005),#2008);
#2005 = B_SPLINE_CURVE_WITH_KNOTS('',1,(#2006,#2007),.UNSPECIFIED.,.F.,
  .F.,(2,2),(0.,6.28318530718),.PIECEWISE_BEZIER_KNOTS.);
#2006 = CARTESIAN_POINT('',(0.,0.));
#2007 = CARTESIAN_POINT('',(6.28318530718,0.));
#2008 = ( GEOMETRIC_REPRESENTATION_CONTEXT(2) 
PARAMETRIC_REPRESENTATION_CONTEXT() REPRESENTATION_CONTEXT('2D SPACE',''
  ) );
#2009 = ORIENTED_EDGE('',*,*,#1962,.F.);
#2010 = ORIENTED_EDGE('',*,*,#1931,.T.);
#2011 = ADVANCED_FACE('',(#2012),#1999,.T.);
#2012 = FACE_BOUND('',#2013,.T.);
#2013 = EDGE_LOOP('',(#2014,#2036,#2062,#2063));
#2014 = ORIENTED_EDGE('',*,*,#2015,.T.);
#2015 = EDGE_CURVE('',#1963,#2016,#2018,.T.);
#2016 = VERTEX_POINT('',#2017);
#2017 = CARTESIAN_POINT('',(0.256768455832,0.238680821639,
    4.812795281426E-02));
#2018 = SEAM_CURVE('',#2019,(#2023,#2029),.PCURVE_S1.);
#2019 = LINE('',#2020,#2021);
#2020 = CARTESIAN_POINT('',(0.257421786908,0.240587470508,
    4.800795470804E-02));
#2021 = VECTOR('',#2022,1.);
#2022 = DIRECTION('',(-0.32358388051,-0.944331078525,5.943304136919E-02)
  );
#2023 = PCURVE('',#1999,#2024);
#2024 = DEFINITIONAL_REPRESENTATION('',(#2025),#2028);
#2025 = B_SPLINE_CURVE_WITH_KNOTS('',1,(#2026,#2027),.UNSPECIFIED.,.F.,
  .F.,(2,2),(0.,2.019060931769E-03),.PIECEWISE_BEZIER_KNOTS.);
#2026 = CARTESIAN_POINT('',(6.28318530718,0.));
#2027 = CARTESIAN_POINT('',(6.28318530718,2.019060931769E-03));
#2028 = ( GEOMETRIC_REPRESENTATION_CONTEXT(2) 
PARAMETRIC_REPRESENTATION_CONTEXT() REPRESENTATION_CONTEXT('2D SPACE',''
  ) );
#2029 = PCURVE('',#1999,#2030);
#2030 = DEFINITIONAL_REPRESENTATION('',(#2031),#2035);
#2031 = LINE('',#2032,#2033);
#2032 = CARTESIAN_POINT('',(0.,0.));
#2033 = VECTOR('',#2034,1.);
#2034 = DIRECTION('',(0.,1.));
#2035 = ( GEOMETRIC_REPRESENTATION_CONTEXT(2) 
PARAMETRIC_REPRESENTATION_CONTEXT() REPRESENTATION_CONTEXT('2D SPACE',''
  ) );
#2036 = ORIENTED_EDGE('',*,*,#2037,.F.);
#2037 = EDGE_CURVE('',#2016,#2016,#2038,.T.);
#2038 = SURFACE_CURVE('',#2039,(#2044,#2051),.PCURVE_S1.);
#2039 = CIRCLE('',#2040,3.E-03);
#2040 = AXIS2_PLACEMENT_3D('',#2041,#2042,#2043);
#2041 = CARTESIAN_POINT('',(0.254064945322,0.23954609508,
    4.715721454313E-02));
#2042 = DIRECTION('',(-0.32358388051,-0.944331078525,5.943304136919E-02)
  );
#2043 = DIRECTION('',(0.901168671774,-0.288428853363,0.323579698931));
#2044 = PCURVE('',#1999,#2045);
#2045 = DEFINITIONAL_REPRESENTATION('',(#2046),#2050);
#2046 = LINE('',#2047,#2048);
#2047 = CARTESIAN_POINT('',(0.,2.019060931769E-03));
#2048 = VECTOR('',#2049,1.);
#2049 = DIRECTION('',(1.,0.));
#2050 = ( GEOMETRIC_REPRESENTATION_CONTEXT(2) 
PARAMETRIC_REPRESENTATION_CONTEXT() REPRESENTATION_CONTEXT('2D SPACE',''
  ) );
#2051 = PCURVE('',#2052,#2057);
#2052 = CYLINDRICAL_SURFACE('',#2053,3.E-03);
#2053 = AXIS2_PLACEMENT_3D('',#2054,#2055,#2056);
#2054 = CARTESIAN_POINT('',(0.254064945322,0.23954609508,
    4.715721454313E-02));
#2055 = DIRECTION('',(-0.323586153497,-0.944330154474,5.943534820701E-02
    ));
#2056 = DIRECTION('',(0.901168164252,-0.288430334469,0.323579792164));
#2057 = DEFINITIONAL_REPRESENTATION('',(#2058),#2061);
#2058 = B_SPLINE_CURVE_WITH_KNOTS('',1,(#2059,#2060),.UNSPECIFIED.,.F.,
  .F.,(2,2),(0.,6.28318530718),.PIECEWISE_BEZIER_KNOTS.);
#2059 = CARTESIAN_POINT('',(0.,0.));
#2060 = CARTESIAN_POINT('',(6.28318530718,0.));
#2061 = ( GEOMETRIC_REPRESENTATION_CONTEXT(2) 
PARAMETRIC_REPRESENTATION_CONTEXT() REPRESENTATION_CONTEXT('2D SPACE',''
  ) );
#2062 = ORIENTED_EDGE('',*,*,#2015,.F.);
#2063 = ORIENTED_EDGE('',*,*,#1984,.T.);
#2064 = ADVANCED_FACE('',(#2065),#2052,.T.);
#2065 = FACE_BOUND('',#2066,.T.);
#2066 = EDGE_LOOP('',(#2067,#2089,#2115,#2116));
#2067 = ORIENTED_EDGE('',*,*,#2068,.T.);
#2068 = EDGE_CURVE('',#2016,#2069,#2071,.T.);
#2069 = VERTEX_POINT('',#2070);
#2070 = CARTESIAN_POINT('',(0.256115120261,0.236774174911,
    4.824795556084E-02));
#2071 = SEAM_CURVE('',#2072,(#2076,#2082),.PCURVE_S1.);
#2072 = LINE('',#2073,#2074);
#2073 = CARTESIAN_POINT('',(0.256768449814,0.238680804077,
    4.812795391963E-02));
#2074 = VECTOR('',#2075,1.);
#2075 = DIRECTION('',(-0.323586153497,-0.944330154474,5.943534820701E-02
    ));
#2076 = PCURVE('',#2052,#2077);
#2077 = DEFINITIONAL_REPRESENTATION('',(#2078),#2081);
#2078 = B_SPLINE_CURVE_WITH_KNOTS('',1,(#2079,#2080),.UNSPECIFIED.,.F.,
  .F.,(2,2),(0.,2.019046749151E-03),.PIECEWISE_BEZIER_KNOTS.);
#2079 = CARTESIAN_POINT('',(6.28318530718,0.));
#2080 = CARTESIAN_POINT('',(6.28318530718,2.019046749151E-03));
#2081 = ( GEOMETRIC_REPRESENTATION_CONTEXT(2) 
PARAMETRIC_REPRESENTATION_CONTEXT() REPRESENTATION_CONTEXT('2D SPACE',''
  ) );
#2082 = PCURVE('',#2052,#2083);
#2083 = DEFINITIONAL_REPRESENTATION('',(#2084),#2088);
#2084 = LINE('',#2085,#2086);
#2085 = CARTESIAN_POINT('',(0.,0.));
#2086 = VECTOR('',#2087,1.);
#2087 = DIRECTION('',(0.,1.));
#2088 = ( GEOMETRIC_REPRESENTATION_CONTEXT(2) 
PARAMETRIC_REPRESENTATION_CONTEXT() REPRESENTATION_CONTEXT('2D SPACE',''
  ) );
#2089 = ORIENTED_EDGE('',*,*,#2090,.F.);
#2090 = EDGE_CURVE('',#2069,#2069,#2091,.T.);
#2091 = SURFACE_CURVE('',#2092,(#2097,#2104),.PCURVE_S1.);
#2092 = CIRCLE('',#2093,3.E-03);
#2093 = AXIS2_PLACEMENT_3D('',#2094,#2095,#2096);
#2094 = CARTESIAN_POINT('',(0.25341160975,0.237639448352,
    4.727721728972E-02));
#2095 = DIRECTION('',(-0.323586153497,-0.944330154474,5.943534820701E-02
    ));
#2096 = DIRECTION('',(0.901168164252,-0.288430334469,0.323579792164));
#2097 = PCURVE('',#2052,#2098);
#2098 = DEFINITIONAL_REPRESENTATION('',(#2099),#2103);
#2099 = LINE('',#2100,#2101);
#2100 = CARTESIAN_POINT('',(0.,2.019046749151E-03));
#2101 = VECTOR('',#2102,1.);
#2102 = DIRECTION('',(1.,0.));
#2103 = ( GEOMETRIC_REPRESENTATION_CONTEXT(2) 
PARAMETRIC_REPRESENTATION_CONTEXT() REPRESENTATION_CONTEXT('2D SPACE',''
  ) );
#2104 = PCURVE('',#2105,#2110);
#2105 = CYLINDRICAL_SURFACE('',#2106,3.E-03);
#2106 = AXIS2_PLACEMENT_3D('',#2107,#2108,#2109);
#2107 = CARTESIAN_POINT('',(0.25341160975,0.237639448352,
    4.727721728972E-02));
#2108 = DIRECTION('',(-0.32358388051,-0.944331078525,5.943304136919E-02)
  );
#2109 = DIRECTION('',(0.901168671774,-0.288428853363,0.323579698931));
#2110 = DEFINITIONAL_REPRESENTATION('',(#2111),#2114);
#2111 = B_SPLINE_CURVE_WITH_KNOTS('',1,(#2112,#2113),.UNSPECIFIED.,.F.,
  .F.,(2,2),(0.,6.28318530718),.PIECEWISE_BEZIER_KNOTS.);
#2112 = CARTESIAN_POINT('',(0.,0.));
#2113 = CARTESIAN_POINT('',(6.28318530718,0.));
#2114 = ( GEOMETRIC_REPRESENTATION_CONTEXT(2) 
PARAMETRIC_REPRESENTATION_CONTEXT() REPRESENTATION_CONTEXT('2D SPACE',''
  ) );
#2115 = ORIENTED_EDGE('',*,*,#2068,.F.);
#2116 = ORIENTED_EDGE('',*,*,#2037,.T.);
#2117 = ADVANCED_FACE('',(#2118),#2105,.T.);
#2118 = FACE_BOUND('',#2119,.T.);
#2119 = EDGE_LOOP('',(#2120,#2142,#2168,#2169));
#2120 = ORIENTED_EDGE('',*,*,#2121,.T.);
#2121 = EDGE_CURVE('',#2069,#2122,#2124,.T.);
#2122 = VERTEX_POINT('',#2123);
#2123 = CARTESIAN_POINT('',(0.254808449118,0.232960850936,
    4.848795342461E-02));
#2124 = SEAM_CURVE('',#2125,(#2129,#2135),.PCURVE_S1.);
#2125 = LINE('',#2126,#2127);
#2126 = CARTESIAN_POINT('',(0.256115115766,0.236774161792,
    4.824795638651E-02));
#2127 = VECTOR('',#2128,1.);
#2128 = DIRECTION('',(-0.32358388051,-0.944331078525,5.943304136919E-02)
  );
#2129 = PCURVE('',#2105,#2130);
#2130 = DEFINITIONAL_REPRESENTATION('',(#2131),#2134);
#2131 = B_SPLINE_CURVE_WITH_KNOTS('',1,(#2132,#2133),.UNSPECIFIED.,.F.,
  .F.,(2,2),(0.,4.038121863539E-03),.PIECEWISE_BEZIER_KNOTS.);
#2132 = CARTESIAN_POINT('',(6.28318530718,0.));
#2133 = CARTESIAN_POINT('',(6.28318530718,4.038121863539E-03));
#2134 = ( GEOMETRIC_REPRESENTATION_CONTEXT(2) 
PARAMETRIC_REPRESENTATION_CONTEXT() REPRESENTATION_CONTEXT('2D SPACE',''
  ) );
#2135 = PCURVE('',#2105,#2136);
#2136 = DEFINITIONAL_REPRESENTATION('',(#2137),#2141);
#2137 = LINE('',#2138,#2139);
#2138 = CARTESIAN_POINT('',(0.,0.));
#2139 = VECTOR('',#2140,1.);
#2140 = DIRECTION('',(0.,1.));
#2141 = ( GEOMETRIC_REPRESENTATION_CONTEXT(2) 
PARAMETRIC_REPRESENTATION_CONTEXT() REPRESENTATION_CONTEXT('2D SPACE',''
  ) );
#2142 = ORIENTED_EDGE('',*,*,#2143,.F.);
#2143 = EDGE_CURVE('',#2122,#2122,#2144,.T.);
#2144 = SURFACE_CURVE('',#2145,(#2150,#2157),.PCURVE_S1.);
#2145 = CIRCLE('',#2146,3.E-03);
#2146 = AXIS2_PLACEMENT_3D('',#2147,#2148,#2149);
#2147 = CARTESIAN_POINT('',(0.252104938608,0.233826124377,
    4.751721515349E-02));
#2148 = DIRECTION('',(-0.32358388051,-0.944331078525,5.943304136919E-02)
  );
#2149 = DIRECTION('',(0.901168671774,-0.288428853363,0.323579698931));
#2150 = PCURVE('',#2105,#2151);
#2151 = DEFINITIONAL_REPRESENTATION('',(#2152),#2156);
#2152 = LINE('',#2153,#2154);
#2153 = CARTESIAN_POINT('',(0.,4.038121863539E-03));
#2154 = VECTOR('',#2155,1.);
#2155 = DIRECTION('',(1.,0.));
#2156 = ( GEOMETRIC_REPRESENTATION_CONTEXT(2) 
PARAMETRIC_REPRESENTATION_CONTEXT() REPRESENTATION_CONTEXT('2D SPACE',''
  ) );
#2157 = PCURVE('',#2158,#2163);
#2158 = CYLINDRICAL_SURFACE('',#2159,3.E-03);
#2159 = AXIS2_PLACEMENT_3D('',#2160,#2161,#2162);
#2160 = CARTESIAN_POINT('',(0.252104938608,0.233826124377,
    4.751721515349E-02));
#2161 = DIRECTION('',(-0.323577078087,-0.944333281773,5.943506938101E-02
    ));
#2162 = DIRECTION('',(0.901171073335,-0.288421844686,0.323579257821));
#2163 = DEFINITIONAL_REPRESENTATION('',(#2164),#2167);
#2164 = B_SPLINE_CURVE_WITH_KNOTS('',1,(#2165,#2166),.UNSPECIFIED.,.F.,
  .F.,(2,2),(0.,6.28318530718),.PIECEWISE_BEZIER_KNOTS.);
#2165 = CARTESIAN_POINT('',(0.,0.));
#2166 = CARTESIAN_POINT('',(6.28318530718,0.));
#2167 = ( GEOMETRIC_REPRESENTATION_CONTEXT(2) 
PARAMETRIC_REPRESENTATION_CONTEXT() REPRESENTATION_CONTEXT('2D SPACE',''
  ) );
#2168 = ORIENTED_EDGE('',*,*,#2121,.F.);
#2169 = ORIENTED_EDGE('',*,*,#2090,.T.);
#2170 = ADVANCED_FACE('',(#2171),#2158,.T.);
#2171 = FACE_BOUND('',#2172,.T.);
#2172 = EDGE_LOOP('',(#2173,#2195,#2221,#2222));
#2173 = ORIENTED_EDGE('',*,*,#2174,.T.);
#2174 = EDGE_CURVE('',#2122,#2175,#2177,.T.);
#2175 = VERTEX_POINT('',#2176);
#2176 = CARTESIAN_POINT('',(0.254155128806,0.231054188949,
    4.860795617119E-02));
#2177 = SEAM_CURVE('',#2178,(#2182,#2188),.PCURVE_S1.);
#2178 = LINE('',#2179,#2180);
#2179 = CARTESIAN_POINT('',(0.254808451828,0.232960858843,
    4.848795292695E-02));
#2180 = VECTOR('',#2181,1.);
#2181 = DIRECTION('',(-0.323577078087,-0.944333281773,5.943506938101E-02
    ));
#2182 = PCURVE('',#2158,#2183);
#2183 = DEFINITIONAL_REPRESENTATION('',(#2184),#2187);
#2184 = B_SPLINE_CURVE_WITH_KNOTS('',1,(#2185,#2186),.UNSPECIFIED.,.F.,
  .F.,(2,2),(0.,2.019056221046E-03),.PIECEWISE_BEZIER_KNOTS.);
#2185 = CARTESIAN_POINT('',(6.28318530718,0.));
#2186 = CARTESIAN_POINT('',(6.28318530718,2.019056221046E-03));
#2187 = ( GEOMETRIC_REPRESENTATION_CONTEXT(2) 
PARAMETRIC_REPRESENTATION_CONTEXT() REPRESENTATION_CONTEXT('2D SPACE',''
  ) );
#2188 = PCURVE('',#2158,#2189);
#2189 = DEFINITIONAL_REPRESENTATION('',(#2190),#2194);
#2190 = LINE('',#2191,#2192);
#2191 = CARTESIAN_POINT('',(0.,0.));
#2192 = VECTOR('',#2193,1.);
#2193 = DIRECTION('',(0.,1.));
#2194 = ( GEOMETRIC_REPRESENTATION_CONTEXT(2) 
PARAMETRIC_REPRESENTATION_CONTEXT() REPRESENTATION_CONTEXT('2D SPACE',''
  ) );
#2195 = ORIENTED_EDGE('',*,*,#2196,.F.);
#2196 = EDGE_CURVE('',#2175,#2175,#2197,.T.);
#2197 = SURFACE_CURVE('',#2198,(#2203,#2210),.PCURVE_S1.);
#2198 = CIRCLE('',#2199,3.E-03);
#2199 = AXIS2_PLACEMENT_3D('',#2200,#2201,#2202);
#2200 = CARTESIAN_POINT('',(0.251451618295,0.23191946239,
    4.763721790007E-02));
#2201 = DIRECTION('',(-0.323577078087,-0.944333281773,5.943506938101E-02
    ));
#2202 = DIRECTION('',(0.901171073335,-0.288421844686,0.323579257821));
#2203 = PCURVE('',#2158,#2204);
#2204 = DEFINITIONAL_REPRESENTATION('',(#2205),#2209);
#2205 = LINE('',#2206,#2207);
#2206 = CARTESIAN_POINT('',(0.,2.019056221046E-03));
#2207 = VECTOR('',#2208,1.);
#2208 = DIRECTION('',(1.,0.));
#2209 = ( GEOMETRIC_REPRESENTATION_CONTEXT(2) 
PARAMETRIC_REPRESENTATION_CONTEXT() REPRESENTATION_CONTEXT('2D SPACE',''
  ) );
#2210 = PCURVE('',#2211,#2216);
#2211 = CYLINDRICAL_SURFACE('',#2212,3.E-03);
#2212 = AXIS2_PLACEMENT_3D('',#2213,#2214,#2215);
#2213 = CARTESIAN_POINT('',(0.251451618295,0.23191946239,
    4.763721790007E-02));
#2214 = DIRECTION('',(-0.32358388051,-0.944331078525,5.943304136919E-02)
  );
#2215 = DIRECTION('',(0.901168671774,-0.288428853363,0.323579698931));
#2216 = DEFINITIONAL_REPRESENTATION('',(#2217),#2220);
#2217 = B_SPLINE_CURVE_WITH_KNOTS('',1,(#2218,#2219),.UNSPECIFIED.,.F.,
  .F.,(2,2),(0.,6.28318530718),.PIECEWISE_BEZIER_KNOTS.);
#2218 = CARTESIAN_POINT('',(0.,0.));
#2219 = CARTESIAN_POINT('',(6.28318530718,0.));
#2220 = ( GEOMETRIC_REPRESENTATION_CONTEXT(2) 
PARAMETRIC_REPRESENTATION_CONTEXT() REPRESENTATION_CONTEXT('2D SPACE',''
  ) );
#2221 = ORIENTED_EDGE('',*,*,#2174,.F.);
#2222 = ORIENTED_EDGE('',*,*,#2143,.T.);
#2223 = ADVANCED_FACE('',(#2224),#2211,.T.);
#2224 = FACE_BOUND('',#2225,.T.);
#2225 = EDGE_LOOP('',(#2226,#2248,#2274,#2275));
#2226 = ORIENTED_EDGE('',*,*,#2227,.T.);
#2227 = EDGE_CURVE('',#2175,#2228,#2230,.T.);
#2228 = VERTEX_POINT('',#2229);
#2229 = CARTESIAN_POINT('',(0.252195122092,0.225334202987,
    4.896795296685E-02));
#2230 = SEAM_CURVE('',#2231,(#2235,#2241),.PCURVE_S1.);
#2231 = LINE('',#2232,#2233);
#2232 = CARTESIAN_POINT('',(0.254155124311,0.23105417583,
    4.860795699686E-02));
#2233 = VECTOR('',#2234,1.);
#2234 = DIRECTION('',(-0.32358388051,-0.944331078525,5.943304136919E-02)
  );
#2235 = PCURVE('',#2211,#2236);
#2236 = DEFINITIONAL_REPRESENTATION('',(#2237),#2240);
#2237 = B_SPLINE_CURVE_WITH_KNOTS('',1,(#2238,#2239),.UNSPECIFIED.,.F.,
  .F.,(2,2),(0.,6.057182795308E-03),.PIECEWISE_BEZIER_KNOTS.);
#2238 = CARTESIAN_POINT('',(6.28318530718,0.));
#2239 = CARTESIAN_POINT('',(6.28318530718,6.057182795308E-03));
#2240 = ( GEOMETRIC_REPRESENTATION_CONTEXT(2) 
PARAMETRIC_REPRESENTATION_CONTEXT() REPRESENTATION_CONTEXT('2D SPACE',''
  ) );
#2241 = PCURVE('',#2211,#2242);
#2242 = DEFINITIONAL_REPRESENTATION('',(#2243),#2247);
#2243 = LINE('',#2244,#2245);
#2244 = CARTESIAN_POINT('',(0.,0.));
#2245 = VECTOR('',#2246,1.);
#2246 = DIRECTION('',(0.,1.));
#2247 = ( GEOMETRIC_REPRESENTATION_CONTEXT(2) 
PARAMETRIC_REPRESENTATION_CONTEXT() REPRESENTATION_CONTEXT('2D SPACE',''
  ) );
#2248 = ORIENTED_EDGE('',*,*,#2249,.F.);
#2249 = EDGE_CURVE('',#2228,#2228,#2250,.T.);
#2250 = SURFACE_CURVE('',#2251,(#2256,#2263),.PCURVE_S1.);
#2251 = CIRCLE('',#2252,3.E-03);
#2252 = AXIS2_PLACEMENT_3D('',#2253,#2254,#2255);
#2253 = CARTESIAN_POINT('',(0.249491611581,0.226199476428,
    4.799721469572E-02));
#2254 = DIRECTION('',(-0.32358388051,-0.944331078525,5.943304136919E-02)
  );
#2255 = DIRECTION('',(0.901168671774,-0.288428853363,0.323579698931));
#2256 = PCURVE('',#2211,#2257);
#2257 = DEFINITIONAL_REPRESENTATION('',(#2258),#2262);
#2258 = LINE('',#2259,#2260);
#2259 = CARTESIAN_POINT('',(0.,6.057182795308E-03));
#2260 = VECTOR('',#2261,1.);
#2261 = DIRECTION('',(1.,0.));
#2262 = ( GEOMETRIC_REPRESENTATION_CONTEXT(2) 
PARAMETRIC_REPRESENTATION_CONTEXT() REPRESENTATION_CONTEXT('2D SPACE',''
  ) );
#2263 = PCURVE('',#2264,#2269);
#2264 = CYLINDRICAL_SURFACE('',#2265,3.E-03);
#2265 = AXIS2_PLACEMENT_3D('',#2266,#2267,#2268);
#2266 = CARTESIAN_POINT('',(0.249491611581,0.226199476428,
    4.799721469572E-02));
#2267 = DIRECTION('',(-0.323586153497,-0.944330154474,5.943534820701E-02
    ));
#2268 = DIRECTION('',(0.901168164252,-0.288430334469,0.323579792164));
#2269 = DEFINITIONAL_REPRESENTATION('',(#2270),#2273);
#2270 = B_SPLINE_CURVE_WITH_KNOTS('',1,(#2271,#2272),.UNSPECIFIED.,.F.,
  .F.,(2,2),(0.,6.28318530718),.PIECEWISE_BEZIER_KNOTS.);
#2271 = CARTESIAN_POINT('',(0.,0.));
#2272 = CARTESIAN_POINT('',(6.28318530718,0.));
#2273 = ( GEOMETRIC_REPRESENTATION_CONTEXT(2) 
PARAMETRIC_REPRESENTATION_CONTEXT() REPRESENTATION_CONTEXT('2D SPACE',''
  ) );
#2274 = ORIENTED_EDGE('',*,*,#2227,.F.);
#2275 = ORIENTED_EDGE('',*,*,#2196,.T.);
#2276 = ADVANCED_FACE('',(#2277),#2264,.T.);
#2277 = FACE_BOUND('',#2278,.T.);
#2278 = EDGE_LOOP('',(#2279,#2301,#2327,#2328));
#2279 = ORIENTED_EDGE('',*,*,#2280,.T.);
#2280 = EDGE_CURVE('',#2228,#2281,#2283,.T.);
#2281 = VERTEX_POINT('',#2282);
#2282 = CARTESIAN_POINT('',(0.251541786521,0.223427556258,
    4.908795571343E-02));
#2283 = SEAM_CURVE('',#2284,(#2288,#2294),.PCURVE_S1.);
#2284 = LINE('',#2285,#2286);
#2285 = CARTESIAN_POINT('',(0.252195116074,0.225334185425,
    4.896795407221E-02));
#2286 = VECTOR('',#2287,1.);
#2287 = DIRECTION('',(-0.323586153497,-0.944330154474,5.943534820701E-02
    ));
#2288 = PCURVE('',#2264,#2289);
#2289 = DEFINITIONAL_REPRESENTATION('',(#2290),#2293);
#2290 = B_SPLINE_CURVE_WITH_KNOTS('',1,(#2291,#2292),.UNSPECIFIED.,.F.,
  .F.,(2,2),(0.,2.019046749151E-03),.PIECEWISE_BEZIER_KNOTS.);
#2291 = CARTESIAN_POINT('',(6.28318530718,0.));
#2292 = CARTESIAN_POINT('',(6.28318530718,2.019046749151E-03));
#2293 = ( GEOMETRIC_REPRESENTATION_CONTEXT(2) 
PARAMETRIC_REPRESENTATION_CONTEXT() REPRESENTATION_CONTEXT('2D SPACE',''
  ) );
#2294 = PCURVE('',#2264,#2295);
#2295 = DEFINITIONAL_REPRESENTATION('',(#2296),#2300);
#2296 = LINE('',#2297,#2298);
#2297 = CARTESIAN_POINT('',(0.,0.));
#2298 = VECTOR('',#2299,1.);
#2299 = DIRECTION('',(0.,1.));
#2300 = ( GEOMETRIC_REPRESENTATION_CONTEXT(2) 
PARAMETRIC_REPRESENTATION_CONTEXT() REPRESENTATION_CONTEXT('2D SPACE',''
  ) );
#2301 = ORIENTED_EDGE('',*,*,#2302,.F.);
#2302 = EDGE_CURVE('',#2281,#2281,#2303,.T.);
#2303 = SURFACE_CURVE('',#2304,(#2309,#2316),.PCURVE_S1.);
#2304 = CIRCLE('',#2305,3.E-03);
#2305 = AXIS2_PLACEMENT_3D('',#2306,#2307,#2308);
#2306 = CARTESIAN_POINT('',(0.24883827601,0.224292829699,
    4.81172174423E-02));
#2307 = DIRECTION('',(-0.323586153497,-0.944330154474,5.943534820701E-02
    ));
#2308 = DIRECTION('',(0.901168164252,-0.288430334469,0.323579792164));
#2309 = PCURVE('',#2264,#2310);
#2310 = DEFINITIONAL_REPRESENTATION('',(#2311),#2315);
#2311 = LINE('',#2312,#2313);
#2312 = CARTESIAN_POINT('',(0.,2.019046749151E-03));
#2313 = VECTOR('',#2314,1.);
#2314 = DIRECTION('',(1.,0.));
#2315 = ( GEOMETRIC_REPRESENTATION_CONTEXT(2) 
PARAMETRIC_REPRESENTATION_CONTEXT() REPRESENTATION_CONTEXT('2D SPACE',''
  ) );
#2316 = PCURVE('',#2317,#2322);
#2317 = CYLINDRICAL_SURFACE('',#2318,3.E-03);
#2318 = AXIS2_PLACEMENT_3D('',#2319,#2320,#2321);
#2319 = CARTESIAN_POINT('',(0.24883827601,0.224292829699,
    4.81172174423E-02));
#2320 = DIRECTION('',(-0.32358388051,-0.944331078525,5.943304136919E-02)
  );
#2321 = DIRECTION('',(0.901168671774,-0.288428853363,0.323579698931));
#2322 = DEFINITIONAL_REPRESENTATION('',(#2323),#2326);
#2323 = B_SPLINE_CURVE_WITH_KNOTS('',1,(#2324,#2325),.UNSPECIFIED.,.F.,
  .F.,(2,2),(0.,6.28318530718),.PIECEWISE_BEZIER_KNOTS.);
#2324 = CARTESIAN_POINT('',(0.,0.));
#2325 = CARTESIAN_POINT('',(6.28318530718,0.));
#2326 = ( GEOMETRIC_REPRESENTATION_CONTEXT(2) 
PARAMETRIC_REPRESENTATION_CONTEXT() REPRESENTATION_CONTEXT('2D SPACE',''
  ) );
#2327 = ORIENTED_EDGE('',*,*,#2280,.F.);
#2328 = ORIENTED_EDGE('',*,*,#2249,.T.);
#2329 = ADVANCED_FACE('',(#2330),#2317,.T.);
#2330 = FACE_BOUND('',#2331,.T.);
#2331 = EDGE_LOOP('',(#2332,#2354,#2380,#2381));
#2332 = ORIENTED_EDGE('',*,*,#2333,.T.);
#2333 = EDGE_CURVE('',#2281,#2334,#2336,.T.);
#2334 = VERTEX_POINT('',#2335);
#2335 = CARTESIAN_POINT('',(0.250235115378,0.219614232284,
    4.93279535772E-02));
#2336 = SEAM_CURVE('',#2337,(#2341,#2347),.PCURVE_S1.);
#2337 = LINE('',#2338,#2339);
#2338 = CARTESIAN_POINT('',(0.251541782025,0.223427543139,
    4.90879565391E-02));
#2339 = VECTOR('',#2340,1.);
#2340 = DIRECTION('',(-0.32358388051,-0.944331078525,5.943304136919E-02)
  );
#2341 = PCURVE('',#2317,#2342);
#2342 = DEFINITIONAL_REPRESENTATION('',(#2343),#2346);
#2343 = B_SPLINE_CURVE_WITH_KNOTS('',1,(#2344,#2345),.UNSPECIFIED.,.F.,
  .F.,(2,2),(0.,4.038121863539E-03),.PIECEWISE_BEZIER_KNOTS.);
#2344 = CARTESIAN_POINT('',(6.28318530718,0.));
#2345 = CARTESIAN_POINT('',(6.28318530718,4.038121863539E-03));
#2346 = ( GEOMETRIC_REPRESENTATION_CONTEXT(2) 
PARAMETRIC_REPRESENTATION_CONTEXT() REPRESENTATION_CONTEXT('2D SPACE',''
  ) );
#2347 = PCURVE('',#2317,#2348);
#2348 = DEFINITIONAL_REPRESENTATION('',(#2349),#2353);
#2349 = LINE('',#2350,#2351);
#2350 = CARTESIAN_POINT('',(0.,0.));
#2351 = VECTOR('',#2352,1.);
#2352 = DIRECTION('',(0.,1.));
#2353 = ( GEOMETRIC_REPRESENTATION_CONTEXT(2) 
PARAMETRIC_REPRESENTATION_CONTEXT() REPRESENTATION_CONTEXT('2D SPACE',''
  ) );
#2354 = ORIENTED_EDGE('',*,*,#2355,.F.);
#2355 = EDGE_CURVE('',#2334,#2334,#2356,.T.);
#2356 = SURFACE_CURVE('',#2357,(#2362,#2369),.PCURVE_S1.);
#2357 = CIRCLE('',#2358,3.E-03);
#2358 = AXIS2_PLACEMENT_3D('',#2359,#2360,#2361);
#2359 = CARTESIAN_POINT('',(0.247531604868,0.220479505725,
    4.835721530607E-02));
#2360 = DIRECTION('',(-0.32358388051,-0.944331078525,5.943304136919E-02)
  );
#2361 = DIRECTION('',(0.901168671774,-0.288428853363,0.323579698931));
#2362 = PCURVE('',#2317,#2363);
#2363 = DEFINITIONAL_REPRESENTATION('',(#2364),#2368);
#2364 = LINE('',#2365,#2366);
#2365 = CARTESIAN_POINT('',(0.,4.038121863539E-03));
#2366 = VECTOR('',#2367,1.);
#2367 = DIRECTION('',(1.,0.));
#2368 = ( GEOMETRIC_REPRESENTATION_CONTEXT(2) 
PARAMETRIC_REPRESENTATION_CONTEXT() REPRESENTATION_CONTEXT('2D SPACE',''
  ) );
#2369 = PCURVE('',#2370,#2375);
#2370 = CYLINDRICAL_SURFACE('',#2371,3.E-03);
#2371 = AXIS2_PLACEMENT_3D('',#2372,#2373,#2374);
#2372 = CARTESIAN_POINT('',(0.247531604868,0.220479505725,
    4.835721530607E-02));
#2373 = DIRECTION('',(-0.323577078087,-0.944333281773,5.943506938101E-02
    ));
#2374 = DIRECTION('',(0.901171073335,-0.288421844686,0.323579257821));
#2375 = DEFINITIONAL_REPRESENTATION('',(#2376),#2379);
#2376 = B_SPLINE_CURVE_WITH_KNOTS('',1,(#2377,#2378),.UNSPECIFIED.,.F.,
  .F.,(2,2),(0.,6.28318530718),.PIECEWISE_BEZIER_KNOTS.);
#2377 = CARTESIAN_POINT('',(0.,0.));
#2378 = CARTESIAN_POINT('',(6.28318530718,0.));
#2379 = ( GEOMETRIC_REPRESENTATION_CONTEXT(2) 
PARAMETRIC_REPRESENTATION_CONTEXT() REPRESENTATION_CONTEXT('2D SPACE',''
  ) );
#2380 = ORIENTED_EDGE('',*,*,#2333,.F.);
#2381 = ORIENTED_EDGE('',*,*,#2302,.T.);
#2382 = ADVANCED_FACE('',(#2383),#2370,.T.);
#2383 = FACE_BOUND('',#2384,.T.);
#2384 = EDGE_LOOP('',(#2385,#2407,#2433,#2434));
#2385 = ORIENTED_EDGE('',*,*,#2386,.T.);
#2386 = EDGE_CURVE('',#2334,#2387,#2389,.T.);
#2387 = VERTEX_POINT('',#2388);
#2388 = CARTESIAN_POINT('',(0.249581795066,0.217707570296,
    4.944795632378E-02));
#2389 = SEAM_CURVE('',#2390,(#2394,#2400),.PCURVE_S1.);
#2390 = LINE('',#2391,#2392);
#2391 = CARTESIAN_POINT('',(0.250235118088,0.219614240191,
    4.932795307954E-02));
#2392 = VECTOR('',#2393,1.);
#2393 = DIRECTION('',(-0.323577078087,-0.944333281773,5.943506938101E-02
    ));
#2394 = PCURVE('',#2370,#2395);
#2395 = DEFINITIONAL_REPRESENTATION('',(#2396),#2399);
#2396 = B_SPLINE_CURVE_WITH_KNOTS('',1,(#2397,#2398),.UNSPECIFIED.,.F.,
  .F.,(2,2),(0.,2.019056221046E-03),.PIECEWISE_BEZIER_KNOTS.);
#2397 = CARTESIAN_POINT('',(6.28318530718,0.));
#2398 = CARTESIAN_POINT('',(6.28318530718,2.019056221046E-03));
#2399 = ( GEOMETRIC_REPRESENTATION_CONTEXT(2) 
PARAMETRIC_REPRESENTATION_CONTEXT() REPRESENTATION_CONTEXT('2D SPACE',''
  ) );
#2400 = PCURVE('',#2370,#2401);
#2401 = DEFINITIONAL_REPRESENTATION('',(#2402),#2406);
#2402 = LINE('',#2403,#2404);
#2403 = CARTESIAN_POINT('',(0.,0.));
#2404 = VECTOR('',#2405,1.);
#2405 = DIRECTION('',(0.,1.));
#2406 = ( GEOMETRIC_REPRESENTATION_CONTEXT(2) 
PARAMETRIC_REPRESENTATION_CONTEXT() REPRESENTATION_CONTEXT('2D SPACE',''
  ) );
#2407 = ORIENTED_EDGE('',*,*,#2408,.F.);
#2408 = EDGE_CURVE('',#2387,#2387,#2409,.T.);
#2409 = SURFACE_CURVE('',#2410,(#2415,#2422),.PCURVE_S1.);
#2410 = CIRCLE('',#2411,3.E-03);
#2411 = AXIS2_PLACEMENT_3D('',#2412,#2413,#2414);
#2412 = CARTESIAN_POINT('',(0.246878284555,0.218572843738,
    4.847721805266E-02));
#2413 = DIRECTION('',(-0.323577078087,-0.944333281773,5.943506938101E-02
    ));
#2414 = DIRECTION('',(0.901171073335,-0.288421844686,0.323579257821));
#2415 = PCURVE('',#2370,#2416);
#2416 = DEFINITIONAL_REPRESENTATION('',(#2417),#2421);
#2417 = LINE('',#2418,#2419);
#2418 = CARTESIAN_POINT('',(0.,2.019056221046E-03));
#2419 = VECTOR('',#2420,1.);
#2420 = DIRECTION('',(1.,0.));
#2421 = ( GEOMETRIC_REPRESENTATION_CONTEXT(2) 
PARAMETRIC_REPRESENTATION_CONTEXT() REPRESENTATION_CONTEXT('2D SPACE',''
  ) );
#2422 = PCURVE('',#2423,#2428);
#2423 = CYLINDRICAL_SURFACE('',#2424,3.E-03);
#2424 = AXIS2_PLACEMENT_3D('',#2425,#2426,#2427);
#2425 = CARTESIAN_POINT('',(0.246878284555,0.218572843738,
    4.847721805266E-02));
#2426 = DIRECTION('',(-0.32358388051,-0.944331078525,5.943304136919E-02)
  );
#2427 = DIRECTION('',(0.901168671774,-0.288428853363,0.323579698931));
#2428 = DEFINITIONAL_REPRESENTATION('',(#2429),#2432);
#2429 = B_SPLINE_CURVE_WITH_KNOTS('',1,(#2430,#2431),.UNSPECIFIED.,.F.,
  .F.,(2,2),(0.,6.28318530718),.PIECEWISE_BEZIER_KNOTS.);
#2430 = CARTESIAN_POINT('',(0.,0.));
#2431 = CARTESIAN_POINT('',(6.28318530718,0.));
#2432 = ( GEOMETRIC_REPRESENTATION_CONTEXT(2) 
PARAMETRIC_REPRESENTATION_CONTEXT() REPRESENTATION_CONTEXT('2D SPACE',''
  ) );
#2433 = ORIENTED_EDGE('',*,*,#2386,.F.);
#2434 = ORIENTED_EDGE('',*,*,#2355,.T.);
#2435 = ADVANCED_FACE('',(#2436),#2423,.T.);
#2436 = FACE_BOUND('',#2437,.T.);
#2437 = EDGE_LOOP('',(#2438,#2460,#2486,#2487));
#2438 = ORIENTED_EDGE('',*,*,#2439,.T.);
#2439 = EDGE_CURVE('',#2387,#2440,#2442,.T.);
#2440 = VERTEX_POINT('',#2441);
#2441 = CARTESIAN_POINT('',(0.247621788352,0.211987584334,
    4.980795311944E-02));
#2442 = SEAM_CURVE('',#2443,(#2447,#2453),.PCURVE_S1.);
#2443 = LINE('',#2444,#2445);
#2444 = CARTESIAN_POINT('',(0.24958179057,0.217707557177,
    4.944795714945E-02));
#2445 = VECTOR('',#2446,1.);
#2446 = DIRECTION('',(-0.32358388051,-0.944331078525,5.943304136919E-02)
  );
#2447 = PCURVE('',#2423,#2448);
#2448 = DEFINITIONAL_REPRESENTATION('',(#2449),#2452);
#2449 = B_SPLINE_CURVE_WITH_KNOTS('',1,(#2450,#2451),.UNSPECIFIED.,.F.,
  .F.,(2,2),(0.,6.057182795308E-03),.PIECEWISE_BEZIER_KNOTS.);
#2450 = CARTESIAN_POINT('',(6.28318530718,0.));
#2451 = CARTESIAN_POINT('',(6.28318530718,6.057182795308E-03));
#2452 = ( GEOMETRIC_REPRESENTATION_CONTEXT(2) 
PARAMETRIC_REPRESENTATION_CONTEXT() REPRESENTATION_CONTEXT('2D SPACE',''
  ) );
#2453 = PCURVE('',#2423,#2454);
#2454 = DEFINITIONAL_REPRESENTATION('',(#2455),#2459);
#2455 = LINE('',#2456,#2457);
#2456 = CARTESIAN_POINT('',(0.,0.));
#2457 = VECTOR('',#2458,1.);
#2458 = DIRECTION('',(0.,1.));
#2459 = ( GEOMETRIC_REPRESENTATION_CONTEXT(2) 
PARAMETRIC_REPRESENTATION_CONTEXT() REPRESENTATION_CONTEXT('2D SPACE',''
  ) );
#2460 = ORIENTED_EDGE('',*,*,#2461,.F.);
#2461 = EDGE_CURVE('',#2440,#2440,#2462,.T.);
#2462 = SURFACE_CURVE('',#2463,(#2468,#2475),.PCURVE_S1.);
#2463 = CIRCLE('',#2464,3.E-03);
#2464 = AXIS2_PLACEMENT_3D('',#2465,#2466,#2467);
#2465 = CARTESIAN_POINT('',(0.244918277841,0.212852857776,
    4.883721484831E-02));
#2466 = DIRECTION('',(-0.32358388051,-0.944331078525,5.943304136919E-02)
  );
#2467 = DIRECTION('',(0.901168671774,-0.288428853363,0.323579698931));
#2468 = PCURVE('',#2423,#2469);
#2469 = DEFINITIONAL_REPRESENTATION('',(#2470),#2474);
#2470 = LINE('',#2471,#2472);
#2471 = CARTESIAN_POINT('',(0.,6.057182795308E-03));
#2472 = VECTOR('',#2473,1.);
#2473 = DIRECTION('',(1.,0.));
#2474 = ( GEOMETRIC_REPRESENTATION_CONTEXT(2) 
PARAMETRIC_REPRESENTATION_CONTEXT() REPRESENTATION_CONTEXT('2D SPACE',''
  ) );
#2475 = PCURVE('',#2476,#2481);
#2476 = CYLINDRICAL_SURFACE('',#2477,3.E-03);
#2477 = AXIS2_PLACEMENT_3D('',#2478,#2479,#2480);
#2478 = CARTESIAN_POINT('',(0.244918277841,0.212852857776,
    4.883721484831E-02));
#2479 = DIRECTION('',(-0.323583844175,-0.944330972485,5.943492403749E-02
    ));
#2480 = DIRECTION('',(0.901168869596,-0.288428276043,0.323579662603));
#2481 = DEFINITIONAL_REPRESENTATION('',(#2482),#2485);
#2482 = B_SPLINE_CURVE_WITH_KNOTS('',1,(#2483,#2484),.UNSPECIFIED.,.F.,
  .F.,(2,2),(0.,6.28318530718),.PIECEWISE_BEZIER_KNOTS.);
#2483 = CARTESIAN_POINT('',(0.,0.));
#2484 = CARTESIAN_POINT('',(6.28318530718,0.));
#2485 = ( GEOMETRIC_REPRESENTATION_CONTEXT(2) 
PARAMETRIC_REPRESENTATION_CONTEXT() REPRESENTATION_CONTEXT('2D SPACE',''
  ) );
#2486 = ORIENTED_EDGE('',*,*,#2439,.F.);
#2487 = ORIENTED_EDGE('',*,*,#2408,.T.);
#2488 = ADVANCED_FACE('',(#2489),#2476,.T.);
#2489 = FACE_BOUND('',#2490,.T.);
#2490 = EDGE_LOOP('',(#2491,#2513,#2539,#2540));
#2491 = ORIENTED_EDGE('',*,*,#2492,.T.);
#2492 = EDGE_CURVE('',#2440,#2493,#2495,.T.);
#2493 = VERTEX_POINT('',#2494);
#2494 = CARTESIAN_POINT('',(0.246968452781,0.210080922347,
    4.992795586602E-02));
#2495 = SEAM_CURVE('',#2496,(#2500,#2506),.PCURVE_S1.);
#2496 = LINE('',#2497,#2498);
#2497 = CARTESIAN_POINT('',(0.24762178445,0.211987572948,
    4.980795383612E-02));
#2498 = VECTOR('',#2499,1.);
#2499 = DIRECTION('',(-0.323583844175,-0.944330972485,5.943492403749E-02
    ));
#2500 = PCURVE('',#2476,#2501);
#2501 = DEFINITIONAL_REPRESENTATION('',(#2502),#2505);
#2502 = B_SPLINE_CURVE_WITH_KNOTS('',1,(#2503,#2504),.UNSPECIFIED.,.F.,
  .F.,(2,2),(0.,2.019061158492E-03),.PIECEWISE_BEZIER_KNOTS.);
#2503 = CARTESIAN_POINT('',(6.28318530718,0.));
#2504 = CARTESIAN_POINT('',(6.28318530718,2.019061158492E-03));
#2505 = ( GEOMETRIC_REPRESENTATION_CONTEXT(2) 
PARAMETRIC_REPRESENTATION_CONTEXT() REPRESENTATION_CONTEXT('2D SPACE',''
  ) );
#2506 = PCURVE('',#2476,#2507);
#2507 = DEFINITIONAL_REPRESENTATION('',(#2508),#2512);
#2508 = LINE('',#2509,#2510);
#2509 = CARTESIAN_POINT('',(0.,0.));
#2510 = VECTOR('',#2511,1.);
#2511 = DIRECTION('',(0.,1.));
#2512 = ( GEOMETRIC_REPRESENTATION_CONTEXT(2) 
PARAMETRIC_REPRESENTATION_CONTEXT() REPRESENTATION_CONTEXT('2D SPACE',''
  ) );
#2513 = ORIENTED_EDGE('',*,*,#2514,.F.);
#2514 = EDGE_CURVE('',#2493,#2493,#2515,.T.);
#2515 = SURFACE_CURVE('',#2516,(#2521,#2528),.PCURVE_S1.);
#2516 = CIRCLE('',#2517,3.E-03);
#2517 = AXIS2_PLACEMENT_3D('',#2518,#2519,#2520);
#2518 = CARTESIAN_POINT('',(0.24426494227,0.210946195788,
    4.895721759489E-02));
#2519 = DIRECTION('',(-0.323583844175,-0.944330972485,5.943492403749E-02
    ));
#2520 = DIRECTION('',(0.901168869596,-0.288428276043,0.323579662603));
#2521 = PCURVE('',#2476,#2522);
#2522 = DEFINITIONAL_REPRESENTATION('',(#2523),#2527);
#2523 = LINE('',#2524,#2525);
#2524 = CARTESIAN_POINT('',(0.,2.019061158492E-03));
#2525 = VECTOR('',#2526,1.);
#2526 = DIRECTION('',(1.,0.));
#2527 = ( GEOMETRIC_REPRESENTATION_CONTEXT(2) 
PARAMETRIC_REPRESENTATION_CONTEXT() REPRESENTATION_CONTEXT('2D SPACE',''
  ) );
#2528 = PCURVE('',#2529,#2534);
#2529 = CYLINDRICAL_SURFACE('',#2530,3.E-03);
#2530 = AXIS2_PLACEMENT_3D('',#2531,#2532,#2533);
#2531 = CARTESIAN_POINT('',(0.24426494227,0.210946195788,
    4.895721759489E-02));
#2532 = DIRECTION('',(-0.323586189834,-0.944330260515,5.943346552536E-02
    ));
#2533 = DIRECTION('',(0.901167966428,-0.288430911794,0.323579828489));
#2534 = DEFINITIONAL_REPRESENTATION('',(#2535),#2538);
#2535 = B_SPLINE_CURVE_WITH_KNOTS('',1,(#2536,#2537),.UNSPECIFIED.,.F.,
  .F.,(2,2),(0.,6.28318530718),.PIECEWISE_BEZIER_KNOTS.);
#2536 = CARTESIAN_POINT('',(0.,0.));
#2537 = CARTESIAN_POINT('',(6.28318530718,0.));
#2538 = ( GEOMETRIC_REPRESENTATION_CONTEXT(2) 
PARAMETRIC_REPRESENTATION_CONTEXT() REPRESENTATION_CONTEXT('2D SPACE',''
  ) );
#2539 = ORIENTED_EDGE('',*,*,#2492,.F.);
#2540 = ORIENTED_EDGE('',*,*,#2461,.T.);
#2541 = ADVANCED_FACE('',(#2542),#2529,.T.);
#2542 = FACE_BOUND('',#2543,.T.);
#2543 = EDGE_LOOP('',(#2544,#2566,#2592,#2593));
#2544 = ORIENTED_EDGE('',*,*,#2545,.T.);
#2545 = EDGE_CURVE('',#2493,#2546,#2548,.T.);
#2546 = VERTEX_POINT('',#2547);
#2547 = CARTESIAN_POINT('',(0.246315117209,0.208174275619,
    5.00479547979E-02));
#2548 = SEAM_CURVE('',#2549,(#2553,#2559),.PCURVE_S1.);
#2549 = LINE('',#2550,#2551);
#2550 = CARTESIAN_POINT('',(0.246968446169,0.210080903053,
    4.992795708036E-02));
#2551 = VECTOR('',#2552,1.);
#2552 = DIRECTION('',(-0.323586189834,-0.944330260515,5.943346552536E-02
    ));
#2553 = PCURVE('',#2529,#2554);
#2554 = DEFINITIONAL_REPRESENTATION('',(#2555),#2558);
#2555 = B_SPLINE_CURVE_WITH_KNOTS('',1,(#2556,#2557),.UNSPECIFIED.,.F.,
  .F.,(2,2),(0.,2.019046522427E-03),.PIECEWISE_BEZIER_KNOTS.);
#2556 = CARTESIAN_POINT('',(6.28318530718,0.));
#2557 = CARTESIAN_POINT('',(6.28318530718,2.019046522427E-03));
#2558 = ( GEOMETRIC_REPRESENTATION_CONTEXT(2) 
PARAMETRIC_REPRESENTATION_CONTEXT() REPRESENTATION_CONTEXT('2D SPACE',''
  ) );
#2559 = PCURVE('',#2529,#2560);
#2560 = DEFINITIONAL_REPRESENTATION('',(#2561),#2565);
#2561 = LINE('',#2562,#2563);
#2562 = CARTESIAN_POINT('',(0.,0.));
#2563 = VECTOR('',#2564,1.);
#2564 = DIRECTION('',(0.,1.));
#2565 = ( GEOMETRIC_REPRESENTATION_CONTEXT(2) 
PARAMETRIC_REPRESENTATION_CONTEXT() REPRESENTATION_CONTEXT('2D SPACE',''
  ) );
#2566 = ORIENTED_EDGE('',*,*,#2567,.F.);
#2567 = EDGE_CURVE('',#2546,#2546,#2568,.T.);
#2568 = SURFACE_CURVE('',#2569,(#2574,#2581),.PCURVE_S1.);
#2569 = CIRCLE('',#2570,3.E-03);
#2570 = AXIS2_PLACEMENT_3D('',#2571,#2572,#2573);
#2571 = CARTESIAN_POINT('',(0.243611606699,0.20903954906,
    4.907721652678E-02));
#2572 = DIRECTION('',(-0.323586189834,-0.944330260515,5.943346552536E-02
    ));
#2573 = DIRECTION('',(0.901167966428,-0.288430911794,0.323579828489));
#2574 = PCURVE('',#2529,#2575);
#2575 = DEFINITIONAL_REPRESENTATION('',(#2576),#2580);
#2576 = LINE('',#2577,#2578);
#2577 = CARTESIAN_POINT('',(0.,2.019046522427E-03));
#2578 = VECTOR('',#2579,1.);
#2579 = DIRECTION('',(1.,0.));
#2580 = ( GEOMETRIC_REPRESENTATION_CONTEXT(2) 
PARAMETRIC_REPRESENTATION_CONTEXT() REPRESENTATION_CONTEXT('2D SPACE',''
  ) );
#2581 = PCURVE('',#2582,#2587);
#2582 = CYLINDRICAL_SURFACE('',#2583,3.E-03);
#2583 = AXIS2_PLACEMENT_3D('',#2584,#2585,#2586);
#2584 = CARTESIAN_POINT('',(0.243611606699,0.20903954906,
    4.907721652678E-02));
#2585 = DIRECTION('',(-0.323577114422,-0.944333387814,5.943318670813E-02
    ));
#2586 = DIRECTION('',(0.901170875514,-0.288422422007,0.323579294161));
#2587 = DEFINITIONAL_REPRESENTATION('',(#2588),#2591);
#2588 = B_SPLINE_CURVE_WITH_KNOTS('',1,(#2589,#2590),.UNSPECIFIED.,.F.,
  .F.,(2,2),(0.,6.28318530718),.PIECEWISE_BEZIER_KNOTS.);
#2589 = CARTESIAN_POINT('',(0.,0.));
#2590 = CARTESIAN_POINT('',(6.28318530718,0.));
#2591 = ( GEOMETRIC_REPRESENTATION_CONTEXT(2) 
PARAMETRIC_REPRESENTATION_CONTEXT() REPRESENTATION_CONTEXT('2D SPACE',''
  ) );
#2592 = ORIENTED_EDGE('',*,*,#2545,.F.);
#2593 = ORIENTED_EDGE('',*,*,#2514,.T.);
#2594 = ADVANCED_FACE('',(#2595),#2582,.T.);
#2595 = FACE_BOUND('',#2596,.T.);
#2596 = EDGE_LOOP('',(#2597,#2619,#2645,#2646));
#2597 = ORIENTED_EDGE('',*,*,#2598,.T.);
#2598 = EDGE_CURVE('',#2546,#2599,#2601,.T.);
#2599 = VERTEX_POINT('',#2600);
#2600 = CARTESIAN_POINT('',(0.245661796897,0.206267613631,
    5.016795372979E-02));
#2601 = SEAM_CURVE('',#2602,(#2606,#2612),.PCURVE_S1.);
#2602 = LINE('',#2603,#2604);
#2603 = CARTESIAN_POINT('',(0.246315119325,0.208174281794,
    5.004795440926E-02));
#2604 = VECTOR('',#2605,1.);
#2605 = DIRECTION('',(-0.323577114422,-0.944333387814,5.943318670813E-02
    ));
#2606 = PCURVE('',#2582,#2607);
#2607 = DEFINITIONAL_REPRESENTATION('',(#2608),#2611);
#2608 = B_SPLINE_CURVE_WITH_KNOTS('',1,(#2609,#2610),.UNSPECIFIED.,.F.,
  .F.,(2,2),(0.,2.019055994323E-03),.PIECEWISE_BEZIER_KNOTS.);
#2609 = CARTESIAN_POINT('',(6.28318530718,0.));
#2610 = CARTESIAN_POINT('',(6.28318530718,2.019055994323E-03));
#2611 = ( GEOMETRIC_REPRESENTATION_CONTEXT(2) 
PARAMETRIC_REPRESENTATION_CONTEXT() REPRESENTATION_CONTEXT('2D SPACE',''
  ) );
#2612 = PCURVE('',#2582,#2613);
#2613 = DEFINITIONAL_REPRESENTATION('',(#2614),#2618);
#2614 = LINE('',#2615,#2616);
#2615 = CARTESIAN_POINT('',(0.,0.));
#2616 = VECTOR('',#2617,1.);
#2617 = DIRECTION('',(0.,1.));
#2618 = ( GEOMETRIC_REPRESENTATION_CONTEXT(2) 
PARAMETRIC_REPRESENTATION_CONTEXT() REPRESENTATION_CONTEXT('2D SPACE',''
  ) );
#2619 = ORIENTED_EDGE('',*,*,#2620,.F.);
#2620 = EDGE_CURVE('',#2599,#2599,#2621,.T.);
#2621 = SURFACE_CURVE('',#2622,(#2627,#2634),.PCURVE_S1.);
#2622 = CIRCLE('',#2623,3.E-03);
#2623 = AXIS2_PLACEMENT_3D('',#2624,#2625,#2626);
#2624 = CARTESIAN_POINT('',(0.242958286386,0.207132887073,
    4.919721545866E-02));
#2625 = DIRECTION('',(-0.323577114422,-0.944333387814,5.943318670813E-02
    ));
#2626 = DIRECTION('',(0.901170875514,-0.288422422007,0.323579294161));
#2627 = PCURVE('',#2582,#2628);
#2628 = DEFINITIONAL_REPRESENTATION('',(#2629),#2633);
#2629 = LINE('',#2630,#2631);
#2630 = CARTESIAN_POINT('',(0.,2.019055994323E-03));
#2631 = VECTOR('',#2632,1.);
#2632 = DIRECTION('',(1.,0.));
#2633 = ( GEOMETRIC_REPRESENTATION_CONTEXT(2) 
PARAMETRIC_REPRESENTATION_CONTEXT() REPRESENTATION_CONTEXT('2D SPACE',''
  ) );
#2634 = PCURVE('',#2635,#2640);
#2635 = CYLINDRICAL_SURFACE('',#2636,3.E-03);
#2636 = AXIS2_PLACEMENT_3D('',#2637,#2638,#2639);
#2637 = CARTESIAN_POINT('',(0.242958286386,0.207132887073,
    4.919721545866E-02));
#2638 = DIRECTION('',(-0.323583844175,-0.944330972485,5.943492403749E-02
    ));
#2639 = DIRECTION('',(0.901168869596,-0.288428276043,0.323579662603));
#2640 = DEFINITIONAL_REPRESENTATION('',(#2641),#2644);
#2641 = B_SPLINE_CURVE_WITH_KNOTS('',1,(#2642,#2643),.UNSPECIFIED.,.F.,
  .F.,(2,2),(0.,6.28318530718),.PIECEWISE_BEZIER_KNOTS.);
#2642 = CARTESIAN_POINT('',(0.,0.));
#2643 = CARTESIAN_POINT('',(6.28318530718,0.));
#2644 = ( GEOMETRIC_REPRESENTATION_CONTEXT(2) 
PARAMETRIC_REPRESENTATION_CONTEXT() REPRESENTATION_CONTEXT('2D SPACE',''
  ) );
#2645 = ORIENTED_EDGE('',*,*,#2598,.F.);
#2646 = ORIENTED_EDGE('',*,*,#2567,.T.);
#2647 = ADVANCED_FACE('',(#2648),#2635,.T.);
#2648 = FACE_BOUND('',#2649,.T.);
#2649 = EDGE_LOOP('',(#2650,#2672,#2698,#2699));
#2650 = ORIENTED_EDGE('',*,*,#2651,.T.);
#2651 = EDGE_CURVE('',#2599,#2652,#2654,.T.);
#2652 = VERTEX_POINT('',#2653);
#2653 = CARTESIAN_POINT('',(0.245008461325,0.204360951644,
    5.028795647637E-02));
#2654 = SEAM_CURVE('',#2655,(#2659,#2665),.PCURVE_S1.);
#2655 = LINE('',#2656,#2657);
#2656 = CARTESIAN_POINT('',(0.245661792995,0.206267602244,
    5.016795444647E-02));
#2657 = VECTOR('',#2658,1.);
#2658 = DIRECTION('',(-0.323583844175,-0.944330972485,5.943492403749E-02
    ));
#2659 = PCURVE('',#2635,#2660);
#2660 = DEFINITIONAL_REPRESENTATION('',(#2661),#2664);
#2661 = B_SPLINE_CURVE_WITH_KNOTS('',1,(#2662,#2663),.UNSPECIFIED.,.F.,
  .F.,(2,2),(0.,2.019061158492E-03),.PIECEWISE_BEZIER_KNOTS.);
#2662 = CARTESIAN_POINT('',(6.28318530718,0.));
#2663 = CARTESIAN_POINT('',(6.28318530718,2.019061158492E-03));
#2664 = ( GEOMETRIC_REPRESENTATION_CONTEXT(2) 
PARAMETRIC_REPRESENTATION_CONTEXT() REPRESENTATION_CONTEXT('2D SPACE',''
  ) );
#2665 = PCURVE('',#2635,#2666);
#2666 = DEFINITIONAL_REPRESENTATION('',(#2667),#2671);
#2667 = LINE('',#2668,#2669);
#2668 = CARTESIAN_POINT('',(0.,0.));
#2669 = VECTOR('',#2670,1.);
#2670 = DIRECTION('',(0.,1.));
#2671 = ( GEOMETRIC_REPRESENTATION_CONTEXT(2) 
PARAMETRIC_REPRESENTATION_CONTEXT() REPRESENTATION_CONTEXT('2D SPACE',''
  ) );
#2672 = ORIENTED_EDGE('',*,*,#2673,.F.);
#2673 = EDGE_CURVE('',#2652,#2652,#2674,.T.);
#2674 = SURFACE_CURVE('',#2675,(#2680,#2687),.PCURVE_S1.);
#2675 = CIRCLE('',#2676,3.E-03);
#2676 = AXIS2_PLACEMENT_3D('',#2677,#2678,#2679);
#2677 = CARTESIAN_POINT('',(0.242304950815,0.205226225085,
    4.931721820524E-02));
#2678 = DIRECTION('',(-0.323583844175,-0.944330972485,5.943492403749E-02
    ));
#2679 = DIRECTION('',(0.901168869596,-0.288428276043,0.323579662603));
#2680 = PCURVE('',#2635,#2681);
#2681 = DEFINITIONAL_REPRESENTATION('',(#2682),#2686);
#2682 = LINE('',#2683,#2684);
#2683 = CARTESIAN_POINT('',(0.,2.019061158492E-03));
#2684 = VECTOR('',#2685,1.);
#2685 = DIRECTION('',(1.,0.));
#2686 = ( GEOMETRIC_REPRESENTATION_CONTEXT(2) 
PARAMETRIC_REPRESENTATION_CONTEXT() REPRESENTATION_CONTEXT('2D SPACE',''
  ) );
#2687 = PCURVE('',#2688,#2693);
#2688 = CYLINDRICAL_SURFACE('',#2689,3.E-03);
#2689 = AXIS2_PLACEMENT_3D('',#2690,#2691,#2692);
#2690 = CARTESIAN_POINT('',(0.242304950815,0.205226225085,
    4.931721820524E-02));
#2691 = DIRECTION('',(-0.32358388051,-0.944331078525,5.943304136919E-02)
  );
#2692 = DIRECTION('',(0.901168671774,-0.288428853363,0.323579698931));
#2693 = DEFINITIONAL_REPRESENTATION('',(#2694),#2697);
#2694 = B_SPLINE_CURVE_WITH_KNOTS('',1,(#2695,#2696),.UNSPECIFIED.,.F.,
  .F.,(2,2),(0.,6.28318530718),.PIECEWISE_BEZIER_KNOTS.);
#2695 = CARTESIAN_POINT('',(0.,0.));
#2696 = CARTESIAN_POINT('',(6.28318530718,0.));
#2697 = ( GEOMETRIC_REPRESENTATION_CONTEXT(2) 
PARAMETRIC_REPRESENTATION_CONTEXT() REPRESENTATION_CONTEXT('2D SPACE',''
  ) );
#2698 = ORIENTED_EDGE('',*,*,#2651,.F.);
#2699 = ORIENTED_EDGE('',*,*,#2620,.T.);
#2700 = ADVANCED_FACE('',(#2701),#2688,.T.);
#2701 = FACE_BOUND('',#2702,.T.);
#2702 = EDGE_LOOP('',(#2703,#2725,#2751,#2752));
#2703 = ORIENTED_EDGE('',*,*,#2704,.T.);
#2704 = EDGE_CURVE('',#2652,#2705,#2707,.T.);
#2705 = VERTEX_POINT('',#2706);
#2706 = CARTESIAN_POINT('',(0.243048454612,0.198640965682,
    5.064795327202E-02));
#2707 = SEAM_CURVE('',#2708,(#2712,#2718),.PCURVE_S1.);
#2708 = LINE('',#2709,#2710);
#2709 = CARTESIAN_POINT('',(0.24500845683,0.204360938525,
    5.028795730204E-02));
#2710 = VECTOR('',#2711,1.);
#2711 = DIRECTION('',(-0.32358388051,-0.944331078525,5.943304136919E-02)
  );
#2712 = PCURVE('',#2688,#2713);
#2713 = DEFINITIONAL_REPRESENTATION('',(#2714),#2717);
#2714 = B_SPLINE_CURVE_WITH_KNOTS('',1,(#2715,#2716),.UNSPECIFIED.,.F.,
  .F.,(2,2),(0.,6.057182795308E-03),.PIECEWISE_BEZIER_KNOTS.);
#2715 = CARTESIAN_POINT('',(6.28318530718,0.));
#2716 = CARTESIAN_POINT('',(6.28318530718,6.057182795308E-03));
#2717 = ( GEOMETRIC_REPRESENTATION_CONTEXT(2) 
PARAMETRIC_REPRESENTATION_CONTEXT() REPRESENTATION_CONTEXT('2D SPACE',''
  ) );
#2718 = PCURVE('',#2688,#2719);
#2719 = DEFINITIONAL_REPRESENTATION('',(#2720),#2724);
#2720 = LINE('',#2721,#2722);
#2721 = CARTESIAN_POINT('',(0.,0.));
#2722 = VECTOR('',#2723,1.);
#2723 = DIRECTION('',(0.,1.));
#2724 = ( GEOMETRIC_REPRESENTATION_CONTEXT(2) 
PARAMETRIC_REPRESENTATION_CONTEXT() REPRESENTATION_CONTEXT('2D SPACE',''
  ) );
#2725 = ORIENTED_EDGE('',*,*,#2726,.F.);
#2726 = EDGE_CURVE('',#2705,#2705,#2727,.T.);
#2727 = SURFACE_CURVE('',#2728,(#2733,#2740),.PCURVE_S1.);
#2728 = CIRCLE('',#2729,3.E-03);
#2729 = AXIS2_PLACEMENT_3D('',#2730,#2731,#2732);
#2730 = CARTESIAN_POINT('',(0.240344944101,0.199506239123,
    4.96772150009E-02));
#2731 = DIRECTION('',(-0.32358388051,-0.944331078525,5.943304136919E-02)
  );
#2732 = DIRECTION('',(0.901168671774,-0.288428853363,0.323579698931));
#2733 = PCURVE('',#2688,#2734);
#2734 = DEFINITIONAL_REPRESENTATION('',(#2735),#2739);
#2735 = LINE('',#2736,#2737);
#2736 = CARTESIAN_POINT('',(0.,6.057182795308E-03));
#2737 = VECTOR('',#2738,1.);
#2738 = DIRECTION('',(1.,0.));
#2739 = ( GEOMETRIC_REPRESENTATION_CONTEXT(2) 
PARAMETRIC_REPRESENTATION_CONTEXT() REPRESENTATION_CONTEXT('2D SPACE',''
  ) );
#2740 = PCURVE('',#2741,#2746);
#2741 = CYLINDRICAL_SURFACE('',#2742,3.E-03);
#2742 = AXIS2_PLACEMENT_3D('',#2743,#2744,#2745);
#2743 = CARTESIAN_POINT('',(0.240344944101,0.199506239123,
    4.96772150009E-02));
#2744 = DIRECTION('',(-0.323583844175,-0.944330972485,5.943492403749E-02
    ));
#2745 = DIRECTION('',(0.901168869596,-0.288428276043,0.323579662603));
#2746 = DEFINITIONAL_REPRESENTATION('',(#2747),#2750);
#2747 = B_SPLINE_CURVE_WITH_KNOTS('',1,(#2748,#2749),.UNSPECIFIED.,.F.,
  .F.,(2,2),(0.,6.28318530718),.PIECEWISE_BEZIER_KNOTS.);
#2748 = CARTESIAN_POINT('',(0.,0.));
#2749 = CARTESIAN_POINT('',(6.28318530718,0.));
#2750 = ( GEOMETRIC_REPRESENTATION_CONTEXT(2) 
PARAMETRIC_REPRESENTATION_CONTEXT() REPRESENTATION_CONTEXT('2D SPACE',''
  ) );
#2751 = ORIENTED_EDGE('',*,*,#2704,.F.);
#2752 = ORIENTED_EDGE('',*,*,#2673,.T.);
#2753 = ADVANCED_FACE('',(#2754),#2741,.T.);
#2754 = FACE_BOUND('',#2755,.T.);
#2755 = EDGE_LOOP('',(#2756,#2778,#2804,#2805));
#2756 = ORIENTED_EDGE('',*,*,#2757,.T.);
#2757 = EDGE_CURVE('',#2705,#2758,#2760,.T.);
#2758 = VERTEX_POINT('',#2759);
#2759 = CARTESIAN_POINT('',(0.24239511904,0.196734303695,
    5.076795601861E-02));
#2760 = SEAM_CURVE('',#2761,(#2765,#2771),.PCURVE_S1.);
#2761 = LINE('',#2762,#2763);
#2762 = CARTESIAN_POINT('',(0.24304845071,0.198640954295,
    5.064795398871E-02));
#2763 = VECTOR('',#2764,1.);
#2764 = DIRECTION('',(-0.323583844175,-0.944330972485,5.943492403749E-02
    ));
#2765 = PCURVE('',#2741,#2766);
#2766 = DEFINITIONAL_REPRESENTATION('',(#2767),#2770);
#2767 = B_SPLINE_CURVE_WITH_KNOTS('',1,(#2768,#2769),.UNSPECIFIED.,.F.,
  .F.,(2,2),(0.,2.019061158492E-03),.PIECEWISE_BEZIER_KNOTS.);
#2768 = CARTESIAN_POINT('',(6.28318530718,0.));
#2769 = CARTESIAN_POINT('',(6.28318530718,2.019061158492E-03));
#2770 = ( GEOMETRIC_REPRESENTATION_CONTEXT(2) 
PARAMETRIC_REPRESENTATION_CONTEXT() REPRESENTATION_CONTEXT('2D SPACE',''
  ) );
#2771 = PCURVE('',#2741,#2772);
#2772 = DEFINITIONAL_REPRESENTATION('',(#2773),#2777);
#2773 = LINE('',#2774,#2775);
#2774 = CARTESIAN_POINT('',(0.,0.));
#2775 = VECTOR('',#2776,1.);
#2776 = DIRECTION('',(0.,1.));
#2777 = ( GEOMETRIC_REPRESENTATION_CONTEXT(2) 
PARAMETRIC_REPRESENTATION_CONTEXT() REPRESENTATION_CONTEXT('2D SPACE',''
  ) );
#2778 = ORIENTED_EDGE('',*,*,#2779,.F.);
#2779 = EDGE_CURVE('',#2758,#2758,#2780,.T.);
#2780 = SURFACE_CURVE('',#2781,(#2786,#2793),.PCURVE_S1.);
#2781 = CIRCLE('',#2782,3.E-03);
#2782 = AXIS2_PLACEMENT_3D('',#2783,#2784,#2785);
#2783 = CARTESIAN_POINT('',(0.23969160853,0.197599577136,
    4.979721774748E-02));
#2784 = DIRECTION('',(-0.323583844175,-0.944330972485,5.943492403749E-02
    ));
#2785 = DIRECTION('',(0.901168869596,-0.288428276043,0.323579662603));
#2786 = PCURVE('',#2741,#2787);
#2787 = DEFINITIONAL_REPRESENTATION('',(#2788),#2792);
#2788 = LINE('',#2789,#2790);
#2789 = CARTESIAN_POINT('',(0.,2.019061158492E-03));
#2790 = VECTOR('',#2791,1.);
#2791 = DIRECTION('',(1.,0.));
#2792 = ( GEOMETRIC_REPRESENTATION_CONTEXT(2) 
PARAMETRIC_REPRESENTATION_CONTEXT() REPRESENTATION_CONTEXT('2D SPACE',''
  ) );
#2793 = PCURVE('',#2794,#2799);
#2794 = CYLINDRICAL_SURFACE('',#2795,3.E-03);
#2795 = AXIS2_PLACEMENT_3D('',#2796,#2797,#2798);
#2796 = CARTESIAN_POINT('',(0.23969160853,0.197599577136,
    4.979721774748E-02));
#2797 = DIRECTION('',(-0.323586189834,-0.944330260515,5.943346552536E-02
    ));
#2798 = DIRECTION('',(0.901167966428,-0.288430911794,0.323579828489));
#2799 = DEFINITIONAL_REPRESENTATION('',(#2800),#2803);
#2800 = B_SPLINE_CURVE_WITH_KNOTS('',1,(#2801,#2802),.UNSPECIFIED.,.F.,
  .F.,(2,2),(0.,6.28318530718),.PIECEWISE_BEZIER_KNOTS.);
#2801 = CARTESIAN_POINT('',(0.,0.));
#2802 = CARTESIAN_POINT('',(6.28318530718,0.));
#2803 = ( GEOMETRIC_REPRESENTATION_CONTEXT(2) 
PARAMETRIC_REPRESENTATION_CONTEXT() REPRESENTATION_CONTEXT('2D SPACE',''
  ) );
#2804 = ORIENTED_EDGE('',*,*,#2757,.F.);
#2805 = ORIENTED_EDGE('',*,*,#2726,.T.);
#2806 = ADVANCED_FACE('',(#2807),#2794,.T.);
#2807 = FACE_BOUND('',#2808,.T.);
#2808 = EDGE_LOOP('',(#2809,#2831,#2857,#2858));
#2809 = ORIENTED_EDGE('',*,*,#2810,.T.);
#2810 = EDGE_CURVE('',#2758,#2811,#2813,.T.);
#2811 = VERTEX_POINT('',#2812);
#2812 = CARTESIAN_POINT('',(0.241741783469,0.194827656966,
    5.088795495049E-02));
#2813 = SEAM_CURVE('',#2814,(#2818,#2824),.PCURVE_S1.);
#2814 = LINE('',#2815,#2816);
#2815 = CARTESIAN_POINT('',(0.242395112429,0.196734284401,
    5.076795723295E-02));
#2816 = VECTOR('',#2817,1.);
#2817 = DIRECTION('',(-0.323586189834,-0.944330260515,5.943346552536E-02
    ));
#2818 = PCURVE('',#2794,#2819);
#2819 = DEFINITIONAL_REPRESENTATION('',(#2820),#2823);
#2820 = B_SPLINE_CURVE_WITH_KNOTS('',1,(#2821,#2822),.UNSPECIFIED.,.F.,
  .F.,(2,2),(0.,2.019046522427E-03),.PIECEWISE_BEZIER_KNOTS.);
#2821 = CARTESIAN_POINT('',(6.28318530718,0.));
#2822 = CARTESIAN_POINT('',(6.28318530718,2.019046522427E-03));
#2823 = ( GEOMETRIC_REPRESENTATION_CONTEXT(2) 
PARAMETRIC_REPRESENTATION_CONTEXT() REPRESENTATION_CONTEXT('2D SPACE',''
  ) );
#2824 = PCURVE('',#2794,#2825);
#2825 = DEFINITIONAL_REPRESENTATION('',(#2826),#2830);
#2826 = LINE('',#2827,#2828);
#2827 = CARTESIAN_POINT('',(0.,0.));
#2828 = VECTOR('',#2829,1.);
#2829 = DIRECTION('',(0.,1.));
#2830 = ( GEOMETRIC_REPRESENTATION_CONTEXT(2) 
PARAMETRIC_REPRESENTATION_CONTEXT() REPRESENTATION_CONTEXT('2D SPACE',''
  ) );
#2831 = ORIENTED_EDGE('',*,*,#2832,.F.);
#2832 = EDGE_CURVE('',#2811,#2811,#2833,.T.);
#2833 = SURFACE_CURVE('',#2834,(#2839,#2846),.PCURVE_S1.);
#2834 = CIRCLE('',#2835,3.E-03);
#2835 = AXIS2_PLACEMENT_3D('',#2836,#2837,#2838);
#2836 = CARTESIAN_POINT('',(0.239038272958,0.195692930407,
    4.991721667936E-02));
#2837 = DIRECTION('',(-0.323586189834,-0.944330260515,5.943346552536E-02
    ));
#2838 = DIRECTION('',(0.901167966428,-0.288430911794,0.323579828489));
#2839 = PCURVE('',#2794,#2840);
#2840 = DEFINITIONAL_REPRESENTATION('',(#2841),#2845);
#2841 = LINE('',#2842,#2843);
#2842 = CARTESIAN_POINT('',(0.,2.019046522427E-03));
#2843 = VECTOR('',#2844,1.);
#2844 = DIRECTION('',(1.,0.));
#2845 = ( GEOMETRIC_REPRESENTATION_CONTEXT(2) 
PARAMETRIC_REPRESENTATION_CONTEXT() REPRESENTATION_CONTEXT('2D SPACE',''
  ) );
#2846 = PCURVE('',#2847,#2852);
#2847 = CYLINDRICAL_SURFACE('',#2848,3.E-03);
#2848 = AXIS2_PLACEMENT_3D('',#2849,#2850,#2851);
#2849 = CARTESIAN_POINT('',(0.239038272958,0.195692930407,
    4.991721667936E-02));
#2850 = DIRECTION('',(-0.323577114422,-0.944333387814,5.943318670813E-02
    ));
#2851 = DIRECTION('',(0.901170875514,-0.288422422007,0.323579294161));
#2852 = DEFINITIONAL_REPRESENTATION('',(#2853),#2856);
#2853 = B_SPLINE_CURVE_WITH_KNOTS('',1,(#2854,#2855),.UNSPECIFIED.,.F.,
  .F.,(2,2),(0.,6.28318530718),.PIECEWISE_BEZIER_KNOTS.);
#2854 = CARTESIAN_POINT('',(0.,0.));
#2855 = CARTESIAN_POINT('',(6.28318530718,0.));
#2856 = ( GEOMETRIC_REPRESENTATION_CONTEXT(2) 
PARAMETRIC_REPRESENTATION_CONTEXT() REPRESENTATION_CONTEXT('2D SPACE',''
  ) );
#2857 = ORIENTED_EDGE('',*,*,#2810,.F.);
#2858 = ORIENTED_EDGE('',*,*,#2779,.T.);
#2859 = ADVANCED_FACE('',(#2860),#2847,.T.);
#2860 = FACE_BOUND('',#2861,.T.);
#2861 = EDGE_LOOP('',(#2862,#2884,#2910,#2911));
#2862 = ORIENTED_EDGE('',*,*,#2863,.T.);
#2863 = EDGE_CURVE('',#2811,#2864,#2866,.T.);
#2864 = VERTEX_POINT('',#2865);
#2865 = CARTESIAN_POINT('',(0.241088463156,0.192920994979,
    5.100795388237E-02));
#2866 = SEAM_CURVE('',#2867,(#2871,#2877),.PCURVE_S1.);
#2867 = LINE('',#2868,#2869);
#2868 = CARTESIAN_POINT('',(0.241741785585,0.194827663141,
    5.088795456185E-02));
#2869 = VECTOR('',#2870,1.);
#2870 = DIRECTION('',(-0.323577114422,-0.944333387814,5.943318670813E-02
    ));
#2871 = PCURVE('',#2847,#2872);
#2872 = DEFINITIONAL_REPRESENTATION('',(#2873),#2876);
#2873 = B_SPLINE_CURVE_WITH_KNOTS('',1,(#2874,#2875),.UNSPECIFIED.,.F.,
  .F.,(2,2),(0.,2.019055994323E-03),.PIECEWISE_BEZIER_KNOTS.);
#2874 = CARTESIAN_POINT('',(6.28318530718,0.));
#2875 = CARTESIAN_POINT('',(6.28318530718,2.019055994323E-03));
#2876 = ( GEOMETRIC_REPRESENTATION_CONTEXT(2) 
PARAMETRIC_REPRESENTATION_CONTEXT() REPRESENTATION_CONTEXT('2D SPACE',''
  ) );
#2877 = PCURVE('',#2847,#2878);
#2878 = DEFINITIONAL_REPRESENTATION('',(#2879),#2883);
#2879 = LINE('',#2880,#2881);
#2880 = CARTESIAN_POINT('',(0.,0.));
#2881 = VECTOR('',#2882,1.);
#2882 = DIRECTION('',(0.,1.));
#2883 = ( GEOMETRIC_REPRESENTATION_CONTEXT(2) 
PARAMETRIC_REPRESENTATION_CONTEXT() REPRESENTATION_CONTEXT('2D SPACE',''
  ) );
#2884 = ORIENTED_EDGE('',*,*,#2885,.F.);
#2885 = EDGE_CURVE('',#2864,#2864,#2886,.T.);
#2886 = SURFACE_CURVE('',#2887,(#2892,#2899),.PCURVE_S1.);
#2887 = CIRCLE('',#2888,3.E-03);
#2888 = AXIS2_PLACEMENT_3D('',#2889,#2890,#2891);
#2889 = CARTESIAN_POINT('',(0.238384952646,0.19378626842,
    5.003721561125E-02));
#2890 = DIRECTION('',(-0.323577114422,-0.944333387814,5.943318670813E-02
    ));
#2891 = DIRECTION('',(0.901170875514,-0.288422422007,0.323579294161));
#2892 = PCURVE('',#2847,#2893);
#2893 = DEFINITIONAL_REPRESENTATION('',(#2894),#2898);
#2894 = LINE('',#2895,#2896);
#2895 = CARTESIAN_POINT('',(0.,2.019055994323E-03));
#2896 = VECTOR('',#2897,1.);
#2897 = DIRECTION('',(1.,0.));
#2898 = ( GEOMETRIC_REPRESENTATION_CONTEXT(2) 
PARAMETRIC_REPRESENTATION_CONTEXT() REPRESENTATION_CONTEXT('2D SPACE',''
  ) );
#2899 = PCURVE('',#2900,#2905);
#2900 = CYLINDRICAL_SURFACE('',#2901,3.E-03);
#2901 = AXIS2_PLACEMENT_3D('',#2902,#2903,#2904);
#2902 = CARTESIAN_POINT('',(0.238384952646,0.19378626842,
    5.003721561125E-02));
#2903 = DIRECTION('',(-0.32358388051,-0.944331078525,5.943304136919E-02)
  );
#2904 = DIRECTION('',(0.901168671774,-0.288428853363,0.323579698931));
#2905 = DEFINITIONAL_REPRESENTATION('',(#2906),#2909);
#2906 = B_SPLINE_CURVE_WITH_KNOTS('',1,(#2907,#2908),.UNSPECIFIED.,.F.,
  .F.,(2,2),(0.,6.28318530718),.PIECEWISE_BEZIER_KNOTS.);
#2907 = CARTESIAN_POINT('',(0.,0.));
#2908 = CARTESIAN_POINT('',(6.28318530718,0.));
#2909 = ( GEOMETRIC_REPRESENTATION_CONTEXT(2) 
PARAMETRIC_REPRESENTATION_CONTEXT() REPRESENTATION_CONTEXT('2D SPACE',''
  ) );
#2910 = ORIENTED_EDGE('',*,*,#2863,.F.);
#2911 = ORIENTED_EDGE('',*,*,#2832,.T.);
#2912 = ADVANCED_FACE('',(#2913),#2900,.T.);
#2913 = FACE_BOUND('',#2914,.T.);
#2914 = EDGE_LOOP('',(#2915,#2937,#2963,#2964));
#2915 = ORIENTED_EDGE('',*,*,#2916,.T.);
#2916 = EDGE_CURVE('',#2864,#2917,#2919,.T.);
#2917 = VERTEX_POINT('',#2918);
#2918 = CARTESIAN_POINT('',(0.240435127585,0.191014332992,
    5.112795281426E-02));
#2919 = SEAM_CURVE('',#2920,(#2924,#2930),.PCURVE_S1.);
#2920 = LINE('',#2921,#2922);
#2921 = CARTESIAN_POINT('',(0.241088458661,0.19292098186,
    5.100795470804E-02));
#2922 = VECTOR('',#2923,1.);
#2923 = DIRECTION('',(-0.32358388051,-0.944331078525,5.943304136919E-02)
  );
#2924 = PCURVE('',#2900,#2925);
#2925 = DEFINITIONAL_REPRESENTATION('',(#2926),#2929);
#2926 = B_SPLINE_CURVE_WITH_KNOTS('',1,(#2927,#2928),.UNSPECIFIED.,.F.,
  .F.,(2,2),(0.,2.019060931769E-03),.PIECEWISE_BEZIER_KNOTS.);
#2927 = CARTESIAN_POINT('',(6.28318530718,0.));
#2928 = CARTESIAN_POINT('',(6.28318530718,2.019060931769E-03));
#2929 = ( GEOMETRIC_REPRESENTATION_CONTEXT(2) 
PARAMETRIC_REPRESENTATION_CONTEXT() REPRESENTATION_CONTEXT('2D SPACE',''
  ) );
#2930 = PCURVE('',#2900,#2931);
#2931 = DEFINITIONAL_REPRESENTATION('',(#2932),#2936);
#2932 = LINE('',#2933,#2934);
#2933 = CARTESIAN_POINT('',(0.,0.));
#2934 = VECTOR('',#2935,1.);
#2935 = DIRECTION('',(0.,1.));
#2936 = ( GEOMETRIC_REPRESENTATION_CONTEXT(2) 
PARAMETRIC_REPRESENTATION_CONTEXT() REPRESENTATION_CONTEXT('2D SPACE',''
  ) );
#2937 = ORIENTED_EDGE('',*,*,#2938,.F.);
#2938 = EDGE_CURVE('',#2917,#2917,#2939,.T.);
#2939 = SURFACE_CURVE('',#2940,(#2945,#2952),.PCURVE_S1.);
#2940 = CIRCLE('',#2941,3.E-03);
#2941 = AXIS2_PLACEMENT_3D('',#2942,#2943,#2944);
#2942 = CARTESIAN_POINT('',(0.237731617075,0.191879606433,
    5.015721454313E-02));
#2943 = DIRECTION('',(-0.32358388051,-0.944331078525,5.943304136919E-02)
  );
#2944 = DIRECTION('',(0.901168671774,-0.288428853363,0.323579698931));
#2945 = PCURVE('',#2900,#2946);
#2946 = DEFINITIONAL_REPRESENTATION('',(#2947),#2951);
#2947 = LINE('',#2948,#2949);
#2948 = CARTESIAN_POINT('',(0.,2.019060931769E-03));
#2949 = VECTOR('',#2950,1.);
#2950 = DIRECTION('',(1.,0.));
#2951 = ( GEOMETRIC_REPRESENTATION_CONTEXT(2) 
PARAMETRIC_REPRESENTATION_CONTEXT() REPRESENTATION_CONTEXT('2D SPACE',''
  ) );
#2952 = PCURVE('',#2953,#2958);
#2953 = CYLINDRICAL_SURFACE('',#2954,3.E-03);
#2954 = AXIS2_PLACEMENT_3D('',#2955,#2956,#2957);
#2955 = CARTESIAN_POINT('',(0.237731617075,0.191879606433,
    5.015721454313E-02));
#2956 = DIRECTION('',(-0.323583844175,-0.944330972485,5.943492403749E-02
    ));
#2957 = DIRECTION('',(0.901168869596,-0.288428276043,0.323579662603));
#2958 = DEFINITIONAL_REPRESENTATION('',(#2959),#2962);
#2959 = B_SPLINE_CURVE_WITH_KNOTS('',1,(#2960,#2961),.UNSPECIFIED.,.F.,
  .F.,(2,2),(0.,6.28318530718),.PIECEWISE_BEZIER_KNOTS.);
#2960 = CARTESIAN_POINT('',(0.,0.));
#2961 = CARTESIAN_POINT('',(6.28318530718,0.));
#2962 = ( GEOMETRIC_REPRESENTATION_CONTEXT(2) 
PARAMETRIC_REPRESENTATION_CONTEXT() REPRESENTATION_CONTEXT('2D SPACE',''
  ) );
#2963 = ORIENTED_EDGE('',*,*,#2916,.F.);
#2964 = ORIENTED_EDGE('',*,*,#2885,.T.);
#2965 = ADVANCED_FACE('',(#2966),#2953,.T.);
#2966 = FACE_BOUND('',#2967,.T.);
#2967 = EDGE_LOOP('',(#2968,#2990,#3016,#3017));
#2968 = ORIENTED_EDGE('',*,*,#2969,.T.);
#2969 = EDGE_CURVE('',#2917,#2970,#2972,.T.);
#2970 = VERTEX_POINT('',#2971);
#2971 = CARTESIAN_POINT('',(0.239781792014,0.189107671004,
    5.124795556084E-02));
#2972 = SEAM_CURVE('',#2973,(#2977,#2983),.PCURVE_S1.);
#2973 = LINE('',#2974,#2975);
#2974 = CARTESIAN_POINT('',(0.240435123683,0.191014321605,
    5.112795353094E-02));
#2975 = VECTOR('',#2976,1.);
#2976 = DIRECTION('',(-0.323583844175,-0.944330972485,5.943492403749E-02
    ));
#2977 = PCURVE('',#2953,#2978);
#2978 = DEFINITIONAL_REPRESENTATION('',(#2979),#2982);
#2979 = B_SPLINE_CURVE_WITH_KNOTS('',1,(#2980,#2981),.UNSPECIFIED.,.F.,
  .F.,(2,2),(0.,2.019061158492E-03),.PIECEWISE_BEZIER_KNOTS.);
#2980 = CARTESIAN_POINT('',(6.28318530718,0.));
#2981 = CARTESIAN_POINT('',(6.28318530718,2.019061158492E-03));
#2982 = ( GEOMETRIC_REPRESENTATION_CONTEXT(2) 
PARAMETRIC_REPRESENTATION_CONTEXT() REPRESENTATION_CONTEXT('2D SPACE',''
  ) );
#2983 = PCURVE('',#2953,#2984);
#2984 = DEFINITIONAL_REPRESENTATION('',(#2985),#2989);
#2985 = LINE('',#2986,#2987);
#2986 = CARTESIAN_POINT('',(0.,0.));
#2987 = VECTOR('',#2988,1.);
#2988 = DIRECTION('',(0.,1.));
#2989 = ( GEOMETRIC_REPRESENTATION_CONTEXT(2) 
PARAMETRIC_REPRESENTATION_CONTEXT() REPRESENTATION_CONTEXT('2D SPACE',''
  ) );
#2990 = ORIENTED_EDGE('',*,*,#2991,.F.);
#2991 = EDGE_CURVE('',#2970,#2970,#2992,.T.);
#2992 = SURFACE_CURVE('',#2993,(#2998,#3005),.PCURVE_S1.);
#2993 = CIRCLE('',#2994,3.E-03);
#2994 = AXIS2_PLACEMENT_3D('',#2995,#2996,#2997);
#2995 = CARTESIAN_POINT('',(0.237078281503,0.189972944446,
    5.027721728972E-02));
#2996 = DIRECTION('',(-0.323583844175,-0.944330972485,5.943492403749E-02
    ));
#2997 = DIRECTION('',(0.901168869596,-0.288428276043,0.323579662603));
#2998 = PCURVE('',#2953,#2999);
#2999 = DEFINITIONAL_REPRESENTATION('',(#3000),#3004);
#3000 = LINE('',#3001,#3002);
#3001 = CARTESIAN_POINT('',(0.,2.019061158492E-03));
#3002 = VECTOR('',#3003,1.);
#3003 = DIRECTION('',(1.,0.));
#3004 = ( GEOMETRIC_REPRESENTATION_CONTEXT(2) 
PARAMETRIC_REPRESENTATION_CONTEXT() REPRESENTATION_CONTEXT('2D SPACE',''
  ) );
#3005 = PCURVE('',#3006,#3011);
#3006 = CYLINDRICAL_SURFACE('',#3007,3.E-03);
#3007 = AXIS2_PLACEMENT_3D('',#3008,#3009,#3010);
#3008 = CARTESIAN_POINT('',(0.237078281503,0.189972944446,
    5.027721728972E-02));
#3009 = DIRECTION('',(-0.32358388051,-0.944331078525,5.943304136919E-02)
  );
#3010 = DIRECTION('',(0.901168671774,-0.288428853363,0.323579698931));
#3011 = DEFINITIONAL_REPRESENTATION('',(#3012),#3015);
#3012 = B_SPLINE_CURVE_WITH_KNOTS('',1,(#3013,#3014),.UNSPECIFIED.,.F.,
  .F.,(2,2),(0.,6.28318530718),.PIECEWISE_BEZIER_KNOTS.);
#3013 = CARTESIAN_POINT('',(0.,0.));
#3014 = CARTESIAN_POINT('',(6.28318530718,0.));
#3015 = ( GEOMETRIC_REPRESENTATION_CONTEXT(2) 
PARAMETRIC_REPRESENTATION_CONTEXT() REPRESENTATION_CONTEXT('2D SPACE',''
  ) );
#3016 = ORIENTED_EDGE('',*,*,#2969,.F.);
#3017 = ORIENTED_EDGE('',*,*,#2938,.T.);
#3018 = ADVANCED_FACE('',(#3019),#3006,.T.);
#3019 = FACE_BOUND('',#3020,.T.);
#3020 = EDGE_LOOP('',(#3021,#3043,#3069,#3070));
#3021 = ORIENTED_EDGE('',*,*,#3022,.T.);
#3022 = EDGE_CURVE('',#2970,#3023,#3025,.T.);
#3023 = VERTEX_POINT('',#3024);
#3024 = CARTESIAN_POINT('',(0.238475120871,0.18529434703,
    5.148795342461E-02));
#3025 = SEAM_CURVE('',#3026,(#3030,#3036),.PCURVE_S1.);
#3026 = LINE('',#3027,#3028);
#3027 = CARTESIAN_POINT('',(0.239781787519,0.189107657885,
    5.124795638651E-02));
#3028 = VECTOR('',#3029,1.);
#3029 = DIRECTION('',(-0.32358388051,-0.944331078525,5.943304136919E-02)
  );
#3030 = PCURVE('',#3006,#3031);
#3031 = DEFINITIONAL_REPRESENTATION('',(#3032),#3035);
#3032 = B_SPLINE_CURVE_WITH_KNOTS('',1,(#3033,#3034),.UNSPECIFIED.,.F.,
  .F.,(2,2),(0.,4.038121863539E-03),.PIECEWISE_BEZIER_KNOTS.);
#3033 = CARTESIAN_POINT('',(6.28318530718,0.));
#3034 = CARTESIAN_POINT('',(6.28318530718,4.038121863539E-03));
#3035 = ( GEOMETRIC_REPRESENTATION_CONTEXT(2) 
PARAMETRIC_REPRESENTATION_CONTEXT() REPRESENTATION_CONTEXT('2D SPACE',''
  ) );
#3036 = PCURVE('',#3006,#3037);
#3037 = DEFINITIONAL_REPRESENTATION('',(#3038),#3042);
#3038 = LINE('',#3039,#3040);
#3039 = CARTESIAN_POINT('',(0.,0.));
#3040 = VECTOR('',#3041,1.);
#3041 = DIRECTION('',(0.,1.));
#3042 = ( GEOMETRIC_REPRESENTATION_CONTEXT(2) 
PARAMETRIC_REPRESENTATION_CONTEXT() REPRESENTATION_CONTEXT('2D SPACE',''
  ) );
#3043 = ORIENTED_EDGE('',*,*,#3044,.F.);
#3044 = EDGE_CURVE('',#3023,#3023,#3045,.T.);
#3045 = SURFACE_CURVE('',#3046,(#3051,#3058),.PCURVE_S1.);
#3046 = CIRCLE('',#3047,3.E-03);
#3047 = AXIS2_PLACEMENT_3D('',#3048,#3049,#3050);
#3048 = CARTESIAN_POINT('',(0.235771610361,0.186159620471,
    5.051721515349E-02));
#3049 = DIRECTION('',(-0.32358388051,-0.944331078525,5.943304136919E-02)
  );
#3050 = DIRECTION('',(0.901168671774,-0.288428853363,0.323579698931));
#3051 = PCURVE('',#3006,#3052);
#3052 = DEFINITIONAL_REPRESENTATION('',(#3053),#3057);
#3053 = LINE('',#3054,#3055);
#3054 = CARTESIAN_POINT('',(0.,4.038121863539E-03));
#3055 = VECTOR('',#3056,1.);
#3056 = DIRECTION('',(1.,0.));
#3057 = ( GEOMETRIC_REPRESENTATION_CONTEXT(2) 
PARAMETRIC_REPRESENTATION_CONTEXT() REPRESENTATION_CONTEXT('2D SPACE',''
  ) );
#3058 = PCURVE('',#3059,#3064);
#3059 = CYLINDRICAL_SURFACE('',#3060,3.E-03);
#3060 = AXIS2_PLACEMENT_3D('',#3061,#3062,#3063);
#3061 = CARTESIAN_POINT('',(0.235771610361,0.186159620471,
    5.051721515349E-02));
#3062 = DIRECTION('',(-0.323583844175,-0.944330972485,5.943492403749E-02
    ));
#3063 = DIRECTION('',(0.901168869596,-0.288428276043,0.323579662603));
#3064 = DEFINITIONAL_REPRESENTATION('',(#3065),#3068);
#3065 = B_SPLINE_CURVE_WITH_KNOTS('',1,(#3066,#3067),.UNSPECIFIED.,.F.,
  .F.,(2,2),(0.,6.28318530718),.PIECEWISE_BEZIER_KNOTS.);
#3066 = CARTESIAN_POINT('',(0.,0.));
#3067 = CARTESIAN_POINT('',(6.28318530718,0.));
#3068 = ( GEOMETRIC_REPRESENTATION_CONTEXT(2) 
PARAMETRIC_REPRESENTATION_CONTEXT() REPRESENTATION_CONTEXT('2D SPACE',''
  ) );
#3069 = ORIENTED_EDGE('',*,*,#3022,.F.);
#3070 = ORIENTED_EDGE('',*,*,#2991,.T.);
#3071 = ADVANCED_FACE('',(#3072),#3059,.T.);
#3072 = FACE_BOUND('',#3073,.T.);
#3073 = EDGE_LOOP('',(#3074,#3096,#3122,#3123));
#3074 = ORIENTED_EDGE('',*,*,#3075,.T.);
#3075 = EDGE_CURVE('',#3023,#3076,#3078,.T.);
#3076 = VERTEX_POINT('',#3077);
#3077 = CARTESIAN_POINT('',(0.2378217853,0.183387685042,
    5.160795617119E-02));
#3078 = SEAM_CURVE('',#3079,(#3083,#3089),.PCURVE_S1.);
#3079 = LINE('',#3080,#3081);
#3080 = CARTESIAN_POINT('',(0.23847511697,0.185294335643,
    5.14879541413E-02));
#3081 = VECTOR('',#3082,1.);
#3082 = DIRECTION('',(-0.323583844175,-0.944330972485,5.943492403749E-02
    ));
#3083 = PCURVE('',#3059,#3084);
#3084 = DEFINITIONAL_REPRESENTATION('',(#3085),#3088);
#3085 = B_SPLINE_CURVE_WITH_KNOTS('',1,(#3086,#3087),.UNSPECIFIED.,.F.,
  .F.,(2,2),(0.,2.019061158492E-03),.PIECEWISE_BEZIER_KNOTS.);
#3086 = CARTESIAN_POINT('',(6.28318530718,0.));
#3087 = CARTESIAN_POINT('',(6.28318530718,2.019061158492E-03));
#3088 = ( GEOMETRIC_REPRESENTATION_CONTEXT(2) 
PARAMETRIC_REPRESENTATION_CONTEXT() REPRESENTATION_CONTEXT('2D SPACE',''
  ) );
#3089 = PCURVE('',#3059,#3090);
#3090 = DEFINITIONAL_REPRESENTATION('',(#3091),#3095);
#3091 = LINE('',#3092,#3093);
#3092 = CARTESIAN_POINT('',(0.,0.));
#3093 = VECTOR('',#3094,1.);
#3094 = DIRECTION('',(0.,1.));
#3095 = ( GEOMETRIC_REPRESENTATION_CONTEXT(2) 
PARAMETRIC_REPRESENTATION_CONTEXT() REPRESENTATION_CONTEXT('2D SPACE',''
  ) );
#3096 = ORIENTED_EDGE('',*,*,#3097,.F.);
#3097 = EDGE_CURVE('',#3076,#3076,#3098,.T.);
#3098 = SURFACE_CURVE('',#3099,(#3104,#3111),.PCURVE_S1.);
#3099 = CIRCLE('',#3100,3.E-03);
#3100 = AXIS2_PLACEMENT_3D('',#3101,#3102,#3103);
#3101 = CARTESIAN_POINT('',(0.235118274789,0.184252958484,
    5.063721790007E-02));
#3102 = DIRECTION('',(-0.323583844175,-0.944330972485,5.943492403749E-02
    ));
#3103 = DIRECTION('',(0.901168869596,-0.288428276043,0.323579662603));
#3104 = PCURVE('',#3059,#3105);
#3105 = DEFINITIONAL_REPRESENTATION('',(#3106),#3110);
#3106 = LINE('',#3107,#3108);
#3107 = CARTESIAN_POINT('',(0.,2.019061158492E-03));
#3108 = VECTOR('',#3109,1.);
#3109 = DIRECTION('',(1.,0.));
#3110 = ( GEOMETRIC_REPRESENTATION_CONTEXT(2) 
PARAMETRIC_REPRESENTATION_CONTEXT() REPRESENTATION_CONTEXT('2D SPACE',''
  ) );
#3111 = PCURVE('',#3112,#3117);
#3112 = CYLINDRICAL_SURFACE('',#3113,3.E-03);
#3113 = AXIS2_PLACEMENT_3D('',#3114,#3115,#3116);
#3114 = CARTESIAN_POINT('',(0.235118274789,0.184252958484,
    5.063721790007E-02));
#3115 = DIRECTION('',(-0.32358388051,-0.944331078525,5.943304136919E-02)
  );
#3116 = DIRECTION('',(0.901168671774,-0.288428853363,0.323579698931));
#3117 = DEFINITIONAL_REPRESENTATION('',(#3118),#3121);
#3118 = B_SPLINE_CURVE_WITH_KNOTS('',1,(#3119,#3120),.UNSPECIFIED.,.F.,
  .F.,(2,2),(0.,6.28318530718),.PIECEWISE_BEZIER_KNOTS.);
#3119 = CARTESIAN_POINT('',(0.,0.));
#3120 = CARTESIAN_POINT('',(6.28318530718,0.));
#3121 = ( GEOMETRIC_REPRESENTATION_CONTEXT(2) 
PARAMETRIC_REPRESENTATION_CONTEXT() REPRESENTATION_CONTEXT('2D SPACE',''
  ) );
#3122 = ORIENTED_EDGE('',*,*,#3075,.F.);
#3123 = ORIENTED_EDGE('',*,*,#3044,.T.);
#3124 = ADVANCED_FACE('',(#3125),#3112,.T.);
#3125 = FACE_BOUND('',#3126,.T.);
#3126 = EDGE_LOOP('',(#3127,#3149,#3175,#3176));
#3127 = ORIENTED_EDGE('',*,*,#3128,.T.);
#3128 = EDGE_CURVE('',#3076,#3129,#3131,.T.);
#3129 = VERTEX_POINT('',#3130);
#3130 = CARTESIAN_POINT('',(0.237168449729,0.181481023055,
    5.172795510308E-02));
#3131 = SEAM_CURVE('',#3132,(#3136,#3142),.PCURVE_S1.);
#3132 = LINE('',#3133,#3134);
#3133 = CARTESIAN_POINT('',(0.237821780805,0.183387671924,
    5.160795699686E-02));
#3134 = VECTOR('',#3135,1.);
#3135 = DIRECTION('',(-0.32358388051,-0.944331078525,5.943304136919E-02)
  );
#3136 = PCURVE('',#3112,#3137);
#3137 = DEFINITIONAL_REPRESENTATION('',(#3138),#3141);
#3138 = B_SPLINE_CURVE_WITH_KNOTS('',1,(#3139,#3140),.UNSPECIFIED.,.F.,
  .F.,(2,2),(0.,2.019060931769E-03),.PIECEWISE_BEZIER_KNOTS.);
#3139 = CARTESIAN_POINT('',(6.28318530718,0.));
#3140 = CARTESIAN_POINT('',(6.28318530718,2.019060931769E-03));
#3141 = ( GEOMETRIC_REPRESENTATION_CONTEXT(2) 
PARAMETRIC_REPRESENTATION_CONTEXT() REPRESENTATION_CONTEXT('2D SPACE',''
  ) );
#3142 = PCURVE('',#3112,#3143);
#3143 = DEFINITIONAL_REPRESENTATION('',(#3144),#3148);
#3144 = LINE('',#3145,#3146);
#3145 = CARTESIAN_POINT('',(0.,0.));
#3146 = VECTOR('',#3147,1.);
#3147 = DIRECTION('',(0.,1.));
#3148 = ( GEOMETRIC_REPRESENTATION_CONTEXT(2) 
PARAMETRIC_REPRESENTATION_CONTEXT() REPRESENTATION_CONTEXT('2D SPACE',''
  ) );
#3149 = ORIENTED_EDGE('',*,*,#3150,.F.);
#3150 = EDGE_CURVE('',#3129,#3129,#3151,.T.);
#3151 = SURFACE_CURVE('',#3152,(#3157,#3164),.PCURVE_S1.);
#3152 = CIRCLE('',#3153,3.E-03);
#3153 = AXIS2_PLACEMENT_3D('',#3154,#3155,#3156);
#3154 = CARTESIAN_POINT('',(0.234464939218,0.182346296496,
    5.075721683195E-02));
#3155 = DIRECTION('',(-0.32358388051,-0.944331078525,5.943304136919E-02)
  );
#3156 = DIRECTION('',(0.901168671774,-0.288428853363,0.323579698931));
#3157 = PCURVE('',#3112,#3158);
#3158 = DEFINITIONAL_REPRESENTATION('',(#3159),#3163);
#3159 = LINE('',#3160,#3161);
#3160 = CARTESIAN_POINT('',(0.,2.019060931769E-03));
#3161 = VECTOR('',#3162,1.);
#3162 = DIRECTION('',(1.,0.));
#3163 = ( GEOMETRIC_REPRESENTATION_CONTEXT(2) 
PARAMETRIC_REPRESENTATION_CONTEXT() REPRESENTATION_CONTEXT('2D SPACE',''
  ) );
#3164 = PCURVE('',#3165,#3170);
#3165 = CYLINDRICAL_SURFACE('',#3166,3.E-03);
#3166 = AXIS2_PLACEMENT_3D('',#3167,#3168,#3169);
#3167 = CARTESIAN_POINT('',(0.234464939218,0.182346296496,
    5.075721683195E-02));
#3168 = DIRECTION('',(-0.323579423708,-0.944332569835,5.943361086742E-02
    ));
#3169 = DIRECTION('',(0.901170170199,-0.288424480404,0.323579423708));
#3170 = DEFINITIONAL_REPRESENTATION('',(#3171),#3174);
#3171 = B_SPLINE_CURVE_WITH_KNOTS('',1,(#3172,#3173),.UNSPECIFIED.,.F.,
  .F.,(2,2),(0.,6.28318530718),.PIECEWISE_BEZIER_KNOTS.);
#3172 = CARTESIAN_POINT('',(0.,0.));
#3173 = CARTESIAN_POINT('',(6.28318530718,0.));
#3174 = ( GEOMETRIC_REPRESENTATION_CONTEXT(2) 
PARAMETRIC_REPRESENTATION_CONTEXT() REPRESENTATION_CONTEXT('2D SPACE',''
  ) );
#3175 = ORIENTED_EDGE('',*,*,#3128,.F.);
#3176 = ORIENTED_EDGE('',*,*,#3097,.T.);
#3177 = ADVANCED_FACE('',(#3178),#3165,.T.);
#3178 = FACE_BOUND('',#3179,.T.);
#3179 = EDGE_LOOP('',(#3180,#3202,#3228,#3229));
#3180 = ORIENTED_EDGE('',*,*,#3181,.T.);
#3181 = EDGE_CURVE('',#3129,#3182,#3184,.T.);
#3182 = VERTEX_POINT('',#3183);
#3183 = CARTESIAN_POINT('',(0.236515129416,0.179574376327,
    5.184795403496E-02));
#3184 = SEAM_CURVE('',#3185,(#3189,#3195),.PCURVE_S1.);
#3185 = LINE('',#3186,#3187);
#3186 = CARTESIAN_POINT('',(0.237168449729,0.181481023055,
    5.172795510308E-02));
#3187 = VECTOR('',#3188,1.);
#3188 = DIRECTION('',(-0.323579423708,-0.944332569835,5.943361086742E-02
    ));
#3189 = PCURVE('',#3165,#3190);
#3190 = DEFINITIONAL_REPRESENTATION('',(#3191),#3194);
#3191 = B_SPLINE_CURVE_WITH_KNOTS('',1,(#3192,#3193),.UNSPECIFIED.,.F.,
  .F.,(2,2),(0.,2.019041584945E-03),.PIECEWISE_BEZIER_KNOTS.);
#3192 = CARTESIAN_POINT('',(6.28318530718,0.));
#3193 = CARTESIAN_POINT('',(6.28318530718,2.019041584945E-03));
#3194 = ( GEOMETRIC_REPRESENTATION_CONTEXT(2) 
PARAMETRIC_REPRESENTATION_CONTEXT() REPRESENTATION_CONTEXT('2D SPACE',''
  ) );
#3195 = PCURVE('',#3165,#3196);
#3196 = DEFINITIONAL_REPRESENTATION('',(#3197),#3201);
#3197 = LINE('',#3198,#3199);
#3198 = CARTESIAN_POINT('',(0.,0.));
#3199 = VECTOR('',#3200,1.);
#3200 = DIRECTION('',(0.,1.));
#3201 = ( GEOMETRIC_REPRESENTATION_CONTEXT(2) 
PARAMETRIC_REPRESENTATION_CONTEXT() REPRESENTATION_CONTEXT('2D SPACE',''
  ) );
#3202 = ORIENTED_EDGE('',*,*,#3203,.F.);
#3203 = EDGE_CURVE('',#3182,#3182,#3204,.T.);
#3204 = SURFACE_CURVE('',#3205,(#3210,#3217),.PCURVE_S1.);
#3205 = CIRCLE('',#3206,3.E-03);
#3206 = AXIS2_PLACEMENT_3D('',#3207,#3208,#3209);
#3207 = CARTESIAN_POINT('',(0.233811618906,0.180439649768,
    5.087721576384E-02));
#3208 = DIRECTION('',(-0.323579423708,-0.944332569835,5.943361086742E-02
    ));
#3209 = DIRECTION('',(0.901170170199,-0.288424480404,0.323579423708));
#3210 = PCURVE('',#3165,#3211);
#3211 = DEFINITIONAL_REPRESENTATION('',(#3212),#3216);
#3212 = LINE('',#3213,#3214);
#3213 = CARTESIAN_POINT('',(0.,2.019041584945E-03));
#3214 = VECTOR('',#3215,1.);
#3215 = DIRECTION('',(1.,0.));
#3216 = ( GEOMETRIC_REPRESENTATION_CONTEXT(2) 
PARAMETRIC_REPRESENTATION_CONTEXT() REPRESENTATION_CONTEXT('2D SPACE',''
  ) );
#3217 = PCURVE('',#3218,#3223);
#3218 = CYLINDRICAL_SURFACE('',#3219,3.E-03);
#3219 = AXIS2_PLACEMENT_3D('',#3220,#3221,#3222);
#3220 = CARTESIAN_POINT('',(0.233811618906,0.180439649768,
    5.087721576384E-02));
#3221 = DIRECTION('',(-0.32358388051,-0.944331078525,5.943304136919E-02)
  );
#3222 = DIRECTION('',(0.901168671774,-0.288428853363,0.323579698931));
#3223 = DEFINITIONAL_REPRESENTATION('',(#3224),#3227);
#3224 = B_SPLINE_CURVE_WITH_KNOTS('',1,(#3225,#3226),.UNSPECIFIED.,.F.,
  .F.,(2,2),(0.,6.28318530718),.PIECEWISE_BEZIER_KNOTS.);
#3225 = CARTESIAN_POINT('',(0.,0.));
#3226 = CARTESIAN_POINT('',(6.28318530718,0.));
#3227 = ( GEOMETRIC_REPRESENTATION_CONTEXT(2) 
PARAMETRIC_REPRESENTATION_CONTEXT() REPRESENTATION_CONTEXT('2D SPACE',''
  ) );
#3228 = ORIENTED_EDGE('',*,*,#3181,.F.);
#3229 = ORIENTED_EDGE('',*,*,#3150,.T.);
#3230 = ADVANCED_FACE('',(#3231),#3218,.T.);
#3231 = FACE_BOUND('',#3232,.T.);
#3232 = EDGE_LOOP('',(#3233,#3255,#3281,#3282));
#3233 = ORIENTED_EDGE('',*,*,#3234,.T.);
#3234 = EDGE_CURVE('',#3182,#3235,#3237,.T.);
#3235 = VERTEX_POINT('',#3236);
#3236 = CARTESIAN_POINT('',(0.235861793845,0.177667714339,
    5.196795296685E-02));
#3237 = SEAM_CURVE('',#3238,(#3242,#3248),.PCURVE_S1.);
#3238 = LINE('',#3239,#3240);
#3239 = CARTESIAN_POINT('',(0.236515124921,0.179574363208,
    5.184795486063E-02));
#3240 = VECTOR('',#3241,1.);
#3241 = DIRECTION('',(-0.32358388051,-0.944331078525,5.943304136919E-02)
  );
#3242 = PCURVE('',#3218,#3243);
#3243 = DEFINITIONAL_REPRESENTATION('',(#3244),#3247);
#3244 = B_SPLINE_CURVE_WITH_KNOTS('',1,(#3245,#3246),.UNSPECIFIED.,.F.,
  .F.,(2,2),(0.,2.019060931769E-03),.PIECEWISE_BEZIER_KNOTS.);
#3245 = CARTESIAN_POINT('',(6.28318530718,0.));
#3246 = CARTESIAN_POINT('',(6.28318530718,2.019060931769E-03));
#3247 = ( GEOMETRIC_REPRESENTATION_CONTEXT(2) 
PARAMETRIC_REPRESENTATION_CONTEXT() REPRESENTATION_CONTEXT('2D SPACE',''
  ) );
#3248 = PCURVE('',#3218,#3249);
#3249 = DEFINITIONAL_REPRESENTATION('',(#3250),#3254);
#3250 = LINE('',#3251,#3252);
#3251 = CARTESIAN_POINT('',(0.,0.));
#3252 = VECTOR('',#3253,1.);
#3253 = DIRECTION('',(0.,1.));
#3254 = ( GEOMETRIC_REPRESENTATION_CONTEXT(2) 
PARAMETRIC_REPRESENTATION_CONTEXT() REPRESENTATION_CONTEXT('2D SPACE',''
  ) );
#3255 = ORIENTED_EDGE('',*,*,#3256,.F.);
#3256 = EDGE_CURVE('',#3235,#3235,#3257,.T.);
#3257 = SURFACE_CURVE('',#3258,(#3263,#3270),.PCURVE_S1.);
#3258 = CIRCLE('',#3259,3.E-03);
#3259 = AXIS2_PLACEMENT_3D('',#3260,#3261,#3262);
#3260 = CARTESIAN_POINT('',(0.233158283334,0.178532987781,
    5.099721469572E-02));
#3261 = DIRECTION('',(-0.32358388051,-0.944331078525,5.943304136919E-02)
  );
#3262 = DIRECTION('',(0.901168671774,-0.288428853363,0.323579698931));
#3263 = PCURVE('',#3218,#3264);
#3264 = DEFINITIONAL_REPRESENTATION('',(#3265),#3269);
#3265 = LINE('',#3266,#3267);
#3266 = CARTESIAN_POINT('',(0.,2.019060931769E-03));
#3267 = VECTOR('',#3268,1.);
#3268 = DIRECTION('',(1.,0.));
#3269 = ( GEOMETRIC_REPRESENTATION_CONTEXT(2) 
PARAMETRIC_REPRESENTATION_CONTEXT() REPRESENTATION_CONTEXT('2D SPACE',''
  ) );
#3270 = PCURVE('',#3271,#3276);
#3271 = CYLINDRICAL_SURFACE('',#3272,3.E-03);
#3272 = AXIS2_PLACEMENT_3D('',#3273,#3274,#3275);
#3273 = CARTESIAN_POINT('',(0.233158283334,0.178532987781,
    5.099721469572E-02));
#3274 = DIRECTION('',(-0.323583844175,-0.944330972485,5.943492403749E-02
    ));
#3275 = DIRECTION('',(0.901168869596,-0.288428276043,0.323579662603));
#3276 = DEFINITIONAL_REPRESENTATION('',(#3277),#3280);
#3277 = B_SPLINE_CURVE_WITH_KNOTS('',1,(#3278,#3279),.UNSPECIFIED.,.F.,
  .F.,(2,2),(0.,6.28318530718),.PIECEWISE_BEZIER_KNOTS.);
#3278 = CARTESIAN_POINT('',(0.,0.));
#3279 = CARTESIAN_POINT('',(6.28318530718,0.));
#3280 = ( GEOMETRIC_REPRESENTATION_CONTEXT(2) 
PARAMETRIC_REPRESENTATION_CONTEXT() REPRESENTATION_CONTEXT('2D SPACE',''
  ) );
#3281 = ORIENTED_EDGE('',*,*,#3234,.F.);
#3282 = ORIENTED_EDGE('',*,*,#3203,.T.);
#3283 = ADVANCED_FACE('',(#3284),#3271,.T.);
#3284 = FACE_BOUND('',#3285,.T.);
#3285 = EDGE_LOOP('',(#3286,#3308,#3334,#3335));
#3286 = ORIENTED_EDGE('',*,*,#3287,.T.);
#3287 = EDGE_CURVE('',#3235,#3288,#3290,.T.);
#3288 = VERTEX_POINT('',#3289);
#3289 = CARTESIAN_POINT('',(0.235208458274,0.175761052352,
    5.208795571343E-02));
#3290 = SEAM_CURVE('',#3291,(#3295,#3301),.PCURVE_S1.);
#3291 = LINE('',#3292,#3293);
#3292 = CARTESIAN_POINT('',(0.235861789943,0.177667702952,
    5.196795368353E-02));
#3293 = VECTOR('',#3294,1.);
#3294 = DIRECTION('',(-0.323583844175,-0.944330972485,5.943492403749E-02
    ));
#3295 = PCURVE('',#3271,#3296);
#3296 = DEFINITIONAL_REPRESENTATION('',(#3297),#3300);
#3297 = B_SPLINE_CURVE_WITH_KNOTS('',1,(#3298,#3299),.UNSPECIFIED.,.F.,
  .F.,(2,2),(0.,2.019061158492E-03),.PIECEWISE_BEZIER_KNOTS.);
#3298 = CARTESIAN_POINT('',(6.28318530718,0.));
#3299 = CARTESIAN_POINT('',(6.28318530718,2.019061158492E-03));
#3300 = ( GEOMETRIC_REPRESENTATION_CONTEXT(2) 
PARAMETRIC_REPRESENTATION_CONTEXT() REPRESENTATION_CONTEXT('2D SPACE',''
  ) );
#3301 = PCURVE('',#3271,#3302);
#3302 = DEFINITIONAL_REPRESENTATION('',(#3303),#3307);
#3303 = LINE('',#3304,#3305);
#3304 = CARTESIAN_POINT('',(0.,0.));
#3305 = VECTOR('',#3306,1.);
#3306 = DIRECTION('',(0.,1.));
#3307 = ( GEOMETRIC_REPRESENTATION_CONTEXT(2) 
PARAMETRIC_REPRESENTATION_CONTEXT() REPRESENTATION_CONTEXT('2D SPACE',''
  ) );
#3308 = ORIENTED_EDGE('',*,*,#3309,.F.);
#3309 = EDGE_CURVE('',#3288,#3288,#3310,.T.);
#3310 = SURFACE_CURVE('',#3311,(#3316,#3323),.PCURVE_S1.);
#3311 = CIRCLE('',#3312,3.E-03);
#3312 = AXIS2_PLACEMENT_3D('',#3313,#3314,#3315);
#3313 = CARTESIAN_POINT('',(0.232504947763,0.176626325793,
    5.11172174423E-02));
#3314 = DIRECTION('',(-0.323583844175,-0.944330972485,5.943492403749E-02
    ));
#3315 = DIRECTION('',(0.901168869596,-0.288428276043,0.323579662603));
#3316 = PCURVE('',#3271,#3317);
#3317 = DEFINITIONAL_REPRESENTATION('',(#3318),#3322);
#3318 = LINE('',#3319,#3320);
#3319 = CARTESIAN_POINT('',(0.,2.019061158492E-03));
#3320 = VECTOR('',#3321,1.);
#3321 = DIRECTION('',(1.,0.));
#3322 = ( GEOMETRIC_REPRESENTATION_CONTEXT(2) 
PARAMETRIC_REPRESENTATION_CONTEXT() REPRESENTATION_CONTEXT('2D SPACE',''
  ) );
#3323 = PCURVE('',#3324,#3329);
#3324 = CYLINDRICAL_SURFACE('',#3325,3.E-03);
#3325 = AXIS2_PLACEMENT_3D('',#3326,#3327,#3328);
#3326 = CARTESIAN_POINT('',(0.232504947763,0.176626325793,
    5.11172174423E-02));
#3327 = DIRECTION('',(-0.32358388051,-0.944331078525,5.943304136919E-02)
  );
#3328 = DIRECTION('',(0.901168671774,-0.288428853363,0.323579698931));
#3329 = DEFINITIONAL_REPRESENTATION('',(#3330),#3333);
#3330 = B_SPLINE_CURVE_WITH_KNOTS('',1,(#3331,#3332),.UNSPECIFIED.,.F.,
  .F.,(2,2),(0.,6.28318530718),.PIECEWISE_BEZIER_KNOTS.);
#3331 = CARTESIAN_POINT('',(0.,0.));
#3332 = CARTESIAN_POINT('',(6.28318530718,0.));
#3333 = ( GEOMETRIC_REPRESENTATION_CONTEXT(2) 
PARAMETRIC_REPRESENTATION_CONTEXT() REPRESENTATION_CONTEXT('2D SPACE',''
  ) );
#3334 = ORIENTED_EDGE('',*,*,#3287,.F.);
#3335 = ORIENTED_EDGE('',*,*,#3256,.T.);
#3336 = ADVANCED_FACE('',(#3337),#3324,.T.);
#3337 = FACE_BOUND('',#3338,.T.);
#3338 = EDGE_LOOP('',(#3339,#3361,#3388,#3389));
#3339 = ORIENTED_EDGE('',*,*,#3340,.T.);
#3340 = EDGE_CURVE('',#3288,#3341,#3343,.T.);
#3341 = VERTEX_POINT('',#3342);
#3342 = CARTESIAN_POINT('',(0.234555118207,0.173854377246,
    5.220795547098E-02));
#3343 = SEAM_CURVE('',#3344,(#3348,#3354),.PCURVE_S1.);
#3344 = LINE('',#3345,#3346);
#3345 = CARTESIAN_POINT('',(0.235208453778,0.175761039233,
    5.20879565391E-02));
#3346 = VECTOR('',#3347,1.);
#3347 = DIRECTION('',(-0.32358388051,-0.944331078525,5.943304136919E-02)
  );
#3348 = PCURVE('',#3324,#3349);
#3349 = DEFINITIONAL_REPRESENTATION('',(#3350),#3353);
#3350 = B_SPLINE_CURVE_WITH_KNOTS('',1,(#3351,#3352),.UNSPECIFIED.,.F.,
  .F.,(2,2),(0.,2.019060931769E-03),.PIECEWISE_BEZIER_KNOTS.);
#3351 = CARTESIAN_POINT('',(6.28318530718,0.));
#3352 = CARTESIAN_POINT('',(6.28318530718,2.019060931769E-03));
#3353 = ( GEOMETRIC_REPRESENTATION_CONTEXT(2) 
PARAMETRIC_REPRESENTATION_CONTEXT() REPRESENTATION_CONTEXT('2D SPACE',''
  ) );
#3354 = PCURVE('',#3324,#3355);
#3355 = DEFINITIONAL_REPRESENTATION('',(#3356),#3360);
#3356 = LINE('',#3357,#3358);
#3357 = CARTESIAN_POINT('',(0.,0.));
#3358 = VECTOR('',#3359,1.);
#3359 = DIRECTION('',(0.,1.));
#3360 = ( GEOMETRIC_REPRESENTATION_CONTEXT(2) 
PARAMETRIC_REPRESENTATION_CONTEXT() REPRESENTATION_CONTEXT('2D SPACE',''
  ) );
#3361 = ORIENTED_EDGE('',*,*,#3362,.F.);
#3362 = EDGE_CURVE('',#3341,#3341,#3363,.T.);
#3363 = SURFACE_CURVE('',#3364,(#3369,#3376),.PCURVE_S1.);
#3364 = CIRCLE('',#3365,3.E-03);
#3365 = AXIS2_PLACEMENT_3D('',#3366,#3367,#3368);
#3366 = CARTESIAN_POINT('',(0.231851612192,0.174719663806,
    5.123721637419E-02));
#3367 = DIRECTION('',(-0.32358388051,-0.944331078525,5.943304136919E-02)
  );
#3368 = DIRECTION('',(0.901168671774,-0.288428853363,0.323579698931));
#3369 = PCURVE('',#3324,#3370);
#3370 = DEFINITIONAL_REPRESENTATION('',(#3371),#3375);
#3371 = LINE('',#3372,#3373);
#3372 = CARTESIAN_POINT('',(0.,2.019060931769E-03));
#3373 = VECTOR('',#3374,1.);
#3374 = DIRECTION('',(1.,0.));
#3375 = ( GEOMETRIC_REPRESENTATION_CONTEXT(2) 
PARAMETRIC_REPRESENTATION_CONTEXT() REPRESENTATION_CONTEXT('2D SPACE',''
  ) );
#3376 = PCURVE('',#3377,#3382);
#3377 = PLANE('',#3378);
#3378 = AXIS2_PLACEMENT_3D('',#3379,#3380,#3381);
#3379 = CARTESIAN_POINT('',(0.231851612192,0.174719663806,
    5.123721637419E-02));
#3380 = DIRECTION('',(-0.32358388051,-0.944331078525,5.943304136919E-02)
  );
#3381 = DIRECTION('',(-0.946003333911,0.324156894466,0.));
#3382 = DEFINITIONAL_REPRESENTATION('',(#3383),#3387);
#3383 = CIRCLE('',#3384,3.E-03);
#3384 = AXIS2_PLACEMENT_2D('',#3385,#3386);
#3385 = CARTESIAN_POINT('',(0.,0.));
#3386 = DIRECTION('',(-0.946004769295,-0.324152705482));
#3387 = ( GEOMETRIC_REPRESENTATION_CONTEXT(2) 
PARAMETRIC_REPRESENTATION_CONTEXT() REPRESENTATION_CONTEXT('2D SPACE',''
  ) );
#3388 = ORIENTED_EDGE('',*,*,#3340,.F.);
#3389 = ORIENTED_EDGE('',*,*,#3309,.T.);
#3390 = ADVANCED_FACE('',(#3391),#92,.F.);
#3391 = FACE_BOUND('',#3392,.F.);
#3392 = EDGE_LOOP('',(#3393));
#3393 = ORIENTED_EDGE('',*,*,#77,.T.);
#3394 = ADVANCED_FACE('',(#3395),#3377,.T.);
#3395 = FACE_BOUND('',#3396,.T.);
#3396 = EDGE_LOOP('',(#3397));
#3397 = ORIENTED_EDGE('',*,*,#3362,.T.);
#3398 = ( GEOMETRIC_REPRESENTATION_CONTEXT(3) 
GLOBAL_UNCERTAINTY_ASSIGNED_CONTEXT((#3402)) 
GLOBAL_UNIT_ASSIGNED_CONTEXT((#3399,#3400,#3401)) REPRESENTATION_CONTEXT
('Context #1','3D Context with UNIT and UNCERTAINTY') );
#3399 = ( LENGTH_UNIT() NAMED_UNIT(*) SI_UNIT(.MILLI.,.METRE.) );
#3400 = ( NAMED_UNIT(*) PLANE_ANGLE_UNIT() SI_UNIT($,.RADIAN.) );
#3401 = ( NAMED_UNIT(*) SI_UNIT($,.STERADIAN.) SOLID_ANGLE_UNIT() );
#3402 = UNCERTAINTY_MEASURE_WITH_UNIT(LENGTH_MEASURE(1.E-07),#3399,
  'distance_accuracy_value','confusion accuracy');
#3403 = PRODUCT_RELATED_PRODUCT_CATEGORY('part',$,(#7));
ENDSEC;
END-ISO-10303-21;
